datetime,open,high,low,close,volume
2007-11-15 16:00:00,22.09,23.54,22.02,23.25,839720
2007-11-15 17:00:00,23.25,25.68,22.19,25.31,4400170
2007-11-15 18:00:00,25.32,26.27,24.39,25.24,1134220
2007-11-15 19:00:00,25.25,27.13,25.08,25.8,943650
2007-11-15 20:00:00,26.03,28.37,25.94,27.38,869170
2007-11-15 21:00:00,27.29,28.27,26.18,26.38,856370
2007-11-15 22:00:00,26.38,27.15,25.68,26.16,514880
2007-11-16 16:00:00,25.29,25.97,24.79,24.79,279000
2007-11-16 17:00:00,24.79,25.14,23.49,24.74,381570
2007-11-16 18:00:00,24.76,25.74,24.74,25.13,225340
2007-11-16 19:00:00,25.14,25.49,24.5,25.24,125220
2007-11-16 20:00:00,25.24,25.39,24.99,25.09,33200
2007-11-16 21:00:00,25.05,25.44,24.64,25.2,46700
2007-11-16 22:00:00,25.21,25.39,23.74,24.96,147420
2007-11-19 16:00:00,24.71,25.05,24.54,24.96,141000
2007-11-19 17:00:00,25.05,25.39,24.79,25.07,88400
2007-11-19 18:00:00,25.09,25.7,24.99,25.07,111200
2007-11-19 19:00:00,25.04,25.07,24.99,25.0,34700
2007-11-19 20:00:00,24.99,25.0,24.53,25.0,42500
2007-11-19 21:00:00,25.0,25.33,24.98,24.99,15700
2007-11-19 22:00:00,25.04,25.75,24.91,25.75,29300
2007-11-20 16:00:00,25.42,26.12,25.26,25.8,51200
2007-11-20 17:00:00,25.75,29.21,25.7,28.37,114400
2007-11-20 18:00:00,28.44,28.47,26.83,27.55,73700
2007-11-20 19:00:00,27.56,27.69,27.0,27.49,45700
2007-11-20 20:00:00,27.42,28.0,26.97,27.85,43500
2007-11-20 21:00:00,27.9,28.35,27.3,28.0,42800
2007-11-20 22:00:00,28.05,28.3,26.98,27.32,149700
2007-11-21 16:00:00,27.0,27.13,26.3,26.46,33300
2007-11-21 17:00:00,26.55,27.0,26.5,26.91,38400
2007-11-21 18:00:00,26.68,26.74,26.05,26.12,24200
2007-11-21 19:00:00,26.09,26.59,25.94,26.44,12000
2007-11-21 20:00:00,26.39,26.59,26.38,26.39,10600
2007-11-21 21:00:00,26.48,26.85,26.33,26.64,14000
2007-11-21 22:00:00,26.64,26.87,26.2,26.65,34530
2007-11-23 16:00:00,27.3,27.85,27.0,27.47,19000
2007-11-23 17:00:00,27.24,28.33,27.2,27.41,56000
2007-11-23 18:00:00,27.27,27.55,26.85,27.2,13000
2007-11-23 19:00:00,27.3,27.52,26.82,27.4,12100
2007-11-23 20:00:00,27.4,27.4,27.4,27.4,500
2007-11-26 16:00:00,27.99,28.35,27.53,28.35,32700
2007-11-26 17:00:00,28.45,28.69,28.02,28.65,71300
2007-11-26 18:00:00,28.62,29.49,28.49,28.69,75400
2007-11-26 19:00:00,28.71,28.9,28.0,28.8,33700
2007-11-26 20:00:00,28.78,28.82,28.17,28.28,22900
2007-11-26 21:00:00,28.33,28.75,28.16,28.45,36400
2007-11-26 22:00:00,28.43,28.43,27.75,27.8,164800
2007-11-27 16:00:00,28.23,28.75,26.82,27.5,29100
2007-11-27 17:00:00,27.55,27.55,26.28,26.93,84500
2007-11-27 18:00:00,26.76,27.03,26.51,26.62,72200
2007-11-27 19:00:00,26.61,26.71,26.49,26.6,37190
2007-11-27 20:00:00,26.6,26.72,26.58,26.69,23700
2007-11-27 21:00:00,26.72,27.1,26.63,26.94,29300
2007-11-27 22:00:00,26.93,27.23,26.85,26.98,28080
2007-11-28 16:00:00,27.12,27.5,27.0,27.5,18200
2007-11-28 17:00:00,27.52,27.62,27.02,27.3,98600
2007-11-28 18:00:00,27.3,27.35,26.68,26.88,75700
2007-11-28 19:00:00,26.84,27.25,26.84,27.05,13400
2007-11-28 20:00:00,27.05,27.1,26.9,27.07,25700
2007-11-28 21:00:00,27.06,27.35,27.04,27.21,19100
2007-11-28 22:00:00,27.16,27.31,27.14,27.3,20300
2007-11-29 16:00:00,26.61,27.24,26.6,26.9,30200
2007-11-29 17:00:00,26.95,27.16,26.85,27.16,14560
2007-11-29 18:00:00,27.16,27.32,27.09,27.31,8200
2007-11-29 19:00:00,27.25,27.27,27.05,27.25,35900
2007-11-29 20:00:00,27.23,27.27,27.2,27.21,1700
2007-11-29 21:00:00,27.2,27.62,27.2,27.58,8500
2007-11-29 22:00:00,27.58,27.99,27.25,27.3,11500
2007-11-30 16:00:00,27.57,27.67,27.07,27.36,43040
2007-11-30 17:00:00,27.4,27.67,27.27,27.61,5700
2007-11-30 18:00:00,27.65,28.67,27.65,28.06,100200
2007-11-30 19:00:00,27.9,27.97,27.88,27.97,59560
2007-11-30 20:00:00,28.05,28.34,27.94,28.2,29520
2007-11-30 21:00:00,28.05,28.22,28.02,28.1,204120
2007-11-30 22:00:00,28.1,28.39,27.22,27.68,78860
2007-12-03 16:00:00,27.7,27.7,27.62,27.65,3800
2007-12-03 17:00:00,27.65,27.88,27.4,27.88,12300
2007-12-03 18:00:00,27.9,28.2,27.67,27.93,16100
2007-12-03 19:00:00,27.94,28.04,27.88,28.0,2700
2007-12-03 20:00:00,27.95,27.95,27.54,27.85,7900
2007-12-03 21:00:00,27.95,27.99,27.5,27.83,15400
2007-12-03 22:00:00,27.83,28.02,27.5,27.97,25100
2007-12-04 16:00:00,27.71,28.3,27.24,28.05,18600
2007-12-04 17:00:00,28.0,28.8,27.97,28.46,50900
2007-12-04 18:00:00,28.47,29.27,28.45,29.06,83700
2007-12-04 19:00:00,29.06,29.15,28.5,28.54,25000
2007-12-04 20:00:00,28.63,29.02,28.5,28.81,43800
2007-12-04 21:00:00,28.91,29.48,28.91,29.48,82000
2007-12-04 22:00:00,29.48,29.75,29.22,29.31,81700
2007-12-05 16:00:00,32.68,32.68,30.02,30.24,60600
2007-12-05 17:00:00,30.25,30.75,29.9,29.95,35200
2007-12-05 18:00:00,29.95,30.09,29.81,29.81,32100
2007-12-05 19:00:00,29.78,29.93,29.77,29.85,11800
2007-12-05 20:00:00,29.86,29.87,28.89,29.15,22700
2007-12-05 21:00:00,29.12,29.63,29.12,29.5,18900
2007-12-05 22:00:00,29.37,29.47,28.99,29.28,24200
2007-12-06 16:00:00,29.0,29.0,28.51,28.76,8700
2007-12-06 17:00:00,28.6,28.75,28.44,28.75,6800
2007-12-06 18:00:00,28.75,28.93,28.75,28.79,27900
2007-12-06 19:00:00,28.79,29.42,28.79,29.06,11300
2007-12-06 20:00:00,29.12,29.12,28.55,28.85,26200
2007-12-06 21:00:00,28.72,29.01,28.62,28.83,6200
2007-12-06 22:00:00,28.81,28.91,28.66,28.91,8600
2007-12-07 16:00:00,29.06,29.06,28.75,28.85,3200
2007-12-07 17:00:00,28.95,29.0,28.66,28.9,8800
2007-12-07 18:00:00,28.9,29.1,28.68,28.79,8500
2007-12-07 19:00:00,28.79,28.79,28.52,28.52,40700
2007-12-07 20:00:00,28.62,28.79,28.5,28.6,7600
2007-12-07 21:00:00,28.68,28.69,28.5,28.52,5300
2007-12-07 22:00:00,28.6,28.88,28.5,28.88,8300
2007-12-10 16:00:00,28.59,29.2,28.59,29.2,2810
2007-12-10 17:00:00,29.2,29.73,29.15,29.45,23800
2007-12-10 18:00:00,29.45,29.9,29.3,29.62,27500
2007-12-10 19:00:00,29.62,29.95,29.4,29.5,17900
2007-12-10 20:00:00,29.5,29.61,29.44,29.61,26900
2007-12-10 21:00:00,29.52,29.76,29.3,29.4,21200
2007-12-10 22:00:00,29.48,29.48,28.91,29.0,52600
2007-12-11 16:00:00,28.99,29.19,28.45,28.7,54300
2007-12-11 17:00:00,28.6,28.79,28.5,28.76,44600
2007-12-11 18:00:00,28.76,28.92,28.52,28.91,34800
2007-12-11 19:00:00,28.9,28.92,28.55,28.63,14900
2007-12-11 20:00:00,28.61,28.98,28.54,28.74,14800
2007-12-11 21:00:00,28.79,28.86,28.25,28.75,12600
2007-12-11 22:00:00,28.85,29.4,28.43,29.0,42400
2007-12-12 16:00:00,29.36,29.36,28.66,28.81,8900
2007-12-12 17:00:00,29.09,29.1,28.8,28.99,5100
2007-12-12 18:00:00,28.85,28.97,28.7,28.96,5500
2007-12-12 19:00:00,28.9,28.9,28.5,28.68,19900
2007-12-12 20:00:00,28.75,28.84,28.3,28.55,13000
2007-12-12 21:00:00,28.55,28.67,28.51,28.52,3600
2007-12-12 22:00:00,28.7,28.72,28.48,28.48,8500
2007-12-13 16:00:00,27.93,29.0,27.93,28.97,3620
2007-12-13 17:00:00,28.86,28.87,28.8,28.87,1300
2007-12-13 18:00:00,28.83,28.99,28.71,28.99,11200
2007-12-13 19:00:00,28.83,28.99,28.74,28.74,2600
2007-12-13 20:00:00,28.95,28.95,28.5,28.74,5300
2007-12-13 21:00:00,28.69,28.9,28.69,28.72,3800
2007-12-13 22:00:00,28.86,29.0,28.37,28.94,50000
2007-12-14 16:00:00,28.83,28.83,28.67,28.77,300
2007-12-14 17:00:00,28.61,28.78,28.61,28.75,1900
2007-12-14 18:00:00,28.75,28.78,28.5,28.5,37900
2007-12-14 19:00:00,28.55,28.55,28.49,28.5,33100
2007-12-14 20:00:00,28.53,28.54,28.5,28.54,6400
2007-12-14 21:00:00,28.53,28.94,28.33,28.58,20000
2007-12-14 22:00:00,28.56,28.94,28.33,28.72,9500
2007-12-17 16:00:00,27.97,29.09,27.97,28.93,11490
2007-12-17 17:00:00,28.93,28.93,28.71,28.81,1700
2007-12-17 18:00:00,28.9,28.91,28.56,28.75,5800
2007-12-17 19:00:00,28.78,28.78,28.53,28.53,26390
2007-12-17 20:00:00,28.53,28.61,28.2,28.33,13500
2007-12-17 21:00:00,28.43,28.54,27.95,28.18,21000
2007-12-17 22:00:00,28.07,28.38,27.69,27.95,47990
2007-12-18 16:00:00,28.0,28.73,28.0,28.72,6400
2007-12-18 17:00:00,28.76,28.8,28.5,28.58,15800
2007-12-18 18:00:00,28.67,28.75,28.49,28.65,16300
2007-12-18 19:00:00,28.67,28.69,28.4,28.5,7800
2007-12-18 20:00:00,28.57,28.79,28.5,28.79,5600
2007-12-18 21:00:00,28.71,28.8,28.11,28.35,15800
2007-12-18 22:00:00,28.4,28.74,28.31,28.5,55700
2007-12-19 16:00:00,28.56,29.0,28.56,28.99,3300
2007-12-19 17:00:00,28.94,29.35,28.9,29.07,89600
2007-12-19 18:00:00,29.06,29.07,28.78,28.94,60100
2007-12-19 19:00:00,28.95,29.0,28.83,28.95,11300
2007-12-19 20:00:00,28.94,28.95,28.84,28.94,6400
2007-12-19 21:00:00,28.95,29.0,28.63,28.95,13900
2007-12-19 22:00:00,28.95,28.96,28.9,28.95,12900
2007-12-20 16:00:00,28.95,29.0,28.95,28.95,3500
2007-12-20 17:00:00,28.96,29.0,28.95,29.0,31300
2007-12-20 18:00:00,29.0,29.0,28.93,28.98,10300
2007-12-20 19:00:00,28.97,29.0,28.97,29.0,34400
2007-12-20 20:00:00,28.99,29.01,28.98,29.0,43600
2007-12-20 21:00:00,29.0,29.0,28.95,28.97,18000
2007-12-20 22:00:00,28.97,29.0,28.89,28.89,56600
2007-12-21 16:00:00,29.9,29.9,29.8,29.87,10850
2007-12-21 17:00:00,29.85,29.96,29.82,29.88,22500
2007-12-21 18:00:00,29.82,30.74,29.82,30.41,32510
2007-12-21 19:00:00,30.41,30.62,30.4,30.48,22820
2007-12-21 20:00:00,30.46,30.63,30.42,30.48,11380
2007-12-21 21:00:00,30.54,30.91,30.42,30.91,39500
2007-12-21 22:00:00,30.99,34.79,30.99,33.72,103140
2007-12-24 16:00:00,33.6,33.72,32.55,33.05,36900
2007-12-24 17:00:00,33.05,34.4,32.75,33.39,67400
2007-12-24 18:00:00,33.33,33.96,33.16,33.83,16600
2007-12-24 19:00:00,33.83,33.92,33.27,33.92,20600
2007-12-24 20:00:00,33.85,33.85,33.85,33.85,500
2007-12-26 16:00:00,33.92,35.9,33.92,34.3,63400
2007-12-26 17:00:00,34.3,36.0,33.8,34.88,47700
2007-12-26 18:00:00,34.96,35.47,34.69,34.93,22900
2007-12-26 19:00:00,34.91,34.91,34.08,34.34,22290
2007-12-26 20:00:00,34.38,35.1,34.29,34.84,8390
2007-12-26 21:00:00,34.86,34.87,34.3,34.43,16580
2007-12-26 22:00:00,34.43,34.85,34.35,34.35,43120
2007-12-27 16:00:00,34.35,35.4,33.8,34.03,20300
2007-12-27 17:00:00,34.05,34.5,34.05,34.37,43100
2007-12-27 18:00:00,34.2,35.25,34.2,35.25,25800
2007-12-27 19:00:00,35.13,35.3,34.89,35.05,3900
2007-12-27 20:00:00,34.97,35.35,34.67,34.67,16000
2007-12-27 21:00:00,34.67,35.75,34.61,35.21,19300
2007-12-27 22:00:00,35.19,37.19,35.11,36.55,60000
2007-12-28 16:00:00,36.49,37.75,36.49,36.85,24090
2007-12-28 17:00:00,37.05,38.32,36.79,38.32,13500
2007-12-28 18:00:00,38.05,38.05,37.31,37.31,29790
2007-12-28 19:00:00,37.37,37.65,37.24,37.5,10500
2007-12-28 20:00:00,37.3,37.69,37.16,37.52,49260
2007-12-28 21:00:00,37.52,37.55,37.26,37.49,16700
2007-12-28 22:00:00,37.53,37.55,37.26,37.28,17300
2007-12-31 16:00:00,39.17,39.23,39.02,39.04,6450
2007-12-31 17:00:00,39.03,39.18,38.34,38.36,11770
2007-12-31 18:00:00,38.5,38.7,37.66,38.61,13250
2007-12-31 19:00:00,38.61,38.61,38.05,38.3,5950
2007-12-31 20:00:00,38.35,38.7,38.2,38.37,12750
2007-12-31 21:00:00,38.35,38.7,38.22,38.66,9330
2007-12-31 22:00:00,38.69,38.7,38.18,38.4,26740
2008-01-02 16:00:00,37.82,37.95,36.7,36.77,21600
2008-01-02 17:00:00,36.7,36.7,36.16,36.3,111500
2008-01-02 18:00:00,36.3,36.43,34.51,34.75,94300
2008-01-02 19:00:00,34.78,35.2,34.68,34.8,29400
2008-01-02 20:00:00,34.8,34.85,33.51,33.68,55000
2008-01-02 21:00:00,33.69,33.99,33.12,33.6,61200
2008-01-02 22:00:00,33.6,34.05,33.18,33.85,57300
2008-01-03 16:00:00,33.74,33.74,31.92,32.59,61900
2008-01-03 17:00:00,32.52,33.39,32.15,32.41,71290
2008-01-03 18:00:00,32.4,33.26,32.16,32.17,49600
2008-01-03 19:00:00,32.27,32.27,31.3,31.55,48320
2008-01-03 20:00:00,31.4,31.4,30.46,31.0,64850
2008-01-03 21:00:00,31.08,31.1,30.7,30.9,14620
2008-01-03 22:00:00,30.89,31.1,30.7,30.9,71190
2008-01-04 16:00:00,28.74,29.9,28.11,28.76,96590
2008-01-04 17:00:00,28.76,29.75,28.75,28.9,54060
2008-01-04 18:00:00,29.0,29.29,28.75,28.9,41130
2008-01-04 19:00:00,28.97,29.25,28.97,29.15,30800
2008-01-04 20:00:00,29.15,29.29,29.15,29.2,19900
2008-01-04 21:00:00,29.2,30.65,29.2,30.49,39900
2008-01-04 22:00:00,30.71,31.0,29.59,30.15,59400
2008-01-07 16:00:00,29.75,29.75,28.97,29.16,21200
2008-01-07 17:00:00,29.16,29.28,27.75,28.19,102000
2008-01-07 18:00:00,28.17,28.6,28.17,28.43,103000
2008-01-07 19:00:00,28.46,29.0,28.43,28.9,34500
2008-01-07 20:00:00,29.0,29.24,28.25,28.27,60000
2008-01-07 21:00:00,28.27,28.27,27.94,27.94,9800
2008-01-07 22:00:00,27.99,28.42,27.74,28.14,52000
2008-01-08 16:00:00,28.0,28.04,27.76,27.89,16000
2008-01-08 17:00:00,27.78,28.15,27.78,28.04,23100
2008-01-08 18:00:00,28.04,28.09,27.98,28.05,10800
2008-01-08 19:00:00,28.05,28.09,27.93,27.93,4500
2008-01-08 20:00:00,27.84,28.0,27.67,28.0,11900
2008-01-08 21:00:00,28.0,28.0,26.01,26.27,53300
2008-01-08 22:00:00,26.27,27.1,26.11,26.63,59300
2008-01-09 16:00:00,27.3,27.3,26.1,26.34,7700
2008-01-09 17:00:00,26.48,29.76,26.34,28.51,102100
2008-01-09 18:00:00,28.51,29.21,27.25,27.76,43800
2008-01-09 19:00:00,27.62,27.62,27.11,27.5,10900
2008-01-09 20:00:00,27.31,27.58,27.28,27.37,18600
2008-01-09 21:00:00,27.47,28.01,27.34,27.61,39600
2008-01-09 22:00:00,27.46,28.91,27.46,27.76,152900
2008-01-10 16:00:00,29.39,29.39,26.88,27.8,67810
2008-01-10 17:00:00,27.8,29.34,27.59,29.1,113570
2008-01-10 18:00:00,29.19,31.5,28.91,30.52,127870
2008-01-10 19:00:00,30.52,30.52,29.91,30.09,44280
2008-01-10 20:00:00,30.08,30.19,29.48,29.69,50570
2008-01-10 21:00:00,29.79,30.09,29.61,29.79,31640
2008-01-10 22:00:00,29.7,29.94,29.49,29.55,92120
2008-01-11 16:00:00,29.42,30.8,29.21,30.79,11300
2008-01-11 17:00:00,30.8,30.8,30.0,30.47,7700
2008-01-11 18:00:00,30.51,32.77,30.51,32.15,14500
2008-01-11 19:00:00,32.0,32.28,30.91,31.63,28100
2008-01-11 20:00:00,31.81,31.81,29.74,30.49,29400
2008-01-11 21:00:00,30.49,30.77,30.38,30.54,14600
2008-01-11 22:00:00,30.56,30.59,30.24,30.43,16000
2008-01-14 16:00:00,30.1,30.31,30.1,30.15,4800
2008-01-14 17:00:00,30.24,30.44,30.11,30.18,27900
2008-01-14 18:00:00,30.18,30.3,30.14,30.25,20500
2008-01-14 19:00:00,30.25,30.48,30.1,30.31,34300
2008-01-14 20:00:00,30.3,30.35,29.75,30.0,37600
2008-01-14 21:00:00,30.13,30.16,29.77,30.16,29500
2008-01-14 22:00:00,30.16,30.5,29.76,30.5,43400
2008-01-15 16:00:00,30.5,30.68,30.5,30.68,2100
2008-01-15 17:00:00,30.68,30.87,29.72,30.74,21900
2008-01-15 18:00:00,30.71,30.87,30.7,30.71,6600
2008-01-15 19:00:00,30.72,30.78,30.7,30.71,2800
2008-01-15 20:00:00,30.71,30.78,30.58,30.6,7600
2008-01-15 21:00:00,30.7,30.88,30.28,30.74,17600
2008-01-15 22:00:00,30.81,30.93,30.63,30.71,8600
2008-01-16 16:00:00,30.76,30.76,30.39,30.74,4200
2008-01-16 17:00:00,30.6,30.6,30.21,30.22,18300
2008-01-16 18:00:00,30.04,30.06,29.75,29.79,20780
2008-01-16 19:00:00,29.96,30.14,29.96,29.99,10300
2008-01-16 20:00:00,29.98,29.98,29.14,29.61,8000
2008-01-16 21:00:00,29.56,29.59,28.5,29.23,41880
2008-01-16 22:00:00,29.23,29.45,28.96,29.3,19600
2008-01-17 16:00:00,29.45,29.45,28.91,28.94,15900
2008-01-17 17:00:00,29.17,29.17,28.79,28.79,2100
2008-01-17 18:00:00,28.65,28.96,28.65,28.86,16500
2008-01-17 19:00:00,28.88,29.1,28.8,28.93,11300
2008-01-17 20:00:00,28.92,29.07,28.79,28.92,6100
2008-01-17 21:00:00,28.98,29.34,28.82,29.15,38380
2008-01-17 22:00:00,28.91,29.14,28.74,28.99,29600
2008-01-18 16:00:00,29.71,29.71,29.17,29.32,2900
2008-01-18 17:00:00,29.33,29.39,29.0,29.29,42200
2008-01-18 18:00:00,29.24,29.61,29.24,29.44,9600
2008-01-18 19:00:00,29.54,29.54,29.23,29.5,3500
2008-01-18 20:00:00,29.45,29.55,29.22,29.41,60100
2008-01-18 21:00:00,29.39,29.48,29.29,29.32,27800
2008-01-18 22:00:00,29.33,29.75,29.32,29.32,38900
2008-01-22 16:00:00,28.22,28.41,27.4,27.97,26960
2008-01-22 17:00:00,27.97,28.48,27.96,28.32,10500
2008-01-22 18:00:00,28.37,29.08,28.03,28.33,65860
2008-01-22 19:00:00,28.36,28.99,28.36,28.94,6300
2008-01-22 20:00:00,28.94,29.0,28.01,28.67,36960
2008-01-22 21:00:00,28.63,28.97,28.63,28.8,9600
2008-01-22 22:00:00,28.73,29.28,28.63,28.83,35530
2008-01-23 16:00:00,28.98,29.12,28.64,28.95,13500
2008-01-23 17:00:00,28.95,29.0,28.84,28.89,25300
2008-01-23 18:00:00,28.95,29.0,28.64,28.99,28900
2008-01-23 19:00:00,28.99,28.99,28.38,28.65,16700
2008-01-23 20:00:00,28.8,28.9,28.43,28.74,28100
2008-01-23 21:00:00,28.76,29.0,28.71,28.97,33100
2008-01-23 22:00:00,28.91,32.47,28.9,31.16,40800
2008-01-24 16:00:00,30.78,31.36,30.24,31.13,19900
2008-01-24 17:00:00,31.33,33.0,31.33,32.5,41700
2008-01-24 18:00:00,32.49,32.99,32.41,32.59,30400
2008-01-24 19:00:00,32.58,32.65,31.26,32.0,43000
2008-01-24 20:00:00,32.0,32.37,31.4,32.22,32900
2008-01-24 21:00:00,32.33,32.75,32.0,32.31,42200
2008-01-24 22:00:00,32.14,32.33,31.35,32.17,63900
2008-01-25 16:00:00,32.85,32.85,31.57,32.61,10560
2008-01-25 17:00:00,32.63,33.04,32.45,32.61,26870
2008-01-25 18:00:00,32.59,32.64,32.06,32.38,34740
2008-01-25 19:00:00,32.38,32.45,32.26,32.41,12050
2008-01-25 20:00:00,32.41,32.41,31.74,32.07,33380
2008-01-25 21:00:00,32.06,32.22,31.96,32.2,7620
2008-01-25 22:00:00,32.28,32.49,31.78,31.78,16990
2008-01-28 16:00:00,31.3,31.3,30.03,30.97,15800
2008-01-28 17:00:00,30.99,31.25,30.52,31.25,18300
2008-01-28 18:00:00,31.33,31.74,31.07,31.07,9200
2008-01-28 19:00:00,31.17,31.62,31.15,31.59,7500
2008-01-28 20:00:00,31.74,33.0,31.74,32.73,28200
2008-01-28 21:00:00,32.77,33.88,32.77,33.75,77400
2008-01-28 22:00:00,33.65,34.0,32.93,33.06,63500
2008-01-29 16:00:00,32.67,33.46,32.61,33.0,29300
2008-01-29 17:00:00,33.13,33.14,32.62,32.84,8000
2008-01-29 18:00:00,32.87,32.94,32.35,32.56,20200
2008-01-29 19:00:00,32.51,32.84,32.42,32.59,19000
2008-01-29 20:00:00,32.6,33.18,32.49,33.12,15810
2008-01-29 21:00:00,33.1,33.1,32.35,32.69,13600
2008-01-29 22:00:00,32.63,32.92,32.49,32.78,31500
2008-01-30 16:00:00,32.77,32.93,31.35,31.73,38200
2008-01-30 17:00:00,31.68,33.0,31.0,33.0,18300
2008-01-30 18:00:00,32.95,32.99,32.42,32.42,9800
2008-01-30 19:00:00,32.5,32.59,32.48,32.57,3500
2008-01-30 20:00:00,32.57,32.81,32.55,32.59,9500
2008-01-30 21:00:00,32.59,33.01,31.68,32.84,7400
2008-01-30 22:00:00,32.94,33.01,32.41,32.7,30100
2008-01-31 16:00:00,32.54,32.75,32.14,32.24,2200
2008-01-31 17:00:00,32.33,32.42,32.22,32.33,5400
2008-01-31 18:00:00,32.37,32.77,32.36,32.66,28970
2008-01-31 19:00:00,32.74,32.79,32.59,32.75,37870
2008-01-31 20:00:00,32.77,32.8,32.74,32.76,1700
2008-01-31 21:00:00,32.75,32.88,32.75,32.88,4900
2008-01-31 22:00:00,32.91,33.05,32.82,32.93,17300
2008-02-01 16:00:00,32.97,32.97,32.4,32.8,5900
2008-02-01 17:00:00,32.8,33.68,32.72,33.52,29800
2008-02-01 18:00:00,33.52,33.52,32.86,33.37,16000
2008-02-01 19:00:00,33.36,33.58,33.36,33.58,3100
2008-02-01 20:00:00,33.67,34.39,33.67,34.18,20200
2008-02-01 21:00:00,34.11,34.16,33.49,34.01,16500
2008-02-01 22:00:00,34.03,35.97,34.0,34.6,42700
2008-02-04 16:00:00,34.6,34.9,34.36,34.36,4300
2008-02-04 17:00:00,34.42,34.42,33.8,33.8,8900
2008-02-04 18:00:00,33.9,34.0,33.09,33.32,7500
2008-02-04 19:00:00,33.22,33.37,33.0,33.11,7100
2008-02-04 20:00:00,33.09,34.0,33.08,33.97,10000
2008-02-04 21:00:00,33.9,34.1,33.45,33.57,11800
2008-02-04 22:00:00,33.59,33.82,33.19,33.48,10900
2008-02-05 16:00:00,33.48,33.48,32.3,32.48,6800
2008-02-05 17:00:00,32.46,32.8,32.08,32.3,11700
2008-02-05 18:00:00,32.3,32.3,31.99,32.3,21800
2008-02-05 19:00:00,32.27,32.3,32.17,32.2,3400
2008-02-05 20:00:00,32.22,32.26,31.98,32.12,16000
2008-02-05 21:00:00,32.12,32.39,32.08,32.39,21400
2008-02-05 22:00:00,32.36,33.22,32.25,32.87,25720
2008-02-06 16:00:00,32.7,32.72,32.62,32.69,4300
2008-02-06 17:00:00,32.57,32.6,32.26,32.27,3500
2008-02-06 18:00:00,32.26,32.26,31.63,31.76,90900
2008-02-06 19:00:00,31.77,31.96,31.09,31.78,11200
2008-02-06 20:00:00,31.8,31.86,31.4,31.4,7700
2008-02-06 21:00:00,31.4,31.85,31.16,31.76,15900
2008-02-06 22:00:00,31.74,31.99,31.31,31.37,12500
2008-02-07 16:00:00,31.4,32.0,31.4,31.43,10400
2008-02-07 17:00:00,31.48,31.89,31.47,31.56,23600
2008-02-07 18:00:00,31.56,31.9,31.44,31.83,15600
2008-02-07 19:00:00,31.85,31.9,31.74,31.8,13200
2008-02-07 20:00:00,31.8,31.81,31.48,31.56,12500
2008-02-07 21:00:00,31.66,31.67,30.02,30.13,23100
2008-02-07 22:00:00,30.08,30.5,29.52,29.72,28800
2008-02-08 16:00:00,30.15,30.96,30.14,30.81,12700
2008-02-08 17:00:00,30.8,31.23,30.76,31.03,29310
2008-02-08 18:00:00,31.03,31.15,31.01,31.06,13690
2008-02-08 19:00:00,31.16,31.2,31.06,31.13,4200
2008-02-08 20:00:00,31.17,31.21,31.07,31.07,6000
2008-02-08 21:00:00,31.06,31.13,30.88,30.98,21180
2008-02-08 22:00:00,30.96,31.33,30.96,31.33,13080
2008-02-11 16:00:00,31.35,31.83,31.26,31.64,5800
2008-02-11 17:00:00,31.67,31.95,31.29,31.46,12800
2008-02-11 18:00:00,31.49,31.56,31.39,31.53,8600
2008-02-11 19:00:00,31.57,31.6,31.32,31.36,8400
2008-02-11 20:00:00,31.36,31.47,31.0,31.06,7890
2008-02-11 21:00:00,31.06,31.63,31.06,31.47,29270
2008-02-11 22:00:00,31.45,31.67,31.41,31.43,12580
2008-02-12 16:00:00,31.76,32.46,31.62,32.09,11940
2008-02-12 17:00:00,32.06,32.16,31.62,31.62,11770
2008-02-12 18:00:00,31.53,32.04,31.19,31.81,20420
2008-02-12 19:00:00,31.79,31.88,31.54,31.82,14630
2008-02-12 20:00:00,31.81,31.97,31.74,31.91,25260
2008-02-12 21:00:00,31.9,31.95,31.69,31.78,28130
2008-02-12 22:00:00,31.76,31.79,30.92,31.3,24180
2008-02-13 16:00:00,31.18,32.16,31.18,32.16,4000
2008-02-13 17:00:00,32.26,32.67,32.26,32.58,5100
2008-02-13 18:00:00,32.59,33.15,32.2,32.24,9000
2008-02-13 19:00:00,32.17,32.48,31.48,32.47,15600
2008-02-13 20:00:00,32.47,32.95,32.15,32.86,19900
2008-02-13 21:00:00,32.83,33.63,32.59,33.01,25210
2008-02-13 22:00:00,32.99,33.85,32.94,33.85,35210
2008-02-14 16:00:00,33.88,34.09,33.01,33.01,3180
2008-02-14 17:00:00,32.99,33.73,32.42,33.22,23640
2008-02-14 18:00:00,33.19,33.2,32.54,33.11,13520
2008-02-14 19:00:00,33.12,33.22,32.81,32.93,8850
2008-02-14 20:00:00,32.97,33.19,32.79,32.95,13820
2008-02-14 21:00:00,33.08,33.65,32.86,33.52,11630
2008-02-14 22:00:00,33.2,33.44,33.03,33.28,21070
2008-02-15 16:00:00,33.28,33.32,31.22,32.13,12700
2008-02-15 17:00:00,32.21,32.21,30.33,30.54,32500
2008-02-15 18:00:00,30.46,31.48,30.46,31.4,14400
2008-02-15 19:00:00,31.4,31.92,31.1,31.55,50350
2008-02-15 20:00:00,31.56,31.75,31.45,31.75,7680
2008-02-15 21:00:00,31.79,31.93,31.41,31.62,19230
2008-02-15 22:00:00,31.56,31.96,31.41,31.74,5490
2008-02-19 16:00:00,31.7,32.44,31.7,32.15,6000
2008-02-19 17:00:00,32.05,32.05,30.5,30.9,31200
2008-02-19 18:00:00,30.9,31.01,30.36,30.98,18100
2008-02-19 19:00:00,30.92,31.09,30.79,31.05,63080
2008-02-19 20:00:00,31.09,31.5,30.96,31.24,22800
2008-02-19 21:00:00,31.19,31.57,31.19,31.36,13800
2008-02-19 22:00:00,31.36,32.51,31.16,32.1,27780
2008-02-20 16:00:00,31.72,31.93,31.28,31.81,7600
2008-02-20 17:00:00,31.71,31.91,30.82,31.91,16700
2008-02-20 18:00:00,31.93,32.98,31.78,32.82,24490
2008-02-20 19:00:00,32.82,34.21,32.55,32.77,28030
2008-02-20 20:00:00,32.74,33.12,32.66,32.79,36790
2008-02-20 21:00:00,32.78,32.88,32.65,32.74,34170
2008-02-20 22:00:00,32.7,32.78,32.3,32.33,30430
2008-02-21 16:00:00,32.3,32.69,31.72,32.21,10700
2008-02-21 17:00:00,32.11,32.61,31.6,32.0,26000
2008-02-21 18:00:00,31.91,32.22,31.66,32.0,32700
2008-02-21 19:00:00,32.13,33.0,32.05,32.76,21500
2008-02-21 20:00:00,32.84,33.75,32.55,33.45,35500
2008-02-21 21:00:00,33.41,33.99,33.29,33.6,46900
2008-02-21 22:00:00,33.52,33.95,32.97,33.6,33390
2008-02-22 16:00:00,33.5,34.15,32.48,32.95,19900
2008-02-22 17:00:00,32.87,33.52,32.56,33.52,17000
2008-02-22 18:00:00,33.43,33.63,32.48,32.81,24600
2008-02-22 19:00:00,32.73,33.36,32.49,32.89,21600
2008-02-22 20:00:00,32.86,33.14,32.8,32.91,6300
2008-02-22 21:00:00,32.87,33.7,32.85,33.31,12300
2008-02-22 22:00:00,33.33,33.91,33.22,33.73,12600
2008-02-25 16:00:00,33.75,34.17,33.43,33.7,8400
2008-02-25 17:00:00,33.78,33.92,33.14,33.33,24400
2008-02-25 18:00:00,33.41,33.62,32.9,32.95,18700
2008-02-25 19:00:00,32.85,33.5,32.85,33.38,16300
2008-02-25 20:00:00,33.46,33.7,33.08,33.59,20200
2008-02-25 21:00:00,33.54,33.66,33.39,33.48,29300
2008-02-25 22:00:00,33.63,33.63,33.08,33.09,31800
2008-02-26 16:00:00,33.34,33.72,32.62,33.4,16200
2008-02-26 17:00:00,33.42,33.66,32.81,33.38,17500
2008-02-26 18:00:00,33.31,34.52,33.14,34.1,28000
2008-02-26 19:00:00,34.21,35.36,33.88,34.1,28900
2008-02-26 20:00:00,34.08,34.12,33.62,33.66,11000
2008-02-26 21:00:00,33.72,33.8,33.46,33.8,37730
2008-02-26 22:00:00,33.73,34.44,33.62,33.92,41130
2008-02-27 16:00:00,33.75,34.29,32.92,33.87,26600
2008-02-27 17:00:00,33.77,33.9,32.56,32.66,27150
2008-02-27 18:00:00,32.64,33.19,32.13,33.09,39200
2008-02-27 19:00:00,33.01,33.04,32.17,32.24,20600
2008-02-27 20:00:00,32.34,33.01,32.17,32.3,36100
2008-02-27 21:00:00,32.34,32.75,31.92,32.08,20100
2008-02-27 22:00:00,32.14,32.39,31.32,32.0,42610
2008-02-28 16:00:00,32.55,32.55,30.01,31.06,41500
2008-02-28 17:00:00,30.99,31.93,30.09,30.09,46400
2008-02-28 18:00:00,30.14,30.31,29.18,29.87,68600
2008-02-28 19:00:00,29.87,30.3,29.28,30.27,33080
2008-02-28 20:00:00,30.26,30.69,29.96,30.59,45750
2008-02-28 21:00:00,30.6,31.42,30.52,31.24,39720
2008-02-28 22:00:00,31.25,31.57,31.05,31.09,53670
2008-02-29 16:00:00,32.36,32.36,29.4,29.91,27620
2008-02-29 17:00:00,29.82,30.14,29.33,30.07,41510
2008-02-29 18:00:00,30.07,30.33,29.86,30.07,21600
2008-02-29 19:00:00,29.94,30.15,29.86,30.01,12500
2008-02-29 20:00:00,30.01,30.14,29.99,30.07,17010
2008-02-29 21:00:00,30.07,30.07,29.57,29.94,26740
2008-02-29 22:00:00,29.93,30.02,29.58,29.73,50050
2008-03-03 16:00:00,29.5,29.69,28.45,28.98,18800
2008-03-03 17:00:00,28.92,29.53,28.92,29.42,17000
2008-03-03 18:00:00,29.44,30.35,29.4,30.09,37700
2008-03-03 19:00:00,30.19,30.19,29.16,29.44,17400
2008-03-03 20:00:00,29.54,29.9,28.92,28.97,33300
2008-03-03 21:00:00,28.91,29.36,28.29,29.09,23700
2008-03-03 22:00:00,29.17,29.67,28.88,29.07,27470
2008-03-04 16:00:00,27.82,29.72,27.82,29.61,5000
2008-03-04 17:00:00,29.61,29.77,27.85,28.3,33100
2008-03-04 18:00:00,28.24,28.33,27.26,28.25,26800
2008-03-04 19:00:00,28.22,28.29,27.27,27.32,27230
2008-03-04 20:00:00,27.37,28.04,27.19,27.86,28030
2008-03-04 21:00:00,27.86,28.69,27.86,28.69,7900
2008-03-04 22:00:00,28.64,29.87,28.56,29.36,29280
2008-03-05 16:00:00,29.92,30.52,29.72,30.21,48800
2008-03-05 17:00:00,30.22,30.75,30.22,30.74,25300
2008-03-05 18:00:00,30.7,31.0,30.37,30.96,29900
2008-03-05 19:00:00,30.99,31.58,30.99,31.41,16400
2008-03-05 20:00:00,31.38,31.41,30.82,30.95,28900
2008-03-05 21:00:00,30.95,31.45,30.76,31.4,17500
2008-03-05 22:00:00,31.38,32.1,31.38,31.65,39450
2008-03-06 16:00:00,31.64,31.84,30.65,30.65,14090
2008-03-06 17:00:00,30.6,31.4,30.54,31.28,39000
2008-03-06 18:00:00,31.26,31.26,30.48,30.7,36800
2008-03-06 19:00:00,30.68,30.68,29.92,29.97,40100
2008-03-06 20:00:00,29.96,30.36,29.96,30.13,14700
2008-03-06 21:00:00,30.05,30.91,30.05,30.34,20000
2008-03-06 22:00:00,30.34,30.39,29.56,29.86,41730
2008-03-07 16:00:00,29.76,30.21,29.06,29.78,7700
2008-03-07 17:00:00,29.78,29.78,29.13,29.22,21100
2008-03-07 18:00:00,29.2,29.2,27.9,28.07,45000
2008-03-07 19:00:00,28.05,28.71,28.01,28.24,22200
2008-03-07 20:00:00,28.29,28.29,26.47,26.87,34500
2008-03-07 21:00:00,26.87,28.04,26.52,28.04,46780
2008-03-07 22:00:00,28.03,28.6,28.02,28.26,59220
2008-03-10 16:00:00,28.34,28.34,27.07,27.3,4000
2008-03-10 17:00:00,27.21,28.21,26.89,28.14,15500
2008-03-10 18:00:00,28.06,28.16,27.57,27.86,12300
2008-03-10 19:00:00,27.87,27.96,27.62,27.69,7200
2008-03-10 20:00:00,27.64,28.07,27.64,28.0,3000
2008-03-10 21:00:00,27.95,28.02,27.26,27.34,11000
2008-03-10 22:00:00,27.33,27.36,26.8,27.06,25920
2008-03-11 16:00:00,27.49,28.19,27.41,27.54,7100
2008-03-11 17:00:00,27.44,28.08,27.25,27.87,50700
2008-03-11 18:00:00,27.88,28.78,27.88,28.57,30100
2008-03-11 19:00:00,28.57,29.21,28.5,28.67,25600
2008-03-11 20:00:00,28.78,28.78,28.5,28.64,4100
2008-03-11 21:00:00,28.6,29.29,28.6,29.04,18400
2008-03-11 22:00:00,29.05,30.34,28.88,30.29,21200
2008-03-12 16:00:00,28.56,31.05,28.45,30.35,18490
2008-03-12 17:00:00,30.4,30.4,29.8,29.92,17990
2008-03-12 18:00:00,29.91,30.24,29.75,30.17,50650
2008-03-12 19:00:00,30.17,30.54,30.17,30.33,21500
2008-03-12 20:00:00,30.34,30.35,29.92,29.97,42660
2008-03-12 21:00:00,29.97,30.25,29.97,30.2,8300
2008-03-12 22:00:00,30.16,30.22,29.65,29.83,23990
2008-03-13 16:00:00,29.6,29.6,28.76,29.0,8400
2008-03-13 17:00:00,28.97,29.81,28.97,29.09,20600
2008-03-13 18:00:00,29.15,29.49,29.02,29.13,10000
2008-03-13 19:00:00,29.14,29.98,29.1,29.73,36200
2008-03-13 20:00:00,29.63,29.9,29.5,29.73,38100
2008-03-13 21:00:00,29.75,30.36,29.74,30.22,17000
2008-03-13 22:00:00,30.22,30.24,29.67,29.94,40690
2008-03-14 16:00:00,29.94,29.94,29.07,29.12,3400
2008-03-14 17:00:00,29.16,29.45,28.69,28.71,62400
2008-03-14 18:00:00,28.77,28.83,28.02,28.17,18600
2008-03-14 19:00:00,28.24,28.61,28.24,28.36,11000
2008-03-14 20:00:00,28.32,28.33,27.41,27.63,70400
2008-03-14 21:00:00,27.55,27.68,26.7,27.03,41400
2008-03-14 22:00:00,27.04,27.07,26.25,26.86,72500
2008-03-17 16:00:00,26.57,26.59,25.88,26.03,35780
2008-03-17 17:00:00,26.08,26.78,26.03,26.5,22720
2008-03-17 18:00:00,26.49,26.63,25.96,25.99,43260
2008-03-17 19:00:00,25.93,25.98,24.72,24.73,73990
2008-03-17 20:00:00,24.74,24.94,24.34,24.73,65550
2008-03-17 21:00:00,24.79,24.82,24.4,24.65,58300
2008-03-17 22:00:00,24.63,24.75,23.5,23.57,38290
2008-03-18 16:00:00,25.78,25.78,24.08,24.15,97300
2008-03-18 17:00:00,24.18,24.94,23.84,24.79,104360
2008-03-18 18:00:00,24.74,25.07,23.73,24.81,137270
2008-03-18 19:00:00,24.79,25.24,24.55,25.1,62800
2008-03-18 20:00:00,25.2,26.0,24.89,26.0,51500
2008-03-18 21:00:00,25.95,27.17,25.7,27.17,23100
2008-03-18 22:00:00,27.31,27.55,26.81,27.0,55190
2008-03-19 16:00:00,26.62,27.75,26.62,27.0,29600
2008-03-19 17:00:00,27.0,27.41,26.79,27.06,36220
2008-03-19 18:00:00,27.03,27.21,26.9,26.9,14700
2008-03-19 19:00:00,26.97,27.07,26.9,27.07,30700
2008-03-19 20:00:00,27.07,27.07,26.88,26.88,27700
2008-03-19 21:00:00,26.88,26.88,25.9,26.32,45800
2008-03-19 22:00:00,26.24,27.14,26.22,26.69,62770
2008-03-20 16:00:00,26.44,26.44,25.96,26.3,7000
2008-03-20 17:00:00,26.3,26.3,25.9,26.18,20600
2008-03-20 18:00:00,26.11,26.48,26.04,26.16,25100
2008-03-20 19:00:00,26.12,26.72,26.08,26.37,25000
2008-03-20 20:00:00,26.41,27.09,26.4,26.92,13200
2008-03-20 21:00:00,26.93,27.69,26.74,27.56,23400
2008-03-20 22:00:00,27.53,28.21,27.47,28.21,28100
2008-03-24 16:00:00,28.36,28.46,28.22,28.4,2300
2008-03-24 17:00:00,28.4,29.43,28.39,29.11,20200
2008-03-24 18:00:00,29.17,29.23,28.57,29.09,28100
2008-03-24 19:00:00,29.14,30.42,29.13,29.85,30410
2008-03-24 20:00:00,29.95,30.0,29.56,29.94,11800
2008-03-24 21:00:00,29.94,29.94,29.32,29.48,22000
2008-03-24 22:00:00,29.44,30.91,28.92,30.07,100410
2008-03-25 16:00:00,29.74,29.88,28.62,29.88,13500
2008-03-25 17:00:00,29.88,30.45,29.63,30.0,47800
2008-03-25 18:00:00,30.04,30.17,30.0,30.1,5500
2008-03-25 19:00:00,30.1,30.67,30.08,30.67,10300
2008-03-25 20:00:00,30.67,30.7,30.25,30.27,32400
2008-03-25 21:00:00,30.32,30.58,30.1,30.26,18400
2008-03-25 22:00:00,30.26,30.9,30.14,30.39,28750
2008-03-26 16:00:00,30.48,30.78,30.17,30.17,8600
2008-03-26 17:00:00,30.16,30.71,30.07,30.63,16500
2008-03-26 18:00:00,30.58,30.68,30.19,30.34,67510
2008-03-26 19:00:00,30.39,30.59,30.21,30.26,21900
2008-03-26 20:00:00,30.35,30.38,29.44,29.74,80720
2008-03-26 21:00:00,29.78,29.99,29.56,29.81,16500
2008-03-26 22:00:00,29.81,29.95,29.4,29.42,25000
2008-03-27 16:00:00,29.68,30.83,29.68,30.2,29710
2008-03-27 17:00:00,30.23,30.3,29.38,29.89,18600
2008-03-27 18:00:00,29.83,30.32,29.78,29.99,11600
2008-03-27 19:00:00,29.99,30.3,29.79,30.07,22900
2008-03-27 20:00:00,30.06,30.27,29.88,29.88,10400
2008-03-27 21:00:00,29.83,29.84,29.31,29.6,25300
2008-03-27 22:00:00,29.57,30.05,29.46,29.72,35200
2008-03-28 16:00:00,29.6,30.21,29.38,29.68,18100
2008-03-28 17:00:00,29.67,30.12,29.66,29.99,17900
2008-03-28 18:00:00,29.9,30.06,29.88,30.0,12000
2008-03-28 19:00:00,30.02,30.06,29.96,29.98,11600
2008-03-28 20:00:00,30.01,30.96,29.94,30.94,18200
2008-03-28 21:00:00,30.89,31.15,30.58,31.0,14200
2008-03-28 22:00:00,30.99,31.5,30.83,31.25,40820
2008-03-31 16:00:00,30.91,30.91,29.3,29.33,18950
2008-03-31 17:00:00,29.33,29.66,28.07,28.67,43300
2008-03-31 18:00:00,28.7,29.58,28.46,28.87,21900
2008-03-31 19:00:00,28.87,28.91,28.49,28.65,7700
2008-03-31 20:00:00,28.59,29.43,28.59,29.37,14100
2008-03-31 21:00:00,29.37,29.75,29.13,29.31,21420
2008-03-31 22:00:00,29.39,29.75,29.31,29.75,36100
2008-04-01 16:00:00,29.82,30.64,29.66,30.63,5300
2008-04-01 17:00:00,30.64,31.16,29.82,30.15,25900
2008-04-01 18:00:00,30.14,31.03,30.08,30.93,20480
2008-04-01 19:00:00,30.91,31.09,30.46,30.86,20900
2008-04-01 20:00:00,30.86,30.98,30.58,30.81,8600
2008-04-01 21:00:00,30.81,31.51,30.72,31.15,17700
2008-04-01 22:00:00,31.01,31.04,30.67,30.89,17000
2008-04-02 16:00:00,31.0,31.0,29.68,30.56,11100
2008-04-02 17:00:00,30.54,31.0,30.51,31.0,2500
2008-04-02 18:00:00,31.15,32.25,31.05,31.86,30340
2008-04-02 19:00:00,32.0,32.24,31.1,31.22,11500
2008-04-02 20:00:00,31.18,31.46,30.76,31.06,25200
2008-04-02 21:00:00,31.02,31.8,31.02,31.34,14400
2008-04-02 22:00:00,31.37,31.77,30.93,31.77,24290
2008-04-03 16:00:00,31.6,31.82,30.7,31.7,7000
2008-04-03 17:00:00,31.7,32.94,31.64,32.2,13200
2008-04-03 18:00:00,32.15,32.58,31.82,31.87,20700
2008-04-03 19:00:00,31.87,32.32,31.87,32.1,8500
2008-04-03 20:00:00,32.08,32.87,31.95,32.34,16000
2008-04-03 21:00:00,32.28,32.28,31.94,32.04,15060
2008-04-03 22:00:00,32.1,32.39,31.92,32.03,27710
2008-04-04 16:00:00,31.81,32.26,31.67,31.89,5500
2008-04-04 17:00:00,31.85,31.98,31.74,31.92,3700
2008-04-04 18:00:00,32.0,32.25,31.99,32.24,4200
2008-04-04 19:00:00,32.27,33.64,32.27,33.03,20200
2008-04-04 20:00:00,33.14,33.42,32.98,33.09,5900
2008-04-04 21:00:00,33.1,33.6,33.05,33.21,5300
2008-04-04 22:00:00,33.22,33.22,32.61,32.78,8820
2008-04-07 16:00:00,32.82,32.82,31.4,32.37,8400
2008-04-07 17:00:00,32.37,32.58,32.13,32.13,4000
2008-04-07 18:00:00,32.0,32.02,31.64,31.64,3900
2008-04-07 19:00:00,31.66,31.95,31.66,31.79,2200
2008-04-07 20:00:00,31.78,31.99,31.77,31.77,3200
2008-04-07 21:00:00,31.85,31.95,31.79,31.88,6200
2008-04-07 22:00:00,31.88,31.88,31.15,31.41,18800
2008-04-08 16:00:00,31.28,31.48,30.64,30.71,8900
2008-04-08 17:00:00,30.86,31.29,30.64,31.04,23400
2008-04-08 18:00:00,31.02,31.54,31.02,31.32,22700
2008-04-08 19:00:00,31.36,31.99,31.26,31.57,33100
2008-04-08 20:00:00,31.72,31.72,31.31,31.31,14200
2008-04-08 21:00:00,31.31,31.39,30.35,30.5,14300
2008-04-08 22:00:00,30.61,31.29,30.17,30.79,39280
2008-04-09 16:00:00,28.95,29.38,27.01,28.79,137600
2008-04-09 17:00:00,28.7,28.72,26.8,27.05,70310
2008-04-09 18:00:00,27.03,27.27,25.87,26.2,49600
2008-04-09 19:00:00,26.31,26.54,25.33,25.34,54300
2008-04-09 20:00:00,25.26,26.97,24.65,26.94,115590
2008-04-09 21:00:00,26.97,27.92,26.49,27.37,236640
2008-04-09 22:00:00,27.33,28.06,27.33,27.98,159950
2008-04-10 16:00:00,30.14,30.14,27.57,27.89,20000
2008-04-10 17:00:00,27.83,28.53,27.67,28.31,48400
2008-04-10 18:00:00,28.33,28.55,28.33,28.44,12600
2008-04-10 19:00:00,28.44,28.44,27.85,28.19,13300
2008-04-10 20:00:00,28.19,28.32,28.08,28.27,13590
2008-04-10 21:00:00,28.29,28.51,28.06,28.46,18360
2008-04-10 22:00:00,28.5,28.61,28.19,28.49,27040
2008-04-11 16:00:00,27.97,28.5,27.11,28.39,29110
2008-04-11 17:00:00,28.22,28.96,27.55,27.95,31000
2008-04-11 18:00:00,27.95,28.41,27.71,28.25,39710
2008-04-11 19:00:00,28.37,28.37,27.93,28.16,18200
2008-04-11 20:00:00,28.16,28.16,27.86,27.86,25910
2008-04-11 21:00:00,27.79,28.16,27.72,28.01,7900
2008-04-11 22:00:00,28.0,28.0,27.83,27.96,15800
2008-04-14 16:00:00,27.8,28.01,27.63,27.93,4000
2008-04-14 17:00:00,27.96,28.29,27.41,27.8,39820
2008-04-14 18:00:00,27.84,27.92,27.64,27.7,9000
2008-04-14 19:00:00,27.71,27.9,27.7,27.74,19900
2008-04-14 20:00:00,27.75,27.94,27.57,27.84,27900
2008-04-14 21:00:00,27.87,27.94,27.79,27.9,15400
2008-04-14 22:00:00,27.89,27.99,27.55,27.72,34910
2008-04-15 16:00:00,27.91,28.06,27.77,27.77,15200
2008-04-15 17:00:00,27.72,28.13,27.72,28.01,12200
2008-04-15 18:00:00,28.02,28.02,27.35,27.66,6500
2008-04-15 19:00:00,27.65,27.65,26.97,27.24,5000
2008-04-15 20:00:00,27.29,27.74,27.29,27.53,6300
2008-04-15 21:00:00,27.62,27.65,27.39,27.43,7300
2008-04-15 22:00:00,27.41,27.5,26.76,27.17,31870
2008-04-16 16:00:00,27.41,27.41,26.72,26.74,19300
2008-04-16 17:00:00,26.75,27.77,26.5,27.69,30100
2008-04-16 18:00:00,27.69,27.69,27.19,27.35,9800
2008-04-16 19:00:00,27.32,27.65,27.31,27.64,7900
2008-04-16 20:00:00,27.69,27.97,27.52,27.7,27300
2008-04-16 21:00:00,27.8,28.08,27.62,27.75,32910
2008-04-16 22:00:00,27.75,28.43,27.75,28.05,32690
2008-04-17 16:00:00,28.02,28.12,28.02,28.05,1100
2008-04-17 17:00:00,27.97,28.53,27.44,28.0,24000
2008-04-17 18:00:00,28.0,28.69,27.94,28.35,16500
2008-04-17 19:00:00,28.35,28.49,28.32,28.32,56800
2008-04-17 20:00:00,28.36,28.56,28.31,28.46,4800
2008-04-17 21:00:00,28.43,28.67,28.28,28.51,13300
2008-04-17 22:00:00,28.48,28.77,28.43,28.55,21300
2008-04-18 16:00:00,28.8,29.39,28.47,28.61,5900
2008-04-18 17:00:00,28.64,28.86,28.07,28.52,54440
2008-04-18 18:00:00,28.5,28.72,28.38,28.6,8600
2008-04-18 19:00:00,28.59,28.61,28.48,28.59,8700
2008-04-18 20:00:00,28.57,28.96,28.51,28.56,24620
2008-04-18 21:00:00,28.59,29.32,28.57,28.97,49820
2008-04-18 22:00:00,28.97,29.18,28.76,28.76,46200
2008-04-21 16:00:00,28.8,28.96,28.53,28.53,52990
2008-04-21 17:00:00,28.34,28.79,28.32,28.68,14710
2008-04-21 18:00:00,28.66,28.66,28.31,28.33,64700
2008-04-21 19:00:00,28.39,28.51,28.37,28.51,15100
2008-04-21 20:00:00,28.53,28.62,28.45,28.56,70700
2008-04-21 21:00:00,28.59,28.75,28.01,28.5,54600
2008-04-21 22:00:00,28.45,28.51,28.32,28.49,15900
2008-04-22 16:00:00,28.31,28.52,27.8,28.04,89240
2008-04-22 17:00:00,28.09,28.52,27.66,28.25,81420
2008-04-22 18:00:00,28.26,28.5,28.24,28.25,6630
2008-04-22 19:00:00,28.21,28.32,27.94,28.02,22540
2008-04-22 20:00:00,28.02,28.19,27.95,28.09,13690
2008-04-22 21:00:00,28.09,28.09,27.88,28.05,11380
2008-04-22 22:00:00,28.05,28.67,28.05,28.55,84190
2008-04-23 16:00:00,28.52,29.05,27.91,28.85,20400
2008-04-23 17:00:00,28.73,29.1,28.5,28.99,44680
2008-04-23 18:00:00,29.0,29.0,28.45,28.56,33090
2008-04-23 19:00:00,28.6,29.0,28.54,28.91,34700
2008-04-23 20:00:00,28.91,29.59,28.85,29.22,26800
2008-04-23 21:00:00,29.22,29.45,29.11,29.38,17900
2008-04-23 22:00:00,29.38,29.9,29.38,29.46,40810
2008-04-24 16:00:00,29.71,29.71,29.13,29.23,27350
2008-04-24 17:00:00,29.28,29.45,29.21,29.24,42910
2008-04-24 18:00:00,29.26,29.35,29.18,29.35,16640
2008-04-24 19:00:00,29.43,29.6,29.43,29.55,16540
2008-04-24 20:00:00,29.53,29.59,29.51,29.51,5370
2008-04-24 21:00:00,29.5,29.67,29.48,29.53,4870
2008-04-24 22:00:00,29.65,29.73,29.38,29.38,26510
2008-04-25 16:00:00,29.0,29.37,28.74,28.74,11060
2008-04-25 17:00:00,28.8,29.07,28.76,28.82,18700
2008-04-25 18:00:00,28.83,28.95,28.41,28.5,28000
2008-04-25 19:00:00,28.57,28.7,28.52,28.7,55300
2008-04-25 20:00:00,28.68,28.8,28.57,28.57,43260
2008-04-25 21:00:00,28.59,28.8,28.55,28.78,48580
2008-04-25 22:00:00,28.78,28.79,28.29,28.4,64100
2008-04-28 16:00:00,28.0,28.56,27.76,28.16,42820
2008-04-28 17:00:00,28.16,28.69,27.94,28.6,78300
2008-04-28 18:00:00,28.63,28.74,28.36,28.72,84650
2008-04-28 19:00:00,28.72,28.9,28.51,28.83,51600
2008-04-28 20:00:00,28.83,29.15,28.65,29.15,85990
2008-04-28 21:00:00,29.13,29.3,28.78,28.81,99560
2008-04-28 22:00:00,28.87,29.31,28.81,29.13,140080
2008-04-29 16:00:00,29.49,30.1,29.35,30.0,2347330
2008-04-29 17:00:00,30.0,30.49,30.0,30.05,834030
2008-04-29 18:00:00,30.04,30.5,30.0,30.09,561660
2008-04-29 19:00:00,30.09,30.37,30.01,30.16,271230
2008-04-29 20:00:00,30.16,30.68,30.11,30.29,295170
2008-04-29 21:00:00,30.29,30.7,30.14,30.62,252450
2008-04-29 22:00:00,30.61,31.0,30.14,30.17,637760
2008-04-30 16:00:00,30.39,30.8,30.0,30.35,62230
2008-04-30 17:00:00,30.36,30.45,30.16,30.19,121760
2008-04-30 18:00:00,30.22,30.57,30.19,30.5,63680
2008-04-30 19:00:00,30.56,30.57,30.31,30.51,44970
2008-04-30 20:00:00,30.52,30.68,30.36,30.62,45940
2008-04-30 21:00:00,30.62,31.2,30.47,31.0,187730
2008-04-30 22:00:00,31.02,31.23,30.92,31.02,241660
2008-05-01 16:00:00,31.01,31.65,29.2,31.65,117330
2008-05-01 17:00:00,31.69,31.74,30.91,31.19,73000
2008-05-01 18:00:00,31.19,31.42,31.04,31.36,46690
2008-05-01 19:00:00,31.36,31.59,31.17,31.59,50280
2008-05-01 20:00:00,31.59,33.2,31.52,32.88,194510
2008-05-01 21:00:00,32.84,33.15,32.28,33.02,126200
2008-05-01 22:00:00,33.07,33.07,32.54,32.6,256050
2008-05-02 16:00:00,32.68,32.83,32.1,32.71,50360
2008-05-02 17:00:00,32.7,32.7,31.97,32.01,64120
2008-05-02 18:00:00,31.95,32.06,31.42,31.76,60670
2008-05-02 19:00:00,31.75,31.75,31.54,31.72,23580
2008-05-02 20:00:00,31.73,31.95,31.35,31.71,28200
2008-05-02 21:00:00,31.7,31.8,31.46,31.67,46550
2008-05-02 22:00:00,31.66,31.79,31.41,31.74,80630
2008-05-05 16:00:00,32.27,32.27,31.31,31.43,31400
2008-05-05 17:00:00,31.39,31.66,31.21,31.46,24860
2008-05-05 18:00:00,31.49,31.62,31.49,31.5,42900
2008-05-05 19:00:00,31.51,31.63,31.24,31.62,33800
2008-05-05 20:00:00,31.54,31.69,31.26,31.31,55200
2008-05-05 21:00:00,31.33,31.52,31.11,31.49,67200
2008-05-05 22:00:00,31.49,31.76,31.24,31.61,136180
2008-05-06 16:00:00,32.04,32.17,31.89,31.93,38570
2008-05-06 17:00:00,31.89,32.2,31.86,31.98,23980
2008-05-06 18:00:00,31.93,31.97,31.62,31.97,18800
2008-05-06 19:00:00,31.95,32.0,31.77,31.99,35250
2008-05-06 20:00:00,31.96,32.1,31.87,31.94,77390
2008-05-06 21:00:00,31.9,31.94,31.75,31.93,27640
2008-05-06 22:00:00,31.93,32.12,31.71,31.93,69000
2008-05-07 16:00:00,31.52,31.71,31.18,31.32,154480
2008-05-07 17:00:00,31.43,31.51,30.74,31.44,48980
2008-05-07 18:00:00,31.37,31.46,31.13,31.25,124520
2008-05-07 19:00:00,31.23,31.44,31.16,31.44,22700
2008-05-07 20:00:00,31.44,31.95,31.4,31.75,133600
2008-05-07 21:00:00,31.72,31.8,31.23,31.76,80980
2008-05-07 22:00:00,31.76,32.14,31.68,32.13,202530
2008-05-08 16:00:00,32.0,32.13,30.25,31.97,22390
2008-05-08 17:00:00,31.97,32.1,31.92,32.1,15850
2008-05-08 18:00:00,32.1,32.13,32.03,32.03,16900
2008-05-08 19:00:00,32.05,32.07,31.8,31.94,12670
2008-05-08 20:00:00,31.92,32.25,31.89,31.98,25980
2008-05-08 21:00:00,31.94,32.1,31.88,31.99,27400
2008-05-08 22:00:00,32.0,32.17,31.89,32.09,40800
2008-05-09 16:00:00,31.7,32.02,31.47,31.98,16830
2008-05-09 17:00:00,31.98,32.25,31.8,32.02,41900
2008-05-09 18:00:00,32.01,32.07,31.84,31.86,9580
2008-05-09 19:00:00,31.89,32.07,31.82,32.04,8400
2008-05-09 20:00:00,32.04,32.1,32.03,32.04,35600
2008-05-09 21:00:00,32.04,32.2,31.95,32.0,35700
2008-05-09 22:00:00,32.0,32.25,32.0,32.13,29400
2008-05-12 16:00:00,32.24,32.24,31.91,32.03,13000
2008-05-12 17:00:00,31.99,32.42,31.92,32.14,56290
2008-05-12 18:00:00,32.16,32.46,32.16,32.23,30050
2008-05-12 19:00:00,32.19,32.46,32.16,32.16,29290
2008-05-12 20:00:00,32.16,32.32,31.97,32.13,20940
2008-05-12 21:00:00,32.06,32.22,31.93,32.14,20490
2008-05-12 22:00:00,32.14,32.5,32.11,32.49,28130
2008-05-13 16:00:00,32.25,32.55,31.75,32.44,31700
2008-05-13 17:00:00,32.47,32.49,32.31,32.45,27310
2008-05-13 18:00:00,32.45,32.5,32.37,32.41,19950
2008-05-13 19:00:00,32.39,32.49,32.35,32.43,24300
2008-05-13 20:00:00,32.43,32.53,32.33,32.39,48060
2008-05-13 21:00:00,32.39,32.48,32.05,32.25,27220
2008-05-13 22:00:00,32.31,32.53,32.28,32.37,32060
2008-05-14 16:00:00,32.2,32.38,31.53,32.3,20210
2008-05-14 17:00:00,32.3,32.33,32.06,32.25,17410
2008-05-14 18:00:00,32.25,32.43,32.23,32.26,23100
2008-05-14 19:00:00,32.26,32.38,32.26,32.34,60460
2008-05-14 20:00:00,32.34,32.56,32.24,32.52,22670
2008-05-14 21:00:00,32.52,32.56,32.44,32.46,18100
2008-05-14 22:00:00,32.46,32.55,32.38,32.55,61380
2008-05-15 16:00:00,32.52,32.83,32.1,32.77,26700
2008-05-15 17:00:00,32.78,32.99,32.58,32.84,14850
2008-05-15 18:00:00,32.86,33.35,32.86,33.3,23270
2008-05-15 19:00:00,33.33,33.77,33.33,33.63,36450
2008-05-15 20:00:00,33.63,33.63,33.21,33.43,33570
2008-05-15 21:00:00,33.48,33.75,33.48,33.6,32160
2008-05-15 22:00:00,33.61,33.8,33.59,33.65,77310
2008-05-16 16:00:00,33.11,33.2,32.32,32.48,47360
2008-05-16 17:00:00,32.42,33.19,32.34,32.99,32450
2008-05-16 18:00:00,32.97,33.24,32.83,33.04,43550
2008-05-16 19:00:00,33.02,33.05,32.73,32.74,23190
2008-05-16 20:00:00,32.77,32.84,32.52,32.82,15230
2008-05-16 21:00:00,32.82,33.04,32.54,32.95,21400
2008-05-16 22:00:00,32.95,33.15,32.61,33.08,43680
2008-05-19 16:00:00,32.65,33.1,32.61,33.1,11500
2008-05-19 17:00:00,33.1,33.2,33.01,33.13,15100
2008-05-19 18:00:00,33.13,33.17,33.13,33.17,10790
2008-05-19 19:00:00,33.16,33.25,33.16,33.23,16450
2008-05-19 20:00:00,33.24,33.27,33.2,33.23,22790
2008-05-19 21:00:00,33.2,33.29,33.12,33.15,45550
2008-05-19 22:00:00,33.17,33.3,33.14,33.22,121030
2008-05-20 16:00:00,33.03,33.24,32.52,33.05,85080
2008-05-20 17:00:00,33.07,33.17,32.26,32.43,91340
2008-05-20 18:00:00,32.35,32.82,31.7,32.8,56890
2008-05-20 19:00:00,32.81,33.19,32.74,33.09,50640
2008-05-20 20:00:00,33.1,33.17,32.99,33.03,86280
2008-05-20 21:00:00,33.04,33.1,32.9,33.01,51550
2008-05-20 22:00:00,32.99,33.12,32.86,32.98,54790
2008-05-21 16:00:00,32.57,32.76,32.26,32.41,65650
2008-05-21 17:00:00,32.25,32.26,31.75,31.82,25850
2008-05-21 18:00:00,31.82,32.0,31.14,31.99,48600
2008-05-21 19:00:00,32.02,32.44,31.98,32.4,72590
2008-05-21 20:00:00,32.4,32.46,32.04,32.14,8300
2008-05-21 21:00:00,32.04,32.27,32.01,32.18,56150
2008-05-21 22:00:00,32.25,32.36,32.02,32.13,48950
2008-05-22 16:00:00,32.18,32.39,32.0,32.39,24900
2008-05-22 17:00:00,32.34,32.59,32.34,32.5,23440
2008-05-22 18:00:00,32.55,32.7,32.32,32.68,21500
2008-05-22 19:00:00,32.7,32.79,32.34,32.63,8800
2008-05-22 20:00:00,32.63,32.88,32.4,32.73,56600
2008-05-22 21:00:00,32.76,32.94,32.73,32.77,46790
2008-05-22 22:00:00,32.77,33.23,32.57,33.05,93180
2008-05-23 16:00:00,32.86,33.5,32.76,33.36,16360
2008-05-23 17:00:00,33.47,33.69,33.05,33.09,43170
2008-05-23 18:00:00,33.08,33.15,33.06,33.15,33020
2008-05-23 19:00:00,33.15,33.18,33.05,33.13,29700
2008-05-23 20:00:00,33.13,33.26,33.06,33.2,55010
2008-05-23 21:00:00,33.22,33.56,33.16,33.42,49390
2008-05-23 22:00:00,33.4,34.59,33.28,34.54,164270
2008-05-27 16:00:00,34.68,35.55,34.56,35.45,27000
2008-05-27 17:00:00,35.5,36.41,35.38,36.2,98850
2008-05-27 18:00:00,36.1,36.21,35.58,35.9,55300
2008-05-27 19:00:00,35.91,36.11,35.57,35.7,67330
2008-05-27 20:00:00,35.73,35.73,35.06,35.48,222880
2008-05-27 21:00:00,35.48,35.94,35.48,35.94,44220
2008-05-27 22:00:00,35.93,35.93,35.66,35.92,123160
2008-05-28 16:00:00,36.28,36.36,36.02,36.28,13600
2008-05-28 17:00:00,36.26,36.36,36.16,36.24,64160
2008-05-28 18:00:00,36.24,36.37,36.24,36.31,20350
2008-05-28 19:00:00,36.33,36.93,36.06,36.88,380240
2008-05-28 20:00:00,36.91,37.17,36.63,36.78,33800
2008-05-28 21:00:00,36.8,37.11,36.64,37.09,81040
2008-05-28 22:00:00,37.09,37.76,37.06,37.34,427760
2008-05-29 16:00:00,36.95,36.95,35.21,35.21,38850
2008-05-29 17:00:00,35.21,35.78,35.0,35.19,62720
2008-05-29 18:00:00,35.14,35.17,34.97,35.14,103270
2008-05-29 19:00:00,35.22,35.22,34.97,35.17,131980
2008-05-29 20:00:00,35.16,35.28,35.06,35.12,216390
2008-05-29 21:00:00,35.12,35.2,34.94,34.99,208140
2008-05-29 22:00:00,34.94,35.27,34.92,35.22,148450
2008-05-30 16:00:00,35.58,35.78,35.26,35.58,17700
2008-05-30 17:00:00,35.6,35.69,35.35,35.45,19240
2008-05-30 18:00:00,35.42,35.93,35.4,35.6,58710
2008-05-30 19:00:00,35.58,35.75,35.51,35.67,19800
2008-05-30 20:00:00,35.61,35.73,35.51,35.69,27670
2008-05-30 21:00:00,35.7,36.23,35.69,36.12,200000
2008-05-30 22:00:00,36.12,36.27,35.36,35.55,160580
2008-06-02 16:00:00,34.85,35.8,34.41,34.41,26700
2008-06-02 17:00:00,34.35,36.23,33.9,36.2,152140
2008-06-02 18:00:00,36.3,36.65,35.8,36.05,76350
2008-06-02 19:00:00,36.05,36.13,35.11,35.52,41600
2008-06-02 20:00:00,35.55,35.68,35.42,35.46,9670
2008-06-02 21:00:00,35.45,35.75,35.45,35.75,19100
2008-06-02 22:00:00,35.75,35.91,35.46,35.79,120440
2008-06-03 16:00:00,36.0,36.35,35.81,35.91,24120
2008-06-03 17:00:00,35.95,36.07,35.79,35.97,36180
2008-06-03 18:00:00,35.92,36.02,35.46,35.73,50400
2008-06-03 19:00:00,35.73,35.98,35.71,35.88,18390
2008-06-03 20:00:00,35.86,36.22,35.86,35.94,35000
2008-06-03 21:00:00,35.98,36.06,35.8,35.96,64320
2008-06-03 22:00:00,35.94,36.3,35.85,36.01,104070
2008-06-04 16:00:00,35.84,35.86,35.58,35.62,13520
2008-06-04 17:00:00,35.65,36.32,35.58,36.13,15090
2008-06-04 18:00:00,36.13,36.33,35.88,35.89,23670
2008-06-04 19:00:00,35.9,35.99,35.72,35.73,14770
2008-06-04 20:00:00,35.78,35.79,35.53,35.74,24940
2008-06-04 21:00:00,35.77,36.09,35.77,36.08,49170
2008-06-04 22:00:00,36.05,36.31,35.65,35.66,188160
2008-06-05 16:00:00,35.55,36.34,35.45,36.18,64000
2008-06-05 17:00:00,36.24,36.24,35.78,35.97,25340
2008-06-05 18:00:00,36.0,36.21,35.95,36.09,31620
2008-06-05 19:00:00,36.09,36.87,36.0,36.61,63970
2008-06-05 20:00:00,36.62,37.35,36.62,37.28,70060
2008-06-05 21:00:00,37.28,37.3,36.97,37.23,51250
2008-06-05 22:00:00,37.23,37.39,37.01,37.25,72520
2008-06-06 16:00:00,37.58,37.6,37.14,37.21,27980
2008-06-06 17:00:00,37.21,37.3,36.65,37.25,29050
2008-06-06 18:00:00,37.23,37.25,37.09,37.25,12790
2008-06-06 19:00:00,37.22,37.34,37.21,37.25,19300
2008-06-06 20:00:00,37.24,37.25,37.17,37.25,19670
2008-06-06 21:00:00,37.24,37.35,37.14,37.16,42380
2008-06-06 22:00:00,37.1,37.19,36.4,36.45,39940
2008-06-09 16:00:00,36.22,36.42,35.69,36.42,33430
2008-06-09 17:00:00,36.42,36.99,35.7,35.84,100180
2008-06-09 18:00:00,35.82,35.92,35.81,35.85,56000
2008-06-09 19:00:00,35.85,35.87,35.72,35.75,48710
2008-06-09 20:00:00,35.75,35.75,35.25,35.28,35800
2008-06-09 21:00:00,35.28,35.28,34.73,34.84,35630
2008-06-09 22:00:00,34.87,36.0,34.79,35.76,58320
2008-06-10 16:00:00,35.39,35.77,34.88,35.06,9700
2008-06-10 17:00:00,35.07,35.42,34.59,35.1,36800
2008-06-10 18:00:00,35.1,35.19,34.47,34.58,24260
2008-06-10 19:00:00,34.52,34.82,34.41,34.81,16300
2008-06-10 20:00:00,34.79,35.05,34.48,34.99,21210
2008-06-10 21:00:00,34.94,35.58,34.84,35.58,33910
2008-06-10 22:00:00,35.58,35.93,35.45,35.86,48600
2008-06-11 16:00:00,35.76,36.0,35.48,36.0,5650
2008-06-11 17:00:00,36.0,36.0,34.47,34.96,29050
2008-06-11 18:00:00,34.93,34.95,34.37,34.54,8100
2008-06-11 19:00:00,34.48,34.51,34.39,34.42,6000
2008-06-11 20:00:00,34.42,34.66,34.24,34.35,18300
2008-06-11 21:00:00,34.35,34.56,34.3,34.52,18270
2008-06-11 22:00:00,34.52,34.52,33.85,33.99,43520
2008-06-12 16:00:00,34.31,35.2,34.31,35.06,15830
2008-06-12 17:00:00,35.02,35.06,34.73,35.0,23720
2008-06-12 18:00:00,34.99,35.03,34.8,34.83,19470
2008-06-12 19:00:00,34.82,35.02,34.81,35.02,22400
2008-06-12 20:00:00,35.04,35.18,35.01,35.15,15950
2008-06-12 21:00:00,35.15,35.94,35.13,35.91,35400
2008-06-12 22:00:00,35.91,35.96,34.72,34.85,73690
2008-06-13 16:00:00,35.45,36.09,35.04,36.03,35220
2008-06-13 17:00:00,35.92,35.92,35.03,35.6,40470
2008-06-13 18:00:00,35.7,35.85,35.66,35.73,20310
2008-06-13 19:00:00,35.74,35.86,35.29,35.5,31810
2008-06-13 20:00:00,35.51,35.74,35.32,35.74,36380
2008-06-13 21:00:00,35.74,35.75,35.35,35.73,35500
2008-06-13 22:00:00,35.72,35.86,35.45,35.74,122120
2008-06-16 16:00:00,35.55,35.69,34.63,35.0,30540
2008-06-16 17:00:00,35.01,35.17,34.99,35.16,16520
2008-06-16 18:00:00,35.2,35.27,34.99,34.99,27800
2008-06-16 19:00:00,35.0,35.0,34.58,34.59,29770
2008-06-16 20:00:00,34.57,34.57,34.15,34.4,37300
2008-06-16 21:00:00,34.4,34.74,34.38,34.74,34090
2008-06-16 22:00:00,34.71,35.15,34.51,35.01,55950
2008-06-17 16:00:00,35.42,35.71,35.09,35.41,19200
2008-06-17 17:00:00,35.41,35.75,34.94,34.95,33960
2008-06-17 18:00:00,35.03,35.25,35.0,35.18,21130
2008-06-17 19:00:00,35.14,35.24,35.03,35.13,27600
2008-06-17 20:00:00,35.09,35.35,35.08,35.29,24240
2008-06-17 21:00:00,35.25,36.03,35.23,35.98,25780
2008-06-17 22:00:00,35.93,36.26,35.9,36.17,57340
2008-06-18 16:00:00,34.7,35.77,34.45,35.08,22590
2008-06-18 17:00:00,35.07,35.18,35.04,35.08,56240
2008-06-18 18:00:00,35.07,35.7,35.07,35.22,34960
2008-06-18 19:00:00,35.23,35.52,35.23,35.41,45600
2008-06-18 20:00:00,35.41,35.43,35.07,35.37,63920
2008-06-18 21:00:00,35.3,35.35,34.84,35.11,108820
2008-06-18 22:00:00,35.1,35.72,35.05,35.48,93600
2008-06-19 16:00:00,36.42,36.42,35.91,36.03,8600
2008-06-19 17:00:00,35.98,36.61,35.93,36.58,14600
2008-06-19 18:00:00,36.55,36.55,36.19,36.25,12300
2008-06-19 19:00:00,36.25,36.32,36.05,36.1,18640
2008-06-19 20:00:00,36.09,36.09,35.81,35.93,43730
2008-06-19 21:00:00,35.94,36.15,35.93,36.08,33850
2008-06-19 22:00:00,36.09,36.14,35.99,36.12,81430
2008-06-20 16:00:00,35.99,36.1,35.86,35.97,16920
2008-06-20 17:00:00,36.04,36.11,35.86,35.99,37490
2008-06-20 18:00:00,35.97,36.05,35.93,35.95,21630
2008-06-20 19:00:00,35.94,36.0,35.91,35.96,16840
2008-06-20 20:00:00,35.98,36.03,35.93,36.01,96460
2008-06-20 21:00:00,36.01,36.33,36.01,36.33,15360
2008-06-20 22:00:00,36.3,36.66,36.3,36.62,87360
2008-06-23 16:00:00,36.57,36.65,36.0,36.58,84700
2008-06-23 17:00:00,36.59,38.0,36.59,37.95,71540
2008-06-23 18:00:00,37.95,37.99,37.3,37.3,73830
2008-06-23 19:00:00,37.34,37.43,37.07,37.25,100110
2008-06-23 20:00:00,37.25,37.81,37.24,37.58,88130
2008-06-23 21:00:00,37.62,38.01,37.61,37.82,43830
2008-06-23 22:00:00,37.8,37.97,37.04,37.12,104720
2008-06-24 16:00:00,36.83,37.33,36.83,37.08,17950
2008-06-24 17:00:00,37.03,37.09,36.9,36.99,54700
2008-06-24 18:00:00,36.99,37.02,36.71,36.98,72750
2008-06-24 19:00:00,36.97,36.98,36.85,36.98,12400
2008-06-24 20:00:00,36.98,37.22,36.97,37.12,75400
2008-06-24 21:00:00,37.11,37.46,37.11,37.3,50400
2008-06-24 22:00:00,37.3,37.32,36.8,36.87,37670
2008-06-25 16:00:00,36.87,37.15,36.8,37.09,9850
2008-06-25 17:00:00,37.16,38.0,37.16,38.0,17100
2008-06-25 18:00:00,37.99,38.05,37.78,37.88,17250
2008-06-25 19:00:00,37.86,37.95,37.71,37.75,10000
2008-06-25 20:00:00,37.74,37.78,37.55,37.77,15510
2008-06-25 21:00:00,37.77,37.78,37.51,37.7,41330
2008-06-25 22:00:00,37.73,37.79,37.34,37.59,36950
2008-06-26 16:00:00,36.87,36.87,35.91,35.91,21130
2008-06-26 17:00:00,35.97,36.55,35.88,36.25,39700
2008-06-26 18:00:00,36.21,36.21,35.91,36.02,22520
2008-06-26 19:00:00,36.02,36.02,35.75,35.82,26200
2008-06-26 20:00:00,35.82,35.86,35.33,35.61,27670
2008-06-26 21:00:00,35.6,35.74,35.52,35.72,38290
2008-06-26 22:00:00,35.76,36.32,35.74,35.99,59220
2008-06-27 16:00:00,35.8,35.9,35.35,35.88,10590
2008-06-27 17:00:00,35.96,36.89,35.96,36.45,70930
2008-06-27 18:00:00,36.45,36.51,36.26,36.38,37490
2008-06-27 19:00:00,36.27,36.39,35.65,35.84,26270
2008-06-27 20:00:00,35.75,35.84,35.17,35.3,58300
2008-06-27 21:00:00,35.28,35.49,35.0,35.47,174620
2008-06-27 22:00:00,35.5,36.8,35.5,36.15,320720
2008-06-30 16:00:00,36.15,36.15,35.6,35.6,10900
2008-06-30 17:00:00,35.58,36.32,35.43,36.23,24880
2008-06-30 18:00:00,36.26,36.95,36.14,36.94,15600
2008-06-30 19:00:00,36.95,37.21,36.73,36.87,32200
2008-06-30 20:00:00,36.88,36.93,36.67,36.73,22860
2008-06-30 21:00:00,36.72,36.88,36.71,36.83,20300
2008-06-30 22:00:00,36.84,36.97,36.29,36.29,45210
2008-07-01 16:00:00,35.48,35.58,35.11,35.17,22780
2008-07-01 17:00:00,35.22,35.53,34.85,34.9,57040
2008-07-01 18:00:00,34.96,34.98,32.85,33.71,256800
2008-07-01 19:00:00,33.58,33.8,33.47,33.8,78860
2008-07-01 20:00:00,33.84,34.02,33.63,34.02,67020
2008-07-01 21:00:00,34.05,34.31,33.57,34.03,203610
2008-07-01 22:00:00,34.03,34.29,33.81,33.86,77170
2008-07-02 16:00:00,29.88,32.25,29.33,32.16,304010
2008-07-02 17:00:00,32.17,32.85,31.81,32.05,224720
2008-07-02 18:00:00,32.06,32.39,31.65,31.78,265970
2008-07-02 19:00:00,31.77,32.1,31.75,31.95,95560
2008-07-02 20:00:00,31.9,32.31,31.75,32.05,125560
2008-07-02 21:00:00,32.08,32.09,31.71,31.84,117140
2008-07-02 22:00:00,31.84,32.1,31.75,31.95,118960
2008-07-03 16:00:00,32.18,32.26,31.77,32.01,61000
2008-07-03 17:00:00,32.01,32.73,31.98,32.49,65500
2008-07-03 18:00:00,32.49,33.25,32.46,33.01,63100
2008-07-03 19:00:00,33.02,33.07,32.46,32.81,85400
2008-07-03 20:00:00,32.88,32.88,32.88,32.88,2590
2008-07-07 16:00:00,32.9,32.9,32.42,32.79,13100
2008-07-07 17:00:00,32.8,32.9,32.7,32.73,46100
2008-07-07 18:00:00,32.72,32.8,32.61,32.73,55590
2008-07-07 19:00:00,32.73,32.75,32.53,32.56,39440
2008-07-07 20:00:00,32.55,32.57,32.19,32.41,47800
2008-07-07 21:00:00,32.43,32.46,31.75,31.97,58820
2008-07-07 22:00:00,31.97,32.65,31.97,32.27,89500
2008-07-08 16:00:00,31.0,32.04,30.86,31.49,88490
2008-07-08 17:00:00,31.39,31.87,31.24,31.25,79910
2008-07-08 18:00:00,31.29,31.41,31.14,31.18,178390
2008-07-08 19:00:00,31.18,31.25,31.07,31.22,199220
2008-07-08 20:00:00,31.27,31.29,31.21,31.22,118890
2008-07-08 21:00:00,31.23,31.26,31.2,31.24,133760
2008-07-08 22:00:00,31.23,31.3,31.12,31.25,173360
2008-07-09 16:00:00,31.24,31.72,31.0,31.5,48800
2008-07-09 17:00:00,31.5,32.08,31.49,31.99,134810
2008-07-09 18:00:00,31.99,32.43,31.95,32.28,61600
2008-07-09 19:00:00,32.27,32.4,32.05,32.4,42840
2008-07-09 20:00:00,32.4,32.4,32.21,32.22,60850
2008-07-09 21:00:00,32.22,32.37,32.14,32.28,45540
2008-07-09 22:00:00,32.26,32.54,31.76,32.13,63810
2008-07-10 16:00:00,32.7,32.76,31.74,32.0,14840
2008-07-10 17:00:00,32.01,32.34,31.87,32.26,44330
2008-07-10 18:00:00,32.25,32.83,32.23,32.61,32840
2008-07-10 19:00:00,32.63,32.82,32.26,32.34,32590
2008-07-10 20:00:00,32.31,32.58,32.26,32.29,57870
2008-07-10 21:00:00,32.32,32.39,31.75,32.15,58060
2008-07-10 22:00:00,32.17,32.71,32.11,32.61,53920
2008-07-11 16:00:00,33.21,33.47,32.65,32.9,36300
2008-07-11 17:00:00,32.91,32.91,32.44,32.72,29080
2008-07-11 18:00:00,32.7,32.77,32.03,32.5,273990
2008-07-11 19:00:00,32.5,32.6,32.38,32.5,30930
2008-07-11 20:00:00,32.55,32.76,32.39,32.68,40500
2008-07-11 21:00:00,32.62,33.04,32.56,33.0,131050
2008-07-11 22:00:00,33.04,33.18,32.43,32.74,121820
2008-07-14 16:00:00,32.75,33.08,32.45,32.75,108640
2008-07-14 17:00:00,32.7,32.89,32.56,32.89,47260
2008-07-14 18:00:00,32.86,33.1,32.78,32.85,39060
2008-07-14 19:00:00,32.89,32.92,32.78,32.81,38970
2008-07-14 20:00:00,32.82,32.85,32.61,32.78,37290
2008-07-14 21:00:00,32.78,32.87,32.64,32.77,32700
2008-07-14 22:00:00,32.76,33.14,32.51,32.91,57190
2008-07-15 16:00:00,32.52,32.98,32.18,32.52,27990
2008-07-15 17:00:00,32.52,32.98,32.47,32.86,57790
2008-07-15 18:00:00,32.88,33.11,32.59,32.79,25980
2008-07-15 19:00:00,32.87,33.0,32.45,33.0,71080
2008-07-15 20:00:00,33.0,33.44,32.82,33.37,24600
2008-07-15 21:00:00,33.38,33.45,33.02,33.27,19780
2008-07-15 22:00:00,33.21,33.35,31.48,32.16,583340
2008-07-16 16:00:00,31.88,31.92,30.82,31.32,1477940
2008-07-16 17:00:00,31.32,31.81,31.23,31.5,344410
2008-07-16 18:00:00,31.5,31.72,31.4,31.43,304560
2008-07-16 19:00:00,31.42,31.67,31.32,31.64,258280
2008-07-16 20:00:00,31.65,31.78,31.59,31.77,134850
2008-07-16 21:00:00,31.78,31.79,31.32,31.45,325280
2008-07-16 22:00:00,31.45,31.68,31.22,31.62,666320
2008-07-17 16:00:00,32.05,32.05,31.5,31.5,151730
2008-07-17 17:00:00,31.52,31.9,31.41,31.64,241720
2008-07-17 18:00:00,31.62,31.66,31.29,31.41,142230
2008-07-17 19:00:00,31.41,31.48,31.22,31.29,70000
2008-07-17 20:00:00,31.3,31.54,31.15,31.19,217600
2008-07-17 21:00:00,31.16,31.38,31.12,31.2,140100
2008-07-17 22:00:00,31.2,31.44,31.06,31.25,318880
2008-07-18 16:00:00,31.5,31.65,31.19,31.41,131780
2008-07-18 17:00:00,31.41,31.75,31.36,31.67,293470
2008-07-18 18:00:00,31.65,31.99,31.63,31.81,151700
2008-07-18 19:00:00,31.81,31.9,31.64,31.72,58600
2008-07-18 20:00:00,31.77,32.03,31.71,31.98,86460
2008-07-18 21:00:00,31.96,32.05,31.87,31.98,117300
2008-07-18 22:00:00,31.98,32.01,31.76,32.01,117590
2008-07-21 16:00:00,31.99,32.04,31.81,31.97,54650
2008-07-21 17:00:00,31.99,32.08,31.83,32.05,117160
2008-07-21 18:00:00,32.05,32.22,31.84,32.03,145740
2008-07-21 19:00:00,32.03,32.54,31.93,32.39,140630
2008-07-21 20:00:00,32.39,32.5,31.96,32.14,298380
2008-07-21 21:00:00,32.14,32.37,32.0,32.37,93860
2008-07-21 22:00:00,32.37,32.5,32.21,32.36,145880
2008-07-22 16:00:00,31.88,32.54,31.88,32.32,73610
2008-07-22 17:00:00,32.33,32.72,32.21,32.29,140090
2008-07-22 18:00:00,32.34,32.51,32.21,32.42,97240
2008-07-22 19:00:00,32.42,32.68,32.27,32.32,46600
2008-07-22 20:00:00,32.32,32.32,31.8,31.85,76360
2008-07-22 21:00:00,31.87,32.57,31.87,32.51,97140
2008-07-22 22:00:00,32.55,32.89,32.22,32.89,164560
2008-07-23 16:00:00,32.93,33.39,32.41,33.07,302300
2008-07-23 17:00:00,33.15,33.28,32.75,33.04,167060
2008-07-23 18:00:00,33.02,33.38,32.87,33.16,283360
2008-07-23 19:00:00,33.14,33.2,32.9,33.07,115930
2008-07-23 20:00:00,33.04,33.12,32.95,33.0,90060
2008-07-23 21:00:00,33.02,33.15,32.89,32.95,192430
2008-07-23 22:00:00,32.96,33.21,32.93,33.2,131420
2008-07-24 16:00:00,33.5,33.5,32.87,33.2,33240
2008-07-24 17:00:00,33.2,33.3,32.81,33.1,69370
2008-07-24 18:00:00,33.09,33.2,32.9,33.2,28150
2008-07-24 19:00:00,33.19,33.42,32.93,33.2,77910
2008-07-24 20:00:00,33.19,33.24,32.93,33.17,40150
2008-07-24 21:00:00,33.15,33.35,32.99,33.25,77480
2008-07-24 22:00:00,33.25,33.27,32.78,33.15,127310
2008-07-25 16:00:00,33.2,33.2,32.48,33.1,33200
2008-07-25 17:00:00,33.09,33.39,32.7,33.39,78310
2008-07-25 18:00:00,33.34,33.38,32.95,33.22,40100
2008-07-25 19:00:00,33.24,33.26,33.02,33.19,26400
2008-07-25 20:00:00,33.22,33.25,32.8,33.15,35210
2008-07-25 21:00:00,33.13,33.13,32.93,33.04,43500
2008-07-25 22:00:00,33.04,33.96,32.91,33.59,322060
2008-07-28 16:00:00,33.37,33.37,30.22,32.79,67080
2008-07-28 17:00:00,32.79,33.38,32.78,32.91,46240
2008-07-28 18:00:00,32.9,33.04,32.66,32.92,45140
2008-07-28 19:00:00,32.92,32.93,32.56,32.59,47920
2008-07-28 20:00:00,32.59,32.68,32.5,32.6,46200
2008-07-28 21:00:00,32.54,32.65,32.47,32.52,56200
2008-07-28 22:00:00,32.52,32.65,32.3,32.45,100250
2008-07-29 16:00:00,32.26,32.68,32.01,32.01,26220
2008-07-29 17:00:00,32.21,33.0,31.72,32.57,73420
2008-07-29 18:00:00,32.51,32.97,32.22,32.97,48600
2008-07-29 19:00:00,32.97,33.1,32.85,32.96,62140
2008-07-29 20:00:00,32.95,33.06,32.56,32.6,38880
2008-07-29 21:00:00,32.6,32.63,32.3,32.6,33660
2008-07-29 22:00:00,32.56,32.76,32.52,32.66,50640
2008-07-30 16:00:00,33.0,33.0,32.43,32.43,60680
2008-07-30 17:00:00,32.43,32.7,32.29,32.48,84300
2008-07-30 18:00:00,32.44,32.45,32.15,32.41,41450
2008-07-30 19:00:00,32.42,32.44,32.06,32.11,36500
2008-07-30 20:00:00,32.11,32.24,31.98,32.04,40470
2008-07-30 21:00:00,32.02,32.14,31.96,32.01,28480
2008-07-30 22:00:00,32.03,32.3,31.78,32.19,149810
2008-07-31 16:00:00,31.96,31.96,31.33,31.66,28220
2008-07-31 17:00:00,31.66,31.75,30.74,30.98,117010
2008-07-31 18:00:00,30.98,31.01,30.31,30.42,69050
2008-07-31 19:00:00,30.41,30.45,29.42,29.59,254630
2008-07-31 20:00:00,29.63,29.98,29.46,29.97,157590
2008-07-31 21:00:00,29.98,30.42,29.88,29.88,157830
2008-07-31 22:00:00,29.89,30.1,29.43,29.75,193780
2008-08-01 16:00:00,29.91,29.91,29.61,29.77,38420
2008-08-01 17:00:00,29.73,29.81,29.44,29.74,41150
2008-08-01 18:00:00,29.74,29.88,29.68,29.68,34250
2008-08-01 19:00:00,29.68,29.77,29.46,29.49,25900
2008-08-01 20:00:00,29.49,30.63,29.47,30.4,258960
2008-08-01 21:00:00,30.44,30.57,30.12,30.49,110370
2008-08-01 22:00:00,30.49,30.59,30.31,30.32,136420
2008-08-04 16:00:00,30.54,31.32,30.54,30.95,301770
2008-08-04 17:00:00,30.96,31.3,30.67,30.68,95450
2008-08-04 18:00:00,30.6,30.69,30.54,30.65,56890
2008-08-04 19:00:00,30.7,30.72,30.49,30.65,51050
2008-08-04 20:00:00,30.66,30.66,30.37,30.5,71450
2008-08-04 21:00:00,30.5,30.54,30.42,30.5,53660
2008-08-04 22:00:00,30.5,30.52,30.2,30.4,111200
2008-08-05 16:00:00,30.49,30.51,30.11,30.48,61100
2008-08-05 17:00:00,30.46,30.72,30.43,30.5,46040
2008-08-05 18:00:00,30.52,30.75,30.41,30.75,86790
2008-08-05 19:00:00,30.74,30.84,30.52,30.6,17850
2008-08-05 20:00:00,30.61,30.62,30.45,30.53,15520
2008-08-05 21:00:00,30.51,30.57,30.22,30.44,64950
2008-08-05 22:00:00,30.43,30.54,30.32,30.46,95410
2008-08-06 16:00:00,30.58,30.58,29.85,30.28,11640
2008-08-06 17:00:00,30.27,30.43,29.88,29.92,16160
2008-08-06 18:00:00,29.87,30.19,29.77,29.79,43080
2008-08-06 19:00:00,29.76,29.88,29.47,29.69,98050
2008-08-06 20:00:00,29.68,30.11,29.64,29.92,44250
2008-08-06 21:00:00,29.92,30.23,29.92,30.1,59720
2008-08-06 22:00:00,30.09,30.36,30.04,30.27,54260
2008-08-07 16:00:00,30.39,30.39,29.75,30.07,13010
2008-08-07 17:00:00,30.0,30.23,29.75,30.0,34900
2008-08-07 18:00:00,30.06,30.06,29.92,29.97,6600
2008-08-07 19:00:00,29.95,30.17,29.92,30.1,42230
2008-08-07 20:00:00,30.11,30.23,29.9,29.95,21200
2008-08-07 21:00:00,29.95,30.09,29.59,29.73,24720
2008-08-07 22:00:00,29.63,29.92,29.45,29.64,42270
2008-08-08 16:00:00,29.21,29.21,28.05,28.42,149990
2008-08-08 17:00:00,28.42,29.38,28.42,29.35,124010
2008-08-08 18:00:00,29.3,29.31,29.07,29.17,66600
2008-08-08 19:00:00,29.18,29.45,29.18,29.38,13680
2008-08-08 20:00:00,29.36,29.83,29.36,29.82,19700
2008-08-08 21:00:00,29.82,30.01,29.82,30.0,36150
2008-08-08 22:00:00,30.0,30.31,29.98,30.23,63750
2008-08-11 16:00:00,29.9,29.99,29.5,29.62,20390
2008-08-11 17:00:00,29.65,29.9,29.65,29.78,17500
2008-08-11 18:00:00,29.78,30.23,29.72,30.21,34850
2008-08-11 19:00:00,30.21,30.47,30.17,30.45,24700
2008-08-11 20:00:00,30.45,30.95,30.44,30.85,42500
2008-08-11 21:00:00,30.88,30.96,30.43,30.48,38600
2008-08-11 22:00:00,30.48,30.71,30.45,30.63,42790
2008-08-12 16:00:00,30.9,31.41,30.53,30.53,32400
2008-08-12 17:00:00,30.59,30.62,30.34,30.6,30670
2008-08-12 18:00:00,30.59,30.6,30.41,30.5,19710
2008-08-12 19:00:00,30.5,30.53,30.47,30.53,14310
2008-08-12 20:00:00,30.52,30.56,30.11,30.22,19810
2008-08-12 21:00:00,30.21,30.23,29.91,29.96,43400
2008-08-12 22:00:00,29.98,30.2,29.66,30.08,92410
2008-08-13 16:00:00,30.05,30.11,29.55,29.69,49150
2008-08-13 17:00:00,29.7,30.01,29.7,29.76,103840
2008-08-13 18:00:00,29.79,29.91,29.73,29.78,16560
2008-08-13 19:00:00,29.79,29.79,29.64,29.75,126600
2008-08-13 20:00:00,29.75,30.11,29.74,29.91,77340
2008-08-13 21:00:00,29.91,30.15,29.82,30.07,51860
2008-08-13 22:00:00,30.0,30.05,29.76,29.78,135180
2008-08-14 16:00:00,29.7,30.08,29.45,30.08,68200
2008-08-14 17:00:00,30.12,30.36,29.98,30.15,74080
2008-08-14 18:00:00,30.19,30.27,29.97,30.11,37010
2008-08-14 19:00:00,30.1,30.16,29.98,30.16,87500
2008-08-14 20:00:00,30.13,30.57,30.13,30.52,34910
2008-08-14 21:00:00,30.5,30.52,30.14,30.2,54100
2008-08-14 22:00:00,30.18,30.63,30.18,30.5,122800
2008-08-15 16:00:00,30.53,30.73,30.36,30.71,14110
2008-08-15 17:00:00,30.79,31.0,30.6,30.66,18980
2008-08-15 18:00:00,30.7,30.76,30.63,30.72,15560
2008-08-15 19:00:00,30.72,30.74,30.68,30.72,14700
2008-08-15 20:00:00,30.69,30.75,30.66,30.75,49270
2008-08-15 21:00:00,30.75,30.81,30.59,30.75,42140
2008-08-15 22:00:00,30.76,31.27,30.75,31.11,101550
2008-08-18 16:00:00,31.18,31.5,30.78,30.87,34210
2008-08-18 17:00:00,30.84,31.06,30.75,31.05,38420
2008-08-18 18:00:00,31.03,31.08,30.93,30.97,44920
2008-08-18 19:00:00,30.94,31.01,30.86,30.91,77700
2008-08-18 20:00:00,30.9,30.91,30.77,30.88,65180
2008-08-18 21:00:00,31.08,31.08,30.73,30.86,46900
2008-08-18 22:00:00,30.86,31.16,30.75,30.97,105530
2008-08-19 16:00:00,30.69,30.84,30.69,30.8,13680
2008-08-19 17:00:00,30.79,30.88,30.5,30.62,73790
2008-08-19 18:00:00,30.61,30.7,30.33,30.42,65120
2008-08-19 19:00:00,30.42,30.63,30.39,30.47,36390
2008-08-19 20:00:00,30.43,30.57,30.19,30.57,18410
2008-08-19 21:00:00,30.58,30.62,30.45,30.56,43030
2008-08-19 22:00:00,30.53,30.57,30.28,30.43,73160
2008-08-20 16:00:00,30.39,30.39,29.95,30.0,8900
2008-08-20 17:00:00,30.0,31.19,29.69,30.82,82200
2008-08-20 18:00:00,30.9,30.93,30.73,30.77,24590
2008-08-20 19:00:00,30.75,31.01,30.61,30.82,17500
2008-08-20 20:00:00,30.83,30.86,30.49,30.69,27500
2008-08-20 21:00:00,30.68,30.73,30.45,30.73,13850
2008-08-20 22:00:00,30.74,30.92,30.49,30.91,75020
2008-08-21 16:00:00,30.5,30.6,29.64,29.78,23840
2008-08-21 17:00:00,29.76,30.09,29.5,29.92,94780
2008-08-21 18:00:00,29.97,30.19,29.91,30.09,51430
2008-08-21 19:00:00,30.09,30.15,29.99,30.09,15700
2008-08-21 20:00:00,30.09,30.15,30.06,30.06,16560
2008-08-21 21:00:00,30.07,30.16,29.99,30.09,28700
2008-08-21 22:00:00,30.09,30.2,30.03,30.08,35260
2008-08-22 16:00:00,30.44,30.48,30.34,30.39,26280
2008-08-22 17:00:00,30.43,30.48,30.32,30.43,60680
2008-08-22 18:00:00,30.46,30.47,30.36,30.36,21400
2008-08-22 19:00:00,30.39,30.88,30.26,30.86,18600
2008-08-22 20:00:00,30.86,31.28,30.86,31.25,19600
2008-08-22 21:00:00,31.22,31.25,30.85,31.08,48220
2008-08-22 22:00:00,31.08,31.3,30.99,31.05,70850
2008-08-25 16:00:00,30.84,31.09,30.49,30.58,23270
2008-08-25 17:00:00,30.59,30.84,30.53,30.53,13760
2008-08-25 18:00:00,30.52,30.59,30.25,30.31,26160
2008-08-25 19:00:00,30.28,30.3,29.8,29.9,72460
2008-08-25 20:00:00,29.95,30.02,29.88,29.9,23700
2008-08-25 21:00:00,29.91,29.95,29.76,29.76,77000
2008-08-25 22:00:00,29.79,29.88,29.42,29.65,149580
2008-08-26 16:00:00,29.91,30.0,29.49,29.62,9910
2008-08-26 17:00:00,29.69,29.89,29.53,29.89,34840
2008-08-26 18:00:00,29.9,29.99,29.8,29.85,11200
2008-08-26 19:00:00,29.88,30.04,29.82,29.88,18610
2008-08-26 20:00:00,29.86,30.14,29.86,29.94,22090
2008-08-26 21:00:00,29.98,30.11,29.8,29.83,31120
2008-08-26 22:00:00,29.83,29.94,29.78,29.83,44560
2008-08-27 16:00:00,29.87,29.92,29.15,29.15,16540
2008-08-27 17:00:00,29.18,29.32,28.79,29.06,92500
2008-08-27 18:00:00,29.08,29.13,28.99,29.09,25330
2008-08-27 19:00:00,29.1,29.75,29.01,29.6,85870
2008-08-27 20:00:00,29.66,29.97,29.65,29.97,21860
2008-08-27 21:00:00,29.94,30.04,29.82,29.99,27270
2008-08-27 22:00:00,29.98,30.06,29.7,30.06,53650
2008-08-28 16:00:00,29.82,30.06,29.49,29.61,90220
2008-08-28 17:00:00,29.53,29.69,29.26,29.64,16500
2008-08-28 18:00:00,29.64,30.03,29.63,29.89,25350
2008-08-28 19:00:00,29.87,29.92,29.76,29.78,163100
2008-08-28 20:00:00,29.76,29.82,29.62,29.79,41970
2008-08-28 21:00:00,29.78,29.8,29.53,29.75,56530
2008-08-28 22:00:00,29.74,30.06,29.74,29.85,337100
2008-08-29 16:00:00,29.79,29.81,29.16,29.28,19420
2008-08-29 17:00:00,29.28,29.29,28.95,29.03,46200
2008-08-29 18:00:00,29.08,29.38,29.08,29.34,21950
2008-08-29 19:00:00,29.35,29.79,29.35,29.68,19100
2008-08-29 20:00:00,29.65,29.75,29.57,29.59,18200
2008-08-29 21:00:00,29.58,29.6,29.51,29.59,10200
2008-08-29 22:00:00,29.6,29.9,29.59,29.85,41570
2008-09-02 16:00:00,29.82,30.01,29.82,29.96,61810
2008-09-02 17:00:00,29.97,30.01,29.77,29.84,121890
2008-09-02 18:00:00,29.85,29.89,29.71,29.84,54230
2008-09-02 19:00:00,29.84,29.98,29.49,29.55,101900
2008-09-02 20:00:00,29.57,29.8,29.49,29.51,32050
2008-09-02 21:00:00,29.5,29.63,29.36,29.39,28600
2008-09-02 22:00:00,29.35,29.69,29.34,29.62,40390
2008-09-03 16:00:00,29.53,29.63,29.13,29.3,8790
2008-09-03 17:00:00,29.3,29.3,28.97,29.05,24550
2008-09-03 18:00:00,29.08,29.21,29.0,29.0,72500
2008-09-03 19:00:00,29.0,29.05,28.9,28.94,102440
2008-09-03 20:00:00,28.94,28.94,28.44,28.84,53520
2008-09-03 21:00:00,28.84,28.97,28.47,28.48,67370
2008-09-03 22:00:00,28.47,28.77,28.47,28.69,69230
2008-09-04 16:00:00,28.25,28.59,27.53,27.54,22340
2008-09-04 17:00:00,27.59,27.71,27.27,27.33,83240
2008-09-04 18:00:00,27.33,27.33,26.41,26.5,332690
2008-09-04 19:00:00,26.51,26.85,26.46,26.84,129640
2008-09-04 20:00:00,26.83,26.83,26.28,26.3,350660
2008-09-04 21:00:00,26.29,26.58,26.15,26.25,251300
2008-09-04 22:00:00,26.26,26.63,26.24,26.55,367440
2008-09-05 16:00:00,26.17,26.17,25.74,26.09,59280
2008-09-05 17:00:00,26.08,26.13,25.66,25.71,102590
2008-09-05 18:00:00,25.72,25.82,25.66,25.77,107870
2008-09-05 19:00:00,25.77,25.9,25.4,25.4,177140
2008-09-05 20:00:00,25.41,25.63,25.4,25.54,116850
2008-09-05 21:00:00,25.54,26.05,25.5,26.05,146890
2008-09-05 22:00:00,26.01,26.77,25.9,26.76,374560
2008-09-08 16:00:00,27.52,28.18,27.46,27.49,33470
2008-09-08 17:00:00,27.49,27.92,27.47,27.78,59440
2008-09-08 18:00:00,27.78,27.8,27.44,27.54,230740
2008-09-08 19:00:00,27.54,27.66,27.52,27.62,90050
2008-09-08 20:00:00,27.63,27.63,27.52,27.52,69720
2008-09-08 21:00:00,27.54,27.6,27.52,27.56,128380
2008-09-08 22:00:00,27.56,27.59,27.52,27.57,241800
2008-09-09 16:00:00,27.38,28.07,27.38,27.66,24080
2008-09-09 17:00:00,27.65,27.68,27.54,27.6,71350
2008-09-09 18:00:00,27.56,27.61,27.54,27.57,31360
2008-09-09 19:00:00,27.57,27.57,27.49,27.55,269950
2008-09-09 20:00:00,27.52,27.56,27.4,27.44,90520
2008-09-09 21:00:00,27.44,27.5,27.38,27.45,148910
2008-09-09 22:00:00,27.45,27.47,27.21,27.3,238330
2008-09-10 16:00:00,27.3,27.5,27.16,27.24,8430
2008-09-10 17:00:00,27.18,27.22,26.64,26.72,27620
2008-09-10 18:00:00,26.81,26.87,26.51,26.56,26840
2008-09-10 19:00:00,26.57,26.75,26.53,26.73,12570
2008-09-10 20:00:00,26.71,26.71,26.39,26.46,39010
2008-09-10 21:00:00,26.46,26.46,26.23,26.35,40400
2008-09-10 22:00:00,26.34,26.35,25.85,26.1,163150
2008-09-11 16:00:00,25.81,25.81,24.7,24.94,53700
2008-09-11 17:00:00,24.94,24.94,23.86,23.94,158730
2008-09-11 18:00:00,23.94,24.24,23.9,24.0,202400
2008-09-11 19:00:00,24.0,25.12,24.0,25.01,956500
2008-09-11 20:00:00,25.02,25.26,24.76,24.94,418270
2008-09-11 21:00:00,24.94,25.16,24.9,25.04,228760
2008-09-11 22:00:00,25.04,25.35,25.04,25.31,261800
2008-09-12 16:00:00,25.38,25.42,25.15,25.3,54150
2008-09-12 17:00:00,25.3,26.54,25.2,26.54,86960
2008-09-12 18:00:00,26.58,26.63,26.11,26.32,174010
2008-09-12 19:00:00,26.31,26.48,26.18,26.18,61310
2008-09-12 20:00:00,26.18,26.18,25.97,26.07,76560
2008-09-12 21:00:00,26.06,26.26,25.94,26.14,185240
2008-09-12 22:00:00,26.14,26.29,25.98,26.29,227510
2008-09-15 16:00:00,25.56,25.64,24.89,25.0,35100
2008-09-15 17:00:00,25.0,25.01,24.88,24.9,230710
2008-09-15 18:00:00,24.94,25.11,24.93,24.99,40200
2008-09-15 19:00:00,25.0,25.03,24.94,24.97,76600
2008-09-15 20:00:00,24.97,25.0,24.87,25.0,43000
2008-09-15 21:00:00,25.0,25.06,24.93,25.0,46600
2008-09-15 22:00:00,25.01,25.01,24.38,24.5,92610
2008-09-16 16:00:00,24.49,24.85,23.28,23.59,95510
2008-09-16 17:00:00,23.61,23.92,23.52,23.76,131360
2008-09-16 18:00:00,23.8,24.27,23.71,24.11,88180
2008-09-16 19:00:00,24.1,24.13,23.59,23.65,38020
2008-09-16 20:00:00,23.64,23.86,23.62,23.72,24630
2008-09-16 21:00:00,23.75,23.84,22.0,23.21,180960
2008-09-16 22:00:00,23.14,23.16,22.42,23.11,211800
2008-09-17 16:00:00,23.11,23.11,22.02,22.08,75940
2008-09-17 17:00:00,22.08,22.12,21.56,21.78,320610
2008-09-17 18:00:00,21.8,21.8,20.37,20.49,498300
2008-09-17 19:00:00,20.5,20.81,19.87,20.67,547220
2008-09-17 20:00:00,20.68,20.7,20.16,20.32,304820
2008-09-17 21:00:00,20.32,21.07,19.95,20.59,160530
2008-09-17 22:00:00,20.59,20.74,19.75,20.02,190970
2008-09-18 16:00:00,20.01,21.21,19.92,21.16,210670
2008-09-18 17:00:00,21.2,21.35,20.11,20.32,355200
2008-09-18 18:00:00,20.3,20.52,19.93,20.43,719590
2008-09-18 19:00:00,20.46,20.66,20.16,20.23,505810
2008-09-18 20:00:00,20.23,21.92,20.12,21.84,353110
2008-09-18 21:00:00,21.84,21.84,21.46,21.64,805910
2008-09-18 22:00:00,21.64,22.97,21.62,22.46,385630
2008-09-19 16:00:00,27.05,28.5,23.46,23.73,267580
2008-09-19 17:00:00,23.69,24.07,22.64,23.26,449030
2008-09-19 18:00:00,23.24,23.87,23.13,23.55,354580
2008-09-19 19:00:00,23.56,24.36,23.53,24.23,518170
2008-09-19 20:00:00,24.23,24.23,23.71,24.09,453980
2008-09-19 21:00:00,24.09,25.22,24.06,25.06,505390
2008-09-19 22:00:00,25.06,27.49,24.71,25.77,599730
2008-09-22 16:00:00,26.21,26.5,25.36,25.57,72710
2008-09-22 17:00:00,25.61,25.8,25.26,25.32,50150
2008-09-22 18:00:00,25.2,25.5,24.88,25.48,39010
2008-09-22 19:00:00,25.48,25.49,25.15,25.28,37810
2008-09-22 20:00:00,25.28,25.3,24.96,24.96,54470
2008-09-22 21:00:00,24.97,25.26,24.93,25.05,165720
2008-09-22 22:00:00,25.05,25.24,24.81,24.92,146140
2008-09-23 16:00:00,25.25,25.81,24.78,25.26,36490
2008-09-23 17:00:00,25.27,25.89,25.27,25.56,122230
2008-09-23 18:00:00,25.56,25.58,25.19,25.22,70530
2008-09-23 19:00:00,25.1,25.2,24.76,25.05,28330
2008-09-23 20:00:00,25.04,25.08,24.43,24.69,94100
2008-09-23 21:00:00,24.7,24.83,24.54,24.7,97630
2008-09-23 22:00:00,24.72,25.08,24.61,24.88,101410
2008-09-24 16:00:00,24.78,24.78,23.39,24.0,47980
2008-09-24 17:00:00,24.0,24.47,24.0,24.24,36440
2008-09-24 18:00:00,24.21,24.31,24.13,24.25,18900
2008-09-24 19:00:00,24.25,24.32,24.01,24.08,24650
2008-09-24 20:00:00,24.05,24.26,24.0,24.16,29180
2008-09-24 21:00:00,24.15,24.74,24.15,24.44,27470
2008-09-24 22:00:00,24.46,24.95,24.26,24.31,93020
2008-09-25 16:00:00,24.22,24.64,23.95,24.64,20100
2008-09-25 17:00:00,24.67,24.92,24.42,24.43,37210
2008-09-25 18:00:00,24.41,24.52,24.25,24.35,42290
2008-09-25 19:00:00,24.37,24.38,24.19,24.23,35770
2008-09-25 20:00:00,24.23,24.39,24.23,24.37,57330
2008-09-25 21:00:00,24.37,24.43,24.26,24.33,21570
2008-09-25 22:00:00,24.36,24.9,24.3,24.86,67640
2008-09-26 16:00:00,23.93,24.04,23.58,24.0,22770
2008-09-26 17:00:00,23.94,24.06,23.3,23.61,60000
2008-09-26 18:00:00,23.62,23.65,23.55,23.58,53110
2008-09-26 19:00:00,23.61,23.85,23.58,23.82,28810
2008-09-26 20:00:00,23.84,24.21,23.82,24.1,26980
2008-09-26 21:00:00,24.08,24.55,24.07,24.54,104490
2008-09-26 22:00:00,24.51,25.03,24.15,24.65,130540
2008-09-29 16:00:00,23.61,24.07,22.74,22.94,79500
2008-09-29 17:00:00,22.95,23.11,22.85,23.02,108060
2008-09-29 18:00:00,23.01,23.01,22.77,22.86,33510
2008-09-29 19:00:00,22.86,22.87,22.68,22.7,23810
2008-09-29 20:00:00,22.78,22.86,22.12,22.36,87000
2008-09-29 21:00:00,22.37,23.1,22.06,22.29,73730
2008-09-29 22:00:00,22.21,23.01,22.1,22.65,210980
2008-09-30 16:00:00,22.99,23.12,22.41,22.81,90970
2008-09-30 17:00:00,22.84,24.03,22.75,23.92,124530
2008-09-30 18:00:00,23.94,23.98,23.75,23.98,79390
2008-09-30 19:00:00,23.98,24.03,23.6,23.93,88240
2008-09-30 20:00:00,23.91,23.92,23.63,23.76,93840
2008-09-30 21:00:00,23.76,24.08,23.66,23.94,209520
2008-09-30 22:00:00,23.94,24.24,23.79,24.0,183180
2008-10-01 16:00:00,23.8,23.8,22.34,22.46,60910
2008-10-01 17:00:00,22.48,22.74,22.25,22.72,35050
2008-10-01 18:00:00,22.71,22.72,22.19,22.25,100200
2008-10-01 19:00:00,22.24,22.44,21.98,22.0,147640
2008-10-01 20:00:00,21.99,22.05,21.44,22.04,181560
2008-10-01 21:00:00,22.02,22.35,21.98,22.1,46060
2008-10-01 22:00:00,22.1,22.18,21.93,22.1,284630
2008-10-02 16:00:00,23.7,23.7,21.5,22.8,347230
2008-10-02 17:00:00,22.78,22.78,22.13,22.27,159350
2008-10-02 18:00:00,22.27,22.35,21.85,22.1,83830
2008-10-02 19:00:00,22.1,22.13,21.95,22.02,55240
2008-10-02 20:00:00,22.02,22.11,21.86,21.98,168610
2008-10-02 21:00:00,21.99,22.09,21.9,21.96,146630
2008-10-02 22:00:00,21.96,22.06,21.78,21.93,333950
2008-10-03 16:00:00,22.15,23.2,22.15,22.59,28650
2008-10-03 17:00:00,22.58,22.99,22.43,22.97,97020
2008-10-03 18:00:00,22.94,23.25,22.9,22.97,145820
2008-10-03 19:00:00,22.97,23.08,22.84,23.0,116500
2008-10-03 20:00:00,23.01,23.28,22.79,23.0,303910
2008-10-03 21:00:00,23.02,23.24,22.88,23.24,123100
2008-10-03 22:00:00,23.22,23.34,22.46,22.47,211520
2008-10-06 16:00:00,21.28,21.59,20.92,21.26,67230
2008-10-06 17:00:00,21.22,21.31,20.29,20.6,160460
2008-10-06 18:00:00,20.65,20.87,20.21,20.4,202560
2008-10-06 19:00:00,20.35,20.48,19.97,20.13,96160
2008-10-06 20:00:00,20.11,20.37,19.81,19.83,182960
2008-10-06 21:00:00,19.81,20.14,19.46,20.14,204680
2008-10-06 22:00:00,20.16,21.53,19.95,21.31,252560
2008-10-07 16:00:00,21.51,21.51,20.4,20.63,40300
2008-10-07 17:00:00,20.63,20.64,19.7,19.81,111420
2008-10-07 18:00:00,19.81,20.18,19.71,19.88,52070
2008-10-07 19:00:00,19.91,20.14,19.32,19.52,63420
2008-10-07 20:00:00,19.45,19.88,19.29,19.46,136430
2008-10-07 21:00:00,19.46,19.57,19.1,19.24,192330
2008-10-07 22:00:00,19.21,19.45,18.65,18.72,181230
2008-10-08 16:00:00,18.6,19.5,18.03,18.98,89450
2008-10-08 17:00:00,19.04,19.27,18.37,18.9,89950
2008-10-08 18:00:00,18.89,18.97,18.58,18.92,191550
2008-10-08 19:00:00,18.93,18.93,18.49,18.7,84870
2008-10-08 20:00:00,18.75,19.39,18.75,19.39,88280
2008-10-08 21:00:00,19.38,19.48,19.0,19.3,97540
2008-10-08 22:00:00,19.22,19.92,19.08,19.51,103550
2008-10-09 16:00:00,19.3,19.66,18.83,18.83,14790
2008-10-09 17:00:00,18.77,19.25,18.67,18.81,121220
2008-10-09 18:00:00,18.8,18.97,18.66,18.72,142360
2008-10-09 19:00:00,18.73,18.8,18.23,18.31,187190
2008-10-09 20:00:00,18.37,18.53,18.18,18.3,56080
2008-10-09 21:00:00,18.31,18.52,18.29,18.46,106070
2008-10-09 22:00:00,18.45,18.48,17.66,18.0,246280
2008-10-10 16:00:00,17.02,17.14,16.4,16.52,35200
2008-10-10 17:00:00,16.67,17.55,16.4,16.93,145050
2008-10-10 18:00:00,16.97,17.08,16.21,16.36,96530
2008-10-10 19:00:00,16.27,16.38,15.85,16.14,101060
2008-10-10 20:00:00,16.12,16.28,15.73,16.01,159150
2008-10-10 21:00:00,15.97,16.34,15.8,16.11,110300
2008-10-10 22:00:00,16.12,17.3,16.08,17.2,298210
2008-10-13 16:00:00,17.94,18.87,17.7,18.87,44620
2008-10-13 17:00:00,18.92,19.78,18.75,19.01,142390
2008-10-13 18:00:00,19.04,19.25,18.98,19.07,45910
2008-10-13 19:00:00,19.08,19.25,19.08,19.13,32600
2008-10-13 20:00:00,19.13,19.29,19.04,19.15,81010
2008-10-13 21:00:00,19.15,19.3,19.07,19.3,78110
2008-10-13 22:00:00,19.3,19.81,19.23,19.5,235860
2008-10-14 16:00:00,20.2,20.42,19.65,19.77,52030
2008-10-14 17:00:00,19.76,20.06,19.75,20.05,115050
2008-10-14 18:00:00,20.08,20.08,19.59,19.95,89990
2008-10-14 19:00:00,19.91,20.0,19.72,19.88,61380
2008-10-14 20:00:00,19.88,19.96,19.64,19.66,59360
2008-10-14 21:00:00,19.67,19.81,19.29,19.46,57640
2008-10-14 22:00:00,19.45,19.79,19.37,19.79,136820
2008-10-15 16:00:00,19.36,19.58,18.82,18.82,23220
2008-10-15 17:00:00,18.91,18.96,18.49,18.51,103440
2008-10-15 18:00:00,18.51,18.71,18.48,18.51,58080
2008-10-15 19:00:00,18.51,18.68,18.25,18.56,378880
2008-10-15 20:00:00,18.55,18.56,18.16,18.3,454680
2008-10-15 21:00:00,18.32,18.54,18.09,18.4,267940
2008-10-15 22:00:00,18.43,18.58,18.0,18.5,299140
2008-10-16 16:00:00,18.5,18.57,18.14,18.27,26170
2008-10-16 17:00:00,18.19,18.5,16.97,16.97,108810
2008-10-16 18:00:00,16.94,17.65,16.85,17.57,87940
2008-10-16 19:00:00,17.55,18.09,17.28,17.33,107520
2008-10-16 20:00:00,17.33,17.54,17.07,17.36,76450
2008-10-16 21:00:00,17.41,17.64,17.16,17.41,84270
2008-10-16 22:00:00,17.45,18.22,17.38,18.14,278620
2008-10-17 16:00:00,18.09,18.25,17.6,18.1,189990
2008-10-17 17:00:00,18.09,18.33,17.93,18.27,222290
2008-10-17 18:00:00,18.29,18.41,18.13,18.39,139050
2008-10-17 19:00:00,18.37,19.03,18.34,19.01,121540
2008-10-17 20:00:00,19.0,19.5,19.0,19.31,251110
2008-10-17 21:00:00,19.39,19.66,19.11,19.23,147900
2008-10-17 22:00:00,19.23,19.44,18.92,19.02,321370
2008-10-20 16:00:00,19.43,19.43,18.62,18.79,97020
2008-10-20 17:00:00,18.82,19.06,18.78,18.91,116530
2008-10-20 18:00:00,18.91,19.08,18.87,19.03,137410
2008-10-20 19:00:00,19.02,19.1,18.94,19.1,39010
2008-10-20 20:00:00,19.1,19.18,19.05,19.16,69390
2008-10-20 21:00:00,19.19,19.26,19.08,19.13,85800
2008-10-20 22:00:00,19.14,19.15,18.97,19.12,151290
2008-10-21 16:00:00,19.49,19.49,18.66,19.04,75600
2008-10-21 17:00:00,19.03,19.13,18.88,18.97,174750
2008-10-21 18:00:00,18.94,19.0,18.69,18.87,71880
2008-10-21 19:00:00,18.9,18.95,18.62,18.73,41320
2008-10-21 20:00:00,18.73,19.0,18.6,18.81,38520
2008-10-21 21:00:00,18.82,18.95,18.66,18.7,38420
2008-10-21 22:00:00,18.72,18.76,18.33,18.6,186800
2008-10-22 16:00:00,17.57,18.39,17.43,17.59,38680
2008-10-22 17:00:00,17.57,18.07,17.45,17.99,233340
2008-10-22 18:00:00,17.95,18.13,17.67,17.77,132380
2008-10-22 19:00:00,17.77,17.97,17.58,17.71,78630
2008-10-22 20:00:00,17.75,17.87,17.26,17.34,138270
2008-10-22 21:00:00,17.32,17.35,17.01,17.11,133110
2008-10-22 22:00:00,17.11,17.35,16.65,17.16,165930
2008-10-23 16:00:00,16.98,16.98,15.98,16.18,61890
2008-10-23 17:00:00,16.21,16.26,15.88,16.17,184070
2008-10-23 18:00:00,16.2,16.37,16.0,16.29,120570
2008-10-23 19:00:00,16.29,16.29,16.0,16.08,56560
2008-10-23 20:00:00,16.06,16.19,16.0,16.05,98680
2008-10-23 21:00:00,16.09,16.09,15.57,15.98,96760
2008-10-23 22:00:00,15.99,16.54,15.84,16.42,386420
2008-10-24 16:00:00,15.38,15.93,15.16,15.89,10830
2008-10-24 17:00:00,15.91,16.0,15.48,15.56,47540
2008-10-24 18:00:00,15.6,15.84,15.48,15.78,44560
2008-10-24 19:00:00,15.78,15.79,15.52,15.59,74930
2008-10-24 20:00:00,15.59,15.74,15.43,15.51,55910
2008-10-24 21:00:00,15.5,15.51,15.07,15.49,83900
2008-10-24 22:00:00,15.5,16.05,15.21,15.29,218920
2008-10-27 16:00:00,15.27,15.99,15.16,15.16,89570
2008-10-27 17:00:00,15.15,15.15,14.48,14.9,138610
2008-10-27 18:00:00,14.93,15.0,14.68,14.75,76600
2008-10-27 19:00:00,14.76,14.85,14.54,14.75,89240
2008-10-27 20:00:00,14.76,14.99,14.62,14.92,240950
2008-10-27 21:00:00,14.91,14.92,14.73,14.8,61980
2008-10-27 22:00:00,14.79,14.98,14.35,14.35,137250
2008-10-28 16:00:00,14.88,15.09,14.84,14.91,14100
2008-10-28 17:00:00,14.87,14.89,14.29,14.31,50940
2008-10-28 18:00:00,14.32,14.4,14.19,14.27,61010
2008-10-28 19:00:00,14.26,14.35,14.21,14.28,47390
2008-10-28 20:00:00,14.3,14.38,14.16,14.21,19220
2008-10-28 21:00:00,14.22,14.43,14.21,14.37,287570
2008-10-28 22:00:00,14.37,14.78,14.28,14.55,336170
2008-10-29 16:00:00,14.78,16.43,14.26,15.54,123110
2008-10-29 17:00:00,15.54,15.89,15.28,15.57,362570
2008-10-29 18:00:00,15.6,15.75,15.55,15.67,59140
2008-10-29 19:00:00,15.7,16.19,15.6,15.97,201340
2008-10-29 20:00:00,15.93,16.11,15.89,16.06,322650
2008-10-29 21:00:00,16.06,16.28,15.93,16.03,581410
2008-10-29 22:00:00,16.04,16.41,15.98,16.01,186350
2008-10-30 16:00:00,16.17,16.75,16.17,16.42,50720
2008-10-30 17:00:00,16.39,16.63,16.39,16.5,92710
2008-10-30 18:00:00,16.5,16.73,16.5,16.61,48900
2008-10-30 19:00:00,16.59,17.07,16.59,16.81,58190
2008-10-30 20:00:00,16.8,16.8,16.68,16.75,97470
2008-10-30 21:00:00,16.75,17.28,16.72,17.09,179260
2008-10-30 22:00:00,17.06,17.1,16.86,17.0,132220
2008-10-31 16:00:00,16.77,16.95,16.46,16.66,26790
2008-10-31 17:00:00,16.65,17.13,16.61,17.0,45340
2008-10-31 18:00:00,16.98,17.01,16.87,16.88,67000
2008-10-31 19:00:00,16.91,16.91,16.48,16.87,97410
2008-10-31 20:00:00,16.87,17.01,16.8,16.9,82110
2008-10-31 21:00:00,16.85,17.0,16.81,17.0,80840
2008-10-31 22:00:00,17.0,17.35,16.92,17.24,261070
2008-11-03 16:00:00,17.14,17.5,16.93,17.0,90130
2008-11-03 17:00:00,16.99,17.05,16.91,17.0,63100
2008-11-03 18:00:00,17.0,17.0,16.98,16.99,74110
2008-11-03 19:00:00,17.0,17.0,16.93,17.0,52490
2008-11-03 20:00:00,17.0,17.0,16.86,16.94,47180
2008-11-03 21:00:00,16.95,16.99,16.82,16.95,87820
2008-11-03 22:00:00,16.94,16.95,16.84,16.9,127100
2008-11-04 16:00:00,17.36,17.36,16.93,17.01,99230
2008-11-04 17:00:00,17.01,17.04,16.94,16.99,150740
2008-11-04 18:00:00,16.99,17.05,16.9,17.0,442950
2008-11-04 19:00:00,16.99,17.02,16.95,17.0,281080
2008-11-04 20:00:00,17.01,17.06,16.98,17.03,164460
2008-11-04 21:00:00,17.04,17.08,16.98,17.05,108490
2008-11-04 22:00:00,17.05,17.19,17.04,17.09,168970
2008-11-05 16:00:00,16.71,16.84,16.59,16.76,10670
2008-11-05 17:00:00,16.69,17.0,16.69,16.96,61920
2008-11-05 18:00:00,16.93,16.94,16.46,16.53,52370
2008-11-05 19:00:00,16.56,16.58,16.19,16.4,94540
2008-11-05 20:00:00,16.4,16.51,16.37,16.47,69850
2008-11-05 21:00:00,16.46,16.66,16.39,16.47,61870
2008-11-05 22:00:00,16.49,16.56,16.23,16.5,154680
2008-11-06 16:00:00,16.22,16.5,16.0,16.13,31140
2008-11-06 17:00:00,16.11,16.11,15.68,15.76,57220
2008-11-06 18:00:00,15.79,15.84,15.4,15.4,53630
2008-11-06 19:00:00,15.4,15.47,15.2,15.21,70330
2008-11-06 20:00:00,15.21,15.21,15.02,15.06,42500
2008-11-06 21:00:00,15.13,15.18,14.77,14.89,77320
2008-11-06 22:00:00,14.85,14.97,14.69,14.84,98850
2008-11-07 16:00:00,14.9,15.21,14.54,14.71,17200
2008-11-07 17:00:00,14.69,14.87,14.67,14.81,50560
2008-11-07 18:00:00,14.82,14.91,14.65,14.91,30900
2008-11-07 19:00:00,14.92,15.15,14.86,15.0,43380
2008-11-07 20:00:00,15.02,15.03,14.89,14.97,55700
2008-11-07 21:00:00,14.98,15.03,14.88,15.0,40700
2008-11-07 22:00:00,15.01,15.35,14.82,15.18,72780
2008-11-10 16:00:00,15.33,15.46,15.0,15.28,27530
2008-11-10 17:00:00,15.32,15.32,15.14,15.18,68100
2008-11-10 18:00:00,15.15,15.15,14.94,15.01,53640
2008-11-10 19:00:00,15.01,15.12,14.98,15.11,52900
2008-11-10 20:00:00,15.1,15.23,15.09,15.13,58910
2008-11-10 21:00:00,15.06,15.08,14.76,14.76,50040
2008-11-10 22:00:00,14.77,14.83,14.69,14.76,82540
2008-11-11 16:00:00,14.73,15.15,13.97,14.04,37200
2008-11-11 17:00:00,14.03,14.07,13.66,13.66,36080
2008-11-11 18:00:00,13.6,13.75,13.53,13.65,32350
2008-11-11 19:00:00,13.65,13.74,13.51,13.63,44340
2008-11-11 20:00:00,13.64,13.69,13.61,13.67,55030
2008-11-11 21:00:00,13.67,13.68,13.49,13.58,69930
2008-11-11 22:00:00,13.6,13.87,13.55,13.8,173700
2008-11-12 16:00:00,13.38,13.63,13.26,13.63,31610
2008-11-12 17:00:00,13.63,13.72,13.29,13.49,49800
2008-11-12 18:00:00,13.49,13.54,13.34,13.36,29600
2008-11-12 19:00:00,13.36,13.4,13.15,13.19,35470
2008-11-12 20:00:00,13.2,13.21,12.9,12.94,153750
2008-11-12 21:00:00,12.94,12.96,12.76,12.92,68620
2008-11-12 22:00:00,12.92,13.39,12.85,13.09,162590
2008-11-13 16:00:00,13.12,13.27,12.93,13.02,13910
2008-11-13 17:00:00,13.02,13.49,12.94,13.45,66450
2008-11-13 18:00:00,13.44,13.55,13.23,13.52,56990
2008-11-13 19:00:00,13.53,13.79,13.33,13.37,181970
2008-11-13 20:00:00,13.36,13.63,13.27,13.52,138090
2008-11-13 21:00:00,13.54,13.61,13.44,13.46,173030
2008-11-13 22:00:00,13.48,14.23,13.39,14.15,279200
2008-11-14 16:00:00,13.85,13.87,13.41,13.75,17700
2008-11-14 17:00:00,13.77,13.77,13.11,13.28,53680
2008-11-14 18:00:00,13.3,13.47,13.13,13.25,320670
2008-11-14 19:00:00,13.29,13.4,13.2,13.35,77380
2008-11-14 20:00:00,13.32,13.68,13.3,13.65,89290
2008-11-14 21:00:00,13.66,14.44,13.61,14.44,81150
2008-11-14 22:00:00,14.42,14.67,13.93,13.95,183270
2008-11-17 16:00:00,13.75,13.9,13.07,13.11,54810
2008-11-17 17:00:00,13.13,13.21,12.85,13.0,86140
2008-11-17 18:00:00,13.02,13.15,12.95,13.04,60000
2008-11-17 19:00:00,13.05,13.16,13.05,13.09,46660
2008-11-17 20:00:00,13.09,13.1,12.98,13.03,50710
2008-11-17 21:00:00,13.03,13.12,12.93,12.99,95930
2008-11-17 22:00:00,12.98,13.08,12.9,12.92,108150
2008-11-18 16:00:00,13.07,13.07,12.75,12.76,25900
2008-11-18 17:00:00,12.77,12.93,12.64,12.83,41410
2008-11-18 18:00:00,12.8,12.89,12.72,12.79,33670
2008-11-18 19:00:00,12.83,12.83,12.62,12.71,36800
2008-11-18 20:00:00,12.7,12.73,12.54,12.57,70600
2008-11-18 21:00:00,12.57,12.57,12.27,12.37,66500
2008-11-18 22:00:00,12.37,12.63,12.3,12.47,129520
2008-11-19 16:00:00,12.25,12.59,12.24,12.58,27010
2008-11-19 17:00:00,12.54,12.87,12.38,12.41,37170
2008-11-19 18:00:00,12.43,12.55,12.32,12.35,35470
2008-11-19 19:00:00,12.37,12.45,12.22,12.37,38760
2008-11-19 20:00:00,12.36,12.6,12.32,12.48,61350
2008-11-19 21:00:00,12.47,12.49,12.23,12.33,93750
2008-11-19 22:00:00,12.32,12.34,12.02,12.15,151200
2008-11-20 16:00:00,11.89,12.02,11.19,11.29,44740
2008-11-20 17:00:00,11.3,12.16,11.09,12.11,116230
2008-11-20 18:00:00,12.07,12.14,11.88,11.99,109150
2008-11-20 19:00:00,12.0,12.59,11.87,12.56,95180
2008-11-20 20:00:00,12.53,12.74,12.44,12.71,88970
2008-11-20 21:00:00,12.77,12.81,12.36,12.41,98570
2008-11-20 22:00:00,12.44,12.55,11.67,11.85,216090
2008-11-21 16:00:00,12.2,12.72,11.92,12.14,49100
2008-11-21 17:00:00,12.17,12.34,12.04,12.07,77090
2008-11-21 18:00:00,12.09,12.14,11.43,11.47,65110
2008-11-21 19:00:00,11.48,11.75,11.46,11.6,29530
2008-11-21 20:00:00,11.56,11.58,11.43,11.45,35430
2008-11-21 21:00:00,11.46,11.7,11.44,11.63,50720
2008-11-21 22:00:00,11.62,12.9,11.62,12.6,134050
2008-11-24 16:00:00,13.06,13.31,12.71,13.3,36600
2008-11-24 17:00:00,13.24,13.3,13.04,13.13,40010
2008-11-24 18:00:00,13.17,13.47,13.17,13.34,28440
2008-11-24 19:00:00,13.34,13.35,13.12,13.32,25950
2008-11-24 20:00:00,13.33,13.46,13.19,13.45,38000
2008-11-24 21:00:00,13.45,13.49,13.22,13.31,53790
2008-11-24 22:00:00,13.31,13.8,13.12,13.61,230180
2008-11-25 16:00:00,14.33,14.33,13.54,13.62,35840
2008-11-25 17:00:00,13.62,14.29,13.62,14.01,70140
2008-11-25 18:00:00,14.01,14.27,13.91,14.04,53180
2008-11-25 19:00:00,14.05,14.32,14.05,14.13,88570
2008-11-25 20:00:00,14.1,14.21,13.89,13.89,25880
2008-11-25 21:00:00,13.91,13.99,13.7,13.91,29500
2008-11-25 22:00:00,13.91,14.37,13.91,14.26,66470
2008-11-26 16:00:00,14.06,14.06,13.41,13.84,14940
2008-11-26 17:00:00,13.81,14.36,13.81,14.19,31600
2008-11-26 18:00:00,14.19,14.61,14.16,14.6,61160
2008-11-26 19:00:00,14.61,15.16,14.61,15.15,352620
2008-11-26 20:00:00,15.13,15.57,15.03,15.57,201950
2008-11-26 21:00:00,15.57,16.14,15.5,16.07,87520
2008-11-26 22:00:00,16.07,16.13,15.53,15.72,98260
2008-11-28 16:00:00,15.5,16.11,15.06,15.08,11480
2008-11-28 17:00:00,15.03,15.31,14.91,15.11,21120
2008-11-28 18:00:00,15.07,15.22,14.97,15.2,12120
2008-11-28 19:00:00,15.2,15.43,15.19,15.43,19250
2008-11-28 20:00:00,15.43,15.43,15.21,15.43,36830
2008-12-01 16:00:00,14.84,14.84,14.34,14.76,41450
2008-12-01 17:00:00,14.77,15.6,14.76,15.36,156620
2008-12-01 18:00:00,15.35,15.35,14.89,14.93,41220
2008-12-01 19:00:00,14.92,14.92,14.57,14.66,101430
2008-12-01 20:00:00,14.66,14.85,14.66,14.83,44340
2008-12-01 21:00:00,14.83,14.95,14.7,14.92,41010
2008-12-01 22:00:00,14.92,14.99,14.6,14.69,127540
2008-12-02 16:00:00,15.07,15.28,14.85,15.1,22800
2008-12-02 17:00:00,15.17,15.56,14.97,15.1,56460
2008-12-02 18:00:00,15.06,15.24,14.95,15.0,166060
2008-12-02 19:00:00,15.01,15.14,14.85,14.92,64820
2008-12-02 20:00:00,14.92,14.97,14.45,14.45,64110
2008-12-02 21:00:00,14.48,14.88,14.44,14.88,185590
2008-12-02 22:00:00,14.84,15.07,14.51,14.86,183040
2008-12-03 16:00:00,14.83,14.97,14.23,14.78,16340
2008-12-03 17:00:00,14.75,15.52,14.63,15.39,24600
2008-12-03 18:00:00,15.4,15.45,14.98,15.1,28380
2008-12-03 19:00:00,15.16,15.51,15.0,15.26,32710
2008-12-03 20:00:00,15.27,15.54,15.12,15.17,52250
2008-12-03 21:00:00,15.17,15.78,15.12,15.61,55270
2008-12-03 22:00:00,15.58,15.93,15.41,15.78,102310
2008-12-04 16:00:00,15.58,15.58,15.02,15.51,10900
2008-12-04 17:00:00,15.51,16.03,15.51,16.01,29850
2008-12-04 18:00:00,16.01,16.07,15.73,15.91,39790
2008-12-04 19:00:00,15.94,15.96,15.65,15.75,39350
2008-12-04 20:00:00,15.75,15.94,15.59,15.8,38440
2008-12-04 21:00:00,15.8,15.87,15.47,15.5,56540
2008-12-04 22:00:00,15.51,15.51,14.82,14.94,109210
2008-12-05 16:00:00,14.59,14.81,14.43,14.56,17200
2008-12-05 17:00:00,14.53,14.65,14.4,14.6,52490
2008-12-05 18:00:00,14.6,14.96,14.5,14.89,29460
2008-12-05 19:00:00,14.88,15.18,14.88,14.95,17550
2008-12-05 20:00:00,14.95,15.43,14.95,15.39,14300
2008-12-05 21:00:00,15.35,15.85,15.31,15.79,67120
2008-12-05 22:00:00,15.8,16.24,15.7,16.02,95390
2008-12-08 16:00:00,16.35,17.12,16.35,17.01,32410
2008-12-08 17:00:00,17.01,17.27,16.9,16.9,168120
2008-12-08 18:00:00,16.96,17.26,16.68,16.68,50830
2008-12-08 19:00:00,16.68,16.92,16.64,16.72,27230
2008-12-08 20:00:00,16.72,16.94,16.62,16.76,35950
2008-12-08 21:00:00,16.77,16.89,16.7,16.87,32740
2008-12-08 22:00:00,16.89,17.01,16.61,16.72,63160
2008-12-09 16:00:00,16.65,16.65,16.12,16.32,15800
2008-12-09 17:00:00,16.31,16.74,16.19,16.6,39040
2008-12-09 18:00:00,16.6,16.74,16.2,16.24,41780
2008-12-09 19:00:00,16.24,16.24,15.97,16.01,45330
2008-12-09 20:00:00,15.99,16.06,15.73,15.95,117910
2008-12-09 21:00:00,16.0,16.19,15.84,16.13,88800
2008-12-09 22:00:00,16.16,16.35,15.94,16.13,175820
2008-12-10 16:00:00,16.15,16.25,15.85,15.99,17300
2008-12-10 17:00:00,15.96,16.45,15.94,16.4,64800
2008-12-10 18:00:00,16.4,16.63,16.3,16.49,29620
2008-12-10 19:00:00,16.5,16.58,16.35,16.4,40150
2008-12-10 20:00:00,16.4,16.43,16.14,16.23,56840
2008-12-10 21:00:00,16.21,16.43,16.12,16.25,55080
2008-12-10 22:00:00,16.32,16.93,16.27,16.77,98680
2008-12-11 16:00:00,16.56,16.64,16.37,16.37,15070
2008-12-11 17:00:00,16.41,16.5,15.93,15.93,33200
2008-12-11 18:00:00,15.93,15.97,15.8,15.87,18400
2008-12-11 19:00:00,15.88,16.05,15.77,15.81,47700
2008-12-11 20:00:00,15.81,15.81,15.18,15.31,67620
2008-12-11 21:00:00,15.31,15.71,15.23,15.31,86180
2008-12-11 22:00:00,15.32,15.63,15.24,15.5,138250
2008-12-12 16:00:00,14.93,15.48,14.93,15.42,20530
2008-12-12 17:00:00,15.43,15.93,15.31,15.89,50610
2008-12-12 18:00:00,15.84,16.01,15.75,15.92,53420
2008-12-12 19:00:00,15.93,16.58,15.92,16.51,61760
2008-12-12 20:00:00,16.49,16.5,16.07,16.29,56840
2008-12-12 21:00:00,16.28,16.43,15.98,16.13,58970
2008-12-12 22:00:00,16.13,16.46,16.01,16.41,77030
2008-12-15 16:00:00,16.36,16.57,16.19,16.5,20370
2008-12-15 17:00:00,16.5,16.55,15.9,15.9,46110
2008-12-15 18:00:00,15.89,16.04,15.81,15.91,42710
2008-12-15 19:00:00,15.92,16.04,15.88,15.99,63780
2008-12-15 20:00:00,15.99,16.0,15.74,15.75,43570
2008-12-15 21:00:00,15.75,15.83,15.67,15.7,85780
2008-12-15 22:00:00,15.7,15.76,15.24,15.59,75130
2008-12-16 16:00:00,15.93,15.93,15.48,15.58,23050
2008-12-16 17:00:00,15.57,15.75,15.54,15.6,36580
2008-12-16 18:00:00,15.58,15.79,15.53,15.64,33030
2008-12-16 19:00:00,15.63,15.68,15.54,15.59,22360
2008-12-16 20:00:00,15.59,15.7,15.55,15.63,32880
2008-12-16 21:00:00,15.61,16.17,15.54,16.03,28290
2008-12-16 22:00:00,16.04,16.19,15.82,16.0,115400
2008-12-17 16:00:00,15.66,15.98,15.5,15.98,26420
2008-12-17 17:00:00,15.96,16.23,15.88,16.15,37700
2008-12-17 18:00:00,16.15,16.3,16.07,16.2,29520
2008-12-17 19:00:00,16.2,16.33,16.1,16.27,30640
2008-12-17 20:00:00,16.26,16.69,16.16,16.65,29500
2008-12-17 21:00:00,16.64,16.66,16.25,16.42,43600
2008-12-17 22:00:00,16.39,17.11,16.39,16.5,129890
2008-12-18 16:00:00,16.58,16.7,16.32,16.4,17780
2008-12-18 17:00:00,16.42,16.87,16.4,16.84,73080
2008-12-18 18:00:00,16.85,17.19,16.76,16.94,39440
2008-12-18 19:00:00,16.94,17.08,16.78,17.08,35620
2008-12-18 20:00:00,17.08,17.11,16.78,16.85,29200
2008-12-18 21:00:00,16.85,16.95,16.56,16.9,40270
2008-12-18 22:00:00,16.9,16.9,16.44,16.67,84860
2008-12-19 16:00:00,16.7,17.16,16.47,17.13,38500
2008-12-19 17:00:00,17.15,17.33,17.02,17.1,27710
2008-12-19 18:00:00,17.1,17.21,17.04,17.11,45450
2008-12-19 19:00:00,17.12,17.27,16.93,17.0,41960
2008-12-19 20:00:00,17.01,17.13,16.9,17.04,59700
2008-12-19 21:00:00,17.02,17.08,16.68,16.76,83100
2008-12-19 22:00:00,16.75,16.75,16.33,16.5,147120
2008-12-22 16:00:00,16.48,16.51,16.22,16.34,25280
2008-12-22 17:00:00,16.31,16.31,15.89,16.01,34980
2008-12-22 18:00:00,16.02,16.13,15.99,16.12,42150
2008-12-22 19:00:00,16.07,16.08,15.88,16.01,15400
2008-12-22 20:00:00,16.02,16.11,15.94,16.11,59120
2008-12-22 21:00:00,16.1,16.1,15.58,15.6,66560
2008-12-22 22:00:00,15.55,15.8,15.37,15.69,117780
2008-12-23 16:00:00,15.68,15.68,15.39,15.46,27500
2008-12-23 17:00:00,15.5,15.5,15.19,15.37,26600
2008-12-23 18:00:00,15.38,15.74,15.38,15.67,24200
2008-12-23 19:00:00,15.66,15.98,15.58,15.98,48780
2008-12-23 20:00:00,15.93,16.32,15.86,16.32,101570
2008-12-23 21:00:00,16.37,16.42,15.67,15.82,64880
2008-12-23 22:00:00,15.77,16.08,15.68,15.68,107300
2008-12-24 16:00:00,15.67,15.69,15.42,15.48,37120
2008-12-24 17:00:00,15.43,15.59,15.42,15.59,17000
2008-12-24 18:00:00,15.6,15.93,15.59,15.92,36780
2008-12-24 19:00:00,15.89,16.14,15.88,16.11,91160
2008-12-24 20:00:00,16.11,16.11,15.8,15.83,11900
2008-12-26 16:00:00,16.11,16.37,15.96,16.37,5100
2008-12-26 17:00:00,16.36,16.63,16.34,16.62,16350
2008-12-26 18:00:00,16.63,16.8,16.55,16.75,38700
2008-12-26 19:00:00,16.77,16.88,16.64,16.66,14700
2008-12-26 20:00:00,16.68,16.73,16.58,16.7,20000
2008-12-26 21:00:00,16.7,16.94,16.68,16.81,50710
2008-12-26 22:00:00,16.8,17.21,16.78,17.1,34600
2008-12-29 16:00:00,16.98,17.21,16.61,16.64,28210
2008-12-29 17:00:00,16.62,16.82,16.59,16.7,107000
2008-12-29 18:00:00,16.71,16.75,16.65,16.73,73830
2008-12-29 19:00:00,16.73,16.8,16.49,16.52,73930
2008-12-29 20:00:00,16.52,16.57,16.48,16.54,45430
2008-12-29 21:00:00,16.54,16.8,16.48,16.69,93580
2008-12-29 22:00:00,16.71,17.08,16.7,17.03,100560
2008-12-30 16:00:00,16.99,17.23,16.84,16.97,21830
2008-12-30 17:00:00,16.96,17.15,16.95,17.05,44850
2008-12-30 18:00:00,17.06,17.07,17.0,17.05,44980
2008-12-30 19:00:00,17.05,17.06,16.66,16.82,46280
2008-12-30 20:00:00,16.81,17.05,16.8,16.93,47370
2008-12-30 21:00:00,16.91,16.97,16.62,16.62,47560
2008-12-30 22:00:00,16.65,17.06,16.58,16.92,112730
2008-12-31 16:00:00,17.16,17.3,16.93,17.3,12700
2008-12-31 17:00:00,17.38,17.81,17.38,17.74,39370
2008-12-31 18:00:00,17.79,18.0,17.63,17.93,127390
2008-12-31 19:00:00,17.93,17.95,17.69,17.72,36860
2008-12-31 20:00:00,17.7,17.7,17.37,17.57,25110
2008-12-31 21:00:00,17.57,17.7,17.57,17.68,52170
2008-12-31 22:00:00,17.69,17.85,17.51,17.76,119650
2009-01-02 16:00:00,17.92,17.92,17.48,17.51,23600
2009-01-02 17:00:00,17.5,17.79,17.44,17.64,19800
2009-01-02 18:00:00,17.68,17.85,17.63,17.7,29850
2009-01-02 19:00:00,17.7,17.86,17.64,17.85,30430
2009-01-02 20:00:00,17.86,17.96,17.78,17.96,41700
2009-01-02 21:00:00,17.96,18.11,17.9,18.11,55140
2009-01-02 22:00:00,18.09,18.81,18.09,18.65,111520
2009-01-05 16:00:00,18.5,18.5,17.7,17.9,29270
2009-01-05 17:00:00,17.88,18.24,17.86,18.03,92120
2009-01-05 18:00:00,18.0,18.08,17.32,17.32,56190
2009-01-05 19:00:00,17.32,17.93,17.3,17.89,46760
2009-01-05 20:00:00,17.87,18.11,17.51,17.7,43780
2009-01-05 21:00:00,17.63,17.65,16.95,16.97,80240
2009-01-05 22:00:00,16.98,16.98,16.6,16.62,154820
2009-01-06 16:00:00,17.02,17.02,16.63,16.66,51940
2009-01-06 17:00:00,16.7,17.05,16.55,16.85,65600
2009-01-06 18:00:00,16.86,17.11,16.79,17.1,70820
2009-01-06 19:00:00,17.07,17.15,16.98,17.08,69680
2009-01-06 20:00:00,17.08,17.09,16.84,17.0,45210
2009-01-06 21:00:00,17.0,17.33,16.84,17.33,42280
2009-01-06 22:00:00,17.34,17.54,17.21,17.43,111460
2009-01-07 16:00:00,17.06,17.06,16.65,16.9,41590
2009-01-07 17:00:00,16.91,17.0,16.82,16.89,67370
2009-01-07 18:00:00,16.92,17.05,16.85,17.0,87340
2009-01-07 19:00:00,17.0,17.38,16.99,17.29,98990
2009-01-07 20:00:00,17.29,17.37,17.24,17.35,160800
2009-01-07 21:00:00,17.35,17.51,17.34,17.46,94230
2009-01-07 22:00:00,17.45,17.56,17.38,17.5,210650
2009-01-08 16:00:00,17.54,17.7,17.19,17.7,72060
2009-01-08 17:00:00,17.71,18.5,17.68,18.4,345160
2009-01-08 18:00:00,18.35,18.71,18.19,18.38,160300
2009-01-08 19:00:00,18.37,18.42,17.98,18.16,186480
2009-01-08 20:00:00,18.17,18.37,18.05,18.08,97210
2009-01-08 21:00:00,18.08,18.38,18.04,18.25,103330
2009-01-08 22:00:00,18.22,18.51,18.15,18.43,192210
2009-01-09 16:00:00,17.4,18.2,16.8,18.01,151080
2009-01-09 17:00:00,18.04,18.39,17.44,17.49,673140
2009-01-09 18:00:00,17.5,17.5,16.66,16.74,162320
2009-01-09 19:00:00,16.74,16.74,15.45,16.09,353340
2009-01-09 20:00:00,16.11,16.31,16.01,16.25,122330
2009-01-09 21:00:00,16.26,16.6,16.21,16.51,407580
2009-01-09 22:00:00,16.5,16.89,16.34,16.62,437400
2009-01-12 16:00:00,15.87,16.22,15.4,15.94,132510
2009-01-12 17:00:00,15.94,16.23,15.94,16.2,103330
2009-01-12 18:00:00,16.19,16.29,15.99,16.05,41980
2009-01-12 19:00:00,16.04,16.13,15.99,16.06,21910
2009-01-12 20:00:00,16.05,16.28,16.04,16.19,135690
2009-01-12 21:00:00,16.2,16.28,15.99,16.14,116660
2009-01-12 22:00:00,16.14,16.16,15.59,15.68,166730
2009-01-13 16:00:00,15.16,16.12,15.16,15.98,109890
2009-01-13 17:00:00,16.03,16.4,15.95,16.13,194690
2009-01-13 18:00:00,16.13,16.26,16.1,16.26,84510
2009-01-13 19:00:00,16.28,16.28,16.09,16.1,83600
2009-01-13 20:00:00,16.1,16.21,16.07,16.17,216500
2009-01-13 21:00:00,16.17,16.6,16.14,16.19,276310
2009-01-13 22:00:00,16.12,16.38,16.08,16.21,174320
2009-01-14 16:00:00,16.21,16.33,15.94,16.3,57000
2009-01-14 17:00:00,16.3,16.41,16.15,16.3,120020
2009-01-14 18:00:00,16.29,16.35,16.19,16.26,267560
2009-01-14 19:00:00,16.27,16.51,16.25,16.43,121390
2009-01-14 20:00:00,16.41,16.44,16.38,16.4,52310
2009-01-14 21:00:00,16.4,16.61,16.36,16.36,79170
2009-01-14 22:00:00,16.36,16.36,15.99,16.2,122000
2009-01-15 16:00:00,16.24,16.4,16.12,16.34,47470
2009-01-15 17:00:00,16.34,16.49,16.22,16.3,144970
2009-01-15 18:00:00,16.29,16.4,16.22,16.3,72000
2009-01-15 19:00:00,16.31,16.34,16.06,16.13,72100
2009-01-15 20:00:00,16.11,16.63,16.06,16.62,35820
2009-01-15 21:00:00,16.6,17.05,16.56,16.8,50500
2009-01-15 22:00:00,16.8,16.92,16.4,16.74,108490
2009-01-16 16:00:00,16.88,16.96,16.6,16.68,27200
2009-01-16 17:00:00,16.69,16.76,16.46,16.71,57380
2009-01-16 18:00:00,16.71,16.91,16.57,16.59,75350
2009-01-16 19:00:00,16.59,16.71,16.47,16.62,110450
2009-01-16 20:00:00,16.62,16.74,16.38,16.67,65090
2009-01-16 21:00:00,16.72,16.97,16.64,16.97,28670
2009-01-16 22:00:00,17.01,17.15,16.81,17.03,104310
2009-01-20 16:00:00,16.81,17.24,16.52,16.73,30150
2009-01-20 17:00:00,16.74,16.83,16.3,16.57,50400
2009-01-20 18:00:00,16.58,17.03,16.56,16.86,76770
2009-01-20 19:00:00,16.83,17.16,16.83,17.02,89410
2009-01-20 20:00:00,17.03,17.05,16.89,16.9,104360
2009-01-20 21:00:00,16.88,16.95,16.76,16.9,116540
2009-01-20 22:00:00,16.9,16.91,16.24,16.33,207030
2009-01-21 16:00:00,16.44,16.75,16.36,16.56,129660
2009-01-21 17:00:00,16.56,16.72,16.35,16.42,114020
2009-01-21 18:00:00,16.41,16.59,16.4,16.44,97860
2009-01-21 19:00:00,16.45,16.66,16.19,16.35,90860
2009-01-21 20:00:00,16.31,16.68,16.27,16.51,36470
2009-01-21 21:00:00,16.51,16.89,16.51,16.83,40530
2009-01-21 22:00:00,16.82,17.7,16.8,17.68,148020
2009-01-22 16:00:00,17.04,17.35,16.7,16.96,17350
2009-01-22 17:00:00,16.99,17.03,16.59,16.7,43570
2009-01-22 18:00:00,16.7,16.96,16.59,16.77,53040
2009-01-22 19:00:00,16.78,17.25,16.74,17.15,34030
2009-01-22 20:00:00,17.14,17.18,16.9,17.17,25400
2009-01-22 21:00:00,17.16,17.51,17.06,17.22,38180
2009-01-22 22:00:00,17.27,17.29,16.76,16.77,111680
2009-01-23 16:00:00,16.48,16.7,16.23,16.54,28650
2009-01-23 17:00:00,16.51,16.66,16.39,16.45,54600
2009-01-23 18:00:00,16.47,16.78,16.42,16.54,41590
2009-01-23 19:00:00,16.52,16.82,16.51,16.64,29310
2009-01-23 20:00:00,16.64,16.79,16.61,16.76,41200
2009-01-23 21:00:00,16.76,16.78,16.39,16.43,45410
2009-01-23 22:00:00,16.4,16.79,16.4,16.75,73730
2009-01-26 16:00:00,16.97,17.33,16.74,17.27,24520
2009-01-26 17:00:00,17.32,17.66,17.15,17.28,59190
2009-01-26 18:00:00,17.35,17.35,17.23,17.3,35840
2009-01-26 19:00:00,17.31,17.39,17.28,17.31,22100
2009-01-26 20:00:00,17.39,17.44,17.12,17.22,14600
2009-01-26 21:00:00,17.17,17.32,16.99,17.23,37970
2009-01-26 22:00:00,17.24,17.4,17.09,17.23,46280
2009-01-27 16:00:00,17.09,17.48,17.06,17.09,10900
2009-01-27 17:00:00,17.06,17.08,16.81,16.99,18630
2009-01-27 18:00:00,17.05,17.15,17.01,17.05,10980
2009-01-27 19:00:00,17.02,17.3,17.01,17.23,20970
2009-01-27 20:00:00,17.26,17.4,17.16,17.32,79090
2009-01-27 21:00:00,17.29,17.39,17.1,17.22,88440
2009-01-27 22:00:00,17.21,17.3,17.13,17.22,149870
2009-01-28 16:00:00,17.62,17.79,17.35,17.54,49240
2009-01-28 17:00:00,17.54,17.55,17.34,17.48,31690
2009-01-28 18:00:00,17.49,17.56,17.45,17.52,21560
2009-01-28 19:00:00,17.53,17.59,17.49,17.55,15670
2009-01-28 20:00:00,17.53,17.6,17.46,17.52,41810
2009-01-28 21:00:00,17.54,17.91,17.51,17.87,66760
2009-01-28 22:00:00,17.91,18.49,17.79,18.41,133440
2009-01-29 16:00:00,18.19,18.38,17.89,17.97,35160
2009-01-29 17:00:00,17.93,18.01,17.78,17.79,36500
2009-01-29 18:00:00,17.8,18.0,17.69,18.0,12320
2009-01-29 19:00:00,18.0,18.0,17.73,17.86,24700
2009-01-29 20:00:00,17.86,17.86,17.72,17.76,24000
2009-01-29 21:00:00,17.76,17.92,17.68,17.68,52230
2009-01-29 22:00:00,17.66,17.74,17.45,17.49,189450
2009-01-30 16:00:00,17.4,17.63,17.25,17.3,7600
2009-01-30 17:00:00,17.32,17.35,17.11,17.14,51220
2009-01-30 18:00:00,17.17,17.34,17.06,17.34,54200
2009-01-30 19:00:00,17.32,17.6,17.29,17.59,25500
2009-01-30 20:00:00,17.61,17.78,17.54,17.66,34500
2009-01-30 21:00:00,17.64,17.68,17.39,17.47,31770
2009-01-30 22:00:00,17.44,17.54,17.24,17.36,78250
2009-02-02 16:00:00,17.45,17.45,16.86,17.2,15580
2009-02-02 17:00:00,17.2,17.55,17.2,17.5,23040
2009-02-02 18:00:00,17.47,17.63,17.41,17.52,21790
2009-02-02 19:00:00,17.53,17.73,17.45,17.6,17050
2009-02-02 20:00:00,17.61,17.78,17.53,17.73,30450
2009-02-02 21:00:00,17.73,17.92,17.71,17.86,36820
2009-02-02 22:00:00,17.87,18.23,17.87,18.18,88820
2009-02-03 16:00:00,18.18,18.2,17.27,17.79,74520
2009-02-03 17:00:00,17.83,18.08,17.54,17.68,70380
2009-02-03 18:00:00,17.67,17.8,17.6,17.63,37050
2009-02-03 19:00:00,17.63,17.72,17.58,17.6,45470
2009-02-03 20:00:00,17.58,17.66,17.57,17.59,63240
2009-02-03 21:00:00,17.59,17.64,17.43,17.43,146270
2009-02-03 22:00:00,17.43,17.67,17.31,17.57,158490
2009-02-04 16:00:00,17.69,17.75,17.3,17.56,11700
2009-02-04 17:00:00,17.58,17.64,17.21,17.5,53540
2009-02-04 18:00:00,17.47,17.56,17.36,17.37,47590
2009-02-04 19:00:00,17.36,17.45,17.3,17.37,44100
2009-02-04 20:00:00,17.35,17.46,17.11,17.27,49320
2009-02-04 21:00:00,17.26,17.29,17.12,17.27,42030
2009-02-04 22:00:00,17.26,17.45,17.21,17.26,62150
2009-02-05 16:00:00,17.09,17.6,17.02,17.48,19320
2009-02-05 17:00:00,17.5,17.91,17.28,17.47,74960
2009-02-05 18:00:00,17.5,17.58,17.33,17.5,31840
2009-02-05 19:00:00,17.49,17.71,17.45,17.71,47870
2009-02-05 20:00:00,17.66,17.7,17.49,17.52,49980
2009-02-05 21:00:00,17.55,17.98,17.5,17.74,66830
2009-02-05 22:00:00,17.76,18.23,17.72,18.17,81500
2009-02-06 16:00:00,18.09,18.58,18.09,18.58,16260
2009-02-06 17:00:00,18.56,18.59,17.86,18.04,28260
2009-02-06 18:00:00,17.99,18.18,17.99,18.09,28220
2009-02-06 19:00:00,18.1,18.35,18.02,18.1,47690
2009-02-06 20:00:00,18.12,18.18,17.86,18.18,70720
2009-02-06 21:00:00,18.18,18.56,16.86,16.99,1399570
2009-02-06 22:00:00,16.96,17.61,16.08,17.1,1557280
2009-02-09 16:00:00,17.34,17.4,17.09,17.32,126900
2009-02-09 17:00:00,17.32,17.42,17.15,17.42,221350
2009-02-09 18:00:00,17.42,17.61,17.33,17.59,75110
2009-02-09 19:00:00,17.59,17.9,17.46,17.84,46780
2009-02-09 20:00:00,17.85,17.9,17.73,17.76,49780
2009-02-09 21:00:00,17.78,17.81,17.54,17.54,48930
2009-02-09 22:00:00,17.6,17.62,17.31,17.38,168090
2009-02-10 16:00:00,17.34,17.69,17.34,17.61,28630
2009-02-10 17:00:00,17.59,17.87,17.53,17.74,56130
2009-02-10 18:00:00,17.8,17.89,17.46,17.6,71530
2009-02-10 19:00:00,17.61,17.72,17.37,17.48,92620
2009-02-10 20:00:00,17.47,17.54,17.25,17.29,52330
2009-02-10 21:00:00,17.31,17.5,17.12,17.12,77770
2009-02-10 22:00:00,17.12,17.23,16.98,17.02,144010
2009-02-11 16:00:00,17.22,17.43,17.0,17.12,24220
2009-02-11 17:00:00,17.11,17.22,17.0,17.13,31200
2009-02-11 18:00:00,17.15,17.28,17.08,17.21,91170
2009-02-11 19:00:00,17.22,17.22,17.04,17.05,23400
2009-02-11 20:00:00,17.06,17.12,17.01,17.05,63270
2009-02-11 21:00:00,17.06,17.36,17.01,17.31,42790
2009-02-11 22:00:00,17.28,17.33,17.07,17.27,64720
2009-02-12 16:00:00,17.22,17.22,16.96,17.17,13700
2009-02-12 17:00:00,17.11,17.33,16.99,17.26,61910
2009-02-12 18:00:00,17.25,17.58,17.16,17.5,50380
2009-02-12 19:00:00,17.5,17.66,17.4,17.42,29620
2009-02-12 20:00:00,17.39,17.48,17.24,17.37,16990
2009-02-12 21:00:00,17.38,17.45,17.06,17.07,40880
2009-02-12 22:00:00,17.08,17.81,16.98,17.73,100110
2009-02-13 16:00:00,17.8,18.2,17.8,18.2,96040
2009-02-13 17:00:00,18.16,18.71,18.15,18.18,98160
2009-02-13 18:00:00,18.17,18.25,18.0,18.16,57210
2009-02-13 19:00:00,18.1,18.19,17.92,18.0,50450
2009-02-13 20:00:00,18.0,18.35,17.99,18.17,52990
2009-02-13 21:00:00,18.14,18.18,17.9,18.0,49970
2009-02-13 22:00:00,17.98,18.32,17.86,17.96,129110
2009-02-17 16:00:00,17.7,17.7,16.97,17.07,28660
2009-02-17 17:00:00,17.13,17.14,16.97,17.0,115530
2009-02-17 18:00:00,17.0,17.01,16.44,16.53,117670
2009-02-17 19:00:00,16.52,16.59,16.28,16.34,86870
2009-02-17 20:00:00,16.35,16.92,16.35,16.73,143500
2009-02-17 21:00:00,16.73,17.06,16.65,16.93,133710
2009-02-17 22:00:00,16.96,17.13,16.57,16.69,239500
2009-02-18 16:00:00,16.62,16.78,16.28,16.35,36600
2009-02-18 17:00:00,16.36,16.64,16.26,16.51,86270
2009-02-18 18:00:00,16.55,16.85,16.49,16.5,63550
2009-02-18 19:00:00,16.43,16.62,16.25,16.38,106410
2009-02-18 20:00:00,16.37,16.4,16.1,16.13,48920
2009-02-18 21:00:00,16.11,16.27,16.08,16.24,79780
2009-02-18 22:00:00,16.25,16.36,16.2,16.26,93960
2009-02-19 16:00:00,16.14,16.58,16.14,16.53,17000
2009-02-19 17:00:00,16.51,16.54,16.15,16.24,37940
2009-02-19 18:00:00,16.2,16.3,16.09,16.11,47380
2009-02-19 19:00:00,16.14,16.36,16.09,16.29,38010
2009-02-19 20:00:00,16.29,16.45,16.28,16.33,23500
2009-02-19 21:00:00,16.33,16.42,16.1,16.22,62960
2009-02-19 22:00:00,16.17,16.26,16.02,16.17,142780
2009-02-20 16:00:00,15.79,16.34,15.79,16.14,31800
2009-02-20 17:00:00,16.2,16.33,16.1,16.26,80800
2009-02-20 18:00:00,16.25,16.56,16.22,16.51,80020
2009-02-20 19:00:00,16.52,16.59,16.39,16.47,72870
2009-02-20 20:00:00,16.46,16.52,16.33,16.37,82740
2009-02-20 21:00:00,16.37,16.8,16.27,16.8,95990
2009-02-20 22:00:00,16.77,16.78,16.39,16.63,70590
2009-02-23 16:00:00,16.47,16.78,16.3,16.36,93080
2009-02-23 17:00:00,16.39,16.39,16.02,16.28,80050
2009-02-23 18:00:00,16.28,16.45,16.1,16.11,59800
2009-02-23 19:00:00,16.13,16.35,16.13,16.24,57700
2009-02-23 20:00:00,16.26,16.39,16.1,16.12,81900
2009-02-23 21:00:00,16.11,16.37,16.06,16.32,67040
2009-02-23 22:00:00,16.29,16.39,16.09,16.22,133090
2009-02-24 16:00:00,16.33,16.56,16.11,16.2,72280
2009-02-24 17:00:00,16.15,16.3,16.03,16.09,52150
2009-02-24 18:00:00,16.1,16.26,16.04,16.07,26700
2009-02-24 19:00:00,16.08,16.25,15.99,16.04,63750
2009-02-24 20:00:00,16.02,16.33,16.0,16.23,90300
2009-02-24 21:00:00,16.23,16.44,16.18,16.39,85720
2009-02-24 22:00:00,16.37,16.85,16.37,16.84,136300
2009-02-25 16:00:00,16.8,16.87,16.43,16.7,62260
2009-02-25 17:00:00,16.69,16.7,16.1,16.1,56720
2009-02-25 18:00:00,16.1,16.19,15.96,16.0,98000
2009-02-25 19:00:00,16.0,16.08,15.97,16.05,71830
2009-02-25 20:00:00,16.04,16.09,15.95,15.98,73900
2009-02-25 21:00:00,15.99,16.0,15.47,15.52,117460
2009-02-25 22:00:00,15.5,16.03,15.4,15.56,355620
2009-02-26 16:00:00,15.78,16.51,15.34,15.53,52160
2009-02-26 17:00:00,15.54,15.95,15.45,15.77,83430
2009-02-26 18:00:00,15.77,16.28,15.71,16.25,104770
2009-02-26 19:00:00,16.23,16.48,16.05,16.07,88550
2009-02-26 20:00:00,16.13,16.45,16.03,16.42,83390
2009-02-26 21:00:00,16.42,16.45,16.16,16.34,95800
2009-02-26 22:00:00,16.33,16.34,16.04,16.11,163110
2009-02-27 16:00:00,15.81,16.27,15.77,16.22,30750
2009-02-27 17:00:00,16.17,16.35,15.83,15.88,66620
2009-02-27 18:00:00,15.87,16.14,15.85,16.07,36200
2009-02-27 19:00:00,16.11,16.11,15.8,16.0,60300
2009-02-27 20:00:00,16.0,16.0,15.91,15.97,136060
2009-02-27 21:00:00,15.97,15.99,15.83,15.9,105980
2009-02-27 22:00:00,15.91,15.95,15.65,15.76,169740
2009-03-02 16:00:00,15.48,15.68,14.9,14.9,55220
2009-03-02 17:00:00,14.92,15.04,14.63,14.79,130570
2009-03-02 18:00:00,14.79,14.83,14.49,14.5,95840
2009-03-02 19:00:00,14.52,14.75,14.52,14.59,78120
2009-03-02 20:00:00,14.6,14.74,14.55,14.7,54190
2009-03-02 21:00:00,14.69,14.7,14.58,14.59,60640
2009-03-02 22:00:00,14.58,14.6,14.48,14.5,163750
2009-03-03 16:00:00,14.67,14.71,14.07,14.11,44400
2009-03-03 17:00:00,14.11,14.34,14.1,14.14,69990
2009-03-03 18:00:00,14.14,14.16,13.7,13.87,68820
2009-03-03 19:00:00,13.88,14.02,13.82,13.85,55820
2009-03-03 20:00:00,13.84,14.0,13.82,13.97,87750
2009-03-03 21:00:00,13.97,14.31,13.92,14.3,96130
2009-03-03 22:00:00,14.29,14.3,14.03,14.09,292040
2009-03-04 16:00:00,14.41,14.54,14.14,14.26,76190
2009-03-04 17:00:00,14.26,14.3,13.59,13.64,218200
2009-03-04 18:00:00,13.64,14.0,13.62,13.94,155650
2009-03-04 19:00:00,13.95,13.98,13.71,13.88,101890
2009-03-04 20:00:00,13.87,13.92,13.76,13.92,140900
2009-03-04 21:00:00,13.92,14.08,13.77,13.9,168010
2009-03-04 22:00:00,13.91,14.21,13.75,13.76,279300
2009-03-05 16:00:00,13.77,13.86,13.37,13.53,43670
2009-03-05 17:00:00,13.53,13.62,13.12,13.15,90580
2009-03-05 18:00:00,13.15,13.4,13.14,13.35,70150
2009-03-05 19:00:00,13.36,13.64,13.34,13.56,65700
2009-03-05 20:00:00,13.54,13.82,13.54,13.69,59870
2009-03-05 21:00:00,13.66,13.66,13.29,13.32,45560
2009-03-05 22:00:00,13.32,13.38,13.11,13.2,136120
2009-03-06 16:00:00,13.03,13.38,12.61,13.13,36850
2009-03-06 17:00:00,13.12,13.56,13.11,13.37,84620
2009-03-06 18:00:00,13.39,13.5,13.24,13.28,57690
2009-03-06 19:00:00,13.29,13.53,13.29,13.5,37000
2009-03-06 20:00:00,13.49,13.51,13.26,13.34,33600
2009-03-06 21:00:00,13.38,13.51,13.33,13.47,80140
2009-03-06 22:00:00,13.46,13.49,13.25,13.42,215400
2009-03-09 16:00:00,13.39,13.48,13.23,13.36,39230
2009-03-09 17:00:00,13.34,13.51,13.1,13.12,82420
2009-03-09 18:00:00,13.12,13.2,12.99,13.16,111390
2009-03-09 19:00:00,13.18,13.28,13.0,13.05,65930
2009-03-09 20:00:00,13.02,13.08,12.8,12.96,104230
2009-03-09 21:00:00,12.94,13.2,12.85,13.04,142720
2009-03-09 22:00:00,13.05,13.31,13.01,13.28,145380
2009-03-10 16:00:00,13.42,13.64,13.26,13.35,47740
2009-03-10 17:00:00,13.38,13.44,13.26,13.31,114770
2009-03-10 18:00:00,13.31,13.67,13.29,13.67,80850
2009-03-10 19:00:00,13.67,13.91,13.6,13.71,59860
2009-03-10 20:00:00,13.74,13.95,13.71,13.9,34510
2009-03-10 21:00:00,13.91,13.95,13.75,13.95,68390
2009-03-10 22:00:00,13.94,14.26,13.88,14.23,154020
2009-03-11 16:00:00,14.45,14.54,14.11,14.49,76550
2009-03-11 17:00:00,14.46,15.04,14.35,15.02,142030
2009-03-11 18:00:00,15.04,15.07,14.55,14.7,202370
2009-03-11 19:00:00,14.7,14.99,14.51,14.53,812620
2009-03-11 20:00:00,14.52,14.67,14.37,14.6,87870
2009-03-11 21:00:00,14.62,14.75,14.51,14.68,47360
2009-03-11 22:00:00,14.67,14.97,14.65,14.8,180490
2009-03-12 16:00:00,14.72,14.76,14.18,14.48,17920
2009-03-12 17:00:00,14.49,14.71,14.27,14.52,364720
2009-03-12 18:00:00,14.51,14.55,14.41,14.5,68410
2009-03-12 19:00:00,14.49,14.62,14.4,14.46,81710
2009-03-12 20:00:00,14.5,14.66,14.43,14.66,175280
2009-03-12 21:00:00,14.66,15.01,14.56,14.9,268560
2009-03-12 22:00:00,14.92,14.96,14.72,14.88,212630
2009-03-13 16:00:00,15.09,15.25,14.67,15.09,90270
2009-03-13 17:00:00,15.12,15.12,14.79,14.83,82680
2009-03-13 18:00:00,14.77,14.91,14.77,14.83,256370
2009-03-13 19:00:00,14.85,14.94,14.78,14.89,64470
2009-03-13 20:00:00,14.91,15.06,14.87,14.93,36090
2009-03-13 21:00:00,14.94,15.07,14.79,14.95,48550
2009-03-13 22:00:00,14.94,15.07,14.9,14.95,92520
2009-03-16 16:00:00,15.25,15.27,14.8,14.97,110440
2009-03-16 17:00:00,14.98,15.01,14.74,14.8,114010
2009-03-16 18:00:00,14.82,14.88,14.65,14.68,51940
2009-03-16 19:00:00,14.68,14.82,14.68,14.79,51780
2009-03-16 20:00:00,14.8,14.88,14.67,14.88,62180
2009-03-16 21:00:00,14.88,15.13,14.86,15.06,56230
2009-03-16 22:00:00,15.01,15.01,14.53,14.59,159250
2009-03-17 16:00:00,14.73,14.92,14.52,14.77,61690
2009-03-17 17:00:00,14.83,15.0,14.68,14.84,42530
2009-03-17 18:00:00,14.82,14.9,14.77,14.87,90230
2009-03-17 19:00:00,14.87,14.89,14.77,14.82,55590
2009-03-17 20:00:00,14.85,14.91,14.82,14.82,88180
2009-03-17 21:00:00,14.82,14.96,14.75,14.9,39050
2009-03-17 22:00:00,14.9,15.0,14.73,14.86,427010
2009-03-18 16:00:00,14.89,15.09,14.69,14.83,38750
2009-03-18 17:00:00,14.81,14.96,14.81,14.96,46680
2009-03-18 18:00:00,14.99,14.99,14.74,14.9,36470
2009-03-18 19:00:00,14.93,14.98,14.84,14.9,51100
2009-03-18 20:00:00,14.9,14.98,14.81,14.93,79600
2009-03-18 21:00:00,14.92,15.1,14.84,15.01,117670
2009-03-18 22:00:00,15.01,15.14,14.78,15.07,256300
2009-03-19 16:00:00,15.3,15.56,15.21,15.47,70690
2009-03-19 17:00:00,15.47,15.98,15.46,15.88,114640
2009-03-19 18:00:00,15.88,16.04,15.8,16.0,78690
2009-03-19 19:00:00,16.0,16.05,15.95,15.96,62520
2009-03-19 20:00:00,15.96,16.05,15.9,15.99,53120
2009-03-19 21:00:00,15.98,16.04,15.78,15.82,90550
2009-03-19 22:00:00,15.82,15.89,15.72,15.75,145570
2009-03-20 16:00:00,15.82,15.82,15.43,15.55,28710
2009-03-20 17:00:00,15.58,15.84,15.51,15.71,25510
2009-03-20 18:00:00,15.71,15.72,15.53,15.57,24700
2009-03-20 19:00:00,15.57,15.63,15.47,15.56,50310
2009-03-20 20:00:00,15.54,15.75,15.54,15.72,99010
2009-03-20 21:00:00,15.73,15.76,15.63,15.71,134440
2009-03-20 22:00:00,15.71,15.85,15.44,15.51,220500
2009-03-23 16:00:00,15.7,16.15,15.64,15.99,24800
2009-03-23 17:00:00,16.03,16.05,15.81,15.88,39930
2009-03-23 18:00:00,15.9,16.02,15.86,15.9,54710
2009-03-23 19:00:00,15.91,16.11,15.87,15.99,35370
2009-03-23 20:00:00,15.96,16.01,15.86,15.97,30380
2009-03-23 21:00:00,15.98,16.03,15.93,15.99,43900
2009-03-23 22:00:00,16.01,16.21,15.98,16.15,325000
2009-03-24 16:00:00,15.74,16.1,15.34,15.88,41000
2009-03-24 17:00:00,15.89,16.15,15.89,16.02,52040
2009-03-24 18:00:00,16.02,16.11,15.99,16.09,31300
2009-03-24 19:00:00,16.1,16.16,15.97,16.13,85840
2009-03-24 20:00:00,16.14,16.34,16.12,16.2,50940
2009-03-24 21:00:00,16.2,16.25,15.98,16.07,32000
2009-03-24 22:00:00,16.09,16.13,15.66,15.66,119510
2009-03-25 16:00:00,15.92,16.12,15.77,15.95,17500
2009-03-25 17:00:00,15.96,16.17,15.94,16.07,48640
2009-03-25 18:00:00,16.05,16.07,15.9,15.91,57500
2009-03-25 19:00:00,15.93,16.03,15.86,15.96,67750
2009-03-25 20:00:00,15.96,16.06,15.86,15.86,57670
2009-03-25 21:00:00,15.87,15.87,15.48,15.62,49450
2009-03-25 22:00:00,15.63,16.13,15.57,16.05,133000
2009-03-26 16:00:00,15.98,16.27,15.87,15.98,28550
2009-03-26 17:00:00,16.02,16.18,15.89,15.89,54920
2009-03-26 18:00:00,15.88,15.98,15.74,15.78,49770
2009-03-26 19:00:00,15.78,15.94,15.65,15.68,61310
2009-03-26 20:00:00,15.69,16.01,15.69,15.96,63090
2009-03-26 21:00:00,15.95,16.02,15.78,15.89,113940
2009-03-26 22:00:00,15.9,16.07,15.78,15.98,169350
2009-03-27 16:00:00,15.84,16.02,15.68,15.8,52000
2009-03-27 17:00:00,15.73,16.34,15.73,16.34,75520
2009-03-27 18:00:00,16.3,16.83,16.29,16.8,87990
2009-03-27 19:00:00,16.81,16.89,16.74,16.81,72800
2009-03-27 20:00:00,16.81,16.95,16.76,16.93,87220
2009-03-27 21:00:00,16.93,17.12,16.88,17.01,97600
2009-03-27 22:00:00,16.99,17.07,16.8,16.9,171720
2009-03-30 16:00:00,16.69,16.84,16.5,16.63,43990
2009-03-30 17:00:00,16.65,16.8,16.59,16.75,162690
2009-03-30 18:00:00,16.75,16.86,16.54,16.62,93410
2009-03-30 19:00:00,16.63,16.63,16.47,16.49,35950
2009-03-30 20:00:00,16.5,16.58,16.45,16.52,67220
2009-03-30 21:00:00,16.51,16.64,16.49,16.49,70570
2009-03-30 22:00:00,16.47,16.55,16.36,16.4,218160
2009-03-31 16:00:00,16.76,16.76,16.27,16.32,22600
2009-03-31 17:00:00,16.28,16.43,16.23,16.37,42300
2009-03-31 18:00:00,16.38,16.52,16.37,16.49,86200
2009-03-31 19:00:00,16.49,16.58,16.45,16.56,51630
2009-03-31 20:00:00,16.55,16.72,16.5,16.65,55020
2009-03-31 21:00:00,16.67,16.82,16.64,16.76,70610
2009-03-31 22:00:00,16.76,16.95,16.75,16.91,279580
2009-04-01 16:00:00,16.53,16.73,16.43,16.54,22860
2009-04-01 17:00:00,16.53,16.99,16.47,16.75,68880
2009-04-01 18:00:00,16.73,16.81,16.52,16.62,35200
2009-04-01 19:00:00,16.64,16.71,16.37,16.37,141810
2009-04-01 20:00:00,16.38,16.56,16.28,16.5,163160
2009-04-01 21:00:00,16.5,16.54,16.29,16.43,60780
2009-04-01 22:00:00,16.43,17.14,16.34,16.95,315750
2009-04-02 16:00:00,17.2,20.21,17.2,19.7,328920
2009-04-02 17:00:00,19.69,19.77,18.82,18.89,178840
2009-04-02 18:00:00,18.96,19.38,18.9,19.3,115800
2009-04-02 19:00:00,19.31,19.61,19.2,19.48,113810
2009-04-02 20:00:00,19.5,19.6,19.07,19.2,127200
2009-04-02 21:00:00,19.17,19.51,19.17,19.36,88610
2009-04-02 22:00:00,19.35,19.39,19.02,19.17,217400
2009-04-03 16:00:00,19.83,20.0,19.5,19.64,104300
2009-04-03 17:00:00,19.63,19.7,19.27,19.34,143160
2009-04-03 18:00:00,19.35,19.51,18.99,19.46,157770
2009-04-03 19:00:00,19.48,19.61,19.37,19.58,87730
2009-04-03 20:00:00,19.57,19.7,19.43,19.66,77940
2009-04-03 21:00:00,19.69,19.74,19.53,19.74,90440
2009-04-03 22:00:00,19.72,19.98,19.59,19.96,210530
2009-04-06 16:00:00,19.82,20.22,19.74,20.01,55640
2009-04-06 17:00:00,20.03,20.32,20.03,20.17,219000
2009-04-06 18:00:00,20.16,20.17,20.02,20.07,63950
2009-04-06 19:00:00,20.06,20.2,19.96,20.2,37770
2009-04-06 20:00:00,20.2,20.26,20.05,20.16,59130
2009-04-06 21:00:00,20.16,20.23,20.07,20.11,93160
2009-04-06 22:00:00,20.12,20.32,20.01,20.28,306270
2009-04-07 16:00:00,20.15,20.66,19.45,20.63,58710
2009-04-07 17:00:00,20.65,20.75,20.48,20.6,305070
2009-04-07 18:00:00,20.58,20.65,20.41,20.5,250540
2009-04-07 19:00:00,20.58,20.65,20.29,20.61,76800
2009-04-07 20:00:00,20.59,20.6,19.96,19.97,79040
2009-04-07 21:00:00,19.96,20.0,19.85,19.91,78280
2009-04-07 22:00:00,19.91,20.06,19.86,19.86,186850
2009-04-08 16:00:00,20.08,20.12,19.7,19.95,35730
2009-04-08 17:00:00,19.99,20.06,19.56,19.61,180040
2009-04-08 18:00:00,19.67,19.78,19.66,19.72,42650
2009-04-08 19:00:00,19.73,19.9,19.72,19.84,63550
2009-04-08 20:00:00,19.86,19.9,19.78,19.83,59310
2009-04-08 21:00:00,19.82,19.85,19.75,19.81,55360
2009-04-08 22:00:00,19.81,20.0,19.72,19.95,162880
2009-04-09 16:00:00,20.2,20.37,20.01,20.11,193540
2009-04-09 17:00:00,20.12,20.34,20.05,20.19,212930
2009-04-09 18:00:00,20.15,20.42,20.15,20.3,164860
2009-04-09 19:00:00,20.3,20.49,20.26,20.38,135190
2009-04-09 20:00:00,20.35,20.46,20.3,20.4,65510
2009-04-09 21:00:00,20.41,20.63,20.38,20.61,113120
2009-04-09 22:00:00,20.61,20.98,20.56,20.93,248210
2009-04-13 16:00:00,20.78,20.87,20.46,20.67,44260
2009-04-13 17:00:00,20.66,20.83,20.55,20.74,146890
2009-04-13 18:00:00,20.7,20.75,20.55,20.69,64740
2009-04-13 19:00:00,20.66,20.71,20.49,20.66,30840
2009-04-13 20:00:00,20.73,20.8,20.59,20.71,54440
2009-04-13 21:00:00,20.75,20.75,20.42,20.43,66790
2009-04-13 22:00:00,20.42,20.8,20.4,20.67,283730
2009-04-14 16:00:00,20.67,20.89,20.43,20.6,213500
2009-04-14 17:00:00,20.6,21.05,20.48,20.99,204870
2009-04-14 18:00:00,20.98,21.05,20.8,20.83,296120
2009-04-14 19:00:00,20.83,20.92,20.68,20.71,43900
2009-04-14 20:00:00,20.71,20.73,20.51,20.55,51000
2009-04-14 21:00:00,20.57,20.6,20.47,20.59,46600
2009-04-14 22:00:00,20.58,20.66,20.19,20.27,125200
2009-04-15 16:00:00,20.2,20.2,19.64,19.68,53380
2009-04-15 17:00:00,19.66,19.89,19.52,19.69,140920
2009-04-15 18:00:00,19.68,20.01,19.63,20.0,87820
2009-04-15 19:00:00,20.0,20.04,19.92,19.99,47940
2009-04-15 20:00:00,20.0,20.02,19.95,20.0,36640
2009-04-15 21:00:00,20.0,20.09,19.91,20.09,72070
2009-04-15 22:00:00,20.08,20.53,20.03,20.51,123400
2009-04-16 16:00:00,20.56,20.69,20.35,20.59,165460
2009-04-16 17:00:00,20.58,20.65,20.41,20.5,68840
2009-04-16 18:00:00,20.5,20.53,20.45,20.51,69310
2009-04-16 19:00:00,20.51,20.6,20.44,20.59,73100
2009-04-16 20:00:00,20.6,20.6,20.46,20.51,39740
2009-04-16 21:00:00,20.52,20.89,20.49,20.8,69240
2009-04-16 22:00:00,20.8,20.99,20.78,20.98,183530
2009-04-17 16:00:00,20.94,21.28,20.94,21.01,71660
2009-04-17 17:00:00,20.98,21.18,20.97,21.16,64260
2009-04-17 18:00:00,21.15,21.26,20.95,20.97,107790
2009-04-17 19:00:00,20.99,21.04,20.9,21.02,64950
2009-04-17 20:00:00,21.04,21.1,20.96,21.04,75170
2009-04-17 21:00:00,21.04,21.39,21.0,21.28,95780
2009-04-17 22:00:00,21.3,21.31,20.93,21.1,213930
2009-04-20 16:00:00,21.02,21.02,20.53,20.55,33340
2009-04-20 17:00:00,20.55,20.59,19.92,20.17,124810
2009-04-20 18:00:00,20.17,20.23,20.1,20.12,85170
2009-04-20 19:00:00,20.11,20.18,20.05,20.17,26800
2009-04-20 20:00:00,20.17,20.18,20.03,20.05,38250
2009-04-20 21:00:00,20.07,20.13,19.93,19.95,48900
2009-04-20 22:00:00,19.95,20.1,19.61,19.68,223590
2009-04-21 16:00:00,19.37,20.03,19.37,19.78,39020
2009-04-21 17:00:00,19.78,20.07,19.73,20.07,118880
2009-04-21 18:00:00,20.07,20.27,20.07,20.23,44300
2009-04-21 19:00:00,20.24,20.91,20.23,20.66,127220
2009-04-21 20:00:00,20.63,20.91,20.63,20.78,69880
2009-04-21 21:00:00,20.79,20.9,20.6,20.77,119620
2009-04-21 22:00:00,20.78,21.48,20.78,21.43,313220
2009-04-22 16:00:00,21.28,21.42,20.91,21.35,25950
2009-04-22 17:00:00,21.36,21.71,21.34,21.35,69370
2009-04-22 18:00:00,21.36,21.43,21.16,21.41,66160
2009-04-22 19:00:00,21.42,21.68,21.29,21.67,69810
2009-04-22 20:00:00,21.67,21.8,21.54,21.77,100730
2009-04-22 21:00:00,21.77,22.05,21.72,21.84,133380
2009-04-22 22:00:00,21.84,21.96,21.31,21.34,216470
2009-04-23 16:00:00,20.8,20.8,19.4,20.14,107840
2009-04-23 17:00:00,20.14,20.36,20.05,20.25,203080
2009-04-23 18:00:00,20.22,20.37,20.17,20.23,117220
2009-04-23 19:00:00,20.24,20.5,20.2,20.39,69590
2009-04-23 20:00:00,20.4,20.46,20.11,20.2,90150
2009-04-23 21:00:00,20.21,20.29,20.04,20.17,111610
2009-04-23 22:00:00,20.19,20.43,20.17,20.42,311750
2009-04-24 16:00:00,20.26,20.39,20.05,20.3,69880
2009-04-24 17:00:00,20.32,20.66,20.3,20.59,169160
2009-04-24 18:00:00,20.59,20.78,20.55,20.78,71460
2009-04-24 19:00:00,20.76,20.83,20.62,20.68,64600
2009-04-24 20:00:00,20.68,20.73,20.47,20.5,62920
2009-04-24 21:00:00,20.47,20.73,20.33,20.52,124020
2009-04-24 22:00:00,20.52,20.64,20.27,20.35,187010
2009-04-27 16:00:00,20.24,20.45,20.15,20.36,134940
2009-04-27 17:00:00,20.35,20.36,20.11,20.34,83370
2009-04-27 18:00:00,20.33,20.44,20.29,20.34,144490
2009-04-27 19:00:00,20.33,20.35,20.19,20.19,35300
2009-04-27 20:00:00,20.19,20.23,20.01,20.03,51290
2009-04-27 21:00:00,20.04,20.3,20.02,20.29,49700
2009-04-27 22:00:00,20.29,20.31,20.07,20.14,175040
2009-04-28 16:00:00,19.81,20.0,19.56,19.68,46600
2009-04-28 17:00:00,19.7,19.88,19.69,19.75,152760
2009-04-28 18:00:00,19.75,19.8,19.69,19.77,114550
2009-04-28 19:00:00,19.77,19.81,19.73,19.75,120640
2009-04-28 20:00:00,19.75,19.76,19.66,19.7,110800
2009-04-28 21:00:00,19.7,19.83,19.7,19.81,75370
2009-04-28 22:00:00,19.81,19.81,19.54,19.57,250900
2009-04-29 16:00:00,19.84,20.03,19.57,19.7,50780
2009-04-29 17:00:00,19.71,20.14,19.71,20.03,141370
2009-04-29 18:00:00,20.03,20.13,19.96,20.1,33720
2009-04-29 19:00:00,20.11,20.42,20.1,20.42,51980
2009-04-29 20:00:00,20.39,20.5,20.35,20.49,51480
2009-04-29 21:00:00,20.48,20.61,20.36,20.55,89200
2009-04-29 22:00:00,20.57,20.61,20.21,20.51,130630
2009-04-30 16:00:00,20.85,21.19,20.43,21.13,253440
2009-04-30 17:00:00,21.14,21.33,20.94,21.24,141310
2009-04-30 18:00:00,21.23,21.38,21.07,21.17,52010
2009-04-30 19:00:00,21.16,21.28,21.07,21.16,54110
2009-04-30 20:00:00,21.18,21.24,20.96,21.17,105040
2009-04-30 21:00:00,21.17,21.19,20.96,21.03,62800
2009-04-30 22:00:00,21.06,21.18,20.84,20.99,155620
2009-05-01 16:00:00,21.44,21.9,21.07,21.7,74810
2009-05-01 17:00:00,21.69,21.88,21.55,21.67,81120
2009-05-01 18:00:00,21.67,21.76,21.65,21.69,48600
2009-05-01 19:00:00,21.68,21.81,21.67,21.69,45530
2009-05-01 20:00:00,21.68,21.75,21.68,21.7,45990
2009-05-01 21:00:00,21.7,21.79,21.6,21.68,73330
2009-05-01 22:00:00,21.68,21.87,21.61,21.8,211360
2009-05-04 16:00:00,22.06,22.07,21.73,21.8,25180
2009-05-04 17:00:00,21.78,21.91,21.59,21.62,61410
2009-05-04 18:00:00,21.61,21.72,21.26,21.28,71310
2009-05-04 19:00:00,21.28,21.46,21.28,21.33,67130
2009-05-04 20:00:00,21.33,21.49,21.33,21.36,38920
2009-05-04 21:00:00,21.38,21.65,21.33,21.58,70070
2009-05-04 22:00:00,21.58,22.33,21.57,22.32,248810
2009-05-05 16:00:00,22.1,22.35,21.92,22.09,29700
2009-05-05 17:00:00,22.11,22.43,22.1,22.33,100490
2009-05-05 18:00:00,22.33,22.63,22.33,22.57,46680
2009-05-05 19:00:00,22.57,22.59,22.2,22.26,57890
2009-05-05 20:00:00,22.25,22.33,22.13,22.32,34470
2009-05-05 21:00:00,22.32,22.56,22.27,22.55,57640
2009-05-05 22:00:00,22.54,22.67,22.42,22.5,151280
2009-05-06 16:00:00,22.59,22.89,22.34,22.86,53690
2009-05-06 17:00:00,22.86,22.94,22.53,22.94,81120
2009-05-06 18:00:00,22.93,23.05,22.74,23.03,54910
2009-05-06 19:00:00,23.0,23.04,22.75,22.75,47580
2009-05-06 20:00:00,22.72,22.73,22.55,22.63,57780
2009-05-06 21:00:00,22.66,22.95,22.63,22.76,101440
2009-05-06 22:00:00,22.76,22.84,22.41,22.74,315950
2009-05-07 16:00:00,23.06,23.11,22.74,22.89,57110
2009-05-07 17:00:00,22.9,22.98,22.23,22.51,77860
2009-05-07 18:00:00,22.51,22.67,22.11,22.66,51190
2009-05-07 19:00:00,22.66,22.72,22.55,22.71,50000
2009-05-07 20:00:00,22.7,22.74,22.45,22.47,81730
2009-05-07 21:00:00,22.47,22.5,22.16,22.4,140610
2009-05-07 22:00:00,22.39,22.42,22.05,22.24,117500
2009-05-08 16:00:00,22.64,22.95,22.34,22.88,38960
2009-05-08 17:00:00,22.89,22.97,22.6,22.74,62940
2009-05-08 18:00:00,22.75,22.82,22.61,22.8,34910
2009-05-08 19:00:00,22.81,22.89,22.74,22.89,36190
2009-05-08 20:00:00,22.9,23.06,22.9,22.95,33230
2009-05-08 21:00:00,22.97,23.2,22.96,23.2,61010
2009-05-08 22:00:00,23.18,23.63,23.02,23.57,208440
2009-05-11 16:00:00,23.39,23.68,23.16,23.16,31780
2009-05-11 17:00:00,23.16,23.64,23.1,23.62,68890
2009-05-11 18:00:00,23.62,24.08,23.61,23.61,54300
2009-05-11 19:00:00,23.6,23.94,23.52,23.89,49470
2009-05-11 20:00:00,23.89,24.04,23.76,23.78,62880
2009-05-11 21:00:00,23.8,23.92,23.77,23.84,91120
2009-05-11 22:00:00,23.82,23.86,23.5,23.59,203240
2009-05-12 16:00:00,23.85,23.85,23.35,23.61,53130
2009-05-12 17:00:00,23.6,23.61,23.16,23.22,89570
2009-05-12 18:00:00,23.25,23.41,23.17,23.25,112890
2009-05-12 19:00:00,23.28,23.32,23.11,23.17,58350
2009-05-12 20:00:00,23.18,23.4,23.0,23.0,71970
2009-05-12 21:00:00,23.01,23.28,22.94,23.24,43140
2009-05-12 22:00:00,23.26,23.53,23.15,23.27,142790
2009-05-13 16:00:00,22.77,23.25,22.69,22.79,65180
2009-05-13 17:00:00,22.75,22.93,22.71,22.82,90930
2009-05-13 18:00:00,22.84,22.88,22.68,22.69,21610
2009-05-13 19:00:00,22.69,22.72,22.36,22.39,35140
2009-05-13 20:00:00,22.39,22.39,21.85,21.85,147310
2009-05-13 21:00:00,21.85,21.95,21.61,21.92,124300
2009-05-13 22:00:00,21.93,22.05,21.85,21.95,214540
2009-05-14 16:00:00,22.02,22.1,21.64,21.7,24100
2009-05-14 17:00:00,21.77,22.31,21.76,22.26,55840
2009-05-14 18:00:00,22.28,22.36,22.18,22.34,69360
2009-05-14 19:00:00,22.34,22.57,22.3,22.49,59920
2009-05-14 20:00:00,22.49,22.78,22.45,22.7,31310
2009-05-14 21:00:00,22.72,22.8,22.64,22.67,48700
2009-05-14 22:00:00,22.66,22.76,22.55,22.63,177960
2009-05-15 16:00:00,22.52,22.95,22.52,22.9,24600
2009-05-15 17:00:00,22.91,23.0,22.88,22.94,23620
2009-05-15 18:00:00,22.93,23.2,22.93,23.11,80180
2009-05-15 19:00:00,23.13,23.23,22.98,23.07,224140
2009-05-15 20:00:00,23.04,23.22,23.01,23.21,53020
2009-05-15 21:00:00,23.21,23.32,23.2,23.28,108520
2009-05-15 22:00:00,23.25,23.34,22.99,23.1,208820
2009-05-18 16:00:00,23.58,23.86,23.41,23.42,101580
2009-05-18 17:00:00,23.41,23.42,23.11,23.11,90270
2009-05-18 18:00:00,23.13,23.3,23.05,23.26,59540
2009-05-18 19:00:00,23.27,23.45,23.26,23.4,27590
2009-05-18 20:00:00,23.4,23.45,23.13,23.2,79240
2009-05-18 21:00:00,23.2,23.31,23.08,23.19,59320
2009-05-18 22:00:00,23.19,23.55,23.13,23.44,306410
2009-05-19 16:00:00,21.44,21.51,20.25,21.4,4936170
2009-05-19 17:00:00,21.4,21.57,21.17,21.35,1932310
2009-05-19 18:00:00,21.34,21.47,21.3,21.39,409560
2009-05-19 19:00:00,21.39,21.51,21.3,21.31,347780
2009-05-19 20:00:00,21.32,21.41,21.2,21.38,833180
2009-05-19 21:00:00,21.38,21.4,21.29,21.39,711790
2009-05-19 22:00:00,21.38,21.59,21.3,21.53,2695260
2009-05-20 16:00:00,21.6,21.95,21.6,21.84,656090
2009-05-20 17:00:00,21.83,21.98,21.61,21.64,625760
2009-05-20 18:00:00,21.64,21.64,21.41,21.45,727990
2009-05-20 19:00:00,21.46,21.46,21.33,21.35,351870
2009-05-20 20:00:00,21.36,21.59,21.29,21.42,183550
2009-05-20 21:00:00,21.42,21.95,21.32,21.93,278830
2009-05-20 22:00:00,21.93,21.94,21.08,21.3,546810
2009-05-21 16:00:00,21.25,21.6,21.08,21.38,214320
2009-05-21 17:00:00,21.35,21.45,21.09,21.1,264740
2009-05-21 18:00:00,21.1,21.24,20.99,21.18,295200
2009-05-21 19:00:00,21.14,21.21,21.13,21.19,57700
2009-05-21 20:00:00,21.18,21.18,21.0,21.01,227820
2009-05-21 21:00:00,21.01,21.02,20.87,20.98,496100
2009-05-21 22:00:00,20.98,21.16,20.96,21.04,290340
2009-05-22 16:00:00,20.92,21.12,20.15,20.27,266740
2009-05-22 17:00:00,20.27,20.82,20.25,20.82,512300
2009-05-22 18:00:00,20.82,20.82,20.52,20.74,234210
2009-05-22 19:00:00,20.73,20.76,20.68,20.73,142260
2009-05-22 20:00:00,20.73,20.84,20.69,20.83,84450
2009-05-22 21:00:00,20.83,20.89,20.73,20.87,88610
2009-05-22 22:00:00,20.89,20.89,20.66,20.7,217690
2009-05-26 16:00:00,20.72,20.83,20.52,20.77,153450
2009-05-26 17:00:00,20.77,21.29,20.72,21.1,234020
2009-05-26 18:00:00,21.09,21.61,21.08,21.52,349880
2009-05-26 19:00:00,21.53,21.54,21.31,21.42,218660
2009-05-26 20:00:00,21.43,21.57,21.37,21.47,145860
2009-05-26 21:00:00,21.47,21.62,21.44,21.52,203630
2009-05-26 22:00:00,21.52,21.86,21.41,21.81,395730
2009-05-27 16:00:00,21.66,21.88,21.35,21.52,137980
2009-05-27 17:00:00,21.52,21.68,21.45,21.55,263260
2009-05-27 18:00:00,21.55,21.55,20.97,20.97,254610
2009-05-27 19:00:00,20.97,21.07,20.8,21.04,255120
2009-05-27 20:00:00,21.04,21.15,20.88,20.93,167220
2009-05-27 21:00:00,20.93,20.97,20.64,20.65,257090
2009-05-27 22:00:00,20.65,20.79,20.31,20.51,648670
2009-05-28 16:00:00,20.91,21.14,20.6,20.83,92500
2009-05-28 17:00:00,20.86,20.91,20.48,20.77,169450
2009-05-28 18:00:00,20.75,20.8,20.59,20.76,95420
2009-05-28 19:00:00,20.76,20.76,20.5,20.55,88190
2009-05-28 20:00:00,20.55,20.64,20.48,20.55,79690
2009-05-28 21:00:00,20.56,21.1,20.55,20.81,145380
2009-05-28 22:00:00,20.79,20.88,20.46,20.68,242220
2009-05-29 16:00:00,20.93,20.93,20.53,20.7,44370
2009-05-29 17:00:00,20.7,21.43,20.68,21.2,229970
2009-05-29 18:00:00,21.2,21.31,21.07,21.13,96960
2009-05-29 19:00:00,21.13,21.16,21.01,21.04,81360
2009-05-29 20:00:00,21.05,21.14,20.95,21.03,86690
2009-05-29 21:00:00,21.06,21.18,20.9,20.94,107500
2009-05-29 22:00:00,20.94,21.32,20.9,21.24,213350
2009-06-01 16:00:00,21.47,22.15,21.35,22.0,263100
2009-06-01 17:00:00,22.0,22.3,21.98,22.13,380860
2009-06-01 18:00:00,22.14,22.38,21.95,22.38,171070
2009-06-01 19:00:00,22.38,22.5,22.16,22.46,220780
2009-06-01 20:00:00,22.47,22.48,22.33,22.37,207670
2009-06-01 21:00:00,22.36,22.39,22.2,22.23,143550
2009-06-01 22:00:00,22.23,22.51,22.13,22.47,396510
2009-06-02 16:00:00,22.49,22.78,22.33,22.6,155620
2009-06-02 17:00:00,22.64,22.64,22.44,22.6,298240
2009-06-02 18:00:00,22.6,22.73,22.54,22.73,137440
2009-06-02 19:00:00,22.73,22.87,22.66,22.71,131840
2009-06-02 20:00:00,22.72,22.92,22.61,22.86,88730
2009-06-02 21:00:00,22.86,23.05,22.85,23.0,164660
2009-06-02 22:00:00,23.0,23.23,22.99,23.15,382630
2009-06-03 16:00:00,22.77,22.77,22.42,22.61,100190
2009-06-03 17:00:00,22.59,22.75,22.53,22.55,107630
2009-06-03 18:00:00,22.54,22.89,22.51,22.73,114910
2009-06-03 19:00:00,22.73,22.79,22.54,22.58,127780
2009-06-03 20:00:00,22.59,22.59,22.55,22.58,103490
2009-06-03 21:00:00,22.59,22.66,22.54,22.64,208870
2009-06-03 22:00:00,22.64,22.77,22.44,22.72,378410
2009-06-04 16:00:00,22.8,23.88,22.63,23.87,279370
2009-06-04 17:00:00,23.83,23.87,23.39,23.74,287830
2009-06-04 18:00:00,23.7,23.8,23.65,23.78,236840
2009-06-04 19:00:00,23.77,24.48,23.75,24.41,474260
2009-06-04 20:00:00,24.41,24.56,24.11,24.14,562580
2009-06-04 21:00:00,24.12,24.14,23.85,23.92,119950
2009-06-04 22:00:00,23.93,23.94,23.66,23.77,596380
2009-06-05 16:00:00,23.71,23.77,23.06,23.25,231330
2009-06-05 17:00:00,23.24,23.54,23.12,23.5,310500
2009-06-05 18:00:00,23.5,23.51,23.39,23.47,265410
2009-06-05 19:00:00,23.46,23.47,23.11,23.23,188370
2009-06-05 20:00:00,23.24,23.3,23.17,23.24,88140
2009-06-05 21:00:00,23.25,23.26,22.63,22.68,395120
2009-06-05 22:00:00,22.66,23.11,22.64,22.94,210350
2009-06-08 16:00:00,22.7,22.76,22.05,22.31,55250
2009-06-08 17:00:00,22.29,22.72,22.21,22.53,53530
2009-06-08 18:00:00,22.51,22.62,22.41,22.5,71420
2009-06-08 19:00:00,22.49,22.57,22.29,22.46,71980
2009-06-08 20:00:00,22.44,22.47,22.29,22.38,78060
2009-06-08 21:00:00,22.36,22.47,22.31,22.45,98050
2009-06-08 22:00:00,22.45,22.66,22.41,22.54,175950
2009-06-09 16:00:00,22.36,23.5,22.36,23.15,337910
2009-06-09 17:00:00,23.15,23.18,22.89,22.98,183430
2009-06-09 18:00:00,22.97,23.19,22.97,23.18,76040
2009-06-09 19:00:00,23.19,23.25,23.04,23.06,114570
2009-06-09 20:00:00,23.05,23.18,23.0,23.15,111910
2009-06-09 21:00:00,23.14,23.21,23.07,23.21,113050
2009-06-09 22:00:00,23.21,23.31,23.15,23.25,863110
2009-06-10 16:00:00,23.36,23.36,22.71,23.25,361560
2009-06-10 17:00:00,23.25,23.31,23.02,23.23,126340
2009-06-10 18:00:00,23.24,23.25,23.18,23.23,165930
2009-06-10 19:00:00,23.23,23.25,23.22,23.25,125770
2009-06-10 20:00:00,23.25,23.29,23.23,23.26,99580
2009-06-10 21:00:00,23.27,23.29,23.21,23.25,200070
2009-06-10 22:00:00,23.25,23.35,23.12,23.23,312130
2009-06-11 16:00:00,23.28,23.32,22.99,23.09,178790
2009-06-11 17:00:00,23.07,23.37,23.07,23.36,302460
2009-06-11 18:00:00,23.36,23.52,23.26,23.33,104590
2009-06-11 19:00:00,23.32,23.52,23.25,23.52,64340
2009-06-11 20:00:00,23.51,23.7,23.47,23.69,82290
2009-06-11 21:00:00,23.71,23.9,23.63,23.9,103100
2009-06-11 22:00:00,23.91,24.03,23.79,23.93,264330
2009-06-12 16:00:00,23.5,24.14,23.5,23.98,98870
2009-06-12 17:00:00,24.0,24.06,23.95,24.02,165520
2009-06-12 18:00:00,24.01,24.07,23.85,23.88,111370
2009-06-12 19:00:00,23.88,23.93,23.82,23.89,147310
2009-06-12 20:00:00,23.89,23.92,23.82,23.82,243100
2009-06-12 21:00:00,23.82,24.04,23.77,23.94,378410
2009-06-12 22:00:00,23.94,24.02,23.82,23.92,389250
2009-06-15 16:00:00,23.7,23.93,23.63,23.83,141680
2009-06-15 17:00:00,23.8,23.81,23.57,23.67,486710
2009-06-15 18:00:00,23.67,23.67,23.29,23.41,180780
2009-06-15 19:00:00,23.4,23.54,23.18,23.51,157650
2009-06-15 20:00:00,23.5,23.55,23.38,23.46,71840
2009-06-15 21:00:00,23.45,23.55,23.38,23.42,210360
2009-06-15 22:00:00,23.41,23.66,23.41,23.55,424910
2009-06-16 16:00:00,23.79,24.05,23.79,24.0,233040
2009-06-16 17:00:00,24.0,24.06,23.72,23.92,1462340
2009-06-16 18:00:00,23.95,23.98,23.43,23.47,121450
2009-06-16 19:00:00,23.48,23.52,23.02,23.04,116480
2009-06-16 20:00:00,23.03,23.03,22.22,22.47,399120
2009-06-16 21:00:00,22.47,23.02,22.46,22.99,117090
2009-06-16 22:00:00,22.99,23.06,22.68,22.77,228850
2009-06-17 16:00:00,22.8,23.02,22.73,22.92,64830
2009-06-17 17:00:00,22.9,23.35,22.8,23.33,175540
2009-06-17 18:00:00,23.33,23.38,23.22,23.33,144740
2009-06-17 19:00:00,23.33,23.52,23.29,23.47,106040
2009-06-17 20:00:00,23.47,23.54,23.22,23.5,440240
2009-06-17 21:00:00,23.51,23.66,23.49,23.53,139220
2009-06-17 22:00:00,23.53,23.58,23.34,23.4,158410
2009-06-18 16:00:00,23.26,23.36,23.09,23.19,56650
2009-06-18 17:00:00,23.2,23.54,23.15,23.53,56320
2009-06-18 18:00:00,23.51,23.65,23.49,23.65,80440
2009-06-18 19:00:00,23.65,23.94,23.62,23.93,99210
2009-06-18 20:00:00,23.94,24.09,23.93,24.01,130490
2009-06-18 21:00:00,24.01,24.02,23.9,24.0,86020
2009-06-18 22:00:00,24.01,24.05,23.94,24.0,286010
2009-06-19 16:00:00,24.0,24.0,23.72,23.94,93210
2009-06-19 17:00:00,23.95,23.96,23.51,23.66,153800
2009-06-19 18:00:00,23.68,23.76,23.58,23.72,59500
2009-06-19 19:00:00,23.72,23.72,23.44,23.47,61460
2009-06-19 20:00:00,23.47,23.75,23.47,23.63,72620
2009-06-19 21:00:00,23.64,23.73,23.54,23.54,152300
2009-06-19 22:00:00,23.54,23.88,23.52,23.83,191920
2009-06-22 16:00:00,23.68,23.72,23.18,23.18,140540
2009-06-22 17:00:00,23.18,23.54,23.18,23.53,153160
2009-06-22 18:00:00,23.51,23.62,23.21,23.22,137890
2009-06-22 19:00:00,23.22,23.24,22.88,22.98,66520
2009-06-22 20:00:00,22.98,23.0,22.88,23.0,58230
2009-06-22 21:00:00,22.99,23.06,22.95,23.0,78370
2009-06-22 22:00:00,23.0,23.1,22.72,22.75,213910
2009-06-23 16:00:00,22.86,22.92,22.44,22.5,44950
2009-06-23 17:00:00,22.45,22.82,22.28,22.79,170020
2009-06-23 18:00:00,22.79,23.03,22.59,22.95,134810
2009-06-23 19:00:00,22.95,23.29,22.95,23.16,184720
2009-06-23 20:00:00,23.19,23.49,23.18,23.35,136760
2009-06-23 21:00:00,23.35,23.43,23.27,23.33,105100
2009-06-23 22:00:00,23.33,23.39,23.24,23.27,215390
2009-06-24 16:00:00,23.42,23.52,23.14,23.5,121520
2009-06-24 17:00:00,23.48,23.57,23.33,23.4,87030
2009-06-24 18:00:00,23.4,23.85,23.38,23.76,148360
2009-06-24 19:00:00,23.75,23.75,23.54,23.55,152600
2009-06-24 20:00:00,23.55,24.04,23.54,24.03,319560
2009-06-24 21:00:00,24.02,24.18,23.88,24.1,211530
2009-06-24 22:00:00,24.11,24.21,23.82,24.0,320590
2009-06-25 16:00:00,24.02,24.72,23.86,24.59,130390
2009-06-25 17:00:00,24.59,24.92,24.58,24.79,194900
2009-06-25 18:00:00,24.82,24.9,24.78,24.82,118020
2009-06-25 19:00:00,24.83,25.02,24.76,24.95,113010
2009-06-25 20:00:00,24.96,25.0,24.78,24.78,170560
2009-06-25 21:00:00,24.78,24.84,24.57,24.83,131620
2009-06-25 22:00:00,24.82,24.98,24.65,24.89,265090
2009-06-26 16:00:00,24.82,25.16,24.46,25.01,134030
2009-06-26 17:00:00,25.02,25.52,24.95,25.51,214910
2009-06-26 18:00:00,25.51,25.67,25.18,25.2,154940
2009-06-26 19:00:00,25.21,25.43,25.11,25.42,131560
2009-06-26 20:00:00,25.42,25.42,24.68,24.73,123390
2009-06-26 21:00:00,24.73,25.35,24.61,25.32,184020
2009-06-26 22:00:00,25.33,25.34,24.85,24.85,527820
2009-06-29 16:00:00,25.18,25.19,23.66,23.81,98240
2009-06-29 17:00:00,23.83,24.37,23.83,24.35,124810
2009-06-29 18:00:00,24.35,24.46,24.21,24.24,117510
2009-06-29 19:00:00,24.25,24.28,24.15,24.18,113660
2009-06-29 20:00:00,24.17,24.3,24.16,24.25,578630
2009-06-29 21:00:00,24.26,24.56,24.24,24.52,108750
2009-06-29 22:00:00,24.54,24.69,24.52,24.55,238010
2009-06-30 16:00:00,24.37,24.6,24.13,24.57,752720
2009-06-30 17:00:00,24.57,24.57,24.11,24.32,166010
2009-06-30 18:00:00,24.32,24.45,24.27,24.31,121180
2009-06-30 19:00:00,24.31,24.36,24.14,24.25,130020
2009-06-30 20:00:00,24.23,24.36,24.23,24.27,105920
2009-06-30 21:00:00,24.28,24.39,24.25,24.37,121180
2009-06-30 22:00:00,24.36,24.69,24.36,24.44,295600
2009-07-01 16:00:00,24.5,24.75,24.32,24.52,263800
2009-07-01 17:00:00,24.52,24.52,24.22,24.3,203020
2009-07-01 18:00:00,24.31,24.49,24.3,24.41,82050
2009-07-01 19:00:00,24.42,24.45,24.29,24.35,80280
2009-07-01 20:00:00,24.34,24.4,24.29,24.35,126540
2009-07-01 21:00:00,24.35,24.51,24.2,24.38,251960
2009-07-01 22:00:00,24.39,24.39,24.0,24.07,582020
2009-07-02 16:00:00,24.39,24.5,23.55,23.94,208230
2009-07-02 17:00:00,23.96,24.47,23.92,24.44,153100
2009-07-02 18:00:00,24.42,24.69,24.33,24.55,149730
2009-07-02 19:00:00,24.56,24.74,24.5,24.58,143180
2009-07-02 20:00:00,24.58,24.7,24.55,24.65,157600
2009-07-02 21:00:00,24.65,24.87,24.59,24.85,189430
2009-07-02 22:00:00,24.84,24.87,24.59,24.74,318490
2009-07-06 16:00:00,24.57,25.15,24.34,24.62,73400
2009-07-06 17:00:00,24.63,24.73,24.45,24.49,120870
2009-07-06 18:00:00,24.52,24.54,24.38,24.39,92750
2009-07-06 19:00:00,24.39,24.5,24.24,24.27,57700
2009-07-06 20:00:00,24.26,24.42,24.26,24.3,115720
2009-07-06 21:00:00,24.3,24.54,24.25,24.47,122050
2009-07-06 22:00:00,24.47,24.87,24.46,24.81,392330
2009-07-07 16:00:00,24.99,25.2,24.94,25.0,95650
2009-07-07 17:00:00,25.0,25.0,24.73,24.89,84680
2009-07-07 18:00:00,24.89,24.95,24.71,24.76,74400
2009-07-07 19:00:00,24.76,24.79,24.48,24.53,49590
2009-07-07 20:00:00,24.54,24.65,24.53,24.59,74150
2009-07-07 21:00:00,24.59,24.63,24.54,24.59,112180
2009-07-07 22:00:00,24.57,24.61,24.25,24.3,246800
2009-07-08 16:00:00,24.26,24.49,24.09,24.09,47160
2009-07-08 17:00:00,24.12,24.35,24.12,24.26,87630
2009-07-08 18:00:00,24.26,24.33,24.07,24.22,98830
2009-07-08 19:00:00,24.24,24.24,23.97,23.97,64340
2009-07-08 20:00:00,23.96,24.16,23.96,24.02,55820
2009-07-08 21:00:00,24.02,24.17,23.97,24.1,104530
2009-07-08 22:00:00,24.1,24.27,23.92,24.24,235490
2009-07-09 16:00:00,24.48,24.79,24.27,24.53,69620
2009-07-09 17:00:00,24.56,25.11,24.51,25.02,105310
2009-07-09 18:00:00,25.01,25.08,24.9,24.92,142060
2009-07-09 19:00:00,24.92,24.95,24.89,24.9,88050
2009-07-09 20:00:00,24.9,24.91,24.76,24.79,107590
2009-07-09 21:00:00,24.78,24.81,24.55,24.58,106830
2009-07-09 22:00:00,24.59,24.64,24.46,24.6,235240
2009-07-10 16:00:00,24.21,25.06,24.2,25.05,137320
2009-07-10 17:00:00,25.04,25.06,24.94,24.96,161840
2009-07-10 18:00:00,24.97,24.97,24.79,24.87,100500
2009-07-10 19:00:00,24.86,25.01,24.85,24.86,156350
2009-07-10 20:00:00,24.86,24.96,24.82,24.92,52400
2009-07-10 21:00:00,24.92,25.09,24.85,25.09,190840
2009-07-10 22:00:00,25.09,25.19,24.94,25.03,325020
2009-07-13 16:00:00,25.16,25.18,24.78,24.86,42150
2009-07-13 17:00:00,24.9,25.22,24.74,25.1,64260
2009-07-13 18:00:00,25.08,25.23,25.01,25.2,54920
2009-07-13 19:00:00,25.23,25.26,25.16,25.26,51970
2009-07-13 20:00:00,25.26,25.43,25.25,25.42,47100
2009-07-13 21:00:00,25.4,25.47,25.34,25.41,50760
2009-07-13 22:00:00,25.38,25.75,25.34,25.72,249710
2009-07-14 16:00:00,25.79,25.8,25.42,25.7,43130
2009-07-14 17:00:00,25.7,25.78,25.39,25.51,80040
2009-07-14 18:00:00,25.51,25.61,25.47,25.52,40900
2009-07-14 19:00:00,25.53,25.62,25.37,25.58,57570
2009-07-14 20:00:00,25.58,25.64,25.54,25.58,151640
2009-07-14 21:00:00,25.6,25.63,25.52,25.56,74570
2009-07-14 22:00:00,25.56,25.62,25.52,25.57,112700
2009-07-15 16:00:00,25.81,26.4,25.49,26.39,168990
2009-07-15 17:00:00,26.39,26.4,25.94,25.97,171370
2009-07-15 18:00:00,25.97,26.28,25.92,26.19,116190
2009-07-15 19:00:00,26.17,26.27,26.16,26.2,64940
2009-07-15 20:00:00,26.19,26.24,26.06,26.2,66240
2009-07-15 21:00:00,26.19,26.26,26.13,26.18,108720
2009-07-15 22:00:00,26.2,26.29,26.09,26.28,324390
2009-07-16 16:00:00,26.37,26.37,25.96,26.05,81810
2009-07-16 17:00:00,26.03,26.07,25.86,25.9,85830
2009-07-16 18:00:00,25.9,25.9,25.73,25.82,55400
2009-07-16 19:00:00,25.81,26.05,25.81,26.02,60270
2009-07-16 20:00:00,26.02,26.05,25.93,25.97,50710
2009-07-16 21:00:00,25.97,26.43,25.95,26.42,116810
2009-07-16 22:00:00,26.43,26.55,26.25,26.3,188630
2009-07-17 16:00:00,26.24,26.44,25.84,26.23,32630
2009-07-17 17:00:00,26.2,26.79,26.1,26.78,90830
2009-07-17 18:00:00,26.78,26.99,26.59,26.96,83610
2009-07-17 19:00:00,26.96,26.96,26.65,26.75,46160
2009-07-17 20:00:00,26.73,26.84,26.7,26.75,26940
2009-07-17 21:00:00,26.74,26.74,26.52,26.54,36220
2009-07-17 22:00:00,26.55,26.74,26.53,26.71,102690
2009-07-20 16:00:00,26.72,27.14,26.71,27.13,29440
2009-07-20 17:00:00,27.14,27.3,27.12,27.19,89880
2009-07-20 18:00:00,27.19,27.26,27.1,27.17,182350
2009-07-20 19:00:00,27.16,27.2,26.86,26.89,80950
2009-07-20 20:00:00,26.87,26.91,26.74,26.85,73500
2009-07-20 21:00:00,26.84,26.92,26.64,26.66,57870
2009-07-20 22:00:00,26.65,26.9,26.65,26.83,123590
2009-07-21 16:00:00,26.86,26.89,26.43,26.48,49580
2009-07-21 17:00:00,26.48,26.49,25.91,26.03,104700
2009-07-21 18:00:00,26.03,26.06,25.88,25.9,89440
2009-07-21 19:00:00,25.9,25.93,25.66,25.71,85270
2009-07-21 20:00:00,25.66,25.9,25.6,25.81,80410
2009-07-21 21:00:00,25.82,25.92,25.75,25.92,81730
2009-07-21 22:00:00,25.92,25.93,25.68,25.76,251690
2009-07-22 16:00:00,25.5,25.55,25.27,25.48,43040
2009-07-22 17:00:00,25.5,25.52,25.15,25.21,95060
2009-07-22 18:00:00,25.21,25.23,24.95,25.08,143800
2009-07-22 19:00:00,25.08,25.24,25.04,25.21,79580
2009-07-22 20:00:00,25.22,25.53,25.21,25.49,97220
2009-07-22 21:00:00,25.5,25.53,25.35,25.44,63520
2009-07-22 22:00:00,25.43,25.51,25.35,25.36,125090
2009-07-23 16:00:00,25.31,25.46,25.09,25.44,19890
2009-07-23 17:00:00,25.44,25.97,25.41,25.97,97820
2009-07-23 18:00:00,25.96,26.4,25.95,26.31,146470
2009-07-23 19:00:00,26.31,26.51,26.21,26.39,59610
2009-07-23 20:00:00,26.39,26.47,26.3,26.45,60740
2009-07-23 21:00:00,26.45,26.5,26.27,26.49,61540
2009-07-23 22:00:00,26.49,26.52,26.41,26.49,299640
2009-07-24 16:00:00,26.51,26.6,25.81,26.37,23680
2009-07-24 17:00:00,26.36,26.54,26.35,26.53,37270
2009-07-24 18:00:00,26.53,26.59,26.4,26.51,24770
2009-07-24 19:00:00,26.51,26.55,26.4,26.53,18410
2009-07-24 20:00:00,26.53,26.56,26.45,26.51,26890
2009-07-24 21:00:00,26.51,26.54,26.43,26.43,30770
2009-07-24 22:00:00,26.43,26.53,26.36,26.44,39840
2009-07-27 16:00:00,26.24,26.51,26.03,26.36,20550
2009-07-27 17:00:00,26.4,26.55,26.31,26.54,30120
2009-07-27 18:00:00,26.53,26.62,26.41,26.41,18640
2009-07-27 19:00:00,26.41,26.43,26.27,26.28,12670
2009-07-27 20:00:00,26.28,26.49,26.27,26.48,8700
2009-07-27 21:00:00,26.48,26.49,26.38,26.41,45300
2009-07-27 22:00:00,26.41,26.53,26.29,26.48,78440
2009-07-28 16:00:00,26.56,26.75,26.38,26.48,77780
2009-07-28 17:00:00,26.47,26.47,26.29,26.35,47750
2009-07-28 18:00:00,26.35,26.38,26.14,26.29,25380
2009-07-28 19:00:00,26.27,26.31,26.24,26.26,21050
2009-07-28 20:00:00,26.25,26.33,26.23,26.33,36230
2009-07-28 21:00:00,26.34,26.59,26.31,26.36,53520
2009-07-28 22:00:00,26.37,26.44,26.33,26.37,95950
2009-07-29 16:00:00,26.33,26.42,25.56,26.17,22220
2009-07-29 17:00:00,26.21,26.21,25.9,26.07,33580
2009-07-29 18:00:00,26.08,26.12,25.94,26.1,21890
2009-07-29 19:00:00,26.1,26.13,26.05,26.07,30640
2009-07-29 20:00:00,26.07,26.13,25.96,26.0,194070
2009-07-29 21:00:00,25.99,26.02,25.97,26.0,45370
2009-07-29 22:00:00,26.0,26.49,25.99,26.39,122230
2009-07-30 16:00:00,26.87,27.0,26.36,26.82,33000
2009-07-30 17:00:00,26.86,27.35,26.8,27.33,51880
2009-07-30 18:00:00,27.34,27.46,27.31,27.43,71990
2009-07-30 19:00:00,27.44,27.48,27.39,27.44,42220
2009-07-30 20:00:00,27.45,27.57,27.35,27.37,43440
2009-07-30 21:00:00,27.36,27.57,27.36,27.49,67130
2009-07-30 22:00:00,27.5,27.51,27.12,27.2,270690
2009-07-31 16:00:00,26.99,27.28,26.72,27.22,17860
2009-07-31 17:00:00,27.15,27.52,27.06,27.5,36540
2009-07-31 18:00:00,27.52,28.0,27.49,27.92,205990
2009-07-31 19:00:00,27.95,28.13,27.92,28.0,64940
2009-07-31 20:00:00,28.0,28.13,27.98,28.01,88210
2009-07-31 21:00:00,28.0,28.03,27.89,27.98,138080
2009-07-31 22:00:00,27.97,28.04,27.9,27.95,140260
2009-08-03 16:00:00,28.36,28.65,28.12,28.44,76710
2009-08-03 17:00:00,28.47,28.56,28.1,28.13,88600
2009-08-03 18:00:00,28.13,28.46,28.11,28.42,31950
2009-08-03 19:00:00,28.42,28.43,28.29,28.29,43850
2009-08-03 20:00:00,28.29,28.32,28.18,28.31,46680
2009-08-03 21:00:00,28.31,28.32,28.2,28.25,45490
2009-08-03 22:00:00,28.25,28.49,28.19,28.49,126540
2009-08-04 16:00:00,28.19,28.71,28.11,28.25,33690
2009-08-04 17:00:00,28.31,28.46,28.19,28.25,82620
2009-08-04 18:00:00,28.23,28.42,28.03,28.06,69460
2009-08-04 19:00:00,28.06,28.12,28.0,28.09,95390
2009-08-04 20:00:00,28.1,28.1,27.99,28.01,62400
2009-08-04 21:00:00,28.02,28.11,27.91,27.93,147310
2009-08-04 22:00:00,27.93,28.05,27.88,28.05,208890
2009-08-05 16:00:00,28.3,28.3,27.54,27.56,21790
2009-08-05 17:00:00,27.56,27.56,27.31,27.5,51900
2009-08-05 18:00:00,27.5,27.56,27.46,27.55,39220
2009-08-05 19:00:00,27.56,27.59,27.33,27.34,20850
2009-08-05 20:00:00,27.34,27.41,27.26,27.35,20700
2009-08-05 21:00:00,27.34,27.34,27.08,27.28,80180
2009-08-05 22:00:00,27.3,27.37,27.09,27.22,134970
2009-08-06 16:00:00,27.22,27.47,26.69,26.88,40260
2009-08-06 17:00:00,26.92,27.34,26.91,27.26,55770
2009-08-06 18:00:00,27.27,27.59,27.25,27.47,27140
2009-08-06 19:00:00,27.47,27.61,27.36,27.56,21620
2009-08-06 20:00:00,27.55,27.7,27.48,27.56,124160
2009-08-06 21:00:00,27.57,27.57,27.45,27.5,121110
2009-08-06 22:00:00,27.51,27.81,27.5,27.68,89950
2009-08-07 16:00:00,28.19,28.19,27.47,27.56,33920
2009-08-07 17:00:00,27.56,28.11,27.28,28.07,62440
2009-08-07 18:00:00,28.06,28.5,28.03,28.14,68320
2009-08-07 19:00:00,28.14,28.63,28.14,28.52,40440
2009-08-07 20:00:00,28.5,28.57,28.44,28.46,28920
2009-08-07 21:00:00,28.46,28.76,28.46,28.69,58200
2009-08-07 22:00:00,28.68,28.79,28.5,28.71,170040
2009-08-10 16:00:00,28.71,28.78,28.36,28.6,79810
2009-08-10 17:00:00,28.61,28.76,28.57,28.73,142250
2009-08-10 18:00:00,28.73,29.27,28.73,29.0,79600
2009-08-10 19:00:00,29.0,29.09,28.91,28.97,45260
2009-08-10 20:00:00,28.96,29.06,28.85,28.98,63710
2009-08-10 21:00:00,28.99,29.01,28.76,28.77,87760
2009-08-10 22:00:00,28.77,28.94,28.71,28.88,108340
2009-08-11 16:00:00,28.91,28.99,28.64,28.96,61800
2009-08-11 17:00:00,28.96,29.24,28.77,28.79,182150
2009-08-11 18:00:00,28.79,28.82,28.57,28.59,26890
2009-08-11 19:00:00,28.58,28.78,28.43,28.43,70160
2009-08-11 20:00:00,28.45,28.53,28.38,28.47,27560
2009-08-11 21:00:00,28.45,28.53,28.45,28.45,35280
2009-08-11 22:00:00,28.46,28.57,28.26,28.33,104080
2009-08-12 16:00:00,28.41,29.23,28.35,29.05,183700
2009-08-12 17:00:00,29.05,29.08,28.82,28.86,164750
2009-08-12 18:00:00,28.85,28.86,28.71,28.72,28600
2009-08-12 19:00:00,28.73,28.92,28.73,28.9,14730
2009-08-12 20:00:00,28.91,28.93,28.89,28.91,14370
2009-08-12 21:00:00,28.91,28.92,28.65,28.84,32140
2009-08-12 22:00:00,28.85,28.92,28.52,28.63,375550
2009-08-13 16:00:00,29.13,29.13,28.35,28.43,144620
2009-08-13 17:00:00,28.43,28.76,28.39,28.62,66470
2009-08-13 18:00:00,28.62,28.73,28.54,28.67,122910
2009-08-13 19:00:00,28.65,28.65,28.5,28.51,47840
2009-08-13 20:00:00,28.51,28.7,28.51,28.51,37330
2009-08-13 21:00:00,28.5,28.5,28.42,28.48,54880
2009-08-13 22:00:00,28.47,28.72,28.47,28.69,103470
2009-08-14 16:00:00,28.69,28.91,28.25,28.58,136730
2009-08-14 17:00:00,28.6,28.6,28.4,28.42,339580
2009-08-14 18:00:00,28.43,28.75,28.35,28.56,106680
2009-08-14 19:00:00,28.55,28.6,28.54,28.58,6290
2009-08-14 20:00:00,28.59,28.64,28.58,28.59,250930
2009-08-14 21:00:00,28.6,28.6,28.48,28.5,58990
2009-08-14 22:00:00,28.49,28.52,28.49,28.5,89700
2009-08-17 16:00:00,28.6,28.75,27.93,28.0,323780
2009-08-17 17:00:00,27.99,28.02,27.8,27.8,50060
2009-08-17 18:00:00,27.82,28.13,27.81,28.06,24460
2009-08-17 19:00:00,28.07,28.2,28.05,28.15,35290
2009-08-17 20:00:00,28.15,28.16,28.07,28.1,13990
2009-08-17 21:00:00,28.12,28.13,28.0,28.02,59950
2009-08-17 22:00:00,28.02,28.04,27.72,27.75,162030
2009-08-18 16:00:00,27.84,28.64,27.84,28.64,34100
2009-08-18 17:00:00,28.64,29.04,28.64,28.97,158800
2009-08-18 18:00:00,28.99,29.09,28.8,28.84,73130
2009-08-18 19:00:00,28.84,28.91,28.83,28.88,24780
2009-08-18 20:00:00,28.87,28.87,28.79,28.86,49170
2009-08-18 21:00:00,28.85,28.87,28.77,28.78,24150
2009-08-18 22:00:00,28.79,28.88,28.77,28.88,70700
2009-08-19 16:00:00,28.76,28.91,28.49,28.55,29350
2009-08-19 17:00:00,28.57,28.88,28.57,28.85,22110
2009-08-19 18:00:00,28.86,29.03,28.68,28.92,110090
2009-08-19 19:00:00,28.92,28.93,28.75,28.9,38060
2009-08-19 20:00:00,28.9,29.04,28.88,29.01,66280
2009-08-19 21:00:00,28.98,29.11,28.97,29.11,20850
2009-08-19 22:00:00,29.11,29.11,28.88,28.97,65970
2009-08-20 16:00:00,28.98,29.63,28.97,29.23,150930
2009-08-20 17:00:00,29.23,29.3,29.02,29.07,26610
2009-08-20 18:00:00,29.07,29.08,28.95,28.95,117640
2009-08-20 19:00:00,28.97,29.23,28.96,29.23,23510
2009-08-20 20:00:00,29.22,29.36,29.22,29.35,25900
2009-08-20 21:00:00,29.37,29.45,29.22,29.45,35890
2009-08-20 22:00:00,29.46,29.55,29.46,29.5,105040
2009-08-21 16:00:00,29.52,29.96,29.33,29.42,117220
2009-08-21 17:00:00,29.41,29.6,29.41,29.54,77640
2009-08-21 18:00:00,29.54,29.57,29.44,29.47,53230
2009-08-21 19:00:00,29.47,29.51,29.39,29.41,46050
2009-08-21 20:00:00,29.43,29.51,29.41,29.46,76590
2009-08-21 21:00:00,29.45,29.48,29.43,29.48,48640
2009-08-21 22:00:00,29.47,29.59,29.42,29.58,211400
2009-08-24 16:00:00,29.66,30.2,29.5,30.08,222780
2009-08-24 17:00:00,30.08,30.22,29.9,29.96,188730
2009-08-24 18:00:00,29.95,30.35,29.9,30.29,44490
2009-08-24 19:00:00,30.28,30.37,30.25,30.35,32760
2009-08-24 20:00:00,30.34,30.35,30.06,30.18,22530
2009-08-24 21:00:00,30.18,30.41,30.16,30.4,142180
2009-08-24 22:00:00,30.41,30.42,30.15,30.21,76450
2009-08-25 16:00:00,30.25,30.26,29.71,30.07,29060
2009-08-25 17:00:00,30.06,30.25,29.91,30.2,44600
2009-08-25 18:00:00,30.21,30.22,30.03,30.14,23800
2009-08-25 19:00:00,30.18,30.2,30.07,30.12,20980
2009-08-25 20:00:00,30.13,30.15,30.06,30.06,27770
2009-08-25 21:00:00,30.09,30.18,30.05,30.1,24470
2009-08-25 22:00:00,30.1,30.24,30.06,30.08,62090
2009-08-26 16:00:00,30.06,30.11,29.73,30.06,72100
2009-08-26 17:00:00,30.06,30.28,30.06,30.16,38190
2009-08-26 18:00:00,30.16,30.23,30.02,30.14,58860
2009-08-26 19:00:00,30.14,30.19,30.06,30.08,27280
2009-08-26 20:00:00,30.08,30.37,30.06,30.37,128120
2009-08-26 21:00:00,30.37,30.43,30.36,30.41,41110
2009-08-26 22:00:00,30.4,30.63,30.36,30.53,112970
2009-08-27 16:00:00,30.6,30.62,30.16,30.42,11900
2009-08-27 17:00:00,30.41,30.45,30.23,30.3,34300
2009-08-27 18:00:00,30.3,30.32,30.16,30.22,18780
2009-08-27 19:00:00,30.22,30.35,30.08,30.09,27990
2009-08-27 20:00:00,30.07,30.09,29.97,30.08,21290
2009-08-27 21:00:00,30.09,30.15,30.03,30.03,26630
2009-08-27 22:00:00,30.04,30.18,29.95,30.04,75610
2009-08-28 16:00:00,30.49,30.49,29.88,29.94,350850
2009-08-28 17:00:00,29.94,30.0,29.84,29.87,184960
2009-08-28 18:00:00,29.87,29.94,29.79,29.82,18100
2009-08-28 19:00:00,29.83,29.86,29.6,29.67,59870
2009-08-28 20:00:00,29.66,29.8,29.63,29.76,17400
2009-08-28 21:00:00,29.75,29.79,29.7,29.72,31830
2009-08-28 22:00:00,29.72,29.82,29.5,29.67,125640
2009-08-31 16:00:00,29.54,29.54,28.86,29.1,36320
2009-08-31 17:00:00,29.1,29.35,29.01,29.35,185500
2009-08-31 18:00:00,29.35,29.37,29.12,29.13,110940
2009-08-31 19:00:00,29.12,29.28,29.01,29.26,307400
2009-08-31 20:00:00,29.24,29.34,29.24,29.31,45550
2009-08-31 21:00:00,29.31,29.41,29.31,29.4,32570
2009-08-31 22:00:00,29.38,29.57,29.31,29.42,134980
2009-09-01 16:00:00,29.18,29.54,28.93,29.32,32700
2009-09-01 17:00:00,29.36,29.81,29.31,29.7,68090
2009-09-01 18:00:00,29.65,29.7,28.98,29.01,127560
2009-09-01 19:00:00,28.99,29.25,28.98,29.21,87270
2009-09-01 20:00:00,29.21,29.21,28.83,29.05,47900
2009-09-01 21:00:00,29.05,29.06,28.78,28.86,148510
2009-09-01 22:00:00,28.86,28.86,28.55,28.59,168690
2009-09-02 16:00:00,28.41,28.54,27.99,28.05,62810
2009-09-02 17:00:00,28.04,28.2,27.97,28.01,78620
2009-09-02 18:00:00,28.02,28.18,27.95,28.16,39140
2009-09-02 19:00:00,28.18,28.2,28.02,28.07,66500
2009-09-02 20:00:00,28.07,28.1,27.9,27.94,62100
2009-09-02 21:00:00,27.91,28.02,27.89,27.97,59270
2009-09-02 22:00:00,27.94,28.01,27.82,27.9,137540
2009-09-03 16:00:00,28.17,28.17,27.61,27.83,19760
2009-09-03 17:00:00,27.83,27.9,27.47,27.72,63440
2009-09-03 18:00:00,27.72,27.82,27.6,27.69,23400
2009-09-03 19:00:00,27.66,27.8,27.65,27.79,15570
2009-09-03 20:00:00,27.8,28.06,27.79,28.05,29370
2009-09-03 21:00:00,28.05,28.06,27.94,27.97,19430
2009-09-03 22:00:00,27.97,28.34,27.96,28.34,85570
2009-09-04 16:00:00,28.15,28.26,28.02,28.23,11100
2009-09-04 17:00:00,28.26,28.45,28.26,28.45,11520
2009-09-04 18:00:00,28.47,28.51,28.37,28.51,16870
2009-09-04 19:00:00,28.52,28.73,28.52,28.69,19750
2009-09-04 20:00:00,28.67,28.8,28.65,28.79,30960
2009-09-04 21:00:00,28.79,28.86,28.74,28.83,40590
2009-09-04 22:00:00,28.83,28.94,28.82,28.91,76430
2009-09-08 16:00:00,29.27,29.46,29.02,29.36,38090
2009-09-08 17:00:00,29.37,29.49,29.24,29.45,112190
2009-09-08 18:00:00,29.47,29.51,29.11,29.24,54640
2009-09-08 19:00:00,29.25,29.28,29.24,29.27,25810
2009-09-08 20:00:00,29.28,29.4,29.23,29.4,47560
2009-09-08 21:00:00,29.4,29.45,29.37,29.45,34540
2009-09-08 22:00:00,29.44,29.76,29.37,29.69,140050
2009-09-09 16:00:00,29.79,29.79,29.34,29.52,17280
2009-09-09 17:00:00,29.53,29.61,29.39,29.39,32720
2009-09-09 18:00:00,29.4,29.69,29.37,29.55,32380
2009-09-09 19:00:00,29.55,29.84,29.5,29.63,166370
2009-09-09 20:00:00,29.62,29.79,29.58,29.76,47530
2009-09-09 21:00:00,29.73,29.76,29.55,29.63,26160
2009-09-09 22:00:00,29.64,29.88,29.64,29.87,47570
2009-09-10 16:00:00,29.66,29.91,29.47,29.5,15850
2009-09-10 17:00:00,29.49,29.57,29.28,29.34,32190
2009-09-10 18:00:00,29.33,29.37,29.24,29.3,57130
2009-09-10 19:00:00,29.29,29.38,29.27,29.29,24020
2009-09-10 20:00:00,29.29,29.35,29.25,29.35,26520
2009-09-10 21:00:00,29.34,29.35,29.24,29.24,34730
2009-09-10 22:00:00,29.24,29.34,29.13,29.3,72330
2009-09-11 16:00:00,29.51,29.57,29.27,29.32,10870
2009-09-11 17:00:00,29.34,29.37,29.11,29.12,24890
2009-09-11 18:00:00,29.13,29.29,29.07,29.11,15410
2009-09-11 19:00:00,29.09,29.19,28.96,29.15,23800
2009-09-11 20:00:00,29.17,29.28,29.16,29.21,18550
2009-09-11 21:00:00,29.2,29.32,29.2,29.3,67310
2009-09-11 22:00:00,29.31,29.36,29.16,29.17,83950
2009-09-14 16:00:00,28.85,29.04,28.74,28.96,10900
2009-09-14 17:00:00,28.96,28.96,28.73,28.8,57990
2009-09-14 18:00:00,28.8,29.17,28.74,29.07,51860
2009-09-14 19:00:00,29.07,29.07,28.89,29.01,18900
2009-09-14 20:00:00,29.01,29.03,28.98,28.98,34660
2009-09-14 21:00:00,28.98,29.02,28.93,29.01,66020
2009-09-14 22:00:00,29.01,29.06,28.96,29.05,88470
2009-09-15 16:00:00,28.88,29.17,28.31,28.39,33970
2009-09-15 17:00:00,28.41,28.55,28.14,28.15,55330
2009-09-15 18:00:00,28.13,28.2,27.99,28.14,90750
2009-09-15 19:00:00,28.16,28.17,28.01,28.1,69030
2009-09-15 20:00:00,28.11,28.11,27.94,27.95,88390
2009-09-15 21:00:00,27.94,27.95,27.71,27.77,107370
2009-09-15 22:00:00,27.77,28.03,27.76,27.99,183400
2009-09-16 16:00:00,27.95,28.16,27.68,27.74,80260
2009-09-16 17:00:00,27.76,28.02,27.71,27.78,154140
2009-09-16 18:00:00,27.78,27.79,27.48,27.51,94690
2009-09-16 19:00:00,27.5,27.65,27.42,27.6,110690
2009-09-16 20:00:00,27.59,27.76,27.59,27.73,120190
2009-09-16 21:00:00,27.74,27.92,27.72,27.75,110960
2009-09-16 22:00:00,27.75,27.89,27.69,27.81,161590
2009-09-17 16:00:00,27.61,27.88,27.61,27.78,77220
2009-09-17 17:00:00,27.79,27.91,27.69,27.73,85910
2009-09-17 18:00:00,27.74,27.79,27.68,27.74,87500
2009-09-17 19:00:00,27.73,27.78,27.68,27.72,38180
2009-09-17 20:00:00,27.7,27.71,27.49,27.55,67360
2009-09-17 21:00:00,27.56,27.56,27.49,27.5,47530
2009-09-17 22:00:00,27.51,27.52,27.29,27.32,138750
2009-09-18 16:00:00,27.31,27.47,27.0,27.43,77310
2009-09-18 17:00:00,27.45,27.45,27.18,27.23,130230
2009-09-18 18:00:00,27.25,27.3,26.96,27.08,104230
2009-09-18 19:00:00,27.08,27.13,26.99,27.09,100260
2009-09-18 20:00:00,27.09,27.21,26.82,27.19,96780
2009-09-18 21:00:00,27.2,27.21,26.81,26.84,75330
2009-09-18 22:00:00,26.83,27.3,26.64,26.99,460110
2009-09-21 16:00:00,26.95,27.17,26.5,26.8,119290
2009-09-21 17:00:00,26.8,27.23,26.72,26.84,104440
2009-09-21 18:00:00,26.87,27.01,26.76,26.87,156580
2009-09-21 19:00:00,26.86,26.92,26.79,26.9,71350
2009-09-21 20:00:00,26.89,27.08,26.82,27.07,129240
2009-09-21 21:00:00,27.07,27.2,27.0,27.16,176050
2009-09-21 22:00:00,27.17,27.51,27.17,27.38,170780
2009-09-22 16:00:00,27.5,27.87,27.5,27.81,29700
2009-09-22 17:00:00,27.8,28.09,27.72,27.84,58930
2009-09-22 18:00:00,27.84,28.23,27.81,28.22,54500
2009-09-22 19:00:00,28.22,28.62,28.22,28.52,77010
2009-09-22 20:00:00,28.52,28.55,28.33,28.48,46340
2009-09-22 21:00:00,28.48,28.57,28.37,28.4,109670
2009-09-22 22:00:00,28.41,28.41,28.1,28.16,229320
2009-09-23 16:00:00,28.3,28.3,27.91,28.29,35440
2009-09-23 17:00:00,28.29,28.83,28.28,28.81,125740
2009-09-23 18:00:00,28.8,29.25,28.72,29.15,278570
2009-09-23 19:00:00,29.15,29.17,28.84,28.85,82300
2009-09-23 20:00:00,28.84,29.16,28.8,29.13,52790
2009-09-23 21:00:00,29.12,29.29,29.07,29.19,117520
2009-09-23 22:00:00,29.2,29.3,28.84,28.86,193050
2009-09-24 16:00:00,28.78,29.0,28.58,28.88,34010
2009-09-24 17:00:00,28.86,28.89,28.5,28.72,225060
2009-09-24 18:00:00,28.69,28.79,28.58,28.62,82040
2009-09-24 19:00:00,28.62,28.87,28.56,28.7,84560
2009-09-24 20:00:00,28.71,28.75,28.54,28.59,52000
2009-09-24 21:00:00,28.57,28.78,28.56,28.73,44010
2009-09-24 22:00:00,28.73,28.91,28.71,28.75,181730
2009-09-25 16:00:00,28.45,28.55,27.91,28.27,66740
2009-09-25 17:00:00,28.27,28.57,28.1,28.24,47620
2009-09-25 18:00:00,28.24,28.35,28.09,28.11,26610
2009-09-25 19:00:00,28.1,28.33,28.09,28.14,29530
2009-09-25 20:00:00,28.13,28.36,28.11,28.36,36870
2009-09-25 21:00:00,28.36,28.43,28.16,28.31,53350
2009-09-25 22:00:00,28.31,28.31,28.15,28.21,228200
2009-09-28 16:00:00,28.53,28.82,28.24,28.62,13180
2009-09-28 17:00:00,28.66,28.86,28.54,28.86,22320
2009-09-28 18:00:00,28.89,29.41,28.89,29.25,41290
2009-09-28 19:00:00,29.28,29.29,29.16,29.25,20170
2009-09-28 20:00:00,29.25,29.29,29.22,29.29,17700
2009-09-28 21:00:00,29.29,29.4,29.28,29.36,20500
2009-09-28 22:00:00,29.35,29.7,29.29,29.64,133550
2009-09-29 16:00:00,29.86,30.24,29.81,30.03,27170
2009-09-29 17:00:00,30.0,30.15,29.75,30.0,68400
2009-09-29 18:00:00,30.02,30.12,29.84,30.01,40450
2009-09-29 19:00:00,30.01,30.05,29.98,30.01,61600
2009-09-29 20:00:00,30.02,30.21,30.01,30.19,22990
2009-09-29 21:00:00,30.22,30.35,30.18,30.32,63440
2009-09-29 22:00:00,30.28,30.42,30.18,30.25,148330
2009-09-30 16:00:00,30.48,30.48,29.8,29.97,63620
2009-09-30 17:00:00,29.99,30.05,29.84,29.95,67440
2009-09-30 18:00:00,29.95,30.02,29.9,30.02,65450
2009-09-30 19:00:00,30.01,30.01,29.93,29.93,50140
2009-09-30 20:00:00,29.94,30.05,29.88,30.04,123930
2009-09-30 21:00:00,30.05,30.2,29.91,30.09,96300
2009-09-30 22:00:00,30.09,30.1,29.47,29.62,214130
2009-10-01 16:00:00,26.65,27.95,26.1,27.47,454940
2009-10-01 17:00:00,27.5,27.5,26.54,26.7,609060
2009-10-01 18:00:00,26.69,27.03,26.51,26.59,668360
2009-10-01 19:00:00,26.62,27.09,26.56,27.03,422460
2009-10-01 20:00:00,27.03,27.08,26.9,27.04,271330
2009-10-01 21:00:00,27.04,27.18,26.99,27.08,368380
2009-10-01 22:00:00,27.07,27.23,26.93,27.14,1054170
2009-10-02 16:00:00,26.3,27.0,25.55,26.8,184370
2009-10-02 17:00:00,26.8,27.16,26.8,27.1,244030
2009-10-02 18:00:00,27.1,27.1,26.96,27.0,204350
2009-10-02 19:00:00,27.0,27.12,27.0,27.11,91730
2009-10-02 20:00:00,27.11,27.13,26.95,26.99,172010
2009-10-02 21:00:00,26.99,27.17,26.98,27.02,203070
2009-10-02 22:00:00,27.03,27.45,26.99,27.11,413350
2009-10-05 16:00:00,27.1,27.21,27.03,27.17,58970
2009-10-05 17:00:00,27.14,27.35,27.05,27.15,154370
2009-10-05 18:00:00,27.15,27.19,27.07,27.13,137650
2009-10-05 19:00:00,27.13,27.2,27.12,27.19,63240
2009-10-05 20:00:00,27.19,27.26,27.14,27.15,50590
2009-10-05 21:00:00,27.15,27.17,27.11,27.15,47620
2009-10-05 22:00:00,27.16,27.21,27.14,27.21,274480
2009-10-06 16:00:00,27.27,27.42,26.72,26.76,309930
2009-10-06 17:00:00,26.76,26.9,26.51,26.52,304080
2009-10-06 18:00:00,26.53,26.62,26.33,26.35,268070
2009-10-06 19:00:00,26.36,26.39,26.04,26.13,239470
2009-10-06 20:00:00,26.14,26.2,26.02,26.18,261200
2009-10-06 21:00:00,26.18,26.18,26.01,26.11,115530
2009-10-06 22:00:00,26.11,26.24,26.06,26.24,332570
2009-10-07 16:00:00,26.05,26.26,25.69,25.74,80080
2009-10-07 17:00:00,25.67,25.85,25.45,25.8,167370
2009-10-07 18:00:00,25.81,26.16,25.8,25.97,99520
2009-10-07 19:00:00,26.01,26.35,25.95,26.34,50360
2009-10-07 20:00:00,26.31,26.34,25.94,26.02,145470
2009-10-07 21:00:00,26.02,26.1,25.84,25.88,85400
2009-10-07 22:00:00,25.89,26.03,25.65,25.95,253160
2009-10-08 16:00:00,26.15,26.36,26.14,26.21,96360
2009-10-08 17:00:00,26.21,26.37,26.17,26.34,124690
2009-10-08 18:00:00,26.35,26.7,26.25,26.67,76640
2009-10-08 19:00:00,26.67,26.71,26.5,26.52,51690
2009-10-08 20:00:00,26.52,26.52,26.23,26.47,58080
2009-10-08 21:00:00,26.47,26.65,26.46,26.59,56490
2009-10-08 22:00:00,26.58,26.61,26.36,26.47,95260
2009-10-09 16:00:00,26.59,26.97,26.56,26.93,25360
2009-10-09 17:00:00,26.94,27.1,26.8,26.95,53810
2009-10-09 18:00:00,26.95,27.02,26.89,26.93,93670
2009-10-09 19:00:00,26.91,27.0,26.81,26.97,22920
2009-10-09 20:00:00,26.98,27.06,26.91,27.03,29380
2009-10-09 21:00:00,27.01,27.02,26.9,26.96,28030
2009-10-09 22:00:00,26.92,27.02,26.86,26.92,65350
2009-10-12 16:00:00,27.21,27.21,26.81,26.86,24480
2009-10-12 17:00:00,26.83,26.83,26.67,26.69,16150
2009-10-12 18:00:00,26.69,26.77,26.59,26.65,44930
2009-10-12 19:00:00,26.65,26.75,26.5,26.56,51690
2009-10-12 20:00:00,26.58,26.67,26.58,26.58,29150
2009-10-12 21:00:00,26.59,26.59,26.35,26.52,16450
2009-10-12 22:00:00,26.54,26.57,26.46,26.54,60190
2009-10-13 16:00:00,26.6,26.77,26.41,26.42,10950
2009-10-13 17:00:00,26.42,26.54,26.31,26.43,42940
2009-10-13 18:00:00,26.43,26.51,26.36,26.43,42180
2009-10-13 19:00:00,26.43,26.57,26.4,26.51,40720
2009-10-13 20:00:00,26.51,26.57,26.43,26.55,19700
2009-10-13 21:00:00,26.49,26.6,26.45,26.5,72810
2009-10-13 22:00:00,26.5,26.66,26.48,26.5,147820
2009-10-14 16:00:00,26.65,27.17,26.64,26.98,54800
2009-10-14 17:00:00,26.97,27.02,26.88,26.98,116090
2009-10-14 18:00:00,26.98,27.02,26.93,26.98,151910
2009-10-14 19:00:00,26.98,27.12,26.92,27.07,71330
2009-10-14 20:00:00,27.05,27.06,26.98,26.99,52310
2009-10-14 21:00:00,27.0,27.14,26.98,27.12,235130
2009-10-14 22:00:00,27.11,27.85,27.09,27.76,333480
2009-10-15 16:00:00,27.72,28.02,27.58,28.0,40180
2009-10-15 17:00:00,27.98,27.98,27.55,27.86,63520
2009-10-15 18:00:00,27.86,27.92,27.68,27.71,56940
2009-10-15 19:00:00,27.71,27.84,27.62,27.62,51210
2009-10-15 20:00:00,27.62,27.71,27.54,27.69,48690
2009-10-15 21:00:00,27.69,28.05,27.69,28.0,76600
2009-10-15 22:00:00,27.99,28.58,27.94,28.33,465730
2009-10-16 16:00:00,28.09,28.25,27.78,27.92,280380
2009-10-16 17:00:00,27.9,27.94,27.42,27.5,216890
2009-10-16 18:00:00,27.5,27.71,27.42,27.49,148050
2009-10-16 19:00:00,27.5,27.57,27.47,27.53,44250
2009-10-16 20:00:00,27.54,28.19,27.54,28.15,100750
2009-10-16 21:00:00,28.15,28.16,27.99,28.12,67060
2009-10-16 22:00:00,28.11,28.19,28.0,28.03,152890
2009-10-19 16:00:00,27.94,28.1,27.78,27.95,42780
2009-10-19 17:00:00,27.94,28.41,27.94,28.07,57230
2009-10-19 18:00:00,28.1,28.75,28.1,28.58,97110
2009-10-19 19:00:00,28.58,28.62,28.43,28.45,100570
2009-10-19 20:00:00,28.43,28.56,28.36,28.47,118400
2009-10-19 21:00:00,28.47,28.66,28.38,28.54,29570
2009-10-19 22:00:00,28.54,28.64,28.41,28.44,118940
2009-10-20 16:00:00,28.25,28.79,27.94,28.0,37410
2009-10-20 17:00:00,28.0,28.12,27.74,28.07,31960
2009-10-20 18:00:00,28.1,28.1,27.79,27.85,57330
2009-10-20 19:00:00,27.83,27.87,27.7,27.76,23110
2009-10-20 20:00:00,27.77,27.77,27.44,27.44,47220
2009-10-20 21:00:00,27.42,27.77,27.42,27.76,54230
2009-10-20 22:00:00,27.77,27.8,27.68,27.77,110910
2009-10-21 16:00:00,27.9,28.06,27.73,27.97,39420
2009-10-21 17:00:00,28.0,28.07,27.91,28.02,158280
2009-10-21 18:00:00,28.01,28.31,27.89,28.1,47610
2009-10-21 19:00:00,28.1,28.32,28.02,28.32,49620
2009-10-21 20:00:00,28.31,28.33,28.16,28.33,30950
2009-10-21 21:00:00,28.33,28.43,28.3,28.35,48090
2009-10-21 22:00:00,28.34,28.44,27.96,27.97,178370
2009-10-22 16:00:00,28.11,28.18,27.37,28.04,31660
2009-10-22 17:00:00,27.98,28.36,27.91,28.14,172920
2009-10-22 18:00:00,28.13,28.31,28.05,28.11,75600
2009-10-22 19:00:00,28.14,28.41,28.1,28.25,32020
2009-10-22 20:00:00,28.23,28.45,28.19,28.24,84410
2009-10-22 21:00:00,28.25,28.44,28.21,28.42,75460
2009-10-22 22:00:00,28.43,28.52,28.29,28.49,87530
2009-10-23 16:00:00,28.52,28.95,28.47,28.88,37360
2009-10-23 17:00:00,28.9,29.01,28.73,28.79,67850
2009-10-23 18:00:00,28.81,28.81,28.23,28.23,80810
2009-10-23 19:00:00,28.24,28.55,28.23,28.46,34810
2009-10-23 20:00:00,28.47,28.53,28.33,28.39,42720
2009-10-23 21:00:00,28.38,28.51,28.26,28.3,63400
2009-10-23 22:00:00,28.3,28.63,28.19,28.52,193160
2009-10-26 16:00:00,28.64,29.21,28.46,29.14,23030
2009-10-26 17:00:00,29.14,29.61,28.87,29.44,782540
2009-10-26 18:00:00,29.45,29.61,28.78,28.78,77600
2009-10-26 19:00:00,28.82,29.05,28.73,28.99,42740
2009-10-26 20:00:00,28.99,28.99,28.8,28.86,24830
2009-10-26 21:00:00,28.83,28.89,28.65,28.78,49200
2009-10-26 22:00:00,28.74,28.95,28.62,28.95,168690
2009-10-27 16:00:00,28.78,29.15,28.6,28.74,58610
2009-10-27 17:00:00,28.68,29.18,28.41,28.99,76370
2009-10-27 18:00:00,29.0,29.1,28.94,29.0,53440
2009-10-27 19:00:00,29.01,29.06,28.87,29.0,71370
2009-10-27 20:00:00,29.01,29.24,28.95,29.22,110660
2009-10-27 21:00:00,29.22,29.93,29.15,29.68,323940
2009-10-27 22:00:00,29.64,29.65,29.2,29.45,191850
2009-10-28 16:00:00,29.51,29.54,29.12,29.36,43710
2009-10-28 17:00:00,29.39,29.55,29.14,29.31,86690
2009-10-28 18:00:00,29.31,29.4,29.2,29.33,70080
2009-10-28 19:00:00,29.35,29.38,29.08,29.17,131370
2009-10-28 20:00:00,29.18,29.27,29.1,29.15,138980
2009-10-28 21:00:00,29.12,29.17,28.97,29.02,224850
2009-10-28 22:00:00,28.99,29.03,28.76,28.86,331220
2009-10-29 16:00:00,29.08,29.13,28.63,28.99,49900
2009-10-29 17:00:00,28.99,29.3,28.93,29.2,63600
2009-10-29 18:00:00,29.2,29.24,28.96,29.06,110270
2009-10-29 19:00:00,29.06,29.2,29.01,29.17,50000
2009-10-29 20:00:00,29.17,29.27,29.06,29.18,45690
2009-10-29 21:00:00,29.18,29.26,29.02,29.08,89680
2009-10-29 22:00:00,29.1,29.32,28.99,29.26,298640
2009-10-30 16:00:00,30.58,31.04,30.41,30.51,1476500
2009-10-30 17:00:00,30.5,30.69,30.33,30.58,1194190
2009-10-30 18:00:00,30.59,30.59,30.36,30.47,311040
2009-10-30 19:00:00,30.47,30.54,30.4,30.41,882340
2009-10-30 20:00:00,30.43,30.44,30.2,30.3,408180
2009-10-30 21:00:00,30.3,30.44,28.66,29.71,1521990
2009-10-30 22:00:00,29.71,30.42,29.47,30.4,896270
2009-11-02 16:00:00,30.26,30.5,30.01,30.04,86870
2009-11-02 17:00:00,30.09,30.44,30.08,30.23,167350
2009-11-02 18:00:00,30.23,30.66,30.22,30.58,144110
2009-11-02 19:00:00,30.58,30.62,30.3,30.34,363500
2009-11-02 20:00:00,30.3,30.6,30.27,30.33,156150
2009-11-02 21:00:00,30.34,30.42,30.18,30.3,528920
2009-11-02 22:00:00,30.31,30.39,30.13,30.17,521530
2009-11-03 16:00:00,30.09,30.17,29.78,29.93,52890
2009-11-03 17:00:00,29.93,30.83,29.78,30.5,324140
2009-11-03 18:00:00,30.47,30.89,30.45,30.86,434730
2009-11-03 19:00:00,30.86,30.88,30.36,30.37,627730
2009-11-03 20:00:00,30.37,30.51,30.02,30.22,274470
2009-11-03 21:00:00,30.23,30.4,30.12,30.17,184860
2009-11-03 22:00:00,30.21,30.66,30.16,30.42,334890
2009-11-04 16:00:00,30.56,30.82,30.3,30.36,105610
2009-11-04 17:00:00,30.35,30.5,30.21,30.5,264830
2009-11-04 18:00:00,30.49,30.49,30.25,30.32,177430
2009-11-04 19:00:00,30.32,30.5,30.27,30.48,239580
2009-11-04 20:00:00,30.46,30.52,30.31,30.48,272850
2009-11-04 21:00:00,30.48,30.5,30.22,30.49,233720
2009-11-04 22:00:00,30.49,30.55,30.18,30.22,467240
2009-11-05 16:00:00,29.31,30.3,29.2,30.19,320390
2009-11-05 17:00:00,30.19,30.3,29.83,30.01,480540
2009-11-05 18:00:00,30.01,30.01,29.66,29.8,402220
2009-11-05 19:00:00,29.79,29.86,29.65,29.84,230760
2009-11-05 20:00:00,29.84,29.96,29.75,29.84,236990
2009-11-05 21:00:00,29.84,30.54,29.83,30.46,481780
2009-11-05 22:00:00,30.47,31.1,30.03,30.92,2706760
2009-11-06 16:00:00,31.05,32.22,31.01,32.16,638190
2009-11-06 17:00:00,32.17,32.71,32.03,32.16,827550
2009-11-06 18:00:00,32.16,32.55,32.11,32.5,310220
2009-11-06 19:00:00,32.51,32.6,32.15,32.21,445510
2009-11-06 20:00:00,32.22,32.27,31.97,32.07,314650
2009-11-06 21:00:00,32.06,32.09,31.92,31.96,184060
2009-11-06 22:00:00,31.96,32.31,31.92,32.23,480340
2009-11-09 16:00:00,32.7,33.12,32.24,33.06,247420
2009-11-09 17:00:00,33.05,34.5,33.01,33.92,822200
2009-11-09 18:00:00,33.91,33.92,33.53,33.82,288410
2009-11-09 19:00:00,33.81,33.82,33.56,33.64,136470
2009-11-09 20:00:00,33.64,33.65,33.19,33.3,263480
2009-11-09 21:00:00,33.32,33.72,33.31,33.72,203220
2009-11-09 22:00:00,33.72,33.76,33.4,33.6,466340
2009-11-10 16:00:00,33.4,33.41,32.48,32.58,219930
2009-11-10 17:00:00,32.53,32.63,31.93,32.03,337540
2009-11-10 18:00:00,32.03,32.44,32.0,32.23,238840
2009-11-10 19:00:00,32.22,32.66,32.09,32.59,267940
2009-11-10 20:00:00,32.59,32.84,32.41,32.42,179410
2009-11-10 21:00:00,32.42,32.72,32.41,32.61,263710
2009-11-10 22:00:00,32.6,32.61,32.35,32.4,524570
2009-11-11 16:00:00,32.76,32.94,32.67,32.75,59800
2009-11-11 17:00:00,32.79,32.89,32.29,32.36,242990
2009-11-11 18:00:00,32.42,32.54,32.34,32.44,85330
2009-11-11 19:00:00,32.46,32.46,32.11,32.17,128920
2009-11-11 20:00:00,32.18,32.42,32.15,32.42,78580
2009-11-11 21:00:00,32.42,32.73,32.4,32.55,104680
2009-11-11 22:00:00,32.57,32.67,32.47,32.65,127160
2009-11-12 16:00:00,32.55,32.77,32.34,32.72,26200
2009-11-12 17:00:00,32.72,32.76,32.34,32.54,102530
2009-11-12 18:00:00,32.54,32.54,32.22,32.39,44590
2009-11-12 19:00:00,32.38,32.42,32.31,32.4,19060
2009-11-12 20:00:00,32.39,32.39,32.2,32.26,34850
2009-11-12 21:00:00,32.26,32.26,32.08,32.2,56210
2009-11-12 22:00:00,32.2,32.24,31.95,32.0,266600
2009-11-13 16:00:00,32.19,32.19,31.88,32.09,30820
2009-11-13 17:00:00,32.03,32.3,31.96,32.08,57690
2009-11-13 18:00:00,32.08,32.31,32.07,32.21,70390
2009-11-13 19:00:00,32.2,32.43,32.16,32.34,30960
2009-11-13 20:00:00,32.34,32.34,32.01,32.04,75350
2009-11-13 21:00:00,32.04,32.29,31.91,31.94,70920
2009-11-13 22:00:00,31.9,32.27,31.87,32.23,216530
2009-11-16 16:00:00,32.4,32.79,32.13,32.35,93690
2009-11-16 17:00:00,32.37,32.66,32.25,32.66,166260
2009-11-16 18:00:00,32.66,32.66,32.35,32.35,183140
2009-11-16 19:00:00,32.36,32.46,32.22,32.44,53440
2009-11-16 20:00:00,32.45,32.47,32.2,32.2,87620
2009-11-16 21:00:00,32.22,32.49,32.2,32.34,148850
2009-11-16 22:00:00,32.34,32.35,32.09,32.12,332700
2009-11-17 16:00:00,32.0,32.2,31.88,32.03,33670
2009-11-17 17:00:00,32.03,32.15,31.99,32.08,57070
2009-11-17 18:00:00,32.07,32.12,31.99,32.02,70470
2009-11-17 19:00:00,32.02,32.1,32.0,32.03,64440
2009-11-17 20:00:00,32.04,32.19,32.02,32.11,68510
2009-11-17 21:00:00,32.13,32.16,32.04,32.08,68360
2009-11-17 22:00:00,32.1,32.18,32.05,32.1,121920
2009-11-18 16:00:00,31.93,32.24,31.63,31.69,49670
2009-11-18 17:00:00,31.7,31.78,31.53,31.66,137800
2009-11-18 18:00:00,31.66,31.88,31.64,31.81,106400
2009-11-18 19:00:00,31.83,31.87,31.74,31.75,47240
2009-11-18 20:00:00,31.74,31.74,31.39,31.55,189630
2009-11-18 21:00:00,31.56,31.72,31.4,31.45,105210
2009-11-18 22:00:00,31.44,31.63,31.44,31.58,132290
2009-11-19 16:00:00,31.29,31.29,30.91,31.03,101780
2009-11-19 17:00:00,31.06,31.1,30.9,30.96,149630
2009-11-19 18:00:00,30.96,31.02,30.91,30.97,50210
2009-11-19 19:00:00,30.96,31.04,30.91,31.04,36360
2009-11-19 20:00:00,31.01,31.05,30.92,31.04,24490
2009-11-19 21:00:00,31.04,31.07,30.94,30.96,61970
2009-11-19 22:00:00,30.97,31.11,30.91,31.0,127820
2009-11-20 16:00:00,30.9,31.12,30.69,30.73,64850
2009-11-20 17:00:00,30.76,30.87,30.66,30.84,121220
2009-11-20 18:00:00,30.83,30.98,30.79,30.93,103060
2009-11-20 19:00:00,30.89,31.01,30.84,30.94,65920
2009-11-20 20:00:00,30.94,31.0,30.82,30.83,69950
2009-11-20 21:00:00,30.86,30.9,30.84,30.84,32260
2009-11-20 22:00:00,30.85,30.94,30.84,30.88,67550
2009-11-23 16:00:00,31.09,31.39,30.98,31.12,110740
2009-11-23 17:00:00,31.14,31.27,31.02,31.1,127370
2009-11-23 18:00:00,31.11,31.25,31.03,31.05,125660
2009-11-23 19:00:00,31.05,31.31,31.04,31.17,58360
2009-11-23 20:00:00,31.16,31.18,30.96,30.98,58380
2009-11-23 21:00:00,30.98,31.1,30.95,31.05,57460
2009-11-23 22:00:00,31.06,31.12,30.94,31.12,133290
2009-11-24 16:00:00,31.29,31.92,30.73,30.83,41750
2009-11-24 17:00:00,30.85,31.05,30.76,30.96,79590
2009-11-24 18:00:00,30.95,31.11,30.91,31.06,49150
2009-11-24 19:00:00,31.09,31.19,31.06,31.1,30950
2009-11-24 20:00:00,31.11,31.18,30.8,30.82,33730
2009-11-24 21:00:00,30.83,31.07,30.82,30.95,50170
2009-11-24 22:00:00,30.95,30.98,30.8,30.87,104820
2009-11-25 16:00:00,30.76,31.31,30.76,30.89,44880
2009-11-25 17:00:00,30.9,30.99,30.57,30.65,73060
2009-11-25 18:00:00,30.69,30.78,30.58,30.7,104260
2009-11-25 19:00:00,30.7,30.72,30.59,30.59,39400
2009-11-25 20:00:00,30.6,30.73,30.58,30.71,24200
2009-11-25 21:00:00,30.71,30.84,30.71,30.78,40940
2009-11-25 22:00:00,30.78,30.83,30.73,30.82,63180
2009-11-27 16:00:00,30.11,30.31,29.87,30.06,45670
2009-11-27 17:00:00,30.08,30.58,30.07,30.49,28870
2009-11-27 18:00:00,30.5,30.64,30.48,30.56,26890
2009-11-27 19:00:00,30.57,30.57,30.19,30.2,105250
2009-11-27 20:00:00,30.2,30.33,30.2,30.33,11200
2009-11-30 16:00:00,30.45,30.45,29.85,29.86,82230
2009-11-30 17:00:00,29.89,30.0,29.84,29.89,40980
2009-11-30 18:00:00,29.89,29.9,29.67,29.86,55390
2009-11-30 19:00:00,29.83,29.92,29.76,29.9,53120
2009-11-30 20:00:00,29.9,30.04,29.79,29.99,43230
2009-11-30 21:00:00,29.97,30.06,29.9,29.97,66620
2009-11-30 22:00:00,29.99,30.52,29.98,30.47,143680
2009-12-01 16:00:00,30.65,30.89,30.51,30.89,45680
2009-12-01 17:00:00,30.87,30.99,30.8,30.98,103340
2009-12-01 18:00:00,30.98,31.17,30.98,31.16,42550
2009-12-01 19:00:00,31.13,31.23,31.11,31.17,53760
2009-12-01 20:00:00,31.17,31.25,31.13,31.14,51430
2009-12-01 21:00:00,31.16,31.27,31.13,31.25,80100
2009-12-01 22:00:00,31.25,31.35,31.2,31.33,182330
2009-12-02 16:00:00,31.2,31.41,31.18,31.36,24420
2009-12-02 17:00:00,31.39,31.92,31.39,31.89,84130
2009-12-02 18:00:00,31.89,31.96,31.87,31.91,59410
2009-12-02 19:00:00,31.92,32.0,31.87,31.94,59140
2009-12-02 20:00:00,31.94,32.04,31.94,32.03,41790
2009-12-02 21:00:00,32.04,32.1,31.94,32.02,64980
2009-12-02 22:00:00,32.02,32.21,31.92,32.13,162070
2009-12-03 16:00:00,32.28,32.34,31.97,32.0,78310
2009-12-03 17:00:00,31.98,32.26,31.79,32.26,52190
2009-12-03 18:00:00,32.24,32.32,32.03,32.31,36440
2009-12-03 19:00:00,32.3,32.35,31.98,32.01,52030
2009-12-03 20:00:00,32.0,32.1,31.96,32.02,84480
2009-12-03 21:00:00,32.01,32.21,32.0,32.16,63050
2009-12-03 22:00:00,32.17,32.21,31.96,32.09,301640
2009-12-04 16:00:00,32.59,32.77,32.44,32.62,76250
2009-12-04 17:00:00,32.62,32.67,32.48,32.57,118930
2009-12-04 18:00:00,32.57,32.63,32.19,32.47,108290
2009-12-04 19:00:00,32.44,32.54,32.34,32.38,77870
2009-12-04 20:00:00,32.38,32.42,31.84,31.84,92780
2009-12-04 21:00:00,31.85,32.03,31.81,31.94,156160
2009-12-04 22:00:00,31.93,32.3,31.88,32.28,176320
2009-12-07 16:00:00,32.3,32.31,31.64,31.84,74130
2009-12-07 17:00:00,31.83,31.85,31.76,31.78,87350
2009-12-07 18:00:00,31.77,31.8,31.71,31.79,27890
2009-12-07 19:00:00,31.79,31.84,31.47,31.83,54290
2009-12-07 20:00:00,31.83,31.9,31.69,31.72,49650
2009-12-07 21:00:00,31.71,31.78,31.57,31.65,99470
2009-12-07 22:00:00,31.65,31.82,31.62,31.8,142210
2009-12-08 16:00:00,31.84,31.88,31.43,31.52,53310
2009-12-08 17:00:00,31.52,32.07,31.52,32.04,70580
2009-12-08 18:00:00,32.05,32.27,31.98,32.2,29670
2009-12-08 19:00:00,32.21,32.23,31.96,32.06,26940
2009-12-08 20:00:00,32.06,32.11,31.99,32.05,31170
2009-12-08 21:00:00,32.05,32.2,31.95,32.11,69840
2009-12-08 22:00:00,32.12,32.13,31.92,32.06,71210
2009-12-09 16:00:00,32.12,32.38,31.74,31.76,19660
2009-12-09 17:00:00,31.76,31.96,31.72,31.89,59850
2009-12-09 18:00:00,31.89,31.91,31.75,31.75,27400
2009-12-09 19:00:00,31.76,31.77,31.61,31.64,50500
2009-12-09 20:00:00,31.63,31.63,31.42,31.62,59400
2009-12-09 21:00:00,31.62,31.94,31.62,31.94,52440
2009-12-09 22:00:00,31.99,32.28,31.98,32.25,108620
2009-12-10 16:00:00,32.28,32.38,32.03,32.15,67640
2009-12-10 17:00:00,32.13,32.13,31.93,31.99,76880
2009-12-10 18:00:00,32.0,32.01,31.92,32.01,78430
2009-12-10 19:00:00,32.01,32.18,32.0,32.16,104850
2009-12-10 20:00:00,32.16,32.35,32.1,32.33,151640
2009-12-10 21:00:00,32.35,32.41,32.3,32.41,43130
2009-12-10 22:00:00,32.41,32.51,32.4,32.51,226270
2009-12-11 16:00:00,32.75,32.85,32.51,32.85,25790
2009-12-11 17:00:00,32.85,32.97,32.71,32.93,406750
2009-12-11 18:00:00,32.92,32.92,32.66,32.67,49210
2009-12-11 19:00:00,32.66,32.68,32.44,32.64,62920
2009-12-11 20:00:00,32.61,32.81,32.61,32.74,52100
2009-12-11 21:00:00,32.75,32.92,32.75,32.92,59710
2009-12-11 22:00:00,32.9,32.99,32.84,32.99,90060
2009-12-14 16:00:00,33.08,33.2,32.84,33.12,122710
2009-12-14 17:00:00,33.11,33.29,32.87,33.22,92110
2009-12-14 18:00:00,33.23,33.5,33.19,33.44,132260
2009-12-14 19:00:00,33.45,33.67,33.45,33.66,28590
2009-12-14 20:00:00,33.65,33.66,33.34,33.4,222570
2009-12-14 21:00:00,33.39,33.4,33.3,33.35,46450
2009-12-14 22:00:00,33.37,33.64,33.33,33.59,104400
2009-12-15 16:00:00,33.47,33.47,33.05,33.08,78620
2009-12-15 17:00:00,33.08,33.38,33.03,33.21,115120
2009-12-15 18:00:00,33.2,33.45,33.18,33.36,53350
2009-12-15 19:00:00,33.36,33.46,33.12,33.13,45090
2009-12-15 20:00:00,33.12,33.36,33.12,33.34,41560
2009-12-15 21:00:00,33.34,33.34,33.18,33.19,78970
2009-12-15 22:00:00,33.19,33.23,33.02,33.06,300050
2009-12-16 16:00:00,33.09,33.47,33.07,33.36,17700
2009-12-16 17:00:00,33.38,33.53,33.28,33.4,64570
2009-12-16 18:00:00,33.4,33.4,33.27,33.28,65650
2009-12-16 19:00:00,33.29,33.29,33.24,33.29,47710
2009-12-16 20:00:00,33.29,33.29,33.22,33.23,78970
2009-12-16 21:00:00,33.23,33.38,33.23,33.31,139200
2009-12-16 22:00:00,33.3,33.44,33.25,33.36,103170
2009-12-17 16:00:00,31.59,32.53,31.56,32.27,191460
2009-12-17 17:00:00,32.27,32.98,32.23,32.98,100960
2009-12-17 18:00:00,32.98,33.01,32.1,32.11,193170
2009-12-17 19:00:00,32.13,32.45,32.07,32.44,105990
2009-12-17 20:00:00,32.44,32.65,32.36,32.41,75120
2009-12-17 21:00:00,32.41,32.65,32.41,32.53,106530
2009-12-17 22:00:00,32.52,32.74,32.51,32.68,140430
2009-12-18 16:00:00,33.03,33.13,32.71,32.81,148360
2009-12-18 17:00:00,32.78,33.31,32.74,32.85,113580
2009-12-18 18:00:00,32.85,32.87,31.78,31.87,202010
2009-12-18 19:00:00,31.87,31.87,31.44,31.44,297460
2009-12-18 20:00:00,31.44,31.84,31.43,31.78,77060
2009-12-18 21:00:00,31.78,31.84,31.61,31.83,70740
2009-12-18 22:00:00,31.84,32.43,31.79,32.42,318970
2009-12-21 16:00:00,32.49,32.5,32.22,32.25,63460
2009-12-21 17:00:00,32.24,32.28,31.98,32.03,68290
2009-12-21 18:00:00,32.06,32.14,31.93,31.98,58300
2009-12-21 19:00:00,31.99,32.02,31.84,31.86,65280
2009-12-21 20:00:00,31.87,31.91,31.86,31.89,42180
2009-12-21 21:00:00,31.89,31.97,31.88,31.9,90160
2009-12-21 22:00:00,31.9,31.93,31.82,31.9,136340
2009-12-22 16:00:00,32.12,32.16,31.75,31.75,22960
2009-12-22 17:00:00,31.81,32.09,31.77,31.82,49090
2009-12-22 18:00:00,31.83,31.89,31.63,31.64,56600
2009-12-22 19:00:00,31.65,31.77,31.64,31.72,97980
2009-12-22 20:00:00,31.74,31.86,31.68,31.8,95630
2009-12-22 21:00:00,31.81,32.01,31.78,32.01,66070
2009-12-22 22:00:00,32.01,32.07,31.76,32.05,114740
2009-12-23 16:00:00,32.09,32.36,32.06,32.16,13070
2009-12-23 17:00:00,32.15,32.21,32.0,32.21,64410
2009-12-23 18:00:00,32.2,32.28,32.15,32.25,36960
2009-12-23 19:00:00,32.24,32.24,32.11,32.14,32450
2009-12-23 20:00:00,32.14,32.26,32.09,32.19,74800
2009-12-23 21:00:00,32.19,32.2,32.18,32.18,41620
2009-12-23 22:00:00,32.18,32.2,32.09,32.13,75400
2009-12-24 16:00:00,32.23,32.53,32.23,32.39,4520
2009-12-24 17:00:00,32.41,32.52,32.35,32.52,22990
2009-12-24 18:00:00,32.51,32.51,32.39,32.44,22960
2009-12-24 19:00:00,32.46,32.46,32.28,32.4,37660
2009-12-24 20:00:00,32.42,32.42,32.42,32.42,8490
2009-12-28 16:00:00,32.43,32.83,32.43,32.75,27770
2009-12-28 17:00:00,32.73,32.74,32.43,32.44,164830
2009-12-28 18:00:00,32.44,32.62,32.44,32.55,44530
2009-12-28 19:00:00,32.55,32.58,32.52,32.54,32900
2009-12-28 20:00:00,32.54,32.56,32.46,32.49,54490
2009-12-28 21:00:00,32.49,32.54,32.39,32.5,69560
2009-12-28 22:00:00,32.5,32.51,32.34,32.43,69250
2009-12-29 16:00:00,32.36,32.36,32.18,32.25,28500
2009-12-29 17:00:00,32.27,32.31,32.14,32.24,38040
2009-12-29 18:00:00,32.28,32.32,32.27,32.29,45500
2009-12-29 19:00:00,32.29,32.31,32.21,32.24,24940
2009-12-29 20:00:00,32.21,32.25,32.08,32.09,19650
2009-12-29 21:00:00,32.1,32.27,32.09,32.24,25850
2009-12-29 22:00:00,32.25,32.27,32.08,32.1,56550
2009-12-30 16:00:00,32.12,32.27,32.01,32.13,29540
2009-12-30 17:00:00,32.14,32.14,31.87,32.14,32760
2009-12-30 18:00:00,32.13,32.17,32.09,32.14,51230
2009-12-30 19:00:00,32.15,32.18,32.08,32.1,31170
2009-12-30 20:00:00,32.11,32.17,32.1,32.13,32240
2009-12-30 21:00:00,32.13,32.29,32.05,32.25,41580
2009-12-30 22:00:00,32.26,32.26,32.1,32.15,50010
2009-12-31 16:00:00,32.24,32.28,31.92,32.02,7050
2009-12-31 17:00:00,31.99,32.0,31.88,31.9,32430
2009-12-31 18:00:00,31.91,31.95,31.87,31.95,37110
2009-12-31 19:00:00,31.94,32.1,31.9,32.03,43940
2009-12-31 20:00:00,32.04,32.18,31.98,31.98,15000
2009-12-31 21:00:00,31.98,32.09,31.95,32.06,25100
2009-12-31 22:00:00,32.06,32.1,31.78,31.82,90910
2010-01-04 16:00:00,31.94,32.32,31.78,32.01,26670
2010-01-04 17:00:00,32.0,32.23,31.97,32.09,44250
2010-01-04 18:00:00,32.08,32.12,31.95,31.98,61750
2010-01-04 19:00:00,31.98,31.99,31.91,31.96,75610
2010-01-04 20:00:00,31.97,31.97,31.8,31.86,42140
2010-01-04 21:00:00,31.86,32.01,31.85,31.93,39040
2010-01-04 22:00:00,31.95,32.0,31.82,32.0,110420
2010-01-05 16:00:00,31.91,32.05,31.84,31.84,16450
2010-01-05 17:00:00,31.82,31.99,31.72,31.97,70090
2010-01-05 18:00:00,31.98,31.99,31.87,31.9,121840
2010-01-05 19:00:00,31.9,32.19,31.84,32.19,732960
2010-01-05 20:00:00,32.22,32.45,32.17,32.21,60970
2010-01-05 21:00:00,32.21,32.23,32.06,32.11,78450
2010-01-05 22:00:00,32.1,32.21,32.03,32.1,162460
2010-01-06 16:00:00,32.02,32.27,31.08,31.31,602100
2010-01-06 17:00:00,31.27,31.31,31.06,31.15,432690
2010-01-06 18:00:00,31.17,31.8,31.17,31.52,222840
2010-01-06 19:00:00,31.53,31.55,31.37,31.54,100730
2010-01-06 20:00:00,31.54,31.57,31.42,31.45,99620
2010-01-06 21:00:00,31.46,31.53,31.28,31.32,160020
2010-01-06 22:00:00,31.31,31.44,31.2,31.23,267720
2010-01-07 16:00:00,31.55,32.86,31.32,32.85,318720
2010-01-07 17:00:00,32.82,33.94,32.79,33.72,569110
2010-01-07 18:00:00,33.75,34.6,33.5,34.18,369530
2010-01-07 19:00:00,34.18,34.24,33.82,33.87,132250
2010-01-07 20:00:00,33.85,34.23,33.7,33.87,127980
2010-01-07 21:00:00,33.86,33.88,33.44,33.55,246650
2010-01-07 22:00:00,33.55,33.6,33.34,33.38,421400
2010-01-08 16:00:00,33.39,34.3,33.39,34.26,203760
2010-01-08 17:00:00,34.25,34.46,34.07,34.38,286450
2010-01-08 18:00:00,34.38,34.6,34.18,34.4,269760
2010-01-08 19:00:00,34.4,34.92,34.4,34.87,165540
2010-01-08 20:00:00,34.89,35.1,34.47,34.52,255280
2010-01-08 21:00:00,34.52,34.7,34.41,34.6,141100
2010-01-08 22:00:00,34.6,34.61,34.11,34.5,285350
2010-01-11 16:00:00,34.46,34.74,34.35,34.4,27800
2010-01-11 17:00:00,34.35,34.77,33.65,34.04,286290
2010-01-11 18:00:00,34.04,34.27,33.98,34.12,291850
2010-01-11 19:00:00,34.15,34.23,34.01,34.19,97260
2010-01-11 20:00:00,34.22,34.25,34.05,34.12,206540
2010-01-11 21:00:00,34.13,34.21,34.04,34.14,168260
2010-01-11 22:00:00,34.12,34.3,34.11,34.21,213950
2010-01-12 16:00:00,33.8,33.8,33.08,33.25,110390
2010-01-12 17:00:00,33.25,33.75,33.18,33.69,114370
2010-01-12 18:00:00,33.67,33.76,33.55,33.68,35910
2010-01-12 19:00:00,33.67,33.69,33.28,33.41,115210
2010-01-12 20:00:00,33.41,33.44,33.14,33.25,56580
2010-01-12 21:00:00,33.25,33.39,33.16,33.26,83110
2010-01-12 22:00:00,33.27,33.29,33.1,33.23,155220
2010-01-13 16:00:00,33.22,33.51,33.22,33.32,105840
2010-01-13 17:00:00,33.34,33.43,33.33,33.38,94070
2010-01-13 18:00:00,33.4,33.57,33.33,33.35,62180
2010-01-13 19:00:00,33.35,33.38,33.28,33.36,37510
2010-01-13 20:00:00,33.36,33.38,33.31,33.35,41830
2010-01-13 21:00:00,33.34,33.38,33.2,33.28,113910
2010-01-13 22:00:00,33.32,33.43,33.26,33.35,115720
2010-01-14 16:00:00,33.47,33.49,33.23,33.38,23470
2010-01-14 17:00:00,33.36,33.45,33.27,33.38,54600
2010-01-14 18:00:00,33.37,33.6,33.37,33.5,84730
2010-01-14 19:00:00,33.5,33.51,33.33,33.35,60460
2010-01-14 20:00:00,33.35,33.35,33.3,33.34,19510
2010-01-14 21:00:00,33.33,33.39,33.29,33.35,69200
2010-01-14 22:00:00,33.35,33.37,33.08,33.1,136270
2010-01-15 16:00:00,33.0,33.14,32.67,32.73,32150
2010-01-15 17:00:00,32.72,32.77,32.4,32.75,162510
2010-01-15 18:00:00,32.74,32.75,32.53,32.54,90080
2010-01-15 19:00:00,32.55,32.55,32.15,32.23,71450
2010-01-15 20:00:00,32.24,32.36,32.07,32.25,66610
2010-01-15 21:00:00,32.25,32.4,32.24,32.34,58900
2010-01-15 22:00:00,32.33,32.39,32.13,32.14,184400
2010-01-19 16:00:00,32.08,32.52,32.08,32.39,33690
2010-01-19 17:00:00,32.36,32.74,32.36,32.71,72850
2010-01-19 18:00:00,32.7,32.72,32.3,32.38,70110
2010-01-19 19:00:00,32.38,32.54,32.38,32.46,39140
2010-01-19 20:00:00,32.45,32.52,32.36,32.51,42720
2010-01-19 21:00:00,32.52,32.55,32.41,32.43,33850
2010-01-19 22:00:00,32.42,32.55,32.41,32.5,88830
2010-01-20 16:00:00,32.39,32.48,32.24,32.34,53260
2010-01-20 17:00:00,32.34,32.39,32.22,32.27,127690
2010-01-20 18:00:00,32.27,32.27,32.09,32.23,53250
2010-01-20 19:00:00,32.23,32.26,32.14,32.17,36220
2010-01-20 20:00:00,32.16,32.24,32.14,32.2,31730
2010-01-20 21:00:00,32.19,32.24,32.13,32.19,51920
2010-01-20 22:00:00,32.17,32.2,32.07,32.09,137770
2010-01-21 16:00:00,32.25,32.48,31.86,31.95,29200
2010-01-21 17:00:00,31.95,32.2,31.39,31.72,94970
2010-01-21 18:00:00,31.69,31.69,30.96,31.01,51720
2010-01-21 19:00:00,31.03,31.43,31.01,31.36,78040
2010-01-21 20:00:00,31.39,31.41,31.14,31.31,30950
2010-01-21 21:00:00,31.33,31.6,31.25,31.52,67540
2010-01-21 22:00:00,31.52,31.55,31.06,31.07,142300
2010-01-22 16:00:00,30.97,31.33,30.83,30.96,20040
2010-01-22 17:00:00,30.95,30.98,30.7,30.85,74830
2010-01-22 18:00:00,30.87,31.0,30.66,30.98,62900
2010-01-22 19:00:00,30.95,31.09,30.91,31.0,55140
2010-01-22 20:00:00,30.99,31.05,30.87,30.96,36180
2010-01-22 21:00:00,30.97,31.02,30.77,30.89,115550
2010-01-22 22:00:00,30.86,30.9,30.27,30.45,145090
2010-01-25 16:00:00,30.7,30.87,30.43,30.85,29470
2010-01-25 17:00:00,30.83,30.87,30.32,30.32,76440
2010-01-25 18:00:00,30.31,30.31,29.87,30.19,80540
2010-01-25 19:00:00,30.21,30.43,30.18,30.26,27250
2010-01-25 20:00:00,30.26,30.38,30.2,30.26,24590
2010-01-25 21:00:00,30.25,30.45,30.24,30.42,23040
2010-01-25 22:00:00,30.42,30.48,30.33,30.39,82850
2010-01-26 16:00:00,30.26,30.49,29.91,29.96,8400
2010-01-26 17:00:00,29.97,30.34,29.85,30.01,127560
2010-01-26 18:00:00,30.0,30.03,29.86,29.98,167240
2010-01-26 19:00:00,29.98,30.02,29.97,30.0,80400
2010-01-26 20:00:00,30.0,30.01,29.92,30.0,33690
2010-01-26 21:00:00,30.0,30.0,29.75,29.77,67450
2010-01-26 22:00:00,29.78,29.8,29.4,29.47,195530
2010-01-27 16:00:00,29.53,29.72,29.43,29.64,43110
2010-01-27 17:00:00,29.63,29.64,29.23,29.32,118380
2010-01-27 18:00:00,29.34,29.77,29.27,29.74,177870
2010-01-27 19:00:00,29.72,29.74,29.53,29.55,70550
2010-01-27 20:00:00,29.55,29.71,29.55,29.7,41250
2010-01-27 21:00:00,29.7,29.83,29.5,29.75,127530
2010-01-27 22:00:00,29.78,30.02,29.61,29.87,157770
2010-01-28 16:00:00,29.9,29.9,29.52,29.75,31260
2010-01-28 17:00:00,29.75,29.75,29.45,29.47,50680
2010-01-28 18:00:00,29.46,29.53,29.33,29.51,43470
2010-01-28 19:00:00,29.53,29.76,29.45,29.76,176140
2010-01-28 20:00:00,29.76,29.88,29.7,29.77,56670
2010-01-28 21:00:00,29.77,29.84,29.69,29.8,63690
2010-01-28 22:00:00,29.8,29.86,29.68,29.69,180910
2010-01-29 16:00:00,29.87,29.87,29.62,29.72,20970
2010-01-29 17:00:00,29.72,29.84,29.68,29.75,44200
2010-01-29 18:00:00,29.74,29.79,29.65,29.67,61180
2010-01-29 19:00:00,29.67,29.74,29.61,29.73,36360
2010-01-29 20:00:00,29.72,29.74,29.62,29.69,73310
2010-01-29 21:00:00,29.69,29.72,29.53,29.57,112830
2010-01-29 22:00:00,29.58,29.67,29.54,29.56,254690
2010-02-01 16:00:00,29.62,29.91,29.62,29.77,238670
2010-02-01 17:00:00,29.78,29.96,29.56,29.85,686980
2010-02-01 18:00:00,29.85,30.08,29.68,29.68,137450
2010-02-01 19:00:00,29.68,29.77,29.62,29.73,53130
2010-02-01 20:00:00,29.72,29.87,29.71,29.76,80630
2010-02-01 21:00:00,29.75,29.93,29.68,29.8,105570
2010-02-01 22:00:00,29.82,29.91,29.72,29.91,145030
2010-02-02 16:00:00,29.86,29.97,29.62,29.86,306510
2010-02-02 17:00:00,29.7,30.02,29.67,29.78,93600
2010-02-02 18:00:00,29.76,29.78,29.45,29.47,47090
2010-02-02 19:00:00,29.46,29.69,29.45,29.61,43830
2010-02-02 20:00:00,29.6,29.69,29.54,29.58,33510
2010-02-02 21:00:00,29.57,29.71,29.49,29.71,92860
2010-02-02 22:00:00,29.7,29.82,29.58,29.74,163300
2010-02-03 16:00:00,29.46,29.66,29.31,29.33,28940
2010-02-03 17:00:00,29.36,29.57,29.21,29.5,68970
2010-02-03 18:00:00,29.51,29.63,29.31,29.32,71710
2010-02-03 19:00:00,29.33,29.53,29.3,29.51,47590
2010-02-03 20:00:00,29.49,29.62,29.47,29.53,64420
2010-02-03 21:00:00,29.55,29.64,29.5,29.61,56010
2010-02-03 22:00:00,29.61,29.64,29.36,29.47,151440
2010-02-04 16:00:00,29.09,29.22,28.58,28.66,54190
2010-02-04 17:00:00,28.67,28.88,28.6,28.64,65980
2010-02-04 18:00:00,28.63,28.81,28.62,28.7,51770
2010-02-04 19:00:00,28.7,28.76,28.55,28.75,117710
2010-02-04 20:00:00,28.73,28.84,28.68,28.74,93480
2010-02-04 21:00:00,28.72,28.77,28.58,28.7,92750
2010-02-04 22:00:00,28.7,28.7,28.53,28.59,243630
2010-02-05 16:00:00,28.53,28.65,28.26,28.56,64520
2010-02-05 17:00:00,28.56,28.81,28.42,28.77,92540
2010-02-05 18:00:00,28.78,28.86,28.69,28.74,99780
2010-02-05 19:00:00,28.74,28.78,28.51,28.66,97650
2010-02-05 20:00:00,28.63,28.63,28.16,28.16,46740
2010-02-05 21:00:00,28.19,28.43,28.03,28.36,71180
2010-02-05 22:00:00,28.36,28.81,28.36,28.76,155550
2010-02-08 16:00:00,28.72,28.72,28.4,28.68,23170
2010-02-08 17:00:00,28.68,28.72,28.24,28.59,83860
2010-02-08 18:00:00,28.59,28.73,28.34,28.37,95340
2010-02-08 19:00:00,28.37,28.44,28.26,28.41,82240
2010-02-08 20:00:00,28.41,28.41,28.07,28.16,68230
2010-02-08 21:00:00,28.16,28.3,28.1,28.13,45240
2010-02-08 22:00:00,28.14,28.18,27.87,27.89,175140
2010-02-09 16:00:00,28.21,29.05,28.07,28.11,41420
2010-02-09 17:00:00,28.1,28.39,28.02,28.28,87070
2010-02-09 18:00:00,28.28,28.56,28.15,28.37,100680
2010-02-09 19:00:00,28.38,28.53,28.14,28.34,94700
2010-02-09 20:00:00,28.34,28.43,28.3,28.39,52020
2010-02-09 21:00:00,28.39,28.45,28.27,28.33,61920
2010-02-09 22:00:00,28.34,28.45,28.25,28.36,114830
2010-02-10 16:00:00,28.21,28.34,28.16,28.2,20600
2010-02-10 17:00:00,28.2,28.2,27.96,28.05,48090
2010-02-10 18:00:00,28.06,28.16,28.02,28.05,26490
2010-02-10 19:00:00,28.05,28.45,28.04,28.42,45940
2010-02-10 20:00:00,28.42,28.48,28.36,28.4,29340
2010-02-10 21:00:00,28.41,28.51,28.39,28.41,44430
2010-02-10 22:00:00,28.43,28.55,28.36,28.53,155140
2010-02-11 16:00:00,28.52,28.52,27.98,28.25,14220
2010-02-11 17:00:00,28.26,28.39,28.23,28.3,24170
2010-02-11 18:00:00,28.31,28.95,28.26,28.89,58630
2010-02-11 19:00:00,28.87,29.12,28.86,29.12,72110
2010-02-11 20:00:00,29.13,29.51,29.12,29.37,233680
2010-02-11 21:00:00,29.38,29.46,29.16,29.18,230600
2010-02-11 22:00:00,29.18,29.26,29.1,29.2,90260
2010-02-12 16:00:00,28.74,29.06,28.72,29.04,34150
2010-02-12 17:00:00,29.01,29.31,28.94,29.22,130340
2010-02-12 18:00:00,29.2,29.26,28.96,28.96,47580
2010-02-12 19:00:00,28.96,29.16,28.96,29.11,81600
2010-02-12 20:00:00,29.12,29.14,28.92,29.1,57290
2010-02-12 21:00:00,29.1,29.17,29.04,29.1,131990
2010-02-12 22:00:00,29.1,29.31,29.01,29.24,238320
2010-02-16 16:00:00,29.42,29.42,28.96,29.0,11200
2010-02-16 17:00:00,29.01,29.21,28.9,29.19,59420
2010-02-16 18:00:00,29.21,29.47,29.2,29.36,20800
2010-02-16 19:00:00,29.38,29.44,29.3,29.35,11060
2010-02-16 20:00:00,29.34,29.43,29.29,29.42,13330
2010-02-16 21:00:00,29.42,29.46,29.33,29.4,19860
2010-02-16 22:00:00,29.43,29.58,29.36,29.58,78570
2010-02-17 16:00:00,29.71,29.79,29.28,29.4,37760
2010-02-17 17:00:00,29.37,29.46,29.15,29.2,167230
2010-02-17 18:00:00,29.19,29.23,29.09,29.18,73210
2010-02-17 19:00:00,29.18,29.22,29.14,29.19,52760
2010-02-17 20:00:00,29.22,29.23,29.13,29.18,46210
2010-02-17 21:00:00,29.17,29.21,29.06,29.09,87320
2010-02-17 22:00:00,29.09,29.1,29.02,29.08,115440
2010-02-18 16:00:00,29.17,29.3,28.81,28.95,36770
2010-02-18 17:00:00,28.94,29.0,28.77,28.8,99940
2010-02-18 18:00:00,28.8,28.83,28.69,28.78,133660
2010-02-18 19:00:00,28.79,28.87,28.76,28.76,93130
2010-02-18 20:00:00,28.77,28.8,28.71,28.76,73090
2010-02-18 21:00:00,28.76,28.8,28.61,28.65,123530
2010-02-18 22:00:00,28.67,28.74,28.62,28.7,175000
2010-02-19 16:00:00,28.73,28.75,28.62,28.67,19300
2010-02-19 17:00:00,28.67,28.92,28.67,28.75,40190
2010-02-19 18:00:00,28.75,28.89,28.73,28.87,92850
2010-02-19 19:00:00,28.86,29.02,28.83,29.02,169700
2010-02-19 20:00:00,29.02,29.09,28.96,29.09,85850
2010-02-19 21:00:00,29.08,29.29,29.07,29.23,114480
2010-02-19 22:00:00,29.23,29.38,29.18,29.27,153250
2010-02-22 16:00:00,29.31,29.68,29.23,29.39,124930
2010-02-22 17:00:00,29.39,29.41,29.27,29.28,110920
2010-02-22 18:00:00,29.28,29.4,29.09,29.21,124940
2010-02-22 19:00:00,29.22,29.31,29.18,29.26,40390
2010-02-22 20:00:00,29.26,29.41,29.25,29.34,36210
2010-02-22 21:00:00,29.35,29.42,29.29,29.35,65610
2010-02-22 22:00:00,29.33,29.4,29.3,29.36,112690
2010-02-23 16:00:00,29.37,29.64,29.36,29.52,35790
2010-02-23 17:00:00,29.51,29.57,29.34,29.53,142730
2010-02-23 18:00:00,29.53,29.54,29.28,29.48,93460
2010-02-23 19:00:00,29.47,29.49,29.39,29.39,73450
2010-02-23 20:00:00,29.41,29.48,29.38,29.47,62620
2010-02-23 21:00:00,29.48,29.54,29.42,29.51,85370
2010-02-23 22:00:00,29.51,29.57,29.44,29.48,138300
2010-02-24 16:00:00,29.5,29.81,29.42,29.74,17270
2010-02-24 17:00:00,29.73,30.03,29.61,29.9,67630
2010-02-24 18:00:00,29.92,29.95,29.84,29.94,24540
2010-02-24 19:00:00,29.92,29.93,29.82,29.93,16390
2010-02-24 20:00:00,29.93,30.01,29.89,29.94,31560
2010-02-24 21:00:00,29.95,29.95,29.83,29.83,37220
2010-02-24 22:00:00,29.83,29.98,29.8,29.95,106760
2010-02-25 16:00:00,29.54,29.83,29.54,29.7,22600
2010-02-25 17:00:00,29.71,29.77,29.63,29.69,47150
2010-02-25 18:00:00,29.68,29.68,29.38,29.39,50520
2010-02-25 19:00:00,29.38,29.57,29.38,29.51,25970
2010-02-25 20:00:00,29.51,29.73,29.43,29.72,23390
2010-02-25 21:00:00,29.72,29.77,29.64,29.69,38610
2010-02-25 22:00:00,29.7,29.89,29.66,29.84,80850
2010-02-26 16:00:00,29.97,30.0,29.65,29.65,14850
2010-02-26 17:00:00,29.67,29.93,29.54,29.73,24070
2010-02-26 18:00:00,29.74,29.88,29.72,29.85,13990
2010-02-26 19:00:00,29.86,29.92,29.83,29.89,24590
2010-02-26 20:00:00,29.89,29.96,29.87,29.87,24590
2010-02-26 21:00:00,29.87,29.9,29.87,29.88,26970
2010-02-26 22:00:00,29.89,30.06,29.83,29.96,117730
2010-03-01 16:00:00,28.09,29.49,27.9,29.27,1086780
2010-03-01 17:00:00,29.27,29.37,28.51,28.53,1112050
2010-03-01 18:00:00,28.53,28.83,28.43,28.72,639770
2010-03-01 19:00:00,28.73,28.83,28.7,28.73,1554340
2010-03-01 20:00:00,28.74,28.82,28.7,28.72,312620
2010-03-01 21:00:00,28.73,28.78,28.54,28.78,259360
2010-03-01 22:00:00,28.78,28.82,28.48,28.59,653060
2010-03-02 16:00:00,29.74,29.99,29.53,29.68,770670
2010-03-02 17:00:00,29.68,29.9,29.47,29.89,1214540
2010-03-02 18:00:00,29.89,30.45,29.87,30.32,437540
2010-03-02 19:00:00,30.31,31.1,30.3,30.98,448910
2010-03-02 20:00:00,30.96,32.24,30.92,32.12,455350
2010-03-02 21:00:00,32.09,32.3,31.9,32.1,551320
2010-03-02 22:00:00,32.11,32.73,32.1,32.61,940570
2010-03-03 16:00:00,32.56,32.56,32.01,32.33,227730
2010-03-03 17:00:00,32.33,32.44,31.96,32.25,370530
2010-03-03 18:00:00,32.28,32.48,32.27,32.41,129140
2010-03-03 19:00:00,32.42,32.71,32.35,32.39,110760
2010-03-03 20:00:00,32.39,32.46,32.18,32.4,87670
2010-03-03 21:00:00,32.39,32.39,32.02,32.03,94130
2010-03-03 22:00:00,32.03,32.2,32.02,32.12,230150
2010-03-04 16:00:00,32.03,32.5,31.97,32.36,98780
2010-03-04 17:00:00,32.42,32.84,32.36,32.56,287140
2010-03-04 18:00:00,32.54,32.77,32.49,32.72,177490
2010-03-04 19:00:00,32.73,33.21,32.7,32.76,218280
2010-03-04 20:00:00,32.77,32.78,32.64,32.7,154860
2010-03-04 21:00:00,32.7,32.89,32.64,32.88,186620
2010-03-04 22:00:00,32.88,32.95,32.72,32.87,175690
2010-03-05 16:00:00,33.04,33.64,32.86,33.22,213670
2010-03-05 17:00:00,33.21,33.44,33.1,33.31,163730
2010-03-05 18:00:00,33.33,34.2,33.26,33.51,426860
2010-03-05 19:00:00,33.52,34.81,33.5,34.36,571760
2010-03-05 20:00:00,34.36,35.17,34.29,34.32,857510
2010-03-05 21:00:00,34.31,34.31,33.62,33.79,198150
2010-03-05 22:00:00,33.77,33.86,33.51,33.62,243640
2010-03-08 16:00:00,33.69,34.8,33.5,34.21,420200
2010-03-08 17:00:00,34.2,34.6,33.97,34.58,304450
2010-03-08 18:00:00,34.54,34.75,34.3,34.43,266740
2010-03-08 19:00:00,34.43,34.45,34.1,34.18,298670
2010-03-08 20:00:00,34.17,34.32,33.82,34.03,375780
2010-03-08 21:00:00,34.02,34.18,33.8,34.1,206950
2010-03-08 22:00:00,34.09,34.17,33.9,34.01,251660
2010-03-09 16:00:00,33.93,34.06,33.62,33.78,83480
2010-03-09 17:00:00,33.76,33.8,33.61,33.74,56740
2010-03-09 18:00:00,33.73,33.83,33.69,33.7,76990
2010-03-09 19:00:00,33.71,33.83,33.71,33.8,62930
2010-03-09 20:00:00,33.82,33.82,33.76,33.78,178290
2010-03-09 21:00:00,33.78,33.82,33.72,33.77,124850
2010-03-09 22:00:00,33.77,33.78,33.53,33.55,289640
2010-03-10 16:00:00,33.55,33.55,33.36,33.44,36790
2010-03-10 17:00:00,33.42,33.75,33.41,33.65,154670
2010-03-10 18:00:00,33.65,33.78,33.51,33.61,80270
2010-03-10 19:00:00,33.61,33.61,33.48,33.57,207280
2010-03-10 20:00:00,33.55,33.6,33.45,33.49,77820
2010-03-10 21:00:00,33.46,33.56,33.46,33.49,63450
2010-03-10 22:00:00,33.5,33.61,33.43,33.55,219230
2010-03-11 16:00:00,33.36,33.89,33.15,33.72,198170
2010-03-11 17:00:00,33.71,33.83,33.56,33.83,95480
2010-03-11 18:00:00,33.85,33.92,33.8,33.86,39590
2010-03-11 19:00:00,33.86,33.93,33.85,33.91,39910
2010-03-11 20:00:00,33.9,34.09,33.9,34.06,38420
2010-03-11 21:00:00,34.05,34.09,33.93,34.03,74320
2010-03-11 22:00:00,34.03,34.35,34.03,34.31,205690
2010-03-12 16:00:00,34.32,34.47,34.07,34.3,196790
2010-03-12 17:00:00,34.3,34.97,34.25,34.71,383470
2010-03-12 18:00:00,34.71,34.99,34.68,34.97,218050
2010-03-12 19:00:00,34.96,35.2,34.69,35.09,282330
2010-03-12 20:00:00,35.08,35.47,34.91,34.93,234960
2010-03-12 21:00:00,34.94,34.94,34.72,34.83,56610
2010-03-12 22:00:00,34.83,34.95,34.79,34.86,149670
2010-03-15 16:00:00,34.75,34.75,34.3,34.32,50650
2010-03-15 17:00:00,34.31,34.4,34.26,34.4,96870
2010-03-15 18:00:00,34.4,34.4,34.0,34.09,93510
2010-03-15 19:00:00,34.09,34.22,34.05,34.17,77520
2010-03-15 20:00:00,34.18,34.27,34.15,34.25,250230
2010-03-15 21:00:00,34.25,34.42,34.19,34.4,114780
2010-03-15 22:00:00,34.41,34.68,34.4,34.55,156440
2010-03-16 16:00:00,34.52,34.79,34.44,34.5,31610
2010-03-16 17:00:00,34.47,34.92,34.45,34.91,208180
2010-03-16 18:00:00,34.91,34.97,34.77,34.85,56780
2010-03-16 19:00:00,34.85,34.86,34.72,34.78,63400
2010-03-16 20:00:00,34.78,34.78,34.57,34.73,58190
2010-03-16 21:00:00,34.73,34.73,34.57,34.7,63000
2010-03-16 22:00:00,34.7,34.97,34.65,34.92,115890
2010-03-17 16:00:00,35.02,35.02,34.75,34.94,42900
2010-03-17 17:00:00,34.94,35.02,34.85,34.96,341400
2010-03-17 18:00:00,34.94,35.14,34.94,35.08,78530
2010-03-17 19:00:00,35.08,35.18,35.06,35.13,214500
2010-03-17 20:00:00,35.12,35.15,35.07,35.12,66880
2010-03-17 21:00:00,35.1,35.23,35.1,35.18,105480
2010-03-17 22:00:00,35.18,35.4,35.15,35.37,180450
2010-03-18 16:00:00,35.17,35.55,35.05,35.42,58990
2010-03-18 17:00:00,35.42,35.58,35.4,35.46,32730
2010-03-18 18:00:00,35.46,35.6,35.39,35.42,48890
2010-03-18 19:00:00,35.42,35.46,35.21,35.26,206670
2010-03-18 20:00:00,35.27,35.31,35.22,35.28,37100
2010-03-18 21:00:00,35.28,35.32,35.14,35.24,76880
2010-03-18 22:00:00,35.23,35.33,35.16,35.22,120230
2010-03-19 16:00:00,35.27,35.49,34.79,35.0,185310
2010-03-19 17:00:00,35.0,35.17,34.94,35.08,160020
2010-03-19 18:00:00,35.09,35.27,34.97,35.14,167140
2010-03-19 19:00:00,35.14,35.26,35.04,35.18,59980
2010-03-19 20:00:00,35.18,35.28,35.12,35.14,80760
2010-03-19 21:00:00,35.14,35.21,35.08,35.21,86300
2010-03-19 22:00:00,35.2,35.2,35.02,35.07,350120
2010-03-22 16:00:00,35.01,35.23,34.25,35.01,73210
2010-03-22 17:00:00,35.01,35.42,34.97,35.35,69970
2010-03-22 18:00:00,35.38,35.54,35.23,35.53,75400
2010-03-22 19:00:00,35.54,35.59,35.46,35.55,49690
2010-03-22 20:00:00,35.54,35.65,35.48,35.64,68210
2010-03-22 21:00:00,35.63,35.73,35.58,35.61,79650
2010-03-22 22:00:00,35.61,35.81,35.61,35.72,137130
2010-03-23 16:00:00,35.75,35.92,35.62,35.9,25050
2010-03-23 17:00:00,35.9,35.99,35.65,35.77,264130
2010-03-23 18:00:00,35.76,35.83,35.57,35.82,110490
2010-03-23 19:00:00,35.83,35.98,35.83,35.98,42930
2010-03-23 20:00:00,35.97,36.08,35.95,36.08,85470
2010-03-23 21:00:00,36.07,36.07,35.9,35.99,50190
2010-03-23 22:00:00,35.98,36.22,35.96,36.21,127110
2010-03-24 16:00:00,36.09,36.25,36.05,36.12,55570
2010-03-24 17:00:00,36.12,36.18,36.0,36.1,53440
2010-03-24 18:00:00,36.09,36.11,35.81,35.86,115890
2010-03-24 19:00:00,35.86,35.89,35.8,35.85,35400
2010-03-24 20:00:00,35.85,35.91,35.72,35.87,35570
2010-03-24 21:00:00,35.92,35.94,35.83,35.89,33030
2010-03-24 22:00:00,35.87,35.96,35.78,35.93,91570
2010-03-25 16:00:00,36.26,36.26,35.85,35.98,54450
2010-03-25 17:00:00,35.97,36.04,35.81,35.93,46830
2010-03-25 18:00:00,35.92,36.56,35.9,36.18,179930
2010-03-25 19:00:00,36.17,36.24,36.02,36.03,28960
2010-03-25 20:00:00,36.03,36.25,35.98,36.12,88960
2010-03-25 21:00:00,36.12,36.17,36.05,36.13,64550
2010-03-25 22:00:00,36.14,36.26,35.8,35.86,95690
2010-03-26 16:00:00,35.88,35.94,35.69,35.81,63080
2010-03-26 17:00:00,35.8,36.0,35.76,35.8,22540
2010-03-26 18:00:00,35.8,35.81,35.66,35.66,48030
2010-03-26 19:00:00,35.65,35.69,35.27,35.34,22110
2010-03-26 20:00:00,35.37,35.95,35.16,35.49,264980
2010-03-26 21:00:00,35.51,35.74,35.48,35.61,45200
2010-03-26 22:00:00,35.61,35.81,35.61,35.76,134040
2010-03-29 16:00:00,35.89,35.9,35.49,35.51,51260
2010-03-29 17:00:00,35.52,35.95,35.45,35.76,80320
2010-03-29 18:00:00,35.75,35.77,35.54,35.59,34730
2010-03-29 19:00:00,35.61,35.63,35.54,35.57,26810
2010-03-29 20:00:00,35.57,35.63,35.52,35.61,42670
2010-03-29 21:00:00,35.61,35.65,35.54,35.61,39130
2010-03-29 22:00:00,35.61,35.8,35.61,35.77,66200
2010-03-30 16:00:00,35.75,36.33,35.56,36.18,32440
2010-03-30 17:00:00,36.13,36.62,36.1,36.43,114470
2010-03-30 18:00:00,36.41,36.49,36.09,36.3,78230
2010-03-30 19:00:00,36.29,36.3,36.04,36.16,82100
2010-03-30 20:00:00,36.13,36.3,36.02,36.23,49590
2010-03-30 21:00:00,36.22,36.29,36.03,36.26,36490
2010-03-30 22:00:00,36.21,36.22,36.09,36.15,66670
2010-03-31 16:00:00,36.07,36.17,35.9,36.11,11900
2010-03-31 17:00:00,36.04,36.18,36.04,36.17,36270
2010-03-31 18:00:00,36.16,36.32,36.13,36.23,32940
2010-03-31 19:00:00,36.24,36.24,36.06,36.22,41200
2010-03-31 20:00:00,36.21,36.35,36.18,36.34,23120
2010-03-31 21:00:00,36.32,36.36,36.22,36.27,43000
2010-03-31 22:00:00,36.27,36.3,35.98,36.1,143940
2010-04-01 16:00:00,36.32,36.46,36.18,36.37,24220
2010-04-01 17:00:00,36.38,36.4,36.07,36.23,34900
2010-04-01 18:00:00,36.23,36.38,36.17,36.37,20090
2010-04-01 19:00:00,36.35,36.42,36.31,36.35,25000
2010-04-01 20:00:00,36.35,36.36,36.22,36.33,24020
2010-04-01 21:00:00,36.31,36.36,36.09,36.17,23330
2010-04-01 22:00:00,36.16,36.47,36.14,36.47,46940
2010-04-05 16:00:00,36.49,36.7,36.44,36.68,17860
2010-04-05 17:00:00,36.69,37.0,36.63,36.99,154940
2010-04-05 18:00:00,36.98,37.0,36.86,36.88,22810
2010-04-05 19:00:00,36.89,37.0,36.87,36.98,30800
2010-04-05 20:00:00,36.97,36.98,36.85,36.87,20140
2010-04-05 21:00:00,36.86,36.91,36.76,36.77,21760
2010-04-05 22:00:00,36.78,36.99,36.75,36.98,62110
2010-04-06 16:00:00,36.85,36.85,36.54,36.55,77850
2010-04-06 17:00:00,36.53,36.84,36.39,36.84,106970
2010-04-06 18:00:00,36.84,37.1,36.8,37.02,67750
2010-04-06 19:00:00,37.02,37.1,36.99,37.06,21880
2010-04-06 20:00:00,37.08,37.3,37.05,37.29,54710
2010-04-06 21:00:00,37.28,37.43,37.27,37.34,67730
2010-04-06 22:00:00,37.34,37.45,37.3,37.37,175000
2010-04-07 16:00:00,37.07,37.67,37.07,37.52,88610
2010-04-07 17:00:00,37.53,37.78,37.31,37.36,166260
2010-04-07 18:00:00,37.37,37.6,37.29,37.5,104850
2010-04-07 19:00:00,37.49,37.52,37.26,37.28,108820
2010-04-07 20:00:00,37.28,37.45,37.26,37.36,111920
2010-04-07 21:00:00,37.36,37.67,37.36,37.52,124210
2010-04-07 22:00:00,37.5,37.54,37.17,37.31,192820
2010-04-08 16:00:00,36.46,36.71,35.79,36.07,142300
2010-04-08 17:00:00,36.07,36.55,35.94,36.44,153960
2010-04-08 18:00:00,36.44,36.93,36.44,36.86,130480
2010-04-08 19:00:00,36.85,36.87,36.34,36.41,121810
2010-04-08 20:00:00,36.4,36.4,36.19,36.31,157590
2010-04-08 21:00:00,36.32,36.42,36.19,36.24,175010
2010-04-08 22:00:00,36.22,36.29,36.17,36.19,186550
2010-04-09 16:00:00,36.39,36.43,35.79,36.2,135370
2010-04-09 17:00:00,36.2,36.57,36.1,36.33,121050
2010-04-09 18:00:00,36.34,36.48,36.34,36.44,62350
2010-04-09 19:00:00,36.44,36.47,36.36,36.39,34660
2010-04-09 20:00:00,36.39,36.47,36.37,36.47,41060
2010-04-09 21:00:00,36.45,36.49,36.39,36.45,35880
2010-04-09 22:00:00,36.45,36.65,36.44,36.61,157180
2010-04-12 16:00:00,36.77,36.77,35.93,35.98,52350
2010-04-12 17:00:00,35.95,36.28,35.77,35.77,141370
2010-04-12 18:00:00,35.76,36.36,35.62,36.35,155490
2010-04-12 19:00:00,36.37,36.54,36.34,36.52,52990
2010-04-12 20:00:00,36.53,36.61,36.4,36.49,115420
2010-04-12 21:00:00,36.51,36.79,36.48,36.78,70820
2010-04-12 22:00:00,36.78,37.14,36.69,37.1,220260
2010-04-13 16:00:00,37.0,37.27,37.0,37.01,29560
2010-04-13 17:00:00,37.01,37.01,36.83,36.93,89480
2010-04-13 18:00:00,36.94,37.03,36.88,36.96,64640
2010-04-13 19:00:00,36.95,37.16,36.95,37.12,38530
2010-04-13 20:00:00,37.12,37.14,37.03,37.04,37350
2010-04-13 21:00:00,37.03,37.15,37.0,37.04,36350
2010-04-13 22:00:00,37.06,37.08,37.0,37.02,119410
2010-04-14 16:00:00,37.29,37.32,37.04,37.18,19880
2010-04-14 17:00:00,37.15,37.2,36.99,37.05,36080
2010-04-14 18:00:00,37.1,37.16,37.02,37.07,27280
2010-04-14 19:00:00,37.08,37.11,37.05,37.07,60950
2010-04-14 20:00:00,37.09,37.1,37.02,37.09,61000
2010-04-14 21:00:00,37.09,37.12,37.08,37.11,105300
2010-04-14 22:00:00,37.11,37.16,37.05,37.11,168300
2010-04-15 16:00:00,37.09,37.31,37.03,37.26,25470
2010-04-15 17:00:00,37.27,37.56,37.21,37.55,40030
2010-04-15 18:00:00,37.55,37.66,37.55,37.58,34540
2010-04-15 19:00:00,37.57,37.68,37.56,37.66,51100
2010-04-15 20:00:00,37.66,37.73,37.62,37.72,45900
2010-04-15 21:00:00,37.72,37.92,37.72,37.9,56300
2010-04-15 22:00:00,37.9,38.0,37.87,37.98,168780
2010-04-16 16:00:00,37.72,38.09,37.72,38.07,55060
2010-04-16 17:00:00,38.07,38.61,37.85,37.92,150950
2010-04-16 18:00:00,37.9,37.94,37.35,37.35,123870
2010-04-16 19:00:00,37.35,37.35,36.95,37.05,55440
2010-04-16 20:00:00,37.04,37.25,37.04,37.22,44570
2010-04-16 21:00:00,37.25,37.42,37.21,37.33,135030
2010-04-16 22:00:00,37.32,37.45,37.19,37.25,188000
2010-04-19 16:00:00,36.97,37.06,36.21,36.52,113610
2010-04-19 17:00:00,36.54,36.7,36.49,36.68,82420
2010-04-19 18:00:00,36.68,36.69,36.35,36.44,54820
2010-04-19 19:00:00,36.44,36.63,36.39,36.55,68760
2010-04-19 20:00:00,36.54,36.54,36.21,36.21,55570
2010-04-19 21:00:00,36.19,36.49,36.17,36.4,60810
2010-04-19 22:00:00,36.4,36.53,36.34,36.49,110350
2010-04-20 16:00:00,36.71,36.99,36.4,36.97,46640
2010-04-20 17:00:00,36.98,37.06,36.64,36.95,39000
2010-04-20 18:00:00,36.95,37.06,36.9,37.04,21900
2010-04-20 19:00:00,37.02,37.08,37.0,37.08,28420
2010-04-20 20:00:00,37.07,37.19,37.07,37.19,30020
2010-04-20 21:00:00,37.19,37.28,37.1,37.28,25940
2010-04-20 22:00:00,37.29,37.46,37.23,37.41,120450
2010-04-21 16:00:00,37.49,37.49,37.12,37.14,31580
2010-04-21 17:00:00,37.13,37.13,36.83,36.83,113290
2010-04-21 18:00:00,36.82,36.97,35.62,36.0,392060
2010-04-21 19:00:00,35.98,36.35,35.61,35.79,207390
2010-04-21 20:00:00,35.77,36.0,35.54,35.92,131940
2010-04-21 21:00:00,35.91,35.99,35.72,35.78,156810
2010-04-21 22:00:00,35.79,36.01,35.77,35.99,274030
2010-04-22 16:00:00,35.64,35.97,35.57,35.9,30840
2010-04-22 17:00:00,35.92,36.12,35.91,36.03,87540
2010-04-22 18:00:00,36.05,36.07,35.94,35.95,111170
2010-04-22 19:00:00,35.96,36.2,35.89,36.17,133520
2010-04-22 20:00:00,36.16,36.32,36.13,36.25,75080
2010-04-22 21:00:00,36.24,36.33,36.24,36.29,106080
2010-04-22 22:00:00,36.3,36.5,36.25,36.44,172920
2010-04-23 16:00:00,36.56,36.72,36.31,36.41,17550
2010-04-23 17:00:00,36.41,36.61,36.41,36.43,49890
2010-04-23 18:00:00,36.42,36.44,36.33,36.4,19760
2010-04-23 19:00:00,36.4,36.54,36.4,36.54,27630
2010-04-23 20:00:00,36.54,36.63,36.53,36.62,40770
2010-04-23 21:00:00,36.62,36.72,36.6,36.69,33230
2010-04-23 22:00:00,36.68,36.7,36.55,36.7,114540
2010-04-26 16:00:00,36.53,36.67,36.24,36.48,17410
2010-04-26 17:00:00,36.49,36.86,36.37,36.78,35290
2010-04-26 18:00:00,36.76,36.78,36.43,36.59,48320
2010-04-26 19:00:00,36.58,36.63,36.52,36.62,26760
2010-04-26 20:00:00,36.62,36.67,36.6,36.6,15170
2010-04-26 21:00:00,36.61,36.85,36.6,36.82,35610
2010-04-26 22:00:00,36.81,37.01,36.78,36.99,156530
2010-04-27 16:00:00,36.67,36.79,36.5,36.68,33150
2010-04-27 17:00:00,36.71,36.75,36.47,36.53,76670
2010-04-27 18:00:00,36.52,36.54,35.96,36.12,145640
2010-04-27 19:00:00,36.13,36.18,36.03,36.07,79890
2010-04-27 20:00:00,36.08,36.5,36.06,36.39,53530
2010-04-27 21:00:00,36.37,36.38,36.09,36.11,32650
2010-04-27 22:00:00,36.12,36.21,35.91,35.99,148470
2010-04-28 16:00:00,36.2,36.45,36.2,36.29,47890
2010-04-28 17:00:00,36.26,36.3,35.59,35.62,77000
2010-04-28 18:00:00,35.64,35.64,35.2,35.31,119430
2010-04-28 19:00:00,35.3,35.36,35.22,35.27,88100
2010-04-28 20:00:00,35.22,35.42,35.18,35.4,69220
2010-04-28 21:00:00,35.4,35.46,35.26,35.46,201510
2010-04-28 22:00:00,35.45,35.46,35.28,35.41,323690
2010-04-29 16:00:00,35.56,35.63,34.63,35.26,115870
2010-04-29 17:00:00,35.29,35.52,35.22,35.42,144850
2010-04-29 18:00:00,35.42,35.54,35.34,35.51,92750
2010-04-29 19:00:00,35.52,35.61,35.44,35.55,90380
2010-04-29 20:00:00,35.56,35.63,35.46,35.53,45860
2010-04-29 21:00:00,35.53,35.56,35.39,35.41,90760
2010-04-29 22:00:00,35.4,35.48,35.27,35.46,146400
2010-04-30 16:00:00,35.4,35.76,35.32,35.33,30780
2010-04-30 17:00:00,35.36,35.39,35.1,35.16,95260
2010-04-30 18:00:00,35.16,35.27,35.05,35.24,66130
2010-04-30 19:00:00,35.24,35.28,34.97,35.03,45800
2010-04-30 20:00:00,35.03,35.13,34.95,34.97,44710
2010-04-30 21:00:00,34.96,35.01,34.75,34.81,32740
2010-04-30 22:00:00,34.81,34.93,34.64,34.66,128000
2010-05-03 16:00:00,34.89,34.93,34.48,34.48,69500
2010-05-03 17:00:00,34.46,34.67,34.39,34.56,120560
2010-05-03 18:00:00,34.56,34.65,34.51,34.61,41980
2010-05-03 19:00:00,34.62,34.94,34.58,34.84,80400
2010-05-03 20:00:00,34.85,34.85,34.74,34.76,51020
2010-05-03 21:00:00,34.77,34.93,34.77,34.78,37200
2010-05-03 22:00:00,34.79,34.81,34.66,34.76,130290
2010-05-04 16:00:00,34.33,34.33,33.5,33.89,99680
2010-05-04 17:00:00,33.85,33.91,33.68,33.86,212850
2010-05-04 18:00:00,33.84,34.06,33.6,33.74,220860
2010-05-04 19:00:00,33.74,33.96,33.66,33.86,80650
2010-05-04 20:00:00,33.86,34.23,33.85,34.19,76180
2010-05-04 21:00:00,34.18,34.26,34.12,34.19,89520
2010-05-04 22:00:00,34.18,34.28,34.09,34.18,180290
2010-05-05 16:00:00,33.94,34.01,33.58,33.92,75760
2010-05-05 17:00:00,33.91,34.38,33.85,34.27,144370
2010-05-05 18:00:00,34.28,34.47,34.1,34.42,40920
2010-05-05 19:00:00,34.43,34.46,34.24,34.34,53080
2010-05-05 20:00:00,34.34,34.42,34.34,34.34,121010
2010-05-05 21:00:00,34.32,34.46,34.17,34.2,162770
2010-05-05 22:00:00,34.2,34.22,33.92,33.99,387640
2010-05-06 16:00:00,33.65,34.1,33.63,34.02,44590
2010-05-06 17:00:00,34.04,34.29,33.88,33.96,75590
2010-05-06 18:00:00,33.93,33.95,33.57,33.64,39530
2010-05-06 19:00:00,33.68,33.95,33.64,33.79,38540
2010-05-06 20:00:00,33.81,33.86,33.34,33.34,56430
2010-05-06 21:00:00,33.34,33.48,31.59,32.51,184050
2010-05-06 22:00:00,32.51,33.35,32.42,32.98,312850
2010-05-07 16:00:00,32.83,32.83,32.09,32.09,115270
2010-05-07 17:00:00,32.06,32.14,31.15,32.01,279120
2010-05-07 18:00:00,32.03,32.5,31.73,32.45,235940
2010-05-07 19:00:00,32.37,32.78,32.33,32.58,136240
2010-05-07 20:00:00,32.57,32.61,32.44,32.48,189510
2010-05-07 21:00:00,32.48,32.71,32.4,32.56,150230
2010-05-07 22:00:00,32.59,32.69,32.38,32.43,309400
2010-05-10 16:00:00,34.04,34.04,33.19,33.43,59040
2010-05-10 17:00:00,33.43,33.51,33.23,33.25,114500
2010-05-10 18:00:00,33.27,33.58,33.26,33.53,68900
2010-05-10 19:00:00,33.51,33.91,33.51,33.85,82360
2010-05-10 20:00:00,33.84,33.86,33.51,33.58,61980
2010-05-10 21:00:00,33.56,33.65,33.43,33.64,142280
2010-05-10 22:00:00,33.64,33.77,33.51,33.75,194980
2010-05-11 16:00:00,33.44,33.61,33.01,33.43,37310
2010-05-11 17:00:00,33.4,33.57,33.26,33.26,66320
2010-05-11 18:00:00,33.25,33.66,33.25,33.6,42230
2010-05-11 19:00:00,33.61,33.81,33.61,33.71,36310
2010-05-11 20:00:00,33.71,33.85,33.6,33.83,61010
2010-05-11 21:00:00,33.83,34.05,33.81,33.86,99430
2010-05-11 22:00:00,33.84,33.9,33.67,33.7,180490
2010-05-12 16:00:00,33.88,34.02,33.55,33.92,37770
2010-05-12 17:00:00,33.91,34.1,33.66,33.67,179100
2010-05-12 18:00:00,33.69,34.07,33.67,34.05,97160
2010-05-12 19:00:00,34.04,34.15,33.94,34.15,34040
2010-05-12 20:00:00,34.11,34.29,34.1,34.11,29820
2010-05-12 21:00:00,34.15,34.47,34.12,34.22,26500
2010-05-12 22:00:00,34.23,34.33,34.02,34.24,111880
2010-05-13 16:00:00,34.12,34.59,34.12,34.42,13590
2010-05-13 17:00:00,34.39,34.73,34.36,34.38,51060
2010-05-13 18:00:00,34.37,34.51,34.18,34.31,22140
2010-05-13 19:00:00,34.33,34.35,34.11,34.13,10470
2010-05-13 20:00:00,34.13,34.24,34.05,34.23,30280
2010-05-13 21:00:00,34.23,34.42,34.22,34.34,50850
2010-05-13 22:00:00,34.34,34.39,33.91,33.92,103400
2010-05-14 16:00:00,33.64,33.69,32.89,32.95,39630
2010-05-14 17:00:00,32.95,33.1,32.89,32.96,61830
2010-05-14 18:00:00,32.98,33.04,32.72,32.78,106110
2010-05-14 19:00:00,32.79,32.79,32.52,32.74,67030
2010-05-14 20:00:00,32.74,32.87,32.73,32.76,42390
2010-05-14 21:00:00,32.75,32.91,32.61,32.71,51100
2010-05-14 22:00:00,32.68,32.82,32.6,32.79,148050
2010-05-17 16:00:00,32.83,33.3,32.68,32.72,65330
2010-05-17 17:00:00,32.71,32.85,32.47,32.54,177900
2010-05-17 18:00:00,32.55,32.63,32.37,32.37,111400
2010-05-17 19:00:00,32.37,32.39,31.93,32.09,59920
2010-05-17 20:00:00,32.08,32.29,32.01,32.24,59400
2010-05-17 21:00:00,32.24,32.43,32.17,32.37,94790
2010-05-17 22:00:00,32.38,32.81,32.29,32.71,288020
2010-05-18 16:00:00,33.14,33.35,32.86,32.87,33180
2010-05-18 17:00:00,32.87,32.94,32.34,32.58,89210
2010-05-18 18:00:00,32.6,32.64,32.23,32.27,53840
2010-05-18 19:00:00,32.26,32.54,32.15,32.46,23330
2010-05-18 20:00:00,32.41,32.53,32.23,32.48,147200
2010-05-18 21:00:00,32.47,32.58,32.43,32.5,140560
2010-05-18 22:00:00,32.5,32.59,32.28,32.32,158470
2010-05-19 16:00:00,32.05,32.28,31.69,31.97,65640
2010-05-19 17:00:00,31.99,32.0,31.31,31.48,62780
2010-05-19 18:00:00,31.46,31.63,31.13,31.4,45360
2010-05-19 19:00:00,31.4,31.58,31.25,31.51,44060
2010-05-19 20:00:00,31.52,31.61,31.33,31.54,101540
2010-05-19 21:00:00,31.55,31.6,31.31,31.37,91420
2010-05-19 22:00:00,31.39,31.55,31.19,31.46,112900
2010-05-20 16:00:00,31.0,31.0,30.36,30.36,84380
2010-05-20 17:00:00,30.37,30.55,29.9,29.9,104230
2010-05-20 18:00:00,29.89,30.08,29.74,29.75,185760
2010-05-20 19:00:00,29.74,29.92,29.62,29.65,209110
2010-05-20 20:00:00,29.64,29.98,29.64,29.9,139150
2010-05-20 21:00:00,29.89,30.38,29.85,30.22,285560
2010-05-20 22:00:00,30.23,30.35,29.74,29.75,369900
2010-05-21 16:00:00,29.08,30.13,28.93,29.75,400420
2010-05-21 17:00:00,29.75,29.98,29.59,29.73,197570
2010-05-21 18:00:00,29.72,30.15,29.7,30.12,186250
2010-05-21 19:00:00,30.12,30.48,30.07,30.4,245910
2010-05-21 20:00:00,30.4,30.45,30.26,30.28,111230
2010-05-21 21:00:00,30.28,30.31,29.73,29.87,178520
2010-05-21 22:00:00,29.89,30.22,29.7,30.2,376810
2010-05-24 16:00:00,30.02,30.46,29.91,29.97,368110
2010-05-24 17:00:00,30.0,30.59,29.92,30.37,121530
2010-05-24 18:00:00,30.38,30.55,30.28,30.49,64740
2010-05-24 19:00:00,30.49,30.54,30.25,30.36,49980
2010-05-24 20:00:00,30.39,30.44,30.16,30.26,58120
2010-05-24 21:00:00,30.27,30.38,30.12,30.15,59590
2010-05-24 22:00:00,30.16,30.19,29.71,29.75,176780
2010-05-25 16:00:00,29.0,29.11,28.39,28.61,70430
2010-05-25 17:00:00,28.69,28.84,28.56,28.73,74990
2010-05-25 18:00:00,28.74,28.81,28.64,28.78,107240
2010-05-25 19:00:00,28.78,28.87,28.73,28.79,96880
2010-05-25 20:00:00,28.8,28.81,28.57,28.57,86090
2010-05-25 21:00:00,28.58,28.72,28.54,28.66,247820
2010-05-25 22:00:00,28.66,29.13,28.65,29.03,510050
2010-05-26 16:00:00,29.23,29.23,28.74,29.03,104520
2010-05-26 17:00:00,29.04,29.46,29.04,29.21,121000
2010-05-26 18:00:00,29.22,29.29,29.03,29.12,146360
2010-05-26 19:00:00,29.14,29.52,29.14,29.32,106200
2010-05-26 20:00:00,29.33,29.35,29.14,29.15,97870
2010-05-26 21:00:00,29.16,29.24,28.93,29.01,138680
2010-05-26 22:00:00,29.01,29.08,28.59,28.69,262730
2010-05-27 16:00:00,29.23,29.51,29.2,29.27,42380
2010-05-27 17:00:00,29.25,29.4,29.19,29.29,75460
2010-05-27 18:00:00,29.29,29.37,29.18,29.27,133690
2010-05-27 19:00:00,29.28,29.39,29.22,29.27,98670
2010-05-27 20:00:00,29.26,29.49,29.23,29.47,61690
2010-05-27 21:00:00,29.47,29.59,29.28,29.35,173270
2010-05-27 22:00:00,29.34,29.7,29.34,29.68,227340
2010-05-28 16:00:00,29.57,29.75,29.21,29.71,106470
2010-05-28 17:00:00,29.75,30.13,29.72,30.08,157310
2010-05-28 18:00:00,30.08,30.1,29.82,29.94,132180
2010-05-28 19:00:00,29.93,30.05,29.6,29.74,80600
2010-05-28 20:00:00,29.75,29.81,29.73,29.74,79850
2010-05-28 21:00:00,29.73,29.88,29.63,29.76,110740
2010-05-28 22:00:00,29.78,29.97,29.64,29.67,189410
2010-06-01 16:00:00,29.47,29.7,29.4,29.54,141900
2010-06-01 17:00:00,29.55,30.07,29.55,30.0,148960
2010-06-01 18:00:00,30.02,30.07,29.74,29.76,121940
2010-06-01 19:00:00,29.77,30.01,29.77,29.87,103370
2010-06-01 20:00:00,29.87,29.92,29.7,29.7,116520
2010-06-01 21:00:00,29.68,29.69,29.44,29.49,138340
2010-06-01 22:00:00,29.5,29.58,29.32,29.39,473140
2010-06-02 16:00:00,29.53,29.82,29.35,29.61,48920
2010-06-02 17:00:00,29.61,29.63,29.35,29.48,127640
2010-06-02 18:00:00,29.47,29.8,29.46,29.79,67130
2010-06-02 19:00:00,29.79,29.84,29.75,29.77,61150
2010-06-02 20:00:00,29.78,29.86,29.7,29.71,54420
2010-06-02 21:00:00,29.71,29.83,29.65,29.78,245240
2010-06-02 22:00:00,29.77,30.16,29.75,30.16,500000
2010-06-03 16:00:00,30.39,30.62,30.14,30.6,37900
2010-06-03 17:00:00,30.6,30.63,30.17,30.47,128540
2010-06-03 18:00:00,30.47,30.65,30.43,30.62,104340
2010-06-03 19:00:00,30.63,30.67,30.44,30.5,189580
2010-06-03 20:00:00,30.5,30.53,30.42,30.47,107390
2010-06-03 21:00:00,30.47,30.51,30.35,30.37,195570
2010-06-03 22:00:00,30.37,30.4,29.36,29.54,2293790
2010-06-04 16:00:00,28.73,29.28,28.63,29.25,258400
2010-06-04 17:00:00,29.25,29.43,29.09,29.16,272340
2010-06-04 18:00:00,29.15,29.25,29.09,29.16,193010
2010-06-04 19:00:00,29.16,29.32,29.11,29.29,271710
2010-06-04 20:00:00,29.29,29.3,28.98,28.99,116190
2010-06-04 21:00:00,29.0,29.13,28.92,28.94,241410
2010-06-04 22:00:00,28.93,28.97,28.69,28.8,656020
2010-06-07 16:00:00,28.95,29.05,28.78,28.81,62710
2010-06-07 17:00:00,28.79,29.2,28.68,28.74,187510
2010-06-07 18:00:00,28.73,28.74,28.49,28.61,162550
2010-06-07 19:00:00,28.62,28.76,28.55,28.7,76000
2010-06-07 20:00:00,28.7,28.77,28.65,28.65,67160
2010-06-07 21:00:00,28.65,28.65,28.24,28.27,123900
2010-06-07 22:00:00,28.26,28.42,28.05,28.15,526300
2010-06-08 16:00:00,28.2,28.52,28.07,28.2,95200
2010-06-08 17:00:00,28.17,28.17,27.64,27.73,268670
2010-06-08 18:00:00,27.73,28.08,27.42,28.03,336090
2010-06-08 19:00:00,28.03,28.29,28.0,28.26,112800
2010-06-08 20:00:00,28.27,28.28,27.86,27.94,124750
2010-06-08 21:00:00,27.96,28.13,27.93,28.11,242080
2010-06-08 22:00:00,28.13,28.31,27.92,28.28,567110
2010-06-09 16:00:00,28.52,28.56,28.16,28.52,70600
2010-06-09 17:00:00,28.52,28.58,28.4,28.48,149970
2010-06-09 18:00:00,28.47,29.04,28.47,29.0,125510
2010-06-09 19:00:00,28.98,29.04,28.86,28.86,68600
2010-06-09 20:00:00,28.87,28.94,28.63,28.68,159080
2010-06-09 21:00:00,28.69,28.71,28.18,28.23,301210
2010-06-09 22:00:00,28.22,28.29,27.91,28.06,228540
2010-06-10 16:00:00,28.39,28.68,28.32,28.64,80520
2010-06-10 17:00:00,28.64,28.72,28.41,28.41,148770
2010-06-10 18:00:00,28.42,28.6,28.39,28.49,107240
2010-06-10 19:00:00,28.49,28.52,28.34,28.39,60140
2010-06-10 20:00:00,28.37,28.68,28.35,28.68,77520
2010-06-10 21:00:00,28.68,29.0,28.64,28.98,149800
2010-06-10 22:00:00,28.98,29.14,28.87,29.11,330780
2010-06-11 16:00:00,28.8,29.57,28.76,29.56,126950
2010-06-11 17:00:00,29.55,29.72,29.4,29.69,145160
2010-06-11 18:00:00,29.69,29.69,29.26,29.4,107490
2010-06-11 19:00:00,29.4,29.54,29.35,29.51,102680
2010-06-11 20:00:00,29.49,29.67,29.48,29.65,131870
2010-06-11 21:00:00,29.64,29.69,29.45,29.51,125780
2010-06-11 22:00:00,29.51,29.73,29.44,29.69,210400
2010-06-14 16:00:00,29.81,30.01,29.61,29.73,61080
2010-06-14 17:00:00,29.72,29.76,29.65,29.74,62990
2010-06-14 18:00:00,29.74,29.93,29.71,29.92,136330
2010-06-14 19:00:00,29.9,30.08,29.87,30.0,162540
2010-06-14 20:00:00,29.99,30.02,29.56,29.56,158580
2010-06-14 21:00:00,29.57,29.69,29.4,29.41,238690
2010-06-14 22:00:00,29.42,29.6,29.24,29.24,338110
2010-06-15 16:00:00,29.37,29.43,29.28,29.37,41060
2010-06-15 17:00:00,29.37,29.51,29.2,29.46,193760
2010-06-15 18:00:00,29.46,29.5,29.26,29.42,127090
2010-06-15 19:00:00,29.42,29.44,29.32,29.39,125770
2010-06-15 20:00:00,29.39,29.49,29.36,29.38,69680
2010-06-15 21:00:00,29.39,29.5,29.38,29.46,127200
2010-06-15 22:00:00,29.48,29.6,29.46,29.54,384460
2010-06-16 16:00:00,29.47,29.97,29.23,29.96,75170
2010-06-16 17:00:00,30.0,30.0,29.64,29.83,77040
2010-06-16 18:00:00,29.83,30.05,29.75,30.05,99580
2010-06-16 19:00:00,30.04,30.28,30.02,30.28,77700
2010-06-16 20:00:00,30.28,30.44,30.21,30.38,92510
2010-06-16 21:00:00,30.38,30.52,30.35,30.37,139060
2010-06-16 22:00:00,30.36,30.36,30.02,30.12,206660
2010-06-17 16:00:00,30.18,30.18,30.05,30.18,17120
2010-06-17 17:00:00,30.16,30.19,29.78,29.82,45730
2010-06-17 18:00:00,29.83,30.03,29.79,30.0,26760
2010-06-17 19:00:00,29.99,29.99,29.88,29.92,41390
2010-06-17 20:00:00,29.91,30.07,29.9,30.07,39350
2010-06-17 21:00:00,30.07,30.13,29.87,29.91,44390
2010-06-17 22:00:00,29.91,29.97,29.81,29.9,156530
2010-06-18 16:00:00,29.9,29.95,29.76,29.86,99040
2010-06-18 17:00:00,29.86,30.16,29.83,30.13,42250
2010-06-18 18:00:00,30.12,30.16,29.98,30.01,51890
2010-06-18 19:00:00,30.01,30.05,29.78,29.79,28170
2010-06-18 20:00:00,29.78,29.97,29.76,29.87,43610
2010-06-18 21:00:00,29.87,30.02,29.83,29.94,41490
2010-06-18 22:00:00,29.93,29.97,29.82,29.97,146180
2010-06-21 16:00:00,30.35,30.6,30.23,30.46,27850
2010-06-21 17:00:00,30.46,30.6,30.4,30.6,79060
2010-06-21 18:00:00,30.6,30.6,30.39,30.48,64630
2010-06-21 19:00:00,30.49,30.51,30.37,30.42,84740
2010-06-21 20:00:00,30.42,30.43,30.33,30.4,80950
2010-06-21 21:00:00,30.38,30.43,30.31,30.31,66990
2010-06-21 22:00:00,30.3,30.3,30.0,30.12,183750
2010-06-22 16:00:00,30.09,30.21,30.0,30.0,27170
2010-06-22 17:00:00,30.0,30.0,29.67,29.83,65230
2010-06-22 18:00:00,29.81,30.13,29.8,30.0,81090
2010-06-22 19:00:00,30.0,30.06,29.75,29.81,80510
2010-06-22 20:00:00,29.78,30.23,29.72,30.18,208630
2010-06-22 21:00:00,30.17,30.17,29.87,30.01,154910
2010-06-22 22:00:00,30.0,30.25,29.99,30.06,460450
2010-06-23 16:00:00,30.15,30.15,29.7,29.8,33500
2010-06-23 17:00:00,29.8,29.8,29.37,29.41,84170
2010-06-23 18:00:00,29.4,29.4,29.22,29.26,52280
2010-06-23 19:00:00,29.27,29.33,29.21,29.31,34590
2010-06-23 20:00:00,29.32,29.41,29.27,29.39,41240
2010-06-23 21:00:00,29.38,29.68,29.34,29.41,69050
2010-06-23 22:00:00,29.41,29.59,29.3,29.49,197930
2010-06-24 16:00:00,29.29,29.43,28.96,29.03,57180
2010-06-24 17:00:00,29.03,29.18,28.87,29.05,68000
2010-06-24 18:00:00,29.04,29.05,28.74,28.85,55290
2010-06-24 19:00:00,28.84,28.95,28.84,28.9,50960
2010-06-24 20:00:00,28.9,29.04,28.85,29.0,128010
2010-06-24 21:00:00,29.0,29.0,28.73,28.74,47820
2010-06-24 22:00:00,28.75,28.77,28.58,28.63,154710
2010-06-25 16:00:00,28.5,28.75,28.36,28.69,42060
2010-06-25 17:00:00,28.72,28.82,28.55,28.56,66850
2010-06-25 18:00:00,28.56,28.88,28.56,28.84,63140
2010-06-25 19:00:00,28.84,28.91,28.83,28.91,62520
2010-06-25 20:00:00,28.9,29.18,28.9,29.12,62400
2010-06-25 21:00:00,29.11,29.18,29.04,29.07,63420
2010-06-25 22:00:00,29.08,29.12,28.91,29.09,203740
2010-06-28 16:00:00,29.12,29.18,28.91,28.96,25530
2010-06-28 17:00:00,28.94,29.12,28.88,29.09,70030
2010-06-28 18:00:00,29.13,29.22,29.1,29.16,62390
2010-06-28 19:00:00,29.15,29.2,29.08,29.19,55850
2010-06-28 20:00:00,29.18,29.18,29.02,29.07,72490
2010-06-28 21:00:00,29.07,29.14,29.04,29.13,83120
2010-06-28 22:00:00,29.14,29.18,29.02,29.04,136560
2010-06-29 16:00:00,28.69,28.69,28.21,28.3,49230
2010-06-29 17:00:00,28.28,28.32,27.78,27.85,131400
2010-06-29 18:00:00,27.85,27.94,27.75,27.77,58670
2010-06-29 19:00:00,27.78,27.88,27.72,27.8,55670
2010-06-29 20:00:00,27.77,27.8,27.42,27.49,94490
2010-06-29 21:00:00,27.49,27.57,27.39,27.42,182140
2010-06-29 22:00:00,27.43,27.52,27.14,27.23,341540
2010-06-30 16:00:00,27.11,27.2,27.01,27.05,253610
2010-06-30 17:00:00,27.04,27.25,26.85,27.15,1084590
2010-06-30 18:00:00,27.15,27.38,27.12,27.36,174670
2010-06-30 19:00:00,27.35,27.64,27.35,27.63,130350
2010-06-30 20:00:00,27.62,27.84,27.49,27.76,421920
2010-06-30 21:00:00,27.75,27.77,27.46,27.52,295550
2010-06-30 22:00:00,27.51,27.85,27.35,27.4,597750
2010-07-01 16:00:00,28.42,28.5,27.72,27.77,189680
2010-07-01 17:00:00,27.79,27.79,26.93,27.0,226790
2010-07-01 18:00:00,26.99,27.26,26.89,27.09,128990
2010-07-01 19:00:00,27.09,27.3,26.94,27.14,113900
2010-07-01 20:00:00,27.16,27.42,27.15,27.33,128170
2010-07-01 21:00:00,27.32,27.38,27.06,27.21,110100
2010-07-01 22:00:00,27.22,27.45,27.21,27.34,456250
2010-07-02 16:00:00,27.55,27.74,27.48,27.49,124220
2010-07-02 17:00:00,27.48,27.72,27.27,27.66,275980
2010-07-02 18:00:00,27.67,27.8,27.53,27.72,127240
2010-07-02 19:00:00,27.72,27.77,27.56,27.7,69070
2010-07-02 20:00:00,27.71,27.72,27.57,27.65,63940
2010-07-02 21:00:00,27.65,27.86,27.58,27.82,130510
2010-07-02 22:00:00,27.82,27.94,27.7,27.77,255020
2010-07-06 16:00:00,28.02,28.66,27.77,28.62,36520
2010-07-06 17:00:00,28.66,29.12,28.57,29.09,60140
2010-07-06 18:00:00,29.06,29.17,28.86,28.86,42640
2010-07-06 19:00:00,28.87,28.91,28.63,28.71,25730
2010-07-06 20:00:00,28.71,28.83,28.37,28.53,56320
2010-07-06 21:00:00,28.53,28.57,28.35,28.48,47790
2010-07-06 22:00:00,28.48,28.49,28.3,28.36,97650
2010-07-07 16:00:00,27.95,28.51,27.95,28.45,21400
2010-07-07 17:00:00,28.56,28.83,28.56,28.77,66040
2010-07-07 18:00:00,28.77,28.79,28.56,28.6,69620
2010-07-07 19:00:00,28.58,28.74,28.56,28.64,33480
2010-07-07 20:00:00,28.65,29.18,28.65,29.08,98590
2010-07-07 21:00:00,29.08,29.34,29.08,29.33,103140
2010-07-07 22:00:00,29.33,29.67,29.31,29.63,171110
2010-07-08 16:00:00,29.81,30.18,29.81,30.01,41990
2010-07-08 17:00:00,30.03,30.09,29.94,29.98,86310
2010-07-08 18:00:00,29.97,30.03,29.76,29.96,88480
2010-07-08 19:00:00,29.96,30.12,29.9,29.95,70630
2010-07-08 20:00:00,29.95,30.0,29.88,29.93,125350
2010-07-08 21:00:00,29.93,29.99,29.87,29.99,85210
2010-07-08 22:00:00,29.98,30.22,29.9,30.16,208610
2010-07-09 16:00:00,30.14,30.3,30.01,30.26,32420
2010-07-09 17:00:00,30.26,30.44,30.2,30.4,54810
2010-07-09 18:00:00,30.38,30.47,30.32,30.38,36890
2010-07-09 19:00:00,30.4,30.57,30.23,30.23,78070
2010-07-09 20:00:00,30.23,30.34,30.21,30.28,50400
2010-07-09 21:00:00,30.29,30.31,30.15,30.19,53330
2010-07-09 22:00:00,30.19,30.7,30.19,30.63,277700
2010-07-12 16:00:00,30.46,30.77,30.35,30.62,34730
2010-07-12 17:00:00,30.63,30.76,30.5,30.6,139200
2010-07-12 18:00:00,30.59,30.6,30.5,30.52,125280
2010-07-12 19:00:00,30.53,30.78,30.53,30.62,107330
2010-07-12 20:00:00,30.61,30.68,30.57,30.65,94500
2010-07-12 21:00:00,30.66,30.67,30.57,30.66,52500
2010-07-12 22:00:00,30.66,30.74,30.64,30.68,104060
2010-07-13 16:00:00,30.56,30.92,30.56,30.81,103030
2010-07-13 17:00:00,30.8,31.13,30.8,31.08,112020
2010-07-13 18:00:00,31.07,31.17,30.98,30.99,61170
2010-07-13 19:00:00,30.99,31.14,30.98,31.0,109070
2010-07-13 20:00:00,31.0,31.02,30.82,30.84,62390
2010-07-13 21:00:00,30.84,30.91,30.81,30.86,111650
2010-07-13 22:00:00,30.86,31.12,30.83,31.02,256980
2010-07-14 16:00:00,30.99,31.0,30.89,30.9,10850
2010-07-14 17:00:00,30.9,31.04,30.87,30.97,58980
2010-07-14 18:00:00,31.05,31.15,31.0,31.09,19960
2010-07-14 19:00:00,31.09,31.17,30.99,31.16,31600
2010-07-14 20:00:00,31.18,31.31,31.14,31.31,115250
2010-07-14 21:00:00,31.3,31.45,31.22,31.44,139030
2010-07-14 22:00:00,31.44,31.65,31.41,31.49,202950
2010-07-15 16:00:00,31.54,31.55,31.03,31.4,26180
2010-07-15 17:00:00,31.35,31.45,31.2,31.25,147950
2010-07-15 18:00:00,31.26,31.27,31.14,31.23,171280
2010-07-15 19:00:00,31.21,31.21,31.0,31.1,61270
2010-07-15 20:00:00,31.1,31.33,31.1,31.2,36800
2010-07-15 21:00:00,31.2,31.37,31.19,31.33,62370
2010-07-15 22:00:00,31.32,31.64,31.2,31.52,131670
2010-07-16 16:00:00,31.34,31.35,31.13,31.19,23620
2010-07-16 17:00:00,31.19,31.23,31.07,31.2,54360
2010-07-16 18:00:00,31.2,31.28,31.15,31.23,58030
2010-07-16 19:00:00,31.22,31.27,31.09,31.1,122560
2010-07-16 20:00:00,31.1,31.12,30.97,31.06,83920
2010-07-16 21:00:00,31.06,31.13,31.0,31.03,132560
2010-07-16 22:00:00,31.03,31.06,30.93,31.04,263230
2010-07-19 16:00:00,31.04,31.13,31.02,31.04,18770
2010-07-19 17:00:00,31.04,31.05,30.83,30.9,46560
2010-07-19 18:00:00,30.88,30.95,30.78,30.87,27320
2010-07-19 19:00:00,30.9,30.94,30.78,30.87,31440
2010-07-19 20:00:00,30.87,30.89,30.57,30.57,34740
2010-07-19 21:00:00,30.58,30.78,30.57,30.72,39890
2010-07-19 22:00:00,30.72,30.86,30.67,30.8,95360
2010-07-20 16:00:00,30.49,30.49,30.33,30.4,11390
2010-07-20 17:00:00,30.37,30.56,30.31,30.47,44010
2010-07-20 18:00:00,30.46,30.51,30.29,30.3,41290
2010-07-20 19:00:00,30.28,30.38,30.25,30.35,37010
2010-07-20 20:00:00,30.35,30.64,30.3,30.63,41080
2010-07-20 21:00:00,30.64,30.91,30.55,30.84,87840
2010-07-20 22:00:00,30.84,31.14,30.84,31.12,161230
2010-07-21 16:00:00,31.1,31.38,30.9,30.9,23410
2010-07-21 17:00:00,30.94,31.0,30.82,30.85,43040
2010-07-21 18:00:00,30.83,30.86,30.63,30.85,23990
2010-07-21 19:00:00,30.86,31.09,30.84,30.86,37420
2010-07-21 20:00:00,30.85,31.07,30.81,31.04,11200
2010-07-21 21:00:00,30.99,30.99,30.58,30.58,47500
2010-07-21 22:00:00,30.6,30.67,30.47,30.54,89980
2010-07-22 16:00:00,30.86,31.23,30.69,31.2,12570
2010-07-22 17:00:00,31.24,31.49,31.24,31.29,26520
2010-07-22 18:00:00,31.3,31.31,31.17,31.19,52350
2010-07-22 19:00:00,31.2,31.28,31.06,31.27,45570
2010-07-22 20:00:00,31.28,31.3,31.18,31.29,16450
2010-07-22 21:00:00,31.3,31.5,31.25,31.47,31730
2010-07-22 22:00:00,31.48,31.63,31.39,31.59,118950
2010-07-23 16:00:00,31.47,31.67,31.32,31.46,17260
2010-07-23 17:00:00,31.46,31.98,31.42,31.98,45230
2010-07-23 18:00:00,31.96,32.31,31.96,32.28,105250
2010-07-23 19:00:00,32.29,32.6,32.28,32.59,157460
2010-07-23 20:00:00,32.57,32.97,32.53,32.97,140610
2010-07-23 21:00:00,32.97,33.08,32.96,33.06,245560
2010-07-23 22:00:00,33.06,33.25,32.96,33.13,505670
2010-07-26 16:00:00,33.27,33.38,33.13,33.36,134860
2010-07-26 17:00:00,33.37,33.49,33.08,33.26,214620
2010-07-26 18:00:00,33.26,33.29,33.05,33.09,101650
2010-07-26 19:00:00,33.1,33.1,32.97,33.04,88930
2010-07-26 20:00:00,33.04,33.11,33.0,33.08,34270
2010-07-26 21:00:00,33.07,33.07,32.83,32.89,49600
2010-07-26 22:00:00,32.89,33.12,32.86,33.05,195280
2010-07-27 16:00:00,33.47,33.63,33.13,33.26,71140
2010-07-27 17:00:00,33.17,33.27,33.02,33.13,59180
2010-07-27 18:00:00,33.13,33.16,33.08,33.12,66330
2010-07-27 19:00:00,33.12,33.35,33.12,33.2,127070
2010-07-27 20:00:00,33.21,33.21,32.77,32.87,37950
2010-07-27 21:00:00,32.87,32.96,32.82,32.88,57490
2010-07-27 22:00:00,32.89,33.06,32.85,33.02,119020
2010-07-28 16:00:00,32.88,33.08,32.87,32.98,15690
2010-07-28 17:00:00,33.0,33.16,32.96,32.98,214480
2010-07-28 18:00:00,32.98,33.12,32.95,33.03,60870
2010-07-28 19:00:00,33.0,33.0,32.78,32.97,45300
2010-07-28 20:00:00,32.98,32.99,32.79,32.87,33590
2010-07-28 21:00:00,32.85,32.9,32.69,32.69,54570
2010-07-28 22:00:00,32.7,32.75,32.58,32.73,121660
2010-07-29 16:00:00,32.79,32.94,32.54,32.54,22180
2010-07-29 17:00:00,32.54,32.58,32.23,32.33,111230
2010-07-29 18:00:00,32.34,32.34,31.89,31.92,51760
2010-07-29 19:00:00,31.92,31.92,31.65,31.79,57590
2010-07-29 20:00:00,31.79,32.09,31.74,32.08,44670
2010-07-29 21:00:00,32.08,32.14,31.98,32.08,54960
2010-07-29 22:00:00,32.07,32.15,31.77,31.86,193040
2010-07-30 16:00:00,31.38,31.78,31.2,31.76,18350
2010-07-30 17:00:00,31.74,32.4,31.74,32.31,80570
2010-07-30 18:00:00,32.31,32.36,32.21,32.34,25640
2010-07-30 19:00:00,32.32,32.34,32.22,32.28,50990
2010-07-30 20:00:00,32.28,32.31,32.1,32.12,28060
2010-07-30 21:00:00,32.12,32.21,32.08,32.14,30230
2010-07-30 22:00:00,32.12,32.28,32.12,32.27,169230
2010-08-02 16:00:00,32.57,32.91,32.57,32.67,23000
2010-08-02 17:00:00,32.74,32.8,32.57,32.73,52170
2010-08-02 18:00:00,32.72,32.82,32.7,32.8,91580
2010-08-02 19:00:00,32.8,32.87,32.74,32.79,84650
2010-08-02 20:00:00,32.79,33.34,32.79,33.27,361520
2010-08-02 21:00:00,33.28,33.31,33.08,33.21,89550
2010-08-02 22:00:00,33.21,33.29,33.13,33.25,242830
2010-08-03 16:00:00,33.26,33.37,33.05,33.12,90380
2010-08-03 17:00:00,33.06,33.31,32.87,33.16,132740
2010-08-03 18:00:00,33.16,33.35,33.14,33.21,80670
2010-08-03 19:00:00,33.2,33.24,33.18,33.23,46280
2010-08-03 20:00:00,33.22,33.22,33.17,33.2,29620
2010-08-03 21:00:00,33.18,33.21,33.14,33.18,62710
2010-08-03 22:00:00,33.17,33.24,33.11,33.17,159240
2010-08-04 16:00:00,33.39,33.46,33.26,33.27,11540
2010-08-04 17:00:00,33.26,33.31,33.1,33.19,24600
2010-08-04 18:00:00,33.18,33.32,33.15,33.26,31640
2010-08-04 19:00:00,33.23,33.32,33.21,33.27,118480
2010-08-04 20:00:00,33.25,33.27,33.17,33.25,20700
2010-08-04 21:00:00,33.25,33.29,33.25,33.25,20670
2010-08-04 22:00:00,33.26,33.42,33.25,33.39,77120
2010-08-05 16:00:00,33.22,33.33,32.99,33.0,37100
2010-08-05 17:00:00,33.0,33.07,32.94,33.07,247510
2010-08-05 18:00:00,33.05,33.05,32.94,33.02,25680
2010-08-05 19:00:00,33.01,33.04,32.97,32.98,43100
2010-08-05 20:00:00,32.98,33.04,32.93,33.02,40640
2010-08-05 21:00:00,33.02,33.04,32.91,32.93,25370
2010-08-05 22:00:00,32.93,32.96,32.88,32.91,101800
2010-08-06 16:00:00,32.59,32.9,32.34,32.9,9230
2010-08-06 17:00:00,32.89,32.96,32.65,32.65,45650
2010-08-06 18:00:00,32.67,32.67,32.55,32.55,17170
2010-08-06 19:00:00,32.58,32.59,32.52,32.55,11690
2010-08-06 20:00:00,32.55,32.61,32.54,32.59,9000
2010-08-06 21:00:00,32.58,32.75,32.53,32.71,19670
2010-08-06 22:00:00,32.78,32.8,32.65,32.8,47980
2010-08-09 16:00:00,32.9,33.03,32.83,32.85,7870
2010-08-09 17:00:00,32.83,32.92,32.66,32.71,75600
2010-08-09 18:00:00,32.72,32.81,32.72,32.8,21730
2010-08-09 19:00:00,32.8,32.81,32.73,32.81,29700
2010-08-09 20:00:00,32.8,32.95,32.78,32.93,11320
2010-08-09 21:00:00,32.94,33.17,32.94,33.14,48520
2010-08-09 22:00:00,33.14,33.17,32.98,33.15,84250
2010-08-10 16:00:00,33.0,33.13,32.64,32.84,26220
2010-08-10 17:00:00,32.84,32.9,32.73,32.81,55960
2010-08-10 18:00:00,32.83,32.93,32.7,32.8,23560
2010-08-10 19:00:00,32.78,32.9,32.74,32.75,14920
2010-08-10 20:00:00,32.75,32.8,32.65,32.65,16880
2010-08-10 21:00:00,32.67,32.87,32.6,32.78,28910
2010-08-10 22:00:00,32.8,32.91,32.68,32.71,72620
2010-08-11 16:00:00,32.15,32.27,31.85,31.89,7000
2010-08-11 17:00:00,31.87,31.89,31.44,31.45,83820
2010-08-11 18:00:00,31.45,31.49,31.26,31.28,46710
2010-08-11 19:00:00,31.3,31.41,31.19,31.2,82650
2010-08-11 20:00:00,31.19,31.27,31.16,31.19,24050
2010-08-11 21:00:00,31.2,31.28,31.16,31.16,84900
2010-08-11 22:00:00,31.16,31.29,31.14,31.16,96610
2010-08-12 16:00:00,30.66,30.84,30.55,30.84,13300
2010-08-12 17:00:00,30.81,30.89,30.69,30.8,41190
2010-08-12 18:00:00,30.8,30.85,30.78,30.84,20870
2010-08-12 19:00:00,30.82,30.83,30.79,30.81,17210
2010-08-12 20:00:00,30.81,30.84,30.77,30.8,19230
2010-08-12 21:00:00,30.82,31.12,30.79,31.11,64320
2010-08-12 22:00:00,31.1,31.4,31.1,31.28,123270
2010-08-13 16:00:00,31.24,31.38,31.09,31.28,13700
2010-08-13 17:00:00,31.28,31.3,31.18,31.25,41900
2010-08-13 18:00:00,31.24,31.3,31.21,31.23,31190
2010-08-13 19:00:00,31.23,31.39,31.23,31.38,57920
2010-08-13 20:00:00,31.38,31.43,31.35,31.41,16910
2010-08-13 21:00:00,31.4,31.4,31.3,31.32,34200
2010-08-13 22:00:00,31.32,31.38,31.2,31.24,96230
2010-08-16 16:00:00,31.08,31.32,31.05,31.22,13700
2010-08-16 17:00:00,31.21,31.41,31.17,31.27,74710
2010-08-16 18:00:00,31.26,31.28,31.05,31.08,34740
2010-08-16 19:00:00,31.1,31.32,31.09,31.27,8510
2010-08-16 20:00:00,31.29,31.35,31.23,31.32,12190
2010-08-16 21:00:00,31.32,31.34,31.25,31.28,20770
2010-08-16 22:00:00,31.27,31.54,31.25,31.48,77550
2010-08-17 16:00:00,31.75,31.77,31.45,31.45,10600
2010-08-17 17:00:00,31.47,31.53,31.33,31.52,22000
2010-08-17 18:00:00,31.54,31.84,31.52,31.81,23200
2010-08-17 19:00:00,31.82,31.87,31.76,31.87,12330
2010-08-17 20:00:00,31.86,31.98,31.82,31.82,47660
2010-08-17 21:00:00,31.82,31.85,31.71,31.71,46370
2010-08-17 22:00:00,31.75,31.75,31.46,31.51,78660
2010-08-18 16:00:00,31.37,31.7,31.26,31.69,27990
2010-08-18 17:00:00,31.67,31.7,31.44,31.56,62660
2010-08-18 18:00:00,31.62,31.99,31.58,31.99,23200
2010-08-18 19:00:00,31.99,32.07,31.87,32.07,35810
2010-08-18 20:00:00,32.07,32.28,32.05,32.25,43110
2010-08-18 21:00:00,32.27,32.32,32.18,32.23,115990
2010-08-18 22:00:00,32.23,32.36,32.17,32.2,114550
2010-08-19 16:00:00,32.2,32.23,31.99,32.01,24500
2010-08-19 17:00:00,31.99,32.0,31.52,31.61,74860
2010-08-19 18:00:00,31.59,31.6,31.14,31.26,50600
2010-08-19 19:00:00,31.22,31.36,31.2,31.24,59630
2010-08-19 20:00:00,31.24,31.33,31.21,31.3,38280
2010-08-19 21:00:00,31.31,31.32,31.18,31.18,55150
2010-08-19 22:00:00,31.18,31.37,31.12,31.13,129210
2010-08-20 16:00:00,31.1,31.1,30.36,30.37,67460
2010-08-20 17:00:00,30.41,30.53,30.27,30.37,71230
2010-08-20 18:00:00,30.37,30.42,30.27,30.37,41770
2010-08-20 19:00:00,30.38,30.49,30.35,30.45,29270
2010-08-20 20:00:00,30.46,30.54,30.46,30.51,24120
2010-08-20 21:00:00,30.52,30.74,30.48,30.67,21830
2010-08-20 22:00:00,30.68,30.94,30.63,30.9,110980
2010-08-23 16:00:00,31.07,31.07,30.92,30.98,13590
2010-08-23 17:00:00,30.93,31.02,30.85,30.97,50540
2010-08-23 18:00:00,30.97,30.97,30.76,30.91,38790
2010-08-23 19:00:00,30.88,30.91,30.75,30.78,15300
2010-08-23 20:00:00,30.76,30.89,30.69,30.8,37530
2010-08-23 21:00:00,30.82,30.95,30.74,30.8,16300
2010-08-23 22:00:00,30.81,30.87,30.56,30.67,98080
2010-08-24 16:00:00,30.2,30.32,29.9,29.9,40350
2010-08-24 17:00:00,29.9,29.98,29.62,29.82,44270
2010-08-24 18:00:00,29.82,30.28,29.82,30.16,57580
2010-08-24 19:00:00,30.13,30.27,30.13,30.14,22450
2010-08-24 20:00:00,30.15,30.33,30.07,30.14,27070
2010-08-24 21:00:00,30.11,30.11,29.82,29.84,112840
2010-08-24 22:00:00,29.86,30.09,29.69,29.72,160480
2010-08-25 16:00:00,29.56,29.65,29.11,29.19,47530
2010-08-25 17:00:00,29.18,29.3,29.02,29.22,93270
2010-08-25 18:00:00,29.23,29.49,29.23,29.48,52360
2010-08-25 19:00:00,29.46,29.53,29.3,29.32,55900
2010-08-25 20:00:00,29.33,29.49,29.25,29.48,34350
2010-08-25 21:00:00,29.48,29.68,29.38,29.67,33040
2010-08-25 22:00:00,29.67,29.88,29.61,29.81,89990
2010-08-26 16:00:00,29.92,30.13,29.92,30.12,34000
2010-08-26 17:00:00,30.12,30.43,30.09,30.09,67870
2010-08-26 18:00:00,30.09,30.17,29.91,29.99,78160
2010-08-26 19:00:00,30.0,30.1,29.9,29.91,29980
2010-08-26 20:00:00,29.92,30.15,29.92,30.04,40350
2010-08-26 21:00:00,30.03,30.08,30.0,30.02,50420
2010-08-26 22:00:00,30.01,30.12,29.99,30.02,152380
2010-08-27 16:00:00,30.22,30.41,29.95,30.14,22170
2010-08-27 17:00:00,30.12,30.34,29.91,30.15,44830
2010-08-27 18:00:00,30.17,30.49,30.17,30.41,54590
2010-08-27 19:00:00,30.41,30.44,30.27,30.29,36180
2010-08-27 20:00:00,30.27,30.27,30.12,30.24,96270
2010-08-27 21:00:00,30.24,30.3,30.13,30.24,56790
2010-08-27 22:00:00,30.25,30.52,30.23,30.49,95600
2010-08-30 16:00:00,30.33,30.4,30.22,30.24,20570
2010-08-30 17:00:00,30.22,30.41,30.18,30.35,51050
2010-08-30 18:00:00,30.33,30.37,30.02,30.08,27060
2010-08-30 19:00:00,30.13,30.23,30.06,30.15,19880
2010-08-30 20:00:00,30.14,30.14,29.98,30.0,26260
2010-08-30 21:00:00,30.02,30.11,29.9,29.96,42650
2010-08-30 22:00:00,29.94,30.0,29.65,29.68,109840
2010-08-31 16:00:00,29.66,29.81,29.51,29.67,7300
2010-08-31 17:00:00,29.71,30.1,29.7,29.89,19900
2010-08-31 18:00:00,29.9,30.19,29.86,30.18,27190
2010-08-31 19:00:00,30.18,30.26,30.08,30.11,25610
2010-08-31 20:00:00,30.1,30.23,30.07,30.15,10890
2010-08-31 21:00:00,30.13,30.27,29.77,29.82,56960
2010-08-31 22:00:00,29.81,29.98,29.8,29.9,112310
2010-09-01 16:00:00,30.35,30.37,30.21,30.3,22570
2010-09-01 17:00:00,30.32,30.78,30.31,30.71,31380
2010-09-01 18:00:00,30.64,30.75,30.52,30.61,98170
2010-09-01 19:00:00,30.61,30.62,30.45,30.46,30140
2010-09-01 20:00:00,30.46,30.46,30.27,30.27,80430
2010-09-01 21:00:00,30.28,30.5,30.27,30.49,37660
2010-09-01 22:00:00,30.48,30.85,30.45,30.82,151550
2010-09-02 16:00:00,30.86,31.22,30.83,31.18,17080
2010-09-02 17:00:00,31.2,31.36,31.06,31.15,61630
2010-09-02 18:00:00,31.15,31.24,31.07,31.14,49410
2010-09-02 19:00:00,31.15,31.43,31.15,31.36,50940
2010-09-02 20:00:00,31.32,31.38,31.23,31.34,26200
2010-09-02 21:00:00,31.33,31.48,31.15,31.47,36400
2010-09-02 22:00:00,31.47,31.59,31.41,31.53,94170
2010-09-03 16:00:00,32.02,32.2,32.0,32.11,15360
2010-09-03 17:00:00,32.1,32.2,32.01,32.19,45640
2010-09-03 18:00:00,32.19,32.3,32.16,32.28,31350
2010-09-03 19:00:00,32.21,32.45,32.19,32.44,18950
2010-09-03 20:00:00,32.45,32.58,32.43,32.57,25050
2010-09-03 21:00:00,32.58,32.63,32.5,32.53,33270
2010-09-03 22:00:00,32.52,32.68,32.46,32.63,96640
2010-09-07 16:00:00,32.59,32.77,32.5,32.72,29800
2010-09-07 17:00:00,32.71,32.92,32.65,32.66,130590
2010-09-07 18:00:00,32.66,32.7,32.49,32.55,97220
2010-09-07 19:00:00,32.56,32.58,32.46,32.49,35860
2010-09-07 20:00:00,32.47,32.56,32.43,32.56,20040
2010-09-07 21:00:00,32.56,32.6,32.48,32.49,35460
2010-09-07 22:00:00,32.48,32.5,32.33,32.37,120610
2010-09-08 16:00:00,32.37,32.83,32.31,32.8,56700
2010-09-08 17:00:00,32.8,33.03,32.79,33.01,52830
2010-09-08 18:00:00,33.0,33.22,32.95,32.99,39990
2010-09-08 19:00:00,33.0,33.09,32.99,33.07,16490
2010-09-08 20:00:00,33.07,33.15,32.98,33.0,29230
2010-09-08 21:00:00,33.04,33.09,32.95,32.95,58880
2010-09-08 22:00:00,32.95,33.02,32.81,32.95,176880
2010-09-09 16:00:00,33.28,33.37,33.23,33.31,27650
2010-09-09 17:00:00,33.29,33.4,33.11,33.36,33900
2010-09-09 18:00:00,33.33,33.39,33.2,33.27,34060
2010-09-09 19:00:00,33.25,33.37,33.24,33.24,20340
2010-09-09 20:00:00,33.24,33.24,32.89,32.91,14900
2010-09-09 21:00:00,32.91,33.14,32.91,33.11,21770
2010-09-09 22:00:00,33.12,33.39,33.12,33.32,93590
2010-09-10 16:00:00,33.33,33.33,32.87,33.02,30560
2010-09-10 17:00:00,33.01,33.22,32.98,33.18,16380
2010-09-10 18:00:00,33.18,33.28,33.04,33.04,18870
2010-09-10 19:00:00,33.05,33.05,32.92,32.93,33500
2010-09-10 20:00:00,32.93,33.13,32.9,33.09,21860
2010-09-10 21:00:00,33.09,33.19,33.04,33.05,39930
2010-09-10 22:00:00,33.05,33.11,32.98,33.0,69090
2010-09-13 16:00:00,33.47,33.59,33.2,33.55,15560
2010-09-13 17:00:00,33.55,33.85,33.55,33.84,17660
2010-09-13 18:00:00,33.86,33.89,33.71,33.87,10700
2010-09-13 19:00:00,33.84,33.89,33.72,33.87,25780
2010-09-13 20:00:00,33.87,34.11,33.85,34.06,28220
2010-09-13 21:00:00,34.06,34.32,33.85,33.94,132290
2010-09-13 22:00:00,33.94,34.4,33.9,34.38,142180
2010-09-14 16:00:00,34.24,34.29,33.94,34.2,20010
2010-09-14 17:00:00,34.18,34.45,34.12,34.45,45790
2010-09-14 18:00:00,34.46,34.59,34.32,34.45,27850
2010-09-14 19:00:00,34.44,34.44,34.17,34.2,19460
2010-09-14 20:00:00,34.24,34.6,34.19,34.39,62740
2010-09-14 21:00:00,34.41,34.52,34.32,34.49,27310
2010-09-14 22:00:00,34.49,34.6,34.37,34.39,101560
2010-09-15 16:00:00,34.23,34.29,33.96,34.11,20310
2010-09-15 17:00:00,34.15,34.33,34.05,34.29,28320
2010-09-15 18:00:00,34.31,34.33,34.1,34.27,15640
2010-09-15 19:00:00,34.29,34.3,34.12,34.12,11900
2010-09-15 20:00:00,34.12,34.23,34.12,34.19,15500
2010-09-15 21:00:00,34.19,34.24,33.97,34.02,21210
2010-09-15 22:00:00,34.02,34.55,34.02,34.11,97350
2010-09-16 16:00:00,33.95,34.54,33.87,34.5,32430
2010-09-16 17:00:00,34.5,34.62,34.09,34.34,55520
2010-09-16 18:00:00,34.32,34.32,34.1,34.27,15230
2010-09-16 19:00:00,34.28,34.5,34.13,34.49,27500
2010-09-16 20:00:00,34.52,34.52,34.22,34.3,19510
2010-09-16 21:00:00,34.33,34.46,34.21,34.44,27100
2010-09-16 22:00:00,34.43,34.64,34.41,34.51,85370
2010-09-17 16:00:00,34.63,34.87,34.44,34.53,83000
2010-09-17 17:00:00,34.53,34.97,34.41,34.97,23180
2010-09-17 18:00:00,34.95,34.98,34.81,34.84,21470
2010-09-17 19:00:00,34.85,34.95,34.8,34.8,22620
2010-09-17 20:00:00,34.83,34.83,34.69,34.7,21200
2010-09-17 21:00:00,34.7,34.94,34.67,34.8,36080
2010-09-17 22:00:00,34.82,34.82,34.64,34.75,87500
2010-09-20 16:00:00,34.95,34.99,34.78,34.9,9300
2010-09-20 17:00:00,34.9,35.18,34.85,35.06,42750
2010-09-20 18:00:00,35.06,35.08,34.8,34.82,25600
2010-09-20 19:00:00,34.82,34.87,34.75,34.81,19810
2010-09-20 20:00:00,34.81,34.88,34.71,34.87,32880
2010-09-20 21:00:00,34.88,35.15,34.88,35.1,27920
2010-09-20 22:00:00,35.08,35.18,35.02,35.16,143330
2010-09-21 16:00:00,35.28,35.32,35.03,35.18,22750
2010-09-21 17:00:00,35.14,35.2,34.84,34.92,28680
2010-09-21 18:00:00,34.93,35.06,34.89,35.01,17490
2010-09-21 19:00:00,35.02,35.12,34.99,35.11,17210
2010-09-21 20:00:00,35.1,35.13,35.02,35.04,47090
2010-09-21 21:00:00,34.99,35.29,34.91,35.11,51490
2010-09-21 22:00:00,35.13,35.19,34.84,34.84,93820
2010-09-22 16:00:00,34.96,35.36,34.96,35.3,38150
2010-09-22 17:00:00,35.31,35.31,34.74,34.82,171030
2010-09-22 18:00:00,34.85,34.88,34.66,34.68,50830
2010-09-22 19:00:00,34.68,34.74,34.5,34.55,18500
2010-09-22 20:00:00,34.54,34.6,34.34,34.5,19720
2010-09-22 21:00:00,34.5,34.69,34.45,34.61,25210
2010-09-22 22:00:00,34.6,34.61,34.3,34.4,161820
2010-09-23 16:00:00,34.1,34.24,33.91,34.02,20600
2010-09-23 17:00:00,34.03,34.17,34.01,34.11,43720
2010-09-23 18:00:00,34.11,34.28,34.09,34.19,20330
2010-09-23 19:00:00,34.18,34.23,34.09,34.15,21300
2010-09-23 20:00:00,34.14,34.15,34.02,34.08,49000
2010-09-23 21:00:00,34.06,34.11,33.85,33.89,42060
2010-09-23 22:00:00,33.89,33.98,33.64,33.67,85500
2010-09-24 16:00:00,34.14,34.43,34.03,34.2,22790
2010-09-24 17:00:00,34.17,34.29,34.08,34.25,32910
2010-09-24 18:00:00,34.25,34.27,34.03,34.21,38550
2010-09-24 19:00:00,34.21,34.21,33.99,34.05,55130
2010-09-24 20:00:00,34.04,34.15,33.95,34.11,43240
2010-09-24 21:00:00,34.11,34.15,33.94,34.1,53510
2010-09-24 22:00:00,34.1,34.2,34.06,34.17,170410
2010-09-27 16:00:00,34.25,34.42,33.82,33.94,34830
2010-09-27 17:00:00,33.97,34.09,33.81,33.98,45390
2010-09-27 18:00:00,33.99,33.99,33.87,33.93,21000
2010-09-27 19:00:00,33.92,33.98,33.69,33.7,97990
2010-09-27 20:00:00,33.7,33.91,33.55,33.66,69490
2010-09-27 21:00:00,33.68,33.84,33.65,33.76,124580
2010-09-27 22:00:00,33.74,33.86,33.44,33.6,159630
2010-09-28 16:00:00,33.72,33.99,33.67,33.9,29750
2010-09-28 17:00:00,33.89,34.0,33.57,33.99,27960
2010-09-28 18:00:00,33.99,34.53,33.99,34.33,37780
2010-09-28 19:00:00,34.31,34.53,34.3,34.38,26180
2010-09-28 20:00:00,34.37,34.47,34.19,34.46,24660
2010-09-28 21:00:00,34.46,34.46,34.16,34.22,33300
2010-09-28 22:00:00,34.23,34.43,34.21,34.39,84410
2010-09-29 16:00:00,34.33,34.33,33.97,34.17,27460
2010-09-29 17:00:00,34.13,34.21,33.84,34.08,33080
2010-09-29 18:00:00,34.11,34.41,34.11,34.33,38670
2010-09-29 19:00:00,34.34,34.46,34.31,34.35,50610
2010-09-29 20:00:00,34.38,34.4,34.24,34.33,25710
2010-09-29 21:00:00,34.34,34.55,34.3,34.5,94500
2010-09-29 22:00:00,34.5,34.67,34.4,34.48,179010
2010-09-30 16:00:00,33.75,33.88,33.53,33.56,216310
2010-09-30 17:00:00,33.62,33.62,33.13,33.25,251420
2010-09-30 18:00:00,33.25,33.48,33.1,33.2,281120
2010-09-30 19:00:00,33.2,33.26,32.63,33.26,271550
2010-09-30 20:00:00,33.26,33.66,32.87,33.61,117880
2010-09-30 21:00:00,33.61,33.68,33.34,33.57,108010
2010-09-30 22:00:00,33.57,33.67,33.11,33.21,275750
2010-10-01 16:00:00,33.47,33.93,33.33,33.88,46140
2010-10-01 17:00:00,33.88,34.0,33.59,33.6,83720
2010-10-01 18:00:00,33.61,33.81,33.59,33.69,47920
2010-10-01 19:00:00,33.68,33.71,33.58,33.71,33800
2010-10-01 20:00:00,33.71,33.92,33.69,33.92,76040
2010-10-01 21:00:00,33.89,34.24,33.89,34.23,131110
2010-10-01 22:00:00,34.22,34.44,34.19,34.33,241880
2010-10-04 16:00:00,34.14,34.26,33.85,33.98,88750
2010-10-04 17:00:00,33.98,34.1,33.81,33.88,114670
2010-10-04 18:00:00,33.88,33.91,33.74,33.77,121480
2010-10-04 19:00:00,33.75,33.92,33.68,33.87,84790
2010-10-04 20:00:00,33.88,34.03,33.81,33.89,45410
2010-10-04 21:00:00,33.91,34.0,33.84,33.93,67180
2010-10-04 22:00:00,33.93,34.02,33.84,33.87,137540
2010-10-05 16:00:00,34.03,34.05,33.56,33.8,58160
2010-10-05 17:00:00,33.85,33.94,33.79,33.89,65730
2010-10-05 18:00:00,33.88,34.09,33.88,34.02,54130
2010-10-05 19:00:00,34.02,34.2,34.02,34.08,54470
2010-10-05 20:00:00,34.08,34.49,34.07,34.12,273090
2010-10-05 21:00:00,34.14,34.3,34.1,34.29,90690
2010-10-05 22:00:00,34.29,34.45,34.27,34.36,224580
2010-10-06 16:00:00,34.22,34.37,34.13,34.3,35920
2010-10-06 17:00:00,34.31,34.41,34.29,34.37,64670
2010-10-06 18:00:00,34.38,34.41,34.3,34.31,66420
2010-10-06 19:00:00,34.29,34.33,34.22,34.29,38410
2010-10-06 20:00:00,34.28,34.29,34.0,34.05,35610
2010-10-06 21:00:00,34.06,34.15,34.0,34.02,36180
2010-10-06 22:00:00,34.02,34.06,33.84,33.98,135290
2010-10-07 16:00:00,34.15,35.11,34.1,34.64,120340
2010-10-07 17:00:00,34.65,34.95,34.62,34.8,99650
2010-10-07 18:00:00,34.77,34.83,34.69,34.78,49930
2010-10-07 19:00:00,34.78,34.78,34.58,34.62,47060
2010-10-07 20:00:00,34.61,34.72,34.44,34.57,73460
2010-10-07 21:00:00,34.55,34.72,34.49,34.6,80370
2010-10-07 22:00:00,34.59,34.64,34.49,34.62,167220
2010-10-08 16:00:00,34.5,34.68,34.5,34.59,31940
2010-10-08 17:00:00,34.59,34.7,34.51,34.68,88200
2010-10-08 18:00:00,34.68,34.9,34.68,34.9,33860
2010-10-08 19:00:00,34.9,34.95,34.86,34.91,33640
2010-10-08 20:00:00,34.92,34.96,34.88,34.92,27230
2010-10-08 21:00:00,34.92,35.07,34.89,35.06,100890
2010-10-08 22:00:00,35.06,35.09,34.85,34.91,118490
2010-10-11 16:00:00,34.99,34.99,34.77,34.81,17930
2010-10-11 17:00:00,34.81,34.89,34.61,34.68,38080
2010-10-11 18:00:00,34.67,34.85,34.58,34.82,26480
2010-10-11 19:00:00,34.8,34.9,34.77,34.87,17240
2010-10-11 20:00:00,34.88,35.06,34.85,35.06,26600
2010-10-11 21:00:00,35.04,35.09,34.99,35.0,31440
2010-10-11 22:00:00,35.01,35.07,34.87,34.95,83190
2010-10-12 16:00:00,34.95,34.95,34.65,34.67,27360
2010-10-12 17:00:00,34.65,34.95,34.65,34.88,39180
2010-10-12 18:00:00,34.87,35.09,34.86,34.93,37280
2010-10-12 19:00:00,34.93,34.99,34.83,34.85,28870
2010-10-12 20:00:00,34.84,34.92,34.65,34.68,27770
2010-10-12 21:00:00,34.66,34.97,34.59,34.87,39780
2010-10-12 22:00:00,34.87,35.19,34.82,35.15,122100
2010-10-13 16:00:00,35.13,35.35,35.13,35.28,26900
2010-10-13 17:00:00,35.29,35.34,35.05,35.22,24650
2010-10-13 18:00:00,35.22,35.44,35.21,35.43,32440
2010-10-13 19:00:00,35.42,35.64,35.41,35.63,42670
2010-10-13 20:00:00,35.63,35.7,35.59,35.62,35410
2010-10-13 21:00:00,35.62,35.73,35.61,35.69,47440
2010-10-13 22:00:00,35.7,35.83,35.58,35.64,136290
2010-10-14 16:00:00,35.67,35.99,35.66,35.8,64060
2010-10-14 17:00:00,35.84,35.95,35.84,35.94,37940
2010-10-14 18:00:00,35.94,35.96,35.35,35.46,142810
2010-10-14 19:00:00,35.49,35.66,35.34,35.44,38760
2010-10-14 20:00:00,35.42,35.42,35.14,35.38,33150
2010-10-14 21:00:00,35.37,35.41,35.34,35.37,45670
2010-10-14 22:00:00,35.34,35.49,35.31,35.45,103960
2010-10-15 16:00:00,35.77,35.78,35.44,35.51,15820
2010-10-15 17:00:00,35.53,35.62,35.47,35.6,62370
2010-10-15 18:00:00,35.61,35.67,35.55,35.62,49490
2010-10-15 19:00:00,35.62,35.69,35.55,35.62,37640
2010-10-15 20:00:00,35.64,35.75,35.63,35.7,41530
2010-10-15 21:00:00,35.7,35.92,35.68,35.81,81670
2010-10-15 22:00:00,35.79,35.93,35.76,35.88,135340
2010-10-18 16:00:00,36.02,36.47,35.99,36.44,183540
2010-10-18 17:00:00,36.46,36.9,36.45,36.84,162750
2010-10-18 18:00:00,36.85,36.92,36.76,36.8,100100
2010-10-18 19:00:00,36.79,36.89,36.77,36.86,50840
2010-10-18 20:00:00,36.87,37.01,36.82,36.97,148570
2010-10-18 21:00:00,36.98,36.98,36.84,36.89,111310
2010-10-18 22:00:00,36.89,36.98,36.84,36.93,147260
2010-10-19 16:00:00,36.42,36.65,36.26,36.53,29400
2010-10-19 17:00:00,36.48,36.93,36.47,36.92,66380
2010-10-19 18:00:00,36.92,36.95,36.83,36.93,56450
2010-10-19 19:00:00,36.93,37.1,36.91,37.07,133480
2010-10-19 20:00:00,37.06,37.06,36.9,36.9,233350
2010-10-19 21:00:00,36.91,37.09,36.77,37.0,203810
2010-10-19 22:00:00,37.0,37.23,36.92,37.16,364480
2010-10-20 16:00:00,37.27,37.27,36.88,36.89,70850
2010-10-20 17:00:00,36.88,37.27,36.87,37.25,111750
2010-10-20 18:00:00,37.24,37.37,37.15,37.29,35270
2010-10-20 19:00:00,37.28,37.41,37.18,37.21,30850
2010-10-20 20:00:00,37.21,37.32,37.14,37.16,30870
2010-10-20 21:00:00,37.17,37.32,37.13,37.25,53850
2010-10-20 22:00:00,37.24,37.28,37.14,37.21,161400
2010-10-21 16:00:00,37.39,37.39,37.11,37.32,45840
2010-10-21 17:00:00,37.3,37.37,37.16,37.21,148240
2010-10-21 18:00:00,37.24,37.3,37.16,37.21,57220
2010-10-21 19:00:00,37.19,37.25,37.08,37.12,62140
2010-10-21 20:00:00,37.11,37.18,36.96,36.97,111640
2010-10-21 21:00:00,36.93,36.96,36.76,36.85,86500
2010-10-21 22:00:00,36.84,37.02,36.78,36.85,210200
2010-10-22 16:00:00,36.83,37.07,36.78,36.8,28540
2010-10-22 17:00:00,36.81,36.91,36.73,36.79,65370
2010-10-22 18:00:00,36.77,36.84,36.71,36.77,28680
2010-10-22 19:00:00,36.77,36.87,36.71,36.74,76180
2010-10-22 20:00:00,36.74,36.75,36.64,36.64,43600
2010-10-22 21:00:00,36.63,36.7,36.58,36.68,84500
2010-10-22 22:00:00,36.67,36.72,36.6,36.65,93530
2010-10-25 16:00:00,36.89,36.93,36.65,36.66,42730
2010-10-25 17:00:00,36.66,36.73,36.3,36.36,60940
2010-10-25 18:00:00,36.35,36.55,36.29,36.5,37000
2010-10-25 19:00:00,36.5,36.5,36.43,36.47,34720
2010-10-25 20:00:00,36.47,36.55,36.46,36.5,22620
2010-10-25 21:00:00,36.5,36.55,36.3,36.31,60860
2010-10-25 22:00:00,36.31,36.48,36.18,36.29,128290
2010-10-26 16:00:00,36.17,36.17,35.86,35.93,15950
2010-10-26 17:00:00,35.92,36.0,35.8,35.93,97160
2010-10-26 18:00:00,35.94,36.05,35.74,36.05,93890
2010-10-26 19:00:00,36.06,36.12,35.97,36.0,45470
2010-10-26 20:00:00,36.0,36.04,35.95,36.0,49050
2010-10-26 21:00:00,35.99,36.06,35.92,35.94,63160
2010-10-26 22:00:00,35.96,36.09,35.81,35.83,103950
2010-10-27 16:00:00,35.6,35.92,35.51,35.78,28800
2010-10-27 17:00:00,35.82,35.87,35.72,35.73,59610
2010-10-27 18:00:00,35.75,35.81,35.54,35.65,31150
2010-10-27 19:00:00,35.66,35.77,35.64,35.65,14310
2010-10-27 20:00:00,35.64,35.68,35.57,35.66,56040
2010-10-27 21:00:00,35.66,35.74,35.66,35.71,27900
2010-10-27 22:00:00,35.7,35.81,35.7,35.75,101410
2010-10-28 16:00:00,36.06,36.06,35.66,35.77,28200
2010-10-28 17:00:00,35.77,35.78,35.37,35.47,37870
2010-10-28 18:00:00,35.44,35.56,35.41,35.42,28830
2010-10-28 19:00:00,35.42,35.53,35.41,35.49,16430
2010-10-28 20:00:00,35.47,35.64,35.42,35.6,82700
2010-10-28 21:00:00,35.61,35.8,35.61,35.8,48510
2010-10-28 22:00:00,35.77,35.9,35.74,35.77,140700
2010-10-29 16:00:00,35.77,36.3,35.77,35.87,33290
2010-10-29 17:00:00,35.89,36.04,35.81,35.91,31800
2010-10-29 18:00:00,35.92,36.05,35.79,35.92,28750
2010-10-29 19:00:00,35.93,35.99,35.82,35.85,26960
2010-10-29 20:00:00,35.84,35.9,35.78,35.88,21230
2010-10-29 21:00:00,35.88,36.09,35.84,36.05,28550
2010-10-29 22:00:00,36.01,36.05,35.81,35.85,98410
2010-11-01 16:00:00,36.05,36.25,35.95,36.2,24300
2010-11-01 17:00:00,36.2,36.23,36.09,36.13,41320
2010-11-01 18:00:00,36.13,36.14,35.89,35.98,33830
2010-11-01 19:00:00,35.98,35.98,35.82,35.86,16220
2010-11-01 20:00:00,35.89,35.89,35.76,35.79,26790
2010-11-01 21:00:00,35.79,35.81,35.66,35.74,39310
2010-11-01 22:00:00,35.71,35.77,35.51,35.73,96010
2010-11-02 16:00:00,35.99,36.12,35.88,36.0,47470
2010-11-02 17:00:00,35.96,36.14,35.95,36.06,37640
2010-11-02 18:00:00,36.07,36.2,36.06,36.16,20510
2010-11-02 19:00:00,36.16,36.19,36.09,36.09,19450
2010-11-02 20:00:00,36.09,36.17,36.09,36.15,17000
2010-11-02 21:00:00,36.14,36.21,36.08,36.08,69150
2010-11-02 22:00:00,36.1,36.13,35.99,36.01,113360
2010-11-03 16:00:00,36.06,36.13,35.79,35.83,12670
2010-11-03 17:00:00,35.89,36.0,35.77,35.85,26270
2010-11-03 18:00:00,35.85,35.89,35.71,35.81,31720
2010-11-03 19:00:00,35.81,35.9,35.65,35.76,23340
2010-11-03 20:00:00,35.74,35.92,35.71,35.88,26400
2010-11-03 21:00:00,35.85,36.11,35.63,35.84,46840
2010-11-03 22:00:00,35.79,35.94,35.77,35.92,66690
2010-11-04 16:00:00,36.36,36.64,36.2,36.61,41100
2010-11-04 17:00:00,36.62,36.73,36.52,36.73,60980
2010-11-04 18:00:00,36.75,36.78,36.59,36.59,25150
2010-11-04 19:00:00,36.6,36.69,36.56,36.69,25760
2010-11-04 20:00:00,36.68,36.69,36.63,36.65,64520
2010-11-04 21:00:00,36.65,36.72,36.65,36.67,39090
2010-11-04 22:00:00,36.69,36.83,36.62,36.77,139410
2010-11-05 16:00:00,36.88,36.91,36.73,36.85,17010
2010-11-05 17:00:00,36.88,37.25,36.81,37.23,38200
2010-11-05 18:00:00,37.24,37.25,37.11,37.11,22950
2010-11-05 19:00:00,37.13,37.29,37.04,37.24,39740
2010-11-05 20:00:00,37.24,37.24,37.08,37.09,36540
2010-11-05 21:00:00,37.09,37.09,36.78,36.81,78570
2010-11-05 22:00:00,36.81,37.12,36.74,37.07,111260
2010-11-08 16:00:00,36.89,37.11,36.85,36.92,15970
2010-11-08 17:00:00,36.95,37.11,36.82,36.91,42870
2010-11-08 18:00:00,36.9,37.09,36.76,37.07,54460
2010-11-08 19:00:00,37.07,37.18,37.01,37.18,20280
2010-11-08 20:00:00,37.18,37.27,37.15,37.15,20590
2010-11-08 21:00:00,37.16,37.33,37.14,37.26,42100
2010-11-08 22:00:00,37.27,37.36,37.23,37.3,108660
2010-11-09 16:00:00,37.45,37.45,37.22,37.43,25460
2010-11-09 17:00:00,37.42,37.71,37.41,37.59,52530
2010-11-09 18:00:00,37.6,37.64,37.37,37.41,43060
2010-11-09 19:00:00,37.41,37.41,37.06,37.06,19090
2010-11-09 20:00:00,37.06,37.14,36.92,36.98,29750
2010-11-09 21:00:00,36.98,37.08,36.97,37.08,29590
2010-11-09 22:00:00,37.08,37.08,36.62,36.8,107320
2010-11-10 16:00:00,36.88,37.1,36.74,36.9,30790
2010-11-10 17:00:00,36.95,36.95,36.53,36.86,71010
2010-11-10 18:00:00,36.91,37.13,36.77,37.07,27410
2010-11-10 19:00:00,37.08,37.11,36.68,36.71,49410
2010-11-10 20:00:00,36.68,37.01,36.53,36.96,42250
2010-11-10 21:00:00,36.99,37.31,36.91,37.3,40090
2010-11-10 22:00:00,37.27,37.45,37.21,37.43,87360
2010-11-11 16:00:00,37.1,37.24,36.69,36.86,44580
2010-11-11 17:00:00,36.87,36.97,36.8,36.95,50030
2010-11-11 18:00:00,36.93,37.14,36.93,37.11,25850
2010-11-11 19:00:00,37.1,37.22,37.07,37.19,45930
2010-11-11 20:00:00,37.19,37.23,37.09,37.18,27830
2010-11-11 21:00:00,37.17,37.22,37.09,37.09,34070
2010-11-11 22:00:00,37.09,37.13,37.03,37.11,101920
2010-11-12 16:00:00,36.81,36.92,36.7,36.82,22030
2010-11-12 17:00:00,36.8,36.83,36.47,36.48,26560
2010-11-12 18:00:00,36.48,36.51,36.37,36.44,62610
2010-11-12 19:00:00,36.42,36.48,36.05,36.07,25190
2010-11-12 20:00:00,36.05,36.15,35.96,35.96,25690
2010-11-12 21:00:00,35.97,36.21,35.96,36.14,23740
2010-11-12 22:00:00,36.14,36.24,35.94,35.96,118860
2010-11-15 16:00:00,36.05,36.06,35.9,35.91,24070
2010-11-15 17:00:00,35.88,36.08,35.82,36.03,34690
2010-11-15 18:00:00,36.06,36.16,35.92,36.04,28230
2010-11-15 19:00:00,36.06,36.18,35.9,36.18,32630
2010-11-15 20:00:00,36.14,36.15,36.03,36.03,26810
2010-11-15 21:00:00,36.01,36.06,35.89,36.02,29720
2010-11-15 22:00:00,36.0,36.04,35.8,35.88,68240
2010-11-16 16:00:00,35.58,35.68,35.26,35.51,18870
2010-11-16 17:00:00,35.46,35.46,35.02,35.2,39800
2010-11-16 18:00:00,35.21,35.21,34.8,34.95,41020
2010-11-16 19:00:00,34.95,35.07,34.92,35.03,36080
2010-11-16 20:00:00,35.03,35.08,34.95,34.98,27180
2010-11-16 21:00:00,34.99,35.03,34.85,34.92,44440
2010-11-16 22:00:00,34.92,35.15,34.85,35.06,136660
2010-11-17 16:00:00,35.13,35.13,34.71,34.86,21660
2010-11-17 17:00:00,34.89,34.96,34.87,34.87,34170
2010-11-17 18:00:00,34.9,34.98,34.84,34.96,21080
2010-11-17 19:00:00,34.94,34.94,34.76,34.76,30520
2010-11-17 20:00:00,34.77,34.82,34.75,34.77,33100
2010-11-17 21:00:00,34.77,34.86,34.77,34.77,37210
2010-11-17 22:00:00,34.77,34.86,34.69,34.77,140610
2010-11-18 16:00:00,35.07,35.31,35.05,35.1,26350
2010-11-18 17:00:00,35.11,35.49,35.11,35.33,47380
2010-11-18 18:00:00,35.34,35.4,35.27,35.36,24240
2010-11-18 19:00:00,35.34,35.39,35.29,35.32,20610
2010-11-18 20:00:00,35.36,35.39,35.3,35.37,11950
2010-11-18 21:00:00,35.37,35.38,35.29,35.33,27570
2010-11-18 22:00:00,35.33,35.39,35.26,35.37,112580
2010-11-19 16:00:00,35.2,35.38,35.14,35.38,33120
2010-11-19 17:00:00,35.38,35.51,35.33,35.4,23930
2010-11-19 18:00:00,35.38,35.61,35.38,35.53,18790
2010-11-19 19:00:00,35.55,35.63,35.46,35.62,26350
2010-11-19 20:00:00,35.62,35.69,35.55,35.58,67070
2010-11-19 21:00:00,35.57,35.63,35.23,35.25,49850
2010-11-19 22:00:00,35.25,35.34,35.2,35.23,74420
2010-11-22 16:00:00,34.97,35.29,34.82,35.28,71520
2010-11-22 17:00:00,35.29,35.29,35.08,35.17,46370
2010-11-22 18:00:00,35.21,35.28,35.11,35.24,15300
2010-11-22 19:00:00,35.23,35.28,35.12,35.15,30070
2010-11-22 20:00:00,35.15,35.16,35.02,35.04,39930
2010-11-22 21:00:00,35.05,35.18,34.98,35.1,131030
2010-11-22 22:00:00,35.09,35.41,35.09,35.2,165070
2010-11-23 16:00:00,34.73,34.75,34.57,34.63,48020
2010-11-23 17:00:00,34.63,34.75,34.59,34.66,53090
2010-11-23 18:00:00,34.66,34.66,34.29,34.31,89690
2010-11-23 19:00:00,34.29,34.31,34.07,34.23,78620
2010-11-23 20:00:00,34.22,34.32,34.16,34.16,39760
2010-11-23 21:00:00,34.19,34.23,34.07,34.17,61460
2010-11-23 22:00:00,34.16,34.45,34.15,34.3,120680
2010-11-24 16:00:00,34.49,34.76,34.49,34.69,27190
2010-11-24 17:00:00,34.62,34.65,34.48,34.57,62020
2010-11-24 18:00:00,34.55,34.83,34.54,34.83,55420
2010-11-24 19:00:00,34.83,35.04,34.83,34.95,16050
2010-11-24 20:00:00,34.94,35.12,34.93,35.03,26100
2010-11-24 21:00:00,35.01,35.07,34.93,35.01,26550
2010-11-24 22:00:00,34.99,35.2,34.97,35.14,74690
2010-11-26 16:00:00,34.83,35.2,34.75,35.14,13100
2010-11-26 17:00:00,35.14,35.25,35.09,35.18,25850
2010-11-26 18:00:00,35.2,35.28,35.15,35.23,17270
2010-11-26 19:00:00,35.23,35.29,34.9,34.92,60220
2010-11-26 20:00:00,34.92,34.92,34.92,34.92,22820
2010-11-29 16:00:00,34.68,34.91,34.47,34.49,15640
2010-11-29 17:00:00,34.52,34.53,34.33,34.43,27690
2010-11-29 18:00:00,34.41,34.54,34.28,34.33,26780
2010-11-29 19:00:00,34.36,34.53,34.36,34.47,10210
2010-11-29 20:00:00,34.49,34.55,34.41,34.51,16940
2010-11-29 21:00:00,34.5,34.65,34.38,34.63,45170
2010-11-29 22:00:00,34.63,34.84,34.58,34.78,63770
2010-11-30 16:00:00,34.34,34.75,34.27,34.42,22710
2010-11-30 17:00:00,34.44,34.6,34.25,34.29,53680
2010-11-30 18:00:00,34.31,34.31,33.96,34.12,56770
2010-11-30 19:00:00,34.13,34.23,34.08,34.19,40820
2010-11-30 20:00:00,34.2,34.57,34.2,34.57,29170
2010-11-30 21:00:00,34.59,34.61,34.44,34.58,56330
2010-11-30 22:00:00,34.6,34.6,34.03,34.06,187300
2010-12-01 16:00:00,34.62,34.92,34.62,34.63,44800
2010-12-01 17:00:00,34.7,34.77,34.53,34.72,63730
2010-12-01 18:00:00,34.7,34.96,34.68,34.91,89070
2010-12-01 19:00:00,34.92,34.96,34.74,34.8,69380
2010-12-01 20:00:00,34.8,35.01,34.76,35.01,50680
2010-12-01 21:00:00,35.0,35.15,34.97,35.15,53400
2010-12-01 22:00:00,35.16,35.22,35.05,35.2,133100
2010-12-02 16:00:00,35.2,35.67,35.2,35.62,20740
2010-12-02 17:00:00,35.71,35.98,35.67,35.93,108190
2010-12-02 18:00:00,35.96,36.08,35.79,35.88,43930
2010-12-02 19:00:00,35.89,36.11,35.85,36.02,29340
2010-12-02 20:00:00,35.99,36.39,35.98,36.34,54310
2010-12-02 21:00:00,36.34,36.38,36.24,36.26,47010
2010-12-02 22:00:00,36.26,36.39,36.2,36.36,152090
2010-12-03 16:00:00,36.15,36.34,36.08,36.3,26920
2010-12-03 17:00:00,36.27,36.41,36.17,36.32,101200
2010-12-03 18:00:00,36.33,36.47,36.33,36.42,33810
2010-12-03 19:00:00,36.43,36.56,36.4,36.56,47590
2010-12-03 20:00:00,36.57,36.75,36.52,36.73,31210
2010-12-03 21:00:00,36.73,36.75,36.56,36.62,40350
2010-12-03 22:00:00,36.62,36.7,36.5,36.6,97220
2010-12-06 16:00:00,36.39,36.39,36.18,36.32,29510
2010-12-06 17:00:00,36.35,36.38,36.32,36.36,29090
2010-12-06 18:00:00,36.36,36.47,36.31,36.42,27280
2010-12-06 19:00:00,36.43,36.43,36.33,36.41,40090
2010-12-06 20:00:00,36.42,36.54,36.34,36.53,22430
2010-12-06 21:00:00,36.53,36.55,36.33,36.36,48990
2010-12-06 22:00:00,36.36,36.49,36.31,36.37,93520
2010-12-07 16:00:00,37.03,37.03,36.63,36.75,41430
2010-12-07 17:00:00,36.75,37.04,36.74,37.02,37990
2010-12-07 18:00:00,37.03,37.07,36.89,36.94,83270
2010-12-07 19:00:00,36.92,36.95,36.67,36.86,60710
2010-12-07 20:00:00,36.84,36.99,36.84,36.94,41510
2010-12-07 21:00:00,36.96,36.99,36.81,36.81,50560
2010-12-07 22:00:00,36.81,36.9,36.67,36.86,147430
2010-12-08 16:00:00,36.99,37.09,36.89,36.89,22570
2010-12-08 17:00:00,36.92,37.02,36.87,37.0,50070
2010-12-08 18:00:00,37.02,37.17,36.99,37.1,57150
2010-12-08 19:00:00,37.13,37.15,37.07,37.07,43200
2010-12-08 20:00:00,37.08,37.16,37.06,37.11,43430
2010-12-08 21:00:00,37.11,37.12,37.04,37.07,119950
2010-12-08 22:00:00,37.07,37.16,36.99,37.12,116500
2010-12-09 16:00:00,37.36,37.42,36.91,36.94,29690
2010-12-09 17:00:00,36.91,36.94,36.73,36.81,27170
2010-12-09 18:00:00,36.78,36.78,36.55,36.61,53710
2010-12-09 19:00:00,36.6,36.71,36.6,36.63,57810
2010-12-09 20:00:00,36.63,36.79,36.63,36.78,79460
2010-12-09 21:00:00,36.78,36.82,36.75,36.81,64260
2010-12-09 22:00:00,36.81,36.85,36.71,36.74,174370
2010-12-10 16:00:00,36.82,36.93,36.57,36.6,19070
2010-12-10 17:00:00,36.61,36.71,36.51,36.66,48910
2010-12-10 18:00:00,36.66,36.69,36.55,36.58,36530
2010-12-10 19:00:00,36.57,36.63,36.53,36.53,66750
2010-12-10 20:00:00,36.53,36.61,36.53,36.57,52480
2010-12-10 21:00:00,36.57,36.6,36.52,36.55,67970
2010-12-10 22:00:00,36.56,36.64,36.46,36.56,145150
2010-12-13 16:00:00,36.67,36.72,36.39,36.57,33300
2010-12-13 17:00:00,36.58,36.74,36.57,36.73,69180
2010-12-13 18:00:00,36.72,36.75,36.61,36.62,53700
2010-12-13 19:00:00,36.62,36.74,36.59,36.69,35070
2010-12-13 20:00:00,36.7,36.8,36.69,36.74,38810
2010-12-13 21:00:00,36.74,36.82,36.74,36.8,33640
2010-12-13 22:00:00,36.8,36.82,36.65,36.67,106200
2010-12-14 16:00:00,36.7,36.84,36.66,36.79,14340
2010-12-14 17:00:00,36.79,36.85,36.74,36.82,31840
2010-12-14 18:00:00,36.79,36.86,36.71,36.75,54490
2010-12-14 19:00:00,36.75,36.88,36.75,36.85,24530
2010-12-14 20:00:00,36.85,36.92,36.79,36.92,30380
2010-12-14 21:00:00,36.92,37.06,36.88,37.05,44300
2010-12-14 22:00:00,37.05,37.07,36.92,37.02,131900
2010-12-15 16:00:00,37.02,37.62,37.01,37.59,56910
2010-12-15 17:00:00,37.62,37.85,37.57,37.61,295600
2010-12-15 18:00:00,37.59,37.69,37.35,37.36,42700
2010-12-15 19:00:00,37.36,37.37,36.91,36.94,54880
2010-12-15 20:00:00,36.94,36.98,36.87,36.94,20370
2010-12-15 21:00:00,36.94,36.99,36.79,36.88,65370
2010-12-15 22:00:00,36.87,37.04,36.78,36.8,132790
2010-12-16 16:00:00,36.84,36.96,36.56,36.56,11580
2010-12-16 17:00:00,36.58,36.76,36.44,36.75,32110
2010-12-16 18:00:00,36.75,36.98,36.72,36.9,29040
2010-12-16 19:00:00,36.91,37.03,36.84,36.93,18370
2010-12-16 20:00:00,36.95,37.03,36.85,36.94,22410
2010-12-16 21:00:00,36.96,37.01,36.86,36.88,22960
2010-12-16 22:00:00,36.89,37.1,36.89,37.07,57130
2010-12-17 16:00:00,37.24,37.42,37.13,37.41,116070
2010-12-17 17:00:00,37.43,37.57,37.29,37.45,94220
2010-12-17 18:00:00,37.44,37.51,37.39,37.51,40530
2010-12-17 19:00:00,37.5,37.69,37.5,37.66,48160
2010-12-17 20:00:00,37.65,37.79,37.65,37.79,104300
2010-12-17 21:00:00,37.77,37.85,37.76,37.79,44040
2010-12-17 22:00:00,37.8,37.8,37.5,37.63,162710
2010-12-20 16:00:00,37.63,37.72,37.41,37.51,18770
2010-12-20 17:00:00,37.52,37.53,37.28,37.32,24190
2010-12-20 18:00:00,37.31,37.49,37.26,37.46,22620
2010-12-20 19:00:00,37.46,37.58,37.44,37.58,24060
2010-12-20 20:00:00,37.59,37.68,37.54,37.62,27000
2010-12-20 21:00:00,37.62,37.67,37.44,37.46,61250
2010-12-20 22:00:00,37.46,37.55,37.43,37.44,55690
2010-12-21 16:00:00,37.68,37.77,37.57,37.59,15430
2010-12-21 17:00:00,37.58,37.66,37.55,37.63,31920
2010-12-21 18:00:00,37.62,37.85,37.6,37.84,43810
2010-12-21 19:00:00,37.85,37.9,37.78,37.84,29760
2010-12-21 20:00:00,37.84,37.93,37.58,37.91,83000
2010-12-21 21:00:00,37.89,38.33,37.89,38.28,112250
2010-12-21 22:00:00,38.27,38.58,38.25,38.53,170070
2010-12-22 16:00:00,38.59,38.93,38.56,38.9,48940
2010-12-22 17:00:00,38.91,39.3,38.86,39.22,125300
2010-12-22 18:00:00,39.22,39.36,39.06,39.33,79030
2010-12-22 19:00:00,39.33,39.55,39.33,39.53,86280
2010-12-22 20:00:00,39.52,39.62,39.3,39.61,127200
2010-12-22 21:00:00,39.63,39.67,39.45,39.58,87150
2010-12-22 22:00:00,39.59,39.94,39.48,39.93,257120
2010-12-23 16:00:00,39.79,40.51,39.79,40.49,89340
2010-12-23 17:00:00,40.49,40.79,40.35,40.59,254520
2010-12-23 18:00:00,40.59,40.59,40.15,40.24,91080
2010-12-23 19:00:00,40.24,40.24,40.04,40.04,44920
2010-12-23 20:00:00,40.05,40.11,40.05,40.09,33860
2010-12-23 21:00:00,40.08,40.12,39.97,40.11,57140
2010-12-23 22:00:00,40.12,40.23,39.89,40.0,120220
2010-12-27 16:00:00,39.91,39.91,39.67,39.68,9600
2010-12-27 17:00:00,39.68,39.7,39.48,39.48,24700
2010-12-27 18:00:00,39.5,39.66,39.49,39.58,14490
2010-12-27 19:00:00,39.58,39.73,39.57,39.67,30150
2010-12-27 20:00:00,39.67,39.86,39.66,39.83,19840
2010-12-27 21:00:00,39.82,39.97,39.82,39.94,26940
2010-12-27 22:00:00,39.93,40.02,39.86,40.02,87940
2010-12-28 16:00:00,40.08,40.17,39.7,39.72,11810
2010-12-28 17:00:00,39.72,39.72,38.93,39.0,141460
2010-12-28 18:00:00,39.01,39.27,39.0,39.24,70690
2010-12-28 19:00:00,39.24,39.25,39.22,39.23,17550
2010-12-28 20:00:00,39.24,39.46,39.2,39.35,32980
2010-12-28 21:00:00,39.35,39.55,39.35,39.49,32350
2010-12-28 22:00:00,39.5,39.59,39.45,39.53,58300
2010-12-29 16:00:00,39.6,39.67,39.5,39.61,10030
2010-12-29 17:00:00,39.61,39.66,39.39,39.53,20490
2010-12-29 18:00:00,39.52,39.61,39.48,39.54,14750
2010-12-29 19:00:00,39.56,39.61,39.46,39.61,19500
2010-12-29 20:00:00,39.62,39.74,39.6,39.74,12110
2010-12-29 21:00:00,39.75,39.81,39.72,39.79,22720
2010-12-29 22:00:00,39.8,39.84,39.76,39.79,37660
2010-12-30 16:00:00,39.81,39.96,39.75,39.75,5860
2010-12-30 17:00:00,39.71,39.75,39.46,39.52,31860
2010-12-30 18:00:00,39.53,39.62,39.5,39.59,13700
2010-12-30 19:00:00,39.58,39.61,39.47,39.49,12990
2010-12-30 20:00:00,39.47,39.51,39.42,39.5,15830
2010-12-30 21:00:00,39.49,39.51,39.35,39.4,27560
2010-12-30 22:00:00,39.4,39.57,39.36,39.41,45860
2010-12-31 16:00:00,39.4,39.43,39.26,39.35,5510
2010-12-31 17:00:00,39.31,39.39,39.23,39.27,17710
2010-12-31 18:00:00,39.26,39.28,39.23,39.25,15610
2010-12-31 19:00:00,39.25,39.29,39.22,39.24,20670
2010-12-31 20:00:00,39.25,39.25,39.21,39.23,11220
2010-12-31 21:00:00,39.24,39.35,39.22,39.22,21750
2010-12-31 22:00:00,39.23,39.43,38.92,38.96,110690
2011-01-03 16:00:00,39.41,39.6,39.32,39.4,35110
2011-01-03 17:00:00,39.4,39.83,39.28,39.82,55610
2011-01-03 18:00:00,39.84,39.89,39.57,39.61,43920
2011-01-03 19:00:00,39.62,39.64,39.36,39.42,49790
2011-01-03 20:00:00,39.42,39.49,39.34,39.4,42520
2011-01-03 21:00:00,39.4,39.41,39.23,39.29,65680
2011-01-03 22:00:00,39.28,39.58,39.22,39.42,162080
2011-01-04 16:00:00,39.82,40.2,39.82,39.97,56220
2011-01-04 17:00:00,39.99,40.01,39.38,39.4,79670
2011-01-04 18:00:00,39.4,39.43,38.88,38.91,53320
2011-01-04 19:00:00,38.9,39.03,38.57,38.61,59010
2011-01-04 20:00:00,38.59,38.71,38.54,38.6,50780
2011-01-04 21:00:00,38.6,38.85,38.6,38.66,61320
2011-01-04 22:00:00,38.64,38.85,38.63,38.8,106710
2011-01-05 16:00:00,38.68,38.72,38.27,38.3,53690
2011-01-05 17:00:00,38.35,38.98,38.35,38.86,72420
2011-01-05 18:00:00,38.86,39.2,38.81,39.19,64840
2011-01-05 19:00:00,39.19,39.31,39.15,39.18,26780
2011-01-05 20:00:00,39.2,39.23,39.0,39.15,50430
2011-01-05 21:00:00,39.14,39.15,39.03,39.11,41090
2011-01-05 22:00:00,39.12,39.35,39.07,39.32,108640
2011-01-06 16:00:00,39.27,39.34,39.07,39.12,46960
2011-01-06 17:00:00,39.08,39.42,39.05,39.2,29120
2011-01-06 18:00:00,39.19,39.2,38.98,39.1,28510
2011-01-06 19:00:00,39.09,39.3,39.01,39.24,22320
2011-01-06 20:00:00,39.22,39.3,39.0,39.26,36210
2011-01-06 21:00:00,39.29,39.29,38.89,39.04,64410
2011-01-06 22:00:00,39.05,39.27,39.0,39.02,91570
2011-01-07 16:00:00,39.15,39.28,38.87,39.02,9220
2011-01-07 17:00:00,39.01,39.19,38.93,39.03,50230
2011-01-07 18:00:00,39.06,39.2,38.64,38.66,83060
2011-01-07 19:00:00,38.66,38.69,38.18,38.46,34300
2011-01-07 20:00:00,38.44,38.59,38.35,38.4,27550
2011-01-07 21:00:00,38.38,38.73,38.38,38.67,59890
2011-01-07 22:00:00,38.66,38.83,38.66,38.76,126600
2011-01-10 16:00:00,38.52,38.53,38.18,38.28,9830
2011-01-10 17:00:00,38.24,38.58,38.18,38.34,41150
2011-01-10 18:00:00,38.41,38.8,38.33,38.8,52190
2011-01-10 19:00:00,38.81,39.07,38.75,38.99,66310
2011-01-10 20:00:00,38.98,39.11,38.8,38.98,70380
2011-01-10 21:00:00,38.98,39.0,38.82,38.82,80190
2011-01-10 22:00:00,38.83,38.87,38.43,38.64,190760
2011-01-11 16:00:00,38.91,38.93,38.56,38.8,31330
2011-01-11 17:00:00,38.75,39.04,38.59,39.04,94920
2011-01-11 18:00:00,39.05,39.32,39.05,39.16,76480
2011-01-11 19:00:00,39.16,39.32,39.08,39.12,40850
2011-01-11 20:00:00,39.13,39.14,38.89,38.96,30030
2011-01-11 21:00:00,38.97,39.0,38.86,38.9,36860
2011-01-11 22:00:00,38.91,39.14,38.89,39.07,95900
2011-01-12 16:00:00,39.43,39.5,38.79,38.81,39970
2011-01-12 17:00:00,38.8,39.2,38.74,38.92,138060
2011-01-12 18:00:00,38.92,39.32,38.92,39.27,69710
2011-01-12 19:00:00,39.26,39.32,39.08,39.23,37660
2011-01-12 20:00:00,39.23,39.36,39.16,39.26,55300
2011-01-12 21:00:00,39.26,39.55,39.24,39.54,81340
2011-01-12 22:00:00,39.53,39.76,39.51,39.7,184400
2011-01-13 16:00:00,39.24,39.44,37.29,37.94,106160
2011-01-13 17:00:00,37.99,38.33,37.78,38.22,88620
2011-01-13 18:00:00,38.24,38.4,37.0,37.05,165460
2011-01-13 19:00:00,37.05,37.06,36.0,36.13,408330
2011-01-13 20:00:00,36.12,36.37,35.59,36.34,471560
2011-01-13 21:00:00,36.3,36.41,35.91,36.11,343420
2011-01-13 22:00:00,36.12,36.83,36.11,36.75,1046890
2011-01-14 16:00:00,36.73,37.16,36.57,36.95,401250
2011-01-14 17:00:00,36.94,37.13,36.8,36.93,531570
2011-01-14 18:00:00,36.93,37.02,36.91,36.98,300790
2011-01-14 19:00:00,36.99,37.25,36.9,36.92,303620
2011-01-14 20:00:00,36.92,37.0,36.59,36.61,238340
2011-01-14 21:00:00,36.61,36.63,36.33,36.5,259010
2011-01-14 22:00:00,36.49,36.6,36.17,36.42,483650
2011-01-18 16:00:00,36.4,36.5,36.26,36.38,85320
2011-01-18 17:00:00,36.38,36.5,36.22,36.34,126960
2011-01-18 18:00:00,36.35,36.42,36.0,36.09,167330
2011-01-18 19:00:00,36.1,36.21,36.04,36.1,84930
2011-01-18 20:00:00,36.11,36.21,35.86,35.94,120210
2011-01-18 21:00:00,35.94,36.18,35.94,36.04,145960
2011-01-18 22:00:00,36.03,36.34,35.97,36.29,347180
2011-01-19 16:00:00,36.19,36.22,35.86,35.98,54430
2011-01-19 17:00:00,35.97,36.23,35.72,35.81,272370
2011-01-19 18:00:00,35.81,35.85,35.44,35.55,115470
2011-01-19 19:00:00,35.58,35.73,35.48,35.7,74810
2011-01-19 20:00:00,35.7,35.7,35.35,35.47,68240
2011-01-19 21:00:00,35.51,35.53,35.37,35.5,210860
2011-01-19 22:00:00,35.51,35.53,35.18,35.26,229070
2011-01-20 16:00:00,35.13,35.25,34.96,35.22,48810
2011-01-20 17:00:00,35.22,35.25,34.75,34.89,107190
2011-01-20 18:00:00,34.9,35.22,34.88,35.2,83290
2011-01-20 19:00:00,35.21,35.3,35.12,35.18,95380
2011-01-20 20:00:00,35.2,35.2,35.09,35.19,66150
2011-01-20 21:00:00,35.19,35.27,35.04,35.2,129620
2011-01-20 22:00:00,35.23,35.24,35.01,35.12,190720
2011-01-21 16:00:00,35.62,35.66,35.34,35.47,80490
2011-01-21 17:00:00,35.49,35.74,35.49,35.63,153670
2011-01-21 18:00:00,35.63,35.69,35.57,35.65,88450
2011-01-21 19:00:00,35.65,35.8,35.6,35.72,92750
2011-01-21 20:00:00,35.71,35.76,35.52,35.65,51570
2011-01-21 21:00:00,35.65,35.73,35.58,35.61,61640
2011-01-21 22:00:00,35.61,35.69,35.47,35.5,157270
2011-01-24 16:00:00,35.51,35.66,35.51,35.59,52660
2011-01-24 17:00:00,35.58,35.6,35.49,35.52,57140
2011-01-24 18:00:00,35.52,35.6,35.44,35.55,61950
2011-01-24 19:00:00,35.55,35.6,35.52,35.56,83500
2011-01-24 20:00:00,35.57,35.6,35.52,35.55,104660
2011-01-24 21:00:00,35.56,35.6,35.54,35.6,192930
2011-01-24 22:00:00,35.6,35.6,35.47,35.5,165040
2011-01-25 16:00:00,35.36,35.7,35.24,35.5,119720
2011-01-25 17:00:00,35.5,35.55,35.09,35.1,101100
2011-01-25 18:00:00,35.1,35.22,35.02,35.07,76590
2011-01-25 19:00:00,35.06,35.35,35.05,35.23,40350
2011-01-25 20:00:00,35.23,35.29,35.14,35.26,88410
2011-01-25 21:00:00,35.25,35.26,35.02,35.16,48470
2011-01-25 22:00:00,35.17,35.26,35.09,35.15,284190
2011-01-26 16:00:00,35.15,35.41,35.06,35.07,32210
2011-01-26 17:00:00,35.08,35.35,35.03,35.06,106520
2011-01-26 18:00:00,35.06,35.17,35.02,35.12,66160
2011-01-26 19:00:00,35.12,35.16,35.06,35.09,39720
2011-01-26 20:00:00,35.11,35.12,34.95,35.05,91660
2011-01-26 21:00:00,35.07,35.16,34.93,34.98,145280
2011-01-26 22:00:00,34.98,35.01,34.83,34.9,220160
2011-01-27 16:00:00,34.95,35.09,34.66,34.83,44560
2011-01-27 17:00:00,34.83,35.29,34.72,35.23,76710
2011-01-27 18:00:00,35.23,35.23,34.97,35.02,72040
2011-01-27 19:00:00,35.03,35.03,34.89,34.93,32970
2011-01-27 20:00:00,34.94,35.02,34.91,34.96,18650
2011-01-27 21:00:00,34.96,35.02,34.92,35.01,32730
2011-01-27 22:00:00,35.0,35.0,34.81,34.83,178400
2011-01-28 16:00:00,34.92,35.13,34.75,34.75,18370
2011-01-28 17:00:00,34.75,34.77,34.24,34.32,76610
2011-01-28 18:00:00,34.3,34.37,34.06,34.22,122430
2011-01-28 19:00:00,34.21,34.34,34.03,34.26,77310
2011-01-28 20:00:00,34.3,34.3,34.09,34.16,50900
2011-01-28 21:00:00,34.15,34.22,34.06,34.09,157490
2011-01-28 22:00:00,34.08,34.14,33.99,34.01,259740
2011-01-31 16:00:00,34.26,34.28,34.06,34.2,40150
2011-01-31 17:00:00,34.25,34.31,34.07,34.3,142040
2011-01-31 18:00:00,34.3,34.31,34.19,34.3,143470
2011-01-31 19:00:00,34.31,34.33,34.19,34.28,160490
2011-01-31 20:00:00,34.28,34.3,34.2,34.23,169650
2011-01-31 21:00:00,34.26,34.28,34.02,34.17,117970
2011-01-31 22:00:00,34.17,34.28,34.14,34.22,212070
2011-02-01 16:00:00,34.52,34.67,34.18,34.23,44000
2011-02-01 17:00:00,34.24,34.33,34.17,34.3,262430
2011-02-01 18:00:00,34.3,34.49,34.22,34.48,123550
2011-02-01 19:00:00,34.49,34.87,34.44,34.81,98920
2011-02-01 20:00:00,34.82,34.84,34.52,34.62,145890
2011-02-01 21:00:00,34.62,34.74,34.55,34.72,61650
2011-02-01 22:00:00,34.72,34.81,34.6,34.64,286130
2011-02-02 16:00:00,34.5,34.78,34.42,34.62,54480
2011-02-02 17:00:00,34.61,34.82,34.52,34.76,206610
2011-02-02 18:00:00,34.76,34.96,34.68,34.89,139890
2011-02-02 19:00:00,34.89,34.96,34.7,34.72,124860
2011-02-02 20:00:00,34.73,34.81,34.71,34.75,41090
2011-02-02 21:00:00,34.75,34.77,34.73,34.75,41140
2011-02-02 22:00:00,34.76,34.77,34.62,34.67,155050
2011-02-03 16:00:00,34.49,34.51,34.06,34.24,83650
2011-02-03 17:00:00,34.25,34.28,33.89,34.03,336740
2011-02-03 18:00:00,34.02,34.11,33.84,34.0,129720
2011-02-03 19:00:00,34.0,34.05,33.94,34.02,140380
2011-02-03 20:00:00,34.02,34.08,33.99,34.06,166260
2011-02-03 21:00:00,34.04,34.07,33.99,34.02,123500
2011-02-03 22:00:00,34.03,34.17,34.0,34.11,356300
2011-02-04 16:00:00,34.21,34.29,34.06,34.24,26750
2011-02-04 17:00:00,34.27,34.44,34.17,34.28,98100
2011-02-04 18:00:00,34.28,34.37,34.2,34.26,66370
2011-02-04 19:00:00,34.24,34.64,34.24,34.6,115710
2011-02-04 20:00:00,34.61,34.77,34.59,34.65,149220
2011-02-04 21:00:00,34.65,34.87,34.56,34.73,137670
2011-02-04 22:00:00,34.74,34.82,34.67,34.82,250420
2011-02-07 16:00:00,34.81,35.41,34.81,35.39,64010
2011-02-07 17:00:00,35.4,35.74,35.35,35.7,138240
2011-02-07 18:00:00,35.71,35.97,35.68,35.96,137760
2011-02-07 19:00:00,35.96,36.14,35.92,36.07,105680
2011-02-07 20:00:00,36.07,36.16,36.02,36.08,80940
2011-02-07 21:00:00,36.08,36.2,35.95,36.1,211460
2011-02-07 22:00:00,36.1,36.21,35.9,36.09,383250
2011-02-08 16:00:00,36.08,36.11,35.44,35.71,88720
2011-02-08 17:00:00,35.71,35.86,35.62,35.68,119350
2011-02-08 18:00:00,35.69,35.9,35.65,35.84,251170
2011-02-08 19:00:00,35.83,35.84,35.65,35.72,176440
2011-02-08 20:00:00,35.71,35.74,35.66,35.69,183830
2011-02-08 21:00:00,35.69,35.77,35.6,35.73,307940
2011-02-08 22:00:00,35.72,35.87,35.69,35.8,287910
2011-02-09 16:00:00,35.64,35.98,35.59,35.8,82980
2011-02-09 17:00:00,35.8,36.11,35.74,36.11,88010
2011-02-09 18:00:00,36.11,36.17,35.85,35.87,143410
2011-02-09 19:00:00,35.87,35.92,35.79,35.84,43900
2011-02-09 20:00:00,35.85,36.03,35.84,35.97,74600
2011-02-09 21:00:00,35.97,36.0,35.73,35.78,233490
2011-02-09 22:00:00,35.78,36.05,35.68,35.95,499700
2011-02-10 16:00:00,35.74,35.89,35.56,35.71,125810
2011-02-10 17:00:00,35.72,36.31,35.72,36.13,147590
2011-02-10 18:00:00,36.12,36.18,35.96,36.13,83280
2011-02-10 19:00:00,36.15,36.16,36.02,36.03,68410
2011-02-10 20:00:00,36.03,36.06,35.84,35.96,53110
2011-02-10 21:00:00,35.96,36.01,35.9,35.93,64840
2011-02-10 22:00:00,35.92,36.11,35.91,36.0,248860
2011-02-11 16:00:00,35.83,35.95,35.83,35.93,18820
2011-02-11 17:00:00,35.94,36.11,35.93,36.05,60710
2011-02-11 18:00:00,36.05,36.32,36.03,36.28,68760
2011-02-11 19:00:00,36.28,36.31,35.62,35.8,236810
2011-02-11 20:00:00,35.79,35.99,35.68,35.68,91420
2011-02-11 21:00:00,35.68,36.04,35.68,36.02,93440
2011-02-11 22:00:00,36.01,36.14,35.98,36.11,87330
2011-02-14 16:00:00,36.14,36.24,35.91,36.09,27730
2011-02-14 17:00:00,36.09,36.1,35.96,36.03,36210
2011-02-14 18:00:00,36.04,36.25,36.04,36.24,64700
2011-02-14 19:00:00,36.24,36.3,36.13,36.25,69790
2011-02-14 20:00:00,36.24,36.3,36.17,36.21,22370
2011-02-14 21:00:00,36.22,36.24,36.14,36.22,73280
2011-02-14 22:00:00,36.22,36.3,36.17,36.26,96760
2011-02-15 16:00:00,36.04,36.28,35.92,36.16,42910
2011-02-15 17:00:00,36.18,36.38,36.13,36.22,79300
2011-02-15 18:00:00,36.2,36.23,36.13,36.18,27870
2011-02-15 19:00:00,36.18,36.28,36.16,36.24,92790
2011-02-15 20:00:00,36.23,36.23,35.94,36.07,35140
2011-02-15 21:00:00,36.09,36.12,35.97,35.98,65420
2011-02-15 22:00:00,35.97,36.01,35.92,36.0,123000
2011-02-16 16:00:00,36.38,36.38,36.12,36.37,27730
2011-02-16 17:00:00,36.38,36.38,36.05,36.28,81590
2011-02-16 18:00:00,36.27,36.29,36.14,36.24,274580
2011-02-16 19:00:00,36.25,36.25,36.13,36.2,346140
2011-02-16 20:00:00,36.19,36.21,36.12,36.19,33300
2011-02-16 21:00:00,36.19,36.28,36.17,36.2,51320
2011-02-16 22:00:00,36.2,36.25,36.18,36.22,181590
2011-02-17 16:00:00,36.1,36.13,35.87,36.06,15260
2011-02-17 17:00:00,36.08,36.33,36.04,36.31,154410
2011-02-17 18:00:00,36.31,36.5,36.2,36.48,83100
2011-02-17 19:00:00,36.46,36.71,36.46,36.65,68630
2011-02-17 20:00:00,36.64,36.65,36.43,36.5,41510
2011-02-17 21:00:00,36.5,36.6,36.47,36.5,76990
2011-02-17 22:00:00,36.51,36.55,36.38,36.39,84810
2011-02-18 16:00:00,36.48,36.51,36.28,36.29,30580
2011-02-18 17:00:00,36.29,36.42,36.24,36.34,70370
2011-02-18 18:00:00,36.33,36.76,36.32,36.75,76500
2011-02-18 19:00:00,36.77,36.87,36.71,36.77,58490
2011-02-18 20:00:00,36.76,36.86,36.73,36.83,142200
2011-02-18 21:00:00,36.83,36.84,36.75,36.8,155110
2011-02-18 22:00:00,36.79,36.94,36.77,36.93,574490
2011-02-22 16:00:00,36.27,36.76,36.06,36.76,230920
2011-02-22 17:00:00,36.72,37.05,36.69,36.92,197690
2011-02-22 18:00:00,36.93,37.04,36.56,36.58,151690
2011-02-22 19:00:00,36.57,36.6,36.43,36.5,234560
2011-02-22 20:00:00,36.5,36.54,36.33,36.43,217420
2011-02-22 21:00:00,36.43,36.48,36.29,36.4,201980
2011-02-22 22:00:00,36.39,36.49,36.27,36.39,289630
2011-02-23 16:00:00,36.3,36.53,36.14,36.23,61420
2011-02-23 17:00:00,36.23,36.39,36.09,36.29,210620
2011-02-23 18:00:00,36.29,36.33,36.17,36.18,175030
2011-02-23 19:00:00,36.16,36.26,35.84,35.93,454980
2011-02-23 20:00:00,35.94,36.1,35.71,35.95,232290
2011-02-23 21:00:00,35.94,36.01,35.59,35.87,146490
2011-02-23 22:00:00,35.89,36.03,35.84,35.96,219920
2011-02-24 16:00:00,35.93,36.25,35.86,36.19,75210
2011-02-24 17:00:00,36.19,36.59,36.06,36.22,89450
2011-02-24 18:00:00,36.22,36.22,35.88,35.98,112520
2011-02-24 19:00:00,35.97,36.16,35.89,36.09,187930
2011-02-24 20:00:00,36.08,36.11,35.73,35.75,159000
2011-02-24 21:00:00,35.76,36.0,35.76,35.99,108800
2011-02-24 22:00:00,35.99,36.04,35.91,36.0,174450
2011-02-25 16:00:00,36.19,36.32,35.95,36.27,39060
2011-02-25 17:00:00,36.26,36.47,36.15,36.17,61690
2011-02-25 18:00:00,36.18,36.27,36.09,36.12,131640
2011-02-25 19:00:00,36.1,36.26,36.06,36.15,59370
2011-02-25 20:00:00,36.14,36.23,36.12,36.13,119380
2011-02-25 21:00:00,36.13,36.2,36.11,36.14,78430
2011-02-25 22:00:00,36.14,36.19,36.08,36.1,238720
2011-02-28 16:00:00,36.42,36.44,36.06,36.33,79900
2011-02-28 17:00:00,36.33,36.44,36.21,36.26,142480
2011-02-28 18:00:00,36.27,36.3,36.12,36.21,106600
2011-02-28 19:00:00,36.21,36.22,35.83,35.95,178820
2011-02-28 20:00:00,35.95,36.02,35.88,35.9,63030
2011-02-28 21:00:00,35.89,35.9,35.68,35.75,108590
2011-02-28 22:00:00,35.76,35.76,35.4,35.5,315890
2011-03-01 16:00:00,35.53,35.71,35.09,35.14,57850
2011-03-01 17:00:00,35.09,35.19,34.63,35.14,203930
2011-03-01 18:00:00,35.14,35.25,34.99,35.04,201700
2011-03-01 19:00:00,35.03,35.09,34.84,34.99,85970
2011-03-01 20:00:00,34.98,35.0,34.78,34.88,94970
2011-03-01 21:00:00,34.87,34.87,34.56,34.67,125750
2011-03-01 22:00:00,34.67,34.97,34.59,34.79,257930
2011-03-02 16:00:00,34.77,35.11,34.77,35.02,23510
2011-03-02 17:00:00,35.07,35.34,35.0,35.25,161970
2011-03-02 18:00:00,35.26,35.26,34.84,34.85,74170
2011-03-02 19:00:00,34.84,35.06,34.82,35.06,68980
2011-03-02 20:00:00,35.06,35.13,34.98,35.06,74270
2011-03-02 21:00:00,35.07,35.14,35.01,35.08,142060
2011-03-02 22:00:00,35.08,35.1,34.96,35.01,383320
2011-03-03 16:00:00,35.22,35.82,35.22,35.53,40940
2011-03-03 17:00:00,35.55,35.68,35.46,35.61,105660
2011-03-03 18:00:00,35.61,35.66,35.51,35.59,67360
2011-03-03 19:00:00,35.59,35.65,35.55,35.57,52140
2011-03-03 20:00:00,35.57,35.65,35.56,35.59,47660
2011-03-03 21:00:00,35.59,35.65,35.56,35.62,141510
2011-03-03 22:00:00,35.62,35.8,35.6,35.73,185250
2011-03-04 16:00:00,35.83,35.83,35.19,35.64,73700
2011-03-04 17:00:00,35.68,35.69,35.53,35.56,62710
2011-03-04 18:00:00,35.55,35.55,35.37,35.38,45490
2011-03-04 19:00:00,35.38,35.45,35.04,35.09,74020
2011-03-04 20:00:00,35.11,35.17,34.99,35.17,43770
2011-03-04 21:00:00,35.17,35.17,35.03,35.12,42850
2011-03-04 22:00:00,35.12,35.3,34.99,35.25,126580
2011-03-07 16:00:00,35.38,35.66,35.35,35.46,58690
2011-03-07 17:00:00,35.43,35.46,35.0,35.03,37230
2011-03-07 18:00:00,35.01,35.01,34.62,34.71,36830
2011-03-07 19:00:00,34.7,34.85,34.6,34.63,51010
2011-03-07 20:00:00,34.64,34.78,34.58,34.75,85750
2011-03-07 21:00:00,34.75,34.88,34.69,34.85,104240
2011-03-07 22:00:00,34.83,35.15,34.81,34.96,190500
2011-03-08 16:00:00,34.96,35.21,34.87,35.06,23780
2011-03-08 17:00:00,35.07,35.64,35.07,35.57,124100
2011-03-08 18:00:00,35.56,35.84,35.52,35.84,45880
2011-03-08 19:00:00,35.83,35.86,35.61,35.61,32040
2011-03-08 20:00:00,35.6,35.69,35.56,35.64,43690
2011-03-08 21:00:00,35.67,35.68,35.42,35.63,52550
2011-03-08 22:00:00,35.61,35.61,35.4,35.46,166040
2011-03-09 16:00:00,35.4,35.42,35.06,35.29,61560
2011-03-09 17:00:00,35.32,35.46,35.15,35.16,46400
2011-03-09 18:00:00,35.12,35.48,35.04,35.44,51890
2011-03-09 19:00:00,35.47,35.54,35.39,35.46,41790
2011-03-09 20:00:00,35.46,35.51,35.37,35.43,45120
2011-03-09 21:00:00,35.44,35.48,35.29,35.42,55950
2011-03-09 22:00:00,35.42,35.51,35.31,35.5,182420
2011-03-10 16:00:00,35.0,35.06,34.6,34.75,47820
2011-03-10 17:00:00,34.78,34.92,34.78,34.89,102500
2011-03-10 18:00:00,34.87,34.87,34.64,34.83,23930
2011-03-10 19:00:00,34.84,34.9,34.68,34.81,40410
2011-03-10 20:00:00,34.83,34.88,34.55,34.57,44770
2011-03-10 21:00:00,34.59,34.7,34.56,34.69,100130
2011-03-10 22:00:00,34.68,34.72,34.5,34.59,375790
2011-03-11 16:00:00,34.45,34.9,34.45,34.76,39850
2011-03-11 17:00:00,34.73,35.01,34.65,34.97,96090
2011-03-11 18:00:00,35.02,35.19,34.93,35.17,62600
2011-03-11 19:00:00,35.18,35.31,35.16,35.28,98550
2011-03-11 20:00:00,35.28,35.28,35.13,35.25,51420
2011-03-11 21:00:00,35.25,35.31,35.22,35.22,102110
2011-03-11 22:00:00,35.22,35.29,35.21,35.27,212160
2011-03-14 16:00:00,34.87,35.42,34.87,35.3,77100
2011-03-14 17:00:00,35.29,35.35,35.08,35.19,135750
2011-03-14 18:00:00,35.17,35.2,35.03,35.06,111510
2011-03-14 19:00:00,35.06,35.07,34.82,34.88,78330
2011-03-14 20:00:00,34.88,34.88,34.73,34.8,50250
2011-03-14 21:00:00,34.8,34.9,34.79,34.79,25640
2011-03-14 22:00:00,34.8,35.11,34.76,35.04,204770
2011-03-15 16:00:00,34.14,34.17,33.56,33.56,123250
2011-03-15 17:00:00,33.54,33.66,33.43,33.59,201100
2011-03-15 18:00:00,33.6,33.93,33.55,33.93,112080
2011-03-15 19:00:00,33.92,34.1,33.86,33.98,47110
2011-03-15 20:00:00,33.97,34.16,33.89,34.16,72720
2011-03-15 21:00:00,34.17,34.46,34.15,34.42,126240
2011-03-15 22:00:00,34.41,34.61,34.23,34.24,335750
2011-03-16 16:00:00,34.13,34.24,33.87,34.11,82010
2011-03-16 17:00:00,34.11,34.57,34.09,34.38,106710
2011-03-16 18:00:00,34.38,34.43,33.7,33.82,192820
2011-03-16 19:00:00,33.82,34.11,33.7,34.06,68830
2011-03-16 20:00:00,34.06,34.23,34.05,34.1,121880
2011-03-16 21:00:00,34.1,34.22,33.82,34.14,173550
2011-03-16 22:00:00,34.13,34.24,33.89,33.91,208410
2011-03-17 16:00:00,34.41,34.63,34.09,34.17,58660
2011-03-17 17:00:00,34.28,34.51,34.15,34.39,151590
2011-03-17 18:00:00,34.39,34.48,34.23,34.36,82350
2011-03-17 19:00:00,34.37,34.45,34.37,34.44,37000
2011-03-17 20:00:00,34.42,34.49,34.23,34.28,37330
2011-03-17 21:00:00,34.26,34.34,34.24,34.25,53850
2011-03-17 22:00:00,34.24,34.42,34.21,34.32,160230
2011-03-18 16:00:00,34.68,34.78,34.47,34.49,117260
2011-03-18 17:00:00,34.49,34.66,34.24,34.64,113910
2011-03-18 18:00:00,34.67,34.8,34.6,34.74,50010
2011-03-18 19:00:00,34.73,34.8,34.65,34.72,33630
2011-03-18 20:00:00,34.71,34.97,34.71,34.96,54370
2011-03-18 21:00:00,34.95,35.16,34.82,35.02,112370
2011-03-18 22:00:00,35.01,35.08,34.89,35.06,195210
2011-03-21 16:00:00,35.49,35.86,35.37,35.83,51450
2011-03-21 17:00:00,35.83,36.13,35.75,36.04,94740
2011-03-21 18:00:00,36.04,36.06,35.75,35.76,43630
2011-03-21 19:00:00,35.75,35.81,35.71,35.78,33970
2011-03-21 20:00:00,35.78,35.79,35.68,35.74,28760
2011-03-21 21:00:00,35.74,35.82,35.71,35.78,51330
2011-03-21 22:00:00,35.77,35.8,35.69,35.75,134720
2011-03-22 16:00:00,35.73,35.88,35.65,35.65,27930
2011-03-22 17:00:00,35.67,35.79,35.59,35.69,64770
2011-03-22 18:00:00,35.65,35.73,35.6,35.66,35020
2011-03-22 19:00:00,35.67,35.68,35.56,35.6,22900
2011-03-22 20:00:00,35.59,35.59,35.49,35.55,28930
2011-03-22 21:00:00,35.54,35.57,35.46,35.57,42540
2011-03-22 22:00:00,35.56,35.61,35.51,35.54,112460
2011-03-23 16:00:00,35.42,35.42,35.27,35.33,10480
2011-03-23 17:00:00,35.26,35.37,35.16,35.34,38550
2011-03-23 18:00:00,35.34,35.59,35.32,35.53,32390
2011-03-23 19:00:00,35.55,35.64,35.47,35.56,18440
2011-03-23 20:00:00,35.57,35.66,35.53,35.62,14430
2011-03-23 21:00:00,35.59,35.74,35.55,35.74,22610
2011-03-23 22:00:00,35.74,35.81,35.64,35.65,68250
2011-03-24 16:00:00,35.71,35.82,35.42,35.61,37570
2011-03-24 17:00:00,35.61,35.86,35.54,35.86,45580
2011-03-24 18:00:00,35.82,35.98,35.82,35.91,46610
2011-03-24 19:00:00,35.92,36.0,35.88,35.92,33220
2011-03-24 20:00:00,35.93,35.99,35.88,35.97,19690
2011-03-24 21:00:00,35.97,35.98,35.83,35.87,40370
2011-03-24 22:00:00,35.85,36.04,35.84,36.01,55580
2011-03-25 16:00:00,36.06,36.07,35.88,35.98,24730
2011-03-25 17:00:00,35.97,36.63,35.96,36.59,150180
2011-03-25 18:00:00,36.62,36.66,36.48,36.53,47440
2011-03-25 19:00:00,36.52,36.69,36.52,36.63,26580
2011-03-25 20:00:00,36.63,36.67,36.51,36.51,37930
2011-03-25 21:00:00,36.53,36.61,36.5,36.53,48110
2011-03-25 22:00:00,36.54,36.64,36.43,36.56,177260
2011-03-28 16:00:00,36.57,36.62,36.31,36.62,20410
2011-03-28 17:00:00,36.62,36.71,36.5,36.55,54480
2011-03-28 18:00:00,36.55,36.62,36.42,36.5,40270
2011-03-28 19:00:00,36.53,36.54,36.43,36.5,30790
2011-03-28 20:00:00,36.49,36.51,36.37,36.44,41830
2011-03-28 21:00:00,36.44,36.55,36.4,36.47,43080
2011-03-28 22:00:00,36.48,36.5,36.33,36.46,110180
2011-03-29 16:00:00,36.35,36.61,36.26,36.59,22690
2011-03-29 17:00:00,36.57,36.89,36.56,36.75,40120
2011-03-29 18:00:00,36.77,36.87,36.76,36.84,42220
2011-03-29 19:00:00,36.83,36.86,36.72,36.73,23000
2011-03-29 20:00:00,36.73,36.76,36.67,36.68,33020
2011-03-29 21:00:00,36.68,36.73,36.56,36.69,44280
2011-03-29 22:00:00,36.67,36.74,36.61,36.7,73520
2011-03-30 16:00:00,36.84,36.84,36.7,36.83,12080
2011-03-30 17:00:00,36.83,36.84,36.63,36.75,32950
2011-03-30 18:00:00,36.77,36.79,36.64,36.65,60250
2011-03-30 19:00:00,36.65,36.67,36.4,36.46,71300
2011-03-30 20:00:00,36.47,36.55,36.37,36.37,42720
2011-03-30 21:00:00,36.4,36.47,36.25,36.25,90920
2011-03-30 22:00:00,36.24,36.34,36.17,36.27,197520
2011-03-31 16:00:00,36.23,36.41,36.14,36.23,86360
2011-03-31 17:00:00,36.23,36.56,36.11,36.53,78010
2011-03-31 18:00:00,36.54,36.63,36.45,36.53,57070
2011-03-31 19:00:00,36.53,36.63,36.48,36.6,77400
2011-03-31 20:00:00,36.59,36.63,36.44,36.59,70760
2011-03-31 21:00:00,36.6,36.73,36.57,36.72,72790
2011-03-31 22:00:00,36.73,36.83,36.69,36.81,181140
2011-04-01 16:00:00,37.0,37.01,36.83,36.98,13910
2011-04-01 17:00:00,36.97,37.11,36.97,37.09,50530
2011-04-01 18:00:00,37.1,37.36,37.07,37.34,64590
2011-04-01 19:00:00,37.35,37.41,37.31,37.41,40240
2011-04-01 20:00:00,37.41,37.96,37.4,37.84,121250
2011-04-01 21:00:00,37.85,37.99,37.72,37.98,148840
2011-04-01 22:00:00,37.99,38.23,37.92,38.17,306530
2011-04-04 16:00:00,38.18,38.51,38.01,38.31,66450
2011-04-04 17:00:00,38.34,38.43,38.16,38.31,127740
2011-04-04 18:00:00,38.3,38.32,37.93,38.01,95620
2011-04-04 19:00:00,38.02,38.03,37.9,37.96,46000
2011-04-04 20:00:00,37.99,38.18,37.81,38.02,88990
2011-04-04 21:00:00,38.03,38.29,37.91,38.03,101620
2011-04-04 22:00:00,38.04,38.37,37.99,38.22,215930
2011-04-05 16:00:00,38.21,38.23,37.86,37.86,34600
2011-04-05 17:00:00,37.87,37.91,37.75,37.83,48300
2011-04-05 18:00:00,37.83,37.88,37.67,37.79,41620
2011-04-05 19:00:00,37.79,37.86,37.69,37.7,35700
2011-04-05 20:00:00,37.7,37.71,37.62,37.64,53300
2011-04-05 21:00:00,37.64,37.81,37.56,37.65,149480
2011-04-05 22:00:00,37.65,37.67,37.4,37.46,251360
2011-04-06 16:00:00,37.55,37.67,37.46,37.51,77010
2011-04-06 17:00:00,37.51,37.62,37.41,37.49,84980
2011-04-06 18:00:00,37.5,37.56,37.4,37.4,45960
2011-04-06 19:00:00,37.41,37.55,37.41,37.51,30900
2011-04-06 20:00:00,37.52,37.57,37.51,37.57,59160
2011-04-06 21:00:00,37.56,37.62,37.55,37.58,46970
2011-04-06 22:00:00,37.58,37.65,37.55,37.59,133890
2011-04-07 16:00:00,37.48,37.99,37.45,37.97,34880
2011-04-07 17:00:00,38.0,38.09,37.52,37.8,63320
2011-04-07 18:00:00,37.79,37.81,37.54,37.77,71720
2011-04-07 19:00:00,37.77,37.87,37.69,37.81,37830
2011-04-07 20:00:00,37.8,37.82,37.52,37.6,24950
2011-04-07 21:00:00,37.62,37.65,37.49,37.56,98390
2011-04-07 22:00:00,37.54,37.61,37.4,37.42,135200
2011-04-08 16:00:00,37.46,37.6,37.26,37.33,16190
2011-04-08 17:00:00,37.34,37.38,37.07,37.11,45100
2011-04-08 18:00:00,37.09,37.18,37.03,37.05,30410
2011-04-08 19:00:00,37.06,37.1,36.91,36.92,24500
2011-04-08 20:00:00,36.92,36.98,36.9,36.91,27340
2011-04-08 21:00:00,36.93,36.98,36.66,36.66,51040
2011-04-08 22:00:00,36.67,36.8,36.62,36.66,141790
2011-04-11 16:00:00,36.84,36.97,36.69,36.8,20530
2011-04-11 17:00:00,36.8,36.85,36.52,36.55,37640
2011-04-11 18:00:00,36.57,36.63,36.33,36.35,29110
2011-04-11 19:00:00,36.35,36.46,36.3,36.31,22120
2011-04-11 20:00:00,36.3,36.35,36.19,36.31,22870
2011-04-11 21:00:00,36.32,36.46,36.29,36.31,53630
2011-04-11 22:00:00,36.31,36.45,36.27,36.44,109080
2011-04-12 16:00:00,36.27,36.34,36.08,36.11,10720
2011-04-12 17:00:00,36.11,36.24,35.94,36.01,33350
2011-04-12 18:00:00,36.01,36.13,35.98,36.01,29270
2011-04-12 19:00:00,36.02,36.24,35.99,36.18,74720
2011-04-12 20:00:00,36.21,36.28,36.12,36.26,36910
2011-04-12 21:00:00,36.27,36.35,36.11,36.12,45920
2011-04-12 22:00:00,36.14,36.24,36.13,36.17,111130
2011-04-13 16:00:00,36.32,36.43,36.2,36.27,8780
2011-04-13 17:00:00,36.3,36.44,36.2,36.21,32900
2011-04-13 18:00:00,36.21,36.21,35.89,35.92,23520
2011-04-13 19:00:00,35.89,36.0,35.75,35.8,19500
2011-04-13 20:00:00,35.8,35.86,35.7,35.7,9470
2011-04-13 21:00:00,35.71,35.93,35.67,35.85,30900
2011-04-13 22:00:00,35.84,35.9,35.69,35.73,70940
2011-04-14 16:00:00,35.42,35.42,35.1,35.27,40670
2011-04-14 17:00:00,35.27,35.45,35.21,35.27,62020
2011-04-14 18:00:00,35.26,35.31,35.13,35.17,69070
2011-04-14 19:00:00,35.18,35.19,35.04,35.07,62930
2011-04-14 20:00:00,35.07,35.11,35.0,35.03,107110
2011-04-14 21:00:00,35.04,35.18,35.04,35.07,87890
2011-04-14 22:00:00,35.07,35.13,34.95,34.96,168130
2011-04-15 16:00:00,35.01,35.12,34.82,34.87,16940
2011-04-15 17:00:00,34.87,34.94,34.68,34.76,45100
2011-04-15 18:00:00,34.78,34.86,34.71,34.81,89640
2011-04-15 19:00:00,34.82,34.87,34.79,34.84,62850
2011-04-15 20:00:00,34.86,34.89,34.83,34.85,18840
2011-04-15 21:00:00,34.84,34.87,34.84,34.85,36540
2011-04-15 22:00:00,34.85,34.86,34.77,34.83,123590
2011-04-18 16:00:00,34.43,34.43,34.21,34.23,26920
2011-04-18 17:00:00,34.22,34.25,33.94,33.98,97150
2011-04-18 18:00:00,33.96,33.99,33.73,33.82,70170
2011-04-18 19:00:00,33.82,33.86,33.73,33.75,71180
2011-04-18 20:00:00,33.74,33.78,33.7,33.76,51260
2011-04-18 21:00:00,33.75,33.9,33.74,33.86,134320
2011-04-18 22:00:00,33.87,33.93,33.8,33.86,160410
2011-04-19 16:00:00,33.88,34.13,33.88,33.94,113560
2011-04-19 17:00:00,33.94,33.98,33.71,33.8,75390
2011-04-19 18:00:00,33.8,33.82,33.64,33.7,59120
2011-04-19 19:00:00,33.7,33.77,33.64,33.67,44570
2011-04-19 20:00:00,33.7,33.81,33.67,33.75,82270
2011-04-19 21:00:00,33.75,33.86,33.74,33.84,59090
2011-04-19 22:00:00,33.84,34.05,33.83,34.01,321650
2011-04-20 16:00:00,34.59,34.59,34.11,34.19,21650
2011-04-20 17:00:00,34.19,34.24,34.11,34.22,67270
2011-04-20 18:00:00,34.23,34.23,34.1,34.1,46990
2011-04-20 19:00:00,34.12,34.17,34.0,34.01,60960
2011-04-20 20:00:00,34.03,34.05,33.91,33.93,55430
2011-04-20 21:00:00,33.93,33.94,33.9,33.92,68010
2011-04-20 22:00:00,33.91,33.95,33.89,33.95,143370
2011-04-21 16:00:00,34.06,34.11,33.88,34.02,43750
2011-04-21 17:00:00,34.0,34.12,33.93,33.94,125450
2011-04-21 18:00:00,33.95,34.02,33.92,34.0,67850
2011-04-21 19:00:00,33.99,34.01,33.96,33.99,46340
2011-04-21 20:00:00,33.99,34.01,33.98,34.0,34340
2011-04-21 21:00:00,33.99,34.02,33.98,34.0,44740
2011-04-21 22:00:00,34.0,34.09,34.0,34.06,143180
2011-04-25 16:00:00,35.02,35.02,33.98,34.13,26590
2011-04-25 17:00:00,34.13,34.15,33.95,34.0,72040
2011-04-25 18:00:00,34.0,34.11,33.9,34.06,66130
2011-04-25 19:00:00,34.06,34.19,34.06,34.07,42520
2011-04-25 20:00:00,34.08,34.15,34.04,34.11,27030
2011-04-25 21:00:00,34.11,34.2,34.11,34.14,83870
2011-04-25 22:00:00,34.13,34.28,34.03,34.26,166720
2011-04-26 16:00:00,34.27,34.45,34.26,34.41,52650
2011-04-26 17:00:00,34.41,34.58,34.35,34.56,68170
2011-04-26 18:00:00,34.54,34.68,34.48,34.54,105970
2011-04-26 19:00:00,34.54,34.6,34.54,34.58,121950
2011-04-26 20:00:00,34.57,34.6,34.53,34.55,81030
2011-04-26 21:00:00,34.55,34.6,34.54,34.54,35070
2011-04-26 22:00:00,34.55,34.6,34.47,34.6,141810
2011-04-27 16:00:00,34.7,34.74,34.52,34.59,28780
2011-04-27 17:00:00,34.57,34.59,34.31,34.32,66320
2011-04-27 18:00:00,34.34,34.38,34.33,34.35,35690
2011-04-27 19:00:00,34.34,34.76,34.34,34.74,136940
2011-04-27 20:00:00,34.74,34.85,34.73,34.77,117390
2011-04-27 21:00:00,34.76,34.95,34.76,34.9,115670
2011-04-27 22:00:00,34.9,35.34,34.89,35.26,240580
2011-04-28 16:00:00,35.26,35.66,35.18,35.18,79020
2011-04-28 17:00:00,35.18,35.54,35.17,35.49,76970
2011-04-28 18:00:00,35.48,35.52,35.44,35.5,67300
2011-04-28 19:00:00,35.5,35.52,35.44,35.47,58250
2011-04-28 20:00:00,35.48,35.54,35.44,35.51,80310
2011-04-28 21:00:00,35.53,35.69,35.51,35.53,104680
2011-04-28 22:00:00,35.53,35.56,35.29,35.43,210330
2011-04-29 16:00:00,35.37,35.55,35.25,35.37,16210
2011-04-29 17:00:00,35.36,35.7,35.36,35.67,108700
2011-04-29 18:00:00,35.67,35.67,35.49,35.53,24960
2011-04-29 19:00:00,35.52,35.62,35.51,35.58,27830
2011-04-29 20:00:00,35.57,35.62,35.51,35.57,52300
2011-04-29 21:00:00,35.56,35.62,35.49,35.57,57890
2011-04-29 22:00:00,35.56,35.56,35.36,35.47,138030
2011-05-02 16:00:00,35.66,35.77,35.53,35.56,24140
2011-05-02 17:00:00,35.57,35.63,35.44,35.6,66520
2011-05-02 18:00:00,35.61,35.66,35.52,35.52,51200
2011-05-02 19:00:00,35.5,35.54,35.39,35.41,62280
2011-05-02 20:00:00,35.42,35.46,35.36,35.45,48380
2011-05-02 21:00:00,35.45,35.51,35.42,35.45,76440
2011-05-02 22:00:00,35.45,35.46,35.3,35.36,102100
2011-05-03 16:00:00,35.23,35.36,35.1,35.2,61020
2011-05-03 17:00:00,35.2,35.25,34.87,35.01,86790
2011-05-03 18:00:00,35.0,35.0,34.84,34.92,31490
2011-05-03 19:00:00,34.92,34.98,34.76,34.78,35730
2011-05-03 20:00:00,34.77,34.8,34.67,34.71,59370
2011-05-03 21:00:00,34.71,34.72,34.6,34.61,93930
2011-05-03 22:00:00,34.62,34.99,34.62,34.97,155890
2011-05-04 16:00:00,34.92,35.13,34.92,34.97,72180
2011-05-04 17:00:00,34.99,35.02,34.82,35.0,482220
2011-05-04 18:00:00,35.0,35.12,34.87,35.05,67880
2011-05-04 19:00:00,35.06,35.06,34.79,34.94,63890
2011-05-04 20:00:00,34.94,35.28,34.93,35.27,98600
2011-05-04 21:00:00,35.27,35.7,35.21,35.63,152760
2011-05-04 22:00:00,35.63,35.8,35.55,35.77,355030
2011-05-05 16:00:00,35.5,36.2,35.34,36.16,98320
2011-05-05 17:00:00,36.15,37.01,36.15,36.45,420840
2011-05-05 18:00:00,36.45,36.49,36.19,36.43,113720
2011-05-05 19:00:00,36.43,36.81,36.37,36.81,87590
2011-05-05 20:00:00,36.8,37.01,36.75,36.98,89180
2011-05-05 21:00:00,36.96,36.96,36.69,36.8,87900
2011-05-05 22:00:00,36.81,36.81,36.3,36.61,259010
2011-05-06 16:00:00,37.18,38.49,37.18,38.48,92610
2011-05-06 17:00:00,38.49,38.62,37.81,38.2,131320
2011-05-06 18:00:00,38.18,38.21,37.86,37.92,75950
2011-05-06 19:00:00,37.91,37.92,37.41,37.55,68560
2011-05-06 20:00:00,37.57,37.89,37.46,37.51,100660
2011-05-06 21:00:00,37.52,37.78,37.3,37.3,133750
2011-05-06 22:00:00,37.3,37.59,37.27,37.42,229830
2011-05-09 16:00:00,37.43,37.52,37.28,37.42,20930
2011-05-09 17:00:00,37.42,37.77,37.39,37.51,69740
2011-05-09 18:00:00,37.51,37.75,37.48,37.72,27520
2011-05-09 19:00:00,37.71,37.8,37.63,37.68,32090
2011-05-09 20:00:00,37.69,37.8,37.69,37.72,26210
2011-05-09 21:00:00,37.72,37.85,37.71,37.81,56690
2011-05-09 22:00:00,37.81,37.83,37.54,37.63,111280
2011-05-10 16:00:00,37.67,38.09,37.64,38.08,36970
2011-05-10 17:00:00,38.08,38.09,37.95,38.02,49980
2011-05-10 18:00:00,38.03,38.08,37.89,37.94,20410
2011-05-10 19:00:00,37.96,38.01,37.93,37.95,18720
2011-05-10 20:00:00,37.96,38.01,37.81,37.83,32400
2011-05-10 21:00:00,37.84,38.0,37.78,38.0,30220
2011-05-10 22:00:00,37.99,38.05,37.91,38.0,96490
2011-05-11 16:00:00,38.01,38.09,37.82,38.07,13610
2011-05-11 17:00:00,38.08,38.09,37.87,37.92,42120
2011-05-11 18:00:00,37.92,37.97,37.82,37.83,18490
2011-05-11 19:00:00,37.81,37.81,37.43,37.56,41880
2011-05-11 20:00:00,37.57,37.58,37.3,37.43,54390
2011-05-11 21:00:00,37.42,37.73,37.4,37.68,58000
2011-05-11 22:00:00,37.68,37.84,37.68,37.8,106410
2011-05-12 16:00:00,37.57,37.94,37.39,37.79,42070
2011-05-12 17:00:00,37.78,37.84,37.6,37.67,46130
2011-05-12 18:00:00,37.67,37.85,37.62,37.78,32240
2011-05-12 19:00:00,37.79,37.85,37.73,37.83,27720
2011-05-12 20:00:00,37.85,38.0,37.83,37.88,42100
2011-05-12 21:00:00,37.88,37.89,37.8,37.84,61670
2011-05-12 22:00:00,37.83,37.99,37.82,37.95,82120
2011-05-13 16:00:00,37.9,37.99,37.82,37.95,20880
2011-05-13 17:00:00,37.95,38.09,37.86,37.99,151580
2011-05-13 18:00:00,37.99,37.99,37.57,37.58,59520
2011-05-13 19:00:00,37.59,37.64,37.24,37.26,62320
2011-05-13 20:00:00,37.26,37.28,37.1,37.14,42130
2011-05-13 21:00:00,37.14,37.24,37.08,37.14,74710
2011-05-13 22:00:00,37.14,37.22,36.96,37.01,154200
2011-05-16 16:00:00,36.92,36.92,36.76,36.84,20960
2011-05-16 17:00:00,36.93,37.13,36.9,37.07,41410
2011-05-16 18:00:00,37.07,37.2,36.95,36.97,32250
2011-05-16 19:00:00,36.98,37.06,36.91,36.94,20300
2011-05-16 20:00:00,36.91,37.16,36.84,37.14,37580
2011-05-16 21:00:00,37.13,37.18,36.84,36.87,49300
2011-05-16 22:00:00,36.88,36.93,36.62,36.69,163460
2011-05-17 16:00:00,36.48,36.51,36.36,36.47,27960
2011-05-17 17:00:00,36.46,36.52,36.18,36.21,36550
2011-05-17 18:00:00,36.21,36.22,35.99,36.04,43560
2011-05-17 19:00:00,36.02,36.22,35.96,36.07,48010
2011-05-17 20:00:00,36.06,36.11,35.99,36.05,51720
2011-05-17 21:00:00,36.07,36.19,35.94,36.19,79030
2011-05-17 22:00:00,36.19,36.31,36.07,36.28,133930
2011-05-18 16:00:00,36.29,36.82,36.27,36.73,27520
2011-05-18 17:00:00,36.73,36.84,36.58,36.7,26310
2011-05-18 18:00:00,36.72,36.82,36.65,36.8,18760
2011-05-18 19:00:00,36.8,36.84,36.74,36.83,21300
2011-05-18 20:00:00,36.83,37.1,36.82,37.09,18590
2011-05-18 21:00:00,37.08,37.15,36.98,36.99,34650
2011-05-18 22:00:00,37.0,37.11,36.98,37.11,74080
2011-05-19 16:00:00,37.23,37.33,37.11,37.26,11220
2011-05-19 17:00:00,37.21,37.21,36.54,36.62,62260
2011-05-19 18:00:00,36.62,36.86,36.57,36.86,24350
2011-05-19 19:00:00,36.85,37.1,36.83,37.09,24830
2011-05-19 20:00:00,37.1,37.23,37.1,37.21,34100
2011-05-19 21:00:00,37.21,37.23,36.9,36.93,58510
2011-05-19 22:00:00,36.93,36.95,36.76,36.79,118760
2011-05-20 16:00:00,36.77,36.85,36.63,36.66,11710
2011-05-20 17:00:00,36.65,36.68,36.42,36.42,117220
2011-05-20 18:00:00,36.43,36.53,36.4,36.49,80970
2011-05-20 19:00:00,36.5,36.76,36.42,36.73,248410
2011-05-20 20:00:00,36.73,36.95,36.73,36.92,24160
2011-05-20 21:00:00,36.94,36.97,36.72,36.75,37100
2011-05-20 22:00:00,36.74,36.75,36.47,36.56,150060
2011-05-23 16:00:00,36.07,36.07,35.73,36.03,18530
2011-05-23 17:00:00,36.01,36.36,35.97,36.28,80620
2011-05-23 18:00:00,36.28,36.32,36.11,36.19,33420
2011-05-23 19:00:00,36.19,36.2,36.08,36.18,33830
2011-05-23 20:00:00,36.19,36.25,36.15,36.25,36960
2011-05-23 21:00:00,36.23,36.44,36.21,36.37,37830
2011-05-23 22:00:00,36.36,36.41,36.2,36.28,171100
2011-05-24 16:00:00,36.42,36.42,36.16,36.31,15600
2011-05-24 17:00:00,36.36,36.42,36.23,36.23,45130
2011-05-24 18:00:00,36.25,36.3,36.08,36.08,53080
2011-05-24 19:00:00,36.08,36.24,36.07,36.17,164410
2011-05-24 20:00:00,36.18,36.21,36.12,36.18,34120
2011-05-24 21:00:00,36.18,36.24,36.16,36.2,17990
2011-05-24 22:00:00,36.21,36.37,36.2,36.34,104740
2011-05-25 16:00:00,36.18,36.41,36.07,36.39,9800
2011-05-25 17:00:00,36.38,36.55,36.29,36.46,38520
2011-05-25 18:00:00,36.46,36.59,36.45,36.54,29330
2011-05-25 19:00:00,36.53,36.69,36.51,36.63,94660
2011-05-25 20:00:00,36.63,36.68,36.6,36.65,26600
2011-05-25 21:00:00,36.65,36.68,36.64,36.67,41760
2011-05-25 22:00:00,36.66,36.69,36.54,36.61,146760
2011-05-26 16:00:00,36.44,36.46,36.35,36.4,8760
2011-05-26 17:00:00,36.38,36.49,36.33,36.35,37530
2011-05-26 18:00:00,36.34,36.48,36.34,36.46,20920
2011-05-26 19:00:00,36.43,36.49,36.39,36.48,30870
2011-05-26 20:00:00,36.47,36.64,36.45,36.61,40020
2011-05-26 21:00:00,36.62,36.79,36.62,36.77,30610
2011-05-26 22:00:00,36.8,36.86,36.7,36.85,155350
2011-05-27 16:00:00,36.9,37.02,36.84,36.92,17770
2011-05-27 17:00:00,36.9,36.95,36.84,36.94,38790
2011-05-27 18:00:00,36.94,37.05,36.94,37.02,22210
2011-05-27 19:00:00,37.03,37.04,36.95,36.95,19980
2011-05-27 20:00:00,36.96,37.01,36.94,36.99,14800
2011-05-27 21:00:00,36.98,37.07,36.97,37.0,49260
2011-05-27 22:00:00,36.99,37.06,36.97,37.05,81640
2011-05-31 16:00:00,37.36,37.36,37.0,37.02,40350
2011-05-31 17:00:00,36.99,37.1,36.85,37.08,60440
2011-05-31 18:00:00,37.09,37.33,37.09,37.23,49450
2011-05-31 19:00:00,37.23,37.34,37.18,37.26,57830
2011-05-31 20:00:00,37.26,37.44,37.26,37.42,50500
2011-05-31 21:00:00,37.42,37.59,37.42,37.55,72180
2011-05-31 22:00:00,37.56,37.78,37.54,37.77,147900
2011-06-01 16:00:00,37.64,37.64,37.23,37.25,29800
2011-06-01 17:00:00,37.32,37.47,37.19,37.44,44360
2011-06-01 18:00:00,37.42,37.49,37.39,37.45,39430
2011-06-01 19:00:00,37.45,37.48,37.34,37.47,78830
2011-06-01 20:00:00,37.48,37.52,37.38,37.52,69030
2011-06-01 21:00:00,37.52,37.56,37.31,37.39,105850
2011-06-01 22:00:00,37.39,37.41,36.99,37.05,168640
2011-06-02 16:00:00,37.0,37.23,36.89,37.23,19630
2011-06-02 17:00:00,37.24,37.25,37.0,37.1,24680
2011-06-02 18:00:00,37.1,37.14,37.04,37.13,57130
2011-06-02 19:00:00,37.12,37.25,37.07,37.23,41290
2011-06-02 20:00:00,37.22,37.28,37.14,37.28,37630
2011-06-02 21:00:00,37.26,37.29,37.15,37.25,39850
2011-06-02 22:00:00,37.24,37.26,37.14,37.24,127410
2011-06-03 16:00:00,36.68,36.74,36.55,36.61,17180
2011-06-03 17:00:00,36.57,36.86,36.57,36.71,111920
2011-06-03 18:00:00,36.7,36.8,36.63,36.67,58320
2011-06-03 19:00:00,36.68,36.89,36.65,36.82,34650
2011-06-03 20:00:00,36.85,36.9,36.72,36.72,19510
2011-06-03 21:00:00,36.74,36.8,36.64,36.64,31700
2011-06-03 22:00:00,36.64,36.67,36.5,36.54,149040
2011-06-06 16:00:00,36.38,36.58,36.28,36.39,30440
2011-06-06 17:00:00,36.41,36.43,36.11,36.27,29240
2011-06-06 18:00:00,36.27,36.42,36.24,36.33,17710
2011-06-06 19:00:00,36.31,36.39,36.28,36.3,22560
2011-06-06 20:00:00,36.29,36.34,36.16,36.19,18140
2011-06-06 21:00:00,36.16,36.24,36.14,36.16,44810
2011-06-06 22:00:00,36.18,36.21,35.97,36.15,164460
2011-06-07 16:00:00,36.24,36.24,35.8,36.03,36870
2011-06-07 17:00:00,36.02,36.35,35.98,36.33,30310
2011-06-07 18:00:00,36.32,36.39,36.2,36.39,80190
2011-06-07 19:00:00,36.38,36.51,36.35,36.51,47610
2011-06-07 20:00:00,36.5,36.58,36.47,36.55,37320
2011-06-07 21:00:00,36.56,36.78,36.55,36.74,65640
2011-06-07 22:00:00,36.74,36.82,36.63,36.65,197540
2011-06-08 16:00:00,36.48,36.57,36.35,36.36,9220
2011-06-08 17:00:00,36.36,36.58,36.35,36.52,24280
2011-06-08 18:00:00,36.55,36.57,36.35,36.53,29850
2011-06-08 19:00:00,36.55,36.55,36.41,36.53,93000
2011-06-08 20:00:00,36.52,36.56,36.33,36.34,21340
2011-06-08 21:00:00,36.35,36.49,36.3,36.37,43530
2011-06-08 22:00:00,36.36,36.41,36.27,36.37,149090
2011-06-09 16:00:00,36.49,36.49,36.15,36.26,26480
2011-06-09 17:00:00,36.33,36.75,36.28,36.75,83230
2011-06-09 18:00:00,36.73,36.73,36.52,36.68,28100
2011-06-09 19:00:00,36.66,36.84,36.65,36.8,29130
2011-06-09 20:00:00,36.81,36.85,36.77,36.84,18440
2011-06-09 21:00:00,36.83,36.94,36.76,36.93,45330
2011-06-09 22:00:00,36.94,37.0,36.83,36.96,156300
2011-06-10 16:00:00,36.68,36.84,36.59,36.81,27520
2011-06-10 17:00:00,36.81,36.94,36.75,36.85,86230
2011-06-10 18:00:00,36.84,36.87,36.74,36.85,59140
2011-06-10 19:00:00,36.85,36.93,36.79,36.91,38600
2011-06-10 20:00:00,36.91,36.91,36.8,36.84,61860
2011-06-10 21:00:00,36.84,37.12,36.83,37.12,86860
2011-06-10 22:00:00,37.12,37.14,36.98,37.03,208990
2011-06-13 16:00:00,37.0,37.4,36.83,37.36,39860
2011-06-13 17:00:00,37.35,37.38,37.18,37.23,67480
2011-06-13 18:00:00,37.23,37.43,37.2,37.24,66600
2011-06-13 19:00:00,37.25,37.4,37.21,37.38,66010
2011-06-13 20:00:00,37.36,37.44,37.18,37.44,121710
2011-06-13 21:00:00,37.42,37.51,37.29,37.3,78000
2011-06-13 22:00:00,37.3,37.39,37.28,37.36,189170
2011-06-14 16:00:00,37.88,38.04,37.53,37.94,172370
2011-06-14 17:00:00,37.95,38.0,37.59,37.63,55330
2011-06-14 18:00:00,37.63,37.73,37.6,37.73,53210
2011-06-14 19:00:00,37.73,37.85,37.68,37.83,30660
2011-06-14 20:00:00,37.81,37.82,37.61,37.69,66120
2011-06-14 21:00:00,37.69,37.74,37.65,37.68,39460
2011-06-14 22:00:00,37.68,37.81,37.67,37.77,143530
2011-06-15 16:00:00,37.47,37.68,37.33,37.63,24050
2011-06-15 17:00:00,37.6,37.86,37.57,37.82,213830
2011-06-15 18:00:00,37.8,37.9,37.7,37.74,112740
2011-06-15 19:00:00,37.75,37.83,37.68,37.69,104270
2011-06-15 20:00:00,37.7,37.73,37.55,37.63,72300
2011-06-15 21:00:00,37.62,37.71,37.57,37.62,193390
2011-06-15 22:00:00,37.62,37.67,37.5,37.62,340850
2011-06-16 16:00:00,37.56,37.78,37.39,37.77,48320
2011-06-16 17:00:00,37.76,38.04,37.67,38.03,134540
2011-06-16 18:00:00,38.02,38.09,37.97,38.07,116320
2011-06-16 19:00:00,38.08,38.08,38.01,38.05,88500
2011-06-16 20:00:00,38.04,38.17,37.96,38.01,143740
2011-06-16 21:00:00,38.01,38.01,37.59,37.61,135560
2011-06-16 22:00:00,37.61,37.95,37.58,37.92,158940
2011-06-17 16:00:00,38.25,38.25,37.79,37.79,142000
2011-06-17 17:00:00,37.8,37.85,37.4,37.49,58420
2011-06-17 18:00:00,37.49,37.5,37.28,37.3,37620
2011-06-17 19:00:00,37.3,37.4,37.2,37.3,42550
2011-06-17 20:00:00,37.3,37.3,37.15,37.21,52060
2011-06-17 21:00:00,37.21,37.35,37.18,37.27,74300
2011-06-17 22:00:00,37.27,37.34,37.18,37.3,209710
2011-06-20 16:00:00,37.11,37.36,37.05,37.36,22370
2011-06-20 17:00:00,37.33,37.49,37.26,37.44,39890
2011-06-20 18:00:00,37.44,37.66,37.41,37.66,58310
2011-06-20 19:00:00,37.66,37.66,37.46,37.48,58960
2011-06-20 20:00:00,37.48,37.52,37.39,37.47,136950
2011-06-20 21:00:00,37.49,37.57,37.44,37.46,62760
2011-06-20 22:00:00,37.45,37.49,37.22,37.46,126880
2011-06-21 16:00:00,37.59,38.1,37.55,37.97,184200
2011-06-21 17:00:00,37.99,38.29,37.96,38.11,122880
2011-06-21 18:00:00,38.11,38.31,38.08,38.27,36290
2011-06-21 19:00:00,38.29,38.45,38.28,38.41,84560
2011-06-21 20:00:00,38.41,38.47,38.22,38.22,42980
2011-06-21 21:00:00,38.22,38.26,38.17,38.22,55480
2011-06-21 22:00:00,38.21,38.21,38.11,38.19,142730
2011-06-22 16:00:00,37.92,38.32,37.8,38.3,16820
2011-06-22 17:00:00,38.29,38.29,38.01,38.07,41470
2011-06-22 18:00:00,38.07,38.07,38.01,38.03,54870
2011-06-22 19:00:00,38.03,38.08,37.98,38.07,48510
2011-06-22 20:00:00,38.05,38.22,38.05,38.18,168060
2011-06-22 21:00:00,38.17,38.18,38.01,38.02,102170
2011-06-22 22:00:00,38.02,38.05,37.8,37.83,120790
2011-06-23 16:00:00,37.41,37.41,37.0,37.11,31800
2011-06-23 17:00:00,37.12,37.27,36.96,37.08,64800
2011-06-23 18:00:00,37.08,37.27,37.07,37.27,50400
2011-06-23 19:00:00,37.27,37.53,37.27,37.53,44330
2011-06-23 20:00:00,37.53,37.57,37.43,37.47,33120
2011-06-23 21:00:00,37.48,37.52,37.24,37.52,58520
2011-06-23 22:00:00,37.52,37.53,37.17,37.34,294910
2011-06-24 16:00:00,37.4,37.46,37.28,37.34,12130
2011-06-24 17:00:00,37.34,37.36,36.91,37.12,71580
2011-06-24 18:00:00,37.13,37.2,37.08,37.14,35430
2011-06-24 19:00:00,37.15,37.17,36.95,36.97,36170
2011-06-24 20:00:00,36.98,37.07,36.92,37.0,99450
2011-06-24 21:00:00,37.01,37.05,36.96,36.99,109970
2011-06-24 22:00:00,37.0,37.17,36.8,36.88,286370
2011-06-27 16:00:00,36.96,37.11,36.7,36.86,32440
2011-06-27 17:00:00,36.87,37.41,36.87,37.37,36740
2011-06-27 18:00:00,37.36,37.36,37.21,37.3,18760
2011-06-27 19:00:00,37.3,37.46,37.27,37.43,22300
2011-06-27 20:00:00,37.42,37.47,37.38,37.44,32040
2011-06-27 21:00:00,37.45,37.6,37.45,37.51,26100
2011-06-27 22:00:00,37.51,37.68,37.48,37.58,180930
2011-06-28 16:00:00,37.58,37.99,37.48,37.99,26170
2011-06-28 17:00:00,37.94,38.01,37.87,37.91,35910
2011-06-28 18:00:00,37.91,38.01,37.89,37.99,25450
2011-06-28 19:00:00,38.0,38.02,37.86,37.89,105040
2011-06-28 20:00:00,37.88,37.92,37.83,37.9,33380
2011-06-28 21:00:00,37.9,37.95,37.87,37.91,112070
2011-06-28 22:00:00,37.91,37.94,37.86,37.92,137570
2011-06-29 16:00:00,38.11,38.11,37.78,37.99,24140
2011-06-29 17:00:00,38.01,38.18,37.85,37.99,69890
2011-06-29 18:00:00,37.99,37.99,37.87,37.92,38640
2011-06-29 19:00:00,37.92,37.95,37.88,37.9,57030
2011-06-29 20:00:00,37.89,37.93,37.86,37.88,52170
2011-06-29 21:00:00,37.88,37.94,37.82,37.89,80900
2011-06-29 22:00:00,37.89,37.96,37.87,37.9,170230
2011-06-30 16:00:00,37.93,38.02,37.82,37.89,31960
2011-06-30 17:00:00,37.91,38.05,37.9,38.03,161910
2011-06-30 18:00:00,38.04,38.12,37.93,38.06,86520
2011-06-30 19:00:00,38.06,38.06,37.92,37.99,67010
2011-06-30 20:00:00,37.99,37.99,37.82,37.93,61140
2011-06-30 21:00:00,37.92,38.0,37.86,37.9,85690
2011-06-30 22:00:00,37.91,37.93,37.68,37.69,236900
2011-07-01 16:00:00,37.82,38.04,37.78,37.84,46510
2011-07-01 17:00:00,37.84,38.08,37.78,37.86,102030
2011-07-01 18:00:00,37.86,37.91,37.82,37.83,105680
2011-07-01 19:00:00,37.83,37.91,37.81,37.89,66360
2011-07-01 20:00:00,37.89,37.96,37.83,37.89,99910
2011-07-01 21:00:00,37.89,37.92,37.87,37.9,110230
2011-07-01 22:00:00,37.9,37.93,37.86,37.91,236080
2011-07-05 16:00:00,37.93,38.06,37.84,37.9,93680
2011-07-05 17:00:00,37.9,37.97,37.81,37.91,167710
2011-07-05 18:00:00,37.91,37.94,37.86,37.91,80990
2011-07-05 19:00:00,37.91,38.01,37.89,37.99,38020
2011-07-05 20:00:00,38.0,38.01,37.98,38.01,59290
2011-07-05 21:00:00,38.01,38.03,37.95,38.01,130380
2011-07-05 22:00:00,38.01,38.07,37.99,38.01,201800
2011-07-06 16:00:00,38.04,38.04,37.84,37.87,43270
2011-07-06 17:00:00,37.87,37.97,37.83,37.97,83660
2011-07-06 18:00:00,37.97,38.14,37.92,38.14,43570
2011-07-06 19:00:00,38.13,38.46,38.07,38.45,68460
2011-07-06 20:00:00,38.43,38.7,38.42,38.68,59370
2011-07-06 21:00:00,38.69,38.72,38.65,38.66,206940
2011-07-06 22:00:00,38.67,38.7,38.59,38.6,189890
2011-07-07 16:00:00,38.92,39.02,38.81,38.85,35070
2011-07-07 17:00:00,38.86,38.91,38.66,38.73,43770
2011-07-07 18:00:00,38.71,38.77,38.67,38.7,15530
2011-07-07 19:00:00,38.67,38.77,38.67,38.69,39180
2011-07-07 20:00:00,38.68,38.72,38.62,38.68,238690
2011-07-07 21:00:00,38.68,38.81,38.66,38.78,55100
2011-07-07 22:00:00,38.79,38.84,38.65,38.75,130570
2011-07-08 16:00:00,38.29,38.67,38.13,38.65,22820
2011-07-08 17:00:00,38.63,38.64,38.44,38.64,46690
2011-07-08 18:00:00,38.63,38.68,38.5,38.65,34040
2011-07-08 19:00:00,38.62,38.66,38.53,38.56,18180
2011-07-08 20:00:00,38.53,38.66,38.52,38.61,21270
2011-07-08 21:00:00,38.6,38.79,38.59,38.79,47450
2011-07-08 22:00:00,38.79,38.92,38.76,38.89,124980
2011-07-11 16:00:00,38.4,38.4,38.18,38.32,67690
2011-07-11 17:00:00,38.32,38.33,37.9,37.92,90420
2011-07-11 18:00:00,37.91,37.98,37.75,37.92,48890
2011-07-11 19:00:00,37.92,37.92,37.8,37.83,23700
2011-07-11 20:00:00,37.83,37.85,37.72,37.8,19900
2011-07-11 21:00:00,37.76,37.8,37.62,37.68,34680
2011-07-11 22:00:00,37.67,37.8,37.64,37.71,158470
2011-07-12 16:00:00,37.62,37.71,37.5,37.71,18110
2011-07-12 17:00:00,37.73,37.87,37.65,37.7,31880
2011-07-12 18:00:00,37.69,37.84,37.66,37.78,20740
2011-07-12 19:00:00,37.78,37.81,37.7,37.75,39100
2011-07-12 20:00:00,37.78,37.84,37.74,37.75,16100
2011-07-12 21:00:00,37.75,37.98,37.75,37.79,23280
2011-07-12 22:00:00,37.79,37.83,37.68,37.75,113290
2011-07-13 16:00:00,37.86,38.04,37.59,37.59,38280
2011-07-13 17:00:00,37.61,38.05,37.61,38.0,48800
2011-07-13 18:00:00,38.01,38.25,37.98,38.16,24750
2011-07-13 19:00:00,38.2,38.23,38.12,38.15,14720
2011-07-13 20:00:00,38.15,38.16,38.01,38.04,12860
2011-07-13 21:00:00,38.01,38.02,37.93,37.99,37220
2011-07-13 22:00:00,37.99,38.01,37.82,37.9,196730
2011-07-14 16:00:00,37.84,38.12,37.82,38.12,17140
2011-07-14 17:00:00,38.15,38.23,37.92,37.93,41190
2011-07-14 18:00:00,37.95,38.02,37.78,37.8,25340
2011-07-14 19:00:00,37.8,37.8,37.45,37.48,33900
2011-07-14 20:00:00,37.47,37.52,37.27,37.44,21080
2011-07-14 21:00:00,37.47,37.53,37.2,37.22,90710
2011-07-14 22:00:00,37.24,37.3,37.13,37.16,78420
2011-07-15 16:00:00,37.37,37.4,36.97,37.0,25970
2011-07-15 17:00:00,36.98,37.14,36.83,36.9,36350
2011-07-15 18:00:00,36.91,37.08,36.9,37.0,47710
2011-07-15 19:00:00,37.01,37.12,36.97,37.05,26550
2011-07-15 20:00:00,37.03,37.04,36.97,37.0,33840
2011-07-15 21:00:00,37.0,37.06,36.97,37.03,44680
2011-07-15 22:00:00,37.03,37.19,37.01,37.17,65220
2011-07-18 16:00:00,37.08,37.08,36.55,36.57,25450
2011-07-18 17:00:00,36.55,36.58,36.4,36.48,44210
2011-07-18 18:00:00,36.48,36.7,36.41,36.45,31170
2011-07-18 19:00:00,36.47,36.47,36.33,36.42,23620
2011-07-18 20:00:00,36.4,36.53,36.3,36.52,32180
2011-07-18 21:00:00,36.52,36.52,36.43,36.46,26170
2011-07-18 22:00:00,36.5,36.54,36.42,36.5,73970
2011-07-19 16:00:00,36.66,37.18,36.66,37.15,14350
2011-07-19 17:00:00,37.18,37.21,37.08,37.13,24460
2011-07-19 18:00:00,37.09,37.11,36.98,37.01,28720
2011-07-19 19:00:00,37.0,37.05,36.98,37.01,39240
2011-07-19 20:00:00,37.01,37.19,36.98,37.1,32380
2011-07-19 21:00:00,37.1,37.15,37.01,37.15,42830
2011-07-19 22:00:00,37.15,37.44,37.15,37.39,140500
2011-07-20 16:00:00,37.51,37.51,37.21,37.33,31710
2011-07-20 17:00:00,37.32,37.33,37.14,37.33,62730
2011-07-20 18:00:00,37.32,37.34,37.24,37.32,37000
2011-07-20 19:00:00,37.3,37.44,37.26,37.38,56630
2011-07-20 20:00:00,37.38,37.53,37.31,37.53,19020
2011-07-20 21:00:00,37.51,37.57,37.46,37.52,27540
2011-07-20 22:00:00,37.53,37.55,37.46,37.49,86310
2011-07-21 16:00:00,37.62,37.94,37.58,37.86,20750
2011-07-21 17:00:00,37.85,38.38,37.81,38.25,51760
2011-07-21 18:00:00,38.24,38.31,38.08,38.12,37360
2011-07-21 19:00:00,38.1,38.23,38.09,38.15,27010
2011-07-21 20:00:00,38.17,38.18,38.1,38.16,20280
2011-07-21 21:00:00,38.16,38.2,38.08,38.14,25800
2011-07-21 22:00:00,38.13,38.23,38.1,38.18,75740
2011-07-22 16:00:00,38.06,38.07,37.81,37.89,8010
2011-07-22 17:00:00,37.9,38.09,37.88,38.02,15800
2011-07-22 18:00:00,38.02,38.04,37.92,38.0,15800
2011-07-22 19:00:00,37.98,38.09,37.97,38.09,17570
2011-07-22 20:00:00,38.07,38.08,38.02,38.06,9500
2011-07-22 21:00:00,38.05,38.07,38.01,38.01,9650
2011-07-22 22:00:00,38.02,38.04,37.91,37.93,43600
2011-07-25 16:00:00,37.56,37.59,37.35,37.39,7500
2011-07-25 17:00:00,37.45,37.54,37.3,37.54,35190
2011-07-25 18:00:00,37.54,37.61,37.5,37.6,9090
2011-07-25 19:00:00,37.63,37.78,37.6,37.74,10050
2011-07-25 20:00:00,37.76,38.09,37.75,37.99,41120
2011-07-25 21:00:00,37.99,38.03,37.88,37.91,38240
2011-07-25 22:00:00,37.9,37.9,37.7,37.73,74170
2011-07-26 16:00:00,37.76,37.76,37.32,37.43,18310
2011-07-26 17:00:00,37.42,37.5,37.23,37.45,29730
2011-07-26 18:00:00,37.47,37.59,37.44,37.56,33180
2011-07-26 19:00:00,37.56,37.59,37.47,37.5,14180
2011-07-26 20:00:00,37.52,37.52,37.32,37.36,38820
2011-07-26 21:00:00,37.36,37.43,37.34,37.34,29390
2011-07-26 22:00:00,37.34,37.37,37.08,37.12,102760
2011-07-27 16:00:00,36.89,36.9,36.37,36.43,31050
2011-07-27 17:00:00,36.46,36.52,36.0,36.24,61750
2011-07-27 18:00:00,36.23,36.23,36.03,36.09,46270
2011-07-27 19:00:00,36.1,36.13,36.03,36.03,24860
2011-07-27 20:00:00,36.05,36.11,35.9,35.9,48720
2011-07-27 21:00:00,35.92,35.95,35.55,35.61,60960
2011-07-27 22:00:00,35.62,35.69,35.45,35.46,186200
2011-07-28 16:00:00,35.45,35.52,35.32,35.42,37000
2011-07-28 17:00:00,35.45,35.55,35.32,35.54,134200
2011-07-28 18:00:00,35.56,36.13,35.56,36.02,62370
2011-07-28 19:00:00,36.01,36.01,35.9,35.9,43020
2011-07-28 20:00:00,35.9,36.06,35.89,36.04,111450
2011-07-28 21:00:00,36.05,36.16,35.77,35.9,96490
2011-07-28 22:00:00,35.9,36.05,35.78,35.9,437680
2011-07-29 16:00:00,35.47,35.66,35.25,35.62,25710
2011-07-29 17:00:00,35.63,36.31,35.59,36.27,55790
2011-07-29 18:00:00,36.26,36.44,36.05,36.13,111480
2011-07-29 19:00:00,36.14,36.14,35.71,35.78,71220
2011-07-29 20:00:00,35.79,35.88,35.73,35.81,221230
2011-07-29 21:00:00,35.81,35.87,35.69,35.69,89370
2011-07-29 22:00:00,35.69,35.7,35.47,35.5,280260
2011-08-01 16:00:00,35.86,35.89,35.59,35.59,44980
2011-08-01 17:00:00,35.58,35.74,35.36,35.6,362640
2011-08-01 18:00:00,35.6,35.65,35.23,35.31,153180
2011-08-01 19:00:00,35.31,35.46,35.23,35.31,41960
2011-08-01 20:00:00,35.29,35.42,35.25,35.39,34700
2011-08-01 21:00:00,35.39,35.61,35.36,35.61,124950
2011-08-01 22:00:00,35.62,35.79,35.53,35.79,158800
2011-08-02 16:00:00,35.48,36.01,35.48,35.75,15740
2011-08-02 17:00:00,35.74,35.86,35.38,35.45,79840
2011-08-02 18:00:00,35.45,35.46,35.16,35.22,22150
2011-08-02 19:00:00,35.22,35.25,34.98,35.04,227980
2011-08-02 20:00:00,35.04,35.15,34.93,34.95,93000
2011-08-02 21:00:00,34.93,35.01,34.75,34.83,35550
2011-08-02 22:00:00,34.83,34.83,34.4,34.43,151520
2011-08-03 16:00:00,34.27,34.55,33.95,34.15,70290
2011-08-03 17:00:00,34.13,34.33,34.09,34.3,167270
2011-08-03 18:00:00,34.29,34.45,34.26,34.42,37780
2011-08-03 19:00:00,34.4,34.4,34.17,34.27,26590
2011-08-03 20:00:00,34.22,34.66,34.15,34.59,23810
2011-08-03 21:00:00,34.6,34.99,34.6,34.94,105820
2011-08-03 22:00:00,34.95,35.18,34.78,34.92,223350
2011-08-04 16:00:00,34.47,35.0,34.35,34.88,53800
2011-08-04 17:00:00,34.85,35.1,34.14,34.19,99450
2011-08-04 18:00:00,34.21,34.46,33.81,33.84,252270
2011-08-04 19:00:00,33.87,34.29,33.75,34.2,92330
2011-08-04 20:00:00,34.2,34.28,34.0,34.0,64200
2011-08-04 21:00:00,33.98,34.81,33.91,34.53,201320
2011-08-04 22:00:00,34.52,34.55,33.92,33.96,505090
2011-08-05 16:00:00,34.42,34.42,32.12,32.55,159850
2011-08-05 17:00:00,32.61,33.72,32.58,33.4,126760
2011-08-05 18:00:00,33.39,33.39,32.43,32.55,151630
2011-08-05 19:00:00,32.48,33.56,32.25,33.47,107310
2011-08-05 20:00:00,33.44,33.66,33.19,33.56,225080
2011-08-05 21:00:00,33.55,33.58,32.99,33.07,122600
2011-08-05 22:00:00,33.09,33.13,32.81,32.97,290940
2011-08-08 16:00:00,32.06,32.66,31.55,32.13,91350
2011-08-08 17:00:00,32.12,32.13,31.38,31.53,96880
2011-08-08 18:00:00,31.49,31.79,31.35,31.57,178790
2011-08-08 19:00:00,31.57,31.57,31.1,31.17,87440
2011-08-08 20:00:00,31.18,31.27,30.75,30.75,130980
2011-08-08 21:00:00,30.75,30.94,30.11,30.87,319320
2011-08-08 22:00:00,30.86,31.55,30.36,30.36,421140
2011-08-09 16:00:00,30.98,31.38,30.67,31.27,178400
2011-08-09 17:00:00,31.35,32.09,31.32,31.81,291830
2011-08-09 18:00:00,31.83,32.32,31.71,32.2,82940
2011-08-09 19:00:00,32.22,32.27,31.98,32.04,145560
2011-08-09 20:00:00,32.02,32.03,31.25,31.39,142140
2011-08-09 21:00:00,31.4,31.72,30.85,31.6,354760
2011-08-09 22:00:00,31.58,33.7,31.46,33.69,561820
2011-08-10 16:00:00,32.8,33.05,32.32,32.65,119050
2011-08-10 17:00:00,32.55,32.69,31.97,32.41,218840
2011-08-10 18:00:00,32.33,32.96,32.15,32.96,129630
2011-08-10 19:00:00,32.95,33.23,32.71,33.0,155810
2011-08-10 20:00:00,32.98,33.21,32.74,33.18,159720
2011-08-10 21:00:00,33.17,33.5,33.04,33.18,148870
2011-08-10 22:00:00,33.14,33.22,32.26,32.31,427640
2011-08-11 16:00:00,32.5,33.18,32.35,32.53,61380
2011-08-11 17:00:00,32.51,33.41,32.4,33.0,265930
2011-08-11 18:00:00,32.98,33.1,32.7,32.79,116490
2011-08-11 19:00:00,32.81,33.17,32.58,33.12,82670
2011-08-11 20:00:00,33.1,33.43,32.99,33.43,105790
2011-08-11 21:00:00,33.41,33.49,33.15,33.46,106780
2011-08-11 22:00:00,33.45,34.05,33.42,33.69,309450
2011-08-12 16:00:00,33.72,34.02,33.39,33.51,128650
2011-08-12 17:00:00,33.5,33.67,33.23,33.31,64110
2011-08-12 18:00:00,33.31,33.86,33.27,33.8,48110
2011-08-12 19:00:00,33.84,33.89,33.68,33.71,35650
2011-08-12 20:00:00,33.73,33.73,33.53,33.66,38510
2011-08-12 21:00:00,33.67,33.84,33.5,33.54,65990
2011-08-12 22:00:00,33.52,33.75,33.52,33.63,120540
2011-08-15 16:00:00,33.93,34.25,33.93,34.04,11520
2011-08-15 17:00:00,34.09,34.3,34.02,34.24,81490
2011-08-15 18:00:00,34.26,34.3,33.98,34.26,68510
2011-08-15 19:00:00,34.27,34.53,34.23,34.5,48930
2011-08-15 20:00:00,34.49,34.59,34.24,34.56,43220
2011-08-15 21:00:00,34.59,34.93,34.56,34.83,160200
2011-08-15 22:00:00,34.81,35.14,34.76,35.13,368680
2011-08-16 16:00:00,34.74,34.96,34.43,34.78,140550
2011-08-16 17:00:00,34.82,34.86,34.59,34.86,174960
2011-08-16 18:00:00,34.86,34.86,34.39,34.54,83250
2011-08-16 19:00:00,34.55,34.84,34.49,34.53,124830
2011-08-16 20:00:00,34.51,34.67,34.29,34.59,144910
2011-08-16 21:00:00,34.6,34.93,34.44,34.62,269550
2011-08-16 22:00:00,34.62,34.85,34.53,34.63,156340
2011-08-17 16:00:00,34.72,34.87,34.65,34.71,39020
2011-08-17 17:00:00,34.72,34.78,34.44,34.47,31740
2011-08-17 18:00:00,34.44,34.58,34.16,34.24,16440
2011-08-17 19:00:00,34.21,34.23,34.03,34.09,24520
2011-08-17 20:00:00,34.04,34.12,33.83,33.88,37380
2011-08-17 21:00:00,33.85,33.99,33.76,33.84,91730
2011-08-17 22:00:00,33.84,34.06,33.81,34.05,139670
2011-08-18 16:00:00,32.87,32.98,32.55,32.91,55150
2011-08-18 17:00:00,32.91,32.91,32.08,32.61,124980
2011-08-18 18:00:00,32.59,32.61,32.36,32.45,243670
2011-08-18 19:00:00,32.47,32.51,32.3,32.32,79820
2011-08-18 20:00:00,32.31,32.34,32.0,32.02,93500
2011-08-18 21:00:00,32.03,32.24,32.0,32.0,141920
2011-08-18 22:00:00,32.0,32.37,31.95,32.23,686900
2011-08-19 16:00:00,31.65,32.29,31.2,32.28,71400
2011-08-19 17:00:00,32.28,32.61,32.08,32.25,80370
2011-08-19 18:00:00,32.25,32.32,31.91,32.1,46670
2011-08-19 19:00:00,32.12,32.12,31.94,31.96,33050
2011-08-19 20:00:00,31.95,31.98,31.72,31.74,50080
2011-08-19 21:00:00,31.75,31.76,31.35,31.39,114860
2011-08-19 22:00:00,31.4,31.53,31.28,31.33,251360
2011-08-22 16:00:00,32.15,32.15,31.64,31.79,23710
2011-08-22 17:00:00,31.81,31.97,31.5,31.5,35310
2011-08-22 18:00:00,31.49,31.55,30.98,31.08,59790
2011-08-22 19:00:00,31.1,31.55,31.09,31.53,35200
2011-08-22 20:00:00,31.53,31.56,31.24,31.36,57660
2011-08-22 21:00:00,31.37,31.46,31.27,31.31,60220
2011-08-22 22:00:00,31.32,31.55,31.27,31.43,174830
2011-08-23 16:00:00,31.6,31.95,31.43,31.82,36890
2011-08-23 17:00:00,31.82,32.3,31.82,32.02,40760
2011-08-23 18:00:00,32.04,32.59,32.03,32.5,61400
2011-08-23 19:00:00,32.53,32.61,32.36,32.55,61440
2011-08-23 20:00:00,32.55,32.63,32.21,32.44,37150
2011-08-23 21:00:00,32.36,32.68,32.33,32.67,76800
2011-08-23 22:00:00,32.67,33.15,32.67,33.14,203070
2011-08-24 16:00:00,33.12,33.7,32.95,33.7,25360
2011-08-24 17:00:00,33.7,33.79,33.18,33.21,65030
2011-08-24 18:00:00,33.21,33.22,32.99,33.06,31490
2011-08-24 19:00:00,33.02,33.02,32.74,32.9,48420
2011-08-24 20:00:00,32.9,33.03,32.82,32.97,68070
2011-08-24 21:00:00,32.98,32.98,32.77,32.88,67690
2011-08-24 22:00:00,32.89,33.14,32.83,32.85,308930
2011-08-25 16:00:00,33.2,33.63,32.78,32.94,31040
2011-08-25 17:00:00,32.83,32.86,32.25,32.45,37880
2011-08-25 18:00:00,32.46,32.68,32.41,32.65,56190
2011-08-25 19:00:00,32.66,32.72,32.48,32.71,141790
2011-08-25 20:00:00,32.73,32.9,32.68,32.86,12300
2011-08-25 21:00:00,32.89,33.01,32.67,32.67,33110
2011-08-25 22:00:00,32.67,33.11,32.64,32.66,170180
2011-08-26 16:00:00,32.38,32.63,32.19,32.58,27560
2011-08-26 17:00:00,32.54,33.39,32.19,32.8,112090
2011-08-26 18:00:00,32.79,33.44,32.73,33.44,108960
2011-08-26 19:00:00,33.44,33.82,33.41,33.55,54010
2011-08-26 20:00:00,33.53,33.82,33.47,33.76,51320
2011-08-26 21:00:00,33.73,33.81,33.49,33.63,67490
2011-08-26 22:00:00,33.61,33.61,33.31,33.58,158150
2011-08-29 16:00:00,34.04,34.39,34.04,34.29,21770
2011-08-29 17:00:00,34.25,34.56,34.24,34.29,56410
2011-08-29 18:00:00,34.33,34.58,34.19,34.56,47940
2011-08-29 19:00:00,34.57,34.68,34.5,34.64,43270
2011-08-29 20:00:00,34.62,34.9,34.62,34.82,36900
2011-08-29 21:00:00,34.82,35.06,34.82,35.0,60550
2011-08-29 22:00:00,34.98,35.25,34.98,35.24,172300
2011-08-30 16:00:00,34.96,35.06,34.54,34.65,48200
2011-08-30 17:00:00,34.62,34.62,34.34,34.38,86430
2011-08-30 18:00:00,34.4,34.57,34.33,34.52,160760
2011-08-30 19:00:00,34.5,34.54,34.27,34.41,101250
2011-08-30 20:00:00,34.4,34.52,34.36,34.41,125350
2011-08-30 21:00:00,34.41,34.48,34.33,34.43,93690
2011-08-30 22:00:00,34.43,34.69,34.38,34.46,170580
2011-08-31 16:00:00,34.72,34.95,34.57,34.64,79000
2011-08-31 17:00:00,34.7,34.8,34.64,34.71,252180
2011-08-31 18:00:00,34.69,34.73,34.54,34.54,28260
2011-08-31 19:00:00,34.57,34.75,34.54,34.75,41510
2011-08-31 20:00:00,34.75,34.9,34.64,34.65,39200
2011-08-31 21:00:00,34.7,34.7,34.22,34.3,28070
2011-08-31 22:00:00,34.32,34.67,34.23,34.57,94810
2011-09-01 16:00:00,34.64,34.78,34.27,34.46,14580
2011-09-01 17:00:00,34.43,34.61,34.18,34.22,162430
2011-09-01 18:00:00,34.22,34.54,34.18,34.51,49860
2011-09-01 19:00:00,34.51,34.52,34.28,34.28,41890
2011-09-01 20:00:00,34.31,34.34,33.89,33.91,80930
2011-09-01 21:00:00,33.89,33.97,33.68,33.94,129330
2011-09-01 22:00:00,33.91,34.05,33.77,33.84,141540
2011-09-02 16:00:00,33.15,33.43,32.98,33.39,22860
2011-09-02 17:00:00,33.43,33.67,33.13,33.16,81050
2011-09-02 18:00:00,33.15,33.33,33.1,33.1,63320
2011-09-02 19:00:00,33.12,33.17,32.95,32.96,43310
2011-09-02 20:00:00,32.98,32.98,32.58,32.61,79160
2011-09-02 21:00:00,32.61,32.64,32.38,32.39,80210
2011-09-02 22:00:00,32.4,32.72,32.34,32.49,250510
2011-09-06 16:00:00,31.24,31.62,30.98,31.37,135320
2011-09-06 17:00:00,31.4,31.5,31.09,31.28,155490
2011-09-06 18:00:00,31.3,31.56,31.21,31.37,96090
2011-09-06 19:00:00,31.39,31.55,31.32,31.47,58750
2011-09-06 20:00:00,31.46,31.71,31.43,31.61,70560
2011-09-06 21:00:00,31.62,31.82,31.39,31.42,91690
2011-09-06 22:00:00,31.42,31.76,31.26,31.67,322930
2011-09-07 16:00:00,32.09,32.7,32.08,32.69,74880
2011-09-07 17:00:00,32.68,32.9,32.57,32.62,153700
2011-09-07 18:00:00,32.62,32.93,32.6,32.73,70310
2011-09-07 19:00:00,32.73,33.01,32.7,32.97,53270
2011-09-07 20:00:00,32.99,33.11,32.93,33.06,53930
2011-09-07 21:00:00,33.05,33.17,32.94,33.17,97810
2011-09-07 22:00:00,33.16,33.42,33.06,33.41,267550
2011-09-08 16:00:00,33.07,33.36,32.81,32.81,66170
2011-09-08 17:00:00,32.78,33.2,32.71,33.17,65250
2011-09-08 18:00:00,33.21,33.26,32.84,32.88,58110
2011-09-08 19:00:00,32.87,32.88,32.7,32.87,43740
2011-09-08 20:00:00,32.86,32.86,32.45,32.59,64140
2011-09-08 21:00:00,32.56,32.63,32.38,32.48,72420
2011-09-08 22:00:00,32.48,32.65,32.26,32.44,196760
2011-09-09 16:00:00,32.16,32.27,31.68,31.96,24610
2011-09-09 17:00:00,31.96,32.55,31.96,32.41,61880
2011-09-09 18:00:00,32.39,32.49,31.82,31.82,193700
2011-09-09 19:00:00,31.83,31.89,31.58,31.85,46990
2011-09-09 20:00:00,31.85,31.95,31.51,31.54,208390
2011-09-09 21:00:00,31.54,31.64,31.38,31.51,246460
2011-09-09 22:00:00,31.5,31.78,31.46,31.69,540270
2011-09-12 16:00:00,31.21,31.88,31.18,31.84,47930
2011-09-12 17:00:00,31.84,31.94,31.39,31.42,83860
2011-09-12 18:00:00,31.39,31.86,31.37,31.65,44260
2011-09-12 19:00:00,31.68,31.78,31.57,31.74,44010
2011-09-12 20:00:00,31.74,31.82,31.46,31.53,91370
2011-09-12 21:00:00,31.51,31.72,31.29,31.4,51660
2011-09-12 22:00:00,31.46,32.18,31.39,32.18,131010
2011-09-13 16:00:00,32.22,32.42,32.02,32.42,47350
2011-09-13 17:00:00,32.42,32.54,32.25,32.29,32430
2011-09-13 18:00:00,32.27,32.34,32.08,32.31,18870
2011-09-13 19:00:00,32.25,32.44,32.14,32.4,36150
2011-09-13 20:00:00,32.43,32.51,32.3,32.46,43430
2011-09-13 21:00:00,32.46,32.56,32.33,32.4,60150
2011-09-13 22:00:00,32.41,32.46,32.12,32.4,201520
2011-09-14 16:00:00,32.64,32.71,32.4,32.51,11670
2011-09-14 17:00:00,32.45,32.46,32.01,32.32,41520
2011-09-14 18:00:00,32.29,32.65,32.24,32.6,117190
2011-09-14 19:00:00,32.6,32.74,32.51,32.66,35510
2011-09-14 20:00:00,32.67,32.97,32.63,32.79,28410
2011-09-14 21:00:00,32.81,33.1,32.81,33.04,123260
2011-09-14 22:00:00,33.05,33.45,33.05,33.14,212200
2011-09-15 16:00:00,32.58,33.09,32.41,32.41,84120
2011-09-15 17:00:00,32.38,32.55,31.7,32.07,280130
2011-09-15 18:00:00,32.07,32.24,32.01,32.12,93960
2011-09-15 19:00:00,32.12,32.31,32.1,32.18,103130
2011-09-15 20:00:00,32.18,32.39,32.18,32.39,99920
2011-09-15 21:00:00,32.4,32.8,32.4,32.74,597270
2011-09-15 22:00:00,32.75,32.8,32.46,32.54,305770
2011-09-16 16:00:00,32.77,32.78,32.55,32.63,270750
2011-09-16 17:00:00,32.61,32.62,32.2,32.3,50920
2011-09-16 18:00:00,32.33,32.71,32.29,32.63,84960
2011-09-16 19:00:00,32.63,32.67,32.5,32.67,88770
2011-09-16 20:00:00,32.69,32.7,32.42,32.55,65310
2011-09-16 21:00:00,32.54,32.61,32.31,32.54,112360
2011-09-16 22:00:00,32.54,32.62,32.45,32.61,186970
2011-09-19 16:00:00,31.95,32.11,31.34,31.43,36130
2011-09-19 17:00:00,31.39,31.58,31.37,31.44,55440
2011-09-19 18:00:00,31.41,31.76,31.4,31.6,69920
2011-09-19 19:00:00,31.59,31.6,31.19,31.3,86000
2011-09-19 20:00:00,31.3,31.52,31.26,31.52,45130
2011-09-19 21:00:00,31.51,31.52,31.3,31.35,67130
2011-09-19 22:00:00,31.35,31.6,31.29,31.33,185640
2011-09-20 16:00:00,31.48,31.63,31.14,31.63,96400
2011-09-20 17:00:00,31.67,31.72,31.46,31.6,69710
2011-09-20 18:00:00,31.6,31.64,31.42,31.55,44950
2011-09-20 19:00:00,31.54,31.56,31.36,31.49,203410
2011-09-20 20:00:00,31.49,31.56,31.41,31.51,51000
2011-09-20 21:00:00,31.5,31.51,31.3,31.35,72190
2011-09-20 22:00:00,31.36,31.41,30.93,30.95,151710
2011-09-21 16:00:00,31.0,31.18,30.9,31.16,31540
2011-09-21 17:00:00,31.17,31.23,30.66,30.66,33130
2011-09-21 18:00:00,30.7,31.13,30.64,30.94,52560
2011-09-21 19:00:00,30.93,30.96,30.7,30.76,47780
2011-09-21 20:00:00,30.8,30.92,30.77,30.79,31030
2011-09-21 21:00:00,30.8,30.97,30.55,30.58,96200
2011-09-21 22:00:00,30.59,30.75,29.64,29.68,217840
2011-09-22 16:00:00,28.66,29.09,28.55,28.84,36300
2011-09-22 17:00:00,28.86,29.46,28.85,29.05,76860
2011-09-22 18:00:00,29.06,29.23,28.95,28.95,48520
2011-09-22 19:00:00,28.92,29.33,28.83,29.31,96740
2011-09-22 20:00:00,29.33,29.34,28.73,28.78,68450
2011-09-22 21:00:00,28.78,29.38,28.77,29.04,174060
2011-09-22 22:00:00,29.01,29.27,28.81,29.19,397850
2011-09-23 16:00:00,28.95,29.39,28.84,29.25,38800
2011-09-23 17:00:00,29.3,29.43,28.87,29.39,95160
2011-09-23 18:00:00,29.34,29.62,29.33,29.58,63800
2011-09-23 19:00:00,29.59,29.7,29.41,29.48,106410
2011-09-23 20:00:00,29.5,29.9,29.43,29.76,170310
2011-09-23 21:00:00,29.79,29.87,29.41,29.43,214710
2011-09-23 22:00:00,29.44,29.67,29.34,29.67,335450
2011-09-26 16:00:00,30.08,30.42,29.99,30.03,94370
2011-09-26 17:00:00,30.03,30.34,30.0,30.34,207580
2011-09-26 18:00:00,30.33,30.67,30.25,30.62,69910
2011-09-26 19:00:00,30.62,30.67,29.01,30.49,106630
2011-09-26 20:00:00,30.48,30.61,30.27,30.47,106700
2011-09-26 21:00:00,30.44,31.01,30.44,30.99,136760
2011-09-26 22:00:00,30.98,31.62,30.98,31.61,271980
2011-09-27 16:00:00,32.27,32.44,31.71,32.11,49200
2011-09-27 17:00:00,32.13,32.54,31.93,32.52,128510
2011-09-27 18:00:00,32.52,32.57,32.18,32.39,89130
2011-09-27 19:00:00,32.37,32.69,32.32,32.53,57630
2011-09-27 20:00:00,32.52,33.02,32.5,32.88,117250
2011-09-27 21:00:00,32.86,32.9,32.42,32.52,93720
2011-09-27 22:00:00,32.55,32.55,31.96,32.2,427350
2011-09-28 16:00:00,32.22,32.46,31.79,32.37,43940
2011-09-28 17:00:00,32.34,32.37,31.97,32.28,147220
2011-09-28 18:00:00,32.24,32.24,31.58,32.02,80920
2011-09-28 19:00:00,32.0,32.04,31.74,31.92,42350
2011-09-28 20:00:00,31.93,31.93,31.47,31.52,69050
2011-09-28 21:00:00,31.51,31.55,31.34,31.5,53590
2011-09-28 22:00:00,31.51,31.77,31.14,31.34,616350
2011-09-29 16:00:00,31.76,32.32,31.76,32.08,53820
2011-09-29 17:00:00,32.06,32.09,31.74,31.87,180790
2011-09-29 18:00:00,31.87,32.06,31.78,31.96,151480
2011-09-29 19:00:00,31.99,32.02,31.66,31.75,61930
2011-09-29 20:00:00,31.73,31.82,31.28,31.47,85680
2011-09-29 21:00:00,31.47,31.53,30.91,31.15,87540
2011-09-29 22:00:00,31.17,31.9,30.96,31.89,219610
2011-09-30 16:00:00,31.73,31.73,30.93,30.93,34680
2011-09-30 17:00:00,30.83,31.13,30.55,30.85,231420
2011-09-30 18:00:00,30.86,31.25,30.85,31.04,48950
2011-09-30 19:00:00,31.03,31.1,30.81,30.9,50000
2011-09-30 20:00:00,30.9,31.1,30.84,31.04,44400
2011-09-30 21:00:00,31.04,31.06,30.78,30.87,70730
2011-09-30 22:00:00,30.87,30.94,30.31,30.33,266410
2011-10-03 16:00:00,30.01,30.18,29.37,29.5,99880
2011-10-03 17:00:00,29.48,30.02,29.44,29.58,140570
2011-10-03 18:00:00,29.54,29.75,29.42,29.55,84520
2011-10-03 19:00:00,29.55,29.6,28.86,28.89,162830
2011-10-03 20:00:00,28.89,28.91,28.41,28.49,141020
2011-10-03 21:00:00,28.49,28.59,28.2,28.32,262870
2011-10-03 22:00:00,28.31,28.5,27.94,27.95,368730
2011-10-04 16:00:00,27.67,28.08,27.53,28.01,160930
2011-10-04 17:00:00,28.02,28.48,27.86,28.34,191650
2011-10-04 18:00:00,28.31,28.55,28.07,28.25,166450
2011-10-04 19:00:00,28.24,28.42,28.03,28.2,188540
2011-10-04 20:00:00,28.19,28.22,27.97,28.06,82840
2011-10-04 21:00:00,28.04,28.21,27.77,27.78,164850
2011-10-04 22:00:00,27.79,28.91,27.71,28.87,350070
2011-10-05 16:00:00,28.88,28.88,28.34,28.45,71010
2011-10-05 17:00:00,28.43,29.54,28.4,29.54,286400
2011-10-05 18:00:00,29.53,29.73,29.33,29.46,156110
2011-10-05 19:00:00,29.48,29.5,29.0,29.18,129290
2011-10-05 20:00:00,29.19,29.53,29.14,29.48,93530
2011-10-05 21:00:00,29.5,29.57,29.28,29.47,173670
2011-10-05 22:00:00,29.49,29.91,29.36,29.81,258930
2011-10-06 16:00:00,29.63,29.79,29.28,29.45,39560
2011-10-06 17:00:00,29.42,30.2,29.31,29.94,86770
2011-10-06 18:00:00,29.96,30.0,29.73,29.95,138810
2011-10-06 19:00:00,29.95,30.06,29.9,30.01,41760
2011-10-06 20:00:00,30.01,30.08,29.81,30.08,185320
2011-10-06 21:00:00,30.11,30.17,30.0,30.17,169420
2011-10-06 22:00:00,30.17,30.46,30.05,30.4,264460
2011-10-07 16:00:00,30.45,30.51,30.1,30.3,59840
2011-10-07 17:00:00,30.29,30.62,30.18,30.2,64010
2011-10-07 18:00:00,30.18,30.99,29.99,30.98,318060
2011-10-07 19:00:00,30.96,31.01,30.18,30.25,72140
2011-10-07 20:00:00,30.26,30.27,29.95,30.21,212160
2011-10-07 21:00:00,30.19,30.37,30.1,30.15,138980
2011-10-07 22:00:00,30.15,30.52,29.94,30.01,296070
2011-10-10 16:00:00,30.62,30.77,30.38,30.49,83210
2011-10-10 17:00:00,30.48,30.76,30.41,30.6,98870
2011-10-10 18:00:00,30.64,30.71,30.48,30.62,123870
2011-10-10 19:00:00,30.62,30.69,30.47,30.47,56020
2011-10-10 20:00:00,30.46,30.58,30.44,30.54,49310
2011-10-10 21:00:00,30.53,30.6,30.44,30.46,155800
2011-10-10 22:00:00,30.47,30.66,30.23,30.62,406160
2011-10-11 16:00:00,30.31,30.47,30.11,30.42,24130
2011-10-11 17:00:00,30.46,30.62,30.27,30.56,104170
2011-10-11 18:00:00,30.56,30.63,30.44,30.59,118280
2011-10-11 19:00:00,30.57,30.73,30.54,30.6,180080
2011-10-11 20:00:00,30.59,30.91,30.53,30.85,111310
2011-10-11 21:00:00,30.89,30.89,30.55,30.61,76890
2011-10-11 22:00:00,30.61,30.99,30.6,30.91,214940
2011-10-12 16:00:00,31.06,31.51,30.99,31.42,40100
2011-10-12 17:00:00,31.41,31.54,31.28,31.44,67390
2011-10-12 18:00:00,31.5,31.6,31.42,31.53,47920
2011-10-12 19:00:00,31.53,31.87,31.53,31.84,40920
2011-10-12 20:00:00,31.84,31.91,31.62,31.7,45180
2011-10-12 21:00:00,31.7,32.17,31.64,31.99,90880
2011-10-12 22:00:00,31.98,32.5,31.91,32.27,432470
2011-10-13 16:00:00,31.9,32.08,31.72,31.81,61950
2011-10-13 17:00:00,31.79,32.16,31.79,32.04,115420
2011-10-13 18:00:00,32.03,32.17,31.8,31.97,79250
2011-10-13 19:00:00,31.98,32.14,31.91,32.05,61370
2011-10-13 20:00:00,32.03,32.42,31.96,32.36,63070
2011-10-13 21:00:00,32.35,32.62,32.3,32.54,96840
2011-10-13 22:00:00,32.52,32.66,32.29,32.46,207820
2011-10-14 16:00:00,32.82,32.98,32.41,32.61,31060
2011-10-14 17:00:00,32.6,32.75,32.44,32.71,70960
2011-10-14 18:00:00,32.72,32.72,32.57,32.64,83790
2011-10-14 19:00:00,32.61,32.61,32.51,32.54,59350
2011-10-14 20:00:00,32.52,32.76,32.5,32.73,44260
2011-10-14 21:00:00,32.73,32.75,32.65,32.73,40050
2011-10-14 22:00:00,32.74,32.92,32.63,32.85,184020
2011-10-17 16:00:00,32.55,32.55,32.25,32.27,24150
2011-10-17 17:00:00,32.27,32.46,32.17,32.24,71570
2011-10-17 18:00:00,32.24,32.27,31.79,31.83,83990
2011-10-17 19:00:00,31.8,31.96,31.71,31.84,74640
2011-10-17 20:00:00,31.83,31.92,31.68,31.85,63100
2011-10-17 21:00:00,31.85,31.85,31.55,31.75,33840
2011-10-17 22:00:00,31.74,31.9,31.4,31.48,202730
2011-10-18 16:00:00,31.57,31.67,30.93,30.93,37800
2011-10-18 17:00:00,30.97,31.6,30.87,31.56,43360
2011-10-18 18:00:00,31.56,31.68,31.33,31.57,24900
2011-10-18 19:00:00,31.58,31.61,31.36,31.47,50140
2011-10-18 20:00:00,31.48,31.63,31.43,31.6,25210
2011-10-18 21:00:00,31.58,31.78,31.58,31.72,46440
2011-10-18 22:00:00,31.72,32.45,31.72,32.31,251170
2011-10-19 16:00:00,32.11,32.36,31.96,32.08,20450
2011-10-19 17:00:00,32.1,32.3,31.93,32.12,24620
2011-10-19 18:00:00,32.11,32.32,32.07,32.11,37680
2011-10-19 19:00:00,32.12,32.33,32.03,32.17,42810
2011-10-19 20:00:00,32.16,32.21,32.01,32.11,51890
2011-10-19 21:00:00,32.13,32.14,31.86,31.92,80110
2011-10-19 22:00:00,31.91,32.03,31.76,31.8,182580
2011-10-20 16:00:00,31.69,31.78,31.44,31.5,18850
2011-10-20 17:00:00,31.7,31.89,31.56,31.65,54270
2011-10-20 18:00:00,31.63,31.71,31.38,31.42,24940
2011-10-20 19:00:00,31.44,31.66,31.22,31.64,23500
2011-10-20 20:00:00,31.64,32.12,31.58,31.97,76690
2011-10-20 21:00:00,31.95,32.2,31.68,32.13,59190
2011-10-20 22:00:00,32.13,32.14,31.68,31.98,135530
2011-10-21 16:00:00,32.27,32.38,31.92,32.26,19040
2011-10-21 17:00:00,32.28,32.36,32.17,32.32,67090
2011-10-21 18:00:00,32.3,32.71,32.3,32.59,43540
2011-10-21 19:00:00,32.57,32.72,32.5,32.51,27190
2011-10-21 20:00:00,32.49,32.49,32.14,32.15,47260
2011-10-21 21:00:00,32.16,32.48,32.15,32.48,79740
2011-10-21 22:00:00,32.46,32.67,32.39,32.59,124810
2011-10-24 16:00:00,32.72,33.0,32.64,32.99,12510
2011-10-24 17:00:00,32.99,33.12,32.92,33.04,58010
2011-10-24 18:00:00,33.07,33.5,33.07,33.49,44530
2011-10-24 19:00:00,33.5,33.5,33.3,33.32,41800
2011-10-24 20:00:00,33.32,33.37,33.24,33.29,57240
2011-10-24 21:00:00,33.32,33.33,33.17,33.31,58810
2011-10-24 22:00:00,33.3,33.37,33.12,33.35,167140
2011-10-25 16:00:00,33.15,33.17,32.73,32.9,11810
2011-10-25 17:00:00,32.9,33.36,32.81,33.18,29770
2011-10-25 18:00:00,33.17,33.19,32.99,33.05,24230
2011-10-25 19:00:00,33.02,33.2,32.97,33.0,27280
2011-10-25 20:00:00,33.04,33.22,33.03,33.19,16650
2011-10-25 21:00:00,33.21,33.23,32.8,32.88,26330
2011-10-25 22:00:00,32.88,32.94,32.27,32.31,131430
2011-10-26 16:00:00,32.76,32.9,32.45,32.46,35300
2011-10-26 17:00:00,32.48,32.57,31.77,31.83,27580
2011-10-26 18:00:00,31.89,32.45,31.89,32.33,19700
2011-10-26 19:00:00,32.34,32.38,32.27,32.32,24230
2011-10-26 20:00:00,32.3,32.69,32.2,32.55,35870
2011-10-26 21:00:00,32.59,32.74,32.45,32.52,27930
2011-10-26 22:00:00,32.52,32.79,32.5,32.66,102720
2011-10-27 16:00:00,33.75,34.06,33.6,33.73,28250
2011-10-27 17:00:00,33.72,33.83,33.36,33.52,72810
2011-10-27 18:00:00,33.51,34.04,33.39,34.03,42750
2011-10-27 19:00:00,34.03,34.39,34.03,34.28,41380
2011-10-27 20:00:00,34.26,34.53,34.26,34.29,51450
2011-10-27 21:00:00,34.31,34.38,34.09,34.32,91430
2011-10-27 22:00:00,34.33,34.5,34.16,34.38,201200
2011-10-28 16:00:00,34.16,34.3,33.86,34.02,24350
2011-10-28 17:00:00,34.0,34.09,33.73,34.0,39530
2011-10-28 18:00:00,33.99,34.03,33.55,33.55,31040
2011-10-28 19:00:00,33.56,33.79,33.56,33.79,31070
2011-10-28 20:00:00,33.81,34.12,33.78,34.09,38520
2011-10-28 21:00:00,34.12,34.18,33.98,34.11,56140
2011-10-28 22:00:00,34.07,34.16,33.96,34.06,202330
2011-10-31 16:00:00,33.56,33.59,33.15,33.28,19220
2011-10-31 17:00:00,33.27,33.67,33.19,33.64,20970
2011-10-31 18:00:00,33.58,33.98,33.58,33.93,27270
2011-10-31 19:00:00,33.9,33.92,33.71,33.84,16160
2011-10-31 20:00:00,33.82,34.35,33.79,34.34,61770
2011-10-31 21:00:00,34.34,34.34,34.0,34.14,63310
2011-10-31 22:00:00,34.11,34.12,33.33,33.39,186760
2011-11-01 16:00:00,32.27,32.48,32.09,32.39,22260
2011-11-01 17:00:00,32.39,32.57,32.13,32.4,20220
2011-11-01 18:00:00,32.41,32.42,31.96,32.06,63340
2011-11-01 19:00:00,32.06,32.08,31.66,31.68,90740
2011-11-01 20:00:00,31.66,32.13,31.61,31.97,62990
2011-11-01 21:00:00,31.94,32.34,31.67,31.77,123090
2011-11-01 22:00:00,31.8,32.08,31.36,31.51,410870
2011-11-02 16:00:00,31.86,31.86,30.53,31.66,157470
2011-11-02 17:00:00,31.73,32.27,31.47,32.07,198270
2011-11-02 18:00:00,32.09,33.09,32.09,32.79,98620
2011-11-02 19:00:00,32.79,33.2,32.72,32.82,91170
2011-11-02 20:00:00,32.77,32.8,32.29,32.33,69310
2011-11-02 21:00:00,32.31,32.86,32.25,32.83,117820
2011-11-02 22:00:00,32.84,32.99,32.32,32.94,303970
2011-11-03 16:00:00,33.25,33.99,32.72,32.72,72760
2011-11-03 17:00:00,32.73,33.02,32.54,32.89,75390
2011-11-03 18:00:00,32.91,33.56,32.86,33.28,83800
2011-11-03 19:00:00,33.25,33.74,33.22,33.72,42990
2011-11-03 20:00:00,33.73,34.03,33.64,33.83,61390
2011-11-03 21:00:00,33.84,34.12,33.73,33.87,110480
2011-11-03 22:00:00,33.88,34.18,33.87,34.09,229530
2011-11-04 16:00:00,33.68,33.78,33.24,33.42,51990
2011-11-04 17:00:00,33.4,33.51,33.35,33.5,89670
2011-11-04 18:00:00,33.51,33.77,33.51,33.65,26400
2011-11-04 19:00:00,33.7,33.74,33.45,33.48,40920
2011-11-04 20:00:00,33.5,34.03,33.48,33.93,72070
2011-11-04 21:00:00,33.94,34.02,33.86,33.96,44350
2011-11-04 22:00:00,33.96,34.05,33.72,34.05,190130
2011-11-07 16:00:00,33.91,34.65,33.91,34.59,52670
2011-11-07 17:00:00,34.6,34.65,34.24,34.33,146770
2011-11-07 18:00:00,34.3,34.55,34.12,34.19,96060
2011-11-07 19:00:00,34.17,34.27,33.88,34.07,56250
2011-11-07 20:00:00,34.07,34.28,34.05,34.28,44070
2011-11-07 21:00:00,34.29,34.55,34.18,34.52,106160
2011-11-07 22:00:00,34.54,34.65,34.35,34.53,215870
2011-11-08 16:00:00,34.86,35.0,34.83,34.95,28890
2011-11-08 17:00:00,34.93,34.93,34.45,34.47,33180
2011-11-08 18:00:00,34.47,34.53,34.12,34.17,18480
2011-11-08 19:00:00,34.14,34.38,34.11,34.32,21090
2011-11-08 20:00:00,34.31,34.7,34.31,34.63,141720
2011-11-08 21:00:00,34.63,34.95,34.63,34.83,149180
2011-11-08 22:00:00,34.81,35.06,34.8,34.97,219040
2011-11-09 16:00:00,33.69,34.17,33.69,34.02,18630
2011-11-09 17:00:00,34.08,34.3,34.02,34.24,38310
2011-11-09 18:00:00,34.2,34.32,34.09,34.18,30910
2011-11-09 19:00:00,34.18,34.21,33.97,34.07,44260
2011-11-09 20:00:00,34.05,34.07,33.66,33.73,44200
2011-11-09 21:00:00,33.75,33.81,33.56,33.73,94270
2011-11-09 22:00:00,33.71,33.93,33.54,33.61,229720
2011-11-10 16:00:00,34.06,35.03,33.93,33.93,58010
2011-11-10 17:00:00,33.91,34.08,33.64,33.74,46760
2011-11-10 18:00:00,33.74,33.84,33.58,33.73,68690
2011-11-10 19:00:00,33.71,33.78,33.5,33.65,45050
2011-11-10 20:00:00,33.63,33.7,33.51,33.64,98980
2011-11-10 21:00:00,33.64,33.72,33.45,33.5,57240
2011-11-10 22:00:00,33.52,33.82,33.52,33.76,192860
2011-11-11 16:00:00,34.2,34.23,33.97,33.99,14440
2011-11-11 17:00:00,34.04,34.32,34.02,34.29,17770
2011-11-11 18:00:00,34.3,34.42,34.27,34.39,19530
2011-11-11 19:00:00,34.41,34.42,34.24,34.27,16960
2011-11-11 20:00:00,34.29,34.45,34.27,34.41,28260
2011-11-11 21:00:00,34.42,34.49,34.34,34.36,33600
2011-11-11 22:00:00,34.36,34.46,34.25,34.42,125950
2011-11-14 16:00:00,33.99,34.27,33.68,33.69,38510
2011-11-14 17:00:00,33.69,33.91,33.65,33.82,32970
2011-11-14 18:00:00,33.84,33.96,33.73,33.77,19610
2011-11-14 19:00:00,33.78,33.84,33.66,33.76,16210
2011-11-14 20:00:00,33.75,33.9,33.67,33.85,17910
2011-11-14 21:00:00,33.86,33.9,33.74,33.77,22000
2011-11-14 22:00:00,33.75,33.85,33.66,33.74,75730
2011-11-15 16:00:00,33.5,33.97,33.5,33.82,20500
2011-11-15 17:00:00,33.83,33.84,33.41,33.52,24870
2011-11-15 18:00:00,33.5,33.6,33.45,33.6,15980
2011-11-15 19:00:00,33.61,34.37,33.61,34.22,46610
2011-11-15 20:00:00,34.3,34.39,34.15,34.36,47180
2011-11-15 21:00:00,34.36,34.4,34.23,34.31,91350
2011-11-15 22:00:00,34.32,34.36,34.02,34.06,143110
2011-11-16 16:00:00,33.68,33.68,33.33,33.53,16060
2011-11-16 17:00:00,33.56,33.8,33.49,33.6,34950
2011-11-16 18:00:00,33.59,34.04,33.57,33.65,27260
2011-11-16 19:00:00,33.66,33.69,33.41,33.46,23140
2011-11-16 20:00:00,33.47,33.73,33.43,33.67,31900
2011-11-16 21:00:00,33.65,33.74,33.54,33.58,48630
2011-11-16 22:00:00,33.57,33.61,32.99,33.0,158090
2011-11-17 16:00:00,33.01,33.13,32.84,33.13,15970
2011-11-17 17:00:00,32.98,33.31,32.96,33.25,22030
2011-11-17 18:00:00,33.21,33.31,33.04,33.14,21370
2011-11-17 19:00:00,33.12,33.17,32.62,32.78,58150
2011-11-17 20:00:00,32.79,32.86,32.61,32.84,30430
2011-11-17 21:00:00,32.81,32.9,32.68,32.87,48610
2011-11-17 22:00:00,32.87,32.94,32.7,32.8,184250
2011-11-18 16:00:00,33.02,33.13,32.5,32.62,31230
2011-11-18 17:00:00,32.61,32.7,32.38,32.56,124220
2011-11-18 18:00:00,32.6,32.66,32.49,32.52,23430
2011-11-18 19:00:00,32.52,32.63,32.49,32.51,122580
2011-11-18 20:00:00,32.51,32.67,32.51,32.56,43460
2011-11-18 21:00:00,32.56,32.76,32.51,32.56,83980
2011-11-18 22:00:00,32.56,32.66,32.53,32.6,179570
2011-11-21 16:00:00,32.03,32.07,31.95,32.05,109570
2011-11-21 17:00:00,32.06,32.09,31.68,31.78,155230
2011-11-21 18:00:00,31.78,32.02,31.72,32.0,106060
2011-11-21 19:00:00,31.93,32.05,31.9,31.93,56510
2011-11-21 20:00:00,31.93,32.06,31.87,31.91,26040
2011-11-21 21:00:00,31.9,32.08,31.87,32.01,82750
2011-11-21 22:00:00,32.01,32.15,31.94,32.0,272050
2011-11-22 16:00:00,31.82,32.18,31.72,32.0,63120
2011-11-22 17:00:00,32.01,32.1,31.9,31.97,44080
2011-11-22 18:00:00,31.97,32.03,31.93,32.01,25210
2011-11-22 19:00:00,32.07,32.07,31.92,32.0,121360
2011-11-22 20:00:00,32.01,32.11,31.98,32.05,102840
2011-11-22 21:00:00,32.04,32.08,31.97,32.05,54140
2011-11-22 22:00:00,32.05,32.08,31.94,31.98,223060
2011-11-23 16:00:00,31.59,31.86,31.59,31.73,32790
2011-11-23 17:00:00,31.7,31.89,31.62,31.83,73160
2011-11-23 18:00:00,31.82,31.9,31.67,31.73,52250
2011-11-23 19:00:00,31.75,31.82,31.53,31.66,28980
2011-11-23 20:00:00,31.63,31.71,31.58,31.61,32560
2011-11-23 21:00:00,31.63,31.63,31.41,31.54,62020
2011-11-23 22:00:00,31.54,31.69,31.39,31.39,147120
2011-11-25 16:00:00,31.12,31.44,31.07,31.38,17150
2011-11-25 17:00:00,31.36,31.71,31.33,31.58,39650
2011-11-25 18:00:00,31.54,31.54,31.14,31.17,46330
2011-11-25 19:00:00,31.14,31.3,31.02,31.25,61880
2011-11-25 20:00:00,31.18,31.36,31.18,31.18,17840
2011-11-28 16:00:00,32.19,32.32,31.91,32.05,30800
2011-11-28 17:00:00,32.01,32.35,31.99,32.28,48080
2011-11-28 18:00:00,32.3,32.34,32.2,32.24,29510
2011-11-28 19:00:00,32.22,32.27,32.09,32.09,43030
2011-11-28 20:00:00,32.09,32.34,32.03,32.27,83530
2011-11-28 21:00:00,32.26,32.51,32.17,32.21,124740
2011-11-28 22:00:00,32.23,32.45,32.02,32.44,161900
2011-11-29 16:00:00,32.41,32.43,32.22,32.35,29420
2011-11-29 17:00:00,32.4,32.68,32.31,32.52,59710
2011-11-29 18:00:00,32.52,32.54,32.32,32.32,21140
2011-11-29 19:00:00,32.33,32.44,32.28,32.29,11810
2011-11-29 20:00:00,32.27,32.4,32.19,32.25,27210
2011-11-29 21:00:00,32.23,32.32,32.13,32.21,65550
2011-11-29 22:00:00,32.24,32.36,32.13,32.18,199120
2011-11-30 16:00:00,33.4,33.69,33.08,33.6,57810
2011-11-30 17:00:00,33.61,33.72,33.39,33.48,75960
2011-11-30 18:00:00,33.46,33.47,33.35,33.4,47780
2011-11-30 19:00:00,33.42,33.87,33.39,33.53,163900
2011-11-30 20:00:00,33.5,33.57,33.37,33.41,48880
2011-11-30 21:00:00,33.41,33.46,33.31,33.42,111620
2011-11-30 22:00:00,33.42,33.84,33.37,33.75,240110
2011-12-01 16:00:00,33.56,33.86,33.47,33.85,12640
2011-12-01 17:00:00,33.88,34.0,33.86,33.95,32920
2011-12-01 18:00:00,33.95,34.05,33.87,33.93,42140
2011-12-01 19:00:00,33.92,34.0,33.78,33.78,11620
2011-12-01 20:00:00,33.81,34.0,33.8,33.98,17920
2011-12-01 21:00:00,33.99,34.02,33.85,33.85,23240
2011-12-01 22:00:00,33.86,33.93,33.67,33.8,159140
2011-12-02 16:00:00,33.93,34.49,33.93,34.47,64550
2011-12-02 17:00:00,34.45,34.55,34.17,34.2,71260
2011-12-02 18:00:00,34.18,34.18,33.82,33.97,61570
2011-12-02 19:00:00,33.92,34.09,33.89,33.97,27980
2011-12-02 20:00:00,33.96,34.05,33.9,34.01,40010
2011-12-02 21:00:00,33.99,34.05,33.82,33.9,30380
2011-12-02 22:00:00,33.89,34.01,33.64,33.89,176950
2011-12-05 16:00:00,34.56,34.56,34.21,34.45,64860
2011-12-05 17:00:00,34.41,34.55,34.39,34.46,56170
2011-12-05 18:00:00,34.45,34.53,34.34,34.5,32170
2011-12-05 19:00:00,34.49,34.55,34.45,34.51,32270
2011-12-05 20:00:00,34.51,34.54,34.19,34.22,52920
2011-12-05 21:00:00,34.21,34.25,33.87,34.05,93040
2011-12-05 22:00:00,34.04,34.06,33.71,33.97,164880
2011-12-06 16:00:00,33.96,33.99,33.62,33.91,20900
2011-12-06 17:00:00,33.96,34.18,33.93,33.95,41470
2011-12-06 18:00:00,33.98,34.05,33.87,34.01,35620
2011-12-06 19:00:00,34.01,34.05,33.88,33.94,23230
2011-12-06 20:00:00,33.9,34.03,33.84,34.0,26170
2011-12-06 21:00:00,34.0,34.06,33.92,34.06,53810
2011-12-06 22:00:00,34.05,34.14,34.0,34.0,110670
2011-12-07 16:00:00,33.64,33.79,33.16,33.24,31070
2011-12-07 17:00:00,33.26,33.26,32.83,32.86,43520
2011-12-07 18:00:00,32.88,33.15,32.8,33.02,55020
2011-12-07 19:00:00,33.04,33.22,32.99,33.2,27670
2011-12-07 20:00:00,33.19,33.23,33.02,33.05,29310
2011-12-07 21:00:00,33.07,33.1,32.92,33.02,60860
2011-12-07 22:00:00,33.02,33.48,33.0,33.39,149490
2011-12-08 16:00:00,33.08,33.21,32.93,33.09,12470
2011-12-08 17:00:00,33.12,33.26,32.87,33.15,38850
2011-12-08 18:00:00,33.08,33.08,32.79,32.83,42360
2011-12-08 19:00:00,32.85,32.87,32.66,32.8,30020
2011-12-08 20:00:00,32.79,32.79,32.54,32.73,46940
2011-12-08 21:00:00,32.74,32.84,32.66,32.69,42020
2011-12-08 22:00:00,32.68,32.76,32.16,32.26,272130
2011-12-09 16:00:00,32.43,32.79,32.43,32.78,16330
2011-12-09 17:00:00,32.78,32.96,32.71,32.9,45430
2011-12-09 18:00:00,32.9,33.11,32.75,33.0,57220
2011-12-09 19:00:00,32.99,33.1,32.98,33.07,20560
2011-12-09 20:00:00,33.06,33.17,32.96,33.13,21580
2011-12-09 21:00:00,33.12,33.28,32.97,33.19,46030
2011-12-09 22:00:00,33.18,33.4,33.0,33.27,175940
2011-12-12 16:00:00,32.77,32.87,32.63,32.67,50830
2011-12-12 17:00:00,32.68,32.83,32.61,32.8,79100
2011-12-12 18:00:00,32.78,32.94,32.76,32.91,37070
2011-12-12 19:00:00,32.89,33.06,32.84,33.05,41910
2011-12-12 20:00:00,33.04,33.17,32.96,33.09,39170
2011-12-12 21:00:00,33.09,33.1,32.77,33.05,104180
2011-12-12 22:00:00,33.04,33.15,32.94,33.15,175040
2011-12-13 16:00:00,33.46,33.65,33.3,33.39,43130
2011-12-13 17:00:00,33.41,33.48,32.99,33.0,77280
2011-12-13 18:00:00,32.99,32.99,32.69,32.87,68500
2011-12-13 19:00:00,32.84,32.88,32.75,32.88,52740
2011-12-13 20:00:00,32.88,32.92,32.79,32.86,38240
2011-12-13 21:00:00,32.84,32.86,32.27,32.55,66380
2011-12-13 22:00:00,32.54,32.64,32.26,32.59,233880
2011-12-14 16:00:00,32.35,32.74,32.29,32.52,55040
2011-12-14 17:00:00,32.52,32.62,32.37,32.51,37710
2011-12-14 18:00:00,32.51,32.52,32.3,32.36,48910
2011-12-14 19:00:00,32.33,32.39,32.21,32.25,36790
2011-12-14 20:00:00,32.26,32.33,31.96,32.0,37090
2011-12-14 21:00:00,32.0,32.0,31.68,31.74,99370
2011-12-14 22:00:00,31.75,31.88,31.73,31.83,144060
2011-12-15 16:00:00,32.25,32.4,32.02,32.04,47100
2011-12-15 17:00:00,32.04,32.19,31.9,32.08,66790
2011-12-15 18:00:00,32.08,32.32,32.08,32.2,65020
2011-12-15 19:00:00,32.19,32.43,32.19,32.34,32080
2011-12-15 20:00:00,32.33,32.45,32.25,32.38,221500
2011-12-15 21:00:00,32.42,32.49,32.21,32.27,38350
2011-12-15 22:00:00,32.28,32.45,32.23,32.29,212480
2011-12-16 16:00:00,32.49,32.83,32.49,32.83,185390
2011-12-16 17:00:00,32.82,33.25,32.76,32.94,52150
2011-12-16 18:00:00,32.93,32.95,32.53,32.54,30380
2011-12-16 19:00:00,32.53,32.6,32.25,32.37,43530
2011-12-16 20:00:00,32.37,32.43,32.3,32.34,23520
2011-12-16 21:00:00,32.34,32.38,32.17,32.26,47160
2011-12-16 22:00:00,32.25,32.56,32.2,32.51,234050
2011-12-19 16:00:00,32.55,32.86,32.54,32.68,24940
2011-12-19 17:00:00,32.65,32.9,32.51,32.51,25860
2011-12-19 18:00:00,32.51,32.51,32.24,32.28,34370
2011-12-19 19:00:00,32.25,32.45,32.25,32.45,20030
2011-12-19 20:00:00,32.45,32.45,32.27,32.33,34630
2011-12-19 21:00:00,32.32,32.39,32.27,32.35,51380
2011-12-19 22:00:00,32.35,32.38,32.07,32.15,150380
2011-12-20 16:00:00,32.78,32.96,32.78,32.89,23300
2011-12-20 17:00:00,32.91,33.09,32.83,33.02,37980
2011-12-20 18:00:00,33.03,33.4,33.0,33.4,70350
2011-12-20 19:00:00,33.39,33.45,33.22,33.23,28820
2011-12-20 20:00:00,33.25,33.31,32.97,33.01,36430
2011-12-20 21:00:00,33.01,33.05,32.88,32.93,62730
2011-12-20 22:00:00,32.94,33.09,32.89,33.06,162050
2011-12-21 16:00:00,32.89,33.13,32.59,32.67,19830
2011-12-21 17:00:00,32.68,32.95,32.53,32.68,53840
2011-12-21 18:00:00,32.69,32.94,32.59,32.89,27160
2011-12-21 19:00:00,32.89,32.97,32.68,32.7,50660
2011-12-21 20:00:00,32.7,32.74,32.52,32.52,98360
2011-12-21 21:00:00,32.55,32.6,32.5,32.57,45600
2011-12-21 22:00:00,32.57,32.96,32.55,32.86,89260
2011-12-22 16:00:00,32.9,33.06,32.79,32.98,16520
2011-12-22 17:00:00,33.05,33.09,32.76,32.9,22110
2011-12-22 18:00:00,32.9,32.94,32.81,32.91,25540
2011-12-22 19:00:00,32.9,32.93,32.77,32.8,34350
2011-12-22 20:00:00,32.82,32.86,32.75,32.78,40620
2011-12-22 21:00:00,32.78,32.81,32.67,32.69,29220
2011-12-22 22:00:00,32.7,32.85,32.66,32.8,108490
2011-12-23 16:00:00,32.91,33.09,32.81,33.02,15990
2011-12-23 17:00:00,33.03,33.22,32.99,33.22,18370
2011-12-23 18:00:00,33.23,33.44,33.22,33.42,23160
2011-12-23 19:00:00,33.41,33.46,33.33,33.41,22190
2011-12-23 20:00:00,33.41,33.41,33.2,33.29,16660
2011-12-23 21:00:00,33.29,33.35,33.23,33.33,18810
2011-12-23 22:00:00,33.33,33.43,33.27,33.4,46350
2011-12-27 16:00:00,33.31,33.38,33.09,33.35,16980
2011-12-27 17:00:00,33.35,33.62,33.29,33.44,48020
2011-12-27 18:00:00,33.4,33.51,33.38,33.46,22440
2011-12-27 19:00:00,33.45,33.6,33.44,33.58,13800
2011-12-27 20:00:00,33.59,33.6,33.4,33.56,15680
2011-12-27 21:00:00,33.56,33.65,33.52,33.64,39380
2011-12-27 22:00:00,33.63,33.64,33.41,33.41,109890
2011-12-28 16:00:00,33.38,33.39,32.99,33.11,14270
2011-12-28 17:00:00,33.15,33.18,32.75,32.77,38770
2011-12-28 18:00:00,32.77,32.77,32.5,32.58,19990
2011-12-28 19:00:00,32.61,32.77,32.55,32.69,12930
2011-12-28 20:00:00,32.72,32.8,32.63,32.69,14590
2011-12-28 21:00:00,32.68,32.68,32.34,32.37,31930
2011-12-28 22:00:00,32.36,32.49,32.33,32.38,91850
2011-12-29 16:00:00,32.54,32.65,32.49,32.55,10040
2011-12-29 17:00:00,32.58,32.79,32.58,32.66,31710
2011-12-29 18:00:00,32.69,32.91,32.6,32.9,31630
2011-12-29 19:00:00,32.9,32.91,32.76,32.81,14760
2011-12-29 20:00:00,32.8,32.82,32.68,32.79,11820
2011-12-29 21:00:00,32.77,32.8,32.7,32.77,16980
2011-12-29 22:00:00,32.78,32.84,32.71,32.77,90830
2011-12-30 16:00:00,32.85,32.94,32.55,32.7,10130
2011-12-30 17:00:00,32.76,32.85,32.68,32.77,25260
2011-12-30 18:00:00,32.78,32.85,32.74,32.81,14100
2011-12-30 19:00:00,32.81,32.84,32.7,32.82,22790
2011-12-30 20:00:00,32.86,32.96,32.83,32.96,10480
2011-12-30 21:00:00,32.96,32.98,32.81,32.93,32780
2011-12-30 22:00:00,32.93,33.11,32.92,32.93,133130
2012-01-03 16:00:00,33.89,33.89,33.17,33.31,54820
2012-01-03 17:00:00,33.28,33.71,33.24,33.6,102360
2012-01-03 18:00:00,33.62,33.7,33.02,33.02,52790
2012-01-03 19:00:00,33.02,33.22,32.75,32.79,42200
2012-01-03 20:00:00,32.77,32.88,32.68,32.81,43420
2012-01-03 21:00:00,32.82,32.9,32.7,32.77,72080
2012-01-03 22:00:00,32.78,32.92,32.77,32.81,299490
2012-01-04 16:00:00,32.63,32.74,32.52,32.62,34470
2012-01-04 17:00:00,32.62,32.7,32.49,32.5,106680
2012-01-04 18:00:00,32.51,32.6,32.44,32.45,32130
2012-01-04 19:00:00,32.43,32.56,32.29,32.33,115730
2012-01-04 20:00:00,32.34,32.39,32.25,32.33,43600
2012-01-04 21:00:00,32.36,32.57,32.29,32.49,115430
2012-01-04 22:00:00,32.51,32.52,32.32,32.35,249700
2012-01-05 16:00:00,32.27,32.34,32.0,32.18,33380
2012-01-05 17:00:00,32.15,32.53,32.09,32.43,91510
2012-01-05 18:00:00,32.42,32.52,32.41,32.49,27880
2012-01-05 19:00:00,32.5,32.55,32.44,32.53,96860
2012-01-05 20:00:00,32.51,32.51,32.41,32.47,38700
2012-01-05 21:00:00,32.45,32.6,32.4,32.58,74240
2012-01-05 22:00:00,32.58,32.76,32.54,32.71,77570
2012-01-06 16:00:00,32.58,32.58,32.36,32.5,34560
2012-01-06 17:00:00,32.5,32.88,32.46,32.8,154240
2012-01-06 18:00:00,32.81,33.1,32.8,33.07,16210
2012-01-06 19:00:00,33.06,33.07,32.94,32.99,25010
2012-01-06 20:00:00,33.01,33.19,32.95,33.11,33300
2012-01-06 21:00:00,33.11,33.28,33.08,33.13,51050
2012-01-06 22:00:00,33.12,33.22,33.01,33.1,174470
2012-01-09 16:00:00,33.34,33.47,32.99,33.19,14200
2012-01-09 17:00:00,33.15,33.29,33.09,33.13,33930
2012-01-09 18:00:00,33.12,33.14,32.89,33.09,78470
2012-01-09 19:00:00,33.08,33.15,33.01,33.09,48480
2012-01-09 20:00:00,33.1,33.15,32.98,33.07,69560
2012-01-09 21:00:00,33.05,33.11,32.98,33.05,35440
2012-01-09 22:00:00,33.02,33.09,32.94,32.97,122400
2012-01-10 16:00:00,33.37,33.68,33.32,33.59,18760
2012-01-10 17:00:00,33.65,33.86,33.59,33.64,35310
2012-01-10 18:00:00,33.62,33.74,33.59,33.74,59250
2012-01-10 19:00:00,33.74,33.74,33.51,33.53,56370
2012-01-10 20:00:00,33.52,33.52,33.41,33.48,19380
2012-01-10 21:00:00,33.48,33.54,33.45,33.5,39210
2012-01-10 22:00:00,33.5,33.53,33.43,33.52,125010
2012-01-11 16:00:00,33.45,33.53,33.28,33.47,35720
2012-01-11 17:00:00,33.43,33.57,33.43,33.44,70540
2012-01-11 18:00:00,33.45,33.62,33.45,33.47,22500
2012-01-11 19:00:00,33.47,33.55,33.39,33.39,27240
2012-01-11 20:00:00,33.41,33.49,33.29,33.29,33070
2012-01-11 21:00:00,33.28,33.43,33.28,33.38,17510
2012-01-11 22:00:00,33.38,33.55,33.26,33.48,70730
2012-01-12 16:00:00,33.6,33.75,33.44,33.5,38050
2012-01-12 17:00:00,33.47,33.47,32.96,33.12,38070
2012-01-12 18:00:00,33.13,33.32,33.12,33.21,29550
2012-01-12 19:00:00,33.24,33.35,33.19,33.34,37250
2012-01-12 20:00:00,33.34,33.42,33.2,33.24,35490
2012-01-12 21:00:00,33.23,33.26,33.15,33.21,34610
2012-01-12 22:00:00,33.23,33.44,33.15,33.44,143580
2012-01-13 16:00:00,33.19,33.33,32.9,33.19,30630
2012-01-13 17:00:00,33.16,33.22,32.69,32.7,119340
2012-01-13 18:00:00,32.7,32.75,32.63,32.63,38770
2012-01-13 19:00:00,32.63,32.67,32.59,32.64,33060
2012-01-13 20:00:00,32.65,32.73,32.57,32.67,31200
2012-01-13 21:00:00,32.66,32.82,32.62,32.78,38740
2012-01-13 22:00:00,32.78,32.8,32.63,32.69,102050
2012-01-17 16:00:00,33.08,33.4,33.08,33.26,67890
2012-01-17 17:00:00,33.27,33.28,32.69,32.7,79510
2012-01-17 18:00:00,32.7,33.11,32.68,32.96,94630
2012-01-17 19:00:00,32.97,33.14,32.93,33.06,47560
2012-01-17 20:00:00,33.07,33.14,33.02,33.06,40180
2012-01-17 21:00:00,33.05,33.06,32.69,32.74,61310
2012-01-17 22:00:00,32.74,32.78,32.38,32.39,239670
2012-01-18 16:00:00,32.42,32.51,32.23,32.37,45580
2012-01-18 17:00:00,32.37,32.5,32.31,32.4,67570
2012-01-18 18:00:00,32.4,32.42,32.29,32.37,45520
2012-01-18 19:00:00,32.37,32.42,32.37,32.37,37660
2012-01-18 20:00:00,32.37,32.55,32.37,32.45,54260
2012-01-18 21:00:00,32.46,32.54,32.37,32.47,77370
2012-01-18 22:00:00,32.47,32.49,32.03,32.18,462300
2012-01-19 16:00:00,32.24,32.58,32.24,32.43,59150
2012-01-19 17:00:00,32.42,32.68,32.39,32.58,117010
2012-01-19 18:00:00,32.57,32.75,32.55,32.65,99090
2012-01-19 19:00:00,32.65,32.84,32.51,32.78,205210
2012-01-19 20:00:00,32.78,32.9,32.77,32.77,61450
2012-01-19 21:00:00,32.77,32.82,32.48,32.51,102690
2012-01-19 22:00:00,32.52,32.78,32.46,32.55,222290
2012-01-20 16:00:00,32.54,32.8,32.48,32.7,30930
2012-01-20 17:00:00,32.7,32.78,32.62,32.7,111570
2012-01-20 18:00:00,32.7,32.7,32.56,32.69,82270
2012-01-20 19:00:00,32.68,32.68,32.49,32.54,66700
2012-01-20 20:00:00,32.54,32.64,32.41,32.41,44410
2012-01-20 21:00:00,32.42,32.5,32.26,32.48,84920
2012-01-20 22:00:00,32.49,32.57,32.38,32.48,304610
2012-01-23 16:00:00,32.46,32.71,32.2,32.7,51640
2012-01-23 17:00:00,32.69,32.7,32.53,32.62,37840
2012-01-23 18:00:00,32.64,32.69,32.3,32.32,50520
2012-01-23 19:00:00,32.33,32.35,32.21,32.27,28220
2012-01-23 20:00:00,32.28,32.33,32.19,32.25,38920
2012-01-23 21:00:00,32.23,32.28,32.14,32.28,40880
2012-01-23 22:00:00,32.28,32.52,32.24,32.39,121710
2012-01-24 16:00:00,32.23,32.36,31.89,32.04,45450
2012-01-24 17:00:00,32.02,32.26,31.97,32.13,65550
2012-01-24 18:00:00,32.13,32.2,32.06,32.1,38050
2012-01-24 19:00:00,32.09,32.18,32.08,32.14,49840
2012-01-24 20:00:00,32.13,32.13,32.02,32.02,22010
2012-01-24 21:00:00,32.01,32.08,31.99,32.0,89060
2012-01-24 22:00:00,32.0,32.01,31.81,31.89,201290
2012-01-25 16:00:00,31.9,32.07,31.67,31.69,232420
2012-01-25 17:00:00,31.7,32.1,31.68,32.1,66250
2012-01-25 18:00:00,32.1,32.3,32.09,32.29,56480
2012-01-25 19:00:00,32.28,32.3,32.03,32.15,51200
2012-01-25 20:00:00,32.16,32.35,32.14,32.34,43030
2012-01-25 21:00:00,32.34,32.36,32.1,32.1,51800
2012-01-25 22:00:00,32.11,32.53,32.11,32.43,164030
2012-01-26 16:00:00,32.6,32.72,32.52,32.64,12440
2012-01-26 17:00:00,32.63,32.65,32.52,32.62,28350
2012-01-26 18:00:00,32.64,32.78,32.62,32.74,58850
2012-01-26 19:00:00,32.75,32.79,32.69,32.74,33460
2012-01-26 20:00:00,32.75,32.75,32.56,32.67,23280
2012-01-26 21:00:00,32.66,32.67,32.48,32.53,71850
2012-01-26 22:00:00,32.51,32.71,32.49,32.65,147970
2012-01-27 16:00:00,32.43,32.97,32.43,32.97,31970
2012-01-27 17:00:00,32.94,32.94,32.66,32.7,35120
2012-01-27 18:00:00,32.7,32.73,32.61,32.71,36560
2012-01-27 19:00:00,32.73,32.75,32.62,32.62,26930
2012-01-27 20:00:00,32.63,32.96,32.63,32.89,38070
2012-01-27 21:00:00,32.9,32.94,32.83,32.89,40990
2012-01-27 22:00:00,32.89,33.05,32.84,32.86,93780
2012-01-30 16:00:00,32.58,32.82,32.5,32.74,65200
2012-01-30 17:00:00,32.72,32.78,32.57,32.6,143380
2012-01-30 18:00:00,32.61,32.67,32.57,32.61,255780
2012-01-30 19:00:00,32.6,32.61,32.52,32.56,70300
2012-01-30 20:00:00,32.56,32.56,32.45,32.48,79920
2012-01-30 21:00:00,32.49,32.62,32.48,32.57,59940
2012-01-30 22:00:00,32.57,32.69,32.51,32.61,175320
2012-01-31 16:00:00,32.8,32.81,32.52,32.67,110650
2012-01-31 17:00:00,32.68,32.69,32.37,32.43,26770
2012-01-31 18:00:00,32.44,32.53,32.39,32.45,50210
2012-01-31 19:00:00,32.46,32.56,32.46,32.56,9310
2012-01-31 20:00:00,32.56,32.62,32.51,32.53,15280
2012-01-31 21:00:00,32.51,32.72,32.46,32.66,42580
2012-01-31 22:00:00,32.65,32.71,32.55,32.58,104840
2012-02-01 16:00:00,32.75,33.18,32.61,32.99,297230
2012-02-01 17:00:00,32.99,33.36,32.95,33.35,107300
2012-02-01 18:00:00,33.34,33.37,33.2,33.22,100450
2012-02-01 19:00:00,33.22,33.24,33.12,33.17,58710
2012-02-01 20:00:00,33.16,33.35,33.1,33.14,72770
2012-02-01 21:00:00,33.14,33.36,33.14,33.3,67340
2012-02-01 22:00:00,33.3,33.58,33.09,33.54,303340
2012-02-02 16:00:00,33.49,33.62,32.65,32.65,125180
2012-02-02 17:00:00,32.65,33.04,32.65,32.82,267400
2012-02-02 18:00:00,32.82,32.85,32.48,32.57,132740
2012-02-02 19:00:00,32.57,32.72,32.49,32.54,285280
2012-02-02 20:00:00,32.54,32.62,32.47,32.52,210190
2012-02-02 21:00:00,32.53,32.99,32.53,32.93,143550
2012-02-02 22:00:00,32.93,33.05,32.66,33.02,219290
2012-02-03 16:00:00,33.38,33.96,33.38,33.91,52240
2012-02-03 17:00:00,33.93,34.06,33.82,34.02,88810
2012-02-03 18:00:00,34.03,34.26,34.01,34.26,73810
2012-02-03 19:00:00,34.27,34.5,34.26,34.44,89710
2012-02-03 20:00:00,34.45,34.45,34.04,34.04,68460
2012-02-03 21:00:00,34.05,34.22,34.05,34.15,50970
2012-02-03 22:00:00,34.15,34.2,34.0,34.19,184510
2012-02-06 16:00:00,34.08,35.0,34.08,34.32,151810
2012-02-06 17:00:00,34.35,34.46,34.26,34.42,78790
2012-02-06 18:00:00,34.44,34.47,34.26,34.47,56170
2012-02-06 19:00:00,34.46,34.46,34.32,34.36,29650
2012-02-06 20:00:00,34.34,34.37,34.27,34.33,34600
2012-02-06 21:00:00,34.32,34.36,34.24,34.27,40190
2012-02-06 22:00:00,34.27,34.44,34.27,34.43,102740
2012-02-07 16:00:00,34.29,34.44,34.1,34.18,33720
2012-02-07 17:00:00,34.15,34.5,34.05,34.48,57960
2012-02-07 18:00:00,34.47,34.54,34.44,34.53,28730
2012-02-07 19:00:00,34.52,34.63,34.51,34.6,42540
2012-02-07 20:00:00,34.6,34.65,34.52,34.65,40570
2012-02-07 21:00:00,34.65,34.69,34.6,34.66,68640
2012-02-07 22:00:00,34.67,34.77,34.61,34.73,168650
2012-02-08 16:00:00,34.71,34.91,34.6,34.87,33310
2012-02-08 17:00:00,34.86,34.9,34.64,34.7,55240
2012-02-08 18:00:00,34.71,34.75,34.63,34.68,41910
2012-02-08 19:00:00,34.67,34.75,34.65,34.69,27990
2012-02-08 20:00:00,34.7,34.74,34.67,34.67,43320
2012-02-08 21:00:00,34.67,34.77,34.67,34.72,38460
2012-02-08 22:00:00,34.72,34.87,34.7,34.86,103120
2012-02-09 16:00:00,34.93,34.99,34.77,34.93,19280
2012-02-09 17:00:00,34.94,35.04,34.81,34.95,77440
2012-02-09 18:00:00,34.91,35.11,34.91,35.07,52120
2012-02-09 19:00:00,35.07,35.22,35.07,35.22,43770
2012-02-09 20:00:00,35.21,35.25,35.11,35.24,42270
2012-02-09 21:00:00,35.22,35.3,35.18,35.21,67230
2012-02-09 22:00:00,35.2,35.35,35.14,35.33,118030
2012-02-10 16:00:00,34.95,35.14,34.84,35.11,52250
2012-02-10 17:00:00,35.09,35.24,34.97,35.19,75680
2012-02-10 18:00:00,35.2,35.28,35.06,35.27,70020
2012-02-10 19:00:00,35.25,35.26,35.13,35.22,44880
2012-02-10 20:00:00,35.24,35.25,35.11,35.11,181800
2012-02-10 21:00:00,35.06,35.12,34.95,34.98,172580
2012-02-10 22:00:00,34.97,35.0,34.83,34.85,144260
2012-02-13 16:00:00,35.07,35.19,34.48,34.56,135170
2012-02-13 17:00:00,34.56,34.73,34.48,34.7,89880
2012-02-13 18:00:00,34.69,35.0,34.69,34.87,70760
2012-02-13 19:00:00,34.89,34.89,34.65,34.69,59040
2012-02-13 20:00:00,34.69,34.92,34.69,34.86,38090
2012-02-13 21:00:00,34.85,35.05,34.84,34.88,71630
2012-02-13 22:00:00,34.86,34.86,34.6,34.74,116190
2012-02-14 16:00:00,34.57,34.74,34.5,34.65,20270
2012-02-14 17:00:00,34.6,34.72,34.54,34.62,42000
2012-02-14 18:00:00,34.62,34.73,34.59,34.64,35100
2012-02-14 19:00:00,34.65,34.76,34.65,34.65,23490
2012-02-14 20:00:00,34.67,34.78,34.6,34.76,34620
2012-02-14 21:00:00,34.77,34.8,34.68,34.75,28250
2012-02-14 22:00:00,34.75,34.89,34.72,34.87,75310
2012-02-15 16:00:00,35.11,35.16,34.71,34.72,22430
2012-02-15 17:00:00,34.71,34.75,34.24,34.3,130550
2012-02-15 18:00:00,34.27,34.52,34.22,34.46,226080
2012-02-15 19:00:00,34.47,34.55,34.25,34.34,108940
2012-02-15 20:00:00,34.34,34.46,34.24,34.44,40120
2012-02-15 21:00:00,34.46,34.5,34.31,34.32,88060
2012-02-15 22:00:00,34.34,34.37,34.12,34.14,145410
2012-02-16 16:00:00,34.18,34.39,34.18,34.28,26050
2012-02-16 17:00:00,34.3,34.48,34.3,34.46,34000
2012-02-16 18:00:00,34.47,34.55,34.44,34.54,53150
2012-02-16 19:00:00,34.58,34.59,34.4,34.48,27460
2012-02-16 20:00:00,34.48,34.57,34.41,34.52,32230
2012-02-16 21:00:00,34.52,34.56,34.47,34.56,163270
2012-02-16 22:00:00,34.54,34.69,34.42,34.62,68130
2012-02-17 16:00:00,34.82,34.82,34.41,34.5,19340
2012-02-17 17:00:00,34.44,34.48,34.15,34.2,206800
2012-02-17 18:00:00,34.2,34.33,34.19,34.25,83030
2012-02-17 19:00:00,34.25,34.32,34.17,34.17,28060
2012-02-17 20:00:00,34.18,34.27,34.17,34.18,32480
2012-02-17 21:00:00,34.19,34.25,34.14,34.19,92030
2012-02-17 22:00:00,34.19,34.3,34.08,34.09,159290
2012-02-21 16:00:00,34.12,34.29,34.02,34.05,21900
2012-02-21 17:00:00,34.06,34.44,34.06,34.4,36410
2012-02-21 18:00:00,34.42,34.43,34.22,34.23,18400
2012-02-21 19:00:00,34.23,34.37,34.23,34.31,16340
2012-02-21 20:00:00,34.3,34.38,34.26,34.26,15430
2012-02-21 21:00:00,34.29,34.46,34.28,34.41,70760
2012-02-21 22:00:00,34.42,34.59,34.38,34.53,140180
2012-02-22 16:00:00,34.41,34.57,34.03,34.5,70440
2012-02-22 17:00:00,34.46,34.65,34.38,34.46,64450
2012-02-22 18:00:00,34.46,34.67,34.45,34.65,54770
2012-02-22 19:00:00,34.65,34.7,34.57,34.69,130960
2012-02-22 20:00:00,34.69,35.06,34.67,35.0,73000
2012-02-22 21:00:00,35.02,35.02,34.83,34.87,91480
2012-02-22 22:00:00,34.87,34.89,34.59,34.61,131810
2012-02-23 16:00:00,34.55,34.55,34.12,34.32,55910
2012-02-23 17:00:00,34.34,34.44,34.15,34.26,159030
2012-02-23 18:00:00,34.27,34.33,34.18,34.2,142210
2012-02-23 19:00:00,34.18,34.3,34.1,34.2,106710
2012-02-23 20:00:00,34.2,34.22,34.14,34.15,129950
2012-02-23 21:00:00,34.16,34.2,34.11,34.14,158800
2012-02-23 22:00:00,34.15,34.18,33.96,34.02,234890
2012-02-24 16:00:00,34.19,34.38,34.05,34.36,142270
2012-02-24 17:00:00,34.36,34.62,34.28,34.53,101820
2012-02-24 18:00:00,34.53,34.55,34.44,34.55,58280
2012-02-24 19:00:00,34.55,34.56,34.48,34.5,45900
2012-02-24 20:00:00,34.49,34.55,34.45,34.45,86370
2012-02-24 21:00:00,34.44,34.5,34.33,34.46,113580
2012-02-24 22:00:00,34.46,34.5,34.39,34.43,170500
2012-02-27 16:00:00,34.2,34.2,33.72,34.04,17710
2012-02-27 17:00:00,34.05,34.75,33.96,34.71,92520
2012-02-27 18:00:00,34.73,34.97,34.73,34.85,56560
2012-02-27 19:00:00,34.86,35.0,34.8,34.99,57420
2012-02-27 20:00:00,34.99,35.19,34.97,35.15,52340
2012-02-27 21:00:00,35.17,35.34,35.16,35.33,72360
2012-02-27 22:00:00,35.33,35.41,35.22,35.31,269790
2012-02-28 16:00:00,35.4,35.66,35.4,35.66,53580
2012-02-28 17:00:00,35.66,35.8,35.5,35.8,103370
2012-02-28 18:00:00,35.79,35.91,35.45,35.56,94940
2012-02-28 19:00:00,35.55,35.56,35.43,35.48,33850
2012-02-28 20:00:00,35.47,35.67,35.47,35.61,109240
2012-02-28 21:00:00,35.61,35.66,35.49,35.49,90740
2012-02-28 22:00:00,35.49,35.5,35.16,35.21,267750
2012-02-29 16:00:00,35.29,35.77,35.24,35.72,36320
2012-02-29 17:00:00,35.71,35.91,35.6,35.78,100500
2012-02-29 18:00:00,35.78,35.98,35.66,35.91,66940
2012-02-29 19:00:00,35.92,36.12,35.77,36.12,112480
2012-02-29 20:00:00,36.11,36.24,35.89,35.98,70660
2012-02-29 21:00:00,35.97,35.97,35.54,35.54,82300
2012-02-29 22:00:00,35.52,35.53,35.19,35.3,191430
2012-03-01 16:00:00,35.51,35.58,35.42,35.56,24100
2012-03-01 17:00:00,35.52,35.57,35.31,35.57,133930
2012-03-01 18:00:00,35.55,35.63,35.49,35.56,48150
2012-03-01 19:00:00,35.58,35.59,35.45,35.5,26360
2012-03-01 20:00:00,35.51,35.59,35.43,35.43,28240
2012-03-01 21:00:00,35.45,35.53,35.4,35.45,49810
2012-03-01 22:00:00,35.45,35.55,35.28,35.53,158570
2012-03-02 16:00:00,35.54,35.73,35.46,35.48,20310
2012-03-02 17:00:00,35.48,35.6,35.37,35.37,18060
2012-03-02 18:00:00,35.36,35.41,35.05,35.05,38240
2012-03-02 19:00:00,35.04,35.14,35.02,35.13,22470
2012-03-02 20:00:00,35.13,35.15,34.95,35.11,75560
2012-03-02 21:00:00,35.12,35.22,35.12,35.12,15890
2012-03-02 22:00:00,35.1,35.2,35.05,35.08,69580
2012-03-05 16:00:00,35.07,35.19,34.93,35.12,67610
2012-03-05 17:00:00,35.13,35.15,34.95,35.12,34880
2012-03-05 18:00:00,35.12,35.14,34.93,35.07,28920
2012-03-05 19:00:00,35.07,35.13,35.01,35.05,21350
2012-03-05 20:00:00,35.07,35.16,35.07,35.14,24970
2012-03-05 21:00:00,35.14,35.24,35.11,35.23,22720
2012-03-05 22:00:00,35.21,35.28,35.02,35.09,67720
2012-03-06 16:00:00,34.69,34.78,34.4,34.5,84220
2012-03-06 17:00:00,34.46,34.65,34.43,34.56,115730
2012-03-06 18:00:00,34.56,34.72,34.56,34.67,47760
2012-03-06 19:00:00,34.65,34.76,34.5,34.7,67990
2012-03-06 20:00:00,34.72,34.77,34.52,34.52,81710
2012-03-06 21:00:00,34.53,34.55,34.42,34.47,32440
2012-03-06 22:00:00,34.47,34.57,34.3,34.33,274150
2012-03-07 16:00:00,34.62,34.74,34.36,34.68,88780
2012-03-07 17:00:00,34.68,34.77,34.52,34.62,175140
2012-03-07 18:00:00,34.61,34.71,34.58,34.67,81780
2012-03-07 19:00:00,34.67,34.84,34.67,34.78,95200
2012-03-07 20:00:00,34.76,34.9,34.73,34.83,177620
2012-03-07 21:00:00,34.84,34.94,34.74,34.83,134990
2012-03-07 22:00:00,34.83,34.85,34.69,34.75,241290
2012-03-08 16:00:00,35.0,35.4,34.86,35.28,218790
2012-03-08 17:00:00,35.3,35.82,35.28,35.82,88140
2012-03-08 18:00:00,35.8,35.96,35.8,35.87,66100
2012-03-08 19:00:00,35.85,36.01,35.85,35.91,47170
2012-03-08 20:00:00,35.88,36.05,35.88,35.99,79030
2012-03-08 21:00:00,35.99,36.13,35.97,36.1,82650
2012-03-08 22:00:00,36.09,36.26,36.03,36.25,235720
2012-03-09 16:00:00,36.22,36.22,36.01,36.12,112550
2012-03-09 17:00:00,36.12,36.66,36.07,36.51,125660
2012-03-09 18:00:00,36.51,36.75,36.43,36.67,69240
2012-03-09 19:00:00,36.68,36.75,36.52,36.53,47270
2012-03-09 20:00:00,36.54,36.56,36.44,36.45,46040
2012-03-09 21:00:00,36.46,36.54,36.41,36.41,68150
2012-03-09 22:00:00,36.43,36.63,36.42,36.6,135470
2012-03-12 16:00:00,36.62,36.78,36.39,36.74,35580
2012-03-12 17:00:00,36.7,36.79,36.61,36.67,110470
2012-03-12 18:00:00,36.69,36.71,36.53,36.67,81120
2012-03-12 19:00:00,36.67,36.68,36.47,36.5,57180
2012-03-12 20:00:00,36.48,36.6,36.46,36.58,34970
2012-03-12 21:00:00,36.58,36.58,36.47,36.55,42940
2012-03-12 22:00:00,36.55,36.56,36.46,36.52,175970
2012-03-13 16:00:00,36.67,36.96,36.65,36.85,50890
2012-03-13 17:00:00,36.84,36.99,36.8,36.97,49580
2012-03-13 18:00:00,36.96,37.0,36.9,36.95,47650
2012-03-13 19:00:00,36.95,37.19,36.93,37.19,43530
2012-03-13 20:00:00,37.19,37.34,37.19,37.31,58870
2012-03-13 21:00:00,37.3,37.34,37.17,37.22,47910
2012-03-13 22:00:00,37.23,37.69,37.18,37.69,205390
2012-03-14 16:00:00,37.6,37.76,37.47,37.67,39800
2012-03-14 17:00:00,37.6,37.6,37.07,37.22,157860
2012-03-14 18:00:00,37.22,37.36,37.14,37.32,66820
2012-03-14 19:00:00,37.35,37.42,37.25,37.39,39500
2012-03-14 20:00:00,37.4,37.42,37.24,37.25,25450
2012-03-14 21:00:00,37.25,37.41,37.25,37.34,72160
2012-03-14 22:00:00,37.34,37.42,37.3,37.39,82490
2012-03-15 16:00:00,37.37,37.67,37.18,37.58,64260
2012-03-15 17:00:00,37.59,37.73,37.45,37.57,95250
2012-03-15 18:00:00,37.55,37.8,37.5,37.62,69800
2012-03-15 19:00:00,37.62,38.02,37.6,37.94,113340
2012-03-15 20:00:00,37.9,38.05,37.88,37.96,110400
2012-03-15 21:00:00,37.94,38.11,37.87,37.9,219110
2012-03-15 22:00:00,37.86,37.88,37.69,37.81,100470
2012-03-16 16:00:00,37.86,37.89,37.68,37.76,168890
2012-03-16 17:00:00,37.84,37.92,37.61,37.81,33990
2012-03-16 18:00:00,37.82,38.15,37.82,38.14,89460
2012-03-16 19:00:00,38.15,38.17,37.97,38.02,18700
2012-03-16 20:00:00,38.0,38.03,37.92,38.03,26370
2012-03-16 21:00:00,38.05,38.05,37.85,37.89,82960
2012-03-16 22:00:00,37.88,37.93,37.71,37.77,230340
2012-03-19 16:00:00,37.78,37.98,37.41,37.92,32020
2012-03-19 17:00:00,37.88,37.91,37.41,37.48,95940
2012-03-19 18:00:00,37.48,37.74,37.39,37.7,38500
2012-03-19 19:00:00,37.71,37.77,37.58,37.63,39940
2012-03-19 20:00:00,37.64,37.67,37.55,37.57,63150
2012-03-19 21:00:00,37.56,37.77,37.55,37.75,61180
2012-03-19 22:00:00,37.74,37.82,37.63,37.71,124240
2012-03-20 16:00:00,37.43,37.52,37.25,37.49,41750
2012-03-20 17:00:00,37.5,37.66,37.44,37.59,26340
2012-03-20 18:00:00,37.61,37.65,37.41,37.44,18160
2012-03-20 19:00:00,37.46,37.54,37.41,37.44,38160
2012-03-20 20:00:00,37.41,37.52,37.38,37.5,32290
2012-03-20 21:00:00,37.51,37.68,37.48,37.66,34020
2012-03-20 22:00:00,37.67,37.79,37.66,37.78,110210
2012-03-21 16:00:00,37.74,37.84,37.43,37.5,43420
2012-03-21 17:00:00,37.51,37.55,37.37,37.47,36110
2012-03-21 18:00:00,37.44,37.69,37.4,37.66,54220
2012-03-21 19:00:00,37.68,37.87,37.66,37.79,27600
2012-03-21 20:00:00,37.78,37.79,37.64,37.76,27030
2012-03-21 21:00:00,37.76,37.87,37.75,37.78,32440
2012-03-21 22:00:00,37.79,37.91,37.59,37.61,105280
2012-03-22 16:00:00,37.29,37.42,37.18,37.28,13460
2012-03-22 17:00:00,37.28,37.4,36.85,36.85,82340
2012-03-22 18:00:00,36.85,36.99,36.73,36.77,68690
2012-03-22 19:00:00,36.79,37.09,36.79,37.06,32000
2012-03-22 20:00:00,37.1,37.1,36.9,37.02,47510
2012-03-22 21:00:00,37.05,37.17,37.02,37.12,40010
2012-03-22 22:00:00,37.11,37.17,36.94,37.01,120640
2012-03-23 16:00:00,37.0,37.18,36.79,36.86,49110
2012-03-23 17:00:00,36.84,36.91,36.66,36.9,33300
2012-03-23 18:00:00,36.91,36.97,36.81,36.85,38360
2012-03-23 19:00:00,36.85,36.9,36.82,36.85,55080
2012-03-23 20:00:00,36.86,36.96,36.86,36.91,46900
2012-03-23 21:00:00,36.91,37.22,36.91,37.17,54530
2012-03-23 22:00:00,37.17,37.22,37.08,37.2,89530
2012-03-26 16:00:00,37.5,37.57,37.42,37.54,23750
2012-03-26 17:00:00,37.49,37.66,37.42,37.44,26900
2012-03-26 18:00:00,37.45,37.68,37.42,37.65,28590
2012-03-26 19:00:00,37.66,37.7,37.59,37.62,38020
2012-03-26 20:00:00,37.61,37.66,37.58,37.63,57560
2012-03-26 21:00:00,37.62,37.73,37.59,37.59,63190
2012-03-26 22:00:00,37.59,37.68,37.56,37.66,218740
2012-03-27 16:00:00,37.71,37.71,37.49,37.54,21720
2012-03-27 17:00:00,37.49,37.65,37.43,37.5,51690
2012-03-27 18:00:00,37.52,37.54,37.45,37.49,26830
2012-03-27 19:00:00,37.5,37.59,37.49,37.53,49320
2012-03-27 20:00:00,37.53,37.54,37.44,37.47,56060
2012-03-27 21:00:00,37.46,37.54,37.45,37.5,71570
2012-03-27 22:00:00,37.48,37.5,37.37,37.38,91390
2012-03-28 16:00:00,37.43,37.43,37.11,37.14,11070
2012-03-28 17:00:00,37.15,37.28,36.99,37.06,24870
2012-03-28 18:00:00,37.05,37.08,36.75,36.87,29930
2012-03-28 19:00:00,36.88,36.89,36.73,36.76,33380
2012-03-28 20:00:00,36.76,36.81,36.61,36.73,86220
2012-03-28 21:00:00,36.73,37.03,36.7,36.99,50620
2012-03-28 22:00:00,37.01,37.13,36.92,37.06,225510
2012-03-29 16:00:00,36.76,37.05,36.76,36.9,18600
2012-03-29 17:00:00,36.92,37.04,36.78,36.85,25740
2012-03-29 18:00:00,36.86,36.92,36.63,36.69,30430
2012-03-29 19:00:00,36.67,36.85,36.67,36.85,26050
2012-03-29 20:00:00,36.85,36.99,36.8,36.97,54580
2012-03-29 21:00:00,36.98,37.19,36.94,37.14,88660
2012-03-29 22:00:00,37.15,37.24,37.11,37.13,121480
2012-03-30 16:00:00,37.41,37.41,37.07,37.08,17950
2012-03-30 17:00:00,37.07,37.13,36.74,36.9,36120
2012-03-30 18:00:00,36.92,37.21,36.92,36.94,55100
2012-03-30 19:00:00,36.95,36.96,36.76,36.83,51370
2012-03-30 20:00:00,36.84,36.94,36.81,36.93,46780
2012-03-30 21:00:00,36.94,36.99,36.85,36.85,57110
2012-03-30 22:00:00,36.86,36.97,36.81,36.81,186170
2012-04-02 16:00:00,36.77,36.99,36.6,36.82,41880
2012-04-02 17:00:00,36.84,37.32,36.84,37.27,69180
2012-04-02 18:00:00,37.28,37.54,37.18,37.51,64620
2012-04-02 19:00:00,37.51,37.74,37.47,37.72,72750
2012-04-02 20:00:00,37.72,37.74,37.56,37.58,44780
2012-04-02 21:00:00,37.58,37.6,37.4,37.58,65830
2012-04-02 22:00:00,37.58,37.69,37.18,37.3,218950
2012-04-03 16:00:00,37.22,37.56,37.21,37.42,52030
2012-04-03 17:00:00,37.4,37.72,37.29,37.59,65090
2012-04-03 18:00:00,37.58,37.58,37.41,37.41,34190
2012-04-03 19:00:00,37.42,37.51,37.32,37.48,49230
2012-04-03 20:00:00,37.48,37.53,37.42,37.48,60350
2012-04-03 21:00:00,37.47,37.47,37.23,37.4,107860
2012-04-03 22:00:00,37.41,37.78,37.37,37.74,199690
2012-04-04 16:00:00,37.44,37.58,37.3,37.56,19790
2012-04-04 17:00:00,37.54,37.54,37.16,37.19,42240
2012-04-04 18:00:00,37.23,37.24,37.02,37.11,40580
2012-04-04 19:00:00,37.12,37.16,37.08,37.16,25970
2012-04-04 20:00:00,37.15,37.23,37.07,37.19,34250
2012-04-04 21:00:00,37.22,37.28,37.16,37.19,53250
2012-04-04 22:00:00,37.19,37.19,37.02,37.03,142510
2012-04-05 16:00:00,36.83,36.89,36.66,36.68,33900
2012-04-05 17:00:00,36.7,36.85,36.63,36.84,19130
2012-04-05 18:00:00,36.83,37.12,36.81,37.11,36400
2012-04-05 19:00:00,37.1,37.18,37.08,37.15,23850
2012-04-05 20:00:00,37.16,37.18,37.09,37.16,34850
2012-04-05 21:00:00,37.14,37.17,37.1,37.1,51280
2012-04-05 22:00:00,37.1,37.19,37.08,37.12,110000
2012-04-09 16:00:00,36.51,36.73,36.49,36.64,17340
2012-04-09 17:00:00,36.67,36.81,36.62,36.68,45650
2012-04-09 18:00:00,36.68,36.69,36.45,36.57,32760
2012-04-09 19:00:00,36.57,36.7,36.54,36.65,26610
2012-04-09 20:00:00,36.64,36.68,36.53,36.64,28340
2012-04-09 21:00:00,36.65,36.71,36.57,36.67,47700
2012-04-09 22:00:00,36.67,36.83,36.65,36.76,156080
2012-04-10 16:00:00,36.69,36.7,36.52,36.63,18290
2012-04-10 17:00:00,36.57,36.57,36.25,36.27,26870
2012-04-10 18:00:00,36.29,36.36,35.97,36.01,24530
2012-04-10 19:00:00,36.02,36.04,35.9,35.93,22230
2012-04-10 20:00:00,35.93,35.98,35.83,35.9,35400
2012-04-10 21:00:00,35.9,35.92,35.7,35.74,75000
2012-04-10 22:00:00,35.75,35.78,35.59,35.65,158310
2012-04-11 16:00:00,35.99,36.13,35.57,35.58,46830
2012-04-11 17:00:00,35.58,35.95,35.58,35.91,74760
2012-04-11 18:00:00,35.91,35.99,35.81,35.84,34540
2012-04-11 19:00:00,35.84,35.84,35.72,35.78,48390
2012-04-11 20:00:00,35.78,35.84,35.7,35.76,83240
2012-04-11 21:00:00,35.76,35.83,35.71,35.73,92070
2012-04-11 22:00:00,35.73,35.77,35.66,35.69,241750
2012-04-12 16:00:00,35.8,35.93,35.7,35.87,39660
2012-04-12 17:00:00,35.91,36.14,35.9,36.14,54190
2012-04-12 18:00:00,36.15,36.29,36.1,36.14,42410
2012-04-12 19:00:00,36.15,36.31,36.15,36.27,26910
2012-04-12 20:00:00,36.28,36.37,36.25,36.28,13620
2012-04-12 21:00:00,36.29,36.47,36.29,36.45,28690
2012-04-12 22:00:00,36.44,36.47,36.35,36.42,84330
2012-04-13 16:00:00,36.34,36.57,36.23,36.27,22070
2012-04-13 17:00:00,36.27,36.38,36.09,36.16,52830
2012-04-13 18:00:00,36.19,36.24,36.08,36.16,34360
2012-04-13 19:00:00,36.16,36.18,36.03,36.14,33150
2012-04-13 20:00:00,36.15,36.28,36.15,36.25,29110
2012-04-13 21:00:00,36.25,36.25,35.96,36.0,73070
2012-04-13 22:00:00,35.99,36.04,35.71,35.71,213990
2012-04-16 16:00:00,36.0,36.08,35.73,35.77,68880
2012-04-16 17:00:00,35.72,35.9,35.48,35.85,44600
2012-04-16 18:00:00,35.84,35.99,35.74,35.74,129050
2012-04-16 19:00:00,35.76,35.86,35.65,35.82,37010
2012-04-16 20:00:00,35.9,35.93,35.75,35.8,33430
2012-04-16 21:00:00,35.8,35.86,35.73,35.77,75340
2012-04-16 22:00:00,35.77,35.83,35.67,35.78,97250
2012-04-17 16:00:00,35.97,36.17,35.87,36.16,12390
2012-04-17 17:00:00,36.14,36.15,36.01,36.11,73760
2012-04-17 18:00:00,36.13,36.23,36.13,36.23,45220
2012-04-17 19:00:00,36.24,36.34,36.19,36.19,32140
2012-04-17 20:00:00,36.2,36.24,36.15,36.18,43330
2012-04-17 21:00:00,36.18,36.22,36.13,36.21,72940
2012-04-17 22:00:00,36.21,36.31,36.18,36.29,160860
2012-04-18 16:00:00,36.04,36.09,35.97,36.09,12820
2012-04-18 17:00:00,36.09,36.09,35.95,35.99,34810
2012-04-18 18:00:00,35.99,35.99,35.84,35.94,14900
2012-04-18 19:00:00,35.93,35.93,35.79,35.82,11330
2012-04-18 20:00:00,35.82,35.87,35.62,35.71,27720
2012-04-18 21:00:00,35.72,35.81,35.67,35.74,31900
2012-04-18 22:00:00,35.74,35.8,35.69,35.71,97570
2012-04-19 16:00:00,35.8,35.91,35.62,35.91,42110
2012-04-19 17:00:00,35.9,36.01,35.56,35.93,47980
2012-04-19 18:00:00,35.93,35.98,35.73,35.78,23850
2012-04-19 19:00:00,35.77,35.78,35.57,35.66,20650
2012-04-19 20:00:00,35.65,35.65,35.47,35.47,18050
2012-04-19 21:00:00,35.49,35.58,35.29,35.41,48230
2012-04-19 22:00:00,35.4,35.52,35.4,35.5,127590
2012-04-20 16:00:00,35.7,35.71,35.42,35.52,30960
2012-04-20 17:00:00,35.56,35.85,35.49,35.85,41010
2012-04-20 18:00:00,35.81,35.91,35.78,35.85,21750
2012-04-20 19:00:00,35.87,35.9,35.79,35.83,20410
2012-04-20 20:00:00,35.84,35.9,35.69,35.71,47160
2012-04-20 21:00:00,35.73,35.73,35.46,35.5,77800
2012-04-20 22:00:00,35.5,35.58,35.42,35.42,91380
2012-04-23 16:00:00,35.03,35.06,34.82,34.9,15530
2012-04-23 17:00:00,34.86,34.91,34.65,34.82,127170
2012-04-23 18:00:00,34.82,34.96,34.82,34.96,34720
2012-04-23 19:00:00,34.95,35.07,34.94,35.02,42890
2012-04-23 20:00:00,35.01,35.07,35.0,35.03,31270
2012-04-23 21:00:00,35.03,35.14,35.0,35.06,49440
2012-04-23 22:00:00,35.05,35.2,35.05,35.14,103460
2012-04-24 16:00:00,35.14,35.39,35.11,35.28,17780
2012-04-24 17:00:00,35.28,35.4,35.28,35.35,32970
2012-04-24 18:00:00,35.35,35.52,35.3,35.48,28170
2012-04-24 19:00:00,35.47,35.57,35.43,35.55,173340
2012-04-24 20:00:00,35.55,35.6,35.52,35.54,43580
2012-04-24 21:00:00,35.54,35.55,35.47,35.53,83400
2012-04-24 22:00:00,35.54,35.6,35.47,35.6,103330
2012-04-25 16:00:00,36.04,36.37,35.99,36.35,52740
2012-04-25 17:00:00,36.32,36.36,36.2,36.28,97130
2012-04-25 18:00:00,36.28,36.28,36.05,36.1,186120
2012-04-25 19:00:00,36.1,36.12,35.92,35.95,405800
2012-04-25 20:00:00,35.95,36.3,35.8,36.3,247780
2012-04-25 21:00:00,36.3,36.35,36.08,36.11,294700
2012-04-25 22:00:00,36.11,36.13,35.99,36.09,894500
2012-04-26 16:00:00,36.11,36.27,36.02,36.16,36420
2012-04-26 17:00:00,36.16,36.27,36.1,36.14,102300
2012-04-26 18:00:00,36.15,36.32,36.03,36.32,137120
2012-04-26 19:00:00,36.33,36.41,36.11,36.14,106240
2012-04-26 20:00:00,36.14,36.41,36.14,36.38,178060
2012-04-26 21:00:00,36.39,36.64,36.35,36.62,123460
2012-04-26 22:00:00,36.63,36.84,36.62,36.79,343120
2012-04-27 16:00:00,36.95,36.95,36.43,36.63,25430
2012-04-27 17:00:00,36.61,36.65,36.45,36.65,80500
2012-04-27 18:00:00,36.65,36.8,36.64,36.73,85720
2012-04-27 19:00:00,36.72,36.82,36.71,36.73,42710
2012-04-27 20:00:00,36.73,36.87,36.72,36.81,51030
2012-04-27 21:00:00,36.82,36.89,36.8,36.87,62110
2012-04-27 22:00:00,36.87,36.91,36.79,36.83,222140
2012-04-30 16:00:00,36.73,36.82,36.41,36.41,12700
2012-04-30 17:00:00,36.39,36.77,36.32,36.67,85910
2012-04-30 18:00:00,36.67,36.84,36.65,36.84,80150
2012-04-30 19:00:00,36.83,36.93,36.78,36.87,81210
2012-04-30 20:00:00,36.87,36.92,36.81,36.92,42080
2012-04-30 21:00:00,36.93,36.94,36.69,36.73,143270
2012-04-30 22:00:00,36.73,36.8,36.59,36.59,174260
2012-05-01 16:00:00,36.43,36.66,36.36,36.36,14460
2012-05-01 17:00:00,36.41,37.04,36.41,37.01,32660
2012-05-01 18:00:00,36.99,37.0,36.82,36.98,36220
2012-05-01 19:00:00,36.97,36.99,36.89,36.95,17810
2012-05-01 20:00:00,36.96,37.02,36.82,37.01,344520
2012-05-01 21:00:00,36.99,37.02,36.83,36.87,74290
2012-05-01 22:00:00,36.87,36.9,36.65,36.72,86340
2012-05-02 16:00:00,35.27,36.28,34.9,36.24,301130
2012-05-02 17:00:00,36.24,36.32,35.77,35.96,441050
2012-05-02 18:00:00,35.95,36.47,35.93,36.14,390360
2012-05-02 19:00:00,36.12,36.14,35.2,35.36,233190
2012-05-02 20:00:00,35.32,35.52,35.25,35.5,147730
2012-05-02 21:00:00,35.5,35.69,35.28,35.28,126240
2012-05-02 22:00:00,35.27,35.31,34.8,35.2,383380
2012-05-03 16:00:00,35.51,37.04,35.05,36.46,369220
2012-05-03 17:00:00,36.47,36.9,36.38,36.77,221390
2012-05-03 18:00:00,36.77,36.94,36.69,36.75,231110
2012-05-03 19:00:00,36.75,36.83,36.52,36.52,107100
2012-05-03 20:00:00,36.53,36.66,36.32,36.59,225910
2012-05-03 21:00:00,36.57,36.57,36.17,36.18,128850
2012-05-03 22:00:00,36.19,36.57,36.16,36.22,283490
2012-05-04 16:00:00,36.14,36.41,35.63,35.69,83290
2012-05-04 17:00:00,35.7,35.88,35.52,35.59,46250
2012-05-04 18:00:00,35.6,35.6,35.33,35.34,57320
2012-05-04 19:00:00,35.34,35.43,35.27,35.33,136910
2012-05-04 20:00:00,35.34,35.45,35.18,35.22,126700
2012-05-04 21:00:00,35.23,35.23,34.99,35.0,176830
2012-05-04 22:00:00,35.0,35.14,34.95,35.02,270790
2012-05-07 16:00:00,34.8,34.82,34.35,34.75,120060
2012-05-07 17:00:00,34.74,34.8,34.54,34.54,107550
2012-05-07 18:00:00,34.56,34.65,34.45,34.46,61500
2012-05-07 19:00:00,34.45,34.5,34.35,34.38,56900
2012-05-07 20:00:00,34.38,34.43,34.26,34.34,87430
2012-05-07 21:00:00,34.34,34.43,34.25,34.32,106110
2012-05-07 22:00:00,34.32,34.42,34.29,34.34,287420
2012-05-08 16:00:00,34.06,34.28,33.99,34.21,43490
2012-05-08 17:00:00,34.2,34.21,33.77,33.78,104430
2012-05-08 18:00:00,33.79,33.88,33.62,33.81,116980
2012-05-08 19:00:00,33.79,33.82,33.66,33.72,36900
2012-05-08 20:00:00,33.72,33.84,33.71,33.73,54760
2012-05-08 21:00:00,33.73,34.03,33.68,33.97,201390
2012-05-08 22:00:00,33.98,34.43,33.96,34.36,193790
2012-05-09 16:00:00,33.96,34.08,33.9,34.04,18580
2012-05-09 17:00:00,34.03,34.15,33.77,33.96,59320
2012-05-09 18:00:00,33.95,34.32,33.9,34.2,86840
2012-05-09 19:00:00,34.18,34.2,34.01,34.12,48050
2012-05-09 20:00:00,34.13,34.4,34.09,34.3,57140
2012-05-09 21:00:00,34.28,34.35,34.18,34.2,62290
2012-05-09 22:00:00,34.18,34.29,34.14,34.18,142530
2012-05-10 16:00:00,34.41,34.49,34.21,34.22,18130
2012-05-10 17:00:00,34.28,34.28,33.98,34.03,11890
2012-05-10 18:00:00,34.01,34.05,33.88,33.92,12740
2012-05-10 19:00:00,33.93,34.11,33.84,34.09,16770
2012-05-10 20:00:00,34.09,34.27,34.03,34.08,100560
2012-05-10 21:00:00,34.06,34.13,33.99,34.13,37890
2012-05-10 22:00:00,34.11,34.15,33.78,33.92,156550
2012-05-11 16:00:00,33.62,34.07,33.56,33.97,32180
2012-05-11 17:00:00,33.97,34.29,33.97,34.23,25430
2012-05-11 18:00:00,34.22,34.33,34.09,34.17,24470
2012-05-11 19:00:00,34.2,34.26,34.13,34.13,23480
2012-05-11 20:00:00,34.11,34.2,34.01,34.11,38400
2012-05-11 21:00:00,34.14,34.16,33.99,34.01,46700
2012-05-11 22:00:00,34.01,34.04,33.75,33.88,146570
2012-05-14 16:00:00,33.32,33.42,33.09,33.11,52410
2012-05-14 17:00:00,33.12,33.39,32.88,33.33,82140
2012-05-14 18:00:00,33.34,33.4,33.18,33.3,50660
2012-05-14 19:00:00,33.32,33.4,33.21,33.22,65330
2012-05-14 20:00:00,33.24,33.33,33.13,33.21,76810
2012-05-14 21:00:00,33.23,33.3,33.13,33.16,90900
2012-05-14 22:00:00,33.19,33.22,32.96,32.97,217400
2012-05-15 16:00:00,32.13,33.23,32.13,33.17,78480
2012-05-15 17:00:00,33.18,33.31,33.08,33.24,140830
2012-05-15 18:00:00,33.22,33.27,33.0,33.24,67780
2012-05-15 19:00:00,33.26,33.49,33.24,33.33,57700
2012-05-15 20:00:00,33.35,33.38,33.03,33.15,79220
2012-05-15 21:00:00,33.16,33.24,32.91,32.95,88940
2012-05-15 22:00:00,32.94,32.94,32.78,32.84,188610
2012-05-16 16:00:00,33.01,33.12,32.75,33.1,40290
2012-05-16 17:00:00,33.05,33.24,33.01,33.04,47930
2012-05-16 18:00:00,33.04,33.06,32.87,33.05,30630
2012-05-16 19:00:00,33.03,33.03,32.69,32.73,38830
2012-05-16 20:00:00,32.73,32.88,32.69,32.88,82940
2012-05-16 21:00:00,32.9,33.01,32.79,32.99,138840
2012-05-16 22:00:00,32.99,33.01,32.83,32.9,354300
2012-05-17 16:00:00,32.83,32.95,32.79,32.9,54490
2012-05-17 17:00:00,32.82,32.93,32.71,32.76,82920
2012-05-17 18:00:00,32.79,32.8,32.66,32.76,70640
2012-05-17 19:00:00,32.74,32.74,32.41,32.62,44030
2012-05-17 20:00:00,32.61,32.67,32.5,32.54,51570
2012-05-17 21:00:00,32.54,32.63,32.51,32.6,53270
2012-05-17 22:00:00,32.61,32.64,32.37,32.37,266620
2012-05-18 16:00:00,32.54,32.76,32.46,32.66,77130
2012-05-18 17:00:00,32.66,33.02,32.6,32.97,112050
2012-05-18 18:00:00,32.97,32.98,32.55,32.62,104220
2012-05-18 19:00:00,32.63,32.72,32.6,32.66,82950
2012-05-18 20:00:00,32.66,32.96,32.61,32.91,96870
2012-05-18 21:00:00,32.92,33.05,32.79,33.01,133050
2012-05-18 22:00:00,33.01,33.1,32.75,32.8,339490
2012-05-21 16:00:00,32.95,33.06,32.79,33.04,54950
2012-05-21 17:00:00,33.04,33.27,33.01,33.24,75360
2012-05-21 18:00:00,33.23,33.25,33.06,33.18,84220
2012-05-21 19:00:00,33.17,33.28,33.03,33.13,118130
2012-05-21 20:00:00,33.14,33.24,33.08,33.14,81320
2012-05-21 21:00:00,33.17,33.22,33.04,33.21,108150
2012-05-21 22:00:00,33.21,33.36,33.2,33.35,177410
2012-05-22 16:00:00,33.47,33.57,33.31,33.53,32650
2012-05-22 17:00:00,33.54,33.83,33.52,33.76,87910
2012-05-22 18:00:00,33.77,33.83,33.72,33.78,97230
2012-05-22 19:00:00,33.77,33.9,33.72,33.9,84340
2012-05-22 20:00:00,33.9,34.01,33.87,33.96,110760
2012-05-22 21:00:00,33.96,34.05,33.89,33.99,241110
2012-05-22 22:00:00,33.98,34.07,33.91,34.07,632330
2012-05-23 16:00:00,33.73,33.78,33.34,33.56,43390
2012-05-23 17:00:00,33.57,33.65,33.29,33.32,74780
2012-05-23 18:00:00,33.3,33.51,33.29,33.33,80750
2012-05-23 19:00:00,33.34,33.43,33.25,33.28,94540
2012-05-23 20:00:00,33.28,33.49,33.25,33.41,62820
2012-05-23 21:00:00,33.41,33.55,33.32,33.54,100850
2012-05-23 22:00:00,33.53,33.83,33.49,33.81,145420
2012-05-24 16:00:00,33.82,33.99,33.59,33.65,21480
2012-05-24 17:00:00,33.63,34.03,33.62,33.89,63490
2012-05-24 18:00:00,33.87,33.92,33.65,33.7,49720
2012-05-24 19:00:00,33.69,33.69,33.55,33.66,61850
2012-05-24 20:00:00,33.66,33.71,33.47,33.47,106890
2012-05-24 21:00:00,33.5,33.58,33.42,33.52,62610
2012-05-24 22:00:00,33.54,33.71,33.52,33.69,177330
2012-05-25 16:00:00,33.75,34.1,33.7,34.09,16760
2012-05-25 17:00:00,34.08,34.12,33.95,34.11,57440
2012-05-25 18:00:00,34.13,34.29,34.11,34.25,47700
2012-05-25 19:00:00,34.22,34.28,34.11,34.14,31070
2012-05-25 20:00:00,34.13,34.16,34.09,34.13,22690
2012-05-25 21:00:00,34.13,34.13,33.93,33.99,38590
2012-05-25 22:00:00,33.99,34.11,33.97,34.1,168960
2012-05-29 16:00:00,34.4,34.59,34.36,34.53,42010
2012-05-29 17:00:00,34.5,34.79,34.47,34.71,30530
2012-05-29 18:00:00,34.69,34.71,34.39,34.48,62840
2012-05-29 19:00:00,34.47,34.5,34.33,34.4,68020
2012-05-29 20:00:00,34.41,34.47,34.36,34.41,35460
2012-05-29 21:00:00,34.4,34.52,34.38,34.52,46030
2012-05-29 22:00:00,34.52,34.65,34.46,34.65,100920
2012-05-30 16:00:00,34.34,34.35,34.11,34.21,49190
2012-05-30 17:00:00,34.21,34.3,34.12,34.2,91170
2012-05-30 18:00:00,34.18,34.3,34.17,34.2,33990
2012-05-30 19:00:00,34.21,34.23,34.08,34.2,50850
2012-05-30 20:00:00,34.2,34.37,34.17,34.31,35170
2012-05-30 21:00:00,34.35,34.43,34.33,34.37,52420
2012-05-30 22:00:00,34.35,34.37,34.19,34.2,130160
2012-05-31 16:00:00,33.52,34.25,33.52,34.02,211680
2012-05-31 17:00:00,34.0,34.01,33.59,33.64,233290
2012-05-31 18:00:00,33.63,33.75,33.53,33.62,129040
2012-05-31 19:00:00,33.62,33.76,33.62,33.74,76130
2012-05-31 20:00:00,33.73,33.85,33.7,33.77,260750
2012-05-31 21:00:00,33.77,33.9,33.71,33.89,301720
2012-05-31 22:00:00,33.9,33.99,33.72,33.81,1126490
2012-06-01 16:00:00,33.25,33.46,33.01,33.07,159630
2012-06-01 17:00:00,33.07,33.37,32.99,33.34,175580
2012-06-01 18:00:00,33.33,33.53,33.28,33.44,143090
2012-06-01 19:00:00,33.45,33.55,33.39,33.55,124330
2012-06-01 20:00:00,33.54,33.56,33.38,33.42,174200
2012-06-01 21:00:00,33.42,33.55,33.4,33.47,284680
2012-06-01 22:00:00,33.45,33.48,33.29,33.38,684250
2012-06-04 16:00:00,33.39,33.51,33.26,33.38,75140
2012-06-04 17:00:00,33.35,33.41,33.13,33.14,74060
2012-06-04 18:00:00,33.15,33.19,32.96,33.02,99000
2012-06-04 19:00:00,33.01,33.02,32.75,32.89,56720
2012-06-04 20:00:00,32.89,33.02,32.83,32.97,85940
2012-06-04 21:00:00,32.96,33.26,32.93,33.12,51740
2012-06-04 22:00:00,33.09,33.18,32.99,33.13,126070
2012-06-05 16:00:00,33.05,33.25,32.97,33.23,48590
2012-06-05 17:00:00,33.32,33.42,33.08,33.09,46110
2012-06-05 18:00:00,33.09,33.27,33.05,33.1,76640
2012-06-05 19:00:00,33.12,33.25,33.07,33.19,177260
2012-06-05 20:00:00,33.19,33.23,33.09,33.11,118230
2012-06-05 21:00:00,33.12,33.19,33.11,33.18,104940
2012-06-05 22:00:00,33.18,33.22,33.12,33.2,324410
2012-06-06 16:00:00,33.3,33.48,33.28,33.36,79830
2012-06-06 17:00:00,33.35,33.4,33.2,33.26,196110
2012-06-06 18:00:00,33.26,33.38,33.23,33.34,134180
2012-06-06 19:00:00,33.32,33.6,33.32,33.43,149120
2012-06-06 20:00:00,33.43,33.5,33.4,33.44,98320
2012-06-06 21:00:00,33.44,33.47,33.3,33.36,156830
2012-06-06 22:00:00,33.37,33.56,33.34,33.55,282490
2012-06-07 16:00:00,34.0,34.13,33.89,34.02,33600
2012-06-07 17:00:00,34.02,34.04,33.43,33.48,78460
2012-06-07 18:00:00,33.51,33.58,33.43,33.48,153920
2012-06-07 19:00:00,33.48,33.71,33.46,33.67,104870
2012-06-07 20:00:00,33.66,33.78,33.63,33.69,69820
2012-06-07 21:00:00,33.7,33.76,33.59,33.72,93180
2012-06-07 22:00:00,33.71,33.74,33.48,33.52,160870
2012-06-08 16:00:00,33.51,33.51,32.91,33.02,52450
2012-06-08 17:00:00,33.0,33.12,32.95,33.08,100410
2012-06-08 18:00:00,33.08,33.17,32.97,33.11,55770
2012-06-08 19:00:00,33.11,33.16,33.04,33.13,80230
2012-06-08 20:00:00,33.14,33.27,33.07,33.24,111390
2012-06-08 21:00:00,33.25,33.4,33.21,33.35,102170
2012-06-08 22:00:00,33.34,33.34,33.15,33.23,297840
2012-06-11 16:00:00,33.47,33.54,33.14,33.14,23740
2012-06-11 17:00:00,33.11,33.18,32.9,32.98,75960
2012-06-11 18:00:00,32.99,33.14,32.95,33.06,100740
2012-06-11 19:00:00,33.04,33.08,33.01,33.03,37100
2012-06-11 20:00:00,33.05,33.09,32.96,32.99,31780
2012-06-11 21:00:00,32.98,33.0,32.86,32.9,46690
2012-06-11 22:00:00,32.89,32.91,32.56,32.56,109090
2012-06-12 16:00:00,32.74,32.74,32.48,32.61,25250
2012-06-12 17:00:00,32.65,32.7,32.34,32.51,44250
2012-06-12 18:00:00,32.48,32.62,32.29,32.3,115860
2012-06-12 19:00:00,32.31,32.38,32.18,32.27,73920
2012-06-12 20:00:00,32.25,32.34,32.13,32.15,89900
2012-06-12 21:00:00,32.16,32.3,32.12,32.21,150430
2012-06-12 22:00:00,32.22,32.3,32.18,32.21,334190
2012-06-13 16:00:00,32.17,32.3,31.99,32.12,96930
2012-06-13 17:00:00,32.14,32.25,31.99,32.05,188710
2012-06-13 18:00:00,32.04,32.09,31.83,31.84,259210
2012-06-13 19:00:00,31.84,32.07,31.73,31.94,147270
2012-06-13 20:00:00,31.94,32.02,31.76,31.89,152450
2012-06-13 21:00:00,31.89,32.02,31.85,31.96,89680
2012-06-13 22:00:00,31.96,31.98,31.6,31.67,438380
2012-06-14 16:00:00,31.74,32.03,31.7,32.03,52140
2012-06-14 17:00:00,32.03,32.09,31.95,32.05,70680
2012-06-14 18:00:00,32.04,32.08,31.93,32.05,177190
2012-06-14 19:00:00,32.05,32.09,31.96,31.98,153120
2012-06-14 20:00:00,31.99,32.0,31.8,31.9,131570
2012-06-14 21:00:00,31.9,31.93,31.53,31.61,212090
2012-06-14 22:00:00,31.61,32.07,31.59,31.96,446000
2012-06-15 16:00:00,32.0,32.03,31.86,31.98,194970
2012-06-15 17:00:00,31.98,32.03,31.91,31.99,41760
2012-06-15 18:00:00,32.0,32.02,31.94,31.99,84300
2012-06-15 19:00:00,31.99,32.05,31.97,32.0,99980
2012-06-15 20:00:00,32.0,32.06,31.99,32.04,33290
2012-06-15 21:00:00,32.03,32.2,32.02,32.18,84420
2012-06-15 22:00:00,32.18,32.24,32.09,32.15,242220
2012-06-18 16:00:00,31.95,32.03,31.68,31.89,25950
2012-06-18 17:00:00,31.93,32.01,31.78,31.92,47130
2012-06-18 18:00:00,31.93,31.96,31.73,31.78,39590
2012-06-18 19:00:00,31.78,31.78,31.66,31.69,28270
2012-06-18 20:00:00,31.71,31.83,31.7,31.81,47850
2012-06-18 21:00:00,31.83,31.91,31.82,31.87,67260
2012-06-18 22:00:00,31.87,31.95,31.72,31.92,193030
2012-06-19 16:00:00,32.0,32.05,31.84,32.04,81990
2012-06-19 17:00:00,32.05,32.28,32.03,32.08,61340
2012-06-19 18:00:00,32.08,32.5,32.08,32.48,187660
2012-06-19 19:00:00,32.46,32.46,32.23,32.24,48460
2012-06-19 20:00:00,32.24,32.46,32.24,32.36,44300
2012-06-19 21:00:00,32.37,32.42,32.3,32.4,72920
2012-06-19 22:00:00,32.4,32.46,32.34,32.43,169620
2012-06-20 16:00:00,32.35,32.54,32.35,32.49,44090
2012-06-20 17:00:00,32.49,32.61,32.46,32.52,57210
2012-06-20 18:00:00,32.5,32.69,32.5,32.62,61070
2012-06-20 19:00:00,32.61,32.87,32.55,32.78,149570
2012-06-20 20:00:00,32.77,32.91,32.65,32.75,100320
2012-06-20 21:00:00,32.74,32.8,32.47,32.6,155130
2012-06-20 22:00:00,32.59,32.85,32.55,32.84,424050
2012-06-21 16:00:00,32.79,32.94,32.48,32.52,46590
2012-06-21 17:00:00,32.5,32.54,32.37,32.44,98170
2012-06-21 18:00:00,32.42,32.47,32.28,32.35,118480
2012-06-21 19:00:00,32.36,32.38,32.12,32.15,112960
2012-06-21 20:00:00,32.16,32.16,31.91,31.97,74190
2012-06-21 21:00:00,31.96,32.08,31.94,32.07,118870
2012-06-21 22:00:00,32.06,32.11,31.97,32.0,254140
2012-06-22 16:00:00,32.16,32.34,32.0,32.34,27640
2012-06-22 17:00:00,32.32,32.44,32.0,32.29,73610
2012-06-22 18:00:00,32.27,32.52,32.27,32.44,84280
2012-06-22 19:00:00,32.44,32.45,32.25,32.35,34600
2012-06-22 20:00:00,32.34,32.39,32.24,32.33,50840
2012-06-22 21:00:00,32.34,32.61,32.34,32.61,58160
2012-06-22 22:00:00,32.61,32.74,32.52,32.65,201120
2012-06-25 16:00:00,32.26,32.26,31.97,31.99,13510
2012-06-25 17:00:00,31.99,32.08,31.75,31.76,38190
2012-06-25 18:00:00,31.74,31.74,31.47,31.54,61670
2012-06-25 19:00:00,31.53,31.71,31.51,31.69,37120
2012-06-25 20:00:00,31.7,31.76,31.67,31.71,47800
2012-06-25 21:00:00,31.74,31.74,31.6,31.65,63940
2012-06-25 22:00:00,31.66,31.75,31.6,31.6,107960
2012-06-26 16:00:00,31.68,31.89,31.62,31.85,44540
2012-06-26 17:00:00,31.85,31.99,31.81,31.93,76290
2012-06-26 18:00:00,31.92,32.11,31.8,32.05,100520
2012-06-26 19:00:00,32.04,32.08,31.93,32.01,75410
2012-06-26 20:00:00,32.0,32.0,31.82,31.92,36940
2012-06-26 21:00:00,31.91,32.01,31.83,31.87,49420
2012-06-26 22:00:00,31.87,31.89,31.73,31.79,159170
2012-06-27 16:00:00,31.86,31.98,31.79,31.94,89160
2012-06-27 17:00:00,31.94,32.16,31.8,32.14,103930
2012-06-27 18:00:00,32.14,32.18,32.07,32.13,36960
2012-06-27 19:00:00,32.12,32.32,32.12,32.2,26450
2012-06-27 20:00:00,32.2,32.28,32.06,32.09,51060
2012-06-27 21:00:00,32.09,32.11,32.0,32.08,39020
2012-06-27 22:00:00,32.09,32.27,32.09,32.19,92760
2012-06-28 16:00:00,31.92,32.07,31.7,32.0,15760
2012-06-28 17:00:00,32.0,32.0,31.79,31.94,53600
2012-06-28 18:00:00,31.94,32.16,31.87,32.16,86270
2012-06-28 19:00:00,32.17,32.22,31.91,31.95,83790
2012-06-28 20:00:00,31.96,32.0,31.88,31.98,53540
2012-06-28 21:00:00,31.98,32.04,31.91,32.04,52830
2012-06-28 22:00:00,32.03,32.7,32.01,32.68,321070
2012-06-29 16:00:00,33.26,33.34,33.16,33.24,51620
2012-06-29 17:00:00,33.23,33.56,33.23,33.53,91830
2012-06-29 18:00:00,33.53,33.59,33.4,33.57,102590
2012-06-29 19:00:00,33.58,33.74,33.57,33.71,63600
2012-06-29 20:00:00,33.71,33.84,33.69,33.78,109330
2012-06-29 21:00:00,33.78,33.91,33.68,33.81,115760
2012-06-29 22:00:00,33.8,34.03,33.68,34.03,216830
2012-07-02 16:00:00,34.05,34.33,33.98,34.2,44370
2012-07-02 17:00:00,34.18,34.21,33.99,34.11,186320
2012-07-02 18:00:00,34.11,34.12,33.95,33.98,78890
2012-07-02 19:00:00,33.98,34.16,33.92,34.14,124320
2012-07-02 20:00:00,34.12,34.14,33.93,33.94,59410
2012-07-02 21:00:00,33.94,34.04,33.9,34.0,60000
2012-07-02 22:00:00,34.0,34.29,33.98,34.28,152900
2012-07-03 16:00:00,34.2,34.31,33.92,33.95,43110
2012-07-03 17:00:00,33.95,34.12,33.89,34.01,70360
2012-07-03 18:00:00,34.01,34.23,33.9,34.21,86390
2012-07-03 19:00:00,34.2,34.25,33.94,34.2,157830
2012-07-03 20:00:00,34.2,34.2,34.2,34.2,18210
2012-07-05 16:00:00,34.14,34.29,34.01,34.05,32650
2012-07-05 17:00:00,34.04,34.45,34.01,34.36,107600
2012-07-05 18:00:00,34.37,34.48,34.27,34.34,48710
2012-07-05 19:00:00,34.33,34.44,34.24,34.31,42330
2012-07-05 20:00:00,34.3,34.35,34.22,34.25,40110
2012-07-05 21:00:00,34.26,34.31,34.12,34.14,64730
2012-07-05 22:00:00,34.14,34.16,33.99,34.05,240140
2012-07-06 16:00:00,33.83,34.28,33.71,34.28,54500
2012-07-06 17:00:00,34.27,34.29,33.96,34.02,111060
2012-07-06 18:00:00,34.02,34.27,34.01,34.21,108440
2012-07-06 19:00:00,34.21,34.26,34.06,34.19,66190
2012-07-06 20:00:00,34.2,34.21,34.05,34.06,97650
2012-07-06 21:00:00,34.07,34.21,34.07,34.12,80450
2012-07-06 22:00:00,34.12,34.35,34.06,34.27,153620
2012-07-09 16:00:00,34.14,34.17,33.79,33.8,25860
2012-07-09 17:00:00,33.78,33.9,33.63,33.88,142170
2012-07-09 18:00:00,33.88,33.88,33.66,33.66,11670
2012-07-09 19:00:00,33.67,33.77,33.65,33.71,18630
2012-07-09 20:00:00,33.71,33.81,33.68,33.8,33720
2012-07-09 21:00:00,33.8,33.8,33.6,33.65,33840
2012-07-09 22:00:00,33.64,33.77,33.64,33.77,83470
2012-07-10 16:00:00,33.92,34.06,33.78,33.83,52300
2012-07-10 17:00:00,33.82,33.87,33.66,33.7,62690
2012-07-10 18:00:00,33.67,33.7,33.58,33.64,21900
2012-07-10 19:00:00,33.64,33.74,33.62,33.72,56740
2012-07-10 20:00:00,33.72,33.77,33.64,33.71,76080
2012-07-10 21:00:00,33.71,33.71,33.33,33.38,116280
2012-07-10 22:00:00,33.39,33.52,33.29,33.47,180410
2012-07-11 16:00:00,33.53,33.67,33.4,33.56,47830
2012-07-11 17:00:00,33.56,33.68,33.41,33.41,76300
2012-07-11 18:00:00,33.43,33.54,33.29,33.29,40630
2012-07-11 19:00:00,33.3,33.35,33.2,33.23,29210
2012-07-11 20:00:00,33.24,33.24,33.07,33.11,33870
2012-07-11 21:00:00,33.12,33.15,32.81,32.89,106300
2012-07-11 22:00:00,32.91,33.09,32.83,33.08,273220
2012-07-12 16:00:00,32.93,33.13,32.8,32.84,19870
2012-07-12 17:00:00,32.8,32.91,32.66,32.67,53150
2012-07-12 18:00:00,32.69,32.8,32.66,32.8,90190
2012-07-12 19:00:00,32.8,32.8,32.75,32.8,27990
2012-07-12 20:00:00,32.8,33.06,32.78,32.93,73200
2012-07-12 21:00:00,32.96,33.02,32.89,33.0,42920
2012-07-12 22:00:00,33.01,33.23,33.0,33.07,138290
2012-07-13 16:00:00,33.13,33.47,33.09,33.47,11290
2012-07-13 17:00:00,33.47,33.7,33.47,33.67,19430
2012-07-13 18:00:00,33.67,33.81,33.65,33.81,22060
2012-07-13 19:00:00,33.79,33.89,33.75,33.88,33070
2012-07-13 20:00:00,33.88,33.97,33.8,33.96,53640
2012-07-13 21:00:00,33.95,33.96,33.8,33.92,58240
2012-07-13 22:00:00,33.92,34.02,33.9,33.99,130450
2012-07-16 16:00:00,33.87,33.87,33.61,33.64,3890
2012-07-16 17:00:00,33.63,33.74,33.36,33.36,43960
2012-07-16 18:00:00,33.36,33.63,33.34,33.5,52720
2012-07-16 19:00:00,33.51,33.58,33.47,33.52,72320
2012-07-16 20:00:00,33.53,33.54,33.47,33.49,31200
2012-07-16 21:00:00,33.5,33.55,33.45,33.45,36250
2012-07-16 22:00:00,33.45,33.51,33.43,33.5,87210
2012-07-17 16:00:00,33.7,33.83,33.44,33.62,15930
2012-07-17 17:00:00,33.56,33.63,33.39,33.46,61620
2012-07-17 18:00:00,33.48,33.77,33.42,33.72,25560
2012-07-17 19:00:00,33.77,33.94,33.73,33.89,15690
2012-07-17 20:00:00,33.86,33.99,33.84,33.97,54930
2012-07-17 21:00:00,33.99,34.0,33.73,33.81,123920
2012-07-17 22:00:00,33.81,33.85,33.72,33.82,85970
2012-07-18 16:00:00,33.75,34.01,33.67,33.94,11670
2012-07-18 17:00:00,33.98,34.06,33.91,34.01,23180
2012-07-18 18:00:00,34.04,34.28,33.94,34.25,56180
2012-07-18 19:00:00,34.22,34.4,34.22,34.4,42800
2012-07-18 20:00:00,34.39,34.4,34.29,34.35,30450
2012-07-18 21:00:00,34.34,34.35,34.0,34.05,27100
2012-07-18 22:00:00,34.06,34.21,34.04,34.12,69100
2012-07-19 16:00:00,34.33,34.35,34.06,34.23,32820
2012-07-19 17:00:00,34.22,34.5,34.04,34.46,26390
2012-07-19 18:00:00,34.42,34.47,34.09,34.14,80150
2012-07-19 19:00:00,34.14,34.7,34.14,34.64,82260
2012-07-19 20:00:00,34.61,34.67,34.48,34.48,26580
2012-07-19 21:00:00,34.51,34.59,34.41,34.42,42550
2012-07-19 22:00:00,34.42,34.44,34.33,34.35,171860
2012-07-20 16:00:00,34.17,34.26,33.87,33.93,11690
2012-07-20 17:00:00,33.91,34.21,33.89,34.09,35170
2012-07-20 18:00:00,34.08,34.3,34.0,34.06,32330
2012-07-20 19:00:00,34.08,34.08,33.93,33.94,5330
2012-07-20 20:00:00,33.95,34.11,33.94,34.1,25970
2012-07-20 21:00:00,34.11,34.15,33.95,33.97,54820
2012-07-20 22:00:00,33.95,33.97,33.78,33.8,116560
2012-07-23 16:00:00,33.34,33.39,32.81,33.0,31450
2012-07-23 17:00:00,32.99,32.99,32.64,32.79,48310
2012-07-23 18:00:00,32.77,32.83,32.69,32.8,30130
2012-07-23 19:00:00,32.78,32.99,32.75,32.96,28850
2012-07-23 20:00:00,32.96,33.17,32.92,33.13,49700
2012-07-23 21:00:00,33.13,33.28,33.08,33.25,43150
2012-07-23 22:00:00,33.28,33.39,33.22,33.31,86970
2012-07-24 16:00:00,33.37,33.55,33.33,33.45,19810
2012-07-24 17:00:00,33.44,33.49,33.37,33.42,34650
2012-07-24 18:00:00,33.46,33.52,32.92,33.15,125710
2012-07-24 19:00:00,33.15,33.15,32.82,32.89,58810
2012-07-24 20:00:00,32.88,32.9,32.74,32.79,25700
2012-07-24 21:00:00,32.79,32.79,32.54,32.56,42470
2012-07-24 22:00:00,32.56,32.7,32.48,32.61,183940
2012-07-25 16:00:00,32.74,32.93,32.61,32.83,10030
2012-07-25 17:00:00,32.78,32.78,32.42,32.42,26270
2012-07-25 18:00:00,32.41,32.58,32.29,32.56,65430
2012-07-25 19:00:00,32.56,32.63,32.42,32.49,53340
2012-07-25 20:00:00,32.49,32.67,32.48,32.61,53000
2012-07-25 21:00:00,32.61,32.68,32.55,32.58,73310
2012-07-25 22:00:00,32.58,32.66,32.49,32.65,137490
2012-07-26 16:00:00,33.12,33.24,32.98,33.07,18020
2012-07-26 17:00:00,33.03,33.15,32.72,32.77,49650
2012-07-26 18:00:00,32.77,32.77,32.62,32.7,67450
2012-07-26 19:00:00,32.69,32.69,32.55,32.62,48200
2012-07-26 20:00:00,32.62,32.66,32.52,32.53,47900
2012-07-26 21:00:00,32.56,32.65,32.55,32.62,79260
2012-07-26 22:00:00,32.63,32.88,32.63,32.85,148640
2012-07-27 16:00:00,32.97,32.99,32.78,32.92,10810
2012-07-27 17:00:00,32.94,32.99,32.74,32.77,152750
2012-07-27 18:00:00,32.78,33.16,32.73,33.03,96480
2012-07-27 19:00:00,33.03,33.12,32.95,33.12,72090
2012-07-27 20:00:00,33.12,33.45,33.12,33.41,36910
2012-07-27 21:00:00,33.41,33.53,33.25,33.53,30330
2012-07-27 22:00:00,33.52,33.66,33.4,33.47,99450
2012-07-30 16:00:00,33.47,33.62,33.32,33.45,8780
2012-07-30 17:00:00,33.43,33.53,33.3,33.3,13610
2012-07-30 18:00:00,33.32,33.41,33.11,33.13,22190
2012-07-30 19:00:00,33.11,33.18,33.04,33.16,15670
2012-07-30 20:00:00,33.18,33.31,33.16,33.26,12120
2012-07-30 21:00:00,33.22,33.3,33.21,33.23,17240
2012-07-30 22:00:00,33.23,33.3,33.13,33.24,68840
2012-07-31 16:00:00,33.17,33.3,33.02,33.07,18690
2012-07-31 17:00:00,33.12,33.17,32.83,32.93,60080
2012-07-31 18:00:00,32.93,33.29,32.85,33.24,127620
2012-07-31 19:00:00,33.21,33.21,33.01,33.04,40520
2012-07-31 20:00:00,33.04,33.13,33.01,33.07,21760
2012-07-31 21:00:00,33.07,33.33,33.04,33.28,114370
2012-07-31 22:00:00,33.28,33.28,33.14,33.17,86640
2012-08-01 16:00:00,33.34,33.6,33.05,33.4,56000
2012-08-01 17:00:00,33.38,33.48,33.21,33.36,98340
2012-08-01 18:00:00,33.36,33.38,33.18,33.26,162700
2012-08-01 19:00:00,33.3,33.43,33.25,33.29,70760
2012-08-01 20:00:00,33.3,33.36,33.14,33.17,132270
2012-08-01 21:00:00,33.19,33.31,33.13,33.24,100660
2012-08-01 22:00:00,33.23,33.32,33.17,33.3,195890
2012-08-02 16:00:00,33.39,33.39,32.24,32.63,99830
2012-08-02 17:00:00,32.62,33.05,32.42,32.87,78730
2012-08-02 18:00:00,32.87,33.07,32.56,32.66,277290
2012-08-02 19:00:00,32.66,32.7,32.13,32.69,244590
2012-08-02 20:00:00,32.68,32.76,32.12,32.33,283230
2012-08-02 21:00:00,32.34,32.51,32.13,32.14,285460
2012-08-02 22:00:00,32.14,32.53,31.96,32.23,506810
2012-08-03 16:00:00,32.7,33.64,32.52,32.69,76740
2012-08-03 17:00:00,32.71,33.11,32.71,33.0,55240
2012-08-03 18:00:00,33.0,33.3,32.94,33.25,64190
2012-08-03 19:00:00,33.26,33.26,32.97,33.06,29250
2012-08-03 20:00:00,33.07,33.12,32.96,32.98,47260
2012-08-03 21:00:00,32.99,33.11,32.99,33.09,60580
2012-08-03 22:00:00,33.11,33.32,33.03,33.29,175640
2012-08-06 16:00:00,33.25,33.34,32.92,33.25,57790
2012-08-06 17:00:00,33.27,33.5,33.25,33.4,50480
2012-08-06 18:00:00,33.39,33.49,33.32,33.33,70710
2012-08-06 19:00:00,33.35,33.52,33.28,33.45,48620
2012-08-06 20:00:00,33.45,33.5,33.38,33.45,54450
2012-08-06 21:00:00,33.46,33.49,33.38,33.44,47340
2012-08-06 22:00:00,33.38,33.55,33.38,33.41,161370
2012-08-07 16:00:00,33.58,33.77,33.57,33.66,35770
2012-08-07 17:00:00,33.67,34.0,33.62,33.95,37430
2012-08-07 18:00:00,33.96,34.41,33.91,34.27,49850
2012-08-07 19:00:00,34.3,34.6,34.25,34.53,95300
2012-08-07 20:00:00,34.53,34.69,34.5,34.66,68930
2012-08-07 21:00:00,34.66,34.74,34.59,34.74,47530
2012-08-07 22:00:00,34.74,34.9,34.55,34.81,256070
2012-08-08 16:00:00,34.62,34.87,34.59,34.82,27080
2012-08-08 17:00:00,34.83,34.94,34.73,34.91,53850
2012-08-08 18:00:00,34.93,35.2,34.78,35.01,86300
2012-08-08 19:00:00,35.02,35.17,34.93,35.04,42320
2012-08-08 20:00:00,35.06,35.06,34.96,35.01,27210
2012-08-08 21:00:00,35.02,35.05,34.93,35.03,53420
2012-08-08 22:00:00,35.02,35.11,34.93,35.08,142040
2012-08-09 16:00:00,35.01,35.32,35.01,35.11,22210
2012-08-09 17:00:00,35.11,35.22,35.07,35.16,31610
2012-08-09 18:00:00,35.15,35.18,35.0,35.03,46720
2012-08-09 19:00:00,35.05,35.11,35.01,35.05,15160
2012-08-09 20:00:00,35.07,35.12,34.97,35.02,39520
2012-08-09 21:00:00,35.0,35.01,34.91,34.95,39420
2012-08-09 22:00:00,34.95,35.08,34.93,35.05,113920
2012-08-10 16:00:00,34.9,35.33,34.87,35.11,22610
2012-08-10 17:00:00,35.09,35.26,34.99,35.18,23080
2012-08-10 18:00:00,35.19,35.3,35.13,35.23,29670
2012-08-10 19:00:00,35.23,35.4,35.18,35.33,33780
2012-08-10 20:00:00,35.31,35.38,35.22,35.24,35510
2012-08-10 21:00:00,35.24,35.3,35.2,35.24,31650
2012-08-10 22:00:00,35.24,35.32,35.16,35.3,102730
2012-08-13 16:00:00,35.17,35.43,35.17,35.23,22240
2012-08-13 17:00:00,35.26,35.31,35.14,35.23,36300
2012-08-13 18:00:00,35.22,35.27,35.16,35.27,22270
2012-08-13 19:00:00,35.25,35.26,35.09,35.19,24180
2012-08-13 20:00:00,35.2,35.25,35.18,35.2,12860
2012-08-13 21:00:00,35.2,35.32,35.19,35.27,18950
2012-08-13 22:00:00,35.26,35.34,35.19,35.33,63870
2012-08-14 16:00:00,35.47,35.59,35.46,35.5,13700
2012-08-14 17:00:00,35.52,35.59,35.46,35.53,43560
2012-08-14 18:00:00,35.52,35.63,35.48,35.57,44450
2012-08-14 19:00:00,35.57,35.57,35.4,35.45,28700
2012-08-14 20:00:00,35.44,35.58,35.42,35.57,68790
2012-08-14 21:00:00,35.59,35.59,35.47,35.57,26210
2012-08-14 22:00:00,35.57,35.57,35.47,35.55,122050
2012-08-15 16:00:00,35.51,35.88,35.47,35.83,29100
2012-08-15 17:00:00,35.79,35.95,35.68,35.91,67490
2012-08-15 18:00:00,35.91,36.05,35.9,35.95,34400
2012-08-15 19:00:00,35.93,36.13,35.91,35.97,101940
2012-08-15 20:00:00,35.95,36.02,35.9,35.96,26920
2012-08-15 21:00:00,35.95,36.01,35.88,35.94,31620
2012-08-15 22:00:00,35.93,36.04,35.9,36.01,104280
2012-08-16 16:00:00,35.96,36.36,35.96,36.06,63240
2012-08-16 17:00:00,36.06,36.3,36.01,36.28,59690
2012-08-16 18:00:00,36.28,36.37,36.24,36.32,35360
2012-08-16 19:00:00,36.32,36.35,36.25,36.28,44910
2012-08-16 20:00:00,36.26,36.27,36.12,36.21,58070
2012-08-16 21:00:00,36.21,36.28,36.15,36.16,51710
2012-08-16 22:00:00,36.16,36.28,36.13,36.27,129170
2012-08-17 16:00:00,36.31,36.35,36.16,36.32,11260
2012-08-17 17:00:00,36.31,36.32,36.1,36.17,121030
2012-08-17 18:00:00,36.18,36.2,35.96,36.04,44790
2012-08-17 19:00:00,36.04,36.11,35.98,35.99,67160
2012-08-17 20:00:00,36.0,36.02,35.92,35.94,55910
2012-08-17 21:00:00,35.94,35.97,35.89,35.9,37770
2012-08-17 22:00:00,35.92,35.92,35.83,35.86,146300
2012-08-20 16:00:00,35.72,35.75,35.44,35.44,31730
2012-08-20 17:00:00,35.43,35.47,35.15,35.18,75790
2012-08-20 18:00:00,35.18,35.37,35.17,35.34,52350
2012-08-20 19:00:00,35.36,35.36,35.17,35.22,62040
2012-08-20 20:00:00,35.2,35.26,35.06,35.1,166040
2012-08-20 21:00:00,35.11,35.37,35.09,35.37,67510
2012-08-20 22:00:00,35.36,35.36,35.27,35.29,130290
2012-08-21 16:00:00,35.43,35.68,35.3,35.62,29900
2012-08-21 17:00:00,35.67,35.92,35.59,35.81,113990
2012-08-21 18:00:00,35.81,35.85,35.72,35.76,31600
2012-08-21 19:00:00,35.77,35.84,35.59,35.65,103110
2012-08-21 20:00:00,35.62,35.63,35.48,35.53,125200
2012-08-21 21:00:00,35.53,35.57,35.31,35.52,219170
2012-08-21 22:00:00,35.51,35.58,35.43,35.56,81930
2012-08-22 16:00:00,35.58,35.68,35.33,35.56,45520
2012-08-22 17:00:00,35.56,35.62,35.2,35.27,263980
2012-08-22 18:00:00,35.29,35.6,35.26,35.59,557050
2012-08-22 19:00:00,35.59,35.68,35.4,35.46,107950
2012-08-22 20:00:00,35.46,35.72,35.39,35.59,112350
2012-08-22 21:00:00,35.59,35.85,35.53,35.66,219070
2012-08-22 22:00:00,35.65,35.71,35.57,35.58,146290
2012-08-23 16:00:00,35.59,35.67,35.26,35.3,12590
2012-08-23 17:00:00,35.34,35.45,35.25,35.39,10200
2012-08-23 18:00:00,35.38,35.42,35.21,35.32,21660
2012-08-23 19:00:00,35.38,35.38,35.21,35.3,31950
2012-08-23 20:00:00,35.25,35.31,35.06,35.31,47760
2012-08-23 21:00:00,35.28,35.32,35.19,35.21,36830
2012-08-23 22:00:00,35.21,35.29,35.06,35.09,71480
2012-08-24 16:00:00,35.13,35.29,35.05,35.2,20600
2012-08-24 17:00:00,35.19,35.31,35.12,35.27,29420
2012-08-24 18:00:00,35.3,35.39,35.22,35.25,51170
2012-08-24 19:00:00,35.28,35.37,35.24,35.33,65480
2012-08-24 20:00:00,35.35,35.4,35.3,35.38,18750
2012-08-24 21:00:00,35.38,35.4,35.32,35.37,26500
2012-08-24 22:00:00,35.37,35.49,35.33,35.43,47370
2012-08-27 16:00:00,35.52,35.56,35.28,35.29,4800
2012-08-27 17:00:00,35.26,35.43,35.25,35.32,6160
2012-08-27 18:00:00,35.33,35.46,35.3,35.3,37770
2012-08-27 19:00:00,35.3,35.3,35.17,35.27,20260
2012-08-27 20:00:00,35.28,35.32,35.21,35.27,40370
2012-08-27 21:00:00,35.26,35.3,35.16,35.21,13230
2012-08-27 22:00:00,35.21,35.28,35.12,35.16,56620
2012-08-28 16:00:00,35.1,35.17,34.69,34.74,35610
2012-08-28 17:00:00,34.73,35.21,34.64,35.08,80710
2012-08-28 18:00:00,35.09,35.17,34.92,35.16,78670
2012-08-28 19:00:00,35.16,35.2,35.06,35.11,56550
2012-08-28 20:00:00,35.13,35.17,35.04,35.08,26900
2012-08-28 21:00:00,35.08,35.11,35.05,35.06,29820
2012-08-28 22:00:00,35.06,35.11,34.98,35.04,77150
2012-08-29 16:00:00,35.27,35.44,35.04,35.21,35470
2012-08-29 17:00:00,35.25,35.42,35.21,35.26,96360
2012-08-29 18:00:00,35.26,35.27,35.22,35.23,26390
2012-08-29 19:00:00,35.23,35.27,35.21,35.22,13470
2012-08-29 20:00:00,35.23,35.31,35.23,35.3,10320
2012-08-29 21:00:00,35.3,35.37,35.24,35.29,33180
2012-08-29 22:00:00,35.28,35.34,35.25,35.31,38200
2012-08-30 16:00:00,35.07,35.09,34.89,35.04,6800
2012-08-30 17:00:00,35.04,35.15,34.81,34.82,16440
2012-08-30 18:00:00,34.84,35.03,34.8,34.87,23630
2012-08-30 19:00:00,34.86,34.93,34.77,34.79,20450
2012-08-30 20:00:00,34.79,34.79,34.66,34.67,34070
2012-08-30 21:00:00,34.67,34.73,34.66,34.68,45310
2012-08-30 22:00:00,34.67,34.99,34.64,34.9,83450
2012-08-31 16:00:00,35.02,35.32,34.88,34.92,21360
2012-08-31 17:00:00,34.91,35.06,34.65,35.04,36340
2012-08-31 18:00:00,35.04,35.13,35.0,35.04,16570
2012-08-31 19:00:00,35.03,35.03,34.78,34.82,17320
2012-08-31 20:00:00,34.81,34.93,34.75,34.92,11090
2012-08-31 21:00:00,34.93,35.01,34.88,35.01,33160
2012-08-31 22:00:00,34.97,35.13,34.91,35.1,110900
2012-09-04 16:00:00,35.05,35.53,34.91,35.04,24550
2012-09-04 17:00:00,35.03,35.15,34.95,35.03,189320
2012-09-04 18:00:00,35.02,35.14,34.95,35.05,129280
2012-09-04 19:00:00,35.06,35.43,35.04,35.4,32760
2012-09-04 20:00:00,35.38,35.4,35.26,35.33,28120
2012-09-04 21:00:00,35.31,35.65,35.28,35.58,135420
2012-09-04 22:00:00,35.58,35.73,35.5,35.6,200520
2012-09-05 16:00:00,35.67,35.77,35.4,35.47,42860
2012-09-05 17:00:00,35.48,35.73,35.47,35.55,95860
2012-09-05 18:00:00,35.55,35.64,35.53,35.55,38670
2012-09-05 19:00:00,35.54,35.65,35.54,35.58,45730
2012-09-05 20:00:00,35.56,35.6,35.54,35.55,37030
2012-09-05 21:00:00,35.55,35.77,35.54,35.64,44790
2012-09-05 22:00:00,35.64,35.86,35.59,35.82,207820
2012-09-06 16:00:00,36.04,36.38,36.02,36.26,31270
2012-09-06 17:00:00,36.27,36.29,36.15,36.22,77370
2012-09-06 18:00:00,36.24,36.49,36.21,36.38,49550
2012-09-06 19:00:00,36.35,36.7,36.35,36.64,49130
2012-09-06 20:00:00,36.64,36.74,36.63,36.72,33660
2012-09-06 21:00:00,36.74,36.74,36.54,36.55,42500
2012-09-06 22:00:00,36.55,36.67,36.46,36.66,87390
2012-09-07 16:00:00,36.52,36.67,36.49,36.59,58650
2012-09-07 17:00:00,36.61,36.71,36.52,36.67,125030
2012-09-07 18:00:00,36.65,36.7,36.58,36.59,127480
2012-09-07 19:00:00,36.59,36.64,36.52,36.58,53800
2012-09-07 20:00:00,36.61,36.63,36.53,36.53,24710
2012-09-07 21:00:00,36.53,36.61,36.53,36.59,31310
2012-09-07 22:00:00,36.59,36.69,36.55,36.69,189440
2012-09-10 16:00:00,36.78,36.78,36.58,36.69,27050
2012-09-10 17:00:00,36.63,36.68,36.17,36.38,713230
2012-09-10 18:00:00,36.39,36.44,36.31,36.33,111460
2012-09-10 19:00:00,36.33,36.4,36.26,36.31,45720
2012-09-10 20:00:00,36.32,36.4,36.23,36.28,78050
2012-09-10 21:00:00,36.28,36.42,36.26,36.33,79450
2012-09-10 22:00:00,36.32,36.36,36.15,36.22,105400
2012-09-11 16:00:00,36.18,36.28,35.93,35.93,146180
2012-09-11 17:00:00,35.97,36.03,35.76,36.01,800170
2012-09-11 18:00:00,36.01,36.03,35.91,36.01,87160
2012-09-11 19:00:00,35.99,36.01,35.95,35.97,32260
2012-09-11 20:00:00,35.98,36.0,35.89,35.94,76290
2012-09-11 21:00:00,35.93,35.94,35.72,35.85,63700
2012-09-11 22:00:00,35.85,35.86,35.61,35.66,157680
2012-09-12 16:00:00,35.75,35.85,35.66,35.68,8640
2012-09-12 17:00:00,35.69,35.92,35.69,35.9,67890
2012-09-12 18:00:00,35.94,36.12,35.92,36.03,43370
2012-09-12 19:00:00,36.05,36.15,35.99,36.12,37680
2012-09-12 20:00:00,36.14,36.18,36.03,36.18,21800
2012-09-12 21:00:00,36.15,36.17,36.09,36.15,48180
2012-09-12 22:00:00,36.15,36.28,36.1,36.25,136500
2012-09-13 16:00:00,36.37,36.41,36.04,36.1,97440
2012-09-13 17:00:00,36.1,36.15,35.97,36.0,69740
2012-09-13 18:00:00,36.0,36.06,35.96,36.0,117060
2012-09-13 19:00:00,35.98,36.11,35.75,36.0,52810
2012-09-13 20:00:00,36.0,36.24,35.95,36.14,99380
2012-09-13 21:00:00,36.14,36.42,36.14,36.31,53540
2012-09-13 22:00:00,36.3,36.44,36.23,36.44,163320
2012-09-14 16:00:00,36.45,36.88,36.45,36.84,23670
2012-09-14 17:00:00,36.83,36.89,36.74,36.76,43980
2012-09-14 18:00:00,36.77,36.89,36.75,36.81,66880
2012-09-14 19:00:00,36.77,36.85,36.74,36.75,12860
2012-09-14 20:00:00,36.76,36.78,36.68,36.78,35350
2012-09-14 21:00:00,36.78,36.81,36.73,36.81,28870
2012-09-14 22:00:00,36.8,36.8,36.67,36.73,100930
2012-09-17 16:00:00,36.56,36.63,36.42,36.47,16820
2012-09-17 17:00:00,36.4,36.65,36.4,36.52,44260
2012-09-17 18:00:00,36.55,36.65,36.52,36.62,24390
2012-09-17 19:00:00,36.62,36.67,36.54,36.55,33090
2012-09-17 20:00:00,36.53,36.62,36.49,36.54,56790
2012-09-17 21:00:00,36.55,36.59,36.43,36.49,31970
2012-09-17 22:00:00,36.48,36.52,36.35,36.35,173600
2012-09-18 16:00:00,36.38,36.44,36.23,36.29,74240
2012-09-18 17:00:00,36.31,36.37,36.18,36.25,98860
2012-09-18 18:00:00,36.25,36.32,36.16,36.22,103110
2012-09-18 19:00:00,36.24,36.28,36.03,36.16,117800
2012-09-18 20:00:00,36.18,36.28,36.13,36.16,165790
2012-09-18 21:00:00,36.19,36.28,36.15,36.24,74800
2012-09-18 22:00:00,36.23,36.28,36.13,36.16,307850
2012-09-19 16:00:00,36.33,36.35,36.18,36.24,61910
2012-09-19 17:00:00,36.21,36.35,36.19,36.21,154000
2012-09-19 18:00:00,36.2,36.28,36.19,36.22,87720
2012-09-19 19:00:00,36.22,36.28,36.19,36.24,31220
2012-09-19 20:00:00,36.24,36.25,36.13,36.19,182370
2012-09-19 21:00:00,36.19,36.21,36.15,36.18,44570
2012-09-19 22:00:00,36.18,36.21,35.99,35.99,258310
2012-09-20 16:00:00,35.86,36.53,35.86,36.1,73880
2012-09-20 17:00:00,36.09,36.2,36.01,36.11,56080
2012-09-20 18:00:00,36.11,36.12,36.02,36.1,51770
2012-09-20 19:00:00,36.08,36.15,36.01,36.05,48330
2012-09-20 20:00:00,36.04,36.12,36.02,36.05,23730
2012-09-20 21:00:00,36.08,36.12,36.03,36.05,23450
2012-09-20 22:00:00,36.05,36.06,35.92,35.98,64190
2012-09-21 16:00:00,36.13,36.24,36.09,36.18,266840
2012-09-21 17:00:00,36.15,36.51,36.11,36.5,177490
2012-09-21 18:00:00,36.47,36.48,36.38,36.42,30600
2012-09-21 19:00:00,36.4,36.42,36.26,36.26,28650
2012-09-21 20:00:00,36.27,36.34,36.2,36.33,48840
2012-09-21 21:00:00,36.33,36.37,36.2,36.3,34450
2012-09-21 22:00:00,36.31,36.33,36.03,36.04,137810
2012-09-24 16:00:00,35.85,35.92,35.65,35.75,50250
2012-09-24 17:00:00,35.8,35.93,35.72,35.84,66940
2012-09-24 18:00:00,35.85,35.86,35.72,35.79,42270
2012-09-24 19:00:00,35.76,35.77,35.58,35.6,28420
2012-09-24 20:00:00,35.61,35.71,35.54,35.63,50890
2012-09-24 21:00:00,35.63,35.92,35.62,35.84,55370
2012-09-24 22:00:00,35.83,35.85,35.6,35.66,101730
2012-09-25 16:00:00,35.81,35.92,35.53,35.53,14590
2012-09-25 17:00:00,35.59,35.71,35.55,35.65,45690
2012-09-25 18:00:00,35.63,35.66,35.36,35.37,19150
2012-09-25 19:00:00,35.37,35.39,35.22,35.33,13180
2012-09-25 20:00:00,35.33,35.33,35.21,35.25,16940
2012-09-25 21:00:00,35.26,35.31,35.2,35.22,28870
2012-09-25 22:00:00,35.22,35.25,35.09,35.1,263290
2012-09-26 16:00:00,35.04,35.17,34.86,34.94,20480
2012-09-26 17:00:00,34.94,35.09,34.88,35.0,61810
2012-09-26 18:00:00,35.02,35.19,35.0,35.11,44950
2012-09-26 19:00:00,35.13,35.19,35.09,35.18,25060
2012-09-26 20:00:00,35.19,35.31,35.16,35.16,77690
2012-09-26 21:00:00,35.16,35.34,35.15,35.29,65490
2012-09-26 22:00:00,35.3,35.41,35.22,35.4,137100
2012-09-27 16:00:00,35.5,35.62,35.48,35.6,8300
2012-09-27 17:00:00,35.6,35.74,35.54,35.68,69420
2012-09-27 18:00:00,35.68,35.92,35.66,35.92,31450
2012-09-27 19:00:00,35.92,36.14,35.86,36.07,87940
2012-09-27 20:00:00,36.08,36.25,36.05,36.25,44320
2012-09-27 21:00:00,36.25,36.36,36.22,36.25,54940
2012-09-27 22:00:00,36.25,36.26,36.07,36.19,163570
2012-09-28 16:00:00,36.11,36.11,35.72,35.8,28370
2012-09-28 17:00:00,35.83,36.13,35.72,35.81,106560
2012-09-28 18:00:00,35.8,35.83,35.64,35.65,23570
2012-09-28 19:00:00,35.65,35.88,35.65,35.88,29460
2012-09-28 20:00:00,35.89,36.01,35.83,35.92,47480
2012-09-28 21:00:00,35.92,35.95,35.82,35.91,24690
2012-09-28 22:00:00,35.9,35.96,35.77,35.79,120300
2012-10-01 16:00:00,35.96,35.97,35.5,35.64,73400
2012-10-01 17:00:00,35.67,36.03,35.56,35.7,141830
2012-10-01 18:00:00,35.74,36.03,35.73,35.79,129930
2012-10-01 19:00:00,35.8,35.98,35.71,35.81,138950
2012-10-01 20:00:00,35.81,35.82,35.14,35.55,123850
2012-10-01 21:00:00,35.52,35.86,35.52,35.82,120550
2012-10-01 22:00:00,35.83,35.93,35.68,35.78,269510
2012-10-02 16:00:00,31.79,32.25,29.35,29.51,1580400
2012-10-02 17:00:00,29.49,29.82,27.04,27.27,2252860
2012-10-02 18:00:00,27.27,27.44,24.9,24.97,3179650
2012-10-02 19:00:00,24.97,25.73,24.94,25.46,1892350
2012-10-02 20:00:00,25.46,25.84,24.75,25.35,1452590
2012-10-02 21:00:00,25.35,26.99,25.3,26.93,2518550
2012-10-02 22:00:00,26.91,27.26,25.77,26.2,2333220
2012-10-03 16:00:00,26.52,27.54,26.44,27.33,1021570
2012-10-03 17:00:00,27.33,27.46,27.04,27.22,886690
2012-10-03 18:00:00,27.23,27.63,27.19,27.41,886320
2012-10-03 19:00:00,27.41,27.45,27.19,27.31,459350
2012-10-03 20:00:00,27.31,27.99,27.3,27.96,574950
2012-10-03 21:00:00,27.97,28.03,27.74,28.0,659150
2012-10-03 22:00:00,28.0,28.27,27.9,28.27,945970
2012-10-04 16:00:00,28.17,28.72,27.87,28.27,261338
2012-10-04 17:00:00,28.27,28.36,27.4,27.54,599975
2012-10-04 18:00:00,27.53,27.66,27.08,27.26,581964
2012-10-04 19:00:00,27.25,27.4,27.02,27.03,340427
2012-10-04 20:00:00,27.03,27.25,26.96,27.22,349505
2012-10-04 21:00:00,27.22,27.52,27.2,27.52,206012
2012-10-04 22:00:00,27.52,27.52,27.14,27.34,1077811
2012-10-05 16:00:00,27.5,27.55,27.09,27.16,74185
2012-10-05 17:00:00,27.18,27.3,27.05,27.06,137519
2012-10-05 18:00:00,27.06,27.08,26.88,26.93,184559
2012-10-05 19:00:00,26.93,27.02,26.79,26.88,118767
2012-10-05 20:00:00,26.87,26.9,26.74,26.89,142108
2012-10-05 21:00:00,26.89,26.89,26.75,26.84,178049
2012-10-05 22:00:00,26.84,26.93,26.8,26.85,314580
2012-10-08 16:00:00,26.74,26.82,26.51,26.67,82784
2012-10-08 17:00:00,26.69,26.8,26.57,26.61,145763
2012-10-08 18:00:00,26.6,26.64,26.57,26.6,92699
2012-10-08 19:00:00,26.6,26.6,26.41,26.48,130058
2012-10-08 20:00:00,26.48,26.51,26.24,26.38,177935
2012-10-08 21:00:00,26.38,26.51,26.37,26.48,98741
2012-10-08 22:00:00,26.48,26.5,26.38,26.4,275838
2012-10-09 16:00:00,26.48,26.59,26.29,26.44,151034
2012-10-09 17:00:00,26.43,26.51,26.21,26.26,253970
2012-10-09 18:00:00,26.26,26.34,26.11,26.24,252676
2012-10-09 19:00:00,26.23,26.27,26.1,26.11,146271
2012-10-09 20:00:00,26.11,26.38,26.0,26.37,209686
2012-10-09 21:00:00,26.36,26.43,26.22,26.37,260128
2012-10-09 22:00:00,26.37,26.4,26.27,26.35,258872
2012-10-10 16:00:00,26.24,26.56,26.24,26.52,76522
2012-10-10 17:00:00,26.5,26.54,26.43,26.51,115345
2012-10-10 18:00:00,26.5,26.52,26.4,26.43,181934
2012-10-10 19:00:00,26.42,26.51,26.38,26.39,113045
2012-10-10 20:00:00,26.38,26.4,26.21,26.34,70421
2012-10-10 21:00:00,26.33,26.44,26.3,26.42,189603
2012-10-10 22:00:00,26.41,26.53,26.34,26.51,402654
2012-10-11 16:00:00,26.69,26.76,26.53,26.53,31248
2012-10-11 17:00:00,26.53,26.75,26.52,26.58,88600
2012-10-11 18:00:00,26.58,26.75,26.57,26.67,57916
2012-10-11 19:00:00,26.68,26.77,26.63,26.72,78019
2012-10-11 20:00:00,26.73,26.73,26.53,26.54,60909
2012-10-11 21:00:00,26.55,26.63,26.48,26.49,108603
2012-10-11 22:00:00,26.5,26.58,26.34,26.41,223418
2012-10-12 16:00:00,26.41,26.41,26.16,26.25,56313
2012-10-12 17:00:00,26.22,26.29,25.9,25.99,241671
2012-10-12 18:00:00,25.98,26.06,25.72,25.83,159437
2012-10-12 19:00:00,25.85,25.96,25.81,25.93,81134
2012-10-12 20:00:00,25.93,25.96,25.78,25.8,147706
2012-10-12 21:00:00,25.8,25.97,25.77,25.85,115655
2012-10-12 22:00:00,25.85,26.0,25.85,25.95,265653
2012-10-15 16:00:00,26.13,26.27,25.73,25.85,82212
2012-10-15 17:00:00,25.85,25.95,25.82,25.86,124715
2012-10-15 18:00:00,25.86,25.95,25.82,25.94,67600
2012-10-15 19:00:00,25.94,26.01,25.94,25.99,73314
2012-10-15 20:00:00,25.97,26.01,25.95,25.99,69194
2012-10-15 21:00:00,25.99,26.0,25.93,25.96,63148
2012-10-15 22:00:00,25.97,26.1,25.46,25.58,1500173
2012-10-16 16:00:00,26.08,26.84,26.01,26.74,1277454
2012-10-16 17:00:00,26.76,27.12,26.71,26.91,839860
2012-10-16 18:00:00,26.9,27.16,26.9,27.13,388695
2012-10-16 19:00:00,27.12,27.24,27.11,27.24,97480
2012-10-16 20:00:00,27.22,27.27,27.16,27.26,374670
2012-10-16 21:00:00,27.25,27.3,27.03,27.03,886647
2012-10-16 22:00:00,27.03,27.21,26.91,27.19,498514
2012-10-17 16:00:00,27.34,27.34,26.56,27.22,215317
2012-10-17 17:00:00,27.2,27.86,27.17,27.82,614560
2012-10-17 18:00:00,27.84,27.92,27.38,27.41,299735
2012-10-17 19:00:00,27.4,27.58,27.4,27.52,121552
2012-10-17 20:00:00,27.51,27.64,27.32,27.34,125049
2012-10-17 21:00:00,27.35,27.55,27.35,27.47,104372
2012-10-17 22:00:00,27.48,27.59,27.44,27.45,290992
2012-10-18 16:00:00,27.48,27.72,27.25,27.32,61117
2012-10-18 17:00:00,27.34,27.43,27.25,27.39,139315
2012-10-18 18:00:00,27.4,27.63,27.37,27.59,52360
2012-10-18 19:00:00,27.6,27.64,27.39,27.49,68169
2012-10-18 20:00:00,27.5,27.61,27.44,27.56,76920
2012-10-18 21:00:00,27.55,27.59,27.38,27.43,56904
2012-10-18 22:00:00,27.42,27.45,27.36,27.37,99062
2012-10-19 16:00:00,27.18,27.66,27.11,27.27,58595
2012-10-19 17:00:00,27.27,27.29,27.14,27.21,154992
2012-10-19 18:00:00,27.21,27.28,27.2,27.27,162310
2012-10-19 19:00:00,27.27,27.28,26.96,27.04,124730
2012-10-19 20:00:00,27.04,27.06,26.87,26.9,36499
2012-10-19 21:00:00,26.89,26.98,26.87,26.95,77430
2012-10-19 22:00:00,26.96,27.06,26.92,27.02,185742
2012-10-22 16:00:00,26.86,27.09,26.86,26.88,27656
2012-10-22 17:00:00,26.91,27.08,26.91,27.05,44321
2012-10-22 18:00:00,27.06,27.11,26.98,27.08,44834
2012-10-22 19:00:00,27.08,27.18,27.05,27.09,74956
2012-10-22 20:00:00,27.09,27.11,26.96,26.99,77705
2012-10-22 21:00:00,26.99,27.04,26.89,26.98,58199
2012-10-22 22:00:00,26.98,27.18,26.94,27.13,171221
2012-10-23 16:00:00,27.02,27.04,26.7,27.01,64150
2012-10-23 17:00:00,27.0,27.14,26.93,26.98,193597
2012-10-23 18:00:00,26.97,27.03,26.95,26.96,119631
2012-10-23 19:00:00,26.98,27.11,26.93,27.1,50106
2012-10-23 20:00:00,27.1,27.19,27.0,27.14,353627
2012-10-23 21:00:00,27.15,27.2,27.1,27.2,162353
2012-10-23 22:00:00,27.2,27.25,27.13,27.17,248120
2012-10-24 16:00:00,27.36,27.42,27.1,27.2,86083
2012-10-24 17:00:00,27.24,27.24,27.09,27.13,49137
2012-10-24 18:00:00,27.11,27.2,27.0,27.05,56325
2012-10-24 19:00:00,27.06,27.2,27.06,27.17,144001
2012-10-24 20:00:00,27.18,27.18,27.11,27.13,18776
2012-10-24 21:00:00,27.12,27.2,27.07,27.1,49686
2012-10-24 22:00:00,27.08,27.12,26.99,27.02,82434
2012-10-25 16:00:00,27.25,27.43,26.92,26.94,75826
2012-10-25 17:00:00,26.94,27.03,26.85,26.86,89640
2012-10-25 18:00:00,26.87,26.94,26.72,26.87,53520
2012-10-25 19:00:00,26.89,27.08,26.83,27.08,31634
2012-10-25 20:00:00,27.06,27.14,27.02,27.13,19057
2012-10-25 21:00:00,27.11,27.14,27.02,27.11,17974
2012-10-25 22:00:00,27.11,27.11,27.02,27.05,82446
2012-10-26 16:00:00,27.0,27.09,26.73,26.86,26226
2012-10-26 17:00:00,26.84,27.07,26.84,27.07,57011
2012-10-26 18:00:00,27.06,27.18,27.0,27.16,33566
2012-10-26 19:00:00,27.14,27.16,27.04,27.14,50796
2012-10-26 20:00:00,27.16,27.36,27.1,27.34,67002
2012-10-26 21:00:00,27.36,27.51,27.27,27.5,70724
2012-10-26 22:00:00,27.48,27.62,27.43,27.55,200839
2012-10-31 16:00:00,27.51,28.04,27.45,27.61,81186
2012-10-31 17:00:00,27.6,27.72,27.18,27.38,107104
2012-10-31 18:00:00,27.38,27.58,27.31,27.36,66759
2012-10-31 19:00:00,27.37,27.37,27.1,27.12,104437
2012-10-31 20:00:00,27.11,27.27,27.08,27.15,86967
2012-10-31 21:00:00,27.13,27.2,27.1,27.11,76326
2012-10-31 22:00:00,27.11,27.19,26.9,26.95,260135
2012-11-01 16:00:00,27.32,27.33,26.79,27.15,59678
2012-11-01 17:00:00,27.2,27.55,27.2,27.52,176434
2012-11-01 18:00:00,27.51,27.75,27.49,27.74,138335
2012-11-01 19:00:00,27.73,27.78,27.57,27.63,96047
2012-11-01 20:00:00,27.62,27.7,27.33,27.43,145411
2012-11-01 21:00:00,27.43,27.81,27.43,27.79,132812
2012-11-01 22:00:00,27.77,27.79,27.6,27.74,295947
2012-11-02 16:00:00,27.82,27.82,27.2,27.24,65381
2012-11-02 17:00:00,27.25,27.28,27.03,27.23,86916
2012-11-02 18:00:00,27.21,27.29,27.18,27.19,44989
2012-11-02 19:00:00,27.18,27.19,27.11,27.11,54426
2012-11-02 20:00:00,27.11,27.15,26.89,26.93,111301
2012-11-02 21:00:00,26.94,27.03,26.92,26.98,221823
2012-11-02 22:00:00,26.99,27.02,26.88,26.88,275567
2012-11-05 16:00:00,26.92,27.02,26.76,27.01,147757
2012-11-05 17:00:00,27.01,27.28,26.96,27.21,63464
2012-11-05 18:00:00,27.25,27.34,27.14,27.18,52749
2012-11-05 19:00:00,27.18,27.24,27.1,27.13,35313
2012-11-05 20:00:00,27.14,27.21,27.12,27.15,47996
2012-11-05 21:00:00,27.15,27.18,27.04,27.07,98971
2012-11-05 22:00:00,27.05,27.26,26.99,27.23,189929
2012-11-06 16:00:00,25.95,26.48,25.45,26.23,725752
2012-11-06 17:00:00,26.25,26.25,25.95,26.19,568241
2012-11-06 18:00:00,26.19,26.21,25.64,25.93,600326
2012-11-06 19:00:00,25.95,25.99,25.54,25.65,586217
2012-11-06 20:00:00,25.62,25.75,25.51,25.55,479544
2012-11-06 21:00:00,25.57,25.71,25.3,25.7,599881
2012-11-06 22:00:00,25.7,26.11,25.5,26.11,980229
2012-11-07 16:00:00,25.95,26.18,25.62,26.15,162003
2012-11-07 17:00:00,26.12,26.14,25.96,25.99,476505
2012-11-07 18:00:00,25.99,26.02,25.71,25.79,186228
2012-11-07 19:00:00,25.79,25.96,25.66,25.94,189458
2012-11-07 20:00:00,25.94,26.01,25.86,25.91,144279
2012-11-07 21:00:00,25.91,26.08,25.9,26.05,352951
2012-11-07 22:00:00,26.06,26.18,26.01,26.11,342220
2012-11-08 16:00:00,26.22,26.45,26.19,26.38,149185
2012-11-08 17:00:00,26.37,26.38,26.21,26.29,116071
2012-11-08 18:00:00,26.29,26.33,26.23,26.29,108655
2012-11-08 19:00:00,26.29,26.32,26.17,26.2,61571
2012-11-08 20:00:00,26.19,26.25,26.08,26.24,115710
2012-11-08 21:00:00,26.24,26.3,26.15,26.21,170943
2012-11-08 22:00:00,26.21,26.37,26.19,26.21,323161
2012-11-09 16:00:00,26.18,26.32,26.1,26.16,77680
2012-11-09 17:00:00,26.16,26.29,26.14,26.18,80432
2012-11-09 18:00:00,26.19,26.36,26.18,26.34,98028
2012-11-09 19:00:00,26.34,26.45,26.32,26.39,88200
2012-11-09 20:00:00,26.39,26.42,26.12,26.2,85326
2012-11-09 21:00:00,26.2,26.37,26.2,26.2,82874
2012-11-09 22:00:00,26.2,26.25,26.14,26.21,133273
2012-11-12 16:00:00,26.17,26.5,26.13,26.32,54943
2012-11-12 17:00:00,26.3,26.37,26.1,26.11,59447
2012-11-12 18:00:00,26.11,26.2,26.0,26.0,59656
2012-11-12 19:00:00,26.0,26.04,25.83,25.86,43578
2012-11-12 20:00:00,25.87,26.07,25.84,25.95,117315
2012-11-12 21:00:00,25.95,26.0,25.94,25.99,102992
2012-11-12 22:00:00,26.0,26.07,25.98,26.01,200528
2012-11-13 16:00:00,25.96,26.1,25.59,26.05,62443
2012-11-13 17:00:00,26.04,26.06,25.93,26.02,78257
2012-11-13 18:00:00,26.03,26.11,25.93,26.0,85079
2012-11-13 19:00:00,26.0,26.07,25.99,26.03,81057
2012-11-13 20:00:00,26.01,26.09,26.0,26.05,97951
2012-11-13 21:00:00,26.06,26.06,25.98,26.01,94489
2012-11-13 22:00:00,26.01,26.03,25.97,25.98,278671
2012-11-14 16:00:00,26.02,26.13,25.98,26.05,22239
2012-11-14 17:00:00,26.05,26.05,25.81,25.84,43251
2012-11-14 18:00:00,25.82,26.0,25.8,25.97,89543
2012-11-14 19:00:00,25.97,26.59,25.92,26.05,167830
2012-11-14 20:00:00,26.07,26.13,25.99,26.07,101232
2012-11-14 21:00:00,26.08,26.15,25.99,26.02,90612
2012-11-14 22:00:00,26.0,26.03,25.9,26.01,351081
2012-11-15 16:00:00,26.04,26.17,25.92,26.05,72711
2012-11-15 17:00:00,26.05,26.2,25.99,26.01,100397
2012-11-15 18:00:00,26.02,26.11,25.95,26.0,51815
2012-11-15 19:00:00,25.98,26.04,25.95,25.99,94768
2012-11-15 20:00:00,25.99,26.02,25.9,25.97,156916
2012-11-15 21:00:00,25.96,26.01,25.88,25.91,200817
2012-11-15 22:00:00,25.91,26.07,25.88,25.95,368761
2012-11-16 16:00:00,25.96,26.04,25.91,25.95,87458
2012-11-16 17:00:00,25.95,26.0,25.89,25.96,132324
2012-11-16 18:00:00,25.96,26.14,25.96,26.14,237501
2012-11-16 19:00:00,26.13,26.24,26.06,26.13,101066
2012-11-16 20:00:00,26.1,26.11,25.99,26.05,32022
2012-11-16 21:00:00,26.04,26.04,25.9,25.94,176904
2012-11-16 22:00:00,25.95,26.0,25.8,25.83,329993
2012-11-19 16:00:00,26.14,26.24,26.01,26.13,37656
2012-11-19 17:00:00,26.12,26.16,26.05,26.12,71104
2012-11-19 18:00:00,26.12,26.19,26.1,26.17,36436
2012-11-19 19:00:00,26.18,26.21,26.16,26.16,20408
2012-11-19 20:00:00,26.16,26.19,26.14,26.15,16902
2012-11-19 21:00:00,26.16,26.27,26.16,26.25,29956
2012-11-19 22:00:00,26.25,26.28,26.19,26.25,122586
2012-11-20 16:00:00,26.2,26.29,26.12,26.2,14858
2012-11-20 17:00:00,26.2,26.23,26.12,26.14,28087
2012-11-20 18:00:00,26.14,26.2,26.13,26.2,41636
2012-11-20 19:00:00,26.2,26.23,26.15,26.15,36910
2012-11-20 20:00:00,26.15,26.18,26.08,26.11,60077
2012-11-20 21:00:00,26.11,26.16,26.09,26.1,28366
2012-11-20 22:00:00,26.11,26.17,26.09,26.16,85924
2012-11-21 16:00:00,26.19,26.26,26.03,26.04,28975
2012-11-21 17:00:00,26.05,26.05,25.96,26.0,17585
2012-11-21 18:00:00,25.99,26.14,25.99,26.07,20000
2012-11-21 19:00:00,26.08,26.14,26.07,26.12,37592
2012-11-21 20:00:00,26.12,26.24,26.11,26.24,21848
2012-11-21 21:00:00,26.21,26.27,26.19,26.23,14370
2012-11-21 22:00:00,26.22,26.3,26.2,26.29,77540
2012-11-23 16:00:00,26.4,26.49,26.25,26.32,16932
2012-11-23 17:00:00,26.32,26.46,26.31,26.43,37056
2012-11-23 18:00:00,26.43,26.48,26.41,26.47,20746
2012-11-23 19:00:00,26.47,26.75,26.45,26.75,52797
2012-11-23 20:00:00,26.75,26.75,26.75,26.75,5920
2012-11-26 16:00:00,26.62,26.81,26.57,26.76,18311
2012-11-26 17:00:00,26.74,26.83,26.73,26.82,42263
2012-11-26 18:00:00,26.82,26.86,26.75,26.86,30379
2012-11-26 19:00:00,26.84,26.84,26.73,26.8,30197
2012-11-26 20:00:00,26.81,26.92,26.79,26.9,40640
2012-11-26 21:00:00,26.9,26.95,26.88,26.95,44361
2012-11-26 22:00:00,26.96,27.13,26.95,27.12,350697
2012-11-27 16:00:00,26.98,27.05,26.74,26.97,58718
2012-11-27 17:00:00,26.94,26.96,26.8,26.86,83792
2012-11-27 18:00:00,26.85,26.97,26.85,26.9,48764
2012-11-27 19:00:00,26.9,26.92,26.78,26.8,41173
2012-11-27 20:00:00,26.8,26.87,26.76,26.83,44451
2012-11-27 21:00:00,26.82,26.86,26.66,26.76,67875
2012-11-27 22:00:00,26.76,26.81,26.73,26.81,185809
2012-11-28 16:00:00,26.69,26.81,26.62,26.8,64131
2012-11-28 17:00:00,26.8,27.03,26.79,27.0,106395
2012-11-28 18:00:00,26.98,27.11,26.97,27.09,49504
2012-11-28 19:00:00,27.08,27.21,27.04,27.12,34744
2012-11-28 20:00:00,27.09,27.26,27.04,27.2,55438
2012-11-28 21:00:00,27.19,27.26,27.07,27.24,73683
2012-11-28 22:00:00,27.24,27.38,27.2,27.34,193419
2012-11-29 16:00:00,27.58,28.05,27.51,28.04,142026
2012-11-29 17:00:00,28.04,28.47,28.0,28.46,210457
2012-11-29 18:00:00,28.46,28.62,28.35,28.4,169935
2012-11-29 19:00:00,28.42,28.43,28.2,28.2,58551
2012-11-29 20:00:00,28.21,28.78,28.21,28.5,189496
2012-11-29 21:00:00,28.51,28.66,28.44,28.5,184506
2012-11-29 22:00:00,28.5,28.54,28.42,28.43,404629
2012-11-30 16:00:00,28.46,29.09,28.41,28.82,164536
2012-11-30 17:00:00,28.82,28.96,28.7,28.9,128376
2012-11-30 18:00:00,28.92,28.93,28.66,28.68,78362
2012-11-30 19:00:00,28.68,28.83,28.6,28.81,155091
2012-11-30 20:00:00,28.81,28.9,28.74,28.79,139775
2012-11-30 21:00:00,28.78,28.92,28.75,28.89,106637
2012-11-30 22:00:00,28.89,29.03,28.81,28.98,319195
2012-12-03 16:00:00,29.05,29.09,28.88,29.05,63751
2012-12-03 17:00:00,29.05,29.08,28.88,28.99,86019
2012-12-03 18:00:00,28.98,29.08,28.92,29.0,51738
2012-12-03 19:00:00,29.0,29.06,28.93,28.98,53548
2012-12-03 20:00:00,28.96,29.1,28.88,29.01,421076
2012-12-03 21:00:00,29.01,29.06,28.96,29.0,59218
2012-12-03 22:00:00,29.0,29.09,29.0,29.07,198794
2012-12-04 16:00:00,29.02,29.2,28.96,28.96,25896
2012-12-04 17:00:00,28.96,29.22,28.92,29.09,368452
2012-12-04 18:00:00,29.1,29.15,29.02,29.1,94909
2012-12-04 19:00:00,29.1,29.17,29.02,29.06,105784
2012-12-04 20:00:00,29.05,29.14,29.03,29.1,118276
2012-12-04 21:00:00,29.11,29.11,28.96,29.02,128368
2012-12-04 22:00:00,29.02,29.2,29.0,29.17,284593
2012-12-05 16:00:00,29.14,29.32,29.09,29.11,36604
2012-12-05 17:00:00,29.12,29.25,29.08,29.2,66850
2012-12-05 18:00:00,29.21,29.31,29.14,29.28,50165
2012-12-05 19:00:00,29.3,29.37,29.22,29.26,24662
2012-12-05 20:00:00,29.26,29.31,29.25,29.27,44612
2012-12-05 21:00:00,29.28,29.33,29.27,29.3,73902
2012-12-05 22:00:00,29.31,29.55,29.3,29.5,264851
2012-12-06 16:00:00,29.43,29.86,29.41,29.8,36808
2012-12-06 17:00:00,29.83,30.09,29.79,29.97,124691
2012-12-06 18:00:00,29.96,29.99,29.83,29.97,79196
2012-12-06 19:00:00,29.96,30.02,29.88,29.89,116650
2012-12-06 20:00:00,29.9,29.99,29.82,29.99,94451
2012-12-06 21:00:00,29.99,30.06,29.98,30.05,68457
2012-12-06 22:00:00,30.04,30.18,29.99,30.18,196701
2012-12-07 16:00:00,30.19,30.27,30.05,30.05,31044
2012-12-07 17:00:00,30.06,30.11,29.94,29.98,124867
2012-12-07 18:00:00,29.99,30.05,29.92,29.92,63093
2012-12-07 19:00:00,29.92,30.01,29.91,29.96,50721
2012-12-07 20:00:00,29.96,30.07,29.93,29.99,147503
2012-12-07 21:00:00,29.97,29.97,29.76,29.82,149881
2012-12-07 22:00:00,29.82,29.86,29.73,29.77,213932
2012-12-10 16:00:00,29.69,29.7,29.57,29.6,26020
2012-12-10 17:00:00,29.61,29.65,29.46,29.54,55819
2012-12-10 18:00:00,29.55,29.56,29.42,29.43,52250
2012-12-10 19:00:00,29.44,29.52,29.41,29.43,46154
2012-12-10 20:00:00,29.43,29.57,29.43,29.5,87443
2012-12-10 21:00:00,29.51,29.51,29.36,29.4,41175
2012-12-10 22:00:00,29.4,29.47,29.33,29.39,132534
2012-12-11 16:00:00,29.61,29.61,29.52,29.56,39621
2012-12-11 17:00:00,29.57,29.79,29.55,29.66,96676
2012-12-11 18:00:00,29.66,29.68,29.51,29.54,62268
2012-12-11 19:00:00,29.55,29.65,29.43,29.64,64192
2012-12-11 20:00:00,29.64,29.66,29.59,29.64,57806
2012-12-11 21:00:00,29.63,29.63,29.39,29.4,59523
2012-12-11 22:00:00,29.41,29.5,29.33,29.49,184685
2012-12-12 16:00:00,29.5,29.67,29.42,29.49,37468
2012-12-12 17:00:00,29.47,29.54,29.37,29.4,24485
2012-12-12 18:00:00,29.4,29.42,29.34,29.34,19179
2012-12-12 19:00:00,29.36,29.45,29.22,29.42,53973
2012-12-12 20:00:00,29.44,29.5,29.32,29.35,52765
2012-12-12 21:00:00,29.36,29.45,29.31,29.36,80347
2012-12-12 22:00:00,29.37,29.4,29.27,29.37,134735
2012-12-13 16:00:00,29.31,29.45,29.05,29.24,53520
2012-12-13 17:00:00,29.25,29.45,29.24,29.43,44973
2012-12-13 18:00:00,29.43,29.52,29.32,29.38,55727
2012-12-13 19:00:00,29.38,29.39,29.21,29.23,40117
2012-12-13 20:00:00,29.23,29.27,29.15,29.15,44260
2012-12-13 21:00:00,29.16,29.19,29.1,29.17,46063
2012-12-13 22:00:00,29.17,29.25,29.11,29.2,125507
2012-12-14 16:00:00,29.15,29.97,29.15,29.93,104740
2012-12-14 17:00:00,29.93,30.0,29.87,30.0,155309
2012-12-14 18:00:00,30.0,30.07,29.93,30.01,122960
2012-12-14 19:00:00,30.0,30.19,29.99,30.07,85928
2012-12-14 20:00:00,30.07,30.11,29.91,30.09,58390
2012-12-14 21:00:00,30.1,30.3,30.09,30.09,85997
2012-12-14 22:00:00,30.09,30.18,30.07,30.16,156851
2012-12-17 16:00:00,30.27,30.7,30.24,30.69,34612
2012-12-17 17:00:00,30.7,30.76,30.58,30.66,95882
2012-12-17 18:00:00,30.65,30.7,30.58,30.6,96831
2012-12-17 19:00:00,30.61,30.79,30.61,30.67,101609
2012-12-17 20:00:00,30.67,30.71,30.62,30.71,48053
2012-12-17 21:00:00,30.72,30.83,30.66,30.74,101733
2012-12-17 22:00:00,30.75,30.9,30.7,30.9,171496
2012-12-18 16:00:00,30.77,31.06,30.77,30.86,31950
2012-12-18 17:00:00,30.83,30.86,30.71,30.79,45109
2012-12-18 18:00:00,30.79,30.89,30.73,30.88,50647
2012-12-18 19:00:00,30.87,30.94,30.82,30.93,30307
2012-12-18 20:00:00,30.93,30.96,30.81,30.81,29380
2012-12-18 21:00:00,30.83,30.91,30.81,30.89,41425
2012-12-18 22:00:00,30.89,31.0,30.88,31.0,138929
2012-12-19 16:00:00,31.0,31.24,30.98,31.21,37057
2012-12-19 17:00:00,31.19,31.25,31.09,31.2,72204
2012-12-19 18:00:00,31.19,31.26,31.17,31.24,55278
2012-12-19 19:00:00,31.25,31.32,31.2,31.29,41767
2012-12-19 20:00:00,31.3,31.57,31.29,31.56,128802
2012-12-19 21:00:00,31.55,31.55,31.17,31.19,81726
2012-12-19 22:00:00,31.19,31.25,31.05,31.09,196272
2012-12-20 16:00:00,31.18,31.41,30.91,30.91,27951
2012-12-20 17:00:00,30.93,31.08,30.92,31.04,41075
2012-12-20 18:00:00,31.04,31.1,31.0,31.07,26924
2012-12-20 19:00:00,31.08,31.15,31.08,31.11,25772
2012-12-20 20:00:00,31.12,31.28,31.07,31.27,39001
2012-12-20 21:00:00,31.26,31.31,31.21,31.28,36503
2012-12-20 22:00:00,31.27,31.41,31.19,31.41,182257
2012-12-21 16:00:00,30.96,31.38,30.85,31.36,301865
2012-12-21 17:00:00,31.36,31.5,31.36,31.41,67127
2012-12-21 18:00:00,31.41,31.42,31.24,31.32,111235
2012-12-21 19:00:00,31.32,31.33,31.25,31.28,39260
2012-12-21 20:00:00,31.29,31.3,31.17,31.22,44158
2012-12-21 21:00:00,31.23,31.26,31.2,31.22,56979
2012-12-21 22:00:00,31.22,31.32,31.03,31.08,280550
2012-12-24 16:00:00,31.12,31.2,30.76,30.86,29616
2012-12-24 17:00:00,30.86,30.97,30.86,30.91,21383
2012-12-24 18:00:00,30.91,31.01,30.87,31.01,27566
2012-12-24 19:00:00,31.02,31.25,31.0,31.14,98383
2012-12-24 20:00:00,31.15,31.15,31.14,31.14,14434
2012-12-26 16:00:00,31.21,31.23,31.1,31.14,11623
2012-12-26 17:00:00,31.19,31.19,30.82,30.82,23327
2012-12-26 18:00:00,30.82,30.84,30.69,30.77,29351
2012-12-26 19:00:00,30.79,30.82,30.69,30.77,70484
2012-12-26 20:00:00,30.77,30.77,30.56,30.68,41780
2012-12-26 21:00:00,30.68,30.76,30.53,30.73,54244
2012-12-26 22:00:00,30.71,30.75,30.58,30.58,88954
2012-12-27 16:00:00,30.55,30.59,30.42,30.5,22331
2012-12-27 17:00:00,30.51,30.64,30.45,30.47,34483
2012-12-27 18:00:00,30.47,30.51,30.33,30.46,37843
2012-12-27 19:00:00,30.45,30.46,30.32,30.39,35522
2012-12-27 20:00:00,30.39,30.61,30.39,30.6,79340
2012-12-27 21:00:00,30.59,30.74,30.57,30.72,47859
2012-12-27 22:00:00,30.71,30.79,30.66,30.66,79415
2012-12-28 16:00:00,30.72,31.3,30.63,30.7,80520
2012-12-28 17:00:00,30.71,30.87,30.56,30.64,54866
2012-12-28 18:00:00,30.64,31.16,30.52,31.03,151042
2012-12-28 19:00:00,31.03,31.48,30.95,31.04,110623
2012-12-28 20:00:00,31.02,31.12,30.82,30.92,48735
2012-12-28 21:00:00,30.91,30.93,30.87,30.93,28569
2012-12-28 22:00:00,30.93,30.96,30.81,30.82,144409
2012-12-31 16:00:00,30.73,30.77,30.61,30.75,29830
2012-12-31 17:00:00,30.79,31.0,30.73,30.87,43316
2012-12-31 18:00:00,30.86,31.0,30.86,30.92,35770
2012-12-31 19:00:00,30.93,31.14,30.93,31.03,72545
2012-12-31 20:00:00,31.02,31.17,30.97,31.01,80374
2012-12-31 21:00:00,31.0,31.14,30.99,31.13,62358
2012-12-31 22:00:00,31.13,31.18,30.97,31.0,167205
2013-01-02 16:00:00,31.66,31.97,31.59,31.76,30034
2013-01-02 17:00:00,31.77,31.98,31.73,31.91,63774
2013-01-02 18:00:00,31.9,31.97,31.84,31.85,65735
2013-01-02 19:00:00,31.85,31.9,31.8,31.84,66541
2013-01-02 20:00:00,31.84,31.9,31.77,31.9,53134
2013-01-02 21:00:00,31.89,32.0,31.87,31.9,82839
2013-01-02 22:00:00,31.9,32.14,31.87,32.14,231057
2013-01-03 16:00:00,32.08,32.24,32.08,32.18,14868
2013-01-03 17:00:00,32.18,32.29,32.15,32.2,26298
2013-01-03 18:00:00,32.2,32.39,32.2,32.35,25753
2013-01-03 19:00:00,32.34,32.39,32.18,32.2,37580
2013-01-03 20:00:00,32.2,32.22,32.15,32.17,28812
2013-01-03 21:00:00,32.17,32.17,31.91,32.01,41247
2013-01-03 22:00:00,31.99,32.02,31.88,31.99,128343
2013-01-04 16:00:00,32.05,32.06,31.97,32.0,18760
2013-01-04 17:00:00,32.02,32.08,31.9,31.98,51503
2013-01-04 18:00:00,32.0,32.02,31.91,31.92,62096
2013-01-04 19:00:00,31.93,31.95,31.9,31.91,33090
2013-01-04 20:00:00,31.91,31.94,31.8,31.8,56242
2013-01-04 21:00:00,31.81,31.84,31.72,31.76,80395
2013-01-04 22:00:00,31.78,31.94,31.77,31.81,205092
2013-01-07 16:00:00,31.92,31.92,31.78,31.85,31384
2013-01-07 17:00:00,31.85,31.89,31.75,31.83,62444
2013-01-07 18:00:00,31.83,31.86,31.79,31.84,83823
2013-01-07 19:00:00,31.86,31.94,31.83,31.88,54376
2013-01-07 20:00:00,31.88,31.92,31.83,31.87,50498
2013-01-07 21:00:00,31.86,31.91,31.83,31.87,75836
2013-01-07 22:00:00,31.88,31.96,31.84,31.88,181691
2013-01-08 16:00:00,31.82,31.91,31.77,31.88,27137
2013-01-08 17:00:00,31.9,31.91,31.71,31.81,82810
2013-01-08 18:00:00,31.82,31.89,31.8,31.8,50762
2013-01-08 19:00:00,31.8,31.82,31.74,31.79,41797
2013-01-08 20:00:00,31.79,31.82,31.7,31.74,59346
2013-01-08 21:00:00,31.75,31.89,31.72,31.82,69452
2013-01-08 22:00:00,31.83,31.85,31.75,31.79,235157
2013-01-09 16:00:00,31.92,32.0,31.87,31.94,15028
2013-01-09 17:00:00,31.95,31.98,31.92,31.95,36449
2013-01-09 18:00:00,31.94,31.96,31.88,31.89,25393
2013-01-09 19:00:00,31.9,31.96,31.85,31.89,36658
2013-01-09 20:00:00,31.9,31.95,31.87,31.9,45505
2013-01-09 21:00:00,31.9,31.92,31.87,31.87,40024
2013-01-09 22:00:00,31.87,31.97,31.83,31.92,171895
2013-01-10 16:00:00,31.95,32.2,31.95,32.15,20374
2013-01-10 17:00:00,32.15,32.2,32.04,32.05,18461
2013-01-10 18:00:00,32.03,32.07,31.99,32.01,16353
2013-01-10 19:00:00,32.04,32.05,31.95,31.97,27551
2013-01-10 20:00:00,31.99,32.05,31.97,32.05,25612
2013-01-10 21:00:00,32.04,32.07,32.0,32.05,21884
2013-01-10 22:00:00,32.06,32.15,32.05,32.14,95705
2013-01-11 16:00:00,32.12,32.31,32.1,32.2,8251
2013-01-11 17:00:00,32.21,32.25,31.96,32.02,32624
2013-01-11 18:00:00,32.0,32.04,31.89,32.0,35936
2013-01-11 19:00:00,32.02,32.04,31.89,31.98,93367
2013-01-11 20:00:00,31.98,32.04,31.92,31.95,24890
2013-01-11 21:00:00,31.95,32.01,31.92,31.96,34232
2013-01-11 22:00:00,31.96,32.02,31.88,31.97,143939
2013-01-14 16:00:00,32.0,32.2,31.88,31.96,87699
2013-01-14 17:00:00,31.97,32.0,31.83,31.88,36014
2013-01-14 18:00:00,31.88,31.98,31.86,31.89,44983
2013-01-14 19:00:00,31.9,31.93,31.86,31.9,73810
2013-01-14 20:00:00,31.9,31.92,31.85,31.86,40801
2013-01-14 21:00:00,31.86,31.94,31.85,31.9,49545
2013-01-14 22:00:00,31.9,32.01,31.88,31.92,216274
2013-01-15 16:00:00,31.94,32.05,31.91,31.98,46872
2013-01-15 17:00:00,32.0,32.38,31.95,32.26,99799
2013-01-15 18:00:00,32.25,32.27,32.08,32.1,93776
2013-01-15 19:00:00,32.09,32.12,32.04,32.11,73890
2013-01-15 20:00:00,32.1,32.23,32.08,32.15,83154
2013-01-15 21:00:00,32.16,32.34,32.15,32.23,90671
2013-01-15 22:00:00,32.24,32.44,32.22,32.34,304045
2013-01-16 16:00:00,32.23,32.32,32.17,32.22,60084
2013-01-16 17:00:00,32.23,32.26,32.05,32.05,62117
2013-01-16 18:00:00,32.06,32.09,31.92,31.95,57990
2013-01-16 19:00:00,31.95,32.01,31.92,31.96,90140
2013-01-16 20:00:00,31.95,32.03,31.94,32.0,68731
2013-01-16 21:00:00,32.01,32.07,31.98,32.0,106253
2013-01-16 22:00:00,32.0,32.03,31.95,31.98,104885
2013-01-17 16:00:00,32.12,32.19,31.97,31.98,55561
2013-01-17 17:00:00,31.96,32.03,31.71,31.85,63024
2013-01-17 18:00:00,31.87,31.87,31.48,31.54,72876
2013-01-17 19:00:00,31.52,31.83,31.49,31.76,76439
2013-01-17 20:00:00,31.74,31.77,31.65,31.74,57244
2013-01-17 21:00:00,31.74,31.81,31.6,31.69,145063
2013-01-17 22:00:00,31.69,31.83,31.67,31.79,419391
2013-01-18 16:00:00,31.8,31.9,31.74,31.79,43614
2013-01-18 17:00:00,31.79,31.81,31.71,31.74,96232
2013-01-18 18:00:00,31.75,31.8,31.72,31.74,88791
2013-01-18 19:00:00,31.75,32.12,31.73,32.0,247532
2013-01-18 20:00:00,32.0,32.01,31.92,32.0,71642
2013-01-18 21:00:00,32.0,32.21,31.99,32.03,69970
2013-01-18 22:00:00,32.0,32.26,31.97,32.08,192946
2013-01-22 16:00:00,32.13,32.26,32.08,32.22,42822
2013-01-22 17:00:00,32.24,32.35,32.18,32.34,59282
2013-01-22 18:00:00,32.35,32.5,32.29,32.48,102627
2013-01-22 19:00:00,32.45,32.55,32.32,32.53,42980
2013-01-22 20:00:00,32.53,32.83,32.37,32.83,92082
2013-01-22 21:00:00,32.83,32.94,32.76,32.94,72789
2013-01-22 22:00:00,32.95,32.96,32.78,32.91,163959
2013-01-23 16:00:00,32.93,33.12,32.79,33.11,31405
2013-01-23 17:00:00,33.12,33.36,33.0,33.28,84659
2013-01-23 18:00:00,33.28,33.28,33.01,33.08,68831
2013-01-23 19:00:00,33.1,33.26,33.1,33.18,75004
2013-01-23 20:00:00,33.2,33.25,33.13,33.19,161208
2013-01-23 21:00:00,33.19,33.21,33.12,33.14,162406
2013-01-23 22:00:00,33.13,33.15,32.99,33.05,146442
2013-01-24 16:00:00,33.03,33.22,32.87,33.08,33654
2013-01-24 17:00:00,33.07,33.16,33.02,33.16,37645
2013-01-24 18:00:00,33.16,33.23,33.07,33.15,142195
2013-01-24 19:00:00,33.16,33.28,33.14,33.15,31968
2013-01-24 20:00:00,33.15,33.28,33.14,33.24,42437
2013-01-24 21:00:00,33.24,33.29,33.16,33.27,29823
2013-01-24 22:00:00,33.26,33.38,33.23,33.36,152474
2013-01-25 16:00:00,33.43,33.47,33.11,33.41,19075
2013-01-25 17:00:00,33.4,33.5,33.32,33.4,44541
2013-01-25 18:00:00,33.4,33.5,33.38,33.49,30248
2013-01-25 19:00:00,33.48,33.55,33.48,33.55,16886
2013-01-25 20:00:00,33.55,33.66,33.44,33.55,81870
2013-01-25 21:00:00,33.56,33.69,33.55,33.63,32668
2013-01-25 22:00:00,33.64,33.68,33.56,33.67,98295
2013-01-28 16:00:00,33.8,34.04,33.72,33.98,28115
2013-01-28 17:00:00,34.0,34.04,33.86,33.92,41249
2013-01-28 18:00:00,33.94,34.0,33.83,33.86,69590
2013-01-28 19:00:00,33.86,33.88,33.83,33.85,60274
2013-01-28 20:00:00,33.85,33.91,33.83,33.9,44197
2013-01-28 21:00:00,33.89,33.95,33.89,33.94,31754
2013-01-28 22:00:00,33.94,34.02,33.88,34.01,149000
2013-01-29 16:00:00,33.97,34.03,33.88,33.99,11308
2013-01-29 17:00:00,33.98,34.16,33.91,34.01,50841
2013-01-29 18:00:00,34.0,34.2,33.99,34.1,29907
2013-01-29 19:00:00,34.11,34.15,34.08,34.12,44455
2013-01-29 20:00:00,34.12,34.12,34.03,34.04,46210
2013-01-29 21:00:00,34.06,34.09,34.02,34.04,51202
2013-01-29 22:00:00,34.05,34.12,34.02,34.12,95412
2013-01-30 16:00:00,33.98,34.2,33.95,33.95,40557
2013-01-30 17:00:00,33.98,34.05,33.87,34.04,57211
2013-01-30 18:00:00,34.05,34.07,33.92,33.95,43290
2013-01-30 19:00:00,33.95,33.95,33.81,33.84,26564
2013-01-30 20:00:00,33.84,33.98,33.83,33.94,82467
2013-01-30 21:00:00,33.95,34.02,33.9,33.94,45992
2013-01-30 22:00:00,33.95,33.97,33.78,33.78,221150
2013-01-31 16:00:00,33.61,33.95,33.61,33.75,33832
2013-01-31 17:00:00,33.75,33.83,33.69,33.72,59034
2013-01-31 18:00:00,33.75,33.81,33.72,33.75,208571
2013-01-31 19:00:00,33.75,33.77,33.72,33.74,49179
2013-01-31 20:00:00,33.75,33.75,33.72,33.75,36733
2013-01-31 21:00:00,33.74,33.75,33.73,33.75,54975
2013-01-31 22:00:00,33.74,33.76,33.71,33.72,213813
2013-02-01 16:00:00,34.06,34.06,33.75,33.81,11643
2013-02-01 17:00:00,33.84,33.92,33.77,33.81,113505
2013-02-01 18:00:00,33.83,33.95,33.78,33.82,70869
2013-02-01 19:00:00,33.84,33.89,33.78,33.83,193080
2013-02-01 20:00:00,33.84,33.91,33.8,33.85,184629
2013-02-01 21:00:00,33.85,33.88,33.78,33.81,91895
2013-02-01 22:00:00,33.81,33.83,33.6,33.79,215379
2013-02-04 16:00:00,33.67,33.79,33.67,33.71,82203
2013-02-04 17:00:00,33.71,33.74,33.47,33.5,62974
2013-02-04 18:00:00,33.49,33.51,33.29,33.32,64315
2013-02-04 19:00:00,33.31,33.32,33.24,33.25,60283
2013-02-04 20:00:00,33.25,33.3,33.2,33.25,84976
2013-02-04 21:00:00,33.25,33.26,33.2,33.25,72298
2013-02-04 22:00:00,33.25,33.26,33.21,33.22,187870
2013-02-05 16:00:00,33.53,33.53,33.27,33.3,70884
2013-02-05 17:00:00,33.32,33.55,33.3,33.5,237690
2013-02-05 18:00:00,33.5,33.62,33.44,33.61,129466
2013-02-05 19:00:00,33.6,33.7,33.6,33.68,94942
2013-02-05 20:00:00,33.68,33.82,33.67,33.81,195949
2013-02-05 21:00:00,33.81,33.98,33.8,33.95,60442
2013-02-05 22:00:00,33.94,34.01,33.87,33.87,287094
2013-02-06 16:00:00,33.75,34.37,33.74,34.33,52210
2013-02-06 17:00:00,34.34,34.34,33.9,33.94,133239
2013-02-06 18:00:00,33.94,34.04,33.94,33.99,80859
2013-02-06 19:00:00,33.99,34.25,33.99,34.19,94539
2013-02-06 20:00:00,34.19,34.25,34.12,34.24,53754
2013-02-06 21:00:00,34.24,34.4,34.24,34.4,72105
2013-02-06 22:00:00,34.41,34.71,34.37,34.69,318039
2013-02-07 16:00:00,34.54,34.55,33.36,33.59,150724
2013-02-07 17:00:00,33.56,33.56,32.78,33.15,154238
2013-02-07 18:00:00,33.14,33.35,32.64,32.94,174281
2013-02-07 19:00:00,32.96,33.39,32.9,33.25,143257
2013-02-07 20:00:00,33.24,33.41,33.11,33.37,87392
2013-02-07 21:00:00,33.37,33.55,33.24,33.43,105582
2013-02-07 22:00:00,33.43,33.49,33.39,33.46,260507
2013-02-08 16:00:00,33.45,34.02,33.44,34.02,41429
2013-02-08 17:00:00,34.03,34.11,33.96,34.06,85259
2013-02-08 18:00:00,34.06,34.12,33.95,34.04,77830
2013-02-08 19:00:00,34.06,34.12,33.99,34.02,49720
2013-02-08 20:00:00,34.01,34.1,33.99,34.07,100298
2013-02-08 21:00:00,34.08,34.12,34.01,34.09,49700
2013-02-08 22:00:00,34.08,34.21,33.95,33.99,253580
2013-02-11 16:00:00,33.99,34.02,33.61,33.79,46308
2013-02-11 17:00:00,33.81,33.89,33.69,33.76,53602
2013-02-11 18:00:00,33.75,33.87,33.73,33.83,77025
2013-02-11 19:00:00,33.85,33.85,33.63,33.65,25148
2013-02-11 20:00:00,33.65,33.71,33.63,33.67,24412
2013-02-11 21:00:00,33.67,33.81,33.61,33.7,52579
2013-02-11 22:00:00,33.7,33.74,33.64,33.67,105733
2013-02-12 16:00:00,33.67,33.95,33.63,33.92,40523
2013-02-12 17:00:00,33.93,33.98,33.92,33.98,40484
2013-02-12 18:00:00,33.98,34.19,33.97,34.19,49806
2013-02-12 19:00:00,34.18,34.19,34.1,34.11,34867
2013-02-12 20:00:00,34.13,34.21,34.09,34.13,45882
2013-02-12 21:00:00,34.14,34.17,33.98,34.02,49185
2013-02-12 22:00:00,34.02,34.05,33.96,34.02,163426
2013-02-13 16:00:00,34.04,34.09,33.92,34.05,18307
2013-02-13 17:00:00,34.05,34.17,34.02,34.04,18625
2013-02-13 18:00:00,34.04,34.09,33.87,33.87,19213
2013-02-13 19:00:00,33.87,33.95,33.85,33.93,29438
2013-02-13 20:00:00,33.91,33.98,33.86,33.87,28025
2013-02-13 21:00:00,33.88,33.88,33.65,33.66,38197
2013-02-13 22:00:00,33.67,33.75,33.48,33.75,260014
2013-02-14 16:00:00,33.72,33.93,33.68,33.76,32744
2013-02-14 17:00:00,33.76,33.84,33.7,33.77,27212
2013-02-14 18:00:00,33.75,33.78,33.59,33.69,51217
2013-02-14 19:00:00,33.69,33.84,33.69,33.81,37018
2013-02-14 20:00:00,33.8,33.93,33.79,33.81,110491
2013-02-14 21:00:00,33.82,33.83,33.76,33.8,38876
2013-02-14 22:00:00,33.8,33.83,33.72,33.74,110183
2013-02-15 16:00:00,33.74,33.78,33.65,33.66,10901
2013-02-15 17:00:00,33.66,33.69,33.57,33.59,35854
2013-02-15 18:00:00,33.61,33.61,33.54,33.54,12664
2013-02-15 19:00:00,33.55,33.56,33.44,33.55,63504
2013-02-15 20:00:00,33.56,33.67,33.55,33.56,61432
2013-02-15 21:00:00,33.58,33.6,33.45,33.46,35330
2013-02-15 22:00:00,33.46,33.49,33.38,33.41,176890
2013-02-19 16:00:00,33.53,33.8,33.46,33.62,38211
2013-02-19 17:00:00,33.61,33.68,33.54,33.54,110158
2013-02-19 18:00:00,33.54,33.61,33.52,33.53,50599
2013-02-19 19:00:00,33.54,33.59,33.5,33.57,45518
2013-02-19 20:00:00,33.57,33.62,33.55,33.59,48532
2013-02-19 21:00:00,33.58,33.61,33.54,33.59,46176
2013-02-19 22:00:00,33.6,33.62,33.54,33.57,176231
2013-02-20 16:00:00,33.59,33.8,33.59,33.72,30132
2013-02-20 17:00:00,33.7,33.78,33.65,33.67,26381
2013-02-20 18:00:00,33.67,33.67,33.51,33.54,18349
2013-02-20 19:00:00,33.55,33.65,33.54,33.59,17128
2013-02-20 20:00:00,33.59,33.59,33.5,33.55,18888
2013-02-20 21:00:00,33.55,33.56,33.38,33.38,32349
2013-02-20 22:00:00,33.39,33.4,33.18,33.18,96167
2013-02-21 16:00:00,33.21,33.32,33.08,33.18,39714
2013-02-21 17:00:00,33.15,33.23,33.03,33.06,67086
2013-02-21 18:00:00,33.08,33.2,33.08,33.09,66885
2013-02-21 19:00:00,33.09,33.14,33.03,33.09,46492
2013-02-21 20:00:00,33.1,33.11,33.0,33.07,49176
2013-02-21 21:00:00,33.07,33.1,32.95,33.0,52427
2013-02-21 22:00:00,33.01,33.07,32.97,32.98,129866
2013-02-22 16:00:00,33.11,33.25,33.06,33.18,29371
2013-02-22 17:00:00,33.18,33.23,33.09,33.2,47394
2013-02-22 18:00:00,33.22,33.25,33.14,33.25,57786
2013-02-22 19:00:00,33.24,33.25,33.15,33.17,57699
2013-02-22 20:00:00,33.17,33.18,33.07,33.17,62772
2013-02-22 21:00:00,33.17,33.17,33.06,33.16,55747
2013-02-22 22:00:00,33.16,33.17,33.05,33.16,118910
2013-02-25 16:00:00,33.25,33.73,33.25,33.63,105628
2013-02-25 17:00:00,33.63,33.77,33.43,33.61,140291
2013-02-25 18:00:00,33.6,33.71,33.41,33.41,396626
2013-02-25 19:00:00,33.42,33.57,33.39,33.51,24063
2013-02-25 20:00:00,33.5,33.5,33.08,33.09,31876
2013-02-25 21:00:00,33.08,33.29,33.08,33.21,28448
2013-02-25 22:00:00,33.23,33.24,32.69,32.79,166487
2013-02-26 16:00:00,32.79,33.04,32.79,33.04,135551
2013-02-26 17:00:00,33.04,33.06,32.52,32.72,83448
2013-02-26 18:00:00,32.7,32.8,32.68,32.74,31915
2013-02-26 19:00:00,32.73,32.8,32.63,32.8,80390
2013-02-26 20:00:00,32.81,32.9,32.62,32.7,54419
2013-02-26 21:00:00,32.7,32.78,32.65,32.73,54627
2013-02-26 22:00:00,32.74,32.83,32.67,32.78,151953
2013-02-27 16:00:00,32.72,33.27,32.67,33.13,77682
2013-02-27 17:00:00,33.18,33.2,33.03,33.04,51814
2013-02-27 18:00:00,33.05,33.32,33.02,33.25,62772
2013-02-27 19:00:00,33.25,33.49,33.24,33.46,27967
2013-02-27 20:00:00,33.43,33.58,33.38,33.38,49376
2013-02-27 21:00:00,33.38,33.46,33.33,33.43,106646
2013-02-27 22:00:00,33.43,33.51,33.37,33.41,115787
2013-02-28 16:00:00,33.44,33.47,33.39,33.44,5747
2013-02-28 17:00:00,33.43,33.44,33.2,33.24,147491
2013-02-28 18:00:00,33.24,33.36,33.23,33.29,28698
2013-02-28 19:00:00,33.29,33.3,33.24,33.27,28204
2013-02-28 20:00:00,33.29,33.57,33.24,33.45,72809
2013-02-28 21:00:00,33.46,33.51,33.41,33.42,44126
2013-02-28 22:00:00,33.42,33.43,33.12,33.16,197412
2013-03-01 16:00:00,32.93,33.05,32.54,32.61,47333
2013-03-01 17:00:00,32.65,32.84,32.54,32.67,88750
2013-03-01 18:00:00,32.7,32.76,32.51,32.65,78527
2013-03-01 19:00:00,32.66,32.94,32.66,32.88,62281
2013-03-01 20:00:00,32.88,32.93,32.8,32.83,37483
2013-03-01 21:00:00,32.85,33.09,32.81,32.83,53579
2013-03-01 22:00:00,32.84,33.09,32.78,33.0,240734
2013-03-04 16:00:00,33.0,33.12,32.91,33.04,41804
2013-03-04 17:00:00,33.04,33.14,32.9,33.04,49036
2013-03-04 18:00:00,33.04,33.19,32.98,33.02,62239
2013-03-04 19:00:00,33.03,33.03,32.72,32.81,29654
2013-03-04 20:00:00,32.79,33.0,32.77,32.96,18021
2013-03-04 21:00:00,32.96,33.05,32.89,33.01,28898
2013-03-04 22:00:00,33.01,33.04,32.86,32.89,135279
2013-03-05 16:00:00,33.03,33.78,32.94,33.41,41191
2013-03-05 17:00:00,33.45,33.6,33.37,33.54,33460
2013-03-05 18:00:00,33.54,33.6,33.42,33.42,33255
2013-03-05 19:00:00,33.43,33.44,33.22,33.36,31438
2013-03-05 20:00:00,33.38,33.42,33.27,33.28,38385
2013-03-05 21:00:00,33.29,33.36,33.11,33.12,44369
2013-03-05 22:00:00,33.13,33.34,33.13,33.23,128557
2013-03-06 16:00:00,33.4,33.72,33.4,33.54,21999
2013-03-06 17:00:00,33.54,33.65,33.3,33.3,32929
2013-03-06 18:00:00,33.26,33.47,33.25,33.41,13199
2013-03-06 19:00:00,33.41,33.54,33.39,33.51,6900
2013-03-06 20:00:00,33.49,33.56,33.4,33.49,21867
2013-03-06 21:00:00,33.49,33.51,33.46,33.48,26063
2013-03-06 22:00:00,33.47,33.5,33.38,33.41,53678
2013-03-07 16:00:00,33.47,33.57,33.38,33.57,10204
2013-03-07 17:00:00,33.58,33.6,33.25,33.45,24367
2013-03-07 18:00:00,33.46,33.53,33.22,33.22,46897
2013-03-07 19:00:00,33.22,33.4,33.19,33.38,10924
2013-03-07 20:00:00,33.39,33.46,33.27,33.28,20865
2013-03-07 21:00:00,33.28,33.45,33.22,33.43,20097
2013-03-07 22:00:00,33.42,33.45,33.28,33.31,374165
2013-03-08 16:00:00,33.52,33.74,33.51,33.54,173321
2013-03-08 17:00:00,33.52,33.57,33.35,33.39,193735
2013-03-08 18:00:00,33.38,33.52,33.24,33.3,44016
2013-03-08 19:00:00,33.29,33.51,33.29,33.33,52549
2013-03-08 20:00:00,33.31,33.62,33.27,33.5,121457
2013-03-08 21:00:00,33.5,33.67,33.43,33.54,52020
2013-03-08 22:00:00,33.55,33.62,33.49,33.56,87393
2013-03-11 16:00:00,33.46,33.73,33.42,33.67,90305
2013-03-11 17:00:00,33.69,33.7,33.49,33.52,103486
2013-03-11 18:00:00,33.51,33.62,33.47,33.48,64138
2013-03-11 19:00:00,33.49,33.51,33.35,33.49,70466
2013-03-11 20:00:00,33.5,33.72,33.41,33.42,53962
2013-03-11 21:00:00,33.43,33.73,33.39,33.73,70591
2013-03-11 22:00:00,33.74,33.74,33.6,33.73,85953
2013-03-12 16:00:00,33.72,33.75,33.35,33.68,19205
2013-03-12 17:00:00,33.67,33.7,33.51,33.58,53116
2013-03-12 18:00:00,33.58,33.58,33.32,33.46,30050
2013-03-12 19:00:00,33.44,33.46,33.28,33.33,52882
2013-03-12 20:00:00,33.34,33.35,33.26,33.28,37111
2013-03-12 21:00:00,33.26,33.29,33.16,33.19,49642
2013-03-12 22:00:00,33.2,33.36,33.2,33.32,155995
2013-03-13 16:00:00,33.31,33.34,33.18,33.3,57441
2013-03-13 17:00:00,33.3,33.44,33.26,33.36,35481
2013-03-13 18:00:00,33.35,33.35,33.18,33.2,27232
2013-03-13 19:00:00,33.2,33.32,33.07,33.11,101808
2013-03-13 20:00:00,33.12,33.26,33.12,33.23,36914
2013-03-13 21:00:00,33.24,33.29,33.21,33.28,109029
2013-03-13 22:00:00,33.27,33.47,33.21,33.3,192969
2013-03-14 16:00:00,33.49,33.71,33.31,33.62,19078
2013-03-14 17:00:00,33.63,34.0,33.56,33.98,65651
2013-03-14 18:00:00,33.98,33.98,33.79,33.91,34412
2013-03-14 19:00:00,33.92,33.94,33.62,33.7,61226
2013-03-14 20:00:00,33.74,33.74,33.49,33.59,67162
2013-03-14 21:00:00,33.6,33.74,33.53,33.74,42961
2013-03-14 22:00:00,33.74,33.75,33.52,33.66,144225
2013-03-15 16:00:00,33.62,33.62,33.31,33.32,136943
2013-03-15 17:00:00,33.31,33.38,33.15,33.29,29848
2013-03-15 18:00:00,33.29,33.53,33.24,33.53,33215
2013-03-15 19:00:00,33.52,33.64,33.37,33.6,87273
2013-03-15 20:00:00,33.6,33.76,33.59,33.73,32371
2013-03-15 21:00:00,33.72,33.8,33.69,33.71,60601
2013-03-15 22:00:00,33.72,33.81,33.69,33.7,194970
2013-03-18 16:00:00,33.45,33.74,33.25,33.73,20574
2013-03-18 17:00:00,33.73,33.84,33.66,33.74,32729
2013-03-18 18:00:00,33.76,33.8,33.73,33.8,14987
2013-03-18 19:00:00,33.82,33.89,33.79,33.85,17847
2013-03-18 20:00:00,33.86,33.95,33.78,33.88,53495
2013-03-18 21:00:00,33.85,33.96,33.79,33.81,37816
2013-03-18 22:00:00,33.84,33.94,33.76,33.83,102208
2013-03-19 16:00:00,33.89,33.97,33.87,33.93,19970
2013-03-19 17:00:00,33.94,33.99,33.75,33.87,51397
2013-03-19 18:00:00,33.85,33.89,33.57,33.58,167620
2013-03-19 19:00:00,33.59,33.8,33.58,33.75,28803
2013-03-19 20:00:00,33.75,33.8,33.56,33.69,49664
2013-03-19 21:00:00,33.67,33.81,33.67,33.74,67450
2013-03-19 22:00:00,33.74,33.88,33.63,33.85,173050
2013-03-20 16:00:00,33.91,34.05,33.78,33.8,195547
2013-03-20 17:00:00,33.8,33.83,33.75,33.79,47068
2013-03-20 18:00:00,33.79,33.86,33.75,33.76,55647
2013-03-20 19:00:00,33.75,33.82,33.75,33.79,45070
2013-03-20 20:00:00,33.78,33.84,33.77,33.83,133308
2013-03-20 21:00:00,33.82,34.0,33.82,33.91,140141
2013-03-20 22:00:00,33.92,34.07,33.83,34.01,103479
2013-03-21 16:00:00,33.75,34.09,33.72,33.85,36326
2013-03-21 17:00:00,33.85,33.89,33.66,33.69,55854
2013-03-21 18:00:00,33.69,33.72,33.58,33.6,16151
2013-03-21 19:00:00,33.61,33.75,33.53,33.72,43277
2013-03-21 20:00:00,33.72,33.72,33.55,33.66,25238
2013-03-21 21:00:00,33.66,33.69,33.56,33.65,17752
2013-03-21 22:00:00,33.61,33.7,33.56,33.59,88841
2013-03-22 16:00:00,33.59,33.73,33.36,33.44,43505
2013-03-22 17:00:00,33.44,33.62,33.38,33.4,45660
2013-03-22 18:00:00,33.41,33.55,33.41,33.54,50208
2013-03-22 19:00:00,33.56,33.61,33.44,33.58,45315
2013-03-22 20:00:00,33.58,33.75,33.55,33.71,45922
2013-03-22 21:00:00,33.7,33.71,33.55,33.57,24135
2013-03-22 22:00:00,33.57,33.8,33.5,33.78,135279
2013-03-25 16:00:00,33.88,33.98,33.79,33.85,48765
2013-03-25 17:00:00,33.85,33.91,33.73,33.82,36651
2013-03-25 18:00:00,33.81,33.83,33.55,33.74,74047
2013-03-25 19:00:00,33.78,33.86,33.57,33.57,136690
2013-03-25 20:00:00,33.57,33.78,33.52,33.74,98033
2013-03-25 21:00:00,33.73,33.73,33.56,33.56,80317
2013-03-25 22:00:00,33.56,33.64,33.51,33.6,81284
2013-03-26 16:00:00,33.73,33.84,33.59,33.63,18507
2013-03-26 17:00:00,33.63,33.69,33.35,33.45,20382
2013-03-26 18:00:00,33.45,33.53,33.43,33.48,14540
2013-03-26 19:00:00,33.48,33.52,33.45,33.5,15483
2013-03-26 20:00:00,33.5,33.68,33.5,33.59,23176
2013-03-26 21:00:00,33.6,33.76,33.58,33.75,43991
2013-03-26 22:00:00,33.75,33.81,33.73,33.79,76348
2013-03-27 16:00:00,33.6,33.73,33.52,33.59,10902
2013-03-27 17:00:00,33.59,33.68,33.45,33.65,23040
2013-03-27 18:00:00,33.69,33.89,33.65,33.87,30201
2013-03-27 19:00:00,33.86,34.01,33.84,33.96,23544
2013-03-27 20:00:00,33.96,34.06,33.95,34.06,38945
2013-03-27 21:00:00,34.06,34.1,33.95,33.98,61693
2013-03-27 22:00:00,34.0,34.09,33.97,34.05,92842
2013-03-28 16:00:00,34.03,34.13,33.78,33.87,55450
2013-03-28 17:00:00,33.82,33.84,33.68,33.78,23465
2013-03-28 18:00:00,33.79,33.93,33.76,33.93,23193
2013-03-28 19:00:00,33.9,34.01,33.9,33.96,18400
2013-03-28 20:00:00,33.96,34.0,33.9,33.91,16488
2013-03-28 21:00:00,33.92,33.93,33.88,33.9,16341
2013-03-28 22:00:00,33.9,34.0,33.87,33.95,136573
2013-04-01 16:00:00,33.99,33.99,33.75,33.86,11063
2013-04-01 17:00:00,33.85,33.85,33.57,33.68,42500
2013-04-01 18:00:00,33.7,33.72,33.53,33.61,15725
2013-04-01 19:00:00,33.58,33.59,33.41,33.45,17955
2013-04-01 20:00:00,33.44,33.56,33.43,33.44,10417
2013-04-01 21:00:00,33.46,33.49,33.22,33.22,46452
2013-04-01 22:00:00,33.26,33.38,33.13,33.34,89458
2013-04-02 16:00:00,33.45,33.57,33.33,33.55,19093
2013-04-02 17:00:00,33.56,33.6,33.37,33.4,76006
2013-04-02 18:00:00,33.4,33.41,33.07,33.12,46833
2013-04-02 19:00:00,33.14,33.18,33.08,33.1,38330
2013-04-02 20:00:00,33.1,33.2,33.03,33.19,45535
2013-04-02 21:00:00,33.19,33.23,33.07,33.15,50048
2013-04-02 22:00:00,33.13,33.15,32.98,33.12,133459
2013-04-03 16:00:00,33.19,33.21,32.88,32.93,11967
2013-04-03 17:00:00,32.9,32.91,32.66,32.76,69435
2013-04-03 18:00:00,32.76,32.85,32.7,32.73,60777
2013-04-03 19:00:00,32.72,32.75,32.6,32.62,32418
2013-04-03 20:00:00,32.62,32.62,32.35,32.35,61394
2013-04-03 21:00:00,32.35,32.47,32.3,32.46,70218
2013-04-03 22:00:00,32.47,32.56,32.38,32.42,155420
2013-04-04 16:00:00,32.42,32.66,32.39,32.66,16159
2013-04-04 17:00:00,32.66,32.83,32.44,32.71,84254
2013-04-04 18:00:00,32.7,32.73,32.4,32.59,46955
2013-04-04 19:00:00,32.58,32.7,32.52,32.68,23342
2013-04-04 20:00:00,32.67,32.69,32.58,32.61,30083
2013-04-04 21:00:00,32.6,32.69,32.58,32.6,38161
2013-04-04 22:00:00,32.6,32.69,32.54,32.67,75176
2013-04-05 16:00:00,32.29,32.37,32.17,32.25,34393
2013-04-05 17:00:00,32.26,32.3,32.06,32.08,24856
2013-04-05 18:00:00,32.06,32.19,32.03,32.03,18872
2013-04-05 19:00:00,32.04,32.23,32.0,32.19,18494
2013-04-05 20:00:00,32.2,32.23,32.1,32.14,30176
2013-04-05 21:00:00,32.13,32.29,32.09,32.26,81853
2013-04-05 22:00:00,32.25,32.37,32.17,32.34,66492
2013-04-08 16:00:00,32.32,32.48,32.21,32.21,8456
2013-04-08 17:00:00,32.21,32.31,32.16,32.2,13921
2013-04-08 18:00:00,32.2,32.21,32.08,32.13,16899
2013-04-08 19:00:00,32.15,32.27,32.1,32.26,18770
2013-04-08 20:00:00,32.26,32.4,32.24,32.37,27969
2013-04-08 21:00:00,32.42,32.47,32.4,32.44,21099
2013-04-08 22:00:00,32.45,32.68,32.42,32.67,105577
2013-04-09 16:00:00,32.76,32.87,32.63,32.65,7727
2013-04-09 17:00:00,32.6,32.7,32.55,32.57,18437
2013-04-09 18:00:00,32.56,32.56,32.45,32.53,16655
2013-04-09 19:00:00,32.54,32.67,32.53,32.67,41297
2013-04-09 20:00:00,32.66,32.73,32.6,32.65,28584
2013-04-09 21:00:00,32.66,32.67,32.58,32.64,50811
2013-04-09 22:00:00,32.64,32.65,32.49,32.49,154264
2013-04-10 16:00:00,32.61,33.0,32.61,32.97,15534
2013-04-10 17:00:00,33.0,33.11,32.93,33.07,83113
2013-04-10 18:00:00,33.06,33.28,33.0,33.18,36837
2013-04-10 19:00:00,33.18,33.33,33.16,33.23,30837
2013-04-10 20:00:00,33.22,33.28,33.12,33.2,52166
2013-04-10 21:00:00,33.2,33.28,33.15,33.28,31670
2013-04-10 22:00:00,33.28,33.28,33.14,33.22,92399
2013-04-11 16:00:00,33.31,33.45,33.23,33.29,85601
2013-04-11 17:00:00,33.32,33.59,33.3,33.54,46621
2013-04-11 18:00:00,33.54,33.75,33.53,33.69,41779
2013-04-11 19:00:00,33.68,33.73,33.62,33.68,57787
2013-04-11 20:00:00,33.68,33.72,33.54,33.54,27063
2013-04-11 21:00:00,33.53,33.69,33.52,33.69,29035
2013-04-11 22:00:00,33.69,33.69,33.53,33.58,86370
2013-04-12 16:00:00,33.53,33.68,33.44,33.59,8964
2013-04-12 17:00:00,33.57,33.58,33.25,33.32,15564
2013-04-12 18:00:00,33.31,33.59,33.28,33.56,14702
2013-04-12 19:00:00,33.57,33.62,33.5,33.6,17964
2013-04-12 20:00:00,33.59,33.62,33.49,33.5,32577
2013-04-12 21:00:00,33.5,33.54,33.35,33.5,18068
2013-04-12 22:00:00,33.49,33.61,33.49,33.53,55106
2013-04-15 16:00:00,33.36,33.45,33.32,33.42,6617
2013-04-15 17:00:00,33.39,33.39,33.06,33.09,19936
2013-04-15 18:00:00,33.08,33.15,32.8,32.83,44882
2013-04-15 19:00:00,32.81,32.84,32.71,32.75,28448
2013-04-15 20:00:00,32.74,32.78,32.65,32.7,33328
2013-04-15 21:00:00,32.72,32.72,32.53,32.56,50849
2013-04-15 22:00:00,32.54,32.59,32.31,32.34,116143
2013-04-16 16:00:00,32.67,32.77,32.52,32.6,14804
2013-04-16 17:00:00,32.63,32.83,32.58,32.67,30565
2013-04-16 18:00:00,32.69,32.84,32.6,32.84,29255
2013-04-16 19:00:00,32.84,32.87,32.68,32.83,25947
2013-04-16 20:00:00,32.84,32.87,32.77,32.78,21110
2013-04-16 21:00:00,32.8,32.83,32.69,32.75,42608
2013-04-16 22:00:00,32.75,32.94,32.75,32.91,108239
2013-04-17 16:00:00,32.74,32.93,32.49,32.88,25961
2013-04-17 17:00:00,32.86,32.96,32.58,32.58,108369
2013-04-17 18:00:00,32.6,32.61,32.46,32.51,25001
2013-04-17 19:00:00,32.51,32.59,32.32,32.51,32176
2013-04-17 20:00:00,32.48,32.65,32.46,32.65,23153
2013-04-17 21:00:00,32.64,32.64,32.42,32.47,29302
2013-04-17 22:00:00,32.47,32.67,32.46,32.6,94582
2013-04-18 16:00:00,32.64,32.79,32.53,32.53,11540
2013-04-18 17:00:00,32.53,32.69,32.25,32.67,33078
2013-04-18 18:00:00,32.7,32.71,32.42,32.56,26075
2013-04-18 19:00:00,32.57,32.71,32.51,32.63,25707
2013-04-18 20:00:00,32.63,32.71,32.56,32.57,17489
2013-04-18 21:00:00,32.56,32.56,32.21,32.23,24068
2013-04-18 22:00:00,32.26,32.49,32.2,32.41,76263
2013-04-19 16:00:00,32.54,32.57,32.24,32.37,12923
2013-04-19 17:00:00,32.42,32.62,32.42,32.53,17095
2013-04-19 18:00:00,32.52,32.81,32.51,32.8,18516
2013-04-19 19:00:00,32.77,32.83,32.66,32.71,27473
2013-04-19 20:00:00,32.67,32.76,32.66,32.7,21320
2013-04-19 21:00:00,32.73,32.82,32.72,32.76,20130
2013-04-19 22:00:00,32.76,32.92,32.74,32.81,87277
2013-04-22 16:00:00,32.81,32.88,32.54,32.67,9327
2013-04-22 17:00:00,32.67,32.88,32.49,32.86,34740
2013-04-22 18:00:00,32.86,32.93,32.76,32.87,25391
2013-04-22 19:00:00,32.9,32.94,32.78,32.83,51777
2013-04-22 20:00:00,32.83,32.94,32.79,32.9,14966
2013-04-22 21:00:00,32.9,33.03,32.87,32.9,27838
2013-04-22 22:00:00,32.91,32.92,32.87,32.9,55158
2013-04-23 16:00:00,33.0,33.26,32.97,33.13,18575
2013-04-23 17:00:00,33.15,33.25,33.1,33.13,67813
2013-04-23 18:00:00,33.13,33.24,33.13,33.2,32684
2013-04-23 19:00:00,33.22,33.41,33.19,33.26,19027
2013-04-23 20:00:00,33.28,33.3,32.96,33.24,37452
2013-04-23 21:00:00,33.23,33.25,33.08,33.22,13602
2013-04-23 22:00:00,33.23,33.28,33.12,33.28,97787
2013-04-24 16:00:00,33.27,33.31,33.12,33.15,10840
2013-04-24 17:00:00,33.18,33.34,33.13,33.24,15705
2013-04-24 18:00:00,33.29,33.34,33.2,33.3,33325
2013-04-24 19:00:00,33.29,33.29,33.17,33.21,20465
2013-04-24 20:00:00,33.22,33.28,33.17,33.18,38524
2013-04-24 21:00:00,33.18,33.27,33.17,33.24,33800
2013-04-24 22:00:00,33.23,33.25,33.17,33.23,70856
2013-04-25 16:00:00,33.3,33.6,33.25,33.52,22323
2013-04-25 17:00:00,33.57,33.62,33.31,33.39,75384
2013-04-25 18:00:00,33.41,33.47,33.28,33.28,63881
2013-04-25 19:00:00,33.31,33.39,33.28,33.36,22463
2013-04-25 20:00:00,33.36,33.42,33.29,33.36,23472
2013-04-25 21:00:00,33.37,33.46,33.31,33.35,39033
2013-04-25 22:00:00,33.36,33.36,33.23,33.31,55734
2013-04-26 16:00:00,33.2,33.44,33.2,33.44,8241
2013-04-26 17:00:00,33.45,33.45,33.19,33.24,19892
2013-04-26 18:00:00,33.26,33.38,33.25,33.3,12593
2013-04-26 19:00:00,33.32,33.38,33.22,33.32,12335
2013-04-26 20:00:00,33.34,33.37,33.22,33.25,16131
2013-04-26 21:00:00,33.25,33.3,33.23,33.29,34266
2013-04-26 22:00:00,33.3,33.32,33.18,33.21,78806
2013-04-29 16:00:00,33.37,33.59,33.27,33.35,7069
2013-04-29 17:00:00,33.41,33.48,33.29,33.41,25024
2013-04-29 18:00:00,33.43,33.48,33.33,33.45,16966
2013-04-29 19:00:00,33.49,33.55,33.35,33.35,25949
2013-04-29 20:00:00,33.37,33.66,33.35,33.63,10300
2013-04-29 21:00:00,33.65,33.7,33.4,33.44,63477
2013-04-29 22:00:00,33.47,33.58,33.37,33.44,77320
2013-04-30 16:00:00,33.39,33.64,33.39,33.52,10698
2013-04-30 17:00:00,33.48,33.86,33.44,33.71,35061
2013-04-30 18:00:00,33.74,33.83,33.61,33.64,39750
2013-04-30 19:00:00,33.65,33.82,33.64,33.73,90379
2013-04-30 20:00:00,33.72,33.82,33.51,33.6,55685
2013-04-30 21:00:00,33.62,33.81,33.53,33.8,52344
2013-04-30 22:00:00,33.8,34.05,33.74,34.04,224919
2013-05-01 16:00:00,33.88,33.88,31.63,32.05,232727
2013-05-01 17:00:00,32.03,32.67,31.97,32.61,210224
2013-05-01 18:00:00,32.61,33.18,32.59,33.16,159850
2013-05-01 19:00:00,33.15,33.4,33.01,33.24,138646
2013-05-01 20:00:00,33.2,33.37,33.04,33.32,275941
2013-05-01 21:00:00,33.34,33.38,33.06,33.34,48819
2013-05-01 22:00:00,33.34,33.35,33.1,33.26,224265
2013-05-02 16:00:00,33.45,33.45,33.0,33.0,19014
2013-05-02 17:00:00,32.97,33.77,32.97,33.77,44199
2013-05-02 18:00:00,33.76,33.76,33.53,33.67,28300
2013-05-02 19:00:00,33.67,33.67,33.53,33.67,22436
2013-05-02 20:00:00,33.68,33.69,33.55,33.58,27785
2013-05-02 21:00:00,33.59,33.74,33.59,33.74,36502
2013-05-02 22:00:00,33.72,33.73,33.61,33.64,119956
2013-05-03 16:00:00,33.78,34.26,33.64,34.25,20832
2013-05-03 17:00:00,34.24,34.27,34.09,34.11,41304
2013-05-03 18:00:00,34.11,34.12,33.88,33.91,24465
2013-05-03 19:00:00,33.9,33.91,33.72,33.74,29782
2013-05-03 20:00:00,33.73,33.77,33.63,33.75,42333
2013-05-03 21:00:00,33.75,33.76,33.54,33.56,29287
2013-05-03 22:00:00,33.56,33.58,33.27,33.29,136153
2013-05-06 16:00:00,33.43,33.43,32.81,33.2,35087
2013-05-06 17:00:00,33.2,33.44,33.18,33.2,33916
2013-05-06 18:00:00,33.19,33.32,33.13,33.31,41008
2013-05-06 19:00:00,33.32,33.42,33.21,33.37,44129
2013-05-06 20:00:00,33.37,33.46,33.31,33.43,27048
2013-05-06 21:00:00,33.43,33.52,33.34,33.35,38374
2013-05-06 22:00:00,33.36,33.47,33.29,33.34,87571
2013-05-07 16:00:00,33.44,33.69,33.41,33.66,12600
2013-05-07 17:00:00,33.69,33.7,33.48,33.54,23466
2013-05-07 18:00:00,33.54,33.64,33.5,33.63,24321
2013-05-07 19:00:00,33.6,33.67,33.58,33.66,16233
2013-05-07 20:00:00,33.64,33.68,33.57,33.58,30291
2013-05-07 21:00:00,33.6,33.66,33.54,33.61,43905
2013-05-07 22:00:00,33.61,33.63,33.46,33.56,101770
2013-05-08 16:00:00,33.4,33.72,33.4,33.72,44037
2013-05-08 17:00:00,33.72,33.89,33.63,33.89,32391
2013-05-08 18:00:00,33.88,34.09,33.87,33.98,106344
2013-05-08 19:00:00,33.98,34.03,33.92,33.97,54202
2013-05-08 20:00:00,33.98,34.08,33.98,34.04,49201
2013-05-08 21:00:00,34.05,34.14,33.87,34.0,75469
2013-05-08 22:00:00,34.0,34.13,33.92,34.13,131025
2013-05-09 16:00:00,34.14,34.27,34.11,34.22,11311
2013-05-09 17:00:00,34.21,34.21,33.96,33.98,6911
2013-05-09 18:00:00,34.01,34.04,33.93,34.0,8652
2013-05-09 19:00:00,34.03,34.13,34.02,34.12,22225
2013-05-09 20:00:00,34.12,34.21,34.11,34.14,28448
2013-05-09 21:00:00,34.15,34.16,33.92,33.92,34189
2013-05-09 22:00:00,33.9,34.0,33.8,33.85,54754
2013-05-10 16:00:00,33.84,34.02,33.66,33.73,11599
2013-05-10 17:00:00,33.77,33.93,33.77,33.89,18421
2013-05-10 18:00:00,33.9,33.98,33.8,33.92,35897
2013-05-10 19:00:00,33.91,34.02,33.83,34.02,32873
2013-05-10 20:00:00,34.03,34.1,33.92,33.95,18416
2013-05-10 21:00:00,33.95,34.05,33.94,33.98,26907
2013-05-10 22:00:00,33.99,33.99,33.92,33.93,73907
2013-05-13 16:00:00,33.94,33.94,33.73,33.81,13434
2013-05-13 17:00:00,33.86,34.03,33.81,33.94,26514
2013-05-13 18:00:00,33.94,34.03,33.85,34.0,11862
2013-05-13 19:00:00,34.0,34.02,33.93,33.99,14436
2013-05-13 20:00:00,33.97,34.01,33.85,33.91,11255
2013-05-13 21:00:00,33.91,34.0,33.9,33.99,19000
2013-05-13 22:00:00,33.99,34.05,33.89,33.92,140679
2013-05-14 16:00:00,33.95,34.34,33.95,34.34,9274
2013-05-14 17:00:00,34.38,34.55,34.29,34.49,31330
2013-05-14 18:00:00,34.52,34.59,34.49,34.51,22641
2013-05-14 19:00:00,34.51,34.51,34.39,34.41,11113
2013-05-14 20:00:00,34.42,34.44,34.31,34.34,43636
2013-05-14 21:00:00,34.33,34.42,34.31,34.34,26675
2013-05-14 22:00:00,34.34,34.48,34.32,34.47,67523
2013-05-15 16:00:00,34.3,34.64,34.3,34.51,14261
2013-05-15 17:00:00,34.45,34.55,34.26,34.34,16559
2013-05-15 18:00:00,34.37,34.48,34.37,34.47,22043
2013-05-15 19:00:00,34.47,34.55,34.42,34.44,63776
2013-05-15 20:00:00,34.44,34.44,34.23,34.27,56519
2013-05-15 21:00:00,34.27,34.3,34.22,34.29,93118
2013-05-15 22:00:00,34.28,34.31,34.21,34.24,186207
2013-05-16 16:00:00,34.27,34.54,34.24,34.46,63944
2013-05-16 17:00:00,34.45,34.56,34.28,34.55,84795
2013-05-16 18:00:00,34.55,34.85,34.52,34.72,62364
2013-05-16 19:00:00,34.72,34.79,34.67,34.67,20379
2013-05-16 20:00:00,34.67,34.68,34.59,34.62,29655
2013-05-16 21:00:00,34.63,34.68,34.62,34.66,20902
2013-05-16 22:00:00,34.65,34.66,34.44,34.59,91118
2013-05-17 16:00:00,34.65,34.9,34.48,34.54,57022
2013-05-17 17:00:00,34.53,34.77,34.53,34.72,38505
2013-05-17 18:00:00,34.7,34.85,34.65,34.68,25733
2013-05-17 19:00:00,34.65,34.7,34.59,34.62,15231
2013-05-17 20:00:00,34.65,34.69,34.54,34.58,47778
2013-05-17 21:00:00,34.61,34.67,34.54,34.63,53899
2013-05-17 22:00:00,34.62,34.69,34.52,34.67,114876
2013-05-20 16:00:00,34.68,34.68,34.52,34.57,25035
2013-05-20 17:00:00,34.58,34.71,34.55,34.59,73422
2013-05-20 18:00:00,34.6,34.69,34.57,34.64,45439
2013-05-20 19:00:00,34.64,34.68,34.47,34.5,29074
2013-05-20 20:00:00,34.49,34.52,34.31,34.48,27794
2013-05-20 21:00:00,34.48,34.61,34.39,34.55,32524
2013-05-20 22:00:00,34.55,34.62,34.46,34.54,105438
2013-05-21 16:00:00,34.4,34.74,34.4,34.74,16373
2013-05-21 17:00:00,34.73,34.85,34.54,34.61,29889
2013-05-21 18:00:00,34.64,34.68,34.58,34.6,35011
2013-05-21 19:00:00,34.62,34.63,34.55,34.59,19635
2013-05-21 20:00:00,34.6,34.67,34.57,34.62,23761
2013-05-21 21:00:00,34.62,34.73,34.6,34.73,51325
2013-05-21 22:00:00,34.72,34.73,34.61,34.72,94859
2013-05-22 16:00:00,34.67,34.83,34.5,34.6,51622
2013-05-22 17:00:00,34.67,34.85,34.61,34.73,129017
2013-05-22 18:00:00,34.76,34.79,34.68,34.75,43736
2013-05-22 19:00:00,34.73,34.75,34.36,34.75,68297
2013-05-22 20:00:00,34.74,34.75,34.48,34.56,28324
2013-05-22 21:00:00,34.58,34.63,34.25,34.41,49552
2013-05-22 22:00:00,34.41,34.41,34.12,34.25,103972
2013-05-23 16:00:00,34.02,34.25,34.02,34.17,13098
2013-05-23 17:00:00,34.2,34.33,34.11,34.22,87894
2013-05-23 18:00:00,34.24,34.77,34.22,34.7,180367
2013-05-23 19:00:00,34.7,34.75,34.45,34.52,72761
2013-05-23 20:00:00,34.5,34.58,34.45,34.58,44131
2013-05-23 21:00:00,34.57,34.63,34.49,34.57,122887
2013-05-23 22:00:00,34.56,34.6,34.44,34.49,159950
2013-05-24 16:00:00,34.26,34.37,34.2,34.33,20272
2013-05-24 17:00:00,34.3,34.32,34.16,34.2,22575
2013-05-24 18:00:00,34.2,34.23,34.08,34.18,20146
2013-05-24 19:00:00,34.18,34.36,34.18,34.29,93979
2013-05-24 20:00:00,34.31,34.74,34.28,34.59,229420
2013-05-24 21:00:00,34.58,34.65,34.48,34.51,105070
2013-05-24 22:00:00,34.49,34.54,34.4,34.45,112052
2013-05-28 16:00:00,34.84,35.01,34.84,34.95,72578
2013-05-28 17:00:00,34.95,35.21,34.89,35.18,121613
2013-05-28 18:00:00,35.17,35.2,35.09,35.18,78484
2013-05-28 19:00:00,35.17,35.45,35.17,35.39,60374
2013-05-28 20:00:00,35.39,35.47,35.05,35.08,86123
2013-05-28 21:00:00,35.08,35.24,34.96,35.19,134623
2013-05-28 22:00:00,35.18,35.26,35.03,35.05,179319
2013-05-29 16:00:00,34.84,35.0,34.81,34.96,15704
2013-05-29 17:00:00,34.95,35.04,34.94,35.0,59135
2013-05-29 18:00:00,34.98,35.16,34.95,35.15,49677
2013-05-29 19:00:00,35.18,35.23,35.13,35.17,67190
2013-05-29 20:00:00,35.18,35.43,35.14,35.43,29847
2013-05-29 21:00:00,35.37,35.47,35.32,35.35,66262
2013-05-29 22:00:00,35.33,35.38,35.21,35.22,90313
2013-05-30 16:00:00,35.26,35.6,35.18,35.58,24897
2013-05-30 17:00:00,35.57,35.65,35.5,35.65,43425
2013-05-30 18:00:00,35.6,35.65,35.46,35.53,25907
2013-05-30 19:00:00,35.52,35.56,35.49,35.52,30444
2013-05-30 20:00:00,35.49,35.68,35.47,35.67,53678
2013-05-30 21:00:00,35.67,35.77,35.63,35.72,57992
2013-05-30 22:00:00,35.73,35.78,35.66,35.75,103650
2013-05-31 16:00:00,35.58,35.58,35.29,35.29,18910
2013-05-31 17:00:00,35.32,35.63,35.3,35.58,44483
2013-05-31 18:00:00,35.57,35.76,35.52,35.73,32573
2013-05-31 19:00:00,35.72,35.72,35.49,35.49,62050
2013-05-31 20:00:00,35.5,35.66,35.5,35.55,28330
2013-05-31 21:00:00,35.53,35.53,35.25,35.26,24674
2013-05-31 22:00:00,35.25,35.38,35.19,35.24,198755
2013-06-03 16:00:00,35.33,35.37,34.86,35.01,32436
2013-06-03 17:00:00,35.06,35.37,34.97,35.01,48657
2013-06-03 18:00:00,35.02,35.02,34.72,34.83,25873
2013-06-03 19:00:00,34.89,34.95,34.83,34.92,26414
2013-06-03 20:00:00,34.96,35.16,34.91,35.13,27364
2013-06-03 21:00:00,35.13,35.27,35.11,35.24,31640
2013-06-03 22:00:00,35.25,35.27,35.13,35.17,112356
2013-06-04 16:00:00,35.13,35.5,35.04,35.45,13438
2013-06-04 17:00:00,35.42,35.62,35.28,35.37,35544
2013-06-04 18:00:00,35.38,35.44,35.22,35.39,29759
2013-06-04 19:00:00,35.41,35.41,35.13,35.18,21176
2013-06-04 20:00:00,35.2,35.27,34.89,34.92,117995
2013-06-04 21:00:00,34.92,35.04,34.79,34.95,115321
2013-06-04 22:00:00,34.92,35.14,34.91,34.98,130171
2013-06-05 16:00:00,34.92,35.12,34.86,34.96,15165
2013-06-05 17:00:00,34.96,35.02,34.63,34.67,52548
2013-06-05 18:00:00,34.69,34.74,34.53,34.63,54110
2013-06-05 19:00:00,34.63,34.7,34.33,34.38,94257
2013-06-05 20:00:00,34.38,34.61,34.34,34.49,52516
2013-06-05 21:00:00,34.46,34.52,34.3,34.44,28434
2013-06-05 22:00:00,34.44,34.46,34.13,34.28,209944
2013-06-06 16:00:00,34.28,34.74,34.28,34.74,41824
2013-06-06 17:00:00,34.84,34.93,34.59,34.64,60635
2013-06-06 18:00:00,34.66,34.88,34.58,34.6,34585
2013-06-06 19:00:00,34.6,34.7,34.48,34.59,28439
2013-06-06 20:00:00,34.6,34.74,34.54,34.6,50354
2013-06-06 21:00:00,34.59,34.72,34.51,34.69,43463
2013-06-06 22:00:00,34.72,34.89,34.57,34.79,185564
2013-06-07 16:00:00,34.83,35.04,34.83,34.89,19129
2013-06-07 17:00:00,34.88,34.98,34.83,34.88,33443
2013-06-07 18:00:00,34.89,35.03,34.83,34.93,69622
2013-06-07 19:00:00,34.93,34.93,34.83,34.84,40533
2013-06-07 20:00:00,34.86,34.91,34.77,34.78,23995
2013-06-07 21:00:00,34.76,34.79,34.56,34.59,53145
2013-06-07 22:00:00,34.59,34.8,34.59,34.69,149278
2013-06-10 16:00:00,34.76,34.94,34.52,34.75,48410
2013-06-10 17:00:00,34.72,34.84,34.6,34.75,88398
2013-06-10 18:00:00,34.79,34.92,34.72,34.92,18172
2013-06-10 19:00:00,34.94,35.01,34.82,34.85,37231
2013-06-10 20:00:00,34.86,34.95,34.85,34.87,18304
2013-06-10 21:00:00,34.91,34.95,34.8,34.88,36667
2013-06-10 22:00:00,34.9,35.05,34.88,34.89,129641
2013-06-11 16:00:00,34.5,34.65,34.3,34.6,17246
2013-06-11 17:00:00,34.6,34.82,34.48,34.7,34822
2013-06-11 18:00:00,34.7,34.87,34.68,34.74,18109
2013-06-11 19:00:00,34.78,34.86,34.71,34.84,15786
2013-06-11 20:00:00,34.87,34.92,34.71,34.79,21681
2013-06-11 21:00:00,34.78,34.82,34.73,34.81,39383
2013-06-11 22:00:00,34.83,34.87,34.54,34.58,71400
2013-06-12 16:00:00,34.83,34.94,34.72,34.77,12831
2013-06-12 17:00:00,34.73,34.73,34.52,34.53,13162
2013-06-12 18:00:00,34.5,34.51,34.15,34.15,47008
2013-06-12 19:00:00,34.21,34.23,34.07,34.15,24250
2013-06-12 20:00:00,34.18,34.27,34.15,34.23,26600
2013-06-12 21:00:00,34.23,34.26,34.01,34.1,47056
2013-06-12 22:00:00,34.09,34.15,33.93,34.06,118214
2013-06-13 16:00:00,34.04,34.29,33.96,34.11,10790
2013-06-13 17:00:00,34.12,34.2,34.07,34.08,44383
2013-06-13 18:00:00,34.08,34.21,34.07,34.18,39252
2013-06-13 19:00:00,34.18,34.23,34.12,34.15,73140
2013-06-13 20:00:00,34.16,34.24,34.07,34.12,45595
2013-06-13 21:00:00,34.12,34.4,34.09,34.32,39328
2013-06-13 22:00:00,34.3,34.45,34.29,34.35,135458
2013-06-14 16:00:00,34.32,34.42,34.25,34.39,18826
2013-06-14 17:00:00,34.42,34.42,34.23,34.24,48174
2013-06-14 18:00:00,34.25,34.34,34.1,34.28,30090
2013-06-14 19:00:00,34.28,34.31,34.15,34.15,19395
2013-06-14 20:00:00,34.16,34.27,34.07,34.18,27909
2013-06-14 21:00:00,34.18,34.35,34.17,34.23,28881
2013-06-14 22:00:00,34.24,34.31,34.14,34.14,93509
2013-06-17 16:00:00,34.47,34.59,34.29,34.52,583770
2013-06-17 17:00:00,34.54,34.6,34.47,34.57,68135
2013-06-17 18:00:00,34.58,34.77,34.52,34.68,99765
2013-06-17 19:00:00,34.69,34.75,34.64,34.7,40401
2013-06-17 20:00:00,34.7,34.77,34.63,34.7,150285
2013-06-17 21:00:00,34.7,34.71,34.49,34.55,86513
2013-06-17 22:00:00,34.54,34.6,34.43,34.48,187378
2013-06-18 16:00:00,34.53,34.73,34.53,34.54,23268
2013-06-18 17:00:00,34.54,34.56,34.43,34.52,32653
2013-06-18 18:00:00,34.52,34.63,34.48,34.5,85221
2013-06-18 19:00:00,34.52,34.84,34.5,34.82,33849
2013-06-18 20:00:00,34.83,34.88,34.68,34.76,49985
2013-06-18 21:00:00,34.78,34.86,34.7,34.71,86188
2013-06-18 22:00:00,34.73,34.76,34.56,34.6,268500
2013-06-19 16:00:00,34.51,34.7,34.26,34.32,23301
2013-06-19 17:00:00,34.32,34.45,34.25,34.42,37715
2013-06-19 18:00:00,34.44,34.54,34.37,34.43,19663
2013-06-19 19:00:00,34.42,34.52,34.39,34.5,12608
2013-06-19 20:00:00,34.52,34.52,34.38,34.41,34373
2013-06-19 21:00:00,34.41,34.47,34.05,34.07,43375
2013-06-19 22:00:00,34.05,34.23,33.95,33.98,179332
2013-06-20 16:00:00,33.66,33.83,33.5,33.6,22025
2013-06-20 17:00:00,33.65,33.72,33.32,33.44,44819
2013-06-20 18:00:00,33.44,33.47,33.27,33.43,48769
2013-06-20 19:00:00,33.44,33.59,33.4,33.53,33982
2013-06-20 20:00:00,33.53,33.64,33.52,33.57,43937
2013-06-20 21:00:00,33.56,33.59,33.31,33.45,65384
2013-06-20 22:00:00,33.46,33.55,33.39,33.45,183706
2013-06-21 16:00:00,33.27,33.47,33.02,33.1,292293
2013-06-21 17:00:00,33.12,33.18,32.93,33.03,69902
2013-06-21 18:00:00,33.05,33.09,32.73,32.85,53197
2013-06-21 19:00:00,32.83,33.15,32.83,33.11,41886
2013-06-21 20:00:00,33.11,33.11,32.84,32.87,52616
2013-06-21 21:00:00,32.86,32.94,32.69,32.93,117198
2013-06-21 22:00:00,32.95,33.23,32.92,33.05,409173
2013-06-24 16:00:00,32.77,32.93,32.56,32.79,57054
2013-06-24 17:00:00,32.81,32.99,32.75,32.9,72970
2013-06-24 18:00:00,32.92,32.95,32.71,32.83,54279
2013-06-24 19:00:00,32.88,32.96,32.67,32.89,49588
2013-06-24 20:00:00,32.9,32.99,32.84,32.95,53036
2013-06-24 21:00:00,32.95,33.11,32.89,32.96,114469
2013-06-24 22:00:00,32.95,33.03,32.8,32.81,98858
2013-06-25 16:00:00,33.17,33.22,32.83,33.05,34676
2013-06-25 17:00:00,33.04,33.08,32.8,32.91,114360
2013-06-25 18:00:00,32.93,33.0,32.75,32.86,40777
2013-06-25 19:00:00,32.86,32.94,32.82,32.83,25006
2013-06-25 20:00:00,32.84,32.91,32.72,32.85,45489
2013-06-25 21:00:00,32.82,32.99,32.82,32.93,45607
2013-06-25 22:00:00,32.91,33.01,32.91,32.97,115629
2013-06-26 16:00:00,33.27,33.27,33.02,33.06,13410
2013-06-26 17:00:00,33.07,33.13,32.93,33.02,52661
2013-06-26 18:00:00,33.02,33.02,32.75,32.83,50047
2013-06-26 19:00:00,32.83,32.91,32.7,32.72,54110
2013-06-26 20:00:00,32.72,32.77,32.66,32.75,63848
2013-06-26 21:00:00,32.76,32.93,32.71,32.85,96412
2013-06-26 22:00:00,32.84,32.89,32.68,32.7,262813
2013-06-27 16:00:00,32.93,32.99,32.74,32.84,31609
2013-06-27 17:00:00,32.85,32.92,32.75,32.82,114709
2013-06-27 18:00:00,32.81,32.9,32.81,32.84,94667
2013-06-27 19:00:00,32.85,32.92,32.78,32.89,83897
2013-06-27 20:00:00,32.89,32.95,32.84,32.84,71675
2013-06-27 21:00:00,32.84,32.85,32.78,32.83,52445
2013-06-27 22:00:00,32.83,32.87,32.78,32.79,140148
2013-06-28 16:00:00,32.79,32.95,32.72,32.85,36861
2013-06-28 17:00:00,32.84,33.43,32.83,33.43,36245
2013-06-28 18:00:00,33.42,33.44,33.31,33.38,41789
2013-06-28 19:00:00,33.38,33.4,33.24,33.3,43150
2013-06-28 20:00:00,33.3,33.41,33.29,33.41,32019
2013-06-28 21:00:00,33.39,33.55,33.35,33.5,44238
2013-06-28 22:00:00,33.49,33.58,33.25,33.25,213181
2013-07-01 16:00:00,33.44,33.96,33.44,33.91,50349
2013-07-01 17:00:00,33.93,34.38,33.93,34.25,78946
2013-07-01 18:00:00,34.26,34.37,34.21,34.37,80438
2013-07-01 19:00:00,34.38,34.56,34.35,34.39,82114
2013-07-01 20:00:00,34.37,34.41,34.28,34.28,65134
2013-07-01 21:00:00,34.28,34.38,34.26,34.36,61013
2013-07-01 22:00:00,34.36,34.37,34.09,34.13,168936
2013-07-02 16:00:00,34.14,34.7,34.12,34.6,26727
2013-07-02 17:00:00,34.6,34.63,34.3,34.56,46125
2013-07-02 18:00:00,34.52,34.6,34.38,34.57,36445
2013-07-02 19:00:00,34.57,34.58,34.14,34.15,33129
2013-07-02 20:00:00,34.15,34.15,33.93,33.99,32864
2013-07-02 21:00:00,33.98,34.01,33.75,33.81,48823
2013-07-02 22:00:00,33.82,33.93,33.76,33.9,111384
2013-07-03 16:00:00,33.79,34.36,33.79,34.23,37687
2013-07-03 17:00:00,34.24,34.31,34.11,34.11,33173
2013-07-03 18:00:00,34.1,34.35,34.1,34.35,38096
2013-07-03 19:00:00,34.32,34.34,33.99,34.14,92795
2013-07-03 20:00:00,34.15,34.15,34.15,34.15,44130
2013-07-05 16:00:00,34.33,34.69,34.33,34.58,9528
2013-07-05 17:00:00,34.54,34.54,34.26,34.35,18645
2013-07-05 18:00:00,34.35,34.37,34.16,34.29,21029
2013-07-05 19:00:00,34.28,34.29,34.19,34.26,8275
2013-07-05 20:00:00,34.26,34.28,34.22,34.28,12928
2013-07-05 21:00:00,34.26,34.37,34.26,34.31,32463
2013-07-05 22:00:00,34.31,34.49,34.25,34.47,54138
2013-07-08 16:00:00,34.54,34.73,34.54,34.73,14214
2013-07-08 17:00:00,34.71,34.76,34.63,34.65,26410
2013-07-08 18:00:00,34.66,34.74,34.63,34.69,26536
2013-07-08 19:00:00,34.69,34.73,34.54,34.56,129447
2013-07-08 20:00:00,34.59,34.61,34.53,34.6,27427
2013-07-08 21:00:00,34.6,34.62,34.53,34.56,39458
2013-07-08 22:00:00,34.56,34.56,34.44,34.5,77908
2013-07-09 16:00:00,34.74,34.79,34.34,34.4,96258
2013-07-09 17:00:00,34.39,34.39,33.76,34.0,244250
2013-07-09 18:00:00,33.98,34.24,33.97,34.16,181439
2013-07-09 19:00:00,34.16,34.25,34.09,34.21,147654
2013-07-09 20:00:00,34.21,34.26,33.68,33.92,186021
2013-07-09 21:00:00,33.98,34.19,33.91,34.16,45283
2013-07-09 22:00:00,34.16,34.36,34.16,34.26,112632
2013-07-10 16:00:00,34.21,34.42,33.96,34.37,28208
2013-07-10 17:00:00,34.37,34.37,34.12,34.23,48692
2013-07-10 18:00:00,34.22,34.27,34.15,34.2,78759
2013-07-10 19:00:00,34.2,34.23,34.15,34.22,32573
2013-07-10 20:00:00,34.23,34.26,34.03,34.04,56215
2013-07-10 21:00:00,34.04,34.08,33.68,33.84,132997
2013-07-10 22:00:00,33.85,33.9,33.7,33.72,205867
2013-07-11 16:00:00,34.4,34.72,34.15,34.59,48256
2013-07-11 17:00:00,34.61,34.66,34.22,34.42,67293
2013-07-11 18:00:00,34.42,34.54,34.38,34.5,41001
2013-07-11 19:00:00,34.5,34.54,34.38,34.5,39958
2013-07-11 20:00:00,34.5,34.61,34.44,34.5,40014
2013-07-11 21:00:00,34.5,34.54,34.41,34.41,60043
2013-07-11 22:00:00,34.41,34.47,34.28,34.4,175337
2013-07-12 16:00:00,34.47,34.65,34.41,34.49,15579
2013-07-12 17:00:00,34.49,34.58,34.46,34.54,24397
2013-07-12 18:00:00,34.55,34.7,34.51,34.62,29548
2013-07-12 19:00:00,34.62,34.75,34.59,34.61,18594
2013-07-12 20:00:00,34.61,34.63,34.5,34.59,15627
2013-07-12 21:00:00,34.59,34.6,34.5,34.55,34099
2013-07-12 22:00:00,34.54,34.6,34.49,34.56,80243
2013-07-15 16:00:00,34.57,34.81,34.49,34.64,10141
2013-07-15 17:00:00,34.67,34.67,34.48,34.59,17052
2013-07-15 18:00:00,34.58,34.65,34.57,34.62,34365
2013-07-15 19:00:00,34.62,34.72,34.61,34.62,37470
2013-07-15 20:00:00,34.62,34.65,34.58,34.61,61521
2013-07-15 21:00:00,34.61,34.66,34.58,34.66,57016
2013-07-15 22:00:00,34.67,34.73,34.6,34.67,78029
2013-07-16 16:00:00,34.68,34.68,34.5,34.59,12577
2013-07-16 17:00:00,34.57,34.61,34.4,34.5,25386
2013-07-16 18:00:00,34.51,34.52,34.41,34.52,38342
2013-07-16 19:00:00,34.53,34.55,34.37,34.42,79210
2013-07-16 20:00:00,34.42,34.5,34.38,34.43,55851
2013-07-16 21:00:00,34.46,34.57,34.42,34.55,58627
2013-07-16 22:00:00,34.55,34.57,34.4,34.42,153200
2013-07-17 16:00:00,34.53,34.77,34.5,34.52,15239
2013-07-17 17:00:00,34.58,34.75,34.58,34.67,58603
2013-07-17 18:00:00,34.69,34.72,34.54,34.56,52468
2013-07-17 19:00:00,34.58,34.69,34.58,34.65,34147
2013-07-17 20:00:00,34.65,34.68,34.61,34.67,25851
2013-07-17 21:00:00,34.69,34.75,34.56,34.58,45328
2013-07-17 22:00:00,34.57,34.6,34.42,34.48,129366
2013-07-18 16:00:00,34.54,35.06,34.54,34.96,43200
2013-07-18 17:00:00,34.92,35.04,34.86,34.91,48473
2013-07-18 18:00:00,34.91,34.91,34.66,34.66,86878
2013-07-18 19:00:00,34.67,34.83,34.67,34.79,20445
2013-07-18 20:00:00,34.8,34.82,34.61,34.62,26409
2013-07-18 21:00:00,34.64,34.81,34.6,34.66,34813
2013-07-18 22:00:00,34.65,34.74,34.59,34.7,151939
2013-07-19 16:00:00,34.7,34.85,34.64,34.85,7607
2013-07-19 17:00:00,34.84,34.87,34.57,34.81,116837
2013-07-19 18:00:00,34.82,34.87,34.7,34.73,12669
2013-07-19 19:00:00,34.75,34.81,34.71,34.74,31227
2013-07-19 20:00:00,34.74,34.93,34.68,34.89,44744
2013-07-19 21:00:00,34.9,34.98,34.76,34.96,92863
2013-07-19 22:00:00,34.97,35.0,34.84,34.93,89673
2013-07-22 16:00:00,35.0,35.29,35.0,35.21,24114
2013-07-22 17:00:00,35.22,35.3,35.07,35.28,19382
2013-07-22 18:00:00,35.29,35.39,35.26,35.29,26011
2013-07-22 19:00:00,35.3,35.34,35.24,35.34,28263
2013-07-22 20:00:00,35.35,35.37,35.23,35.25,24436
2013-07-22 21:00:00,35.25,35.43,35.25,35.43,56305
2013-07-22 22:00:00,35.42,35.42,35.33,35.36,77585
2013-07-23 16:00:00,35.4,35.78,35.35,35.37,80867
2013-07-23 17:00:00,35.36,35.37,35.07,35.16,56128
2013-07-23 18:00:00,35.16,35.31,35.07,35.18,69050
2013-07-23 19:00:00,35.19,35.39,35.18,35.37,24673
2013-07-23 20:00:00,35.38,35.44,35.3,35.42,32302
2013-07-23 21:00:00,35.39,35.46,35.31,35.36,43415
2013-07-23 22:00:00,35.37,35.42,35.22,35.25,124767
2013-07-24 16:00:00,35.42,35.67,35.27,35.43,16841
2013-07-24 17:00:00,35.45,35.49,35.16,35.27,28621
2013-07-24 18:00:00,35.28,35.29,35.13,35.15,22437
2013-07-24 19:00:00,35.15,35.19,35.07,35.18,29130
2013-07-24 20:00:00,35.19,35.22,35.14,35.19,26218
2013-07-24 21:00:00,35.2,35.2,35.04,35.12,56648
2013-07-24 22:00:00,35.11,35.17,35.06,35.08,65294
2013-07-25 16:00:00,34.99,35.44,34.99,35.25,12376
2013-07-25 17:00:00,35.3,35.43,35.22,35.25,32339
2013-07-25 18:00:00,35.25,35.27,35.08,35.15,19531
2013-07-25 19:00:00,35.14,35.35,35.1,35.33,31908
2013-07-25 20:00:00,35.32,35.41,35.29,35.37,22904
2013-07-25 21:00:00,35.38,35.52,35.38,35.48,41309
2013-07-25 22:00:00,35.48,35.57,35.34,35.38,171443
2013-07-26 16:00:00,35.22,35.37,35.05,35.05,12266
2013-07-26 17:00:00,35.08,35.18,34.8,34.82,17439
2013-07-26 18:00:00,34.83,34.96,34.73,34.88,33829
2013-07-26 19:00:00,34.93,35.15,34.93,35.09,10800
2013-07-26 20:00:00,35.09,35.24,35.05,35.16,17008
2013-07-26 21:00:00,35.17,35.29,35.15,35.24,22412
2013-07-26 22:00:00,35.25,35.32,35.11,35.14,98535
2013-07-29 16:00:00,35.08,35.13,34.88,35.03,9203
2013-07-29 17:00:00,35.01,35.01,34.76,34.85,16122
2013-07-29 18:00:00,34.85,34.86,34.75,34.83,28108
2013-07-29 19:00:00,34.84,35.01,34.84,34.96,9180
2013-07-29 20:00:00,34.96,34.98,34.88,34.98,25643
2013-07-29 21:00:00,34.95,35.04,34.95,34.96,44218
2013-07-29 22:00:00,34.94,35.02,34.85,34.88,85333
2013-07-30 16:00:00,35.05,35.16,34.89,34.89,6617
2013-07-30 17:00:00,34.93,35.17,34.93,35.04,38984
2013-07-30 18:00:00,35.03,35.23,35.03,35.17,20535
2013-07-30 19:00:00,35.17,35.17,35.07,35.1,18495
2013-07-30 20:00:00,35.1,35.13,34.96,35.0,23631
2013-07-30 21:00:00,35.0,35.0,34.89,34.95,36790
2013-07-30 22:00:00,34.93,35.08,34.9,34.94,56875
2013-07-31 16:00:00,34.99,35.19,34.99,35.05,11182
2013-07-31 17:00:00,35.06,35.15,35.03,35.09,67335
2013-07-31 18:00:00,35.09,35.09,34.94,35.0,36652
2013-07-31 19:00:00,34.99,35.08,34.95,35.0,41910
2013-07-31 20:00:00,34.99,35.22,34.99,35.22,44726
2013-07-31 21:00:00,35.21,35.34,35.15,35.3,65109
2013-07-31 22:00:00,35.29,35.3,34.94,35.06,152906
2013-08-01 16:00:00,36.14,36.53,35.71,36.45,67477
2013-08-01 17:00:00,36.43,36.58,36.01,36.16,59764
2013-08-01 18:00:00,36.15,36.21,35.82,36.21,72836
2013-08-01 19:00:00,36.19,36.38,36.16,36.32,116038
2013-08-01 20:00:00,36.34,36.42,36.29,36.4,80583
2013-08-01 21:00:00,36.42,36.63,36.4,36.46,81162
2013-08-01 22:00:00,36.46,36.83,36.46,36.64,181517
2013-08-02 16:00:00,36.57,37.31,36.48,37.22,81121
2013-08-02 17:00:00,37.24,37.41,37.2,37.25,103865
2013-08-02 18:00:00,37.3,37.49,37.2,37.27,34929
2013-08-02 19:00:00,37.27,37.34,37.21,37.34,24000
2013-08-02 20:00:00,37.33,37.37,37.28,37.34,23831
2013-08-02 21:00:00,37.34,37.97,37.26,37.84,152651
2013-08-02 22:00:00,37.84,37.84,37.43,37.45,204034
2013-08-05 16:00:00,37.46,37.78,37.25,37.78,21478
2013-08-05 17:00:00,37.75,37.82,37.61,37.75,56604
2013-08-05 18:00:00,37.78,37.93,37.72,37.91,44118
2013-08-05 19:00:00,37.93,38.05,37.93,37.95,36755
2013-08-05 20:00:00,37.96,37.96,37.81,37.86,45956
2013-08-05 21:00:00,37.84,37.84,37.6,37.67,31019
2013-08-05 22:00:00,37.68,37.8,37.67,37.76,88219
2013-08-06 16:00:00,37.57,37.96,37.57,37.75,15751
2013-08-06 17:00:00,37.81,37.9,37.72,37.74,48533
2013-08-06 18:00:00,37.74,37.83,37.71,37.83,15080
2013-08-06 19:00:00,37.82,37.83,37.65,37.75,17863
2013-08-06 20:00:00,37.74,37.76,37.59,37.64,15649
2013-08-06 21:00:00,37.64,37.64,37.51,37.63,28965
2013-08-06 22:00:00,37.66,37.7,37.51,37.57,74786
2013-08-07 16:00:00,37.45,37.6,37.31,37.33,15133
2013-08-07 17:00:00,37.29,37.52,37.21,37.5,24127
2013-08-07 18:00:00,37.48,37.62,37.4,37.6,30266
2013-08-07 19:00:00,37.55,37.56,37.47,37.49,12156
2013-08-07 20:00:00,37.51,37.53,37.41,37.5,17700
2013-08-07 21:00:00,37.53,37.54,37.47,37.51,30838
2013-08-07 22:00:00,37.5,37.56,37.4,37.41,116927
2013-08-08 16:00:00,37.69,37.81,37.52,37.79,17428
2013-08-08 17:00:00,37.82,37.86,37.45,37.58,16689
2013-08-08 18:00:00,37.6,37.67,37.55,37.63,28661
2013-08-08 19:00:00,37.67,37.88,37.66,37.88,20162
2013-08-08 20:00:00,37.89,38.02,37.8,37.98,33817
2013-08-08 21:00:00,38.01,38.13,37.89,37.89,61487
2013-08-08 22:00:00,37.9,37.97,37.8,37.84,88274
2013-08-09 16:00:00,37.84,38.16,37.47,38.08,9908
2013-08-09 17:00:00,38.08,38.2,37.84,38.06,22427
2013-08-09 18:00:00,38.06,38.19,37.95,38.18,57816
2013-08-09 19:00:00,38.17,38.38,38.04,38.35,53964
2013-08-09 20:00:00,38.34,38.6,38.3,38.59,69791
2013-08-09 21:00:00,38.56,38.6,38.36,38.37,50880
2013-08-09 22:00:00,38.39,38.41,37.94,38.01,156507
2013-08-12 16:00:00,37.75,38.39,37.62,38.35,27016
2013-08-12 17:00:00,38.33,38.49,38.21,38.24,56619
2013-08-12 18:00:00,38.27,38.3,38.11,38.24,30947
2013-08-12 19:00:00,38.22,38.23,38.06,38.08,23356
2013-08-12 20:00:00,38.05,38.1,37.91,37.94,37224
2013-08-12 21:00:00,38.0,38.08,37.95,38.05,42960
2013-08-12 22:00:00,38.05,38.05,37.86,37.89,149107
2013-08-13 16:00:00,38.05,38.05,37.76,37.76,15178
2013-08-13 17:00:00,37.77,37.83,37.61,37.71,34431
2013-08-13 18:00:00,37.7,37.89,37.63,37.89,57061
2013-08-13 19:00:00,37.94,38.24,37.93,38.04,42667
2013-08-13 20:00:00,38.04,38.04,37.89,37.94,27310
2013-08-13 21:00:00,37.92,38.04,37.88,37.89,31876
2013-08-13 22:00:00,37.91,37.99,37.87,37.92,61463
2013-08-14 16:00:00,37.88,38.14,37.86,37.88,9744
2013-08-14 17:00:00,37.94,38.03,37.84,37.87,14148
2013-08-14 18:00:00,37.87,37.98,37.83,37.85,8174
2013-08-14 19:00:00,37.86,37.97,37.77,37.96,121153
2013-08-14 20:00:00,37.97,38.09,37.83,37.94,162876
2013-08-14 21:00:00,37.95,38.07,37.95,38.0,43374
2013-08-14 22:00:00,38.0,38.06,37.91,37.94,114894
2013-08-15 16:00:00,37.68,37.68,37.29,37.58,61726
2013-08-15 17:00:00,37.52,37.94,37.48,37.88,200111
2013-08-15 18:00:00,37.87,37.92,37.61,37.62,180044
2013-08-15 19:00:00,37.62,37.67,37.5,37.51,209465
2013-08-15 20:00:00,37.5,37.57,37.28,37.54,238024
2013-08-15 21:00:00,37.53,37.75,37.45,37.56,137809
2013-08-15 22:00:00,37.57,37.65,37.51,37.56,295073
2013-08-16 16:00:00,37.59,37.8,37.32,37.4,90021
2013-08-16 17:00:00,37.4,37.53,37.23,37.3,310375
2013-08-16 18:00:00,37.3,37.35,37.23,37.29,81232
2013-08-16 19:00:00,37.29,37.5,37.27,37.49,1075418
2013-08-16 20:00:00,37.48,37.58,37.41,37.58,151505
2013-08-16 21:00:00,37.6,37.68,37.44,37.68,248530
2013-08-16 22:00:00,37.68,37.71,37.41,37.45,273137
2013-08-19 16:00:00,37.39,37.73,37.31,37.73,43260
2013-08-19 17:00:00,37.73,37.85,37.62,37.83,237745
2013-08-19 18:00:00,37.84,38.02,37.82,37.99,132783
2013-08-19 19:00:00,38.0,38.38,37.99,38.29,162658
2013-08-19 20:00:00,38.29,38.3,38.16,38.22,103466
2013-08-19 21:00:00,38.23,38.24,38.06,38.06,61597
2013-08-19 22:00:00,38.06,38.06,37.91,37.99,163344
2013-08-20 16:00:00,38.0,38.23,37.93,38.2,45413
2013-08-20 17:00:00,38.24,38.3,38.16,38.25,52913
2013-08-20 18:00:00,38.25,38.33,38.25,38.31,53006
2013-08-20 19:00:00,38.31,38.34,38.24,38.3,39808
2013-08-20 20:00:00,38.3,38.33,38.26,38.28,29531
2013-08-20 21:00:00,38.28,38.32,38.19,38.2,51154
2013-08-20 22:00:00,38.2,38.25,38.17,38.25,107815
2013-08-21 16:00:00,38.07,38.31,38.07,38.21,23173
2013-08-21 17:00:00,38.23,38.31,38.15,38.25,47187
2013-08-21 18:00:00,38.25,38.25,38.08,38.16,44416
2013-08-21 19:00:00,38.17,38.22,38.1,38.15,57097
2013-08-21 20:00:00,38.14,38.18,38.04,38.07,48423
2013-08-21 21:00:00,38.06,38.43,37.91,38.31,87662
2013-08-21 22:00:00,38.31,38.32,38.06,38.06,211679
2013-08-22 16:00:00,38.21,38.68,38.21,38.6,33814
2013-08-22 17:00:00,38.6,38.6,38.41,38.42,50251
2013-08-22 18:00:00,38.39,38.41,38.2,38.29,23387
2013-08-22 19:00:00,38.27,38.49,38.27,38.44,15562
2013-08-22 20:00:00,38.45,38.56,38.45,38.53,6601
2013-08-22 21:00:00,38.52,38.64,38.39,38.58,31498
2013-08-22 22:00:00,38.6,38.73,38.4,38.5,77440
2013-08-23 16:00:00,38.53,38.63,38.26,38.38,31473
2013-08-23 17:00:00,38.35,38.44,38.21,38.43,40313
2013-08-23 18:00:00,38.45,38.45,38.27,38.34,32894
2013-08-23 19:00:00,38.36,38.47,38.35,38.47,36820
2013-08-23 20:00:00,38.48,38.56,38.42,38.47,56038
2013-08-23 21:00:00,38.48,38.49,38.41,38.43,15245
2013-08-23 22:00:00,38.43,38.51,38.41,38.47,78633
2013-08-26 16:00:00,38.44,38.61,38.44,38.52,16679
2013-08-26 17:00:00,38.5,38.73,38.5,38.73,118449
2013-08-26 18:00:00,38.73,38.75,38.62,38.7,40535
2013-08-26 19:00:00,38.69,38.72,38.64,38.7,32487
2013-08-26 20:00:00,38.7,38.78,38.7,38.77,29724
2013-08-26 21:00:00,38.77,38.82,38.75,38.81,38733
2013-08-26 22:00:00,38.81,38.82,38.55,38.61,162052
2013-08-27 16:00:00,38.17,38.19,37.77,37.79,92036
2013-08-27 17:00:00,37.8,37.86,37.7,37.76,82816
2013-08-27 18:00:00,37.77,37.89,37.73,37.78,100678
2013-08-27 19:00:00,37.79,37.88,37.76,37.8,53739
2013-08-27 20:00:00,37.8,37.85,37.73,37.82,30565
2013-08-27 21:00:00,37.81,37.83,37.71,37.77,48954
2013-08-27 22:00:00,37.76,37.81,37.52,37.57,119222
2013-08-28 16:00:00,37.54,37.78,37.54,37.68,28315
2013-08-28 17:00:00,37.69,38.08,37.66,38.04,374625
2013-08-28 18:00:00,38.04,38.28,38.04,38.28,258680
2013-08-28 19:00:00,38.26,38.33,38.16,38.17,40039
2013-08-28 20:00:00,38.17,38.3,38.15,38.27,171957
2013-08-28 21:00:00,38.28,38.3,38.13,38.18,52732
2013-08-28 22:00:00,38.19,38.31,38.04,38.1,82433
2013-08-29 16:00:00,37.94,38.28,37.94,38.19,9788
2013-08-29 17:00:00,38.18,38.33,38.11,38.24,36356
2013-08-29 18:00:00,38.25,38.39,38.21,38.35,24389
2013-08-29 19:00:00,38.33,38.34,38.21,38.32,32409
2013-08-29 20:00:00,38.31,38.42,38.24,38.3,20025
2013-08-29 21:00:00,38.3,38.46,38.27,38.4,41390
2013-08-29 22:00:00,38.4,38.4,38.14,38.17,87418
2013-08-30 16:00:00,38.27,38.27,37.92,38.05,16945
2013-08-30 17:00:00,38.02,38.05,37.9,37.92,26856
2013-08-30 18:00:00,37.93,37.96,37.65,37.65,29347
2013-08-30 19:00:00,37.65,37.74,37.53,37.64,35872
2013-08-30 20:00:00,37.64,37.67,37.45,37.62,60258
2013-08-30 21:00:00,37.55,37.67,37.55,37.62,53919
2013-08-30 22:00:00,37.62,37.67,37.46,37.51,120987
2013-09-03 16:00:00,37.99,38.22,37.93,37.98,55058
2013-09-03 17:00:00,37.94,38.19,37.64,38.17,158372
2013-09-03 18:00:00,38.19,38.29,37.82,37.88,90951
2013-09-03 19:00:00,37.86,37.89,37.65,37.72,63114
2013-09-03 20:00:00,37.71,37.75,37.43,37.48,93453
2013-09-03 21:00:00,37.49,37.64,37.17,37.38,124682
2013-09-03 22:00:00,37.37,37.67,37.36,37.5,218384
2013-09-04 16:00:00,37.46,37.68,37.27,37.65,20520
2013-09-04 17:00:00,37.67,37.99,37.67,37.92,77750
2013-09-04 18:00:00,37.92,38.18,37.85,38.13,98920
2013-09-04 19:00:00,38.16,38.16,37.99,38.04,21938
2013-09-04 20:00:00,38.04,38.15,38.03,38.14,39786
2013-09-04 21:00:00,38.14,38.2,38.1,38.16,26779
2013-09-04 22:00:00,38.15,38.19,38.06,38.17,101183
2013-09-05 16:00:00,38.08,38.52,38.08,38.41,29575
2013-09-05 17:00:00,38.46,38.7,38.36,38.63,57192
2013-09-05 18:00:00,38.62,38.74,38.62,38.71,29106
2013-09-05 19:00:00,38.71,38.8,38.66,38.77,28605
2013-09-05 20:00:00,38.75,38.76,38.59,38.63,47940
2013-09-05 21:00:00,38.62,38.67,38.61,38.65,33310
2013-09-05 22:00:00,38.65,38.68,38.41,38.45,131563
2013-09-06 16:00:00,38.56,38.73,38.14,38.32,21776
2013-09-06 17:00:00,38.28,38.63,37.97,38.6,46492
2013-09-06 18:00:00,38.61,38.69,38.48,38.56,58467
2013-09-06 19:00:00,38.55,38.59,38.43,38.56,15629
2013-09-06 20:00:00,38.59,38.84,38.55,38.8,62062
2013-09-06 21:00:00,38.8,38.81,38.75,38.78,27428
2013-09-06 22:00:00,38.78,38.82,38.66,38.74,185430
2013-09-09 16:00:00,38.98,39.26,38.97,39.12,20819
2013-09-09 17:00:00,39.11,39.25,39.07,39.25,67540
2013-09-09 18:00:00,39.26,39.55,39.17,39.17,160749
2013-09-09 19:00:00,39.18,39.2,39.11,39.17,40293
2013-09-09 20:00:00,39.16,39.28,39.15,39.28,14870
2013-09-09 21:00:00,39.28,39.42,39.27,39.34,35048
2013-09-09 22:00:00,39.32,39.47,39.31,39.45,105795
2013-09-10 16:00:00,39.6,39.69,39.5,39.5,24190
2013-09-10 17:00:00,39.5,39.62,39.22,39.23,89322
2013-09-10 18:00:00,39.2,39.27,39.03,39.18,80174
2013-09-10 19:00:00,39.21,39.35,39.17,39.34,26485
2013-09-10 20:00:00,39.36,39.43,39.29,39.38,30941
2013-09-10 21:00:00,39.37,39.49,39.32,39.49,50762
2013-09-10 22:00:00,39.5,39.64,39.46,39.64,131261
2013-09-11 16:00:00,39.5,39.85,39.5,39.73,73739
2013-09-11 17:00:00,39.77,39.84,39.74,39.77,42335
2013-09-11 18:00:00,39.77,39.78,39.51,39.53,105563
2013-09-11 19:00:00,39.53,39.64,39.44,39.52,214179
2013-09-11 20:00:00,39.52,39.63,39.39,39.62,164482
2013-09-11 21:00:00,39.62,39.97,39.61,39.93,55111
2013-09-11 22:00:00,39.94,39.95,39.64,39.7,139885
2013-09-12 16:00:00,39.66,39.88,39.61,39.83,10072
2013-09-12 17:00:00,39.86,40.09,39.76,40.03,119756
2013-09-12 18:00:00,40.03,40.1,40.0,40.08,42994
2013-09-12 19:00:00,40.09,40.1,39.79,39.83,55149
2013-09-12 20:00:00,39.83,39.93,39.81,39.88,22918
2013-09-12 21:00:00,39.88,39.95,39.79,39.84,34779
2013-09-12 22:00:00,39.84,39.85,39.63,39.67,143035
2013-09-13 16:00:00,39.82,39.99,39.82,39.9,41116
2013-09-13 17:00:00,39.93,39.93,39.64,39.73,28134
2013-09-13 18:00:00,39.73,39.75,39.68,39.72,169715
2013-09-13 19:00:00,39.72,39.81,39.71,39.71,9456
2013-09-13 20:00:00,39.71,39.71,39.63,39.64,9946
2013-09-13 21:00:00,39.64,39.67,39.58,39.62,27366
2013-09-13 22:00:00,39.62,39.68,39.59,39.66,113045
2013-09-16 16:00:00,40.16,40.2,40.02,40.13,92346
2013-09-16 17:00:00,40.13,40.2,40.1,40.12,44521
2013-09-16 18:00:00,40.12,40.17,40.05,40.17,79242
2013-09-16 19:00:00,40.17,40.22,40.15,40.15,21701
2013-09-16 20:00:00,40.17,40.18,39.95,39.98,18178
2013-09-16 21:00:00,40.01,40.02,39.9,39.95,34157
2013-09-16 22:00:00,39.95,40.05,39.93,40.04,97766
2013-09-17 16:00:00,40.0,40.34,39.93,40.29,35827
2013-09-17 17:00:00,40.28,40.41,40.21,40.27,32866
2013-09-17 18:00:00,40.29,40.32,40.18,40.2,20493
2013-09-17 19:00:00,40.2,40.32,40.2,40.31,28039
2013-09-17 20:00:00,40.31,40.5,40.28,40.44,37470
2013-09-17 21:00:00,40.44,40.5,40.41,40.5,65994
2013-09-17 22:00:00,40.5,40.65,40.48,40.64,143832
2013-09-18 16:00:00,40.55,40.76,40.46,40.66,42418
2013-09-18 17:00:00,40.65,40.71,40.6,40.6,40087
2013-09-18 18:00:00,40.61,40.65,40.56,40.57,26403
2013-09-18 19:00:00,40.56,40.6,40.53,40.55,58963
2013-09-18 20:00:00,40.55,40.7,40.54,40.62,62534
2013-09-18 21:00:00,40.64,40.96,40.62,40.96,43672
2013-09-18 22:00:00,40.98,41.01,40.85,41.01,96123
2013-09-19 16:00:00,41.15,41.24,40.99,41.07,19029
2013-09-19 17:00:00,41.05,41.08,40.77,40.83,35537
2013-09-19 18:00:00,40.83,40.83,40.66,40.67,33655
2013-09-19 19:00:00,40.7,40.77,40.68,40.68,27487
2013-09-19 20:00:00,40.68,40.7,40.6,40.6,18376
2013-09-19 21:00:00,40.59,40.74,40.59,40.73,23774
2013-09-19 22:00:00,40.73,40.88,40.73,40.79,101614
2013-09-20 16:00:00,40.89,41.15,40.89,40.99,122109
2013-09-20 17:00:00,40.98,41.26,40.95,41.12,40550
2013-09-20 18:00:00,41.12,41.12,40.72,40.73,42259
2013-09-20 19:00:00,40.75,40.76,40.66,40.67,39223
2013-09-20 20:00:00,40.67,40.71,40.56,40.65,44347
2013-09-20 21:00:00,40.63,40.79,40.57,40.78,38339
2013-09-20 22:00:00,40.78,40.78,40.38,40.39,454174
2013-09-23 16:00:00,40.32,40.6,40.12,40.42,48386
2013-09-23 17:00:00,40.43,40.53,40.04,40.07,70847
2013-09-23 18:00:00,40.07,40.2,40.03,40.13,33947
2013-09-23 19:00:00,40.11,40.23,40.04,40.21,44662
2013-09-23 20:00:00,40.22,40.32,40.18,40.29,41273
2013-09-23 21:00:00,40.31,40.37,40.24,40.31,41992
2013-09-23 22:00:00,40.29,40.32,40.19,40.22,137405
2013-09-24 16:00:00,40.32,40.51,40.02,40.21,29716
2013-09-24 17:00:00,40.16,40.34,39.96,40.31,29048
2013-09-24 18:00:00,40.32,40.32,40.19,40.28,26165
2013-09-24 19:00:00,40.29,40.51,40.22,40.49,23764
2013-09-24 20:00:00,40.49,40.6,40.46,40.54,16946
2013-09-24 21:00:00,40.53,40.55,40.44,40.46,25637
2013-09-24 22:00:00,40.46,40.52,40.18,40.24,86583
2013-09-25 16:00:00,40.16,40.31,40.06,40.24,19653
2013-09-25 17:00:00,40.27,40.44,40.09,40.36,44232
2013-09-25 18:00:00,40.36,40.72,40.3,40.64,42870
2013-09-25 19:00:00,40.64,40.8,40.53,40.75,61884
2013-09-25 20:00:00,40.77,40.77,40.39,40.52,35844
2013-09-25 21:00:00,40.52,40.57,40.4,40.4,15595
2013-09-25 22:00:00,40.4,40.53,40.32,40.33,67712
2013-09-26 16:00:00,40.38,40.69,40.3,40.63,11029
2013-09-26 17:00:00,40.61,40.69,40.38,40.46,25969
2013-09-26 18:00:00,40.44,40.57,40.41,40.48,15574
2013-09-26 19:00:00,40.47,40.61,40.46,40.6,21091
2013-09-26 20:00:00,40.59,40.74,40.57,40.67,16788
2013-09-26 21:00:00,40.66,40.72,40.58,40.62,20744
2013-09-26 22:00:00,40.61,40.73,40.57,40.68,117123
2013-09-27 16:00:00,40.55,40.58,40.31,40.35,14776
2013-09-27 17:00:00,40.31,40.63,40.25,40.54,43897
2013-09-27 18:00:00,40.59,40.62,40.35,40.4,63236
2013-09-27 19:00:00,40.42,40.59,40.38,40.58,47100
2013-09-27 20:00:00,40.59,40.65,40.57,40.61,15060
2013-09-27 21:00:00,40.61,40.64,40.34,40.35,37092
2013-09-27 22:00:00,40.35,40.37,40.23,40.23,116524
2013-09-30 16:00:00,39.95,40.08,39.81,39.88,38488
2013-09-30 17:00:00,39.86,39.98,39.74,39.87,88148
2013-09-30 18:00:00,39.86,39.9,39.71,39.86,45923
2013-09-30 19:00:00,39.85,39.85,39.65,39.7,52960
2013-09-30 20:00:00,39.7,39.99,39.69,39.89,53260
2013-09-30 21:00:00,39.95,40.28,39.95,40.19,53398
2013-09-30 22:00:00,40.2,40.32,40.04,40.25,234078
2013-10-01 16:00:00,40.4,41.02,40.38,40.89,55380
2013-10-01 17:00:00,40.91,40.92,40.43,40.45,191615
2013-10-01 18:00:00,40.47,40.79,40.47,40.76,106198
2013-10-01 19:00:00,40.75,40.88,40.56,40.6,53533
2013-10-01 20:00:00,40.59,40.82,40.58,40.78,97809
2013-10-01 21:00:00,40.77,40.79,40.49,40.59,58073
2013-10-01 22:00:00,40.57,40.61,40.4,40.54,299129
2013-10-02 16:00:00,40.25,40.59,40.16,40.33,109384
2013-10-02 17:00:00,40.39,40.57,40.26,40.29,100557
2013-10-02 18:00:00,40.29,40.44,40.15,40.28,78528
2013-10-02 19:00:00,40.27,40.5,40.24,40.5,31843
2013-10-02 20:00:00,40.5,40.5,40.22,40.25,49514
2013-10-02 21:00:00,40.25,40.25,40.05,40.11,56173
2013-10-02 22:00:00,40.11,40.18,39.92,40.06,240129
2013-10-03 16:00:00,40.05,40.17,39.76,39.96,109376
2013-10-03 17:00:00,39.98,40.08,39.73,40.0,156130
2013-10-03 18:00:00,40.01,40.03,39.77,39.77,73148
2013-10-03 19:00:00,39.77,39.86,39.47,39.57,73598
2013-10-03 20:00:00,39.55,40.04,39.49,40.0,85315
2013-10-03 21:00:00,40.0,40.01,39.77,39.78,77147
2013-10-03 22:00:00,39.79,39.99,39.78,39.93,176643
2013-10-04 16:00:00,40.01,40.31,39.84,40.26,37450
2013-10-04 17:00:00,40.27,40.32,40.15,40.25,55534
2013-10-04 18:00:00,40.25,40.28,40.18,40.19,24497
2013-10-04 19:00:00,40.21,40.26,40.18,40.2,38309
2013-10-04 20:00:00,40.2,40.22,40.09,40.17,25439
2013-10-04 21:00:00,40.15,40.22,40.13,40.2,59461
2013-10-04 22:00:00,40.2,40.29,40.18,40.24,113631
2013-10-07 16:00:00,40.0,40.0,39.72,39.72,45765
2013-10-07 17:00:00,39.77,39.84,39.68,39.78,49102
2013-10-07 18:00:00,39.79,39.8,39.68,39.73,71446
2013-10-07 19:00:00,39.73,39.82,39.69,39.77,41798
2013-10-07 20:00:00,39.78,39.87,39.74,39.8,37596
2013-10-07 21:00:00,39.81,39.84,39.7,39.8,54619
2013-10-07 22:00:00,39.79,39.8,39.61,39.62,191644
2013-10-08 16:00:00,39.62,39.78,39.38,39.52,46379
2013-10-08 17:00:00,39.51,39.53,39.11,39.12,50674
2013-10-08 18:00:00,39.16,39.16,38.64,38.75,79087
2013-10-08 19:00:00,38.76,38.86,38.59,38.86,62776
2013-10-08 20:00:00,38.86,38.98,38.81,38.88,34878
2013-10-08 21:00:00,38.86,38.98,38.81,38.96,45606
2013-10-08 22:00:00,38.97,39.01,38.8,38.91,168515
2013-10-09 16:00:00,38.92,39.08,38.58,38.61,28327
2013-10-09 17:00:00,38.6,38.6,38.3,38.45,110149
2013-10-09 18:00:00,38.45,38.6,38.33,38.45,57086
2013-10-09 19:00:00,38.45,38.63,38.43,38.61,53729
2013-10-09 20:00:00,38.61,38.67,38.53,38.57,105969
2013-10-09 21:00:00,38.56,38.58,38.31,38.47,177020
2013-10-09 22:00:00,38.47,38.52,38.12,38.32,384781
2013-10-10 16:00:00,38.73,39.19,38.73,39.15,27381
2013-10-10 17:00:00,39.2,39.45,39.05,39.28,61038
2013-10-10 18:00:00,39.28,39.38,39.1,39.1,34913
2013-10-10 19:00:00,39.11,39.17,39.03,39.17,35185
2013-10-10 20:00:00,39.17,39.17,39.01,39.1,31180
2013-10-10 21:00:00,39.1,39.16,39.02,39.14,30489
2013-10-10 22:00:00,39.13,39.2,39.0,39.18,246339
2013-10-11 16:00:00,39.14,39.46,39.1,39.2,19762
2013-10-11 17:00:00,39.2,39.33,39.13,39.3,56553
2013-10-11 18:00:00,39.28,39.51,39.26,39.48,34176
2013-10-11 19:00:00,39.51,39.68,39.5,39.59,28577
2013-10-11 20:00:00,39.59,39.62,39.43,39.51,27100
2013-10-11 21:00:00,39.52,39.61,39.47,39.54,28556
2013-10-11 22:00:00,39.55,39.71,39.48,39.7,107513
2013-10-14 16:00:00,39.49,39.7,39.35,39.51,51010
2013-10-14 17:00:00,39.58,39.72,39.47,39.64,17085
2013-10-14 18:00:00,39.61,39.67,39.53,39.65,59194
2013-10-14 19:00:00,39.68,39.68,39.56,39.59,35315
2013-10-14 20:00:00,39.61,39.66,39.57,39.61,36437
2013-10-14 21:00:00,39.6,39.83,39.6,39.75,33576
2013-10-14 22:00:00,39.71,39.78,39.66,39.73,158707
2013-10-15 16:00:00,39.77,39.86,39.48,39.59,41799
2013-10-15 17:00:00,39.64,39.68,39.47,39.48,29700
2013-10-15 18:00:00,39.49,39.74,39.46,39.72,37959
2013-10-15 19:00:00,39.71,39.71,39.47,39.59,39011
2013-10-15 20:00:00,39.59,39.62,39.53,39.59,29786
2013-10-15 21:00:00,39.59,39.62,39.39,39.53,26730
2013-10-15 22:00:00,39.53,39.64,39.5,39.54,120675
2013-10-16 16:00:00,39.72,39.94,39.67,39.89,25398
2013-10-16 17:00:00,39.9,40.06,39.82,40.06,24929
2013-10-16 18:00:00,40.02,40.15,40.01,40.01,31086
2013-10-16 19:00:00,40.01,40.02,39.82,39.86,41302
2013-10-16 20:00:00,39.83,39.88,39.79,39.79,36727
2013-10-16 21:00:00,39.79,39.81,39.75,39.8,34239
2013-10-16 22:00:00,39.8,39.82,39.59,39.61,157852
2013-10-17 16:00:00,39.41,39.68,39.41,39.68,19291
2013-10-17 17:00:00,39.68,39.87,39.6,39.69,63687
2013-10-17 18:00:00,39.71,39.79,39.69,39.74,55233
2013-10-17 19:00:00,39.75,39.77,39.72,39.76,61185
2013-10-17 20:00:00,39.75,39.76,39.67,39.72,34266
2013-10-17 21:00:00,39.73,39.74,39.7,39.74,25055
2013-10-17 22:00:00,39.74,40.02,39.74,40.0,124826
2013-10-18 16:00:00,40.04,40.17,39.93,40.17,16519
2013-10-18 17:00:00,40.25,40.25,40.0,40.18,33867
2013-10-18 18:00:00,40.18,40.35,40.18,40.2,29872
2013-10-18 19:00:00,40.2,40.46,40.19,40.39,138872
2013-10-18 20:00:00,40.39,40.47,40.38,40.41,56379
2013-10-18 21:00:00,40.42,40.46,40.36,40.37,24711
2013-10-18 22:00:00,40.36,40.37,40.27,40.35,122062
2013-10-21 16:00:00,40.35,40.7,40.35,40.68,16207
2013-10-21 17:00:00,40.67,40.76,40.63,40.74,53020
2013-10-21 18:00:00,40.74,40.79,40.68,40.7,24218
2013-10-21 19:00:00,40.66,40.69,40.57,40.61,41611
2013-10-21 20:00:00,40.62,40.63,40.58,40.61,12347
2013-10-21 21:00:00,40.61,40.61,40.33,40.4,23166
2013-10-21 22:00:00,40.42,40.52,40.41,40.49,79382
2013-10-22 16:00:00,40.77,40.9,40.65,40.8,22121
2013-10-22 17:00:00,40.8,40.99,40.49,40.65,46512
2013-10-22 18:00:00,40.65,40.69,40.57,40.65,49658
2013-10-22 19:00:00,40.65,40.71,40.53,40.62,58397
2013-10-22 20:00:00,40.63,40.71,40.58,40.7,18725
2013-10-22 21:00:00,40.69,40.72,40.58,40.66,16709
2013-10-22 22:00:00,40.65,40.74,40.56,40.61,98969
2013-10-23 16:00:00,40.49,40.64,40.2,40.25,11383
2013-10-23 17:00:00,40.23,40.4,40.22,40.32,34478
2013-10-23 18:00:00,40.34,40.69,40.34,40.68,33343
2013-10-23 19:00:00,40.67,40.75,40.62,40.72,50499
2013-10-23 20:00:00,40.73,40.94,40.71,40.92,85021
2013-10-23 21:00:00,40.91,41.01,40.89,40.92,104500
2013-10-23 22:00:00,40.91,40.96,40.75,40.95,239596
2013-10-24 16:00:00,41.1,41.27,41.06,41.11,32187
2013-10-24 17:00:00,41.11,41.39,41.07,41.37,127503
2013-10-24 18:00:00,41.39,41.45,41.33,41.39,49529
2013-10-24 19:00:00,41.38,41.48,41.32,41.48,41249
2013-10-24 20:00:00,41.48,41.49,41.38,41.42,38828
2013-10-24 21:00:00,41.43,41.57,41.43,41.57,50232
2013-10-24 22:00:00,41.56,41.57,41.32,41.32,190462
2013-10-25 16:00:00,41.3,41.51,41.28,41.4,20324
2013-10-25 17:00:00,41.46,41.63,41.34,41.59,54513
2013-10-25 18:00:00,41.6,41.62,41.52,41.57,28631
2013-10-25 19:00:00,41.55,41.57,41.42,41.43,16588
2013-10-25 20:00:00,41.44,41.48,41.33,41.35,13858
2013-10-25 21:00:00,41.33,41.42,41.31,41.32,17566
2013-10-25 22:00:00,41.32,41.39,41.28,41.38,81897
2013-10-28 16:00:00,41.49,41.49,41.23,41.42,58695
2013-10-28 17:00:00,41.38,41.64,41.38,41.56,52800
2013-10-28 18:00:00,41.55,41.69,41.52,41.64,43217
2013-10-28 19:00:00,41.62,41.62,41.44,41.46,21756
2013-10-28 20:00:00,41.45,41.52,41.36,41.36,23307
2013-10-28 21:00:00,41.38,41.5,41.38,41.48,23130
2013-10-28 22:00:00,41.47,41.47,41.29,41.36,165106
2013-10-29 16:00:00,41.54,41.81,41.43,41.78,119991
2013-10-29 17:00:00,41.74,41.77,41.58,41.66,91627
2013-10-29 18:00:00,41.67,41.78,41.65,41.69,29656
2013-10-29 19:00:00,41.69,41.87,41.69,41.81,33586
2013-10-29 20:00:00,41.82,41.84,41.63,41.74,40196
2013-10-29 21:00:00,41.75,41.83,41.74,41.75,28156
2013-10-29 22:00:00,41.75,41.91,41.7,41.91,156080
2013-10-30 16:00:00,41.87,41.95,41.66,41.67,34314
2013-10-30 17:00:00,41.68,41.78,41.42,41.46,57292
2013-10-30 18:00:00,41.46,41.57,41.31,41.31,172922
2013-10-30 19:00:00,41.31,41.49,41.2,41.29,119747
2013-10-30 20:00:00,41.3,41.49,41.16,41.43,38119
2013-10-30 21:00:00,41.44,41.49,41.06,41.13,50699
2013-10-30 22:00:00,41.13,41.23,41.01,41.23,188486
2013-10-31 16:00:00,40.75,41.42,40.31,40.65,75620
2013-10-31 17:00:00,40.62,40.8,40.48,40.75,93477
2013-10-31 18:00:00,40.76,40.94,40.48,40.72,158680
2013-10-31 19:00:00,40.75,40.81,40.59,40.69,68436
2013-10-31 20:00:00,40.7,40.89,40.66,40.81,82987
2013-10-31 21:00:00,40.84,41.11,40.82,41.05,55912
2013-10-31 22:00:00,41.04,41.1,40.75,40.76,208123
2013-11-01 16:00:00,40.69,40.8,40.51,40.7,31876
2013-11-01 17:00:00,40.67,40.71,40.44,40.57,96431
2013-11-01 18:00:00,40.56,40.57,40.34,40.5,115485
2013-11-01 19:00:00,40.49,40.7,40.48,40.64,92025
2013-11-01 20:00:00,40.64,40.7,40.56,40.68,36362
2013-11-01 21:00:00,40.68,41.03,40.68,40.87,44189
2013-11-01 22:00:00,40.86,41.02,40.86,40.98,94910
2013-11-04 16:00:00,41.02,41.25,40.89,40.89,24806
2013-11-04 17:00:00,40.91,41.21,40.85,41.15,106309
2013-11-04 18:00:00,41.17,41.47,41.12,41.46,86875
2013-11-04 19:00:00,41.46,41.62,41.42,41.52,69181
2013-11-04 20:00:00,41.53,41.66,41.52,41.57,54409
2013-11-04 21:00:00,41.56,41.62,41.46,41.51,68261
2013-11-04 22:00:00,41.51,41.55,41.42,41.43,148990
2013-11-05 16:00:00,41.36,41.36,41.1,41.2,17773
2013-11-05 17:00:00,41.2,41.56,41.1,41.5,73484
2013-11-05 18:00:00,41.5,41.59,41.36,41.58,27879
2013-11-05 19:00:00,41.56,41.75,41.54,41.65,52242
2013-11-05 20:00:00,41.65,41.85,41.61,41.65,42642
2013-11-05 21:00:00,41.64,41.75,41.61,41.61,34878
2013-11-05 22:00:00,41.61,41.61,41.38,41.39,136825
2013-11-06 16:00:00,41.47,41.79,41.37,41.73,21680
2013-11-06 17:00:00,41.72,41.72,41.33,41.34,45022
2013-11-06 18:00:00,41.35,41.57,41.27,41.56,83499
2013-11-06 19:00:00,41.56,41.67,41.53,41.56,53843
2013-11-06 20:00:00,41.53,41.53,41.38,41.46,38726
2013-11-06 21:00:00,41.46,41.5,41.34,41.35,49252
2013-11-06 22:00:00,41.35,41.43,41.32,41.42,101103
2013-11-07 16:00:00,41.49,41.71,41.08,41.48,36673
2013-11-07 17:00:00,41.48,41.5,40.94,40.94,92359
2013-11-07 18:00:00,40.95,40.99,40.79,40.86,55197
2013-11-07 19:00:00,40.94,41.05,40.93,41.0,76033
2013-11-07 20:00:00,41.02,41.12,40.66,40.84,84520
2013-11-07 21:00:00,40.84,40.84,40.63,40.7,48888
2013-11-07 22:00:00,40.7,40.78,40.54,40.63,217709
2013-11-08 16:00:00,40.76,41.27,40.76,41.17,39940
2013-11-08 17:00:00,41.19,41.74,41.16,41.66,110267
2013-11-08 18:00:00,41.68,41.82,41.64,41.73,60346
2013-11-08 19:00:00,41.74,41.75,41.56,41.6,52917
2013-11-08 20:00:00,41.61,41.66,41.46,41.5,54912
2013-11-08 21:00:00,41.49,41.56,41.45,41.55,32104
2013-11-08 22:00:00,41.53,41.63,41.47,41.62,136658
2013-11-11 16:00:00,41.6,41.91,41.45,41.85,18552
2013-11-11 17:00:00,41.82,41.86,41.58,41.67,29546
2013-11-11 18:00:00,41.67,41.86,41.58,41.85,44105
2013-11-11 19:00:00,41.85,41.85,41.68,41.76,30479
2013-11-11 20:00:00,41.76,41.8,41.72,41.75,23456
2013-11-11 21:00:00,41.75,41.78,41.73,41.78,15370
2013-11-11 22:00:00,41.79,41.79,41.65,41.78,69776
2013-11-12 16:00:00,41.54,42.33,41.54,42.29,61500
2013-11-12 17:00:00,42.28,42.44,42.13,42.3,52842
2013-11-12 18:00:00,42.29,42.3,42.02,42.02,18402
2013-11-12 19:00:00,42.03,42.04,41.87,41.91,29943
2013-11-12 20:00:00,41.93,41.98,41.79,41.8,11798
2013-11-12 21:00:00,41.8,41.92,41.75,41.91,16100
2013-11-12 22:00:00,41.9,41.94,41.74,41.91,88855
2013-11-13 16:00:00,41.87,41.87,41.51,41.87,21310
2013-11-13 17:00:00,41.89,42.11,41.76,42.03,38035
2013-11-13 18:00:00,42.04,42.1,41.96,42.05,27576
2013-11-13 19:00:00,42.08,42.33,41.98,42.2,47314
2013-11-13 20:00:00,42.2,42.4,42.2,42.33,24166
2013-11-13 21:00:00,42.36,42.47,42.3,42.32,41781
2013-11-13 22:00:00,42.36,42.49,42.3,42.39,117485
2013-11-14 16:00:00,42.3,42.72,42.3,42.52,57199
2013-11-14 17:00:00,42.5,42.7,42.4,42.7,60891
2013-11-14 18:00:00,42.68,42.87,42.66,42.76,23759
2013-11-14 19:00:00,42.75,42.75,42.65,42.67,30254
2013-11-14 20:00:00,42.65,42.79,42.64,42.79,24150
2013-11-14 21:00:00,42.77,42.93,42.74,42.89,46171
2013-11-14 22:00:00,42.9,43.04,42.88,43.02,136133
2013-11-15 16:00:00,43.18,43.8,43.18,43.66,61404
2013-11-15 17:00:00,43.59,43.71,43.37,43.37,48904
2013-11-15 18:00:00,43.38,43.39,43.22,43.22,41768
2013-11-15 19:00:00,43.22,43.31,43.14,43.2,26890
2013-11-15 20:00:00,43.21,43.24,43.14,43.15,21596
2013-11-15 21:00:00,43.14,43.27,43.14,43.25,42501
2013-11-15 22:00:00,43.26,43.5,43.25,43.48,195148
2013-11-18 16:00:00,43.45,43.69,43.45,43.53,32014
2013-11-18 17:00:00,43.52,43.74,43.5,43.61,77804
2013-11-18 18:00:00,43.63,43.66,43.46,43.49,65002
2013-11-18 19:00:00,43.49,43.61,43.46,43.48,61526
2013-11-18 20:00:00,43.47,43.47,43.18,43.34,64237
2013-11-18 21:00:00,43.35,43.5,43.15,43.2,70529
2013-11-18 22:00:00,43.19,43.19,42.88,43.01,116391
2013-11-19 16:00:00,42.98,43.25,42.86,43.14,20660
2013-11-19 17:00:00,43.14,43.16,43.06,43.15,30849
2013-11-19 18:00:00,43.15,43.18,43.04,43.06,23397
2013-11-19 19:00:00,43.1,43.15,42.92,42.92,20517
2013-11-19 20:00:00,42.94,43.12,42.68,42.77,130322
2013-11-19 21:00:00,42.8,43.02,42.75,42.98,41334
2013-11-19 22:00:00,42.98,43.1,42.87,43.03,167036
2013-11-20 16:00:00,43.13,43.25,42.93,43.1,18360
2013-11-20 17:00:00,43.07,43.2,42.93,43.16,78826
2013-11-20 18:00:00,43.16,43.18,42.97,42.97,63095
2013-11-20 19:00:00,42.96,43.29,42.96,43.26,130258
2013-11-20 20:00:00,43.26,43.42,43.22,43.3,33982
2013-11-20 21:00:00,43.29,43.29,43.03,43.1,34071
2013-11-20 22:00:00,43.07,43.12,42.9,43.1,105003
2013-11-21 16:00:00,43.27,43.48,43.06,43.41,17481
2013-11-21 17:00:00,43.41,43.61,43.37,43.56,28323
2013-11-21 18:00:00,43.55,43.56,43.44,43.52,19977
2013-11-21 19:00:00,43.53,43.71,43.53,43.67,20114
2013-11-21 20:00:00,43.66,43.67,43.57,43.67,14569
2013-11-21 21:00:00,43.68,43.72,43.6,43.72,21788
2013-11-21 22:00:00,43.72,43.87,43.72,43.85,120384
2013-11-22 16:00:00,43.96,44.06,43.9,44.02,29472
2013-11-22 17:00:00,43.98,44.16,43.92,44.03,41492
2013-11-22 18:00:00,44.02,44.07,43.92,44.07,39006
2013-11-22 19:00:00,44.08,44.18,44.02,44.14,27186
2013-11-22 20:00:00,44.16,44.21,44.05,44.05,22207
2013-11-22 21:00:00,44.06,44.1,44.01,44.08,16860
2013-11-22 22:00:00,44.07,44.11,44.03,44.07,63167
2013-11-25 16:00:00,44.22,44.27,44.0,44.19,22880
2013-11-25 17:00:00,44.15,44.22,44.05,44.22,52636
2013-11-25 18:00:00,44.24,44.32,44.18,44.31,31655
2013-11-25 19:00:00,44.31,44.4,44.27,44.38,47828
2013-11-25 20:00:00,44.39,44.48,44.38,44.46,26287
2013-11-25 21:00:00,44.47,44.5,44.33,44.4,26941
2013-11-25 22:00:00,44.4,44.46,44.26,44.46,107501
2013-11-26 16:00:00,44.5,44.5,44.29,44.4,21963
2013-11-26 17:00:00,44.38,44.57,44.27,44.57,36138
2013-11-26 18:00:00,44.56,44.6,44.4,44.47,43677
2013-11-26 19:00:00,44.46,44.53,44.39,44.48,53106
2013-11-26 20:00:00,44.48,44.64,44.46,44.48,30358
2013-11-26 21:00:00,44.49,44.67,44.49,44.67,30523
2013-11-26 22:00:00,44.66,44.66,44.53,44.6,194209
2013-11-27 16:00:00,44.67,44.89,44.62,44.76,19921
2013-11-27 17:00:00,44.74,44.79,44.61,44.69,31308
2013-11-27 18:00:00,44.7,44.7,44.5,44.56,21185
2013-11-27 19:00:00,44.54,44.59,44.42,44.42,17354
2013-11-27 20:00:00,44.41,44.49,44.39,44.49,15486
2013-11-27 21:00:00,44.45,44.58,44.42,44.54,26775
2013-11-27 22:00:00,44.54,44.59,44.48,44.48,92807
2013-11-29 16:00:00,44.42,44.68,43.99,44.66,23461
2013-11-29 17:00:00,44.65,44.81,44.65,44.79,33296
2013-11-29 18:00:00,44.79,44.85,44.59,44.6,27716
2013-11-29 19:00:00,44.59,44.72,44.39,44.39,69274
2013-11-29 20:00:00,44.39,44.39,44.39,44.39,23337
2013-12-02 16:00:00,44.38,44.81,44.3,44.74,30708
2013-12-02 17:00:00,44.74,45.36,44.72,45.36,61934
2013-12-02 18:00:00,45.38,45.42,45.16,45.35,44583
2013-12-02 19:00:00,45.34,45.38,45.14,45.16,48275
2013-12-02 20:00:00,45.17,45.17,45.0,45.16,47427
2013-12-02 21:00:00,45.16,45.19,44.97,45.02,28018
2013-12-02 22:00:00,45.02,45.02,44.66,44.71,82657
2013-12-03 16:00:00,44.6,44.78,44.5,44.68,12552
2013-12-03 17:00:00,44.75,44.79,44.52,44.65,40465
2013-12-03 18:00:00,44.65,44.65,44.31,44.34,16006
2013-12-03 19:00:00,44.36,44.4,44.29,44.39,19983
2013-12-03 20:00:00,44.39,44.4,44.11,44.11,45156
2013-12-03 21:00:00,44.11,44.22,44.05,44.17,38578
2013-12-03 22:00:00,44.17,44.2,44.09,44.18,107227
2013-12-04 16:00:00,43.94,44.14,43.73,44.09,12902
2013-12-04 17:00:00,44.11,44.44,44.06,44.06,27124
2013-12-04 18:00:00,44.08,44.16,43.94,44.0,37829
2013-12-04 19:00:00,44.0,44.01,43.8,43.87,23242
2013-12-04 20:00:00,43.87,43.89,43.52,43.67,28317
2013-12-04 21:00:00,43.65,43.86,43.65,43.86,33053
2013-12-04 22:00:00,43.86,43.96,43.77,43.9,115553
2013-12-05 16:00:00,43.92,43.98,43.6,43.6,41130
2013-12-05 17:00:00,43.66,43.7,43.37,43.46,94259
2013-12-05 18:00:00,43.45,43.8,43.42,43.77,62418
2013-12-05 19:00:00,43.79,44.14,43.72,44.12,43338
2013-12-05 20:00:00,44.12,44.14,43.86,43.88,40461
2013-12-05 21:00:00,43.88,43.92,43.76,43.8,54608
2013-12-05 22:00:00,43.81,43.91,43.75,43.87,175228
2013-12-06 16:00:00,44.37,44.53,44.21,44.21,41837
2013-12-06 17:00:00,44.23,44.25,44.0,44.05,53917
2013-12-06 18:00:00,44.06,44.07,43.89,44.0,75325
2013-12-06 19:00:00,44.0,44.15,43.97,44.06,58867
2013-12-06 20:00:00,44.07,44.12,44.02,44.12,54337
2013-12-06 21:00:00,44.11,44.11,44.01,44.09,66309
2013-12-06 22:00:00,44.09,44.24,44.02,44.21,202839
2013-12-09 16:00:00,44.28,44.63,44.25,44.52,28834
2013-12-09 17:00:00,44.52,44.62,44.0,44.13,72279
2013-12-09 18:00:00,44.13,44.23,44.01,44.19,43046
2013-12-09 19:00:00,44.19,44.22,44.06,44.09,30113
2013-12-09 20:00:00,44.1,44.16,43.96,43.96,30180
2013-12-09 21:00:00,43.98,44.08,43.96,44.02,32021
2013-12-09 22:00:00,44.02,44.2,44.01,44.16,113387
2013-12-10 16:00:00,43.86,44.2,43.86,44.12,10918
2013-12-10 17:00:00,44.11,44.26,43.99,43.99,29616
2013-12-10 18:00:00,43.98,43.98,43.67,43.7,26061
2013-12-10 19:00:00,43.7,43.8,43.59,43.77,26663
2013-12-10 20:00:00,43.78,43.78,43.61,43.66,37061
2013-12-10 21:00:00,43.65,43.68,43.6,43.63,66362
2013-12-10 22:00:00,43.63,43.8,43.58,43.6,165200
2013-12-11 16:00:00,43.78,43.91,43.44,43.44,18329
2013-12-11 17:00:00,43.5,43.5,43.09,43.13,95353
2013-12-11 18:00:00,43.12,43.16,42.84,42.87,74399
2013-12-11 19:00:00,42.87,42.87,42.74,42.77,39674
2013-12-11 20:00:00,42.79,42.95,42.73,42.92,56141
2013-12-11 21:00:00,42.93,42.98,42.83,42.85,61396
2013-12-11 22:00:00,42.85,42.93,42.73,42.85,162427
2013-12-12 16:00:00,43.68,43.95,43.36,43.4,57331
2013-12-12 17:00:00,43.4,43.47,43.3,43.43,50008
2013-12-12 18:00:00,43.45,43.63,43.45,43.54,46551
2013-12-12 19:00:00,43.52,43.52,43.24,43.32,31113
2013-12-12 20:00:00,43.32,43.43,43.19,43.36,51874
2013-12-12 21:00:00,43.36,43.51,43.36,43.47,61025
2013-12-12 22:00:00,43.45,43.52,43.39,43.47,111729
2013-12-13 16:00:00,43.65,44.07,43.59,43.6,39527
2013-12-13 17:00:00,43.61,43.69,43.31,43.38,45355
2013-12-13 18:00:00,43.39,43.41,43.18,43.23,49539
2013-12-13 19:00:00,43.22,43.29,43.18,43.21,84950
2013-12-13 20:00:00,43.22,43.34,43.2,43.3,76939
2013-12-13 21:00:00,43.3,43.32,43.04,43.32,51764
2013-12-13 22:00:00,43.36,43.54,43.36,43.47,80890
2013-12-16 16:00:00,43.59,43.8,43.48,43.48,51492
2013-12-16 17:00:00,43.44,43.52,43.28,43.31,69518
2013-12-16 18:00:00,43.31,43.35,43.22,43.31,58370
2013-12-16 19:00:00,43.33,43.34,43.23,43.28,53709
2013-12-16 20:00:00,43.28,43.3,43.22,43.27,76022
2013-12-16 21:00:00,43.28,43.29,43.22,43.24,81956
2013-12-16 22:00:00,43.25,43.26,43.11,43.18,177712
2013-12-17 16:00:00,43.12,43.42,43.02,43.12,43459
2013-12-17 17:00:00,43.12,43.2,42.9,43.01,118224
2013-12-17 18:00:00,42.99,43.15,42.95,42.97,45612
2013-12-17 19:00:00,42.97,43.08,42.87,42.87,47682
2013-12-17 20:00:00,42.88,42.92,42.73,42.74,99850
2013-12-17 21:00:00,42.73,42.92,42.72,42.85,89654
2013-12-17 22:00:00,42.85,42.92,42.64,42.65,190029
2013-12-18 16:00:00,42.81,42.88,42.52,42.52,52221
2013-12-18 17:00:00,42.53,42.65,42.5,42.57,68540
2013-12-18 18:00:00,42.57,42.63,42.43,42.53,61506
2013-12-18 19:00:00,42.53,42.6,42.38,42.4,58496
2013-12-18 20:00:00,42.39,42.44,42.27,42.37,77394
2013-12-18 21:00:00,42.36,42.73,42.13,42.72,213038
2013-12-18 22:00:00,42.72,43.01,42.65,42.99,316494
2013-12-19 16:00:00,43.02,43.29,42.65,42.95,34771
2013-12-19 17:00:00,42.96,42.98,42.67,42.76,84410
2013-12-19 18:00:00,42.78,42.88,42.55,42.59,59877
2013-12-19 19:00:00,42.6,42.6,42.3,42.4,185545
2013-12-19 20:00:00,42.37,42.44,42.3,42.38,66555
2013-12-19 21:00:00,42.37,42.41,42.23,42.28,87246
2013-12-19 22:00:00,42.29,42.35,42.02,42.04,292304
2013-12-20 16:00:00,42.16,42.3,41.97,42.28,111192
2013-12-20 17:00:00,42.24,42.35,42.13,42.32,59307
2013-12-20 18:00:00,42.32,42.68,42.26,42.68,53547
2013-12-20 19:00:00,42.68,42.78,42.63,42.65,81125
2013-12-20 20:00:00,42.65,42.67,42.59,42.62,48151
2013-12-20 21:00:00,42.62,42.74,42.6,42.62,95159
2013-12-20 22:00:00,42.63,42.71,42.55,42.59,338550
2013-12-23 16:00:00,42.92,43.13,42.85,42.88,58815
2013-12-23 17:00:00,42.92,43.07,42.87,42.99,76331
2013-12-23 18:00:00,42.98,43.0,42.92,42.93,46938
2013-12-23 19:00:00,42.93,42.97,42.87,42.93,36721
2013-12-23 20:00:00,42.93,42.98,42.9,42.95,69554
2013-12-23 21:00:00,42.94,43.01,42.87,43.0,122798
2013-12-23 22:00:00,43.0,43.04,42.98,43.04,197259
2013-12-24 16:00:00,43.15,43.34,42.93,43.15,26754
2013-12-24 17:00:00,43.18,43.3,43.11,43.19,40967
2013-12-24 18:00:00,43.2,43.34,43.06,43.29,52960
2013-12-24 19:00:00,43.31,43.4,43.3,43.34,46057
2013-12-24 20:00:00,43.34,43.34,43.34,43.34,18151
2013-12-26 16:00:00,43.51,43.79,43.39,43.59,17665
2013-12-26 17:00:00,43.64,43.8,43.48,43.51,39267
2013-12-26 18:00:00,43.51,43.51,43.33,43.41,48501
2013-12-26 19:00:00,43.43,43.49,43.38,43.48,31501
2013-12-26 20:00:00,43.49,43.57,43.46,43.51,19247
2013-12-26 21:00:00,43.51,43.59,43.4,43.59,36120
2013-12-26 22:00:00,43.58,43.59,43.39,43.4,108048
2013-12-27 16:00:00,43.53,43.83,43.46,43.8,16659
2013-12-27 17:00:00,43.76,43.76,43.49,43.56,22940
2013-12-27 18:00:00,43.54,43.68,43.52,43.59,27800
2013-12-27 19:00:00,43.58,43.66,43.51,43.58,21735
2013-12-27 20:00:00,43.58,43.59,43.4,43.41,51170
2013-12-27 21:00:00,43.4,43.53,43.31,43.51,67059
2013-12-27 22:00:00,43.51,43.6,43.47,43.48,46968
2013-12-30 16:00:00,43.5,43.5,43.3,43.46,18076
2013-12-30 17:00:00,43.43,43.59,43.43,43.59,21031
2013-12-30 18:00:00,43.59,43.74,43.58,43.73,38847
2013-12-30 19:00:00,43.73,43.81,43.73,43.79,41155
2013-12-30 20:00:00,43.77,43.78,43.64,43.64,21457
2013-12-30 21:00:00,43.63,43.81,43.62,43.8,27281
2013-12-30 22:00:00,43.79,43.82,43.64,43.65,69312
2013-12-31 16:00:00,43.69,43.7,43.52,43.61,10167
2013-12-31 17:00:00,43.69,43.8,43.69,43.76,10527
2013-12-31 18:00:00,43.78,43.8,43.64,43.65,15914
2013-12-31 19:00:00,43.64,43.7,43.63,43.67,15401
2013-12-31 20:00:00,43.68,43.7,43.63,43.7,10821
2013-12-31 21:00:00,43.68,43.68,43.55,43.55,10482
2013-12-31 22:00:00,43.56,43.78,43.52,43.72,76047
2014-01-02 16:00:00,43.63,43.64,43.28,43.49,28363
2014-01-02 17:00:00,43.48,43.51,43.27,43.45,44483
2014-01-02 18:00:00,43.45,43.53,43.26,43.29,26672
2014-01-02 19:00:00,43.29,43.48,43.29,43.42,39162
2014-01-02 20:00:00,43.38,43.43,43.32,43.34,37882
2014-01-02 21:00:00,43.35,43.38,43.1,43.13,62872
2014-01-02 22:00:00,43.13,43.24,43.09,43.17,160711
2014-01-03 16:00:00,43.13,43.49,43.13,43.18,22032
2014-01-03 17:00:00,43.21,43.26,43.07,43.11,27878
2014-01-03 18:00:00,43.13,43.28,43.13,43.18,41476
2014-01-03 19:00:00,43.15,43.26,43.12,43.22,18548
2014-01-03 20:00:00,43.22,43.26,43.11,43.11,33707
2014-01-03 21:00:00,43.14,43.4,43.11,43.39,17352
2014-01-03 22:00:00,43.37,43.37,43.13,43.18,102948
2014-01-06 16:00:00,43.31,43.44,43.14,43.17,31669
2014-01-06 17:00:00,43.17,43.28,43.02,43.12,53468
2014-01-06 18:00:00,43.11,43.19,43.08,43.18,41537
2014-01-06 19:00:00,43.17,43.33,43.14,43.28,27493
2014-01-06 20:00:00,43.26,43.28,43.15,43.15,59799
2014-01-06 21:00:00,43.17,43.2,43.11,43.17,74383
2014-01-06 22:00:00,43.16,43.26,43.1,43.11,128301
2014-01-07 16:00:00,43.53,43.66,43.2,43.4,34625
2014-01-07 17:00:00,43.42,43.52,43.41,43.5,85170
2014-01-07 18:00:00,43.51,43.68,43.51,43.54,45538
2014-01-07 19:00:00,43.54,43.56,43.47,43.55,19463
2014-01-07 20:00:00,43.55,43.57,43.42,43.42,23009
2014-01-07 21:00:00,43.42,43.56,43.36,43.54,18172
2014-01-07 22:00:00,43.55,43.59,43.45,43.52,134326
2014-01-08 16:00:00,43.61,43.73,43.44,43.53,21216
2014-01-08 17:00:00,43.57,43.7,43.52,43.6,25979
2014-01-08 18:00:00,43.62,43.75,43.44,43.68,87008
2014-01-08 19:00:00,43.69,43.7,43.62,43.64,36242
2014-01-08 20:00:00,43.63,43.72,43.44,43.62,78598
2014-01-08 21:00:00,43.6,43.68,43.4,43.43,63434
2014-01-08 22:00:00,43.44,43.49,43.31,43.49,86639
2014-01-09 16:00:00,43.54,43.91,43.42,43.64,23620
2014-01-09 17:00:00,43.61,43.61,43.29,43.29,27475
2014-01-09 18:00:00,43.29,43.47,43.21,43.43,46967
2014-01-09 19:00:00,43.45,43.75,43.41,43.64,46214
2014-01-09 20:00:00,43.66,43.71,43.53,43.53,19046
2014-01-09 21:00:00,43.53,43.65,43.45,43.6,27121
2014-01-09 22:00:00,43.57,43.64,43.54,43.61,53717
2014-01-10 16:00:00,43.61,43.97,43.4,43.58,14443
2014-01-10 17:00:00,43.59,43.79,43.51,43.76,48283
2014-01-10 18:00:00,43.76,43.77,43.64,43.75,20104
2014-01-10 19:00:00,43.73,43.83,43.67,43.68,51403
2014-01-10 20:00:00,43.68,43.75,43.64,43.65,15952
2014-01-10 21:00:00,43.66,43.69,43.56,43.57,34434
2014-01-10 22:00:00,43.58,43.79,43.58,43.79,61811
2014-01-13 16:00:00,43.74,43.8,43.52,43.53,13493
2014-01-13 17:00:00,43.52,43.6,43.36,43.36,44610
2014-01-13 18:00:00,43.38,43.67,43.21,43.62,105914
2014-01-13 19:00:00,43.61,43.67,43.45,43.45,22996
2014-01-13 20:00:00,43.44,43.54,43.32,43.46,39770
2014-01-13 21:00:00,43.45,43.49,43.28,43.33,30251
2014-01-13 22:00:00,43.32,43.33,43.01,43.13,120977
2014-01-14 16:00:00,43.19,43.38,42.87,43.38,8106
2014-01-14 17:00:00,43.41,43.62,43.38,43.47,43438
2014-01-14 18:00:00,43.55,43.69,43.43,43.6,17375
2014-01-14 19:00:00,43.61,43.69,43.56,43.69,17965
2014-01-14 20:00:00,43.68,43.77,43.58,43.58,62889
2014-01-14 21:00:00,43.6,43.66,43.55,43.62,16014
2014-01-14 22:00:00,43.61,43.74,43.61,43.66,63335
2014-01-15 16:00:00,43.8,43.93,43.63,43.63,11373
2014-01-15 17:00:00,43.72,43.73,43.38,43.45,60037
2014-01-15 18:00:00,43.49,43.6,43.41,43.51,35672
2014-01-15 19:00:00,43.54,43.62,43.53,43.61,34943
2014-01-15 20:00:00,43.61,43.7,43.6,43.65,88897
2014-01-15 21:00:00,43.62,43.7,43.61,43.63,24745
2014-01-15 22:00:00,43.61,43.63,43.4,43.43,247480
2014-01-16 16:00:00,43.21,43.61,43.21,43.57,18064
2014-01-16 17:00:00,43.52,43.57,43.43,43.57,20260
2014-01-16 18:00:00,43.53,43.55,43.42,43.53,46898
2014-01-16 19:00:00,43.5,43.65,43.42,43.65,24774
2014-01-16 20:00:00,43.62,43.76,43.6,43.75,17082
2014-01-16 21:00:00,43.75,43.82,43.68,43.78,22541
2014-01-16 22:00:00,43.77,44.02,43.75,44.01,125602
2014-01-17 16:00:00,43.94,44.4,43.94,44.38,50447
2014-01-17 17:00:00,44.4,44.55,44.2,44.55,47107
2014-01-17 18:00:00,44.54,44.62,44.51,44.59,45623
2014-01-17 19:00:00,44.59,44.63,44.44,44.45,74560
2014-01-17 20:00:00,44.43,44.43,44.27,44.38,36338
2014-01-17 21:00:00,44.37,44.37,44.29,44.34,34695
2014-01-17 22:00:00,44.35,44.37,44.21,44.23,107074
2014-01-21 16:00:00,44.59,44.69,44.38,44.6,22424
2014-01-21 17:00:00,44.59,44.71,44.48,44.48,34602
2014-01-21 18:00:00,44.5,44.5,44.21,44.29,22867
2014-01-21 19:00:00,44.28,44.57,44.22,44.55,32232
2014-01-21 20:00:00,44.56,44.7,44.52,44.7,25160
2014-01-21 21:00:00,44.69,44.7,44.54,44.57,32239
2014-01-21 22:00:00,44.55,44.64,44.52,44.61,93350
2014-01-22 16:00:00,44.79,44.9,44.64,44.65,6946
2014-01-22 17:00:00,44.71,44.82,44.57,44.57,19119
2014-01-22 18:00:00,44.55,44.68,44.48,44.67,49368
2014-01-22 19:00:00,44.67,44.82,44.67,44.77,9800
2014-01-22 20:00:00,44.77,44.8,44.71,44.76,46562
2014-01-22 21:00:00,44.77,44.88,44.77,44.85,30324
2014-01-22 22:00:00,44.85,45.0,44.85,44.94,74584
2014-01-23 16:00:00,44.76,44.84,44.56,44.71,22070
2014-01-23 17:00:00,44.72,44.8,44.67,44.72,35231
2014-01-23 18:00:00,44.7,44.8,44.69,44.77,18285
2014-01-23 19:00:00,44.78,44.8,44.67,44.75,25458
2014-01-23 20:00:00,44.75,44.77,44.67,44.75,40276
2014-01-23 21:00:00,44.75,44.88,44.74,44.85,30582
2014-01-23 22:00:00,44.85,44.91,44.8,44.89,116572
2014-01-24 16:00:00,44.67,44.76,44.42,44.54,121829
2014-01-24 17:00:00,44.53,44.62,43.96,44.02,536061
2014-01-24 18:00:00,44.0,44.02,43.75,43.87,30861
2014-01-24 19:00:00,43.86,43.86,43.35,43.48,48813
2014-01-24 20:00:00,43.48,43.52,43.37,43.38,31734
2014-01-24 21:00:00,43.37,43.38,43.17,43.18,44585
2014-01-24 22:00:00,43.17,43.23,42.95,42.97,173632
2014-01-27 16:00:00,42.99,43.2,42.57,42.68,34592
2014-01-27 17:00:00,42.67,42.77,42.37,42.42,39325
2014-01-27 18:00:00,42.44,42.55,42.3,42.32,32691
2014-01-27 19:00:00,42.31,42.32,42.06,42.17,40018
2014-01-27 20:00:00,42.17,42.5,42.16,42.44,38693
2014-01-27 21:00:00,42.44,42.54,42.38,42.48,51443
2014-01-27 22:00:00,42.48,42.48,42.19,42.21,119872
2014-01-28 16:00:00,42.22,42.63,42.13,42.31,12141
2014-01-28 17:00:00,42.34,42.46,42.2,42.43,25452
2014-01-28 18:00:00,42.42,42.47,42.12,42.21,11074
2014-01-28 19:00:00,42.21,42.3,42.14,42.25,14181
2014-01-28 20:00:00,42.28,42.32,42.19,42.22,26089
2014-01-28 21:00:00,42.2,42.31,42.2,42.28,48672
2014-01-28 22:00:00,42.28,42.4,42.27,42.34,111493
2014-01-29 16:00:00,41.9,42.18,41.57,42.08,34826
2014-01-29 17:00:00,42.13,42.23,41.72,41.96,36099
2014-01-29 18:00:00,41.97,42.06,41.89,41.95,26055
2014-01-29 19:00:00,41.96,41.98,41.87,41.94,25717
2014-01-29 20:00:00,41.93,42.01,41.85,41.86,44424
2014-01-29 21:00:00,41.9,41.95,41.57,41.58,135099
2014-01-29 22:00:00,41.59,41.62,41.45,41.48,234835
2014-01-30 16:00:00,41.97,41.97,41.65,41.83,18925
2014-01-30 17:00:00,41.81,42.03,41.74,42.01,109467
2014-01-30 18:00:00,41.99,42.41,41.99,42.35,34906
2014-01-30 19:00:00,42.35,42.37,42.26,42.31,35129
2014-01-30 20:00:00,42.31,42.31,42.16,42.17,51830
2014-01-30 21:00:00,42.17,42.47,42.11,42.44,107373
2014-01-30 22:00:00,42.44,42.61,42.43,42.58,128940
2014-01-31 16:00:00,42.13,42.32,41.77,42.27,58602
2014-01-31 17:00:00,42.28,42.63,42.22,42.52,53202
2014-01-31 18:00:00,42.53,42.85,42.53,42.82,52961
2014-01-31 19:00:00,42.83,42.98,42.83,42.96,40779
2014-01-31 20:00:00,42.97,43.01,42.79,42.99,47312
2014-01-31 21:00:00,43.01,43.19,42.95,42.99,79054
2014-01-31 22:00:00,42.99,43.04,42.66,42.71,176697
2014-02-03 16:00:00,42.7,42.75,42.14,42.35,18343
2014-02-03 17:00:00,42.34,42.39,41.53,41.67,91467
2014-02-03 18:00:00,41.66,41.7,41.1,41.16,131829
2014-02-03 19:00:00,41.17,41.63,41.04,41.41,132504
2014-02-03 20:00:00,41.42,41.44,40.99,41.06,112376
2014-02-03 21:00:00,41.07,41.48,40.93,40.98,85427
2014-02-03 22:00:00,41.0,41.36,40.97,41.01,272979
2014-02-04 16:00:00,41.21,41.21,40.66,40.99,34834
2014-02-04 17:00:00,40.92,41.18,40.88,41.09,28753
2014-02-04 18:00:00,41.1,41.53,41.1,41.53,30497
2014-02-04 19:00:00,41.56,41.62,41.44,41.5,20600
2014-02-04 20:00:00,41.49,41.6,41.42,41.51,44308
2014-02-04 21:00:00,41.52,41.71,41.49,41.71,30400
2014-02-04 22:00:00,41.7,41.78,41.54,41.75,148208
2014-02-05 16:00:00,41.67,41.72,41.44,41.46,13555
2014-02-05 17:00:00,41.48,41.67,41.27,41.3,73499
2014-02-05 18:00:00,41.27,41.67,41.2,41.59,71348
2014-02-05 19:00:00,41.63,41.63,41.41,41.58,31651
2014-02-05 20:00:00,41.58,41.7,41.55,41.6,28229
2014-02-05 21:00:00,41.62,41.71,41.52,41.58,61556
2014-02-05 22:00:00,41.56,41.67,41.5,41.51,108278
2014-02-06 16:00:00,41.85,42.32,41.12,41.69,30975
2014-02-06 17:00:00,41.67,41.83,41.25,41.54,32236
2014-02-06 18:00:00,41.58,41.59,40.95,40.95,149811
2014-02-06 19:00:00,40.97,41.17,40.56,40.82,262689
2014-02-06 20:00:00,40.82,40.96,40.42,40.46,234690
2014-02-06 21:00:00,40.46,40.75,40.4,40.6,212127
2014-02-06 22:00:00,40.62,40.84,40.35,40.74,394687
2014-02-07 16:00:00,40.45,40.7,40.06,40.24,159545
2014-02-07 17:00:00,40.28,40.35,39.78,39.86,241255
2014-02-07 18:00:00,39.87,40.45,39.87,40.27,122072
2014-02-07 19:00:00,40.29,40.33,40.25,40.28,121942
2014-02-07 20:00:00,40.28,40.39,40.23,40.29,248525
2014-02-07 21:00:00,40.29,40.51,40.28,40.35,177669
2014-02-07 22:00:00,40.33,40.43,40.25,40.29,334200
2014-02-10 16:00:00,40.28,40.49,40.0,40.49,30285
2014-02-10 17:00:00,40.49,40.75,40.3,40.73,162251
2014-02-10 18:00:00,40.71,40.84,40.51,40.76,48682
2014-02-10 19:00:00,40.74,40.74,40.4,40.48,101142
2014-02-10 20:00:00,40.48,40.52,40.37,40.44,89018
2014-02-10 21:00:00,40.43,40.53,40.39,40.52,118133
2014-02-10 22:00:00,40.53,40.73,40.51,40.67,147737
2014-02-11 16:00:00,41.28,41.28,40.66,40.97,18111
2014-02-11 17:00:00,40.98,41.01,40.77,40.8,31910
2014-02-11 18:00:00,40.84,41.21,40.84,41.19,40624
2014-02-11 19:00:00,41.2,41.47,41.16,41.41,81002
2014-02-11 20:00:00,41.41,41.64,41.41,41.45,58497
2014-02-11 21:00:00,41.47,41.78,41.46,41.75,69349
2014-02-11 22:00:00,41.76,41.82,41.41,41.48,128662
2014-02-12 16:00:00,41.46,42.08,41.41,42.08,29827
2014-02-12 17:00:00,42.03,42.08,41.82,41.98,54093
2014-02-12 18:00:00,41.98,42.05,41.85,42.01,55737
2014-02-12 19:00:00,41.99,42.21,41.98,42.2,64929
2014-02-12 20:00:00,42.2,42.45,42.19,42.3,85783
2014-02-12 21:00:00,42.32,42.41,42.05,42.15,77583
2014-02-12 22:00:00,42.15,42.29,42.12,42.28,196561
2014-02-13 16:00:00,42.68,42.7,42.16,42.4,42417
2014-02-13 17:00:00,42.4,42.67,42.24,42.55,56125
2014-02-13 18:00:00,42.56,42.75,42.54,42.68,45085
2014-02-13 19:00:00,42.65,42.72,42.52,42.52,72499
2014-02-13 20:00:00,42.52,42.59,42.44,42.57,35695
2014-02-13 21:00:00,42.58,42.58,42.36,42.46,64579
2014-02-13 22:00:00,42.46,42.52,42.39,42.46,123415
2014-02-14 16:00:00,42.34,42.51,42.21,42.48,10840
2014-02-14 17:00:00,42.48,42.48,42.28,42.32,18906
2014-02-14 18:00:00,42.32,42.53,42.29,42.49,27155
2014-02-14 19:00:00,42.5,42.71,42.5,42.64,42730
2014-02-14 20:00:00,42.65,42.73,42.57,42.7,24927
2014-02-14 21:00:00,42.7,42.79,42.69,42.72,45829
2014-02-14 22:00:00,42.71,42.81,42.64,42.75,112876
2014-02-18 16:00:00,42.74,43.47,42.74,43.39,54776
2014-02-18 17:00:00,43.36,43.81,43.26,43.79,86595
2014-02-18 18:00:00,43.78,44.01,43.63,43.79,89105
2014-02-18 19:00:00,43.82,44.02,43.82,43.89,75466
2014-02-18 20:00:00,43.9,43.97,43.82,43.9,50246
2014-02-18 21:00:00,43.88,44.03,43.84,44.02,67785
2014-02-18 22:00:00,44.02,44.02,43.77,43.88,184212
2014-02-19 16:00:00,43.68,43.98,43.58,43.85,84556
2014-02-19 17:00:00,43.9,44.29,43.89,44.03,77947
2014-02-19 18:00:00,44.04,44.12,43.85,43.85,51655
2014-02-19 19:00:00,43.83,44.0,43.7,43.77,85310
2014-02-19 20:00:00,43.78,43.94,43.75,43.86,66646
2014-02-19 21:00:00,43.85,43.94,43.71,43.74,61857
2014-02-19 22:00:00,43.75,43.78,43.47,43.5,256440
2014-02-20 16:00:00,43.51,44.18,43.45,43.89,99215
2014-02-20 17:00:00,43.9,44.15,43.75,44.06,78528
2014-02-20 18:00:00,44.04,44.05,43.83,43.93,144624
2014-02-20 19:00:00,43.95,44.24,43.9,44.24,80570
2014-02-20 20:00:00,44.24,44.43,44.21,44.42,61744
2014-02-20 21:00:00,44.41,44.74,44.39,44.68,86995
2014-02-20 22:00:00,44.69,45.02,44.69,44.98,215971
2014-02-21 16:00:00,45.12,45.12,44.52,44.79,51511
2014-02-21 17:00:00,44.72,44.84,44.61,44.73,41191
2014-02-21 18:00:00,44.73,44.83,44.61,44.68,63651
2014-02-21 19:00:00,44.67,44.75,44.63,44.68,28557
2014-02-21 20:00:00,44.66,44.76,44.66,44.67,30852
2014-02-21 21:00:00,44.68,44.74,44.53,44.54,45443
2014-02-21 22:00:00,44.54,44.71,44.51,44.54,89919
2014-02-24 16:00:00,44.55,44.83,44.53,44.66,37455
2014-02-24 17:00:00,44.68,44.75,44.27,44.28,80478
2014-02-24 18:00:00,44.3,44.35,44.19,44.3,69478
2014-02-24 19:00:00,44.31,44.5,44.28,44.42,88967
2014-02-24 20:00:00,44.41,44.63,44.41,44.61,39576
2014-02-24 21:00:00,44.61,44.66,44.52,44.54,31223
2014-02-24 22:00:00,44.52,44.52,44.21,44.22,131597
2014-02-25 16:00:00,44.05,44.23,43.98,43.98,28960
2014-02-25 17:00:00,43.96,44.08,43.7,44.03,40723
2014-02-25 18:00:00,44.0,44.14,43.93,44.0,31519
2014-02-25 19:00:00,44.01,44.01,43.84,43.94,22285
2014-02-25 20:00:00,43.93,44.03,43.88,43.9,23224
2014-02-25 21:00:00,43.91,43.93,43.72,43.77,49696
2014-02-25 22:00:00,43.78,43.87,43.73,43.85,105597
2014-02-26 16:00:00,43.99,44.2,43.9,43.96,20204
2014-02-26 17:00:00,43.95,44.38,43.89,44.29,46861
2014-02-26 18:00:00,44.34,44.39,43.98,44.07,58076
2014-02-26 19:00:00,44.07,44.2,44.03,44.13,38600
2014-02-26 20:00:00,44.14,44.24,44.05,44.17,42363
2014-02-26 21:00:00,44.16,44.22,43.91,43.98,50896
2014-02-26 22:00:00,43.99,44.0,43.82,43.82,158708
2014-02-27 16:00:00,43.75,44.09,43.72,43.83,26834
2014-02-27 17:00:00,43.87,43.89,43.58,43.8,59330
2014-02-27 18:00:00,43.8,43.89,43.65,43.67,50972
2014-02-27 19:00:00,43.67,43.82,43.64,43.74,40426
2014-02-27 20:00:00,43.78,43.94,43.77,43.89,34668
2014-02-27 21:00:00,43.91,43.93,43.78,43.84,59946
2014-02-27 22:00:00,43.85,43.89,43.66,43.72,151813
2014-02-28 16:00:00,43.76,44.08,43.62,43.93,238869
2014-02-28 17:00:00,43.95,44.18,43.92,44.1,295408
2014-02-28 18:00:00,44.1,44.32,44.04,44.16,48357
2014-02-28 19:00:00,44.17,44.25,44.02,44.1,31783
2014-02-28 20:00:00,44.11,44.18,43.98,44.04,33730
2014-02-28 21:00:00,44.03,44.03,43.68,43.71,71553
2014-02-28 22:00:00,43.71,43.78,43.45,43.71,186288
2014-03-03 16:00:00,43.37,43.42,43.14,43.17,42494
2014-03-03 17:00:00,43.18,43.49,43.13,43.49,57866
2014-03-03 18:00:00,43.5,43.56,43.24,43.39,53917
2014-03-03 19:00:00,43.39,43.7,43.32,43.7,35077
2014-03-03 20:00:00,43.7,43.91,43.67,43.85,86981
2014-03-03 21:00:00,43.85,44.79,43.83,44.56,252169
2014-03-03 22:00:00,44.56,44.57,44.11,44.18,204744
2014-03-04 16:00:00,44.79,45.36,44.79,45.25,44528
2014-03-04 17:00:00,45.28,45.37,44.92,44.99,83982
2014-03-04 18:00:00,44.98,45.14,44.91,45.14,72337
2014-03-04 19:00:00,45.13,45.19,44.99,45.08,32041
2014-03-04 20:00:00,45.08,45.4,45.08,45.4,58018
2014-03-04 21:00:00,45.39,45.61,45.39,45.49,110395
2014-03-04 22:00:00,45.47,45.65,45.47,45.6,126221
2014-03-05 16:00:00,45.52,45.52,45.2,45.29,43780
2014-03-05 17:00:00,45.31,45.4,45.26,45.28,43104
2014-03-05 18:00:00,45.28,45.35,45.06,45.07,38638
2014-03-05 19:00:00,45.06,45.1,44.93,44.98,50198
2014-03-05 20:00:00,45.0,45.0,44.88,44.92,38718
2014-03-05 21:00:00,44.92,45.15,44.85,45.12,69291
2014-03-05 22:00:00,45.12,45.25,45.07,45.14,112371
2014-03-06 16:00:00,45.36,45.45,45.13,45.36,15733
2014-03-06 17:00:00,45.38,45.42,45.23,45.36,77838
2014-03-06 18:00:00,45.36,45.38,45.2,45.33,33370
2014-03-06 19:00:00,45.35,45.78,45.35,45.77,129074
2014-03-06 20:00:00,45.76,45.8,45.67,45.67,19330
2014-03-06 21:00:00,45.7,45.77,45.57,45.64,26551
2014-03-06 22:00:00,45.64,45.74,45.59,45.74,83001
2014-03-07 16:00:00,45.93,46.01,45.76,45.92,14314
2014-03-07 17:00:00,45.94,46.02,45.6,45.6,81845
2014-03-07 18:00:00,45.54,45.77,45.48,45.75,35287
2014-03-07 19:00:00,45.78,45.81,45.71,45.75,45479
2014-03-07 20:00:00,45.67,45.75,45.49,45.52,36921
2014-03-07 21:00:00,45.53,45.69,45.41,45.65,42368
2014-03-07 22:00:00,45.66,45.76,45.61,45.73,152910
2014-03-10 16:00:00,45.66,45.81,45.61,45.78,13989
2014-03-10 17:00:00,45.78,45.87,45.27,45.47,71681
2014-03-10 18:00:00,45.41,45.56,45.23,45.38,39479
2014-03-10 19:00:00,45.37,45.51,45.35,45.47,23292
2014-03-10 20:00:00,45.48,45.54,45.46,45.52,31255
2014-03-10 21:00:00,45.51,45.71,45.46,45.61,49634
2014-03-10 22:00:00,45.61,45.78,45.5,45.74,118648
2014-03-11 16:00:00,45.75,45.93,45.61,45.81,17652
2014-03-11 17:00:00,45.82,46.27,45.77,46.21,45001
2014-03-11 18:00:00,46.19,46.2,46.05,46.11,72782
2014-03-11 19:00:00,46.1,46.12,45.93,46.06,52495
2014-03-11 20:00:00,46.05,46.17,45.98,46.12,68600
2014-03-11 21:00:00,46.14,46.15,45.92,45.92,113033
2014-03-11 22:00:00,45.91,46.06,45.81,46.0,190209
2014-03-12 16:00:00,45.79,45.94,45.75,45.79,16247
2014-03-12 17:00:00,45.82,46.18,45.82,46.18,39861
2014-03-12 18:00:00,46.18,46.26,46.12,46.15,34093
2014-03-12 19:00:00,46.14,46.2,46.05,46.12,37543
2014-03-12 20:00:00,46.13,46.2,46.05,46.2,46762
2014-03-12 21:00:00,46.2,46.21,46.0,46.06,57593
2014-03-12 22:00:00,46.06,46.28,46.04,46.26,118997
2014-03-13 16:00:00,46.3,46.4,45.95,46.08,20683
2014-03-13 17:00:00,46.07,46.11,45.78,45.8,41979
2014-03-13 18:00:00,45.76,45.85,45.67,45.76,28040
2014-03-13 19:00:00,45.77,45.77,45.36,45.39,29840
2014-03-13 20:00:00,45.38,45.61,45.27,45.42,38840
2014-03-13 21:00:00,45.43,45.43,45.25,45.29,67715
2014-03-13 22:00:00,45.29,45.47,45.23,45.28,145036
2014-03-14 16:00:00,45.2,45.59,44.76,45.32,50888
2014-03-14 17:00:00,45.33,45.52,45.24,45.29,59391
2014-03-14 18:00:00,45.29,45.31,45.07,45.25,28423
2014-03-14 19:00:00,45.31,45.35,45.18,45.35,29276
2014-03-14 20:00:00,45.37,45.38,45.21,45.33,31932
2014-03-14 21:00:00,45.31,45.36,45.24,45.31,40002
2014-03-14 22:00:00,45.3,45.31,45.12,45.22,130233
2014-03-17 16:00:00,45.53,45.96,45.53,45.82,15632
2014-03-17 17:00:00,45.84,45.97,45.69,45.69,28788
2014-03-17 18:00:00,45.71,45.73,45.5,45.59,26659
2014-03-17 19:00:00,45.63,45.65,45.53,45.6,38570
2014-03-17 20:00:00,45.62,45.62,45.49,45.54,15028
2014-03-17 21:00:00,45.55,45.7,45.53,45.7,84010
2014-03-17 22:00:00,45.71,45.74,45.57,45.62,75995
2014-03-18 16:00:00,45.98,45.98,44.95,45.36,61154
2014-03-18 17:00:00,45.36,45.39,45.1,45.13,136611
2014-03-18 18:00:00,45.14,45.7,45.09,45.7,91632
2014-03-18 19:00:00,45.7,45.78,45.56,45.64,37506
2014-03-18 20:00:00,45.63,45.68,45.53,45.56,111033
2014-03-18 21:00:00,45.55,45.69,45.39,45.61,73885
2014-03-18 22:00:00,45.63,45.66,45.55,45.63,159136
2014-03-19 16:00:00,45.52,45.71,45.4,45.64,47092
2014-03-19 17:00:00,45.63,45.76,45.44,45.65,137051
2014-03-19 18:00:00,45.65,45.8,45.62,45.63,48145
2014-03-19 19:00:00,45.64,45.66,45.41,45.48,15853
2014-03-19 20:00:00,45.48,45.6,45.48,45.57,19315
2014-03-19 21:00:00,45.57,45.57,45.26,45.34,63012
2014-03-19 22:00:00,45.35,45.39,44.97,45.25,95517
2014-03-20 16:00:00,45.16,45.36,44.98,45.12,21930
2014-03-20 17:00:00,45.06,45.5,45.01,45.22,52980
2014-03-20 18:00:00,45.24,45.33,45.18,45.18,34901
2014-03-20 19:00:00,45.19,45.45,45.18,45.4,100232
2014-03-20 20:00:00,45.42,45.62,45.3,45.59,89523
2014-03-20 21:00:00,45.61,45.78,45.56,45.56,39026
2014-03-20 22:00:00,45.57,45.61,45.41,45.48,88503
2014-03-21 16:00:00,45.58,45.69,45.2,45.28,239397
2014-03-21 17:00:00,45.31,45.37,45.14,45.3,101461
2014-03-21 18:00:00,45.27,45.4,45.22,45.37,183865
2014-03-21 19:00:00,45.38,45.43,45.25,45.26,33939
2014-03-21 20:00:00,45.26,45.31,45.1,45.15,37087
2014-03-21 21:00:00,45.16,45.21,44.88,44.99,63358
2014-03-21 22:00:00,44.99,45.37,44.96,45.31,458860
2014-03-24 16:00:00,45.26,45.47,44.9,44.92,31885
2014-03-24 17:00:00,44.92,44.92,44.37,44.52,52498
2014-03-24 18:00:00,44.51,44.52,44.38,44.39,50392
2014-03-24 19:00:00,44.37,44.49,44.36,44.37,39206
2014-03-24 20:00:00,44.39,44.5,44.37,44.5,40583
2014-03-24 21:00:00,44.51,44.61,44.45,44.58,62139
2014-03-24 22:00:00,44.59,44.61,44.43,44.45,294351
2014-03-25 16:00:00,43.17,43.7,43.17,43.38,81688
2014-03-25 17:00:00,43.39,43.69,43.26,43.3,130196
2014-03-25 18:00:00,43.3,43.36,42.88,42.96,83884
2014-03-25 19:00:00,42.96,42.96,42.76,42.9,56683
2014-03-25 20:00:00,42.89,43.02,42.77,42.99,103999
2014-03-25 21:00:00,42.99,43.0,42.83,42.91,81785
2014-03-25 22:00:00,42.89,42.93,42.67,42.73,268522
2014-03-26 16:00:00,42.89,43.04,42.77,42.86,62589
2014-03-26 17:00:00,42.86,42.95,42.4,42.4,59747
2014-03-26 18:00:00,42.41,42.68,42.34,42.59,133017
2014-03-26 19:00:00,42.58,42.58,42.23,42.29,54472
2014-03-26 20:00:00,42.29,42.31,42.0,42.1,69324
2014-03-26 21:00:00,42.09,42.13,41.89,41.92,73209
2014-03-26 22:00:00,41.91,41.94,41.72,41.76,246811
2014-03-27 16:00:00,41.72,41.92,41.38,41.57,20978
2014-03-27 17:00:00,41.57,41.79,41.51,41.67,55221
2014-03-27 18:00:00,41.68,41.68,41.22,41.42,113446
2014-03-27 19:00:00,41.42,41.75,41.37,41.69,135409
2014-03-27 20:00:00,41.69,41.9,41.67,41.9,69864
2014-03-27 21:00:00,41.9,42.05,41.86,41.96,151610
2014-03-27 22:00:00,41.97,42.17,41.83,41.87,260404
2014-03-28 16:00:00,41.9,42.35,41.79,42.21,21017
2014-03-28 17:00:00,42.24,42.73,42.24,42.52,63301
2014-03-28 18:00:00,42.52,42.53,42.36,42.4,43240
2014-03-28 19:00:00,42.42,42.44,42.31,42.31,22890
2014-03-28 20:00:00,42.28,42.29,42.1,42.1,65827
2014-03-28 21:00:00,42.1,42.21,41.89,42.15,116853
2014-03-28 22:00:00,42.13,42.18,41.96,42.11,172763
2014-03-31 16:00:00,42.42,42.69,42.26,42.67,35591
2014-03-31 17:00:00,42.68,42.98,42.64,42.96,85679
2014-03-31 18:00:00,42.95,43.05,42.62,42.78,81443
2014-03-31 19:00:00,42.77,42.96,42.76,42.94,68278
2014-03-31 20:00:00,42.95,42.96,42.79,42.95,84413
2014-03-31 21:00:00,42.95,43.08,42.88,42.97,138755
2014-03-31 22:00:00,42.97,43.05,42.91,43.01,166958
2014-04-01 16:00:00,43.03,43.13,42.83,43.01,68559
2014-04-01 17:00:00,43.02,43.21,43.02,43.16,89914
2014-04-01 18:00:00,43.15,43.33,43.08,43.3,67405
2014-04-01 19:00:00,43.3,43.4,43.23,43.34,96365
2014-04-01 20:00:00,43.34,43.53,43.29,43.49,39565
2014-04-01 21:00:00,43.49,43.64,43.49,43.61,61421
2014-04-01 22:00:00,43.61,43.82,43.6,43.81,243520
2014-04-02 16:00:00,43.95,44.02,43.73,43.83,36498
2014-04-02 17:00:00,43.92,44.0,43.83,43.94,37013
2014-04-02 18:00:00,43.93,44.01,43.53,43.75,103569
2014-04-02 19:00:00,43.72,43.75,43.64,43.69,17798
2014-04-02 20:00:00,43.69,43.69,43.31,43.47,37273
2014-04-02 21:00:00,43.47,43.71,43.47,43.7,67240
2014-04-02 22:00:00,43.7,43.85,43.69,43.8,166540
2014-04-03 16:00:00,43.86,43.97,43.62,43.9,57539
2014-04-03 17:00:00,43.89,43.9,43.35,43.43,295476
2014-04-03 18:00:00,43.46,43.56,43.33,43.45,62203
2014-04-03 19:00:00,43.48,43.69,43.47,43.67,69430
2014-04-03 20:00:00,43.67,43.73,43.6,43.63,27679
2014-04-03 21:00:00,43.62,43.64,43.44,43.56,89919
2014-04-03 22:00:00,43.56,43.85,43.51,43.77,152048
2014-04-04 16:00:00,43.98,44.0,43.62,43.85,15753
2014-04-04 17:00:00,43.82,44.1,43.79,43.98,41190
2014-04-04 18:00:00,43.95,43.97,43.14,43.26,43445
2014-04-04 19:00:00,43.27,43.31,43.06,43.13,47568
2014-04-04 20:00:00,43.11,43.17,42.93,42.96,45518
2014-04-04 21:00:00,42.94,42.98,42.79,42.92,50531
2014-04-04 22:00:00,42.92,43.12,42.81,43.08,155603
2014-04-07 16:00:00,42.93,43.19,42.52,42.73,21289
2014-04-07 17:00:00,42.72,42.74,42.34,42.41,154707
2014-04-07 18:00:00,42.41,42.53,42.33,42.38,42591
2014-04-07 19:00:00,42.38,42.45,42.2,42.44,35760
2014-04-07 20:00:00,42.44,42.46,42.22,42.25,57038
2014-04-07 21:00:00,42.25,42.47,42.19,42.44,50855
2014-04-07 22:00:00,42.44,42.56,42.28,42.3,199355
2014-04-08 16:00:00,42.28,42.57,42.14,42.24,15527
2014-04-08 17:00:00,42.24,42.54,42.01,42.51,48776
2014-04-08 18:00:00,42.49,42.82,42.48,42.58,36622
2014-04-08 19:00:00,42.58,42.85,42.54,42.63,101850
2014-04-08 20:00:00,42.7,42.75,42.58,42.65,78100
2014-04-08 21:00:00,42.67,42.68,42.42,42.57,76716
2014-04-08 22:00:00,42.56,42.67,42.53,42.65,102473
2014-04-09 16:00:00,42.77,42.93,42.49,42.63,18950
2014-04-09 17:00:00,42.59,42.73,42.51,42.54,110661
2014-04-09 18:00:00,42.56,42.8,42.53,42.71,50092
2014-04-09 19:00:00,42.71,42.79,42.6,42.76,76245
2014-04-09 20:00:00,42.78,42.87,42.78,42.78,31928
2014-04-09 21:00:00,42.79,43.18,42.79,42.99,57395
2014-04-09 22:00:00,42.97,43.15,42.94,43.08,122267
2014-04-10 16:00:00,43.04,43.15,42.75,42.8,15880
2014-04-10 17:00:00,42.76,42.91,42.41,42.41,35195
2014-04-10 18:00:00,42.39,42.41,42.07,42.07,38430
2014-04-10 19:00:00,42.09,42.11,41.88,41.95,27516
2014-04-10 20:00:00,41.95,42.08,41.66,42.0,142881
2014-04-10 21:00:00,42.03,42.24,41.92,42.0,51977
2014-04-10 22:00:00,42.0,42.16,41.85,42.07,155835
2014-04-11 16:00:00,41.7,42.13,41.6,42.08,16093
2014-04-11 17:00:00,42.08,42.08,41.76,42.05,29787
2014-04-11 18:00:00,42.01,42.18,41.71,41.74,26748
2014-04-11 19:00:00,41.71,41.87,41.61,41.87,42840
2014-04-11 20:00:00,41.85,42.0,41.66,41.85,63942
2014-04-11 21:00:00,41.86,41.9,41.43,41.59,76230
2014-04-11 22:00:00,41.56,41.85,41.52,41.72,241117
2014-04-14 16:00:00,41.99,42.31,41.5,41.6,99312
2014-04-14 17:00:00,41.54,41.87,41.5,41.83,40117
2014-04-14 18:00:00,41.84,41.92,41.66,41.7,54332
2014-04-14 19:00:00,41.68,41.87,41.64,41.85,26251
2014-04-14 20:00:00,41.85,41.85,41.61,41.68,23515
2014-04-14 21:00:00,41.68,41.7,41.41,41.42,42764
2014-04-14 22:00:00,41.43,41.61,41.28,41.56,156174
2014-04-15 16:00:00,41.75,41.83,41.56,41.63,73289
2014-04-15 17:00:00,41.62,41.7,40.8,40.83,157042
2014-04-15 18:00:00,40.85,40.96,40.68,40.74,60509
2014-04-15 19:00:00,40.74,40.74,40.44,40.45,52627
2014-04-15 20:00:00,40.44,40.88,40.4,40.88,121950
2014-04-15 21:00:00,40.88,41.27,40.87,41.19,51450
2014-04-15 22:00:00,41.19,41.4,41.12,41.29,124125
2014-04-16 16:00:00,41.71,41.88,41.54,41.68,30562
2014-04-16 17:00:00,41.65,41.83,41.5,41.55,323029
2014-04-16 18:00:00,41.55,41.85,41.37,41.77,160314
2014-04-16 19:00:00,41.81,42.03,41.78,41.93,68808
2014-04-16 20:00:00,41.87,41.87,41.69,41.8,46612
2014-04-16 21:00:00,41.8,42.06,41.75,41.99,67554
2014-04-16 22:00:00,41.99,42.17,41.87,42.11,208430
2014-04-17 16:00:00,42.16,42.35,41.88,42.15,21289
2014-04-17 17:00:00,42.19,42.51,41.96,42.27,141647
2014-04-17 18:00:00,42.29,42.46,42.27,42.39,12690
2014-04-17 19:00:00,42.41,42.46,42.32,42.34,14144
2014-04-17 20:00:00,42.36,42.45,42.28,42.33,22097
2014-04-17 21:00:00,42.32,42.39,42.28,42.32,17210
2014-04-17 22:00:00,42.31,42.34,42.16,42.16,93032
2014-04-21 16:00:00,42.09,42.2,41.94,42.1,72279
2014-04-21 17:00:00,42.11,42.17,41.8,41.93,89180
2014-04-21 18:00:00,41.96,42.15,41.94,42.12,36938
2014-04-21 19:00:00,42.12,42.22,42.11,42.22,34149
2014-04-21 20:00:00,42.19,42.27,42.14,42.26,40780
2014-04-21 21:00:00,42.27,42.51,42.26,42.5,35527
2014-04-21 22:00:00,42.5,42.5,42.29,42.39,117710
2014-04-22 16:00:00,42.39,42.57,42.25,42.57,50549
2014-04-22 17:00:00,42.58,42.85,42.52,42.79,28584
2014-04-22 18:00:00,42.79,42.97,42.79,42.82,38318
2014-04-22 19:00:00,42.79,42.97,42.77,42.77,144329
2014-04-22 20:00:00,42.77,42.82,42.74,42.8,11829
2014-04-22 21:00:00,42.81,42.81,42.69,42.71,22463
2014-04-22 22:00:00,42.71,42.71,42.54,42.56,153823
2014-04-23 16:00:00,42.54,42.72,42.29,42.36,28075
2014-04-23 17:00:00,42.34,42.51,42.2,42.45,338535
2014-04-23 18:00:00,42.48,42.55,42.33,42.42,315578
2014-04-23 19:00:00,42.45,42.45,42.22,42.33,26056
2014-04-23 20:00:00,42.33,42.45,42.3,42.45,18640
2014-04-23 21:00:00,42.46,42.46,42.19,42.19,38317
2014-04-23 22:00:00,42.18,42.34,42.18,42.27,176472
2014-04-24 16:00:00,42.59,42.68,42.25,42.36,69726
2014-04-24 17:00:00,42.35,42.71,42.22,42.57,36291
2014-04-24 18:00:00,42.56,42.81,42.42,42.73,25494
2014-04-24 19:00:00,42.73,42.82,42.66,42.72,23024
2014-04-24 20:00:00,42.71,42.73,42.35,42.38,19195
2014-04-24 21:00:00,42.35,42.41,42.24,42.3,39116
2014-04-24 22:00:00,42.31,42.41,42.22,42.29,180567
2014-04-25 16:00:00,42.01,42.52,41.92,42.14,122975
2014-04-25 17:00:00,42.12,42.12,41.54,41.64,54372
2014-04-25 18:00:00,41.63,41.92,41.57,41.81,39229
2014-04-25 19:00:00,41.82,41.88,41.74,41.8,31282
2014-04-25 20:00:00,41.81,41.91,41.7,41.79,46071
2014-04-25 21:00:00,41.78,41.8,41.54,41.69,95323
2014-04-25 22:00:00,41.68,41.82,41.63,41.7,121862
2014-04-28 16:00:00,41.88,42.14,41.7,42.0,22876
2014-04-28 17:00:00,42.04,42.33,41.94,42.02,25854
2014-04-28 18:00:00,42.04,42.09,41.56,41.57,89608
2014-04-28 19:00:00,41.56,41.7,41.55,41.63,32395
2014-04-28 20:00:00,41.62,41.7,41.44,41.54,76745
2014-04-28 21:00:00,41.53,41.8,41.5,41.68,82118
2014-04-28 22:00:00,41.7,41.96,41.7,41.79,127155
2014-04-29 16:00:00,41.97,42.11,41.87,41.9,29021
2014-04-29 17:00:00,41.88,41.98,41.65,41.89,60147
2014-04-29 18:00:00,41.89,41.92,41.75,41.9,61733
2014-04-29 19:00:00,41.9,41.93,41.85,41.88,41401
2014-04-29 20:00:00,41.9,41.91,41.78,41.84,66684
2014-04-29 21:00:00,41.84,41.88,41.76,41.79,72347
2014-04-29 22:00:00,41.81,41.82,41.64,41.73,254628
2014-04-30 16:00:00,41.29,41.65,40.26,40.52,119962
2014-04-30 17:00:00,40.46,40.68,40.3,40.47,170975
2014-04-30 18:00:00,40.48,40.58,40.36,40.45,662679
2014-04-30 19:00:00,40.46,40.95,40.28,40.85,593393
2014-04-30 20:00:00,40.85,40.89,40.5,40.73,1484578
2014-04-30 21:00:00,40.73,41.13,40.48,40.68,188336
2014-04-30 22:00:00,40.67,40.71,40.44,40.54,581686
2014-05-01 16:00:00,40.5,41.05,40.41,40.9,44874
2014-05-01 17:00:00,40.91,41.52,40.81,41.51,59847
2014-05-01 18:00:00,41.48,41.95,41.42,41.52,161607
2014-05-01 19:00:00,41.51,41.58,41.33,41.58,98075
2014-05-01 20:00:00,41.56,41.7,41.26,41.28,76855
2014-05-01 21:00:00,41.29,41.45,40.9,40.9,127369
2014-05-01 22:00:00,40.91,41.12,40.91,40.98,226052
2014-05-02 16:00:00,41.08,41.5,40.89,41.41,24542
2014-05-02 17:00:00,41.37,41.65,41.3,41.4,100037
2014-05-02 18:00:00,41.37,42.0,41.19,41.77,211024
2014-05-02 19:00:00,41.8,41.8,41.53,41.68,52815
2014-05-02 20:00:00,41.66,41.72,41.44,41.52,42473
2014-05-02 21:00:00,41.51,41.59,41.33,41.33,48012
2014-05-02 22:00:00,41.33,41.42,41.15,41.24,187397
2014-05-05 16:00:00,41.0,41.06,40.5,41.0,37027
2014-05-05 17:00:00,41.03,41.32,40.96,41.14,37370
2014-05-05 18:00:00,41.13,41.13,40.95,41.07,25658
2014-05-05 19:00:00,41.08,41.15,40.89,41.01,183755
2014-05-05 20:00:00,41.01,41.22,41.0,41.19,69161
2014-05-05 21:00:00,41.19,41.21,41.09,41.16,44477
2014-05-05 22:00:00,41.15,41.22,41.1,41.19,156582
2014-05-06 16:00:00,41.23,41.35,40.94,41.25,90696
2014-05-06 17:00:00,41.25,41.4,41.01,41.3,89885
2014-05-06 18:00:00,41.26,41.37,41.2,41.37,29181
2014-05-06 19:00:00,41.38,41.4,41.27,41.36,47010
2014-05-06 20:00:00,41.36,41.36,41.07,41.18,42467
2014-05-06 21:00:00,41.18,41.28,41.16,41.21,60540
2014-05-06 22:00:00,41.21,41.32,41.2,41.26,145261
2014-05-07 16:00:00,41.33,41.8,41.18,41.41,109645
2014-05-07 17:00:00,41.49,41.53,41.09,41.45,89166
2014-05-07 18:00:00,41.45,42.05,41.45,41.85,71567
2014-05-07 19:00:00,41.83,42.02,41.74,42.0,78010
2014-05-07 20:00:00,41.99,42.27,41.97,42.15,182342
2014-05-07 21:00:00,42.14,42.14,41.96,42.0,77511
2014-05-07 22:00:00,42.0,42.16,41.91,42.13,148034
2014-05-08 16:00:00,42.0,42.1,41.73,41.88,120810
2014-05-08 17:00:00,41.93,42.15,41.92,41.92,132166
2014-05-08 18:00:00,41.91,42.03,41.84,41.85,73156
2014-05-08 19:00:00,41.87,41.97,41.72,41.78,47309
2014-05-08 20:00:00,41.78,41.87,41.66,41.72,24832
2014-05-08 21:00:00,41.73,41.83,41.48,41.48,75768
2014-05-08 22:00:00,41.48,41.54,41.38,41.42,150341
2014-05-09 16:00:00,41.35,41.64,41.22,41.49,50274
2014-05-09 17:00:00,41.46,41.86,41.45,41.62,259925
2014-05-09 18:00:00,41.62,41.77,41.53,41.69,106765
2014-05-09 19:00:00,41.67,41.76,41.61,41.64,97531
2014-05-09 20:00:00,41.65,41.65,41.59,41.6,117564
2014-05-09 21:00:00,41.6,41.63,41.48,41.63,174394
2014-05-09 22:00:00,41.63,41.65,41.47,41.53,469945
2014-05-12 16:00:00,41.64,42.53,41.6,42.53,66843
2014-05-12 17:00:00,42.54,43.39,42.53,43.35,369926
2014-05-12 18:00:00,43.35,43.65,43.08,43.18,296833
2014-05-12 19:00:00,43.18,43.32,43.1,43.12,105371
2014-05-12 20:00:00,43.1,43.22,42.98,43.17,87550
2014-05-12 21:00:00,43.16,43.16,42.96,43.03,140456
2014-05-12 22:00:00,43.04,43.35,43.03,43.32,282011
2014-05-13 16:00:00,43.34,43.6,43.01,43.15,60850
2014-05-13 17:00:00,43.2,43.29,43.09,43.11,36706
2014-05-13 18:00:00,43.11,43.27,42.9,42.9,96638
2014-05-13 19:00:00,42.91,42.93,42.81,42.91,23695
2014-05-13 20:00:00,42.91,43.04,42.79,42.83,65589
2014-05-13 21:00:00,42.84,42.86,42.74,42.74,64723
2014-05-13 22:00:00,42.74,42.79,42.69,42.71,114126
2014-05-14 16:00:00,42.57,42.65,42.3,42.62,16880
2014-05-14 17:00:00,42.65,42.65,42.38,42.49,30291
2014-05-14 18:00:00,42.46,42.54,42.21,42.4,46770
2014-05-14 19:00:00,42.42,42.62,42.42,42.54,45805
2014-05-14 20:00:00,42.54,42.59,42.51,42.58,27570
2014-05-14 21:00:00,42.59,42.59,42.28,42.32,24641
2014-05-14 22:00:00,42.33,42.37,42.17,42.18,111689
2014-05-15 16:00:00,42.1,42.4,41.55,41.62,26224
2014-05-15 17:00:00,41.6,41.77,41.29,41.62,54744
2014-05-15 18:00:00,41.65,41.73,41.34,41.34,168013
2014-05-15 19:00:00,41.33,41.63,41.33,41.61,30040
2014-05-15 20:00:00,41.61,41.85,41.6,41.85,42847
2014-05-15 21:00:00,41.86,42.09,41.8,42.04,60073
2014-05-15 22:00:00,42.06,42.16,41.99,42.14,148147
2014-05-16 16:00:00,42.12,42.12,41.77,42.07,8367
2014-05-16 17:00:00,42.03,42.03,41.72,41.85,26003
2014-05-16 18:00:00,41.87,42.1,41.85,41.98,15093
2014-05-16 19:00:00,41.98,42.03,41.94,41.95,23472
2014-05-16 20:00:00,41.97,42.1,41.93,42.03,50700
2014-05-16 21:00:00,42.03,42.29,41.96,42.29,50236
2014-05-16 22:00:00,42.29,42.42,42.21,42.3,93495
2014-05-19 16:00:00,42.25,42.55,42.24,42.5,11449
2014-05-19 17:00:00,42.51,42.7,42.45,42.63,26146
2014-05-19 18:00:00,42.63,42.75,42.57,42.67,17713
2014-05-19 19:00:00,42.67,42.73,42.53,42.54,15343
2014-05-19 20:00:00,42.55,42.6,42.46,42.58,14338
2014-05-19 21:00:00,42.58,42.61,42.52,42.55,20462
2014-05-19 22:00:00,42.57,42.65,42.48,42.57,70646
2014-05-20 16:00:00,42.47,42.48,41.74,41.78,53998
2014-05-20 17:00:00,41.77,41.92,41.61,41.91,39697
2014-05-20 18:00:00,41.94,42.01,41.78,41.96,33539
2014-05-20 19:00:00,41.91,41.93,41.63,41.67,85317
2014-05-20 20:00:00,41.66,41.67,41.46,41.47,126749
2014-05-20 21:00:00,41.48,41.53,41.46,41.5,76871
2014-05-20 22:00:00,41.5,41.53,41.37,41.39,419387
2014-05-21 16:00:00,41.5,41.79,41.33,41.63,444561
2014-05-21 17:00:00,41.65,41.65,41.49,41.6,129540
2014-05-21 18:00:00,41.59,41.63,41.44,41.56,46887
2014-05-21 19:00:00,41.59,41.91,41.59,41.9,39176
2014-05-21 20:00:00,41.91,42.04,41.9,41.97,40542
2014-05-21 21:00:00,41.98,42.0,41.79,41.82,41475
2014-05-21 22:00:00,41.83,42.07,41.83,42.06,114275
2014-05-22 16:00:00,42.06,42.28,42.05,42.18,3678
2014-05-22 17:00:00,42.2,42.31,42.0,42.25,55808
2014-05-22 18:00:00,42.25,42.5,42.21,42.49,52937
2014-05-22 19:00:00,42.5,42.68,42.48,42.6,46554
2014-05-22 20:00:00,42.61,42.61,42.54,42.58,11800
2014-05-22 21:00:00,42.57,42.67,42.53,42.64,22488
2014-05-22 22:00:00,42.64,42.64,42.52,42.56,114402
2014-05-23 16:00:00,42.64,42.86,42.51,42.57,16773
2014-05-23 17:00:00,42.58,42.78,42.54,42.54,24793
2014-05-23 18:00:00,42.56,42.81,42.55,42.77,40021
2014-05-23 19:00:00,42.76,42.87,42.67,42.81,25265
2014-05-23 20:00:00,42.81,42.96,42.7,42.96,29718
2014-05-23 21:00:00,42.96,43.05,42.93,42.99,83426
2014-05-23 22:00:00,42.99,43.08,42.94,42.95,114020
2014-05-27 16:00:00,43.14,43.41,43.01,43.29,31932
2014-05-27 17:00:00,43.31,43.76,43.31,43.67,44775
2014-05-27 18:00:00,43.66,43.7,43.43,43.43,29854
2014-05-27 19:00:00,43.41,43.46,43.31,43.4,17514
2014-05-27 20:00:00,43.37,43.39,43.26,43.29,35395
2014-05-27 21:00:00,43.31,43.59,43.28,43.56,64979
2014-05-27 22:00:00,43.57,43.59,43.37,43.41,132299
2014-05-28 16:00:00,43.39,43.5,43.16,43.16,12710
2014-05-28 17:00:00,43.16,43.25,43.06,43.12,25599
2014-05-28 18:00:00,43.14,43.41,43.14,43.31,56244
2014-05-28 19:00:00,43.31,43.57,43.3,43.54,95316
2014-05-28 20:00:00,43.53,43.63,43.5,43.58,43879
2014-05-28 21:00:00,43.58,43.62,43.53,43.57,88495
2014-05-28 22:00:00,43.56,43.59,43.32,43.33,131686
2014-05-29 16:00:00,43.45,43.45,43.21,43.36,12583
2014-05-29 17:00:00,43.34,43.34,43.1,43.23,14151
2014-05-29 18:00:00,43.22,43.34,43.2,43.31,9940
2014-05-29 19:00:00,43.27,43.34,43.27,43.3,13798
2014-05-29 20:00:00,43.31,43.31,43.12,43.14,30993
2014-05-29 21:00:00,43.12,43.41,43.12,43.41,60483
2014-05-29 22:00:00,43.4,43.49,43.34,43.49,65349
2014-05-30 16:00:00,43.47,43.47,43.23,43.26,119925
2014-05-30 17:00:00,43.25,43.3,43.0,43.0,22808
2014-05-30 18:00:00,42.97,43.05,42.95,42.99,13705
2014-05-30 19:00:00,42.98,43.05,42.86,42.87,22981
2014-05-30 20:00:00,42.85,42.97,42.83,42.93,49889
2014-05-30 21:00:00,42.92,43.08,42.92,43.07,27369
2014-05-30 22:00:00,43.06,43.2,43.01,43.17,90574
2014-06-02 16:00:00,43.15,43.28,42.87,42.95,27797
2014-06-02 17:00:00,42.93,42.99,42.76,42.81,44515
2014-06-02 18:00:00,42.81,43.08,42.81,43.07,29503
2014-06-02 19:00:00,43.05,43.08,43.02,43.06,15800
2014-06-02 20:00:00,43.09,43.2,43.05,43.2,23136
2014-06-02 21:00:00,43.2,43.36,43.14,43.34,33072
2014-06-02 22:00:00,43.34,43.44,43.32,43.35,106309
2014-06-03 16:00:00,43.29,43.29,43.05,43.09,27310
2014-06-03 17:00:00,43.1,43.12,42.82,42.95,78138
2014-06-03 18:00:00,42.95,43.05,42.89,42.99,61589
2014-06-03 19:00:00,42.98,43.12,42.98,43.11,35666
2014-06-03 20:00:00,43.13,43.16,43.04,43.07,67271
2014-06-03 21:00:00,43.08,43.3,43.06,43.24,39077
2014-06-03 22:00:00,43.24,43.37,43.23,43.36,128027
2014-06-04 16:00:00,43.25,43.29,43.02,43.26,13317
2014-06-04 17:00:00,43.26,43.4,43.23,43.4,28847
2014-06-04 18:00:00,43.39,43.4,43.31,43.35,11600
2014-06-04 19:00:00,43.36,43.48,43.35,43.43,60100
2014-06-04 20:00:00,43.41,43.45,43.37,43.45,18928
2014-06-04 21:00:00,43.45,43.45,43.38,43.45,130220
2014-06-04 22:00:00,43.45,43.49,43.42,43.46,83479
2014-06-05 16:00:00,43.57,43.68,43.3,43.39,30429
2014-06-05 17:00:00,43.39,43.58,43.23,43.48,27802
2014-06-05 18:00:00,43.48,43.79,43.48,43.73,14120
2014-06-05 19:00:00,43.77,43.89,43.77,43.8,30181
2014-06-05 20:00:00,43.8,43.9,43.74,43.79,38492
2014-06-05 21:00:00,43.8,43.96,43.79,43.9,29921
2014-06-05 22:00:00,43.9,43.96,43.85,43.9,73725
2014-06-06 16:00:00,44.0,44.43,43.99,44.3,111083
2014-06-06 17:00:00,44.32,44.32,44.19,44.32,20123
2014-06-06 18:00:00,44.33,44.4,44.17,44.39,97699
2014-06-06 19:00:00,44.38,44.74,44.38,44.45,110134
2014-06-06 20:00:00,44.42,44.44,44.3,44.35,20946
2014-06-06 21:00:00,44.35,44.37,44.33,44.35,16834
2014-06-06 22:00:00,44.35,44.43,44.35,44.43,93639
2014-06-09 16:00:00,44.4,44.8,44.25,44.69,11210
2014-06-09 17:00:00,44.7,44.85,44.65,44.72,19587
2014-06-09 18:00:00,44.74,44.93,44.72,44.89,23173
2014-06-09 19:00:00,44.88,44.88,44.72,44.74,11446
2014-06-09 20:00:00,44.73,44.82,44.71,44.78,24293
2014-06-09 21:00:00,44.73,44.76,44.56,44.68,10775
2014-06-09 22:00:00,44.64,44.83,44.62,44.82,57879
2014-06-10 16:00:00,44.61,44.87,44.61,44.75,17160
2014-06-10 17:00:00,44.75,44.77,44.52,44.63,17292
2014-06-10 18:00:00,44.6,44.66,44.55,44.64,10861
2014-06-10 19:00:00,44.63,44.64,44.56,44.63,6756
2014-06-10 20:00:00,44.62,44.64,44.58,44.64,9876
2014-06-10 21:00:00,44.64,44.68,44.6,44.65,20919
2014-06-10 22:00:00,44.65,44.71,44.6,44.7,45023
2014-06-11 16:00:00,44.4,44.96,44.21,44.93,24896
2014-06-11 17:00:00,44.9,44.9,44.6,44.71,25784
2014-06-11 18:00:00,44.71,44.87,44.71,44.84,24409
2014-06-11 19:00:00,44.85,44.86,44.8,44.82,19945
2014-06-11 20:00:00,44.82,44.84,44.75,44.82,17146
2014-06-11 21:00:00,44.81,44.85,44.65,44.8,33190
2014-06-11 22:00:00,44.8,44.97,44.8,44.91,88779
2014-06-12 16:00:00,44.8,44.9,44.49,44.76,20199
2014-06-12 17:00:00,44.76,44.86,44.68,44.75,46644
2014-06-12 18:00:00,44.75,44.91,44.75,44.89,27318
2014-06-12 19:00:00,44.91,45.0,44.86,44.91,18408
2014-06-12 20:00:00,44.87,44.92,44.6,44.62,43054
2014-06-12 21:00:00,44.61,44.69,44.58,44.6,35121
2014-06-12 22:00:00,44.6,44.79,44.58,44.77,73408
2014-06-13 16:00:00,44.89,44.98,44.69,44.74,9457
2014-06-13 17:00:00,44.73,44.94,44.56,44.83,18416
2014-06-13 18:00:00,44.84,44.84,44.6,44.66,15244
2014-06-13 19:00:00,44.69,44.86,44.66,44.79,20647
2014-06-13 20:00:00,44.79,44.83,44.7,44.8,19601
2014-06-13 21:00:00,44.8,44.81,44.71,44.75,24623
2014-06-13 22:00:00,44.75,44.85,44.67,44.85,47360
2014-06-16 16:00:00,44.8,44.94,44.53,44.61,10754
2014-06-16 17:00:00,44.63,44.82,44.6,44.74,18587
2014-06-16 18:00:00,44.72,44.72,44.41,44.48,18526
2014-06-16 19:00:00,44.49,44.66,44.49,44.61,12839
2014-06-16 20:00:00,44.61,44.65,44.55,44.56,9113
2014-06-16 21:00:00,44.57,44.68,44.57,44.61,20951
2014-06-16 22:00:00,44.6,44.8,44.58,44.76,56978
2014-06-17 16:00:00,44.65,45.09,44.62,45.04,40541
2014-06-17 17:00:00,45.05,45.31,44.94,45.3,52668
2014-06-17 18:00:00,45.33,45.4,45.16,45.4,52613
2014-06-17 19:00:00,45.39,45.52,45.31,45.46,44795
2014-06-17 20:00:00,45.45,45.55,45.29,45.55,46478
2014-06-17 21:00:00,45.52,45.66,45.39,45.64,49468
2014-06-17 22:00:00,45.63,45.66,45.32,45.48,118292
2014-06-18 16:00:00,45.44,45.72,45.38,45.49,20569
2014-06-18 17:00:00,45.47,45.55,45.0,45.01,120080
2014-06-18 18:00:00,45.01,45.1,44.96,45.03,145595
2014-06-18 19:00:00,45.04,45.07,44.99,45.04,18685
2014-06-18 20:00:00,45.05,45.05,44.93,44.97,56142
2014-06-18 21:00:00,44.92,45.08,44.86,44.99,64567
2014-06-18 22:00:00,45.0,45.21,45.0,45.12,137147
2014-06-19 16:00:00,45.21,45.62,44.94,44.94,14866
2014-06-19 17:00:00,44.97,45.04,44.8,44.81,23832
2014-06-19 18:00:00,44.82,44.99,44.81,44.9,16100
2014-06-19 19:00:00,44.86,44.89,44.69,44.72,35971
2014-06-19 20:00:00,44.72,44.76,44.55,44.6,48236
2014-06-19 21:00:00,44.6,44.78,44.59,44.74,109871
2014-06-19 22:00:00,44.74,44.97,44.73,44.92,148753
2014-06-20 16:00:00,45.04,45.33,44.9,45.03,99013
2014-06-20 17:00:00,45.02,45.09,44.91,45.07,33311
2014-06-20 18:00:00,45.07,45.16,45.05,45.11,34140
2014-06-20 19:00:00,45.12,45.14,44.84,44.92,32827
2014-06-20 20:00:00,44.92,44.96,44.88,44.96,18107
2014-06-20 21:00:00,44.96,44.96,44.74,44.77,75091
2014-06-20 22:00:00,44.77,44.88,44.56,44.58,450262
2014-06-23 16:00:00,44.64,44.92,44.34,44.59,19532
2014-06-23 17:00:00,44.53,44.68,44.45,44.57,30811
2014-06-23 18:00:00,44.56,44.56,44.37,44.52,33613
2014-06-23 19:00:00,44.51,44.75,44.49,44.74,36319
2014-06-23 20:00:00,44.74,44.78,44.59,44.71,27034
2014-06-23 21:00:00,44.72,44.86,44.71,44.82,61578
2014-06-23 22:00:00,44.81,44.92,44.66,44.85,143178
2014-06-24 16:00:00,44.87,45.03,44.68,44.68,34626
2014-06-24 17:00:00,44.71,45.21,44.61,45.21,118415
2014-06-24 18:00:00,45.21,45.41,45.21,45.36,74658
2014-06-24 19:00:00,45.36,45.36,45.04,45.1,22231
2014-06-24 20:00:00,45.12,45.12,44.87,44.87,18111
2014-06-24 21:00:00,44.87,45.05,44.85,44.89,38962
2014-06-24 22:00:00,44.88,44.88,44.41,44.45,201667
2014-06-25 16:00:00,44.39,44.9,44.37,44.6,25710
2014-06-25 17:00:00,44.61,44.7,44.49,44.66,33687
2014-06-25 18:00:00,44.65,44.68,44.42,44.54,21902
2014-06-25 19:00:00,44.52,44.61,44.45,44.5,15741
2014-06-25 20:00:00,44.51,44.54,44.43,44.53,36924
2014-06-25 21:00:00,44.52,44.63,44.5,44.58,25868
2014-06-25 22:00:00,44.57,44.62,44.5,44.6,118640
2014-06-26 16:00:00,44.52,44.62,44.16,44.21,18650
2014-06-26 17:00:00,44.23,44.57,44.22,44.4,18542
2014-06-26 18:00:00,44.4,44.51,44.36,44.44,12800
2014-06-26 19:00:00,44.45,44.52,44.41,44.48,35208
2014-06-26 20:00:00,44.5,44.59,44.48,44.53,17311
2014-06-26 21:00:00,44.52,44.71,44.48,44.61,78237
2014-06-26 22:00:00,44.59,44.65,44.41,44.49,96122
2014-06-27 16:00:00,44.46,45.23,44.46,44.98,93121
2014-06-27 17:00:00,44.98,45.09,44.86,45.04,48491
2014-06-27 18:00:00,45.03,45.2,45.02,45.18,31931
2014-06-27 19:00:00,45.19,45.2,45.07,45.14,33690
2014-06-27 20:00:00,45.16,45.24,45.05,45.12,79828
2014-06-27 21:00:00,45.12,45.21,45.0,45.01,39901
2014-06-27 22:00:00,45.01,45.23,44.99,45.21,127141
2014-06-30 16:00:00,45.2,45.64,45.16,45.4,37115
2014-06-30 17:00:00,45.41,45.5,45.34,45.47,31666
2014-06-30 18:00:00,45.45,45.7,45.45,45.65,60620
2014-06-30 19:00:00,45.65,45.8,45.48,45.56,72081
2014-06-30 20:00:00,45.54,45.64,45.53,45.58,25709
2014-06-30 21:00:00,45.59,45.68,45.5,45.5,71911
2014-06-30 22:00:00,45.52,45.86,45.52,45.86,187252
2014-07-01 16:00:00,46.0,46.5,45.74,46.41,48930
2014-07-01 17:00:00,46.4,46.72,46.31,46.58,134462
2014-07-01 18:00:00,46.58,46.65,46.33,46.37,94428
2014-07-01 19:00:00,46.38,46.46,46.32,46.33,69859
2014-07-01 20:00:00,46.33,46.67,46.33,46.59,99893
2014-07-01 21:00:00,46.59,46.67,46.35,46.52,99124
2014-07-01 22:00:00,46.53,46.79,46.47,46.55,207734
2014-07-02 16:00:00,46.4,46.8,46.3,46.78,48444
2014-07-02 17:00:00,46.79,46.79,46.38,46.44,27685
2014-07-02 18:00:00,46.44,46.54,46.36,46.47,26241
2014-07-02 19:00:00,46.47,46.57,46.42,46.55,21875
2014-07-02 20:00:00,46.54,46.57,46.48,46.53,25207
2014-07-02 21:00:00,46.53,46.54,46.38,46.46,55746
2014-07-02 22:00:00,46.46,46.53,46.44,46.51,117767
2014-07-03 16:00:00,46.81,46.98,46.76,46.85,38873
2014-07-03 17:00:00,46.84,47.06,46.84,47.06,53819
2014-07-03 18:00:00,47.06,47.31,47.0,47.29,94560
2014-07-03 19:00:00,47.28,47.42,47.28,47.3,135767
2014-07-03 20:00:00,47.3,47.34,47.3,47.34,40795
2014-07-07 16:00:00,47.17,47.38,46.93,47.0,14419
2014-07-07 17:00:00,47.01,47.17,46.98,47.07,32772
2014-07-07 18:00:00,47.07,47.12,46.99,47.03,28402
2014-07-07 19:00:00,47.01,47.14,47.01,47.07,13880
2014-07-07 20:00:00,47.08,47.19,47.03,47.15,52138
2014-07-07 21:00:00,47.14,47.19,47.08,47.16,109160
2014-07-07 22:00:00,47.17,47.19,47.06,47.1,100070
2014-07-08 16:00:00,46.91,47.21,46.58,46.65,42721
2014-07-08 17:00:00,46.69,46.74,46.36,46.44,33350
2014-07-08 18:00:00,46.44,46.44,46.2,46.3,29907
2014-07-08 19:00:00,46.33,46.39,46.19,46.34,16601
2014-07-08 20:00:00,46.31,46.53,46.31,46.48,17800
2014-07-08 21:00:00,46.5,46.5,46.34,46.34,29939
2014-07-08 22:00:00,46.34,46.48,46.28,46.46,118031
2014-07-09 16:00:00,46.41,46.7,46.22,46.31,17469
2014-07-09 17:00:00,46.34,46.39,46.21,46.25,36930
2014-07-09 18:00:00,46.25,46.25,46.06,46.06,22013
2014-07-09 19:00:00,46.06,46.11,46.0,46.11,17860
2014-07-09 20:00:00,46.11,46.25,46.11,46.23,57804
2014-07-09 21:00:00,46.22,46.35,46.13,46.3,35372
2014-07-09 22:00:00,46.3,46.38,46.26,46.31,74586
2014-07-10 16:00:00,45.68,45.91,45.56,45.79,41738
2014-07-10 17:00:00,45.79,46.03,45.75,46.01,43997
2014-07-10 18:00:00,46.01,46.1,45.9,45.99,22430
2014-07-10 19:00:00,45.93,46.03,45.91,46.03,43355
2014-07-10 20:00:00,46.05,46.25,46.04,46.17,21186
2014-07-10 21:00:00,46.16,46.17,45.92,45.92,35086
2014-07-10 22:00:00,45.92,46.08,45.86,45.94,65620
2014-07-11 16:00:00,45.94,46.19,45.64,45.91,20162
2014-07-11 17:00:00,45.88,46.06,45.84,45.92,67195
2014-07-11 18:00:00,45.93,46.0,45.81,45.89,28398
2014-07-11 19:00:00,45.91,46.09,45.89,46.09,14628
2014-07-11 20:00:00,46.09,46.17,46.06,46.07,19734
2014-07-11 21:00:00,46.08,46.1,46.02,46.05,30384
2014-07-11 22:00:00,46.06,46.19,46.03,46.09,71027
2014-07-14 16:00:00,46.4,46.69,46.36,46.43,46166
2014-07-14 17:00:00,46.45,46.54,46.36,46.45,63324
2014-07-14 18:00:00,46.47,46.5,46.43,46.47,21459
2014-07-14 19:00:00,46.46,46.46,46.28,46.31,11200
2014-07-14 20:00:00,46.36,46.42,46.3,46.34,29899
2014-07-14 21:00:00,46.35,46.47,46.32,46.46,27266
2014-07-14 22:00:00,46.46,46.5,46.29,46.4,58587
2014-07-15 16:00:00,46.54,46.78,46.25,46.53,58022
2014-07-15 17:00:00,46.53,46.57,46.07,46.27,44877
2014-07-15 18:00:00,46.27,46.44,46.1,46.13,14524
2014-07-15 19:00:00,46.13,46.35,46.09,46.29,10939
2014-07-15 20:00:00,46.32,46.5,46.31,46.41,82150
2014-07-15 21:00:00,46.41,46.49,46.3,46.35,36608
2014-07-15 22:00:00,46.35,46.42,46.27,46.4,68413
2014-07-16 16:00:00,46.64,46.83,46.31,46.46,26058
2014-07-16 17:00:00,46.38,46.54,46.08,46.2,61985
2014-07-16 18:00:00,46.2,46.4,46.1,46.33,32299
2014-07-16 19:00:00,46.32,46.66,46.25,46.65,45466
2014-07-16 20:00:00,46.66,46.76,46.62,46.75,76052
2014-07-16 21:00:00,46.74,46.83,46.62,46.7,74392
2014-07-16 22:00:00,46.7,46.78,46.61,46.64,102886
2014-07-17 16:00:00,46.48,46.78,46.48,46.71,11403
2014-07-17 17:00:00,46.82,46.91,46.47,46.51,35369
2014-07-17 18:00:00,46.46,46.46,46.12,46.25,23520
2014-07-17 19:00:00,46.24,46.44,46.13,46.39,38222
2014-07-17 20:00:00,46.39,46.52,46.37,46.45,20169
2014-07-17 21:00:00,46.45,46.52,46.37,46.43,35752
2014-07-17 22:00:00,46.43,46.49,46.17,46.28,131548
2014-07-18 16:00:00,46.37,46.62,46.25,46.58,29061
2014-07-18 17:00:00,46.6,46.8,46.49,46.8,37461
2014-07-18 18:00:00,46.82,46.99,46.77,46.94,27877
2014-07-18 19:00:00,46.94,46.96,46.8,46.82,31529
2014-07-18 20:00:00,46.83,46.9,46.63,46.68,81738
2014-07-18 21:00:00,46.67,46.77,46.59,46.74,41266
2014-07-18 22:00:00,46.74,46.97,46.71,46.94,120263
2014-07-21 16:00:00,46.61,47.03,46.61,46.73,10578
2014-07-21 17:00:00,46.73,46.88,46.5,46.64,28270
2014-07-21 18:00:00,46.6,46.81,46.57,46.79,26790
2014-07-21 19:00:00,46.77,46.78,46.7,46.7,16060
2014-07-21 20:00:00,46.71,46.84,46.7,46.78,33495
2014-07-21 21:00:00,46.8,46.84,46.7,46.74,29719
2014-07-21 22:00:00,46.72,46.77,46.66,46.7,69952
2014-07-22 16:00:00,46.95,47.23,46.85,47.2,15315
2014-07-22 17:00:00,47.18,47.3,47.07,47.12,54343
2014-07-22 18:00:00,47.12,47.15,47.05,47.12,17552
2014-07-22 19:00:00,47.09,47.12,47.02,47.02,10620
2014-07-22 20:00:00,47.03,47.08,46.94,46.97,17934
2014-07-22 21:00:00,46.97,47.06,46.92,47.02,34141
2014-07-22 22:00:00,47.0,47.04,46.91,46.94,94313
2014-07-23 16:00:00,46.94,46.94,46.68,46.77,13561
2014-07-23 17:00:00,46.77,46.93,46.75,46.81,42832
2014-07-23 18:00:00,46.82,46.94,46.78,46.81,21268
2014-07-23 19:00:00,46.81,46.86,46.7,46.75,40451
2014-07-23 20:00:00,46.74,46.76,46.72,46.74,16280
2014-07-23 21:00:00,46.75,46.77,46.69,46.74,48382
2014-07-23 22:00:00,46.75,46.87,46.73,46.82,129699
2014-07-24 16:00:00,46.79,47.12,46.4,46.95,9818
2014-07-24 17:00:00,46.92,47.03,46.82,46.98,38794
2014-07-24 18:00:00,47.01,47.15,47.01,47.11,23884
2014-07-24 19:00:00,47.13,47.17,47.01,47.03,55589
2014-07-24 20:00:00,47.02,47.14,46.84,47.14,21775
2014-07-24 21:00:00,47.14,47.18,47.05,47.1,20591
2014-07-24 22:00:00,47.06,47.18,47.06,47.1,64943
2014-07-25 16:00:00,46.86,47.03,46.58,46.8,14680
2014-07-25 17:00:00,46.83,46.83,46.57,46.57,20763
2014-07-25 18:00:00,46.6,46.78,46.44,46.74,33365
2014-07-25 19:00:00,46.73,46.96,46.7,46.78,16611
2014-07-25 20:00:00,46.75,46.76,46.6,46.63,14589
2014-07-25 21:00:00,46.65,46.8,46.54,46.76,30279
2014-07-25 22:00:00,46.77,46.84,46.74,46.78,89872
2014-07-28 16:00:00,46.8,46.94,46.57,46.68,22857
2014-07-28 17:00:00,46.65,46.65,46.33,46.56,37356
2014-07-28 18:00:00,46.55,46.74,46.52,46.67,9142
2014-07-28 19:00:00,46.67,46.71,46.59,46.71,15264
2014-07-28 20:00:00,46.69,46.95,46.67,46.87,16995
2014-07-28 21:00:00,46.87,46.93,46.8,46.92,20255
2014-07-28 22:00:00,46.91,46.91,46.68,46.73,86512
2014-07-29 16:00:00,46.79,47.29,46.71,47.18,65175
2014-07-29 17:00:00,47.17,47.18,46.9,46.93,85811
2014-07-29 18:00:00,46.93,46.95,46.66,46.79,32802
2014-07-29 19:00:00,46.78,46.87,46.73,46.81,15643
2014-07-29 20:00:00,46.8,46.83,46.66,46.73,48348
2014-07-29 21:00:00,46.72,46.75,46.5,46.59,65499
2014-07-29 22:00:00,46.59,46.69,46.38,46.42,160246
2014-07-30 16:00:00,46.52,46.94,46.06,46.56,56231
2014-07-30 17:00:00,46.55,46.58,46.24,46.31,81458
2014-07-30 18:00:00,46.29,46.42,46.2,46.2,47295
2014-07-30 19:00:00,46.2,46.36,46.18,46.36,37670
2014-07-30 20:00:00,46.37,46.47,46.26,46.46,35125
2014-07-30 21:00:00,46.49,46.72,46.34,46.41,66840
2014-07-30 22:00:00,46.41,46.68,46.29,46.56,209430
2014-07-31 16:00:00,47.0,47.17,46.53,46.96,117148
2014-07-31 17:00:00,46.93,46.98,46.43,46.43,76043
2014-07-31 18:00:00,46.42,46.55,46.05,46.09,37075
2014-07-31 19:00:00,46.1,46.12,45.64,45.64,63390
2014-07-31 20:00:00,45.68,45.81,45.53,45.8,67795
2014-07-31 21:00:00,45.79,45.88,45.39,45.52,75349
2014-07-31 22:00:00,45.51,45.56,45.2,45.26,197932
2014-08-01 16:00:00,44.86,45.05,44.66,44.68,52546
2014-08-01 17:00:00,44.68,44.69,44.03,44.09,282570
2014-08-01 18:00:00,44.09,44.09,43.86,44.0,127873
2014-08-01 19:00:00,44.01,44.18,43.91,44.11,101801
2014-08-01 20:00:00,44.14,44.26,44.04,44.24,90157
2014-08-01 21:00:00,44.23,44.55,44.03,44.49,102633
2014-08-01 22:00:00,44.47,44.69,44.25,44.37,181923
2014-08-04 16:00:00,44.5,44.5,44.27,44.48,126918
2014-08-04 17:00:00,44.46,44.48,44.11,44.17,41259
2014-08-04 18:00:00,44.15,44.5,44.1,44.48,26600
2014-08-04 19:00:00,44.49,44.67,44.46,44.64,23188
2014-08-04 20:00:00,44.64,44.66,44.52,44.62,40698
2014-08-04 21:00:00,44.64,44.8,44.63,44.69,44220
2014-08-04 22:00:00,44.68,44.75,44.5,44.53,166332
2014-08-05 16:00:00,44.36,44.42,44.08,44.25,13715
2014-08-05 17:00:00,44.22,44.45,44.08,44.32,27530
2014-08-05 18:00:00,44.35,44.46,44.29,44.3,29430
2014-08-05 19:00:00,44.3,44.36,44.19,44.35,17922
2014-08-05 20:00:00,44.34,44.43,44.16,44.17,58722
2014-08-05 21:00:00,44.17,44.2,44.03,44.07,58508
2014-08-05 22:00:00,44.06,44.12,43.96,43.99,152803
2014-08-06 16:00:00,43.82,44.01,43.76,43.93,17600
2014-08-06 17:00:00,43.96,44.07,43.89,44.07,28186
2014-08-06 18:00:00,44.09,44.25,43.97,44.24,22861
2014-08-06 19:00:00,44.27,44.3,44.03,44.04,21787
2014-08-06 20:00:00,44.03,44.08,43.88,43.9,16889
2014-08-06 21:00:00,43.89,44.1,43.88,44.05,17267
2014-08-06 22:00:00,44.04,44.19,44.04,44.15,81188
2014-08-07 16:00:00,44.41,44.41,44.16,44.26,15838
2014-08-07 17:00:00,44.35,44.38,43.86,44.03,10453
2014-08-07 18:00:00,43.97,43.97,43.83,43.87,12600
2014-08-07 19:00:00,43.85,43.93,43.81,43.86,14190
2014-08-07 20:00:00,43.89,44.11,43.89,44.08,17410
2014-08-07 21:00:00,44.05,44.07,43.95,43.96,12117
2014-08-07 22:00:00,43.95,43.97,43.76,43.9,62702
2014-08-08 16:00:00,43.93,44.23,43.83,44.2,27661
2014-08-08 17:00:00,44.13,44.37,44.1,44.15,31175
2014-08-08 18:00:00,44.13,44.24,43.96,43.99,46639
2014-08-08 19:00:00,44.0,44.02,43.81,43.86,15702
2014-08-08 20:00:00,43.88,44.15,43.85,44.12,62958
2014-08-08 21:00:00,44.15,44.15,43.93,43.95,47215
2014-08-08 22:00:00,43.94,44.01,43.88,43.99,128771
2014-08-11 16:00:00,44.23,44.27,44.05,44.27,62736
2014-08-11 17:00:00,44.3,44.49,44.29,44.41,90956
2014-08-11 18:00:00,44.39,44.45,44.29,44.39,80388
2014-08-11 19:00:00,44.39,44.43,44.28,44.32,55576
2014-08-11 20:00:00,44.34,44.4,44.26,44.36,43820
2014-08-11 21:00:00,44.36,44.56,44.32,44.54,38648
2014-08-11 22:00:00,44.54,44.61,44.52,44.57,71989
2014-08-12 16:00:00,44.21,44.63,44.21,44.58,27945
2014-08-12 17:00:00,44.64,44.84,44.61,44.69,55926
2014-08-12 18:00:00,44.67,44.67,44.51,44.62,15560
2014-08-12 19:00:00,44.6,44.68,44.56,44.62,17006
2014-08-12 20:00:00,44.59,44.64,44.47,44.47,20521
2014-08-12 21:00:00,44.45,44.46,44.3,44.44,33722
2014-08-12 22:00:00,44.42,44.64,44.39,44.61,73306
2014-08-13 16:00:00,44.76,44.9,44.59,44.59,7372
2014-08-13 17:00:00,44.67,44.91,44.61,44.9,19237
2014-08-13 18:00:00,44.92,45.03,44.91,44.93,17899
2014-08-13 19:00:00,44.94,44.99,44.82,44.84,14220
2014-08-13 20:00:00,44.84,44.92,44.82,44.88,10476
2014-08-13 21:00:00,44.9,44.93,44.8,44.91,15013
2014-08-13 22:00:00,44.92,44.95,44.87,44.91,48418
2014-08-14 16:00:00,45.05,45.3,44.85,44.98,11756
2014-08-14 17:00:00,44.96,45.1,44.9,44.97,14151
2014-08-14 18:00:00,44.97,45.22,44.97,45.22,17724
2014-08-14 19:00:00,45.2,45.24,45.17,45.19,23776
2014-08-14 20:00:00,45.19,45.24,45.03,45.04,25613
2014-08-14 21:00:00,45.05,45.14,45.0,45.13,23092
2014-08-14 22:00:00,45.1,45.15,45.02,45.09,65147
2014-08-15 16:00:00,45.39,45.65,45.34,45.54,18509
2014-08-15 17:00:00,45.52,45.58,44.89,45.04,107813
2014-08-15 18:00:00,45.04,45.06,44.69,44.69,13747
2014-08-15 19:00:00,44.67,44.9,44.62,44.88,19218
2014-08-15 20:00:00,44.88,45.01,44.83,44.86,24808
2014-08-15 21:00:00,44.86,45.11,44.8,44.99,30830
2014-08-15 22:00:00,45.0,45.21,44.97,45.17,87366
2014-08-18 16:00:00,45.65,45.72,45.54,45.68,18557
2014-08-18 17:00:00,45.66,45.68,45.55,45.63,35396
2014-08-18 18:00:00,45.61,45.65,45.5,45.57,37276
2014-08-18 19:00:00,45.59,45.66,45.55,45.6,17509
2014-08-18 20:00:00,45.6,45.62,45.53,45.53,16835
2014-08-18 21:00:00,45.53,45.64,45.52,45.62,24007
2014-08-18 22:00:00,45.62,45.85,45.57,45.69,107326
2014-08-19 16:00:00,45.7,45.88,45.61,45.79,9613
2014-08-19 17:00:00,45.77,45.83,45.61,45.63,197388
2014-08-19 18:00:00,45.62,45.67,45.51,45.6,22983
2014-08-19 19:00:00,45.59,45.61,45.48,45.52,10950
2014-08-19 20:00:00,45.52,45.56,45.41,45.5,21438
2014-08-19 21:00:00,45.5,45.63,45.48,45.6,23999
2014-08-19 22:00:00,45.59,45.64,45.58,45.64,53239
2014-08-20 16:00:00,45.54,45.76,45.37,45.59,32481
2014-08-20 17:00:00,45.6,45.97,45.55,45.76,74242
2014-08-20 18:00:00,45.73,45.81,45.7,45.8,29144
2014-08-20 19:00:00,45.8,45.81,45.71,45.72,11746
2014-08-20 20:00:00,45.71,45.71,45.6,45.64,43231
2014-08-20 21:00:00,45.59,45.76,45.54,45.73,36083
2014-08-20 22:00:00,45.74,45.94,45.74,45.85,62865
2014-08-21 16:00:00,45.96,46.24,45.77,46.1,21175
2014-08-21 17:00:00,46.02,46.19,45.79,46.18,33697
2014-08-21 18:00:00,46.16,46.25,46.06,46.13,29591
2014-08-21 19:00:00,46.08,46.16,46.03,46.13,15012
2014-08-21 20:00:00,46.13,46.19,46.11,46.16,19548
2014-08-21 21:00:00,46.14,46.18,46.11,46.16,16977
2014-08-21 22:00:00,46.15,46.2,46.09,46.18,45782
2014-08-22 16:00:00,46.17,46.25,46.07,46.23,15594
2014-08-22 17:00:00,46.23,46.43,46.15,46.21,23009
2014-08-22 18:00:00,46.2,46.37,46.13,46.32,20455
2014-08-22 19:00:00,46.28,46.42,46.28,46.38,13805
2014-08-22 20:00:00,46.38,46.45,46.37,46.41,16882
2014-08-22 21:00:00,46.39,46.5,46.33,46.47,131681
2014-08-22 22:00:00,46.45,46.5,46.21,46.22,75660
2014-08-25 16:00:00,46.5,46.5,46.27,46.27,1496
2014-08-25 17:00:00,46.39,46.62,46.36,46.59,18830
2014-08-25 18:00:00,46.6,46.63,46.5,46.5,7052
2014-08-25 19:00:00,46.51,46.51,46.21,46.21,17463
2014-08-25 20:00:00,46.19,46.4,46.17,46.37,11691
2014-08-25 21:00:00,46.34,46.34,46.22,46.22,23072
2014-08-25 22:00:00,46.24,46.31,46.21,46.28,40547
2014-08-26 16:00:00,46.32,46.74,46.14,46.68,17333
2014-08-26 17:00:00,46.63,46.91,46.61,46.88,42608
2014-08-26 18:00:00,46.9,47.03,46.87,46.94,47864
2014-08-26 19:00:00,46.93,47.0,46.86,46.86,33959
2014-08-26 20:00:00,46.87,46.95,46.83,46.94,32165
2014-08-26 21:00:00,46.93,46.97,46.85,46.89,43826
2014-08-26 22:00:00,46.88,46.88,46.71,46.75,29762
2014-08-27 16:00:00,46.83,46.83,46.39,46.4,9460
2014-08-27 17:00:00,46.43,46.47,46.22,46.24,14775
2014-08-27 18:00:00,46.24,46.26,46.16,46.18,11029
2014-08-27 19:00:00,46.19,46.22,46.12,46.12,12090
2014-08-27 20:00:00,46.12,46.14,46.05,46.14,13265
2014-08-27 21:00:00,46.14,46.18,46.05,46.05,25493
2014-08-27 22:00:00,46.05,46.19,46.03,46.15,61866
2014-08-28 16:00:00,46.03,46.03,45.68,45.9,5048
2014-08-28 17:00:00,45.89,46.0,45.82,45.96,66693
2014-08-28 18:00:00,45.96,45.96,45.88,45.91,14744
2014-08-28 19:00:00,45.93,46.09,45.93,46.08,7257
2014-08-28 20:00:00,46.08,46.09,45.91,45.92,7902
2014-08-28 21:00:00,45.92,45.94,45.88,45.9,7108
2014-08-28 22:00:00,45.89,45.96,45.82,45.89,52542
2014-08-29 16:00:00,45.94,45.99,45.73,45.89,23732
2014-08-29 17:00:00,45.88,46.09,45.82,46.09,24999
2014-08-29 18:00:00,46.12,46.25,46.12,46.2,19476
2014-08-29 19:00:00,46.18,46.18,46.01,46.04,16896
2014-08-29 20:00:00,46.04,46.08,46.02,46.07,15881
2014-08-29 21:00:00,46.09,46.16,46.05,46.12,19444
2014-08-29 22:00:00,46.12,46.21,46.12,46.15,73927
2014-09-02 16:00:00,46.32,46.64,46.16,46.62,67149
2014-09-02 17:00:00,46.58,46.9,46.58,46.8,61225
2014-09-02 18:00:00,46.82,46.84,46.55,46.67,52992
2014-09-02 19:00:00,46.66,46.73,46.46,46.56,48181
2014-09-02 20:00:00,46.56,46.57,46.4,46.4,38486
2014-09-02 21:00:00,46.4,46.56,46.36,46.46,39638
2014-09-02 22:00:00,46.46,46.59,46.44,46.56,99225
2014-09-03 16:00:00,46.77,46.95,46.63,46.81,26248
2014-09-03 17:00:00,46.81,46.82,46.64,46.73,14479
2014-09-03 18:00:00,46.75,46.75,46.49,46.5,13900
2014-09-03 19:00:00,46.48,46.57,46.45,46.52,11919
2014-09-03 20:00:00,46.51,46.54,46.37,46.39,10034
2014-09-03 21:00:00,46.39,46.41,46.29,46.3,12131
2014-09-03 22:00:00,46.3,46.44,46.26,46.43,70426
2014-09-04 16:00:00,46.4,46.79,46.33,46.72,53421
2014-09-04 17:00:00,46.7,46.78,46.54,46.58,25900
2014-09-04 18:00:00,46.58,46.6,46.43,46.43,39419
2014-09-04 19:00:00,46.43,46.51,46.4,46.44,34986
2014-09-04 20:00:00,46.43,46.45,46.29,46.35,28709
2014-09-04 21:00:00,46.34,46.4,46.21,46.25,57272
2014-09-04 22:00:00,46.25,46.46,46.24,46.43,158670
2014-09-05 16:00:00,46.41,46.55,46.1,46.52,7837
2014-09-05 17:00:00,46.54,46.54,46.25,46.32,18499
2014-09-05 18:00:00,46.35,46.43,46.3,46.33,15169
2014-09-05 19:00:00,46.35,46.47,46.33,46.43,12308
2014-09-05 20:00:00,46.43,46.46,46.25,46.26,9282
2014-09-05 21:00:00,46.28,46.37,46.28,46.32,15531
2014-09-05 22:00:00,46.33,46.37,46.31,46.34,47755
2014-09-08 16:00:00,46.2,46.6,46.2,46.5,11226
2014-09-08 17:00:00,46.57,46.58,46.11,46.35,17227
2014-09-08 18:00:00,46.35,46.36,46.05,46.1,11680
2014-09-08 19:00:00,46.13,46.26,46.13,46.22,5100
2014-09-08 20:00:00,46.24,46.24,45.94,46.03,10000
2014-09-08 21:00:00,46.04,46.16,46.04,46.14,9028
2014-09-08 22:00:00,46.14,46.34,46.14,46.29,80697
2014-09-09 16:00:00,46.19,46.19,45.97,45.97,10006
2014-09-09 17:00:00,45.95,46.03,45.8,45.96,16442
2014-09-09 18:00:00,45.94,46.1,45.94,46.09,19777
2014-09-09 19:00:00,46.09,46.12,46.0,46.0,16493
2014-09-09 20:00:00,45.99,46.1,45.95,46.07,13668
2014-09-09 21:00:00,46.06,46.3,45.88,46.19,47942
2014-09-09 22:00:00,46.19,46.22,46.09,46.21,147784
2014-09-10 16:00:00,46.16,46.55,46.16,46.29,14914
2014-09-10 17:00:00,46.26,46.38,46.18,46.2,24709
2014-09-10 18:00:00,46.23,46.26,46.17,46.24,20790
2014-09-10 19:00:00,46.24,46.41,46.14,46.39,25117
2014-09-10 20:00:00,46.41,46.68,46.39,46.64,20249
2014-09-10 21:00:00,46.63,46.69,46.6,46.62,18106
2014-09-10 22:00:00,46.62,46.76,46.61,46.66,79784
2014-09-11 16:00:00,46.42,46.54,46.41,46.53,8293
2014-09-11 17:00:00,46.51,46.64,46.48,46.58,30822
2014-09-11 18:00:00,46.6,46.7,46.59,46.68,10263
2014-09-11 19:00:00,46.67,46.7,46.58,46.62,11314
2014-09-11 20:00:00,46.65,46.67,46.53,46.58,10926
2014-09-11 21:00:00,46.58,46.79,46.56,46.76,29034
2014-09-11 22:00:00,46.77,46.81,46.7,46.76,53645
2014-09-12 16:00:00,46.84,46.86,46.68,46.7,12652
2014-09-12 17:00:00,46.61,46.83,46.54,46.8,49174
2014-09-12 18:00:00,46.78,46.8,46.68,46.7,20135
2014-09-12 19:00:00,46.69,46.69,46.46,46.47,7521
2014-09-12 20:00:00,46.47,46.52,46.37,46.5,7709
2014-09-12 21:00:00,46.49,46.64,46.49,46.6,17827
2014-09-12 22:00:00,46.6,46.76,46.6,46.7,50240
2014-09-15 16:00:00,46.81,46.85,46.55,46.61,19927
2014-09-15 17:00:00,46.54,46.6,46.32,46.51,34891
2014-09-15 18:00:00,46.51,46.51,46.36,46.4,16218
2014-09-15 19:00:00,46.39,46.48,46.39,46.43,10374
2014-09-15 20:00:00,46.45,46.45,46.36,46.41,15261
2014-09-15 21:00:00,46.4,46.45,46.32,46.45,16334
2014-09-15 22:00:00,46.45,46.49,46.37,46.41,62527
2014-09-16 16:00:00,46.37,46.77,46.24,46.7,18053
2014-09-16 17:00:00,46.67,46.81,46.36,46.36,51471
2014-09-16 18:00:00,46.33,46.51,46.23,46.37,29950
2014-09-16 19:00:00,46.34,46.58,46.34,46.56,15053
2014-09-16 20:00:00,46.56,46.9,46.53,46.74,29351
2014-09-16 21:00:00,46.72,46.75,46.55,46.57,22932
2014-09-16 22:00:00,46.56,46.69,46.51,46.55,101110
2014-09-17 16:00:00,46.54,46.57,46.37,46.49,4482
2014-09-17 17:00:00,46.47,46.47,46.27,46.35,12561
2014-09-17 18:00:00,46.33,46.4,46.29,46.33,5081
2014-09-17 19:00:00,46.35,46.39,46.32,46.32,7991
2014-09-17 20:00:00,46.32,46.32,46.2,46.25,6399
2014-09-17 21:00:00,46.31,46.55,46.1,46.45,23595
2014-09-17 22:00:00,46.45,46.51,46.27,46.3,57405
2014-09-18 16:00:00,46.92,51.98,46.92,49.0,650724
2014-09-18 17:00:00,49.0,49.15,48.66,48.82,526266
2014-09-18 18:00:00,48.82,48.92,48.43,48.56,157572
2014-09-18 19:00:00,48.56,49.0,48.56,48.91,367424
2014-09-18 20:00:00,48.93,49.29,48.85,49.04,260535
2014-09-18 21:00:00,49.07,49.07,48.5,48.61,314714
2014-09-18 22:00:00,48.61,49.17,48.46,48.97,451497
2014-09-19 16:00:00,48.87,49.17,48.78,48.89,148522
2014-09-19 17:00:00,48.89,48.9,48.3,48.36,133352
2014-09-19 18:00:00,48.37,48.46,48.11,48.36,49192
2014-09-19 19:00:00,48.37,48.67,48.37,48.51,33364
2014-09-19 20:00:00,48.52,48.76,48.39,48.39,225408
2014-09-19 21:00:00,48.42,48.62,48.4,48.52,60913
2014-09-19 22:00:00,48.52,48.66,48.35,48.38,209484
2014-09-22 16:00:00,48.36,48.57,47.58,47.9,73524
2014-09-22 17:00:00,47.85,48.15,47.8,47.88,98662
2014-09-22 18:00:00,47.87,47.89,47.72,47.78,31559
2014-09-22 19:00:00,47.75,47.95,47.6,47.83,93197
2014-09-22 20:00:00,47.83,47.93,47.8,47.87,49465
2014-09-22 21:00:00,47.86,47.89,47.73,47.86,26728
2014-09-22 22:00:00,47.85,47.88,47.63,47.66,102794
2014-09-23 16:00:00,47.55,47.55,47.3,47.39,21141
2014-09-23 17:00:00,47.4,47.46,47.21,47.21,40999
2014-09-23 18:00:00,47.24,47.31,47.18,47.25,26587
2014-09-23 19:00:00,47.27,47.29,47.16,47.23,27708
2014-09-23 20:00:00,47.23,47.26,47.1,47.15,63276
2014-09-23 21:00:00,47.14,47.21,47.05,47.1,41292
2014-09-23 22:00:00,47.11,47.15,46.96,46.99,102062
2014-09-24 16:00:00,47.0,47.42,46.86,46.97,101585
2014-09-24 17:00:00,46.96,47.14,46.89,47.07,114343
2014-09-24 18:00:00,47.12,47.35,47.1,47.26,37246
2014-09-24 19:00:00,47.26,47.26,47.15,47.18,24687
2014-09-24 20:00:00,47.21,47.39,47.14,47.29,43023
2014-09-24 21:00:00,47.29,47.55,47.23,47.47,65214
2014-09-24 22:00:00,47.47,47.48,47.27,47.36,155125
2014-09-25 16:00:00,47.09,47.26,46.85,46.95,42622
2014-09-25 17:00:00,46.94,47.02,46.72,46.88,85459
2014-09-25 18:00:00,46.87,46.92,46.72,46.76,47513
2014-09-25 19:00:00,46.79,47.03,46.72,47.0,80531
2014-09-25 20:00:00,47.01,47.05,46.86,46.89,112748
2014-09-25 21:00:00,46.89,47.0,46.85,46.95,32786
2014-09-25 22:00:00,46.97,47.0,46.76,46.77,115718
2014-09-26 16:00:00,46.94,46.96,46.72,46.82,48259
2014-09-26 17:00:00,46.85,46.92,46.76,46.9,40312
2014-09-26 18:00:00,46.9,46.95,46.71,46.77,28575
2014-09-26 19:00:00,46.78,47.01,46.78,46.98,67419
2014-09-26 20:00:00,46.98,47.06,46.86,46.91,70379
2014-09-26 21:00:00,46.89,47.03,46.89,46.99,54894
2014-09-26 22:00:00,46.99,47.01,46.94,46.96,99548
2014-09-29 16:00:00,46.54,46.92,46.51,46.71,18448
2014-09-29 17:00:00,46.67,46.97,46.59,46.85,40830
2014-09-29 18:00:00,46.86,46.93,46.82,46.93,16760
2014-09-29 19:00:00,46.93,46.93,46.77,46.79,28252
2014-09-29 20:00:00,46.8,46.88,46.75,46.77,152278
2014-09-29 21:00:00,46.83,46.94,46.75,46.93,24745
2014-09-29 22:00:00,46.92,47.0,46.85,46.99,91401
2014-09-30 16:00:00,47.24,47.24,46.91,47.06,40517
2014-09-30 17:00:00,47.05,47.23,46.97,47.05,55163
2014-09-30 18:00:00,47.06,47.32,47.04,47.22,38180
2014-09-30 19:00:00,47.2,47.26,47.05,47.08,29662
2014-09-30 20:00:00,47.09,47.21,46.97,47.01,37154
2014-09-30 21:00:00,47.01,47.13,47.0,47.08,59427
2014-09-30 22:00:00,47.08,47.18,46.99,47.02,208425
2014-10-01 16:00:00,47.0,47.26,46.78,46.9,38016
2014-10-01 17:00:00,46.87,47.08,46.86,46.99,103750
2014-10-01 18:00:00,47.01,47.13,46.76,46.81,76056
2014-10-01 19:00:00,46.8,46.81,46.58,46.6,60324
2014-10-01 20:00:00,46.59,46.59,46.4,46.41,55265
2014-10-01 21:00:00,46.42,46.55,46.38,46.39,53816
2014-10-01 22:00:00,46.39,46.72,46.32,46.55,200087
2014-10-02 16:00:00,46.58,47.54,46.58,47.53,90430
2014-10-02 17:00:00,47.57,47.69,47.23,47.24,126387
2014-10-02 18:00:00,47.25,47.32,47.02,47.18,61600
2014-10-02 19:00:00,47.2,47.26,47.08,47.19,61147
2014-10-02 20:00:00,47.18,47.43,47.08,47.43,115153
2014-10-02 21:00:00,47.43,47.73,47.29,47.69,127287
2014-10-02 22:00:00,47.67,47.73,47.52,47.6,170996
2014-10-03 16:00:00,47.92,47.99,47.72,47.78,26958
2014-10-03 17:00:00,47.89,47.96,47.44,47.61,69299
2014-10-03 18:00:00,47.6,47.71,47.48,47.56,58584
2014-10-03 19:00:00,47.56,47.65,47.55,47.58,45104
2014-10-03 20:00:00,47.59,47.66,47.54,47.66,32040
2014-10-03 21:00:00,47.66,47.72,47.57,47.59,33177
2014-10-03 22:00:00,47.58,47.59,47.47,47.51,79498
2014-10-06 16:00:00,47.64,47.78,47.5,47.55,170782
2014-10-06 17:00:00,47.54,47.56,47.18,47.34,45665
2014-10-06 18:00:00,47.33,47.4,47.06,47.14,17100
2014-10-06 19:00:00,47.17,47.21,47.07,47.14,30372
2014-10-06 20:00:00,47.11,47.16,46.99,47.02,72297
2014-10-06 21:00:00,47.02,47.21,47.0,47.13,39796
2014-10-06 22:00:00,47.13,47.17,46.98,46.99,73013
2014-10-07 16:00:00,46.82,46.82,46.35,46.58,141663
2014-10-07 17:00:00,46.64,46.98,46.64,46.8,32309
2014-10-07 18:00:00,46.78,46.8,46.18,46.23,89675
2014-10-07 19:00:00,46.23,46.4,46.19,46.27,39633
2014-10-07 20:00:00,46.26,46.28,46.06,46.13,34655
2014-10-07 21:00:00,46.13,46.19,45.96,46.02,76505
2014-10-07 22:00:00,46.02,46.03,45.62,45.64,188538
2014-10-08 16:00:00,45.71,45.73,45.46,45.52,52003
2014-10-08 17:00:00,45.59,45.6,45.38,45.42,149041
2014-10-08 18:00:00,45.38,45.53,45.26,45.42,145878
2014-10-08 19:00:00,45.43,45.49,45.34,45.38,228876
2014-10-08 20:00:00,45.36,45.42,45.24,45.38,68612
2014-10-08 21:00:00,45.38,46.0,45.31,45.54,283505
2014-10-08 22:00:00,45.57,45.67,45.41,45.63,694292
2014-10-09 16:00:00,45.45,45.56,45.01,45.09,249512
2014-10-09 17:00:00,45.11,45.42,45.05,45.35,53710
2014-10-09 18:00:00,45.35,45.39,44.9,44.97,50276
2014-10-09 19:00:00,44.96,45.0,44.71,44.88,43111
2014-10-09 20:00:00,44.86,45.07,44.73,44.9,47563
2014-10-09 21:00:00,44.9,44.9,44.66,44.73,59654
2014-10-09 22:00:00,44.72,44.77,44.59,44.59,204422
2014-10-10 16:00:00,44.31,44.71,44.29,44.5,34673
2014-10-10 17:00:00,44.47,44.56,44.0,44.02,55865
2014-10-10 18:00:00,44.04,44.13,43.79,43.96,32503
2014-10-10 19:00:00,43.99,44.25,43.98,44.1,47843
2014-10-10 20:00:00,44.09,44.12,43.92,44.03,42013
2014-10-10 21:00:00,44.05,44.11,43.89,43.89,51308
2014-10-10 22:00:00,43.87,43.93,43.51,43.51,123573
2014-10-13 16:00:00,43.34,43.62,42.96,43.23,30040
2014-10-13 17:00:00,43.23,43.37,42.94,43.16,33392
2014-10-13 18:00:00,43.16,43.32,43.0,43.14,23000
2014-10-13 19:00:00,43.13,43.34,43.04,43.3,26188
2014-10-13 20:00:00,43.3,43.36,43.15,43.23,38633
2014-10-13 21:00:00,43.21,43.33,43.14,43.31,69606
2014-10-13 22:00:00,43.3,43.31,42.75,42.76,148586
2014-10-14 16:00:00,42.93,43.05,42.67,42.85,29105
2014-10-14 17:00:00,42.86,42.92,42.61,42.62,36499
2014-10-14 18:00:00,42.63,42.91,42.59,42.76,32658
2014-10-14 19:00:00,42.8,42.89,42.74,42.8,31430
2014-10-14 20:00:00,42.8,42.87,42.66,42.75,34544
2014-10-14 21:00:00,42.76,42.82,42.59,42.63,38149
2014-10-14 22:00:00,42.64,42.73,42.43,42.56,114998
2014-10-15 16:00:00,41.76,41.9,41.52,41.73,35523
2014-10-15 17:00:00,41.8,41.96,41.55,41.61,58742
2014-10-15 18:00:00,41.6,41.78,41.36,41.53,40406
2014-10-15 19:00:00,41.52,41.63,41.38,41.42,33652
2014-10-15 20:00:00,41.42,41.51,41.16,41.4,32153
2014-10-15 21:00:00,41.32,41.79,41.26,41.74,45757
2014-10-15 22:00:00,41.77,42.53,41.77,42.2,139737
2014-10-16 16:00:00,41.4,41.75,41.36,41.42,36205
2014-10-16 17:00:00,41.42,42.06,41.25,41.9,83872
2014-10-16 18:00:00,41.91,42.04,41.71,41.81,47151
2014-10-16 19:00:00,41.8,41.98,41.69,41.97,62424
2014-10-16 20:00:00,41.97,42.32,41.97,42.21,61577
2014-10-16 21:00:00,42.21,42.37,42.14,42.16,135839
2014-10-16 22:00:00,42.15,42.39,42.1,42.25,108339
2014-10-17 16:00:00,42.71,42.86,42.57,42.8,38813
2014-10-17 17:00:00,42.8,43.16,42.78,43.08,48447
2014-10-17 18:00:00,43.09,43.31,43.05,43.24,44428
2014-10-17 19:00:00,43.24,43.34,43.08,43.1,24204
2014-10-17 20:00:00,43.15,43.15,42.94,42.95,25206
2014-10-17 21:00:00,42.95,43.11,42.83,43.1,51656
2014-10-17 22:00:00,43.1,43.46,42.97,43.39,237254
2014-10-20 16:00:00,43.15,43.38,43.01,43.29,21764
2014-10-20 17:00:00,43.33,43.37,43.07,43.13,38182
2014-10-20 18:00:00,43.14,43.26,43.04,43.21,24199
2014-10-20 19:00:00,43.21,43.47,43.19,43.27,52859
2014-10-20 20:00:00,43.29,43.43,43.25,43.35,32137
2014-10-20 21:00:00,43.34,43.39,43.27,43.39,50910
2014-10-20 22:00:00,43.4,43.66,43.35,43.66,103753
2014-10-21 16:00:00,43.8,44.14,43.8,43.98,22179
2014-10-21 17:00:00,43.99,44.12,43.88,44.07,288764
2014-10-21 18:00:00,44.07,44.31,44.05,44.31,68759
2014-10-21 19:00:00,44.29,44.35,44.25,44.32,22700
2014-10-21 20:00:00,44.31,44.45,44.29,44.41,47623
2014-10-21 21:00:00,44.42,44.68,44.42,44.65,120210
2014-10-21 22:00:00,44.64,44.82,44.59,44.79,321000
2014-10-22 16:00:00,44.83,44.94,44.62,44.9,12250
2014-10-22 17:00:00,44.89,45.17,44.82,45.14,94013
2014-10-22 18:00:00,45.16,45.4,45.16,45.36,63268
2014-10-22 19:00:00,45.36,45.43,44.99,45.18,102606
2014-10-22 20:00:00,45.2,45.26,44.98,45.0,71718
2014-10-22 21:00:00,45.0,45.06,44.95,45.06,54236
2014-10-22 22:00:00,45.07,45.15,45.01,45.08,187772
2014-10-23 16:00:00,45.76,45.84,45.39,45.59,15914
2014-10-23 17:00:00,45.57,45.73,45.52,45.62,50158
2014-10-23 18:00:00,45.62,45.76,45.57,45.63,82698
2014-10-23 19:00:00,45.65,45.8,45.65,45.79,35101
2014-10-23 20:00:00,45.79,45.81,45.7,45.73,67387
2014-10-23 21:00:00,45.74,45.94,45.67,45.75,130967
2014-10-23 22:00:00,45.75,45.75,45.55,45.62,82758
2014-10-24 16:00:00,45.67,45.97,45.57,45.75,18681
2014-10-24 17:00:00,45.75,45.82,45.61,45.75,50016
2014-10-24 18:00:00,45.75,45.78,45.67,45.73,74447
2014-10-24 19:00:00,45.73,46.03,45.72,45.98,57743
2014-10-24 20:00:00,45.98,46.07,45.93,46.07,38640
2014-10-24 21:00:00,46.07,46.07,45.9,45.95,70265
2014-10-24 22:00:00,45.95,46.08,45.93,46.0,115585
2014-10-27 16:00:00,45.87,46.2,45.8,45.92,18911
2014-10-27 17:00:00,45.9,46.12,45.81,46.09,59001
2014-10-27 18:00:00,46.1,46.2,46.04,46.09,55475
2014-10-27 19:00:00,46.09,46.19,46.06,46.11,22261
2014-10-27 20:00:00,46.14,46.34,46.12,46.34,80495
2014-10-27 21:00:00,46.34,46.39,46.29,46.35,57439
2014-10-27 22:00:00,46.36,46.53,46.33,46.46,117196
2014-10-28 16:00:00,46.71,47.1,46.61,46.85,43952
2014-10-28 17:00:00,46.89,47.03,46.68,46.79,148187
2014-10-28 18:00:00,46.79,46.81,46.48,46.53,134094
2014-10-28 19:00:00,46.53,46.81,46.39,46.7,102757
2014-10-28 20:00:00,46.68,46.73,46.54,46.61,66933
2014-10-28 21:00:00,46.6,46.65,46.41,46.48,91009
2014-10-28 22:00:00,46.5,46.82,46.49,46.76,198252
2014-10-29 16:00:00,47.09,47.26,46.69,46.91,73184
2014-10-29 17:00:00,46.96,46.96,46.68,46.86,111416
2014-10-29 18:00:00,46.88,46.98,46.71,46.76,83451
2014-10-29 19:00:00,46.77,46.81,46.62,46.75,28752
2014-10-29 20:00:00,46.73,46.75,46.26,46.45,207734
2014-10-29 21:00:00,46.45,46.81,46.41,46.8,107597
2014-10-29 22:00:00,46.79,47.0,46.69,46.9,246836
2014-10-30 16:00:00,46.87,46.87,45.74,46.0,82439
2014-10-30 17:00:00,45.99,46.92,45.9,46.78,135880
2014-10-30 18:00:00,46.79,46.84,46.19,46.45,123345
2014-10-30 19:00:00,46.42,46.55,46.2,46.43,80903
2014-10-30 20:00:00,46.49,46.58,46.41,46.54,21944
2014-10-30 21:00:00,46.69,46.75,46.52,46.54,30252
2014-10-30 22:00:00,46.57,46.74,46.49,46.62,176299
2014-10-31 16:00:00,46.78,47.02,45.83,46.13,100878
2014-10-31 17:00:00,46.12,46.31,45.8,46.15,89477
2014-10-31 18:00:00,46.15,46.15,45.81,45.97,64333
2014-10-31 19:00:00,45.98,46.22,45.86,46.12,198456
2014-10-31 20:00:00,46.12,46.23,45.97,46.04,113604
2014-10-31 21:00:00,46.03,46.46,46.01,46.44,105470
2014-10-31 22:00:00,46.44,46.81,46.41,46.61,213425
2014-11-03 16:00:00,46.67,46.87,46.42,46.67,46668
2014-11-03 17:00:00,46.66,46.89,46.64,46.84,103193
2014-11-03 18:00:00,46.83,46.88,46.76,46.79,50597
2014-11-03 19:00:00,46.79,46.87,46.7,46.87,53293
2014-11-03 20:00:00,46.82,46.91,46.78,46.83,77236
2014-11-03 21:00:00,46.81,46.81,46.49,46.63,112037
2014-11-03 22:00:00,46.62,46.65,46.37,46.51,271893
2014-11-04 16:00:00,46.43,46.53,46.25,46.31,38573
2014-11-04 17:00:00,46.29,46.5,46.27,46.39,73621
2014-11-04 18:00:00,46.39,46.61,46.31,46.56,76105
2014-11-04 19:00:00,46.57,46.74,46.57,46.63,56860
2014-11-04 20:00:00,46.63,46.85,46.58,46.84,58245
2014-11-04 21:00:00,46.84,46.96,46.78,46.96,67958
2014-11-04 22:00:00,46.96,47.02,46.85,46.94,316055
2014-11-05 16:00:00,47.26,47.26,46.74,47.01,43534
2014-11-05 17:00:00,47.04,47.31,47.0,47.19,129314
2014-11-05 18:00:00,47.19,47.3,47.13,47.21,53684
2014-11-05 19:00:00,47.22,47.24,47.07,47.09,31959
2014-11-05 20:00:00,47.07,47.12,46.95,47.01,74870
2014-11-05 21:00:00,47.0,47.19,47.0,47.18,44557
2014-11-05 22:00:00,47.19,47.2,47.02,47.13,104078
2014-11-06 16:00:00,47.05,47.5,46.99,47.15,53636
2014-11-06 17:00:00,47.15,47.33,47.09,47.27,39245
2014-11-06 18:00:00,47.27,47.48,47.22,47.46,42763
2014-11-06 19:00:00,47.45,47.59,47.44,47.59,60637
2014-11-06 20:00:00,47.6,47.6,47.49,47.49,66563
2014-11-06 21:00:00,47.49,47.51,47.36,47.5,67899
2014-11-06 22:00:00,47.49,47.61,47.38,47.56,108625
2014-11-07 16:00:00,47.66,47.66,47.24,47.28,43631
2014-11-07 17:00:00,47.27,47.74,47.27,47.71,85641
2014-11-07 18:00:00,47.71,47.78,47.63,47.68,43525
2014-11-07 19:00:00,47.66,47.73,47.64,47.7,9881
2014-11-07 20:00:00,47.7,47.85,47.59,47.63,91662
2014-11-07 21:00:00,47.62,47.63,47.48,47.48,42634
2014-11-07 22:00:00,47.49,47.51,47.42,47.46,72615
2014-11-10 16:00:00,47.47,47.73,47.31,47.72,31863
2014-11-10 17:00:00,47.72,48.0,47.64,47.98,96673
2014-11-10 18:00:00,47.97,48.19,47.97,48.17,99498
2014-11-10 19:00:00,48.14,48.16,47.92,47.94,31040
2014-11-10 20:00:00,47.94,48.03,47.89,48.0,32843
2014-11-10 21:00:00,48.0,48.2,48.0,48.2,51745
2014-11-10 22:00:00,48.19,48.19,47.93,48.08,172517
2014-11-11 16:00:00,48.03,48.12,47.82,48.09,15288
2014-11-11 17:00:00,48.12,48.24,48.05,48.22,29324
2014-11-11 18:00:00,48.22,48.36,48.18,48.35,54245
2014-11-11 19:00:00,48.35,48.36,48.21,48.22,20958
2014-11-11 20:00:00,48.23,48.25,48.15,48.17,19204
2014-11-11 21:00:00,48.18,48.19,48.06,48.15,28782
2014-11-11 22:00:00,48.15,48.32,48.15,48.22,90037
2014-11-12 16:00:00,47.98,48.46,47.98,48.22,21697
2014-11-12 17:00:00,48.23,48.27,48.15,48.15,45874
2014-11-12 18:00:00,48.15,48.15,48.02,48.12,43868
2014-11-12 19:00:00,48.12,48.16,48.07,48.15,45290
2014-11-12 20:00:00,48.15,48.19,48.14,48.16,55354
2014-11-12 21:00:00,48.17,48.19,48.09,48.11,57504
2014-11-12 22:00:00,48.1,48.17,47.97,48.03,174347
2014-11-13 16:00:00,48.21,48.31,48.03,48.09,15746
2014-11-13 17:00:00,48.04,48.08,47.76,47.78,39686
2014-11-13 18:00:00,47.77,47.94,47.74,47.86,44271
2014-11-13 19:00:00,47.86,47.9,47.8,47.8,27296
2014-11-13 20:00:00,47.82,47.83,47.6,47.67,36166
2014-11-13 21:00:00,47.68,47.73,47.6,47.67,38266
2014-11-13 22:00:00,47.66,47.84,47.59,47.75,133526
2014-11-14 16:00:00,47.81,48.25,47.74,48.22,121312
2014-11-14 17:00:00,48.23,48.49,48.21,48.46,76326
2014-11-14 18:00:00,48.47,48.49,48.13,48.13,47286
2014-11-14 19:00:00,48.14,48.26,48.04,48.06,81564
2014-11-14 20:00:00,48.05,48.15,48.0,48.08,33067
2014-11-14 21:00:00,48.09,48.09,47.84,47.93,53528
2014-11-14 22:00:00,47.92,47.97,47.85,47.9,105365
2014-11-17 16:00:00,47.83,47.97,47.69,47.69,15367
2014-11-17 17:00:00,47.75,47.82,47.43,47.7,44133
2014-11-17 18:00:00,47.69,47.74,47.46,47.57,66748
2014-11-17 19:00:00,47.56,47.72,47.48,47.6,76463
2014-11-17 20:00:00,47.6,47.68,47.35,47.44,66596
2014-11-17 21:00:00,47.44,47.53,47.4,47.49,60374
2014-11-17 22:00:00,47.49,47.5,47.12,47.22,334823
2014-11-18 16:00:00,47.27,47.35,47.01,47.13,51386
2014-11-18 17:00:00,47.13,47.38,47.0,47.16,112954
2014-11-18 18:00:00,47.16,47.25,46.9,47.19,86952
2014-11-18 19:00:00,47.2,47.27,47.14,47.26,67346
2014-11-18 20:00:00,47.26,47.36,47.17,47.24,204346
2014-11-18 21:00:00,47.23,47.39,47.2,47.26,127083
2014-11-18 22:00:00,47.26,47.29,46.94,47.01,415898
2014-11-19 16:00:00,46.92,47.16,46.71,47.12,28138
2014-11-19 17:00:00,47.09,47.28,46.92,46.92,55975
2014-11-19 18:00:00,46.92,47.44,46.88,47.41,254680
2014-11-19 19:00:00,47.4,48.28,47.4,48.11,292921
2014-11-19 20:00:00,48.1,48.28,48.03,48.25,100207
2014-11-19 21:00:00,48.24,48.35,48.11,48.33,77322
2014-11-19 22:00:00,48.3,48.55,48.25,48.41,256284
2014-11-20 16:00:00,48.21,48.37,47.8,47.95,38658
2014-11-20 17:00:00,47.91,48.1,47.84,47.91,53423
2014-11-20 18:00:00,47.91,48.03,47.88,47.89,66152
2014-11-20 19:00:00,47.88,48.0,47.84,47.97,56067
2014-11-20 20:00:00,47.96,48.01,47.88,47.96,237020
2014-11-20 21:00:00,47.96,48.02,47.96,47.97,24556
2014-11-20 22:00:00,47.95,48.07,47.92,48.02,110631
2014-11-21 16:00:00,48.44,48.46,48.15,48.26,24946
2014-11-21 17:00:00,48.21,48.35,48.15,48.23,56395
2014-11-21 18:00:00,48.24,48.46,48.21,48.41,60442
2014-11-21 19:00:00,48.4,48.48,48.33,48.41,54327
2014-11-21 20:00:00,48.4,48.4,48.28,48.32,41422
2014-11-21 21:00:00,48.31,48.47,48.28,48.45,91676
2014-11-21 22:00:00,48.47,48.54,48.27,48.5,304033
2014-11-24 16:00:00,48.61,48.85,48.4,48.82,28799
2014-11-24 17:00:00,48.8,48.84,48.65,48.7,44902
2014-11-24 18:00:00,48.7,48.76,48.55,48.64,42798
2014-11-24 19:00:00,48.65,48.75,48.58,48.58,28899
2014-11-24 20:00:00,48.57,48.81,48.53,48.77,36201
2014-11-24 21:00:00,48.78,48.89,48.77,48.84,36281
2014-11-24 22:00:00,48.82,48.95,48.79,48.93,107388
2014-11-25 16:00:00,48.78,49.08,48.78,48.83,15613
2014-11-25 17:00:00,48.8,48.84,48.57,48.62,24417
2014-11-25 18:00:00,48.58,48.82,48.55,48.79,31726
2014-11-25 19:00:00,48.8,48.86,48.74,48.8,16538
2014-11-25 20:00:00,48.8,48.81,48.66,48.67,13405
2014-11-25 21:00:00,48.66,48.74,48.62,48.62,25026
2014-11-25 22:00:00,48.6,48.63,48.45,48.51,60995
2014-11-26 16:00:00,48.49,48.8,48.4,48.46,31651
2014-11-26 17:00:00,48.46,48.75,48.43,48.66,68352
2014-11-26 18:00:00,48.66,48.7,48.48,48.52,37339
2014-11-26 19:00:00,48.52,48.52,48.42,48.46,27443
2014-11-26 20:00:00,48.47,48.61,48.47,48.59,21126
2014-11-26 21:00:00,48.59,48.66,48.58,48.64,39939
2014-11-26 22:00:00,48.64,48.64,48.44,48.55,107696
2014-11-28 16:00:00,48.64,48.78,48.49,48.76,24739
2014-11-28 17:00:00,48.77,48.86,48.47,48.49,61520
2014-11-28 18:00:00,48.48,48.56,48.4,48.4,38220
2014-11-28 19:00:00,48.41,48.46,48.26,48.36,78427
2014-11-28 20:00:00,48.36,48.36,48.36,48.36,18971
2014-12-01 16:00:00,48.34,48.44,47.86,48.01,23602
2014-12-01 17:00:00,48.02,48.17,47.86,47.86,53617
2014-12-01 18:00:00,47.86,47.91,47.74,47.8,47037
2014-12-01 19:00:00,47.78,48.08,47.73,48.07,55205
2014-12-01 20:00:00,48.09,48.19,48.02,48.16,62890
2014-12-01 21:00:00,48.16,48.19,47.85,47.91,87552
2014-12-01 22:00:00,47.9,47.92,47.67,47.67,125395
2014-12-02 16:00:00,47.74,47.88,47.6,47.67,44475
2014-12-02 17:00:00,47.68,47.88,47.56,47.87,46160
2014-12-02 18:00:00,47.89,48.1,47.68,48.1,229058
2014-12-02 19:00:00,48.08,48.1,47.8,47.8,35507
2014-12-02 20:00:00,47.81,47.82,47.72,47.73,38058
2014-12-02 21:00:00,47.74,48.0,47.73,48.0,56995
2014-12-02 22:00:00,48.01,48.01,47.8,47.9,113716
2014-12-03 16:00:00,47.88,47.96,47.83,47.88,15918
2014-12-03 17:00:00,47.88,47.97,47.75,47.82,61348
2014-12-03 18:00:00,47.84,48.06,47.84,47.97,73238
2014-12-03 19:00:00,47.98,48.02,47.86,47.86,25594
2014-12-03 20:00:00,47.87,47.94,47.84,47.87,36029
2014-12-03 21:00:00,47.88,47.97,47.87,47.96,31399
2014-12-03 22:00:00,47.95,48.02,47.86,47.93,108604
2014-12-04 16:00:00,47.82,48.12,47.65,47.69,15429
2014-12-04 17:00:00,47.72,47.77,47.47,47.51,35144
2014-12-04 18:00:00,47.5,47.55,47.41,47.55,52617
2014-12-04 19:00:00,47.53,47.65,47.52,47.64,38913
2014-12-04 20:00:00,47.64,47.82,47.63,47.79,38398
2014-12-04 21:00:00,47.81,47.96,47.8,47.9,61018
2014-12-04 22:00:00,47.91,47.99,47.77,47.93,244545
2014-12-05 16:00:00,48.04,48.04,47.83,47.89,21975
2014-12-05 17:00:00,47.86,47.86,47.46,47.48,56082
2014-12-05 18:00:00,47.46,47.82,47.43,47.8,96768
2014-12-05 19:00:00,47.81,48.01,47.79,47.95,61827
2014-12-05 20:00:00,47.96,48.04,47.94,48.0,25003
2014-12-05 21:00:00,47.95,47.95,47.75,47.77,27945
2014-12-05 22:00:00,47.77,47.86,47.59,47.69,102661
2014-12-08 16:00:00,47.59,48.1,47.59,48.07,133917
2014-12-08 17:00:00,48.1,48.27,48.06,48.09,98792
2014-12-08 18:00:00,48.08,48.21,48.07,48.1,70184
2014-12-08 19:00:00,48.09,48.12,48.0,48.04,75622
2014-12-08 20:00:00,48.05,48.09,47.82,47.83,72422
2014-12-08 21:00:00,47.81,48.1,47.79,48.08,96485
2014-12-08 22:00:00,48.08,48.2,48.0,48.07,224537
2014-12-09 16:00:00,47.58,47.66,47.38,47.48,31495
2014-12-09 17:00:00,47.48,47.61,47.3,47.31,78354
2014-12-09 18:00:00,47.32,47.39,47.22,47.39,73123
2014-12-09 19:00:00,47.39,47.82,47.37,47.82,34877
2014-12-09 20:00:00,47.82,48.05,47.82,48.03,22718
2014-12-09 21:00:00,48.01,48.09,47.96,48.01,27001
2014-12-09 22:00:00,48.01,48.11,47.84,47.94,142159
2014-12-10 16:00:00,47.57,47.84,47.22,47.27,26046
2014-12-10 17:00:00,47.25,47.45,47.14,47.42,34637
2014-12-10 18:00:00,47.42,47.61,47.4,47.51,74240
2014-12-10 19:00:00,47.5,47.52,47.36,47.4,38755
2014-12-10 20:00:00,47.39,47.45,47.2,47.2,39442
2014-12-10 21:00:00,47.19,47.2,46.89,46.89,66581
2014-12-10 22:00:00,46.92,47.1,46.82,46.92,182944
2014-12-11 16:00:00,47.21,47.42,46.94,47.42,29592
2014-12-11 17:00:00,47.42,47.63,47.2,47.58,58170
2014-12-11 18:00:00,47.57,47.78,47.52,47.78,41490
2014-12-11 19:00:00,47.78,47.84,47.64,47.65,103517
2014-12-11 20:00:00,47.64,47.64,47.26,47.26,54905
2014-12-11 21:00:00,47.25,47.27,47.02,47.02,36202
2014-12-11 22:00:00,47.03,47.32,47.03,47.19,184190
2014-12-12 16:00:00,46.68,47.01,46.53,47.01,49702
2014-12-12 17:00:00,47.0,47.0,46.7,46.72,60270
2014-12-12 18:00:00,46.71,46.8,46.64,46.7,80077
2014-12-12 19:00:00,46.71,46.87,46.67,46.84,55828
2014-12-12 20:00:00,46.84,46.95,46.77,46.82,36905
2014-12-12 21:00:00,46.82,46.83,46.58,46.63,45906
2014-12-12 22:00:00,46.63,46.66,46.15,46.15,134187
2014-12-15 16:00:00,46.35,46.37,45.85,46.19,61627
2014-12-15 17:00:00,46.2,46.52,46.16,46.31,119176
2014-12-15 18:00:00,46.3,46.3,45.81,45.81,94459
2014-12-15 19:00:00,45.82,46.35,45.82,46.3,54783
2014-12-15 20:00:00,46.3,46.4,46.2,46.27,54575
2014-12-15 21:00:00,46.27,46.31,45.89,45.89,75358
2014-12-15 22:00:00,45.89,46.32,45.88,46.11,167731
2014-12-16 16:00:00,45.89,46.25,45.66,45.88,79248
2014-12-16 17:00:00,45.86,46.32,45.86,46.03,48608
2014-12-16 18:00:00,46.03,46.45,45.97,46.23,42203
2014-12-16 19:00:00,46.23,46.3,46.03,46.09,81669
2014-12-16 20:00:00,46.05,46.3,45.97,46.24,57620
2014-12-16 21:00:00,46.25,46.4,46.17,46.26,45825
2014-12-16 22:00:00,46.26,46.33,46.05,46.1,235898
2014-12-17 16:00:00,46.33,46.38,45.82,46.32,178664
2014-12-17 17:00:00,46.29,46.4,46.13,46.33,52745
2014-12-17 18:00:00,46.32,46.58,46.15,46.52,49442
2014-12-17 19:00:00,46.53,46.55,46.39,46.46,28053
2014-12-17 20:00:00,46.47,46.55,46.41,46.51,47715
2014-12-17 21:00:00,46.54,46.9,46.54,46.65,64125
2014-12-17 22:00:00,46.64,46.98,46.52,46.93,106407
2014-12-18 16:00:00,47.56,47.65,47.22,47.41,27452
2014-12-18 17:00:00,47.42,47.65,47.34,47.34,41325
2014-12-18 18:00:00,47.32,47.39,47.19,47.29,38896
2014-12-18 19:00:00,47.29,47.51,47.26,47.51,41175
2014-12-18 20:00:00,47.51,47.54,47.38,47.46,33059
2014-12-18 21:00:00,47.46,47.5,47.27,47.34,40709
2014-12-18 22:00:00,47.34,47.6,47.28,47.6,110469
2014-12-19 16:00:00,47.49,47.99,47.45,47.98,123274
2014-12-19 17:00:00,47.97,48.03,47.56,47.63,50858
2014-12-19 18:00:00,47.63,47.64,47.5,47.54,45372
2014-12-19 19:00:00,47.54,47.58,47.47,47.5,40823
2014-12-19 20:00:00,47.49,47.68,47.48,47.64,64750
2014-12-19 21:00:00,47.63,47.81,47.5,47.8,249994
2014-12-19 22:00:00,47.81,47.95,47.63,47.88,321995
2014-12-22 16:00:00,47.85,48.24,47.75,47.75,48317
2014-12-22 17:00:00,47.78,47.92,47.58,47.91,123063
2014-12-22 18:00:00,47.9,48.45,47.89,48.12,158675
2014-12-22 19:00:00,48.12,48.19,48.03,48.16,31393
2014-12-22 20:00:00,48.16,48.25,48.07,48.09,25791
2014-12-22 21:00:00,48.1,48.2,48.01,48.18,43537
2014-12-22 22:00:00,48.18,48.2,48.04,48.17,144828
2014-12-23 16:00:00,48.15,48.38,48.02,48.35,17874
2014-12-23 17:00:00,48.37,48.46,48.24,48.33,58172
2014-12-23 18:00:00,48.31,48.55,48.28,48.54,90241
2014-12-23 19:00:00,48.54,48.65,48.51,48.61,28846
2014-12-23 20:00:00,48.61,48.65,48.57,48.57,15808
2014-12-23 21:00:00,48.57,48.57,48.13,48.23,124025
2014-12-23 22:00:00,48.23,48.25,48.13,48.15,74685
2014-12-24 16:00:00,48.24,48.33,47.94,48.12,13883
2014-12-24 17:00:00,48.1,48.36,48.03,48.36,28643
2014-12-24 18:00:00,48.38,48.54,48.29,48.54,25963
2014-12-24 19:00:00,48.55,48.61,48.43,48.43,74450
2014-12-24 20:00:00,48.42,48.42,48.42,48.42,15710
2014-12-26 16:00:00,48.65,48.95,48.58,48.8,18025
2014-12-26 17:00:00,48.77,48.82,48.54,48.61,28595
2014-12-26 18:00:00,48.62,48.77,48.59,48.77,32255
2014-12-26 19:00:00,48.77,48.77,48.61,48.64,25147
2014-12-26 20:00:00,48.64,48.73,48.6,48.69,8200
2014-12-26 21:00:00,48.71,48.74,48.61,48.61,24380
2014-12-26 22:00:00,48.6,48.61,48.32,48.37,59125
2014-12-29 16:00:00,48.23,48.69,48.02,48.5,24827
2014-12-29 17:00:00,48.5,48.66,48.39,48.45,40789
2014-12-29 18:00:00,48.45,48.49,48.32,48.4,16544
2014-12-29 19:00:00,48.38,48.44,48.31,48.36,16928
2014-12-29 20:00:00,48.33,48.39,48.24,48.27,15751
2014-12-29 21:00:00,48.27,48.27,48.06,48.12,63035
2014-12-29 22:00:00,48.11,48.24,48.03,48.09,87415
2014-12-30 16:00:00,47.94,48.37,47.83,48.09,15457
2014-12-30 17:00:00,48.08,48.25,48.05,48.25,25833
2014-12-30 18:00:00,48.24,48.37,48.24,48.29,24394
2014-12-30 19:00:00,48.29,48.38,48.27,48.36,20670
2014-12-30 20:00:00,48.34,48.38,48.31,48.35,28374
2014-12-30 21:00:00,48.34,48.4,48.3,48.31,36389
2014-12-30 22:00:00,48.3,48.31,48.15,48.17,42948
2014-12-31 16:00:00,48.22,48.22,47.9,47.93,14856
2014-12-31 17:00:00,47.93,48.02,47.86,48.01,40344
2014-12-31 18:00:00,48.01,48.01,47.88,47.92,55613
2014-12-31 19:00:00,47.93,47.93,47.7,47.73,26649
2014-12-31 20:00:00,47.71,47.83,47.7,47.74,57731
2014-12-31 21:00:00,47.74,47.76,47.67,47.76,60795
2014-12-31 22:00:00,47.74,47.84,47.41,47.42,171288
2015-01-02 16:00:00,47.69,47.94,47.56,47.82,22240
2015-01-02 17:00:00,47.82,47.82,46.93,47.09,30926
2015-01-02 18:00:00,47.08,47.23,46.94,47.13,95716
2015-01-02 19:00:00,47.11,47.26,47.11,47.18,34598
2015-01-02 20:00:00,47.18,47.2,47.07,47.19,43957
2015-01-02 21:00:00,47.19,47.64,47.16,47.62,54118
2015-01-02 22:00:00,47.62,47.72,47.48,47.69,124173
2015-01-05 16:00:00,47.43,47.43,47.1,47.3,143053
2015-01-05 17:00:00,47.3,47.59,47.28,47.48,43129
2015-01-05 18:00:00,47.44,47.44,47.2,47.35,60945
2015-01-05 19:00:00,47.37,47.44,47.11,47.12,28119
2015-01-05 20:00:00,47.12,47.16,46.98,47.0,40764
2015-01-05 21:00:00,47.0,47.12,46.8,47.12,221552
2015-01-05 22:00:00,47.12,47.4,47.09,47.25,174220
2015-01-06 16:00:00,47.6,49.34,47.53,49.2,306648
2015-01-06 17:00:00,49.19,49.55,49.1,49.31,201688
2015-01-06 18:00:00,49.33,49.4,48.68,48.72,264276
2015-01-06 19:00:00,48.74,48.75,48.33,48.73,133115
2015-01-06 20:00:00,48.73,48.73,48.21,48.52,200943
2015-01-06 21:00:00,48.52,49.0,48.29,48.86,123719
2015-01-06 22:00:00,48.85,48.92,48.52,48.66,473709
2015-01-07 16:00:00,48.88,49.12,48.44,48.74,62453
2015-01-07 17:00:00,48.78,48.85,48.5,48.58,89742
2015-01-07 18:00:00,48.59,48.74,48.56,48.72,101744
2015-01-07 19:00:00,48.73,48.82,48.64,48.75,50371
2015-01-07 20:00:00,48.76,48.82,48.64,48.7,46599
2015-01-07 21:00:00,48.73,49.37,48.63,48.99,142580
2015-01-07 22:00:00,49.01,49.79,48.88,49.76,610879
2015-01-08 16:00:00,50.06,50.47,49.68,50.42,65099
2015-01-08 17:00:00,50.43,50.81,50.31,50.8,64946
2015-01-08 18:00:00,50.82,51.22,50.75,51.2,222705
2015-01-08 19:00:00,51.22,51.22,51.0,51.15,110831
2015-01-08 20:00:00,51.14,51.16,50.9,51.01,170331
2015-01-08 21:00:00,51.01,51.06,50.95,51.03,82705
2015-01-08 22:00:00,51.02,51.27,51.02,51.26,227299
2015-01-09 16:00:00,51.34,51.56,51.27,51.5,41218
2015-01-09 17:00:00,51.45,51.73,51.28,51.51,112538
2015-01-09 18:00:00,51.5,51.54,51.42,51.54,106953
2015-01-09 19:00:00,51.53,52.01,51.5,51.63,69765
2015-01-09 20:00:00,51.61,52.02,51.6,51.88,65868
2015-01-09 21:00:00,51.86,52.04,51.8,52.01,74388
2015-01-09 22:00:00,51.98,52.09,51.9,51.99,324893
2015-01-12 16:00:00,52.01,52.49,51.76,51.95,58868
2015-01-12 17:00:00,51.96,52.19,51.83,52.09,38388
2015-01-12 18:00:00,52.11,52.15,51.96,52.03,34522
2015-01-12 19:00:00,52.04,52.1,51.84,51.9,32202
2015-01-12 20:00:00,51.91,52.0,51.84,51.89,26317
2015-01-12 21:00:00,51.9,51.97,51.76,51.86,39543
2015-01-12 22:00:00,51.88,52.02,51.8,51.93,142806
2015-01-13 16:00:00,52.44,53.34,52.42,53.29,52023
2015-01-13 17:00:00,53.26,53.3,53.02,53.05,42113
2015-01-13 18:00:00,53.06,53.23,52.93,53.16,52560
2015-01-13 19:00:00,53.16,54.19,52.98,53.76,407928
2015-01-13 20:00:00,53.76,54.89,53.16,53.19,414505
2015-01-13 21:00:00,53.17,53.74,52.98,53.42,188026
2015-01-13 22:00:00,53.43,54.08,53.37,54.05,308068
2015-01-14 16:00:00,53.63,53.93,53.14,53.74,86563
2015-01-14 17:00:00,53.78,53.9,53.55,53.73,45604
2015-01-14 18:00:00,53.72,53.72,53.39,53.58,45409
2015-01-14 19:00:00,53.59,53.66,53.39,53.48,59624
2015-01-14 20:00:00,53.47,53.49,53.01,53.14,65395
2015-01-14 21:00:00,53.14,53.72,53.14,53.38,114041
2015-01-14 22:00:00,53.36,53.71,53.36,53.7,201468
2015-01-15 16:00:00,53.73,53.73,52.9,53.02,35331
2015-01-15 17:00:00,53.03,53.48,52.98,53.29,62221
2015-01-15 18:00:00,53.29,53.36,52.87,52.98,37845
2015-01-15 19:00:00,53.01,53.04,52.67,52.77,59794
2015-01-15 20:00:00,52.74,53.41,52.74,53.05,101173
2015-01-15 21:00:00,52.95,53.11,52.95,53.07,32868
2015-01-15 22:00:00,53.06,53.11,52.81,52.96,169881
2015-01-16 16:00:00,52.82,53.45,52.54,53.12,33504
2015-01-16 17:00:00,53.13,53.46,52.93,53.43,50558
2015-01-16 18:00:00,53.43,53.51,53.37,53.49,35306
2015-01-16 19:00:00,53.47,53.6,53.34,53.48,28806
2015-01-16 20:00:00,53.49,53.57,53.42,53.54,26934
2015-01-16 21:00:00,53.54,53.54,53.39,53.46,26311
2015-01-16 22:00:00,53.46,54.1,53.44,54.05,101321
2015-01-20 16:00:00,54.05,54.47,53.6,53.65,79200
2015-01-20 17:00:00,53.61,53.83,53.17,53.17,175365
2015-01-20 18:00:00,53.18,53.41,53.05,53.12,58789
2015-01-20 19:00:00,53.12,53.46,53.04,53.35,98395
2015-01-20 20:00:00,53.39,53.58,53.37,53.58,81470
2015-01-20 21:00:00,53.58,53.87,53.56,53.85,111629
2015-01-20 22:00:00,53.86,53.87,53.65,53.7,132756
2015-01-21 16:00:00,53.42,53.92,52.87,53.65,58091
2015-01-21 17:00:00,53.56,53.77,53.41,53.5,45517
2015-01-21 18:00:00,53.51,53.54,53.41,53.51,47249
2015-01-21 19:00:00,53.51,53.53,53.36,53.46,55656
2015-01-21 20:00:00,53.46,53.5,53.34,53.39,26768
2015-01-21 21:00:00,53.39,53.51,53.33,53.5,35314
2015-01-21 22:00:00,53.5,53.63,53.38,53.61,253815
2015-01-22 16:00:00,53.91,53.98,53.21,53.32,49708
2015-01-22 17:00:00,53.36,53.78,53.3,53.7,79133
2015-01-22 18:00:00,53.7,53.93,53.62,53.73,20780
2015-01-22 19:00:00,53.74,53.85,53.65,53.8,13437
2015-01-22 20:00:00,53.81,53.94,53.8,53.9,35269
2015-01-22 21:00:00,53.91,54.15,53.83,54.11,127648
2015-01-22 22:00:00,54.12,54.39,54.12,54.35,123185
2015-01-23 16:00:00,54.34,54.69,54.1,54.69,35500
2015-01-23 17:00:00,54.57,54.58,54.36,54.53,34782
2015-01-23 18:00:00,54.48,54.65,54.36,54.36,21941
2015-01-23 19:00:00,54.33,54.43,54.3,54.37,9644
2015-01-23 20:00:00,54.38,54.46,54.36,54.45,10414
2015-01-23 21:00:00,54.41,54.45,54.32,54.34,25478
2015-01-23 22:00:00,54.31,54.35,54.17,54.2,53923
2015-01-26 16:00:00,54.0,54.29,53.54,53.86,31352
2015-01-26 17:00:00,53.84,54.43,53.73,54.38,51499
2015-01-26 18:00:00,54.39,54.58,54.34,54.58,28344
2015-01-26 19:00:00,54.63,54.68,54.57,54.63,86706
2015-01-26 20:00:00,54.64,54.66,54.26,54.63,58650
2015-01-26 21:00:00,54.64,54.89,54.58,54.62,46064
2015-01-26 22:00:00,54.62,54.65,54.42,54.49,185719
2015-01-27 16:00:00,54.05,54.54,53.82,54.23,27305
2015-01-27 17:00:00,54.22,54.47,53.84,54.02,41499
2015-01-27 18:00:00,54.01,54.49,53.97,54.36,40042
2015-01-27 19:00:00,54.36,54.61,54.34,54.45,29053
2015-01-27 20:00:00,54.48,54.5,54.34,54.42,37275
2015-01-27 21:00:00,54.44,54.5,54.23,54.23,18331
2015-01-27 22:00:00,54.22,54.51,54.15,54.27,149720
2015-01-28 16:00:00,54.5,54.5,54.15,54.34,76968
2015-01-28 17:00:00,54.39,54.48,53.93,54.01,43401
2015-01-28 18:00:00,53.98,54.21,53.88,54.21,15928
2015-01-28 19:00:00,54.23,54.49,54.22,54.43,51478
2015-01-28 20:00:00,54.43,54.43,54.18,54.18,31877
2015-01-28 21:00:00,54.29,54.37,53.98,54.15,13734
2015-01-28 22:00:00,54.17,54.25,53.83,53.89,187287
2015-01-29 16:00:00,54.04,54.49,53.62,53.98,35536
2015-01-29 17:00:00,54.06,54.16,53.74,53.98,27861
2015-01-29 18:00:00,53.99,54.22,53.92,54.12,36779
2015-01-29 19:00:00,54.14,54.18,54.06,54.14,20400
2015-01-29 20:00:00,54.14,54.51,54.04,54.49,31084
2015-01-29 21:00:00,54.46,54.53,54.4,54.44,29653
2015-01-29 22:00:00,54.44,54.53,54.41,54.5,101578
2015-01-30 16:00:00,53.75,54.5,53.7,54.23,41652
2015-01-30 17:00:00,54.19,54.26,53.95,54.13,93684
2015-01-30 18:00:00,54.14,54.32,53.88,53.99,81837
2015-01-30 19:00:00,54.04,54.1,53.91,54.03,58317
2015-01-30 20:00:00,54.0,54.46,53.96,54.22,111254
2015-01-30 21:00:00,54.18,54.2,53.74,53.74,100691
2015-01-30 22:00:00,53.76,53.89,53.63,53.81,108588
2015-02-02 16:00:00,54.03,54.17,53.51,53.53,41297
2015-02-02 17:00:00,53.47,53.95,53.22,53.9,53581
2015-02-02 18:00:00,53.89,54.16,53.84,53.96,69972
2015-02-02 19:00:00,53.97,54.04,53.78,53.97,26719
2015-02-02 20:00:00,53.95,54.08,53.83,53.84,37734
2015-02-02 21:00:00,53.87,54.09,53.87,53.96,58280
2015-02-02 22:00:00,53.97,54.44,53.95,54.36,230500
2015-02-03 16:00:00,54.5,54.98,54.41,54.7,21243
2015-02-03 17:00:00,54.69,54.74,54.53,54.59,72551
2015-02-03 18:00:00,54.57,54.71,54.49,54.58,32293
2015-02-03 19:00:00,54.58,54.75,54.57,54.7,26335
2015-02-03 20:00:00,54.7,54.8,54.64,54.74,32482
2015-02-03 21:00:00,54.73,54.8,54.53,54.72,39171
2015-02-03 22:00:00,54.73,54.9,54.72,54.85,124078
2015-02-04 16:00:00,54.72,55.29,54.72,55.29,45722
2015-02-04 17:00:00,55.32,55.34,54.95,55.33,36561
2015-02-04 18:00:00,55.32,55.5,55.29,55.45,28946
2015-02-04 19:00:00,55.46,55.49,55.17,55.3,14795
2015-02-04 20:00:00,55.3,55.43,55.27,55.33,25981
2015-02-04 21:00:00,55.36,55.36,55.14,55.36,29193
2015-02-04 22:00:00,55.34,55.37,54.89,55.1,171291
2015-02-05 16:00:00,54.99,55.99,54.79,55.8,40736
2015-02-05 17:00:00,55.7,55.9,55.3,55.55,58511
2015-02-05 18:00:00,55.54,55.77,55.49,55.69,17923
2015-02-05 19:00:00,55.68,55.68,55.19,55.29,25863
2015-02-05 20:00:00,55.3,55.71,55.3,55.68,16639
2015-02-05 21:00:00,55.65,55.78,55.44,55.46,40683
2015-02-05 22:00:00,55.46,55.64,55.41,55.49,128922
2015-02-06 16:00:00,55.72,56.64,55.72,56.55,39400
2015-02-06 17:00:00,56.64,56.76,56.52,56.54,60886
2015-02-06 18:00:00,56.54,56.63,55.58,56.0,322630
2015-02-06 19:00:00,56.02,56.34,56.0,56.06,71883
2015-02-06 20:00:00,56.07,56.1,55.82,55.98,34471
2015-02-06 21:00:00,55.97,56.25,55.92,56.1,97124
2015-02-06 22:00:00,56.1,56.1,55.67,56.04,290994
2015-02-09 16:00:00,55.97,56.46,55.89,56.19,38718
2015-02-09 17:00:00,56.2,56.35,56.06,56.16,62785
2015-02-09 18:00:00,56.17,56.45,56.17,56.38,87594
2015-02-09 19:00:00,56.38,56.64,56.28,56.62,73964
2015-02-09 20:00:00,56.6,56.77,56.58,56.77,68857
2015-02-09 21:00:00,56.76,56.85,56.67,56.84,83397
2015-02-09 22:00:00,56.84,56.95,56.73,56.92,162953
2015-02-10 16:00:00,57.1,57.17,56.54,56.68,47781
2015-02-10 17:00:00,56.76,56.89,56.66,56.73,28457
2015-02-10 18:00:00,56.73,56.92,56.61,56.78,47788
2015-02-10 19:00:00,56.78,56.88,56.69,56.72,42590
2015-02-10 20:00:00,56.72,56.85,56.71,56.78,41895
2015-02-10 21:00:00,56.79,56.92,56.78,56.82,61375
2015-02-10 22:00:00,56.83,57.07,56.78,57.0,174632
2015-02-11 16:00:00,56.96,57.16,56.85,56.99,21325
2015-02-11 17:00:00,57.04,57.14,56.81,56.84,89727
2015-02-11 18:00:00,56.84,57.04,56.82,57.02,72878
2015-02-11 19:00:00,57.0,57.04,56.9,56.91,29424
2015-02-11 20:00:00,56.91,56.97,56.83,56.91,87519
2015-02-11 21:00:00,56.9,56.93,56.68,56.73,78340
2015-02-11 22:00:00,56.74,56.83,56.49,56.58,182245
2015-02-12 16:00:00,56.71,57.27,56.55,57.14,61529
2015-02-12 17:00:00,57.16,57.28,57.08,57.08,36677
2015-02-12 18:00:00,57.07,57.54,57.01,57.37,27950
2015-02-12 19:00:00,57.38,57.41,57.25,57.26,26343
2015-02-12 20:00:00,57.26,57.34,57.16,57.18,44944
2015-02-12 21:00:00,57.18,57.2,57.1,57.15,60281
2015-02-12 22:00:00,57.15,57.28,57.1,57.19,229581
2015-02-13 16:00:00,57.07,57.4,57.04,57.2,39348
2015-02-13 17:00:00,57.18,57.21,57.09,57.15,58140
2015-02-13 18:00:00,57.14,57.43,57.13,57.31,97983
2015-02-13 19:00:00,57.32,57.34,57.09,57.1,55196
2015-02-13 20:00:00,57.1,57.11,57.0,57.04,89784
2015-02-13 21:00:00,57.04,57.21,57.03,57.19,95675
2015-02-13 22:00:00,57.2,57.29,57.0,57.2,308493
2015-02-17 16:00:00,57.02,57.33,57.02,57.15,30516
2015-02-17 17:00:00,57.2,57.3,57.07,57.12,45801
2015-02-17 18:00:00,57.12,57.33,57.12,57.31,47657
2015-02-17 19:00:00,57.31,57.35,57.29,57.33,39934
2015-02-17 20:00:00,57.33,57.47,57.26,57.38,64495
2015-02-17 21:00:00,57.38,57.38,57.22,57.25,64740
2015-02-17 22:00:00,57.26,57.42,57.22,57.33,172405
2015-02-18 16:00:00,57.0,57.0,56.67,56.83,61591
2015-02-18 17:00:00,56.81,57.19,56.75,57.06,124194
2015-02-18 18:00:00,57.06,57.14,56.95,57.04,136198
2015-02-18 19:00:00,57.05,57.05,56.81,56.86,59286
2015-02-18 20:00:00,56.87,57.02,56.57,56.64,82206
2015-02-18 21:00:00,56.67,57.02,56.67,57.01,53615
2015-02-18 22:00:00,57.02,57.31,57.02,57.3,159730
2015-02-19 16:00:00,57.32,57.65,57.31,57.54,18201
2015-02-19 17:00:00,57.54,57.73,57.5,57.65,27237
2015-02-19 18:00:00,57.67,57.87,57.67,57.87,27537
2015-02-19 19:00:00,57.86,57.89,57.64,57.67,19573
2015-02-19 20:00:00,57.68,57.74,57.66,57.7,19825
2015-02-19 21:00:00,57.71,57.82,57.68,57.78,36101
2015-02-19 22:00:00,57.79,57.85,57.64,57.79,127678
2015-02-20 16:00:00,57.72,57.87,57.43,57.45,11715
2015-02-20 17:00:00,57.39,57.83,57.3,57.8,40774
2015-02-20 18:00:00,57.8,57.86,57.68,57.73,19667
2015-02-20 19:00:00,57.73,57.91,57.69,57.87,21782
2015-02-20 20:00:00,57.88,57.94,57.86,57.92,17832
2015-02-20 21:00:00,57.91,58.01,57.89,58.01,23612
2015-02-20 22:00:00,58.01,58.1,57.84,58.03,135256
2015-02-23 16:00:00,58.08,58.12,57.79,57.85,20415
2015-02-23 17:00:00,57.85,57.92,57.56,57.69,20532
2015-02-23 18:00:00,57.64,57.79,57.62,57.73,19101
2015-02-23 19:00:00,57.73,57.76,57.63,57.66,33917
2015-02-23 20:00:00,57.66,57.74,57.6,57.6,18976
2015-02-23 21:00:00,57.6,57.7,57.52,57.52,20446
2015-02-23 22:00:00,57.52,57.67,57.51,57.61,131552
2015-02-24 16:00:00,57.72,57.91,57.41,57.78,16454
2015-02-24 17:00:00,57.71,57.89,57.6,57.68,44465
2015-02-24 18:00:00,57.69,57.83,57.69,57.79,19856
2015-02-24 19:00:00,57.8,57.84,57.61,57.62,19046
2015-02-24 20:00:00,57.63,57.78,57.61,57.66,20286
2015-02-24 21:00:00,57.66,57.67,57.59,57.64,32637
2015-02-24 22:00:00,57.65,57.7,57.6,57.62,113443
2015-02-25 16:00:00,57.72,57.73,57.25,57.35,25705
2015-02-25 17:00:00,57.35,57.56,57.35,57.42,40812
2015-02-25 18:00:00,57.42,57.44,57.34,57.35,41988
2015-02-25 19:00:00,57.35,57.36,57.28,57.3,37619
2015-02-25 20:00:00,57.3,57.32,57.24,57.27,31020
2015-02-25 21:00:00,57.28,57.31,57.15,57.26,34680
2015-02-25 22:00:00,57.25,57.31,57.16,57.21,127917
2015-02-26 16:00:00,57.29,57.29,56.89,56.9,28531
2015-02-26 17:00:00,56.89,57.19,56.89,56.98,84397
2015-02-26 18:00:00,56.96,57.05,56.94,57.0,63064
2015-02-26 19:00:00,57.01,57.04,56.92,56.97,52531
2015-02-26 20:00:00,56.96,57.03,56.9,56.91,65235
2015-02-26 21:00:00,56.91,56.98,56.87,56.88,59568
2015-02-26 22:00:00,56.89,56.89,56.7,56.76,155011
2015-02-27 16:00:00,56.77,57.15,56.62,56.64,52840
2015-02-27 17:00:00,56.63,56.79,56.54,56.72,53138
2015-02-27 18:00:00,56.74,56.78,56.64,56.69,44773
2015-02-27 19:00:00,56.7,56.72,56.62,56.66,38724
2015-02-27 20:00:00,56.65,56.72,56.49,56.51,84302
2015-02-27 21:00:00,56.5,56.5,56.35,56.35,69419
2015-02-27 22:00:00,56.35,56.41,56.08,56.11,279147
2015-03-02 16:00:00,56.24,56.81,56.13,56.69,44983
2015-03-02 17:00:00,56.73,56.93,56.67,56.93,90514
2015-03-02 18:00:00,56.93,57.25,56.93,57.15,36646
2015-03-02 19:00:00,57.15,57.21,56.92,57.0,37475
2015-03-02 20:00:00,57.01,57.04,56.96,57.04,56434
2015-03-02 21:00:00,57.06,57.4,57.04,57.39,41703
2015-03-02 22:00:00,57.4,57.66,57.39,57.57,109637
2015-03-03 16:00:00,57.53,57.55,57.3,57.36,20609
2015-03-03 17:00:00,57.35,57.47,57.33,57.35,26018
2015-03-03 18:00:00,57.36,57.44,57.21,57.27,42428
2015-03-03 19:00:00,57.26,57.33,57.22,57.32,21110
2015-03-03 20:00:00,57.35,57.35,57.26,57.27,50846
2015-03-03 21:00:00,57.27,57.44,57.27,57.27,30052
2015-03-03 22:00:00,57.26,57.38,57.26,57.34,76446
2015-03-04 16:00:00,57.22,57.34,56.65,56.8,78105
2015-03-04 17:00:00,56.84,57.0,56.83,56.97,19431
2015-03-04 18:00:00,57.0,57.02,56.92,56.99,24153
2015-03-04 19:00:00,56.99,57.07,56.9,56.9,41041
2015-03-04 20:00:00,56.89,56.96,56.86,56.87,18493
2015-03-04 21:00:00,56.86,56.96,56.7,56.96,26262
2015-03-04 22:00:00,56.96,56.98,56.78,56.78,133908
2015-03-05 16:00:00,56.65,56.95,56.13,56.21,69196
2015-03-05 17:00:00,56.2,56.24,55.98,56.0,152484
2015-03-05 18:00:00,56.0,56.03,55.9,55.9,93041
2015-03-05 19:00:00,55.9,55.9,55.27,55.48,148503
2015-03-05 20:00:00,55.49,55.57,55.28,55.56,99814
2015-03-05 21:00:00,55.56,55.58,55.18,55.3,151492
2015-03-05 22:00:00,55.3,55.5,55.24,55.4,258992
2015-03-06 16:00:00,55.26,55.84,55.21,55.61,99103
2015-03-06 17:00:00,55.6,56.02,55.57,55.95,121266
2015-03-06 18:00:00,55.96,55.99,55.55,55.66,65330
2015-03-06 19:00:00,55.69,55.81,55.63,55.64,48269
2015-03-06 20:00:00,55.65,55.74,55.46,55.48,65524
2015-03-06 21:00:00,55.48,55.57,55.32,55.35,90572
2015-03-06 22:00:00,55.35,55.6,55.35,55.45,127589
2015-03-09 16:00:00,55.45,55.68,55.22,55.62,27123
2015-03-09 17:00:00,55.61,55.74,55.6,55.64,31609
2015-03-09 18:00:00,55.66,55.86,55.58,55.74,61166
2015-03-09 19:00:00,55.74,55.75,55.61,55.64,44635
2015-03-09 20:00:00,55.65,55.73,55.52,55.6,54492
2015-03-09 21:00:00,55.61,55.63,55.48,55.54,47016
2015-03-09 22:00:00,55.55,55.89,55.48,55.66,111125
2015-03-10 16:00:00,55.11,55.11,54.8,54.87,22291
2015-03-10 17:00:00,54.83,55.02,54.63,54.91,56897
2015-03-10 18:00:00,54.91,55.12,54.88,54.95,74446
2015-03-10 19:00:00,54.96,55.11,54.88,55.1,47541
2015-03-10 20:00:00,55.1,55.15,54.98,55.04,23257
2015-03-10 21:00:00,55.07,55.11,54.98,55.02,45521
2015-03-10 22:00:00,55.01,55.05,54.72,54.73,124421
2015-03-11 16:00:00,54.9,55.27,54.84,55.27,44944
2015-03-11 17:00:00,55.27,55.56,55.27,55.39,39772
2015-03-11 18:00:00,55.39,55.77,55.39,55.67,45828
2015-03-11 19:00:00,55.68,55.85,55.59,55.84,39973
2015-03-11 20:00:00,55.85,55.9,55.7,55.72,37760
2015-03-11 21:00:00,55.72,55.94,55.71,55.93,66957
2015-03-11 22:00:00,55.93,56.04,55.7,55.85,149555
2015-03-12 16:00:00,56.09,56.61,56.01,56.51,26299
2015-03-12 17:00:00,56.53,56.59,56.13,56.55,57689
2015-03-12 18:00:00,56.54,56.81,56.5,56.76,26317
2015-03-12 19:00:00,56.78,56.85,56.78,56.82,18674
2015-03-12 20:00:00,56.82,56.83,56.74,56.81,20324
2015-03-12 21:00:00,56.79,56.94,56.78,56.94,23902
2015-03-12 22:00:00,56.95,57.24,56.93,57.19,95214
2015-03-13 16:00:00,57.16,57.26,56.85,56.94,28711
2015-03-13 17:00:00,56.88,56.97,56.69,56.69,20588
2015-03-13 18:00:00,56.7,56.7,56.32,56.33,19618
2015-03-13 19:00:00,56.32,56.62,56.28,56.62,12908
2015-03-13 20:00:00,56.56,56.72,56.48,56.64,16879
2015-03-13 21:00:00,56.64,56.64,56.5,56.55,19628
2015-03-13 22:00:00,56.58,56.85,56.5,56.73,68550
2015-03-16 16:00:00,57.0,57.62,56.99,57.61,14213
2015-03-16 17:00:00,57.64,57.7,57.52,57.67,19019
2015-03-16 18:00:00,57.67,57.86,57.61,57.83,29032
2015-03-16 19:00:00,57.82,57.83,57.62,57.62,12685
2015-03-16 20:00:00,57.61,57.89,57.52,57.89,23827
2015-03-16 21:00:00,57.89,57.9,57.78,57.84,19488
2015-03-16 22:00:00,57.85,57.93,57.75,57.89,67889
2015-03-17 16:00:00,57.81,58.12,57.81,58.12,36340
2015-03-17 17:00:00,58.08,58.29,57.98,58.29,37019
2015-03-17 18:00:00,58.29,58.29,57.97,58.12,17424
2015-03-17 19:00:00,58.11,58.32,57.96,58.31,32505
2015-03-17 20:00:00,58.3,58.3,58.2,58.27,14477
2015-03-17 21:00:00,58.27,58.4,58.23,58.38,28791
2015-03-17 22:00:00,58.38,58.58,58.32,58.44,132512
2015-03-18 16:00:00,58.32,58.62,58.22,58.3,59305
2015-03-18 17:00:00,58.26,58.41,58.22,58.29,69977
2015-03-18 18:00:00,58.29,58.39,58.25,58.3,36056
2015-03-18 19:00:00,58.28,58.39,58.25,58.3,23606
2015-03-18 20:00:00,58.31,58.38,58.22,58.38,90156
2015-03-18 21:00:00,58.38,58.81,58.38,58.72,69711
2015-03-18 22:00:00,58.73,58.86,58.61,58.68,99634
2015-03-19 16:00:00,58.68,58.79,58.5,58.57,12859
2015-03-19 17:00:00,58.56,58.59,58.46,58.55,27633
2015-03-19 18:00:00,58.51,58.55,58.45,58.49,35840
2015-03-19 19:00:00,58.48,58.58,58.46,58.52,26710
2015-03-19 20:00:00,58.51,58.53,58.36,58.37,43860
2015-03-19 21:00:00,58.38,58.68,58.28,58.61,104068
2015-03-19 22:00:00,58.62,58.78,58.51,58.62,179051
2015-03-20 16:00:00,58.8,58.92,58.51,58.8,141627
2015-03-20 17:00:00,58.81,59.3,58.81,59.3,29632
2015-03-20 18:00:00,59.3,59.56,59.27,59.49,39279
2015-03-20 19:00:00,59.47,59.51,59.31,59.39,36861
2015-03-20 20:00:00,59.38,59.65,59.36,59.59,31226
2015-03-20 21:00:00,59.61,59.65,59.41,59.43,37968
2015-03-20 22:00:00,59.44,59.87,59.37,59.69,282381
2015-03-23 16:00:00,59.69,59.85,59.18,59.71,19171
2015-03-23 17:00:00,59.68,59.8,59.54,59.59,34677
2015-03-23 18:00:00,59.59,60.06,59.57,59.89,117503
2015-03-23 19:00:00,59.88,59.92,59.72,59.72,36552
2015-03-23 20:00:00,59.72,59.99,59.63,59.99,30180
2015-03-23 21:00:00,59.96,60.05,59.86,60.03,32412
2015-03-23 22:00:00,60.05,60.18,59.98,60.17,153298
2015-03-24 16:00:00,60.16,60.16,59.68,59.83,23518
2015-03-24 17:00:00,59.82,59.98,59.64,59.78,47662
2015-03-24 18:00:00,59.79,60.08,59.75,59.92,53279
2015-03-24 19:00:00,59.92,59.94,59.71,59.76,24337
2015-03-24 20:00:00,59.77,59.91,59.67,59.74,47809
2015-03-24 21:00:00,59.72,60.02,59.67,59.99,44738
2015-03-24 22:00:00,59.99,60.05,59.77,59.78,135093
2015-03-25 16:00:00,59.96,60.19,59.55,59.63,246056
2015-03-25 17:00:00,59.69,59.95,59.69,59.75,66889
2015-03-25 18:00:00,59.76,59.79,59.38,59.59,106203
2015-03-25 19:00:00,59.59,59.66,59.45,59.57,88147
2015-03-25 20:00:00,59.56,59.57,59.24,59.28,56645
2015-03-25 21:00:00,59.28,59.45,59.25,59.42,214539
2015-03-25 22:00:00,59.42,59.42,59.24,59.33,158479
2015-03-26 16:00:00,59.17,59.69,59.09,59.46,44066
2015-03-26 17:00:00,59.47,59.76,59.29,59.75,186573
2015-03-26 18:00:00,59.74,59.74,59.57,59.73,68380
2015-03-26 19:00:00,59.75,59.83,59.66,59.82,20876
2015-03-26 20:00:00,59.82,60.01,59.68,59.95,33018
2015-03-26 21:00:00,59.94,59.95,59.79,59.8,45647
2015-03-26 22:00:00,59.76,59.87,59.65,59.82,87732
2015-03-27 16:00:00,59.18,59.69,58.89,59.13,106482
2015-03-27 17:00:00,59.12,59.51,59.11,59.32,84523
2015-03-27 18:00:00,59.32,59.54,59.24,59.32,87944
2015-03-27 19:00:00,59.31,59.41,59.19,59.41,42712
2015-03-27 20:00:00,59.4,59.42,59.29,59.35,49312
2015-03-27 21:00:00,59.35,59.41,59.2,59.31,85168
2015-03-27 22:00:00,59.3,59.67,59.3,59.57,138452
2015-03-30 16:00:00,60.0,60.29,59.82,60.23,23528
2015-03-30 17:00:00,60.26,60.29,60.09,60.19,29266
2015-03-30 18:00:00,60.19,60.21,60.08,60.14,24214
2015-03-30 19:00:00,60.16,60.45,60.16,60.45,22063
2015-03-30 20:00:00,60.44,61.15,60.42,61.13,97253
2015-03-30 21:00:00,61.13,61.29,60.87,61.05,75401
2015-03-30 22:00:00,61.04,61.04,60.73,60.93,143401
2015-03-31 16:00:00,60.89,61.04,60.57,61.04,40683
2015-03-31 17:00:00,61.08,61.24,60.92,61.13,47490
2015-03-31 18:00:00,61.12,61.26,61.11,61.14,52161
2015-03-31 19:00:00,61.12,61.22,61.07,61.17,35898
2015-03-31 20:00:00,61.17,61.24,61.13,61.16,24080
2015-03-31 21:00:00,61.18,61.36,61.14,61.32,34292
2015-03-31 22:00:00,61.31,61.41,61.04,61.31,253370
2015-04-01 16:00:00,61.18,61.51,60.43,60.48,74682
2015-04-01 17:00:00,60.46,60.78,60.44,60.75,85182
2015-04-01 18:00:00,60.77,60.77,60.54,60.55,60508
2015-04-01 19:00:00,60.56,60.69,60.53,60.64,52886
2015-04-01 20:00:00,60.64,60.87,60.56,60.86,49864
2015-04-01 21:00:00,60.86,60.88,60.6,60.73,49641
2015-04-01 22:00:00,60.73,61.05,60.61,61.05,155675
2015-04-02 16:00:00,61.11,61.44,60.91,61.32,40455
2015-04-02 17:00:00,61.34,61.54,61.12,61.19,53778
2015-04-02 18:00:00,61.2,61.33,61.16,61.29,50506
2015-04-02 19:00:00,61.27,61.29,61.15,61.27,56532
2015-04-02 20:00:00,61.27,61.38,61.18,61.18,40028
2015-04-02 21:00:00,61.19,61.3,61.04,61.15,48881
2015-04-02 22:00:00,61.16,61.56,61.14,61.49,124011
2015-04-06 16:00:00,61.21,62.19,61.11,61.85,48877
2015-04-06 17:00:00,61.9,62.08,61.73,61.95,77361
2015-04-06 18:00:00,61.98,62.24,61.98,62.2,66515
2015-04-06 19:00:00,62.21,62.34,62.15,62.31,48607
2015-04-06 20:00:00,62.32,62.34,62.18,62.21,44706
2015-04-06 21:00:00,62.21,62.35,62.2,62.28,65388
2015-04-06 22:00:00,62.28,62.32,62.0,62.15,183021
2015-04-07 16:00:00,62.09,62.12,61.51,61.56,25644
2015-04-07 17:00:00,61.61,61.73,61.41,61.41,48525
2015-04-07 18:00:00,61.4,61.52,61.17,61.35,76573
2015-04-07 19:00:00,61.37,61.56,61.37,61.49,35201
2015-04-07 20:00:00,61.51,61.52,61.24,61.27,56864
2015-04-07 21:00:00,61.28,61.37,61.24,61.26,29204
2015-04-07 22:00:00,61.26,61.44,61.22,61.27,146906
2015-04-08 16:00:00,61.3,62.01,61.3,61.77,25492
2015-04-08 17:00:00,61.77,61.77,61.44,61.44,27544
2015-04-08 18:00:00,61.44,61.59,61.44,61.48,38573
2015-04-08 19:00:00,61.5,61.52,61.42,61.46,38029
2015-04-08 20:00:00,61.46,61.47,61.36,61.46,33702
2015-04-08 21:00:00,61.46,61.63,61.19,61.51,178204
2015-04-08 22:00:00,61.54,61.85,61.48,61.83,178285
2015-04-09 16:00:00,61.72,61.99,61.5,61.57,61029
2015-04-09 17:00:00,61.6,61.75,61.01,61.06,68749
2015-04-09 18:00:00,61.06,61.13,60.93,61.06,49316
2015-04-09 19:00:00,61.06,61.07,60.97,60.98,91428
2015-04-09 20:00:00,61.0,61.03,60.84,60.85,60785
2015-04-09 21:00:00,60.86,60.87,60.68,60.72,59758
2015-04-09 22:00:00,60.72,60.9,60.71,60.74,274065
2015-04-10 16:00:00,60.77,61.0,60.67,60.89,35186
2015-04-10 17:00:00,60.9,60.95,60.48,60.51,109725
2015-04-10 18:00:00,60.54,60.65,60.48,60.6,94283
2015-04-10 19:00:00,60.6,60.61,60.47,60.54,37808
2015-04-10 20:00:00,60.54,60.57,60.42,60.42,36916
2015-04-10 21:00:00,60.43,60.45,60.3,60.35,70704
2015-04-10 22:00:00,60.36,60.61,60.33,60.59,159938
2015-04-13 16:00:00,60.51,60.97,60.51,60.9,19848
2015-04-13 17:00:00,60.93,60.93,60.68,60.76,39569
2015-04-13 18:00:00,60.75,60.81,60.58,60.64,64373
2015-04-13 19:00:00,60.65,60.66,60.51,60.52,49796
2015-04-13 20:00:00,60.53,60.55,60.47,60.5,33234
2015-04-13 21:00:00,60.5,60.51,60.37,60.47,33419
2015-04-13 22:00:00,60.48,60.51,60.29,60.33,140450
2015-04-14 16:00:00,60.46,60.68,60.12,60.16,415528
2015-04-14 17:00:00,60.16,60.33,60.02,60.25,128250
2015-04-14 18:00:00,60.24,60.71,60.24,60.65,310107
2015-04-14 19:00:00,60.66,61.0,60.63,60.99,194487
2015-04-14 20:00:00,60.99,61.04,60.82,60.91,37901
2015-04-14 21:00:00,60.91,61.04,60.87,61.02,79294
2015-04-14 22:00:00,61.04,61.13,60.97,61.08,279342
2015-04-15 16:00:00,61.1,61.1,60.68,60.75,204139
2015-04-15 17:00:00,60.78,61.06,60.69,60.97,78401
2015-04-15 18:00:00,60.95,61.05,60.92,61.0,102105
2015-04-15 19:00:00,61.0,61.03,60.91,61.0,159541
2015-04-15 20:00:00,61.0,61.02,60.95,60.97,132556
2015-04-15 21:00:00,60.98,61.04,60.88,60.99,117062
2015-04-15 22:00:00,60.97,61.06,60.89,61.01,295626
2015-04-16 16:00:00,60.85,61.36,60.54,61.2,33231
2015-04-16 17:00:00,61.19,61.23,60.95,61.15,23043
2015-04-16 18:00:00,61.16,61.41,61.16,61.23,13433
2015-04-16 19:00:00,61.23,61.29,61.18,61.25,14988
2015-04-16 20:00:00,61.23,61.38,61.14,61.34,16511
2015-04-16 21:00:00,61.34,61.34,61.19,61.19,18536
2015-04-16 22:00:00,61.19,61.25,61.13,61.2,71556
2015-04-17 16:00:00,61.0,61.09,60.62,60.84,81137
2015-04-17 17:00:00,60.83,61.05,60.64,60.81,92186
2015-04-17 18:00:00,60.8,61.05,60.61,61.0,66696
2015-04-17 19:00:00,60.99,61.08,60.96,61.03,18835
2015-04-17 20:00:00,61.02,61.05,60.92,61.02,48398
2015-04-17 21:00:00,61.0,61.06,60.92,60.97,156635
2015-04-17 22:00:00,60.98,61.1,60.79,60.89,295740
2015-04-20 16:00:00,61.15,61.47,61.01,61.31,35090
2015-04-20 17:00:00,61.29,61.35,60.94,61.08,25248
2015-04-20 18:00:00,61.1,61.16,60.92,61.12,47885
2015-04-20 19:00:00,61.13,61.23,61.04,61.05,23108
2015-04-20 20:00:00,61.07,61.09,60.9,60.92,25813
2015-04-20 21:00:00,60.92,61.03,60.89,61.02,27335
2015-04-20 22:00:00,61.04,61.11,60.94,60.95,169532
2015-04-21 16:00:00,61.22,61.46,60.79,61.18,40541
2015-04-21 17:00:00,61.16,61.27,60.82,60.84,124738
2015-04-21 18:00:00,60.88,60.98,60.83,60.92,94973
2015-04-21 19:00:00,60.92,60.95,60.83,60.9,49360
2015-04-21 20:00:00,60.9,60.97,60.88,60.89,53607
2015-04-21 21:00:00,60.9,60.97,60.81,60.84,107324
2015-04-21 22:00:00,60.88,60.97,60.84,60.85,159436
2015-04-22 16:00:00,60.87,60.94,60.06,60.21,136090
2015-04-22 17:00:00,60.24,60.95,60.24,60.91,123331
2015-04-22 18:00:00,60.89,61.03,60.61,61.0,145034
2015-04-22 19:00:00,61.0,61.21,60.92,61.15,127441
2015-04-22 20:00:00,61.15,61.15,60.85,60.9,70369
2015-04-22 21:00:00,60.9,61.19,60.88,61.15,42100
2015-04-22 22:00:00,61.18,61.63,61.12,61.61,188707
2015-04-23 16:00:00,61.56,61.96,61.12,61.68,22447
2015-04-23 17:00:00,61.71,61.8,61.53,61.62,54826
2015-04-23 18:00:00,61.62,61.82,61.6,61.81,58820
2015-04-23 19:00:00,61.81,62.17,61.79,62.17,27171
2015-04-23 20:00:00,62.16,62.26,62.15,62.2,28448
2015-04-23 21:00:00,62.18,62.34,62.17,62.29,24859
2015-04-23 22:00:00,62.3,62.48,62.13,62.26,134129
2015-04-24 16:00:00,62.26,62.26,61.5,62.02,40698
2015-04-24 17:00:00,62.04,62.38,62.02,62.27,42870
2015-04-24 18:00:00,62.29,62.32,62.05,62.06,27577
2015-04-24 19:00:00,62.07,62.26,62.06,62.21,38763
2015-04-24 20:00:00,62.21,62.46,62.17,62.44,47172
2015-04-24 21:00:00,62.44,62.55,62.29,62.48,49906
2015-04-24 22:00:00,62.49,62.77,62.49,62.74,162521
2015-04-27 16:00:00,62.84,63.2,62.6,63.2,34419
2015-04-27 17:00:00,63.2,63.24,62.77,62.78,30433
2015-04-27 18:00:00,62.8,62.97,62.75,62.78,33139
2015-04-27 19:00:00,62.77,62.93,62.44,62.55,46559
2015-04-27 20:00:00,62.6,63.11,62.58,63.07,100878
2015-04-27 21:00:00,63.06,63.06,62.8,62.98,57723
2015-04-27 22:00:00,62.99,63.09,62.84,62.99,161188
2015-04-28 16:00:00,63.12,63.12,62.82,62.86,15596
2015-04-28 17:00:00,62.85,62.89,62.3,62.74,28995
2015-04-28 18:00:00,62.77,63.12,62.76,63.1,21882
2015-04-28 19:00:00,63.14,63.14,63.0,63.05,28122
2015-04-28 20:00:00,63.08,63.13,62.93,62.95,50000
2015-04-28 21:00:00,62.95,62.99,62.84,62.91,74047
2015-04-28 22:00:00,62.93,63.01,62.8,62.95,169663
2015-04-29 16:00:00,62.56,63.02,62.48,62.82,90666
2015-04-29 17:00:00,62.76,62.83,62.52,62.73,85026
2015-04-29 18:00:00,62.73,62.81,62.67,62.7,96014
2015-04-29 19:00:00,62.7,62.7,62.34,62.55,55862
2015-04-29 20:00:00,62.55,62.6,62.46,62.58,58776
2015-04-29 21:00:00,62.58,62.73,62.39,62.66,131199
2015-04-29 22:00:00,62.69,62.72,62.53,62.66,128790
2015-04-30 16:00:00,61.73,62.6,61.58,61.76,27813
2015-04-30 17:00:00,61.82,62.03,61.58,61.97,35958
2015-04-30 18:00:00,61.92,62.36,61.92,62.11,35751
2015-04-30 19:00:00,62.11,62.14,61.9,61.99,36258
2015-04-30 20:00:00,62.03,62.27,61.99,62.16,33735
2015-04-30 21:00:00,62.14,62.18,61.8,61.83,86547
2015-04-30 22:00:00,61.84,61.84,61.08,61.2,266119
2015-05-01 16:00:00,61.55,62.02,61.14,61.75,43436
2015-05-01 17:00:00,61.75,62.2,61.7,61.77,55459
2015-05-01 18:00:00,61.76,62.03,61.61,61.76,48337
2015-05-01 19:00:00,61.78,62.16,61.72,62.14,43539
2015-05-01 20:00:00,62.13,62.22,61.92,62.19,36550
2015-05-01 21:00:00,62.21,62.37,62.1,62.22,54722
2015-05-01 22:00:00,62.22,62.39,62.15,62.32,121418
2015-05-04 16:00:00,62.38,62.69,62.26,62.59,21080
2015-05-04 17:00:00,62.59,62.71,62.35,62.39,84864
2015-05-04 18:00:00,62.38,62.43,62.12,62.23,70645
2015-05-04 19:00:00,62.25,62.48,62.23,62.46,46601
2015-05-04 20:00:00,62.45,62.47,62.31,62.46,37584
2015-05-04 21:00:00,62.49,62.61,62.44,62.57,30111
2015-05-04 22:00:00,62.53,62.61,62.38,62.42,87776
2015-05-05 16:00:00,62.21,62.38,61.96,61.98,14745
2015-05-05 17:00:00,61.99,62.25,61.94,62.11,60039
2015-05-05 18:00:00,62.1,62.14,61.81,61.91,66014
2015-05-05 19:00:00,61.93,62.12,61.93,62.04,33517
2015-05-05 20:00:00,62.05,62.06,61.83,62.05,53625
2015-05-05 21:00:00,62.05,62.09,61.88,61.96,43723
2015-05-05 22:00:00,61.97,62.14,61.96,62.03,107663
2015-05-06 16:00:00,62.11,62.45,61.86,62.0,18078
2015-05-06 17:00:00,62.0,62.05,61.81,61.95,31208
2015-05-06 18:00:00,61.95,62.07,61.89,61.96,21940
2015-05-06 19:00:00,61.95,61.96,61.67,61.75,24548
2015-05-06 20:00:00,61.75,61.76,61.52,61.58,33989
2015-05-06 21:00:00,61.58,61.59,61.39,61.48,39723
2015-05-06 22:00:00,61.49,61.49,61.38,61.47,129678
2015-05-07 16:00:00,61.25,61.69,61.11,61.49,27450
2015-05-07 17:00:00,61.43,61.81,61.35,61.79,29325
2015-05-07 18:00:00,61.78,61.81,61.63,61.66,32758
2015-05-07 19:00:00,61.67,61.95,61.67,61.83,46034
2015-05-07 20:00:00,61.86,61.86,61.71,61.73,42189
2015-05-07 21:00:00,61.73,61.77,61.53,61.6,98424
2015-05-07 22:00:00,61.6,61.64,61.51,61.57,151633
2015-05-08 16:00:00,62.06,62.41,61.92,62.2,22394
2015-05-08 17:00:00,62.21,62.27,61.96,62.2,71456
2015-05-08 18:00:00,62.21,62.26,62.14,62.25,43507
2015-05-08 19:00:00,62.25,62.27,62.1,62.19,21756
2015-05-08 20:00:00,62.2,62.24,61.93,61.95,101977
2015-05-08 21:00:00,61.97,62.08,61.97,62.02,87408
2015-05-08 22:00:00,62.02,62.21,61.99,62.09,165700
2015-05-11 16:00:00,62.13,62.38,61.93,62.12,30356
2015-05-11 17:00:00,62.18,62.29,62.07,62.17,32439
2015-05-11 18:00:00,62.15,62.15,61.92,62.14,88945
2015-05-11 19:00:00,62.13,62.19,61.94,61.96,42943
2015-05-11 20:00:00,61.98,62.02,61.91,61.96,56570
2015-05-11 21:00:00,61.96,61.99,61.91,61.92,29379
2015-05-11 22:00:00,61.92,61.97,61.82,61.84,63531
2015-05-12 16:00:00,61.44,61.91,60.82,61.08,27617
2015-05-12 17:00:00,61.05,61.32,60.97,61.12,81158
2015-05-12 18:00:00,61.12,61.32,61.05,61.32,70934
2015-05-12 19:00:00,61.37,61.39,61.16,61.29,70201
2015-05-12 20:00:00,61.28,61.44,61.24,61.41,97673
2015-05-12 21:00:00,61.41,61.46,61.31,61.39,44593
2015-05-12 22:00:00,61.41,61.46,61.33,61.36,77433
2015-05-13 16:00:00,61.15,61.57,61.05,61.46,37860
2015-05-13 17:00:00,61.49,61.6,61.13,61.36,32666
2015-05-13 18:00:00,61.28,61.76,61.17,61.69,50564
2015-05-13 19:00:00,61.68,61.79,61.49,61.73,35697
2015-05-13 20:00:00,61.75,61.88,61.73,61.8,28010
2015-05-13 21:00:00,61.84,61.86,61.7,61.76,27521
2015-05-13 22:00:00,61.76,61.83,61.73,61.83,77880
2015-05-14 16:00:00,62.0,62.34,61.82,62.12,27819
2015-05-14 17:00:00,62.13,62.58,62.13,62.52,51696
2015-05-14 18:00:00,62.51,62.58,62.38,62.54,61701
2015-05-14 19:00:00,62.54,62.57,62.47,62.55,50396
2015-05-14 20:00:00,62.54,62.58,62.49,62.52,67388
2015-05-14 21:00:00,62.51,62.54,62.44,62.47,43674
2015-05-14 22:00:00,62.48,62.56,62.44,62.56,137565
2015-05-15 16:00:00,62.65,62.7,62.33,62.49,30917
2015-05-15 17:00:00,62.47,62.6,62.43,62.51,48691
2015-05-15 18:00:00,62.49,62.54,62.37,62.41,26146
2015-05-15 19:00:00,62.42,62.47,62.35,62.44,20865
2015-05-15 20:00:00,62.41,62.47,62.39,62.4,17193
2015-05-15 21:00:00,62.38,62.5,62.35,62.48,36675
2015-05-15 22:00:00,62.49,62.53,62.43,62.46,89364
2015-05-18 16:00:00,62.36,62.85,62.12,62.77,21220
2015-05-18 17:00:00,62.76,62.86,62.28,62.78,75191
2015-05-18 18:00:00,62.79,63.33,62.79,63.21,82342
2015-05-18 19:00:00,63.24,63.3,63.04,63.05,45901
2015-05-18 20:00:00,63.06,63.26,63.04,63.26,67366
2015-05-18 21:00:00,63.27,63.43,63.21,63.4,62529
2015-05-18 22:00:00,63.41,63.55,63.31,63.54,119734
2015-05-19 16:00:00,63.5,63.55,63.27,63.37,48459
2015-05-19 17:00:00,63.4,63.5,63.25,63.26,88621
2015-05-19 18:00:00,63.28,63.41,63.27,63.37,52813
2015-05-19 19:00:00,63.35,63.39,63.27,63.27,29550
2015-05-19 20:00:00,63.27,63.53,63.27,63.51,116015
2015-05-19 21:00:00,63.51,63.53,63.45,63.49,88110
2015-05-19 22:00:00,63.49,63.62,63.4,63.59,121831
2015-05-20 16:00:00,63.76,63.78,63.28,63.57,24492
2015-05-20 17:00:00,63.57,63.68,63.5,63.53,99841
2015-05-20 18:00:00,63.52,63.52,63.13,63.15,69591
2015-05-20 19:00:00,63.15,63.22,63.08,63.11,32851
2015-05-20 20:00:00,63.11,63.52,63.06,63.52,58783
2015-05-20 21:00:00,63.5,63.59,63.27,63.38,59597
2015-05-20 22:00:00,63.39,63.39,63.1,63.13,137820
2015-05-21 16:00:00,62.99,63.12,62.78,62.83,59812
2015-05-21 17:00:00,62.8,62.93,62.75,62.87,52812
2015-05-21 18:00:00,62.9,63.24,62.9,63.17,32443
2015-05-21 19:00:00,63.1,63.28,63.07,63.24,21232
2015-05-21 20:00:00,63.25,63.26,62.97,63.01,24200
2015-05-21 21:00:00,63.01,63.12,62.95,63.01,19455
2015-05-21 22:00:00,63.01,63.06,62.88,63.02,107912
2015-05-22 16:00:00,63.06,63.27,63.0,63.27,8186
2015-05-22 17:00:00,63.27,63.37,63.19,63.34,15982
2015-05-22 18:00:00,63.36,63.63,63.18,63.6,32714
2015-05-22 19:00:00,63.63,63.65,63.48,63.58,14125
2015-05-22 20:00:00,63.54,63.71,63.48,63.69,18147
2015-05-22 21:00:00,63.71,63.71,63.46,63.53,27969
2015-05-22 22:00:00,63.5,63.68,63.39,63.42,55939
2015-05-26 16:00:00,63.67,63.8,63.22,63.31,37711
2015-05-26 17:00:00,63.29,63.31,63.05,63.15,34870
2015-05-26 18:00:00,63.11,63.17,63.03,63.09,22817
2015-05-26 19:00:00,63.06,63.23,63.04,63.04,24490
2015-05-26 20:00:00,63.0,63.09,62.89,62.97,17653
2015-05-26 21:00:00,62.98,63.1,62.96,63.06,22126
2015-05-26 22:00:00,63.05,63.24,63.04,63.21,74295
2015-05-27 16:00:00,63.2,63.25,62.71,62.88,37633
2015-05-27 17:00:00,62.87,62.89,62.66,62.68,31132
2015-05-27 18:00:00,62.7,62.81,62.64,62.74,43606
2015-05-27 19:00:00,62.74,62.82,62.67,62.69,41746
2015-05-27 20:00:00,62.7,62.75,62.67,62.71,64213
2015-05-27 21:00:00,62.71,62.76,62.63,62.7,76034
2015-05-27 22:00:00,62.71,62.76,62.59,62.7,151827
2015-05-28 16:00:00,62.7,62.7,62.42,62.45,20361
2015-05-28 17:00:00,62.46,62.6,62.44,62.59,19247
2015-05-28 18:00:00,62.59,62.72,62.56,62.58,20952
2015-05-28 19:00:00,62.59,62.7,62.58,62.62,22124
2015-05-28 20:00:00,62.6,62.64,62.46,62.63,31251
2015-05-28 21:00:00,62.64,62.7,62.6,62.68,34510
2015-05-28 22:00:00,62.67,62.76,62.6,62.66,139639
2015-05-29 16:00:00,62.67,62.7,62.37,62.37,14073
2015-05-29 17:00:00,62.4,62.44,62.05,62.11,16277
2015-05-29 18:00:00,62.12,62.21,61.99,62.11,31224
2015-05-29 19:00:00,62.11,62.25,62.06,62.09,63740
2015-05-29 20:00:00,62.09,62.16,62.06,62.15,50445
2015-05-29 21:00:00,62.14,62.18,62.04,62.08,49748
2015-05-29 22:00:00,62.07,62.16,62.04,62.05,137420
2015-06-01 16:00:00,62.35,62.66,62.13,62.22,31129
2015-06-01 17:00:00,62.2,62.24,61.74,62.07,52145
2015-06-01 18:00:00,62.07,62.13,61.97,62.05,92578
2015-06-01 19:00:00,62.09,62.18,62.05,62.08,63558
2015-06-01 20:00:00,62.1,62.28,62.07,62.24,72089
2015-06-01 21:00:00,62.24,62.28,62.13,62.21,51680
2015-06-01 22:00:00,62.22,62.29,62.12,62.15,79512
2015-06-02 16:00:00,62.01,62.3,61.9,62.12,23691
2015-06-02 17:00:00,62.1,62.3,62.08,62.15,32073
2015-06-02 18:00:00,62.18,62.23,62.14,62.21,16138
2015-06-02 19:00:00,62.21,62.26,62.12,62.2,110276
2015-06-02 20:00:00,62.23,62.23,62.18,62.21,28949
2015-06-02 21:00:00,62.22,62.24,62.14,62.19,27706
2015-06-02 22:00:00,62.19,62.23,62.15,62.19,60470
2015-06-03 16:00:00,62.16,62.59,62.1,62.43,33056
2015-06-03 17:00:00,62.44,62.52,62.41,62.47,110187
2015-06-03 18:00:00,62.48,62.61,62.42,62.52,149950
2015-06-03 19:00:00,62.52,62.55,62.43,62.51,43622
2015-06-03 20:00:00,62.51,62.53,62.43,62.45,54661
2015-06-03 21:00:00,62.47,62.54,62.46,62.5,51494
2015-06-03 22:00:00,62.5,62.52,62.42,62.48,141423
2015-06-04 16:00:00,62.18,62.56,62.15,62.3,65551
2015-06-04 17:00:00,62.3,62.39,62.24,62.27,238521
2015-06-04 18:00:00,62.25,62.3,62.19,62.26,73808
2015-06-04 19:00:00,62.24,62.24,62.14,62.16,63605
2015-06-04 20:00:00,62.17,62.17,61.97,62.1,43078
2015-06-04 21:00:00,62.08,62.12,62.02,62.08,61968
2015-06-04 22:00:00,62.08,62.09,61.94,62.0,67103
2015-06-05 16:00:00,61.94,62.04,61.62,61.88,23964
2015-06-05 17:00:00,61.94,62.0,61.79,61.93,54045
2015-06-05 18:00:00,61.91,61.96,61.87,61.93,40566
2015-06-05 19:00:00,61.91,61.92,61.85,61.9,28611
2015-06-05 20:00:00,61.91,61.91,61.85,61.86,35281
2015-06-05 21:00:00,61.86,61.87,61.78,61.81,65514
2015-06-05 22:00:00,61.81,61.83,61.76,61.76,149750
2015-06-08 16:00:00,61.8,61.87,61.69,61.8,27150
2015-06-08 17:00:00,61.8,61.81,61.69,61.7,44706
2015-06-08 18:00:00,61.69,61.72,61.54,61.59,51229
2015-06-08 19:00:00,61.6,61.71,61.6,61.6,45510
2015-06-08 20:00:00,61.61,61.7,61.49,61.54,41803
2015-06-08 21:00:00,61.53,61.7,61.47,61.62,41461
2015-06-08 22:00:00,61.64,61.65,61.38,61.39,86222
2015-06-09 16:00:00,61.43,61.52,61.07,61.32,18710
2015-06-09 17:00:00,61.32,61.48,61.17,61.46,26418
2015-06-09 18:00:00,61.49,61.62,61.28,61.54,42078
2015-06-09 19:00:00,61.55,61.65,61.55,61.57,25868
2015-06-09 20:00:00,61.6,61.63,61.55,61.6,26349
2015-06-09 21:00:00,61.59,61.62,61.54,61.59,32423
2015-06-09 22:00:00,61.59,61.59,61.4,61.41,75574
2015-06-10 16:00:00,61.54,61.63,61.39,61.58,59852
2015-06-10 17:00:00,61.61,61.65,61.47,61.59,97979
2015-06-10 18:00:00,61.61,61.76,61.56,61.7,131823
2015-06-10 19:00:00,61.7,61.75,61.65,61.71,60911
2015-06-10 20:00:00,61.7,61.71,61.66,61.69,44834
2015-06-10 21:00:00,61.7,61.86,61.69,61.77,71182
2015-06-10 22:00:00,61.77,61.98,61.65,61.69,207103
2015-06-11 16:00:00,61.81,62.07,61.45,61.97,53083
2015-06-11 17:00:00,61.97,62.06,61.85,61.98,49198
2015-06-11 18:00:00,61.98,62.1,61.94,61.96,47813
2015-06-11 19:00:00,61.98,62.02,61.93,61.96,52117
2015-06-11 20:00:00,61.97,62.02,61.95,62.01,61312
2015-06-11 21:00:00,62.0,62.01,61.93,61.99,52227
2015-06-11 22:00:00,62.0,62.03,61.98,62.01,147836
2015-06-12 16:00:00,61.97,62.14,61.74,61.93,45932
2015-06-12 17:00:00,61.97,62.01,61.77,61.79,48614
2015-06-12 18:00:00,61.78,61.95,61.76,61.84,48864
2015-06-12 19:00:00,61.88,62.04,61.82,61.99,61250
2015-06-12 20:00:00,61.99,62.08,61.98,62.0,39756
2015-06-12 21:00:00,62.0,62.01,61.95,61.98,39771
2015-06-12 22:00:00,61.99,62.01,61.89,61.89,91383
2015-06-15 16:00:00,61.52,61.55,60.95,61.07,35841
2015-06-15 17:00:00,61.05,61.2,60.99,61.1,44917
2015-06-15 18:00:00,61.11,61.41,61.11,61.21,60653
2015-06-15 19:00:00,61.2,61.34,61.19,61.2,90053
2015-06-15 20:00:00,61.2,61.21,61.0,61.01,144302
2015-06-15 21:00:00,61.02,61.19,60.99,61.06,152001
2015-06-15 22:00:00,61.06,61.23,61.01,61.21,250161
2015-06-16 16:00:00,61.09,61.78,61.06,61.7,93196
2015-06-16 17:00:00,61.69,61.72,61.48,61.63,68368
2015-06-16 18:00:00,61.64,61.74,61.64,61.7,66020
2015-06-16 19:00:00,61.7,61.74,61.64,61.72,49353
2015-06-16 20:00:00,61.72,61.8,61.69,61.75,66695
2015-06-16 21:00:00,61.78,61.81,61.68,61.79,69536
2015-06-16 22:00:00,61.79,61.85,61.69,61.69,168938
2015-06-17 16:00:00,61.7,61.85,61.67,61.73,27543
2015-06-17 17:00:00,61.73,61.89,61.7,61.89,37994
2015-06-17 18:00:00,61.88,62.12,61.83,62.09,26237
2015-06-17 19:00:00,62.08,62.08,61.86,61.86,26232
2015-06-17 20:00:00,61.87,61.9,61.77,61.8,44644
2015-06-17 21:00:00,61.8,62.03,61.78,61.98,78271
2015-06-17 22:00:00,61.99,62.0,61.71,61.75,75762
2015-06-18 16:00:00,61.87,62.09,61.53,61.93,45680
2015-06-18 17:00:00,61.97,62.02,61.91,61.98,91026
2015-06-18 18:00:00,62.0,62.05,61.98,62.0,48743
2015-06-18 19:00:00,62.01,62.05,61.97,61.97,30535
2015-06-18 20:00:00,61.98,62.04,61.98,62.0,19914
2015-06-18 21:00:00,62.0,62.02,61.99,62.0,38218
2015-06-18 22:00:00,62.01,62.06,61.87,61.95,171914
2015-06-19 16:00:00,61.93,62.24,61.93,61.99,129466
2015-06-19 17:00:00,62.0,62.04,61.94,62.0,43773
2015-06-19 18:00:00,62.0,62.0,61.96,61.98,31074
2015-06-19 19:00:00,61.97,62.0,61.96,62.0,19082
2015-06-19 20:00:00,62.0,62.0,61.97,62.0,24743
2015-06-19 21:00:00,61.99,62.0,61.97,62.0,33088
2015-06-19 22:00:00,61.99,61.99,61.83,61.83,107286
2015-06-22 16:00:00,62.0,62.35,61.7,62.32,32480
2015-06-22 17:00:00,62.32,62.52,62.27,62.33,28475
2015-06-22 18:00:00,62.33,62.43,61.91,62.24,130598
2015-06-22 19:00:00,62.24,62.27,62.12,62.24,31366
2015-06-22 20:00:00,62.25,62.25,62.13,62.17,29081
2015-06-22 21:00:00,62.17,62.24,62.05,62.17,83847
2015-06-22 22:00:00,62.17,62.18,61.95,62.0,195037
2015-06-23 16:00:00,62.13,62.54,62.13,62.5,25233
2015-06-23 17:00:00,62.5,62.53,62.43,62.5,53527
2015-06-23 18:00:00,62.5,62.53,62.44,62.44,32050
2015-06-23 19:00:00,62.44,62.52,62.43,62.45,28546
2015-06-23 20:00:00,62.46,62.63,62.45,62.57,39901
2015-06-23 21:00:00,62.57,63.0,62.53,62.96,286404
2015-06-23 22:00:00,62.96,63.24,62.91,63.23,215622
2015-06-24 16:00:00,63.22,63.33,62.97,63.28,25051
2015-06-24 17:00:00,63.25,63.25,63.07,63.08,28221
2015-06-24 18:00:00,63.08,63.13,62.97,62.97,42318
2015-06-24 19:00:00,62.98,63.11,62.94,63.0,37668
2015-06-24 20:00:00,63.0,63.03,62.98,63.02,32674
2015-06-24 21:00:00,63.02,63.12,62.96,63.09,39202
2015-06-24 22:00:00,63.09,63.15,63.0,63.11,87964
2015-06-25 16:00:00,63.23,63.29,63.1,63.26,25625
2015-06-25 17:00:00,63.22,63.25,63.1,63.14,22791
2015-06-25 18:00:00,63.15,63.37,63.15,63.33,22347
2015-06-25 19:00:00,63.33,63.33,63.23,63.27,20889
2015-06-25 20:00:00,63.27,63.29,63.23,63.27,17906
2015-06-25 21:00:00,63.27,63.27,63.13,63.21,44585
2015-06-25 22:00:00,63.23,63.37,63.22,63.33,105552
2015-06-26 16:00:00,63.51,63.51,63.28,63.4,22640
2015-06-26 17:00:00,63.4,63.47,63.23,63.32,41208
2015-06-26 18:00:00,63.32,63.68,63.32,63.56,139344
2015-06-26 19:00:00,63.58,63.71,63.48,63.49,35116
2015-06-26 20:00:00,63.45,63.56,63.26,63.5,33663
2015-06-26 21:00:00,63.5,63.53,63.44,63.46,34886
2015-06-26 22:00:00,63.46,63.91,63.45,63.72,220028
2015-06-29 16:00:00,63.12,63.43,63.03,63.09,30235
2015-06-29 17:00:00,63.09,63.22,62.72,62.72,56087
2015-06-29 18:00:00,62.74,62.75,62.44,62.53,44456
2015-06-29 19:00:00,62.52,62.59,62.4,62.44,51001
2015-06-29 20:00:00,62.43,62.46,62.29,62.35,50055
2015-06-29 21:00:00,62.35,62.37,61.97,62.02,38608
2015-06-29 22:00:00,62.03,62.1,61.77,61.8,142114
2015-06-30 16:00:00,62.16,62.3,61.87,61.9,55763
2015-06-30 17:00:00,61.91,62.04,61.84,61.98,70668
2015-06-30 18:00:00,61.97,62.06,61.77,61.8,35551
2015-06-30 19:00:00,61.79,61.83,61.6,61.72,31768
2015-06-30 20:00:00,61.73,61.93,61.67,61.88,52270
2015-06-30 21:00:00,61.88,62.02,61.8,61.85,57804
2015-06-30 22:00:00,61.85,61.88,61.53,61.55,151003
2015-07-01 16:00:00,62.12,62.5,62.12,62.45,27589
2015-07-01 17:00:00,62.46,62.53,62.15,62.3,149574
2015-07-01 18:00:00,62.3,62.36,62.21,62.24,165714
2015-07-01 19:00:00,62.24,62.32,62.02,62.04,37558
2015-07-01 20:00:00,62.02,62.25,61.98,62.18,34796
2015-07-01 21:00:00,62.17,62.19,62.06,62.07,47042
2015-07-01 22:00:00,62.07,62.26,62.06,62.19,99881
2015-07-02 16:00:00,62.3,62.37,61.95,61.95,17005
2015-07-02 17:00:00,61.96,62.07,61.92,62.0,23399
2015-07-02 18:00:00,62.0,62.0,61.74,61.82,36040
2015-07-02 19:00:00,61.86,61.96,61.74,61.96,34116
2015-07-02 20:00:00,61.97,61.99,61.88,61.9,61762
2015-07-02 21:00:00,61.9,62.06,61.88,62.06,25572
2015-07-02 22:00:00,62.07,62.09,61.97,62.0,107125
2015-07-06 16:00:00,61.41,61.76,61.35,61.75,18513
2015-07-06 17:00:00,61.7,62.2,61.69,62.0,19542
2015-07-06 18:00:00,62.0,62.03,61.9,62.0,26203
2015-07-06 19:00:00,62.0,62.1,62.0,62.07,22000
2015-07-06 20:00:00,62.07,62.08,61.81,61.9,45763
2015-07-06 21:00:00,61.9,61.99,61.88,61.93,50857
2015-07-06 22:00:00,61.93,62.16,61.92,62.06,162530
2015-07-07 16:00:00,62.02,62.18,61.67,61.73,25496
2015-07-07 17:00:00,61.73,61.89,61.31,61.64,174565
2015-07-07 18:00:00,61.64,61.75,61.47,61.74,90726
2015-07-07 19:00:00,61.74,62.22,61.67,62.21,43047
2015-07-07 20:00:00,62.22,62.39,62.17,62.34,39883
2015-07-07 21:00:00,62.34,62.71,62.19,62.71,42731
2015-07-07 22:00:00,62.71,63.0,62.5,62.92,167584
2015-07-08 16:00:00,62.38,62.49,61.94,62.0,77109
2015-07-08 17:00:00,61.99,62.01,61.64,62.01,89910
2015-07-08 18:00:00,61.97,62.02,61.73,61.76,40908
2015-07-08 19:00:00,61.77,61.93,61.76,61.9,34129
2015-07-08 20:00:00,61.9,61.95,61.79,61.93,54173
2015-07-08 21:00:00,61.89,61.9,61.53,61.65,56430
2015-07-08 22:00:00,61.67,61.8,61.59,61.74,160587
2015-07-09 16:00:00,62.36,62.36,61.83,62.3,24595
2015-07-09 17:00:00,62.31,62.35,61.95,62.17,35771
2015-07-09 18:00:00,62.18,62.37,62.12,62.23,45966
2015-07-09 19:00:00,62.23,62.23,62.06,62.14,30125
2015-07-09 20:00:00,62.14,62.21,62.05,62.18,47447
2015-07-09 21:00:00,62.19,62.19,61.99,62.17,60509
2015-07-09 22:00:00,62.17,62.36,62.12,62.25,187961
2015-07-10 16:00:00,62.92,63.11,62.82,63.02,22093
2015-07-10 17:00:00,62.97,63.27,62.94,63.22,52891
2015-07-10 18:00:00,63.22,63.3,63.19,63.24,32667
2015-07-10 19:00:00,63.27,63.42,63.26,63.42,30120
2015-07-10 20:00:00,63.43,63.56,63.34,63.49,37071
2015-07-10 21:00:00,63.48,63.87,63.47,63.83,65647
2015-07-10 22:00:00,63.84,63.91,63.79,63.79,131139
2015-07-13 16:00:00,64.16,64.3,64.01,64.22,23776
2015-07-13 17:00:00,64.23,64.5,64.23,64.4,45890
2015-07-13 18:00:00,64.39,64.41,64.09,64.27,46855
2015-07-13 19:00:00,64.27,64.33,64.03,64.03,29452
2015-07-13 20:00:00,64.03,64.16,63.9,64.0,45421
2015-07-13 21:00:00,64.0,64.1,63.95,64.09,52776
2015-07-13 22:00:00,64.09,64.19,64.05,64.11,97197
2015-07-14 16:00:00,64.24,64.43,64.03,64.22,31329
2015-07-14 17:00:00,64.22,64.25,64.02,64.02,94484
2015-07-14 18:00:00,64.03,64.17,64.0,64.06,72216
2015-07-14 19:00:00,64.08,64.15,64.01,64.1,92913
2015-07-14 20:00:00,64.13,64.15,64.04,64.07,168096
2015-07-14 21:00:00,64.06,64.38,64.05,64.38,75093
2015-07-14 22:00:00,64.39,64.53,64.38,64.51,129161
2015-07-15 16:00:00,64.63,64.83,64.51,64.69,19433
2015-07-15 17:00:00,64.65,65.07,64.56,64.99,36499
2015-07-15 18:00:00,64.99,65.12,64.9,64.9,35031
2015-07-15 19:00:00,64.9,65.02,64.8,64.97,24541
2015-07-15 20:00:00,64.97,65.07,64.94,64.97,23578
2015-07-15 21:00:00,64.97,65.0,64.68,64.72,47293
2015-07-15 22:00:00,64.72,64.99,64.72,64.81,114627
2015-07-16 16:00:00,65.04,65.44,64.93,65.22,20583
2015-07-16 17:00:00,65.25,65.73,65.14,65.71,47872
2015-07-16 18:00:00,65.66,65.9,65.64,65.89,38788
2015-07-16 19:00:00,65.83,66.0,65.72,65.98,38735
2015-07-16 20:00:00,65.99,66.11,65.93,66.01,61186
2015-07-16 21:00:00,66.01,66.29,66.01,66.22,59671
2015-07-16 22:00:00,66.22,66.34,66.12,66.24,116385
2015-07-17 16:00:00,66.18,66.25,65.66,65.81,44451
2015-07-17 17:00:00,65.86,65.89,65.7,65.84,41265
2015-07-17 18:00:00,65.81,65.97,65.72,65.83,32362
2015-07-17 19:00:00,65.83,65.85,65.76,65.81,27671
2015-07-17 20:00:00,65.81,65.85,65.77,65.8,30308
2015-07-17 21:00:00,65.8,65.94,65.74,65.85,34065
2015-07-17 22:00:00,65.86,66.09,65.83,66.02,88802
2015-07-20 16:00:00,65.98,66.32,65.95,66.17,12936
2015-07-20 17:00:00,66.17,66.41,66.06,66.09,38979
2015-07-20 18:00:00,66.09,66.52,66.09,66.49,27536
2015-07-20 19:00:00,66.49,66.52,66.43,66.47,30633
2015-07-20 20:00:00,66.48,66.52,66.35,66.49,32939
2015-07-20 21:00:00,66.5,66.54,66.43,66.49,65361
2015-07-20 22:00:00,66.48,66.51,66.32,66.37,66239
2015-07-21 16:00:00,66.27,66.52,66.27,66.51,19761
2015-07-21 17:00:00,66.5,66.53,66.21,66.29,63142
2015-07-21 18:00:00,66.28,66.51,66.07,66.2,145541
2015-07-21 19:00:00,66.2,66.34,66.17,66.24,100136
2015-07-21 20:00:00,66.24,66.34,66.22,66.3,95205
2015-07-21 21:00:00,66.3,66.38,66.24,66.32,43250
2015-07-21 22:00:00,66.35,66.39,66.26,66.3,78796
2015-07-22 16:00:00,66.17,66.57,66.17,66.49,74682
2015-07-22 17:00:00,66.48,66.55,66.27,66.37,48969
2015-07-22 18:00:00,66.38,66.51,66.33,66.51,32301
2015-07-22 19:00:00,66.51,66.52,66.36,66.51,17413
2015-07-22 20:00:00,66.51,66.54,66.45,66.5,63833
2015-07-22 21:00:00,66.5,66.52,66.43,66.45,40954
2015-07-22 22:00:00,66.5,66.52,66.41,66.5,115001
2015-07-23 16:00:00,66.5,66.56,66.38,66.45,131916
2015-07-23 17:00:00,66.45,67.09,66.42,67.07,79344
2015-07-23 18:00:00,67.07,67.17,66.78,66.79,33121
2015-07-23 19:00:00,66.74,66.74,66.38,66.64,31074
2015-07-23 20:00:00,66.64,66.98,66.6,66.9,133528
2015-07-23 21:00:00,66.91,66.93,66.41,66.47,38912
2015-07-23 22:00:00,66.48,66.66,66.38,66.56,107412
2015-07-24 16:00:00,66.46,67.15,66.46,67.12,31597
2015-07-24 17:00:00,67.08,67.24,66.8,66.95,65398
2015-07-24 18:00:00,66.94,67.15,66.89,66.93,48716
2015-07-24 19:00:00,66.96,67.01,66.85,66.86,40498
2015-07-24 20:00:00,66.86,66.99,66.81,66.89,64426
2015-07-24 21:00:00,66.87,66.87,66.59,66.74,42399
2015-07-24 22:00:00,66.74,66.98,66.71,66.88,182451
2015-07-27 16:00:00,66.35,66.44,66.06,66.31,28163
2015-07-27 17:00:00,66.29,66.36,65.95,66.0,57929
2015-07-27 18:00:00,66.04,66.18,65.9,65.92,34526
2015-07-27 19:00:00,65.94,65.95,65.66,65.68,16195
2015-07-27 20:00:00,65.69,65.72,65.59,65.59,25325
2015-07-27 21:00:00,65.62,65.75,65.6,65.71,52372
2015-07-27 22:00:00,65.71,65.74,65.54,65.72,83240
2015-07-28 16:00:00,65.92,65.95,65.42,65.86,25506
2015-07-28 17:00:00,65.81,65.81,65.49,65.67,87155
2015-07-28 18:00:00,65.67,66.07,65.59,65.99,98649
2015-07-28 19:00:00,66.0,66.24,65.98,66.1,31773
2015-07-28 20:00:00,66.06,66.25,65.92,65.98,60757
2015-07-28 21:00:00,65.98,66.14,65.95,65.99,37371
2015-07-28 22:00:00,65.99,66.07,65.96,66.05,98717
2015-07-29 16:00:00,65.98,66.18,65.77,66.04,19089
2015-07-29 17:00:00,66.04,66.1,65.7,66.04,29491
2015-07-29 18:00:00,66.04,66.4,65.91,66.39,22984
2015-07-29 19:00:00,66.38,66.63,66.32,66.53,26373
2015-07-29 20:00:00,66.57,66.72,66.4,66.68,42000
2015-07-29 21:00:00,66.69,67.0,66.58,66.93,42566
2015-07-29 22:00:00,66.91,67.03,66.79,66.88,107559
2015-07-30 16:00:00,66.44,66.92,65.94,66.52,13297
2015-07-30 17:00:00,66.47,67.51,66.47,67.04,57152
2015-07-30 18:00:00,67.07,68.11,66.97,67.87,74319
2015-07-30 19:00:00,67.96,68.29,67.93,68.11,20775
2015-07-30 20:00:00,68.16,68.38,68.11,68.27,22411
2015-07-30 21:00:00,68.26,68.31,68.11,68.18,30316
2015-07-30 22:00:00,68.16,68.3,67.83,68.03,208120
2015-07-31 16:00:00,68.36,68.62,68.15,68.52,18802
2015-07-31 17:00:00,68.5,68.83,68.31,68.8,31585
2015-07-31 18:00:00,68.77,68.78,68.53,68.62,26591
2015-07-31 19:00:00,68.64,68.65,68.24,68.36,28518
2015-07-31 20:00:00,68.36,68.55,68.31,68.39,14751
2015-07-31 21:00:00,68.37,68.42,68.22,68.29,24446
2015-07-31 22:00:00,68.3,68.44,68.08,68.16,76758
2015-08-03 16:00:00,68.19,68.34,67.88,68.09,16946
2015-08-03 17:00:00,68.06,68.07,67.8,67.97,25990
2015-08-03 18:00:00,67.95,68.1,67.86,68.03,19201
2015-08-03 19:00:00,68.02,68.07,67.42,67.46,39006
2015-08-03 20:00:00,67.42,67.58,67.3,67.5,24194
2015-08-03 21:00:00,67.46,67.53,67.33,67.39,135459
2015-08-03 22:00:00,67.38,67.59,67.37,67.55,98117
2015-08-04 16:00:00,67.82,68.17,67.38,67.38,46782
2015-08-04 17:00:00,67.43,67.47,66.92,67.04,81294
2015-08-04 18:00:00,67.02,67.1,66.93,66.98,136803
2015-08-04 19:00:00,66.99,67.05,66.95,66.98,54102
2015-08-04 20:00:00,66.97,67.12,66.88,66.9,54387
2015-08-04 21:00:00,66.9,66.92,66.75,66.88,63315
2015-08-04 22:00:00,66.89,66.98,66.72,66.96,192758
2015-08-05 16:00:00,67.38,68.24,67.38,68.05,35386
2015-08-05 17:00:00,68.07,68.31,67.98,68.19,32219
2015-08-05 18:00:00,68.19,68.26,66.43,67.29,284121
2015-08-05 19:00:00,67.21,67.54,67.21,67.45,47140
2015-08-05 20:00:00,67.48,67.74,67.31,67.69,31594
2015-08-05 21:00:00,67.7,67.81,67.57,67.8,55494
2015-08-05 22:00:00,67.8,67.83,67.48,67.58,189109
2015-08-06 16:00:00,67.59,68.16,67.28,67.59,24414
2015-08-06 17:00:00,67.59,67.59,67.15,67.23,37993
2015-08-06 18:00:00,67.26,67.27,66.62,66.65,29265
2015-08-06 19:00:00,66.64,66.72,66.21,66.29,35284
2015-08-06 20:00:00,66.29,66.57,66.2,66.43,43051
2015-08-06 21:00:00,66.43,66.59,66.31,66.42,95429
2015-08-06 22:00:00,66.41,66.55,66.36,66.5,165307
2015-08-07 16:00:00,66.44,66.6,66.3,66.58,13497
2015-08-07 17:00:00,66.53,66.64,66.19,66.28,23204
2015-08-07 18:00:00,66.34,66.44,66.04,66.21,32153
2015-08-07 19:00:00,66.26,66.47,66.21,66.25,20195
2015-08-07 20:00:00,66.25,66.25,66.02,66.15,20821
2015-08-07 21:00:00,66.19,66.3,66.15,66.2,37540
2015-08-07 22:00:00,66.2,66.32,66.11,66.21,117340
2015-08-10 16:00:00,66.8,67.37,66.41,67.32,72733
2015-08-10 17:00:00,67.33,67.37,66.67,66.77,78488
2015-08-10 18:00:00,66.78,67.18,66.76,67.02,60482
2015-08-10 19:00:00,67.06,67.08,66.85,66.92,76719
2015-08-10 20:00:00,66.93,66.93,66.69,66.74,144131
2015-08-10 21:00:00,66.78,66.84,66.71,66.76,85327
2015-08-10 22:00:00,66.78,66.8,66.73,66.79,116521
2015-08-11 16:00:00,66.38,66.38,65.94,65.99,35118
2015-08-11 17:00:00,66.0,66.13,65.92,66.04,80177
2015-08-11 18:00:00,66.01,66.07,65.59,65.61,24633
2015-08-11 19:00:00,65.63,65.8,65.56,65.7,22903
2015-08-11 20:00:00,65.7,65.7,65.43,65.65,84363
2015-08-11 21:00:00,65.64,65.66,65.5,65.62,38761
2015-08-11 22:00:00,65.63,65.81,65.53,65.56,132359
2015-08-12 16:00:00,64.95,65.06,64.52,64.81,24212
2015-08-12 17:00:00,64.78,64.8,63.81,63.9,58209
2015-08-12 18:00:00,63.93,64.11,63.78,63.93,144442
2015-08-12 19:00:00,63.92,64.06,63.8,63.96,129037
2015-08-12 20:00:00,63.99,64.13,63.92,64.07,175590
2015-08-12 21:00:00,64.06,64.16,63.97,64.04,123843
2015-08-12 22:00:00,64.06,64.08,63.93,63.95,191132
2015-08-13 16:00:00,63.83,64.0,63.66,63.85,23547
2015-08-13 17:00:00,63.83,63.9,63.6,63.7,95682
2015-08-13 18:00:00,63.72,63.77,63.59,63.75,38690
2015-08-13 19:00:00,63.76,63.77,63.59,63.67,154005
2015-08-13 20:00:00,63.68,63.77,63.58,63.6,206486
2015-08-13 21:00:00,63.6,63.8,63.56,63.75,190657
2015-08-13 22:00:00,63.75,63.77,63.39,63.4,276603
2015-08-14 16:00:00,63.47,64.06,63.17,63.92,76599
2015-08-14 17:00:00,63.92,64.07,63.62,63.62,81998
2015-08-14 18:00:00,63.68,63.99,63.52,63.8,56941
2015-08-14 19:00:00,63.83,63.99,63.81,63.97,45019
2015-08-14 20:00:00,63.96,64.11,63.84,63.99,89851
2015-08-14 21:00:00,64.01,64.04,63.95,63.96,105463
2015-08-14 22:00:00,63.96,64.28,63.95,64.09,218477
2015-08-17 16:00:00,63.78,63.94,63.49,63.89,34117
2015-08-17 17:00:00,63.86,64.05,63.7,63.95,68274
2015-08-17 18:00:00,63.97,64.1,63.87,63.98,53209
2015-08-17 19:00:00,63.99,64.35,63.99,64.28,46873
2015-08-17 20:00:00,64.3,64.46,64.24,64.28,68187
2015-08-17 21:00:00,64.28,64.42,64.2,64.41,59341
2015-08-17 22:00:00,64.42,64.5,64.29,64.42,162552
2015-08-18 16:00:00,64.56,64.75,64.25,64.5,27311
2015-08-18 17:00:00,64.5,64.6,64.4,64.55,43478
2015-08-18 18:00:00,64.57,64.6,64.31,64.43,33103
2015-08-18 19:00:00,64.42,64.56,64.41,64.46,21950
2015-08-18 20:00:00,64.44,64.54,64.41,64.49,30687
2015-08-18 21:00:00,64.49,64.52,64.43,64.5,40244
2015-08-18 22:00:00,64.5,64.54,64.41,64.42,88026
2015-08-19 16:00:00,64.27,64.36,63.85,64.06,20631
2015-08-19 17:00:00,64.03,64.27,63.68,63.72,62150
2015-08-19 18:00:00,63.74,64.02,63.72,63.81,25357
2015-08-19 19:00:00,63.86,64.08,63.71,64.03,18738
2015-08-19 20:00:00,64.06,64.42,64.06,64.29,27258
2015-08-19 21:00:00,64.3,64.74,64.22,64.25,30972
2015-08-19 22:00:00,64.22,64.48,64.16,64.26,74593
2015-08-20 16:00:00,63.59,63.66,63.11,63.38,18471
2015-08-20 17:00:00,63.35,63.39,62.76,63.13,32949
2015-08-20 18:00:00,63.13,63.23,62.95,63.17,28747
2015-08-20 19:00:00,63.17,63.18,62.81,62.83,26749
2015-08-20 20:00:00,62.85,63.14,62.79,63.14,25688
2015-08-20 21:00:00,63.14,63.16,62.92,62.96,34605
2015-08-20 22:00:00,62.96,63.24,62.74,62.75,147012
2015-08-21 16:00:00,62.28,62.34,61.92,62.3,48047
2015-08-21 17:00:00,62.29,62.51,61.65,61.79,79483
2015-08-21 18:00:00,61.83,61.87,61.35,61.75,68013
2015-08-21 19:00:00,61.75,62.02,61.69,61.81,82526
2015-08-21 20:00:00,61.78,62.44,61.74,62.44,89258
2015-08-21 21:00:00,62.44,62.49,61.71,61.83,51351
2015-08-21 22:00:00,61.82,61.87,61.3,61.35,201496
2015-08-24 16:00:00,58.03,59.24,57.84,58.49,64838
2015-08-24 17:00:00,58.58,59.9,58.5,59.82,113125
2015-08-24 18:00:00,59.84,60.32,59.13,60.14,71062
2015-08-24 19:00:00,60.11,60.32,59.83,60.03,66971
2015-08-24 20:00:00,60.05,60.16,59.36,59.36,80955
2015-08-24 21:00:00,59.37,59.41,58.32,58.32,130351
2015-08-24 22:00:00,58.38,59.21,58.11,58.2,226297
2015-08-25 16:00:00,59.65,59.65,58.96,59.35,40600
2015-08-25 17:00:00,59.35,59.46,59.02,59.1,451103
2015-08-25 18:00:00,59.14,59.43,59.12,59.14,76005
2015-08-25 19:00:00,59.16,59.29,59.13,59.17,90888
2015-08-25 20:00:00,59.17,59.23,58.67,59.0,56834
2015-08-25 21:00:00,58.95,59.12,58.72,59.02,64988
2015-08-25 22:00:00,59.02,59.07,57.71,57.78,193061
2015-08-26 16:00:00,58.79,58.99,58.31,58.72,28170
2015-08-26 17:00:00,58.8,59.09,58.49,58.59,125685
2015-08-26 18:00:00,58.6,58.76,58.39,58.61,52822
2015-08-26 19:00:00,58.61,58.62,58.21,58.43,52606
2015-08-26 20:00:00,58.44,59.14,58.31,59.13,155948
2015-08-26 21:00:00,59.12,59.59,58.93,59.49,70654
2015-08-26 22:00:00,59.55,60.41,59.46,60.13,184681
2015-08-27 16:00:00,60.91,61.12,60.52,60.83,41317
2015-08-27 17:00:00,60.83,61.48,60.7,61.47,67116
2015-08-27 18:00:00,61.43,61.59,61.39,61.52,71630
2015-08-27 19:00:00,61.52,61.86,61.52,61.81,58206
2015-08-27 20:00:00,61.8,61.9,61.58,61.81,56058
2015-08-27 21:00:00,61.82,61.87,61.13,61.13,67881
2015-08-27 22:00:00,61.12,61.68,60.86,61.65,232340
2015-08-28 16:00:00,61.26,61.6,61.02,61.04,38316
2015-08-28 17:00:00,61.12,61.4,60.65,61.36,60945
2015-08-28 18:00:00,61.36,61.69,61.18,61.22,46543
2015-08-28 19:00:00,61.3,61.93,61.3,61.9,54968
2015-08-28 20:00:00,61.89,61.98,61.6,61.75,59750
2015-08-28 21:00:00,61.74,62.05,61.73,62.03,56295
2015-08-28 22:00:00,62.01,62.18,61.77,62.16,192844
2015-08-31 16:00:00,60.97,61.74,60.91,61.65,41903
2015-08-31 17:00:00,61.66,61.93,61.38,61.62,53120
2015-08-31 18:00:00,61.64,61.64,61.2,61.26,94675
2015-08-31 19:00:00,61.28,61.47,61.21,61.35,44889
2015-08-31 20:00:00,61.35,61.35,61.12,61.19,106628
2015-08-31 21:00:00,61.2,61.23,60.56,60.57,90806
2015-08-31 22:00:00,60.57,60.85,60.44,60.49,244684
2015-09-01 16:00:00,59.18,59.64,59.18,59.44,41498
2015-09-01 17:00:00,59.42,59.67,59.23,59.47,89054
2015-09-01 18:00:00,59.49,59.73,59.37,59.65,116575
2015-09-01 19:00:00,59.65,59.71,59.17,59.18,108111
2015-09-01 20:00:00,59.17,59.32,58.98,59.09,60905
2015-09-01 21:00:00,59.09,59.11,58.85,58.89,61558
2015-09-01 22:00:00,58.87,58.99,58.43,58.59,185413
2015-09-02 16:00:00,59.31,59.6,59.19,59.41,51589
2015-09-02 17:00:00,59.49,59.7,59.21,59.39,70042
2015-09-02 18:00:00,59.39,59.46,58.89,58.99,71368
2015-09-02 19:00:00,58.99,59.38,58.9,59.28,52840
2015-09-02 20:00:00,59.28,59.53,59.24,59.46,51001
2015-09-02 21:00:00,59.48,59.7,59.45,59.59,53784
2015-09-02 22:00:00,59.61,59.9,59.49,59.89,175906
2015-09-03 16:00:00,60.06,60.48,59.97,60.4,63816
2015-09-03 17:00:00,60.35,60.35,60.11,60.16,192295
2015-09-03 18:00:00,60.17,60.19,60.03,60.04,115184
2015-09-03 19:00:00,60.05,60.06,59.82,59.88,78379
2015-09-03 20:00:00,59.88,59.92,59.67,59.81,60865
2015-09-03 21:00:00,59.77,59.91,59.64,59.77,74568
2015-09-03 22:00:00,59.78,59.9,59.58,59.65,174721
2015-09-04 16:00:00,58.89,59.31,58.87,59.15,34558
2015-09-04 17:00:00,59.15,59.27,58.94,58.94,73467
2015-09-04 18:00:00,58.97,59.08,58.88,58.96,68022
2015-09-04 19:00:00,58.98,58.98,58.69,58.77,49036
2015-09-04 20:00:00,58.77,58.77,58.59,58.65,41923
2015-09-04 21:00:00,58.63,58.71,58.49,58.7,49579
2015-09-04 22:00:00,58.7,58.93,58.65,58.66,217869
2015-09-08 16:00:00,59.69,59.81,59.55,59.76,54619
2015-09-08 17:00:00,59.75,59.79,59.51,59.54,59444
2015-09-08 18:00:00,59.55,59.75,59.38,59.71,90981
2015-09-08 19:00:00,59.71,60.16,59.68,60.11,48300
2015-09-08 20:00:00,60.11,60.4,60.03,60.4,58090
2015-09-08 21:00:00,60.37,60.77,60.37,60.74,90117
2015-09-08 22:00:00,60.72,61.01,60.68,60.88,227429
2015-09-09 16:00:00,61.45,61.67,61.1,61.29,31446
2015-09-09 17:00:00,61.29,61.39,60.95,61.0,88741
2015-09-09 18:00:00,61.0,61.3,60.96,61.18,78731
2015-09-09 19:00:00,61.2,61.31,61.14,61.22,51829
2015-09-09 20:00:00,61.22,61.26,60.62,60.69,56674
2015-09-09 21:00:00,60.67,60.85,60.52,60.67,67310
2015-09-09 22:00:00,60.66,60.75,59.99,60.1,166736
2015-09-10 16:00:00,60.05,60.54,60.03,60.48,23645
2015-09-10 17:00:00,60.42,61.11,60.26,60.97,57615
2015-09-10 18:00:00,60.97,61.0,60.52,60.76,41390
2015-09-10 19:00:00,60.76,60.99,60.71,60.92,34474
2015-09-10 20:00:00,60.93,61.23,60.85,61.05,74984
2015-09-10 21:00:00,61.05,61.11,60.74,60.77,44961
2015-09-10 22:00:00,60.75,60.93,60.59,60.85,120379
2015-09-11 16:00:00,60.59,60.59,59.95,60.35,47497
2015-09-11 17:00:00,60.34,60.48,60.17,60.24,77245
2015-09-11 18:00:00,60.24,60.69,60.21,60.62,75322
2015-09-11 19:00:00,60.62,60.96,60.61,60.84,64473
2015-09-11 20:00:00,60.83,60.88,60.65,60.81,49564
2015-09-11 21:00:00,60.81,61.06,60.7,60.97,79781
2015-09-11 22:00:00,60.98,61.09,60.86,61.02,210269
2015-09-14 16:00:00,61.06,61.18,60.42,60.42,34872
2015-09-14 17:00:00,60.42,60.59,60.3,60.31,100158
2015-09-14 18:00:00,60.31,60.39,60.01,60.1,81900
2015-09-14 19:00:00,60.1,60.1,59.92,59.97,75962
2015-09-14 20:00:00,59.97,60.1,59.88,60.04,75349
2015-09-14 21:00:00,60.03,60.05,59.82,59.9,95566
2015-09-14 22:00:00,59.9,59.99,59.79,59.85,194987
2015-09-15 16:00:00,60.06,60.46,60.0,60.35,27589
2015-09-15 17:00:00,60.34,60.94,60.3,60.73,66215
2015-09-15 18:00:00,60.75,60.88,60.69,60.77,59876
2015-09-15 19:00:00,60.76,61.0,60.72,60.81,46458
2015-09-15 20:00:00,60.81,60.87,60.7,60.77,87411
2015-09-15 21:00:00,60.77,60.86,60.7,60.75,100177
2015-09-15 22:00:00,60.75,60.81,60.63,60.71,191386
2015-09-16 16:00:00,60.64,60.69,60.51,60.67,23273
2015-09-16 17:00:00,60.67,60.83,60.42,60.59,52357
2015-09-16 18:00:00,60.6,60.77,60.6,60.71,50682
2015-09-16 19:00:00,60.7,60.85,60.64,60.79,36400
2015-09-16 20:00:00,60.77,60.81,60.69,60.75,45193
2015-09-16 21:00:00,60.74,60.78,60.55,60.75,89594
2015-09-16 22:00:00,60.76,60.85,60.62,60.65,176863
2015-09-17 16:00:00,60.74,60.97,60.7,60.95,30508
2015-09-17 17:00:00,60.94,61.27,60.91,61.24,76928
2015-09-17 18:00:00,61.24,61.32,61.2,61.21,53760
2015-09-17 19:00:00,61.21,61.31,61.16,61.28,58787
2015-09-17 20:00:00,61.28,61.41,61.25,61.27,50757
2015-09-17 21:00:00,61.36,61.65,61.04,61.59,78770
2015-09-17 22:00:00,61.6,61.64,60.59,60.71,154815
2015-09-18 16:00:00,59.93,60.19,59.83,59.86,121731
2015-09-18 17:00:00,59.88,60.43,59.8,60.34,69416
2015-09-18 18:00:00,60.36,60.62,60.33,60.52,71986
2015-09-18 19:00:00,60.5,60.53,60.11,60.39,58490
2015-09-18 20:00:00,60.39,60.49,60.12,60.17,113919
2015-09-18 21:00:00,60.15,60.47,60.14,60.34,87771
2015-09-18 22:00:00,60.37,60.38,59.9,60.12,419754
2015-09-21 16:00:00,60.43,61.65,59.55,61.65,56195
2015-09-21 17:00:00,61.66,62.38,61.53,62.09,80081
2015-09-21 18:00:00,62.11,62.16,61.82,61.85,78106
2015-09-21 19:00:00,61.87,61.9,61.49,61.61,50030
2015-09-21 20:00:00,61.61,62.01,61.61,61.82,62623
2015-09-21 21:00:00,61.83,61.93,61.6,61.84,118620
2015-09-21 22:00:00,61.82,61.96,61.66,61.8,199955
2015-09-22 16:00:00,61.01,61.14,60.79,60.98,35068
2015-09-22 17:00:00,61.02,61.12,60.68,60.78,55662
2015-09-22 18:00:00,60.8,60.97,60.5,60.76,53013
2015-09-22 19:00:00,60.75,60.9,60.66,60.7,42356
2015-09-22 20:00:00,60.72,60.87,60.7,60.77,43303
2015-09-22 21:00:00,60.77,60.99,60.71,60.96,55315
2015-09-22 22:00:00,60.96,61.11,60.81,60.94,113261
2015-09-23 16:00:00,61.01,61.3,60.71,61.29,25185
2015-09-23 17:00:00,61.31,61.64,61.25,61.6,68469
2015-09-23 18:00:00,61.59,61.59,61.19,61.31,127276
2015-09-23 19:00:00,61.33,61.62,61.24,61.57,50370
2015-09-23 20:00:00,61.58,61.76,61.33,61.64,127401
2015-09-23 21:00:00,61.65,61.82,61.39,61.45,68488
2015-09-23 22:00:00,61.46,61.57,61.4,61.41,156771
2015-09-24 16:00:00,60.66,61.18,60.45,60.84,101974
2015-09-24 17:00:00,60.82,60.9,60.61,60.69,106730
2015-09-24 18:00:00,60.69,60.76,60.52,60.75,93802
2015-09-24 19:00:00,60.75,60.78,60.62,60.62,122680
2015-09-24 20:00:00,60.64,60.67,60.39,60.42,80250
2015-09-24 21:00:00,60.43,60.91,60.37,60.77,66733
2015-09-24 22:00:00,60.76,60.81,60.4,60.47,173194
2015-09-25 16:00:00,61.1,61.5,60.63,61.39,59974
2015-09-25 17:00:00,61.4,61.72,61.23,61.72,137198
2015-09-25 18:00:00,61.72,61.92,61.67,61.92,125069
2015-09-25 19:00:00,61.92,61.97,61.78,61.92,136013
2015-09-25 20:00:00,61.93,62.05,61.84,62.01,117708
2015-09-25 21:00:00,62.01,62.07,61.37,61.58,142704
2015-09-25 22:00:00,61.58,61.58,61.12,61.32,161866
2015-09-28 16:00:00,60.89,61.09,60.65,60.65,36735
2015-09-28 17:00:00,60.65,60.67,60.1,60.25,51587
2015-09-28 18:00:00,60.3,60.5,59.97,60.1,45635
2015-09-28 19:00:00,60.07,60.08,59.51,59.52,40706
2015-09-28 20:00:00,59.5,59.7,59.32,59.32,43600
2015-09-28 21:00:00,59.32,59.34,59.06,59.1,66360
2015-09-28 22:00:00,59.1,59.25,58.9,58.95,131125
2015-09-29 16:00:00,59.1,59.1,58.49,58.8,38278
2015-09-29 17:00:00,58.8,59.02,58.49,58.66,66544
2015-09-29 18:00:00,58.66,58.79,58.36,58.66,49601
2015-09-29 19:00:00,58.63,58.63,58.39,58.39,37175
2015-09-29 20:00:00,58.41,58.58,58.33,58.48,47692
2015-09-29 21:00:00,58.48,58.49,58.14,58.14,63795
2015-09-29 22:00:00,58.14,58.31,57.91,58.22,163157
2015-09-30 16:00:00,58.79,59.22,58.79,58.89,31373
2015-09-30 17:00:00,58.92,59.13,58.78,58.88,73515
2015-09-30 18:00:00,58.86,58.99,58.63,58.73,52236
2015-09-30 19:00:00,58.73,58.75,58.49,58.52,64934
2015-09-30 20:00:00,58.53,59.15,58.5,59.15,163170
2015-09-30 21:00:00,59.15,59.42,59.1,59.41,80393
2015-09-30 22:00:00,59.42,59.58,59.27,59.44,162356
2015-10-01 16:00:00,59.16,59.54,58.36,58.98,55701
2015-10-01 17:00:00,59.01,59.14,58.66,58.66,128245
2015-10-01 18:00:00,58.67,58.74,58.14,58.25,122268
2015-10-01 19:00:00,58.23,58.23,57.73,57.79,145192
2015-10-01 20:00:00,57.78,57.88,57.59,57.87,131514
2015-10-01 21:00:00,57.87,58.16,57.77,57.93,190855
2015-10-01 22:00:00,57.94,58.06,57.67,57.96,317672
2015-10-02 16:00:00,57.04,57.43,56.91,57.17,99317
2015-10-02 17:00:00,57.14,57.89,56.87,57.89,102369
2015-10-02 18:00:00,57.89,58.03,57.77,57.97,71044
2015-10-02 19:00:00,57.97,58.26,57.87,58.03,136455
2015-10-02 20:00:00,58.04,58.26,58.01,58.04,111371
2015-10-02 21:00:00,58.03,58.33,57.97,58.02,104379
2015-10-02 22:00:00,58.03,58.54,58.01,58.54,373648
2015-10-05 16:00:00,59.0,59.41,58.55,59.36,314825
2015-10-05 17:00:00,59.36,59.46,59.09,59.15,104713
2015-10-05 18:00:00,59.13,59.22,58.94,58.96,68096
2015-10-05 19:00:00,58.96,59.21,58.91,59.0,89185
2015-10-05 20:00:00,59.0,59.29,58.99,59.29,70014
2015-10-05 21:00:00,59.29,59.38,59.26,59.3,90932
2015-10-05 22:00:00,59.3,59.38,59.17,59.2,266701
2015-10-06 16:00:00,58.96,59.24,58.7,58.86,46910
2015-10-06 17:00:00,58.88,59.07,58.59,58.8,79651
2015-10-06 18:00:00,58.8,58.87,58.52,58.56,96027
2015-10-06 19:00:00,58.6,58.65,58.37,58.44,46327
2015-10-06 20:00:00,58.47,58.68,58.47,58.6,78845
2015-10-06 21:00:00,58.6,58.7,58.5,58.51,86883
2015-10-06 22:00:00,58.56,58.67,58.5,58.61,163282
2015-10-07 16:00:00,58.93,59.14,58.76,59.07,45523
2015-10-07 17:00:00,59.08,59.33,58.9,59.09,87496
2015-10-07 18:00:00,59.06,59.06,58.77,58.79,99433
2015-10-07 19:00:00,58.8,58.98,58.71,58.86,51737
2015-10-07 20:00:00,58.84,59.4,58.72,59.36,83950
2015-10-07 21:00:00,59.37,59.49,59.1,59.23,105825
2015-10-07 22:00:00,59.23,59.34,59.12,59.34,255664
2015-10-08 16:00:00,59.09,59.49,59.09,59.47,23544
2015-10-08 17:00:00,59.49,59.63,59.37,59.42,61743
2015-10-08 18:00:00,59.42,59.56,59.41,59.53,45586
2015-10-08 19:00:00,59.52,59.68,59.46,59.54,62493
2015-10-08 20:00:00,59.53,59.86,59.45,59.86,64680
2015-10-08 21:00:00,59.87,60.07,59.74,60.03,76160
2015-10-08 22:00:00,60.03,60.2,59.83,59.93,212414
2015-10-09 16:00:00,59.95,60.22,59.77,60.09,53045
2015-10-09 17:00:00,60.09,60.12,59.9,60.11,54955
2015-10-09 18:00:00,60.1,60.15,59.95,59.98,55988
2015-10-09 19:00:00,60.03,60.1,59.81,59.86,35091
2015-10-09 20:00:00,59.86,59.97,59.8,59.91,47608
2015-10-09 21:00:00,59.91,60.05,59.82,60.04,57020
2015-10-09 22:00:00,60.03,60.16,59.97,60.01,250357
2015-10-12 16:00:00,59.89,60.3,59.78,60.2,42546
2015-10-12 17:00:00,60.2,60.41,60.16,60.3,98111
2015-10-12 18:00:00,60.32,60.49,60.31,60.48,119213
2015-10-12 19:00:00,60.49,60.65,60.49,60.54,59857
2015-10-12 20:00:00,60.56,60.68,60.51,60.53,70373
2015-10-12 21:00:00,60.54,60.75,60.51,60.69,71606
2015-10-12 22:00:00,60.69,60.72,60.44,60.44,179159
2015-10-13 16:00:00,60.05,60.71,60.05,60.61,31002
2015-10-13 17:00:00,60.54,60.78,60.52,60.74,68502
2015-10-13 18:00:00,60.74,60.85,60.6,60.62,47856
2015-10-13 19:00:00,60.62,60.66,60.41,60.42,33064
2015-10-13 20:00:00,60.42,60.49,60.35,60.41,38433
2015-10-13 21:00:00,60.41,60.45,60.24,60.32,56115
2015-10-13 22:00:00,60.32,60.32,60.08,60.15,99400
2015-10-14 16:00:00,60.15,60.33,60.11,60.24,30952
2015-10-14 17:00:00,60.2,60.29,59.91,59.97,42105
2015-10-14 18:00:00,59.98,60.09,59.94,60.0,42049
2015-10-14 19:00:00,60.0,60.05,59.78,59.98,62326
2015-10-14 20:00:00,60.01,60.04,59.79,59.8,40180
2015-10-14 21:00:00,59.8,59.82,59.36,59.36,48123
2015-10-14 22:00:00,59.41,59.52,59.1,59.19,135345
2015-10-15 16:00:00,59.48,59.7,59.47,59.48,40633
2015-10-15 17:00:00,59.5,59.76,59.49,59.66,31035
2015-10-15 18:00:00,59.63,59.74,59.33,59.34,20550
2015-10-15 19:00:00,59.34,59.53,59.31,59.35,7751
2015-10-15 20:00:00,59.37,59.54,59.36,59.5,28216
2015-10-15 21:00:00,59.56,59.73,59.56,59.69,50649
2015-10-15 22:00:00,59.68,59.84,59.66,59.82,226985
2015-10-16 16:00:00,59.99,60.06,59.81,59.92,9089
2015-10-16 17:00:00,59.91,59.93,59.79,59.85,18257
2015-10-16 18:00:00,59.86,59.98,59.82,59.95,27435
2015-10-16 19:00:00,59.98,59.99,59.77,59.82,21824
2015-10-16 20:00:00,59.8,59.81,59.63,59.63,18442
2015-10-16 21:00:00,59.6,59.89,59.48,59.86,29470
2015-10-16 22:00:00,59.85,60.2,59.82,60.12,122710
2015-10-19 16:00:00,59.89,60.73,59.75,60.73,15679
2015-10-19 17:00:00,60.69,60.7,60.37,60.51,24825
2015-10-19 18:00:00,60.55,60.86,60.45,60.69,22317
2015-10-19 19:00:00,60.68,60.81,60.55,60.7,24500
2015-10-19 20:00:00,60.71,60.89,60.53,60.68,46986
2015-10-19 21:00:00,60.7,60.84,60.62,60.76,33427
2015-10-19 22:00:00,60.78,60.94,60.72,60.8,102274
2015-10-20 16:00:00,60.63,61.0,59.79,60.87,7513
2015-10-20 17:00:00,60.86,60.86,60.54,60.7,10238
2015-10-20 18:00:00,60.71,60.71,60.44,60.59,18415
2015-10-20 19:00:00,60.65,60.67,60.43,60.66,13199
2015-10-20 20:00:00,60.65,60.72,60.55,60.68,9866
2015-10-20 21:00:00,60.7,60.83,60.61,60.81,16309
2015-10-20 22:00:00,60.84,60.99,60.7,60.88,100403
2015-10-21 16:00:00,61.12,61.29,60.86,60.94,16829
2015-10-21 17:00:00,60.92,61.09,60.71,60.94,29735
2015-10-21 18:00:00,60.96,61.05,60.74,61.04,18276
2015-10-21 19:00:00,61.0,61.06,60.88,60.91,22284
2015-10-21 20:00:00,60.89,60.91,60.56,60.59,31519
2015-10-21 21:00:00,60.61,60.94,60.5,60.83,101517
2015-10-21 22:00:00,60.86,60.95,60.36,60.43,59817
2015-10-22 16:00:00,60.86,61.28,60.69,61.24,12156
2015-10-22 17:00:00,61.27,61.49,61.05,61.49,23182
2015-10-22 18:00:00,61.49,61.71,61.32,61.65,26020
2015-10-22 19:00:00,61.67,61.84,61.58,61.7,17543
2015-10-22 20:00:00,61.69,61.71,61.37,61.43,13743
2015-10-22 21:00:00,61.41,61.42,61.0,61.05,163028
2015-10-22 22:00:00,61.05,61.16,60.89,61.09,104099
2015-10-23 16:00:00,61.7,61.85,61.18,61.61,9485
2015-10-23 17:00:00,61.63,61.92,61.5,61.51,12734
2015-10-23 18:00:00,61.56,61.62,61.24,61.24,14143
2015-10-23 19:00:00,61.23,61.38,61.19,61.28,9114
2015-10-23 20:00:00,61.27,61.44,61.18,61.42,11126
2015-10-23 21:00:00,61.43,61.78,61.36,61.7,27054
2015-10-23 22:00:00,61.7,61.83,61.58,61.79,61545
2015-10-26 16:00:00,61.76,62.14,61.72,62.05,28547
2015-10-26 17:00:00,62.05,62.29,62.03,62.12,31749
2015-10-26 18:00:00,62.08,62.31,62.04,62.25,33293
2015-10-26 19:00:00,62.26,62.52,62.21,62.46,29877
2015-10-26 20:00:00,62.45,62.58,62.19,62.5,71072
2015-10-26 21:00:00,62.49,62.6,62.38,62.53,39967
2015-10-26 22:00:00,62.55,62.84,62.52,62.77,165103
2015-10-27 16:00:00,62.4,62.76,61.94,62.31,19815
2015-10-27 17:00:00,62.23,62.23,61.84,62.1,19532
2015-10-27 18:00:00,62.08,62.21,61.8,61.87,21268
2015-10-27 19:00:00,61.87,61.97,61.54,61.54,25221
2015-10-27 20:00:00,61.53,61.58,61.3,61.42,34045
2015-10-27 21:00:00,61.4,61.53,61.21,61.28,36621
2015-10-27 22:00:00,61.31,61.64,61.28,61.53,117278
2015-10-28 16:00:00,61.7,62.08,61.65,62.03,10374
2015-10-28 17:00:00,62.09,62.58,62.04,62.48,31603
2015-10-28 18:00:00,62.52,62.85,62.52,62.82,28113
2015-10-28 19:00:00,62.76,62.86,62.45,62.45,18035
2015-10-28 20:00:00,62.45,62.79,62.4,62.79,17984
2015-10-28 21:00:00,62.75,62.76,62.19,62.49,30444
2015-10-28 22:00:00,62.5,63.06,62.43,63.05,136781
2015-10-29 16:00:00,63.42,64.36,62.91,63.37,43645
2015-10-29 17:00:00,63.36,63.84,63.06,63.62,60703
2015-10-29 18:00:00,63.59,64.36,63.53,64.29,49114
2015-10-29 19:00:00,64.3,64.64,64.24,64.56,55396
2015-10-29 20:00:00,64.56,64.84,64.44,64.83,74661
2015-10-29 21:00:00,64.79,65.17,64.7,65.16,70702
2015-10-29 22:00:00,65.15,65.74,65.13,65.51,248083
2015-10-30 16:00:00,65.78,66.65,65.78,66.59,39734
2015-10-30 17:00:00,66.59,66.65,66.24,66.6,59035
2015-10-30 18:00:00,66.61,66.88,66.57,66.86,71521
2015-10-30 19:00:00,66.86,67.14,66.82,67.06,121336
2015-10-30 20:00:00,67.03,67.06,66.93,66.95,75553
2015-10-30 21:00:00,66.93,66.96,66.48,66.74,98514
2015-10-30 22:00:00,66.74,67.05,66.58,67.0,358147
2015-11-02 16:00:00,67.96,69.5,67.95,68.79,271746
2015-11-02 17:00:00,68.81,70.35,68.79,69.95,319505
2015-11-02 18:00:00,69.97,70.7,69.88,70.13,128284
2015-11-02 19:00:00,70.14,70.34,69.91,70.2,254597
2015-11-02 20:00:00,70.14,71.13,70.14,70.69,427728
2015-11-02 21:00:00,70.68,70.98,70.6,70.91,119423
2015-11-02 22:00:00,70.9,71.21,70.85,71.05,341901
2015-11-03 16:00:00,71.01,71.03,69.95,70.05,53381
2015-11-03 17:00:00,70.05,70.48,69.99,70.42,189576
2015-11-03 18:00:00,70.41,70.6,70.28,70.46,150638
2015-11-03 19:00:00,70.47,70.5,70.19,70.21,87886
2015-11-03 20:00:00,70.2,70.33,70.14,70.2,115841
2015-11-03 21:00:00,70.21,70.33,70.13,70.29,132557
2015-11-03 22:00:00,70.29,70.33,70.15,70.24,383141
2015-11-04 16:00:00,70.35,70.7,70.24,70.31,32766
2015-11-04 17:00:00,70.21,70.37,69.89,69.94,110702
2015-11-04 18:00:00,69.93,70.09,69.81,69.93,248350
2015-11-04 19:00:00,69.93,70.04,69.87,70.0,80939
2015-11-04 20:00:00,70.0,70.01,69.59,69.69,70826
2015-11-04 21:00:00,69.7,69.82,69.52,69.54,89819
2015-11-04 22:00:00,69.55,69.62,69.27,69.5,194256
2015-11-05 16:00:00,69.53,70.09,69.53,70.02,23937
2015-11-05 17:00:00,70.02,70.02,69.16,69.27,95236
2015-11-05 18:00:00,69.28,69.3,68.93,69.18,142931
2015-11-05 19:00:00,69.21,69.21,68.71,68.75,210781
2015-11-05 20:00:00,68.77,68.8,68.66,68.69,205626
2015-11-05 21:00:00,68.69,68.71,68.38,68.38,219988
2015-11-05 22:00:00,68.39,68.68,68.38,68.64,601330
2015-11-06 16:00:00,68.75,69.02,68.5,68.65,61448
2015-11-06 17:00:00,68.66,68.76,68.45,68.54,106713
2015-11-06 18:00:00,68.54,68.69,68.39,68.46,74409
2015-11-06 19:00:00,68.49,68.53,68.18,68.32,107689
2015-11-06 20:00:00,68.36,68.4,67.99,68.06,143685
2015-11-06 21:00:00,68.07,68.13,67.62,67.98,207246
2015-11-06 22:00:00,67.98,67.99,67.68,67.77,386376
2015-11-09 16:00:00,67.88,67.88,67.24,67.36,45959
2015-11-09 17:00:00,67.31,67.35,67.0,67.06,117385
2015-11-09 18:00:00,67.06,67.12,66.68,66.68,290936
2015-11-09 19:00:00,66.7,66.93,66.66,66.78,119185
2015-11-09 20:00:00,66.8,66.82,66.58,66.67,88146
2015-11-09 21:00:00,66.64,66.85,66.51,66.58,107217
2015-11-09 22:00:00,66.58,66.89,66.44,66.5,1603865
2015-11-10 16:00:00,66.75,67.11,66.28,66.38,237678
2015-11-10 17:00:00,66.42,66.48,65.57,65.73,229588
2015-11-10 18:00:00,65.76,66.03,65.6,65.82,186107
2015-11-10 19:00:00,65.84,66.51,65.84,66.0,181211
2015-11-10 20:00:00,66.0,66.0,65.6,65.64,284082
2015-11-10 21:00:00,65.65,65.95,65.6,65.63,270565
2015-11-10 22:00:00,65.65,67.33,65.59,67.25,1100972
2015-11-11 16:00:00,67.33,67.56,66.86,66.99,152413
2015-11-11 17:00:00,67.0,67.03,66.4,66.45,94945
2015-11-11 18:00:00,66.45,66.79,66.41,66.79,90223
2015-11-11 19:00:00,66.79,67.47,66.77,67.39,167452
2015-11-11 20:00:00,67.39,67.49,67.26,67.26,113512
2015-11-11 21:00:00,67.27,67.32,67.0,67.06,70412
2015-11-11 22:00:00,67.03,67.45,67.03,67.3,243646
2015-11-12 16:00:00,67.74,67.74,66.05,66.19,45787
2015-11-12 17:00:00,66.18,67.14,66.09,67.11,172317
2015-11-12 18:00:00,67.13,67.46,66.76,67.21,151594
2015-11-12 19:00:00,67.22,67.31,66.96,67.2,54371
2015-11-12 20:00:00,67.2,67.65,67.18,67.26,138006
2015-11-12 21:00:00,67.28,67.29,66.82,66.89,58602
2015-11-12 22:00:00,66.9,67.03,66.77,66.77,262283
2015-11-13 16:00:00,66.32,66.51,65.93,66.24,42820
2015-11-13 17:00:00,66.17,66.22,65.62,66.08,100353
2015-11-13 18:00:00,66.06,66.36,65.88,66.29,121070
2015-11-13 19:00:00,66.29,66.38,65.95,66.11,82139
2015-11-13 20:00:00,66.11,66.19,65.9,65.94,87758
2015-11-13 21:00:00,65.9,66.05,65.76,65.83,108304
2015-11-13 22:00:00,65.83,66.29,65.79,66.2,395703
2015-11-16 16:00:00,65.93,66.84,65.76,66.7,29154
2015-11-16 17:00:00,66.67,66.99,66.63,66.91,80289
2015-11-16 18:00:00,66.91,67.17,66.87,67.15,123830
2015-11-16 19:00:00,67.15,67.31,67.0,67.02,127527
2015-11-16 20:00:00,67.05,67.41,67.04,67.41,218253
2015-11-16 21:00:00,67.43,67.7,67.36,67.5,212576
2015-11-16 22:00:00,67.5,68.07,67.49,68.02,426324
2015-11-17 16:00:00,68.31,68.51,67.95,68.38,23391
2015-11-17 17:00:00,68.38,69.38,68.38,69.17,277736
2015-11-17 18:00:00,69.15,69.36,68.85,69.33,310174
2015-11-17 19:00:00,69.34,69.83,69.2,69.71,208334
2015-11-17 20:00:00,69.69,69.91,69.35,69.48,126891
2015-11-17 21:00:00,69.47,69.53,69.2,69.44,117394
2015-11-17 22:00:00,69.46,69.54,69.17,69.19,353245
2015-11-18 16:00:00,69.31,69.34,68.8,68.8,31594
2015-11-18 17:00:00,68.78,69.0,68.71,68.74,54354
2015-11-18 18:00:00,68.74,69.25,68.63,69.13,67329
2015-11-18 19:00:00,69.1,69.3,69.0,69.18,51860
2015-11-18 20:00:00,69.18,69.28,69.02,69.17,56330
2015-11-18 21:00:00,69.2,69.63,69.06,69.61,619726
2015-11-18 22:00:00,69.61,69.71,69.32,69.39,352701
2015-11-19 16:00:00,69.54,69.64,69.43,69.43,35527
2015-11-19 17:00:00,69.43,69.71,69.3,69.51,58087
2015-11-19 18:00:00,69.48,69.68,69.01,69.08,47910
2015-11-19 19:00:00,69.08,69.3,69.06,69.3,25665
2015-11-19 20:00:00,69.36,69.42,69.27,69.3,26702
2015-11-19 21:00:00,69.29,69.47,69.24,69.24,42064
2015-11-19 22:00:00,69.29,69.47,69.28,69.41,113825
2015-11-20 16:00:00,69.61,69.74,69.2,69.22,37183
2015-11-20 17:00:00,69.27,69.47,69.22,69.28,50704
2015-11-20 18:00:00,69.29,69.35,69.17,69.2,50710
2015-11-20 19:00:00,69.2,69.38,69.2,69.34,38891
2015-11-20 20:00:00,69.35,69.42,69.22,69.33,29737
2015-11-20 21:00:00,69.34,69.36,69.19,69.19,34146
2015-11-20 22:00:00,69.21,69.42,69.21,69.36,83441
2015-11-23 16:00:00,69.29,69.43,69.16,69.25,19343
2015-11-23 17:00:00,69.26,69.69,69.26,69.55,42824
2015-11-23 18:00:00,69.55,69.63,69.45,69.58,32286
2015-11-23 19:00:00,69.58,69.68,69.5,69.61,20851
2015-11-23 20:00:00,69.6,69.62,69.47,69.51,33146
2015-11-23 21:00:00,69.5,69.51,69.24,69.41,70625
2015-11-23 22:00:00,69.41,69.64,69.41,69.51,208667
2015-11-24 16:00:00,69.13,69.59,69.13,69.54,20796
2015-11-24 17:00:00,69.52,69.59,69.07,69.11,26395
2015-11-24 18:00:00,69.11,69.81,69.09,69.79,27656
2015-11-24 19:00:00,69.76,69.89,69.43,69.54,31681
2015-11-24 20:00:00,69.57,70.25,69.57,70.2,54085
2015-11-24 21:00:00,70.22,70.37,70.08,70.16,84239
2015-11-24 22:00:00,70.16,70.24,70.07,70.07,225891
2015-11-25 16:00:00,70.4,70.4,70.1,70.1,14528
2015-11-25 17:00:00,70.06,70.21,70.05,70.16,22353
2015-11-25 18:00:00,70.14,70.15,69.91,70.04,14566
2015-11-25 19:00:00,70.05,70.08,69.98,70.0,19076
2015-11-25 20:00:00,69.98,69.99,69.91,69.97,32113
2015-11-25 21:00:00,69.97,70.02,69.94,69.97,43186
2015-11-25 22:00:00,69.97,70.02,69.91,69.94,65812
2015-11-27 16:00:00,69.86,70.08,69.68,70.08,10850
2015-11-27 17:00:00,70.01,70.37,69.86,70.29,15649
2015-11-27 18:00:00,70.33,70.67,70.26,70.3,22950
2015-11-27 19:00:00,70.28,70.62,70.18,70.6,38683
2015-11-27 20:00:00,70.61,70.61,70.61,70.61,11927
2015-11-30 16:00:00,70.68,70.68,70.17,70.17,16917
2015-11-30 17:00:00,70.19,70.3,70.01,70.02,118757
2015-11-30 18:00:00,70.03,70.04,69.88,69.95,65257
2015-11-30 19:00:00,69.93,69.94,69.69,69.76,85843
2015-11-30 20:00:00,69.75,69.89,69.72,69.78,339477
2015-11-30 21:00:00,69.8,70.3,69.78,70.11,278794
2015-11-30 22:00:00,70.11,70.21,69.97,70.1,224279
2015-12-01 16:00:00,70.25,70.62,70.16,70.51,35825
2015-12-01 17:00:00,70.52,70.55,69.91,70.1,38675
2015-12-01 18:00:00,70.1,70.13,69.94,70.13,33043
2015-12-01 19:00:00,70.13,70.31,70.11,70.25,36584
2015-12-01 20:00:00,70.26,70.29,70.06,70.25,46867
2015-12-01 21:00:00,70.23,70.69,70.23,70.48,136661
2015-12-01 22:00:00,70.47,70.56,70.44,70.56,170233
2015-12-02 16:00:00,70.47,70.89,70.47,70.71,8962
2015-12-02 17:00:00,70.74,71.0,70.74,70.92,32545
2015-12-02 18:00:00,70.92,70.97,70.49,70.49,25057
2015-12-02 19:00:00,70.48,70.77,70.45,70.48,16270
2015-12-02 20:00:00,70.48,70.67,70.4,70.55,18278
2015-12-02 21:00:00,70.55,70.55,70.05,70.07,27467
2015-12-02 22:00:00,70.08,70.41,70.08,70.4,112846
2015-12-03 16:00:00,70.4,70.55,70.23,70.39,9951
2015-12-03 17:00:00,70.17,70.53,69.8,70.43,30640
2015-12-03 18:00:00,70.38,70.73,70.33,70.41,23628
2015-12-03 19:00:00,70.4,70.42,69.87,69.98,37366
2015-12-03 20:00:00,69.97,70.06,69.7,69.76,50431
2015-12-03 21:00:00,69.76,69.81,69.49,69.78,118860
2015-12-03 22:00:00,69.78,69.82,69.55,69.64,181634
2015-12-04 16:00:00,69.67,70.74,69.67,70.69,19221
2015-12-04 17:00:00,70.73,71.31,70.64,71.31,98162
2015-12-04 18:00:00,71.31,71.31,70.83,70.83,101456
2015-12-04 19:00:00,70.84,71.44,70.8,71.39,67147
2015-12-04 20:00:00,71.39,71.68,71.39,71.58,97604
2015-12-04 21:00:00,71.57,71.74,71.42,71.74,68674
2015-12-04 22:00:00,71.74,71.92,71.65,71.86,230892
2015-12-07 16:00:00,71.49,71.89,71.17,71.26,24995
2015-12-07 17:00:00,71.18,71.29,70.74,70.81,56552
2015-12-07 18:00:00,70.84,70.95,70.68,70.91,31623
2015-12-07 19:00:00,70.89,70.91,70.41,70.47,27500
2015-12-07 20:00:00,70.45,70.69,70.41,70.55,35708
2015-12-07 21:00:00,70.55,70.87,70.43,70.5,56604
2015-12-07 22:00:00,70.5,70.67,70.47,70.65,210835
2015-12-08 16:00:00,70.18,70.37,69.94,69.99,27564
2015-12-08 17:00:00,69.99,70.18,69.7,70.03,232987
2015-12-08 18:00:00,70.08,70.53,70.06,70.5,37642
2015-12-08 19:00:00,70.49,70.5,70.21,70.4,21458
2015-12-08 20:00:00,70.4,70.51,70.33,70.49,28706
2015-12-08 21:00:00,70.52,70.73,70.45,70.51,37204
2015-12-08 22:00:00,70.51,70.58,70.29,70.46,113391
2015-12-09 16:00:00,70.13,70.49,69.75,70.37,15396
2015-12-09 17:00:00,70.34,70.64,70.28,70.57,21685
2015-12-09 18:00:00,70.6,70.62,69.92,70.02,31379
2015-12-09 19:00:00,69.98,70.08,69.44,69.45,61586
2015-12-09 20:00:00,69.42,69.7,69.37,69.67,28792
2015-12-09 21:00:00,69.69,69.7,69.35,69.46,58341
2015-12-09 22:00:00,69.43,69.65,69.3,69.42,140403
2015-12-10 16:00:00,69.47,69.85,69.15,69.67,21744
2015-12-10 17:00:00,69.6,70.22,69.49,69.88,39592
2015-12-10 18:00:00,69.87,70.25,69.87,70.17,46809
2015-12-10 19:00:00,70.12,70.45,69.96,70.45,22124
2015-12-10 20:00:00,70.42,70.47,70.31,70.41,32444
2015-12-10 21:00:00,70.37,70.65,70.29,70.46,75176
2015-12-10 22:00:00,70.46,70.46,69.87,69.96,82721
2015-12-11 16:00:00,69.26,69.39,68.98,69.25,38792
2015-12-11 17:00:00,69.25,69.59,69.18,69.24,47295
2015-12-11 18:00:00,69.19,69.4,69.17,69.23,64553
2015-12-11 19:00:00,69.2,69.24,68.85,68.97,49417
2015-12-11 20:00:00,68.97,69.08,68.87,69.04,50660
2015-12-11 21:00:00,69.04,69.32,69.01,69.05,62469
2015-12-11 22:00:00,69.05,69.07,68.69,68.81,149368
2015-12-14 16:00:00,68.9,69.51,68.58,69.33,28891
2015-12-14 17:00:00,69.35,69.68,69.04,69.23,89059
2015-12-14 18:00:00,69.23,69.27,68.93,69.19,90445
2015-12-14 19:00:00,69.19,69.62,69.1,69.54,78271
2015-12-14 20:00:00,69.54,69.6,69.23,69.47,124876
2015-12-14 21:00:00,69.47,69.56,69.3,69.53,98043
2015-12-14 22:00:00,69.54,69.68,69.28,69.62,155673
2015-12-15 16:00:00,70.3,70.46,69.87,70.11,109546
2015-12-15 17:00:00,70.11,70.44,70.0,70.33,107468
2015-12-15 18:00:00,70.31,70.42,70.05,70.2,119497
2015-12-15 19:00:00,70.23,70.42,70.12,70.37,42500
2015-12-15 20:00:00,70.38,70.44,70.15,70.38,54604
2015-12-15 21:00:00,70.39,70.39,70.16,70.26,55597
2015-12-15 22:00:00,70.26,70.38,70.16,70.33,309348
2015-12-16 16:00:00,70.99,71.53,70.42,71.09,32115
2015-12-16 17:00:00,71.12,71.12,70.67,70.89,29737
2015-12-16 18:00:00,70.83,70.87,70.67,70.73,46050
2015-12-16 19:00:00,70.73,70.8,70.1,70.17,41335
2015-12-16 20:00:00,70.18,70.81,70.15,70.79,44638
2015-12-16 21:00:00,70.72,71.35,70.27,71.32,123420
2015-12-16 22:00:00,71.25,71.68,71.07,71.49,234005
2015-12-17 16:00:00,71.75,71.75,71.23,71.65,16737
2015-12-17 17:00:00,71.59,71.74,70.89,70.97,105806
2015-12-17 18:00:00,70.97,71.11,70.57,70.68,63072
2015-12-17 19:00:00,70.7,70.8,70.47,70.67,53518
2015-12-17 20:00:00,70.7,71.0,70.63,70.94,58303
2015-12-17 21:00:00,70.95,70.99,70.8,70.9,69209
2015-12-17 22:00:00,70.9,71.12,70.82,70.89,258454
2015-12-18 16:00:00,70.63,70.99,70.48,70.7,158515
2015-12-18 17:00:00,70.7,70.84,70.36,70.79,102567
2015-12-18 18:00:00,70.8,71.19,70.71,70.8,59684
2015-12-18 19:00:00,70.81,70.98,70.71,70.89,68213
2015-12-18 20:00:00,70.88,71.24,70.86,71.19,65012
2015-12-18 21:00:00,71.19,71.53,71.15,71.34,128648
2015-12-18 22:00:00,71.35,71.88,71.24,71.51,539252
2015-12-21 16:00:00,72.22,72.22,71.59,72.07,33510
2015-12-21 17:00:00,72.04,72.43,72.01,72.34,176209
2015-12-21 18:00:00,72.31,72.36,71.87,72.0,85139
2015-12-21 19:00:00,72.0,72.02,71.28,71.51,154799
2015-12-21 20:00:00,71.5,71.94,71.5,71.86,72692
2015-12-21 21:00:00,71.88,71.9,71.66,71.7,62977
2015-12-21 22:00:00,71.7,71.99,71.54,71.98,152148
2015-12-22 16:00:00,72.22,72.24,71.21,71.27,33976
2015-12-22 17:00:00,71.28,71.67,71.22,71.37,57011
2015-12-22 18:00:00,71.4,71.51,71.23,71.39,69175
2015-12-22 19:00:00,71.38,71.43,71.25,71.37,40207
2015-12-22 20:00:00,71.37,71.43,71.24,71.29,55871
2015-12-22 21:00:00,71.3,71.55,71.21,71.47,95469
2015-12-22 22:00:00,71.48,71.93,71.48,71.55,201083
2015-12-23 16:00:00,71.79,72.19,71.57,72.17,19609
2015-12-23 17:00:00,72.25,72.33,72.07,72.21,25114
2015-12-23 18:00:00,72.26,72.48,72.17,72.26,31969
2015-12-23 19:00:00,72.27,72.27,72.04,72.16,43697
2015-12-23 20:00:00,72.17,72.17,72.0,72.12,38441
2015-12-23 21:00:00,72.09,72.17,71.96,72.09,76531
2015-12-23 22:00:00,72.08,72.23,71.94,72.19,86369
2015-12-24 16:00:00,71.95,72.37,71.94,72.08,20436
2015-12-24 17:00:00,72.09,72.24,72.02,72.24,49111
2015-12-24 18:00:00,72.3,72.32,72.05,72.11,49297
2015-12-24 19:00:00,72.11,72.57,72.09,72.38,78815
2015-12-24 20:00:00,72.35,72.35,72.35,72.35,9243
2015-12-28 16:00:00,72.17,72.34,71.85,71.98,24044
2015-12-28 17:00:00,71.91,72.08,71.79,71.84,56463
2015-12-28 18:00:00,71.81,72.05,71.77,72.01,50629
2015-12-28 19:00:00,72.05,72.19,71.89,71.98,56582
2015-12-28 20:00:00,72.01,72.45,71.98,72.14,32375
2015-12-28 21:00:00,72.14,72.27,72.09,72.23,27513
2015-12-28 22:00:00,72.23,72.4,72.16,72.38,100098
2015-12-29 16:00:00,72.76,73.27,72.76,73.12,12320
2015-12-29 17:00:00,73.13,73.38,72.93,73.05,22332
2015-12-29 18:00:00,73.0,73.06,72.46,72.51,34898
2015-12-29 19:00:00,72.67,72.67,72.33,72.55,17032
2015-12-29 20:00:00,72.6,72.82,72.52,72.79,19342
2015-12-29 21:00:00,72.8,72.8,72.51,72.69,18072
2015-12-29 22:00:00,72.7,72.93,72.7,72.83,63233
2015-12-30 16:00:00,72.66,72.88,72.55,72.76,8648
2015-12-30 17:00:00,72.78,73.44,72.76,73.3,18274
2015-12-30 18:00:00,73.3,73.38,72.95,73.06,18204
2015-12-30 19:00:00,73.05,73.22,72.83,72.89,12402
2015-12-30 20:00:00,72.9,72.97,72.68,72.89,25588
2015-12-30 21:00:00,72.93,72.98,72.74,72.75,19222
2015-12-30 22:00:00,72.76,72.86,72.49,72.56,75503
2015-12-31 16:00:00,72.39,72.4,72.08,72.32,16444
2015-12-31 17:00:00,72.28,72.39,72.17,72.22,20267
2015-12-31 18:00:00,72.24,72.79,72.24,72.75,15147
2015-12-31 19:00:00,72.77,73.09,72.77,73.01,17273
2015-12-31 20:00:00,72.98,73.04,72.65,72.82,16330
2015-12-31 21:00:00,72.82,72.87,72.49,72.57,14266
2015-12-31 22:00:00,72.56,72.59,72.1,72.12,108997
2016-01-04 16:00:00,71.1,71.1,70.13,70.37,33703
2016-01-04 17:00:00,70.39,70.67,70.12,70.28,42626
2016-01-04 18:00:00,70.28,70.69,70.05,70.45,89546
2016-01-04 19:00:00,70.44,70.53,70.1,70.42,31197
2016-01-04 20:00:00,70.45,70.59,70.27,70.27,59114
2016-01-04 21:00:00,70.28,70.52,70.19,70.24,94160
2016-01-04 22:00:00,70.27,70.64,70.09,70.63,205588
2016-01-05 16:00:00,70.71,71.27,70.6,70.99,23536
2016-01-05 17:00:00,70.98,71.46,70.63,71.44,117578
2016-01-05 18:00:00,71.43,71.49,71.02,71.08,39454
2016-01-05 19:00:00,71.12,71.15,70.81,71.0,22563
2016-01-05 20:00:00,70.99,71.27,70.75,71.2,39746
2016-01-05 21:00:00,71.22,71.33,71.15,71.18,28100
2016-01-05 22:00:00,71.17,71.2,70.98,71.13,87047
2016-01-06 16:00:00,70.26,70.78,70.11,70.6,436513
2016-01-06 17:00:00,70.66,70.81,70.3,70.79,29042
2016-01-06 18:00:00,70.75,70.87,70.43,70.44,30972
2016-01-06 19:00:00,70.44,70.57,70.3,70.44,29076
2016-01-06 20:00:00,70.45,70.59,70.38,70.5,33031
2016-01-06 21:00:00,70.45,70.69,70.12,70.13,50202
2016-01-06 22:00:00,70.1,70.63,70.1,70.6,125207
2016-01-07 16:00:00,69.24,70.56,69.12,70.56,39397
2016-01-07 17:00:00,70.51,70.69,70.07,70.64,104609
2016-01-07 18:00:00,70.66,70.73,70.25,70.33,45504
2016-01-07 19:00:00,70.3,70.47,69.91,69.96,34787
2016-01-07 20:00:00,69.95,69.99,69.42,69.71,186879
2016-01-07 21:00:00,69.7,70.0,69.61,69.78,63411
2016-01-07 22:00:00,69.75,69.87,69.48,69.49,222465
2016-01-08 16:00:00,69.58,69.82,69.53,69.77,43393
2016-01-08 17:00:00,69.71,69.72,69.42,69.56,146413
2016-01-08 18:00:00,69.6,69.62,69.19,69.43,154167
2016-01-08 19:00:00,69.43,69.68,69.42,69.57,196449
2016-01-08 20:00:00,69.6,69.63,69.43,69.48,58938
2016-01-08 21:00:00,69.48,69.58,69.16,69.22,53992
2016-01-08 22:00:00,69.23,69.31,68.39,68.49,184884
2016-01-11 16:00:00,68.76,68.96,67.9,68.19,47439
2016-01-11 17:00:00,68.19,68.57,68.11,68.41,132929
2016-01-11 18:00:00,68.39,68.95,68.31,68.91,87002
2016-01-11 19:00:00,68.91,68.96,68.14,68.26,105889
2016-01-11 20:00:00,68.31,68.38,67.78,67.79,64120
2016-01-11 21:00:00,67.81,68.18,67.79,68.02,106793
2016-01-11 22:00:00,68.04,68.55,67.79,68.13,299832
2016-01-12 16:00:00,68.67,69.14,68.55,69.05,20969
2016-01-12 17:00:00,69.03,69.05,68.63,68.79,57688
2016-01-12 18:00:00,68.79,68.89,68.38,68.75,44483
2016-01-12 19:00:00,68.71,68.82,68.38,68.39,39008
2016-01-12 20:00:00,68.42,68.83,68.4,68.58,41701
2016-01-12 21:00:00,68.61,68.92,68.35,68.87,60225
2016-01-12 22:00:00,68.9,69.28,68.62,69.21,177959
2016-01-13 16:00:00,69.48,69.73,69.17,69.55,19736
2016-01-13 17:00:00,69.57,69.89,69.43,69.89,87370
2016-01-13 18:00:00,69.84,69.91,69.3,69.31,55943
2016-01-13 19:00:00,69.3,69.54,69.15,69.2,43975
2016-01-13 20:00:00,69.19,69.26,68.44,68.46,49002
2016-01-13 21:00:00,68.44,68.52,67.7,68.29,67990
2016-01-13 22:00:00,68.32,68.35,67.61,67.74,256337
2016-01-14 16:00:00,68.05,68.28,67.65,67.81,76137
2016-01-14 17:00:00,67.78,68.25,67.62,67.95,236349
2016-01-14 18:00:00,67.94,67.99,67.66,67.74,224883
2016-01-14 19:00:00,67.76,67.84,67.51,67.67,276304
2016-01-14 20:00:00,67.67,68.07,67.59,67.99,132213
2016-01-14 21:00:00,67.95,68.26,67.84,68.25,144132
2016-01-14 22:00:00,68.25,68.36,67.82,68.01,382616
2016-01-15 16:00:00,66.55,67.29,66.48,67.16,28579
2016-01-15 17:00:00,67.17,68.18,67.01,67.76,102703
2016-01-15 18:00:00,67.82,67.92,67.36,67.39,104554
2016-01-15 19:00:00,67.35,67.49,66.76,67.2,77045
2016-01-15 20:00:00,67.17,67.19,66.69,67.02,76147
2016-01-15 21:00:00,67.02,67.62,66.86,67.59,41125
2016-01-15 22:00:00,67.59,67.66,67.08,67.44,124809
2016-01-19 16:00:00,68.24,68.45,67.76,68.25,52688
2016-01-19 17:00:00,68.23,68.37,67.64,67.65,134775
2016-01-19 18:00:00,67.73,67.94,67.53,67.58,61761
2016-01-19 19:00:00,67.56,67.6,66.77,66.89,70179
2016-01-19 20:00:00,66.92,67.09,66.66,66.76,49472
2016-01-19 21:00:00,66.75,66.78,66.27,66.48,56888
2016-01-19 22:00:00,66.45,66.89,66.34,66.59,177771
2016-01-20 16:00:00,65.43,65.61,64.71,64.73,62934
2016-01-20 17:00:00,64.76,64.79,64.13,64.34,125655
2016-01-20 18:00:00,64.33,64.97,64.31,64.64,100099
2016-01-20 19:00:00,64.65,65.48,64.6,65.48,177431
2016-01-20 20:00:00,65.43,65.51,64.93,65.03,182718
2016-01-20 21:00:00,65.11,65.38,64.9,65.12,181145
2016-01-20 22:00:00,65.09,66.17,65.05,65.44,248479
2016-01-21 16:00:00,65.6,65.95,65.01,65.01,72536
2016-01-21 17:00:00,65.08,66.03,65.04,65.73,112074
2016-01-21 18:00:00,65.76,65.99,65.5,65.77,81903
2016-01-21 19:00:00,65.84,66.31,65.8,65.98,68134
2016-01-21 20:00:00,66.03,66.16,65.53,65.85,47598
2016-01-21 21:00:00,65.89,66.01,65.44,65.96,70271
2016-01-21 22:00:00,65.96,66.13,65.55,65.56,175001
2016-01-22 16:00:00,66.38,67.37,66.38,67.25,24239
2016-01-22 17:00:00,67.31,67.35,66.55,66.56,59680
2016-01-22 18:00:00,66.59,66.96,66.31,66.31,89269
2016-01-22 19:00:00,66.32,66.45,65.97,66.23,77447
2016-01-22 20:00:00,66.26,66.59,65.83,66.58,64173
2016-01-22 21:00:00,66.58,66.69,66.37,66.69,62912
2016-01-22 22:00:00,66.71,67.0,66.41,66.99,186713
2016-01-25 16:00:00,66.94,67.26,66.83,67.17,34945
2016-01-25 17:00:00,67.17,67.81,67.17,67.56,100772
2016-01-25 18:00:00,67.57,67.57,67.25,67.25,64751
2016-01-25 19:00:00,67.23,67.38,67.13,67.36,55475
2016-01-25 20:00:00,67.36,67.58,66.95,66.96,129148
2016-01-25 21:00:00,66.91,67.12,66.77,66.89,132050
2016-01-25 22:00:00,66.91,67.05,66.24,66.31,364886
2016-01-26 16:00:00,66.3,66.69,66.08,66.49,33432
2016-01-26 17:00:00,66.57,66.81,66.47,66.58,65910
2016-01-26 18:00:00,66.57,66.78,66.24,66.28,69652
2016-01-26 19:00:00,66.31,66.55,66.29,66.46,83135
2016-01-26 20:00:00,66.47,66.52,66.33,66.42,48162
2016-01-26 21:00:00,66.42,66.54,66.08,66.12,97572
2016-01-26 22:00:00,66.12,66.16,65.93,66.07,239844
2016-01-27 16:00:00,65.74,66.26,65.59,66.1,22196
2016-01-27 17:00:00,66.24,66.57,66.02,66.54,61878
2016-01-27 18:00:00,66.57,67.38,66.5,67.28,44212
2016-01-27 19:00:00,67.29,67.7,67.28,67.69,73208
2016-01-27 20:00:00,67.68,67.73,67.22,67.24,85797
2016-01-27 21:00:00,67.29,67.36,66.47,66.49,86934
2016-01-27 22:00:00,66.47,66.48,65.95,66.2,129023
2016-01-28 16:00:00,66.84,67.67,66.84,67.67,53073
2016-01-28 17:00:00,67.71,67.71,66.24,66.87,167972
2016-01-28 18:00:00,66.86,67.21,66.55,66.57,109539
2016-01-28 19:00:00,66.57,67.34,66.57,67.05,90829
2016-01-28 20:00:00,67.05,67.24,66.46,66.46,84233
2016-01-28 21:00:00,66.46,66.79,66.4,66.53,117250
2016-01-28 22:00:00,66.56,66.7,66.4,66.53,192472
2016-01-29 16:00:00,66.97,67.39,66.89,67.18,66580
2016-01-29 17:00:00,67.17,67.89,67.08,67.53,122564
2016-01-29 18:00:00,67.56,67.87,67.52,67.61,92405
2016-01-29 19:00:00,67.59,68.29,67.57,68.21,106353
2016-01-29 20:00:00,68.23,68.62,68.07,68.51,115593
2016-01-29 21:00:00,68.49,69.23,68.46,69.0,178725
2016-01-29 22:00:00,69.01,69.02,68.55,68.85,288761
2016-02-01 16:00:00,68.18,68.18,67.63,67.71,57680
2016-02-01 17:00:00,67.63,68.1,67.27,68.08,65059
2016-02-01 18:00:00,68.04,68.16,67.81,67.86,71314
2016-02-01 19:00:00,67.86,67.88,67.52,67.63,51896
2016-02-01 20:00:00,67.64,67.96,67.64,67.95,47524
2016-02-01 21:00:00,68.0,68.01,67.71,67.95,89624
2016-02-01 22:00:00,67.93,68.38,67.72,67.76,214242
2016-02-02 16:00:00,66.94,66.94,66.26,66.61,27269
2016-02-02 17:00:00,66.56,66.78,66.45,66.64,84358
2016-02-02 18:00:00,66.61,66.83,66.36,66.36,41755
2016-02-02 19:00:00,66.37,66.54,66.28,66.52,86243
2016-02-02 20:00:00,66.54,66.85,66.39,66.45,49511
2016-02-02 21:00:00,66.46,66.83,66.41,66.58,140708
2016-02-02 22:00:00,66.6,67.02,66.43,66.81,212346
2016-02-03 16:00:00,67.32,67.64,66.46,66.6,35177
2016-02-03 17:00:00,66.59,66.62,65.11,65.54,121921
2016-02-03 18:00:00,65.51,66.3,65.24,65.91,79755
2016-02-03 19:00:00,65.9,66.12,65.57,65.68,65714
2016-02-03 20:00:00,65.7,65.98,65.22,65.22,53900
2016-02-03 21:00:00,65.24,66.6,65.24,66.6,113103
2016-02-03 22:00:00,66.58,66.88,66.04,66.34,238918
2016-02-04 16:00:00,65.05,67.38,65.0,66.68,50155
2016-02-04 17:00:00,67.07,67.72,66.61,67.39,78017
2016-02-04 18:00:00,67.41,67.62,66.72,66.84,141663
2016-02-04 19:00:00,66.84,67.6,66.75,67.1,247055
2016-02-04 20:00:00,67.09,67.49,66.93,67.07,139999
2016-02-04 21:00:00,67.1,67.23,66.77,66.98,220989
2016-02-04 22:00:00,66.98,67.13,66.71,66.89,508371
2016-02-05 16:00:00,66.83,67.35,65.99,66.67,61678
2016-02-05 17:00:00,66.73,66.79,65.81,65.84,116797
2016-02-05 18:00:00,65.85,65.95,64.97,65.34,186570
2016-02-05 19:00:00,65.35,65.6,65.26,65.46,103223
2016-02-05 20:00:00,65.46,65.77,65.34,65.69,75141
2016-02-05 21:00:00,65.67,65.76,65.44,65.5,89683
2016-02-05 22:00:00,65.49,65.52,65.13,65.29,244990
2016-02-08 16:00:00,64.51,64.51,63.19,63.59,67682
2016-02-08 17:00:00,63.62,63.96,63.0,63.03,189908
2016-02-08 18:00:00,63.03,63.16,62.17,62.55,166393
2016-02-08 19:00:00,62.56,63.03,62.56,62.82,88427
2016-02-08 20:00:00,62.85,62.88,62.34,62.48,132445
2016-02-08 21:00:00,62.48,62.71,62.44,62.63,138841
2016-02-08 22:00:00,62.63,63.4,62.6,63.18,248931
2016-02-09 16:00:00,62.55,63.32,62.27,63.11,76244
2016-02-09 17:00:00,63.12,63.57,63.06,63.11,172881
2016-02-09 18:00:00,63.09,63.54,63.09,63.5,235847
2016-02-09 19:00:00,63.49,64.35,63.49,64.25,81318
2016-02-09 20:00:00,64.23,64.4,64.03,64.3,94761
2016-02-09 21:00:00,64.32,65.06,64.32,65.05,89054
2016-02-09 22:00:00,65.03,65.31,64.97,65.11,201099
2016-02-10 16:00:00,65.51,66.82,65.37,66.81,48101
2016-02-10 17:00:00,66.81,67.64,66.78,67.21,187790
2016-02-10 18:00:00,67.26,67.38,66.62,67.26,76686
2016-02-10 19:00:00,67.28,67.52,66.95,67.46,92417
2016-02-10 20:00:00,67.43,67.44,66.8,66.84,104584
2016-02-10 21:00:00,66.85,66.94,66.39,66.57,68827
2016-02-10 22:00:00,66.54,66.76,65.93,66.03,219351
2016-02-11 16:00:00,64.79,65.51,64.29,65.5,47165
2016-02-11 17:00:00,65.47,65.88,65.37,65.49,138135
2016-02-11 18:00:00,65.53,65.6,65.23,65.46,77373
2016-02-11 19:00:00,65.46,66.16,65.41,66.0,105018
2016-02-11 20:00:00,65.99,66.17,65.66,65.76,134674
2016-02-11 21:00:00,65.78,66.0,65.53,65.54,283152
2016-02-11 22:00:00,65.62,65.81,65.2,65.21,320890
2016-02-12 16:00:00,66.25,66.71,65.54,65.67,82443
2016-02-12 17:00:00,65.6,66.58,65.54,66.17,122641
2016-02-12 18:00:00,66.14,67.17,66.14,66.72,110902
2016-02-12 19:00:00,66.74,66.81,66.18,66.34,77532
2016-02-12 20:00:00,66.34,66.43,66.18,66.38,58839
2016-02-12 21:00:00,66.39,67.17,66.38,67.0,84908
2016-02-12 22:00:00,67.0,67.38,66.97,67.26,205226
2016-02-16 16:00:00,67.9,69.55,67.76,68.61,171194
2016-02-16 17:00:00,68.68,69.02,68.41,68.88,136711
2016-02-16 18:00:00,68.88,69.03,68.48,69.0,75958
2016-02-16 19:00:00,68.98,69.17,68.33,68.58,90811
2016-02-16 20:00:00,68.61,68.78,68.44,68.51,61274
2016-02-16 21:00:00,68.55,68.63,68.33,68.49,116703
2016-02-16 22:00:00,68.49,68.79,68.44,68.52,311441
2016-02-17 16:00:00,68.78,69.75,68.78,69.37,120172
2016-02-17 17:00:00,69.33,69.48,69.0,69.31,146480
2016-02-17 18:00:00,69.31,69.96,69.15,69.96,143706
2016-02-17 19:00:00,69.97,70.2,69.87,70.01,83296
2016-02-17 20:00:00,69.99,70.06,69.76,69.81,58580
2016-02-17 21:00:00,69.83,70.15,69.71,69.81,78326
2016-02-17 22:00:00,69.82,70.11,69.82,70.07,168961
2016-02-18 16:00:00,70.37,70.37,69.6,70.06,62068
2016-02-18 17:00:00,70.08,70.28,69.91,70.24,143476
2016-02-18 18:00:00,70.27,70.43,69.99,70.4,181226
2016-02-18 19:00:00,70.4,70.91,70.35,70.71,122699
2016-02-18 20:00:00,70.69,70.75,70.31,70.45,168288
2016-02-18 21:00:00,70.47,70.92,70.46,70.9,107890
2016-02-18 22:00:00,70.89,70.9,70.42,70.6,269646
2016-02-19 16:00:00,70.15,71.03,70.15,70.91,47335
2016-02-19 17:00:00,70.89,71.36,70.64,71.25,74304
2016-02-19 18:00:00,71.23,71.67,70.83,71.29,71222
2016-02-19 19:00:00,71.33,71.68,71.33,71.48,65620
2016-02-19 20:00:00,71.43,71.5,71.3,71.36,37465
2016-02-19 21:00:00,71.34,71.43,71.28,71.35,47185
2016-02-19 22:00:00,71.34,71.6,71.31,71.55,100952
2016-02-22 16:00:00,72.51,73.19,72.08,72.41,57921
2016-02-22 17:00:00,72.41,72.55,72.07,72.3,100108
2016-02-22 18:00:00,72.28,72.56,72.18,72.56,78151
2016-02-22 19:00:00,72.55,72.74,72.41,72.49,68910
2016-02-22 20:00:00,72.5,72.65,72.43,72.6,53987
2016-02-22 21:00:00,72.58,72.62,72.34,72.53,62613
2016-02-22 22:00:00,72.53,72.85,72.43,72.83,215299
2016-02-23 16:00:00,72.83,73.71,72.59,73.46,70004
2016-02-23 17:00:00,73.4,73.4,72.55,72.93,66958
2016-02-23 18:00:00,72.92,72.97,72.42,72.68,102982
2016-02-23 19:00:00,72.66,72.94,72.59,72.94,100700
2016-02-23 20:00:00,72.94,73.11,72.85,72.94,32707
2016-02-23 21:00:00,72.93,73.07,72.81,72.91,121696
2016-02-23 22:00:00,72.9,72.97,72.64,72.75,306654
2016-02-24 16:00:00,72.16,72.2,70.68,70.86,252170
2016-02-24 17:00:00,70.85,71.0,70.13,70.55,318924
2016-02-24 18:00:00,70.61,71.07,70.22,71.07,283005
2016-02-24 19:00:00,71.07,71.13,70.75,71.0,120989
2016-02-24 20:00:00,71.01,71.18,70.87,70.99,124360
2016-02-24 21:00:00,71.0,71.32,70.86,70.86,285564
2016-02-24 22:00:00,70.87,71.59,70.83,71.44,339883
2016-02-25 16:00:00,71.45,72.14,71.35,72.08,65932
2016-02-25 17:00:00,72.12,72.68,71.93,72.33,104636
2016-02-25 18:00:00,72.31,72.38,71.81,71.87,223796
2016-02-25 19:00:00,71.91,72.13,71.63,71.83,66282
2016-02-25 20:00:00,71.79,72.26,71.7,72.09,90336
2016-02-25 21:00:00,72.06,72.32,71.98,72.1,68958
2016-02-25 22:00:00,72.1,72.57,72.04,72.56,168324
2016-02-26 16:00:00,73.06,73.7,72.98,73.04,67776
2016-02-26 17:00:00,73.04,73.15,72.81,73.1,153416
2016-02-26 18:00:00,73.09,73.11,72.65,72.76,105736
2016-02-26 19:00:00,72.74,72.96,72.7,72.89,86277
2016-02-26 20:00:00,72.89,73.0,72.49,72.55,74666
2016-02-26 21:00:00,72.55,72.61,72.34,72.47,127263
2016-02-26 22:00:00,72.46,72.62,72.39,72.39,399498
2016-02-29 16:00:00,72.4,72.9,72.21,72.78,44696
2016-02-29 17:00:00,72.78,72.78,72.16,72.4,102185
2016-02-29 18:00:00,72.41,72.85,72.4,72.52,122745
2016-02-29 19:00:00,72.55,72.64,71.9,72.0,134122
2016-02-29 20:00:00,72.0,72.05,71.69,71.85,183458
2016-02-29 21:00:00,71.85,71.94,71.23,71.24,176617
2016-02-29 22:00:00,71.23,71.47,70.48,70.6,796290
2016-03-01 16:00:00,71.05,71.44,70.82,71.01,76371
2016-03-01 17:00:00,71.05,71.27,70.92,70.98,386049
2016-03-01 18:00:00,70.99,71.03,70.78,71.03,360282
2016-03-01 19:00:00,71.02,71.62,70.98,71.34,104984
2016-03-01 20:00:00,71.33,71.4,71.03,71.3,175417
2016-03-01 21:00:00,71.31,71.62,71.3,71.55,117595
2016-03-01 22:00:00,71.55,71.62,71.32,71.51,284999
2016-03-02 16:00:00,71.6,71.6,70.76,70.77,54159
2016-03-02 17:00:00,70.78,70.81,69.74,70.13,241517
2016-03-02 18:00:00,70.1,70.13,69.57,69.82,191629
2016-03-02 19:00:00,69.82,70.07,69.62,69.68,131151
2016-03-02 20:00:00,69.66,70.34,69.64,70.02,90527
2016-03-02 21:00:00,70.01,70.36,69.97,70.36,94251
2016-03-02 22:00:00,70.33,70.97,70.05,70.85,375483
2016-03-03 16:00:00,70.77,70.77,69.87,70.0,86712
2016-03-03 17:00:00,70.03,70.13,69.71,69.71,96090
2016-03-03 18:00:00,69.72,70.0,69.56,69.68,336098
2016-03-03 19:00:00,69.73,70.07,69.68,69.85,144929
2016-03-03 20:00:00,69.85,70.01,69.75,69.88,90820
2016-03-03 21:00:00,69.88,70.05,69.84,69.92,194274
2016-03-03 22:00:00,69.93,70.1,69.9,70.09,442629
2016-03-04 16:00:00,70.25,70.25,69.9,69.97,44844
2016-03-04 17:00:00,69.94,69.98,69.63,69.74,111374
2016-03-04 18:00:00,69.75,69.89,69.5,69.72,73667
2016-03-04 19:00:00,69.75,69.81,69.54,69.67,89800
2016-03-04 20:00:00,69.71,69.77,69.52,69.58,92519
2016-03-04 21:00:00,69.58,69.66,69.43,69.5,91186
2016-03-04 22:00:00,69.5,69.62,69.42,69.51,373524
2016-03-07 16:00:00,69.33,69.63,69.05,69.5,46554
2016-03-07 17:00:00,69.52,70.03,69.49,69.84,86027
2016-03-07 18:00:00,69.86,70.24,69.84,70.17,59457
2016-03-07 19:00:00,70.12,70.13,69.97,69.99,51926
2016-03-07 20:00:00,70.0,70.03,69.66,69.81,153597
2016-03-07 21:00:00,69.81,69.84,69.5,69.53,104757
2016-03-07 22:00:00,69.53,69.96,69.46,69.96,250887
2016-03-08 16:00:00,69.69,69.69,68.9,69.3,78816
2016-03-08 17:00:00,69.28,69.47,68.6,68.68,157552
2016-03-08 18:00:00,68.67,68.83,68.28,68.79,80481
2016-03-08 19:00:00,68.79,69.43,68.74,69.27,55283
2016-03-08 20:00:00,69.27,69.56,69.13,69.38,86910
2016-03-08 21:00:00,69.37,69.37,68.88,68.98,92575
2016-03-08 22:00:00,68.97,69.03,68.63,68.75,257428
2016-03-09 16:00:00,69.1,69.29,68.72,69.24,32234
2016-03-09 17:00:00,69.25,69.69,69.13,69.2,123079
2016-03-09 18:00:00,69.2,69.41,69.1,69.23,123970
2016-03-09 19:00:00,69.23,69.23,68.67,68.72,64179
2016-03-09 20:00:00,68.72,69.11,68.71,69.05,73888
2016-03-09 21:00:00,69.04,69.39,69.02,69.37,71969
2016-03-09 22:00:00,69.36,69.44,69.06,69.44,224018
2016-03-10 16:00:00,69.79,70.28,69.65,70.26,26196
2016-03-10 17:00:00,70.2,70.38,69.34,69.46,122509
2016-03-10 18:00:00,69.48,69.52,68.8,68.92,90025
2016-03-10 19:00:00,68.94,69.0,68.54,68.67,74610
2016-03-10 20:00:00,68.68,68.99,68.35,68.77,85392
2016-03-10 21:00:00,68.76,69.16,68.58,68.99,85896
2016-03-10 22:00:00,68.99,69.14,68.83,68.96,237624
2016-03-11 16:00:00,69.61,69.61,69.07,69.47,44839
2016-03-11 17:00:00,69.46,69.48,69.19,69.25,147343
2016-03-11 18:00:00,69.24,69.31,69.16,69.24,112317
2016-03-11 19:00:00,69.26,69.51,69.23,69.51,61809
2016-03-11 20:00:00,69.49,69.54,69.27,69.36,115854
2016-03-11 21:00:00,69.36,69.4,69.27,69.35,99929
2016-03-11 22:00:00,69.35,69.68,69.33,69.6,211570
2016-03-14 16:00:00,69.57,70.2,69.29,69.88,37968
2016-03-14 17:00:00,69.88,70.18,69.86,70.1,67786
2016-03-14 18:00:00,70.09,70.35,70.07,70.16,109546
2016-03-14 19:00:00,70.15,70.16,69.68,69.86,202913
2016-03-14 20:00:00,69.87,69.98,69.67,69.86,108851
2016-03-14 21:00:00,69.85,69.89,69.61,69.86,146592
2016-03-14 22:00:00,69.87,69.99,69.72,69.72,217819
2016-03-15 16:00:00,69.56,69.75,69.24,69.34,40890
2016-03-15 17:00:00,69.35,69.45,69.13,69.25,86983
2016-03-15 18:00:00,69.25,69.4,69.13,69.13,74255
2016-03-15 19:00:00,69.11,69.18,68.91,68.97,77703
2016-03-15 20:00:00,68.97,69.05,68.73,68.9,77404
2016-03-15 21:00:00,68.89,69.3,68.87,69.19,80700
2016-03-15 22:00:00,69.2,69.39,69.17,69.32,223259
2016-03-16 16:00:00,69.18,69.83,68.7,69.69,38347
2016-03-16 17:00:00,69.67,69.84,69.46,69.73,62624
2016-03-16 18:00:00,69.73,69.94,69.58,69.88,77183
2016-03-16 19:00:00,69.89,69.95,69.59,69.64,52482
2016-03-16 20:00:00,69.64,69.72,69.48,69.64,70456
2016-03-16 21:00:00,69.67,69.98,69.34,69.72,127780
2016-03-16 22:00:00,69.78,70.07,69.67,69.79,212959
2016-03-17 16:00:00,69.66,69.82,69.57,69.59,28563
2016-03-17 17:00:00,69.6,69.97,69.5,69.96,91996
2016-03-17 18:00:00,69.98,70.14,69.83,69.85,61460
2016-03-17 19:00:00,69.87,70.11,69.82,70.11,46598
2016-03-17 20:00:00,70.11,70.41,70.09,70.39,75113
2016-03-17 21:00:00,70.38,70.48,70.36,70.43,71286
2016-03-17 22:00:00,70.42,70.47,70.22,70.25,219609
2016-03-18 16:00:00,70.16,71.09,70.16,71.08,153252
2016-03-18 17:00:00,71.02,71.13,70.87,71.0,109870
2016-03-18 18:00:00,70.99,71.32,70.97,71.17,85340
2016-03-18 19:00:00,71.18,71.39,71.15,71.35,76063
2016-03-18 20:00:00,71.35,71.43,71.22,71.23,69969
2016-03-18 21:00:00,71.25,71.26,70.93,71.17,133246
2016-03-18 22:00:00,71.19,71.47,71.19,71.26,370719
2016-03-21 16:00:00,71.05,71.68,71.05,71.5,27515
2016-03-21 17:00:00,71.48,71.49,71.02,71.14,48922
2016-03-21 18:00:00,71.15,71.46,71.12,71.3,48535
2016-03-21 19:00:00,71.28,71.43,71.26,71.43,26130
2016-03-21 20:00:00,71.43,71.56,71.42,71.53,71588
2016-03-21 21:00:00,71.52,71.62,71.48,71.62,67420
2016-03-21 22:00:00,71.61,71.62,71.31,71.37,172825
2016-03-22 16:00:00,70.98,71.37,70.82,71.37,29230
2016-03-22 17:00:00,71.38,71.58,70.99,71.52,128325
2016-03-22 18:00:00,71.53,71.96,71.44,71.75,27255
2016-03-22 19:00:00,71.75,71.98,71.71,71.88,37136
2016-03-22 20:00:00,71.89,71.91,71.72,71.72,35590
2016-03-22 21:00:00,71.72,71.84,71.63,71.77,57498
2016-03-22 22:00:00,71.76,71.79,71.6,71.64,286886
2016-03-23 16:00:00,71.65,72.32,71.54,72.26,26409
2016-03-23 17:00:00,72.27,72.35,71.94,72.07,49793
2016-03-23 18:00:00,72.03,72.24,71.89,71.99,93671
2016-03-23 19:00:00,71.99,72.18,71.96,72.07,111508
2016-03-23 20:00:00,72.04,72.08,71.87,71.91,136546
2016-03-23 21:00:00,71.91,72.13,71.76,71.8,75191
2016-03-23 22:00:00,71.8,71.86,71.6,71.61,163172
2016-03-24 16:00:00,71.06,71.4,70.83,70.89,30177
2016-03-24 17:00:00,70.96,71.01,70.53,70.53,50905
2016-03-24 18:00:00,70.53,70.69,70.28,70.35,58047
2016-03-24 19:00:00,70.34,70.52,70.34,70.39,74936
2016-03-24 20:00:00,70.37,70.55,70.27,70.55,43725
2016-03-24 21:00:00,70.56,70.82,70.52,70.76,43093
2016-03-24 22:00:00,70.75,70.84,70.68,70.75,178733
2016-03-28 16:00:00,70.72,70.86,70.64,70.86,11197
2016-03-28 17:00:00,70.94,71.23,70.85,71.14,36125
2016-03-28 18:00:00,71.13,71.54,71.13,71.38,54017
2016-03-28 19:00:00,71.38,71.5,71.22,71.5,57894
2016-03-28 20:00:00,71.49,71.49,71.38,71.45,39389
2016-03-28 21:00:00,71.47,71.65,71.47,71.49,51136
2016-03-28 22:00:00,71.5,71.65,71.3,71.38,173468
2016-03-29 16:00:00,71.4,71.82,71.37,71.75,23108
2016-03-29 17:00:00,71.75,72.07,71.75,71.94,61116
2016-03-29 18:00:00,71.96,72.01,71.84,71.84,49175
2016-03-29 19:00:00,71.79,71.96,71.71,71.91,55550
2016-03-29 20:00:00,71.91,72.28,71.84,72.26,52217
2016-03-29 21:00:00,72.23,72.67,72.22,72.5,66073
2016-03-29 22:00:00,72.5,72.71,72.48,72.67,151843
2016-03-30 16:00:00,72.95,73.58,72.85,73.58,37756
2016-03-30 17:00:00,73.54,73.65,73.33,73.41,61890
2016-03-30 18:00:00,73.38,73.58,73.25,73.49,52331
2016-03-30 19:00:00,73.47,73.47,73.05,73.12,39029
2016-03-30 20:00:00,73.13,73.15,72.9,72.97,35497
2016-03-30 21:00:00,72.93,73.16,72.83,73.16,69884
2016-03-30 22:00:00,73.15,73.31,73.11,73.17,183665
2016-03-31 16:00:00,73.02,73.75,73.02,73.69,196726
2016-03-31 17:00:00,73.72,74.91,73.63,74.8,267972
2016-03-31 18:00:00,74.78,74.92,74.57,74.92,37960
2016-03-31 19:00:00,74.89,74.92,74.73,74.73,54600
2016-03-31 20:00:00,74.71,74.78,74.29,74.31,75928
2016-03-31 21:00:00,74.34,74.34,73.83,73.87,56521
2016-03-31 22:00:00,73.85,74.39,73.83,74.06,240343
2016-04-01 16:00:00,73.75,74.01,73.53,73.69,28364
2016-04-01 17:00:00,73.7,73.92,73.5,73.9,39320
2016-04-01 18:00:00,73.89,74.17,73.76,74.02,24565
2016-04-01 19:00:00,74.04,74.05,73.7,73.86,19382
2016-04-01 20:00:00,73.86,74.24,73.75,74.07,16854
2016-04-01 21:00:00,74.07,74.34,74.02,74.28,23489
2016-04-01 22:00:00,74.28,74.56,74.28,74.55,100703
2016-04-04 16:00:00,74.86,74.86,74.34,74.56,23241
2016-04-04 17:00:00,74.59,74.66,73.76,73.76,18499
2016-04-04 18:00:00,73.73,74.01,73.63,73.94,24577
2016-04-04 19:00:00,73.96,74.18,73.93,74.07,27928
2016-04-04 20:00:00,74.07,74.27,74.07,74.17,31040
2016-04-04 21:00:00,74.15,74.32,74.05,74.05,58143
2016-04-04 22:00:00,74.05,74.3,74.04,74.19,117330
2016-04-05 16:00:00,73.78,73.94,73.55,73.94,15794
2016-04-05 17:00:00,73.96,74.08,73.61,73.72,237842
2016-04-05 18:00:00,73.74,74.11,73.74,74.0,22390
2016-04-05 19:00:00,73.98,74.02,73.55,73.6,13428
2016-04-05 20:00:00,73.58,73.82,73.58,73.8,13693
2016-04-05 21:00:00,73.73,73.91,73.64,73.79,16504
2016-04-05 22:00:00,73.83,73.9,73.59,73.8,97242
2016-04-06 16:00:00,73.84,74.2,73.84,73.99,38523
2016-04-06 17:00:00,73.91,74.43,73.83,74.43,43472
2016-04-06 18:00:00,74.44,74.64,74.4,74.58,122708
2016-04-06 19:00:00,74.59,74.81,74.5,74.76,42048
2016-04-06 20:00:00,74.77,74.93,74.73,74.75,68021
2016-04-06 21:00:00,74.69,74.77,74.5,74.67,128465
2016-04-06 22:00:00,74.68,75.09,74.67,74.95,143645
2016-04-07 16:00:00,74.47,74.54,74.16,74.25,8784
2016-04-07 17:00:00,74.16,74.23,73.59,73.63,26230
2016-04-07 18:00:00,73.62,74.01,73.45,74.0,22075
2016-04-07 19:00:00,73.95,74.01,73.25,73.38,24309
2016-04-07 20:00:00,73.34,73.59,73.25,73.3,20154
2016-04-07 21:00:00,73.27,73.33,72.99,73.14,35663
2016-04-07 22:00:00,73.14,73.72,73.1,73.72,133964
2016-04-08 16:00:00,74.06,74.06,72.93,73.52,44332
2016-04-08 17:00:00,73.51,73.55,73.23,73.3,21837
2016-04-08 18:00:00,73.3,73.48,72.91,73.11,32313
2016-04-08 19:00:00,73.12,73.45,73.06,73.45,39188
2016-04-08 20:00:00,73.45,73.45,73.19,73.4,32194
2016-04-08 21:00:00,73.37,73.58,73.26,73.37,23950
2016-04-08 22:00:00,73.36,73.46,73.21,73.43,48054
2016-04-11 16:00:00,73.5,73.83,73.25,73.75,29919
2016-04-11 17:00:00,73.8,74.11,73.35,73.35,33457
2016-04-11 18:00:00,73.34,73.41,73.0,73.41,102969
2016-04-11 19:00:00,73.49,73.62,73.26,73.56,15645
2016-04-11 20:00:00,73.56,73.6,73.25,73.3,11143
2016-04-11 21:00:00,73.29,73.42,73.16,73.36,15802
2016-04-11 22:00:00,73.33,73.34,73.08,73.1,53971
2016-04-12 16:00:00,73.47,73.47,72.85,73.34,11434
2016-04-12 17:00:00,73.33,73.75,73.02,73.73,22599
2016-04-12 18:00:00,73.73,73.77,73.24,73.4,30038
2016-04-12 19:00:00,73.4,73.61,73.37,73.59,26677
2016-04-12 20:00:00,73.58,73.63,73.38,73.56,19243
2016-04-12 21:00:00,73.59,73.63,73.38,73.57,62183
2016-04-12 22:00:00,73.58,73.84,73.58,73.78,89714
2016-04-13 16:00:00,74.22,74.67,73.46,74.15,28887
2016-04-13 17:00:00,74.12,74.16,73.45,73.85,152296
2016-04-13 18:00:00,73.95,74.22,73.9,74.07,93312
2016-04-13 19:00:00,74.05,74.11,73.59,73.61,27957
2016-04-13 20:00:00,73.61,73.94,73.57,73.75,200849
2016-04-13 21:00:00,73.73,74.11,73.71,73.93,44547
2016-04-13 22:00:00,73.95,74.07,73.92,74.06,199834
2016-04-14 16:00:00,74.02,74.35,73.84,73.91,33379
2016-04-14 17:00:00,74.0,74.23,73.92,74.04,94787
2016-04-14 18:00:00,74.0,74.38,73.94,74.05,113781
2016-04-14 19:00:00,74.05,74.32,74.01,74.19,28922
2016-04-14 20:00:00,74.2,74.36,74.09,74.18,56429
2016-04-14 21:00:00,74.17,74.24,73.98,74.23,38271
2016-04-14 22:00:00,74.19,74.44,74.09,74.3,143486
2016-04-15 16:00:00,74.35,74.71,73.83,74.43,44189
2016-04-15 17:00:00,74.45,74.58,74.27,74.43,87465
2016-04-15 18:00:00,74.46,74.65,74.42,74.52,57111
2016-04-15 19:00:00,74.52,74.52,74.15,74.41,68064
2016-04-15 20:00:00,74.42,74.58,74.39,74.42,29965
2016-04-15 21:00:00,74.44,74.57,74.44,74.57,54635
2016-04-15 22:00:00,74.59,74.69,74.49,74.63,130839
2016-04-18 16:00:00,74.51,75.25,74.51,75.17,33888
2016-04-18 17:00:00,75.23,75.58,74.79,75.2,62891
2016-04-18 18:00:00,75.21,75.41,75.13,75.22,23383
2016-04-18 19:00:00,75.2,75.27,74.93,75.16,24900
2016-04-18 20:00:00,75.13,75.37,75.1,75.32,51708
2016-04-18 21:00:00,75.34,75.61,75.27,75.46,91572
2016-04-18 22:00:00,75.48,75.68,75.37,75.61,111202
2016-04-19 16:00:00,75.82,76.0,75.37,76.0,42318
2016-04-19 17:00:00,76.04,76.31,75.84,76.17,73206
2016-04-19 18:00:00,76.21,76.22,75.8,75.8,88540
2016-04-19 19:00:00,75.79,75.99,75.71,75.96,38956
2016-04-19 20:00:00,75.97,76.09,75.83,75.85,39377
2016-04-19 21:00:00,75.89,76.16,75.89,76.03,81139
2016-04-19 22:00:00,76.02,76.19,75.84,75.94,182816
2016-04-20 16:00:00,76.11,76.39,75.52,75.88,10382
2016-04-20 17:00:00,75.86,75.88,75.29,75.42,20103
2016-04-20 18:00:00,75.47,75.71,75.45,75.54,167391
2016-04-20 19:00:00,75.57,75.88,75.55,75.69,64991
2016-04-20 20:00:00,75.74,75.76,75.36,75.51,34973
2016-04-20 21:00:00,75.51,75.91,75.47,75.9,34771
2016-04-20 22:00:00,75.91,75.97,75.48,75.54,127740
2016-04-21 16:00:00,75.7,75.9,75.33,75.48,14045
2016-04-21 17:00:00,75.45,76.15,75.38,75.61,23950
2016-04-21 18:00:00,75.63,75.74,75.4,75.42,31916
2016-04-21 19:00:00,75.42,75.56,75.32,75.46,14100
2016-04-21 20:00:00,75.48,75.53,75.31,75.38,18935
2016-04-21 21:00:00,75.38,75.44,75.2,75.36,24686
2016-04-21 22:00:00,75.39,75.46,75.14,75.18,109243
2016-04-22 16:00:00,74.74,75.69,74.74,75.56,12866
2016-04-22 17:00:00,75.53,75.81,74.93,75.03,22973
2016-04-22 18:00:00,75.06,75.31,74.98,75.22,21837
2016-04-22 19:00:00,75.25,75.38,75.04,75.3,46911
2016-04-22 20:00:00,75.3,75.57,75.19,75.44,17635
2016-04-22 21:00:00,75.46,75.62,75.42,75.54,21630
2016-04-22 22:00:00,75.52,75.54,75.3,75.41,122115
2016-04-25 16:00:00,75.33,75.53,74.78,75.18,10491
2016-04-25 17:00:00,75.19,75.29,74.94,75.22,27000
2016-04-25 18:00:00,75.22,75.25,74.99,75.16,18152
2016-04-25 19:00:00,75.18,75.24,75.0,75.15,14878
2016-04-25 20:00:00,75.18,75.21,75.03,75.14,14229
2016-04-25 21:00:00,75.18,75.2,74.89,74.98,56059
2016-04-25 22:00:00,74.99,75.33,74.88,75.31,126941
2016-04-26 16:00:00,75.56,76.08,75.22,76.08,12301
2016-04-26 17:00:00,76.13,76.13,75.35,75.53,27599
2016-04-26 18:00:00,75.56,76.01,75.56,75.84,16292
2016-04-26 19:00:00,75.85,76.22,75.78,76.05,41378
2016-04-26 20:00:00,76.04,76.11,75.85,75.93,21226
2016-04-26 21:00:00,75.96,76.06,75.85,75.88,21677
2016-04-26 22:00:00,75.91,76.05,75.75,75.95,90920
2016-04-27 16:00:00,75.94,76.15,75.53,75.78,12611
2016-04-27 17:00:00,75.81,75.84,75.42,75.71,130374
2016-04-27 18:00:00,75.7,76.28,75.69,76.16,29380
2016-04-27 19:00:00,76.14,76.21,75.86,75.86,17194
2016-04-27 20:00:00,75.89,76.1,75.83,75.97,35021
2016-04-27 21:00:00,75.91,76.28,75.82,76.08,29236
2016-04-27 22:00:00,76.08,76.4,76.07,76.33,99623
2016-04-28 16:00:00,75.48,77.0,75.2,76.37,24143
2016-04-28 17:00:00,76.3,76.62,76.08,76.61,135933
2016-04-28 18:00:00,76.66,76.97,76.31,76.8,49455
2016-04-28 19:00:00,76.88,77.19,76.7,76.7,132051
2016-04-28 20:00:00,76.68,76.75,76.1,76.15,63998
2016-04-28 21:00:00,76.16,76.35,75.76,75.76,27803
2016-04-28 22:00:00,75.86,75.98,75.3,75.52,156782
2016-04-29 16:00:00,75.74,75.88,74.61,75.22,25801
2016-04-29 17:00:00,75.31,75.6,75.0,75.11,155760
2016-04-29 18:00:00,75.18,75.36,74.99,75.27,73088
2016-04-29 19:00:00,75.31,75.61,75.21,75.41,68770
2016-04-29 20:00:00,75.42,75.61,75.37,75.54,67853
2016-04-29 21:00:00,75.5,75.58,75.25,75.4,175621
2016-04-29 22:00:00,75.37,76.03,75.36,75.93,219112
2016-05-02 16:00:00,76.32,76.32,75.59,75.75,36936
2016-05-02 17:00:00,75.81,76.07,75.51,75.59,51576
2016-05-02 18:00:00,75.6,75.94,75.52,75.84,57724
2016-05-02 19:00:00,75.83,75.99,75.72,75.75,39476
2016-05-02 20:00:00,75.75,75.96,75.75,75.83,35667
2016-05-02 21:00:00,75.82,75.89,75.74,75.79,46727
2016-05-02 22:00:00,75.76,76.06,75.75,75.99,127093
2016-05-03 16:00:00,75.54,75.79,74.77,74.84,27535
2016-05-03 17:00:00,74.82,74.82,74.09,74.25,59392
2016-05-03 18:00:00,74.24,74.42,74.1,74.19,64658
2016-05-03 19:00:00,74.2,74.59,74.18,74.59,56992
2016-05-03 20:00:00,74.56,74.89,74.52,74.69,51138
2016-05-03 21:00:00,74.66,74.88,74.59,74.87,70874
2016-05-03 22:00:00,74.88,74.97,74.72,74.84,93421
2016-05-04 16:00:00,74.64,74.88,74.45,74.75,25159
2016-05-04 17:00:00,74.86,74.92,74.44,74.61,41889
2016-05-04 18:00:00,74.65,74.82,74.36,74.36,49984
2016-05-04 19:00:00,74.37,74.63,74.37,74.5,33788
2016-05-04 20:00:00,74.49,74.88,74.49,74.76,63959
2016-05-04 21:00:00,74.78,74.92,74.62,74.81,48874
2016-05-04 22:00:00,74.82,74.96,74.68,74.75,141201
2016-05-05 16:00:00,74.89,75.37,74.81,74.98,37519
2016-05-05 17:00:00,74.97,75.18,74.77,74.96,50164
2016-05-05 18:00:00,74.98,75.29,74.73,75.17,27052
2016-05-05 19:00:00,75.17,75.17,74.92,74.96,22723
2016-05-05 20:00:00,74.94,74.96,74.57,74.72,21347
2016-05-05 21:00:00,74.72,74.96,74.71,74.83,25287
2016-05-05 22:00:00,74.83,74.95,74.67,74.8,123044
2016-05-06 16:00:00,74.5,74.99,74.22,74.35,32992
2016-05-06 17:00:00,74.3,74.71,74.17,74.58,54224
2016-05-06 18:00:00,74.64,74.88,74.54,74.54,20217
2016-05-06 19:00:00,74.59,74.76,74.54,74.76,27875
2016-05-06 20:00:00,74.77,75.08,74.74,75.08,81365
2016-05-06 21:00:00,75.09,75.44,74.95,75.36,130340
2016-05-06 22:00:00,75.33,75.53,75.23,75.38,172689
2016-05-09 16:00:00,75.54,76.17,75.39,76.03,47087
2016-05-09 17:00:00,76.14,76.29,75.85,76.1,31730
2016-05-09 18:00:00,76.04,76.39,76.03,76.39,72151
2016-05-09 19:00:00,76.37,76.37,76.07,76.15,53971
2016-05-09 20:00:00,76.18,76.44,76.16,76.32,33470
2016-05-09 21:00:00,76.37,76.71,76.34,76.7,22488
2016-05-09 22:00:00,76.67,76.67,76.39,76.41,104240
2016-05-10 16:00:00,76.58,77.06,76.26,77.06,38531
2016-05-10 17:00:00,77.08,77.24,76.83,77.19,36158
2016-05-10 18:00:00,77.24,77.28,76.98,77.15,21199
2016-05-10 19:00:00,77.2,77.45,77.03,77.12,28824
2016-05-10 20:00:00,77.15,77.18,76.85,76.95,14492
2016-05-10 21:00:00,76.92,77.11,76.92,77.05,28631
2016-05-10 22:00:00,77.06,77.41,77.01,77.37,114101
2016-05-11 16:00:00,77.18,77.34,76.64,76.76,43606
2016-05-11 17:00:00,76.71,77.18,76.63,77.14,139600
2016-05-11 18:00:00,77.12,77.18,76.95,76.99,120159
2016-05-11 19:00:00,76.99,77.11,76.99,77.05,29453
2016-05-11 20:00:00,77.04,77.08,76.99,77.0,47848
2016-05-11 21:00:00,77.0,77.07,76.65,76.75,124415
2016-05-11 22:00:00,76.74,76.81,76.54,76.59,175012
2016-05-12 16:00:00,76.96,77.04,76.42,76.42,122257
2016-05-12 17:00:00,76.37,76.53,75.99,76.1,163446
2016-05-12 18:00:00,76.1,76.15,75.86,76.03,23473
2016-05-12 19:00:00,75.94,76.0,75.7,75.83,18451
2016-05-12 20:00:00,75.85,75.97,75.7,75.94,35405
2016-05-12 21:00:00,75.94,76.09,75.86,75.88,164088
2016-05-12 22:00:00,75.89,75.89,75.49,75.68,277497
2016-05-13 16:00:00,75.71,75.77,75.26,75.36,30569
2016-05-13 17:00:00,75.36,75.54,75.24,75.34,39571
2016-05-13 18:00:00,75.35,75.54,75.23,75.39,54646
2016-05-13 19:00:00,75.35,75.48,75.23,75.25,21190
2016-05-13 20:00:00,75.26,75.34,75.08,75.12,30418
2016-05-13 21:00:00,75.07,75.17,74.86,75.13,38170
2016-05-13 22:00:00,75.11,75.19,75.01,75.06,65950
2016-05-16 16:00:00,75.28,75.54,74.75,74.96,25530
2016-05-16 17:00:00,75.03,75.21,74.89,74.99,61265
2016-05-16 18:00:00,75.04,75.25,74.94,75.11,45184
2016-05-16 19:00:00,75.12,75.13,74.95,75.03,42702
2016-05-16 20:00:00,75.03,75.05,74.99,75.02,66088
2016-05-16 21:00:00,75.02,75.06,74.98,75.02,171097
2016-05-16 22:00:00,75.03,75.08,74.95,75.01,134440
2016-05-17 16:00:00,74.89,75.25,74.76,75.16,31398
2016-05-17 17:00:00,75.16,75.27,74.97,74.99,89028
2016-05-17 18:00:00,74.99,75.13,74.86,75.03,68762
2016-05-17 19:00:00,75.03,75.03,74.81,74.93,37864
2016-05-17 20:00:00,74.94,75.01,74.67,74.72,61198
2016-05-17 21:00:00,74.71,74.81,74.42,74.6,50101
2016-05-17 22:00:00,74.6,74.64,74.41,74.51,88487
2016-05-18 16:00:00,74.47,75.57,73.93,74.94,53285
2016-05-18 17:00:00,75.01,75.2,74.74,74.8,52553
2016-05-18 18:00:00,74.75,75.04,74.75,74.88,65155
2016-05-18 19:00:00,74.93,75.05,74.83,75.03,50495
2016-05-18 20:00:00,75.04,75.14,74.98,74.98,105462
2016-05-18 21:00:00,74.93,74.95,74.34,74.68,57262
2016-05-18 22:00:00,74.72,74.97,74.54,74.96,119580
2016-05-19 16:00:00,74.92,75.11,74.38,74.63,28918
2016-05-19 17:00:00,74.59,75.1,74.56,74.82,42405
2016-05-19 18:00:00,74.81,74.89,74.66,74.89,31876
2016-05-19 19:00:00,74.85,75.04,74.85,74.96,25545
2016-05-19 20:00:00,74.95,75.23,74.94,75.14,16397
2016-05-19 21:00:00,75.16,75.33,75.06,75.1,27337
2016-05-19 22:00:00,75.12,75.46,75.1,75.27,110863
2016-05-20 16:00:00,75.63,75.88,75.38,75.86,22940
2016-05-20 17:00:00,75.93,76.29,75.87,76.05,34508
2016-05-20 18:00:00,76.05,76.16,75.85,76.05,27176
2016-05-20 19:00:00,76.03,76.06,75.78,75.78,21080
2016-05-20 20:00:00,75.78,75.89,75.64,75.71,21917
2016-05-20 21:00:00,75.71,75.93,75.67,75.86,30009
2016-05-20 22:00:00,75.85,76.0,75.7,75.98,93716
2016-05-23 16:00:00,76.14,76.24,75.86,75.88,49027
2016-05-23 17:00:00,75.88,76.36,75.88,76.2,25849
2016-05-23 18:00:00,76.19,76.5,76.15,76.31,26716
2016-05-23 19:00:00,76.36,76.44,76.19,76.21,18483
2016-05-23 20:00:00,76.21,76.39,76.21,76.34,19837
2016-05-23 21:00:00,76.34,76.56,76.3,76.49,21674
2016-05-23 22:00:00,76.51,76.52,76.25,76.31,64678
2016-05-24 16:00:00,76.61,77.6,76.56,77.56,24648
2016-05-24 17:00:00,77.57,77.97,77.56,77.84,52939
2016-05-24 18:00:00,77.84,78.05,77.76,78.03,57029
2016-05-24 19:00:00,78.03,78.07,77.91,78.0,42819
2016-05-24 20:00:00,78.06,78.19,78.0,78.08,31799
2016-05-24 21:00:00,78.08,78.55,78.05,78.53,54711
2016-05-24 22:00:00,78.51,78.97,78.44,78.92,217943
2016-05-25 16:00:00,78.99,79.33,78.73,78.77,37194
2016-05-25 17:00:00,78.8,79.1,78.47,79.0,61698
2016-05-25 18:00:00,79.0,79.0,78.54,78.74,54831
2016-05-25 19:00:00,78.74,78.78,78.59,78.66,27198
2016-05-25 20:00:00,78.67,78.79,78.59,78.66,32083
2016-05-25 21:00:00,78.65,78.72,78.4,78.42,55461
2016-05-25 22:00:00,78.46,78.68,78.4,78.57,120171
2016-05-26 16:00:00,78.9,79.05,78.24,78.5,20325
2016-05-26 17:00:00,78.51,79.02,78.48,78.68,35737
2016-05-26 18:00:00,78.6,78.92,78.6,78.69,40568
2016-05-26 19:00:00,78.67,78.75,78.32,78.32,28972
2016-05-26 20:00:00,78.34,78.55,78.34,78.45,17640
2016-05-26 21:00:00,78.46,78.54,78.42,78.45,21756
2016-05-26 22:00:00,78.4,78.68,78.4,78.54,87042
2016-05-27 16:00:00,78.77,79.17,78.71,78.76,15315
2016-05-27 17:00:00,78.75,78.88,78.6,78.7,35269
2016-05-27 18:00:00,78.71,78.96,78.69,78.81,26553
2016-05-27 19:00:00,78.82,79.01,78.81,79.0,17649
2016-05-27 20:00:00,79.01,79.13,78.94,79.05,19312
2016-05-27 21:00:00,79.0,79.09,78.92,79.08,24691
2016-05-27 22:00:00,79.07,79.32,79.06,79.32,52855
2016-05-31 16:00:00,79.55,79.77,79.12,79.29,15648
2016-05-31 17:00:00,79.32,79.67,79.25,79.31,24722
2016-05-31 18:00:00,79.3,79.3,78.96,78.98,32512
2016-05-31 19:00:00,78.98,78.98,78.83,78.84,31107
2016-05-31 20:00:00,78.82,79.1,78.82,78.96,43830
2016-05-31 21:00:00,78.94,79.02,78.71,78.98,40858
2016-05-31 22:00:00,79.0,79.86,78.96,79.79,276684
2016-06-01 16:00:00,79.3,79.46,79.01,79.22,48205
2016-06-01 17:00:00,79.23,79.44,79.04,79.12,50651
2016-06-01 18:00:00,79.1,79.22,78.73,78.84,63635
2016-06-01 19:00:00,78.88,78.92,78.75,78.84,75419
2016-06-01 20:00:00,78.85,78.88,78.73,78.84,67897
2016-06-01 21:00:00,78.84,79.12,78.76,79.09,85552
2016-06-01 22:00:00,79.1,79.12,78.69,78.71,182955
2016-06-02 16:00:00,78.56,79.04,78.56,78.84,26046
2016-06-02 17:00:00,78.9,78.97,78.51,78.56,90669
2016-06-02 18:00:00,78.56,78.61,78.39,78.56,48377
2016-06-02 19:00:00,78.56,78.6,78.52,78.56,43075
2016-06-02 20:00:00,78.57,78.71,78.55,78.71,82787
2016-06-02 21:00:00,78.7,78.83,78.67,78.73,79715
2016-06-02 22:00:00,78.76,78.78,78.5,78.64,303040
2016-06-03 16:00:00,77.99,77.99,77.27,77.61,201107
2016-06-03 17:00:00,77.61,77.61,77.13,77.38,151187
2016-06-03 18:00:00,77.39,77.47,77.22,77.47,184912
2016-06-03 19:00:00,77.49,77.49,77.21,77.22,55488
2016-06-03 20:00:00,77.22,77.28,77.1,77.14,75224
2016-06-03 21:00:00,77.14,77.39,77.05,77.34,89864
2016-06-03 22:00:00,77.33,77.35,77.04,77.06,252843
2016-06-06 16:00:00,76.92,76.92,75.75,76.3,132069
2016-06-06 17:00:00,76.32,76.86,76.2,76.78,209091
2016-06-06 18:00:00,76.79,77.18,76.77,77.09,96651
2016-06-06 19:00:00,77.1,77.47,77.06,77.25,53510
2016-06-06 20:00:00,77.25,77.43,77.2,77.33,105137
2016-06-06 21:00:00,77.34,77.74,77.31,77.4,92173
2016-06-06 22:00:00,77.41,77.56,77.33,77.34,178435
2016-06-07 16:00:00,77.56,77.67,77.03,77.04,54801
2016-06-07 17:00:00,77.12,77.63,77.03,77.3,127510
2016-06-07 18:00:00,77.29,77.52,77.02,77.47,116091
2016-06-07 19:00:00,77.46,77.62,77.38,77.53,57965
2016-06-07 20:00:00,77.54,78.04,77.51,77.93,86020
2016-06-07 21:00:00,77.95,77.95,77.77,77.86,77229
2016-06-07 22:00:00,77.89,77.97,77.75,77.85,176694
2016-06-08 16:00:00,77.75,78.12,77.69,78.12,72385
2016-06-08 17:00:00,78.16,78.16,77.82,77.83,56393
2016-06-08 18:00:00,77.8,77.84,77.55,77.57,67217
2016-06-08 19:00:00,77.56,77.8,77.43,77.77,58508
2016-06-08 20:00:00,77.76,77.92,77.69,77.91,91167
2016-06-08 21:00:00,77.91,78.39,77.91,78.38,81952
2016-06-08 22:00:00,78.37,78.37,78.02,78.02,99942
2016-06-09 16:00:00,77.73,78.24,77.41,77.82,29890
2016-06-09 17:00:00,77.83,77.98,77.76,77.85,55498
2016-06-09 18:00:00,77.83,77.97,77.76,77.85,51201
2016-06-09 19:00:00,77.88,78.03,77.85,77.95,48458
2016-06-09 20:00:00,77.94,78.05,77.9,78.0,35779
2016-06-09 21:00:00,78.01,78.2,77.93,78.19,47410
2016-06-09 22:00:00,78.17,78.24,78.02,78.1,129581
2016-06-10 16:00:00,77.35,77.5,76.28,76.31,110423
2016-06-10 17:00:00,76.3,76.77,76.04,76.69,97544
2016-06-10 18:00:00,76.69,77.06,76.62,76.91,80591
2016-06-10 19:00:00,76.91,76.97,76.59,76.73,37602
2016-06-10 20:00:00,76.76,76.93,76.66,76.66,46471
2016-06-10 21:00:00,76.67,76.75,76.54,76.56,36281
2016-06-10 22:00:00,76.56,76.73,76.48,76.7,100438
2016-06-13 16:00:00,76.21,76.26,75.96,76.07,70961
2016-06-13 17:00:00,76.08,76.37,76.04,76.16,88452
2016-06-13 18:00:00,76.16,76.16,75.82,75.84,56597
2016-06-13 19:00:00,75.85,76.07,75.85,76.05,52266
2016-06-13 20:00:00,76.07,76.1,75.84,75.95,54803
2016-06-13 21:00:00,75.94,76.19,75.9,76.09,83012
2016-06-13 22:00:00,76.11,76.11,75.63,75.78,161394
2016-06-14 16:00:00,75.51,75.54,75.03,75.24,50029
2016-06-14 17:00:00,75.25,75.39,74.81,74.89,71948
2016-06-14 18:00:00,74.86,75.08,74.67,74.68,80671
2016-06-14 19:00:00,74.67,74.83,74.46,74.56,100595
2016-06-14 20:00:00,74.56,74.62,74.41,74.5,70391
2016-06-14 21:00:00,74.52,74.89,74.39,74.43,153274
2016-06-14 22:00:00,74.43,74.57,74.38,74.5,240691
2016-06-15 16:00:00,74.6,74.67,74.31,74.46,34006
2016-06-15 17:00:00,74.46,74.58,74.36,74.41,100733
2016-06-15 18:00:00,74.41,74.51,74.21,74.31,46746
2016-06-15 19:00:00,74.31,74.45,74.27,74.4,31308
2016-06-15 20:00:00,74.43,74.62,74.42,74.56,113270
2016-06-15 21:00:00,74.6,74.77,74.32,74.57,126846
2016-06-15 22:00:00,74.56,74.61,74.25,74.29,195277
2016-06-16 16:00:00,74.0,74.12,73.6,73.85,26501
2016-06-16 17:00:00,73.85,74.25,73.81,74.06,55994
2016-06-16 18:00:00,74.06,74.18,73.86,74.0,98940
2016-06-16 19:00:00,73.97,74.06,73.88,73.98,218471
2016-06-16 20:00:00,74.0,74.03,73.91,74.0,196942
2016-06-16 21:00:00,73.99,74.47,73.96,74.3,529448
2016-06-16 22:00:00,74.29,74.44,74.2,74.23,351548
2016-06-17 16:00:00,74.13,74.13,73.64,73.98,138041
2016-06-17 17:00:00,73.93,74.5,73.88,73.92,88420
2016-06-17 18:00:00,73.93,74.09,73.82,74.01,47790
2016-06-17 19:00:00,74.03,74.15,73.92,74.0,52675
2016-06-17 20:00:00,74.0,74.06,73.92,74.0,97312
2016-06-17 21:00:00,74.0,74.29,73.92,74.22,223505
2016-06-17 22:00:00,74.23,74.25,73.63,73.67,306868
2016-06-20 16:00:00,74.63,75.0,74.5,74.75,38621
2016-06-20 17:00:00,74.79,74.86,74.63,74.75,146336
2016-06-20 18:00:00,74.75,74.75,74.61,74.72,86515
2016-06-20 19:00:00,74.72,74.87,74.68,74.73,97885
2016-06-20 20:00:00,74.72,75.02,74.72,74.97,72343
2016-06-20 21:00:00,74.98,74.99,74.78,74.88,65532
2016-06-20 22:00:00,74.89,74.89,74.48,74.54,179523
2016-06-21 16:00:00,74.62,75.06,74.62,75.04,23624
2016-06-21 17:00:00,75.02,75.27,74.9,74.97,34093
2016-06-21 18:00:00,74.98,75.09,74.77,74.84,29341
2016-06-21 19:00:00,74.84,75.0,74.81,74.94,26827
2016-06-21 20:00:00,74.94,74.99,74.83,74.9,24895
2016-06-21 21:00:00,74.9,75.17,74.88,75.03,19305
2016-06-21 22:00:00,75.01,75.05,74.86,74.88,79411
2016-06-22 16:00:00,75.08,75.08,74.89,74.97,18205
2016-06-22 17:00:00,74.94,75.02,74.81,74.9,48288
2016-06-22 18:00:00,74.92,74.96,74.6,74.73,56112
2016-06-22 19:00:00,74.73,74.76,74.54,74.73,35345
2016-06-22 20:00:00,74.7,74.87,74.42,74.79,36879
2016-06-22 21:00:00,74.78,74.9,74.73,74.88,29855
2016-06-22 22:00:00,74.91,74.95,74.68,74.82,87155
2016-06-23 16:00:00,75.59,76.06,75.56,76.0,29798
2016-06-23 17:00:00,75.97,76.03,75.81,75.96,38550
2016-06-23 18:00:00,75.96,76.17,75.96,76.12,30413
2016-06-23 19:00:00,76.13,76.23,75.92,75.94,98582
2016-06-23 20:00:00,75.93,76.04,75.78,75.97,55648
2016-06-23 21:00:00,76.0,76.24,76.0,76.24,25057
2016-06-23 22:00:00,76.25,76.66,76.23,76.66,120962
2016-06-24 16:00:00,73.39,74.47,73.39,74.39,24491
2016-06-24 17:00:00,74.49,75.14,74.48,75.0,75011
2016-06-24 18:00:00,75.0,75.13,74.91,75.04,55482
2016-06-24 19:00:00,75.04,75.05,74.49,74.5,62367
2016-06-24 20:00:00,74.5,74.6,74.4,74.52,47102
2016-06-24 21:00:00,74.53,74.58,74.01,74.23,50852
2016-06-24 22:00:00,74.22,74.29,73.73,73.74,175179
2016-06-27 16:00:00,73.06,73.06,72.4,72.41,32815
2016-06-27 17:00:00,72.4,72.5,71.54,71.54,84736
2016-06-27 18:00:00,71.53,72.17,71.51,72.13,71656
2016-06-27 19:00:00,72.13,72.37,72.04,72.22,46190
2016-06-27 20:00:00,72.19,72.42,71.94,72.06,70174
2016-06-27 21:00:00,72.06,72.18,71.89,71.96,68058
2016-06-27 22:00:00,72.0,72.25,71.85,71.85,120493
2016-06-28 16:00:00,72.66,72.96,72.22,72.88,40752
2016-06-28 17:00:00,72.88,73.1,72.68,72.87,86779
2016-06-28 18:00:00,72.87,72.96,72.64,72.93,55356
2016-06-28 19:00:00,72.93,73.23,72.9,73.09,29636
2016-06-28 20:00:00,73.09,73.33,73.07,73.3,44171
2016-06-28 21:00:00,73.29,74.01,73.19,73.98,67381
2016-06-28 22:00:00,73.98,73.98,73.69,73.83,106508
2016-06-29 16:00:00,74.6,74.73,74.18,74.45,29468
2016-06-29 17:00:00,74.46,74.73,74.16,74.67,54510
2016-06-29 18:00:00,74.67,75.01,74.67,74.98,45550
2016-06-29 19:00:00,74.98,74.98,74.76,74.79,25831
2016-06-29 20:00:00,74.82,74.84,74.58,74.61,37511
2016-06-29 21:00:00,74.63,74.8,74.49,74.77,62450
2016-06-29 22:00:00,74.77,74.92,74.71,74.91,119898
2016-06-30 16:00:00,75.05,75.29,74.87,75.26,22190
2016-06-30 17:00:00,75.29,75.53,75.14,75.5,49495
2016-06-30 18:00:00,75.52,75.92,75.47,75.81,48345
2016-06-30 19:00:00,75.89,76.24,75.82,76.23,21214
2016-06-30 20:00:00,76.2,76.24,75.95,76.15,37474
2016-06-30 21:00:00,76.15,76.57,76.07,76.55,44225
2016-06-30 22:00:00,76.56,77.13,76.48,77.12,179803
2016-07-01 16:00:00,76.85,77.49,76.77,77.11,55808
2016-07-01 17:00:00,77.19,77.28,76.93,77.26,28000
2016-07-01 18:00:00,77.25,77.25,76.83,76.83,22534
2016-07-01 19:00:00,76.83,76.86,76.74,76.8,21215
2016-07-01 20:00:00,76.79,76.9,76.64,76.72,36109
2016-07-01 21:00:00,76.73,76.92,76.67,76.76,33142
2016-07-01 22:00:00,76.78,77.0,76.78,76.92,71611
2016-07-05 16:00:00,76.41,76.67,76.11,76.49,24092
2016-07-05 17:00:00,76.5,76.69,76.2,76.43,29460
2016-07-05 18:00:00,76.43,76.55,76.14,76.37,39948
2016-07-05 19:00:00,76.4,76.63,76.29,76.56,16219
2016-07-05 20:00:00,76.58,76.58,76.31,76.37,16811
2016-07-05 21:00:00,76.37,76.53,76.32,76.53,29940
2016-07-05 22:00:00,76.52,76.98,76.49,76.79,100226
2016-07-06 16:00:00,76.59,77.15,76.45,77.02,26616
2016-07-06 17:00:00,77.03,77.43,76.88,77.43,45464
2016-07-06 18:00:00,77.43,77.71,77.37,77.68,56322
2016-07-06 19:00:00,77.71,77.75,77.54,77.7,27240
2016-07-06 20:00:00,77.71,77.86,77.65,77.72,38161
2016-07-06 21:00:00,77.7,77.86,77.53,77.83,33712
2016-07-06 22:00:00,77.83,77.84,77.52,77.62,88983
2016-07-07 16:00:00,77.67,78.34,77.67,78.27,29769
2016-07-07 17:00:00,78.27,78.77,78.19,78.67,99916
2016-07-07 18:00:00,78.67,78.72,78.33,78.43,85617
2016-07-07 19:00:00,78.43,78.51,78.21,78.23,28871
2016-07-07 20:00:00,78.23,78.4,78.2,78.36,132296
2016-07-07 21:00:00,78.36,78.56,78.27,78.27,49767
2016-07-07 22:00:00,78.31,78.51,78.29,78.46,111943
2016-07-08 16:00:00,78.9,79.07,78.43,78.97,66637
2016-07-08 17:00:00,79.01,79.18,78.95,79.08,82373
2016-07-08 18:00:00,79.11,79.18,78.92,79.16,58883
2016-07-08 19:00:00,79.15,79.16,78.93,79.01,24390
2016-07-08 20:00:00,79.01,79.15,79.0,79.15,21338
2016-07-08 21:00:00,79.15,79.44,79.12,79.34,27745
2016-07-08 22:00:00,79.32,79.52,79.31,79.45,72591
2016-07-11 16:00:00,78.87,79.56,78.87,79.27,22616
2016-07-11 17:00:00,79.25,79.55,79.22,79.54,61478
2016-07-11 18:00:00,79.56,79.75,79.52,79.52,48043
2016-07-11 19:00:00,79.53,79.66,79.47,79.6,11202
2016-07-11 20:00:00,79.66,79.67,79.48,79.48,15049
2016-07-11 21:00:00,79.46,79.57,79.39,79.52,19166
2016-07-11 22:00:00,79.51,79.66,79.3,79.35,114297
2016-07-12 16:00:00,80.1,81.25,79.93,81.21,51126
2016-07-12 17:00:00,81.24,81.56,81.1,81.33,79750
2016-07-12 18:00:00,81.33,81.48,81.23,81.25,106988
2016-07-12 19:00:00,81.21,81.25,80.99,81.03,29193
2016-07-12 20:00:00,81.03,81.22,81.03,81.12,57844
2016-07-12 21:00:00,81.13,81.19,81.05,81.07,53952
2016-07-12 22:00:00,81.09,81.12,80.94,81.03,137040
2016-07-13 16:00:00,81.27,81.49,80.99,81.2,42700
2016-07-13 17:00:00,81.26,82.02,81.14,81.99,119247
2016-07-13 18:00:00,81.97,82.0,81.36,81.52,24406
2016-07-13 19:00:00,81.53,81.56,81.27,81.47,15235
2016-07-13 20:00:00,81.43,81.54,81.26,81.35,14628
2016-07-13 21:00:00,81.37,81.52,81.37,81.43,21828
2016-07-13 22:00:00,81.42,81.53,81.3,81.49,77571
2016-07-14 16:00:00,82.2,82.2,81.55,81.73,33254
2016-07-14 17:00:00,81.77,82.05,81.46,81.57,57711
2016-07-14 18:00:00,81.6,82.06,81.54,81.72,63833
2016-07-14 19:00:00,81.71,81.73,81.62,81.67,10445
2016-07-14 20:00:00,81.67,81.69,81.5,81.63,106887
2016-07-14 21:00:00,81.63,81.64,81.51,81.55,38406
2016-07-14 22:00:00,81.56,81.75,81.55,81.72,125825
2016-07-15 16:00:00,81.72,82.0,81.47,81.51,10933
2016-07-15 17:00:00,81.65,81.9,81.6,81.85,24039
2016-07-15 18:00:00,81.87,81.87,81.48,81.49,29903
2016-07-15 19:00:00,81.5,81.54,81.29,81.33,24518
2016-07-15 20:00:00,81.33,81.53,81.33,81.45,41037
2016-07-15 21:00:00,81.46,81.47,81.36,81.39,29537
2016-07-15 22:00:00,81.39,81.53,81.37,81.48,110251
2016-07-18 16:00:00,81.57,81.57,81.12,81.17,15716
2016-07-18 17:00:00,81.17,81.67,81.17,81.64,13018
2016-07-18 18:00:00,81.67,81.68,81.35,81.35,16536
2016-07-18 19:00:00,81.34,81.34,81.13,81.18,11747
2016-07-18 20:00:00,81.16,81.36,81.12,81.27,12688
2016-07-18 21:00:00,81.24,81.35,81.19,81.19,15032
2016-07-18 22:00:00,81.23,81.3,81.18,81.2,52038
2016-07-19 16:00:00,80.9,81.13,80.39,81.0,13089
2016-07-19 17:00:00,81.0,81.6,80.97,81.48,24792
2016-07-19 18:00:00,81.47,81.64,81.36,81.38,18717
2016-07-19 19:00:00,81.44,81.64,81.39,81.6,11005
2016-07-19 20:00:00,81.57,81.69,81.48,81.5,23907
2016-07-19 21:00:00,81.52,81.9,81.49,81.77,33725
2016-07-19 22:00:00,81.75,81.96,81.67,81.96,81426
2016-07-20 16:00:00,82.3,82.34,82.02,82.19,14126
2016-07-20 17:00:00,82.19,82.7,82.19,82.64,31190
2016-07-20 18:00:00,82.65,82.99,82.58,82.88,33080
2016-07-20 19:00:00,82.83,82.86,82.65,82.7,34307
2016-07-20 20:00:00,82.7,82.86,82.55,82.55,29708
2016-07-20 21:00:00,82.59,82.73,82.59,82.71,27719
2016-07-20 22:00:00,82.69,82.78,82.56,82.56,68774
2016-07-21 16:00:00,82.29,82.72,82.03,82.62,17795
2016-07-21 17:00:00,82.63,82.84,82.5,82.79,15778
2016-07-21 18:00:00,82.82,82.9,82.52,82.57,80250
2016-07-21 19:00:00,82.57,82.59,82.37,82.46,10145
2016-07-21 20:00:00,82.46,82.52,82.39,82.43,29281
2016-07-21 21:00:00,82.43,82.43,82.21,82.38,26902
2016-07-21 22:00:00,82.38,82.58,82.37,82.47,61431
2016-07-22 16:00:00,82.58,82.58,82.03,82.51,8747
2016-07-22 17:00:00,82.52,82.85,82.49,82.72,21755
2016-07-22 18:00:00,82.72,82.85,82.57,82.81,17305
2016-07-22 19:00:00,82.83,82.99,82.77,82.9,8381
2016-07-22 20:00:00,82.88,83.0,82.82,82.83,23845
2016-07-22 21:00:00,82.83,82.91,82.77,82.8,27657
2016-07-22 22:00:00,82.83,82.95,82.74,82.91,46845
2016-07-25 16:00:00,82.77,83.0,82.77,82.89,6752
2016-07-25 17:00:00,82.84,82.86,82.55,82.68,10628
2016-07-25 18:00:00,82.59,82.69,82.49,82.56,17911
2016-07-25 19:00:00,82.56,82.63,82.53,82.61,9122
2016-07-25 20:00:00,82.63,82.75,82.6,82.69,9525
2016-07-25 21:00:00,82.67,82.92,82.67,82.92,13124
2016-07-25 22:00:00,82.89,83.02,82.8,82.97,43454
2016-07-26 16:00:00,82.86,83.49,82.86,83.21,11971
2016-07-26 17:00:00,83.26,83.46,83.01,83.01,20370
2016-07-26 18:00:00,82.92,83.27,82.89,83.23,14209
2016-07-26 19:00:00,83.24,83.38,83.2,83.29,9530
2016-07-26 20:00:00,83.27,83.43,83.24,83.3,21761
2016-07-26 21:00:00,83.34,83.45,83.24,83.41,9308
2016-07-26 22:00:00,83.39,83.64,83.39,83.58,50458
2016-07-27 16:00:00,83.8,83.8,83.3,83.34,14656
2016-07-27 17:00:00,83.35,83.35,82.95,82.95,81948
2016-07-27 18:00:00,82.94,83.82,82.94,83.73,98261
2016-07-27 19:00:00,83.69,83.95,83.5,83.5,83388
2016-07-27 20:00:00,83.53,83.64,83.34,83.37,34810
2016-07-27 21:00:00,83.36,83.57,83.28,83.48,39352
2016-07-27 22:00:00,83.49,83.8,83.48,83.49,88346
2016-07-28 16:00:00,83.92,83.92,82.17,82.74,47579
2016-07-28 17:00:00,82.73,83.59,82.68,82.95,88848
2016-07-28 18:00:00,82.97,84.21,82.92,84.12,108719
2016-07-28 19:00:00,84.09,84.7,84.09,84.62,26754
2016-07-28 20:00:00,84.6,85.26,84.6,85.23,34005
2016-07-28 21:00:00,85.28,85.34,84.6,84.98,52268
2016-07-28 22:00:00,84.97,85.18,84.73,84.85,199328
2016-07-29 16:00:00,84.91,85.93,83.89,85.42,71247
2016-07-29 17:00:00,85.47,85.68,85.28,85.51,60290
2016-07-29 18:00:00,85.51,86.42,85.51,86.4,35582
2016-07-29 19:00:00,86.4,86.42,85.85,85.85,44558
2016-07-29 20:00:00,85.84,86.02,85.45,85.94,116894
2016-07-29 21:00:00,85.91,86.11,85.8,86.05,74354
2016-07-29 22:00:00,86.05,86.31,85.91,86.01,135235
2016-08-01 16:00:00,85.98,86.6,85.84,86.21,37809
2016-08-01 17:00:00,86.2,86.3,85.95,86.13,56758
2016-08-01 18:00:00,86.14,86.31,86.01,86.06,40598
2016-08-01 19:00:00,86.04,86.07,85.66,85.67,76969
2016-08-01 20:00:00,85.69,85.87,85.55,85.86,25054
2016-08-01 21:00:00,85.9,85.97,85.77,85.93,30986
2016-08-01 22:00:00,85.93,86.07,85.76,85.94,112600
2016-08-02 16:00:00,86.06,86.09,85.37,85.52,67980
2016-08-02 17:00:00,85.52,85.6,84.94,84.98,73161
2016-08-02 18:00:00,85.04,85.1,84.89,84.92,40964
2016-08-02 19:00:00,84.92,84.92,84.51,84.54,56291
2016-08-02 20:00:00,84.55,84.75,84.4,84.64,29544
2016-08-02 21:00:00,84.71,85.0,84.63,84.73,45536
2016-08-02 22:00:00,84.81,84.96,84.7,84.75,121953
2016-08-03 16:00:00,84.93,85.06,84.74,84.75,28608
2016-08-03 17:00:00,84.74,84.94,84.6,84.73,19485
2016-08-03 18:00:00,84.79,84.97,84.76,84.9,19809
2016-08-03 19:00:00,84.9,84.95,84.7,84.79,21265
2016-08-03 20:00:00,84.81,84.82,84.67,84.76,11979
2016-08-03 21:00:00,84.76,84.91,84.59,84.67,24614
2016-08-03 22:00:00,84.63,84.98,84.63,84.95,96805
2016-08-04 16:00:00,85.17,85.98,85.17,85.35,12078
2016-08-04 17:00:00,85.27,85.77,85.06,85.77,17124
2016-08-04 18:00:00,85.71,85.72,85.43,85.68,11163
2016-08-04 19:00:00,85.74,85.78,85.38,85.39,11779
2016-08-04 20:00:00,85.38,85.55,85.37,85.52,12253
2016-08-04 21:00:00,85.57,85.57,85.3,85.34,23684
2016-08-04 22:00:00,85.32,85.44,85.25,85.37,84190
2016-08-05 16:00:00,85.99,86.72,85.62,86.71,13768
2016-08-05 17:00:00,86.67,86.84,86.42,86.8,50961
2016-08-05 18:00:00,86.83,86.98,86.65,86.8,36977
2016-08-05 19:00:00,86.81,86.91,86.74,86.82,18455
2016-08-05 20:00:00,86.8,86.87,86.64,86.81,30489
2016-08-05 21:00:00,86.78,86.89,86.66,86.71,49071
2016-08-05 22:00:00,86.75,86.89,86.69,86.79,98816
2016-08-08 16:00:00,86.71,86.96,86.52,86.8,21792
2016-08-08 17:00:00,86.76,87.11,86.51,86.57,19770
2016-08-08 18:00:00,86.57,86.59,86.12,86.12,17218
2016-08-08 19:00:00,86.15,86.18,85.98,86.07,11770
2016-08-08 20:00:00,86.08,86.22,86.06,86.18,16153
2016-08-08 21:00:00,86.19,86.21,86.03,86.07,13156
2016-08-08 22:00:00,86.08,86.24,86.05,86.12,76671
2016-08-09 16:00:00,86.1,86.47,85.85,86.26,19232
2016-08-09 17:00:00,86.21,86.55,86.13,86.22,40890
2016-08-09 18:00:00,86.25,86.42,86.22,86.24,17789
2016-08-09 19:00:00,86.27,86.35,85.88,85.88,49272
2016-08-09 20:00:00,85.91,86.16,85.88,86.13,17071
2016-08-09 21:00:00,86.13,86.21,86.05,86.21,32654
2016-08-09 22:00:00,86.24,86.33,86.17,86.22,46630
2016-08-10 16:00:00,86.29,86.38,86.16,86.25,4522
2016-08-10 17:00:00,86.35,86.59,86.13,86.22,8696
2016-08-10 18:00:00,86.21,86.29,85.79,85.83,24289
2016-08-10 19:00:00,85.83,86.38,85.8,86.24,20669
2016-08-10 20:00:00,86.24,86.34,86.08,86.24,27778
2016-08-10 21:00:00,86.23,86.28,85.99,86.18,27158
2016-08-10 22:00:00,86.18,86.29,86.02,86.1,78946
2016-08-11 16:00:00,85.93,86.17,85.91,86.04,10473
2016-08-11 17:00:00,86.04,86.19,85.85,86.05,12403
2016-08-11 18:00:00,86.04,86.04,85.88,85.96,16648
2016-08-11 19:00:00,85.93,85.97,85.87,85.94,9553
2016-08-11 20:00:00,85.94,86.07,85.9,86.01,19338
2016-08-11 21:00:00,86.0,86.22,86.0,86.06,13323
2016-08-11 22:00:00,86.08,86.25,86.05,86.12,54743
2016-08-12 16:00:00,85.86,86.08,85.85,85.88,9145
2016-08-12 17:00:00,85.87,85.98,85.7,85.77,15734
2016-08-12 18:00:00,85.79,85.91,85.74,85.74,9934
2016-08-12 19:00:00,85.71,85.8,85.64,85.67,10968
2016-08-12 20:00:00,85.71,86.2,85.6,86.15,22905
2016-08-12 21:00:00,86.14,86.29,86.08,86.17,11630
2016-08-12 22:00:00,86.17,86.38,86.15,86.26,60791
2016-08-15 16:00:00,86.28,86.69,86.11,86.64,14019
2016-08-15 17:00:00,86.73,86.89,86.34,86.64,29211
2016-08-15 18:00:00,86.63,86.76,86.47,86.71,34286
2016-08-15 19:00:00,86.73,86.99,86.65,86.95,45928
2016-08-15 20:00:00,86.93,87.1,86.7,87.1,25072
2016-08-15 21:00:00,87.04,87.24,86.96,87.22,36046
2016-08-15 22:00:00,87.2,87.52,87.13,87.5,215914
2016-08-16 16:00:00,87.22,87.22,86.51,86.61,24676
2016-08-16 17:00:00,86.59,86.81,86.43,86.76,49647
2016-08-16 18:00:00,86.75,86.86,86.71,86.79,37097
2016-08-16 19:00:00,86.75,86.75,86.54,86.6,31086
2016-08-16 20:00:00,86.58,86.59,85.9,86.27,53755
2016-08-16 21:00:00,86.25,86.67,86.22,86.6,72062
2016-08-16 22:00:00,86.59,86.65,86.32,86.57,224238
2016-08-17 16:00:00,86.35,86.96,86.35,86.47,34860
2016-08-17 17:00:00,86.43,86.67,86.39,86.44,45590
2016-08-17 18:00:00,86.45,86.68,86.38,86.68,69813
2016-08-17 19:00:00,86.67,86.83,86.5,86.75,22216
2016-08-17 20:00:00,86.76,87.04,86.71,86.9,40232
2016-08-17 21:00:00,86.9,87.18,86.84,87.15,27175
2016-08-17 22:00:00,87.14,87.14,86.78,87.0,118371
2016-08-18 16:00:00,87.07,87.28,86.88,86.97,19515
2016-08-18 17:00:00,86.93,87.0,86.7,86.89,32605
2016-08-18 18:00:00,86.91,86.96,86.74,86.76,16909
2016-08-18 19:00:00,86.74,86.89,86.68,86.84,22739
2016-08-18 20:00:00,86.85,87.21,86.79,87.07,25617
2016-08-18 21:00:00,87.07,87.14,87.02,87.1,7687
2016-08-18 22:00:00,87.11,87.24,87.03,87.17,48004
2016-08-19 16:00:00,87.12,87.31,86.68,86.77,13543
2016-08-19 17:00:00,86.83,87.25,86.72,87.02,32049
2016-08-19 18:00:00,87.02,87.25,87.02,87.16,30723
2016-08-19 19:00:00,87.15,87.24,87.12,87.16,19180
2016-08-19 20:00:00,87.18,87.28,87.12,87.17,16406
2016-08-19 21:00:00,87.17,87.31,87.15,87.3,13030
2016-08-19 22:00:00,87.28,87.46,87.2,87.33,76150
2016-08-22 16:00:00,87.04,87.39,86.78,87.15,11880
2016-08-22 17:00:00,87.1,87.24,86.95,87.03,16045
2016-08-22 18:00:00,87.01,87.47,87.01,87.14,10989
2016-08-22 19:00:00,87.12,87.41,87.03,87.22,15513
2016-08-22 20:00:00,87.23,87.4,87.0,87.27,15997
2016-08-22 21:00:00,87.25,87.39,87.1,87.14,30222
2016-08-22 22:00:00,87.15,87.41,87.11,87.38,61705
2016-08-23 16:00:00,87.7,87.98,87.7,87.82,8427
2016-08-23 17:00:00,87.74,87.85,87.57,87.75,14780
2016-08-23 18:00:00,87.79,87.88,87.65,87.74,32153
2016-08-23 19:00:00,87.78,87.78,87.56,87.61,40402
2016-08-23 20:00:00,87.61,87.63,87.43,87.6,49752
2016-08-23 21:00:00,87.6,87.61,87.52,87.56,16935
2016-08-23 22:00:00,87.57,87.7,87.52,87.63,86701
2016-08-24 16:00:00,87.57,87.67,87.39,87.62,13037
2016-08-24 17:00:00,87.67,88.07,87.5,88.06,25489
2016-08-24 18:00:00,88.14,88.14,87.82,88.1,32060
2016-08-24 19:00:00,88.08,88.27,88.07,88.18,112577
2016-08-24 20:00:00,88.22,88.27,88.14,88.18,70739
2016-08-24 21:00:00,88.17,88.19,88.09,88.15,49575
2016-08-24 22:00:00,88.17,88.17,87.97,88.11,140814
2016-08-25 16:00:00,87.91,88.05,87.69,87.92,19747
2016-08-25 17:00:00,87.89,88.5,87.85,88.38,26386
2016-08-25 18:00:00,88.42,88.57,88.35,88.52,13218
2016-08-25 19:00:00,88.48,88.73,88.27,88.72,45598
2016-08-25 20:00:00,88.71,88.77,88.11,88.6,20014
2016-08-25 21:00:00,88.6,88.6,88.38,88.46,15888
2016-08-25 22:00:00,88.47,88.64,88.43,88.63,74520
2016-08-26 16:00:00,88.86,89.2,88.69,89.05,11274
2016-08-26 17:00:00,89.0,89.81,88.98,89.45,38743
2016-08-26 18:00:00,89.49,89.75,88.99,88.99,18918
2016-08-26 19:00:00,88.9,89.0,88.53,88.86,12622
2016-08-26 20:00:00,88.88,88.95,88.53,88.68,20840
2016-08-26 21:00:00,88.64,88.74,88.55,88.73,24517
2016-08-26 22:00:00,88.76,89.06,88.61,88.92,65409
2016-08-29 16:00:00,88.88,89.41,88.87,89.16,12476
2016-08-29 17:00:00,89.21,89.63,89.21,89.63,25206
2016-08-29 18:00:00,89.63,89.79,89.5,89.71,35791
2016-08-29 19:00:00,89.68,89.91,89.5,89.65,19322
2016-08-29 20:00:00,89.65,89.78,89.58,89.76,18920
2016-08-29 21:00:00,89.77,89.77,89.52,89.73,28026
2016-08-29 22:00:00,89.74,89.89,89.58,89.78,94894
2016-08-30 16:00:00,89.91,90.23,89.6,89.74,25892
2016-08-30 17:00:00,89.82,89.95,89.63,89.74,36802
2016-08-30 18:00:00,89.73,89.95,89.65,89.89,74375
2016-08-30 19:00:00,89.9,90.23,89.89,90.06,28111
2016-08-30 20:00:00,90.0,90.06,89.67,89.76,28278
2016-08-30 21:00:00,89.78,89.78,89.6,89.7,44683
2016-08-30 22:00:00,89.71,89.99,89.68,89.97,102342
2016-08-31 16:00:00,89.82,90.34,89.71,90.25,21965
2016-08-31 17:00:00,90.2,90.39,89.69,89.77,49711
2016-08-31 18:00:00,89.7,89.84,89.51,89.69,65683
2016-08-31 19:00:00,89.63,89.63,89.27,89.44,18561
2016-08-31 20:00:00,89.42,89.85,89.33,89.72,20807
2016-08-31 21:00:00,89.75,90.27,89.75,89.9,72132
2016-08-31 22:00:00,89.89,90.19,89.8,90.08,171446
2016-09-01 16:00:00,90.31,90.79,90.19,90.36,18570
2016-09-01 17:00:00,90.36,90.42,89.37,89.37,29114
2016-09-01 18:00:00,89.39,89.64,89.14,89.24,30459
2016-09-01 19:00:00,89.26,89.58,89.12,89.23,43280
2016-09-01 20:00:00,89.25,89.36,88.99,89.08,180212
2016-09-01 21:00:00,89.08,89.3,88.97,89.19,159232
2016-09-01 22:00:00,89.2,89.32,89.08,89.18,245576
2016-09-02 16:00:00,89.67,89.97,89.52,89.78,29300
2016-09-02 17:00:00,89.78,89.89,89.37,89.38,110859
2016-09-02 18:00:00,89.45,89.56,89.43,89.5,73384
2016-09-02 19:00:00,89.5,89.51,89.17,89.18,65898
2016-09-02 20:00:00,89.18,89.34,88.94,89.2,149134
2016-09-02 21:00:00,89.21,89.42,89.21,89.34,72489
2016-09-02 22:00:00,89.37,89.56,89.34,89.53,251423
2016-09-06 16:00:00,90.03,90.19,89.01,89.03,59993
2016-09-06 17:00:00,89.0,89.09,88.38,88.41,127311
2016-09-06 18:00:00,88.42,88.54,88.11,88.19,162424
2016-09-06 19:00:00,88.19,88.56,88.15,88.2,97918
2016-09-06 20:00:00,88.19,88.26,87.86,87.97,225664
2016-09-06 21:00:00,87.99,88.21,87.64,87.82,212833
2016-09-06 22:00:00,87.81,88.6,87.78,88.6,199930
2016-09-07 16:00:00,88.34,88.65,88.22,88.35,40092
2016-09-07 17:00:00,88.37,88.55,88.1,88.16,57069
2016-09-07 18:00:00,88.15,88.34,87.99,88.24,36353
2016-09-07 19:00:00,88.23,88.82,88.22,88.44,87862
2016-09-07 20:00:00,88.44,88.53,88.29,88.43,76106
2016-09-07 21:00:00,88.43,88.51,88.41,88.45,100656
2016-09-07 22:00:00,88.46,89.07,88.45,89.07,187753
2016-09-08 16:00:00,88.62,88.82,88.13,88.16,26319
2016-09-08 17:00:00,88.13,88.41,87.73,87.73,78980
2016-09-08 18:00:00,87.75,87.93,87.53,87.65,71263
2016-09-08 19:00:00,87.66,87.71,87.49,87.6,57955
2016-09-08 20:00:00,87.61,87.67,87.23,87.24,90977
2016-09-08 21:00:00,87.24,87.31,87.06,87.11,117593
2016-09-08 22:00:00,87.11,87.3,86.95,87.25,203042
2016-09-09 16:00:00,86.53,86.74,86.09,86.2,32692
2016-09-09 17:00:00,86.2,86.2,85.81,86.11,56323
2016-09-09 18:00:00,86.11,86.18,85.72,85.78,57782
2016-09-09 19:00:00,85.79,85.95,85.7,85.89,52078
2016-09-09 20:00:00,85.88,85.88,85.36,85.44,36784
2016-09-09 21:00:00,85.44,85.5,85.18,85.38,49698
2016-09-09 22:00:00,85.38,85.4,84.71,84.75,203331
2016-09-12 16:00:00,84.29,84.9,84.01,84.73,29342
2016-09-12 17:00:00,84.77,84.97,84.64,84.92,49369
2016-09-12 18:00:00,84.92,85.33,84.9,85.24,50962
2016-09-12 19:00:00,85.2,85.56,85.19,85.44,49782
2016-09-12 20:00:00,85.44,85.76,85.3,85.6,82853
2016-09-12 21:00:00,85.6,86.07,85.6,85.9,68937
2016-09-12 22:00:00,85.89,86.08,85.85,85.94,190903
2016-09-13 16:00:00,85.52,86.1,85.27,85.65,43222
2016-09-13 17:00:00,85.58,85.64,85.2,85.26,67129
2016-09-13 18:00:00,85.25,85.25,84.56,84.68,76886
2016-09-13 19:00:00,84.74,85.05,84.39,84.69,84565
2016-09-13 20:00:00,84.68,85.12,84.52,84.87,69697
2016-09-13 21:00:00,84.86,85.13,84.74,84.95,124723
2016-09-13 22:00:00,84.93,85.11,84.68,84.87,260381
2016-09-14 16:00:00,85.14,85.33,84.99,85.26,43888
2016-09-14 17:00:00,85.22,85.64,84.89,84.93,91585
2016-09-14 18:00:00,84.91,85.44,84.91,85.38,54131
2016-09-14 19:00:00,85.39,85.51,85.18,85.29,28771
2016-09-14 20:00:00,85.27,85.31,84.92,84.92,33495
2016-09-14 21:00:00,84.92,85.0,84.71,84.94,53940
2016-09-14 22:00:00,84.94,84.96,84.55,84.72,161293
2016-09-15 16:00:00,84.92,85.16,84.75,85.01,18771
2016-09-15 17:00:00,85.07,85.42,84.98,85.26,29243
2016-09-15 18:00:00,85.32,85.42,85.01,85.01,42574
2016-09-15 19:00:00,85.04,85.29,84.96,85.18,42044
2016-09-15 20:00:00,85.2,85.72,85.2,85.7,22328
2016-09-15 21:00:00,85.66,85.88,85.62,85.72,35726
2016-09-15 22:00:00,85.72,86.03,85.72,85.89,107476
2016-09-16 16:00:00,85.97,85.97,84.98,85.17,88675
2016-09-16 17:00:00,85.18,85.6,84.98,85.3,39614
2016-09-16 18:00:00,85.28,85.6,85.12,85.51,23401
2016-09-16 19:00:00,85.48,85.58,85.26,85.3,31149
2016-09-16 20:00:00,85.3,85.5,85.13,85.33,52052
2016-09-16 21:00:00,85.33,85.45,85.22,85.27,65749
2016-09-16 22:00:00,85.27,85.53,85.25,85.34,191836
2016-09-19 16:00:00,85.36,86.14,85.33,86.07,24204
2016-09-19 17:00:00,86.05,86.22,85.5,85.58,24949
2016-09-19 18:00:00,85.6,85.71,85.32,85.36,21833
2016-09-19 19:00:00,85.37,85.44,84.77,84.88,36315
2016-09-19 20:00:00,84.85,85.12,84.65,84.88,25032
2016-09-19 21:00:00,84.92,85.36,84.87,85.3,26333
2016-09-19 22:00:00,85.29,85.4,85.11,85.23,114914
2016-09-20 16:00:00,85.93,85.93,85.51,85.73,15497
2016-09-20 17:00:00,85.77,85.92,85.26,85.26,33832
2016-09-20 18:00:00,85.22,85.58,85.2,85.49,52928
2016-09-20 19:00:00,85.49,85.72,85.32,85.34,26658
2016-09-20 20:00:00,85.41,85.86,85.37,85.83,24727
2016-09-20 21:00:00,85.81,85.92,85.72,85.81,44570
2016-09-20 22:00:00,85.84,85.9,85.62,85.64,187083
2016-09-21 16:00:00,86.16,86.32,85.75,86.32,19852
2016-09-21 17:00:00,86.32,86.32,86.0,86.11,47701
2016-09-21 18:00:00,86.07,86.21,85.86,85.94,46687
2016-09-21 19:00:00,85.89,85.91,85.55,85.8,19923
2016-09-21 20:00:00,85.81,85.92,85.65,85.78,22153
2016-09-21 21:00:00,85.83,86.26,85.68,86.22,36716
2016-09-21 22:00:00,86.2,86.75,86.12,86.72,183650
2016-09-22 16:00:00,87.43,87.54,86.38,86.38,19914
2016-09-22 17:00:00,86.31,86.68,86.24,86.59,37819
2016-09-22 18:00:00,86.53,86.67,86.35,86.42,31491
2016-09-22 19:00:00,86.42,86.77,86.41,86.57,23528
2016-09-22 20:00:00,86.57,86.81,86.55,86.63,23416
2016-09-22 21:00:00,86.65,87.04,86.44,87.01,42362
2016-09-22 22:00:00,87.01,87.01,86.75,86.8,148247
2016-09-23 16:00:00,86.72,86.98,86.33,86.53,18129
2016-09-23 17:00:00,86.54,86.76,86.5,86.67,30296
2016-09-23 18:00:00,86.67,86.71,86.51,86.68,27141
2016-09-23 19:00:00,86.66,86.81,86.65,86.77,55456
2016-09-23 20:00:00,86.72,86.75,86.51,86.72,29511
2016-09-23 21:00:00,86.72,86.91,86.66,86.86,31897
2016-09-23 22:00:00,86.85,86.91,86.4,86.4,109661
2016-09-26 16:00:00,85.86,85.99,85.49,85.84,23007
2016-09-26 17:00:00,85.91,86.4,85.77,86.35,36260
2016-09-26 18:00:00,86.33,86.43,86.15,86.32,45464
2016-09-26 19:00:00,86.33,86.53,86.31,86.44,32339
2016-09-26 20:00:00,86.42,86.43,85.47,85.61,82398
2016-09-26 21:00:00,85.61,85.64,85.42,85.49,59894
2016-09-26 22:00:00,85.55,85.77,85.4,85.47,157579
2016-09-27 16:00:00,85.28,85.63,84.93,85.6,14163
2016-09-27 17:00:00,85.57,85.61,85.29,85.37,25919
2016-09-27 18:00:00,85.4,85.56,85.39,85.49,44435
2016-09-27 19:00:00,85.47,85.75,85.38,85.46,78200
2016-09-27 20:00:00,85.47,85.56,85.37,85.37,59225
2016-09-27 21:00:00,85.38,85.41,85.15,85.28,99833
2016-09-27 22:00:00,85.29,85.34,85.08,85.29,136961
2016-09-28 16:00:00,85.34,85.58,84.95,85.39,12284
2016-09-28 17:00:00,85.41,85.51,84.53,84.66,24396
2016-09-28 18:00:00,84.57,84.72,84.24,84.3,39596
2016-09-28 19:00:00,84.3,84.52,84.09,84.52,116249
2016-09-28 20:00:00,84.52,84.91,84.46,84.75,32568
2016-09-28 21:00:00,84.74,84.8,84.55,84.64,52348
2016-09-28 22:00:00,84.65,84.93,84.48,84.88,136221
2016-09-29 16:00:00,84.83,84.98,84.66,84.92,6788
2016-09-29 17:00:00,84.94,85.01,84.52,84.64,19519
2016-09-29 18:00:00,84.62,84.73,84.4,84.41,12146
2016-09-29 19:00:00,84.41,84.55,83.63,83.65,40645
2016-09-29 20:00:00,83.65,83.93,83.33,83.39,29308
2016-09-29 21:00:00,83.46,83.79,83.35,83.51,57010
2016-09-29 22:00:00,83.49,83.81,83.4,83.5,77835
2016-09-30 16:00:00,83.99,84.18,83.87,83.97,11343
2016-09-30 17:00:00,84.02,84.03,83.54,83.61,40011
2016-09-30 18:00:00,83.63,83.9,83.63,83.74,31278
2016-09-30 19:00:00,83.7,84.22,83.7,84.05,29168
2016-09-30 20:00:00,84.03,84.1,83.82,84.03,9640
2016-09-30 21:00:00,84.04,84.14,83.96,84.04,42912
2016-09-30 22:00:00,84.05,84.28,83.93,83.94,108373
2016-10-03 16:00:00,83.77,83.95,83.36,83.55,11417
2016-10-03 17:00:00,83.54,84.06,83.47,84.0,52378
2016-10-03 18:00:00,83.98,84.13,83.68,83.8,39954
2016-10-03 19:00:00,83.84,83.84,83.44,83.76,36663
2016-10-03 20:00:00,83.78,83.78,83.51,83.64,25653
2016-10-03 21:00:00,83.66,83.7,83.2,83.3,45043
2016-10-03 22:00:00,83.32,83.64,83.26,83.5,95162
2016-10-04 16:00:00,83.95,84.04,83.62,83.74,26277
2016-10-04 17:00:00,83.78,83.88,83.14,83.74,30697
2016-10-04 18:00:00,83.73,83.81,83.32,83.35,38935
2016-10-04 19:00:00,83.4,83.48,83.25,83.26,35732
2016-10-04 20:00:00,83.26,83.34,82.95,83.0,40165
2016-10-04 21:00:00,83.0,83.04,82.77,82.81,64708
2016-10-04 22:00:00,82.84,83.06,82.74,82.99,118708
2016-10-05 16:00:00,83.13,83.65,83.13,83.65,19468
2016-10-05 17:00:00,83.67,84.0,83.49,83.73,33953
2016-10-05 18:00:00,83.71,83.77,83.49,83.55,54006
2016-10-05 19:00:00,83.53,83.66,83.44,83.45,34260
2016-10-05 20:00:00,83.47,83.6,83.44,83.47,30085
2016-10-05 21:00:00,83.46,83.46,83.23,83.28,27307
2016-10-05 22:00:00,83.28,83.33,83.09,83.19,96742
2016-10-06 16:00:00,83.32,83.32,82.33,82.58,47515
2016-10-06 17:00:00,82.51,82.66,81.9,82.05,116356
2016-10-06 18:00:00,82.06,82.62,82.01,82.57,115712
2016-10-06 19:00:00,82.62,83.06,82.62,83.02,44409
2016-10-06 20:00:00,83.01,83.16,82.99,83.04,24633
2016-10-06 21:00:00,83.01,83.17,83.01,83.08,21798
2016-10-06 22:00:00,83.08,83.15,83.0,83.1,95060
2016-10-07 16:00:00,83.29,83.37,82.66,82.98,34790
2016-10-07 17:00:00,83.02,83.3,82.92,83.09,40167
2016-10-07 18:00:00,83.09,83.09,82.41,82.51,59409
2016-10-07 19:00:00,82.5,82.67,82.29,82.46,50673
2016-10-07 20:00:00,82.46,82.71,82.38,82.69,47623
2016-10-07 21:00:00,82.73,82.79,82.66,82.76,81046
2016-10-07 22:00:00,82.76,82.84,82.6,82.67,112463
2016-10-10 16:00:00,83.29,83.69,83.18,83.18,23302
2016-10-10 17:00:00,83.17,83.39,83.02,83.05,50476
2016-10-10 18:00:00,83.04,83.12,82.97,83.02,21071
2016-10-10 19:00:00,83.01,83.15,82.98,83.04,27681
2016-10-10 20:00:00,83.02,83.12,82.87,82.9,33618
2016-10-10 21:00:00,82.9,83.0,82.85,82.99,52623
2016-10-10 22:00:00,82.99,83.06,82.89,82.97,83359
2016-10-11 16:00:00,80.6,81.5,78.92,79.46,242009
2016-10-11 17:00:00,79.42,80.32,79.26,79.4,171512
2016-10-11 18:00:00,79.4,79.82,79.27,79.5,132661
2016-10-11 19:00:00,79.5,79.78,79.25,79.27,119268
2016-10-11 20:00:00,79.27,79.27,78.63,78.96,164133
2016-10-11 21:00:00,78.98,79.67,78.95,79.66,219637
2016-10-11 22:00:00,79.64,80.17,79.61,80.06,551237
2016-10-12 16:00:00,79.88,80.56,79.88,80.56,99716
2016-10-12 17:00:00,80.53,81.02,80.53,80.96,93923
2016-10-12 18:00:00,80.96,81.42,80.93,81.4,79075
2016-10-12 19:00:00,81.42,81.84,81.4,81.84,149528
2016-10-12 20:00:00,81.85,82.27,81.78,82.23,159940
2016-10-12 21:00:00,82.22,82.26,81.86,81.91,60651
2016-10-12 22:00:00,81.91,81.99,81.81,81.93,145382
2016-10-13 16:00:00,81.23,81.82,81.02,81.34,211450
2016-10-13 17:00:00,81.34,81.74,81.0,81.64,552284
2016-10-13 18:00:00,81.64,81.86,81.43,81.43,66126
2016-10-13 19:00:00,81.47,81.77,81.23,81.67,41437
2016-10-13 20:00:00,81.6,82.15,81.55,82.15,43344
2016-10-13 21:00:00,82.15,82.15,81.84,82.0,43138
2016-10-13 22:00:00,82.04,82.06,81.8,81.96,158532
2016-10-14 16:00:00,82.56,83.13,82.51,83.12,18026
2016-10-14 17:00:00,83.04,83.36,82.96,83.13,53511
2016-10-14 18:00:00,83.09,83.13,82.83,82.9,64718
2016-10-14 19:00:00,82.9,83.01,82.83,82.83,64972
2016-10-14 20:00:00,82.83,83.08,82.71,82.79,53786
2016-10-14 21:00:00,82.79,82.88,82.67,82.76,60327
2016-10-14 22:00:00,82.75,83.01,82.75,82.91,192624
2016-10-17 16:00:00,82.79,83.18,82.79,83.05,25340
2016-10-17 17:00:00,83.04,83.2,82.88,83.14,31587
2016-10-17 18:00:00,83.14,83.26,82.95,83.26,39793
2016-10-17 19:00:00,83.21,83.27,82.96,82.98,23477
2016-10-17 20:00:00,82.99,83.04,82.74,82.74,38791
2016-10-17 21:00:00,82.76,83.02,82.75,83.02,61285
2016-10-17 22:00:00,83.0,83.02,82.91,82.93,105799
2016-10-18 16:00:00,83.65,83.76,82.91,82.91,9265
2016-10-18 17:00:00,83.0,83.08,82.84,82.94,24202
2016-10-18 18:00:00,82.94,83.3,82.94,83.21,27204
2016-10-18 19:00:00,83.28,83.43,83.19,83.3,23506
2016-10-18 20:00:00,83.34,83.48,83.32,83.39,26393
2016-10-18 21:00:00,83.39,83.42,83.25,83.27,26014
2016-10-18 22:00:00,83.28,83.3,82.96,83.01,76367
2016-10-19 16:00:00,82.95,83.04,82.64,82.64,26433
2016-10-19 17:00:00,82.68,82.99,82.55,82.83,24720
2016-10-19 18:00:00,82.83,82.93,82.74,82.82,21560
2016-10-19 19:00:00,82.78,83.04,82.78,82.89,22990
2016-10-19 20:00:00,82.87,83.03,82.87,82.93,23599
2016-10-19 21:00:00,82.95,82.99,82.77,82.88,31947
2016-10-19 22:00:00,82.9,83.05,82.89,82.93,66921
2016-10-20 16:00:00,82.81,83.42,82.58,83.1,12805
2016-10-20 17:00:00,83.19,83.21,82.53,82.53,20037
2016-10-20 18:00:00,82.56,82.66,82.49,82.64,23171
2016-10-20 19:00:00,82.7,82.88,82.66,82.73,18321
2016-10-20 20:00:00,82.73,82.82,82.56,82.63,18889
2016-10-20 21:00:00,82.66,82.83,82.64,82.78,22281
2016-10-20 22:00:00,82.81,82.81,82.4,82.42,75065
2016-10-21 16:00:00,81.92,82.31,81.21,82.28,22755
2016-10-21 17:00:00,82.24,82.56,82.11,82.39,19529
2016-10-21 18:00:00,82.39,82.62,82.25,82.58,21912
2016-10-21 19:00:00,82.57,82.66,82.45,82.59,14721
2016-10-21 20:00:00,82.63,82.76,82.52,82.7,20637
2016-10-21 21:00:00,82.73,82.93,82.69,82.89,18855
2016-10-21 22:00:00,82.91,82.98,82.79,82.87,70020
2016-10-24 16:00:00,83.88,83.88,83.12,83.53,10753
2016-10-24 17:00:00,83.53,83.69,83.23,83.53,24184
2016-10-24 18:00:00,83.54,83.6,83.32,83.44,17543
2016-10-24 19:00:00,83.44,83.51,83.24,83.25,17951
2016-10-24 20:00:00,83.26,83.26,83.1,83.21,15709
2016-10-24 21:00:00,83.23,83.3,83.13,83.21,19249
2016-10-24 22:00:00,83.18,83.28,83.12,83.18,54076
2016-10-25 16:00:00,83.34,83.35,82.93,83.33,10046
2016-10-25 17:00:00,83.26,83.26,82.8,83.12,21471
2016-10-25 18:00:00,83.11,83.18,82.97,83.03,22049
2016-10-25 19:00:00,83.04,83.07,82.95,83.03,19675
2016-10-25 20:00:00,83.01,83.57,82.95,83.39,35463
2016-10-25 21:00:00,83.36,83.36,83.19,83.2,26777
2016-10-25 22:00:00,83.18,83.49,83.12,83.19,66601
2016-10-26 16:00:00,82.68,83.1,82.68,82.8,21628
2016-10-26 17:00:00,82.8,83.38,82.76,83.38,67582
2016-10-26 18:00:00,83.33,83.54,83.25,83.34,39707
2016-10-26 19:00:00,83.32,83.5,83.04,83.04,71218
2016-10-26 20:00:00,83.02,83.11,82.82,82.87,34234
2016-10-26 21:00:00,82.89,83.07,82.73,83.05,59753
2016-10-26 22:00:00,83.03,83.07,82.88,82.92,113698
2016-10-27 16:00:00,84.22,84.22,82.14,82.37,64698
2016-10-27 17:00:00,82.36,82.63,80.76,81.33,119981
2016-10-27 18:00:00,81.31,82.09,80.77,81.33,111468
2016-10-27 19:00:00,81.23,81.31,79.88,80.16,106578
2016-10-27 20:00:00,80.2,80.31,80.02,80.2,60947
2016-10-27 21:00:00,80.23,80.24,79.82,79.87,116161
2016-10-27 22:00:00,79.9,80.01,79.45,79.6,262729
2016-10-28 16:00:00,79.73,79.86,79.32,79.73,38841
2016-10-28 17:00:00,79.74,79.86,79.48,79.6,60492
2016-10-28 18:00:00,79.63,79.8,79.48,79.63,54323
2016-10-28 19:00:00,79.64,79.82,79.59,79.68,40812
2016-10-28 20:00:00,79.7,79.71,79.12,79.14,41440
2016-10-28 21:00:00,79.17,79.37,79.06,79.27,54356
2016-10-28 22:00:00,79.26,79.31,78.88,78.95,174795
2016-10-31 16:00:00,79.54,79.84,79.4,79.58,80168
2016-10-31 17:00:00,79.61,79.89,79.48,79.67,177179
2016-10-31 18:00:00,79.71,80.07,79.68,79.89,124236
2016-10-31 19:00:00,79.89,80.33,79.89,80.31,70531
2016-10-31 20:00:00,80.33,80.48,80.17,80.42,52575
2016-10-31 21:00:00,80.4,80.46,80.28,80.38,59492
2016-10-31 22:00:00,80.38,80.45,80.14,80.19,172132
2016-11-01 16:00:00,80.57,80.62,79.91,80.14,22260
2016-11-01 17:00:00,80.13,80.18,79.63,79.72,61529
2016-11-01 18:00:00,79.68,79.91,79.64,79.71,35911
2016-11-01 19:00:00,79.75,79.76,79.41,79.51,32806
2016-11-01 20:00:00,79.51,79.53,79.11,79.26,28799
2016-11-01 21:00:00,79.25,79.32,78.92,79.15,48297
2016-11-01 22:00:00,79.12,79.36,79.02,79.17,127860
2016-11-02 16:00:00,79.04,79.38,78.91,79.32,18933
2016-11-02 17:00:00,79.23,79.48,79.19,79.42,30852
2016-11-02 18:00:00,79.48,79.63,79.43,79.49,31199
2016-11-02 19:00:00,79.5,79.74,79.42,79.69,31308
2016-11-02 20:00:00,79.69,79.7,79.32,79.41,40729
2016-11-02 21:00:00,79.39,79.5,79.07,79.09,50581
2016-11-02 22:00:00,79.13,79.29,78.77,78.83,142563
2016-11-03 16:00:00,79.09,79.67,79.06,79.63,19233
2016-11-03 17:00:00,79.55,79.89,79.39,79.69,86225
2016-11-03 18:00:00,79.69,79.75,79.36,79.41,44978
2016-11-03 19:00:00,79.41,79.65,79.22,79.65,48808
2016-11-03 20:00:00,79.65,79.81,79.57,79.68,40501
2016-11-03 21:00:00,79.67,79.8,79.42,79.52,49360
2016-11-03 22:00:00,79.51,79.51,78.96,79.08,103993
2016-11-04 16:00:00,79.18,79.87,79.18,79.5,35715
2016-11-04 17:00:00,79.54,79.99,79.43,79.98,78725
2016-11-04 18:00:00,79.98,80.18,79.9,80.17,35224
2016-11-04 19:00:00,80.2,80.35,80.17,80.21,20397
2016-11-04 20:00:00,80.26,80.48,79.99,79.99,28086
2016-11-04 21:00:00,80.01,80.01,79.81,79.83,45065
2016-11-04 22:00:00,79.83,79.92,79.28,79.38,172454
2016-11-07 16:00:00,80.5,80.71,80.03,80.26,95686
2016-11-07 17:00:00,80.26,80.62,79.93,80.6,85088
2016-11-07 18:00:00,80.58,81.08,80.58,81.07,30779
2016-11-07 19:00:00,81.08,81.15,81.02,81.08,19723
2016-11-07 20:00:00,81.1,81.14,80.79,80.81,31664
2016-11-07 21:00:00,80.81,80.89,80.64,80.74,33678
2016-11-07 22:00:00,80.76,80.95,80.57,80.87,105320
2016-11-08 16:00:00,80.71,81.11,80.28,80.48,32291
2016-11-08 17:00:00,80.55,80.8,80.55,80.67,48518
2016-11-08 18:00:00,80.74,81.74,80.67,81.73,50850
2016-11-08 19:00:00,81.84,81.95,81.68,81.86,41824
2016-11-08 20:00:00,81.86,81.95,81.67,81.95,50277
2016-11-08 21:00:00,81.95,81.96,81.34,81.45,31885
2016-11-08 22:00:00,81.45,81.62,81.02,81.1,88217
2016-11-09 16:00:00,80.0,81.94,79.21,81.84,82528
2016-11-09 17:00:00,81.73,81.73,80.43,80.48,106821
2016-11-09 18:00:00,80.5,81.66,80.49,81.63,81238
2016-11-09 19:00:00,81.66,81.7,80.83,81.46,28341
2016-11-09 20:00:00,81.46,81.84,81.16,81.69,44459
2016-11-09 21:00:00,81.71,81.84,81.55,81.58,54343
2016-11-09 22:00:00,81.62,81.94,81.42,81.79,101202
2016-11-10 16:00:00,82.21,82.92,81.98,82.57,35051
2016-11-10 17:00:00,82.57,82.58,80.88,81.13,53044
2016-11-10 18:00:00,81.11,81.67,80.91,81.03,45556
2016-11-10 19:00:00,81.03,81.49,80.94,81.49,24083
2016-11-10 20:00:00,81.53,81.64,81.24,81.51,30944
2016-11-10 21:00:00,81.57,81.64,81.39,81.58,32013
2016-11-10 22:00:00,81.58,81.58,81.08,81.16,103879
2016-11-11 16:00:00,80.99,81.62,80.99,81.44,17749
2016-11-11 17:00:00,81.56,81.69,80.71,80.92,64628
2016-11-11 18:00:00,80.92,80.99,80.53,80.53,52107
2016-11-11 19:00:00,80.52,80.72,80.33,80.42,69417
2016-11-11 20:00:00,80.42,80.48,80.15,80.19,65212
2016-11-11 21:00:00,80.19,80.3,79.94,79.94,57725
2016-11-11 22:00:00,79.97,80.29,79.94,79.94,194896
2016-11-14 16:00:00,80.59,80.76,79.56,79.56,67167
2016-11-14 17:00:00,79.64,79.8,78.6,78.81,81884
2016-11-14 18:00:00,78.81,78.89,78.25,78.25,96086
2016-11-14 19:00:00,78.3,78.31,77.73,77.89,58098
2016-11-14 20:00:00,77.95,78.28,77.86,77.9,56103
2016-11-14 21:00:00,77.92,78.0,77.68,77.94,60801
2016-11-14 22:00:00,77.93,77.96,77.46,77.54,210468
2016-11-15 16:00:00,77.05,77.7,76.64,76.91,67356
2016-11-15 17:00:00,76.94,77.91,76.83,77.8,110712
2016-11-15 18:00:00,77.82,78.3,77.79,78.25,62272
2016-11-15 19:00:00,78.3,78.3,77.85,77.85,44477
2016-11-15 20:00:00,77.87,77.96,77.7,77.83,54717
2016-11-15 21:00:00,77.83,78.11,77.76,77.95,65710
2016-11-15 22:00:00,78.0,78.07,77.39,77.49,260244
2016-11-16 16:00:00,77.37,78.98,77.25,78.13,49775
2016-11-16 17:00:00,78.16,78.62,78.16,78.51,83137
2016-11-16 18:00:00,78.51,78.56,78.16,78.35,64030
2016-11-16 19:00:00,78.35,78.48,78.22,78.35,36845
2016-11-16 20:00:00,78.38,78.48,78.34,78.41,32499
2016-11-16 21:00:00,78.41,78.47,77.94,77.95,63303
2016-11-16 22:00:00,77.94,78.06,77.82,77.89,197297
2016-11-17 16:00:00,78.44,78.95,77.72,78.85,39749
2016-11-17 17:00:00,78.86,79.35,78.77,79.23,48287
2016-11-17 18:00:00,79.17,79.59,79.17,79.54,41204
2016-11-17 19:00:00,79.52,79.67,79.52,79.59,30069
2016-11-17 20:00:00,79.59,79.67,79.39,79.48,47372
2016-11-17 21:00:00,79.47,79.49,79.24,79.27,43810
2016-11-17 22:00:00,79.31,79.62,79.25,79.49,194401
2016-11-18 16:00:00,79.58,79.95,79.49,79.66,19988
2016-11-18 17:00:00,79.71,79.81,79.58,79.65,39510
2016-11-18 18:00:00,79.63,79.73,79.37,79.5,40765
2016-11-18 19:00:00,79.49,79.72,79.45,79.68,36521
2016-11-18 20:00:00,79.67,79.75,79.54,79.54,50423
2016-11-18 21:00:00,79.56,79.81,79.48,79.76,41337
2016-11-18 22:00:00,79.76,79.86,79.56,79.69,114360
2016-11-21 16:00:00,80.16,80.69,80.01,80.59,16678
2016-11-21 17:00:00,80.61,80.63,80.11,80.22,17995
2016-11-21 18:00:00,80.26,80.61,80.16,80.51,16905
2016-11-21 19:00:00,80.47,80.52,80.33,80.34,18462
2016-11-21 20:00:00,80.36,80.41,80.19,80.19,20520
2016-11-21 21:00:00,80.21,80.35,80.13,80.29,37716
2016-11-21 22:00:00,80.29,80.45,80.12,80.44,203328
2016-11-22 16:00:00,80.61,80.8,80.25,80.52,10082
2016-11-22 17:00:00,80.52,80.78,80.39,80.57,26172
2016-11-22 18:00:00,80.62,80.63,79.92,79.97,30424
2016-11-22 19:00:00,79.96,80.07,79.75,79.99,48838
2016-11-22 20:00:00,80.02,80.09,80.0,80.0,27547
2016-11-22 21:00:00,80.02,80.04,79.93,80.02,47900
2016-11-22 22:00:00,80.03,80.08,79.92,80.06,88265
2016-11-23 16:00:00,79.79,80.19,79.79,80.14,16026
2016-11-23 17:00:00,80.11,80.21,79.86,79.86,32860
2016-11-23 18:00:00,79.89,79.89,79.29,79.58,47753
2016-11-23 19:00:00,79.59,79.82,79.44,79.75,40286
2016-11-23 20:00:00,79.75,79.98,79.71,79.88,32227
2016-11-23 21:00:00,79.88,80.08,79.8,80.05,44057
2016-11-23 22:00:00,80.05,80.19,80.01,80.19,55946
2016-11-25 16:00:00,80.27,80.93,80.25,80.9,15413
2016-11-25 17:00:00,80.91,81.0,80.73,80.73,31539
2016-11-25 18:00:00,80.76,80.8,80.42,80.68,39528
2016-11-25 19:00:00,80.69,80.81,80.48,80.81,52464
2016-11-25 20:00:00,80.78,80.78,80.78,80.78,24933
2016-11-28 16:00:00,80.35,80.93,80.35,80.91,14077
2016-11-28 17:00:00,80.93,80.93,80.26,80.31,30968
2016-11-28 18:00:00,80.34,80.58,80.3,80.52,24148
2016-11-28 19:00:00,80.54,80.63,80.4,80.48,25640
2016-11-28 20:00:00,80.48,80.55,80.43,80.49,19586
2016-11-28 21:00:00,80.49,80.55,80.42,80.48,19990
2016-11-28 22:00:00,80.47,80.47,80.19,80.3,78159
2016-11-29 16:00:00,80.59,81.19,80.49,80.79,26420
2016-11-29 17:00:00,80.78,80.89,80.57,80.87,30769
2016-11-29 18:00:00,80.87,80.87,80.67,80.69,45278
2016-11-29 19:00:00,80.68,80.76,80.56,80.72,25170
2016-11-29 20:00:00,80.72,80.75,80.61,80.71,31790
2016-11-29 21:00:00,80.74,80.78,80.62,80.71,43363
2016-11-29 22:00:00,80.71,80.73,80.53,80.63,69197
2016-11-30 16:00:00,81.07,81.07,80.15,80.23,25451
2016-11-30 17:00:00,80.3,80.32,80.04,80.1,51927
2016-11-30 18:00:00,80.07,80.09,79.75,79.76,72171
2016-11-30 19:00:00,79.76,79.76,79.5,79.55,28594
2016-11-30 20:00:00,79.55,79.55,79.15,79.17,42358
2016-11-30 21:00:00,79.17,79.21,78.99,79.06,76535
2016-11-30 22:00:00,79.06,79.22,78.76,78.77,202643
2016-12-01 16:00:00,78.75,79.27,78.52,79.19,109957
2016-12-01 17:00:00,79.1,79.18,77.86,77.96,138505
2016-12-01 18:00:00,77.96,78.01,77.45,77.45,95685
2016-12-01 19:00:00,77.46,77.46,76.91,76.97,62171
2016-12-01 20:00:00,76.97,77.08,76.56,76.6,76116
2016-12-01 21:00:00,76.6,77.05,76.52,76.92,121859
2016-12-01 22:00:00,76.92,77.15,76.84,77.12,188596
2016-12-02 16:00:00,77.46,78.29,77.38,78.2,25838
2016-12-02 17:00:00,78.2,78.78,78.2,78.73,56242
2016-12-02 18:00:00,78.73,79.15,78.7,78.76,40114
2016-12-02 19:00:00,78.75,78.97,78.72,78.89,42622
2016-12-02 20:00:00,78.89,78.89,78.59,78.74,28626
2016-12-02 21:00:00,78.74,78.94,78.74,78.92,50799
2016-12-02 22:00:00,78.92,79.36,78.92,79.34,183290
2016-12-05 16:00:00,79.81,80.71,79.81,80.7,18797
2016-12-05 17:00:00,80.7,80.95,80.51,80.58,44216
2016-12-05 18:00:00,80.58,80.76,80.48,80.74,44702
2016-12-05 19:00:00,80.74,80.74,80.51,80.72,43505
2016-12-05 20:00:00,80.73,80.91,80.64,80.69,30300
2016-12-05 21:00:00,80.68,80.71,80.39,80.42,32261
2016-12-05 22:00:00,80.43,80.84,80.43,80.75,138164
2016-12-06 16:00:00,80.82,81.0,79.28,79.46,69448
2016-12-06 17:00:00,79.46,79.71,78.8,79.16,249155
2016-12-06 18:00:00,79.11,79.3,78.95,79.26,97334
2016-12-06 19:00:00,79.3,79.84,79.29,79.54,93689
2016-12-06 20:00:00,79.54,79.89,79.51,79.66,56592
2016-12-06 21:00:00,79.66,79.78,79.48,79.73,47558
2016-12-06 22:00:00,79.74,79.82,79.39,79.5,124141
2016-12-07 16:00:00,79.86,80.26,78.9,78.95,31854
2016-12-07 17:00:00,78.98,79.48,78.73,79.37,90459
2016-12-07 18:00:00,79.37,79.93,79.25,79.93,70232
2016-12-07 19:00:00,79.93,80.17,79.9,80.02,35803
2016-12-07 20:00:00,80.04,80.47,79.96,80.47,31768
2016-12-07 21:00:00,80.48,80.8,80.36,80.58,51148
2016-12-07 22:00:00,80.57,80.87,80.49,80.76,85423
2016-12-08 16:00:00,80.65,80.93,80.16,80.23,18835
2016-12-08 17:00:00,80.21,80.45,79.98,79.99,51918
2016-12-08 18:00:00,80.0,80.12,79.89,79.96,35787
2016-12-08 19:00:00,79.98,80.66,79.98,80.52,60639
2016-12-08 20:00:00,80.51,80.88,80.41,80.88,73034
2016-12-08 21:00:00,80.85,80.93,80.6,80.87,26086
2016-12-08 22:00:00,80.89,81.01,80.69,80.7,157205
2016-12-09 16:00:00,80.85,81.4,80.78,81.33,30545
2016-12-09 17:00:00,81.35,81.63,81.0,81.47,54386
2016-12-09 18:00:00,81.53,81.76,81.29,81.36,24443
2016-12-09 19:00:00,81.39,81.65,81.37,81.56,32716
2016-12-09 20:00:00,81.53,81.57,81.32,81.38,23702
2016-12-09 21:00:00,81.4,81.68,81.4,81.46,31145
2016-12-09 22:00:00,81.48,81.71,81.4,81.45,75846
2016-12-12 16:00:00,81.25,81.33,80.79,81.3,56712
2016-12-12 17:00:00,81.3,81.31,80.59,80.92,51656
2016-12-12 18:00:00,80.91,81.03,80.58,80.64,59504
2016-12-12 19:00:00,80.64,80.64,80.24,80.34,41000
2016-12-12 20:00:00,80.32,80.78,80.25,80.73,35049
2016-12-12 21:00:00,80.74,80.93,80.46,80.49,176561
2016-12-12 22:00:00,80.5,80.58,80.36,80.49,114581
2016-12-13 16:00:00,81.02,81.54,81.02,81.38,18698
2016-12-13 17:00:00,81.36,81.8,81.36,81.79,128423
2016-12-13 18:00:00,81.8,81.83,81.27,81.46,79383
2016-12-13 19:00:00,81.45,81.7,81.36,81.4,133948
2016-12-13 20:00:00,81.42,81.56,81.37,81.41,136146
2016-12-13 21:00:00,81.42,81.42,80.91,80.91,36709
2016-12-13 22:00:00,80.92,81.18,80.85,81.05,132427
2016-12-14 16:00:00,81.13,81.79,80.73,80.85,45948
2016-12-14 17:00:00,80.8,80.86,80.24,80.4,30137
2016-12-14 18:00:00,80.36,80.38,79.89,79.89,40834
2016-12-14 19:00:00,79.94,80.21,79.94,80.18,51614
2016-12-14 20:00:00,80.23,80.24,80.0,80.15,24447
2016-12-14 21:00:00,80.15,80.2,79.75,79.75,104968
2016-12-14 22:00:00,79.71,80.19,79.42,79.85,190960
2016-12-15 16:00:00,79.81,80.73,79.78,80.73,49758
2016-12-15 17:00:00,80.77,81.23,80.53,81.17,71566
2016-12-15 18:00:00,81.19,81.27,80.37,80.67,113052
2016-12-15 19:00:00,80.66,80.66,80.16,80.17,39828
2016-12-15 20:00:00,80.18,80.58,79.92,79.93,44003
2016-12-15 21:00:00,79.93,80.36,79.86,80.33,39230
2016-12-15 22:00:00,80.34,80.63,80.31,80.53,138455
2016-12-16 16:00:00,80.81,80.81,80.52,80.56,178945
2016-12-16 17:00:00,80.62,80.88,80.5,80.71,46664
2016-12-16 18:00:00,80.72,80.76,80.32,80.43,38355
2016-12-16 19:00:00,80.47,80.48,80.26,80.36,31456
2016-12-16 20:00:00,80.39,80.42,80.13,80.35,85285
2016-12-16 21:00:00,80.35,80.58,80.33,80.52,50112
2016-12-16 22:00:00,80.55,80.56,79.86,79.91,203043
2016-12-19 16:00:00,79.78,80.87,79.78,80.02,57136
2016-12-19 17:00:00,80.01,80.36,79.94,80.27,51979
2016-12-19 18:00:00,80.27,80.43,79.89,79.89,24525
2016-12-19 19:00:00,79.92,80.15,79.86,80.02,31780
2016-12-19 20:00:00,80.04,80.13,79.96,80.1,28038
2016-12-19 21:00:00,80.09,80.2,80.02,80.15,26842
2016-12-19 22:00:00,80.11,80.26,79.99,80.24,87357
2016-12-20 16:00:00,80.14,80.68,80.09,80.15,58648
2016-12-20 17:00:00,80.18,80.29,79.94,80.19,102486
2016-12-20 18:00:00,80.16,80.18,79.93,80.06,27573
2016-12-20 19:00:00,80.06,80.28,79.99,80.04,127524
2016-12-20 20:00:00,80.02,80.55,80.01,80.53,149783
2016-12-20 21:00:00,80.54,80.6,80.23,80.59,60620
2016-12-20 22:00:00,80.6,80.89,80.6,80.75,225475
2016-12-21 16:00:00,80.64,80.84,80.03,80.04,22258
2016-12-21 17:00:00,80.04,80.31,79.6,79.66,89451
2016-12-21 18:00:00,79.66,79.99,79.64,79.87,53791
2016-12-21 19:00:00,79.87,79.95,79.84,79.86,33799
2016-12-21 20:00:00,79.86,80.01,79.8,79.99,33585
2016-12-21 21:00:00,79.99,80.02,79.93,80.0,38240
2016-12-21 22:00:00,80.0,80.01,79.65,79.66,107907
2016-12-22 16:00:00,79.54,79.77,78.16,78.31,54787
2016-12-22 17:00:00,78.36,78.37,77.75,78.05,91464
2016-12-22 18:00:00,78.07,78.68,78.03,78.39,135459
2016-12-22 19:00:00,78.45,78.64,78.41,78.6,41351
2016-12-22 20:00:00,78.57,78.7,78.51,78.62,41405
2016-12-22 21:00:00,78.63,78.65,78.51,78.53,56664
2016-12-22 22:00:00,78.54,78.57,78.35,78.45,157881
2016-12-23 16:00:00,78.75,78.87,78.21,78.47,47967
2016-12-23 17:00:00,78.52,78.66,78.4,78.56,58502
2016-12-23 18:00:00,78.56,78.63,78.44,78.54,58807
2016-12-23 19:00:00,78.54,78.6,78.43,78.43,44208
2016-12-23 20:00:00,78.46,78.52,78.38,78.47,34217
2016-12-23 21:00:00,78.47,78.61,78.42,78.53,44685
2016-12-23 22:00:00,78.52,78.61,78.47,78.58,83659
2016-12-27 16:00:00,78.8,79.08,78.55,78.87,46612
2016-12-27 17:00:00,78.89,79.01,78.84,78.96,40605
2016-12-27 18:00:00,78.97,79.04,78.9,78.98,51490
2016-12-27 19:00:00,78.98,79.07,78.9,79.03,42160
2016-12-27 20:00:00,79.03,79.07,78.93,79.04,45321
2016-12-27 21:00:00,79.04,79.33,78.79,78.89,106438
2016-12-27 22:00:00,78.94,79.09,78.81,78.83,64140
2016-12-28 16:00:00,78.87,78.88,78.33,78.33,17955
2016-12-28 17:00:00,78.33,78.76,78.14,78.66,43892
2016-12-28 18:00:00,78.68,79.04,78.67,78.78,47781
2016-12-28 19:00:00,78.79,78.83,78.36,78.51,40210
2016-12-28 20:00:00,78.5,78.73,78.47,78.61,36566
2016-12-28 21:00:00,78.61,78.65,78.4,78.44,40574
2016-12-28 22:00:00,78.45,78.53,78.2,78.34,82329
2016-12-29 16:00:00,78.45,78.72,78.01,78.36,35678
2016-12-29 17:00:00,78.43,78.65,78.3,78.63,52019
2016-12-29 18:00:00,78.63,78.63,78.48,78.61,26560
2016-12-29 19:00:00,78.6,78.67,78.54,78.58,28927
2016-12-29 20:00:00,78.59,78.68,78.49,78.59,29698
2016-12-29 21:00:00,78.59,78.68,78.44,78.63,54991
2016-12-29 22:00:00,78.63,78.82,78.51,78.57,120537
2016-12-30 16:00:00,78.74,78.74,78.35,78.49,16599
2016-12-30 17:00:00,78.45,78.68,78.38,78.64,39618
2016-12-30 18:00:00,78.64,79.0,78.53,78.96,40246
2016-12-30 19:00:00,78.96,79.31,78.9,79.21,30689
2016-12-30 20:00:00,79.23,79.34,79.16,79.3,31774
2016-12-30 21:00:00,79.3,79.37,79.11,79.15,61083
2016-12-30 22:00:00,79.16,79.16,78.62,78.79,101266
2017-01-03 16:00:00,79.78,79.79,79.37,79.57,31237
2017-01-03 17:00:00,79.57,79.77,79.09,79.11,79368
2017-01-03 18:00:00,79.09,79.09,78.78,78.84,73703
2017-01-03 19:00:00,78.84,78.85,78.4,78.69,62104
2017-01-03 20:00:00,78.72,78.75,78.56,78.64,42240
2017-01-03 21:00:00,78.65,78.68,78.56,78.63,45944
2017-01-03 22:00:00,78.65,78.77,78.54,78.72,159347
2017-01-04 16:00:00,79.08,79.64,79.08,79.33,28729
2017-01-04 17:00:00,79.36,79.48,79.11,79.33,134763
2017-01-04 18:00:00,79.32,80.93,79.31,80.87,133781
2017-01-04 19:00:00,80.89,81.11,80.55,80.69,94906
2017-01-04 20:00:00,80.7,80.82,80.64,80.72,31095
2017-01-04 21:00:00,80.72,80.9,80.57,80.6,49183
2017-01-04 22:00:00,80.6,80.81,80.44,80.71,202076
2017-01-05 16:00:00,80.43,81.76,80.43,81.41,31068
2017-01-05 17:00:00,81.41,81.61,81.35,81.5,35734
2017-01-05 18:00:00,81.47,81.5,80.78,80.94,31923
2017-01-05 19:00:00,80.95,81.22,80.89,81.19,44905
2017-01-05 20:00:00,81.21,81.56,81.21,81.52,56297
2017-01-05 21:00:00,81.51,81.57,81.41,81.5,51541
2017-01-05 22:00:00,81.49,81.68,81.49,81.67,100143
2017-01-06 16:00:00,81.79,82.54,81.79,82.54,35189
2017-01-06 17:00:00,82.54,82.8,82.28,82.69,50660
2017-01-06 18:00:00,82.69,83.19,82.64,83.17,39459
2017-01-06 19:00:00,83.17,83.72,83.15,83.63,51255
2017-01-06 20:00:00,83.63,83.81,83.55,83.8,53000
2017-01-06 21:00:00,83.82,83.9,83.64,83.66,48258
2017-01-06 22:00:00,83.67,83.71,83.39,83.43,173224
2017-01-09 16:00:00,83.12,83.52,82.76,83.11,94432
2017-01-09 17:00:00,83.11,83.11,82.73,83.05,66070
2017-01-09 18:00:00,82.98,83.17,82.75,82.93,54494
2017-01-09 19:00:00,82.89,83.23,82.86,82.87,71468
2017-01-09 20:00:00,82.88,82.92,82.59,82.68,43092
2017-01-09 21:00:00,82.68,82.99,82.68,82.8,40628
2017-01-09 22:00:00,82.83,82.97,82.65,82.69,94470
2017-01-10 16:00:00,82.32,82.35,81.09,81.95,98119
2017-01-10 17:00:00,81.96,82.6,81.57,82.56,45944
2017-01-10 18:00:00,82.52,82.6,82.17,82.18,43778
2017-01-10 19:00:00,82.24,82.25,82.05,82.09,35208
2017-01-10 20:00:00,82.1,82.12,81.66,81.67,34413
2017-01-10 21:00:00,81.7,81.85,81.54,81.77,51163
2017-01-10 22:00:00,81.78,81.89,81.5,81.54,141194
2017-01-11 16:00:00,81.23,81.57,81.0,81.08,16845
2017-01-11 17:00:00,81.08,81.34,81.07,81.2,47559
2017-01-11 18:00:00,81.21,81.41,80.84,81.38,48981
2017-01-11 19:00:00,81.44,81.49,81.2,81.29,18112
2017-01-11 20:00:00,81.3,81.33,80.88,81.11,29559
2017-01-11 21:00:00,81.14,81.28,81.11,81.21,39728
2017-01-11 22:00:00,81.21,81.56,81.2,81.51,74274
2017-01-12 16:00:00,81.14,81.34,80.57,80.81,23358
2017-01-12 17:00:00,80.88,80.88,79.89,80.29,59013
2017-01-12 18:00:00,80.29,80.92,80.13,80.55,65102
2017-01-12 19:00:00,80.57,81.45,80.57,81.44,27636
2017-01-12 20:00:00,81.45,81.52,81.31,81.45,24547
2017-01-12 21:00:00,81.41,81.6,81.4,81.58,30542
2017-01-12 22:00:00,81.58,81.58,81.1,81.26,105278
2017-01-13 16:00:00,81.75,82.74,81.68,81.85,23400
2017-01-13 17:00:00,81.83,81.99,81.6,81.6,69528
2017-01-13 18:00:00,81.67,81.92,81.63,81.86,22064
2017-01-13 19:00:00,81.86,82.0,81.43,81.97,46389
2017-01-13 20:00:00,81.97,82.2,81.94,82.2,24706
2017-01-13 21:00:00,82.2,82.3,82.08,82.3,72135
2017-01-13 22:00:00,82.3,82.47,82.17,82.38,91919
2017-01-17 16:00:00,82.48,82.73,81.91,82.0,68033
2017-01-17 17:00:00,82.07,82.21,81.76,81.86,59239
2017-01-17 18:00:00,81.86,81.9,81.4,81.79,100802
2017-01-17 19:00:00,81.79,81.86,81.52,81.56,63816
2017-01-17 20:00:00,81.55,81.69,81.48,81.48,13775
2017-01-17 21:00:00,81.5,81.63,81.27,81.27,16935
2017-01-17 22:00:00,81.27,81.28,81.09,81.1,80355
2017-01-18 16:00:00,81.72,81.72,80.38,81.07,30428
2017-01-18 17:00:00,81.07,81.17,80.75,81.02,40485
2017-01-18 18:00:00,81.08,81.41,80.97,81.25,95521
2017-01-18 19:00:00,81.2,81.52,81.17,81.4,48039
2017-01-18 20:00:00,81.4,81.89,81.33,81.89,66602
2017-01-18 21:00:00,81.85,81.99,81.82,81.97,73531
2017-01-18 22:00:00,81.99,82.45,81.96,82.28,238333
2017-01-19 16:00:00,82.33,82.62,82.0,82.22,24780
2017-01-19 17:00:00,82.19,82.22,81.89,81.9,67743
2017-01-19 18:00:00,81.88,81.98,81.52,81.58,47390
2017-01-19 19:00:00,81.59,81.61,81.27,81.37,44199
2017-01-19 20:00:00,81.38,81.52,81.35,81.48,43516
2017-01-19 21:00:00,81.49,81.51,81.11,81.23,59074
2017-01-19 22:00:00,81.24,81.42,81.11,81.17,119161
2017-01-20 16:00:00,81.48,81.93,81.46,81.76,10321
2017-01-20 17:00:00,81.82,82.02,81.68,81.82,27594
2017-01-20 18:00:00,81.82,81.91,81.71,81.84,20573
2017-01-20 19:00:00,81.85,81.87,81.51,81.74,19375
2017-01-20 20:00:00,81.77,81.82,81.58,81.62,28841
2017-01-20 21:00:00,81.62,81.72,81.32,81.34,27198
2017-01-20 22:00:00,81.36,81.83,81.32,81.75,132617
2017-01-23 16:00:00,81.45,82.16,81.34,81.88,22549
2017-01-23 17:00:00,81.92,81.95,81.38,81.59,23137
2017-01-23 18:00:00,81.57,81.71,81.37,81.44,18332
2017-01-23 19:00:00,81.44,81.71,81.26,81.26,41200
2017-01-23 20:00:00,81.27,81.85,81.25,81.71,61982
2017-01-23 21:00:00,81.69,82.13,81.66,82.12,74394
2017-01-23 22:00:00,82.12,82.24,82.02,82.12,155717
2017-01-24 16:00:00,82.38,82.75,81.9,81.9,25955
2017-01-24 17:00:00,81.82,81.93,81.53,81.88,50575
2017-01-24 18:00:00,81.91,82.04,81.85,81.92,80719
2017-01-24 19:00:00,81.96,82.03,81.91,82.01,68282
2017-01-24 20:00:00,82.02,82.4,81.99,82.26,59521
2017-01-24 21:00:00,82.27,82.28,82.0,82.13,50357
2017-01-24 22:00:00,82.15,82.28,82.09,82.15,103259
2017-01-25 16:00:00,82.88,83.11,82.5,82.67,14399
2017-01-25 17:00:00,82.69,82.96,82.61,82.77,30506
2017-01-25 18:00:00,82.77,82.97,82.55,82.77,37176
2017-01-25 19:00:00,82.81,82.84,82.51,82.63,32204
2017-01-25 20:00:00,82.65,82.7,82.45,82.51,58727
2017-01-25 21:00:00,82.49,82.65,82.46,82.6,64752
2017-01-25 22:00:00,82.6,82.81,82.6,82.72,106611
2017-01-26 16:00:00,82.64,83.21,82.47,82.84,16187
2017-01-26 17:00:00,82.84,82.92,82.01,82.03,32255
2017-01-26 18:00:00,82.02,82.62,81.99,82.39,37359
2017-01-26 19:00:00,82.46,82.58,82.46,82.53,17112
2017-01-26 20:00:00,82.53,82.75,82.39,82.75,39283
2017-01-26 21:00:00,82.77,83.17,82.74,83.1,302388
2017-01-26 22:00:00,83.08,83.59,83.08,83.49,303882
2017-01-27 16:00:00,83.56,83.83,82.95,83.24,40069
2017-01-27 17:00:00,83.19,83.32,82.69,82.88,33678
2017-01-27 18:00:00,82.88,83.01,82.78,83.01,46598
2017-01-27 19:00:00,83.02,83.06,82.9,83.04,25674
2017-01-27 20:00:00,83.04,83.04,82.77,82.78,26738
2017-01-27 21:00:00,82.78,82.84,82.7,82.72,40756
2017-01-27 22:00:00,82.72,82.81,82.53,82.74,113865
2017-01-30 16:00:00,82.38,82.38,81.66,81.83,18942
2017-01-30 17:00:00,81.85,81.94,81.32,81.47,40868
2017-01-30 18:00:00,81.59,82.26,81.59,82.26,40873
2017-01-30 19:00:00,82.2,82.69,82.2,82.64,50571
2017-01-30 20:00:00,82.62,83.0,82.46,82.98,36315
2017-01-30 21:00:00,82.99,83.63,82.99,83.6,75999
2017-01-30 22:00:00,83.57,83.71,83.3,83.61,117293
2017-01-31 16:00:00,83.64,83.65,82.81,82.9,30662
2017-01-31 17:00:00,82.9,83.2,82.73,82.88,39450
2017-01-31 18:00:00,82.87,83.19,82.59,82.59,46001
2017-01-31 19:00:00,82.58,82.7,82.47,82.63,38765
2017-01-31 20:00:00,82.66,82.76,82.44,82.64,25917
2017-01-31 21:00:00,82.65,82.86,82.62,82.72,65556
2017-01-31 22:00:00,82.75,82.97,82.7,82.75,123286
2017-02-01 16:00:00,83.2,83.53,82.62,83.22,51446
2017-02-01 17:00:00,83.22,83.47,83.02,83.42,176022
2017-02-01 18:00:00,83.44,84.04,83.37,84.04,166611
2017-02-01 19:00:00,84.05,84.58,83.78,84.1,114416
2017-02-01 20:00:00,84.1,84.38,83.8,83.8,72946
2017-02-01 21:00:00,83.72,84.01,83.59,83.61,55846
2017-02-01 22:00:00,83.62,83.99,83.53,83.74,268255
2017-02-02 16:00:00,85.22,89.29,84.69,88.15,272227
2017-02-02 17:00:00,88.15,90.85,87.66,90.42,286747
2017-02-02 18:00:00,90.4,90.46,89.15,89.18,255858
2017-02-02 19:00:00,89.26,89.44,88.13,88.48,194335
2017-02-02 20:00:00,88.5,88.75,88.03,88.51,98993
2017-02-02 21:00:00,88.48,88.67,87.91,88.22,67863
2017-02-02 22:00:00,88.21,89.01,88.1,88.9,240820
2017-02-03 16:00:00,89.97,93.7,89.97,91.93,284664
2017-02-03 17:00:00,91.83,93.16,91.12,92.68,402186
2017-02-03 18:00:00,92.76,93.36,92.58,92.62,138163
2017-02-03 19:00:00,92.58,92.81,92.11,92.28,67535
2017-02-03 20:00:00,92.27,92.27,91.79,91.83,77546
2017-02-03 21:00:00,91.82,91.94,91.56,91.84,128660
2017-02-03 22:00:00,91.83,91.87,91.55,91.65,275968
2017-02-06 16:00:00,91.76,93.24,91.65,92.64,236608
2017-02-06 17:00:00,92.74,93.14,92.39,92.67,166607
2017-02-06 18:00:00,92.66,93.14,92.61,92.71,139552
2017-02-06 19:00:00,92.7,93.51,92.68,93.35,114791
2017-02-06 20:00:00,93.36,93.43,92.88,93.05,91909
2017-02-06 21:00:00,93.07,93.18,92.62,92.95,172469
2017-02-06 22:00:00,92.96,93.13,92.52,93.04,357932
2017-02-07 16:00:00,93.67,94.8,92.98,93.43,137988
2017-02-07 17:00:00,93.5,93.56,92.33,93.08,133141
2017-02-07 18:00:00,93.07,93.4,92.71,92.9,81990
2017-02-07 19:00:00,92.96,93.14,92.63,92.64,51701
2017-02-07 20:00:00,92.75,92.85,92.46,92.46,55138
2017-02-07 21:00:00,92.49,92.89,92.49,92.88,55359
2017-02-07 22:00:00,92.87,92.95,92.64,92.65,234390
2017-02-08 16:00:00,92.51,92.59,91.97,92.38,56883
2017-02-08 17:00:00,92.33,92.99,92.33,92.61,56233
2017-02-08 18:00:00,92.6,92.63,92.34,92.63,87688
2017-02-08 19:00:00,92.62,93.0,92.62,92.77,29966
2017-02-08 20:00:00,92.81,93.17,92.8,93.05,32408
2017-02-08 21:00:00,93.03,93.06,92.45,92.49,61198
2017-02-08 22:00:00,92.5,92.71,92.34,92.62,115299
2017-02-09 16:00:00,93.14,93.32,92.38,92.4,59577
2017-02-09 17:00:00,92.4,92.6,90.51,91.37,355802
2017-02-09 18:00:00,91.37,91.97,91.24,91.53,103553
2017-02-09 19:00:00,91.51,91.56,90.76,90.79,138769
2017-02-09 20:00:00,90.84,91.36,90.81,90.95,90221
2017-02-09 21:00:00,90.95,91.54,90.69,90.82,194969
2017-02-09 22:00:00,90.86,91.02,90.16,90.25,402597
2017-02-10 16:00:00,90.88,91.51,90.42,91.4,110903
2017-02-10 17:00:00,91.37,91.7,91.05,91.52,131288
2017-02-10 18:00:00,91.5,92.37,91.42,92.09,111715
2017-02-10 19:00:00,92.1,92.39,91.72,91.85,141151
2017-02-10 20:00:00,91.82,92.06,91.36,91.67,117066
2017-02-10 21:00:00,91.69,91.75,91.42,91.58,89629
2017-02-10 22:00:00,91.59,91.72,91.03,91.12,255695
2017-02-13 16:00:00,91.63,92.73,91.48,91.76,76977
2017-02-13 17:00:00,91.59,92.51,91.56,92.41,73722
2017-02-13 18:00:00,92.42,92.86,92.35,92.41,99081
2017-02-13 19:00:00,92.4,92.59,92.3,92.53,33143
2017-02-13 20:00:00,92.53,92.7,92.47,92.67,45151
2017-02-13 21:00:00,92.65,92.93,92.5,92.54,69453
2017-02-13 22:00:00,92.54,92.91,92.52,92.77,136764
2017-02-14 16:00:00,92.7,95.06,92.51,94.66,180533
2017-02-14 17:00:00,94.48,96.11,94.22,95.7,375332
2017-02-14 18:00:00,95.7,96.14,95.06,96.13,203783
2017-02-14 19:00:00,96.12,96.33,95.73,95.73,214803
2017-02-14 20:00:00,95.76,95.76,94.59,94.86,249154
2017-02-14 21:00:00,94.86,95.22,93.91,94.08,199641
2017-02-14 22:00:00,94.13,94.22,93.17,93.98,530107
2017-02-15 16:00:00,93.98,94.99,93.26,93.8,92657
2017-02-15 17:00:00,93.8,94.26,93.7,94.26,159428
2017-02-15 18:00:00,94.22,95.07,94.0,95.07,109913
2017-02-15 19:00:00,95.06,95.09,94.47,94.5,66489
2017-02-15 20:00:00,94.49,94.93,94.08,94.93,65585
2017-02-15 21:00:00,94.93,95.06,94.38,94.44,51546
2017-02-15 22:00:00,94.44,95.06,94.39,94.6,126227
2017-02-16 16:00:00,94.68,95.5,94.52,94.69,60880
2017-02-16 17:00:00,94.7,94.7,94.0,94.12,51302
2017-02-16 18:00:00,94.12,94.12,93.67,93.95,48541
2017-02-16 19:00:00,93.95,93.99,93.56,93.83,36544
2017-02-16 20:00:00,93.82,93.93,93.65,93.79,36747
2017-02-16 21:00:00,93.83,94.1,93.83,94.08,26779
2017-02-16 22:00:00,94.08,94.24,94.02,94.19,107239
2017-02-17 16:00:00,93.69,94.17,92.18,92.92,63922
2017-02-17 17:00:00,92.9,94.35,92.9,94.29,62351
2017-02-17 18:00:00,94.33,94.54,94.02,94.41,47138
2017-02-17 19:00:00,94.4,94.57,94.21,94.26,30972
2017-02-17 20:00:00,94.34,94.34,93.9,93.98,39720
2017-02-17 21:00:00,93.97,94.33,93.97,94.01,37427
2017-02-17 22:00:00,94.04,94.32,94.03,94.28,104366
2017-02-21 16:00:00,94.05,95.28,94.05,94.53,71831
2017-02-21 17:00:00,94.52,94.74,94.3,94.45,90918
2017-02-21 18:00:00,94.46,94.64,93.92,94.12,46966
2017-02-21 19:00:00,94.13,94.51,94.08,94.13,42324
2017-02-21 20:00:00,94.13,94.26,94.11,94.17,34703
2017-02-21 21:00:00,94.19,94.5,94.17,94.44,79364
2017-02-21 22:00:00,94.44,94.7,94.37,94.54,149161
2017-02-22 16:00:00,94.17,94.59,94.0,94.56,34964
2017-02-22 17:00:00,94.59,94.98,94.25,94.34,29911
2017-02-22 18:00:00,94.4,95.33,94.4,95.27,90593
2017-02-22 19:00:00,95.29,95.65,94.97,95.15,92726
2017-02-22 20:00:00,95.12,95.2,95.01,95.15,36995
2017-02-22 21:00:00,95.11,95.17,94.89,95.05,40891
2017-02-22 22:00:00,95.06,95.1,94.91,94.95,102161
2017-02-23 16:00:00,94.87,95.07,94.39,94.4,18549
2017-02-23 17:00:00,94.46,94.6,94.04,94.04,52092
2017-02-23 18:00:00,94.05,94.88,93.97,94.84,62794
2017-02-23 19:00:00,94.81,95.03,94.68,94.85,46450
2017-02-23 20:00:00,94.83,95.16,94.75,95.16,48714
2017-02-23 21:00:00,95.15,95.17,94.85,95.15,50814
2017-02-23 22:00:00,95.13,95.14,94.7,95.02,174114
2017-02-24 16:00:00,94.34,94.96,94.06,94.87,39236
2017-02-24 17:00:00,94.91,95.1,94.66,95.02,28332
2017-02-24 18:00:00,94.98,95.1,94.66,94.71,24984
2017-02-24 19:00:00,94.72,95.12,94.71,95.05,42480
2017-02-24 20:00:00,95.04,95.21,94.96,95.15,36322
2017-02-24 21:00:00,95.12,95.43,95.02,95.41,57521
2017-02-24 22:00:00,95.4,95.72,95.38,95.55,127613
2017-02-27 16:00:00,95.43,95.76,95.02,95.48,31548
2017-02-27 17:00:00,95.57,95.72,95.11,95.17,52462
2017-02-27 18:00:00,95.21,95.3,94.59,94.89,30579
2017-02-27 19:00:00,94.86,95.26,94.77,95.15,25469
2017-02-27 20:00:00,95.16,95.17,94.94,95.09,30080
2017-02-27 21:00:00,95.1,95.2,94.99,95.07,39647
2017-02-27 22:00:00,95.08,95.57,95.01,95.53,123025
2017-02-28 16:00:00,95.46,95.46,94.01,94.6,75221
2017-02-28 17:00:00,94.6,95.15,94.6,94.86,44681
2017-02-28 18:00:00,94.86,95.11,94.73,94.86,30533
2017-02-28 19:00:00,94.85,94.91,94.29,94.43,48089
2017-02-28 20:00:00,94.44,94.59,94.25,94.48,50807
2017-02-28 21:00:00,94.49,94.68,94.42,94.56,46900
2017-02-28 22:00:00,94.58,94.75,94.37,94.59,189072
2017-03-01 16:00:00,95.07,96.32,95.01,96.0,90103
2017-03-01 17:00:00,96.01,96.5,95.14,95.45,147264
2017-03-01 18:00:00,95.43,95.77,95.35,95.73,75978
2017-03-01 19:00:00,95.75,95.99,95.54,95.86,47860
2017-03-01 20:00:00,95.86,96.23,95.78,96.04,90567
2017-03-01 21:00:00,96.03,96.17,95.84,95.99,64341
2017-03-01 22:00:00,95.97,95.98,95.71,95.86,127824
2017-03-02 16:00:00,96.0,96.04,95.11,95.14,21786
2017-03-02 17:00:00,95.2,95.45,95.15,95.38,41573
2017-03-02 18:00:00,95.36,95.55,95.12,95.51,62919
2017-03-02 19:00:00,95.51,95.51,94.7,95.07,121902
2017-03-02 20:00:00,95.11,95.23,94.85,95.06,41485
2017-03-02 21:00:00,95.09,95.58,95.07,95.33,37496
2017-03-02 22:00:00,95.33,95.38,94.89,94.95,159106
2017-03-03 16:00:00,94.97,95.72,94.96,95.36,46662
2017-03-03 17:00:00,95.36,95.69,95.02,95.18,73727
2017-03-03 18:00:00,95.18,95.18,94.95,95.0,41007
2017-03-03 19:00:00,94.99,95.29,94.99,95.29,25111
2017-03-03 20:00:00,95.26,95.45,95.16,95.42,30819
2017-03-03 21:00:00,95.44,95.53,95.07,95.33,59988
2017-03-03 22:00:00,95.34,95.48,95.25,95.43,88174
2017-03-06 16:00:00,94.96,95.12,94.58,95.0,14830
2017-03-06 17:00:00,95.05,95.11,94.67,94.77,54704
2017-03-06 18:00:00,94.77,94.97,94.61,94.83,43533
2017-03-06 19:00:00,94.78,94.91,94.77,94.84,35774
2017-03-06 20:00:00,94.84,95.24,94.83,95.01,27438
2017-03-06 21:00:00,95.02,95.06,94.91,94.92,36203
2017-03-06 22:00:00,94.96,95.07,94.73,94.74,99288
2017-03-07 16:00:00,94.84,95.2,94.81,95.09,23455
2017-03-07 17:00:00,95.07,95.35,94.95,94.95,27511
2017-03-07 18:00:00,94.95,95.1,94.72,94.92,27423
2017-03-07 19:00:00,94.97,95.25,94.92,95.16,23240
2017-03-07 20:00:00,95.14,95.23,94.99,95.05,23380
2017-03-07 21:00:00,95.05,95.49,95.05,95.38,55873
2017-03-07 22:00:00,95.38,95.47,95.02,95.42,161447
2017-03-08 16:00:00,95.8,95.8,94.84,94.84,19946
2017-03-08 17:00:00,95.01,95.35,94.87,95.12,76927
2017-03-08 18:00:00,95.12,95.23,94.65,94.73,63451
2017-03-08 19:00:00,94.73,95.08,94.7,94.99,29765
2017-03-08 20:00:00,95.02,95.12,94.85,94.95,52052
2017-03-08 21:00:00,94.94,94.98,94.6,94.81,22091
2017-03-08 22:00:00,94.81,94.89,94.42,94.48,103506
2017-03-09 16:00:00,94.83,95.12,94.46,94.66,25940
2017-03-09 17:00:00,94.7,94.85,94.29,94.59,53811
2017-03-09 18:00:00,94.57,94.75,94.41,94.43,30313
2017-03-09 19:00:00,94.49,94.61,94.33,94.45,21685
2017-03-09 20:00:00,94.43,94.48,94.12,94.34,26963
2017-03-09 21:00:00,94.33,94.33,93.71,94.06,50880
2017-03-09 22:00:00,94.05,94.49,94.0,94.44,151312
2017-03-10 16:00:00,94.6,94.89,94.47,94.65,19759
2017-03-10 17:00:00,94.65,95.02,94.62,94.64,23486
2017-03-10 18:00:00,94.61,94.67,94.19,94.41,28078
2017-03-10 19:00:00,94.4,94.45,94.18,94.43,17852
2017-03-10 20:00:00,94.43,94.47,94.13,94.16,33482
2017-03-10 21:00:00,94.15,94.78,94.1,94.45,76287
2017-03-10 22:00:00,94.46,94.95,94.37,94.9,192723
2017-03-13 16:00:00,95.46,95.73,94.87,94.91,86873
2017-03-13 17:00:00,95.02,95.08,94.7,94.86,73049
2017-03-13 18:00:00,94.85,95.05,94.68,94.9,71671
2017-03-13 19:00:00,94.9,95.02,94.9,94.97,62650
2017-03-13 20:00:00,94.98,95.03,94.89,94.99,49130
2017-03-13 21:00:00,94.96,95.42,94.94,95.2,125022
2017-03-13 22:00:00,95.18,95.33,95.06,95.26,98028
2017-03-14 16:00:00,95.01,95.56,94.75,95.15,32116
2017-03-14 17:00:00,95.3,95.3,94.95,95.1,60011
2017-03-14 18:00:00,95.1,95.13,94.78,95.13,59438
2017-03-14 19:00:00,95.17,95.17,95.0,95.11,40180
2017-03-14 20:00:00,95.13,95.93,95.1,95.93,148478
2017-03-14 21:00:00,95.94,96.21,95.69,96.15,106721
2017-03-14 22:00:00,96.14,96.76,96.14,96.33,205804
2017-03-15 16:00:00,108.51,109.29,105.11,107.14,1915912
2017-03-15 17:00:00,107.0,107.6,105.64,105.76,809554
2017-03-15 18:00:00,99.95,101.52,96.7,98.14,1459245
2017-03-15 19:00:00,98.02,98.76,97.23,97.38,445800
2017-03-15 20:00:00,97.39,99.04,97.33,98.98,352846
2017-03-15 21:00:00,99.0,99.74,98.34,98.94,318108
2017-03-15 22:00:00,98.98,99.36,98.68,99.3,528338
2017-03-16 16:00:00,99.33,99.76,98.61,98.61,83557
2017-03-16 17:00:00,98.77,98.84,97.77,98.75,166845
2017-03-16 18:00:00,98.73,98.84,97.6,98.37,167943
2017-03-16 19:00:00,98.43,98.48,97.77,98.12,95149
2017-03-16 20:00:00,98.14,98.23,97.51,97.65,63450
2017-03-16 21:00:00,97.68,97.94,97.44,97.84,148674
2017-03-16 22:00:00,97.87,98.09,97.5,97.67,229638
2017-03-17 16:00:00,97.49,97.94,97.12,97.76,122004
2017-03-17 17:00:00,97.74,97.79,97.32,97.59,29243
2017-03-17 18:00:00,97.6,97.9,97.07,97.1,36476
2017-03-17 19:00:00,97.1,97.57,97.09,97.29,19989
2017-03-17 20:00:00,97.31,97.84,97.31,97.81,29526
2017-03-17 21:00:00,97.75,98.08,97.75,97.8,25104
2017-03-17 22:00:00,97.81,97.97,97.2,97.28,206403
2017-03-20 16:00:00,97.28,97.56,96.29,97.54,18978
2017-03-20 17:00:00,97.54,97.99,97.37,97.66,46445
2017-03-20 18:00:00,97.66,97.89,97.42,97.49,52980
2017-03-20 19:00:00,97.55,97.6,96.69,96.89,48693
2017-03-20 20:00:00,96.89,96.95,96.74,96.77,40533
2017-03-20 21:00:00,96.76,97.29,96.76,97.26,45415
2017-03-20 22:00:00,97.28,97.78,97.22,97.46,181674
2017-03-21 16:00:00,98.0,98.37,97.24,97.24,18596
2017-03-21 17:00:00,97.17,97.34,96.19,96.29,41862
2017-03-21 18:00:00,96.29,96.55,95.43,95.48,54120
2017-03-21 19:00:00,95.52,95.64,95.15,95.2,49569
2017-03-21 20:00:00,95.22,95.62,95.16,95.33,58744
2017-03-21 21:00:00,95.3,96.08,95.26,95.85,40114
2017-03-21 22:00:00,95.89,96.01,95.28,95.53,127853
2017-03-22 16:00:00,95.81,96.97,95.05,96.44,32262
2017-03-22 17:00:00,96.56,97.41,96.34,97.03,104637
2017-03-22 18:00:00,97.03,97.07,96.24,96.7,62192
2017-03-22 19:00:00,96.75,96.82,96.08,96.17,30088
2017-03-22 20:00:00,96.15,96.41,95.6,95.74,63827
2017-03-22 21:00:00,95.73,96.33,95.67,96.33,35581
2017-03-22 22:00:00,96.34,96.43,95.99,96.11,104046
2017-03-23 16:00:00,96.12,97.03,95.96,96.98,14923
2017-03-23 17:00:00,96.95,97.57,96.81,97.41,55587
2017-03-23 18:00:00,97.41,98.21,97.3,98.01,64271
2017-03-23 19:00:00,98.06,98.06,97.18,97.46,23397
2017-03-23 20:00:00,97.53,98.01,97.34,98.01,53413
2017-03-23 21:00:00,98.0,98.25,97.65,97.75,74941
2017-03-23 22:00:00,97.77,97.83,96.86,97.11,69860
2017-03-24 16:00:00,97.2,97.5,96.43,97.49,13760
2017-03-24 17:00:00,97.39,97.76,97.26,97.65,21766
2017-03-24 18:00:00,97.63,98.24,97.6,98.22,29493
2017-03-24 19:00:00,98.21,98.24,97.63,97.66,40357
2017-03-24 20:00:00,97.7,98.37,97.7,98.16,91135
2017-03-24 21:00:00,98.24,98.46,97.21,97.22,74466
2017-03-24 22:00:00,97.19,97.86,96.91,97.46,74384
2017-03-27 16:00:00,96.52,97.13,96.4,96.62,13339
2017-03-27 17:00:00,96.47,96.53,96.03,96.5,21644
2017-03-27 18:00:00,96.45,96.95,96.4,96.46,35136
2017-03-27 19:00:00,96.4,96.77,96.3,96.77,19197
2017-03-27 20:00:00,96.78,96.93,96.64,96.76,26117
2017-03-27 21:00:00,96.76,97.24,96.76,97.02,45407
2017-03-27 22:00:00,96.98,97.06,96.49,96.61,99342
2017-03-28 16:00:00,96.61,97.06,96.17,96.48,10378
2017-03-28 17:00:00,96.45,97.22,96.42,97.16,23158
2017-03-28 18:00:00,97.04,97.32,96.82,97.01,22429
2017-03-28 19:00:00,97.02,97.1,96.67,96.95,16633
2017-03-28 20:00:00,96.9,97.11,96.76,97.0,44817
2017-03-28 21:00:00,96.99,97.08,96.88,96.96,54851
2017-03-28 22:00:00,96.94,97.03,96.61,96.62,123624
2017-03-29 16:00:00,96.44,96.75,96.1,96.44,20456
2017-03-29 17:00:00,96.58,96.82,96.29,96.37,25959
2017-03-29 18:00:00,96.45,96.47,96.13,96.24,23309
2017-03-29 19:00:00,96.26,96.47,96.11,96.14,23582
2017-03-29 20:00:00,96.18,96.41,96.17,96.17,23921
2017-03-29 21:00:00,96.2,96.38,96.12,96.25,27249
2017-03-29 22:00:00,96.25,96.61,96.16,96.42,66890
2017-03-30 16:00:00,96.29,96.78,96.25,96.55,4268
2017-03-30 17:00:00,96.54,96.9,96.38,96.9,11400
2017-03-30 18:00:00,96.91,96.91,96.35,96.35,14494
2017-03-30 19:00:00,96.45,96.62,96.42,96.54,5520
2017-03-30 20:00:00,96.56,96.61,96.15,96.16,27030
2017-03-30 21:00:00,96.19,96.91,96.19,96.53,30488
2017-03-30 22:00:00,96.51,96.83,96.51,96.73,33811
2017-03-31 16:00:00,96.56,97.12,96.28,96.98,11980
2017-03-31 17:00:00,97.0,97.67,96.96,97.54,27673
2017-03-31 18:00:00,97.53,97.93,97.52,97.79,47424
2017-03-31 19:00:00,97.8,97.8,97.3,97.52,32194
2017-03-31 20:00:00,97.55,97.69,97.32,97.63,18598
2017-03-31 21:00:00,97.67,97.82,97.55,97.78,33146
2017-03-31 22:00:00,97.8,97.82,97.13,97.2,111717
2017-04-03 16:00:00,97.47,98.24,96.95,97.59,18205
2017-04-03 17:00:00,97.51,97.64,96.9,96.9,31494
2017-04-03 18:00:00,96.87,97.29,96.67,97.18,27682
2017-04-03 19:00:00,97.13,97.46,97.0,97.43,34791
2017-04-03 20:00:00,97.43,97.65,97.1,97.12,41042
2017-04-03 21:00:00,97.12,97.16,96.35,96.64,43879
2017-04-03 22:00:00,96.61,97.01,96.51,96.8,89062
2017-04-04 16:00:00,96.56,97.25,96.43,96.77,9917
2017-04-04 17:00:00,96.59,96.59,95.93,96.12,23409
2017-04-04 18:00:00,96.16,96.79,96.15,96.38,38611
2017-04-04 19:00:00,96.36,96.73,96.32,96.65,36217
2017-04-04 20:00:00,96.56,96.72,96.49,96.5,15496
2017-04-04 21:00:00,96.55,97.25,96.48,96.7,141491
2017-04-04 22:00:00,96.68,96.85,96.24,96.52,163158
2017-04-05 16:00:00,97.04,97.61,96.66,97.61,24662
2017-04-05 17:00:00,97.56,98.18,97.52,98.15,46792
2017-04-05 18:00:00,98.2,98.83,98.14,98.6,59287
2017-04-05 19:00:00,98.58,98.87,98.47,98.76,23327
2017-04-05 20:00:00,98.77,98.82,98.53,98.53,50740
2017-04-05 21:00:00,98.53,98.68,98.08,98.12,44832
2017-04-05 22:00:00,98.13,98.34,97.51,97.83,139317
2017-04-06 16:00:00,97.84,97.84,96.88,97.78,15925
2017-04-06 17:00:00,97.79,97.85,96.67,97.05,33673
2017-04-06 18:00:00,97.01,97.74,96.9,97.66,25436
2017-04-06 19:00:00,97.52,97.68,97.11,97.51,27376
2017-04-06 20:00:00,97.41,97.96,97.29,97.96,48788
2017-04-06 21:00:00,97.81,97.88,97.34,97.52,15717
2017-04-06 22:00:00,97.47,97.81,97.46,97.79,57361
2017-04-07 16:00:00,97.35,98.23,96.94,97.05,13310
2017-04-07 17:00:00,97.05,97.8,97.01,97.4,26487
2017-04-07 18:00:00,97.29,97.51,97.01,97.51,32401
2017-04-07 19:00:00,97.38,97.82,97.34,97.79,48705
2017-04-07 20:00:00,97.81,98.33,97.69,97.9,65104
2017-04-07 21:00:00,97.89,98.28,97.89,98.19,57634
2017-04-07 22:00:00,98.18,98.39,97.89,97.92,117020
2017-04-10 16:00:00,97.5,98.24,96.68,98.03,31138
2017-04-10 17:00:00,98.04,98.27,97.83,97.85,30020
2017-04-10 18:00:00,97.78,98.34,97.74,97.99,48427
2017-04-10 19:00:00,97.94,97.94,97.29,97.77,28655
2017-04-10 20:00:00,97.69,97.75,97.45,97.47,15003
2017-04-10 21:00:00,97.49,97.64,97.42,97.57,22492
2017-04-10 22:00:00,97.62,97.84,97.18,97.27,51693
2017-04-11 16:00:00,97.23,97.52,96.57,97.05,23687
2017-04-11 17:00:00,97.1,97.4,95.44,95.61,71242
2017-04-11 18:00:00,95.71,96.01,95.01,95.17,82260
2017-04-11 19:00:00,95.18,96.33,95.08,96.25,101859
2017-04-11 20:00:00,96.3,96.49,96.06,96.33,36468
2017-04-11 21:00:00,96.31,96.98,96.31,96.89,26722
2017-04-11 22:00:00,96.89,97.5,96.79,97.5,107248
2017-04-12 16:00:00,97.3,97.86,96.9,97.72,15361
2017-04-12 17:00:00,97.78,97.78,96.32,96.88,51751
2017-04-12 18:00:00,96.84,97.24,96.53,96.71,24695
2017-04-12 19:00:00,96.73,97.16,96.5,97.01,23194
2017-04-12 20:00:00,97.04,97.52,97.01,97.49,20489
2017-04-12 21:00:00,97.54,97.68,97.28,97.58,26895
2017-04-12 22:00:00,97.56,97.7,97.17,97.34,103394
2017-04-13 16:00:00,97.11,97.11,96.29,96.85,13225
2017-04-13 17:00:00,97.01,97.29,96.15,96.36,25474
2017-04-13 18:00:00,96.34,96.86,96.27,96.52,24005
2017-04-13 19:00:00,96.51,96.56,95.93,96.15,29078
2017-04-13 20:00:00,96.14,96.39,95.85,96.03,43595
2017-04-13 21:00:00,96.14,96.83,95.95,96.76,32267
2017-04-13 22:00:00,96.78,96.78,96.22,96.25,73651
2017-04-17 16:00:00,96.32,97.18,96.28,97.17,12170
2017-04-17 17:00:00,97.2,97.24,96.34,96.75,28543
2017-04-17 18:00:00,96.79,97.23,96.77,96.98,24891
2017-04-17 19:00:00,96.97,97.07,96.79,97.01,14837
2017-04-17 20:00:00,97.02,97.16,96.89,97.11,17088
2017-04-17 21:00:00,97.14,97.37,96.95,97.23,15699
2017-04-17 22:00:00,97.25,98.0,97.16,97.96,92962
2017-04-18 16:00:00,97.85,98.63,97.35,98.04,28956
2017-04-18 17:00:00,98.01,98.06,97.63,97.66,16123
2017-04-18 18:00:00,97.78,97.96,97.42,97.42,24903
2017-04-18 19:00:00,97.41,97.59,97.26,97.34,14408
2017-04-18 20:00:00,97.32,97.63,97.16,97.53,18436
2017-04-18 21:00:00,97.54,97.66,97.43,97.51,25481
2017-04-18 22:00:00,97.55,97.77,97.43,97.7,81351
2017-04-19 16:00:00,97.99,98.51,97.94,98.33,12482
2017-04-19 17:00:00,98.34,98.43,97.78,97.9,32399
2017-04-19 18:00:00,97.9,98.17,97.8,98.12,13828
2017-04-19 19:00:00,98.04,98.18,97.91,98.15,10864
2017-04-19 20:00:00,98.14,98.14,97.81,97.96,16639
2017-04-19 21:00:00,98.02,98.12,97.85,97.92,17607
2017-04-19 22:00:00,97.91,98.16,97.64,98.16,80497
2017-04-20 16:00:00,98.6,98.81,98.14,98.62,8680
2017-04-20 17:00:00,98.62,98.85,98.26,98.42,28090
2017-04-20 18:00:00,98.4,98.79,98.39,98.74,16563
2017-04-20 19:00:00,98.75,98.93,98.57,98.78,18061
2017-04-20 20:00:00,98.82,98.94,98.65,98.94,21140
2017-04-20 21:00:00,98.93,99.09,98.69,98.88,22366
2017-04-20 22:00:00,98.83,98.92,98.68,98.71,45091
2017-04-21 16:00:00,98.85,98.85,98.51,98.73,4769
2017-04-21 17:00:00,98.74,99.17,98.15,98.27,28566
2017-04-21 18:00:00,98.27,98.27,97.77,97.93,12335
2017-04-21 19:00:00,97.93,98.03,97.8,97.97,14167
2017-04-21 20:00:00,98.01,98.01,97.64,97.87,18112
2017-04-21 21:00:00,97.87,98.11,97.76,98.11,11809
2017-04-21 22:00:00,98.13,98.16,97.75,98.02,64025
2017-04-24 16:00:00,99.41,99.41,98.23,98.41,12050
2017-04-24 17:00:00,98.46,98.81,98.03,98.27,24437
2017-04-24 18:00:00,98.15,98.41,97.79,97.79,29222
2017-04-24 19:00:00,97.84,98.11,97.8,97.96,31842
2017-04-24 20:00:00,97.97,98.27,97.81,97.89,42867
2017-04-24 21:00:00,97.9,98.46,97.83,98.37,36963
2017-04-24 22:00:00,98.38,98.69,98.28,98.67,91939
2017-04-25 16:00:00,99.55,99.55,99.05,99.51,25324
2017-04-25 17:00:00,99.51,100.23,99.28,99.4,57260
2017-04-25 18:00:00,99.36,99.68,99.35,99.44,25177
2017-04-25 19:00:00,99.44,99.55,99.33,99.34,21024
2017-04-25 20:00:00,99.34,99.49,99.26,99.45,36674
2017-04-25 21:00:00,99.48,99.6,99.19,99.45,36001
2017-04-25 22:00:00,99.39,99.65,99.39,99.47,56335
2017-04-26 16:00:00,99.5,99.5,98.87,99.0,31942
2017-04-26 17:00:00,99.0,99.06,98.48,98.7,77109
2017-04-26 18:00:00,98.72,99.28,98.52,99.27,67628
2017-04-26 19:00:00,99.18,99.42,99.12,99.32,17641
2017-04-26 20:00:00,99.35,99.69,99.32,99.48,28421
2017-04-26 21:00:00,99.36,99.59,99.33,99.51,20264
2017-04-26 22:00:00,99.5,99.84,99.35,99.62,63388
2017-04-27 16:00:00,99.91,100.7,99.72,100.5,17714
2017-04-27 17:00:00,100.45,100.53,99.73,100.1,28689
2017-04-27 18:00:00,100.16,100.27,99.95,100.19,24942
2017-04-27 19:00:00,100.1,100.4,100.1,100.4,10464
2017-04-27 20:00:00,100.37,100.53,100.21,100.31,18326
2017-04-27 21:00:00,100.29,100.64,100.25,100.33,34927
2017-04-27 22:00:00,100.32,100.53,100.27,100.38,144678
2017-04-28 16:00:00,100.72,100.77,100.3,100.65,15564
2017-04-28 17:00:00,100.63,100.63,99.87,100.18,16636
2017-04-28 18:00:00,100.19,100.22,99.92,100.07,19614
2017-04-28 19:00:00,100.11,100.17,99.86,100.17,19394
2017-04-28 20:00:00,100.09,100.69,99.98,100.54,23445
2017-04-28 21:00:00,100.59,100.62,100.04,100.31,17977
2017-04-28 22:00:00,100.23,100.52,100.16,100.48,84869
2017-05-01 16:00:00,100.92,100.92,100.1,100.38,9790
2017-05-01 17:00:00,100.1,100.62,100.06,100.35,11740
2017-05-01 18:00:00,100.26,100.82,99.11,100.79,45648
2017-05-01 19:00:00,100.79,100.83,100.26,100.75,27100
2017-05-01 20:00:00,100.74,101.54,100.56,101.46,46685
2017-05-01 21:00:00,101.46,101.62,100.51,100.71,29009
2017-05-01 22:00:00,100.76,100.8,100.42,100.6,54907
2017-05-02 16:00:00,100.72,101.18,100.21,100.71,13147
2017-05-02 17:00:00,100.76,101.11,100.46,100.94,38592
2017-05-02 18:00:00,100.95,101.1,100.85,100.99,26721
2017-05-02 19:00:00,100.96,101.8,100.96,101.5,24854
2017-05-02 20:00:00,101.5,101.59,101.43,101.5,11705
2017-05-02 21:00:00,101.52,101.94,101.5,101.62,38436
2017-05-02 22:00:00,101.61,101.98,101.47,101.91,113308
2017-05-03 16:00:00,101.2,101.89,101.2,101.59,21444
2017-05-03 17:00:00,101.7,101.77,101.23,101.23,40447
2017-05-03 18:00:00,101.3,101.45,101.05,101.25,128532
2017-05-03 19:00:00,101.26,101.29,100.64,100.71,78179
2017-05-03 20:00:00,100.73,100.89,100.26,100.43,31325
2017-05-03 21:00:00,100.48,100.85,100.23,100.27,95885
2017-05-03 22:00:00,100.27,100.62,100.12,100.53,150602
2017-05-04 16:00:00,101.21,101.6,97.18,98.35,108919
2017-05-04 17:00:00,97.72,99.34,96.39,97.06,81146
2017-05-04 18:00:00,97.07,98.44,96.52,97.99,77582
2017-05-04 19:00:00,97.84,98.64,97.19,97.19,93346
2017-05-04 20:00:00,97.2,97.99,97.15,97.45,60016
2017-05-04 21:00:00,97.52,98.04,97.51,97.92,123887
2017-05-04 22:00:00,97.83,97.99,97.2,97.53,287315
2017-05-05 16:00:00,97.84,97.84,96.79,97.11,54856
2017-05-05 17:00:00,97.09,97.61,96.74,97.55,61307
2017-05-05 18:00:00,97.48,97.99,97.44,97.99,35553
2017-05-05 19:00:00,98.07,98.47,97.81,97.86,24238
2017-05-05 20:00:00,98.01,98.8,97.92,98.42,24165
2017-05-05 21:00:00,98.4,99.22,98.25,98.9,59401
2017-05-05 22:00:00,98.93,99.62,98.88,99.54,152079
2017-05-08 16:00:00,99.57,99.85,98.37,98.38,31091
2017-05-08 17:00:00,98.35,98.41,97.71,97.92,44587
2017-05-08 18:00:00,97.93,98.05,97.06,97.22,43056
2017-05-08 19:00:00,97.26,97.63,97.12,97.62,34067
2017-05-08 20:00:00,97.62,98.33,97.51,98.11,41225
2017-05-08 21:00:00,98.11,98.17,97.9,97.95,17826
2017-05-08 22:00:00,97.9,98.27,97.87,98.22,97878
2017-05-09 16:00:00,98.48,98.9,97.87,97.87,28876
2017-05-09 17:00:00,98.01,98.12,97.68,97.76,40661
2017-05-09 18:00:00,97.76,98.11,97.72,98.08,28271
2017-05-09 19:00:00,98.05,98.07,97.63,97.69,23864
2017-05-09 20:00:00,97.71,98.1,97.56,98.1,29226
2017-05-09 21:00:00,98.1,98.13,97.7,97.71,55824
2017-05-09 22:00:00,97.75,97.88,97.43,97.63,112296
2017-05-10 16:00:00,97.72,98.04,96.79,96.85,19381
2017-05-10 17:00:00,96.91,97.25,96.77,97.13,49724
2017-05-10 18:00:00,97.14,97.68,97.14,97.38,36196
2017-05-10 19:00:00,97.38,97.79,97.3,97.45,36978
2017-05-10 20:00:00,97.45,97.93,97.33,97.84,68138
2017-05-10 21:00:00,97.84,97.97,97.56,97.82,38240
2017-05-10 22:00:00,97.82,98.34,97.79,98.26,92683
2017-05-11 16:00:00,98.02,98.33,97.5,97.52,13555
2017-05-11 17:00:00,97.72,98.19,97.42,98.02,54219
2017-05-11 18:00:00,97.97,98.23,97.51,97.62,25744
2017-05-11 19:00:00,97.63,98.09,97.63,98.08,17149
2017-05-11 20:00:00,98.07,98.26,98.05,98.13,11314
2017-05-11 21:00:00,98.14,98.55,98.09,98.43,21078
2017-05-11 22:00:00,98.44,98.5,98.23,98.28,45489
2017-05-12 16:00:00,98.11,98.49,97.23,98.27,34208
2017-05-12 17:00:00,98.29,98.97,98.09,98.09,34453
2017-05-12 18:00:00,98.09,98.39,97.87,97.87,24159
2017-05-12 19:00:00,97.99,98.11,97.72,97.85,39809
2017-05-12 20:00:00,97.94,98.13,97.77,97.88,21714
2017-05-12 21:00:00,97.78,98.08,97.65,97.89,25302
2017-05-12 22:00:00,97.89,98.0,97.53,97.84,57024
2017-05-15 16:00:00,98.13,99.21,97.87,98.98,43670
2017-05-15 17:00:00,98.84,99.12,98.4,98.73,47166
2017-05-15 18:00:00,98.7,99.38,98.54,98.72,38394
2017-05-15 19:00:00,98.75,99.33,98.7,99.12,39662
2017-05-15 20:00:00,99.12,99.16,99.07,99.12,17175
2017-05-15 21:00:00,99.13,99.14,98.8,99.07,21459
2017-05-15 22:00:00,99.08,99.15,98.8,98.82,83204
2017-05-16 16:00:00,98.88,98.88,98.12,98.14,19610
2017-05-16 17:00:00,98.24,98.91,97.9,98.25,81873
2017-05-16 18:00:00,98.17,98.84,98.12,98.47,117611
2017-05-16 19:00:00,98.51,98.56,98.37,98.5,18300
2017-05-16 20:00:00,98.54,98.54,98.29,98.3,11796
2017-05-16 21:00:00,98.28,98.34,98.09,98.16,17749
2017-05-16 22:00:00,98.24,98.28,98.05,98.13,64644
2017-05-17 16:00:00,97.2,97.76,96.32,97.15,28293
2017-05-17 17:00:00,97.09,97.63,96.72,97.33,68301
2017-05-17 18:00:00,97.44,97.83,97.14,97.83,84981
2017-05-17 19:00:00,97.78,97.88,97.27,97.43,30562
2017-05-17 20:00:00,97.39,97.59,97.21,97.25,33473
2017-05-17 21:00:00,97.26,97.47,96.89,97.35,42513
2017-05-17 22:00:00,97.28,97.38,96.89,97.07,83711
2017-05-18 16:00:00,96.94,97.0,96.12,96.27,30160
2017-05-18 17:00:00,96.27,96.92,96.15,96.85,89691
2017-05-18 18:00:00,96.83,97.0,96.47,96.48,36455
2017-05-18 19:00:00,96.48,96.87,96.24,96.59,23359
2017-05-18 20:00:00,96.59,96.84,96.4,96.7,34984
2017-05-18 21:00:00,96.71,97.19,96.69,97.11,62081
2017-05-18 22:00:00,97.13,97.45,96.74,97.27,91900
2017-05-19 16:00:00,97.61,98.32,97.5,98.05,9082
2017-05-19 17:00:00,98.05,98.62,97.93,98.53,25940
2017-05-19 18:00:00,98.51,98.89,98.38,98.85,16565
2017-05-19 19:00:00,98.89,98.96,98.73,98.83,14639
2017-05-19 20:00:00,98.71,99.02,98.67,99.02,19054
2017-05-19 21:00:00,98.93,99.1,98.73,98.73,21297
2017-05-19 22:00:00,98.77,99.13,98.76,98.9,68952
2017-05-22 16:00:00,99.05,99.46,98.52,98.52,8766
2017-05-22 17:00:00,98.51,99.08,98.41,99.01,15978
2017-05-22 18:00:00,98.82,99.3,98.82,99.02,12947
2017-05-22 19:00:00,99.02,99.23,98.98,99.09,11938
2017-05-22 20:00:00,99.09,99.5,98.98,99.33,27752
2017-05-22 21:00:00,99.32,99.76,99.29,99.36,27090
2017-05-22 22:00:00,99.35,99.44,99.15,99.38,51201
2017-05-23 16:00:00,99.88,99.88,98.51,99.05,14356
2017-05-23 17:00:00,99.13,99.25,98.8,98.92,19745
2017-05-23 18:00:00,98.92,99.12,98.56,98.58,19568
2017-05-23 19:00:00,98.64,98.77,98.22,98.22,18606
2017-05-23 20:00:00,98.24,98.65,98.21,98.39,15940
2017-05-23 21:00:00,98.38,98.78,98.26,98.68,28900
2017-05-23 22:00:00,98.71,98.97,98.64,98.9,61675
2017-05-24 16:00:00,99.0,99.26,98.53,98.92,10938
2017-05-24 17:00:00,99.03,99.59,98.95,99.15,24074
2017-05-24 18:00:00,99.2,99.66,99.13,99.51,17213
2017-05-24 19:00:00,99.59,99.9,99.33,99.8,17809
2017-05-24 20:00:00,99.75,99.81,99.53,99.61,7568
2017-05-24 21:00:00,99.62,100.05,99.42,100.04,17003
2017-05-24 22:00:00,100.0,100.15,99.96,100.02,69787
2017-05-25 16:00:00,100.2,100.68,100.15,100.31,23369
2017-05-25 17:00:00,100.31,100.75,99.91,100.49,18769
2017-05-25 18:00:00,100.49,100.91,100.37,100.85,30500
2017-05-25 19:00:00,100.91,101.07,100.68,100.84,17481
2017-05-25 20:00:00,100.86,101.04,100.79,100.96,14165
2017-05-25 21:00:00,100.98,101.23,100.89,101.01,13664
2017-05-25 22:00:00,101.02,101.09,100.83,100.9,45838
2017-05-26 16:00:00,100.63,101.3,100.28,100.8,7029
2017-05-26 17:00:00,100.75,101.25,100.41,101.04,13717
2017-05-26 18:00:00,101.04,101.25,100.82,100.96,12740
2017-05-26 19:00:00,100.94,100.96,100.63,100.63,10991
2017-05-26 20:00:00,100.68,100.71,100.37,100.6,15980
2017-05-26 21:00:00,100.57,100.66,100.43,100.6,13889
2017-05-26 22:00:00,100.61,100.88,100.4,100.53,61126
2017-05-30 16:00:00,100.33,101.0,100.33,100.71,10870
2017-05-30 17:00:00,100.71,100.88,100.19,100.4,15625
2017-05-30 18:00:00,100.42,100.69,100.34,100.35,16306
2017-05-30 19:00:00,100.38,100.38,100.12,100.22,9879
2017-05-30 20:00:00,100.2,100.32,100.17,100.17,18767
2017-05-30 21:00:00,100.23,100.26,100.07,100.18,25084
2017-05-30 22:00:00,100.16,100.25,99.82,100.05,76304
2017-05-31 16:00:00,100.75,101.02,100.25,100.78,12722
2017-05-31 17:00:00,100.63,101.33,100.58,101.25,29149
2017-05-31 18:00:00,101.31,101.45,101.03,101.45,19920
2017-05-31 19:00:00,101.38,101.59,101.24,101.39,40899
2017-05-31 20:00:00,101.42,101.67,101.42,101.61,14271
2017-05-31 21:00:00,101.64,102.12,101.6,102.06,22628
2017-05-31 22:00:00,102.03,102.18,101.72,101.72,102555
2017-06-01 16:00:00,102.11,103.08,101.87,102.84,23074
2017-06-01 17:00:00,102.92,103.19,102.38,102.72,51320
2017-06-01 18:00:00,102.69,103.26,102.67,103.14,22200
2017-06-01 19:00:00,103.11,103.48,103.11,103.41,21924
2017-06-01 20:00:00,103.38,103.43,103.17,103.42,19650
2017-06-01 21:00:00,103.42,103.75,103.36,103.49,34301
2017-06-01 22:00:00,103.48,104.06,103.38,104.05,77941
2017-06-02 16:00:00,103.97,104.46,103.48,104.34,20615
2017-06-02 17:00:00,104.39,104.84,104.36,104.58,38665
2017-06-02 18:00:00,104.47,104.86,104.33,104.58,34122
2017-06-02 19:00:00,104.58,104.73,104.47,104.58,32577
2017-06-02 20:00:00,104.51,104.75,104.44,104.65,11145
2017-06-02 21:00:00,104.6,104.64,104.22,104.4,17867
2017-06-02 22:00:00,104.43,104.7,104.28,104.42,74932
2017-06-05 16:00:00,103.97,105.0,103.97,104.88,13877
2017-06-05 17:00:00,104.95,105.3,104.83,105.0,24553
2017-06-05 18:00:00,105.08,105.4,104.69,105.28,34589
2017-06-05 19:00:00,105.27,105.28,105.05,105.16,19038
2017-06-05 20:00:00,105.13,105.37,105.12,105.27,32136
2017-06-05 21:00:00,105.26,105.28,104.85,104.91,30586
2017-06-05 22:00:00,104.92,104.98,104.54,104.6,60646
2017-06-06 16:00:00,104.2,105.05,103.8,104.85,10331
2017-06-06 17:00:00,104.85,104.9,104.49,104.62,21878
2017-06-06 18:00:00,104.68,104.69,104.22,104.32,20958
2017-06-06 19:00:00,104.33,104.46,104.28,104.35,12136
2017-06-06 20:00:00,104.37,104.4,104.01,104.18,71392
2017-06-06 21:00:00,104.2,104.26,103.96,104.22,39274
2017-06-06 22:00:00,104.22,104.26,103.85,104.19,82529
2017-06-07 16:00:00,104.3,104.86,103.49,104.07,27425
2017-06-07 17:00:00,104.18,104.36,103.69,103.85,30650
2017-06-07 18:00:00,104.09,104.13,103.76,104.04,29010
2017-06-07 19:00:00,104.07,104.07,103.78,103.78,3700
2017-06-07 20:00:00,103.79,103.91,103.47,103.51,18385
2017-06-07 21:00:00,103.52,104.19,103.52,104.09,24058
2017-06-07 22:00:00,104.07,104.21,103.9,103.93,64561
2017-06-08 16:00:00,103.88,104.37,103.76,104.04,20311
2017-06-08 17:00:00,104.09,104.19,103.56,103.78,42878
2017-06-08 18:00:00,103.82,103.95,103.18,103.22,18667
2017-06-08 19:00:00,103.22,103.44,103.22,103.22,14488
2017-06-08 20:00:00,103.22,103.52,103.01,103.52,9640
2017-06-08 21:00:00,103.46,103.54,103.11,103.22,15093
2017-06-08 22:00:00,103.29,103.7,103.28,103.6,40947
2017-06-09 16:00:00,103.31,104.28,102.91,104.06,7001
2017-06-09 17:00:00,104.03,104.54,103.8,104.09,10869
2017-06-09 18:00:00,104.13,104.21,103.75,103.85,10101
2017-06-09 19:00:00,103.84,104.1,103.67,103.73,15100
2017-06-09 20:00:00,103.74,103.87,103.36,103.44,19348
2017-06-09 21:00:00,103.47,103.68,102.72,102.99,27434
2017-06-09 22:00:00,102.99,104.02,102.99,104.01,88336
2017-06-12 16:00:00,103.9,104.0,103.1,103.61,25256
2017-06-12 17:00:00,103.78,103.83,102.81,103.64,37090
2017-06-12 18:00:00,103.68,104.57,103.52,104.57,38027
2017-06-12 19:00:00,104.53,104.54,103.91,103.94,15443
2017-06-12 20:00:00,103.93,104.31,103.83,104.03,22609
2017-06-12 21:00:00,103.95,104.12,103.66,103.97,22119
2017-06-12 22:00:00,104.01,104.01,103.48,103.89,51872
2017-06-13 16:00:00,104.59,104.96,104.31,104.62,11899
2017-06-13 17:00:00,104.57,105.11,104.57,104.76,21446
2017-06-13 18:00:00,104.91,105.64,104.91,105.5,24827
2017-06-13 19:00:00,105.54,105.82,105.5,105.68,12385
2017-06-13 20:00:00,105.7,105.91,105.67,105.85,14505
2017-06-13 21:00:00,105.91,105.98,105.15,105.3,30862
2017-06-13 22:00:00,105.39,105.91,105.28,105.91,47022
2017-06-14 16:00:00,105.9,106.69,105.69,106.12,14071
2017-06-14 17:00:00,105.99,106.41,105.57,106.39,22872
2017-06-14 18:00:00,106.36,106.47,105.87,106.05,13320
2017-06-14 19:00:00,106.1,106.1,105.61,105.76,16025
2017-06-14 20:00:00,105.78,105.98,105.7,105.94,16651
2017-06-14 21:00:00,105.97,106.26,105.53,105.73,47084
2017-06-14 22:00:00,105.66,105.7,105.02,105.39,75370
2017-06-15 16:00:00,104.48,105.58,104.37,105.07,11278
2017-06-15 17:00:00,105.14,105.27,104.66,105.11,16754
2017-06-15 18:00:00,105.01,105.24,104.86,105.11,13773
2017-06-15 19:00:00,105.09,105.17,104.83,105.16,9698
2017-06-15 20:00:00,105.12,105.42,105.12,105.33,9597
2017-06-15 21:00:00,105.3,105.67,105.16,105.65,31399
2017-06-15 22:00:00,105.68,105.75,105.43,105.65,50764
2017-06-16 16:00:00,105.47,105.91,105.01,105.91,95859
2017-06-16 17:00:00,105.77,105.89,105.1,105.22,12634
2017-06-16 18:00:00,105.2,105.27,104.63,104.7,39091
2017-06-16 19:00:00,104.74,105.02,104.58,104.98,35691
2017-06-16 20:00:00,105.0,105.19,104.93,105.19,26297
2017-06-16 21:00:00,105.19,105.37,105.16,105.32,31158
2017-06-16 22:00:00,105.29,105.69,105.13,105.61,149321
2017-06-19 16:00:00,106.0,106.8,106.0,106.46,62940
2017-06-19 17:00:00,106.53,106.77,105.73,105.94,20534
2017-06-19 18:00:00,106.02,106.32,105.74,106.15,13674
2017-06-19 19:00:00,106.24,106.28,105.93,106.16,14573
2017-06-19 20:00:00,106.1,106.57,106.01,106.48,11845
2017-06-19 21:00:00,106.46,106.46,106.04,106.27,11198
2017-06-19 22:00:00,106.28,106.42,106.07,106.21,67379
2017-06-20 16:00:00,106.08,106.3,105.39,105.39,36618
2017-06-20 17:00:00,105.56,106.04,105.03,105.34,134033
2017-06-20 18:00:00,105.39,105.4,104.4,104.42,37648
2017-06-20 19:00:00,104.46,104.52,103.88,104.23,35778
2017-06-20 20:00:00,104.2,104.47,103.51,103.51,73413
2017-06-20 21:00:00,103.56,104.43,103.24,103.24,58557
2017-06-20 22:00:00,103.44,103.82,103.13,103.61,131883
2017-06-21 16:00:00,103.75,104.81,101.77,101.77,27562
2017-06-21 17:00:00,101.98,103.52,101.96,103.19,81541
2017-06-21 18:00:00,103.2,103.34,102.35,103.34,100984
2017-06-21 19:00:00,103.26,103.48,102.86,103.07,26484
2017-06-21 20:00:00,103.0,103.17,102.55,102.7,15243
2017-06-21 21:00:00,102.7,102.79,101.95,101.98,64037
2017-06-21 22:00:00,102.05,102.09,101.35,101.75,252675
2017-06-22 16:00:00,101.99,102.25,101.64,101.84,32331
2017-06-22 17:00:00,101.87,102.45,101.86,102.21,46167
2017-06-22 18:00:00,102.28,102.74,102.23,102.6,85144
2017-06-22 19:00:00,102.66,102.93,102.14,102.48,63335
2017-06-22 20:00:00,102.45,103.16,102.36,103.15,27265
2017-06-22 21:00:00,103.15,103.56,103.11,103.45,47599
2017-06-22 22:00:00,103.47,103.49,102.88,103.28,150156
2017-06-23 16:00:00,103.91,103.91,102.72,103.5,85262
2017-06-23 17:00:00,103.57,104.33,103.3,104.26,76419
2017-06-23 18:00:00,104.31,104.53,104.01,104.24,51028
2017-06-23 19:00:00,104.29,104.53,103.92,104.23,19642
2017-06-23 20:00:00,104.15,104.5,104.1,104.35,18593
2017-06-23 21:00:00,104.44,104.89,104.39,104.58,63001
2017-06-23 22:00:00,104.58,104.91,104.31,104.67,126903
2017-06-26 16:00:00,105.0,105.12,103.77,103.91,32954
2017-06-26 17:00:00,103.91,104.12,103.24,103.6,23910
2017-06-26 18:00:00,103.61,104.12,103.22,103.84,19326
2017-06-26 19:00:00,103.83,104.3,103.81,104.01,24588
2017-06-26 20:00:00,104.06,104.06,103.78,103.98,39998
2017-06-26 21:00:00,103.94,104.21,103.73,104.21,19098
2017-06-26 22:00:00,104.19,104.43,104.08,104.27,72926
2017-06-27 16:00:00,104.34,104.34,103.22,103.54,9608
2017-06-27 17:00:00,103.74,103.86,103.31,103.86,10124
2017-06-27 18:00:00,103.78,103.88,103.47,103.53,16938
2017-06-27 19:00:00,103.65,103.79,103.5,103.5,7086
2017-06-27 20:00:00,103.53,103.64,103.0,103.0,18736
2017-06-27 21:00:00,103.03,103.31,102.85,103.16,25545
2017-06-27 22:00:00,103.15,103.24,102.61,102.74,57753
2017-06-28 16:00:00,103.38,103.77,103.19,103.58,7243
2017-06-28 17:00:00,103.71,104.62,103.36,104.08,25642
2017-06-28 18:00:00,104.22,104.98,104.22,104.95,33863
2017-06-28 19:00:00,104.96,105.11,104.69,104.84,13229
2017-06-28 20:00:00,104.84,104.84,104.47,104.6,14388
2017-06-28 21:00:00,104.57,104.7,104.38,104.64,24384
2017-06-28 22:00:00,104.63,105.36,104.61,104.98,73214
2017-06-29 16:00:00,105.06,105.06,104.7,104.71,3609
2017-06-29 17:00:00,104.78,104.84,103.78,104.46,33104
2017-06-29 18:00:00,104.49,104.49,103.79,104.16,23622
2017-06-29 19:00:00,104.11,104.47,103.94,104.02,35324
2017-06-29 20:00:00,104.0,104.28,103.85,104.17,26131
2017-06-29 21:00:00,104.16,104.26,103.87,103.94,45545
2017-06-29 22:00:00,103.91,104.24,103.78,104.07,53337
2017-06-30 16:00:00,104.7,104.71,104.11,104.46,9317
2017-06-30 17:00:00,104.39,104.39,103.53,103.77,18810
2017-06-30 18:00:00,103.77,103.91,103.6,103.66,23904
2017-06-30 19:00:00,103.66,103.92,103.59,103.92,16577
2017-06-30 20:00:00,103.93,103.97,103.54,103.7,26993
2017-06-30 21:00:00,103.7,103.73,103.54,103.65,24098
2017-06-30 22:00:00,103.67,103.68,102.95,102.99,66339
2017-07-03 16:00:00,103.44,103.77,103.15,103.16,11126
2017-07-03 17:00:00,103.36,103.82,102.99,103.07,40812
2017-07-03 18:00:00,103.09,103.58,103.07,103.17,26365
2017-07-03 19:00:00,103.28,103.43,102.54,102.79,64069
2017-07-03 20:00:00,102.79,102.79,102.79,102.79,16951
2017-07-05 16:00:00,103.06,103.41,102.93,103.29,18766
2017-07-05 17:00:00,103.29,103.33,102.64,103.06,44090
2017-07-05 18:00:00,103.1,103.14,102.65,102.85,37726
2017-07-05 19:00:00,102.86,103.01,102.84,102.85,19730
2017-07-05 20:00:00,102.88,103.21,102.85,102.98,37501
2017-07-05 21:00:00,102.98,103.19,102.96,103.0,30479
2017-07-05 22:00:00,103.03,103.12,102.83,103.06,88179
2017-07-06 16:00:00,102.54,103.35,101.27,101.76,112435
2017-07-06 17:00:00,101.61,102.18,100.84,102.18,85453
2017-07-06 18:00:00,102.18,103.01,101.37,102.87,56106
2017-07-06 19:00:00,102.79,102.96,102.31,102.55,86825
2017-07-06 20:00:00,102.59,102.81,102.5,102.7,33040
2017-07-06 21:00:00,102.67,102.81,102.35,102.46,70745
2017-07-06 22:00:00,102.45,102.73,101.96,102.35,93896
2017-07-07 16:00:00,102.7,103.22,102.41,102.53,17435
2017-07-07 17:00:00,102.63,102.72,102.3,102.41,34064
2017-07-07 18:00:00,102.47,102.6,102.33,102.37,48077
2017-07-07 19:00:00,102.36,102.61,102.28,102.48,55281
2017-07-07 20:00:00,102.55,102.68,102.4,102.51,29245
2017-07-07 21:00:00,102.5,102.6,102.4,102.5,28826
2017-07-07 22:00:00,102.47,102.79,102.32,102.5,108809
2017-07-10 16:00:00,102.71,103.49,102.63,102.96,18889
2017-07-10 17:00:00,103.0,103.12,102.85,102.96,112450
2017-07-10 18:00:00,103.01,103.7,102.95,103.63,68301
2017-07-10 19:00:00,103.61,103.66,103.34,103.39,23654
2017-07-10 20:00:00,103.39,103.65,103.36,103.57,23146
2017-07-10 21:00:00,103.55,103.6,103.1,103.21,32335
2017-07-10 22:00:00,103.22,103.55,102.75,102.98,153025
2017-07-11 16:00:00,103.73,104.18,103.48,103.97,17853
2017-07-11 17:00:00,104.04,104.04,103.73,103.96,22302
2017-07-11 18:00:00,103.95,104.04,103.16,103.81,32734
2017-07-11 19:00:00,103.81,105.41,103.65,104.78,79091
2017-07-11 20:00:00,104.78,105.65,104.73,105.25,116022
2017-07-11 21:00:00,105.25,105.45,104.75,105.25,60959
2017-07-11 22:00:00,105.26,105.74,104.77,105.3,245437
2017-07-12 16:00:00,105.74,106.22,103.8,106.01,15533
2017-07-12 17:00:00,106.06,106.27,105.88,106.05,31383
2017-07-12 18:00:00,106.09,106.19,105.04,105.38,73259
2017-07-12 19:00:00,105.31,105.52,105.12,105.47,18983
2017-07-12 20:00:00,105.52,105.64,105.34,105.5,25500
2017-07-12 21:00:00,105.49,105.57,105.41,105.44,33771
2017-07-12 22:00:00,105.47,105.82,105.24,105.4,77508
2017-07-13 16:00:00,105.47,105.85,105.46,105.69,6596
2017-07-13 17:00:00,105.73,105.74,104.38,104.9,30613
2017-07-13 18:00:00,104.88,105.48,104.88,105.27,19988
2017-07-13 19:00:00,105.22,106.13,105.19,105.76,78001
2017-07-13 20:00:00,105.76,105.91,105.39,105.58,45559
2017-07-13 21:00:00,105.55,105.67,105.41,105.65,28346
2017-07-13 22:00:00,105.67,106.25,105.5,106.1,101879
2017-07-14 16:00:00,106.03,106.12,105.11,105.97,10190
2017-07-14 17:00:00,105.97,106.96,105.97,106.8,16696
2017-07-14 18:00:00,106.75,107.23,106.71,107.21,21106
2017-07-14 19:00:00,107.25,107.54,107.17,107.52,19548
2017-07-14 20:00:00,107.47,107.77,107.47,107.76,10192
2017-07-14 21:00:00,107.77,108.12,107.71,108.02,44149
2017-07-14 22:00:00,108.01,108.2,107.37,107.51,96215
2017-07-17 16:00:00,107.35,107.38,106.84,106.89,6132
2017-07-17 17:00:00,106.81,107.81,106.77,107.81,19556
2017-07-17 18:00:00,107.81,107.81,107.4,107.52,17238
2017-07-17 19:00:00,107.61,107.74,107.35,107.35,10001
2017-07-17 20:00:00,107.42,107.68,107.36,107.64,13461
2017-07-17 21:00:00,107.61,107.73,107.39,107.51,12918
2017-07-17 22:00:00,107.58,107.69,106.8,107.0,64638
2017-07-18 16:00:00,106.8,106.8,106.03,106.26,9741
2017-07-18 17:00:00,106.12,106.35,105.9,106.29,17528
2017-07-18 18:00:00,106.29,106.9,106.06,106.9,18018
2017-07-18 19:00:00,106.88,107.46,106.88,107.13,75541
2017-07-18 20:00:00,107.15,107.29,106.97,107.2,31323
2017-07-18 21:00:00,107.14,107.26,106.99,107.19,18477
2017-07-18 22:00:00,107.21,107.32,106.9,107.02,52642
2017-07-19 16:00:00,107.3,107.85,107.06,107.58,8979
2017-07-19 17:00:00,107.31,107.62,107.03,107.19,16775
2017-07-19 18:00:00,107.18,107.37,106.9,107.1,55990
2017-07-19 19:00:00,107.24,107.24,106.96,107.19,17709
2017-07-19 20:00:00,107.26,107.53,106.98,107.46,16640
2017-07-19 21:00:00,107.47,107.64,107.25,107.42,19808
2017-07-19 22:00:00,107.46,107.73,107.34,107.58,43109
2017-07-20 16:00:00,107.79,108.27,107.51,107.8,12439
2017-07-20 17:00:00,107.67,107.88,107.26,107.72,9665
2017-07-20 18:00:00,107.7,107.92,107.3,107.47,15109
2017-07-20 19:00:00,107.4,107.86,107.34,107.62,7362
2017-07-20 20:00:00,107.72,107.77,107.41,107.54,10529
2017-07-20 21:00:00,107.55,107.67,107.19,107.45,9898
2017-07-20 22:00:00,107.51,107.62,107.28,107.4,27386
2017-07-21 16:00:00,107.17,107.9,107.12,107.89,5624
2017-07-21 17:00:00,107.78,108.31,107.55,108.07,13720
2017-07-21 18:00:00,108.22,108.38,107.61,107.74,21182
2017-07-21 19:00:00,107.74,107.8,107.32,107.8,13100
2017-07-21 20:00:00,107.88,107.98,107.77,107.95,5646
2017-07-21 21:00:00,107.96,108.0,107.79,108.0,13024
2017-07-21 22:00:00,108.06,108.23,108.02,108.15,28643
2017-07-24 16:00:00,108.14,108.99,108.14,108.99,5440
2017-07-24 17:00:00,108.77,108.77,108.01,108.24,14891
2017-07-24 18:00:00,108.32,109.1,108.21,108.93,18886
2017-07-24 19:00:00,108.95,109.22,108.64,109.01,16160
2017-07-24 20:00:00,108.96,109.07,108.63,108.63,11957
2017-07-24 21:00:00,108.66,108.95,108.61,108.91,16184
2017-07-24 22:00:00,108.91,109.12,108.81,108.98,31749
2017-07-25 16:00:00,109.6,110.4,109.25,109.8,19215
2017-07-25 17:00:00,109.81,110.02,109.45,109.55,41893
2017-07-25 18:00:00,109.56,110.3,109.53,109.79,25354
2017-07-25 19:00:00,109.88,110.1,109.66,109.9,20379
2017-07-25 20:00:00,109.91,110.24,109.81,110.23,20025
2017-07-25 21:00:00,110.1,110.26,110.04,110.15,32338
2017-07-25 22:00:00,110.21,110.53,109.86,110.28,147094
2017-07-26 16:00:00,110.74,110.77,110.27,110.53,11917
2017-07-26 17:00:00,110.55,110.69,110.23,110.46,14069
2017-07-26 18:00:00,110.43,110.65,110.25,110.52,16239
2017-07-26 19:00:00,110.43,110.55,110.24,110.31,18670
2017-07-26 20:00:00,110.29,110.36,110.11,110.25,20796
2017-07-26 21:00:00,110.25,110.38,110.19,110.38,27200
2017-07-26 22:00:00,110.4,110.47,110.21,110.39,151719
2017-07-27 16:00:00,110.8,110.8,110.11,110.35,12684
2017-07-27 17:00:00,110.35,110.73,110.24,110.26,65446
2017-07-27 18:00:00,110.35,110.59,110.22,110.47,23739
2017-07-27 19:00:00,110.47,110.54,110.25,110.35,19973
2017-07-27 20:00:00,110.29,110.38,109.61,109.83,129287
2017-07-27 21:00:00,109.89,109.92,109.2,109.52,38191
2017-07-27 22:00:00,109.54,110.15,109.4,109.82,76415
2017-07-28 16:00:00,109.75,109.99,108.62,109.91,5304
2017-07-28 17:00:00,109.79,110.27,109.37,109.63,40324
2017-07-28 18:00:00,109.72,109.79,109.3,109.39,23307
2017-07-28 19:00:00,109.38,109.63,109.14,109.49,26852
2017-07-28 20:00:00,109.52,109.99,109.3,109.95,29814
2017-07-28 21:00:00,109.99,110.38,109.81,110.36,40364
2017-07-28 22:00:00,110.35,110.58,110.24,110.35,58361
2017-07-31 16:00:00,110.5,110.59,110.21,110.39,15518
2017-07-31 17:00:00,110.32,110.46,109.58,109.69,31158
2017-07-31 18:00:00,109.73,109.9,109.18,109.76,34032
2017-07-31 19:00:00,109.82,109.82,109.32,109.63,21523
2017-07-31 20:00:00,109.64,109.92,109.64,109.82,19155
2017-07-31 21:00:00,109.82,109.84,109.33,109.42,25913
2017-07-31 22:00:00,109.42,109.63,108.94,108.94,74311
2017-08-01 16:00:00,109.44,110.68,108.84,110.56,20800
2017-08-01 17:00:00,110.54,111.05,110.54,110.73,28031
2017-08-01 18:00:00,110.73,110.8,110.0,110.18,10689
2017-08-01 19:00:00,110.19,110.29,110.06,110.17,9799
2017-08-01 20:00:00,110.26,110.51,110.24,110.37,13715
2017-08-01 21:00:00,110.41,110.42,109.82,109.94,19779
2017-08-01 22:00:00,109.89,110.66,109.82,110.48,63522
2017-08-02 16:00:00,110.37,110.64,109.35,109.47,7843
2017-08-02 17:00:00,109.58,110.0,107.76,108.0,24404
2017-08-02 18:00:00,108.03,108.15,107.23,107.89,41459
2017-08-02 19:00:00,108.08,109.0,107.93,108.54,42966
2017-08-02 20:00:00,108.53,108.88,108.32,108.8,41873
2017-08-02 21:00:00,108.81,108.94,108.56,108.78,13715
2017-08-02 22:00:00,108.82,109.07,108.22,108.53,103989
2017-08-03 16:00:00,109.7,109.7,107.57,108.73,7237
2017-08-03 17:00:00,108.51,110.0,108.15,109.95,44903
2017-08-03 18:00:00,109.89,110.89,109.51,110.88,27693
2017-08-03 19:00:00,110.91,111.13,110.41,110.65,45047
2017-08-03 20:00:00,110.54,110.92,110.52,110.92,54837
2017-08-03 21:00:00,110.89,111.72,110.57,111.63,38833
2017-08-03 22:00:00,111.56,112.29,111.45,111.8,97663
2017-08-04 16:00:00,112.5,113.13,112.09,112.66,88568
2017-08-04 17:00:00,112.7,113.38,111.55,111.69,55559
2017-08-04 18:00:00,111.63,112.03,111.21,111.41,41287
2017-08-04 19:00:00,111.4,111.79,110.63,110.85,43114
2017-08-04 20:00:00,110.83,111.09,110.63,110.98,24471
2017-08-04 21:00:00,110.99,111.06,110.66,110.75,40581
2017-08-04 22:00:00,110.82,111.22,110.68,111.17,99782
2017-08-07 16:00:00,111.16,111.92,111.04,111.34,12989
2017-08-07 17:00:00,111.34,111.56,110.85,110.97,35539
2017-08-07 18:00:00,111.11,111.47,110.95,111.25,53788
2017-08-07 19:00:00,111.25,111.46,111.1,111.33,72544
2017-08-07 20:00:00,111.33,111.74,111.31,111.48,53823
2017-08-07 21:00:00,111.47,111.84,111.39,111.55,44862
2017-08-07 22:00:00,111.48,111.58,111.02,111.19,83481
2017-08-08 16:00:00,111.13,111.18,109.79,110.63,28321
2017-08-08 17:00:00,110.57,110.76,110.16,110.61,45066
2017-08-08 18:00:00,110.61,110.9,110.37,110.65,47019
2017-08-08 19:00:00,110.61,111.05,110.54,110.61,26926
2017-08-08 20:00:00,110.64,110.84,110.55,110.76,17722
2017-08-08 21:00:00,110.77,110.88,110.55,110.68,33916
2017-08-08 22:00:00,110.68,110.96,110.19,110.4,77557
2017-08-09 16:00:00,110.25,110.36,109.56,109.71,14835
2017-08-09 17:00:00,109.73,109.84,109.01,109.16,37281
2017-08-09 18:00:00,109.24,109.85,109.24,109.59,36373
2017-08-09 19:00:00,109.7,109.98,109.37,109.73,63885
2017-08-09 20:00:00,109.73,109.91,109.49,109.8,19896
2017-08-09 21:00:00,109.7,109.7,109.26,109.44,20758
2017-08-09 22:00:00,109.37,109.94,109.22,109.73,99959
2017-08-10 16:00:00,109.44,110.26,108.68,108.73,13266
2017-08-10 17:00:00,108.71,108.79,108.26,108.36,42990
2017-08-10 18:00:00,108.3,108.45,107.69,107.7,37449
2017-08-10 19:00:00,107.76,108.27,107.48,107.83,25605
2017-08-10 20:00:00,107.86,108.15,107.84,107.88,42087
2017-08-10 21:00:00,107.88,108.46,107.62,107.73,50244
2017-08-10 22:00:00,107.9,108.26,107.13,107.28,89820
2017-08-11 16:00:00,106.55,107.42,106.13,106.87,47213
2017-08-11 17:00:00,106.77,107.92,106.34,107.73,38508
2017-08-11 18:00:00,107.77,108.02,107.4,107.56,24035
2017-08-11 19:00:00,107.63,107.69,107.43,107.5,17725
2017-08-11 20:00:00,107.55,107.64,106.37,107.46,69948
2017-08-11 21:00:00,107.36,107.77,106.39,107.26,108241
2017-08-11 22:00:00,107.34,107.69,106.81,107.11,114150
2017-08-14 16:00:00,108.2,108.67,107.34,108.4,49742
2017-08-14 17:00:00,108.6,110.8,108.32,110.43,86581
2017-08-14 18:00:00,110.3,110.47,108.9,109.1,100892
2017-08-14 19:00:00,108.98,109.76,108.75,109.43,58617
2017-08-14 20:00:00,109.5,109.83,109.28,109.5,39247
2017-08-14 21:00:00,109.48,109.66,108.89,109.66,38964
2017-08-14 22:00:00,109.64,110.55,109.63,110.29,77470
2017-08-15 16:00:00,110.49,110.78,110.18,110.41,13430
2017-08-15 17:00:00,110.45,110.45,109.48,109.68,19767
2017-08-15 18:00:00,109.55,110.11,109.4,109.56,20058
2017-08-15 19:00:00,109.72,109.79,109.31,109.6,12797
2017-08-15 20:00:00,109.36,109.56,109.24,109.36,10070
2017-08-15 21:00:00,109.41,109.67,109.31,109.6,23348
2017-08-15 22:00:00,109.45,109.58,109.15,109.26,80484
2017-08-16 16:00:00,109.48,110.68,109.4,110.52,17657
2017-08-16 17:00:00,110.38,111.67,110.32,111.43,31030
2017-08-16 18:00:00,111.36,111.56,111.05,111.29,41170
2017-08-16 19:00:00,111.34,111.73,111.34,111.6,17308
2017-08-16 20:00:00,111.66,112.15,111.46,112.15,22102
2017-08-16 21:00:00,112.2,112.42,112.03,112.2,44506
2017-08-16 22:00:00,112.2,112.49,112.06,112.2,69955
2017-08-17 16:00:00,112.2,112.56,111.58,112.21,14406
2017-08-17 17:00:00,112.27,112.62,111.93,112.22,51297
2017-08-17 18:00:00,112.22,112.64,111.96,111.96,29384
2017-08-17 19:00:00,111.88,112.19,111.06,111.14,19138
2017-08-17 20:00:00,110.76,111.23,110.76,111.2,17696
2017-08-17 21:00:00,111.33,111.46,110.88,111.45,25659
2017-08-17 22:00:00,111.42,111.49,110.25,110.34,66711
2017-08-18 16:00:00,110.78,111.49,110.05,110.08,13253
2017-08-18 17:00:00,110.35,110.97,110.11,110.85,23468
2017-08-18 18:00:00,110.84,111.24,110.6,110.96,22151
2017-08-18 19:00:00,110.86,111.06,110.69,111.02,17665
2017-08-18 20:00:00,110.98,110.98,110.38,110.8,11865
2017-08-18 21:00:00,110.79,111.04,110.61,111.04,12900
2017-08-18 22:00:00,110.95,111.5,110.81,111.2,134149
2017-08-21 16:00:00,110.98,111.42,110.03,110.86,7384
2017-08-21 17:00:00,110.81,111.9,110.8,111.5,33036
2017-08-21 18:00:00,111.42,111.5,110.98,110.98,10361
2017-08-21 19:00:00,110.94,111.07,110.79,110.84,12699
2017-08-21 20:00:00,110.91,110.93,110.73,110.84,14099
2017-08-21 21:00:00,110.85,110.85,110.5,110.64,9788
2017-08-21 22:00:00,110.54,110.59,110.23,110.31,51839
2017-08-22 16:00:00,110.74,112.31,110.55,112.03,19103
2017-08-22 17:00:00,111.84,112.42,111.54,111.97,66274
2017-08-22 18:00:00,111.97,112.79,111.97,112.49,38049
2017-08-22 19:00:00,112.5,112.86,112.4,112.7,34815
2017-08-22 20:00:00,112.69,112.81,112.36,112.56,65778
2017-08-22 21:00:00,112.6,113.08,112.46,112.82,12502
2017-08-22 22:00:00,112.86,113.36,112.66,112.96,65210
2017-08-23 16:00:00,112.4,112.83,112.22,112.29,5622
2017-08-23 17:00:00,112.24,112.71,111.84,112.0,31244
2017-08-23 18:00:00,111.96,112.31,111.9,112.12,22318
2017-08-23 19:00:00,112.09,112.09,111.56,111.92,18758
2017-08-23 20:00:00,111.88,112.26,111.88,112.26,18216
2017-08-23 21:00:00,112.23,112.49,112.0,112.37,23834
2017-08-23 22:00:00,112.39,112.54,112.1,112.26,87232
2017-08-24 16:00:00,112.85,112.95,112.29,112.67,9802
2017-08-24 17:00:00,112.62,112.8,112.42,112.5,20917
2017-08-24 18:00:00,112.42,112.61,111.83,112.17,21038
2017-08-24 19:00:00,112.15,112.26,112.09,112.16,12926
2017-08-24 20:00:00,112.12,112.13,111.94,112.08,15761
2017-08-24 21:00:00,112.08,112.17,111.97,112.12,23346
2017-08-24 22:00:00,112.16,112.4,111.89,112.02,61852
2017-08-25 16:00:00,112.39,113.24,112.25,113.05,7800
2017-08-25 17:00:00,113.18,113.94,112.98,113.43,21028
2017-08-25 18:00:00,113.4,113.53,112.84,113.31,37143
2017-08-25 19:00:00,113.32,113.94,113.23,113.83,25827
2017-08-25 20:00:00,113.82,114.19,113.71,113.95,29094
2017-08-25 21:00:00,113.9,114.78,113.9,114.37,55186
2017-08-25 22:00:00,114.28,114.59,114.09,114.32,117498
2017-08-28 16:00:00,114.47,115.37,114.36,114.45,23317
2017-08-28 17:00:00,114.44,114.57,113.5,113.59,88737
2017-08-28 18:00:00,113.59,114.04,113.51,113.74,29826
2017-08-28 19:00:00,113.74,113.8,113.47,113.48,14177
2017-08-28 20:00:00,113.48,113.99,113.41,113.83,23689
2017-08-28 21:00:00,113.83,113.91,113.73,113.9,18099
2017-08-28 22:00:00,113.9,114.16,113.81,114.0,69769
2017-08-29 16:00:00,113.56,114.77,113.2,114.11,28525
2017-08-29 17:00:00,114.1,114.87,113.56,113.89,39513
2017-08-29 18:00:00,113.91,114.08,113.56,113.94,29658
2017-08-29 19:00:00,113.97,113.97,113.36,113.62,25952
2017-08-29 20:00:00,113.57,113.7,113.08,113.21,23408
2017-08-29 21:00:00,113.21,113.37,113.14,113.26,27589
2017-08-29 22:00:00,113.28,113.62,112.92,113.08,91680
2017-08-30 16:00:00,112.98,113.57,112.9,113.45,9528
2017-08-30 17:00:00,113.37,113.55,113.19,113.24,17850
2017-08-30 18:00:00,113.23,113.33,112.58,112.58,21488
2017-08-30 19:00:00,112.57,113.04,112.51,112.65,9753
2017-08-30 20:00:00,112.76,113.09,112.73,113.04,8709
2017-08-30 21:00:00,112.96,113.19,112.82,113.04,15483
2017-08-30 22:00:00,113.04,113.19,112.82,112.93,52851
2017-08-31 16:00:00,113.27,114.16,112.87,114.06,28126
2017-08-31 17:00:00,113.93,114.12,113.7,113.92,26047
2017-08-31 18:00:00,113.95,115.15,113.95,114.49,68169
2017-08-31 19:00:00,114.55,114.62,114.2,114.34,53715
2017-08-31 20:00:00,114.4,114.7,114.4,114.57,45839
2017-08-31 21:00:00,114.55,114.74,114.45,114.57,86236
2017-08-31 22:00:00,114.57,114.74,114.37,114.47,227637
2017-09-01 16:00:00,115.34,115.34,114.28,114.72,22929
2017-09-01 17:00:00,114.37,115.1,114.23,114.99,36230
2017-09-01 18:00:00,114.91,115.07,114.46,114.8,34121
2017-09-01 19:00:00,114.84,115.01,114.79,115.0,16959
2017-09-01 20:00:00,115.0,115.35,115.0,115.05,26652
2017-09-01 21:00:00,115.12,115.74,115.12,115.5,39315
2017-09-01 22:00:00,115.59,115.77,115.14,115.36,86235
2017-09-05 16:00:00,115.16,115.48,114.63,115.04,17567
2017-09-05 17:00:00,115.0,115.19,114.14,114.6,24579
2017-09-05 18:00:00,114.61,114.77,113.97,114.04,17751
2017-09-05 19:00:00,114.0,114.03,113.14,113.37,28649
2017-09-05 20:00:00,113.36,113.69,112.86,113.36,28636
2017-09-05 21:00:00,113.3,113.49,113.12,113.29,19662
2017-09-05 22:00:00,113.26,113.34,113.06,113.13,72963
2017-09-06 16:00:00,113.47,113.75,112.89,112.94,36867
2017-09-06 17:00:00,113.08,113.09,112.52,112.69,20825
2017-09-06 18:00:00,112.74,112.75,111.86,111.97,26910
2017-09-06 19:00:00,111.96,111.99,111.5,111.6,31109
2017-09-06 20:00:00,111.62,112.1,111.45,112.09,62277
2017-09-06 21:00:00,112.05,112.29,111.83,112.11,25201
2017-09-06 22:00:00,112.11,112.44,111.92,112.14,62835
2017-09-07 16:00:00,112.37,112.64,112.26,112.51,9610
2017-09-07 17:00:00,112.64,112.98,112.16,112.84,36875
2017-09-07 18:00:00,112.9,113.05,112.43,112.89,48947
2017-09-07 19:00:00,112.86,113.41,112.61,113.25,42553
2017-09-07 20:00:00,113.21,113.92,113.15,113.72,39257
2017-09-07 21:00:00,113.69,113.91,113.58,113.87,25722
2017-09-07 22:00:00,113.9,114.12,113.6,114.04,49679
2017-09-08 16:00:00,113.62,114.55,113.49,114.24,10068
2017-09-08 17:00:00,114.46,115.93,114.46,115.91,45686
2017-09-08 18:00:00,115.63,115.73,115.22,115.22,25700
2017-09-08 19:00:00,115.27,115.75,115.11,115.64,24168
2017-09-08 20:00:00,115.58,115.6,114.71,114.85,28431
2017-09-08 21:00:00,114.91,115.16,114.79,115.07,24875
2017-09-08 22:00:00,115.01,115.08,114.67,114.85,66125
2017-09-11 16:00:00,115.61,115.99,115.32,115.55,16430
2017-09-11 17:00:00,115.63,115.65,114.87,114.97,26997
2017-09-11 18:00:00,115.04,115.3,114.88,114.91,32581
2017-09-11 19:00:00,114.86,115.73,114.85,115.47,28065
2017-09-11 20:00:00,115.53,115.85,115.15,115.76,46874
2017-09-11 21:00:00,115.7,115.8,115.59,115.63,29587
2017-09-11 22:00:00,115.64,115.83,115.44,115.78,73909
2017-09-12 16:00:00,116.25,116.95,115.68,116.95,48809
2017-09-12 17:00:00,116.84,117.39,116.55,116.63,72777
2017-09-12 18:00:00,116.68,117.11,116.53,117.02,62406
2017-09-12 19:00:00,116.93,117.68,116.87,117.07,36592
2017-09-12 20:00:00,117.18,117.35,116.78,116.89,36940
2017-09-12 21:00:00,116.94,117.33,116.91,117.33,33439
2017-09-12 22:00:00,117.31,118.06,117.3,117.78,148539
2017-09-13 16:00:00,117.04,117.14,116.49,116.86,14609
2017-09-13 17:00:00,116.85,116.85,116.21,116.41,25948
2017-09-13 18:00:00,116.53,116.53,115.84,115.88,17096
2017-09-13 19:00:00,115.92,115.95,115.66,115.82,14961
2017-09-13 20:00:00,115.77,115.9,115.51,115.51,16475
2017-09-13 21:00:00,115.5,115.59,115.29,115.29,34788
2017-09-13 22:00:00,115.25,115.32,114.27,114.3,131564
2017-09-14 16:00:00,114.3,115.49,112.78,113.16,70836
2017-09-14 17:00:00,113.16,113.16,111.66,112.53,108556
2017-09-14 18:00:00,112.54,112.96,112.52,112.91,28348
2017-09-14 19:00:00,112.95,113.31,112.79,113.05,31610
2017-09-14 20:00:00,113.06,113.13,112.67,113.0,40243
2017-09-14 21:00:00,113.0,113.13,112.75,113.13,22855
2017-09-14 22:00:00,113.17,113.78,113.16,113.5,86855
2017-09-15 16:00:00,112.72,113.18,112.72,112.84,111441
2017-09-15 17:00:00,112.84,113.04,112.32,112.98,36430
2017-09-15 18:00:00,112.99,113.15,112.89,113.0,31167
2017-09-15 19:00:00,112.99,113.24,112.94,113.16,17967
2017-09-15 20:00:00,113.11,113.15,112.69,112.87,32512
2017-09-15 21:00:00,113.09,113.11,112.87,113.02,14162
2017-09-15 22:00:00,113.04,113.71,113.01,113.34,155690
2017-09-18 16:00:00,113.45,114.42,112.32,114.05,19432
2017-09-18 17:00:00,114.08,114.08,113.26,113.53,69051
2017-09-18 18:00:00,113.53,113.57,113.24,113.49,21817
2017-09-18 19:00:00,113.49,113.65,113.37,113.42,25262
2017-09-18 20:00:00,113.43,113.63,113.37,113.59,47928
2017-09-18 21:00:00,113.63,113.71,112.89,113.26,49640
2017-09-18 22:00:00,113.26,113.4,113.08,113.15,114795
2017-09-19 16:00:00,113.4,113.85,113.36,113.65,44363
2017-09-19 17:00:00,113.61,113.66,113.12,113.48,32807
2017-09-19 18:00:00,113.44,113.99,113.44,113.9,48823
2017-09-19 19:00:00,113.96,114.2,113.84,114.1,23122
2017-09-19 20:00:00,114.1,114.13,113.86,113.92,30757
2017-09-19 21:00:00,113.92,113.97,113.75,113.75,27920
2017-09-19 22:00:00,113.75,113.85,113.62,113.77,115404
2017-09-20 16:00:00,113.98,114.26,113.58,114.03,15515
2017-09-20 17:00:00,114.03,114.29,114.0,114.12,46283
2017-09-20 18:00:00,114.1,114.98,113.97,114.63,71698
2017-09-20 19:00:00,114.58,114.82,114.41,114.63,28626
2017-09-20 20:00:00,114.66,114.74,114.51,114.53,10491
2017-09-20 21:00:00,114.53,114.58,113.85,114.25,16241
2017-09-20 22:00:00,114.25,114.35,114.12,114.25,116574
2017-09-21 16:00:00,114.37,114.54,114.02,114.26,14474
2017-09-21 17:00:00,114.28,114.8,114.03,114.61,24707
2017-09-21 18:00:00,114.57,114.87,114.37,114.65,37854
2017-09-21 19:00:00,114.6,114.65,114.06,114.55,16972
2017-09-21 20:00:00,114.55,114.81,114.49,114.81,14336
2017-09-21 21:00:00,114.75,115.11,114.75,115.08,20228
2017-09-21 22:00:00,115.1,115.32,115.06,115.28,52621
2017-09-22 16:00:00,115.17,116.65,115.17,116.36,16803
2017-09-22 17:00:00,116.36,116.63,116.05,116.5,24448
2017-09-22 18:00:00,116.48,117.35,116.48,117.35,36764
2017-09-22 19:00:00,117.35,117.62,117.16,117.41,20445
2017-09-22 20:00:00,117.36,117.67,117.16,117.67,29037
2017-09-22 21:00:00,117.6,117.64,117.22,117.34,27665
2017-09-22 22:00:00,117.39,117.42,117.03,117.26,62150
2017-09-25 16:00:00,117.21,117.21,116.36,116.39,12759
2017-09-25 17:00:00,116.32,116.36,115.14,115.15,20614
2017-09-25 18:00:00,115.11,115.29,114.6,114.94,23065
2017-09-25 19:00:00,114.95,115.17,114.4,115.04,20599
2017-09-25 20:00:00,115.01,115.6,114.97,115.43,15643
2017-09-25 21:00:00,115.48,115.55,115.1,115.36,19782
2017-09-25 22:00:00,115.35,116.06,115.31,115.99,74547
2017-09-26 16:00:00,116.18,116.87,116.15,116.69,8789
2017-09-26 17:00:00,116.76,116.87,116.06,116.14,14837
2017-09-26 18:00:00,116.01,116.24,115.72,116.08,18041
2017-09-26 19:00:00,116.14,116.23,115.69,115.74,10474
2017-09-26 20:00:00,115.78,115.84,115.32,115.46,12284
2017-09-26 21:00:00,115.43,115.74,115.29,115.63,17116
2017-09-26 22:00:00,115.66,115.76,115.2,115.22,55660
2017-09-27 16:00:00,115.94,116.39,114.55,115.66,13469
2017-09-27 17:00:00,115.63,115.8,115.25,115.34,18099
2017-09-27 18:00:00,115.39,115.89,114.93,115.63,43480
2017-09-27 19:00:00,115.64,115.81,115.52,115.72,8856
2017-09-27 20:00:00,115.73,115.95,115.64,115.82,16754
2017-09-27 21:00:00,115.82,116.06,115.71,115.82,18576
2017-09-27 22:00:00,115.81,116.06,115.64,115.78,83696
2017-09-28 16:00:00,115.62,116.16,115.25,115.99,6844
2017-09-28 17:00:00,115.93,116.17,115.4,115.96,22626
2017-09-28 18:00:00,115.9,116.5,115.65,116.49,18862
2017-09-28 19:00:00,116.45,116.71,115.85,116.49,44003
2017-09-28 20:00:00,116.42,116.76,116.38,116.67,23737
2017-09-28 21:00:00,116.66,116.69,116.22,116.59,20543
2017-09-28 22:00:00,116.54,116.98,116.28,116.98,57483
2017-09-29 16:00:00,116.98,117.14,116.53,117.06,9063
2017-09-29 17:00:00,117.14,118.04,117.05,117.68,39896
2017-09-29 18:00:00,117.69,118.59,117.62,118.13,112189
2017-09-29 19:00:00,118.15,118.2,117.65,117.93,17381
2017-09-29 20:00:00,117.95,118.06,117.54,117.61,10775
2017-09-29 21:00:00,117.56,117.56,117.21,117.27,13697
2017-09-29 22:00:00,117.32,117.43,116.86,116.89,159329
2017-10-02 16:00:00,117.62,117.66,117.02,117.66,17966
2017-10-02 17:00:00,117.65,118.26,117.65,117.93,21506
2017-10-02 18:00:00,117.84,117.94,117.03,117.1,31800
2017-10-02 19:00:00,117.04,117.57,117.0,117.5,19530
2017-10-02 20:00:00,117.52,117.57,117.27,117.34,19996
2017-10-02 21:00:00,117.29,117.47,117.13,117.44,23165
2017-10-02 22:00:00,117.43,117.44,116.9,116.98,108671
2017-10-03 16:00:00,116.98,117.63,116.95,117.42,23228
2017-10-03 17:00:00,117.54,118.18,117.35,118.18,20545
2017-10-03 18:00:00,118.19,118.55,118.04,118.18,45003
2017-10-03 19:00:00,118.27,118.43,118.16,118.23,19606
2017-10-03 20:00:00,118.26,118.63,118.16,118.36,41031
2017-10-03 21:00:00,118.51,118.51,117.92,118.06,39104
2017-10-03 22:00:00,118.12,118.79,117.97,118.51,138963
2017-10-04 16:00:00,118.68,118.99,118.12,118.86,18127
2017-10-04 17:00:00,118.86,119.31,118.68,119.13,25623
2017-10-04 18:00:00,119.02,119.92,118.85,119.67,51553
2017-10-04 19:00:00,119.71,119.76,119.2,119.5,21701
2017-10-04 20:00:00,119.57,119.99,119.46,119.99,47501
2017-10-04 21:00:00,119.84,120.08,119.6,120.05,29864
2017-10-04 22:00:00,120.03,120.19,119.85,120.15,94435
2017-10-05 16:00:00,120.2,120.77,119.67,119.85,19789
2017-10-05 17:00:00,119.82,120.14,119.74,120.11,15513
2017-10-05 18:00:00,120.12,120.57,120.1,120.37,23839
2017-10-05 19:00:00,120.38,120.65,120.37,120.54,18011
2017-10-05 20:00:00,120.51,120.76,120.51,120.64,15063
2017-10-05 21:00:00,120.67,120.87,120.58,120.78,24477
2017-10-05 22:00:00,120.8,121.1,120.72,121.07,89633
2017-10-06 16:00:00,121.2,121.33,120.36,121.14,23869
2017-10-06 17:00:00,121.22,121.4,120.82,120.99,25360
2017-10-06 18:00:00,121.0,121.14,120.79,121.0,15794
2017-10-06 19:00:00,120.93,121.17,120.92,120.97,12458
2017-10-06 20:00:00,121.02,121.2,120.8,121.15,20971
2017-10-06 21:00:00,121.1,121.25,121.07,121.16,17772
2017-10-06 22:00:00,121.2,121.36,121.1,121.28,78237
2017-10-09 16:00:00,121.26,121.35,120.77,121.14,10483
2017-10-09 17:00:00,121.02,121.53,121.0,121.4,19933
2017-10-09 18:00:00,121.45,121.65,121.25,121.5,21177
2017-10-09 19:00:00,121.55,121.61,121.44,121.55,12174
2017-10-09 20:00:00,121.5,121.79,121.48,121.65,23586
2017-10-09 21:00:00,121.56,121.71,121.44,121.44,22853
2017-10-09 22:00:00,121.43,121.61,121.1,121.56,69280
2017-10-10 16:00:00,121.54,121.86,120.56,121.04,37478
2017-10-10 17:00:00,121.16,121.32,120.82,121.19,16572
2017-10-10 18:00:00,121.19,121.53,120.97,121.52,20684
2017-10-10 19:00:00,121.52,121.57,121.33,121.42,7559
2017-10-10 20:00:00,121.38,121.77,121.24,121.77,20564
2017-10-10 21:00:00,121.78,121.93,121.6,121.81,14651
2017-10-10 22:00:00,121.8,121.94,121.63,121.9,51985
2017-10-11 16:00:00,121.85,121.85,121.27,121.38,15524
2017-10-11 17:00:00,121.38,122.25,121.38,122.01,16835
2017-10-11 18:00:00,122.07,122.18,121.8,122.07,17844
2017-10-11 19:00:00,122.06,122.12,121.92,122.01,11332
2017-10-11 20:00:00,121.97,122.17,121.93,122.13,8319
2017-10-11 21:00:00,122.17,122.27,121.86,122.04,137729
2017-10-11 22:00:00,122.04,122.19,121.77,121.86,53491
2017-10-12 16:00:00,122.08,122.4,121.9,122.09,23663
2017-10-12 17:00:00,122.19,122.8,122.13,122.21,22858
2017-10-12 18:00:00,122.28,122.77,122.16,122.69,14129
2017-10-12 19:00:00,122.73,122.76,122.63,122.74,5330
2017-10-12 20:00:00,122.77,122.83,122.68,122.79,7853
2017-10-12 21:00:00,122.78,122.94,122.73,122.92,8355
2017-10-12 22:00:00,122.93,123.12,122.51,122.7,100537
2017-10-13 16:00:00,123.14,123.18,122.21,122.54,13216
2017-10-13 17:00:00,122.55,123.05,122.22,122.37,61481
2017-10-13 18:00:00,122.36,122.78,122.24,122.42,25357
2017-10-13 19:00:00,122.44,122.6,122.34,122.56,27701
2017-10-13 20:00:00,122.54,122.63,122.23,122.23,32451
2017-10-13 21:00:00,122.25,122.27,122.14,122.25,24618
2017-10-13 22:00:00,122.23,122.3,122.01,122.09,57738
2017-10-16 16:00:00,122.29,123.07,122.29,122.85,29740
2017-10-16 17:00:00,122.9,123.49,122.72,123.18,52678
2017-10-16 18:00:00,123.28,124.51,123.28,124.39,226339
2017-10-16 19:00:00,124.39,124.45,123.56,123.62,48652
2017-10-16 20:00:00,123.6,123.98,123.58,123.82,33321
2017-10-16 21:00:00,123.75,123.93,123.49,123.69,40777
2017-10-16 22:00:00,123.69,123.83,123.47,123.48,173801
2017-10-17 16:00:00,123.35,123.35,123.07,123.35,27529
2017-10-17 17:00:00,123.35,123.41,122.81,123.01,31150
2017-10-17 18:00:00,123.0,123.14,122.39,122.4,19748
2017-10-17 19:00:00,122.4,122.58,122.11,122.5,15848
2017-10-17 20:00:00,122.45,122.54,122.11,122.12,14503
2017-10-17 21:00:00,122.15,122.24,122.06,122.12,12762
2017-10-17 22:00:00,122.2,122.58,122.14,122.42,34256
2017-10-18 16:00:00,123.21,123.42,122.48,123.02,11615
2017-10-18 17:00:00,123.11,123.11,122.65,122.89,25905
2017-10-18 18:00:00,122.91,123.24,122.88,123.2,12928
2017-10-18 19:00:00,123.23,123.49,123.1,123.11,13810
2017-10-18 20:00:00,123.06,123.27,123.03,123.1,18921
2017-10-18 21:00:00,123.09,123.31,123.03,123.2,16320
2017-10-18 22:00:00,123.21,123.25,122.59,122.59,79030
2017-10-19 16:00:00,122.04,122.47,121.6,121.67,12242
2017-10-19 17:00:00,121.73,121.97,121.2,121.92,33806
2017-10-19 18:00:00,121.94,122.37,121.93,121.94,55610
2017-10-19 19:00:00,121.98,122.18,121.96,121.99,9832
2017-10-19 20:00:00,121.89,122.06,121.84,121.99,13112
2017-10-19 21:00:00,122.02,122.09,121.89,121.94,24503
2017-10-19 22:00:00,121.95,122.32,121.87,122.08,82119
2017-10-20 16:00:00,123.0,123.39,122.13,122.97,10006
2017-10-20 17:00:00,122.76,122.87,122.54,122.61,13798
2017-10-20 18:00:00,122.61,122.69,122.0,122.0,28007
2017-10-20 19:00:00,121.91,122.38,121.9,122.38,16270
2017-10-20 20:00:00,122.34,122.45,122.18,122.24,11521
2017-10-20 21:00:00,122.26,122.48,121.85,122.06,19063
2017-10-20 22:00:00,122.07,122.29,121.92,122.01,75063
2017-10-23 16:00:00,122.66,122.74,121.75,121.87,7562
2017-10-23 17:00:00,121.88,122.08,121.77,121.89,33433
2017-10-23 18:00:00,121.9,122.03,121.7,121.83,42438
2017-10-23 19:00:00,121.83,121.9,121.73,121.84,32419
2017-10-23 20:00:00,121.84,122.08,121.77,121.99,40895
2017-10-23 21:00:00,122.0,122.05,121.92,121.96,21832
2017-10-23 22:00:00,121.98,122.0,121.58,121.68,69790
2017-10-24 16:00:00,122.16,122.16,120.76,120.8,49957
2017-10-24 17:00:00,120.81,121.48,120.79,121.13,29467
2017-10-24 18:00:00,121.05,121.12,120.52,120.52,33018
2017-10-24 19:00:00,120.53,120.94,120.53,120.74,41905
2017-10-24 20:00:00,120.75,120.82,120.68,120.76,23591
2017-10-24 21:00:00,120.75,120.8,120.55,120.71,29686
2017-10-24 22:00:00,120.71,120.74,120.3,120.46,89565
2017-10-25 16:00:00,120.63,120.82,120.25,120.36,16103
2017-10-25 17:00:00,120.39,120.69,119.86,119.87,42569
2017-10-25 18:00:00,119.9,120.0,118.85,119.09,44205
2017-10-25 19:00:00,119.24,119.24,118.47,118.72,29715
2017-10-25 20:00:00,118.72,118.96,118.56,118.83,36226
2017-10-25 21:00:00,118.8,118.86,118.3,118.58,49643
2017-10-25 22:00:00,118.55,119.1,118.4,118.5,164200
2017-10-26 16:00:00,119.11,119.81,118.73,119.5,26500
2017-10-26 17:00:00,119.48,120.45,119.33,120.3,176476
2017-10-26 18:00:00,120.25,120.92,119.7,120.03,137928
2017-10-26 19:00:00,120.07,120.18,119.72,119.9,71374
2017-10-26 20:00:00,119.89,120.17,119.88,119.96,87929
2017-10-26 21:00:00,119.96,120.09,119.69,119.88,55758
2017-10-26 22:00:00,119.85,120.53,119.84,120.23,285636
2017-10-27 16:00:00,121.13,121.13,119.28,119.38,15768
2017-10-27 17:00:00,119.4,120.11,119.34,120.1,37862
2017-10-27 18:00:00,120.08,120.11,119.66,119.83,25725
2017-10-27 19:00:00,119.82,120.29,119.77,119.82,105331
2017-10-27 20:00:00,119.79,119.9,119.67,119.86,33061
2017-10-27 21:00:00,119.88,120.26,119.33,119.96,69515
2017-10-27 22:00:00,119.94,120.11,119.8,120.0,160221
2017-10-30 16:00:00,119.27,119.64,118.53,118.53,11144
2017-10-30 17:00:00,118.66,119.04,118.42,118.74,37629
2017-10-30 18:00:00,118.75,118.77,117.94,118.06,46119
2017-10-30 19:00:00,118.04,118.13,117.62,118.0,24798
2017-10-30 20:00:00,118.0,118.07,117.72,117.93,69474
2017-10-30 21:00:00,117.97,118.0,117.66,117.8,99466
2017-10-30 22:00:00,117.88,117.88,117.43,117.66,80535
2017-10-31 16:00:00,116.96,118.14,116.67,117.77,22871
2017-10-31 17:00:00,117.8,117.9,116.82,117.3,92645
2017-10-31 18:00:00,117.24,117.9,117.19,117.74,53878
2017-10-31 19:00:00,117.74,117.85,117.15,117.44,127106
2017-10-31 20:00:00,117.44,117.68,117.44,117.51,37200
2017-10-31 21:00:00,117.49,117.83,117.49,117.78,92564
2017-10-31 22:00:00,117.77,118.08,117.35,117.36,275312
2017-11-01 16:00:00,118.21,119.13,117.36,119.01,27840
2017-11-01 17:00:00,119.07,119.12,117.75,118.12,55612
2017-11-01 18:00:00,118.24,119.49,118.15,118.78,75307
2017-11-01 19:00:00,118.73,119.02,118.27,118.76,44153
2017-11-01 20:00:00,118.72,119.04,118.65,118.71,32983
2017-11-01 21:00:00,118.66,118.67,117.92,118.14,52426
2017-11-01 22:00:00,118.1,118.21,117.28,117.4,139561
2017-11-02 16:00:00,116.41,120.72,115.17,118.84,33498
2017-11-02 17:00:00,118.88,123.16,118.88,122.65,69877
2017-11-02 18:00:00,122.53,125.19,122.12,124.32,87275
2017-11-02 19:00:00,124.33,125.72,124.06,124.83,55154
2017-11-02 20:00:00,124.93,126.32,124.88,126.26,47060
2017-11-02 21:00:00,126.11,127.23,125.21,125.55,109117
2017-11-02 22:00:00,125.55,126.45,125.37,125.42,188912
2017-11-03 16:00:00,125.97,126.63,123.5,124.19,21155
2017-11-03 17:00:00,123.86,124.22,122.52,122.83,51085
2017-11-03 18:00:00,122.82,124.74,122.8,124.7,70005
2017-11-03 19:00:00,124.71,126.54,124.59,126.54,64361
2017-11-03 20:00:00,126.5,127.05,126.24,126.41,49500
2017-11-03 21:00:00,126.39,126.67,126.21,126.65,34403
2017-11-03 22:00:00,126.62,126.69,126.06,126.06,120352
2017-11-06 16:00:00,126.53,127.65,126.04,127.35,49479
2017-11-06 17:00:00,127.35,127.35,126.51,126.6,71884
2017-11-06 18:00:00,126.46,126.89,126.33,126.46,39632
2017-11-06 19:00:00,126.49,126.93,126.04,126.16,79852
2017-11-06 20:00:00,126.17,127.16,126.0,126.92,75064
2017-11-06 21:00:00,127.0,127.05,126.75,126.92,70498
2017-11-06 22:00:00,126.92,127.78,126.9,127.7,105597
2017-11-07 16:00:00,127.59,128.0,127.47,127.76,15814
2017-11-07 17:00:00,127.89,127.89,125.85,126.12,18657
2017-11-07 18:00:00,126.22,126.77,126.13,126.25,23260
2017-11-07 19:00:00,126.31,126.74,126.12,126.37,15647
2017-11-07 20:00:00,126.44,126.67,126.16,126.26,16593
2017-11-07 21:00:00,126.27,126.34,125.83,125.85,14911
2017-11-07 22:00:00,125.93,125.99,125.6,125.99,58309
2017-11-08 16:00:00,126.23,127.44,126.17,126.75,13414
2017-11-08 17:00:00,126.79,127.35,126.38,127.35,13188
2017-11-08 18:00:00,127.36,127.64,126.58,127.19,20434
2017-11-08 19:00:00,127.19,127.42,126.6,126.93,15600
2017-11-08 20:00:00,126.98,127.2,126.4,126.69,19211
2017-11-08 21:00:00,126.7,127.23,126.61,127.18,12301
2017-11-08 22:00:00,127.1,127.21,126.84,127.17,44672
2017-11-09 16:00:00,126.48,126.82,125.92,126.65,12413
2017-11-09 17:00:00,126.69,127.33,126.69,127.17,23779
2017-11-09 18:00:00,127.26,127.4,126.49,126.72,25184
2017-11-09 19:00:00,126.75,126.75,125.9,126.29,35235
2017-11-09 20:00:00,126.29,126.61,126.13,126.44,16094
2017-11-09 21:00:00,126.46,126.72,126.39,126.6,22115
2017-11-09 22:00:00,126.68,127.95,126.58,127.88,87481
2017-11-10 16:00:00,127.71,127.71,126.16,126.44,9934
2017-11-10 17:00:00,126.2,126.37,125.58,125.9,17300
2017-11-10 18:00:00,125.8,126.48,125.8,126.14,11778
2017-11-10 19:00:00,126.16,126.39,125.99,126.12,23117
2017-11-10 20:00:00,126.15,126.17,125.55,125.6,19838
2017-11-10 21:00:00,125.58,125.72,125.48,125.65,19633
2017-11-10 22:00:00,125.65,125.67,124.87,125.01,110678
2017-11-13 16:00:00,124.54,125.11,124.29,124.97,13383
2017-11-13 17:00:00,125.0,125.62,124.83,125.5,65133
2017-11-13 18:00:00,125.45,125.56,125.04,125.56,37852
2017-11-13 19:00:00,125.51,125.86,125.19,125.19,39417
2017-11-13 20:00:00,125.2,125.67,125.17,125.57,23005
2017-11-13 21:00:00,125.6,125.87,125.41,125.7,25876
2017-11-13 22:00:00,125.7,125.8,125.44,125.51,62202
2017-11-14 16:00:00,124.93,125.46,124.77,125.39,8328
2017-11-14 17:00:00,125.3,125.6,125.13,125.46,38537
2017-11-14 18:00:00,125.54,126.47,125.47,126.0,31154
2017-11-14 19:00:00,125.93,126.16,125.28,125.28,27319
2017-11-14 20:00:00,125.32,126.03,125.04,125.44,46092
2017-11-14 21:00:00,125.44,125.72,124.93,125.01,37838
2017-11-14 22:00:00,125.02,125.39,124.91,125.18,96507
2017-11-15 16:00:00,124.26,124.65,123.8,124.14,30397
2017-11-15 17:00:00,124.08,124.81,124.02,124.81,26157
2017-11-15 18:00:00,124.75,125.52,124.54,125.43,15578
2017-11-15 19:00:00,125.3,125.6,124.95,125.6,12066
2017-11-15 20:00:00,125.48,125.6,124.29,124.43,22837
2017-11-15 21:00:00,124.45,124.7,124.07,124.62,25864
2017-11-15 22:00:00,124.59,124.83,124.19,124.23,68880
2017-11-16 16:00:00,124.17,126.53,124.17,125.78,22796
2017-11-16 17:00:00,125.64,125.9,125.0,125.11,30125
2017-11-16 18:00:00,125.12,126.73,125.12,126.17,30677
2017-11-16 19:00:00,126.1,126.5,126.01,126.28,26894
2017-11-16 20:00:00,126.23,126.57,125.57,125.71,28216
2017-11-16 21:00:00,125.62,126.07,125.59,125.76,38087
2017-11-16 22:00:00,125.73,125.91,125.35,125.38,80024
2017-11-17 16:00:00,124.84,126.44,124.84,126.4,16504
2017-11-17 17:00:00,126.43,126.74,126.1,126.29,20153
2017-11-17 18:00:00,126.23,126.3,125.64,126.3,19647
2017-11-17 19:00:00,126.19,126.34,126.09,126.27,12673
2017-11-17 20:00:00,126.28,126.29,126.09,126.11,9562
2017-11-17 21:00:00,126.12,126.23,125.98,126.19,18708
2017-11-17 22:00:00,126.16,126.64,126.13,126.58,53340
2017-11-20 16:00:00,127.03,127.69,126.81,127.68,9131
2017-11-20 17:00:00,127.61,128.32,127.27,127.54,35120
2017-11-20 18:00:00,127.61,127.79,127.18,127.43,49405
2017-11-20 19:00:00,127.39,127.51,127.2,127.3,14621
2017-11-20 20:00:00,127.24,127.64,127.19,127.48,15014
2017-11-20 21:00:00,127.52,127.53,127.0,127.33,17572
2017-11-20 22:00:00,127.33,127.33,127.03,127.17,41589
2017-11-21 16:00:00,128.57,128.9,127.65,127.75,13156
2017-11-21 17:00:00,127.95,127.95,127.32,127.5,23816
2017-11-21 18:00:00,127.4,127.64,126.92,127.1,62739
2017-11-21 19:00:00,127.12,127.48,126.99,127.3,12109
2017-11-21 20:00:00,127.26,127.44,127.02,127.2,17474
2017-11-21 21:00:00,127.22,127.62,127.15,127.62,29651
2017-11-21 22:00:00,127.47,127.78,127.26,127.57,84416
2017-11-22 16:00:00,127.69,128.85,126.4,127.19,24457
2017-11-22 17:00:00,126.79,127.22,126.56,127.09,12973
2017-11-22 18:00:00,127.22,127.22,126.55,126.74,11388
2017-11-22 19:00:00,126.77,127.22,126.6,127.18,16626
2017-11-22 20:00:00,127.02,127.28,127.02,127.24,49339
2017-11-22 21:00:00,127.2,127.97,127.18,127.94,14886
2017-11-22 22:00:00,127.97,127.97,127.21,127.5,74493
2017-11-24 16:00:00,128.02,128.26,127.5,128.01,7692
2017-11-24 17:00:00,128.06,128.52,128.01,128.52,6336
2017-11-24 18:00:00,128.53,128.58,128.21,128.58,9007
2017-11-24 19:00:00,128.51,129.11,128.48,128.76,35203
2017-11-24 20:00:00,128.9,128.9,128.9,128.9,17076
2017-11-27 16:00:00,129.09,129.12,128.72,128.72,6586
2017-11-27 17:00:00,128.63,129.22,128.63,129.0,45501
2017-11-27 18:00:00,128.97,128.97,128.4,128.81,18963
2017-11-27 19:00:00,128.78,129.2,128.65,128.9,36218
2017-11-27 20:00:00,128.88,129.12,128.68,128.86,13229
2017-11-27 21:00:00,128.88,129.09,128.8,128.96,22020
2017-11-27 22:00:00,128.98,129.27,128.71,128.72,58135
2017-11-28 16:00:00,129.42,129.83,129.0,129.31,13992
2017-11-28 17:00:00,129.31,129.57,129.03,129.18,19959
2017-11-28 18:00:00,129.12,129.56,128.8,129.51,16945
2017-11-28 19:00:00,129.36,129.78,129.19,129.45,12645
2017-11-28 20:00:00,129.5,129.6,128.77,128.82,10739
2017-11-28 21:00:00,128.83,129.54,128.67,129.36,16907
2017-11-28 22:00:00,129.34,129.98,129.12,129.34,104086
2017-11-29 16:00:00,129.78,129.91,128.92,129.71,16839
2017-11-29 17:00:00,129.67,129.86,128.41,128.41,35019
2017-11-29 18:00:00,128.48,128.48,127.52,127.52,58554
2017-11-29 19:00:00,127.52,127.64,126.58,126.69,41373
2017-11-29 20:00:00,126.71,127.12,126.43,127.09,18460
2017-11-29 21:00:00,127.09,127.43,126.55,126.96,30779
2017-11-29 22:00:00,126.97,127.83,126.63,127.76,82023
2017-11-30 16:00:00,128.19,128.82,127.7,127.84,12203
2017-11-30 17:00:00,127.93,127.99,127.63,127.7,13380
2017-11-30 18:00:00,127.69,128.16,127.58,128.16,12241
2017-11-30 19:00:00,128.11,128.83,128.11,128.48,15651
2017-11-30 20:00:00,128.47,129.2,128.14,128.16,65271
2017-11-30 21:00:00,128.26,128.36,128.14,128.27,11577
2017-11-30 22:00:00,128.14,129.04,127.82,128.88,72594
2017-12-01 16:00:00,128.65,129.07,127.87,128.05,135258
2017-12-01 17:00:00,128.05,128.84,127.86,128.24,21665
2017-12-01 18:00:00,128.25,128.4,126.33,127.67,21274
2017-12-01 19:00:00,127.91,128.3,127.22,128.07,27064
2017-12-01 20:00:00,127.94,128.74,127.94,128.26,8902
2017-12-01 21:00:00,128.27,128.58,128.1,128.31,9425
2017-12-01 22:00:00,128.24,129.01,128.06,128.93,41364
2017-12-04 16:00:00,129.92,130.58,129.69,130.25,11785
2017-12-04 17:00:00,130.18,130.27,128.81,129.14,31840
2017-12-04 18:00:00,129.13,129.54,128.75,129.1,49847
2017-12-04 19:00:00,129.12,129.33,127.77,128.35,134545
2017-12-04 20:00:00,128.43,128.73,127.95,128.71,28542
2017-12-04 21:00:00,128.65,128.74,127.59,127.61,42725
2017-12-04 22:00:00,127.43,128.08,127.32,127.51,124571
2017-12-05 16:00:00,127.71,128.79,127.41,127.76,20294
2017-12-05 17:00:00,127.76,128.96,127.55,128.72,19733
2017-12-05 18:00:00,128.73,129.02,128.43,128.58,17416
2017-12-05 19:00:00,128.55,128.86,128.44,128.83,20532
2017-12-05 20:00:00,128.81,129.31,128.66,129.25,20709
2017-12-05 21:00:00,129.28,129.33,128.61,128.64,21446
2017-12-05 22:00:00,128.62,128.73,128.24,128.38,80766
2017-12-06 16:00:00,128.31,128.92,128.08,128.8,5772
2017-12-06 17:00:00,128.93,129.56,127.93,128.56,20323
2017-12-06 18:00:00,128.49,128.96,128.32,128.46,21479
2017-12-06 19:00:00,128.41,128.7,127.95,128.21,23750
2017-12-06 20:00:00,128.05,128.42,127.88,128.24,6949
2017-12-06 21:00:00,128.33,128.47,127.95,128.11,12944
2017-12-06 22:00:00,128.16,128.23,127.78,128.06,37744
2017-12-07 16:00:00,127.65,128.9,127.28,128.12,9780
2017-12-07 17:00:00,128.39,129.24,128.06,128.93,10368
2017-12-07 18:00:00,128.93,129.25,128.58,129.14,22287
2017-12-07 19:00:00,129.14,129.19,128.44,128.63,15661
2017-12-07 20:00:00,128.69,128.7,128.08,128.23,8535
2017-12-07 21:00:00,128.28,128.62,128.04,128.41,25457
2017-12-07 22:00:00,128.37,128.49,128.14,128.21,51515
2017-12-08 16:00:00,128.49,128.69,127.46,128.36,19474
2017-12-08 17:00:00,128.27,128.73,127.81,128.44,25025
2017-12-08 18:00:00,128.54,128.65,128.2,128.32,19731
2017-12-08 19:00:00,128.38,128.78,128.33,128.6,21502
2017-12-08 20:00:00,128.67,128.67,128.05,128.07,20076
2017-12-08 21:00:00,128.1,128.61,128.0,128.24,24518
2017-12-08 22:00:00,128.28,128.28,127.67,127.77,84818
2017-12-11 16:00:00,127.62,128.5,127.44,128.47,25553
2017-12-11 17:00:00,128.51,128.7,128.01,128.14,37403
2017-12-11 18:00:00,128.2,128.32,128.04,128.15,25499
2017-12-11 19:00:00,128.19,128.34,128.13,128.25,50142
2017-12-11 20:00:00,128.28,128.34,128.13,128.18,60654
2017-12-11 21:00:00,128.22,128.3,128.03,128.08,32450
2017-12-11 22:00:00,128.06,128.45,128.06,128.39,62131
2017-12-12 16:00:00,128.29,128.55,127.58,128.13,14900
2017-12-12 17:00:00,128.3,129.68,128.06,129.4,42579
2017-12-12 18:00:00,129.42,129.58,128.92,129.01,48016
2017-12-12 19:00:00,129.07,129.13,128.36,128.82,20735
2017-12-12 20:00:00,128.77,129.04,128.72,128.8,15684
2017-12-12 21:00:00,128.93,128.95,128.65,128.72,14545
2017-12-12 22:00:00,128.72,128.85,127.7,128.03,156377
2017-12-13 16:00:00,128.21,128.29,127.08,127.68,36544
2017-12-13 17:00:00,127.51,128.1,127.51,127.95,49848
2017-12-13 18:00:00,127.95,128.7,127.74,128.62,54702
2017-12-13 19:00:00,128.55,128.56,127.91,128.4,28710
2017-12-13 20:00:00,128.21,128.3,127.84,127.88,26388
2017-12-13 21:00:00,127.93,128.23,127.44,127.59,35358
2017-12-13 22:00:00,127.61,127.76,126.99,127.3,88750
2017-12-14 16:00:00,127.03,128.05,127.03,127.56,14760
2017-12-14 17:00:00,127.32,127.99,127.24,127.56,23787
2017-12-14 18:00:00,127.52,127.77,127.37,127.45,64555
2017-12-14 19:00:00,127.45,128.07,127.42,127.75,22102
2017-12-14 20:00:00,127.68,128.03,127.18,127.42,21127
2017-12-14 21:00:00,127.32,127.69,126.93,127.22,15882
2017-12-14 22:00:00,127.25,128.07,127.25,127.63,55368
2017-12-15 16:00:00,128.11,129.06,127.68,128.6,118026
2017-12-15 17:00:00,128.65,129.71,128.47,128.96,39808
2017-12-15 18:00:00,129.13,130.04,129.05,130.04,29865
2017-12-15 19:00:00,130.02,130.07,129.38,129.39,54004
2017-12-15 20:00:00,129.43,129.43,128.77,129.04,15672
2017-12-15 21:00:00,129.16,129.23,128.32,128.39,24221
2017-12-15 22:00:00,128.43,128.68,127.32,127.82,120823
2017-12-18 16:00:00,128.46,128.87,127.18,127.96,44435
2017-12-18 17:00:00,127.86,128.35,127.15,127.96,49427
2017-12-18 18:00:00,128.0,128.21,127.49,128.08,42275
2017-12-18 19:00:00,128.12,128.17,126.8,126.8,58644
2017-12-18 20:00:00,126.87,127.4,126.46,126.87,53066
2017-12-18 21:00:00,126.84,127.27,126.78,127.17,61784
2017-12-18 22:00:00,127.16,127.89,127.09,127.28,244125
2017-12-19 16:00:00,127.42,128.42,126.87,127.04,27214
2017-12-19 17:00:00,127.03,127.53,126.98,127.4,29408
2017-12-19 18:00:00,127.41,127.46,126.76,126.9,21290
2017-12-19 19:00:00,126.85,127.42,126.44,127.42,31869
2017-12-19 20:00:00,127.4,128.13,127.02,127.38,51288
2017-12-19 21:00:00,127.36,128.0,127.08,127.83,67743
2017-12-19 22:00:00,127.92,127.93,126.91,126.98,59159
2017-12-20 16:00:00,127.95,129.46,127.03,128.12,30013
2017-12-20 17:00:00,128.17,128.23,127.75,128.12,45642
2017-12-20 18:00:00,128.21,128.99,128.1,128.61,30943
2017-12-20 19:00:00,128.68,129.0,128.28,128.86,55894
2017-12-20 20:00:00,128.8,128.93,128.61,128.77,16324
2017-12-20 21:00:00,128.77,128.93,128.19,128.58,32450
2017-12-20 22:00:00,128.57,128.66,127.93,128.18,55215
2017-12-21 16:00:00,128.51,129.37,128.15,128.5,9141
2017-12-21 17:00:00,128.28,128.72,128.15,128.5,22954
2017-12-21 18:00:00,128.53,128.66,128.16,128.45,21357
2017-12-21 19:00:00,128.44,128.83,128.39,128.83,14421
2017-12-21 20:00:00,128.81,129.26,128.79,128.98,32842
2017-12-21 21:00:00,129.0,129.1,128.65,128.75,63804
2017-12-21 22:00:00,128.82,128.88,128.43,128.56,64506
2017-12-22 16:00:00,128.52,128.52,127.05,127.05,13956
2017-12-22 17:00:00,126.91,127.29,126.68,127.27,16540
2017-12-22 18:00:00,127.11,127.59,126.92,127.44,18330
2017-12-22 19:00:00,127.46,127.7,127.38,127.46,16746
2017-12-22 20:00:00,127.58,128.03,127.48,127.93,14737
2017-12-22 21:00:00,128.02,128.3,127.92,128.26,12811
2017-12-22 22:00:00,128.23,128.35,127.98,128.35,41781
2017-12-26 16:00:00,127.91,128.1,126.88,126.99,14064
2017-12-26 17:00:00,126.95,127.39,126.26,126.28,18662
2017-12-26 18:00:00,126.36,126.36,125.66,126.3,52352
2017-12-26 19:00:00,126.2,126.34,125.74,125.75,58293
2017-12-26 20:00:00,125.76,125.88,125.6,125.74,49455
2017-12-26 21:00:00,125.72,125.75,125.15,125.35,33863
2017-12-26 22:00:00,125.47,126.27,125.46,125.59,86432
2017-12-27 16:00:00,125.74,126.27,125.1,125.69,34481
2017-12-27 17:00:00,125.81,126.16,125.22,125.58,111978
2017-12-27 18:00:00,125.6,126.3,125.6,126.29,50331
2017-12-27 19:00:00,126.31,126.47,125.29,125.71,50741
2017-12-27 20:00:00,125.68,125.69,124.94,125.42,72364
2017-12-27 21:00:00,125.5,125.82,125.06,125.74,29700
2017-12-27 22:00:00,125.78,125.78,125.14,125.5,85762
2017-12-28 16:00:00,125.8,126.43,124.08,124.64,36071
2017-12-28 17:00:00,124.6,124.94,124.25,124.63,47416
2017-12-28 18:00:00,124.64,125.09,124.57,125.03,53913
2017-12-28 19:00:00,124.99,125.15,124.72,125.1,47203
2017-12-28 20:00:00,125.11,125.7,124.99,125.69,22074
2017-12-28 21:00:00,125.64,125.79,125.38,125.55,29087
2017-12-28 22:00:00,125.59,126.63,125.59,126.42,102420
2017-12-29 16:00:00,126.73,126.95,126.36,126.52,7704
2017-12-29 17:00:00,126.48,127.06,126.47,127.03,24260
2017-12-29 18:00:00,127.03,127.38,126.76,127.38,18455
2017-12-29 19:00:00,127.41,127.54,126.89,127.03,18632
2017-12-29 20:00:00,127.05,127.39,127.05,127.39,14400
2017-12-29 21:00:00,127.33,127.54,127.26,127.28,19848
2017-12-29 22:00:00,127.33,127.54,126.36,126.54,91605
2018-01-02 16:00:00,127.51,127.65,126.51,126.99,24510
2018-01-02 17:00:00,127.11,127.49,126.82,127.44,67823
2018-01-02 18:00:00,127.41,127.94,127.4,127.55,42479
2018-01-02 19:00:00,127.64,127.93,127.18,127.18,38290
2018-01-02 20:00:00,127.21,127.71,127.21,127.64,39366
2018-01-02 21:00:00,127.71,127.92,127.36,127.81,56141
2018-01-02 22:00:00,127.72,128.04,127.11,127.93,149495
2018-01-03 16:00:00,128.1,128.96,128.1,128.88,28192
2018-01-03 17:00:00,128.88,129.06,128.52,128.66,81244
2018-01-03 18:00:00,128.55,129.11,128.36,128.47,37423
2018-01-03 19:00:00,128.53,129.28,128.5,129.07,28805
2018-01-03 20:00:00,129.07,129.32,128.57,128.78,16834
2018-01-03 21:00:00,128.8,129.5,128.8,129.38,26736
2018-01-03 22:00:00,129.38,129.72,129.27,129.47,89894
2018-01-04 16:00:00,130.1,131.96,130.1,131.94,21871
2018-01-04 17:00:00,131.94,132.06,131.19,132.05,45184
2018-01-04 18:00:00,132.05,132.49,131.52,132.15,44217
2018-01-04 19:00:00,132.13,132.31,130.84,130.85,54565
2018-01-04 20:00:00,130.87,131.83,130.85,131.78,30404
2018-01-04 21:00:00,131.71,131.87,131.41,131.49,36388
2018-01-04 22:00:00,131.5,131.93,131.45,131.66,92035
2018-01-05 16:00:00,131.79,132.48,131.54,132.17,26294
2018-01-05 17:00:00,132.2,132.67,131.92,132.46,39733
2018-01-05 18:00:00,132.49,132.77,132.32,132.45,20300
2018-01-05 19:00:00,132.47,132.61,132.23,132.48,24005
2018-01-05 20:00:00,132.49,132.73,132.36,132.66,42729
2018-01-05 21:00:00,132.66,132.77,132.48,132.62,30952
2018-01-05 22:00:00,132.61,133.09,132.46,133.0,70229
2018-01-08 16:00:00,133.02,133.6,132.82,133.01,13943
2018-01-08 17:00:00,133.04,133.32,132.84,133.01,10800
2018-01-08 18:00:00,133.02,133.34,132.93,133.07,11312
2018-01-08 19:00:00,133.07,133.74,133.04,133.58,12669
2018-01-08 20:00:00,133.64,133.87,133.57,133.86,13142
2018-01-08 21:00:00,133.81,133.85,133.33,133.48,17765
2018-01-08 22:00:00,133.49,133.49,133.05,133.17,45260
2018-01-09 16:00:00,133.58,134.0,133.14,133.16,34728
2018-01-09 17:00:00,133.24,133.78,132.89,133.02,22457
2018-01-09 18:00:00,132.92,133.88,132.92,133.84,18969
2018-01-09 19:00:00,133.83,134.17,133.5,134.06,21379
2018-01-09 20:00:00,134.04,134.33,134.04,134.28,19842
2018-01-09 21:00:00,134.29,134.29,133.9,134.13,23937
2018-01-09 22:00:00,134.13,134.18,133.6,134.07,48543
2018-01-10 16:00:00,134.2,134.2,133.1,133.49,13953
2018-01-10 17:00:00,133.48,133.83,133.04,133.13,26131
2018-01-10 18:00:00,133.12,133.75,132.89,133.73,17501
2018-01-10 19:00:00,133.63,133.84,133.46,133.51,12400
2018-01-10 20:00:00,133.52,133.78,133.38,133.76,13200
2018-01-10 21:00:00,133.78,133.78,133.51,133.66,12266
2018-01-10 22:00:00,133.67,133.8,133.51,133.78,33367
2018-01-11 16:00:00,134.02,134.44,133.76,134.37,16163
2018-01-11 17:00:00,134.47,134.48,133.9,134.33,16962
2018-01-11 18:00:00,134.34,134.54,134.07,134.15,20428
2018-01-11 19:00:00,134.23,134.93,134.16,134.84,25463
2018-01-11 20:00:00,134.84,135.13,134.74,134.94,17491
2018-01-11 21:00:00,134.9,135.24,134.9,135.03,84110
2018-01-11 22:00:00,135.03,135.2,134.35,134.77,182745
2018-01-12 16:00:00,135.32,135.94,135.06,135.94,15874
2018-01-12 17:00:00,135.82,136.63,135.53,136.52,12682
2018-01-12 18:00:00,136.47,136.47,136.14,136.34,13402
2018-01-12 19:00:00,136.33,136.86,136.26,136.8,21358
2018-01-12 20:00:00,136.89,136.93,136.66,136.71,11798
2018-01-12 21:00:00,136.71,136.73,136.38,136.48,15633
2018-01-12 22:00:00,136.48,136.48,135.84,135.93,60032
2018-01-16 16:00:00,135.74,136.77,135.68,135.93,26212
2018-01-16 17:00:00,135.88,136.0,135.38,135.77,14755
2018-01-16 18:00:00,135.67,136.17,135.54,135.75,19116
2018-01-16 19:00:00,135.76,135.92,135.53,135.6,8545
2018-01-16 20:00:00,135.67,135.75,135.2,135.24,15424
2018-01-16 21:00:00,135.16,135.19,134.19,134.44,26105
2018-01-16 22:00:00,134.4,135.02,134.26,134.33,57268
2018-01-17 16:00:00,135.12,136.09,135.12,135.67,9334
2018-01-17 17:00:00,135.47,136.37,135.47,135.6,32048
2018-01-17 18:00:00,135.77,136.49,135.7,136.36,41726
2018-01-17 19:00:00,136.39,136.79,136.2,136.39,31801
2018-01-17 20:00:00,136.36,136.48,136.0,136.25,33074
2018-01-17 21:00:00,136.28,136.78,136.17,136.35,32589
2018-01-17 22:00:00,136.43,136.56,135.55,135.77,95967
2018-01-18 16:00:00,136.08,136.08,135.32,136.0,7717
2018-01-18 17:00:00,136.04,136.72,135.83,136.18,25468
2018-01-18 18:00:00,136.22,136.64,135.84,136.44,21480
2018-01-18 19:00:00,136.39,136.96,136.18,136.84,30684
2018-01-18 20:00:00,136.92,137.71,136.9,137.48,28157
2018-01-18 21:00:00,137.54,137.69,136.92,136.95,26314
2018-01-18 22:00:00,136.91,137.08,136.51,136.82,68804
2018-01-19 16:00:00,137.34,138.36,137.22,138.14,5770
2018-01-19 17:00:00,138.28,138.28,137.69,137.79,18628
2018-01-19 18:00:00,137.76,137.96,137.57,137.83,13279
2018-01-19 19:00:00,137.73,137.86,137.57,137.62,16815
2018-01-19 20:00:00,137.67,138.03,137.63,138.01,17310
2018-01-19 21:00:00,138.04,138.25,137.86,137.96,20774
2018-01-19 22:00:00,137.91,138.3,137.83,138.3,35494
2018-01-22 16:00:00,138.27,139.21,137.35,137.77,10317
2018-01-22 17:00:00,137.76,138.93,137.7,138.38,30788
2018-01-22 18:00:00,138.46,139.01,138.39,139.01,22018
2018-01-22 19:00:00,138.96,139.16,138.67,138.68,18634
2018-01-22 20:00:00,138.6,139.2,138.54,139.2,14289
2018-01-22 21:00:00,139.18,139.23,138.8,138.9,19407
2018-01-22 22:00:00,138.83,139.32,138.83,139.2,38145
2018-01-23 16:00:00,139.43,139.49,138.02,138.77,17985
2018-01-23 17:00:00,138.37,139.54,138.37,139.29,24143
2018-01-23 18:00:00,139.09,139.7,139.08,139.62,17300
2018-01-23 19:00:00,139.66,140.17,139.66,140.01,15743
2018-01-23 20:00:00,140.03,140.2,139.77,139.99,11502
2018-01-23 21:00:00,140.01,140.26,139.9,140.18,14747
2018-01-23 22:00:00,140.11,140.37,139.95,140.11,46389
2018-01-24 16:00:00,140.56,140.87,139.95,140.78,13250
2018-01-24 17:00:00,140.79,141.0,140.27,140.42,24894
2018-01-24 18:00:00,140.51,140.69,139.55,139.75,26251
2018-01-24 19:00:00,139.73,139.89,138.66,138.68,46137
2018-01-24 20:00:00,138.7,138.91,138.08,138.72,29775
2018-01-24 21:00:00,138.71,138.91,138.38,138.44,34612
2018-01-24 22:00:00,138.47,138.77,138.01,138.12,96418
2018-01-25 16:00:00,139.05,139.05,137.51,137.74,14879
2018-01-25 17:00:00,137.94,138.18,137.56,137.79,23832
2018-01-25 18:00:00,137.99,138.24,137.87,138.0,37705
2018-01-25 19:00:00,138.0,138.26,137.78,138.04,34335
2018-01-25 20:00:00,138.1,138.78,137.91,138.68,65770
2018-01-25 21:00:00,138.67,138.67,137.47,137.47,39718
2018-01-25 22:00:00,137.57,137.86,137.19,137.81,62526
2018-01-26 16:00:00,138.5,139.44,137.17,138.86,43365
2018-01-26 17:00:00,139.21,140.59,138.99,140.3,50385
2018-01-26 18:00:00,140.28,140.52,139.88,140.27,44410
2018-01-26 19:00:00,140.32,140.4,139.97,140.18,37426
2018-01-26 20:00:00,140.28,140.46,140.1,140.38,14620
2018-01-26 21:00:00,140.3,140.5,140.1,140.22,30214
2018-01-26 22:00:00,140.29,140.67,140.19,140.5,48135
2018-01-29 16:00:00,140.15,141.96,140.1,141.02,39364
2018-01-29 17:00:00,140.95,141.3,140.09,140.29,60671
2018-01-29 18:00:00,140.3,140.33,139.0,139.2,31894
2018-01-29 19:00:00,139.16,139.52,138.92,139.48,25337
2018-01-29 20:00:00,139.54,139.54,138.5,138.62,22008
2018-01-29 21:00:00,138.61,138.88,138.0,138.88,34319
2018-01-29 22:00:00,138.78,139.23,138.05,138.05,83911
2018-01-30 16:00:00,136.99,138.05,135.52,137.84,58272
2018-01-30 17:00:00,137.85,139.5,137.72,138.79,68739
2018-01-30 18:00:00,138.79,138.97,138.37,138.37,45299
2018-01-30 19:00:00,138.37,138.58,138.14,138.51,22116
2018-01-30 20:00:00,138.58,138.84,137.81,138.71,39622
2018-01-30 21:00:00,138.72,138.74,137.8,137.94,33792
2018-01-30 22:00:00,137.87,138.59,137.81,138.3,103257
2018-01-31 16:00:00,138.88,139.82,138.26,138.26,28894
2018-01-31 17:00:00,138.27,138.98,137.76,137.81,43612
2018-01-31 18:00:00,137.95,138.27,137.79,138.07,41287
2018-01-31 19:00:00,138.05,138.71,137.87,138.62,43846
2018-01-31 20:00:00,138.62,138.72,138.25,138.32,47431
2018-01-31 21:00:00,138.28,138.74,137.32,137.69,70570
2018-01-31 22:00:00,137.77,139.33,137.29,139.21,185293
2018-02-01 16:00:00,143.75,145.63,142.0,144.03,84861
2018-02-01 17:00:00,143.79,147.27,143.34,146.73,114298
2018-02-01 18:00:00,147.03,147.74,145.87,147.11,143803
2018-02-01 19:00:00,146.97,147.9,146.37,147.24,100382
2018-02-01 20:00:00,147.34,148.57,146.48,146.99,165450
2018-02-01 21:00:00,147.11,149.15,146.92,147.85,85941
2018-02-01 22:00:00,148.01,148.12,145.81,146.24,213821
2018-02-02 16:00:00,146.98,148.54,146.49,147.55,38864
2018-02-02 17:00:00,147.5,147.66,145.38,145.38,100981
2018-02-02 18:00:00,145.38,145.51,144.15,144.22,43923
2018-02-02 19:00:00,144.32,144.34,143.41,144.28,44601
2018-02-02 20:00:00,144.25,144.6,142.82,143.05,50087
2018-02-02 21:00:00,142.97,143.28,142.32,143.12,51036
2018-02-02 22:00:00,143.16,144.29,142.44,142.51,89095
2018-02-05 16:00:00,141.56,141.56,140.18,140.3,58751
2018-02-05 17:00:00,140.36,142.68,140.25,142.18,79756
2018-02-05 18:00:00,142.29,142.45,141.23,141.66,52426
2018-02-05 19:00:00,141.5,141.54,141.09,141.28,41763
2018-02-05 20:00:00,141.22,141.41,140.54,141.41,40950
2018-02-05 21:00:00,141.4,141.4,138.74,138.85,37273
2018-02-05 22:00:00,138.85,138.85,135.56,135.62,166170
2018-02-06 16:00:00,132.93,138.74,131.99,136.7,120530
2018-02-06 17:00:00,136.87,138.16,135.84,136.09,182440
2018-02-06 18:00:00,136.09,137.51,135.69,136.93,109436
2018-02-06 19:00:00,136.96,137.56,136.56,136.82,169537
2018-02-06 20:00:00,136.81,137.15,136.06,136.17,97736
2018-02-06 21:00:00,136.1,137.4,135.71,137.3,147839
2018-02-06 22:00:00,137.35,139.66,137.02,138.89,198172
2018-02-07 16:00:00,138.69,139.49,137.24,139.47,34426
2018-02-07 17:00:00,139.47,141.02,139.11,140.18,80151
2018-02-07 18:00:00,140.09,140.39,138.92,140.12,51585
2018-02-07 19:00:00,140.09,140.93,139.84,140.74,119768
2018-02-07 20:00:00,140.71,141.23,139.6,140.05,54320
2018-02-07 21:00:00,140.0,140.35,139.59,139.85,152176
2018-02-07 22:00:00,139.87,141.11,139.66,139.77,150710
2018-02-08 16:00:00,140.13,140.74,139.6,140.31,78343
2018-02-08 17:00:00,139.98,140.62,138.44,138.86,97841
2018-02-08 18:00:00,138.61,139.19,137.69,139.03,60904
2018-02-08 19:00:00,138.93,139.01,137.19,137.78,143846
2018-02-08 20:00:00,137.63,138.38,136.37,137.79,101942
2018-02-08 21:00:00,137.79,137.84,136.34,136.51,123851
2018-02-08 22:00:00,136.58,137.16,133.73,133.81,200981
2018-02-09 16:00:00,135.9,136.46,134.5,134.5,43243
2018-02-09 17:00:00,134.68,135.18,131.36,132.46,99947
2018-02-09 18:00:00,132.66,133.72,132.34,133.0,96996
2018-02-09 19:00:00,132.85,132.99,131.26,132.54,74521
2018-02-09 20:00:00,132.69,133.95,131.95,133.71,85239
2018-02-09 21:00:00,133.73,135.79,133.55,135.15,88294
2018-02-09 22:00:00,134.96,137.48,134.04,136.45,173150
2018-02-12 16:00:00,137.89,138.23,137.11,137.13,23773
2018-02-12 17:00:00,137.35,138.25,136.19,136.75,63324
2018-02-12 18:00:00,136.75,138.57,136.65,138.57,109978
2018-02-12 19:00:00,138.48,138.94,138.21,138.68,26157
2018-02-12 20:00:00,138.68,139.53,138.37,139.26,20065
2018-02-12 21:00:00,139.15,139.37,138.37,138.51,33039
2018-02-12 22:00:00,138.41,138.64,137.39,137.54,84183
2018-02-13 16:00:00,137.24,139.65,136.44,138.83,50999
2018-02-13 17:00:00,138.97,140.37,138.27,140.18,58993
2018-02-13 18:00:00,140.08,140.5,139.85,140.29,49175
2018-02-13 19:00:00,140.33,140.61,139.99,140.0,24135
2018-02-13 20:00:00,140.0,141.3,139.99,141.12,25780
2018-02-13 21:00:00,141.17,141.17,140.04,140.5,26773
2018-02-13 22:00:00,140.53,141.29,140.31,140.6,111768
2018-02-14 16:00:00,140.06,140.89,139.36,139.58,64827
2018-02-14 17:00:00,139.9,142.29,139.75,142.15,69192
2018-02-14 18:00:00,142.15,142.99,141.81,142.29,29578
2018-02-14 19:00:00,142.13,142.98,142.11,142.82,34416
2018-02-14 20:00:00,142.77,143.84,142.73,143.55,41532
2018-02-14 21:00:00,143.59,145.17,143.55,144.67,103076
2018-02-14 22:00:00,144.66,145.95,144.64,145.66,168816
2018-02-15 16:00:00,146.41,146.48,144.1,145.27,30278
2018-02-15 17:00:00,145.38,145.4,144.17,144.45,69922
2018-02-15 18:00:00,144.53,145.95,144.2,145.82,99465
2018-02-15 19:00:00,145.77,146.05,145.4,145.9,66868
2018-02-15 20:00:00,145.93,147.43,145.73,147.4,84325
2018-02-15 21:00:00,147.43,148.14,147.24,147.87,70254
2018-02-15 22:00:00,147.94,149.0,147.69,148.26,209021
2018-02-16 16:00:00,147.89,148.16,146.07,146.07,33957
2018-02-16 17:00:00,146.37,147.67,146.13,146.5,41739
2018-02-16 18:00:00,146.51,146.86,145.44,146.41,39877
2018-02-16 19:00:00,146.47,147.14,145.99,146.18,34405
2018-02-16 20:00:00,146.39,146.39,144.9,145.19,53799
2018-02-16 21:00:00,145.23,145.46,144.29,145.33,37687
2018-02-16 22:00:00,145.31,145.38,144.74,145.0,93360
2018-02-20 16:00:00,143.76,145.57,143.66,144.92,18989
2018-02-20 17:00:00,144.92,145.1,143.61,143.92,40892
2018-02-20 18:00:00,143.99,145.18,143.95,145.14,30633
2018-02-20 19:00:00,145.25,145.42,144.89,145.17,18636
2018-02-20 20:00:00,145.17,145.39,144.42,145.39,21718
2018-02-20 21:00:00,145.34,145.35,144.65,144.92,15300
2018-02-20 22:00:00,144.87,144.87,144.1,144.33,62477
2018-02-21 16:00:00,144.39,146.2,144.19,145.13,48232
2018-02-21 17:00:00,145.31,146.56,145.14,146.3,37844
2018-02-21 18:00:00,146.34,146.99,145.62,145.89,34481
2018-02-21 19:00:00,145.85,145.89,144.87,145.28,28303
2018-02-21 20:00:00,145.28,145.45,144.97,144.97,29984
2018-02-21 21:00:00,144.93,145.58,144.34,144.64,49557
2018-02-21 22:00:00,144.53,144.67,142.66,142.86,133677
2018-02-22 16:00:00,143.78,144.43,142.8,143.99,14630
2018-02-22 17:00:00,144.02,144.33,142.94,143.55,33487
2018-02-22 18:00:00,143.73,144.27,143.39,143.56,32738
2018-02-22 19:00:00,143.73,144.16,143.26,143.62,26379
2018-02-22 20:00:00,143.52,143.76,142.81,143.01,26475
2018-02-22 21:00:00,143.12,144.09,143.1,143.28,29701
2018-02-22 22:00:00,143.29,143.47,142.5,142.89,83150
2018-02-23 16:00:00,144.06,144.41,142.97,143.34,13595
2018-02-23 17:00:00,143.42,143.88,143.19,143.28,34850
2018-02-23 18:00:00,143.55,143.96,143.29,143.75,26408
2018-02-23 19:00:00,143.92,144.48,143.6,143.84,15818
2018-02-23 20:00:00,143.8,143.8,143.38,143.68,19769
2018-02-23 21:00:00,143.82,144.43,143.52,144.43,14634
2018-02-23 22:00:00,144.34,145.16,144.28,145.04,49366
2018-02-26 16:00:00,145.71,146.46,145.31,145.85,15918
2018-02-26 17:00:00,146.13,146.17,144.26,144.26,19631
2018-02-26 18:00:00,144.39,144.65,144.01,144.19,33686
2018-02-26 19:00:00,144.26,144.81,144.18,144.4,22835
2018-02-26 20:00:00,144.38,144.76,143.81,144.76,87654
2018-02-26 21:00:00,144.57,144.69,144.1,144.34,34170
2018-02-26 22:00:00,144.35,144.61,144.07,144.43,81296
2018-02-27 16:00:00,144.68,145.42,144.21,144.41,50391
2018-02-27 17:00:00,144.58,145.26,143.74,144.18,39855
2018-02-27 18:00:00,144.09,144.97,143.91,144.42,59238
2018-02-27 19:00:00,144.29,144.7,143.52,144.5,34991
2018-02-27 20:00:00,144.41,144.62,143.78,143.84,31370
2018-02-27 21:00:00,143.89,144.0,143.18,143.5,35697
2018-02-27 22:00:00,143.43,143.7,142.8,142.85,83142
2018-02-28 16:00:00,142.98,144.72,142.86,144.58,17642
2018-02-28 17:00:00,144.71,145.51,143.94,144.4,28921
2018-02-28 18:00:00,144.7,144.74,142.76,143.3,44412
2018-02-28 19:00:00,143.49,144.77,143.44,144.76,25337
2018-02-28 20:00:00,144.63,144.89,144.23,144.64,24045
2018-02-28 21:00:00,144.72,145.0,143.24,143.39,36775
2018-02-28 22:00:00,143.41,143.53,141.4,141.52,140438
2018-03-01 16:00:00,141.89,142.31,141.09,141.83,20480
2018-03-01 17:00:00,141.65,143.53,141.44,142.66,58820
2018-03-01 18:00:00,142.67,143.88,142.67,143.52,35664
2018-03-01 19:00:00,143.37,143.52,142.52,143.36,35673
2018-03-01 20:00:00,143.24,143.27,141.8,141.97,39212
2018-03-01 21:00:00,142.09,142.27,141.15,141.6,54769
2018-03-01 22:00:00,141.6,143.18,141.18,142.62,87881
2018-03-02 16:00:00,141.16,141.69,140.49,141.34,23140
2018-03-02 17:00:00,141.32,142.05,140.68,141.4,46602
2018-03-02 18:00:00,141.41,142.08,141.26,142.08,57010
2018-03-02 19:00:00,142.19,143.16,142.08,142.96,35424
2018-03-02 20:00:00,142.87,143.11,141.96,142.79,44384
2018-03-02 21:00:00,142.75,143.72,142.53,143.58,46155
2018-03-02 22:00:00,143.42,143.65,142.54,143.29,83291
2018-03-05 16:00:00,142.19,144.03,142.16,143.77,61191
2018-03-05 17:00:00,143.72,144.8,143.39,144.8,41486
2018-03-05 18:00:00,144.64,146.66,144.59,146.23,73859
2018-03-05 19:00:00,146.25,146.59,145.78,146.44,32960
2018-03-05 20:00:00,146.52,147.29,146.51,147.17,39666
2018-03-05 21:00:00,147.09,147.32,146.52,147.1,36418
2018-03-05 22:00:00,147.15,147.45,145.82,145.92,79334
2018-03-06 16:00:00,146.36,146.97,145.67,145.78,28890
2018-03-06 17:00:00,146.01,146.96,145.58,146.0,56511
2018-03-06 18:00:00,145.95,147.23,145.72,147.16,39221
2018-03-06 19:00:00,147.06,148.07,146.67,147.86,25600
2018-03-06 20:00:00,147.98,148.31,147.37,147.61,27110
2018-03-06 21:00:00,147.61,148.33,147.21,148.25,36840
2018-03-06 22:00:00,148.19,149.03,148.14,148.99,143455
2018-03-07 16:00:00,147.33,148.29,146.57,146.57,25847
2018-03-07 17:00:00,146.57,148.12,146.48,147.44,43836
2018-03-07 18:00:00,147.41,147.41,146.61,146.89,29660
2018-03-07 19:00:00,146.89,147.73,146.63,147.73,22813
2018-03-07 20:00:00,147.73,148.06,147.07,147.94,28113
2018-03-07 21:00:00,147.94,148.79,147.69,148.56,27894
2018-03-07 22:00:00,148.58,148.86,148.07,148.33,94887
2018-03-08 16:00:00,149.18,149.4,148.34,148.54,13765
2018-03-08 17:00:00,148.56,149.82,148.34,148.6,19887
2018-03-08 18:00:00,148.64,149.58,148.51,148.76,24982
2018-03-08 19:00:00,148.89,149.37,148.54,149.11,25280
2018-03-08 20:00:00,149.24,149.31,148.5,148.85,10881
2018-03-08 21:00:00,149.03,149.72,148.79,149.67,18760
2018-03-08 22:00:00,149.7,150.56,149.7,150.49,67418
2018-03-09 16:00:00,151.93,152.35,151.07,152.11,28086
2018-03-09 17:00:00,152.31,153.31,152.01,153.09,62662
2018-03-09 18:00:00,153.09,153.83,152.88,153.44,54323
2018-03-09 19:00:00,153.33,154.06,153.0,153.94,46411
2018-03-09 20:00:00,154.0,154.36,153.76,154.11,48684
2018-03-09 21:00:00,154.11,154.16,153.37,153.52,57385
2018-03-09 22:00:00,153.46,153.99,152.91,153.12,152981
2018-03-12 16:00:00,153.34,153.69,152.24,152.37,19401
2018-03-12 17:00:00,152.37,153.83,152.35,153.39,46317
2018-03-12 18:00:00,153.43,153.85,153.15,153.48,27301
2018-03-12 19:00:00,153.41,154.33,153.41,153.6,31079
2018-03-12 20:00:00,153.55,154.12,153.55,153.78,23008
2018-03-12 21:00:00,153.82,154.47,153.6,153.74,37480
2018-03-12 22:00:00,153.9,154.33,153.72,154.04,71845
2018-03-13 16:00:00,154.58,155.02,153.54,153.82,18923
2018-03-13 17:00:00,153.61,153.95,152.69,152.98,59894
2018-03-13 18:00:00,153.19,153.49,152.46,153.46,53042
2018-03-13 19:00:00,153.43,153.45,152.32,153.14,47613
2018-03-13 20:00:00,153.07,153.29,152.02,152.08,36233
2018-03-13 21:00:00,152.06,152.33,151.33,151.33,50908
2018-03-13 22:00:00,151.47,151.92,150.91,151.58,97083
2018-03-14 16:00:00,152.59,153.25,151.62,152.43,18048
2018-03-14 17:00:00,152.4,153.77,152.4,153.45,45264
2018-03-14 18:00:00,153.39,153.84,152.82,153.39,68073
2018-03-14 19:00:00,153.48,154.99,153.46,153.92,181660
2018-03-14 20:00:00,153.95,154.53,153.9,154.34,44411
2018-03-14 21:00:00,154.21,154.36,153.66,154.29,71551
2018-03-14 22:00:00,154.31,154.68,153.83,154.46,99409
2018-03-15 16:00:00,154.45,154.46,152.91,153.94,34733
2018-03-15 17:00:00,154.0,154.71,153.73,154.31,62604
2018-03-15 18:00:00,154.1,155.44,154.1,155.18,26227
2018-03-15 19:00:00,155.14,155.34,154.83,155.02,27466
2018-03-15 20:00:00,155.06,155.21,154.89,155.05,44229
2018-03-15 21:00:00,155.01,155.4,154.93,155.3,54101
2018-03-15 22:00:00,155.29,155.29,154.94,154.94,78673
2018-03-16 16:00:00,155.47,155.62,154.54,154.97,131964
2018-03-16 17:00:00,155.12,155.41,154.27,155.16,26008
2018-03-16 18:00:00,155.15,155.43,154.9,155.03,34894
2018-03-16 19:00:00,155.08,155.25,154.77,155.14,28016
2018-03-16 20:00:00,155.11,155.28,154.94,155.03,36283
2018-03-16 21:00:00,155.08,155.44,154.94,155.4,40206
2018-03-16 22:00:00,155.36,155.94,154.91,154.96,118132
2018-03-19 16:00:00,154.18,154.78,153.8,154.57,30762
2018-03-19 17:00:00,154.59,154.98,154.34,154.55,70012
2018-03-19 18:00:00,154.5,154.91,154.3,154.5,87962
2018-03-19 19:00:00,154.54,155.04,154.48,154.6,32750
2018-03-19 20:00:00,154.51,154.6,153.43,154.26,108170
2018-03-19 21:00:00,154.26,155.05,154.17,154.88,63514
2018-03-19 22:00:00,154.83,155.62,154.72,155.38,90717
2018-03-20 16:00:00,155.53,155.77,155.06,155.49,39536
2018-03-20 17:00:00,155.53,157.21,155.47,157.07,31783
2018-03-20 18:00:00,157.21,157.78,156.81,157.09,48492
2018-03-20 19:00:00,157.05,157.86,156.73,157.65,25762
2018-03-20 20:00:00,157.67,157.98,157.49,157.67,53047
2018-03-20 21:00:00,157.61,158.1,157.52,157.84,56647
2018-03-20 22:00:00,157.9,158.54,157.79,158.02,97339
2018-03-21 16:00:00,158.0,158.62,155.8,157.21,89746
2018-03-21 17:00:00,157.21,158.42,157.06,157.72,160776
2018-03-21 18:00:00,157.72,158.59,157.58,158.18,102952
2018-03-21 19:00:00,158.17,158.35,157.31,157.5,128498
2018-03-21 20:00:00,157.54,157.75,157.32,157.64,65838
2018-03-21 21:00:00,157.62,159.33,157.62,158.05,107535
2018-03-21 22:00:00,158.1,159.05,157.9,158.25,429615
2018-03-22 16:00:00,156.88,158.28,156.21,156.44,16745
2018-03-22 17:00:00,156.45,158.04,156.21,157.65,124363
2018-03-22 18:00:00,157.62,158.23,157.39,157.54,108697
2018-03-22 19:00:00,157.5,158.56,157.28,158.46,82716
2018-03-22 20:00:00,158.48,159.47,158.16,158.98,111336
2018-03-22 21:00:00,159.0,159.07,156.67,156.84,183598
2018-03-22 22:00:00,156.72,157.49,155.93,156.16,330822
2018-03-23 16:00:00,156.01,157.71,155.57,156.07,44861
2018-03-23 17:00:00,156.27,157.0,156.07,156.61,65860
2018-03-23 18:00:00,156.7,156.94,154.54,155.2,108146
2018-03-23 19:00:00,155.12,156.2,155.11,155.55,236800
2018-03-23 20:00:00,155.49,156.37,155.38,156.17,58945
2018-03-23 21:00:00,156.05,156.07,154.29,154.71,134103
2018-03-23 22:00:00,154.47,154.87,153.68,154.06,250739
2018-03-26 16:00:00,156.4,158.09,156.0,157.84,48476
2018-03-26 17:00:00,157.83,158.25,157.2,157.85,200003
2018-03-26 18:00:00,157.83,158.86,157.83,158.39,103134
2018-03-26 19:00:00,158.46,158.89,158.1,158.51,132640
2018-03-26 20:00:00,158.57,159.73,158.57,159.13,135056
2018-03-26 21:00:00,159.17,159.55,158.69,158.69,48602
2018-03-26 22:00:00,158.79,159.28,158.55,158.68,190884
2018-03-27 16:00:00,159.98,159.98,158.54,159.74,53393
2018-03-27 17:00:00,159.47,159.56,158.19,158.5,63039
2018-03-27 18:00:00,158.36,158.89,158.26,158.67,68093
2018-03-27 19:00:00,158.67,159.13,158.37,158.41,41731
2018-03-27 20:00:00,158.58,158.84,157.9,158.35,52431
2018-03-27 21:00:00,158.28,158.38,155.46,155.54,120865
2018-03-27 22:00:00,155.6,155.65,153.5,154.04,318668
2018-03-28 16:00:00,154.04,154.16,152.52,153.52,33952
2018-03-28 17:00:00,153.69,154.15,150.56,151.42,145861
2018-03-28 18:00:00,151.41,153.06,151.25,152.48,65488
2018-03-28 19:00:00,152.5,153.51,151.85,151.85,46349
2018-03-28 20:00:00,151.77,153.11,151.51,152.92,37833
2018-03-28 21:00:00,152.89,153.01,151.14,151.29,105847
2018-03-28 22:00:00,151.18,151.65,150.5,150.52,234017
2018-03-29 16:00:00,149.34,149.74,146.55,147.19,317795
2018-03-29 17:00:00,147.37,149.56,146.72,148.93,306590
2018-03-29 18:00:00,148.94,149.38,147.78,148.82,164452
2018-03-29 19:00:00,148.84,148.89,147.99,148.62,116254
2018-03-29 20:00:00,148.7,149.54,148.24,149.5,162432
2018-03-29 21:00:00,149.5,149.99,149.0,149.47,186198
2018-03-29 22:00:00,149.52,150.34,148.86,149.45,428066
2018-04-02 16:00:00,149.5,149.54,147.62,148.45,76883
2018-04-02 17:00:00,148.36,148.42,146.2,146.55,174796
2018-04-02 18:00:00,146.62,146.62,145.32,145.91,120133
2018-04-02 19:00:00,145.92,146.77,145.29,146.22,81150
2018-04-02 20:00:00,146.22,146.26,144.91,145.01,84979
2018-04-02 21:00:00,144.95,145.31,144.15,145.15,119780
2018-04-02 22:00:00,145.21,146.25,144.38,145.92,273737
2018-04-03 16:00:00,146.32,146.85,144.56,145.05,98229
2018-04-03 17:00:00,145.05,145.36,143.85,144.63,189203
2018-04-03 18:00:00,144.57,145.66,143.92,144.09,222646
2018-04-03 19:00:00,144.12,145.32,143.77,144.59,182694
2018-04-03 20:00:00,144.61,144.63,143.57,144.4,151433
2018-04-03 21:00:00,144.41,144.57,142.83,143.7,325936
2018-04-03 22:00:00,143.64,145.88,143.26,145.41,1133578
2018-04-04 16:00:00,144.25,145.39,144.05,145.2,133447
2018-04-04 17:00:00,145.24,146.92,144.84,146.85,273048
2018-04-04 18:00:00,146.88,147.42,146.07,146.69,118271
2018-04-04 19:00:00,146.63,147.27,146.4,147.06,86775
2018-04-04 20:00:00,147.08,147.21,145.51,145.79,102078
2018-04-04 21:00:00,145.95,147.41,145.93,147.37,137233
2018-04-04 22:00:00,147.37,148.16,146.4,146.8,633087
2018-04-05 16:00:00,147.73,147.91,146.76,147.71,69007
2018-04-05 17:00:00,147.75,147.95,146.77,147.39,87353
2018-04-05 18:00:00,147.37,147.89,146.93,147.64,75293
2018-04-05 19:00:00,147.6,147.68,146.62,146.91,56883
2018-04-05 20:00:00,147.02,147.53,146.52,147.05,87087
2018-04-05 21:00:00,147.03,147.39,146.69,147.24,69808
2018-04-05 22:00:00,147.28,147.31,146.28,146.51,252102
2018-04-06 16:00:00,145.13,146.57,144.96,146.33,50705
2018-04-06 17:00:00,146.43,147.16,146.03,146.16,118427
2018-04-06 18:00:00,146.08,146.12,144.86,145.63,78667
2018-04-06 19:00:00,145.62,145.73,144.77,145.61,67197
2018-04-06 20:00:00,145.47,146.21,144.29,144.29,153397
2018-04-06 21:00:00,144.21,144.27,143.13,143.29,104175
2018-04-06 22:00:00,143.34,144.64,143.06,143.97,213703
2018-04-09 16:00:00,145.11,146.65,145.01,146.47,48103
2018-04-09 17:00:00,146.46,147.33,146.01,147.33,106745
2018-04-09 18:00:00,147.35,148.43,147.06,148.41,103789
2018-04-09 19:00:00,148.42,148.8,148.35,148.44,71955
2018-04-09 20:00:00,148.43,148.68,147.95,148.48,64643
2018-04-09 21:00:00,148.48,148.48,147.75,148.42,68212
2018-04-09 22:00:00,148.41,148.48,146.14,146.58,193257
2018-04-10 16:00:00,148.66,148.69,147.16,147.35,62340
2018-04-10 17:00:00,147.33,148.87,146.76,148.74,84815
2018-04-10 18:00:00,148.8,149.45,148.55,149.18,74646
2018-04-10 19:00:00,149.18,149.19,148.0,148.63,82248
2018-04-10 20:00:00,148.63,148.82,148.08,148.73,55079
2018-04-10 21:00:00,148.76,149.01,148.09,148.65,69521
2018-04-10 22:00:00,148.63,149.12,148.43,149.04,225609
2018-04-11 16:00:00,147.95,149.0,147.75,148.94,41837
2018-04-11 17:00:00,148.94,148.97,147.77,147.78,108409
2018-04-11 18:00:00,147.74,149.22,147.34,149.13,94233
2018-04-11 19:00:00,149.16,149.45,148.42,148.56,60647
2018-04-11 20:00:00,148.55,148.74,148.12,148.54,52725
2018-04-11 21:00:00,148.5,148.92,147.98,148.43,93721
2018-04-11 22:00:00,148.43,148.58,147.94,148.23,174443
2018-04-12 16:00:00,149.25,150.19,148.89,150.06,34732
2018-04-12 17:00:00,150.19,150.19,149.55,149.95,43420
2018-04-12 18:00:00,150.05,150.55,149.97,150.22,46120
2018-04-12 19:00:00,150.27,150.65,149.97,150.47,55899
2018-04-12 20:00:00,150.46,150.52,149.89,149.97,66255
2018-04-12 21:00:00,149.91,150.3,149.71,150.02,48153
2018-04-12 22:00:00,150.11,150.26,149.21,149.31,210091
2018-04-13 16:00:00,150.42,150.69,149.61,149.87,41658
2018-04-13 17:00:00,149.92,150.09,148.18,148.18,135780
2018-04-13 18:00:00,148.0,148.69,147.62,148.3,83106
2018-04-13 19:00:00,148.29,148.56,147.62,148.28,62789
2018-04-13 20:00:00,148.29,148.48,148.0,148.23,57372
2018-04-13 21:00:00,148.25,148.41,147.39,147.51,71425
2018-04-13 22:00:00,147.52,147.83,146.83,147.61,198760
2018-04-16 16:00:00,149.01,149.89,148.48,149.89,41782
2018-04-16 17:00:00,149.88,150.25,149.29,149.66,44429
2018-04-16 18:00:00,149.71,150.12,149.28,149.81,43368
2018-04-16 19:00:00,149.79,150.22,149.66,149.99,28032
2018-04-16 20:00:00,150.04,150.2,149.53,149.54,40764
2018-04-16 21:00:00,149.59,149.77,149.29,149.77,74611
2018-04-16 22:00:00,149.79,150.08,149.12,149.21,168848
2018-04-17 16:00:00,150.28,150.52,149.94,150.05,24242
2018-04-17 17:00:00,150.08,150.37,149.94,150.33,54553
2018-04-17 18:00:00,150.32,150.63,149.91,150.01,38387
2018-04-17 19:00:00,150.09,150.57,149.92,150.19,51348
2018-04-17 20:00:00,150.16,150.52,149.87,150.42,30408
2018-04-17 21:00:00,150.38,150.45,149.83,150.28,38572
2018-04-17 22:00:00,150.25,150.9,150.12,150.13,102838
2018-04-18 16:00:00,150.52,150.52,149.95,150.2,10989
2018-04-18 17:00:00,150.1,150.78,149.63,150.65,30803
2018-04-18 18:00:00,150.75,151.24,150.57,150.57,23312
2018-04-18 19:00:00,150.67,151.15,150.64,151.15,18004
2018-04-18 20:00:00,151.24,151.24,150.05,150.27,61153
2018-04-18 21:00:00,150.19,150.72,150.17,150.55,52725
2018-04-18 22:00:00,150.53,150.99,150.13,150.4,146202
2018-04-19 16:00:00,150.18,150.83,149.89,150.59,25304
2018-04-19 17:00:00,150.59,150.75,149.81,150.13,44082
2018-04-19 18:00:00,150.25,150.68,149.93,150.3,25061
2018-04-19 19:00:00,150.31,150.66,150.01,150.61,50280
2018-04-19 20:00:00,150.56,150.66,150.13,150.25,28455
2018-04-19 21:00:00,150.3,150.35,149.79,150.25,36210
2018-04-19 22:00:00,150.22,150.64,149.89,150.01,132339
2018-04-20 16:00:00,150.13,150.57,149.38,149.53,47195
2018-04-20 17:00:00,149.56,150.08,149.29,149.59,37864
2018-04-20 18:00:00,149.55,149.86,148.62,149.32,54355
2018-04-20 19:00:00,149.23,149.59,149.04,149.55,48038
2018-04-20 20:00:00,149.52,150.26,149.43,149.96,34982
2018-04-20 21:00:00,149.92,150.01,149.19,149.33,43277
2018-04-20 22:00:00,149.23,149.63,148.79,149.6,72649
2018-04-23 16:00:00,150.07,150.44,149.64,150.21,18888
2018-04-23 17:00:00,150.37,150.55,149.35,149.9,43413
2018-04-23 18:00:00,149.8,150.63,149.74,150.51,37983
2018-04-23 19:00:00,150.48,150.61,149.91,150.12,29840
2018-04-23 20:00:00,150.1,150.46,149.99,150.42,40602
2018-04-23 21:00:00,150.45,150.46,149.83,149.96,68981
2018-04-23 22:00:00,149.98,150.13,149.89,150.01,117160
2018-04-24 16:00:00,150.48,151.41,150.45,150.66,26623
2018-04-24 17:00:00,150.68,151.05,149.49,150.04,32555
2018-04-24 18:00:00,150.11,150.77,149.98,150.34,23154
2018-04-24 19:00:00,150.29,150.36,149.26,149.32,41901
2018-04-24 20:00:00,149.21,149.63,148.07,148.19,33124
2018-04-24 21:00:00,148.17,148.17,147.16,147.52,50932
2018-04-24 22:00:00,147.59,148.13,147.32,147.71,104180
2018-04-25 16:00:00,147.83,148.2,146.45,147.43,38888
2018-04-25 17:00:00,147.39,148.38,147.0,147.95,63009
2018-04-25 18:00:00,148.05,148.77,147.52,148.34,87309
2018-04-25 19:00:00,148.31,148.56,147.94,148.22,56576
2018-04-25 20:00:00,148.31,148.61,147.41,148.56,40096
2018-04-25 21:00:00,148.64,149.35,148.18,149.35,52966
2018-04-25 22:00:00,149.33,149.36,148.76,149.21,118009
2018-04-26 16:00:00,149.92,149.92,147.52,148.53,41849
2018-04-26 17:00:00,148.54,149.58,148.19,149.58,55086
2018-04-26 18:00:00,149.63,150.03,149.27,150.03,43827
2018-04-26 19:00:00,150.0,150.26,149.55,149.78,27704
2018-04-26 20:00:00,149.84,150.05,149.37,149.99,39680
2018-04-26 21:00:00,149.93,150.09,149.66,149.91,38104
2018-04-26 22:00:00,149.96,150.25,149.56,149.6,114772
2018-04-27 16:00:00,149.54,150.72,149.33,149.92,43739
2018-04-27 17:00:00,149.96,150.23,148.59,148.64,79682
2018-04-27 18:00:00,148.62,149.09,148.6,149.09,42425
2018-04-27 19:00:00,149.04,149.53,148.93,149.49,36490
2018-04-27 20:00:00,149.53,149.87,149.42,149.75,27158
2018-04-27 21:00:00,149.74,150.09,149.54,150.05,54356
2018-04-27 22:00:00,150.06,150.34,149.95,150.2,103286
2018-04-30 16:00:00,150.47,151.8,150.47,151.65,34014
2018-04-30 17:00:00,151.64,152.61,151.49,152.5,67743
2018-04-30 18:00:00,152.5,153.09,151.63,151.73,199233
2018-04-30 19:00:00,151.74,151.85,151.3,151.46,68756
2018-04-30 20:00:00,151.55,152.06,151.51,151.74,29679
2018-04-30 21:00:00,151.73,151.85,151.05,151.05,57839
2018-04-30 22:00:00,151.09,151.09,149.72,149.82,173252
2018-05-01 16:00:00,149.63,150.34,149.31,150.19,40818
2018-05-01 17:00:00,150.07,150.64,149.66,150.26,71673
2018-05-01 18:00:00,150.22,150.45,149.71,149.94,65778
2018-05-01 19:00:00,149.92,150.47,149.91,149.95,31712
2018-05-01 20:00:00,149.95,150.55,149.63,150.54,38444
2018-05-01 21:00:00,150.54,151.16,150.5,151.1,42856
2018-05-01 22:00:00,151.16,151.33,150.4,150.65,124815
2018-05-02 16:00:00,150.32,151.56,150.08,150.62,74932
2018-05-02 17:00:00,150.7,151.25,150.49,151.25,110557
2018-05-02 18:00:00,151.17,151.53,150.62,150.82,62254
2018-05-02 19:00:00,150.82,151.64,150.63,151.57,112570
2018-05-02 20:00:00,151.59,152.15,151.36,151.75,89946
2018-05-02 21:00:00,151.74,152.39,151.66,151.87,99321
2018-05-02 22:00:00,151.91,152.0,150.33,150.48,197904
2018-05-03 16:00:00,146.01,148.2,144.02,146.29,212786
2018-05-03 17:00:00,146.49,146.91,144.87,145.33,184491
2018-05-03 18:00:00,145.4,145.49,144.18,144.61,158100
2018-05-03 19:00:00,144.61,147.65,144.5,147.61,119726
2018-05-03 20:00:00,147.54,149.48,146.64,149.02,82038
2018-05-03 21:00:00,148.85,148.85,147.35,148.38,107918
2018-05-03 22:00:00,148.4,149.28,148.15,149.18,182767
2018-05-04 16:00:00,148.2,148.8,147.43,148.77,29659
2018-05-04 17:00:00,148.85,150.76,148.46,150.76,61237
2018-05-04 18:00:00,150.74,151.92,150.71,150.96,55595
2018-05-04 19:00:00,151.0,151.41,150.52,151.16,60315
2018-05-04 20:00:00,151.19,152.4,151.14,152.4,65349
2018-05-04 21:00:00,152.4,152.63,151.93,151.97,48820
2018-05-04 22:00:00,152.0,152.25,151.81,152.03,89991
2018-05-07 16:00:00,152.8,155.01,151.65,154.89,40571
2018-05-07 17:00:00,154.9,155.25,154.17,155.25,73944
2018-05-07 18:00:00,155.23,155.5,154.83,155.16,54171
2018-05-07 19:00:00,155.18,155.44,154.96,155.11,32690
2018-05-07 20:00:00,155.12,155.79,154.88,155.47,41678
2018-05-07 21:00:00,155.45,155.47,154.48,154.55,70009
2018-05-07 22:00:00,154.56,155.09,154.22,154.95,127583
2018-05-08 16:00:00,153.66,155.02,153.51,154.8,66917
2018-05-08 17:00:00,154.71,155.28,154.28,154.88,63884
2018-05-08 18:00:00,154.87,155.64,154.57,154.85,77012
2018-05-08 19:00:00,154.9,155.0,154.22,154.53,53889
2018-05-08 20:00:00,154.49,155.05,154.35,154.35,54468
2018-05-08 21:00:00,154.4,154.89,154.04,154.67,57992
2018-05-08 22:00:00,154.72,155.36,154.56,155.31,108864
2018-05-09 16:00:00,155.64,156.0,155.34,155.57,25456
2018-05-09 17:00:00,155.5,156.34,155.44,155.75,43729
2018-05-09 18:00:00,155.73,156.04,155.11,155.71,37238
2018-05-09 19:00:00,155.71,156.23,155.26,156.05,34438
2018-05-09 20:00:00,156.07,157.09,156.07,156.89,27297
2018-05-09 21:00:00,156.92,157.07,156.56,156.74,28202
2018-05-09 22:00:00,156.68,156.77,156.25,156.64,74393
2018-05-10 16:00:00,157.46,157.7,156.01,157.48,17861
2018-05-10 17:00:00,157.37,158.47,157.26,158.46,40617
2018-05-10 18:00:00,158.41,159.55,158.41,158.83,46337
2018-05-10 19:00:00,158.9,159.27,158.68,158.72,21978
2018-05-10 20:00:00,158.84,159.12,158.34,158.58,26539
2018-05-10 21:00:00,158.6,159.51,158.51,159.34,66297
2018-05-10 22:00:00,159.37,159.96,159.0,159.85,166572
2018-05-11 16:00:00,160.0,161.25,159.67,160.57,44095
2018-05-11 17:00:00,160.48,161.45,160.35,161.24,90110
2018-05-11 18:00:00,161.19,161.19,160.56,160.67,62689
2018-05-11 19:00:00,160.63,161.02,160.48,160.72,48023
2018-05-11 20:00:00,160.75,161.29,160.64,161.1,72502
2018-05-11 21:00:00,161.15,161.19,160.53,160.8,57136
2018-05-11 22:00:00,160.84,161.38,160.84,160.95,157417
2018-05-14 16:00:00,161.2,162.29,159.54,159.59,26483
2018-05-14 17:00:00,159.61,160.65,159.22,160.57,77426
2018-05-14 18:00:00,160.56,160.83,160.28,160.61,53569
2018-05-14 19:00:00,160.7,160.92,160.05,160.05,38664
2018-05-14 20:00:00,160.01,160.25,159.41,160.21,71442
2018-05-14 21:00:00,160.18,160.55,159.52,160.41,66618
2018-05-14 22:00:00,160.4,160.71,160.23,160.44,133485
2018-05-15 16:00:00,159.29,160.57,158.32,158.98,46729
2018-05-15 17:00:00,158.84,159.45,158.67,159.29,63799
2018-05-15 18:00:00,159.34,159.72,159.17,159.24,39342
2018-05-15 19:00:00,159.27,159.43,159.04,159.04,45328
2018-05-15 20:00:00,159.06,159.19,158.16,158.23,115325
2018-05-15 21:00:00,158.26,158.84,158.06,158.54,41609
2018-05-15 22:00:00,158.61,158.81,158.04,158.71,87975
2018-05-16 16:00:00,158.6,158.96,158.09,158.73,14517
2018-05-16 17:00:00,158.74,158.77,158.15,158.59,37979
2018-05-16 18:00:00,158.51,158.74,157.94,158.5,35978
2018-05-16 19:00:00,158.57,159.74,158.57,159.7,41618
2018-05-16 20:00:00,159.73,159.75,158.91,159.01,25339
2018-05-16 21:00:00,158.92,159.06,158.57,158.7,35440
2018-05-16 22:00:00,158.63,158.7,158.28,158.35,87407
2018-05-17 16:00:00,158.22,158.22,157.17,157.17,20879
2018-05-17 17:00:00,157.12,157.84,157.12,157.72,47347
2018-05-17 18:00:00,157.75,158.04,157.54,157.66,22674
2018-05-17 19:00:00,157.73,157.82,157.27,157.33,23614
2018-05-17 20:00:00,157.28,157.32,156.39,156.44,35605
2018-05-17 21:00:00,156.45,156.91,156.01,156.77,63302
2018-05-17 22:00:00,156.8,156.98,156.55,156.76,82781
2018-05-18 16:00:00,156.72,157.42,156.21,156.98,22440
2018-05-18 17:00:00,157.05,157.17,156.32,156.81,48385
2018-05-18 18:00:00,156.81,157.28,156.77,156.88,26389
2018-05-18 19:00:00,156.8,156.81,155.91,156.14,54976
2018-05-18 20:00:00,156.19,156.3,155.83,156.02,27737
2018-05-18 21:00:00,155.98,156.63,155.68,156.57,93576
2018-05-18 22:00:00,156.66,156.73,155.96,156.19,242285
2018-05-21 16:00:00,156.82,158.23,156.82,157.49,19675
2018-05-21 17:00:00,157.47,158.31,157.4,158.31,32989
2018-05-21 18:00:00,158.27,158.34,157.58,158.11,26325
2018-05-21 19:00:00,158.1,158.21,157.82,157.85,27332
2018-05-21 20:00:00,157.81,158.25,157.81,158.25,15222
2018-05-21 21:00:00,158.15,158.32,157.92,158.2,12884
2018-05-21 22:00:00,158.19,158.32,157.9,157.99,78623
2018-05-22 16:00:00,158.26,158.68,157.79,158.05,16935
2018-05-22 17:00:00,157.98,158.03,156.53,156.96,45911
2018-05-22 18:00:00,156.96,157.46,156.95,157.46,21428
2018-05-22 19:00:00,157.46,157.83,157.4,157.83,22425
2018-05-22 20:00:00,157.8,157.9,157.34,157.46,38091
2018-05-22 21:00:00,157.46,157.55,157.19,157.23,48678
2018-05-22 22:00:00,157.21,157.32,156.5,156.55,108526
2018-05-23 16:00:00,155.97,157.03,155.97,156.67,18279
2018-05-23 17:00:00,156.43,156.69,155.88,156.24,47075
2018-05-23 18:00:00,156.24,156.95,156.17,156.54,30768
2018-05-23 19:00:00,156.6,157.27,156.44,157.27,32900
2018-05-23 20:00:00,157.3,157.35,156.88,157.12,30685
2018-05-23 21:00:00,157.17,157.97,157.04,157.88,32257
2018-05-23 22:00:00,157.95,158.36,157.88,158.32,108357
2018-05-24 16:00:00,158.11,159.08,157.26,158.0,42243
2018-05-24 17:00:00,157.98,158.57,157.75,157.77,41932
2018-05-24 18:00:00,157.73,158.32,157.32,158.32,29025
2018-05-24 19:00:00,158.3,158.62,158.24,158.48,19684
2018-05-24 20:00:00,158.64,159.1,158.62,158.94,25507
2018-05-24 21:00:00,158.9,159.35,158.68,159.11,38066
2018-05-24 22:00:00,159.04,159.3,158.93,159.12,85728
2018-05-25 16:00:00,159.04,159.47,158.53,159.47,26443
2018-05-25 17:00:00,159.37,159.94,159.11,159.55,54890
2018-05-25 18:00:00,159.54,159.68,159.4,159.63,39233
2018-05-25 19:00:00,159.63,159.63,158.66,159.04,35387
2018-05-25 20:00:00,159.03,159.22,158.86,159.07,27703
2018-05-25 21:00:00,159.01,159.26,158.86,159.12,28390
2018-05-25 22:00:00,159.11,159.53,159.08,159.32,62003
2018-05-29 16:00:00,159.73,159.93,157.86,158.25,92893
2018-05-29 17:00:00,158.28,159.03,158.11,158.56,73706
2018-05-29 18:00:00,158.52,158.81,157.89,157.91,59329
2018-05-29 19:00:00,157.89,158.2,157.32,158.14,72242
2018-05-29 20:00:00,158.13,158.3,157.58,158.15,67827
2018-05-29 21:00:00,158.11,158.54,157.9,157.94,96379
2018-05-29 22:00:00,157.87,159.0,157.86,158.87,150778
2018-05-30 16:00:00,159.76,160.43,159.4,159.7,27384
2018-05-30 17:00:00,159.75,160.36,159.16,160.12,25148
2018-05-30 18:00:00,160.26,161.47,160.26,161.4,30961
2018-05-30 19:00:00,161.4,161.92,161.4,161.89,25860
2018-05-30 20:00:00,161.89,162.28,161.8,162.09,22705
2018-05-30 21:00:00,162.13,162.13,161.79,161.8,26419
2018-05-30 22:00:00,161.79,162.07,161.72,162.0,92859
2018-05-31 16:00:00,162.68,163.07,161.31,162.62,53691
2018-05-31 17:00:00,162.21,163.09,162.11,163.06,53055
2018-05-31 18:00:00,162.92,164.11,162.92,163.52,54577
2018-05-31 19:00:00,163.5,163.57,163.03,163.2,33969
2018-05-31 20:00:00,163.22,163.26,162.61,162.65,52095
2018-05-31 21:00:00,162.6,163.03,162.08,162.35,58262
2018-05-31 22:00:00,162.27,162.92,162.26,162.56,198883
2018-06-01 16:00:00,162.58,163.03,162.11,162.37,46331
2018-06-01 17:00:00,162.28,163.34,162.21,163.08,122455
2018-06-01 18:00:00,163.08,163.74,162.9,163.57,80211
2018-06-01 19:00:00,163.5,164.07,163.5,164.02,42384
2018-06-01 20:00:00,164.07,164.39,163.87,164.0,44102
2018-06-01 21:00:00,164.01,164.1,163.73,163.81,68716
2018-06-01 22:00:00,163.75,163.93,163.34,163.41,118467
2018-06-04 16:00:00,164.29,164.3,163.76,163.98,21330
2018-06-04 17:00:00,164.04,164.12,162.68,162.81,30620
2018-06-04 18:00:00,162.77,163.32,162.62,163.32,31728
2018-06-04 19:00:00,163.28,163.84,163.25,163.66,19934
2018-06-04 20:00:00,163.71,164.03,162.95,163.13,40884
2018-06-04 21:00:00,163.14,163.24,162.83,163.1,32157
2018-06-04 22:00:00,163.08,163.67,163.08,163.48,76293
2018-06-05 16:00:00,163.6,165.04,163.41,164.9,43815
2018-06-05 17:00:00,164.88,165.12,164.37,164.37,74765
2018-06-05 18:00:00,164.33,164.45,163.32,163.64,47242
2018-06-05 19:00:00,163.59,163.96,163.07,163.35,51129
2018-06-05 20:00:00,163.35,163.66,163.23,163.48,30898
2018-06-05 21:00:00,163.48,163.62,163.08,163.42,34126
2018-06-05 22:00:00,163.45,163.8,163.13,163.75,112459
2018-06-06 16:00:00,164.0,164.52,163.74,163.91,26835
2018-06-06 17:00:00,163.95,165.2,163.91,165.2,37512
2018-06-06 18:00:00,165.26,165.97,165.26,165.37,34412
2018-06-06 19:00:00,165.38,165.47,165.1,165.12,28390
2018-06-06 20:00:00,165.07,165.37,164.98,165.13,32710
2018-06-06 21:00:00,165.12,165.77,165.11,165.51,42617
2018-06-06 22:00:00,165.48,165.52,165.22,165.45,87242
2018-06-07 16:00:00,166.02,166.95,165.84,166.1,32646
2018-06-07 17:00:00,166.1,167.09,165.8,166.07,101877
2018-06-07 18:00:00,166.04,166.15,165.3,165.7,44794
2018-06-07 19:00:00,165.7,165.81,165.33,165.37,27432
2018-06-07 20:00:00,165.4,165.5,164.76,164.89,23809
2018-06-07 21:00:00,164.87,165.43,164.87,165.1,40812
2018-06-07 22:00:00,165.14,165.8,165.09,165.22,95764
2018-06-08 16:00:00,165.27,166.53,164.82,166.52,19453
2018-06-08 17:00:00,166.56,166.63,165.1,165.17,14694
2018-06-08 18:00:00,165.11,165.37,164.68,165.28,21151
2018-06-08 19:00:00,165.26,165.5,165.09,165.5,21625
2018-06-08 20:00:00,165.58,165.61,165.22,165.47,14884
2018-06-08 21:00:00,165.51,165.84,165.45,165.84,20198
2018-06-08 22:00:00,165.85,166.34,165.6,166.28,70336
2018-06-11 16:00:00,166.22,166.88,166.22,166.76,17536
2018-06-11 17:00:00,166.81,167.23,166.29,166.52,42500
2018-06-11 18:00:00,166.44,166.93,166.42,166.9,22640
2018-06-11 19:00:00,166.9,167.19,166.83,167.06,15550
2018-06-11 20:00:00,166.99,167.1,166.77,167.0,19023
2018-06-11 21:00:00,166.98,167.03,166.49,166.61,20441
2018-06-11 22:00:00,166.64,166.84,166.49,166.52,52234
2018-06-12 16:00:00,166.9,168.18,166.9,167.87,23038
2018-06-12 17:00:00,167.91,168.3,167.0,167.26,28771
2018-06-12 18:00:00,167.26,168.13,167.19,167.95,90609
2018-06-12 19:00:00,167.98,168.08,167.77,167.98,22184
2018-06-12 20:00:00,168.03,168.85,167.96,168.85,20137
2018-06-12 21:00:00,168.85,168.94,168.51,168.74,41042
2018-06-12 22:00:00,168.76,169.82,168.73,169.73,116738
2018-06-13 16:00:00,170.34,173.67,169.64,170.88,56998
2018-06-13 17:00:00,170.84,170.84,170.21,170.58,37575
2018-06-13 18:00:00,170.51,171.24,170.28,171.22,34027
2018-06-13 19:00:00,171.14,171.99,171.06,171.99,44705
2018-06-13 20:00:00,171.93,172.74,171.89,172.58,66616
2018-06-13 21:00:00,172.54,172.62,171.72,172.27,85866
2018-06-13 22:00:00,172.27,172.5,171.96,172.21,214727
2018-06-14 16:00:00,172.94,174.14,172.27,173.49,65719
2018-06-14 17:00:00,173.44,173.82,171.54,171.54,80930
2018-06-14 18:00:00,171.45,171.94,171.12,171.79,37337
2018-06-14 19:00:00,171.75,171.86,171.37,171.68,29466
2018-06-14 20:00:00,171.71,173.17,171.66,173.12,34301
2018-06-14 21:00:00,173.08,173.28,172.85,172.98,51172
2018-06-14 22:00:00,173.04,173.04,172.3,172.35,79795
2018-06-15 16:00:00,171.74,172.43,170.97,171.64,116165
2018-06-15 17:00:00,171.66,171.76,171.08,171.58,20921
2018-06-15 18:00:00,171.57,171.77,171.22,171.64,27831
2018-06-15 19:00:00,171.65,172.27,171.54,172.19,14232
2018-06-15 20:00:00,172.24,172.45,172.0,172.07,12895
2018-06-15 21:00:00,172.08,172.78,171.97,172.41,14410
2018-06-15 22:00:00,172.37,172.91,172.19,172.75,100134
2018-06-18 16:00:00,171.92,171.92,170.14,170.7,33007
2018-06-18 17:00:00,170.65,171.63,170.57,170.99,51224
2018-06-18 18:00:00,171.11,171.7,170.78,171.24,52817
2018-06-18 19:00:00,171.2,171.2,170.72,170.95,83203
2018-06-18 20:00:00,171.0,171.46,170.97,171.31,22193
2018-06-18 21:00:00,171.31,171.63,171.18,171.2,23794
2018-06-18 22:00:00,171.19,171.86,170.83,171.65,137301
2018-06-19 16:00:00,170.52,171.17,170.0,170.48,14437
2018-06-19 17:00:00,170.37,170.44,169.55,170.3,43378
2018-06-19 18:00:00,170.29,171.08,170.29,170.61,17139
2018-06-19 19:00:00,170.51,170.99,170.44,170.95,16757
2018-06-19 20:00:00,170.96,171.12,170.61,170.97,27309
2018-06-19 21:00:00,170.98,171.37,170.92,171.21,25193
2018-06-19 22:00:00,171.24,171.8,171.01,171.76,85267
2018-06-20 16:00:00,172.64,173.38,172.28,173.25,83869
2018-06-20 17:00:00,173.25,173.66,172.23,172.35,44513
2018-06-20 18:00:00,172.45,172.6,172.13,172.29,24271
2018-06-20 19:00:00,172.35,172.96,172.34,172.55,49703
2018-06-20 20:00:00,172.5,172.63,172.1,172.35,20733
2018-06-20 21:00:00,172.26,172.5,171.93,172.23,48391
2018-06-20 22:00:00,172.22,172.41,171.59,171.73,81254
2018-06-21 16:00:00,172.32,172.64,171.85,172.12,24017
2018-06-21 17:00:00,172.17,172.2,169.92,170.36,43019
2018-06-21 18:00:00,170.35,171.6,170.14,171.16,22076
2018-06-21 19:00:00,171.19,171.19,170.33,170.67,44228
2018-06-21 20:00:00,170.58,171.08,169.6,170.71,176761
2018-06-21 21:00:00,170.9,171.69,170.82,170.82,29273
2018-06-21 22:00:00,170.93,171.14,170.23,170.76,97852
2018-06-22 16:00:00,171.53,171.64,170.24,170.57,22267
2018-06-22 17:00:00,170.55,170.86,169.75,170.11,17037
2018-06-22 18:00:00,170.18,170.5,169.97,170.34,42734
2018-06-22 19:00:00,170.2,170.55,169.93,170.34,24976
2018-06-22 20:00:00,170.42,170.96,170.24,170.91,38665
2018-06-22 21:00:00,170.91,171.17,170.76,171.1,34229
2018-06-22 22:00:00,171.1,171.41,170.44,170.63,128120
2018-06-25 16:00:00,171.11,171.41,169.11,169.54,82957
2018-06-25 17:00:00,169.37,169.77,168.44,168.87,47923
2018-06-25 18:00:00,168.94,168.99,167.62,167.86,82817
2018-06-25 19:00:00,167.89,168.04,166.72,168.01,87812
2018-06-25 20:00:00,167.99,168.8,167.6,168.46,26838
2018-06-25 21:00:00,168.46,168.69,167.59,167.85,32494
2018-06-25 22:00:00,167.92,168.75,167.53,168.53,120392
2018-06-26 16:00:00,168.39,168.94,167.3,168.01,43626
2018-06-26 17:00:00,168.07,168.49,167.65,167.8,46195
2018-06-26 18:00:00,167.77,168.2,167.14,167.37,45851
2018-06-26 19:00:00,167.44,167.87,167.2,167.79,40574
2018-06-26 20:00:00,167.6,167.98,166.78,167.07,41975
2018-06-26 21:00:00,167.2,167.24,166.77,166.99,43693
2018-06-26 22:00:00,166.98,167.12,166.31,166.33,97274
2018-06-27 16:00:00,166.61,166.82,166.05,166.38,37169
2018-06-27 17:00:00,166.38,166.51,165.92,165.93,115793
2018-06-27 18:00:00,165.95,166.38,165.19,166.29,70167
2018-06-27 19:00:00,166.31,167.05,166.21,166.21,29377
2018-06-27 20:00:00,166.21,166.21,164.62,164.66,33813
2018-06-27 21:00:00,164.7,165.03,164.1,164.49,42501
2018-06-27 22:00:00,164.56,164.63,163.54,163.55,126194
2018-06-28 16:00:00,163.37,164.54,162.59,163.39,44637
2018-06-28 17:00:00,163.35,163.96,162.52,163.16,52572
2018-06-28 18:00:00,163.23,164.13,162.97,163.68,53123
2018-06-28 19:00:00,163.79,163.91,163.0,163.6,55948
2018-06-28 20:00:00,163.66,164.36,163.52,164.1,46349
2018-06-28 21:00:00,164.11,164.84,164.02,164.84,37975
2018-06-28 22:00:00,164.88,165.19,164.48,164.64,76620
2018-06-29 16:00:00,165.42,166.55,164.94,165.63,25545
2018-06-29 17:00:00,165.53,166.94,165.44,166.86,33276
2018-06-29 18:00:00,166.81,166.89,165.97,166.22,26080
2018-06-29 19:00:00,166.28,166.61,165.94,165.94,23424
2018-06-29 20:00:00,165.99,166.46,165.9,166.46,20960
2018-06-29 21:00:00,166.44,167.02,166.27,166.98,29103
2018-06-29 22:00:00,166.95,167.07,165.3,165.54,184964
2018-07-02 16:00:00,164.9,165.0,163.76,164.47,24132
2018-07-02 17:00:00,164.59,165.62,164.59,165.62,110938
2018-07-02 18:00:00,165.63,165.81,165.07,165.42,43382
2018-07-02 19:00:00,165.42,165.79,165.03,165.76,21527
2018-07-02 20:00:00,165.92,166.28,165.54,166.17,35499
2018-07-02 21:00:00,166.15,166.34,165.9,166.1,41445
2018-07-02 22:00:00,166.07,167.17,165.9,167.11,114654
2018-07-03 16:00:00,167.98,168.47,166.92,167.51,59804
2018-07-03 17:00:00,167.55,167.98,167.18,167.18,69841
2018-07-03 18:00:00,167.1,167.24,166.24,166.57,28764
2018-07-03 19:00:00,166.56,166.69,165.46,165.84,53507
2018-07-03 20:00:00,165.73,165.73,165.73,165.73,30930
2018-07-05 16:00:00,165.99,167.15,165.07,165.07,40297
2018-07-05 17:00:00,165.04,165.61,164.63,164.91,23137
2018-07-05 18:00:00,164.86,165.49,164.8,165.47,25446
2018-07-05 19:00:00,165.43,165.68,164.38,164.47,30048
2018-07-05 20:00:00,164.54,164.76,164.33,164.67,21608
2018-07-05 21:00:00,164.73,164.98,164.22,164.59,21723
2018-07-05 22:00:00,164.59,165.12,164.51,164.93,81397
2018-07-06 16:00:00,164.73,165.77,164.73,165.44,19981
2018-07-06 17:00:00,165.49,166.1,164.84,166.0,42883
2018-07-06 18:00:00,166.05,166.77,166.02,166.35,21154
2018-07-06 19:00:00,166.41,166.94,166.35,166.44,24399
2018-07-06 20:00:00,166.49,166.58,165.81,165.95,25586
2018-07-06 21:00:00,166.01,167.09,165.99,167.09,81292
2018-07-06 22:00:00,167.03,167.16,166.43,166.62,97185
2018-07-09 16:00:00,167.41,168.53,167.41,168.52,30718
2018-07-09 17:00:00,168.54,169.39,168.53,169.11,37018
2018-07-09 18:00:00,169.18,169.22,168.09,168.25,118953
2018-07-09 19:00:00,168.28,168.29,167.57,167.61,19838
2018-07-09 20:00:00,167.63,168.2,167.44,167.97,35083
2018-07-09 21:00:00,167.93,168.78,167.91,168.31,21719
2018-07-09 22:00:00,168.4,168.67,168.11,168.65,70951
2018-07-10 16:00:00,168.95,170.26,168.95,169.52,32014
2018-07-10 17:00:00,169.61,169.63,168.9,169.47,45353
2018-07-10 18:00:00,169.46,169.78,168.8,169.07,61932
2018-07-10 19:00:00,169.07,169.11,168.36,168.47,20858
2018-07-10 20:00:00,168.49,168.69,168.09,168.35,18799
2018-07-10 21:00:00,168.39,168.63,168.3,168.63,24978
2018-07-10 22:00:00,168.66,168.99,168.55,168.7,54811
2018-07-11 16:00:00,167.99,169.1,167.99,169.03,24025
2018-07-11 17:00:00,168.99,169.32,168.65,168.74,47463
2018-07-11 18:00:00,168.93,169.67,168.78,169.08,40514
2018-07-11 19:00:00,169.03,169.19,168.71,168.9,27384
2018-07-11 20:00:00,168.89,169.07,168.45,168.59,42040
2018-07-11 21:00:00,168.6,169.11,168.22,168.96,38608
2018-07-11 22:00:00,168.94,169.54,168.91,169.22,89212
2018-07-12 16:00:00,170.21,170.38,169.51,169.69,27022
2018-07-12 17:00:00,169.62,169.92,168.84,169.0,94835
2018-07-12 18:00:00,169.06,169.85,168.86,169.77,75944
2018-07-12 19:00:00,169.79,169.87,169.4,169.69,32860
2018-07-12 20:00:00,169.67,170.24,169.54,169.64,48783
2018-07-12 21:00:00,169.64,169.89,169.42,169.42,31754
2018-07-12 22:00:00,169.44,169.56,169.01,169.23,77172
2018-07-13 16:00:00,169.1,169.28,167.57,168.24,17712
2018-07-13 17:00:00,168.42,168.73,167.87,168.24,41133
2018-07-13 18:00:00,168.3,169.0,168.25,168.25,31213
2018-07-13 19:00:00,168.24,168.76,168.21,168.75,31702
2018-07-13 20:00:00,168.77,168.87,168.28,168.76,26655
2018-07-13 21:00:00,168.81,169.2,168.57,169.14,25635
2018-07-13 22:00:00,169.17,169.76,169.12,169.56,75477
2018-07-16 16:00:00,169.56,170.45,168.9,170.41,18818
2018-07-16 17:00:00,170.58,171.37,170.51,170.89,23987
2018-07-16 18:00:00,170.85,171.41,170.6,171.3,22245
2018-07-16 19:00:00,171.22,171.37,170.81,171.18,18749
2018-07-16 20:00:00,171.13,171.37,170.64,170.92,31682
2018-07-16 21:00:00,170.9,171.04,170.42,170.64,39400
2018-07-16 22:00:00,170.61,170.8,170.36,170.53,60173
2018-07-17 16:00:00,170.21,170.92,170.21,170.55,13816
2018-07-17 17:00:00,170.53,170.76,169.98,170.09,22023
2018-07-17 18:00:00,170.08,171.08,169.86,170.97,25332
2018-07-17 19:00:00,171.0,171.76,171.0,171.71,9015
2018-07-17 20:00:00,171.66,171.75,171.12,171.16,11510
2018-07-17 21:00:00,170.99,171.33,170.85,171.02,12858
2018-07-17 22:00:00,170.98,171.47,170.74,170.75,83736
2018-07-18 16:00:00,170.96,171.99,170.5,171.57,34599
2018-07-18 17:00:00,171.52,172.26,171.29,171.71,47213
2018-07-18 18:00:00,171.66,171.9,171.34,171.48,21567
2018-07-18 19:00:00,171.53,171.59,171.27,171.27,31571
2018-07-18 20:00:00,171.29,171.48,171.13,171.29,23175
2018-07-18 21:00:00,171.31,171.76,171.28,171.61,16397
2018-07-18 22:00:00,171.64,171.86,171.47,171.52,79718
2018-07-19 16:00:00,170.69,171.21,169.71,169.99,16259
2018-07-19 17:00:00,170.07,170.43,169.6,169.69,23156
2018-07-19 18:00:00,169.8,170.74,169.8,170.64,25916
2018-07-19 19:00:00,170.67,170.74,170.08,170.31,41798
2018-07-19 20:00:00,170.34,170.92,170.24,170.92,21256
2018-07-19 21:00:00,170.91,170.91,170.42,170.63,20325
2018-07-19 22:00:00,170.62,170.86,170.45,170.66,54958
2018-07-20 16:00:00,170.52,172.05,170.52,171.67,81138
2018-07-20 17:00:00,171.68,171.68,170.77,170.89,55780
2018-07-20 18:00:00,170.92,171.23,170.67,170.93,39883
2018-07-20 19:00:00,171.04,171.26,170.96,171.06,20087
2018-07-20 20:00:00,171.06,171.12,170.84,170.97,35134
2018-07-20 21:00:00,170.91,171.04,170.5,170.68,20039
2018-07-20 22:00:00,170.68,171.06,170.58,171.04,57384
2018-07-23 16:00:00,171.16,171.93,170.62,171.43,52086
2018-07-23 17:00:00,171.37,172.16,171.32,171.91,21335
2018-07-23 18:00:00,171.9,172.09,171.61,172.09,19399
2018-07-23 19:00:00,172.01,172.41,171.89,172.05,41221
2018-07-23 20:00:00,172.03,172.45,171.97,172.42,33623
2018-07-23 21:00:00,172.46,172.89,172.37,172.67,40272
2018-07-23 22:00:00,172.68,173.33,172.62,173.29,88505
2018-07-24 16:00:00,173.4,174.22,172.8,174.18,43594
2018-07-24 17:00:00,174.1,175.13,173.55,173.87,129258
2018-07-24 18:00:00,173.83,173.91,173.05,173.18,86699
2018-07-24 19:00:00,173.09,173.23,171.92,171.96,32256
2018-07-24 20:00:00,171.99,172.36,171.57,171.98,32823
2018-07-24 21:00:00,172.04,172.43,171.83,172.4,44525
2018-07-24 22:00:00,172.43,172.66,172.01,172.53,123074
2018-07-25 16:00:00,173.0,174.58,173.0,173.46,21832
2018-07-25 17:00:00,173.56,174.01,173.48,174.0,23166
2018-07-25 18:00:00,174.08,174.7,173.87,174.67,37248
2018-07-25 19:00:00,174.69,175.84,174.67,175.53,37818
2018-07-25 20:00:00,175.54,176.02,175.33,175.73,44946
2018-07-25 21:00:00,175.76,176.31,175.65,175.68,61221
2018-07-25 22:00:00,175.62,176.33,175.4,176.18,146355
2018-07-26 16:00:00,176.3,176.88,174.77,174.77,40120
2018-07-26 17:00:00,174.82,175.2,173.97,174.55,40540
2018-07-26 18:00:00,174.53,175.0,174.44,174.74,46149
2018-07-26 19:00:00,174.75,174.78,173.86,174.13,23177
2018-07-26 20:00:00,174.21,174.84,174.1,174.1,60694
2018-07-26 21:00:00,174.11,174.29,173.54,173.54,38710
2018-07-26 22:00:00,173.57,174.05,173.28,173.78,81254
2018-07-27 16:00:00,173.99,173.99,172.92,172.92,30349
2018-07-27 17:00:00,173.21,173.49,172.66,172.94,25431
2018-07-27 18:00:00,172.92,172.95,172.48,172.48,42192
2018-07-27 19:00:00,172.48,172.53,171.28,171.3,26215
2018-07-27 20:00:00,171.24,172.19,171.01,172.12,26042
2018-07-27 21:00:00,172.36,172.36,171.29,171.29,32736
2018-07-27 22:00:00,171.35,171.73,171.0,171.62,79230
2018-07-30 16:00:00,171.75,173.26,170.35,170.41,51325
2018-07-30 17:00:00,170.46,171.62,170.31,170.36,63659
2018-07-30 18:00:00,170.13,170.42,169.56,169.56,40030
2018-07-30 19:00:00,169.35,169.42,168.05,168.41,41385
2018-07-30 20:00:00,168.45,168.79,168.15,168.29,30995
2018-07-30 21:00:00,168.31,168.48,168.06,168.17,34121
2018-07-30 22:00:00,168.23,168.27,167.2,167.51,80267
2018-07-31 16:00:00,167.88,168.33,165.01,165.01,37609
2018-07-31 17:00:00,165.02,165.23,163.87,164.68,134616
2018-07-31 18:00:00,164.77,165.73,164.65,165.39,51340
2018-07-31 19:00:00,165.44,166.0,165.25,165.52,39448
2018-07-31 20:00:00,165.52,166.42,165.52,166.16,43230
2018-07-31 21:00:00,166.15,166.66,165.63,166.41,50674
2018-07-31 22:00:00,166.41,166.41,165.89,166.13,73835
2018-08-01 16:00:00,166.25,167.71,166.25,167.26,25398
2018-08-01 17:00:00,167.04,168.83,166.72,168.64,27840
2018-08-01 18:00:00,168.53,168.53,166.11,166.63,59001
2018-08-01 19:00:00,166.65,166.78,162.89,163.48,192875
2018-08-01 20:00:00,163.7,164.52,163.42,163.79,92683
2018-08-01 21:00:00,163.64,164.27,163.07,163.2,142298
2018-08-01 22:00:00,163.25,164.09,162.81,163.0,261856
2018-08-02 16:00:00,164.0,169.55,163.03,167.26,141108
2018-08-02 17:00:00,167.5,168.88,167.06,168.04,115378
2018-08-02 18:00:00,168.05,168.59,167.34,167.43,77880
2018-08-02 19:00:00,167.36,168.5,167.14,168.34,79303
2018-08-02 20:00:00,168.4,169.58,168.05,169.42,71866
2018-08-02 21:00:00,169.53,170.82,169.22,170.16,93205
2018-08-02 22:00:00,170.14,171.7,169.88,170.29,345228
2018-08-03 16:00:00,171.68,171.7,165.81,165.81,69077
2018-08-03 17:00:00,166.04,166.34,164.76,165.45,81327
2018-08-03 18:00:00,165.45,166.68,165.23,166.46,75126
2018-08-03 19:00:00,166.49,166.6,165.59,165.59,40473
2018-08-03 20:00:00,165.63,165.75,164.94,165.19,72808
2018-08-03 21:00:00,165.19,165.29,164.61,165.22,66933
2018-08-03 22:00:00,165.23,166.92,165.2,166.82,134411
2018-08-06 16:00:00,166.93,168.47,166.05,167.51,18318
2018-08-06 17:00:00,167.42,167.93,166.85,167.57,41231
2018-08-06 18:00:00,167.56,169.39,167.56,169.33,109383
2018-08-06 19:00:00,169.34,169.93,169.01,169.2,91054
2018-08-06 20:00:00,169.25,170.5,169.19,169.72,109866
2018-08-06 21:00:00,169.69,170.48,169.63,170.19,117097
2018-08-06 22:00:00,170.25,170.8,170.01,170.17,122068
2018-08-07 16:00:00,171.58,172.22,170.32,171.4,48704
2018-08-07 17:00:00,171.58,172.49,171.39,172.33,33192
2018-08-07 18:00:00,172.25,173.04,172.04,172.75,35904
2018-08-07 19:00:00,172.84,173.7,172.61,173.25,31111
2018-08-07 20:00:00,173.34,173.38,172.89,173.24,22696
2018-08-07 21:00:00,173.28,173.32,172.96,173.16,15002
2018-08-07 22:00:00,173.14,173.27,172.64,172.83,59361
2018-08-08 16:00:00,172.18,173.17,171.26,171.57,33285
2018-08-08 17:00:00,171.6,172.49,171.53,172.46,36999
2018-08-08 18:00:00,172.52,173.3,172.23,172.32,50082
2018-08-08 19:00:00,172.22,172.83,172.22,172.61,16821
2018-08-08 20:00:00,172.63,172.72,172.44,172.72,27365
2018-08-08 21:00:00,172.67,173.2,172.61,172.8,26273
2018-08-08 22:00:00,172.83,172.95,172.62,172.7,49997
2018-08-09 16:00:00,173.03,173.5,171.13,171.29,69611
2018-08-09 17:00:00,171.15,172.65,171.0,172.55,19014
2018-08-09 18:00:00,172.62,173.11,172.54,173.11,25131
2018-08-09 19:00:00,173.18,173.64,173.04,173.56,16327
2018-08-09 20:00:00,173.56,173.65,173.12,173.21,22989
2018-08-09 21:00:00,173.18,173.3,173.04,173.18,19091
2018-08-09 22:00:00,173.15,173.33,173.01,173.16,58537
2018-08-10 16:00:00,172.17,173.99,171.68,173.36,93005
2018-08-10 17:00:00,173.15,173.57,172.27,173.24,45153
2018-08-10 18:00:00,173.23,173.42,172.88,172.94,21622
2018-08-10 19:00:00,172.94,173.59,172.93,173.59,28770
2018-08-10 20:00:00,173.6,173.6,172.56,172.69,22281
2018-08-10 21:00:00,172.76,173.29,172.7,173.06,29514
2018-08-10 22:00:00,173.01,173.51,172.75,173.12,78192
2018-08-13 16:00:00,172.46,174.18,172.46,174.03,23926
2018-08-13 17:00:00,173.98,174.81,173.7,174.49,28044
2018-08-13 18:00:00,174.49,174.49,173.12,173.44,52535
2018-08-13 19:00:00,173.44,173.57,172.74,172.74,38594
2018-08-13 20:00:00,172.69,173.5,172.66,172.96,29132
2018-08-13 21:00:00,172.88,173.4,172.54,172.76,24660
2018-08-13 22:00:00,172.73,172.79,172.32,172.6,117202
2018-08-14 16:00:00,173.68,174.0,172.96,173.73,54516
2018-08-14 17:00:00,173.5,174.99,172.96,174.63,116272
2018-08-14 18:00:00,174.55,174.7,174.16,174.25,19900
2018-08-14 19:00:00,174.33,174.86,174.33,174.74,13547
2018-08-14 20:00:00,174.7,175.04,174.55,174.9,26328
2018-08-14 21:00:00,174.87,175.41,174.77,175.39,18025
2018-08-14 22:00:00,175.4,175.85,175.24,175.42,88227
2018-08-15 16:00:00,174.65,175.0,173.74,174.48,45126
2018-08-15 17:00:00,174.41,174.49,173.24,173.6,88557
2018-08-15 18:00:00,173.53,174.0,173.07,173.14,38085
2018-08-15 19:00:00,173.18,173.72,173.15,173.4,35251
2018-08-15 20:00:00,173.34,173.68,173.17,173.32,20026
2018-08-15 21:00:00,173.29,173.71,173.16,173.71,37411
2018-08-15 22:00:00,173.72,173.86,173.41,173.61,67808
2018-08-16 16:00:00,173.8,174.53,173.6,174.29,23362
2018-08-16 17:00:00,174.21,175.03,173.71,174.36,44537
2018-08-16 18:00:00,174.38,174.38,173.53,173.9,67616
2018-08-16 19:00:00,174.08,174.1,173.47,173.51,17819
2018-08-16 20:00:00,173.55,173.78,173.25,173.37,23236
2018-08-16 21:00:00,173.33,174.68,173.27,174.31,60758
2018-08-16 22:00:00,174.4,174.83,173.66,173.92,68127
2018-08-17 16:00:00,173.76,173.79,172.95,173.16,18131
2018-08-17 17:00:00,173.19,173.5,172.84,173.06,33017
2018-08-17 18:00:00,172.98,173.57,172.91,173.41,11417
2018-08-17 19:00:00,173.36,173.41,172.4,172.46,29155
2018-08-17 20:00:00,172.42,172.58,172.15,172.58,18442
2018-08-17 21:00:00,172.58,173.33,172.57,173.27,23290
2018-08-17 22:00:00,173.26,173.35,173.06,173.29,50581
2018-08-20 16:00:00,173.75,173.75,172.9,173.59,12174
2018-08-20 17:00:00,173.55,174.0,173.46,173.76,17323
2018-08-20 18:00:00,173.76,174.57,173.72,174.43,14537
2018-08-20 19:00:00,174.38,174.87,174.3,174.61,23282
2018-08-20 20:00:00,174.6,174.91,174.38,174.91,14113
2018-08-20 21:00:00,174.9,175.08,174.71,174.83,17680
2018-08-20 22:00:00,174.87,174.87,173.94,174.16,43919
2018-08-21 16:00:00,174.06,175.55,173.6,175.19,29459
2018-08-21 17:00:00,175.11,175.15,174.66,174.82,38576
2018-08-21 18:00:00,174.82,174.87,174.14,174.67,16939
2018-08-21 19:00:00,174.59,174.72,174.32,174.52,21083
2018-08-21 20:00:00,174.59,174.59,174.23,174.34,22501
2018-08-21 21:00:00,174.32,174.33,173.75,173.79,22997
2018-08-21 22:00:00,173.84,173.93,173.44,173.55,72821
2018-08-22 16:00:00,172.89,173.63,172.3,173.06,34032
2018-08-22 17:00:00,173.12,173.63,172.88,173.62,32772
2018-08-22 18:00:00,173.63,174.16,173.63,174.01,19813
2018-08-22 19:00:00,174.11,174.11,173.64,173.97,11725
2018-08-22 20:00:00,173.97,173.97,173.72,173.84,21964
2018-08-22 21:00:00,173.86,173.88,173.32,173.4,43624
2018-08-22 22:00:00,173.4,173.53,172.99,173.15,77272
2018-08-23 16:00:00,173.62,174.0,172.37,173.76,35107
2018-08-23 17:00:00,173.76,174.49,173.7,173.89,26338
2018-08-23 18:00:00,173.81,173.97,173.06,173.7,41185
2018-08-23 19:00:00,173.7,174.12,173.65,173.81,26698
2018-08-23 20:00:00,173.73,174.06,173.58,173.89,23619
2018-08-23 21:00:00,173.95,174.14,173.4,173.65,42155
2018-08-23 22:00:00,173.66,173.77,172.95,173.09,104590
2018-08-24 16:00:00,173.92,174.3,173.43,173.73,15764
2018-08-24 17:00:00,173.72,174.26,173.65,174.03,22972
2018-08-24 18:00:00,173.96,174.6,173.85,174.41,32115
2018-08-24 19:00:00,174.45,174.46,174.18,174.35,19588
2018-08-24 20:00:00,174.42,174.51,174.12,174.35,20075
2018-08-24 21:00:00,174.37,174.64,174.08,174.21,35080
2018-08-24 22:00:00,174.27,174.27,173.75,174.04,74999
2018-08-27 16:00:00,175.0,175.61,174.42,174.5,23502
2018-08-27 17:00:00,174.69,175.1,174.45,174.86,42322
2018-08-27 18:00:00,174.94,175.28,174.77,175.25,19397
2018-08-27 19:00:00,175.15,175.72,175.13,175.57,24686
2018-08-27 20:00:00,175.52,175.52,174.94,174.94,26008
2018-08-27 21:00:00,175.0,175.09,174.62,174.95,28169
2018-08-27 22:00:00,175.01,175.11,174.69,174.94,60666
2018-08-28 16:00:00,175.17,177.15,174.92,176.72,25426
2018-08-28 17:00:00,176.87,177.09,176.16,177.06,56812
2018-08-28 18:00:00,177.06,177.18,176.35,176.4,42517
2018-08-28 19:00:00,176.32,176.79,176.29,176.7,12933
2018-08-28 20:00:00,176.66,176.97,176.56,176.72,20945
2018-08-28 21:00:00,176.79,177.48,176.73,177.4,32769
2018-08-28 22:00:00,177.4,177.66,177.02,177.11,111725
2018-08-29 16:00:00,177.44,179.4,177.44,178.47,30426
2018-08-29 17:00:00,178.54,179.13,178.54,178.84,32686
2018-08-29 18:00:00,178.88,178.91,178.34,178.7,25320
2018-08-29 19:00:00,178.72,178.92,178.07,178.09,17268
2018-08-29 20:00:00,178.1,178.16,177.47,177.54,49521
2018-08-29 21:00:00,177.68,178.08,177.44,177.48,55215
2018-08-29 22:00:00,177.44,178.18,177.44,178.08,53328
2018-08-30 16:00:00,177.76,178.49,177.21,178.21,26732
2018-08-30 17:00:00,178.23,178.38,177.45,177.83,19925
2018-08-30 18:00:00,177.89,178.1,177.45,177.56,14300
2018-08-30 19:00:00,177.5,177.97,177.42,177.91,13904
2018-08-30 20:00:00,177.92,178.11,177.89,178.0,14915
2018-08-30 21:00:00,177.98,178.05,177.17,177.35,27630
2018-08-30 22:00:00,177.26,177.74,177.02,177.66,59189
2018-08-31 16:00:00,177.43,178.71,177.43,178.52,18751
2018-08-31 17:00:00,178.54,178.91,178.28,178.45,16720
2018-08-31 18:00:00,178.58,179.22,178.25,179.19,32884
2018-08-31 19:00:00,179.06,179.12,178.58,179.12,15034
2018-08-31 20:00:00,179.13,179.84,178.93,179.43,27772
2018-08-31 21:00:00,179.44,179.56,179.02,179.48,18934
2018-08-31 22:00:00,179.51,180.33,179.3,180.26,100648
2018-09-04 16:00:00,182.28,183.45,180.22,180.81,36275
2018-09-04 17:00:00,180.77,182.13,180.59,181.92,48354
2018-09-04 18:00:00,182.02,182.2,180.99,181.22,35184
2018-09-04 19:00:00,181.23,181.56,180.85,181.54,23463
2018-09-04 20:00:00,181.55,181.73,181.21,181.55,25241
2018-09-04 21:00:00,181.54,182.42,181.46,182.31,55525
2018-09-04 22:00:00,182.35,182.44,181.94,182.23,130108
2018-09-05 16:00:00,183.0,184.23,181.0,181.01,54414
2018-09-05 17:00:00,180.97,181.13,178.31,178.65,71457
2018-09-05 18:00:00,178.66,178.86,178.41,178.41,39070
2018-09-05 19:00:00,178.35,179.11,177.82,178.68,82042
2018-09-05 20:00:00,178.65,180.04,178.62,179.26,69241
2018-09-05 21:00:00,179.27,179.93,178.79,178.79,59602
2018-09-05 22:00:00,178.89,178.93,178.17,178.53,109381
2018-09-06 16:00:00,178.23,179.08,177.81,179.08,16991
2018-09-06 17:00:00,179.04,179.3,178.29,178.73,27788
2018-09-06 18:00:00,178.73,179.05,178.12,178.97,43526
2018-09-06 19:00:00,178.92,179.28,178.88,178.95,41679
2018-09-06 20:00:00,178.96,179.3,178.71,179.16,33393
2018-09-06 21:00:00,179.18,179.37,178.94,179.06,52483
2018-09-06 22:00:00,179.09,179.79,179.03,179.23,97942
2018-09-07 16:00:00,179.0,179.71,178.75,179.39,27721
2018-09-07 17:00:00,179.52,179.94,179.35,179.74,82179
2018-09-07 18:00:00,179.69,180.64,179.67,180.14,38964
2018-09-07 19:00:00,180.11,180.11,179.05,179.46,45148
2018-09-07 20:00:00,179.43,179.46,178.94,179.1,19840
2018-09-07 21:00:00,179.16,179.73,179.16,179.73,25226
2018-09-07 22:00:00,179.72,179.74,179.06,179.18,83504
2018-09-10 16:00:00,179.86,179.86,178.1,178.4,17195
2018-09-10 17:00:00,178.46,178.72,177.96,178.4,25277
2018-09-10 18:00:00,178.31,179.14,178.23,178.88,30656
2018-09-10 19:00:00,178.93,178.93,178.35,178.48,14098
2018-09-10 20:00:00,178.62,178.86,178.4,178.74,14083
2018-09-10 21:00:00,178.74,178.92,178.34,178.61,18141
2018-09-10 22:00:00,178.6,178.77,178.02,178.11,92293
2018-09-11 16:00:00,177.55,178.03,176.35,177.01,44454
2018-09-11 17:00:00,176.79,176.89,176.1,176.64,59754
2018-09-11 18:00:00,176.59,177.53,176.55,177.52,36155
2018-09-11 19:00:00,177.6,177.78,177.26,177.68,28457
2018-09-11 20:00:00,177.77,177.77,176.83,176.83,35373
2018-09-11 21:00:00,176.83,177.56,176.77,177.17,45733
2018-09-11 22:00:00,177.14,177.55,177.13,177.46,100634
2018-09-12 16:00:00,177.44,177.44,176.24,176.5,24495
2018-09-12 17:00:00,176.34,176.61,175.56,175.86,34276
2018-09-12 18:00:00,175.78,176.6,175.76,176.02,27817
2018-09-12 19:00:00,176.08,176.55,175.98,176.52,14612
2018-09-12 20:00:00,176.59,176.79,176.09,176.2,12014
2018-09-12 21:00:00,176.33,176.75,176.33,176.73,15594
2018-09-12 22:00:00,176.72,177.03,176.39,176.53,83980
2018-09-13 16:00:00,177.05,177.93,176.53,177.55,12617
2018-09-13 17:00:00,177.51,177.84,176.93,177.68,40556
2018-09-13 18:00:00,177.71,178.56,177.69,178.54,39791
2018-09-13 19:00:00,178.71,179.18,178.31,179.11,28328
2018-09-13 20:00:00,179.27,179.61,178.84,179.4,33071
2018-09-13 21:00:00,179.43,180.03,179.15,180.01,43860
2018-09-13 22:00:00,180.02,180.6,180.01,180.51,132584
2018-09-14 16:00:00,181.08,182.27,180.81,182.17,24281
2018-09-14 17:00:00,182.28,183.26,181.98,183.25,53297
2018-09-14 18:00:00,183.25,183.28,182.57,182.57,53524
2018-09-14 19:00:00,182.52,182.59,181.63,181.69,55211
2018-09-14 20:00:00,181.69,181.86,181.36,181.64,45073
2018-09-14 21:00:00,181.67,181.77,181.46,181.66,20468
2018-09-14 22:00:00,181.74,182.5,181.51,182.16,95521
2018-09-17 16:00:00,182.63,184.0,180.25,180.34,44843
2018-09-17 17:00:00,180.29,180.71,179.45,180.02,56046
2018-09-17 18:00:00,179.98,180.44,179.56,179.99,26094
2018-09-17 19:00:00,179.94,180.6,179.87,180.27,46655
2018-09-17 20:00:00,180.2,180.2,179.09,179.3,27973
2018-09-17 21:00:00,179.21,179.3,178.19,178.19,49036
2018-09-17 22:00:00,178.37,178.43,177.74,177.96,81461
2018-09-18 16:00:00,177.63,179.49,177.55,179.17,22070
2018-09-18 17:00:00,178.98,179.31,178.35,178.7,28720
2018-09-18 18:00:00,178.72,179.25,178.59,179.0,26336
2018-09-18 19:00:00,179.07,179.44,178.64,178.79,22301
2018-09-18 20:00:00,178.82,179.02,178.71,178.82,23120
2018-09-18 21:00:00,178.76,178.82,178.35,178.38,33523
2018-09-18 22:00:00,178.36,178.44,178.04,178.2,98853
2018-09-19 16:00:00,178.22,178.91,176.44,176.44,17782
2018-09-19 17:00:00,176.77,176.84,175.5,176.16,51469
2018-09-19 18:00:00,176.37,177.15,175.89,176.08,27881
2018-09-19 19:00:00,176.15,176.23,175.25,175.38,19129
2018-09-19 20:00:00,175.38,175.49,174.61,174.89,31992
2018-09-19 21:00:00,174.95,175.36,174.14,174.35,94745
2018-09-19 22:00:00,174.35,175.07,174.33,174.54,159141
2018-09-20 16:00:00,175.29,175.37,172.79,174.47,37763
2018-09-20 17:00:00,174.58,175.49,174.28,175.04,107846
2018-09-20 18:00:00,175.12,175.44,174.52,175.11,97394
2018-09-20 19:00:00,175.09,175.84,175.01,175.83,135481
2018-09-20 20:00:00,175.84,176.45,175.61,176.45,73213
2018-09-20 21:00:00,176.45,176.54,175.72,176.12,55908
2018-09-20 22:00:00,176.08,176.69,176.08,176.32,78404
2018-09-21 16:00:00,177.37,178.09,176.52,177.98,125939
2018-09-21 17:00:00,177.98,178.47,177.1,177.46,44437
2018-09-21 18:00:00,177.45,177.5,176.81,176.97,21866
2018-09-21 19:00:00,177.1,177.11,176.08,176.38,14596
2018-09-21 20:00:00,176.33,176.33,175.85,175.94,13794
2018-09-21 21:00:00,175.99,176.28,175.7,176.28,32961
2018-09-21 22:00:00,176.32,176.41,176.09,176.24,113912
2018-09-24 16:00:00,175.3,176.28,175.02,175.92,10432
2018-09-24 17:00:00,175.97,177.01,175.92,176.89,22980
2018-09-24 18:00:00,176.8,177.98,176.65,177.93,31101
2018-09-24 19:00:00,177.89,178.23,177.3,177.79,28902
2018-09-24 20:00:00,177.89,178.77,177.89,178.76,11920
2018-09-24 21:00:00,178.7,178.98,177.73,177.9,37656
2018-09-24 22:00:00,177.85,178.19,177.85,178.03,57498
2018-09-25 16:00:00,178.19,178.84,177.91,178.61,24361
2018-09-25 17:00:00,178.53,179.13,178.25,178.67,27721
2018-09-25 18:00:00,178.73,179.84,178.72,179.84,32154
2018-09-25 19:00:00,179.78,180.07,179.41,179.57,29850
2018-09-25 20:00:00,179.55,179.78,179.38,179.72,29740
2018-09-25 21:00:00,179.8,179.82,179.04,179.52,25729
2018-09-25 22:00:00,179.36,179.44,178.81,178.9,103319
2018-09-26 16:00:00,179.25,179.25,177.37,177.73,18397
2018-09-26 17:00:00,177.85,179.04,177.81,178.47,35483
2018-09-26 18:00:00,178.49,179.26,178.01,179.25,32976
2018-09-26 19:00:00,179.2,179.51,178.76,179.27,33022
2018-09-26 20:00:00,179.29,179.71,179.25,179.71,13461
2018-09-26 21:00:00,179.67,180.48,179.67,179.73,33224
2018-09-26 22:00:00,179.55,180.1,178.57,178.77,69836
2018-09-27 16:00:00,178.98,180.09,178.98,180.0,9535
2018-09-27 17:00:00,180.02,180.46,179.5,179.96,13163
2018-09-27 18:00:00,180.08,180.17,179.51,179.74,14815
2018-09-27 19:00:00,179.72,179.91,179.5,179.88,11643
2018-09-27 20:00:00,179.69,179.88,179.16,179.2,10096
2018-09-27 21:00:00,179.25,179.35,178.64,178.64,13902
2018-09-27 22:00:00,178.77,178.81,178.53,178.63,32895
2018-09-28 16:00:00,178.1,178.51,177.61,178.0,15761
2018-09-28 17:00:00,177.97,179.54,177.97,179.5,40377
2018-09-28 18:00:00,179.52,179.9,179.4,179.57,45993
2018-09-28 19:00:00,179.58,179.63,178.46,178.66,26771
2018-09-28 20:00:00,178.53,178.64,177.96,177.96,13741
2018-09-28 21:00:00,177.99,177.99,177.52,177.61,20141
2018-09-28 22:00:00,177.57,177.76,177.01,177.42,73286
2018-10-01 16:00:00,178.44,179.55,177.48,179.16,17827
2018-10-01 17:00:00,179.22,179.4,178.52,179.31,23287
2018-10-01 18:00:00,179.21,179.96,179.02,179.35,75568
2018-10-01 19:00:00,179.36,179.87,179.3,179.87,34542
2018-10-01 20:00:00,179.85,180.53,179.81,180.1,20744
2018-10-01 21:00:00,180.03,180.08,179.53,179.86,32424
2018-10-01 22:00:00,179.87,180.02,179.37,179.79,56146
2018-10-02 16:00:00,179.5,179.5,176.62,177.09,20133
2018-10-02 17:00:00,176.91,177.3,176.7,176.75,22664
2018-10-02 18:00:00,176.77,177.22,176.55,176.95,20083
2018-10-02 19:00:00,176.89,177.39,176.7,176.77,21576
2018-10-02 20:00:00,176.85,177.29,176.44,177.22,50232
2018-10-02 21:00:00,177.22,177.9,177.19,177.78,34692
2018-10-02 22:00:00,177.77,177.77,176.72,176.96,120932
2018-10-03 16:00:00,177.57,178.02,177.14,177.64,10382
2018-10-03 17:00:00,177.77,178.54,177.72,177.72,26847
2018-10-03 18:00:00,177.71,178.81,177.14,178.76,20717
2018-10-03 19:00:00,178.86,179.03,178.16,178.33,23046
2018-10-03 20:00:00,178.23,178.38,177.92,177.92,12690
2018-10-03 21:00:00,177.93,178.14,177.08,177.3,17569
2018-10-03 22:00:00,177.34,177.57,177.13,177.3,60062
2018-10-04 16:00:00,176.64,178.0,176.05,176.23,15852
2018-10-04 17:00:00,176.24,176.24,174.06,175.13,36145
2018-10-04 18:00:00,175.13,175.28,174.04,174.04,16858
2018-10-04 19:00:00,174.09,174.13,173.41,173.56,22090
2018-10-04 20:00:00,173.45,173.57,172.62,172.64,47629
2018-10-04 21:00:00,172.61,172.75,171.88,172.37,87673
2018-10-04 22:00:00,172.47,172.92,171.95,172.5,188004
2018-10-05 16:00:00,172.24,173.81,171.4,172.74,25706
2018-10-05 17:00:00,172.89,173.18,172.01,172.32,37417
2018-10-05 18:00:00,172.45,172.5,171.08,171.15,36386
2018-10-05 19:00:00,171.2,171.45,170.23,170.47,36265
2018-10-05 20:00:00,170.43,170.49,169.31,169.41,70149
2018-10-05 21:00:00,169.41,170.36,169.14,169.97,93189
2018-10-05 22:00:00,170.05,170.79,169.95,170.57,134726
2018-10-08 16:00:00,169.82,170.02,168.16,169.11,42944
2018-10-08 17:00:00,169.13,169.18,167.14,167.54,53142
2018-10-08 18:00:00,167.65,167.66,165.14,165.86,77698
2018-10-08 19:00:00,165.88,166.36,165.44,165.58,36005
2018-10-08 20:00:00,165.51,166.89,165.51,166.41,30170
2018-10-08 21:00:00,166.41,168.28,166.37,168.01,46000
2018-10-08 22:00:00,168.06,168.22,167.49,167.82,100755
2018-10-09 16:00:00,167.17,168.94,166.14,167.02,48962
2018-10-09 17:00:00,167.02,167.97,166.66,167.33,65169
2018-10-09 18:00:00,167.31,167.59,166.73,167.25,40941
2018-10-09 19:00:00,167.43,167.65,167.03,167.13,43455
2018-10-09 20:00:00,167.04,167.82,166.86,167.38,51430
2018-10-09 21:00:00,167.38,167.97,167.07,167.81,32905
2018-10-09 22:00:00,167.67,167.78,166.87,166.97,139863
2018-10-10 16:00:00,167.07,167.07,163.76,164.44,33649
2018-10-10 17:00:00,164.49,165.18,162.92,163.26,91104
2018-10-10 18:00:00,163.2,163.33,161.79,161.96,72056
2018-10-10 19:00:00,161.89,162.36,160.49,160.95,66978
2018-10-10 20:00:00,160.92,161.5,160.73,161.08,97446
2018-10-10 21:00:00,161.14,161.23,159.71,159.8,184623
2018-10-10 22:00:00,159.84,159.97,156.55,156.91,492514
2018-10-11 16:00:00,155.7,158.61,154.01,157.69,156595
2018-10-11 17:00:00,157.39,157.87,154.5,155.92,196161
2018-10-11 18:00:00,156.05,156.32,154.7,155.58,86971
2018-10-11 19:00:00,155.56,156.68,154.21,154.71,114201
2018-10-11 20:00:00,154.7,155.25,153.76,154.76,109493
2018-10-11 21:00:00,154.92,154.92,151.6,152.64,351049
2018-10-11 22:00:00,152.67,153.62,151.5,151.55,522194
2018-10-12 16:00:00,154.45,155.97,154.02,155.32,66863
2018-10-12 17:00:00,155.32,156.28,154.41,154.42,95022
2018-10-12 18:00:00,154.52,155.11,153.61,153.98,61896
2018-10-12 19:00:00,153.9,154.15,152.12,152.98,60379
2018-10-12 20:00:00,152.93,153.68,152.71,153.38,54413
2018-10-12 21:00:00,153.3,153.79,152.57,153.66,40922
2018-10-12 22:00:00,153.79,154.48,153.46,154.05,134447
2018-10-15 16:00:00,153.89,154.04,151.42,152.92,34085
2018-10-15 17:00:00,152.92,153.06,150.8,151.9,269676
2018-10-15 18:00:00,151.94,152.54,150.93,151.08,95956
2018-10-15 19:00:00,151.1,151.71,150.81,151.54,57149
2018-10-15 20:00:00,151.61,152.92,151.55,152.64,44813
2018-10-15 21:00:00,152.73,153.07,152.02,152.82,62500
2018-10-15 22:00:00,152.82,152.94,151.18,151.2,147515
2018-10-16 16:00:00,153.41,154.85,152.75,153.45,45441
2018-10-16 17:00:00,153.45,153.88,152.6,153.79,55167
2018-10-16 18:00:00,153.77,155.02,153.63,154.98,40758
2018-10-16 19:00:00,155.02,155.38,154.71,155.37,41604
2018-10-16 20:00:00,155.42,155.86,155.23,155.56,40922
2018-10-16 21:00:00,155.61,155.9,155.61,155.66,60079
2018-10-16 22:00:00,155.68,156.39,155.56,156.25,135447
2018-10-17 16:00:00,156.09,157.36,155.26,156.61,34286
2018-10-17 17:00:00,156.52,156.67,155.85,156.43,63419
2018-10-17 18:00:00,156.44,157.56,156.21,157.56,42382
2018-10-17 19:00:00,157.56,157.7,156.85,157.31,37825
2018-10-17 20:00:00,157.27,157.71,157.09,157.57,34128
2018-10-17 21:00:00,157.54,157.73,156.5,157.5,28257
2018-10-17 22:00:00,157.46,157.64,156.85,157.28,86264
2018-10-18 16:00:00,156.81,157.46,156.04,156.77,26183
2018-10-18 17:00:00,156.81,157.56,156.25,156.58,52404
2018-10-18 18:00:00,156.5,156.67,153.61,154.15,66227
2018-10-18 19:00:00,154.07,155.16,154.01,154.82,34736
2018-10-18 20:00:00,154.78,154.89,153.44,153.6,35886
2018-10-18 21:00:00,153.6,154.71,153.59,154.35,66308
2018-10-18 22:00:00,154.43,154.6,153.7,154.0,109978
2018-10-19 16:00:00,154.76,156.32,154.51,155.73,81763
2018-10-19 17:00:00,155.83,157.18,155.83,156.31,63641
2018-10-19 18:00:00,156.39,156.68,155.0,155.53,116636
2018-10-19 19:00:00,155.52,155.64,153.86,154.66,44397
2018-10-19 20:00:00,154.57,155.13,154.0,154.1,142321
2018-10-19 21:00:00,154.0,154.54,153.69,154.2,97686
2018-10-19 22:00:00,154.1,154.65,153.66,153.9,166661
2018-10-22 16:00:00,154.48,155.75,154.48,155.25,61524
2018-10-22 17:00:00,155.15,156.36,154.49,156.16,88159
2018-10-22 18:00:00,156.09,156.36,155.49,156.2,61642
2018-10-22 19:00:00,156.15,157.05,155.84,156.95,45306
2018-10-22 20:00:00,156.87,157.38,156.66,156.71,54630
2018-10-22 21:00:00,156.7,156.9,156.25,156.63,76083
2018-10-22 22:00:00,156.62,157.1,156.27,156.4,164041
2018-10-23 16:00:00,153.12,153.77,152.28,153.04,139394
2018-10-23 17:00:00,152.91,153.34,152.27,152.91,127814
2018-10-23 18:00:00,152.9,154.0,152.55,153.21,157361
2018-10-23 19:00:00,153.17,154.77,153.17,153.89,133810
2018-10-23 20:00:00,153.96,154.92,153.9,154.5,46822
2018-10-23 21:00:00,154.5,155.59,154.43,155.1,37610
2018-10-23 22:00:00,155.08,155.41,154.56,155.0,155912
2018-10-24 16:00:00,155.0,155.84,154.3,155.24,25265
2018-10-24 17:00:00,155.25,155.73,154.7,154.82,70283
2018-10-24 18:00:00,154.86,154.97,153.28,154.53,195831
2018-10-24 19:00:00,154.5,154.85,153.69,154.19,75332
2018-10-24 20:00:00,154.15,154.15,152.46,152.72,97900
2018-10-24 21:00:00,152.77,153.03,151.84,152.32,90515
2018-10-24 22:00:00,152.21,152.24,148.37,148.65,371437
2018-10-25 16:00:00,149.49,149.72,146.5,148.48,179685
2018-10-25 17:00:00,148.55,151.51,148.43,150.67,94231
2018-10-25 18:00:00,150.51,150.64,149.55,149.87,77218
2018-10-25 19:00:00,149.81,150.1,149.23,149.7,85076
2018-10-25 20:00:00,149.66,150.4,149.22,150.22,152825
2018-10-25 21:00:00,150.25,150.71,149.74,150.52,246278
2018-10-25 22:00:00,150.55,150.65,149.11,149.39,301434
2018-10-26 16:00:00,146.68,147.15,145.75,145.84,84618
2018-10-26 17:00:00,145.71,145.86,142.09,142.32,154341
2018-10-26 18:00:00,142.27,144.5,142.09,144.32,200978
2018-10-26 19:00:00,144.49,145.71,144.47,145.18,129572
2018-10-26 20:00:00,145.23,145.92,144.6,145.78,104728
2018-10-26 21:00:00,145.92,145.95,143.6,143.72,60352
2018-10-26 22:00:00,143.59,144.01,142.59,142.76,288145
2018-10-29 16:00:00,144.72,146.08,143.96,145.12,75943
2018-10-29 17:00:00,145.13,146.02,144.53,145.68,95306
2018-10-29 18:00:00,145.73,146.03,144.61,144.74,92090
2018-10-29 19:00:00,144.64,144.83,143.55,144.47,98771
2018-10-29 20:00:00,144.47,145.27,144.47,144.73,61146
2018-10-29 21:00:00,144.68,144.68,143.09,143.33,105655
2018-10-29 22:00:00,143.3,143.34,141.06,143.06,265805
2018-10-30 16:00:00,142.83,144.23,141.27,144.13,120613
2018-10-30 17:00:00,144.05,144.38,140.46,142.34,331781
2018-10-30 18:00:00,142.29,145.13,142.08,144.14,128221
2018-10-30 19:00:00,144.23,144.6,143.16,143.93,99831
2018-10-30 20:00:00,143.85,143.86,142.82,143.59,85886
2018-10-30 21:00:00,143.7,145.09,143.23,144.76,79109
2018-10-30 22:00:00,144.86,145.23,144.11,144.52,273768
2018-10-31 16:00:00,146.83,149.48,146.65,149.37,56375
2018-10-31 17:00:00,149.72,150.84,149.62,149.95,93322
2018-10-31 18:00:00,149.98,151.04,149.9,150.84,67432
2018-10-31 19:00:00,151.03,151.98,150.75,151.93,63611
2018-10-31 20:00:00,151.85,152.51,151.82,152.3,118511
2018-10-31 21:00:00,152.32,152.78,152.08,152.15,104909
2018-10-31 22:00:00,152.12,152.61,150.18,150.41,273481
2018-11-01 16:00:00,146.62,150.47,146.53,149.0,157101
2018-11-01 17:00:00,149.24,149.35,147.19,147.66,201063
2018-11-01 18:00:00,147.65,148.07,144.56,144.83,99659
2018-11-01 19:00:00,144.58,146.92,144.33,145.89,99748
2018-11-01 20:00:00,145.81,147.32,145.0,147.04,92933
2018-11-01 21:00:00,146.97,147.8,146.65,147.21,88017
2018-11-01 22:00:00,147.22,147.79,146.93,147.29,199388
2018-11-02 16:00:00,147.47,148.65,146.8,147.03,114146
2018-11-02 17:00:00,147.01,148.16,145.66,146.04,143072
2018-11-02 18:00:00,146.12,146.33,144.79,145.14,167086
2018-11-02 19:00:00,145.21,145.33,143.87,144.01,137886
2018-11-02 20:00:00,144.02,144.61,143.86,144.15,58748
2018-11-02 21:00:00,144.17,145.05,143.53,144.14,88557
2018-11-02 22:00:00,144.21,144.49,143.82,144.14,198197
2018-11-05 16:00:00,144.57,145.23,143.9,144.3,54319
2018-11-05 17:00:00,144.21,144.33,142.67,144.3,66305
2018-11-05 18:00:00,144.27,144.49,143.46,144.25,71625
2018-11-05 19:00:00,144.26,144.65,143.59,143.87,56905
2018-11-05 20:00:00,143.88,144.79,143.83,144.57,72121
2018-11-05 21:00:00,144.62,145.32,144.53,144.86,64609
2018-11-05 22:00:00,144.86,145.17,144.25,145.07,139253
2018-11-06 16:00:00,144.96,147.4,144.96,146.8,55733
2018-11-06 17:00:00,146.9,146.95,145.95,146.43,111596
2018-11-06 18:00:00,146.52,146.87,146.18,146.79,155446
2018-11-06 19:00:00,146.84,147.77,146.84,147.64,86206
2018-11-06 20:00:00,147.59,147.7,147.05,147.31,71084
2018-11-06 21:00:00,147.32,147.32,146.25,146.98,139913
2018-11-06 22:00:00,146.97,147.88,146.86,147.76,174722
2018-11-07 16:00:00,148.95,150.37,148.53,149.9,38279
2018-11-07 17:00:00,149.9,151.28,149.9,151.1,71763
2018-11-07 18:00:00,151.11,151.93,150.82,151.79,64343
2018-11-07 19:00:00,151.72,151.78,150.87,151.17,67198
2018-11-07 20:00:00,151.12,151.46,150.8,151.08,52450
2018-11-07 21:00:00,151.33,151.78,151.15,151.6,64303
2018-11-07 22:00:00,151.6,152.11,151.49,151.88,175366
2018-11-08 16:00:00,151.72,152.4,150.8,150.83,52504
2018-11-08 17:00:00,150.83,152.4,150.74,151.66,64772
2018-11-08 18:00:00,151.71,152.71,151.46,152.63,56618
2018-11-08 19:00:00,152.6,152.64,151.88,152.21,62506
2018-11-08 20:00:00,152.21,152.31,151.25,151.89,59556
2018-11-08 21:00:00,151.89,152.46,151.57,151.84,67014
2018-11-08 22:00:00,151.84,152.1,151.56,152.05,100924
2018-11-09 16:00:00,151.04,151.71,149.71,149.83,48039
2018-11-09 17:00:00,149.83,149.92,148.06,148.75,155786
2018-11-09 18:00:00,148.77,149.96,148.39,149.28,86454
2018-11-09 19:00:00,149.43,149.81,149.02,149.38,69552
2018-11-09 20:00:00,149.2,149.49,148.75,148.76,67956
2018-11-09 21:00:00,148.81,149.79,148.62,149.55,73069
2018-11-09 22:00:00,149.55,150.41,149.51,149.8,137365
2018-11-12 16:00:00,149.46,150.32,149.18,150.18,107747
2018-11-12 17:00:00,150.1,150.21,147.95,147.98,88044
2018-11-12 18:00:00,147.86,148.27,147.04,148.03,78985
2018-11-12 19:00:00,148.09,148.44,147.75,147.94,73167
2018-11-12 20:00:00,147.96,149.03,147.56,148.72,84092
2018-11-12 21:00:00,148.71,149.32,148.51,148.61,75881
2018-11-12 22:00:00,148.52,148.87,147.94,148.09,189991
2018-11-13 16:00:00,148.07,149.52,147.21,147.28,125608
2018-11-13 17:00:00,147.28,148.81,147.19,148.62,95666
2018-11-13 18:00:00,148.76,150.05,148.76,149.4,87325
2018-11-13 19:00:00,149.46,149.76,148.69,148.97,71053
2018-11-13 20:00:00,148.99,149.05,148.11,148.14,62092
2018-11-13 21:00:00,148.13,148.13,146.79,147.65,55952
2018-11-13 22:00:00,147.66,148.0,147.09,147.7,113906
2018-11-14 16:00:00,148.87,149.75,148.06,149.65,218722
2018-11-14 17:00:00,149.65,149.89,148.11,149.03,129648
2018-11-14 18:00:00,149.03,149.16,147.23,147.72,60572
2018-11-14 19:00:00,147.73,147.79,146.8,146.85,54763
2018-11-14 20:00:00,146.96,147.26,146.51,147.12,87056
2018-11-14 21:00:00,147.13,148.81,146.67,148.6,101162
2018-11-14 22:00:00,148.6,149.31,147.95,148.17,273160
2018-11-15 16:00:00,146.75,148.39,146.12,147.81,39238
2018-11-15 17:00:00,147.84,148.33,147.11,147.78,56664
2018-11-15 18:00:00,147.78,149.42,147.72,149.31,40113
2018-11-15 19:00:00,149.36,149.75,148.8,149.29,74073
2018-11-15 20:00:00,149.31,151.0,148.62,150.93,51030
2018-11-15 21:00:00,150.91,152.12,150.63,152.02,85582
2018-11-15 22:00:00,152.02,152.02,150.55,151.66,237227
2018-11-16 16:00:00,150.72,151.82,149.79,151.69,41978
2018-11-16 17:00:00,151.67,152.36,151.28,152.02,90019
2018-11-16 18:00:00,152.16,152.3,150.77,151.2,132948
2018-11-16 19:00:00,151.21,153.88,151.21,153.09,72044
2018-11-16 20:00:00,153.09,153.14,152.4,152.83,45027
2018-11-16 21:00:00,152.83,153.48,152.68,153.48,71991
2018-11-16 22:00:00,153.48,153.81,153.06,153.29,177507
2018-11-19 16:00:00,152.85,153.29,150.89,151.35,26541
2018-11-19 17:00:00,151.35,151.47,147.73,149.03,86876
2018-11-19 18:00:00,149.04,149.07,146.05,146.43,84377
2018-11-19 19:00:00,146.31,146.66,145.89,146.45,58461
2018-11-19 20:00:00,146.59,146.62,145.25,145.62,71254
2018-11-19 21:00:00,145.55,146.15,145.22,145.9,88353
2018-11-19 22:00:00,145.98,146.51,145.04,145.53,145480
2018-11-20 16:00:00,142.78,144.53,141.63,142.55,93448
2018-11-20 17:00:00,142.74,144.13,141.38,143.97,97017
2018-11-20 18:00:00,144.04,144.91,142.91,144.59,99520
2018-11-20 19:00:00,144.79,144.91,143.64,143.89,56015
2018-11-20 20:00:00,143.89,144.52,143.39,143.75,69479
2018-11-20 21:00:00,143.65,144.34,143.34,143.78,74734
2018-11-20 22:00:00,143.86,145.04,143.33,144.36,136727
2018-11-21 16:00:00,145.83,146.57,144.84,145.72,26210
2018-11-21 17:00:00,145.72,147.77,145.72,147.45,64816
2018-11-21 18:00:00,147.28,148.63,147.28,148.28,38581
2018-11-21 19:00:00,148.36,149.39,148.36,149.39,45107
2018-11-21 20:00:00,149.39,149.54,148.88,149.16,59891
2018-11-21 21:00:00,149.16,149.47,148.86,148.91,48838
2018-11-21 22:00:00,148.92,149.24,146.27,146.34,195866
2018-11-23 16:00:00,145.27,148.32,145.18,147.58,41084
2018-11-23 17:00:00,147.7,149.29,147.54,149.25,85505
2018-11-23 18:00:00,149.25,150.2,148.87,149.77,130711
2018-11-23 19:00:00,149.73,150.4,149.61,149.85,218894
2018-11-23 20:00:00,149.83,149.83,149.83,149.83,38092
2018-11-26 16:00:00,151.7,152.21,150.16,151.91,54513
2018-11-26 17:00:00,151.93,151.97,150.94,151.59,62302
2018-11-26 18:00:00,151.59,152.51,151.21,151.53,55877
2018-11-26 19:00:00,151.46,151.93,149.3,150.53,74754
2018-11-26 20:00:00,150.53,150.99,150.3,150.96,61546
2018-11-26 21:00:00,150.96,152.32,150.83,152.22,88879
2018-11-26 22:00:00,152.22,152.96,152.21,152.41,222553
2018-11-27 16:00:00,151.74,152.45,151.23,151.81,34549
2018-11-27 17:00:00,151.81,152.71,151.34,152.56,48899
2018-11-27 18:00:00,152.54,152.93,151.69,151.99,38879
2018-11-27 19:00:00,151.99,152.07,151.1,151.12,55197
2018-11-27 20:00:00,151.19,151.8,151.06,151.8,38064
2018-11-27 21:00:00,151.85,152.35,151.84,152.17,39691
2018-11-27 22:00:00,152.17,152.41,151.84,152.24,91605
2018-11-28 16:00:00,153.33,154.5,152.84,153.44,25413
2018-11-28 17:00:00,153.5,155.15,153.19,154.97,46595
2018-11-28 18:00:00,155.02,155.34,154.5,154.87,40771
2018-11-28 19:00:00,155.14,157.34,155.02,156.98,54130
2018-11-28 20:00:00,156.89,157.83,156.52,157.4,46029
2018-11-28 21:00:00,157.29,157.77,157.16,157.34,54304
2018-11-28 22:00:00,157.26,158.62,157.04,158.61,200570
2018-11-29 16:00:00,158.45,159.96,157.98,159.42,45812
2018-11-29 17:00:00,159.53,159.84,157.6,157.91,115187
2018-11-29 18:00:00,157.88,158.01,157.42,157.73,72050
2018-11-29 19:00:00,157.7,158.1,157.38,157.96,53384
2018-11-29 20:00:00,157.95,157.95,157.06,157.5,64978
2018-11-29 21:00:00,157.47,158.21,157.37,158.21,41119
2018-11-29 22:00:00,158.11,158.27,156.77,157.03,121623
2018-11-30 16:00:00,156.54,157.56,155.39,157.48,22938
2018-11-30 17:00:00,157.43,158.75,156.61,157.09,145794
2018-11-30 18:00:00,157.07,157.52,156.42,157.43,39040
2018-11-30 19:00:00,157.43,157.49,156.82,157.07,30519
2018-11-30 20:00:00,157.09,158.31,156.78,158.31,47687
2018-11-30 21:00:00,158.3,158.33,157.26,157.36,92586
2018-11-30 22:00:00,157.37,157.66,156.73,157.1,188941
2018-12-03 16:00:00,159.87,160.4,158.19,158.7,145845
2018-12-03 17:00:00,158.69,159.26,158.03,158.27,129496
2018-12-03 18:00:00,158.22,159.28,158.1,158.78,59080
2018-12-03 19:00:00,158.96,159.77,158.95,159.56,27544
2018-12-03 20:00:00,159.62,160.44,159.48,159.8,30995
2018-12-03 21:00:00,159.97,160.98,159.56,160.91,60165
2018-12-03 22:00:00,160.91,161.97,160.53,161.6,154052
2018-12-04 16:00:00,161.32,161.65,160.65,160.7,22902
2018-12-04 17:00:00,160.73,160.82,159.23,159.49,20776
2018-12-04 18:00:00,159.33,160.36,159.33,159.71,36534
2018-12-04 19:00:00,159.64,159.64,156.68,157.23,69121
2018-12-04 20:00:00,157.06,157.16,155.3,156.61,31619
2018-12-04 21:00:00,156.47,157.53,156.26,156.42,32927
2018-12-04 22:00:00,156.4,156.4,153.88,154.35,191031
2018-12-06 16:00:00,150.8,152.74,150.26,150.73,78843
2018-12-06 17:00:00,150.58,151.57,149.63,149.63,99337
2018-12-06 18:00:00,149.53,149.7,148.4,149.56,65900
2018-12-06 19:00:00,149.56,150.53,149.14,150.05,63788
2018-12-06 20:00:00,150.17,150.51,149.2,150.51,53310
2018-12-06 21:00:00,150.62,150.83,149.35,150.35,50385
2018-12-06 22:00:00,150.66,152.58,150.13,152.34,128836
2018-12-07 16:00:00,153.0,154.62,152.7,153.77,53170
2018-12-07 17:00:00,153.66,154.31,151.27,151.97,62955
2018-12-07 18:00:00,151.95,152.42,148.91,149.23,87137
2018-12-07 19:00:00,149.15,150.45,149.02,150.32,72027
2018-12-07 20:00:00,150.27,150.86,149.61,149.61,49476
2018-12-07 21:00:00,149.61,150.12,148.28,148.43,79360
2018-12-07 22:00:00,148.47,150.58,148.13,149.75,173454
2018-12-10 16:00:00,149.2,151.32,148.87,149.74,29429
2018-12-10 17:00:00,149.72,150.14,148.31,148.71,57769
2018-12-10 18:00:00,148.33,149.02,147.31,148.46,52414
2018-12-10 19:00:00,148.46,149.78,147.85,149.56,29061
2018-12-10 20:00:00,149.56,150.38,149.27,149.91,25819
2018-12-10 21:00:00,149.92,150.29,149.36,149.52,54673
2018-12-10 22:00:00,149.52,151.06,149.42,150.13,106673
2018-12-11 16:00:00,152.53,153.4,151.8,152.97,30284
2018-12-11 17:00:00,153.0,154.25,152.29,152.46,114650
2018-12-11 18:00:00,152.4,152.84,151.9,152.74,66052
2018-12-11 19:00:00,152.61,152.61,151.4,152.09,45706
2018-12-11 20:00:00,151.99,152.36,151.17,151.28,61583
2018-12-11 21:00:00,151.22,152.87,151.17,152.6,82163
2018-12-11 22:00:00,152.6,153.72,151.99,152.03,99626
2018-12-12 16:00:00,153.9,154.72,153.22,154.66,34757
2018-12-12 17:00:00,154.4,155.86,154.32,155.68,26722
2018-12-12 18:00:00,155.66,156.5,155.29,156.09,40206
2018-12-12 19:00:00,156.28,156.28,155.45,155.81,36162
2018-12-12 20:00:00,155.74,156.21,155.31,155.55,40214
2018-12-12 21:00:00,155.49,155.52,154.47,154.91,70621
2018-12-12 22:00:00,154.81,155.18,153.85,153.89,112208
2018-12-13 16:00:00,154.15,154.98,153.34,154.31,22261
2018-12-13 17:00:00,154.31,155.6,154.26,154.75,30459
2018-12-13 18:00:00,154.93,155.13,153.47,153.47,93101
2018-12-13 19:00:00,153.44,153.78,152.23,153.7,139788
2018-12-13 20:00:00,153.65,154.88,153.2,153.84,44107
2018-12-13 21:00:00,153.85,154.0,153.12,153.43,55120
2018-12-13 22:00:00,153.5,153.94,152.77,152.82,143266
2018-12-14 16:00:00,151.4,151.49,150.08,150.99,63180
2018-12-14 17:00:00,151.17,151.37,150.0,150.84,73743
2018-12-14 18:00:00,150.7,151.12,149.7,149.9,36826
2018-12-14 19:00:00,149.83,150.69,149.83,150.2,31340
2018-12-14 20:00:00,150.08,150.52,149.81,150.04,23847
2018-12-14 21:00:00,150.02,150.52,149.68,150.19,55528
2018-12-14 22:00:00,150.11,150.59,149.86,150.45,137226
2018-12-17 16:00:00,149.73,149.73,144.63,146.4,71638
2018-12-17 17:00:00,146.4,147.76,146.17,147.55,47992
2018-12-17 18:00:00,147.56,148.29,147.17,147.91,45903
2018-12-17 19:00:00,147.91,148.28,146.04,146.16,55704
2018-12-17 20:00:00,146.16,146.2,145.06,145.53,77843
2018-12-17 21:00:00,145.47,146.01,144.68,145.08,96948
2018-12-17 22:00:00,145.05,145.33,143.45,144.21,196616
2018-12-18 16:00:00,145.14,147.32,145.14,147.32,41415
2018-12-18 17:00:00,147.2,147.2,145.37,145.5,64597
2018-12-18 18:00:00,145.62,145.71,144.82,145.24,121299
2018-12-18 19:00:00,145.31,146.34,145.31,145.71,63409
2018-12-18 20:00:00,145.76,145.82,144.28,144.56,59293
2018-12-18 21:00:00,144.51,145.55,143.78,143.86,54824
2018-12-18 22:00:00,143.79,144.96,143.53,144.25,145174
2018-12-19 16:00:00,144.54,146.81,143.51,146.38,50523
2018-12-19 17:00:00,146.33,146.76,145.7,146.38,129925
2018-12-19 18:00:00,146.54,146.54,145.59,146.11,71374
2018-12-19 19:00:00,146.2,146.62,146.07,146.35,62244
2018-12-19 20:00:00,146.31,146.8,145.6,146.41,64114
2018-12-19 21:00:00,146.62,147.08,142.62,143.15,103318
2018-12-19 22:00:00,143.08,143.55,141.48,143.08,253087
2018-12-20 16:00:00,141.74,142.97,141.2,142.07,42451
2018-12-20 17:00:00,141.93,142.6,140.43,140.95,86845
2018-12-20 18:00:00,140.87,141.02,138.83,139.69,72486
2018-12-20 19:00:00,139.69,141.05,139.32,140.88,57000
2018-12-20 20:00:00,140.78,141.32,140.17,140.72,42581
2018-12-20 21:00:00,140.7,142.6,139.44,141.64,107573
2018-12-20 22:00:00,141.56,142.31,140.27,140.95,266484
2018-12-21 16:00:00,141.32,142.49,141.24,141.5,271459
2018-12-21 17:00:00,141.51,143.15,140.71,141.43,137415
2018-12-21 18:00:00,141.39,141.45,140.12,140.2,74742
2018-12-21 19:00:00,140.2,140.24,138.37,139.18,103610
2018-12-21 20:00:00,139.18,139.96,138.62,139.18,67303
2018-12-21 21:00:00,139.22,140.08,138.58,139.08,99368
2018-12-21 22:00:00,139.1,139.32,136.73,137.17,435443
2018-12-24 16:00:00,136.27,137.38,134.28,135.47,83676
2018-12-24 17:00:00,135.35,137.57,134.88,137.1,127024
2018-12-24 18:00:00,137.21,137.5,136.18,136.69,99052
2018-12-24 19:00:00,136.84,137.45,135.05,135.17,110252
2018-12-24 20:00:00,135.09,135.09,135.09,135.09,49788
2018-12-26 16:00:00,135.64,137.99,135.64,136.4,44445
2018-12-26 17:00:00,136.4,136.61,134.57,134.76,98516
2018-12-26 18:00:00,134.76,136.35,134.65,136.16,107950
2018-12-26 19:00:00,136.16,138.71,136.08,138.43,108159
2018-12-26 20:00:00,138.27,139.25,137.33,139.09,62239
2018-12-26 21:00:00,139.09,139.32,138.58,139.14,71434
2018-12-26 22:00:00,139.24,141.61,138.71,141.53,180361
2018-12-27 16:00:00,139.84,140.22,138.88,139.49,42249
2018-12-27 17:00:00,139.96,141.59,139.25,140.99,111269
2018-12-27 18:00:00,140.85,142.6,140.68,141.52,63941
2018-12-27 19:00:00,141.52,142.23,140.32,140.97,59668
2018-12-27 20:00:00,140.97,141.3,139.69,140.14,47614
2018-12-27 21:00:00,140.05,141.86,139.6,141.83,77583
2018-12-27 22:00:00,141.87,145.25,141.39,145.25,215481
2018-12-28 16:00:00,146.35,146.96,145.28,146.4,45546
2018-12-28 17:00:00,146.41,146.44,144.61,145.94,64666
2018-12-28 18:00:00,145.95,146.43,145.26,146.31,47930
2018-12-28 19:00:00,146.25,146.68,145.6,145.67,34889
2018-12-28 20:00:00,145.83,146.43,145.4,146.18,25296
2018-12-28 21:00:00,146.08,147.34,146.08,147.1,46527
2018-12-28 22:00:00,147.14,147.27,144.75,145.36,147322
2018-12-31 16:00:00,146.5,147.24,145.97,146.95,21640
2018-12-31 17:00:00,147.4,147.49,146.54,146.69,27112
2018-12-31 18:00:00,146.68,147.18,146.1,146.83,37332
2018-12-31 19:00:00,146.93,147.23,146.6,147.09,21689
2018-12-31 20:00:00,147.19,147.83,146.66,146.79,20855
2018-12-31 21:00:00,146.69,147.25,146.32,146.72,29730
2018-12-31 22:00:00,146.78,147.46,146.2,147.46,104376
2019-01-02 16:00:00,144.69,147.31,144.69,147.01,45292
2019-01-02 17:00:00,147.01,148.53,146.43,147.29,56198
2019-01-02 18:00:00,147.25,148.03,146.77,146.77,44304
2019-01-02 19:00:00,146.64,147.57,146.3,147.35,40792
2019-01-02 20:00:00,147.36,147.91,147.09,147.51,33516
2019-01-02 21:00:00,147.44,147.44,146.46,146.58,49410
2019-01-02 22:00:00,146.49,147.06,146.05,146.94,152547
2019-01-03 16:00:00,145.95,146.57,144.34,144.44,35708
2019-01-03 17:00:00,144.22,144.22,142.04,142.49,99842
2019-01-03 18:00:00,142.61,144.21,142.47,143.53,86044
2019-01-03 19:00:00,143.52,143.81,142.88,143.47,82037
2019-01-03 20:00:00,143.36,143.44,141.87,142.03,62601
2019-01-03 21:00:00,142.03,143.31,141.79,142.14,88196
2019-01-03 22:00:00,142.17,142.21,141.06,141.34,148337
2019-01-04 16:00:00,143.5,144.82,142.49,144.53,33336
2019-01-04 17:00:00,144.48,146.18,144.37,145.78,79890
2019-01-04 18:00:00,145.85,146.8,145.51,146.6,56252
2019-01-04 19:00:00,146.55,147.18,146.18,146.83,41203
2019-01-04 20:00:00,146.85,147.14,146.31,146.6,41989
2019-01-04 21:00:00,146.65,147.03,146.38,146.46,47632
2019-01-04 22:00:00,146.5,146.98,146.33,146.61,100630
2019-01-07 16:00:00,146.13,147.21,146.06,146.7,30030
2019-01-07 17:00:00,147.02,147.02,146.1,146.82,84154
2019-01-07 18:00:00,146.68,147.08,146.28,146.96,69664
2019-01-07 19:00:00,146.96,147.58,146.62,147.52,57271
2019-01-07 20:00:00,147.59,148.5,147.53,147.53,53196
2019-01-07 21:00:00,147.52,147.76,146.68,146.79,62715
2019-01-07 22:00:00,146.8,147.53,146.79,147.28,127930
2019-01-08 16:00:00,148.32,148.8,147.65,148.07,16459
2019-01-08 17:00:00,148.17,148.86,146.87,146.88,34293
2019-01-08 18:00:00,147.0,148.13,146.89,148.12,48937
2019-01-08 19:00:00,148.33,148.69,147.87,148.21,26063
2019-01-08 20:00:00,148.29,149.69,148.13,149.69,34046
2019-01-08 21:00:00,149.6,150.02,149.4,149.91,36049
2019-01-08 22:00:00,149.84,150.38,149.47,150.31,131640
2019-01-09 16:00:00,150.95,152.37,150.89,152.3,45617
2019-01-09 17:00:00,152.27,152.4,151.52,151.94,186339
2019-01-09 18:00:00,151.9,152.53,151.65,152.15,52931
2019-01-09 19:00:00,152.1,153.21,152.1,153.19,33677
2019-01-09 20:00:00,153.19,153.26,152.67,152.76,34926
2019-01-09 21:00:00,152.81,153.07,152.17,152.47,40346
2019-01-09 22:00:00,152.48,152.66,151.35,151.82,98511
2019-01-10 16:00:00,151.37,152.06,150.46,150.66,22408
2019-01-10 17:00:00,150.68,151.51,150.36,151.46,86011
2019-01-10 18:00:00,151.36,152.19,151.19,152.09,29485
2019-01-10 19:00:00,152.13,152.75,151.83,152.37,23410
2019-01-10 20:00:00,152.37,152.52,151.74,152.52,23899
2019-01-10 21:00:00,152.52,153.38,152.52,153.02,32363
2019-01-10 22:00:00,152.98,154.2,152.97,153.97,106659
2019-01-11 16:00:00,153.03,153.57,152.37,153.57,20478
2019-01-11 17:00:00,153.58,154.51,153.41,154.51,58497
2019-01-11 18:00:00,154.52,155.34,154.09,154.73,55813
2019-01-11 19:00:00,154.75,154.81,153.85,154.04,25311
2019-01-11 20:00:00,154.0,154.51,153.78,154.44,24171
2019-01-11 21:00:00,154.48,154.8,154.31,154.44,34499
2019-01-11 22:00:00,154.43,154.85,154.09,154.83,98255
2019-01-14 16:00:00,153.54,154.93,152.97,154.43,23542
2019-01-14 17:00:00,154.56,155.12,154.33,155.12,29808
2019-01-14 18:00:00,155.08,155.34,154.32,154.62,23946
2019-01-14 19:00:00,154.57,155.27,154.42,154.73,31380
2019-01-14 20:00:00,154.7,154.94,154.12,154.12,58055
2019-01-14 21:00:00,154.13,154.37,153.83,154.27,44311
2019-01-14 22:00:00,154.27,154.33,153.61,153.71,113685
2019-01-15 16:00:00,153.47,154.75,153.02,154.73,28423
2019-01-15 17:00:00,154.81,156.03,154.79,155.93,41704
2019-01-15 18:00:00,156.06,156.53,155.86,156.53,34613
2019-01-15 19:00:00,156.46,156.92,156.23,156.79,42996
2019-01-15 20:00:00,156.78,157.16,156.69,156.94,30979
2019-01-15 21:00:00,156.99,157.15,155.77,156.21,32253
2019-01-15 22:00:00,156.34,157.11,156.21,157.06,117249
2019-01-16 16:00:00,158.1,160.72,158.1,160.18,59419
2019-01-16 17:00:00,160.17,160.29,158.71,159.53,90927
2019-01-16 18:00:00,159.49,159.91,159.09,159.43,90252
2019-01-16 19:00:00,159.37,160.28,159.37,159.9,39066
2019-01-16 20:00:00,159.8,160.12,159.66,159.82,36124
2019-01-16 21:00:00,159.77,160.61,159.77,160.14,80675
2019-01-16 22:00:00,160.09,160.57,159.99,160.25,170646
2019-01-17 16:00:00,159.04,160.63,159.04,160.32,21551
2019-01-17 17:00:00,160.32,160.32,158.51,159.02,42931
2019-01-17 18:00:00,158.97,159.62,158.93,159.62,35471
2019-01-17 19:00:00,159.63,159.89,159.22,159.24,23154
2019-01-17 20:00:00,159.24,160.31,159.24,160.31,28745
2019-01-17 21:00:00,160.32,161.66,159.9,160.88,55450
2019-01-17 22:00:00,160.93,161.02,160.39,160.68,83376
2019-01-18 16:00:00,161.73,163.15,161.63,162.64,74437
2019-01-18 17:00:00,162.41,164.21,162.41,164.08,66923
2019-01-18 18:00:00,164.08,165.26,164.08,165.2,48280
2019-01-18 19:00:00,165.41,165.72,164.78,165.32,57120
2019-01-18 20:00:00,165.28,165.33,164.31,165.11,34997
2019-01-18 21:00:00,165.05,165.21,164.49,165.17,37351
2019-01-18 22:00:00,165.15,166.15,164.93,165.96,186307
2019-01-22 16:00:00,164.68,165.71,164.34,164.96,49699
2019-01-22 17:00:00,164.87,164.87,163.55,164.06,62506
2019-01-22 18:00:00,164.07,164.27,161.87,161.96,55020
2019-01-22 19:00:00,161.94,162.84,161.94,162.64,49012
2019-01-22 20:00:00,162.57,162.68,161.18,161.95,93241
2019-01-22 21:00:00,161.89,161.93,161.23,161.4,46406
2019-01-22 22:00:00,161.42,162.28,161.1,162.28,143149
2019-01-23 16:00:00,163.51,163.64,162.27,162.27,39619
2019-01-23 17:00:00,162.15,163.09,161.56,161.93,29823
2019-01-23 18:00:00,161.9,162.82,160.92,161.07,89999
2019-01-23 19:00:00,161.16,162.31,161.07,162.31,22848
2019-01-23 20:00:00,162.22,162.5,161.83,162.24,15689
2019-01-23 21:00:00,162.19,162.65,161.98,162.34,21571
2019-01-23 22:00:00,162.31,162.91,162.22,162.76,96841
2019-01-24 16:00:00,162.62,163.47,162.4,163.05,24102
2019-01-24 17:00:00,162.85,163.23,162.5,162.88,33466
2019-01-24 18:00:00,162.8,163.09,162.48,162.85,41550
2019-01-24 19:00:00,162.9,163.0,162.46,162.46,21114
2019-01-24 20:00:00,162.63,162.69,161.75,162.02,112740
2019-01-24 21:00:00,162.04,162.14,161.79,161.96,61417
2019-01-24 22:00:00,161.96,162.35,161.62,161.74,120834
2019-01-25 16:00:00,163.39,163.72,162.5,162.9,23917
2019-01-25 17:00:00,163.04,164.01,162.83,163.63,42145
2019-01-25 18:00:00,163.62,163.62,162.96,163.25,28254
2019-01-25 19:00:00,163.15,163.98,163.02,163.9,35464
2019-01-25 20:00:00,163.89,164.22,163.69,164.17,19909
2019-01-25 21:00:00,164.12,164.35,163.64,163.78,31293
2019-01-25 22:00:00,163.78,163.85,163.29,163.83,116196
2019-01-28 16:00:00,162.67,163.48,161.0,161.81,17386
2019-01-28 17:00:00,161.96,162.63,161.32,162.38,48602
2019-01-28 18:00:00,162.3,163.2,162.15,162.15,26921
2019-01-28 19:00:00,162.16,162.94,162.06,162.51,19903
2019-01-28 20:00:00,162.41,162.98,162.32,162.69,30332
2019-01-28 21:00:00,162.79,162.8,161.91,162.03,47918
2019-01-28 22:00:00,162.02,162.43,161.86,162.43,125878
2019-01-29 16:00:00,161.77,162.85,161.33,161.33,25132
2019-01-29 17:00:00,161.44,161.95,160.34,160.69,47980
2019-01-29 18:00:00,160.68,160.98,160.29,160.41,21102
2019-01-29 19:00:00,160.35,160.92,160.02,160.78,36316
2019-01-29 20:00:00,160.78,161.25,160.62,160.93,15204
2019-01-29 21:00:00,160.93,161.01,160.54,160.76,33784
2019-01-29 22:00:00,160.76,161.08,160.59,160.85,108633
2019-01-30 16:00:00,161.67,162.01,161.04,161.18,24178
2019-01-30 17:00:00,161.04,161.82,160.97,161.37,73937
2019-01-30 18:00:00,161.43,161.83,161.37,161.83,39527
2019-01-30 19:00:00,161.91,162.28,161.6,161.95,31373
2019-01-30 20:00:00,161.87,162.0,161.36,161.84,33166
2019-01-30 21:00:00,161.78,163.28,161.63,163.28,93485
2019-01-30 22:00:00,163.26,163.53,162.43,162.75,169521
2019-01-31 16:00:00,161.43,163.83,161.43,162.83,48859
2019-01-31 17:00:00,162.83,165.13,162.83,164.62,80290
2019-01-31 18:00:00,164.74,167.5,164.72,167.36,78790
2019-01-31 19:00:00,167.51,167.85,166.82,167.1,71159
2019-01-31 20:00:00,167.12,167.7,166.25,167.5,80038
2019-01-31 21:00:00,167.41,169.59,167.19,169.53,105253
2019-01-31 22:00:00,169.47,170.53,168.62,170.27,297718
2019-02-01 16:00:00,170.98,174.51,170.45,173.02,52537
2019-02-01 17:00:00,172.81,173.68,171.63,172.05,128036
2019-02-01 18:00:00,172.0,173.9,171.4,173.37,58687
2019-02-01 19:00:00,173.3,173.8,172.72,173.11,70036
2019-02-01 20:00:00,173.12,173.34,172.57,172.95,35604
2019-02-01 21:00:00,172.87,172.9,171.74,172.04,47767
2019-02-01 22:00:00,172.13,172.93,171.77,172.86,120468
2019-02-04 16:00:00,172.85,173.45,172.42,172.47,29061
2019-02-04 17:00:00,172.35,172.35,170.55,171.68,37121
2019-02-04 18:00:00,171.7,171.78,170.63,171.13,35654
2019-02-04 19:00:00,171.21,171.21,170.63,171.02,22493
2019-02-04 20:00:00,170.99,171.2,170.7,171.13,49094
2019-02-04 21:00:00,171.17,171.93,171.09,171.79,18686
2019-02-04 22:00:00,171.82,172.56,171.7,172.56,58628
2019-02-05 16:00:00,173.87,173.89,172.95,173.76,25905
2019-02-05 17:00:00,173.67,174.95,173.65,174.95,47921
2019-02-05 18:00:00,175.07,175.19,173.65,174.05,88144
2019-02-05 19:00:00,174.07,174.27,173.63,173.92,44985
2019-02-05 20:00:00,173.9,174.39,173.65,174.34,24812
2019-02-05 21:00:00,174.38,175.06,174.38,174.62,34411
2019-02-05 22:00:00,174.65,174.72,174.17,174.46,138779
2019-02-06 16:00:00,174.09,174.45,173.34,173.34,6994
2019-02-06 17:00:00,173.41,173.66,172.52,172.92,25021
2019-02-06 18:00:00,173.03,173.1,172.0,172.14,30654
2019-02-06 19:00:00,172.08,172.43,171.93,172.12,30432
2019-02-06 20:00:00,172.16,172.77,172.03,172.6,76595
2019-02-06 21:00:00,172.47,172.47,170.94,171.4,51147
2019-02-06 22:00:00,171.36,171.95,171.31,171.95,77888
2019-02-07 16:00:00,170.69,171.63,170.55,171.49,46617
2019-02-07 17:00:00,171.52,172.54,171.26,171.84,53265
2019-02-07 18:00:00,171.79,172.47,171.52,171.6,64277
2019-02-07 19:00:00,171.56,172.62,171.39,172.02,46587
2019-02-07 20:00:00,172.0,172.8,172.0,172.28,52030
2019-02-07 21:00:00,172.21,172.31,171.85,171.96,65480
2019-02-07 22:00:00,171.98,172.45,171.81,172.45,153191
2019-02-08 16:00:00,171.41,171.83,170.4,170.51,22349
2019-02-08 17:00:00,170.27,170.43,169.4,170.04,44377
2019-02-08 18:00:00,169.83,170.27,169.61,170.18,33013
2019-02-08 19:00:00,170.2,170.72,170.0,170.51,46213
2019-02-08 20:00:00,170.59,170.97,170.47,170.84,32520
2019-02-08 21:00:00,170.93,171.19,170.7,171.17,46094
2019-02-08 22:00:00,171.07,172.3,170.8,172.29,107217
2019-02-11 16:00:00,172.53,173.51,172.53,172.66,13530
2019-02-11 17:00:00,172.69,173.01,172.45,172.93,29301
2019-02-11 18:00:00,173.04,173.53,172.67,172.83,21163
2019-02-11 19:00:00,172.77,172.87,172.03,172.09,30243
2019-02-11 20:00:00,172.07,172.3,171.62,171.98,44643
2019-02-11 21:00:00,171.97,172.11,171.48,171.57,31044
2019-02-11 22:00:00,171.6,172.05,171.51,171.68,77346
2019-02-12 16:00:00,172.49,173.52,169.21,171.82,20045
2019-02-12 17:00:00,171.82,173.45,171.82,173.45,66593
2019-02-12 18:00:00,173.56,174.29,173.49,174.22,57200
2019-02-12 19:00:00,174.2,174.65,174.08,174.21,34859
2019-02-12 20:00:00,174.19,174.64,173.88,174.64,38637
2019-02-12 21:00:00,174.66,174.86,174.21,174.21,22903
2019-02-12 22:00:00,174.12,174.72,174.06,174.58,61759
2019-02-13 16:00:00,175.57,175.8,174.49,174.7,25055
2019-02-13 17:00:00,174.73,175.56,174.2,175.09,18881
2019-02-13 18:00:00,175.16,175.51,174.47,174.67,13311
2019-02-13 19:00:00,174.67,174.78,174.36,174.62,9861
2019-02-13 20:00:00,174.59,175.09,174.59,175.01,8499
2019-02-13 21:00:00,174.97,175.46,174.96,175.37,17670
2019-02-13 22:00:00,175.44,175.74,174.83,174.87,48544
2019-02-14 16:00:00,174.0,174.15,172.98,173.37,20018
2019-02-14 17:00:00,173.33,174.05,173.22,173.77,28578
2019-02-14 18:00:00,173.81,174.35,173.41,174.35,31937
2019-02-14 19:00:00,174.36,174.76,174.21,174.5,28491
2019-02-14 20:00:00,174.54,174.87,174.37,174.84,22220
2019-02-14 21:00:00,174.8,174.98,174.08,174.19,34400
2019-02-14 22:00:00,174.23,174.74,174.02,174.13,67059
2019-02-15 16:00:00,175.53,175.61,174.67,174.69,47778
2019-02-15 17:00:00,174.7,175.49,174.7,175.17,40166
2019-02-15 18:00:00,175.26,175.43,175.02,175.24,22005
2019-02-15 19:00:00,175.25,175.25,174.73,174.86,13930
2019-02-15 20:00:00,174.95,174.95,174.54,174.67,12235
2019-02-15 21:00:00,174.72,175.13,174.72,175.06,28469
2019-02-15 22:00:00,175.0,175.48,174.85,175.18,104530
2019-02-19 16:00:00,174.29,174.61,174.0,174.44,27440
2019-02-19 17:00:00,174.37,174.65,174.06,174.4,28193
2019-02-19 18:00:00,174.51,174.98,174.4,174.86,35646
2019-02-19 19:00:00,174.88,175.1,174.82,174.92,28008
2019-02-19 20:00:00,174.87,175.07,174.65,174.85,27326
2019-02-19 21:00:00,174.85,175.7,174.85,175.52,50981
2019-02-19 22:00:00,175.54,175.63,174.72,174.83,93809
2019-02-20 16:00:00,174.78,174.78,174.01,174.28,24324
2019-02-20 17:00:00,174.38,174.51,174.0,174.13,16195
2019-02-20 18:00:00,174.01,174.26,173.94,174.08,18636
2019-02-20 19:00:00,174.04,174.1,173.19,173.51,37477
2019-02-20 20:00:00,173.54,175.03,173.54,175.02,30858
2019-02-20 21:00:00,175.11,175.75,174.5,175.66,34187
2019-02-20 22:00:00,175.61,176.16,175.48,176.15,107849
2019-02-21 16:00:00,175.37,175.37,173.56,173.56,21460
2019-02-21 17:00:00,173.56,173.97,173.0,173.62,59060
2019-02-21 18:00:00,173.66,174.39,173.57,174.39,36301
2019-02-21 19:00:00,174.39,174.59,174.31,174.44,26263
2019-02-21 20:00:00,174.45,174.45,173.93,174.01,28352
2019-02-21 21:00:00,174.03,174.16,173.55,173.81,55164
2019-02-21 22:00:00,173.83,174.32,173.46,174.22,115652
2019-02-22 16:00:00,174.85,175.55,174.23,175.35,13782
2019-02-22 17:00:00,175.32,175.73,174.93,175.27,33625
2019-02-22 18:00:00,175.16,175.51,174.99,175.35,20383
2019-02-22 19:00:00,175.41,175.61,175.21,175.47,15144
2019-02-22 20:00:00,175.5,176.09,175.46,176.07,27245
2019-02-22 21:00:00,176.02,176.85,175.98,176.6,58689
2019-02-22 22:00:00,176.55,177.3,176.4,177.15,78292
2019-02-25 16:00:00,178.15,180.19,177.56,179.95,82357
2019-02-25 17:00:00,179.99,180.08,178.8,179.11,113165
2019-02-25 18:00:00,179.23,179.34,178.76,178.9,48743
2019-02-25 19:00:00,178.88,179.15,177.51,177.59,56569
2019-02-25 20:00:00,177.61,178.3,177.61,178.25,67770
2019-02-25 21:00:00,178.28,178.38,177.95,178.11,46806
2019-02-25 22:00:00,178.11,178.35,177.92,178.13,126135
2019-02-26 16:00:00,178.12,178.5,177.19,178.1,25904
2019-02-26 17:00:00,178.1,179.31,178.1,178.21,53596
2019-02-26 18:00:00,178.22,179.58,178.22,179.42,24163
2019-02-26 19:00:00,179.29,179.5,178.77,179.07,59426
2019-02-26 20:00:00,179.01,179.07,178.4,178.53,50338
2019-02-26 21:00:00,178.51,178.87,178.36,178.63,46627
2019-02-26 22:00:00,178.62,179.07,178.26,178.32,111443
2019-02-27 16:00:00,178.1,180.1,178.1,179.37,24068
2019-02-27 17:00:00,179.36,179.53,178.56,178.93,43214
2019-02-27 18:00:00,178.94,180.36,178.94,180.2,34406
2019-02-27 19:00:00,180.21,180.46,179.56,180.25,47022
2019-02-27 20:00:00,180.26,180.93,180.1,180.32,27846
2019-02-27 21:00:00,180.29,180.81,180.26,180.68,39777
2019-02-27 22:00:00,180.66,180.98,180.51,180.74,98213
2019-02-28 16:00:00,181.01,184.74,181.01,184.54,55245
2019-02-28 17:00:00,184.68,184.68,183.2,183.67,72365
2019-02-28 18:00:00,183.66,185.03,183.48,184.99,56305
2019-02-28 19:00:00,184.99,185.27,184.83,184.97,53649
2019-02-28 20:00:00,184.96,185.4,184.64,185.02,44430
2019-02-28 21:00:00,184.99,185.36,183.97,184.21,72345
2019-02-28 22:00:00,184.17,184.84,184.04,184.73,175948
2019-03-01 16:00:00,187.21,189.58,186.94,189.03,83659
2019-03-01 17:00:00,188.85,190.09,188.63,189.82,111249
2019-03-01 18:00:00,189.8,190.29,189.35,190.29,79106
2019-03-01 19:00:00,190.25,191.34,190.08,190.92,150891
2019-03-01 20:00:00,190.85,191.19,189.96,190.0,84411
2019-03-01 21:00:00,189.99,190.36,189.58,190.34,91655
2019-03-01 22:00:00,190.32,190.66,189.96,190.23,184223
2019-03-04 16:00:00,191.69,193.94,190.32,191.21,79061
2019-03-04 17:00:00,191.33,191.84,190.27,190.48,109122
2019-03-04 18:00:00,190.48,190.81,188.24,188.39,211860
2019-03-04 19:00:00,188.25,188.44,186.27,186.71,54971
2019-03-04 20:00:00,186.64,187.55,185.87,187.4,50895
2019-03-04 21:00:00,187.44,187.53,186.74,186.98,39586
2019-03-04 22:00:00,186.92,187.22,186.57,187.16,126589
2019-03-05 16:00:00,187.62,188.09,186.75,187.91,97314
2019-03-05 17:00:00,188.02,189.2,187.55,187.55,62808
2019-03-05 18:00:00,187.59,188.33,187.52,187.86,56199
2019-03-05 19:00:00,187.86,188.43,187.79,188.26,40812
2019-03-05 20:00:00,188.21,188.73,188.14,188.44,41461
2019-03-05 21:00:00,188.39,188.39,187.82,188.28,39869
2019-03-05 22:00:00,188.27,188.28,187.48,187.66,119092
2019-03-06 16:00:00,187.44,188.06,187.15,187.89,24737
2019-03-06 17:00:00,187.89,187.91,186.74,186.98,69154
2019-03-06 18:00:00,187.02,187.15,185.78,186.19,38068
2019-03-06 19:00:00,186.17,186.6,186.01,186.45,50544
2019-03-06 20:00:00,186.48,187.26,186.46,187.26,33614
2019-03-06 21:00:00,187.25,187.4,186.84,186.89,25938
2019-03-06 22:00:00,186.78,186.87,186.3,186.49,75820
2019-03-07 16:00:00,185.42,185.96,184.09,184.66,51788
2019-03-07 17:00:00,184.74,184.74,183.05,184.0,77323
2019-03-07 18:00:00,183.98,184.58,183.52,183.93,39341
2019-03-07 19:00:00,183.91,183.92,183.23,183.83,39332
2019-03-07 20:00:00,183.81,183.82,183.04,183.32,44624
2019-03-07 21:00:00,183.28,183.32,182.04,182.06,44079
2019-03-07 22:00:00,182.13,182.42,181.62,182.06,215342
2019-03-08 16:00:00,180.47,180.92,179.45,180.82,25610
2019-03-08 17:00:00,180.64,181.47,180.26,181.39,26834
2019-03-08 18:00:00,181.37,182.32,181.37,181.8,28723
2019-03-08 19:00:00,181.74,181.74,180.57,180.69,22803
2019-03-08 20:00:00,180.74,181.41,180.57,181.21,21170
2019-03-08 21:00:00,181.24,182.01,181.03,181.77,16556
2019-03-08 22:00:00,181.72,182.54,181.24,182.42,53501
2019-03-11 16:00:00,182.64,183.69,182.64,183.69,22470
2019-03-11 17:00:00,183.83,184.75,183.7,184.74,40885
2019-03-11 18:00:00,184.71,185.3,184.71,185.11,54752
2019-03-11 19:00:00,185.14,185.24,184.1,184.17,43267
2019-03-11 20:00:00,184.13,184.28,183.47,183.75,43198
2019-03-11 21:00:00,183.7,183.87,183.1,183.43,60462
2019-03-11 22:00:00,183.34,183.83,183.22,183.66,73331
2019-03-12 16:00:00,183.66,183.66,182.82,182.99,25790
2019-03-12 17:00:00,183.24,184.73,183.05,184.65,46964
2019-03-12 18:00:00,184.6,184.61,183.57,184.58,57995
2019-03-12 19:00:00,184.56,184.92,184.27,184.59,53743
2019-03-12 20:00:00,184.65,185.47,184.54,185.21,34166
2019-03-12 21:00:00,185.23,185.41,184.87,185.13,43256
2019-03-12 22:00:00,185.1,185.14,184.56,185.02,97147
2019-03-13 16:00:00,186.01,186.01,184.69,185.82,21296
2019-03-13 17:00:00,185.64,186.54,184.98,186.52,25062
2019-03-13 18:00:00,186.48,186.75,185.95,186.21,42293
2019-03-13 19:00:00,186.31,186.46,185.95,186.18,20843
2019-03-13 20:00:00,186.28,186.71,186.13,186.6,30667
2019-03-13 21:00:00,186.55,187.32,186.11,186.44,78287
2019-03-13 22:00:00,186.42,186.73,185.2,185.61,157514
2019-03-14 16:00:00,185.45,186.13,184.61,185.77,36745
2019-03-14 17:00:00,185.73,186.37,185.26,186.09,44114
2019-03-14 18:00:00,186.14,186.76,185.94,186.69,44203
2019-03-14 19:00:00,186.68,186.68,186.05,186.1,33476
2019-03-14 20:00:00,186.08,186.08,185.74,185.79,26024
2019-03-14 21:00:00,185.81,186.72,185.77,186.69,41316
2019-03-14 22:00:00,186.7,187.23,186.46,186.81,138492
2019-03-15 16:00:00,186.51,186.68,185.45,186.31,103170
2019-03-15 17:00:00,186.41,187.06,186.36,187.04,34695
2019-03-15 18:00:00,187.04,188.13,186.99,188.1,27179
2019-03-15 19:00:00,188.07,188.36,188.01,188.03,23956
2019-03-15 20:00:00,188.08,188.2,187.86,187.95,23344
2019-03-15 21:00:00,187.94,188.64,187.73,188.63,51746
2019-03-15 22:00:00,188.54,189.85,188.44,189.56,229516
2019-03-18 16:00:00,189.82,191.7,189.67,191.5,67506
2019-03-18 17:00:00,191.68,191.81,191.21,191.62,53385
2019-03-18 18:00:00,191.62,191.62,190.31,190.51,73348
2019-03-18 19:00:00,190.5,191.19,189.88,191.11,69127
2019-03-18 20:00:00,191.08,191.12,190.41,190.91,54761
2019-03-18 21:00:00,190.99,191.13,190.69,190.99,46456
2019-03-18 22:00:00,190.98,191.06,190.36,190.98,120987
2019-03-19 16:00:00,191.12,192.61,190.74,190.9,35802
2019-03-19 17:00:00,190.99,191.44,190.97,191.1,39024
2019-03-19 18:00:00,191.07,191.66,190.92,191.66,38928
2019-03-19 19:00:00,191.67,191.87,190.96,191.45,22491
2019-03-19 20:00:00,191.41,191.87,191.34,191.51,23450
2019-03-19 21:00:00,191.54,192.08,191.36,191.97,34473
2019-03-19 22:00:00,191.97,192.09,191.29,191.76,130990
2019-03-20 16:00:00,191.34,192.4,191.09,191.79,47649
2019-03-20 17:00:00,191.94,192.48,191.92,191.99,29711
2019-03-20 18:00:00,192.08,192.14,191.09,191.16,49384
2019-03-20 19:00:00,191.19,191.78,190.94,191.29,43464
2019-03-20 20:00:00,191.3,191.39,191.08,191.31,27464
2019-03-20 21:00:00,191.36,193.54,191.36,193.45,61826
2019-03-20 22:00:00,193.45,193.53,191.76,191.97,108515
2019-03-21 16:00:00,191.1,192.46,191.1,192.33,31030
2019-03-21 17:00:00,192.34,193.5,192.0,193.5,129565
2019-03-21 18:00:00,193.58,194.5,193.34,194.5,69431
2019-03-21 19:00:00,194.57,194.86,194.03,194.76,37575
2019-03-21 20:00:00,194.76,195.4,194.76,195.05,34674
2019-03-21 21:00:00,195.11,195.9,195.11,195.87,42886
2019-03-21 22:00:00,195.89,195.99,194.95,195.65,137285
2019-03-22 16:00:00,194.08,195.28,191.85,191.95,36600
2019-03-22 17:00:00,191.91,193.82,191.91,192.66,82150
2019-03-22 18:00:00,192.63,192.75,191.17,191.17,57386
2019-03-22 19:00:00,191.2,192.37,191.2,192.27,56847
2019-03-22 20:00:00,192.22,192.87,191.77,191.89,34877
2019-03-22 21:00:00,191.89,193.24,191.82,192.82,40395
2019-03-22 22:00:00,192.79,192.9,191.58,191.97,176313
2019-03-25 16:00:00,191.23,191.75,189.93,190.05,50378
2019-03-25 17:00:00,190.15,191.98,189.93,191.83,110458
2019-03-25 18:00:00,191.78,192.24,191.1,191.6,61211
2019-03-25 19:00:00,191.57,192.21,191.31,191.88,25719
2019-03-25 20:00:00,192.01,192.12,191.22,191.22,29092
2019-03-25 21:00:00,191.28,191.87,191.15,191.7,28679
2019-03-25 22:00:00,191.78,192.01,191.5,191.58,78731
2019-03-26 16:00:00,192.73,193.8,191.15,192.5,62691
2019-03-26 17:00:00,192.55,193.17,191.77,193.17,31563
2019-03-26 18:00:00,193.26,193.71,192.65,192.75,31906
2019-03-26 19:00:00,192.72,193.19,192.01,192.28,35649
2019-03-26 20:00:00,192.36,193.0,192.29,192.54,47835
2019-03-26 21:00:00,192.56,193.22,192.39,193.16,26811
2019-03-26 22:00:00,193.12,194.53,193.12,194.5,83985
2019-03-27 16:00:00,194.14,194.81,193.85,194.01,35294
2019-03-27 17:00:00,194.0,194.7,193.46,193.61,37658
2019-03-27 18:00:00,193.73,193.85,191.72,192.26,63351
2019-03-27 19:00:00,192.29,193.12,192.15,192.83,21463
2019-03-27 20:00:00,192.78,193.96,192.71,193.39,19498
2019-03-27 21:00:00,193.42,193.53,192.85,193.09,22631
2019-03-27 22:00:00,193.16,194.04,192.91,193.36,57122
2019-03-28 16:00:00,194.15,194.5,193.34,194.5,29283
2019-03-28 17:00:00,194.48,195.37,194.3,194.63,46933
2019-03-28 18:00:00,194.63,194.63,193.81,194.62,20526
2019-03-28 19:00:00,194.51,195.3,194.45,195.15,27776
2019-03-28 20:00:00,195.15,195.66,195.04,195.66,25608
2019-03-28 21:00:00,195.65,196.16,195.32,195.95,40978
2019-03-28 22:00:00,195.95,196.81,195.88,196.63,109025
2019-03-29 16:00:00,198.17,198.83,196.8,197.16,19808
2019-03-29 17:00:00,197.16,198.35,196.9,197.73,27256
2019-03-29 18:00:00,197.76,198.52,197.68,198.09,22615
2019-03-29 19:00:00,198.03,198.85,197.84,198.53,53485
2019-03-29 20:00:00,198.71,198.84,198.34,198.74,38789
2019-03-29 21:00:00,198.7,199.37,198.68,199.16,54669
2019-03-29 22:00:00,199.26,199.39,198.68,198.84,117216
2019-04-01 16:00:00,200.98,202.32,200.67,200.84,78609
2019-04-01 17:00:00,200.97,201.45,200.46,200.57,50401
2019-04-01 18:00:00,200.57,201.77,200.51,201.34,28649
2019-04-01 19:00:00,201.33,201.33,200.44,201.11,53916
2019-04-01 20:00:00,201.07,201.55,201.06,201.24,22631
2019-04-01 21:00:00,201.21,201.55,201.21,201.38,39296
2019-04-01 22:00:00,201.34,202.03,201.11,201.83,145757
2019-04-02 16:00:00,202.24,202.84,201.86,202.67,61019
2019-04-02 17:00:00,202.29,203.4,201.71,203.33,100430
2019-04-02 18:00:00,203.3,203.99,202.5,203.5,123590
2019-04-02 19:00:00,203.52,204.24,203.52,203.98,59181
2019-04-02 20:00:00,204.04,204.44,203.71,204.35,61434
2019-04-02 21:00:00,204.3,204.76,204.22,204.75,74029
2019-04-02 22:00:00,204.73,205.21,204.73,204.89,165662
2019-04-03 16:00:00,206.18,206.51,205.39,205.5,39323
2019-04-03 17:00:00,205.19,206.25,204.73,205.94,52879
2019-04-03 18:00:00,206.05,206.52,205.56,205.78,27975
2019-04-03 19:00:00,205.73,206.07,205.57,205.95,33230
2019-04-03 20:00:00,206.01,206.24,205.33,205.33,33350
2019-04-03 21:00:00,205.28,205.65,205.19,205.3,29581
2019-04-03 22:00:00,205.25,206.39,204.99,206.34,95559
2019-04-04 16:00:00,207.23,207.27,206.16,206.47,24772
2019-04-04 17:00:00,206.64,207.2,205.89,206.65,53578
2019-04-04 18:00:00,206.56,206.93,204.88,205.02,45203
2019-04-04 19:00:00,205.03,205.54,204.64,205.42,34264
2019-04-04 20:00:00,205.43,205.82,205.17,205.17,23144
2019-04-04 21:00:00,205.2,206.05,204.89,206.01,32787
2019-04-04 22:00:00,205.98,206.29,205.52,206.26,77951
2019-04-05 16:00:00,206.31,207.33,206.31,207.0,14616
2019-04-05 17:00:00,206.96,207.16,205.06,206.37,61475
2019-04-05 18:00:00,206.43,206.45,205.37,205.67,31747
2019-04-05 19:00:00,205.61,206.33,205.59,206.05,28817
2019-04-05 20:00:00,206.02,206.29,205.95,206.17,19419
2019-04-05 21:00:00,206.12,206.14,205.5,205.93,17028
2019-04-05 22:00:00,205.92,207.0,205.58,206.99,101179
2019-04-08 16:00:00,207.04,208.0,206.96,207.73,52943
2019-04-08 17:00:00,207.84,208.92,207.53,208.51,38207
2019-04-08 18:00:00,208.5,209.58,208.35,209.06,41310
2019-04-08 19:00:00,209.1,209.93,208.92,209.85,42467
2019-04-08 20:00:00,209.88,210.27,209.71,210.27,53802
2019-04-08 21:00:00,210.28,210.5,209.88,210.04,40969
2019-04-08 22:00:00,210.13,211.12,210.05,211.08,115546
2019-04-09 16:00:00,210.29,211.33,209.8,210.52,83464
2019-04-09 17:00:00,210.59,210.78,210.07,210.36,87297
2019-04-09 18:00:00,210.36,211.31,210.36,211.06,25589
2019-04-09 19:00:00,211.01,211.44,211.01,211.33,17605
2019-04-09 20:00:00,211.22,211.34,210.87,211.07,19560
2019-04-09 21:00:00,211.03,211.32,210.74,211.26,33245
2019-04-09 22:00:00,211.27,211.95,211.16,211.94,91949
2019-04-10 16:00:00,213.3,213.81,212.16,213.73,42886
2019-04-10 17:00:00,213.72,215.13,212.96,214.42,58064
2019-04-10 18:00:00,214.41,214.79,214.1,214.58,58867
2019-04-10 19:00:00,214.66,215.22,214.38,215.17,51162
2019-04-10 20:00:00,215.21,215.29,214.92,215.08,39848
2019-04-10 21:00:00,215.12,215.52,214.92,215.42,46817
2019-04-10 22:00:00,215.45,215.56,214.46,214.67,106204
2019-04-11 16:00:00,214.78,215.75,214.78,214.96,50619
2019-04-11 17:00:00,214.87,215.38,214.75,215.22,54512
2019-04-11 18:00:00,215.25,215.33,214.78,215.03,28218
2019-04-11 19:00:00,215.04,215.54,214.97,215.42,33335
2019-04-11 20:00:00,215.47,216.29,215.47,216.07,48889
2019-04-11 21:00:00,216.09,216.55,216.02,216.49,95018
2019-04-11 22:00:00,216.52,217.03,216.26,216.31,141250
2019-04-12 16:00:00,218.46,218.51,216.87,216.99,54244
2019-04-12 17:00:00,216.86,218.41,216.75,217.63,53307
2019-04-12 18:00:00,217.66,217.79,216.89,217.23,49379
2019-04-12 19:00:00,217.16,218.17,217.16,218.03,27260
2019-04-12 20:00:00,218.0,218.2,217.82,217.82,34956
2019-04-12 21:00:00,217.83,218.31,217.66,218.27,66407
2019-04-12 22:00:00,218.27,218.33,217.82,217.99,101720
2019-04-15 16:00:00,218.11,219.47,217.63,218.42,39636
2019-04-15 17:00:00,218.63,218.93,218.01,218.51,50870
2019-04-15 18:00:00,218.6,219.05,218.45,218.84,21668
2019-04-15 19:00:00,218.85,218.85,218.33,218.41,23064
2019-04-15 20:00:00,218.48,219.14,218.48,218.95,21071
2019-04-15 21:00:00,218.91,219.13,218.74,219.01,51773
2019-04-15 22:00:00,218.99,219.28,218.89,218.99,84138
2019-04-16 16:00:00,219.54,219.84,218.84,219.25,38317
2019-04-16 17:00:00,219.25,219.68,218.91,219.45,48127
2019-04-16 18:00:00,219.46,220.29,219.1,219.31,43033
2019-04-16 19:00:00,219.39,220.04,219.39,219.72,39175
2019-04-16 20:00:00,219.67,219.71,218.83,219.33,73239
2019-04-16 21:00:00,219.3,219.32,218.74,218.83,41990
2019-04-16 22:00:00,218.87,219.59,217.83,219.33,193411
2019-04-17 16:00:00,220.63,220.63,218.88,219.08,50029
2019-04-17 17:00:00,218.88,219.4,218.29,219.37,56170
2019-04-17 18:00:00,219.34,219.51,218.93,219.38,64892
2019-04-17 19:00:00,219.29,219.69,219.02,219.6,26578
2019-04-17 20:00:00,219.62,220.24,219.62,220.13,40957
2019-04-17 21:00:00,220.05,220.05,219.14,219.5,49920
2019-04-17 22:00:00,219.49,219.69,218.99,219.0,154859
2019-04-18 16:00:00,218.59,219.16,217.59,217.66,37106
2019-04-18 17:00:00,217.58,218.39,217.51,217.99,41518
2019-04-18 18:00:00,218.09,218.59,217.78,218.19,39602
2019-04-18 19:00:00,218.21,219.34,217.96,219.27,24126
2019-04-18 20:00:00,219.15,219.73,219.15,219.69,21329
2019-04-18 21:00:00,219.72,220.75,219.63,220.69,23513
2019-04-18 22:00:00,220.72,221.45,220.42,221.3,98886
2019-04-22 16:00:00,220.52,221.75,219.99,221.56,26107
2019-04-22 17:00:00,221.78,223.23,221.6,222.85,15556
2019-04-22 18:00:00,222.67,223.01,222.46,222.74,17294
2019-04-22 19:00:00,222.72,222.99,222.34,222.42,12391
2019-04-22 20:00:00,222.32,222.8,222.17,222.7,6834
2019-04-22 21:00:00,222.71,223.18,222.58,223.12,12411
2019-04-22 22:00:00,223.19,223.21,222.46,222.55,39388
2019-04-23 16:00:00,222.95,223.63,222.16,223.49,36729
2019-04-23 17:00:00,223.43,223.92,223.33,223.39,26575
2019-04-23 18:00:00,223.57,224.74,223.48,224.51,19710
2019-04-23 19:00:00,224.45,225.46,224.44,225.22,26327
2019-04-23 20:00:00,225.37,225.91,225.34,225.82,24183
2019-04-23 21:00:00,225.8,226.14,225.52,226.05,22781
2019-04-23 22:00:00,226.02,226.07,225.62,226.05,86362
2019-04-24 16:00:00,225.33,226.87,225.3,225.48,49619
2019-04-24 17:00:00,225.57,225.65,224.62,225.34,25949
2019-04-24 18:00:00,225.46,226.09,225.33,225.92,25311
2019-04-24 19:00:00,225.92,226.24,225.82,225.82,17992
2019-04-24 20:00:00,225.87,226.15,225.56,225.89,16623
2019-04-24 21:00:00,225.86,226.28,225.71,226.01,67738
2019-04-24 22:00:00,226.01,226.04,224.77,224.86,129081
2019-04-25 16:00:00,224.58,225.02,222.93,223.17,59653
2019-04-25 17:00:00,223.19,223.8,221.11,222.0,79864
2019-04-25 18:00:00,222.24,222.81,221.44,222.38,48948
2019-04-25 19:00:00,222.45,222.72,221.78,222.09,35242
2019-04-25 20:00:00,222.12,222.83,221.95,222.53,96960
2019-04-25 21:00:00,222.61,223.44,222.47,223.26,139085
2019-04-25 22:00:00,223.25,224.01,223.11,223.2,164830
2019-04-26 16:00:00,223.96,224.13,222.24,222.51,24114
2019-04-26 17:00:00,222.92,223.28,222.27,223.2,44929
2019-04-26 18:00:00,223.21,224.38,223.21,224.16,43960
2019-04-26 19:00:00,224.19,224.73,224.12,224.3,19317
2019-04-26 20:00:00,224.3,224.73,224.19,224.73,16281
2019-04-26 21:00:00,224.7,224.99,224.33,224.91,24680
2019-04-26 22:00:00,224.95,226.08,224.9,226.02,67629
2019-04-29 16:00:00,225.56,226.32,224.59,225.97,33086
2019-04-29 17:00:00,225.9,226.65,225.12,226.24,27740
2019-04-29 18:00:00,226.21,226.21,224.12,224.19,30022
2019-04-29 19:00:00,224.16,224.79,223.77,224.76,18961
2019-04-29 20:00:00,224.55,224.95,223.74,223.86,40313
2019-04-29 21:00:00,223.88,224.33,223.48,223.92,39316
2019-04-29 22:00:00,223.91,224.08,223.45,223.69,97743
2019-04-30 16:00:00,223.04,224.0,222.63,223.1,96180
2019-04-30 17:00:00,223.18,225.54,222.9,224.65,83014
2019-04-30 18:00:00,224.59,224.59,223.49,224.25,49594
2019-04-30 19:00:00,224.26,224.9,223.95,224.05,40094
2019-04-30 20:00:00,224.1,224.81,223.66,224.69,30975
2019-04-30 21:00:00,224.76,224.76,223.78,224.07,138927
2019-04-30 22:00:00,224.15,225.71,224.08,225.38,108818
2019-05-01 16:00:00,225.58,225.58,224.55,224.91,17582
2019-05-01 17:00:00,224.82,225.4,224.22,225.2,66150
2019-05-01 18:00:00,225.19,225.88,224.89,225.41,65865
2019-05-01 19:00:00,225.42,225.85,225.15,225.85,43964
2019-05-01 20:00:00,225.85,226.12,225.75,226.03,42349
2019-05-01 21:00:00,226.0,226.37,225.01,225.08,79764
2019-05-01 22:00:00,225.07,225.32,222.73,222.73,159263
2019-05-02 16:00:00,225.09,225.09,221.29,222.73,43061
2019-05-02 17:00:00,222.62,223.65,220.23,220.53,97600
2019-05-02 18:00:00,220.6,220.96,217.12,217.3,102220
2019-05-02 19:00:00,217.26,220.25,217.25,219.2,46312
2019-05-02 20:00:00,219.32,219.82,218.63,219.71,79895
2019-05-02 21:00:00,219.71,220.86,219.56,220.55,91207
2019-05-02 22:00:00,220.59,221.34,220.04,221.34,125887
2019-05-03 16:00:00,221.39,224.8,220.59,224.24,36748
2019-05-03 17:00:00,223.83,225.8,223.83,225.28,39744
2019-05-03 18:00:00,225.4,226.57,225.24,226.47,39732
2019-05-03 19:00:00,226.53,226.65,226.1,226.2,23784
2019-05-03 20:00:00,226.22,227.17,226.05,226.92,47037
2019-05-03 21:00:00,226.94,227.21,226.48,226.75,33017
2019-05-03 22:00:00,226.65,227.41,226.52,226.99,90166
2019-05-06 16:00:00,223.56,226.82,222.29,225.51,51544
2019-05-06 17:00:00,225.71,226.25,224.83,226.06,44125
2019-05-06 18:00:00,225.85,227.68,225.73,226.85,48117
2019-05-06 19:00:00,226.95,227.55,226.32,227.03,28809
2019-05-06 20:00:00,226.91,228.42,226.74,228.33,34709
2019-05-06 21:00:00,228.34,229.87,228.27,229.71,48565
2019-05-06 22:00:00,229.83,230.44,229.4,229.68,128612
2019-05-07 16:00:00,227.52,228.17,226.36,227.08,22521
2019-05-07 17:00:00,227.39,227.55,224.61,224.91,102376
2019-05-07 18:00:00,224.4,225.05,223.02,223.19,52210
2019-05-07 19:00:00,223.28,223.99,222.74,223.0,31906
2019-05-07 20:00:00,222.82,223.03,221.2,222.08,42116
2019-05-07 21:00:00,222.0,222.13,220.27,221.41,43170
2019-05-07 22:00:00,221.32,222.46,220.05,221.94,139461
2019-05-08 16:00:00,222.22,224.09,221.38,223.32,36052
2019-05-08 17:00:00,223.41,224.06,222.86,223.83,44170
2019-05-08 18:00:00,223.97,224.56,223.18,224.03,38287
2019-05-08 19:00:00,223.9,224.91,223.42,224.65,25964
2019-05-08 20:00:00,224.66,225.27,223.95,225.27,105437
2019-05-08 21:00:00,225.37,225.87,224.51,224.73,93198
2019-05-08 22:00:00,224.92,225.08,223.84,223.91,57091
2019-05-09 16:00:00,221.12,222.0,219.47,219.94,26909
2019-05-09 17:00:00,219.85,220.48,219.14,219.7,35188
2019-05-09 18:00:00,219.74,221.78,219.72,221.77,40321
2019-05-09 19:00:00,221.69,223.57,221.35,222.08,27106
2019-05-09 20:00:00,222.2,222.41,221.0,221.85,47453
2019-05-09 21:00:00,221.86,222.66,221.6,221.75,26074
2019-05-09 22:00:00,221.8,222.08,221.3,221.88,105698
2019-05-10 16:00:00,221.44,223.83,220.93,223.76,25050
2019-05-10 17:00:00,223.28,223.28,218.88,219.0,43442
2019-05-10 18:00:00,218.88,219.79,218.43,219.35,35305
2019-05-10 19:00:00,219.57,222.45,219.57,222.31,22964
2019-05-10 20:00:00,222.03,223.33,221.99,223.07,19579
2019-05-10 21:00:00,223.03,223.54,222.29,223.42,18793
2019-05-10 22:00:00,223.55,225.06,223.47,224.28,56009
2019-05-13 16:00:00,220.84,221.19,215.03,216.2,80646
2019-05-13 17:00:00,216.17,216.42,214.35,214.64,134173
2019-05-13 18:00:00,214.91,215.13,212.82,213.55,75342
2019-05-13 19:00:00,213.61,213.61,211.29,211.69,89553
2019-05-13 20:00:00,211.64,211.79,209.87,211.79,305524
2019-05-13 21:00:00,211.79,215.23,211.42,215.04,95060
2019-05-13 22:00:00,214.95,216.07,213.65,215.42,280173
2019-05-14 16:00:00,215.49,218.66,215.49,217.65,27332
2019-05-14 17:00:00,217.91,220.6,217.67,220.46,34383
2019-05-14 18:00:00,220.52,221.79,219.82,221.24,43674
2019-05-14 19:00:00,221.27,221.61,220.58,221.03,23675
2019-05-14 20:00:00,221.1,221.69,221.1,221.51,23290
2019-05-14 21:00:00,221.4,222.07,220.61,220.86,43525
2019-05-14 22:00:00,220.89,221.59,220.35,220.47,111190
2019-05-15 16:00:00,218.28,221.11,218.28,220.69,17487
2019-05-15 17:00:00,220.83,220.85,219.48,220.41,42490
2019-05-15 18:00:00,220.5,222.5,220.13,222.26,36853
2019-05-15 19:00:00,222.41,222.89,221.11,221.2,26727
2019-05-15 20:00:00,221.34,222.24,221.27,222.07,20868
2019-05-15 21:00:00,221.99,222.21,221.5,221.72,18927
2019-05-15 22:00:00,221.77,221.91,220.67,220.96,65694
2019-05-16 16:00:00,221.41,224.4,221.13,224.4,32566
2019-05-16 17:00:00,224.29,226.74,223.85,226.55,56224
2019-05-16 18:00:00,226.48,227.08,226.34,226.44,47531
2019-05-16 19:00:00,226.37,227.12,226.36,226.71,35453
2019-05-16 20:00:00,226.74,227.96,226.65,226.99,57438
2019-05-16 21:00:00,226.92,227.47,226.39,226.67,27708
2019-05-16 22:00:00,226.63,226.69,225.37,226.1,96202
2019-05-17 16:00:00,223.75,225.17,223.03,224.9,33931
2019-05-17 17:00:00,224.87,225.45,223.66,225.44,56073
2019-05-17 18:00:00,225.68,226.57,224.79,225.05,47195
2019-05-17 19:00:00,225.0,225.31,224.17,225.15,22470
2019-05-17 20:00:00,225.27,225.56,224.81,225.16,15641
2019-05-17 21:00:00,225.24,225.86,224.89,225.73,25648
2019-05-17 22:00:00,225.74,225.76,224.16,224.79,79251
2019-05-20 16:00:00,223.98,224.22,221.74,223.12,34305
2019-05-20 17:00:00,223.12,224.77,222.3,224.6,24018
2019-05-20 18:00:00,224.76,224.8,223.52,223.52,17409
2019-05-20 19:00:00,223.53,224.03,223.18,223.24,10493
2019-05-20 20:00:00,223.25,223.86,222.94,223.25,26958
2019-05-20 21:00:00,223.36,223.36,222.02,222.36,50483
2019-05-20 22:00:00,222.34,223.45,222.15,222.62,51777
2019-05-21 16:00:00,225.96,226.82,225.2,225.94,44340
2019-05-21 17:00:00,225.96,226.62,225.73,225.79,22971
2019-05-21 18:00:00,225.66,225.98,224.82,225.28,16208
2019-05-21 19:00:00,225.3,225.36,223.98,224.53,60809
2019-05-21 20:00:00,224.54,225.79,224.52,225.77,31790
2019-05-21 21:00:00,225.8,226.2,225.52,225.89,28327
2019-05-21 22:00:00,225.85,225.97,224.68,224.95,114924
2019-05-22 16:00:00,224.0,225.57,223.85,225.2,22129
2019-05-22 17:00:00,225.15,226.3,224.94,225.58,17429
2019-05-22 18:00:00,225.81,226.37,225.57,226.03,17093
2019-05-22 19:00:00,226.07,226.18,225.59,225.59,17885
2019-05-22 20:00:00,225.53,225.96,225.15,225.85,27689
2019-05-22 21:00:00,225.73,226.58,225.62,226.26,17642
2019-05-22 22:00:00,226.29,226.43,225.11,225.21,55590
2019-05-23 16:00:00,222.86,223.11,220.43,220.7,16504
2019-05-23 17:00:00,220.88,220.88,218.92,219.61,51698
2019-05-23 18:00:00,219.68,219.77,218.7,218.87,25416
2019-05-23 19:00:00,218.82,219.28,218.04,218.18,28698
2019-05-23 20:00:00,218.1,218.55,217.5,218.04,51617
2019-05-23 21:00:00,218.09,218.13,216.68,217.14,52074
2019-05-23 22:00:00,217.15,218.02,216.73,217.63,105814
2019-05-24 16:00:00,219.32,220.16,217.83,218.39,44359
2019-05-24 17:00:00,218.35,218.8,217.0,217.33,57938
2019-05-24 18:00:00,217.39,217.47,216.22,216.99,50779
2019-05-24 19:00:00,216.89,218.29,216.78,218.29,40958
2019-05-24 20:00:00,218.34,218.42,217.42,217.43,96008
2019-05-24 21:00:00,217.51,218.04,217.25,218.02,38786
2019-05-24 22:00:00,218.04,219.13,217.86,218.89,77821
2019-05-28 16:00:00,219.8,222.5,218.89,222.5,78554
2019-05-28 17:00:00,222.5,223.1,221.79,222.22,23867
2019-05-28 18:00:00,222.21,223.72,222.2,223.66,17664
2019-05-28 19:00:00,223.69,224.39,223.47,223.77,23462
2019-05-28 20:00:00,223.77,223.93,223.31,223.37,17806
2019-05-28 21:00:00,223.37,223.37,221.29,221.34,39355
2019-05-28 22:00:00,221.28,221.63,220.8,221.26,141112
2019-05-29 16:00:00,219.81,220.29,218.64,219.67,20509
2019-05-29 17:00:00,219.8,221.25,219.49,219.77,28861
2019-05-29 18:00:00,219.76,221.12,219.08,219.52,25512
2019-05-29 19:00:00,219.59,221.4,219.49,220.86,84195
2019-05-29 20:00:00,220.95,223.0,220.55,222.94,28482
2019-05-29 21:00:00,223.0,223.27,221.77,222.16,17001
2019-05-29 22:00:00,222.15,222.21,219.78,220.52,119048
2019-05-30 16:00:00,222.44,225.31,222.44,225.25,25812
2019-05-30 17:00:00,225.12,225.71,224.26,224.9,46049
2019-05-30 18:00:00,224.94,225.37,223.77,223.93,34843
2019-05-30 19:00:00,224.0,224.2,223.33,224.04,27057
2019-05-30 20:00:00,224.04,224.19,222.71,222.74,26066
2019-05-30 21:00:00,222.8,223.12,221.23,221.98,36091
2019-05-30 22:00:00,221.92,222.85,221.54,222.78,92659
2019-05-31 16:00:00,219.97,220.86,218.71,219.67,25867
2019-05-31 17:00:00,219.9,220.51,219.21,220.25,41349
2019-05-31 18:00:00,220.3,221.74,220.27,221.14,20965
2019-05-31 19:00:00,221.38,221.38,220.18,220.4,11114
2019-05-31 20:00:00,220.42,222.0,220.26,221.42,45921
2019-05-31 21:00:00,221.42,221.42,220.06,220.79,14425
2019-05-31 22:00:00,220.7,220.72,219.58,220.07,61663
2019-06-03 16:00:00,220.01,221.9,218.79,219.01,24857
2019-06-03 17:00:00,218.71,220.0,218.09,219.18,73419
2019-06-03 18:00:00,219.2,219.59,218.12,218.53,40455
2019-06-03 19:00:00,218.59,218.59,217.03,217.63,17783
2019-06-03 20:00:00,217.44,218.78,216.79,217.77,22431
2019-06-03 21:00:00,217.71,218.35,217.06,217.2,29073
2019-06-03 22:00:00,217.18,217.32,215.13,216.36,152778
2019-06-04 16:00:00,218.61,220.73,216.42,220.45,40158
2019-06-04 17:00:00,220.01,221.37,219.09,220.69,44118
2019-06-04 18:00:00,220.64,222.11,220.44,222.07,24514
2019-06-04 19:00:00,222.01,222.74,221.26,222.28,25033
2019-06-04 20:00:00,222.32,224.0,222.32,223.87,28338
2019-06-04 21:00:00,223.87,223.87,222.93,223.4,22472
2019-06-04 22:00:00,223.48,225.0,223.39,224.8,64802
2019-06-05 16:00:00,226.77,229.76,225.95,229.63,52319
2019-06-05 17:00:00,229.98,230.62,229.0,229.28,98471
2019-06-05 18:00:00,229.31,232.42,229.06,232.42,68848
2019-06-05 19:00:00,232.44,232.44,231.07,231.48,42040
2019-06-05 20:00:00,231.5,232.77,231.5,232.63,30582
2019-06-05 21:00:00,232.64,233.74,232.64,233.7,25122
2019-06-05 22:00:00,233.67,234.57,233.0,234.57,113119
2019-06-06 16:00:00,234.9,236.38,234.26,236.3,35521
2019-06-06 17:00:00,236.51,237.43,236.05,236.06,56750
2019-06-06 18:00:00,236.06,237.69,236.0,236.97,44382
2019-06-06 19:00:00,237.06,237.42,236.73,237.24,22853
2019-06-06 20:00:00,237.34,239.69,237.08,239.3,56285
2019-06-06 21:00:00,238.93,239.27,237.38,237.64,58425
2019-06-06 22:00:00,237.58,238.72,237.21,237.63,103595
2019-06-07 16:00:00,239.14,242.52,238.83,242.52,21814
2019-06-07 17:00:00,242.41,242.42,240.19,241.27,30257
2019-06-07 18:00:00,241.56,241.64,239.5,239.77,31756
2019-06-07 19:00:00,239.59,240.27,239.39,240.16,19934
2019-06-07 20:00:00,240.13,240.46,239.69,240.22,8949
2019-06-07 21:00:00,240.22,240.62,239.63,239.83,11293
2019-06-07 22:00:00,239.76,240.54,239.76,240.27,66558
2019-06-10 16:00:00,241.7,242.52,240.97,242.16,18464
2019-06-10 17:00:00,242.09,244.46,241.95,244.27,30283
2019-06-10 18:00:00,244.14,245.34,244.01,244.28,26279
2019-06-10 19:00:00,244.21,244.38,243.3,243.56,17913
2019-06-10 20:00:00,243.52,244.3,243.52,244.03,12966
2019-06-10 21:00:00,243.83,244.82,243.4,244.42,41227
2019-06-10 22:00:00,244.51,244.71,243.92,243.99,81758
2019-06-11 16:00:00,246.07,246.07,242.36,242.55,39007
2019-06-11 17:00:00,242.65,242.82,239.3,240.21,50730
2019-06-11 18:00:00,240.35,240.35,236.57,237.25,53612
2019-06-11 19:00:00,237.14,237.31,233.19,233.54,58910
2019-06-11 20:00:00,233.55,235.82,233.46,235.25,63995
2019-06-11 21:00:00,235.22,235.72,235.0,235.09,104878
2019-06-11 22:00:00,235.04,236.74,234.98,236.39,132952
2019-06-12 16:00:00,235.68,237.32,235.24,235.9,36519
2019-06-12 17:00:00,235.76,236.14,234.56,234.72,44952
2019-06-12 18:00:00,234.67,234.76,233.78,233.92,35267
2019-06-12 19:00:00,233.92,234.72,233.69,234.67,32334
2019-06-12 20:00:00,234.86,235.65,234.6,235.42,27096
2019-06-12 21:00:00,235.43,235.48,234.78,235.18,38503
2019-06-12 22:00:00,235.06,235.54,234.43,234.81,81398
2019-06-13 16:00:00,236.47,236.47,231.77,232.34,41891
2019-06-13 17:00:00,232.63,233.92,231.12,233.64,54648
2019-06-13 18:00:00,233.51,235.14,232.95,235.02,17941
2019-06-13 19:00:00,234.94,235.43,234.58,235.13,13279
2019-06-13 20:00:00,235.14,235.49,234.78,234.9,15257
2019-06-13 21:00:00,234.94,235.0,234.25,234.56,16623
2019-06-13 22:00:00,234.55,234.93,233.95,234.88,68620
2019-06-14 16:00:00,234.83,235.31,233.71,234.63,27052
2019-06-14 17:00:00,234.64,234.83,233.25,233.65,25145
2019-06-14 18:00:00,233.8,234.68,232.61,234.25,13784
2019-06-14 19:00:00,234.21,235.06,234.02,235.06,11959
2019-06-14 20:00:00,235.08,235.14,234.72,234.92,8459
2019-06-14 21:00:00,234.89,235.43,234.89,235.21,7900
2019-06-14 22:00:00,235.21,236.52,235.21,235.84,31360
2019-06-17 16:00:00,235.68,238.01,235.59,237.3,36966
2019-06-17 17:00:00,237.44,237.46,235.12,235.55,38939
2019-06-17 18:00:00,235.7,235.7,231.98,232.12,26871
2019-06-17 19:00:00,232.13,233.93,231.91,233.93,25111
2019-06-17 20:00:00,233.88,234.94,233.84,234.86,18784
2019-06-17 21:00:00,234.73,235.27,234.0,234.0,15784
2019-06-17 22:00:00,233.95,234.17,232.26,232.59,54166
2019-06-18 16:00:00,233.13,235.23,233.13,234.27,27336
2019-06-18 17:00:00,234.28,235.65,234.2,235.19,28802
2019-06-18 18:00:00,235.21,235.62,234.8,234.98,27794
2019-06-18 19:00:00,235.0,235.13,234.21,234.44,13263
2019-06-18 20:00:00,234.31,234.66,233.53,234.57,19798
2019-06-18 21:00:00,234.52,235.36,234.15,234.29,26824
2019-06-18 22:00:00,234.29,234.54,233.34,233.58,102344
2019-06-19 16:00:00,233.22,234.65,233.19,233.58,21232
2019-06-19 17:00:00,233.76,233.95,231.41,231.97,34028
2019-06-19 18:00:00,231.96,233.0,231.95,232.73,34219
2019-06-19 19:00:00,232.73,233.49,232.17,233.32,21734
2019-06-19 20:00:00,233.5,233.9,233.09,233.19,21385
2019-06-19 21:00:00,233.36,234.61,233.05,234.28,30938
2019-06-19 22:00:00,234.25,237.16,234.25,236.58,102799
2019-06-20 16:00:00,239.46,242.83,239.46,242.3,26229
2019-06-20 17:00:00,241.96,243.24,239.84,239.84,67702
2019-06-20 18:00:00,239.85,240.25,238.8,240.02,38473
2019-06-20 19:00:00,239.98,240.02,237.48,238.01,29283
2019-06-20 20:00:00,238.01,238.19,237.42,237.53,15449
2019-06-20 21:00:00,237.62,237.83,236.47,236.47,30511
2019-06-20 22:00:00,236.58,237.75,236.07,237.44,96033
2019-06-21 16:00:00,237.17,237.54,235.17,236.21,68152
2019-06-21 17:00:00,235.94,236.7,235.74,235.82,19230
2019-06-21 18:00:00,235.85,236.71,234.93,234.95,27053
2019-06-21 19:00:00,235.06,235.58,235.06,235.39,13382
2019-06-21 20:00:00,235.36,235.37,234.45,234.45,10915
2019-06-21 21:00:00,234.51,234.76,234.12,234.22,23369
2019-06-21 22:00:00,234.25,234.42,232.24,232.46,137761
2019-06-24 16:00:00,233.69,234.84,232.81,233.15,14308
2019-06-24 17:00:00,233.46,234.3,232.63,232.94,23356
2019-06-24 18:00:00,233.03,234.95,232.98,234.1,29289
2019-06-24 19:00:00,234.2,234.37,233.68,234.37,21047
2019-06-24 20:00:00,234.22,234.79,234.02,234.3,21725
2019-06-24 21:00:00,234.4,235.45,234.21,235.45,28755
2019-06-24 22:00:00,235.46,236.11,234.86,235.14,56604
2019-06-25 16:00:00,234.78,234.92,233.03,234.92,26471
2019-06-25 17:00:00,234.53,234.84,233.52,233.83,12725
2019-06-25 18:00:00,233.53,234.49,233.44,234.18,10742
2019-06-25 19:00:00,234.17,234.58,233.5,234.24,16626
2019-06-25 20:00:00,234.11,234.11,232.79,232.91,23168
2019-06-25 21:00:00,232.94,233.0,231.34,231.74,19782
2019-06-25 22:00:00,231.69,231.97,230.51,230.8,69069
2019-06-26 16:00:00,231.71,233.02,229.62,230.29,19221
2019-06-26 17:00:00,230.1,230.1,228.85,229.6,55600
2019-06-26 18:00:00,229.53,230.03,228.95,230.03,39635
2019-06-26 19:00:00,230.06,230.44,229.72,230.15,32937
2019-06-26 20:00:00,230.18,230.38,229.8,230.34,54834
2019-06-26 21:00:00,230.28,231.57,230.14,231.57,31335
2019-06-26 22:00:00,231.58,231.99,231.37,231.52,64445
2019-06-27 16:00:00,232.23,233.48,231.12,232.69,12888
2019-06-27 17:00:00,232.22,232.66,231.85,232.24,43048
2019-06-27 18:00:00,232.24,232.99,232.06,232.98,21382
2019-06-27 19:00:00,233.04,233.59,232.95,233.2,14425
2019-06-27 20:00:00,233.24,234.05,232.96,233.59,15746
2019-06-27 21:00:00,233.56,234.21,233.56,233.91,30255
2019-06-27 22:00:00,233.86,234.22,233.35,234.03,89354
2019-06-28 16:00:00,235.3,237.05,234.96,235.38,9845
2019-06-28 17:00:00,235.44,236.31,235.36,235.75,16607
2019-06-28 18:00:00,235.72,236.33,235.38,236.14,17343
2019-06-28 19:00:00,236.29,237.15,236.29,236.93,14595
2019-06-28 20:00:00,236.71,237.19,236.43,237.19,19685
2019-06-28 21:00:00,237.19,237.93,237.13,237.55,18770
2019-06-28 22:00:00,237.55,238.95,237.38,238.73,150560
2019-07-01 16:00:00,242.16,242.22,239.51,240.5,34019
2019-07-01 17:00:00,240.52,241.96,239.62,239.8,32741
2019-07-01 18:00:00,239.86,240.85,239.38,240.65,18888
2019-07-01 19:00:00,240.61,240.95,239.82,239.82,14478
2019-07-01 20:00:00,239.84,240.46,239.65,240.31,40951
2019-07-01 21:00:00,240.34,240.45,239.44,239.44,21346
2019-07-01 22:00:00,239.32,240.55,239.32,240.47,57788
2019-07-02 16:00:00,241.22,243.11,240.8,242.09,20082
2019-07-02 17:00:00,241.95,244.11,241.94,244.04,31839
2019-07-02 18:00:00,243.94,244.85,243.52,244.54,38115
2019-07-02 19:00:00,244.5,245.17,243.95,244.85,33981
2019-07-02 20:00:00,244.79,245.79,244.66,245.38,20785
2019-07-02 21:00:00,245.38,245.76,243.47,243.56,20632
2019-07-02 22:00:00,243.71,244.67,243.63,244.67,50093
2019-07-03 16:00:00,244.68,245.82,243.12,244.31,23729
2019-07-03 17:00:00,244.8,245.57,244.25,245.13,22605
2019-07-03 18:00:00,245.11,245.33,244.22,244.81,15306
2019-07-03 19:00:00,244.95,245.72,244.55,245.71,24245
2019-07-03 20:00:00,245.72,245.72,245.57,245.57,29917
2019-07-05 16:00:00,244.56,245.36,240.7,241.07,26033
2019-07-05 17:00:00,240.69,242.36,240.42,241.02,28696
2019-07-05 18:00:00,241.17,241.17,239.66,240.02,25360
2019-07-05 19:00:00,239.92,241.21,239.82,240.89,19740
2019-07-05 20:00:00,240.94,241.94,240.78,241.3,12306
2019-07-05 21:00:00,241.31,242.02,241.0,242.02,17663
2019-07-05 22:00:00,242.05,242.29,241.47,242.28,48854
2019-07-08 16:00:00,236.77,238.14,235.32,235.38,36261
2019-07-08 17:00:00,235.35,235.77,233.47,234.86,39577
2019-07-08 18:00:00,235.27,235.45,233.57,233.57,22463
2019-07-08 19:00:00,233.68,234.17,233.13,233.83,28204
2019-07-08 20:00:00,234.04,235.19,234.0,235.19,13974
2019-07-08 21:00:00,235.12,235.37,234.64,234.8,25449
2019-07-08 22:00:00,234.79,235.16,234.55,234.69,67232
2019-07-09 16:00:00,233.02,234.37,232.58,233.59,22454
2019-07-09 17:00:00,233.62,234.75,233.41,234.35,21698
2019-07-09 18:00:00,234.5,235.4,234.25,234.79,14796
2019-07-09 19:00:00,235.09,235.96,234.74,235.86,27948
2019-07-09 20:00:00,235.93,236.26,235.43,235.51,14908
2019-07-09 21:00:00,235.64,236.3,235.44,236.16,19401
2019-07-09 22:00:00,236.37,238.16,236.37,237.99,109758
2019-07-10 16:00:00,238.85,240.19,238.59,239.11,15924
2019-07-10 17:00:00,239.53,240.42,239.15,240.3,13455
2019-07-10 18:00:00,240.04,240.21,239.04,239.45,47170
2019-07-10 19:00:00,239.39,239.66,238.8,239.31,14783
2019-07-10 20:00:00,239.32,239.7,238.75,238.75,12195
2019-07-10 21:00:00,238.83,238.91,238.12,238.28,14397
2019-07-10 22:00:00,238.35,238.71,237.61,238.09,78285
2019-07-11 16:00:00,239.3,239.3,237.85,238.43,11406
2019-07-11 17:00:00,238.16,240.77,238.01,240.52,11468
2019-07-11 18:00:00,240.44,241.41,240.21,240.62,24400
2019-07-11 19:00:00,240.61,240.73,239.17,239.47,19358
2019-07-11 20:00:00,239.46,239.85,238.98,239.83,15493
2019-07-11 21:00:00,239.78,240.29,239.67,239.96,28448
2019-07-11 22:00:00,239.86,240.34,239.39,240.31,60133
2019-07-12 16:00:00,240.76,241.15,239.33,239.33,9797
2019-07-12 17:00:00,239.76,241.39,239.73,241.08,15348
2019-07-12 18:00:00,241.53,242.89,241.53,242.6,14427
2019-07-12 19:00:00,242.68,243.16,242.37,243.12,17866
2019-07-12 20:00:00,243.09,243.62,243.06,243.45,17894
2019-07-12 21:00:00,243.41,244.44,243.4,244.35,11083
2019-07-12 22:00:00,244.43,245.26,244.07,245.07,49305
2019-07-15 16:00:00,246.0,246.0,244.39,245.81,9455
2019-07-15 17:00:00,245.72,245.73,243.91,244.68,13041
2019-07-15 18:00:00,244.78,244.79,243.9,243.9,10996
2019-07-15 19:00:00,244.06,244.74,244.04,244.64,8459
2019-07-15 20:00:00,244.55,244.99,244.34,244.86,8670
2019-07-15 21:00:00,244.65,245.55,244.64,245.3,9803
2019-07-15 22:00:00,245.35,245.35,244.63,245.19,30905
2019-07-16 16:00:00,245.21,246.36,244.16,245.02,14626
2019-07-16 17:00:00,244.99,245.27,243.1,243.42,32637
2019-07-16 18:00:00,243.77,243.77,241.75,241.75,22782
2019-07-16 19:00:00,241.7,242.76,240.92,242.76,16203
2019-07-16 20:00:00,242.91,243.95,242.51,242.51,17600
2019-07-16 21:00:00,242.63,242.91,241.92,242.32,32053
2019-07-16 22:00:00,242.18,242.4,241.41,241.56,49406
2019-07-17 16:00:00,241.55,243.32,241.5,242.73,10425
2019-07-17 17:00:00,242.58,243.49,241.19,241.79,18627
2019-07-17 18:00:00,242.33,242.72,241.97,242.5,13021
2019-07-17 19:00:00,242.62,242.83,242.08,242.68,14936
2019-07-17 20:00:00,242.66,242.88,242.27,242.55,12466
2019-07-17 21:00:00,242.65,242.65,242.1,242.61,14697
2019-07-17 22:00:00,242.35,242.79,241.52,241.57,53959
2019-07-18 16:00:00,241.53,242.59,241.26,241.26,10997
2019-07-18 17:00:00,241.17,245.24,241.17,245.12,22293
2019-07-18 18:00:00,245.24,245.64,243.29,243.35,20168
2019-07-18 19:00:00,243.37,244.73,243.37,244.42,10207
2019-07-18 20:00:00,244.42,245.02,244.29,244.64,16650
2019-07-18 21:00:00,244.72,245.53,244.59,245.4,11369
2019-07-18 22:00:00,245.4,245.85,244.84,245.73,51578
2019-07-19 16:00:00,246.49,247.52,246.07,247.21,26155
2019-07-19 17:00:00,247.57,247.57,243.7,244.09,15130
2019-07-19 18:00:00,244.0,244.28,243.53,244.28,48594
2019-07-19 19:00:00,244.3,245.67,244.3,245.57,17877
2019-07-19 20:00:00,245.36,245.36,243.07,243.13,21886
2019-07-19 21:00:00,243.33,243.65,241.37,241.64,16513
2019-07-19 22:00:00,241.61,241.84,240.62,240.94,67360
2019-07-22 16:00:00,240.92,241.98,240.42,241.43,16234
2019-07-22 17:00:00,241.32,241.41,239.21,239.21,22596
2019-07-22 18:00:00,239.39,240.01,238.72,240.0,13731
2019-07-22 19:00:00,239.81,242.08,239.76,242.08,11106
2019-07-22 20:00:00,242.01,242.46,241.71,242.22,10146
2019-07-22 21:00:00,242.21,242.4,241.38,241.63,13452
2019-07-22 22:00:00,241.58,242.16,240.18,240.55,45487
2019-07-23 16:00:00,241.75,242.54,237.45,238.49,36564
2019-07-23 17:00:00,238.7,238.99,237.42,237.42,28314
2019-07-23 18:00:00,237.39,237.79,236.15,236.2,16807
2019-07-23 19:00:00,236.44,236.68,235.6,235.81,40518
2019-07-23 20:00:00,235.81,237.17,235.5,237.0,105471
2019-07-23 21:00:00,237.01,237.26,235.35,235.38,117722
2019-07-23 22:00:00,235.3,235.7,234.71,235.59,210646
2019-07-24 16:00:00,235.0,235.0,231.29,233.96,58453
2019-07-24 17:00:00,233.93,234.74,232.75,232.75,162629
2019-07-24 18:00:00,232.89,232.93,230.09,230.4,68165
2019-07-24 19:00:00,230.44,232.61,229.81,232.61,184259
2019-07-24 20:00:00,232.95,233.05,231.04,231.8,134472
2019-07-24 21:00:00,231.91,232.17,231.17,231.57,108280
2019-07-24 22:00:00,231.57,233.04,231.42,232.21,282313
2019-07-25 16:00:00,232.59,234.37,231.55,232.37,37397
2019-07-25 17:00:00,232.52,233.31,231.45,232.51,31589
2019-07-25 18:00:00,232.68,232.93,231.77,232.05,45332
2019-07-25 19:00:00,232.11,232.45,230.73,231.26,38366
2019-07-25 20:00:00,231.21,231.46,230.77,231.04,28906
2019-07-25 21:00:00,231.01,231.9,230.96,231.2,41101
2019-07-25 22:00:00,231.24,232.1,231.05,231.9,84436
2019-07-26 16:00:00,233.85,237.06,232.94,235.39,42565
2019-07-26 17:00:00,235.39,236.38,234.51,234.55,50482
2019-07-26 18:00:00,234.52,235.49,234.48,235.34,40695
2019-07-26 19:00:00,235.27,236.79,235.2,236.47,42173
2019-07-26 20:00:00,236.39,237.13,236.34,237.06,45191
2019-07-26 21:00:00,237.09,237.49,236.08,237.47,34603
2019-07-26 22:00:00,237.5,237.62,236.95,237.3,115911
2019-07-29 16:00:00,236.5,237.51,234.33,235.12,19774
2019-07-29 17:00:00,234.94,237.31,234.74,235.46,77497
2019-07-29 18:00:00,235.35,235.7,234.49,234.85,37536
2019-07-29 19:00:00,234.97,235.03,233.01,233.24,13867
2019-07-29 20:00:00,233.24,233.72,232.9,232.92,11373
2019-07-29 21:00:00,233.05,233.87,232.9,233.02,13463
2019-07-29 22:00:00,233.02,233.18,232.29,232.34,47161
2019-07-30 16:00:00,231.11,231.28,228.33,229.57,19531
2019-07-30 17:00:00,229.94,231.11,229.56,230.89,38425
2019-07-30 18:00:00,230.85,231.19,230.02,230.32,22468
2019-07-30 19:00:00,230.19,230.72,229.12,229.36,17566
2019-07-30 20:00:00,229.37,229.37,228.5,228.84,46696
2019-07-30 21:00:00,228.8,228.95,227.69,228.02,61067
2019-07-30 22:00:00,228.08,228.15,226.67,227.88,110439
2019-07-31 16:00:00,227.95,229.97,227.56,229.65,31921
2019-07-31 17:00:00,229.77,229.95,228.08,229.39,44106
2019-07-31 18:00:00,229.39,231.55,229.35,231.47,26735
2019-07-31 19:00:00,231.42,231.42,229.82,229.99,21253
2019-07-31 20:00:00,230.02,230.97,230.0,230.2,16927
2019-07-31 21:00:00,230.12,230.24,224.18,225.48,46020
2019-07-31 22:00:00,225.5,228.24,225.14,227.24,115717
2019-08-01 16:00:00,228.11,234.79,227.25,228.5,47786
2019-08-01 17:00:00,228.51,231.23,225.89,230.03,78411
2019-08-01 18:00:00,230.03,232.97,228.34,228.47,67272
2019-08-01 19:00:00,228.34,229.42,227.97,228.21,33109
2019-08-01 20:00:00,228.37,228.86,224.94,226.11,65567
2019-08-01 21:00:00,225.96,226.57,224.09,225.38,70436
2019-08-01 22:00:00,225.44,227.02,224.88,225.4,98612
2019-08-02 16:00:00,224.57,224.57,220.74,222.56,59254
2019-08-02 17:00:00,222.46,223.43,218.77,218.8,69953
2019-08-02 18:00:00,218.69,219.91,218.3,219.46,58698
2019-08-02 19:00:00,219.49,221.08,219.49,219.92,41278
2019-08-02 20:00:00,219.92,220.04,218.35,218.53,35268
2019-08-02 21:00:00,218.53,220.01,218.41,219.33,51807
2019-08-02 22:00:00,219.31,221.05,218.76,220.15,116202
2019-08-05 16:00:00,211.75,213.97,211.01,211.91,72940
2019-08-05 17:00:00,211.94,213.01,211.58,212.7,56254
2019-08-05 18:00:00,212.76,213.33,212.12,212.32,45643
2019-08-05 19:00:00,212.18,212.95,209.76,210.09,61518
2019-08-05 20:00:00,209.8,211.24,208.89,208.89,55931
2019-08-05 21:00:00,209.06,209.74,207.44,207.7,49655
2019-08-05 22:00:00,207.72,209.79,206.82,209.27,147264
2019-08-06 16:00:00,210.91,213.65,210.6,212.72,36774
2019-08-06 17:00:00,212.36,214.34,212.09,212.44,53330
2019-08-06 18:00:00,212.47,213.4,211.34,213.24,101372
2019-08-06 19:00:00,213.57,213.63,210.93,211.35,46995
2019-08-06 20:00:00,211.53,212.49,211.53,212.22,43432
2019-08-06 21:00:00,212.06,213.18,211.45,212.18,36334
2019-08-06 22:00:00,212.16,214.62,212.02,214.34,134545
2019-08-07 16:00:00,212.19,212.24,209.12,210.31,41331
2019-08-07 17:00:00,210.0,215.31,209.47,214.37,69487
2019-08-07 18:00:00,214.32,215.19,213.73,214.11,45297
2019-08-07 19:00:00,214.27,215.67,213.69,215.52,28735
2019-08-07 20:00:00,215.62,217.25,215.09,216.68,37419
2019-08-07 21:00:00,216.64,217.38,215.9,217.06,27691
2019-08-07 22:00:00,216.99,218.16,216.27,217.21,125737
2019-08-08 16:00:00,221.1,223.45,220.61,221.95,32007
2019-08-08 17:00:00,221.92,223.38,221.51,223.19,43324
2019-08-08 18:00:00,223.11,224.48,222.47,224.29,40245
2019-08-08 19:00:00,224.35,225.49,224.35,225.33,38278
2019-08-08 20:00:00,225.48,226.41,225.46,226.01,47785
2019-08-08 21:00:00,226.02,226.07,224.6,224.6,45087
2019-08-08 22:00:00,224.7,226.1,224.38,225.47,122507
2019-08-09 16:00:00,223.73,224.95,223.71,224.46,20531
2019-08-09 17:00:00,224.55,224.7,222.84,223.47,22468
2019-08-09 18:00:00,223.8,223.86,220.98,221.06,14740
2019-08-09 19:00:00,220.97,222.56,220.32,221.97,10267
2019-08-09 20:00:00,222.0,224.68,222.0,224.45,19968
2019-08-09 21:00:00,224.45,225.38,224.09,224.8,30458
2019-08-09 22:00:00,224.71,225.84,224.0,224.05,55103
2019-08-12 16:00:00,221.8,221.82,219.53,220.65,24920
2019-08-12 17:00:00,220.71,224.23,220.71,222.29,45272
2019-08-12 18:00:00,222.04,223.4,220.86,222.88,30454
2019-08-12 19:00:00,222.64,223.74,222.32,222.37,23829
2019-08-12 20:00:00,222.15,222.22,220.8,221.05,33406
2019-08-12 21:00:00,220.97,221.08,218.88,219.2,36056
2019-08-12 22:00:00,219.31,220.54,219.25,219.96,45418
2019-08-13 16:00:00,218.9,224.18,218.68,224.17,17327
2019-08-13 17:00:00,224.03,225.82,222.9,223.73,45942
2019-08-13 18:00:00,223.59,225.8,223.5,225.8,35507
2019-08-13 19:00:00,225.67,227.13,225.47,225.57,21938
2019-08-13 20:00:00,225.64,226.26,225.0,225.15,23360
2019-08-13 21:00:00,224.98,226.54,224.87,226.02,22519
2019-08-13 22:00:00,226.11,226.78,225.91,226.34,85175
2019-08-14 16:00:00,222.97,224.85,220.39,222.12,33622
2019-08-14 17:00:00,221.93,221.99,220.0,220.21,54862
2019-08-14 18:00:00,219.99,220.64,217.76,218.57,43900
2019-08-14 19:00:00,218.58,219.57,218.15,218.52,44980
2019-08-14 20:00:00,218.49,220.43,218.21,219.76,51130
2019-08-14 21:00:00,219.8,221.02,219.22,220.35,59624
2019-08-14 22:00:00,220.38,220.96,218.49,218.78,103010
2019-08-15 16:00:00,218.33,221.24,218.33,220.12,35550
2019-08-15 17:00:00,220.41,221.97,219.97,220.71,15921
2019-08-15 18:00:00,220.73,222.12,220.49,222.12,25297
2019-08-15 19:00:00,222.0,222.33,221.3,221.75,13146
2019-08-15 20:00:00,221.83,222.2,219.99,220.56,44982
2019-08-15 21:00:00,220.6,222.81,220.1,222.28,32443
2019-08-15 22:00:00,222.33,223.11,221.94,222.27,84877
2019-08-16 16:00:00,224.22,225.22,222.63,222.81,86118
2019-08-16 17:00:00,222.8,226.52,222.8,226.52,25074
2019-08-16 18:00:00,226.52,226.77,225.65,226.24,26704
2019-08-16 19:00:00,226.05,226.33,225.41,226.08,18329
2019-08-16 20:00:00,226.27,226.96,226.27,226.63,19678
2019-08-16 21:00:00,226.59,226.67,226.08,226.39,23509
2019-08-16 22:00:00,226.37,226.99,225.98,226.25,87836
2019-08-19 16:00:00,230.23,230.63,229.35,230.39,31643
2019-08-19 17:00:00,230.53,231.68,229.67,229.88,43852
2019-08-19 18:00:00,229.87,230.53,229.6,230.52,42669
2019-08-19 19:00:00,230.58,230.62,230.12,230.42,39107
2019-08-19 20:00:00,230.33,230.81,230.01,230.28,33227
2019-08-19 21:00:00,230.26,230.92,230.13,230.38,29040
2019-08-19 22:00:00,230.3,231.07,230.16,230.32,82976
2019-08-20 16:00:00,229.08,230.54,227.52,229.83,26387
2019-08-20 17:00:00,229.83,231.61,229.52,230.75,19061
2019-08-20 18:00:00,230.64,232.33,230.47,231.97,29671
2019-08-20 19:00:00,231.66,232.83,231.66,232.79,39987
2019-08-20 20:00:00,232.6,232.97,232.09,232.27,38708
2019-08-20 21:00:00,232.28,232.28,231.42,231.97,28151
2019-08-20 22:00:00,231.94,232.43,231.43,231.66,96190
2019-08-21 16:00:00,232.71,234.8,231.91,233.93,27905
2019-08-21 17:00:00,233.89,236.08,233.13,235.19,44459
2019-08-21 18:00:00,234.75,236.12,234.37,236.12,43159
2019-08-21 19:00:00,235.98,236.22,234.87,235.11,23479
2019-08-21 20:00:00,234.83,234.88,233.89,234.12,19633
2019-08-21 21:00:00,234.02,234.78,233.79,233.92,20012
2019-08-21 22:00:00,233.98,235.41,233.88,235.0,75327
2019-08-22 16:00:00,235.64,237.36,235.43,236.14,37122
2019-08-22 17:00:00,236.06,236.49,233.84,234.07,125857
2019-08-22 18:00:00,234.05,236.08,234.05,235.49,62077
2019-08-22 19:00:00,235.41,236.38,235.41,236.13,24617
2019-08-22 20:00:00,236.15,236.67,235.89,236.62,25855
2019-08-22 21:00:00,236.63,236.93,235.84,236.55,27908
2019-08-22 22:00:00,236.48,236.61,235.83,235.99,78690
2019-08-23 16:00:00,235.22,235.5,233.33,235.39,42111
2019-08-23 17:00:00,235.01,237.7,234.72,237.07,41223
2019-08-23 18:00:00,236.94,236.94,233.72,234.5,96899
2019-08-23 19:00:00,234.51,235.23,233.99,234.35,46109
2019-08-23 20:00:00,234.21,234.92,233.72,234.28,52272
2019-08-23 21:00:00,234.11,234.44,233.64,233.94,55808
2019-08-23 22:00:00,233.87,234.17,231.95,233.01,237510
2019-08-26 16:00:00,235.09,236.39,233.71,234.91,16708
2019-08-26 17:00:00,234.95,234.95,230.15,230.44,28853
2019-08-26 18:00:00,230.52,231.33,229.17,229.27,47406
2019-08-26 19:00:00,229.43,230.45,229.3,229.96,26111
2019-08-26 20:00:00,230.05,230.79,229.69,230.61,32196
2019-08-26 21:00:00,230.43,230.72,229.79,230.57,26221
2019-08-26 22:00:00,230.66,231.78,230.61,231.66,64468
2019-08-27 16:00:00,232.15,232.81,230.47,230.47,29865
2019-08-27 17:00:00,230.35,231.49,230.03,230.22,22890
2019-08-27 18:00:00,229.99,231.01,229.67,230.65,30749
2019-08-27 19:00:00,230.75,231.1,228.85,229.06,39164
2019-08-27 20:00:00,229.0,230.31,228.88,229.98,19329
2019-08-27 21:00:00,230.18,230.39,229.47,230.38,22838
2019-08-27 22:00:00,230.54,231.48,230.0,231.16,91470
2019-08-28 16:00:00,230.5,230.5,228.08,229.46,15905
2019-08-28 17:00:00,229.58,231.57,229.44,230.94,37170
2019-08-28 18:00:00,231.11,232.2,230.79,231.71,25588
2019-08-28 19:00:00,231.74,231.76,230.88,231.62,8269
2019-08-28 20:00:00,231.72,231.74,231.0,231.31,8799
2019-08-28 21:00:00,231.36,231.89,230.89,231.68,11568
2019-08-28 22:00:00,231.82,232.02,231.31,231.69,52562
2019-08-29 16:00:00,234.64,235.49,232.4,234.42,19491
2019-08-29 17:00:00,234.46,234.64,232.33,232.76,45636
2019-08-29 18:00:00,232.56,233.58,232.51,233.38,14970
2019-08-29 19:00:00,233.37,234.42,233.12,234.26,17685
2019-08-29 20:00:00,234.36,236.06,234.21,235.68,26990
2019-08-29 21:00:00,235.64,236.23,234.93,235.09,25543
2019-08-29 22:00:00,235.12,236.04,234.87,235.65,61114
2019-08-30 16:00:00,237.32,237.77,234.58,235.34,9303
2019-08-30 17:00:00,235.67,236.25,234.21,234.27,17262
2019-08-30 18:00:00,234.33,234.34,232.24,233.79,20014
2019-08-30 19:00:00,233.92,234.75,233.4,234.39,14512
2019-08-30 20:00:00,234.5,234.5,233.2,233.68,18094
2019-08-30 21:00:00,233.76,234.2,233.58,233.58,16590
2019-08-30 22:00:00,233.62,235.01,233.52,234.57,49654
2019-09-03 16:00:00,233.0,235.05,230.88,234.03,30506
2019-09-03 17:00:00,233.58,233.82,231.65,233.03,25083
2019-09-03 18:00:00,233.02,234.45,232.57,233.83,78924
2019-09-03 19:00:00,233.87,234.21,233.3,233.83,18713
2019-09-03 20:00:00,233.91,233.91,232.81,233.01,24243
2019-09-03 21:00:00,232.99,233.3,232.58,232.81,18171
2019-09-03 22:00:00,232.9,233.76,232.73,233.49,48329
2019-09-04 16:00:00,233.36,235.53,231.94,231.96,24285
2019-09-04 17:00:00,231.59,231.95,228.29,229.22,57180
2019-09-04 18:00:00,229.36,230.41,229.12,229.88,45132
2019-09-04 19:00:00,229.98,230.44,228.47,228.51,43536
2019-09-04 20:00:00,228.5,228.5,227.36,227.77,41822
2019-09-04 21:00:00,227.73,229.25,227.43,229.14,37553
2019-09-04 22:00:00,229.15,230.26,228.86,230.2,119179
2019-09-05 16:00:00,232.76,233.85,230.69,233.51,21695
2019-09-05 17:00:00,234.05,236.08,233.91,235.21,29582
2019-09-05 18:00:00,235.31,235.62,234.45,234.79,16195
2019-09-05 19:00:00,234.87,235.42,234.38,234.92,14262
2019-09-05 20:00:00,234.77,235.03,233.59,234.01,15917
2019-09-05 21:00:00,234.0,234.89,233.74,234.89,19857
2019-09-05 22:00:00,234.89,235.76,234.69,235.31,104213
2019-09-06 16:00:00,236.33,238.99,236.33,237.62,22908
2019-09-06 17:00:00,237.5,241.24,237.31,240.43,55319
2019-09-06 18:00:00,240.57,240.62,239.94,240.25,19465
2019-09-06 19:00:00,240.0,240.6,239.94,240.53,28771
2019-09-06 20:00:00,240.74,241.63,240.66,241.45,18278
2019-09-06 21:00:00,241.48,242.08,241.06,241.8,42855
2019-09-06 22:00:00,241.82,242.14,241.18,241.4,134450
2019-09-09 16:00:00,243.4,244.71,240.72,240.72,60063
2019-09-09 17:00:00,240.75,241.42,238.08,238.48,60617
2019-09-09 18:00:00,238.5,238.52,235.1,236.75,53713
2019-09-09 19:00:00,236.94,237.15,235.57,236.25,46293
2019-09-09 20:00:00,236.21,236.56,235.62,236.04,41634
2019-09-09 21:00:00,236.07,236.71,235.6,236.71,67552
2019-09-09 22:00:00,236.74,237.72,236.21,237.51,143003
2019-09-10 16:00:00,236.31,236.31,227.69,227.94,67548
2019-09-10 17:00:00,227.84,230.42,227.37,229.16,76618
2019-09-10 18:00:00,229.07,229.78,226.51,227.38,112223
2019-09-10 19:00:00,227.37,228.61,226.76,228.11,49641
2019-09-10 20:00:00,228.3,228.45,226.96,227.09,49125
2019-09-10 21:00:00,227.07,227.31,225.93,225.95,46359
2019-09-10 22:00:00,225.98,228.51,225.83,228.5,227307
2019-09-11 16:00:00,226.82,227.3,221.73,226.6,54353
2019-09-11 17:00:00,226.67,227.65,223.94,224.41,74883
2019-09-11 18:00:00,224.33,225.26,223.05,224.67,81746
2019-09-11 19:00:00,224.78,227.08,224.2,227.06,60087
2019-09-11 20:00:00,227.09,227.88,224.58,224.86,76177
2019-09-11 21:00:00,224.93,225.17,223.83,225.02,54739
2019-09-11 22:00:00,225.05,226.85,224.95,226.69,164513
2019-09-12 16:00:00,229.31,233.24,229.31,231.56,109836
2019-09-12 17:00:00,231.4,232.22,229.45,230.08,55056
2019-09-12 18:00:00,229.68,231.24,229.4,231.06,31322
2019-09-12 19:00:00,230.95,233.81,230.4,233.23,62939
2019-09-12 20:00:00,233.34,234.51,233.18,234.51,55632
2019-09-12 21:00:00,234.35,235.45,233.12,233.2,64132
2019-09-12 22:00:00,233.27,233.57,231.91,232.42,185719
2019-09-13 16:00:00,232.99,233.44,228.4,229.24,24978
2019-09-13 17:00:00,229.21,231.0,228.37,230.56,29256
2019-09-13 18:00:00,230.37,230.8,229.62,229.62,44332
2019-09-13 19:00:00,229.55,230.15,227.57,227.84,54169
2019-09-13 20:00:00,227.9,227.98,225.72,226.39,39083
2019-09-13 21:00:00,226.55,229.04,226.12,228.74,35511
2019-09-13 22:00:00,228.69,229.97,228.41,229.63,85167
2019-09-16 16:00:00,227.47,229.5,227.23,228.41,28626
2019-09-16 17:00:00,228.55,228.7,227.36,227.98,115445
2019-09-16 18:00:00,227.87,228.36,227.59,227.93,38803
2019-09-16 19:00:00,227.98,230.18,227.79,230.18,26866
2019-09-16 20:00:00,230.07,230.27,229.78,230.09,25658
2019-09-16 21:00:00,230.02,230.2,229.33,229.7,39437
2019-09-16 22:00:00,229.7,230.16,229.6,230.07,111682
2019-09-17 16:00:00,230.46,232.94,230.34,231.58,23366
2019-09-17 17:00:00,231.55,234.7,231.55,234.21,35093
2019-09-17 18:00:00,234.25,234.73,233.32,234.61,30432
2019-09-17 19:00:00,234.51,234.66,234.24,234.49,36779
2019-09-17 20:00:00,234.49,236.04,234.25,236.01,29783
2019-09-17 21:00:00,236.01,239.07,236.0,239.07,107283
2019-09-17 22:00:00,239.06,240.67,238.29,240.15,202186
2019-09-18 16:00:00,240.0,240.0,235.39,235.74,34546
2019-09-18 17:00:00,235.84,237.75,234.94,237.71,50616
2019-09-18 18:00:00,237.58,237.68,235.13,235.39,26877
2019-09-18 19:00:00,235.4,235.4,233.45,233.81,31067
2019-09-18 20:00:00,233.71,233.77,232.49,233.4,30642
2019-09-18 21:00:00,233.29,233.7,230.73,231.49,35258
2019-09-18 22:00:00,231.67,234.0,231.42,233.71,116646
2019-09-19 16:00:00,233.77,235.12,232.37,233.39,17090
2019-09-19 17:00:00,233.26,235.67,233.26,235.37,23075
2019-09-19 18:00:00,235.35,236.5,235.35,235.97,11144
2019-09-19 19:00:00,236.34,236.92,235.2,235.31,13943
2019-09-19 20:00:00,235.48,235.99,234.76,235.22,16426
2019-09-19 21:00:00,235.2,236.75,235.1,236.71,14052
2019-09-19 22:00:00,236.75,236.97,235.33,235.39,71376
2019-09-20 16:00:00,236.07,237.08,234.47,234.73,101549
2019-09-20 17:00:00,234.17,234.51,232.42,232.77,26660
2019-09-20 18:00:00,232.7,233.61,231.54,232.14,21737
2019-09-20 19:00:00,232.23,232.32,230.35,230.42,35772
2019-09-20 20:00:00,230.45,230.57,228.25,230.22,26302
2019-09-20 21:00:00,230.57,231.05,229.9,229.98,27457
2019-09-20 22:00:00,229.99,230.05,225.66,225.73,206262
2019-09-23 16:00:00,225.67,226.38,224.06,225.64,19346
2019-09-23 17:00:00,225.98,226.93,225.0,225.88,32903
2019-09-23 18:00:00,226.2,226.48,225.56,226.18,18469
2019-09-23 19:00:00,226.14,226.82,225.92,226.51,18557
2019-09-23 20:00:00,226.6,226.91,225.96,226.13,16662
2019-09-23 21:00:00,226.1,226.37,225.79,226.18,19750
2019-09-23 22:00:00,226.24,226.53,225.45,225.95,95203
2019-09-24 16:00:00,227.77,229.63,227.26,229.12,23400
2019-09-24 17:00:00,229.05,230.22,228.18,228.69,36737
2019-09-24 18:00:00,228.65,228.65,226.98,227.05,32974
2019-09-24 19:00:00,226.86,228.06,225.15,225.32,34325
2019-09-24 20:00:00,225.33,226.21,225.3,225.46,19686
2019-09-24 21:00:00,225.35,227.61,224.61,225.67,42362
2019-09-24 22:00:00,225.66,226.06,224.6,225.57,62152
2019-09-25 16:00:00,225.67,226.9,222.57,223.5,21896
2019-09-25 17:00:00,223.87,225.4,223.02,225.14,39010
2019-09-25 18:00:00,225.07,226.2,225.07,226.1,14656
2019-09-25 19:00:00,226.25,226.79,225.37,225.7,11570
2019-09-25 20:00:00,225.65,226.17,225.31,225.75,13352
2019-09-25 21:00:00,225.78,227.21,225.7,227.17,15826
2019-09-25 22:00:00,227.19,227.83,227.01,227.02,59975
2019-09-26 16:00:00,226.12,226.99,224.02,224.83,17001
2019-09-26 17:00:00,224.79,225.25,223.26,224.48,27649
2019-09-26 18:00:00,224.59,224.59,222.95,223.19,19466
2019-09-26 19:00:00,223.17,223.96,222.81,223.09,33264
2019-09-26 20:00:00,223.12,223.76,222.92,223.76,22797
2019-09-26 21:00:00,223.72,224.48,223.7,223.95,35378
2019-09-26 22:00:00,223.89,224.52,223.33,223.55,71645
2019-09-27 16:00:00,226.72,228.12,221.98,221.98,19137
2019-09-27 17:00:00,222.45,223.98,220.18,223.97,53502
2019-09-27 18:00:00,223.7,224.26,215.32,218.14,131155
2019-09-27 19:00:00,218.16,218.53,213.77,214.06,74489
2019-09-27 20:00:00,213.93,216.57,213.07,215.42,69694
2019-09-27 21:00:00,215.54,215.59,213.09,213.63,41593
2019-09-27 22:00:00,213.74,216.0,213.31,215.97,105388
2019-09-30 16:00:00,215.9,219.53,214.22,218.94,21934
2019-09-30 17:00:00,219.1,219.98,217.5,218.01,30151
2019-09-30 18:00:00,218.06,218.8,217.16,218.07,46595
2019-09-30 19:00:00,218.14,219.49,218.01,219.07,41829
2019-09-30 20:00:00,219.19,219.85,218.52,218.71,34570
2019-09-30 21:00:00,218.79,219.25,217.64,218.36,46065
2019-09-30 22:00:00,218.36,219.05,217.6,217.71,91737
2019-10-01 16:00:00,217.82,220.52,216.63,220.52,20735
2019-10-01 17:00:00,219.75,220.63,217.81,219.62,41196
2019-10-01 18:00:00,219.52,219.62,217.81,218.16,40623
2019-10-01 19:00:00,218.06,218.53,217.21,217.77,26037
2019-10-01 20:00:00,217.64,217.83,216.49,216.65,24230
2019-10-01 21:00:00,216.65,216.86,216.2,216.28,36018
2019-10-01 22:00:00,216.41,217.08,216.15,216.18,78020
2019-10-02 16:00:00,214.33,214.81,212.01,214.01,27142
2019-10-02 17:00:00,213.89,213.89,211.37,212.04,63112
2019-10-02 18:00:00,211.95,213.23,211.95,213.1,32515
2019-10-02 19:00:00,212.99,212.99,211.25,211.62,38833
2019-10-02 20:00:00,211.46,212.5,211.43,211.98,40432
2019-10-02 21:00:00,211.91,213.06,211.85,212.88,38168
2019-10-02 22:00:00,212.99,214.35,212.5,212.74,121618
2019-10-03 16:00:00,212.56,213.51,211.42,212.34,16474
2019-10-03 17:00:00,212.15,214.46,210.34,214.46,51429
2019-10-03 18:00:00,214.26,217.06,214.12,216.28,49616
2019-10-03 19:00:00,216.29,218.58,215.85,218.58,62800
2019-10-03 20:00:00,218.52,218.68,217.39,217.99,32275
2019-10-03 21:00:00,218.12,218.47,217.6,217.73,39476
2019-10-03 22:00:00,217.79,218.33,217.12,217.88,94135
2019-10-04 16:00:00,218.95,220.78,218.1,218.98,16830
2019-10-04 17:00:00,218.79,219.47,217.54,218.54,25432
2019-10-04 18:00:00,218.23,220.0,218.11,219.6,17477
2019-10-04 19:00:00,219.63,220.07,219.61,219.95,9855
2019-10-04 20:00:00,219.92,220.09,219.09,219.11,18015
2019-10-04 21:00:00,219.2,220.16,218.81,220.0,30453
2019-10-04 22:00:00,220.06,221.5,219.76,220.99,60907
2019-10-07 16:00:00,219.68,220.91,219.53,219.91,14514
2019-10-07 17:00:00,219.84,221.83,219.65,221.68,19713
2019-10-07 18:00:00,221.72,222.25,220.98,222.25,10964
2019-10-07 19:00:00,222.0,222.0,220.76,221.42,6571
2019-10-07 20:00:00,221.27,222.42,220.64,222.15,10481
2019-10-07 21:00:00,222.26,222.46,220.88,221.14,15016
2019-10-07 22:00:00,221.25,221.95,220.67,220.7,25927
2019-10-08 16:00:00,218.54,219.05,214.97,215.21,18623
2019-10-08 17:00:00,215.25,216.17,213.01,216.01,23816
2019-10-08 18:00:00,215.83,216.56,214.49,215.29,15639
2019-10-08 19:00:00,215.2,217.1,215.15,216.37,25962
2019-10-08 20:00:00,216.37,216.87,215.78,216.84,19104
2019-10-08 21:00:00,216.87,218.4,216.27,216.82,25770
2019-10-08 22:00:00,216.76,217.59,214.5,214.65,73605
2019-10-09 16:00:00,217.97,218.98,217.28,218.41,14387
2019-10-09 17:00:00,218.95,220.65,218.9,220.65,15247
2019-10-09 18:00:00,220.63,220.75,218.63,219.72,11901
2019-10-09 19:00:00,219.68,220.65,219.49,220.57,11126
2019-10-09 20:00:00,220.65,221.18,220.04,220.42,13539
2019-10-09 21:00:00,220.29,221.23,219.89,220.91,17485
2019-10-09 22:00:00,220.78,221.06,219.23,219.48,57727
2019-10-10 16:00:00,218.74,221.05,217.58,220.21,39815
2019-10-10 17:00:00,220.23,222.3,219.46,222.3,31422
2019-10-10 18:00:00,222.35,223.49,221.94,223.2,24260
2019-10-10 19:00:00,223.16,223.49,222.07,223.36,14240
2019-10-10 20:00:00,223.35,223.95,223.12,223.69,28429
2019-10-10 21:00:00,223.62,223.93,222.22,222.9,30797
2019-10-10 22:00:00,222.9,223.2,222.26,222.65,56172
2019-10-11 16:00:00,228.66,228.66,226.0,226.79,24681
2019-10-11 17:00:00,226.78,227.43,225.5,226.17,32819
2019-10-11 18:00:00,226.16,227.5,226.16,226.61,12070
2019-10-11 19:00:00,226.68,226.8,225.0,226.47,13868
2019-10-11 20:00:00,226.6,228.13,226.04,226.92,19066
2019-10-11 21:00:00,226.84,227.69,226.67,227.16,18499
2019-10-11 22:00:00,227.2,228.01,225.0,225.33,90040
2019-10-14 16:00:00,225.29,227.7,225.29,226.56,19915
2019-10-14 17:00:00,226.07,227.67,225.44,227.66,21748
2019-10-14 18:00:00,227.67,227.71,225.76,226.1,13867
2019-10-14 19:00:00,226.16,226.41,225.28,225.54,14208
2019-10-14 20:00:00,225.51,225.89,224.84,224.93,10677
2019-10-14 21:00:00,224.96,225.28,224.63,224.9,12577
2019-10-14 22:00:00,224.98,225.41,224.57,225.07,35367
2019-10-15 16:00:00,226.5,227.98,225.72,226.71,32335
2019-10-15 17:00:00,226.71,228.33,226.21,228.33,22435
2019-10-15 18:00:00,228.46,228.57,227.86,228.5,17932
2019-10-15 19:00:00,228.62,229.16,228.04,228.27,16669
2019-10-15 20:00:00,228.42,228.73,228.04,228.62,7775
2019-10-15 21:00:00,228.55,228.98,227.55,227.58,16615
2019-10-15 22:00:00,227.32,227.6,226.94,227.1,41024
2019-10-16 16:00:00,226.94,227.69,222.13,222.58,27877
2019-10-16 17:00:00,222.1,225.42,221.39,225.39,36531
2019-10-16 18:00:00,225.38,225.79,224.78,224.99,25188
2019-10-16 19:00:00,225.06,225.34,224.18,224.8,17458
2019-10-16 20:00:00,224.77,225.58,224.7,225.34,12827
2019-10-16 21:00:00,225.41,225.88,225.08,225.75,16191
2019-10-16 22:00:00,225.68,226.12,225.19,226.06,46522
2019-10-17 16:00:00,226.69,229.13,226.07,228.86,15375
2019-10-17 17:00:00,229.05,229.15,226.99,228.42,23054
2019-10-17 18:00:00,228.03,228.75,227.27,228.26,13199
2019-10-17 19:00:00,228.36,228.43,227.73,228.37,14571
2019-10-17 20:00:00,228.45,228.8,228.03,228.79,12650
2019-10-17 21:00:00,228.73,229.29,228.61,228.92,12728
2019-10-17 22:00:00,228.91,229.21,228.44,228.9,33755
2019-10-18 16:00:00,228.07,228.11,226.54,227.57,39399
2019-10-18 17:00:00,227.29,227.46,222.77,223.37,18402
2019-10-18 18:00:00,223.7,224.83,223.67,223.89,12678
2019-10-18 19:00:00,223.84,224.46,223.15,224.34,13118
2019-10-18 20:00:00,224.41,225.66,224.41,225.15,14175
2019-10-18 21:00:00,225.21,225.21,224.34,224.42,14911
2019-10-18 22:00:00,224.49,225.3,224.43,224.54,33771
2019-10-21 16:00:00,225.8,226.26,222.5,223.84,15804
2019-10-21 17:00:00,224.08,225.22,223.7,224.11,21220
2019-10-21 18:00:00,223.97,224.73,223.75,224.21,17418
2019-10-21 19:00:00,224.21,224.97,223.03,224.79,54373
2019-10-21 20:00:00,224.83,225.28,224.47,225.14,13580
2019-10-21 21:00:00,225.33,226.04,225.28,225.93,5953
2019-10-21 22:00:00,225.87,226.38,225.73,226.19,28763
2019-10-22 16:00:00,226.15,226.89,225.59,225.7,9652
2019-10-22 17:00:00,225.71,225.77,223.37,223.46,34320
2019-10-22 18:00:00,223.16,223.24,220.72,221.03,18529
2019-10-22 19:00:00,220.92,221.55,220.69,220.89,16111
2019-10-22 20:00:00,220.83,220.94,218.13,218.15,40674
2019-10-22 21:00:00,217.97,218.05,215.49,216.52,89736
2019-10-22 22:00:00,216.67,216.93,215.93,216.38,79430
2019-10-23 16:00:00,216.16,217.51,214.11,217.51,54124
2019-10-23 17:00:00,216.67,218.03,216.5,217.1,60310
2019-10-23 18:00:00,217.19,218.73,216.88,217.86,126078
2019-10-23 19:00:00,217.78,218.01,216.53,217.63,56937
2019-10-23 20:00:00,217.63,217.68,216.59,217.06,56755
2019-10-23 21:00:00,217.05,217.44,216.64,217.14,66142
2019-10-23 22:00:00,217.2,218.4,216.91,218.38,143682
2019-10-24 16:00:00,219.18,222.3,218.86,222.3,15485
2019-10-24 17:00:00,222.3,222.43,220.97,222.38,15219
2019-10-24 18:00:00,222.48,224.11,222.48,223.43,14789
2019-10-24 19:00:00,223.51,223.7,222.08,222.64,14970
2019-10-24 20:00:00,222.76,222.76,220.74,220.95,17941
2019-10-24 21:00:00,220.94,221.5,220.84,221.17,25240
2019-10-24 22:00:00,221.17,222.69,221.1,222.6,47231
2019-10-25 16:00:00,221.86,223.52,221.28,223.03,10725
2019-10-25 17:00:00,222.92,224.25,222.7,223.63,18077
2019-10-25 18:00:00,223.56,223.65,222.66,223.5,9196
2019-10-25 19:00:00,223.5,223.66,222.58,223.47,12998
2019-10-25 20:00:00,223.51,223.95,223.32,223.73,10910
2019-10-25 21:00:00,223.62,223.75,222.55,223.07,8691
2019-10-25 22:00:00,222.97,223.11,222.02,222.11,49469
2019-10-28 16:00:00,224.4,224.53,222.72,224.33,16042
2019-10-28 17:00:00,224.35,225.76,223.48,225.24,25031
2019-10-28 18:00:00,225.2,225.86,224.0,224.6,21980
2019-10-28 19:00:00,224.68,226.47,224.68,225.76,16879
2019-10-28 20:00:00,225.68,225.83,225.03,225.27,17678
2019-10-28 21:00:00,225.27,226.13,224.77,226.06,18680
2019-10-28 22:00:00,226.0,226.05,224.91,225.03,72169
2019-10-29 16:00:00,224.47,227.51,224.47,226.57,13116
2019-10-29 17:00:00,226.44,229.99,226.33,229.96,32411
2019-10-29 18:00:00,229.98,230.56,227.2,227.46,30856
2019-10-29 19:00:00,227.27,227.8,226.85,227.73,20078
2019-10-29 20:00:00,227.95,228.2,227.45,227.89,24200
2019-10-29 21:00:00,227.82,228.03,227.12,227.66,35588
2019-10-29 22:00:00,227.6,228.12,227.11,228.07,105345
2019-10-30 16:00:00,227.0,228.0,223.82,225.35,11495
2019-10-30 17:00:00,225.6,227.1,225.46,226.68,25908
2019-10-30 18:00:00,226.61,227.04,226.41,226.65,55418
2019-10-30 19:00:00,226.61,227.07,225.4,226.82,34716
2019-10-30 20:00:00,226.98,227.45,225.65,225.68,29501
2019-10-30 21:00:00,225.41,226.39,225.25,225.98,41743
2019-10-30 22:00:00,225.98,228.98,225.91,228.98,91042
2019-10-31 16:00:00,233.92,237.35,232.58,233.3,48431
2019-10-31 17:00:00,234.38,236.26,232.11,233.97,51479
2019-10-31 18:00:00,233.97,234.78,232.66,232.79,63242
2019-10-31 19:00:00,232.78,233.59,232.26,232.51,36742
2019-10-31 20:00:00,232.34,233.62,231.33,233.5,31535
2019-10-31 21:00:00,233.22,234.47,232.89,234.4,67784
2019-10-31 22:00:00,234.47,235.24,233.84,234.61,155731
2019-11-01 16:00:00,236.83,240.8,236.83,239.1,18692
2019-11-01 17:00:00,238.94,241.08,238.34,241.05,28440
2019-11-01 18:00:00,241.13,241.65,240.28,241.55,30417
2019-11-01 19:00:00,241.81,243.05,240.77,242.58,44202
2019-11-01 20:00:00,242.49,244.23,241.96,244.15,31274
2019-11-01 21:00:00,244.2,245.2,244.02,244.76,39509
2019-11-01 22:00:00,244.64,246.01,244.63,245.91,117208
2019-11-04 16:00:00,247.88,249.25,244.46,244.71,44531
2019-11-04 17:00:00,244.49,245.39,244.0,244.39,56367
2019-11-04 18:00:00,244.37,246.21,244.08,244.15,31498
2019-11-04 19:00:00,244.0,245.15,243.58,244.86,20975
2019-11-04 20:00:00,244.92,246.17,244.72,245.85,16639
2019-11-04 21:00:00,245.73,246.18,245.23,245.85,14743
2019-11-04 22:00:00,245.77,246.14,245.35,245.9,86869
2019-11-05 16:00:00,245.8,246.73,242.47,243.01,24156
2019-11-05 17:00:00,243.46,244.13,236.69,237.52,69936
2019-11-05 18:00:00,237.68,239.24,237.56,238.38,57637
2019-11-05 19:00:00,238.56,238.74,236.94,237.99,30014
2019-11-05 20:00:00,238.0,238.26,236.39,237.18,22900
2019-11-05 21:00:00,237.15,237.91,237.01,237.79,26278
2019-11-05 22:00:00,237.74,240.11,237.26,238.47,134110
2019-11-06 16:00:00,239.31,240.42,238.52,240.42,21976
2019-11-06 17:00:00,240.03,240.6,239.26,240.0,32771
2019-11-06 18:00:00,240.07,241.33,240.01,240.84,19023
2019-11-06 19:00:00,241.03,241.37,240.28,240.28,22345
2019-11-06 20:00:00,240.5,240.61,239.82,240.32,17337
2019-11-06 21:00:00,240.36,240.91,240.17,240.51,12887
2019-11-06 22:00:00,240.55,241.28,240.07,241.23,60131
2019-11-07 16:00:00,242.58,244.4,242.11,244.29,26079
2019-11-07 17:00:00,244.23,245.11,243.66,244.76,35546
2019-11-07 18:00:00,244.96,247.64,244.7,247.55,34666
2019-11-07 19:00:00,247.48,247.48,246.01,246.99,37530
2019-11-07 20:00:00,246.96,247.69,246.38,246.8,40350
2019-11-07 21:00:00,246.82,247.37,245.47,245.9,25825
2019-11-07 22:00:00,246.03,246.81,245.4,246.75,96417
2019-11-08 16:00:00,246.53,247.15,244.43,244.72,19825
2019-11-08 17:00:00,244.33,246.5,244.28,245.59,33599
2019-11-08 18:00:00,245.93,246.99,245.68,246.15,25115
2019-11-08 19:00:00,246.06,246.1,245.09,245.56,23636
2019-11-08 20:00:00,245.48,245.76,244.72,244.72,17186
2019-11-08 21:00:00,244.88,244.99,243.85,244.33,20840
2019-11-08 22:00:00,244.25,245.02,244.03,245.0,72818
2019-11-11 16:00:00,242.68,243.66,240.06,242.83,11935
2019-11-11 17:00:00,242.99,246.93,242.83,245.42,19140
2019-11-11 18:00:00,245.35,245.61,244.88,245.12,12200
2019-11-11 19:00:00,245.13,245.81,244.64,245.73,12952
2019-11-11 20:00:00,245.63,246.31,245.63,246.0,5793
2019-11-11 21:00:00,245.93,246.0,245.58,245.73,9974
2019-11-11 22:00:00,245.71,245.8,243.78,245.0,52469
2019-11-12 16:00:00,245.0,246.83,244.29,246.83,13591
2019-11-12 17:00:00,246.81,247.26,245.68,246.28,40776
2019-11-12 18:00:00,246.3,246.75,245.31,245.93,15647
2019-11-12 19:00:00,245.94,246.39,245.08,246.34,34037
2019-11-12 20:00:00,246.59,247.85,246.59,246.93,22028
2019-11-12 21:00:00,246.9,246.9,245.85,246.06,22521
2019-11-12 22:00:00,246.08,247.03,245.99,246.25,71506
2019-11-13 16:00:00,245.31,247.18,245.13,246.51,8731
2019-11-13 17:00:00,246.67,248.65,246.67,248.51,22066
2019-11-13 18:00:00,248.44,248.79,247.38,248.5,14285
2019-11-13 19:00:00,248.66,249.53,248.56,249.28,14146
2019-11-13 20:00:00,249.27,250.45,249.25,249.46,21457
2019-11-13 21:00:00,249.45,249.6,248.88,249.39,12228
2019-11-13 22:00:00,249.64,249.64,248.83,249.2,40926
2019-11-14 16:00:00,247.47,248.11,245.97,247.5,26953
2019-11-14 17:00:00,247.55,248.29,245.63,246.25,44336
2019-11-14 18:00:00,246.46,247.0,244.96,245.22,46484
2019-11-14 19:00:00,245.29,246.59,244.84,246.42,19075
2019-11-14 20:00:00,246.31,246.59,245.57,246.18,23102
2019-11-14 21:00:00,245.99,247.34,245.99,247.19,30147
2019-11-14 22:00:00,247.18,250.07,247.12,250.0,119718
2019-11-15 16:00:00,250.01,251.01,247.35,250.1,47937
2019-11-15 17:00:00,250.18,250.3,248.93,249.65,39492
2019-11-15 18:00:00,249.69,249.94,249.29,249.63,51218
2019-11-15 19:00:00,249.69,250.66,249.42,250.66,55592
2019-11-15 20:00:00,250.77,250.77,249.68,249.93,20522
2019-11-15 21:00:00,249.96,250.8,249.76,250.3,42291
2019-11-15 22:00:00,250.33,250.42,249.53,250.04,100575
2019-11-18 16:00:00,249.4,250.68,248.98,249.8,16785
2019-11-18 17:00:00,250.05,252.51,249.11,251.9,40453
2019-11-18 18:00:00,251.96,252.62,251.01,251.35,25547
2019-11-18 19:00:00,251.43,253.0,251.43,251.55,60200
2019-11-18 20:00:00,251.49,252.35,251.31,252.19,17799
2019-11-18 21:00:00,252.19,252.8,251.9,252.32,18375
2019-11-18 22:00:00,252.22,252.77,251.85,252.58,70992
2019-11-19 16:00:00,254.07,257.62,253.96,257.0,23902
2019-11-19 17:00:00,256.68,258.37,255.55,256.47,45363
2019-11-19 18:00:00,256.52,257.75,256.28,257.15,60961
2019-11-19 19:00:00,256.93,257.17,255.79,257.17,38178
2019-11-19 20:00:00,257.19,257.28,256.11,256.92,26908
2019-11-19 21:00:00,256.86,257.87,256.32,257.01,42666
2019-11-19 22:00:00,256.91,257.89,256.35,257.5,142486
2019-11-20 16:00:00,257.07,260.48,256.44,260.0,54353
2019-11-20 17:00:00,259.83,261.36,258.67,258.72,34581
2019-11-20 18:00:00,258.58,259.9,256.81,257.01,110957
2019-11-20 19:00:00,257.05,258.16,254.62,255.52,125329
2019-11-20 20:00:00,255.21,255.81,253.79,255.72,98344
2019-11-20 21:00:00,255.46,257.13,255.4,256.73,18812
2019-11-20 22:00:00,256.45,257.03,255.41,256.26,335496
2019-11-21 16:00:00,257.66,259.32,254.74,254.83,29578
2019-11-21 17:00:00,254.95,255.77,253.8,255.34,20302
2019-11-21 18:00:00,255.51,256.85,254.9,256.34,26812
2019-11-21 19:00:00,256.14,256.87,255.01,255.85,28140
2019-11-21 20:00:00,255.88,256.58,255.68,256.46,18029
2019-11-21 21:00:00,256.47,257.55,256.43,256.78,34006
2019-11-21 22:00:00,256.86,257.09,255.58,255.63,68552
2019-11-22 16:00:00,256.47,257.47,255.29,256.82,23483
2019-11-22 17:00:00,256.85,257.91,255.6,256.26,25026
2019-11-22 18:00:00,256.52,256.75,255.93,256.29,16732
2019-11-22 19:00:00,256.14,257.09,255.91,257.08,44663
2019-11-22 20:00:00,257.08,257.77,256.96,257.67,35646
2019-11-22 21:00:00,257.66,258.71,257.66,258.08,18287
2019-11-22 22:00:00,258.11,258.69,257.51,257.99,56972
2019-11-25 16:00:00,258.69,261.76,258.69,261.27,20094
2019-11-25 17:00:00,261.43,262.81,260.45,262.35,27100
2019-11-25 18:00:00,262.2,263.42,262.14,263.2,41208
2019-11-25 19:00:00,263.32,263.54,261.53,261.74,20052
2019-11-25 20:00:00,261.83,262.06,261.0,261.51,19614
2019-11-25 21:00:00,261.44,264.17,261.29,264.0,41395
2019-11-25 22:00:00,264.03,264.57,263.08,263.93,185227
2019-11-26 16:00:00,264.21,265.61,263.07,264.87,36625
2019-11-26 17:00:00,264.68,264.84,263.65,264.37,56436
2019-11-26 18:00:00,264.42,264.87,262.28,262.62,53179
2019-11-26 19:00:00,262.62,262.62,260.05,260.14,36388
2019-11-26 20:00:00,260.24,261.24,259.04,259.99,37119
2019-11-26 21:00:00,259.9,260.21,259.24,259.78,35939
2019-11-26 22:00:00,259.76,260.37,259.14,259.78,144299
2019-11-27 16:00:00,261.04,261.05,253.82,254.31,39384
2019-11-27 17:00:00,254.26,255.5,252.27,255.02,78844
2019-11-27 18:00:00,255.02,257.19,254.61,257.14,56438
2019-11-27 19:00:00,257.2,258.07,256.22,258.0,41930
2019-11-27 20:00:00,258.0,258.54,257.3,258.24,40579
2019-11-27 21:00:00,258.18,258.4,257.54,257.93,29396
2019-11-27 22:00:00,257.88,258.91,257.5,258.18,83597
2019-11-29 16:00:00,257.76,259.76,256.8,258.06,14977
2019-11-29 17:00:00,257.81,260.75,257.64,260.17,26281
2019-11-29 18:00:00,260.2,260.2,258.61,259.52,20131
2019-11-29 19:00:00,259.52,260.58,259.09,259.4,57284
2019-11-29 20:00:00,259.19,259.19,259.19,259.19,85601
2019-12-02 16:00:00,260.34,262.76,257.07,258.54,80741
2019-12-02 17:00:00,258.7,258.7,256.6,256.9,101610
2019-12-02 18:00:00,256.94,257.4,255.51,257.21,61068
2019-12-02 19:00:00,257.08,258.11,255.8,257.32,35811
2019-12-02 20:00:00,257.75,257.97,257.28,257.62,15880
2019-12-02 21:00:00,257.5,258.26,257.08,257.33,23874
2019-12-02 22:00:00,257.44,257.62,256.44,256.58,116541
2019-12-03 16:00:00,252.45,255.44,251.54,254.64,29049
2019-12-03 17:00:00,254.84,255.53,253.68,255.53,32722
2019-12-03 18:00:00,255.14,255.2,253.63,254.6,41725
2019-12-03 19:00:00,254.46,254.75,253.49,254.1,19574
2019-12-03 20:00:00,254.21,254.98,254.19,254.61,28404
2019-12-03 21:00:00,254.57,254.64,253.54,253.65,25205
2019-12-03 22:00:00,253.64,254.7,253.5,254.35,82117
2019-12-04 16:00:00,255.53,258.63,254.92,258.63,24464
2019-12-04 17:00:00,258.32,258.78,256.32,257.33,25239
2019-12-04 18:00:00,257.47,258.66,257.23,258.02,26729
2019-12-04 19:00:00,257.78,258.58,257.3,258.22,35435
2019-12-04 20:00:00,258.26,258.42,257.8,257.95,11049
2019-12-04 21:00:00,258.08,258.81,257.91,258.62,12759
2019-12-04 22:00:00,258.69,259.81,258.36,259.03,74748
2019-12-05 16:00:00,259.53,260.63,258.01,260.2,9660
2019-12-05 17:00:00,259.88,260.96,258.31,260.85,10712
2019-12-05 18:00:00,260.99,261.09,259.92,260.03,11574
2019-12-05 19:00:00,260.02,260.09,258.98,259.01,11415
2019-12-05 20:00:00,259.05,260.24,258.98,259.79,13588
2019-12-05 21:00:00,259.8,260.9,259.69,260.41,28894
2019-12-05 22:00:00,260.37,260.92,260.07,260.41,44714
2019-12-06 16:00:00,263.03,264.03,262.45,262.67,13244
2019-12-06 17:00:00,262.51,265.34,261.9,265.0,32220
2019-12-06 18:00:00,265.11,266.63,264.89,266.25,40433
2019-12-06 19:00:00,266.2,266.44,265.6,266.16,38511
2019-12-06 20:00:00,266.16,266.77,265.8,266.21,41874
2019-12-06 21:00:00,266.26,266.92,266.26,266.39,26636
2019-12-06 22:00:00,266.45,267.51,266.27,266.38,108037
2019-12-09 16:00:00,266.23,266.99,264.8,266.73,30171
2019-12-09 17:00:00,266.71,267.01,264.4,265.34,40423
2019-12-09 18:00:00,265.31,266.01,264.93,265.85,20861
2019-12-09 19:00:00,265.83,266.22,265.51,265.99,13984
2019-12-09 20:00:00,265.83,266.01,265.44,265.44,17894
2019-12-09 21:00:00,265.49,265.49,264.17,264.43,13715
2019-12-09 22:00:00,264.49,264.7,263.36,263.54,77777
2019-12-10 16:00:00,264.14,264.14,261.05,262.1,23824
2019-12-10 17:00:00,262.14,263.52,261.2,261.26,37936
2019-12-10 18:00:00,261.3,262.28,260.59,261.42,28689
2019-12-10 19:00:00,261.32,262.34,260.92,261.75,19335
2019-12-10 20:00:00,261.79,262.15,261.47,261.65,19778
2019-12-10 21:00:00,261.76,262.05,261.61,261.72,23453
2019-12-10 22:00:00,261.7,261.76,260.51,261.43,54315
2019-12-11 16:00:00,262.54,262.54,260.14,260.93,10429
2019-12-11 17:00:00,261.0,261.93,260.89,261.1,16004
2019-12-11 18:00:00,261.23,262.18,260.19,261.54,10323
2019-12-11 19:00:00,261.42,261.99,261.33,261.68,8286
2019-12-11 20:00:00,261.62,261.76,261.06,261.19,12387
2019-12-11 21:00:00,261.15,261.43,260.79,261.13,30851
2019-12-11 22:00:00,261.13,261.43,260.69,260.79,46611
2019-12-12 16:00:00,260.92,261.94,260.92,261.43,19416
2019-12-12 17:00:00,261.61,262.01,259.67,260.78,25860
2019-12-12 18:00:00,260.77,260.87,258.48,259.18,12961
2019-12-12 19:00:00,258.64,259.6,258.07,258.81,17616
2019-12-12 20:00:00,258.81,258.99,258.53,258.82,18244
2019-12-12 21:00:00,258.85,259.8,258.29,259.8,21144
2019-12-12 22:00:00,259.82,260.18,259.1,259.87,49261
2019-12-13 16:00:00,258.95,260.02,256.57,259.55,19930
2019-12-13 17:00:00,259.44,261.03,258.44,258.75,26598
2019-12-13 18:00:00,258.69,259.93,258.69,259.26,44955
2019-12-13 19:00:00,259.29,259.98,259.0,259.98,19328
2019-12-13 20:00:00,259.9,260.85,259.63,260.85,14604
2019-12-13 21:00:00,260.75,260.9,259.91,260.04,37662
2019-12-13 22:00:00,260.11,260.44,259.44,260.07,38875
2019-12-16 16:00:00,262.41,264.41,262.37,262.93,21621
2019-12-16 17:00:00,263.19,263.41,262.07,262.75,34149
2019-12-16 18:00:00,262.79,262.96,261.65,261.91,22351
2019-12-16 19:00:00,262.07,262.26,261.5,261.51,49386
2019-12-16 20:00:00,261.52,262.11,261.2,261.6,14453
2019-12-16 21:00:00,261.68,261.94,261.02,261.35,14804
2019-12-16 22:00:00,261.4,261.55,260.88,261.03,45634
2019-12-17 16:00:00,262.93,262.93,258.47,259.52,18356
2019-12-17 17:00:00,259.73,260.35,259.17,259.93,24874
2019-12-17 18:00:00,260.14,260.38,259.62,259.8,37345
2019-12-17 19:00:00,259.76,259.96,258.8,258.8,41028
2019-12-17 20:00:00,258.89,259.39,258.71,258.96,61876
2019-12-17 21:00:00,259.0,259.34,258.75,259.14,52195
2019-12-17 22:00:00,259.09,259.34,258.45,258.49,142258
2019-12-18 16:00:00,259.84,260.97,259.5,260.19,20118
2019-12-18 17:00:00,260.31,260.54,259.5,259.89,38656
2019-12-18 18:00:00,259.77,259.98,258.69,259.0,18485
2019-12-18 19:00:00,258.93,258.93,257.59,258.02,24021
2019-12-18 20:00:00,257.97,258.06,257.45,257.91,17246
2019-12-18 21:00:00,257.97,258.18,257.55,257.73,26722
2019-12-18 22:00:00,257.78,257.82,257.05,257.46,66363
2019-12-19 16:00:00,256.98,258.92,256.98,258.05,12315
2019-12-19 17:00:00,257.88,258.57,257.51,258.46,28728
2019-12-19 18:00:00,258.39,259.13,257.79,259.13,72018
2019-12-19 19:00:00,259.06,259.95,259.06,259.17,58065
2019-12-19 20:00:00,259.19,260.29,259.05,260.15,119480
2019-12-19 21:00:00,260.17,260.26,259.76,260.07,47915
2019-12-19 22:00:00,259.99,260.21,259.62,259.78,87160
2019-12-20 16:00:00,261.0,261.99,258.14,259.51,108595
2019-12-20 17:00:00,259.55,260.29,258.78,258.92,43432
2019-12-20 18:00:00,258.96,259.4,258.07,258.57,34309
2019-12-20 19:00:00,258.57,258.57,257.22,257.73,34130
2019-12-20 20:00:00,257.74,259.17,257.69,258.75,31355
2019-12-20 21:00:00,258.75,259.51,258.74,259.16,48056
2019-12-20 22:00:00,259.09,259.58,258.69,259.04,107335
2019-12-23 16:00:00,261.72,266.28,260.85,262.41,31282
2019-12-23 17:00:00,262.33,262.36,260.93,261.38,18291
2019-12-23 18:00:00,261.39,261.39,260.26,260.82,8534
2019-12-23 19:00:00,260.74,260.74,259.41,259.45,11431
2019-12-23 20:00:00,259.47,259.91,259.29,259.61,12538
2019-12-23 21:00:00,259.75,260.03,258.75,258.85,14067
2019-12-23 22:00:00,258.93,259.04,258.21,258.72,52447
2019-12-24 16:00:00,258.54,260.02,257.54,258.39,8510
2019-12-24 17:00:00,258.71,259.97,258.71,259.75,10116
2019-12-24 18:00:00,259.9,261.19,259.72,260.68,7395
2019-12-24 19:00:00,260.45,260.9,260.27,260.56,9316
2019-12-24 20:00:00,260.36,260.56,260.36,260.56,10650
2019-12-26 16:00:00,260.5,262.2,260.36,261.62,20404
2019-12-26 17:00:00,261.72,262.85,261.4,261.71,25530
2019-12-26 18:00:00,261.78,261.78,260.56,260.74,4632
2019-12-26 19:00:00,260.62,260.62,259.98,260.31,5774
2019-12-26 20:00:00,260.53,260.81,260.38,260.5,3680
2019-12-26 21:00:00,260.35,260.35,259.77,259.89,5163
2019-12-26 22:00:00,259.94,260.62,259.65,260.58,17252
2019-12-27 16:00:00,260.9,261.0,258.83,259.69,9787
2019-12-27 17:00:00,259.58,261.27,259.51,261.02,8089
2019-12-27 18:00:00,260.98,261.03,259.94,260.4,5563
2019-12-27 19:00:00,260.38,260.55,259.91,260.54,23355
2019-12-27 20:00:00,260.5,260.68,259.65,259.75,7785
2019-12-27 21:00:00,259.67,260.84,259.67,260.56,6245
2019-12-27 22:00:00,260.59,260.7,259.63,259.98,21972
2019-12-30 16:00:00,260.08,261.08,257.04,257.67,10167
2019-12-30 17:00:00,257.66,258.06,257.01,257.74,18118
2019-12-30 18:00:00,257.71,257.71,256.03,256.52,12495
2019-12-30 19:00:00,256.42,257.5,256.23,256.91,8844
2019-12-30 20:00:00,256.92,256.92,255.93,256.46,11088
2019-12-30 21:00:00,256.36,256.66,255.96,256.52,16227
2019-12-30 22:00:00,256.52,257.35,256.52,256.94,20862
2019-12-31 16:00:00,256.64,257.36,256.64,257.2,2748
2019-12-31 17:00:00,257.54,257.71,256.73,256.86,9308
2019-12-31 18:00:00,256.82,257.89,256.82,256.86,10393
2019-12-31 19:00:00,256.86,257.83,256.83,257.83,6139
2019-12-31 20:00:00,257.87,258.22,257.72,258.09,10820
2019-12-31 21:00:00,258.17,258.63,257.41,257.65,9003
2019-12-31 22:00:00,257.56,258.47,257.42,258.18,28733
2020-01-02 16:00:00,260.09,262.35,259.74,261.39,28335
2020-01-02 17:00:00,261.6,263.49,261.2,263.07,71362
2020-01-02 18:00:00,263.23,263.95,261.83,262.69,47013
2020-01-02 19:00:00,262.59,263.6,261.97,263.35,24518
2020-01-02 20:00:00,263.37,263.62,262.4,263.62,24053
2020-01-02 21:00:00,263.64,264.86,263.49,264.62,28779
2020-01-02 22:00:00,264.69,266.03,264.21,265.89,85435
2020-01-03 16:00:00,262.2,263.58,260.12,260.94,29957
2020-01-03 17:00:00,260.86,262.1,259.27,261.28,32020
2020-01-03 18:00:00,261.01,261.39,259.63,260.92,31188
2020-01-03 19:00:00,260.88,261.6,260.79,260.9,26963
2020-01-03 20:00:00,261.01,261.38,259.86,260.08,39555
2020-01-03 21:00:00,260.16,261.42,259.97,261.32,23765
2020-01-03 22:00:00,261.32,261.7,260.69,261.0,66520
2020-01-06 16:00:00,258.58,258.62,256.8,257.45,13272
2020-01-06 17:00:00,257.53,259.68,257.29,259.11,21415
2020-01-06 18:00:00,259.02,259.38,258.41,258.73,20505
2020-01-06 19:00:00,258.8,259.31,258.65,259.07,30864
2020-01-06 20:00:00,259.05,260.21,258.95,259.79,35262
2020-01-06 21:00:00,259.78,260.47,259.53,259.87,22236
2020-01-06 22:00:00,260.0,262.09,259.92,262.08,74551
2020-01-07 16:00:00,260.86,262.29,260.74,261.04,12410
2020-01-07 17:00:00,261.04,262.65,260.78,262.56,15882
2020-01-07 18:00:00,262.46,265.36,262.2,265.0,37712
2020-01-07 19:00:00,264.9,264.9,263.71,264.17,22075
2020-01-07 20:00:00,264.17,264.29,263.45,264.09,23474
2020-01-07 21:00:00,264.12,264.4,262.84,262.89,50374
2020-01-07 22:00:00,262.94,263.58,262.37,262.44,131333
2020-01-08 16:00:00,263.04,269.23,263.04,268.25,39357
2020-01-08 17:00:00,268.39,268.45,265.72,266.11,76252
2020-01-08 18:00:00,266.17,269.13,265.61,268.38,38025
2020-01-08 19:00:00,268.7,268.88,267.66,267.66,22620
2020-01-08 20:00:00,267.69,267.77,266.93,266.94,31878
2020-01-08 21:00:00,267.05,267.39,266.6,266.92,19737
2020-01-08 22:00:00,266.95,268.19,266.23,266.34,61993
2020-01-09 16:00:00,269.14,271.63,266.27,268.35,32535
2020-01-09 17:00:00,268.29,269.63,267.99,268.81,35139
2020-01-09 18:00:00,268.7,269.4,268.3,268.36,17866
2020-01-09 19:00:00,268.09,269.11,267.68,268.13,28158
2020-01-09 20:00:00,268.28,268.95,268.18,268.74,25679
2020-01-09 21:00:00,269.02,269.12,268.51,268.61,47442
2020-01-09 22:00:00,268.65,268.71,267.53,267.85,52538
2020-01-10 16:00:00,267.97,268.36,264.08,265.99,20999
2020-01-10 17:00:00,265.99,266.85,265.46,265.83,28081
2020-01-10 18:00:00,266.16,266.59,265.43,266.06,22338
2020-01-10 19:00:00,266.05,266.14,265.32,265.94,21734
2020-01-10 20:00:00,265.99,267.63,265.92,267.57,16981
2020-01-10 21:00:00,267.46,267.53,266.27,266.94,33129
2020-01-10 22:00:00,266.94,266.94,265.21,265.89,39669
2020-01-13 16:00:00,266.11,268.81,265.97,268.69,18951
2020-01-13 17:00:00,268.74,269.89,268.4,269.76,24210
2020-01-13 18:00:00,269.65,270.86,269.46,270.86,25650
2020-01-13 19:00:00,270.89,271.89,270.56,271.74,40781
2020-01-13 20:00:00,271.74,273.34,271.61,272.41,29305
2020-01-13 21:00:00,272.47,272.87,272.01,272.61,29860
2020-01-13 22:00:00,272.62,272.68,271.5,272.2,60335
2020-01-14 16:00:00,271.27,273.0,270.0,270.48,14372
2020-01-14 17:00:00,270.43,272.38,270.12,270.48,22023
2020-01-14 18:00:00,270.35,270.35,268.16,268.47,12161
2020-01-14 19:00:00,268.48,270.46,268.0,269.93,24198
2020-01-14 20:00:00,269.93,270.91,269.65,269.65,19894
2020-01-14 21:00:00,269.91,269.91,268.28,268.44,19533
2020-01-14 22:00:00,268.48,268.88,266.32,266.53,56288
2020-01-15 16:00:00,266.54,269.43,266.54,269.43,9900
2020-01-15 17:00:00,269.2,270.68,269.2,270.17,45564
2020-01-15 18:00:00,270.19,270.66,269.38,270.09,15577
2020-01-15 19:00:00,270.24,270.58,269.13,269.17,15334
2020-01-15 20:00:00,269.13,270.16,268.92,269.82,14831
2020-01-15 21:00:00,269.89,271.16,269.89,270.68,17840
2020-01-15 22:00:00,270.57,270.57,269.62,269.62,45908
2020-01-16 16:00:00,272.44,274.71,270.69,274.28,48739
2020-01-16 17:00:00,274.67,274.67,273.03,273.65,16102
2020-01-16 18:00:00,273.75,274.54,273.61,274.2,16192
2020-01-16 19:00:00,274.26,276.03,274.26,276.03,20451
2020-01-16 20:00:00,276.05,276.25,275.59,275.98,17225
2020-01-16 21:00:00,276.04,276.77,275.86,275.88,20097
2020-01-16 22:00:00,275.72,277.17,275.67,277.14,49958
2020-01-17 16:00:00,279.26,279.26,276.37,278.71,85844
2020-01-17 17:00:00,278.62,279.43,277.73,279.12,34313
2020-01-17 18:00:00,279.09,279.93,278.39,278.81,29745
2020-01-17 19:00:00,278.89,279.19,277.89,277.94,14392
2020-01-17 20:00:00,277.9,278.8,277.67,278.54,23757
2020-01-17 21:00:00,278.65,278.85,278.23,278.39,21497
2020-01-17 22:00:00,278.35,279.1,277.58,278.97,60281
2020-01-21 16:00:00,277.61,279.99,276.38,278.95,29226
2020-01-21 17:00:00,278.93,280.25,278.93,279.79,20585
2020-01-21 18:00:00,279.75,281.68,279.75,280.87,30578
2020-01-21 19:00:00,280.86,281.08,280.1,280.15,25535
2020-01-21 20:00:00,280.13,280.56,278.95,278.95,45790
2020-01-21 21:00:00,278.9,279.38,277.93,278.15,30327
2020-01-21 22:00:00,278.24,278.89,277.93,277.99,51370
2020-01-22 16:00:00,279.53,282.5,279.13,282.0,46067
2020-01-22 17:00:00,282.33,283.42,281.07,283.37,21130
2020-01-22 18:00:00,282.96,282.96,280.51,280.58,36647
2020-01-22 19:00:00,280.52,280.57,279.71,279.89,17367
2020-01-22 20:00:00,279.95,280.78,279.22,279.89,18777
2020-01-22 21:00:00,279.89,281.09,279.88,280.4,19711
2020-01-22 22:00:00,280.33,280.41,278.29,279.08,46861
2020-01-23 16:00:00,277.95,279.23,276.78,277.24,13986
2020-01-23 17:00:00,277.15,278.62,276.21,277.92,16730
2020-01-23 18:00:00,277.85,278.48,276.99,278.48,10794
2020-01-23 19:00:00,278.54,279.21,278.32,278.35,7799
2020-01-23 20:00:00,277.99,279.51,277.5,279.48,10248
2020-01-23 21:00:00,279.55,280.11,279.09,279.76,10119
2020-01-23 22:00:00,279.83,279.98,278.97,279.01,44478
2020-01-24 16:00:00,280.58,281.0,279.33,279.33,7493
2020-01-24 17:00:00,279.38,279.46,278.8,279.26,6291
2020-01-24 18:00:00,279.3,279.75,278.31,278.31,13902
2020-01-24 19:00:00,278.31,278.31,276.37,277.55,7143
2020-01-24 20:00:00,277.51,277.51,274.78,275.36,13789
2020-01-24 21:00:00,275.47,275.89,274.23,275.89,12340
2020-01-24 22:00:00,275.78,276.53,274.93,275.85,33390
2020-01-27 16:00:00,270.0,273.2,269.3,272.55,16241
2020-01-27 17:00:00,272.32,273.84,271.73,273.84,27301
2020-01-27 18:00:00,273.79,274.72,273.24,273.46,29748
2020-01-27 19:00:00,273.45,275.49,273.39,273.69,21338
2020-01-27 20:00:00,273.95,274.79,273.6,274.17,32224
2020-01-27 21:00:00,274.04,274.99,273.55,274.16,14181
2020-01-27 22:00:00,274.13,274.84,273.55,274.33,41395
2020-01-28 16:00:00,275.15,276.64,273.96,275.89,14613
2020-01-28 17:00:00,276.18,278.8,275.87,278.29,16957
2020-01-28 18:00:00,278.0,278.09,277.22,277.59,13038
2020-01-28 19:00:00,277.7,278.52,277.5,277.93,9899
2020-01-28 20:00:00,278.01,278.01,276.71,277.34,10990
2020-01-28 21:00:00,277.37,278.55,277.33,278.36,13443
2020-01-28 22:00:00,278.29,279.09,278.24,278.31,43259
2020-01-29 16:00:00,279.84,280.18,278.5,279.26,10334
2020-01-29 17:00:00,279.5,281.86,279.2,281.42,24792
2020-01-29 18:00:00,281.12,282.05,280.49,281.83,23210
2020-01-29 19:00:00,281.81,283.89,281.74,283.11,26062
2020-01-29 20:00:00,282.76,284.16,282.76,283.82,25105
2020-01-29 21:00:00,283.7,284.74,283.18,283.36,21417
2020-01-29 22:00:00,283.2,284.23,281.79,282.47,95248
2020-01-30 16:00:00,282.11,287.98,279.0,286.58,26902
2020-01-30 17:00:00,285.94,286.88,282.05,283.06,33998
2020-01-30 18:00:00,282.75,287.38,282.51,286.78,28109
2020-01-30 19:00:00,286.6,288.26,283.56,287.82,70978
2020-01-30 20:00:00,288.0,289.33,287.17,288.38,37540
2020-01-30 21:00:00,288.5,291.91,288.48,291.51,54587
2020-01-30 22:00:00,291.25,293.01,290.0,292.78,99461
2020-01-31 16:00:00,292.05,295.07,288.06,293.12,30537
2020-01-31 17:00:00,293.11,294.6,291.83,292.67,57800
2020-01-31 18:00:00,292.68,294.26,292.28,294.26,61442
2020-01-31 19:00:00,294.12,294.12,292.21,293.55,48846
2020-01-31 20:00:00,293.5,294.0,290.66,291.13,80191
2020-01-31 21:00:00,291.33,291.44,287.23,288.08,60746
2020-01-31 22:00:00,288.27,288.31,285.12,286.16,104794
2020-02-03 16:00:00,287.22,291.6,287.2,291.08,18632
2020-02-03 17:00:00,291.43,292.83,290.67,290.84,29597
2020-02-03 18:00:00,290.86,291.34,290.05,290.97,30475
2020-02-03 19:00:00,290.84,292.27,290.74,291.83,24550
2020-02-03 20:00:00,291.81,293.01,290.95,292.69,34807
2020-02-03 21:00:00,292.63,294.23,291.91,294.09,40737
2020-02-03 22:00:00,294.03,294.54,292.52,292.56,103377
2020-02-04 16:00:00,297.39,299.61,296.72,296.72,32113
2020-02-04 17:00:00,296.69,299.44,296.4,299.26,44881
2020-02-04 18:00:00,299.26,302.84,299.15,302.53,41609
2020-02-04 19:00:00,302.54,302.84,301.96,302.05,38090
2020-02-04 20:00:00,302.1,302.98,301.62,302.67,21539
2020-02-04 21:00:00,302.56,303.12,301.12,301.32,22400
2020-02-04 22:00:00,301.15,301.69,300.69,300.83,51372
2020-02-05 16:00:00,304.45,304.45,299.2,300.1,32884
2020-02-05 17:00:00,300.72,301.35,296.21,297.08,18313
2020-02-05 18:00:00,296.75,297.28,295.69,296.27,21479
2020-02-05 19:00:00,296.47,296.69,293.31,293.37,22560
2020-02-05 20:00:00,293.61,294.04,292.04,293.8,18977
2020-02-05 21:00:00,293.88,295.69,293.35,295.5,23067
2020-02-05 22:00:00,295.36,295.87,294.49,295.39,50474
2020-02-06 16:00:00,296.05,297.41,293.71,297.41,28522
2020-02-06 17:00:00,296.91,298.27,296.38,296.73,13920
2020-02-06 18:00:00,296.34,296.95,295.08,295.92,28979
2020-02-06 19:00:00,295.82,297.46,295.5,297.46,26054
2020-02-06 20:00:00,297.48,297.77,296.55,297.29,12962
2020-02-06 21:00:00,297.21,297.36,296.15,296.55,24188
2020-02-06 22:00:00,296.59,297.13,296.29,297.08,72584
2020-02-07 16:00:00,296.0,297.0,293.86,297.0,16375
2020-02-07 17:00:00,296.47,297.55,295.33,297.14,16014
2020-02-07 18:00:00,297.1,299.58,297.1,299.37,15944
2020-02-07 19:00:00,299.13,299.48,298.21,298.98,20063
2020-02-07 20:00:00,298.98,299.3,298.28,298.63,24493
2020-02-07 21:00:00,298.37,298.56,296.51,297.08,24829
2020-02-07 22:00:00,297.09,297.86,295.88,297.54,33848
2020-02-10 16:00:00,296.8,301.42,296.8,300.12,11226
2020-02-10 17:00:00,300.35,300.86,298.9,300.01,28679
2020-02-10 18:00:00,300.3,301.05,299.54,300.45,19956
2020-02-10 19:00:00,300.57,302.38,300.45,301.79,30720
2020-02-10 20:00:00,301.69,302.02,300.69,301.21,14118
2020-02-10 21:00:00,301.08,301.08,299.43,299.85,19893
2020-02-10 22:00:00,299.86,301.81,299.86,301.1,69905
2020-02-11 16:00:00,303.22,304.49,301.05,302.05,16360
2020-02-11 17:00:00,302.01,304.14,301.62,303.4,21603
2020-02-11 18:00:00,303.28,304.18,302.88,303.4,17893
2020-02-11 19:00:00,303.5,303.8,302.93,303.51,13293
2020-02-11 20:00:00,303.44,303.98,302.94,303.26,17152
2020-02-11 21:00:00,303.13,303.86,302.75,303.65,44666
2020-02-11 22:00:00,303.68,304.57,302.93,303.57,50687
2020-02-12 16:00:00,307.88,307.88,304.3,304.82,24360
2020-02-12 17:00:00,304.81,308.63,304.2,307.24,30101
2020-02-12 18:00:00,306.96,311.03,306.64,310.32,35279
2020-02-12 19:00:00,310.31,310.41,309.2,309.4,31894
2020-02-12 20:00:00,309.52,309.94,308.85,309.0,19614
2020-02-12 21:00:00,309.26,309.85,309.13,309.47,18998
2020-02-12 22:00:00,309.45,309.46,308.11,308.19,52081
2020-02-13 16:00:00,307.17,309.49,306.89,308.09,13380
2020-02-13 17:00:00,308.11,312.03,307.53,312.01,21636
2020-02-13 18:00:00,312.16,312.27,311.03,311.18,15588
2020-02-13 19:00:00,311.33,313.0,311.07,312.28,17189
2020-02-13 20:00:00,312.2,313.98,312.04,313.96,18966
2020-02-13 21:00:00,313.85,314.21,312.9,313.55,15487
2020-02-13 22:00:00,313.55,314.0,313.04,313.44,66393
2020-02-14 16:00:00,313.59,317.6,313.59,316.2,20827
2020-02-14 17:00:00,316.21,319.36,315.52,319.16,35273
2020-02-14 18:00:00,319.23,319.97,318.56,319.25,48871
2020-02-14 19:00:00,319.15,322.33,319.09,321.03,82242
2020-02-14 20:00:00,321.02,321.77,320.51,320.84,25075
2020-02-14 21:00:00,320.92,321.79,319.93,320.85,68162
2020-02-14 22:00:00,320.94,322.88,320.7,322.67,54159
2020-02-18 16:00:00,321.21,326.4,320.79,325.25,84046
2020-02-18 17:00:00,325.32,327.48,324.93,326.16,36064
2020-02-18 18:00:00,326.28,327.21,326.19,326.74,20277
2020-02-18 19:00:00,326.88,327.16,325.74,325.75,19703
2020-02-18 20:00:00,325.74,326.69,325.67,326.64,21428
2020-02-18 21:00:00,326.6,326.88,325.94,326.12,30743
2020-02-18 22:00:00,326.2,327.9,326.04,326.97,75062
2020-02-19 16:00:00,328.56,332.38,328.0,331.45,35048
2020-02-19 17:00:00,331.12,334.0,330.73,333.83,25135
2020-02-19 18:00:00,333.81,335.43,333.25,333.87,55363
2020-02-19 19:00:00,333.81,334.27,333.28,333.64,24986
2020-02-19 20:00:00,333.65,333.66,332.38,332.55,32481
2020-02-19 21:00:00,332.67,333.47,332.45,333.47,31734
2020-02-19 22:00:00,333.44,333.62,331.7,332.32,45789
2020-02-20 16:00:00,330.32,332.63,329.81,331.9,44072
2020-02-20 17:00:00,331.29,332.67,330.29,330.38,45500
2020-02-20 18:00:00,330.47,330.82,321.86,324.84,77341
2020-02-20 19:00:00,325.05,325.05,319.4,321.11,82266
2020-02-20 20:00:00,321.04,322.75,320.15,320.99,75378
2020-02-20 21:00:00,321.04,322.13,320.46,321.16,40234
2020-02-20 22:00:00,321.24,322.12,320.75,321.56,131380
2020-02-21 16:00:00,317.38,317.56,308.01,313.58,199940
2020-02-21 17:00:00,313.58,313.86,308.25,309.38,114040
2020-02-21 18:00:00,309.55,311.36,308.96,310.56,69423
2020-02-21 19:00:00,310.49,311.12,307.48,307.77,54590
2020-02-21 20:00:00,307.82,308.19,304.71,305.27,72770
2020-02-21 21:00:00,305.26,306.2,303.52,306.2,115327
2020-02-21 22:00:00,306.36,309.64,305.81,309.25,90557
2020-02-24 16:00:00,293.99,302.0,292.58,301.5,176022
2020-02-24 17:00:00,301.76,305.22,301.13,304.2,94128
2020-02-24 18:00:00,304.63,305.84,302.52,304.24,165789
2020-02-24 19:00:00,304.13,304.3,301.8,302.95,38613
2020-02-24 20:00:00,302.62,304.01,300.71,303.33,26420
2020-02-24 21:00:00,303.65,304.59,302.21,304.1,34210
2020-02-24 22:00:00,304.52,305.46,303.74,303.8,140553
2020-02-25 16:00:00,305.93,308.85,303.95,306.19,50373
2020-02-25 17:00:00,305.86,306.1,301.09,302.43,58359
2020-02-25 18:00:00,302.43,304.04,299.81,303.35,62421
2020-02-25 19:00:00,303.49,303.64,301.06,301.15,29834
2020-02-25 20:00:00,300.76,302.11,299.15,299.15,47302
2020-02-25 21:00:00,299.35,300.76,297.07,300.03,66020
2020-02-25 22:00:00,300.13,301.36,297.65,300.65,149719
2020-02-26 16:00:00,295.51,308.41,295.51,306.85,70309
2020-02-26 17:00:00,306.86,310.5,304.59,308.84,65232
2020-02-26 18:00:00,308.79,310.4,306.49,307.04,49699
2020-02-26 19:00:00,307.28,307.78,303.61,306.45,43212
2020-02-26 20:00:00,306.52,307.08,301.78,302.0,31085
2020-02-26 21:00:00,302.13,305.55,301.96,304.09,32432
2020-02-26 22:00:00,304.33,307.17,304.33,306.4,146601
2020-02-27 16:00:00,297.36,300.8,296.1,299.95,52730
2020-02-27 17:00:00,300.16,301.36,295.61,300.85,62920
2020-02-27 18:00:00,301.06,303.16,298.09,303.16,85852
2020-02-27 19:00:00,302.77,307.43,301.11,303.78,51454
2020-02-27 20:00:00,303.39,305.37,298.71,299.87,31118
2020-02-27 21:00:00,299.26,302.78,298.23,299.99,61267
2020-02-27 22:00:00,300.06,302.3,298.24,298.24,198869
2020-02-28 16:00:00,286.3,295.0,283.58,285.13,60878
2020-02-28 17:00:00,284.54,289.76,283.0,288.92,89578
2020-02-28 18:00:00,288.95,298.71,285.78,294.97,102736
2020-02-28 19:00:00,295.33,300.32,294.15,299.63,68668
2020-02-28 20:00:00,299.73,300.71,291.65,293.0,116862
2020-02-28 21:00:00,292.55,293.96,288.91,290.48,58143
2020-02-28 22:00:00,290.18,293.42,286.91,291.06,167614
2020-03-02 16:00:00,299.44,306.28,297.97,299.64,92698
2020-03-02 17:00:00,299.7,303.57,297.26,300.44,84759
2020-03-02 18:00:00,300.52,307.87,299.71,307.21,73026
2020-03-02 19:00:00,307.41,308.59,304.95,308.28,50455
2020-03-02 20:00:00,308.17,308.97,304.94,306.56,46962
2020-03-02 21:00:00,306.6,307.34,303.86,305.66,61465
2020-03-02 22:00:00,305.68,316.05,305.68,315.06,156311
2020-03-03 16:00:00,316.27,317.5,309.48,311.67,32085
2020-03-03 17:00:00,312.4,321.56,312.13,316.69,82099
2020-03-03 18:00:00,315.71,316.64,308.01,312.31,57316
2020-03-03 19:00:00,311.99,314.02,310.27,311.34,40964
2020-03-03 20:00:00,311.45,311.79,307.0,308.26,61508
2020-03-03 21:00:00,308.32,309.31,304.01,308.75,65121
2020-03-03 22:00:00,308.61,312.23,306.59,308.07,92545
2020-03-04 16:00:00,315.11,318.0,312.0,312.22,28347
2020-03-04 17:00:00,312.68,320.53,312.36,318.64,50047
2020-03-04 18:00:00,318.9,319.9,315.25,316.57,72426
2020-03-04 19:00:00,316.64,319.5,316.64,319.29,53053
2020-03-04 20:00:00,319.22,319.82,317.91,317.95,62137
2020-03-04 21:00:00,317.81,318.36,316.18,317.7,31752
2020-03-04 22:00:00,317.55,320.38,316.6,317.96,168681
2020-03-05 16:00:00,314.19,315.08,310.45,311.35,22068
2020-03-05 17:00:00,312.81,313.03,306.62,308.96,60609
2020-03-05 18:00:00,308.79,312.81,307.01,307.72,47998
2020-03-05 19:00:00,307.81,308.07,302.31,302.59,57860
2020-03-05 20:00:00,302.49,304.76,300.11,303.86,39070
2020-03-05 21:00:00,303.27,303.41,299.93,301.16,32407
2020-03-05 22:00:00,301.1,301.12,297.67,300.09,124651
2020-03-06 16:00:00,291.04,291.13,283.64,286.0,63319
2020-03-06 17:00:00,287.62,289.16,282.06,286.86,86077
2020-03-06 18:00:00,286.5,287.32,282.65,282.97,64241
2020-03-06 19:00:00,283.17,283.42,280.36,281.24,43503
2020-03-06 20:00:00,281.05,283.55,279.61,280.12,42732
2020-03-06 21:00:00,280.04,281.1,276.75,278.53,99749
2020-03-06 22:00:00,278.35,285.94,277.12,285.77,155721
2020-03-09 16:00:00,267.18,273.36,264.3,270.27,74710
2020-03-09 17:00:00,270.27,274.29,265.0,265.76,142895
2020-03-09 18:00:00,265.26,273.32,265.24,270.99,112663
2020-03-09 19:00:00,270.55,274.06,266.3,267.01,84034
2020-03-09 20:00:00,266.59,269.54,263.9,264.75,49979
2020-03-09 21:00:00,264.74,265.28,260.0,263.05,78552
2020-03-09 22:00:00,263.06,264.72,257.66,257.66,177870
2020-03-10 16:00:00,266.52,269.76,263.67,267.04,115865
2020-03-10 17:00:00,267.64,270.66,263.25,264.29,113133
2020-03-10 18:00:00,264.4,265.61,258.57,261.78,108247
2020-03-10 19:00:00,261.85,264.46,260.36,263.15,74775
2020-03-10 20:00:00,262.95,265.76,260.55,262.12,193066
2020-03-10 21:00:00,261.78,264.68,260.09,261.97,128217
2020-03-10 22:00:00,262.5,274.53,261.75,274.51,308297
2020-03-11 16:00:00,265.9,271.41,265.9,269.04,76997
2020-03-11 17:00:00,269.58,270.12,265.78,267.93,91561
2020-03-11 18:00:00,266.74,270.54,265.38,270.11,61308
2020-03-11 19:00:00,269.57,271.31,264.54,266.24,65513
2020-03-11 20:00:00,266.24,266.84,263.72,266.22,73736
2020-03-11 21:00:00,266.43,266.67,261.38,261.38,96419
2020-03-11 22:00:00,261.79,265.25,257.15,262.62,306374
2020-03-12 16:00:00,244.17,244.74,240.01,240.01,1200
2020-03-12 17:00:00,234.0,257.02,232.01,256.08,282945
2020-03-12 18:00:00,256.08,259.79,247.26,248.97,260538
2020-03-12 19:00:00,248.97,260.94,246.17,260.93,105617
2020-03-12 20:00:00,259.61,261.27,248.57,250.41,136688
2020-03-12 21:00:00,250.65,251.8,245.44,247.18,101594
2020-03-12 22:00:00,248.03,258.46,245.14,256.7,348582
2020-03-13 16:00:00,266.58,269.08,261.06,264.51,111994
2020-03-13 17:00:00,263.69,270.93,263.37,263.58,201590
2020-03-13 18:00:00,263.78,268.52,260.6,266.05,143510
2020-03-13 19:00:00,266.04,270.2,262.74,268.27,88295
2020-03-13 20:00:00,268.17,273.38,267.59,268.75,69188
2020-03-13 21:00:00,269.76,270.01,263.55,266.5,86986
2020-03-13 22:00:00,266.12,285.79,263.01,283.52,232595
2020-03-16 16:00:00,251.0,258.14,245.29,254.56,135873
2020-03-16 17:00:00,254.95,266.84,248.91,255.69,179569
2020-03-16 18:00:00,256.24,264.05,254.0,259.01,260219
2020-03-16 19:00:00,257.95,262.72,249.36,258.49,95617
2020-03-16 20:00:00,258.49,262.14,251.27,252.33,86076
2020-03-16 21:00:00,252.39,258.08,250.4,254.09,102157
2020-03-16 22:00:00,254.35,255.92,245.52,246.39,292699
2020-03-17 16:00:00,252.4,255.35,249.7,250.58,81122
2020-03-17 17:00:00,250.6,263.12,250.14,258.92,130702
2020-03-17 18:00:00,258.57,269.77,257.25,267.27,115173
2020-03-17 19:00:00,267.29,272.76,259.25,263.72,104056
2020-03-17 20:00:00,264.76,265.39,258.25,262.31,94739
2020-03-17 21:00:00,261.98,266.08,257.93,259.93,65151
2020-03-17 22:00:00,259.81,260.1,255.31,256.81,123809
2020-03-18 16:00:00,241.39,248.62,241.22,244.45,56467
2020-03-18 17:00:00,244.16,248.07,240.46,243.08,87080
2020-03-18 18:00:00,243.78,247.96,236.26,247.18,118313
2020-03-18 19:00:00,247.87,247.87,237.91,239.96,38282
2020-03-18 20:00:00,238.56,240.76,230.01,234.41,59486
2020-03-18 21:00:00,234.9,237.13,228.13,233.16,129532
2020-03-18 22:00:00,234.11,234.11,218.65,224.64,425397
2020-03-19 16:00:00,225.53,232.38,220.05,231.65,77792
2020-03-19 17:00:00,231.73,240.59,224.94,229.01,92392
2020-03-19 18:00:00,229.36,239.78,226.01,239.17,108694
2020-03-19 19:00:00,239.17,242.6,235.0,237.95,79771
2020-03-19 20:00:00,238.15,248.6,236.88,243.99,73040
2020-03-19 21:00:00,244.39,244.39,237.09,239.3,132831
2020-03-19 22:00:00,239.05,246.18,234.12,237.33,217120
2020-03-20 16:00:00,240.31,253.03,240.0,249.11,156865
2020-03-20 17:00:00,249.11,251.97,245.32,250.71,98884
2020-03-20 18:00:00,250.75,251.93,243.32,248.4,114653
2020-03-20 19:00:00,248.4,249.25,242.44,244.27,124910
2020-03-20 20:00:00,244.93,250.1,242.96,247.66,74132
2020-03-20 21:00:00,246.09,248.53,241.77,242.74,103328
2020-03-20 22:00:00,243.93,250.48,239.0,243.07,347752
2020-03-23 16:00:00,235.78,243.36,225.0,242.32,90469
2020-03-23 17:00:00,242.49,243.39,234.3,235.62,205680
2020-03-23 18:00:00,235.62,236.04,221.82,224.19,122921
2020-03-23 19:00:00,224.2,236.75,223.03,235.11,120752
2020-03-23 20:00:00,234.0,236.19,225.82,229.17,80956
2020-03-23 21:00:00,228.53,234.5,225.98,229.95,97518
2020-03-23 22:00:00,229.4,235.25,227.76,232.78,258409
2020-03-24 16:00:00,240.18,252.19,240.18,249.18,67641
2020-03-24 17:00:00,248.18,252.67,244.12,252.2,79450
2020-03-24 18:00:00,252.2,268.7,251.82,267.0,106652
2020-03-24 19:00:00,266.63,266.82,260.01,260.01,75536
2020-03-24 20:00:00,260.01,264.16,258.0,258.91,43355
2020-03-24 21:00:00,258.82,267.22,256.53,267.22,50257
2020-03-24 22:00:00,266.91,277.73,265.56,273.27,175681
2020-03-25 16:00:00,271.08,276.53,260.29,267.68,110363
2020-03-25 17:00:00,267.5,270.63,257.58,258.33,85600
2020-03-25 18:00:00,258.33,268.73,257.07,267.73,73342
2020-03-25 19:00:00,268.0,269.08,263.5,265.17,47221
2020-03-25 20:00:00,265.19,271.71,265.19,268.99,84344
2020-03-25 21:00:00,269.92,272.81,267.4,271.51,99398
2020-03-25 22:00:00,270.08,273.37,264.56,265.4,182740
2020-03-26 16:00:00,266.75,274.94,266.11,271.07,52911
2020-03-26 17:00:00,272.18,274.38,268.54,272.18,89288
2020-03-26 18:00:00,272.72,279.7,270.26,279.26,104712
2020-03-26 19:00:00,278.61,284.31,275.5,284.31,49687
2020-03-26 20:00:00,283.72,284.6,278.31,281.36,55965
2020-03-26 21:00:00,281.92,292.1,281.09,287.0,95410
2020-03-26 22:00:00,287.01,295.84,283.68,291.54,162621
2020-03-27 16:00:00,284.11,288.42,280.1,283.46,162885
2020-03-27 17:00:00,282.61,284.44,274.08,278.43,53682
2020-03-27 18:00:00,278.8,281.71,276.4,277.06,100360
2020-03-27 19:00:00,276.87,284.55,275.62,277.34,68518
2020-03-27 20:00:00,277.34,282.25,275.3,279.79,69797
2020-03-27 21:00:00,280.04,281.1,276.52,280.59,45887
2020-03-27 22:00:00,280.08,284.83,274.56,275.74,131867
2020-03-30 16:00:00,278.03,284.68,275.36,283.87,30877
2020-03-30 17:00:00,284.69,292.45,283.28,287.33,45541
2020-03-30 18:00:00,287.32,289.8,282.69,285.09,45679
2020-03-30 19:00:00,285.59,287.15,283.33,284.93,19081
2020-03-30 20:00:00,284.8,289.61,284.8,289.41,20794
2020-03-30 21:00:00,289.22,292.36,287.98,289.18,42826
2020-03-30 22:00:00,289.66,294.71,287.77,293.83,114928
2020-03-31 16:00:00,295.97,301.34,290.4,297.5,61507
2020-03-31 17:00:00,297.63,301.9,294.01,295.27,65142
2020-03-31 18:00:00,295.28,300.83,294.18,299.27,43710
2020-03-31 19:00:00,299.11,299.34,293.39,294.18,34122
2020-03-31 20:00:00,294.72,297.72,290.05,297.18,41909
2020-03-31 21:00:00,296.5,296.5,292.68,295.03,46300
2020-03-31 22:00:00,295.41,295.55,287.43,288.97,161846
2020-04-01 16:00:00,275.59,279.61,271.12,274.69,74855
2020-04-01 17:00:00,275.42,278.4,272.64,275.15,85794
2020-04-01 18:00:00,275.17,278.36,272.34,272.34,68777
2020-04-01 19:00:00,272.58,272.76,270.05,270.89,62204
2020-04-01 20:00:00,271.39,272.27,270.11,270.93,67571
2020-04-01 21:00:00,271.08,272.22,265.9,267.02,86070
2020-04-01 22:00:00,267.33,272.94,267.03,271.6,145669
2020-04-02 16:00:00,268.78,274.16,265.29,269.65,54497
2020-04-02 17:00:00,270.0,277.8,268.77,274.09,74719
2020-04-02 18:00:00,274.08,277.33,272.08,277.04,65364
2020-04-02 19:00:00,275.92,282.79,275.55,281.93,47842
2020-04-02 20:00:00,282.3,283.97,277.67,280.97,58522
2020-04-02 21:00:00,281.31,281.83,276.14,280.14,37480
2020-04-02 22:00:00,281.3,287.13,279.97,286.69,84398
2020-04-03 16:00:00,283.05,286.6,279.08,279.16,45778
2020-04-03 17:00:00,280.09,285.25,279.1,281.55,29618
2020-04-03 18:00:00,281.62,282.67,278.03,280.13,26813
2020-04-03 19:00:00,279.73,281.99,278.09,280.62,32208
2020-04-03 20:00:00,279.73,281.4,274.66,275.24,34444
2020-04-03 21:00:00,274.77,275.23,270.07,271.86,70877
2020-04-03 22:00:00,272.08,273.78,270.02,271.19,222828
2020-04-06 16:00:00,285.54,293.55,280.07,291.27,43951
2020-04-06 17:00:00,292.14,293.0,287.23,289.5,39903
2020-04-06 18:00:00,289.07,291.81,288.01,289.6,26616
2020-04-06 19:00:00,289.33,296.01,287.68,296.01,45072
2020-04-06 20:00:00,296.34,297.33,290.75,294.51,23621
2020-04-06 21:00:00,293.54,294.67,291.65,294.29,25822
2020-04-06 22:00:00,294.39,303.75,294.19,301.49,99608
2020-04-07 16:00:00,312.12,314.5,299.16,301.5,100287
2020-04-07 17:00:00,301.44,301.6,291.38,296.7,74000
2020-04-07 18:00:00,296.0,303.43,294.93,299.56,71212
2020-04-07 19:00:00,299.56,302.04,298.55,301.37,25341
2020-04-07 20:00:00,300.59,301.87,292.36,293.02,39802
2020-04-07 21:00:00,292.36,296.63,291.2,293.52,21434
2020-04-07 22:00:00,294.17,296.13,286.21,286.36,132892
2020-04-08 16:00:00,289.98,294.8,288.02,288.52,20903
2020-04-08 17:00:00,289.64,292.65,286.05,291.84,25495
2020-04-08 18:00:00,291.62,298.83,290.45,297.78,55979
2020-04-08 19:00:00,297.69,298.79,293.79,293.88,32969
2020-04-08 20:00:00,293.7,294.02,288.99,291.85,39239
2020-04-08 21:00:00,292.22,297.83,290.36,296.99,65530
2020-04-08 22:00:00,296.55,298.79,295.19,296.52,109774
2020-04-09 16:00:00,298.93,306.64,298.8,306.64,84586
2020-04-09 17:00:00,307.12,313.26,303.66,311.5,117363
2020-04-09 18:00:00,311.12,311.84,308.23,310.89,79688
2020-04-09 19:00:00,310.35,310.97,306.15,308.13,67362
2020-04-09 20:00:00,307.69,309.82,307.69,309.5,42813
2020-04-09 21:00:00,309.28,311.61,308.21,310.12,52778
2020-04-09 22:00:00,310.32,311.82,309.51,310.68,117978
2020-04-13 16:00:00,308.77,309.31,304.02,306.0,31336
2020-04-13 17:00:00,306.07,308.6,305.04,307.85,45145
2020-04-13 18:00:00,307.48,310.1,306.29,309.0,55602
2020-04-13 19:00:00,308.9,310.51,306.67,307.58,39149
2020-04-13 20:00:00,307.07,308.73,304.81,307.84,27379
2020-04-13 21:00:00,307.39,308.57,306.24,307.97,12992
2020-04-13 22:00:00,307.96,311.0,307.51,309.8,97211
2020-04-14 16:00:00,317.72,323.44,313.33,314.4,70554
2020-04-14 17:00:00,315.12,317.13,313.24,314.0,96919
2020-04-14 18:00:00,314.15,317.63,312.92,316.27,48330
2020-04-14 19:00:00,315.91,318.7,315.71,317.34,29327
2020-04-14 20:00:00,317.35,318.72,316.0,316.82,33837
2020-04-14 21:00:00,316.19,317.24,315.0,317.24,44562
2020-04-14 22:00:00,316.8,316.8,312.67,313.46,134669
2020-04-15 16:00:00,307.42,308.81,300.32,304.17,37410
2020-04-15 17:00:00,303.69,312.59,301.74,312.41,46812
2020-04-15 18:00:00,312.64,312.64,306.34,308.6,53000
2020-04-15 19:00:00,308.69,309.17,304.0,304.91,32444
2020-04-15 20:00:00,304.88,310.36,304.88,308.78,21679
2020-04-15 21:00:00,308.78,312.34,308.78,312.13,35879
2020-04-15 22:00:00,312.11,312.42,309.01,310.1,73805
2020-04-16 16:00:00,311.57,315.41,310.24,311.39,24270
2020-04-16 17:00:00,311.39,314.26,309.56,310.53,48269
2020-04-16 18:00:00,310.54,315.25,308.86,314.31,65451
2020-04-16 19:00:00,314.65,314.65,306.18,310.08,43415
2020-04-16 20:00:00,310.21,313.14,308.43,309.68,28536
2020-04-16 21:00:00,309.63,312.4,309.23,311.47,26532
2020-04-16 22:00:00,311.17,313.07,308.89,310.48,139245
2020-04-17 16:00:00,317.0,322.66,316.22,321.43,52271
2020-04-17 17:00:00,321.43,322.68,315.87,317.99,79741
2020-04-17 18:00:00,318.13,319.8,315.33,318.17,41901
2020-04-17 19:00:00,317.92,319.45,316.79,318.22,26072
2020-04-17 20:00:00,318.19,319.14,316.04,316.6,25782
2020-04-17 21:00:00,316.78,316.85,314.01,315.03,31561
2020-04-17 22:00:00,315.04,318.05,314.84,317.17,88417
2020-04-20 16:00:00,315.57,317.4,310.02,313.66,31503
2020-04-20 17:00:00,312.85,319.92,312.85,319.32,29127
2020-04-20 18:00:00,319.66,322.54,318.74,322.51,27739
2020-04-20 19:00:00,322.31,323.09,318.84,321.42,35229
2020-04-20 20:00:00,321.37,325.54,320.9,325.3,40335
2020-04-20 21:00:00,325.08,325.79,321.17,321.53,38859
2020-04-20 22:00:00,321.5,323.01,319.56,321.94,43669
2020-04-21 16:00:00,315.65,318.86,313.09,316.43,33503
2020-04-21 17:00:00,316.96,318.59,311.05,311.68,69547
2020-04-21 18:00:00,311.61,312.88,308.87,312.51,19977
2020-04-21 19:00:00,312.56,313.74,308.47,311.06,23829
2020-04-21 20:00:00,311.54,316.0,311.54,314.57,31811
2020-04-21 21:00:00,314.45,315.39,311.6,311.6,17278
2020-04-21 22:00:00,311.8,313.78,309.02,310.87,71825
2020-04-22 16:00:00,316.71,320.52,314.67,317.02,24990
2020-04-22 17:00:00,316.9,319.12,314.54,318.59,19348
2020-04-22 18:00:00,318.66,321.63,317.94,318.45,40294
2020-04-22 19:00:00,318.66,320.1,316.5,316.87,17087
2020-04-22 20:00:00,316.88,319.26,315.94,319.26,19476
2020-04-22 21:00:00,319.0,322.65,318.75,322.34,26503
2020-04-22 22:00:00,322.46,323.84,320.47,320.84,86588
2020-04-23 16:00:00,320.07,324.33,319.38,321.68,35191
2020-04-23 17:00:00,321.74,322.62,316.42,318.66,38899
2020-04-23 18:00:00,318.24,322.34,317.9,321.91,27241
2020-04-23 19:00:00,321.67,323.99,317.57,319.9,23170
2020-04-23 20:00:00,319.89,320.97,317.08,318.52,12687
2020-04-23 21:00:00,318.57,320.13,317.7,319.57,14590
2020-04-23 22:00:00,319.34,322.06,315.66,317.79,46233
2020-04-24 16:00:00,318.73,319.92,312.48,315.67,22249
2020-04-24 17:00:00,315.58,319.49,314.66,318.19,56134
2020-04-24 18:00:00,318.5,319.5,316.87,319.47,15282
2020-04-24 19:00:00,319.5,324.17,319.36,322.17,23121
2020-04-24 20:00:00,322.11,323.64,320.96,323.62,15368
2020-04-24 21:00:00,323.4,324.62,323.08,323.77,37122
2020-04-24 22:00:00,323.84,326.06,322.66,324.9,77320
2020-04-27 16:00:00,329.79,331.29,327.36,329.63,28579
2020-04-27 17:00:00,330.03,331.83,328.88,330.91,21127
2020-04-27 18:00:00,331.16,334.41,329.9,333.01,22962
2020-04-27 19:00:00,332.83,333.28,331.18,332.27,28620
2020-04-27 20:00:00,332.27,333.5,331.99,332.4,22187
2020-04-27 21:00:00,332.72,332.98,330.67,330.85,17328
2020-04-27 22:00:00,330.93,333.05,330.12,331.61,84434
2020-04-28 16:00:00,339.0,344.0,316.38,322.88,115869
2020-04-28 17:00:00,323.0,328.93,318.1,321.9,69540
2020-04-28 18:00:00,321.0,322.87,314.3,316.3,51483
2020-04-28 19:00:00,316.82,316.82,311.14,315.13,75135
2020-04-28 20:00:00,315.12,320.77,314.78,320.09,46745
2020-04-28 21:00:00,319.47,320.51,317.1,320.51,77964
2020-04-28 22:00:00,320.64,321.62,317.8,319.56,140347
2020-04-29 16:00:00,326.8,327.57,321.97,326.49,22751
2020-04-29 17:00:00,326.25,330.51,325.21,329.07,60239
2020-04-29 18:00:00,329.21,337.18,329.18,333.35,41563
2020-04-29 19:00:00,333.29,334.64,332.2,332.2,35419
2020-04-29 20:00:00,332.44,334.01,331.29,332.68,26529
2020-04-29 21:00:00,333.46,334.6,330.5,334.6,28506
2020-04-29 22:00:00,334.89,336.87,334.44,335.45,128268
2020-04-30 16:00:00,330.53,332.33,327.45,330.71,26088
2020-04-30 17:00:00,330.65,333.05,329.82,330.77,50549
2020-04-30 18:00:00,331.34,332.27,328.53,328.53,59816
2020-04-30 19:00:00,328.45,328.65,325.24,326.47,48827
2020-04-30 20:00:00,326.44,327.59,323.15,324.44,39897
2020-04-30 21:00:00,324.32,327.36,324.32,327.18,60867
2020-04-30 22:00:00,327.05,330.35,326.2,327.0,97639
2020-05-01 16:00:00,320.98,323.64,318.04,321.19,34111
2020-05-01 17:00:00,321.16,324.94,319.74,324.88,31316
2020-05-01 18:00:00,324.1,324.46,319.31,319.78,7018
2020-05-01 19:00:00,319.52,320.54,318.1,319.95,17418
2020-05-01 20:00:00,319.81,320.0,316.68,317.26,19808
2020-05-01 21:00:00,316.85,319.07,316.3,319.07,15346
2020-05-01 22:00:00,319.41,321.01,318.72,320.35,41306
2020-05-04 16:00:00,317.65,319.43,314.67,316.41,37673
2020-05-04 17:00:00,316.4,317.12,314.26,315.85,33650
2020-05-04 18:00:00,315.34,319.99,315.19,319.08,24546
2020-05-04 19:00:00,319.49,320.83,318.5,319.01,16592
2020-05-04 20:00:00,318.86,319.52,317.75,319.52,15395
2020-05-04 21:00:00,319.04,320.93,318.87,320.92,17990
2020-05-04 22:00:00,320.84,322.63,320.29,321.56,46271
2020-05-05 16:00:00,326.01,327.98,324.08,325.1,22697
2020-05-05 17:00:00,326.03,329.99,325.66,329.99,59477
2020-05-05 18:00:00,330.0,330.8,328.74,329.8,22741
2020-05-05 19:00:00,329.97,331.28,329.81,330.57,27610
2020-05-05 20:00:00,330.79,336.9,330.0,336.9,68070
2020-05-05 21:00:00,336.69,340.22,335.96,340.22,28791
2020-05-05 22:00:00,339.96,340.19,336.53,337.48,99349
2020-05-06 16:00:00,338.0,341.48,336.07,337.77,24923
2020-05-06 17:00:00,337.23,338.1,333.44,336.32,35622
2020-05-06 18:00:00,335.45,337.21,334.07,336.79,21752
2020-05-06 19:00:00,336.54,338.94,336.49,338.5,12218
2020-05-06 20:00:00,338.4,338.4,336.67,336.67,14040
2020-05-06 21:00:00,336.08,336.11,333.39,333.46,16873
2020-05-06 22:00:00,333.47,333.76,328.29,330.41,58797
2020-05-07 16:00:00,336.34,342.58,335.63,338.95,42070
2020-05-07 17:00:00,338.82,338.82,334.97,335.03,57410
2020-05-07 18:00:00,335.12,336.34,334.31,335.32,47208
2020-05-07 19:00:00,335.14,335.83,334.23,334.63,61699
2020-05-07 20:00:00,334.37,338.35,334.35,336.51,32250
2020-05-07 21:00:00,336.46,337.3,335.42,336.92,25414
2020-05-07 22:00:00,336.99,337.71,334.12,334.22,77263
2020-05-08 16:00:00,338.37,340.52,338.0,339.27,33202
2020-05-08 17:00:00,339.86,339.86,336.72,337.99,36277
2020-05-08 18:00:00,338.0,339.07,337.31,338.84,13855
2020-05-08 19:00:00,338.96,340.3,338.5,339.27,19383
2020-05-08 20:00:00,339.15,339.37,332.85,333.23,87850
2020-05-08 21:00:00,333.43,334.68,332.0,332.52,21931
2020-05-08 22:00:00,332.47,334.54,332.17,332.88,55832
2020-05-11 16:00:00,330.4,338.55,329.46,337.57,40375
2020-05-11 17:00:00,338.29,340.73,337.59,339.5,60250
2020-05-11 18:00:00,339.26,345.82,339.26,345.59,73660
2020-05-11 19:00:00,345.78,347.94,344.55,347.22,33057
2020-05-11 20:00:00,347.19,348.98,347.19,347.96,26044
2020-05-11 21:00:00,348.0,348.83,347.23,347.69,34190
2020-05-11 22:00:00,347.7,349.04,347.38,347.38,102246
2020-05-12 16:00:00,350.27,351.84,345.26,348.11,29731
2020-05-12 17:00:00,348.45,350.8,347.65,350.55,27165
2020-05-12 18:00:00,350.72,353.27,350.59,352.28,22476
2020-05-12 19:00:00,352.35,356.66,352.25,356.1,51406
2020-05-12 20:00:00,356.05,356.15,351.22,353.47,39044
2020-05-12 21:00:00,353.18,355.85,352.45,355.0,37718
2020-05-12 22:00:00,354.74,355.08,347.18,347.18,135582
2020-05-13 16:00:00,345.21,347.1,341.0,342.43,64490
2020-05-13 17:00:00,342.95,345.89,341.58,341.75,32923
2020-05-13 18:00:00,341.97,343.69,336.41,337.0,38941
2020-05-13 19:00:00,336.71,337.17,333.08,336.26,44873
2020-05-13 20:00:00,336.27,336.37,332.69,332.69,35288
2020-05-13 21:00:00,332.45,336.25,332.11,333.14,49224
2020-05-13 22:00:00,333.13,336.39,331.19,335.82,97807
2020-05-14 16:00:00,331.99,335.85,331.93,334.08,27868
2020-05-14 17:00:00,334.06,337.05,331.75,331.75,37248
2020-05-14 18:00:00,331.68,337.2,331.68,334.81,21971
2020-05-14 19:00:00,334.98,337.39,333.43,337.01,18045
2020-05-14 20:00:00,337.56,339.65,336.55,336.64,17287
2020-05-14 21:00:00,336.51,338.14,335.9,337.79,14882
2020-05-14 22:00:00,337.63,342.36,337.59,342.06,55227
2020-05-15 16:00:00,340.35,347.24,340.35,346.92,34022
2020-05-15 17:00:00,347.25,350.03,341.34,341.34,43412
2020-05-15 18:00:00,341.01,344.6,340.36,344.6,19897
2020-05-15 19:00:00,344.23,346.16,343.43,343.52,19272
2020-05-15 20:00:00,343.9,346.36,343.53,344.34,25018
2020-05-15 21:00:00,344.65,344.7,341.5,341.79,24245
2020-05-15 22:00:00,342.66,343.53,339.08,341.59,64098
2020-05-18 16:00:00,348.59,353.21,346.85,347.25,64145
2020-05-18 17:00:00,348.34,349.15,346.73,347.37,24228
2020-05-18 18:00:00,347.4,350.3,346.74,350.3,19142
2020-05-18 19:00:00,350.49,351.03,348.42,349.05,16190
2020-05-18 20:00:00,349.06,349.58,348.1,349.06,12545
2020-05-18 21:00:00,349.16,350.87,349.07,349.28,18774
2020-05-18 22:00:00,349.34,350.8,346.71,346.81,68804
2020-05-19 16:00:00,345.99,351.8,343.31,347.06,19252
2020-05-19 17:00:00,347.0,350.2,346.0,346.0,29599
2020-05-19 18:00:00,345.95,346.83,344.41,345.0,27021
2020-05-19 19:00:00,345.61,345.62,343.3,343.55,11076
2020-05-19 20:00:00,343.35,344.37,342.76,343.75,13666
2020-05-19 21:00:00,343.5,344.21,341.4,341.95,23989
2020-05-19 22:00:00,341.53,343.73,337.47,337.53,119547
2020-05-20 16:00:00,341.78,346.55,341.35,344.29,30287
2020-05-20 17:00:00,344.78,346.24,342.79,343.05,28264
2020-05-20 18:00:00,343.08,345.43,343.08,345.43,15857
2020-05-20 19:00:00,345.55,345.56,342.9,343.34,22323
2020-05-20 20:00:00,343.6,344.08,342.33,343.48,14022
2020-05-20 21:00:00,343.31,343.39,341.39,342.27,10263
2020-05-20 22:00:00,342.25,342.67,340.05,341.7,52065
2020-05-21 16:00:00,341.75,344.37,340.48,342.13,15655
2020-05-21 17:00:00,341.96,342.0,335.71,336.04,20606
2020-05-21 18:00:00,335.86,336.63,334.58,336.07,16666
2020-05-21 19:00:00,336.08,337.69,335.59,336.17,17259
2020-05-21 20:00:00,336.07,337.59,334.74,337.44,24791
2020-05-21 21:00:00,337.25,337.64,334.6,335.17,16767
2020-05-21 22:00:00,335.27,336.25,331.82,333.41,97763
2020-05-22 16:00:00,334.24,335.84,331.02,335.18,30068
2020-05-22 17:00:00,334.68,336.98,334.01,334.43,42717
2020-05-22 18:00:00,334.3,335.79,333.43,335.77,9892
2020-05-22 19:00:00,335.95,339.0,335.95,338.9,14125
2020-05-22 20:00:00,339.0,339.09,336.88,336.92,11224
2020-05-22 21:00:00,336.8,338.51,336.8,337.55,16588
2020-05-22 22:00:00,337.46,338.15,335.83,337.98,34069
2020-05-26 16:00:00,345.0,346.18,332.93,333.0,55954
2020-05-26 17:00:00,333.48,335.73,332.62,334.75,54643
2020-05-26 18:00:00,335.05,335.05,330.33,331.39,37523
2020-05-26 19:00:00,331.91,332.39,331.0,331.27,17378
2020-05-26 20:00:00,331.74,333.26,331.31,332.72,23109
2020-05-26 21:00:00,332.7,332.81,329.36,329.66,34206
2020-05-26 22:00:00,329.67,329.84,325.05,325.96,131097
2020-05-27 16:00:00,328.53,330.01,314.13,314.93,59447
2020-05-27 17:00:00,315.57,318.14,311.78,311.83,89668
2020-05-27 18:00:00,312.04,316.22,311.08,315.27,41306
2020-05-27 19:00:00,314.64,316.33,314.1,314.29,55048
2020-05-27 20:00:00,314.29,314.45,311.45,312.22,62486
2020-05-27 21:00:00,312.49,314.11,312.02,313.73,56753
2020-05-27 22:00:00,313.73,315.37,312.63,315.24,187760
2020-05-28 16:00:00,317.11,318.75,313.62,318.73,125574
2020-05-28 17:00:00,319.1,326.56,317.03,324.18,118285
2020-05-28 18:00:00,325.22,327.8,324.07,326.26,75288
2020-05-28 19:00:00,326.75,328.29,325.29,326.14,54856
2020-05-28 20:00:00,326.04,328.5,325.75,326.96,51760
2020-05-28 21:00:00,327.11,327.26,325.73,325.84,40065
2020-05-28 22:00:00,325.84,326.88,321.14,322.68,145988
2020-05-29 16:00:00,324.97,331.11,322.84,329.47,45234
2020-05-29 17:00:00,330.02,330.31,324.41,326.55,61565
2020-05-29 18:00:00,326.77,328.82,324.2,326.34,23260
2020-05-29 19:00:00,326.25,326.73,323.2,324.82,23250
2020-05-29 20:00:00,323.96,325.36,323.42,324.01,16450
2020-05-29 21:00:00,323.99,328.86,323.55,328.86,48509
2020-05-29 22:00:00,329.75,331.51,328.06,329.54,137085
2020-06-01 16:00:00,330.32,331.78,326.45,328.01,35472
2020-06-01 17:00:00,327.37,329.2,326.67,329.03,29382
2020-06-01 18:00:00,329.3,332.35,328.91,331.86,22965
2020-06-01 19:00:00,331.78,336.4,331.25,335.54,24465
2020-06-01 20:00:00,335.34,336.82,334.22,336.32,27884
2020-06-01 21:00:00,336.57,337.85,336.57,337.23,32264
2020-06-01 22:00:00,337.22,337.48,334.88,335.37,87778
2020-06-02 16:00:00,336.24,336.28,329.29,330.77,32267
2020-06-02 17:00:00,330.23,331.96,329.65,330.34,50026
2020-06-02 18:00:00,330.11,330.15,326.52,327.26,42134
2020-06-02 19:00:00,327.33,328.33,326.65,327.84,26907
2020-06-02 20:00:00,327.74,328.3,326.75,327.46,33426
2020-06-02 21:00:00,327.51,328.02,325.49,326.54,45030
2020-06-02 22:00:00,326.51,326.66,323.47,324.92,189082
2020-06-03 16:00:00,323.92,326.46,318.01,322.13,48109
2020-06-03 17:00:00,321.9,322.22,318.26,318.26,61529
2020-06-03 18:00:00,318.28,319.75,317.92,318.78,71517
2020-06-03 19:00:00,318.79,319.15,313.88,315.15,70824
2020-06-03 20:00:00,315.02,317.96,314.58,316.81,80302
2020-06-03 21:00:00,316.72,319.17,316.63,318.33,81960
2020-06-03 22:00:00,318.42,320.56,317.14,318.57,152268
2020-06-04 16:00:00,314.81,321.31,313.94,320.65,37296
2020-06-04 17:00:00,321.1,321.27,313.37,314.71,58068
2020-06-04 18:00:00,314.55,315.0,312.2,313.39,29369
2020-06-04 19:00:00,313.65,313.99,309.75,310.06,53234
2020-06-04 20:00:00,309.95,310.42,308.87,309.57,70295
2020-06-04 21:00:00,309.38,310.08,307.4,309.32,65516
2020-06-04 22:00:00,309.43,312.27,308.55,311.58,93653
2020-06-05 16:00:00,311.89,313.45,301.01,310.88,104990
2020-06-05 17:00:00,310.93,319.93,310.93,319.02,118165
2020-06-05 18:00:00,319.25,322.0,318.2,320.83,83725
2020-06-05 19:00:00,320.66,328.25,320.32,327.49,168510
2020-06-05 20:00:00,327.46,329.74,325.72,329.43,50450
2020-06-05 21:00:00,329.13,333.11,329.1,332.75,81527
2020-06-05 22:00:00,332.88,333.11,329.83,330.89,152425
2020-06-08 16:00:00,325.7,326.47,320.76,324.79,69384
2020-06-08 17:00:00,324.67,328.71,322.63,326.65,66586
2020-06-08 18:00:00,326.48,326.77,324.47,324.93,43092
2020-06-08 19:00:00,325.02,327.11,324.15,326.08,35999
2020-06-08 20:00:00,326.1,327.68,324.25,327.14,54173
2020-06-08 21:00:00,327.22,330.85,327.19,330.54,48735
2020-06-08 22:00:00,330.56,331.7,328.79,331.04,122169
2020-06-09 16:00:00,329.36,334.9,326.96,333.51,34905
2020-06-09 17:00:00,333.29,333.86,329.27,331.19,33198
2020-06-09 18:00:00,330.78,332.59,330.37,330.37,25280
2020-06-09 19:00:00,330.55,331.48,329.18,330.43,28066
2020-06-09 20:00:00,330.13,333.32,329.98,333.08,25515
2020-06-09 21:00:00,333.13,333.4,329.61,330.32,44654
2020-06-09 22:00:00,330.03,331.25,326.89,327.13,79834
2020-06-10 16:00:00,327.95,330.76,327.14,328.79,19154
2020-06-10 17:00:00,329.51,331.02,327.85,328.15,29460
2020-06-10 18:00:00,328.12,329.36,327.35,327.42,21012
2020-06-10 19:00:00,327.0,331.69,326.38,331.66,27019
2020-06-10 20:00:00,331.38,332.01,329.7,330.81,28460
2020-06-10 21:00:00,331.1,333.84,330.58,332.13,39594
2020-06-10 22:00:00,331.63,335.4,330.85,331.31,81370
2020-06-11 16:00:00,326.37,326.37,320.13,321.26,20371
2020-06-11 17:00:00,321.0,321.0,315.89,315.89,35602
2020-06-11 18:00:00,315.89,316.36,311.66,313.26,31081
2020-06-11 19:00:00,313.47,313.47,306.87,307.19,52970
2020-06-11 20:00:00,307.12,310.48,305.78,308.06,46725
2020-06-11 21:00:00,307.91,308.43,302.02,302.82,57197
2020-06-11 22:00:00,302.71,305.26,299.09,300.01,184887
2020-06-12 16:00:00,310.1,320.51,310.1,319.39,81843
2020-06-12 17:00:00,319.17,319.39,314.49,314.49,71763
2020-06-12 18:00:00,315.04,317.44,310.82,316.95,45309
2020-06-12 19:00:00,317.01,318.72,313.34,314.86,68291
2020-06-12 20:00:00,314.41,314.41,310.6,310.9,54320
2020-06-12 21:00:00,310.77,316.3,310.65,315.65,66789
2020-06-12 22:00:00,315.68,322.23,315.54,320.53,183992
2020-06-15 16:00:00,315.14,320.62,312.24,320.52,35111
2020-06-15 17:00:00,319.69,320.87,315.28,316.65,36440
2020-06-15 18:00:00,316.7,320.52,316.7,317.94,39568
2020-06-15 19:00:00,317.92,319.15,317.66,318.82,21027
2020-06-15 20:00:00,318.78,320.13,318.06,318.31,28494
2020-06-15 21:00:00,318.55,323.36,318.55,322.21,38773
2020-06-15 22:00:00,322.8,323.02,318.23,322.12,53048
2020-06-16 16:00:00,330.5,331.0,325.58,325.85,26082
2020-06-16 17:00:00,325.0,326.89,319.51,319.51,49578
2020-06-16 18:00:00,318.37,323.97,315.38,322.67,14144
2020-06-16 19:00:00,323.19,325.37,321.03,324.91,17573
2020-06-16 20:00:00,325.06,325.75,322.74,323.61,13522
2020-06-16 21:00:00,323.75,325.01,322.16,322.85,26487
2020-06-16 22:00:00,322.81,323.86,320.2,323.03,83603
2020-06-17 16:00:00,325.02,325.95,322.87,324.41,18331
2020-06-17 17:00:00,324.15,325.54,322.57,323.98,14460
2020-06-17 18:00:00,323.91,325.33,322.62,323.36,10614
2020-06-17 19:00:00,323.21,326.23,323.19,325.31,12960
2020-06-17 20:00:00,325.62,326.81,325.22,326.43,10964
2020-06-17 21:00:00,325.79,327.54,325.73,327.16,14993
2020-06-17 22:00:00,326.45,327.01,324.36,325.8,54300
2020-06-18 16:00:00,324.98,328.63,324.07,328.63,14998
2020-06-18 17:00:00,327.82,328.74,324.1,326.52,27498
2020-06-18 18:00:00,326.05,327.53,325.63,327.08,20547
2020-06-18 19:00:00,327.21,329.66,326.36,329.16,32245
2020-06-18 20:00:00,328.84,330.48,328.42,329.78,22401
2020-06-18 21:00:00,329.65,329.65,327.55,327.89,30678
2020-06-18 22:00:00,327.74,330.25,326.87,330.24,102768
2020-06-19 16:00:00,335.99,336.77,333.0,333.13,71713
2020-06-19 17:00:00,333.17,333.45,331.4,332.02,34881
2020-06-19 18:00:00,332.19,333.71,331.88,332.42,30490
2020-06-19 19:00:00,332.11,333.78,329.59,333.78,88560
2020-06-19 20:00:00,334.2,334.2,331.92,332.29,43206
2020-06-19 21:00:00,332.32,334.14,331.02,333.53,54382
2020-06-19 22:00:00,333.33,335.69,333.09,333.27,167112
2020-06-22 16:00:00,332.51,334.59,330.33,333.85,33531
2020-06-22 17:00:00,334.18,335.44,333.16,333.38,15436
2020-06-22 18:00:00,332.79,336.41,332.79,335.22,12557
2020-06-22 19:00:00,335.08,338.56,335.05,337.85,36779
2020-06-22 20:00:00,337.64,337.99,336.4,337.51,29325
2020-06-22 21:00:00,337.26,339.17,336.53,338.73,24364
2020-06-22 22:00:00,338.58,338.75,336.5,337.57,66962
2020-06-23 16:00:00,341.8,341.8,335.95,335.95,24341
2020-06-23 17:00:00,337.1,339.27,335.49,336.59,36591
2020-06-23 18:00:00,336.6,340.55,336.6,337.08,21573
2020-06-23 19:00:00,337.59,338.79,336.84,338.2,15026
2020-06-23 20:00:00,338.52,338.74,337.68,337.98,13671
2020-06-23 21:00:00,337.88,338.29,336.78,337.32,25502
2020-06-23 22:00:00,337.18,337.74,334.31,334.82,70370
2020-06-24 16:00:00,332.78,337.97,330.81,334.59,22558
2020-06-24 17:00:00,334.92,335.44,332.2,333.23,54063
2020-06-24 18:00:00,333.39,333.4,327.88,328.76,47945
2020-06-24 19:00:00,328.58,330.4,328.47,330.06,25558
2020-06-24 20:00:00,329.96,330.27,325.51,326.09,21356
2020-06-24 21:00:00,326.07,327.71,324.75,327.67,34277
2020-06-24 22:00:00,327.65,330.24,327.49,328.43,90192
2020-06-25 16:00:00,328.95,333.62,326.87,333.62,29727
2020-06-25 17:00:00,333.01,336.13,331.51,335.41,19447
2020-06-25 18:00:00,335.01,338.33,333.5,338.18,29377
2020-06-25 19:00:00,338.73,341.09,336.93,339.01,71575
2020-06-25 20:00:00,339.64,340.09,337.42,338.55,22116
2020-06-25 21:00:00,338.54,340.63,337.34,338.18,33982
2020-06-25 22:00:00,338.16,343.05,337.57,342.13,96070
2020-06-26 16:00:00,340.22,341.28,338.06,339.83,17485
2020-06-26 17:00:00,339.14,340.21,334.04,335.0,26488
2020-06-26 18:00:00,335.61,336.6,333.94,334.84,12998
2020-06-26 19:00:00,334.74,334.74,330.57,332.17,18818
2020-06-26 20:00:00,332.16,335.01,331.96,333.67,31590
2020-06-26 21:00:00,333.74,333.76,330.11,332.81,34062
2020-06-26 22:00:00,332.83,334.63,331.21,332.2,156730
2020-06-29 16:00:00,334.1,334.1,327.24,329.44,25692
2020-06-29 17:00:00,329.71,330.59,328.57,329.31,20466
2020-06-29 18:00:00,329.33,329.34,327.53,329.29,17609
2020-06-29 19:00:00,329.17,329.79,325.93,326.43,27339
2020-06-29 20:00:00,326.7,327.88,326.16,327.42,11850
2020-06-29 21:00:00,327.41,327.49,325.55,326.14,10157
2020-06-29 22:00:00,326.0,326.19,323.5,325.75,54449
2020-06-30 16:00:00,327.02,330.97,326.86,329.19,18128
2020-06-30 17:00:00,329.27,329.93,326.18,327.3,28775
2020-06-30 18:00:00,327.14,330.21,326.96,329.35,29870
2020-06-30 19:00:00,329.25,329.53,327.58,328.49,49052
2020-06-30 20:00:00,328.61,329.09,327.75,328.52,17390
2020-06-30 21:00:00,328.21,331.39,328.02,331.12,36887
2020-06-30 22:00:00,331.34,334.99,329.64,333.81,120480
2020-07-01 16:00:00,335.17,335.55,329.83,331.58,18546
2020-07-01 17:00:00,332.43,340.42,332.43,338.0,41138
2020-07-01 18:00:00,337.92,338.25,335.52,338.22,22886
2020-07-01 19:00:00,337.9,342.49,337.76,342.49,48254
2020-07-01 20:00:00,342.62,342.68,341.29,342.48,16462
2020-07-01 21:00:00,342.61,342.99,341.22,342.95,22039
2020-07-01 22:00:00,342.82,343.8,340.86,340.93,58130
2020-07-02 16:00:00,344.61,345.0,340.83,343.77,30286
2020-07-02 17:00:00,343.95,345.73,341.99,343.38,16743
2020-07-02 18:00:00,343.58,344.69,341.36,344.19,19580
2020-07-02 19:00:00,344.08,344.65,343.27,344.34,13073
2020-07-02 20:00:00,344.41,344.8,343.21,344.41,12474
2020-07-02 21:00:00,344.04,344.61,342.89,344.43,14498
2020-07-02 22:00:00,344.45,344.77,341.4,342.06,73183
2020-07-06 16:00:00,347.0,349.35,345.17,348.74,26990
2020-07-06 17:00:00,348.99,352.82,347.71,352.82,37298
2020-07-06 18:00:00,352.76,352.86,350.2,351.43,29074
2020-07-06 19:00:00,351.47,351.86,349.25,351.49,20755
2020-07-06 20:00:00,351.13,351.93,349.72,350.77,22378
2020-07-06 21:00:00,350.75,350.77,349.37,349.54,40549
2020-07-06 22:00:00,349.5,352.19,348.84,351.27,80919
2020-07-07 16:00:00,349.12,352.64,347.0,350.66,30203
2020-07-07 17:00:00,350.84,359.41,350.55,358.77,56144
2020-07-07 18:00:00,358.81,359.71,355.8,357.07,69920
2020-07-07 19:00:00,356.92,357.67,354.82,355.99,26932
2020-07-07 20:00:00,355.99,356.3,354.13,354.23,23733
2020-07-07 21:00:00,354.1,355.79,352.99,353.44,36168
2020-07-07 22:00:00,353.26,354.18,352.03,352.61,128072
2020-07-08 16:00:00,357.83,364.64,357.83,363.32,56087
2020-07-08 17:00:00,363.35,367.17,362.5,365.47,117565
2020-07-08 18:00:00,365.11,370.13,361.69,368.04,76533
2020-07-08 19:00:00,368.35,369.68,366.9,369.3,46087
2020-07-08 20:00:00,369.4,370.73,366.9,367.31,54786
2020-07-08 21:00:00,367.0,368.69,366.84,368.17,21917
2020-07-08 22:00:00,368.15,370.87,367.67,370.71,136786
2020-07-09 16:00:00,372.59,377.03,371.73,375.83,71024
2020-07-09 17:00:00,375.85,379.97,374.12,375.88,141652
2020-07-09 18:00:00,376.0,377.64,369.39,373.08,74296
2020-07-09 19:00:00,373.1,376.1,372.72,374.61,60290
2020-07-09 20:00:00,374.34,375.38,373.37,373.55,26567
2020-07-09 21:00:00,373.56,376.25,373.2,375.96,42248
2020-07-09 22:00:00,375.88,376.29,371.82,375.21,99883
2020-07-10 16:00:00,375.43,377.52,368.54,370.25,31592
2020-07-10 17:00:00,369.63,370.88,367.07,368.93,21210
2020-07-10 18:00:00,368.72,370.14,368.72,370.06,13239
2020-07-10 19:00:00,370.07,370.96,369.22,370.87,13381
2020-07-10 20:00:00,371.06,373.03,370.71,370.8,16261
2020-07-10 21:00:00,370.96,371.47,368.88,370.05,31396
2020-07-10 22:00:00,370.0,371.96,369.28,371.15,56420
2020-07-13 16:00:00,374.63,379.77,374.47,379.29,27004
2020-07-13 17:00:00,379.29,380.62,375.48,376.91,27611
2020-07-13 18:00:00,377.05,378.17,375.83,376.53,15324
2020-07-13 19:00:00,376.45,377.18,374.94,375.37,16644
2020-07-13 20:00:00,375.39,377.34,375.1,375.37,15268
2020-07-13 21:00:00,375.49,375.58,371.68,372.43,37778
2020-07-13 22:00:00,372.41,372.41,362.46,363.79,94870
2020-07-14 16:00:00,362.03,366.95,358.98,362.99,20385
2020-07-14 17:00:00,362.78,364.4,357.14,362.13,31691
2020-07-14 18:00:00,362.15,365.56,360.3,363.96,14318
2020-07-14 19:00:00,363.96,365.5,362.74,363.29,13895
2020-07-14 20:00:00,362.99,366.84,362.56,365.51,13491
2020-07-14 21:00:00,364.89,368.21,364.89,367.07,29918
2020-07-14 22:00:00,366.91,369.69,363.91,368.85,53470
2020-07-15 16:00:00,373.08,374.13,370.67,370.8,15652
2020-07-15 17:00:00,371.23,374.03,370.1,371.81,16719
2020-07-15 18:00:00,371.96,373.82,371.08,371.32,13201
2020-07-15 19:00:00,370.0,372.58,369.36,372.13,11459
2020-07-15 20:00:00,372.1,376.11,371.98,375.64,24317
2020-07-15 21:00:00,375.48,377.84,375.18,375.18,29342
2020-07-15 22:00:00,375.14,376.54,373.32,376.4,75529
2020-07-16 16:00:00,372.95,373.93,371.17,373.17,21804
2020-07-16 17:00:00,373.52,373.52,367.97,367.97,39253
2020-07-16 18:00:00,368.25,369.1,365.75,366.94,31020
2020-07-16 19:00:00,366.65,366.67,364.98,365.12,15287
2020-07-16 20:00:00,365.28,368.12,365.28,367.03,9963
2020-07-16 21:00:00,366.91,369.61,366.91,368.24,9760
2020-07-16 22:00:00,368.39,370.76,368.36,370.2,47458
2020-07-17 16:00:00,371.74,374.53,370.75,374.53,28319
2020-07-17 17:00:00,374.8,377.93,374.29,377.93,13985
2020-07-17 18:00:00,377.78,380.6,377.56,380.6,16040
2020-07-17 19:00:00,380.94,383.22,380.73,380.89,21676
2020-07-17 20:00:00,380.86,381.06,379.69,379.8,17292
2020-07-17 21:00:00,380.48,382.65,380.48,382.33,10078
2020-07-17 22:00:00,382.36,382.52,379.29,379.66,66107
2020-07-20 16:00:00,380.34,384.67,380.34,384.3,23091
2020-07-20 17:00:00,384.75,387.1,384.07,386.24,16530
2020-07-20 18:00:00,386.2,387.93,385.54,387.9,18598
2020-07-20 19:00:00,387.28,387.91,386.51,387.37,16955
2020-07-20 20:00:00,387.52,387.9,386.0,387.9,10023
2020-07-20 21:00:00,387.56,389.15,387.03,388.91,11987
2020-07-20 22:00:00,388.94,389.75,388.08,388.92,55458
2020-07-21 16:00:00,391.04,391.69,384.75,387.3,20218
2020-07-21 17:00:00,386.64,387.72,384.81,387.2,12476
2020-07-21 18:00:00,387.38,388.0,384.37,384.72,7836
2020-07-21 19:00:00,384.77,386.03,383.77,384.86,11697
2020-07-21 20:00:00,385.04,388.32,384.83,387.7,11485
2020-07-21 21:00:00,387.72,388.99,387.25,388.12,19397
2020-07-21 22:00:00,388.12,389.17,386.48,388.96,101152
2020-07-22 16:00:00,386.97,393.83,386.83,393.64,18829
2020-07-22 17:00:00,393.63,394.1,387.66,388.64,20486
2020-07-22 18:00:00,389.27,390.5,387.55,389.41,16141
2020-07-22 19:00:00,389.64,390.73,389.16,389.55,12453
2020-07-22 20:00:00,389.5,390.14,387.35,388.39,12924
2020-07-22 21:00:00,388.89,389.86,388.42,388.77,15739
2020-07-22 22:00:00,388.84,390.56,388.35,390.05,42972
2020-07-23 16:00:00,394.14,395.94,390.31,395.91,25895
2020-07-23 17:00:00,395.62,398.49,395.28,395.67,35962
2020-07-23 18:00:00,395.68,395.94,393.21,393.92,13142
2020-07-23 19:00:00,393.65,393.65,388.04,388.83,13653
2020-07-23 20:00:00,389.02,389.57,384.35,385.0,16907
2020-07-23 21:00:00,385.01,385.04,382.49,384.07,26530
2020-07-23 22:00:00,384.22,385.24,382.66,385.03,59641
2020-07-24 16:00:00,384.0,385.36,378.6,380.64,24549
2020-07-24 17:00:00,381.12,386.68,380.93,386.61,20754
2020-07-24 18:00:00,386.95,387.09,384.51,385.65,14693
2020-07-24 19:00:00,385.63,385.63,381.85,382.37,12566
2020-07-24 20:00:00,382.45,384.68,381.55,384.53,5573
2020-07-24 21:00:00,384.98,386.44,384.78,385.39,10258
2020-07-24 22:00:00,385.43,386.92,384.46,385.59,32168
2020-07-27 16:00:00,385.58,389.84,385.51,389.84,20100
2020-07-27 17:00:00,389.93,395.74,389.93,393.58,16697
2020-07-27 18:00:00,393.4,396.31,390.84,392.3,21013
2020-07-27 19:00:00,392.36,393.76,391.04,393.73,15142
2020-07-27 20:00:00,394.15,395.0,393.14,393.46,15419
2020-07-27 21:00:00,393.36,394.69,392.44,393.38,13701
2020-07-27 22:00:00,393.4,394.65,392.92,393.9,39875
2020-07-28 16:00:00,394.76,397.51,375.67,377.36,49885
2020-07-28 17:00:00,377.96,381.73,372.54,379.69,85275
2020-07-28 18:00:00,379.7,380.14,376.78,377.97,23295
2020-07-28 19:00:00,377.76,380.36,377.59,379.39,27694
2020-07-28 20:00:00,379.4,380.84,378.3,380.84,54924
2020-07-28 21:00:00,380.84,380.84,378.18,379.31,56492
2020-07-28 22:00:00,379.46,379.46,375.57,376.35,92859
2020-07-29 16:00:00,375.75,382.16,375.75,379.27,43267
2020-07-29 17:00:00,379.19,386.95,379.19,385.81,38333
2020-07-29 18:00:00,385.53,387.58,384.93,385.07,25583
2020-07-29 19:00:00,384.96,386.66,382.19,385.41,22138
2020-07-29 20:00:00,385.26,386.0,384.24,384.95,29172
2020-07-29 21:00:00,384.82,386.48,380.0,380.91,82479
2020-07-29 22:00:00,381.02,385.3,380.66,383.02,71025
2020-07-30 16:00:00,376.45,381.72,376.04,376.04,19939
2020-07-30 17:00:00,375.84,377.63,374.3,374.8,32831
2020-07-30 18:00:00,374.55,375.75,373.36,373.36,64510
2020-07-30 19:00:00,374.05,374.37,371.27,373.0,86026
2020-07-30 20:00:00,373.17,374.38,372.05,374.38,158605
2020-07-30 21:00:00,374.25,374.6,372.9,373.12,32384
2020-07-30 22:00:00,373.24,374.87,372.53,374.87,160968
2020-07-31 16:00:00,377.61,379.95,368.93,369.77,52198
2020-07-31 17:00:00,369.1,374.34,368.85,372.96,56186
2020-07-31 18:00:00,372.85,375.28,372.23,373.17,110467
2020-07-31 19:00:00,373.38,373.56,369.26,369.63,22034
2020-07-31 20:00:00,369.99,373.64,369.89,372.76,43492
2020-07-31 21:00:00,372.98,375.33,371.78,375.06,62819
2020-07-31 22:00:00,375.04,376.32,374.24,376.28,180544
2020-08-03 16:00:00,380.47,382.82,378.55,380.33,27579
2020-08-03 17:00:00,380.47,380.95,376.37,379.46,20105
2020-08-03 18:00:00,379.25,379.78,377.06,377.26,12070
2020-08-03 19:00:00,376.73,377.94,376.24,377.22,14323
2020-08-03 20:00:00,377.37,378.12,375.76,376.24,16584
2020-08-03 21:00:00,376.07,376.21,374.38,374.38,25506
2020-08-03 22:00:00,374.32,374.36,371.63,372.2,100772
2020-08-04 16:00:00,371.96,372.7,364.42,365.93,75590
2020-08-04 17:00:00,365.77,368.83,365.67,367.58,42430
2020-08-04 18:00:00,367.76,367.88,363.69,363.69,29761
2020-08-04 19:00:00,363.95,364.35,361.07,361.75,36632
2020-08-04 20:00:00,361.52,363.74,360.83,362.65,30693
2020-08-04 21:00:00,362.52,362.54,358.87,361.79,41926
2020-08-04 22:00:00,361.72,364.41,361.38,364.15,98053
2020-08-05 16:00:00,364.25,365.6,362.35,364.8,18678
2020-08-05 17:00:00,364.89,365.03,360.93,361.64,38458
2020-08-05 18:00:00,361.99,362.72,360.28,361.49,22767
2020-08-05 19:00:00,361.42,362.69,360.87,362.15,19166
2020-08-05 20:00:00,362.14,363.16,361.59,362.83,21563
2020-08-05 21:00:00,362.88,365.41,362.83,363.9,17465
2020-08-05 22:00:00,363.89,364.72,362.18,364.58,82408
2020-08-06 16:00:00,365.15,367.97,364.15,365.62,15316
2020-08-06 17:00:00,365.9,366.27,364.66,365.93,46308
2020-08-06 18:00:00,365.89,366.76,364.0,365.98,23047
2020-08-06 19:00:00,365.95,366.18,363.77,364.54,101482
2020-08-06 20:00:00,364.54,367.84,364.45,367.63,22491
2020-08-06 21:00:00,367.53,373.24,367.33,372.73,54371
2020-08-06 22:00:00,372.93,374.48,372.09,372.72,155363
2020-08-07 16:00:00,371.17,375.01,371.04,372.24,35518
2020-08-07 17:00:00,373.83,373.83,369.19,370.42,36909
2020-08-07 18:00:00,369.86,370.33,364.71,364.94,34345
2020-08-07 19:00:00,364.91,364.97,361.78,362.26,33136
2020-08-07 20:00:00,362.35,363.54,358.87,360.46,34291
2020-08-07 21:00:00,360.62,361.38,357.89,359.76,19167
2020-08-07 22:00:00,359.42,362.49,358.93,362.49,72422
2020-08-10 16:00:00,361.24,361.81,356.78,358.18,16524
2020-08-10 17:00:00,358.38,359.08,353.01,353.36,31650
2020-08-10 18:00:00,353.38,359.16,353.37,357.04,27106
2020-08-10 19:00:00,357.02,357.84,355.15,357.84,17097
2020-08-10 20:00:00,357.8,359.32,357.62,358.51,12448
2020-08-10 21:00:00,358.52,359.36,354.31,355.16,33154
2020-08-10 22:00:00,355.15,355.4,353.22,354.31,60254
2020-08-11 16:00:00,352.13,354.47,345.59,347.18,64314
2020-08-11 17:00:00,347.42,351.67,346.0,349.27,64988
2020-08-11 18:00:00,349.5,352.95,349.46,350.61,122209
2020-08-11 19:00:00,351.1,357.65,351.1,357.54,21932
2020-08-11 20:00:00,356.98,356.98,354.87,356.4,45055
2020-08-11 21:00:00,356.18,357.91,353.16,353.62,33789
2020-08-11 22:00:00,353.38,353.69,349.75,350.54,83149
2020-08-12 16:00:00,355.22,358.91,353.01,357.77,45135
2020-08-12 17:00:00,357.84,361.71,357.55,360.87,42537
2020-08-12 18:00:00,360.97,362.37,359.87,360.44,37461
2020-08-12 19:00:00,360.63,361.23,358.15,358.15,26177
2020-08-12 20:00:00,358.43,359.69,355.82,357.03,26845
2020-08-12 21:00:00,357.2,357.34,354.44,354.72,25289
2020-08-12 22:00:00,354.87,357.51,354.7,354.77,76564
2020-08-13 16:00:00,355.0,361.87,355.0,359.69,27934
2020-08-13 17:00:00,360.23,362.34,359.86,362.04,18591
2020-08-13 18:00:00,362.62,363.47,361.16,361.38,18935
2020-08-13 19:00:00,361.54,362.65,361.39,361.62,23492
2020-08-13 20:00:00,361.62,361.72,360.84,361.3,16606
2020-08-13 21:00:00,361.25,361.82,359.11,360.32,17583
2020-08-13 22:00:00,360.14,361.41,359.56,360.22,36512
2020-08-14 16:00:00,360.63,361.85,357.34,359.5,29291
2020-08-14 17:00:00,359.96,360.31,356.56,358.51,13349
2020-08-14 18:00:00,358.5,359.23,355.82,355.82,12568
2020-08-14 19:00:00,355.39,356.82,355.17,356.43,13423
2020-08-14 20:00:00,356.5,357.46,355.76,357.46,13725
2020-08-14 21:00:00,357.04,357.17,355.93,355.98,19617
2020-08-14 22:00:00,356.47,357.62,354.72,356.41,58133
2020-08-17 16:00:00,357.47,362.58,356.77,361.93,13959
2020-08-17 17:00:00,362.61,365.03,361.51,363.28,23305
2020-08-17 18:00:00,363.22,363.4,360.81,362.36,25645
2020-08-17 19:00:00,362.37,363.07,361.14,361.14,13875
2020-08-17 20:00:00,361.29,362.59,360.77,361.9,11149
2020-08-17 21:00:00,361.91,364.0,361.44,363.87,20224
2020-08-17 22:00:00,363.94,363.95,361.67,361.94,80600
2020-08-18 16:00:00,362.28,365.85,362.28,364.34,26375
2020-08-18 17:00:00,363.98,364.33,360.3,364.18,14518
2020-08-18 18:00:00,363.85,366.19,363.85,365.01,11536
2020-08-18 19:00:00,365.14,366.97,364.7,366.97,13740
2020-08-18 20:00:00,366.61,368.24,366.1,368.13,34284
2020-08-18 21:00:00,367.91,367.91,366.07,367.21,13114
2020-08-18 22:00:00,367.18,367.36,365.69,365.95,33360
2020-08-19 16:00:00,366.25,373.43,366.25,368.42,38666
2020-08-19 17:00:00,368.96,371.22,367.44,368.61,45053
2020-08-19 18:00:00,368.68,372.0,368.07,371.82,26824
2020-08-19 19:00:00,371.79,372.26,370.15,370.44,16826
2020-08-19 20:00:00,370.32,370.55,368.6,370.37,18015
2020-08-19 21:00:00,370.53,372.76,368.5,372.14,30270
2020-08-19 22:00:00,372.15,372.87,370.7,371.35,139121
2020-08-20 16:00:00,368.7,370.05,366.26,368.0,35699
2020-08-20 17:00:00,368.0,369.18,365.81,368.91,31112
2020-08-20 18:00:00,368.67,371.89,367.74,371.67,16503
2020-08-20 19:00:00,371.36,373.17,369.8,370.01,14689
2020-08-20 20:00:00,370.63,370.63,369.11,370.0,13052
2020-08-20 21:00:00,370.11,370.24,368.23,368.78,16723
2020-08-20 22:00:00,368.78,369.88,368.13,368.94,85039
2020-08-21 16:00:00,369.12,369.5,365.26,366.63,23319
2020-08-21 17:00:00,366.49,367.12,364.87,365.96,21706
2020-08-21 18:00:00,365.01,366.46,362.97,362.97,13668
2020-08-21 19:00:00,363.2,364.52,363.06,363.3,12722
2020-08-21 20:00:00,363.32,364.92,361.43,363.71,48580
2020-08-21 21:00:00,363.9,365.76,363.61,364.87,33001
2020-08-21 22:00:00,364.94,365.38,363.66,363.69,60401
2020-08-24 16:00:00,368.0,369.78,365.82,366.0,17242
2020-08-24 17:00:00,365.98,366.23,361.19,361.24,15249
2020-08-24 18:00:00,361.0,365.18,360.91,364.73,19164
2020-08-24 19:00:00,364.5,364.97,362.08,363.06,9627
2020-08-24 20:00:00,363.59,364.25,362.21,362.64,10014
2020-08-24 21:00:00,362.59,363.56,361.67,362.2,13151
2020-08-24 22:00:00,362.2,364.48,361.7,364.27,53466
2020-08-25 16:00:00,364.06,366.94,362.32,364.73,20864
2020-08-25 17:00:00,363.8,365.32,362.35,364.5,17391
2020-08-25 18:00:00,364.53,365.69,363.12,363.74,12687
2020-08-25 19:00:00,363.73,366.3,363.26,366.3,9858
2020-08-25 20:00:00,366.35,366.69,364.62,366.17,28113
2020-08-25 21:00:00,366.0,366.36,365.11,365.9,22581
2020-08-25 22:00:00,365.81,365.81,364.61,365.53,64756
2020-08-26 16:00:00,364.74,365.67,361.95,365.23,13609
2020-08-26 17:00:00,365.59,370.17,365.59,369.48,18509
2020-08-26 18:00:00,369.47,370.21,368.73,369.49,11997
2020-08-26 19:00:00,369.45,371.69,369.45,370.74,11984
2020-08-26 20:00:00,370.93,373.69,370.67,373.69,35190
2020-08-26 21:00:00,373.58,374.0,371.51,371.65,12611
2020-08-26 22:00:00,371.85,372.69,371.06,371.24,25640
2020-08-27 16:00:00,372.47,372.91,367.52,370.99,12750
2020-08-27 17:00:00,371.28,374.07,368.98,374.03,20446
2020-08-27 18:00:00,374.23,374.67,372.17,372.18,14751
2020-08-27 19:00:00,372.32,373.2,369.46,369.96,14604
2020-08-27 20:00:00,369.88,373.21,368.85,372.93,12484
2020-08-27 21:00:00,373.2,373.8,371.93,372.49,12157
2020-08-27 22:00:00,372.97,373.15,369.67,369.89,38391
2020-08-28 16:00:00,372.77,372.99,369.6,370.47,8186
2020-08-28 17:00:00,371.81,372.68,370.43,371.97,14436
2020-08-28 18:00:00,371.98,373.97,371.83,373.04,16193
2020-08-28 19:00:00,373.36,374.22,372.69,374.22,4860
2020-08-28 20:00:00,374.44,374.45,372.56,373.05,9068
2020-08-28 21:00:00,373.0,373.36,372.4,373.36,12322
2020-08-28 22:00:00,373.25,373.94,372.86,373.51,38311
2020-08-31 16:00:00,375.88,377.31,371.46,372.06,26087
2020-08-31 17:00:00,372.27,375.0,372.19,374.99,16416
2020-08-31 18:00:00,375.04,376.37,374.31,375.79,9609
2020-08-31 19:00:00,375.78,376.73,375.41,376.28,8861
2020-08-31 20:00:00,376.42,377.42,376.12,376.62,11721
2020-08-31 21:00:00,376.72,376.73,374.47,375.83,16351
2020-08-31 22:00:00,375.92,375.92,372.93,373.27,56814
2020-09-01 16:00:00,374.5,378.89,374.39,377.88,17179
2020-09-01 17:00:00,377.55,378.5,375.82,376.06,14710
2020-09-01 18:00:00,376.27,376.27,372.84,373.68,16874
2020-09-01 19:00:00,373.64,374.24,373.2,373.4,13367
2020-09-01 20:00:00,373.17,374.01,372.67,373.11,9808
2020-09-01 21:00:00,373.21,374.82,372.83,374.55,13293
2020-09-01 22:00:00,374.65,377.69,374.14,377.56,43320
2020-09-02 16:00:00,379.59,380.67,377.18,378.91,23055
2020-09-02 17:00:00,379.47,382.01,376.68,381.61,27330
2020-09-02 18:00:00,381.44,381.68,377.84,378.96,12233
2020-09-02 19:00:00,378.84,379.36,377.97,379.02,15335
2020-09-02 20:00:00,379.28,379.77,376.55,377.05,205833
2020-09-02 21:00:00,376.99,378.99,376.99,378.06,34669
2020-09-02 22:00:00,377.94,379.97,377.56,378.59,54009
2020-09-03 16:00:00,375.56,375.81,366.42,367.65,44630
2020-09-03 17:00:00,367.11,368.53,357.73,358.99,44742
2020-09-03 18:00:00,358.98,359.63,351.61,356.72,76315
2020-09-03 19:00:00,357.04,358.14,355.54,356.48,21291
2020-09-03 20:00:00,356.38,359.61,354.9,359.61,23479
2020-09-03 21:00:00,359.37,361.25,358.25,359.17,20912
2020-09-03 22:00:00,359.18,361.07,357.6,360.46,81460
2020-09-04 16:00:00,360.01,362.0,352.22,354.26,24191
2020-09-04 17:00:00,353.43,354.89,340.0,344.89,45226
2020-09-04 18:00:00,345.03,347.39,338.29,347.39,34776
2020-09-04 19:00:00,347.46,350.26,344.65,345.73,23670
2020-09-04 20:00:00,345.38,347.15,342.23,345.94,23342
2020-09-04 21:00:00,345.99,350.6,345.27,350.26,15328
2020-09-04 22:00:00,350.44,351.17,348.03,348.45,63113
2020-09-08 16:00:00,338.79,344.32,336.93,344.15,33944
2020-09-08 17:00:00,344.32,345.34,341.37,343.49,24750
2020-09-08 18:00:00,342.96,346.22,341.77,343.87,27438
2020-09-08 19:00:00,343.61,344.62,341.77,342.58,22207
2020-09-08 20:00:00,342.51,344.39,341.65,343.34,16621
2020-09-08 21:00:00,343.45,343.51,339.0,340.88,21942
2020-09-08 22:00:00,340.57,342.64,338.73,339.48,56656
2020-09-09 16:00:00,346.19,348.37,342.78,346.0,41460
2020-09-09 17:00:00,346.14,350.16,345.81,347.4,28561
2020-09-09 18:00:00,347.56,349.86,347.09,349.81,38884
2020-09-09 19:00:00,349.87,350.91,348.13,350.91,24778
2020-09-09 20:00:00,350.93,352.0,349.38,349.38,23602
2020-09-09 21:00:00,349.49,350.76,348.66,350.44,19748
2020-09-09 22:00:00,350.89,352.15,348.4,348.69,57051
2020-09-10 16:00:00,349.98,353.04,349.98,351.92,18002
2020-09-10 17:00:00,352.33,353.11,350.02,350.06,14761
2020-09-10 18:00:00,349.43,350.16,347.98,348.73,37807
2020-09-10 19:00:00,348.9,349.58,347.06,348.68,20029
2020-09-10 20:00:00,348.83,349.48,347.33,347.44,19428
2020-09-10 21:00:00,347.42,348.4,343.99,346.34,25048
2020-09-10 22:00:00,346.13,346.13,342.13,342.86,47213
2020-09-11 16:00:00,345.8,348.0,343.37,344.47,15246
2020-09-11 17:00:00,345.36,347.27,342.56,345.9,49215
2020-09-11 18:00:00,346.38,348.02,344.13,344.59,32047
2020-09-11 19:00:00,344.58,345.87,341.76,341.76,22199
2020-09-11 20:00:00,342.04,342.66,339.0,339.78,37375
2020-09-11 21:00:00,339.73,340.52,338.79,338.87,67147
2020-09-11 22:00:00,338.56,340.25,337.35,339.03,92543
2020-09-14 16:00:00,344.11,344.79,340.58,343.98,65295
2020-09-14 17:00:00,343.98,347.12,339.52,340.56,64224
2020-09-14 18:00:00,340.56,342.24,339.39,342.24,42231
2020-09-14 19:00:00,342.04,342.83,339.76,340.18,44332
2020-09-14 20:00:00,340.46,341.32,339.6,340.15,72090
2020-09-14 21:00:00,340.11,341.31,339.69,340.74,39374
2020-09-14 22:00:00,340.73,344.51,339.65,342.28,109096
2020-09-15 16:00:00,346.84,347.52,344.58,346.02,22469
2020-09-15 17:00:00,346.37,347.11,344.64,346.87,41394
2020-09-15 18:00:00,346.87,348.35,345.74,347.31,88902
2020-09-15 19:00:00,347.57,348.5,347.42,348.36,26237
2020-09-15 20:00:00,348.34,348.77,346.17,346.86,24292
2020-09-15 21:00:00,346.74,346.86,345.77,346.12,28926
2020-09-15 22:00:00,346.12,346.5,344.62,346.0,63714
2020-09-16 16:00:00,349.0,350.83,346.93,348.79,18911
2020-09-16 17:00:00,349.13,349.13,346.46,348.23,25372
2020-09-16 18:00:00,348.37,349.47,347.41,347.62,43109
2020-09-16 19:00:00,347.54,348.12,346.34,346.59,22752
2020-09-16 20:00:00,346.65,347.13,345.66,346.51,24033
2020-09-16 21:00:00,346.51,348.02,345.74,346.55,38157
2020-09-16 22:00:00,346.6,347.56,344.21,344.6,61974
2020-09-17 16:00:00,338.78,341.8,338.66,341.74,21977
2020-09-17 17:00:00,342.16,344.14,341.17,343.24,35744
2020-09-17 18:00:00,343.27,345.23,341.36,341.4,28505
2020-09-17 19:00:00,341.42,342.13,338.05,340.68,22622
2020-09-17 20:00:00,341.17,342.22,340.4,340.85,29258
2020-09-17 21:00:00,340.93,341.68,338.96,340.01,52164
2020-09-17 22:00:00,340.2,341.86,338.56,340.35,102190
2020-09-18 16:00:00,340.66,347.14,340.66,347.14,95734
2020-09-18 17:00:00,346.83,348.11,343.41,344.16,26934
2020-09-18 18:00:00,344.02,346.14,343.11,345.78,34879
2020-09-18 19:00:00,345.78,346.68,344.03,344.37,24762
2020-09-18 20:00:00,344.2,344.56,341.02,343.09,36700
2020-09-18 21:00:00,342.93,345.58,342.46,345.58,30322
2020-09-18 22:00:00,345.77,346.6,342.61,344.9,124015
2020-09-21 16:00:00,340.82,346.31,339.59,346.26,25748
2020-09-21 17:00:00,346.89,346.89,340.49,343.26,37902
2020-09-21 18:00:00,342.83,347.35,342.83,347.35,28061
2020-09-21 19:00:00,347.77,348.2,343.28,344.22,22126
2020-09-21 20:00:00,344.63,347.63,343.52,346.13,35536
2020-09-21 21:00:00,345.97,349.51,345.69,349.51,42643
2020-09-21 22:00:00,349.2,351.96,348.98,351.77,82322
2020-09-22 16:00:00,353.08,353.08,348.68,349.46,33280
2020-09-22 17:00:00,349.6,350.58,346.18,346.83,45475
2020-09-22 18:00:00,346.72,346.72,343.56,344.59,20906
2020-09-22 19:00:00,344.73,346.0,344.36,344.84,23472
2020-09-22 20:00:00,344.75,347.34,344.75,347.25,24949
2020-09-22 21:00:00,347.01,348.71,346.29,348.44,50776
2020-09-22 22:00:00,348.37,351.61,348.28,351.24,76854
2020-09-23 16:00:00,350.45,351.53,347.91,350.97,16878
2020-09-23 17:00:00,351.24,352.26,350.1,350.7,14227
2020-09-23 18:00:00,350.59,352.21,349.35,350.18,10130
2020-09-23 19:00:00,350.3,351.87,349.6,351.72,8905
2020-09-23 20:00:00,351.51,353.05,351.0,351.5,20833
2020-09-23 21:00:00,351.77,351.77,345.97,346.19,23714
2020-09-23 22:00:00,346.37,348.45,345.26,345.51,56702
2020-09-24 16:00:00,345.92,349.1,342.74,348.58,18584
2020-09-24 17:00:00,348.96,350.3,345.06,348.6,10657
2020-09-24 18:00:00,348.91,349.96,347.39,349.56,34961
2020-09-24 19:00:00,349.56,349.83,347.07,349.75,20931
2020-09-24 20:00:00,349.75,350.1,348.29,348.61,31037
2020-09-24 21:00:00,348.51,348.51,345.36,345.36,34908
2020-09-24 22:00:00,345.14,346.78,344.39,346.13,72493
2020-09-25 16:00:00,342.5,346.89,341.29,344.5,75199
2020-09-25 17:00:00,344.51,349.76,341.93,349.61,36769
2020-09-25 18:00:00,349.71,351.38,348.47,349.31,18340
2020-09-25 19:00:00,349.26,351.2,349.19,350.15,20795
2020-09-25 20:00:00,350.13,352.4,349.63,352.4,34720
2020-09-25 21:00:00,352.43,353.83,352.26,353.82,16812
2020-09-25 22:00:00,353.55,354.86,352.56,352.96,42700
2020-09-28 16:00:00,356.24,360.19,354.83,355.22,15656
2020-09-28 17:00:00,354.88,357.81,353.83,353.83,10801
2020-09-28 18:00:00,353.86,354.39,351.26,351.67,14157
2020-09-28 19:00:00,351.4,352.06,349.66,351.78,11841
2020-09-28 20:00:00,351.68,353.3,351.59,353.15,11289
2020-09-28 21:00:00,353.32,353.67,352.22,352.55,15288
2020-09-28 22:00:00,352.58,356.14,351.58,354.86,102271
2020-09-29 16:00:00,354.88,358.49,354.01,358.1,12003
2020-09-29 17:00:00,358.32,359.42,355.65,356.69,14795
2020-09-29 18:00:00,356.54,357.99,356.24,356.24,15350
2020-09-29 19:00:00,356.4,357.65,355.52,357.57,16813
2020-09-29 20:00:00,357.65,359.12,356.46,359.09,13709
2020-09-29 21:00:00,358.94,359.47,356.71,357.41,16374
2020-09-29 22:00:00,357.5,357.7,355.08,356.03,71131
2020-09-30 16:00:00,355.59,359.94,355.59,359.72,10245
2020-09-30 17:00:00,359.56,360.91,357.48,358.32,13396
2020-09-30 18:00:00,358.44,362.45,358.44,361.62,12072
2020-09-30 19:00:00,361.67,362.05,360.03,360.12,10018
2020-09-30 20:00:00,360.35,361.09,359.05,360.35,21525
2020-09-30 21:00:00,360.35,361.87,355.67,358.03,28353
2020-09-30 22:00:00,357.47,357.96,353.97,356.53,43130
2020-10-01 16:00:00,361.24,369.0,360.39,366.7,28401
2020-10-01 17:00:00,365.0,367.07,360.97,360.97,14904
2020-10-01 18:00:00,362.02,362.92,360.55,360.55,11226
2020-10-01 19:00:00,360.81,360.81,359.7,360.41,15562
2020-10-01 20:00:00,360.53,360.84,359.3,359.3,14422
2020-10-01 21:00:00,359.67,360.25,357.9,359.49,12960
2020-10-01 22:00:00,359.67,360.56,357.71,359.63,35339
2020-10-02 16:00:00,355.68,357.49,354.21,357.21,9395
2020-10-02 17:00:00,357.98,358.63,354.79,355.46,9529
2020-10-02 18:00:00,355.01,356.0,350.14,350.14,6789
2020-10-02 19:00:00,350.11,353.56,349.36,353.3,13640
2020-10-02 20:00:00,352.72,352.72,349.07,349.81,12968
2020-10-02 21:00:00,350.22,351.4,349.57,350.63,7553
2020-10-02 22:00:00,350.27,351.52,347.41,348.05,57618
2020-10-05 16:00:00,350.86,352.26,348.65,350.59,13767
2020-10-05 17:00:00,350.99,351.67,348.02,350.11,26275
2020-10-05 18:00:00,350.02,351.35,349.23,351.02,12214
2020-10-05 19:00:00,351.35,353.11,350.78,352.83,8529
2020-10-05 20:00:00,352.89,353.03,349.5,349.9,11971
2020-10-05 21:00:00,350.37,351.93,350.17,351.39,10439
2020-10-05 22:00:00,352.03,352.22,350.18,351.31,96315
2020-10-06 16:00:00,355.49,355.49,350.05,351.48,18054
2020-10-06 17:00:00,351.56,352.76,348.64,349.52,26341
2020-10-06 18:00:00,349.4,350.23,348.05,349.46,21664
2020-10-06 19:00:00,349.46,350.23,347.5,347.68,14835
2020-10-06 20:00:00,347.77,350.18,347.08,350.1,19905
2020-10-06 21:00:00,350.12,352.46,345.23,346.42,31576
2020-10-06 22:00:00,346.84,350.33,346.27,347.93,66800
2020-10-07 16:00:00,348.16,351.51,348.08,348.32,12716
2020-10-07 17:00:00,348.53,348.93,345.97,346.89,30100
2020-10-07 18:00:00,346.36,347.07,345.46,345.65,25884
2020-10-07 19:00:00,345.51,346.43,344.83,345.09,17375
2020-10-07 20:00:00,345.2,346.0,344.57,344.66,28191
2020-10-07 21:00:00,344.66,344.79,343.08,343.72,59853
2020-10-07 22:00:00,343.66,344.19,342.51,342.73,127168
2020-10-08 16:00:00,343.97,347.57,343.31,345.42,21136
2020-10-08 17:00:00,346.1,347.0,342.61,344.42,68566
2020-10-08 18:00:00,344.85,346.1,343.25,343.57,30912
2020-10-08 19:00:00,343.28,346.45,343.28,346.01,22254
2020-10-08 20:00:00,345.91,348.75,345.03,348.34,12324
2020-10-08 21:00:00,348.03,349.07,347.82,348.14,17465
2020-10-08 22:00:00,348.35,348.64,345.66,346.4,60846
2020-10-09 16:00:00,349.27,351.35,347.23,350.57,15671
2020-10-09 17:00:00,351.19,351.24,348.84,350.77,30896
2020-10-09 18:00:00,351.08,352.85,349.76,352.85,22890
2020-10-09 19:00:00,352.87,354.9,352.87,353.92,16499
2020-10-09 20:00:00,353.96,353.96,352.41,353.38,7348
2020-10-09 21:00:00,353.38,353.41,350.99,351.23,10028
2020-10-09 22:00:00,351.08,352.36,350.93,352.36,35173
2020-10-12 16:00:00,354.76,355.86,351.59,352.18,15060
2020-10-12 17:00:00,351.02,354.35,350.23,354.35,15808
2020-10-12 18:00:00,354.36,354.57,352.14,352.27,19190
2020-10-12 19:00:00,352.11,353.86,351.25,353.74,10672
2020-10-12 20:00:00,353.05,353.56,352.11,352.74,9283
2020-10-12 21:00:00,352.75,353.16,352.24,352.42,16674
2020-10-12 22:00:00,352.53,353.03,352.08,352.51,27990
2020-10-13 16:00:00,353.29,359.58,352.56,358.42,27011
2020-10-13 17:00:00,358.29,360.16,356.99,359.51,33732
2020-10-13 18:00:00,359.77,361.18,359.13,359.87,25469
2020-10-13 19:00:00,359.64,359.89,358.05,358.84,18729
2020-10-13 20:00:00,358.29,358.72,356.94,357.3,17037
2020-10-13 21:00:00,357.17,359.55,357.17,358.64,21964
2020-10-13 22:00:00,358.73,361.02,358.73,359.96,40504
2020-10-14 16:00:00,360.9,363.92,360.0,363.3,12363
2020-10-14 17:00:00,363.59,364.71,359.49,360.11,45464
2020-10-14 18:00:00,360.09,362.14,358.94,358.96,11517
2020-10-14 19:00:00,358.73,359.33,357.16,358.96,27606
2020-10-14 20:00:00,358.86,360.42,358.34,359.81,19066
2020-10-14 21:00:00,359.8,360.53,358.34,360.21,10978
2020-10-14 22:00:00,359.68,361.49,359.02,359.05,35061
2020-10-15 16:00:00,355.34,357.42,353.4,356.53,23273
2020-10-15 17:00:00,356.63,357.98,355.33,357.57,16162
2020-10-15 18:00:00,357.18,359.9,356.51,358.87,11765
2020-10-15 19:00:00,359.06,359.45,358.32,359.18,16406
2020-10-15 20:00:00,359.35,362.07,359.35,361.63,13450
2020-10-15 21:00:00,361.75,363.1,361.28,361.7,12511
2020-10-15 22:00:00,361.56,362.31,360.6,361.39,19978
2020-10-16 16:00:00,363.61,366.4,363.36,366.33,29016
2020-10-16 17:00:00,366.37,369.25,365.96,368.12,13647
2020-10-16 18:00:00,368.03,368.03,366.35,366.56,12714
2020-10-16 19:00:00,366.0,366.38,365.0,366.38,7917
2020-10-16 20:00:00,366.25,368.08,365.84,367.73,8650
2020-10-16 21:00:00,367.86,368.97,367.34,368.71,11337
2020-10-16 22:00:00,368.58,368.58,364.96,365.43,37056
2020-10-19 16:00:00,367.21,370.59,366.94,369.94,21382
2020-10-19 17:00:00,369.62,369.62,366.96,367.4,10945
2020-10-19 18:00:00,367.26,368.23,366.81,367.05,7842
2020-10-19 19:00:00,366.79,367.81,366.64,367.81,8003
2020-10-19 20:00:00,367.9,367.9,365.87,366.21,16921
2020-10-19 21:00:00,366.13,366.93,364.79,364.94,26548
2020-10-19 22:00:00,364.69,365.27,362.2,362.74,44322
2020-10-20 16:00:00,361.74,362.04,358.15,361.52,59785
2020-10-20 17:00:00,361.8,362.16,358.68,358.68,22415
2020-10-20 18:00:00,358.13,362.07,358.07,362.07,16597
2020-10-20 19:00:00,362.1,362.97,359.96,361.44,60904
2020-10-20 20:00:00,361.78,363.07,359.83,362.01,15323
2020-10-20 21:00:00,362.15,362.24,359.6,359.9,19537
2020-10-20 22:00:00,360.0,360.16,358.03,358.63,46519
2020-10-21 16:00:00,360.45,363.62,359.25,359.85,40717
2020-10-21 17:00:00,359.76,360.07,357.06,357.6,16115
2020-10-21 18:00:00,357.78,358.2,354.42,354.42,39084
2020-10-21 19:00:00,355.14,356.39,353.19,353.56,11392
2020-10-21 20:00:00,353.6,354.43,353.39,353.39,8283
2020-10-21 21:00:00,353.5,355.73,353.21,355.14,26788
2020-10-21 22:00:00,355.08,355.08,349.65,350.0,106564
2020-10-22 16:00:00,350.38,352.98,350.38,352.52,10577
2020-10-22 17:00:00,352.27,353.15,349.48,351.82,30868
2020-10-22 18:00:00,351.74,352.92,350.62,350.62,16577
2020-10-22 19:00:00,350.78,350.78,349.41,350.43,10746
2020-10-22 20:00:00,350.6,351.32,349.91,350.07,15483
2020-10-22 21:00:00,350.24,350.76,349.61,350.09,19603
2020-10-22 22:00:00,350.0,350.3,346.55,347.87,129419
2020-10-23 16:00:00,348.02,350.21,347.23,349.38,46329
2020-10-23 17:00:00,349.48,350.64,348.85,349.85,52887
2020-10-23 18:00:00,350.44,352.0,349.18,349.85,26139
2020-10-23 19:00:00,350.0,350.21,348.68,348.87,14707
2020-10-23 20:00:00,349.57,350.71,349.45,350.46,9906
2020-10-23 21:00:00,350.62,350.62,349.59,349.97,37695
2020-10-23 22:00:00,350.04,351.41,349.98,350.52,75828
2020-10-26 16:00:00,345.99,350.54,345.99,348.61,13025
2020-10-26 17:00:00,348.61,350.32,347.2,348.11,48014
2020-10-26 18:00:00,347.94,349.49,345.38,349.03,27099
2020-10-26 19:00:00,349.02,349.06,346.43,347.22,20544
2020-10-26 20:00:00,347.21,350.08,346.67,349.64,26214
2020-10-26 21:00:00,349.67,350.33,348.82,348.99,30814
2020-10-26 22:00:00,348.99,350.44,347.95,349.56,77224
2020-10-27 16:00:00,349.6,360.84,349.6,357.39,148659
2020-10-27 17:00:00,357.45,357.45,348.51,351.19,50844
2020-10-27 18:00:00,351.06,354.33,350.21,352.58,57237
2020-10-27 19:00:00,352.3,355.32,351.12,354.96,28861
2020-10-27 20:00:00,354.81,355.35,351.65,355.17,23678
2020-10-27 21:00:00,355.23,357.54,354.98,355.46,52693
2020-10-27 22:00:00,355.23,357.68,354.7,356.9,105951
2020-10-28 16:00:00,349.99,349.99,343.56,347.89,23744
2020-10-28 17:00:00,347.89,350.1,342.27,342.87,37148
2020-10-28 18:00:00,342.77,343.95,339.89,340.85,24168
2020-10-28 19:00:00,341.08,343.71,340.59,340.59,27495
2020-10-28 20:00:00,339.83,343.03,338.91,342.14,26410
2020-10-28 21:00:00,342.01,343.71,340.43,343.36,28874
2020-10-28 22:00:00,343.21,345.3,340.71,340.82,133585
2020-10-29 16:00:00,341.93,345.77,336.03,340.14,19780
2020-10-29 17:00:00,339.93,340.89,337.4,340.1,36217
2020-10-29 18:00:00,340.31,343.14,339.86,341.17,29584
2020-10-29 19:00:00,341.44,343.84,341.1,342.89,22416
2020-10-29 20:00:00,342.92,345.93,342.01,345.76,21737
2020-10-29 21:00:00,345.82,348.48,345.82,346.65,27902
2020-10-29 22:00:00,346.67,348.35,345.35,345.5,78409
2020-10-30 16:00:00,344.15,350.08,344.15,349.56,19154
2020-10-30 17:00:00,349.56,350.05,344.35,344.35,37766
2020-10-30 18:00:00,344.35,347.75,344.31,347.68,28441
2020-10-30 19:00:00,347.44,351.62,347.43,349.49,20512
2020-10-30 20:00:00,349.1,349.65,346.82,347.94,19796
2020-10-30 21:00:00,347.99,349.08,345.78,347.52,39750
2020-10-30 22:00:00,347.28,350.35,346.43,349.95,132184
2020-11-02 16:00:00,355.07,363.93,353.55,363.93,30045
2020-11-02 17:00:00,364.41,365.8,358.29,358.56,45013
2020-11-02 18:00:00,358.31,359.02,355.45,357.5,12815
2020-11-02 19:00:00,357.41,357.74,354.48,354.48,16391
2020-11-02 20:00:00,354.96,355.13,351.54,354.22,33689
2020-11-02 21:00:00,354.2,356.63,354.2,356.39,27187
2020-11-02 22:00:00,356.55,357.17,354.86,356.85,67780
2020-11-03 16:00:00,360.54,364.98,359.0,362.4,27265
2020-11-03 17:00:00,363.23,369.2,362.81,367.39,35017
2020-11-03 18:00:00,367.67,368.47,364.91,367.23,32558
2020-11-03 19:00:00,367.49,370.59,367.28,370.22,36805
2020-11-03 20:00:00,370.19,371.63,368.74,369.8,34607
2020-11-03 21:00:00,369.63,372.9,369.03,371.63,91798
2020-11-03 22:00:00,371.51,371.87,367.87,369.45,99763
2020-11-04 16:00:00,371.1,381.5,371.1,381.5,41187
2020-11-04 17:00:00,381.96,388.71,380.11,387.54,58254
2020-11-04 18:00:00,387.69,391.83,387.18,391.43,30743
2020-11-04 19:00:00,391.34,394.83,390.4,391.38,74916
2020-11-04 20:00:00,391.49,395.99,389.59,394.52,59555
2020-11-04 21:00:00,394.5,397.74,394.5,397.55,45750
2020-11-04 22:00:00,397.62,399.41,396.94,397.88,214934
2020-11-05 16:00:00,399.95,408.12,399.68,407.76,45841
2020-11-05 17:00:00,408.74,413.64,407.4,412.39,66853
2020-11-05 18:00:00,412.68,414.15,409.16,413.08,98856
2020-11-05 19:00:00,413.08,416.26,412.5,414.69,81634
2020-11-05 20:00:00,414.71,416.49,414.25,414.66,42431
2020-11-05 21:00:00,414.61,415.87,412.72,414.69,44105
2020-11-05 22:00:00,414.97,418.72,413.79,417.62,144598
2020-11-06 16:00:00,418.1,418.99,407.23,407.45,63803
2020-11-06 17:00:00,407.47,415.67,407.01,412.31,47123
2020-11-06 18:00:00,412.93,419.5,412.93,419.44,32068
2020-11-06 19:00:00,420.0,424.04,420.0,424.0,52832
2020-11-06 20:00:00,424.17,427.02,422.52,422.52,28022
2020-11-06 21:00:00,422.87,424.45,421.68,422.06,36636
2020-11-06 22:00:00,422.0,425.0,419.41,421.15,119290
2020-11-09 16:00:00,434.13,437.35,401.25,408.63,111494
2020-11-09 17:00:00,407.74,414.52,406.0,407.84,86052
2020-11-09 18:00:00,407.95,410.63,404.47,409.37,96255
2020-11-09 19:00:00,409.68,413.15,407.02,408.14,66145
2020-11-09 20:00:00,408.69,409.16,404.33,405.2,42049
2020-11-09 21:00:00,405.0,405.13,397.77,398.05,142979
2020-11-09 22:00:00,398.09,398.52,390.95,390.95,211463
2020-11-10 16:00:00,388.61,391.57,376.56,381.37,70634
2020-11-10 17:00:00,381.37,383.16,373.48,374.17,70577
2020-11-10 18:00:00,374.0,384.16,373.64,382.5,69013
2020-11-10 19:00:00,382.29,383.63,378.46,380.31,58372
2020-11-10 20:00:00,380.34,381.85,377.43,380.23,47814
2020-11-10 21:00:00,380.38,381.47,376.88,381.21,37751
2020-11-10 22:00:00,381.11,381.71,379.0,379.79,116391
2020-11-11 16:00:00,381.72,394.11,381.71,389.73,40070
2020-11-11 17:00:00,389.9,397.47,388.94,396.2,54711
2020-11-11 18:00:00,396.13,396.89,394.33,395.97,39430
2020-11-11 19:00:00,396.27,402.42,395.78,399.82,50944
2020-11-11 20:00:00,400.05,400.05,398.2,398.32,29720
2020-11-11 21:00:00,398.78,399.85,396.07,397.09,25482
2020-11-11 22:00:00,396.93,397.62,395.18,396.97,81888
2020-11-12 16:00:00,396.87,397.94,391.94,393.75,13447
2020-11-12 17:00:00,393.44,396.53,391.76,395.56,26415
2020-11-12 18:00:00,395.93,396.1,391.49,392.83,48386
2020-11-12 19:00:00,392.56,393.84,389.69,389.85,15975
2020-11-12 20:00:00,389.84,390.27,388.43,389.0,14974
2020-11-12 21:00:00,389.16,390.19,388.3,388.63,21710
2020-11-12 22:00:00,388.79,389.85,387.65,389.47,158138
2020-11-13 16:00:00,390.56,392.18,389.88,391.07,11622
2020-11-13 17:00:00,391.61,391.61,388.23,389.58,39718
2020-11-13 18:00:00,390.05,390.5,388.84,390.5,28998
2020-11-13 19:00:00,389.95,391.61,389.07,390.38,33502
2020-11-13 20:00:00,389.77,390.56,386.42,386.79,21275
2020-11-13 21:00:00,386.79,389.09,386.67,387.97,17369
2020-11-13 22:00:00,388.32,389.17,387.14,388.42,76214
2020-11-16 16:00:00,389.53,392.99,383.96,392.54,48969
2020-11-16 17:00:00,392.34,394.63,389.27,394.62,39927
2020-11-16 18:00:00,394.38,398.31,394.38,396.07,15964
2020-11-16 19:00:00,396.34,397.93,395.25,397.4,11240
2020-11-16 20:00:00,397.54,398.24,395.55,397.17,34296
2020-11-16 21:00:00,397.24,397.71,394.22,394.22,19734
2020-11-16 22:00:00,394.31,397.63,394.03,397.22,94682
2020-11-17 16:00:00,395.0,397.12,393.53,394.87,33491
2020-11-17 17:00:00,395.56,397.07,394.94,397.07,25738
2020-11-17 18:00:00,397.26,401.65,397.24,400.01,21883
2020-11-17 19:00:00,399.76,402.98,399.35,402.75,13094
2020-11-17 20:00:00,402.98,403.45,400.0,400.36,20001
2020-11-17 21:00:00,400.34,403.36,400.06,403.2,22284
2020-11-17 22:00:00,403.03,404.7,401.18,403.91,121604
2020-11-18 16:00:00,403.99,407.23,401.96,403.96,23975
2020-11-18 17:00:00,403.51,405.01,401.65,402.86,54884
2020-11-18 18:00:00,402.9,404.95,402.46,404.18,14494
2020-11-18 19:00:00,404.08,405.01,403.58,404.52,17939
2020-11-18 20:00:00,404.77,405.0,402.0,402.34,18921
2020-11-18 21:00:00,402.21,402.7,400.55,402.29,21780
2020-11-18 22:00:00,402.17,403.48,399.75,399.8,74971
2020-11-19 16:00:00,399.99,400.27,396.07,396.85,19392
2020-11-19 17:00:00,397.0,399.62,396.51,398.68,25109
2020-11-19 18:00:00,398.71,400.08,396.53,399.68,16881
2020-11-19 19:00:00,400.07,400.07,395.91,396.59,13264
2020-11-19 20:00:00,396.72,398.17,396.36,398.1,12035
2020-11-19 21:00:00,398.44,400.28,397.39,399.24,10096
2020-11-19 22:00:00,399.3,401.33,398.33,401.1,47193
2020-11-20 16:00:00,401.43,404.72,401.14,401.76,16442
2020-11-20 17:00:00,402.36,406.64,402.28,406.64,12073
2020-11-20 18:00:00,406.98,409.62,406.4,407.12,9424
2020-11-20 19:00:00,406.64,407.48,404.21,404.43,7723
2020-11-20 20:00:00,404.35,405.65,403.75,404.48,8386
2020-11-20 21:00:00,404.48,405.09,402.51,403.07,9621
2020-11-20 22:00:00,402.94,403.82,399.91,400.3,27465
2020-11-23 16:00:00,401.82,408.47,401.36,406.46,13672
2020-11-23 17:00:00,407.23,408.72,401.44,402.43,21893
2020-11-23 18:00:00,401.49,401.79,398.92,400.21,8774
2020-11-23 19:00:00,400.26,400.88,398.73,400.88,7086
2020-11-23 20:00:00,400.73,402.57,400.73,401.89,7817
2020-11-23 21:00:00,401.59,402.19,400.75,401.84,12072
2020-11-23 22:00:00,401.82,402.22,400.69,402.13,28870
2020-11-24 16:00:00,402.0,402.66,395.69,398.5,20726
2020-11-24 17:00:00,398.16,401.66,395.74,399.63,24159
2020-11-24 18:00:00,399.82,402.88,399.17,401.08,23349
2020-11-24 19:00:00,400.76,401.57,399.62,399.62,14001
2020-11-24 20:00:00,399.38,402.1,399.0,400.72,23074
2020-11-24 21:00:00,400.69,400.91,398.41,399.43,24959
2020-11-24 22:00:00,399.54,400.0,398.57,399.7,60712
2020-11-25 16:00:00,400.89,401.89,396.3,399.53,18605
2020-11-25 17:00:00,399.49,400.3,396.59,398.01,18587
2020-11-25 18:00:00,398.04,399.18,397.08,399.18,16629
2020-11-25 19:00:00,399.14,399.96,397.1,399.96,16499
2020-11-25 20:00:00,399.79,400.0,398.44,399.59,9538
2020-11-25 21:00:00,399.6,401.44,399.06,401.21,16944
2020-11-25 22:00:00,401.44,404.04,401.23,403.95,35914
2020-11-27 16:00:00,406.13,406.84,401.55,403.46,29745
2020-11-27 17:00:00,403.76,408.57,403.76,403.94,21112
2020-11-27 18:00:00,403.96,406.22,400.84,402.0,20860
2020-11-27 19:00:00,401.76,404.05,401.12,402.9,36917
2020-11-27 20:00:00,402.25,402.25,402.25,402.25,27254
2020-11-30 16:00:00,400.48,409.97,400.48,409.01,18373
2020-11-30 17:00:00,408.26,410.4,405.66,408.72,30122
2020-11-30 18:00:00,408.9,409.67,405.99,406.24,19785
2020-11-30 19:00:00,406.17,406.6,404.92,406.1,24793
2020-11-30 20:00:00,406.16,408.84,405.58,407.26,20659
2020-11-30 21:00:00,406.95,411.2,406.63,409.33,25970
2020-11-30 22:00:00,409.9,411.2,408.95,409.79,100668
2020-12-01 16:00:00,414.35,416.28,412.65,415.0,22584
2020-12-01 17:00:00,414.56,415.9,410.99,410.99,30475
2020-12-01 18:00:00,411.06,415.99,408.89,415.27,36028
2020-12-01 19:00:00,415.11,417.05,411.46,412.57,15903
2020-12-01 20:00:00,412.65,415.26,411.87,414.76,12879
2020-12-01 21:00:00,414.73,415.41,412.48,414.75,31330
2020-12-01 22:00:00,414.48,415.9,412.63,414.79,53930
2020-12-02 16:00:00,414.08,416.91,412.49,416.74,29283
2020-12-02 17:00:00,416.58,417.46,413.8,415.63,14161
2020-12-02 18:00:00,415.74,418.37,415.02,415.02,8679
2020-12-02 19:00:00,414.88,415.39,412.86,415.39,7386
2020-12-02 20:00:00,415.14,416.09,414.74,414.79,8482
2020-12-02 21:00:00,414.89,417.33,414.4,417.07,8675
2020-12-02 22:00:00,417.4,417.55,415.57,415.82,44241
2020-12-03 16:00:00,416.2,420.67,415.36,416.47,12218
2020-12-03 17:00:00,416.84,419.56,416.84,418.13,10272
2020-12-03 18:00:00,418.19,419.99,418.02,418.96,8313
2020-12-03 19:00:00,418.99,419.35,418.15,419.13,7747
2020-12-03 20:00:00,418.9,419.74,417.72,419.74,7858
2020-12-03 21:00:00,420.0,420.38,418.39,420.29,8582
2020-12-03 22:00:00,420.9,422.25,418.24,419.54,32153
2020-12-04 16:00:00,419.3,426.93,419.3,423.86,11825
2020-12-04 17:00:00,425.09,428.49,422.9,423.47,188210
2020-12-04 18:00:00,425.01,425.34,423.06,424.01,109157
2020-12-04 19:00:00,424.17,424.86,423.09,423.33,34233
2020-12-04 20:00:00,423.97,424.3,423.52,423.72,12875
2020-12-04 21:00:00,423.97,425.35,423.29,424.87,13298
2020-12-04 22:00:00,424.65,425.48,421.44,421.72,119296
2020-12-07 16:00:00,423.43,427.9,422.04,422.88,55782
2020-12-07 17:00:00,422.9,424.92,420.81,420.87,35863
2020-12-07 18:00:00,420.38,423.29,420.0,423.29,13601
2020-12-07 19:00:00,423.24,424.34,421.49,422.63,18856
2020-12-07 20:00:00,422.47,422.86,420.73,421.21,42598
2020-12-07 21:00:00,421.2,424.34,420.14,422.38,27639
2020-12-07 22:00:00,422.18,424.06,420.32,423.02,60587
2020-12-08 16:00:00,423.55,425.48,421.87,424.82,23489
2020-12-08 17:00:00,425.49,427.93,424.56,427.89,19155
2020-12-08 18:00:00,428.15,428.15,426.28,426.63,29745
2020-12-08 19:00:00,427.15,427.83,425.62,427.65,17307
2020-12-08 20:00:00,427.35,429.0,427.18,428.2,20460
2020-12-08 21:00:00,428.0,429.77,427.28,427.39,25391
2020-12-08 22:00:00,427.26,427.8,425.45,426.32,47218
2020-12-09 16:00:00,424.93,426.59,421.6,421.6,13789
2020-12-09 17:00:00,421.97,421.97,415.7,417.7,23316
2020-12-09 18:00:00,417.33,417.33,414.07,415.97,38372
2020-12-09 19:00:00,416.11,416.87,415.43,416.06,19589
2020-12-09 20:00:00,416.04,417.0,415.19,415.5,21559
2020-12-09 21:00:00,415.62,416.54,413.79,414.44,30720
2020-12-09 22:00:00,414.6,415.98,411.7,414.61,86769
2020-12-10 16:00:00,414.26,417.21,411.42,417.21,26591
2020-12-10 17:00:00,417.21,418.99,415.65,417.72,21383
2020-12-10 18:00:00,417.85,420.41,417.85,418.46,11757
2020-12-10 19:00:00,418.85,420.47,417.3,417.94,9271
2020-12-10 20:00:00,417.82,420.05,417.82,419.63,12416
2020-12-10 21:00:00,420.39,420.94,419.41,419.41,16201
2020-12-10 22:00:00,419.81,423.07,419.81,422.66,53248
2020-12-11 16:00:00,420.93,422.28,419.24,419.31,10531
2020-12-11 17:00:00,419.65,421.55,419.65,420.59,15850
2020-12-11 18:00:00,420.83,421.55,416.89,418.04,10626
2020-12-11 19:00:00,418.37,418.37,415.7,416.29,10084
2020-12-11 20:00:00,416.24,419.45,416.11,418.96,7456
2020-12-11 21:00:00,418.62,419.17,417.53,417.8,8180
2020-12-11 22:00:00,417.98,420.11,417.91,419.47,26023
2020-12-14 16:00:00,419.93,430.79,419.93,429.7,21385
2020-12-14 17:00:00,428.22,428.34,425.49,426.37,13731
2020-12-14 18:00:00,426.4,428.37,426.12,426.12,19512
2020-12-14 19:00:00,426.42,426.65,424.07,426.01,25025
2020-12-14 20:00:00,426.35,427.97,425.35,427.03,17597
2020-12-14 21:00:00,427.19,427.39,425.21,426.23,12303
2020-12-14 22:00:00,426.0,426.0,423.49,423.9,44696
2020-12-15 16:00:00,428.19,428.19,423.9,424.96,7342
2020-12-15 17:00:00,424.06,427.9,424.04,426.63,8424
2020-12-15 18:00:00,426.52,429.66,425.75,429.66,14514
2020-12-15 19:00:00,429.99,431.61,429.33,431.3,11944
2020-12-15 20:00:00,431.28,431.96,430.3,430.61,13081
2020-12-15 21:00:00,430.39,430.94,428.69,428.69,9234
2020-12-15 22:00:00,429.14,430.67,423.95,424.0,109923
2020-12-16 16:00:00,426.53,428.17,422.51,423.85,17972
2020-12-16 17:00:00,423.67,426.91,423.19,425.3,14439
2020-12-16 18:00:00,425.49,426.85,423.02,426.26,22127
2020-12-16 19:00:00,426.34,429.94,426.26,429.15,22579
2020-12-16 20:00:00,429.29,429.82,427.5,428.77,13268
2020-12-16 21:00:00,428.65,429.1,427.53,428.9,17197
2020-12-16 22:00:00,429.24,430.15,428.16,429.99,36887
2020-12-17 16:00:00,432.9,437.29,431.17,435.51,11668
2020-12-17 17:00:00,435.62,438.57,435.26,436.99,33847
2020-12-17 18:00:00,436.37,437.04,431.55,431.83,12622
2020-12-17 19:00:00,431.99,432.37,430.31,432.29,12767
2020-12-17 20:00:00,432.25,433.75,431.97,433.29,11893
2020-12-17 21:00:00,433.04,435.86,432.96,434.66,8121
2020-12-17 22:00:00,434.57,438.13,434.38,436.78,64678
2020-12-18 16:00:00,437.15,441.3,436.52,441.3,69080
2020-12-18 17:00:00,441.93,442.11,436.13,436.67,23069
2020-12-18 18:00:00,436.6,437.63,435.22,436.16,20872
2020-12-18 19:00:00,436.35,439.72,436.35,438.09,12000
2020-12-18 20:00:00,437.65,438.72,436.65,437.93,12487
2020-12-18 21:00:00,437.76,439.55,437.69,438.66,17384
2020-12-18 22:00:00,438.8,444.03,438.63,443.55,74632
2020-12-21 16:00:00,438.62,442.38,434.89,436.59,15365
2020-12-21 17:00:00,435.01,436.16,427.34,429.57,15654
2020-12-21 18:00:00,428.57,434.56,428.31,433.63,9983
2020-12-21 19:00:00,433.94,436.42,433.76,435.16,10711
2020-12-21 20:00:00,435.29,436.19,434.06,435.59,9562
2020-12-21 21:00:00,435.69,436.77,435.43,436.26,7968
2020-12-21 22:00:00,436.78,436.78,433.65,435.13,25832
2020-12-22 16:00:00,435.5,438.35,434.17,437.92,9495
2020-12-22 17:00:00,437.47,437.71,434.95,435.69,7416
2020-12-22 18:00:00,435.52,436.66,431.45,431.68,7368
2020-12-22 19:00:00,432.12,433.68,431.73,433.67,11348
2020-12-22 20:00:00,433.43,436.53,433.43,435.38,7824
2020-12-22 21:00:00,435.68,437.1,435.22,435.81,8668
2020-12-22 22:00:00,436.35,438.42,435.82,437.11,34468
2020-12-23 16:00:00,435.0,438.09,434.41,435.47,21306
2020-12-23 17:00:00,435.3,435.76,432.88,434.05,9278
2020-12-23 18:00:00,434.08,435.2,432.52,434.03,4688
2020-12-23 19:00:00,434.01,435.12,434.01,434.84,5901
2020-12-23 20:00:00,434.89,434.89,432.54,432.85,9328
2020-12-23 21:00:00,432.66,432.66,430.44,430.44,4737
2020-12-23 22:00:00,430.92,431.26,428.63,428.63,32810
2020-12-24 16:00:00,429.06,434.35,429.06,432.49,6991
2020-12-24 17:00:00,433.34,434.5,431.75,431.75,5354
2020-12-24 18:00:00,431.91,433.0,430.49,431.23,5315
2020-12-24 19:00:00,431.39,433.3,431.25,432.45,13084
2020-12-24 20:00:00,432.46,432.79,432.46,432.79,12269
2020-12-28 16:00:00,437.71,442.39,432.57,435.17,26484
2020-12-28 17:00:00,434.77,436.61,430.46,435.76,18702
2020-12-28 18:00:00,435.09,436.28,434.41,435.46,26145
2020-12-28 19:00:00,435.59,437.2,434.94,435.8,31915
2020-12-28 20:00:00,436.0,437.77,435.92,437.6,11588
2020-12-28 21:00:00,437.51,438.36,435.91,438.25,7061
2020-12-28 22:00:00,438.24,438.45,436.36,436.36,33218
2020-12-29 16:00:00,440.77,440.77,435.56,435.94,4669
2020-12-29 17:00:00,435.45,438.09,434.33,437.77,5334
2020-12-29 18:00:00,437.48,437.63,434.92,434.92,5298
2020-12-29 19:00:00,435.57,435.64,433.57,434.03,7921
2020-12-29 20:00:00,433.78,435.72,433.78,434.74,6858
2020-12-29 21:00:00,434.68,435.76,433.68,435.39,4604
2020-12-29 22:00:00,435.4,436.25,434.3,434.79,21272
2020-12-30 16:00:00,437.17,437.74,434.04,435.88,5232
2020-12-30 17:00:00,434.97,437.61,434.97,436.11,5756
2020-12-30 18:00:00,436.65,436.65,434.61,434.79,5117
2020-12-30 19:00:00,435.72,437.61,435.32,436.5,9324
2020-12-30 20:00:00,436.42,438.8,436.41,438.8,9883
2020-12-30 21:00:00,438.48,438.48,437.3,437.77,5701
2020-12-30 22:00:00,437.06,437.84,436.32,436.99,26148
2020-12-31 16:00:00,437.45,441.13,436.36,440.37,2672
2020-12-31 17:00:00,441.0,442.82,440.46,442.82,6991
2020-12-31 18:00:00,442.42,442.54,440.03,440.18,6311
2020-12-31 19:00:00,440.18,443.49,440.17,443.02,8461
2020-12-31 20:00:00,442.92,444.55,442.92,444.55,8357
2020-12-31 21:00:00,444.08,446.19,443.27,445.05,13075
2020-12-31 22:00:00,445.34,446.9,444.36,446.36,42945
2021-01-04 16:00:00,450.76,455.03,437.81,443.03,32095
2021-01-04 17:00:00,444.28,447.67,441.44,441.44,13970
2021-01-04 18:00:00,441.16,441.22,435.07,435.07,13337
2021-01-04 19:00:00,434.84,436.18,433.41,436.04,17671
2021-01-04 20:00:00,436.4,437.93,436.2,437.6,17085
2021-01-04 21:00:00,437.61,437.92,434.86,436.06,13130
2021-01-04 22:00:00,436.4,440.5,435.01,437.95,46326
2021-01-05 16:00:00,436.84,440.1,433.27,436.03,15143
2021-01-05 17:00:00,436.73,437.41,429.79,431.63,11992
2021-01-05 18:00:00,431.72,432.68,430.06,430.12,8717
2021-01-05 19:00:00,429.95,431.21,428.65,429.21,10824
2021-01-05 20:00:00,429.56,429.56,426.45,427.61,18145
2021-01-05 21:00:00,428.07,430.04,427.85,429.3,14188
2021-01-05 22:00:00,429.54,432.53,428.05,431.39,43659
2021-01-06 16:00:00,430.59,430.71,423.88,429.16,13940
2021-01-06 17:00:00,430.03,431.91,428.12,430.82,30497
2021-01-06 18:00:00,430.88,434.28,430.88,433.53,18127
2021-01-06 19:00:00,434.11,436.62,433.7,436.27,25864
2021-01-06 20:00:00,436.1,439.21,434.92,438.13,23601
2021-01-06 21:00:00,438.24,438.43,434.96,437.42,26488
2021-01-06 22:00:00,436.65,438.55,433.58,435.24,72121
2021-01-07 16:00:00,437.88,443.26,436.26,441.6,14835
2021-01-07 17:00:00,442.0,447.0,441.32,444.02,23207
2021-01-07 18:00:00,444.24,444.28,440.07,441.37,8118
2021-01-07 19:00:00,442.09,442.65,439.76,442.45,19685
2021-01-07 20:00:00,442.91,445.12,442.05,444.68,19573
2021-01-07 21:00:00,444.36,446.28,444.28,445.51,18294
2021-01-07 22:00:00,445.95,446.22,442.12,443.63,80138
2021-01-08 16:00:00,443.65,451.35,443.64,450.56,15748
2021-01-08 17:00:00,451.04,453.88,447.2,450.94,11657
2021-01-08 18:00:00,450.89,450.98,448.0,449.8,13060
2021-01-08 19:00:00,449.74,450.64,448.11,450.24,16146
2021-01-08 20:00:00,450.0,450.39,446.26,449.27,18898
2021-01-08 21:00:00,449.47,451.99,448.64,451.73,9199
2021-01-08 22:00:00,451.47,454.06,450.21,452.69,38585
2021-01-11 16:00:00,451.19,454.68,445.87,449.21,21602
2021-01-11 17:00:00,448.09,453.27,447.62,452.92,19146
2021-01-11 18:00:00,453.25,454.14,451.18,451.99,10303
2021-01-11 19:00:00,451.97,453.99,451.28,453.86,8821
2021-01-11 20:00:00,453.92,455.17,451.56,451.84,9344
2021-01-11 21:00:00,451.05,452.03,449.79,450.96,20343
2021-01-11 22:00:00,450.92,452.15,449.03,451.79,34090
2021-01-12 16:00:00,450.48,455.81,450.48,453.44,25560
2021-01-12 17:00:00,453.56,454.3,451.08,453.18,32735
2021-01-12 18:00:00,452.46,454.5,452.18,453.42,16917
2021-01-12 19:00:00,453.65,453.65,449.13,450.76,52503
2021-01-12 20:00:00,450.41,453.42,450.09,452.22,22472
2021-01-12 21:00:00,452.3,453.79,451.87,452.47,14592
2021-01-12 22:00:00,452.51,453.78,452.18,453.19,44539
2021-01-13 16:00:00,453.32,454.0,443.22,444.04,20244
2021-01-13 17:00:00,444.68,444.75,439.21,440.3,29329
2021-01-13 18:00:00,440.28,441.0,438.33,439.13,28666
2021-01-13 19:00:00,439.22,440.05,436.56,439.43,23480
2021-01-13 20:00:00,439.6,440.13,435.95,436.17,21851
2021-01-13 21:00:00,436.42,439.34,435.58,437.45,29858
2021-01-13 22:00:00,437.71,439.93,436.95,438.36,46866
2021-01-14 16:00:00,439.39,441.95,436.16,438.65,14650
2021-01-14 17:00:00,438.24,438.24,429.03,429.06,52707
2021-01-14 18:00:00,429.32,429.71,424.52,425.19,30090
2021-01-14 19:00:00,425.29,426.23,422.35,422.37,17506
2021-01-14 20:00:00,422.28,423.67,413.39,414.01,64465
2021-01-14 21:00:00,414.63,415.47,409.03,409.64,110502
2021-01-14 22:00:00,410.12,414.19,408.81,409.51,222855
2021-01-15 16:00:00,408.92,409.94,405.9,407.79,73476
2021-01-15 17:00:00,407.88,409.0,404.04,405.01,75661
2021-01-15 18:00:00,405.04,407.45,404.83,406.58,33820
2021-01-15 19:00:00,406.59,408.05,405.95,407.2,99014
2021-01-15 20:00:00,407.24,412.83,406.62,412.83,27515
2021-01-15 21:00:00,412.59,414.48,411.5,412.12,43542
2021-01-15 22:00:00,412.28,417.13,411.93,415.46,140808
2021-01-19 16:00:00,415.95,416.49,407.3,410.53,124686
2021-01-19 17:00:00,410.36,412.43,406.53,407.67,74439
2021-01-19 18:00:00,407.75,411.1,406.42,411.1,39492
2021-01-19 19:00:00,410.69,411.95,408.66,409.8,40523
2021-01-19 20:00:00,409.56,411.82,408.91,411.49,56377
2021-01-19 21:00:00,411.51,411.72,408.25,410.87,89318
2021-01-19 22:00:00,410.94,413.68,409.9,411.62,115117
2021-01-20 16:00:00,412.83,413.25,408.82,410.17,43198
2021-01-20 17:00:00,410.0,417.14,409.18,414.44,58022
2021-01-20 18:00:00,414.23,418.37,414.23,418.37,20624
2021-01-20 19:00:00,418.48,423.37,418.48,420.51,18018
2021-01-20 20:00:00,420.31,421.52,419.03,420.03,22018
2021-01-20 21:00:00,420.04,420.31,418.95,419.7,22309
2021-01-20 22:00:00,419.69,420.97,418.02,418.58,80123
2021-01-21 16:00:00,419.0,421.99,417.97,418.67,24539
2021-01-21 17:00:00,418.51,421.81,418.02,419.47,38519
2021-01-21 18:00:00,419.74,419.78,417.34,419.51,47214
2021-01-21 19:00:00,419.22,419.22,415.93,416.42,32354
2021-01-21 20:00:00,416.35,419.16,415.68,416.44,30079
2021-01-21 21:00:00,416.94,417.14,415.14,416.36,27944
2021-01-21 22:00:00,416.39,417.12,414.19,414.49,58678
2021-01-22 16:00:00,414.49,416.58,412.02,413.77,10921
2021-01-22 17:00:00,414.6,415.82,411.45,412.08,25871
2021-01-22 18:00:00,412.27,412.91,409.83,412.32,36520
2021-01-22 19:00:00,412.19,414.02,411.87,412.81,21953
2021-01-22 20:00:00,412.81,413.01,411.89,411.89,11714
2021-01-22 21:00:00,411.56,413.97,411.31,413.69,28631
2021-01-22 22:00:00,413.65,413.88,411.56,411.88,98599
2021-01-25 16:00:00,411.9,414.99,409.39,409.9,61904
2021-01-25 17:00:00,410.18,410.61,405.0,405.0,59181
2021-01-25 18:00:00,405.25,405.69,400.16,400.73,73924
2021-01-25 19:00:00,401.18,405.3,401.18,404.72,99509
2021-01-25 20:00:00,405.46,406.88,404.62,405.98,24938
2021-01-25 21:00:00,405.65,405.94,404.19,404.43,33605
2021-01-25 22:00:00,404.53,404.75,402.21,403.49,93853
2021-01-26 16:00:00,406.4,406.4,398.01,402.1,49811
2021-01-26 17:00:00,401.92,402.33,400.42,401.77,99399
2021-01-26 18:00:00,401.9,402.63,400.77,401.44,69105
2021-01-26 19:00:00,401.54,403.6,401.35,402.0,119214
2021-01-26 20:00:00,402.0,404.08,401.9,404.08,127188
2021-01-26 21:00:00,404.19,404.94,402.8,404.55,105057
2021-01-26 22:00:00,404.64,407.76,403.14,404.8,159233
2021-01-27 16:00:00,400.16,401.31,395.27,399.91,48396
2021-01-27 17:00:00,399.74,403.67,397.3,397.62,52775
2021-01-27 18:00:00,397.54,398.19,394.48,394.95,49287
2021-01-27 19:00:00,395.3,398.05,394.27,398.05,46466
2021-01-27 20:00:00,398.19,401.19,397.32,398.31,26223
2021-01-27 21:00:00,399.09,400.16,393.11,393.4,51216
2021-01-27 22:00:00,393.49,395.64,390.7,393.42,169449
2021-01-28 16:00:00,383.53,400.87,380.0,392.79,45632
2021-01-28 17:00:00,392.79,394.6,383.02,391.85,68782
2021-01-28 18:00:00,393.32,397.17,386.15,388.08,75093
2021-01-28 19:00:00,387.62,391.12,385.51,390.84,160790
2021-01-28 20:00:00,391.04,395.91,386.91,393.51,160421
2021-01-28 21:00:00,393.39,394.66,389.07,392.32,121082
2021-01-28 22:00:00,392.31,398.19,391.09,394.79,188848
2021-01-29 16:00:00,392.78,394.99,387.45,388.27,34049
2021-01-29 17:00:00,388.9,390.87,384.98,386.98,56679
2021-01-29 18:00:00,387.13,387.72,380.36,384.7,42901
2021-01-29 19:00:00,384.23,386.34,380.26,382.67,51086
2021-01-29 20:00:00,381.92,382.96,380.24,380.41,47940
2021-01-29 21:00:00,380.62,385.87,380.62,385.16,56779
2021-01-29 22:00:00,385.27,397.91,385.27,395.29,273740
2021-02-01 16:00:00,405.68,407.25,400.41,401.86,47034
2021-02-01 17:00:00,401.87,410.61,400.73,404.82,39351
2021-02-01 18:00:00,405.46,412.55,404.92,410.52,25490
2021-02-01 19:00:00,410.58,413.81,410.58,412.03,43112
2021-02-01 20:00:00,412.09,414.75,410.65,413.85,37264
2021-02-01 21:00:00,413.9,416.12,413.53,415.57,48595
2021-02-01 22:00:00,415.63,417.93,413.55,416.25,171727
2021-02-02 16:00:00,420.03,427.44,418.5,426.17,67243
2021-02-02 17:00:00,426.79,431.65,426.17,427.95,145297
2021-02-02 18:00:00,427.74,432.31,427.74,431.17,72705
2021-02-02 19:00:00,431.36,432.05,430.24,431.53,48182
2021-02-02 20:00:00,431.7,431.85,430.35,431.51,30984
2021-02-02 21:00:00,431.34,431.74,427.31,427.71,24623
2021-02-02 22:00:00,427.68,427.83,425.0,425.08,68463
2021-02-03 16:00:00,423.38,426.19,421.55,422.08,18467
2021-02-03 17:00:00,421.35,424.89,420.06,420.06,25684
2021-02-03 18:00:00,420.06,424.36,417.64,423.85,47270
2021-02-03 19:00:00,423.27,426.77,422.26,422.98,140870
2021-02-03 20:00:00,422.77,425.15,421.71,423.44,17534
2021-02-03 21:00:00,423.27,424.12,419.76,419.76,21832
2021-02-03 22:00:00,419.78,419.98,415.58,417.21,84733
2021-02-04 16:00:00,418.12,423.87,418.12,422.76,32528
2021-02-04 17:00:00,422.79,430.46,421.32,427.94,74763
2021-02-04 18:00:00,427.82,430.95,427.27,430.54,31391
2021-02-04 19:00:00,430.58,430.73,428.35,429.48,15965
2021-02-04 20:00:00,429.45,431.88,428.89,431.56,17917
2021-02-04 21:00:00,431.58,432.8,430.19,431.38,24210
2021-02-04 22:00:00,431.03,431.37,428.14,430.33,55623
2021-02-05 16:00:00,430.15,433.15,427.74,433.0,24043
2021-02-05 17:00:00,433.22,433.22,430.12,431.8,49924
2021-02-05 18:00:00,431.84,432.39,428.74,432.25,16591
2021-02-05 19:00:00,432.26,433.32,430.56,431.42,22588
2021-02-05 20:00:00,431.81,432.62,430.15,431.51,25685
2021-02-05 21:00:00,431.9,432.74,430.1,430.1,34915
2021-02-05 22:00:00,430.13,432.56,429.54,429.54,80095
2021-02-08 16:00:00,431.49,434.74,428.2,428.86,17240
2021-02-08 17:00:00,428.88,429.19,426.0,427.14,24093
2021-02-08 18:00:00,427.03,427.03,421.46,423.68,36178
2021-02-08 19:00:00,423.64,427.39,422.81,422.81,29694
2021-02-08 20:00:00,422.8,424.07,422.12,422.18,15287
2021-02-08 21:00:00,422.38,423.41,421.61,421.8,13347
2021-02-08 22:00:00,421.94,422.73,419.96,422.73,49050
2021-02-09 16:00:00,423.35,429.26,423.21,424.29,12017
2021-02-09 17:00:00,423.71,428.26,423.64,425.27,27711
2021-02-09 18:00:00,425.42,425.42,421.36,421.78,16415
2021-02-09 19:00:00,421.8,421.8,418.52,418.82,13772
2021-02-09 20:00:00,418.72,419.18,417.22,418.5,13852
2021-02-09 21:00:00,419.39,419.39,414.66,414.77,31077
2021-02-09 22:00:00,414.92,417.99,414.58,417.98,71577
2021-02-10 16:00:00,422.1,422.1,416.03,416.32,11914
2021-02-10 17:00:00,416.42,416.62,411.41,413.46,36606
2021-02-10 18:00:00,413.05,414.18,410.3,411.0,21299
2021-02-10 19:00:00,410.65,415.5,409.84,415.13,63202
2021-02-10 20:00:00,415.12,416.36,414.34,415.98,21402
2021-02-10 21:00:00,416.27,418.14,415.87,416.54,32762
2021-02-10 22:00:00,416.62,419.83,416.62,419.66,92399
2021-02-11 16:00:00,422.02,422.61,416.55,418.95,44251
2021-02-11 17:00:00,418.95,420.2,416.99,419.3,50513
2021-02-11 18:00:00,419.34,425.39,418.6,425.39,27958
2021-02-11 19:00:00,425.34,427.71,423.9,427.17,37542
2021-02-11 20:00:00,426.2,426.88,424.44,424.46,23196
2021-02-11 21:00:00,424.47,427.72,423.92,427.45,23709
2021-02-11 22:00:00,427.4,427.4,424.37,426.66,50206
2021-02-12 16:00:00,424.04,431.68,424.04,431.68,11630
2021-02-12 17:00:00,431.84,432.65,430.52,431.85,16345
2021-02-12 18:00:00,431.72,434.23,431.4,433.24,13041
2021-02-12 19:00:00,433.64,434.32,432.18,432.8,8690
2021-02-12 20:00:00,432.96,434.66,431.87,434.04,19877
2021-02-12 21:00:00,434.0,434.33,432.34,432.36,17408
2021-02-12 22:00:00,432.48,435.2,431.98,434.27,61717
2021-02-16 16:00:00,439.19,445.6,436.46,442.96,45027
2021-02-16 17:00:00,442.49,445.03,441.84,442.68,35116
2021-02-16 18:00:00,442.51,443.64,441.09,442.96,24634
2021-02-16 19:00:00,442.66,443.72,440.73,442.21,35653
2021-02-16 20:00:00,442.13,442.62,440.91,441.33,35046
2021-02-16 21:00:00,441.74,442.75,441.6,441.92,35262
2021-02-16 22:00:00,441.79,442.71,439.57,440.92,64861
2021-02-17 16:00:00,436.48,441.86,435.09,441.86,28772
2021-02-17 17:00:00,441.32,442.71,435.54,438.33,31576
2021-02-17 18:00:00,438.22,439.18,436.32,436.96,23105
2021-02-17 19:00:00,437.07,439.92,436.89,438.94,20252
2021-02-17 20:00:00,439.11,439.47,437.56,438.59,24975
2021-02-17 21:00:00,438.65,439.57,438.33,438.6,12945
2021-02-17 22:00:00,438.55,440.09,437.85,439.47,80970
2021-02-18 16:00:00,436.47,444.41,436.39,441.89,22669
2021-02-18 17:00:00,441.18,443.34,439.67,442.31,29637
2021-02-18 18:00:00,442.47,442.52,439.81,440.51,21431
2021-02-18 19:00:00,440.68,441.26,439.27,440.55,29103
2021-02-18 20:00:00,440.71,442.21,439.87,440.5,23042
2021-02-18 21:00:00,440.59,442.32,440.08,441.23,22764
2021-02-18 22:00:00,440.92,441.2,437.15,437.7,75471
2021-02-19 16:00:00,439.43,442.86,438.77,439.08,50462
2021-02-19 17:00:00,438.91,439.77,436.39,439.29,26762
2021-02-19 18:00:00,438.67,439.67,438.03,438.91,29827
2021-02-19 19:00:00,438.91,440.5,438.64,439.61,24293
2021-02-19 20:00:00,439.52,440.88,436.92,437.11,20502
2021-02-19 21:00:00,437.31,437.81,433.58,433.94,25595
2021-02-19 22:00:00,433.72,434.99,431.98,432.86,72501
2021-02-22 16:00:00,427.6,429.74,416.36,418.29,34416
2021-02-22 17:00:00,419.68,422.05,416.43,417.49,33693
2021-02-22 18:00:00,417.0,417.35,414.45,415.4,20614
2021-02-22 19:00:00,415.85,417.33,412.8,415.75,32365
2021-02-22 20:00:00,415.12,415.32,412.57,414.39,21006
2021-02-22 21:00:00,414.31,415.84,413.67,415.05,17197
2021-02-22 22:00:00,415.05,415.05,412.1,413.55,59835
2021-02-23 16:00:00,411.87,411.87,404.67,406.32,22400
2021-02-23 17:00:00,406.0,412.06,405.2,411.93,18363
2021-02-23 18:00:00,412.07,414.15,409.68,409.98,22567
2021-02-23 19:00:00,408.52,408.79,406.67,406.96,12968
2021-02-23 20:00:00,407.07,410.95,407.07,410.6,25084
2021-02-23 21:00:00,410.35,411.68,409.01,411.68,17690
2021-02-23 22:00:00,411.4,416.52,411.16,414.87,70472
2021-02-24 16:00:00,411.87,415.48,407.42,408.38,25484
2021-02-24 17:00:00,409.06,410.47,405.45,409.05,43888
2021-02-24 18:00:00,409.05,414.09,409.05,413.64,83377
2021-02-24 19:00:00,414.34,414.36,412.29,413.78,11217
2021-02-24 20:00:00,413.73,417.55,413.49,417.22,16693
2021-02-24 21:00:00,417.06,417.45,415.2,416.32,17072
2021-02-24 22:00:00,416.14,417.55,414.73,417.1,74124
2021-02-25 16:00:00,417.8,420.5,413.09,420.25,45806
2021-02-25 17:00:00,420.0,420.0,412.03,414.85,32568
2021-02-25 18:00:00,414.87,415.12,404.81,404.87,46886
2021-02-25 19:00:00,404.81,406.61,402.67,403.25,122151
2021-02-25 20:00:00,403.07,406.61,400.49,404.97,43684
2021-02-25 21:00:00,404.86,409.42,404.68,408.11,114571
2021-02-25 22:00:00,407.83,409.9,405.47,406.3,188244
2021-02-26 16:00:00,410.83,420.58,409.54,411.69,38680
2021-02-26 17:00:00,412.57,414.78,409.44,413.39,53786
2021-02-26 18:00:00,413.37,415.29,410.51,413.26,48425
2021-02-26 19:00:00,413.29,414.73,411.93,412.92,20585
2021-02-26 20:00:00,413.03,417.09,412.58,414.47,32755
2021-02-26 21:00:00,414.5,416.05,412.36,415.49,20383
2021-02-26 22:00:00,415.92,418.27,413.43,414.39,107466
2021-03-01 16:00:00,418.09,421.62,415.53,417.52,22461
2021-03-01 17:00:00,418.2,418.2,413.03,416.43,41612
2021-03-01 18:00:00,416.43,417.53,414.2,415.44,20563
2021-03-01 19:00:00,415.43,419.74,415.42,419.06,11148
2021-03-01 20:00:00,419.25,420.37,418.27,419.18,12611
2021-03-01 21:00:00,418.6,421.18,418.44,420.91,24474
2021-03-01 22:00:00,420.98,422.38,419.87,420.16,44038
2021-03-02 16:00:00,420.0,429.56,419.74,425.08,57690
2021-03-02 17:00:00,424.28,425.32,411.87,413.22,83555
2021-03-02 18:00:00,411.5,415.65,410.38,413.32,50488
2021-03-02 19:00:00,412.76,417.47,411.51,414.58,51273
2021-03-02 20:00:00,414.41,414.46,412.22,412.78,32951
2021-03-02 21:00:00,412.77,417.17,412.26,416.54,67755
2021-03-02 22:00:00,416.71,420.25,415.91,418.82,156657
2021-03-03 16:00:00,416.41,422.59,413.17,413.47,81024
2021-03-03 17:00:00,414.38,417.54,412.21,415.36,140689
2021-03-03 18:00:00,415.12,416.96,413.71,414.73,50331
2021-03-03 19:00:00,414.0,417.0,413.97,415.91,24875
2021-03-03 20:00:00,416.07,417.46,410.23,411.45,106731
2021-03-03 21:00:00,411.37,413.9,410.47,413.33,37247
2021-03-03 22:00:00,413.59,413.94,409.43,409.74,115499
2021-03-04 16:00:00,407.4,413.62,405.33,408.02,32225
2021-03-04 17:00:00,408.02,411.93,402.15,410.16,66450
2021-03-04 18:00:00,411.06,414.55,410.25,412.17,30678
2021-03-04 19:00:00,412.44,414.87,404.65,405.32,33450
2021-03-04 20:00:00,404.33,409.75,403.96,404.9,66479
2021-03-04 21:00:00,404.13,410.4,404.13,409.08,71530
2021-03-04 22:00:00,408.92,410.0,406.98,409.17,126492
2021-03-05 16:00:00,411.86,412.01,402.57,403.46,35859
2021-03-05 17:00:00,403.46,404.61,400.73,403.08,93742
2021-03-05 18:00:00,403.1,406.76,400.01,406.75,55931
2021-03-05 19:00:00,407.28,411.57,406.73,409.25,24144
2021-03-05 20:00:00,409.25,412.73,408.45,411.22,35063
2021-03-05 21:00:00,411.62,414.63,408.98,414.58,31051
2021-03-05 22:00:00,414.89,416.54,413.58,414.45,96040
2021-03-08 16:00:00,413.99,413.99,404.06,408.05,37220
2021-03-08 17:00:00,406.83,411.17,403.68,409.11,94957
2021-03-08 18:00:00,409.3,410.05,407.76,409.41,25875
2021-03-08 19:00:00,409.41,414.31,408.28,412.0,20779
2021-03-08 20:00:00,412.36,413.36,409.5,410.27,35431
2021-03-08 21:00:00,409.96,410.75,408.98,408.99,41846
2021-03-08 22:00:00,408.99,410.23,402.2,402.42,125518
2021-03-09 16:00:00,407.01,412.85,405.05,411.0,26456
2021-03-09 17:00:00,411.03,416.67,411.02,414.18,32657
2021-03-09 18:00:00,414.21,416.27,412.18,414.44,27855
2021-03-09 19:00:00,414.58,416.21,413.57,414.26,17901
2021-03-09 20:00:00,414.81,415.83,413.78,415.81,19196
2021-03-09 21:00:00,415.63,416.8,415.15,415.85,21787
2021-03-09 22:00:00,415.66,416.17,413.74,414.52,76170
2021-03-10 16:00:00,418.73,420.52,415.71,417.08,20932
2021-03-10 17:00:00,417.94,418.64,413.86,415.77,24255
2021-03-10 18:00:00,415.7,421.61,415.7,420.28,16543
2021-03-10 19:00:00,420.49,420.49,416.43,416.57,13568
2021-03-10 20:00:00,415.87,416.6,411.76,411.78,18177
2021-03-10 21:00:00,411.68,412.15,410.16,410.27,23853
2021-03-10 22:00:00,410.67,411.25,409.51,409.65,43508
2021-03-11 16:00:00,411.34,411.34,404.0,408.14,43428
2021-03-11 17:00:00,407.91,409.36,407.48,409.19,76080
2021-03-11 18:00:00,409.5,410.95,408.97,409.64,34923
2021-03-11 19:00:00,409.85,412.48,409.64,411.44,31134
2021-03-11 20:00:00,411.48,413.68,411.34,412.38,20911
2021-03-11 21:00:00,412.47,413.05,410.53,410.86,21042
2021-03-11 22:00:00,410.57,411.38,409.29,410.27,60889
2021-03-12 16:00:00,409.54,410.0,404.0,408.34,20081
2021-03-12 17:00:00,408.51,408.53,404.55,404.55,25442
2021-03-12 18:00:00,404.76,407.81,404.61,407.72,30006
2021-03-12 19:00:00,407.82,412.18,407.48,410.93,34158
2021-03-12 20:00:00,411.43,413.46,410.91,413.11,18443
2021-03-12 21:00:00,412.95,415.23,412.08,413.31,57553
2021-03-12 22:00:00,413.32,416.62,411.84,416.56,158668
2021-03-15 16:00:00,414.37,415.66,408.81,414.19,11073
2021-03-15 17:00:00,413.59,417.46,412.22,417.14,15483
2021-03-15 18:00:00,417.16,418.11,415.78,417.34,18047
2021-03-15 19:00:00,417.76,420.23,417.04,418.87,16085
2021-03-15 20:00:00,418.95,419.24,417.54,418.57,16912
2021-03-15 21:00:00,418.27,418.96,417.52,417.8,14894
2021-03-15 22:00:00,417.75,419.78,416.21,419.75,31408
2021-03-16 16:00:00,421.04,425.23,420.17,424.79,13905
2021-03-16 17:00:00,425.43,426.6,425.07,425.15,12723
2021-03-16 18:00:00,424.89,425.07,420.21,420.21,16609
2021-03-16 19:00:00,420.39,421.93,418.51,419.13,17638
2021-03-16 20:00:00,419.2,419.74,415.67,416.6,10775
2021-03-16 21:00:00,416.35,416.96,413.05,415.69,18647
2021-03-16 22:00:00,414.87,418.25,414.6,416.6,30170
2021-03-17 16:00:00,414.88,416.41,409.5,410.0,11144
2021-03-17 17:00:00,408.69,410.2,407.61,408.74,20313
2021-03-17 18:00:00,408.74,411.14,407.59,408.42,17685
2021-03-17 19:00:00,408.62,409.64,407.31,408.51,14535
2021-03-17 20:00:00,408.51,408.7,407.17,407.95,17576
2021-03-17 21:00:00,408.59,412.85,408.59,412.22,24268
2021-03-17 22:00:00,412.31,413.86,411.17,413.5,50102
2021-03-18 16:00:00,409.54,410.12,405.42,408.61,15492
2021-03-18 17:00:00,407.74,408.12,403.6,406.39,24445
2021-03-18 18:00:00,406.26,409.4,405.93,408.93,22248
2021-03-18 19:00:00,408.94,410.21,408.24,409.63,14433
2021-03-18 20:00:00,409.75,411.05,408.85,411.05,9158
2021-03-18 21:00:00,410.48,410.63,407.36,409.45,26115
2021-03-18 22:00:00,409.54,410.04,404.71,405.61,66287
2021-03-19 16:00:00,406.84,411.77,406.84,407.38,71748
2021-03-19 17:00:00,407.39,411.53,406.73,411.28,20274
2021-03-19 18:00:00,411.3,411.57,408.43,410.0,9163
2021-03-19 19:00:00,409.88,411.66,409.4,411.61,13479
2021-03-19 20:00:00,411.07,413.01,410.24,412.06,10784
2021-03-19 21:00:00,411.8,415.16,409.59,414.33,56856
2021-03-19 22:00:00,414.2,414.2,410.08,410.08,72483
2021-03-22 16:00:00,409.3,416.67,409.3,413.25,17207
2021-03-22 17:00:00,413.54,416.3,411.09,415.9,14422
2021-03-22 18:00:00,415.69,418.45,413.89,416.1,14301
2021-03-22 19:00:00,416.21,416.81,413.63,414.08,15742
2021-03-22 20:00:00,413.88,415.22,412.92,415.05,19625
2021-03-22 21:00:00,415.41,415.85,414.05,415.5,20039
2021-03-22 22:00:00,415.89,419.72,414.81,419.42,91070
2021-03-23 16:00:00,417.37,417.4,413.54,415.08,10667
2021-03-23 17:00:00,414.42,418.99,414.28,418.03,13724
2021-03-23 18:00:00,418.81,421.91,418.32,421.08,25201
2021-03-23 19:00:00,421.67,422.37,419.61,421.01,10954
2021-03-23 20:00:00,421.7,422.82,420.79,421.91,12128
2021-03-23 21:00:00,421.83,424.14,421.61,422.53,22801
2021-03-23 22:00:00,422.38,422.42,419.05,420.47,69031
2021-03-24 16:00:00,420.96,424.32,420.96,422.56,14506
2021-03-24 17:00:00,422.55,422.8,417.59,421.34,14287
2021-03-24 18:00:00,421.14,424.12,421.12,423.79,31043
2021-03-24 19:00:00,424.31,424.42,420.94,423.13,13442
2021-03-24 20:00:00,421.9,425.6,421.55,424.39,20939
2021-03-24 21:00:00,423.99,424.77,422.78,423.8,29336
2021-03-24 22:00:00,423.3,425.72,423.05,424.08,58055
2021-03-25 16:00:00,422.98,423.89,415.07,415.31,17445
2021-03-25 17:00:00,415.5,417.23,412.65,413.65,33898
2021-03-25 18:00:00,413.74,414.53,410.97,412.68,20735
2021-03-25 19:00:00,412.09,412.77,408.59,409.9,27835
2021-03-25 20:00:00,409.44,411.65,408.72,410.26,25771
2021-03-25 21:00:00,410.02,412.61,409.08,412.21,23172
2021-03-25 22:00:00,412.25,413.75,411.73,412.11,61549
2021-03-26 16:00:00,412.5,415.99,411.93,415.69,11582
2021-03-26 17:00:00,416.76,419.8,415.16,417.75,16813
2021-03-26 18:00:00,417.25,419.4,413.94,419.4,15660
2021-03-26 19:00:00,419.71,421.14,418.6,420.0,15590
2021-03-26 20:00:00,420.34,423.56,419.7,422.56,19224
2021-03-26 21:00:00,422.45,424.59,420.16,421.89,40832
2021-03-26 22:00:00,421.74,425.36,420.69,424.88,117197
2021-03-29 16:00:00,423.35,425.84,420.77,420.92,16115
2021-03-29 17:00:00,421.17,422.06,418.36,418.85,26605
2021-03-29 18:00:00,418.7,426.24,418.29,425.25,19929
2021-03-29 19:00:00,425.08,427.54,423.48,426.52,22096
2021-03-29 20:00:00,426.57,428.58,425.79,427.7,14693
2021-03-29 21:00:00,427.64,427.67,425.38,425.38,11291
2021-03-29 22:00:00,425.88,428.16,425.58,426.4,40404
2021-03-30 16:00:00,422.21,423.24,419.55,419.55,5700
2021-03-30 17:00:00,419.12,419.12,415.4,416.73,15789
2021-03-30 18:00:00,416.39,420.02,414.23,419.93,20728
2021-03-30 19:00:00,420.36,421.16,418.65,419.23,15241
2021-03-30 20:00:00,419.03,420.36,418.77,419.45,12764
2021-03-30 21:00:00,419.17,421.24,418.92,421.24,10425
2021-03-30 22:00:00,420.68,420.95,416.42,417.76,34658
2021-03-31 16:00:00,418.87,420.31,416.64,418.68,8383
2021-03-31 17:00:00,419.53,424.25,419.5,422.85,14524
2021-03-31 18:00:00,423.03,423.54,420.62,423.54,9375
2021-03-31 19:00:00,423.53,425.35,423.18,423.98,8830
2021-03-31 20:00:00,424.11,425.01,423.77,424.36,9630
2021-03-31 21:00:00,424.08,424.08,420.92,421.14,17709
2021-03-31 22:00:00,421.46,422.24,418.65,419.25,59715
2021-04-01 16:00:00,423.62,434.85,421.74,434.17,30419
2021-04-01 17:00:00,435.0,439.46,434.22,434.91,42762
2021-04-01 18:00:00,435.01,436.63,432.76,433.88,20881
2021-04-01 19:00:00,434.31,434.83,432.33,432.43,11731
2021-04-01 20:00:00,433.14,433.42,430.95,431.56,16146
2021-04-01 21:00:00,431.58,431.89,429.54,429.82,18085
2021-04-01 22:00:00,429.58,429.77,427.43,429.09,75905
2021-04-05 16:00:00,431.39,434.02,428.97,433.3,10868
2021-04-05 17:00:00,433.5,435.76,431.91,434.45,21156
2021-04-05 18:00:00,434.58,436.89,434.27,436.25,10670
2021-04-05 19:00:00,436.22,438.38,436.06,436.86,12995
2021-04-05 20:00:00,437.13,437.14,435.25,435.72,15486
2021-04-05 21:00:00,435.63,442.08,435.45,441.01,34334
2021-04-05 22:00:00,440.92,443.1,438.65,440.97,115541
2021-04-06 16:00:00,441.07,441.71,435.37,436.57,13188
2021-04-06 17:00:00,437.51,439.84,436.89,439.14,11148
2021-04-06 18:00:00,439.15,441.73,439.15,441.73,9589
2021-04-06 19:00:00,440.92,442.49,440.83,441.81,6171
2021-04-06 20:00:00,441.26,441.48,439.55,440.4,5447
2021-04-06 21:00:00,440.38,441.91,440.19,441.37,8543
2021-04-06 22:00:00,441.39,441.85,438.86,439.89,33558
2021-04-07 16:00:00,437.5,438.26,433.25,437.76,5398
2021-04-07 17:00:00,437.55,440.74,437.34,440.74,6675
2021-04-07 18:00:00,441.31,441.31,438.92,440.19,8766
2021-04-07 19:00:00,439.78,440.1,437.48,438.1,5376
2021-04-07 20:00:00,437.33,439.73,437.33,439.56,9159
2021-04-07 21:00:00,439.47,440.23,437.29,437.68,17065
2021-04-07 22:00:00,437.46,438.61,436.65,437.49,34456
2021-04-08 16:00:00,442.84,450.99,442.28,445.0,19325
2021-04-08 17:00:00,445.02,446.69,440.02,440.33,51581
2021-04-08 18:00:00,441.12,442.17,440.02,440.56,13609
2021-04-08 19:00:00,439.99,441.65,439.99,440.97,6548
2021-04-08 20:00:00,440.77,444.62,440.56,443.57,9648
2021-04-08 21:00:00,444.29,445.39,444.04,444.96,6331
2021-04-08 22:00:00,445.0,445.38,444.22,444.95,21350
2021-04-09 16:00:00,444.39,445.17,440.34,444.87,11410
2021-04-09 17:00:00,444.56,447.53,444.56,444.71,9272
2021-04-09 18:00:00,445.19,446.07,443.24,444.27,14841
2021-04-09 19:00:00,443.99,444.61,443.0,443.0,19037
2021-04-09 20:00:00,442.8,446.56,442.16,446.34,17866
2021-04-09 21:00:00,446.4,446.72,443.66,444.2,11777
2021-04-09 22:00:00,444.57,448.59,444.21,448.04,27174
2021-04-12 16:00:00,445.8,446.35,442.48,444.02,14523
2021-04-12 17:00:00,444.93,450.42,444.93,450.26,14488
2021-04-12 18:00:00,450.23,452.78,450.23,452.63,9936
2021-04-12 19:00:00,452.62,454.17,452.34,453.81,14883
2021-04-12 20:00:00,453.52,454.33,452.55,453.76,12562
2021-04-12 21:00:00,453.67,454.8,452.17,453.12,13695
2021-04-12 22:00:00,453.29,454.01,451.9,453.13,60640
2021-04-13 16:00:00,453.17,458.76,450.72,455.9,17122
2021-04-13 17:00:00,455.83,460.39,455.83,459.18,22808
2021-04-13 18:00:00,459.51,460.54,458.04,460.54,14818
2021-04-13 19:00:00,460.67,461.99,459.71,460.24,19102
2021-04-13 20:00:00,460.76,461.89,459.32,460.39,30614
2021-04-13 21:00:00,460.2,461.61,459.83,461.47,8832
2021-04-13 22:00:00,461.8,461.8,459.19,459.96,40528
2021-04-14 16:00:00,461.05,467.68,460.6,466.89,41369
2021-04-14 17:00:00,467.02,467.23,460.0,461.57,71616
2021-04-14 18:00:00,461.04,463.98,460.37,463.98,13228
2021-04-14 19:00:00,463.89,463.89,461.25,463.29,15685
2021-04-14 20:00:00,463.69,464.72,460.05,460.05,14573
2021-04-14 21:00:00,460.48,460.68,457.72,458.49,7892
2021-04-14 22:00:00,458.01,461.66,457.07,457.42,81310
2021-04-15 16:00:00,460.0,468.67,460.0,467.5,16105
2021-04-15 17:00:00,467.92,470.55,466.62,469.61,21768
2021-04-15 18:00:00,469.42,470.67,467.5,467.5,15374
2021-04-15 19:00:00,467.17,468.0,466.78,467.7,7544
2021-04-15 20:00:00,467.77,467.77,466.41,466.41,10773
2021-04-15 21:00:00,466.09,467.6,464.54,467.6,13503
2021-04-15 22:00:00,467.29,469.91,466.39,469.82,62034
2021-04-16 16:00:00,472.94,473.72,470.01,472.19,28839
2021-04-16 17:00:00,472.61,472.61,465.67,467.68,18612
2021-04-16 18:00:00,467.82,468.97,466.32,468.97,14301
2021-04-16 19:00:00,468.98,470.24,468.62,468.78,9420
2021-04-16 20:00:00,469.03,470.69,468.6,470.18,10683
2021-04-16 21:00:00,470.2,471.84,470.1,471.65,10345
2021-04-16 22:00:00,471.51,474.46,471.51,473.8,49281
2021-04-19 16:00:00,469.31,473.82,469.31,470.51,14852
2021-04-19 17:00:00,471.32,471.35,467.58,469.14,13235
2021-04-19 18:00:00,469.71,470.27,467.07,467.56,9894
2021-04-19 19:00:00,467.75,468.17,464.58,464.72,14730
2021-04-19 20:00:00,465.06,466.93,464.91,466.13,25657
2021-04-19 21:00:00,466.61,469.17,466.02,468.25,14687
2021-04-19 22:00:00,467.98,468.21,466.63,468.21,40032
2021-04-20 16:00:00,466.4,470.84,464.29,470.55,14690
2021-04-20 17:00:00,470.63,470.63,465.89,466.33,13841
2021-04-20 18:00:00,465.95,465.98,462.81,462.88,17650
2021-04-20 19:00:00,462.88,465.07,462.88,463.56,9104
2021-04-20 20:00:00,463.37,465.24,463.37,465.24,9732
2021-04-20 21:00:00,465.0,467.16,465.0,466.72,8850
2021-04-20 22:00:00,466.94,468.8,466.71,467.99,23104
2021-04-21 16:00:00,471.21,472.78,467.95,470.97,8955
2021-04-21 17:00:00,471.52,474.13,471.0,473.83,9247
2021-04-21 18:00:00,473.3,475.11,471.7,474.72,15463
2021-04-21 19:00:00,474.27,474.41,470.51,470.84,4760
2021-04-21 20:00:00,470.72,471.42,468.57,469.23,17395
2021-04-21 21:00:00,469.49,469.77,468.34,469.18,14509
2021-04-21 22:00:00,469.1,471.18,467.83,471.16,42531
2021-04-22 16:00:00,469.22,471.02,466.31,469.11,35036
2021-04-22 17:00:00,468.74,471.87,467.88,470.82,11585
2021-04-22 18:00:00,471.1,473.42,471.1,471.98,23039
2021-04-22 19:00:00,472.07,474.38,471.86,474.38,16022
2021-04-22 20:00:00,474.7,474.7,468.27,468.32,17057
2021-04-22 21:00:00,468.08,471.73,467.7,470.92,14147
2021-04-22 22:00:00,471.25,471.92,469.78,471.03,21372
2021-04-23 16:00:00,472.67,477.23,472.05,474.79,6248
2021-04-23 17:00:00,473.9,478.49,473.9,477.83,59847
2021-04-23 18:00:00,477.63,483.53,477.61,483.35,44419
2021-04-23 19:00:00,483.4,488.21,483.4,487.03,31317
2021-04-23 20:00:00,487.12,488.14,486.32,487.06,16326
2021-04-23 21:00:00,486.56,486.93,485.96,486.85,9515
2021-04-23 22:00:00,486.8,488.36,486.13,486.33,52668
2021-04-26 16:00:00,485.79,488.63,484.9,488.52,28478
2021-04-26 17:00:00,488.41,488.87,485.69,485.69,40987
2021-04-26 18:00:00,485.47,487.25,483.43,484.91,14753
2021-04-26 19:00:00,484.65,486.0,483.52,485.97,16415
2021-04-26 20:00:00,487.01,489.37,486.88,488.79,52958
2021-04-26 21:00:00,488.67,489.64,488.08,489.11,20654
2021-04-26 22:00:00,489.11,490.19,485.71,486.52,69173
2021-04-27 16:00:00,487.45,489.79,476.98,476.98,25068
2021-04-27 17:00:00,477.55,480.92,476.96,480.0,22025
2021-04-27 18:00:00,479.67,484.88,479.67,484.44,23694
2021-04-27 19:00:00,484.42,486.2,483.38,486.2,20800
2021-04-27 20:00:00,485.83,489.09,484.57,488.64,20061
2021-04-27 21:00:00,488.41,489.62,487.12,489.48,16108
2021-04-27 22:00:00,489.09,490.02,485.39,487.49,71341
2021-04-28 16:00:00,489.0,489.0,480.0,480.25,13817
2021-04-28 17:00:00,481.02,486.92,481.02,483.5,12521
2021-04-28 18:00:00,483.63,486.49,482.81,483.62,12661
2021-04-28 19:00:00,483.4,484.16,482.81,483.06,12165
2021-04-28 20:00:00,483.07,483.15,480.47,481.34,22983
2021-04-28 21:00:00,481.23,484.27,479.81,483.6,30825
2021-04-28 22:00:00,483.59,484.98,483.2,484.25,51481
2021-04-29 16:00:00,487.12,488.61,483.62,486.49,16979
2021-04-29 17:00:00,485.94,489.01,483.66,487.74,16503
2021-04-29 18:00:00,487.39,488.86,486.6,488.16,12346
2021-04-29 19:00:00,488.69,490.07,488.43,489.91,22976
2021-04-29 20:00:00,489.94,490.78,489.36,490.01,21989
2021-04-29 21:00:00,490.41,494.52,490.31,494.15,14606
2021-04-29 22:00:00,494.07,495.16,493.19,494.83,48281
2021-04-30 16:00:00,488.07,493.73,486.04,486.04,18093
2021-04-30 17:00:00,486.16,486.16,482.47,482.47,25920
2021-04-30 18:00:00,482.36,487.58,482.24,487.07,22148
2021-04-30 19:00:00,487.19,488.41,484.95,484.95,13731
2021-04-30 20:00:00,485.25,485.29,483.3,483.49,21682
2021-04-30 21:00:00,483.7,484.81,482.87,483.14,26700
2021-04-30 22:00:00,483.71,485.78,482.56,485.77,49857
2021-05-03 16:00:00,486.98,486.98,481.32,482.39,9347
2021-05-03 17:00:00,483.23,486.01,482.06,486.01,7812
2021-05-03 18:00:00,486.79,487.67,484.79,487.67,8153
2021-05-03 19:00:00,488.78,489.27,487.4,487.63,5208
2021-05-03 20:00:00,487.93,489.64,487.92,489.11,9649
2021-05-03 21:00:00,488.8,488.8,486.34,487.42,12501
2021-05-03 22:00:00,487.6,487.6,484.67,486.29,24069
2021-05-04 16:00:00,482.29,487.03,482.03,482.22,15721
2021-05-04 17:00:00,482.17,482.52,476.87,477.49,51063
2021-05-04 18:00:00,477.37,478.69,475.65,476.46,12367
2021-05-04 19:00:00,476.46,476.94,475.75,476.7,14387
2021-05-04 20:00:00,476.54,479.53,476.36,477.13,15959
2021-05-04 21:00:00,477.28,479.54,477.01,478.44,15999
2021-05-04 22:00:00,478.43,483.07,478.43,482.5,61738
2021-05-05 16:00:00,485.63,485.63,478.32,479.29,10870
2021-05-05 17:00:00,478.19,478.78,472.09,474.58,20875
2021-05-05 18:00:00,474.79,478.34,474.79,477.74,11722
2021-05-05 19:00:00,477.65,478.81,476.99,477.7,11064
2021-05-05 20:00:00,478.16,478.75,477.46,477.99,11937
2021-05-05 21:00:00,477.93,478.66,477.53,478.59,15679
2021-05-05 22:00:00,478.73,480.04,477.85,478.23,36682
2021-05-06 16:00:00,479.14,479.14,473.82,476.16,13173
2021-05-06 17:00:00,476.38,476.99,470.24,471.93,25597
2021-05-06 18:00:00,471.46,475.48,469.5,474.73,13200
2021-05-06 19:00:00,474.75,476.7,474.7,476.34,10798
2021-05-06 20:00:00,476.43,476.43,473.15,473.3,5545
2021-05-06 21:00:00,473.09,473.64,472.06,472.56,10045
2021-05-06 22:00:00,472.59,476.12,472.27,475.9,37539
2021-05-07 16:00:00,478.0,482.28,475.0,481.11,13467
2021-05-07 17:00:00,480.89,483.84,480.0,482.1,13673
2021-05-07 18:00:00,481.99,484.35,481.99,483.83,12497
2021-05-07 19:00:00,483.62,483.62,481.16,481.47,10159
2021-05-07 20:00:00,480.74,482.96,480.26,480.84,6446
2021-05-07 21:00:00,480.4,483.18,480.34,481.77,8004
2021-05-07 22:00:00,482.23,483.84,481.47,481.84,28107
2021-05-10 16:00:00,482.11,482.46,480.04,482.31,6455
2021-05-10 17:00:00,482.76,486.14,480.58,485.06,10922
2021-05-10 18:00:00,484.85,485.28,482.89,483.51,6816
2021-05-10 19:00:00,484.32,484.64,482.35,482.35,5731
2021-05-10 20:00:00,481.84,483.25,480.05,480.05,8309
2021-05-10 21:00:00,480.12,480.39,477.11,477.86,11504
2021-05-10 22:00:00,477.89,480.44,476.53,476.98,42988
2021-05-11 16:00:00,471.23,473.69,467.6,469.81,14793
2021-05-11 17:00:00,469.75,473.21,462.58,466.9,24058
2021-05-11 18:00:00,466.81,473.52,464.84,473.52,22342
2021-05-11 19:00:00,473.31,474.6,470.97,471.57,10275
2021-05-11 20:00:00,471.61,475.18,471.6,473.38,15524
2021-05-11 21:00:00,473.71,474.58,471.98,473.29,16853
2021-05-11 22:00:00,473.18,473.73,470.68,472.78,65602
2021-05-12 16:00:00,466.4,469.61,466.4,469.61,20921
2021-05-12 17:00:00,468.27,470.64,461.37,463.69,71560
2021-05-12 18:00:00,464.83,466.5,461.09,461.09,15692
2021-05-12 19:00:00,460.35,462.59,459.94,461.4,19977
2021-05-12 20:00:00,461.4,462.59,460.71,461.61,14341
2021-05-12 21:00:00,461.24,463.65,460.52,463.08,26893
2021-05-12 22:00:00,462.75,462.75,459.02,460.37,69797
2021-05-13 16:00:00,461.57,467.47,460.65,467.47,15809
2021-05-13 17:00:00,468.01,468.41,463.99,467.84,10983
2021-05-13 18:00:00,467.36,468.02,465.43,465.85,7353
2021-05-13 19:00:00,466.0,466.93,464.65,464.73,19738
2021-05-13 20:00:00,464.74,465.08,462.08,463.0,18743
2021-05-13 21:00:00,463.42,464.88,462.72,463.4,12966
2021-05-13 22:00:00,462.8,463.74,460.97,461.09,61987
2021-05-14 16:00:00,464.79,464.79,460.54,462.91,11767
2021-05-14 17:00:00,463.58,464.97,461.34,462.9,27459
2021-05-14 18:00:00,463.35,464.99,462.8,464.77,46186
2021-05-14 19:00:00,465.19,466.07,464.72,465.47,16507
2021-05-14 20:00:00,465.51,465.6,464.5,465.35,13612
2021-05-14 21:00:00,465.34,466.59,464.84,466.51,12720
2021-05-14 22:00:00,466.39,466.44,463.43,463.72,71521
2021-05-17 16:00:00,463.46,463.46,457.15,458.71,13131
2021-05-17 17:00:00,458.13,458.36,455.66,457.41,11433
2021-05-17 18:00:00,457.52,458.76,456.75,457.32,10077
2021-05-17 19:00:00,456.77,457.7,455.78,456.31,23714
2021-05-17 20:00:00,456.56,456.59,455.21,455.81,26979
2021-05-17 21:00:00,455.45,457.59,455.11,457.04,8151
2021-05-17 22:00:00,457.37,458.23,454.66,455.78,62043
2021-05-18 16:00:00,455.27,456.71,450.79,451.82,18794
2021-05-18 17:00:00,452.2,456.59,450.57,455.54,23230
2021-05-18 18:00:00,455.79,456.49,453.36,453.64,13486
2021-05-18 19:00:00,453.74,456.25,453.57,456.08,22991
2021-05-18 20:00:00,456.39,457.26,455.9,456.24,13215
2021-05-18 21:00:00,456.37,457.79,454.62,456.33,21646
2021-05-18 22:00:00,456.4,457.04,453.6,453.64,56516
2021-05-19 16:00:00,446.72,448.07,443.01,447.72,28727
2021-05-19 17:00:00,447.58,448.51,444.02,447.22,25135
2021-05-19 18:00:00,447.01,447.54,444.92,446.04,13234
2021-05-19 19:00:00,445.73,448.54,445.44,448.32,26013
2021-05-19 20:00:00,448.18,448.89,444.83,444.92,17882
2021-05-19 21:00:00,444.94,447.94,443.0,444.76,21290
2021-05-19 22:00:00,444.76,448.24,444.11,447.69,60293
2021-05-20 16:00:00,450.17,455.9,448.76,455.0,13485
2021-05-20 17:00:00,454.76,458.36,454.22,456.72,42055
2021-05-20 18:00:00,456.72,459.24,456.18,458.59,21823
2021-05-20 19:00:00,458.36,460.26,457.0,459.4,12718
2021-05-20 20:00:00,459.53,460.92,458.5,458.79,11490
2021-05-20 21:00:00,459.02,459.96,458.59,459.15,16031
2021-05-20 22:00:00,458.79,460.71,456.77,457.52,62298
2021-05-21 16:00:00,457.83,461.19,456.15,459.55,21883
2021-05-21 17:00:00,459.68,460.16,458.16,458.96,11350
2021-05-21 18:00:00,459.28,459.64,457.87,458.42,9475
2021-05-21 19:00:00,458.24,458.85,456.56,456.9,5602
2021-05-21 20:00:00,457.12,458.17,456.88,457.51,12100
2021-05-21 21:00:00,457.68,458.35,457.12,458.01,6600
2021-05-21 22:00:00,458.23,459.22,456.69,456.69,36919
2021-05-24 16:00:00,459.72,465.0,459.38,464.23,5315
2021-05-24 17:00:00,463.98,468.17,463.04,468.17,17839
2021-05-24 18:00:00,467.6,468.04,464.62,464.62,8523
2021-05-24 19:00:00,464.71,465.23,463.0,463.78,4424
2021-05-24 20:00:00,463.92,464.73,463.53,464.32,8744
2021-05-24 21:00:00,464.25,464.77,463.09,463.44,10876
2021-05-24 22:00:00,463.44,464.29,462.72,463.15,33040
2021-05-25 16:00:00,464.73,468.11,463.3,465.44,12275
2021-05-25 17:00:00,465.49,468.77,465.26,468.24,18232
2021-05-25 18:00:00,468.71,470.22,466.42,468.21,11277
2021-05-25 19:00:00,468.73,468.84,467.05,468.78,9729
2021-05-25 20:00:00,468.69,469.14,467.65,468.12,11690
2021-05-25 21:00:00,467.92,468.05,463.86,464.07,16601
2021-05-25 22:00:00,463.99,465.11,463.29,464.64,38925
2021-05-26 16:00:00,470.54,470.54,465.08,468.49,15678
2021-05-26 17:00:00,467.74,470.7,467.01,470.56,13593
2021-05-26 18:00:00,470.67,471.27,468.96,469.37,10831
2021-05-26 19:00:00,469.27,470.0,468.9,469.23,6876
2021-05-26 20:00:00,469.01,469.22,466.48,467.61,27281
2021-05-26 21:00:00,467.63,468.01,466.82,466.82,8018
2021-05-26 22:00:00,466.83,467.5,464.12,464.94,43867
2021-05-27 16:00:00,463.7,468.2,461.03,461.95,14932
2021-05-27 17:00:00,462.0,467.9,461.12,467.13,33255
2021-05-27 18:00:00,467.17,467.3,463.85,465.78,58381
2021-05-27 19:00:00,465.76,466.4,463.86,464.2,32599
2021-05-27 20:00:00,464.21,465.1,463.2,465.01,15736
2021-05-27 21:00:00,464.75,464.89,463.21,463.51,17347
2021-05-27 22:00:00,463.66,464.82,462.41,464.6,50081
2021-05-28 16:00:00,467.86,469.52,463.47,468.98,9724
2021-05-28 17:00:00,469.39,470.7,469.3,470.0,13224
2021-05-28 18:00:00,469.94,472.62,469.94,471.92,9718
2021-05-28 19:00:00,471.61,472.28,469.32,469.57,5421
2021-05-28 20:00:00,469.91,470.47,467.48,467.68,9800
2021-05-28 21:00:00,467.67,468.61,467.67,468.24,4845
2021-05-28 22:00:00,467.98,469.21,467.75,468.15,29535
2021-06-01 16:00:00,471.13,472.63,469.31,469.41,9118
2021-06-01 17:00:00,469.37,469.38,463.63,464.75,19392
2021-06-01 18:00:00,464.75,467.67,463.43,467.19,21221
2021-06-01 19:00:00,466.9,467.23,464.16,464.9,8931
2021-06-01 20:00:00,465.01,465.04,463.25,463.92,9926
2021-06-01 21:00:00,464.15,464.66,463.51,464.15,11610
2021-06-01 22:00:00,464.12,464.61,461.13,461.98,77753
2021-06-02 16:00:00,462.01,466.51,462.01,466.51,4717
2021-06-02 17:00:00,466.15,467.52,465.1,465.72,13382
2021-06-02 18:00:00,466.07,467.56,464.74,466.26,10217
2021-06-02 19:00:00,466.95,468.57,466.04,467.75,8559
2021-06-02 20:00:00,468.02,469.8,467.56,469.3,11396
2021-06-02 21:00:00,469.51,471.45,468.52,468.81,21469
2021-06-02 22:00:00,468.98,469.73,468.0,469.12,51382
2021-06-03 16:00:00,467.0,467.03,462.92,464.06,9661
2021-06-03 17:00:00,462.41,463.85,458.49,461.0,14341
2021-06-03 18:00:00,461.73,465.74,461.73,464.19,8873
2021-06-03 19:00:00,464.33,465.11,462.38,464.72,17119
2021-06-03 20:00:00,464.91,465.21,463.13,463.35,9942
2021-06-03 21:00:00,462.62,462.81,461.79,462.66,7023
2021-06-03 22:00:00,462.27,463.56,461.67,462.07,34485
2021-06-04 16:00:00,465.07,465.08,462.03,464.97,6511
2021-06-04 17:00:00,464.31,465.47,460.03,462.16,20317
2021-06-04 18:00:00,462.1,464.2,460.55,461.42,16848
2021-06-04 19:00:00,461.4,462.39,461.22,461.55,3476
2021-06-04 20:00:00,461.72,461.91,460.56,461.16,3703
2021-06-04 21:00:00,461.26,463.67,461.26,463.56,6668
2021-06-04 22:00:00,463.36,467.23,463.36,466.28,37232
2021-06-07 16:00:00,467.11,468.41,465.65,467.15,16891
2021-06-07 17:00:00,466.19,467.99,464.18,467.79,8285
2021-06-07 18:00:00,467.38,467.38,464.48,465.97,26781
2021-06-07 19:00:00,465.56,467.33,465.56,465.59,9914
2021-06-07 20:00:00,465.68,466.49,465.36,466.48,5592
2021-06-07 21:00:00,466.58,466.77,465.45,465.52,39959
2021-06-07 22:00:00,465.42,465.74,463.25,464.31,49856
2021-06-07 23:00:00,464.31,464.37,464.31,464.37,41270
2021-06-08 16:00:00,464.61,465.55,463.64,465.05,32788
2021-06-08 17:00:00,465.05,466.6,461.43,462.06,23679
2021-06-08 18:00:00,462.01,462.83,460.86,462.83,22426
2021-06-08 19:00:00,462.79,463.38,462.37,462.78,12363
2021-06-08 20:00:00,463.08,463.96,462.26,462.48,8217
2021-06-08 21:00:00,462.6,463.15,462.59,463.03,6160
2021-06-08 22:00:00,463.07,464.42,462.82,463.16,25109
2021-06-08 23:00:00,463.3,463.37,463.3,463.37,35264
2021-06-09 16:00:00,465.09,465.09,460.96,462.68,5522
2021-06-09 17:00:00,463.01,463.01,460.74,462.48,35699
2021-06-09 18:00:00,461.81,463.67,461.48,463.62,8428
2021-06-09 19:00:00,463.72,467.01,463.72,466.21,25438
2021-06-09 20:00:00,466.27,468.2,466.27,467.7,6968
2021-06-09 21:00:00,467.82,467.91,465.96,466.28,5210
2021-06-09 22:00:00,466.26,466.79,465.59,465.59,31796
2021-06-09 23:00:00,465.59,465.83,465.45,465.83,32094
2021-06-10 16:00:00,466.65,469.19,464.88,469.18,12204
2021-06-10 17:00:00,469.4,473.42,468.84,472.19,43741
2021-06-10 18:00:00,472.21,478.96,471.76,477.86,62879
2021-06-10 19:00:00,477.7,479.35,476.55,477.95,19344
2021-06-10 20:00:00,477.89,478.57,475.49,478.57,9389
2021-06-10 21:00:00,478.33,478.74,477.22,478.18,14091
2021-06-10 22:00:00,477.95,477.95,475.14,476.54,52014
2021-06-10 23:00:00,476.44,476.81,476.08,476.46,33398
2021-06-11 16:00:00,477.9,482.95,477.01,481.7,10806
2021-06-11 17:00:00,481.85,482.03,477.96,480.0,25298
2021-06-11 18:00:00,479.91,480.41,477.59,478.05,10510
2021-06-11 19:00:00,478.47,478.91,477.77,478.47,7539
2021-06-11 20:00:00,478.51,478.54,476.61,477.08,10605
2021-06-11 21:00:00,476.79,479.29,476.79,479.11,10607
2021-06-11 22:00:00,478.94,479.62,478.0,479.07,41713
2021-06-11 23:00:00,479.08,479.51,479.08,479.51,27679
2021-06-14 16:00:00,480.33,481.44,478.73,480.65,6159
2021-06-14 17:00:00,480.76,485.79,480.76,484.96,16061
2021-06-14 18:00:00,485.59,488.51,485.12,488.31,44847
2021-06-14 19:00:00,488.46,489.27,487.73,488.26,13047
2021-06-14 20:00:00,488.39,489.38,487.75,489.23,11929
2021-06-14 21:00:00,489.3,489.68,488.93,489.68,7721
2021-06-14 22:00:00,489.57,490.95,487.64,490.91,47526
2021-06-14 23:00:00,490.69,490.92,490.49,490.76,30964
2021-06-15 16:00:00,491.98,493.49,488.69,491.85,12401
2021-06-15 17:00:00,492.02,494.67,491.59,494.0,12517
2021-06-15 18:00:00,493.86,498.58,493.86,498.58,25032
2021-06-15 19:00:00,498.54,500.54,498.48,500.14,74894
2021-06-15 20:00:00,499.93,500.07,496.6,496.92,22618
2021-06-15 21:00:00,496.9,497.27,495.53,496.61,28388
2021-06-15 22:00:00,496.8,497.35,493.89,494.94,66965
2021-06-15 23:00:00,494.91,495.07,494.91,495.0,54787
2021-06-16 16:00:00,498.74,506.06,497.37,504.51,17151
2021-06-16 17:00:00,505.08,505.46,499.13,499.13,23830
2021-06-16 18:00:00,499.14,500.99,498.19,499.03,44423
2021-06-16 19:00:00,498.93,501.57,498.93,501.41,22619
2021-06-16 20:00:00,501.26,501.95,496.42,496.59,32391
2021-06-16 21:00:00,496.17,497.18,492.87,495.26,60065
2021-06-16 22:00:00,495.26,497.99,495.16,496.05,50328
2021-06-16 23:00:00,496.11,496.11,495.5,495.9,123680
2021-06-17 16:00:00,494.84,500.13,494.84,499.13,7412
2021-06-17 17:00:00,499.63,504.42,495.49,503.48,19213
2021-06-17 18:00:00,503.51,504.24,499.6,502.73,26700
2021-06-17 19:00:00,502.75,505.0,502.26,504.36,19480
2021-06-17 20:00:00,504.68,505.0,502.98,503.55,16503
2021-06-17 21:00:00,503.73,504.03,502.58,503.72,13659
2021-06-17 22:00:00,503.23,506.27,502.4,505.32,53398
2021-06-17 23:00:00,505.44,505.62,505.29,505.54,71324
2021-06-18 16:00:00,503.64,504.74,500.93,502.06,76936
2021-06-18 17:00:00,502.6,503.95,499.32,502.42,21605
2021-06-18 18:00:00,502.33,502.61,498.04,500.52,39491
2021-06-18 19:00:00,500.74,504.5,500.32,502.35,13722
2021-06-18 20:00:00,502.81,504.11,501.92,503.13,14567
2021-06-18 21:00:00,503.28,505.09,503.15,504.43,12725
2021-06-18 22:00:00,504.79,506.4,503.73,504.97,105316
2021-06-18 23:00:00,504.37,504.37,502.65,502.9,191580
2021-06-21 16:00:00,505.0,505.14,496.75,501.97,27547
2021-06-21 17:00:00,502.49,512.54,502.29,512.33,20217
2021-06-21 18:00:00,512.0,516.71,512.0,514.85,30739
2021-06-21 19:00:00,514.68,515.5,513.12,514.74,11716
2021-06-21 20:00:00,514.53,516.47,513.77,515.7,14526
2021-06-21 21:00:00,515.36,515.9,514.23,515.46,23889
2021-06-21 22:00:00,515.06,516.34,514.34,515.78,45653
2021-06-21 23:00:00,515.8,515.81,515.3,515.59,57305
2021-06-22 16:00:00,514.54,519.0,513.31,516.97,20950
2021-06-22 17:00:00,516.51,521.6,516.5,519.89,27806
2021-06-22 18:00:00,519.55,522.73,518.9,521.1,29128
2021-06-22 19:00:00,521.1,523.46,520.72,523.3,22175
2021-06-22 20:00:00,523.27,523.88,521.22,522.53,51763
2021-06-22 21:00:00,522.23,523.72,522.13,522.41,54386
2021-06-22 22:00:00,522.59,524.13,521.95,522.8,64023
2021-06-22 23:00:00,522.73,522.75,522.19,522.19,114250
2021-06-23 16:00:00,521.67,523.11,521.03,522.21,15577
2021-06-23 17:00:00,522.24,524.56,522.01,523.87,20215
2021-06-23 18:00:00,524.12,524.37,522.82,523.07,18740
2021-06-23 19:00:00,522.75,524.91,522.7,524.2,20458
2021-06-23 20:00:00,524.2,524.95,522.85,523.97,27549
2021-06-23 21:00:00,523.74,525.36,523.37,524.66,18374
2021-06-23 22:00:00,524.57,525.78,523.2,523.66,56134
2021-06-23 23:00:00,523.81,523.88,523.81,523.86,38917
2021-06-24 16:00:00,527.81,529.9,524.63,526.53,23509
2021-06-24 17:00:00,527.02,527.9,525.03,527.07,32559
2021-06-24 18:00:00,526.86,527.89,524.32,526.41,45577
2021-06-24 19:00:00,526.33,529.9,526.33,529.9,35192
2021-06-24 20:00:00,530.45,531.73,529.43,529.95,24055
2021-06-24 21:00:00,530.05,531.6,528.98,530.76,27258
2021-06-24 22:00:00,530.62,533.63,528.85,533.29,135812
2021-06-24 23:00:00,533.08,533.08,533.08,533.08,50174
2021-06-25 16:00:00,532.38,534.95,525.15,526.99,19758
2021-06-25 17:00:00,526.71,527.42,521.8,525.89,37909
2021-06-25 18:00:00,526.06,529.17,524.74,528.65,13388
2021-06-25 19:00:00,528.14,531.45,528.14,530.03,10114
2021-06-25 20:00:00,529.77,530.42,528.17,528.85,19470
2021-06-25 21:00:00,528.87,530.22,528.41,528.78,25946
2021-06-25 22:00:00,528.78,535.32,527.46,531.49,75430
2021-06-25 23:00:00,531.44,532.04,531.43,531.75,362776
2021-06-28 16:00:00,534.98,535.82,531.59,532.67,12539
2021-06-28 17:00:00,532.77,533.73,529.13,529.65,22630
2021-06-28 18:00:00,529.49,531.73,527.81,531.73,22187
2021-06-28 19:00:00,531.48,532.04,529.73,530.3,22822
2021-06-28 20:00:00,530.43,535.19,530.3,534.77,23641
2021-06-28 21:00:00,534.76,534.91,533.52,534.72,32899
2021-06-28 22:00:00,534.33,535.08,533.25,534.09,46096
2021-06-28 23:00:00,534.08,534.47,534.08,534.47,58568
2021-06-29 16:00:00,533.52,536.45,531.94,533.78,21031
2021-06-29 17:00:00,533.95,538.77,532.27,537.26,23685
2021-06-29 18:00:00,537.05,538.1,536.1,536.21,20730
2021-06-29 19:00:00,536.56,539.69,536.18,539.11,14316
2021-06-29 20:00:00,539.36,543.25,539.36,543.02,44766
2021-06-29 21:00:00,543.07,543.29,540.88,541.32,16019
2021-06-29 22:00:00,541.31,543.01,540.83,542.29,49468
2021-06-29 23:00:00,542.12,542.23,542.06,542.17,24302
2021-06-30 16:00:00,540.14,542.02,540.14,540.98,7083
2021-06-30 17:00:00,540.87,541.03,538.32,540.67,28291
2021-06-30 18:00:00,540.76,541.6,539.3,539.6,15703
2021-06-30 19:00:00,539.31,539.46,537.74,538.53,8606
2021-06-30 20:00:00,538.09,538.35,534.03,535.15,32749
2021-06-30 21:00:00,535.04,536.0,534.47,534.53,51644
2021-06-30 22:00:00,534.53,536.01,532.54,533.5,45263
2021-06-30 23:00:00,533.52,533.65,532.96,533.08,81496
2021-07-01 16:00:00,532.49,535.86,532.4,535.86,22925
2021-07-01 17:00:00,534.68,534.68,532.0,532.74,24775
2021-07-01 18:00:00,532.92,534.3,531.88,534.21,5397
2021-07-01 19:00:00,534.04,534.32,531.63,532.34,7120
2021-07-01 20:00:00,532.08,534.46,532.08,533.63,11174
2021-07-01 21:00:00,534.04,534.39,533.83,534.32,33985
2021-07-01 22:00:00,534.36,534.81,533.08,533.5,54081
2021-07-01 23:00:00,533.66,534.08,533.66,534.03,36283
2021-07-02 16:00:00,536.73,537.31,535.61,536.72,9678
2021-07-02 17:00:00,536.7,537.0,535.1,536.83,14148
2021-07-02 18:00:00,536.79,538.21,534.68,537.58,26597
2021-07-02 19:00:00,537.91,538.58,537.38,538.33,4322
2021-07-02 20:00:00,538.5,540.16,538.39,539.42,12467
2021-07-02 21:00:00,539.76,541.01,539.42,539.48,5116
2021-07-02 22:00:00,539.37,542.02,538.21,541.99,41484
2021-07-02 23:00:00,542.0,542.09,541.67,541.91,34345
2021-07-06 16:00:00,543.3,546.05,542.01,542.62,24839
2021-07-06 17:00:00,543.1,544.43,541.39,542.3,36163
2021-07-06 18:00:00,542.23,547.13,542.13,546.79,18979
2021-07-06 19:00:00,546.57,547.58,545.33,547.49,15102
2021-07-06 20:00:00,547.41,547.68,545.65,546.56,6966
2021-07-06 21:00:00,546.59,549.02,546.57,548.44,9590
2021-07-06 22:00:00,548.5,551.63,547.95,549.96,35530
2021-07-06 23:00:00,549.94,550.02,549.92,550.02,49071
2021-07-07 16:00:00,552.68,555.66,550.72,553.28,15584
2021-07-07 17:00:00,553.46,557.16,550.02,552.5,20856
2021-07-07 18:00:00,551.67,554.81,551.45,551.53,21307
2021-07-07 19:00:00,552.33,555.0,552.33,553.25,10371
2021-07-07 20:00:00,553.31,555.02,553.0,554.86,11841
2021-07-07 21:00:00,555.09,556.44,554.47,555.9,7348
2021-07-07 22:00:00,555.93,556.36,554.72,555.75,24763
2021-07-07 23:00:00,555.46,555.89,555.36,555.77,41804
2021-07-08 16:00:00,551.66,552.01,548.51,551.59,17776
2021-07-08 17:00:00,552.1,552.53,546.21,546.71,34174
2021-07-08 18:00:00,546.88,551.57,545.99,551.23,14213
2021-07-08 19:00:00,551.07,553.26,551.07,553.25,16425
2021-07-08 20:00:00,552.65,554.07,551.31,552.47,11636
2021-07-08 21:00:00,552.14,553.23,550.9,552.8,20690
2021-07-08 22:00:00,552.91,554.85,552.09,553.67,41609
2021-07-08 23:00:00,554.24,554.29,553.53,553.54,51971
2021-07-09 16:00:00,555.98,558.72,552.85,553.82,29113
2021-07-09 17:00:00,555.42,556.21,552.89,554.52,7762
2021-07-09 18:00:00,555.51,556.08,553.81,555.3,7047
2021-07-09 19:00:00,555.26,556.5,554.07,555.3,9924
2021-07-09 20:00:00,555.5,559.3,555.05,557.17,31759
2021-07-09 21:00:00,557.4,559.46,557.24,558.74,17081
2021-07-09 22:00:00,559.0,560.37,558.57,560.13,30236
2021-07-09 23:00:00,560.31,560.39,560.06,560.23,46131
2021-07-12 16:00:00,561.0,563.46,558.0,558.53,8935
2021-07-12 17:00:00,558.83,559.91,556.52,558.39,17491
2021-07-12 18:00:00,558.13,560.08,556.58,557.44,16817
2021-07-12 19:00:00,557.36,559.22,556.8,558.77,17832
2021-07-12 20:00:00,558.56,558.56,556.8,557.47,7810
2021-07-12 21:00:00,557.64,560.09,557.26,558.2,12008
2021-07-12 22:00:00,557.98,560.74,557.9,560.08,18941
2021-07-12 23:00:00,560.12,560.13,559.68,559.95,27798
2021-07-13 16:00:00,559.64,567.01,556.0,557.58,12415
2021-07-13 17:00:00,558.28,561.74,556.85,561.66,12172
2021-07-13 18:00:00,561.95,562.07,556.41,558.28,20111
2021-07-13 19:00:00,557.32,558.87,556.29,558.6,5232
2021-07-13 20:00:00,558.5,558.5,555.37,556.69,7536
2021-07-13 21:00:00,555.38,557.04,554.99,556.89,8758
2021-07-13 22:00:00,557.13,558.97,556.83,557.59,23016
2021-07-13 23:00:00,557.59,557.86,557.34,557.57,38411
2021-07-14 16:00:00,558.09,558.82,555.06,555.93,8777
2021-07-14 17:00:00,555.68,559.79,554.83,558.95,10543
2021-07-14 18:00:00,557.31,557.31,552.55,552.88,20945
2021-07-14 19:00:00,552.9,554.27,551.9,554.12,7936
2021-07-14 20:00:00,554.02,555.08,553.11,555.07,4736
2021-07-14 21:00:00,555.25,556.47,555.25,556.21,3545
2021-07-14 22:00:00,556.38,556.38,554.39,555.26,31256
2021-07-14 23:00:00,555.31,555.32,555.0,555.19,22265
2021-07-15 16:00:00,554.17,557.59,553.69,556.69,7434
2021-07-15 17:00:00,556.98,559.39,556.54,558.27,22282
2021-07-15 18:00:00,557.98,563.4,557.98,562.42,10162
2021-07-15 19:00:00,562.52,563.7,562.33,563.09,7181
2021-07-15 20:00:00,563.35,564.0,560.32,560.43,9813
2021-07-15 21:00:00,560.59,561.65,559.7,560.28,10771
2021-07-15 22:00:00,560.32,560.33,558.51,559.82,27025
2021-07-15 23:00:00,559.82,559.87,559.82,559.85,50001
2021-07-16 16:00:00,560.4,564.72,559.53,564.03,15924
2021-07-16 17:00:00,563.73,566.57,562.25,565.47,7304
2021-07-16 18:00:00,565.65,568.09,564.9,568.09,20276
2021-07-16 19:00:00,568.94,571.95,568.94,570.45,11033
2021-07-16 20:00:00,569.66,570.17,568.62,569.47,8924
2021-07-16 21:00:00,569.93,569.93,568.14,568.2,10503
2021-07-16 22:00:00,567.86,568.01,564.18,564.19,75650
2021-07-16 23:00:00,564.55,564.83,564.36,564.83,38635
2021-07-19 16:00:00,560.2,564.7,559.62,563.28,13488
2021-07-19 17:00:00,562.73,562.92,551.24,555.02,26223
2021-07-19 18:00:00,555.56,560.18,555.44,559.98,11468
2021-07-19 19:00:00,559.03,559.03,552.61,554.47,10893
2021-07-19 20:00:00,554.46,555.76,551.86,555.13,13246
2021-07-19 21:00:00,555.47,558.42,555.47,558.12,8863
2021-07-19 22:00:00,557.01,557.61,555.54,557.47,58818
2021-07-19 23:00:00,556.51,557.26,556.51,556.84,50720
2021-07-20 16:00:00,559.61,559.98,557.04,559.49,10639
2021-07-20 17:00:00,559.67,564.42,556.81,564.22,9835
2021-07-20 18:00:00,564.04,564.93,560.84,561.51,13952
2021-07-20 19:00:00,562.0,564.96,562.0,564.96,5621
2021-07-20 20:00:00,565.48,565.61,563.71,565.61,5737
2021-07-20 21:00:00,566.0,566.85,563.88,565.17,13512
2021-07-20 22:00:00,565.06,567.25,563.37,563.57,28487
2021-07-20 23:00:00,563.38,563.57,563.38,563.57,50308
2021-07-21 16:00:00,564.05,567.44,564.05,566.99,6034
2021-07-21 17:00:00,566.93,567.34,562.4,566.64,8772
2021-07-21 18:00:00,565.89,566.86,564.64,566.86,6666
2021-07-21 19:00:00,566.47,567.1,565.76,566.78,6793
2021-07-21 20:00:00,566.49,570.18,565.91,566.46,16675
2021-07-21 21:00:00,566.68,566.82,564.33,565.52,8369
2021-07-21 22:00:00,565.4,565.91,563.19,564.87,27048
2021-07-21 23:00:00,564.86,564.86,564.86,564.86,36654
2021-07-22 16:00:00,566.96,568.5,565.71,567.56,4783
2021-07-22 17:00:00,567.76,573.87,567.76,572.7,14124
2021-07-22 18:00:00,572.73,573.58,568.62,569.51,6230
2021-07-22 19:00:00,569.91,570.12,567.82,569.99,5154
2021-07-22 20:00:00,569.63,570.37,568.18,570.26,5432
2021-07-22 21:00:00,570.19,572.14,569.36,570.82,9356
2021-07-22 22:00:00,570.79,572.75,570.13,571.91,19199
2021-07-22 23:00:00,572.42,572.43,572.15,572.15,18584
2021-07-23 16:00:00,573.43,576.68,572.17,575.76,6757
2021-07-23 17:00:00,575.71,576.61,574.19,576.46,10280
2021-07-23 18:00:00,576.02,578.67,575.99,577.18,4151
2021-07-23 19:00:00,576.81,577.46,576.32,577.01,3947
2021-07-23 20:00:00,577.65,578.48,576.19,576.96,4151
2021-07-23 21:00:00,576.76,577.81,575.33,576.2,9464
2021-07-23 22:00:00,576.3,580.09,576.05,578.93,32151
2021-07-23 23:00:00,578.95,578.95,578.95,578.95,19591
2021-07-26 16:00:00,574.21,577.0,566.27,567.31,15259
2021-07-26 17:00:00,568.41,570.41,566.5,567.68,35679
2021-07-26 18:00:00,568.65,579.29,568.35,579.29,30939
2021-07-26 19:00:00,579.18,580.73,575.33,575.69,14768
2021-07-26 20:00:00,575.98,577.44,575.98,577.44,3488
2021-07-26 21:00:00,577.56,578.17,575.77,576.44,5726
2021-07-26 22:00:00,576.25,577.65,575.28,575.39,31667
2021-07-26 23:00:00,575.91,575.91,575.9,575.9,38913
2021-07-27 16:00:00,587.0,589.98,576.28,587.11,23887
2021-07-27 17:00:00,588.51,596.47,585.0,594.08,25188
2021-07-27 18:00:00,594.41,595.71,583.89,587.87,17000
2021-07-27 19:00:00,588.21,588.87,582.86,583.33,19024
2021-07-27 20:00:00,583.19,583.38,580.27,580.4,10483
2021-07-27 21:00:00,580.17,583.98,580.17,583.98,11320
2021-07-27 22:00:00,584.77,586.59,583.7,584.08,42717
2021-07-27 23:00:00,584.13,585.25,584.13,584.21,32354
2021-07-28 16:00:00,588.91,593.44,586.27,591.49,11038
2021-07-28 17:00:00,591.21,592.74,588.25,590.17,29559
2021-07-28 18:00:00,590.1,591.0,587.83,590.31,11360
2021-07-28 19:00:00,590.08,590.65,588.5,590.5,8163
2021-07-28 20:00:00,590.58,590.73,588.64,588.92,10678
2021-07-28 21:00:00,589.43,593.48,588.9,593.23,14333
2021-07-28 22:00:00,593.26,593.86,590.31,591.83,42998
2021-07-28 23:00:00,591.84,591.84,591.84,591.84,34627
2021-07-29 16:00:00,592.0,595.23,589.88,594.48,22153
2021-07-29 17:00:00,593.7,595.89,589.26,594.61,27812
2021-07-29 18:00:00,595.54,596.7,593.53,594.28,12243
2021-07-29 19:00:00,595.06,596.4,594.65,594.93,8729
2021-07-29 20:00:00,594.94,597.46,594.4,596.51,15088
2021-07-29 21:00:00,596.68,597.53,594.34,594.83,12305
2021-07-29 22:00:00,594.43,595.42,593.13,593.96,25091
2021-07-29 23:00:00,594.76,594.76,594.76,594.76,27076
2021-07-30 16:00:00,592.37,598.77,591.84,598.77,12947
2021-07-30 17:00:00,598.08,600.62,595.49,597.14,15362
2021-07-30 18:00:00,597.21,599.36,596.46,598.29,8232
2021-07-30 19:00:00,598.16,601.12,598.16,600.88,7364
2021-07-30 20:00:00,601.0,601.69,600.54,600.8,16229
2021-07-30 21:00:00,600.25,600.95,597.62,598.5,9839
2021-07-30 22:00:00,598.52,599.27,595.07,595.97,42717
2021-07-30 23:00:00,595.97,595.97,595.96,595.96,56821
2021-08-02 16:00:00,600.12,608.24,600.12,603.36,19345
2021-08-02 17:00:00,604.37,611.51,603.26,611.11,16348
2021-08-02 18:00:00,611.17,614.68,611.17,613.14,17463
2021-08-02 19:00:00,613.1,613.1,608.52,609.51,16784
2021-08-02 20:00:00,609.63,612.43,609.38,612.05,14417
2021-08-02 21:00:00,612.1,612.99,610.9,612.72,17599
2021-08-02 22:00:00,612.62,612.93,610.4,611.14,37638
2021-08-02 23:00:00,610.92,610.92,610.92,610.92,23086
2021-08-03 16:00:00,610.6,612.16,609.25,609.51,16569
2021-08-03 17:00:00,610.0,610.0,601.97,606.5,29910
2021-08-03 18:00:00,606.74,609.41,601.43,609.4,16942
2021-08-03 19:00:00,609.53,611.9,607.98,611.9,7697
2021-08-03 20:00:00,612.99,615.47,612.99,614.29,10264
2021-08-03 21:00:00,614.7,618.6,613.51,618.6,15941
2021-08-03 22:00:00,618.15,621.32,618.11,619.07,44692
2021-08-03 23:00:00,619.07,619.07,619.07,619.07,42241
2021-08-04 16:00:00,620.77,627.1,620.77,624.16,12606
2021-08-04 17:00:00,625.28,627.23,622.38,624.48,12359
2021-08-04 18:00:00,624.6,626.2,622.43,623.88,9163
2021-08-04 19:00:00,623.6,627.1,623.6,626.63,12043
2021-08-04 20:00:00,626.3,627.57,625.96,626.01,12020
2021-08-04 21:00:00,626.07,626.07,624.43,625.09,16129
2021-08-04 22:00:00,625.07,626.67,623.29,624.18,56563
2021-08-04 23:00:00,624.22,624.22,624.22,624.22,31270
2021-08-05 16:00:00,627.33,635.58,626.99,627.39,14501
2021-08-05 17:00:00,628.88,629.12,622.58,624.72,17081
2021-08-05 18:00:00,624.19,624.19,617.5,618.14,13045
2021-08-05 19:00:00,618.18,621.88,618.07,619.67,10607
2021-08-05 20:00:00,619.25,622.26,619.25,621.64,18869
2021-08-05 21:00:00,621.85,625.81,621.44,624.72,21916
2021-08-05 22:00:00,625.22,628.41,624.94,627.29,31478
2021-08-05 23:00:00,627.38,627.38,627.38,627.38,39915
2021-08-06 16:00:00,629.06,633.43,625.0,625.0,13210
2021-08-06 17:00:00,624.63,625.83,615.95,616.42,13870
2021-08-06 18:00:00,617.2,624.18,617.01,622.95,10232
2021-08-06 19:00:00,622.38,624.31,622.21,623.27,10502
2021-08-06 20:00:00,623.54,626.95,622.76,626.9,10270
2021-08-06 21:00:00,626.74,627.23,623.0,624.02,22529
2021-08-06 22:00:00,624.1,629.45,624.03,629.17,35045
2021-08-06 23:00:00,628.9,628.9,628.9,628.9,31844
2021-08-09 16:00:00,629.19,633.34,628.9,631.64,13780
2021-08-09 17:00:00,632.6,632.6,627.4,627.4,21725
2021-08-09 18:00:00,628.15,629.72,626.33,627.72,18508
2021-08-09 19:00:00,627.71,628.1,623.95,624.07,11273
2021-08-09 20:00:00,624.35,625.22,622.41,625.21,12798
2021-08-09 21:00:00,625.21,625.73,624.0,625.5,19648
2021-08-09 22:00:00,625.78,627.72,625.49,627.72,71858
2021-08-09 23:00:00,627.68,627.68,627.68,627.68,38096
2021-08-10 16:00:00,628.0,632.76,628.0,632.33,9490
2021-08-10 17:00:00,632.72,635.0,629.08,629.12,20952
2021-08-10 18:00:00,629.06,634.65,629.06,633.06,16288
2021-08-10 19:00:00,633.8,634.83,628.86,631.06,23284
2021-08-10 20:00:00,629.71,630.18,626.87,627.0,12729
2021-08-10 21:00:00,627.32,627.32,624.32,625.34,11576
2021-08-10 22:00:00,624.81,627.21,624.52,624.75,34569
2021-08-10 23:00:00,624.71,625.08,624.71,625.08,27662
2021-08-11 16:00:00,628.2,631.58,625.13,630.46,13095
2021-08-11 17:00:00,629.29,631.86,628.03,628.88,12519
2021-08-11 18:00:00,629.36,629.39,622.65,624.3,19792
2021-08-11 19:00:00,624.86,625.81,623.85,624.26,14152
2021-08-11 20:00:00,624.49,624.89,622.66,623.37,15010
2021-08-11 21:00:00,623.57,623.97,621.95,621.95,9758
2021-08-11 22:00:00,622.76,624.99,621.62,624.74,38020
2021-08-11 23:00:00,624.94,624.94,624.94,624.94,22847
2021-08-12 16:00:00,621.3,623.97,619.04,620.81,13485
2021-08-12 17:00:00,620.91,623.27,619.85,622.57,20610
2021-08-12 18:00:00,622.45,622.45,618.25,620.8,26938
2021-08-12 19:00:00,621.37,622.85,620.67,622.85,8682
2021-08-12 20:00:00,622.58,623.98,621.77,623.66,5604
2021-08-12 21:00:00,623.36,625.58,622.99,625.58,10253
2021-08-12 22:00:00,625.7,626.41,623.65,625.24,28750
2021-08-12 23:00:00,625.23,625.23,625.16,625.16,23756
2021-08-13 16:00:00,625.17,628.45,625.03,626.86,22008
2021-08-13 17:00:00,626.95,627.46,624.06,624.13,17817
2021-08-13 18:00:00,623.72,623.94,619.81,623.33,24350
2021-08-13 19:00:00,623.51,623.67,620.52,621.88,10046
2021-08-13 20:00:00,621.64,624.24,620.69,623.82,32792
2021-08-13 21:00:00,624.02,627.56,622.73,626.81,11617
2021-08-13 22:00:00,626.91,630.98,626.91,630.05,22567
2021-08-13 23:00:00,629.54,630.02,629.53,630.02,27445
2021-08-16 16:00:00,628.29,629.17,622.41,624.11,17663
2021-08-16 17:00:00,624.84,625.08,620.26,622.0,13123
2021-08-16 18:00:00,621.96,630.29,621.49,629.13,17981
2021-08-16 19:00:00,629.33,630.86,629.2,630.86,7885
2021-08-16 20:00:00,630.82,630.86,626.68,628.07,9008
2021-08-16 21:00:00,627.64,629.6,627.22,628.83,8741
2021-08-16 22:00:00,629.14,631.96,628.6,629.97,63836
2021-08-16 23:00:00,630.32,630.32,630.11,630.21,143236
2021-08-17 16:00:00,626.99,627.91,624.39,624.39,7016
2021-08-17 17:00:00,624.53,627.41,624.13,624.13,9998
2021-08-17 18:00:00,624.33,625.5,622.23,623.26,10929
2021-08-17 19:00:00,622.88,625.36,620.5,622.41,24470
2021-08-17 20:00:00,620.9,623.65,620.45,623.42,20497
2021-08-17 21:00:00,624.16,627.47,624.16,627.47,6552
2021-08-17 22:00:00,626.83,629.81,626.65,629.5,14236
2021-08-17 23:00:00,629.48,629.48,629.48,629.48,33412
2021-08-18 16:00:00,629.5,630.38,626.65,628.68,7103
2021-08-18 17:00:00,629.38,629.62,621.52,622.81,10133
2021-08-18 18:00:00,622.5,622.5,618.31,618.63,15355
2021-08-18 19:00:00,618.93,619.7,616.47,617.62,11339
2021-08-18 20:00:00,618.05,618.05,614.8,615.93,10024
2021-08-18 21:00:00,616.52,617.05,613.36,616.45,9619
2021-08-18 22:00:00,615.98,616.47,609.39,609.88,35386
2021-08-18 23:00:00,610.21,610.21,610.21,610.21,30776
2021-08-19 16:00:00,602.65,609.66,594.29,609.42,38017
2021-08-19 17:00:00,609.61,613.64,608.05,612.9,27346
2021-08-19 18:00:00,612.67,613.91,610.97,611.11,47477
2021-08-19 19:00:00,611.36,611.8,608.5,609.89,44825
2021-08-19 20:00:00,610.12,610.13,607.23,607.27,15972
2021-08-19 21:00:00,607.59,609.64,605.98,608.68,14656
2021-08-19 22:00:00,608.8,611.48,608.51,609.56,68321
2021-08-19 23:00:00,610.0,610.0,610.0,610.0,43517
2021-08-20 16:00:00,612.29,613.02,608.0,612.72,12085
2021-08-20 17:00:00,612.59,615.44,612.1,614.81,13647
2021-08-20 18:00:00,614.89,616.28,613.65,616.03,21826
2021-08-20 19:00:00,616.09,617.64,615.57,617.64,5644
2021-08-20 20:00:00,618.59,618.59,613.84,614.81,10818
2021-08-20 21:00:00,615.02,616.81,614.76,616.81,10583
2021-08-20 22:00:00,617.16,619.07,616.57,618.86,30859
2021-08-20 23:00:00,618.86,618.86,618.86,618.86,28833
2021-08-23 16:00:00,618.91,624.11,618.91,620.59,9192
2021-08-23 17:00:00,621.48,627.38,621.48,626.3,9977
2021-08-23 18:00:00,626.9,627.0,623.85,624.18,7215
2021-08-23 19:00:00,624.0,625.81,623.76,625.67,6026
2021-08-23 20:00:00,625.86,626.79,623.12,623.38,6067
2021-08-23 21:00:00,623.72,623.73,621.71,623.16,8971
2021-08-23 22:00:00,623.11,624.29,620.99,621.67,12033
2021-08-23 23:00:00,621.19,621.19,621.19,621.19,26173
2021-08-24 16:00:00,623.11,625.49,622.06,623.05,6925
2021-08-24 17:00:00,624.11,625.17,622.24,622.6,14627
2021-08-24 18:00:00,622.42,623.37,619.79,620.27,8998
2021-08-24 19:00:00,619.98,620.11,618.21,619.79,7153
2021-08-24 20:00:00,619.03,620.33,618.36,619.51,6664
2021-08-24 21:00:00,619.81,620.93,618.84,619.58,7068
2021-08-24 22:00:00,619.43,620.61,618.19,618.54,25707
2021-08-24 23:00:00,618.19,618.37,618.18,618.37,46966
2021-08-25 16:00:00,620.12,621.71,619.65,620.52,6270
2021-08-25 17:00:00,620.8,623.01,620.05,621.88,22995
2021-08-25 18:00:00,621.24,625.14,621.22,625.14,5025
2021-08-25 19:00:00,625.48,627.47,625.39,627.47,4668
2021-08-25 20:00:00,627.36,627.94,626.37,626.74,9749
2021-08-25 21:00:00,626.4,629.19,626.02,628.11,15313
2021-08-25 22:00:00,627.75,630.16,627.29,627.59,33132
2021-08-25 23:00:00,628.13,628.13,627.91,627.91,37111
2021-08-26 16:00:00,630.05,630.05,624.22,624.56,5457
2021-08-26 17:00:00,624.59,626.45,622.5,624.98,6862
2021-08-26 18:00:00,625.34,626.5,622.27,623.65,19416
2021-08-26 19:00:00,623.55,626.18,623.44,625.19,13189
2021-08-26 20:00:00,624.48,626.31,624.48,625.94,3928
2021-08-26 21:00:00,625.41,627.58,624.8,627.58,5236
2021-08-26 22:00:00,627.27,627.5,623.54,623.91,14009
2021-08-26 23:00:00,623.9,623.91,623.89,623.91,22485
2021-08-27 16:00:00,625.95,628.21,624.78,626.19,4167
2021-08-27 17:00:00,627.25,632.54,627.25,629.58,9486
2021-08-27 18:00:00,629.35,629.88,627.42,628.72,9233
2021-08-27 19:00:00,628.72,628.77,625.59,627.43,9773
2021-08-27 20:00:00,627.34,628.28,626.85,627.41,6269
2021-08-27 21:00:00,627.91,627.91,626.89,627.32,3805
2021-08-27 22:00:00,627.67,630.0,627.47,629.8,22570
2021-08-27 23:00:00,629.52,629.6,629.52,629.59,27541
2021-08-30 16:00:00,631.0,638.49,631.0,636.72,13011
2021-08-30 17:00:00,637.78,640.0,637.62,639.68,13758
2021-08-30 18:00:00,639.97,643.52,639.72,641.86,21194
2021-08-30 19:00:00,642.1,642.11,638.82,640.77,37369
2021-08-30 20:00:00,640.82,642.88,639.76,640.81,15105
2021-08-30 21:00:00,640.77,640.77,638.91,639.88,12266
2021-08-30 22:00:00,639.63,639.9,637.71,638.63,24200
2021-08-30 23:00:00,638.63,638.63,638.43,638.43,28862
2021-08-31 16:00:00,638.52,641.21,635.73,637.38,16340
2021-08-31 17:00:00,638.13,639.27,635.49,637.53,6859
2021-08-31 18:00:00,638.8,641.19,638.58,639.76,5546
2021-08-31 19:00:00,639.14,639.6,636.35,636.35,7519
2021-08-31 20:00:00,636.14,636.49,633.28,636.05,21178
2021-08-31 21:00:00,636.27,636.77,635.59,636.18,13489
2021-08-31 22:00:00,636.58,636.63,634.32,634.44,21111
2021-08-31 23:00:00,634.58,634.58,634.58,634.58,77329
2021-09-01 16:00:00,637.21,637.78,633.46,637.13,18900
2021-09-01 17:00:00,635.71,638.7,634.06,638.33,7169
2021-09-01 18:00:00,639.14,645.86,639.14,645.26,6439
2021-09-01 19:00:00,645.01,646.85,644.73,645.62,4325
2021-09-01 20:00:00,646.05,647.72,645.35,647.02,8595
2021-09-01 21:00:00,646.54,650.43,645.65,647.94,7259
2021-09-01 22:00:00,647.6,651.34,647.57,649.46,43296
2021-09-01 23:00:00,649.21,649.21,649.21,649.21,28281
2021-09-02 16:00:00,651.2,657.55,651.2,656.1,35122
2021-09-02 17:00:00,656.31,659.09,647.79,648.56,36181
2021-09-02 18:00:00,648.57,651.71,646.6,650.6,9098
2021-09-02 19:00:00,650.93,651.79,648.62,649.0,5724
2021-09-02 20:00:00,649.56,649.89,647.61,648.33,10667
2021-09-02 21:00:00,648.51,649.28,646.61,647.08,12619
2021-09-02 22:00:00,647.38,649.78,645.69,649.27,30844
2021-09-02 23:00:00,649.42,649.42,649.42,649.42,25904
2021-09-03 16:00:00,646.39,654.23,646.39,651.61,13902
2021-09-03 17:00:00,651.24,652.87,647.84,649.95,9391
2021-09-03 18:00:00,649.12,651.93,647.59,648.5,12573
2021-09-03 19:00:00,647.99,652.09,647.63,651.73,8239
2021-09-03 20:00:00,652.63,653.84,649.83,651.71,9122
2021-09-03 21:00:00,651.7,654.13,651.62,653.02,8167
2021-09-03 22:00:00,652.13,653.99,650.34,650.34,32356
2021-09-03 23:00:00,650.7,650.81,650.7,650.75,48995
2021-09-07 16:00:00,650.54,655.54,642.04,644.05,19254
2021-09-07 17:00:00,644.44,652.22,643.43,652.22,8054
2021-09-07 18:00:00,652.48,656.83,651.85,655.0,13967
2021-09-07 19:00:00,654.53,658.86,653.52,658.04,11942
2021-09-07 20:00:00,657.43,657.69,655.57,656.86,7649
2021-09-07 21:00:00,656.38,657.9,656.19,657.34,13002
2021-09-07 22:00:00,657.49,659.06,655.01,655.66,38406
2021-09-07 23:00:00,655.68,655.82,655.68,655.82,38716
2021-09-08 16:00:00,655.0,657.2,651.07,657.06,12365
2021-09-08 17:00:00,657.25,667.07,657.23,659.28,18422
2021-09-08 18:00:00,658.61,665.52,658.61,662.67,15196
2021-09-08 19:00:00,662.64,664.46,662.45,662.45,9423
2021-09-08 20:00:00,663.13,665.29,662.39,665.0,18808
2021-09-08 21:00:00,664.42,665.17,661.45,661.84,11159
2021-09-08 22:00:00,661.88,662.05,658.34,658.75,18434
2021-09-08 23:00:00,659.16,659.18,658.95,659.18,28227
2021-09-09 16:00:00,661.06,663.56,659.01,660.03,12712
2021-09-09 17:00:00,659.65,662.44,654.01,655.11,20404
2021-09-09 18:00:00,655.5,656.8,654.77,656.73,10576
2021-09-09 19:00:00,657.19,657.7,655.72,656.4,12976
2021-09-09 20:00:00,656.38,656.64,653.6,653.78,6176
2021-09-09 21:00:00,653.46,657.41,653.46,656.19,8330
2021-09-09 22:00:00,656.64,656.86,651.91,653.45,20086
2021-09-09 23:00:00,653.44,653.44,652.86,652.86,26072
2021-09-10 16:00:00,655.78,658.34,651.34,654.35,10445
2021-09-10 17:00:00,654.72,655.45,651.75,652.78,8881
2021-09-10 18:00:00,653.42,655.72,652.18,655.24,11268
2021-09-10 19:00:00,655.21,658.05,655.01,657.87,3041
2021-09-10 20:00:00,657.72,658.62,656.52,657.04,13639
2021-09-10 21:00:00,656.31,657.28,655.38,656.96,27446
2021-09-10 22:00:00,657.03,657.03,650.56,650.57,22281
2021-09-10 23:00:00,650.72,650.87,650.72,650.87,30781
2021-09-13 16:00:00,656.18,656.26,650.61,652.52,12503
2021-09-13 17:00:00,650.89,651.76,640.41,644.92,26402
2021-09-13 18:00:00,644.87,645.67,638.58,638.82,18212
2021-09-13 19:00:00,639.32,639.32,635.26,636.87,17408
2021-09-13 20:00:00,637.04,640.97,637.04,639.91,11808
2021-09-13 21:00:00,640.29,640.38,637.63,639.61,13632
2021-09-13 22:00:00,638.88,643.39,638.85,643.37,44603
2021-09-13 23:00:00,643.12,643.25,643.12,643.25,49203
2021-09-14 16:00:00,647.18,649.37,644.94,645.32,9357
2021-09-14 17:00:00,644.58,651.92,643.6,651.61,10651
2021-09-14 18:00:00,650.9,654.38,649.33,654.22,19789
2021-09-14 19:00:00,654.72,656.34,651.98,652.58,10475
2021-09-14 20:00:00,652.68,653.44,650.15,653.17,13022
2021-09-14 21:00:00,652.97,653.74,651.26,653.11,8159
2021-09-14 22:00:00,652.71,655.34,650.65,653.27,43157
2021-09-14 23:00:00,653.29,653.3,653.27,653.27,50040
2021-09-15 16:00:00,653.05,655.35,648.59,653.65,14739
2021-09-15 17:00:00,652.8,654.97,650.98,653.62,14733
2021-09-15 18:00:00,654.07,654.36,649.15,650.16,6578
2021-09-15 19:00:00,649.56,654.72,649.56,654.72,9925
2021-09-15 20:00:00,654.41,656.22,654.36,655.58,5950
2021-09-15 21:00:00,655.75,655.75,650.1,650.23,12999
2021-09-15 22:00:00,650.16,650.59,646.74,647.83,44424
2021-09-15 23:00:00,647.36,647.36,647.36,647.36,76548
2021-09-16 16:00:00,649.33,653.15,649.18,649.45,9725
2021-09-16 17:00:00,648.87,650.33,644.43,649.3,33420
2021-09-16 18:00:00,649.88,652.3,647.31,647.31,14804
2021-09-16 19:00:00,647.8,649.98,646.32,649.0,19738
2021-09-16 20:00:00,649.1,651.06,647.64,651.03,10413
2021-09-16 21:00:00,650.91,651.56,648.04,651.37,11098
2021-09-16 22:00:00,651.0,652.46,649.77,652.4,60532
2021-09-16 23:00:00,652.0,652.15,652.0,652.15,141621
2021-09-17 16:00:00,645.4,651.4,645.4,647.55,75565
2021-09-17 17:00:00,647.66,647.66,642.34,644.22,5270
2021-09-17 18:00:00,643.57,647.16,643.49,646.3,5871
2021-09-17 19:00:00,647.97,649.45,646.75,647.71,10331
2021-09-17 20:00:00,646.81,646.94,641.85,642.87,19129
2021-09-17 21:00:00,643.0,643.42,640.42,641.44,30049
2021-09-17 22:00:00,641.49,642.51,638.59,641.71,58699
2021-09-17 23:00:00,641.51,641.66,641.5,641.66,178069
2021-09-20 16:00:00,631.05,638.16,624.93,632.72,20824
2021-09-20 17:00:00,632.42,637.52,631.52,631.52,15361
2021-09-20 18:00:00,631.99,636.82,631.0,633.23,18544
2021-09-20 19:00:00,632.74,633.04,629.55,630.27,11925
2021-09-20 20:00:00,630.18,632.03,628.19,632.03,9071
2021-09-20 21:00:00,631.5,632.48,627.73,629.17,8949
2021-09-20 22:00:00,629.33,636.21,627.87,633.95,55844
2021-09-20 23:00:00,633.96,634.59,633.94,634.59,126042
2021-09-21 16:00:00,640.6,645.51,637.24,643.86,11623
2021-09-21 17:00:00,644.41,644.78,637.05,640.28,16613
2021-09-21 18:00:00,640.23,645.0,639.43,644.05,6556
2021-09-21 19:00:00,643.24,644.95,643.17,643.81,6284
2021-09-21 20:00:00,644.14,644.14,641.29,642.34,8170
2021-09-21 21:00:00,641.72,643.12,640.65,642.43,12706
2021-09-21 22:00:00,642.74,643.9,640.56,640.56,15453
2021-09-21 23:00:00,640.57,640.7,640.57,640.7,33897
2021-09-22 16:00:00,646.53,647.96,636.92,639.74,9340
2021-09-22 17:00:00,639.79,644.44,639.26,644.41,8232
2021-09-22 18:00:00,644.75,645.52,642.0,645.03,14758
2021-09-22 19:00:00,644.24,644.66,640.07,640.93,8839
2021-09-22 20:00:00,640.67,643.85,639.81,642.68,7329
2021-09-22 21:00:00,642.46,646.03,641.76,642.11,10596
2021-09-22 22:00:00,641.7,646.79,641.6,644.83,29433
2021-09-22 23:00:00,644.71,645.15,644.71,645.15,45434
2021-09-23 16:00:00,650.39,653.64,647.68,652.05,17690
2021-09-23 17:00:00,651.68,653.11,648.15,651.06,26585
2021-09-23 18:00:00,650.94,651.48,647.68,648.96,7170
2021-09-23 19:00:00,649.56,651.98,648.31,651.78,7002
2021-09-23 20:00:00,651.56,653.76,651.03,653.08,5847
2021-09-23 21:00:00,652.72,653.99,651.77,653.65,9634
2021-09-23 22:00:00,653.77,654.54,652.35,653.29,34982
2021-09-23 23:00:00,653.58,653.58,653.58,653.58,36444
2021-09-24 16:00:00,650.75,652.59,649.88,652.22,12465
2021-09-24 17:00:00,652.99,652.99,646.8,648.41,8140
2021-09-24 18:00:00,648.98,652.41,648.98,651.96,3300
2021-09-24 19:00:00,651.13,655.7,650.94,655.42,8479
2021-09-24 20:00:00,655.61,656.46,654.93,656.09,8502
2021-09-24 21:00:00,656.61,658.62,655.84,658.58,5643
2021-09-24 22:00:00,658.89,661.74,658.08,661.72,38602
2021-09-24 23:00:00,661.12,661.37,661.12,661.37,37894
2021-09-27 16:00:00,655.84,656.57,648.07,649.51,13841
2021-09-27 17:00:00,649.18,649.67,641.31,642.53,14317
2021-09-27 18:00:00,642.19,644.38,632.15,632.57,20318
2021-09-27 19:00:00,633.19,636.02,630.66,630.75,16878
2021-09-27 20:00:00,630.8,633.87,629.42,633.87,16391
2021-09-27 21:00:00,635.27,641.87,633.46,641.22,8500
2021-09-27 22:00:00,640.81,640.85,638.55,638.58,27676
2021-09-27 23:00:00,638.68,638.68,638.68,638.68,36320
2021-09-28 16:00:00,627.12,629.18,615.59,619.01,37890
2021-09-28 17:00:00,619.67,620.01,601.87,604.57,71234
2021-09-28 18:00:00,604.61,606.86,598.32,600.9,65225
2021-09-28 19:00:00,600.52,602.02,597.43,598.14,39071
2021-09-28 20:00:00,598.01,602.03,596.56,599.0,33001
2021-09-28 21:00:00,599.1,603.48,597.8,602.5,29109
2021-09-28 22:00:00,602.5,605.09,596.41,597.21,110107
2021-09-28 23:00:00,597.79,597.8,597.79,597.8,53360
2021-09-29 16:00:00,604.71,606.53,600.19,605.05,25817
2021-09-29 17:00:00,604.7,612.49,604.7,608.19,20339
2021-09-29 18:00:00,608.45,608.45,604.36,606.01,7152
2021-09-29 19:00:00,605.7,606.17,602.19,604.07,13497
2021-09-29 20:00:00,604.07,609.31,601.38,609.05,17423
2021-09-29 21:00:00,609.78,613.47,609.12,612.9,9352
2021-09-29 22:00:00,612.12,612.97,609.96,611.01,49923
2021-09-29 23:00:00,610.7,610.7,610.7,610.7,59143
2021-09-30 16:00:00,615.6,623.07,615.6,620.53,12466
2021-09-30 17:00:00,620.11,620.11,611.93,612.35,6932
2021-09-30 18:00:00,611.74,611.74,606.54,608.36,5441
2021-09-30 19:00:00,607.98,610.94,605.04,610.59,11108
2021-09-30 20:00:00,609.65,610.89,607.35,608.64,8632
2021-09-30 21:00:00,608.79,615.85,608.79,615.22,11181
2021-09-30 22:00:00,615.23,615.32,607.74,607.74,31671
2021-09-30 23:00:00,608.41,608.41,608.34,608.34,113510
2021-10-01 16:00:00,611.35,611.59,599.28,602.8,10748
2021-10-01 17:00:00,602.97,603.38,595.0,601.66,18029
2021-10-01 18:00:00,601.18,608.51,598.64,607.55,13324
2021-10-01 19:00:00,608.22,608.27,604.66,605.27,7065
2021-10-01 20:00:00,605.23,610.2,605.23,608.84,9756
2021-10-01 21:00:00,609.27,612.55,609.0,611.57,16421
2021-10-01 22:00:00,611.97,614.87,609.48,610.51,36205
2021-10-01 23:00:00,610.51,610.7,610.51,610.7,49270
2021-10-04 16:00:00,607.62,609.76,600.4,603.24,10623
2021-10-04 17:00:00,603.14,603.2,588.33,589.01,25588
2021-10-04 18:00:00,588.25,589.01,584.0,587.1,23813
2021-10-04 19:00:00,586.94,588.33,580.19,582.71,39605
2021-10-04 20:00:00,582.62,587.86,580.65,586.43,32680
2021-10-04 21:00:00,586.84,588.2,585.43,586.25,22732
2021-10-04 22:00:00,586.22,588.26,584.01,587.37,76430
2021-10-04 23:00:00,587.18,587.37,587.18,587.3,35733
2021-10-05 16:00:00,591.44,597.25,591.19,595.49,8666
2021-10-05 17:00:00,597.07,603.97,597.07,603.75,27801
2021-10-05 18:00:00,603.42,604.82,601.33,602.3,12464
2021-10-05 19:00:00,602.58,604.58,601.85,601.99,45518
2021-10-05 20:00:00,601.34,604.57,601.16,603.74,4597
2021-10-05 21:00:00,604.02,604.12,602.85,603.19,6152
2021-10-05 22:00:00,603.21,603.79,600.94,601.67,18234
2021-10-05 23:00:00,601.76,602.18,601.76,602.12,47158
2021-10-06 16:00:00,596.05,601.55,590.13,591.32,13685
2021-10-06 17:00:00,591.09,596.64,588.03,596.52,23436
2021-10-06 18:00:00,594.58,595.64,590.64,592.55,7562
2021-10-06 19:00:00,593.44,595.42,591.14,593.78,12773
2021-10-06 20:00:00,593.48,598.06,593.48,597.49,9808
2021-10-06 21:00:00,598.18,601.9,597.34,597.82,7362
2021-10-06 22:00:00,597.57,600.23,597.17,600.23,28784
2021-10-06 23:00:00,600.22,600.22,599.94,599.94,31859
2021-10-07 16:00:00,605.28,614.26,604.12,609.15,14721
2021-10-07 17:00:00,610.35,612.6,608.41,611.72,20729
2021-10-07 18:00:00,611.37,611.93,609.36,611.45,13752
2021-10-07 19:00:00,611.47,612.9,610.75,611.31,9955
2021-10-07 20:00:00,611.3,613.68,610.59,613.55,6213
2021-10-07 21:00:00,613.66,614.26,608.21,609.39,14006
2021-10-07 22:00:00,608.97,611.76,608.08,608.09,33267
2021-10-07 23:00:00,608.11,608.5,608.11,608.5,30966
2021-10-08 16:00:00,609.41,610.99,601.48,601.48,7215
2021-10-08 17:00:00,601.49,603.85,598.94,602.65,6802
2021-10-08 18:00:00,602.51,607.32,602.51,607.07,15795
2021-10-08 19:00:00,607.22,607.24,603.29,603.8,9237
2021-10-08 20:00:00,603.91,603.91,599.57,600.88,6878
2021-10-08 21:00:00,600.81,602.42,600.58,600.74,12791
2021-10-08 22:00:00,600.73,601.98,598.27,600.35,23892
2021-10-08 23:00:00,600.12,600.12,600.12,600.12,23061
2021-10-11 16:00:00,596.07,607.68,593.72,607.55,13750
2021-10-11 17:00:00,607.99,612.14,605.78,611.99,13050
2021-10-11 18:00:00,612.91,612.91,609.5,609.5,14012
2021-10-11 19:00:00,609.23,609.23,607.04,607.71,5935
2021-10-11 20:00:00,607.39,607.39,601.4,601.75,8791
2021-10-11 21:00:00,601.56,602.86,601.56,602.32,8133
2021-10-11 22:00:00,602.15,602.31,597.19,597.19,29464
2021-10-11 23:00:00,597.43,597.43,597.21,597.21,28764
2021-10-12 16:00:00,602.62,602.62,594.3,595.03,6005
2021-10-12 17:00:00,594.09,596.26,592.52,592.52,6008
2021-10-12 18:00:00,593.58,595.95,592.24,595.95,5376
2021-10-12 19:00:00,598.32,599.77,594.18,594.21,7688
2021-10-12 20:00:00,595.07,598.72,594.42,597.56,5277
2021-10-12 21:00:00,597.43,599.07,596.36,596.36,3907
2021-10-12 22:00:00,596.55,596.73,593.16,595.26,23098
2021-10-12 23:00:00,594.74,595.25,594.74,595.25,34753
2021-10-13 16:00:00,601.39,603.46,596.38,598.8,9212
2021-10-13 17:00:00,599.5,599.5,593.32,594.95,8778
2021-10-13 18:00:00,594.3,597.49,593.61,595.85,7079
2021-10-13 19:00:00,595.04,596.54,594.55,595.69,5486
2021-10-13 20:00:00,595.88,598.63,595.88,597.65,3961
2021-10-13 21:00:00,597.8,599.45,594.37,596.01,7753
2021-10-13 22:00:00,596.13,598.78,595.68,598.56,23641
2021-10-13 23:00:00,598.3,598.3,598.3,598.3,35521
2021-10-14 16:00:00,606.49,613.68,605.99,613.68,9832
2021-10-14 17:00:00,613.99,614.01,605.25,606.8,9946
2021-10-14 18:00:00,608.21,611.62,607.5,611.62,4974
2021-10-14 19:00:00,611.66,612.0,610.31,610.62,5830
2021-10-14 20:00:00,610.46,610.5,608.65,609.24,6894
2021-10-14 21:00:00,609.57,610.56,609.25,610.32,11475
2021-10-14 22:00:00,610.66,612.68,609.8,612.68,23381
2021-10-14 23:00:00,612.65,612.65,612.65,612.65,39412
2021-10-15 16:00:00,620.17,620.17,614.21,618.28,22144
2021-10-15 17:00:00,618.36,619.74,616.47,619.14,6788
2021-10-15 18:00:00,618.86,618.86,614.51,615.73,7661
2021-10-15 19:00:00,615.61,616.02,614.05,615.84,3325
2021-10-15 20:00:00,615.68,616.6,615.3,616.15,3775
2021-10-15 21:00:00,616.66,619.3,616.07,616.4,10277
2021-10-15 22:00:00,617.43,617.43,615.43,615.94,27372
2021-10-15 23:00:00,616.48,616.48,616.08,616.08,50124
2021-10-18 16:00:00,616.12,618.8,613.0,618.28,12100
2021-10-18 17:00:00,618.28,619.8,613.53,615.6,8030
2021-10-18 18:00:00,615.44,616.24,613.87,615.32,5048
2021-10-18 19:00:00,615.08,616.79,614.87,616.02,10494
2021-10-18 20:00:00,616.46,617.68,616.03,617.68,2049
2021-10-18 21:00:00,618.17,620.59,617.8,620.59,2307
2021-10-18 22:00:00,620.93,621.3,618.79,620.24,17783
2021-10-18 23:00:00,619.82,619.82,619.82,619.82,41094
2021-10-19 16:00:00,624.5,627.69,623.32,623.32,4803
2021-10-19 17:00:00,622.34,630.47,622.34,630.33,7468
2021-10-19 18:00:00,630.66,634.61,630.64,632.8,15937
2021-10-19 19:00:00,632.22,632.42,629.98,631.24,6336
2021-10-19 20:00:00,631.49,632.07,630.22,631.25,6351
2021-10-19 21:00:00,631.36,632.12,629.59,630.11,7440
2021-10-19 22:00:00,630.2,631.52,629.0,631.2,33161
2021-10-19 23:00:00,631.22,631.22,630.96,630.96,61163
2021-10-20 16:00:00,633.28,636.49,628.74,629.21,5168
2021-10-20 17:00:00,628.32,628.32,620.55,620.55,7857
2021-10-20 18:00:00,621.31,624.03,618.83,623.73,7655
2021-10-20 19:00:00,623.0,625.46,620.85,625.44,3959
2021-10-20 20:00:00,625.7,626.15,623.38,625.81,4155
2021-10-20 21:00:00,626.18,627.27,625.35,625.71,12091
2021-10-20 22:00:00,625.55,626.02,623.08,623.2,34520
2021-10-20 23:00:00,623.81,623.81,623.31,623.36,35704
2021-10-21 16:00:00,623.32,624.27,621.7,624.22,4616
2021-10-21 17:00:00,624.87,632.05,624.51,631.77,11172
2021-10-21 18:00:00,632.56,632.56,628.94,631.05,3823
2021-10-21 19:00:00,631.21,635.05,631.21,633.99,7919
2021-10-21 20:00:00,632.96,635.5,632.72,634.87,3743
2021-10-21 21:00:00,634.5,636.75,634.37,635.9,11130
2021-10-21 22:00:00,635.47,637.44,634.35,636.93,38072
2021-10-21 23:00:00,636.24,636.43,636.24,636.43,38796
2021-10-22 16:00:00,638.74,648.61,638.74,641.65,14951
2021-10-22 17:00:00,641.72,643.79,638.82,643.79,3143
2021-10-22 18:00:00,644.31,645.41,639.29,639.29,4124
2021-10-22 19:00:00,641.95,646.04,641.49,645.2,3774
2021-10-22 20:00:00,645.12,645.37,644.21,644.45,3359
2021-10-22 21:00:00,644.63,648.8,644.63,647.09,9292
2021-10-22 22:00:00,646.97,649.19,646.19,649.08,28695
2021-10-22 23:00:00,649.1,649.1,649.09,649.09,34378
2021-10-25 16:00:00,649.62,651.73,640.77,644.74,13542
2021-10-25 17:00:00,645.95,656.5,645.72,655.96,33356
2021-10-25 18:00:00,655.88,662.67,655.88,661.07,64150
2021-10-25 19:00:00,661.39,661.39,655.32,657.32,16733
2021-10-25 20:00:00,657.44,658.14,654.28,655.15,5636
2021-10-25 21:00:00,655.21,655.22,652.03,652.99,11849
2021-10-25 22:00:00,652.91,655.82,652.15,653.59,52480
2021-10-25 23:00:00,652.65,653.19,652.03,652.03,41451
2021-10-26 16:00:00,652.17,660.22,646.8,655.91,17104
2021-10-26 17:00:00,653.81,658.35,653.81,654.45,13488
2021-10-26 18:00:00,654.41,658.91,653.83,655.44,14266
2021-10-26 19:00:00,654.76,655.32,644.68,646.42,11273
2021-10-26 20:00:00,646.52,650.15,645.01,648.25,14932
2021-10-26 21:00:00,649.16,650.39,646.91,648.28,19299
2021-10-26 22:00:00,648.58,649.81,641.87,643.13,40428
2021-10-26 23:00:00,643.62,643.63,643.12,643.12,25561
2021-10-27 16:00:00,646.51,656.91,645.0,656.91,20817
2021-10-27 17:00:00,656.34,658.35,651.0,655.26,22244
2021-10-27 18:00:00,656.13,659.21,655.31,657.27,18631
2021-10-27 19:00:00,657.62,657.62,652.32,653.34,23534
2021-10-27 20:00:00,653.5,656.12,649.88,652.0,22450
2021-10-27 21:00:00,651.83,651.85,644.84,645.06,14501
2021-10-27 22:00:00,644.64,644.81,636.47,636.64,59198
2021-10-27 23:00:00,637.0,637.0,637.0,637.0,39604
2021-10-28 16:00:00,637.19,648.98,637.19,647.56,20106
2021-10-28 17:00:00,648.31,650.04,645.13,646.49,16979
2021-10-28 18:00:00,646.86,649.94,646.64,648.49,7564
2021-10-28 19:00:00,648.66,652.35,647.7,650.16,17439
2021-10-28 20:00:00,650.52,652.81,649.7,652.7,13926
2021-10-28 21:00:00,652.92,656.01,652.0,655.84,18850
2021-10-28 22:00:00,655.84,655.84,650.62,655.31,56108
2021-10-28 23:00:00,655.79,655.79,655.32,655.33,45817
2021-10-29 16:00:00,649.93,654.96,649.83,654.62,7306
2021-10-29 17:00:00,654.62,657.57,653.96,657.57,9769
2021-10-29 18:00:00,657.48,661.98,657.38,661.31,11664
2021-10-29 19:00:00,661.76,664.12,661.15,662.68,7219
2021-10-29 20:00:00,662.05,662.37,661.19,661.95,8184
2021-10-29 21:00:00,661.95,662.93,661.25,661.43,9855
2021-10-29 22:00:00,661.65,666.15,661.59,664.95,29043
2021-10-29 23:00:00,664.88,664.88,664.88,664.88,69510
2021-11-01 16:00:00,668.94,669.72,651.25,653.47,10662
2021-11-01 17:00:00,652.7,655.23,647.66,651.3,13402
2021-11-01 18:00:00,650.83,652.08,643.0,643.77,10663
2021-11-01 19:00:00,645.27,650.95,644.06,649.97,6175
2021-11-01 20:00:00,650.48,653.21,649.63,652.03,11261
2021-11-01 21:00:00,652.08,654.6,651.8,654.33,4538
2021-11-01 22:00:00,654.82,657.93,654.66,657.1,24959
2021-11-01 23:00:00,657.11,657.11,657.11,657.11,45502
2021-11-02 16:00:00,657.0,661.72,653.2,658.42,8857
2021-11-02 17:00:00,659.03,660.09,653.09,660.03,11494
2021-11-02 18:00:00,659.75,660.21,653.95,656.3,11503
2021-11-02 19:00:00,655.57,660.25,655.57,657.57,11571
2021-11-02 20:00:00,657.78,660.7,656.83,660.44,9821
2021-11-02 21:00:00,660.07,660.07,654.4,655.38,18457
2021-11-02 22:00:00,655.41,655.77,653.79,654.54,18970
2021-11-02 23:00:00,654.33,654.33,654.33,654.33,33827
2021-11-03 16:00:00,654.0,658.07,644.31,646.24,10573
2021-11-03 17:00:00,645.07,645.18,639.0,642.63,20182
2021-11-03 18:00:00,642.04,642.61,639.17,640.77,12137
2021-11-03 19:00:00,640.74,640.96,639.13,639.45,6942
2021-11-03 20:00:00,639.79,641.3,638.78,639.75,7344
2021-11-03 21:00:00,639.27,645.69,639.27,644.95,11730
2021-11-03 22:00:00,644.69,646.52,643.41,645.66,51112
2021-11-03 23:00:00,645.66,645.66,645.66,645.66,35051
2021-11-04 16:00:00,646.5,654.08,645.95,652.37,4621
2021-11-04 17:00:00,653.76,664.44,652.88,664.16,10411
2021-11-04 18:00:00,663.24,667.24,662.55,664.52,13664
2021-11-04 19:00:00,664.77,664.77,658.01,659.38,7526
2021-11-04 20:00:00,659.81,660.66,658.04,660.66,6367
2021-11-04 21:00:00,661.76,662.7,659.56,660.42,6435
2021-11-04 22:00:00,660.75,662.47,659.84,661.66,26645
2021-11-04 23:00:00,661.68,661.68,661.67,661.67,29157
2021-11-05 16:00:00,665.74,666.0,659.97,661.53,15671
2021-11-05 17:00:00,661.01,663.36,660.51,661.53,12423
2021-11-05 18:00:00,661.6,662.02,655.58,655.58,21654
2021-11-05 19:00:00,656.19,660.56,656.02,657.71,5620
2021-11-05 20:00:00,659.02,659.28,653.36,654.54,7592
2021-11-05 21:00:00,654.45,657.8,654.45,656.28,9273
2021-11-05 22:00:00,656.19,656.28,652.94,653.33,25142
2021-11-05 23:00:00,653.67,653.67,653.34,653.34,45814
2021-11-08 17:00:00,655.43,655.7,645.28,649.87,9138
2021-11-08 18:00:00,650.03,653.57,646.09,653.23,8655
2021-11-08 19:00:00,652.38,652.78,649.61,650.01,4896
2021-11-08 20:00:00,649.57,650.96,648.3,649.97,6658
2021-11-08 21:00:00,649.76,650.22,649.27,650.22,8134
2021-11-08 22:00:00,650.23,651.94,650.01,650.97,10823
2021-11-08 23:00:00,651.08,654.45,650.52,654.05,21084
2021-11-09 17:00:00,654.0,660.0,654.0,654.78,7036
2021-11-09 18:00:00,654.44,657.43,652.44,654.53,3715
2021-11-09 19:00:00,653.88,654.33,651.35,653.57,5211
2021-11-09 20:00:00,653.57,655.09,651.59,653.06,6209
2021-11-09 21:00:00,652.29,654.63,650.46,650.69,31739
2021-11-09 22:00:00,651.04,652.66,648.88,651.5,8763
2021-11-09 23:00:00,651.51,652.92,650.18,652.89,22869
2021-11-10 17:00:00,648.8,649.13,643.17,646.36,13327
2021-11-10 18:00:00,647.41,651.5,647.08,651.4,6660
2021-11-10 19:00:00,651.19,651.58,643.92,644.83,9723
2021-11-10 20:00:00,645.91,648.48,643.4,647.28,12621
2021-11-10 21:00:00,646.74,648.0,640.2,640.88,12343
2021-11-10 22:00:00,640.44,641.51,635.99,638.46,40234
2021-11-10 23:00:00,638.5,643.93,638.09,642.89,36304
2021-11-11 17:00:00,646.69,647.76,640.66,642.8,4281
2021-11-11 18:00:00,645.02,645.88,639.22,639.3,10650
2021-11-11 19:00:00,639.45,643.09,639.45,641.96,4341
2021-11-11 20:00:00,641.85,641.85,639.43,640.32,5681
2021-11-11 21:00:00,640.24,641.46,639.69,640.72,4784
2021-11-11 22:00:00,641.09,645.53,641.09,642.2,6215
2021-11-11 23:00:00,643.18,644.16,640.88,641.14,23679
2021-11-12 17:00:00,644.0,646.83,639.15,640.11,6518
2021-11-12 18:00:00,639.47,639.86,635.5,638.55,9669
2021-11-12 19:00:00,642.64,649.99,642.64,648.58,29739
2021-11-12 20:00:00,648.39,651.18,646.33,650.56,14348
2021-11-12 21:00:00,650.16,650.75,647.79,648.95,4241
2021-11-12 22:00:00,648.84,650.6,647.74,650.6,7144
2021-11-12 23:00:00,650.58,652.75,648.98,652.42,28123
2021-11-15 17:00:00,654.45,660.3,650.76,660.3,9235
2021-11-15 18:00:00,657.99,661.19,656.48,661.19,9596
2021-11-15 19:00:00,660.0,664.68,659.94,661.86,8836
2021-11-15 20:00:00,661.83,663.24,660.94,661.65,4428
2021-11-15 21:00:00,660.49,663.75,660.49,662.79,5628
2021-11-15 22:00:00,662.21,663.25,661.1,661.81,4708
2021-11-15 23:00:00,661.71,661.91,659.54,660.94,12839
2021-11-16 17:00:00,660.43,667.25,660.43,666.59,10052
2021-11-16 18:00:00,667.75,670.46,667.34,669.75,8408
2021-11-16 19:00:00,669.85,675.96,669.85,675.5,5512
2021-11-16 20:00:00,675.19,679.85,674.19,677.44,5923
2021-11-16 21:00:00,676.99,678.94,676.66,676.66,6017
2021-11-16 22:00:00,676.96,677.3,672.41,673.45,9471
2021-11-16 23:00:00,673.42,675.71,671.43,675.44,21238
2021-11-17 17:00:00,675.66,678.0,662.14,663.23,20421
2021-11-17 18:00:00,663.13,669.3,662.4,666.75,22421
2021-11-17 19:00:00,666.93,668.18,666.41,667.13,4946
2021-11-17 20:00:00,666.97,668.55,666.63,666.82,10250
2021-11-17 21:00:00,667.01,668.93,667.01,668.72,8117
2021-11-17 22:00:00,669.27,670.25,667.44,668.61,12264
2021-11-17 23:00:00,668.25,668.92,665.95,666.54,30592
2021-11-18 17:00:00,669.1,670.21,664.5,665.74,6264
2021-11-18 18:00:00,666.85,669.34,661.47,663.0,9379
2021-11-18 19:00:00,664.62,668.18,663.0,667.13,10233
2021-11-18 20:00:00,666.93,668.84,662.71,663.81,8064
2021-11-18 21:00:00,663.51,667.0,663.04,666.77,4158
2021-11-18 22:00:00,666.41,667.29,665.05,666.13,5011
2021-11-18 23:00:00,666.25,666.68,664.52,665.01,20630
2021-11-19 17:00:00,665.0,667.76,664.33,666.89,24572
2021-11-19 18:00:00,666.44,666.77,658.38,659.4,26951
2021-11-19 19:00:00,658.63,660.19,655.16,657.93,21335
2021-11-19 20:00:00,657.57,661.13,657.57,659.11,11899
2021-11-19 21:00:00,658.8,659.03,655.36,656.93,7077
2021-11-19 22:00:00,656.89,661.57,656.03,661.57,17196
2021-11-19 23:00:00,660.91,661.91,656.23,656.88,23326
2021-11-22 17:00:00,657.0,657.96,651.28,652.82,25284
2021-11-22 18:00:00,653.37,657.94,652.79,654.0,22486
2021-11-22 19:00:00,654.31,655.17,640.65,641.23,18808
2021-11-22 20:00:00,640.91,643.45,639.24,642.15,13001
2021-11-22 21:00:00,641.5,645.3,640.21,642.38,11310
2021-11-22 22:00:00,643.06,644.13,641.32,643.53,12854
2021-11-22 23:00:00,643.4,647.51,636.8,636.9,58599
2021-11-23 17:00:00,635.65,638.93,627.54,637.02,25136
2021-11-23 18:00:00,637.1,637.1,626.38,626.39,13905
2021-11-23 19:00:00,626.17,631.92,625.37,628.75,20903
2021-11-23 20:00:00,628.58,629.15,623.27,623.27,19192
2021-11-23 21:00:00,622.96,624.81,622.05,624.06,17593
2021-11-23 22:00:00,623.75,632.47,622.52,631.06,14484
2021-11-23 23:00:00,631.19,633.58,630.18,632.26,53404
2021-11-24 17:00:00,627.83,633.47,625.26,632.3,13606
2021-11-24 18:00:00,634.89,637.84,631.65,633.91,13930
2021-11-24 19:00:00,633.02,641.85,633.02,640.93,6577
2021-11-24 20:00:00,640.95,645.06,639.4,645.06,6584
2021-11-24 21:00:00,644.14,645.34,641.03,641.61,28278
2021-11-24 22:00:00,643.23,645.79,641.4,644.88,4656
2021-11-24 23:00:00,644.59,647.5,641.48,642.35,97069
2021-11-26 17:00:00,631.34,639.99,630.97,633.24,13667
2021-11-26 18:00:00,632.08,632.59,625.93,627.11,16165
2021-11-26 19:00:00,627.76,628.33,623.8,626.36,14978
2021-11-26 20:00:00,625.34,628.22,618.91,622.27,38718
2021-11-26 21:00:00,621.04,621.04,621.04,621.04,42235
2021-11-29 17:00:00,634.97,638.51,631.24,636.47,25864
2021-11-29 18:00:00,636.1,643.74,635.26,641.08,16191
2021-11-29 19:00:00,641.08,649.27,638.79,648.77,12040
2021-11-29 20:00:00,648.01,649.45,646.82,646.82,12257
2021-11-29 21:00:00,647.06,648.06,644.07,645.42,12945
2021-11-29 22:00:00,645.79,647.83,645.31,646.73,11286
2021-11-29 23:00:00,646.42,648.66,645.09,645.47,27307
2021-11-30 17:00:00,639.16,647.29,637.47,644.08,15994
2021-11-30 18:00:00,644.65,649.89,636.24,636.24,21156
2021-11-30 19:00:00,636.09,640.05,632.74,636.5,15260
2021-11-30 20:00:00,635.76,639.47,633.4,637.59,7640
2021-11-30 21:00:00,638.35,641.6,638.16,641.17,18735
2021-11-30 22:00:00,640.84,641.81,634.37,635.38,15762
2021-11-30 23:00:00,635.73,636.75,628.31,629.64,53904
2021-12-01 17:00:00,638.64,642.2,632.31,632.31,7985
2021-12-01 18:00:00,634.12,641.07,632.17,640.52,12037
2021-12-01 19:00:00,639.25,640.27,635.49,636.97,11623
2021-12-01 20:00:00,637.24,639.25,633.0,633.0,6250
2021-12-01 21:00:00,633.49,633.8,625.26,629.98,10445
2021-12-01 22:00:00,629.23,633.35,626.22,632.79,19080
2021-12-01 23:00:00,632.48,632.54,615.77,616.13,39010
2021-12-02 17:00:00,616.55,636.01,616.55,633.46,12211
2021-12-02 18:00:00,633.85,636.96,627.75,630.06,21259
2021-12-02 19:00:00,631.84,634.7,627.01,629.25,18905
2021-12-02 20:00:00,629.47,634.0,628.34,633.62,25591
2021-12-02 21:00:00,632.88,633.95,629.56,631.25,24729
2021-12-02 22:00:00,631.6,631.91,628.91,630.56,17091
2021-12-02 23:00:00,631.03,633.25,629.14,629.58,78361
2021-12-03 17:00:00,632.64,633.51,617.67,621.9,8851
2021-12-03 18:00:00,618.32,620.56,598.32,598.32,21192
2021-12-03 19:00:00,597.66,600.94,594.47,596.03,22483
2021-12-03 20:00:00,596.19,604.4,594.74,597.9,12289
2021-12-03 21:00:00,599.55,602.87,595.65,597.57,12333
2021-12-03 22:00:00,597.56,599.92,595.77,595.86,19437
2021-12-03 23:00:00,594.71,605.23,592.63,603.22,67637
2021-12-06 17:00:00,605.09,608.52,593.01,597.8,11596
2021-12-06 18:00:00,598.07,608.0,596.71,605.28,18914
2021-12-06 19:00:00,606.3,609.36,602.84,605.23,21319
2021-12-06 20:00:00,606.0,607.24,604.81,606.32,8937
2021-12-06 21:00:00,606.75,611.9,604.6,609.97,15147
2021-12-06 22:00:00,610.27,611.83,606.25,607.4,7658
2021-12-06 23:00:00,607.51,610.08,606.54,608.32,48012
2021-12-07 17:00:00,622.17,633.16,620.76,633.16,16760
2021-12-07 18:00:00,635.07,636.98,632.17,632.92,18877
2021-12-07 19:00:00,633.09,635.61,628.89,629.69,9419
2021-12-07 20:00:00,630.19,632.15,628.58,631.58,8331
2021-12-07 21:00:00,631.19,632.17,628.78,632.0,7429
2021-12-07 22:00:00,631.96,635.77,631.39,634.95,6751
2021-12-07 23:00:00,634.36,637.25,632.26,637.16,36248
2021-12-08 17:00:00,635.88,638.89,631.83,634.6,8871
2021-12-08 18:00:00,635.79,639.85,635.11,635.74,5556
2021-12-08 19:00:00,634.97,639.96,634.97,637.45,7201
2021-12-08 20:00:00,637.85,640.93,636.52,640.67,6455
2021-12-08 21:00:00,640.41,643.84,640.23,642.98,9644
2021-12-08 22:00:00,643.01,644.68,641.2,644.68,9321
2021-12-08 23:00:00,644.19,646.99,643.33,646.15,29941
2021-12-09 17:00:00,643.83,643.83,638.2,641.2,8506
2021-12-09 18:00:00,639.62,642.86,635.25,637.29,5711
2021-12-09 19:00:00,636.59,636.59,629.43,630.47,21998
2021-12-09 20:00:00,631.75,632.14,629.5,629.57,4837
2021-12-09 21:00:00,628.5,628.75,624.13,625.33,12020
2021-12-09 22:00:00,625.08,625.83,620.13,622.07,26326
2021-12-09 23:00:00,622.14,624.63,619.26,619.26,45068
2021-12-10 17:00:00,626.47,629.88,623.0,625.24,9102
2021-12-10 18:00:00,625.32,630.35,624.16,625.59,5330
2021-12-10 19:00:00,625.88,627.29,621.71,623.67,11520
2021-12-10 20:00:00,623.25,624.7,620.55,621.72,4782
2021-12-10 21:00:00,622.92,623.38,621.32,623.38,3539
2021-12-10 22:00:00,622.59,626.98,622.59,624.3,6878
2021-12-10 23:00:00,624.64,628.97,623.84,628.23,17167
2021-12-13 17:00:00,626.72,631.36,625.4,628.51,21223
2021-12-13 18:00:00,628.71,634.0,625.57,625.86,25712
2021-12-13 19:00:00,625.15,626.02,623.01,625.0,12703
2021-12-13 20:00:00,624.49,624.67,620.66,622.57,12764
2021-12-13 21:00:00,623.53,624.73,621.49,622.22,10343
2021-12-13 22:00:00,621.49,623.11,620.57,621.31,14474
2021-12-13 23:00:00,621.32,625.35,619.82,622.27,44283
2021-12-14 00:00:00,621.68,621.68,621.64,621.68,1000
2021-12-14 17:00:00,613.56,615.85,604.74,605.71,9120
2021-12-14 18:00:00,606.42,607.2,593.63,596.43,30598
2021-12-14 19:00:00,596.47,597.89,589.18,590.37,32773
2021-12-14 20:00:00,590.1,593.74,589.5,593.11,33707
2021-12-14 21:00:00,592.74,592.74,587.53,587.65,15989
2021-12-14 22:00:00,587.65,592.44,586.75,591.02,40373
2021-12-14 23:00:00,591.26,596.71,590.96,591.05,75233
2021-12-15 00:00:00,591.07,591.07,591.07,591.07,185784
2021-12-15 17:00:00,594.08,597.75,589.44,590.05,14212
2021-12-15 18:00:00,589.23,597.24,589.23,591.22,17398
2021-12-15 19:00:00,591.75,593.91,589.81,590.83,37821
2021-12-15 20:00:00,591.89,591.99,589.85,591.37,11541
2021-12-15 21:00:00,590.98,592.81,590.84,591.92,8770
2021-12-15 22:00:00,590.28,596.31,590.06,593.26,32858
2021-12-15 23:00:00,593.26,602.89,592.45,601.91,95542
2021-12-16 00:00:00,602.42,602.42,602.42,602.42,50343
2021-12-16 17:00:00,607.8,613.64,605.45,609.57,48046
2021-12-16 18:00:00,608.79,614.97,606.32,606.85,25688
2021-12-16 19:00:00,606.12,606.36,600.74,600.74,16461
2021-12-16 20:00:00,600.69,600.69,594.96,596.55,17873
2021-12-16 21:00:00,596.7,598.48,594.86,597.06,23215
2021-12-16 22:00:00,596.82,597.93,593.35,594.53,33986
2021-12-16 23:00:00,594.39,597.6,592.01,594.9,49681
2021-12-17 00:00:00,594.85,595.12,594.85,595.12,84374
2021-12-17 17:00:00,592.48,593.0,581.45,586.59,86472
2021-12-17 18:00:00,588.11,594.61,584.15,592.04,21398
2021-12-17 19:00:00,592.1,596.85,585.82,588.1,16592
2021-12-17 20:00:00,586.85,592.01,585.37,590.33,9981
2021-12-17 21:00:00,589.71,594.8,589.71,594.8,12870
2021-12-17 22:00:00,593.38,595.35,591.73,595.01,22666
2021-12-17 23:00:00,595.26,595.79,588.77,590.17,41805
2021-12-18 00:00:00,590.13,590.22,590.1,590.22,382994
2021-12-20 17:00:00,579.59,582.3,576.24,581.02,21654
2021-12-20 18:00:00,580.88,581.04,573.18,577.42,20125
2021-12-20 19:00:00,577.4,579.6,573.82,579.47,22271
2021-12-20 20:00:00,579.42,580.2,576.73,577.02,21402
2021-12-20 21:00:00,577.04,578.29,575.5,576.8,24609
2021-12-20 22:00:00,577.18,578.29,575.5,576.68,29761
2021-12-20 23:00:00,577.08,580.13,576.67,579.56,57957
2021-12-21 00:00:00,579.57,579.57,579.3,579.3,52024
2021-12-21 17:00:00,585.66,590.34,581.34,581.34,18163
2021-12-21 18:00:00,581.67,585.02,578.78,582.57,14435
2021-12-21 19:00:00,582.81,586.15,582.27,586.15,15426
2021-12-21 20:00:00,586.0,589.0,584.52,589.0,9685
2021-12-21 21:00:00,588.73,591.07,587.31,590.96,10660
2021-12-21 22:00:00,591.04,593.95,589.46,593.95,6429
2021-12-21 23:00:00,593.25,595.66,591.37,594.61,20415
2021-12-22 00:00:00,594.53,594.66,594.53,594.66,40512
2021-12-22 17:00:00,595.36,598.9,591.82,595.22,6429
2021-12-22 18:00:00,596.28,602.36,594.57,600.11,88252
2021-12-22 19:00:00,600.0,603.07,599.56,603.0,16284
2021-12-22 20:00:00,602.5,602.5,600.55,600.55,7810
2021-12-22 21:00:00,600.3,601.23,598.91,599.54,3550
2021-12-22 22:00:00,598.84,602.91,598.84,602.91,7008
2021-12-22 23:00:00,603.54,605.47,602.3,604.21,20153
2021-12-23 00:00:00,604.34,604.34,604.18,604.18,59958
2021-12-23 17:00:00,609.19,612.42,607.94,610.42,5316
2021-12-23 18:00:00,611.0,614.67,609.79,613.74,8284
2021-12-23 19:00:00,613.91,615.94,613.38,614.86,11164
2021-12-23 20:00:00,615.06,616.61,614.09,615.93,8259
2021-12-23 21:00:00,614.92,616.15,613.71,616.1,7820
2021-12-23 22:00:00,616.39,616.49,613.98,614.69,7346
2021-12-23 23:00:00,614.77,615.07,611.05,611.57,13566
2021-12-24 00:00:00,611.27,611.27,611.27,611.27,30378
2021-12-27 17:00:00,615.24,616.38,611.82,614.5,5335
2021-12-27 18:00:00,617.98,618.94,613.97,614.36,4236
2021-12-27 19:00:00,613.93,614.33,610.95,613.33,6751
2021-12-27 20:00:00,614.27,615.57,613.9,614.64,3729
2021-12-27 21:00:00,615.14,617.08,614.54,616.34,3337
2021-12-27 22:00:00,616.49,617.54,615.91,616.77,4539
2021-12-27 23:00:00,616.91,619.96,615.84,619.07,23790
2021-12-28 00:00:00,618.74,618.77,618.74,618.77,51553
2021-12-28 17:00:00,620.6,623.16,618.0,622.59,5808
2021-12-28 18:00:00,621.0,621.75,618.15,619.27,5990
2021-12-28 19:00:00,619.71,620.22,617.09,619.33,4318
2021-12-28 20:00:00,620.01,620.01,616.69,619.02,6752
2021-12-28 21:00:00,617.99,617.99,616.09,617.15,3840
2021-12-28 22:00:00,616.75,617.37,615.62,615.75,2625
2021-12-28 23:00:00,615.91,617.91,614.64,614.75,13260
2021-12-29 00:00:00,615.08,615.08,614.98,614.98,38534
2021-12-29 17:00:00,616.22,619.06,612.82,615.05,3082
2021-12-29 18:00:00,615.2,618.74,613.01,618.24,4639
2021-12-29 19:00:00,618.04,618.28,613.39,613.39,4161
2021-12-29 20:00:00,613.92,613.92,611.76,611.76,4989
2021-12-29 21:00:00,612.91,613.93,611.08,613.93,3956
2021-12-29 22:00:00,613.78,614.12,612.46,613.19,5809
2021-12-29 23:00:00,613.54,617.6,613.43,614.79,25100
2021-12-30 00:00:00,614.79,614.79,614.79,614.79,29161
2021-12-30 17:00:00,616.75,618.2,615.0,616.21,5063
2021-12-30 18:00:00,615.22,618.58,614.09,617.73,6407
2021-12-30 19:00:00,616.49,617.98,615.0,615.0,14092
2021-12-30 20:00:00,615.21,617.27,615.21,616.66,4581
2021-12-30 21:00:00,616.53,617.79,616.19,617.63,4368
2021-12-30 22:00:00,617.24,617.61,614.9,615.09,5451
2021-12-30 23:00:00,614.62,616.72,612.25,612.65,34220
2021-12-31 00:00:00,612.32,612.54,612.32,612.54,19337
2021-12-31 17:00:00,611.43,613.93,611.43,611.49,2818
2021-12-31 18:00:00,612.73,614.88,610.51,610.52,6542
2021-12-31 19:00:00,611.47,612.66,610.76,610.76,3224
2021-12-31 20:00:00,610.67,614.83,610.67,614.83,3887
2021-12-31 21:00:00,614.83,615.62,614.51,615.62,2101
2021-12-31 22:00:00,615.19,616.27,614.35,614.35,4500
2021-12-31 23:00:00,614.75,616.24,612.32,612.32,19747
2022-01-01 00:00:00,612.88,612.94,612.88,612.94,253
2022-01-03 17:00:00,614.33,617.13,601.65,601.65,13824
2022-01-03 18:00:00,603.83,604.37,591.39,593.51,20443
2022-01-03 19:00:00,593.97,593.97,589.0,590.92,12529
2022-01-03 20:00:00,590.5,593.33,589.61,590.82,12406
2022-01-03 21:00:00,591.54,596.17,591.36,595.65,14367
2022-01-03 22:00:00,595.9,597.0,594.14,595.0,14951
2022-01-03 23:00:00,594.68,596.48,593.03,595.19,34089
2022-01-04 00:00:00,595.58,595.58,595.58,595.58,43747
2022-01-04 17:00:00,605.17,606.32,594.08,594.56,29196
2022-01-04 18:00:00,594.35,595.65,587.51,589.0,18732
2022-01-04 19:00:00,588.67,592.81,587.18,592.06,19009
2022-01-04 20:00:00,592.0,593.46,587.8,588.71,12875
2022-01-04 21:00:00,588.0,589.9,584.03,585.01,13840
2022-01-04 22:00:00,585.26,591.73,585.26,590.35,10001
2022-01-04 23:00:00,591.65,594.74,590.82,590.96,47039
2022-01-05 00:00:00,591.0,591.53,591.0,591.13,79102
2022-01-05 17:00:00,590.18,591.83,585.0,589.73,10386
2022-01-05 18:00:00,589.1,590.26,585.29,587.8,24026
2022-01-05 19:00:00,588.05,588.95,585.37,585.46,16361
2022-01-05 20:00:00,585.63,586.47,584.05,586.33,13198
2022-01-05 21:00:00,585.74,586.31,581.09,581.12,22255
2022-01-05 22:00:00,582.21,583.72,573.01,573.73,38275
2022-01-05 23:00:00,573.65,573.76,565.21,566.33,115004
2022-01-06 00:00:00,566.33,566.33,566.12,566.12,104657
2022-01-06 17:00:00,562.6,562.6,550.23,555.89,40979
2022-01-06 18:00:00,556.32,564.39,550.22,561.51,56119
2022-01-06 19:00:00,561.83,564.75,557.91,563.23,36558
2022-01-06 20:00:00,563.53,565.67,562.53,564.2,87969
2022-01-06 21:00:00,563.82,564.41,558.98,564.03,28762
2022-01-06 22:00:00,564.03,565.22,561.88,563.6,37206
2022-01-06 23:00:00,564.09,566.0,560.55,562.98,101473
2022-01-07 00:00:00,562.96,562.98,562.96,562.98,48463
2022-01-07 17:00:00,562.98,566.17,557.77,562.05,24003
2022-01-07 18:00:00,563.48,563.48,555.89,557.22,37650
2022-01-07 19:00:00,557.36,560.6,557.35,557.94,21711
2022-01-07 20:00:00,558.19,558.19,555.37,556.16,23520
2022-01-07 21:00:00,555.74,557.27,555.17,556.14,28204
2022-01-07 22:00:00,556.03,557.29,554.67,556.05,39644
2022-01-07 23:00:00,555.54,556.15,551.68,552.01,76120
2022-01-08 00:00:00,552.0,552.0,552.0,552.0,104059
2022-01-10 17:00:00,542.48,545.08,533.07,533.87,42666
2022-01-10 18:00:00,533.47,537.92,528.37,535.29,92250
2022-01-10 19:00:00,535.48,540.1,533.38,538.0,97195
2022-01-10 20:00:00,537.74,540.45,535.0,538.89,45302
2022-01-10 21:00:00,538.71,540.87,537.35,539.39,49523
2022-01-10 22:00:00,539.05,544.62,539.05,542.22,58842
2022-01-10 23:00:00,542.65,542.81,539.58,541.71,196913
2022-01-11 00:00:00,542.45,542.45,542.14,542.14,1773
2022-01-11 17:00:00,544.25,546.89,539.34,543.62,38782
2022-01-11 18:00:00,543.44,548.87,542.36,547.7,61966
2022-01-11 19:00:00,547.7,552.64,546.45,551.61,30853
2022-01-11 20:00:00,551.11,551.72,547.64,549.93,19170
2022-01-11 21:00:00,550.43,554.1,549.88,552.75,22880
2022-01-11 22:00:00,552.45,555.19,551.34,554.2,31175
2022-01-11 23:00:00,554.61,555.47,553.0,553.25,138392
2022-01-12 00:00:00,553.33,553.33,553.32,553.32,164444
2022-01-12 17:00:00,560.68,568.0,559.58,562.06,41106
2022-01-12 18:00:00,561.91,563.34,556.47,556.52,52618
2022-01-12 19:00:00,556.67,561.9,555.0,560.42,25267
2022-01-12 20:00:00,560.16,562.73,559.4,561.68,20649
2022-01-12 21:00:00,561.58,561.77,559.62,560.58,15074
2022-01-12 22:00:00,560.41,561.58,559.53,560.48,20541
2022-01-12 23:00:00,560.49,561.02,558.01,559.46,40673
2022-01-13 00:00:00,559.06,559.56,559.06,559.08,76160
2022-01-13 17:00:00,559.04,564.04,558.43,559.36,25118
2022-01-13 18:00:00,557.87,557.87,547.69,549.62,26371
2022-01-13 19:00:00,549.78,553.06,546.5,549.77,28172
2022-01-13 20:00:00,547.55,547.55,539.65,542.13,20445
2022-01-13 21:00:00,541.67,542.89,539.93,542.21,20101
2022-01-13 22:00:00,541.92,543.47,537.39,538.98,29022
2022-01-13 23:00:00,538.79,539.44,530.56,533.92,123523
2022-01-14 00:00:00,533.82,533.82,533.23,533.41,62715
2022-01-14 17:00:00,530.25,530.28,523.63,527.91,30024
2022-01-14 18:00:00,527.81,527.82,517.29,520.28,57003
2022-01-14 19:00:00,520.9,522.03,518.21,520.42,47466
2022-01-14 20:00:00,520.64,524.02,520.16,521.11,20759
2022-01-14 21:00:00,521.07,521.99,517.88,521.9,15733
2022-01-14 22:00:00,521.5,524.58,521.36,523.37,20837
2022-01-14 23:00:00,523.51,528.98,523.51,526.45,52016
2022-01-15 00:00:00,526.97,526.97,526.74,526.74,88513
2022-01-18 17:00:00,513.68,519.24,508.52,517.98,37446
2022-01-18 18:00:00,516.47,519.87,512.18,513.89,82519
2022-01-18 19:00:00,513.98,521.42,511.27,519.59,47284
2022-01-18 20:00:00,518.3,520.2,514.91,515.23,42591
2022-01-18 21:00:00,515.22,520.91,514.12,520.45,26719
2022-01-18 22:00:00,520.28,522.88,519.89,521.89,22267
2022-01-18 23:00:00,521.58,521.58,515.71,517.33,70274
2022-01-19 00:00:00,516.68,517.4,516.68,516.69,103445
2022-01-19 17:00:00,522.42,531.46,522.42,529.73,25241
2022-01-19 18:00:00,530.4,532.05,520.83,522.0,47957
2022-01-19 19:00:00,521.87,524.99,519.27,524.24,27375
2022-01-19 20:00:00,524.44,526.44,523.59,525.69,25980
2022-01-19 21:00:00,525.44,525.93,520.25,521.31,22949
2022-01-19 22:00:00,521.27,521.79,519.07,520.68,29444
2022-01-19 23:00:00,519.95,520.15,512.83,513.32,71782
2022-01-20 00:00:00,513.66,513.66,513.4,513.4,49840
2022-01-20 17:00:00,520.03,532.69,517.88,528.51,54234
2022-01-20 18:00:00,527.44,531.67,524.83,526.98,50667
2022-01-20 19:00:00,527.35,531.49,526.2,527.16,41053
2022-01-20 20:00:00,526.97,529.8,526.97,528.88,28679
2022-01-20 21:00:00,528.54,530.0,525.07,527.28,23541
2022-01-20 22:00:00,527.31,529.05,523.09,523.89,31249
2022-01-20 23:00:00,523.66,525.31,514.75,516.4,98320
2022-01-21 00:00:00,516.39,516.39,515.85,515.85,36252
2022-01-21 17:00:00,513.73,515.98,508.9,509.09,44167
2022-01-21 18:00:00,509.49,512.19,503.68,509.95,61391
2022-01-21 19:00:00,511.23,515.04,509.2,510.43,41669
2022-01-21 20:00:00,510.41,512.88,508.05,510.01,31413
2022-01-21 21:00:00,510.32,511.65,507.22,507.64,21106
2022-01-21 22:00:00,507.9,510.67,504.8,504.94,26711
2022-01-21 23:00:00,504.96,506.78,499.58,500.73,101084
2022-01-22 00:00:00,501.24,501.26,500.72,500.82,106996
2022-01-24 17:00:00,490.2,492.85,482.94,483.57,66112
2022-01-24 18:00:00,486.03,490.1,480.01,485.02,100174
2022-01-24 19:00:00,484.66,485.0,476.19,481.78,71944
2022-01-24 20:00:00,481.7,484.79,475.0,482.58,44062
2022-01-24 21:00:00,483.19,497.54,482.75,497.54,38561
2022-01-24 22:00:00,497.55,499.24,489.16,494.11,52250
2022-01-24 23:00:00,495.46,508.34,494.91,506.94,150274
2022-01-25 00:00:00,507.76,507.76,507.07,507.07,63277
2022-01-25 17:00:00,495.27,501.43,489.79,493.64,34021
2022-01-25 18:00:00,493.51,501.03,491.16,497.23,53272
2022-01-25 19:00:00,497.25,498.36,489.64,492.04,44007
2022-01-25 20:00:00,491.58,495.09,490.56,491.8,21460
2022-01-25 21:00:00,491.92,499.74,490.33,499.28,26158
2022-01-25 22:00:00,499.5,503.04,497.19,502.99,35520
2022-01-25 23:00:00,503.17,503.17,490.78,493.42,75025
2022-01-26 00:00:00,493.41,493.41,492.92,492.92,62051
2022-01-26 17:00:00,503.5,510.17,500.23,507.98,61838
2022-01-26 18:00:00,509.16,511.72,505.06,506.2,72126
2022-01-26 19:00:00,505.88,509.68,505.0,508.07,72577
2022-01-26 20:00:00,508.04,510.68,508.0,510.64,38887
2022-01-26 21:00:00,510.47,510.47,506.1,506.81,40966
2022-01-26 22:00:00,506.93,512.38,495.47,497.11,89499
2022-01-26 23:00:00,496.49,496.62,485.63,491.23,115410
2022-01-27 00:00:00,491.23,492.13,491.23,492.13,63001
2022-01-27 17:00:00,491.28,516.9,491.28,508.33,64167
2022-01-27 18:00:00,508.33,509.13,492.04,500.0,99118
2022-01-27 19:00:00,500.59,504.49,492.91,499.56,93677
2022-01-27 20:00:00,498.71,501.03,491.89,496.46,54150
2022-01-27 21:00:00,496.46,496.62,490.16,493.59,75298
2022-01-27 22:00:00,494.12,497.2,491.24,492.24,58347
2022-01-27 23:00:00,492.77,497.23,488.67,491.56,145016
2022-01-28 00:00:00,491.79,491.79,491.79,491.79,136897
2022-01-28 17:00:00,483.49,486.01,477.45,479.92,25961
2022-01-28 18:00:00,479.29,489.29,477.77,488.28,34473
2022-01-28 19:00:00,489.37,495.53,487.06,494.82,33285
2022-01-28 20:00:00,494.75,496.43,491.39,492.08,27445
2022-01-28 21:00:00,492.24,498.99,491.44,497.02,29933
2022-01-28 22:00:00,497.31,499.88,492.15,499.8,25420
2022-01-28 23:00:00,499.48,509.54,498.67,508.14,105059
2022-01-29 00:00:00,508.13,508.13,508.13,508.13,56324
2022-01-31 17:00:00,511.11,523.79,511.09,520.89,48153
2022-01-31 18:00:00,520.91,526.49,519.64,525.01,53994
2022-01-31 19:00:00,524.9,530.53,523.78,529.26,41205
2022-01-31 20:00:00,529.68,529.68,523.4,525.07,52986
2022-01-31 21:00:00,525.82,527.95,523.84,527.66,43510
2022-01-31 22:00:00,527.47,533.14,527.01,531.57,59178
2022-01-31 23:00:00,531.04,537.2,527.17,535.56,120793
2022-02-01 17:00:00,538.5,541.63,531.62,534.39,64863
2022-02-01 18:00:00,534.47,537.34,527.1,535.93,112455
2022-02-01 19:00:00,536.06,541.31,536.06,540.13,34355
2022-02-01 20:00:00,539.72,544.9,538.13,544.9,58982
2022-02-01 21:00:00,544.74,545.09,540.45,542.12,32145
2022-02-01 22:00:00,542.37,542.61,539.48,541.09,27273
2022-02-01 23:00:00,540.84,546.23,540.74,544.69,93722
2022-02-02 00:00:00,545.41,545.41,544.7,545.4,131489
2022-02-02 17:00:00,561.23,561.23,545.17,545.94,54537
2022-02-02 18:00:00,547.52,551.86,542.65,543.38,29661
2022-02-02 19:00:00,543.72,546.88,539.42,546.69,55787
2022-02-02 20:00:00,546.66,550.29,544.59,550.27,29415
2022-02-02 21:00:00,550.39,551.11,548.0,548.4,20846
2022-02-02 22:00:00,548.71,548.98,545.09,545.18,28924
2022-02-02 23:00:00,545.58,550.0,544.56,549.45,94366
2022-02-03 00:00:00,549.46,549.83,548.97,549.83,137276
2022-02-03 17:00:00,540.0,541.47,534.16,535.96,117041
2022-02-03 18:00:00,536.1,540.76,535.86,536.85,35063
2022-02-03 19:00:00,536.85,540.91,535.98,539.78,19249
2022-02-03 20:00:00,539.8,544.25,539.03,540.11,50706
2022-02-03 21:00:00,540.06,543.03,539.64,541.1,30026
2022-02-03 22:00:00,541.56,544.39,541.38,543.39,40612
2022-02-03 23:00:00,543.77,546.2,539.14,540.75,125131
2022-02-04 00:00:00,540.0,540.31,540.0,540.31,44230
2022-02-04 17:00:00,537.47,545.33,532.54,545.0,14667
2022-02-04 18:00:00,545.18,551.45,544.57,549.62,42967
2022-02-04 19:00:00,549.74,559.97,549.28,555.69,63566
2022-02-04 20:00:00,554.64,555.91,552.07,555.12,38360
2022-02-04 21:00:00,555.77,560.83,555.77,558.68,54058
2022-02-04 22:00:00,558.82,560.77,556.81,557.45,41948
2022-02-04 23:00:00,558.55,563.23,554.33,554.4,133502
2022-02-05 00:00:00,554.86,554.86,554.71,554.71,42942
2022-02-07 17:00:00,551.75,555.21,547.23,552.63,21218
2022-02-07 18:00:00,553.41,561.0,551.13,555.66,66158
2022-02-07 19:00:00,555.47,556.5,545.73,548.58,18394
2022-02-07 20:00:00,548.1,550.52,546.24,547.12,24499
2022-02-07 21:00:00,547.73,552.48,547.73,550.99,22467
2022-02-07 22:00:00,550.99,553.02,549.26,552.36,16192
2022-02-07 23:00:00,551.96,554.06,546.55,550.7,96073
2022-02-08 00:00:00,550.45,550.72,550.45,550.45,88719
2022-02-08 17:00:00,528.94,538.06,527.62,534.83,49443
2022-02-08 18:00:00,534.19,535.0,524.95,532.54,62686
2022-02-08 19:00:00,532.84,541.63,531.95,540.02,40749
2022-02-08 20:00:00,540.93,543.61,537.51,542.0,18439
2022-02-08 21:00:00,541.4,543.02,540.36,541.91,23314
2022-02-08 22:00:00,542.3,544.1,540.44,542.37,27770
2022-02-08 23:00:00,541.91,547.01,541.05,546.3,68091
2022-02-09 00:00:00,546.14,546.14,546.14,546.14,41730
2022-02-09 17:00:00,537.95,558.86,536.0,556.81,41283
2022-02-09 18:00:00,557.45,561.17,554.79,558.94,33243
2022-02-09 19:00:00,558.72,564.22,558.56,563.19,42374
2022-02-09 20:00:00,562.74,564.27,559.3,560.29,31082
2022-02-09 21:00:00,560.59,563.29,559.46,560.39,21636
2022-02-09 22:00:00,560.58,563.57,560.58,561.4,21713
2022-02-09 23:00:00,561.28,563.86,558.43,561.27,60398
2022-02-10 00:00:00,561.27,561.47,561.27,561.47,30056
2022-02-10 17:00:00,549.58,554.83,546.31,553.32,22611
2022-02-10 18:00:00,554.28,558.5,552.25,553.02,25223
2022-02-10 19:00:00,552.57,554.93,550.34,554.86,15201
2022-02-10 20:00:00,554.72,557.25,550.96,552.88,15341
2022-02-10 21:00:00,552.75,553.49,545.59,549.99,16040
2022-02-10 22:00:00,549.81,549.89,544.85,545.92,18395
2022-02-10 23:00:00,544.89,548.02,540.88,543.91,59297
2022-02-11 00:00:00,545.11,545.11,545.11,545.11,44113
2022-02-11 17:00:00,545.96,550.23,542.9,542.9,9000
2022-02-11 18:00:00,542.76,547.51,541.45,543.04,7356
2022-02-11 19:00:00,542.43,544.43,539.22,542.41,13965
2022-02-11 20:00:00,542.46,543.91,541.14,541.96,12025
2022-02-11 21:00:00,541.82,544.5,532.1,532.62,44411
2022-02-11 22:00:00,532.8,537.96,530.44,532.71,16451
2022-02-11 23:00:00,534.04,535.6,530.0,533.69,54363
2022-02-12 00:00:00,534.26,534.26,534.26,534.26,3181
2022-02-14 17:00:00,533.11,536.42,531.74,534.18,11758
2022-02-14 18:00:00,533.46,534.18,527.43,532.24,24043
2022-02-14 19:00:00,532.35,533.36,528.31,530.83,14348
2022-02-14 20:00:00,530.81,533.93,530.34,532.09,11209
2022-02-14 21:00:00,532.8,532.8,524.1,524.58,15745
2022-02-14 22:00:00,524.72,530.61,521.92,529.98,24909
2022-02-14 23:00:00,530.58,534.52,528.19,532.93,79460
2022-02-15 00:00:00,533.5,533.5,532.58,532.97,61297
2022-02-15 17:00:00,545.14,550.94,540.4,545.77,15366
2022-02-15 18:00:00,547.01,548.66,542.37,546.46,31421
2022-02-15 19:00:00,546.94,548.32,545.27,546.52,32417
2022-02-15 20:00:00,544.97,544.97,539.26,540.45,41408
2022-02-15 21:00:00,541.53,544.49,540.28,542.97,10364
2022-02-15 22:00:00,543.36,546.36,541.0,545.01,23958
2022-02-15 23:00:00,545.52,546.92,542.85,545.75,42180
2022-02-16 00:00:00,545.94,546.58,545.94,546.38,69485
2022-02-16 17:00:00,543.5,545.99,534.33,537.31,7491
2022-02-16 18:00:00,536.87,542.43,534.48,541.56,11150
2022-02-16 19:00:00,540.75,542.45,539.1,540.5,9598
2022-02-16 20:00:00,541.12,542.38,538.17,540.0,6859
2022-02-16 21:00:00,538.74,541.34,538.04,539.65,8463
2022-02-16 22:00:00,541.69,545.75,539.55,544.46,9378
2022-02-16 23:00:00,545.02,547.14,543.5,544.37,38745
2022-02-17 00:00:00,543.6,543.6,543.6,543.6,37083
2022-02-17 17:00:00,536.18,538.84,528.43,531.08,14884
2022-02-17 18:00:00,530.36,534.79,528.64,534.31,24077
2022-02-17 19:00:00,535.0,538.14,533.07,536.54,30155
2022-02-17 20:00:00,536.8,537.53,534.98,536.66,18629
2022-02-17 21:00:00,536.65,537.62,535.05,537.62,14983
2022-02-17 22:00:00,537.33,537.85,532.57,533.79,21123
2022-02-17 23:00:00,533.79,534.49,530.14,531.5,69783
2022-02-18 00:00:00,531.48,531.48,531.48,531.48,112912
2022-02-18 17:00:00,533.27,538.39,528.85,536.32,17406
2022-02-18 18:00:00,536.06,536.06,528.09,528.18,8046
2022-02-18 19:00:00,527.07,527.59,523.59,524.67,11294
2022-02-18 20:00:00,524.46,528.59,523.54,524.98,5751
2022-02-18 21:00:00,523.79,528.26,523.68,527.73,7036
2022-02-18 22:00:00,527.98,532.08,527.03,530.57,9942
2022-02-18 23:00:00,531.2,531.51,525.41,527.25,45705
2022-02-19 00:00:00,527.0,527.0,527.0,527.0,59191
2022-02-22 17:00:00,521.47,533.13,519.2,526.26,77836
2022-02-22 18:00:00,527.67,530.43,522.68,522.68,34358
2022-02-22 19:00:00,523.37,524.51,519.43,522.33,20337
2022-02-22 20:00:00,524.18,524.74,520.19,521.9,22224
2022-02-22 21:00:00,520.22,522.32,516.65,517.15,17346
2022-02-22 22:00:00,517.5,525.01,516.0,523.0,19527
2022-02-22 23:00:00,523.52,526.31,517.23,521.28,70072
2022-02-23 00:00:00,521.26,521.31,521.25,521.31,61649
2022-02-23 17:00:00,526.09,530.88,524.0,527.74,30462
2022-02-23 18:00:00,527.69,527.85,522.08,522.48,15171
2022-02-23 19:00:00,522.32,524.92,518.79,523.74,39638
2022-02-23 20:00:00,524.09,527.65,522.36,523.74,22650
2022-02-23 21:00:00,523.6,523.86,518.68,519.86,16450
2022-02-23 22:00:00,520.74,520.74,514.22,516.27,22290
2022-02-23 23:00:00,516.24,516.64,507.72,509.53,103382
2022-02-24 00:00:00,508.95,509.4,508.95,509.4,73287
2022-02-24 17:00:00,491.95,501.61,490.19,500.93,97737
2022-02-24 18:00:00,500.78,503.96,494.4,501.63,156322
2022-02-24 19:00:00,501.62,502.14,496.73,500.82,129963
2022-02-24 20:00:00,500.77,501.05,493.0,497.74,59286
2022-02-24 21:00:00,498.23,502.09,497.24,499.06,85835
2022-02-24 22:00:00,499.2,502.99,496.26,499.9,121959
2022-02-24 23:00:00,500.23,509.98,499.01,508.5,280013
2022-02-25 00:00:00,508.5,508.9,508.13,508.47,103537
2022-02-25 17:00:00,510.96,517.46,510.02,510.4,13043
2022-02-25 18:00:00,508.54,508.55,500.83,505.16,57633
2022-02-25 19:00:00,504.84,514.15,503.93,513.23,51206
2022-02-25 20:00:00,513.21,514.95,509.65,512.45,38073
2022-02-25 21:00:00,513.18,515.05,510.54,511.86,48825
2022-02-25 22:00:00,511.86,512.91,505.56,507.81,84010
2022-02-25 23:00:00,507.21,513.21,505.91,513.21,170160
2022-02-26 00:00:00,513.21,513.21,512.51,513.21,97345
2022-02-28 17:00:00,504.87,508.73,500.32,507.1,20873
2022-02-28 18:00:00,507.07,507.13,501.22,505.57,28783
2022-02-28 19:00:00,506.79,509.2,505.26,506.67,38856
2022-02-28 20:00:00,506.58,507.78,498.72,500.76,27861
2022-02-28 21:00:00,500.61,503.63,500.23,502.0,26101
2022-02-28 22:00:00,501.67,502.0,496.64,500.92,51907
2022-02-28 23:00:00,500.64,503.16,497.08,501.92,140661
2022-03-01 00:00:00,501.69,501.69,501.69,501.69,119958
2022-03-01 17:00:00,502.27,507.21,498.01,507.16,44144
2022-03-01 18:00:00,507.81,514.0,505.05,512.28,49039
2022-03-01 19:00:00,511.82,514.0,505.64,505.99,52372
2022-03-01 20:00:00,505.68,509.02,502.18,509.0,49444
2022-03-01 21:00:00,508.78,509.39,501.0,503.03,39710
2022-03-01 22:00:00,502.24,505.95,500.23,501.04,52626
2022-03-01 23:00:00,500.66,505.32,497.18,500.35,108862
2022-03-02 00:00:00,500.35,500.38,500.07,500.38,155572
2022-03-02 17:00:00,506.62,511.0,503.98,508.88,19869
2022-03-02 18:00:00,510.16,512.0,507.8,510.0,42265
2022-03-02 19:00:00,509.72,514.19,509.38,510.32,41404
2022-03-02 20:00:00,510.29,513.56,510.21,511.52,32034
2022-03-02 21:00:00,512.32,514.67,511.91,513.24,26447
2022-03-02 22:00:00,513.24,514.79,511.99,512.54,22696
2022-03-02 23:00:00,512.53,513.96,510.27,511.08,108333
2022-03-03 00:00:00,511.09,511.13,511.09,511.09,53323
2022-03-03 17:00:00,516.25,519.02,510.68,515.6,14832
2022-03-03 18:00:00,515.63,516.79,508.73,509.73,20288
2022-03-03 19:00:00,509.18,513.25,508.79,510.88,32015
2022-03-03 20:00:00,510.88,514.26,508.74,512.41,12427
2022-03-03 21:00:00,512.38,513.43,510.84,510.84,16411
2022-03-03 22:00:00,510.79,514.15,509.75,510.53,18683
2022-03-03 23:00:00,510.39,510.39,504.99,506.74,21997
2022-03-04 00:00:00,506.99,507.11,506.99,507.11,84528
2022-03-04 17:00:00,505.2,505.2,496.43,499.12,16319
2022-03-04 18:00:00,499.85,500.59,492.39,492.45,36553
2022-03-04 19:00:00,492.98,497.06,491.19,493.49,28857
2022-03-04 20:00:00,493.61,500.25,492.7,499.8,15517
2022-03-04 21:00:00,500.19,502.6,497.44,497.66,39180
2022-03-04 22:00:00,498.5,498.66,492.51,492.52,56897
2022-03-04 23:00:00,492.88,497.98,491.21,497.65,91503
2022-03-05 00:00:00,497.98,497.98,497.78,497.78,58823
2022-03-07 17:00:00,497.2,497.56,486.99,493.64,21877
2022-03-07 18:00:00,491.19,493.16,480.82,481.26,29458
2022-03-07 19:00:00,480.84,483.1,479.39,479.47,28776
2022-03-07 20:00:00,479.74,480.53,477.35,477.87,39305
2022-03-07 21:00:00,477.93,480.23,475.6,475.72,25183
2022-03-07 22:00:00,476.75,477.84,471.11,472.31,41749
2022-03-07 23:00:00,472.86,473.32,466.91,467.93,126162
2022-03-08 00:00:00,467.98,467.98,467.4,467.4,103698
2022-03-08 17:00:00,468.01,470.96,462.15,463.25,29842
2022-03-08 18:00:00,462.02,462.73,450.85,457.01,68153
2022-03-08 19:00:00,456.81,459.61,451.2,452.06,87372
2022-03-08 20:00:00,452.9,469.3,452.57,468.72,26665
2022-03-08 21:00:00,469.63,471.74,461.62,461.62,26579
2022-03-08 22:00:00,461.7,470.91,457.77,469.61,38074
2022-03-08 23:00:00,469.84,473.64,464.75,466.02,158165
2022-03-09 00:00:00,466.02,466.02,466.0,466.0,49175
2022-03-09 17:00:00,479.81,484.01,475.16,477.86,30463
2022-03-09 18:00:00,478.48,483.56,477.18,483.32,30943
2022-03-09 19:00:00,483.16,487.85,481.18,487.85,22148
2022-03-09 20:00:00,487.68,489.45,485.86,489.36,38157
2022-03-09 21:00:00,489.12,493.7,486.92,487.64,31062
2022-03-09 22:00:00,488.42,493.21,488.42,493.21,48050
2022-03-09 23:00:00,493.07,495.25,487.51,488.07,110602
2022-03-10 00:00:00,488.13,488.6,487.96,488.13,70221
2022-03-10 17:00:00,477.19,481.16,468.2,474.36,29977
2022-03-10 18:00:00,474.86,476.61,466.22,466.87,40472
2022-03-10 19:00:00,466.58,466.7,458.45,464.45,91499
2022-03-10 20:00:00,464.24,466.39,463.0,464.57,29398
2022-03-10 21:00:00,464.6,469.16,463.8,467.18,68060
2022-03-10 22:00:00,467.01,469.81,465.0,466.54,64189
2022-03-10 23:00:00,466.74,467.07,463.41,465.24,87985
2022-03-11 00:00:00,465.53,465.53,465.26,465.26,85498
2022-03-11 17:00:00,469.12,473.35,463.47,463.64,17715
2022-03-11 18:00:00,461.87,462.94,458.48,459.79,70431
2022-03-11 19:00:00,459.79,461.26,454.48,461.22,97850
2022-03-11 20:00:00,460.72,465.81,459.47,465.01,23855
2022-03-11 21:00:00,464.55,465.31,463.18,463.18,27171
2022-03-11 22:00:00,462.67,464.68,461.93,463.19,17472
2022-03-11 23:00:00,462.83,463.27,456.21,456.93,65839
2022-03-12 00:00:00,457.07,457.07,456.45,456.63,88125
2022-03-14 16:00:00,460.0,461.92,456.15,458.32,21458
2022-03-14 17:00:00,458.48,460.88,454.91,458.65,83406
2022-03-14 18:00:00,459.58,460.23,453.94,454.63,59611
2022-03-14 19:00:00,455.64,457.48,452.87,455.95,21736
2022-03-14 20:00:00,455.18,457.37,452.56,454.51,29027
2022-03-14 21:00:00,455.01,457.97,455.01,457.56,26720
2022-03-14 22:00:00,458.04,459.31,455.79,457.36,64303
2022-03-14 23:00:00,457.32,457.33,457.32,457.33,102326
2022-03-15 16:00:00,464.81,466.39,460.0,465.3,20568
2022-03-15 17:00:00,464.9,473.15,463.8,472.3,40840
2022-03-15 18:00:00,472.52,474.28,469.53,470.36,25712
2022-03-15 19:00:00,469.89,474.26,469.02,471.29,21212
2022-03-15 20:00:00,471.93,471.93,468.04,470.38,14338
2022-03-15 21:00:00,470.72,471.01,467.58,469.36,35455
2022-03-15 22:00:00,469.35,473.49,468.29,471.68,66718
2022-03-15 23:00:00,471.69,471.69,470.94,470.94,61929
2022-03-16 16:00:00,479.68,490.73,479.52,488.8,14225
2022-03-16 17:00:00,489.61,493.6,487.05,489.45,19041
2022-03-16 18:00:00,489.63,489.63,486.63,487.24,28146
2022-03-16 19:00:00,487.93,488.93,483.16,486.08,35158
2022-03-16 20:00:00,486.33,487.1,482.59,486.42,18101
2022-03-16 21:00:00,485.38,486.72,476.63,484.73,23886
2022-03-16 22:00:00,484.33,493.22,483.69,492.98,71377
2022-03-16 23:00:00,493.25,493.25,492.96,492.96,84018
2022-03-17 16:00:00,487.01,493.94,485.81,493.94,9919
2022-03-17 17:00:00,494.67,496.82,489.79,489.79,28518
2022-03-17 18:00:00,489.04,491.81,487.99,490.05,22361
2022-03-17 19:00:00,490.51,493.06,489.92,492.73,12412
2022-03-17 20:00:00,492.46,495.32,491.9,494.77,27343
2022-03-17 21:00:00,494.94,495.08,492.33,494.89,25914
2022-03-17 22:00:00,494.44,498.45,492.74,498.45,50438
2022-03-17 23:00:00,498.45,498.45,498.43,498.44,139422
2022-03-18 16:00:00,500.48,508.22,498.82,508.22,74738
2022-03-18 17:00:00,508.72,511.69,503.1,506.0,16314
2022-03-18 18:00:00,506.65,508.65,505.65,506.28,17619
2022-03-18 19:00:00,506.95,512.56,506.38,512.26,14918
2022-03-18 20:00:00,512.3,515.78,511.91,515.21,18849
2022-03-18 21:00:00,515.48,517.66,515.28,516.67,36023
2022-03-18 22:00:00,516.66,522.74,516.35,520.39,105764
2022-03-18 23:00:00,520.39,520.56,520.24,520.34,289718
2022-03-21 16:00:00,513.89,519.99,509.29,509.29,19366
2022-03-21 17:00:00,508.72,509.84,502.03,506.6,24035
2022-03-21 18:00:00,506.86,513.65,505.12,513.62,21091
2022-03-21 19:00:00,512.44,512.8,507.32,508.05,10189
2022-03-21 20:00:00,507.95,509.39,505.02,506.51,12258
2022-03-21 21:00:00,507.17,508.71,504.2,504.31,19286
2022-03-21 22:00:00,504.17,507.68,503.83,507.5,61207
2022-03-21 23:00:00,507.5,507.5,506.75,507.0,131832
2022-03-22 16:00:00,512.29,514.92,503.82,508.43,20501
2022-03-22 17:00:00,509.51,513.47,509.16,510.9,33723
2022-03-22 18:00:00,511.22,511.78,509.12,510.03,26850
2022-03-22 19:00:00,509.97,511.93,509.0,509.85,13327
2022-03-22 20:00:00,510.0,511.12,508.52,509.46,14127
2022-03-22 21:00:00,509.44,510.05,507.69,508.95,15315
2022-03-22 22:00:00,508.66,510.6,507.94,509.53,65906
2022-03-22 23:00:00,509.76,509.76,509.76,509.76,156082
2022-03-23 16:00:00,504.0,505.38,498.21,500.3,11891
2022-03-23 17:00:00,499.39,501.02,496.55,498.46,20474
2022-03-23 18:00:00,498.63,500.83,498.31,500.34,45564
2022-03-23 19:00:00,500.49,501.0,498.29,498.63,23287
2022-03-23 20:00:00,498.42,498.9,494.51,495.21,21749
2022-03-23 21:00:00,495.03,496.43,493.6,494.5,58880
2022-03-23 22:00:00,494.06,494.76,490.76,491.37,114004
2022-03-23 23:00:00,491.16,491.74,491.16,491.25,130968
2022-03-24 16:00:00,493.7,499.0,492.08,493.9,9703
2022-03-24 17:00:00,493.55,495.56,490.7,492.69,21637
2022-03-24 18:00:00,492.67,496.68,492.67,496.68,40708
2022-03-24 19:00:00,496.65,496.65,493.41,495.07,19326
2022-03-24 20:00:00,494.86,496.16,494.37,494.69,56903
2022-03-24 21:00:00,494.85,495.44,493.92,494.72,21152
2022-03-24 22:00:00,494.33,495.74,493.32,495.74,65346
2022-03-24 23:00:00,495.63,495.73,495.61,495.73,62164
2022-03-25 16:00:00,498.77,498.98,490.28,490.54,16320
2022-03-25 17:00:00,489.32,494.03,486.81,492.33,12333
2022-03-25 18:00:00,493.13,493.13,488.15,489.72,16761
2022-03-25 19:00:00,489.88,491.27,488.53,490.14,17761
2022-03-25 20:00:00,490.24,490.9,488.02,489.22,15108
2022-03-25 21:00:00,489.07,490.05,488.61,489.03,30090
2022-03-25 22:00:00,489.24,490.39,486.56,490.05,79979
2022-03-25 23:00:00,490.05,490.31,490.05,490.31,36390
2022-03-28 16:00:00,493.4,500.42,492.23,499.12,176006
2022-03-28 17:00:00,499.61,500.14,494.05,497.93,68789
2022-03-28 18:00:00,498.18,500.62,497.02,498.14,61250
2022-03-28 19:00:00,498.8,501.34,498.43,501.34,22290
2022-03-28 20:00:00,501.35,504.5,500.42,502.53,75222
2022-03-28 21:00:00,502.43,502.8,497.03,502.06,110980
2022-03-28 22:00:00,502.14,507.82,501.13,507.81,109526
2022-03-28 23:00:00,507.8,507.81,507.8,507.81,112947
2022-03-29 16:00:00,517.27,525.34,516.29,524.08,27951
2022-03-29 17:00:00,524.02,526.29,513.01,514.2,85382
2022-03-29 18:00:00,514.6,515.67,510.8,514.36,46751
2022-03-29 19:00:00,514.3,515.78,511.11,515.36,27230
2022-03-29 20:00:00,515.19,517.54,513.8,517.54,33942
2022-03-29 21:00:00,517.33,519.65,517.31,518.27,45712
2022-03-29 22:00:00,518.21,518.72,515.79,517.0,94421
2022-03-29 23:00:00,516.77,516.77,516.77,516.77,46672
2022-03-30 16:00:00,510.94,514.06,508.14,512.6,39930
2022-03-30 17:00:00,513.6,513.6,510.59,511.14,27658
2022-03-30 18:00:00,511.03,511.78,509.33,510.72,25828
2022-03-30 19:00:00,510.38,512.45,509.86,510.92,37061
2022-03-30 20:00:00,510.82,510.83,508.3,509.21,20106
2022-03-30 21:00:00,509.78,510.62,506.93,508.0,19480
2022-03-30 22:00:00,507.89,510.69,506.33,510.06,132294
2022-03-30 23:00:00,510.26,510.28,510.06,510.28,133464
2022-03-31 16:00:00,513.35,513.35,506.89,510.21,22739
2022-03-31 17:00:00,509.52,517.7,506.68,516.69,50366
2022-03-31 18:00:00,516.71,516.71,511.41,511.41,40896
2022-03-31 19:00:00,512.07,512.57,509.68,509.68,27364
2022-03-31 20:00:00,510.01,511.39,509.21,509.9,18491
2022-03-31 21:00:00,509.65,510.28,507.01,507.9,35478
2022-03-31 22:00:00,507.91,509.39,503.08,503.08,134004
2022-03-31 23:00:00,503.03,503.03,502.88,502.88,313677
2022-04-01 16:00:00,505.0,508.92,500.67,508.92,49170
2022-04-01 17:00:00,508.06,514.53,508.06,512.09,19573
2022-04-01 18:00:00,512.17,515.3,511.16,513.94,43856
2022-04-01 19:00:00,514.22,515.81,512.69,513.13,29779
2022-04-01 20:00:00,512.8,514.81,511.16,513.35,42885
2022-04-01 21:00:00,513.67,515.27,512.07,513.62,53609
2022-04-01 22:00:00,513.94,516.27,510.63,515.91,123061
2022-04-01 23:00:00,515.98,516.0,515.98,516.0,90908
2022-04-04 16:00:00,518.2,524.8,516.81,521.13,23138
2022-04-04 17:00:00,520.59,523.21,518.27,519.23,54549
2022-04-04 18:00:00,518.89,524.16,518.89,523.8,31358
2022-04-04 19:00:00,523.83,527.74,522.19,522.82,50616
2022-04-04 20:00:00,523.32,523.37,520.15,520.57,54615
2022-04-04 21:00:00,520.11,520.11,515.69,518.52,38662
2022-04-04 22:00:00,518.4,520.51,518.19,519.49,75375
2022-04-04 23:00:00,519.99,519.99,519.51,519.51,37946
2022-04-05 16:00:00,516.78,517.21,514.4,515.6,26750
2022-04-05 17:00:00,515.62,516.82,510.5,516.66,39109
2022-04-05 18:00:00,517.02,517.08,513.4,513.77,50842
2022-04-05 19:00:00,513.58,514.57,512.01,514.05,25195
2022-04-05 20:00:00,514.24,516.57,513.69,515.13,15716
2022-04-05 21:00:00,515.13,516.04,514.72,515.25,24748
2022-04-05 22:00:00,515.61,515.74,511.01,512.99,76265
2022-04-05 23:00:00,513.0,513.23,513.0,513.23,93362
2022-04-06 16:00:00,506.99,508.22,501.67,504.32,27472
2022-04-06 17:00:00,504.0,505.26,500.54,503.4,102149
2022-04-06 18:00:00,502.17,508.54,502.17,506.11,20130
2022-04-06 19:00:00,506.53,506.84,503.56,504.38,16519
2022-04-06 20:00:00,504.26,506.75,503.97,505.5,10587
2022-04-06 21:00:00,505.87,508.89,502.77,507.76,96046
2022-04-06 22:00:00,507.89,509.69,505.0,507.01,76501
2022-04-06 23:00:00,507.0,507.0,506.65,506.65,176182
2022-04-07 16:00:00,504.37,509.79,504.01,509.64,30084
2022-04-07 17:00:00,509.95,512.91,507.8,508.76,109713
2022-04-07 18:00:00,509.05,510.0,503.33,504.41,115746
2022-04-07 19:00:00,504.61,507.44,504.4,506.09,20332
2022-04-07 20:00:00,506.13,509.27,505.88,509.27,23457
2022-04-07 21:00:00,509.2,510.45,507.57,510.37,55093
2022-04-07 22:00:00,510.41,512.53,509.66,510.39,144498
2022-04-07 23:00:00,510.38,510.38,510.0,510.0,48802
2022-04-08 16:00:00,510.85,510.85,505.31,505.52,56180
2022-04-08 17:00:00,505.46,510.59,505.39,510.59,48184
2022-04-08 18:00:00,510.58,511.86,507.79,508.92,25936
2022-04-08 19:00:00,508.53,511.71,507.68,511.71,39934
2022-04-08 20:00:00,511.48,511.48,507.55,508.06,42978
2022-04-08 21:00:00,507.84,508.52,506.06,507.67,24267
2022-04-08 22:00:00,507.84,509.0,505.59,506.08,105726
2022-04-08 23:00:00,506.08,506.49,506.08,506.49,66155
2022-04-11 16:00:00,502.0,502.0,493.04,493.44,17087
2022-04-11 17:00:00,491.83,492.8,486.08,487.6,43549
2022-04-11 18:00:00,487.75,490.91,486.69,489.17,39183
2022-04-11 19:00:00,489.39,491.55,487.57,490.94,59178
2022-04-11 20:00:00,491.38,491.84,489.06,490.85,21628
2022-04-11 21:00:00,490.98,491.23,488.44,490.02,24583
2022-04-11 22:00:00,490.2,491.45,485.87,486.27,82564
2022-04-11 23:00:00,486.06,486.34,486.06,486.09,109862
2022-04-12 16:00:00,488.67,492.39,486.84,491.54,25192
2022-04-12 17:00:00,491.59,496.94,490.2,492.68,26254
2022-04-12 18:00:00,492.23,494.12,491.03,491.03,38137
2022-04-12 19:00:00,490.73,491.33,486.55,487.75,19951
2022-04-12 20:00:00,487.78,488.24,483.86,484.55,28359
2022-04-12 21:00:00,484.5,485.26,482.22,483.25,29186
2022-04-12 22:00:00,483.25,483.48,478.47,480.18,63399
2022-04-12 23:00:00,480.21,480.31,480.21,480.31,43952
2022-04-13 16:00:00,477.0,484.28,477.0,481.98,13355
2022-04-13 17:00:00,482.0,484.0,479.15,483.83,22104
2022-04-13 18:00:00,483.82,488.13,483.61,486.95,29533
2022-04-13 19:00:00,487.26,492.73,487.26,492.73,32563
2022-04-13 20:00:00,492.43,493.18,488.97,490.73,39825
2022-04-13 21:00:00,491.41,494.31,490.84,493.41,41983
2022-04-13 22:00:00,493.34,494.67,492.58,493.28,67214
2022-04-13 23:00:00,493.28,493.28,493.27,493.27,73454
2022-04-14 16:00:00,494.47,496.66,490.25,490.25,18835
2022-04-14 17:00:00,489.43,491.93,485.3,489.3,48976
2022-04-14 18:00:00,488.6,492.55,488.6,491.7,27704
2022-04-14 19:00:00,491.63,492.08,487.0,487.96,17839
2022-04-14 20:00:00,488.2,489.47,486.57,488.86,32510
2022-04-14 21:00:00,488.66,489.68,487.89,488.21,26493
2022-04-14 22:00:00,488.1,488.58,482.31,482.5,77069
2022-04-14 23:00:00,482.7,482.7,482.7,482.7,71370
2022-04-18 16:00:00,481.41,482.86,478.71,478.71,30319
2022-04-18 17:00:00,478.63,483.11,478.33,481.37,16363
2022-04-18 18:00:00,480.4,481.01,478.46,479.63,16729
2022-04-18 19:00:00,479.97,480.3,477.77,480.1,11937
2022-04-18 20:00:00,480.04,484.21,479.28,483.66,36391
2022-04-18 21:00:00,483.68,484.02,480.6,480.82,19752
2022-04-18 22:00:00,480.6,480.6,475.0,478.3,40037
2022-04-18 23:00:00,478.01,478.01,478.01,478.01,41854
2022-04-19 16:00:00,478.19,481.55,475.06,481.55,38348
2022-04-19 17:00:00,481.32,489.6,480.13,487.25,55628
2022-04-19 18:00:00,486.76,490.72,486.66,489.87,22996
2022-04-19 19:00:00,489.38,489.74,487.5,488.42,23703
2022-04-19 20:00:00,488.59,489.6,487.68,489.22,14567
2022-04-19 21:00:00,489.04,489.27,487.27,488.32,13222
2022-04-19 22:00:00,487.9,491.7,487.73,491.07,44989
2022-04-19 23:00:00,491.0,491.0,490.52,490.52,43893
2022-04-20 16:00:00,495.05,495.09,487.79,490.22,10489
2022-04-20 17:00:00,489.43,495.43,487.31,494.63,36570
2022-04-20 18:00:00,494.18,494.18,490.92,493.78,13321
2022-04-20 19:00:00,493.47,496.7,493.36,496.22,10092
2022-04-20 20:00:00,496.41,498.39,496.16,497.03,17314
2022-04-20 21:00:00,497.37,497.67,492.73,493.54,16246
2022-04-20 22:00:00,493.82,496.36,493.15,493.33,45581
2022-04-20 23:00:00,493.54,493.54,493.54,493.54,33092
2022-04-21 16:00:00,499.4,499.99,495.79,495.79,4391
2022-04-21 17:00:00,495.28,495.28,489.84,490.21,22342
2022-04-21 18:00:00,489.42,492.19,486.25,486.25,10877
2022-04-21 19:00:00,485.0,485.75,480.15,480.95,28532
2022-04-21 20:00:00,480.82,482.74,478.14,481.49,29501
2022-04-21 21:00:00,480.96,480.96,476.18,477.12,25028
2022-04-21 22:00:00,476.59,476.64,473.54,474.89,54877
2022-04-21 23:00:00,475.43,475.43,474.78,474.78,73551
2022-04-22 16:00:00,466.27,472.41,463.24,464.84,21578
2022-04-22 17:00:00,464.69,470.43,464.69,466.24,24085
2022-04-22 18:00:00,466.69,470.37,466.02,466.46,16771
2022-04-22 19:00:00,466.33,466.33,462.78,463.57,23720
2022-04-22 20:00:00,463.34,464.64,461.38,461.78,19790
2022-04-22 21:00:00,461.11,462.04,457.37,458.36,39691
2022-04-22 22:00:00,458.57,462.27,455.67,455.92,74644
2022-04-22 23:00:00,456.04,456.04,456.04,456.04,104050
2022-04-25 16:00:00,451.84,458.86,451.5,453.95,26468
2022-04-25 17:00:00,453.8,460.44,452.67,456.18,43702
2022-04-25 18:00:00,456.73,458.08,450.58,451.2,26141
2022-04-25 19:00:00,450.91,455.31,450.41,453.71,23597
2022-04-25 20:00:00,453.7,456.3,451.79,455.29,37655
2022-04-25 21:00:00,455.57,460.21,454.69,459.25,34251
2022-04-25 22:00:00,459.26,463.93,456.59,462.31,109518
2022-04-25 23:00:00,462.3,462.3,462.3,462.3,232367
2022-04-26 16:00:00,450.0,462.0,450.0,454.1,29511
2022-04-26 17:00:00,454.04,454.04,446.86,449.52,32519
2022-04-26 18:00:00,448.75,448.75,438.11,438.11,54176
2022-04-26 19:00:00,438.18,440.71,434.5,437.28,43296
2022-04-26 20:00:00,436.66,437.84,433.0,433.22,46068
2022-04-26 21:00:00,433.29,438.63,431.39,438.45,73632
2022-04-26 22:00:00,438.18,439.41,429.21,429.88,150312
2022-04-26 23:00:00,429.81,429.81,429.81,429.81,111383
2022-04-27 16:00:00,429.61,435.62,429.61,432.48,29219
2022-04-27 17:00:00,432.4,433.01,420.03,422.28,65233
2022-04-27 18:00:00,422.28,424.1,416.38,416.87,42400
2022-04-27 19:00:00,416.8,423.46,415.33,423.15,44437
2022-04-27 20:00:00,422.61,423.46,419.02,422.61,48396
2022-04-27 21:00:00,422.59,423.36,420.04,421.48,60399
2022-04-27 22:00:00,421.18,421.86,416.26,417.02,122740
2022-04-27 23:00:00,417.01,417.78,417.01,417.78,88180
2022-04-28 16:00:00,426.56,429.53,424.39,429.44,30916
2022-04-28 17:00:00,429.04,429.04,422.5,426.02,52264
2022-04-28 18:00:00,426.1,430.16,426.1,429.31,29757
2022-04-28 19:00:00,429.26,434.47,427.79,433.43,21125
2022-04-28 20:00:00,433.71,438.88,433.62,437.62,30909
2022-04-28 21:00:00,437.65,438.7,436.05,437.19,25205
2022-04-28 22:00:00,437.06,438.49,431.41,433.41,96914
2022-04-28 23:00:00,433.38,433.38,433.38,433.38,105917
2022-04-29 16:00:00,428.76,432.49,426.85,431.86,23489
2022-04-29 17:00:00,431.91,432.29,426.74,430.29,46611
2022-04-29 18:00:00,430.04,431.26,428.37,428.82,24625
2022-04-29 19:00:00,428.2,428.2,425.96,426.74,29337
2022-04-29 20:00:00,426.65,429.56,426.55,427.11,15317
2022-04-29 21:00:00,427.47,427.47,423.98,425.28,24189
2022-04-29 22:00:00,425.15,426.33,420.56,421.88,134002
2022-04-29 23:00:00,421.31,421.31,421.25,421.25,186030
2022-05-02 16:00:00,418.84,423.87,417.13,419.28,28554
2022-05-02 17:00:00,419.3,426.16,415.56,419.47,28937
2022-05-02 18:00:00,420.0,420.06,414.02,418.5,29706
2022-05-02 19:00:00,418.6,420.74,415.93,417.02,35666
2022-05-02 20:00:00,417.14,419.44,413.12,414.21,37809
2022-05-02 21:00:00,414.42,415.92,410.92,414.41,55826
2022-05-02 22:00:00,414.71,424.27,414.33,424.24,92239
2022-05-02 23:00:00,424.25,424.25,423.75,423.75,41480
2022-05-03 16:00:00,425.0,430.39,424.06,429.46,26404
2022-05-03 17:00:00,429.78,430.02,424.95,426.52,45944
2022-05-03 18:00:00,426.89,429.95,426.26,428.93,45418
2022-05-03 19:00:00,429.82,431.11,427.59,430.14,43513
2022-05-03 20:00:00,430.47,433.49,429.87,433.15,26317
2022-05-03 21:00:00,433.05,433.07,428.94,432.93,32364
2022-05-03 22:00:00,432.71,433.99,429.45,432.17,141909
2022-05-03 23:00:00,432.31,432.31,431.91,431.91,89856
2022-05-04 16:00:00,431.85,431.85,425.03,425.03,12033
2022-05-04 17:00:00,424.42,424.94,417.47,418.11,29241
2022-05-04 18:00:00,417.74,419.73,416.31,417.78,41401
2022-05-04 19:00:00,417.65,421.87,417.01,421.87,26657
2022-05-04 20:00:00,421.87,422.36,418.57,420.04,25824
2022-05-04 21:00:00,419.81,427.93,413.03,426.97,35991
2022-05-04 22:00:00,427.26,434.37,426.0,432.72,147470
2022-05-04 23:00:00,433.19,433.32,432.74,432.74,105872
2022-05-05 16:00:00,427.93,428.54,420.14,421.27,15388
2022-05-05 17:00:00,419.01,419.07,406.66,408.53,64081
2022-05-05 18:00:00,408.55,411.49,406.18,406.46,50237
2022-05-05 19:00:00,406.35,411.18,405.23,410.01,22371
2022-05-05 20:00:00,410.94,412.38,408.6,412.38,40204
2022-05-05 21:00:00,412.17,414.39,411.15,412.92,52214
2022-05-05 22:00:00,412.41,416.77,410.34,416.59,154389
2022-05-05 23:00:00,416.06,416.06,416.05,416.05,126918
2022-05-06 16:00:00,410.66,412.45,398.17,399.92,75365
2022-05-06 17:00:00,399.97,407.11,395.01,405.75,106619
2022-05-06 18:00:00,405.74,408.35,401.33,402.06,69793
2022-05-06 19:00:00,401.72,407.64,401.28,406.62,49198
2022-05-06 20:00:00,407.07,407.92,404.71,405.37,41390
2022-05-06 21:00:00,404.94,406.38,402.5,404.55,37777
2022-05-06 22:00:00,404.0,408.42,402.25,405.62,101877
2022-05-06 23:00:00,405.7,405.7,405.61,405.61,153814
2022-05-09 16:00:00,395.49,400.14,392.96,394.35,170439
2022-05-09 17:00:00,394.41,394.41,380.61,381.24,185904
2022-05-09 18:00:00,381.52,387.06,381.33,385.44,50947
2022-05-09 19:00:00,385.35,389.2,382.09,382.28,53564
2022-05-09 20:00:00,382.0,385.54,381.08,383.52,48901
2022-05-09 21:00:00,383.36,386.14,381.65,382.81,49599
2022-05-09 22:00:00,383.23,384.76,376.41,379.29,174668
2022-05-09 23:00:00,379.59,379.65,379.08,379.08,215067
2022-05-10 16:00:00,388.98,391.14,382.83,387.03,32855
2022-05-10 17:00:00,387.44,390.61,380.6,382.18,59822
2022-05-10 18:00:00,382.28,390.17,380.34,390.17,68950
2022-05-10 19:00:00,389.66,390.93,386.06,389.59,41563
2022-05-10 20:00:00,389.19,395.33,388.37,394.03,43221
2022-05-10 21:00:00,393.94,394.15,388.85,390.43,32776
2022-05-10 22:00:00,391.12,392.44,388.74,388.87,112492
2022-05-10 23:00:00,388.89,388.89,388.89,388.89,172890
2022-05-11 16:00:00,387.09,397.48,384.72,392.7,26122
2022-05-11 17:00:00,395.41,399.74,391.59,395.27,75252
2022-05-11 18:00:00,395.47,400.59,394.43,395.91,38575
2022-05-11 19:00:00,395.51,396.33,390.34,390.86,22370
2022-05-11 20:00:00,390.57,391.34,387.12,387.37,48930
2022-05-11 21:00:00,387.6,392.2,387.38,389.99,68011
2022-05-11 22:00:00,389.86,390.58,386.75,387.63,153866
2022-05-11 23:00:00,387.57,387.64,387.4,387.4,176331
2022-05-12 16:00:00,379.83,391.08,379.53,388.65,35730
2022-05-12 17:00:00,388.16,394.32,387.91,393.23,78242
2022-05-12 18:00:00,393.33,394.23,385.15,385.84,24837
2022-05-12 19:00:00,385.43,391.41,385.16,388.71,65972
2022-05-12 20:00:00,388.81,390.52,383.34,384.26,30316
2022-05-12 21:00:00,384.24,385.05,381.15,382.71,33042
2022-05-12 22:00:00,382.95,388.18,382.54,388.18,97557
2022-05-12 23:00:00,388.26,388.26,387.92,387.98,38425
2022-05-13 16:00:00,395.62,402.47,394.7,399.49,15133
2022-05-13 17:00:00,400.32,407.12,400.32,405.43,29853
2022-05-13 18:00:00,405.38,407.84,402.99,407.65,33706
2022-05-13 19:00:00,407.8,410.89,407.65,409.1,25570
2022-05-13 20:00:00,409.34,410.24,405.52,406.02,40724
2022-05-13 21:00:00,405.77,407.47,403.29,407.02,29565
2022-05-13 22:00:00,407.31,409.82,406.33,407.86,110311
2022-05-13 23:00:00,407.9,408.14,407.65,408.14,115599
2022-05-16 16:00:00,401.91,403.77,396.58,399.28,23863
2022-05-16 17:00:00,399.07,402.65,397.42,397.47,52744
2022-05-16 18:00:00,397.09,400.56,395.95,399.59,29827
2022-05-16 19:00:00,400.33,400.64,396.99,397.32,30190
2022-05-16 20:00:00,397.39,401.49,396.27,398.73,28122
2022-05-16 21:00:00,398.58,402.65,397.81,402.63,42965
2022-05-16 22:00:00,402.61,402.8,399.26,399.79,144946
2022-05-16 23:00:00,400.0,400.0,400.0,400.0,77960
2022-05-17 16:00:00,413.95,413.95,403.93,404.91,16073
2022-05-17 17:00:00,405.34,406.51,397.41,400.51,36605
2022-05-17 18:00:00,400.56,407.69,400.27,406.7,75935
2022-05-17 19:00:00,406.29,408.36,405.79,408.0,40405
2022-05-17 20:00:00,407.71,408.06,406.54,406.86,50682
2022-05-17 21:00:00,406.96,408.82,405.68,407.84,48287
2022-05-17 22:00:00,407.69,409.22,407.26,408.01,63692
2022-05-17 23:00:00,407.87,407.87,407.75,407.75,124542
2022-05-18 16:00:00,400.27,405.85,400.27,403.47,31018
2022-05-18 17:00:00,403.27,405.44,401.89,404.42,30070
2022-05-18 18:00:00,403.91,404.71,402.12,402.94,26099
2022-05-18 19:00:00,403.18,403.55,400.0,401.33,106029
2022-05-18 20:00:00,401.09,401.23,398.38,398.81,42832
2022-05-18 21:00:00,399.05,401.9,398.16,398.91,43570
2022-05-18 22:00:00,399.33,402.14,398.81,400.05,129890
2022-05-18 23:00:00,399.45,399.5,399.45,399.5,81714
2022-05-19 16:00:00,395.59,404.37,395.0,402.19,22008
2022-05-19 17:00:00,403.03,407.44,401.63,405.99,46266
2022-05-19 18:00:00,406.64,411.32,405.2,409.98,37332
2022-05-19 19:00:00,410.39,412.5,409.28,410.25,35852
2022-05-19 20:00:00,410.6,413.42,408.82,412.79,31818
2022-05-19 21:00:00,412.45,413.1,409.63,411.63,18719
2022-05-19 22:00:00,412.01,413.0,408.97,410.0,93005
2022-05-19 23:00:00,410.01,410.02,410.01,410.02,137815
2022-05-20 16:00:00,414.68,417.3,412.3,415.03,23376
2022-05-20 17:00:00,413.77,415.42,410.49,410.91,30226
2022-05-20 18:00:00,410.59,413.53,410.35,412.36,23209
2022-05-20 19:00:00,411.98,412.19,408.07,409.94,39825
2022-05-20 20:00:00,409.8,411.72,407.48,410.88,30795
2022-05-20 21:00:00,410.87,413.34,408.89,412.41,27230
2022-05-20 22:00:00,412.65,417.62,409.96,417.25,66405
2022-05-20 23:00:00,417.01,417.04,417.01,417.04,95015
2022-05-23 16:00:00,419.65,420.16,413.92,414.13,12606
2022-05-23 17:00:00,414.21,417.13,410.71,415.49,27968
2022-05-23 18:00:00,416.16,418.01,414.89,415.13,20771
2022-05-23 19:00:00,415.09,417.81,415.09,416.07,17663
2022-05-23 20:00:00,415.88,417.49,413.45,417.49,13019
2022-05-23 21:00:00,417.83,418.96,416.37,416.37,17058
2022-05-23 22:00:00,416.48,417.99,414.84,417.78,48021
2022-05-23 23:00:00,417.78,417.78,417.68,417.68,94518
2022-05-24 16:00:00,412.61,415.22,407.68,407.68,53210
2022-05-24 17:00:00,408.42,410.81,403.12,408.38,26750
2022-05-24 18:00:00,409.17,410.84,405.97,409.34,16865
2022-05-24 19:00:00,409.82,412.85,408.71,410.22,16655
2022-05-24 20:00:00,409.84,413.97,408.77,412.37,12436
2022-05-24 21:00:00,412.65,415.28,410.58,411.06,21245
2022-05-24 22:00:00,411.55,416.69,410.87,414.86,47736
2022-05-24 23:00:00,415.01,415.02,414.61,414.61,31620
2022-05-25 16:00:00,412.56,413.46,410.02,413.01,24464
2022-05-25 17:00:00,413.0,418.61,412.82,416.64,25835
2022-05-25 18:00:00,416.46,416.56,412.45,413.34,40770
2022-05-25 19:00:00,413.33,415.34,412.61,415.33,20651
2022-05-25 20:00:00,415.22,415.91,414.16,414.61,11851
2022-05-25 21:00:00,415.01,417.29,414.25,416.94,37055
2022-05-25 22:00:00,416.62,419.55,414.49,416.81,56501
2022-05-25 23:00:00,416.74,416.8,416.74,416.8,86252
2022-05-26 16:00:00,420.22,424.16,419.26,423.37,13223
2022-05-26 17:00:00,423.97,426.96,423.02,424.64,14165
2022-05-26 18:00:00,425.19,426.68,424.61,425.35,17164
2022-05-26 19:00:00,425.24,429.0,425.24,428.83,13736
2022-05-26 20:00:00,429.45,430.96,429.37,430.94,15462
2022-05-26 21:00:00,431.04,432.89,430.63,432.55,19982
2022-05-26 22:00:00,432.74,434.57,430.85,432.44,48268
2022-05-26 23:00:00,432.3,432.78,432.29,432.78,206380
2022-05-27 16:00:00,438.9,444.38,438.9,443.64,16230
2022-05-27 17:00:00,442.61,446.43,442.21,442.38,31715
2022-05-27 18:00:00,442.74,445.27,442.52,443.28,19934
2022-05-27 19:00:00,443.55,444.25,442.42,444.05,33765
2022-05-27 20:00:00,444.15,445.02,443.37,444.13,16695
2022-05-27 21:00:00,444.13,446.04,443.83,446.04,18007
2022-05-27 22:00:00,445.92,448.34,445.87,448.03,41712
2022-05-27 23:00:00,448.17,448.17,448.17,448.17,176674
2022-05-31 16:00:00,442.93,443.46,438.69,440.3,32932
2022-05-31 17:00:00,441.36,446.6,438.52,446.6,41560
2022-05-31 18:00:00,446.06,446.92,442.36,446.36,27255
2022-05-31 19:00:00,446.43,447.45,444.44,445.67,17405
2022-05-31 20:00:00,446.02,448.72,445.21,448.43,25427
2022-05-31 21:00:00,448.29,448.62,440.25,441.43,29354
2022-05-31 22:00:00,440.96,444.6,440.04,442.31,76748
2022-05-31 23:00:00,442.73,442.73,442.35,442.35,455756
2022-06-01 16:00:00,425.1,449.78,425.1,449.15,42600
2022-06-01 17:00:00,448.03,449.64,438.74,441.1,28293
2022-06-01 18:00:00,440.9,441.69,435.06,436.34,30145
2022-06-01 19:00:00,435.63,436.59,433.52,436.23,60606
2022-06-01 20:00:00,436.57,437.11,435.41,435.86,18782
2022-06-01 21:00:00,436.28,437.21,434.83,435.42,20374
2022-06-01 22:00:00,435.14,436.68,431.42,431.54,70593
2022-06-01 23:00:00,431.44,431.67,431.44,431.45,85560
2022-06-02 16:00:00,433.9,436.39,431.01,435.87,21613
2022-06-02 17:00:00,436.99,442.19,435.41,440.11,19805
2022-06-02 18:00:00,440.11,444.31,440.11,442.76,58144
2022-06-02 19:00:00,443.0,446.17,442.82,445.0,14631
2022-06-02 20:00:00,445.05,448.38,444.75,447.75,16586
2022-06-02 21:00:00,447.75,449.22,446.75,447.65,27639
2022-06-02 22:00:00,447.72,451.74,447.72,451.66,27462
2022-06-02 23:00:00,451.62,451.62,451.62,451.62,41748
2022-06-03 16:00:00,443.87,444.75,437.97,441.82,16141
2022-06-03 17:00:00,441.82,443.14,437.7,438.27,27433
2022-06-03 18:00:00,437.45,438.68,435.69,438.68,10948
2022-06-03 19:00:00,440.05,440.93,438.65,440.93,15161
2022-06-03 20:00:00,440.86,442.48,440.17,440.61,10953
2022-06-03 21:00:00,440.28,441.69,439.02,440.37,5689
2022-06-03 22:00:00,439.74,439.9,436.6,438.46,42474
2022-06-03 23:00:00,438.0,438.45,438.0,438.45,55064
2022-06-06 16:00:00,443.28,444.71,440.24,444.71,20575
2022-06-06 17:00:00,444.99,446.16,441.15,443.0,24527
2022-06-06 18:00:00,443.12,443.45,437.06,441.1,39270
2022-06-06 19:00:00,440.69,440.76,435.61,439.09,16697
2022-06-06 20:00:00,438.5,440.95,435.77,440.6,17467
2022-06-06 21:00:00,440.45,440.9,437.45,438.69,5494
2022-06-06 22:00:00,438.4,439.06,437.33,438.73,23138
2022-06-06 23:00:00,438.65,438.72,438.27,438.66,104010
2022-06-07 16:00:00,433.66,439.18,433.66,435.71,35315
2022-06-07 17:00:00,436.13,444.38,436.1,444.38,10740
2022-06-07 18:00:00,442.84,442.84,440.03,441.1,4623
2022-06-07 19:00:00,442.06,442.06,438.99,440.51,5800
2022-06-07 20:00:00,440.21,443.36,440.21,441.35,3522
2022-06-07 21:00:00,441.21,444.28,441.21,443.27,7352
2022-06-07 22:00:00,443.41,446.8,443.18,446.29,25655
2022-06-07 23:00:00,446.29,446.29,446.29,446.29,79562
2022-06-08 16:00:00,441.74,447.5,439.87,445.08,21246
2022-06-08 17:00:00,444.97,445.82,442.89,443.68,17393
2022-06-08 18:00:00,443.39,445.39,442.89,444.1,10161
2022-06-08 19:00:00,443.86,444.35,438.06,439.69,9234
2022-06-08 20:00:00,439.88,440.0,437.56,437.56,7540
2022-06-08 21:00:00,438.06,438.22,434.84,436.28,12192
2022-06-08 22:00:00,435.77,437.74,435.02,435.79,27454
2022-06-08 23:00:00,435.53,435.53,435.53,435.53,78016
2022-06-09 16:00:00,433.65,435.77,431.96,435.61,4666
2022-06-09 17:00:00,434.72,437.18,432.94,433.99,10290
2022-06-09 18:00:00,433.47,436.0,432.22,434.67,26748
2022-06-09 19:00:00,434.39,436.15,433.42,436.05,7334
2022-06-09 20:00:00,436.42,437.02,433.57,434.7,5006
2022-06-09 21:00:00,435.45,435.45,432.14,432.14,5784
2022-06-09 22:00:00,431.82,431.82,426.64,427.19,48156
2022-06-09 23:00:00,427.12,427.12,427.08,427.08,36126
2022-06-10 16:00:00,418.83,418.83,412.87,413.9,6203
2022-06-10 17:00:00,413.02,413.2,410.09,410.15,48509
2022-06-10 18:00:00,410.02,412.06,407.82,410.6,29043
2022-06-10 19:00:00,410.62,413.36,410.42,412.27,14628
2022-06-10 20:00:00,412.34,414.3,411.26,412.5,12889
2022-06-10 21:00:00,412.48,414.9,411.35,414.78,38850
2022-06-10 22:00:00,415.03,415.03,409.45,410.14,84343
2022-06-10 23:00:00,409.62,410.05,409.39,410.05,76944
2022-06-13 16:00:00,396.74,398.35,393.31,393.31,97797
2022-06-13 17:00:00,394.2,395.0,388.7,390.19,104521
2022-06-13 18:00:00,390.05,394.33,388.63,392.94,36561
2022-06-13 19:00:00,393.08,395.75,392.56,393.72,45147
2022-06-13 20:00:00,393.55,395.41,392.14,394.98,59221
2022-06-13 21:00:00,394.52,394.57,390.45,392.06,54581
2022-06-13 22:00:00,392.14,393.31,389.72,393.15,169702
2022-06-13 23:00:00,393.06,393.06,392.99,393.0,57561
2022-06-14 16:00:00,393.06,394.76,389.19,393.12,32846
2022-06-14 17:00:00,392.64,394.17,389.12,393.03,26537
2022-06-14 18:00:00,393.16,394.95,391.4,394.08,38885
2022-06-14 19:00:00,393.75,395.48,392.09,395.25,26754
2022-06-14 20:00:00,395.34,397.96,394.49,394.99,31374
2022-06-14 21:00:00,394.85,395.78,392.02,392.04,21699
2022-06-14 22:00:00,392.03,392.83,390.0,391.27,90149
2022-06-14 23:00:00,391.27,391.28,391.0,391.0,38268
2022-06-15 16:00:00,397.01,401.73,395.12,397.62,45637
2022-06-15 17:00:00,396.97,400.98,395.91,397.78,34270
2022-06-15 18:00:00,398.22,398.63,394.61,395.9,19197
2022-06-15 19:00:00,395.6,396.16,391.63,391.82,20365
2022-06-15 20:00:00,391.72,393.84,391.72,393.11,14703
2022-06-15 21:00:00,394.53,400.71,387.85,395.71,28439
2022-06-15 22:00:00,395.93,404.46,395.7,397.17,50618
2022-06-15 23:00:00,397.2,397.39,396.93,397.39,39490
2022-06-16 16:00:00,384.96,385.74,381.16,384.17,65730
2022-06-16 17:00:00,383.89,387.01,379.63,380.5,38426
2022-06-16 18:00:00,380.61,385.27,380.61,384.17,17285
2022-06-16 19:00:00,383.91,386.32,381.71,386.01,33342
2022-06-16 20:00:00,386.16,388.09,385.09,385.95,42670
2022-06-16 21:00:00,385.9,387.05,382.26,383.02,26728
2022-06-16 22:00:00,383.19,386.43,383.19,386.18,105140
2022-06-16 23:00:00,385.66,385.77,385.66,385.76,128629
2022-06-17 16:00:00,384.24,394.97,383.39,394.73,106285
2022-06-17 17:00:00,394.2,396.32,387.21,390.19,44744
2022-06-17 18:00:00,389.85,394.55,389.47,390.72,29165
2022-06-17 19:00:00,390.49,392.39,388.94,390.6,16728
2022-06-17 20:00:00,390.71,393.6,390.71,391.38,14138
2022-06-17 21:00:00,391.68,393.19,390.63,390.77,20442
2022-06-17 22:00:00,390.94,392.09,386.58,386.71,90526
2022-06-17 23:00:00,386.71,386.71,386.71,386.71,171459
2022-06-21 16:00:00,394.84,401.86,393.96,401.38,43265
2022-06-21 17:00:00,401.41,402.13,398.25,400.21,45758
2022-06-21 18:00:00,399.89,401.2,398.34,399.23,35389
2022-06-21 19:00:00,399.24,400.07,398.28,399.08,26702
2022-06-21 20:00:00,399.13,399.41,397.16,397.43,23161
2022-06-21 21:00:00,397.38,400.26,396.78,399.95,26414
2022-06-21 22:00:00,399.92,401.14,399.05,400.38,75258
2022-06-21 23:00:00,400.32,400.32,400.25,400.25,121514
2022-06-22 16:00:00,395.33,403.36,395.33,401.66,24329
2022-06-22 17:00:00,401.26,404.54,400.26,403.3,13753
2022-06-22 18:00:00,403.56,407.62,401.95,404.38,21557
2022-06-22 19:00:00,404.75,406.08,403.82,404.46,19910
2022-06-22 20:00:00,404.51,404.71,402.4,403.34,26693
2022-06-22 21:00:00,403.54,404.99,403.02,403.67,15579
2022-06-22 22:00:00,403.46,403.64,400.37,401.08,73290
2022-06-22 23:00:00,401.08,401.08,400.87,400.87,94832
2022-06-23 16:00:00,405.75,410.15,404.13,410.12,23860
2022-06-23 17:00:00,410.73,411.53,406.0,411.53,22085
2022-06-23 18:00:00,410.76,414.78,408.94,413.52,17267
2022-06-23 19:00:00,413.17,413.78,407.58,407.85,11258
2022-06-23 20:00:00,407.86,411.53,407.64,411.36,6426
2022-06-23 21:00:00,411.47,414.48,411.05,414.48,6584
2022-06-23 22:00:00,414.57,417.62,413.89,416.98,50666
2022-06-23 23:00:00,416.71,416.71,416.71,416.71,87652
2022-06-24 16:00:00,420.33,425.04,417.83,423.24,45211
2022-06-24 17:00:00,424.03,427.62,423.71,425.63,38881
2022-06-24 18:00:00,426.24,428.9,426.09,428.6,27315
2022-06-24 19:00:00,428.86,429.37,427.35,428.91,17331
2022-06-24 20:00:00,428.82,429.7,427.88,428.56,16322
2022-06-24 21:00:00,428.3,428.79,427.71,428.4,15934
2022-06-24 22:00:00,428.57,432.92,427.98,432.04,85894
2022-06-24 23:00:00,432.04,432.06,432.04,432.06,177591
2022-06-27 16:00:00,435.49,435.98,432.61,434.32,45897
2022-06-27 17:00:00,433.98,435.72,430.37,433.31,30516
2022-06-27 18:00:00,433.42,436.76,431.62,433.96,18695
2022-06-27 19:00:00,433.88,433.98,431.94,433.43,11987
2022-06-27 20:00:00,433.49,433.49,431.14,431.14,18744
2022-06-27 21:00:00,430.96,431.71,430.41,430.54,17275
2022-06-27 22:00:00,430.54,431.28,428.66,429.39,51261
2022-06-27 23:00:00,429.78,429.78,429.78,429.78,34907
2022-06-28 16:00:00,429.03,436.81,429.03,431.45,45366
2022-06-28 17:00:00,431.7,432.2,421.99,423.14,30915
2022-06-28 18:00:00,422.88,423.03,416.28,417.2,11719
2022-06-28 19:00:00,416.79,419.31,416.59,418.33,8186
2022-06-28 20:00:00,418.43,418.52,415.98,416.81,7202
2022-06-28 21:00:00,416.57,417.21,414.32,414.9,10167
2022-06-28 22:00:00,414.82,414.82,412.44,412.73,32793
2022-06-28 23:00:00,412.67,413.12,412.67,413.12,75925
2022-06-29 16:00:00,413.26,413.76,404.44,411.78,38190
2022-06-29 17:00:00,411.19,416.04,408.23,415.41,51978
2022-06-29 18:00:00,415.2,417.17,414.64,415.75,17700
2022-06-29 19:00:00,416.04,416.04,411.76,412.54,15122
2022-06-29 20:00:00,412.65,415.25,411.2,414.52,7610
2022-06-29 21:00:00,414.4,415.6,413.26,414.27,9940
2022-06-29 22:00:00,414.03,416.1,413.64,415.15,39217
2022-06-29 23:00:00,415.15,415.26,415.15,415.26,38181
2022-06-30 16:00:00,410.5,410.5,401.11,402.54,25592
2022-06-30 17:00:00,401.75,410.25,399.41,409.28,36948
2022-06-30 18:00:00,409.93,412.7,408.14,412.46,23688
2022-06-30 19:00:00,412.44,417.63,411.07,416.23,21980
2022-06-30 20:00:00,416.3,416.45,412.61,414.93,7864
2022-06-30 21:00:00,415.05,415.42,411.89,413.01,12291
2022-06-30 22:00:00,412.68,414.72,409.54,412.22,57167
2022-06-30 23:00:00,412.22,412.56,412.15,412.15,67020
2022-07-01 16:00:00,411.0,414.85,408.51,413.68,20203
2022-07-01 17:00:00,414.8,415.21,407.8,408.57,14803
2022-07-01 18:00:00,408.51,412.54,408.28,408.87,15963
2022-07-01 19:00:00,408.92,410.7,408.29,409.26,24390
2022-07-01 20:00:00,409.04,411.59,407.71,411.45,12259
2022-07-01 21:00:00,411.79,414.29,410.18,413.92,12741
2022-07-01 22:00:00,414.18,417.74,413.32,417.58,45877
2022-07-01 23:00:00,417.53,417.72,417.53,417.72,45103
2022-07-05 16:00:00,413.06,413.63,407.38,407.9,16356
2022-07-05 17:00:00,407.85,415.8,407.03,413.34,13206
2022-07-05 18:00:00,413.43,416.09,413.08,414.47,9658
2022-07-05 19:00:00,414.03,416.5,413.13,415.18,8937
2022-07-05 20:00:00,415.13,417.82,414.95,417.82,23115
2022-07-05 21:00:00,417.49,421.21,417.13,420.95,10873
2022-07-05 22:00:00,420.66,422.87,419.94,422.28,61157
2022-07-05 23:00:00,422.28,422.28,421.99,422.01,55409
2022-07-06 16:00:00,424.97,428.14,421.3,427.39,33948
2022-07-06 17:00:00,427.61,429.93,424.66,425.69,18957
2022-07-06 18:00:00,426.07,426.07,421.6,422.6,22576
2022-07-06 19:00:00,422.57,423.75,421.37,423.72,25105
2022-07-06 20:00:00,423.75,425.41,423.7,424.37,22499
2022-07-06 21:00:00,422.78,427.4,422.78,425.12,31205
2022-07-06 22:00:00,424.92,427.29,424.08,426.26,55687
2022-07-06 23:00:00,426.26,426.26,426.24,426.24,45721
2022-07-07 16:00:00,425.04,431.93,425.04,430.14,11595
2022-07-07 17:00:00,429.99,431.23,428.11,430.85,25734
2022-07-07 18:00:00,430.7,432.27,429.36,430.84,14278
2022-07-07 19:00:00,431.27,431.58,430.12,430.97,27041
2022-07-07 20:00:00,431.47,432.7,430.35,432.7,17896
2022-07-07 21:00:00,432.54,433.29,430.5,432.03,30335
2022-07-07 22:00:00,432.25,435.78,432.14,435.12,63451
2022-07-07 23:00:00,435.5,435.5,434.99,435.49,118976
2022-07-08 16:00:00,432.76,434.38,429.54,432.77,14792
2022-07-08 17:00:00,432.82,438.66,432.82,437.5,36221
2022-07-08 18:00:00,437.06,439.7,436.01,436.72,13404
2022-07-08 19:00:00,436.92,437.08,432.06,432.06,10981
2022-07-08 20:00:00,432.49,434.08,431.43,433.16,13646
2022-07-08 21:00:00,433.07,435.43,433.05,434.84,11153
2022-07-08 22:00:00,434.81,435.66,433.55,433.95,47163
2022-07-08 23:00:00,433.95,433.95,433.95,433.95,42085
2022-07-11 16:00:00,430.08,430.08,428.05,428.14,3577
2022-07-11 17:00:00,428.12,432.78,426.03,430.98,14963
2022-07-11 18:00:00,430.97,433.0,430.8,432.46,9413
2022-07-11 19:00:00,432.19,433.52,431.44,432.34,6978
2022-07-11 20:00:00,432.46,434.6,431.51,434.6,4484
2022-07-11 21:00:00,434.15,434.99,432.72,433.01,10855
2022-07-11 22:00:00,432.73,432.88,431.45,431.58,50250
2022-07-11 23:00:00,431.85,431.85,431.85,431.85,28865
2022-07-12 16:00:00,431.52,438.16,430.57,432.22,27797
2022-07-12 17:00:00,431.59,431.97,427.48,431.63,23840
2022-07-12 18:00:00,431.35,433.22,428.87,430.26,30098
2022-07-12 19:00:00,430.51,431.18,428.12,429.15,10568
2022-07-12 20:00:00,430.14,430.14,427.38,428.65,8170
2022-07-12 21:00:00,427.98,427.98,423.93,423.93,11994
2022-07-12 22:00:00,423.81,423.83,418.24,420.26,26480
2022-07-12 23:00:00,420.32,420.33,420.32,420.32,77360
2022-07-13 16:00:00,412.12,413.96,408.65,412.16,17513
2022-07-13 17:00:00,410.78,419.42,410.18,418.8,35082
2022-07-13 18:00:00,419.5,420.32,415.23,416.67,25900
2022-07-13 19:00:00,416.51,417.02,415.29,416.13,12459
2022-07-13 20:00:00,416.17,417.31,413.74,413.95,12390
2022-07-13 21:00:00,413.91,416.09,410.96,415.47,20086
2022-07-13 22:00:00,415.89,416.2,413.34,413.72,59573
2022-07-13 23:00:00,413.71,413.73,413.71,413.72,71297
2022-07-14 16:00:00,407.5,408.03,404.19,406.45,31140
2022-07-14 17:00:00,404.96,406.54,403.8,405.17,21910
2022-07-14 18:00:00,406.14,410.79,405.15,410.36,66753
2022-07-14 19:00:00,410.93,411.48,406.47,407.8,41664
2022-07-14 20:00:00,408.13,410.57,407.04,409.26,19837
2022-07-14 21:00:00,409.47,411.2,409.24,410.81,46973
2022-07-14 22:00:00,411.09,412.74,409.68,409.94,77018
2022-07-14 23:00:00,410.11,410.11,410.11,410.11,80366
2022-07-15 16:00:00,417.03,420.81,415.18,416.91,31617
2022-07-15 17:00:00,417.22,422.56,417.22,420.89,42542
2022-07-15 18:00:00,420.67,422.46,417.61,419.54,37359
2022-07-15 19:00:00,419.58,420.64,418.94,420.26,13188
2022-07-15 20:00:00,419.97,420.1,417.12,418.36,36875
2022-07-15 21:00:00,418.44,419.48,417.62,418.49,13892
2022-07-15 22:00:00,418.31,419.26,416.18,418.86,98726
2022-07-15 23:00:00,419.05,419.09,418.87,418.87,128584
2022-07-18 16:00:00,424.23,427.92,420.66,420.66,15675
2022-07-18 17:00:00,421.62,421.87,418.02,420.2,23983
2022-07-18 18:00:00,419.36,420.73,418.84,420.61,10863
2022-07-18 19:00:00,420.1,421.1,418.31,418.31,9883
2022-07-18 20:00:00,418.24,418.91,415.38,416.04,18056
2022-07-18 21:00:00,415.64,417.3,413.93,414.73,11107
2022-07-18 22:00:00,414.1,415.05,409.71,412.02,58936
2022-07-18 23:00:00,412.02,412.02,412.01,412.01,50111
2022-07-19 16:00:00,418.45,420.87,418.08,420.86,19946
2022-07-19 17:00:00,420.47,421.43,418.1,421.23,34222
2022-07-19 18:00:00,421.25,423.64,420.82,422.74,24827
2022-07-19 19:00:00,422.82,423.82,421.05,423.63,58685
2022-07-19 20:00:00,423.63,425.38,422.2,425.38,55127
2022-07-19 21:00:00,425.52,427.66,424.45,425.38,135345
2022-07-19 22:00:00,425.51,427.14,424.48,425.89,243582
2022-07-19 23:00:00,426.1,426.1,426.1,426.1,93746
2022-07-20 16:00:00,428.56,432.39,425.91,426.2,59961
2022-07-20 17:00:00,425.66,434.14,425.66,434.12,89709
2022-07-20 18:00:00,434.12,435.45,430.21,433.23,49957
2022-07-20 19:00:00,433.28,436.01,432.78,435.89,16315
2022-07-20 20:00:00,435.33,435.34,431.77,432.02,51736
2022-07-20 21:00:00,432.35,433.57,431.04,432.4,40750
2022-07-20 22:00:00,432.99,434.8,430.38,434.31,94051
2022-07-20 23:00:00,434.13,434.32,434.13,434.32,35810
2022-07-21 16:00:00,435.2,443.71,433.71,441.24,11856
2022-07-21 17:00:00,441.92,444.47,439.47,443.84,19634
2022-07-21 18:00:00,443.73,447.66,443.72,446.17,16918
2022-07-21 19:00:00,445.9,448.65,445.59,445.73,21795
2022-07-21 20:00:00,445.93,446.33,444.25,444.92,24144
2022-07-21 21:00:00,444.95,446.9,444.81,446.26,10385
2022-07-21 22:00:00,446.38,447.83,445.73,447.47,56947
2022-07-21 23:00:00,447.55,447.63,447.35,447.47,46800
2022-07-22 16:00:00,450.0,451.07,446.92,448.13,12945
2022-07-22 17:00:00,447.95,448.77,443.55,445.09,20658
2022-07-22 18:00:00,444.59,444.83,441.83,443.05,46531
2022-07-22 19:00:00,443.03,443.43,441.26,441.26,14159
2022-07-22 20:00:00,440.83,441.28,437.24,438.58,13019
2022-07-22 21:00:00,438.33,438.9,437.2,437.87,11803
2022-07-22 22:00:00,437.54,440.21,436.84,439.69,90880
2022-07-22 23:00:00,439.9,439.9,439.9,439.9,44648
2022-07-25 16:00:00,440.84,440.84,434.8,438.62,38457
2022-07-25 17:00:00,438.79,439.26,433.64,435.77,30359
2022-07-25 18:00:00,435.51,438.23,435.17,437.35,27585
2022-07-25 19:00:00,437.18,438.15,436.32,437.51,16998
2022-07-25 20:00:00,437.7,437.95,435.04,435.14,15994
2022-07-25 21:00:00,435.1,435.2,433.46,433.66,18674
2022-07-25 22:00:00,433.74,438.2,432.55,437.32,64398
2022-07-25 23:00:00,437.27,438.47,436.95,438.47,91345
2022-07-26 16:00:00,434.33,445.62,432.31,440.87,35323
2022-07-26 17:00:00,441.39,444.24,438.79,441.82,41228
2022-07-26 18:00:00,441.36,445.97,441.36,442.68,74524
2022-07-26 19:00:00,442.58,445.3,442.4,443.25,84027
2022-07-26 20:00:00,442.98,445.69,442.49,442.88,54174
2022-07-26 21:00:00,443.1,444.41,441.82,441.91,25803
2022-07-26 22:00:00,442.08,444.44,440.59,442.94,79893
2022-07-26 23:00:00,442.96,442.99,442.61,442.89,35656
2022-07-27 16:00:00,448.65,451.25,447.32,449.96,50605
2022-07-27 17:00:00,449.95,451.86,448.77,450.49,46036
2022-07-27 18:00:00,450.61,451.81,447.77,448.68,35554
2022-07-27 19:00:00,448.91,449.86,448.36,448.68,10732
2022-07-27 20:00:00,448.48,451.04,447.93,450.85,17798
2022-07-27 21:00:00,450.53,455.46,448.51,453.61,23543
2022-07-27 22:00:00,453.84,456.55,452.82,452.85,96556
2022-07-27 23:00:00,452.7,452.97,452.46,452.97,76050
2022-07-28 16:00:00,456.11,459.08,453.21,456.47,58865
2022-07-28 17:00:00,456.62,459.75,454.85,459.75,76654
2022-07-28 18:00:00,460.0,469.34,459.95,467.69,23788
2022-07-28 19:00:00,467.75,472.3,467.74,471.73,23460
2022-07-28 20:00:00,471.16,477.37,470.78,476.59,24117
2022-07-28 21:00:00,476.47,476.72,474.53,474.56,32983
2022-07-28 22:00:00,474.69,476.04,473.86,474.28,55197
2022-07-28 23:00:00,474.41,474.48,473.84,474.29,79810
2022-07-29 16:00:00,475.04,480.49,474.03,478.42,93981
2022-07-29 17:00:00,478.33,481.74,477.15,478.21,71519
2022-07-29 18:00:00,478.05,479.25,475.08,479.19,38359
2022-07-29 19:00:00,479.71,480.13,478.29,479.22,22546
2022-07-29 20:00:00,479.06,479.06,477.13,478.28,15994
2022-07-29 21:00:00,477.89,479.55,477.89,479.08,53375
2022-07-29 22:00:00,479.28,483.29,479.28,481.15,91080
2022-07-29 23:00:00,481.3,481.39,480.78,481.34,144716
2022-08-01 16:00:00,476.97,481.87,474.78,480.38,29155
2022-08-01 17:00:00,480.01,484.26,475.59,483.31,40060
2022-08-01 18:00:00,483.42,483.51,480.87,481.1,15721
2022-08-01 19:00:00,480.73,481.23,478.91,479.15,12542
2022-08-01 20:00:00,479.17,480.82,477.95,480.82,25836
2022-08-01 21:00:00,480.8,480.8,477.84,479.35,11592
2022-08-01 22:00:00,479.16,479.16,476.29,476.54,55885
2022-08-01 23:00:00,476.54,477.18,476.54,476.86,58980
2022-08-02 16:00:00,472.51,479.45,471.86,479.4,13941
2022-08-02 17:00:00,479.32,483.18,477.95,482.28,30862
2022-08-02 18:00:00,482.23,483.61,478.35,480.06,18544
2022-08-02 19:00:00,480.51,484.93,480.19,484.93,17333
2022-08-02 20:00:00,484.59,485.19,480.04,480.04,15129
2022-08-02 21:00:00,480.97,482.95,479.76,480.39,14328
2022-08-02 22:00:00,480.22,481.05,477.46,477.81,31497
2022-08-02 23:00:00,477.67,477.95,476.92,477.69,81295
2022-08-03 16:00:00,481.76,484.51,478.08,483.83,18478
2022-08-03 17:00:00,483.92,488.57,483.92,487.14,47569
2022-08-03 18:00:00,487.32,493.84,487.19,493.48,42809
2022-08-03 19:00:00,493.32,494.37,490.96,492.7,19454
2022-08-03 20:00:00,492.97,496.77,492.97,495.14,52645
2022-08-03 21:00:00,495.32,496.67,495.0,496.17,15711
2022-08-03 22:00:00,496.16,497.12,494.68,496.44,83079
2022-08-03 23:00:00,496.54,496.54,496.25,496.33,95820
2022-08-04 16:00:00,495.67,496.6,492.2,493.75,50963
2022-08-04 17:00:00,493.0,494.46,488.51,493.14,15299
2022-08-04 18:00:00,493.07,495.09,491.84,493.48,18584
2022-08-04 19:00:00,493.64,495.15,493.05,493.93,14567
2022-08-04 20:00:00,494.29,497.09,494.29,496.63,17506
2022-08-04 21:00:00,496.38,496.38,494.38,495.52,16758
2022-08-04 22:00:00,495.46,497.91,495.46,496.7,41536
2022-08-04 23:00:00,496.79,496.99,496.75,496.76,68720
2022-08-05 16:00:00,489.61,493.04,489.0,490.28,15724
2022-08-05 17:00:00,490.0,495.8,488.73,493.35,23625
2022-08-05 18:00:00,493.23,493.24,488.2,490.38,18507
2022-08-05 19:00:00,490.79,492.35,490.56,492.35,13760
2022-08-05 20:00:00,492.36,492.92,490.49,491.35,9633
2022-08-05 21:00:00,491.43,492.79,490.79,492.37,10927
2022-08-05 22:00:00,492.33,496.55,492.33,496.4,33739
2022-08-05 23:00:00,496.4,496.59,496.1,496.18,52412
2022-08-08 16:00:00,503.86,503.86,498.93,501.38,17755
2022-08-08 17:00:00,501.7,505.57,500.19,504.76,19165
2022-08-08 18:00:00,505.78,506.43,500.94,501.29,13218
2022-08-08 19:00:00,501.69,501.84,497.69,500.5,11648
2022-08-08 20:00:00,501.03,502.71,500.76,501.86,7724
2022-08-08 21:00:00,501.53,502.4,500.23,502.24,14070
2022-08-08 22:00:00,502.57,502.57,500.68,501.21,17507
2022-08-08 23:00:00,500.97,501.35,500.82,500.82,50881
2022-08-09 16:00:00,498.46,500.12,494.49,494.78,11712
2022-08-09 17:00:00,494.53,497.68,493.15,495.89,22592
2022-08-09 18:00:00,496.49,497.51,494.41,496.2,11974
2022-08-09 19:00:00,496.2,496.27,494.59,494.75,5574
2022-08-09 20:00:00,495.09,496.08,493.85,494.86,8361
2022-08-09 21:00:00,495.14,495.39,492.51,494.18,9960
2022-08-09 22:00:00,494.0,495.54,493.71,495.15,35054
2022-08-09 23:00:00,495.01,495.34,494.8,494.93,59279
2022-08-10 16:00:00,510.5,513.98,508.28,508.28,20952
2022-08-10 17:00:00,509.75,510.32,503.89,507.35,13936
2022-08-10 18:00:00,508.69,510.11,507.66,508.83,10313
2022-08-10 19:00:00,509.13,509.34,506.63,508.72,9124
2022-08-10 20:00:00,508.57,509.51,507.23,509.51,5560
2022-08-10 21:00:00,509.51,509.66,507.93,508.23,8473
2022-08-10 22:00:00,508.23,512.18,508.21,512.0,33854
2022-08-10 23:00:00,511.92,512.29,511.72,512.12,37607
2022-08-11 16:00:00,516.93,516.93,511.18,512.05,6448
2022-08-11 17:00:00,512.0,513.58,510.17,511.45,26354
2022-08-11 18:00:00,511.55,511.56,504.63,505.11,10836
2022-08-11 19:00:00,505.25,506.7,503.88,506.37,6028
2022-08-11 20:00:00,506.61,507.58,505.08,505.24,7309
2022-08-11 21:00:00,505.09,505.4,503.33,503.76,6212
2022-08-11 22:00:00,503.77,503.77,500.38,501.15,29467
2022-08-11 23:00:00,501.08,501.31,501.02,501.12,35376
2022-08-12 16:00:00,505.45,506.26,499.1,505.42,23221
2022-08-12 17:00:00,502.5,504.29,500.54,502.3,15271
2022-08-12 18:00:00,503.0,503.75,500.95,502.17,12978
2022-08-12 19:00:00,502.02,502.88,501.55,501.7,14119
2022-08-12 20:00:00,501.82,502.53,501.7,502.07,10183
2022-08-12 21:00:00,502.09,505.52,501.86,505.5,14763
2022-08-12 22:00:00,505.23,507.29,505.12,506.58,45134
2022-08-12 23:00:00,506.56,506.92,506.42,506.71,38209
2022-08-15 16:00:00,505.0,508.67,502.83,507.92,28887
2022-08-15 17:00:00,508.64,510.0,504.23,504.8,33314
2022-08-15 18:00:00,504.98,506.06,502.44,504.22,22895
2022-08-15 19:00:00,504.4,506.0,504.1,505.7,15887
2022-08-15 20:00:00,505.7,508.55,504.91,508.55,19587
2022-08-15 21:00:00,508.63,510.26,507.55,509.71,3324
2022-08-15 22:00:00,509.76,509.96,507.97,509.38,22396
2022-08-15 23:00:00,509.12,509.12,508.14,508.63,124788
2022-08-16 16:00:00,502.09,504.68,500.84,501.21,16667
2022-08-16 17:00:00,500.77,501.3,495.87,499.39,24323
2022-08-16 18:00:00,499.95,504.71,499.69,503.62,13433
2022-08-16 19:00:00,503.5,503.65,501.57,502.36,4903
2022-08-16 20:00:00,502.8,504.79,502.29,504.45,7383
2022-08-16 21:00:00,504.57,506.21,500.72,502.11,11935
2022-08-16 22:00:00,501.92,504.66,501.07,503.73,18526
2022-08-16 23:00:00,503.6,503.62,503.38,503.62,39309
2022-08-17 16:00:00,497.8,499.57,496.0,498.76,17042
2022-08-17 17:00:00,498.02,498.91,493.36,494.26,15406
2022-08-17 18:00:00,495.01,498.91,495.01,496.66,26971
2022-08-17 19:00:00,496.44,501.19,496.44,500.91,12386
2022-08-17 20:00:00,500.69,502.28,500.25,501.71,7776
2022-08-17 21:00:00,502.68,504.91,501.99,503.22,12262
2022-08-17 22:00:00,503.49,504.4,501.3,502.36,28113
2022-08-17 23:00:00,502.08,502.49,502.08,502.49,55643
2022-08-18 16:00:00,501.99,502.47,500.05,501.45,7056
2022-08-18 17:00:00,499.54,501.62,499.0,500.68,3982
2022-08-18 18:00:00,500.26,501.73,499.41,500.1,6734
2022-08-18 19:00:00,500.45,500.72,499.01,500.22,4184
2022-08-18 20:00:00,500.27,501.18,499.96,500.24,4007
2022-08-18 21:00:00,500.12,500.99,498.57,500.13,5638
2022-08-18 22:00:00,500.1,502.23,498.96,500.49,30153
2022-08-18 23:00:00,500.49,500.49,499.98,499.98,24112
2022-08-19 16:00:00,495.0,495.49,486.71,487.05,17515
2022-08-19 17:00:00,486.75,489.75,486.05,486.54,23269
2022-08-19 18:00:00,486.93,486.97,483.59,483.66,13261
2022-08-19 19:00:00,483.47,483.88,481.86,482.71,13923
2022-08-19 20:00:00,482.84,483.19,480.76,481.55,13082
2022-08-19 21:00:00,481.1,481.29,478.86,479.26,13414
2022-08-19 22:00:00,478.79,479.93,477.79,478.31,57701
2022-08-19 23:00:00,478.44,478.64,478.44,478.49,104370
2022-08-22 16:00:00,470.34,475.0,468.13,472.19,12930
2022-08-22 17:00:00,472.18,473.56,467.8,467.8,25165
2022-08-22 18:00:00,467.21,473.07,466.82,472.12,49086
2022-08-22 19:00:00,472.24,473.0,471.64,472.09,4536
2022-08-22 20:00:00,472.33,472.96,471.1,471.78,6030
2022-08-22 21:00:00,471.81,472.63,470.55,471.87,8015
2022-08-22 22:00:00,472.16,474.05,471.34,472.87,63943
2022-08-22 23:00:00,472.98,473.33,472.87,472.88,72573
2022-08-23 16:00:00,471.17,471.17,465.29,469.2,9105
2022-08-23 17:00:00,469.44,474.71,468.68,470.32,20816
2022-08-23 18:00:00,469.89,472.13,468.67,469.56,14014
2022-08-23 19:00:00,468.88,469.73,468.11,469.16,7229
2022-08-23 20:00:00,469.71,470.66,468.34,468.34,7491
2022-08-23 21:00:00,468.37,469.62,467.69,468.41,2786
2022-08-23 22:00:00,468.54,468.93,466.68,467.05,20009
2022-08-23 23:00:00,467.01,467.5,467.01,467.5,55061
2022-08-24 16:00:00,468.87,470.81,467.4,467.72,3070
2022-08-24 17:00:00,467.4,471.18,466.64,470.24,6665
2022-08-24 18:00:00,469.63,472.56,469.0,471.43,11019
2022-08-24 19:00:00,471.63,471.63,468.53,468.73,6863
2022-08-24 20:00:00,468.53,469.97,468.17,469.97,4621
2022-08-24 21:00:00,470.1,470.12,468.97,469.94,8484
2022-08-24 22:00:00,470.4,471.32,467.81,468.32,33939
2022-08-24 23:00:00,467.9,468.32,467.89,467.89,76492
2022-08-25 16:00:00,470.0,471.4,463.88,469.41,5919
2022-08-25 17:00:00,471.17,475.02,471.17,473.36,10804
2022-08-25 18:00:00,472.55,472.67,468.06,469.54,11632
2022-08-25 19:00:00,469.43,469.73,467.73,468.67,4964
2022-08-25 20:00:00,468.83,472.42,468.83,471.88,6621
2022-08-25 21:00:00,471.68,471.89,470.56,471.63,5278
2022-08-25 22:00:00,471.59,476.1,471.47,476.08,17380
2022-08-25 23:00:00,476.09,476.09,475.77,475.78,34788
2022-08-26 16:00:00,477.14,477.14,470.99,472.48,3174
2022-08-26 17:00:00,472.61,474.02,462.78,464.84,50556
2022-08-26 18:00:00,464.49,464.49,461.31,462.93,21613
2022-08-26 19:00:00,462.56,462.56,459.02,461.78,7500
2022-08-26 20:00:00,461.98,461.98,458.38,459.28,11716
2022-08-26 21:00:00,459.33,459.63,456.94,457.88,10791
2022-08-26 22:00:00,457.63,460.0,455.2,456.42,44687
2022-08-26 23:00:00,456.42,456.42,456.14,456.42,117046
2022-08-29 16:00:00,451.77,457.75,451.77,453.63,11130
2022-08-29 17:00:00,454.41,457.9,452.94,454.12,23080
2022-08-29 18:00:00,453.19,456.52,452.88,454.95,9422
2022-08-29 19:00:00,455.18,457.12,455.0,455.7,7276
2022-08-29 20:00:00,455.58,457.22,454.78,456.61,3241
2022-08-29 21:00:00,456.9,457.49,454.35,455.58,6294
2022-08-29 22:00:00,456.68,456.68,454.36,456.01,66765
2022-08-29 23:00:00,456.01,456.02,456.0,456.0,50341
2022-08-30 16:00:00,458.12,459.94,457.17,458.02,10297
2022-08-30 17:00:00,457.59,458.14,449.7,452.92,12323
2022-08-30 18:00:00,452.32,454.12,451.63,452.62,6184
2022-08-30 19:00:00,452.93,454.47,450.59,451.85,9214
2022-08-30 20:00:00,451.39,451.39,449.13,451.0,8849
2022-08-30 21:00:00,450.81,452.02,450.3,451.19,8525
2022-08-30 22:00:00,451.31,453.46,450.35,453.08,36871
2022-08-30 23:00:00,453.08,453.08,453.0,453.04,71042
2022-08-31 16:00:00,457.55,459.18,454.65,456.83,5920
2022-08-31 17:00:00,457.13,457.14,453.11,453.11,5832
2022-08-31 18:00:00,452.61,454.35,449.95,454.35,4391
2022-08-31 19:00:00,453.5,454.08,451.06,451.37,17585
2022-08-31 20:00:00,451.36,451.72,449.07,450.35,9314
2022-08-31 21:00:00,450.43,451.95,449.88,450.7,7181
2022-08-31 22:00:00,450.28,453.55,449.05,449.09,39089
2022-08-31 23:00:00,449.24,449.24,449.24,449.24,207730
2022-09-01 16:00:00,445.99,448.26,444.27,447.15,15153
2022-09-01 17:00:00,448.34,448.35,440.7,442.21,22514
2022-09-01 18:00:00,442.17,446.71,441.94,444.8,11731
2022-09-01 19:00:00,445.23,447.36,445.11,445.97,8473
2022-09-01 20:00:00,445.93,449.93,445.93,448.95,13705
2022-09-01 21:00:00,449.1,450.77,448.43,450.36,9770
2022-09-01 22:00:00,450.2,457.64,449.78,457.04,96974
2022-09-01 23:00:00,456.92,456.92,456.91,456.91,89346
2022-09-02 16:00:00,462.22,463.99,456.8,457.05,9025
2022-09-02 17:00:00,456.44,463.62,455.57,461.55,26297
2022-09-02 18:00:00,461.82,463.7,461.47,462.08,9633
2022-09-02 19:00:00,461.82,462.13,458.01,458.72,44905
2022-09-02 20:00:00,458.01,458.35,454.55,454.55,30244
2022-09-02 21:00:00,455.05,456.78,454.77,455.12,9409
2022-09-02 22:00:00,454.7,455.98,450.35,452.22,49060
2022-09-02 23:00:00,451.96,452.13,451.93,451.95,81575
2022-09-06 16:00:00,452.68,457.19,451.57,457.19,28328
2022-09-06 17:00:00,456.17,460.32,450.29,459.82,22587
2022-09-06 18:00:00,458.46,460.04,457.34,459.16,8401
2022-09-06 19:00:00,458.77,459.93,453.62,456.54,17983
2022-09-06 20:00:00,455.75,456.27,452.02,454.05,12387
2022-09-06 21:00:00,454.1,455.91,453.6,454.7,8181
2022-09-06 22:00:00,455.61,458.16,454.63,457.88,58689
2022-09-06 23:00:00,457.95,457.95,457.68,457.68,62677
2022-09-07 16:00:00,457.93,463.92,457.52,460.82,23066
2022-09-07 17:00:00,461.23,461.73,456.88,460.19,26239
2022-09-07 18:00:00,459.72,464.48,459.67,464.43,9727
2022-09-07 19:00:00,464.71,467.88,463.92,467.37,10883
2022-09-07 20:00:00,467.59,469.75,467.38,469.11,12269
2022-09-07 21:00:00,469.51,472.51,469.51,472.51,14597
2022-09-07 22:00:00,472.76,474.59,471.99,474.45,47883
2022-09-07 23:00:00,474.45,474.45,474.27,474.3,70194
2022-09-08 16:00:00,471.82,477.64,470.33,477.64,13494
2022-09-08 17:00:00,477.16,482.32,475.88,482.32,18550
2022-09-08 18:00:00,482.72,484.04,481.79,481.79,17720
2022-09-08 19:00:00,481.44,481.44,474.19,477.49,43443
2022-09-08 20:00:00,477.89,480.52,476.59,479.11,4945
2022-09-08 21:00:00,479.43,480.06,477.59,478.4,6300
2022-09-08 22:00:00,478.82,483.08,478.47,482.81,36520
2022-09-08 23:00:00,482.9,482.9,482.9,482.9,51695
2022-09-09 16:00:00,486.0,492.23,484.84,490.06,18058
2022-09-09 17:00:00,490.1,491.39,486.03,490.13,28439
2022-09-09 18:00:00,490.34,491.22,487.75,490.51,24640
2022-09-09 19:00:00,490.09,491.74,489.6,491.74,20546
2022-09-09 20:00:00,491.3,493.12,490.27,491.4,17891
2022-09-09 21:00:00,490.98,493.07,490.52,492.39,19099
2022-09-09 22:00:00,492.49,494.29,491.08,491.4,71175
2022-09-09 23:00:00,491.4,491.4,491.26,491.26,38939
2022-09-12 16:00:00,491.84,498.33,491.84,498.28,20120
2022-09-12 17:00:00,498.17,498.87,494.23,495.78,28574
2022-09-12 18:00:00,495.82,497.06,493.07,494.16,23098
2022-09-12 19:00:00,494.5,495.69,492.15,495.69,16738
2022-09-12 20:00:00,495.52,495.72,493.46,493.74,18191
2022-09-12 21:00:00,493.75,495.03,492.56,494.11,17137
2022-09-12 22:00:00,494.21,497.03,494.12,496.75,96740
2022-09-12 23:00:00,496.56,496.57,496.56,496.57,66790
2022-09-13 16:00:00,479.94,482.88,479.01,479.05,16488
2022-09-13 17:00:00,476.58,479.58,473.99,474.15,7573
2022-09-13 18:00:00,474.48,475.37,472.49,474.23,10325
2022-09-13 19:00:00,474.6,476.43,474.55,476.29,5802
2022-09-13 20:00:00,475.91,479.64,475.62,478.34,13591
2022-09-13 21:00:00,478.34,478.34,474.8,475.77,14997
2022-09-13 22:00:00,475.29,475.49,470.68,471.77,70135
2022-09-13 23:00:00,471.77,471.77,471.77,471.77,177389
2022-09-14 16:00:00,475.12,475.93,470.78,472.15,11633
2022-09-14 17:00:00,472.6,475.66,470.21,475.66,8902
2022-09-14 18:00:00,475.05,475.67,472.69,473.61,50699
2022-09-14 19:00:00,473.89,474.3,472.13,473.83,32477
2022-09-14 20:00:00,473.12,473.12,465.78,466.17,11629
2022-09-14 21:00:00,466.3,466.4,463.88,463.91,10147
2022-09-14 22:00:00,464.12,469.4,461.74,469.14,46060
2022-09-14 23:00:00,468.85,469.11,468.85,469.11,49484
2022-09-15 16:00:00,464.35,467.05,463.66,466.21,11206
2022-09-15 17:00:00,466.87,468.16,460.32,460.64,21674
2022-09-15 18:00:00,460.85,461.02,456.21,456.49,17627
2022-09-15 19:00:00,457.07,457.79,455.01,457.55,12456
2022-09-15 20:00:00,458.16,460.87,456.29,456.73,15252
2022-09-15 21:00:00,456.46,457.29,455.23,455.87,11694
2022-09-15 22:00:00,456.05,456.74,453.43,456.03,46227
2022-09-15 23:00:00,455.8,456.19,455.8,456.19,43233
2022-09-16 16:00:00,452.08,452.08,447.27,448.3,73192
2022-09-16 17:00:00,448.6,453.25,446.33,451.84,53253
2022-09-16 18:00:00,452.62,454.71,449.22,451.95,14806
2022-09-16 19:00:00,451.85,452.66,450.28,451.46,4999
2022-09-16 20:00:00,451.11,452.99,450.39,451.33,7756
2022-09-16 21:00:00,451.8,454.21,451.1,454.15,12508
2022-09-16 22:00:00,454.33,457.12,452.83,456.49,80090
2022-09-16 23:00:00,456.49,456.68,456.49,456.68,355130
2022-09-19 16:00:00,451.82,452.06,449.99,450.98,5390
2022-09-19 17:00:00,449.81,450.94,446.1,449.71,35294
2022-09-19 18:00:00,449.85,450.16,444.61,445.33,39015
2022-09-19 19:00:00,446.0,446.25,442.44,444.89,51600
2022-09-19 20:00:00,445.34,447.23,445.26,445.87,29067
2022-09-19 21:00:00,446.0,448.29,445.76,448.18,14010
2022-09-19 22:00:00,448.08,451.68,448.02,451.26,60279
2022-09-19 23:00:00,451.38,451.38,451.38,451.38,96790
2022-09-20 16:00:00,447.27,449.45,443.21,445.72,9569
2022-09-20 17:00:00,445.65,451.56,444.92,451.46,19271
2022-09-20 18:00:00,451.68,453.0,451.03,452.86,14772
2022-09-20 19:00:00,452.99,453.49,449.75,450.05,6917
2022-09-20 20:00:00,450.02,450.07,444.78,444.78,15430
2022-09-20 21:00:00,444.77,450.45,444.77,450.0,12416
2022-09-20 22:00:00,450.13,451.34,447.47,447.87,43452
2022-09-20 23:00:00,447.76,447.77,447.76,447.77,50666
2022-09-21 16:00:00,450.02,453.79,449.61,451.7,8592
2022-09-21 17:00:00,451.15,453.53,450.81,451.69,16089
2022-09-21 18:00:00,452.23,452.5,450.0,450.0,5357
2022-09-21 19:00:00,450.27,451.72,449.84,449.9,4477
2022-09-21 20:00:00,449.89,451.15,449.52,451.15,4276
2022-09-21 21:00:00,449.49,454.17,442.86,452.48,21848
2022-09-21 22:00:00,452.96,452.96,439.59,439.86,65066
2022-09-21 23:00:00,439.57,439.57,439.57,439.57,41896
2022-09-22 16:00:00,437.15,437.41,426.29,427.52,12549
2022-09-22 17:00:00,426.95,430.12,423.11,423.45,25505
2022-09-22 18:00:00,422.99,425.12,421.43,424.62,62864
2022-09-22 19:00:00,425.43,427.0,424.14,425.29,39324
2022-09-22 20:00:00,424.95,428.24,423.87,428.16,19451
2022-09-22 21:00:00,428.33,428.41,425.1,426.72,31554
2022-09-22 22:00:00,426.94,429.48,425.42,426.97,99473
2022-09-22 23:00:00,426.97,427.09,426.97,427.09,112714
2022-09-23 16:00:00,422.45,425.92,420.5,422.1,20165
2022-09-23 17:00:00,422.07,422.59,419.38,419.89,42645
2022-09-23 18:00:00,420.02,422.49,418.5,419.32,23325
2022-09-23 19:00:00,419.8,419.8,415.96,416.58,57909
2022-09-23 20:00:00,416.53,418.03,416.21,417.27,46542
2022-09-23 21:00:00,416.98,418.08,415.11,415.36,22576
2022-09-23 22:00:00,415.42,422.85,415.28,422.5,53838
2022-09-23 23:00:00,422.33,422.33,422.33,422.33,40869
2022-09-26 16:00:00,423.29,428.33,422.79,427.77,19695
2022-09-26 17:00:00,427.52,430.08,426.56,427.9,27032
2022-09-26 18:00:00,427.86,428.42,422.61,424.56,22780
2022-09-26 19:00:00,424.04,424.04,418.44,421.6,27524
2022-09-26 20:00:00,421.7,421.7,418.09,419.07,35088
2022-09-26 21:00:00,419.2,422.47,419.09,422.36,23382
2022-09-26 22:00:00,422.34,424.54,420.68,420.98,81491
2022-09-26 23:00:00,421.24,421.24,420.76,420.76,106981
2022-09-27 16:00:00,428.86,433.79,426.07,426.21,21658
2022-09-27 17:00:00,426.45,426.45,421.29,422.2,51370
2022-09-27 18:00:00,422.41,422.85,417.34,417.37,13584
2022-09-27 19:00:00,416.86,418.16,413.97,417.28,12981
2022-09-27 20:00:00,416.93,417.01,413.87,415.28,22858
2022-09-27 21:00:00,415.29,418.57,414.8,416.39,34549
2022-09-27 22:00:00,416.23,417.18,413.34,417.05,62852
2022-09-27 23:00:00,417.05,417.05,416.9,416.9,85248
2022-09-28 16:00:00,421.5,424.79,417.62,423.53,18282
2022-09-28 17:00:00,423.94,428.79,420.65,426.58,40412
2022-09-28 18:00:00,426.26,431.35,426.26,431.19,52138
2022-09-28 19:00:00,431.38,432.72,429.03,431.55,29030
2022-09-28 20:00:00,431.18,432.55,428.78,429.2,16870
2022-09-28 21:00:00,429.27,430.37,428.71,430.29,24037
2022-09-28 22:00:00,430.16,432.29,428.78,428.85,54121
2022-09-28 23:00:00,428.95,429.14,428.95,429.14,42500
2022-09-29 16:00:00,423.13,425.47,420.31,422.87,27665
2022-09-29 17:00:00,422.81,423.45,420.38,422.91,24588
2022-09-29 18:00:00,423.78,425.9,422.67,425.4,12539
2022-09-29 19:00:00,425.16,425.53,423.17,423.96,21473
2022-09-29 20:00:00,423.96,424.74,421.39,421.84,17396
2022-09-29 21:00:00,421.8,423.08,421.17,421.83,19474
2022-09-29 22:00:00,421.88,424.0,421.44,422.7,54861
2022-09-29 23:00:00,422.87,423.22,422.87,423.22,96878
2022-09-30 16:00:00,422.12,428.15,421.26,426.86,15455
2022-09-30 17:00:00,427.56,429.57,425.25,428.93,16572
2022-09-30 18:00:00,429.28,431.13,427.1,428.29,20112
2022-09-30 19:00:00,428.28,429.41,427.27,428.56,15674
2022-09-30 20:00:00,428.43,430.0,426.73,426.89,30237
2022-09-30 21:00:00,426.55,427.82,424.64,425.2,24466
2022-09-30 22:00:00,425.25,426.73,421.09,422.21,71476
2022-09-30 23:00:00,421.79,421.79,421.79,421.79,117113
2022-10-03 16:00:00,424.87,425.52,420.78,423.06,14699
2022-10-03 17:00:00,423.36,428.01,423.36,426.02,16896
2022-10-03 18:00:00,426.36,429.71,426.18,426.18,14557
2022-10-03 19:00:00,426.26,427.92,425.02,426.13,12742
2022-10-03 20:00:00,426.13,429.4,425.96,428.92,14211
2022-10-03 21:00:00,429.01,432.87,429.01,432.71,12909
2022-10-03 22:00:00,432.22,432.98,430.7,431.58,29328
2022-10-03 23:00:00,431.58,431.58,431.57,431.58,44731
2022-10-04 16:00:00,440.6,446.05,438.94,446.05,23226
2022-10-04 17:00:00,446.79,448.34,446.18,448.09,15238
2022-10-04 18:00:00,447.91,450.62,447.53,448.59,17304
2022-10-04 19:00:00,448.57,450.33,447.52,447.93,18132
2022-10-04 20:00:00,447.91,448.09,445.0,447.88,14648
2022-10-04 21:00:00,447.67,448.0,446.06,447.64,18343
2022-10-04 22:00:00,447.53,451.01,446.03,450.87,62503
2022-10-04 23:00:00,450.87,450.87,450.59,450.86,76470
2022-10-05 16:00:00,444.13,451.34,444.13,447.98,19561
2022-10-05 17:00:00,447.76,447.76,442.28,443.15,15848
2022-10-05 18:00:00,442.71,446.09,441.34,445.51,17289
2022-10-05 19:00:00,445.29,447.07,444.26,446.57,13706
2022-10-05 20:00:00,446.18,447.59,445.79,445.86,18358
2022-10-05 21:00:00,445.88,448.15,445.63,448.02,30030
2022-10-05 22:00:00,448.22,451.34,446.73,447.39,43690
2022-10-05 23:00:00,446.95,447.48,446.95,447.48,31884
2022-10-06 16:00:00,444.04,447.99,444.04,444.8,19113
2022-10-06 17:00:00,444.78,444.78,437.87,441.04,21103
2022-10-06 18:00:00,441.36,442.22,439.05,439.05,38343
2022-10-06 19:00:00,439.27,440.57,438.01,439.32,14686
2022-10-06 20:00:00,439.55,440.15,438.51,440.04,10425
2022-10-06 21:00:00,439.79,440.04,437.05,437.92,16948
2022-10-06 22:00:00,437.9,438.62,436.6,436.63,51437
2022-10-06 23:00:00,436.63,436.66,436.63,436.65,70121
2022-10-07 16:00:00,431.15,433.89,421.98,422.67,8712
2022-10-07 17:00:00,423.44,425.92,421.74,423.49,19101
2022-10-07 18:00:00,423.99,424.42,420.65,421.23,22256
2022-10-07 19:00:00,421.04,422.81,416.38,417.7,29172
2022-10-07 20:00:00,417.63,419.47,416.73,418.44,18461
2022-10-07 21:00:00,418.65,419.39,416.55,417.59,20748
2022-10-07 22:00:00,417.64,420.03,416.17,419.5,57857
2022-10-07 23:00:00,419.43,419.84,419.43,419.84,48289
2022-10-10 16:00:00,417.32,419.2,410.09,410.99,21805
2022-10-10 17:00:00,410.61,410.95,404.12,404.63,55470
2022-10-10 18:00:00,404.64,408.34,403.35,408.14,24681
2022-10-10 19:00:00,407.25,407.94,404.75,405.82,11073
2022-10-10 20:00:00,405.5,409.48,404.56,408.59,20004
2022-10-10 21:00:00,408.52,408.85,405.64,406.17,21151
2022-10-10 22:00:00,406.45,408.6,405.73,406.88,80377
2022-10-10 23:00:00,406.88,407.07,406.88,406.92,51221
2022-10-11 16:00:00,404.67,409.37,395.14,395.5,25151
2022-10-11 17:00:00,395.04,397.4,393.78,395.54,64523
2022-10-11 18:00:00,395.8,403.59,395.71,403.59,34119
2022-10-11 19:00:00,403.27,405.92,401.5,404.71,22286
2022-10-11 20:00:00,404.75,405.53,402.88,405.53,20700
2022-10-11 21:00:00,405.79,405.79,400.28,400.28,22408
2022-10-11 22:00:00,399.67,400.41,397.52,399.36,78641
2022-10-11 23:00:00,399.35,399.35,399.35,399.35,43792
2022-10-12 16:00:00,400.1,400.1,395.32,398.09,10764
2022-10-12 17:00:00,398.91,399.55,395.01,398.33,30860
2022-10-12 18:00:00,397.74,402.37,397.67,402.15,38281
2022-10-12 19:00:00,402.14,403.98,400.75,403.46,23180
2022-10-12 20:00:00,403.71,404.25,402.35,403.47,48790
2022-10-12 21:00:00,403.68,404.64,401.57,401.57,38013
2022-10-12 22:00:00,401.63,403.65,400.7,401.36,88498
2022-10-12 23:00:00,401.36,401.65,401.36,401.65,116058
2022-10-13 16:00:00,390.88,392.22,385.0,388.54,40746
2022-10-13 17:00:00,388.81,392.0,387.28,390.2,66596
2022-10-13 18:00:00,390.51,404.38,389.92,402.12,17667
2022-10-13 19:00:00,402.63,405.9,400.58,404.24,15902
2022-10-13 20:00:00,404.23,408.42,402.41,405.33,28865
2022-10-13 21:00:00,405.06,406.78,402.97,406.39,25624
2022-10-13 22:00:00,405.97,407.66,404.69,406.07,82026
2022-10-13 23:00:00,406.07,406.08,406.07,406.08,98173
2022-10-14 16:00:00,411.87,412.78,405.02,408.86,15143
2022-10-14 17:00:00,407.81,408.0,400.2,401.9,12946
2022-10-14 18:00:00,402.26,403.64,395.24,395.4,10869
2022-10-14 19:00:00,395.09,396.06,392.6,393.03,15924
2022-10-14 20:00:00,393.06,394.1,391.98,393.2,18585
2022-10-14 21:00:00,393.12,393.42,389.82,390.81,14567
2022-10-14 22:00:00,391.23,391.52,387.23,389.0,101837
2022-10-14 23:00:00,388.72,388.72,388.72,388.72,39636
2022-10-17 16:00:00,398.74,405.4,398.74,403.71,12682
2022-10-17 17:00:00,404.01,406.18,403.19,403.79,30355
2022-10-17 18:00:00,404.01,404.56,401.51,404.33,20929
2022-10-17 19:00:00,404.68,405.15,401.17,401.95,20521
2022-10-17 20:00:00,401.35,402.85,400.97,402.6,8518
2022-10-17 21:00:00,402.14,403.14,400.95,400.95,21802
2022-10-17 22:00:00,400.82,403.98,399.88,402.98,76630
2022-10-17 23:00:00,403.07,403.07,402.96,402.96,45986
2022-10-18 16:00:00,417.51,417.75,413.39,413.48,9370
2022-10-18 17:00:00,414.09,416.79,409.56,411.79,13628
2022-10-18 18:00:00,411.34,412.47,405.27,410.46,19664
2022-10-18 19:00:00,410.57,412.14,407.78,408.58,20811
2022-10-18 20:00:00,407.94,411.12,407.29,410.87,7633
2022-10-18 21:00:00,410.81,411.19,406.84,408.37,9025
2022-10-18 22:00:00,407.91,409.79,406.53,409.05,52739
2022-10-18 23:00:00,408.68,408.78,408.56,408.56,79942
2022-10-19 16:00:00,401.79,404.09,398.33,399.86,16984
2022-10-19 17:00:00,399.91,403.8,399.38,399.81,23586
2022-10-19 18:00:00,399.69,402.49,399.69,402.32,7812
2022-10-19 19:00:00,401.68,401.68,397.22,397.56,7022
2022-10-19 20:00:00,397.44,397.44,395.28,396.24,8875
2022-10-19 21:00:00,396.24,398.32,396.24,396.7,9275
2022-10-19 22:00:00,396.78,399.08,396.33,398.79,33396
2022-10-19 23:00:00,398.79,398.79,398.79,398.79,56266
2022-10-20 16:00:00,397.71,397.71,390.83,393.5,12226
2022-10-20 17:00:00,395.15,399.47,394.42,398.06,42359
2022-10-20 18:00:00,398.28,398.64,394.45,394.45,15625
2022-10-20 19:00:00,393.91,393.91,390.38,393.34,57688
2022-10-20 20:00:00,393.88,393.94,391.35,391.81,21640
2022-10-20 21:00:00,392.3,394.27,391.25,393.86,35224
2022-10-20 22:00:00,393.7,395.02,392.5,393.8,168006
2022-10-20 23:00:00,393.81,393.85,393.66,393.66,80251
2022-10-21 16:00:00,394.69,395.09,388.85,394.87,73950
2022-10-21 17:00:00,394.89,395.82,388.12,391.16,54200
2022-10-21 18:00:00,390.62,395.78,389.7,394.83,99828
2022-10-21 19:00:00,395.37,396.74,393.56,395.88,40821
2022-10-21 20:00:00,395.86,397.79,394.79,397.64,78433
2022-10-21 21:00:00,397.62,399.23,397.62,398.66,32462
2022-10-21 22:00:00,398.52,402.27,398.48,401.31,155586
2022-10-21 23:00:00,401.3,401.48,400.86,401.48,61218
2022-10-24 16:00:00,405.68,406.01,398.55,403.9,30179
2022-10-24 17:00:00,403.04,403.78,397.28,403.44,55852
2022-10-24 18:00:00,403.33,408.17,402.61,408.17,20440
2022-10-24 19:00:00,408.85,410.83,405.99,409.1,27722
2022-10-24 20:00:00,407.85,409.71,407.57,408.64,38657
2022-10-24 21:00:00,408.78,411.83,408.17,411.22,32730
2022-10-24 22:00:00,411.07,412.68,410.28,412.2,108963
2022-10-24 23:00:00,412.15,412.15,412.15,412.15,88196
2022-10-25 16:00:00,416.32,429.98,416.32,427.96,51235
2022-10-25 17:00:00,426.9,427.85,421.12,424.38,57205
2022-10-25 18:00:00,424.59,432.72,424.44,431.27,33540
2022-10-25 19:00:00,431.49,434.63,430.76,432.69,28862
2022-10-25 20:00:00,433.22,437.2,433.0,436.75,31020
2022-10-25 21:00:00,436.62,439.06,436.35,438.64,32870
2022-10-25 22:00:00,438.64,448.75,438.57,448.75,211540
2022-10-25 23:00:00,448.75,448.75,448.42,448.42,109924
2022-10-26 16:00:00,446.0,454.8,444.85,449.83,39172
2022-10-26 17:00:00,450.64,454.24,450.58,450.65,27683
2022-10-26 18:00:00,450.28,459.94,450.28,459.72,54161
2022-10-26 19:00:00,460.13,461.2,456.93,456.93,32687
2022-10-26 20:00:00,457.11,457.11,452.78,454.97,32093
2022-10-26 21:00:00,455.18,456.02,451.94,452.98,39930
2022-10-26 22:00:00,452.91,455.02,451.56,451.65,111848
2022-10-26 23:00:00,451.64,451.65,451.6,451.6,83249
2022-10-27 16:00:00,455.76,464.23,453.26,455.7,28262
2022-10-27 17:00:00,455.1,461.85,452.61,459.61,40406
2022-10-27 18:00:00,458.96,461.97,455.27,455.82,16433
2022-10-27 19:00:00,455.81,457.44,452.99,456.73,15973
2022-10-27 20:00:00,456.69,458.2,455.95,456.89,14094
2022-10-27 21:00:00,457.15,457.91,456.19,457.44,18212
2022-10-27 22:00:00,457.65,458.97,454.8,455.65,54758
2022-10-27 23:00:00,455.25,455.59,455.21,455.22,133534
2022-10-28 16:00:00,455.56,462.49,454.9,461.89,23229
2022-10-28 17:00:00,461.89,463.68,455.68,463.68,17502
2022-10-28 18:00:00,463.75,467.74,462.28,465.81,34868
2022-10-28 19:00:00,466.24,471.21,465.32,471.05,36482
2022-10-28 20:00:00,471.05,472.16,470.36,471.57,19200
2022-10-28 21:00:00,472.13,474.53,470.21,474.53,29825
2022-10-28 22:00:00,474.58,476.04,473.32,474.27,74923
2022-10-28 23:00:00,473.95,474.27,473.95,474.27,90954
2022-10-31 16:00:00,472.08,472.87,468.73,472.61,10524
2022-10-31 17:00:00,472.11,475.17,469.41,472.76,53635
2022-10-31 18:00:00,473.42,478.48,473.29,475.35,32798
2022-10-31 19:00:00,475.7,477.9,474.44,475.78,27272
2022-10-31 20:00:00,475.52,476.72,469.54,472.09,41151
2022-10-31 21:00:00,471.45,472.57,469.77,470.4,16468
2022-10-31 22:00:00,469.93,473.06,468.55,468.95,82590
2022-10-31 23:00:00,468.9,468.91,468.86,468.86,159181
2022-11-01 16:00:00,478.49,484.12,476.77,478.5,30172
2022-11-01 17:00:00,478.97,479.08,466.39,466.39,29140
2022-11-01 18:00:00,467.7,469.12,466.38,468.23,13185
2022-11-01 19:00:00,468.18,470.13,467.15,467.55,10945
2022-11-01 20:00:00,467.7,468.92,467.11,468.58,14513
2022-11-01 21:00:00,469.42,471.76,468.8,471.59,20454
2022-11-01 22:00:00,471.44,472.2,470.07,470.09,53517
2022-11-01 23:00:00,470.08,470.08,470.08,470.08,72850
2022-11-02 16:00:00,469.26,469.26,464.34,466.09,7287
2022-11-02 17:00:00,465.11,469.1,464.69,469.07,9814
2022-11-02 18:00:00,468.71,468.71,460.33,460.67,22560
2022-11-02 19:00:00,460.18,460.21,456.67,460.21,9334
2022-11-02 20:00:00,459.64,463.29,459.14,462.32,6491
2022-11-02 21:00:00,463.85,474.55,459.88,462.07,75980
2022-11-02 22:00:00,461.76,465.42,452.88,453.74,41956
2022-11-02 23:00:00,453.56,453.74,453.56,453.74,84031
2022-11-03 16:00:00,446.98,448.3,444.87,447.02,34287
2022-11-03 17:00:00,447.47,458.17,446.38,458.12,47874
2022-11-03 18:00:00,458.2,458.2,452.68,453.21,9766
2022-11-03 19:00:00,453.54,458.75,453.43,458.54,19213
2022-11-03 20:00:00,458.38,458.38,454.12,454.57,14319
2022-11-03 21:00:00,454.38,456.58,453.92,455.26,10655
2022-11-03 22:00:00,455.26,455.26,450.71,451.16,27075
2022-11-03 23:00:00,451.3,451.31,451.15,451.15,31641
2022-11-04 16:00:00,458.81,458.81,451.81,457.0,9595
2022-11-04 17:00:00,458.18,466.58,455.67,463.37,59202
2022-11-04 18:00:00,463.97,464.28,455.17,455.17,9777
2022-11-04 19:00:00,456.56,459.21,454.34,457.05,11005
2022-11-04 20:00:00,456.58,458.37,454.13,455.09,16736
2022-11-04 21:00:00,454.27,460.83,453.84,460.83,17010
2022-11-04 22:00:00,459.93,462.24,458.78,461.21,55317
2022-11-04 23:00:00,461.21,461.21,460.85,460.91,29353
2022-11-07 17:00:00,462.45,465.0,455.57,455.69,11172
2022-11-07 18:00:00,456.47,459.9,455.7,457.76,15785
2022-11-07 19:00:00,458.42,460.37,456.24,457.19,20643
2022-11-07 20:00:00,457.44,460.11,456.68,460.1,10207
2022-11-07 21:00:00,460.48,462.12,460.16,460.58,13827
2022-11-07 22:00:00,460.84,462.58,460.79,461.79,33306
2022-11-07 23:00:00,462.13,463.27,460.81,462.32,39814
2022-11-08 00:00:00,462.5,462.5,462.19,462.19,28388
2022-11-08 17:00:00,464.99,466.74,461.31,465.03,8557
2022-11-08 18:00:00,463.62,468.73,463.62,468.72,10455
2022-11-08 19:00:00,468.52,472.77,468.52,470.05,49231
2022-11-08 20:00:00,470.84,472.21,468.64,470.33,24351
2022-11-08 21:00:00,469.95,471.27,463.99,464.09,15193
2022-11-08 22:00:00,464.24,465.24,459.82,464.73,18782
2022-11-08 23:00:00,464.67,469.21,464.67,468.05,48495
2022-11-09 00:00:00,467.95,467.95,467.59,467.9,42062
2022-11-09 17:00:00,463.39,465.07,460.3,460.87,8626
2022-11-09 18:00:00,462.06,469.9,461.33,464.27,20557
2022-11-09 19:00:00,464.19,466.93,463.41,465.23,18555
2022-11-09 20:00:00,464.77,466.47,463.86,466.47,15165
2022-11-09 21:00:00,466.05,466.67,462.68,463.57,11507
2022-11-09 22:00:00,463.71,465.93,462.27,463.13,11353
2022-11-09 23:00:00,463.85,465.43,462.93,464.69,39206
2022-11-10 00:00:00,464.52,465.13,464.37,465.13,67349
2022-11-10 17:00:00,489.89,497.63,489.61,495.0,38424
2022-11-10 18:00:00,495.57,500.87,493.9,500.87,67348
2022-11-10 19:00:00,501.37,510.39,499.52,509.93,58925
2022-11-10 20:00:00,509.53,509.88,502.91,504.51,10396
2022-11-10 21:00:00,504.27,506.85,504.27,505.68,11287
2022-11-10 22:00:00,505.9,506.23,502.56,504.21,17841
2022-11-10 23:00:00,504.14,512.37,504.13,509.51,66776
2022-11-11 00:00:00,509.68,509.7,509.51,509.7,99343
2022-11-11 17:00:00,513.91,518.29,509.01,516.99,22092
2022-11-11 18:00:00,516.1,522.24,513.57,518.46,43041
2022-11-11 19:00:00,518.7,519.02,511.06,512.31,13419
2022-11-11 20:00:00,511.48,514.33,510.96,512.81,11402
2022-11-11 21:00:00,513.21,516.76,513.18,514.76,13912
2022-11-11 22:00:00,515.35,517.19,513.87,516.09,20461
2022-11-11 23:00:00,515.77,516.84,511.5,512.31,62606
2022-11-12 00:00:00,512.09,512.37,512.09,512.37,35965
2022-11-14 17:00:00,507.96,511.05,502.02,506.72,13133
2022-11-14 18:00:00,506.71,509.29,496.01,497.25,26472
2022-11-14 19:00:00,496.68,500.8,493.78,497.6,24683
2022-11-14 20:00:00,497.62,498.33,496.44,497.14,35624
2022-11-14 21:00:00,497.06,499.47,496.89,498.94,52145
2022-11-14 22:00:00,499.0,499.64,496.52,496.59,48960
2022-11-14 23:00:00,497.08,498.44,491.45,492.23,75621
2022-11-15 00:00:00,492.17,492.23,492.17,492.23,241
2022-11-15 17:00:00,507.46,509.9,505.27,508.28,12251
2022-11-15 18:00:00,509.63,509.63,503.3,507.02,30523
2022-11-15 19:00:00,507.03,508.5,504.81,507.78,13679
2022-11-15 20:00:00,507.3,507.94,505.75,506.6,10361
2022-11-15 21:00:00,505.92,506.84,499.54,501.07,14077
2022-11-15 22:00:00,501.84,507.73,499.83,507.22,12208
2022-11-15 23:00:00,507.69,508.13,502.74,503.0,32827
2022-11-16 00:00:00,503.02,503.02,503.02,503.02,101628
2022-11-16 17:00:00,500.63,502.4,498.02,498.62,10034
2022-11-16 18:00:00,499.52,502.31,495.65,497.38,13705
2022-11-16 19:00:00,497.7,502.67,497.38,501.91,13200
2022-11-16 20:00:00,500.98,504.91,500.84,503.66,9772
2022-11-16 21:00:00,503.61,506.29,503.61,504.26,7736
2022-11-16 22:00:00,504.16,507.31,504.16,506.59,9746
2022-11-16 23:00:00,506.53,508.62,504.44,507.47,46988
2022-11-17 00:00:00,507.37,507.37,507.21,507.21,53752
2022-11-17 17:00:00,498.55,502.05,492.37,494.05,9362
2022-11-17 18:00:00,492.24,496.3,489.4,489.56,11491
2022-11-17 19:00:00,489.96,490.8,488.48,490.36,7403
2022-11-17 20:00:00,493.59,495.1,492.07,495.1,6289
2022-11-17 21:00:00,495.15,495.15,491.96,493.06,15042
2022-11-17 22:00:00,493.01,493.69,489.12,490.23,6453
2022-11-17 23:00:00,490.01,491.45,487.37,491.08,23535
2022-11-18 00:00:00,491.09,491.5,491.09,491.09,26040
2022-11-18 17:00:00,503.49,503.49,496.44,497.08,23463
2022-11-18 18:00:00,496.65,497.45,486.0,486.0,27057
2022-11-18 19:00:00,486.43,486.86,482.79,483.58,41535
2022-11-18 20:00:00,483.69,484.76,480.77,484.35,82829
2022-11-18 21:00:00,484.22,485.07,482.62,483.48,43867
2022-11-18 22:00:00,483.42,485.71,483.42,485.66,30470
2022-11-18 23:00:00,486.01,490.33,485.89,490.32,58667
2022-11-19 00:00:00,490.07,490.32,490.07,490.31,110868
2022-11-21 17:00:00,488.46,492.15,484.18,491.64,7565
2022-11-21 18:00:00,491.75,492.18,488.24,492.05,53006
2022-11-21 19:00:00,491.55,494.02,491.08,492.84,14436
2022-11-21 20:00:00,493.02,493.9,491.37,491.37,11130
2022-11-21 21:00:00,491.51,494.25,491.51,493.09,8200
2022-11-21 22:00:00,493.64,493.95,492.49,492.73,7464
2022-11-21 23:00:00,492.85,494.04,492.49,493.66,29532
2022-11-22 00:00:00,493.63,493.63,493.37,493.37,62107
2022-11-22 17:00:00,494.77,495.81,492.38,495.59,7003
2022-11-22 18:00:00,495.55,501.81,495.55,501.44,29121
2022-11-22 19:00:00,501.4,503.43,500.94,501.53,13267
2022-11-22 20:00:00,501.62,501.93,497.55,498.42,13439
2022-11-22 21:00:00,498.11,501.3,498.03,500.41,7131
2022-11-22 22:00:00,500.89,502.65,500.87,502.45,6131
2022-11-22 23:00:00,502.59,503.65,501.79,502.97,23672
2022-11-23 00:00:00,502.67,502.67,502.67,502.67,62052
2022-11-23 17:00:00,503.21,512.4,500.16,511.59,40613
2022-11-23 18:00:00,511.36,512.13,507.46,511.45,16283
2022-11-23 19:00:00,511.78,513.79,510.38,511.17,4245
2022-11-23 20:00:00,511.74,513.59,510.57,510.57,2958
2022-11-23 21:00:00,511.27,512.41,510.5,510.6,6416
2022-11-23 22:00:00,510.79,514.36,509.44,510.92,10885
2022-11-23 23:00:00,510.7,510.95,507.94,508.75,35693
2022-11-25 17:00:00,509.74,512.57,506.04,510.31,8428
2022-11-25 18:00:00,510.47,511.82,508.7,511.82,6578
2022-11-25 19:00:00,511.64,512.73,510.97,512.16,8683
2022-11-25 20:00:00,512.28,513.46,511.87,512.76,22967
2022-11-25 21:00:00,512.81,512.81,512.26,512.26,24560
2022-11-28 17:00:00,507.3,511.83,507.3,511.83,12861
2022-11-28 18:00:00,511.04,512.74,506.2,506.2,18189
2022-11-28 19:00:00,506.02,506.4,503.66,504.47,9695
2022-11-28 20:00:00,504.43,505.46,501.59,501.59,7921
2022-11-28 21:00:00,501.37,501.98,498.29,498.29,13841
2022-11-28 22:00:00,498.6,498.99,495.71,495.71,13918
2022-11-28 23:00:00,496.2,496.39,493.61,495.9,44796
2022-11-29 00:00:00,495.88,495.96,495.88,495.96,132314
2022-11-29 17:00:00,494.75,499.18,490.59,493.0,16798
2022-11-29 18:00:00,492.45,496.28,489.66,490.6,18687
2022-11-29 19:00:00,491.41,491.41,486.86,488.1,15523
2022-11-29 20:00:00,487.93,489.62,487.38,488.35,22557
2022-11-29 21:00:00,488.36,488.88,485.74,486.14,24869
2022-11-29 22:00:00,487.29,489.96,485.92,485.92,8939
2022-11-29 23:00:00,486.04,486.94,484.79,486.29,67927
2022-11-30 00:00:00,486.31,486.32,485.86,486.32,81518
2022-11-30 17:00:00,486.32,488.43,483.21,486.59,14502
2022-11-30 18:00:00,486.75,488.36,483.08,483.89,13663
2022-11-30 19:00:00,483.4,488.0,483.4,486.53,17766
2022-11-30 20:00:00,486.26,487.55,484.09,484.5,10308
2022-11-30 21:00:00,484.22,492.87,484.22,492.75,12016
2022-11-30 22:00:00,492.9,501.42,492.87,501.42,16607
2022-11-30 23:00:00,501.76,508.17,501.76,507.35,47106
2022-12-01 00:00:00,507.78,507.83,507.4,507.83,281487
2022-12-01 17:00:00,513.5,518.95,510.04,518.95,18922
2022-12-01 18:00:00,519.9,520.99,509.31,518.08,30821
2022-12-01 19:00:00,517.0,517.84,514.06,515.54,21611
2022-12-01 20:00:00,515.44,519.75,514.14,516.91,8333
2022-12-01 21:00:00,517.0,517.98,515.83,517.8,10581
2022-12-01 22:00:00,517.48,518.66,515.73,517.9,34001
2022-12-01 23:00:00,518.99,523.36,518.63,521.37,85920
2022-12-02 00:00:00,521.39,521.39,521.39,521.39,102914
2022-12-02 17:00:00,511.03,516.14,506.23,509.0,29577
2022-12-02 18:00:00,509.55,515.8,507.8,515.0,55904
2022-12-02 19:00:00,514.8,518.13,513.71,516.2,49988
2022-12-02 20:00:00,516.2,518.8,515.33,515.33,22021
2022-12-02 21:00:00,515.9,519.4,514.97,517.88,60885
2022-12-02 22:00:00,518.12,519.77,517.08,519.44,27979
2022-12-02 23:00:00,519.76,521.12,517.51,518.54,46286
2022-12-03 00:00:00,518.54,518.83,518.54,518.83,89942
2022-12-05 17:00:00,512.11,512.11,502.23,502.28,36682
2022-12-05 18:00:00,502.29,509.74,500.95,507.95,83518
2022-12-05 19:00:00,508.35,509.33,504.52,506.02,20078
2022-12-05 20:00:00,505.97,507.45,503.28,503.29,15156
2022-12-05 21:00:00,503.05,504.42,501.94,501.94,13257
2022-12-05 22:00:00,501.67,503.24,500.74,503.24,21728
2022-12-05 23:00:00,503.58,504.78,501.58,504.08,50293
2022-12-06 00:00:00,504.49,504.49,504.48,504.49,83622
2022-12-06 17:00:00,505.23,505.86,500.42,501.49,10842
2022-12-06 18:00:00,501.35,502.57,500.4,501.38,24710
2022-12-06 19:00:00,500.87,503.73,499.91,501.19,108058
2022-12-06 20:00:00,501.32,501.32,498.61,499.0,10404
2022-12-06 21:00:00,499.19,500.76,498.39,500.43,19489
2022-12-06 22:00:00,500.2,500.2,495.66,498.33,10138
2022-12-06 23:00:00,498.59,500.65,496.47,500.23,44163
2022-12-07 00:00:00,500.23,500.37,499.89,499.9,74806
2022-12-07 17:00:00,500.0,503.29,496.49,496.92,9610
2022-12-07 18:00:00,497.02,502.9,496.82,501.76,17056
2022-12-07 19:00:00,501.84,502.33,499.0,500.6,14227
2022-12-07 20:00:00,500.88,502.42,499.67,501.18,23791
2022-12-07 21:00:00,501.4,501.68,498.85,499.04,17679
2022-12-07 22:00:00,498.9,501.1,498.9,500.48,17391
2022-12-07 23:00:00,500.49,501.39,499.78,500.93,73850
2022-12-08 00:00:00,500.86,500.92,499.99,500.4,90825
2022-12-08 17:00:00,501.19,503.78,499.29,503.78,10059
2022-12-08 18:00:00,504.1,505.87,502.05,502.08,10371
2022-12-08 19:00:00,502.17,503.28,498.47,501.38,12547
2022-12-08 20:00:00,501.09,502.51,499.63,502.08,14981
2022-12-08 21:00:00,502.53,504.0,501.35,502.7,8344
2022-12-08 22:00:00,503.03,503.45,500.34,501.47,9492
2022-12-08 23:00:00,501.58,502.07,499.05,500.39,16014
2022-12-09 00:00:00,500.1,500.1,499.98,499.98,32219
2022-12-09 17:00:00,497.36,499.13,494.89,496.22,5113
2022-12-09 18:00:00,497.23,499.59,492.84,493.79,33731
2022-12-09 19:00:00,494.14,494.25,488.66,490.19,25790
2022-12-09 20:00:00,490.09,491.41,489.1,490.69,12433
2022-12-09 21:00:00,490.45,491.9,489.72,491.14,8835
2022-12-09 22:00:00,490.99,494.82,490.87,494.54,9557
2022-12-09 23:00:00,494.56,495.55,491.64,492.53,29399
2022-12-10 00:00:00,492.16,492.55,492.16,492.55,89593
2022-12-12 17:00:00,490.76,495.14,490.76,493.93,8021
2022-12-12 18:00:00,494.01,495.65,492.22,494.48,5492
2022-12-12 19:00:00,494.7,495.73,494.01,495.24,19642
2022-12-12 20:00:00,495.07,496.3,494.48,495.75,9492
2022-12-12 21:00:00,495.72,496.34,492.08,492.36,16843
2022-12-12 22:00:00,492.16,492.64,490.67,492.59,6153
2022-12-12 23:00:00,493.05,497.15,492.87,496.86,31457
2022-12-13 00:00:00,496.95,497.29,496.95,497.27,83815
2022-12-13 17:00:00,524.72,527.28,517.38,522.26,27706
2022-12-13 18:00:00,521.68,523.67,510.51,513.29,40260
2022-12-13 19:00:00,514.16,515.71,509.01,511.55,54375
2022-12-13 20:00:00,510.86,511.82,504.99,506.61,14148
2022-12-13 21:00:00,506.99,509.16,505.95,509.02,13020
2022-12-13 22:00:00,509.46,515.89,509.33,512.08,30919
2022-12-13 23:00:00,511.89,514.62,509.39,511.91,53885
2022-12-14 00:00:00,512.02,512.68,512.02,512.02,70208
2022-12-14 17:00:00,507.58,515.96,507.58,514.71,11572
2022-12-14 18:00:00,515.76,517.15,513.56,513.56,27259
2022-12-14 19:00:00,514.46,514.72,511.97,512.41,14028
2022-12-14 20:00:00,512.8,512.8,508.46,508.79,20850
2022-12-14 21:00:00,508.35,509.55,507.44,508.38,25582
2022-12-14 22:00:00,507.88,507.88,493.06,497.41,61222
2022-12-14 23:00:00,497.59,503.15,494.57,498.11,68434
2022-12-15 00:00:00,498.37,498.48,498.12,498.48,144707
2022-12-15 17:00:00,489.65,493.04,487.1,487.13,51215
2022-12-15 18:00:00,487.15,487.23,478.44,480.84,73063
2022-12-15 19:00:00,480.84,482.46,478.2,481.55,53062
2022-12-15 20:00:00,481.62,483.09,479.97,480.98,51827
2022-12-15 21:00:00,480.94,481.24,477.15,477.79,13465
2022-12-15 22:00:00,477.62,480.68,474.98,478.91,37059
2022-12-15 23:00:00,479.29,480.06,475.43,477.05,142104
2022-12-16 00:00:00,476.71,476.71,476.68,476.68,272614
2022-12-16 17:00:00,472.27,475.11,468.93,472.12,78618
2022-12-16 18:00:00,471.67,472.87,469.22,472.54,80274
2022-12-16 19:00:00,472.53,472.69,469.56,469.56,21178
2022-12-16 20:00:00,469.86,471.14,468.47,468.5,38002
2022-12-16 21:00:00,469.01,470.08,467.23,468.12,26830
2022-12-16 22:00:00,467.82,470.36,467.14,470.01,30319
2022-12-16 23:00:00,470.18,473.36,469.93,471.68,83132
2022-12-17 00:00:00,471.42,471.59,470.99,471.59,646366
2022-12-19 17:00:00,471.91,473.58,463.95,464.89,17076
2022-12-19 18:00:00,465.18,469.11,463.38,463.97,25953
2022-12-19 19:00:00,463.83,465.47,462.16,463.54,18064
2022-12-19 20:00:00,463.26,466.2,463.26,465.11,53339
2022-12-19 21:00:00,465.48,465.78,463.7,464.03,11447
2022-12-19 22:00:00,463.51,463.8,461.5,462.08,22252
2022-12-19 23:00:00,462.08,462.88,460.78,461.84,36285
2022-12-20 00:00:00,461.86,462.21,461.86,461.94,105144
2022-12-20 17:00:00,460.36,461.81,450.0,458.1,92911
2022-12-20 18:00:00,458.14,463.6,456.22,460.32,42860
2022-12-20 19:00:00,460.96,462.16,456.11,460.71,107325
2022-12-20 20:00:00,460.54,463.74,459.99,462.37,39248
2022-12-20 21:00:00,462.37,462.78,459.07,461.01,29182
2022-12-20 22:00:00,461.02,461.66,458.64,460.67,33375
2022-12-20 23:00:00,460.6,460.6,457.86,458.02,69765
2022-12-21 00:00:00,458.1,458.39,457.99,458.0,92144
2022-12-21 17:00:00,462.67,464.05,459.78,460.09,15942
2022-12-21 18:00:00,461.18,467.17,460.72,465.72,32921
2022-12-21 19:00:00,465.44,470.24,464.96,468.91,32741
2022-12-21 20:00:00,469.17,469.59,468.44,469.22,11235
2022-12-21 21:00:00,469.49,470.23,467.26,470.1,16051
2022-12-21 22:00:00,470.16,471.95,469.14,469.65,14379
2022-12-21 23:00:00,469.71,472.35,468.79,472.34,52693
2022-12-22 00:00:00,472.11,472.36,472.11,472.36,124003
2022-12-22 17:00:00,466.45,468.16,463.73,465.01,11780
2022-12-22 18:00:00,465.5,466.05,463.23,464.67,54186
2022-12-22 19:00:00,464.59,465.03,462.0,462.07,27324
2022-12-22 20:00:00,462.21,462.92,458.6,459.69,23740
2022-12-22 21:00:00,459.2,459.2,454.6,455.58,14009
2022-12-22 22:00:00,456.1,459.56,456.07,459.5,12082
2022-12-22 23:00:00,459.68,462.6,458.61,462.55,46441
2022-12-23 00:00:00,462.53,462.53,462.32,462.32,84732
2022-12-23 17:00:00,461.61,465.18,459.81,463.41,71669
2022-12-23 18:00:00,462.4,467.6,462.05,464.05,23890
2022-12-23 19:00:00,464.54,465.93,463.2,465.06,14721
2022-12-23 20:00:00,465.5,467.57,465.33,466.21,27120
2022-12-23 21:00:00,465.92,466.84,464.69,465.85,11394
2022-12-23 22:00:00,465.66,466.0,463.76,465.35,9069
2022-12-23 23:00:00,465.54,465.64,462.5,463.96,52645
2022-12-24 00:00:00,464.1,464.1,463.82,463.82,49593
2022-12-27 17:00:00,462.82,462.82,455.21,460.12,68051
2022-12-27 18:00:00,460.39,468.55,457.99,466.16,60506
2022-12-27 19:00:00,466.56,467.65,463.81,464.15,14863
2022-12-27 20:00:00,464.44,465.95,462.59,463.76,14053
2022-12-27 21:00:00,464.24,464.94,461.32,461.41,10411
2022-12-27 22:00:00,461.83,463.53,460.66,461.92,15879
2022-12-27 23:00:00,461.85,463.01,459.46,460.06,47535
2022-12-28 00:00:00,460.16,460.44,460.09,460.43,50067
2022-12-28 17:00:00,460.59,464.5,460.59,461.93,16394
2022-12-28 18:00:00,461.67,464.02,458.86,458.86,18957
2022-12-28 19:00:00,459.13,459.7,457.14,458.19,11999
2022-12-28 20:00:00,458.13,459.98,456.47,459.37,8222
2022-12-28 21:00:00,460.28,461.62,458.61,458.62,8120
2022-12-28 22:00:00,458.94,458.95,457.1,457.8,6238
2022-12-28 23:00:00,457.73,457.73,453.94,454.44,24044
2022-12-29 00:00:00,454.19,454.44,454.19,454.44,24999
2022-12-29 17:00:00,460.13,465.13,458.5,464.31,42003
2022-12-29 18:00:00,464.79,471.06,464.25,469.62,30975
2022-12-29 19:00:00,469.62,470.69,467.33,470.49,12147
2022-12-29 20:00:00,470.94,471.52,470.27,470.48,4879
2022-12-29 21:00:00,470.59,471.92,470.17,471.91,6649
2022-12-29 22:00:00,471.95,473.22,470.65,471.58,14841
2022-12-29 23:00:00,471.36,473.42,470.23,471.84,30883
2022-12-30 00:00:00,472.15,472.15,471.92,471.92,27906
2022-12-30 17:00:00,466.34,469.43,459.49,463.3,73825
2022-12-30 18:00:00,463.74,465.62,462.25,462.25,14107
2022-12-30 19:00:00,462.55,464.03,461.34,464.03,18242
2022-12-30 20:00:00,464.01,464.3,462.58,463.38,9995
2022-12-30 21:00:00,463.2,463.29,460.66,461.29,5647
2022-12-30 22:00:00,461.37,462.58,459.67,462.23,8110
2022-12-30 23:00:00,462.05,466.42,462.05,465.23,58768
2022-12-31 00:00:00,465.44,465.51,465.17,465.17,59930
2023-01-03 17:00:00,469.57,476.99,466.97,467.69,32927
2023-01-03 18:00:00,468.69,470.0,460.98,463.39,18979
2023-01-03 19:00:00,463.72,463.72,457.49,459.82,17632
2023-01-03 20:00:00,459.95,459.95,456.35,459.22,11153
2023-01-03 21:00:00,458.79,462.37,457.35,461.8,21578
2023-01-03 22:00:00,461.79,461.89,458.48,460.33,21207
2023-01-03 23:00:00,460.35,462.16,459.76,461.01,41278
2023-01-04 00:00:00,460.85,461.16,460.85,461.16,88660
2023-01-04 17:00:00,466.02,472.46,463.01,467.59,14560
2023-01-04 18:00:00,466.54,469.65,462.38,468.77,50752
2023-01-04 19:00:00,470.29,473.55,468.81,473.22,18772
2023-01-04 20:00:00,472.87,474.88,471.73,472.16,20181
2023-01-04 21:00:00,471.99,475.15,471.74,472.28,54285
2023-01-04 22:00:00,473.85,473.85,468.0,471.6,15307
2023-01-04 23:00:00,472.77,474.25,469.85,474.03,48096
2023-01-05 00:00:00,474.03,474.25,473.91,474.12,101250
2023-01-05 17:00:00,467.98,469.64,462.78,468.62,13503
2023-01-05 18:00:00,467.36,471.85,464.06,464.07,31340
2023-01-05 19:00:00,464.34,464.73,460.96,461.22,21132
2023-01-05 20:00:00,460.96,462.51,460.55,461.34,11272
2023-01-05 21:00:00,460.82,464.04,460.16,462.58,11332
2023-01-05 22:00:00,462.86,465.05,462.26,463.0,9784
2023-01-05 23:00:00,462.73,462.73,459.08,459.59,23465
2023-01-06 00:00:00,459.55,459.55,459.08,459.12,65107
2023-01-06 17:00:00,465.45,465.79,455.48,457.3,13321
2023-01-06 18:00:00,458.93,467.94,458.93,467.94,43602
2023-01-06 19:00:00,468.02,469.76,467.44,469.54,19586
2023-01-06 20:00:00,469.54,469.69,466.19,466.45,12230
2023-01-06 21:00:00,466.52,471.78,466.52,470.33,10567
2023-01-06 22:00:00,470.56,472.59,469.96,472.17,20887
2023-01-06 23:00:00,472.02,473.16,468.12,468.9,60161
2023-01-07 00:00:00,468.9,469.25,468.89,469.01,84125
2023-01-09 17:00:00,475.83,482.06,472.72,482.06,13244
2023-01-09 18:00:00,482.54,488.19,482.54,487.59,19644
2023-01-09 19:00:00,487.46,491.83,487.35,489.1,21899
2023-01-09 20:00:00,488.25,488.86,486.65,487.09,15146
2023-01-09 21:00:00,487.52,487.78,482.29,483.95,8888
2023-01-09 22:00:00,484.15,485.14,481.65,481.65,10946
2023-01-09 23:00:00,481.07,482.45,479.69,480.46,23032
2023-01-10 00:00:00,480.57,480.71,480.35,480.54,96624
2023-01-10 17:00:00,479.83,489.97,477.01,488.18,15080
2023-01-10 18:00:00,489.83,489.88,484.62,487.97,33142
2023-01-10 19:00:00,488.19,489.35,486.57,488.12,24803
2023-01-10 20:00:00,487.56,487.56,485.06,486.7,4946
2023-01-10 21:00:00,487.13,488.25,486.66,486.8,10880
2023-01-10 22:00:00,487.03,489.94,486.56,487.83,19047
2023-01-10 23:00:00,488.06,488.98,486.61,488.02,14627
2023-01-11 00:00:00,488.02,488.38,488.0,488.08,61071
2023-01-11 17:00:00,494.26,499.46,491.35,497.84,37690
2023-01-11 18:00:00,498.28,502.39,496.31,500.34,42584
2023-01-11 19:00:00,500.43,502.44,499.71,501.77,7673
2023-01-11 20:00:00,501.73,501.98,498.56,498.96,8748
2023-01-11 21:00:00,498.96,504.41,498.96,502.43,15510
2023-01-11 22:00:00,502.33,502.8,500.85,500.85,6661
2023-01-11 23:00:00,500.86,503.7,500.08,503.67,29578
2023-01-12 00:00:00,503.72,504.12,503.68,504.12,150369
2023-01-12 17:00:00,505.12,505.21,494.84,497.49,16789
2023-01-12 18:00:00,498.47,505.01,497.19,503.71,24189
2023-01-12 19:00:00,502.72,504.08,500.56,501.23,10362
2023-01-12 20:00:00,501.86,506.17,501.24,505.52,13774
2023-01-12 21:00:00,505.49,506.8,501.85,505.94,11688
2023-01-12 22:00:00,505.71,506.73,504.86,506.12,10028
2023-01-12 23:00:00,505.91,506.42,503.58,504.06,54681
2023-01-13 00:00:00,504.25,504.25,504.05,504.05,83202
2023-01-13 17:00:00,496.54,502.39,496.54,501.73,7786
2023-01-13 18:00:00,500.29,506.15,500.29,503.33,53984
2023-01-13 19:00:00,503.32,503.33,497.86,499.83,41507
2023-01-13 20:00:00,499.76,501.23,498.61,498.68,20141
2023-01-13 21:00:00,499.14,502.39,498.71,500.66,18741
2023-01-13 22:00:00,500.93,503.29,500.21,503.29,14584
2023-01-13 23:00:00,503.32,506.58,502.57,505.04,33518
2023-01-14 00:00:00,505.16,505.64,505.16,505.24,26127
2023-01-17 17:00:00,505.54,507.39,499.32,504.42,26142
2023-01-17 18:00:00,504.81,510.61,504.81,507.99,26124
2023-01-17 19:00:00,508.68,512.08,507.98,510.8,12312
2023-01-17 20:00:00,510.59,510.7,508.47,509.72,4862
2023-01-17 21:00:00,509.59,512.05,509.52,511.75,6853
2023-01-17 22:00:00,511.7,511.82,509.54,509.87,7355
2023-01-17 23:00:00,510.6,512.03,508.64,510.13,44209
2023-01-18 00:00:00,510.28,510.28,510.28,510.28,92388
2023-01-18 17:00:00,513.81,521.48,513.3,519.98,16021
2023-01-18 18:00:00,521.14,525.84,519.96,520.99,69548
2023-01-18 19:00:00,521.13,521.25,514.56,516.15,31376
2023-01-18 20:00:00,516.12,516.12,509.19,511.28,6227
2023-01-18 21:00:00,511.02,511.7,508.92,511.17,8518
2023-01-18 22:00:00,509.12,509.7,506.82,506.84,5525
2023-01-18 23:00:00,506.49,508.49,505.23,505.51,38605
2023-01-19 00:00:00,506.33,506.34,505.66,506.34,90123
2023-01-19 17:00:00,500.3,503.12,498.32,499.86,9419
2023-01-19 18:00:00,499.04,502.81,496.79,496.92,9523
2023-01-19 19:00:00,497.9,499.05,495.9,496.74,9964
2023-01-19 20:00:00,497.19,498.26,493.48,494.64,12263
2023-01-19 21:00:00,495.39,497.91,492.56,497.91,38146
2023-01-19 22:00:00,497.7,502.67,497.23,499.81,29782
2023-01-19 23:00:00,500.04,501.43,495.52,495.84,32027
2023-01-20 00:00:00,495.89,495.89,495.79,495.79,96843
2023-01-20 17:00:00,498.35,500.77,495.89,500.29,32188
2023-01-20 18:00:00,500.3,504.4,498.64,504.2,29920
2023-01-20 19:00:00,503.93,505.25,501.49,503.75,35592
2023-01-20 20:00:00,503.51,504.93,502.5,504.03,10177
2023-01-20 21:00:00,503.78,509.59,503.7,509.25,15090
2023-01-20 22:00:00,508.96,511.49,508.96,511.11,14409
2023-01-20 23:00:00,511.31,512.72,508.96,511.84,29959
2023-01-21 00:00:00,511.94,511.99,511.5,511.76,40617
2023-01-23 17:00:00,510.77,513.39,509.16,512.2,9066
2023-01-23 18:00:00,513.28,517.33,512.37,517.28,54022
2023-01-23 19:00:00,517.28,521.28,517.28,521.28,25034
2023-01-23 20:00:00,521.2,521.34,515.94,519.23,15253
2023-01-23 21:00:00,519.22,520.48,517.78,517.78,14413
2023-01-23 22:00:00,517.14,517.17,513.42,514.93,16243
2023-01-23 23:00:00,514.95,516.53,513.78,514.98,40197
2023-01-24 00:00:00,514.98,514.98,514.98,514.98,30619
2023-01-24 17:00:00,512.31,517.24,510.77,515.46,3296
2023-01-24 18:00:00,515.12,518.99,514.32,518.09,12564
2023-01-24 19:00:00,517.27,522.6,517.27,522.11,33805
2023-01-24 20:00:00,522.01,523.01,519.4,519.4,13847
2023-01-24 21:00:00,519.96,522.17,519.36,519.43,19499
2023-01-24 22:00:00,518.96,521.19,518.47,520.34,21232
2023-01-24 23:00:00,520.45,520.45,517.69,519.64,36254
2023-01-25 00:00:00,519.64,519.84,519.64,519.84,28286
2023-01-25 17:00:00,508.42,514.07,500.94,501.21,41117
2023-01-25 18:00:00,500.7,506.32,500.37,503.5,68677
2023-01-25 19:00:00,503.4,503.4,497.27,500.78,26967
2023-01-25 20:00:00,501.09,502.96,499.55,502.56,8175
2023-01-25 21:00:00,502.17,506.53,502.17,504.79,8585
2023-01-25 22:00:00,505.1,508.12,504.71,507.4,10363
2023-01-25 23:00:00,507.8,509.78,506.64,508.45,48634
2023-01-26 00:00:00,508.49,508.64,508.49,508.64,72909
2023-01-26 17:00:00,512.0,519.1,512.0,514.17,74812
2023-01-26 18:00:00,515.02,516.89,509.72,509.88,110193
2023-01-26 19:00:00,509.5,511.31,507.97,510.12,25561
2023-01-26 20:00:00,510.12,511.87,506.74,510.83,56812
2023-01-26 21:00:00,509.48,513.32,508.5,511.74,39417
2023-01-26 22:00:00,511.74,512.98,510.34,512.32,52550
2023-01-26 23:00:00,512.33,515.46,511.36,515.46,51396
2023-01-27 00:00:00,515.57,515.99,515.2,515.21,60838
2023-01-27 17:00:00,511.2,514.92,506.3,514.3,62734
2023-01-27 18:00:00,513.45,518.83,512.52,514.12,47732
2023-01-27 19:00:00,514.88,518.49,513.3,518.08,33823
2023-01-27 20:00:00,518.07,519.14,517.1,518.96,13171
2023-01-27 21:00:00,518.88,520.64,517.59,520.59,20849
2023-01-27 22:00:00,521.08,524.43,520.75,522.73,24302
2023-01-27 23:00:00,522.76,523.72,519.41,519.77,74481
2023-01-28 00:00:00,519.78,520.07,519.78,519.92,31707
2023-01-30 17:00:00,512.94,516.82,508.62,513.56,70227
2023-01-30 18:00:00,514.1,516.28,508.7,511.48,53960
2023-01-30 19:00:00,510.95,513.81,510.74,512.87,36693
2023-01-30 20:00:00,513.17,513.67,510.87,511.93,20391
2023-01-30 21:00:00,511.8,513.68,508.62,509.09,41554
2023-01-30 22:00:00,509.16,512.01,508.27,509.27,40246
2023-01-30 23:00:00,509.36,510.42,504.46,506.19,64186
2023-01-31 00:00:00,506.02,506.58,505.89,506.56,81146
2023-01-31 17:00:00,514.65,516.52,499.04,507.08,83983
2023-01-31 18:00:00,508.29,516.01,507.04,511.95,57325
2023-01-31 19:00:00,513.66,521.93,511.87,519.64,64438
2023-01-31 20:00:00,519.11,521.27,515.56,520.0,23768
2023-01-31 21:00:00,519.83,522.99,519.66,522.61,27998
2023-01-31 22:00:00,523.0,525.0,522.85,522.85,30964
2023-01-31 23:00:00,523.2,531.96,522.43,531.75,122928
2023-02-01 00:00:00,531.64,531.76,531.56,531.56,139299
2023-02-01 17:00:00,542.58,542.58,529.26,535.07,81473
2023-02-01 18:00:00,533.98,534.29,530.26,533.11,39749
2023-02-01 19:00:00,532.79,539.29,532.08,538.14,34783
2023-02-01 20:00:00,537.54,539.06,536.38,538.88,14742
2023-02-01 21:00:00,538.71,539.86,537.4,538.38,20618
2023-02-01 22:00:00,537.53,552.36,535.6,549.13,86106
2023-02-01 23:00:00,549.33,560.38,549.16,554.56,205200
2023-02-02 00:00:00,554.62,555.15,554.52,554.52,160028
2023-02-02 17:00:00,563.85,569.29,560.95,561.09,110570
2023-02-02 18:00:00,560.8,566.96,559.09,565.61,138758
2023-02-02 19:00:00,564.87,564.95,558.89,558.9,73637
2023-02-02 20:00:00,559.56,567.65,559.07,567.12,65752
2023-02-02 21:00:00,567.69,572.36,567.39,572.22,31536
2023-02-02 22:00:00,572.29,572.5,562.06,562.42,28113
2023-02-02 23:00:00,562.4,568.92,561.29,568.53,86761
2023-02-03 00:00:00,568.71,568.71,568.44,568.44,125322
2023-02-03 17:00:00,558.19,562.99,556.05,562.32,33280
2023-02-03 18:00:00,560.97,568.05,558.44,565.83,36542
2023-02-03 19:00:00,565.7,569.45,565.47,565.59,18326
2023-02-03 20:00:00,564.9,569.13,564.08,564.08,12475
2023-02-03 21:00:00,564.5,564.71,559.08,560.89,26080
2023-02-03 22:00:00,560.91,563.93,560.22,562.16,15920
2023-02-03 23:00:00,561.64,568.0,560.82,567.13,92562
2023-02-04 00:00:00,567.43,567.43,567.43,567.43,114542
2023-02-06 17:00:00,559.2,563.27,556.98,562.66,31107
2023-02-06 18:00:00,562.64,565.0,556.74,561.29,63225
2023-02-06 19:00:00,560.7,562.93,559.1,559.44,26527
2023-02-06 20:00:00,559.51,560.87,558.84,559.24,11282
2023-02-06 21:00:00,558.99,558.99,554.92,556.69,23907
2023-02-06 22:00:00,556.61,557.05,554.2,556.18,17675
2023-02-06 23:00:00,556.63,556.63,551.61,553.28,79114
2023-02-07 00:00:00,553.4,553.4,553.4,553.4,38545
2023-02-07 17:00:00,551.94,553.62,548.42,550.67,27518
2023-02-07 18:00:00,549.26,550.02,545.96,549.85,12596
2023-02-07 19:00:00,550.79,554.25,550.26,551.62,9795
2023-02-07 20:00:00,551.71,560.68,551.0,559.05,13635
2023-02-07 21:00:00,560.18,560.18,549.66,552.27,17127
2023-02-07 22:00:00,552.55,560.37,552.11,560.14,16326
2023-02-07 23:00:00,560.14,562.83,558.16,560.58,33063
2023-02-08 00:00:00,560.78,560.78,559.82,560.4,37460
2023-02-08 17:00:00,555.04,560.31,554.7,556.29,15038
2023-02-08 18:00:00,556.93,559.41,554.3,558.06,32821
2023-02-08 19:00:00,556.97,557.74,555.13,556.3,9151
2023-02-08 20:00:00,556.74,557.52,555.24,556.66,5404
2023-02-08 21:00:00,556.11,557.38,554.17,554.44,6824
2023-02-08 22:00:00,554.84,556.49,554.19,556.19,8191
2023-02-08 23:00:00,556.34,556.81,553.73,556.34,16332
2023-02-09 00:00:00,556.23,556.98,556.23,556.9,57342
2023-02-09 17:00:00,561.07,566.27,560.52,564.14,18325
2023-02-09 18:00:00,564.72,566.15,558.83,565.24,106252
2023-02-09 19:00:00,565.31,565.56,562.24,564.01,88350
2023-02-09 20:00:00,564.35,565.36,563.21,565.0,71282
2023-02-09 21:00:00,565.0,565.58,563.4,564.03,68980
2023-02-09 22:00:00,564.23,564.55,559.8,562.25,72253
2023-02-09 23:00:00,562.0,562.0,553.55,555.79,29771
2023-02-10 00:00:00,555.59,555.59,555.59,555.59,81996
2023-02-10 17:00:00,548.82,550.54,544.35,547.87,27414
2023-02-10 18:00:00,546.62,549.97,543.5,544.78,35447
2023-02-10 19:00:00,545.19,547.14,543.75,545.05,33383
2023-02-10 20:00:00,545.35,546.29,540.83,545.1,33173
2023-02-10 21:00:00,544.9,546.19,544.05,545.28,24646
2023-02-10 22:00:00,545.4,547.02,543.5,547.02,13319
2023-02-10 23:00:00,547.22,549.33,546.08,549.33,46186
2023-02-11 00:00:00,549.33,549.33,549.33,549.33,47011
2023-02-13 17:00:00,552.97,558.35,547.74,558.3,22208
2023-02-13 18:00:00,557.52,561.31,555.79,559.99,33810
2023-02-13 19:00:00,559.83,560.84,557.88,559.2,19695
2023-02-13 20:00:00,559.18,561.92,559.18,560.75,15034
2023-02-13 21:00:00,561.15,562.13,559.71,561.06,20557
2023-02-13 22:00:00,561.06,561.88,558.42,560.68,17964
2023-02-13 23:00:00,561.03,562.87,560.08,562.51,54889
2023-02-14 00:00:00,562.5,562.5,561.81,562.1,52190
2023-02-14 17:00:00,561.43,566.93,557.43,566.56,12389
2023-02-14 18:00:00,566.88,570.43,560.44,562.68,39544
2023-02-14 19:00:00,562.83,563.92,557.06,559.09,13069
2023-02-14 20:00:00,559.08,559.84,557.35,558.36,8156
2023-02-14 21:00:00,559.09,563.38,558.91,562.63,14122
2023-02-14 22:00:00,562.03,564.26,560.89,563.82,9912
2023-02-14 23:00:00,564.15,564.15,562.1,562.31,20807
2023-02-15 00:00:00,561.47,562.2,561.46,561.82,32091
2023-02-15 17:00:00,555.86,557.85,553.63,557.28,14905
2023-02-15 18:00:00,558.54,563.97,557.66,560.45,24829
2023-02-15 19:00:00,559.7,564.9,559.64,564.01,12539
2023-02-15 20:00:00,563.62,563.95,560.17,561.91,13757
2023-02-15 21:00:00,562.56,564.79,561.52,564.71,7753
2023-02-15 22:00:00,564.73,566.39,563.85,564.71,27840
2023-02-15 23:00:00,564.91,567.05,562.2,566.76,70675
2023-02-16 00:00:00,567.04,567.07,567.04,567.06,70460
2023-02-16 17:00:00,553.44,559.21,552.89,554.33,18941
2023-02-16 18:00:00,555.08,558.95,553.41,556.09,19511
2023-02-16 19:00:00,557.27,560.77,557.0,560.19,17199
2023-02-16 20:00:00,559.4,560.05,557.99,558.3,7060
2023-02-16 21:00:00,558.75,558.75,555.11,556.23,7090
2023-02-16 22:00:00,556.92,558.1,556.04,556.14,8414
2023-02-16 23:00:00,556.01,556.1,551.76,552.53,27997
2023-02-17 00:00:00,552.7,554.46,552.65,552.99,38722
2023-02-17 17:00:00,547.69,550.11,545.47,545.94,16576
2023-02-17 18:00:00,546.07,549.11,545.07,546.79,23371
2023-02-17 19:00:00,546.44,547.36,541.02,541.32,26176
2023-02-17 20:00:00,541.33,544.32,538.49,539.9,26850
2023-02-17 21:00:00,539.88,542.69,539.64,540.58,41670
2023-02-17 22:00:00,540.89,544.16,540.66,543.94,26047
2023-02-17 23:00:00,543.97,544.84,541.86,544.84,85965
2023-02-18 00:00:00,544.84,544.84,544.27,544.83,60558
2023-02-21 17:00:00,535.7,537.91,531.29,533.58,20391
2023-02-21 18:00:00,534.42,537.12,528.23,529.59,58102
2023-02-21 19:00:00,530.87,532.0,526.74,527.61,15435
2023-02-21 20:00:00,526.52,527.09,525.28,526.48,12735
2023-02-21 21:00:00,527.06,527.06,524.08,524.94,10699
2023-02-21 22:00:00,524.88,526.79,524.08,526.11,80768
2023-02-21 23:00:00,526.47,526.96,523.09,525.24,135547
2023-02-22 00:00:00,525.23,525.24,524.82,524.82,120975
2023-02-22 17:00:00,527.49,527.79,523.82,524.36,11244
2023-02-22 18:00:00,523.88,525.04,521.99,524.65,19088
2023-02-22 19:00:00,524.65,526.32,522.5,523.73,16107
2023-02-22 20:00:00,523.4,525.2,522.44,524.32,35704
2023-02-22 21:00:00,523.97,525.35,523.68,524.28,22862
2023-02-22 22:00:00,524.15,524.88,520.12,521.38,30660
2023-02-22 23:00:00,521.5,524.36,521.16,524.35,38079
2023-02-23 00:00:00,524.35,524.35,524.05,524.05,78617
2023-02-23 17:00:00,529.06,530.47,525.29,529.14,5590
2023-02-23 18:00:00,530.05,530.06,524.58,525.64,13779
2023-02-23 19:00:00,525.65,525.94,520.0,520.13,14410
2023-02-23 20:00:00,519.88,522.49,519.67,521.88,5947
2023-02-23 21:00:00,522.49,524.57,521.24,524.57,3383
2023-02-23 22:00:00,524.33,527.2,524.33,526.37,4130
2023-02-23 23:00:00,527.16,528.82,526.56,528.09,20422
2023-02-24 00:00:00,527.84,527.97,527.43,527.78,54535
2023-02-24 17:00:00,520.14,522.12,512.82,517.21,9076
2023-02-24 18:00:00,517.6,517.82,512.02,513.18,32746
2023-02-24 19:00:00,513.64,519.55,513.46,518.47,9184
2023-02-24 20:00:00,518.3,518.3,515.16,515.32,5300
2023-02-24 21:00:00,514.93,518.03,514.14,517.22,9296
2023-02-24 22:00:00,517.26,520.65,517.11,520.3,21580
2023-02-24 23:00:00,520.32,520.98,517.36,518.44,59756
2023-02-25 00:00:00,518.15,518.42,518.15,518.16,74614
2023-02-27 17:00:00,526.0,526.51,523.71,526.21,21428
2023-02-27 18:00:00,528.01,530.69,524.11,524.82,22854
2023-02-27 19:00:00,525.2,527.0,524.7,526.38,18962
2023-02-27 20:00:00,526.73,527.02,524.76,526.87,14444
2023-02-27 21:00:00,526.79,527.47,525.26,527.07,15527
2023-02-27 22:00:00,527.73,528.82,525.74,526.18,14065
2023-02-27 23:00:00,526.04,526.84,523.86,525.65,53536
2023-02-28 00:00:00,526.11,526.11,525.79,525.79,115540
2023-02-28 17:00:00,525.9,530.07,524.26,526.92,7378
2023-02-28 18:00:00,527.06,529.36,525.67,528.51,11495
2023-02-28 19:00:00,529.14,530.23,528.29,530.23,10007
2023-02-28 20:00:00,530.48,531.9,530.11,531.38,7203
2023-02-28 21:00:00,531.42,531.85,528.6,528.6,18768
2023-02-28 22:00:00,528.67,529.44,524.26,524.28,11195
2023-02-28 23:00:00,523.67,523.92,521.46,522.15,44647
2023-03-01 00:00:00,521.82,522.37,521.14,522.15,186238
2023-03-01 17:00:00,519.22,521.45,515.26,518.76,10450
2023-03-01 18:00:00,522.49,522.49,516.48,518.49,37030
2023-03-01 19:00:00,518.3,518.3,514.86,517.14,21568
2023-03-01 20:00:00,517.46,519.09,516.12,516.86,14116
2023-03-01 21:00:00,516.53,517.53,515.58,517.12,5717
2023-03-01 22:00:00,516.59,517.67,514.93,515.19,6444
2023-03-01 23:00:00,515.67,516.17,514.37,515.33,37906
2023-03-02 00:00:00,515.55,515.78,515.2,515.45,117779
2023-03-02 17:00:00,510.65,511.81,509.0,510.24,7940
2023-03-02 18:00:00,511.01,511.38,508.47,510.01,15133
2023-03-02 19:00:00,510.44,512.12,509.5,510.69,18401
2023-03-02 20:00:00,510.45,511.91,509.78,510.47,17577
2023-03-02 21:00:00,510.52,513.11,509.19,513.11,43482
2023-03-02 22:00:00,513.27,514.25,511.76,513.97,18703
2023-03-02 23:00:00,514.41,516.81,513.01,516.79,38919
2023-03-03 00:00:00,517.29,517.29,517.29,517.29,97282
2023-03-03 17:00:00,521.61,527.75,520.53,527.28,14564
2023-03-03 18:00:00,527.72,528.74,524.86,527.31,18748
2023-03-03 19:00:00,527.36,529.87,527.36,529.87,12981
2023-03-03 20:00:00,529.65,531.04,529.28,529.99,18443
2023-03-03 21:00:00,530.06,533.23,529.96,532.22,21855
2023-03-03 22:00:00,532.06,534.99,532.06,534.3,16548
2023-03-03 23:00:00,534.51,537.28,533.85,536.19,61789
2023-03-04 00:00:00,536.63,536.67,536.31,536.67,58767
2023-03-06 17:00:00,537.95,541.89,537.86,541.89,10617
2023-03-06 18:00:00,541.59,543.74,539.48,543.26,77842
2023-03-06 19:00:00,544.14,545.5,542.47,544.12,22740
2023-03-06 20:00:00,544.11,545.19,541.33,542.24,9674
2023-03-06 21:00:00,541.84,543.13,538.52,539.94,39415
2023-03-06 22:00:00,539.72,541.38,539.71,540.24,28538
2023-03-06 23:00:00,540.16,543.83,540.16,543.23,98726
2023-03-07 00:00:00,543.22,543.23,542.91,542.91,96990
2023-03-07 17:00:00,542.92,547.92,540.79,545.58,22191
2023-03-07 18:00:00,545.3,545.68,536.12,537.06,30551
2023-03-07 19:00:00,536.11,539.39,535.92,537.59,16680
2023-03-07 20:00:00,537.83,540.76,536.36,536.4,19446
2023-03-07 21:00:00,536.1,536.79,531.7,533.03,17768
2023-03-07 22:00:00,533.39,533.97,531.53,531.59,16503
2023-03-07 23:00:00,531.48,534.69,531.48,533.3,63300
2023-03-08 00:00:00,533.75,533.99,533.45,533.98,87575
2023-03-08 17:00:00,532.12,535.99,527.69,530.95,12693
2023-03-08 18:00:00,529.32,533.3,527.48,532.42,14073
2023-03-08 19:00:00,532.34,536.95,532.26,536.63,12920
2023-03-08 20:00:00,536.73,536.73,534.37,534.89,8076
2023-03-08 21:00:00,535.06,535.13,532.1,532.53,7183
2023-03-08 22:00:00,532.91,535.12,532.63,534.93,11338
2023-03-08 23:00:00,534.92,537.82,534.51,535.91,27847
2023-03-09 00:00:00,535.94,535.94,535.85,535.85,34302
2023-03-09 17:00:00,537.08,542.39,535.28,541.67,6647
2023-03-09 18:00:00,541.8,545.25,540.19,544.63,20516
2023-03-09 19:00:00,544.5,544.81,539.12,539.58,28600
2023-03-09 20:00:00,539.84,541.51,538.6,538.94,27413
2023-03-09 21:00:00,538.41,539.81,535.7,537.24,38454
2023-03-09 22:00:00,536.82,538.31,535.05,536.56,43469
2023-03-09 23:00:00,536.29,536.72,532.38,534.87,78740
2023-03-10 00:00:00,534.99,535.77,534.83,535.04,172819
2023-03-10 17:00:00,535.0,536.85,524.68,526.3,30558
2023-03-10 18:00:00,526.25,532.57,525.54,532.57,58879
2023-03-10 19:00:00,531.9,535.1,529.55,530.83,27461
2023-03-10 20:00:00,531.06,531.06,526.5,526.5,26276
2023-03-10 21:00:00,526.39,526.76,519.11,519.8,20156
2023-03-10 22:00:00,520.11,529.25,519.99,527.72,19443
2023-03-10 23:00:00,527.8,528.02,520.01,522.26,101056
2023-03-11 00:00:00,522.75,522.75,522.27,522.27,63623
2023-03-13 16:00:00,517.8,534.14,513.84,532.93,21257
2023-03-13 17:00:00,531.21,532.73,522.12,529.06,79212
2023-03-13 18:00:00,528.37,532.15,527.37,529.7,44788
2023-03-13 19:00:00,530.67,530.99,526.77,527.31,46598
2023-03-13 20:00:00,527.3,530.48,525.98,528.74,72137
2023-03-13 21:00:00,529.11,531.73,528.88,530.31,33535
2023-03-13 22:00:00,530.43,531.6,526.61,528.01,153883
2023-03-13 23:00:00,527.98,528.28,527.98,528.28,105985
2023-03-14 16:00:00,540.65,555.22,540.38,551.89,29058
2023-03-14 17:00:00,550.58,555.91,550.19,553.59,121211
2023-03-14 18:00:00,553.84,558.28,553.18,553.75,48460
2023-03-14 19:00:00,553.76,554.07,546.55,549.01,22078
2023-03-14 20:00:00,549.01,549.1,540.85,542.94,17498
2023-03-14 21:00:00,543.53,545.89,541.57,544.09,13661
2023-03-14 22:00:00,544.33,548.27,540.99,548.06,33813
2023-03-14 23:00:00,547.88,548.57,547.66,548.25,85933
2023-03-15 16:00:00,534.95,538.35,530.51,531.17,19311
2023-03-15 17:00:00,530.45,532.17,522.63,526.46,29027
2023-03-15 18:00:00,526.83,530.01,526.17,527.03,14661
2023-03-15 19:00:00,527.3,528.6,522.5,523.68,23739
2023-03-15 20:00:00,523.11,525.64,520.55,522.87,14147
2023-03-15 21:00:00,523.16,535.8,521.83,535.29,43969
2023-03-15 22:00:00,536.54,537.28,532.87,537.27,53016
2023-03-15 23:00:00,537.28,537.28,536.77,536.77,81963
2023-03-16 16:00:00,533.97,544.24,533.97,542.92,9782
2023-03-16 17:00:00,543.01,551.3,539.7,550.2,25341
2023-03-16 18:00:00,549.89,555.32,548.6,552.93,22145
2023-03-16 19:00:00,554.05,559.38,551.65,557.99,13369
2023-03-16 20:00:00,557.37,560.25,556.18,556.23,31317
2023-03-16 21:00:00,556.02,556.02,551.53,552.12,17756
2023-03-16 22:00:00,551.77,552.48,546.01,546.57,91551
2023-03-16 23:00:00,546.43,546.71,546.43,546.57,115991
2023-03-17 16:00:00,547.08,548.57,540.14,540.56,119144
2023-03-17 17:00:00,543.32,545.46,536.61,537.41,55992
2023-03-17 18:00:00,536.04,537.98,532.51,534.12,20992
2023-03-17 19:00:00,534.68,537.66,533.51,534.55,44611
2023-03-17 20:00:00,534.16,537.69,534.16,535.35,30573
2023-03-17 21:00:00,535.35,539.07,533.58,538.78,36545
2023-03-17 22:00:00,538.43,539.84,536.61,536.78,90534
2023-03-17 23:00:00,536.89,537.68,536.72,537.09,629728
2023-03-20 16:00:00,540.49,543.81,538.47,542.22,12778
2023-03-20 17:00:00,543.15,543.71,534.02,539.68,55180
2023-03-20 18:00:00,539.9,541.57,538.8,541.04,43982
2023-03-20 19:00:00,540.59,541.5,537.63,540.9,7165
2023-03-20 20:00:00,541.62,541.79,540.0,540.69,7975
2023-03-20 21:00:00,540.2,540.3,538.22,539.02,11691
2023-03-20 22:00:00,538.81,545.11,538.81,544.11,30245
2023-03-20 23:00:00,544.28,544.4,544.28,544.33,91780
2023-03-21 16:00:00,550.29,553.34,549.43,549.91,5671
2023-03-21 17:00:00,550.54,554.58,550.0,554.06,25261
2023-03-21 18:00:00,553.95,556.36,553.87,553.87,19577
2023-03-21 19:00:00,553.99,554.52,551.49,551.94,26422
2023-03-21 20:00:00,552.01,555.61,551.6,554.06,91449
2023-03-21 21:00:00,553.87,554.41,550.39,553.35,38523
2023-03-21 22:00:00,553.59,555.82,553.35,554.34,79362
2023-03-21 23:00:00,554.14,554.43,553.88,554.33,82554
2023-03-22 16:00:00,552.68,554.03,550.9,551.98,10135
2023-03-22 17:00:00,551.91,557.92,551.91,555.18,41047
2023-03-22 18:00:00,555.1,555.81,553.59,554.36,26006
2023-03-22 19:00:00,554.43,555.9,554.23,554.39,11895
2023-03-22 20:00:00,554.54,555.06,552.34,554.24,20061
2023-03-22 21:00:00,554.99,563.81,554.45,559.08,28185
2023-03-22 22:00:00,557.36,559.64,546.74,546.82,65824
2023-03-22 23:00:00,546.68,547.42,546.65,547.18,104484
2023-03-23 16:00:00,546.31,551.66,541.74,544.07,28434
2023-03-23 17:00:00,546.4,549.49,543.82,549.05,44935
2023-03-23 18:00:00,548.99,555.68,548.63,554.54,29767
2023-03-23 19:00:00,555.11,555.71,550.66,551.42,17102
2023-03-23 20:00:00,551.4,551.66,546.88,549.11,31560
2023-03-23 21:00:00,549.45,550.98,543.44,545.17,33566
2023-03-23 22:00:00,545.51,549.75,541.61,546.47,69081
2023-03-23 23:00:00,546.47,546.96,546.47,546.96,45912
2023-03-24 16:00:00,541.75,544.15,538.07,538.61,13987
2023-03-24 17:00:00,539.19,543.08,537.92,540.9,13947
2023-03-24 18:00:00,541.41,541.41,536.27,539.92,8379
2023-03-24 19:00:00,540.46,542.16,538.56,541.25,15059
2023-03-24 20:00:00,541.4,542.56,539.6,541.58,27745
2023-03-24 21:00:00,541.79,544.1,540.35,542.94,35858
2023-03-24 22:00:00,542.45,545.0,541.12,543.1,39139
2023-03-24 23:00:00,543.1,543.1,542.66,543.1,86009
2023-03-27 16:00:00,548.4,548.4,541.29,544.82,12771
2023-03-27 17:00:00,545.51,546.57,543.44,544.46,38683
2023-03-27 18:00:00,545.79,545.79,542.74,544.02,25389
2023-03-27 19:00:00,544.01,544.63,542.59,544.36,15150
2023-03-27 20:00:00,544.62,544.99,542.32,543.17,14499
2023-03-27 21:00:00,543.12,544.17,542.29,543.9,21827
2023-03-27 22:00:00,544.13,544.13,538.9,540.34,63238
2023-03-27 23:00:00,540.36,540.36,540.14,540.35,139532
2023-03-28 16:00:00,540.27,540.62,538.37,540.62,6517
2023-03-28 17:00:00,540.72,541.72,535.83,536.32,16055
2023-03-28 18:00:00,535.97,537.92,534.72,536.4,29350
2023-03-28 19:00:00,536.53,539.8,536.45,539.58,7965
2023-03-28 20:00:00,539.76,540.55,538.24,538.37,12452
2023-03-28 21:00:00,538.64,541.15,538.45,540.75,9423
2023-03-28 22:00:00,540.99,543.15,538.89,542.98,18496
2023-03-28 23:00:00,542.76,542.9,542.71,542.9,58890
2023-03-29 16:00:00,549.55,549.55,544.94,545.82,19365
2023-03-29 17:00:00,545.74,547.15,543.46,544.14,5531
2023-03-29 18:00:00,544.21,546.52,544.19,546.28,9416
2023-03-29 19:00:00,546.1,546.33,544.67,545.09,7852
2023-03-29 20:00:00,544.06,546.67,544.06,546.08,11251
2023-03-29 21:00:00,546.21,549.0,546.06,548.65,12692
2023-03-29 22:00:00,548.48,552.06,547.49,551.25,51275
2023-03-29 23:00:00,551.01,551.35,550.92,550.93,53238
2023-03-30 16:00:00,556.54,556.54,550.32,554.46,28196
2023-03-30 17:00:00,555.0,555.0,551.25,553.61,19736
2023-03-30 18:00:00,553.64,554.51,548.49,549.01,23262
2023-03-30 19:00:00,548.43,548.84,545.69,547.23,25928
2023-03-30 20:00:00,547.61,547.61,545.42,546.89,9420
2023-03-30 21:00:00,547.42,549.81,547.42,548.41,14423
2023-03-30 22:00:00,548.38,549.73,546.13,548.74,62153
2023-03-30 23:00:00,548.74,548.74,548.52,548.72,59960
2023-03-31 16:00:00,553.5,557.3,550.13,553.05,22141
2023-03-31 17:00:00,553.49,554.79,552.55,554.06,25059
2023-03-31 18:00:00,553.69,555.22,553.39,555.22,15014
2023-03-31 19:00:00,555.01,555.26,554.01,554.77,21658
2023-03-31 20:00:00,554.95,555.11,553.47,554.77,17187
2023-03-31 21:00:00,555.0,556.47,554.53,555.71,10819
2023-03-31 22:00:00,555.68,559.79,555.68,559.59,28397
2023-03-31 23:00:00,559.52,559.69,558.97,559.69,85446
2023-04-03 16:00:00,553.55,558.54,551.18,551.79,13105
2023-04-03 17:00:00,552.2,555.49,550.01,551.26,18143
2023-04-03 18:00:00,550.39,553.22,550.39,553.2,10017
2023-04-03 19:00:00,553.24,555.6,553.24,554.62,6445
2023-04-03 20:00:00,554.54,557.02,551.82,552.61,14546
2023-04-03 21:00:00,552.86,554.34,552.86,553.48,7900
2023-04-03 22:00:00,553.56,557.83,553.46,557.14,47757
2023-04-03 23:00:00,557.14,557.37,557.11,557.37,82436
2023-04-04 16:00:00,560.22,563.06,558.73,560.84,17318
2023-04-04 17:00:00,562.0,563.04,556.13,556.13,30394
2023-04-04 18:00:00,557.53,558.04,550.26,550.26,60826
2023-04-04 19:00:00,550.73,553.27,549.48,553.1,10890
2023-04-04 20:00:00,553.54,554.85,552.88,553.51,25304
2023-04-04 21:00:00,553.31,554.53,551.61,553.48,17007
2023-04-04 22:00:00,553.37,553.48,550.25,550.27,76165
2023-04-04 23:00:00,550.46,550.46,550.35,550.38,47937
2023-04-05 16:00:00,546.46,550.99,546.46,548.29,8251
2023-04-05 17:00:00,547.95,548.82,541.75,542.35,22755
2023-04-05 18:00:00,541.93,544.29,541.93,544.01,5667
2023-04-05 19:00:00,544.1,544.1,540.72,541.73,8891
2023-04-05 20:00:00,541.5,541.88,539.3,540.23,9339
2023-04-05 21:00:00,540.56,541.04,537.67,538.06,10643
2023-04-05 22:00:00,537.65,538.85,536.27,538.13,49581
2023-04-05 23:00:00,538.13,538.37,538.13,538.37,63431
2023-04-06 16:00:00,534.21,534.43,532.36,533.64,13247
2023-04-06 17:00:00,534.08,536.28,533.81,534.86,16913
2023-04-06 18:00:00,534.87,536.8,534.38,536.42,14398
2023-04-06 19:00:00,536.87,537.39,534.57,535.3,22311
2023-04-06 20:00:00,535.3,536.28,534.89,534.89,8560
2023-04-06 21:00:00,534.89,534.89,533.31,533.87,20375
2023-04-06 22:00:00,534.15,534.25,533.21,533.49,67762
2023-04-06 23:00:00,533.65,533.65,533.51,533.65,92664
2023-04-10 16:00:00,528.32,529.05,512.58,513.6,43018
2023-04-10 17:00:00,513.61,520.23,512.65,519.04,59034
2023-04-10 18:00:00,518.98,520.66,517.4,519.21,30134
2023-04-10 19:00:00,518.91,523.21,517.23,523.21,12170
2023-04-10 20:00:00,523.25,524.92,522.53,524.3,31408
2023-04-10 21:00:00,523.66,524.72,522.8,524.68,13247
2023-04-10 22:00:00,525.35,528.37,525.07,528.35,50754
2023-04-10 23:00:00,528.37,528.44,528.37,528.44,73462
2023-04-11 16:00:00,530.34,533.98,530.34,533.22,14991
2023-04-11 17:00:00,533.07,535.37,529.52,530.18,17078
2023-04-11 18:00:00,530.56,531.8,528.73,529.29,11970
2023-04-11 19:00:00,530.04,530.08,526.44,527.72,29202
2023-04-11 20:00:00,527.66,529.29,525.6,528.87,15709
2023-04-11 21:00:00,528.91,529.67,527.51,529.13,24973
2023-04-11 22:00:00,529.19,531.11,528.88,529.57,73177
2023-04-11 23:00:00,529.67,529.95,529.67,529.67,102786
2023-04-12 16:00:00,535.78,538.17,533.62,534.02,19831
2023-04-12 17:00:00,535.57,539.02,533.8,535.72,23120
2023-04-12 18:00:00,535.26,535.38,530.98,532.43,18581
2023-04-12 19:00:00,533.26,534.82,532.47,533.32,21305
2023-04-12 20:00:00,533.37,535.0,532.72,534.99,36255
2023-04-12 21:00:00,534.66,535.56,531.55,532.45,14881
2023-04-12 22:00:00,532.78,533.04,529.74,531.13,39387
2023-04-12 23:00:00,531.13,531.13,530.83,530.83,84529
2023-04-13 16:00:00,534.16,534.16,530.13,530.13,8143
2023-04-13 17:00:00,532.36,536.37,532.07,535.96,23461
2023-04-13 18:00:00,536.01,537.24,536.01,536.81,8323
2023-04-13 19:00:00,537.26,538.24,537.26,537.84,9297
2023-04-13 20:00:00,537.34,541.33,537.29,541.07,11174
2023-04-13 21:00:00,541.04,541.42,540.14,541.11,11679
2023-04-13 22:00:00,541.11,543.15,541.11,543.0,51144
2023-04-13 23:00:00,542.76,542.81,542.61,542.61,118030
2023-04-14 16:00:00,541.12,550.54,541.12,550.54,15850
2023-04-14 17:00:00,550.53,553.04,545.95,547.52,63284
2023-04-14 18:00:00,547.5,547.5,541.23,541.49,44575
2023-04-14 19:00:00,541.09,541.09,538.31,539.47,34268
2023-04-14 20:00:00,539.36,543.33,538.94,542.22,9636
2023-04-14 21:00:00,541.39,542.15,539.83,540.92,22445
2023-04-14 22:00:00,540.97,542.31,539.29,540.16,116319
2023-04-14 23:00:00,540.15,540.15,540.03,540.03,112362
2023-04-17 16:00:00,537.19,544.31,537.19,544.31,16387
2023-04-17 17:00:00,543.54,544.97,537.45,538.31,42349
2023-04-17 18:00:00,538.12,539.06,536.59,539.06,17996
2023-04-17 19:00:00,539.11,539.11,537.03,537.65,8965
2023-04-17 20:00:00,537.56,538.42,536.29,536.64,41247
2023-04-17 21:00:00,536.78,538.32,536.29,537.42,29316
2023-04-17 22:00:00,537.5,538.37,534.37,537.51,84884
2023-04-17 23:00:00,537.51,537.58,537.44,537.57,112042
2023-04-18 16:00:00,542.13,548.4,537.61,547.0,21344
2023-04-18 17:00:00,546.94,548.21,539.42,540.5,50628
2023-04-18 18:00:00,540.97,543.46,539.78,543.19,21607
2023-04-18 19:00:00,543.16,545.69,543.03,545.12,20470
2023-04-18 20:00:00,545.11,546.53,544.64,545.19,30408
2023-04-18 21:00:00,545.29,546.69,543.42,544.22,13805
2023-04-18 22:00:00,544.31,545.26,543.36,544.6,42951
2023-04-18 23:00:00,544.5,544.58,544.23,544.46,96287
2023-04-19 16:00:00,542.48,545.83,539.55,542.32,5977
2023-04-19 17:00:00,543.42,544.27,540.93,541.08,13871
2023-04-19 18:00:00,541.44,544.54,541.29,544.43,7195
2023-04-19 19:00:00,544.51,546.17,544.51,545.81,19582
2023-04-19 20:00:00,545.86,546.25,543.98,546.25,12328
2023-04-19 21:00:00,546.65,546.76,545.64,546.76,6771
2023-04-19 22:00:00,546.32,547.2,543.75,545.75,39969
2023-04-19 23:00:00,545.48,545.48,545.48,545.48,49424
2023-04-20 16:00:00,540.37,544.87,539.0,544.5,6497
2023-04-20 17:00:00,545.22,550.37,544.41,550.05,18866
2023-04-20 18:00:00,549.96,549.96,546.15,546.98,4941
2023-04-20 19:00:00,547.24,549.98,546.86,549.0,6505
2023-04-20 20:00:00,549.3,550.65,549.3,549.66,3477
2023-04-20 21:00:00,549.37,549.56,546.35,548.0,8001
2023-04-20 22:00:00,548.34,548.34,545.3,546.65,25360
2023-04-20 23:00:00,546.83,546.83,546.36,546.58,86448
2023-04-21 16:00:00,547.54,548.13,545.05,545.94,11391
2023-04-21 17:00:00,546.27,547.35,543.07,543.96,10946
2023-04-21 18:00:00,544.71,546.75,543.18,544.11,12302
2023-04-21 19:00:00,545.49,546.73,544.68,546.55,5640
2023-04-21 20:00:00,545.74,547.26,544.79,545.24,7750
2023-04-21 21:00:00,545.49,546.31,543.3,544.66,13795
2023-04-21 22:00:00,545.39,545.39,543.1,544.61,32151
2023-04-21 23:00:00,544.54,544.6,544.54,544.6,88410
2023-04-24 16:00:00,545.71,548.05,542.85,547.92,13225
2023-04-24 17:00:00,548.31,548.39,544.44,545.02,36791
2023-04-24 18:00:00,544.55,544.97,541.91,542.88,41780
2023-04-24 19:00:00,543.16,544.47,541.23,544.06,17658
2023-04-24 20:00:00,544.07,544.07,542.42,543.36,14499
2023-04-24 21:00:00,543.29,543.63,542.45,542.81,39895
2023-04-24 22:00:00,543.0,545.36,542.35,543.61,55448
2023-04-24 23:00:00,543.74,544.61,543.74,544.61,51373
2023-04-25 16:00:00,535.79,539.03,521.03,521.08,25302
2023-04-25 17:00:00,521.75,522.1,515.27,517.88,92150
2023-04-25 18:00:00,518.02,518.09,500.72,502.03,104329
2023-04-25 19:00:00,502.01,504.15,490.51,490.65,126694
2023-04-25 20:00:00,490.84,492.72,482.07,490.26,106495
2023-04-25 21:00:00,490.0,490.07,480.57,482.55,170778
2023-04-25 22:00:00,482.55,483.0,471.0,471.15,393781
2023-04-25 23:00:00,471.15,471.15,471.12,471.15,86413
2023-04-26 16:00:00,463.3,467.62,460.72,465.0,104478
2023-04-26 17:00:00,465.0,465.57,458.69,460.16,180931
2023-04-26 18:00:00,460.18,462.55,459.02,459.81,126072
2023-04-26 19:00:00,459.98,460.59,457.63,459.15,86562
2023-04-26 20:00:00,459.54,460.36,457.5,457.52,72430
2023-04-26 21:00:00,457.32,458.74,456.84,457.29,84257
2023-04-26 22:00:00,457.19,458.53,455.0,458.38,344596
2023-04-26 23:00:00,458.38,458.67,458.1,458.22,166246
2023-04-27 16:00:00,466.49,469.17,459.12,460.27,91962
2023-04-27 17:00:00,460.67,468.79,460.57,461.73,118372
2023-04-27 18:00:00,461.96,467.03,460.63,466.63,40761
2023-04-27 19:00:00,466.54,466.95,462.57,464.56,96996
2023-04-27 20:00:00,464.74,465.1,462.56,464.31,65658
2023-04-27 21:00:00,464.29,465.57,463.9,464.71,79569
2023-04-27 22:00:00,464.68,465.52,463.55,464.43,263438
2023-04-27 23:00:00,464.58,464.58,464.02,464.29,64859
2023-04-28 16:00:00,462.63,474.92,462.63,474.91,132107
2023-04-28 17:00:00,475.0,483.15,474.07,478.55,82973
2023-04-28 18:00:00,478.54,482.52,477.85,482.41,37277
2023-04-28 19:00:00,482.46,485.43,481.95,484.88,131984
2023-04-28 20:00:00,485.15,486.1,482.54,483.05,207262
2023-04-28 21:00:00,482.87,483.31,479.95,483.17,55419
2023-04-28 22:00:00,483.17,484.13,481.51,482.53,108149
2023-04-28 23:00:00,482.29,482.45,482.28,482.45,77978
2023-05-01 16:00:00,482.83,486.12,480.14,482.47,17105
2023-05-01 17:00:00,480.78,489.31,480.78,487.49,50811
2023-05-01 18:00:00,487.5,488.19,483.22,484.89,42396
2023-05-01 19:00:00,484.61,487.39,483.54,485.73,36216
2023-05-01 20:00:00,485.56,485.64,483.58,484.25,30676
2023-05-01 21:00:00,484.48,484.48,482.66,483.55,27638
2023-05-01 22:00:00,483.67,484.2,481.53,482.94,113440
2023-05-01 23:00:00,482.87,483.03,482.87,483.03,155518
2023-05-02 16:00:00,479.5,480.24,472.12,477.95,39092
2023-05-02 17:00:00,477.45,477.82,466.1,467.51,41826
2023-05-02 18:00:00,467.55,472.99,466.89,472.97,24990
2023-05-02 19:00:00,472.65,473.9,471.09,472.63,34812
2023-05-02 20:00:00,472.41,473.78,471.73,472.16,29755
2023-05-02 21:00:00,472.22,472.6,468.72,472.6,31987
2023-05-02 22:00:00,472.4,472.53,467.6,468.46,96963
2023-05-02 23:00:00,468.46,468.88,468.46,468.49,199628
2023-05-03 16:00:00,468.34,475.64,468.34,474.48,19192
2023-05-03 17:00:00,475.0,475.0,470.61,471.99,22785
2023-05-03 18:00:00,472.13,472.13,470.48,470.71,17461
2023-05-03 19:00:00,470.89,471.42,468.93,470.8,18559
2023-05-03 20:00:00,470.82,473.04,470.82,472.14,19292
2023-05-03 21:00:00,470.69,476.59,470.69,474.21,35964
2023-05-03 22:00:00,474.07,474.52,465.18,465.92,105324
2023-05-03 23:00:00,466.05,466.05,465.77,465.77,59594
2023-05-04 16:00:00,464.19,467.77,462.58,466.87,23335
2023-05-04 17:00:00,466.74,467.92,462.81,465.22,33719
2023-05-04 18:00:00,465.34,465.72,461.91,462.84,19949
2023-05-04 19:00:00,462.96,464.55,462.14,464.43,22068
2023-05-04 20:00:00,463.98,464.42,461.93,463.31,24245
2023-05-04 21:00:00,463.52,463.66,461.16,461.69,14376
2023-05-04 22:00:00,461.92,463.9,461.26,461.42,75237
2023-05-04 23:00:00,461.42,461.7,461.42,461.55,117950
2023-05-05 16:00:00,467.65,471.02,464.84,466.4,15779
2023-05-05 17:00:00,466.74,471.42,466.48,470.01,31796
2023-05-05 18:00:00,470.34,472.86,470.34,471.86,18181
2023-05-05 19:00:00,471.97,471.97,467.06,469.56,44597
2023-05-05 20:00:00,469.64,472.16,469.63,470.45,19279
2023-05-05 21:00:00,470.45,472.18,468.52,471.52,29402
2023-05-05 22:00:00,471.66,474.32,471.66,473.34,46543
2023-05-05 23:00:00,473.46,473.65,473.35,473.65,53418
2023-05-08 16:00:00,474.82,479.0,472.04,473.71,29811
2023-05-08 17:00:00,473.75,477.63,473.46,476.91,45438
2023-05-08 18:00:00,476.88,477.52,474.6,476.15,24498
2023-05-08 19:00:00,475.97,476.36,472.95,474.05,19081
2023-05-08 20:00:00,473.91,474.11,472.31,472.31,24128
2023-05-08 21:00:00,472.55,474.28,471.56,473.32,51840
2023-05-08 22:00:00,473.33,474.48,472.17,472.77,58337
2023-05-08 23:00:00,472.75,472.88,472.63,472.88,58674
2023-05-09 16:00:00,468.79,473.63,468.79,473.44,33561
2023-05-09 17:00:00,473.15,476.28,470.75,474.97,47714
2023-05-09 18:00:00,475.18,475.73,473.17,473.8,13854
2023-05-09 19:00:00,473.61,473.71,470.27,472.56,19449
2023-05-09 20:00:00,472.45,473.57,471.94,473.57,14033
2023-05-09 21:00:00,473.66,473.77,470.39,471.67,13437
2023-05-09 22:00:00,471.62,473.5,471.32,472.59,40119
2023-05-09 23:00:00,472.62,473.03,472.6,472.87,86844
2023-05-10 16:00:00,479.0,480.77,478.87,480.73,60538
2023-05-10 17:00:00,481.18,482.94,478.18,478.26,99497
2023-05-10 18:00:00,478.3,481.04,477.14,480.24,56169
2023-05-10 19:00:00,478.19,478.3,472.52,473.08,11046
2023-05-10 20:00:00,472.85,473.11,470.83,472.8,16575
2023-05-10 21:00:00,473.13,474.36,473.13,473.38,11408
2023-05-10 22:00:00,473.33,477.22,473.24,475.73,57784
2023-05-10 23:00:00,475.75,476.07,475.75,476.07,88939
2023-05-11 16:00:00,473.35,475.69,469.5,470.48,9600
2023-05-11 17:00:00,470.36,472.65,467.86,469.36,28565
2023-05-11 18:00:00,469.7,470.62,469.38,470.0,15551
2023-05-11 19:00:00,470.16,470.75,469.68,470.0,15945
2023-05-11 20:00:00,469.79,470.14,467.16,469.56,28161
2023-05-11 21:00:00,469.82,470.08,467.83,469.65,26834
2023-05-11 22:00:00,469.65,470.51,469.49,470.24,38365
2023-05-11 23:00:00,470.25,470.4,470.25,470.4,38146
2023-05-12 16:00:00,472.24,474.95,468.97,469.14,11671
2023-05-12 17:00:00,468.11,468.77,464.6,465.57,35382
2023-05-12 18:00:00,465.6,468.84,465.58,468.47,41425
2023-05-12 19:00:00,468.19,468.22,465.36,465.36,26502
2023-05-12 20:00:00,465.67,465.84,463.96,463.96,29607
2023-05-12 21:00:00,464.03,465.03,463.63,464.65,45557
2023-05-12 22:00:00,464.74,469.84,463.81,469.53,83620
2023-05-12 23:00:00,469.68,469.68,469.32,469.63,65850
2023-05-15 16:00:00,468.63,468.63,465.76,466.44,9846
2023-05-15 17:00:00,467.06,469.06,465.18,467.72,16001
2023-05-15 18:00:00,468.11,469.84,465.83,466.23,21942
2023-05-15 19:00:00,466.12,466.73,465.01,466.55,18977
2023-05-15 20:00:00,466.71,468.28,464.33,465.01,22572
2023-05-15 21:00:00,465.22,465.29,463.84,464.18,21300
2023-05-15 22:00:00,464.13,464.86,462.28,462.92,104811
2023-05-15 23:00:00,463.05,463.61,462.86,463.56,90086
2023-05-16 16:00:00,460.55,462.03,459.28,461.24,14128
2023-05-16 17:00:00,460.7,461.18,458.01,459.2,37970
2023-05-16 18:00:00,458.76,459.03,455.15,456.95,20196
2023-05-16 19:00:00,456.75,457.42,455.84,456.77,32683
2023-05-16 20:00:00,456.45,458.31,456.17,457.42,12565
2023-05-16 21:00:00,457.66,457.66,455.93,457.43,36903
2023-05-16 22:00:00,457.53,458.83,456.02,456.91,94839
2023-05-16 23:00:00,456.98,456.98,456.98,456.98,59568
2023-05-17 16:00:00,461.65,463.31,458.27,458.54,55983
2023-05-17 17:00:00,458.38,460.68,457.79,460.57,24660
2023-05-17 18:00:00,460.12,461.12,458.03,460.75,15203
2023-05-17 19:00:00,460.91,462.3,460.53,462.3,9534
2023-05-17 20:00:00,462.36,462.98,461.41,461.87,19991
2023-05-17 21:00:00,461.88,461.88,459.78,460.06,14631
2023-05-17 22:00:00,460.06,461.85,459.88,461.16,43126
2023-05-17 23:00:00,461.16,461.3,461.06,461.27,74778
2023-05-18 16:00:00,461.7,461.7,457.66,457.98,6759
2023-05-18 17:00:00,458.71,464.29,458.16,463.45,20814
2023-05-18 18:00:00,463.44,467.83,462.68,466.37,34100
2023-05-18 19:00:00,466.31,467.29,464.6,466.96,20024
2023-05-18 20:00:00,467.17,467.66,464.54,464.59,21461
2023-05-18 21:00:00,464.56,468.25,464.51,467.93,9704
2023-05-18 22:00:00,467.78,474.36,466.44,472.26,129052
2023-05-18 23:00:00,472.26,472.32,472.25,472.25,45566
2023-05-19 16:00:00,473.67,474.63,470.86,474.12,18749
2023-05-19 17:00:00,474.16,474.6,470.02,473.9,20396
2023-05-19 18:00:00,474.67,475.29,468.32,470.4,19858
2023-05-19 19:00:00,470.29,470.71,467.87,469.8,20661
2023-05-19 20:00:00,470.24,471.85,469.94,471.63,16284
2023-05-19 21:00:00,471.49,472.77,471.04,472.64,14845
2023-05-19 22:00:00,472.55,472.55,469.85,469.95,38041
2023-05-19 23:00:00,469.84,469.97,469.83,469.84,57289
2023-05-22 16:00:00,469.3,473.0,469.28,470.7,16368
2023-05-22 17:00:00,471.27,472.77,469.58,471.12,15955
2023-05-22 18:00:00,471.27,474.16,471.27,472.27,19770
2023-05-22 19:00:00,472.24,474.1,469.55,470.22,16450
2023-05-22 20:00:00,471.84,473.44,471.0,473.42,10649
2023-05-22 21:00:00,473.09,475.48,472.53,474.21,13926
2023-05-22 22:00:00,474.82,475.17,472.1,472.29,27806
2023-05-22 23:00:00,472.29,472.71,472.29,472.42,73168
2023-05-23 16:00:00,467.72,471.81,467.16,468.4,16884
2023-05-23 17:00:00,468.13,469.14,462.81,462.84,65384
2023-05-23 18:00:00,463.17,463.17,458.49,462.32,34926
2023-05-23 19:00:00,462.45,462.45,458.74,460.74,12781
2023-05-23 20:00:00,460.6,461.06,457.35,459.45,19500
2023-05-23 21:00:00,459.76,461.38,457.77,460.35,27281
2023-05-23 22:00:00,460.39,460.52,457.13,460.4,138818
2023-05-23 23:00:00,460.32,460.6,460.0,460.1,122024
2023-05-24 16:00:00,455.87,458.63,451.55,455.96,28026
2023-05-24 17:00:00,455.59,455.72,452.8,453.39,50120
2023-05-24 18:00:00,453.25,454.8,452.52,454.31,34570
2023-05-24 19:00:00,454.49,456.81,454.07,456.45,25905
2023-05-24 20:00:00,456.17,458.26,454.15,457.81,18436
2023-05-24 21:00:00,457.84,458.86,457.48,457.96,17955
2023-05-24 22:00:00,457.98,460.9,457.12,457.35,58198
2023-05-24 23:00:00,457.21,457.41,457.03,457.19,58119
2023-05-25 16:00:00,460.78,463.55,460.23,460.96,10087
2023-05-25 17:00:00,461.17,463.42,460.0,462.09,25786
2023-05-25 18:00:00,462.33,465.21,461.86,464.52,16122
2023-05-25 19:00:00,465.08,466.41,463.75,464.37,19565
2023-05-25 20:00:00,464.93,466.59,464.47,464.85,14980
2023-05-25 21:00:00,465.07,467.97,463.34,467.0,44897
2023-05-25 22:00:00,467.28,469.38,465.66,466.6,86669
2023-05-25 23:00:00,466.53,466.59,466.44,466.51,104367
2023-05-26 16:00:00,470.44,472.78,468.51,471.75,23525
2023-05-26 17:00:00,472.85,477.94,471.09,476.72,26459
2023-05-26 18:00:00,476.88,477.43,474.69,476.9,18691
2023-05-26 19:00:00,476.95,477.52,476.1,476.52,14378
2023-05-26 20:00:00,475.81,476.49,474.25,475.34,13073
2023-05-26 21:00:00,475.72,477.83,473.87,476.71,14458
2023-05-26 22:00:00,476.67,478.57,475.3,475.59,70476
2023-05-26 23:00:00,475.6,475.83,475.45,475.83,79016
2023-05-30 16:00:00,480.72,486.5,479.45,483.32,24799
2023-05-30 17:00:00,482.69,482.86,476.56,476.56,23368
2023-05-30 18:00:00,476.49,477.67,475.0,475.48,28773
2023-05-30 19:00:00,475.12,475.12,470.53,471.52,27150
2023-05-30 20:00:00,471.39,471.39,469.6,471.05,15278
2023-05-30 21:00:00,471.07,472.11,470.33,470.47,14841
2023-05-30 22:00:00,470.44,472.11,470.14,471.41,75155
2023-05-30 23:00:00,471.38,471.41,471.38,471.41,35068
2023-05-31 16:00:00,468.97,471.69,468.14,469.51,50106
2023-05-31 17:00:00,469.2,469.54,466.28,466.74,49196
2023-05-31 18:00:00,467.05,469.21,465.6,468.28,51641
2023-05-31 19:00:00,468.31,470.86,467.85,470.28,65132
2023-05-31 20:00:00,470.48,470.5,467.63,469.3,49746
2023-05-31 21:00:00,469.84,471.13,468.9,469.15,39713
2023-05-31 22:00:00,469.32,471.23,468.94,470.47,76787
2023-05-31 23:00:00,470.73,470.73,470.29,470.53,306577
2023-06-01 16:00:00,471.17,472.0,462.42,462.48,12162
2023-06-01 17:00:00,462.08,464.58,458.18,461.15,74697
2023-06-01 18:00:00,460.82,468.27,460.13,467.37,24855
2023-06-01 19:00:00,467.31,469.46,467.27,468.87,16223
2023-06-01 20:00:00,469.17,469.73,466.64,469.71,18424
2023-06-01 21:00:00,469.77,470.88,468.52,468.88,14781
2023-06-01 22:00:00,469.32,470.71,466.47,467.17,30748
2023-06-01 23:00:00,467.12,467.12,466.97,466.97,131976
2023-06-02 16:00:00,472.53,477.22,472.53,473.21,17947
2023-06-02 17:00:00,471.49,476.97,471.3,476.95,33968
2023-06-02 18:00:00,477.4,478.59,475.52,476.42,21275
2023-06-02 19:00:00,476.43,479.64,475.87,479.64,24856
2023-06-02 20:00:00,479.33,479.34,477.49,478.74,31409
2023-06-02 21:00:00,478.64,478.79,477.79,478.17,13616
2023-06-02 22:00:00,478.42,479.08,476.76,478.77,62488
2023-06-02 23:00:00,478.66,478.77,478.62,478.76,94290
2023-06-05 16:00:00,477.84,481.88,477.63,481.88,13933
2023-06-05 17:00:00,480.62,483.56,478.08,479.24,30416
2023-06-05 18:00:00,479.69,482.91,479.5,480.9,16916
2023-06-05 19:00:00,481.0,482.57,480.11,482.06,14404
2023-06-05 20:00:00,481.79,482.1,478.37,480.09,24387
2023-06-05 21:00:00,479.68,480.03,477.55,479.32,16646
2023-06-05 22:00:00,479.0,481.33,478.32,481.12,46952
2023-06-05 23:00:00,481.15,481.31,480.81,480.81,156599
2023-06-06 16:00:00,478.17,478.99,477.15,478.57,10544
2023-06-06 17:00:00,478.87,481.16,477.35,477.8,17972
2023-06-06 18:00:00,478.41,480.26,475.54,480.26,12273
2023-06-06 19:00:00,480.64,481.05,474.06,474.66,21445
2023-06-06 20:00:00,475.27,477.48,473.51,473.98,24331
2023-06-06 21:00:00,473.7,475.26,473.36,475.14,15266
2023-06-06 22:00:00,475.25,477.68,474.7,477.34,71992
2023-06-06 23:00:00,477.41,477.44,477.05,477.24,108132
2023-06-07 16:00:00,479.44,483.83,478.97,482.37,29068
2023-06-07 17:00:00,482.18,482.21,477.61,479.44,33464
2023-06-07 18:00:00,479.72,480.3,476.81,476.9,42838
2023-06-07 19:00:00,477.19,477.21,474.41,475.06,17039
2023-06-07 20:00:00,475.08,475.08,471.61,473.47,35135
2023-06-07 21:00:00,473.25,474.23,471.83,473.5,29631
2023-06-07 22:00:00,473.5,473.75,471.37,472.61,61479
2023-06-07 23:00:00,472.58,472.78,472.49,472.49,120322
2023-06-08 16:00:00,474.34,476.72,471.92,473.31,13208
2023-06-08 17:00:00,473.51,477.7,473.51,477.1,18790
2023-06-08 18:00:00,477.19,480.55,476.45,480.33,8168
2023-06-08 19:00:00,480.02,480.72,478.31,478.83,8380
2023-06-08 20:00:00,478.41,479.31,477.22,478.25,9447
2023-06-08 21:00:00,478.51,480.22,477.82,479.48,11854
2023-06-08 22:00:00,479.77,481.72,479.64,480.8,66004
2023-06-08 23:00:00,480.74,481.0,480.67,480.87,89905
2023-06-09 16:00:00,482.26,482.26,477.93,477.93,7608
2023-06-09 17:00:00,477.5,477.91,475.06,476.39,15259
2023-06-09 18:00:00,476.86,477.66,473.4,474.59,25787
2023-06-09 19:00:00,474.61,475.73,473.2,474.56,16756
2023-06-09 20:00:00,474.65,477.04,474.54,475.77,16271
2023-06-09 21:00:00,476.03,476.11,473.97,474.28,34846
2023-06-09 22:00:00,474.47,475.48,473.7,473.96,73561
2023-06-09 23:00:00,473.95,474.09,473.79,473.85,85888
2023-06-12 16:00:00,477.46,477.46,472.36,473.75,21685
2023-06-12 17:00:00,473.09,475.24,470.73,472.44,163713
2023-06-12 18:00:00,472.46,473.66,471.6,472.01,56335
2023-06-12 19:00:00,472.39,474.44,471.51,472.71,52342
2023-06-12 20:00:00,473.06,473.53,471.88,472.7,151845
2023-06-12 21:00:00,472.67,473.85,472.52,472.64,27488
2023-06-12 22:00:00,472.95,474.23,472.08,473.85,199622
2023-06-12 23:00:00,473.98,474.21,473.98,474.18,77994
2023-06-13 16:00:00,477.19,477.19,471.66,475.0,79611
2023-06-13 17:00:00,475.0,481.14,473.55,477.15,685221
2023-06-13 18:00:00,477.32,481.8,475.46,475.46,80920
2023-06-13 19:00:00,475.3,477.46,473.65,476.53,22611
2023-06-13 20:00:00,476.89,481.05,476.3,480.59,29829
2023-06-13 21:00:00,480.7,482.47,480.48,481.87,19251
2023-06-13 22:00:00,481.89,482.01,478.2,480.07,80925
2023-06-13 23:00:00,479.93,480.01,479.87,479.99,139267
2023-06-14 16:00:00,480.49,482.91,473.48,473.48,45309
2023-06-14 17:00:00,473.26,478.34,473.26,477.2,39207
2023-06-14 18:00:00,476.81,479.48,476.81,478.79,17927
2023-06-14 19:00:00,478.49,481.91,478.04,481.91,12925
2023-06-14 20:00:00,481.34,481.39,479.5,479.66,14704
2023-06-14 21:00:00,478.89,483.19,475.31,482.66,60326
2023-06-14 22:00:00,482.69,488.9,482.69,486.0,183504
2023-06-14 23:00:00,486.0,486.21,485.98,486.2,119521
2023-06-15 16:00:00,481.55,482.84,478.8,482.25,28442
2023-06-15 17:00:00,482.9,485.78,481.31,485.28,24297
2023-06-15 18:00:00,485.4,487.97,483.67,484.99,16597
2023-06-15 19:00:00,485.35,486.68,484.34,485.92,9343
2023-06-15 20:00:00,486.01,489.0,485.67,488.79,11752
2023-06-15 21:00:00,488.86,489.56,486.26,489.06,36661
2023-06-15 22:00:00,489.28,489.7,486.58,487.2,67239
2023-06-15 23:00:00,487.27,487.68,487.27,487.55,120775
2023-06-16 16:00:00,491.65,492.45,489.05,490.29,98803
2023-06-16 17:00:00,489.3,489.92,484.68,484.9,16103
2023-06-16 18:00:00,484.64,485.25,482.03,482.92,29050
2023-06-16 19:00:00,483.32,485.16,482.6,484.67,9200
2023-06-16 20:00:00,484.79,484.98,481.74,482.09,17920
2023-06-16 21:00:00,482.44,482.57,479.43,480.0,46506
2023-06-16 22:00:00,479.89,480.06,477.4,477.62,69477
2023-06-16 23:00:00,477.72,477.9,477.62,477.73,154213
2023-06-20 16:00:00,476.11,478.19,470.25,471.05,39527
2023-06-20 17:00:00,471.03,474.23,468.45,470.9,74715
2023-06-20 18:00:00,471.23,473.9,471.22,472.88,18001
2023-06-20 19:00:00,472.85,474.42,472.03,474.02,18379
2023-06-20 20:00:00,473.7,474.38,472.95,473.23,10882
2023-06-20 21:00:00,473.47,474.23,471.67,473.61,16627
2023-06-20 22:00:00,473.59,474.06,472.06,473.63,53974
2023-06-20 23:00:00,473.58,473.79,473.58,473.78,62395
2023-06-21 16:00:00,467.76,469.72,465.47,465.76,42084
2023-06-21 17:00:00,466.3,469.99,465.2,468.95,21879
2023-06-21 18:00:00,469.07,471.11,468.21,470.49,23303
2023-06-21 19:00:00,470.53,473.34,470.22,472.96,10883
2023-06-21 20:00:00,472.89,475.35,472.1,475.15,11027
2023-06-21 21:00:00,475.15,477.59,473.41,477.59,35026
2023-06-21 22:00:00,477.6,478.27,474.78,474.78,33902
2023-06-21 23:00:00,474.78,475.23,474.58,474.65,132099
2023-06-22 16:00:00,471.81,471.81,465.35,468.7,13277
2023-06-22 17:00:00,469.31,469.31,463.9,464.76,29502
2023-06-22 18:00:00,464.32,467.13,464.32,466.07,22935
2023-06-22 19:00:00,465.54,467.09,464.33,465.15,14313
2023-06-22 20:00:00,465.06,466.11,463.72,466.11,12578
2023-06-22 21:00:00,466.02,467.51,464.98,467.2,7395
2023-06-22 22:00:00,467.0,467.39,465.11,467.17,49233
2023-06-22 23:00:00,467.24,467.24,467.12,467.2,83851
2023-06-23 16:00:00,462.65,468.41,460.01,468.37,7176
2023-06-23 17:00:00,468.64,471.96,468.49,469.19,33683
2023-06-23 18:00:00,469.73,469.77,467.32,469.45,11089
2023-06-23 19:00:00,469.43,471.98,467.01,467.01,26922
2023-06-23 20:00:00,467.97,468.33,467.14,467.61,31204
2023-06-23 21:00:00,467.68,468.6,466.56,466.56,24492
2023-06-23 22:00:00,466.56,467.5,465.16,465.3,82337
2023-06-23 23:00:00,465.14,465.28,465.14,465.15,168087
2023-06-26 16:00:00,463.83,466.43,463.83,465.22,9362
2023-06-26 17:00:00,465.31,466.4,464.13,465.3,32035
2023-06-26 18:00:00,465.82,466.01,464.31,464.94,19534
2023-06-26 19:00:00,465.15,465.29,462.49,464.33,17527
2023-06-26 20:00:00,464.42,464.76,463.15,463.45,16334
2023-06-26 21:00:00,463.05,463.32,461.55,461.79,24546
2023-06-26 22:00:00,462.2,463.92,461.54,463.58,68898
2023-06-26 23:00:00,463.61,463.66,463.25,463.25,45989
2023-06-27 16:00:00,466.21,468.27,464.21,467.8,16930
2023-06-27 17:00:00,467.8,469.37,464.95,465.55,48047
2023-06-27 18:00:00,465.63,469.26,465.63,467.43,27862
2023-06-27 19:00:00,467.33,469.08,466.29,467.92,25102
2023-06-27 20:00:00,467.86,469.22,467.32,468.53,15035
2023-06-27 21:00:00,468.84,469.72,466.4,466.63,27999
2023-06-27 22:00:00,466.82,467.18,464.2,465.41,82594
2023-06-27 23:00:00,465.14,465.2,464.77,465.08,82011
2023-06-28 16:00:00,466.31,466.31,461.24,462.85,10099
2023-06-28 17:00:00,462.22,463.66,459.25,459.25,24790
2023-06-28 18:00:00,459.39,461.52,456.94,458.54,120107
2023-06-28 19:00:00,459.18,462.56,457.95,460.36,38614
2023-06-28 20:00:00,460.36,461.92,459.71,460.51,17727
2023-06-28 21:00:00,460.36,461.09,459.17,460.41,33563
2023-06-28 22:00:00,460.24,462.95,459.33,462.93,87908
2023-06-28 23:00:00,462.93,463.34,462.93,463.32,105663
2023-06-29 16:00:00,464.57,470.7,463.86,469.54,32084
2023-06-29 17:00:00,469.54,469.54,465.44,466.33,77727
2023-06-29 18:00:00,466.46,468.01,466.31,466.7,39411
2023-06-29 19:00:00,467.07,467.32,464.41,464.41,65069
2023-06-29 20:00:00,465.01,465.01,462.24,462.24,22784
2023-06-29 21:00:00,462.17,462.73,460.63,461.67,35191
2023-06-29 22:00:00,462.3,462.89,460.42,462.2,128932
2023-06-29 23:00:00,462.2,462.29,462.05,462.07,63427
2023-06-30 16:00:00,466.34,468.51,462.43,465.16,26831
2023-06-30 17:00:00,462.96,468.13,462.96,466.65,119823
2023-06-30 18:00:00,466.69,471.96,465.52,471.96,63859
2023-06-30 19:00:00,472.39,473.42,471.01,472.23,18800
2023-06-30 20:00:00,471.85,473.77,471.37,472.49,13520
2023-06-30 21:00:00,472.55,473.2,471.66,472.28,11441
2023-06-30 22:00:00,471.61,472.45,469.54,469.54,42878
2023-06-30 23:00:00,469.54,469.55,469.15,469.29,280506
2023-07-03 16:00:00,468.49,471.44,464.5,471.13,27343
2023-07-03 17:00:00,470.24,471.5,469.74,470.94,19136
2023-07-03 18:00:00,470.79,472.86,469.56,469.82,21944
2023-07-03 19:00:00,470.0,472.93,469.49,472.41,34780
2023-07-03 20:00:00,472.66,472.82,472.66,472.82,42619
2023-07-05 16:00:00,467.82,471.34,466.8,469.05,20073
2023-07-05 17:00:00,469.01,470.47,465.99,467.71,31265
2023-07-05 18:00:00,467.72,471.88,467.72,470.37,38368
2023-07-05 19:00:00,470.07,471.49,469.36,470.0,16215
2023-07-05 20:00:00,469.7,471.45,468.89,470.79,25621
2023-07-05 21:00:00,470.22,473.91,469.86,473.91,26827
2023-07-05 22:00:00,473.8,474.53,472.47,473.42,71563
2023-07-05 23:00:00,473.52,473.55,473.32,473.32,61330
2023-07-06 16:00:00,466.01,468.75,464.01,466.5,23717
2023-07-06 17:00:00,466.5,466.5,463.76,463.95,47372
2023-07-06 18:00:00,464.23,467.45,464.1,467.45,18740
2023-07-06 19:00:00,467.15,467.5,465.43,466.8,14599
2023-07-06 20:00:00,467.1,468.1,466.49,467.4,11554
2023-07-06 21:00:00,467.37,469.3,466.78,469.13,17338
2023-07-06 22:00:00,469.35,470.2,466.78,469.26,128179
2023-07-06 23:00:00,469.68,469.69,469.46,469.46,86591
2023-07-07 16:00:00,467.22,473.75,466.91,473.12,16086
2023-07-07 17:00:00,473.51,473.51,469.71,470.54,28455
2023-07-07 18:00:00,470.04,471.37,469.1,470.78,17344
2023-07-07 19:00:00,470.56,474.82,470.31,474.27,21340
2023-07-07 20:00:00,474.34,475.17,473.08,473.08,4890
2023-07-07 21:00:00,473.18,475.03,473.06,474.17,14024
2023-07-07 22:00:00,473.88,474.84,471.57,471.68,52286
2023-07-07 23:00:00,471.59,471.87,471.59,471.75,181158
2023-07-10 16:00:00,471.39,476.44,468.54,476.25,149188
2023-07-10 17:00:00,476.44,477.11,472.76,474.73,152660
2023-07-10 18:00:00,474.74,475.0,472.81,474.7,37281
2023-07-10 19:00:00,474.46,479.78,473.74,479.78,34879
2023-07-10 20:00:00,480.19,481.0,479.73,479.99,18398
2023-07-10 21:00:00,479.99,480.83,479.01,480.0,24904
2023-07-10 22:00:00,480.02,480.74,479.28,480.66,51947
2023-07-10 23:00:00,480.68,480.88,480.63,480.63,151391
2023-07-11 16:00:00,480.18,482.52,479.6,480.07,31410
2023-07-11 17:00:00,480.41,483.14,478.29,483.14,42486
2023-07-11 18:00:00,483.75,483.89,481.81,483.25,16338
2023-07-11 19:00:00,483.25,485.65,483.2,485.0,10529
2023-07-11 20:00:00,484.8,485.88,483.54,485.7,16654
2023-07-11 21:00:00,485.73,487.1,485.73,486.77,20680
2023-07-11 22:00:00,486.9,489.0,486.73,486.82,59681
2023-07-11 23:00:00,486.74,486.76,486.63,486.65,78787
2023-07-12 16:00:00,494.75,496.33,493.24,496.3,21320
2023-07-12 17:00:00,496.51,498.3,494.77,497.93,35109
2023-07-12 18:00:00,498.19,498.19,494.8,495.57,24302
2023-07-12 19:00:00,495.7,498.62,495.11,498.17,26423
2023-07-12 20:00:00,498.14,498.92,497.67,498.46,10749
2023-07-12 21:00:00,498.45,499.1,497.9,498.77,13493
2023-07-12 22:00:00,498.76,499.34,496.79,497.46,62560
2023-07-12 23:00:00,497.61,498.16,497.39,497.75,66712
2023-07-13 16:00:00,499.9,503.89,499.9,503.15,13863
2023-07-13 17:00:00,502.74,502.74,499.39,499.94,23328
2023-07-13 18:00:00,499.94,500.16,498.53,498.64,30875
2023-07-13 19:00:00,498.8,499.1,497.73,498.36,11978
2023-07-13 20:00:00,498.58,499.43,497.41,499.0,23676
2023-07-13 21:00:00,499.09,500.13,498.8,499.18,30190
2023-07-13 22:00:00,499.25,500.0,498.36,498.36,64998
2023-07-13 23:00:00,498.42,498.42,497.69,497.78,167147
2023-07-14 16:00:00,499.5,500.93,495.21,498.86,32618
2023-07-14 17:00:00,498.64,500.0,495.78,497.5,49644
2023-07-14 18:00:00,497.56,499.22,497.21,498.9,21798
2023-07-14 19:00:00,498.66,500.35,497.54,500.0,31728
2023-07-14 20:00:00,499.87,500.03,499.09,499.09,12896
2023-07-14 21:00:00,499.18,499.59,497.94,499.17,24750
2023-07-14 22:00:00,499.15,499.19,496.8,496.86,48067
2023-07-14 23:00:00,496.86,497.33,496.86,497.18,40055
2023-07-17 16:00:00,492.71,494.55,490.71,491.82,20767
2023-07-17 17:00:00,492.04,496.39,491.92,495.29,49297
2023-07-17 18:00:00,495.18,497.84,494.87,497.71,33243
2023-07-17 19:00:00,497.6,497.89,496.33,496.33,24423
2023-07-17 20:00:00,496.35,496.52,494.31,495.52,29436
2023-07-17 21:00:00,495.77,496.37,494.14,495.9,42222
2023-07-17 22:00:00,496.16,499.44,496.16,499.3,74225
2023-07-17 23:00:00,499.27,499.28,499.13,499.25,185847
2023-07-18 16:00:00,500.0,500.0,493.76,494.95,24119
2023-07-18 17:00:00,495.87,499.28,494.5,498.61,30308
2023-07-18 18:00:00,498.79,500.77,498.22,500.23,11726
2023-07-18 19:00:00,499.78,500.39,498.34,499.08,10636
2023-07-18 20:00:00,499.27,500.54,498.62,500.51,11407
2023-07-18 21:00:00,500.51,501.85,500.0,501.64,11426
2023-07-18 22:00:00,501.18,503.25,500.85,503.01,49780
2023-07-18 23:00:00,503.0,503.01,502.75,502.83,109271
2023-07-19 16:00:00,501.29,505.5,501.29,503.98,19960
2023-07-19 17:00:00,503.91,505.25,501.93,504.44,64410
2023-07-19 18:00:00,504.46,506.81,503.93,506.81,73526
2023-07-19 19:00:00,506.77,506.81,504.45,506.31,25451
2023-07-19 20:00:00,506.09,508.51,505.37,508.0,54771
2023-07-19 21:00:00,508.35,509.82,507.36,508.74,27351
2023-07-19 22:00:00,508.68,510.42,508.15,508.26,77369
2023-07-19 23:00:00,508.15,508.36,507.93,507.94,131103
2023-07-20 16:00:00,504.89,510.0,504.89,507.0,26538
2023-07-20 17:00:00,506.83,507.94,504.03,507.48,46181
2023-07-20 18:00:00,507.7,509.95,507.15,509.95,25943
2023-07-20 19:00:00,509.94,511.09,509.53,510.4,19346
2023-07-20 20:00:00,510.42,512.34,509.69,511.71,20785
2023-07-20 21:00:00,511.91,512.43,511.05,511.71,21770
2023-07-20 22:00:00,511.69,512.28,509.1,509.89,83113
2023-07-20 23:00:00,509.82,509.87,509.47,509.66,47846
2023-07-21 16:00:00,511.49,512.9,505.02,508.95,23043
2023-07-21 17:00:00,508.55,512.13,506.9,512.13,43323
2023-07-21 18:00:00,512.63,513.91,511.83,513.48,23917
2023-07-21 19:00:00,513.48,514.38,511.76,513.26,19640
2023-07-21 20:00:00,513.17,514.67,513.17,514.06,25213
2023-07-21 21:00:00,513.7,513.99,512.05,512.5,25994
2023-07-21 22:00:00,512.38,513.2,510.4,512.15,105363
2023-07-21 23:00:00,512.16,512.16,511.42,511.42,61157
2023-07-24 16:00:00,511.22,514.0,506.03,506.71,30236
2023-07-24 17:00:00,506.57,507.93,504.05,507.92,57053
2023-07-24 18:00:00,507.91,510.03,506.69,509.64,25710
2023-07-24 19:00:00,509.74,509.87,507.88,508.12,26708
2023-07-24 20:00:00,508.27,508.27,504.14,505.1,32936
2023-07-24 21:00:00,505.17,506.58,502.88,503.55,41927
2023-07-24 22:00:00,503.48,504.77,500.73,502.87,125610
2023-07-24 23:00:00,502.76,502.87,502.63,502.75,51812
2023-07-25 16:00:00,508.67,534.41,507.56,532.25,86670
2023-07-25 17:00:00,531.52,539.7,530.05,536.11,122523
2023-07-25 18:00:00,535.95,544.05,532.28,543.32,75533
2023-07-25 19:00:00,543.63,548.92,543.61,544.12,74878
2023-07-25 20:00:00,544.08,545.57,541.08,544.5,47935
2023-07-25 21:00:00,544.5,547.4,543.62,544.92,48633
2023-07-25 22:00:00,544.75,548.9,544.08,548.19,168052
2023-07-25 23:00:00,548.08,548.36,547.99,548.2,159828
2023-07-26 16:00:00,550.0,558.73,547.19,552.07,46244
2023-07-26 17:00:00,551.36,562.93,551.36,560.21,60169
2023-07-26 18:00:00,559.49,564.35,559.49,561.09,67066
2023-07-26 19:00:00,561.23,562.58,556.87,557.98,42075
2023-07-26 20:00:00,557.85,559.87,555.82,556.88,34754
2023-07-26 21:00:00,556.68,559.74,555.13,556.38,23557
2023-07-26 22:00:00,556.87,557.69,553.97,557.35,75876
2023-07-26 23:00:00,556.95,557.41,556.95,557.25,130915
2023-07-27 16:00:00,555.22,558.59,551.92,557.79,52546
2023-07-27 17:00:00,557.3,561.44,556.15,559.39,44690
2023-07-27 18:00:00,558.11,558.93,557.12,558.04,23657
2023-07-27 19:00:00,558.39,560.53,558.19,559.15,14231
2023-07-27 20:00:00,559.26,559.38,556.92,557.93,29881
2023-07-27 21:00:00,557.71,558.05,553.64,554.23,47009
2023-07-27 22:00:00,554.27,556.3,553.02,553.63,94115
2023-07-27 23:00:00,553.69,553.81,553.6,553.6,135926
2023-07-28 16:00:00,560.47,563.5,560.47,561.45,10084
2023-07-28 17:00:00,561.52,562.52,559.46,561.02,22261
2023-07-28 18:00:00,560.93,560.93,558.07,558.07,24025
2023-07-28 19:00:00,558.51,558.51,555.13,555.31,6602
2023-07-28 20:00:00,554.46,554.68,549.58,551.94,19007
2023-07-28 21:00:00,552.56,553.15,550.77,552.08,13524
2023-07-28 22:00:00,552.26,552.36,549.86,550.12,62824
2023-07-28 23:00:00,550.12,550.28,549.94,550.28,62046
2023-07-31 16:00:00,548.9,552.45,547.18,550.02,21881
2023-07-31 17:00:00,549.92,549.92,544.54,545.23,13339
2023-07-31 18:00:00,545.31,546.13,543.37,545.79,20509
2023-07-31 19:00:00,546.41,546.41,544.67,545.5,20799
2023-07-31 20:00:00,545.49,546.36,544.86,545.47,12166
2023-07-31 21:00:00,545.25,546.76,545.08,546.19,27971
2023-07-31 22:00:00,546.24,548.05,545.85,548.05,41249
2023-07-31 23:00:00,548.05,548.25,548.04,548.08,135343
2023-08-01 16:00:00,546.32,548.73,545.17,546.99,14665
2023-08-01 17:00:00,547.0,549.01,543.91,545.86,44015
2023-08-01 18:00:00,546.0,546.69,542.75,543.7,33539
2023-08-01 19:00:00,543.51,544.8,542.88,544.77,47115
2023-08-01 20:00:00,544.54,544.74,542.14,542.77,16792
2023-08-01 21:00:00,542.89,547.77,542.73,547.43,29820
2023-08-01 22:00:00,547.43,547.71,546.14,546.19,45754
2023-08-01 23:00:00,545.96,546.06,545.91,545.94,57357
2023-08-02 16:00:00,540.62,542.01,532.85,540.0,41125
2023-08-02 17:00:00,540.21,541.94,538.47,540.24,34723
2023-08-02 18:00:00,539.81,541.11,537.9,538.73,23588
2023-08-02 19:00:00,538.4,541.71,537.53,540.59,34137
2023-08-02 20:00:00,541.09,541.09,539.5,539.5,6625
2023-08-02 21:00:00,539.5,542.31,539.46,541.78,16082
2023-08-02 22:00:00,541.79,545.51,541.36,545.15,63048
2023-08-02 23:00:00,545.37,545.39,544.89,545.25,78401
2023-08-03 16:00:00,542.68,545.0,541.61,543.12,9531
2023-08-03 17:00:00,542.62,544.02,539.52,540.98,37193
2023-08-03 18:00:00,541.18,545.61,540.37,545.12,15229
2023-08-03 19:00:00,545.08,547.03,544.8,545.98,17734
2023-08-03 20:00:00,545.6,547.13,544.89,546.86,15135
2023-08-03 21:00:00,547.04,548.12,546.32,546.8,25749
2023-08-03 22:00:00,546.59,546.97,544.15,544.15,56701
2023-08-03 23:00:00,544.14,544.14,543.74,543.78,141865
2023-08-04 16:00:00,545.38,551.28,545.38,549.31,11506
2023-08-04 17:00:00,548.0,549.87,543.69,549.55,15453
2023-08-04 18:00:00,549.91,551.62,549.45,550.04,10578
2023-08-04 19:00:00,550.42,550.51,549.16,549.16,17071
2023-08-04 20:00:00,549.47,550.25,548.57,549.01,28858
2023-08-04 21:00:00,548.88,548.97,543.39,543.7,32577
2023-08-04 22:00:00,543.56,544.47,541.35,541.95,60410
2023-08-04 23:00:00,541.88,542.31,541.88,542.26,38182
2023-08-07 16:00:00,545.65,547.5,544.22,544.31,6358
2023-08-07 17:00:00,544.59,548.89,544.34,546.13,12769
2023-08-07 18:00:00,546.13,550.42,545.89,549.76,19908
2023-08-07 19:00:00,549.75,550.32,548.53,549.85,10943
2023-08-07 20:00:00,549.84,551.33,549.69,550.89,19704
2023-08-07 21:00:00,551.37,551.87,550.73,550.96,13274
2023-08-07 22:00:00,551.24,552.66,550.12,551.52,55429
2023-08-07 23:00:00,551.5,551.63,551.37,551.5,82646
2023-08-08 16:00:00,547.75,547.75,541.69,543.44,11509
2023-08-08 17:00:00,543.06,544.23,537.29,537.29,19083
2023-08-08 18:00:00,537.6,542.54,537.49,542.2,26166
2023-08-08 19:00:00,542.52,543.0,541.75,542.39,9845
2023-08-08 20:00:00,542.86,545.24,542.62,544.83,10536
2023-08-08 21:00:00,545.24,548.44,544.77,548.35,18494
2023-08-08 22:00:00,548.31,549.05,546.97,548.61,41297
2023-08-08 23:00:00,548.54,548.54,547.95,548.07,100842
2023-08-09 16:00:00,547.5,548.9,545.96,548.4,8917
2023-08-09 17:00:00,548.99,553.49,548.34,549.39,14304
2023-08-09 18:00:00,549.77,550.47,545.98,546.62,10712
2023-08-09 19:00:00,546.77,550.64,546.77,548.27,11228
2023-08-09 20:00:00,547.53,550.1,547.5,549.56,11631
2023-08-09 21:00:00,549.82,552.19,549.55,550.51,18030
2023-08-09 22:00:00,550.23,550.56,546.3,546.3,32260
2023-08-09 23:00:00,546.14,546.44,546.11,546.2,89760
2023-08-10 16:00:00,548.59,553.28,548.29,552.03,6129
2023-08-10 17:00:00,552.48,552.48,547.73,549.92,12742
2023-08-10 18:00:00,549.44,551.51,548.3,549.54,7490
2023-08-10 19:00:00,549.56,549.56,546.02,546.99,12588
2023-08-10 20:00:00,546.74,547.72,542.82,543.51,8616
2023-08-10 21:00:00,543.36,546.32,543.36,546.32,7428
2023-08-10 22:00:00,545.64,547.36,543.94,547.27,61315
2023-08-10 23:00:00,547.13,547.19,546.86,546.86,83242
2023-08-11 16:00:00,543.84,547.49,541.43,545.94,7087
2023-08-11 17:00:00,546.43,547.44,545.35,545.8,3459
2023-08-11 18:00:00,545.32,545.75,543.71,545.49,5607
2023-08-11 19:00:00,545.35,546.94,545.01,546.59,7211
2023-08-11 20:00:00,546.82,547.88,545.83,546.48,5597
2023-08-11 21:00:00,546.57,548.9,545.94,548.88,9656
2023-08-11 22:00:00,548.35,549.48,547.73,548.9,41900
2023-08-11 23:00:00,548.91,549.04,548.81,548.99,94170
2023-08-14 16:00:00,550.12,550.69,548.07,549.21,5136
2023-08-14 17:00:00,549.24,550.24,547.03,549.02,15388
2023-08-14 18:00:00,550.16,550.9,548.37,550.07,13037
2023-08-14 19:00:00,549.55,550.09,548.75,549.34,5503
2023-08-14 20:00:00,548.99,550.18,548.22,548.6,6367
2023-08-14 21:00:00,548.84,550.03,548.11,548.95,12552
2023-08-14 22:00:00,548.94,549.31,546.16,547.41,25934
2023-08-14 23:00:00,547.25,547.38,547.25,547.28,79315
2023-08-15 16:00:00,542.85,542.85,540.67,541.52,4237
2023-08-15 17:00:00,540.33,541.07,536.05,536.05,10691
2023-08-15 18:00:00,535.87,538.73,535.87,537.06,13847
2023-08-15 19:00:00,537.3,538.56,536.91,537.57,9028
2023-08-15 20:00:00,537.15,538.88,536.36,536.71,9323
2023-08-15 21:00:00,536.77,537.75,536.17,536.72,13425
2023-08-15 22:00:00,536.47,536.47,533.01,534.18,37888
2023-08-15 23:00:00,533.81,534.13,533.76,533.82,46518
2023-08-16 16:00:00,532.79,534.27,531.04,531.04,5928
2023-08-16 17:00:00,531.1,534.09,531.1,533.04,7333
2023-08-16 18:00:00,533.62,534.64,532.87,532.87,11807
2023-08-16 19:00:00,533.38,533.38,531.55,531.58,4953
2023-08-16 20:00:00,531.62,533.14,530.43,533.05,7531
2023-08-16 21:00:00,532.64,533.86,531.68,532.76,11364
2023-08-16 22:00:00,532.32,533.1,529.6,529.8,28452
2023-08-16 23:00:00,529.65,529.66,529.62,529.63,28667
2023-08-17 16:00:00,529.74,529.74,525.21,526.16,8857
2023-08-17 17:00:00,526.15,527.25,524.28,526.18,16319
2023-08-17 18:00:00,525.85,526.44,524.5,525.57,10333
2023-08-17 19:00:00,526.32,526.34,525.23,526.01,15518
2023-08-17 20:00:00,526.04,526.13,524.52,525.54,16074
2023-08-17 21:00:00,525.72,525.8,522.53,522.82,47374
2023-08-17 22:00:00,522.74,523.31,520.71,521.25,78103
2023-08-17 23:00:00,521.06,521.06,520.64,520.75,98451
2023-08-18 16:00:00,515.48,519.47,512.23,518.96,15692
2023-08-18 17:00:00,518.54,521.91,518.29,521.41,11014
2023-08-18 18:00:00,521.91,522.92,520.0,522.92,7109
2023-08-18 19:00:00,523.07,524.25,521.9,522.1,5629
2023-08-18 20:00:00,521.32,522.1,520.9,521.76,5378
2023-08-18 21:00:00,522.04,522.36,520.44,520.48,10517
2023-08-18 22:00:00,520.25,521.67,519.12,519.87,20978
2023-08-18 23:00:00,520.22,520.34,520.17,520.17,40607
2023-08-21 16:00:00,518.45,520.54,516.48,518.39,6456
2023-08-21 17:00:00,517.74,522.66,517.26,520.55,46407
2023-08-21 18:00:00,520.66,522.18,518.64,518.78,10163
2023-08-21 19:00:00,518.42,521.96,517.75,521.43,9717
2023-08-21 20:00:00,521.49,524.73,520.96,524.09,10247
2023-08-21 21:00:00,523.99,524.66,521.56,523.94,17322
2023-08-21 22:00:00,524.61,526.74,524.55,524.78,35986
2023-08-21 23:00:00,524.84,524.98,524.74,524.74,69017
2023-08-22 16:00:00,527.41,527.99,524.74,525.83,11707
2023-08-22 17:00:00,525.72,527.8,524.85,527.8,12729
2023-08-22 18:00:00,528.18,529.95,527.1,528.72,11894
2023-08-22 19:00:00,528.52,531.85,528.51,530.29,10920
2023-08-22 20:00:00,530.61,530.61,528.03,528.62,10900
2023-08-22 21:00:00,528.37,530.19,527.99,529.75,10024
2023-08-22 22:00:00,530.03,530.62,527.52,527.61,46468
2023-08-22 23:00:00,527.71,527.91,527.7,527.91,57867
2023-08-23 16:00:00,530.49,530.49,528.43,529.11,5481
2023-08-23 17:00:00,529.47,533.99,527.85,533.99,24451
2023-08-23 18:00:00,533.71,533.99,531.67,531.67,21475
2023-08-23 19:00:00,531.9,533.77,531.32,532.97,9648
2023-08-23 20:00:00,533.04,533.55,532.32,533.44,6859
2023-08-23 21:00:00,533.5,534.96,533.5,534.48,9130
2023-08-23 22:00:00,534.57,536.02,533.57,535.86,43600
2023-08-23 23:00:00,535.76,536.0,535.74,535.85,56678
2023-08-24 16:00:00,536.58,538.56,536.03,537.92,10631
2023-08-24 17:00:00,538.0,538.34,533.52,534.18,13490
2023-08-24 18:00:00,534.07,534.07,530.89,530.89,12444
2023-08-24 19:00:00,530.86,535.79,530.66,535.32,16886
2023-08-24 20:00:00,535.34,535.47,532.88,534.43,10541
2023-08-24 21:00:00,534.33,535.88,532.85,534.19,6714
2023-08-24 22:00:00,533.68,535.21,532.62,532.62,41586
2023-08-24 23:00:00,532.64,532.68,532.44,532.46,79981
2023-08-25 16:00:00,535.17,535.49,533.18,533.18,3473
2023-08-25 17:00:00,533.09,537.69,528.83,528.91,7592
2023-08-25 18:00:00,528.84,532.19,528.69,528.69,7687
2023-08-25 19:00:00,528.41,531.92,528.41,530.25,7863
2023-08-25 20:00:00,531.15,531.15,528.15,530.22,7200
2023-08-25 21:00:00,530.38,532.3,529.55,531.49,4241
2023-08-25 22:00:00,532.24,533.34,530.77,531.32,20313
2023-08-25 23:00:00,531.05,531.51,531.05,531.15,34015
2023-08-28 16:00:00,532.75,534.72,532.22,532.23,3494
2023-08-28 17:00:00,533.13,533.55,530.27,531.39,12873
2023-08-28 18:00:00,531.09,532.14,530.18,530.67,9342
2023-08-28 19:00:00,530.51,531.58,529.39,531.58,7102
2023-08-28 20:00:00,531.74,533.4,530.02,530.02,8540
2023-08-28 21:00:00,530.08,531.46,530.08,531.38,6832
2023-08-28 22:00:00,531.1,532.9,530.6,532.29,19772
2023-08-28 23:00:00,532.39,532.55,532.13,532.15,62766
2023-08-29 16:00:00,531.92,532.07,529.47,530.12,6652
2023-08-29 17:00:00,530.58,534.05,530.17,532.7,15521
2023-08-29 18:00:00,533.2,534.15,532.35,533.57,11611
2023-08-29 19:00:00,533.9,537.86,533.9,535.66,11911
2023-08-29 20:00:00,535.61,536.97,535.48,535.48,5022
2023-08-29 21:00:00,535.94,537.05,535.25,535.7,14744
2023-08-29 22:00:00,535.39,538.72,535.39,538.7,32137
2023-08-29 23:00:00,538.71,538.71,538.61,538.61,43059
2023-08-30 16:00:00,537.81,545.8,537.81,545.77,7111
2023-08-30 17:00:00,545.78,545.78,540.49,542.71,18306
2023-08-30 18:00:00,542.95,544.27,541.57,543.24,4340
2023-08-30 19:00:00,543.44,544.9,542.54,544.42,5058
2023-08-30 20:00:00,544.21,546.29,544.1,544.89,4625
2023-08-30 21:00:00,545.57,547.13,544.73,546.61,9312
2023-08-30 22:00:00,546.68,546.7,543.75,544.28,17944
2023-08-30 23:00:00,544.12,544.71,543.85,544.13,84638
2023-08-31 16:00:00,545.18,545.32,543.41,545.32,4598
2023-08-31 17:00:00,544.39,545.6,543.43,544.56,15072
2023-08-31 18:00:00,544.05,544.61,541.44,541.52,13209
2023-08-31 19:00:00,541.83,542.65,540.9,542.18,12090
2023-08-31 20:00:00,541.83,543.85,541.83,543.03,7865
2023-08-31 21:00:00,543.25,544.5,541.85,541.85,6714
2023-08-31 22:00:00,541.93,543.88,541.93,543.71,27148
2023-08-31 23:00:00,543.8,543.83,543.61,543.62,133155
2023-09-01 16:00:00,547.88,547.88,542.61,545.12,10300
2023-09-01 17:00:00,544.14,546.56,542.86,544.9,12519
2023-09-01 18:00:00,544.97,547.19,543.92,544.62,8369
2023-09-01 19:00:00,545.3,545.3,542.92,544.16,10074
2023-09-01 20:00:00,544.35,544.5,540.81,542.43,15898
2023-09-01 21:00:00,542.19,542.19,538.69,539.75,10282
2023-09-01 22:00:00,539.92,542.09,539.92,541.11,23640
2023-09-01 23:00:00,541.3,541.39,541.11,541.39,67723
2023-09-05 16:00:00,538.19,541.16,532.32,536.08,16475
2023-09-05 17:00:00,536.03,540.29,535.4,539.84,54267
2023-09-05 18:00:00,539.99,542.0,539.99,541.13,16586
2023-09-05 19:00:00,541.21,542.98,541.09,541.63,14092
2023-09-05 20:00:00,541.56,543.19,539.98,540.39,15946
2023-09-05 21:00:00,540.7,541.47,538.59,541.23,17208
2023-09-05 22:00:00,541.08,542.44,538.82,541.03,52788
2023-09-05 23:00:00,541.03,541.16,540.93,541.16,76254
2023-09-06 16:00:00,541.66,546.39,540.44,544.56,5216
2023-09-06 17:00:00,542.95,543.88,540.8,541.65,13181
2023-09-06 18:00:00,541.35,544.29,540.85,544.29,33102
2023-09-06 19:00:00,544.21,548.5,544.21,545.33,35898
2023-09-06 20:00:00,545.23,546.51,542.69,543.51,19428
2023-09-06 21:00:00,543.41,546.42,542.48,544.26,19443
2023-09-06 22:00:00,543.83,545.45,541.96,541.96,45427
2023-09-06 23:00:00,541.96,542.16,541.74,541.84,109550
2023-09-07 16:00:00,538.19,539.41,532.11,532.11,21306
2023-09-07 17:00:00,531.76,536.99,529.04,535.6,17734
2023-09-07 18:00:00,536.4,541.4,536.33,541.1,20574
2023-09-07 19:00:00,541.69,545.88,541.4,544.55,19326
2023-09-07 20:00:00,545.11,547.01,544.26,545.45,9722
2023-09-07 21:00:00,544.9,547.33,544.9,547.33,7780
2023-09-07 22:00:00,547.41,547.41,545.59,546.49,30090
2023-09-07 23:00:00,546.8,546.81,546.24,546.49,94387
2023-09-08 16:00:00,548.46,548.56,538.83,540.02,19725
2023-09-08 17:00:00,540.13,540.26,536.76,539.21,14000
2023-09-08 18:00:00,538.98,541.76,538.37,541.76,24637
2023-09-08 19:00:00,541.24,541.97,539.1,539.5,7296
2023-09-08 20:00:00,539.44,539.44,533.67,534.94,10328
2023-09-08 21:00:00,535.72,536.25,534.05,534.67,11947
2023-09-08 22:00:00,534.91,535.16,531.86,534.23,27322
2023-09-08 23:00:00,534.0,534.13,533.75,533.79,32641
2023-09-11 16:00:00,536.02,537.9,534.14,536.4,6672
2023-09-11 17:00:00,535.83,538.09,534.76,535.33,9593
2023-09-11 18:00:00,534.75,535.37,531.5,533.08,17448
2023-09-11 19:00:00,533.86,534.69,533.17,533.17,5986
2023-09-11 20:00:00,533.76,535.04,533.23,533.61,4860
2023-09-11 21:00:00,534.04,534.52,533.49,534.52,4775
2023-09-11 22:00:00,534.06,535.99,533.4,535.98,23238
2023-09-11 23:00:00,536.06,536.23,536.02,536.16,34848
2023-09-12 16:00:00,529.17,532.61,528.3,528.3,19648
2023-09-12 17:00:00,528.61,529.44,525.7,525.83,25439
2023-09-12 18:00:00,526.15,527.51,524.87,526.2,17459
2023-09-12 19:00:00,526.41,526.83,525.61,526.58,10372
2023-09-12 20:00:00,526.74,528.83,526.44,527.63,16859
2023-09-12 21:00:00,527.39,528.13,525.48,525.48,17670
2023-09-12 22:00:00,525.52,525.92,522.45,525.89,70503
2023-09-12 23:00:00,525.94,526.05,525.83,525.97,65484
2023-09-13 16:00:00,527.23,529.3,523.68,524.34,7620
2023-09-13 17:00:00,525.48,529.0,523.8,529.0,10215
2023-09-13 18:00:00,529.47,531.83,529.45,530.75,4005
2023-09-13 19:00:00,532.07,534.85,531.75,534.78,14019
2023-09-13 20:00:00,534.51,536.75,533.93,536.46,12277
2023-09-13 21:00:00,536.47,536.5,533.43,535.78,20251
2023-09-13 22:00:00,535.79,536.5,534.48,535.31,33924
2023-09-13 23:00:00,535.34,535.47,535.07,535.25,58262
2023-09-14 16:00:00,535.89,535.89,528.18,529.79,14138
2023-09-14 17:00:00,529.71,532.07,529.58,531.84,34931
2023-09-14 18:00:00,532.27,533.39,531.0,532.7,22221
2023-09-14 19:00:00,532.31,536.43,532.31,536.18,16674
2023-09-14 20:00:00,536.43,539.36,535.93,538.34,22279
2023-09-14 21:00:00,538.66,538.91,536.97,537.61,20493
2023-09-14 22:00:00,537.71,539.01,536.06,538.97,40479
2023-09-14 23:00:00,538.79,539.02,538.44,538.69,71162
2023-09-15 16:00:00,530.54,538.08,530.54,538.08,148167
2023-09-15 17:00:00,539.04,539.34,535.12,535.12,6400
2023-09-15 18:00:00,534.81,537.99,532.23,537.99,12467
2023-09-15 19:00:00,538.41,540.14,537.43,539.05,19747
2023-09-15 20:00:00,538.66,539.49,536.62,537.13,29796
2023-09-15 21:00:00,536.9,536.9,533.96,534.24,11792
2023-09-15 22:00:00,534.25,534.25,529.35,530.0,36564
2023-09-15 23:00:00,530.11,530.17,529.92,530.08,342997
2023-09-18 16:00:00,528.25,532.68,525.26,532.68,10182
2023-09-18 17:00:00,534.43,537.22,534.03,536.25,5772
2023-09-18 18:00:00,535.62,535.64,531.4,532.99,26261
2023-09-18 19:00:00,533.55,533.55,530.06,531.13,14399
2023-09-18 20:00:00,531.15,532.54,530.68,531.51,16788
2023-09-18 21:00:00,531.47,533.34,531.47,532.1,5704
2023-09-18 22:00:00,532.77,534.94,532.25,533.09,33164
2023-09-18 23:00:00,533.07,533.22,533.05,533.09,62019
2023-09-19 16:00:00,533.24,535.64,531.83,532.18,6304
2023-09-19 17:00:00,531.88,533.99,529.65,532.13,6848
2023-09-19 18:00:00,532.68,533.04,531.8,531.98,3437
2023-09-19 19:00:00,531.68,532.25,530.86,531.36,5163
2023-09-19 20:00:00,531.33,533.48,531.33,533.48,5369
2023-09-19 21:00:00,533.56,536.52,533.4,535.21,9678
2023-09-19 22:00:00,535.26,538.37,534.6,538.19,30956
2023-09-19 23:00:00,538.34,538.63,538.05,538.05,57518
2023-09-20 16:00:00,540.55,543.8,540.55,542.45,6240
2023-09-20 17:00:00,542.23,542.95,537.68,540.93,23122
2023-09-20 18:00:00,540.56,541.11,539.68,540.25,5750
2023-09-20 19:00:00,540.92,541.56,538.75,539.95,12140
2023-09-20 20:00:00,540.17,540.66,538.71,540.66,6232
2023-09-20 21:00:00,539.91,541.52,536.88,537.0,23988
2023-09-20 22:00:00,536.3,536.93,534.02,534.59,47069
2023-09-20 23:00:00,534.64,535.04,534.64,535.04,43616
2023-09-21 16:00:00,527.34,530.56,522.46,523.01,51755
2023-09-21 17:00:00,522.73,527.17,521.41,525.42,37939
2023-09-21 18:00:00,525.46,525.47,519.32,519.81,14081
2023-09-21 19:00:00,519.0,519.33,514.54,514.71,6997
2023-09-21 20:00:00,514.38,521.15,514.28,520.99,7659
2023-09-21 21:00:00,519.89,521.0,519.62,519.7,6737
2023-09-21 22:00:00,519.66,520.25,515.64,515.64,42089
2023-09-21 23:00:00,515.57,515.67,515.41,515.42,103562
2023-09-22 16:00:00,515.56,517.76,515.0,515.08,5347
2023-09-22 17:00:00,514.97,515.5,510.72,512.58,21263
2023-09-22 18:00:00,512.53,517.19,512.53,513.8,19466
2023-09-22 19:00:00,514.41,517.67,513.73,517.67,11820
2023-09-22 20:00:00,517.69,517.99,513.78,515.09,10029
2023-09-22 21:00:00,515.4,515.44,513.36,514.4,13034
2023-09-22 22:00:00,514.56,517.05,513.46,513.67,20873
2023-09-22 23:00:00,513.79,513.79,513.16,513.16,51554
2023-09-25 16:00:00,509.87,516.42,507.05,515.09,11048
2023-09-25 17:00:00,515.44,515.44,509.64,510.95,27675
2023-09-25 18:00:00,510.44,515.44,510.44,513.61,9718
2023-09-25 19:00:00,513.61,516.66,513.46,514.46,11843
2023-09-25 20:00:00,514.04,516.94,513.81,514.36,11198
2023-09-25 21:00:00,514.65,516.0,513.58,515.17,9550
2023-09-25 22:00:00,515.28,517.36,514.44,516.88,40679
2023-09-25 23:00:00,516.89,516.95,516.6,516.9,47273
2023-09-26 16:00:00,511.6,518.13,511.6,515.59,11587
2023-09-26 17:00:00,516.1,518.26,514.02,517.34,22850
2023-09-26 18:00:00,517.59,519.01,516.95,518.64,20307
2023-09-26 19:00:00,518.89,520.0,517.48,519.59,23128
2023-09-26 20:00:00,519.82,526.06,519.48,523.39,51656
2023-09-26 21:00:00,522.88,523.12,518.58,518.76,34681
2023-09-26 22:00:00,518.72,518.72,515.13,516.35,50004
2023-09-26 23:00:00,516.34,516.42,516.26,516.26,59858
2023-09-27 16:00:00,519.46,522.23,517.19,520.79,22319
2023-09-27 17:00:00,520.72,521.16,514.74,514.74,23466
2023-09-27 18:00:00,514.7,515.52,510.6,510.61,13903
2023-09-27 19:00:00,510.65,510.65,506.06,506.69,22332
2023-09-27 20:00:00,506.73,507.82,503.3,507.82,13554
2023-09-27 21:00:00,507.76,511.12,506.0,510.74,11196
2023-09-27 22:00:00,511.38,512.97,510.13,512.1,29252
2023-09-27 23:00:00,511.96,512.23,511.94,511.94,43105
2023-09-28 16:00:00,513.99,518.08,513.01,518.08,9443
2023-09-28 17:00:00,517.89,517.89,514.4,516.74,10172
2023-09-28 18:00:00,517.91,519.87,516.48,519.19,9048
2023-09-28 19:00:00,519.49,523.04,518.29,522.45,11825
2023-09-28 20:00:00,521.19,521.19,517.39,518.71,8770
2023-09-28 21:00:00,518.9,521.13,517.88,519.21,6276
2023-09-28 22:00:00,519.21,522.33,519.21,521.87,48429
2023-09-28 23:00:00,521.39,521.69,521.03,521.69,1908
2023-09-29 16:00:00,526.86,527.71,525.44,526.67,21402
2023-09-29 17:00:00,529.69,529.69,522.78,522.78,13494
2023-09-29 18:00:00,523.02,523.02,517.41,517.41,11314
2023-09-29 19:00:00,517.62,518.85,515.52,515.64,7325
2023-09-29 20:00:00,515.59,515.59,513.36,513.36,5951
2023-09-29 21:00:00,513.12,514.29,512.27,514.2,9054
2023-09-29 22:00:00,514.61,515.12,512.31,513.14,23336
2023-09-29 23:00:00,512.94,513.49,512.94,513.08,76165
2023-10-02 16:00:00,511.51,513.61,500.01,500.01,16105
2023-10-02 17:00:00,500.01,507.23,499.67,506.55,35966
2023-10-02 18:00:00,506.6,509.24,503.32,503.52,21004
2023-10-02 19:00:00,502.88,503.87,502.06,503.64,8857
2023-10-02 20:00:00,503.06,505.92,502.82,505.92,7794
2023-10-02 21:00:00,505.06,507.05,504.23,504.49,6398
2023-10-02 22:00:00,505.21,507.8,503.8,507.21,15571
2023-10-02 23:00:00,507.14,507.14,506.82,506.99,35623
2023-10-03 16:00:00,504.55,509.57,504.55,508.64,7138
2023-10-03 17:00:00,507.7,507.71,497.62,499.36,21589
2023-10-03 18:00:00,498.87,498.87,494.53,497.15,19620
2023-10-03 19:00:00,496.96,499.52,496.56,497.62,13249
2023-10-03 20:00:00,497.83,497.83,494.4,494.4,8186
2023-10-03 21:00:00,494.26,495.38,492.57,494.18,14895
2023-10-03 22:00:00,494.08,495.43,491.68,495.43,54850
2023-10-03 23:00:00,495.43,495.55,495.3,495.3,1662
2023-10-04 16:00:00,497.57,502.02,496.81,499.69,8757
2023-10-04 17:00:00,498.63,499.6,495.54,495.82,17230
2023-10-04 18:00:00,495.81,500.54,495.81,500.34,16755
2023-10-04 19:00:00,500.78,502.5,498.45,501.33,76910
2023-10-04 20:00:00,501.18,501.18,499.18,499.49,4177
2023-10-04 21:00:00,499.48,500.01,497.34,497.86,10914
2023-10-04 22:00:00,498.2,502.26,497.59,501.47,38935
2023-10-04 23:00:00,501.7,501.72,501.1,501.59,54242
2023-10-05 16:00:00,501.05,502.91,500.13,500.33,5290
2023-10-05 17:00:00,500.25,501.37,497.25,497.25,19375
2023-10-05 18:00:00,496.79,498.23,495.28,497.39,25222
2023-10-05 19:00:00,497.52,499.51,497.52,498.54,15006
2023-10-05 20:00:00,498.59,498.72,497.21,498.4,17723
2023-10-05 21:00:00,498.72,499.57,497.62,499.02,27597
2023-10-05 22:00:00,499.08,500.0,498.07,498.43,39283
2023-10-05 23:00:00,498.44,498.57,497.85,498.13,70393
2023-10-06 16:00:00,493.38,497.76,490.47,496.95,13727
2023-10-06 17:00:00,496.55,503.58,496.55,503.09,65044
2023-10-06 18:00:00,503.28,512.11,502.85,512.11,23332
2023-10-06 19:00:00,511.62,512.83,510.18,511.07,15176
2023-10-06 20:00:00,511.46,515.62,510.85,515.02,14520
2023-10-06 21:00:00,515.08,515.65,512.87,515.46,16657
2023-10-06 22:00:00,515.55,515.83,512.75,513.31,62775
2023-10-06 23:00:00,513.23,513.83,513.1,513.34,51661
2023-10-09 16:00:00,511.8,515.51,511.8,513.83,5053
2023-10-09 17:00:00,513.72,513.8,509.27,510.86,13556
2023-10-09 18:00:00,510.16,513.85,510.03,513.7,15408
2023-10-09 19:00:00,513.71,514.1,512.58,513.77,7560
2023-10-09 20:00:00,514.35,517.3,514.24,517.14,11073
2023-10-09 21:00:00,517.43,518.29,515.91,517.16,7534
2023-10-09 22:00:00,516.6,517.46,514.64,515.47,48213
2023-10-09 23:00:00,515.45,515.57,515.28,515.37,31915
2023-10-10 16:00:00,515.03,517.84,510.81,517.59,8885
2023-10-10 17:00:00,514.07,519.65,513.99,518.03,18632
2023-10-10 18:00:00,517.85,522.3,517.85,521.97,13218
2023-10-10 19:00:00,521.46,523.78,520.94,521.22,19731
2023-10-10 20:00:00,520.56,522.44,519.55,521.84,5043
2023-10-10 21:00:00,521.52,523.14,520.94,522.05,11148
2023-10-10 22:00:00,522.21,523.5,520.69,520.69,14997
2023-10-10 23:00:00,521.01,521.14,520.78,520.78,32103
2023-10-11 16:00:00,525.58,527.65,521.88,522.14,7643
2023-10-11 17:00:00,522.73,522.9,519.76,522.39,16276
2023-10-11 18:00:00,522.39,524.17,520.01,521.19,9407
2023-10-11 19:00:00,521.28,522.31,519.53,520.28,5190
2023-10-11 20:00:00,520.48,522.27,520.07,522.0,6588
2023-10-11 21:00:00,521.58,521.94,518.78,520.8,25952
2023-10-11 22:00:00,520.6,523.67,519.08,523.67,31599
2023-10-11 23:00:00,523.52,523.56,523.17,523.17,39170
2023-10-12 16:00:00,525.66,526.48,520.06,520.08,29001
2023-10-12 17:00:00,519.2,525.46,517.25,525.25,18744
2023-10-12 18:00:00,524.88,529.34,524.43,526.58,13514
2023-10-12 19:00:00,527.03,527.45,524.38,525.03,13940
2023-10-12 20:00:00,524.4,524.53,519.92,519.92,25171
2023-10-12 21:00:00,519.43,522.62,518.5,522.19,26652
2023-10-12 22:00:00,522.49,522.49,519.35,519.87,38873
2023-10-12 23:00:00,519.75,520.18,519.75,520.17,1075
2023-10-13 16:00:00,521.6,521.6,516.45,517.44,11773
2023-10-13 17:00:00,516.98,517.71,511.13,511.13,35764
2023-10-13 18:00:00,510.78,511.46,508.19,508.58,22389
2023-10-13 19:00:00,508.62,510.44,507.89,508.73,16065
2023-10-13 20:00:00,508.78,509.47,506.47,508.94,18187
2023-10-13 21:00:00,508.72,510.24,508.39,510.03,11927
2023-10-13 22:00:00,509.93,511.21,508.84,510.95,40242
2023-10-13 23:00:00,510.74,510.74,510.56,510.56,42832
2023-10-16 16:00:00,515.78,516.91,513.41,514.26,7654
2023-10-16 17:00:00,514.54,520.99,514.54,519.65,14113
2023-10-16 18:00:00,519.39,520.05,516.91,517.0,12859
2023-10-16 19:00:00,517.41,517.99,516.76,517.23,6052
2023-10-16 20:00:00,517.53,518.83,514.79,514.79,8680
2023-10-16 21:00:00,515.03,515.85,514.08,515.7,6698
2023-10-16 22:00:00,515.22,516.57,515.0,515.2,22601
2023-10-16 23:00:00,515.31,515.46,515.24,515.46,32604
2023-10-17 16:00:00,510.82,516.46,510.82,514.15,6752
2023-10-17 17:00:00,516.88,518.08,511.83,517.27,6333
2023-10-17 18:00:00,517.32,520.38,517.32,519.03,10379
2023-10-17 19:00:00,519.16,520.05,516.73,516.73,15048
2023-10-17 20:00:00,516.54,517.3,514.06,514.51,14722
2023-10-17 21:00:00,514.24,515.06,511.66,512.01,13626
2023-10-17 22:00:00,512.52,515.67,512.22,515.49,22669
2023-10-17 23:00:00,515.66,515.93,515.66,515.8,49133
2023-10-18 16:00:00,510.99,512.98,506.02,506.65,13892
2023-10-18 17:00:00,505.48,511.8,505.03,507.97,105826
2023-10-18 18:00:00,507.68,508.84,506.11,507.37,20931
2023-10-18 19:00:00,507.28,507.91,505.88,507.38,13691
2023-10-18 20:00:00,507.32,509.3,506.61,508.73,8115
2023-10-18 21:00:00,507.95,509.1,507.03,507.43,6750
2023-10-18 22:00:00,507.03,507.37,504.7,506.08,82365
2023-10-18 23:00:00,505.99,506.02,505.99,505.99,57031
2023-10-19 16:00:00,507.23,507.23,502.66,505.95,17988
2023-10-19 17:00:00,505.81,507.34,504.28,504.82,11954
2023-10-19 18:00:00,505.31,506.54,503.76,504.68,27699
2023-10-19 19:00:00,504.41,508.64,500.78,504.94,12080
2023-10-19 20:00:00,504.96,506.56,500.18,501.28,14051
2023-10-19 21:00:00,501.18,501.22,499.03,500.34,19783
2023-10-19 22:00:00,499.96,500.19,496.12,497.3,27942
2023-10-19 23:00:00,497.33,497.44,497.14,497.27,36158
2023-10-20 16:00:00,495.96,498.55,494.95,495.53,23775
2023-10-20 17:00:00,493.03,494.85,487.32,487.95,14747
2023-10-20 18:00:00,488.18,490.15,485.93,489.5,23429
2023-10-20 19:00:00,489.16,494.16,487.88,494.16,10711
2023-10-20 20:00:00,493.72,494.18,491.55,492.48,5136
2023-10-20 21:00:00,492.07,492.86,490.16,491.35,7569
2023-10-20 22:00:00,490.84,491.08,488.57,489.66,36249
2023-10-20 23:00:00,489.73,489.81,489.54,489.74,60751
2023-10-23 16:00:00,487.18,491.14,482.49,490.11,11630
2023-10-23 17:00:00,490.0,490.62,487.72,489.72,9107
2023-10-23 18:00:00,490.21,493.42,489.63,493.0,15995
2023-10-23 19:00:00,492.55,492.99,491.79,492.99,10000
2023-10-23 20:00:00,492.94,495.0,492.02,492.98,34966
2023-10-23 21:00:00,493.0,493.31,490.89,492.75,24829
2023-10-23 22:00:00,492.65,492.65,487.18,487.46,66714
2023-10-23 23:00:00,487.62,487.65,487.28,487.59,29338
2023-10-24 16:00:00,489.35,495.37,488.26,489.26,12392
2023-10-24 17:00:00,489.28,491.83,488.06,490.61,22286
2023-10-24 18:00:00,490.13,491.06,486.6,486.91,26557
2023-10-24 19:00:00,487.8,488.04,483.74,484.24,8848
2023-10-24 20:00:00,484.09,485.19,483.4,484.37,12711
2023-10-24 21:00:00,484.6,487.49,483.84,486.59,12079
2023-10-24 22:00:00,486.53,488.58,486.12,488.01,33489
2023-10-24 23:00:00,488.19,488.19,487.73,488.05,38142
2023-10-25 16:00:00,481.48,483.2,480.39,481.59,17381
2023-10-25 17:00:00,482.38,490.03,480.0,486.82,37551
2023-10-25 18:00:00,486.14,487.76,481.99,482.06,12237
2023-10-25 19:00:00,482.3,482.3,478.54,478.54,6922
2023-10-25 20:00:00,478.7,479.56,476.7,477.52,8033
2023-10-25 21:00:00,477.59,478.72,476.85,477.45,7912
2023-10-25 22:00:00,477.73,480.75,477.4,479.16,45683
2023-10-25 23:00:00,479.46,479.63,479.4,479.63,2442
2023-10-26 16:00:00,478.35,481.88,477.81,481.28,8111
2023-10-26 17:00:00,480.64,486.89,480.13,486.75,31349
2023-10-26 18:00:00,486.61,487.49,482.81,483.48,19666
2023-10-26 19:00:00,483.55,483.77,480.66,480.95,24952
2023-10-26 20:00:00,481.0,484.71,480.97,484.71,16306
2023-10-26 21:00:00,484.89,486.38,483.6,486.38,18324
2023-10-26 22:00:00,486.38,487.51,481.08,481.36,41666
2023-10-26 23:00:00,481.51,481.66,481.51,481.55,55942
2023-10-27 16:00:00,481.95,485.56,477.16,483.35,15037
2023-10-27 17:00:00,481.09,484.03,479.06,482.76,37049
2023-10-27 18:00:00,482.69,483.41,481.95,482.15,23220
2023-10-27 19:00:00,482.32,482.78,480.26,480.92,20150
2023-10-27 20:00:00,480.47,480.47,474.74,475.21,15879
2023-10-27 21:00:00,475.39,477.52,474.57,474.62,13873
2023-10-27 22:00:00,475.15,477.69,474.79,476.49,49801
2023-10-27 23:00:00,476.52,476.62,476.19,476.19,45465
2023-10-30 16:00:00,479.78,482.32,475.38,475.55,33176
2023-10-30 17:00:00,475.56,476.69,474.41,475.45,48033
2023-10-30 18:00:00,475.54,480.7,475.17,480.37,26528
2023-10-30 19:00:00,479.64,480.12,476.54,477.2,20088
2023-10-30 20:00:00,477.33,480.9,476.71,480.9,14718
2023-10-30 21:00:00,480.74,483.25,480.53,481.41,14020
2023-10-30 22:00:00,481.67,483.79,481.34,481.95,43451
2023-10-30 23:00:00,481.97,482.16,481.95,481.99,36791
2023-10-31 16:00:00,473.0,474.39,466.23,470.47,44614
2023-10-31 17:00:00,469.65,471.72,466.25,470.34,42791
2023-10-31 18:00:00,470.31,476.25,468.27,475.06,36480
2023-10-31 19:00:00,475.48,475.48,468.7,471.06,22183
2023-10-31 20:00:00,470.68,475.01,469.93,474.73,14735
2023-10-31 21:00:00,475.08,476.53,471.79,474.28,52133
2023-10-31 22:00:00,474.74,475.12,470.4,471.23,68742
2023-10-31 23:00:00,471.31,471.62,471.18,471.55,77723
2023-11-01 16:00:00,468.35,473.34,458.99,471.16,22349
2023-11-01 17:00:00,471.93,480.01,470.0,478.19,28598
2023-11-01 18:00:00,478.42,480.62,474.56,474.58,35075
2023-11-01 19:00:00,474.99,475.51,471.82,472.53,23647
2023-11-01 20:00:00,472.5,473.54,469.95,471.19,35000
2023-11-01 21:00:00,470.92,471.78,466.87,470.54,29121
2023-11-01 22:00:00,470.73,473.28,469.52,471.85,128269
2023-11-01 23:00:00,471.85,471.85,471.82,471.85,73506
2023-11-02 16:00:00,481.16,484.4,475.9,479.15,31446
2023-11-02 17:00:00,479.66,485.66,478.48,485.0,57142
2023-11-02 18:00:00,483.52,486.77,483.39,485.94,30414
2023-11-02 19:00:00,485.98,486.89,483.07,483.32,23485
2023-11-02 20:00:00,483.09,485.25,481.98,485.1,15961
2023-11-02 21:00:00,484.46,485.73,483.99,485.73,19423
2023-11-02 22:00:00,485.91,486.87,484.4,486.86,68935
2023-11-02 23:00:00,487.0,487.03,486.89,487.02,48965
2023-11-03 16:00:00,484.92,494.6,484.92,494.32,18754
2023-11-03 17:00:00,495.75,497.98,492.18,495.14,14161
2023-11-03 18:00:00,495.18,497.79,494.63,496.17,16083
2023-11-03 19:00:00,496.79,498.76,496.36,498.76,13939
2023-11-03 20:00:00,498.8,498.8,496.59,496.85,5541
2023-11-03 21:00:00,496.52,497.07,494.41,495.59,17246
2023-11-03 22:00:00,496.23,497.96,493.81,497.6,57178
2023-11-03 23:00:00,497.78,497.78,497.64,497.76,57461
2023-11-06 17:00:00,498.43,500.14,495.27,496.82,14085
2023-11-06 18:00:00,496.68,499.0,494.92,498.59,24605
2023-11-06 19:00:00,499.03,499.03,495.22,495.22,8713
2023-11-06 20:00:00,495.56,495.56,493.45,493.84,14959
2023-11-06 21:00:00,494.28,496.16,493.36,494.81,13918
2023-11-06 22:00:00,494.82,495.38,493.12,495.15,10890
2023-11-06 23:00:00,495.44,497.49,495.31,497.03,47506
2023-11-07 00:00:00,497.03,497.13,496.56,496.56,55328
2023-11-07 17:00:00,499.81,502.29,495.94,501.25,10483
2023-11-07 18:00:00,500.98,503.6,499.0,503.44,13094
2023-11-07 19:00:00,503.22,503.66,499.35,499.69,14474
2023-11-07 20:00:00,499.6,499.85,497.09,497.86,7895
2023-11-07 21:00:00,497.53,498.86,497.43,497.89,34214
2023-11-07 22:00:00,498.05,498.05,496.81,497.17,40103
2023-11-07 23:00:00,497.22,500.64,496.62,497.33,125461
2023-11-08 00:00:00,497.33,497.45,497.11,497.3,46023
2023-11-08 17:00:00,496.94,501.99,496.94,500.17,7296
2023-11-08 18:00:00,500.37,502.86,499.35,502.41,13241
2023-11-08 19:00:00,502.9,505.29,502.85,502.85,17187
2023-11-08 20:00:00,502.67,502.67,500.93,502.66,9229
2023-11-08 21:00:00,502.64,505.5,502.23,505.39,8528
2023-11-08 22:00:00,505.42,507.27,505.14,506.32,17770
2023-11-08 23:00:00,506.54,507.33,504.87,504.98,20781
2023-11-09 00:00:00,505.07,505.19,504.98,504.98,1224
2023-11-09 17:00:00,507.2,507.21,504.28,506.62,5527
2023-11-09 18:00:00,508.01,508.21,505.29,506.62,7219
2023-11-09 19:00:00,507.24,510.72,507.24,509.92,14658
2023-11-09 20:00:00,510.7,512.81,509.75,512.62,9006
2023-11-09 21:00:00,511.85,511.99,507.46,507.46,7492
2023-11-09 22:00:00,507.06,508.22,506.04,506.87,11512
2023-11-09 23:00:00,506.78,508.48,505.66,506.37,32237
2023-11-10 00:00:00,506.36,506.36,506.04,506.22,48396
2023-11-10 17:00:00,509.14,511.76,504.06,506.41,14970
2023-11-10 18:00:00,505.23,505.94,500.39,501.22,16231
2023-11-10 19:00:00,501.34,503.45,500.91,500.98,19322
2023-11-10 20:00:00,500.87,505.89,500.87,504.6,23618
2023-11-10 21:00:00,504.56,507.62,504.1,507.62,10848
2023-11-10 22:00:00,508.23,511.31,508.03,509.37,12613
2023-11-10 23:00:00,510.01,514.29,509.99,514.29,34910
2023-11-11 00:00:00,514.3,514.41,514.15,514.26,68673
2023-11-13 17:00:00,510.0,512.78,508.0,511.61,12376
2023-11-13 18:00:00,510.66,512.2,507.43,508.75,6601
2023-11-13 19:00:00,509.92,511.33,509.7,510.91,6433
2023-11-13 20:00:00,510.75,511.95,509.05,509.45,10287
2023-11-13 21:00:00,509.2,509.2,505.55,505.97,10554
2023-11-13 22:00:00,506.06,506.06,502.82,503.76,20761
2023-11-13 23:00:00,503.26,504.58,501.3,503.59,62216
2023-11-14 00:00:00,503.77,503.79,503.59,503.79,55616
2023-11-14 17:00:00,512.45,518.18,512.43,515.95,13259
2023-11-14 18:00:00,517.04,520.73,515.95,520.22,24740
2023-11-14 19:00:00,520.35,520.93,517.49,517.49,23177
2023-11-14 20:00:00,517.23,518.07,513.63,518.04,22595
2023-11-14 21:00:00,517.52,519.74,517.52,517.79,12791
2023-11-14 22:00:00,517.66,520.39,517.0,520.17,13760
2023-11-14 23:00:00,520.64,522.91,517.39,518.31,32955
2023-11-15 00:00:00,518.05,518.05,518.05,518.05,45300
2023-11-15 17:00:00,520.1,522.66,518.69,521.02,4138
2023-11-15 18:00:00,522.05,523.0,519.82,522.02,8734
2023-11-15 19:00:00,522.36,522.73,519.59,520.87,11980
2023-11-15 20:00:00,520.4,523.75,519.9,521.72,6594
2023-11-15 21:00:00,521.87,523.33,521.18,523.25,5196
2023-11-15 22:00:00,523.96,524.32,522.51,524.05,9156
2023-11-15 23:00:00,523.85,524.46,520.54,521.93,38155
2023-11-16 00:00:00,521.77,521.95,521.54,521.75,51185
2023-11-16 17:00:00,523.27,525.85,521.01,523.09,4700
2023-11-16 18:00:00,523.83,526.37,521.82,525.46,14166
2023-11-16 19:00:00,525.55,527.68,523.89,527.68,11050
2023-11-16 20:00:00,527.85,529.71,526.04,526.41,7299
2023-11-16 21:00:00,526.26,526.8,525.35,525.35,9275
2023-11-16 22:00:00,525.0,526.18,524.81,525.17,9006
2023-11-16 23:00:00,525.33,526.05,523.57,524.05,29793
2023-11-17 00:00:00,524.19,524.29,524.07,524.27,32155
2023-11-17 17:00:00,528.96,528.96,522.14,524.06,21296
2023-11-17 18:00:00,525.4,525.4,521.52,522.49,7586
2023-11-17 19:00:00,522.55,522.8,520.58,522.03,7393
2023-11-17 20:00:00,522.22,522.83,521.64,521.97,3872
2023-11-17 21:00:00,521.79,521.79,520.97,521.67,5484
2023-11-17 22:00:00,522.03,522.05,519.84,520.63,14936
2023-11-17 23:00:00,520.21,521.34,518.63,521.34,42486
2023-11-18 00:00:00,521.42,521.55,521.21,521.42,79025
2023-11-20 17:00:00,521.86,522.78,518.95,520.19,9802
2023-11-20 18:00:00,520.34,521.36,519.62,520.0,11251
2023-11-20 19:00:00,520.3,521.45,520.03,520.86,12489
2023-11-20 20:00:00,521.0,522.6,520.8,522.6,3813
2023-11-20 21:00:00,522.67,523.28,521.53,522.0,11498
2023-11-20 22:00:00,522.1,522.16,520.68,521.19,9603
2023-11-20 23:00:00,521.1,524.04,521.0,522.12,14469
2023-11-21 00:00:00,522.23,522.24,521.99,522.21,44328
2023-11-21 17:00:00,522.0,524.99,521.53,521.53,4310
2023-11-21 18:00:00,521.02,523.81,518.65,520.72,5882
2023-11-21 19:00:00,520.74,522.07,520.23,522.07,3421
2023-11-21 20:00:00,522.26,523.17,522.26,522.91,2080
2023-11-21 21:00:00,522.77,523.51,522.19,523.11,3376
2023-11-21 22:00:00,523.08,523.52,522.79,523.52,4050
2023-11-21 23:00:00,523.72,524.72,523.04,524.51,11716
2023-11-22 00:00:00,524.73,524.91,524.73,524.89,32419
2023-11-22 17:00:00,529.18,533.35,529.0,529.0,7392
2023-11-22 18:00:00,530.79,532.39,529.59,529.59,7568
2023-11-22 19:00:00,530.23,530.55,528.6,530.22,6428
2023-11-22 20:00:00,530.52,530.88,526.84,527.8,4704
2023-11-22 21:00:00,527.78,528.07,526.42,527.03,5901
2023-11-22 22:00:00,526.61,526.86,524.15,525.91,11926
2023-11-22 23:00:00,525.71,526.27,523.99,523.99,13166
2023-11-23 00:00:00,523.97,523.97,523.97,523.97,36568
2023-11-24 17:00:00,522.87,525.58,522.11,523.45,4480
2023-11-24 18:00:00,523.12,525.89,523.12,525.87,2957
2023-11-24 19:00:00,525.57,527.13,524.4,526.0,6192
2023-11-24 20:00:00,526.76,528.14,525.1,528.14,9682
2023-11-24 21:00:00,528.27,528.43,527.39,528.35,22004
2023-11-27 17:00:00,524.47,526.37,522.74,524.76,8781
2023-11-27 18:00:00,525.4,526.62,524.36,525.6,7240
2023-11-27 19:00:00,525.32,527.98,524.94,527.32,5140
2023-11-27 20:00:00,526.97,528.03,526.36,526.66,2442
2023-11-27 21:00:00,526.44,526.95,526.2,526.81,2924
2023-11-27 22:00:00,526.51,527.74,526.51,526.79,6046
2023-11-27 23:00:00,526.79,528.03,524.82,525.32,16980
2023-11-28 00:00:00,525.06,525.35,525.06,525.35,53813
2023-11-28 17:00:00,522.39,525.0,522.22,524.59,9018
2023-11-28 18:00:00,523.99,528.15,523.99,526.76,8639
2023-11-28 19:00:00,526.41,527.61,526.21,527.19,4175
2023-11-28 20:00:00,527.25,527.5,526.77,527.5,1607
2023-11-28 21:00:00,526.85,527.41,525.6,527.0,3752
2023-11-28 22:00:00,526.92,526.92,523.71,525.51,8447
2023-11-28 23:00:00,525.6,525.67,523.88,524.16,29667
2023-11-29 00:00:00,523.84,523.84,523.84,523.84,35287
2023-11-29 17:00:00,528.15,532.07,528.0,530.75,13619
2023-11-29 18:00:00,531.11,532.08,527.9,528.76,27354
2023-11-29 19:00:00,529.23,529.4,526.12,527.37,7121
2023-11-29 20:00:00,527.46,528.5,527.45,528.02,5894
2023-11-29 21:00:00,528.02,529.03,527.44,527.78,4510
2023-11-29 22:00:00,527.88,528.3,526.02,527.53,3569
2023-11-29 23:00:00,527.08,527.68,525.36,526.78,10359
2023-11-30 00:00:00,526.76,526.76,526.57,526.57,31316
2023-11-30 17:00:00,526.42,528.0,525.61,526.69,4637
2023-11-30 18:00:00,528.03,528.03,523.85,526.07,5070
2023-11-30 19:00:00,526.31,528.3,521.47,521.47,6370
2023-11-30 20:00:00,521.03,522.0,519.41,519.43,3866
2023-11-30 21:00:00,519.3,520.9,518.61,519.99,7853
2023-11-30 22:00:00,519.99,520.15,518.33,518.34,9229
2023-11-30 23:00:00,518.28,521.01,516.58,520.97,23077
2023-12-01 00:00:00,520.97,520.97,520.6,520.85,111295
2023-12-01 17:00:00,519.13,520.62,516.49,519.32,7710
2023-12-01 18:00:00,518.83,522.77,518.83,522.12,16493
2023-12-01 19:00:00,521.8,525.46,520.98,525.46,11027
2023-12-01 20:00:00,524.47,525.63,524.39,525.6,4975
2023-12-01 21:00:00,525.57,527.39,525.49,526.58,8730
2023-12-01 22:00:00,526.47,527.43,525.26,527.18,13538
2023-12-01 23:00:00,527.18,528.29,525.78,527.48,35300
2023-12-02 00:00:00,527.58,527.7,527.58,527.7,90528
2023-12-04 17:00:00,524.75,532.5,524.75,529.53,7203
2023-12-04 18:00:00,530.13,530.84,522.14,522.4,11032
2023-12-04 19:00:00,522.28,525.99,522.02,525.94,7453
2023-12-04 20:00:00,525.91,526.65,525.04,526.65,5795
2023-12-04 21:00:00,526.26,526.26,524.19,524.96,3411
2023-12-04 22:00:00,524.69,525.12,523.94,524.96,8459
2023-12-04 23:00:00,524.89,526.3,524.55,525.36,11843
2023-12-05 00:00:00,525.49,525.49,525.49,525.49,58156
2023-12-05 17:00:00,523.11,523.11,517.1,520.88,6890
2023-12-05 18:00:00,521.38,523.05,520.62,523.05,8113
2023-12-05 19:00:00,523.1,524.57,521.19,521.65,6728
2023-12-05 20:00:00,522.18,523.78,521.2,522.72,5820
2023-12-05 21:00:00,522.84,523.18,521.14,521.14,3245
2023-12-05 22:00:00,521.5,523.89,521.5,523.74,4194
2023-12-05 23:00:00,523.8,524.07,522.31,523.25,11148
2023-12-06 00:00:00,523.52,523.87,523.43,523.43,36208
2023-12-06 17:00:00,526.92,527.0,525.9,525.9,2419
2023-12-06 18:00:00,526.8,527.75,525.56,526.63,14034
2023-12-06 19:00:00,527.21,527.98,522.65,524.06,20284
2023-12-06 20:00:00,524.05,524.53,521.26,521.33,4302
2023-12-06 21:00:00,521.59,521.59,519.82,520.16,15015
2023-12-06 22:00:00,519.94,519.94,517.71,518.6,11686
2023-12-06 23:00:00,518.44,518.77,515.2,515.22,41078
2023-12-07 00:00:00,515.14,515.26,515.06,515.11,73981
2023-12-07 17:00:00,516.99,518.46,513.7,516.57,9469
2023-12-07 18:00:00,516.79,517.47,514.43,514.43,8658
2023-12-07 19:00:00,514.75,515.56,512.91,512.91,13522
2023-12-07 20:00:00,513.43,513.45,509.23,510.04,13857
2023-12-07 21:00:00,510.58,510.58,508.48,508.65,10721
2023-12-07 22:00:00,508.66,509.61,508.08,508.3,17722
2023-12-07 23:00:00,508.3,509.27,507.38,508.46,34117
2023-12-08 00:00:00,508.41,508.44,508.41,508.44,43675
2023-12-08 17:00:00,507.04,508.59,506.7,506.7,5401
2023-12-08 18:00:00,506.95,509.07,501.02,503.98,19165
2023-12-08 19:00:00,503.8,503.8,500.01,502.28,12596
2023-12-08 20:00:00,502.31,503.46,501.33,502.51,12512
2023-12-08 21:00:00,502.47,503.28,501.39,503.24,8540
2023-12-08 22:00:00,503.17,504.88,503.17,504.87,8087
2023-12-08 23:00:00,504.79,506.57,504.04,506.57,48308
2023-12-09 00:00:00,506.67,506.69,506.56,506.68,1000
2023-12-11 17:00:00,507.71,511.96,507.71,510.95,12028
2023-12-11 18:00:00,510.51,513.56,510.22,512.91,14381
2023-12-11 19:00:00,512.97,515.61,512.12,515.25,9220
2023-12-11 20:00:00,514.95,515.65,513.51,515.24,6290
2023-12-11 21:00:00,515.39,515.46,514.13,514.13,16738
2023-12-11 22:00:00,514.78,518.43,514.78,517.7,18439
2023-12-11 23:00:00,517.76,517.78,516.0,516.96,25928
2023-12-12 00:00:00,516.96,516.96,516.57,516.57,744
2023-12-12 17:00:00,518.96,518.96,513.2,515.64,7033
2023-12-12 18:00:00,515.34,518.06,513.04,516.16,11604
2023-12-12 19:00:00,516.24,516.59,514.44,516.54,7696
2023-12-12 20:00:00,516.78,520.33,516.56,520.21,4120
2023-12-12 21:00:00,519.94,521.4,519.8,521.31,2522
2023-12-12 22:00:00,520.82,521.81,520.77,521.58,5309
2023-12-12 23:00:00,521.4,526.18,521.14,526.13,61591
2023-12-13 00:00:00,526.25,526.25,526.02,526.02,68173
2023-12-13 17:00:00,534.71,546.97,533.63,540.31,82900
2023-12-13 18:00:00,540.85,540.94,535.89,536.37,32577
2023-12-13 19:00:00,536.37,538.97,533.08,534.16,20582
2023-12-13 20:00:00,534.15,534.28,529.1,530.25,14771
2023-12-13 21:00:00,530.24,531.16,529.33,530.71,15746
2023-12-13 22:00:00,531.01,543.16,530.81,542.13,33576
2023-12-13 23:00:00,542.23,546.46,541.23,546.31,92916
2023-12-14 00:00:00,546.48,546.55,546.37,546.37,99686
2023-12-14 17:00:00,551.25,559.86,551.25,553.36,35127
2023-12-14 18:00:00,553.37,555.53,545.42,546.39,39145
2023-12-14 19:00:00,546.04,547.78,544.1,547.66,19700
2023-12-14 20:00:00,547.39,547.95,543.02,543.63,14633
2023-12-14 21:00:00,542.95,543.06,538.55,542.55,17456
2023-12-14 22:00:00,542.53,545.22,542.52,545.09,22455
2023-12-14 23:00:00,545.06,545.96,542.06,542.51,49818
2023-12-15 00:00:00,542.65,542.65,542.1,542.11,1376
2023-12-15 17:00:00,541.51,541.51,532.34,534.83,77257
2023-12-15 18:00:00,535.89,537.62,533.56,535.38,21846
2023-12-15 19:00:00,535.75,536.27,532.41,533.04,31370
2023-12-15 20:00:00,533.09,534.67,531.9,532.87,17769
2023-12-15 21:00:00,531.78,534.11,530.78,530.78,14051
2023-12-15 22:00:00,530.77,531.52,528.49,529.58,30709
2023-12-15 23:00:00,529.74,532.91,528.65,531.17,35117
2023-12-16 00:00:00,531.45,531.58,531.19,531.58,155855
2023-12-18 17:00:00,531.82,536.42,526.17,527.47,17867
2023-12-18 18:00:00,528.55,530.35,525.26,529.03,33122
2023-12-18 19:00:00,528.64,529.54,526.53,528.0,14912
2023-12-18 20:00:00,528.05,529.44,527.7,529.0,36732
2023-12-18 21:00:00,529.0,529.01,527.5,528.29,14935
2023-12-18 22:00:00,528.61,529.37,527.66,527.66,25507
2023-12-18 23:00:00,528.05,532.66,527.6,532.44,51723
2023-12-19 00:00:00,532.63,532.86,532.46,532.86,64800
2023-12-19 17:00:00,535.0,539.7,534.8,538.14,11598
2023-12-19 18:00:00,538.07,543.04,537.39,541.12,19249
2023-12-19 19:00:00,541.06,542.97,540.1,541.43,9955
2023-12-19 20:00:00,541.6,544.06,541.25,542.99,8739
2023-12-19 21:00:00,542.62,542.66,540.44,542.0,6468
2023-12-19 22:00:00,542.0,543.46,541.95,542.39,6530
2023-12-19 23:00:00,542.39,544.24,542.0,542.44,23278
2023-12-20 00:00:00,542.39,542.72,542.35,542.53,73949
2023-12-20 17:00:00,541.72,545.49,541.72,542.82,9678
2023-12-20 18:00:00,543.51,551.97,543.12,551.43,13011
2023-12-20 19:00:00,551.53,555.78,551.21,555.55,22543
2023-12-20 20:00:00,555.55,555.78,551.5,552.55,12485
2023-12-20 21:00:00,552.95,552.95,548.8,549.16,11538
2023-12-20 22:00:00,549.08,549.08,540.84,542.36,10501
2023-12-20 23:00:00,542.2,544.38,540.35,540.68,25440
2023-12-21 00:00:00,540.72,540.89,540.14,540.18,72813
2023-12-21 17:00:00,544.43,546.94,541.32,543.48,12176
2023-12-21 18:00:00,544.81,548.84,543.28,547.42,14326
2023-12-21 19:00:00,547.49,549.98,546.55,549.41,17886
2023-12-21 20:00:00,549.05,549.64,545.58,545.58,11547
2023-12-21 21:00:00,545.15,548.16,544.3,548.16,5702
2023-12-21 22:00:00,548.08,549.03,547.66,549.02,7954
2023-12-21 23:00:00,549.03,553.43,548.13,553.43,37073
2023-12-22 00:00:00,553.05,553.4,552.85,553.02,38614
2023-12-22 17:00:00,554.75,559.24,554.75,556.54,9926
2023-12-22 18:00:00,556.52,560.73,556.52,560.19,19237
2023-12-22 19:00:00,559.86,560.92,559.17,560.69,11820
2023-12-22 20:00:00,560.71,561.91,560.44,561.65,13521
2023-12-22 21:00:00,562.04,562.45,561.03,561.71,5646
2023-12-22 22:00:00,561.39,561.39,557.05,560.57,13635
2023-12-22 23:00:00,560.35,562.7,559.49,562.52,43172
2023-12-23 00:00:00,562.46,562.63,562.28,562.28,45144
2023-12-26 17:00:00,562.28,563.0,562.06,562.53,2794
2023-12-26 18:00:00,562.96,563.35,558.55,558.55,13107
2023-12-26 19:00:00,558.66,560.77,558.66,559.47,4893
2023-12-26 20:00:00,559.34,559.99,558.44,558.83,2000
2023-12-26 21:00:00,559.3,559.79,558.48,559.02,1289
2023-12-26 22:00:00,559.12,561.57,558.8,561.57,4685
2023-12-26 23:00:00,561.45,563.12,560.2,561.25,10057
2023-12-27 00:00:00,560.97,561.4,560.97,561.27,21245
2023-12-27 17:00:00,561.57,565.94,561.57,564.56,3407
2023-12-27 18:00:00,564.77,564.91,562.98,564.58,5211
2023-12-27 19:00:00,563.75,565.32,563.62,564.8,8643
2023-12-27 20:00:00,564.39,566.03,564.08,564.63,3865
2023-12-27 21:00:00,564.95,566.93,564.87,565.11,3385
2023-12-27 22:00:00,564.73,565.63,564.23,565.15,5016
2023-12-27 23:00:00,565.6,565.99,564.54,565.82,16070
2023-12-28 00:00:00,565.79,565.86,565.6,565.73,36420
2023-12-28 17:00:00,566.93,571.81,566.91,569.17,9228
2023-12-28 18:00:00,568.75,571.0,568.03,569.74,12009
2023-12-28 19:00:00,569.67,570.79,568.03,569.83,5134
2023-12-28 20:00:00,569.28,569.82,568.8,569.27,6636
2023-12-28 21:00:00,568.86,569.78,568.17,569.32,5979
2023-12-28 22:00:00,569.64,573.18,569.57,572.58,7135
2023-12-28 23:00:00,572.8,572.94,569.68,570.62,38001
