datetime,open,high,low,close,volume
2007-05-24 16:30:00,24.16,24.17,24.14,24.14,3400
2007-05-24 17:00:00,24.15,24.16,24.12,24.14,3700
2007-05-24 17:30:00,24.14,24.18,23.85,23.97,44400
2007-05-24 18:00:00,23.94,24.01,23.72,23.72,16100
2007-05-24 18:30:00,23.74,23.79,23.72,23.78,14100
2007-05-24 19:00:00,23.78,23.82,23.78,23.81,33300
2007-05-24 19:30:00,23.8,23.81,23.8,23.8,1600
2007-05-24 20:00:00,23.8,23.85,23.8,23.83,4500
2007-05-24 20:30:00,23.83,23.83,23.8,23.82,4100
2007-05-24 21:00:00,23.84,23.84,23.78,23.81,1400
2007-05-24 21:30:00,23.8,23.81,23.75,23.76,9600
2007-05-24 22:00:00,23.75,23.75,23.69,23.71,11400
2007-05-24 22:30:00,23.71,23.78,23.64,23.75,296200
2007-05-25 16:30:00,23.71,23.81,23.64,23.69,20400
2007-05-25 17:00:00,23.7,23.73,23.61,23.65,12400
2007-05-25 17:30:00,23.65,23.69,23.64,23.65,58900
2007-05-25 18:00:00,23.65,23.66,23.62,23.65,8800
2007-05-25 18:30:00,23.64,23.75,23.58,23.74,22200
2007-05-25 19:00:00,23.73,24.0,23.72,23.76,7500
2007-05-25 19:30:00,23.76,23.77,23.72,23.74,4000
2007-05-25 20:00:00,23.72,23.85,23.69,23.8,10100
2007-05-25 20:30:00,23.8,23.84,23.77,23.81,110600
2007-05-25 21:00:00,23.81,23.84,23.78,23.78,9800
2007-05-25 21:30:00,23.79,23.79,23.76,23.79,36900
2007-05-25 22:00:00,23.78,23.79,23.74,23.75,13700
2007-05-25 22:30:00,23.77,23.8,23.7,23.72,147700
2007-05-29 16:30:00,23.87,23.93,23.86,23.88,24100
2007-05-29 17:00:00,23.88,23.88,23.77,23.78,25000
2007-05-29 17:30:00,23.78,23.78,23.74,23.75,304700
2007-05-29 18:00:00,23.76,23.76,23.67,23.67,13500
2007-05-29 18:30:00,23.7,23.73,23.61,23.61,14000
2007-05-29 19:00:00,23.62,23.64,23.61,23.62,4700
2007-05-29 19:30:00,23.62,23.65,23.37,23.63,37300
2007-05-29 20:00:00,23.64,23.66,23.6,23.6,5700
2007-05-29 20:30:00,23.6,23.6,23.54,23.56,8600
2007-05-29 21:00:00,23.56,23.58,23.52,23.55,6900
2007-05-29 21:30:00,23.54,23.61,23.54,23.59,15400
2007-05-29 22:00:00,23.59,23.63,23.46,23.61,54600
2007-05-29 22:30:00,23.61,23.63,23.57,23.62,41700
2007-05-30 16:30:00,23.17,23.33,23.11,23.26,46000
2007-05-30 17:00:00,23.25,23.44,23.25,23.44,38100
2007-05-30 17:30:00,23.46,23.48,23.37,23.43,24700
2007-05-30 18:00:00,23.43,23.51,23.39,23.51,16400
2007-05-30 18:30:00,23.48,23.58,23.48,23.55,52200
2007-05-30 19:00:00,23.55,23.57,23.31,23.54,65700
2007-05-30 19:30:00,23.57,23.57,23.48,23.52,63700
2007-05-30 20:00:00,23.49,23.54,23.49,23.51,26400
2007-05-30 20:30:00,23.55,23.55,23.52,23.55,21600
2007-05-30 21:00:00,23.55,23.61,23.49,23.61,66500
2007-05-30 21:30:00,23.61,23.69,23.58,23.69,13100
2007-05-30 22:00:00,23.69,23.71,23.67,23.69,30800
2007-05-30 22:30:00,23.68,23.74,23.68,23.74,36500
2007-05-31 16:30:00,23.96,24.04,23.95,24.04,18100
2007-05-31 17:00:00,24.04,24.04,23.95,23.96,91200
2007-05-31 17:30:00,23.94,24.01,23.88,24.0,23500
2007-05-31 18:00:00,23.99,24.0,23.85,23.85,98700
2007-05-31 18:30:00,23.9,23.96,23.84,23.96,16000
2007-05-31 19:00:00,23.95,23.99,23.85,23.98,37200
2007-05-31 19:30:00,23.98,24.0,23.96,24.0,28300
2007-05-31 20:00:00,24.0,24.0,23.99,24.0,13300
2007-05-31 20:30:00,23.99,24.02,23.95,23.99,48200
2007-05-31 21:00:00,24.01,24.01,23.99,24.0,13200
2007-05-31 21:30:00,24.03,24.03,24.0,24.02,6600
2007-05-31 22:00:00,24.02,24.03,24.02,24.02,5500
2007-05-31 22:30:00,24.02,24.05,24.01,24.05,69400
2007-06-01 16:30:00,24.22,24.22,24.06,24.16,17600
2007-06-01 17:00:00,24.17,24.25,24.15,24.22,13700
2007-06-01 17:30:00,24.23,24.34,24.19,24.32,21800
2007-06-01 18:00:00,24.29,24.43,24.28,24.43,18300
2007-06-01 18:30:00,24.42,24.5,24.42,24.49,9700
2007-06-01 19:00:00,24.5,24.54,24.46,24.49,32900
2007-06-01 19:30:00,24.47,24.51,24.47,24.51,61400
2007-06-01 20:00:00,24.5,24.59,24.5,24.59,62200
2007-06-01 20:30:00,24.59,24.61,24.58,24.6,8200
2007-06-01 21:00:00,24.61,24.62,24.6,24.61,23000
2007-06-01 21:30:00,24.61,24.63,24.59,24.61,105200
2007-06-01 22:00:00,24.61,24.62,24.61,24.61,47200
2007-06-01 22:30:00,24.61,24.62,24.55,24.57,51800
2007-06-04 16:30:00,24.4,24.43,24.32,24.37,52900
2007-06-04 17:00:00,24.35,24.42,24.34,24.36,6400
2007-06-04 17:30:00,24.37,24.41,24.37,24.38,3800
2007-06-04 18:00:00,24.38,24.5,24.36,24.46,11600
2007-06-04 18:30:00,24.45,24.5,24.37,24.44,24400
2007-06-04 19:00:00,24.43,24.46,24.37,24.45,6900
2007-06-04 19:30:00,24.46,24.52,24.45,24.49,10800
2007-06-04 20:00:00,24.5,24.51,24.47,24.48,18400
2007-06-04 20:30:00,24.47,24.49,24.4,24.4,9500
2007-06-04 21:00:00,24.44,24.45,24.41,24.45,1400
2007-06-04 21:30:00,24.44,24.47,24.4,24.4,7300
2007-06-04 22:00:00,24.41,24.47,24.41,24.46,11200
2007-06-04 22:30:00,24.46,24.52,24.45,24.48,24500
2007-06-05 16:30:00,24.33,24.33,24.14,24.15,25400
2007-06-05 17:00:00,24.15,24.22,24.06,24.08,14100
2007-06-05 17:30:00,24.08,24.15,24.03,24.1,55500
2007-06-05 18:00:00,24.13,24.23,24.11,24.22,12500
2007-06-05 18:30:00,24.22,24.25,24.11,24.16,38400
2007-06-05 19:00:00,24.17,24.18,24.04,24.07,35200
2007-06-05 19:30:00,24.11,24.16,24.08,24.16,20500
2007-06-05 20:00:00,24.16,24.16,24.11,24.15,11700
2007-06-05 20:30:00,24.15,24.16,24.12,24.16,43800
2007-06-05 21:00:00,24.17,24.17,24.1,24.1,10200
2007-06-05 21:30:00,24.12,24.12,24.05,24.05,46500
2007-06-05 22:00:00,24.07,24.17,24.07,24.12,41900
2007-06-05 22:30:00,24.13,24.19,24.13,24.17,26800
2007-06-06 16:30:00,24.03,24.03,23.9,23.92,52300
2007-06-06 17:00:00,23.92,23.95,23.83,23.91,31200
2007-06-06 17:30:00,23.91,23.91,23.63,23.69,60200
2007-06-06 18:00:00,23.68,23.7,23.55,23.59,49100
2007-06-06 18:30:00,23.63,23.9,23.51,23.65,16900
2007-06-06 19:00:00,23.64,23.65,23.58,23.62,8000
2007-06-06 19:30:00,23.64,23.64,23.59,23.63,6500
2007-06-06 20:00:00,23.61,23.63,23.55,23.57,33400
2007-06-06 20:30:00,23.55,23.59,23.55,23.57,10400
2007-06-06 21:00:00,23.57,23.57,23.54,23.56,5300
2007-06-06 21:30:00,23.56,23.59,23.55,23.57,11200
2007-06-06 22:00:00,23.57,23.61,23.57,23.6,25900
2007-06-06 22:30:00,23.6,23.6,23.58,23.59,5500
2007-06-07 16:30:00,23.38,23.49,23.33,23.47,21400
2007-06-07 17:00:00,23.47,23.53,23.34,23.39,44900
2007-06-07 17:30:00,23.39,23.41,23.26,23.27,54000
2007-06-07 18:00:00,23.28,23.28,23.06,23.24,45100
2007-06-07 18:30:00,23.25,23.38,23.24,23.33,15100
2007-06-07 19:00:00,23.33,23.34,23.24,23.32,13500
2007-06-07 19:30:00,23.32,23.32,23.14,23.18,26300
2007-06-07 20:00:00,23.17,23.23,23.07,23.07,13400
2007-06-07 20:30:00,23.09,23.09,23.02,23.05,58300
2007-06-07 21:00:00,23.05,23.17,23.04,23.11,69500
2007-06-07 21:30:00,23.12,23.13,23.06,23.07,23800
2007-06-07 22:00:00,23.08,23.13,23.07,23.1,23200
2007-06-07 22:30:00,23.11,23.13,22.99,23.0,58100
2007-06-08 16:30:00,22.58,22.67,22.54,22.67,46200
2007-06-08 17:00:00,22.67,22.82,22.66,22.77,56100
2007-06-08 17:30:00,22.78,22.99,22.77,22.97,30300
2007-06-08 18:00:00,22.94,22.94,22.83,22.88,52500
2007-06-08 18:30:00,22.88,23.06,22.88,23.03,16500
2007-06-08 19:00:00,23.02,23.04,22.8,23.03,17200
2007-06-08 19:30:00,23.03,23.04,22.95,22.97,11900
2007-06-08 20:00:00,22.98,23.03,22.97,23.02,13500
2007-06-08 20:30:00,23.02,23.1,22.99,23.09,11700
2007-06-08 21:00:00,23.09,23.17,23.08,23.16,14300
2007-06-08 21:30:00,23.18,23.21,23.08,23.21,30400
2007-06-08 22:00:00,23.2,23.27,23.13,23.23,39400
2007-06-08 22:30:00,23.22,23.32,23.21,23.32,28400
2007-06-11 16:30:00,23.24,23.35,23.21,23.33,12200
2007-06-11 17:00:00,23.31,23.31,23.18,23.21,34500
2007-06-11 17:30:00,23.23,23.26,23.18,23.26,11100
2007-06-11 18:00:00,23.28,23.37,23.26,23.37,14700
2007-06-11 18:30:00,23.4,23.44,23.36,23.44,9500
2007-06-11 19:00:00,23.44,23.47,23.34,23.43,6400
2007-06-11 19:30:00,23.44,23.45,23.43,23.45,2400
2007-06-11 20:00:00,23.45,23.52,23.43,23.43,4600
2007-06-11 20:30:00,23.45,23.51,23.45,23.46,2300
2007-06-11 21:00:00,23.46,23.52,23.41,23.52,6100
2007-06-11 21:30:00,23.51,23.52,23.48,23.52,5100
2007-06-11 22:00:00,23.52,23.52,23.42,23.52,4600
2007-06-11 22:30:00,23.51,23.51,23.41,23.42,9700
2007-06-12 16:30:00,23.2,23.24,23.18,23.24,5300
2007-06-12 17:00:00,23.25,23.26,23.14,23.14,4000
2007-06-12 17:30:00,23.18,23.2,23.16,23.2,2000
2007-06-12 18:00:00,23.19,23.28,23.16,23.27,6700
2007-06-12 18:30:00,23.3,23.43,23.3,23.39,4100
2007-06-12 19:00:00,23.39,23.4,23.33,23.34,4100
2007-06-12 19:30:00,23.34,23.35,23.32,23.34,3500
2007-06-12 20:00:00,23.31,23.36,23.3,23.33,4200
2007-06-12 20:30:00,23.34,23.46,23.34,23.46,4800
2007-06-12 21:00:00,23.46,23.49,23.39,23.4,17200
2007-06-12 21:30:00,23.41,23.45,23.36,23.37,40100
2007-06-12 22:00:00,23.38,23.39,23.25,23.26,111900
2007-06-12 22:30:00,23.28,23.28,23.12,23.19,104900
2007-06-13 16:30:00,23.41,23.47,23.41,23.43,23200
2007-06-13 17:00:00,23.45,23.48,23.31,23.48,29100
2007-06-13 17:30:00,23.52,23.54,23.37,23.37,53400
2007-06-13 18:00:00,23.37,23.46,23.35,23.43,27400
2007-06-13 18:30:00,23.41,23.45,23.41,23.45,5100
2007-06-13 19:00:00,23.46,23.46,23.44,23.46,2800
2007-06-13 19:30:00,23.45,23.52,23.45,23.5,9300
2007-06-13 20:00:00,23.46,23.5,23.41,23.48,20600
2007-06-13 20:30:00,23.46,23.53,23.46,23.52,6100
2007-06-13 21:00:00,23.52,23.59,23.52,23.59,17700
2007-06-13 21:30:00,23.57,23.65,23.57,23.65,4700
2007-06-13 22:00:00,23.66,23.67,23.57,23.61,19500
2007-06-13 22:30:00,23.6,23.7,23.59,23.67,37200
2007-06-14 16:30:00,23.82,24.0,23.8,23.98,212900
2007-06-14 17:00:00,24.0,24.16,23.97,24.15,96300
2007-06-14 17:30:00,24.23,24.3,24.09,24.1,67200
2007-06-14 18:00:00,24.06,24.1,23.97,24.03,136400
2007-06-14 18:30:00,24.03,24.11,23.94,24.0,54300
2007-06-14 19:00:00,24.01,24.05,23.97,24.05,3100
2007-06-14 19:30:00,24.05,24.09,24.05,24.08,11300
2007-06-14 20:00:00,24.09,24.1,24.05,24.05,14900
2007-06-14 20:30:00,24.06,24.11,24.04,24.11,72900
2007-06-14 21:00:00,24.11,24.14,24.1,24.12,21600
2007-06-14 21:30:00,24.13,24.16,24.13,24.16,32500
2007-06-14 22:00:00,24.16,24.25,24.1,24.17,23200
2007-06-14 22:30:00,24.14,24.17,24.09,24.17,107700
2007-06-15 16:30:00,24.71,24.92,24.62,24.69,200200
2007-06-15 17:00:00,24.69,24.87,24.68,24.86,53100
2007-06-15 17:30:00,24.86,24.9,24.77,24.77,31700
2007-06-15 18:00:00,24.74,24.81,24.65,24.65,42300
2007-06-15 18:30:00,24.67,24.81,24.66,24.81,21600
2007-06-15 19:00:00,24.79,24.8,24.77,24.77,12900
2007-06-15 19:30:00,24.75,24.75,24.68,24.68,31000
2007-06-15 20:00:00,24.69,24.69,24.63,24.65,15500
2007-06-15 20:30:00,24.65,24.68,24.6,24.65,33800
2007-06-15 21:00:00,24.65,24.65,24.59,24.61,25000
2007-06-15 21:30:00,24.6,24.63,24.54,24.6,35800
2007-06-15 22:00:00,24.59,24.68,24.58,24.66,53400
2007-06-15 22:30:00,24.63,24.71,24.61,24.68,244300
2007-06-18 16:30:00,24.5,24.53,24.45,24.49,23900
2007-06-18 17:00:00,24.49,24.49,24.32,24.34,14100
2007-06-18 17:30:00,24.35,24.44,24.32,24.44,7000
2007-06-18 18:00:00,24.43,24.57,24.42,24.57,9000
2007-06-18 18:30:00,24.58,24.59,24.49,24.51,11400
2007-06-18 19:00:00,24.5,24.51,24.49,24.5,10400
2007-06-18 19:30:00,24.49,24.58,24.45,24.55,14500
2007-06-18 20:00:00,24.55,24.58,24.53,24.58,4600
2007-06-18 20:30:00,24.57,24.58,24.51,24.53,12900
2007-06-18 21:00:00,24.54,24.55,24.5,24.55,6500
2007-06-18 21:30:00,24.54,24.55,24.51,24.51,5600
2007-06-18 22:00:00,24.52,24.52,24.49,24.49,5600
2007-06-18 22:30:00,24.49,24.57,24.48,24.48,15800
2007-06-19 16:30:00,24.43,24.55,24.41,24.48,16000
2007-06-19 17:00:00,24.53,24.55,24.48,24.54,3000
2007-06-19 17:30:00,24.54,24.66,24.53,24.58,10800
2007-06-19 18:00:00,24.58,24.63,24.55,24.6,3500
2007-06-19 18:30:00,24.58,24.65,24.56,24.57,6000
2007-06-19 19:00:00,24.57,24.66,24.57,24.64,79100
2007-06-19 19:30:00,24.64,24.68,24.6,24.67,2600
2007-06-19 20:00:00,24.66,24.68,24.63,24.67,2000
2007-06-19 20:30:00,24.63,24.65,24.56,24.58,5700
2007-06-19 21:00:00,24.59,24.62,24.56,24.58,1500
2007-06-19 21:30:00,24.57,24.59,24.55,24.58,3600
2007-06-19 22:00:00,24.59,24.65,24.58,24.63,3900
2007-06-19 22:30:00,24.62,24.67,24.61,24.62,7900
2007-06-20 16:30:00,25.49,25.53,25.25,25.25,424800
2007-06-20 17:00:00,25.25,25.4,25.24,25.36,156200
2007-06-20 17:30:00,25.36,25.5,25.35,25.44,68100
2007-06-20 18:00:00,25.44,25.57,25.44,25.55,30400
2007-06-20 18:30:00,25.54,25.55,25.41,25.44,41300
2007-06-20 19:00:00,25.47,25.48,25.41,25.44,71200
2007-06-20 19:30:00,25.44,25.53,25.4,25.49,63400
2007-06-20 20:00:00,25.5,25.53,25.46,25.5,106500
2007-06-20 20:30:00,25.51,25.53,25.5,25.53,34700
2007-06-20 21:00:00,25.52,25.53,25.43,25.47,44300
2007-06-20 21:30:00,25.49,25.49,25.41,25.46,87300
2007-06-20 22:00:00,25.45,25.47,25.4,25.43,567000
2007-06-20 22:30:00,25.42,25.5,25.35,25.4,265400
2007-06-21 16:30:00,25.34,25.37,24.34,25.31,124100
2007-06-21 17:00:00,25.31,25.51,25.29,25.47,132200
2007-06-21 17:30:00,25.44,25.54,25.42,25.54,235600
2007-06-21 18:00:00,25.54,25.67,25.53,25.67,58100
2007-06-21 18:30:00,25.69,25.74,25.42,25.44,30600
2007-06-21 19:00:00,25.44,25.49,25.4,25.49,22800
2007-06-21 19:30:00,25.49,25.6,25.44,25.58,60400
2007-06-21 20:00:00,25.55,25.76,25.55,25.74,93600
2007-06-21 20:30:00,25.74,25.8,25.72,25.8,8000
2007-06-21 21:00:00,25.8,25.8,25.74,25.76,5800
2007-06-21 21:30:00,25.77,25.78,25.67,25.76,41700
2007-06-21 22:00:00,25.76,25.89,25.74,25.89,117500
2007-06-21 22:30:00,25.89,26.2,25.88,26.06,251400
2007-06-22 16:30:00,25.98,26.1,25.97,26.1,106400
2007-06-22 17:00:00,26.1,26.1,26.03,26.08,67300
2007-06-22 17:30:00,26.07,26.08,26.0,26.05,54400
2007-06-22 18:00:00,26.04,26.14,26.0,26.14,32500
2007-06-22 18:30:00,26.14,26.17,26.07,26.1,10600
2007-06-22 19:00:00,26.12,26.18,26.02,26.05,32700
2007-06-22 19:30:00,26.03,26.06,25.98,26.01,199700
2007-06-22 20:00:00,26.0,26.0,25.94,26.0,123200
2007-06-22 20:30:00,26.0,26.11,25.97,26.01,73400
2007-06-22 21:00:00,26.01,26.01,25.94,25.99,36100
2007-06-22 21:30:00,25.99,26.01,25.93,26.0,78900
2007-06-22 22:00:00,26.01,26.04,25.98,26.01,21200
2007-06-22 22:30:00,26.0,26.09,25.96,26.03,196700
2007-06-25 16:30:00,26.11,26.11,25.87,26.0,145200
2007-06-25 17:00:00,26.01,26.1,26.01,26.06,57000
2007-06-25 17:30:00,26.07,26.13,26.03,26.13,60600
2007-06-25 18:00:00,26.12,26.18,26.12,26.14,35000
2007-06-25 18:30:00,26.15,26.24,26.08,26.11,39500
2007-06-25 19:00:00,26.12,26.26,26.05,26.22,23000
2007-06-25 19:30:00,26.2,26.23,26.15,26.15,14300
2007-06-25 20:00:00,26.17,26.18,26.11,26.11,6200
2007-06-25 20:30:00,26.16,26.17,26.13,26.14,11500
2007-06-25 21:00:00,26.15,26.3,26.05,26.05,75800
2007-06-25 21:30:00,26.05,26.05,25.9,25.96,339500
2007-06-25 22:00:00,25.97,26.0,25.9,25.95,210900
2007-06-25 22:30:00,25.96,26.02,25.9,26.02,121300
2007-06-26 16:30:00,26.22,26.42,26.21,26.34,90400
2007-06-26 17:00:00,26.3,26.31,26.11,26.11,158900
2007-06-26 17:30:00,26.13,26.3,26.08,26.1,160600
2007-06-26 18:00:00,26.09,26.17,26.06,26.17,36700
2007-06-26 18:30:00,26.16,26.18,26.11,26.15,73700
2007-06-26 19:00:00,26.15,26.23,26.15,26.23,39900
2007-06-26 19:30:00,26.24,26.24,26.19,26.2,49500
2007-06-26 20:00:00,26.18,26.25,26.18,26.2,36600
2007-06-26 20:30:00,26.2,26.2,26.14,26.16,35900
2007-06-26 21:00:00,26.16,26.2,26.05,26.09,81900
2007-06-26 21:30:00,26.11,26.12,26.0,26.05,58100
2007-06-26 22:00:00,26.02,26.11,26.0,26.11,58800
2007-06-26 22:30:00,26.11,26.13,26.05,26.1,179700
2007-06-27 16:30:00,25.56,25.62,25.48,25.62,237300
2007-06-27 17:00:00,25.61,25.61,25.55,25.57,136500
2007-06-27 17:30:00,25.57,25.67,25.57,25.65,80300
2007-06-27 18:00:00,25.63,25.67,25.61,25.67,49100
2007-06-27 18:30:00,25.67,25.83,25.64,25.8,87500
2007-06-27 19:00:00,25.75,25.79,25.75,25.78,66700
2007-06-27 19:30:00,25.79,25.9,25.79,25.89,90200
2007-06-27 20:00:00,25.87,26.52,25.87,26.02,148000
2007-06-27 20:30:00,26.0,26.09,26.0,26.04,29600
2007-06-27 21:00:00,26.05,26.19,26.04,26.19,27000
2007-06-27 21:30:00,26.19,26.25,26.18,26.21,58400
2007-06-27 22:00:00,26.21,26.24,26.2,26.24,52900
2007-06-27 22:30:00,26.25,26.32,26.24,26.3,133800
2007-06-28 16:30:00,25.85,25.91,25.83,25.87,88300
2007-06-28 17:00:00,25.88,26.02,25.88,25.97,89200
2007-06-28 17:30:00,25.96,26.01,25.95,25.98,102200
2007-06-28 18:00:00,25.99,26.0,25.92,25.94,57800
2007-06-28 18:30:00,25.94,26.19,25.92,26.19,75900
2007-06-28 19:00:00,26.18,26.25,26.16,26.2,44900
2007-06-28 19:30:00,26.17,26.28,26.16,26.25,34000
2007-06-28 20:00:00,26.26,26.26,26.21,26.23,31000
2007-06-28 20:30:00,26.23,26.34,26.21,26.31,35800
2007-06-28 21:00:00,26.29,26.4,26.25,26.34,54600
2007-06-28 21:30:00,26.33,26.35,26.2,26.3,76900
2007-06-28 22:00:00,26.29,26.3,26.23,26.26,72400
2007-06-28 22:30:00,26.24,26.34,26.19,26.19,66600
2007-06-29 16:30:00,26.0,26.17,26.0,26.13,105700
2007-06-29 17:00:00,26.13,26.2,26.1,26.12,39500
2007-06-29 17:30:00,26.12,26.18,26.07,26.1,46400
2007-06-29 18:00:00,26.1,26.18,25.98,26.18,47600
2007-06-29 18:30:00,26.11,26.14,26.03,26.04,20500
2007-06-29 19:00:00,26.05,26.08,26.0,26.03,11700
2007-06-29 19:30:00,26.02,26.06,25.99,26.04,22500
2007-06-29 20:00:00,26.03,26.04,26.02,26.03,8100
2007-06-29 20:30:00,26.02,26.04,25.95,25.98,20700
2007-06-29 21:00:00,25.97,25.98,25.92,25.93,14900
2007-06-29 21:30:00,25.94,26.0,25.93,25.95,16600
2007-06-29 22:00:00,25.95,25.95,25.72,25.72,34800
2007-06-29 22:30:00,25.7,25.93,25.68,25.85,136400
2007-07-02 16:30:00,26.01,26.11,26.01,26.1,40900
2007-07-02 17:00:00,26.1,26.27,26.1,26.24,44600
2007-07-02 17:30:00,26.24,26.45,26.24,26.45,157500
2007-07-02 18:00:00,26.45,26.52,26.3,26.3,166500
2007-07-02 18:30:00,26.32,26.39,26.29,26.31,57500
2007-07-02 19:00:00,26.32,26.61,26.32,26.41,86400
2007-07-02 19:30:00,26.41,26.43,26.39,26.39,22300
2007-07-02 20:00:00,26.39,26.43,26.38,26.4,8500
2007-07-02 20:30:00,26.41,26.51,26.4,26.47,10700
2007-07-02 21:00:00,26.47,26.49,26.39,26.4,13700
2007-07-02 21:30:00,26.4,26.4,26.35,26.38,46300
2007-07-02 22:00:00,26.38,26.43,26.36,26.38,3400
2007-07-02 22:30:00,26.38,26.4,26.38,26.4,37500
2007-07-03 16:30:00,26.79,26.97,26.79,26.93,62100
2007-07-03 17:00:00,26.91,26.95,26.86,26.94,38900
2007-07-03 17:30:00,26.93,26.96,26.86,26.87,88000
2007-07-03 18:00:00,26.89,26.98,26.86,26.98,79000
2007-07-03 18:30:00,26.98,27.01,26.98,27.0,150400
2007-07-03 19:00:00,27.0,27.01,26.96,27.0,55700
2007-07-03 19:30:00,27.02,27.14,27.01,27.13,123600
2007-07-03 20:00:00,27.13,27.13,26.96,26.96,5000
2007-07-05 16:30:00,26.84,26.9,26.78,26.84,26300
2007-07-05 17:00:00,26.83,26.83,26.65,26.71,13100
2007-07-05 17:30:00,26.74,26.91,26.7,26.75,23500
2007-07-05 18:00:00,26.75,26.79,26.64,26.79,19100
2007-07-05 18:30:00,26.78,26.87,26.78,26.8,16500
2007-07-05 19:00:00,26.8,26.81,26.69,26.69,11500
2007-07-05 19:30:00,26.69,26.7,26.66,26.68,15400
2007-07-05 20:00:00,26.69,26.69,26.67,26.68,3800
2007-07-05 20:30:00,26.69,26.78,26.68,26.78,16800
2007-07-05 21:00:00,26.73,26.8,26.71,26.77,14800
2007-07-05 21:30:00,26.76,26.8,26.73,26.74,22000
2007-07-05 22:00:00,26.74,26.8,26.71,26.74,23300
2007-07-05 22:30:00,26.74,26.74,26.69,26.73,57400
2007-07-06 16:30:00,26.32,26.34,26.25,26.32,13800
2007-07-06 17:00:00,26.35,26.57,26.35,26.56,23000
2007-07-06 17:30:00,26.56,26.57,26.41,26.41,23500
2007-07-06 18:00:00,26.41,26.56,26.41,26.56,12800
2007-07-06 18:30:00,26.54,26.6,26.51,26.57,11300
2007-07-06 19:00:00,26.55,26.57,26.53,26.56,39200
2007-07-06 19:30:00,26.56,26.6,26.56,26.58,5600
2007-07-06 20:00:00,26.56,26.6,26.56,26.59,11500
2007-07-06 20:30:00,26.59,26.71,26.59,26.67,11000
2007-07-06 21:00:00,26.67,26.67,26.57,26.64,15700
2007-07-06 21:30:00,26.64,26.65,26.61,26.62,13700
2007-07-06 22:00:00,26.63,26.64,26.61,26.62,8600
2007-07-06 22:30:00,26.62,26.63,26.57,26.6,68400
2007-07-09 16:30:00,26.3,26.36,26.3,26.32,27300
2007-07-09 17:00:00,26.3,26.32,26.25,26.27,10100
2007-07-09 17:30:00,26.28,26.29,26.18,26.18,9100
2007-07-09 18:00:00,26.16,26.27,26.16,26.26,5900
2007-07-09 18:30:00,26.27,26.33,26.23,26.25,19400
2007-07-09 19:00:00,26.24,26.27,26.2,26.23,24700
2007-07-09 19:30:00,26.24,26.3,26.23,26.26,14300
2007-07-09 20:00:00,26.27,26.27,26.24,26.27,8400
2007-07-09 20:30:00,26.28,26.36,26.27,26.35,13000
2007-07-09 21:00:00,26.35,26.36,26.32,26.33,23600
2007-07-09 21:30:00,26.32,26.39,26.32,26.36,14900
2007-07-09 22:00:00,26.37,26.37,26.32,26.34,22400
2007-07-09 22:30:00,26.33,26.36,26.3,26.31,22100
2007-07-10 16:30:00,26.13,26.13,25.81,26.02,38400
2007-07-10 17:00:00,26.02,26.06,25.99,26.0,9200
2007-07-10 17:30:00,25.99,26.02,25.91,26.01,14600
2007-07-10 18:00:00,26.0,26.13,25.97,26.13,50000
2007-07-10 18:30:00,26.13,26.15,26.05,26.07,26000
2007-07-10 19:00:00,26.11,26.14,26.06,26.07,45500
2007-07-10 19:30:00,26.06,26.1,26.05,26.07,13800
2007-07-10 20:00:00,26.07,26.1,26.02,26.03,12900
2007-07-10 20:30:00,26.02,26.06,25.85,25.93,77300
2007-07-10 21:00:00,25.95,26.01,25.9,25.98,98800
2007-07-10 21:30:00,25.98,26.01,25.96,25.98,19200
2007-07-10 22:00:00,25.98,26.0,25.89,25.93,42200
2007-07-10 22:30:00,25.93,25.94,25.82,25.87,191900
2007-07-11 16:30:00,26.1,26.2,25.81,25.88,41900
2007-07-11 17:00:00,25.86,26.05,25.79,26.05,30400
2007-07-11 17:30:00,26.06,26.08,25.93,26.04,27900
2007-07-11 18:00:00,26.01,26.13,26.01,26.1,19800
2007-07-11 18:30:00,26.1,26.11,25.97,26.0,18500
2007-07-11 19:00:00,26.0,26.05,26.0,26.03,26900
2007-07-11 19:30:00,26.03,26.06,26.03,26.04,18000
2007-07-11 20:00:00,26.04,26.07,26.04,26.04,7800
2007-07-11 20:30:00,26.06,26.12,26.06,26.06,17000
2007-07-11 21:00:00,26.06,26.08,26.01,26.07,32200
2007-07-11 21:30:00,26.08,26.08,25.99,26.01,20600
2007-07-11 22:00:00,26.01,26.1,26.0,26.09,15900
2007-07-11 22:30:00,26.08,26.14,26.07,26.14,25600
2007-07-12 16:30:00,26.24,26.43,26.21,26.31,15700
2007-07-12 17:00:00,26.31,26.46,26.31,26.43,155100
2007-07-12 17:30:00,26.42,26.54,26.41,26.53,87900
2007-07-12 18:00:00,26.53,26.9,26.46,26.77,85300
2007-07-12 18:30:00,26.71,26.73,26.6,26.72,45900
2007-07-12 19:00:00,26.71,26.79,26.67,26.79,4400
2007-07-12 19:30:00,26.75,26.8,26.71,26.79,27000
2007-07-12 20:00:00,26.77,26.84,26.77,26.84,6600
2007-07-12 20:30:00,26.81,26.89,26.81,26.81,31300
2007-07-12 21:00:00,26.84,26.84,26.75,26.78,8500
2007-07-12 21:30:00,26.78,26.82,26.76,26.81,16700
2007-07-12 22:00:00,26.81,26.85,26.8,26.83,26500
2007-07-12 22:30:00,26.83,26.93,26.82,26.9,28400
2007-07-13 16:30:00,27.05,27.06,27.02,27.02,37900
2007-07-13 17:00:00,27.05,27.08,27.02,27.06,51100
2007-07-13 17:30:00,27.04,27.09,27.03,27.08,25300
2007-07-13 18:00:00,27.08,27.22,27.06,27.21,193900
2007-07-13 18:30:00,27.2,27.2,27.1,27.1,95900
2007-07-13 19:00:00,27.1,27.12,27.1,27.1,11300
2007-07-13 19:30:00,27.1,27.13,27.1,27.12,9100
2007-07-13 20:00:00,27.12,27.13,27.09,27.09,2500
2007-07-13 20:30:00,27.09,27.13,27.09,27.11,3200
2007-07-13 21:00:00,27.12,27.18,27.11,27.16,34000
2007-07-13 21:30:00,27.16,27.24,27.12,27.21,62900
2007-07-13 22:00:00,27.24,27.25,27.19,27.23,28400
2007-07-13 22:30:00,27.24,27.26,27.17,27.18,162500
2007-07-16 16:30:00,27.14,27.14,27.1,27.11,75300
2007-07-16 17:00:00,27.1,27.16,27.1,27.11,66900
2007-07-16 17:30:00,27.12,27.12,27.04,27.07,85200
2007-07-16 18:00:00,27.05,27.17,27.01,27.17,70000
2007-07-16 18:30:00,27.14,27.22,27.11,27.19,35500
2007-07-16 19:00:00,27.19,27.22,27.1,27.16,30000
2007-07-16 19:30:00,27.16,27.22,27.14,27.21,42000
2007-07-16 20:00:00,27.23,27.24,27.2,27.2,66500
2007-07-16 20:30:00,27.21,27.21,27.1,27.11,37800
2007-07-16 21:00:00,27.11,27.12,27.03,27.11,24100
2007-07-16 21:30:00,27.11,27.17,27.05,27.14,29300
2007-07-16 22:00:00,27.13,27.21,27.12,27.19,4900
2007-07-16 22:30:00,27.17,27.17,27.1,27.13,19100
2007-07-17 16:30:00,26.73,26.77,26.71,26.72,36500
2007-07-17 17:00:00,26.72,26.75,26.65,26.75,53700
2007-07-17 17:30:00,26.74,26.78,26.71,26.73,6600
2007-07-17 18:00:00,26.73,26.76,26.69,26.72,31600
2007-07-17 18:30:00,26.72,26.76,26.71,26.75,6400
2007-07-17 19:00:00,26.74,26.76,26.7,26.71,9600
2007-07-17 19:30:00,26.71,26.73,26.66,26.7,22700
2007-07-17 20:00:00,26.7,26.73,26.7,26.72,3200
2007-07-17 20:30:00,26.72,26.78,26.71,26.75,14400
2007-07-17 21:00:00,26.77,26.83,26.77,26.82,35800
2007-07-17 21:30:00,26.83,26.9,26.83,26.87,48800
2007-07-17 22:00:00,26.87,26.91,26.86,26.9,89000
2007-07-17 22:30:00,26.91,26.91,26.8,26.84,22500
2007-07-18 16:30:00,26.57,26.64,26.51,26.61,10600
2007-07-18 17:00:00,26.62,26.66,26.53,26.62,14500
2007-07-18 17:30:00,26.63,26.68,26.53,26.6,51900
2007-07-18 18:00:00,26.58,26.59,26.45,26.45,213600
2007-07-18 18:30:00,26.41,26.47,26.38,26.4,44200
2007-07-18 19:00:00,26.4,26.45,26.32,26.36,87400
2007-07-18 19:30:00,26.37,26.51,26.36,26.5,110400
2007-07-18 20:00:00,26.5,26.5,26.42,26.45,37300
2007-07-18 20:30:00,26.46,26.54,26.45,26.5,45100
2007-07-18 21:00:00,26.5,26.55,26.46,26.47,44300
2007-07-18 21:30:00,26.46,26.5,26.43,26.45,43800
2007-07-18 22:00:00,26.46,26.61,26.45,26.6,239500
2007-07-18 22:30:00,26.6,26.8,26.59,26.77,117800
2007-07-19 16:30:00,26.86,26.97,26.86,26.95,11600
2007-07-19 17:00:00,26.93,26.94,26.87,26.89,8100
2007-07-19 17:30:00,26.89,26.9,26.74,26.79,30200
2007-07-19 18:00:00,26.77,26.9,26.77,26.88,31500
2007-07-19 18:30:00,26.89,26.95,26.86,26.91,22100
2007-07-19 19:00:00,26.92,26.94,26.9,26.94,3900
2007-07-19 19:30:00,26.93,26.95,26.9,26.95,4700
2007-07-19 20:00:00,26.96,27.0,26.95,26.97,4400
2007-07-19 20:30:00,26.96,26.98,26.84,26.96,11400
2007-07-19 21:00:00,26.95,26.96,26.88,26.9,13000
2007-07-19 21:30:00,26.91,26.95,26.89,26.92,64100
2007-07-19 22:00:00,26.92,26.96,26.88,26.95,24400
2007-07-19 22:30:00,26.95,27.0,26.92,26.93,35600
2007-07-20 16:30:00,26.87,26.87,26.69,26.76,75400
2007-07-20 17:00:00,26.76,26.84,26.7,26.8,33900
2007-07-20 17:30:00,26.81,26.86,26.74,26.8,70000
2007-07-20 18:00:00,26.81,26.82,26.72,26.81,90300
2007-07-20 18:30:00,26.81,26.83,26.67,26.8,51200
2007-07-20 19:00:00,26.8,26.8,26.72,26.8,32300
2007-07-20 19:30:00,26.82,26.82,26.67,26.7,18500
2007-07-20 20:00:00,26.7,26.78,26.7,26.75,18900
2007-07-20 20:30:00,26.76,26.79,26.75,26.78,10500
2007-07-20 21:00:00,26.79,26.85,26.76,26.79,17900
2007-07-20 21:30:00,26.8,26.81,26.72,26.77,17300
2007-07-20 22:00:00,26.76,26.77,26.64,26.76,56300
2007-07-20 22:30:00,26.74,26.8,26.62,26.75,258800
2007-07-23 16:30:00,26.7,26.74,26.67,26.68,17700
2007-07-23 17:00:00,26.67,26.72,26.62,26.68,9700
2007-07-23 17:30:00,26.69,26.72,26.66,26.72,6800
2007-07-23 18:00:00,26.73,26.84,26.71,26.83,22900
2007-07-23 18:30:00,26.83,26.9,26.72,26.73,12400
2007-07-23 19:00:00,26.73,26.74,26.68,26.69,18300
2007-07-23 19:30:00,26.68,26.72,26.64,26.64,13100
2007-07-23 20:00:00,26.65,26.71,26.61,26.65,16000
2007-07-23 20:30:00,26.65,26.68,26.64,26.64,7600
2007-07-23 21:00:00,26.59,26.67,26.57,26.63,36000
2007-07-23 21:30:00,26.64,26.72,26.63,26.63,25600
2007-07-23 22:00:00,26.64,26.68,26.63,26.66,29100
2007-07-23 22:30:00,26.66,26.67,26.54,26.55,42400
2007-07-24 16:30:00,26.52,26.52,26.4,26.42,17600
2007-07-24 17:00:00,26.42,26.45,26.35,26.38,28500
2007-07-24 17:30:00,26.38,26.5,26.35,26.47,34300
2007-07-24 18:00:00,26.47,26.5,26.4,26.4,47000
2007-07-24 18:30:00,26.36,26.41,26.26,26.32,38200
2007-07-24 19:00:00,26.32,26.35,26.29,26.35,21300
2007-07-24 19:30:00,26.33,26.38,26.32,26.32,4800
2007-07-24 20:00:00,26.33,26.35,26.27,26.27,11900
2007-07-24 20:30:00,26.27,26.31,26.2,26.22,15800
2007-07-24 21:00:00,26.21,26.22,26.15,26.16,26500
2007-07-24 21:30:00,26.16,26.17,26.09,26.1,38200
2007-07-24 22:00:00,26.1,26.1,25.97,25.97,41600
2007-07-24 22:30:00,25.97,25.97,25.85,25.92,47000
2007-07-25 16:30:00,26.31,26.31,26.18,26.18,57000
2007-07-25 17:00:00,26.2,26.21,26.04,26.15,46900
2007-07-25 17:30:00,26.16,26.19,25.72,25.95,72100
2007-07-25 18:00:00,25.93,26.01,25.89,25.92,70100
2007-07-25 18:30:00,25.86,26.14,25.85,25.91,12000
2007-07-25 19:00:00,25.91,25.91,25.86,25.89,9700
2007-07-25 19:30:00,25.9,25.94,25.86,25.92,17800
2007-07-25 20:00:00,25.92,25.92,25.81,25.83,8100
2007-07-25 20:30:00,25.82,25.89,25.8,25.83,15700
2007-07-25 21:00:00,25.81,25.86,25.75,25.85,85800
2007-07-25 21:30:00,25.85,25.87,25.8,25.85,30500
2007-07-25 22:00:00,25.85,26.07,25.85,26.02,21600
2007-07-25 22:30:00,26.03,26.06,25.95,26.04,13300
2007-07-26 16:30:00,25.0,25.19,25.0,25.19,74700
2007-07-26 17:00:00,25.18,25.28,25.16,25.23,18000
2007-07-26 17:30:00,25.23,25.27,25.16,25.25,20600
2007-07-26 18:00:00,25.25,25.25,24.86,24.86,55100
2007-07-26 18:30:00,24.87,24.89,24.76,24.83,15300
2007-07-26 19:00:00,24.84,24.86,24.8,24.82,12600
2007-07-26 19:30:00,24.81,24.81,24.58,24.73,24100
2007-07-26 20:00:00,24.71,24.8,24.53,24.64,82400
2007-07-26 20:30:00,24.65,24.73,24.54,24.57,34700
2007-07-26 21:00:00,24.56,24.6,24.35,24.36,37700
2007-07-26 21:30:00,24.37,24.51,24.34,24.49,29000
2007-07-26 22:00:00,24.5,25.38,24.41,24.83,181700
2007-07-26 22:30:00,24.82,24.82,24.75,24.8,58700
2007-07-27 16:30:00,24.44,24.79,24.3,24.51,29600
2007-07-27 17:00:00,24.51,24.8,24.49,24.75,41800
2007-07-27 17:30:00,24.73,24.77,24.51,24.51,27100
2007-07-27 18:00:00,24.54,24.8,24.54,24.72,43400
2007-07-27 18:30:00,24.7,24.7,24.5,24.54,12900
2007-07-27 19:00:00,24.53,24.53,24.41,24.52,16600
2007-07-27 19:30:00,24.52,24.6,24.42,24.53,10800
2007-07-27 20:00:00,24.53,24.65,24.51,24.6,28500
2007-07-27 20:30:00,24.59,24.81,24.58,24.8,8600
2007-07-27 21:00:00,24.77,24.77,24.55,24.55,12300
2007-07-27 21:30:00,24.57,24.73,24.57,24.73,8300
2007-07-27 22:00:00,24.73,24.75,24.65,24.68,33100
2007-07-27 22:30:00,24.68,24.68,24.4,24.4,71000
2007-07-30 16:30:00,24.52,24.53,24.35,24.43,17200
2007-07-30 17:00:00,24.45,24.65,24.45,24.63,17900
2007-07-30 17:30:00,24.62,24.62,24.42,24.51,36800
2007-07-30 18:00:00,24.53,24.66,24.45,24.47,38600
2007-07-30 18:30:00,24.46,24.56,24.38,24.48,37800
2007-07-30 19:00:00,24.46,24.47,24.43,24.44,16300
2007-07-30 19:30:00,24.45,24.61,24.45,24.61,8700
2007-07-30 20:00:00,24.59,24.6,24.52,24.56,9100
2007-07-30 20:30:00,24.53,24.7,24.45,24.67,47900
2007-07-30 21:00:00,24.66,24.68,24.64,24.65,11000
2007-07-30 21:30:00,24.65,24.69,24.63,24.67,16700
2007-07-30 22:00:00,24.67,24.76,24.65,24.76,12500
2007-07-30 22:30:00,24.75,24.76,24.63,24.7,34300
2007-07-31 16:30:00,25.46,25.49,25.38,25.49,35400
2007-07-31 17:00:00,25.48,25.54,25.31,25.35,49500
2007-07-31 17:30:00,25.34,25.4,25.33,25.4,33600
2007-07-31 18:00:00,25.33,25.43,25.33,25.43,31100
2007-07-31 18:30:00,25.43,25.55,25.43,25.48,11900
2007-07-31 19:00:00,25.48,25.54,25.47,25.5,9900
2007-07-31 19:30:00,25.5,25.52,25.49,25.52,3600
2007-07-31 20:00:00,25.49,25.52,25.42,25.42,10500
2007-07-31 20:30:00,25.43,25.45,25.33,25.38,19300
2007-07-31 21:00:00,25.38,25.43,25.34,25.4,101700
2007-07-31 21:30:00,25.4,25.41,25.3,25.35,115300
2007-07-31 22:00:00,25.35,25.42,25.32,25.4,105100
2007-07-31 22:30:00,25.35,25.38,25.11,25.13,180900
2007-08-01 16:30:00,24.82,24.82,24.61,24.7,15300
2007-08-01 17:00:00,24.7,25.03,24.7,24.94,26300
2007-08-01 17:30:00,24.94,24.98,24.7,24.73,149300
2007-08-01 18:00:00,24.71,24.9,24.59,24.87,87600
2007-08-01 18:30:00,24.83,24.86,24.77,24.82,20100
2007-08-01 19:00:00,24.83,24.99,24.81,24.97,19300
2007-08-01 19:30:00,24.98,25.01,24.88,24.91,22300
2007-08-01 20:00:00,24.91,24.91,24.75,24.75,39700
2007-08-01 20:30:00,24.76,24.82,24.69,24.75,52500
2007-08-01 21:00:00,24.75,24.81,24.71,24.71,38000
2007-08-01 21:30:00,24.73,24.84,24.61,24.64,61900
2007-08-01 22:00:00,24.64,24.68,24.32,24.64,124400
2007-08-01 22:30:00,24.6,25.05,24.47,25.03,294800
2007-08-02 16:30:00,25.2,25.4,25.19,25.35,122800
2007-08-02 17:00:00,25.35,25.48,25.22,25.33,593400
2007-08-02 17:30:00,25.35,25.49,25.29,25.29,441200
2007-08-02 18:00:00,25.3,25.48,25.2,25.48,67800
2007-08-02 18:30:00,25.33,25.4,25.28,25.39,23100
2007-08-02 19:00:00,25.38,25.4,25.32,25.36,12300
2007-08-02 19:30:00,25.36,25.36,25.27,25.32,6600
2007-08-02 20:00:00,25.34,25.36,25.27,25.28,75400
2007-08-02 20:30:00,25.29,25.33,25.22,25.24,88100
2007-08-02 21:00:00,25.26,25.3,25.21,25.25,74700
2007-08-02 21:30:00,25.25,25.3,25.21,25.24,34300
2007-08-02 22:00:00,25.23,25.55,25.2,25.53,165800
2007-08-02 22:30:00,25.5,25.52,25.41,25.47,74000
2007-08-03 16:30:00,25.19,25.28,25.02,25.09,76700
2007-08-03 17:00:00,25.0,25.03,24.86,25.0,117900
2007-08-03 17:30:00,25.0,25.01,24.75,24.82,125400
2007-08-03 18:00:00,24.83,24.91,24.68,24.69,56100
2007-08-03 18:30:00,24.71,24.88,24.71,24.85,19300
2007-08-03 19:00:00,24.87,24.92,24.8,24.87,68300
2007-08-03 19:30:00,24.88,24.9,24.76,24.82,24500
2007-08-03 20:00:00,24.82,24.87,24.81,24.87,5900
2007-08-03 20:30:00,24.87,24.88,24.79,24.88,25900
2007-08-03 21:00:00,24.89,24.95,24.65,24.68,33300
2007-08-03 21:30:00,24.65,24.85,24.65,24.75,40700
2007-08-03 22:00:00,24.76,24.76,24.62,24.64,49800
2007-08-03 22:30:00,24.64,24.68,24.47,24.55,80700
2007-08-06 16:30:00,24.0,24.1,23.88,23.96,36500
2007-08-06 17:00:00,23.99,24.02,23.85,23.89,68000
2007-08-06 17:30:00,23.89,23.96,23.86,23.93,19400
2007-08-06 18:00:00,23.95,24.04,23.88,23.96,21100
2007-08-06 18:30:00,23.98,24.05,23.93,24.05,14600
2007-08-06 19:00:00,24.04,24.05,23.95,23.95,12500
2007-08-06 19:30:00,23.94,24.17,23.94,24.15,10700
2007-08-06 20:00:00,24.15,24.16,24.06,24.15,14200
2007-08-06 20:30:00,24.12,24.16,24.08,24.09,44600
2007-08-06 21:00:00,24.07,24.33,24.07,24.23,69000
2007-08-06 21:30:00,24.26,24.45,24.21,24.36,182700
2007-08-06 22:00:00,24.36,24.55,24.36,24.5,40000
2007-08-06 22:30:00,24.49,24.73,24.42,24.72,93600
2007-08-07 16:30:00,24.16,24.39,24.12,24.26,94300
2007-08-07 17:00:00,24.26,24.4,24.23,24.28,80500
2007-08-07 17:30:00,24.28,24.32,24.27,24.3,33300
2007-08-07 18:00:00,24.31,24.34,24.22,24.34,36000
2007-08-07 18:30:00,24.35,24.53,24.35,24.51,12500
2007-08-07 19:00:00,24.51,24.62,24.51,24.59,59900
2007-08-07 19:30:00,24.61,24.62,24.53,24.56,12200
2007-08-07 20:00:00,24.55,24.65,24.54,24.63,33300
2007-08-07 20:30:00,24.62,24.71,24.62,24.7,48900
2007-08-07 21:00:00,24.68,24.75,24.27,24.5,66600
2007-08-07 21:30:00,24.51,24.69,24.38,24.69,42500
2007-08-07 22:00:00,24.74,24.8,24.67,24.68,97100
2007-08-07 22:30:00,24.68,24.83,24.68,24.8,158600
2007-08-08 16:30:00,24.94,25.14,24.91,25.12,40500
2007-08-08 17:00:00,25.14,25.65,25.13,25.55,144100
2007-08-08 17:30:00,25.57,25.67,25.51,25.61,148300
2007-08-08 18:00:00,25.61,25.65,25.49,25.56,179400
2007-08-08 18:30:00,25.58,25.67,25.49,25.52,208100
2007-08-08 19:00:00,25.52,25.52,25.4,25.47,54900
2007-08-08 19:30:00,25.48,25.56,25.47,25.55,157200
2007-08-08 20:00:00,25.54,25.63,25.51,25.63,32400
2007-08-08 20:30:00,25.63,25.67,25.6,25.67,108100
2007-08-08 21:00:00,25.66,26.03,25.66,25.97,117200
2007-08-08 21:30:00,25.94,25.94,25.72,25.72,58200
2007-08-08 22:00:00,25.75,25.8,25.42,25.44,156700
2007-08-08 22:30:00,25.5,25.74,25.49,25.65,221300
2007-08-09 16:30:00,24.25,24.85,24.14,24.75,119700
2007-08-09 17:00:00,24.78,25.27,24.78,25.18,75900
2007-08-09 17:30:00,25.17,25.42,25.17,25.25,171400
2007-08-09 18:00:00,25.29,25.72,25.27,25.42,49600
2007-08-09 18:30:00,25.45,25.58,25.3,25.44,73200
2007-08-09 19:00:00,25.47,25.51,25.44,25.5,77900
2007-08-09 19:30:00,25.51,25.53,25.38,25.42,83500
2007-08-09 20:00:00,25.43,25.43,25.28,25.39,97700
2007-08-09 20:30:00,25.39,25.45,25.37,25.45,97500
2007-08-09 21:00:00,25.46,25.47,25.3,25.36,102800
2007-08-09 21:30:00,25.35,25.44,25.26,25.37,157900
2007-08-09 22:00:00,25.36,25.36,25.2,25.22,88400
2007-08-09 22:30:00,25.24,25.38,25.16,25.19,133500
2007-08-10 16:30:00,24.18,24.32,24.04,24.15,81400
2007-08-10 17:00:00,24.12,24.3,23.92,24.01,69200
2007-08-10 17:30:00,24.01,24.14,23.8,24.06,95900
2007-08-10 18:00:00,24.07,24.28,24.03,24.07,22100
2007-08-10 18:30:00,24.08,24.25,23.93,24.24,12900
2007-08-10 19:00:00,24.25,24.53,24.19,24.47,79800
2007-08-10 19:30:00,24.48,24.92,24.37,24.44,99200
2007-08-10 20:00:00,24.39,24.59,24.39,24.46,40300
2007-08-10 20:30:00,24.46,24.52,24.35,24.46,66900
2007-08-10 21:00:00,24.46,24.46,24.32,24.37,12900
2007-08-10 21:30:00,24.35,24.36,24.2,24.33,22300
2007-08-10 22:00:00,24.34,24.43,24.24,24.43,34300
2007-08-10 22:30:00,24.44,24.74,24.4,24.69,104600
2007-08-13 16:30:00,24.58,24.61,24.5,24.52,139700
2007-08-13 17:00:00,24.52,24.86,24.52,24.81,118700
2007-08-13 17:30:00,24.81,24.84,24.52,24.55,177900
2007-08-13 18:00:00,24.56,24.97,24.38,24.82,59400
2007-08-13 18:30:00,24.93,24.98,24.77,24.81,28100
2007-08-13 19:00:00,24.8,24.82,24.72,24.72,31400
2007-08-13 19:30:00,24.72,24.74,24.66,24.72,24400
2007-08-13 20:00:00,24.73,24.77,24.61,24.67,27800
2007-08-13 20:30:00,24.67,24.76,24.64,24.76,14500
2007-08-13 21:00:00,24.77,24.82,24.69,24.79,21400
2007-08-13 21:30:00,24.79,24.8,24.71,24.75,37100
2007-08-13 22:00:00,24.75,24.77,24.65,24.72,15300
2007-08-13 22:30:00,24.74,24.78,24.6,24.62,63200
2007-08-14 16:30:00,24.82,24.85,24.65,24.68,15600
2007-08-14 17:00:00,24.66,24.71,24.37,24.37,70600
2007-08-14 17:30:00,24.37,24.37,24.15,24.2,65000
2007-08-14 18:00:00,24.18,24.18,23.95,24.01,48800
2007-08-14 18:30:00,24.04,24.13,24.01,24.11,15600
2007-08-14 19:00:00,24.11,24.11,24.03,24.04,7900
2007-08-14 19:30:00,24.03,24.07,24.01,24.07,14400
2007-08-14 20:00:00,24.05,24.05,23.96,24.0,12400
2007-08-14 20:30:00,23.98,24.02,23.9,23.91,18600
2007-08-14 21:00:00,23.91,23.93,23.8,23.86,96700
2007-08-14 21:30:00,23.85,23.86,23.65,23.65,108500
2007-08-14 22:00:00,23.69,23.75,23.64,23.73,53100
2007-08-14 22:30:00,23.71,23.84,23.6,23.65,137500
2007-08-15 16:30:00,22.86,23.57,22.8,23.34,97000
2007-08-15 17:00:00,23.34,23.5,23.25,23.5,79600
2007-08-15 17:30:00,23.51,23.62,23.45,23.59,67500
2007-08-15 18:00:00,23.59,23.76,23.59,23.65,88600
2007-08-15 18:30:00,23.65,23.68,23.48,23.49,14600
2007-08-15 19:00:00,23.5,23.64,23.5,23.62,11000
2007-08-15 19:30:00,23.62,23.65,23.58,23.62,19900
2007-08-15 20:00:00,23.6,23.65,23.57,23.64,15700
2007-08-15 20:30:00,23.64,23.75,23.64,23.72,32700
2007-08-15 21:00:00,23.74,23.75,23.57,23.57,15400
2007-08-15 21:30:00,23.57,23.59,23.43,23.45,35200
2007-08-15 22:00:00,23.45,23.47,23.22,23.25,84500
2007-08-15 22:30:00,23.2,23.25,22.75,22.93,181200
2007-08-16 16:30:00,22.54,22.56,22.3,22.42,175300
2007-08-16 17:00:00,22.43,22.43,22.06,22.07,50600
2007-08-16 17:30:00,22.07,22.32,21.91,22.27,146700
2007-08-16 18:00:00,22.27,22.35,21.96,22.08,48700
2007-08-16 18:30:00,22.07,22.07,21.87,21.94,40700
2007-08-16 19:00:00,21.92,21.92,21.69,21.8,27400
2007-08-16 19:30:00,21.8,21.86,21.09,21.39,63100
2007-08-16 20:00:00,21.34,21.69,21.34,21.5,45000
2007-08-16 20:30:00,21.57,22.12,21.55,22.04,72000
2007-08-16 21:00:00,21.99,22.11,21.93,22.06,66500
2007-08-16 21:30:00,22.08,22.09,21.89,21.96,34000
2007-08-16 22:00:00,21.99,22.18,21.85,22.08,75700
2007-08-16 22:30:00,22.1,22.92,22.0,22.72,219000
2007-08-17 16:30:00,23.27,24.14,23.27,23.63,225500
2007-08-17 17:00:00,23.58,23.66,23.19,23.23,127400
2007-08-17 17:30:00,23.24,23.26,22.81,22.92,117100
2007-08-17 18:00:00,22.89,23.07,22.86,22.89,70500
2007-08-17 18:30:00,22.91,23.09,22.85,22.99,112700
2007-08-17 19:00:00,22.96,23.11,22.92,22.99,60000
2007-08-17 19:30:00,22.98,23.19,22.94,23.0,47100
2007-08-17 20:00:00,23.01,23.18,23.0,23.17,146300
2007-08-17 20:30:00,23.15,23.2,22.97,22.99,52900
2007-08-17 21:00:00,23.03,23.08,22.95,23.05,61600
2007-08-17 21:30:00,23.0,23.08,22.92,23.01,67800
2007-08-17 22:00:00,23.04,23.25,22.96,23.15,145500
2007-08-17 22:30:00,23.17,23.42,23.1,23.17,268000
2007-08-20 16:30:00,23.6,23.66,23.04,23.17,150900
2007-08-20 17:00:00,23.2,23.41,23.0,23.07,232200
2007-08-20 17:30:00,23.06,23.11,23.0,23.03,61600
2007-08-20 18:00:00,23.04,23.3,23.04,23.2,54300
2007-08-20 18:30:00,23.21,23.21,22.95,22.95,31600
2007-08-20 19:00:00,22.95,23.04,22.93,23.0,90500
2007-08-20 19:30:00,23.0,23.04,22.99,22.99,18100
2007-08-20 20:00:00,22.99,23.02,22.96,22.96,13800
2007-08-20 20:30:00,22.96,23.09,22.95,23.02,63399
2007-08-20 21:00:00,23.0,23.05,22.97,23.05,42000
2007-08-20 21:30:00,23.05,23.2,23.05,23.17,30000
2007-08-20 22:00:00,23.18,23.29,23.13,23.2,79400
2007-08-20 22:30:00,23.21,23.23,23.1,23.22,18700
2007-08-21 16:30:00,22.85,23.13,22.8,23.08,112800
2007-08-21 17:00:00,23.08,23.1,22.96,23.05,35400
2007-08-21 17:30:00,23.07,23.11,23.03,23.11,6000
2007-08-21 18:00:00,23.12,23.15,23.11,23.11,4700
2007-08-21 18:30:00,23.13,23.34,23.13,23.29,15400
2007-08-21 19:00:00,23.27,23.37,23.24,23.35,224100
2007-08-21 19:30:00,23.33,23.33,23.17,23.25,14900
2007-08-21 20:00:00,23.24,23.32,23.15,23.3,18400
2007-08-21 20:30:00,23.31,23.31,23.25,23.25,5800
2007-08-21 21:00:00,23.26,23.35,23.25,23.29,71600
2007-08-21 21:30:00,23.31,23.33,23.25,23.3,62100
2007-08-21 22:00:00,23.3,23.35,23.26,23.31,89500
2007-08-21 22:30:00,23.31,23.35,23.24,23.28,108400
2007-08-22 16:30:00,24.1,24.13,23.9,23.9,23500
2007-08-22 17:00:00,23.88,24.13,23.87,24.13,177300
2007-08-22 17:30:00,24.13,24.17,24.09,24.15,14900
2007-08-22 18:00:00,24.17,24.3,24.08,24.27,129900
2007-08-22 18:30:00,24.26,24.26,24.18,24.19,158500
2007-08-22 19:00:00,24.19,24.22,24.18,24.18,138400
2007-08-22 19:30:00,24.18,24.18,24.08,24.12,85000
2007-08-22 20:00:00,24.13,24.13,24.07,24.08,33400
2007-08-22 20:30:00,24.08,24.19,24.08,24.18,30700
2007-08-22 21:00:00,24.19,24.19,24.12,24.12,26300
2007-08-22 21:30:00,24.11,24.17,24.09,24.14,30100
2007-08-22 22:00:00,24.15,24.33,24.14,24.26,24500
2007-08-22 22:30:00,24.27,24.36,24.24,24.34,164900
2007-08-23 16:30:00,24.53,24.57,24.45,24.5,182600
2007-08-23 17:00:00,24.5,24.61,24.4,24.51,74500
2007-08-23 17:30:00,24.5,24.55,24.39,24.43,84600
2007-08-23 18:00:00,24.43,24.49,24.38,24.49,152800
2007-08-23 18:30:00,24.52,24.6,24.25,24.28,73700
2007-08-23 19:00:00,24.25,24.36,24.25,24.36,19900
2007-08-23 19:30:00,24.36,24.38,24.28,24.28,75400
2007-08-23 20:00:00,24.28,24.4,24.24,24.3,35200
2007-08-23 20:30:00,24.3,24.38,24.29,24.38,30800
2007-08-23 21:00:00,24.38,24.47,24.35,24.38,23500
2007-08-23 21:30:00,24.37,24.41,24.3,24.33,71000
2007-08-23 22:00:00,24.33,24.5,24.33,24.43,41900
2007-08-23 22:30:00,24.44,24.44,24.34,24.41,68800
2007-08-24 16:30:00,24.27,24.28,24.2,24.26,255800
2007-08-24 17:00:00,24.25,24.42,24.23,24.32,156200
2007-08-24 17:30:00,24.32,24.41,24.24,24.29,119700
2007-08-24 18:00:00,24.29,24.3,24.25,24.28,22200
2007-08-24 18:30:00,24.28,24.34,24.25,24.34,21700
2007-08-24 19:00:00,24.35,24.43,24.31,24.39,29900
2007-08-24 19:30:00,24.4,24.41,24.39,24.39,10200
2007-08-24 20:00:00,24.39,24.48,24.39,24.47,14800
2007-08-24 20:30:00,24.46,24.47,24.43,24.43,7200
2007-08-24 21:00:00,24.43,24.57,24.42,24.52,40500
2007-08-24 21:30:00,24.54,24.58,24.51,24.53,20600
2007-08-24 22:00:00,24.53,24.53,24.44,24.47,43900
2007-08-24 22:30:00,24.48,24.55,24.44,24.45,108300
2007-08-27 16:30:00,24.43,24.58,24.23,24.35,30400
2007-08-27 17:00:00,24.36,24.46,24.35,24.45,33000
2007-08-27 17:30:00,24.45,24.98,24.44,24.88,143000
2007-08-27 18:00:00,24.91,25.26,24.9,25.18,148600
2007-08-27 18:30:00,25.17,25.19,24.87,24.92,37500
2007-08-27 19:00:00,24.94,25.1,24.85,25.01,57000
2007-08-27 19:30:00,25.01,25.11,25.0,25.09,42800
2007-08-27 20:00:00,25.09,25.14,25.08,25.1,19500
2007-08-27 20:30:00,25.1,25.13,25.01,25.01,36400
2007-08-27 21:00:00,25.02,25.06,25.0,25.01,63100
2007-08-27 21:30:00,25.04,25.12,25.04,25.06,58800
2007-08-27 22:00:00,25.07,25.09,24.93,24.97,115800
2007-08-27 22:30:00,24.97,25.03,24.95,25.01,137500
2007-08-28 16:30:00,24.07,24.07,23.97,24.01,49400
2007-08-28 17:00:00,23.96,24.01,23.8,23.85,48400
2007-08-28 17:30:00,23.86,23.86,23.6,23.6,60600
2007-08-28 18:00:00,23.63,23.63,23.46,23.5,138400
2007-08-28 18:30:00,23.5,23.57,23.44,23.55,75700
2007-08-28 19:00:00,23.55,23.65,23.54,23.65,49800
2007-08-28 19:30:00,23.65,23.67,23.6,23.64,45300
2007-08-28 20:00:00,23.65,23.66,23.57,23.59,32200
2007-08-28 20:30:00,23.6,23.67,23.59,23.65,39700
2007-08-28 21:00:00,23.65,23.68,23.54,23.6,29600
2007-08-28 21:30:00,23.6,23.6,23.48,23.48,57800
2007-08-28 22:00:00,23.48,23.56,23.48,23.48,122500
2007-08-28 22:30:00,23.48,23.49,23.29,23.31,111600
2007-08-29 16:30:00,24.06,24.15,24.01,24.03,128200
2007-08-29 17:00:00,24.03,24.04,23.93,23.99,90300
2007-08-29 17:30:00,23.97,24.04,23.94,24.01,61800
2007-08-29 18:00:00,24.0,24.18,24.0,24.04,38400
2007-08-29 18:30:00,24.05,24.2,24.04,24.2,13700
2007-08-29 19:00:00,24.2,24.2,24.15,24.16,13300
2007-08-29 19:30:00,24.13,24.16,24.1,24.11,18200
2007-08-29 20:00:00,24.11,24.12,24.03,24.05,21000
2007-08-29 20:30:00,24.05,24.1,24.04,24.1,21100
2007-08-29 21:00:00,24.1,24.23,24.09,24.21,32200
2007-08-29 21:30:00,24.21,24.31,24.2,24.25,29700
2007-08-29 22:00:00,24.26,24.41,24.26,24.37,31200
2007-08-29 22:30:00,24.37,24.71,24.37,24.52,59900
2007-08-30 16:30:00,23.65,23.96,23.65,23.95,81300
2007-08-30 17:00:00,23.95,24.14,23.87,24.12,83800
2007-08-30 17:30:00,24.11,24.18,24.05,24.15,44900
2007-08-30 18:00:00,24.15,24.4,24.14,24.3,99900
2007-08-30 18:30:00,24.28,24.36,24.22,24.31,46700
2007-08-30 19:00:00,24.3,24.31,24.15,24.27,46600
2007-08-30 19:30:00,24.26,24.43,24.23,24.42,39400
2007-08-30 20:00:00,24.42,24.43,24.33,24.34,43200
2007-08-30 20:30:00,24.34,24.35,24.3,24.31,60200
2007-08-30 21:00:00,24.31,24.38,24.31,24.32,34200
2007-08-30 21:30:00,24.32,24.32,24.15,24.23,48700
2007-08-30 22:00:00,24.22,24.37,24.2,24.31,42100
2007-08-30 22:30:00,24.31,24.35,24.27,24.35,214900
2007-08-31 16:30:00,24.57,24.61,24.52,24.56,17500
2007-08-31 17:00:00,24.56,24.57,24.27,24.39,23100
2007-08-31 17:30:00,24.35,24.48,24.35,24.48,20600
2007-08-31 18:00:00,24.47,24.47,24.3,24.37,13600
2007-08-31 18:30:00,24.37,24.59,24.37,24.59,9800
2007-08-31 19:00:00,24.59,24.67,24.55,24.66,6100
2007-08-31 19:30:00,24.66,24.75,24.66,24.69,6000
2007-08-31 20:00:00,24.69,24.7,24.67,24.7,5700
2007-08-31 20:30:00,24.7,24.71,24.62,24.65,12300
2007-08-31 21:00:00,24.65,24.69,24.64,24.66,19200
2007-08-31 21:30:00,24.65,24.72,24.64,24.69,39600
2007-08-31 22:00:00,24.69,24.79,24.68,24.74,34700
2007-08-31 22:30:00,24.76,24.83,24.66,24.69,47000
2007-09-04 16:30:00,24.79,24.82,24.69,24.8,26400
2007-09-04 17:00:00,24.83,24.96,24.8,24.96,26700
2007-09-04 17:30:00,24.96,25.06,24.9,25.04,71000
2007-09-04 18:00:00,25.03,25.05,24.93,24.97,41700
2007-09-04 18:30:00,24.93,25.04,24.93,25.01,1600
2007-09-04 19:00:00,25.02,25.02,24.93,24.98,23900
2007-09-04 19:30:00,24.97,25.04,24.94,24.98,18300
2007-09-04 20:00:00,24.98,25.09,24.94,25.02,32600
2007-09-04 20:30:00,25.03,25.08,25.01,25.06,14900
2007-09-04 21:00:00,25.06,25.2,25.01,25.17,59600
2007-09-04 21:30:00,25.16,25.23,25.16,25.23,29000
2007-09-04 22:00:00,25.23,25.28,25.21,25.28,21500
2007-09-04 22:30:00,25.28,25.31,25.11,25.18,25700
2007-09-05 16:30:00,24.52,24.58,24.49,24.51,115500
2007-09-05 17:00:00,24.48,24.49,24.28,24.39,99600
2007-09-05 17:30:00,24.41,24.48,24.4,24.43,25200
2007-09-05 18:00:00,24.44,24.55,24.38,24.49,51900
2007-09-05 18:30:00,24.49,24.52,24.38,24.51,73000
2007-09-05 19:00:00,24.53,24.57,24.5,24.56,13000
2007-09-05 19:30:00,24.56,24.61,24.55,24.61,41700
2007-09-05 20:00:00,24.6,24.66,24.58,24.62,37300
2007-09-05 20:30:00,24.62,24.62,24.57,24.58,17000
2007-09-05 21:00:00,24.6,24.6,24.4,24.43,17600
2007-09-05 21:30:00,24.43,24.56,24.43,24.54,18000
2007-09-05 22:00:00,24.53,24.63,24.51,24.57,42600
2007-09-05 22:30:00,24.58,24.65,24.55,24.56,43400
2007-09-06 16:30:00,24.34,24.39,24.22,24.3,58400
2007-09-06 17:00:00,24.32,24.32,24.12,24.14,17700
2007-09-06 17:30:00,24.11,24.47,24.11,24.47,16800
2007-09-06 18:00:00,24.47,24.48,24.35,24.45,23600
2007-09-06 18:30:00,24.46,24.52,24.43,24.5,8700
2007-09-06 19:00:00,24.5,24.58,24.47,24.53,23800
2007-09-06 19:30:00,24.51,24.52,24.46,24.5,15200
2007-09-06 20:00:00,24.5,24.5,24.42,24.49,9900
2007-09-06 20:30:00,24.43,24.51,24.43,24.47,14700
2007-09-06 21:00:00,24.51,24.53,24.49,24.5,9200
2007-09-06 21:30:00,24.47,24.53,24.47,24.51,33600
2007-09-06 22:00:00,24.53,24.59,24.53,24.55,40100
2007-09-06 22:30:00,24.53,24.62,24.52,24.61,18700
2007-09-07 16:30:00,23.71,23.8,23.6,23.75,49200
2007-09-07 17:00:00,23.78,23.78,23.58,23.58,70400
2007-09-07 17:30:00,23.6,23.65,23.57,23.62,34800
2007-09-07 18:00:00,23.61,23.64,23.57,23.63,12700
2007-09-07 18:30:00,23.66,23.8,23.62,23.8,14000
2007-09-07 19:00:00,23.77,23.81,23.75,23.81,6500
2007-09-07 19:30:00,23.81,23.85,23.8,23.81,11700
2007-09-07 20:00:00,23.82,23.95,23.8,23.95,30100
2007-09-07 20:30:00,23.93,23.99,23.83,23.89,55400
2007-09-07 21:00:00,23.89,23.89,23.78,23.81,28100
2007-09-07 21:30:00,23.79,23.81,23.72,23.72,15000
2007-09-07 22:00:00,23.73,23.8,23.69,23.69,17300
2007-09-07 22:30:00,23.7,23.78,23.69,23.74,19400
2007-09-10 16:30:00,23.22,23.32,23.2,23.22,59700
2007-09-10 17:00:00,23.21,23.22,23.03,23.03,25800
2007-09-10 17:30:00,23.05,23.05,22.89,22.92,53900
2007-09-10 18:00:00,22.93,22.93,22.65,22.71,62400
2007-09-10 18:30:00,22.75,22.83,22.7,22.8,18400
2007-09-10 19:00:00,22.8,22.92,22.8,22.92,12400
2007-09-10 19:30:00,22.91,22.97,22.86,22.96,11800
2007-09-10 20:00:00,22.97,23.07,22.94,23.07,22000
2007-09-10 20:30:00,23.06,23.21,23.06,23.09,21400
2007-09-10 21:00:00,23.13,23.15,23.04,23.11,20000
2007-09-10 21:30:00,23.15,23.17,23.1,23.17,56000
2007-09-10 22:00:00,23.17,23.29,23.16,23.27,99000
2007-09-10 22:30:00,23.25,23.25,23.06,23.06,61200
2007-09-11 16:30:00,23.4,23.51,23.4,23.44,21100
2007-09-11 17:00:00,23.45,23.61,23.45,23.61,37600
2007-09-11 17:30:00,23.63,23.75,23.63,23.69,22200
2007-09-11 18:00:00,23.69,23.69,23.52,23.61,39600
2007-09-11 18:30:00,23.66,23.71,23.58,23.58,110100
2007-09-11 19:00:00,23.57,23.66,23.55,23.65,7300
2007-09-11 19:30:00,23.66,23.7,23.62,23.69,17100
2007-09-11 20:00:00,23.68,23.72,23.64,23.72,13200
2007-09-11 20:30:00,23.7,23.76,23.67,23.72,17100
2007-09-11 21:00:00,23.71,23.81,23.71,23.81,23500
2007-09-11 21:30:00,23.82,23.82,23.71,23.75,12900
2007-09-11 22:00:00,23.74,23.75,23.65,23.7,94800
2007-09-11 22:30:00,23.71,23.77,23.66,23.77,75900
2007-09-12 16:30:00,23.63,23.71,23.59,23.67,30000
2007-09-12 17:00:00,23.69,23.73,23.64,23.73,12100
2007-09-12 17:30:00,23.72,23.79,23.63,23.65,51500
2007-09-12 18:00:00,23.65,23.84,23.65,23.81,42100
2007-09-12 18:30:00,23.78,23.81,23.73,23.75,9400
2007-09-12 19:00:00,23.76,23.81,23.74,23.75,12500
2007-09-12 19:30:00,23.75,23.75,23.68,23.68,41800
2007-09-12 20:00:00,23.65,23.69,23.61,23.65,6000
2007-09-12 20:30:00,23.65,23.72,23.62,23.67,14000
2007-09-12 21:00:00,23.69,23.78,23.67,23.7,50800
2007-09-12 21:30:00,23.68,23.71,23.66,23.68,22400
2007-09-12 22:00:00,23.68,23.7,23.65,23.65,22700
2007-09-12 22:30:00,23.64,23.67,23.58,23.65,68600
2007-09-13 16:30:00,23.99,24.1,23.96,24.03,62600
2007-09-13 17:00:00,24.03,24.16,24.03,24.11,31300
2007-09-13 17:30:00,24.12,24.24,24.12,24.24,26700
2007-09-13 18:00:00,24.23,24.34,24.23,24.31,13800
2007-09-13 18:30:00,24.32,24.46,24.2,24.21,40600
2007-09-13 19:00:00,24.24,24.3,24.2,24.25,18000
2007-09-13 19:30:00,24.25,24.32,24.23,24.28,13000
2007-09-13 20:00:00,24.29,24.38,24.28,24.37,14700
2007-09-13 20:30:00,24.37,24.38,24.33,24.33,8400
2007-09-13 21:00:00,24.34,24.34,24.25,24.26,25800
2007-09-13 21:30:00,24.26,24.31,24.23,24.29,24100
2007-09-13 22:00:00,24.3,24.36,24.21,24.24,62900
2007-09-13 22:30:00,24.25,24.27,24.13,24.24,91200
2007-09-14 16:30:00,23.37,23.4,23.25,23.37,87600
2007-09-14 17:00:00,23.36,23.56,23.36,23.49,33200
2007-09-14 17:30:00,23.49,23.63,23.49,23.52,20400
2007-09-14 18:00:00,23.52,23.57,23.37,23.47,86900
2007-09-14 18:30:00,23.49,23.52,23.41,23.5,49000
2007-09-14 19:00:00,23.51,23.54,23.47,23.48,23500
2007-09-14 19:30:00,23.49,23.52,23.43,23.48,12900
2007-09-14 20:00:00,23.43,23.54,23.43,23.54,8900
2007-09-14 20:30:00,23.54,23.59,23.5,23.59,11500
2007-09-14 21:00:00,23.58,23.6,23.49,23.54,16700
2007-09-14 21:30:00,23.56,23.56,23.48,23.49,12600
2007-09-14 22:00:00,23.5,23.6,23.5,23.59,19900
2007-09-14 22:30:00,23.59,23.66,23.57,23.6,82700
2007-09-17 16:30:00,23.16,23.16,23.03,23.06,22700
2007-09-17 17:00:00,23.11,23.22,23.11,23.19,30500
2007-09-17 17:30:00,23.17,23.21,23.03,23.04,49600
2007-09-17 18:00:00,23.06,23.13,23.05,23.07,8400
2007-09-17 18:30:00,23.06,23.07,22.89,22.89,12300
2007-09-17 19:00:00,22.93,22.97,22.89,22.97,8700
2007-09-17 19:30:00,22.97,23.06,22.93,23.06,17200
2007-09-17 20:00:00,23.07,23.13,23.07,23.11,29100
2007-09-17 20:30:00,23.11,23.11,23.04,23.09,14100
2007-09-17 21:00:00,23.08,23.13,23.04,23.1,22100
2007-09-17 21:30:00,23.11,23.14,23.11,23.12,9000
2007-09-17 22:00:00,23.1,23.2,23.1,23.16,47900
2007-09-17 22:30:00,23.15,23.15,23.1,23.13,52100
2007-09-18 16:30:00,23.66,23.66,23.4,23.45,17000
2007-09-18 17:00:00,23.45,23.7,23.44,23.7,16000
2007-09-18 17:30:00,23.7,24.11,23.7,24.08,81900
2007-09-18 18:00:00,24.03,24.14,23.99,23.99,55500
2007-09-18 18:30:00,23.95,24.03,23.94,24.0,41300
2007-09-18 19:00:00,24.0,24.03,23.98,24.0,50600
2007-09-18 19:30:00,24.01,24.05,24.01,24.05,22100
2007-09-18 20:00:00,24.04,24.04,23.93,23.97,21000
2007-09-18 20:30:00,23.97,23.97,23.92,23.94,19600
2007-09-18 21:00:00,23.95,24.45,23.93,24.29,84300
2007-09-18 21:30:00,24.33,24.59,24.31,24.42,52000
2007-09-18 22:00:00,24.45,24.7,24.41,24.68,71600
2007-09-18 22:30:00,24.68,24.77,24.66,24.76,78500
2007-09-19 16:30:00,25.22,25.51,25.14,25.34,155500
2007-09-19 17:00:00,25.35,25.49,25.31,25.46,111600
2007-09-19 17:30:00,25.47,25.7,23.5,25.68,267600
2007-09-19 18:00:00,25.68,25.81,25.43,25.52,146400
2007-09-19 18:30:00,25.53,25.58,25.45,25.5,57300
2007-09-19 19:00:00,25.5,25.54,25.5,25.54,19300
2007-09-19 19:30:00,25.53,25.54,25.47,25.52,27700
2007-09-19 20:00:00,25.55,25.57,25.48,25.57,57500
2007-09-19 20:30:00,25.56,25.62,25.53,25.56,14200
2007-09-19 21:00:00,25.53,25.53,25.43,25.52,43600
2007-09-19 21:30:00,25.51,25.6,25.4,25.58,44300
2007-09-19 22:00:00,25.59,25.68,25.5,25.63,47200
2007-09-19 22:30:00,25.64,25.69,25.6,25.66,91400
2007-09-20 16:30:00,25.44,25.51,25.31,25.43,38900
2007-09-20 17:00:00,25.42,25.49,25.35,25.36,22400
2007-09-20 17:30:00,25.35,25.46,25.34,25.42,4600
2007-09-20 18:00:00,25.41,25.45,25.34,25.39,7200
2007-09-20 18:30:00,25.38,25.38,25.3,25.34,31300
2007-09-20 19:00:00,25.35,25.43,25.35,25.35,4300
2007-09-20 19:30:00,25.35,25.35,25.25,25.31,5500
2007-09-20 20:00:00,25.3,25.32,25.2,25.26,17100
2007-09-20 20:30:00,25.27,25.3,25.22,25.25,5500
2007-09-20 21:00:00,25.25,25.29,25.2,25.2,20100
2007-09-20 21:30:00,25.2,25.2,25.12,25.15,34100
2007-09-20 22:00:00,25.12,25.19,25.07,25.17,16200
2007-09-20 22:30:00,25.16,25.19,25.09,25.15,19900
2007-09-21 16:30:00,25.26,25.31,25.25,25.28,17100
2007-09-21 17:00:00,25.28,25.42,25.28,25.42,25400
2007-09-21 17:30:00,25.39,25.49,25.37,25.49,8900
2007-09-21 18:00:00,25.51,25.76,25.51,25.74,34000
2007-09-21 18:30:00,25.77,25.77,25.64,25.68,7300
2007-09-21 19:00:00,25.67,25.69,25.64,25.67,7200
2007-09-21 19:30:00,25.67,25.71,25.64,25.64,1800
2007-09-21 20:00:00,25.64,25.69,25.6,25.66,11100
2007-09-21 20:30:00,25.68,25.68,25.64,25.64,3600
2007-09-21 21:00:00,25.65,25.66,25.62,25.66,10400
2007-09-21 21:30:00,25.67,25.69,25.62,25.67,14400
2007-09-21 22:00:00,25.64,25.78,25.64,25.75,57800
2007-09-21 22:30:00,25.75,25.87,25.75,25.86,148500
2007-09-24 16:30:00,25.88,25.95,25.75,25.81,45700
2007-09-24 17:00:00,25.79,25.89,25.72,25.88,77100
2007-09-24 17:30:00,25.87,25.87,25.67,25.7,25900
2007-09-24 18:00:00,25.74,25.77,25.65,25.7,112700
2007-09-24 18:30:00,25.67,25.86,25.59,25.66,20600
2007-09-24 19:00:00,25.63,25.69,25.61,25.68,7500
2007-09-24 19:30:00,25.69,25.75,25.68,25.68,16700
2007-09-24 20:00:00,25.69,25.73,25.64,25.66,26900
2007-09-24 20:30:00,25.66,25.75,25.66,25.75,56100
2007-09-24 21:00:00,25.72,25.77,25.72,25.75,51200
2007-09-24 21:30:00,25.76,25.78,25.72,25.75,27700
2007-09-24 22:00:00,25.75,25.77,25.75,25.76,42200
2007-09-24 22:30:00,25.76,25.82,25.73,25.78,53100
2007-09-25 16:30:00,25.26,25.4,25.23,25.39,90900
2007-09-25 17:00:00,25.37,25.63,25.33,25.48,22300
2007-09-25 17:30:00,25.5,25.69,25.5,25.64,42600
2007-09-25 18:00:00,25.63,25.67,25.6,25.6,28000
2007-09-25 18:30:00,25.6,25.73,25.52,25.63,44000
2007-09-25 19:00:00,25.66,27.66,25.65,27.03,480400
2007-09-25 19:30:00,27.0,27.32,26.83,27.1,354100
2007-09-25 20:00:00,27.07,27.07,26.75,26.83,156800
2007-09-25 20:30:00,26.82,26.9,26.76,26.86,167700
2007-09-25 21:00:00,26.86,26.86,26.55,26.71,299400
2007-09-25 21:30:00,26.75,27.01,26.71,26.95,236200
2007-09-25 22:00:00,26.95,27.25,26.9,27.2,174600
2007-09-25 22:30:00,27.21,27.42,27.13,27.16,290400
2007-09-26 16:30:00,26.93,27.03,26.87,27.03,73000
2007-09-26 17:00:00,27.05,27.14,26.83,26.86,23300
2007-09-26 17:30:00,26.85,26.94,26.77,26.88,72300
2007-09-26 18:00:00,26.88,27.03,26.8,26.87,199100
2007-09-26 18:30:00,26.88,27.18,26.88,27.12,23100
2007-09-26 19:00:00,27.12,27.12,27.1,27.11,12400
2007-09-26 19:30:00,27.11,27.12,27.07,27.07,6900
2007-09-26 20:00:00,27.06,27.1,27.05,27.06,6200
2007-09-26 20:30:00,27.04,27.04,26.87,26.87,15300
2007-09-26 21:00:00,26.9,27.05,26.9,27.01,15800
2007-09-26 21:30:00,26.99,27.07,26.97,27.07,9700
2007-09-26 22:00:00,27.04,27.14,26.99,27.1,30700
2007-09-26 22:30:00,27.11,27.13,27.02,27.05,29800
2007-09-27 16:30:00,26.91,26.97,26.86,26.9,109400
2007-09-27 17:00:00,26.93,27.02,26.82,26.95,151600
2007-09-27 17:30:00,26.95,26.98,26.89,26.92,258900
2007-09-27 18:00:00,26.92,26.92,26.77,26.85,252200
2007-09-27 18:30:00,26.96,27.07,26.93,26.99,31600
2007-09-27 19:00:00,26.99,27.0,26.95,26.98,13600
2007-09-27 19:30:00,26.98,27.03,26.97,27.02,13100
2007-09-27 20:00:00,27.0,27.06,27.0,27.03,10600
2007-09-27 20:30:00,27.05,27.13,27.03,27.1,58800
2007-09-27 21:00:00,27.11,27.15,27.1,27.15,10600
2007-09-27 21:30:00,27.15,27.15,27.1,27.12,34800
2007-09-27 22:00:00,27.12,27.36,27.12,27.35,117500
2007-09-27 22:30:00,27.35,27.45,27.31,27.44,381900
2007-09-28 16:30:00,27.05,27.11,26.94,27.01,41100
2007-09-28 17:00:00,27.02,27.02,26.9,26.97,182300
2007-09-28 17:30:00,26.98,27.03,26.87,26.99,96200
2007-09-28 18:00:00,26.98,27.25,26.98,27.11,77200
2007-09-28 18:30:00,27.11,27.25,27.11,27.21,30300
2007-09-28 19:00:00,27.22,27.22,27.15,27.2,33600
2007-09-28 19:30:00,27.2,27.21,27.19,27.19,6100
2007-09-28 20:00:00,27.19,27.3,27.19,27.26,21700
2007-09-28 20:30:00,27.3,27.34,27.29,27.34,30900
2007-09-28 21:00:00,27.32,27.36,27.29,27.29,18600
2007-09-28 21:30:00,27.28,27.28,27.24,27.27,8300
2007-09-28 22:00:00,27.26,27.27,27.19,27.25,96500
2007-09-28 22:30:00,27.25,27.32,27.19,27.31,85100
2007-10-01 16:30:00,27.32,27.39,27.31,27.36,57200
2007-10-01 17:00:00,27.36,27.49,27.36,27.39,53100
2007-10-01 17:30:00,27.39,27.4,27.24,27.29,41200
2007-10-01 18:00:00,27.29,27.37,27.25,27.26,36100
2007-10-01 18:30:00,27.28,27.56,27.24,27.44,52000
2007-10-01 19:00:00,27.44,27.52,27.44,27.51,30200
2007-10-01 19:30:00,27.52,27.54,27.5,27.53,29400
2007-10-01 20:00:00,27.53,27.69,27.52,27.67,36300
2007-10-01 20:30:00,27.68,27.71,27.67,27.71,21600
2007-10-01 21:00:00,27.71,27.75,27.71,27.74,31000
2007-10-01 21:30:00,27.74,27.79,27.73,27.79,24900
2007-10-01 22:00:00,27.8,27.81,27.74,27.77,51300
2007-10-01 22:30:00,27.77,27.81,27.68,27.77,182400
2007-10-02 16:30:00,27.96,28.09,27.95,28.09,135800
2007-10-02 17:00:00,28.06,28.1,27.97,28.01,36800
2007-10-02 17:30:00,27.97,28.02,27.9,28.02,152100
2007-10-02 18:00:00,28.02,28.11,27.9,28.09,84500
2007-10-02 18:30:00,28.09,28.15,27.97,28.12,56700
2007-10-02 19:00:00,28.11,28.16,28.09,28.11,12900
2007-10-02 19:30:00,28.11,28.13,28.07,28.1,16200
2007-10-02 20:00:00,28.1,28.1,28.0,28.0,10700
2007-10-02 20:30:00,28.0,28.06,27.96,28.04,8300
2007-10-02 21:00:00,28.04,28.13,28.03,28.11,12200
2007-10-02 21:30:00,28.13,28.18,28.11,28.16,15100
2007-10-02 22:00:00,28.14,28.2,28.1,28.15,25000
2007-10-02 22:30:00,28.15,28.19,28.14,28.17,15900
2007-10-03 16:30:00,28.18,28.27,28.18,28.19,112500
2007-10-03 17:00:00,28.13,28.22,28.08,28.08,63700
2007-10-03 17:30:00,28.09,28.11,27.99,28.03,26600
2007-10-03 18:00:00,28.03,28.1,28.0,28.07,37200
2007-10-03 18:30:00,28.05,28.11,27.99,28.08,31400
2007-10-03 19:00:00,28.08,28.09,27.97,28.0,20500
2007-10-03 19:30:00,27.99,28.03,27.97,28.0,19500
2007-10-03 20:00:00,28.0,28.03,27.98,28.02,150900
2007-10-03 20:30:00,28.02,28.03,28.01,28.02,55200
2007-10-03 21:00:00,28.02,28.03,28.0,28.02,28100
2007-10-03 21:30:00,28.02,28.04,27.99,28.04,35600
2007-10-03 22:00:00,28.04,28.11,28.02,28.11,33000
2007-10-03 22:30:00,28.1,28.13,28.06,28.07,127800
2007-10-04 16:30:00,28.4,28.41,28.21,28.25,41500
2007-10-04 17:00:00,28.25,28.29,28.15,28.28,28400
2007-10-04 17:30:00,28.29,28.33,28.2,28.21,20100
2007-10-04 18:00:00,28.2,28.24,28.0,28.1,97100
2007-10-04 18:30:00,28.1,28.22,28.1,28.18,10200
2007-10-04 19:00:00,28.15,28.17,28.1,28.17,6800
2007-10-04 19:30:00,28.15,28.23,28.14,28.19,14600
2007-10-04 20:00:00,28.2,28.21,28.14,28.21,9300
2007-10-04 20:30:00,28.2,28.23,28.18,28.2,11000
2007-10-04 21:00:00,28.2,28.23,28.16,28.19,10900
2007-10-04 21:30:00,28.17,28.23,28.16,28.22,30200
2007-10-04 22:00:00,28.23,28.24,28.21,28.23,89000
2007-10-04 22:30:00,28.23,28.32,28.23,28.3,83400
2007-10-05 16:30:00,28.33,28.56,28.33,28.51,114200
2007-10-05 17:00:00,28.51,28.55,28.45,28.52,108200
2007-10-05 17:30:00,28.5,28.6,28.49,28.58,93300
2007-10-05 18:00:00,28.59,28.69,28.59,28.62,49500
2007-10-05 18:30:00,28.62,28.81,28.62,28.8,13500
2007-10-05 19:00:00,28.82,28.84,28.76,28.77,42600
2007-10-05 19:30:00,28.79,28.83,28.77,28.82,18400
2007-10-05 20:00:00,28.81,28.83,28.77,28.81,20900
2007-10-05 20:30:00,28.81,28.93,28.78,28.89,43800
2007-10-05 21:00:00,28.89,28.95,28.87,28.94,45900
2007-10-05 21:30:00,28.93,29.02,28.88,28.99,54800
2007-10-05 22:00:00,28.98,29.05,28.93,28.95,36000
2007-10-05 22:30:00,28.95,28.97,28.87,28.92,55400
2007-10-08 16:30:00,28.71,28.71,28.56,28.61,19200
2007-10-08 17:00:00,28.58,28.87,28.57,28.87,9300
2007-10-08 17:30:00,28.83,28.93,28.82,28.86,178800
2007-10-08 18:00:00,28.83,28.86,28.65,28.74,194500
2007-10-08 18:30:00,28.82,28.87,28.61,28.64,24500
2007-10-08 19:00:00,28.64,28.67,28.61,28.65,19800
2007-10-08 19:30:00,28.69,28.77,28.67,28.73,27000
2007-10-08 20:00:00,28.73,28.75,28.71,28.72,13300
2007-10-08 20:30:00,28.71,28.75,28.68,28.68,7600
2007-10-08 21:00:00,28.69,28.7,28.66,28.7,3100
2007-10-08 21:30:00,28.7,28.73,28.66,28.67,11000
2007-10-08 22:00:00,28.66,28.67,28.64,28.64,12800
2007-10-08 22:30:00,28.62,28.75,28.62,28.73,20000
2007-10-09 16:30:00,28.8,28.92,28.72,28.82,177700
2007-10-09 17:00:00,28.83,28.94,28.8,28.93,116400
2007-10-09 17:30:00,28.92,29.15,28.86,29.14,411000
2007-10-09 18:00:00,29.15,29.24,29.13,29.17,156100
2007-10-09 18:30:00,29.17,29.2,29.1,29.14,204200
2007-10-09 19:00:00,29.11,29.23,29.08,29.21,247300
2007-10-09 19:30:00,29.21,29.26,29.21,29.25,59900
2007-10-09 20:00:00,29.25,29.27,29.2,29.23,45200
2007-10-09 20:30:00,29.2,29.28,29.19,29.25,32000
2007-10-09 21:00:00,29.22,29.28,29.18,29.25,104200
2007-10-09 21:30:00,29.28,29.45,29.28,29.43,59200
2007-10-09 22:00:00,29.44,29.59,29.38,29.56,87900
2007-10-09 22:30:00,29.56,29.59,29.55,29.59,96100
2007-10-10 16:30:00,29.83,29.92,29.64,29.64,241200
2007-10-10 17:00:00,29.64,29.67,29.46,29.51,78100
2007-10-10 17:30:00,29.51,29.56,29.45,29.48,70700
2007-10-10 18:00:00,29.48,29.88,29.46,29.88,80900
2007-10-10 18:30:00,29.88,29.88,29.78,29.8,201000
2007-10-10 19:00:00,29.79,29.81,29.76,29.78,11600
2007-10-10 19:30:00,29.78,29.82,29.76,29.78,23900
2007-10-10 20:00:00,29.76,29.76,29.67,29.7,21900
2007-10-10 20:30:00,29.7,29.72,29.67,29.68,19100
2007-10-10 21:00:00,29.67,29.77,29.66,29.76,28200
2007-10-10 21:30:00,29.76,29.87,29.75,29.86,38900
2007-10-10 22:00:00,29.85,29.93,29.84,29.85,44200
2007-10-10 22:30:00,29.87,29.96,29.87,29.93,245700
2007-10-11 16:30:00,29.89,30.03,29.89,30.02,121800
2007-10-11 17:00:00,30.05,30.06,29.72,29.95,28800
2007-10-11 17:30:00,29.95,30.16,29.92,30.16,27200
2007-10-11 18:00:00,30.16,30.18,30.01,30.03,10200
2007-10-11 18:30:00,30.04,30.13,30.03,30.11,47500
2007-10-11 19:00:00,30.13,30.2,30.08,30.19,7300
2007-10-11 19:30:00,30.2,30.25,30.17,30.21,10600
2007-10-11 20:00:00,30.21,30.27,30.17,30.21,10000
2007-10-11 20:30:00,30.19,30.19,30.11,30.11,12400
2007-10-11 21:00:00,30.1,30.1,29.83,29.85,18900
2007-10-11 21:30:00,29.85,30.01,29.72,29.72,43500
2007-10-11 22:00:00,29.77,29.77,29.48,29.56,40500
2007-10-11 22:30:00,29.53,29.67,29.49,29.62,33800
2007-10-12 16:30:00,29.37,29.37,29.23,29.31,35300
2007-10-12 17:00:00,29.32,29.4,29.29,29.34,24800
2007-10-12 17:30:00,29.32,29.35,29.28,29.35,17600
2007-10-12 18:00:00,29.35,29.53,29.35,29.51,9300
2007-10-12 18:30:00,29.57,29.61,29.42,29.6,50500
2007-10-12 19:00:00,29.6,29.65,29.6,29.64,3300
2007-10-12 19:30:00,29.62,29.63,29.6,29.63,9400
2007-10-12 20:00:00,29.63,29.63,29.56,29.6,20800
2007-10-12 20:30:00,29.61,29.65,29.58,29.59,17300
2007-10-12 21:00:00,29.6,29.62,29.58,29.59,25000
2007-10-12 21:30:00,29.59,29.63,29.59,29.63,11500
2007-10-12 22:00:00,29.63,29.63,29.56,29.6,36800
2007-10-12 22:30:00,29.6,29.63,29.59,29.63,20800
2007-10-15 16:30:00,29.34,29.36,29.27,29.27,27100
2007-10-15 17:00:00,29.31,29.31,29.21,29.22,16400
2007-10-15 17:30:00,29.23,29.29,29.15,29.15,29300
2007-10-15 18:00:00,29.15,29.15,28.89,29.06,21700
2007-10-15 18:30:00,29.07,29.13,29.03,29.12,6300
2007-10-15 19:00:00,29.11,29.11,29.04,29.04,6000
2007-10-15 19:30:00,29.02,29.05,28.94,28.99,5600
2007-10-15 20:00:00,28.96,29.1,28.9,29.03,15000
2007-10-15 20:30:00,29.03,29.04,28.99,29.01,5100
2007-10-15 21:00:00,29.0,29.06,28.95,29.06,23800
2007-10-15 21:30:00,29.05,29.11,29.0,29.01,20200
2007-10-15 22:00:00,29.03,29.16,29.0,29.02,90400
2007-10-15 22:30:00,29.04,29.17,29.04,29.16,109400
2007-10-16 16:30:00,28.6,28.62,28.51,28.52,36100
2007-10-16 17:00:00,28.51,28.54,28.28,28.29,182600
2007-10-16 17:30:00,28.3,28.32,28.12,28.18,111600
2007-10-16 18:00:00,28.19,28.41,28.19,28.35,138600
2007-10-16 18:30:00,28.35,28.53,28.35,28.52,174400
2007-10-16 19:00:00,28.51,28.68,28.48,28.67,124200
2007-10-16 19:30:00,28.67,28.68,28.63,28.65,48000
2007-10-16 20:00:00,28.65,28.67,28.5,28.54,104400
2007-10-16 20:30:00,28.53,28.55,28.5,28.5,86600
2007-10-16 21:00:00,28.51,28.51,28.49,28.49,32200
2007-10-16 21:30:00,28.48,28.5,28.46,28.49,37500
2007-10-16 22:00:00,28.49,28.5,28.37,28.41,24500
2007-10-16 22:30:00,28.4,28.43,28.31,28.32,91600
2007-10-17 16:30:00,29.14,29.21,29.09,29.1,17300
2007-10-17 17:00:00,29.06,29.22,29.03,29.2,15400
2007-10-17 17:30:00,29.19,29.23,29.08,29.15,20800
2007-10-17 18:00:00,29.14,29.16,29.0,29.05,17000
2007-10-17 18:30:00,29.05,29.2,29.05,29.18,8100
2007-10-17 19:00:00,29.18,29.23,29.04,29.06,13200
2007-10-17 19:30:00,29.05,29.11,28.98,28.98,5300
2007-10-17 20:00:00,28.98,28.99,28.74,28.82,78600
2007-10-17 20:30:00,28.81,28.84,28.71,28.74,13900
2007-10-17 21:00:00,28.73,28.78,28.72,28.77,8500
2007-10-17 21:30:00,28.76,28.87,28.71,28.82,30800
2007-10-17 22:00:00,28.89,29.04,28.86,29.02,22600
2007-10-17 22:30:00,29.02,29.16,28.97,29.12,31400
2007-10-18 16:30:00,28.81,28.85,28.6,28.6,14200
2007-10-18 17:00:00,28.63,28.67,28.51,28.53,131300
2007-10-18 17:30:00,28.54,28.67,28.54,28.64,67100
2007-10-18 18:00:00,28.63,28.66,28.58,28.59,47600
2007-10-18 18:30:00,28.59,28.75,28.57,28.75,22200
2007-10-18 19:00:00,28.72,28.76,28.7,28.73,10800
2007-10-18 19:30:00,28.74,28.8,28.73,28.77,15200
2007-10-18 20:00:00,28.75,28.8,28.74,28.74,8600
2007-10-18 20:30:00,28.75,28.9,28.75,28.9,11000
2007-10-18 21:00:00,28.89,28.96,28.89,28.91,15700
2007-10-18 21:30:00,28.9,28.9,28.78,28.83,19000
2007-10-18 22:00:00,28.83,28.88,28.82,28.84,27400
2007-10-18 22:30:00,28.83,28.85,28.77,28.84,24400
2007-10-19 16:30:00,28.53,28.6,28.45,28.57,15000
2007-10-19 17:00:00,28.6,28.6,28.4,28.42,35400
2007-10-19 17:30:00,28.44,28.44,28.11,28.11,13200
2007-10-19 18:00:00,28.11,28.11,27.89,28.02,120300
2007-10-19 18:30:00,28.03,28.09,27.88,28.08,124600
2007-10-19 19:00:00,28.07,28.14,28.02,28.09,9100
2007-10-19 19:30:00,28.09,28.13,28.02,28.03,4800
2007-10-19 20:00:00,28.01,28.03,27.98,28.03,24400
2007-10-19 20:30:00,28.02,28.08,28.01,28.07,14000
2007-10-19 21:00:00,28.06,28.06,27.9,28.01,22400
2007-10-19 21:30:00,28.0,28.02,27.87,27.92,45100
2007-10-19 22:00:00,27.91,27.95,27.81,27.82,47600
2007-10-19 22:30:00,27.82,27.85,27.67,27.7,169100
2007-10-22 16:30:00,27.12,27.57,27.1,27.42,140800
2007-10-22 17:00:00,27.44,27.76,27.43,27.73,50700
2007-10-22 17:30:00,27.73,27.76,27.5,27.53,47700
2007-10-22 18:00:00,27.53,27.67,27.5,27.64,29400
2007-10-22 18:30:00,27.68,27.8,27.64,27.74,40600
2007-10-22 19:00:00,27.74,27.74,27.57,27.64,17100
2007-10-22 19:30:00,27.65,27.78,27.64,27.77,16200
2007-10-22 20:00:00,27.77,27.9,27.74,27.9,22900
2007-10-22 20:30:00,27.9,27.97,27.88,27.94,66600
2007-10-22 21:00:00,27.94,28.02,27.84,27.96,50000
2007-10-22 21:30:00,27.97,27.99,27.86,27.88,25600
2007-10-22 22:00:00,27.86,27.91,27.81,27.86,21600
2007-10-22 22:30:00,27.88,27.96,27.85,27.89,25900
2007-10-23 16:30:00,28.57,28.57,28.45,28.46,88500
2007-10-23 17:00:00,28.47,28.58,28.45,28.54,42500
2007-10-23 17:30:00,28.57,28.59,28.47,28.47,162400
2007-10-23 18:00:00,28.46,28.48,28.26,28.26,48400
2007-10-23 18:30:00,28.26,28.41,28.22,28.4,7400
2007-10-23 19:00:00,28.4,28.44,28.35,28.35,6900
2007-10-23 19:30:00,28.38,28.43,28.38,28.42,2100
2007-10-23 20:00:00,28.41,28.53,28.39,28.5,5000
2007-10-23 20:30:00,28.49,28.55,28.49,28.52,7000
2007-10-23 21:00:00,28.52,28.66,28.51,28.63,34500
2007-10-23 21:30:00,28.61,28.74,28.61,28.71,109100
2007-10-23 22:00:00,28.72,28.81,28.68,28.72,95900
2007-10-23 22:30:00,28.72,28.86,28.68,28.79,149100
2007-10-24 16:30:00,29.13,29.19,29.03,29.1,51300
2007-10-24 17:00:00,29.08,29.08,28.88,28.91,44100
2007-10-24 17:30:00,28.92,28.92,28.61,28.67,69900
2007-10-24 18:00:00,28.67,28.67,28.3,28.59,112700
2007-10-24 18:30:00,28.6,28.73,28.56,28.65,10400
2007-10-24 19:00:00,28.65,28.76,28.65,28.74,8100
2007-10-24 19:30:00,28.75,28.77,28.6,28.67,5200
2007-10-24 20:00:00,28.65,28.75,28.63,28.71,61200
2007-10-24 20:30:00,28.72,28.75,28.65,28.65,53400
2007-10-24 21:00:00,28.67,28.76,28.57,28.75,34300
2007-10-24 21:30:00,28.8,28.96,28.74,28.95,49300
2007-10-24 22:00:00,28.96,29.11,28.95,29.1,38300
2007-10-24 22:30:00,29.13,29.18,29.04,29.14,73800
2007-10-25 16:30:00,29.24,29.25,28.97,28.97,9200
2007-10-25 17:00:00,28.99,29.25,28.99,29.22,29200
2007-10-25 17:30:00,29.24,29.3,29.2,29.21,14400
2007-10-25 18:00:00,29.22,29.22,28.84,28.94,105700
2007-10-25 18:30:00,28.94,29.14,28.85,28.85,13700
2007-10-25 19:00:00,28.85,28.95,28.77,28.94,9400
2007-10-25 19:30:00,28.93,28.97,28.86,28.93,18000
2007-10-25 20:00:00,28.92,28.94,28.73,28.79,14200
2007-10-25 20:30:00,28.81,28.89,28.79,28.85,52400
2007-10-25 21:00:00,28.84,28.97,28.76,28.97,23000
2007-10-25 21:30:00,29.0,29.09,28.88,29.07,76000
2007-10-25 22:00:00,29.06,29.08,28.99,29.05,19800
2007-10-25 22:30:00,29.05,29.15,29.03,29.1,128700
2007-10-26 16:30:00,29.38,29.4,29.21,29.22,36200
2007-10-26 17:00:00,29.22,29.24,29.17,29.22,95100
2007-10-26 17:30:00,29.22,29.4,29.21,29.4,12200
2007-10-26 18:00:00,29.41,29.44,29.17,29.17,6100
2007-10-26 18:30:00,29.17,29.35,29.17,29.29,93400
2007-10-26 19:00:00,29.25,29.31,29.24,29.31,6700
2007-10-26 19:30:00,29.33,29.36,29.31,29.33,8000
2007-10-26 20:00:00,29.35,29.44,29.34,29.4,37500
2007-10-26 20:30:00,29.4,29.44,29.35,29.43,3700
2007-10-26 21:00:00,29.43,29.6,29.4,29.54,25000
2007-10-26 21:30:00,29.57,29.66,29.56,29.64,28300
2007-10-26 22:00:00,29.65,29.74,29.57,29.6,146800
2007-10-26 22:30:00,29.59,29.67,29.56,29.67,90300
2007-10-29 16:30:00,29.85,29.91,29.8,29.8,24100
2007-10-29 17:00:00,29.79,29.81,29.65,29.74,49700
2007-10-29 17:30:00,29.74,29.74,29.64,29.67,27500
2007-10-29 18:00:00,29.65,29.72,29.64,29.65,9200
2007-10-29 18:30:00,29.62,29.62,29.47,29.5,45400
2007-10-29 19:00:00,29.47,29.52,29.39,29.43,37400
2007-10-29 19:30:00,29.42,29.54,29.4,29.54,16600
2007-10-29 20:00:00,29.53,29.58,29.53,29.58,6200
2007-10-29 20:30:00,29.58,29.6,29.5,29.58,12100
2007-10-29 21:00:00,29.6,29.61,29.54,29.57,1700
2007-10-29 21:30:00,29.59,29.63,29.55,29.62,11800
2007-10-29 22:00:00,29.62,29.65,29.61,29.65,19200
2007-10-29 22:30:00,29.65,29.68,29.64,29.67,60200
2007-10-30 16:30:00,30.12,30.2,30.1,30.14,173700
2007-10-30 17:00:00,30.14,30.23,30.1,30.15,22500
2007-10-30 17:30:00,30.15,30.23,30.13,30.17,46500
2007-10-30 18:00:00,30.17,30.17,30.1,30.11,33000
2007-10-30 18:30:00,30.12,30.16,30.1,30.13,33500
2007-10-30 19:00:00,30.13,30.14,30.03,30.03,19900
2007-10-30 19:30:00,29.99,30.07,29.99,30.07,13000
2007-10-30 20:00:00,30.07,30.16,30.05,30.12,25000
2007-10-30 20:30:00,30.12,30.18,30.09,30.17,12700
2007-10-30 21:00:00,30.16,30.16,30.13,30.15,2600
2007-10-30 21:30:00,30.16,30.17,30.1,30.13,12000
2007-10-30 22:00:00,30.13,30.15,30.08,30.08,20900
2007-10-30 22:30:00,30.07,30.1,30.02,30.07,71600
2007-10-31 16:30:00,30.4,30.43,30.31,30.32,36900
2007-10-31 17:00:00,30.33,30.49,30.27,30.48,28200
2007-10-31 17:30:00,30.47,30.57,30.47,30.48,103600
2007-10-31 18:00:00,30.48,30.57,30.48,30.53,152600
2007-10-31 18:30:00,30.54,30.66,30.53,30.66,89600
2007-10-31 19:00:00,30.67,30.75,30.55,30.69,184500
2007-10-31 19:30:00,30.64,30.79,30.62,30.75,28800
2007-10-31 20:00:00,30.76,30.78,30.72,30.75,55300
2007-10-31 20:30:00,30.76,30.76,30.56,30.66,80600
2007-10-31 21:00:00,30.64,30.66,30.3,30.43,76800
2007-10-31 21:30:00,30.43,30.82,30.43,30.76,115600
2007-10-31 22:00:00,30.75,30.86,30.59,30.63,74700
2007-10-31 22:30:00,30.64,30.79,30.62,30.67,175500
2007-11-01 16:30:00,30.3,30.3,30.04,30.04,26300
2007-11-01 17:00:00,30.05,30.11,29.75,29.85,69200
2007-11-01 17:30:00,29.86,30.03,29.85,29.85,32900
2007-11-01 18:00:00,29.86,29.93,29.65,29.85,64200
2007-11-01 18:30:00,29.85,29.85,29.47,29.5,69300
2007-11-01 19:00:00,29.5,29.83,29.5,29.82,33800
2007-11-01 19:30:00,29.79,29.88,29.7,29.75,17500
2007-11-01 20:00:00,29.77,29.85,29.75,29.8,68400
2007-11-01 20:30:00,29.76,29.8,29.71,29.75,47500
2007-11-01 21:00:00,29.76,29.79,29.63,29.63,21500
2007-11-01 21:30:00,29.62,29.75,29.62,29.72,59100
2007-11-01 22:00:00,29.72,29.72,29.51,29.52,23100
2007-11-01 22:30:00,29.51,29.58,29.33,29.41,59700
2007-11-02 16:30:00,29.13,29.14,28.96,28.96,38700
2007-11-02 17:00:00,29.02,29.07,28.85,28.94,51100
2007-11-02 17:30:00,29.01,29.13,29.0,29.08,33700
2007-11-02 18:00:00,29.06,29.1,28.93,28.95,16800
2007-11-02 18:30:00,28.96,29.07,28.93,29.02,104100
2007-11-02 19:00:00,29.01,29.19,29.0,29.14,234400
2007-11-02 19:30:00,29.16,29.32,29.12,29.32,17800
2007-11-02 20:00:00,29.37,29.43,29.15,29.15,25900
2007-11-02 20:30:00,29.19,29.32,29.17,29.22,10800
2007-11-02 21:00:00,29.24,29.26,29.14,29.26,11500
2007-11-02 21:30:00,29.21,29.21,29.05,29.07,18300
2007-11-02 22:00:00,29.07,29.24,29.03,29.2,28700
2007-11-02 22:30:00,29.18,29.33,29.14,29.25,88800
2007-11-05 16:30:00,28.53,28.7,28.53,28.66,51300
2007-11-05 17:00:00,28.68,28.77,28.66,28.77,53900
2007-11-05 17:30:00,28.75,28.81,28.75,28.75,70000
2007-11-05 18:00:00,28.76,28.83,28.72,28.8,26900
2007-11-05 18:30:00,28.84,28.95,28.81,28.91,13700
2007-11-05 19:00:00,28.9,28.9,28.71,28.78,7200
2007-11-05 19:30:00,28.78,28.86,28.75,28.82,15800
2007-11-05 20:00:00,28.83,28.83,28.74,28.76,13300
2007-11-05 20:30:00,28.76,28.76,28.59,28.6,33100
2007-11-05 21:00:00,28.6,28.67,28.54,28.57,37900
2007-11-05 21:30:00,28.55,28.76,28.52,28.7,30800
2007-11-05 22:00:00,28.69,29.03,28.67,29.0,77300
2007-11-05 22:30:00,29.03,29.05,28.97,28.97,88200
2007-11-06 16:30:00,28.55,29.6,28.55,29.46,71308
2007-11-06 17:00:00,29.46,29.57,29.32,29.32,51800
2007-11-06 17:30:00,29.33,29.39,29.22,29.22,97900
2007-11-06 18:00:00,29.23,29.24,29.11,29.12,11000
2007-11-06 18:30:00,29.13,29.25,29.1,29.24,13500
2007-11-06 19:00:00,29.25,29.29,29.25,29.29,64000
2007-11-06 19:30:00,29.29,29.31,29.24,29.29,75500
2007-11-06 20:00:00,29.25,29.42,29.22,29.26,38500
2007-11-06 20:30:00,29.27,29.36,29.25,29.29,51000
2007-11-06 21:00:00,29.28,29.42,29.27,29.3,19100
2007-11-06 21:30:00,29.29,29.3,29.25,29.3,15100
2007-11-06 22:00:00,29.3,29.45,29.3,29.33,104800
2007-11-06 22:30:00,29.36,29.54,29.33,29.4,154200
2007-11-07 16:30:00,29.08,29.15,29.03,29.1,88200
2007-11-07 17:00:00,29.11,29.12,29.03,29.04,49400
2007-11-07 17:30:00,29.04,29.13,28.91,29.12,19000
2007-11-07 18:00:00,29.12,29.14,28.95,29.05,17700
2007-11-07 18:30:00,29.06,29.06,28.92,29.0,15300
2007-11-07 19:00:00,28.99,28.99,28.79,28.98,46900
2007-11-07 19:30:00,29.01,29.03,28.67,28.67,48400
2007-11-07 20:00:00,28.67,28.69,28.46,28.64,69800
2007-11-07 20:30:00,28.65,28.72,28.6,28.71,74000
2007-11-07 21:00:00,28.7,28.7,28.53,28.58,64100
2007-11-07 21:30:00,28.6,28.61,28.45,28.52,30400
2007-11-07 22:00:00,28.52,28.59,28.34,28.36,95300
2007-11-07 22:30:00,28.35,28.55,28.18,28.25,83300
2007-11-08 16:30:00,27.4,27.87,27.39,27.7,464800
2007-11-08 17:00:00,27.71,27.81,27.57,27.69,118900
2007-11-08 17:30:00,27.67,27.67,27.35,27.52,146400
2007-11-08 18:00:00,27.52,28.42,27.35,27.62,107700
2007-11-08 18:30:00,27.64,27.79,27.41,27.56,76100
2007-11-08 19:00:00,27.6,27.6,27.36,27.43,38700
2007-11-08 19:30:00,27.43,27.5,27.36,27.48,56700
2007-11-08 20:00:00,27.49,27.57,27.3,27.31,59200
2007-11-08 20:30:00,27.31,27.5,27.31,27.43,29400
2007-11-08 21:00:00,27.49,27.5,27.35,27.41,57000
2007-11-08 21:30:00,27.38,27.46,27.27,27.44,35600
2007-11-08 22:00:00,27.48,27.66,27.4,27.66,54200
2007-11-08 22:30:00,27.65,28.11,27.49,27.87,193933
2007-11-09 16:30:00,26.62,26.69,26.56,26.63,43900
2007-11-09 17:00:00,26.61,26.92,26.48,26.75,52400
2007-11-09 17:30:00,26.77,26.79,26.4,26.44,50500
2007-11-09 18:00:00,26.44,26.45,26.12,26.26,221600
2007-11-09 18:30:00,26.24,26.74,26.17,26.74,102000
2007-11-09 19:00:00,26.73,27.3,26.51,26.91,265600
2007-11-09 19:30:00,26.9,27.06,26.89,26.93,57800
2007-11-09 20:00:00,26.91,26.94,26.79,26.91,47000
2007-11-09 20:30:00,26.9,26.91,26.8,26.88,91200
2007-11-09 21:00:00,26.87,27.06,26.77,27.03,82000
2007-11-09 21:30:00,27.03,27.19,27.0,27.17,62700
2007-11-09 22:00:00,27.16,27.34,27.14,27.21,188800
2007-11-09 22:30:00,27.2,27.21,27.0,27.1,276600
2007-11-12 16:30:00,26.67,26.83,26.41,26.75,171101
2007-11-12 17:00:00,26.74,26.88,26.72,26.88,50600
2007-11-12 17:30:00,26.88,26.96,26.64,26.77,219100
2007-11-12 18:00:00,26.75,26.93,26.69,26.93,137600
2007-11-12 18:30:00,26.96,27.28,26.8,26.98,185800
2007-11-12 19:00:00,26.99,27.18,26.99,27.15,90800
2007-11-12 19:30:00,27.15,27.24,27.07,27.1,46800
2007-11-12 20:00:00,27.1,27.17,26.99,27.12,34100
2007-11-12 20:30:00,27.11,27.12,26.95,26.99,59200
2007-11-12 21:00:00,27.01,27.05,26.95,27.05,37700
2007-11-12 21:30:00,27.05,27.13,27.02,27.05,18700
2007-11-12 22:00:00,27.05,27.05,26.9,26.94,78400
2007-11-12 22:30:00,26.91,26.95,26.65,26.76,223400
2007-11-13 16:30:00,27.37,27.62,27.37,27.49,193300
2007-11-13 17:00:00,27.47,27.67,27.47,27.5,49400
2007-11-13 17:30:00,27.51,27.51,27.43,27.44,32800
2007-11-13 18:00:00,27.42,27.5,27.41,27.45,31000
2007-11-13 18:30:00,27.45,27.6,27.45,27.53,22900
2007-11-13 19:00:00,27.53,27.58,27.5,27.55,25700
2007-11-13 19:30:00,27.57,27.6,27.52,27.55,18900
2007-11-13 20:00:00,27.55,27.58,27.53,27.58,8000
2007-11-13 20:30:00,27.58,27.68,27.53,27.62,12900
2007-11-13 21:00:00,27.61,27.72,27.6,27.7,259100
2007-11-13 21:30:00,27.7,27.74,27.69,27.7,41600
2007-11-13 22:00:00,27.69,27.79,27.69,27.76,215200
2007-11-13 22:30:00,27.77,28.05,27.75,28.02,61000
2007-11-14 16:30:00,28.06,28.17,27.94,27.95,94900
2007-11-14 17:00:00,27.97,28.02,27.87,27.92,106100
2007-11-14 17:30:00,27.89,27.96,27.81,27.89,118000
2007-11-14 18:00:00,27.88,27.94,27.69,27.88,108600
2007-11-14 18:30:00,27.91,28.06,27.82,27.98,42100
2007-11-14 19:00:00,27.97,28.02,27.95,28.0,15800
2007-11-14 19:30:00,28.01,28.03,27.97,27.98,18300
2007-11-14 20:00:00,27.98,28.13,27.98,28.12,74400
2007-11-14 20:30:00,28.12,28.19,28.09,28.15,50100
2007-11-14 21:00:00,28.15,28.29,28.12,28.28,13700
2007-11-14 21:30:00,28.29,28.29,28.15,28.19,21800
2007-11-14 22:00:00,28.19,28.26,28.13,28.21,16900
2007-11-14 22:30:00,28.23,28.26,27.93,27.97,182700
2007-11-15 16:30:00,26.57,26.86,26.57,26.69,330700
2007-11-15 17:00:00,26.69,26.83,26.66,26.8,144900
2007-11-15 17:30:00,26.81,26.82,26.71,26.72,94700
2007-11-15 18:00:00,26.69,26.76,26.52,26.55,148100
2007-11-15 18:30:00,26.59,26.6,26.41,26.5,49000
2007-11-15 19:00:00,26.51,26.66,26.43,26.6,144900
2007-11-15 19:30:00,26.6,26.6,26.36,26.5,85000
2007-11-15 20:00:00,26.5,26.62,26.5,26.58,45600
2007-11-15 20:30:00,26.57,26.64,26.54,26.54,47000
2007-11-15 21:00:00,26.55,26.55,26.36,26.48,52100
2007-11-15 21:30:00,26.48,26.53,26.24,26.25,46000
2007-11-15 22:00:00,26.25,26.38,26.24,26.34,50300
2007-11-15 22:30:00,26.33,26.51,26.07,26.5,112600
2007-11-16 16:30:00,26.75,26.84,26.61,26.61,111300
2007-11-16 17:00:00,26.59,26.59,26.4,26.4,25900
2007-11-16 17:30:00,26.37,26.43,26.26,26.39,44600
2007-11-16 18:00:00,26.38,26.43,26.26,26.3,409500
2007-11-16 18:30:00,26.29,26.55,26.24,26.53,13400
2007-11-16 19:00:00,26.53,26.65,26.5,26.6,17400
2007-11-16 19:30:00,26.6,26.66,26.53,26.57,43000
2007-11-16 20:00:00,26.56,26.65,26.52,26.58,23700
2007-11-16 20:30:00,26.59,26.65,26.58,26.59,23000
2007-11-16 21:00:00,26.59,26.61,26.4,26.47,61400
2007-11-16 21:30:00,26.47,26.47,26.35,26.43,25200
2007-11-16 22:00:00,26.44,26.6,26.43,26.58,45600
2007-11-16 22:30:00,26.56,26.65,26.48,26.62,89700
2007-11-19 16:30:00,25.99,26.02,25.9,25.95,73700
2007-11-19 17:00:00,25.94,26.07,25.88,26.05,106400
2007-11-19 17:30:00,26.03,26.03,25.84,25.91,67900
2007-11-19 18:00:00,25.91,25.91,25.69,25.79,107600
2007-11-19 18:30:00,25.79,25.85,25.77,25.77,50000
2007-11-19 19:00:00,25.78,25.96,25.76,25.96,19600
2007-11-19 19:30:00,25.95,25.97,25.8,25.84,45100
2007-11-19 20:00:00,25.84,25.85,25.66,25.8,78100
2007-11-19 20:30:00,25.8,25.82,25.69,25.7,72500
2007-11-19 21:00:00,25.7,25.93,25.7,25.92,46200
2007-11-19 21:30:00,25.91,26.03,25.9,25.96,126600
2007-11-19 22:00:00,25.96,26.03,25.88,26.0,103100
2007-11-19 22:30:00,25.99,25.99,25.82,25.86,101500
2007-11-20 16:30:00,25.95,26.1,25.95,26.09,73520
2007-11-20 17:00:00,26.09,26.16,25.95,26.03,161000
2007-11-20 17:30:00,26.02,26.17,26.0,26.16,85500
2007-11-20 18:00:00,26.15,26.25,25.99,26.04,67800
2007-11-20 18:30:00,26.06,26.09,25.96,25.96,55000
2007-11-20 19:00:00,25.96,26.06,25.87,26.03,67100
2007-11-20 19:30:00,25.99,26.02,25.88,25.96,47900
2007-11-20 20:00:00,25.93,25.93,25.7,25.8,85900
2007-11-20 20:30:00,25.81,25.92,25.78,25.91,73700
2007-11-20 21:00:00,25.88,26.0,25.7,25.75,82300
2007-11-20 21:30:00,25.74,25.86,25.69,25.74,41000
2007-11-20 22:00:00,25.74,25.83,25.61,25.82,56400
2007-11-20 22:30:00,25.85,26.15,25.85,26.1,132000
2007-11-21 16:30:00,25.13,25.14,25.02,25.11,179900
2007-11-21 17:00:00,25.08,25.11,25.01,25.06,419100
2007-11-21 17:30:00,25.06,25.14,25.03,25.05,174500
2007-11-21 18:00:00,25.06,25.28,25.04,25.23,110400
2007-11-21 18:30:00,25.24,25.25,25.09,25.09,57800
2007-11-21 19:00:00,25.13,25.2,25.08,25.16,19000
2007-11-21 19:30:00,25.15,25.51,25.13,25.5,75400
2007-11-21 20:00:00,25.49,25.52,25.31,25.31,20900
2007-11-21 20:30:00,25.32,25.37,25.26,25.35,9800
2007-11-21 21:00:00,25.36,25.43,25.33,25.37,11500
2007-11-21 21:30:00,25.41,25.49,25.41,25.49,26900
2007-11-21 22:00:00,25.49,25.59,25.43,25.43,52900
2007-11-21 22:30:00,25.43,25.46,24.99,25.25,88000
2007-11-23 16:30:00,25.75,25.91,25.71,25.9,41600
2007-11-23 17:00:00,25.88,25.88,25.79,25.81,83300
2007-11-23 17:30:00,25.8,25.8,25.73,25.77,67300
2007-11-23 18:00:00,25.78,25.95,25.74,25.89,15700
2007-11-23 18:30:00,25.9,25.98,25.89,25.96,8300
2007-11-23 19:00:00,25.95,26.02,25.95,26.01,4300
2007-11-23 19:30:00,26.01,26.12,25.96,26.05,14700
2007-11-23 20:00:00,26.08,26.08,25.83,25.83,800
2007-11-26 16:30:00,26.35,26.4,26.22,26.38,61700
2007-11-26 17:00:00,26.39,26.4,26.08,26.1,93800
2007-11-26 17:30:00,26.12,26.21,26.04,26.04,63300
2007-11-26 18:00:00,26.03,26.11,25.81,25.95,54100
2007-11-26 18:30:00,25.95,25.96,25.85,25.89,28600
2007-11-26 19:00:00,25.91,25.96,25.84,25.94,12700
2007-11-26 19:30:00,25.95,26.0,25.92,26.0,13500
2007-11-26 20:00:00,26.0,26.04,25.93,25.93,17400
2007-11-26 20:30:00,25.93,26.01,25.85,25.88,9700
2007-11-26 21:00:00,25.89,25.98,25.84,25.95,13300
2007-11-26 21:30:00,25.97,25.97,25.76,25.76,19500
2007-11-26 22:00:00,25.77,25.79,25.51,25.54,29700
2007-11-26 22:30:00,25.55,25.61,25.35,25.35,35900
2007-11-27 16:30:00,25.07,25.36,24.99,25.34,108695
2007-11-27 17:00:00,25.33,25.33,24.97,25.1,244700
2007-11-27 17:30:00,25.11,25.13,25.02,25.05,157400
2007-11-27 18:00:00,25.05,25.07,24.99,25.01,130000
2007-11-27 18:30:00,25.0,25.03,24.9,24.98,154100
2007-11-27 19:00:00,24.96,25.02,24.95,24.99,1185800
2007-11-27 19:30:00,24.99,25.12,24.98,25.08,156600
2007-11-27 20:00:00,25.08,25.16,25.04,25.11,146200
2007-11-27 20:30:00,25.12,25.12,25.03,25.05,54200
2007-11-27 21:00:00,25.04,25.06,24.94,25.02,136400
2007-11-27 21:30:00,25.01,25.09,24.95,25.06,265600
2007-11-27 22:00:00,25.06,25.17,25.0,25.1,166900
2007-11-27 22:30:00,25.1,25.36,25.06,25.33,187700
2007-11-28 16:30:00,25.7,25.88,25.7,25.82,268600
2007-11-28 17:00:00,25.82,25.91,25.77,25.85,77600
2007-11-28 17:30:00,25.85,26.12,25.81,26.04,128900
2007-11-28 18:00:00,26.03,26.06,25.8,25.97,163200
2007-11-28 18:30:00,25.97,26.1,25.94,26.05,70900
2007-11-28 19:00:00,26.07,26.23,26.07,26.21,72000
2007-11-28 19:30:00,26.21,26.23,26.15,26.18,60100
2007-11-28 20:00:00,26.19,26.28,26.15,26.28,42200
2007-11-28 20:30:00,26.3,26.35,26.26,26.31,33300
2007-11-28 21:00:00,26.32,26.45,26.28,26.42,54700
2007-11-28 21:30:00,26.43,26.5,26.4,26.46,93700
2007-11-28 22:00:00,26.47,26.58,26.42,26.55,71600
2007-11-28 22:30:00,26.56,26.63,26.45,26.58,219500
2007-11-29 16:30:00,26.63,26.64,26.45,26.49,93200
2007-11-29 17:00:00,26.5,26.52,26.37,26.42,149900
2007-11-29 17:30:00,26.42,26.63,26.39,26.4,548400
2007-11-29 18:00:00,26.41,26.56,26.37,26.43,289300
2007-11-29 18:30:00,26.44,26.74,26.44,26.7,212600
2007-11-29 19:00:00,26.73,26.76,26.61,26.68,41000
2007-11-29 19:30:00,26.68,26.74,26.56,26.57,220900
2007-11-29 20:00:00,26.57,26.65,26.57,26.63,81300
2007-11-29 20:30:00,26.63,26.68,26.56,26.65,129400
2007-11-29 21:00:00,26.66,26.66,26.56,26.64,60100
2007-11-29 21:30:00,26.63,26.69,26.58,26.66,111600
2007-11-29 22:00:00,26.67,26.78,26.66,26.78,100600
2007-11-29 22:30:00,26.79,26.94,26.67,26.83,309600
2007-11-30 16:30:00,26.02,26.71,26.01,26.48,1071246
2007-11-30 17:00:00,26.48,26.48,26.03,26.2,1668700
2007-11-30 17:30:00,26.2,26.35,25.82,25.89,927200
2007-11-30 18:00:00,25.89,26.09,25.86,26.06,677300
2007-11-30 18:30:00,26.07,26.5,25.98,26.5,470900
2007-11-30 19:00:00,26.49,26.68,26.39,26.52,370849
2007-11-30 19:30:00,26.52,26.64,26.48,26.56,204600
2007-11-30 20:00:00,26.56,26.75,26.49,26.73,242400
2007-11-30 20:30:00,26.75,26.77,26.57,26.76,302500
2007-11-30 21:00:00,26.78,26.79,26.6,26.7,292200
2007-11-30 21:30:00,26.65,26.7,26.35,26.35,345200
2007-11-30 22:00:00,26.35,26.36,26.12,26.33,312900
2007-11-30 22:30:00,26.33,26.39,26.19,26.24,409900
2007-12-03 16:30:00,25.31,25.54,25.12,25.21,1704300
2007-12-03 17:00:00,25.2,25.79,25.2,25.52,2740200
2007-12-03 17:30:00,25.52,25.75,25.52,25.69,1766700
2007-12-03 18:00:00,25.69,26.11,25.6,26.11,1824200
2007-12-03 18:30:00,26.11,26.72,25.97,26.52,2271700
2007-12-03 19:00:00,26.51,26.68,26.43,26.68,1045956
2007-12-03 19:30:00,26.67,26.92,26.61,26.81,439800
2007-12-03 20:00:00,26.81,27.17,26.79,27.14,608900
2007-12-03 20:30:00,27.14,27.14,26.64,26.8,546800
2007-12-03 21:00:00,26.8,26.9,26.77,26.85,385400
2007-12-03 21:30:00,26.85,26.93,26.75,26.92,669100
2007-12-03 22:00:00,26.92,27.07,26.77,26.99,1097600
2007-12-03 22:30:00,26.99,27.45,26.95,27.3,5712500
2007-12-04 16:30:00,27.03,27.18,26.61,26.91,949100
2007-12-04 17:00:00,26.91,27.05,26.73,26.97,1003800
2007-12-04 17:30:00,26.98,27.01,26.89,27.0,655800
2007-12-04 18:00:00,27.0,27.52,27.0,27.47,821100
2007-12-04 18:30:00,27.46,27.46,27.15,27.32,557300
2007-12-04 19:00:00,27.32,27.44,27.24,27.29,274100
2007-12-04 19:30:00,27.29,27.57,27.27,27.5,592800
2007-12-04 20:00:00,27.49,27.82,27.45,27.52,803600
2007-12-04 20:30:00,27.52,27.75,27.48,27.71,449900
2007-12-04 21:00:00,27.72,27.94,27.68,27.79,565800
2007-12-04 21:30:00,27.79,28.33,27.74,28.22,557600
2007-12-04 22:00:00,28.23,28.25,27.55,27.79,1025200
2007-12-04 22:30:00,27.8,27.87,27.4,27.5,1339800
2007-12-05 16:30:00,27.95,28.45,27.3,27.42,816400
2007-12-05 17:00:00,27.46,27.66,27.23,27.42,713600
2007-12-05 17:30:00,27.43,27.49,27.32,27.47,730700
2007-12-05 18:00:00,27.47,27.65,27.44,27.63,356100
2007-12-05 18:30:00,27.62,27.66,27.42,27.6,478100
2007-12-05 19:00:00,27.58,27.8,27.4,27.59,505800
2007-12-05 19:30:00,27.57,27.6,27.43,27.44,374700
2007-12-05 20:00:00,27.46,27.63,27.43,27.57,469300
2007-12-05 20:30:00,27.56,27.57,27.45,27.53,349200
2007-12-05 21:00:00,27.53,27.58,27.37,27.48,505700
2007-12-05 21:30:00,27.49,27.65,27.28,27.45,669500
2007-12-05 22:00:00,27.47,27.55,27.39,27.5,562300
2007-12-05 22:30:00,27.5,27.93,27.45,27.81,1220300
2007-12-06 16:30:00,27.55,27.58,27.3,27.37,491600
2007-12-06 17:00:00,27.38,27.49,27.37,27.41,544800
2007-12-06 17:30:00,27.41,27.77,27.4,27.49,624400
2007-12-06 18:00:00,27.49,27.49,27.33,27.42,472900
2007-12-06 18:30:00,27.42,27.45,27.37,27.44,142300
2007-12-06 19:00:00,27.43,27.47,27.37,27.38,176200
2007-12-06 19:30:00,27.39,27.44,27.38,27.42,190300
2007-12-06 20:00:00,27.42,27.53,27.4,27.48,415000
2007-12-06 20:30:00,27.49,27.49,27.39,27.4,236700
2007-12-06 21:00:00,27.4,27.52,27.39,27.45,372800
2007-12-06 21:30:00,27.46,27.64,27.4,27.62,390300
2007-12-06 22:00:00,27.63,27.72,27.55,27.7,480300
2007-12-06 22:30:00,27.68,27.8,27.36,27.58,784500
2007-12-07 16:30:00,27.5,27.84,27.49,27.6,773400
2007-12-07 17:00:00,27.6,27.72,27.57,27.7,605900
2007-12-07 17:30:00,27.69,27.75,27.68,27.73,842000
2007-12-07 18:00:00,27.74,28.0,27.73,27.96,1127000
2007-12-07 18:30:00,27.95,28.09,27.9,27.9,1167100
2007-12-07 19:00:00,27.91,28.01,27.86,27.96,333600
2007-12-07 19:30:00,27.96,28.04,27.85,27.97,393500
2007-12-07 20:00:00,27.97,28.04,27.85,27.94,460400
2007-12-07 20:30:00,27.94,28.01,27.89,27.96,405300
2007-12-07 21:00:00,27.96,28.12,27.96,28.1,409400
2007-12-07 21:30:00,28.1,28.39,28.08,28.23,419200
2007-12-07 22:00:00,28.23,28.35,28.18,28.2,760200
2007-12-07 22:30:00,28.2,28.33,27.99,28.23,783721
2007-12-10 16:30:00,27.6,29.11,27.39,28.02,564200
2007-12-10 17:00:00,28.01,28.04,27.92,28.02,792600
2007-12-10 17:30:00,28.02,28.14,28.0,28.09,429200
2007-12-10 18:00:00,28.08,28.14,28.04,28.1,298400
2007-12-10 18:30:00,28.1,28.35,28.03,28.08,598100
2007-12-10 19:00:00,28.08,28.13,28.02,28.1,453800
2007-12-10 19:30:00,28.1,28.13,28.04,28.09,320600
2007-12-10 20:00:00,28.09,28.21,28.05,28.17,484600
2007-12-10 20:30:00,28.18,28.38,28.13,28.19,329065
2007-12-10 21:00:00,28.19,28.22,28.16,28.19,209000
2007-12-10 21:30:00,28.19,28.45,28.16,28.43,187300
2007-12-10 22:00:00,28.44,28.47,28.18,28.18,183200
2007-12-10 22:30:00,28.17,28.29,27.97,28.11,600500
2007-12-11 16:30:00,27.69,28.15,27.69,28.01,1242000
2007-12-11 17:00:00,28.0,28.53,27.99,28.3,663400
2007-12-11 17:30:00,28.3,28.41,28.19,28.26,360700
2007-12-11 18:00:00,28.25,28.36,28.25,28.31,210500
2007-12-11 18:30:00,28.32,28.33,28.01,28.18,1357600
2007-12-11 19:00:00,28.18,28.21,28.15,28.2,527600
2007-12-11 19:30:00,28.19,28.37,28.19,28.3,534400
2007-12-11 20:00:00,28.31,28.31,28.24,28.27,428000
2007-12-11 20:30:00,28.26,28.31,28.17,28.3,501000
2007-12-11 21:00:00,28.3,28.35,27.93,28.06,418700
2007-12-11 21:30:00,28.06,28.11,27.82,27.94,656300
2007-12-11 22:00:00,27.95,28.02,27.6,27.98,400100
2007-12-11 22:30:00,27.99,28.01,27.8,27.93,540900
2007-12-12 16:30:00,28.27,28.5,27.58,27.84,1468700
2007-12-12 17:00:00,27.83,27.97,27.78,27.94,444700
2007-12-12 17:30:00,27.94,27.99,27.73,27.95,433800
2007-12-12 18:00:00,27.95,28.38,27.89,27.96,260300
2007-12-12 18:30:00,27.97,28.09,27.75,27.75,549000
2007-12-12 19:00:00,27.76,27.82,27.35,27.59,369200
2007-12-12 19:30:00,27.59,27.65,27.36,27.4,274900
2007-12-12 20:00:00,27.4,27.54,27.36,27.47,297100
2007-12-12 20:30:00,27.48,27.54,27.39,27.46,244700
2007-12-12 21:00:00,27.46,27.47,27.34,27.34,384800
2007-12-12 21:30:00,27.34,27.34,27.04,27.28,301500
2007-12-12 22:00:00,27.28,27.34,27.0,27.16,503800
2007-12-12 22:30:00,27.16,27.4,27.1,27.21,839000
2007-12-13 16:30:00,27.08,27.5,26.99,27.31,467100
2007-12-13 17:00:00,27.31,27.68,27.13,27.47,991600
2007-12-13 17:30:00,27.47,27.48,27.21,27.36,270900
2007-12-13 18:00:00,27.36,27.4,27.22,27.35,392700
2007-12-13 18:30:00,27.35,27.39,27.28,27.36,361200
2007-12-13 19:00:00,27.36,27.39,27.31,27.37,252800
2007-12-13 19:30:00,27.37,27.39,27.25,27.37,158100
2007-12-13 20:00:00,27.37,27.47,27.26,27.39,140600
2007-12-13 20:30:00,27.39,27.5,27.33,27.37,256800
2007-12-13 21:00:00,27.36,27.4,27.29,27.4,268300
2007-12-13 21:30:00,27.4,27.4,27.34,27.38,193200
2007-12-13 22:00:00,27.38,27.39,27.32,27.38,255800
2007-12-13 22:30:00,27.37,27.45,27.22,27.37,342600
2007-12-14 16:30:00,26.1,27.73,26.1,27.2,450300
2007-12-14 17:00:00,27.17,27.41,27.15,27.39,524500
2007-12-14 17:30:00,27.39,27.75,27.32,27.53,662000
2007-12-14 18:00:00,27.53,27.89,27.51,27.74,414200
2007-12-14 18:30:00,27.74,28.08,27.71,28.0,430000
2007-12-14 19:00:00,28.0,28.58,28.0,28.39,570200
2007-12-14 19:30:00,28.42,28.44,28.14,28.14,743500
2007-12-14 20:00:00,28.15,28.2,27.98,28.06,593700
2007-12-14 20:30:00,28.07,28.19,28.05,28.09,300600
2007-12-14 21:00:00,28.1,28.45,28.0,28.41,545800
2007-12-14 21:30:00,28.4,28.41,28.11,28.17,366800
2007-12-14 22:00:00,28.16,28.34,27.93,27.99,465300
2007-12-14 22:30:00,28.0,28.3,27.98,28.26,610900
2007-12-17 16:30:00,27.95,28.08,27.46,27.89,413100
2007-12-17 17:00:00,27.9,28.02,27.79,27.9,612800
2007-12-17 17:30:00,27.91,28.03,27.89,27.96,793400
2007-12-17 18:00:00,27.96,27.98,27.8,27.85,662800
2007-12-17 18:30:00,27.86,28.49,27.79,28.0,539500
2007-12-17 19:00:00,28.0,28.18,27.99,28.05,513700
2007-12-17 19:30:00,28.05,28.33,28.03,28.2,205100
2007-12-17 20:00:00,28.24,28.54,28.09,28.1,417200
2007-12-17 20:30:00,28.1,28.19,28.1,28.15,302900
2007-12-17 21:00:00,28.15,28.17,28.01,28.05,486000
2007-12-17 21:30:00,28.05,28.22,28.0,28.22,319600
2007-12-17 22:00:00,28.24,28.36,28.11,28.3,366200
2007-12-17 22:30:00,28.31,28.95,28.16,28.52,1182100
2007-12-18 16:30:00,29.0,29.91,28.4,28.82,982100
2007-12-18 17:00:00,28.83,29.0,28.5,28.8,519300
2007-12-18 17:30:00,28.8,28.91,28.42,28.63,343000
2007-12-18 18:00:00,28.63,28.75,28.42,28.62,334400
2007-12-18 18:30:00,28.62,28.77,28.41,28.43,622400
2007-12-18 19:00:00,28.44,28.46,28.2,28.4,248500
2007-12-18 19:30:00,28.41,28.66,28.27,28.35,341500
2007-12-18 20:00:00,28.37,28.64,28.19,28.36,298700
2007-12-18 20:30:00,28.34,28.59,28.26,28.52,175100
2007-12-18 21:00:00,28.52,28.72,28.44,28.68,175200
2007-12-18 21:30:00,28.65,28.82,28.64,28.75,198300
2007-12-18 22:00:00,28.75,28.81,28.73,28.75,169700
2007-12-18 22:30:00,28.74,28.9,28.62,28.8,277400
2007-12-19 16:30:00,28.9,29.68,27.67,29.42,745507
2007-12-19 17:00:00,29.37,29.49,28.73,28.82,492200
2007-12-19 17:30:00,28.82,29.3,28.8,29.23,331000
2007-12-19 18:00:00,29.19,29.4,29.19,29.25,591440
2007-12-19 18:30:00,29.25,29.29,29.2,29.25,283020
2007-12-19 19:00:00,29.24,29.35,29.24,29.35,175200
2007-12-19 19:30:00,29.35,29.46,29.34,29.4,263600
2007-12-19 20:00:00,29.41,30.62,29.4,29.76,498400
2007-12-19 20:30:00,29.75,29.89,29.55,29.7,319800
2007-12-19 21:00:00,29.68,29.85,29.44,29.75,339600
2007-12-19 21:30:00,29.76,29.8,29.67,29.76,268200
2007-12-19 22:00:00,29.76,29.83,29.45,29.73,510400
2007-12-19 22:30:00,29.72,29.89,29.28,29.3,981500
2007-12-20 16:30:00,28.71,29.5,28.71,29.33,436200
2007-12-20 17:00:00,29.35,29.58,29.3,29.36,254200
2007-12-20 17:30:00,29.34,29.65,29.31,29.5,124300
2007-12-20 18:00:00,29.5,29.7,29.36,29.5,228500
2007-12-20 18:30:00,29.51,29.55,29.4,29.5,134600
2007-12-20 19:00:00,29.5,29.53,29.44,29.48,102400
2007-12-20 19:30:00,29.47,29.59,29.42,29.5,341200
2007-12-20 20:00:00,29.5,29.63,29.47,29.47,243300
2007-12-20 20:30:00,29.48,29.76,29.43,29.74,118200
2007-12-20 21:00:00,29.74,29.84,29.57,29.65,201300
2007-12-20 21:30:00,29.65,29.65,29.39,29.5,278700
2007-12-20 22:00:00,29.49,29.53,29.36,29.41,395100
2007-12-20 22:30:00,29.41,29.58,29.35,29.45,530000
2007-12-21 16:30:00,30.17,30.17,29.38,29.47,900507
2007-12-21 17:00:00,29.47,29.68,29.25,29.48,619000
2007-12-21 17:30:00,29.48,29.7,29.4,29.6,499500
2007-12-21 18:00:00,29.61,29.83,29.5,29.73,832900
2007-12-21 18:30:00,29.75,29.99,29.7,29.85,1086200
2007-12-21 19:00:00,29.84,30.0,29.61,29.9,504100
2007-12-21 19:30:00,29.9,29.95,29.83,29.9,187200
2007-12-21 20:00:00,29.9,29.96,29.8,29.83,96540
2007-12-21 20:30:00,29.85,29.86,29.81,29.84,64700
2007-12-21 21:00:00,29.85,30.0,29.82,29.92,223400
2007-12-21 21:30:00,29.96,30.1,29.92,30.08,245800
2007-12-21 22:00:00,30.1,30.3,30.03,30.2,195700
2007-12-21 22:30:00,30.19,31.34,30.14,31.06,3088200
2007-12-24 16:30:00,31.73,31.73,30.85,31.51,518570
2007-12-24 17:00:00,31.51,31.55,31.14,31.18,208400
2007-12-24 17:30:00,31.17,31.25,31.16,31.2,140500
2007-12-24 18:00:00,31.2,31.47,31.17,31.36,249000
2007-12-24 18:30:00,31.38,31.46,31.21,31.36,124400
2007-12-24 19:00:00,31.35,31.74,31.26,31.45,187300
2007-12-24 19:30:00,31.46,31.75,31.31,31.43,308900
2007-12-24 20:00:00,31.49,31.49,31.0,31.26,16300
2007-12-26 16:30:00,31.45,31.69,31.34,31.45,170400
2007-12-26 17:00:00,31.45,31.7,31.43,31.7,128704
2007-12-26 17:30:00,31.7,31.71,31.48,31.66,103800
2007-12-26 18:00:00,31.66,31.7,31.57,31.61,137700
2007-12-26 18:30:00,31.6,31.81,31.6,31.72,155300
2007-12-26 19:00:00,31.72,31.76,31.61,31.64,153000
2007-12-26 19:30:00,31.65,31.65,31.44,31.5,95000
2007-12-26 20:00:00,31.5,31.51,31.41,31.49,184700
2007-12-26 20:30:00,31.5,31.75,31.49,31.75,212500
2007-12-26 21:00:00,31.75,31.91,31.5,31.84,234100
2007-12-26 21:30:00,31.84,31.99,31.83,31.98,164000
2007-12-26 22:00:00,31.98,32.08,31.93,31.95,343000
2007-12-26 22:30:00,31.93,32.0,31.86,31.9,185550
2007-12-27 16:30:00,31.25,32.25,31.25,32.0,328200
2007-12-27 17:00:00,32.0,32.01,31.3,31.59,333200
2007-12-27 17:30:00,31.59,31.68,31.57,31.64,122639
2007-12-27 18:00:00,31.64,31.68,31.58,31.59,240200
2007-12-27 18:30:00,31.6,31.85,31.54,31.82,125100
2007-12-27 19:00:00,31.82,31.89,31.61,31.74,167100
2007-12-27 19:30:00,31.75,31.87,31.64,31.73,147577
2007-12-27 20:00:00,31.74,31.88,31.65,31.87,79000
2007-12-27 20:30:00,31.87,31.9,31.73,31.88,74700
2007-12-27 21:00:00,31.84,31.95,31.81,31.84,85800
2007-12-27 21:30:00,31.85,31.97,31.8,31.8,161492
2007-12-27 22:00:00,31.8,31.8,31.58,31.65,104200
2007-12-27 22:30:00,31.64,31.72,31.24,31.41,320451
2007-12-28 16:30:00,31.32,31.46,29.83,31.32,191700
2007-12-28 17:00:00,31.31,31.41,31.27,31.35,135100
2007-12-28 17:30:00,31.34,31.45,31.32,31.4,259000
2007-12-28 18:00:00,31.39,31.42,31.28,31.4,63600
2007-12-28 18:30:00,31.4,31.4,31.31,31.37,101000
2007-12-28 19:00:00,31.37,31.4,31.25,31.33,94300
2007-12-28 19:30:00,31.32,31.4,31.27,31.32,128300
2007-12-28 20:00:00,31.32,31.38,31.32,31.34,54100
2007-12-28 20:30:00,31.33,31.5,31.17,31.49,43100
2007-12-28 21:00:00,31.5,31.5,31.05,31.32,78000
2007-12-28 21:30:00,31.31,31.46,31.31,31.38,75529
2007-12-28 22:00:00,31.38,31.42,31.21,31.32,92800
2007-12-28 22:30:00,31.32,31.33,31.12,31.13,151700
2007-12-31 16:30:00,30.7,31.36,30.51,31.08,118600
2007-12-31 17:00:00,31.08,31.44,31.0,31.06,93500
2007-12-31 17:30:00,31.08,31.44,31.03,31.39,46100
2007-12-31 18:00:00,31.35,31.37,31.03,31.24,43500
2007-12-31 18:30:00,31.26,31.26,31.01,31.14,37700
2007-12-31 19:00:00,31.14,31.25,31.09,31.18,30800
2007-12-31 19:30:00,31.18,31.2,31.09,31.18,25600
2007-12-31 20:00:00,31.18,31.2,31.17,31.18,52700
2007-12-31 20:30:00,31.18,31.19,31.17,31.18,30800
2007-12-31 21:00:00,31.18,31.33,31.18,31.3,40900
2007-12-31 21:30:00,31.31,31.67,31.31,31.54,61907
2007-12-31 22:00:00,31.5,31.59,31.25,31.25,78800
2007-12-31 22:30:00,31.25,31.59,31.15,31.2,180300
2008-01-02 16:30:00,30.7,31.4,30.7,31.23,217185
2008-01-02 17:00:00,31.25,31.33,30.99,31.21,194300
2008-01-02 17:30:00,31.24,31.38,31.15,31.18,237800
2008-01-02 18:00:00,31.23,31.33,30.82,31.04,408300
2008-01-02 18:30:00,31.04,31.07,30.85,31.05,329500
2008-01-02 19:00:00,31.07,31.08,30.75,30.75,69800
2008-01-02 19:30:00,30.76,30.8,30.75,30.77,164100
2008-01-02 20:00:00,30.77,30.83,30.55,30.56,102500
2008-01-02 20:30:00,30.58,30.86,30.57,30.7,239900
2008-01-02 21:00:00,30.7,30.8,30.57,30.74,127900
2008-01-02 21:30:00,30.75,30.78,30.56,30.62,75183
2008-01-02 22:00:00,30.62,30.65,30.4,30.42,102010
2008-01-02 22:30:00,30.42,30.52,30.37,30.4,248100
2008-01-03 16:30:00,30.18,31.17,30.18,30.37,240800
2008-01-03 17:00:00,30.39,30.55,30.28,30.49,295700
2008-01-03 17:30:00,30.49,30.66,30.38,30.57,189700
2008-01-03 18:00:00,30.57,30.74,30.53,30.62,192200
2008-01-03 18:30:00,30.61,30.84,30.6,30.8,180900
2008-01-03 19:00:00,30.79,31.04,30.49,30.93,405000
2008-01-03 19:30:00,30.93,30.94,30.71,30.78,443500
2008-01-03 20:00:00,30.78,31.05,30.75,30.88,189520
2008-01-03 20:30:00,30.88,30.93,30.76,30.86,185000
2008-01-03 21:00:00,30.87,30.88,30.81,30.83,432500
2008-01-03 21:30:00,30.84,30.87,30.57,30.69,281300
2008-01-03 22:00:00,30.7,30.77,30.64,30.69,137700
2008-01-03 22:30:00,30.69,30.74,30.49,30.55,357200
2008-01-04 16:30:00,30.43,30.7,29.96,30.16,621509
2008-01-04 17:00:00,30.16,30.18,29.75,29.75,442300
2008-01-04 17:30:00,29.74,29.76,29.31,29.44,635900
2008-01-04 18:00:00,29.45,29.47,28.93,29.12,431930
2008-01-04 18:30:00,29.12,29.21,28.99,29.03,401500
2008-01-04 19:00:00,29.02,29.07,28.99,28.99,275683
2008-01-04 19:30:00,28.99,29.0,28.81,28.9,197500
2008-01-04 20:00:00,28.91,29.0,28.69,28.8,229300
2008-01-04 20:30:00,28.79,28.82,28.61,28.66,364367
2008-01-04 21:00:00,28.66,28.89,28.49,28.76,417450
2008-01-04 21:30:00,28.76,29.08,28.72,29.05,203300
2008-01-04 22:00:00,29.03,29.04,28.84,29.0,355700
2008-01-04 22:30:00,29.0,29.22,28.72,28.94,577800
2008-01-07 16:30:00,28.55,28.96,27.79,28.82,392800
2008-01-07 17:00:00,28.83,29.02,28.66,28.66,230700
2008-01-07 17:30:00,28.66,28.7,28.2,28.24,503700
2008-01-07 18:00:00,28.23,28.64,28.23,28.63,707100
2008-01-07 18:30:00,28.63,28.8,28.46,28.59,301800
2008-01-07 19:00:00,28.59,28.69,28.59,28.66,86000
2008-01-07 19:30:00,28.67,28.82,28.52,28.77,245200
2008-01-07 20:00:00,28.77,28.79,28.56,28.65,244600
2008-01-07 20:30:00,28.66,28.72,28.38,28.38,173100
2008-01-07 21:00:00,28.38,28.5,28.35,28.37,97140
2008-01-07 21:30:00,28.37,28.61,28.37,28.46,113200
2008-01-07 22:00:00,28.47,28.65,28.43,28.61,151436
2008-01-07 22:30:00,28.6,28.8,28.56,28.7,327200
2008-01-08 16:30:00,29.02,29.28,28.91,29.08,359500
2008-01-08 17:00:00,29.09,29.14,28.81,28.85,194100
2008-01-08 17:30:00,28.85,28.9,28.54,28.55,228700
2008-01-08 18:00:00,28.55,28.6,28.2,28.27,662600
2008-01-08 18:30:00,28.27,28.34,28.2,28.2,238584
2008-01-08 19:00:00,28.2,28.2,27.73,27.78,505000
2008-01-08 19:30:00,27.78,27.91,27.76,27.88,254800
2008-01-08 20:00:00,27.88,27.99,27.74,27.9,200500
2008-01-08 20:30:00,27.92,27.95,27.79,27.89,309200
2008-01-08 21:00:00,27.9,27.92,27.75,27.81,262200
2008-01-08 21:30:00,27.81,27.81,27.03,27.3,649700
2008-01-08 22:00:00,27.31,27.35,27.22,27.25,560900
2008-01-08 22:30:00,27.27,27.29,26.65,26.89,1764900
2008-01-09 16:30:00,25.4,26.8,25.32,26.55,1146700
2008-01-09 17:00:00,26.55,27.02,26.54,27.02,571300
2008-01-09 17:30:00,27.02,27.04,26.9,26.9,511000
2008-01-09 18:00:00,26.89,27.01,26.54,26.57,280000
2008-01-09 18:30:00,26.57,26.57,26.39,26.43,209000
2008-01-09 19:00:00,26.42,26.51,26.25,26.4,177200
2008-01-09 19:30:00,26.38,26.59,26.32,26.41,214200
2008-01-09 20:00:00,26.41,26.47,26.2,26.24,254300
2008-01-09 20:30:00,26.24,26.25,26.17,26.21,254800
2008-01-09 21:00:00,26.2,26.21,25.88,25.9,375000
2008-01-09 21:30:00,25.9,26.37,25.9,26.24,209976
2008-01-09 22:00:00,26.25,26.46,26.06,26.45,403200
2008-01-09 22:30:00,26.45,26.91,26.41,26.79,454377
2008-01-10 16:30:00,26.49,27.34,26.41,27.34,344700
2008-01-10 17:00:00,27.33,28.13,27.33,27.62,417000
2008-01-10 17:30:00,27.61,27.7,27.22,27.23,302600
2008-01-10 18:00:00,27.24,27.53,27.16,27.48,306800
2008-01-10 18:30:00,27.47,27.57,27.44,27.5,316900
2008-01-10 19:00:00,27.5,27.54,27.48,27.49,261300
2008-01-10 19:30:00,27.49,27.54,27.28,27.45,265200
2008-01-10 20:00:00,27.44,27.44,27.23,27.31,335600
2008-01-10 20:30:00,27.31,27.35,27.29,27.34,149900
2008-01-10 21:00:00,27.33,27.54,27.31,27.48,210700
2008-01-10 21:30:00,27.48,27.61,27.47,27.57,246400
2008-01-10 22:00:00,27.6,28.2,27.59,28.2,242900
2008-01-10 22:30:00,28.19,28.35,27.59,27.78,541100
2008-01-11 16:30:00,27.9,27.9,26.88,27.32,268300
2008-01-11 17:00:00,27.32,27.32,27.01,27.02,208600
2008-01-11 17:30:00,27.02,27.56,26.94,27.33,226400
2008-01-11 18:00:00,27.32,27.73,27.13,27.65,197500
2008-01-11 18:30:00,27.66,27.74,27.43,27.69,169828
2008-01-11 19:00:00,27.66,27.76,27.5,27.76,84555
2008-01-11 19:30:00,27.73,27.91,27.68,27.91,84200
2008-01-11 20:00:00,27.92,27.92,27.66,27.74,97600
2008-01-11 20:30:00,27.73,27.73,27.43,27.48,71248
2008-01-11 21:00:00,27.5,27.6,27.25,27.5,128922
2008-01-11 21:30:00,27.5,27.57,27.39,27.45,60862
2008-01-11 22:00:00,27.43,27.45,27.34,27.4,113186
2008-01-11 22:30:00,27.4,27.53,27.28,27.41,201800
2008-01-14 16:30:00,27.1,27.75,27.01,27.55,131500
2008-01-14 17:00:00,27.55,27.64,27.42,27.48,172300
2008-01-14 17:30:00,27.49,27.59,27.28,27.49,171200
2008-01-14 18:00:00,27.49,27.66,27.49,27.56,48600
2008-01-14 18:30:00,27.57,27.62,27.48,27.51,66400
2008-01-14 19:00:00,27.53,27.55,27.38,27.45,42900
2008-01-14 19:30:00,27.45,27.56,27.44,27.5,79400
2008-01-14 20:00:00,27.5,27.59,27.49,27.53,50000
2008-01-14 20:30:00,27.52,27.66,27.51,27.64,23900
2008-01-14 21:00:00,27.66,27.66,27.5,27.52,75300
2008-01-14 21:30:00,27.54,27.89,27.54,27.8,135800
2008-01-14 22:00:00,27.81,27.9,27.79,27.88,81300
2008-01-14 22:30:00,27.88,27.99,27.63,27.8,169300
2008-01-15 16:30:00,27.47,27.47,27.1,27.32,76900
2008-01-15 17:00:00,27.32,27.37,27.0,27.12,315000
2008-01-15 17:30:00,27.1,27.2,26.85,26.99,314000
2008-01-15 18:00:00,26.96,27.0,26.63,26.65,173900
2008-01-15 18:30:00,26.65,26.69,26.47,26.52,129900
2008-01-15 19:00:00,26.52,26.81,26.52,26.67,94300
2008-01-15 19:30:00,26.65,26.78,26.57,26.75,86900
2008-01-15 20:00:00,26.75,26.77,26.66,26.69,159100
2008-01-15 20:30:00,26.69,26.69,26.2,26.23,200650
2008-01-15 21:00:00,26.21,26.28,26.17,26.17,232220
2008-01-15 21:30:00,26.17,26.18,26.05,26.05,258000
2008-01-15 22:00:00,26.05,26.26,26.01,26.25,328800
2008-01-15 22:30:00,26.24,26.37,26.11,26.34,544900
2008-01-16 16:30:00,26.1,26.65,25.95,26.2,730900
2008-01-16 17:00:00,26.19,26.23,25.61,25.73,693500
2008-01-16 17:30:00,25.72,25.73,24.95,25.07,724000
2008-01-16 18:00:00,25.06,25.23,25.0,25.15,448200
2008-01-16 18:30:00,25.14,25.65,25.13,25.61,303700
2008-01-16 19:00:00,25.58,25.75,25.55,25.59,244100
2008-01-16 19:30:00,25.6,25.73,25.57,25.61,227600
2008-01-16 20:00:00,25.6,25.72,25.54,25.6,302700
2008-01-16 20:30:00,25.59,25.74,25.58,25.71,86000
2008-01-16 21:00:00,25.71,26.07,25.67,26.05,303000
2008-01-16 21:30:00,26.05,26.4,26.05,26.24,333832
2008-01-16 22:00:00,26.23,26.57,26.19,26.42,255741
2008-01-16 22:30:00,26.44,26.47,25.88,26.29,392000
2008-01-17 16:30:00,26.46,26.58,25.97,26.21,443000
2008-01-17 17:00:00,26.2,26.2,25.38,25.41,247000
2008-01-17 17:30:00,25.38,25.67,25.25,25.65,284000
2008-01-17 18:00:00,25.64,25.74,25.48,25.5,127400
2008-01-17 18:30:00,25.5,25.66,25.49,25.53,101600
2008-01-17 19:00:00,25.51,25.57,25.36,25.46,94503
2008-01-17 19:30:00,25.47,25.56,25.42,25.48,147000
2008-01-17 20:00:00,25.47,25.63,25.45,25.5,55600
2008-01-17 20:30:00,25.5,25.62,25.45,25.49,78100
2008-01-17 21:00:00,25.48,25.52,25.19,25.19,143800
2008-01-17 21:30:00,25.19,25.47,25.19,25.34,80800
2008-01-17 22:00:00,25.35,25.53,25.22,25.28,243100
2008-01-17 22:30:00,25.28,25.34,25.14,25.23,516900
2008-01-18 16:30:00,25.26,25.45,24.68,24.68,446500
2008-01-18 17:00:00,24.73,25.06,24.56,24.61,393360
2008-01-18 17:30:00,24.63,24.91,24.63,24.87,311700
2008-01-18 18:00:00,24.89,24.95,24.55,24.84,152600
2008-01-18 18:30:00,24.85,24.86,24.57,24.61,123103
2008-01-18 19:00:00,24.63,24.87,24.38,24.65,259200
2008-01-18 19:30:00,24.63,24.73,24.32,24.32,269000
2008-01-18 20:00:00,24.33,24.41,24.14,24.27,290800
2008-01-18 20:30:00,24.26,24.38,24.16,24.35,346600
2008-01-18 21:00:00,24.35,24.52,24.34,24.47,849600
2008-01-18 21:30:00,24.48,24.48,24.17,24.41,276900
2008-01-18 22:00:00,24.42,24.75,24.34,24.6,497200
2008-01-18 22:30:00,24.58,25.03,24.58,24.96,654200
2008-01-22 16:30:00,24.37,24.37,22.98,23.6,778400
2008-01-22 17:00:00,23.63,23.89,22.95,23.5,982711
2008-01-22 17:30:00,23.52,24.3,23.43,24.23,762800
2008-01-22 18:00:00,24.22,25.0,24.19,24.66,576500
2008-01-22 18:30:00,24.68,24.73,24.38,24.45,889800
2008-01-22 19:00:00,24.44,24.53,24.3,24.39,252000
2008-01-22 19:30:00,24.4,24.48,24.34,24.42,116400
2008-01-22 20:00:00,24.43,24.56,24.42,24.46,119400
2008-01-22 20:30:00,24.46,24.66,24.39,24.57,117000
2008-01-22 21:00:00,24.58,24.59,24.47,24.51,299200
2008-01-22 21:30:00,24.51,24.77,24.46,24.56,111581
2008-01-22 22:00:00,24.56,24.74,24.26,24.41,498600
2008-01-22 22:30:00,24.4,24.58,24.39,24.51,261500
2008-01-23 16:30:00,23.4,24.5,23.4,24.22,140300
2008-01-23 17:00:00,24.22,24.38,23.93,23.95,213920
2008-01-23 17:30:00,23.91,24.16,23.89,24.03,123300
2008-01-23 18:00:00,24.03,24.09,23.62,23.78,186900
2008-01-23 18:30:00,23.8,24.02,23.74,23.89,323100
2008-01-23 19:00:00,23.89,23.99,23.87,23.93,124200
2008-01-23 19:30:00,23.95,24.0,23.78,23.85,414200
2008-01-23 20:00:00,23.85,23.95,23.83,23.88,158400
2008-01-23 20:30:00,23.9,23.97,23.84,23.91,183000
2008-01-23 21:00:00,23.91,24.02,23.86,23.95,198867
2008-01-23 21:30:00,23.95,24.12,23.92,24.09,247400
2008-01-23 22:00:00,24.09,24.36,24.02,24.35,439100
2008-01-23 22:30:00,24.34,24.88,24.34,24.76,1111100
2008-01-24 16:30:00,25.0,25.55,24.6,25.19,475150
2008-01-24 17:00:00,25.16,26.05,25.16,25.97,614200
2008-01-24 17:30:00,26.0,26.18,25.7,25.74,318300
2008-01-24 18:00:00,25.75,25.8,25.53,25.75,333480
2008-01-24 18:30:00,25.75,26.89,25.71,26.56,355700
2008-01-24 19:00:00,26.57,26.57,25.95,26.0,222300
2008-01-24 19:30:00,25.99,26.01,25.56,25.87,243200
2008-01-24 20:00:00,25.86,26.14,25.84,26.0,241735
2008-01-24 20:30:00,25.99,26.1,25.89,25.95,360600
2008-01-24 21:00:00,25.95,26.05,25.89,25.99,429300
2008-01-24 21:30:00,26.0,26.03,25.69,25.7,222900
2008-01-24 22:00:00,25.74,25.94,25.71,25.88,203700
2008-01-24 22:30:00,25.87,26.07,25.86,26.05,544109
2008-01-25 16:30:00,26.63,27.18,26.5,26.85,283798
2008-01-25 17:00:00,26.8,26.87,26.6,26.61,166300
2008-01-25 17:30:00,26.61,26.71,26.31,26.32,308300
2008-01-25 18:00:00,26.32,26.32,25.93,26.1,151300
2008-01-25 18:30:00,26.11,26.43,26.1,26.32,88500
2008-01-25 19:00:00,26.33,26.33,26.23,26.27,67300
2008-01-25 19:30:00,26.26,26.46,26.2,26.21,194100
2008-01-25 20:00:00,26.2,26.23,25.97,26.01,118600
2008-01-25 20:30:00,26.02,26.17,25.95,26.01,177700
2008-01-25 21:00:00,26.01,26.17,25.95,26.03,249400
2008-01-25 21:30:00,26.02,26.09,25.98,26.02,199214
2008-01-25 22:00:00,26.02,26.17,25.94,26.1,271200
2008-01-25 22:30:00,26.11,26.14,25.86,25.96,450400
2008-01-28 16:30:00,25.78,25.96,25.34,25.86,82000
2008-01-28 17:00:00,25.82,26.2,25.67,26.09,107300
2008-01-28 17:30:00,26.08,26.09,25.82,26.01,228850
2008-01-28 18:00:00,26.01,26.19,25.92,26.15,112400
2008-01-28 18:30:00,26.14,26.32,26.02,26.12,73100
2008-01-28 19:00:00,26.12,26.12,25.82,26.0,118900
2008-01-28 19:30:00,26.0,26.07,26.0,26.02,112807
2008-01-28 20:00:00,26.01,26.22,26.01,26.16,106400
2008-01-28 20:30:00,26.16,26.17,26.04,26.06,142520
2008-01-28 21:00:00,26.06,26.3,26.06,26.22,169600
2008-01-28 21:30:00,26.22,26.28,26.08,26.25,196315
2008-01-28 22:00:00,26.25,26.27,26.06,26.1,244500
2008-01-28 22:30:00,26.11,26.66,26.08,26.62,279800
2008-01-29 16:30:00,26.5,27.1,26.31,26.8,248000
2008-01-29 17:00:00,26.81,27.0,26.3,26.95,345300
2008-01-29 17:30:00,26.94,26.97,26.81,26.9,256700
2008-01-29 18:00:00,26.89,26.93,26.8,26.8,211075
2008-01-29 18:30:00,26.82,26.96,26.64,26.89,174200
2008-01-29 19:00:00,26.9,27.01,26.89,26.93,147200
2008-01-29 19:30:00,26.94,26.94,26.73,26.81,155900
2008-01-29 20:00:00,26.81,26.95,26.79,26.86,88400
2008-01-29 20:30:00,26.86,26.95,26.63,26.64,118000
2008-01-29 21:00:00,26.64,26.75,26.57,26.67,170800
2008-01-29 21:30:00,26.67,26.7,26.55,26.67,157500
2008-01-29 22:00:00,26.67,26.86,26.65,26.77,167600
2008-01-29 22:30:00,26.78,27.0,26.76,26.95,367100
2008-01-30 16:30:00,26.94,27.0,26.19,26.47,104900
2008-01-30 17:00:00,26.47,26.53,26.17,26.18,276400
2008-01-30 17:30:00,26.17,26.43,26.17,26.4,127100
2008-01-30 18:00:00,26.4,26.4,26.19,26.2,72400
2008-01-30 18:30:00,26.22,26.28,26.11,26.21,72600
2008-01-30 19:00:00,26.21,26.24,26.2,26.21,63000
2008-01-30 19:30:00,26.22,26.23,26.05,26.13,119700
2008-01-30 20:00:00,26.12,26.13,26.07,26.1,85300
2008-01-30 20:30:00,26.1,26.15,26.09,26.13,68500
2008-01-30 21:00:00,26.12,26.68,26.11,26.62,170400
2008-01-30 21:30:00,26.64,26.94,26.36,26.94,247900
2008-01-30 22:00:00,26.94,27.19,26.79,26.86,247200
2008-01-30 22:30:00,26.86,26.9,26.18,26.5,377800
2008-01-31 16:30:00,27.0,27.0,25.1,25.92,245544
2008-01-31 17:00:00,25.93,26.09,25.8,26.09,286800
2008-01-31 17:30:00,26.08,26.09,25.94,25.99,248800
2008-01-31 18:00:00,25.98,26.31,25.97,26.24,319278
2008-01-31 18:30:00,26.26,26.55,26.1,26.47,203600
2008-01-31 19:00:00,26.47,26.5,26.28,26.33,151600
2008-01-31 19:30:00,26.34,26.5,26.34,26.46,173810
2008-01-31 20:00:00,26.46,26.49,26.41,26.48,170700
2008-01-31 20:30:00,26.49,26.61,26.43,26.56,97400
2008-01-31 21:00:00,26.57,26.77,26.47,26.75,186900
2008-01-31 21:30:00,26.75,26.85,26.71,26.85,226300
2008-01-31 22:00:00,26.84,27.1,26.79,27.04,244200
2008-01-31 22:30:00,27.06,27.45,27.03,27.16,523900
2008-02-01 16:30:00,27.62,27.75,27.15,27.51,297622
2008-02-01 17:00:00,27.52,28.0,27.47,27.71,333559
2008-02-01 17:30:00,27.7,27.84,27.26,27.6,348000
2008-02-01 18:00:00,27.6,27.73,27.26,27.54,313600
2008-02-01 18:30:00,27.54,27.74,27.48,27.72,238500
2008-02-01 19:00:00,27.72,27.72,27.46,27.59,169700
2008-02-01 19:30:00,27.59,27.72,27.59,27.64,172600
2008-02-01 20:00:00,27.64,27.77,27.64,27.71,281947
2008-02-01 20:30:00,27.73,28.12,27.73,27.96,253316
2008-02-01 21:00:00,27.98,28.14,27.96,28.13,175100
2008-02-01 21:30:00,28.13,28.35,28.12,28.26,171550
2008-02-01 22:00:00,28.27,28.33,28.02,28.08,233300
2008-02-01 22:30:00,28.09,28.36,28.07,28.26,361200
2008-02-04 16:30:00,28.56,28.56,27.45,27.45,187600
2008-02-04 17:00:00,27.48,27.5,26.98,27.43,260000
2008-02-04 17:30:00,27.42,27.55,27.4,27.45,126300
2008-02-04 18:00:00,27.45,27.46,27.13,27.24,139500
2008-02-04 18:30:00,27.24,27.38,27.21,27.33,200700
2008-02-04 19:00:00,27.32,27.39,27.27,27.34,263700
2008-02-04 19:30:00,27.33,27.51,27.26,27.42,322200
2008-02-04 20:00:00,27.42,27.71,27.38,27.45,195700
2008-02-04 20:30:00,27.45,27.71,27.41,27.51,220504
2008-02-04 21:00:00,27.53,27.7,27.41,27.67,179300
2008-02-04 21:30:00,27.66,27.69,27.41,27.63,249300
2008-02-04 22:00:00,27.63,27.72,27.48,27.71,258200
2008-02-04 22:30:00,27.71,27.73,27.4,27.47,381300
2008-02-05 16:30:00,27.93,28.11,26.48,27.1,531326
2008-02-05 17:00:00,27.1,27.65,27.08,27.62,268500
2008-02-05 17:30:00,27.63,28.24,27.62,27.82,368682
2008-02-05 18:00:00,27.84,28.32,27.47,28.1,336462
2008-02-05 18:30:00,28.07,28.23,27.74,27.77,274300
2008-02-05 19:00:00,27.76,27.78,27.53,27.68,152900
2008-02-05 19:30:00,27.69,27.72,27.55,27.61,157500
2008-02-05 20:00:00,27.61,27.67,27.31,27.37,369300
2008-02-05 20:30:00,27.37,27.44,26.99,27.25,237500
2008-02-05 21:00:00,27.25,27.31,27.2,27.22,88700
2008-02-05 21:30:00,27.22,27.28,27.15,27.19,170700
2008-02-05 22:00:00,27.19,27.2,27.01,27.05,137200
2008-02-05 22:30:00,27.05,27.16,26.72,26.75,419200
2008-02-06 16:30:00,27.41,27.41,26.6,26.7,322700
2008-02-06 17:00:00,26.72,27.46,26.7,27.02,235800
2008-02-06 17:30:00,27.02,27.07,26.7,26.85,163700
2008-02-06 18:00:00,26.83,26.87,26.71,26.81,193700
2008-02-06 18:30:00,26.81,26.87,26.57,26.75,121800
2008-02-06 19:00:00,26.75,26.83,26.48,26.5,99900
2008-02-06 19:30:00,26.5,26.53,26.35,26.42,100600
2008-02-06 20:00:00,26.43,26.54,26.38,26.5,98673
2008-02-06 20:30:00,26.51,26.56,26.45,26.48,101119
2008-02-06 21:00:00,26.48,26.59,26.44,26.58,133302
2008-02-06 21:30:00,26.56,26.78,26.48,26.66,261600
2008-02-06 22:00:00,26.66,26.87,26.62,26.86,476532
2008-02-06 22:30:00,26.87,27.0,26.44,26.52,671336
2008-02-07 16:30:00,26.5,26.73,25.82,25.97,307563
2008-02-07 17:00:00,25.96,26.35,25.8,25.92,918000
2008-02-07 17:30:00,25.92,26.57,25.86,25.92,370400
2008-02-07 18:00:00,25.93,26.03,25.9,26.01,174600
2008-02-07 18:30:00,26.01,26.09,25.93,26.05,102400
2008-02-07 19:00:00,26.05,26.15,26.0,26.11,49600
2008-02-07 19:30:00,26.12,26.26,25.97,26.18,280400
2008-02-07 20:00:00,26.19,26.19,26.0,26.13,34500
2008-02-07 20:30:00,26.16,26.31,26.1,26.31,87100
2008-02-07 21:00:00,26.3,26.4,26.18,26.22,157000
2008-02-07 21:30:00,26.23,26.24,25.51,26.05,198800
2008-02-07 22:00:00,26.04,26.3,25.95,26.23,173000
2008-02-07 22:30:00,26.23,26.44,26.22,26.3,233500
2008-02-08 16:30:00,25.85,26.16,25.6,26.04,417200
2008-02-08 17:00:00,26.01,26.13,25.96,26.07,252300
2008-02-08 17:30:00,26.06,26.06,25.91,25.97,201200
2008-02-08 18:00:00,25.97,26.1,25.75,25.84,363800
2008-02-08 18:30:00,25.84,25.91,25.81,25.9,72800
2008-02-08 19:00:00,25.9,25.95,25.79,25.9,126500
2008-02-08 19:30:00,25.9,25.9,25.72,25.75,186500
2008-02-08 20:00:00,25.75,25.79,25.63,25.75,154100
2008-02-08 20:30:00,25.75,25.75,25.62,25.64,177800
2008-02-08 21:00:00,25.64,25.67,25.55,25.6,185000
2008-02-08 21:30:00,25.59,25.59,25.38,25.39,254072
2008-02-08 22:00:00,25.39,25.56,25.36,25.56,199267
2008-02-08 22:30:00,25.56,25.73,25.47,25.54,423924
2008-02-11 16:30:00,25.84,25.84,25.0,25.29,192800
2008-02-11 17:00:00,25.3,25.32,24.86,24.95,275700
2008-02-11 17:30:00,24.96,25.17,24.95,24.97,146900
2008-02-11 18:00:00,24.97,25.2,24.97,25.15,153400
2008-02-11 18:30:00,25.15,25.35,25.14,25.2,226800
2008-02-11 19:00:00,25.2,25.26,25.18,25.2,124100
2008-02-11 19:30:00,25.2,25.36,25.19,25.32,244800
2008-02-11 20:00:00,25.33,25.37,25.21,25.28,170500
2008-02-11 20:30:00,25.28,25.3,25.16,25.16,232045
2008-02-11 21:00:00,25.16,25.29,25.14,25.22,206700
2008-02-11 21:30:00,25.22,25.26,25.18,25.26,99500
2008-02-11 22:00:00,25.24,25.28,25.21,25.25,317300
2008-02-11 22:30:00,25.25,25.27,24.97,25.2,428200
2008-02-12 16:30:00,25.04,25.28,25.0,25.21,456800
2008-02-12 17:00:00,25.22,25.31,25.15,25.26,201400
2008-02-12 17:30:00,25.27,25.32,25.16,25.3,312300
2008-02-12 18:00:00,25.29,25.31,25.1,25.23,416300
2008-02-12 18:30:00,25.23,25.26,25.14,25.16,225300
2008-02-12 19:00:00,25.16,25.24,25.12,25.14,92800
2008-02-12 19:30:00,25.14,25.21,25.11,25.19,242400
2008-02-12 20:00:00,25.19,25.28,25.17,25.26,240400
2008-02-12 20:30:00,25.26,25.62,25.25,25.6,282400
2008-02-12 21:00:00,25.59,25.61,25.35,25.4,295300
2008-02-12 21:30:00,25.4,25.41,25.24,25.28,298556
2008-02-12 22:00:00,25.26,25.36,25.19,25.21,220114
2008-02-12 22:30:00,25.22,25.59,25.21,25.43,448500
2008-02-13 16:30:00,25.9,26.39,25.51,25.63,448100
2008-02-13 17:00:00,25.63,25.73,25.55,25.6,218200
2008-02-13 17:30:00,25.6,25.63,25.46,25.57,579000
2008-02-13 18:00:00,25.58,25.59,25.42,25.53,153000
2008-02-13 18:30:00,25.53,25.54,25.45,25.49,91800
2008-02-13 19:00:00,25.48,25.55,25.46,25.47,107600
2008-02-13 19:30:00,25.48,25.51,25.39,25.49,93700
2008-02-13 20:00:00,25.47,25.6,25.4,25.57,117200
2008-02-13 20:30:00,25.57,25.6,25.48,25.5,287700
2008-02-13 21:00:00,25.5,25.53,25.46,25.5,186400
2008-02-13 21:30:00,25.5,25.64,25.47,25.63,188000
2008-02-13 22:00:00,25.63,25.69,25.56,25.61,136712
2008-02-13 22:30:00,25.6,25.69,25.54,25.57,383793
2008-02-14 16:30:00,24.85,25.25,24.83,25.23,357005
2008-02-14 17:00:00,25.23,25.3,25.14,25.22,149300
2008-02-14 17:30:00,25.25,25.26,25.14,25.18,245700
2008-02-14 18:00:00,25.19,25.21,24.95,25.0,271200
2008-02-14 18:30:00,24.99,25.15,24.99,25.05,183100
2008-02-14 19:00:00,25.04,25.06,24.95,25.04,138900
2008-02-14 19:30:00,25.04,25.05,24.95,24.95,63400
2008-02-14 20:00:00,24.95,25.03,24.93,25.0,74300
2008-02-14 20:30:00,25.01,25.04,24.97,25.03,75900
2008-02-14 21:00:00,25.02,25.14,25.0,25.06,89500
2008-02-14 21:30:00,25.06,25.14,24.96,25.09,103100
2008-02-14 22:00:00,25.12,25.14,24.99,25.02,161700
2008-02-14 22:30:00,25.02,25.05,24.71,24.85,413900
2008-02-15 16:30:00,24.64,25.12,24.64,24.83,103600
2008-02-15 17:00:00,24.86,25.09,24.81,24.98,67100
2008-02-15 17:30:00,24.96,25.14,24.92,24.92,75400
2008-02-15 18:00:00,24.93,24.98,24.8,24.86,54900
2008-02-15 18:30:00,24.88,24.91,24.77,24.8,59600
2008-02-15 19:00:00,24.79,24.93,24.69,24.71,57600
2008-02-15 19:30:00,24.72,24.89,24.68,24.74,48700
2008-02-15 20:00:00,24.74,24.84,24.68,24.76,43100
2008-02-15 20:30:00,24.78,25.02,24.76,25.01,58100
2008-02-15 21:00:00,25.0,25.08,24.88,24.98,84100
2008-02-15 21:30:00,24.99,25.02,24.9,24.97,34900
2008-02-15 22:00:00,24.95,25.16,24.94,25.05,67000
2008-02-15 22:30:00,25.04,25.26,25.01,25.2,116200
2008-02-19 16:30:00,25.21,25.21,24.93,24.95,151600
2008-02-19 17:00:00,24.95,25.15,24.95,25.06,50207
2008-02-19 17:30:00,25.07,25.14,24.94,24.97,53300
2008-02-19 18:00:00,24.98,25.1,24.94,25.08,84900
2008-02-19 18:30:00,25.07,25.18,25.07,25.13,64500
2008-02-19 19:00:00,25.13,25.34,25.13,25.32,68300
2008-02-19 19:30:00,25.32,25.33,25.15,25.18,65700
2008-02-19 20:00:00,25.18,25.38,25.18,25.35,75400
2008-02-19 20:30:00,25.35,25.35,25.16,25.17,86700
2008-02-19 21:00:00,25.17,25.27,25.17,25.26,92649
2008-02-19 21:30:00,25.26,25.27,25.02,25.02,101600
2008-02-19 22:00:00,25.02,25.07,25.0,25.02,114800
2008-02-19 22:30:00,25.02,25.12,24.98,24.98,126720
2008-02-20 16:30:00,24.4,24.85,24.35,24.75,223367
2008-02-20 17:00:00,24.73,25.2,24.67,25.14,163600
2008-02-20 17:30:00,25.14,25.19,24.94,24.97,72600
2008-02-20 18:00:00,24.97,25.38,24.96,25.29,89790
2008-02-20 18:30:00,25.27,25.31,25.19,25.23,87500
2008-02-20 19:00:00,25.23,25.38,25.17,25.23,154200
2008-02-20 19:30:00,25.22,25.26,25.12,25.16,101500
2008-02-20 20:00:00,25.16,25.41,25.15,25.16,85300
2008-02-20 20:30:00,25.16,25.37,25.1,25.28,85600
2008-02-20 21:00:00,25.25,25.46,25.21,25.27,139200
2008-02-20 21:30:00,25.27,25.56,25.18,25.45,295800
2008-02-20 22:00:00,25.45,25.46,25.27,25.3,134700
2008-02-20 22:30:00,25.29,25.65,25.22,25.51,304600
2008-02-21 16:30:00,25.51,25.92,25.45,25.92,179249
2008-02-21 17:00:00,25.93,26.36,25.83,25.99,232933
2008-02-21 17:30:00,25.97,26.05,25.9,25.95,307416
2008-02-21 18:00:00,25.95,26.0,25.87,25.96,445000
2008-02-21 18:30:00,25.95,26.11,25.95,26.07,217600
2008-02-21 19:00:00,26.07,26.08,25.88,25.9,115193
2008-02-21 19:30:00,25.91,26.0,25.9,25.99,120300
2008-02-21 20:00:00,25.99,26.06,25.96,26.06,193500
2008-02-21 20:30:00,26.07,26.1,25.9,25.95,176078
2008-02-21 21:00:00,25.94,26.0,25.85,25.99,200700
2008-02-21 21:30:00,25.99,26.07,25.95,26.06,149300
2008-02-21 22:00:00,26.07,26.1,25.75,25.79,254800
2008-02-21 22:30:00,25.79,25.98,25.63,25.76,587049
2008-02-22 16:30:00,25.8,25.8,25.61,25.7,164000
2008-02-22 17:00:00,25.71,25.8,25.6,25.67,244100
2008-02-22 17:30:00,25.68,25.7,25.41,25.53,232400
2008-02-22 18:00:00,25.53,25.73,25.53,25.72,342400
2008-02-22 18:30:00,25.73,25.73,25.56,25.57,108800
2008-02-22 19:00:00,25.58,25.6,25.52,25.52,130905
2008-02-22 19:30:00,25.52,25.58,25.49,25.58,127600
2008-02-22 20:00:00,25.59,25.6,25.48,25.5,103700
2008-02-22 20:30:00,25.49,25.54,25.37,25.44,194700
2008-02-22 21:00:00,25.41,25.49,25.34,25.49,124600
2008-02-22 21:30:00,25.5,25.51,25.37,25.4,253111
2008-02-22 22:00:00,25.4,25.43,25.17,25.26,144650
2008-02-22 22:30:00,25.26,25.77,25.25,25.69,439600
2008-02-25 16:30:00,25.32,25.52,25.26,25.48,338700
2008-02-25 17:00:00,25.5,25.75,25.44,25.75,240500
2008-02-25 17:30:00,25.76,25.95,25.67,25.93,217900
2008-02-25 18:00:00,25.93,26.09,25.82,25.82,137900
2008-02-25 18:30:00,25.83,25.83,25.63,25.65,93500
2008-02-25 19:00:00,25.64,25.75,25.63,25.75,108700
2008-02-25 19:30:00,25.74,25.75,25.7,25.72,65400
2008-02-25 20:00:00,25.71,25.77,25.65,25.65,90100
2008-02-25 20:30:00,25.65,25.8,25.54,25.72,71120
2008-02-25 21:00:00,25.71,26.12,25.7,26.1,186900
2008-02-25 21:30:00,26.1,26.15,25.95,26.09,297400
2008-02-25 22:00:00,26.09,26.23,26.0,26.23,225789
2008-02-25 22:30:00,26.23,26.33,26.07,26.15,244468
2008-02-26 16:30:00,26.23,27.02,26.16,27.01,262430
2008-02-26 17:00:00,27.01,27.7,26.75,27.4,445100
2008-02-26 17:30:00,27.4,27.4,26.95,27.01,376600
2008-02-26 18:00:00,27.0,27.13,26.98,27.0,306200
2008-02-26 18:30:00,26.99,27.1,26.94,27.03,177800
2008-02-26 19:00:00,27.03,27.1,27.01,27.09,99885
2008-02-26 19:30:00,27.1,27.2,27.01,27.13,83589
2008-02-26 20:00:00,27.15,27.28,27.05,27.06,71200
2008-02-26 20:30:00,27.07,27.11,27.02,27.08,68600
2008-02-26 21:00:00,27.09,27.2,27.07,27.1,100100
2008-02-26 21:30:00,27.09,27.24,27.05,27.19,162800
2008-02-26 22:00:00,27.2,27.27,27.0,27.08,288781
2008-02-26 22:30:00,27.08,27.14,26.94,27.06,391500
2008-02-27 16:30:00,26.55,26.92,26.55,26.89,84950
2008-02-27 17:00:00,26.88,27.04,26.8,26.81,55229
2008-02-27 17:30:00,26.8,27.34,26.79,27.2,115019
2008-02-27 18:00:00,27.19,27.2,26.8,26.96,152100
2008-02-27 18:30:00,26.99,27.22,26.94,27.22,45300
2008-02-27 19:00:00,27.19,27.2,26.99,27.03,32500
2008-02-27 19:30:00,27.04,27.15,27.02,27.1,33000
2008-02-27 20:00:00,27.1,27.2,27.09,27.18,28400
2008-02-27 20:30:00,27.17,27.17,26.97,27.11,77300
2008-02-27 21:00:00,27.1,27.13,26.95,27.01,86900
2008-02-27 21:30:00,27.03,27.3,27.02,27.29,83600
2008-02-27 22:00:00,27.29,27.3,27.11,27.28,82500
2008-02-27 22:30:00,27.28,27.3,27.03,27.16,148829
2008-02-28 16:30:00,27.11,27.32,26.81,27.03,84700
2008-02-28 17:00:00,27.05,27.08,26.75,26.87,63500
2008-02-28 17:30:00,26.87,27.01,26.75,26.81,79700
2008-02-28 18:00:00,26.79,26.8,26.5,26.59,87200
2008-02-28 18:30:00,26.58,26.65,26.5,26.56,64500
2008-02-28 19:00:00,26.56,26.57,26.42,26.55,94800
2008-02-28 19:30:00,26.54,26.67,26.52,26.61,70300
2008-02-28 20:00:00,26.6,26.93,26.6,26.86,78800
2008-02-28 20:30:00,26.87,26.98,26.84,26.97,60000
2008-02-28 21:00:00,26.96,27.18,26.85,27.17,106400
2008-02-28 21:30:00,27.17,27.2,26.99,27.07,154100
2008-02-28 22:00:00,27.09,27.14,26.95,27.01,182200
2008-02-28 22:30:00,27.0,27.11,26.88,26.95,226430
2008-02-29 16:30:00,26.35,26.54,26.09,26.29,97800
2008-02-29 17:00:00,26.31,26.39,25.9,25.9,97300
2008-02-29 17:30:00,25.9,25.91,25.79,25.89,58700
2008-02-29 18:00:00,25.89,25.98,25.85,25.96,24600
2008-02-29 18:30:00,25.95,26.01,25.92,25.92,42100
2008-02-29 19:00:00,25.94,25.98,25.76,25.93,44500
2008-02-29 19:30:00,25.95,25.99,25.83,25.92,35700
2008-02-29 20:00:00,25.91,26.0,25.9,25.99,51155
2008-02-29 20:30:00,25.98,25.98,25.72,25.77,47500
2008-02-29 21:00:00,25.74,25.85,25.7,25.77,65300
2008-02-29 21:30:00,25.77,25.93,25.74,25.77,154400
2008-02-29 22:00:00,25.77,25.91,25.74,25.91,302500
2008-02-29 22:30:00,25.91,25.94,25.45,25.66,509100
2008-03-03 16:30:00,25.86,25.91,24.7,24.98,225100
2008-03-03 17:00:00,24.95,25.11,24.76,24.82,163900
2008-03-03 17:30:00,24.8,24.9,24.76,24.79,198200
2008-03-03 18:00:00,24.78,24.86,24.5,24.63,202900
2008-03-03 18:30:00,24.63,24.68,24.5,24.67,132800
2008-03-03 19:00:00,24.69,24.72,24.54,24.71,107600
2008-03-03 19:30:00,24.71,24.77,24.65,24.73,147700
2008-03-03 20:00:00,24.75,24.78,24.7,24.71,157400
2008-03-03 20:30:00,24.71,24.84,24.65,24.65,206000
2008-03-03 21:00:00,24.65,24.65,24.48,24.53,167900
2008-03-03 21:30:00,24.52,24.53,24.1,24.1,167400
2008-03-03 22:00:00,24.09,24.38,24.09,24.37,289800
2008-03-03 22:30:00,24.36,24.52,24.35,24.47,415700
2008-03-04 16:30:00,22.75,24.99,22.75,24.73,450300
2008-03-04 17:00:00,24.8,24.82,24.51,24.53,176300
2008-03-04 17:30:00,24.53,24.55,24.06,24.13,169880
2008-03-04 18:00:00,24.12,24.51,24.11,24.44,282200
2008-03-04 18:30:00,24.45,24.52,24.37,24.45,243500
2008-03-04 19:00:00,24.45,24.5,24.34,24.37,143464
2008-03-04 19:30:00,24.38,24.48,24.19,24.22,79100
2008-03-04 20:00:00,24.21,24.32,24.17,24.22,70100
2008-03-04 20:30:00,24.24,24.28,24.09,24.13,115482
2008-03-04 21:00:00,24.12,24.18,23.98,24.08,136400
2008-03-04 21:30:00,24.08,24.36,24.07,24.23,112400
2008-03-04 22:00:00,24.25,24.39,24.19,24.2,217850
2008-03-04 22:30:00,24.19,24.35,24.16,24.21,392100
2008-03-05 16:30:00,24.3,24.67,24.11,24.27,153100
2008-03-05 17:00:00,24.3,24.4,24.28,24.32,129000
2008-03-05 17:30:00,24.34,24.38,24.17,24.29,46600
2008-03-05 18:00:00,24.32,24.32,24.03,24.05,91400
2008-03-05 18:30:00,24.04,24.11,23.89,24.03,160700
2008-03-05 19:00:00,24.02,24.27,23.96,24.0,149970
2008-03-05 19:30:00,24.0,24.05,23.96,24.04,232553
2008-03-05 20:00:00,24.04,24.09,23.67,23.85,132064
2008-03-05 20:30:00,23.87,23.87,23.61,23.8,121900
2008-03-05 21:00:00,23.78,23.97,23.7,23.92,84900
2008-03-05 21:30:00,23.92,24.01,23.88,23.95,95100
2008-03-05 22:00:00,23.95,24.06,23.79,24.04,186100
2008-03-05 22:30:00,24.03,24.33,24.02,24.29,445100
2008-03-06 16:30:00,24.2,24.39,23.6,23.61,183200
2008-03-06 17:00:00,23.6,23.73,23.5,23.71,150350
2008-03-06 17:30:00,23.71,23.8,23.65,23.74,111497
2008-03-06 18:00:00,23.75,23.82,23.65,23.7,77082
2008-03-06 18:30:00,23.7,23.73,23.54,23.57,92300
2008-03-06 19:00:00,23.55,23.57,23.31,23.44,123000
2008-03-06 19:30:00,23.44,23.44,23.26,23.27,96600
2008-03-06 20:00:00,23.28,23.4,23.26,23.29,74900
2008-03-06 20:30:00,23.29,23.38,23.29,23.37,198666
2008-03-06 21:00:00,23.37,23.45,23.3,23.32,131600
2008-03-06 21:30:00,23.31,23.32,23.01,23.1,241200
2008-03-06 22:00:00,23.11,23.14,22.81,22.87,319100
2008-03-06 22:30:00,22.87,23.07,22.63,22.79,720400
2008-03-07 16:30:00,22.21,22.51,21.89,22.49,379745
2008-03-07 17:00:00,22.49,23.01,22.4,22.7,944050
2008-03-07 17:30:00,22.73,22.87,22.65,22.79,635500
2008-03-07 18:00:00,22.79,22.93,22.75,22.83,108600
2008-03-07 18:30:00,22.83,22.83,22.65,22.74,86900
2008-03-07 19:00:00,22.74,22.74,22.49,22.54,398900
2008-03-07 19:30:00,22.55,22.55,22.41,22.55,245000
2008-03-07 20:00:00,22.56,22.61,22.43,22.49,107600
2008-03-07 20:30:00,22.48,22.52,22.46,22.48,221700
2008-03-07 21:00:00,22.47,22.48,22.09,22.11,227800
2008-03-07 21:30:00,22.12,22.13,21.95,22.07,346700
2008-03-07 22:00:00,22.08,22.23,21.94,22.12,662500
2008-03-07 22:30:00,22.11,22.31,22.04,22.3,766100
2008-03-10 16:30:00,22.1,22.35,22.1,22.29,172700
2008-03-10 17:00:00,22.29,22.46,22.29,22.38,167400
2008-03-10 17:30:00,22.38,22.41,22.0,22.06,223800
2008-03-10 18:00:00,22.08,22.22,21.75,21.82,282601
2008-03-10 18:30:00,21.82,21.86,21.56,21.65,151236
2008-03-10 19:00:00,21.65,21.66,20.96,21.25,461400
2008-03-10 19:30:00,21.25,21.45,21.01,21.17,375181
2008-03-10 20:00:00,21.2,21.45,21.14,21.41,181700
2008-03-10 20:30:00,21.39,21.51,21.34,21.36,141200
2008-03-10 21:00:00,21.35,21.42,21.26,21.35,200556
2008-03-10 21:30:00,21.34,21.37,21.29,21.3,205400
2008-03-10 22:00:00,21.31,21.4,21.28,21.37,390900
2008-03-10 22:30:00,21.38,21.46,21.32,21.42,386800
2008-03-11 16:30:00,22.0,23.1,22.0,23.03,565500
2008-03-11 17:00:00,23.02,23.08,22.48,22.6,531500
2008-03-11 17:30:00,22.61,22.77,22.32,22.51,410100
2008-03-11 18:00:00,22.51,22.53,22.05,22.18,261715
2008-03-11 18:30:00,22.18,22.37,21.96,21.97,185191
2008-03-11 19:00:00,21.97,22.16,21.97,22.0,125900
2008-03-11 19:30:00,21.99,22.0,21.67,21.97,249500
2008-03-11 20:00:00,21.97,22.12,21.89,22.09,177825
2008-03-11 20:30:00,22.09,22.14,21.91,22.08,141641
2008-03-11 21:00:00,22.1,22.24,22.09,22.1,244200
2008-03-11 21:30:00,22.1,22.55,22.06,22.48,380900
2008-03-11 22:00:00,22.5,22.56,22.35,22.5,588320
2008-03-11 22:30:00,22.5,22.74,22.36,22.73,675790
2008-03-12 16:30:00,22.9,23.0,22.55,22.63,193100
2008-03-12 17:00:00,22.63,22.75,22.57,22.71,115210
2008-03-12 17:30:00,22.71,22.98,22.67,22.93,82800
2008-03-12 18:00:00,22.93,23.24,22.9,23.23,98775
2008-03-12 18:30:00,23.22,23.39,23.22,23.29,194400
2008-03-12 19:00:00,23.29,23.37,23.25,23.3,114400
2008-03-12 19:30:00,23.31,23.37,23.22,23.33,137300
2008-03-12 20:00:00,23.33,23.51,23.28,23.35,169700
2008-03-12 20:30:00,23.36,23.36,23.32,23.33,65900
2008-03-12 21:00:00,23.33,23.42,23.31,23.35,143600
2008-03-12 21:30:00,23.34,23.53,23.32,23.38,160437
2008-03-12 22:00:00,23.38,23.38,22.91,23.0,560600
2008-03-12 22:30:00,22.99,23.04,22.8,22.87,498300
2008-03-13 16:30:00,22.0,22.79,21.92,22.3,205900
2008-03-13 17:00:00,22.3,22.65,22.2,22.4,354600
2008-03-13 17:30:00,22.41,22.44,21.84,22.0,200100
2008-03-13 18:00:00,21.99,22.38,21.98,22.2,285300
2008-03-13 18:30:00,22.2,22.6,22.17,22.56,207600
2008-03-13 19:00:00,22.57,22.89,22.4,22.51,236600
2008-03-13 19:30:00,22.51,22.52,22.22,22.29,95600
2008-03-13 20:00:00,22.28,22.94,22.25,22.94,237700
2008-03-13 20:30:00,22.94,23.09,22.69,22.87,166505
2008-03-13 21:00:00,22.87,22.91,22.74,22.87,195600
2008-03-13 21:30:00,22.87,22.92,22.67,22.92,231200
2008-03-13 22:00:00,22.92,23.04,22.74,22.88,239200
2008-03-13 22:30:00,22.87,23.14,22.79,22.94,275500
2008-03-14 16:30:00,22.9,23.06,22.18,22.48,140100
2008-03-14 17:00:00,22.48,22.69,21.93,22.42,130100
2008-03-14 17:30:00,22.44,22.58,22.26,22.49,108700
2008-03-14 18:00:00,22.52,22.67,22.47,22.52,76600
2008-03-14 18:30:00,22.52,22.81,22.47,22.53,98200
2008-03-14 19:00:00,22.52,22.79,22.43,22.74,102200
2008-03-14 19:30:00,22.75,22.83,22.43,22.53,108600
2008-03-14 20:00:00,22.54,22.61,22.21,22.22,195800
2008-03-14 20:30:00,22.23,22.4,22.18,22.25,103600
2008-03-14 21:00:00,22.25,22.32,22.21,22.29,105600
2008-03-14 21:30:00,22.27,22.38,22.23,22.25,209800
2008-03-14 22:00:00,22.23,22.42,22.09,22.35,236500
2008-03-14 22:30:00,22.36,22.36,22.02,22.14,297298
2008-03-17 16:30:00,21.44,21.44,19.78,20.9,664000
2008-03-17 17:00:00,20.9,21.0,20.64,20.7,191900
2008-03-17 17:30:00,20.75,21.2,20.74,20.94,406700
2008-03-17 18:00:00,20.92,21.06,20.7,20.73,208383
2008-03-17 18:30:00,20.72,20.72,20.36,20.42,156800
2008-03-17 19:00:00,20.41,20.55,20.39,20.48,86600
2008-03-17 19:30:00,20.49,20.61,20.39,20.53,304600
2008-03-17 20:00:00,20.53,20.55,20.0,20.04,268492
2008-03-17 20:30:00,20.07,20.14,19.95,20.09,347300
2008-03-17 21:00:00,20.09,20.44,20.02,20.21,269000
2008-03-17 21:30:00,20.21,20.7,20.21,20.66,222188
2008-03-17 22:00:00,20.66,20.87,20.49,20.74,455900
2008-03-17 22:30:00,20.74,20.94,20.73,20.92,688100
2008-03-18 16:30:00,21.84,22.15,21.65,21.82,177200
2008-03-18 17:00:00,21.82,22.05,21.8,21.96,252400
2008-03-18 17:30:00,21.97,22.13,21.81,22.1,194200
2008-03-18 18:00:00,22.11,22.47,22.11,22.25,299300
2008-03-18 18:30:00,22.25,22.48,22.24,22.43,545800
2008-03-18 19:00:00,22.44,22.6,22.4,22.54,177100
2008-03-18 19:30:00,22.54,22.71,22.53,22.7,153955
2008-03-18 20:00:00,22.71,22.82,22.67,22.81,111403
2008-03-18 20:30:00,22.81,23.08,22.76,22.78,441475
2008-03-18 21:00:00,22.78,22.96,22.37,22.45,460048
2008-03-18 21:30:00,22.45,23.1,22.35,22.9,504906
2008-03-18 22:00:00,22.9,23.01,22.62,22.65,341000
2008-03-18 22:30:00,22.65,23.03,22.52,22.84,646000
2008-03-19 16:30:00,22.95,23.16,22.59,23.0,273694
2008-03-19 17:00:00,23.0,23.26,22.98,23.2,342200
2008-03-19 17:30:00,23.2,23.26,22.97,23.16,227900
2008-03-19 18:00:00,23.16,23.27,23.05,23.08,103400
2008-03-19 18:30:00,23.06,23.18,23.03,23.15,91418
2008-03-19 19:00:00,23.15,23.24,23.11,23.14,171400
2008-03-19 19:30:00,23.15,23.16,23.08,23.11,195300
2008-03-19 20:00:00,23.12,23.15,23.08,23.09,196000
2008-03-19 20:30:00,23.09,23.12,23.03,23.05,248600
2008-03-19 21:00:00,23.05,23.15,23.02,23.06,258856
2008-03-19 21:30:00,23.05,23.06,22.98,23.04,291900
2008-03-19 22:00:00,23.03,23.09,23.0,23.0,376200
2008-03-19 22:30:00,23.0,23.04,22.52,22.56,683400
2008-03-20 16:30:00,22.74,22.96,22.17,22.8,105400
2008-03-20 17:00:00,22.8,22.91,22.69,22.71,74900
2008-03-20 17:30:00,22.71,23.27,22.66,23.27,89100
2008-03-20 18:00:00,23.28,23.58,23.25,23.57,91524
2008-03-20 18:30:00,23.56,23.65,23.39,23.45,274000
2008-03-20 19:00:00,23.45,23.57,23.42,23.45,243700
2008-03-20 19:30:00,23.46,23.5,23.33,23.36,100192
2008-03-20 20:00:00,23.36,23.5,23.35,23.47,118900
2008-03-20 20:30:00,23.49,23.77,23.48,23.77,131100
2008-03-20 21:00:00,23.77,23.87,23.72,23.82,184900
2008-03-20 21:30:00,23.83,24.27,23.82,24.2,387400
2008-03-20 22:00:00,24.19,24.51,24.16,24.29,288000
2008-03-20 22:30:00,24.29,24.67,22.61,24.51,1247121
2008-03-24 16:30:00,24.79,25.18,24.29,25.18,120250
2008-03-24 17:00:00,25.17,25.9,24.94,25.15,318700
2008-03-24 17:30:00,25.15,25.51,25.09,25.5,291300
2008-03-24 18:00:00,25.5,25.61,25.4,25.53,379289
2008-03-24 18:30:00,25.52,25.8,25.45,25.66,167660
2008-03-24 19:00:00,25.67,25.83,25.64,25.7,189400
2008-03-24 19:30:00,25.71,25.72,25.57,25.59,114259
2008-03-24 20:00:00,25.59,25.69,25.47,25.69,99000
2008-03-24 20:30:00,25.68,25.69,25.3,25.32,185500
2008-03-24 21:00:00,25.32,25.32,25.06,25.07,196962
2008-03-24 21:30:00,25.07,25.12,24.81,24.82,147158
2008-03-24 22:00:00,24.82,24.88,24.65,24.69,224983
2008-03-24 22:30:00,24.69,24.69,24.42,24.47,375291
2008-03-25 16:30:00,24.6,25.09,24.22,24.87,261600
2008-03-25 17:00:00,24.87,24.95,24.66,24.76,231705
2008-03-25 17:30:00,24.76,24.82,24.51,24.69,138200
2008-03-25 18:00:00,24.69,24.78,24.58,24.59,111100
2008-03-25 18:30:00,24.59,24.62,24.54,24.59,56700
2008-03-25 19:00:00,24.59,24.73,24.54,24.62,118424
2008-03-25 19:30:00,24.65,24.72,24.57,24.6,97300
2008-03-25 20:00:00,24.61,24.9,24.59,24.9,181800
2008-03-25 20:30:00,24.9,25.05,24.9,25.02,187000
2008-03-25 21:00:00,25.01,25.1,24.94,25.03,223782
2008-03-25 21:30:00,25.03,25.08,24.95,25.06,157700
2008-03-25 22:00:00,25.06,25.29,25.05,25.2,120600
2008-03-25 22:30:00,25.2,25.3,24.99,25.01,421100
2008-03-26 16:30:00,24.9,25.01,24.7,24.72,76401
2008-03-26 17:00:00,24.76,24.87,24.52,24.55,80400
2008-03-26 17:30:00,24.55,24.58,24.26,24.39,237559
2008-03-26 18:00:00,24.38,24.44,24.33,24.39,159000
2008-03-26 18:30:00,24.39,24.41,24.24,24.4,309700
2008-03-26 19:00:00,24.4,24.46,24.38,24.42,62200
2008-03-26 19:30:00,24.41,24.54,24.39,24.51,312200
2008-03-26 20:00:00,24.5,24.54,24.48,24.52,85200
2008-03-26 20:30:00,24.52,24.54,24.48,24.52,71200
2008-03-26 21:00:00,24.52,24.59,24.49,24.58,128600
2008-03-26 21:30:00,24.58,24.75,24.56,24.74,187700
2008-03-26 22:00:00,24.74,24.77,24.49,24.5,195600
2008-03-26 22:30:00,24.52,24.76,24.49,24.67,353700
2008-03-27 16:30:00,24.96,24.96,24.05,24.48,85200
2008-03-27 17:00:00,24.46,24.46,24.02,24.02,40700
2008-03-27 17:30:00,24.06,24.26,24.04,24.21,86400
2008-03-27 18:00:00,24.21,24.26,24.07,24.19,63700
2008-03-27 18:30:00,24.19,24.55,24.19,24.39,48500
2008-03-27 19:00:00,24.39,24.67,24.39,24.67,42500
2008-03-27 19:30:00,24.68,24.69,24.46,24.5,42900
2008-03-27 20:00:00,24.5,24.59,24.32,24.33,65800
2008-03-27 20:30:00,24.32,24.36,24.21,24.27,47900
2008-03-27 21:00:00,24.27,24.33,24.22,24.3,42300
2008-03-27 21:30:00,24.28,24.48,24.26,24.28,65500
2008-03-27 22:00:00,24.29,24.4,24.19,24.33,80035
2008-03-27 22:30:00,24.31,24.32,23.98,23.99,340489
2008-03-28 16:30:00,24.3,24.57,24.11,24.36,46200
2008-03-28 17:00:00,24.35,24.64,24.23,24.28,69900
2008-03-28 17:30:00,24.27,24.32,23.93,23.98,113200
2008-03-28 18:00:00,23.98,24.01,23.75,23.76,90500
2008-03-28 18:30:00,23.76,23.9,23.63,23.8,213092
2008-03-28 19:00:00,23.8,23.83,23.72,23.83,53000
2008-03-28 19:30:00,23.82,23.85,23.74,23.75,30500
2008-03-28 20:00:00,23.76,23.8,23.69,23.77,71900
2008-03-28 20:30:00,23.77,23.81,23.73,23.78,68200
2008-03-28 21:00:00,23.77,23.89,23.75,23.89,58700
2008-03-28 21:30:00,23.88,23.93,23.53,23.77,78300
2008-03-28 22:00:00,23.77,23.91,23.72,23.85,240300
2008-03-28 22:30:00,23.85,23.85,23.7,23.76,240829
2008-03-31 16:30:00,23.96,24.14,23.57,24.0,223000
2008-03-31 17:00:00,24.0,24.02,23.87,23.88,96800
2008-03-31 17:30:00,23.88,23.93,23.7,23.85,157784
2008-03-31 18:00:00,23.85,23.94,23.74,23.9,88900
2008-03-31 18:30:00,23.9,23.97,23.78,23.97,102500
2008-03-31 19:00:00,23.96,24.06,23.95,24.06,86700
2008-03-31 19:30:00,24.06,24.12,24.03,24.12,70450
2008-03-31 20:00:00,24.12,24.19,24.1,24.18,42500
2008-03-31 20:30:00,24.18,24.27,24.06,24.15,93900
2008-03-31 21:00:00,24.15,24.2,24.09,24.14,107900
2008-03-31 21:30:00,24.17,24.26,24.11,24.19,66600
2008-03-31 22:00:00,24.2,24.32,24.17,24.18,76600
2008-03-31 22:30:00,24.17,24.4,24.11,24.4,300400
2008-04-01 16:30:00,24.75,25.52,24.72,25.26,305000
2008-04-01 17:00:00,25.25,25.57,25.23,25.24,186000
2008-04-01 17:30:00,25.24,25.37,25.09,25.24,112300
2008-04-01 18:00:00,25.26,25.35,25.22,25.31,66900
2008-04-01 18:30:00,25.31,25.49,25.29,25.47,51600
2008-04-01 19:00:00,25.46,25.54,25.35,25.54,112900
2008-04-01 19:30:00,25.54,25.76,25.53,25.74,105900
2008-04-01 20:00:00,25.73,25.83,25.64,25.83,151800
2008-04-01 20:30:00,25.83,25.99,25.67,25.78,212600
2008-04-01 21:00:00,25.79,25.91,25.67,25.82,162400
2008-04-01 21:30:00,25.82,25.98,25.8,25.95,94998
2008-04-01 22:00:00,25.95,25.98,25.77,25.88,161500
2008-04-01 22:30:00,25.89,26.08,25.74,26.07,437800
2008-04-02 16:30:00,26.31,26.55,25.54,25.62,80322
2008-04-02 17:00:00,25.62,26.12,25.58,26.07,87700
2008-04-02 17:30:00,26.06,26.34,26.06,26.28,49641
2008-04-02 18:00:00,26.28,26.3,26.05,26.11,41100
2008-04-02 18:30:00,26.11,26.3,26.1,26.16,46700
2008-04-02 19:00:00,26.15,26.23,26.07,26.1,102754
2008-04-02 19:30:00,26.09,26.12,25.99,26.02,64849
2008-04-02 20:00:00,26.02,26.1,25.55,25.56,89327
2008-04-02 20:30:00,25.56,25.66,25.47,25.51,110100
2008-04-02 21:00:00,25.51,25.61,25.4,25.52,130400
2008-04-02 21:30:00,25.51,25.53,25.12,25.16,113100
2008-04-02 22:00:00,25.16,25.52,25.07,25.5,164500
2008-04-02 22:30:00,25.5,25.58,25.36,25.46,194500
2008-04-03 16:30:00,25.47,25.75,25.03,25.12,150400
2008-04-03 17:00:00,25.11,25.27,25.09,25.2,172080
2008-04-03 17:30:00,25.18,25.19,24.94,24.99,72500
2008-04-03 18:00:00,24.99,25.39,24.98,25.28,98100
2008-04-03 18:30:00,25.28,25.73,25.2,25.63,125800
2008-04-03 19:00:00,25.62,25.87,25.61,25.75,81900
2008-04-03 19:30:00,25.71,26.11,25.7,26.05,133100
2008-04-03 20:00:00,26.03,26.27,25.99,26.25,97400
2008-04-03 20:30:00,26.26,26.42,26.01,26.06,185200
2008-04-03 21:00:00,26.05,26.11,25.87,25.94,149300
2008-04-03 21:30:00,25.94,26.06,25.88,25.97,89322
2008-04-03 22:00:00,25.97,26.03,25.81,25.81,110700
2008-04-03 22:30:00,25.81,25.93,25.64,25.87,213421
2008-04-04 16:30:00,25.69,25.83,25.31,25.66,69500
2008-04-04 17:00:00,25.62,25.64,25.26,25.29,38200
2008-04-04 17:30:00,25.29,25.55,25.08,25.47,76300
2008-04-04 18:00:00,25.48,25.65,25.4,25.53,65100
2008-04-04 18:30:00,25.55,25.7,24.58,25.0,895400
2008-04-04 19:00:00,24.99,25.3,24.82,25.27,378500
2008-04-04 19:30:00,25.28,25.53,25.24,25.51,134000
2008-04-04 20:00:00,25.52,25.67,25.39,25.67,78800
2008-04-04 20:30:00,25.67,25.75,25.4,25.54,85900
2008-04-04 21:00:00,25.55,25.59,25.33,25.38,76300
2008-04-04 21:30:00,25.4,25.55,25.31,25.34,43000
2008-04-04 22:00:00,25.34,25.46,25.29,25.31,94100
2008-04-04 22:30:00,25.32,25.51,25.32,25.34,172500
2008-04-07 16:30:00,25.26,25.56,24.85,25.23,151700
2008-04-07 17:00:00,25.21,25.23,24.9,24.92,140500
2008-04-07 17:30:00,24.91,24.92,24.67,24.83,111000
2008-04-07 18:00:00,24.81,25.02,24.72,24.97,113400
2008-04-07 18:30:00,24.97,25.04,24.83,24.87,87200
2008-04-07 19:00:00,24.85,25.01,24.84,24.97,63600
2008-04-07 19:30:00,24.98,25.17,24.97,25.14,151700
2008-04-07 20:00:00,25.14,25.19,25.12,25.16,180100
2008-04-07 20:30:00,25.16,25.19,25.07,25.14,83700
2008-04-07 21:00:00,25.15,25.19,24.99,25.0,81100
2008-04-07 21:30:00,25.01,25.01,24.9,24.9,61400
2008-04-07 22:00:00,24.9,24.95,24.81,24.9,168102
2008-04-07 22:30:00,24.9,24.93,24.75,24.87,202000
2008-04-08 16:30:00,24.64,25.2,24.64,25.09,62700
2008-04-08 17:00:00,25.08,25.18,24.91,25.1,41200
2008-04-08 17:30:00,25.1,25.16,24.95,24.96,66891
2008-04-08 18:00:00,24.96,24.98,24.74,24.76,109600
2008-04-08 18:30:00,24.77,24.92,24.73,24.77,46400
2008-04-08 19:00:00,24.79,24.86,24.71,24.78,59400
2008-04-08 19:30:00,24.75,24.79,24.54,24.61,100100
2008-04-08 20:00:00,24.59,24.81,24.58,24.73,75200
2008-04-08 20:30:00,24.74,24.77,24.67,24.69,29900
2008-04-08 21:00:00,24.69,24.72,24.58,24.67,66300
2008-04-08 21:30:00,24.69,24.73,24.65,24.67,77300
2008-04-08 22:00:00,24.67,24.74,24.56,24.66,126500
2008-04-08 22:30:00,24.65,24.73,24.52,24.54,187010
2008-04-09 16:30:00,24.05,24.05,23.01,23.31,1241575
2008-04-09 17:00:00,23.31,23.73,23.29,23.67,773290
2008-04-09 17:30:00,23.67,23.74,23.53,23.54,365650
2008-04-09 18:00:00,23.54,23.66,23.42,23.47,293259
2008-04-09 18:30:00,23.46,23.56,23.3,23.44,294400
2008-04-09 19:00:00,23.44,23.53,23.42,23.49,131900
2008-04-09 19:30:00,23.48,23.53,23.43,23.47,57900
2008-04-09 20:00:00,23.47,23.5,23.28,23.3,152600
2008-04-09 20:30:00,23.3,23.32,23.23,23.26,121100
2008-04-09 21:00:00,23.27,23.3,22.99,23.05,211500
2008-04-09 21:30:00,23.06,23.24,23.03,23.2,227340
2008-04-09 22:00:00,23.2,23.38,23.18,23.31,207700
2008-04-09 22:30:00,23.32,23.37,23.14,23.28,562609
2008-04-10 16:30:00,23.06,23.16,22.81,22.95,412000
2008-04-10 17:00:00,22.94,23.0,22.75,22.99,504000
2008-04-10 17:30:00,22.99,23.25,22.9,23.25,280600
2008-04-10 18:00:00,23.25,23.57,23.21,23.49,142000
2008-04-10 18:30:00,23.48,23.49,23.32,23.45,152600
2008-04-10 19:00:00,23.45,23.5,23.4,23.42,123300
2008-04-10 19:30:00,23.41,23.44,23.31,23.43,77700
2008-04-10 20:00:00,23.43,23.48,23.41,23.43,88700
2008-04-10 20:30:00,23.43,23.47,23.29,23.3,134900
2008-04-10 21:00:00,23.3,23.34,23.05,23.13,155200
2008-04-10 21:30:00,23.13,23.25,23.09,23.19,181600
2008-04-10 22:00:00,23.2,23.23,23.08,23.12,73400
2008-04-10 22:30:00,23.12,23.12,22.93,22.97,387466
2008-04-11 16:30:00,22.64,22.9,22.49,22.74,187000
2008-04-11 17:00:00,22.74,22.81,22.6,22.62,74100
2008-04-11 17:30:00,22.64,22.9,22.59,22.86,124100
2008-04-11 18:00:00,22.86,22.86,22.66,22.69,72200
2008-04-11 18:30:00,22.69,22.93,22.68,22.86,90000
2008-04-11 19:00:00,22.86,22.91,22.79,22.81,88100
2008-04-11 19:30:00,22.81,22.93,22.79,22.9,62400
2008-04-11 20:00:00,22.91,22.93,22.83,22.86,98900
2008-04-11 20:30:00,22.87,22.87,22.72,22.78,74400
2008-04-11 21:00:00,22.77,22.83,22.71,22.82,73800
2008-04-11 21:30:00,22.82,22.82,22.57,22.6,87600
2008-04-11 22:00:00,22.59,22.62,22.5,22.52,94700
2008-04-11 22:30:00,22.51,22.56,22.48,22.53,205300
2008-04-14 16:30:00,22.65,22.76,22.5,22.67,223105
2008-04-14 17:00:00,22.68,22.68,22.46,22.5,310302
2008-04-14 17:30:00,22.51,22.54,22.43,22.46,276029
2008-04-14 18:00:00,22.46,22.47,22.32,22.32,98543
2008-04-14 18:30:00,22.32,22.42,22.29,22.4,162090
2008-04-14 19:00:00,22.4,22.54,22.39,22.5,167725
2008-04-14 19:30:00,22.52,22.53,22.49,22.52,59721
2008-04-14 20:00:00,22.52,22.52,22.48,22.5,91864
2008-04-14 20:30:00,22.51,22.52,22.45,22.46,153222
2008-04-14 21:00:00,22.47,22.5,22.46,22.49,82800
2008-04-14 21:30:00,22.5,22.53,22.48,22.49,130196
2008-04-14 22:00:00,22.49,22.49,22.23,22.26,309975
2008-04-14 22:30:00,22.25,22.41,22.16,22.36,405447
2008-04-15 16:30:00,22.25,23.04,22.23,23.0,305423
2008-04-15 17:00:00,23.0,23.02,22.81,22.83,205056
2008-04-15 17:30:00,22.83,23.02,22.82,22.97,165777
2008-04-15 18:00:00,22.98,22.98,22.88,22.93,252368
2008-04-15 18:30:00,22.91,23.08,22.91,23.07,105850
2008-04-15 19:00:00,23.08,23.1,23.0,23.03,80200
2008-04-15 19:30:00,23.04,23.15,23.03,23.08,150800
2008-04-15 20:00:00,23.08,23.1,23.0,23.08,145900
2008-04-15 20:30:00,23.08,23.27,22.96,23.19,152100
2008-04-15 21:00:00,23.2,23.37,23.19,23.29,129000
2008-04-15 21:30:00,23.3,23.33,23.0,23.05,128400
2008-04-15 22:00:00,23.03,23.19,22.97,23.18,124739
2008-04-15 22:30:00,23.19,23.24,23.0,23.15,217586
2008-04-16 16:30:00,23.2,23.52,23.16,23.21,101760
2008-04-16 17:00:00,23.23,23.36,23.16,23.25,99000
2008-04-16 17:30:00,23.26,23.39,23.25,23.37,86399
2008-04-16 18:00:00,23.38,23.44,23.28,23.35,154517
2008-04-16 18:30:00,23.35,23.4,23.29,23.29,133550
2008-04-16 19:00:00,23.3,23.34,23.29,23.33,96800
2008-04-16 19:30:00,23.34,23.37,23.3,23.31,53887
2008-04-16 20:00:00,23.31,23.32,23.25,23.3,63367
2008-04-16 20:30:00,23.3,23.32,23.24,23.27,39863
2008-04-16 21:00:00,23.26,23.32,23.2,23.27,87561
2008-04-16 21:30:00,23.27,23.35,23.24,23.32,115400
2008-04-16 22:00:00,23.32,23.41,23.3,23.38,180468
2008-04-16 22:30:00,23.38,23.51,23.33,23.49,479675
2008-04-17 16:30:00,23.39,23.73,23.14,23.2,46592
2008-04-17 17:00:00,23.18,23.41,23.1,23.34,54088
2008-04-17 17:30:00,23.34,23.34,23.1,23.19,46055
2008-04-17 18:00:00,23.19,23.29,23.1,23.15,38831
2008-04-17 18:30:00,23.16,23.23,23.12,23.12,22100
2008-04-17 19:00:00,23.12,23.22,23.1,23.12,39100
2008-04-17 19:30:00,23.1,23.31,23.1,23.25,45140
2008-04-17 20:00:00,23.25,23.32,23.24,23.28,49081
2008-04-17 20:30:00,23.28,23.32,23.27,23.3,66875
2008-04-17 21:00:00,23.3,23.38,23.25,23.28,51776
2008-04-17 21:30:00,23.29,23.31,23.26,23.29,64949
2008-04-17 22:00:00,23.27,23.5,23.27,23.47,85171
2008-04-17 22:30:00,23.46,23.57,23.41,23.42,214714
2008-04-18 16:30:00,24.02,24.05,23.46,23.99,328982
2008-04-18 17:00:00,24.0,24.07,23.94,24.02,141925
2008-04-18 17:30:00,24.01,24.02,23.93,24.0,141360
2008-04-18 18:00:00,24.02,24.02,23.93,24.0,184416
2008-04-18 18:30:00,24.0,24.05,23.99,24.03,80724
2008-04-18 19:00:00,24.03,24.07,23.98,24.0,72235
2008-04-18 19:30:00,24.0,24.2,24.0,24.18,72715
2008-04-18 20:00:00,24.17,24.21,24.15,24.2,60255
2008-04-18 20:30:00,24.19,24.19,24.1,24.12,125078
2008-04-18 21:00:00,24.12,24.13,23.98,24.05,80505
2008-04-18 21:30:00,24.05,24.12,24.04,24.06,112789
2008-04-18 22:00:00,24.05,24.05,23.96,24.0,146632
2008-04-18 22:30:00,24.0,24.06,23.95,23.98,233538
2008-04-21 16:30:00,23.94,23.98,23.77,23.84,40487
2008-04-21 17:00:00,23.86,23.86,23.49,23.49,119544
2008-04-21 17:30:00,23.5,23.94,23.48,23.83,170023
2008-04-21 18:00:00,23.84,23.99,23.83,23.88,74475
2008-04-21 18:30:00,23.9,24.05,23.89,23.99,123589
2008-04-21 19:00:00,23.99,24.02,23.86,23.9,31816
2008-04-21 19:30:00,23.89,23.9,23.85,23.87,111601
2008-04-21 20:00:00,23.88,23.94,23.72,23.74,70677
2008-04-21 20:30:00,23.74,23.75,23.6,23.74,32193
2008-04-21 21:00:00,23.74,23.75,23.6,23.65,36018
2008-04-21 21:30:00,23.66,23.74,23.59,23.62,58600
2008-04-21 22:00:00,23.63,23.72,23.61,23.64,55788
2008-04-21 22:30:00,23.64,23.7,23.62,23.7,127319
2008-04-22 16:30:00,23.4,23.5,22.92,23.07,108179
2008-04-22 17:00:00,23.08,23.34,23.07,23.2,139408
2008-04-22 17:30:00,23.19,23.38,23.16,23.34,122198
2008-04-22 18:00:00,23.34,23.34,23.02,23.03,58453
2008-04-22 18:30:00,23.04,23.07,22.87,22.89,144522
2008-04-22 19:00:00,22.88,22.92,22.82,22.9,66774
2008-04-22 19:30:00,22.9,22.93,22.82,22.84,139363
2008-04-22 20:00:00,22.83,22.93,22.81,22.81,129494
2008-04-22 20:30:00,22.81,22.82,22.78,22.81,144915
2008-04-22 21:00:00,22.8,22.82,22.69,22.79,101473
2008-04-22 21:30:00,22.78,22.9,22.78,22.82,439010
2008-04-22 22:00:00,22.83,23.05,22.83,23.0,248489
2008-04-22 22:30:00,22.98,23.1,22.95,23.02,271539
2008-04-23 16:30:00,23.02,23.12,22.9,23.05,57390
2008-04-23 17:00:00,23.04,23.17,22.95,23.14,50710
2008-04-23 17:30:00,23.17,23.21,23.0,23.15,78087
2008-04-23 18:00:00,23.14,23.14,23.05,23.1,49987
2008-04-23 18:30:00,23.09,23.1,22.83,22.91,67444
2008-04-23 19:00:00,22.92,22.92,22.63,22.7,131279
2008-04-23 19:30:00,22.7,22.8,22.48,22.74,88324
2008-04-23 20:00:00,22.75,22.82,22.73,22.78,22850
2008-04-23 20:30:00,22.79,22.8,22.61,22.62,106887
2008-04-23 21:00:00,22.64,22.67,22.54,22.54,71081
2008-04-23 21:30:00,22.55,22.72,22.5,22.57,188481
2008-04-23 22:00:00,22.57,22.66,22.49,22.51,377277
2008-04-23 22:30:00,22.5,22.63,22.19,22.38,399548
2008-04-24 16:30:00,23.0,23.02,22.2,23.0,585540
2008-04-24 17:00:00,22.99,23.59,22.95,23.53,561763
2008-04-24 17:30:00,23.54,23.74,23.4,23.69,181603
2008-04-24 18:00:00,23.68,23.8,23.65,23.7,189023
2008-04-24 18:30:00,23.71,24.07,23.71,23.97,228649
2008-04-24 19:00:00,23.98,24.55,23.97,24.33,248523
2008-04-24 19:30:00,24.33,24.37,24.11,24.24,152207
2008-04-24 20:00:00,24.26,24.44,24.25,24.4,61348
2008-04-24 20:30:00,24.43,24.55,24.42,24.51,82404
2008-04-24 21:00:00,24.51,24.75,24.48,24.62,104126
2008-04-24 21:30:00,24.62,24.72,24.57,24.6,129446
2008-04-24 22:00:00,24.6,24.63,24.25,24.26,273854
2008-04-24 22:30:00,24.25,24.34,24.06,24.19,458931
2008-04-25 16:30:00,24.41,24.53,23.98,24.04,126114
2008-04-25 17:00:00,24.05,24.23,23.9,24.13,140935
2008-04-25 17:30:00,24.12,24.15,23.98,24.09,71679
2008-04-25 18:00:00,24.1,24.15,23.98,24.02,86144
2008-04-25 18:30:00,24.02,24.17,23.87,23.89,63700
2008-04-25 19:00:00,23.88,23.94,23.81,23.93,68900
2008-04-25 19:30:00,23.92,24.06,23.92,24.0,57572
2008-04-25 20:00:00,24.0,24.01,23.96,24.0,62105
2008-04-25 20:30:00,23.99,24.29,23.99,24.18,97995
2008-04-25 21:00:00,24.2,24.4,24.2,24.38,82911
2008-04-25 21:30:00,24.39,24.64,24.37,24.62,162160
2008-04-25 22:00:00,24.62,24.62,24.46,24.57,153991
2008-04-25 22:30:00,24.57,24.58,24.35,24.39,237005
2008-04-28 16:30:00,24.71,25.44,24.54,25.25,225816
2008-04-28 17:00:00,25.26,25.81,25.08,25.67,229424
2008-04-28 17:30:00,25.66,25.67,25.26,25.32,111981
2008-04-28 18:00:00,25.31,25.41,25.22,25.32,111337
2008-04-28 18:30:00,25.32,25.36,25.25,25.33,61570
2008-04-28 19:00:00,25.35,25.42,25.33,25.42,51894
2008-04-28 19:30:00,25.42,25.61,25.39,25.5,145400
2008-04-28 20:00:00,25.51,25.61,25.48,25.58,68303
2008-04-28 20:30:00,25.59,25.67,25.57,25.66,62771
2008-04-28 21:00:00,25.66,25.68,25.58,25.59,50652
2008-04-28 21:30:00,25.59,26.23,25.58,25.99,231591
2008-04-28 22:00:00,25.99,26.02,25.82,25.91,181320
2008-04-28 22:30:00,25.92,25.94,25.74,25.84,494746
2008-04-29 16:30:00,25.65,25.77,25.2,25.42,77021
2008-04-29 17:00:00,25.42,25.47,24.99,25.09,151775
2008-04-29 17:30:00,25.07,25.19,24.94,25.02,203665
2008-04-29 18:00:00,25.02,25.07,24.99,25.06,76009
2008-04-29 18:30:00,25.06,25.1,24.88,24.89,80695
2008-04-29 19:00:00,24.89,25.08,24.89,25.06,85980
2008-04-29 19:30:00,25.08,25.12,25.01,25.02,45079
2008-04-29 20:00:00,25.03,25.13,25.02,25.12,38587
2008-04-29 20:30:00,25.12,25.36,25.12,25.26,194432
2008-04-29 21:00:00,25.28,25.48,25.24,25.48,84288
2008-04-29 21:30:00,25.48,25.61,25.43,25.59,149017
2008-04-29 22:00:00,25.58,25.7,25.56,25.6,149900
2008-04-29 22:30:00,25.6,25.76,25.51,25.73,276523
2008-04-30 16:30:00,25.88,25.88,25.4,25.45,280603
2008-04-30 17:00:00,25.45,25.5,25.32,25.4,30046
2008-04-30 17:30:00,25.42,25.7,25.42,25.66,131651
2008-04-30 18:00:00,25.67,25.96,25.65,25.91,60774
2008-04-30 18:30:00,25.91,25.92,25.85,25.88,106351
2008-04-30 19:00:00,25.89,25.89,25.58,25.59,48827
2008-04-30 19:30:00,25.61,25.64,25.42,25.62,48686
2008-04-30 20:00:00,25.62,25.82,25.62,25.8,40728
2008-04-30 20:30:00,25.8,25.84,25.8,25.83,45899
2008-04-30 21:00:00,25.85,25.99,25.71,25.8,136926
2008-04-30 21:30:00,25.78,25.83,25.57,25.57,106834
2008-04-30 22:00:00,25.55,25.66,25.44,25.65,162101
2008-04-30 22:30:00,25.65,25.73,25.56,25.63,261240
2008-05-01 16:30:00,25.6,25.99,25.6,25.98,65990
2008-05-01 17:00:00,25.97,26.29,25.87,26.29,104253
2008-05-01 17:30:00,26.31,26.62,26.29,26.58,134196
2008-05-01 18:00:00,26.57,26.58,26.41,26.41,87664
2008-05-01 18:30:00,26.4,26.9,26.4,26.85,190957
2008-05-01 19:00:00,26.87,27.18,26.86,27.06,196552
2008-05-01 19:30:00,27.06,27.17,26.98,27.12,188054
2008-05-01 20:00:00,27.11,27.13,26.86,26.97,167265
2008-05-01 20:30:00,26.97,27.07,26.89,26.92,98791
2008-05-01 21:00:00,26.89,26.95,26.76,26.87,128455
2008-05-01 21:30:00,26.86,26.92,26.83,26.85,78080
2008-05-01 22:00:00,26.86,26.92,26.82,26.89,90463
2008-05-01 22:30:00,26.88,27.03,26.78,26.96,260032
2008-05-02 16:30:00,27.05,27.56,26.9,27.01,159590
2008-05-02 17:00:00,27.0,27.58,26.99,27.49,351674
2008-05-02 17:30:00,27.49,27.64,27.39,27.42,193208
2008-05-02 18:00:00,27.42,27.61,27.4,27.55,175682
2008-05-02 18:30:00,27.56,27.69,27.45,27.67,132683
2008-05-02 19:00:00,27.69,27.77,27.63,27.74,274557
2008-05-02 19:30:00,27.74,27.89,27.7,27.85,156778
2008-05-02 20:00:00,27.85,27.86,27.75,27.79,162220
2008-05-02 20:30:00,27.8,27.8,27.54,27.72,150304
2008-05-02 21:00:00,27.72,27.79,27.43,27.45,160751
2008-05-02 21:30:00,27.44,27.64,27.43,27.56,138712
2008-05-02 22:00:00,27.56,27.57,27.48,27.49,97871
2008-05-02 22:30:00,27.49,27.85,27.44,27.81,228542
2008-05-05 16:30:00,27.66,27.83,27.27,27.61,210857
2008-05-05 17:00:00,27.63,27.98,27.59,27.95,271596
2008-05-05 17:30:00,27.95,27.95,27.83,27.86,123649
2008-05-05 18:00:00,27.88,27.88,27.75,27.83,92147
2008-05-05 18:30:00,27.85,27.9,27.79,27.86,214718
2008-05-05 19:00:00,27.87,27.87,27.63,27.66,103617
2008-05-05 19:30:00,27.67,27.81,27.64,27.73,118703
2008-05-05 20:00:00,27.74,27.74,27.67,27.69,37146
2008-05-05 20:30:00,27.71,27.75,27.66,27.7,70932
2008-05-05 21:00:00,27.71,27.75,27.68,27.74,93822
2008-05-05 21:30:00,27.74,27.83,27.66,27.75,191676
2008-05-05 22:00:00,27.76,27.88,27.75,27.79,129158
2008-05-05 22:30:00,27.79,27.79,27.64,27.74,113505
2008-05-06 16:30:00,27.34,27.47,27.01,27.06,101873
2008-05-06 17:00:00,27.05,27.18,26.94,27.11,87356
2008-05-06 17:30:00,27.1,27.25,26.97,27.2,89061
2008-05-06 18:00:00,27.2,27.56,27.19,27.5,393384
2008-05-06 18:30:00,27.5,27.7,27.3,27.68,143332
2008-05-06 19:00:00,27.68,27.8,27.67,27.67,112578
2008-05-06 19:30:00,27.68,27.96,27.65,27.93,131825
2008-05-06 20:00:00,27.93,27.98,27.88,27.93,38001
2008-05-06 20:30:00,27.93,28.0,27.89,27.98,74929
2008-05-06 21:00:00,27.99,27.99,27.85,27.93,78641
2008-05-06 21:30:00,27.93,28.08,27.91,27.95,242975
2008-05-06 22:00:00,27.95,28.0,27.25,27.99,133323
2008-05-06 22:30:00,28.0,28.05,27.96,28.03,133363
2008-05-07 16:30:00,27.62,28.0,27.55,27.89,64034
2008-05-07 17:00:00,27.85,27.91,27.65,27.88,33091
2008-05-07 17:30:00,27.89,27.97,27.64,27.72,60710
2008-05-07 18:00:00,27.71,27.74,27.64,27.64,109487
2008-05-07 18:30:00,27.65,27.77,27.48,27.77,137686
2008-05-07 19:00:00,27.77,27.95,27.74,27.93,105097
2008-05-07 19:30:00,27.93,28.04,27.87,27.93,228919
2008-05-07 20:00:00,27.93,27.96,27.61,27.62,95253
2008-05-07 20:30:00,27.64,27.79,27.64,27.77,71483
2008-05-07 21:00:00,27.78,28.0,27.77,27.99,168068
2008-05-07 21:30:00,27.98,28.05,27.97,28.02,265541
2008-05-07 22:00:00,28.02,28.15,27.98,27.98,758944
2008-05-07 22:30:00,27.97,28.02,27.54,27.6,1089998
2008-05-08 16:30:00,27.36,27.78,26.94,27.45,184700
2008-05-08 17:00:00,27.43,27.59,27.3,27.32,156623
2008-05-08 17:30:00,27.32,27.34,27.0,27.06,144490
2008-05-08 18:00:00,27.05,27.31,27.0,27.27,436792
2008-05-08 18:30:00,27.28,27.48,27.26,27.46,279690
2008-05-08 19:00:00,27.46,27.52,27.4,27.43,187944
2008-05-08 19:30:00,27.44,27.47,27.4,27.46,66106
2008-05-08 20:00:00,27.46,27.47,27.35,27.41,107305
2008-05-08 20:30:00,27.4,27.44,27.32,27.34,62616
2008-05-08 21:00:00,27.33,27.37,27.08,27.17,133640
2008-05-08 21:30:00,27.17,27.41,27.16,27.32,251655
2008-05-08 22:00:00,27.35,27.39,27.22,27.34,175331
2008-05-08 22:30:00,27.34,27.54,27.32,27.52,264282
2008-05-09 16:30:00,26.95,27.32,26.82,26.96,149813
2008-05-09 17:00:00,26.97,27.24,26.96,27.17,170203
2008-05-09 17:30:00,27.17,27.44,27.09,27.37,169412
2008-05-09 18:00:00,27.33,27.57,27.33,27.47,157411
2008-05-09 18:30:00,27.46,27.49,27.24,27.35,50927
2008-05-09 19:00:00,27.34,27.43,27.27,27.36,79992
2008-05-09 19:30:00,27.36,27.45,27.34,27.42,147447
2008-05-09 20:00:00,27.41,27.5,27.34,27.49,53649
2008-05-09 20:30:00,27.49,27.59,27.47,27.5,563924
2008-05-09 21:00:00,27.49,27.57,27.44,27.54,133158
2008-05-09 21:30:00,27.54,27.6,27.49,27.56,121388
2008-05-09 22:00:00,27.56,27.68,27.48,27.59,231698
2008-05-09 22:30:00,27.59,27.65,27.39,27.5,300801
2008-05-12 16:30:00,27.74,27.95,27.58,27.88,41868
2008-05-12 17:00:00,27.87,27.95,27.72,27.88,68523
2008-05-12 17:30:00,27.87,27.99,27.7,27.76,168040
2008-05-12 18:00:00,27.76,27.88,27.74,27.86,147097
2008-05-12 18:30:00,27.86,28.0,27.83,27.99,209011
2008-05-12 19:00:00,27.99,28.05,27.97,28.0,89928
2008-05-12 19:30:00,28.0,28.04,27.91,28.0,70598
2008-05-12 20:00:00,27.99,28.0,27.96,27.97,67538
2008-05-12 20:30:00,27.96,28.12,27.93,28.12,39980
2008-05-12 21:00:00,28.12,28.46,28.04,28.42,53886
2008-05-12 21:30:00,28.41,28.41,28.15,28.27,71965
2008-05-12 22:00:00,28.28,28.28,28.08,28.09,83775
2008-05-12 22:30:00,28.09,28.11,27.94,27.99,307429
2008-05-13 16:30:00,28.0,28.22,27.71,27.95,69848
2008-05-13 17:00:00,27.94,27.95,27.71,27.85,143126
2008-05-13 17:30:00,27.86,27.92,27.73,27.75,75665
2008-05-13 18:00:00,27.75,27.97,27.71,27.93,185550
2008-05-13 18:30:00,27.93,28.11,27.92,28.04,112335
2008-05-13 19:00:00,28.04,28.2,27.99,28.07,82958
2008-05-13 19:30:00,28.08,28.22,28.07,28.14,88045
2008-05-13 20:00:00,28.14,28.17,28.06,28.1,99540
2008-05-13 20:30:00,28.11,28.34,28.1,28.31,128005
2008-05-13 21:00:00,28.31,28.35,28.25,28.31,74664
2008-05-13 21:30:00,28.31,28.45,28.29,28.41,103494
2008-05-13 22:00:00,28.42,28.44,28.3,28.4,430974
2008-05-13 22:30:00,28.4,28.46,28.26,28.34,470798
2008-05-14 16:30:00,28.77,29.0,28.42,28.61,289484
2008-05-14 17:00:00,28.6,28.71,28.56,28.58,355459
2008-05-14 17:30:00,28.57,28.62,28.49,28.55,264898
2008-05-14 18:00:00,28.55,28.61,28.45,28.6,627598
2008-05-14 18:30:00,28.6,28.72,28.55,28.68,267701
2008-05-14 19:00:00,28.67,28.81,28.67,28.7,112079
2008-05-14 19:30:00,28.7,28.82,28.68,28.75,39332
2008-05-14 20:00:00,28.75,28.76,28.63,28.71,82818
2008-05-14 20:30:00,28.71,28.72,28.68,28.7,66440
2008-05-14 21:00:00,28.7,28.81,28.7,28.77,91133
2008-05-14 21:30:00,28.75,28.85,28.62,28.7,101662
2008-05-14 22:00:00,28.68,28.69,28.35,28.41,117583
2008-05-14 22:30:00,28.41,28.48,28.29,28.36,137743
2008-05-15 16:30:00,28.12,28.67,28.1,28.34,134937
2008-05-15 17:00:00,28.32,28.41,28.01,28.12,112878
2008-05-15 17:30:00,28.14,28.21,27.98,28.18,187431
2008-05-15 18:00:00,28.19,28.21,28.0,28.05,121061
2008-05-15 18:30:00,28.05,28.22,28.0,28.16,131014
2008-05-15 19:00:00,28.15,28.26,28.13,28.2,58557
2008-05-15 19:30:00,28.21,28.29,28.08,28.17,81911
2008-05-15 20:00:00,28.19,28.21,28.15,28.18,72904
2008-05-15 20:30:00,28.18,28.21,28.1,28.15,69412
2008-05-15 21:00:00,28.15,28.23,28.12,28.16,369627
2008-05-15 21:30:00,28.15,28.33,28.13,28.27,128850
2008-05-15 22:00:00,28.27,28.4,28.23,28.37,86884
2008-05-15 22:30:00,28.38,28.54,28.3,28.52,278034
2008-05-16 16:30:00,28.5,28.73,28.38,28.49,64043
2008-05-16 17:00:00,28.51,28.51,28.29,28.35,68005
2008-05-16 17:30:00,28.33,28.43,28.19,28.22,51471
2008-05-16 18:00:00,28.22,28.33,28.15,28.24,171764
2008-05-16 18:30:00,28.24,28.4,28.23,28.39,76516
2008-05-16 19:00:00,28.39,28.5,28.33,28.34,51798
2008-05-16 19:30:00,28.36,28.42,28.31,28.38,62215
2008-05-16 20:00:00,28.38,28.5,28.34,28.43,144222
2008-05-16 20:30:00,28.42,28.56,28.36,28.49,33640
2008-05-16 21:00:00,28.48,28.64,28.45,28.63,86851
2008-05-16 21:30:00,28.62,28.74,28.57,28.67,50144
2008-05-16 22:00:00,28.68,28.73,28.61,28.66,88086
2008-05-16 22:30:00,28.67,28.83,28.66,28.7,157386
2008-05-19 16:30:00,28.25,28.78,28.25,28.61,162072
2008-05-19 17:00:00,28.61,28.82,28.56,28.77,72911
2008-05-19 17:30:00,28.78,28.79,28.47,28.56,132335
2008-05-19 18:00:00,28.57,28.6,28.45,28.48,253962
2008-05-19 18:30:00,28.48,28.52,28.44,28.49,168403
2008-05-19 19:00:00,28.5,28.7,28.45,28.61,124166
2008-05-19 19:30:00,28.63,28.65,28.45,28.49,142653
2008-05-19 20:00:00,28.49,28.54,28.39,28.51,176408
2008-05-19 20:30:00,28.5,28.51,28.35,28.37,47529
2008-05-19 21:00:00,28.36,28.41,28.12,28.29,144169
2008-05-19 21:30:00,28.29,28.38,28.03,28.06,336734
2008-05-19 22:00:00,28.05,28.13,27.96,28.1,285207
2008-05-19 22:30:00,28.09,28.14,27.97,28.0,396980
2008-05-20 16:30:00,27.58,28.07,27.19,27.24,360862
2008-05-20 17:00:00,27.24,27.49,27.15,27.44,350246
2008-05-20 17:30:00,27.44,27.54,27.35,27.51,118922
2008-05-20 18:00:00,27.5,27.53,27.37,27.42,247354
2008-05-20 18:30:00,27.41,27.43,27.24,27.26,121653
2008-05-20 19:00:00,27.26,27.42,27.23,27.36,163517
2008-05-20 19:30:00,27.35,27.35,27.24,27.3,65967
2008-05-20 20:00:00,27.3,27.35,27.25,27.35,148608
2008-05-20 20:30:00,27.35,27.37,27.28,27.28,115414
2008-05-20 21:00:00,27.28,27.43,27.19,27.29,137152
2008-05-20 21:30:00,27.3,27.41,27.27,27.28,77796
2008-05-20 22:00:00,27.27,27.42,27.27,27.37,160064
2008-05-20 22:30:00,27.36,27.48,27.33,27.35,298374
2008-05-21 16:30:00,27.61,27.62,27.31,27.38,611640
2008-05-21 17:00:00,27.38,27.4,27.14,27.17,167875
2008-05-21 17:30:00,27.17,27.19,26.83,26.94,74969
2008-05-21 18:00:00,26.95,27.11,26.9,27.06,79269
2008-05-21 18:30:00,27.06,27.07,26.93,26.99,102448
2008-05-21 19:00:00,27.0,27.26,26.9,27.26,208825
2008-05-21 19:30:00,27.25,27.35,27.24,27.3,79751
2008-05-21 20:00:00,27.31,27.32,27.27,27.29,52065
2008-05-21 20:30:00,27.29,27.29,27.14,27.14,61105
2008-05-21 21:00:00,27.14,27.16,26.98,27.0,82536
2008-05-21 21:30:00,26.99,26.99,26.83,26.99,158362
2008-05-21 22:00:00,26.99,27.2,26.95,27.06,144768
2008-05-21 22:30:00,27.08,27.1,26.76,26.78,385241
2008-05-22 16:30:00,26.75,27.27,26.65,26.87,124415
2008-05-22 17:00:00,26.9,27.3,26.89,27.25,249456
2008-05-22 17:30:00,27.25,27.53,27.25,27.35,105801
2008-05-22 18:00:00,27.33,27.39,27.29,27.29,86363
2008-05-22 18:30:00,27.29,27.34,27.08,27.19,64561
2008-05-22 19:00:00,27.19,27.33,27.18,27.28,123555
2008-05-22 19:30:00,27.27,27.31,27.09,27.31,74149
2008-05-22 20:00:00,27.32,27.36,27.21,27.27,47141
2008-05-22 20:30:00,27.27,27.3,27.09,27.13,66680
2008-05-22 21:00:00,27.11,27.18,26.96,26.99,95634
2008-05-22 21:30:00,27.01,27.18,27.01,27.14,64365
2008-05-22 22:00:00,27.13,27.17,27.0,27.01,82249
2008-05-22 22:30:00,27.02,27.24,27.0,27.23,161418
2008-05-23 16:30:00,27.12,27.16,26.75,26.78,52607
2008-05-23 17:00:00,26.79,26.98,26.62,26.74,155044
2008-05-23 17:30:00,26.73,27.01,26.64,27.0,127973
2008-05-23 18:00:00,27.0,27.02,26.87,26.95,75219
2008-05-23 18:30:00,26.95,27.0,26.89,26.94,36939
2008-05-23 19:00:00,26.93,27.0,26.92,27.0,72900
2008-05-23 19:30:00,26.97,27.01,26.91,26.97,91542
2008-05-23 20:00:00,26.97,27.09,26.96,27.05,51098
2008-05-23 20:30:00,27.05,27.21,27.04,27.06,186416
2008-05-23 21:00:00,27.06,27.13,26.95,27.05,90846
2008-05-23 21:30:00,27.08,27.28,26.96,27.02,107858
2008-05-23 22:00:00,27.01,27.17,27.0,27.12,156545
2008-05-23 22:30:00,27.12,27.24,27.08,27.21,253878
2008-05-27 16:30:00,27.0,27.12,26.61,26.62,124768
2008-05-27 17:00:00,26.63,26.88,26.54,26.76,103972
2008-05-27 17:30:00,26.77,27.02,26.76,27.0,166522
2008-05-27 18:00:00,27.0,27.04,26.84,26.88,135301
2008-05-27 18:30:00,26.88,26.94,26.82,26.83,82337
2008-05-27 19:00:00,26.83,26.86,26.7,26.7,83793
2008-05-27 19:30:00,26.7,26.79,26.68,26.78,114966
2008-05-27 20:00:00,26.78,26.79,26.61,26.62,124947
2008-05-27 20:30:00,26.62,26.62,26.52,26.52,102756
2008-05-27 21:00:00,26.52,26.62,26.4,26.58,158915
2008-05-27 21:30:00,26.57,26.74,26.54,26.71,176489
2008-05-27 22:00:00,26.7,26.77,26.62,26.72,361685
2008-05-27 22:30:00,26.71,26.8,26.55,26.75,347887
2008-05-28 16:30:00,27.19,27.19,26.87,27.03,140482
2008-05-28 17:00:00,27.04,27.04,26.85,26.9,76530
2008-05-28 17:30:00,26.87,27.07,26.87,27.01,109976
2008-05-28 18:00:00,27.01,27.13,26.97,27.08,71425
2008-05-28 18:30:00,27.06,27.12,27.05,27.07,138167
2008-05-28 19:00:00,27.07,27.24,26.99,27.2,110160
2008-05-28 19:30:00,27.2,27.23,27.13,27.2,80938
2008-05-28 20:00:00,27.19,27.28,27.19,27.25,119290
2008-05-28 20:30:00,27.25,27.29,27.23,27.26,139125
2008-05-28 21:00:00,27.25,27.31,27.17,27.27,153397
2008-05-28 21:30:00,27.27,27.29,27.16,27.23,82390
2008-05-28 22:00:00,27.22,27.32,27.14,27.25,203280
2008-05-28 22:30:00,27.25,27.32,27.14,27.3,218100
2008-05-29 16:30:00,27.02,27.25,26.83,27.2,57943
2008-05-29 17:00:00,27.19,27.25,26.94,27.18,117199
2008-05-29 17:30:00,27.15,27.6,27.0,27.56,244807
2008-05-29 18:00:00,27.58,27.72,27.54,27.61,141602
2008-05-29 18:30:00,27.6,27.85,27.59,27.77,100174
2008-05-29 19:00:00,27.78,27.82,27.73,27.8,57487
2008-05-29 19:30:00,27.8,28.0,27.76,27.94,108562
2008-05-29 20:00:00,27.93,27.98,27.74,27.76,104814
2008-05-29 20:30:00,27.76,27.86,27.73,27.76,112817
2008-05-29 21:00:00,27.75,27.93,27.73,27.89,81822
2008-05-29 21:30:00,27.89,27.89,27.69,27.78,104701
2008-05-29 22:00:00,27.78,27.83,27.65,27.7,154550
2008-05-29 22:30:00,27.7,28.08,27.7,27.96,469419
2008-05-30 16:30:00,27.74,28.0,27.67,27.81,113875
2008-05-30 17:00:00,27.81,27.97,27.8,27.89,164080
2008-05-30 17:30:00,27.89,27.89,27.51,27.74,156210
2008-05-30 18:00:00,27.74,27.78,27.43,27.43,57895
2008-05-30 18:30:00,27.44,27.6,27.44,27.58,72847
2008-05-30 19:00:00,27.58,27.6,27.53,27.6,54105
2008-05-30 19:30:00,27.6,27.69,27.6,27.66,37138
2008-05-30 20:00:00,27.66,27.67,27.61,27.65,38332
2008-05-30 20:30:00,27.66,27.74,27.63,27.7,27863
2008-05-30 21:00:00,27.7,27.73,27.67,27.73,51826
2008-05-30 21:30:00,27.73,27.81,27.72,27.76,72188
2008-05-30 22:00:00,27.75,27.81,27.65,27.67,160773
2008-05-30 22:30:00,27.67,27.91,27.65,27.81,253853
2008-06-02 16:30:00,27.82,28.0,27.74,27.91,71489
2008-06-02 17:00:00,27.91,27.98,27.71,27.76,71229
2008-06-02 17:30:00,27.76,27.79,27.68,27.73,68014
2008-06-02 18:00:00,27.7,27.73,27.57,27.63,46056
2008-06-02 18:30:00,27.64,27.66,27.52,27.63,60720
2008-06-02 19:00:00,27.63,27.75,27.55,27.55,43158
2008-06-02 19:30:00,27.55,27.61,27.39,27.44,77004
2008-06-02 20:00:00,27.46,27.47,27.3,27.43,49481
2008-06-02 20:30:00,27.43,27.63,27.42,27.55,71054
2008-06-02 21:00:00,27.55,27.73,27.54,27.63,87394
2008-06-02 21:30:00,27.62,27.67,27.5,27.63,66408
2008-06-02 22:00:00,27.63,27.68,27.56,27.59,89740
2008-06-02 22:30:00,27.59,27.7,27.5,27.64,233538
2008-06-03 16:30:00,27.76,27.94,27.59,27.63,105338
2008-06-03 17:00:00,27.65,27.87,27.64,27.72,110939
2008-06-03 17:30:00,27.73,27.79,27.69,27.78,104105
2008-06-03 18:00:00,27.78,27.88,27.75,27.86,70512
2008-06-03 18:30:00,27.87,27.9,27.83,27.87,71444
2008-06-03 19:00:00,27.87,27.96,27.85,27.94,65248
2008-06-03 19:30:00,27.94,28.03,27.92,28.02,214522
2008-06-03 20:00:00,28.02,28.02,27.89,27.9,128563
2008-06-03 20:30:00,27.89,27.89,27.7,27.8,112805
2008-06-03 21:00:00,27.79,27.82,27.54,27.57,157719
2008-06-03 21:30:00,27.6,27.82,27.59,27.8,124958
2008-06-03 22:00:00,27.79,27.85,27.71,27.74,182959
2008-06-03 22:30:00,27.75,27.79,27.67,27.69,266089
2008-06-04 16:30:00,27.5,27.64,27.43,27.43,104110
2008-06-04 17:00:00,27.47,27.53,27.36,27.46,111269
2008-06-04 17:30:00,27.47,27.55,27.44,27.5,123367
2008-06-04 18:00:00,27.48,27.8,27.45,27.75,106330
2008-06-04 18:30:00,27.75,27.75,27.59,27.69,89364
2008-06-04 19:00:00,27.69,27.73,27.63,27.71,87508
2008-06-04 19:30:00,27.72,27.82,27.62,27.64,69952
2008-06-04 20:00:00,27.62,27.77,27.58,27.72,93571
2008-06-04 20:30:00,27.72,27.86,27.67,27.83,77871
2008-06-04 21:00:00,27.83,27.83,27.67,27.74,150025
2008-06-04 21:30:00,27.72,27.83,27.65,27.75,146577
2008-06-04 22:00:00,27.74,27.89,27.69,27.83,184385
2008-06-04 22:30:00,27.82,27.9,27.74,27.76,139242
2008-06-05 16:30:00,27.97,28.2,27.71,27.93,96875
2008-06-05 17:00:00,27.96,28.49,27.87,28.47,53220
2008-06-05 17:30:00,28.48,28.72,28.46,28.69,135455
2008-06-05 18:00:00,28.69,28.72,28.33,28.4,137326
2008-06-05 18:30:00,28.41,28.51,28.28,28.3,99240
2008-06-05 19:00:00,28.3,28.4,28.29,28.35,93579
2008-06-05 19:30:00,28.34,28.53,28.31,28.52,81530
2008-06-05 20:00:00,28.53,28.58,28.48,28.52,93509
2008-06-05 20:30:00,28.52,28.57,28.5,28.57,83439
2008-06-05 21:00:00,28.56,28.57,28.26,28.44,177771
2008-06-05 21:30:00,28.46,28.57,28.38,28.54,335784
2008-06-05 22:00:00,28.54,28.78,28.52,28.75,91162
2008-06-05 22:30:00,28.74,28.84,28.63,28.79,192078
2008-06-06 16:30:00,28.44,28.89,28.35,28.44,293902
2008-06-06 17:00:00,28.41,28.43,28.07,28.22,185365
2008-06-06 17:30:00,28.21,28.33,28.13,28.27,206047
2008-06-06 18:00:00,28.27,28.34,27.92,27.92,136701
2008-06-06 18:30:00,27.91,28.11,27.9,28.02,97178
2008-06-06 19:00:00,28.02,28.07,27.9,27.99,278399
2008-06-06 19:30:00,27.98,28.18,27.92,28.16,155981
2008-06-06 20:00:00,28.16,28.24,27.92,28.08,246507
2008-06-06 20:30:00,28.08,28.18,27.92,27.94,213540
2008-06-06 21:00:00,27.95,27.98,27.49,27.62,229974
2008-06-06 21:30:00,27.61,27.62,27.37,27.38,146639
2008-06-06 22:00:00,27.38,27.77,27.38,27.59,149272
2008-06-06 22:30:00,27.61,27.67,27.09,27.32,361046
2008-06-09 16:30:00,27.66,27.74,27.32,27.65,156290
2008-06-09 17:00:00,27.65,27.87,27.53,27.69,84247
2008-06-09 17:30:00,27.66,27.74,27.33,27.37,46764
2008-06-09 18:00:00,27.37,27.41,27.34,27.4,53810
2008-06-09 18:30:00,27.4,27.44,27.32,27.44,62147
2008-06-09 19:00:00,27.42,27.81,27.42,27.78,174691
2008-06-09 19:30:00,27.78,28.01,27.76,27.87,153373
2008-06-09 20:00:00,27.86,27.89,27.5,27.61,49049
2008-06-09 20:30:00,27.63,27.65,27.48,27.49,69125
2008-06-09 21:00:00,27.48,27.5,27.29,27.33,201667
2008-06-09 21:30:00,27.33,27.34,27.09,27.1,208438
2008-06-09 22:00:00,27.11,27.19,26.92,26.99,318438
2008-06-09 22:30:00,26.99,27.06,26.84,27.0,673904
2008-06-10 16:30:00,26.5,27.39,26.37,27.02,285447
2008-06-10 17:00:00,27.04,27.44,27.03,27.22,350449
2008-06-10 17:30:00,27.21,27.21,26.85,26.85,114230
2008-06-10 18:00:00,26.86,27.03,26.7,26.88,161263
2008-06-10 18:30:00,26.9,27.14,26.9,26.99,128592
2008-06-10 19:00:00,26.99,27.2,26.91,27.16,147345
2008-06-10 19:30:00,27.18,27.25,27.09,27.18,62061
2008-06-10 20:00:00,27.19,27.34,27.11,27.32,117093
2008-06-10 20:30:00,27.32,27.43,27.25,27.3,91061
2008-06-10 21:00:00,27.29,27.32,27.09,27.24,105408
2008-06-10 21:30:00,27.24,27.33,27.19,27.22,75854
2008-06-10 22:00:00,27.21,27.32,27.13,27.3,85276
2008-06-10 22:30:00,27.29,27.3,27.04,27.13,144849
2008-06-11 16:30:00,27.07,27.56,27.01,27.24,116050
2008-06-11 17:00:00,27.27,27.28,26.86,26.87,191588
2008-06-11 17:30:00,26.88,26.97,26.63,26.96,217365
2008-06-11 18:00:00,26.96,26.96,26.75,26.8,191026
2008-06-11 18:30:00,26.79,26.84,26.75,26.84,136018
2008-06-11 19:00:00,26.82,26.87,26.68,26.68,76435
2008-06-11 19:30:00,26.68,26.74,26.3,26.53,233272
2008-06-11 20:00:00,26.52,26.64,26.45,26.55,45240
2008-06-11 20:30:00,26.58,26.58,26.15,26.26,133648
2008-06-11 21:00:00,26.26,26.44,26.16,26.42,196266
2008-06-11 21:30:00,26.43,26.47,26.27,26.29,142262
2008-06-11 22:00:00,26.29,26.39,25.88,25.95,359336
2008-06-11 22:30:00,25.95,26.02,25.8,25.85,661434
2008-06-12 16:30:00,26.11,26.73,26.11,26.5,1373337
2008-06-12 17:00:00,26.49,26.53,26.35,26.4,931077
2008-06-12 17:30:00,26.39,26.47,26.09,26.24,214231
2008-06-12 18:00:00,26.24,26.63,26.23,26.51,158025
2008-06-12 18:30:00,26.53,26.74,26.48,26.71,243169
2008-06-12 19:00:00,26.71,27.08,26.71,27.02,181482
2008-06-12 19:30:00,27.03,27.06,26.86,26.9,193501
2008-06-12 20:00:00,26.9,27.0,26.88,26.95,64089
2008-06-12 20:30:00,26.95,27.0,26.79,26.93,99394
2008-06-12 21:00:00,26.93,27.03,26.78,26.98,210743
2008-06-12 21:30:00,26.99,27.1,26.9,27.09,183421
2008-06-12 22:00:00,27.1,27.1,26.75,26.85,297027
2008-06-12 22:30:00,26.85,26.94,26.68,26.83,427894
2008-06-13 16:30:00,27.0,27.18,26.82,27.04,199048
2008-06-13 17:00:00,27.02,27.3,26.93,27.21,139719
2008-06-13 17:30:00,27.2,27.32,27.15,27.25,252851
2008-06-13 18:00:00,27.26,27.46,27.26,27.45,59306
2008-06-13 18:30:00,27.44,27.44,27.12,27.23,89854
2008-06-13 19:00:00,27.23,27.32,27.22,27.31,51967
2008-06-13 19:30:00,27.31,27.33,27.12,27.15,105018
2008-06-13 20:00:00,27.15,27.16,26.99,27.08,111772
2008-06-13 20:30:00,27.06,27.19,27.01,27.19,49454
2008-06-13 21:00:00,27.18,27.3,27.15,27.29,110257
2008-06-13 21:30:00,27.28,27.41,27.23,27.38,114138
2008-06-13 22:00:00,27.38,27.48,27.37,27.4,97534
2008-06-13 22:30:00,27.4,27.59,27.31,27.52,266460
2008-06-16 16:30:00,27.99,27.99,26.8,27.3,236227
2008-06-16 17:00:00,27.3,27.53,27.22,27.52,173258
2008-06-16 17:30:00,27.52,27.54,27.3,27.49,350767
2008-06-16 18:00:00,27.52,27.54,27.18,27.39,68024
2008-06-16 18:30:00,27.38,27.38,27.23,27.24,76533
2008-06-16 19:00:00,27.27,27.4,27.18,27.35,102900
2008-06-16 19:30:00,27.35,27.47,27.31,27.39,79085
2008-06-16 20:00:00,27.38,27.5,27.28,27.49,70025
2008-06-16 20:30:00,27.49,27.5,27.34,27.4,117496
2008-06-16 21:00:00,27.41,27.44,27.31,27.37,131430
2008-06-16 21:30:00,27.37,27.42,27.34,27.37,149011
2008-06-16 22:00:00,27.36,27.41,27.31,27.36,147921
2008-06-16 22:30:00,27.35,27.44,27.35,27.42,339991
2008-06-17 16:30:00,27.82,27.82,27.14,27.24,147700
2008-06-17 17:00:00,27.26,27.29,26.94,26.95,77474
2008-06-17 17:30:00,26.95,27.03,26.83,26.84,170964
2008-06-17 18:00:00,26.85,26.99,26.58,26.66,231845
2008-06-17 18:30:00,26.66,26.78,26.61,26.76,144643
2008-06-17 19:00:00,26.75,26.78,26.6,26.6,117310
2008-06-17 19:30:00,26.6,26.7,26.55,26.64,58983
2008-06-17 20:00:00,26.65,26.77,26.59,26.69,81070
2008-06-17 20:30:00,26.68,26.76,26.58,26.74,126470
2008-06-17 21:00:00,26.75,26.83,26.71,26.79,116811
2008-06-17 21:30:00,26.79,27.0,26.79,26.95,121307
2008-06-17 22:00:00,26.96,26.96,26.6,26.65,221334
2008-06-17 22:30:00,26.63,26.73,26.59,26.71,387128
2008-06-18 16:30:00,25.8,26.44,25.73,26.07,294987
2008-06-18 17:00:00,26.07,26.18,25.97,25.99,196828
2008-06-18 17:30:00,25.99,26.13,25.93,26.0,219819
2008-06-18 18:00:00,26.03,26.21,25.99,26.02,136730
2008-06-18 18:30:00,26.04,26.47,26.0,26.47,268878
2008-06-18 19:00:00,26.46,26.48,26.12,26.12,121789
2008-06-18 19:30:00,26.12,26.24,26.0,26.08,133684
2008-06-18 20:00:00,26.07,26.07,25.85,25.99,181588
2008-06-18 20:30:00,26.0,26.0,25.87,25.88,174299
2008-06-18 21:00:00,25.87,25.96,25.74,25.77,199542
2008-06-18 21:30:00,25.77,26.05,25.76,26.04,121684
2008-06-18 22:00:00,26.03,26.18,25.93,26.1,280390
2008-06-18 22:30:00,26.09,26.11,25.96,26.03,364379
2008-06-19 16:30:00,25.87,26.29,25.86,26.07,116542
2008-06-19 17:00:00,26.07,26.24,25.96,26.05,173076
2008-06-19 17:30:00,26.06,26.35,26.01,26.25,217878
2008-06-19 18:00:00,26.25,26.26,25.97,26.08,132363
2008-06-19 18:30:00,26.05,26.23,26.0,26.04,79914
2008-06-19 19:00:00,26.04,26.26,26.03,26.2,96081
2008-06-19 19:30:00,26.2,26.21,25.96,26.0,108562
2008-06-19 20:00:00,25.99,26.01,25.8,25.9,156882
2008-06-19 20:30:00,25.91,25.95,25.83,25.91,149322
2008-06-19 21:00:00,25.9,25.94,25.78,25.91,185009
2008-06-19 21:30:00,25.92,26.22,25.9,26.22,96009
2008-06-19 22:00:00,26.22,26.45,26.22,26.37,191178
2008-06-19 22:30:00,26.37,26.51,26.23,26.47,421753
2008-06-20 16:30:00,25.95,26.29,25.75,26.14,191381
2008-06-20 17:00:00,26.15,26.15,25.77,25.94,181135
2008-06-20 17:30:00,25.94,26.09,25.91,26.05,155437
2008-06-20 18:00:00,26.04,26.26,25.89,26.02,310910
2008-06-20 18:30:00,26.02,26.15,25.92,26.01,73013
2008-06-20 19:00:00,26.01,26.13,25.95,26.12,107054
2008-06-20 19:30:00,26.11,26.2,26.06,26.08,64457
2008-06-20 20:00:00,26.09,26.19,25.93,25.97,81887
2008-06-20 20:30:00,25.93,26.21,25.86,26.08,168429
2008-06-20 21:00:00,26.08,26.08,25.94,25.98,81083
2008-06-20 21:30:00,25.97,26.01,25.86,25.88,129728
2008-06-20 22:00:00,25.87,26.02,25.84,25.85,129405
2008-06-20 22:30:00,25.86,26.12,25.79,26.1,303453
2008-06-23 16:30:00,25.83,26.26,25.67,26.05,263105
2008-06-23 17:00:00,26.05,26.23,25.75,25.75,244419
2008-06-23 17:30:00,25.76,26.12,25.76,26.0,232160
2008-06-23 18:00:00,25.99,26.08,25.77,25.93,91219
2008-06-23 18:30:00,25.94,25.95,25.74,25.88,158170
2008-06-23 19:00:00,25.87,25.93,25.78,25.83,76805
2008-06-23 19:30:00,25.82,25.93,25.75,25.91,80764
2008-06-23 20:00:00,25.91,25.95,25.84,25.91,93674
2008-06-23 20:30:00,25.91,26.1,25.89,26.02,81760
2008-06-23 21:00:00,26.01,26.03,25.88,25.97,87427
2008-06-23 21:30:00,25.97,26.01,25.89,25.91,83686
2008-06-23 22:00:00,25.91,26.07,25.86,26.06,110110
2008-06-23 22:30:00,26.05,26.06,25.79,26.01,239194
2008-06-24 16:30:00,25.99,26.08,25.77,25.82,78781
2008-06-24 17:00:00,25.81,25.85,25.65,25.76,411217
2008-06-24 17:30:00,25.77,25.86,25.65,25.85,179599
2008-06-24 18:00:00,25.85,25.86,25.75,25.77,180570
2008-06-24 18:30:00,25.76,25.9,25.7,25.78,106711
2008-06-24 19:00:00,25.78,26.07,25.76,26.05,69980
2008-06-24 19:30:00,26.03,26.04,25.85,25.9,162989
2008-06-24 20:00:00,25.91,25.97,25.78,25.8,140498
2008-06-24 20:30:00,25.8,25.85,25.68,25.76,102322
2008-06-24 21:00:00,25.76,25.87,25.69,25.69,118029
2008-06-24 21:30:00,25.69,25.69,25.39,25.47,92434
2008-06-24 22:00:00,25.49,25.59,25.27,25.42,195867
2008-06-24 22:30:00,25.41,25.52,25.31,25.49,255289
2008-06-25 16:30:00,25.82,26.25,25.82,26.09,132244
2008-06-25 17:00:00,26.1,26.14,25.85,25.91,96169
2008-06-25 17:30:00,25.93,26.08,25.84,25.94,295466
2008-06-25 18:00:00,25.94,26.0,25.71,25.86,106298
2008-06-25 18:30:00,25.86,26.0,25.85,25.99,41972
2008-06-25 19:00:00,25.98,26.01,25.85,25.92,96708
2008-06-25 19:30:00,25.91,25.98,25.83,25.86,69418
2008-06-25 20:00:00,25.87,25.93,25.83,25.84,64555
2008-06-25 20:30:00,25.85,25.88,25.8,25.83,50577
2008-06-25 21:00:00,25.82,26.01,25.69,25.73,169386
2008-06-25 21:30:00,25.72,25.9,25.57,25.77,123394
2008-06-25 22:00:00,25.77,25.93,25.67,25.79,192822
2008-06-25 22:30:00,25.79,25.8,25.37,25.56,245036
2008-06-26 16:30:00,24.38,25.23,24.38,24.82,214741
2008-06-26 17:00:00,24.8,24.85,24.49,24.65,265438
2008-06-26 17:30:00,24.65,24.7,24.44,24.56,545000
2008-06-26 18:00:00,24.6,24.85,24.59,24.8,147780
2008-06-26 18:30:00,24.8,25.02,24.8,25.01,140864
2008-06-26 19:00:00,25.01,25.06,24.64,24.67,74729
2008-06-26 19:30:00,24.65,24.72,24.59,24.66,146857
2008-06-26 20:00:00,24.66,24.72,24.5,24.59,114968
2008-06-26 20:30:00,24.6,24.79,24.53,24.77,120617
2008-06-26 21:00:00,24.76,24.9,24.66,24.88,132097
2008-06-26 21:30:00,24.88,24.95,24.68,24.8,163050
2008-06-26 22:00:00,24.8,25.29,24.8,25.27,305108
2008-06-26 22:30:00,25.27,25.3,25.09,25.24,630177
2008-06-27 16:30:00,25.34,25.43,24.5,24.76,172134
2008-06-27 17:00:00,24.77,24.95,24.53,24.65,86619
2008-06-27 17:30:00,24.68,24.79,24.57,24.67,244832
2008-06-27 18:00:00,24.64,24.7,24.59,24.6,158040
2008-06-27 18:30:00,24.62,24.69,24.61,24.63,116564
2008-06-27 19:00:00,24.64,24.8,24.62,24.66,54298
2008-06-27 19:30:00,24.65,24.67,24.42,24.48,72943
2008-06-27 20:00:00,24.47,24.49,24.2,24.32,59986
2008-06-27 20:30:00,24.27,24.32,24.09,24.28,109284
2008-06-27 21:00:00,24.26,24.46,24.19,24.4,54248
2008-06-27 21:30:00,24.41,24.51,24.27,24.43,73897
2008-06-27 22:00:00,24.44,24.56,24.27,24.49,96046
2008-06-27 22:30:00,24.48,24.63,24.36,24.54,315499
2008-06-30 16:30:00,24.2,24.51,24.19,24.25,232454
2008-06-30 17:00:00,24.21,24.41,24.21,24.28,236070
2008-06-30 17:30:00,24.28,24.31,23.86,23.94,281528
2008-06-30 18:00:00,23.94,24.13,23.88,24.1,210354
2008-06-30 18:30:00,24.1,24.31,24.0,24.01,422784
2008-06-30 19:00:00,24.02,24.23,24.01,24.23,173008
2008-06-30 19:30:00,24.23,24.31,24.18,24.18,298285
2008-06-30 20:00:00,24.19,24.2,23.95,23.97,143219
2008-06-30 20:30:00,23.97,24.01,23.91,24.01,154983
2008-06-30 21:00:00,24.04,24.04,23.96,24.01,242550
2008-06-30 21:30:00,24.01,24.05,23.95,24.01,174642
2008-06-30 22:00:00,24.01,24.11,23.96,24.01,217501
2008-06-30 22:30:00,24.0,24.03,23.88,23.96,326554
2008-07-01 16:30:00,23.51,23.78,23.4,23.69,249442
2008-07-01 17:00:00,23.69,23.88,23.12,23.2,477071
2008-07-01 17:30:00,23.2,23.37,23.17,23.31,256130
2008-07-01 18:00:00,23.32,23.5,23.28,23.29,585193
2008-07-01 18:30:00,23.26,23.4,23.0,23.04,122119
2008-07-01 19:00:00,23.05,23.23,22.7,22.73,301645
2008-07-01 19:30:00,22.73,22.83,22.58,22.73,209911
2008-07-01 20:00:00,22.74,23.12,22.74,23.02,238559
2008-07-01 20:30:00,23.02,23.31,22.92,23.24,184010
2008-07-01 21:00:00,23.23,23.49,23.21,23.37,303503
2008-07-01 21:30:00,23.37,23.51,23.33,23.37,370301
2008-07-01 22:00:00,23.38,23.5,23.21,23.21,346267
2008-07-01 22:30:00,23.22,23.52,23.17,23.49,515711
2008-07-02 16:30:00,23.81,23.82,23.22,23.34,213351
2008-07-02 17:00:00,23.34,23.53,23.21,23.34,172914
2008-07-02 17:30:00,23.36,23.53,23.28,23.46,181928
2008-07-02 18:00:00,23.44,23.55,23.21,23.21,181356
2008-07-02 18:30:00,23.23,23.44,23.21,23.39,143687
2008-07-02 19:00:00,23.4,23.61,23.4,23.55,232235
2008-07-02 19:30:00,23.54,23.61,23.4,23.55,168314
2008-07-02 20:00:00,23.56,23.66,23.47,23.5,152679
2008-07-02 20:30:00,23.52,23.84,23.47,23.8,191839
2008-07-02 21:00:00,23.81,23.93,23.7,23.78,295928
2008-07-02 21:30:00,23.78,23.85,23.7,23.79,264073
2008-07-02 22:00:00,23.78,23.85,23.71,23.74,231560
2008-07-02 22:30:00,23.74,23.81,23.56,23.65,684022
2008-07-03 16:30:00,24.62,24.65,23.67,23.78,313591
2008-07-03 17:00:00,23.77,23.77,23.33,23.59,423126
2008-07-03 17:30:00,23.59,23.79,23.58,23.71,274331
2008-07-03 18:00:00,23.7,23.78,23.67,23.75,270949
2008-07-03 18:30:00,23.75,23.77,23.65,23.69,249408
2008-07-03 19:00:00,23.69,23.72,23.58,23.64,312884
2008-07-03 19:30:00,23.63,23.65,23.45,23.54,363333
2008-07-03 20:00:00,23.49,23.56,23.49,23.56,15400
2008-07-03 20:30:00,23.56,23.56,23.56,23.56,2085
2008-07-07 16:30:00,23.46,23.93,23.41,23.6,641585
2008-07-07 17:00:00,23.61,23.62,22.79,23.07,330231
2008-07-07 17:30:00,23.08,23.19,23.0,23.08,150775
2008-07-07 18:00:00,23.08,23.14,22.85,22.99,199796
2008-07-07 18:30:00,22.99,23.11,22.94,22.97,130940
2008-07-07 19:00:00,22.98,23.1,22.61,22.61,82308
2008-07-07 19:30:00,22.63,22.89,22.62,22.81,162494
2008-07-07 20:00:00,22.81,23.04,22.78,22.92,200661
2008-07-07 20:30:00,22.91,22.92,22.71,22.71,123340
2008-07-07 21:00:00,22.72,22.81,22.58,22.74,148045
2008-07-07 21:30:00,22.74,22.78,22.5,22.65,90228
2008-07-07 22:00:00,22.65,23.04,22.65,23.03,124301
2008-07-07 22:30:00,23.03,23.19,22.72,22.8,309124
2008-07-08 16:30:00,23.05,23.18,22.46,22.49,338963
2008-07-08 17:00:00,22.48,22.66,22.28,22.34,212408
2008-07-08 17:30:00,22.34,22.44,22.2,22.36,169846
2008-07-08 18:00:00,22.36,22.47,22.24,22.4,252037
2008-07-08 18:30:00,22.4,22.46,22.34,22.45,263199
2008-07-08 19:00:00,22.45,22.76,22.42,22.67,202829
2008-07-08 19:30:00,22.68,22.79,22.53,22.55,161730
2008-07-08 20:00:00,22.55,22.92,22.5,22.56,235714
2008-07-08 20:30:00,22.56,22.63,22.36,22.6,133235
2008-07-08 21:00:00,22.6,22.6,22.42,22.53,261672
2008-07-08 21:30:00,22.53,22.82,22.49,22.79,222535
2008-07-08 22:00:00,22.8,23.11,22.77,22.99,474485
2008-07-08 22:30:00,23.0,24.08,22.97,23.74,852941
2008-07-09 16:30:00,23.1,23.4,22.96,23.12,290728
2008-07-09 17:00:00,23.13,23.19,22.91,23.16,152626
2008-07-09 17:30:00,23.16,23.33,23.07,23.24,283077
2008-07-09 18:00:00,23.24,23.66,23.2,23.64,368544
2008-07-09 18:30:00,23.64,23.88,23.64,23.69,335810
2008-07-09 19:00:00,23.69,23.71,23.52,23.55,111379
2008-07-09 19:30:00,23.55,23.59,23.33,23.43,160551
2008-07-09 20:00:00,23.42,23.43,23.14,23.29,125311
2008-07-09 20:30:00,23.3,23.47,23.29,23.39,71178
2008-07-09 21:00:00,23.39,23.39,23.14,23.23,121072
2008-07-09 21:30:00,23.23,23.29,22.95,23.06,155276
2008-07-09 22:00:00,23.04,23.06,22.79,22.84,320719
2008-07-09 22:30:00,22.85,22.9,22.28,22.62,617724
2008-07-10 16:30:00,21.8,22.64,21.72,21.86,424490
2008-07-10 17:00:00,21.85,22.1,21.74,22.02,185535
2008-07-10 17:30:00,22.02,22.4,21.96,22.06,134834
2008-07-10 18:00:00,22.07,22.25,22.01,22.15,107429
2008-07-10 18:30:00,22.15,22.35,22.14,22.35,656505
2008-07-10 19:00:00,22.35,22.63,22.29,22.29,95779
2008-07-10 19:30:00,22.29,22.46,22.24,22.26,43826
2008-07-10 20:00:00,22.27,22.59,22.25,22.53,72673
2008-07-10 20:30:00,22.54,22.69,22.43,22.43,64628
2008-07-10 21:00:00,22.4,22.53,22.04,22.12,77084
2008-07-10 21:30:00,22.13,22.25,21.9,22.04,100739
2008-07-10 22:00:00,22.04,22.51,22.03,22.48,258152
2008-07-10 22:30:00,22.46,22.51,22.21,22.47,376315
2008-07-11 16:30:00,21.91,22.42,21.28,21.85,312776
2008-07-11 17:00:00,21.84,22.13,21.75,21.81,410461
2008-07-11 17:30:00,21.82,21.92,21.63,21.7,313884
2008-07-11 18:00:00,21.7,21.84,21.58,21.64,206527
2008-07-11 18:30:00,21.63,21.73,21.34,21.5,168853
2008-07-11 19:00:00,21.5,21.51,20.99,21.13,298693
2008-07-11 19:30:00,21.14,21.29,20.86,21.26,312202
2008-07-11 20:00:00,21.27,21.39,21.21,21.34,223090
2008-07-11 20:30:00,21.35,21.61,21.3,21.53,319483
2008-07-11 21:00:00,21.53,22.19,21.48,21.7,370834
2008-07-11 21:30:00,21.7,22.24,21.58,22.23,424626
2008-07-11 22:00:00,22.25,22.43,21.86,21.93,425523
2008-07-11 22:30:00,21.94,22.0,21.7,21.99,389406
2008-07-14 16:30:00,22.8,23.52,21.64,21.74,187904
2008-07-14 17:00:00,21.7,21.79,21.45,21.58,251643
2008-07-14 17:30:00,21.58,21.58,21.21,21.32,389774
2008-07-14 18:00:00,21.32,21.35,21.08,21.34,157630
2008-07-14 18:30:00,21.31,21.49,21.01,21.19,145180
2008-07-14 19:00:00,21.2,21.21,20.79,21.1,271249
2008-07-14 19:30:00,21.09,21.41,21.09,21.35,214443
2008-07-14 20:00:00,21.36,21.43,21.12,21.15,150926
2008-07-14 20:30:00,21.15,21.29,21.1,21.23,208039
2008-07-14 21:00:00,21.23,21.24,21.12,21.18,178118
2008-07-14 21:30:00,21.18,21.28,21.05,21.16,231689
2008-07-14 22:00:00,21.23,21.23,20.91,21.06,198052
2008-07-14 22:30:00,21.08,21.22,20.72,20.9,402296
2008-07-15 16:30:00,20.63,20.94,19.84,20.33,602598
2008-07-15 17:00:00,20.34,20.52,19.85,20.52,974476
2008-07-15 17:30:00,20.52,20.66,20.17,20.59,610864
2008-07-15 18:00:00,20.6,20.9,20.57,20.62,362245
2008-07-15 18:30:00,20.61,20.85,20.45,20.72,222322
2008-07-15 19:00:00,20.71,21.18,20.66,20.98,465971
2008-07-15 19:30:00,20.99,21.17,20.76,21.0,191686
2008-07-15 20:00:00,21.0,21.23,20.81,21.01,279526
2008-07-15 20:30:00,21.03,21.12,20.88,20.9,217710
2008-07-15 21:00:00,20.91,21.12,20.83,21.02,185321
2008-07-15 21:30:00,21.03,21.29,20.99,21.26,132044
2008-07-15 22:00:00,21.25,21.46,20.81,20.84,268035
2008-07-15 22:30:00,20.85,21.04,20.41,20.56,497058
2008-07-16 16:30:00,20.71,20.71,20.3,20.51,244158
2008-07-16 17:00:00,20.52,20.99,20.26,20.92,291668
2008-07-16 17:30:00,20.92,21.11,20.91,21.1,459074
2008-07-16 18:00:00,21.09,21.28,21.05,21.17,183466
2008-07-16 18:30:00,21.17,21.25,21.0,21.03,183414
2008-07-16 19:00:00,21.03,21.26,21.03,21.24,186324
2008-07-16 19:30:00,21.25,21.27,21.12,21.22,172045
2008-07-16 20:00:00,21.19,21.33,21.17,21.22,287846
2008-07-16 20:30:00,21.23,21.32,21.18,21.3,169231
2008-07-16 21:00:00,21.3,21.39,21.14,21.35,276874
2008-07-16 21:30:00,21.35,21.66,21.33,21.65,239427
2008-07-16 22:00:00,21.64,21.94,21.59,21.81,268759
2008-07-16 22:30:00,21.81,22.63,21.81,22.45,619896
2008-07-17 16:30:00,21.43,23.48,20.93,22.91,421679
2008-07-17 17:00:00,22.92,23.33,22.83,22.84,231442
2008-07-17 17:30:00,22.84,23.03,22.49,22.56,242998
2008-07-17 18:00:00,22.57,22.75,22.17,22.63,159099
2008-07-17 18:30:00,22.61,22.97,22.47,22.74,144694
2008-07-17 19:00:00,22.73,22.74,22.5,22.59,73185
2008-07-17 19:30:00,22.59,22.89,22.48,22.83,68785
2008-07-17 20:00:00,22.83,22.83,22.58,22.65,135087
2008-07-17 20:30:00,22.64,22.87,22.57,22.61,163404
2008-07-17 21:00:00,22.63,22.98,22.58,22.98,245990
2008-07-17 21:30:00,22.99,23.02,22.66,22.69,284312
2008-07-17 22:00:00,22.69,22.98,22.64,22.75,288449
2008-07-17 22:30:00,22.75,23.19,22.61,22.89,592418
2008-07-18 16:30:00,23.36,23.63,21.27,22.37,566118
2008-07-18 17:00:00,22.37,22.95,22.24,22.75,228157
2008-07-18 17:30:00,22.75,23.0,22.56,22.99,171646
2008-07-18 18:00:00,22.98,23.14,22.9,22.97,305038
2008-07-18 18:30:00,22.99,23.23,22.97,23.14,218073
2008-07-18 19:00:00,23.14,23.25,23.11,23.14,375396
2008-07-18 19:30:00,23.15,23.17,23.09,23.1,219985
2008-07-18 20:00:00,23.1,23.12,22.95,23.07,221510
2008-07-18 20:30:00,23.03,23.09,22.92,23.06,85285
2008-07-18 21:00:00,23.05,23.29,23.05,23.15,142199
2008-07-18 21:30:00,23.15,23.17,22.99,23.04,133140
2008-07-18 22:00:00,23.03,23.22,23.01,23.16,166142
2008-07-18 22:30:00,23.17,23.42,23.16,23.29,162876
2008-07-21 16:30:00,23.4,23.49,23.09,23.22,485996
2008-07-21 17:00:00,23.25,23.5,23.12,23.4,447528
2008-07-21 17:30:00,23.38,23.55,23.29,23.47,163829
2008-07-21 18:00:00,23.47,23.72,23.41,23.46,156877
2008-07-21 18:30:00,23.47,23.56,23.28,23.36,274036
2008-07-21 19:00:00,23.36,23.57,23.32,23.51,206696
2008-07-21 19:30:00,23.49,23.54,23.4,23.44,121445
2008-07-21 20:00:00,23.44,23.53,23.4,23.47,150701
2008-07-21 20:30:00,23.46,23.55,23.37,23.49,214379
2008-07-21 21:00:00,23.5,23.64,23.47,23.53,179088
2008-07-21 21:30:00,23.53,23.66,23.4,23.43,219865
2008-07-21 22:00:00,23.44,23.63,23.26,23.46,335791
2008-07-21 22:30:00,23.45,23.61,23.41,23.52,428035
2008-07-22 16:30:00,21.76,23.11,21.76,22.93,460832
2008-07-22 17:00:00,22.9,23.36,22.89,23.0,471440
2008-07-22 17:30:00,22.97,23.61,22.92,23.36,501332
2008-07-22 18:00:00,23.39,23.56,23.36,23.5,282230
2008-07-22 18:30:00,23.49,23.62,23.46,23.58,195546
2008-07-22 19:00:00,23.57,24.04,23.47,23.53,328400
2008-07-22 19:30:00,23.53,23.73,23.4,23.69,168989
2008-07-22 20:00:00,23.7,23.78,23.42,23.6,191737
2008-07-22 20:30:00,23.57,23.7,23.5,23.5,139729
2008-07-22 21:00:00,23.5,23.67,23.49,23.64,281298
2008-07-22 21:30:00,23.66,23.78,23.5,23.52,158615
2008-07-22 22:00:00,23.52,23.89,23.49,23.84,291386
2008-07-22 22:30:00,23.84,24.41,23.8,24.33,696524
2008-07-23 16:30:00,24.41,24.62,23.72,24.14,455417
2008-07-23 17:00:00,24.14,24.53,24.11,24.41,228398
2008-07-23 17:30:00,24.43,24.85,24.4,24.65,255991
2008-07-23 18:00:00,24.65,24.76,24.5,24.67,203645
2008-07-23 18:30:00,24.69,24.78,24.42,24.45,283908
2008-07-23 19:00:00,24.45,24.68,24.29,24.5,196290
2008-07-23 19:30:00,24.48,24.69,24.38,24.65,169863
2008-07-23 20:00:00,24.67,24.77,24.59,24.67,544362
2008-07-23 20:30:00,24.67,24.75,24.22,24.23,490586
2008-07-23 21:00:00,24.23,24.43,24.07,24.43,305709
2008-07-23 21:30:00,24.43,24.52,24.2,24.24,379546
2008-07-23 22:00:00,24.24,24.32,24.12,24.22,382181
2008-07-23 22:30:00,24.22,24.23,23.81,23.82,629022
2008-07-24 16:30:00,24.79,25.53,23.61,24.35,862705
2008-07-24 17:00:00,24.35,24.41,23.89,24.08,481316
2008-07-24 17:30:00,24.08,24.2,23.98,24.11,390390
2008-07-24 18:00:00,24.07,24.19,23.97,24.0,469037
2008-07-24 18:30:00,24.0,24.05,23.87,24.05,233611
2008-07-24 19:00:00,24.05,24.11,23.85,24.0,176564
2008-07-24 19:30:00,24.0,24.09,23.86,23.95,208776
2008-07-24 20:00:00,23.95,24.04,23.64,23.8,370124
2008-07-24 20:30:00,23.79,23.82,23.34,23.41,319771
2008-07-24 21:00:00,23.43,23.53,23.04,23.09,371725
2008-07-24 21:30:00,23.09,23.28,23.0,23.26,349678
2008-07-24 22:00:00,23.25,23.26,22.95,22.99,476279
2008-07-24 22:30:00,22.99,23.12,22.51,22.89,1071743
2008-07-25 16:30:00,22.84,23.0,22.19,22.55,444567
2008-07-25 17:00:00,22.54,23.05,22.54,22.62,460599
2008-07-25 17:30:00,22.6,22.74,22.44,22.69,338042
2008-07-25 18:00:00,22.69,22.7,22.43,22.47,156829
2008-07-25 18:30:00,22.47,22.6,22.3,22.33,168145
2008-07-25 19:00:00,22.34,22.37,22.15,22.22,163450
2008-07-25 19:30:00,22.22,22.37,22.18,22.3,236466
2008-07-25 20:00:00,22.3,22.32,22.12,22.2,242398
2008-07-25 20:30:00,22.22,22.26,21.94,22.19,261508
2008-07-25 21:00:00,22.18,22.26,21.91,21.99,213995
2008-07-25 21:30:00,21.97,22.14,21.92,22.04,359131
2008-07-25 22:00:00,22.03,22.27,22.03,22.14,558190
2008-07-25 22:30:00,22.14,22.37,22.02,22.3,852148
2008-07-28 16:30:00,22.02,22.93,21.7,22.58,274226
2008-07-28 17:00:00,22.61,22.74,22.51,22.64,156353
2008-07-28 17:30:00,22.65,22.72,22.45,22.5,185590
2008-07-28 18:00:00,22.49,22.58,22.35,22.56,215180
2008-07-28 18:30:00,22.53,22.55,22.38,22.5,142452
2008-07-28 19:00:00,22.5,22.61,22.41,22.5,139805
2008-07-28 19:30:00,22.5,22.55,22.35,22.51,98447
2008-07-28 20:00:00,22.5,22.54,22.36,22.44,76216
2008-07-28 20:30:00,22.45,22.53,22.29,22.3,109552
2008-07-28 21:00:00,22.29,22.42,22.06,22.18,110937
2008-07-28 21:30:00,22.17,22.31,22.06,22.08,197086
2008-07-28 22:00:00,22.09,22.16,21.83,21.86,198413
2008-07-28 22:30:00,21.86,21.93,21.7,21.85,411921
2008-07-29 16:30:00,21.96,22.28,21.63,21.94,195887
2008-07-29 17:00:00,21.95,22.47,21.94,22.33,270624
2008-07-29 17:30:00,22.32,22.44,22.14,22.25,117593
2008-07-29 18:00:00,22.26,22.38,22.2,22.33,88925
2008-07-29 18:30:00,22.34,22.66,22.33,22.64,115808
2008-07-29 19:00:00,22.64,22.97,22.64,22.92,212161
2008-07-29 19:30:00,22.91,22.92,22.65,22.83,97093
2008-07-29 20:00:00,22.82,22.96,22.73,22.95,80325
2008-07-29 20:30:00,22.93,23.03,22.85,22.92,156520
2008-07-29 21:00:00,22.93,22.99,22.82,22.94,200282
2008-07-29 21:30:00,22.96,22.98,22.69,22.85,135686
2008-07-29 22:00:00,22.85,23.25,22.83,23.24,218316
2008-07-29 22:30:00,23.25,23.58,23.13,23.57,551120
2008-07-30 16:30:00,23.94,24.24,23.6,23.73,311672
2008-07-30 17:00:00,23.72,24.12,23.72,24.0,298743
2008-07-30 17:30:00,23.99,24.11,23.74,23.86,418538
2008-07-30 18:00:00,23.86,23.98,23.47,23.48,310343
2008-07-30 18:30:00,23.48,23.68,23.39,23.56,163248
2008-07-30 19:00:00,23.58,23.59,23.43,23.5,80440
2008-07-30 19:30:00,23.5,23.5,23.19,23.29,114861
2008-07-30 20:00:00,23.3,23.53,23.17,23.41,147657
2008-07-30 20:30:00,23.42,23.45,23.1,23.29,154418
2008-07-30 21:00:00,23.26,23.29,23.09,23.2,205052
2008-07-30 21:30:00,23.2,23.53,23.17,23.41,158105
2008-07-30 22:00:00,23.41,23.59,23.25,23.57,147440
2008-07-30 22:30:00,23.58,23.89,23.53,23.82,346972
2008-07-31 16:30:00,23.6,23.99,23.26,23.94,180228
2008-07-31 17:00:00,23.95,24.03,23.67,23.88,195003
2008-07-31 17:30:00,23.88,23.99,23.72,23.84,81669
2008-07-31 18:00:00,23.85,23.85,23.51,23.52,80549
2008-07-31 18:30:00,23.51,23.53,23.32,23.34,113159
2008-07-31 19:00:00,23.33,23.4,23.21,23.21,120075
2008-07-31 19:30:00,23.21,23.31,23.16,23.18,154231
2008-07-31 20:00:00,23.2,23.37,23.12,23.26,143054
2008-07-31 20:30:00,23.27,23.5,23.26,23.42,88646
2008-07-31 21:00:00,23.42,23.46,23.3,23.36,187111
2008-07-31 21:30:00,23.37,23.51,23.26,23.28,184175
2008-07-31 22:00:00,23.29,23.41,23.17,23.18,296202
2008-07-31 22:30:00,23.18,23.44,22.96,23.41,460280
2008-08-01 16:30:00,23.61,23.64,22.75,22.92,211964
2008-08-01 17:00:00,22.92,22.97,22.54,22.66,144620
2008-08-01 17:30:00,22.69,23.21,22.68,23.13,148370
2008-08-01 18:00:00,23.14,23.21,22.9,23.11,108403
2008-08-01 18:30:00,23.09,23.4,23.08,23.37,179160
2008-08-01 19:00:00,23.37,23.43,23.17,23.39,119100
2008-08-01 19:30:00,23.39,23.42,23.27,23.38,104597
2008-08-01 20:00:00,23.37,23.51,23.35,23.5,92806
2008-08-01 20:30:00,23.49,23.53,23.35,23.45,88826
2008-08-01 21:00:00,23.47,23.49,23.2,23.29,130276
2008-08-01 21:30:00,23.3,23.45,23.23,23.39,75091
2008-08-01 22:00:00,23.4,23.47,23.25,23.36,99532
2008-08-01 22:30:00,23.35,23.53,23.27,23.5,216960
2008-08-04 16:30:00,23.35,23.47,22.91,23.03,92537
2008-08-04 17:00:00,23.04,23.08,22.8,22.9,58562
2008-08-04 17:30:00,22.85,22.99,22.78,22.85,61062
2008-08-04 18:00:00,22.82,22.91,22.7,22.88,118255
2008-08-04 18:30:00,22.86,22.86,22.73,22.83,133158
2008-08-04 19:00:00,22.83,23.01,22.78,23.01,50535
2008-08-04 19:30:00,23.01,23.1,22.81,22.82,59316
2008-08-04 20:00:00,22.82,22.92,22.76,22.77,58424
2008-08-04 20:30:00,22.76,22.88,22.76,22.85,49218
2008-08-04 21:00:00,22.83,23.18,22.82,23.17,164954
2008-08-04 21:30:00,23.17,23.38,23.16,23.31,119525
2008-08-04 22:00:00,23.31,23.34,23.12,23.14,126861
2008-08-04 22:30:00,23.14,23.17,23.01,23.11,225425
2008-08-05 16:30:00,23.61,23.73,23.23,23.71,210500
2008-08-05 17:00:00,23.56,23.79,23.35,23.65,199022
2008-08-05 17:30:00,23.66,23.9,23.6,23.89,136908
2008-08-05 18:00:00,23.9,24.03,23.87,24.02,197213
2008-08-05 18:30:00,24.02,24.13,23.99,24.13,160075
2008-08-05 19:00:00,24.12,24.15,24.05,24.14,122503
2008-08-05 19:30:00,24.13,24.43,24.07,24.41,185085
2008-08-05 20:00:00,24.42,24.48,24.29,24.45,149923
2008-08-05 20:30:00,24.43,24.52,24.34,24.38,153786
2008-08-05 21:00:00,24.38,24.58,24.2,24.45,280428
2008-08-05 21:30:00,24.45,24.55,24.35,24.54,198213
2008-08-05 22:00:00,24.54,24.6,24.5,24.6,172329
2008-08-05 22:30:00,24.59,25.0,24.59,24.81,402349
2008-08-06 16:30:00,24.25,24.57,23.0,24.43,250216
2008-08-06 17:00:00,24.43,24.54,24.2,24.21,169108
2008-08-06 17:30:00,24.2,24.5,24.17,24.3,134511
2008-08-06 18:00:00,24.3,24.48,24.15,24.46,136078
2008-08-06 18:30:00,24.43,24.88,24.35,24.65,166801
2008-08-06 19:00:00,24.65,24.66,24.48,24.55,81021
2008-08-06 19:30:00,24.56,24.58,24.34,24.42,76238
2008-08-06 20:00:00,24.39,24.56,24.32,24.5,73184
2008-08-06 20:30:00,24.5,24.58,24.38,24.48,122337
2008-08-06 21:00:00,24.47,24.64,24.4,24.4,155331
2008-08-06 21:30:00,24.4,24.61,24.35,24.51,142722
2008-08-06 22:00:00,24.51,24.64,24.39,24.39,136340
2008-08-06 22:30:00,24.4,24.47,24.28,24.38,121445
2008-08-07 16:30:00,24.15,24.28,23.67,24.1,373707
2008-08-07 17:00:00,24.12,24.38,24.04,24.32,136777
2008-08-07 17:30:00,24.33,24.41,24.16,24.4,113410
2008-08-07 18:00:00,24.39,24.45,24.18,24.26,120882
2008-08-07 18:30:00,24.27,24.32,24.11,24.19,144076
2008-08-07 19:00:00,24.19,24.2,24.06,24.12,153048
2008-08-07 19:30:00,24.11,24.36,24.05,24.22,205072
2008-08-07 20:00:00,24.23,24.27,24.16,24.22,78857
2008-08-07 20:30:00,24.23,24.42,24.21,24.4,138915
2008-08-07 21:00:00,24.4,24.49,24.27,24.3,193222
2008-08-07 21:30:00,24.29,24.32,24.17,24.2,178112
2008-08-07 22:00:00,24.2,24.25,24.0,24.1,235376
2008-08-07 22:30:00,24.1,24.1,23.8,23.97,495432
2008-08-08 16:30:00,24.05,24.51,23.86,24.14,114894
2008-08-08 17:00:00,24.12,24.84,24.12,24.68,121627
2008-08-08 17:30:00,24.68,24.94,24.59,24.94,118712
2008-08-08 18:00:00,24.95,25.02,24.77,24.85,119774
2008-08-08 18:30:00,24.83,24.89,24.72,24.75,78380
2008-08-08 19:00:00,24.74,24.81,24.72,24.73,89881
2008-08-08 19:30:00,24.73,24.75,24.65,24.65,66120
2008-08-08 20:00:00,24.66,24.72,24.56,24.7,64171
2008-08-08 20:30:00,24.7,24.76,24.65,24.72,73505
2008-08-08 21:00:00,24.72,24.94,24.71,24.94,60401
2008-08-08 21:30:00,24.94,25.01,24.92,25.0,59637
2008-08-08 22:00:00,25.0,25.11,24.91,24.98,109292
2008-08-08 22:30:00,24.97,25.01,24.87,24.97,268199
2008-08-11 16:30:00,24.97,24.98,24.51,24.93,105075
2008-08-11 17:00:00,24.94,24.95,24.75,24.82,49785
2008-08-11 17:30:00,24.82,24.94,24.5,24.58,249915
2008-08-11 18:00:00,24.59,24.75,24.57,24.68,171157
2008-08-11 18:30:00,24.69,24.86,24.66,24.81,242405
2008-08-11 19:00:00,24.84,25.22,24.84,25.2,356164
2008-08-11 19:30:00,25.21,25.62,25.19,25.56,207845
2008-08-11 20:00:00,25.56,26.0,25.48,25.99,189813
2008-08-11 20:30:00,25.97,26.05,25.78,25.82,91976
2008-08-11 21:00:00,25.81,25.95,25.66,25.7,134300
2008-08-11 21:30:00,25.68,25.73,25.32,25.51,162673
2008-08-11 22:00:00,25.51,25.66,25.33,25.42,120189
2008-08-11 22:30:00,25.43,25.56,25.22,25.52,243789
2008-08-12 16:30:00,25.5,25.5,24.82,25.02,204673
2008-08-12 17:00:00,25.02,25.12,24.66,24.7,186749
2008-08-12 17:30:00,24.68,24.79,24.43,24.55,238247
2008-08-12 18:00:00,24.56,24.66,24.4,24.6,176045
2008-08-12 18:30:00,24.61,24.68,24.54,24.64,142312
2008-08-12 19:00:00,24.63,24.64,24.51,24.54,136185
2008-08-12 19:30:00,24.53,24.59,24.45,24.59,149215
2008-08-12 20:00:00,24.6,24.63,24.34,24.37,113711
2008-08-12 20:30:00,24.36,24.43,24.23,24.4,129969
2008-08-12 21:00:00,24.4,24.57,24.27,24.55,106885
2008-08-12 21:30:00,24.55,24.61,24.37,24.37,164426
2008-08-12 22:00:00,24.34,24.38,24.17,24.28,224190
2008-08-12 22:30:00,24.28,24.4,24.13,24.34,432235
2008-08-13 16:30:00,24.41,24.41,23.96,24.05,180917
2008-08-13 17:00:00,24.05,24.26,23.72,24.04,126203
2008-08-13 17:30:00,24.04,24.04,23.71,23.74,109626
2008-08-13 18:00:00,23.74,23.86,23.59,23.76,44491
2008-08-13 18:30:00,23.78,23.78,23.44,23.59,113505
2008-08-13 19:00:00,23.58,23.62,23.21,23.32,244679
2008-08-13 19:30:00,23.3,23.41,23.21,23.29,105896
2008-08-13 20:00:00,23.29,23.32,23.04,23.27,122476
2008-08-13 20:30:00,23.26,23.65,23.25,23.5,176994
2008-08-13 21:00:00,23.49,23.76,23.44,23.68,153741
2008-08-13 21:30:00,23.68,23.83,23.56,23.82,167942
2008-08-13 22:00:00,23.81,23.96,23.68,23.77,123261
2008-08-13 22:30:00,23.78,23.79,23.43,23.7,319866
2008-08-14 16:30:00,25.39,25.6,24.8,25.22,1805646
2008-08-14 17:00:00,25.24,25.4,24.83,25.2,1436561
2008-08-14 17:30:00,25.2,25.69,25.15,25.58,942773
2008-08-14 18:00:00,25.58,25.71,25.54,25.6,488677
2008-08-14 18:30:00,25.61,25.61,25.43,25.47,338279
2008-08-14 19:00:00,25.47,25.56,25.32,25.46,431019
2008-08-14 19:30:00,25.47,25.69,25.45,25.68,403030
2008-08-14 20:00:00,25.68,25.7,25.4,25.57,319255
2008-08-14 20:30:00,25.57,25.6,25.42,25.46,322954
2008-08-14 21:00:00,25.46,25.55,25.4,25.53,408094
2008-08-14 21:30:00,25.52,25.57,25.42,25.47,320732
2008-08-14 22:00:00,25.46,25.67,25.45,25.54,523385
2008-08-14 22:30:00,25.55,25.93,25.51,25.8,986438
2008-08-15 16:30:00,26.0,26.03,25.58,25.84,378412
2008-08-15 17:00:00,25.84,25.85,25.49,25.55,371937
2008-08-15 17:30:00,25.54,25.73,25.47,25.7,404889
2008-08-15 18:00:00,25.7,26.0,25.67,25.81,581620
2008-08-15 18:30:00,25.81,25.83,25.67,25.77,304426
2008-08-15 19:00:00,25.77,25.8,25.73,25.79,301761
2008-08-15 19:30:00,25.78,25.86,25.71,25.82,288713
2008-08-15 20:00:00,25.83,25.99,25.77,25.98,212991
2008-08-15 20:30:00,25.98,26.19,25.94,26.18,296251
2008-08-15 21:00:00,26.18,26.31,25.96,25.96,406903
2008-08-15 21:30:00,25.96,26.06,25.96,26.01,575826
2008-08-15 22:00:00,26.01,26.4,26.0,26.37,654564
2008-08-15 22:30:00,26.36,26.68,26.31,26.41,964876
2008-08-18 16:30:00,26.44,26.45,25.77,26.05,799808
2008-08-18 17:00:00,26.04,26.16,25.97,26.01,568137
2008-08-18 17:30:00,26.02,26.04,25.98,25.99,627019
2008-08-18 18:00:00,26.0,26.34,25.97,26.33,485300
2008-08-18 18:30:00,26.34,26.35,26.05,26.06,403299
2008-08-18 19:00:00,26.06,26.07,26.0,26.07,393880
2008-08-18 19:30:00,26.07,26.07,25.84,25.94,334702
2008-08-18 20:00:00,25.94,26.0,25.91,25.99,272617
2008-08-18 20:30:00,25.99,26.0,25.96,25.98,261692
2008-08-18 21:00:00,25.98,26.0,25.93,25.95,446235
2008-08-18 21:30:00,25.95,25.95,25.84,25.9,464567
2008-08-18 22:00:00,25.9,26.01,25.86,25.99,876375
2008-08-18 22:30:00,25.99,26.01,25.81,25.86,1246477
2008-08-19 16:30:00,25.69,25.81,25.31,25.31,813377
2008-08-19 17:00:00,25.31,25.35,24.56,24.58,996799
2008-08-19 17:30:00,24.57,25.08,24.41,24.97,1027947
2008-08-19 18:00:00,24.96,25.02,24.79,24.91,788972
2008-08-19 18:30:00,24.9,25.02,24.88,24.9,343742
2008-08-19 19:00:00,24.9,24.91,24.2,24.76,975011
2008-08-19 19:30:00,24.77,24.84,24.32,24.45,1041733
2008-08-19 20:00:00,24.45,24.62,24.4,24.6,702562
2008-08-19 20:30:00,24.6,24.81,24.59,24.71,751076
2008-08-19 21:00:00,24.7,24.81,24.68,24.76,741179
2008-08-19 21:30:00,24.77,25.06,24.73,24.99,455784
2008-08-19 22:00:00,24.99,25.07,24.94,25.03,624174
2008-08-19 22:30:00,25.03,25.07,24.97,25.03,849603
2008-08-20 16:30:00,25.05,25.4,25.0,25.23,960964
2008-08-20 17:00:00,25.24,25.45,25.0,25.4,884050
2008-08-20 17:30:00,25.41,25.82,25.41,25.79,1148328
2008-08-20 18:00:00,25.8,25.81,25.47,25.58,742083
2008-08-20 18:30:00,25.57,25.73,25.51,25.71,849229
2008-08-20 19:00:00,25.7,25.71,25.54,25.54,1019685
2008-08-20 19:30:00,25.55,25.56,25.47,25.5,758262
2008-08-20 20:00:00,25.51,25.54,25.41,25.45,904787
2008-08-20 20:30:00,25.45,25.51,25.44,25.49,759051
2008-08-20 21:00:00,25.48,25.55,25.39,25.5,2252088
2008-08-20 21:30:00,25.5,25.5,25.43,25.45,1588417
2008-08-20 22:00:00,25.45,25.45,24.85,25.07,3459285
2008-08-20 22:30:00,25.08,25.5,24.92,25.12,6848627
2008-08-21 16:30:00,24.91,25.24,24.76,25.0,756928
2008-08-21 17:00:00,25.0,25.22,24.82,25.03,750311
2008-08-21 17:30:00,25.02,25.05,24.82,24.9,868402
2008-08-21 18:00:00,24.9,25.0,24.86,25.0,605719
2008-08-21 18:30:00,25.0,25.04,24.9,24.96,479213
2008-08-21 19:00:00,24.98,25.05,24.82,24.91,445841
2008-08-21 19:30:00,24.9,24.97,24.87,24.97,337186
2008-08-21 20:00:00,24.97,25.1,24.95,25.0,469475
2008-08-21 20:30:00,25.0,25.01,24.89,24.93,225808
2008-08-21 21:00:00,24.93,25.0,24.9,24.99,309499
2008-08-21 21:30:00,25.0,25.14,24.99,25.12,614823
2008-08-21 22:00:00,25.12,25.22,25.09,25.19,460274
2008-08-21 22:30:00,25.19,25.2,24.73,24.76,1040975
2008-08-22 16:30:00,25.25,25.34,24.93,25.22,345696
2008-08-22 17:00:00,25.22,25.39,25.15,25.27,422449
2008-08-22 17:30:00,25.27,25.37,25.19,25.23,445189
2008-08-22 18:00:00,25.23,25.43,25.15,25.35,471598
2008-08-22 18:30:00,25.35,25.43,25.21,25.35,418247
2008-08-22 19:00:00,25.34,25.37,25.15,25.24,273567
2008-08-22 19:30:00,25.25,25.46,25.19,25.44,291043
2008-08-22 20:00:00,25.45,25.7,25.45,25.67,314454
2008-08-22 20:30:00,25.68,25.93,25.65,25.87,311003
2008-08-22 21:00:00,25.87,25.92,25.76,25.78,422615
2008-08-22 21:30:00,25.79,25.8,25.64,25.68,345885
2008-08-22 22:00:00,25.68,25.76,25.57,25.72,391149
2008-08-22 22:30:00,25.73,25.86,25.72,25.77,652705
2008-08-25 16:30:00,25.41,25.41,24.96,25.17,316151
2008-08-25 17:00:00,25.17,25.29,25.06,25.21,293706
2008-08-25 17:30:00,25.21,25.27,25.15,25.21,197630
2008-08-25 18:00:00,25.22,25.38,25.15,25.26,340185
2008-08-25 18:30:00,25.25,25.27,25.06,25.13,261154
2008-08-25 19:00:00,25.13,25.16,24.98,25.01,265962
2008-08-25 19:30:00,25.03,25.11,25.0,25.02,232336
2008-08-25 20:00:00,25.01,25.15,25.0,25.09,184011
2008-08-25 20:30:00,25.09,25.16,25.08,25.1,190545
2008-08-25 21:00:00,25.11,25.13,25.0,25.01,408912
2008-08-25 21:30:00,25.0,25.1,24.94,25.01,295673
2008-08-25 22:00:00,25.01,25.06,24.95,24.98,452377
2008-08-25 22:30:00,24.98,25.07,24.89,24.92,789329
2008-08-26 16:30:00,24.75,24.99,24.52,24.93,298791
2008-08-26 17:00:00,24.94,25.22,24.87,25.15,440358
2008-08-26 17:30:00,25.16,25.3,25.06,25.17,199453
2008-08-26 18:00:00,25.17,25.24,25.13,25.19,217527
2008-08-26 18:30:00,25.19,25.22,25.02,25.17,259723
2008-08-26 19:00:00,25.18,25.19,25.0,25.05,243595
2008-08-26 19:30:00,25.06,25.15,25.0,25.02,283718
2008-08-26 20:00:00,25.01,25.02,24.92,24.99,333136
2008-08-26 20:30:00,24.99,25.0,24.89,24.97,210423
2008-08-26 21:00:00,24.97,25.02,24.74,24.8,406261
2008-08-26 21:30:00,24.8,24.85,24.63,24.68,214660
2008-08-26 22:00:00,24.68,24.83,24.58,24.83,330291
2008-08-26 22:30:00,24.83,25.07,24.82,25.05,510859
2008-08-27 16:30:00,25.02,25.13,24.7,24.8,247900
2008-08-27 17:00:00,24.82,25.17,24.78,25.1,360587
2008-08-27 17:30:00,25.09,25.49,25.07,25.49,721534
2008-08-27 18:00:00,25.49,25.51,25.2,25.25,221269
2008-08-27 18:30:00,25.25,25.31,25.15,25.3,170884
2008-08-27 19:00:00,25.3,25.49,25.27,25.43,222820
2008-08-27 19:30:00,25.44,25.5,25.36,25.46,172452
2008-08-27 20:00:00,25.45,25.48,25.32,25.35,156672
2008-08-27 20:30:00,25.35,25.35,25.25,25.26,357194
2008-08-27 21:00:00,25.27,25.36,25.24,25.34,240080
2008-08-27 21:30:00,25.34,25.43,25.33,25.36,129608
2008-08-27 22:00:00,25.35,25.47,25.32,25.33,280090
2008-08-27 22:30:00,25.34,25.66,25.28,25.62,522369
2008-08-28 16:30:00,26.0,26.01,25.65,25.71,239357
2008-08-28 17:00:00,25.7,25.74,25.51,25.56,299234
2008-08-28 17:30:00,25.55,25.68,25.41,25.57,677012
2008-08-28 18:00:00,25.57,25.67,25.48,25.56,120870
2008-08-28 18:30:00,25.56,25.85,25.56,25.84,258336
2008-08-28 19:00:00,25.85,25.97,25.74,25.97,168784
2008-08-28 19:30:00,25.97,26.0,25.81,25.81,202365
2008-08-28 20:00:00,25.81,25.88,25.71,25.84,126615
2008-08-28 20:30:00,25.84,25.9,25.76,25.79,87357
2008-08-28 21:00:00,25.78,25.83,25.71,25.76,237362
2008-08-28 21:30:00,25.78,26.0,25.77,25.93,270598
2008-08-28 22:00:00,25.91,26.01,25.88,26.0,313137
2008-08-28 22:30:00,26.0,26.07,25.95,26.01,737248
2008-08-29 16:30:00,25.76,25.86,25.52,25.81,241611
2008-08-29 17:00:00,25.82,25.91,25.64,25.69,187238
2008-08-29 17:30:00,25.68,25.76,25.51,25.63,157968
2008-08-29 18:00:00,25.63,25.73,25.51,25.67,121020
2008-08-29 18:30:00,25.65,25.71,25.58,25.65,167529
2008-08-29 19:00:00,25.66,25.66,25.44,25.5,108117
2008-08-29 19:30:00,25.49,25.76,25.49,25.7,140151
2008-08-29 20:00:00,25.71,25.98,25.68,25.95,152012
2008-08-29 20:30:00,25.95,25.99,25.84,25.89,151658
2008-08-29 21:00:00,25.89,26.0,25.86,25.99,121882
2008-08-29 21:30:00,26.0,26.04,25.92,25.96,148875
2008-08-29 22:00:00,25.96,25.96,25.66,25.67,163598
2008-08-29 22:30:00,25.67,25.92,25.63,25.69,561162
2008-09-02 16:30:00,26.18,26.67,25.79,26.35,424862
2008-09-02 17:00:00,26.36,26.44,26.25,26.35,407641
2008-09-02 17:30:00,26.35,26.37,25.81,25.85,393688
2008-09-02 18:00:00,25.86,25.96,25.78,25.87,335883
2008-09-02 18:30:00,25.88,26.0,25.78,26.0,336283
2008-09-02 19:00:00,26.01,26.15,25.88,25.98,262878
2008-09-02 19:30:00,25.98,26.01,25.84,25.98,155318
2008-09-02 20:00:00,25.98,26.01,25.89,25.91,128802
2008-09-02 20:30:00,25.91,25.98,25.63,25.69,199552
2008-09-02 21:00:00,25.68,25.78,25.59,25.68,418259
2008-09-02 21:30:00,25.68,25.81,25.52,25.64,353114
2008-09-02 22:00:00,25.63,25.76,25.55,25.66,474627
2008-09-02 22:30:00,25.66,25.78,25.61,25.77,456593
2008-09-03 16:30:00,25.5,25.5,25.15,25.31,287512
2008-09-03 17:00:00,25.31,25.52,25.16,25.39,286872
2008-09-03 17:30:00,25.39,25.51,25.34,25.49,245253
2008-09-03 18:00:00,25.49,25.55,25.29,25.33,269205
2008-09-03 18:30:00,25.34,25.49,25.23,25.35,246345
2008-09-03 19:00:00,25.36,25.39,25.21,25.36,344742
2008-09-03 19:30:00,25.36,25.36,25.25,25.3,189557
2008-09-03 20:00:00,25.3,25.45,25.21,25.33,233430
2008-09-03 20:30:00,25.32,25.54,25.27,25.5,308465
2008-09-03 21:00:00,25.48,25.52,25.36,25.47,373209
2008-09-03 21:30:00,25.47,25.62,25.46,25.57,435459
2008-09-03 22:00:00,25.56,25.81,25.46,25.73,517101
2008-09-03 22:30:00,25.72,25.8,25.63,25.73,705289
2008-09-04 16:30:00,24.86,25.65,24.86,25.29,316015
2008-09-04 17:00:00,25.28,25.65,25.26,25.36,238366
2008-09-04 17:30:00,25.38,25.38,24.81,24.99,462633
2008-09-04 18:00:00,24.99,25.03,24.82,24.94,350732
2008-09-04 18:30:00,24.94,25.12,24.9,25.09,281208
2008-09-04 19:00:00,25.1,25.21,25.08,25.15,225857
2008-09-04 19:30:00,25.15,25.17,24.99,25.02,442840
2008-09-04 20:00:00,25.04,25.08,24.87,24.92,597449
2008-09-04 20:30:00,24.92,25.04,24.87,25.01,210097
2008-09-04 21:00:00,25.01,25.02,24.7,24.84,475698
2008-09-04 21:30:00,24.84,24.95,24.78,24.85,442979
2008-09-04 22:00:00,24.87,25.07,24.8,24.94,423754
2008-09-04 22:30:00,24.95,25.07,24.83,24.9,1000196
2008-09-05 16:30:00,24.55,24.7,24.21,24.55,326698
2008-09-05 17:00:00,24.54,24.58,24.06,24.17,285646
2008-09-05 17:30:00,24.16,24.36,24.08,24.13,208078
2008-09-05 18:00:00,24.11,24.19,23.96,24.11,327302
2008-09-05 18:30:00,24.13,24.3,24.01,24.23,314281
2008-09-05 19:00:00,24.23,24.58,24.22,24.54,186660
2008-09-05 19:30:00,24.55,24.81,24.54,24.69,293369
2008-09-05 20:00:00,24.69,24.97,24.63,24.91,207398
2008-09-05 20:30:00,24.92,25.03,24.84,24.98,246636
2008-09-05 21:00:00,24.97,25.14,24.86,25.1,387146
2008-09-05 21:30:00,25.08,25.29,25.04,25.24,408380
2008-09-05 22:00:00,25.24,25.32,25.06,25.16,458907
2008-09-05 22:30:00,25.17,25.59,25.12,25.49,536623
2008-09-08 16:30:00,26.98,27.0,25.94,26.08,767936
2008-09-08 17:00:00,26.12,26.16,25.75,25.79,461079
2008-09-08 17:30:00,25.8,26.08,25.38,25.5,399397
2008-09-08 18:00:00,25.5,25.78,25.24,25.48,429497
2008-09-08 18:30:00,25.49,25.82,25.28,25.39,245681
2008-09-08 19:00:00,25.39,25.39,24.88,25.31,304314
2008-09-08 19:30:00,25.32,25.67,25.31,25.33,242369
2008-09-08 20:00:00,25.33,25.41,25.15,25.3,201716
2008-09-08 20:30:00,25.28,25.41,25.09,25.25,226429
2008-09-08 21:00:00,25.26,25.44,25.18,25.39,310673
2008-09-08 21:30:00,25.4,25.47,25.18,25.31,430693
2008-09-08 22:00:00,25.31,25.48,25.23,25.45,380384
2008-09-08 22:30:00,25.45,26.04,25.42,25.98,670410
2008-09-09 16:30:00,25.96,26.32,25.21,25.95,322924
2008-09-09 17:00:00,25.95,26.01,25.49,25.58,266028
2008-09-09 17:30:00,25.53,25.7,25.17,25.25,418087
2008-09-09 18:00:00,25.25,25.56,24.91,25.22,420127
2008-09-09 18:30:00,25.2,25.24,25.0,25.1,465350
2008-09-09 19:00:00,25.09,25.12,24.86,24.93,183548
2008-09-09 19:30:00,24.9,25.04,24.81,24.84,278488
2008-09-09 20:00:00,24.84,24.86,24.36,24.38,353143
2008-09-09 20:30:00,24.38,24.43,24.2,24.29,391901
2008-09-09 21:00:00,24.29,24.48,24.11,24.35,576153
2008-09-09 21:30:00,24.35,24.35,23.98,23.99,529271
2008-09-09 22:00:00,24.0,24.02,23.72,23.92,704430
2008-09-09 22:30:00,23.93,24.03,23.75,23.76,1009556
2008-09-10 16:30:00,23.86,23.94,23.11,23.76,431466
2008-09-10 17:00:00,23.77,23.89,23.59,23.82,398103
2008-09-10 17:30:00,23.8,23.95,23.62,23.64,361864
2008-09-10 18:00:00,23.63,23.85,23.58,23.72,463159
2008-09-10 18:30:00,23.71,24.21,23.69,24.01,429693
2008-09-10 19:00:00,24.01,24.26,23.95,24.09,228951
2008-09-10 19:30:00,24.08,24.28,24.08,24.15,200300
2008-09-10 20:00:00,24.14,24.32,24.1,24.19,201684
2008-09-10 20:30:00,24.19,24.29,24.05,24.13,172869
2008-09-10 21:00:00,24.13,24.52,24.11,24.48,385915
2008-09-10 21:30:00,24.49,24.78,24.46,24.49,288455
2008-09-10 22:00:00,24.5,24.74,24.49,24.57,243777
2008-09-10 22:30:00,24.58,24.61,24.1,24.17,398826
2008-09-11 16:30:00,24.01,24.01,22.63,23.38,469494
2008-09-11 17:00:00,23.39,23.53,23.16,23.16,438175
2008-09-11 17:30:00,23.16,23.72,23.02,23.5,547556
2008-09-11 18:00:00,23.5,23.74,23.33,23.65,385995
2008-09-11 18:30:00,23.64,24.17,23.63,23.9,238197
2008-09-11 19:00:00,23.89,24.1,23.63,23.91,262159
2008-09-11 19:30:00,23.91,24.07,23.66,23.75,221806
2008-09-11 20:00:00,23.76,23.83,23.58,23.72,163943
2008-09-11 20:30:00,23.73,24.05,23.67,24.01,175784
2008-09-11 21:00:00,24.0,24.5,23.98,24.44,400215
2008-09-11 21:30:00,24.44,24.6,24.15,24.43,278633
2008-09-11 22:00:00,24.42,24.62,24.14,24.15,336942
2008-09-11 22:30:00,24.15,24.96,23.99,24.94,961519
2008-09-12 16:30:00,24.6,24.6,22.94,24.21,253354
2008-09-12 17:00:00,24.23,24.76,24.22,24.53,143716
2008-09-12 17:30:00,24.54,25.04,24.51,25.0,198844
2008-09-12 18:00:00,25.0,25.1,24.86,24.9,288999
2008-09-12 18:30:00,24.88,25.09,24.75,24.93,202760
2008-09-12 19:00:00,24.94,25.08,24.85,24.9,204196
2008-09-12 19:30:00,24.9,24.94,24.6,24.63,147181
2008-09-12 20:00:00,24.62,25.0,24.56,24.92,243393
2008-09-12 20:30:00,24.93,25.25,24.77,25.14,230584
2008-09-12 21:00:00,25.15,25.15,24.85,24.9,174961
2008-09-12 21:30:00,24.89,25.1,24.88,24.99,173210
2008-09-12 22:00:00,24.99,25.09,24.88,24.94,313073
2008-09-12 22:30:00,24.95,25.07,24.82,24.92,518145
2008-09-15 16:30:00,24.44,25.31,23.8,24.03,462105
2008-09-15 17:00:00,24.04,24.89,23.83,24.77,300561
2008-09-15 17:30:00,24.77,25.26,24.7,25.16,338056
2008-09-15 18:00:00,25.16,25.44,25.09,25.11,182666
2008-09-15 18:30:00,25.13,25.2,24.13,24.23,533329
2008-09-15 19:00:00,24.26,24.95,24.22,24.88,340083
2008-09-15 19:30:00,24.89,25.02,24.88,24.99,376111
2008-09-15 20:00:00,24.99,25.0,24.47,24.55,220687
2008-09-15 20:30:00,24.55,24.7,23.99,24.19,369614
2008-09-15 21:00:00,24.19,24.32,24.03,24.16,406872
2008-09-15 21:30:00,24.17,24.17,23.7,23.84,373051
2008-09-15 22:00:00,23.83,23.92,23.53,23.72,589275
2008-09-15 22:30:00,23.72,24.24,23.5,23.64,877598
2008-09-16 16:30:00,22.9,23.9,22.27,22.78,463147
2008-09-16 17:00:00,22.78,23.81,22.71,23.64,473991
2008-09-16 17:30:00,23.64,24.11,23.22,23.85,302261
2008-09-16 18:00:00,23.87,24.22,23.21,23.25,283841
2008-09-16 18:30:00,23.25,24.1,23.25,24.0,180320
2008-09-16 19:00:00,23.99,24.4,23.79,23.93,218861
2008-09-16 19:30:00,23.93,24.13,23.69,24.12,225141
2008-09-16 20:00:00,24.12,24.2,23.97,24.15,159138
2008-09-16 20:30:00,24.15,24.2,24.03,24.07,137561
2008-09-16 21:00:00,24.07,24.15,23.16,23.42,485184
2008-09-16 21:30:00,23.44,24.28,23.37,24.09,553057
2008-09-16 22:00:00,24.09,24.27,23.87,24.08,513023
2008-09-16 22:30:00,24.08,24.53,23.99,24.5,724954
2008-09-17 16:30:00,24.04,24.39,23.5,24.1,253005
2008-09-17 17:00:00,24.13,24.46,23.46,23.5,383808
2008-09-17 17:30:00,23.52,23.6,22.88,22.97,554510
2008-09-17 18:00:00,22.97,23.08,22.5,22.58,495186
2008-09-17 18:30:00,22.57,23.48,21.71,23.16,1313636
2008-09-17 19:00:00,23.14,23.19,22.64,22.84,594790
2008-09-17 19:30:00,22.84,23.42,22.84,22.95,510569
2008-09-17 20:00:00,22.95,23.35,22.88,22.9,499730
2008-09-17 20:30:00,22.9,23.04,22.69,22.84,414956
2008-09-17 21:00:00,22.85,23.44,22.49,23.39,480810
2008-09-17 21:30:00,23.4,24.0,23.15,23.93,460813
2008-09-17 22:00:00,23.93,24.1,23.58,23.7,545650
2008-09-17 22:30:00,23.69,23.71,22.63,22.91,810822
2008-09-18 16:30:00,24.45,24.5,22.76,23.35,478700
2008-09-18 17:00:00,23.34,23.75,23.31,23.42,643803
2008-09-18 17:30:00,23.37,23.47,22.95,22.98,222773
2008-09-18 18:00:00,22.98,23.15,22.67,22.76,356475
2008-09-18 18:30:00,22.76,23.14,22.26,22.78,497531
2008-09-18 19:00:00,22.79,22.81,22.1,22.19,252423
2008-09-18 19:30:00,22.15,22.31,20.42,20.42,716924
2008-09-18 20:00:00,20.42,21.37,18.97,21.01,2020116
2008-09-18 20:30:00,20.99,22.26,20.99,22.17,1111413
2008-09-18 21:00:00,22.17,22.35,21.84,22.1,757038
2008-09-18 21:30:00,22.1,22.14,21.12,21.67,918566
2008-09-18 22:00:00,21.67,24.53,21.47,23.14,992534
2008-09-18 22:30:00,23.16,24.25,22.72,23.2,1231361
2008-09-19 16:30:00,27.26,29.0,26.0,26.83,1355938
2008-09-19 17:00:00,26.83,27.1,24.01,24.65,1124656
2008-09-19 17:30:00,24.64,25.13,24.64,24.93,441734
2008-09-19 18:00:00,24.95,25.76,24.94,25.75,443076
2008-09-19 18:30:00,25.75,26.1,25.29,26.0,579271
2008-09-19 19:00:00,26.04,26.39,25.91,26.27,444057
2008-09-19 19:30:00,26.28,26.56,26.14,26.54,273791
2008-09-19 20:00:00,26.53,26.72,26.46,26.6,351505
2008-09-19 20:30:00,26.59,26.65,26.26,26.3,246770
2008-09-19 21:00:00,26.26,26.63,26.14,26.48,283889
2008-09-19 21:30:00,26.48,26.66,26.29,26.37,335449
2008-09-19 22:00:00,26.39,26.4,25.16,26.14,493584
2008-09-19 22:30:00,26.13,26.26,25.27,25.59,789733
2008-09-22 16:30:00,26.19,26.19,22.65,23.26,483249
2008-09-22 17:00:00,23.27,23.37,22.77,23.34,525454
2008-09-22 17:30:00,23.32,24.2,23.32,23.98,472237
2008-09-22 18:00:00,23.99,24.02,23.82,23.99,383398
2008-09-22 18:30:00,23.99,24.03,23.81,23.99,615487
2008-09-22 19:00:00,23.99,24.16,23.92,24.0,303161
2008-09-22 19:30:00,24.02,24.19,24.0,24.11,120211
2008-09-22 20:00:00,24.1,24.22,24.05,24.16,186405
2008-09-22 20:30:00,24.16,24.5,23.91,24.5,349939
2008-09-22 21:00:00,24.5,24.58,24.2,24.44,313872
2008-09-22 21:30:00,24.43,24.68,24.38,24.48,314565
2008-09-22 22:00:00,24.48,24.78,24.25,24.25,461982
2008-09-22 22:30:00,24.26,24.47,24.08,24.42,816728
2008-09-23 16:30:00,23.02,24.8,23.02,24.33,174381
2008-09-23 17:00:00,24.33,24.8,24.25,24.74,149222
2008-09-23 17:30:00,24.74,25.12,24.71,25.04,227597
2008-09-23 18:00:00,25.03,25.04,24.63,24.74,218966
2008-09-23 18:30:00,24.76,24.78,24.39,24.42,145206
2008-09-23 19:00:00,24.41,24.53,24.15,24.39,121643
2008-09-23 19:30:00,24.39,24.43,24.15,24.37,145629
2008-09-23 20:00:00,24.37,24.42,23.97,24.11,163749
2008-09-23 20:30:00,24.09,24.23,23.91,24.04,128265
2008-09-23 21:00:00,24.06,24.29,23.71,24.08,145964
2008-09-23 21:30:00,24.09,24.16,23.84,23.97,125994
2008-09-23 22:00:00,23.99,24.4,23.98,24.13,173554
2008-09-23 22:30:00,24.14,24.49,23.37,23.55,305753
2008-09-24 16:30:00,23.53,24.87,23.53,24.14,110513
2008-09-24 17:00:00,24.11,24.12,23.72,23.96,89676
2008-09-24 17:30:00,24.0,24.07,23.75,23.94,243335
2008-09-24 18:00:00,23.95,23.99,23.52,23.8,107810
2008-09-24 18:30:00,23.8,23.86,23.47,23.86,269354
2008-09-24 19:00:00,23.86,23.91,23.81,23.84,80099
2008-09-24 19:30:00,23.85,23.94,23.82,23.84,56165
2008-09-24 20:00:00,23.84,24.19,23.83,24.11,81864
2008-09-24 20:30:00,24.12,24.31,23.86,23.93,106315
2008-09-24 21:00:00,23.97,24.12,23.95,24.08,107346
2008-09-24 21:30:00,24.08,24.12,23.98,24.0,157189
2008-09-24 22:00:00,24.01,24.14,23.84,24.0,220222
2008-09-24 22:30:00,24.0,24.02,23.67,23.99,325016
2008-09-25 16:30:00,24.74,25.0,24.25,24.65,184111
2008-09-25 17:00:00,24.65,24.78,24.36,24.6,146095
2008-09-25 17:30:00,24.57,24.66,24.43,24.56,100613
2008-09-25 18:00:00,24.53,24.58,24.0,24.09,177781
2008-09-25 18:30:00,24.05,24.44,23.59,23.59,171357
2008-09-25 19:00:00,23.59,24.01,23.03,23.51,305323
2008-09-25 19:30:00,23.52,23.8,23.51,23.63,182765
2008-09-25 20:00:00,23.63,23.93,23.63,23.85,143765
2008-09-25 20:30:00,23.79,24.03,23.57,23.63,132605
2008-09-25 21:00:00,23.66,23.74,23.3,23.6,175394
2008-09-25 21:30:00,23.6,23.71,23.36,23.58,196328
2008-09-25 22:00:00,23.58,24.05,23.5,24.05,148021
2008-09-25 22:30:00,23.92,24.07,23.36,23.8,281633
2008-09-26 16:30:00,23.58,23.99,23.13,23.34,164159
2008-09-26 17:00:00,23.36,23.67,22.9,23.05,496632
2008-09-26 17:30:00,23.05,23.2,22.4,22.71,740370
2008-09-26 18:00:00,22.77,23.07,22.2,23.03,189365
2008-09-26 18:30:00,22.99,23.14,22.92,22.94,60127
2008-09-26 19:00:00,22.93,23.1,22.76,23.01,85796
2008-09-26 19:30:00,23.01,23.09,22.92,22.99,107133
2008-09-26 20:00:00,22.99,23.14,22.95,23.04,114058
2008-09-26 20:30:00,23.05,23.9,23.01,23.79,167745
2008-09-26 21:00:00,23.76,23.76,23.47,23.62,215887
2008-09-26 21:30:00,23.6,24.0,23.54,23.97,164922
2008-09-26 22:00:00,23.97,25.0,23.8,24.95,262718
2008-09-26 22:30:00,24.98,26.4,24.23,25.31,440138
2008-09-29 16:30:00,25.31,25.76,23.5,23.99,171334
2008-09-29 17:00:00,23.97,24.16,22.93,23.35,206368
2008-09-29 17:30:00,23.36,24.31,23.18,23.52,217186
2008-09-29 18:00:00,23.52,23.91,23.3,23.62,166571
2008-09-29 18:30:00,23.57,23.62,22.42,22.44,361787
2008-09-29 19:00:00,22.42,23.0,22.1,22.74,186441
2008-09-29 19:30:00,22.74,23.19,22.68,23.01,182992
2008-09-29 20:00:00,23.01,23.12,22.21,22.33,203714
2008-09-29 20:30:00,22.29,23.08,20.71,22.21,421874
2008-09-29 21:00:00,22.27,23.2,21.97,22.25,231029
2008-09-29 21:30:00,22.24,22.6,22.09,22.25,181721
2008-09-29 22:00:00,22.24,22.46,20.99,21.01,328817
2008-09-29 22:30:00,21.01,22.0,20.78,21.54,607575
2008-09-30 16:30:00,21.2,22.0,20.69,20.82,336165
2008-09-30 17:00:00,20.94,21.36,20.88,21.1,151338
2008-09-30 17:30:00,21.01,22.02,21.01,21.52,154675
2008-09-30 18:00:00,21.57,21.62,21.28,21.55,101221
2008-09-30 18:30:00,21.54,21.69,21.41,21.65,123894
2008-09-30 19:00:00,21.65,21.71,21.21,21.22,149243
2008-09-30 19:30:00,21.22,21.29,21.2,21.25,116697
2008-09-30 20:00:00,21.23,21.34,21.03,21.14,200154
2008-09-30 20:30:00,21.13,21.34,21.13,21.24,193762
2008-09-30 21:00:00,21.24,21.31,21.16,21.27,139093
2008-09-30 21:30:00,21.25,21.31,21.19,21.27,166715
2008-09-30 22:00:00,21.25,21.28,21.01,21.12,328313
2008-09-30 22:30:00,21.21,21.26,21.0,21.15,767484
2008-10-01 16:30:00,21.0,21.02,19.89,20.22,278768
2008-10-01 17:00:00,20.17,20.25,19.25,19.35,743577
2008-10-01 17:30:00,19.33,19.9,19.17,19.28,413877
2008-10-01 18:00:00,19.28,19.49,18.91,19.47,332373
2008-10-01 18:30:00,19.41,19.59,19.25,19.52,480908
2008-10-01 19:00:00,19.5,19.93,19.48,19.77,237828
2008-10-01 19:30:00,19.77,20.07,19.73,19.95,335002
2008-10-01 20:00:00,19.95,20.01,19.73,19.88,249623
2008-10-01 20:30:00,19.91,20.42,19.81,20.36,288754
2008-10-01 21:00:00,20.35,20.4,20.12,20.33,288578
2008-10-01 21:30:00,20.32,20.74,20.21,20.33,206226
2008-10-01 22:00:00,20.33,20.97,20.21,20.54,278714
2008-10-01 22:30:00,20.55,21.34,20.51,20.98,773408
2008-10-02 16:30:00,20.34,21.7,20.34,20.81,128187
2008-10-02 17:00:00,20.76,20.9,20.65,20.85,270950
2008-10-02 17:30:00,20.87,20.97,20.61,20.63,400930
2008-10-02 18:00:00,20.61,20.74,20.1,20.69,153697
2008-10-02 18:30:00,20.68,20.68,20.38,20.42,143698
2008-10-02 19:00:00,20.39,20.54,20.3,20.37,169209
2008-10-02 19:30:00,20.38,20.47,20.16,20.47,129921
2008-10-02 20:00:00,20.48,20.9,20.34,20.54,542996
2008-10-02 20:30:00,20.56,20.64,20.38,20.56,105815
2008-10-02 21:00:00,20.55,20.67,20.34,20.41,158789
2008-10-02 21:30:00,20.41,20.48,20.11,20.27,159924
2008-10-02 22:00:00,20.28,20.3,19.9,19.98,174065
2008-10-02 22:30:00,19.99,21.0,19.97,20.8,477568
2008-10-03 16:30:00,21.22,22.99,20.75,22.1,116120
2008-10-03 17:00:00,22.18,22.51,21.34,21.52,123052
2008-10-03 17:30:00,21.5,21.79,21.5,21.5,189899
2008-10-03 18:00:00,21.52,21.84,21.19,21.34,88827
2008-10-03 18:30:00,21.34,21.6,21.18,21.23,96705
2008-10-03 19:00:00,21.25,21.32,21.17,21.23,102298
2008-10-03 19:30:00,21.23,21.27,21.2,21.23,163399
2008-10-03 20:00:00,21.24,22.07,21.21,21.23,283660
2008-10-03 20:30:00,21.22,21.29,20.28,20.8,282102
2008-10-03 21:00:00,20.77,20.81,19.89,20.04,194729
2008-10-03 21:30:00,20.07,21.25,19.54,21.23,144316
2008-10-03 22:00:00,21.21,21.5,20.57,20.71,107514
2008-10-03 22:30:00,20.72,21.31,20.34,20.46,380640
2008-10-06 16:30:00,19.97,20.24,18.98,19.08,175855
2008-10-06 17:00:00,19.1,19.47,17.5,17.9,327298
2008-10-06 17:30:00,17.9,18.23,16.19,16.8,502598
2008-10-06 18:00:00,16.79,18.64,16.79,18.62,331327
2008-10-06 18:30:00,18.7,19.58,18.46,19.0,440309
2008-10-06 19:00:00,19.0,19.94,18.98,19.78,235340
2008-10-06 19:30:00,19.8,20.15,19.65,19.85,411409
2008-10-06 20:00:00,19.87,20.0,19.7,19.84,212463
2008-10-06 20:30:00,19.84,19.84,19.44,19.47,190396
2008-10-06 21:00:00,19.44,19.5,18.35,18.47,160257
2008-10-06 21:30:00,18.48,18.71,18.19,18.32,199852
2008-10-06 22:00:00,18.32,18.92,18.23,18.52,262374
2008-10-06 22:30:00,18.52,23.0,17.99,20.43,566102
2008-10-07 16:30:00,20.71,21.12,19.2,19.86,252306
2008-10-07 17:00:00,19.87,20.41,19.42,19.95,226714
2008-10-07 17:30:00,19.99,20.02,19.63,19.67,100790
2008-10-07 18:00:00,19.68,19.89,19.62,19.81,58357
2008-10-07 18:30:00,19.8,19.97,19.59,19.6,95187
2008-10-07 19:00:00,19.65,19.65,19.13,19.19,98113
2008-10-07 19:30:00,19.14,19.16,18.58,18.89,116852
2008-10-07 20:00:00,18.89,19.03,18.31,18.44,79982
2008-10-07 20:30:00,18.45,18.77,17.81,18.11,123972
2008-10-07 21:00:00,18.12,19.34,18.11,18.49,252883
2008-10-07 21:30:00,18.48,18.75,18.05,18.34,249948
2008-10-07 22:00:00,18.32,18.56,18.2,18.4,434983
2008-10-07 22:30:00,18.4,18.49,17.66,17.9,361641
2008-10-08 16:30:00,17.03,17.99,16.5,17.34,435986
2008-10-08 17:00:00,17.35,17.8,17.07,17.38,243677
2008-10-08 17:30:00,17.38,17.53,17.0,17.02,190743
2008-10-08 18:00:00,17.03,17.33,16.79,17.16,141472
2008-10-08 18:30:00,17.18,17.18,16.69,16.87,218478
2008-10-08 19:00:00,16.83,16.96,16.41,16.43,132404
2008-10-08 19:30:00,16.46,16.88,16.32,16.68,118424
2008-10-08 20:00:00,16.68,17.5,16.54,16.93,257823
2008-10-08 20:30:00,16.99,17.81,16.82,17.78,242931
2008-10-08 21:00:00,17.71,18.0,17.22,17.68,213502
2008-10-08 21:30:00,17.68,17.95,17.46,17.75,154563
2008-10-08 22:00:00,17.7,17.79,16.99,17.49,325050
2008-10-08 22:30:00,17.5,17.73,15.6,16.29,386412
2008-10-09 16:30:00,16.35,16.76,15.77,16.16,324417
2008-10-09 17:00:00,16.15,16.48,15.8,15.81,311918
2008-10-09 17:30:00,15.81,15.96,15.63,15.81,487728
2008-10-09 18:00:00,15.84,16.18,15.6,15.97,332931
2008-10-09 18:30:00,15.96,16.31,15.82,16.12,449910
2008-10-09 19:00:00,16.13,16.31,15.9,15.94,412322
2008-10-09 19:30:00,15.94,16.19,15.66,15.79,136972
2008-10-09 20:00:00,15.8,16.28,15.69,16.19,265763
2008-10-09 20:30:00,16.21,16.25,15.55,15.58,259306
2008-10-09 21:00:00,15.57,15.68,15.29,15.46,174249
2008-10-09 21:30:00,15.47,15.64,15.04,15.05,239574
2008-10-09 22:00:00,15.06,15.09,14.27,14.31,527295
2008-10-09 22:30:00,14.3,14.84,12.36,13.11,1162672
2008-10-10 16:30:00,12.61,13.85,11.85,13.59,687972
2008-10-10 17:00:00,13.59,14.69,13.35,13.4,962307
2008-10-10 17:30:00,13.39,13.63,12.55,12.93,1654933
2008-10-10 18:00:00,12.96,13.12,12.7,12.97,455507
2008-10-10 18:30:00,12.99,13.03,12.32,12.64,584765
2008-10-10 19:00:00,12.65,13.05,12.49,12.7,631764
2008-10-10 19:30:00,12.7,12.95,12.51,12.66,441762
2008-10-10 20:00:00,12.62,12.87,12.56,12.78,464534
2008-10-10 20:30:00,12.78,12.85,12.14,12.49,385227
2008-10-10 21:00:00,12.5,12.74,12.27,12.35,538631
2008-10-10 21:30:00,12.37,12.6,11.87,12.09,683908
2008-10-10 22:00:00,12.07,14.29,11.95,14.23,880004
2008-10-10 22:30:00,14.25,15.11,13.53,14.95,839885
2008-10-13 16:30:00,15.41,15.41,14.17,14.2,728909
2008-10-13 17:00:00,14.23,14.48,13.62,14.28,373896
2008-10-13 17:30:00,14.29,14.61,14.21,14.33,503838
2008-10-13 18:00:00,14.31,14.49,14.16,14.25,401279
2008-10-13 18:30:00,14.25,14.37,14.19,14.28,263770
2008-10-13 19:00:00,14.28,14.31,14.15,14.21,473742
2008-10-13 19:30:00,14.19,14.21,14.04,14.05,350190
2008-10-13 20:00:00,14.06,14.5,14.04,14.49,404767
2008-10-13 20:30:00,14.49,14.52,14.35,14.4,263144
2008-10-13 21:00:00,14.41,14.54,14.32,14.43,260241
2008-10-13 21:30:00,14.45,14.92,14.38,14.9,240122
2008-10-13 22:00:00,14.9,15.6,14.85,15.55,444259
2008-10-13 22:30:00,15.54,16.8,15.46,16.59,1240116
2008-10-14 16:30:00,17.11,19.24,16.96,17.64,1051896
2008-10-14 17:00:00,17.66,17.81,17.14,17.46,745086
2008-10-14 17:30:00,17.46,17.53,17.15,17.3,403037
2008-10-14 18:00:00,17.3,17.94,17.13,17.9,461049
2008-10-14 18:30:00,17.9,17.95,17.68,17.81,344723
2008-10-14 19:00:00,17.81,17.81,17.52,17.74,165515
2008-10-14 19:30:00,17.72,18.21,17.7,17.83,272136
2008-10-14 20:00:00,17.83,17.86,17.65,17.77,158211
2008-10-14 20:30:00,17.77,17.93,17.52,17.53,173314
2008-10-14 21:00:00,17.5,17.67,16.95,17.33,380016
2008-10-14 21:30:00,17.34,17.36,16.84,17.06,544039
2008-10-14 22:00:00,17.05,17.29,16.77,17.02,425718
2008-10-14 22:30:00,17.05,17.27,16.77,16.94,562802
2008-10-15 16:30:00,16.17,17.04,15.0,15.95,305864
2008-10-15 17:00:00,15.95,15.95,15.61,15.88,248772
2008-10-15 17:30:00,15.89,16.05,15.41,15.44,435711
2008-10-15 18:00:00,15.44,15.85,15.39,15.68,254673
2008-10-15 18:30:00,15.68,15.76,15.56,15.62,200806
2008-10-15 19:00:00,15.62,15.75,15.45,15.57,203871
2008-10-15 19:30:00,15.57,15.77,15.51,15.72,175455
2008-10-15 20:00:00,15.71,15.71,15.29,15.53,320663
2008-10-15 20:30:00,15.54,15.56,15.14,15.27,673959
2008-10-15 21:00:00,15.27,15.29,14.86,15.08,247564
2008-10-15 21:30:00,15.1,15.29,15.01,15.07,243347
2008-10-15 22:00:00,15.08,15.32,14.87,14.9,550117
2008-10-15 22:30:00,14.89,14.94,14.47,14.63,792405
2008-10-16 16:30:00,14.83,14.84,13.82,13.87,378160
2008-10-16 17:00:00,13.85,13.85,12.42,12.46,667899
2008-10-16 17:30:00,12.46,12.89,12.3,12.49,721375
2008-10-16 18:00:00,12.5,12.68,12.31,12.55,423010
2008-10-16 18:30:00,12.55,13.55,12.55,13.44,565805
2008-10-16 19:00:00,13.44,14.03,13.2,13.75,518850
2008-10-16 19:30:00,13.76,13.85,13.34,13.37,474874
2008-10-16 20:00:00,13.37,13.7,13.28,13.38,336688
2008-10-16 20:30:00,13.37,13.54,13.1,13.4,276843
2008-10-16 21:00:00,13.4,13.48,13.11,13.28,248377
2008-10-16 21:30:00,13.27,13.6,13.21,13.42,537707
2008-10-16 22:00:00,13.45,14.02,13.36,14.01,318479
2008-10-16 22:30:00,14.01,15.23,13.93,14.89,634225
2008-10-17 16:30:00,14.48,14.97,14.02,14.88,591746
2008-10-17 17:00:00,14.88,14.97,14.5,14.58,202363
2008-10-17 17:30:00,14.59,14.7,14.21,14.46,195442
2008-10-17 18:00:00,14.5,14.51,14.12,14.29,310255
2008-10-17 18:30:00,14.28,14.47,14.26,14.46,106925
2008-10-17 19:00:00,14.45,14.77,14.45,14.63,106211
2008-10-17 19:30:00,14.62,14.96,14.57,14.93,92666
2008-10-17 20:00:00,14.96,15.35,14.95,15.31,157540
2008-10-17 20:30:00,15.31,15.74,15.19,15.3,251880
2008-10-17 21:00:00,15.3,15.41,14.95,15.02,158628
2008-10-17 21:30:00,15.02,15.15,14.85,15.04,184145
2008-10-17 22:00:00,15.04,15.26,14.67,14.82,282527
2008-10-17 22:30:00,14.85,15.01,14.47,14.68,459268
2008-10-20 16:30:00,14.31,14.92,14.23,14.89,162012
2008-10-20 17:00:00,14.91,15.09,14.59,14.61,68135
2008-10-20 17:30:00,14.63,14.8,14.38,14.5,82823
2008-10-20 18:00:00,14.53,14.53,14.3,14.36,115166
2008-10-20 18:30:00,14.38,14.67,14.29,14.58,134446
2008-10-20 19:00:00,14.58,14.78,14.53,14.7,147565
2008-10-20 19:30:00,14.69,14.74,14.48,14.73,139512
2008-10-20 20:00:00,14.73,14.97,14.61,14.96,136014
2008-10-20 20:30:00,14.96,15.03,14.76,14.77,110216
2008-10-20 21:00:00,14.77,14.92,14.67,14.69,108493
2008-10-20 21:30:00,14.67,14.85,14.61,14.71,207602
2008-10-20 22:00:00,14.72,14.84,14.66,14.73,176598
2008-10-20 22:30:00,14.71,14.91,14.62,14.83,355904
2008-10-21 16:30:00,14.55,15.03,14.31,14.86,158179
2008-10-21 17:00:00,14.86,15.46,14.81,15.27,233673
2008-10-21 17:30:00,15.25,15.55,15.16,15.4,184675
2008-10-21 18:00:00,15.4,15.49,15.15,15.16,112924
2008-10-21 18:30:00,15.16,15.3,14.6,14.68,143078
2008-10-21 19:00:00,14.66,14.85,14.6,14.74,171965
2008-10-21 19:30:00,14.75,14.9,14.57,14.57,106093
2008-10-21 20:00:00,14.57,15.01,14.57,15.01,91114
2008-10-21 20:30:00,15.0,15.05,14.87,14.91,132375
2008-10-21 21:00:00,14.89,15.0,14.89,14.94,115127
2008-10-21 21:30:00,14.94,14.97,14.85,14.91,162379
2008-10-21 22:00:00,14.91,14.98,14.63,14.67,168028
2008-10-21 22:30:00,14.66,14.68,14.23,14.31,322118
2008-10-22 16:30:00,13.98,13.98,13.25,13.73,232710
2008-10-22 17:00:00,13.73,13.88,13.53,13.58,199858
2008-10-22 17:30:00,13.58,13.82,13.55,13.77,115931
2008-10-22 18:00:00,13.73,13.76,13.46,13.5,83066
2008-10-22 18:30:00,13.48,13.61,13.39,13.51,150016
2008-10-22 19:00:00,13.51,13.53,13.38,13.4,146877
2008-10-22 19:30:00,13.4,13.41,13.17,13.23,137976
2008-10-22 20:00:00,13.21,13.23,12.87,12.91,282385
2008-10-22 20:30:00,12.89,12.97,12.77,12.91,151448
2008-10-22 21:00:00,12.9,12.92,12.68,12.73,161046
2008-10-22 21:30:00,12.72,12.72,12.35,12.38,237781
2008-10-22 22:00:00,12.39,12.63,12.34,12.58,703634
2008-10-22 22:30:00,12.59,12.61,12.19,12.45,968011
2008-10-23 16:30:00,12.39,12.72,11.74,11.88,366867
2008-10-23 17:00:00,11.89,11.93,11.08,11.21,737022
2008-10-23 17:30:00,11.21,11.9,11.18,11.77,369037
2008-10-23 18:00:00,11.77,11.85,11.6,11.66,187814
2008-10-23 18:30:00,11.67,11.81,11.6,11.79,243896
2008-10-23 19:00:00,11.8,11.8,11.3,11.35,141624
2008-10-23 19:30:00,11.35,11.44,10.91,10.95,295294
2008-10-23 20:00:00,10.95,11.11,10.86,10.86,169296
2008-10-23 20:30:00,10.85,11.05,10.77,11.01,388206
2008-10-23 21:00:00,11.0,11.01,10.76,10.89,691905
2008-10-23 21:30:00,10.89,11.12,10.8,10.91,295983
2008-10-23 22:00:00,10.92,11.23,10.87,11.01,489279
2008-10-23 22:30:00,11.02,11.81,10.85,11.62,935685
2008-10-24 16:30:00,10.67,11.85,10.2,11.57,362948
2008-10-24 17:00:00,11.6,11.74,11.06,11.48,199236
2008-10-24 17:30:00,11.48,11.58,11.4,11.47,129082
2008-10-24 18:00:00,11.46,11.52,11.21,11.28,217480
2008-10-24 18:30:00,11.29,11.38,11.02,11.11,265311
2008-10-24 19:00:00,11.11,11.15,10.95,10.97,194117
2008-10-24 19:30:00,10.96,11.21,10.96,11.14,190128
2008-10-24 20:00:00,11.14,11.25,11.08,11.18,100486
2008-10-24 20:30:00,11.15,11.17,11.0,11.04,137651
2008-10-24 21:00:00,11.04,11.13,10.96,11.03,191765
2008-10-24 21:30:00,11.02,11.27,11.01,11.26,206095
2008-10-24 22:00:00,11.25,11.47,11.15,11.4,250915
2008-10-24 22:30:00,11.41,11.46,11.08,11.14,678948
2008-10-27 16:30:00,10.51,11.3,10.51,11.09,214618
2008-10-27 17:00:00,11.11,11.35,10.98,11.12,199351
2008-10-27 17:30:00,11.12,11.21,10.98,11.18,171923
2008-10-27 18:00:00,11.18,11.43,11.11,11.22,195620
2008-10-27 18:30:00,11.21,11.31,11.13,11.28,203137
2008-10-27 19:00:00,11.29,11.52,11.26,11.4,240337
2008-10-27 19:30:00,11.4,11.52,11.36,11.45,240880
2008-10-27 20:00:00,11.46,11.55,11.36,11.52,105181
2008-10-27 20:30:00,11.53,11.63,11.44,11.48,149156
2008-10-27 21:00:00,11.47,11.54,11.35,11.39,291228
2008-10-27 21:30:00,11.39,11.48,11.3,11.33,303053
2008-10-27 22:00:00,11.32,11.47,11.31,11.41,245943
2008-10-27 22:30:00,11.43,11.46,10.98,11.05,723836
2008-10-28 16:30:00,11.13,11.66,11.09,11.62,663658
2008-10-28 17:00:00,11.61,11.64,11.32,11.39,339581
2008-10-28 17:30:00,11.38,11.4,11.06,11.1,316534
2008-10-28 18:00:00,11.09,11.35,11.09,11.24,388912
2008-10-28 18:30:00,11.24,11.35,11.22,11.26,188603
2008-10-28 19:00:00,11.25,11.39,11.21,11.27,121858
2008-10-28 19:30:00,11.28,11.42,11.22,11.39,212107
2008-10-28 20:00:00,11.4,11.54,11.32,11.35,413996
2008-10-28 20:30:00,11.34,11.37,11.08,11.11,230956
2008-10-28 21:00:00,11.11,11.44,11.08,11.35,261528
2008-10-28 21:30:00,11.35,11.48,11.29,11.39,631147
2008-10-28 22:00:00,11.39,11.76,11.27,11.71,763595
2008-10-28 22:30:00,11.7,13.55,11.53,12.98,1623281
2008-10-29 16:30:00,14.05,14.19,12.49,12.63,797087
2008-10-29 17:00:00,12.64,13.53,12.63,13.37,431723
2008-10-29 17:30:00,13.36,13.41,12.98,13.2,656153
2008-10-29 18:00:00,13.19,13.5,13.1,13.28,441532
2008-10-29 18:30:00,13.29,13.43,13.22,13.4,212221
2008-10-29 19:00:00,13.39,13.44,13.22,13.35,106483
2008-10-29 19:30:00,13.37,13.91,13.37,13.87,240831
2008-10-29 20:00:00,13.88,13.99,13.69,13.85,268592
2008-10-29 20:30:00,13.85,14.22,13.85,14.11,380237
2008-10-29 21:00:00,14.11,14.53,14.05,14.28,477337
2008-10-29 21:30:00,14.29,14.44,13.95,14.36,534230
2008-10-29 22:00:00,14.35,15.03,14.22,14.93,630961
2008-10-29 22:30:00,14.94,15.16,13.61,13.91,1137495
2008-10-30 16:30:00,14.47,15.54,14.17,15.27,752626
2008-10-30 17:00:00,15.25,15.42,14.71,14.83,397012
2008-10-30 17:30:00,14.83,14.87,14.45,14.65,363282
2008-10-30 18:00:00,14.65,15.01,14.64,14.81,337817
2008-10-30 18:30:00,14.81,14.87,14.37,14.56,320182
2008-10-30 19:00:00,14.54,14.85,14.46,14.55,291589
2008-10-30 19:30:00,14.55,14.71,14.47,14.57,242216
2008-10-30 20:00:00,14.56,14.87,14.51,14.55,208258
2008-10-30 20:30:00,14.59,14.66,14.33,14.4,261738
2008-10-30 21:00:00,14.39,14.5,14.34,14.41,283644
2008-10-30 21:30:00,14.4,14.54,14.29,14.4,305219
2008-10-30 22:00:00,14.42,14.59,14.2,14.36,458542
2008-10-30 22:30:00,14.35,14.67,14.09,14.37,967855
2008-10-31 16:30:00,14.06,14.31,13.66,14.27,430567
2008-10-31 17:00:00,14.25,14.38,14.05,14.27,713311
2008-10-31 17:30:00,14.26,14.54,14.14,14.43,520463
2008-10-31 18:00:00,14.43,14.72,14.33,14.51,351024
2008-10-31 18:30:00,14.48,14.8,14.41,14.5,467492
2008-10-31 19:00:00,14.49,14.69,14.38,14.65,172193
2008-10-31 19:30:00,14.66,14.86,14.63,14.8,163939
2008-10-31 20:00:00,14.81,15.06,14.69,15.0,191081
2008-10-31 20:30:00,14.99,15.09,14.81,14.89,172496
2008-10-31 21:00:00,14.89,15.07,14.59,14.8,269656
2008-10-31 21:30:00,14.8,14.93,14.69,14.86,274850
2008-10-31 22:00:00,14.86,15.12,14.6,14.71,694293
2008-10-31 22:30:00,14.74,14.97,14.47,14.9,554116
2008-11-03 16:30:00,14.74,14.88,14.2,14.59,224791
2008-11-03 17:00:00,14.59,14.68,14.38,14.43,150530
2008-11-03 17:30:00,14.42,14.75,14.39,14.72,174834
2008-11-03 18:00:00,14.73,14.83,14.6,14.64,195301
2008-11-03 18:30:00,14.64,14.83,14.59,14.83,110442
2008-11-03 19:00:00,14.83,14.92,14.81,14.87,92077
2008-11-03 19:30:00,14.86,14.89,14.72,14.73,118219
2008-11-03 20:00:00,14.73,14.74,14.61,14.62,147674
2008-11-03 20:30:00,14.62,14.65,14.55,14.57,116492
2008-11-03 21:00:00,14.57,14.6,14.24,14.31,212242
2008-11-03 21:30:00,14.31,14.35,14.23,14.29,144771
2008-11-03 22:00:00,14.29,14.5,14.26,14.49,118786
2008-11-03 22:30:00,14.49,14.61,14.42,14.46,238664
2008-11-04 16:30:00,15.0,15.0,14.65,14.83,260478
2008-11-04 17:00:00,14.82,15.16,14.8,15.13,275933
2008-11-04 17:30:00,15.13,15.59,15.11,15.51,517976
2008-11-04 18:00:00,15.52,15.6,15.36,15.59,729405
2008-11-04 18:30:00,15.59,15.71,15.54,15.64,209436
2008-11-04 19:00:00,15.62,16.03,15.62,15.99,386708
2008-11-04 19:30:00,15.98,15.99,15.65,15.7,173376
2008-11-04 20:00:00,15.71,15.87,15.68,15.84,180614
2008-11-04 20:30:00,15.85,16.03,15.81,15.94,165049
2008-11-04 21:00:00,15.92,15.95,15.73,15.8,213010
2008-11-04 21:30:00,15.78,15.8,15.55,15.63,163136
2008-11-04 22:00:00,15.64,15.67,15.45,15.56,339560
2008-11-04 22:30:00,15.56,16.18,15.56,16.05,802597
2008-11-05 16:30:00,15.78,16.22,15.65,16.13,287758
2008-11-05 17:00:00,16.14,16.59,16.04,16.39,212105
2008-11-05 17:30:00,16.4,16.45,16.24,16.28,132509
2008-11-05 18:00:00,16.29,16.43,16.26,16.39,157373
2008-11-05 18:30:00,16.36,16.38,16.18,16.37,122114
2008-11-05 19:00:00,16.38,16.41,16.26,16.3,168696
2008-11-05 19:30:00,16.3,16.32,15.89,15.98,167665
2008-11-05 20:00:00,15.98,16.09,15.75,15.77,225193
2008-11-05 20:30:00,15.76,15.79,15.48,15.55,169406
2008-11-05 21:00:00,15.53,15.64,15.3,15.46,89602
2008-11-05 21:30:00,15.46,15.67,15.34,15.36,243667
2008-11-05 22:00:00,15.37,15.47,14.95,14.98,159895
2008-11-05 22:30:00,14.99,15.17,14.43,14.58,666754
2008-11-06 16:30:00,14.45,14.72,13.93,14.2,414780
2008-11-06 17:00:00,14.2,14.25,13.54,13.55,234874
2008-11-06 17:30:00,13.56,13.57,13.14,13.34,429227
2008-11-06 18:00:00,13.34,13.4,13.28,13.35,293765
2008-11-06 18:30:00,13.34,13.36,13.19,13.19,132507
2008-11-06 19:00:00,13.21,13.21,12.74,12.79,232854
2008-11-06 19:30:00,12.79,12.8,12.6,12.62,173961
2008-11-06 20:00:00,12.62,12.75,12.42,12.69,421429
2008-11-06 20:30:00,12.67,12.79,12.58,12.79,190804
2008-11-06 21:00:00,12.79,13.25,12.75,13.16,451457
2008-11-06 21:30:00,13.15,13.62,13.15,13.44,355552
2008-11-06 22:00:00,13.44,13.48,13.01,13.02,258160
2008-11-06 22:30:00,13.01,13.14,12.86,13.06,986922
2008-11-07 16:30:00,13.08,13.41,13.06,13.2,197863
2008-11-07 17:00:00,13.2,13.64,13.18,13.48,268372
2008-11-07 17:30:00,13.49,13.94,13.49,13.69,122558
2008-11-07 18:00:00,13.68,13.75,13.36,13.39,111486
2008-11-07 18:30:00,13.39,13.65,13.32,13.63,112785
2008-11-07 19:00:00,13.63,13.67,13.47,13.48,116594
2008-11-07 19:30:00,13.48,13.71,13.43,13.68,103953
2008-11-07 20:00:00,13.68,13.82,13.66,13.77,170625
2008-11-07 20:30:00,13.77,13.78,13.6,13.71,87198
2008-11-07 21:00:00,13.72,14.12,13.65,13.96,215180
2008-11-07 21:30:00,13.97,14.06,13.68,13.68,195431
2008-11-07 22:00:00,13.69,13.95,13.67,13.71,342583
2008-11-07 22:30:00,13.73,14.22,13.7,14.16,664893
2008-11-10 16:30:00,13.86,14.6,13.86,14.17,170492
2008-11-10 17:00:00,14.16,14.18,13.72,13.8,201495
2008-11-10 17:30:00,13.83,13.88,13.5,13.6,108652
2008-11-10 18:00:00,13.57,13.57,13.32,13.41,72990
2008-11-10 18:30:00,13.41,13.49,13.13,13.17,74199
2008-11-10 19:00:00,13.16,13.31,13.0,13.01,104001
2008-11-10 19:30:00,13.01,13.05,12.9,13.02,113703
2008-11-10 20:00:00,13.01,13.01,12.77,12.83,161651
2008-11-10 20:30:00,12.82,12.95,12.74,12.87,165174
2008-11-10 21:00:00,12.86,12.92,12.66,12.67,134716
2008-11-10 21:30:00,12.68,12.76,12.54,12.64,167871
2008-11-10 22:00:00,12.63,12.74,12.46,12.56,275084
2008-11-10 22:30:00,12.57,12.83,12.47,12.74,429739
2008-11-11 16:30:00,12.54,12.59,11.92,12.14,328618
2008-11-11 17:00:00,12.13,12.72,12.09,12.49,196392
2008-11-11 17:30:00,12.47,12.59,12.36,12.42,118661
2008-11-11 18:00:00,12.42,12.5,12.3,12.44,182750
2008-11-11 18:30:00,12.42,12.44,12.28,12.3,117348
2008-11-11 19:00:00,12.3,12.35,12.24,12.26,218160
2008-11-11 19:30:00,12.25,12.3,12.16,12.3,151740
2008-11-11 20:00:00,12.3,12.32,12.16,12.2,109981
2008-11-11 20:30:00,12.19,12.74,12.15,12.7,148378
2008-11-11 21:00:00,12.69,12.99,12.51,12.93,136280
2008-11-11 21:30:00,12.94,13.06,12.49,12.49,120004
2008-11-11 22:00:00,12.5,12.71,12.48,12.54,122170
2008-11-11 22:30:00,12.54,12.72,12.24,12.6,517005
2008-11-12 16:30:00,12.28,12.55,12.19,12.44,164641
2008-11-12 17:00:00,12.45,12.59,12.16,12.19,188272
2008-11-12 17:30:00,12.17,12.27,11.98,12.25,196169
2008-11-12 18:00:00,12.26,12.26,11.98,12.08,154005
2008-11-12 18:30:00,12.07,12.12,11.86,12.0,129451
2008-11-12 19:00:00,12.0,12.05,11.88,12.02,69692
2008-11-12 19:30:00,12.02,12.12,11.93,11.98,67385
2008-11-12 20:00:00,11.98,12.01,11.79,11.89,93714
2008-11-12 20:30:00,11.9,11.94,11.76,11.82,131827
2008-11-12 21:00:00,11.81,11.9,11.67,11.89,127848
2008-11-12 21:30:00,11.89,12.01,11.79,11.8,179020
2008-11-12 22:00:00,11.8,11.81,11.55,11.58,196204
2008-11-12 22:30:00,11.59,11.65,11.38,11.56,682677
2008-11-13 16:30:00,11.77,12.07,11.53,12.03,501283
2008-11-13 17:00:00,12.01,12.39,12.0,12.27,372641
2008-11-13 17:30:00,12.28,12.31,11.98,12.1,416928
2008-11-13 18:00:00,12.09,12.27,11.88,12.12,240779
2008-11-13 18:30:00,12.13,12.17,11.64,11.68,406785
2008-11-13 19:00:00,11.7,11.75,11.54,11.7,388311
2008-11-13 19:30:00,11.71,11.73,11.06,11.06,341591
2008-11-13 20:00:00,11.06,11.35,11.02,11.35,227487
2008-11-13 20:30:00,11.35,11.86,11.26,11.6,347818
2008-11-13 21:00:00,11.6,12.13,11.56,11.97,216344
2008-11-13 21:30:00,11.98,12.36,11.88,12.0,390567
2008-11-13 22:00:00,12.01,12.56,11.77,12.56,350648
2008-11-13 22:30:00,12.56,13.31,12.32,13.15,709019
2008-11-14 16:30:00,12.94,13.65,12.62,13.18,246337
2008-11-14 17:00:00,13.2,13.36,12.59,12.86,129406
2008-11-14 17:30:00,12.85,12.9,12.42,12.42,245771
2008-11-14 18:00:00,12.42,12.7,12.29,12.43,179826
2008-11-14 18:30:00,12.44,12.44,12.13,12.17,133072
2008-11-14 19:00:00,12.17,12.18,11.88,12.13,200525
2008-11-14 19:30:00,12.14,12.31,12.08,12.25,200947
2008-11-14 20:00:00,12.25,12.32,11.98,12.32,131404
2008-11-14 20:30:00,12.33,12.38,12.09,12.21,428252
2008-11-14 21:00:00,12.21,12.76,12.18,12.62,161189
2008-11-14 21:30:00,12.62,12.97,12.42,12.96,262465
2008-11-14 22:00:00,12.96,13.04,12.67,12.73,269979
2008-11-14 22:30:00,12.73,12.75,11.98,11.99,648153
2008-11-17 16:30:00,11.92,12.09,11.6,11.96,184719
2008-11-17 17:00:00,11.96,11.97,11.16,11.46,518003
2008-11-17 17:30:00,11.44,11.59,11.3,11.3,91685
2008-11-17 18:00:00,11.31,11.52,11.31,11.37,115260
2008-11-17 18:30:00,11.36,11.55,10.91,11.38,759787
2008-11-17 19:00:00,11.37,11.55,11.2,11.43,627157
2008-11-17 19:30:00,11.43,11.49,11.19,11.3,229930
2008-11-17 20:00:00,11.29,11.31,11.1,11.17,127488
2008-11-17 20:30:00,11.18,11.26,11.04,11.2,138404
2008-11-17 21:00:00,11.2,11.21,10.92,10.94,199663
2008-11-17 21:30:00,10.95,11.14,10.95,10.99,365158
2008-11-17 22:00:00,10.99,11.15,10.96,11.01,366365
2008-11-17 22:30:00,11.02,11.05,10.78,10.82,765390
2008-11-18 16:30:00,11.24,11.37,10.89,11.2,479492
2008-11-18 17:00:00,11.17,11.38,10.96,11.34,187460
2008-11-18 17:30:00,11.34,11.35,10.99,11.01,212204
2008-11-18 18:00:00,11.01,11.12,10.9,11.1,222137
2008-11-18 18:30:00,11.1,11.23,11.08,11.22,150719
2008-11-18 19:00:00,11.21,11.27,11.06,11.08,93710
2008-11-18 19:30:00,11.07,11.12,10.94,11.04,134906
2008-11-18 20:00:00,11.03,11.05,10.87,10.94,198265
2008-11-18 20:30:00,10.94,10.97,10.62,10.93,258251
2008-11-18 21:00:00,10.91,10.95,10.76,10.89,280763
2008-11-18 21:30:00,10.88,10.96,10.71,10.88,413284
2008-11-18 22:00:00,10.88,11.11,10.75,10.9,538370
2008-11-18 22:30:00,10.9,11.18,10.78,11.15,839639
2008-11-19 16:30:00,11.15,11.2,10.81,11.01,407041
2008-11-19 17:00:00,11.02,11.21,10.86,10.93,241270
2008-11-19 17:30:00,10.91,10.95,10.53,10.61,186790
2008-11-19 18:00:00,10.62,10.77,10.46,10.5,191544
2008-11-19 18:30:00,10.51,10.63,10.33,10.55,293046
2008-11-19 19:00:00,10.55,10.62,10.48,10.57,219003
2008-11-19 19:30:00,10.57,10.63,10.5,10.6,157515
2008-11-19 20:00:00,10.6,10.77,10.51,10.51,159933
2008-11-19 20:30:00,10.51,10.67,10.41,10.56,387482
2008-11-19 21:00:00,10.55,10.62,10.43,10.43,247512
2008-11-19 21:30:00,10.42,10.78,10.28,10.68,390814
2008-11-19 22:00:00,10.7,10.7,10.08,10.2,441943
2008-11-19 22:30:00,10.21,10.3,9.72,9.85,1067403
2008-11-20 16:30:00,9.62,9.76,8.98,9.35,763565
2008-11-20 17:00:00,9.34,9.76,9.0,9.68,625142
2008-11-20 17:30:00,9.68,10.0,9.55,9.94,552345
2008-11-20 18:00:00,9.95,10.3,9.68,9.74,402436
2008-11-20 18:30:00,9.74,10.01,9.6,9.75,269477
2008-11-20 19:00:00,9.75,10.2,9.61,10.15,260101
2008-11-20 19:30:00,10.15,10.38,10.0,10.04,380171
2008-11-20 20:00:00,10.05,10.07,9.67,9.8,253054
2008-11-20 20:30:00,9.79,9.93,9.54,9.89,239831
2008-11-20 21:00:00,9.89,9.93,9.45,9.46,222649
2008-11-20 21:30:00,9.46,9.58,9.3,9.38,243396
2008-11-20 22:00:00,9.37,9.54,9.15,9.24,240071
2008-11-20 22:30:00,9.24,9.35,8.71,8.89,1255738
2008-11-21 16:30:00,8.92,9.5,8.91,8.94,466381
2008-11-21 17:00:00,8.94,9.24,8.67,8.79,369668
2008-11-21 17:30:00,8.78,8.93,8.56,8.61,262960
2008-11-21 18:00:00,8.63,8.96,8.5,8.94,291750
2008-11-21 18:30:00,8.94,9.16,8.7,8.73,377802
2008-11-21 19:00:00,8.72,9.08,8.67,9.08,232455
2008-11-21 19:30:00,9.09,9.21,8.8,8.8,298718
2008-11-21 20:00:00,8.81,8.92,8.77,8.86,199308
2008-11-21 20:30:00,8.85,8.87,8.47,8.47,269593
2008-11-21 21:00:00,8.48,8.87,8.4,8.65,198678
2008-11-21 21:30:00,8.66,8.67,8.35,8.41,307007
2008-11-21 22:00:00,8.42,8.96,8.42,8.92,574738
2008-11-21 22:30:00,8.91,9.37,8.85,9.33,1010916
2008-11-24 16:30:00,9.8,10.62,9.63,9.85,499768
2008-11-24 17:00:00,9.86,10.29,9.85,10.27,185254
2008-11-24 17:30:00,10.25,10.49,10.05,10.48,351009
2008-11-24 18:00:00,10.49,10.79,10.47,10.75,227978
2008-11-24 18:30:00,10.75,11.0,10.73,10.89,286392
2008-11-24 19:00:00,10.89,10.92,10.49,10.58,160757
2008-11-24 19:30:00,10.61,10.83,10.6,10.76,93452
2008-11-24 20:00:00,10.76,10.88,10.69,10.84,141260
2008-11-24 20:30:00,10.81,10.86,10.63,10.85,171137
2008-11-24 21:00:00,10.86,10.99,10.69,10.94,221858
2008-11-24 21:30:00,10.94,11.17,10.82,11.08,207913
2008-11-24 22:00:00,11.07,11.38,10.98,11.37,310160
2008-11-24 22:30:00,11.39,11.65,11.06,11.25,801462
2008-11-25 16:30:00,11.54,11.87,11.0,11.23,241785
2008-11-25 17:00:00,11.27,11.53,10.86,11.16,319185
2008-11-25 17:30:00,11.14,11.25,10.41,10.61,281021
2008-11-25 18:00:00,10.61,10.75,10.44,10.59,388196
2008-11-25 18:30:00,10.58,10.97,10.54,10.8,436346
2008-11-25 19:00:00,10.82,10.88,10.67,10.86,198228
2008-11-25 19:30:00,10.86,10.96,10.47,10.61,349389
2008-11-25 20:00:00,10.61,10.9,10.59,10.88,131426
2008-11-25 20:30:00,10.88,10.93,10.75,10.75,272367
2008-11-25 21:00:00,10.76,10.83,10.62,10.71,251897
2008-11-25 21:30:00,10.7,10.93,10.64,10.92,221408
2008-11-25 22:00:00,10.93,11.31,10.91,11.24,340284
2008-11-25 22:30:00,11.24,11.36,11.01,11.09,715752
2008-11-26 16:30:00,10.42,11.22,10.42,10.76,173930
2008-11-26 17:00:00,10.78,11.02,10.67,10.9,194863
2008-11-26 17:30:00,10.9,11.2,10.81,11.15,182860
2008-11-26 18:00:00,11.15,11.28,10.94,11.14,192442
2008-11-26 18:30:00,11.13,11.46,11.12,11.37,355226
2008-11-26 19:00:00,11.37,11.5,11.26,11.48,88981
2008-11-26 19:30:00,11.47,11.73,11.45,11.63,146071
2008-11-26 20:00:00,11.62,11.73,11.58,11.62,151013
2008-11-26 20:30:00,11.64,11.71,11.55,11.63,114796
2008-11-26 21:00:00,11.63,11.91,11.53,11.89,148193
2008-11-26 21:30:00,11.89,12.18,11.87,12.16,358566
2008-11-26 22:00:00,12.17,12.35,12.07,12.28,230080
2008-11-26 22:30:00,12.27,12.42,11.99,12.38,696670
2008-11-28 16:30:00,12.37,12.8,12.23,12.25,110885
2008-11-28 17:00:00,12.24,12.4,12.05,12.24,141621
2008-11-28 17:30:00,12.24,12.48,12.15,12.48,134028
2008-11-28 18:00:00,12.47,12.6,12.37,12.57,448005
2008-11-28 18:30:00,12.57,12.6,12.41,12.52,128434
2008-11-28 19:00:00,12.53,12.56,12.38,12.4,126267
2008-11-28 19:30:00,12.39,12.75,12.39,12.75,307802
2008-11-28 20:00:00,12.45,12.65,12.44,12.55,365954
2008-12-01 16:30:00,11.94,12.03,11.12,11.17,273085
2008-12-01 17:00:00,11.19,11.25,11.06,11.15,137842
2008-12-01 17:30:00,11.14,11.14,10.8,10.81,152811
2008-12-01 18:00:00,10.8,10.98,10.75,10.81,126453
2008-12-01 18:30:00,10.8,10.96,10.79,10.86,95408
2008-12-01 19:00:00,10.86,10.86,10.56,10.61,102447
2008-12-01 19:30:00,10.61,10.67,10.56,10.64,95778
2008-12-01 20:00:00,10.64,10.86,10.62,10.73,99878
2008-12-01 20:30:00,10.72,10.85,10.63,10.72,235251
2008-12-01 21:00:00,10.73,10.76,10.55,10.71,226694
2008-12-01 21:30:00,10.7,11.11,10.66,10.84,217529
2008-12-01 22:00:00,10.83,10.91,10.55,10.69,289930
2008-12-01 22:30:00,10.69,10.76,10.28,10.53,1985672
2008-12-02 16:30:00,11.05,11.09,10.35,10.43,679050
2008-12-02 17:00:00,10.42,10.9,10.29,10.77,473517
2008-12-02 17:30:00,10.78,10.84,10.65,10.74,248168
2008-12-02 18:00:00,10.74,10.82,10.54,10.78,454699
2008-12-02 18:30:00,10.77,11.11,10.73,11.0,102405
2008-12-02 19:00:00,11.02,11.25,10.99,11.21,117351
2008-12-02 19:30:00,11.21,11.27,10.94,11.01,76477
2008-12-02 20:00:00,11.01,11.01,10.82,10.85,151413
2008-12-02 20:30:00,10.85,10.85,10.45,10.51,207938
2008-12-02 21:00:00,10.51,10.62,10.37,10.47,337326
2008-12-02 21:30:00,10.47,10.95,10.46,10.92,182346
2008-12-02 22:00:00,10.92,11.37,10.63,11.2,334062
2008-12-02 22:30:00,11.2,11.48,10.99,11.4,990760
2008-12-03 16:30:00,10.89,11.25,10.59,10.97,276169
2008-12-03 17:00:00,10.96,11.34,10.83,11.29,187858
2008-12-03 17:30:00,11.3,11.61,11.28,11.53,229289
2008-12-03 18:00:00,11.54,11.79,11.4,11.41,158943
2008-12-03 18:30:00,11.41,11.7,11.36,11.6,110045
2008-12-03 19:00:00,11.6,11.6,11.07,11.2,211676
2008-12-03 19:30:00,11.21,11.38,11.21,11.29,133444
2008-12-03 20:00:00,11.29,11.31,11.02,11.03,107675
2008-12-03 20:30:00,11.02,11.04,10.86,11.02,126916
2008-12-03 21:00:00,11.02,11.52,10.96,11.43,229774
2008-12-03 21:30:00,11.44,11.61,11.42,11.42,265503
2008-12-03 22:00:00,11.45,11.58,11.3,11.51,260726
2008-12-03 22:30:00,11.53,11.99,11.44,11.89,610589
2008-12-04 16:30:00,11.3,11.58,10.63,11.39,700945
2008-12-04 17:00:00,11.38,11.67,11.15,11.37,347206
2008-12-04 17:30:00,11.39,11.83,11.37,11.73,324350
2008-12-04 18:00:00,11.72,12.13,11.68,12.08,262475
2008-12-04 18:30:00,12.08,12.18,11.92,12.1,256224
2008-12-04 19:00:00,12.1,12.11,11.7,11.9,151696
2008-12-04 19:30:00,11.91,11.99,11.87,11.94,154973
2008-12-04 20:00:00,11.95,12.05,11.86,11.86,290757
2008-12-04 20:30:00,11.85,12.24,11.83,12.13,142884
2008-12-04 21:00:00,12.12,12.45,12.12,12.34,198349
2008-12-04 21:30:00,12.34,12.53,12.07,12.07,375290
2008-12-04 22:00:00,12.07,12.08,11.38,11.44,487123
2008-12-04 22:30:00,11.43,11.77,11.24,11.51,772552
2008-12-05 16:30:00,11.13,11.55,11.01,11.11,200231
2008-12-05 17:00:00,11.09,11.22,10.85,10.96,158497
2008-12-05 17:30:00,10.96,11.21,10.88,11.11,209158
2008-12-05 18:00:00,11.11,11.24,10.95,10.97,106422
2008-12-05 18:30:00,10.97,11.22,10.91,11.12,120145
2008-12-05 19:00:00,11.12,11.5,11.12,11.47,198762
2008-12-05 19:30:00,11.46,11.5,11.15,11.19,265199
2008-12-05 20:00:00,11.19,11.55,11.19,11.39,149550
2008-12-05 20:30:00,11.38,11.77,11.38,11.6,165673
2008-12-05 21:00:00,11.61,11.73,11.46,11.64,262666
2008-12-05 21:30:00,11.66,12.17,11.6,12.13,282694
2008-12-05 22:00:00,12.13,12.24,11.95,12.02,360575
2008-12-05 22:30:00,12.03,12.5,11.98,12.5,1220309
2008-12-08 16:30:00,12.8,13.46,12.62,12.75,326408
2008-12-08 17:00:00,12.77,13.1,12.55,12.91,215351
2008-12-08 17:30:00,12.92,13.1,12.83,13.0,281457
2008-12-08 18:00:00,13.02,13.19,12.97,13.1,82476
2008-12-08 18:30:00,13.11,13.37,13.11,13.19,289268
2008-12-08 19:00:00,13.2,13.24,12.96,13.05,270218
2008-12-08 19:30:00,13.05,13.11,12.95,13.08,161207
2008-12-08 20:00:00,13.07,13.31,13.06,13.25,112794
2008-12-08 20:30:00,13.25,13.31,13.06,13.28,216811
2008-12-08 21:00:00,13.3,13.66,13.22,13.55,239275
2008-12-08 21:30:00,13.53,14.04,13.49,13.75,389806
2008-12-08 22:00:00,13.75,14.14,13.59,13.8,371760
2008-12-08 22:30:00,13.8,13.87,13.37,13.4,1068386
2008-12-09 16:30:00,13.7,13.7,12.49,12.72,273936
2008-12-09 17:00:00,12.75,13.52,12.74,13.44,363523
2008-12-09 17:30:00,13.43,13.63,13.36,13.48,332653
2008-12-09 18:00:00,13.47,13.54,13.01,13.01,316545
2008-12-09 18:30:00,13.02,13.37,13.02,13.24,146118
2008-12-09 19:00:00,13.23,13.29,13.02,13.13,545029
2008-12-09 19:30:00,13.14,13.43,12.85,12.93,205361
2008-12-09 20:00:00,12.93,13.01,12.76,12.89,201700
2008-12-09 20:30:00,12.88,13.1,12.64,12.68,177277
2008-12-09 21:00:00,12.68,12.88,12.28,12.38,222212
2008-12-09 21:30:00,12.4,12.75,12.31,12.68,244309
2008-12-09 22:00:00,12.67,12.9,12.48,12.51,467705
2008-12-09 22:30:00,12.48,12.7,12.07,12.11,953607
2008-12-10 16:30:00,12.57,12.73,12.1,12.19,233830
2008-12-10 17:00:00,12.2,12.77,12.2,12.66,250370
2008-12-10 17:30:00,12.65,12.73,12.37,12.5,199771
2008-12-10 18:00:00,12.5,12.86,12.49,12.73,199290
2008-12-10 18:30:00,12.74,13.0,12.71,12.95,134766
2008-12-10 19:00:00,12.95,12.96,12.53,12.55,196798
2008-12-10 19:30:00,12.54,12.63,12.41,12.44,128077
2008-12-10 20:00:00,12.42,12.8,12.39,12.58,112134
2008-12-10 20:30:00,12.57,12.64,12.23,12.28,167383
2008-12-10 21:00:00,12.28,12.38,12.12,12.21,182512
2008-12-10 21:30:00,12.22,12.49,12.15,12.41,233034
2008-12-10 22:00:00,12.41,12.63,12.33,12.57,397688
2008-12-10 22:30:00,12.58,12.85,12.37,12.72,530844
2008-12-11 16:30:00,12.62,12.95,12.2,12.81,207873
2008-12-11 17:00:00,12.82,13.21,12.6,13.14,193901
2008-12-11 17:30:00,13.1,13.19,12.95,12.96,233751
2008-12-11 18:00:00,12.96,12.96,12.51,12.52,282175
2008-12-11 18:30:00,12.53,12.71,12.41,12.69,181668
2008-12-11 19:00:00,12.69,12.81,12.64,12.72,125149
2008-12-11 19:30:00,12.72,12.91,12.71,12.8,205178
2008-12-11 20:00:00,12.8,12.83,12.57,12.72,156448
2008-12-11 20:30:00,12.74,12.84,12.68,12.74,319029
2008-12-11 21:00:00,12.74,12.8,12.55,12.65,231326
2008-12-11 21:30:00,12.64,12.77,12.45,12.49,329265
2008-12-11 22:00:00,12.49,12.58,12.28,12.34,534005
2008-12-11 22:30:00,12.34,12.37,11.88,11.96,808544
2008-12-12 16:30:00,11.5,11.9,11.05,11.56,333197
2008-12-12 17:00:00,11.56,11.86,11.49,11.6,382057
2008-12-12 17:30:00,11.6,12.08,11.41,12.06,312169
2008-12-12 18:00:00,12.06,12.11,11.77,11.77,195545
2008-12-12 18:30:00,11.8,11.86,11.7,11.78,177471
2008-12-12 19:00:00,11.78,12.11,11.78,11.93,369429
2008-12-12 19:30:00,11.92,12.11,11.83,12.02,161100
2008-12-12 20:00:00,12.02,12.05,11.88,11.96,169101
2008-12-12 20:30:00,11.95,11.96,11.7,11.73,661113
2008-12-12 21:00:00,11.74,12.0,11.58,11.67,323947
2008-12-12 21:30:00,11.68,11.81,11.48,11.68,557087
2008-12-12 22:00:00,11.69,11.76,11.51,11.61,460347
2008-12-12 22:30:00,11.62,11.79,11.49,11.75,795142
2008-12-15 16:30:00,11.92,12.02,11.51,11.55,171151
2008-12-15 17:00:00,11.55,11.57,11.24,11.31,139347
2008-12-15 17:30:00,11.32,11.41,11.15,11.18,130584
2008-12-15 18:00:00,11.17,11.31,11.13,11.25,154186
2008-12-15 18:30:00,11.25,11.34,11.23,11.24,98424
2008-12-15 19:00:00,11.24,11.6,11.2,11.56,145206
2008-12-15 19:30:00,11.55,11.58,11.44,11.56,102726
2008-12-15 20:00:00,11.56,11.6,11.41,11.56,122710
2008-12-15 20:30:00,11.57,11.62,11.52,11.59,178445
2008-12-15 21:00:00,11.59,11.63,11.44,11.45,200189
2008-12-15 21:30:00,11.46,11.51,11.31,11.32,89211
2008-12-15 22:00:00,11.32,11.36,11.2,11.22,251111
2008-12-15 22:30:00,11.21,11.49,11.18,11.39,614648
2008-12-16 16:30:00,11.65,11.87,11.49,11.72,385220
2008-12-16 17:00:00,11.72,11.83,11.49,11.64,240330
2008-12-16 17:30:00,11.64,11.67,11.55,11.6,211244
2008-12-16 18:00:00,11.6,11.7,11.57,11.7,110621
2008-12-16 18:30:00,11.7,11.75,11.63,11.69,103148
2008-12-16 19:00:00,11.69,11.71,11.62,11.68,49924
2008-12-16 19:30:00,11.69,11.7,11.58,11.61,77044
2008-12-16 20:00:00,11.6,11.65,11.54,11.6,86425
2008-12-16 20:30:00,11.6,11.69,11.55,11.57,145010
2008-12-16 21:00:00,11.58,11.9,11.52,11.66,201250
2008-12-16 21:30:00,11.66,12.28,11.66,12.21,512960
2008-12-16 22:00:00,12.21,12.82,12.09,12.53,623912
2008-12-16 22:30:00,12.52,13.62,12.44,13.4,1388848
2008-12-17 16:30:00,12.84,13.15,12.61,13.11,312623
2008-12-17 17:00:00,13.09,13.12,12.75,12.87,228915
2008-12-17 17:30:00,12.87,13.0,12.75,12.96,251638
2008-12-17 18:00:00,12.96,13.02,12.65,12.69,225686
2008-12-17 18:30:00,12.68,13.01,12.64,13.01,228927
2008-12-17 19:00:00,13.01,13.29,12.98,13.13,269378
2008-12-17 19:30:00,13.12,13.41,13.07,13.34,211585
2008-12-17 20:00:00,13.35,13.45,13.23,13.35,220216
2008-12-17 20:30:00,13.36,13.65,13.35,13.39,298765
2008-12-17 21:00:00,13.39,13.7,13.27,13.29,239436
2008-12-17 21:30:00,13.28,13.43,13.07,13.32,260881
2008-12-17 22:00:00,13.34,13.43,13.17,13.3,297043
2008-12-17 22:30:00,13.29,13.39,13.11,13.16,539449
2008-12-18 16:30:00,13.22,13.41,12.83,12.9,141118
2008-12-18 17:00:00,12.91,13.06,12.83,12.94,150948
2008-12-18 17:30:00,12.94,13.04,12.92,12.99,157488
2008-12-18 18:00:00,12.99,13.05,12.82,12.91,169106
2008-12-18 18:30:00,12.92,13.1,12.91,13.1,111694
2008-12-18 19:00:00,13.09,13.12,12.92,12.94,115322
2008-12-18 19:30:00,12.93,13.02,12.84,12.93,78398
2008-12-18 20:00:00,12.92,12.97,12.87,12.89,101316
2008-12-18 20:30:00,12.88,12.95,12.69,12.7,186716
2008-12-18 21:00:00,12.71,12.83,12.42,12.51,201049
2008-12-18 21:30:00,12.51,12.67,12.4,12.62,282448
2008-12-18 22:00:00,12.62,12.72,12.4,12.6,470699
2008-12-18 22:30:00,12.6,12.78,12.47,12.53,907504
2008-12-19 16:30:00,12.93,13.2,12.62,12.84,1236406
2008-12-19 17:00:00,12.84,13.27,12.78,13.27,296012
2008-12-19 17:30:00,13.27,13.35,13.05,13.07,185242
2008-12-19 18:00:00,13.08,13.15,12.95,13.08,262000
2008-12-19 18:30:00,13.1,13.12,12.83,12.92,170325
2008-12-19 19:00:00,12.91,13.0,12.82,12.99,231238
2008-12-19 19:30:00,12.98,13.01,12.86,12.97,141087
2008-12-19 20:00:00,12.98,13.22,12.98,13.18,144210
2008-12-19 20:30:00,13.18,13.25,13.07,13.1,155508
2008-12-19 21:00:00,13.12,13.2,13.03,13.12,217102
2008-12-19 21:30:00,13.12,13.22,13.09,13.2,172392
2008-12-19 22:00:00,13.19,13.26,13.03,13.2,352290
2008-12-19 22:30:00,13.2,13.28,13.08,13.1,554581
2008-12-22 16:30:00,13.18,13.23,12.77,12.98,154535
2008-12-22 17:00:00,12.94,12.99,12.85,12.94,131096
2008-12-22 17:30:00,12.95,13.02,12.92,13.01,83456
2008-12-22 18:00:00,13.0,13.04,12.92,12.93,127980
2008-12-22 18:30:00,12.93,13.07,12.82,13.02,112551
2008-12-22 19:00:00,13.02,13.06,12.92,12.99,153172
2008-12-22 19:30:00,13.0,13.15,12.96,13.08,159153
2008-12-22 20:00:00,13.09,13.19,13.05,13.13,116961
2008-12-22 20:30:00,13.15,13.17,12.98,13.06,164802
2008-12-22 21:00:00,13.06,13.2,13.01,13.11,343488
2008-12-22 21:30:00,13.1,13.11,12.9,12.94,550241
2008-12-22 22:00:00,12.94,12.98,12.8,12.85,394714
2008-12-22 22:30:00,12.86,13.18,12.86,13.11,645380
2008-12-23 16:30:00,13.15,13.23,12.84,12.94,191058
2008-12-23 17:00:00,12.93,12.93,12.65,12.92,176456
2008-12-23 17:30:00,12.92,13.04,12.9,12.99,96360
2008-12-23 18:00:00,12.99,13.02,12.76,12.79,199956
2008-12-23 18:30:00,12.79,13.1,12.78,12.93,138678
2008-12-23 19:00:00,12.93,13.09,12.89,13.03,156137
2008-12-23 19:30:00,13.03,13.17,12.95,13.11,151415
2008-12-23 20:00:00,13.11,13.16,13.01,13.08,131816
2008-12-23 20:30:00,13.1,13.2,13.02,13.1,96802
2008-12-23 21:00:00,13.1,13.12,12.96,13.01,114980
2008-12-23 21:30:00,13.01,13.06,12.88,12.94,208564
2008-12-23 22:00:00,12.94,13.05,12.82,12.94,189034
2008-12-23 22:30:00,12.94,13.0,12.86,12.9,303723
2008-12-24 16:30:00,13.03,13.09,12.77,12.79,97682
2008-12-24 17:00:00,12.79,13.08,12.74,12.97,83710
2008-12-24 17:30:00,12.95,13.2,12.94,13.11,95874
2008-12-24 18:00:00,13.1,13.19,12.92,12.93,56261
2008-12-24 18:30:00,12.92,13.07,12.92,13.07,46970
2008-12-24 19:00:00,13.05,13.05,12.95,12.99,48900
2008-12-24 19:30:00,13.0,13.15,12.96,13.14,125577
2008-12-24 20:00:00,13.14,13.16,13.04,13.04,62392
2008-12-26 16:30:00,13.22,13.22,12.94,13.14,79112
2008-12-26 17:00:00,13.13,13.31,13.09,13.24,103803
2008-12-26 17:30:00,13.24,13.25,12.88,12.9,119503
2008-12-26 18:00:00,12.9,12.9,12.75,12.78,87292
2008-12-26 18:30:00,12.8,12.88,12.8,12.87,40308
2008-12-26 19:00:00,12.88,12.95,12.84,12.84,52797
2008-12-26 19:30:00,12.85,12.86,12.77,12.82,54577
2008-12-26 20:00:00,12.81,12.88,12.75,12.84,74132
2008-12-26 20:30:00,12.84,12.89,12.82,12.85,41765
2008-12-26 21:00:00,12.84,12.9,12.82,12.85,54742
2008-12-26 21:30:00,12.86,12.87,12.84,12.87,42671
2008-12-26 22:00:00,12.87,13.01,12.85,13.01,54604
2008-12-26 22:30:00,13.01,13.1,12.95,13.09,156821
2008-12-29 16:30:00,13.09,13.12,12.8,12.84,81853
2008-12-29 17:00:00,12.81,12.87,12.65,12.71,106850
2008-12-29 17:30:00,12.71,12.75,12.58,12.6,98640
2008-12-29 18:00:00,12.59,12.6,12.49,12.51,60960
2008-12-29 18:30:00,12.51,12.64,12.51,12.57,81077
2008-12-29 19:00:00,12.57,12.61,12.53,12.55,49150
2008-12-29 19:30:00,12.55,12.7,12.55,12.55,135278
2008-12-29 20:00:00,12.55,12.64,12.51,12.61,100162
2008-12-29 20:30:00,12.61,12.76,12.61,12.72,65778
2008-12-29 21:00:00,12.73,12.84,12.67,12.81,142497
2008-12-29 21:30:00,12.82,12.82,12.68,12.76,79113
2008-12-29 22:00:00,12.77,12.96,12.77,12.87,142229
2008-12-29 22:30:00,12.87,12.95,12.83,12.87,247635
2008-12-30 16:30:00,13.0,13.16,12.88,13.09,65071
2008-12-30 17:00:00,13.09,13.15,13.0,13.14,114299
2008-12-30 17:30:00,13.13,13.25,13.13,13.15,89541
2008-12-30 18:00:00,13.17,13.37,13.17,13.35,93223
2008-12-30 18:30:00,13.35,13.52,13.35,13.5,66803
2008-12-30 19:00:00,13.5,13.54,13.42,13.51,108634
2008-12-30 19:30:00,13.5,13.58,13.35,13.45,106665
2008-12-30 20:00:00,13.44,13.46,13.34,13.42,77804
2008-12-30 20:30:00,13.42,13.51,13.39,13.45,55701
2008-12-30 21:00:00,13.45,13.6,13.39,13.57,109058
2008-12-30 21:30:00,13.58,13.6,13.53,13.54,170550
2008-12-30 22:00:00,13.55,13.57,13.46,13.56,102365
2008-12-30 22:30:00,13.55,13.92,13.53,13.84,467137
2008-12-31 16:30:00,13.91,14.3,13.78,14.2,136189
2008-12-31 17:00:00,14.2,14.26,14.09,14.17,93430
2008-12-31 17:30:00,14.17,14.21,14.16,14.17,132070
2008-12-31 18:00:00,14.18,14.22,14.17,14.2,129383
2008-12-31 18:30:00,14.19,14.22,14.12,14.14,111432
2008-12-31 19:00:00,14.14,14.2,14.09,14.11,80072
2008-12-31 19:30:00,14.1,14.12,14.02,14.02,74888
2008-12-31 20:00:00,14.02,14.03,13.9,13.93,114319
2008-12-31 20:30:00,13.93,14.21,13.91,14.18,116066
2008-12-31 21:00:00,14.18,14.29,14.17,14.28,141155
2008-12-31 21:30:00,14.28,14.42,14.28,14.42,111549
2008-12-31 22:00:00,14.42,14.51,14.32,14.41,145910
2008-12-31 22:30:00,14.42,14.58,14.33,14.45,453344
2009-01-02 16:30:00,14.5,14.5,13.96,13.98,84100
2009-01-02 17:00:00,13.98,14.43,13.92,14.43,111107
2009-01-02 17:30:00,14.43,14.64,14.42,14.58,144994
2009-01-02 18:00:00,14.58,14.61,14.38,14.54,159881
2009-01-02 18:30:00,14.54,14.73,14.48,14.69,138898
2009-01-02 19:00:00,14.69,14.79,14.68,14.7,74557
2009-01-02 19:30:00,14.71,14.87,14.7,14.76,91332
2009-01-02 20:00:00,14.75,15.0,14.75,15.0,116064
2009-01-02 20:30:00,15.0,15.0,14.92,14.99,129955
2009-01-02 21:00:00,14.99,14.99,14.88,14.98,173163
2009-01-02 21:30:00,14.98,15.01,14.88,15.0,277292
2009-01-02 22:00:00,14.99,15.0,14.89,15.0,306701
2009-01-02 22:30:00,15.0,15.0,14.9,14.92,543509
2009-01-05 16:30:00,14.74,14.85,14.4,14.4,178957
2009-01-05 17:00:00,14.41,14.97,14.4,14.86,255939
2009-01-05 17:30:00,14.87,14.99,14.82,14.83,254951
2009-01-05 18:00:00,14.84,14.89,14.54,14.57,302608
2009-01-05 18:30:00,14.57,14.62,14.47,14.47,209928
2009-01-05 19:00:00,14.48,14.73,14.44,14.69,187242
2009-01-05 19:30:00,14.68,14.79,14.65,14.75,137598
2009-01-05 20:00:00,14.75,14.82,14.72,14.73,313766
2009-01-05 20:30:00,14.73,14.75,14.62,14.69,221861
2009-01-05 21:00:00,14.69,14.72,14.5,14.5,201776
2009-01-05 21:30:00,14.5,14.52,14.26,14.34,215365
2009-01-05 22:00:00,14.35,14.43,14.12,14.15,382152
2009-01-05 22:30:00,14.14,14.25,14.02,14.18,853284
2009-01-06 16:30:00,14.33,14.96,14.24,14.95,250795
2009-01-06 17:00:00,14.95,15.0,14.56,14.59,276925
2009-01-06 17:30:00,14.58,14.78,14.53,14.73,182655
2009-01-06 18:00:00,14.74,14.79,14.57,14.78,187950
2009-01-06 18:30:00,14.78,14.87,14.75,14.85,106740
2009-01-06 19:00:00,14.84,14.95,14.79,14.82,107825
2009-01-06 19:30:00,14.82,15.0,14.8,14.85,248428
2009-01-06 20:00:00,14.85,14.92,14.68,14.68,255801
2009-01-06 20:30:00,14.68,14.8,14.62,14.74,192208
2009-01-06 21:00:00,14.74,14.99,14.62,14.89,265808
2009-01-06 21:30:00,14.89,14.9,14.7,14.84,323612
2009-01-06 22:00:00,14.83,14.86,14.52,14.55,351772
2009-01-06 22:30:00,14.55,14.8,14.51,14.73,725357
2009-01-07 16:30:00,14.23,14.45,13.89,14.44,264073
2009-01-07 17:00:00,14.44,14.52,14.04,14.22,269195
2009-01-07 17:30:00,14.2,14.2,13.91,14.01,122595
2009-01-07 18:00:00,14.01,14.14,13.97,14.14,155070
2009-01-07 18:30:00,14.11,14.33,14.09,14.22,124259
2009-01-07 19:00:00,14.22,14.32,14.15,14.25,208384
2009-01-07 19:30:00,14.25,14.31,14.24,14.26,154318
2009-01-07 20:00:00,14.29,14.46,14.25,14.45,251927
2009-01-07 20:30:00,14.45,14.51,14.31,14.36,225590
2009-01-07 21:00:00,14.36,14.46,14.3,14.38,319378
2009-01-07 21:30:00,14.38,14.42,14.15,14.15,234593
2009-01-07 22:00:00,14.15,14.19,13.9,13.92,285325
2009-01-07 22:30:00,13.92,14.03,13.71,13.79,546722
2009-01-08 16:30:00,13.64,13.77,13.36,13.45,174060
2009-01-08 17:00:00,13.45,13.71,13.42,13.65,154111
2009-01-08 17:30:00,13.63,13.94,13.61,13.75,167827
2009-01-08 18:00:00,13.75,13.85,13.37,13.37,209720
2009-01-08 18:30:00,13.36,13.4,13.18,13.24,223222
2009-01-08 19:00:00,13.25,13.42,13.21,13.37,203072
2009-01-08 19:30:00,13.37,13.46,13.26,13.27,117427
2009-01-08 20:00:00,13.27,13.28,13.14,13.15,156941
2009-01-08 20:30:00,13.16,13.33,13.13,13.24,154507
2009-01-08 21:00:00,13.26,13.44,13.24,13.31,212800
2009-01-08 21:30:00,13.31,13.46,13.23,13.44,288873
2009-01-08 22:00:00,13.44,13.56,13.42,13.54,520935
2009-01-08 22:30:00,13.55,13.65,13.47,13.65,672690
2009-01-09 16:30:00,13.63,13.75,13.33,13.5,254984
2009-01-09 17:00:00,13.49,13.58,13.44,13.47,199983
2009-01-09 17:30:00,13.47,13.49,13.33,13.45,149748
2009-01-09 18:00:00,13.44,13.51,13.27,13.47,181530
2009-01-09 18:30:00,13.47,13.51,13.35,13.46,165343
2009-01-09 19:00:00,13.47,13.64,13.45,13.56,91246
2009-01-09 19:30:00,13.56,13.66,13.54,13.6,85021
2009-01-09 20:00:00,13.6,13.7,13.45,13.61,152146
2009-01-09 20:30:00,13.61,13.68,13.53,13.57,97150
2009-01-09 21:00:00,13.58,13.9,13.58,13.84,199706
2009-01-09 21:30:00,13.84,14.01,13.84,14.0,304115
2009-01-09 22:00:00,14.0,14.05,13.79,13.92,547177
2009-01-09 22:30:00,13.92,13.97,13.43,13.53,787164
2009-01-12 16:30:00,13.5,13.59,13.09,13.49,320772
2009-01-12 17:00:00,13.49,13.75,13.42,13.66,240278
2009-01-12 17:30:00,13.65,13.67,13.49,13.51,168478
2009-01-12 18:00:00,13.52,13.56,13.41,13.43,128745
2009-01-12 18:30:00,13.43,13.46,13.21,13.31,224926
2009-01-12 19:00:00,13.29,13.35,13.25,13.28,77010
2009-01-12 19:30:00,13.28,13.3,12.97,12.98,166394
2009-01-12 20:00:00,12.98,13.09,12.9,12.98,193898
2009-01-12 20:30:00,12.98,13.19,12.98,13.06,187570
2009-01-12 21:00:00,13.06,13.08,12.97,13.04,228013
2009-01-12 21:30:00,13.02,13.1,12.94,12.98,228897
2009-01-12 22:00:00,12.98,13.05,12.89,12.95,336458
2009-01-12 22:30:00,12.95,13.17,12.88,13.11,985363
2009-01-13 16:30:00,12.86,13.28,12.83,13.13,347881
2009-01-13 17:00:00,13.13,13.17,12.81,12.94,393784
2009-01-13 17:30:00,12.94,13.1,12.84,13.07,317686
2009-01-13 18:00:00,13.07,13.39,13.04,13.22,272785
2009-01-13 18:30:00,13.22,13.37,13.14,13.33,206023
2009-01-13 19:00:00,13.33,13.38,13.19,13.27,253169
2009-01-13 19:30:00,13.27,13.39,13.25,13.25,182528
2009-01-13 20:00:00,13.25,13.34,12.94,13.01,194912
2009-01-13 20:30:00,13.0,13.0,12.65,12.75,176823
2009-01-13 21:00:00,12.74,13.06,12.74,12.95,154021
2009-01-13 21:30:00,12.96,13.38,12.95,13.12,202509
2009-01-13 22:00:00,13.11,13.22,12.94,13.18,307435
2009-01-13 22:30:00,13.19,13.25,13.0,13.14,431422
2009-01-14 16:30:00,12.66,13.01,12.34,12.43,259413
2009-01-14 17:00:00,12.4,12.46,12.05,12.26,243998
2009-01-14 17:30:00,12.26,12.26,12.04,12.14,237717
2009-01-14 18:00:00,12.13,12.16,11.88,12.08,274009
2009-01-14 18:30:00,12.07,12.27,12.05,12.16,195824
2009-01-14 19:00:00,12.17,12.3,12.1,12.3,203370
2009-01-14 19:30:00,12.31,12.49,12.31,12.48,290454
2009-01-14 20:00:00,12.48,12.56,12.32,12.41,244291
2009-01-14 20:30:00,12.41,12.47,12.3,12.31,93858
2009-01-14 21:00:00,12.31,12.4,12.22,12.3,293216
2009-01-14 21:30:00,12.3,12.64,12.29,12.54,440581
2009-01-14 22:00:00,12.53,12.55,12.27,12.4,473872
2009-01-14 22:30:00,12.39,12.47,12.14,12.3,838783
2009-01-15 16:30:00,12.17,12.4,12.03,12.35,308754
2009-01-15 17:00:00,12.34,12.39,11.8,11.84,670051
2009-01-15 17:30:00,11.84,12.09,11.7,12.01,631560
2009-01-15 18:00:00,12.01,12.43,12.0,12.36,324590
2009-01-15 18:30:00,12.35,12.38,12.15,12.19,227024
2009-01-15 19:00:00,12.19,12.24,11.93,12.01,201333
2009-01-15 19:30:00,12.01,12.12,11.9,12.06,190992
2009-01-15 20:00:00,12.06,12.12,11.95,12.1,160696
2009-01-15 20:30:00,12.09,12.65,12.08,12.59,228682
2009-01-15 21:00:00,12.6,13.03,12.5,12.95,388460
2009-01-15 21:30:00,12.97,13.28,12.83,12.88,349486
2009-01-15 22:00:00,12.86,13.0,12.52,12.56,395099
2009-01-15 22:30:00,12.56,12.56,12.1,12.51,1089340
2009-01-16 16:30:00,12.76,13.16,12.65,12.93,407147
2009-01-16 17:00:00,12.9,13.05,12.73,12.89,164393
2009-01-16 17:30:00,12.89,12.97,12.53,12.6,206120
2009-01-16 18:00:00,12.58,12.6,12.38,12.57,413313
2009-01-16 18:30:00,12.57,12.62,12.11,12.16,357103
2009-01-16 19:00:00,12.16,12.22,11.79,11.93,359708
2009-01-16 19:30:00,11.94,12.28,11.93,12.18,223972
2009-01-16 20:00:00,12.18,12.31,11.89,11.97,366888
2009-01-16 20:30:00,11.97,12.29,11.97,12.25,254575
2009-01-16 21:00:00,12.26,12.51,12.21,12.42,421313
2009-01-16 21:30:00,12.41,12.5,12.28,12.48,356282
2009-01-16 22:00:00,12.48,12.6,12.31,12.31,249283
2009-01-16 22:30:00,12.31,12.43,12.13,12.37,568116
2009-01-20 16:30:00,11.72,12.71,11.54,11.72,363014
2009-01-20 17:00:00,11.73,11.97,11.5,11.93,226947
2009-01-20 17:30:00,11.94,11.94,11.64,11.7,193395
2009-01-20 18:00:00,11.7,11.77,11.5,11.57,277624
2009-01-20 18:30:00,11.58,11.98,11.57,11.82,196617
2009-01-20 19:00:00,11.82,11.99,11.67,11.73,145688
2009-01-20 19:30:00,11.73,11.95,11.71,11.76,130535
2009-01-20 20:00:00,11.75,11.92,11.72,11.88,232213
2009-01-20 20:30:00,11.87,11.89,11.65,11.66,173735
2009-01-20 21:00:00,11.65,11.76,11.49,11.63,217993
2009-01-20 21:30:00,11.62,11.71,11.42,11.51,229561
2009-01-20 22:00:00,11.5,11.54,11.18,11.42,372659
2009-01-20 22:30:00,11.41,11.47,11.0,11.1,1044433
2009-01-21 16:30:00,11.5,11.81,11.42,11.77,217697
2009-01-21 17:00:00,11.79,11.8,11.22,11.24,269563
2009-01-21 17:30:00,11.23,11.33,10.89,10.9,422579
2009-01-21 18:00:00,10.91,11.05,10.74,11.02,409213
2009-01-21 18:30:00,11.02,11.2,11.01,11.06,183296
2009-01-21 19:00:00,11.07,11.13,10.95,11.0,319862
2009-01-21 19:30:00,11.01,11.03,10.65,10.89,309039
2009-01-21 20:00:00,10.9,11.0,10.79,10.81,146318
2009-01-21 20:30:00,10.81,11.0,10.8,10.98,163878
2009-01-21 21:00:00,10.99,11.12,10.91,11.11,270957
2009-01-21 21:30:00,11.11,11.36,11.07,11.26,453472
2009-01-21 22:00:00,11.26,11.38,11.14,11.14,1030169
2009-01-21 22:30:00,11.16,11.64,11.12,11.56,1475099
2009-01-22 16:30:00,11.11,11.32,10.78,10.91,192805
2009-01-22 17:00:00,10.9,11.07,10.83,10.96,194467
2009-01-22 17:30:00,10.95,11.06,10.74,10.95,320726
2009-01-22 18:00:00,10.95,11.24,10.88,11.13,285005
2009-01-22 18:30:00,11.12,11.12,10.94,10.97,186129
2009-01-22 19:00:00,10.96,11.2,10.94,11.19,247446
2009-01-22 19:30:00,11.19,11.46,11.14,11.27,172625
2009-01-22 20:00:00,11.28,11.43,11.16,11.26,137988
2009-01-22 20:30:00,11.25,11.6,11.21,11.6,175131
2009-01-22 21:00:00,11.61,11.93,11.54,11.84,304881
2009-01-22 21:30:00,11.83,11.87,11.42,11.65,412568
2009-01-22 22:00:00,11.63,11.65,11.15,11.3,506111
2009-01-22 22:30:00,11.31,11.57,11.12,11.19,657984
2009-01-23 16:30:00,10.85,10.95,10.41,10.84,294364
2009-01-23 17:00:00,10.84,11.08,10.84,10.97,145367
2009-01-23 17:30:00,10.98,11.04,10.84,11.02,124643
2009-01-23 18:00:00,11.02,11.55,11.01,11.39,234421
2009-01-23 18:30:00,11.38,11.41,11.06,11.1,178023
2009-01-23 19:00:00,11.1,11.37,11.06,11.32,172201
2009-01-23 19:30:00,11.31,11.36,11.13,11.29,512903
2009-01-23 20:00:00,11.29,11.61,11.23,11.45,177292
2009-01-23 20:30:00,11.45,11.74,11.45,11.74,133823
2009-01-23 21:00:00,11.76,12.01,11.65,11.89,214698
2009-01-23 21:30:00,11.89,12.03,11.59,11.67,561490
2009-01-23 22:00:00,11.66,11.88,11.6,11.74,353362
2009-01-23 22:30:00,11.72,11.97,11.67,11.88,469307
2009-01-26 16:30:00,12.27,12.33,11.61,11.96,323828
2009-01-26 17:00:00,11.95,12.45,11.94,12.24,492663
2009-01-26 17:30:00,12.23,12.26,11.96,12.03,215083
2009-01-26 18:00:00,12.03,12.07,11.95,12.01,149181
2009-01-26 18:30:00,12.01,12.05,11.88,11.94,99164
2009-01-26 19:00:00,11.94,11.99,11.84,11.93,108571
2009-01-26 19:30:00,11.94,11.97,11.81,11.88,219786
2009-01-26 20:00:00,11.88,11.96,11.75,11.78,201746
2009-01-26 20:30:00,11.79,11.79,11.28,11.34,337954
2009-01-26 21:00:00,11.34,11.37,11.14,11.32,362786
2009-01-26 21:30:00,11.33,11.54,11.3,11.52,258711
2009-01-26 22:00:00,11.52,11.76,11.52,11.69,285049
2009-01-26 22:30:00,11.7,11.74,11.42,11.45,556959
2009-01-27 16:30:00,11.73,11.79,11.45,11.63,158844
2009-01-27 17:00:00,11.63,11.64,11.3,11.47,282105
2009-01-27 17:30:00,11.47,11.51,11.33,11.51,153362
2009-01-27 18:00:00,11.5,11.69,11.45,11.67,119956
2009-01-27 18:30:00,11.68,11.7,11.56,11.61,165468
2009-01-27 19:00:00,11.62,11.78,11.56,11.76,199127
2009-01-27 19:30:00,11.73,11.77,11.65,11.7,127699
2009-01-27 20:00:00,11.71,11.73,11.59,11.64,172990
2009-01-27 20:30:00,11.65,11.71,11.57,11.59,163917
2009-01-27 21:00:00,11.58,11.63,11.49,11.5,288058
2009-01-27 21:30:00,11.49,11.65,11.47,11.57,237414
2009-01-27 22:00:00,11.58,11.61,11.44,11.58,387316
2009-01-27 22:30:00,11.58,11.58,11.44,11.51,546117
2009-01-28 16:30:00,13.29,13.29,11.6,12.08,471580
2009-01-28 17:00:00,12.09,12.15,11.91,12.02,384614
2009-01-28 17:30:00,12.02,12.3,12.0,12.3,373578
2009-01-28 18:00:00,12.3,12.4,12.26,12.34,274705
2009-01-28 18:30:00,12.34,12.42,12.29,12.37,192894
2009-01-28 19:00:00,12.37,12.51,12.36,12.5,135610
2009-01-28 19:30:00,12.51,12.6,12.45,12.45,173207
2009-01-28 20:00:00,12.45,12.55,12.38,12.53,135938
2009-01-28 20:30:00,12.54,12.64,12.51,12.59,147879
2009-01-28 21:00:00,12.6,12.74,12.45,12.54,376312
2009-01-28 21:30:00,12.55,12.69,12.36,12.68,545110
2009-01-28 22:00:00,12.68,12.71,12.49,12.6,289618
2009-01-28 22:30:00,12.6,13.11,12.54,12.97,1043473
2009-01-29 16:30:00,12.41,12.69,12.17,12.4,277316
2009-01-29 17:00:00,12.39,12.59,12.26,12.57,285501
2009-01-29 17:30:00,12.59,12.65,12.5,12.61,233087
2009-01-29 18:00:00,12.62,12.66,12.5,12.5,150573
2009-01-29 18:30:00,12.5,12.54,12.45,12.51,227583
2009-01-29 19:00:00,12.5,12.5,12.26,12.26,212716
2009-01-29 19:30:00,12.26,12.3,12.0,12.01,214036
2009-01-29 20:00:00,12.01,12.1,12.0,12.07,127694
2009-01-29 20:30:00,12.06,12.08,11.91,11.98,190855
2009-01-29 21:00:00,11.98,12.06,11.95,12.04,400528
2009-01-29 21:30:00,12.03,12.06,11.91,11.94,372804
2009-01-29 22:00:00,11.94,11.99,11.78,11.83,365165
2009-01-29 22:30:00,11.82,11.84,11.41,11.53,1970261
2009-01-30 16:30:00,11.65,12.32,11.41,11.67,526018
2009-01-30 17:00:00,11.65,11.7,11.21,11.25,312055
2009-01-30 17:30:00,11.26,11.62,11.25,11.58,281530
2009-01-30 18:00:00,11.6,11.86,11.57,11.75,447165
2009-01-30 18:30:00,11.75,11.89,11.73,11.85,118614
2009-01-30 19:00:00,11.86,11.93,11.75,11.88,146924
2009-01-30 19:30:00,11.88,12.06,11.87,12.05,139010
2009-01-30 20:00:00,12.05,12.2,11.98,12.02,269836
2009-01-30 20:30:00,12.01,12.05,11.71,11.89,551561
2009-01-30 21:00:00,11.87,12.03,11.85,11.99,351373
2009-01-30 21:30:00,11.99,12.11,11.86,11.95,302028
2009-01-30 22:00:00,11.94,12.02,11.55,11.55,584773
2009-01-30 22:30:00,11.55,11.76,11.53,11.76,693872
2009-02-02 16:30:00,11.42,11.74,11.2,11.7,291596
2009-02-02 17:00:00,11.7,12.22,11.69,12.02,393007
2009-02-02 17:30:00,12.03,12.07,11.87,12.01,233169
2009-02-02 18:00:00,12.0,12.06,11.71,11.74,233061
2009-02-02 18:30:00,11.74,12.06,11.74,12.0,256429
2009-02-02 19:00:00,12.01,12.23,12.01,12.22,195527
2009-02-02 19:30:00,12.21,12.39,12.21,12.28,206899
2009-02-02 20:00:00,12.29,12.32,11.99,11.99,126925
2009-02-02 20:30:00,12.0,12.07,11.87,11.91,166034
2009-02-02 21:00:00,11.91,12.13,11.89,12.13,290936
2009-02-02 21:30:00,12.12,12.17,12.03,12.09,318920
2009-02-02 22:00:00,12.09,12.31,12.08,12.29,468872
2009-02-02 22:30:00,12.29,12.6,12.29,12.52,662763
2009-02-03 16:30:00,12.45,12.45,12.08,12.23,290094
2009-02-03 17:00:00,12.22,12.37,11.97,12.12,353352
2009-02-03 17:30:00,12.12,12.45,12.08,12.36,241520
2009-02-03 18:00:00,12.37,12.55,12.24,12.26,177272
2009-02-03 18:30:00,12.26,12.3,12.08,12.11,130729
2009-02-03 19:00:00,12.1,12.26,12.1,12.2,140234
2009-02-03 19:30:00,12.22,12.33,12.14,12.14,80652
2009-02-03 20:00:00,12.13,12.19,12.05,12.09,124157
2009-02-03 20:30:00,12.09,12.28,12.06,12.19,136090
2009-02-03 21:00:00,12.2,12.43,12.12,12.31,171374
2009-02-03 21:30:00,12.31,12.52,12.3,12.45,168325
2009-02-03 22:00:00,12.45,12.57,12.37,12.49,410994
2009-02-03 22:30:00,12.49,12.52,12.27,12.37,540484
2009-02-04 16:30:00,12.44,12.95,12.32,12.92,252542
2009-02-04 17:00:00,12.92,13.1,12.78,12.83,278180
2009-02-04 17:30:00,12.82,12.93,12.71,12.91,175750
2009-02-04 18:00:00,12.91,12.96,12.67,12.82,195185
2009-02-04 18:30:00,12.84,12.93,12.82,12.84,83714
2009-02-04 19:00:00,12.85,12.94,12.71,12.72,92892
2009-02-04 19:30:00,12.73,12.83,12.68,12.71,86610
2009-02-04 20:00:00,12.71,12.81,12.61,12.79,113927
2009-02-04 20:30:00,12.8,12.84,12.42,12.59,170584
2009-02-04 21:00:00,12.59,12.6,12.33,12.38,109266
2009-02-04 21:30:00,12.4,12.67,12.37,12.67,160427
2009-02-04 22:00:00,12.66,12.72,12.55,12.58,239101
2009-02-04 22:30:00,12.58,12.65,12.51,12.53,295651
2009-02-05 16:30:00,12.4,12.83,12.14,12.83,241972
2009-02-05 17:00:00,12.81,13.14,12.81,12.87,319599
2009-02-05 17:30:00,12.87,13.45,12.72,13.29,434553
2009-02-05 18:00:00,13.3,13.56,13.29,13.42,375867
2009-02-05 18:30:00,13.41,13.69,13.38,13.68,207181
2009-02-05 19:00:00,13.71,13.87,13.52,13.52,520399
2009-02-05 19:30:00,13.51,13.74,13.49,13.69,233360
2009-02-05 20:00:00,13.7,13.82,13.34,13.42,490591
2009-02-05 20:30:00,13.43,13.61,13.41,13.5,420699
2009-02-05 21:00:00,13.51,14.08,13.51,14.06,327383
2009-02-05 21:30:00,14.07,14.09,13.77,13.83,377687
2009-02-05 22:00:00,13.84,14.13,13.73,14.1,559679
2009-02-05 22:30:00,14.1,14.11,13.67,13.71,852770
2009-02-06 16:30:00,13.97,13.99,13.57,13.69,317260
2009-02-06 17:00:00,13.7,13.88,13.64,13.79,364102
2009-02-06 17:30:00,13.79,14.07,13.76,14.04,236612
2009-02-06 18:00:00,14.04,14.28,13.97,14.0,461748
2009-02-06 18:30:00,14.0,14.02,13.88,13.9,252604
2009-02-06 19:00:00,13.9,13.93,13.79,13.81,241247
2009-02-06 19:30:00,13.8,14.13,13.8,14.07,274909
2009-02-06 20:00:00,14.08,14.27,14.01,14.18,246030
2009-02-06 20:30:00,14.19,14.21,14.03,14.08,264744
2009-02-06 21:00:00,14.09,14.1,13.95,14.09,297934
2009-02-06 21:30:00,14.1,14.16,13.94,14.04,319207
2009-02-06 22:00:00,14.05,14.21,14.0,14.08,502090
2009-02-06 22:30:00,14.08,14.28,14.07,14.22,1032997
2009-02-09 16:30:00,14.48,14.48,14.0,14.04,243275
2009-02-09 17:00:00,14.03,14.05,13.69,13.75,234633
2009-02-09 17:30:00,13.76,14.09,13.68,14.05,284139
2009-02-09 18:00:00,14.04,14.04,13.87,13.93,145352
2009-02-09 18:30:00,13.92,13.97,13.8,13.81,159111
2009-02-09 19:00:00,13.81,13.95,13.73,13.91,182784
2009-02-09 19:30:00,13.92,14.06,13.83,14.01,137938
2009-02-09 20:00:00,14.02,14.08,13.95,13.96,98590
2009-02-09 20:30:00,13.96,13.97,13.8,13.91,149520
2009-02-09 21:00:00,13.91,13.96,13.71,13.75,146323
2009-02-09 21:30:00,13.75,13.83,13.64,13.78,189271
2009-02-09 22:00:00,13.78,14.03,13.7,14.0,266683
2009-02-09 22:30:00,14.01,14.05,13.88,13.95,361457
2009-02-10 16:30:00,13.65,14.15,13.48,14.02,216930
2009-02-10 17:00:00,14.02,14.1,13.8,13.82,375143
2009-02-10 17:30:00,13.82,13.99,13.81,13.96,267447
2009-02-10 18:00:00,13.96,14.14,13.55,13.93,800838
2009-02-10 18:30:00,13.93,13.93,13.28,13.55,657017
2009-02-10 19:00:00,13.56,13.59,13.37,13.41,221155
2009-02-10 19:30:00,13.41,13.5,13.32,13.45,195059
2009-02-10 20:00:00,13.46,13.46,13.08,13.22,260502
2009-02-10 20:30:00,13.22,13.28,13.1,13.1,223144
2009-02-10 21:00:00,13.1,13.2,13.0,13.02,302284
2009-02-10 21:30:00,13.01,13.05,12.79,12.82,435266
2009-02-10 22:00:00,12.83,12.92,12.6,12.61,518555
2009-02-10 22:30:00,12.61,12.87,12.6,12.79,1794990
2009-02-11 16:30:00,13.14,13.33,12.75,13.27,159037
2009-02-11 17:00:00,13.27,13.32,12.93,12.97,178323
2009-02-11 17:30:00,12.96,13.25,12.92,13.14,133909
2009-02-11 18:00:00,13.12,13.34,13.02,13.32,125673
2009-02-11 18:30:00,13.32,13.41,13.18,13.23,128470
2009-02-11 19:00:00,13.23,13.29,13.1,13.17,82132
2009-02-11 19:30:00,13.16,13.3,13.1,13.15,142098
2009-02-11 20:00:00,13.16,13.26,13.12,13.23,106404
2009-02-11 20:30:00,13.21,13.21,12.94,13.02,126924
2009-02-11 21:00:00,13.03,13.09,12.86,13.04,183246
2009-02-11 21:30:00,13.05,13.35,13.0,13.28,284651
2009-02-11 22:00:00,13.27,13.4,13.21,13.26,289021
2009-02-11 22:30:00,13.27,13.53,13.13,13.48,643438
2009-02-12 16:30:00,13.02,13.19,12.12,13.17,176407
2009-02-12 17:00:00,13.17,13.21,12.97,13.09,288668
2009-02-12 17:30:00,13.08,13.21,12.96,13.13,199797
2009-02-12 18:00:00,13.14,13.2,12.9,12.98,255415
2009-02-12 18:30:00,12.97,13.11,12.94,12.96,298954
2009-02-12 19:00:00,12.96,13.29,12.95,13.27,200439
2009-02-12 19:30:00,13.27,13.29,13.1,13.12,84024
2009-02-12 20:00:00,13.12,13.14,12.94,12.99,173745
2009-02-12 20:30:00,12.98,13.03,12.83,12.92,196786
2009-02-12 21:00:00,12.91,12.91,12.71,12.76,288866
2009-02-12 21:30:00,12.75,12.8,12.61,12.69,335509
2009-02-12 22:00:00,12.69,13.23,12.64,13.23,486389
2009-02-12 22:30:00,13.23,13.54,13.12,13.47,968307
2009-02-13 16:30:00,13.34,13.6,12.94,13.36,143466
2009-02-13 17:00:00,13.38,13.54,13.32,13.5,299603
2009-02-13 17:30:00,13.49,13.62,13.44,13.52,313477
2009-02-13 18:00:00,13.52,13.53,13.24,13.3,234151
2009-02-13 18:30:00,13.3,13.49,13.26,13.26,248661
2009-02-13 19:00:00,13.26,13.34,13.13,13.17,317180
2009-02-13 19:30:00,13.17,13.19,13.03,13.05,199781
2009-02-13 20:00:00,13.05,13.21,13.02,13.19,231328
2009-02-13 20:30:00,13.18,13.41,13.1,13.41,605273
2009-02-13 21:00:00,13.4,13.51,13.27,13.45,480375
2009-02-13 21:30:00,13.45,13.48,13.3,13.38,303556
2009-02-13 22:00:00,13.39,13.5,13.28,13.46,368209
2009-02-13 22:30:00,13.47,13.56,13.28,13.31,667924
2009-02-17 16:30:00,11.18,12.9,11.18,12.58,569358
2009-02-17 17:00:00,12.56,12.7,12.48,12.66,408671
2009-02-17 17:30:00,12.66,12.76,12.56,12.69,363098
2009-02-17 18:00:00,12.67,12.75,12.59,12.64,232080
2009-02-17 18:30:00,12.64,12.74,12.6,12.64,267808
2009-02-17 19:00:00,12.64,12.71,12.57,12.69,225640
2009-02-17 19:30:00,12.69,12.75,12.64,12.69,128634
2009-02-17 20:00:00,12.69,12.71,12.56,12.65,331267
2009-02-17 20:30:00,12.66,12.82,12.6,12.65,323112
2009-02-17 21:00:00,12.66,12.74,12.58,12.69,256429
2009-02-17 21:30:00,12.7,12.86,12.61,12.66,334616
2009-02-17 22:00:00,12.65,12.73,12.56,12.61,390880
2009-02-17 22:30:00,12.61,12.86,12.51,12.59,1065984
2009-02-18 16:30:00,12.8,12.98,12.5,12.57,241065
2009-02-18 17:00:00,12.58,12.69,12.27,12.53,508708
2009-02-18 17:30:00,12.53,12.77,12.49,12.59,345540
2009-02-18 18:00:00,12.59,12.88,12.47,12.81,302142
2009-02-18 18:30:00,12.8,12.94,12.73,12.85,236070
2009-02-18 19:00:00,12.84,13.0,12.7,12.75,255849
2009-02-18 19:30:00,12.75,12.8,12.62,12.78,297230
2009-02-18 20:00:00,12.78,12.82,12.59,12.66,276854
2009-02-18 20:30:00,12.66,12.67,12.51,12.61,209613
2009-02-18 21:00:00,12.62,12.71,12.56,12.69,449249
2009-02-18 21:30:00,12.7,12.79,12.58,12.77,275472
2009-02-18 22:00:00,12.77,12.86,12.7,12.73,429380
2009-02-18 22:30:00,12.73,12.86,12.68,12.78,470539
2009-02-19 16:30:00,12.79,13.15,12.65,12.99,228940
2009-02-19 17:00:00,12.99,13.0,12.65,12.72,174342
2009-02-19 17:30:00,12.72,12.78,12.62,12.69,156179
2009-02-19 18:00:00,12.7,12.85,12.59,12.61,179235
2009-02-19 18:30:00,12.61,12.65,12.55,12.63,297078
2009-02-19 19:00:00,12.63,12.63,12.46,12.6,354931
2009-02-19 19:30:00,12.6,12.74,12.59,12.66,173567
2009-02-19 20:00:00,12.66,12.7,12.54,12.63,372463
2009-02-19 20:30:00,12.63,12.63,12.38,12.42,368130
2009-02-19 21:00:00,12.42,12.58,12.38,12.5,397414
2009-02-19 21:30:00,12.5,12.52,12.36,12.49,405808
2009-02-19 22:00:00,12.48,12.54,12.35,12.43,524321
2009-02-19 22:30:00,12.43,12.51,12.26,12.29,1166848
2009-02-20 16:30:00,11.35,12.35,11.35,12.29,521161
2009-02-20 17:00:00,12.29,12.48,12.18,12.34,243547
2009-02-20 17:30:00,12.34,12.37,12.13,12.14,302419
2009-02-20 18:00:00,12.13,12.2,12.01,12.03,327943
2009-02-20 18:30:00,12.03,12.23,11.95,12.21,278804
2009-02-20 19:00:00,12.21,12.4,12.2,12.28,207516
2009-02-20 19:30:00,12.28,12.33,12.14,12.2,278456
2009-02-20 20:00:00,12.19,12.24,12.0,12.1,246791
2009-02-20 20:30:00,12.11,12.2,12.02,12.15,320380
2009-02-20 21:00:00,12.15,12.65,12.05,12.43,608067
2009-02-20 21:30:00,12.43,12.95,12.4,12.67,572081
2009-02-20 22:00:00,12.68,12.68,12.32,12.37,557354
2009-02-20 22:30:00,12.36,12.51,12.27,12.51,713855
2009-02-23 16:30:00,12.38,12.58,11.76,11.83,437500
2009-02-23 17:00:00,11.82,11.86,11.66,11.76,388198
2009-02-23 17:30:00,11.76,11.76,11.27,11.28,481707
2009-02-23 18:00:00,11.27,11.53,11.27,11.5,430999
2009-02-23 18:30:00,11.49,11.5,11.31,11.37,219138
2009-02-23 19:00:00,11.37,11.38,11.19,11.28,440034
2009-02-23 19:30:00,11.27,11.37,11.22,11.22,278303
2009-02-23 20:00:00,11.22,11.42,11.21,11.32,342896
2009-02-23 20:30:00,11.31,11.4,11.28,11.33,393520
2009-02-23 21:00:00,11.33,11.63,11.27,11.59,359009
2009-02-23 21:30:00,11.57,11.59,11.25,11.27,295890
2009-02-23 22:00:00,11.27,11.36,11.1,11.21,494061
2009-02-23 22:30:00,11.21,11.32,11.07,11.09,712446
2009-02-24 16:30:00,11.08,11.48,11.08,11.3,370848
2009-02-24 17:00:00,11.29,11.48,11.15,11.43,533256
2009-02-24 17:30:00,11.43,11.68,11.41,11.5,408385
2009-02-24 18:00:00,11.52,11.77,11.47,11.76,417745
2009-02-24 18:30:00,11.76,11.79,11.56,11.58,283578
2009-02-24 19:00:00,11.58,11.68,11.5,11.64,518043
2009-02-24 19:30:00,11.63,11.86,11.58,11.81,212338
2009-02-24 20:00:00,11.82,12.23,11.8,12.23,276701
2009-02-24 20:30:00,12.22,12.39,12.2,12.38,358341
2009-02-24 21:00:00,12.37,12.41,12.21,12.24,508058
2009-02-24 21:30:00,12.24,12.36,12.19,12.29,367439
2009-02-24 22:00:00,12.29,12.51,12.28,12.4,456868
2009-02-24 22:30:00,12.4,12.69,12.32,12.6,1099444
2009-02-25 16:30:00,12.49,12.56,12.1,12.13,152488
2009-02-25 17:00:00,12.12,12.15,11.87,12.09,310335
2009-02-25 17:30:00,12.08,12.13,11.85,11.95,218642
2009-02-25 18:00:00,11.94,12.1,11.91,12.06,250309
2009-02-25 18:30:00,12.06,12.34,12.01,12.04,380316
2009-02-25 19:00:00,12.04,12.13,11.84,11.92,216325
2009-02-25 19:30:00,11.92,11.98,11.75,11.9,197587
2009-02-25 20:00:00,11.89,12.03,11.81,11.87,181573
2009-02-25 20:30:00,11.87,12.33,11.82,12.3,337974
2009-02-25 21:00:00,12.3,12.32,11.85,12.09,536188
2009-02-25 21:30:00,12.1,12.36,11.99,12.29,418401
2009-02-25 22:00:00,12.28,12.81,12.25,12.71,531982
2009-02-25 22:30:00,12.71,12.74,12.15,12.17,883637
2009-02-26 16:30:00,12.39,12.39,11.83,12.22,228629
2009-02-26 17:00:00,12.25,12.47,11.99,12.32,342867
2009-02-26 17:30:00,12.33,12.49,12.13,12.39,402396
2009-02-26 18:00:00,12.39,12.47,12.25,12.44,319599
2009-02-26 18:30:00,12.44,12.53,12.27,12.43,287499
2009-02-26 19:00:00,12.43,12.5,12.39,12.46,314093
2009-02-26 19:30:00,12.46,12.62,12.44,12.58,289898
2009-02-26 20:00:00,12.59,12.61,12.44,12.54,468512
2009-02-26 20:30:00,12.54,12.66,12.47,12.6,332015
2009-02-26 21:00:00,12.59,12.62,12.46,12.52,258717
2009-02-26 21:30:00,12.51,12.52,12.22,12.27,351155
2009-02-26 22:00:00,12.26,12.28,11.99,12.13,500928
2009-02-26 22:30:00,12.12,12.38,12.03,12.17,637992
2009-02-27 16:30:00,11.49,12.22,11.36,11.67,259207
2009-02-27 17:00:00,11.67,12.06,11.58,11.82,343233
2009-02-27 17:30:00,11.8,11.89,11.65,11.73,279921
2009-02-27 18:00:00,11.72,11.78,11.59,11.74,218150
2009-02-27 18:30:00,11.75,11.91,11.62,11.81,253038
2009-02-27 19:00:00,11.81,11.96,11.78,11.91,262944
2009-02-27 19:30:00,11.92,11.94,11.74,11.89,238844
2009-02-27 20:00:00,11.89,11.97,11.74,11.83,303212
2009-02-27 20:30:00,11.83,11.91,11.59,11.89,339319
2009-02-27 21:00:00,11.88,11.99,11.72,11.75,398174
2009-02-27 21:30:00,11.75,11.86,11.62,11.8,312017
2009-02-27 22:00:00,11.79,11.79,11.51,11.53,443043
2009-02-27 22:30:00,11.53,11.72,11.42,11.48,1188816
2009-03-02 16:30:00,11.18,11.58,11.01,11.16,224376
2009-03-02 17:00:00,11.17,11.27,10.96,11.04,272935
2009-03-02 17:30:00,11.04,11.12,10.96,11.02,247674
2009-03-02 18:00:00,11.02,11.09,10.9,10.9,198158
2009-03-02 18:30:00,10.9,10.96,10.82,10.87,246189
2009-03-02 19:00:00,10.87,10.93,10.78,10.8,344601
2009-03-02 19:30:00,10.81,10.88,10.75,10.79,432434
2009-03-02 20:00:00,10.78,10.84,10.7,10.73,384883
2009-03-02 20:30:00,10.74,10.88,10.67,10.84,509809
2009-03-02 21:00:00,10.83,10.83,10.7,10.73,429000
2009-03-02 21:30:00,10.73,10.86,10.64,10.68,717079
2009-03-02 22:00:00,10.68,10.7,10.42,10.51,758165
2009-03-02 22:30:00,10.5,10.57,10.35,10.47,1228805
2009-03-03 16:30:00,10.76,10.76,10.23,10.24,305534
2009-03-03 17:00:00,10.24,10.43,10.13,10.39,545736
2009-03-03 17:30:00,10.38,10.42,10.14,10.19,322862
2009-03-03 18:00:00,10.19,10.22,9.97,10.11,501353
2009-03-03 18:30:00,10.11,10.12,9.92,9.99,589069
2009-03-03 19:00:00,9.99,10.15,9.97,10.11,578098
2009-03-03 19:30:00,10.1,10.1,9.88,9.92,409778
2009-03-03 20:00:00,9.91,9.95,9.8,9.86,416853
2009-03-03 20:30:00,9.87,9.93,9.73,9.9,658258
2009-03-03 21:00:00,9.9,10.07,9.86,10.03,577666
2009-03-03 21:30:00,10.03,10.31,10.02,10.26,828127
2009-03-03 22:00:00,10.26,10.27,9.82,9.88,632722
2009-03-03 22:30:00,9.88,9.97,9.75,9.94,1130053
2009-03-04 16:30:00,9.56,10.26,9.56,10.16,877553
2009-03-04 17:00:00,10.15,10.3,10.05,10.16,710166
2009-03-04 17:30:00,10.16,10.3,10.1,10.27,447347
2009-03-04 18:00:00,10.28,10.46,10.28,10.45,294202
2009-03-04 18:30:00,10.45,10.53,10.33,10.53,319330
2009-03-04 19:00:00,10.53,10.54,10.31,10.37,285452
2009-03-04 19:30:00,10.38,10.45,10.25,10.3,275364
2009-03-04 20:00:00,10.3,10.42,10.25,10.35,247344
2009-03-04 20:30:00,10.36,10.43,10.18,10.19,358425
2009-03-04 21:00:00,10.19,10.47,10.18,10.34,507009
2009-03-04 21:30:00,10.35,10.64,10.31,10.59,606727
2009-03-04 22:00:00,10.59,10.81,10.51,10.79,529881
2009-03-04 22:30:00,10.79,10.81,10.43,10.47,1036694
2009-03-05 16:30:00,10.07,10.5,10.0,10.18,363002
2009-03-05 17:00:00,10.18,10.31,10.02,10.13,278005
2009-03-05 17:30:00,10.12,10.19,9.85,9.87,296149
2009-03-05 18:00:00,9.88,9.97,9.81,9.86,272559
2009-03-05 18:30:00,9.86,10.03,9.83,9.89,299071
2009-03-05 19:00:00,9.88,9.96,9.76,9.96,162983
2009-03-05 19:30:00,9.96,10.02,9.84,9.85,214422
2009-03-05 20:00:00,9.85,10.07,9.84,10.0,225549
2009-03-05 20:30:00,10.0,10.01,9.84,9.92,166991
2009-03-05 21:00:00,9.92,9.92,9.71,9.75,241929
2009-03-05 21:30:00,9.76,9.81,9.66,9.69,248780
2009-03-05 22:00:00,9.68,9.85,9.66,9.67,471575
2009-03-05 22:30:00,9.66,9.74,9.44,9.71,1226595
2009-03-06 16:30:00,9.99,10.12,9.56,9.88,587852
2009-03-06 17:00:00,9.88,10.01,9.73,9.95,728135
2009-03-06 17:30:00,9.95,10.03,9.74,9.74,669261
2009-03-06 18:00:00,9.75,9.85,9.57,9.67,545124
2009-03-06 18:30:00,9.67,9.83,9.61,9.69,444118
2009-03-06 19:00:00,9.69,9.82,9.59,9.6,299937
2009-03-06 19:30:00,9.61,9.65,9.51,9.61,332221
2009-03-06 20:00:00,9.62,9.62,9.45,9.5,256399
2009-03-06 20:30:00,9.49,9.49,9.37,9.48,377416
2009-03-06 21:00:00,9.48,9.66,9.48,9.66,434003
2009-03-06 21:30:00,9.66,9.69,9.49,9.56,475813
2009-03-06 22:00:00,9.55,9.59,9.43,9.47,507193
2009-03-06 22:30:00,9.47,9.88,9.46,9.82,1512927
2009-03-09 16:30:00,9.91,10.05,9.52,9.67,302685
2009-03-09 17:00:00,9.67,9.92,9.64,9.68,361335
2009-03-09 17:30:00,9.69,9.74,9.46,9.54,357088
2009-03-09 18:00:00,9.54,9.63,9.43,9.55,211387
2009-03-09 18:30:00,9.56,9.66,9.54,9.57,185635
2009-03-09 19:00:00,9.58,9.74,9.55,9.68,162917
2009-03-09 19:30:00,9.68,9.75,9.56,9.6,213781
2009-03-09 20:00:00,9.6,9.6,9.47,9.53,160319
2009-03-09 20:30:00,9.52,9.66,9.47,9.57,167589
2009-03-09 21:00:00,9.58,9.71,9.51,9.56,263769
2009-03-09 21:30:00,9.57,9.57,9.39,9.49,248011
2009-03-09 22:00:00,9.5,9.55,9.33,9.41,358224
2009-03-09 22:30:00,9.41,9.54,9.34,9.53,559233
2009-03-10 16:30:00,9.37,10.0,9.34,9.87,567916
2009-03-10 17:00:00,9.88,10.16,9.88,10.12,477343
2009-03-10 17:30:00,10.13,10.5,10.13,10.49,585479
2009-03-10 18:00:00,10.49,10.7,10.49,10.62,393693
2009-03-10 18:30:00,10.63,10.82,10.56,10.82,362469
2009-03-10 19:00:00,10.82,10.95,10.7,10.74,252520
2009-03-10 19:30:00,10.75,10.78,10.57,10.57,266763
2009-03-10 20:00:00,10.57,10.72,10.57,10.68,139420
2009-03-10 20:30:00,10.68,10.87,10.68,10.8,145958
2009-03-10 21:00:00,10.79,10.85,10.68,10.72,264368
2009-03-10 21:30:00,10.73,10.77,10.59,10.77,345493
2009-03-10 22:00:00,10.78,10.92,10.69,10.91,331383
2009-03-10 22:30:00,10.91,11.1,10.84,11.02,1325030
2009-03-11 16:30:00,11.29,11.32,10.68,10.94,550799
2009-03-11 17:00:00,10.93,11.19,10.77,11.18,528792
2009-03-11 17:30:00,11.19,11.2,11.01,11.12,312598
2009-03-11 18:00:00,11.12,11.16,10.95,11.11,351782
2009-03-11 18:30:00,11.12,11.14,10.86,11.06,438524
2009-03-11 19:00:00,11.06,11.14,10.96,11.05,142085
2009-03-11 19:30:00,11.05,11.12,10.94,11.01,253079
2009-03-11 20:00:00,11.02,11.2,11.01,11.09,268249
2009-03-11 20:30:00,11.09,11.35,11.06,11.35,228654
2009-03-11 21:00:00,11.35,11.38,11.08,11.22,348628
2009-03-11 21:30:00,11.22,11.46,11.22,11.35,286547
2009-03-11 22:00:00,11.35,11.68,11.34,11.63,332061
2009-03-11 22:30:00,11.64,11.85,11.47,11.49,721640
2009-03-12 16:30:00,11.07,11.53,10.94,11.37,286660
2009-03-12 17:00:00,11.39,11.73,11.37,11.58,231023
2009-03-12 17:30:00,11.57,11.87,11.52,11.65,379314
2009-03-12 18:00:00,11.65,11.86,11.56,11.67,866812
2009-03-12 18:30:00,11.68,11.68,11.37,11.39,363951
2009-03-12 19:00:00,11.38,11.53,11.38,11.42,343759
2009-03-12 19:30:00,11.42,11.69,11.4,11.66,386387
2009-03-12 20:00:00,11.67,11.77,11.6,11.69,387344
2009-03-12 20:30:00,11.7,11.92,11.69,11.89,250729
2009-03-12 21:00:00,11.89,12.06,11.84,12.04,361022
2009-03-12 21:30:00,12.03,12.35,12.0,12.22,429792
2009-03-12 22:00:00,12.22,12.4,12.09,12.31,612892
2009-03-12 22:30:00,12.31,12.61,12.29,12.55,1513416
2009-03-13 16:30:00,12.52,12.7,12.27,12.37,322400
2009-03-13 17:00:00,12.4,12.66,12.33,12.42,273336
2009-03-13 17:30:00,12.43,12.56,12.11,12.2,405929
2009-03-13 18:00:00,12.19,12.3,11.94,12.1,512258
2009-03-13 18:30:00,12.1,12.1,11.84,11.96,321899
2009-03-13 19:00:00,11.96,12.04,11.85,11.89,403994
2009-03-13 19:30:00,11.89,12.17,11.89,12.06,346756
2009-03-13 20:00:00,12.06,12.11,11.97,12.09,403454
2009-03-13 20:30:00,12.08,12.12,11.97,12.09,237670
2009-03-13 21:00:00,12.08,12.15,11.97,12.04,328935
2009-03-13 21:30:00,12.04,12.26,11.99,12.15,240365
2009-03-13 22:00:00,12.14,12.38,12.13,12.31,308738
2009-03-13 22:30:00,12.32,12.34,12.17,12.25,675134
2009-03-16 16:30:00,12.69,12.77,12.01,12.46,251802
2009-03-16 17:00:00,12.46,12.52,12.19,12.23,288428
2009-03-16 17:30:00,12.24,12.42,12.19,12.21,344435
2009-03-16 18:00:00,12.22,12.38,12.2,12.31,293381
2009-03-16 18:30:00,12.3,12.36,12.18,12.21,220146
2009-03-16 19:00:00,12.21,12.32,12.16,12.27,160554
2009-03-16 19:30:00,12.27,12.36,12.25,12.3,331036
2009-03-16 20:00:00,12.31,12.35,12.21,12.33,223309
2009-03-16 20:30:00,12.33,12.46,12.29,12.33,323404
2009-03-16 21:00:00,12.32,12.34,12.18,12.29,229522
2009-03-16 21:30:00,12.3,12.32,12.06,12.08,288679
2009-03-16 22:00:00,12.09,12.12,11.8,11.92,435602
2009-03-16 22:30:00,11.93,11.94,11.58,11.62,982245
2009-03-17 16:30:00,11.71,12.02,11.49,11.65,460938
2009-03-17 17:00:00,11.67,11.97,11.66,11.79,395180
2009-03-17 17:30:00,11.81,11.94,11.73,11.81,225106
2009-03-17 18:00:00,11.8,11.82,11.67,11.69,215169
2009-03-17 18:30:00,11.68,11.84,11.65,11.79,122528
2009-03-17 19:00:00,11.8,11.92,11.7,11.82,246532
2009-03-17 19:30:00,11.81,11.98,11.75,11.9,174862
2009-03-17 20:00:00,11.91,12.05,11.87,11.92,183702
2009-03-17 20:30:00,11.93,12.03,11.8,11.83,158170
2009-03-17 21:00:00,11.83,11.93,11.75,11.81,208200
2009-03-17 21:30:00,11.8,12.02,11.79,11.95,246861
2009-03-17 22:00:00,11.96,12.2,11.93,12.08,298390
2009-03-17 22:30:00,12.08,12.48,12.03,12.47,943624
2009-03-18 16:30:00,12.21,12.34,11.71,12.13,183474
2009-03-18 17:00:00,12.13,12.16,11.92,12.02,205273
2009-03-18 17:30:00,12.01,12.23,11.89,12.21,236767
2009-03-18 18:00:00,12.21,12.26,12.1,12.14,379207
2009-03-18 18:30:00,12.14,12.22,12.04,12.14,227921
2009-03-18 19:00:00,12.14,12.31,12.14,12.2,263776
2009-03-18 19:30:00,12.19,12.3,12.12,12.29,354413
2009-03-18 20:00:00,12.28,12.39,12.2,12.36,361373
2009-03-18 20:30:00,12.37,12.57,12.36,12.46,265116
2009-03-18 21:00:00,12.46,12.94,12.38,12.63,721266
2009-03-18 21:30:00,12.64,13.19,12.64,13.06,705517
2009-03-18 22:00:00,13.07,13.07,12.53,12.73,778346
2009-03-18 22:30:00,12.74,13.2,12.57,13.16,1376827
2009-03-19 16:30:00,13.52,13.52,12.4,12.4,392493
2009-03-19 17:00:00,12.41,12.58,12.26,12.42,476851
2009-03-19 17:30:00,12.42,12.79,12.4,12.67,394112
2009-03-19 18:00:00,12.68,12.76,12.34,12.34,322179
2009-03-19 18:30:00,12.34,12.48,12.11,12.4,353085
2009-03-19 19:00:00,12.39,12.43,12.19,12.35,260850
2009-03-19 19:30:00,12.36,12.57,12.3,12.38,226151
2009-03-19 20:00:00,12.37,12.52,12.27,12.43,174630
2009-03-19 20:30:00,12.44,12.61,12.34,12.54,228102
2009-03-19 21:00:00,12.53,12.7,12.4,12.45,337280
2009-03-19 21:30:00,12.46,12.49,12.21,12.32,326358
2009-03-19 22:00:00,12.32,12.49,12.27,12.31,413339
2009-03-19 22:30:00,12.31,12.45,11.97,12.0,1097547
2009-03-20 16:30:00,12.23,12.32,11.8,12.25,1089475
2009-03-20 17:00:00,12.26,12.5,12.18,12.48,437741
2009-03-20 17:30:00,12.49,12.5,12.29,12.46,313732
2009-03-20 18:00:00,12.45,12.5,12.28,12.38,284458
2009-03-20 18:30:00,12.39,12.45,12.33,12.39,233802
2009-03-20 19:00:00,12.4,12.5,12.36,12.38,225163
2009-03-20 19:30:00,12.39,12.49,12.13,12.21,346180
2009-03-20 20:00:00,12.21,12.26,12.05,12.09,182602
2009-03-20 20:30:00,12.08,12.15,11.94,12.01,338962
2009-03-20 21:00:00,12.02,12.1,11.95,12.08,299918
2009-03-20 21:30:00,12.07,12.13,11.97,12.1,234872
2009-03-20 22:00:00,12.1,12.24,12.09,12.19,329481
2009-03-20 22:30:00,12.2,12.34,12.16,12.23,1760475
2009-03-23 16:30:00,12.69,12.88,12.45,12.83,408305
2009-03-23 17:00:00,12.84,13.09,12.55,13.02,708314
2009-03-23 17:30:00,13.01,13.12,12.93,13.07,416570
2009-03-23 18:00:00,13.06,13.14,12.93,13.02,399236
2009-03-23 18:30:00,13.02,13.25,13.01,13.2,210575
2009-03-23 19:00:00,13.2,13.23,13.03,13.08,257878
2009-03-23 19:30:00,13.08,13.13,13.01,13.08,363978
2009-03-23 20:00:00,13.09,13.25,13.02,13.03,491016
2009-03-23 20:30:00,13.03,13.13,12.99,13.09,322894
2009-03-23 21:00:00,13.09,13.17,12.98,13.1,415859
2009-03-23 21:30:00,13.1,13.38,13.0,13.33,1076436
2009-03-23 22:00:00,13.33,13.51,13.31,13.51,758057
2009-03-23 22:30:00,13.51,14.28,13.49,14.28,2334811
2009-03-24 16:30:00,13.11,14.03,13.11,14.01,643529
2009-03-24 17:00:00,14.02,14.39,14.02,14.26,708897
2009-03-24 17:30:00,14.26,14.27,13.97,13.99,795851
2009-03-24 18:00:00,13.99,14.11,13.95,14.03,442070
2009-03-24 18:30:00,14.03,14.16,13.9,14.02,371754
2009-03-24 19:00:00,14.0,14.16,13.96,14.14,288581
2009-03-24 19:30:00,14.13,14.3,14.04,14.22,342413
2009-03-24 20:00:00,14.22,14.44,14.15,14.43,382111
2009-03-24 20:30:00,14.42,14.44,14.14,14.18,347043
2009-03-24 21:00:00,14.17,14.42,14.17,14.27,395158
2009-03-24 21:30:00,14.27,14.3,13.89,14.0,510236
2009-03-24 22:00:00,13.99,14.04,13.82,13.9,482905
2009-03-24 22:30:00,13.91,14.02,13.46,13.48,1395557
2009-03-25 16:30:00,13.65,14.07,13.36,13.99,386402
2009-03-25 17:00:00,13.99,14.19,13.78,13.78,378759
2009-03-25 17:30:00,13.79,14.01,13.71,13.85,276600
2009-03-25 18:00:00,13.85,13.92,13.68,13.8,253660
2009-03-25 18:30:00,13.81,14.02,13.72,13.98,263718
2009-03-25 19:00:00,13.98,14.17,13.92,13.98,274391
2009-03-25 19:30:00,13.99,14.02,13.74,13.76,291985
2009-03-25 20:00:00,13.76,13.81,13.47,13.51,312085
2009-03-25 20:30:00,13.51,13.54,13.39,13.41,309711
2009-03-25 21:00:00,13.4,13.41,13.14,13.26,441144
2009-03-25 21:30:00,13.25,13.25,12.9,12.91,516698
2009-03-25 22:00:00,12.9,13.34,12.82,13.32,406352
2009-03-25 22:30:00,13.32,13.76,13.16,13.71,1139675
2009-03-26 16:30:00,14.08,14.09,13.49,13.56,277738
2009-03-26 17:00:00,13.58,13.72,13.34,13.57,249686
2009-03-26 17:30:00,13.57,13.93,13.56,13.85,273719
2009-03-26 18:00:00,13.83,14.0,13.82,13.85,237165
2009-03-26 18:30:00,13.84,14.0,13.83,13.93,227141
2009-03-26 19:00:00,13.94,14.04,13.88,13.99,277737
2009-03-26 19:30:00,13.98,13.99,13.74,13.78,282137
2009-03-26 20:00:00,13.77,14.14,13.77,14.07,616629
2009-03-26 20:30:00,14.07,14.2,14.0,14.17,277959
2009-03-26 21:00:00,14.17,14.33,14.16,14.26,565239
2009-03-26 21:30:00,14.26,14.34,14.14,14.14,495679
2009-03-26 22:00:00,14.14,14.74,14.14,14.7,848326
2009-03-26 22:30:00,14.7,14.88,14.55,14.63,1336248
2009-03-27 16:30:00,14.28,14.77,14.15,14.69,307308
2009-03-27 17:00:00,14.68,15.05,14.63,15.0,769719
2009-03-27 17:30:00,15.01,15.09,14.98,15.0,556810
2009-03-27 18:00:00,15.01,15.1,14.98,15.0,425966
2009-03-27 18:30:00,14.99,15.03,14.91,14.94,557336
2009-03-27 19:00:00,14.94,15.14,14.94,14.99,253979
2009-03-27 19:30:00,14.99,15.08,14.93,14.97,378640
2009-03-27 20:00:00,14.98,15.08,14.97,15.07,415607
2009-03-27 20:30:00,15.08,15.16,14.88,15.0,583249
2009-03-27 21:00:00,15.01,15.16,14.95,15.12,458419
2009-03-27 21:30:00,15.1,15.24,15.03,15.23,652267
2009-03-27 22:00:00,15.23,15.27,14.92,14.99,601758
2009-03-27 22:30:00,15.0,15.07,14.76,14.8,1260942
2009-03-30 16:30:00,14.46,14.46,13.73,13.78,423579
2009-03-30 17:00:00,13.78,13.85,13.73,13.78,365648
2009-03-30 17:30:00,13.77,13.78,13.61,13.61,270288
2009-03-30 18:00:00,13.62,13.64,13.43,13.44,251488
2009-03-30 18:30:00,13.43,13.57,13.38,13.46,274905
2009-03-30 19:00:00,13.46,13.51,13.4,13.5,288973
2009-03-30 19:30:00,13.49,13.68,13.48,13.63,367613
2009-03-30 20:00:00,13.64,13.67,13.53,13.63,206094
2009-03-30 20:30:00,13.63,13.66,13.5,13.52,230947
2009-03-30 21:00:00,13.51,13.58,13.43,13.48,329450
2009-03-30 21:30:00,13.48,13.49,13.16,13.16,556800
2009-03-30 22:00:00,13.16,13.34,13.11,13.14,685602
2009-03-30 22:30:00,13.14,13.22,12.99,13.04,1497139
2009-03-31 16:30:00,13.16,13.45,13.1,13.39,321030
2009-03-31 17:00:00,13.38,13.58,13.36,13.47,386143
2009-03-31 17:30:00,13.49,13.53,13.43,13.5,292109
2009-03-31 18:00:00,13.52,13.58,13.44,13.47,377980
2009-03-31 18:30:00,13.47,13.47,13.29,13.33,358614
2009-03-31 19:00:00,13.32,13.34,13.24,13.26,310853
2009-03-31 19:30:00,13.26,13.5,13.26,13.49,274709
2009-03-31 20:00:00,13.49,13.73,13.48,13.71,246257
2009-03-31 20:30:00,13.71,13.95,13.71,13.94,328211
2009-03-31 21:00:00,13.93,14.02,13.87,13.92,301235
2009-03-31 21:30:00,13.93,14.18,13.44,14.05,380079
2009-03-31 22:00:00,14.05,14.07,13.82,13.91,599517
2009-03-31 22:30:00,13.91,13.92,13.63,13.79,1535718
2009-04-01 16:30:00,13.58,13.91,13.45,13.88,185974
2009-04-01 17:00:00,13.89,14.27,13.87,14.17,311104
2009-04-01 17:30:00,14.16,14.43,14.1,14.25,239934
2009-04-01 18:00:00,14.25,14.52,14.21,14.51,494834
2009-04-01 18:30:00,14.51,14.56,14.33,14.39,239669
2009-04-01 19:00:00,14.41,14.53,14.36,14.42,121193
2009-04-01 19:30:00,14.42,14.47,14.23,14.25,218375
2009-04-01 20:00:00,14.25,14.42,14.25,14.38,281433
2009-04-01 20:30:00,14.37,14.58,14.28,14.54,239742
2009-04-01 21:00:00,14.55,14.59,14.37,14.4,208495
2009-04-01 21:30:00,14.4,14.57,14.4,14.55,395949
2009-04-01 22:00:00,14.55,14.55,14.34,14.39,718086
2009-04-01 22:30:00,14.4,14.67,14.38,14.51,1122403
2009-04-02 16:30:00,14.64,15.32,14.64,15.18,795752
2009-04-02 17:00:00,15.18,15.6,15.15,15.47,888400
2009-04-02 17:30:00,15.46,15.55,15.35,15.49,634902
2009-04-02 18:00:00,15.49,15.66,15.45,15.52,706632
2009-04-02 18:30:00,15.53,15.64,15.29,15.39,780316
2009-04-02 19:00:00,15.4,15.55,15.34,15.42,453340
2009-04-02 19:30:00,15.42,15.5,15.38,15.45,326180
2009-04-02 20:00:00,15.45,15.5,15.39,15.48,383184
2009-04-02 20:30:00,15.48,15.55,15.42,15.49,570386
2009-04-02 21:00:00,15.49,15.62,15.4,15.57,365360
2009-04-02 21:30:00,15.57,15.78,15.57,15.68,442568
2009-04-02 22:00:00,15.69,15.86,15.56,15.82,778031
2009-04-02 22:30:00,15.82,15.95,15.68,15.71,1444301
2009-04-03 16:30:00,15.8,16.0,15.43,15.49,367035
2009-04-03 17:00:00,15.48,15.51,15.07,15.23,469229
2009-04-03 17:30:00,15.22,15.25,15.04,15.1,343103
2009-04-03 18:00:00,15.09,15.14,14.94,14.99,433782
2009-04-03 18:30:00,14.99,15.08,14.97,15.06,426456
2009-04-03 19:00:00,15.05,15.21,15.05,15.15,334261
2009-04-03 19:30:00,15.15,15.2,15.06,15.12,270766
2009-04-03 20:00:00,15.12,15.24,15.1,15.22,196140
2009-04-03 20:30:00,15.22,15.31,15.15,15.19,273834
2009-04-03 21:00:00,15.19,15.36,15.14,15.34,379464
2009-04-03 21:30:00,15.34,15.51,15.32,15.51,426040
2009-04-03 22:00:00,15.52,15.52,15.31,15.44,569265
2009-04-03 22:30:00,15.43,15.86,15.37,15.84,921941
2009-04-06 16:30:00,15.5,15.68,15.35,15.55,328184
2009-04-06 17:00:00,15.54,15.58,15.32,15.45,322442
2009-04-06 17:30:00,15.45,15.65,15.41,15.62,321431
2009-04-06 18:00:00,15.62,15.64,15.47,15.59,265608
2009-04-06 18:30:00,15.59,15.61,15.48,15.59,505573
2009-04-06 19:00:00,15.59,15.64,15.42,15.44,209865
2009-04-06 19:30:00,15.43,15.53,15.37,15.53,210939
2009-04-06 20:00:00,15.53,15.57,15.42,15.43,212334
2009-04-06 20:30:00,15.44,15.5,15.34,15.48,192750
2009-04-06 21:00:00,15.48,15.53,15.4,15.45,210600
2009-04-06 21:30:00,15.45,15.58,15.39,15.51,337821
2009-04-06 22:00:00,15.52,15.71,15.42,15.61,450213
2009-04-06 22:30:00,15.61,15.83,15.59,15.65,632305
2009-04-07 16:30:00,15.49,15.49,15.0,15.13,420084
2009-04-07 17:00:00,15.13,15.16,14.96,15.06,399671
2009-04-07 17:30:00,15.07,15.13,14.96,15.0,497851
2009-04-07 18:00:00,15.0,15.08,14.88,15.0,377098
2009-04-07 18:30:00,15.0,15.06,14.88,15.0,341267
2009-04-07 19:00:00,15.01,15.19,14.97,14.97,442306
2009-04-07 19:30:00,14.97,15.07,14.94,15.06,154884
2009-04-07 20:00:00,15.06,15.08,14.88,14.89,175292
2009-04-07 20:30:00,14.89,14.99,14.81,14.95,165641
2009-04-07 21:00:00,14.95,14.95,14.75,14.78,336695
2009-04-07 21:30:00,14.77,14.8,14.67,14.78,292655
2009-04-07 22:00:00,14.77,14.89,14.67,14.71,325779
2009-04-07 22:30:00,14.71,14.77,14.43,14.43,960559
2009-04-08 16:30:00,14.53,14.96,14.48,14.93,398671
2009-04-08 17:00:00,14.93,15.01,14.83,14.84,353538
2009-04-08 17:30:00,14.85,14.91,14.78,14.81,561954
2009-04-08 18:00:00,14.81,14.9,14.78,14.84,360515
2009-04-08 18:30:00,14.84,14.97,14.83,14.88,232789
2009-04-08 19:00:00,14.89,15.04,14.85,14.98,181320
2009-04-08 19:30:00,14.98,15.15,14.94,15.04,199330
2009-04-08 20:00:00,15.05,15.08,15.0,15.08,156048
2009-04-08 20:30:00,15.08,15.11,15.01,15.07,217070
2009-04-08 21:00:00,15.07,15.11,14.99,15.09,588841
2009-04-08 21:30:00,15.09,15.14,15.04,15.08,380622
2009-04-08 22:00:00,15.08,15.2,15.03,15.1,898363
2009-04-08 22:30:00,15.1,15.42,15.01,15.35,1132076
2009-04-09 16:30:00,17.25,17.27,15.64,16.12,802889
2009-04-09 17:00:00,16.14,16.17,15.96,15.98,745938
2009-04-09 17:30:00,15.98,16.01,15.65,15.66,454973
2009-04-09 18:00:00,15.66,15.88,15.62,15.83,309279
2009-04-09 18:30:00,15.83,16.0,15.77,15.95,229808
2009-04-09 19:00:00,15.96,15.97,15.81,15.87,285119
2009-04-09 19:30:00,15.87,15.9,15.77,15.79,300362
2009-04-09 20:00:00,15.79,15.9,15.75,15.89,311479
2009-04-09 20:30:00,15.89,16.05,15.88,16.05,328884
2009-04-09 21:00:00,16.04,16.11,15.98,16.0,380824
2009-04-09 21:30:00,16.0,16.29,15.97,16.27,454715
2009-04-09 22:00:00,16.27,16.55,16.19,16.54,546341
2009-04-09 22:30:00,16.54,17.0,16.46,16.97,2435279
2009-04-13 16:30:00,16.12,16.57,16.07,16.45,341245
2009-04-13 17:00:00,16.45,16.74,16.34,16.68,535394
2009-04-13 17:30:00,16.68,16.72,16.51,16.66,309500
2009-04-13 18:00:00,16.66,16.66,16.45,16.55,347745
2009-04-13 18:30:00,16.55,16.56,16.34,16.48,309408
2009-04-13 19:00:00,16.48,16.6,16.45,16.54,262120
2009-04-13 19:30:00,16.55,16.8,16.55,16.76,244147
2009-04-13 20:00:00,16.76,16.89,16.66,16.89,187613
2009-04-13 20:30:00,16.89,17.02,16.89,16.98,430320
2009-04-13 21:00:00,16.98,17.02,16.79,16.91,318962
2009-04-13 21:30:00,16.91,16.98,16.82,16.91,374749
2009-04-13 22:00:00,16.91,17.1,16.87,17.01,663822
2009-04-13 22:30:00,17.0,17.49,16.99,17.04,1472373
2009-04-14 16:30:00,16.56,16.78,16.17,16.72,407520
2009-04-14 17:00:00,16.73,16.86,16.57,16.77,339827
2009-04-14 17:30:00,16.77,16.88,16.73,16.75,253500
2009-04-14 18:00:00,16.74,16.76,16.51,16.52,203720
2009-04-14 18:30:00,16.52,16.64,16.45,16.54,229161
2009-04-14 19:00:00,16.53,16.59,16.23,16.34,328534
2009-04-14 19:30:00,16.34,16.4,15.9,16.0,354363
2009-04-14 20:00:00,16.0,16.12,15.91,16.04,291640
2009-04-14 20:30:00,16.04,16.15,15.97,16.06,237831
2009-04-14 21:00:00,16.05,16.18,15.85,16.09,261185
2009-04-14 21:30:00,16.1,16.19,15.99,16.17,283732
2009-04-14 22:00:00,16.18,16.4,16.15,16.22,409441
2009-04-14 22:30:00,16.23,16.23,15.68,15.68,1280686
2009-04-15 16:30:00,15.64,15.82,15.16,15.69,366151
2009-04-15 17:00:00,15.69,15.9,15.59,15.69,219288
2009-04-15 17:30:00,15.69,15.73,15.46,15.51,144693
2009-04-15 18:00:00,15.5,15.66,15.36,15.66,190074
2009-04-15 18:30:00,15.65,15.9,15.64,15.88,146533
2009-04-15 19:00:00,15.88,15.93,15.78,15.82,95782
2009-04-15 19:30:00,15.83,16.05,15.81,16.04,115458
2009-04-15 20:00:00,16.04,16.06,15.91,15.94,161524
2009-04-15 20:30:00,15.94,16.07,15.84,15.97,242073
2009-04-15 21:00:00,15.96,16.05,15.66,15.7,408890
2009-04-15 21:30:00,15.69,15.81,15.67,15.8,243304
2009-04-15 22:00:00,15.8,16.08,15.8,16.0,323582
2009-04-15 22:30:00,16.0,16.46,15.98,16.36,1497011
2009-04-16 16:30:00,16.54,16.62,15.88,15.94,298757
2009-04-16 17:00:00,15.94,16.04,15.82,16.0,249107
2009-04-16 17:30:00,16.0,16.06,15.75,15.83,316131
2009-04-16 18:00:00,15.83,16.0,15.8,15.93,811128
2009-04-16 18:30:00,15.93,16.03,15.91,15.98,289330
2009-04-16 19:00:00,15.98,16.06,15.9,15.97,136002
2009-04-16 19:30:00,15.97,16.04,15.82,15.82,382903
2009-04-16 20:00:00,15.82,15.9,15.79,15.88,275570
2009-04-16 20:30:00,15.88,15.89,15.7,15.78,188544
2009-04-16 21:00:00,15.79,15.92,15.75,15.92,401142
2009-04-16 21:30:00,15.92,16.16,15.88,16.1,430853
2009-04-16 22:00:00,16.11,16.23,16.05,16.17,652066
2009-04-16 22:30:00,16.17,16.42,16.15,16.24,1506420
2009-04-17 16:30:00,16.11,16.31,15.63,15.86,733574
2009-04-17 17:00:00,15.85,16.11,15.8,15.8,296841
2009-04-17 17:30:00,15.8,15.8,15.47,15.47,418616
2009-04-17 18:00:00,15.48,15.52,15.35,15.44,335017
2009-04-17 18:30:00,15.43,15.79,15.41,15.61,314723
2009-04-17 19:00:00,15.63,15.72,15.49,15.71,203303
2009-04-17 19:30:00,15.7,15.77,15.55,15.65,287415
2009-04-17 20:00:00,15.66,15.72,15.62,15.68,227785
2009-04-17 20:30:00,15.68,15.8,15.57,15.73,304873
2009-04-17 21:00:00,15.74,15.84,15.65,15.8,427950
2009-04-17 21:30:00,15.8,15.93,15.77,15.83,727332
2009-04-17 22:00:00,15.84,16.02,15.83,15.93,765085
2009-04-17 22:30:00,15.93,16.09,15.81,15.87,1219837
2009-04-20 16:30:00,15.19,15.93,15.14,15.26,320087
2009-04-20 17:00:00,15.26,15.51,15.17,15.45,246639
2009-04-20 17:30:00,15.46,15.53,15.4,15.45,228837
2009-04-20 18:00:00,15.44,15.47,15.3,15.44,164606
2009-04-20 18:30:00,15.45,15.5,15.33,15.42,160365
2009-04-20 19:00:00,15.43,15.52,15.38,15.51,168624
2009-04-20 19:30:00,15.51,15.51,15.39,15.51,147923
2009-04-20 20:00:00,15.51,15.51,15.18,15.21,211286
2009-04-20 20:30:00,15.2,15.3,15.16,15.21,278358
2009-04-20 21:00:00,15.22,15.22,15.02,15.14,308242
2009-04-20 21:30:00,15.14,15.27,15.06,15.18,185976
2009-04-20 22:00:00,15.18,15.23,14.92,14.93,398004
2009-04-20 22:30:00,14.93,15.11,14.42,14.47,1883459
2009-04-21 16:30:00,14.51,14.93,14.36,14.8,454000
2009-04-21 17:00:00,14.79,14.82,14.63,14.63,342228
2009-04-21 17:30:00,14.63,14.95,14.49,14.94,446763
2009-04-21 18:00:00,14.94,15.21,14.93,15.11,474243
2009-04-21 18:30:00,15.11,15.25,15.0,15.16,314602
2009-04-21 19:00:00,15.16,15.34,15.12,15.29,259170
2009-04-21 19:30:00,15.3,15.51,15.27,15.36,269657
2009-04-21 20:00:00,15.36,15.46,15.17,15.19,505393
2009-04-21 20:30:00,15.2,15.32,15.11,15.23,306431
2009-04-21 21:00:00,15.23,15.31,15.05,15.16,249826
2009-04-21 21:30:00,15.15,15.36,15.15,15.26,392254
2009-04-21 22:00:00,15.27,15.48,15.23,15.32,583174
2009-04-21 22:30:00,15.32,15.79,15.2,15.73,1474746
2009-04-22 16:30:00,15.22,15.48,14.93,15.03,379568
2009-04-22 17:00:00,15.03,15.65,15.03,15.54,547599
2009-04-22 17:30:00,15.55,15.61,15.38,15.51,427280
2009-04-22 18:00:00,15.52,15.75,15.5,15.75,354785
2009-04-22 18:30:00,15.77,15.89,15.74,15.89,236423
2009-04-22 19:00:00,15.88,16.0,15.87,15.94,505919
2009-04-22 19:30:00,15.93,15.93,15.53,15.64,379638
2009-04-22 20:00:00,15.65,15.8,15.53,15.75,289772
2009-04-22 20:30:00,15.75,15.95,15.73,15.81,248101
2009-04-22 21:00:00,15.81,16.01,15.74,15.96,254992
2009-04-22 21:30:00,15.96,16.25,15.96,16.1,474078
2009-04-22 22:00:00,16.1,16.21,16.05,16.12,581021
2009-04-22 22:30:00,16.12,16.2,15.3,15.43,1512429
2009-04-23 16:30:00,13.11,15.47,12.92,14.32,1103159
2009-04-23 17:00:00,14.3,14.64,14.14,14.44,649456
2009-04-23 17:30:00,14.42,14.53,14.27,14.27,356634
2009-04-23 18:00:00,14.26,14.37,14.21,14.3,313924
2009-04-23 18:30:00,14.29,14.39,14.13,14.16,296694
2009-04-23 19:00:00,14.16,14.28,14.09,14.19,224973
2009-04-23 19:30:00,14.19,14.28,14.13,14.15,170377
2009-04-23 20:00:00,14.15,14.43,14.15,14.42,288615
2009-04-23 20:30:00,14.43,14.54,14.38,14.52,478294
2009-04-23 21:00:00,14.53,14.53,14.34,14.49,391722
2009-04-23 21:30:00,14.5,14.79,14.49,14.72,667189
2009-04-23 22:00:00,14.73,14.77,14.44,14.61,661591
2009-04-23 22:30:00,14.6,15.83,14.55,15.56,2181616
2009-04-24 16:30:00,15.75,15.75,14.84,14.89,683892
2009-04-24 17:00:00,14.89,14.96,14.61,14.68,364062
2009-04-24 17:30:00,14.69,14.8,14.65,14.72,262194
2009-04-24 18:00:00,14.73,14.78,14.51,14.55,318378
2009-04-24 18:30:00,14.55,14.67,14.51,14.53,329650
2009-04-24 19:00:00,14.54,14.7,14.5,14.69,221203
2009-04-24 19:30:00,14.7,14.79,14.66,14.75,262826
2009-04-24 20:00:00,14.76,14.86,14.63,14.64,323689
2009-04-24 20:30:00,14.64,14.65,14.48,14.57,189534
2009-04-24 21:00:00,14.57,14.65,14.21,14.64,738391
2009-04-24 21:30:00,14.63,14.87,14.58,14.66,716894
2009-04-24 22:00:00,14.66,14.69,14.5,14.58,507942
2009-04-24 22:30:00,14.58,14.75,14.35,14.44,1350662
2009-04-27 16:30:00,14.2,14.6,12.98,14.55,514542
2009-04-27 17:00:00,14.54,14.62,14.25,14.52,440195
2009-04-27 17:30:00,14.52,14.64,14.41,14.61,253883
2009-04-27 18:00:00,14.61,14.62,14.43,14.46,276001
2009-04-27 18:30:00,14.46,14.47,14.25,14.37,432274
2009-04-27 19:00:00,14.37,14.39,14.28,14.32,168396
2009-04-27 19:30:00,14.32,14.38,14.25,14.29,220725
2009-04-27 20:00:00,14.28,14.28,14.04,14.09,452430
2009-04-27 20:30:00,14.09,14.1,13.95,14.04,308197
2009-04-27 21:00:00,14.03,14.07,13.96,14.06,212707
2009-04-27 21:30:00,14.06,14.16,14.06,14.12,243916
2009-04-27 22:00:00,14.12,14.14,13.95,13.97,426747
2009-04-27 22:30:00,13.96,14.14,13.93,13.95,945451
2009-04-28 16:30:00,13.89,14.06,13.57,13.59,340424
2009-04-28 17:00:00,13.59,13.89,13.59,13.84,588830
2009-04-28 17:30:00,13.85,13.88,13.69,13.7,383008
2009-04-28 18:00:00,13.69,13.95,13.69,13.94,244918
2009-04-28 18:30:00,13.95,13.95,13.85,13.95,137187
2009-04-28 19:00:00,13.94,14.0,13.94,13.98,130270
2009-04-28 19:30:00,13.99,14.05,13.95,14.05,163233
2009-04-28 20:00:00,14.05,14.1,13.88,13.91,212119
2009-04-28 20:30:00,13.9,13.99,13.89,13.92,138140
2009-04-28 21:00:00,13.92,14.0,13.88,13.92,312408
2009-04-28 21:30:00,13.93,14.08,13.93,13.98,338362
2009-04-28 22:00:00,13.99,14.04,13.84,13.85,321701
2009-04-28 22:30:00,13.85,13.85,13.61,13.63,765737
2009-04-29 16:30:00,13.79,14.08,13.63,13.76,389314
2009-04-29 17:00:00,13.77,14.05,13.72,14.02,312214
2009-04-29 17:30:00,14.02,14.21,14.01,14.2,387534
2009-04-29 18:00:00,14.2,14.4,14.15,14.38,239149
2009-04-29 18:30:00,14.39,14.58,14.39,14.58,299984
2009-04-29 19:00:00,14.57,14.68,14.53,14.56,248914
2009-04-29 19:30:00,14.56,14.62,14.5,14.59,86159
2009-04-29 20:00:00,14.59,14.83,14.58,14.78,265868
2009-04-29 20:30:00,14.77,14.85,14.72,14.73,328755
2009-04-29 21:00:00,14.72,14.78,14.7,14.75,385988
2009-04-29 21:30:00,14.75,14.9,14.7,14.82,756699
2009-04-29 22:00:00,14.82,14.86,14.66,14.68,509919
2009-04-29 22:30:00,14.68,15.01,14.6,14.99,1237483
2009-04-30 16:30:00,15.07,15.28,14.86,15.2,393051
2009-04-30 17:00:00,15.18,15.46,15.18,15.35,516235
2009-04-30 17:30:00,15.36,15.41,15.26,15.36,390193
2009-04-30 18:00:00,15.37,15.45,15.26,15.26,251975
2009-04-30 18:30:00,15.27,15.28,15.11,15.13,229391
2009-04-30 19:00:00,15.13,15.16,15.02,15.03,141252
2009-04-30 19:30:00,15.02,15.02,14.8,14.88,219365
2009-04-30 20:00:00,14.88,14.88,14.66,14.72,199874
2009-04-30 20:30:00,14.72,14.96,14.69,14.95,152974
2009-04-30 21:00:00,14.95,15.08,14.9,15.06,95541
2009-04-30 21:30:00,15.06,15.08,14.91,15.01,182413
2009-04-30 22:00:00,15.01,15.01,14.72,14.83,331803
2009-04-30 22:30:00,14.82,14.92,14.61,14.65,898261
2009-05-01 16:30:00,14.65,14.82,14.48,14.8,210304
2009-05-01 17:00:00,14.81,14.83,14.45,14.62,235323
2009-05-01 17:30:00,14.61,14.67,14.55,14.57,131768
2009-05-01 18:00:00,14.57,14.66,14.55,14.62,138983
2009-05-01 18:30:00,14.61,14.63,14.55,14.62,242875
2009-05-01 19:00:00,14.6,14.71,14.55,14.67,193242
2009-05-01 19:30:00,14.66,14.75,14.64,14.74,233940
2009-05-01 20:00:00,14.74,14.78,14.68,14.77,166059
2009-05-01 20:30:00,14.76,14.85,14.75,14.81,156622
2009-05-01 21:00:00,14.81,14.83,14.7,14.73,130495
2009-05-01 21:30:00,14.72,14.72,14.66,14.68,209438
2009-05-01 22:00:00,14.69,14.85,14.68,14.69,378081
2009-05-01 22:30:00,14.7,14.87,14.68,14.85,934194
2009-05-04 16:30:00,14.91,15.25,14.71,15.05,593979
2009-05-04 17:00:00,15.05,15.16,15.0,15.04,620813
2009-05-04 17:30:00,15.05,15.17,15.03,15.11,403100
2009-05-04 18:00:00,15.09,15.14,15.0,15.02,316327
2009-05-04 18:30:00,15.02,15.09,15.0,15.07,306849
2009-05-04 19:00:00,15.08,15.16,15.06,15.14,399704
2009-05-04 19:30:00,15.14,15.29,15.1,15.27,535118
2009-05-04 20:00:00,15.28,15.31,15.24,15.28,197655
2009-05-04 20:30:00,15.27,15.38,15.27,15.32,318691
2009-05-04 21:00:00,15.32,15.48,15.3,15.48,429693
2009-05-04 21:30:00,15.47,15.59,15.4,15.52,398765
2009-05-04 22:00:00,15.52,15.71,15.51,15.71,592185
2009-05-04 22:30:00,15.71,16.35,15.7,16.33,2388841
2009-05-05 16:30:00,15.81,16.33,15.25,16.24,414467
2009-05-05 17:00:00,16.26,16.31,16.01,16.03,337876
2009-05-05 17:30:00,16.03,16.04,15.85,15.85,354137
2009-05-05 18:00:00,15.86,15.92,15.79,15.87,159848
2009-05-05 18:30:00,15.87,16.04,15.87,16.03,198508
2009-05-05 19:00:00,16.03,16.16,16.01,16.05,166484
2009-05-05 19:30:00,16.06,16.09,15.93,16.0,156070
2009-05-05 20:00:00,16.01,16.09,15.95,16.01,139195
2009-05-05 20:30:00,16.01,16.17,15.99,16.12,361372
2009-05-05 21:00:00,16.13,16.19,16.07,16.1,221353
2009-05-05 21:30:00,16.09,16.18,16.06,16.11,266392
2009-05-05 22:00:00,16.1,16.22,16.06,16.2,347058
2009-05-05 22:30:00,16.2,16.34,16.12,16.14,752175
2009-05-06 16:30:00,16.65,16.76,15.69,16.36,654356
2009-05-06 17:00:00,16.37,16.38,15.92,15.92,241192
2009-05-06 17:30:00,15.92,16.2,15.92,16.17,160977
2009-05-06 18:00:00,16.17,16.21,15.89,15.96,183346
2009-05-06 18:30:00,15.97,16.03,15.9,16.0,114416
2009-05-06 19:00:00,15.99,16.09,15.98,16.09,117388
2009-05-06 19:30:00,16.1,16.1,15.95,15.97,157260
2009-05-06 20:00:00,15.97,16.01,15.87,15.92,116961
2009-05-06 20:30:00,15.92,16.25,15.9,16.24,187037
2009-05-06 21:00:00,16.25,16.54,16.25,16.53,182961
2009-05-06 21:30:00,16.52,16.6,16.39,16.51,345213
2009-05-06 22:00:00,16.51,16.54,16.06,16.17,491305
2009-05-06 22:30:00,16.17,16.58,16.09,16.55,1162009
2009-05-07 16:30:00,16.71,16.92,16.08,16.6,525970
2009-05-07 17:00:00,16.61,16.73,16.43,16.62,669033
2009-05-07 17:30:00,16.63,16.7,16.38,16.65,446477
2009-05-07 18:00:00,16.65,16.67,16.48,16.56,717363
2009-05-07 18:30:00,16.57,16.64,16.42,16.5,503265
2009-05-07 19:00:00,16.5,16.64,16.46,16.59,360918
2009-05-07 19:30:00,16.6,16.75,16.57,16.6,324361
2009-05-07 20:00:00,16.6,16.62,16.35,16.41,636557
2009-05-07 20:30:00,16.41,16.5,16.25,16.44,455382
2009-05-07 21:00:00,16.44,16.53,16.29,16.42,464486
2009-05-07 21:30:00,16.42,16.42,16.25,16.25,605487
2009-05-07 22:00:00,16.26,16.29,16.0,16.15,753366
2009-05-07 22:30:00,16.15,16.51,15.82,15.86,1296066
2009-05-08 16:30:00,16.08,16.42,15.78,16.41,405212
2009-05-08 17:00:00,16.4,16.4,15.99,16.0,362554
2009-05-08 17:30:00,16.01,16.27,16.0,16.22,290684
2009-05-08 18:00:00,16.22,16.44,16.22,16.36,210298
2009-05-08 18:30:00,16.36,16.57,16.33,16.56,246656
2009-05-08 19:00:00,16.56,16.73,16.49,16.57,267440
2009-05-08 19:30:00,16.56,16.69,16.53,16.66,317062
2009-05-08 20:00:00,16.67,16.89,16.63,16.74,213030
2009-05-08 20:30:00,16.74,16.84,16.61,16.62,330815
2009-05-08 21:00:00,16.61,16.79,16.61,16.76,510921
2009-05-08 21:30:00,16.75,16.79,16.66,16.67,453549
2009-05-08 22:00:00,16.68,16.75,16.41,16.52,844959
2009-05-08 22:30:00,16.52,16.92,16.45,16.91,1884020
2009-05-11 16:30:00,16.16,16.28,15.76,15.82,252684
2009-05-11 17:00:00,15.83,15.99,15.75,15.85,477630
2009-05-11 17:30:00,15.84,16.17,15.82,16.11,363395
2009-05-11 18:00:00,16.1,16.11,15.98,15.99,290161
2009-05-11 18:30:00,15.99,16.09,15.86,15.87,269862
2009-05-11 19:00:00,15.86,15.9,15.78,15.9,265708
2009-05-11 19:30:00,15.89,15.9,15.79,15.8,189144
2009-05-11 20:00:00,15.8,15.82,15.66,15.78,178238
2009-05-11 20:30:00,15.77,15.82,15.73,15.73,240736
2009-05-11 21:00:00,15.73,15.75,15.68,15.75,241541
2009-05-11 21:30:00,15.75,15.87,15.72,15.74,309492
2009-05-11 22:00:00,15.74,15.89,15.68,15.8,654212
2009-05-11 22:30:00,15.8,15.81,15.5,15.51,1530452
2009-05-12 16:30:00,15.16,15.81,15.01,15.21,732526
2009-05-12 17:00:00,15.21,15.25,14.93,14.98,749192
2009-05-12 17:30:00,14.98,15.05,14.92,15.03,413342
2009-05-12 18:00:00,15.04,15.08,14.96,15.0,249692
2009-05-12 18:30:00,15.0,15.06,14.92,15.01,234518
2009-05-12 19:00:00,15.01,15.02,14.94,14.96,269713
2009-05-12 19:30:00,14.94,14.98,14.8,14.81,177463
2009-05-12 20:00:00,14.81,14.97,14.79,14.89,207366
2009-05-12 20:30:00,14.89,15.01,14.87,14.94,146399
2009-05-12 21:00:00,14.94,15.06,14.9,15.0,377123
2009-05-12 21:30:00,14.99,15.37,14.97,15.3,561017
2009-05-12 22:00:00,15.3,15.63,15.29,15.49,628069
2009-05-12 22:30:00,15.49,15.5,15.15,15.29,1039358
2009-05-13 16:30:00,15.02,15.15,14.74,14.87,317762
2009-05-13 17:00:00,14.86,14.91,14.72,14.86,324903
2009-05-13 17:30:00,14.86,14.87,14.79,14.84,257248
2009-05-13 18:00:00,14.83,15.04,14.82,15.02,385648
2009-05-13 18:30:00,15.01,15.04,14.93,14.95,211599
2009-05-13 19:00:00,14.95,15.1,14.95,14.99,139962
2009-05-13 19:30:00,14.99,15.01,14.85,14.85,163407
2009-05-13 20:00:00,14.85,14.9,14.78,14.82,159906
2009-05-13 20:30:00,14.82,14.95,14.79,14.92,184684
2009-05-13 21:00:00,14.93,14.94,14.78,14.82,236088
2009-05-13 21:30:00,14.81,14.84,14.74,14.82,183742
2009-05-13 22:00:00,14.81,14.83,14.62,14.63,421197
2009-05-13 22:30:00,14.63,14.68,14.46,14.55,1074344
2009-05-14 16:30:00,14.53,14.77,14.06,14.62,330998
2009-05-14 17:00:00,14.61,14.71,14.56,14.61,181121
2009-05-14 17:30:00,14.62,14.79,14.62,14.75,144882
2009-05-14 18:00:00,14.76,14.95,14.75,14.88,177575
2009-05-14 18:30:00,14.88,14.9,14.77,14.79,154719
2009-05-14 19:00:00,14.8,15.02,14.79,14.98,231180
2009-05-14 19:30:00,14.97,15.03,14.89,14.9,147590
2009-05-14 20:00:00,14.89,14.94,14.74,14.8,110169
2009-05-14 20:30:00,14.8,14.95,14.79,14.86,92731
2009-05-14 21:00:00,14.86,15.01,14.86,14.94,164145
2009-05-14 21:30:00,14.93,15.04,14.93,14.99,146324
2009-05-14 22:00:00,14.99,15.07,14.93,15.03,321921
2009-05-14 22:30:00,15.02,15.06,14.79,14.94,863949
2009-05-15 16:30:00,14.79,15.1,14.31,14.58,464925
2009-05-15 17:00:00,14.6,14.62,14.41,14.61,351832
2009-05-15 17:30:00,14.61,14.89,14.5,14.74,269207
2009-05-15 18:00:00,14.74,14.83,14.68,14.69,178915
2009-05-15 18:30:00,14.69,14.7,14.54,14.54,189485
2009-05-15 19:00:00,14.54,14.69,14.54,14.62,161638
2009-05-15 19:30:00,14.63,14.64,14.55,14.59,149150
2009-05-15 20:00:00,14.6,14.71,14.59,14.63,107634
2009-05-15 20:30:00,14.63,14.68,14.6,14.65,69857
2009-05-15 21:00:00,14.64,14.66,14.54,14.6,130738
2009-05-15 21:30:00,14.6,14.61,14.5,14.54,244271
2009-05-15 22:00:00,14.54,14.69,14.42,14.67,341742
2009-05-15 22:30:00,14.67,14.67,14.39,14.48,771841
2009-05-18 16:30:00,14.77,14.99,14.52,14.65,186230
2009-05-18 17:00:00,14.65,14.82,14.54,14.74,209124
2009-05-18 17:30:00,14.75,14.99,14.75,14.91,153582
2009-05-18 18:00:00,14.9,14.97,14.89,14.95,105514
2009-05-18 18:30:00,14.96,15.03,14.94,14.96,94594
2009-05-18 19:00:00,14.97,15.15,14.96,15.13,126967
2009-05-18 19:30:00,15.12,15.22,15.12,15.18,130937
2009-05-18 20:00:00,15.17,15.18,15.0,15.04,114002
2009-05-18 20:30:00,15.05,15.15,15.02,15.09,138876
2009-05-18 21:00:00,15.09,15.15,15.03,15.06,114692
2009-05-18 21:30:00,15.06,15.22,15.06,15.22,253741
2009-05-18 22:00:00,15.2,15.31,15.18,15.3,331417
2009-05-18 22:30:00,15.3,15.72,15.29,15.58,1504297
2009-05-19 16:30:00,14.34,15.26,13.71,13.87,1062873
2009-05-19 17:00:00,13.86,14.57,13.85,14.5,924106
2009-05-19 17:30:00,14.5,14.71,14.49,14.61,633521
2009-05-19 18:00:00,14.61,14.73,14.4,14.49,613585
2009-05-19 18:30:00,14.49,14.61,14.42,14.45,465715
2009-05-19 19:00:00,14.46,14.49,14.31,14.43,446391
2009-05-19 19:30:00,14.43,14.51,14.42,14.48,387547
2009-05-19 20:00:00,14.48,14.52,14.44,14.5,765425
2009-05-19 20:30:00,14.5,14.6,14.48,14.53,728317
2009-05-19 21:00:00,14.52,14.56,14.49,14.55,443619
2009-05-19 21:30:00,14.54,14.57,14.5,14.53,771551
2009-05-19 22:00:00,14.53,14.6,14.5,14.52,1545742
2009-05-19 22:30:00,14.52,14.53,14.0,14.13,2680055
2009-05-20 16:30:00,14.62,14.88,14.5,14.62,7041412
2009-05-20 17:00:00,14.63,14.84,14.62,14.83,2086067
2009-05-20 17:30:00,14.83,14.93,14.72,14.72,1946450
2009-05-20 18:00:00,14.72,14.73,14.54,14.59,1507877
2009-05-20 18:30:00,14.59,14.74,14.5,14.51,1033521
2009-05-20 19:00:00,14.5,14.63,14.5,14.6,889438
2009-05-20 19:30:00,14.6,14.61,14.5,14.51,921071
2009-05-20 20:00:00,14.5,14.6,14.5,14.55,635839
2009-05-20 20:30:00,14.55,14.72,14.53,14.7,638201
2009-05-20 21:00:00,14.71,14.71,14.55,14.62,794579
2009-05-20 21:30:00,14.63,14.68,14.53,14.64,704725
2009-05-20 22:00:00,14.63,14.63,14.5,14.52,1340358
2009-05-20 22:30:00,14.52,14.57,14.36,14.55,3400599
2009-05-21 16:30:00,14.45,14.5,14.29,14.39,1088513
2009-05-21 17:00:00,14.39,14.6,14.37,14.4,748573
2009-05-21 17:30:00,14.4,14.46,14.4,14.4,521588
2009-05-21 18:00:00,14.4,14.42,14.32,14.35,556808
2009-05-21 18:30:00,14.35,14.58,14.33,14.58,315761
2009-05-21 19:00:00,14.57,14.59,14.5,14.57,156756
2009-05-21 19:30:00,14.57,14.65,14.56,14.62,282846
2009-05-21 20:00:00,14.62,14.65,14.4,14.44,199930
2009-05-21 20:30:00,14.45,14.47,14.36,14.37,595312
2009-05-21 21:00:00,14.37,14.4,14.26,14.29,362522
2009-05-21 21:30:00,14.29,14.4,14.29,14.39,399325
2009-05-21 22:00:00,14.39,14.48,14.35,14.38,428713
2009-05-21 22:30:00,14.39,14.58,14.38,14.52,1040008
2009-05-22 16:30:00,14.59,14.75,14.27,14.71,579648
2009-05-22 17:00:00,14.7,14.88,14.63,14.75,418193
2009-05-22 17:30:00,14.76,14.89,14.69,14.85,318435
2009-05-22 18:00:00,14.86,14.86,14.67,14.69,217372
2009-05-22 18:30:00,14.69,14.77,14.62,14.75,237405
2009-05-22 19:00:00,14.74,14.88,14.74,14.86,264691
2009-05-22 19:30:00,14.86,14.94,14.84,14.94,292585
2009-05-22 20:00:00,14.93,14.97,14.91,14.94,188040
2009-05-22 20:30:00,14.93,14.93,14.81,14.89,171449
2009-05-22 21:00:00,14.88,14.92,14.49,14.84,122936
2009-05-22 21:30:00,14.84,14.85,14.79,14.83,198991
2009-05-22 22:00:00,14.82,14.91,14.76,14.81,307406
2009-05-22 22:30:00,14.81,14.89,14.57,14.58,735810
2009-05-26 16:30:00,14.3,14.8,14.27,14.7,535919
2009-05-26 17:00:00,14.7,15.0,14.7,14.94,720534
2009-05-26 17:30:00,14.94,15.15,14.94,15.07,533438
2009-05-26 18:00:00,15.07,15.13,15.02,15.04,313219
2009-05-26 18:30:00,15.03,15.14,15.03,15.1,259951
2009-05-26 19:00:00,15.1,15.1,14.98,15.08,211631
2009-05-26 19:30:00,15.07,15.25,15.03,15.22,299662
2009-05-26 20:00:00,15.22,15.3,15.18,15.22,358657
2009-05-26 20:30:00,15.22,15.27,15.15,15.27,205004
2009-05-26 21:00:00,15.27,15.35,15.23,15.34,330439
2009-05-26 21:30:00,15.34,15.43,15.27,15.3,365955
2009-05-26 22:00:00,15.29,15.41,15.28,15.38,716888
2009-05-26 22:30:00,15.37,15.5,15.35,15.46,1216724
2009-05-27 16:30:00,15.42,15.42,15.05,15.36,294363
2009-05-27 17:00:00,15.37,15.47,15.2,15.25,339128
2009-05-27 17:30:00,15.25,15.26,15.08,15.13,284789
2009-05-27 18:00:00,15.13,15.15,15.04,15.1,274825
2009-05-27 18:30:00,15.09,15.4,15.07,15.39,303089
2009-05-27 19:00:00,15.39,15.46,15.32,15.36,334252
2009-05-27 19:30:00,15.36,15.37,15.15,15.21,320934
2009-05-27 20:00:00,15.2,15.27,15.2,15.22,183534
2009-05-27 20:30:00,15.22,15.23,14.94,14.97,308081
2009-05-27 21:00:00,14.97,15.01,14.76,14.78,418419
2009-05-27 21:30:00,14.77,14.93,14.75,14.9,288424
2009-05-27 22:00:00,14.89,14.93,14.74,14.76,613657
2009-05-27 22:30:00,14.77,14.84,14.58,14.66,1289117
2009-05-28 16:30:00,15.05,15.24,14.89,14.98,284001
2009-05-28 17:00:00,14.98,14.98,14.66,14.74,301104
2009-05-28 17:30:00,14.75,14.89,14.7,14.75,295619
2009-05-28 18:00:00,14.75,14.87,14.74,14.8,296018
2009-05-28 18:30:00,14.8,14.96,14.77,14.93,238772
2009-05-28 19:00:00,14.92,14.95,14.7,14.72,217529
2009-05-28 19:30:00,14.71,14.77,14.66,14.75,216624
2009-05-28 20:00:00,14.75,15.02,14.74,14.9,388482
2009-05-28 20:30:00,14.9,14.95,14.85,14.91,196240
2009-05-28 21:00:00,14.92,15.19,14.91,15.11,358645
2009-05-28 21:30:00,15.12,15.12,15.0,15.06,278150
2009-05-28 22:00:00,15.06,15.14,14.99,15.0,406076
2009-05-28 22:30:00,15.0,15.23,14.96,15.21,1361492
2009-05-29 16:30:00,15.3,15.46,14.93,15.05,767663
2009-05-29 17:00:00,15.05,15.27,15.0,15.26,401272
2009-05-29 17:30:00,15.26,15.34,15.17,15.31,276226
2009-05-29 18:00:00,15.32,15.37,15.24,15.26,316117
2009-05-29 18:30:00,15.27,15.37,15.22,15.24,369150
2009-05-29 19:00:00,15.23,15.29,15.21,15.28,139404
2009-05-29 19:30:00,15.27,15.27,15.11,15.14,206870
2009-05-29 20:00:00,15.14,15.22,15.12,15.2,157753
2009-05-29 20:30:00,15.21,15.28,15.15,15.16,115127
2009-05-29 21:00:00,15.16,15.24,15.14,15.17,149141
2009-05-29 21:30:00,15.17,15.24,15.12,15.23,227034
2009-05-29 22:00:00,15.24,15.34,15.2,15.3,445129
2009-05-29 22:30:00,15.3,15.62,15.28,15.62,975721
2009-06-01 16:30:00,15.97,16.94,15.96,16.92,1190620
2009-06-01 17:00:00,16.93,17.4,16.75,17.22,974259
2009-06-01 17:30:00,17.22,17.23,16.95,17.0,725823
2009-06-01 18:00:00,17.0,17.0,16.79,16.85,494027
2009-06-01 18:30:00,16.83,16.9,16.72,16.87,845451
2009-06-01 19:00:00,16.87,16.9,16.83,16.87,442412
2009-06-01 19:30:00,16.87,16.87,16.77,16.79,512186
2009-06-01 20:00:00,16.79,16.8,16.69,16.71,381574
2009-06-01 20:30:00,16.72,16.77,16.68,16.71,308291
2009-06-01 21:00:00,16.71,16.73,16.61,16.61,364175
2009-06-01 21:30:00,16.61,16.62,16.46,16.46,928970
2009-06-01 22:00:00,16.47,16.52,16.29,16.5,1060866
2009-06-01 22:30:00,16.5,16.75,16.32,16.35,2557528
2009-06-02 16:30:00,16.32,16.6,16.19,16.6,643673
2009-06-02 17:00:00,16.6,16.89,16.6,16.88,500584
2009-06-02 17:30:00,16.89,17.01,16.88,16.89,385868
2009-06-02 18:00:00,16.89,17.07,16.85,17.06,438462
2009-06-02 18:30:00,17.04,17.08,16.92,17.0,271738
2009-06-02 19:00:00,17.0,17.06,16.97,16.98,169851
2009-06-02 19:30:00,16.97,17.07,16.97,17.05,108099
2009-06-02 20:00:00,17.05,17.05,16.96,17.02,218622
2009-06-02 20:30:00,17.01,17.09,16.99,17.08,305030
2009-06-02 21:00:00,17.08,17.25,17.05,17.22,463834
2009-06-02 21:30:00,17.22,17.27,17.15,17.23,330438
2009-06-02 22:00:00,17.23,17.3,17.18,17.21,542180
2009-06-02 22:30:00,17.21,17.33,17.08,17.12,1187102
2009-06-03 16:30:00,17.29,17.44,17.05,17.41,974350
2009-06-03 17:00:00,17.4,17.46,17.16,17.36,1094922
2009-06-03 17:30:00,17.35,17.56,17.3,17.56,442459
2009-06-03 18:00:00,17.56,17.69,17.45,17.52,529096
2009-06-03 18:30:00,17.52,17.65,17.49,17.65,478507
2009-06-03 19:00:00,17.64,17.95,17.64,17.85,756778
2009-06-03 19:30:00,17.84,17.88,17.71,17.73,300706
2009-06-03 20:00:00,17.72,17.72,17.61,17.63,191953
2009-06-03 20:30:00,17.64,17.65,17.52,17.6,239310
2009-06-03 21:00:00,17.59,17.63,17.56,17.6,210304
2009-06-03 21:30:00,17.6,17.66,17.53,17.59,364328
2009-06-03 22:00:00,17.59,17.67,17.47,17.48,432244
2009-06-03 22:30:00,17.48,17.56,17.41,17.54,1122185
2009-06-04 16:30:00,17.84,17.98,17.47,17.71,1021394
2009-06-04 17:00:00,17.72,17.73,17.43,17.56,361237
2009-06-04 17:30:00,17.56,17.6,17.45,17.5,367071
2009-06-04 18:00:00,17.5,17.51,17.33,17.4,397121
2009-06-04 18:30:00,17.4,17.5,17.4,17.47,241201
2009-06-04 19:00:00,17.47,17.5,17.42,17.49,137801
2009-06-04 19:30:00,17.5,17.5,17.45,17.5,256193
2009-06-04 20:00:00,17.5,17.58,17.45,17.5,206941
2009-06-04 20:30:00,17.5,17.6,17.49,17.55,221224
2009-06-04 21:00:00,17.55,17.62,17.53,17.6,177685
2009-06-04 21:30:00,17.61,17.65,17.54,17.6,326711
2009-06-04 22:00:00,17.6,17.63,17.5,17.51,740696
2009-06-04 22:30:00,17.51,17.83,17.5,17.74,1404046
2009-06-05 16:30:00,18.1,18.1,17.34,17.35,669157
2009-06-05 17:00:00,17.36,17.53,17.18,17.4,716777
2009-06-05 17:30:00,17.4,17.68,17.35,17.68,376754
2009-06-05 18:00:00,17.67,17.74,17.53,17.59,330463
2009-06-05 18:30:00,17.59,17.61,17.5,17.57,200578
2009-06-05 19:00:00,17.57,17.65,17.52,17.63,190921
2009-06-05 19:30:00,17.63,17.67,17.59,17.64,194365
2009-06-05 20:00:00,17.64,17.67,17.56,17.62,275868
2009-06-05 20:30:00,17.62,17.67,17.48,17.57,413712
2009-06-05 21:00:00,17.57,17.61,17.37,17.5,296907
2009-06-05 21:30:00,17.5,17.55,17.45,17.55,431611
2009-06-05 22:00:00,17.55,17.55,17.47,17.48,503460
2009-06-05 22:30:00,17.47,17.55,17.35,17.39,1054502
2009-06-08 16:30:00,17.26,17.35,16.98,17.03,327375
2009-06-08 17:00:00,17.03,17.21,17.01,17.11,227342
2009-06-08 17:30:00,17.09,17.14,17.06,17.1,352010
2009-06-08 18:00:00,17.11,17.13,17.05,17.09,287969
2009-06-08 18:30:00,17.09,17.11,17.0,17.02,182635
2009-06-08 19:00:00,17.02,17.03,16.95,17.0,237411
2009-06-08 19:30:00,16.98,17.0,16.91,16.92,175539
2009-06-08 20:00:00,16.92,17.05,16.92,17.01,149904
2009-06-08 20:30:00,17.02,17.11,16.99,17.09,221309
2009-06-08 21:00:00,17.09,17.13,17.09,17.12,97921
2009-06-08 21:30:00,17.12,17.17,17.1,17.14,189564
2009-06-08 22:00:00,17.14,17.47,17.12,17.43,339091
2009-06-08 22:30:00,17.42,17.61,17.42,17.46,735047
2009-06-09 16:30:00,17.98,18.19,17.64,17.98,577642
2009-06-09 17:00:00,17.98,18.03,17.85,17.86,639973
2009-06-09 17:30:00,17.86,17.9,17.78,17.79,177708
2009-06-09 18:00:00,17.78,17.79,17.7,17.75,142581
2009-06-09 18:30:00,17.75,17.81,17.71,17.77,153899
2009-06-09 19:00:00,17.77,17.81,17.76,17.78,211195
2009-06-09 19:30:00,17.78,17.8,17.74,17.74,197351
2009-06-09 20:00:00,17.75,17.76,17.67,17.76,137338
2009-06-09 20:30:00,17.76,17.85,17.72,17.82,161040
2009-06-09 21:00:00,17.82,17.83,17.78,17.8,179394
2009-06-09 21:30:00,17.81,17.86,17.75,17.86,990941
2009-06-09 22:00:00,17.87,17.92,17.83,17.91,743714
2009-06-09 22:30:00,17.91,18.09,17.91,18.0,1202546
2009-06-10 16:30:00,18.14,18.22,17.83,17.91,460792
2009-06-10 17:00:00,17.9,17.96,17.78,17.9,524593
2009-06-10 17:30:00,17.9,17.92,17.87,17.9,313592
2009-06-10 18:00:00,17.9,18.04,17.86,18.03,333929
2009-06-10 18:30:00,18.03,18.1,17.89,17.93,341380
2009-06-10 19:00:00,17.93,18.02,17.84,17.85,310061
2009-06-10 19:30:00,17.85,17.93,17.83,17.9,217941
2009-06-10 20:00:00,17.89,17.91,17.72,17.76,644469
2009-06-10 20:30:00,17.75,17.76,17.63,17.72,311773
2009-06-10 21:00:00,17.72,17.9,17.67,17.86,414265
2009-06-10 21:30:00,17.86,17.95,17.76,17.9,398119
2009-06-10 22:00:00,17.9,17.96,17.87,17.92,484081
2009-06-10 22:30:00,17.92,18.14,17.91,18.11,760978
2009-06-11 16:30:00,18.15,18.31,17.93,18.18,561274
2009-06-11 17:00:00,18.19,18.24,18.08,18.1,405343
2009-06-11 17:30:00,18.1,18.43,18.09,18.38,518946
2009-06-11 18:00:00,18.38,18.5,18.35,18.49,354827
2009-06-11 18:30:00,18.49,18.65,18.38,18.64,578429
2009-06-11 19:00:00,18.64,18.68,18.5,18.57,521528
2009-06-11 19:30:00,18.57,18.61,18.47,18.48,358218
2009-06-11 20:00:00,18.48,18.72,18.44,18.66,337061
2009-06-11 20:30:00,18.66,18.68,18.53,18.61,199780
2009-06-11 21:00:00,18.61,18.64,18.55,18.6,538830
2009-06-11 21:30:00,18.6,18.69,18.5,18.61,691195
2009-06-11 22:00:00,18.61,18.66,18.54,18.57,465895
2009-06-11 22:30:00,18.57,18.61,18.48,18.49,1494053
2009-06-12 16:30:00,18.55,18.55,18.11,18.29,472159
2009-06-12 17:00:00,18.28,18.4,18.21,18.27,397867
2009-06-12 17:30:00,18.27,18.38,18.26,18.36,327093
2009-06-12 18:00:00,18.36,18.38,18.29,18.29,455871
2009-06-12 18:30:00,18.3,18.36,18.29,18.29,164815
2009-06-12 19:00:00,18.29,18.38,18.29,18.37,240749
2009-06-12 19:30:00,18.37,18.38,18.29,18.38,123631
2009-06-12 20:00:00,18.39,18.44,18.36,18.4,115822
2009-06-12 20:30:00,18.4,18.45,18.37,18.39,143687
2009-06-12 21:00:00,18.4,18.46,18.34,18.45,264087
2009-06-12 21:30:00,18.45,18.68,18.45,18.6,262350
2009-06-12 22:00:00,18.6,18.62,18.54,18.6,211852
2009-06-12 22:30:00,18.6,18.69,18.5,18.68,563424
2009-06-15 16:30:00,18.53,18.65,18.12,18.22,258879
2009-06-15 17:00:00,18.21,18.21,17.99,18.17,259418
2009-06-15 17:30:00,18.17,18.23,18.11,18.2,477563
2009-06-15 18:00:00,18.21,18.31,18.19,18.27,516850
2009-06-15 18:30:00,18.27,18.34,18.2,18.32,525158
2009-06-15 19:00:00,18.31,18.35,18.19,18.21,279731
2009-06-15 19:30:00,18.2,18.26,18.1,18.14,335539
2009-06-15 20:00:00,18.13,18.15,17.97,17.99,499692
2009-06-15 20:30:00,17.99,18.01,17.94,17.95,175853
2009-06-15 21:00:00,17.96,17.98,17.94,17.97,127434
2009-06-15 21:30:00,17.98,17.98,17.93,17.96,286128
2009-06-15 22:00:00,17.97,17.97,17.83,17.84,396905
2009-06-15 22:30:00,17.84,17.89,17.75,17.78,1288007
2009-06-16 16:30:00,17.86,17.96,17.65,17.72,506807
2009-06-16 17:00:00,17.72,17.78,17.64,17.65,452007
2009-06-16 17:30:00,17.65,17.67,17.56,17.63,688522
2009-06-16 18:00:00,17.63,17.7,17.62,17.7,248229
2009-06-16 18:30:00,17.7,17.76,17.66,17.69,310285
2009-06-16 19:00:00,17.69,17.71,17.67,17.7,223111
2009-06-16 19:30:00,17.7,17.71,17.36,17.45,420932
2009-06-16 20:00:00,17.45,17.45,17.24,17.26,487583
2009-06-16 20:30:00,17.26,17.29,17.13,17.22,635171
2009-06-16 21:00:00,17.22,17.23,17.09,17.12,441221
2009-06-16 21:30:00,17.11,17.2,17.06,17.19,376102
2009-06-16 22:00:00,17.2,17.5,17.19,17.5,866183
2009-06-16 22:30:00,17.49,17.53,17.23,17.31,1209145
2009-06-17 16:30:00,17.1,17.37,16.85,16.85,547447
2009-06-17 17:00:00,16.85,16.87,16.71,16.78,867600
2009-06-17 17:30:00,16.78,16.79,16.51,16.52,590529
2009-06-17 18:00:00,16.52,16.61,16.41,16.48,789726
2009-06-17 18:30:00,16.48,16.56,16.46,16.54,471158
2009-06-17 19:00:00,16.55,16.7,16.53,16.67,630618
2009-06-17 19:30:00,16.66,16.77,16.63,16.65,437434
2009-06-17 20:00:00,16.65,16.67,16.56,16.65,329895
2009-06-17 20:30:00,16.65,16.8,16.63,16.73,419743
2009-06-17 21:00:00,16.73,16.87,16.73,16.87,514646
2009-06-17 21:30:00,16.87,16.87,16.75,16.82,329713
2009-06-17 22:00:00,16.82,16.86,16.63,16.65,734614
2009-06-17 22:30:00,16.66,16.73,16.61,16.68,1135882
2009-06-18 16:30:00,16.67,16.81,16.5,16.73,298287
2009-06-18 17:00:00,16.72,16.78,16.68,16.73,657409
2009-06-18 17:30:00,16.73,16.76,16.7,16.73,215092
2009-06-18 18:00:00,16.72,16.81,16.72,16.8,455771
2009-06-18 18:30:00,16.79,16.8,16.74,16.78,202567
2009-06-18 19:00:00,16.78,16.79,16.71,16.74,170852
2009-06-18 19:30:00,16.74,16.77,16.74,16.75,189063
2009-06-18 20:00:00,16.75,16.8,16.74,16.78,230557
2009-06-18 20:30:00,16.78,16.78,16.7,16.72,181107
2009-06-18 21:00:00,16.72,16.73,16.64,16.7,276786
2009-06-18 21:30:00,16.7,16.76,16.67,16.74,367436
2009-06-18 22:00:00,16.75,16.82,16.71,16.76,313758
2009-06-18 22:30:00,16.74,16.79,16.59,16.73,757359
2009-06-19 16:30:00,17.0,17.07,16.79,16.99,1642997
2009-06-19 17:00:00,16.98,17.01,16.87,16.91,343341
2009-06-19 17:30:00,16.91,17.17,16.91,17.13,515090
2009-06-19 18:00:00,17.13,17.21,17.12,17.19,252331
2009-06-19 18:30:00,17.2,17.26,17.19,17.25,309532
2009-06-19 19:00:00,17.25,17.29,17.23,17.29,360888
2009-06-19 19:30:00,17.29,17.34,17.29,17.3,253271
2009-06-19 20:00:00,17.3,17.33,17.29,17.33,254315
2009-06-19 20:30:00,17.32,17.34,17.29,17.29,253456
2009-06-19 21:00:00,17.28,17.3,17.12,17.14,424615
2009-06-19 21:30:00,17.14,17.21,17.13,17.19,195118
2009-06-19 22:00:00,17.2,17.37,17.19,17.37,605883
2009-06-19 22:30:00,17.36,17.46,17.35,17.41,957733
2009-06-22 16:30:00,17.25,17.34,17.15,17.18,433464
2009-06-22 17:00:00,17.18,17.21,17.06,17.1,502214
2009-06-22 17:30:00,17.1,17.12,17.0,17.06,323054
2009-06-22 18:00:00,17.05,17.07,16.87,16.88,337177
2009-06-22 18:30:00,16.88,16.94,16.74,16.79,394279
2009-06-22 19:00:00,16.79,16.83,16.67,16.67,275141
2009-06-22 19:30:00,16.67,16.71,16.56,16.6,237736
2009-06-22 20:00:00,16.6,16.63,16.52,16.55,241797
2009-06-22 20:30:00,16.55,16.62,16.54,16.54,161053
2009-06-22 21:00:00,16.54,16.55,16.38,16.38,320817
2009-06-22 21:30:00,16.38,16.49,16.36,16.39,359688
2009-06-22 22:00:00,16.4,16.46,16.22,16.23,374243
2009-06-22 22:30:00,16.23,16.33,16.07,16.09,1435249
2009-06-23 16:30:00,16.15,16.38,16.03,16.19,556631
2009-06-23 17:00:00,16.19,16.31,16.06,16.09,515335
2009-06-23 17:30:00,16.1,16.23,16.02,16.04,343198
2009-06-23 18:00:00,16.05,16.06,15.91,16.01,311095
2009-06-23 18:30:00,16.01,16.22,15.99,16.22,395513
2009-06-23 19:00:00,16.22,16.25,16.11,16.16,388860
2009-06-23 19:30:00,16.16,16.37,16.15,16.35,452643
2009-06-23 20:00:00,16.35,16.49,16.33,16.34,357068
2009-06-23 20:30:00,16.34,16.36,16.25,16.26,119450
2009-06-23 21:00:00,16.25,16.42,16.23,16.37,217253
2009-06-23 21:30:00,16.39,16.42,16.29,16.4,221841
2009-06-23 22:00:00,16.4,16.46,16.29,16.45,433158
2009-06-23 22:30:00,16.44,16.47,16.31,16.46,655797
2009-06-24 16:30:00,16.64,16.79,16.51,16.71,260611
2009-06-24 17:00:00,16.7,16.75,16.59,16.73,320911
2009-06-24 17:30:00,16.74,16.95,16.67,16.91,331523
2009-06-24 18:00:00,16.91,16.99,16.87,16.95,187264
2009-06-24 18:30:00,16.95,17.04,16.95,17.01,181434
2009-06-24 19:00:00,17.0,17.05,16.99,17.05,263285
2009-06-24 19:30:00,17.05,17.09,16.99,17.05,196965
2009-06-24 20:00:00,17.05,17.21,17.05,17.16,144603
2009-06-24 20:30:00,17.15,17.19,17.08,17.18,135529
2009-06-24 21:00:00,17.19,17.24,17.06,17.11,275327
2009-06-24 21:30:00,17.11,17.16,17.0,17.11,353516
2009-06-24 22:00:00,17.11,17.14,16.87,16.98,475059
2009-06-24 22:30:00,16.98,17.03,16.85,16.99,627521
2009-06-25 16:30:00,16.69,16.96,16.63,16.83,290138
2009-06-25 17:00:00,16.85,16.89,16.68,16.74,477871
2009-06-25 17:30:00,16.74,16.76,16.64,16.68,273942
2009-06-25 18:00:00,16.68,16.76,16.66,16.76,341513
2009-06-25 18:30:00,16.77,16.83,16.72,16.81,337886
2009-06-25 19:00:00,16.81,16.84,16.75,16.79,226445
2009-06-25 19:30:00,16.79,16.8,16.72,16.76,172221
2009-06-25 20:00:00,16.75,16.88,16.75,16.82,193479
2009-06-25 20:30:00,16.82,16.87,16.77,16.79,154464
2009-06-25 21:00:00,16.8,16.8,16.64,16.7,299651
2009-06-25 21:30:00,16.71,16.74,16.64,16.69,255895
2009-06-25 22:00:00,16.68,16.84,16.66,16.83,359136
2009-06-25 22:30:00,16.83,16.95,16.71,16.94,855078
2009-06-26 16:30:00,17.04,17.43,16.93,17.01,517285
2009-06-26 17:00:00,17.01,17.06,16.99,17.0,266279
2009-06-26 17:30:00,17.01,17.05,16.76,16.85,262919
2009-06-26 18:00:00,16.86,16.93,16.79,16.86,163345
2009-06-26 18:30:00,16.86,16.94,16.84,16.91,217510
2009-06-26 19:00:00,16.91,16.95,16.85,16.89,171684
2009-06-26 19:30:00,16.9,17.07,16.88,17.01,242491
2009-06-26 20:00:00,17.0,17.04,16.96,17.01,377397
2009-06-26 20:30:00,17.01,17.1,16.98,17.09,440795
2009-06-26 21:00:00,17.1,17.18,17.03,17.14,242385
2009-06-26 21:30:00,17.15,17.33,17.13,17.3,373348
2009-06-26 22:00:00,17.3,17.46,17.29,17.45,596311
2009-06-26 22:30:00,17.45,17.77,17.44,17.58,1602390
2009-06-29 16:30:00,17.42,17.68,17.18,17.22,275074
2009-06-29 17:00:00,17.22,17.38,17.15,17.38,231585
2009-06-29 17:30:00,17.39,17.59,17.37,17.43,266877
2009-06-29 18:00:00,17.42,17.52,17.37,17.52,309625
2009-06-29 18:30:00,17.52,17.74,17.51,17.7,433029
2009-06-29 19:00:00,17.71,17.74,17.59,17.59,399581
2009-06-29 19:30:00,17.59,17.63,17.54,17.61,228491
2009-06-29 20:00:00,17.6,17.72,17.59,17.63,103177
2009-06-29 20:30:00,17.64,17.64,17.6,17.64,109266
2009-06-29 21:00:00,17.64,17.65,17.55,17.56,221044
2009-06-29 21:30:00,17.55,17.67,17.55,17.62,290424
2009-06-29 22:00:00,17.62,17.66,17.61,17.62,151720
2009-06-29 22:30:00,17.63,17.75,17.59,17.69,801836
2009-06-30 16:30:00,17.47,17.74,17.21,17.66,311487
2009-06-30 17:00:00,17.65,17.68,17.46,17.47,467209
2009-06-30 17:30:00,17.46,17.54,17.4,17.51,429363
2009-06-30 18:00:00,17.51,17.57,17.51,17.51,177169
2009-06-30 18:30:00,17.51,17.58,17.5,17.56,113113
2009-06-30 19:00:00,17.57,17.67,17.53,17.66,116279
2009-06-30 19:30:00,17.66,17.69,17.64,17.67,143638
2009-06-30 20:00:00,17.66,17.71,17.66,17.7,147154
2009-06-30 20:30:00,17.7,17.73,17.7,17.71,174899
2009-06-30 21:00:00,17.7,17.8,17.69,17.76,215389
2009-06-30 21:30:00,17.76,17.82,17.73,17.81,194562
2009-06-30 22:00:00,17.82,17.88,17.79,17.88,393489
2009-06-30 22:30:00,17.88,17.96,17.84,17.9,878767
2009-07-01 16:30:00,17.91,18.13,17.67,18.08,438278
2009-07-01 17:00:00,18.08,18.16,17.95,18.13,374311
2009-07-01 17:30:00,18.14,18.16,18.07,18.15,155234
2009-07-01 18:00:00,18.15,18.17,18.1,18.13,121381
2009-07-01 18:30:00,18.12,18.14,18.03,18.05,163678
2009-07-01 19:00:00,18.06,18.06,17.97,18.0,120952
2009-07-01 19:30:00,18.0,18.01,17.94,17.95,116432
2009-07-01 20:00:00,17.94,17.95,17.86,17.91,144790
2009-07-01 20:30:00,17.91,17.92,17.88,17.89,73563
2009-07-01 21:00:00,17.9,17.91,17.77,17.8,191924
2009-07-01 21:30:00,17.79,17.8,17.72,17.74,225161
2009-07-01 22:00:00,17.74,17.77,17.7,17.7,211116
2009-07-01 22:30:00,17.71,17.75,17.62,17.68,455630
2009-07-02 16:30:00,17.21,17.49,17.15,17.27,259191
2009-07-02 17:00:00,17.28,17.3,17.18,17.24,233904
2009-07-02 17:30:00,17.25,17.33,17.12,17.27,283911
2009-07-02 18:00:00,17.27,17.35,17.25,17.35,130492
2009-07-02 18:30:00,17.35,17.36,17.29,17.31,154360
2009-07-02 19:00:00,17.31,17.32,17.23,17.23,95351
2009-07-02 19:30:00,17.23,17.24,17.17,17.2,111552
2009-07-02 20:00:00,17.2,17.2,17.13,17.15,102733
2009-07-02 20:30:00,17.14,17.15,17.1,17.1,119175
2009-07-02 21:00:00,17.11,17.14,17.1,17.12,112395
2009-07-02 21:30:00,17.13,17.22,17.1,17.2,228522
2009-07-02 22:00:00,17.21,17.21,17.02,17.03,204498
2009-07-02 22:30:00,17.03,17.04,16.79,16.87,709331
2009-07-06 16:30:00,16.77,17.07,16.66,16.75,427119
2009-07-06 17:00:00,16.76,16.83,16.58,16.6,283424
2009-07-06 17:30:00,16.6,16.63,16.44,16.53,330575
2009-07-06 18:00:00,16.52,16.55,16.49,16.49,357854
2009-07-06 18:30:00,16.49,16.53,16.46,16.46,214594
2009-07-06 19:00:00,16.47,16.49,16.39,16.47,208777
2009-07-06 19:30:00,16.48,16.49,16.43,16.46,137565
2009-07-06 20:00:00,16.46,16.68,16.45,16.65,225041
2009-07-06 20:30:00,16.65,16.65,16.59,16.6,75108
2009-07-06 21:00:00,16.6,16.63,16.54,16.55,133009
2009-07-06 21:30:00,16.55,16.6,16.52,16.6,166737
2009-07-06 22:00:00,16.6,16.66,16.52,16.58,192499
2009-07-06 22:30:00,16.57,16.66,16.48,16.64,1070705
2009-07-07 16:30:00,16.68,16.98,16.5,16.8,317991
2009-07-07 17:00:00,16.8,16.8,16.67,16.78,133831
2009-07-07 17:30:00,16.78,16.79,16.65,16.7,162557
2009-07-07 18:00:00,16.7,16.83,16.68,16.7,96201
2009-07-07 18:30:00,16.71,16.77,16.64,16.68,122199
2009-07-07 19:00:00,16.69,16.69,16.58,16.59,70336
2009-07-07 19:30:00,16.6,16.66,16.56,16.58,65514
2009-07-07 20:00:00,16.58,16.7,16.54,16.64,93501
2009-07-07 20:30:00,16.64,16.75,16.6,16.67,141030
2009-07-07 21:00:00,16.68,16.68,16.59,16.65,116990
2009-07-07 21:30:00,16.65,16.67,16.48,16.49,179673
2009-07-07 22:00:00,16.5,16.51,16.35,16.44,279441
2009-07-07 22:30:00,16.45,16.46,16.32,16.32,712129
2009-07-08 16:30:00,16.41,16.58,16.24,16.25,297143
2009-07-08 17:00:00,16.26,16.42,16.25,16.33,179108
2009-07-08 17:30:00,16.33,16.34,16.18,16.18,181401
2009-07-08 18:00:00,16.18,16.19,15.99,15.99,297380
2009-07-08 18:30:00,16.0,16.04,15.81,15.93,323680
2009-07-08 19:00:00,15.94,15.94,15.56,15.58,774736
2009-07-08 19:30:00,15.59,15.73,15.59,15.67,277933
2009-07-08 20:00:00,15.67,15.88,15.66,15.85,562250
2009-07-08 20:30:00,15.86,15.9,15.74,15.75,159318
2009-07-08 21:00:00,15.75,15.83,15.55,15.61,374152
2009-07-08 21:30:00,15.62,15.65,15.49,15.54,392773
2009-07-08 22:00:00,15.54,15.65,15.4,15.43,722882
2009-07-08 22:30:00,15.42,15.76,15.42,15.7,1406515
2009-07-09 16:30:00,16.28,16.31,15.96,16.0,389657
2009-07-09 17:00:00,16.0,16.11,15.93,16.02,401741
2009-07-09 17:30:00,16.03,16.14,15.92,16.13,335130
2009-07-09 18:00:00,16.13,16.13,15.95,16.02,225443
2009-07-09 18:30:00,16.01,16.16,15.97,16.08,204971
2009-07-09 19:00:00,16.08,16.15,16.05,16.13,90039
2009-07-09 19:30:00,16.13,16.19,16.12,16.19,91911
2009-07-09 20:00:00,16.18,16.22,16.11,16.18,144074
2009-07-09 20:30:00,16.18,16.21,16.11,16.13,102349
2009-07-09 21:00:00,16.13,16.2,16.13,16.15,144633
2009-07-09 21:30:00,16.14,16.18,16.08,16.1,144334
2009-07-09 22:00:00,16.1,16.12,16.0,16.06,420209
2009-07-09 22:30:00,16.07,16.13,15.98,16.1,686422
2009-07-10 16:30:00,16.07,16.1,15.8,15.88,355681
2009-07-10 17:00:00,15.88,15.95,15.81,15.93,293344
2009-07-10 17:30:00,15.93,15.97,15.85,15.93,157188
2009-07-10 18:00:00,15.93,15.96,15.81,15.9,198631
2009-07-10 18:30:00,15.9,15.99,15.89,15.93,195755
2009-07-10 19:00:00,15.94,15.99,15.89,15.96,99543
2009-07-10 19:30:00,15.96,16.04,15.95,16.04,156471
2009-07-10 20:00:00,16.04,16.05,15.96,15.96,85828
2009-07-10 20:30:00,15.96,16.0,15.95,15.98,98673
2009-07-10 21:00:00,15.99,15.99,15.86,15.88,89381
2009-07-10 21:30:00,15.89,15.91,15.81,15.83,181621
2009-07-10 22:00:00,15.83,15.84,15.73,15.78,210037
2009-07-10 22:30:00,15.77,15.9,15.76,15.78,530908
2009-07-13 16:30:00,16.1,16.22,15.89,15.99,219914
2009-07-13 17:00:00,15.99,16.1,15.9,16.1,257678
2009-07-13 17:30:00,16.1,16.21,16.06,16.15,263244
2009-07-13 18:00:00,16.15,16.3,16.14,16.28,204355
2009-07-13 18:30:00,16.27,16.4,16.27,16.3,226973
2009-07-13 19:00:00,16.3,16.39,16.29,16.39,63471
2009-07-13 19:30:00,16.39,16.42,16.34,16.37,71591
2009-07-13 20:00:00,16.38,16.6,16.38,16.52,235208
2009-07-13 20:30:00,16.52,16.6,16.51,16.55,165527
2009-07-13 21:00:00,16.56,16.65,16.55,16.61,174272
2009-07-13 21:30:00,16.61,16.76,16.59,16.71,317563
2009-07-13 22:00:00,16.71,16.87,16.7,16.84,600237
2009-07-13 22:30:00,16.84,17.05,16.81,17.02,1254921
2009-07-14 16:30:00,17.06,17.06,16.63,16.66,281207
2009-07-14 17:00:00,16.66,16.73,16.54,16.7,261488
2009-07-14 17:30:00,16.71,16.82,16.69,16.79,196121
2009-07-14 18:00:00,16.79,16.91,16.75,16.89,202272
2009-07-14 18:30:00,16.89,16.95,16.83,16.89,109165
2009-07-14 19:00:00,16.91,16.97,16.8,16.87,123758
2009-07-14 19:30:00,16.87,16.92,16.83,16.86,117797
2009-07-14 20:00:00,16.86,16.88,16.8,16.88,151680
2009-07-14 20:30:00,16.87,16.92,16.84,16.91,92428
2009-07-14 21:00:00,16.9,16.91,16.83,16.85,223815
2009-07-14 21:30:00,16.85,16.99,16.83,16.95,196638
2009-07-14 22:00:00,16.95,16.98,16.92,16.95,168537
2009-07-14 22:30:00,16.95,16.97,16.88,16.89,720403
2009-07-15 16:30:00,17.06,17.06,16.9,16.93,422040
2009-07-15 17:00:00,16.93,17.18,16.92,17.15,373590
2009-07-15 17:30:00,17.16,17.25,17.14,17.25,196839
2009-07-15 18:00:00,17.25,17.46,17.18,17.45,304354
2009-07-15 18:30:00,17.45,17.53,17.45,17.49,284425
2009-07-15 19:00:00,17.5,17.64,17.45,17.62,250820
2009-07-15 19:30:00,17.63,17.7,17.62,17.7,333247
2009-07-15 20:00:00,17.7,17.73,17.62,17.73,285986
2009-07-15 20:30:00,17.73,17.78,17.71,17.74,223346
2009-07-15 21:00:00,17.73,17.98,17.7,17.92,417666
2009-07-15 21:30:00,17.92,18.02,17.91,18.0,369966
2009-07-15 22:00:00,18.0,18.08,17.94,17.94,388396
2009-07-15 22:30:00,17.94,18.0,17.81,17.82,1380547
2009-07-16 16:30:00,17.74,17.86,17.47,17.49,310672
2009-07-16 17:00:00,17.49,17.49,17.27,17.42,214102
2009-07-16 17:30:00,17.42,17.54,17.42,17.5,307137
2009-07-16 18:00:00,17.49,17.56,17.42,17.51,128736
2009-07-16 18:30:00,17.51,17.6,17.49,17.58,172883
2009-07-16 19:00:00,17.59,17.63,17.55,17.6,71427
2009-07-16 19:30:00,17.6,17.64,17.55,17.55,80097
2009-07-16 20:00:00,17.56,17.58,17.53,17.54,74417
2009-07-16 20:30:00,17.54,17.72,17.5,17.69,88711
2009-07-16 21:00:00,17.69,17.8,17.67,17.77,159373
2009-07-16 21:30:00,17.77,17.88,17.76,17.88,128477
2009-07-16 22:00:00,17.87,18.01,17.85,18.01,452125
2009-07-16 22:30:00,18.0,18.05,17.89,17.95,1309698
2009-07-17 16:30:00,17.93,17.95,17.74,17.8,542306
2009-07-17 17:00:00,17.79,17.88,17.75,17.8,173631
2009-07-17 17:30:00,17.8,17.83,17.65,17.65,212921
2009-07-17 18:00:00,17.65,17.66,17.48,17.61,139324
2009-07-17 18:30:00,17.61,17.62,17.5,17.54,162069
2009-07-17 19:00:00,17.55,17.65,17.54,17.61,131715
2009-07-17 19:30:00,17.62,17.7,17.6,17.67,110277
2009-07-17 20:00:00,17.67,17.76,17.66,17.76,53528
2009-07-17 20:30:00,17.75,17.95,17.75,17.92,128282
2009-07-17 21:00:00,17.92,17.93,17.83,17.87,81110
2009-07-17 21:30:00,17.88,17.92,17.86,17.87,96109
2009-07-17 22:00:00,17.87,17.9,17.81,17.88,165103
2009-07-17 22:30:00,17.88,17.91,17.79,17.86,420855
2009-07-20 16:30:00,18.0,18.21,17.8,18.07,313948
2009-07-20 17:00:00,18.07,18.12,17.95,17.98,183863
2009-07-20 17:30:00,17.99,18.11,17.94,18.09,207550
2009-07-20 18:00:00,18.09,18.09,18.01,18.05,125717
2009-07-20 18:30:00,18.06,18.24,18.03,18.24,188445
2009-07-20 19:00:00,18.24,18.38,18.23,18.37,173538
2009-07-20 19:30:00,18.38,18.4,18.26,18.27,147625
2009-07-20 20:00:00,18.26,18.27,18.14,18.2,118880
2009-07-20 20:30:00,18.21,18.32,18.18,18.31,102736
2009-07-20 21:00:00,18.32,18.39,18.29,18.33,127211
2009-07-20 21:30:00,18.33,18.37,18.21,18.22,289631
2009-07-20 22:00:00,18.22,18.4,18.22,18.36,419625
2009-07-20 22:30:00,18.36,18.41,18.3,18.38,583103
2009-07-21 16:30:00,18.5,18.82,18.35,18.59,465572
2009-07-21 17:00:00,18.59,18.61,18.42,18.61,316502
2009-07-21 17:30:00,18.61,18.66,18.5,18.54,158895
2009-07-21 18:00:00,18.55,18.58,18.47,18.48,103075
2009-07-21 18:30:00,18.49,18.49,18.4,18.48,205804
2009-07-21 19:00:00,18.46,18.55,18.45,18.5,175800
2009-07-21 19:30:00,18.5,18.54,18.46,18.53,212613
2009-07-21 20:00:00,18.52,18.53,18.44,18.45,132115
2009-07-21 20:30:00,18.46,18.48,18.36,18.41,125096
2009-07-21 21:00:00,18.4,18.45,18.36,18.39,152207
2009-07-21 21:30:00,18.39,18.57,18.36,18.57,290470
2009-07-21 22:00:00,18.57,18.6,18.52,18.58,232030
2009-07-21 22:30:00,18.59,18.66,18.52,18.66,326172
2009-07-22 16:30:00,18.36,18.75,18.36,18.72,221468
2009-07-22 17:00:00,18.73,18.8,18.69,18.73,164545
2009-07-22 17:30:00,18.74,18.91,18.73,18.82,267766
2009-07-22 18:00:00,18.81,18.81,18.65,18.77,196078
2009-07-22 18:30:00,18.76,18.78,18.65,18.68,116897
2009-07-22 19:00:00,18.68,18.93,18.64,18.91,171985
2009-07-22 19:30:00,18.91,18.98,18.88,18.97,191012
2009-07-22 20:00:00,18.97,18.97,18.9,18.93,138538
2009-07-22 20:30:00,18.92,18.95,18.86,18.88,199627
2009-07-22 21:00:00,18.88,18.89,18.76,18.8,823630
2009-07-22 21:30:00,18.78,18.83,18.74,18.77,350602
2009-07-22 22:00:00,18.76,18.79,18.63,18.7,320818
2009-07-22 22:30:00,18.7,18.75,18.66,18.69,844037
2009-07-23 16:30:00,18.81,18.81,18.5,18.55,328118
2009-07-23 17:00:00,18.55,18.82,18.5,18.74,507335
2009-07-23 17:30:00,18.73,19.03,18.69,18.9,516811
2009-07-23 18:00:00,18.9,19.03,18.83,18.92,509899
2009-07-23 18:30:00,18.93,19.01,18.89,18.95,205808
2009-07-23 19:00:00,18.94,19.13,18.94,19.1,310733
2009-07-23 19:30:00,19.11,19.11,19.0,19.0,275614
2009-07-23 20:00:00,19.0,19.12,18.97,19.07,243059
2009-07-23 20:30:00,19.07,19.15,19.06,19.07,291237
2009-07-23 21:00:00,19.07,19.25,18.98,19.23,356177
2009-07-23 21:30:00,19.24,19.46,19.18,19.46,462467
2009-07-23 22:00:00,19.46,19.53,19.38,19.51,662732
2009-07-23 22:30:00,19.5,19.67,19.44,19.53,976400
2009-07-24 16:30:00,19.58,19.76,19.28,19.36,670570
2009-07-24 17:00:00,19.35,19.5,19.17,19.22,304399
2009-07-24 17:30:00,19.22,19.25,19.03,19.12,396228
2009-07-24 18:00:00,19.12,19.34,19.11,19.21,340031
2009-07-24 18:30:00,19.21,19.29,19.2,19.27,390267
2009-07-24 19:00:00,19.26,19.4,19.21,19.35,165951
2009-07-24 19:30:00,19.35,19.41,19.34,19.37,208116
2009-07-24 20:00:00,19.37,19.42,19.33,19.39,144566
2009-07-24 20:30:00,19.39,19.42,19.34,19.37,357623
2009-07-24 21:00:00,19.37,19.41,19.3,19.34,275208
2009-07-24 21:30:00,19.35,19.35,19.23,19.25,303493
2009-07-24 22:00:00,19.25,19.27,19.14,19.25,345775
2009-07-24 22:30:00,19.25,19.39,19.17,19.32,719592
2009-07-27 16:30:00,19.2,20.37,19.2,20.0,1047971
2009-07-27 17:00:00,20.01,20.07,19.78,19.81,914142
2009-07-27 17:30:00,19.81,19.86,19.65,19.7,1033530
2009-07-27 18:00:00,19.7,19.75,19.56,19.68,582841
2009-07-27 18:30:00,19.69,19.79,19.68,19.74,287535
2009-07-27 19:00:00,19.73,19.88,19.7,19.79,312580
2009-07-27 19:30:00,19.8,19.8,19.61,19.61,305043
2009-07-27 20:00:00,19.61,19.82,19.59,19.76,335429
2009-07-27 20:30:00,19.75,19.76,19.68,19.73,243631
2009-07-27 21:00:00,19.74,19.75,19.62,19.63,265099
2009-07-27 21:30:00,19.63,19.64,19.45,19.46,487329
2009-07-27 22:00:00,19.47,19.48,19.32,19.34,507876
2009-07-27 22:30:00,19.34,19.35,19.07,19.25,1368798
2009-07-28 16:30:00,18.62,19.32,18.62,19.3,445935
2009-07-28 17:00:00,19.29,19.45,19.19,19.43,268904
2009-07-28 17:30:00,19.43,19.43,19.17,19.17,350164
2009-07-28 18:00:00,19.19,19.23,19.09,19.11,456344
2009-07-28 18:30:00,19.11,19.12,19.02,19.04,412029
2009-07-28 19:00:00,19.04,19.04,18.86,18.89,546335
2009-07-28 19:30:00,18.9,18.91,18.84,18.88,169412
2009-07-28 20:00:00,18.87,19.0,18.83,18.99,294769
2009-07-28 20:30:00,18.99,19.02,18.87,18.98,195058
2009-07-28 21:00:00,18.98,19.1,18.97,19.06,153757
2009-07-28 21:30:00,19.06,19.1,19.01,19.05,308968
2009-07-28 22:00:00,19.04,19.1,18.99,19.09,406204
2009-07-28 22:30:00,19.09,19.2,19.05,19.1,522590
2009-07-29 16:30:00,19.13,19.14,18.82,18.91,295404
2009-07-29 17:00:00,18.91,18.96,18.85,18.92,167131
2009-07-29 17:30:00,18.91,18.95,18.86,18.9,351450
2009-07-29 18:00:00,18.9,18.99,18.89,18.92,262005
2009-07-29 18:30:00,18.92,18.97,18.89,18.92,121072
2009-07-29 19:00:00,18.93,18.95,18.82,18.92,160636
2009-07-29 19:30:00,18.92,18.94,18.86,18.89,100170
2009-07-29 20:00:00,18.9,18.91,18.84,18.86,156007
2009-07-29 20:30:00,18.86,18.9,18.83,18.84,145592
2009-07-29 21:00:00,18.85,18.87,18.76,18.86,413794
2009-07-29 21:30:00,18.85,18.85,18.74,18.77,373825
2009-07-29 22:00:00,18.76,18.84,18.75,18.79,181114
2009-07-29 22:30:00,18.8,18.9,18.79,18.86,694762
2009-07-30 16:30:00,19.16,19.54,18.89,19.48,298165
2009-07-30 17:00:00,19.49,19.75,19.48,19.59,188636
2009-07-30 17:30:00,19.6,19.8,19.6,19.76,342980
2009-07-30 18:00:00,19.76,19.92,19.73,19.75,391014
2009-07-30 18:30:00,19.75,19.82,19.72,19.75,385918
2009-07-30 19:00:00,19.76,19.8,19.69,19.77,298511
2009-07-30 19:30:00,19.76,19.84,19.7,19.75,193164
2009-07-30 20:00:00,19.74,19.79,19.71,19.72,364196
2009-07-30 20:30:00,19.73,19.75,19.68,19.69,253256
2009-07-30 21:00:00,19.69,19.77,19.67,19.75,576221
2009-07-30 21:30:00,19.75,19.83,19.71,19.77,343160
2009-07-30 22:00:00,19.78,19.82,19.75,19.8,284295
2009-07-30 22:30:00,19.79,19.8,19.57,19.65,842740
2009-07-31 16:30:00,19.77,19.8,19.44,19.56,236959
2009-07-31 17:00:00,19.57,19.61,19.4,19.54,151222
2009-07-31 17:30:00,19.54,19.72,19.51,19.64,195001
2009-07-31 18:00:00,19.64,19.74,19.6,19.71,141754
2009-07-31 18:30:00,19.7,19.75,19.67,19.73,170786
2009-07-31 19:00:00,19.73,19.78,19.69,19.75,128821
2009-07-31 19:30:00,19.76,19.78,19.72,19.75,148398
2009-07-31 20:00:00,19.76,19.77,19.75,19.76,61951
2009-07-31 20:30:00,19.75,19.8,19.74,19.76,269692
2009-07-31 21:00:00,19.75,19.78,19.7,19.75,503078
2009-07-31 21:30:00,19.75,19.76,19.69,19.74,254023
2009-07-31 22:00:00,19.74,19.85,19.71,19.83,411244
2009-07-31 22:30:00,19.82,19.83,19.67,19.71,787209
2009-08-03 16:30:00,20.27,20.4,19.91,20.14,425048
2009-08-03 17:00:00,20.15,20.2,19.86,19.89,491623
2009-08-03 17:30:00,19.91,19.91,19.73,19.75,274373
2009-08-03 18:00:00,19.75,19.8,19.67,19.68,350076
2009-08-03 18:30:00,19.68,19.71,19.64,19.67,164946
2009-08-03 19:00:00,19.67,19.76,19.66,19.7,167452
2009-08-03 19:30:00,19.7,19.76,19.69,19.74,255208
2009-08-03 20:00:00,19.75,19.76,19.69,19.71,143500
2009-08-03 20:30:00,19.71,19.77,19.71,19.73,219626
2009-08-03 21:00:00,19.74,19.84,19.73,19.76,184220
2009-08-03 21:30:00,19.77,19.78,19.71,19.75,188906
2009-08-03 22:00:00,19.76,19.78,19.67,19.69,493978
2009-08-03 22:30:00,19.7,19.82,19.65,19.79,637567
2009-08-04 16:30:00,19.72,19.86,19.59,19.62,351164
2009-08-04 17:00:00,19.63,19.8,19.62,19.8,312381
2009-08-04 17:30:00,19.79,19.89,19.75,19.88,110440
2009-08-04 18:00:00,19.89,20.09,19.89,20.02,115706
2009-08-04 18:30:00,20.03,20.07,19.91,19.98,113146
2009-08-04 19:00:00,19.98,20.06,19.94,20.03,374832
2009-08-04 19:30:00,20.03,20.08,19.96,20.07,144996
2009-08-04 20:00:00,20.07,20.12,20.03,20.12,108321
2009-08-04 20:30:00,20.11,20.14,20.02,20.06,175904
2009-08-04 21:00:00,20.06,20.18,19.98,20.17,151279
2009-08-04 21:30:00,20.18,20.22,20.11,20.17,280540
2009-08-04 22:00:00,20.16,20.23,20.15,20.16,306267
2009-08-04 22:30:00,20.16,20.31,20.11,20.22,853540
2009-08-05 16:30:00,20.2,20.27,19.89,20.05,348339
2009-08-05 17:00:00,20.06,20.08,19.55,19.79,453085
2009-08-05 17:30:00,19.79,19.9,19.74,19.86,170715
2009-08-05 18:00:00,19.87,19.99,19.82,19.98,110423
2009-08-05 18:30:00,19.96,20.0,19.89,19.92,108493
2009-08-05 19:00:00,19.91,20.08,19.91,20.07,103412
2009-08-05 19:30:00,20.07,20.09,19.9,19.91,181219
2009-08-05 20:00:00,19.91,19.99,19.85,19.89,341635
2009-08-05 20:30:00,19.89,19.91,19.78,19.83,360816
2009-08-05 21:00:00,19.83,19.9,19.78,19.86,199475
2009-08-05 21:30:00,19.86,20.11,19.82,20.09,313202
2009-08-05 22:00:00,20.09,20.29,20.03,20.29,244170
2009-08-05 22:30:00,20.28,20.29,20.09,20.2,578272
2009-08-06 16:30:00,20.44,20.5,20.08,20.1,302835
2009-08-06 17:00:00,20.1,20.1,19.78,19.99,243351
2009-08-06 17:30:00,19.99,20.14,19.93,20.09,174743
2009-08-06 18:00:00,20.09,20.31,20.09,20.29,152514
2009-08-06 18:30:00,20.28,20.34,20.11,20.14,155891
2009-08-06 19:00:00,20.13,20.14,19.91,19.92,261138
2009-08-06 19:30:00,19.93,20.05,19.91,20.02,175876
2009-08-06 20:00:00,20.02,20.16,20.0,20.12,91743
2009-08-06 20:30:00,20.12,20.21,19.99,20.05,97384
2009-08-06 21:00:00,20.03,20.1,19.94,20.03,235678
2009-08-06 21:30:00,20.04,20.13,19.95,20.06,122971
2009-08-06 22:00:00,20.06,20.24,20.05,20.17,177471
2009-08-06 22:30:00,20.17,20.21,20.02,20.04,738603
2009-08-07 16:30:00,20.24,20.44,19.93,19.94,508064
2009-08-07 17:00:00,19.95,20.01,19.93,20.0,311633
2009-08-07 17:30:00,20.0,20.2,19.97,20.17,752285
2009-08-07 18:00:00,20.18,20.31,20.08,20.08,408632
2009-08-07 18:30:00,20.09,20.15,19.99,20.01,480384
2009-08-07 19:00:00,20.01,20.27,20.01,20.23,159873
2009-08-07 19:30:00,20.22,20.31,20.21,20.31,201225
2009-08-07 20:00:00,20.32,20.43,20.32,20.41,271842
2009-08-07 20:30:00,20.41,20.42,20.0,20.38,176653
2009-08-07 21:00:00,20.39,20.43,20.29,20.35,191043
2009-08-07 21:30:00,20.35,20.48,20.33,20.48,239620
2009-08-07 22:00:00,20.46,20.5,20.32,20.43,349156
2009-08-07 22:30:00,20.43,20.55,20.39,20.47,646599
2009-08-10 16:30:00,20.41,20.52,20.19,20.25,150493
2009-08-10 17:00:00,20.26,20.37,20.18,20.27,228960
2009-08-10 17:30:00,20.28,20.31,20.16,20.25,152339
2009-08-10 18:00:00,20.23,20.3,20.23,20.25,60819
2009-08-10 18:30:00,20.26,20.32,20.24,20.3,131422
2009-08-10 19:00:00,20.3,20.32,20.21,20.25,215699
2009-08-10 19:30:00,20.25,20.35,20.24,20.25,156226
2009-08-10 20:00:00,20.24,20.26,20.08,20.17,399533
2009-08-10 20:30:00,20.17,20.31,20.15,20.2,156246
2009-08-10 21:00:00,20.2,20.27,20.16,20.24,210449
2009-08-10 21:30:00,20.23,20.26,20.14,20.22,158111
2009-08-10 22:00:00,20.21,20.32,20.21,20.3,163778
2009-08-10 22:30:00,20.3,20.39,20.24,20.31,483184
2009-08-11 16:30:00,20.22,20.53,20.12,20.35,263627
2009-08-11 17:00:00,20.34,20.38,20.14,20.22,305811
2009-08-11 17:30:00,20.22,20.34,20.21,20.29,132214
2009-08-11 18:00:00,20.29,20.29,20.07,20.23,261012
2009-08-11 18:30:00,20.21,20.26,20.14,20.23,107554
2009-08-11 19:00:00,20.23,20.23,20.07,20.08,328344
2009-08-11 19:30:00,20.07,20.1,20.01,20.01,215350
2009-08-11 20:00:00,20.01,20.09,19.99,19.99,111064
2009-08-11 20:30:00,19.99,20.06,19.98,20.01,108785
2009-08-11 21:00:00,20.0,20.13,20.0,20.1,129331
2009-08-11 21:30:00,20.11,20.13,20.04,20.13,321074
2009-08-11 22:00:00,20.13,20.26,20.11,20.19,331973
2009-08-11 22:30:00,20.18,20.25,20.02,20.02,1182442
2009-08-12 16:30:00,19.84,20.45,19.84,20.32,256353
2009-08-12 17:00:00,20.35,20.46,20.24,20.27,227566
2009-08-12 17:30:00,20.27,20.51,20.26,20.47,181153
2009-08-12 18:00:00,20.47,20.47,20.33,20.33,113524
2009-08-12 18:30:00,20.33,20.48,20.29,20.46,222262
2009-08-12 19:00:00,20.47,20.53,20.42,20.47,119954
2009-08-12 19:30:00,20.46,20.57,20.46,20.56,98816
2009-08-12 20:00:00,20.56,20.59,20.45,20.49,113535
2009-08-12 20:30:00,20.49,20.57,20.49,20.55,81102
2009-08-12 21:00:00,20.54,20.66,20.42,20.53,164871
2009-08-12 21:30:00,20.51,20.69,20.4,20.68,327525
2009-08-12 22:00:00,20.67,20.73,20.62,20.65,395709
2009-08-12 22:30:00,20.66,20.73,20.42,20.58,466909
2009-08-13 16:30:00,20.68,20.7,20.28,20.48,296487
2009-08-13 17:00:00,20.48,20.64,20.4,20.61,199395
2009-08-13 17:30:00,20.63,20.65,20.48,20.6,161391
2009-08-13 18:00:00,20.59,20.7,20.59,20.64,143803
2009-08-13 18:30:00,20.63,20.7,20.57,20.69,92668
2009-08-13 19:00:00,20.7,20.71,20.64,20.65,100594
2009-08-13 19:30:00,20.66,20.67,20.62,20.65,169073
2009-08-13 20:00:00,20.65,20.78,20.64,20.67,178827
2009-08-13 20:30:00,20.68,20.74,20.66,20.69,300980
2009-08-13 21:00:00,20.7,20.72,20.54,20.63,439667
2009-08-13 21:30:00,20.63,20.68,20.55,20.55,296161
2009-08-13 22:00:00,20.56,20.68,20.52,20.61,306173
2009-08-13 22:30:00,20.61,20.72,20.57,20.71,440722
2009-08-14 16:30:00,20.54,20.76,20.2,20.29,161749
2009-08-14 17:00:00,20.27,20.33,19.92,19.95,314985
2009-08-14 17:30:00,19.95,20.06,19.93,20.04,239247
2009-08-14 18:00:00,20.05,20.06,19.9,19.91,233443
2009-08-14 18:30:00,19.91,19.98,19.83,19.95,163203
2009-08-14 19:00:00,19.95,20.01,19.95,19.95,142247
2009-08-14 19:30:00,19.95,19.95,19.88,19.91,163687
2009-08-14 20:00:00,19.91,19.91,19.8,19.82,186056
2009-08-14 20:30:00,19.82,19.88,19.78,19.87,211491
2009-08-14 21:00:00,19.88,19.89,19.82,19.85,166135
2009-08-14 21:30:00,19.83,19.9,19.8,19.81,135974
2009-08-14 22:00:00,19.81,19.82,19.71,19.75,296033
2009-08-14 22:30:00,19.75,19.79,19.67,19.78,729591
2009-08-17 16:30:00,19.09,19.5,19.09,19.12,255552
2009-08-17 17:00:00,19.12,19.19,19.02,19.13,299165
2009-08-17 17:30:00,19.14,19.16,19.07,19.11,337760
2009-08-17 18:00:00,19.11,19.13,18.96,19.08,265712
2009-08-17 18:30:00,19.09,19.15,19.03,19.07,158179
2009-08-17 19:00:00,19.07,19.14,19.01,19.13,135795
2009-08-17 19:30:00,19.13,19.14,19.03,19.05,136293
2009-08-17 20:00:00,19.06,19.21,19.03,19.14,178372
2009-08-17 20:30:00,19.13,19.13,19.0,19.0,217897
2009-08-17 21:00:00,19.0,19.08,18.98,19.08,182027
2009-08-17 21:30:00,19.07,19.08,18.9,18.93,203595
2009-08-17 22:00:00,18.94,19.01,18.76,18.8,289925
2009-08-17 22:30:00,18.8,18.81,18.69,18.75,716805
2009-08-18 16:30:00,18.86,19.07,18.74,18.91,287231
2009-08-18 17:00:00,18.91,19.06,18.9,19.04,323662
2009-08-18 17:30:00,19.03,19.06,18.95,18.96,201475
2009-08-18 18:00:00,18.96,19.12,18.96,19.1,188425
2009-08-18 18:30:00,19.1,19.15,18.99,18.99,131652
2009-08-18 19:00:00,19.0,19.04,18.91,18.93,193691
2009-08-18 19:30:00,18.93,18.96,18.9,18.92,164732
2009-08-18 20:00:00,18.93,18.99,18.92,18.99,355098
2009-08-18 20:30:00,18.98,19.0,18.95,18.99,269652
2009-08-18 21:00:00,19.0,19.0,18.97,18.97,257752
2009-08-18 21:30:00,18.98,19.0,18.94,18.99,87955
2009-08-18 22:00:00,18.99,19.01,18.94,18.95,161419
2009-08-18 22:30:00,18.95,19.07,18.92,19.07,590722
2009-08-19 16:30:00,18.86,18.92,18.7,18.73,265869
2009-08-19 17:00:00,18.75,18.88,18.74,18.85,111528
2009-08-19 17:30:00,18.85,18.89,18.82,18.88,128123
2009-08-19 18:00:00,18.87,18.94,18.78,18.79,89559
2009-08-19 18:30:00,18.79,18.89,18.74,18.84,125765
2009-08-19 19:00:00,18.85,18.95,18.8,18.88,103488
2009-08-19 19:30:00,18.88,18.92,18.85,18.9,90206
2009-08-19 20:00:00,18.9,18.99,18.87,18.99,69292
2009-08-19 20:30:00,18.99,19.04,18.98,19.02,81821
2009-08-19 21:00:00,19.02,19.04,18.97,18.97,92947
2009-08-19 21:30:00,18.98,19.04,18.97,19.04,116013
2009-08-19 22:00:00,19.04,19.05,18.91,18.94,169668
2009-08-19 22:30:00,18.94,19.05,18.91,19.03,295637
2009-08-20 16:30:00,19.04,19.29,19.0,19.23,171361
2009-08-20 17:00:00,19.24,19.3,19.13,19.26,193645
2009-08-20 17:30:00,19.27,19.43,19.26,19.41,102067
2009-08-20 18:00:00,19.4,19.45,19.36,19.4,134140
2009-08-20 18:30:00,19.41,19.44,19.34,19.34,73362
2009-08-20 19:00:00,19.34,19.42,19.34,19.4,38993
2009-08-20 19:30:00,19.4,19.51,19.4,19.48,72372
2009-08-20 20:00:00,19.48,19.54,19.48,19.51,176861
2009-08-20 20:30:00,19.52,19.57,19.49,19.56,202513
2009-08-20 21:00:00,19.56,19.59,19.54,19.56,106756
2009-08-20 21:30:00,19.55,19.65,19.55,19.63,220006
2009-08-20 22:00:00,19.64,19.72,19.63,19.69,242253
2009-08-20 22:30:00,19.69,19.81,19.69,19.8,690378
2009-08-21 16:30:00,20.02,20.11,19.7,19.94,582742
2009-08-21 17:00:00,19.94,20.25,19.94,20.12,247740
2009-08-21 17:30:00,20.13,20.14,19.88,19.95,301819
2009-08-21 18:00:00,19.95,19.99,19.94,19.97,112413
2009-08-21 18:30:00,19.98,20.04,19.97,20.0,69720
2009-08-21 19:00:00,20.01,20.05,19.99,20.04,54251
2009-08-21 19:30:00,20.04,20.1,20.02,20.1,157813
2009-08-21 20:00:00,20.1,20.17,20.1,20.17,88258
2009-08-21 20:30:00,20.16,20.2,20.12,20.13,225038
2009-08-21 21:00:00,20.14,20.21,20.12,20.2,97524
2009-08-21 21:30:00,20.21,20.22,20.14,20.16,71939
2009-08-21 22:00:00,20.16,20.26,20.15,20.24,176671
2009-08-21 22:30:00,20.24,20.33,20.21,20.25,659218
2009-08-24 16:30:00,20.6,20.74,20.31,20.72,325064
2009-08-24 17:00:00,20.71,20.76,20.64,20.75,182283
2009-08-24 17:30:00,20.75,20.8,20.72,20.76,285606
2009-08-24 18:00:00,20.75,20.81,20.66,20.68,142675
2009-08-24 18:30:00,20.68,20.72,20.6,20.61,112747
2009-08-24 19:00:00,20.6,20.63,20.56,20.61,122220
2009-08-24 19:30:00,20.6,20.62,20.51,20.51,123716
2009-08-24 20:00:00,20.51,20.51,20.15,20.19,314280
2009-08-24 20:30:00,20.18,20.27,20.16,20.2,200790
2009-08-24 21:00:00,20.2,20.32,20.17,20.29,123790
2009-08-24 21:30:00,20.29,20.32,20.24,20.28,115254
2009-08-24 22:00:00,20.29,20.29,20.04,20.15,212112
2009-08-24 22:30:00,20.14,20.26,20.13,20.14,463931
2009-08-25 16:30:00,20.35,20.51,20.02,20.05,583719
2009-08-25 17:00:00,20.05,20.42,20.05,20.3,714474
2009-08-25 17:30:00,20.29,20.38,20.22,20.37,187885
2009-08-25 18:00:00,20.37,20.53,20.36,20.51,130876
2009-08-25 18:30:00,20.51,20.63,20.48,20.52,171102
2009-08-25 19:00:00,20.53,20.63,20.51,20.61,210992
2009-08-25 19:30:00,20.61,20.64,20.41,20.45,141948
2009-08-25 20:00:00,20.46,20.55,20.42,20.46,418878
2009-08-25 20:30:00,20.46,20.58,20.44,20.51,173434
2009-08-25 21:00:00,20.51,20.62,20.49,20.56,454141
2009-08-25 21:30:00,20.57,20.61,20.49,20.55,328303
2009-08-25 22:00:00,20.55,20.61,20.51,20.55,346648
2009-08-25 22:30:00,20.55,20.56,20.42,20.51,773425
2009-08-26 16:30:00,20.45,20.59,20.35,20.59,891783
2009-08-26 17:00:00,20.59,20.67,20.49,20.5,768295
2009-08-26 17:30:00,20.49,20.55,20.41,20.47,527386
2009-08-26 18:00:00,20.47,20.47,20.12,20.16,705025
2009-08-26 18:30:00,20.15,20.19,20.05,20.19,325956
2009-08-26 19:00:00,20.18,20.37,20.17,20.25,336965
2009-08-26 19:30:00,20.25,20.25,20.16,20.21,282733
2009-08-26 20:00:00,20.21,20.26,20.11,20.25,306691
2009-08-26 20:30:00,20.26,20.36,20.22,20.36,343649
2009-08-26 21:00:00,20.36,20.37,20.21,20.22,142770
2009-08-26 21:30:00,20.21,20.29,20.15,20.15,201904
2009-08-26 22:00:00,20.15,20.17,20.03,20.1,241352
2009-08-26 22:30:00,20.09,20.14,20.05,20.12,634849
2009-08-27 16:30:00,20.05,20.21,20.03,20.04,392116
2009-08-27 17:00:00,20.04,20.12,19.91,20.12,310010
2009-08-27 17:30:00,20.12,20.13,20.06,20.08,257379
2009-08-27 18:00:00,20.08,20.16,20.07,20.13,229946
2009-08-27 18:30:00,20.12,20.13,20.05,20.1,295039
2009-08-27 19:00:00,20.11,20.19,20.09,20.19,225943
2009-08-27 19:30:00,20.19,20.22,20.13,20.19,259172
2009-08-27 20:00:00,20.19,20.25,20.14,20.24,167503
2009-08-27 20:30:00,20.25,20.35,20.25,20.26,322535
2009-08-27 21:00:00,20.26,20.39,20.25,20.35,376275
2009-08-27 21:30:00,20.35,20.5,20.35,20.45,387579
2009-08-27 22:00:00,20.44,20.54,20.44,20.52,388783
2009-08-27 22:30:00,20.51,20.6,20.46,20.54,799125
2009-08-28 16:30:00,20.82,20.92,20.68,20.72,335314
2009-08-28 17:00:00,20.73,20.78,20.53,20.53,154857
2009-08-28 17:30:00,20.53,20.72,20.5,20.64,157153
2009-08-28 18:00:00,20.64,20.66,20.58,20.66,98842
2009-08-28 18:30:00,20.65,20.67,20.58,20.58,107844
2009-08-28 19:00:00,20.58,20.62,20.48,20.54,147361
2009-08-28 19:30:00,20.54,20.65,20.54,20.6,114884
2009-08-28 20:00:00,20.61,20.78,20.61,20.74,158740
2009-08-28 20:30:00,20.74,20.79,20.7,20.76,129105
2009-08-28 21:00:00,20.74,20.83,20.71,20.82,192595
2009-08-28 21:30:00,20.82,20.87,20.77,20.84,210101
2009-08-28 22:00:00,20.83,20.91,20.83,20.84,324890
2009-08-28 22:30:00,20.86,20.89,20.79,20.87,541983
2009-08-31 16:30:00,20.55,20.76,20.48,20.55,432474
2009-08-31 17:00:00,20.54,20.77,20.51,20.62,305802
2009-08-31 17:30:00,20.62,20.68,20.54,20.57,180400
2009-08-31 18:00:00,20.58,20.63,20.51,20.59,146046
2009-08-31 18:30:00,20.59,20.74,20.58,20.67,107677
2009-08-31 19:00:00,20.67,20.71,20.6,20.61,114489
2009-08-31 19:30:00,20.6,20.63,20.56,20.59,164963
2009-08-31 20:00:00,20.59,20.64,20.55,20.64,123831
2009-08-31 20:30:00,20.65,20.65,20.58,20.63,146075
2009-08-31 21:00:00,20.64,20.66,20.6,20.66,148434
2009-08-31 21:30:00,20.66,20.66,20.59,20.6,306183
2009-08-31 22:00:00,20.6,20.64,20.54,20.64,396317
2009-08-31 22:30:00,20.64,20.75,20.61,20.74,556940
2009-09-01 16:30:00,20.58,20.83,20.56,20.75,402347
2009-09-01 17:00:00,20.77,20.85,20.68,20.8,297329
2009-09-01 17:30:00,20.8,20.82,20.5,20.5,188649
2009-09-01 18:00:00,20.5,20.55,20.11,20.14,311768
2009-09-01 18:30:00,20.14,20.3,19.99,20.08,566195
2009-09-01 19:00:00,20.07,20.18,19.98,20.01,201190
2009-09-01 19:30:00,20.0,20.03,19.85,19.85,184509
2009-09-01 20:00:00,19.86,19.89,19.7,19.82,234854
2009-09-01 20:30:00,19.82,19.85,19.71,19.8,191857
2009-09-01 21:00:00,19.8,19.81,19.67,19.7,198553
2009-09-01 21:30:00,19.7,19.74,19.61,19.73,272712
2009-09-01 22:00:00,19.73,19.92,19.72,19.87,717663
2009-09-01 22:30:00,19.86,19.87,19.69,19.76,1231511
2009-09-02 16:30:00,19.64,20.13,19.26,20.02,647911
2009-09-02 17:00:00,20.01,20.04,19.79,19.85,512509
2009-09-02 17:30:00,19.85,19.98,19.75,19.96,591540
2009-09-02 18:00:00,19.95,19.95,19.84,19.87,267397
2009-09-02 18:30:00,19.87,19.95,19.86,19.88,233998
2009-09-02 19:00:00,19.88,19.96,19.86,19.94,158250
2009-09-02 19:30:00,19.94,20.1,19.93,20.09,189664
2009-09-02 20:00:00,20.1,20.1,20.05,20.06,129287
2009-09-02 20:30:00,20.07,20.14,20.03,20.12,192738
2009-09-02 21:00:00,20.13,20.22,20.12,20.17,473374
2009-09-02 21:30:00,20.17,20.23,20.06,20.06,255707
2009-09-02 22:00:00,20.06,20.17,20.04,20.06,236514
2009-09-02 22:30:00,20.06,20.11,19.96,19.98,666217
2009-09-03 16:30:00,20.2,20.72,20.01,20.59,369955
2009-09-03 17:00:00,20.6,20.67,20.52,20.53,421815
2009-09-03 17:30:00,20.53,20.58,20.43,20.44,286854
2009-09-03 18:00:00,20.44,20.55,20.34,20.36,231508
2009-09-03 18:30:00,20.36,20.43,20.29,20.3,337265
2009-09-03 19:00:00,20.3,20.33,20.26,20.3,167302
2009-09-03 19:30:00,20.3,20.44,20.28,20.43,135200
2009-09-03 20:00:00,20.43,20.49,20.41,20.46,268889
2009-09-03 20:30:00,20.47,20.53,20.44,20.51,421159
2009-09-03 21:00:00,20.51,20.58,20.51,20.56,232399
2009-09-03 21:30:00,20.55,20.56,20.44,20.45,208798
2009-09-03 22:00:00,20.44,20.6,20.44,20.56,463043
2009-09-03 22:30:00,20.57,21.0,20.56,20.92,1415909
2009-09-04 16:30:00,21.01,21.14,20.81,21.13,1021294
2009-09-04 17:00:00,21.1,22.47,21.1,22.11,1301139
2009-09-04 17:30:00,22.11,22.18,21.66,21.8,1436935
2009-09-04 18:00:00,21.81,21.87,21.6,21.66,773209
2009-09-04 18:30:00,21.66,21.71,21.57,21.6,420448
2009-09-04 19:00:00,21.61,21.78,21.6,21.78,393770
2009-09-04 19:30:00,21.77,21.78,21.61,21.64,364572
2009-09-04 20:00:00,21.64,21.65,21.54,21.57,396915
2009-09-04 20:30:00,21.57,21.59,21.48,21.51,570069
2009-09-04 21:00:00,21.51,21.54,21.48,21.5,477296
2009-09-04 21:30:00,21.5,21.55,21.45,21.49,485432
2009-09-04 22:00:00,21.5,21.51,21.33,21.48,538993
2009-09-04 22:30:00,21.47,21.74,21.42,21.65,1644334
2009-09-08 16:30:00,22.39,23.0,22.2,22.32,1199697
2009-09-08 17:00:00,22.32,22.49,22.27,22.4,617569
2009-09-08 17:30:00,22.4,22.48,22.38,22.4,223270
2009-09-08 18:00:00,22.4,22.44,22.33,22.4,395964
2009-09-08 18:30:00,22.4,22.41,22.29,22.36,377905
2009-09-08 19:00:00,22.38,22.44,22.34,22.38,208514
2009-09-08 19:30:00,22.38,22.39,22.29,22.3,181848
2009-09-08 20:00:00,22.3,22.33,22.2,22.26,227322
2009-09-08 20:30:00,22.26,22.31,22.23,22.3,178398
2009-09-08 21:00:00,22.31,22.32,22.25,22.31,259849
2009-09-08 21:30:00,22.31,22.42,22.27,22.31,417423
2009-09-08 22:00:00,22.31,22.35,22.24,22.28,450439
2009-09-08 22:30:00,22.28,22.38,22.26,22.37,983915
2009-09-09 16:30:00,22.8,22.95,22.48,22.69,425037
2009-09-09 17:00:00,22.7,22.78,22.68,22.76,662807
2009-09-09 17:30:00,22.76,22.77,22.57,22.58,351823
2009-09-09 18:00:00,22.58,22.67,22.55,22.58,302402
2009-09-09 18:30:00,22.57,22.76,22.55,22.69,387423
2009-09-09 19:00:00,22.7,22.83,22.68,22.83,321392
2009-09-09 19:30:00,22.81,22.9,22.77,22.87,201353
2009-09-09 20:00:00,22.88,22.96,22.82,22.92,603036
2009-09-09 20:30:00,22.92,22.93,22.81,22.85,156077
2009-09-09 21:00:00,22.86,22.89,22.74,22.75,416639
2009-09-09 21:30:00,22.75,22.79,22.62,22.68,422162
2009-09-09 22:00:00,22.68,22.84,22.66,22.82,370359
2009-09-09 22:30:00,22.83,23.0,22.8,23.0,945877
2009-09-10 16:30:00,22.88,22.95,22.46,22.55,328999
2009-09-10 17:00:00,22.56,22.7,22.42,22.47,296230
2009-09-10 17:30:00,22.47,22.55,22.4,22.49,436216
2009-09-10 18:00:00,22.49,22.5,22.3,22.36,491815
2009-09-10 18:30:00,22.34,22.43,22.34,22.38,312383
2009-09-10 19:00:00,22.37,22.51,22.37,22.5,87829
2009-09-10 19:30:00,22.49,22.54,22.47,22.48,146959
2009-09-10 20:00:00,22.49,22.61,22.45,22.5,150370
2009-09-10 20:30:00,22.51,22.78,22.51,22.7,231036
2009-09-10 21:00:00,22.7,22.8,22.62,22.66,121688
2009-09-10 21:30:00,22.67,22.71,22.55,22.62,220608
2009-09-10 22:00:00,22.62,22.66,22.47,22.66,234318
2009-09-10 22:30:00,22.65,22.7,22.61,22.68,467222
2009-09-11 16:30:00,22.78,22.84,22.59,22.64,184483
2009-09-11 17:00:00,22.64,22.69,22.48,22.65,207196
2009-09-11 17:30:00,22.65,22.71,22.56,22.62,164311
2009-09-11 18:00:00,22.63,22.7,22.5,22.5,176325
2009-09-11 18:30:00,22.5,22.55,22.43,22.5,600621
2009-09-11 19:00:00,22.49,22.64,22.45,22.58,587516
2009-09-11 19:30:00,22.59,22.6,22.5,22.59,99649
2009-09-11 20:00:00,22.58,22.6,22.51,22.57,92585
2009-09-11 20:30:00,22.57,22.59,22.43,22.43,90654
2009-09-11 21:00:00,22.43,22.51,22.42,22.45,184178
2009-09-11 21:30:00,22.45,22.52,22.44,22.45,268154
2009-09-11 22:00:00,22.45,22.51,22.44,22.5,284539
2009-09-11 22:30:00,22.5,22.5,22.36,22.4,522878
2009-09-14 16:30:00,22.2,22.38,22.09,22.16,272869
2009-09-14 17:00:00,22.16,22.28,22.12,22.24,266377
2009-09-14 17:30:00,22.24,22.3,22.2,22.24,253651
2009-09-14 18:00:00,22.24,22.3,22.22,22.25,148314
2009-09-14 18:30:00,22.25,22.28,22.22,22.26,227017
2009-09-14 19:00:00,22.26,22.35,22.25,22.26,113200
2009-09-14 19:30:00,22.25,22.33,22.24,22.29,85844
2009-09-14 20:00:00,22.29,22.29,22.25,22.27,159844
2009-09-14 20:30:00,22.26,22.33,22.22,22.31,344681
2009-09-14 21:00:00,22.3,22.45,22.26,22.44,113513
2009-09-14 21:30:00,22.43,22.48,22.38,22.4,368902
2009-09-14 22:00:00,22.41,22.49,22.4,22.45,429607
2009-09-14 22:30:00,22.46,22.67,22.45,22.6,902970
2009-09-15 16:30:00,22.7,22.72,22.47,22.52,197129
2009-09-15 17:00:00,22.54,22.54,22.37,22.44,246079
2009-09-15 17:30:00,22.45,22.45,22.28,22.29,320125
2009-09-15 18:00:00,22.29,22.35,22.22,22.28,215180
2009-09-15 18:30:00,22.29,22.41,22.27,22.38,288228
2009-09-15 19:00:00,22.37,22.44,22.37,22.43,115744
2009-09-15 19:30:00,22.44,22.53,22.43,22.48,322601
2009-09-15 20:00:00,22.47,22.53,22.45,22.5,217091
2009-09-15 20:30:00,22.5,22.57,22.43,22.56,276228
2009-09-15 21:00:00,22.57,22.57,22.46,22.5,141705
2009-09-15 21:30:00,22.5,22.61,22.42,22.59,172613
2009-09-15 22:00:00,22.59,22.63,22.54,22.57,220847
2009-09-15 22:30:00,22.58,22.66,22.48,22.55,728022
2009-09-16 16:30:00,22.47,22.56,22.34,22.5,214481
2009-09-16 17:00:00,22.51,22.58,22.45,22.47,306876
2009-09-16 17:30:00,22.48,22.53,22.45,22.52,108066
2009-09-16 18:00:00,22.5,22.53,22.45,22.53,172139
2009-09-16 18:30:00,22.53,22.7,22.49,22.67,180353
2009-09-16 19:00:00,22.67,22.75,22.59,22.6,142841
2009-09-16 19:30:00,22.6,22.62,22.56,22.59,167841
2009-09-16 20:00:00,22.6,22.76,22.57,22.69,230426
2009-09-16 20:30:00,22.7,22.71,22.6,22.69,322683
2009-09-16 21:00:00,22.69,22.79,22.68,22.71,258111
2009-09-16 21:30:00,22.72,22.78,22.61,22.61,236384
2009-09-16 22:00:00,22.61,22.7,22.59,22.61,416643
2009-09-16 22:30:00,22.59,22.92,22.59,22.92,754664
2009-09-17 16:30:00,22.9,23.3,22.71,23.25,294551
2009-09-17 17:00:00,23.25,23.39,22.96,23.03,186838
2009-09-17 17:30:00,23.05,23.17,22.99,23.07,122068
2009-09-17 18:00:00,23.08,23.2,23.03,23.19,110402
2009-09-17 18:30:00,23.19,23.19,23.07,23.13,138246
2009-09-17 19:00:00,23.13,23.16,22.98,23.03,415889
2009-09-17 19:30:00,23.03,23.05,22.98,23.0,320413
2009-09-17 20:00:00,23.0,23.05,22.84,22.9,177510
2009-09-17 20:30:00,22.89,22.93,22.84,22.88,159129
2009-09-17 21:00:00,22.9,22.9,22.75,22.8,163265
2009-09-17 21:30:00,22.79,22.91,22.78,22.83,164382
2009-09-17 22:00:00,22.83,22.91,22.79,22.83,297146
2009-09-17 22:30:00,22.83,22.86,22.74,22.86,656000
2009-09-18 16:30:00,22.95,23.22,22.95,23.12,798705
2009-09-18 17:00:00,23.12,23.17,23.03,23.16,155781
2009-09-18 17:30:00,23.16,23.3,23.11,23.16,252102
2009-09-18 18:00:00,23.15,23.18,22.87,22.9,246833
2009-09-18 18:30:00,22.9,22.95,22.8,22.84,149710
2009-09-18 19:00:00,22.84,22.84,22.72,22.73,129817
2009-09-18 19:30:00,22.73,22.81,22.72,22.79,81538
2009-09-18 20:00:00,22.8,22.83,22.75,22.77,75985
2009-09-18 20:30:00,22.78,22.87,22.74,22.8,149716
2009-09-18 21:00:00,22.8,22.81,22.72,22.73,125566
2009-09-18 21:30:00,22.72,22.8,22.68,22.77,142237
2009-09-18 22:00:00,22.77,22.8,22.71,22.75,309219
2009-09-18 22:30:00,22.74,22.75,22.57,22.59,667335
2009-09-21 16:30:00,22.1,22.68,22.08,22.35,217685
2009-09-21 17:00:00,22.35,22.53,22.34,22.43,167930
2009-09-21 17:30:00,22.43,22.44,22.32,22.37,137220
2009-09-21 18:00:00,22.37,22.46,22.35,22.38,101104
2009-09-21 18:30:00,22.38,22.45,22.37,22.39,66477
2009-09-21 19:00:00,22.38,22.39,22.26,22.26,90091
2009-09-21 19:30:00,22.27,22.32,22.19,22.2,124250
2009-09-21 20:00:00,22.2,22.21,22.16,22.19,132241
2009-09-21 20:30:00,22.19,22.23,22.15,22.18,156690
2009-09-21 21:00:00,22.18,22.31,22.17,22.18,124075
2009-09-21 21:30:00,22.19,22.37,22.19,22.32,279910
2009-09-21 22:00:00,22.32,22.43,22.29,22.38,267094
2009-09-21 22:30:00,22.38,22.52,22.31,22.48,1767195
2009-09-22 16:30:00,22.66,22.89,22.56,22.88,218546
2009-09-22 17:00:00,22.87,23.0,22.81,22.9,210709
2009-09-22 17:30:00,22.9,22.94,22.84,22.86,217735
2009-09-22 18:00:00,22.85,22.94,22.85,22.9,191844
2009-09-22 18:30:00,22.9,22.96,22.8,22.86,198108
2009-09-22 19:00:00,22.86,23.01,22.86,22.95,129156
2009-09-22 19:30:00,22.96,23.01,22.96,23.0,68155
2009-09-22 20:00:00,23.0,23.01,22.87,22.9,223751
2009-09-22 20:30:00,22.91,22.99,22.86,22.92,156273
2009-09-22 21:00:00,22.92,22.99,22.89,22.97,63515
2009-09-22 21:30:00,22.98,23.0,22.91,22.99,83940
2009-09-22 22:00:00,23.0,23.01,22.86,22.92,229820
2009-09-22 22:30:00,22.93,23.03,22.9,23.0,742428
2009-09-23 16:30:00,22.94,23.01,22.86,22.94,213497
2009-09-23 17:00:00,22.95,23.13,22.95,22.98,204076
2009-09-23 17:30:00,22.98,23.0,22.76,22.79,430834
2009-09-23 18:00:00,22.78,22.81,22.67,22.78,253995
2009-09-23 18:30:00,22.77,22.78,22.7,22.75,232359
2009-09-23 19:00:00,22.75,22.8,22.72,22.77,256903
2009-09-23 19:30:00,22.77,22.81,22.71,22.71,251614
2009-09-23 20:00:00,22.72,22.78,22.67,22.7,99552
2009-09-23 20:30:00,22.7,22.77,22.66,22.74,215128
2009-09-23 21:00:00,22.73,22.8,22.65,22.77,216818
2009-09-23 21:30:00,22.77,22.92,22.66,22.66,438184
2009-09-23 22:00:00,22.67,22.76,22.55,22.6,376565
2009-09-23 22:30:00,22.59,22.59,22.24,22.28,805485
2009-09-24 16:30:00,22.41,22.41,22.13,22.32,202653
2009-09-24 17:00:00,22.32,22.32,21.57,21.61,306391
2009-09-24 17:30:00,21.61,21.61,21.47,21.53,291679
2009-09-24 18:00:00,21.53,21.64,21.48,21.6,167995
2009-09-24 18:30:00,21.6,21.8,21.6,21.78,392917
2009-09-24 19:00:00,21.78,21.89,21.76,21.81,111923
2009-09-24 19:30:00,21.81,21.83,21.7,21.73,95939
2009-09-24 20:00:00,21.73,21.82,21.71,21.71,114412
2009-09-24 20:30:00,21.72,21.74,21.62,21.73,183204
2009-09-24 21:00:00,21.72,21.75,21.54,21.57,533281
2009-09-24 21:30:00,21.58,21.68,21.54,21.65,273915
2009-09-24 22:00:00,21.65,21.77,21.59,21.66,290729
2009-09-24 22:30:00,21.66,21.7,21.5,21.53,694453
2009-09-25 16:30:00,21.24,21.45,20.97,21.24,520044
2009-09-25 17:00:00,21.23,21.45,21.15,21.25,396788
2009-09-25 17:30:00,21.25,21.28,21.08,21.13,308241
2009-09-25 18:00:00,21.13,21.18,21.03,21.18,163993
2009-09-25 18:30:00,21.18,21.22,21.07,21.1,115827
2009-09-25 19:00:00,21.12,21.17,20.93,20.96,170480
2009-09-25 19:30:00,20.96,21.01,20.94,20.97,86668
2009-09-25 20:00:00,20.96,21.03,20.87,21.03,121973
2009-09-25 20:30:00,21.03,21.09,20.97,21.06,224381
2009-09-25 21:00:00,21.06,21.13,21.02,21.02,147357
2009-09-25 21:30:00,21.02,21.16,20.96,21.06,393365
2009-09-25 22:00:00,21.05,21.1,21.01,21.04,401152
2009-09-25 22:30:00,21.05,21.07,20.96,21.04,1059370
2009-09-28 16:30:00,21.03,21.32,20.99,21.26,164900
2009-09-28 17:00:00,21.27,21.38,21.25,21.37,102428
2009-09-28 17:30:00,21.38,21.49,21.36,21.48,103410
2009-09-28 18:00:00,21.48,21.56,21.45,21.47,46851
2009-09-28 18:30:00,21.46,21.57,21.42,21.54,71243
2009-09-28 19:00:00,21.54,21.57,21.51,21.55,46334
2009-09-28 19:30:00,21.55,21.59,21.49,21.51,54650
2009-09-28 20:00:00,21.51,21.55,21.48,21.52,122875
2009-09-28 20:30:00,21.53,21.61,21.51,21.53,191268
2009-09-28 21:00:00,21.53,21.67,21.51,21.65,103639
2009-09-28 21:30:00,21.66,21.74,21.63,21.72,141531
2009-09-28 22:00:00,21.72,21.81,21.66,21.78,143273
2009-09-28 22:30:00,21.78,22.03,21.73,22.03,976282
2009-09-29 16:30:00,22.04,22.29,21.84,22.23,155686
2009-09-29 17:00:00,22.22,22.23,21.82,22.22,219758
2009-09-29 17:30:00,22.22,22.25,21.96,22.0,195277
2009-09-29 18:00:00,22.0,22.05,21.94,22.04,179567
2009-09-29 18:30:00,22.04,22.07,21.89,21.99,112445
2009-09-29 19:00:00,21.98,22.11,21.98,22.06,155455
2009-09-29 19:30:00,22.07,22.18,22.07,22.13,153015
2009-09-29 20:00:00,22.14,22.26,22.14,22.25,116559
2009-09-29 20:30:00,22.26,22.34,22.24,22.31,129597
2009-09-29 21:00:00,22.32,22.34,22.23,22.29,133711
2009-09-29 21:30:00,22.3,22.36,22.23,22.3,197261
2009-09-29 22:00:00,22.31,22.37,22.25,22.25,312751
2009-09-29 22:30:00,22.25,22.27,22.1,22.1,658102
2009-09-30 16:30:00,22.26,22.59,22.09,22.5,813330
2009-09-30 17:00:00,22.5,22.59,22.43,22.55,489234
2009-09-30 17:30:00,22.54,22.55,22.42,22.43,337137
2009-09-30 18:00:00,22.43,22.59,22.4,22.58,257753
2009-09-30 18:30:00,22.57,22.65,22.49,22.6,115571
2009-09-30 19:00:00,22.6,22.63,22.5,22.61,88280
2009-09-30 19:30:00,22.62,22.79,22.62,22.72,109060
2009-09-30 20:00:00,22.73,22.95,22.73,22.89,200215
2009-09-30 20:30:00,22.89,22.92,22.8,22.85,172680
2009-09-30 21:00:00,22.84,22.91,22.78,22.81,121853
2009-09-30 21:30:00,22.8,22.92,22.72,22.72,157929
2009-09-30 22:00:00,22.7,22.72,22.51,22.59,404830
2009-09-30 22:30:00,22.58,22.83,22.55,22.72,731788
2009-10-01 16:30:00,22.75,22.95,22.68,22.9,489201
2009-10-01 17:00:00,22.91,22.96,22.72,22.79,535161
2009-10-01 17:30:00,22.79,22.83,22.62,22.74,623309
2009-10-01 18:00:00,22.73,22.74,22.54,22.58,649604
2009-10-01 18:30:00,22.58,22.63,22.39,22.45,267777
2009-10-01 19:00:00,22.44,22.48,22.35,22.4,153345
2009-10-01 19:30:00,22.4,22.41,22.32,22.39,134049
2009-10-01 20:00:00,22.38,22.39,22.0,22.02,452935
2009-10-01 20:30:00,22.01,22.05,21.95,21.98,286500
2009-10-01 21:00:00,21.98,22.06,21.96,22.0,382004
2009-10-01 21:30:00,21.99,22.02,21.92,21.94,219396
2009-10-01 22:00:00,21.94,21.95,21.82,21.9,322765
2009-10-01 22:30:00,21.9,22.02,21.73,21.76,1054865
2009-10-02 16:30:00,21.47,21.76,21.39,21.64,1026930
2009-10-02 17:00:00,21.63,22.07,21.57,22.04,549492
2009-10-02 17:30:00,22.04,22.49,22.0,22.4,678170
2009-10-02 18:00:00,22.4,22.59,22.27,22.43,518586
2009-10-02 18:30:00,22.44,22.52,22.33,22.4,397933
2009-10-02 19:00:00,22.41,22.68,22.38,22.68,392989
2009-10-02 19:30:00,22.68,22.85,22.59,22.65,725619
2009-10-02 20:00:00,22.65,22.76,22.6,22.73,483191
2009-10-02 20:30:00,22.73,22.87,22.71,22.75,372853
2009-10-02 21:00:00,22.75,22.86,22.71,22.79,504533
2009-10-02 21:30:00,22.79,23.03,22.55,23.02,1130974
2009-10-02 22:00:00,23.02,23.19,22.84,22.93,1495907
2009-10-02 22:30:00,22.92,23.11,22.89,22.97,1453773
2009-10-05 16:30:00,23.19,23.19,22.77,23.08,712907
2009-10-05 17:00:00,23.09,23.15,23.03,23.15,377191
2009-10-05 17:30:00,23.14,23.36,23.12,23.36,419900
2009-10-05 18:00:00,23.36,23.43,23.31,23.4,262809
2009-10-05 18:30:00,23.41,23.47,23.32,23.34,155296
2009-10-05 19:00:00,23.34,23.43,23.33,23.41,149506
2009-10-05 19:30:00,23.4,23.5,23.37,23.48,243965
2009-10-05 20:00:00,23.48,23.5,23.3,23.31,472207
2009-10-05 20:30:00,23.31,23.31,23.16,23.24,375044
2009-10-05 21:00:00,23.23,23.31,23.17,23.21,226081
2009-10-05 21:30:00,23.21,23.45,23.2,23.34,357820
2009-10-05 22:00:00,23.34,23.46,23.32,23.4,370143
2009-10-05 22:30:00,23.4,23.5,23.37,23.48,996388
2009-10-06 16:30:00,23.55,23.88,23.31,23.77,792250
2009-10-06 17:00:00,23.78,23.87,23.57,23.58,419474
2009-10-06 17:30:00,23.58,23.72,23.46,23.55,464450
2009-10-06 18:00:00,23.54,23.67,23.48,23.5,274698
2009-10-06 18:30:00,23.51,23.54,23.41,23.47,141362
2009-10-06 19:00:00,23.47,23.55,23.46,23.51,217612
2009-10-06 19:30:00,23.51,23.54,23.32,23.32,113010
2009-10-06 20:00:00,23.32,23.34,23.2,23.3,274246
2009-10-06 20:30:00,23.3,23.31,23.02,23.07,260614
2009-10-06 21:00:00,23.07,23.08,22.93,23.04,433491
2009-10-06 21:30:00,23.04,23.32,23.0,23.29,316411
2009-10-06 22:00:00,23.29,23.49,23.22,23.45,295261
2009-10-06 22:30:00,23.44,23.52,23.32,23.48,804093
2009-10-07 16:30:00,23.4,23.46,22.93,23.14,472630
2009-10-07 17:00:00,23.14,23.32,23.09,23.2,357927
2009-10-07 17:30:00,23.19,23.31,23.12,23.3,147977
2009-10-07 18:00:00,23.31,23.39,23.24,23.26,192350
2009-10-07 18:30:00,23.26,23.26,23.11,23.12,141002
2009-10-07 19:00:00,23.12,23.21,23.12,23.2,121590
2009-10-07 19:30:00,23.19,23.24,23.11,23.23,171443
2009-10-07 20:00:00,23.24,23.37,23.23,23.36,100105
2009-10-07 20:30:00,23.37,23.41,23.25,23.33,120600
2009-10-07 21:00:00,23.33,23.34,23.24,23.29,195520
2009-10-07 21:30:00,23.29,23.4,23.23,23.38,151812
2009-10-07 22:00:00,23.38,23.49,23.32,23.49,239233
2009-10-07 22:30:00,23.48,23.59,23.46,23.57,658011
2009-10-08 16:30:00,23.69,23.88,23.51,23.54,274643
2009-10-08 17:00:00,23.55,23.63,23.4,23.61,190348
2009-10-08 17:30:00,23.62,23.72,23.62,23.67,113111
2009-10-08 18:00:00,23.67,23.93,23.67,23.87,201047
2009-10-08 18:30:00,23.88,23.93,23.82,23.87,100106
2009-10-08 19:00:00,23.87,23.89,23.8,23.85,86531
2009-10-08 19:30:00,23.85,23.89,23.81,23.84,82208
2009-10-08 20:00:00,23.83,23.83,23.68,23.71,124615
2009-10-08 20:30:00,23.72,23.73,23.58,23.68,117154
2009-10-08 21:00:00,23.68,23.74,23.52,23.59,474730
2009-10-08 21:30:00,23.59,23.64,23.55,23.59,170329
2009-10-08 22:00:00,23.57,23.63,23.53,23.55,213598
2009-10-08 22:30:00,23.55,23.61,23.46,23.56,320195
2009-10-09 16:30:00,23.52,23.64,23.37,23.55,288607
2009-10-09 17:00:00,23.57,23.59,23.43,23.45,93133
2009-10-09 17:30:00,23.46,23.85,23.45,23.83,158614
2009-10-09 18:00:00,23.83,23.9,23.75,23.87,102764
2009-10-09 18:30:00,23.86,23.86,23.66,23.68,234392
2009-10-09 19:00:00,23.68,23.77,23.56,23.72,268910
2009-10-09 19:30:00,23.73,23.78,23.71,23.75,63271
2009-10-09 20:00:00,23.76,23.78,23.72,23.73,69021
2009-10-09 20:30:00,23.73,23.77,23.7,23.72,73794
2009-10-09 21:00:00,23.72,23.76,23.68,23.71,97423
2009-10-09 21:30:00,23.72,23.8,23.7,23.8,92912
2009-10-09 22:00:00,23.8,23.86,23.77,23.83,181372
2009-10-09 22:30:00,23.84,23.87,23.72,23.82,386648
2009-10-12 16:30:00,23.92,23.95,23.74,23.91,177419
2009-10-12 17:00:00,23.91,23.91,23.64,23.64,246953
2009-10-12 17:30:00,23.65,23.7,23.53,23.55,143185
2009-10-12 18:00:00,23.55,23.59,23.44,23.51,284679
2009-10-12 18:30:00,23.51,23.51,23.31,23.33,293650
2009-10-12 19:00:00,23.32,23.35,23.23,23.3,201189
2009-10-12 19:30:00,23.3,23.33,23.25,23.3,91804
2009-10-12 20:00:00,23.3,23.35,23.26,23.35,132609
2009-10-12 20:30:00,23.35,23.42,23.28,23.28,232741
2009-10-12 21:00:00,23.29,23.3,23.06,23.11,577230
2009-10-12 21:30:00,23.12,23.3,23.08,23.3,427361
2009-10-12 22:00:00,23.29,23.35,23.1,23.16,310369
2009-10-12 22:30:00,23.15,23.19,23.04,23.16,973567
2009-10-13 16:30:00,23.06,23.49,22.99,23.0,407063
2009-10-13 17:00:00,22.99,23.05,22.89,22.94,181562
2009-10-13 17:30:00,22.94,23.0,22.89,22.99,116615
2009-10-13 18:00:00,22.98,23.0,22.87,22.92,123834
2009-10-13 18:30:00,22.92,22.96,22.83,22.85,291215
2009-10-13 19:00:00,22.84,23.05,22.84,22.98,208160
2009-10-13 19:30:00,22.98,23.0,22.92,22.96,84850
2009-10-13 20:00:00,22.96,23.0,22.93,22.93,138332
2009-10-13 20:30:00,22.92,22.97,22.89,22.96,229160
2009-10-13 21:00:00,22.95,22.95,22.87,22.91,199823
2009-10-13 21:30:00,22.9,22.92,22.76,22.83,222123
2009-10-13 22:00:00,22.83,22.89,22.78,22.83,483452
2009-10-13 22:30:00,22.83,22.84,22.69,22.74,853894
2009-10-14 16:30:00,23.33,23.36,23.1,23.2,578136
2009-10-14 17:00:00,23.2,23.4,23.14,23.37,462179
2009-10-14 17:30:00,23.37,23.52,23.36,23.48,335735
2009-10-14 18:00:00,23.48,23.78,23.47,23.76,365470
2009-10-14 18:30:00,23.75,23.78,23.7,23.71,187079
2009-10-14 19:00:00,23.72,23.74,23.67,23.71,185383
2009-10-14 19:30:00,23.71,23.84,23.7,23.83,109027
2009-10-14 20:00:00,23.84,23.86,23.77,23.77,210301
2009-10-14 20:30:00,23.77,23.8,23.68,23.71,197045
2009-10-14 21:00:00,23.69,23.74,23.65,23.71,326504
2009-10-14 21:30:00,23.71,23.82,23.69,23.77,210877
2009-10-14 22:00:00,23.76,23.92,23.74,23.92,331848
2009-10-14 22:30:00,23.91,24.0,23.87,24.0,672390
2009-10-15 16:30:00,23.27,23.49,23.13,23.25,921849
2009-10-15 17:00:00,23.24,23.27,23.01,23.01,610488
2009-10-15 17:30:00,23.01,23.01,22.82,22.97,574206
2009-10-15 18:00:00,22.98,23.07,22.93,23.01,546473
2009-10-15 18:30:00,23.01,23.19,23.0,23.1,322576
2009-10-15 19:00:00,23.1,23.2,23.09,23.2,146398
2009-10-15 19:30:00,23.19,23.2,23.14,23.17,199037
2009-10-15 20:00:00,23.17,23.19,23.07,23.16,376095
2009-10-15 20:30:00,23.16,23.18,23.04,23.08,166335
2009-10-15 21:00:00,23.08,23.1,23.02,23.05,248021
2009-10-15 21:30:00,23.05,23.16,23.05,23.15,272849
2009-10-15 22:00:00,23.16,23.18,23.04,23.04,366127
2009-10-15 22:30:00,23.04,23.09,22.97,23.05,848503
2009-10-16 16:30:00,22.46,22.78,22.31,22.71,450344
2009-10-16 17:00:00,22.71,22.72,22.49,22.51,206029
2009-10-16 17:30:00,22.51,22.62,22.45,22.52,224490
2009-10-16 18:00:00,22.53,22.7,22.52,22.68,128712
2009-10-16 18:30:00,22.68,22.72,22.65,22.72,89327
2009-10-16 19:00:00,22.72,22.72,22.62,22.63,137204
2009-10-16 19:30:00,22.63,22.74,22.6,22.71,127807
2009-10-16 20:00:00,22.72,22.85,22.7,22.85,83192
2009-10-16 20:30:00,22.86,22.86,22.77,22.77,83528
2009-10-16 21:00:00,22.76,22.78,22.67,22.77,104786
2009-10-16 21:30:00,22.76,22.76,22.67,22.69,113007
2009-10-16 22:00:00,22.69,22.92,22.69,22.92,266071
2009-10-16 22:30:00,22.93,22.97,22.77,22.79,587888
2009-10-19 16:30:00,22.89,22.97,22.74,22.83,414594
2009-10-19 17:00:00,22.83,22.92,22.76,22.88,244396
2009-10-19 17:30:00,22.89,22.96,22.85,22.86,160540
2009-10-19 18:00:00,22.87,22.97,22.84,22.93,169026
2009-10-19 18:30:00,22.94,23.08,22.9,23.07,94296
2009-10-19 19:00:00,23.07,23.15,23.06,23.14,97370
2009-10-19 19:30:00,23.14,23.16,23.12,23.14,143658
2009-10-19 20:00:00,23.15,23.18,23.12,23.16,191018
2009-10-19 20:30:00,23.17,23.24,23.17,23.19,232081
2009-10-19 21:00:00,23.2,23.21,23.12,23.16,236387
2009-10-19 21:30:00,23.17,23.17,23.1,23.15,143477
2009-10-19 22:00:00,23.15,23.18,23.1,23.1,268050
2009-10-19 22:30:00,23.1,23.16,23.09,23.15,588609
2009-10-20 16:30:00,23.94,24.07,23.82,24.0,2955383
2009-10-20 17:00:00,24.0,24.01,23.87,23.89,1230724
2009-10-20 17:30:00,23.9,23.98,23.86,23.91,459018
2009-10-20 18:00:00,23.92,23.95,23.65,23.69,661660
2009-10-20 18:30:00,23.69,23.71,23.48,23.66,527368
2009-10-20 19:00:00,23.67,23.67,23.5,23.6,293154
2009-10-20 19:30:00,23.59,23.6,23.4,23.41,313715
2009-10-20 20:00:00,23.42,23.5,23.23,23.31,621949
2009-10-20 20:30:00,23.3,23.47,23.3,23.44,504336
2009-10-20 21:00:00,23.45,23.56,23.41,23.49,635265
2009-10-20 21:30:00,23.48,23.51,23.44,23.47,694685
2009-10-20 22:00:00,23.47,23.49,23.3,23.34,991690
2009-10-20 22:30:00,23.35,23.45,23.2,23.3,1313845
2009-10-21 16:30:00,23.19,23.54,23.06,23.21,607706
2009-10-21 17:00:00,23.21,23.37,23.21,23.31,302550
2009-10-21 17:30:00,23.3,23.35,23.11,23.28,537312
2009-10-21 18:00:00,23.28,23.29,23.12,23.13,599334
2009-10-21 18:30:00,23.13,23.14,22.98,23.0,561176
2009-10-21 19:00:00,23.0,23.05,22.89,22.96,447345
2009-10-21 19:30:00,22.96,23.11,22.91,23.09,102974
2009-10-21 20:00:00,23.09,23.11,23.04,23.07,89476
2009-10-21 20:30:00,23.07,23.2,23.06,23.17,316607
2009-10-21 21:00:00,23.17,23.21,23.13,23.14,132548
2009-10-21 21:30:00,23.15,23.22,23.14,23.2,267693
2009-10-21 22:00:00,23.21,23.22,22.92,22.97,480434
2009-10-21 22:30:00,22.97,22.99,22.74,22.74,1701422
2009-10-22 16:30:00,22.83,22.87,22.35,22.4,331473
2009-10-22 17:00:00,22.43,22.5,22.31,22.48,351793
2009-10-22 17:30:00,22.48,22.63,22.43,22.53,387689
2009-10-22 18:00:00,22.53,22.62,22.51,22.55,322541
2009-10-22 18:30:00,22.54,22.63,22.5,22.57,259154
2009-10-22 19:00:00,22.57,22.67,22.56,22.64,238193
2009-10-22 19:30:00,22.64,22.78,22.6,22.74,298102
2009-10-22 20:00:00,22.74,22.75,22.62,22.64,120170
2009-10-22 20:30:00,22.63,22.77,22.6,22.73,176099
2009-10-22 21:00:00,22.74,23.0,22.72,22.87,696231
2009-10-22 21:30:00,22.87,22.96,22.79,22.95,423310
2009-10-22 22:00:00,22.95,23.0,22.91,22.98,1014911
2009-10-22 22:30:00,22.98,23.06,22.89,23.0,1194495
2009-10-23 16:30:00,23.01,23.1,22.79,22.84,427642
2009-10-23 17:00:00,22.83,23.0,22.72,22.81,767056
2009-10-23 17:30:00,22.8,22.88,22.69,22.82,510071
2009-10-23 18:00:00,22.83,22.85,22.62,22.63,354710
2009-10-23 18:30:00,22.63,22.79,22.58,22.6,334514
2009-10-23 19:00:00,22.6,22.72,22.47,22.48,558910
2009-10-23 19:30:00,22.48,22.61,22.39,22.39,654952
2009-10-23 20:00:00,22.39,22.46,22.24,22.25,424527
2009-10-23 20:30:00,22.26,22.29,22.15,22.27,492059
2009-10-23 21:00:00,22.26,22.33,22.17,22.31,394174
2009-10-23 21:30:00,22.31,22.43,22.29,22.38,550821
2009-10-23 22:00:00,22.39,22.43,22.28,22.34,565312
2009-10-23 22:30:00,22.34,22.43,22.21,22.41,1066346
2009-10-26 16:30:00,22.34,22.77,22.34,22.64,515835
2009-10-26 17:00:00,22.64,22.72,22.56,22.63,385445
2009-10-26 17:30:00,22.62,22.7,22.49,22.7,304890
2009-10-26 18:00:00,22.7,22.72,22.56,22.58,354202
2009-10-26 18:30:00,22.56,22.57,22.18,22.21,317564
2009-10-26 19:00:00,22.21,22.31,22.14,22.2,184307
2009-10-26 19:30:00,22.21,22.26,22.1,22.23,274843
2009-10-26 20:00:00,22.24,22.25,21.99,21.99,375447
2009-10-26 20:30:00,22.0,22.11,21.96,22.01,166151
2009-10-26 21:00:00,22.01,22.05,21.9,21.97,177809
2009-10-26 21:30:00,21.96,22.0,21.86,21.92,244007
2009-10-26 22:00:00,21.9,21.91,21.62,21.63,416349
2009-10-26 22:30:00,21.63,21.81,21.62,21.72,1212561
2009-10-27 16:30:00,21.75,21.87,21.54,21.66,394302
2009-10-27 17:00:00,21.66,21.66,21.36,21.53,637517
2009-10-27 17:30:00,21.51,21.64,21.46,21.58,410693
2009-10-27 18:00:00,21.58,21.61,21.48,21.61,329078
2009-10-27 18:30:00,21.61,21.69,21.56,21.6,306371
2009-10-27 19:00:00,21.61,21.63,21.58,21.59,181370
2009-10-27 19:30:00,21.58,21.59,21.47,21.51,192998
2009-10-27 20:00:00,21.51,21.56,21.43,21.46,309688
2009-10-27 20:30:00,21.47,21.5,21.36,21.37,357336
2009-10-27 21:00:00,21.37,21.37,21.21,21.3,411512
2009-10-27 21:30:00,21.31,21.5,21.23,21.48,493163
2009-10-27 22:00:00,21.47,21.49,21.32,21.39,327028
2009-10-27 22:30:00,21.39,21.4,21.25,21.29,649974
2009-10-28 16:30:00,21.06,21.4,21.01,21.07,354070
2009-10-28 17:00:00,21.04,21.04,20.89,20.9,523252
2009-10-28 17:30:00,20.89,20.95,20.69,20.71,452364
2009-10-28 18:00:00,20.71,20.91,20.65,20.9,325844
2009-10-28 18:30:00,20.9,20.9,20.68,20.68,285068
2009-10-28 19:00:00,20.67,20.75,20.63,20.64,177667
2009-10-28 19:30:00,20.64,20.65,20.38,20.46,443885
2009-10-28 20:00:00,20.47,20.62,20.45,20.55,338464
2009-10-28 20:30:00,20.56,20.57,20.46,20.47,394149
2009-10-28 21:00:00,20.46,20.48,20.27,20.3,659064
2009-10-28 21:30:00,20.3,20.44,20.28,20.41,689314
2009-10-28 22:00:00,20.41,20.5,20.22,20.24,676762
2009-10-28 22:30:00,20.24,20.27,20.04,20.05,1536305
2009-10-29 16:30:00,20.3,20.62,20.2,20.5,610159
2009-10-29 17:00:00,20.5,20.66,20.5,20.61,1018036
2009-10-29 17:30:00,20.6,20.66,20.54,20.65,545132
2009-10-29 18:00:00,20.64,20.76,20.53,20.75,1069272
2009-10-29 18:30:00,20.75,20.76,20.71,20.75,482621
2009-10-29 19:00:00,20.75,20.86,20.74,20.85,521879
2009-10-29 19:30:00,20.85,20.97,20.84,20.91,305342
2009-10-29 20:00:00,20.92,20.92,20.84,20.85,515402
2009-10-29 20:30:00,20.85,21.06,20.85,20.99,576917
2009-10-29 21:00:00,21.0,21.03,20.96,21.01,395773
2009-10-29 21:30:00,21.01,21.29,21.0,21.27,844475
2009-10-29 22:00:00,21.28,21.55,21.24,21.55,696077
2009-10-29 22:30:00,21.55,21.6,21.32,21.54,2079287
2009-10-30 16:30:00,21.95,22.17,21.54,21.73,678188
2009-10-30 17:00:00,21.72,21.87,21.71,21.78,671393
2009-10-30 17:30:00,21.77,22.1,21.74,22.08,851013
2009-10-30 18:00:00,22.07,22.07,21.88,21.95,803214
2009-10-30 18:30:00,21.94,21.99,21.66,21.77,693377
2009-10-30 19:00:00,21.77,21.85,21.59,21.62,589240
2009-10-30 19:30:00,21.61,21.66,21.38,21.42,378651
2009-10-30 20:00:00,21.42,21.55,21.41,21.54,379106
2009-10-30 20:30:00,21.54,21.54,21.23,21.28,574223
2009-10-30 21:00:00,21.28,21.46,21.23,21.34,865082
2009-10-30 21:30:00,21.34,21.34,21.18,21.28,462388
2009-10-30 22:00:00,21.28,21.3,21.15,21.25,762932
2009-10-30 22:30:00,21.25,21.38,21.16,21.18,1112218
2009-11-02 16:30:00,21.52,21.56,21.26,21.46,548777
2009-11-02 17:00:00,21.46,21.9,21.46,21.72,720127
2009-11-02 17:30:00,21.72,21.81,21.6,21.61,301907
2009-11-02 18:00:00,21.6,21.84,21.57,21.75,363588
2009-11-02 18:30:00,21.75,21.85,21.74,21.76,267219
2009-11-02 19:00:00,21.76,21.76,21.47,21.49,326953
2009-11-02 19:30:00,21.49,21.52,21.25,21.27,544010
2009-11-02 20:00:00,21.27,21.65,21.25,21.6,400585
2009-11-02 20:30:00,21.59,21.59,21.3,21.3,644567
2009-11-02 21:00:00,21.32,21.68,21.29,21.68,324947
2009-11-02 21:30:00,21.68,21.75,21.57,21.62,389163
2009-11-02 22:00:00,21.63,21.7,21.43,21.51,451545
2009-11-02 22:30:00,21.5,21.77,21.5,21.76,792782
2009-11-03 16:30:00,21.41,21.68,21.28,21.65,286219
2009-11-03 17:00:00,21.65,21.83,21.59,21.72,446293
2009-11-03 17:30:00,21.71,21.84,21.68,21.79,329674
2009-11-03 18:00:00,21.8,21.9,21.73,21.78,364517
2009-11-03 18:30:00,21.77,21.91,21.7,21.85,393832
2009-11-03 19:00:00,21.84,21.91,21.77,21.84,664314
2009-11-03 19:30:00,21.85,22.09,21.85,22.04,606804
2009-11-03 20:00:00,22.04,22.12,21.92,21.96,339069
2009-11-03 20:30:00,21.96,22.12,21.96,22.1,348774
2009-11-03 21:00:00,22.11,22.24,22.11,22.19,350514
2009-11-03 21:30:00,22.19,22.27,22.01,22.04,430572
2009-11-03 22:00:00,22.03,22.1,21.98,22.04,703636
2009-11-03 22:30:00,22.04,22.23,22.04,22.2,793329
2009-11-04 16:30:00,22.45,22.45,22.11,22.22,465064
2009-11-04 17:00:00,22.23,22.25,22.09,22.21,399540
2009-11-04 17:30:00,22.22,22.31,22.18,22.31,193030
2009-11-04 18:00:00,22.3,22.35,22.2,22.2,249859
2009-11-04 18:30:00,22.2,22.25,22.16,22.23,144456
2009-11-04 19:00:00,22.22,22.36,22.18,22.36,373058
2009-11-04 19:30:00,22.36,22.5,22.35,22.42,441011
2009-11-04 20:00:00,22.41,22.44,22.36,22.44,237893
2009-11-04 20:30:00,22.43,22.58,22.41,22.55,283590
2009-11-04 21:00:00,22.55,22.66,22.36,22.38,444334
2009-11-04 21:30:00,22.38,22.82,22.35,22.77,586018
2009-11-04 22:00:00,22.77,22.78,22.62,22.72,556264
2009-11-04 22:30:00,22.72,22.72,22.38,22.47,1930875
2009-11-05 16:30:00,22.6,22.92,22.49,22.65,423089
2009-11-05 17:00:00,22.66,22.78,22.61,22.72,348626
2009-11-05 17:30:00,22.73,22.86,22.71,22.84,342163
2009-11-05 18:00:00,22.85,22.85,22.7,22.71,255987
2009-11-05 18:30:00,22.7,22.74,22.62,22.65,254088
2009-11-05 19:00:00,22.66,22.75,22.65,22.7,211897
2009-11-05 19:30:00,22.7,22.75,22.68,22.7,332567
2009-11-05 20:00:00,22.71,22.79,22.7,22.73,257185
2009-11-05 20:30:00,22.73,22.77,22.62,22.63,414162
2009-11-05 21:00:00,22.62,22.75,22.58,22.7,825988
2009-11-05 21:30:00,22.71,22.93,22.7,22.86,770392
2009-11-05 22:00:00,22.86,23.06,22.86,22.91,1166789
2009-11-05 22:30:00,22.91,22.92,22.8,22.91,1519174
2009-11-06 16:30:00,22.54,22.93,22.43,22.86,218312
2009-11-06 17:00:00,22.86,22.95,22.57,22.58,141473
2009-11-06 17:30:00,22.59,22.71,22.48,22.68,181774
2009-11-06 18:00:00,22.68,22.69,22.55,22.64,121706
2009-11-06 18:30:00,22.63,22.81,22.6,22.76,89282
2009-11-06 19:00:00,22.76,22.9,22.73,22.89,145708
2009-11-06 19:30:00,22.89,22.91,22.68,22.69,152260
2009-11-06 20:00:00,22.69,22.84,22.63,22.83,149103
2009-11-06 20:30:00,22.84,22.91,22.76,22.8,98897
2009-11-06 21:00:00,22.79,22.92,22.79,22.9,111100
2009-11-06 21:30:00,22.9,22.96,22.89,22.91,154899
2009-11-06 22:00:00,22.9,23.05,22.84,23.03,341025
2009-11-06 22:30:00,23.03,23.14,23.03,23.09,474334
2009-11-09 16:30:00,23.25,23.26,23.02,23.2,249450
2009-11-09 17:00:00,23.2,23.38,23.19,23.35,232099
2009-11-09 17:30:00,23.35,23.41,23.26,23.41,146782
2009-11-09 18:00:00,23.41,23.45,23.34,23.42,162654
2009-11-09 18:30:00,23.41,23.46,23.38,23.4,99020
2009-11-09 19:00:00,23.39,23.42,23.36,23.4,109641
2009-11-09 19:30:00,23.4,23.4,23.37,23.4,190244
2009-11-09 20:00:00,23.4,23.4,23.37,23.39,109342
2009-11-09 20:30:00,23.39,23.41,23.32,23.4,607035
2009-11-09 21:00:00,23.39,23.41,23.33,23.4,247428
2009-11-09 21:30:00,23.4,23.5,23.39,23.41,251279
2009-11-09 22:00:00,23.41,23.49,23.4,23.44,215121
2009-11-09 22:30:00,23.44,23.49,23.32,23.46,874987
2009-11-10 16:30:00,23.3,23.63,23.19,23.54,236633
2009-11-10 17:00:00,23.52,23.53,23.36,23.49,291646
2009-11-10 17:30:00,23.5,23.57,23.38,23.38,224248
2009-11-10 18:00:00,23.39,23.4,23.23,23.27,342882
2009-11-10 18:30:00,23.27,23.37,23.24,23.27,237019
2009-11-10 19:00:00,23.27,23.27,23.08,23.09,257845
2009-11-10 19:30:00,23.08,23.28,23.08,23.21,365108
2009-11-10 20:00:00,23.21,23.25,23.16,23.18,190238
2009-11-10 20:30:00,23.17,23.25,23.15,23.21,180859
2009-11-10 21:00:00,23.22,23.23,23.13,23.2,284936
2009-11-10 21:30:00,23.19,23.22,23.17,23.19,363048
2009-11-10 22:00:00,23.2,23.22,23.15,23.19,341856
2009-11-10 22:30:00,23.19,23.19,23.07,23.13,576707
2009-11-11 16:30:00,23.21,23.97,23.2,23.7,857532
2009-11-11 17:00:00,23.71,23.84,23.67,23.73,423027
2009-11-11 17:30:00,23.74,23.82,23.5,23.7,450820
2009-11-11 18:00:00,23.69,23.7,23.54,23.68,330747
2009-11-11 18:30:00,23.67,23.75,23.52,23.68,247511
2009-11-11 19:00:00,23.66,23.72,23.64,23.64,189884
2009-11-11 19:30:00,23.65,23.7,23.59,23.66,211753
2009-11-11 20:00:00,23.66,23.83,23.62,23.77,81754
2009-11-11 20:30:00,23.78,23.83,23.63,23.75,197377
2009-11-11 21:00:00,23.76,23.82,23.7,23.79,160846
2009-11-11 21:30:00,23.8,23.94,23.77,23.86,197791
2009-11-11 22:00:00,23.86,23.9,23.73,23.84,255591
2009-11-11 22:30:00,23.85,23.89,23.7,23.8,710461
2009-11-12 16:30:00,23.7,23.92,23.55,23.88,610567
2009-11-12 17:00:00,23.89,23.94,23.64,23.84,254184
2009-11-12 17:30:00,23.83,23.92,23.77,23.85,131206
2009-11-12 18:00:00,23.84,23.87,23.7,23.79,167802
2009-11-12 18:30:00,23.8,23.82,23.71,23.75,201380
2009-11-12 19:00:00,23.75,23.79,23.71,23.74,50506
2009-11-12 19:30:00,23.73,23.9,23.7,23.76,136357
2009-11-12 20:00:00,23.77,23.77,23.6,23.71,101280
2009-11-12 20:30:00,23.71,23.76,23.69,23.7,90850
2009-11-12 21:00:00,23.71,23.75,23.62,23.69,123746
2009-11-12 21:30:00,23.68,23.71,23.53,23.59,137988
2009-11-12 22:00:00,23.59,23.62,23.48,23.54,268813
2009-11-12 22:30:00,23.54,23.64,23.51,23.61,719541
2009-11-13 16:30:00,23.61,23.72,23.39,23.41,226163
2009-11-13 17:00:00,23.41,23.65,23.36,23.58,100238
2009-11-13 17:30:00,23.58,23.69,23.55,23.58,97698
2009-11-13 18:00:00,23.59,23.66,23.54,23.61,63841
2009-11-13 18:30:00,23.62,23.68,23.57,23.59,83537
2009-11-13 19:00:00,23.59,23.65,23.54,23.6,151267
2009-11-13 19:30:00,23.6,23.66,23.55,23.6,135254
2009-11-13 20:00:00,23.59,23.66,23.59,23.66,80855
2009-11-13 20:30:00,23.66,23.66,23.59,23.62,61051
2009-11-13 21:00:00,23.62,23.68,23.51,23.55,92620
2009-11-13 21:30:00,23.55,23.56,23.42,23.46,164355
2009-11-13 22:00:00,23.46,23.53,23.42,23.51,181789
2009-11-13 22:30:00,23.49,23.67,23.48,23.65,368322
2009-11-16 16:30:00,23.86,23.95,23.55,23.87,349828
2009-11-16 17:00:00,23.87,24.0,23.86,23.87,196901
2009-11-16 17:30:00,23.88,23.89,23.81,23.88,142417
2009-11-16 18:00:00,23.88,23.9,23.82,23.82,131837
2009-11-16 18:30:00,23.82,23.94,23.6,23.64,295585
2009-11-16 19:00:00,23.64,23.85,23.64,23.82,220864
2009-11-16 19:30:00,23.82,23.87,23.78,23.85,105519
2009-11-16 20:00:00,23.84,23.88,23.77,23.78,101570
2009-11-16 20:30:00,23.78,23.82,23.74,23.82,106487
2009-11-16 21:00:00,23.83,23.94,23.83,23.86,118706
2009-11-16 21:30:00,23.87,23.97,23.84,23.91,167068
2009-11-16 22:00:00,23.91,23.92,23.6,23.66,179956
2009-11-16 22:30:00,23.65,23.78,23.59,23.73,500626
2009-11-17 16:30:00,23.61,23.87,23.58,23.7,369792
2009-11-17 17:00:00,23.71,23.73,23.56,23.64,247796
2009-11-17 17:30:00,23.65,23.65,23.47,23.62,117268
2009-11-17 18:00:00,23.62,23.62,23.45,23.53,175757
2009-11-17 18:30:00,23.53,23.57,23.47,23.54,76554
2009-11-17 19:00:00,23.54,23.62,23.49,23.54,354976
2009-11-17 19:30:00,23.53,23.6,23.49,23.5,99257
2009-11-17 20:00:00,23.5,23.55,23.45,23.5,116021
2009-11-17 20:30:00,23.51,23.57,23.5,23.53,157078
2009-11-17 21:00:00,23.54,23.56,23.49,23.56,113110
2009-11-17 21:30:00,23.55,23.58,23.45,23.49,226522
2009-11-17 22:00:00,23.5,23.59,23.5,23.54,284928
2009-11-17 22:30:00,23.54,23.56,23.44,23.48,570838
2009-11-18 16:30:00,23.43,23.5,23.35,23.37,115952
2009-11-18 17:00:00,23.36,23.42,23.35,23.37,172950
2009-11-18 17:30:00,23.39,23.42,23.31,23.38,249937
2009-11-18 18:00:00,23.37,23.38,23.16,23.16,320550
2009-11-18 18:30:00,23.16,23.17,23.01,23.06,401698
2009-11-18 19:00:00,23.07,23.16,23.03,23.03,221560
2009-11-18 19:30:00,23.03,23.13,23.01,23.08,119490
2009-11-18 20:00:00,23.09,23.1,23.01,23.1,94089
2009-11-18 20:30:00,23.1,23.16,23.04,23.09,148586
2009-11-18 21:00:00,23.1,23.16,23.09,23.13,94634
2009-11-18 21:30:00,23.13,23.19,23.1,23.14,96264
2009-11-18 22:00:00,23.14,23.23,23.12,23.2,170817
2009-11-18 22:30:00,23.19,23.3,23.15,23.25,349640
2009-11-19 16:30:00,23.1,23.2,22.48,22.49,347603
2009-11-19 17:00:00,22.49,22.56,22.36,22.51,408709
2009-11-19 17:30:00,22.51,22.53,22.28,22.29,273846
2009-11-19 18:00:00,22.31,22.46,22.27,22.44,208687
2009-11-19 18:30:00,22.44,22.44,22.3,22.38,149129
2009-11-19 19:00:00,22.37,22.43,22.37,22.42,190408
2009-11-19 19:30:00,22.43,22.46,22.29,22.35,267743
2009-11-19 20:00:00,22.34,22.41,22.3,22.39,82239
2009-11-19 20:30:00,22.4,22.43,22.36,22.43,107942
2009-11-19 21:00:00,22.42,22.44,22.33,22.38,110984
2009-11-19 21:30:00,22.38,22.39,22.28,22.33,234977
2009-11-19 22:00:00,22.33,22.35,22.24,22.29,347708
2009-11-19 22:30:00,22.27,22.36,22.26,22.35,603252
2009-11-20 16:30:00,22.08,22.46,21.88,22.22,563364
2009-11-20 17:00:00,22.21,22.33,22.1,22.17,133808
2009-11-20 17:30:00,22.17,22.24,21.98,21.99,249885
2009-11-20 18:00:00,21.99,22.13,21.99,22.06,171431
2009-11-20 18:30:00,22.07,22.18,22.05,22.17,142794
2009-11-20 19:00:00,22.17,22.24,22.16,22.23,165221
2009-11-20 19:30:00,22.24,22.29,22.16,22.25,189822
2009-11-20 20:00:00,22.25,22.29,22.24,22.25,148167
2009-11-20 20:30:00,22.25,22.29,22.19,22.2,165616
2009-11-20 21:00:00,22.21,22.21,22.18,22.19,127156
2009-11-20 21:30:00,22.19,22.22,22.17,22.18,256486
2009-11-20 22:00:00,22.19,22.24,22.15,22.21,202241
2009-11-20 22:30:00,22.2,22.24,22.09,22.1,490279
2009-11-23 16:30:00,22.63,22.63,22.34,22.55,157539
2009-11-23 17:00:00,22.58,22.81,22.47,22.7,389304
2009-11-23 17:30:00,22.7,22.79,22.68,22.77,151889
2009-11-23 18:00:00,22.75,22.83,22.73,22.82,138208
2009-11-23 18:30:00,22.81,22.88,22.78,22.81,138788
2009-11-23 19:00:00,22.8,22.81,22.67,22.68,211886
2009-11-23 19:30:00,22.68,22.68,22.57,22.61,116704
2009-11-23 20:00:00,22.61,22.63,22.53,22.55,83566
2009-11-23 20:30:00,22.55,22.57,22.46,22.5,125223
2009-11-23 21:00:00,22.5,22.56,22.46,22.56,123860
2009-11-23 21:30:00,22.56,22.57,22.49,22.5,81140
2009-11-23 22:00:00,22.48,22.56,22.45,22.46,142403
2009-11-23 22:30:00,22.46,22.58,22.39,22.58,419315
2009-11-24 16:30:00,22.49,22.65,22.31,22.35,210346
2009-11-24 17:00:00,22.35,22.49,22.35,22.48,125816
2009-11-24 17:30:00,22.48,22.6,22.48,22.55,174056
2009-11-24 18:00:00,22.55,22.63,22.52,22.53,146321
2009-11-24 18:30:00,22.53,22.59,22.52,22.54,184996
2009-11-24 19:00:00,22.54,22.57,22.51,22.55,139819
2009-11-24 19:30:00,22.55,22.56,22.47,22.5,118805
2009-11-24 20:00:00,22.49,22.56,22.49,22.55,122956
2009-11-24 20:30:00,22.54,22.55,22.49,22.5,107282
2009-11-24 21:00:00,22.5,22.56,22.49,22.56,168778
2009-11-24 21:30:00,22.55,22.6,22.54,22.59,268253
2009-11-24 22:00:00,22.58,22.71,22.56,22.69,208237
2009-11-24 22:30:00,22.7,22.76,22.68,22.76,432347
2009-11-25 16:30:00,22.87,22.9,22.62,22.85,171208
2009-11-25 17:00:00,22.86,22.92,22.66,22.71,151073
2009-11-25 17:30:00,22.71,22.74,22.61,22.61,98638
2009-11-25 18:00:00,22.62,22.67,22.6,22.66,100441
2009-11-25 18:30:00,22.66,22.71,22.64,22.65,61975
2009-11-25 19:00:00,22.66,22.67,22.48,22.51,96773
2009-11-25 19:30:00,22.51,22.59,22.5,22.59,41813
2009-11-25 20:00:00,22.59,22.63,22.56,22.63,65637
2009-11-25 20:30:00,22.63,22.64,22.61,22.63,33543
2009-11-25 21:00:00,22.62,22.66,22.61,22.66,80185
2009-11-25 21:30:00,22.65,22.71,22.64,22.69,74053
2009-11-25 22:00:00,22.69,22.69,22.66,22.68,83479
2009-11-25 22:30:00,22.68,22.7,22.63,22.66,305136
2009-11-27 16:30:00,21.92,22.24,21.12,21.95,148693
2009-11-27 17:00:00,21.95,22.08,21.86,21.86,138960
2009-11-27 17:30:00,21.85,22.01,21.84,21.96,135862
2009-11-27 18:00:00,21.96,22.07,21.95,21.96,95790
2009-11-27 18:30:00,21.96,21.97,21.87,21.87,92416
2009-11-27 19:00:00,21.87,21.89,21.8,21.85,137085
2009-11-27 19:30:00,21.85,21.91,21.6,21.64,430729
2009-11-27 20:00:00,21.63,21.94,21.62,21.73,111198
2009-11-30 16:30:00,21.83,21.94,21.37,21.85,202279
2009-11-30 17:00:00,21.85,21.96,21.8,21.95,179499
2009-11-30 17:30:00,21.95,21.99,21.89,21.89,129599
2009-11-30 18:00:00,21.89,21.9,21.8,21.81,208013
2009-11-30 18:30:00,21.81,21.83,21.7,21.74,210294
2009-11-30 19:00:00,21.74,21.81,21.68,21.74,169870
2009-11-30 19:30:00,21.75,21.75,21.68,21.69,131948
2009-11-30 20:00:00,21.69,21.79,21.66,21.79,108969
2009-11-30 20:30:00,21.78,21.88,21.7,21.85,147735
2009-11-30 21:00:00,21.85,21.89,21.83,21.86,102185
2009-11-30 21:30:00,21.86,21.92,21.85,21.91,133058
2009-11-30 22:00:00,21.91,22.02,21.89,22.01,206177
2009-11-30 22:30:00,22.01,22.3,22.0,22.24,692492
2009-12-01 16:30:00,22.22,22.46,22.08,22.09,337574
2009-12-01 17:00:00,22.08,22.17,21.91,22.04,321042
2009-12-01 17:30:00,22.03,22.09,21.99,22.08,308601
2009-12-01 18:00:00,22.07,22.24,22.07,22.23,148351
2009-12-01 18:30:00,22.23,22.32,22.19,22.27,225760
2009-12-01 19:00:00,22.27,22.33,22.25,22.31,138103
2009-12-01 19:30:00,22.31,22.32,22.24,22.25,92796
2009-12-01 20:00:00,22.26,22.33,22.21,22.33,92562
2009-12-01 20:30:00,22.33,22.41,22.3,22.31,155631
2009-12-01 21:00:00,22.31,22.31,22.2,22.25,250569
2009-12-01 21:30:00,22.24,22.26,22.12,22.15,264077
2009-12-01 22:00:00,22.15,22.22,22.13,22.19,257094
2009-12-01 22:30:00,22.18,22.3,22.08,22.22,663207
2009-12-02 16:30:00,22.21,22.27,22.03,22.23,199153
2009-12-02 17:00:00,22.23,22.47,22.23,22.39,267406
2009-12-02 17:30:00,22.39,22.39,22.29,22.3,184779
2009-12-02 18:00:00,22.29,22.34,22.19,22.32,126470
2009-12-02 18:30:00,22.32,22.37,22.24,22.25,67654
2009-12-02 19:00:00,22.25,22.33,22.21,22.31,103327
2009-12-02 19:30:00,22.31,22.35,22.29,22.29,128987
2009-12-02 20:00:00,22.28,22.29,22.2,22.26,116279
2009-12-02 20:30:00,22.26,22.38,22.23,22.24,128420
2009-12-02 21:00:00,22.24,22.29,22.1,22.16,336006
2009-12-02 21:30:00,22.16,22.23,22.12,22.14,99924
2009-12-02 22:00:00,22.15,22.21,22.13,22.18,130395
2009-12-02 22:30:00,22.18,22.29,22.16,22.24,237406
2009-12-03 16:30:00,22.26,22.45,22.26,22.35,112528
2009-12-03 17:00:00,22.35,22.35,22.14,22.22,255328
2009-12-03 17:30:00,22.23,22.28,22.05,22.22,212732
2009-12-03 18:00:00,22.22,22.24,22.09,22.18,110391
2009-12-03 18:30:00,22.18,22.26,22.13,22.24,69186
2009-12-03 19:00:00,22.24,22.27,22.19,22.19,98451
2009-12-03 19:30:00,22.2,22.27,22.16,22.24,110096
2009-12-03 20:00:00,22.24,22.25,22.06,22.1,96073
2009-12-03 20:30:00,22.11,22.19,22.09,22.16,70889
2009-12-03 21:00:00,22.17,22.22,22.15,22.18,118408
2009-12-03 21:30:00,22.18,22.19,22.05,22.08,101634
2009-12-03 22:00:00,22.08,22.12,21.99,22.02,123752
2009-12-03 22:30:00,22.02,22.03,21.78,21.85,413895
2009-12-04 16:30:00,22.42,22.42,22.03,22.23,335585
2009-12-04 17:00:00,22.23,22.28,21.95,21.98,324905
2009-12-04 17:30:00,21.98,22.0,21.77,21.84,181520
2009-12-04 18:00:00,21.84,21.89,21.71,21.71,161022
2009-12-04 18:30:00,21.71,21.71,21.41,21.5,354716
2009-12-04 19:00:00,21.5,21.59,21.44,21.51,181187
2009-12-04 19:30:00,21.51,21.57,21.45,21.48,170002
2009-12-04 20:00:00,21.49,21.56,21.39,21.39,131272
2009-12-04 20:30:00,21.38,21.44,21.24,21.26,256254
2009-12-04 21:00:00,21.27,21.39,21.26,21.3,216001
2009-12-04 21:30:00,21.31,21.55,21.31,21.51,192473
2009-12-04 22:00:00,21.5,21.64,21.45,21.61,344445
2009-12-04 22:30:00,21.62,21.65,21.5,21.63,748473
2009-12-07 16:30:00,21.5,21.6,21.35,21.54,188768
2009-12-07 17:00:00,21.53,21.59,21.4,21.59,143811
2009-12-07 17:30:00,21.59,21.62,21.48,21.48,206691
2009-12-07 18:00:00,21.49,21.5,21.36,21.41,109357
2009-12-07 18:30:00,21.41,21.48,21.4,21.42,85111
2009-12-07 19:00:00,21.41,21.48,21.4,21.48,87711
2009-12-07 19:30:00,21.46,21.53,21.45,21.48,138151
2009-12-07 20:00:00,21.49,21.51,21.45,21.47,78068
2009-12-07 20:30:00,21.48,21.51,21.43,21.45,95667
2009-12-07 21:00:00,21.46,21.5,21.34,21.34,154463
2009-12-07 21:30:00,21.34,21.34,21.15,21.2,228684
2009-12-07 22:00:00,21.2,21.27,21.16,21.21,209490
2009-12-07 22:30:00,21.21,21.37,21.2,21.28,472680
2009-12-08 16:30:00,21.19,21.28,20.98,21.22,204152
2009-12-08 17:00:00,21.21,21.31,21.12,21.3,260723
2009-12-08 17:30:00,21.3,21.35,21.17,21.26,198249
2009-12-08 18:00:00,21.26,21.32,21.24,21.29,173650
2009-12-08 18:30:00,21.3,21.3,21.14,21.16,246150
2009-12-08 19:00:00,21.17,21.19,21.04,21.06,149722
2009-12-08 19:30:00,21.07,21.19,21.03,21.19,158512
2009-12-08 20:00:00,21.19,21.24,21.04,21.09,172108
2009-12-08 20:30:00,21.1,21.19,21.09,21.14,125579
2009-12-08 21:00:00,21.14,21.16,21.01,21.13,149713
2009-12-08 21:30:00,21.12,21.19,21.06,21.06,155392
2009-12-08 22:00:00,21.06,21.2,21.05,21.12,256338
2009-12-08 22:30:00,21.12,21.15,21.02,21.09,413575
2009-12-09 16:30:00,21.21,21.21,20.89,21.09,154573
2009-12-09 17:00:00,21.09,21.16,21.06,21.07,117321
2009-12-09 17:30:00,21.08,21.26,21.0,21.22,162837
2009-12-09 18:00:00,21.21,21.25,21.11,21.13,124095
2009-12-09 18:30:00,21.13,21.2,21.13,21.2,91488
2009-12-09 19:00:00,21.19,21.25,21.17,21.22,101845
2009-12-09 19:30:00,21.23,21.26,21.18,21.24,82550
2009-12-09 20:00:00,21.25,21.25,21.15,21.19,124659
2009-12-09 20:30:00,21.19,21.21,21.11,21.14,84554
2009-12-09 21:00:00,21.15,21.27,21.14,21.18,107950
2009-12-09 21:30:00,21.19,21.37,21.18,21.35,131951
2009-12-09 22:00:00,21.35,21.52,21.35,21.45,482333
2009-12-09 22:30:00,21.45,21.51,21.44,21.49,558029
2009-12-10 16:30:00,21.59,21.7,21.49,21.64,197799
2009-12-10 17:00:00,21.65,21.66,21.55,21.59,212310
2009-12-10 17:30:00,21.59,21.68,21.58,21.66,111987
2009-12-10 18:00:00,21.65,21.73,21.63,21.72,175956
2009-12-10 18:30:00,21.71,21.77,21.69,21.75,137745
2009-12-10 19:00:00,21.74,21.76,21.7,21.72,120051
2009-12-10 19:30:00,21.72,21.74,21.66,21.69,117520
2009-12-10 20:00:00,21.68,21.72,21.63,21.67,155493
2009-12-10 20:30:00,21.67,21.71,21.63,21.7,118632
2009-12-10 21:00:00,21.71,21.75,21.68,21.75,111162
2009-12-10 21:30:00,21.74,21.75,21.69,21.69,125162
2009-12-10 22:00:00,21.7,21.71,21.62,21.64,211013
2009-12-10 22:30:00,21.64,21.69,21.53,21.63,614531
2009-12-11 16:30:00,21.57,21.76,21.45,21.54,127286
2009-12-11 17:00:00,21.53,21.54,21.4,21.47,106374
2009-12-11 17:30:00,21.48,21.54,21.46,21.48,132340
2009-12-11 18:00:00,21.48,21.48,21.35,21.38,79554
2009-12-11 18:30:00,21.38,21.48,21.37,21.46,86576
2009-12-11 19:00:00,21.45,21.5,21.44,21.44,83957
2009-12-11 19:30:00,21.44,21.46,21.4,21.43,119339
2009-12-11 20:00:00,21.43,21.43,21.23,21.3,285860
2009-12-11 20:30:00,21.3,21.39,21.3,21.38,103175
2009-12-11 21:00:00,21.37,21.45,21.35,21.45,96168
2009-12-11 21:30:00,21.44,21.51,21.39,21.5,150701
2009-12-11 22:00:00,21.5,21.6,21.46,21.5,287719
2009-12-11 22:30:00,21.5,21.54,21.46,21.48,618180
2009-12-14 16:30:00,22.95,22.95,21.76,21.97,759125
2009-12-14 17:00:00,21.97,21.98,21.77,21.96,383113
2009-12-14 17:30:00,21.94,22.0,21.92,21.97,293549
2009-12-14 18:00:00,21.97,21.99,21.92,21.96,198869
2009-12-14 18:30:00,21.96,21.98,21.92,21.94,120890
2009-12-14 19:00:00,21.93,21.99,21.91,21.97,168856
2009-12-14 19:30:00,21.98,22.0,21.97,21.98,190949
2009-12-14 20:00:00,21.98,22.0,21.94,21.98,209842
2009-12-14 20:30:00,21.98,21.99,21.92,21.92,195725
2009-12-14 21:00:00,21.92,21.98,21.91,21.97,209208
2009-12-14 21:30:00,21.97,22.01,21.96,21.99,353902
2009-12-14 22:00:00,21.98,22.0,21.91,21.92,285852
2009-12-14 22:30:00,21.92,22.08,21.91,22.04,783142
2009-12-15 16:30:00,22.0,22.17,21.82,21.97,251000
2009-12-15 17:00:00,21.96,22.02,21.91,21.98,191942
2009-12-15 17:30:00,21.99,22.11,21.96,22.04,219181
2009-12-15 18:00:00,22.04,22.07,21.99,22.01,176110
2009-12-15 18:30:00,22.01,22.04,21.92,21.95,116574
2009-12-15 19:00:00,21.95,21.98,21.88,21.88,94355
2009-12-15 19:30:00,21.89,21.91,21.86,21.89,88087
2009-12-15 20:00:00,21.89,21.96,21.86,21.86,131205
2009-12-15 20:30:00,21.86,21.93,21.83,21.92,95103
2009-12-15 21:00:00,21.92,21.97,21.88,21.92,102752
2009-12-15 21:30:00,21.91,21.97,21.89,21.92,109339
2009-12-15 22:00:00,21.92,21.96,21.87,21.87,160346
2009-12-15 22:30:00,21.88,21.89,21.72,21.84,566708
2009-12-16 16:30:00,21.82,22.2,21.72,22.2,197441
2009-12-16 17:00:00,22.21,22.25,22.08,22.11,199917
2009-12-16 17:30:00,22.11,22.32,22.11,22.3,160990
2009-12-16 18:00:00,22.3,22.39,22.29,22.36,129570
2009-12-16 18:30:00,22.36,22.4,22.31,22.32,86431
2009-12-16 19:00:00,22.32,22.4,22.31,22.35,106109
2009-12-16 19:30:00,22.36,22.39,22.33,22.37,72553
2009-12-16 20:00:00,22.37,22.4,22.36,22.4,67903
2009-12-16 20:30:00,22.4,22.4,22.33,22.33,76334
2009-12-16 21:00:00,22.33,22.44,22.29,22.35,126731
2009-12-16 21:30:00,22.36,22.45,22.31,22.37,148846
2009-12-16 22:00:00,22.38,22.45,22.28,22.28,153407
2009-12-16 22:30:00,22.28,22.4,22.26,22.38,333057
2009-12-17 16:30:00,22.18,22.3,21.89,21.97,206925
2009-12-17 17:00:00,21.98,22.05,21.89,22.0,105323
2009-12-17 17:30:00,22.0,22.01,21.93,21.94,137682
2009-12-17 18:00:00,21.95,22.0,21.87,21.91,275710
2009-12-17 18:30:00,21.89,21.93,21.84,21.91,190161
2009-12-17 19:00:00,21.91,21.91,21.82,21.88,177825
2009-12-17 19:30:00,21.89,21.9,21.75,21.77,140578
2009-12-17 20:00:00,21.77,21.84,21.77,21.84,78235
2009-12-17 20:30:00,21.83,21.9,21.83,21.87,58749
2009-12-17 21:00:00,21.86,21.88,21.81,21.84,133826
2009-12-17 21:30:00,21.84,21.87,21.81,21.82,118142
2009-12-17 22:00:00,21.82,21.9,21.81,21.84,206766
2009-12-17 22:30:00,21.85,21.86,21.76,21.78,388093
2009-12-18 16:30:00,22.01,22.01,21.67,21.69,756300
2009-12-18 17:00:00,21.69,21.75,21.67,21.74,149838
2009-12-18 17:30:00,21.75,21.75,21.63,21.67,235934
2009-12-18 18:00:00,21.68,21.68,21.55,21.57,157637
2009-12-18 18:30:00,21.57,21.59,21.5,21.55,183877
2009-12-18 19:00:00,21.55,21.56,21.37,21.37,244389
2009-12-18 19:30:00,21.38,21.4,21.33,21.36,187338
2009-12-18 20:00:00,21.37,21.37,21.25,21.27,394548
2009-12-18 20:30:00,21.28,21.33,21.27,21.29,246284
2009-12-18 21:00:00,21.29,21.35,21.26,21.3,424903
2009-12-18 21:30:00,21.3,21.31,21.27,21.31,246787
2009-12-18 22:00:00,21.3,21.35,21.26,21.29,673656
2009-12-18 22:30:00,21.28,21.34,21.1,21.33,1679611
2009-12-21 16:30:00,21.4,22.15,21.25,22.02,549509
2009-12-21 17:00:00,22.02,22.13,21.96,22.12,269956
2009-12-21 17:30:00,22.13,22.22,22.09,22.2,266229
2009-12-21 18:00:00,22.19,22.25,22.07,22.21,559136
2009-12-21 18:30:00,22.21,22.38,22.2,22.36,258129
2009-12-21 19:00:00,22.37,22.71,22.35,22.58,888244
2009-12-21 19:30:00,22.58,22.6,22.49,22.53,320807
2009-12-21 20:00:00,22.53,22.53,22.47,22.48,159302
2009-12-21 20:30:00,22.49,22.49,22.42,22.46,140846
2009-12-21 21:00:00,22.46,22.51,22.42,22.47,187676
2009-12-21 21:30:00,22.47,22.5,22.41,22.41,135994
2009-12-21 22:00:00,22.41,22.42,22.34,22.41,231292
2009-12-21 22:30:00,22.41,22.51,22.37,22.45,1017946
2009-12-22 16:30:00,22.38,22.81,22.38,22.51,265022
2009-12-22 17:00:00,22.51,22.6,22.47,22.54,123705
2009-12-22 17:30:00,22.55,22.57,22.53,22.57,55688
2009-12-22 18:00:00,22.57,22.64,22.53,22.64,88017
2009-12-22 18:30:00,22.63,22.7,22.62,22.7,156728
2009-12-22 19:00:00,22.7,22.78,22.69,22.77,215591
2009-12-22 19:30:00,22.78,22.87,22.76,22.86,215445
2009-12-22 20:00:00,22.86,22.91,22.84,22.91,169878
2009-12-22 20:30:00,22.91,22.94,22.87,22.88,151386
2009-12-22 21:00:00,22.87,22.87,22.79,22.86,161785
2009-12-22 21:30:00,22.86,22.87,22.83,22.86,102083
2009-12-22 22:00:00,22.86,22.87,22.77,22.79,185028
2009-12-22 22:30:00,22.79,22.83,22.73,22.78,736639
2009-12-23 16:30:00,22.9,22.92,22.73,22.89,97641
2009-12-23 17:00:00,22.88,22.88,22.68,22.74,211788
2009-12-23 17:30:00,22.75,22.84,22.74,22.81,99372
2009-12-23 18:00:00,22.8,22.82,22.76,22.78,136057
2009-12-23 18:30:00,22.79,22.84,22.78,22.81,122261
2009-12-23 19:00:00,22.8,22.82,22.79,22.8,47026
2009-12-23 19:30:00,22.81,22.83,22.8,22.82,48229
2009-12-23 20:00:00,22.83,22.89,22.82,22.88,65523
2009-12-23 20:30:00,22.89,22.97,22.89,22.96,68058
2009-12-23 21:00:00,22.97,23.02,22.96,23.0,118330
2009-12-23 21:30:00,23.0,23.01,22.94,23.01,93362
2009-12-23 22:00:00,23.0,23.03,22.99,23.02,130090
2009-12-23 22:30:00,23.03,23.12,23.0,23.11,510679
2009-12-24 16:30:00,23.12,23.31,23.04,23.2,94924
2009-12-24 17:00:00,23.21,23.27,23.16,23.23,94098
2009-12-24 17:30:00,23.23,23.33,23.17,23.28,85689
2009-12-24 18:00:00,23.28,23.29,23.21,23.24,70527
2009-12-24 18:30:00,23.24,23.26,23.24,23.26,68302
2009-12-24 19:00:00,23.25,23.26,23.2,23.24,83077
2009-12-24 19:30:00,23.24,23.28,23.19,23.23,288287
2009-12-24 20:00:00,23.23,23.26,23.22,23.23,47913
2009-12-28 16:30:00,23.26,23.37,23.13,23.35,67725
2009-12-28 17:00:00,23.35,23.36,23.27,23.31,265326
2009-12-28 17:30:00,23.3,23.34,23.28,23.32,71523
2009-12-28 18:00:00,23.32,23.33,23.27,23.3,57901
2009-12-28 18:30:00,23.3,23.35,23.3,23.35,50998
2009-12-28 19:00:00,23.34,23.36,23.29,23.29,64106
2009-12-28 19:30:00,23.3,23.31,23.29,23.31,58549
2009-12-28 20:00:00,23.31,23.33,23.3,23.33,35911
2009-12-28 20:30:00,23.33,23.34,23.3,23.31,37998
2009-12-28 21:00:00,23.31,23.31,23.25,23.3,212935
2009-12-28 21:30:00,23.29,23.33,23.29,23.33,84193
2009-12-28 22:00:00,23.33,23.34,23.31,23.32,191001
2009-12-28 22:30:00,23.32,23.37,23.31,23.36,194828
2009-12-29 16:30:00,23.35,23.4,23.22,23.26,89397
2009-12-29 17:00:00,23.27,23.29,23.14,23.19,119794
2009-12-29 17:30:00,23.19,23.22,23.15,23.21,198690
2009-12-29 18:00:00,23.22,23.28,23.21,23.28,116009
2009-12-29 18:30:00,23.26,23.31,23.24,23.31,111601
2009-12-29 19:00:00,23.31,23.33,23.27,23.28,139453
2009-12-29 19:30:00,23.28,23.3,23.26,23.28,62577
2009-12-29 20:00:00,23.27,23.31,23.27,23.28,76437
2009-12-29 20:30:00,23.28,23.34,23.23,23.34,133999
2009-12-29 21:00:00,23.33,23.39,23.32,23.38,131725
2009-12-29 21:30:00,23.39,23.44,23.38,23.4,153183
2009-12-29 22:00:00,23.41,23.43,23.3,23.32,236572
2009-12-29 22:30:00,23.31,23.34,23.28,23.29,293009
2009-12-30 16:30:00,23.16,23.35,23.14,23.24,100033
2009-12-30 17:00:00,23.25,23.29,23.15,23.23,348496
2009-12-30 17:30:00,23.23,23.25,23.16,23.22,66990
2009-12-30 18:00:00,23.23,23.29,23.21,23.23,74860
2009-12-30 18:30:00,23.24,23.27,23.16,23.26,119142
2009-12-30 19:00:00,23.26,23.3,23.21,23.29,166950
2009-12-30 19:30:00,23.3,23.31,23.27,23.3,131914
2009-12-30 20:00:00,23.3,23.37,23.29,23.33,76936
2009-12-30 20:30:00,23.33,23.36,23.3,23.36,43264
2009-12-30 21:00:00,23.36,23.41,23.36,23.38,64764
2009-12-30 21:30:00,23.38,23.51,23.37,23.5,95930
2009-12-30 22:00:00,23.5,23.51,23.38,23.39,117824
2009-12-30 22:30:00,23.38,23.52,23.38,23.47,365016
2009-12-31 16:30:00,23.41,23.58,23.39,23.45,67267
2009-12-31 17:00:00,23.47,23.47,23.4,23.41,38677
2009-12-31 17:30:00,23.42,23.57,23.42,23.53,71900
2009-12-31 18:00:00,23.53,23.61,23.53,23.55,119185
2009-12-31 18:30:00,23.55,23.57,23.54,23.55,71668
2009-12-31 19:00:00,23.55,23.59,23.55,23.56,84189
2009-12-31 19:30:00,23.57,23.57,23.55,23.56,44526
2009-12-31 20:00:00,23.55,23.57,23.55,23.55,65505
2009-12-31 20:30:00,23.55,23.57,23.55,23.55,91990
2009-12-31 21:00:00,23.55,23.56,23.51,23.53,76282
2009-12-31 21:30:00,23.52,23.6,23.5,23.6,101393
2009-12-31 22:00:00,23.6,23.61,23.55,23.56,71951
2009-12-31 22:30:00,23.55,23.59,23.5,23.5,667477
2010-01-04 16:30:00,23.57,23.58,23.15,23.51,676475
2010-01-04 17:00:00,23.52,23.53,23.38,23.4,305350
2010-01-04 17:30:00,23.39,23.42,23.28,23.32,470734
2010-01-04 18:00:00,23.32,23.43,23.25,23.42,449652
2010-01-04 18:30:00,23.43,23.44,23.38,23.38,181889
2010-01-04 19:00:00,23.38,23.41,23.3,23.35,172485
2010-01-04 19:30:00,23.35,23.38,23.33,23.36,86845
2010-01-04 20:00:00,23.37,23.41,23.35,23.4,72908
2010-01-04 20:30:00,23.41,23.41,23.27,23.29,133641
2010-01-04 21:00:00,23.29,23.29,23.2,23.25,135055
2010-01-04 21:30:00,23.26,23.32,23.26,23.28,159534
2010-01-04 22:00:00,23.28,23.4,23.28,23.34,218631
2010-01-04 22:30:00,23.34,23.42,23.29,23.34,654032
2010-01-05 16:30:00,23.31,23.43,23.23,23.3,142621
2010-01-05 17:00:00,23.31,23.49,23.26,23.37,201550
2010-01-05 17:30:00,23.38,23.46,23.34,23.38,106399
2010-01-05 18:00:00,23.37,23.37,23.27,23.3,111287
2010-01-05 18:30:00,23.29,23.39,23.28,23.39,116538
2010-01-05 19:00:00,23.38,23.44,23.37,23.44,217402
2010-01-05 19:30:00,23.43,23.46,23.36,23.45,143261
2010-01-05 20:00:00,23.45,23.46,23.37,23.41,130932
2010-01-05 20:30:00,23.41,23.55,23.4,23.47,200562
2010-01-05 21:00:00,23.47,23.48,23.41,23.41,100678
2010-01-05 21:30:00,23.42,23.42,23.29,23.3,187595
2010-01-05 22:00:00,23.3,23.42,23.3,23.4,195374
2010-01-05 22:30:00,23.39,23.53,23.38,23.48,500353
2010-01-06 16:30:00,23.41,23.44,23.2,23.31,202091
2010-01-06 17:00:00,23.3,23.3,23.16,23.19,199330
2010-01-06 17:30:00,23.17,23.18,23.09,23.17,260481
2010-01-06 18:00:00,23.17,23.18,23.12,23.14,221173
2010-01-06 18:30:00,23.15,23.18,23.13,23.15,228024
2010-01-06 19:00:00,23.15,23.16,23.11,23.13,139495
2010-01-06 19:30:00,23.13,23.16,23.12,23.15,154175
2010-01-06 20:00:00,23.15,23.17,23.1,23.13,178159
2010-01-06 20:30:00,23.12,23.15,22.99,23.0,360973
2010-01-06 21:00:00,23.0,23.01,22.97,23.0,299814
2010-01-06 21:30:00,23.0,23.07,22.99,23.04,328195
2010-01-06 22:00:00,23.05,23.09,23.02,23.06,185461
2010-01-06 22:30:00,23.06,23.07,22.99,22.99,525623
2010-01-07 16:30:00,22.93,23.08,22.77,22.98,336253
2010-01-07 17:00:00,22.97,23.02,22.86,22.9,231207
2010-01-07 17:30:00,22.91,23.04,22.86,22.97,181089
2010-01-07 18:00:00,22.97,23.0,22.92,22.94,201872
2010-01-07 18:30:00,22.95,22.99,22.89,22.96,104298
2010-01-07 19:00:00,22.95,23.0,22.89,22.9,194331
2010-01-07 19:30:00,22.89,22.95,22.85,22.88,171297
2010-01-07 20:00:00,22.87,22.95,22.86,22.93,108489
2010-01-07 20:30:00,22.94,22.99,22.92,22.94,98345
2010-01-07 21:00:00,22.94,23.06,22.93,23.01,159741
2010-01-07 21:30:00,23.02,23.1,23.0,23.04,168905
2010-01-07 22:00:00,23.03,23.05,22.93,23.03,221824
2010-01-07 22:30:00,23.04,23.06,23.01,23.03,392323
2010-01-08 16:30:00,22.85,23.03,22.85,23.01,139085
2010-01-08 17:00:00,22.98,23.0,22.86,22.91,145275
2010-01-08 17:30:00,22.91,22.96,22.83,22.88,81424
2010-01-08 18:00:00,22.88,22.9,22.84,22.84,106592
2010-01-08 18:30:00,22.84,22.87,22.73,22.78,126449
2010-01-08 19:00:00,22.77,22.88,22.77,22.87,73657
2010-01-08 19:30:00,22.87,22.9,22.73,22.73,72755
2010-01-08 20:00:00,22.74,22.77,22.71,22.72,132725
2010-01-08 20:30:00,22.72,22.79,22.66,22.67,153521
2010-01-08 21:00:00,22.67,22.83,22.65,22.82,206366
2010-01-08 21:30:00,22.84,22.89,22.79,22.8,188144
2010-01-08 22:00:00,22.8,22.86,22.77,22.78,306003
2010-01-08 22:30:00,22.77,22.95,22.76,22.92,522531
2010-01-11 16:30:00,22.98,23.18,22.98,23.15,164690
2010-01-11 17:00:00,23.15,23.29,22.99,23.27,166150
2010-01-11 17:30:00,23.26,23.39,23.25,23.39,128359
2010-01-11 18:00:00,23.4,23.42,23.37,23.4,161464
2010-01-11 18:30:00,23.4,23.47,23.39,23.45,188571
2010-01-11 19:00:00,23.44,23.5,23.44,23.45,113560
2010-01-11 19:30:00,23.45,23.49,23.44,23.45,137822
2010-01-11 20:00:00,23.46,23.56,23.44,23.47,158786
2010-01-11 20:30:00,23.46,23.52,23.45,23.48,99278
2010-01-11 21:00:00,23.48,23.49,23.38,23.41,96904
2010-01-11 21:30:00,23.41,23.57,23.39,23.55,160102
2010-01-11 22:00:00,23.55,23.67,23.54,23.61,207475
2010-01-11 22:30:00,23.61,23.7,23.59,23.67,522949
2010-01-12 16:30:00,23.46,23.7,23.39,23.51,342453
2010-01-12 17:00:00,23.5,23.58,23.49,23.5,129139
2010-01-12 17:30:00,23.5,23.5,23.35,23.37,122703
2010-01-12 18:00:00,23.36,23.4,23.34,23.4,119164
2010-01-12 18:30:00,23.4,23.41,23.26,23.29,102259
2010-01-12 19:00:00,23.29,23.3,23.07,23.1,109718
2010-01-12 19:30:00,23.1,23.16,23.05,23.08,74116
2010-01-12 20:00:00,23.08,23.12,23.01,23.04,81347
2010-01-12 20:30:00,23.04,23.25,23.04,23.25,125599
2010-01-12 21:00:00,23.25,23.27,23.19,23.24,107602
2010-01-12 21:30:00,23.24,23.39,23.22,23.34,139259
2010-01-12 22:00:00,23.34,23.38,23.28,23.38,108825
2010-01-12 22:30:00,23.37,23.41,23.18,23.31,327657
2010-01-13 16:30:00,23.45,23.57,23.31,23.31,119667
2010-01-13 17:00:00,23.3,23.37,23.15,23.2,114567
2010-01-13 17:30:00,23.2,23.27,23.15,23.27,99866
2010-01-13 18:00:00,23.28,23.48,23.24,23.44,129693
2010-01-13 18:30:00,23.44,23.48,23.34,23.37,137851
2010-01-13 19:00:00,23.38,23.59,23.37,23.51,158471
2010-01-13 19:30:00,23.51,23.68,23.5,23.59,172974
2010-01-13 20:00:00,23.58,23.59,23.49,23.5,171302
2010-01-13 20:30:00,23.5,23.52,23.42,23.42,148525
2010-01-13 21:00:00,23.43,23.49,23.4,23.43,171421
2010-01-13 21:30:00,23.42,23.43,23.33,23.34,355131
2010-01-13 22:00:00,23.34,23.45,23.32,23.41,332356
2010-01-13 22:30:00,23.41,23.52,23.31,23.35,713677
2010-01-14 16:30:00,23.31,23.35,23.04,23.08,108556
2010-01-14 17:00:00,23.08,23.25,23.02,23.18,196503
2010-01-14 17:30:00,23.19,23.19,22.95,22.95,178774
2010-01-14 18:00:00,22.95,22.96,22.78,22.85,175666
2010-01-14 18:30:00,22.83,22.92,22.83,22.88,134621
2010-01-14 19:00:00,22.88,22.95,22.87,22.93,92852
2010-01-14 19:30:00,22.92,22.98,22.92,22.94,99170
2010-01-14 20:00:00,22.94,22.95,22.89,22.91,126869
2010-01-14 20:30:00,22.91,23.02,22.9,22.92,131528
2010-01-14 21:00:00,22.92,23.03,22.92,22.99,823521
2010-01-14 21:30:00,23.0,23.12,22.99,23.08,295231
2010-01-14 22:00:00,23.07,23.16,23.06,23.08,201564
2010-01-14 22:30:00,23.07,23.1,22.95,22.99,738916
2010-01-15 16:30:00,22.8,22.99,22.74,22.74,632755
2010-01-15 17:00:00,22.76,22.77,22.55,22.69,125863
2010-01-15 17:30:00,22.69,22.74,22.65,22.71,120083
2010-01-15 18:00:00,22.72,22.75,22.66,22.66,86430
2010-01-15 18:30:00,22.66,22.69,22.6,22.62,111769
2010-01-15 19:00:00,22.61,22.64,22.56,22.56,89457
2010-01-15 19:30:00,22.55,22.6,22.49,22.6,134753
2010-01-15 20:00:00,22.59,22.62,22.55,22.6,89809
2010-01-15 20:30:00,22.6,22.71,22.59,22.71,96422
2010-01-15 21:00:00,22.71,22.73,22.65,22.68,58767
2010-01-15 21:30:00,22.68,22.68,22.53,22.58,86217
2010-01-15 22:00:00,22.57,22.76,22.57,22.74,198837
2010-01-15 22:30:00,22.74,22.8,22.68,22.72,427168
2010-01-19 16:30:00,22.78,22.93,22.53,22.85,134210
2010-01-19 17:00:00,22.86,23.06,22.86,23.04,154624
2010-01-19 17:30:00,23.05,23.2,23.03,23.1,124900
2010-01-19 18:00:00,23.1,23.11,23.04,23.08,87787
2010-01-19 18:30:00,23.09,23.1,23.03,23.03,103239
2010-01-19 19:00:00,23.03,23.09,22.98,23.01,130703
2010-01-19 19:30:00,23.01,23.02,22.98,22.99,76857
2010-01-19 20:00:00,22.98,22.98,22.9,22.93,126093
2010-01-19 20:30:00,22.93,22.99,22.93,22.99,44613
2010-01-19 21:00:00,22.99,22.99,22.9,22.91,117374
2010-01-19 21:30:00,22.92,22.94,22.9,22.94,109481
2010-01-19 22:00:00,22.94,22.98,22.9,22.97,150140
2010-01-19 22:30:00,22.96,23.07,22.93,23.01,455758
2010-01-20 16:30:00,22.9,22.9,22.58,22.6,157520
2010-01-20 17:00:00,22.59,22.6,22.36,22.36,164064
2010-01-20 17:30:00,22.36,22.43,22.29,22.31,126292
2010-01-20 18:00:00,22.31,22.41,22.26,22.41,140773
2010-01-20 18:30:00,22.41,22.45,22.36,22.41,95685
2010-01-20 19:00:00,22.41,22.44,22.37,22.39,136215
2010-01-20 19:30:00,22.39,22.42,22.3,22.33,110543
2010-01-20 20:00:00,22.32,22.39,22.3,22.36,226160
2010-01-20 20:30:00,22.37,22.45,22.36,22.37,195333
2010-01-20 21:00:00,22.37,22.44,22.32,22.4,173172
2010-01-20 21:30:00,22.41,22.47,22.37,22.37,126295
2010-01-20 22:00:00,22.36,22.47,22.36,22.44,277328
2010-01-20 22:30:00,22.44,22.46,22.29,22.39,717709
2010-01-21 16:30:00,22.4,22.6,22.24,22.27,139899
2010-01-21 17:00:00,22.25,22.45,22.0,22.0,137065
2010-01-21 17:30:00,22.0,22.07,21.89,22.07,166561
2010-01-21 18:00:00,22.07,22.1,21.86,22.02,206404
2010-01-21 18:30:00,22.02,22.03,21.6,21.61,369720
2010-01-21 19:00:00,21.61,21.78,21.59,21.66,209724
2010-01-21 19:30:00,21.67,21.76,21.65,21.7,134560
2010-01-21 20:00:00,21.71,21.72,21.59,21.64,293384
2010-01-21 20:30:00,21.65,21.75,21.57,21.64,310162
2010-01-21 21:00:00,21.64,21.74,21.57,21.74,368692
2010-01-21 21:30:00,21.73,21.82,21.61,21.68,449747
2010-01-21 22:00:00,21.69,21.69,21.53,21.55,494458
2010-01-21 22:30:00,21.54,21.63,21.46,21.51,756851
2010-01-22 16:30:00,21.47,21.66,21.17,21.22,292762
2010-01-22 17:00:00,21.23,21.28,20.87,21.01,229383
2010-01-22 17:30:00,21.0,21.08,20.82,21.06,442840
2010-01-22 18:00:00,21.07,21.14,20.94,21.14,458459
2010-01-22 18:30:00,21.15,21.24,21.12,21.2,282669
2010-01-22 19:00:00,21.2,21.31,21.15,21.26,222719
2010-01-22 19:30:00,21.26,21.33,21.15,21.17,184718
2010-01-22 20:00:00,21.17,21.32,21.11,21.18,162020
2010-01-22 20:30:00,21.19,21.22,21.11,21.18,185946
2010-01-22 21:00:00,21.18,21.22,21.11,21.11,264017
2010-01-22 21:30:00,21.11,21.17,21.09,21.11,398653
2010-01-22 22:00:00,21.1,21.15,20.89,20.91,575284
2010-01-22 22:30:00,20.91,20.93,20.75,20.8,718590
2010-01-25 16:30:00,21.25,21.46,20.96,21.28,303327
2010-01-25 17:00:00,21.27,21.37,21.01,21.11,256837
2010-01-25 17:30:00,21.13,21.15,20.98,21.09,187445
2010-01-25 18:00:00,21.09,21.11,20.93,20.99,252007
2010-01-25 18:30:00,20.99,21.08,20.96,21.03,258787
2010-01-25 19:00:00,21.03,21.07,20.94,21.0,312396
2010-01-25 19:30:00,21.0,21.08,20.97,21.07,212592
2010-01-25 20:00:00,21.07,21.13,21.0,21.09,200972
2010-01-25 20:30:00,21.1,21.14,21.05,21.09,127310
2010-01-25 21:00:00,21.1,21.11,21.04,21.11,151568
2010-01-25 21:30:00,21.11,21.25,21.1,21.21,256960
2010-01-25 22:00:00,21.22,21.27,21.16,21.27,322978
2010-01-25 22:30:00,21.27,21.33,21.15,21.18,685675
2010-01-26 16:30:00,20.84,21.0,20.63,20.74,194601
2010-01-26 17:00:00,20.72,21.04,20.7,20.78,252919
2010-01-26 17:30:00,20.78,20.81,20.66,20.68,222726
2010-01-26 18:00:00,20.68,20.76,20.65,20.71,207419
2010-01-26 18:30:00,20.71,20.86,20.66,20.84,244570
2010-01-26 19:00:00,20.85,20.85,20.73,20.77,168128
2010-01-26 19:30:00,20.76,20.87,20.75,20.85,153170
2010-01-26 20:00:00,20.85,20.86,20.71,20.73,160744
2010-01-26 20:30:00,20.72,20.76,20.68,20.73,170055
2010-01-26 21:00:00,20.73,20.9,20.73,20.78,354749
2010-01-26 21:30:00,20.78,20.8,20.73,20.74,157642
2010-01-26 22:00:00,20.75,20.79,20.55,20.57,296022
2010-01-26 22:30:00,20.57,20.58,20.32,20.35,1572627
2010-01-27 16:30:00,20.46,20.62,20.27,20.42,310029
2010-01-27 17:00:00,20.41,20.51,20.33,20.49,386734
2010-01-27 17:30:00,20.5,20.72,20.49,20.72,480972
2010-01-27 18:00:00,20.72,20.86,20.67,20.85,298748
2010-01-27 18:30:00,20.85,20.95,20.8,20.83,454819
2010-01-27 19:00:00,20.83,20.94,20.79,20.94,371055
2010-01-27 19:30:00,20.94,20.97,20.89,20.95,330088
2010-01-27 20:00:00,20.94,20.98,20.89,20.95,478146
2010-01-27 20:30:00,20.96,21.13,20.95,21.09,341924
2010-01-27 21:00:00,21.09,21.31,21.03,21.22,745542
2010-01-27 21:30:00,21.22,21.49,21.09,21.43,1070536
2010-01-27 22:00:00,21.49,21.61,21.36,21.61,943987
2010-01-27 22:30:00,21.61,21.68,21.52,21.68,1551397
2010-01-28 16:30:00,21.84,21.84,20.5,20.85,1276436
2010-01-28 17:00:00,20.89,20.89,20.29,20.43,1093097
2010-01-28 17:30:00,20.43,20.59,20.38,20.49,719741
2010-01-28 18:00:00,20.5,20.61,20.25,20.29,703738
2010-01-28 18:30:00,20.29,20.36,20.04,20.26,643283
2010-01-28 19:00:00,20.24,20.31,20.17,20.22,343122
2010-01-28 19:30:00,20.22,20.29,20.2,20.24,413704
2010-01-28 20:00:00,20.24,20.3,20.16,20.23,271574
2010-01-28 20:30:00,20.23,20.3,20.19,20.25,699517
2010-01-28 21:00:00,20.26,20.35,20.19,20.25,650234
2010-01-28 21:30:00,20.25,20.36,20.15,20.35,419433
2010-01-28 22:00:00,20.35,20.51,20.29,20.41,760030
2010-01-28 22:30:00,20.4,20.44,20.2,20.21,1494720
2010-01-29 16:30:00,20.66,20.66,20.24,20.35,327621
2010-01-29 17:00:00,20.33,20.38,20.21,20.33,352325
2010-01-29 17:30:00,20.33,20.36,20.04,20.04,308269
2010-01-29 18:00:00,20.04,20.06,19.66,19.75,546957
2010-01-29 18:30:00,19.76,19.77,19.42,19.42,619025
2010-01-29 19:00:00,19.43,19.46,19.18,19.44,824491
2010-01-29 19:30:00,19.44,19.63,19.38,19.63,541981
2010-01-29 20:00:00,19.63,19.72,19.57,19.68,403471
2010-01-29 20:30:00,19.68,19.69,19.57,19.63,459725
2010-01-29 21:00:00,19.63,19.68,19.58,19.59,660374
2010-01-29 21:30:00,19.59,19.62,19.22,19.31,1055287
2010-01-29 22:00:00,19.31,19.37,19.12,19.14,906875
2010-01-29 22:30:00,19.14,19.36,19.11,19.31,2238371
2010-02-01 16:30:00,19.53,19.83,19.26,19.81,774069
2010-02-01 17:00:00,19.81,19.94,19.79,19.92,914758
2010-02-01 17:30:00,19.93,20.13,19.89,20.02,602060
2010-02-01 18:00:00,20.02,20.05,19.91,20.01,338710
2010-02-01 18:30:00,20.0,20.05,19.89,19.9,186108
2010-02-01 19:00:00,19.89,20.0,19.85,20.0,187080
2010-02-01 19:30:00,19.99,20.05,19.98,19.99,231938
2010-02-01 20:00:00,20.0,20.03,19.95,20.0,285116
2010-02-01 20:30:00,20.0,20.01,19.93,19.95,274897
2010-02-01 21:00:00,19.95,20.0,19.87,19.94,399696
2010-02-01 21:30:00,19.94,20.03,19.92,19.98,413817
2010-02-01 22:00:00,19.98,20.01,19.94,19.96,313361
2010-02-01 22:30:00,19.96,20.07,19.87,20.02,867121
2010-02-02 16:30:00,20.08,20.08,19.83,20.0,351914
2010-02-02 17:00:00,20.0,20.27,19.92,20.25,424772
2010-02-02 17:30:00,20.23,20.31,20.09,20.15,481682
2010-02-02 18:00:00,20.15,20.2,20.06,20.13,416277
2010-02-02 18:30:00,20.12,20.15,20.1,20.13,267143
2010-02-02 19:00:00,20.12,20.21,20.1,20.19,393546
2010-02-02 19:30:00,20.19,20.2,20.11,20.15,132427
2010-02-02 20:00:00,20.16,20.16,20.09,20.11,105896
2010-02-02 20:30:00,20.11,20.19,20.1,20.12,184270
2010-02-02 21:00:00,20.11,20.18,20.09,20.17,155648
2010-02-02 21:30:00,20.17,20.2,20.08,20.2,226708
2010-02-02 22:00:00,20.2,20.36,20.15,20.24,304558
2010-02-02 22:30:00,20.25,20.3,20.17,20.23,515228
2010-02-03 16:30:00,19.98,20.29,19.98,20.14,190339
2010-02-03 17:00:00,20.14,20.14,19.89,19.89,225995
2010-02-03 17:30:00,19.89,19.95,19.78,19.83,220279
2010-02-03 18:00:00,19.83,19.84,19.73,19.75,245327
2010-02-03 18:30:00,19.75,19.76,19.58,19.63,283553
2010-02-03 19:00:00,19.62,19.77,19.61,19.71,235716
2010-02-03 19:30:00,19.71,19.76,19.66,19.66,149333
2010-02-03 20:00:00,19.66,19.76,19.64,19.74,148969
2010-02-03 20:30:00,19.74,19.75,19.65,19.69,185774
2010-02-03 21:00:00,19.68,19.7,19.55,19.59,257356
2010-02-03 21:30:00,19.59,19.59,19.45,19.48,357596
2010-02-03 22:00:00,19.49,19.64,19.49,19.58,582380
2010-02-03 22:30:00,19.57,19.62,19.54,19.56,531080
2010-02-04 16:30:00,19.35,19.54,18.87,18.9,481115
2010-02-04 17:00:00,18.91,19.14,18.91,19.07,353345
2010-02-04 17:30:00,19.09,19.15,18.98,19.0,296891
2010-02-04 18:00:00,19.0,19.12,18.95,19.0,423133
2010-02-04 18:30:00,19.0,19.0,18.87,18.92,452752
2010-02-04 19:00:00,18.93,19.01,18.87,18.87,328613
2010-02-04 19:30:00,18.88,19.01,18.87,18.98,209589
2010-02-04 20:00:00,18.98,19.0,18.88,18.94,221488
2010-02-04 20:30:00,18.93,18.97,18.83,18.88,352628
2010-02-04 21:00:00,18.88,18.9,18.78,18.83,484575
2010-02-04 21:30:00,18.83,18.91,18.76,18.76,271614
2010-02-04 22:00:00,18.76,18.78,18.6,18.67,506427
2010-02-04 22:30:00,18.67,18.74,18.55,18.55,1579198
2010-02-05 16:30:00,18.78,19.11,18.58,18.82,722816
2010-02-05 17:00:00,18.82,18.83,18.38,18.45,1081983
2010-02-05 17:30:00,18.46,18.54,18.41,18.43,484664
2010-02-05 18:00:00,18.43,18.48,18.24,18.33,475678
2010-02-05 18:30:00,18.32,18.33,18.09,18.18,707140
2010-02-05 19:00:00,18.18,18.24,18.09,18.11,411722
2010-02-05 19:30:00,18.11,18.16,17.91,18.05,343377
2010-02-05 20:00:00,18.05,18.06,17.87,17.87,262039
2010-02-05 20:30:00,17.88,17.89,17.74,17.76,547107
2010-02-05 21:00:00,17.76,17.96,17.76,17.95,571409
2010-02-05 21:30:00,17.95,18.04,17.9,18.0,613442
2010-02-05 22:00:00,17.99,18.31,17.99,18.3,749861
2010-02-05 22:30:00,18.31,18.59,18.3,18.58,1188828
2010-02-08 16:30:00,18.55,18.79,18.53,18.7,489002
2010-02-08 17:00:00,18.7,18.88,18.69,18.82,352015
2010-02-08 17:30:00,18.83,19.01,18.78,19.0,337345
2010-02-08 18:00:00,19.0,19.11,18.98,18.99,263596
2010-02-08 18:30:00,18.99,19.0,18.87,18.87,228604
2010-02-08 19:00:00,18.88,18.9,18.79,18.84,269904
2010-02-08 19:30:00,18.85,18.86,18.77,18.77,262729
2010-02-08 20:00:00,18.77,18.79,18.56,18.6,397694
2010-02-08 20:30:00,18.6,18.62,18.44,18.47,193755
2010-02-08 21:00:00,18.48,18.55,18.47,18.53,219106
2010-02-08 21:30:00,18.53,18.57,18.46,18.51,292852
2010-02-08 22:00:00,18.51,18.53,18.37,18.48,438131
2010-02-08 22:30:00,18.48,18.53,18.31,18.35,726436
2010-02-09 16:30:00,18.66,18.79,18.51,18.63,760670
2010-02-09 17:00:00,18.62,18.82,18.6,18.73,394761
2010-02-09 17:30:00,18.74,18.75,18.65,18.69,286645
2010-02-09 18:00:00,18.69,18.71,18.59,18.65,621751
2010-02-09 18:30:00,18.66,18.88,18.64,18.86,1930919
2010-02-09 19:00:00,18.86,19.17,18.85,19.06,641136
2010-02-09 19:30:00,19.07,19.12,18.69,18.82,732590
2010-02-09 20:00:00,18.82,18.89,18.72,18.75,217669
2010-02-09 20:30:00,18.74,18.81,18.74,18.78,168806
2010-02-09 21:00:00,18.79,18.8,18.69,18.69,91267
2010-02-09 21:30:00,18.7,18.74,18.52,18.57,274658
2010-02-09 22:00:00,18.57,18.74,18.57,18.67,340569
2010-02-09 22:30:00,18.67,18.7,18.56,18.64,639191
2010-02-10 16:30:00,18.53,18.99,18.53,18.86,267808
2010-02-10 17:00:00,18.86,18.88,18.73,18.82,338281
2010-02-10 17:30:00,18.82,18.93,18.73,18.77,641686
2010-02-10 18:00:00,18.77,18.83,18.72,18.81,282044
2010-02-10 18:30:00,18.8,18.85,18.71,18.74,245180
2010-02-10 19:00:00,18.73,18.76,18.67,18.72,333412
2010-02-10 19:30:00,18.72,18.74,18.68,18.7,382518
2010-02-10 20:00:00,18.71,18.74,18.68,18.71,445223
2010-02-10 20:30:00,18.71,18.72,18.62,18.64,319530
2010-02-10 21:00:00,18.64,18.69,18.6,18.62,230188
2010-02-10 21:30:00,18.63,18.67,18.6,18.66,253545
2010-02-10 22:00:00,18.66,18.91,18.64,18.9,571748
2010-02-10 22:30:00,18.9,18.91,18.7,18.75,840683
2010-02-11 16:30:00,18.78,18.78,18.43,18.47,441100
2010-02-11 17:00:00,18.47,18.53,18.39,18.46,661006
2010-02-11 17:30:00,18.46,18.48,18.35,18.4,398016
2010-02-11 18:00:00,18.4,18.42,18.32,18.42,352819
2010-02-11 18:30:00,18.42,18.6,18.38,18.58,577890
2010-02-11 19:00:00,18.58,18.62,18.54,18.55,218560
2010-02-11 19:30:00,18.55,18.57,18.53,18.53,81945
2010-02-11 20:00:00,18.54,18.54,18.49,18.52,213711
2010-02-11 20:30:00,18.52,18.55,18.49,18.53,370752
2010-02-11 21:00:00,18.52,18.54,18.47,18.49,191369
2010-02-11 21:30:00,18.49,18.55,18.47,18.49,268619
2010-02-11 22:00:00,18.49,18.52,18.45,18.47,403424
2010-02-11 22:30:00,18.47,18.54,18.46,18.5,715813
2010-02-12 16:30:00,18.3,18.46,18.23,18.26,267346
2010-02-12 17:00:00,18.26,18.27,18.1,18.15,328034
2010-02-12 17:30:00,18.15,18.24,18.05,18.19,170851
2010-02-12 18:00:00,18.18,18.27,18.14,18.25,205114
2010-02-12 18:30:00,18.25,18.31,18.22,18.23,122632
2010-02-12 19:00:00,18.22,18.43,18.22,18.38,167379
2010-02-12 19:30:00,18.37,18.4,18.31,18.32,118531
2010-02-12 20:00:00,18.31,18.37,18.22,18.27,111487
2010-02-12 20:30:00,18.26,18.33,18.21,18.29,93117
2010-02-12 21:00:00,18.28,18.45,18.27,18.4,152156
2010-02-12 21:30:00,18.4,18.42,18.33,18.34,130665
2010-02-12 22:00:00,18.34,18.39,18.27,18.27,213904
2010-02-12 22:30:00,18.27,18.5,18.24,18.48,876630
2010-02-16 16:30:00,18.71,18.78,18.58,18.59,105572
2010-02-16 17:00:00,18.59,18.65,18.52,18.64,160476
2010-02-16 17:30:00,18.64,18.82,18.64,18.8,231056
2010-02-16 18:00:00,18.8,18.93,18.76,18.93,224570
2010-02-16 18:30:00,18.93,19.03,18.91,18.98,287578
2010-02-16 19:00:00,18.98,19.07,18.92,19.05,342489
2010-02-16 19:30:00,19.05,19.05,18.97,18.97,240087
2010-02-16 20:00:00,18.97,19.03,18.93,19.01,256498
2010-02-16 20:30:00,19.01,19.05,18.98,19.04,459636
2010-02-16 21:00:00,19.03,19.06,19.0,19.02,199633
2010-02-16 21:30:00,19.03,19.03,18.92,18.93,166030
2010-02-16 22:00:00,18.93,19.03,18.93,19.03,142717
2010-02-16 22:30:00,19.03,19.16,19.02,19.13,850109
2010-02-17 16:30:00,19.29,19.38,19.11,19.13,264074
2010-02-17 17:00:00,19.13,19.3,19.09,19.29,266352
2010-02-17 17:30:00,19.29,19.32,19.22,19.24,302093
2010-02-17 18:00:00,19.23,19.25,19.11,19.11,298743
2010-02-17 18:30:00,19.11,19.11,19.06,19.09,204926
2010-02-17 19:00:00,19.09,19.22,19.08,19.22,165913
2010-02-17 19:30:00,19.21,19.3,19.21,19.28,271353
2010-02-17 20:00:00,19.27,19.28,19.21,19.23,144602
2010-02-17 20:30:00,19.23,19.24,19.15,19.16,474146
2010-02-17 21:00:00,19.16,19.21,19.12,19.15,240402
2010-02-17 21:30:00,19.15,19.16,19.07,19.1,144418
2010-02-17 22:00:00,19.09,19.11,19.06,19.09,173136
2010-02-17 22:30:00,19.08,19.19,19.08,19.16,397841
2010-02-18 16:30:00,19.22,19.46,19.09,19.14,259114
2010-02-18 17:00:00,19.15,19.23,19.05,19.05,179211
2010-02-18 17:30:00,19.08,19.26,19.07,19.26,155721
2010-02-18 18:00:00,19.25,19.33,19.24,19.29,264379
2010-02-18 18:30:00,19.29,19.32,19.23,19.25,198232
2010-02-18 19:00:00,19.25,19.28,19.2,19.23,133811
2010-02-18 19:30:00,19.23,19.27,19.22,19.26,83574
2010-02-18 20:00:00,19.26,19.29,19.26,19.27,114244
2010-02-18 20:30:00,19.27,19.28,19.24,19.27,274027
2010-02-18 21:00:00,19.26,19.4,19.26,19.38,152197
2010-02-18 21:30:00,19.37,19.48,19.37,19.44,296666
2010-02-18 22:00:00,19.44,19.49,19.38,19.39,432282
2010-02-18 22:30:00,19.39,19.54,19.39,19.47,1025923
2010-02-19 16:30:00,19.32,19.48,19.16,19.35,782046
2010-02-19 17:00:00,19.35,19.46,19.29,19.41,170451
2010-02-19 17:30:00,19.4,19.5,19.39,19.45,116575
2010-02-19 18:00:00,19.44,19.61,19.43,19.6,217122
2010-02-19 18:30:00,19.6,19.62,19.53,19.62,245737
2010-02-19 19:00:00,19.61,19.68,19.56,19.58,170646
2010-02-19 19:30:00,19.59,19.6,19.52,19.6,81839
2010-02-19 20:00:00,19.6,19.6,19.54,19.56,127014
2010-02-19 20:30:00,19.56,19.58,19.52,19.52,130220
2010-02-19 21:00:00,19.51,19.55,19.49,19.52,108843
2010-02-19 21:30:00,19.51,19.58,19.49,19.55,129161
2010-02-19 22:00:00,19.55,19.58,19.47,19.5,280037
2010-02-19 22:30:00,19.5,19.56,19.49,19.53,623749
2010-02-22 16:30:00,19.62,19.76,19.45,19.64,306492
2010-02-22 17:00:00,19.64,19.7,19.58,19.67,295067
2010-02-22 17:30:00,19.68,19.7,19.57,19.59,266816
2010-02-22 18:00:00,19.59,19.62,19.51,19.57,169837
2010-02-22 18:30:00,19.57,19.6,19.53,19.57,311990
2010-02-22 19:00:00,19.57,19.66,19.55,19.65,169637
2010-02-22 19:30:00,19.66,19.67,19.6,19.65,207456
2010-02-22 20:00:00,19.64,19.64,19.61,19.62,266116
2010-02-22 20:30:00,19.63,19.67,19.61,19.63,84298
2010-02-22 21:00:00,19.63,19.69,19.62,19.64,89686
2010-02-22 21:30:00,19.65,19.71,19.64,19.7,197234
2010-02-22 22:00:00,19.7,19.77,19.69,19.75,251571
2010-02-22 22:30:00,19.75,19.76,19.6,19.62,635348
2010-02-23 16:30:00,19.59,19.68,19.49,19.52,257325
2010-02-23 17:00:00,19.51,19.52,19.28,19.35,483822
2010-02-23 17:30:00,19.34,19.46,19.29,19.4,227557
2010-02-23 18:00:00,19.4,19.43,19.27,19.28,250181
2010-02-23 18:30:00,19.28,19.28,19.22,19.24,141740
2010-02-23 19:00:00,19.24,19.24,19.17,19.2,223376
2010-02-23 19:30:00,19.2,19.22,19.1,19.12,152951
2010-02-23 20:00:00,19.12,19.16,19.05,19.14,211331
2010-02-23 20:30:00,19.15,19.16,19.0,19.02,261359
2010-02-23 21:00:00,19.02,19.08,18.98,19.08,336143
2010-02-23 21:30:00,19.07,19.15,19.04,19.1,286789
2010-02-23 22:00:00,19.1,19.13,19.05,19.05,285226
2010-02-23 22:30:00,19.05,19.07,19.01,19.06,933469
2010-02-24 16:30:00,19.17,19.26,19.13,19.2,149804
2010-02-24 17:00:00,19.2,19.29,19.15,19.25,350474
2010-02-24 17:30:00,19.25,19.46,19.23,19.45,328496
2010-02-24 18:00:00,19.45,19.53,19.45,19.52,355509
2010-02-24 18:30:00,19.52,19.63,19.51,19.62,279494
2010-02-24 19:00:00,19.62,19.63,19.57,19.57,217102
2010-02-24 19:30:00,19.57,19.61,19.54,19.55,272915
2010-02-24 20:00:00,19.55,19.59,19.54,19.55,234513
2010-02-24 20:30:00,19.56,19.57,19.54,19.55,187316
2010-02-24 21:00:00,19.56,19.56,19.49,19.52,227866
2010-02-24 21:30:00,19.52,19.52,19.47,19.48,327081
2010-02-24 22:00:00,19.48,19.54,19.48,19.5,216576
2010-02-24 22:30:00,19.5,19.56,19.47,19.53,775312
2010-02-25 16:30:00,19.16,19.24,18.95,19.11,746022
2010-02-25 17:00:00,19.11,19.19,19.1,19.18,232568
2010-02-25 17:30:00,19.17,19.2,19.15,19.15,241134
2010-02-25 18:00:00,19.15,19.18,19.06,19.11,471830
2010-02-25 18:30:00,19.11,19.14,19.09,19.11,309487
2010-02-25 19:00:00,19.11,19.16,19.1,19.14,145661
2010-02-25 19:30:00,19.15,19.22,19.14,19.2,154279
2010-02-25 20:00:00,19.2,19.22,19.19,19.2,129536
2010-02-25 20:30:00,19.2,19.34,19.19,19.34,170737
2010-02-25 21:00:00,19.35,19.44,19.34,19.39,331716
2010-02-25 21:30:00,19.39,19.48,19.38,19.48,374975
2010-02-25 22:00:00,19.48,19.59,19.46,19.58,533034
2010-02-25 22:30:00,19.58,19.76,19.55,19.76,1250233
2010-02-26 16:30:00,19.86,19.91,19.58,19.6,381901
2010-02-26 17:00:00,19.6,19.68,19.5,19.66,314318
2010-02-26 17:30:00,19.67,19.71,19.5,19.5,382687
2010-02-26 18:00:00,19.5,19.55,19.49,19.5,294294
2010-02-26 18:30:00,19.5,19.58,19.47,19.47,197818
2010-02-26 19:00:00,19.47,19.55,19.47,19.54,167199
2010-02-26 19:30:00,19.53,19.59,19.49,19.57,198774
2010-02-26 20:00:00,19.57,19.58,19.51,19.56,108646
2010-02-26 20:30:00,19.55,19.58,19.51,19.53,142436
2010-02-26 21:00:00,19.54,19.59,19.52,19.58,164525
2010-02-26 21:30:00,19.58,19.65,19.54,19.65,187261
2010-02-26 22:00:00,19.65,19.72,19.61,19.7,578092
2010-02-26 22:30:00,19.7,19.7,19.56,19.57,790975
2010-03-01 16:30:00,19.61,19.93,19.61,19.87,431352
2010-03-01 17:00:00,19.87,19.94,19.69,19.69,216278
2010-03-01 17:30:00,19.7,19.73,19.62,19.69,157218
2010-03-01 18:00:00,19.67,19.86,19.67,19.8,172797
2010-03-01 18:30:00,19.8,19.86,19.79,19.85,159737
2010-03-01 19:00:00,19.85,19.9,19.83,19.84,169656
2010-03-01 19:30:00,19.84,19.85,19.77,19.81,138286
2010-03-01 20:00:00,19.81,19.86,19.78,19.86,119353
2010-03-01 20:30:00,19.85,19.92,19.84,19.91,122764
2010-03-01 21:00:00,19.9,19.98,19.9,19.93,167174
2010-03-01 21:30:00,19.92,20.09,19.91,20.07,534391
2010-03-01 22:00:00,20.08,20.12,20.05,20.08,425076
2010-03-01 22:30:00,20.08,20.09,20.04,20.06,502401
2010-03-02 16:30:00,20.02,20.23,19.9,20.05,375707
2010-03-02 17:00:00,20.04,20.07,19.95,19.99,238153
2010-03-02 17:30:00,19.99,20.14,19.99,20.02,307351
2010-03-02 18:00:00,20.02,20.12,20.02,20.1,216243
2010-03-02 18:30:00,20.09,20.09,20.01,20.08,194078
2010-03-02 19:00:00,20.07,20.13,20.01,20.06,129190
2010-03-02 19:30:00,20.05,20.13,20.05,20.09,130812
2010-03-02 20:00:00,20.09,20.17,20.09,20.15,42102
2010-03-02 20:30:00,20.15,20.23,20.15,20.23,87822
2010-03-02 21:00:00,20.23,20.27,20.2,20.25,312980
2010-03-02 21:30:00,20.25,20.28,20.23,20.26,244773
2010-03-02 22:00:00,20.25,20.33,20.24,20.29,380274
2010-03-02 22:30:00,20.29,20.38,20.27,20.35,844358
2010-03-03 16:30:00,20.32,20.51,20.15,20.51,221727
2010-03-03 17:00:00,20.5,20.56,20.48,20.48,311938
2010-03-03 17:30:00,20.48,20.56,20.46,20.55,246144
2010-03-03 18:00:00,20.55,20.59,20.5,20.57,201146
2010-03-03 18:30:00,20.58,20.6,20.53,20.56,165940
2010-03-03 19:00:00,20.56,20.56,20.51,20.53,237071
2010-03-03 19:30:00,20.53,20.56,20.51,20.55,169548
2010-03-03 20:00:00,20.55,20.62,20.53,20.59,422213
2010-03-03 20:30:00,20.59,20.59,20.55,20.58,310198
2010-03-03 21:00:00,20.57,20.59,20.5,20.51,252007
2010-03-03 21:30:00,20.51,20.52,20.4,20.47,354678
2010-03-03 22:00:00,20.48,20.51,20.44,20.46,259515
2010-03-03 22:30:00,20.46,20.58,20.45,20.49,934179
2010-03-04 16:30:00,20.37,20.71,20.37,20.69,255871
2010-03-04 17:00:00,20.69,20.71,20.53,20.57,329984
2010-03-04 17:30:00,20.57,20.59,20.5,20.56,243096
2010-03-04 18:00:00,20.55,20.63,20.55,20.61,183881
2010-03-04 18:30:00,20.62,20.68,20.6,20.67,235080
2010-03-04 19:00:00,20.66,20.74,20.64,20.74,215278
2010-03-04 19:30:00,20.73,20.74,20.65,20.67,80148
2010-03-04 20:00:00,20.67,20.79,20.65,20.74,236505
2010-03-04 20:30:00,20.73,20.79,20.69,20.79,279292
2010-03-04 21:00:00,20.78,20.81,20.75,20.78,230004
2010-03-04 21:30:00,20.79,20.91,20.78,20.87,339312
2010-03-04 22:00:00,20.87,20.88,20.83,20.88,257054
2010-03-04 22:30:00,20.88,20.96,20.85,20.92,773215
2010-03-05 16:30:00,20.64,21.15,20.55,21.13,853835
2010-03-05 17:00:00,21.14,21.33,21.08,21.33,433464
2010-03-05 17:30:00,21.33,21.39,21.23,21.38,327452
2010-03-05 18:00:00,21.38,21.38,21.23,21.36,191875
2010-03-05 18:30:00,21.35,21.36,21.3,21.32,208924
2010-03-05 19:00:00,21.32,21.36,21.28,21.35,189333
2010-03-05 19:30:00,21.36,21.37,21.32,21.34,94437
2010-03-05 20:00:00,21.34,21.44,21.34,21.42,175100
2010-03-05 20:30:00,21.43,21.48,21.33,21.36,318138
2010-03-05 21:00:00,21.36,21.39,21.33,21.34,176487
2010-03-05 21:30:00,21.35,21.37,21.32,21.32,234274
2010-03-05 22:00:00,21.33,21.4,21.32,21.35,273291
2010-03-05 22:30:00,21.35,21.38,21.32,21.35,803902
2010-03-08 16:30:00,21.02,21.21,20.79,20.91,832855
2010-03-08 17:00:00,20.91,20.91,20.76,20.83,264364
2010-03-08 17:30:00,20.84,20.89,20.81,20.85,191871
2010-03-08 18:00:00,20.86,20.88,20.83,20.86,181150
2010-03-08 18:30:00,20.85,20.86,20.81,20.85,151207
2010-03-08 19:00:00,20.84,21.06,20.82,21.02,318307
2010-03-08 19:30:00,21.03,21.08,21.02,21.06,173236
2010-03-08 20:00:00,21.06,21.18,21.05,21.18,143922
2010-03-08 20:30:00,21.18,21.18,21.11,21.11,167926
2010-03-08 21:00:00,21.11,21.12,20.98,21.0,155713
2010-03-08 21:30:00,21.0,21.04,20.94,21.02,214060
2010-03-08 22:00:00,21.02,21.09,21.01,21.08,241737
2010-03-08 22:30:00,21.08,21.12,21.06,21.07,444197
2010-03-09 16:30:00,20.79,21.01,20.07,20.28,1237848
2010-03-09 17:00:00,20.29,20.36,20.15,20.16,636438
2010-03-09 17:30:00,20.16,20.17,19.98,20.04,1235491
2010-03-09 18:00:00,20.04,20.18,19.96,20.0,1104979
2010-03-09 18:30:00,20.0,20.17,19.97,20.12,638268
2010-03-09 19:00:00,20.12,20.21,20.07,20.14,762218
2010-03-09 19:30:00,20.15,20.15,20.07,20.07,164601
2010-03-09 20:00:00,20.07,20.08,20.0,20.04,330451
2010-03-09 20:30:00,20.05,20.08,20.01,20.02,433795
2010-03-09 21:00:00,20.01,20.02,19.87,19.87,644209
2010-03-09 21:30:00,19.88,19.9,19.74,19.84,1428425
2010-03-09 22:00:00,19.84,19.99,19.83,19.97,1282861
2010-03-09 22:30:00,19.96,20.02,19.95,19.97,1383094
2010-03-10 16:30:00,20.07,20.32,20.02,20.14,632006
2010-03-10 17:00:00,20.15,20.24,20.1,20.16,443462
2010-03-10 17:30:00,20.15,20.22,20.13,20.15,799028
2010-03-10 18:00:00,20.15,20.18,20.05,20.09,375715
2010-03-10 18:30:00,20.08,20.16,20.07,20.14,397298
2010-03-10 19:00:00,20.14,20.16,20.01,20.1,341917
2010-03-10 19:30:00,20.1,20.11,20.01,20.04,219472
2010-03-10 20:00:00,20.04,20.08,20.01,20.03,270491
2010-03-10 20:30:00,20.02,20.1,20.0,20.03,247734
2010-03-10 21:00:00,20.01,20.04,19.98,20.0,314384
2010-03-10 21:30:00,20.0,20.05,19.94,19.95,464736
2010-03-10 22:00:00,19.95,20.01,19.86,19.86,669588
2010-03-10 22:30:00,19.86,20.04,19.85,19.97,934388
2010-03-11 16:30:00,19.93,20.05,19.75,19.79,420265
2010-03-11 17:00:00,19.8,19.89,19.78,19.78,227222
2010-03-11 17:30:00,19.79,19.81,19.71,19.71,398559
2010-03-11 18:00:00,19.71,19.78,19.69,19.77,474984
2010-03-11 18:30:00,19.77,19.78,19.58,19.64,421433
2010-03-11 19:00:00,19.64,19.67,19.57,19.57,306044
2010-03-11 19:30:00,19.57,19.64,19.52,19.6,281011
2010-03-11 20:00:00,19.61,19.69,19.6,19.63,166816
2010-03-11 20:30:00,19.63,19.73,19.63,19.71,275643
2010-03-11 21:00:00,19.71,19.77,19.67,19.75,254532
2010-03-11 21:30:00,19.75,19.84,19.75,19.83,358452
2010-03-11 22:00:00,19.84,19.93,19.83,19.88,336328
2010-03-11 22:30:00,19.88,19.91,19.81,19.89,570804
2010-03-12 16:30:00,20.12,20.39,20.06,20.37,708794
2010-03-12 17:00:00,20.37,20.37,20.18,20.27,1785639
2010-03-12 17:30:00,20.25,20.33,20.2,20.31,608438
2010-03-12 18:00:00,20.3,20.3,20.24,20.26,257975
2010-03-12 18:30:00,20.26,20.34,20.25,20.29,295706
2010-03-12 19:00:00,20.3,20.42,20.27,20.41,338682
2010-03-12 19:30:00,20.42,20.43,20.29,20.32,299452
2010-03-12 20:00:00,20.32,20.33,20.29,20.31,155842
2010-03-12 20:30:00,20.3,20.39,20.3,20.33,274765
2010-03-12 21:00:00,20.32,20.37,20.31,20.35,283574
2010-03-12 21:30:00,20.35,20.42,20.32,20.41,326054
2010-03-12 22:00:00,20.41,20.42,20.29,20.31,343486
2010-03-12 22:30:00,20.3,20.37,20.29,20.35,595368
2010-03-15 16:30:00,20.37,20.47,20.22,20.22,522158
2010-03-15 17:00:00,20.22,20.38,20.19,20.34,251293
2010-03-15 17:30:00,20.34,20.41,20.31,20.38,148412
2010-03-15 18:00:00,20.39,20.41,20.15,20.21,327057
2010-03-15 18:30:00,20.2,20.26,20.15,20.23,134591
2010-03-15 19:00:00,20.23,20.25,20.19,20.21,149819
2010-03-15 19:30:00,20.22,20.27,20.19,20.19,107875
2010-03-15 20:00:00,20.19,20.2,20.17,20.17,233324
2010-03-15 20:30:00,20.18,20.22,20.17,20.19,143862
2010-03-15 21:00:00,20.18,20.23,20.15,20.22,888704
2010-03-15 21:30:00,20.22,20.24,20.16,20.21,155797
2010-03-15 22:00:00,20.21,20.29,20.2,20.29,224780
2010-03-15 22:30:00,20.29,20.4,20.26,20.32,291808
2010-03-16 16:30:00,20.32,20.42,20.25,20.32,156523
2010-03-16 17:00:00,20.32,20.39,20.32,20.37,125389
2010-03-16 17:30:00,20.37,20.5,20.35,20.5,152135
2010-03-16 18:00:00,20.49,20.56,20.41,20.52,459978
2010-03-16 18:30:00,20.53,20.55,20.45,20.47,348125
2010-03-16 19:00:00,20.47,20.51,20.46,20.5,206400
2010-03-16 19:30:00,20.5,20.53,20.48,20.5,184571
2010-03-16 20:00:00,20.51,20.52,20.41,20.42,198951
2010-03-16 20:30:00,20.42,20.44,20.39,20.44,76154
2010-03-16 21:00:00,20.43,20.6,20.39,20.55,158481
2010-03-16 21:30:00,20.55,20.6,20.49,20.58,261068
2010-03-16 22:00:00,20.57,20.65,20.51,20.62,591438
2010-03-16 22:30:00,20.63,20.72,20.61,20.68,826874
2010-03-17 16:30:00,20.75,21.12,20.75,21.1,708435
2010-03-17 17:00:00,21.09,21.2,21.01,21.01,382278
2010-03-17 17:30:00,21.01,21.17,21.01,21.16,318476
2010-03-17 18:00:00,21.17,21.25,21.14,21.23,296759
2010-03-17 18:30:00,21.23,21.25,21.15,21.15,163680
2010-03-17 19:00:00,21.15,21.25,21.15,21.2,202283
2010-03-17 19:30:00,21.21,21.33,21.2,21.32,240275
2010-03-17 20:00:00,21.32,21.42,21.31,21.41,237009
2010-03-17 20:30:00,21.41,21.54,21.41,21.51,510450
2010-03-17 21:00:00,21.51,21.57,21.4,21.56,365967
2010-03-17 21:30:00,21.55,21.59,21.41,21.42,603298
2010-03-17 22:00:00,21.42,21.48,21.33,21.4,614252
2010-03-17 22:30:00,21.41,21.45,21.34,21.42,1011586
2010-03-18 16:30:00,21.44,21.46,21.25,21.26,189275
2010-03-18 17:00:00,21.26,21.35,21.26,21.31,220643
2010-03-18 17:30:00,21.31,21.35,21.3,21.34,190228
2010-03-18 18:00:00,21.35,21.43,21.32,21.36,155553
2010-03-18 18:30:00,21.37,21.37,21.08,21.09,735189
2010-03-18 19:00:00,21.09,21.23,21.05,21.05,493443
2010-03-18 19:30:00,21.06,21.16,21.05,21.16,217224
2010-03-18 20:00:00,21.16,21.24,21.15,21.17,202419
2010-03-18 20:30:00,21.16,21.17,21.08,21.1,179511
2010-03-18 21:00:00,21.09,21.21,21.08,21.2,119753
2010-03-18 21:30:00,21.2,21.25,21.1,21.1,195086
2010-03-18 22:00:00,21.11,21.15,21.02,21.15,455055
2010-03-18 22:30:00,21.15,21.18,21.1,21.14,452830
2010-03-19 16:30:00,21.22,21.32,21.1,21.23,811915
2010-03-19 17:00:00,21.23,21.27,21.12,21.12,221670
2010-03-19 17:30:00,21.12,21.12,21.0,21.05,195973
2010-03-19 18:00:00,21.05,21.07,20.96,21.01,227583
2010-03-19 18:30:00,21.01,21.06,20.98,21.04,143657
2010-03-19 19:00:00,21.05,21.07,20.91,20.91,306481
2010-03-19 19:30:00,20.92,20.98,20.89,20.91,185845
2010-03-19 20:00:00,20.91,20.96,20.83,20.84,187735
2010-03-19 20:30:00,20.84,20.85,20.8,20.83,234423
2010-03-19 21:00:00,20.83,20.91,20.81,20.88,243973
2010-03-19 21:30:00,20.87,20.89,20.74,20.74,176717
2010-03-19 22:00:00,20.74,20.8,20.73,20.78,447030
2010-03-19 22:30:00,20.78,20.79,20.47,20.53,2563036
2010-03-22 16:30:00,20.33,20.64,20.22,20.6,455460
2010-03-22 17:00:00,20.6,20.65,20.51,20.63,238004
2010-03-22 17:30:00,20.63,20.71,20.58,20.58,223978
2010-03-22 18:00:00,20.59,20.67,20.58,20.65,279923
2010-03-22 18:30:00,20.66,20.67,20.56,20.57,375782
2010-03-22 19:00:00,20.56,20.61,20.51,20.6,318412
2010-03-22 19:30:00,20.61,20.63,20.51,20.52,163257
2010-03-22 20:00:00,20.52,20.6,20.52,20.57,198457
2010-03-22 20:30:00,20.56,20.58,20.54,20.55,150331
2010-03-22 21:00:00,20.55,20.56,20.47,20.49,247725
2010-03-22 21:30:00,20.5,20.52,20.46,20.46,348697
2010-03-22 22:00:00,20.47,20.57,20.47,20.55,345078
2010-03-22 22:30:00,20.55,20.71,20.55,20.68,608790
2010-03-23 16:30:00,20.66,20.73,20.48,20.65,292494
2010-03-23 17:00:00,20.65,20.71,20.56,20.65,482141
2010-03-23 17:30:00,20.64,20.68,20.6,20.61,137600
2010-03-23 18:00:00,20.61,20.65,20.56,20.59,228217
2010-03-23 18:30:00,20.59,20.66,20.57,20.65,192576
2010-03-23 19:00:00,20.66,20.76,20.65,20.72,115797
2010-03-23 19:30:00,20.72,20.73,20.68,20.68,61727
2010-03-23 20:00:00,20.68,20.7,20.65,20.66,148368
2010-03-23 20:30:00,20.66,20.67,20.59,20.59,139318
2010-03-23 21:00:00,20.6,20.67,20.58,20.66,99965
2010-03-23 21:30:00,20.66,20.66,20.59,20.6,204749
2010-03-23 22:00:00,20.61,20.76,20.58,20.75,272887
2010-03-23 22:30:00,20.75,20.84,20.71,20.8,657877
2010-03-24 16:30:00,20.66,20.74,20.5,20.51,207031
2010-03-24 17:00:00,20.5,20.52,20.42,20.44,567118
2010-03-24 17:30:00,20.44,20.55,20.43,20.5,258414
2010-03-24 18:00:00,20.5,20.51,20.34,20.41,316595
2010-03-24 18:30:00,20.4,20.45,20.4,20.4,150853
2010-03-24 19:00:00,20.4,20.49,20.4,20.47,225261
2010-03-24 19:30:00,20.47,20.51,20.41,20.42,159997
2010-03-24 20:00:00,20.42,20.43,20.33,20.35,171614
2010-03-24 20:30:00,20.35,20.36,20.23,20.29,212207
2010-03-24 21:00:00,20.28,20.48,20.28,20.46,238556
2010-03-24 21:30:00,20.46,20.56,20.4,20.55,245387
2010-03-24 22:00:00,20.56,20.69,20.54,20.62,461192
2010-03-24 22:30:00,20.62,20.65,20.57,20.61,490734
2010-03-25 16:30:00,20.67,20.73,20.53,20.6,314397
2010-03-25 17:00:00,20.61,20.68,20.59,20.66,409046
2010-03-25 17:30:00,20.66,20.76,20.63,20.73,333557
2010-03-25 18:00:00,20.73,20.99,20.73,20.91,261533
2010-03-25 18:30:00,20.9,21.03,20.9,20.98,431337
2010-03-25 19:00:00,20.99,21.0,20.88,20.88,209628
2010-03-25 19:30:00,20.88,21.0,20.88,20.99,256095
2010-03-25 20:00:00,20.98,21.06,20.96,21.0,273632
2010-03-25 20:30:00,21.0,21.06,20.93,20.94,395266
2010-03-25 21:00:00,20.93,20.97,20.86,20.91,534425
2010-03-25 21:30:00,20.9,20.92,20.75,20.78,518466
2010-03-25 22:00:00,20.78,20.9,20.78,20.82,204795
2010-03-25 22:30:00,20.83,20.83,20.57,20.6,622489
2010-03-26 16:30:00,20.85,21.1,20.65,21.08,577693
2010-03-26 17:00:00,21.08,21.22,21.03,21.18,517065
2010-03-26 17:30:00,21.19,21.26,21.16,21.25,457964
2010-03-26 18:00:00,21.25,21.29,21.18,21.2,453808
2010-03-26 18:30:00,21.2,21.22,21.15,21.18,357233
2010-03-26 19:00:00,21.19,21.2,21.02,21.03,381442
2010-03-26 19:30:00,21.03,21.04,20.84,20.89,308446
2010-03-26 20:00:00,20.88,21.03,20.84,21.01,321370
2010-03-26 20:30:00,21.01,21.08,20.96,21.0,272111
2010-03-26 21:00:00,20.99,21.08,20.9,21.06,235097
2010-03-26 21:30:00,21.05,21.06,20.93,20.94,194918
2010-03-26 22:00:00,20.94,21.04,20.86,21.0,285121
2010-03-26 22:30:00,21.0,21.07,20.92,21.05,711788
2010-03-29 16:30:00,21.22,21.34,21.15,21.17,162443
2010-03-29 17:00:00,21.16,21.19,21.07,21.08,167504
2010-03-29 17:30:00,21.08,21.17,21.01,21.17,111937
2010-03-29 18:00:00,21.16,21.27,21.15,21.26,117040
2010-03-29 18:30:00,21.26,21.35,21.23,21.34,169663
2010-03-29 19:00:00,21.33,21.41,21.33,21.37,228763
2010-03-29 19:30:00,21.37,21.39,21.3,21.3,185781
2010-03-29 20:00:00,21.3,21.36,21.3,21.34,220609
2010-03-29 20:30:00,21.34,21.38,21.25,21.35,266040
2010-03-29 21:00:00,21.35,21.43,21.35,21.42,307862
2010-03-29 21:30:00,21.41,21.45,21.37,21.41,240794
2010-03-29 22:00:00,21.41,21.56,21.4,21.54,619412
2010-03-29 22:30:00,21.53,21.54,21.39,21.47,701242
2010-03-30 16:30:00,21.46,21.65,21.46,21.6,361447
2010-03-30 17:00:00,21.6,21.63,21.49,21.55,302960
2010-03-30 17:30:00,21.55,21.65,21.54,21.6,334949
2010-03-30 18:00:00,21.6,21.62,21.5,21.51,697341
2010-03-30 18:30:00,21.5,21.58,21.46,21.54,252529
2010-03-30 19:00:00,21.54,21.69,21.54,21.68,174112
2010-03-30 19:30:00,21.67,21.68,21.6,21.64,172554
2010-03-30 20:00:00,21.63,21.64,21.6,21.61,221395
2010-03-30 20:30:00,21.6,21.69,21.6,21.66,325869
2010-03-30 21:00:00,21.65,21.68,21.61,21.67,337330
2010-03-30 21:30:00,21.67,21.74,21.67,21.71,265405
2010-03-30 22:00:00,21.71,21.8,21.71,21.75,420360
2010-03-30 22:30:00,21.75,21.76,21.67,21.72,878593
2010-03-31 16:30:00,21.6,21.6,21.25,21.56,438619
2010-03-31 17:00:00,21.57,21.69,21.55,21.63,445296
2010-03-31 17:30:00,21.62,21.76,21.62,21.71,342499
2010-03-31 18:00:00,21.7,21.86,21.7,21.82,351713
2010-03-31 18:30:00,21.82,21.87,21.74,21.86,527807
2010-03-31 19:00:00,21.85,21.94,21.83,21.89,485882
2010-03-31 19:30:00,21.9,21.95,21.86,21.87,217780
2010-03-31 20:00:00,21.87,21.9,21.77,21.82,149712
2010-03-31 20:30:00,21.82,21.91,21.8,21.9,267976
2010-03-31 21:00:00,21.9,21.99,21.86,21.94,492776
2010-03-31 21:30:00,21.94,21.96,21.82,21.87,398449
2010-03-31 22:00:00,21.86,21.91,21.81,21.87,750480
2010-03-31 22:30:00,21.87,21.93,21.8,21.89,1144418
2010-04-01 16:30:00,22.11,22.29,22.0,22.18,706291
2010-04-01 17:00:00,22.18,22.34,22.14,22.24,684245
2010-04-01 17:30:00,22.24,22.33,22.2,22.31,374759
2010-04-01 18:00:00,22.32,22.34,22.28,22.31,410323
2010-04-01 18:30:00,22.32,22.35,22.21,22.22,335021
2010-04-01 19:00:00,22.21,22.25,22.15,22.21,234672
2010-04-01 19:30:00,22.21,22.22,22.17,22.17,269273
2010-04-01 20:00:00,22.17,22.19,22.15,22.16,287629
2010-04-01 20:30:00,22.16,22.18,22.0,22.01,248931
2010-04-01 21:00:00,22.02,22.02,21.95,21.96,439517
2010-04-01 21:30:00,21.97,22.0,21.9,21.95,382876
2010-04-01 22:00:00,21.95,21.97,21.9,21.92,376316
2010-04-01 22:30:00,21.92,22.08,21.92,22.08,800497
2010-04-05 16:30:00,22.23,22.23,21.97,22.08,385741
2010-04-05 17:00:00,22.08,22.17,22.03,22.11,162139
2010-04-05 17:30:00,22.11,22.21,22.1,22.15,216321
2010-04-05 18:00:00,22.14,22.18,22.13,22.18,125866
2010-04-05 18:30:00,22.18,22.2,22.13,22.16,176113
2010-04-05 19:00:00,22.17,22.19,22.14,22.15,64932
2010-04-05 19:30:00,22.14,22.14,22.07,22.08,177637
2010-04-05 20:00:00,22.09,22.13,22.06,22.09,111111
2010-04-05 20:30:00,22.09,22.1,21.99,22.07,166315
2010-04-05 21:00:00,22.07,22.07,22.04,22.05,324447
2010-04-05 21:30:00,22.05,22.11,22.04,22.04,187117
2010-04-05 22:00:00,22.04,22.07,22.04,22.04,118204
2010-04-05 22:30:00,22.04,22.15,22.01,22.15,503450
2010-04-06 16:30:00,22.02,22.12,21.96,22.1,444114
2010-04-06 17:00:00,22.1,22.23,22.05,22.22,652590
2010-04-06 17:30:00,22.22,22.26,22.13,22.14,439978
2010-04-06 18:00:00,22.15,22.44,22.14,22.41,336235
2010-04-06 18:30:00,22.42,22.48,22.37,22.46,498236
2010-04-06 19:00:00,22.45,22.51,22.4,22.46,499203
2010-04-06 19:30:00,22.46,22.47,22.34,22.34,314028
2010-04-06 20:00:00,22.35,22.35,22.28,22.3,369250
2010-04-06 20:30:00,22.3,22.4,22.3,22.4,188844
2010-04-06 21:00:00,22.39,22.48,22.36,22.44,320220
2010-04-06 21:30:00,22.44,22.53,22.44,22.52,258818
2010-04-06 22:00:00,22.52,22.62,22.49,22.54,480694
2010-04-06 22:30:00,22.54,22.71,22.54,22.66,1285438
2010-04-07 16:30:00,22.51,22.58,22.36,22.44,267803
2010-04-07 17:00:00,22.44,22.53,22.37,22.5,299781
2010-04-07 17:30:00,22.5,22.53,22.4,22.42,285344
2010-04-07 18:00:00,22.43,22.51,22.38,22.49,189154
2010-04-07 18:30:00,22.48,22.53,22.45,22.46,190017
2010-04-07 19:00:00,22.46,22.49,22.37,22.38,177547
2010-04-07 19:30:00,22.37,22.43,22.35,22.36,171989
2010-04-07 20:00:00,22.36,22.46,22.36,22.43,165130
2010-04-07 20:30:00,22.43,22.44,22.36,22.43,187290
2010-04-07 21:00:00,22.43,22.49,22.33,22.35,363205
2010-04-07 21:30:00,22.36,22.36,22.19,22.23,465744
2010-04-07 22:00:00,22.23,22.23,22.08,22.13,641232
2010-04-07 22:30:00,22.13,22.23,22.12,22.23,733025
2010-04-08 16:30:00,22.14,22.17,21.95,21.96,232883
2010-04-08 17:00:00,21.95,22.07,21.95,22.06,488544
2010-04-08 17:30:00,22.07,22.12,22.03,22.04,221504
2010-04-08 18:00:00,22.04,22.08,22.02,22.02,211953
2010-04-08 18:30:00,22.03,22.07,22.02,22.03,182193
2010-04-08 19:00:00,22.03,22.11,22.03,22.08,225864
2010-04-08 19:30:00,22.08,22.08,22.0,22.02,133320
2010-04-08 20:00:00,22.02,22.03,22.01,22.02,156675
2010-04-08 20:30:00,22.01,22.07,22.01,22.01,186906
2010-04-08 21:00:00,22.01,22.06,22.01,22.05,198615
2010-04-08 21:30:00,22.06,22.13,22.04,22.09,177114
2010-04-08 22:00:00,22.09,22.09,22.05,22.05,162308
2010-04-08 22:30:00,22.06,22.08,22.03,22.06,444577
2010-04-09 16:30:00,22.1,22.39,22.04,22.26,281427
2010-04-09 17:00:00,22.26,22.34,22.2,22.28,292097
2010-04-09 17:30:00,22.29,22.38,22.26,22.32,346306
2010-04-09 18:00:00,22.32,22.45,22.31,22.45,153580
2010-04-09 18:30:00,22.44,22.55,22.4,22.52,235709
2010-04-09 19:00:00,22.51,22.54,22.47,22.53,134984
2010-04-09 19:30:00,22.51,22.54,22.47,22.49,137766
2010-04-09 20:00:00,22.49,22.53,22.49,22.52,149402
2010-04-09 20:30:00,22.52,22.55,22.4,22.4,238617
2010-04-09 21:00:00,22.4,22.46,22.33,22.41,241839
2010-04-09 21:30:00,22.41,22.45,22.34,22.35,315603
2010-04-09 22:00:00,22.36,22.48,22.36,22.48,170943
2010-04-09 22:30:00,22.49,22.53,22.42,22.5,414471
2010-04-12 16:30:00,22.28,22.6,22.17,22.3,432470
2010-04-12 17:00:00,22.3,22.41,22.2,22.23,469380
2010-04-12 17:30:00,22.23,22.23,22.15,22.15,432733
2010-04-12 18:00:00,22.15,22.18,22.13,22.15,351373
2010-04-12 18:30:00,22.15,22.2,22.13,22.14,284380
2010-04-12 19:00:00,22.15,22.15,22.09,22.1,144822
2010-04-12 19:30:00,22.09,22.15,22.08,22.13,293140
2010-04-12 20:00:00,22.13,22.25,22.13,22.2,256544
2010-04-12 20:30:00,22.2,22.29,22.2,22.21,159338
2010-04-12 21:00:00,22.21,22.26,22.18,22.26,259088
2010-04-12 21:30:00,22.26,22.32,22.2,22.22,483657
2010-04-12 22:00:00,22.22,22.23,22.09,22.14,660244
2010-04-12 22:30:00,22.14,22.14,22.04,22.08,1097124
2010-04-13 16:30:00,22.09,22.27,22.02,22.25,426292
2010-04-13 17:00:00,22.25,22.26,22.07,22.1,721267
2010-04-13 17:30:00,22.1,22.17,22.09,22.16,313448
2010-04-13 18:00:00,22.16,22.19,22.14,22.17,265604
2010-04-13 18:30:00,22.17,22.18,22.09,22.1,115808
2010-04-13 19:00:00,22.1,22.19,22.08,22.17,98705
2010-04-13 19:30:00,22.17,22.19,22.15,22.16,122575
2010-04-13 20:00:00,22.15,22.17,22.13,22.16,176431
2010-04-13 20:30:00,22.16,22.24,22.15,22.22,131594
2010-04-13 21:00:00,22.21,22.22,22.16,22.16,136636
2010-04-13 21:30:00,22.16,22.17,22.15,22.15,295246
2010-04-13 22:00:00,22.15,22.25,22.1,22.24,620033
2010-04-13 22:30:00,22.24,22.24,22.16,22.2,841605
2010-04-14 16:30:00,22.25,22.45,22.2,22.22,194029
2010-04-14 17:00:00,22.23,22.25,22.15,22.24,303653
2010-04-14 17:30:00,22.24,22.37,22.21,22.35,222847
2010-04-14 18:00:00,22.36,22.37,22.3,22.34,178404
2010-04-14 18:30:00,22.34,22.4,22.32,22.39,189127
2010-04-14 19:00:00,22.39,22.55,22.38,22.53,392879
2010-04-14 19:30:00,22.54,22.64,22.52,22.58,194590
2010-04-14 20:00:00,22.57,22.6,22.51,22.55,189179
2010-04-14 20:30:00,22.55,22.55,22.48,22.49,158103
2010-04-14 21:00:00,22.48,22.55,22.48,22.54,148489
2010-04-14 21:30:00,22.54,22.67,22.54,22.64,235068
2010-04-14 22:00:00,22.63,22.64,22.47,22.48,376247
2010-04-14 22:30:00,22.49,22.67,22.48,22.66,707323
2010-04-15 16:30:00,22.61,22.7,22.48,22.65,168508
2010-04-15 17:00:00,22.65,22.74,22.59,22.66,329802
2010-04-15 17:30:00,22.65,22.67,22.56,22.6,314712
2010-04-15 18:00:00,22.6,22.65,22.58,22.58,149719
2010-04-15 18:30:00,22.58,22.66,22.52,22.55,108321
2010-04-15 19:00:00,22.54,22.65,22.5,22.64,210281
2010-04-15 19:30:00,22.64,22.65,22.58,22.58,230890
2010-04-15 20:00:00,22.58,22.69,22.58,22.68,185295
2010-04-15 20:30:00,22.69,22.7,22.65,22.65,164927
2010-04-15 21:00:00,22.66,22.69,22.64,22.66,283509
2010-04-15 21:30:00,22.67,22.72,22.63,22.71,148991
2010-04-15 22:00:00,22.71,22.76,22.66,22.66,213460
2010-04-15 22:30:00,22.66,22.7,22.62,22.68,477460
2010-04-16 16:30:00,22.54,22.69,22.47,22.56,444012
2010-04-16 17:00:00,22.56,22.61,22.46,22.55,215744
2010-04-16 17:30:00,22.55,22.65,22.13,22.26,420096
2010-04-16 18:00:00,22.23,22.31,21.88,22.07,796394
2010-04-16 18:30:00,22.07,22.14,21.94,22.0,1058314
2010-04-16 19:00:00,22.0,22.0,21.73,21.85,430354
2010-04-16 19:30:00,21.85,21.99,21.8,21.93,376096
2010-04-16 20:00:00,21.93,22.01,21.9,21.9,181825
2010-04-16 20:30:00,21.91,21.96,21.84,21.89,152872
2010-04-16 21:00:00,21.88,22.12,21.87,22.1,284907
2010-04-16 21:30:00,22.1,22.1,21.85,21.85,194593
2010-04-16 22:00:00,21.84,21.92,21.82,21.9,257610
2010-04-16 22:30:00,21.9,22.03,21.82,21.83,710722
2010-04-19 16:30:00,21.66,21.95,21.44,21.75,249923
2010-04-19 17:00:00,21.75,22.0,21.75,21.87,281157
2010-04-19 17:30:00,21.87,21.88,21.68,21.69,179613
2010-04-19 18:00:00,21.69,21.76,21.63,21.72,194658
2010-04-19 18:30:00,21.73,21.77,21.55,21.62,221181
2010-04-19 19:00:00,21.62,21.72,21.61,21.65,271765
2010-04-19 19:30:00,21.66,21.81,21.65,21.79,195690
2010-04-19 20:00:00,21.79,21.79,21.7,21.75,324797
2010-04-19 20:30:00,21.76,21.81,21.72,21.74,260323
2010-04-19 21:00:00,21.74,21.94,21.72,21.93,308902
2010-04-19 21:30:00,21.93,22.03,21.89,22.02,435019
2010-04-19 22:00:00,22.03,22.08,21.96,22.03,504202
2010-04-19 22:30:00,22.03,22.08,21.95,22.07,455530
2010-04-20 16:30:00,22.25,22.34,21.99,22.14,294223
2010-04-20 17:00:00,22.13,22.23,22.08,22.19,288410
2010-04-20 17:30:00,22.2,22.32,22.19,22.31,244866
2010-04-20 18:00:00,22.31,22.41,22.3,22.38,190958
2010-04-20 18:30:00,22.39,22.42,22.34,22.42,276897
2010-04-20 19:00:00,22.42,22.55,22.41,22.54,161025
2010-04-20 19:30:00,22.54,22.6,22.48,22.52,199068
2010-04-20 20:00:00,22.51,22.53,22.44,22.47,65683
2010-04-20 20:30:00,22.46,22.47,22.4,22.43,87079
2010-04-20 21:00:00,22.43,22.49,22.42,22.43,289570
2010-04-20 21:30:00,22.43,22.54,22.37,22.53,223245
2010-04-20 22:00:00,22.52,22.52,22.39,22.4,255231
2010-04-20 22:30:00,22.39,22.54,22.38,22.54,598361
2010-04-21 16:30:00,22.51,22.6,22.41,22.43,296129
2010-04-21 17:00:00,22.44,22.45,22.19,22.25,420523
2010-04-21 17:30:00,22.25,22.32,22.14,22.15,396769
2010-04-21 18:00:00,22.15,22.21,22.12,22.17,266977
2010-04-21 18:30:00,22.16,22.17,22.07,22.08,274912
2010-04-21 19:00:00,22.09,22.16,22.03,22.13,233783
2010-04-21 19:30:00,22.12,22.21,22.08,22.08,238125
2010-04-21 20:00:00,22.08,22.11,22.01,22.04,168599
2010-04-21 20:30:00,22.03,22.06,21.97,22.05,211937
2010-04-21 21:00:00,22.05,22.06,21.76,21.79,291293
2010-04-21 21:30:00,21.8,21.84,21.72,21.84,272369
2010-04-21 22:00:00,21.84,21.92,21.83,21.87,272675
2010-04-21 22:30:00,21.87,22.08,21.86,22.02,521392
2010-04-22 16:30:00,21.83,21.83,21.58,21.58,194657
2010-04-22 17:00:00,21.59,21.64,21.54,21.56,321206
2010-04-22 17:30:00,21.57,21.7,21.45,21.65,310732
2010-04-22 18:00:00,21.64,21.7,21.63,21.66,105821
2010-04-22 18:30:00,21.67,21.76,21.57,21.75,165738
2010-04-22 19:00:00,21.75,21.9,21.73,21.81,276820
2010-04-22 19:30:00,21.81,21.82,21.74,21.78,123538
2010-04-22 20:00:00,21.78,21.89,21.77,21.85,148730
2010-04-22 20:30:00,21.85,21.92,21.79,21.92,201154
2010-04-22 21:00:00,21.92,22.0,21.87,22.0,200108
2010-04-22 21:30:00,21.99,22.02,21.88,21.93,180852
2010-04-22 22:00:00,21.93,22.01,21.92,22.0,191284
2010-04-22 22:30:00,22.0,22.09,21.98,22.01,349940
2010-04-23 16:30:00,22.09,22.15,21.96,22.01,331748
2010-04-23 17:00:00,22.04,22.26,22.02,22.1,196254
2010-04-23 17:30:00,22.1,22.12,22.03,22.06,223645
2010-04-23 18:00:00,22.05,22.1,22.03,22.05,280285
2010-04-23 18:30:00,22.06,22.17,22.03,22.17,167741
2010-04-23 19:00:00,22.17,22.2,22.12,22.19,141626
2010-04-23 19:30:00,22.19,22.22,22.14,22.22,157708
2010-04-23 20:00:00,22.22,22.24,22.17,22.23,125007
2010-04-23 20:30:00,22.23,22.3,22.23,22.27,90688
2010-04-23 21:00:00,22.26,22.35,22.24,22.27,170114
2010-04-23 21:30:00,22.27,22.38,22.25,22.36,121207
2010-04-23 22:00:00,22.36,22.37,22.19,22.21,259729
2010-04-23 22:30:00,22.22,22.24,22.13,22.18,653218
2010-04-26 16:30:00,22.03,22.19,21.84,22.01,210874
2010-04-26 17:00:00,22.01,22.1,21.91,21.96,318693
2010-04-26 17:30:00,21.96,22.18,21.96,22.12,172389
2010-04-26 18:00:00,22.11,22.13,22.04,22.06,139763
2010-04-26 18:30:00,22.06,22.06,21.94,21.96,120858
2010-04-26 19:00:00,21.95,22.01,21.88,21.91,217286
2010-04-26 19:30:00,21.92,21.93,21.85,21.88,149212
2010-04-26 20:00:00,21.88,21.91,21.83,21.87,247461
2010-04-26 20:30:00,21.87,21.9,21.83,21.86,279685
2010-04-26 21:00:00,21.87,21.93,21.84,21.93,801998
2010-04-26 21:30:00,21.93,21.93,21.74,21.75,607149
2010-04-26 22:00:00,21.74,21.75,21.54,21.61,573191
2010-04-26 22:30:00,21.6,21.71,21.55,21.59,970085
2010-04-27 16:30:00,21.39,21.39,21.18,21.3,505202
2010-04-27 17:00:00,21.3,21.33,21.18,21.21,440318
2010-04-27 17:30:00,21.21,21.55,21.2,21.55,965620
2010-04-27 18:00:00,21.55,21.58,21.2,21.25,720575
2010-04-27 18:30:00,21.24,21.25,20.99,21.08,683332
2010-04-27 19:00:00,21.08,21.18,21.0,21.09,618970
2010-04-27 19:30:00,21.08,21.14,20.98,20.98,258212
2010-04-27 20:00:00,20.98,21.08,20.97,21.06,629177
2010-04-27 20:30:00,21.07,21.3,21.06,21.24,476098
2010-04-27 21:00:00,21.23,21.26,21.06,21.1,372038
2010-04-27 21:30:00,21.1,21.13,20.93,20.96,352690
2010-04-27 22:00:00,20.96,21.13,20.94,21.01,410296
2010-04-27 22:30:00,21.0,21.04,20.72,20.73,1319011
2010-04-28 16:30:00,21.57,22.9,21.57,22.52,1954696
2010-04-28 17:00:00,22.51,22.6,21.9,21.99,2809605
2010-04-28 17:30:00,21.99,22.04,21.72,21.91,1354717
2010-04-28 18:00:00,21.91,22.0,21.78,21.89,807377
2010-04-28 18:30:00,21.9,21.91,21.56,21.8,1075343
2010-04-28 19:00:00,21.8,21.81,21.61,21.74,459203
2010-04-28 19:30:00,21.74,21.76,21.65,21.68,274853
2010-04-28 20:00:00,21.68,21.7,21.53,21.54,527261
2010-04-28 20:30:00,21.53,21.61,21.51,21.58,485090
2010-04-28 21:00:00,21.58,21.76,21.48,21.67,703992
2010-04-28 21:30:00,21.66,21.68,21.53,21.64,866120
2010-04-28 22:00:00,21.64,21.69,21.51,21.58,899419
2010-04-28 22:30:00,21.58,21.64,21.49,21.61,1984366
2010-04-29 16:30:00,22.08,22.36,21.99,22.29,1021994
2010-04-29 17:00:00,22.29,22.68,22.23,22.68,553957
2010-04-29 17:30:00,22.68,22.9,22.65,22.87,543990
2010-04-29 18:00:00,22.87,23.02,22.85,22.93,822459
2010-04-29 18:30:00,22.93,23.28,22.92,23.24,649748
2010-04-29 19:00:00,23.24,23.29,23.11,23.21,554242
2010-04-29 19:30:00,23.22,23.48,23.18,23.47,629804
2010-04-29 20:00:00,23.47,23.61,23.38,23.39,437898
2010-04-29 20:30:00,23.4,23.48,23.39,23.45,353505
2010-04-29 21:00:00,23.44,23.52,23.43,23.47,539359
2010-04-29 21:30:00,23.47,23.73,23.46,23.52,1026220
2010-04-29 22:00:00,23.52,23.89,23.48,23.8,806673
2010-04-29 22:30:00,23.8,23.81,23.61,23.64,1506984
2010-04-30 16:30:00,23.61,23.61,23.35,23.39,345418
2010-04-30 17:00:00,23.38,23.48,23.24,23.43,340005
2010-04-30 17:30:00,23.43,23.5,23.31,23.46,409988
2010-04-30 18:00:00,23.46,23.46,23.31,23.35,422294
2010-04-30 18:30:00,23.33,23.38,23.3,23.3,288842
2010-04-30 19:00:00,23.31,23.35,23.11,23.19,316825
2010-04-30 19:30:00,23.19,23.28,23.08,23.13,258285
2010-04-30 20:00:00,23.13,23.18,23.06,23.18,223487
2010-04-30 20:30:00,23.18,23.29,23.13,23.19,289951
2010-04-30 21:00:00,23.18,23.27,23.14,23.19,310942
2010-04-30 21:30:00,23.18,23.2,23.03,23.1,444391
2010-04-30 22:00:00,23.09,23.22,23.06,23.22,553066
2010-04-30 22:30:00,23.22,23.24,22.93,22.95,1533709
2010-05-03 16:30:00,23.19,23.45,23.13,23.17,241961
2010-05-03 17:00:00,23.17,23.18,22.99,23.01,201141
2010-05-03 17:30:00,23.01,23.07,22.8,22.82,267750
2010-05-03 18:00:00,22.83,22.86,22.78,22.83,166917
2010-05-03 18:30:00,22.83,23.0,22.79,22.99,184996
2010-05-03 19:00:00,23.0,23.15,22.96,23.1,286730
2010-05-03 19:30:00,23.1,23.1,22.96,23.01,446386
2010-05-03 20:00:00,23.01,23.02,22.96,23.0,185568
2010-05-03 20:30:00,23.0,23.09,22.99,23.04,181472
2010-05-03 21:00:00,23.04,23.21,23.03,23.21,229296
2010-05-03 21:30:00,23.21,23.27,23.17,23.25,205734
2010-05-03 22:00:00,23.26,23.29,23.14,23.19,287217
2010-05-03 22:30:00,23.19,23.4,23.18,23.37,734711
2010-05-04 16:30:00,22.76,23.01,22.61,22.85,280508
2010-05-04 17:00:00,22.86,22.92,22.7,22.78,188534
2010-05-04 17:30:00,22.78,22.79,22.51,22.54,409881
2010-05-04 18:00:00,22.52,22.59,22.44,22.48,199150
2010-05-04 18:30:00,22.47,22.54,22.4,22.46,518870
2010-05-04 19:00:00,22.45,22.47,22.35,22.39,280774
2010-05-04 19:30:00,22.38,22.55,22.36,22.52,406026
2010-05-04 20:00:00,22.53,22.57,22.46,22.51,233452
2010-05-04 20:30:00,22.51,22.62,22.51,22.56,114345
2010-05-04 21:00:00,22.56,22.58,22.47,22.47,201791
2010-05-04 21:30:00,22.47,22.57,22.38,22.39,285664
2010-05-04 22:00:00,22.39,22.53,22.36,22.5,324781
2010-05-04 22:30:00,22.49,22.61,22.36,22.54,794121
2010-05-05 16:30:00,22.12,22.25,21.78,21.94,837182
2010-05-05 17:00:00,21.93,22.18,21.87,22.03,605108
2010-05-05 17:30:00,22.02,22.24,22.0,22.17,389854
2010-05-05 18:00:00,22.17,22.17,21.99,22.06,180247
2010-05-05 18:30:00,22.06,22.3,22.05,22.25,214225
2010-05-05 19:00:00,22.26,22.4,22.26,22.28,324131
2010-05-05 19:30:00,22.27,22.31,22.12,22.18,284901
2010-05-05 20:00:00,22.19,22.23,22.12,22.16,302003
2010-05-05 20:30:00,22.17,22.2,22.0,22.0,344479
2010-05-05 21:00:00,22.01,22.07,21.86,21.91,530116
2010-05-05 21:30:00,21.9,21.91,21.58,21.64,915715
2010-05-05 22:00:00,21.64,21.68,21.51,21.63,758789
2010-05-05 22:30:00,21.63,21.65,21.51,21.57,1042845
2010-05-06 16:30:00,21.5,21.82,21.31,21.81,556154
2010-05-06 17:00:00,21.81,22.01,21.75,21.82,730163
2010-05-06 17:30:00,21.82,21.91,21.57,21.62,597767
2010-05-06 18:00:00,21.62,21.62,21.46,21.56,823422
2010-05-06 18:30:00,21.55,21.55,21.27,21.39,522751
2010-05-06 19:00:00,21.39,21.54,21.37,21.38,505296
2010-05-06 19:30:00,21.37,21.43,21.27,21.32,321270
2010-05-06 20:00:00,21.32,21.36,21.2,21.31,559082
2010-05-06 20:30:00,21.31,21.31,21.13,21.14,457388
2010-05-06 21:00:00,21.14,21.17,20.62,20.76,1325142
2010-05-06 21:30:00,20.76,20.79,18.49,20.78,1010892
2010-05-06 22:00:00,20.77,21.22,20.51,20.73,1002483
2010-05-06 22:30:00,20.74,21.1,20.67,20.84,1335275
2010-05-07 16:30:00,20.89,21.03,20.58,20.58,704599
2010-05-07 17:00:00,20.58,20.65,19.85,19.99,686245
2010-05-07 17:30:00,20.0,20.26,19.9,20.05,496000
2010-05-07 18:00:00,20.04,20.57,20.0,20.3,592401
2010-05-07 18:30:00,20.3,20.47,20.14,20.3,373816
2010-05-07 19:00:00,20.3,20.58,20.2,20.4,714175
2010-05-07 19:30:00,20.39,20.52,20.3,20.41,450522
2010-05-07 20:00:00,20.41,20.48,20.19,20.26,437885
2010-05-07 20:30:00,20.26,20.47,20.23,20.28,374647
2010-05-07 21:00:00,20.29,20.33,20.05,20.06,338742
2010-05-07 21:30:00,20.06,20.26,20.04,20.1,351645
2010-05-07 22:00:00,20.1,20.2,19.97,20.11,575019
2010-05-07 22:30:00,20.11,20.13,19.95,20.06,1152405
2010-05-10 16:30:00,20.8,21.61,20.19,21.45,578571
2010-05-10 17:00:00,21.46,21.56,21.25,21.26,265481
2010-05-10 17:30:00,21.28,21.36,21.17,21.27,256192
2010-05-10 18:00:00,21.26,21.36,21.21,21.32,252912
2010-05-10 18:30:00,21.32,21.37,21.24,21.34,166239
2010-05-10 19:00:00,21.34,21.41,21.28,21.33,157702
2010-05-10 19:30:00,21.33,21.36,21.26,21.27,244642
2010-05-10 20:00:00,21.28,21.29,21.09,21.25,237831
2010-05-10 20:30:00,21.25,21.31,21.11,21.22,194924
2010-05-10 21:00:00,21.22,21.31,21.1,21.21,199013
2010-05-10 21:30:00,21.21,21.25,21.1,21.2,175132
2010-05-10 22:00:00,21.21,21.24,21.06,21.21,209000
2010-05-10 22:30:00,21.22,21.55,21.14,21.55,1018716
2010-05-11 16:30:00,20.89,21.3,20.66,21.16,335716
2010-05-11 17:00:00,21.18,21.24,21.09,21.13,163520
2010-05-11 17:30:00,21.14,21.19,21.08,21.08,134932
2010-05-11 18:00:00,21.09,21.27,21.08,21.25,181861
2010-05-11 18:30:00,21.26,21.35,21.19,21.31,225131
2010-05-11 19:00:00,21.31,21.54,21.31,21.48,244375
2010-05-11 19:30:00,21.48,21.59,21.39,21.58,155512
2010-05-11 20:00:00,21.58,21.59,21.42,21.47,117180
2010-05-11 20:30:00,21.46,21.52,21.37,21.38,229343
2010-05-11 21:00:00,21.37,21.44,21.28,21.29,381479
2010-05-11 21:30:00,21.29,21.31,21.16,21.2,255103
2010-05-11 22:00:00,21.19,21.21,21.08,21.19,377474
2010-05-11 22:30:00,21.19,21.29,21.15,21.17,623170
2010-05-12 16:30:00,21.45,21.45,21.17,21.38,245711
2010-05-12 17:00:00,21.4,21.55,21.35,21.46,350516
2010-05-12 17:30:00,21.46,21.58,21.38,21.54,304957
2010-05-12 18:00:00,21.54,21.65,21.53,21.53,256118
2010-05-12 18:30:00,21.54,21.71,21.53,21.71,272628
2010-05-12 19:00:00,21.71,21.77,21.68,21.77,250879
2010-05-12 19:30:00,21.77,21.82,21.74,21.8,162461
2010-05-12 20:00:00,21.8,21.85,21.72,21.73,220173
2010-05-12 20:30:00,21.74,21.78,21.68,21.74,329000
2010-05-12 21:00:00,21.74,21.88,21.73,21.87,252111
2010-05-12 21:30:00,21.87,21.89,21.74,21.85,230041
2010-05-12 22:00:00,21.85,21.95,21.75,21.8,350835
2010-05-12 22:30:00,21.81,21.87,21.71,21.84,607543
2010-05-13 16:30:00,21.8,21.91,21.71,21.75,150069
2010-05-13 17:00:00,21.73,21.81,21.69,21.73,407528
2010-05-13 17:30:00,21.73,21.98,21.71,21.91,402411
2010-05-13 18:00:00,21.9,21.96,21.84,21.92,213662
2010-05-13 18:30:00,21.92,22.0,21.89,21.94,188129
2010-05-13 19:00:00,21.94,21.98,21.91,21.95,141473
2010-05-13 19:30:00,21.95,21.99,21.94,21.98,126214
2010-05-13 20:00:00,21.97,22.03,21.94,22.01,211619
2010-05-13 20:30:00,22.0,22.03,21.99,22.0,171244
2010-05-13 21:00:00,22.0,22.04,21.99,21.99,188589
2010-05-13 21:30:00,22.0,22.03,21.99,22.0,311428
2010-05-13 22:00:00,22.0,22.03,21.85,21.9,755355
2010-05-13 22:30:00,21.89,21.93,21.77,21.8,1165157
2010-05-14 16:30:00,21.57,21.58,21.08,21.13,532528
2010-05-14 17:00:00,21.13,21.15,20.94,21.0,259424
2010-05-14 17:30:00,21.0,21.11,20.91,21.0,391001
2010-05-14 18:00:00,21.0,21.04,20.68,20.78,374177
2010-05-14 18:30:00,20.78,20.82,20.63,20.69,374220
2010-05-14 19:00:00,20.69,20.75,20.62,20.71,468531
2010-05-14 19:30:00,20.7,20.84,20.68,20.83,195343
2010-05-14 20:00:00,20.83,20.88,20.66,20.71,215233
2010-05-14 20:30:00,20.71,20.75,20.65,20.7,228697
2010-05-14 21:00:00,20.69,20.77,20.53,20.63,287871
2010-05-14 21:30:00,20.64,20.72,20.58,20.58,237504
2010-05-14 22:00:00,20.59,20.69,20.56,20.68,339750
2010-05-14 22:30:00,20.68,20.89,20.65,20.83,1142966
2010-05-17 16:30:00,20.84,20.92,20.4,20.43,486086
2010-05-17 17:00:00,20.43,20.5,20.25,20.26,717766
2010-05-17 17:30:00,20.27,20.37,20.2,20.3,396733
2010-05-17 18:00:00,20.3,20.33,20.08,20.17,244019
2010-05-17 18:30:00,20.17,20.26,20.02,20.07,296367
2010-05-17 19:00:00,20.06,20.06,19.89,19.99,312202
2010-05-17 19:30:00,19.98,20.1,19.98,20.0,190807
2010-05-17 20:00:00,20.0,20.11,19.96,20.05,268515
2010-05-17 20:30:00,20.05,20.1,19.9,20.01,389790
2010-05-17 21:00:00,20.01,20.11,19.99,20.03,342970
2010-05-17 21:30:00,20.03,20.26,20.02,20.23,477136
2010-05-17 22:00:00,20.24,20.38,20.18,20.29,858967
2010-05-17 22:30:00,20.29,20.54,20.27,20.53,1117206
2010-05-18 16:30:00,20.74,20.99,20.7,20.83,324851
2010-05-18 17:00:00,20.84,20.87,20.68,20.69,248065
2010-05-18 17:30:00,20.7,20.7,20.47,20.57,278536
2010-05-18 18:00:00,20.56,20.64,20.52,20.63,221735
2010-05-18 18:30:00,20.63,20.64,20.31,20.41,202619
2010-05-18 19:00:00,20.41,20.45,20.29,20.44,186382
2010-05-18 19:30:00,20.44,20.6,20.42,20.48,298523
2010-05-18 20:00:00,20.47,20.52,20.18,20.26,556832
2010-05-18 20:30:00,20.26,20.29,19.98,19.98,390855
2010-05-18 21:00:00,19.99,20.11,19.97,20.0,541657
2010-05-18 21:30:00,19.99,20.0,19.79,19.85,476212
2010-05-18 22:00:00,19.85,19.9,19.68,19.69,715642
2010-05-18 22:30:00,19.69,19.93,19.67,19.87,1615917
2010-05-19 16:30:00,19.76,20.3,19.67,20.1,276059
2010-05-19 17:00:00,20.1,20.11,19.67,19.75,404530
2010-05-19 17:30:00,19.75,19.82,19.63,19.74,475156
2010-05-19 18:00:00,19.74,19.77,19.41,19.48,299221
2010-05-19 18:30:00,19.49,19.6,19.37,19.55,339134
2010-05-19 19:00:00,19.55,19.63,19.46,19.55,366919
2010-05-19 19:30:00,19.54,19.65,19.42,19.64,250864
2010-05-19 20:00:00,19.65,19.8,19.61,19.74,364401
2010-05-19 20:30:00,19.74,19.92,19.68,19.83,295207
2010-05-19 21:00:00,19.83,19.94,19.72,19.79,271054
2010-05-19 21:30:00,19.79,19.89,19.71,19.8,211839
2010-05-19 22:00:00,19.79,19.84,19.67,19.83,358496
2010-05-19 22:30:00,19.84,20.02,19.8,19.94,782471
2010-05-20 16:30:00,19.13,19.19,18.88,18.91,411937
2010-05-20 17:00:00,18.91,18.94,18.48,18.73,850260
2010-05-20 17:30:00,18.73,18.95,18.7,18.9,533780
2010-05-20 18:00:00,18.91,19.0,18.79,18.93,265628
2010-05-20 18:30:00,18.93,18.97,18.73,18.74,197398
2010-05-20 19:00:00,18.75,18.78,18.6,18.7,227140
2010-05-20 19:30:00,18.71,18.8,18.39,18.4,403527
2010-05-20 20:00:00,18.4,18.7,18.38,18.66,912724
2010-05-20 20:30:00,18.66,18.68,18.57,18.58,1318998
2010-05-20 21:00:00,18.58,18.68,18.48,18.51,1114782
2010-05-20 21:30:00,18.51,18.94,18.48,18.83,1151228
2010-05-20 22:00:00,18.84,18.98,18.78,18.95,963076
2010-05-20 22:30:00,18.95,18.98,18.54,18.54,2048638
2010-05-21 16:30:00,18.26,18.85,17.97,18.73,1016133
2010-05-21 17:00:00,18.72,19.01,18.69,18.77,489374
2010-05-21 17:30:00,18.78,18.91,18.69,18.75,216283
2010-05-21 18:00:00,18.74,19.07,18.72,18.99,398243
2010-05-21 18:30:00,18.98,19.29,18.97,19.16,271872
2010-05-21 19:00:00,19.16,19.16,19.07,19.12,281522
2010-05-21 19:30:00,19.13,19.14,19.01,19.06,168652
2010-05-21 20:00:00,19.04,19.08,18.89,18.9,168046
2010-05-21 20:30:00,18.92,19.1,18.91,19.07,142899
2010-05-21 21:00:00,19.08,19.12,18.87,18.95,295176
2010-05-21 21:30:00,18.96,19.0,18.74,18.85,174541
2010-05-21 22:00:00,18.84,18.91,18.63,18.81,286664
2010-05-21 22:30:00,18.82,19.2,18.68,19.17,836813
2010-05-24 16:30:00,19.21,19.21,18.91,18.94,429650
2010-05-24 17:00:00,18.95,19.13,18.9,19.1,241193
2010-05-24 17:30:00,19.11,19.49,19.11,19.47,609556
2010-05-24 18:00:00,19.47,19.47,19.26,19.32,301778
2010-05-24 18:30:00,19.31,19.45,19.28,19.33,186933
2010-05-24 19:00:00,19.34,19.4,19.15,19.2,240363
2010-05-24 19:30:00,19.2,19.24,19.12,19.19,100898
2010-05-24 20:00:00,19.2,19.24,19.09,19.1,98439
2010-05-24 20:30:00,19.11,19.13,18.89,18.93,212967
2010-05-24 21:00:00,18.93,18.95,18.83,18.86,196586
2010-05-24 21:30:00,18.87,18.91,18.74,18.75,337494
2010-05-24 22:00:00,18.76,18.79,18.58,18.65,544275
2010-05-24 22:30:00,18.65,18.74,18.45,18.49,1078149
2010-05-25 16:30:00,18.09,18.1,17.68,17.88,538366
2010-05-25 17:00:00,17.87,18.1,17.84,17.89,386000
2010-05-25 17:30:00,17.9,17.98,17.81,17.86,228618
2010-05-25 18:00:00,17.87,18.06,17.85,17.96,287106
2010-05-25 18:30:00,17.95,18.06,17.85,18.04,164251
2010-05-25 19:00:00,18.04,18.13,17.95,17.97,252241
2010-05-25 19:30:00,17.97,18.06,17.91,18.02,168903
2010-05-25 20:00:00,18.03,18.07,17.89,18.04,311113
2010-05-25 20:30:00,18.05,18.07,17.93,17.97,221894
2010-05-25 21:00:00,17.97,18.11,17.93,18.07,280175
2010-05-25 21:30:00,18.08,18.32,18.03,18.25,503136
2010-05-25 22:00:00,18.26,18.45,18.24,18.41,577567
2010-05-25 22:30:00,18.42,18.63,18.39,18.63,1241225
2010-05-26 16:30:00,18.86,18.95,18.74,18.91,401256
2010-05-26 17:00:00,18.93,19.0,18.79,18.81,203929
2010-05-26 17:30:00,18.81,18.9,18.76,18.8,217810
2010-05-26 18:00:00,18.79,18.87,18.65,18.66,186215
2010-05-26 18:30:00,18.66,18.69,18.44,18.58,583104
2010-05-26 19:00:00,18.6,18.78,18.6,18.66,335463
2010-05-26 19:30:00,18.65,18.7,18.59,18.69,115397
2010-05-26 20:00:00,18.69,18.74,18.68,18.7,132755
2010-05-26 20:30:00,18.7,18.87,18.7,18.8,147778
2010-05-26 21:00:00,18.8,18.82,18.64,18.7,225492
2010-05-26 21:30:00,18.71,18.74,18.48,18.6,1072199
2010-05-26 22:00:00,18.6,18.73,18.38,18.46,792985
2010-05-26 22:30:00,18.46,18.6,18.33,18.42,1230111
2010-05-27 16:30:00,18.69,18.69,18.24,18.52,879092
2010-05-27 17:00:00,18.52,18.79,18.4,18.77,410199
2010-05-27 17:30:00,18.78,18.89,18.76,18.79,472549
2010-05-27 18:00:00,18.79,18.89,18.78,18.87,1059809
2010-05-27 18:30:00,18.87,18.89,18.71,18.85,416177
2010-05-27 19:00:00,18.86,18.93,18.79,18.92,246779
2010-05-27 19:30:00,18.93,19.0,18.93,18.97,355981
2010-05-27 20:00:00,18.96,19.04,18.93,18.96,524999
2010-05-27 20:30:00,18.95,18.96,18.83,18.9,370591
2010-05-27 21:00:00,18.89,19.01,18.89,18.93,371594
2010-05-27 21:30:00,18.92,18.93,18.79,18.79,358363
2010-05-27 22:00:00,18.8,18.89,18.79,18.82,377489
2010-05-27 22:30:00,18.82,19.06,18.8,19.05,1225244
2010-05-28 16:30:00,19.02,19.02,18.76,18.85,252083
2010-05-28 17:00:00,18.86,18.97,18.8,18.83,370647
2010-05-28 17:30:00,18.83,18.93,18.81,18.89,410111
2010-05-28 18:00:00,18.89,18.92,18.56,18.68,371060
2010-05-28 18:30:00,18.67,18.83,18.65,18.78,227249
2010-05-28 19:00:00,18.78,18.85,18.76,18.81,220130
2010-05-28 19:30:00,18.81,18.81,18.53,18.66,601340
2010-05-28 20:00:00,18.66,18.75,18.6,18.63,147516
2010-05-28 20:30:00,18.64,18.65,18.44,18.45,238018
2010-05-28 21:00:00,18.44,18.46,18.34,18.46,323482
2010-05-28 21:30:00,18.46,18.71,18.46,18.61,247328
2010-05-28 22:00:00,18.6,18.8,18.58,18.75,594552
2010-05-28 22:30:00,18.76,18.8,18.51,18.53,1004325
2010-06-01 16:30:00,18.38,18.69,18.31,18.55,1171333
2010-06-01 17:00:00,18.55,18.69,18.48,18.62,380734
2010-06-01 17:30:00,18.62,18.77,18.62,18.64,383908
2010-06-01 18:00:00,18.65,18.67,18.58,18.65,177858
2010-06-01 18:30:00,18.65,18.68,18.45,18.46,181149
2010-06-01 19:00:00,18.46,18.58,18.45,18.55,137005
2010-06-01 19:30:00,18.55,18.59,18.44,18.44,101343
2010-06-01 20:00:00,18.43,18.64,18.43,18.62,92508
2010-06-01 20:30:00,18.62,18.64,18.47,18.48,151568
2010-06-01 21:00:00,18.47,18.58,18.42,18.54,289801
2010-06-01 21:30:00,18.54,18.58,18.46,18.53,171061
2010-06-01 22:00:00,18.53,18.56,18.33,18.41,267935
2010-06-01 22:30:00,18.42,18.47,18.11,18.13,848558
2010-06-02 16:30:00,18.3,18.37,17.97,18.07,301525
2010-06-02 17:00:00,18.08,18.31,18.03,18.23,586168
2010-06-02 17:30:00,18.24,18.3,18.17,18.3,466163
2010-06-02 18:00:00,18.3,18.5,18.29,18.45,233826
2010-06-02 18:30:00,18.45,18.63,18.42,18.61,405843
2010-06-02 19:00:00,18.61,18.62,18.52,18.6,320678
2010-06-02 19:30:00,18.6,18.61,18.47,18.47,522368
2010-06-02 20:00:00,18.48,18.48,18.4,18.45,390410
2010-06-02 20:30:00,18.45,18.48,18.4,18.43,333448
2010-06-02 21:00:00,18.43,18.49,18.39,18.47,404209
2010-06-02 21:30:00,18.48,18.7,18.47,18.64,354098
2010-06-02 22:00:00,18.64,18.75,18.61,18.73,477430
2010-06-02 22:30:00,18.73,18.86,18.64,18.85,988245
2010-06-03 16:30:00,19.13,19.13,18.75,18.84,275943
2010-06-03 17:00:00,18.83,18.83,18.59,18.65,463746
2010-06-03 17:30:00,18.65,18.84,18.61,18.78,264750
2010-06-03 18:00:00,18.79,18.8,18.62,18.63,331019
2010-06-03 18:30:00,18.64,18.66,18.51,18.56,368553
2010-06-03 19:00:00,18.56,18.58,18.37,18.4,430793
2010-06-03 19:30:00,18.4,18.48,18.38,18.43,199031
2010-06-03 20:00:00,18.44,18.52,18.42,18.5,267439
2010-06-03 20:30:00,18.5,18.63,18.49,18.61,458888
2010-06-03 21:00:00,18.61,18.73,18.58,18.67,514458
2010-06-03 21:30:00,18.68,18.81,18.65,18.73,455387
2010-06-03 22:00:00,18.73,18.76,18.61,18.75,415600
2010-06-03 22:30:00,18.75,18.77,18.62,18.71,651745
2010-06-04 16:30:00,18.12,18.42,18.08,18.29,430360
2010-06-04 17:00:00,18.3,18.34,18.21,18.26,479588
2010-06-04 17:30:00,18.25,18.28,18.15,18.17,368037
2010-06-04 18:00:00,18.16,18.27,18.14,18.17,215440
2010-06-04 18:30:00,18.17,18.27,18.15,18.25,511690
2010-06-04 19:00:00,18.25,18.28,18.15,18.23,326903
2010-06-04 19:30:00,18.23,18.33,18.2,18.33,186300
2010-06-04 20:00:00,18.32,18.35,18.24,18.3,269901
2010-06-04 20:30:00,18.3,18.31,18.19,18.2,381360
2010-06-04 21:00:00,18.2,18.24,18.1,18.14,402848
2010-06-04 21:30:00,18.13,18.15,17.97,17.97,551174
2010-06-04 22:00:00,17.97,18.12,17.97,17.99,706790
2010-06-04 22:30:00,17.99,18.03,17.77,17.87,1737212
2010-06-07 16:30:00,17.98,18.09,17.85,17.96,309449
2010-06-07 17:00:00,17.95,18.03,17.88,18.0,441097
2010-06-07 17:30:00,18.0,18.01,17.64,17.66,546553
2010-06-07 18:00:00,17.66,17.7,17.49,17.68,717616
2010-06-07 18:30:00,17.68,17.76,17.65,17.74,271111
2010-06-07 19:00:00,17.74,17.8,17.68,17.7,360480
2010-06-07 19:30:00,17.7,17.73,17.64,17.64,369855
2010-06-07 20:00:00,17.64,17.69,17.56,17.68,336466
2010-06-07 20:30:00,17.69,17.73,17.61,17.69,375656
2010-06-07 21:00:00,17.69,17.72,17.55,17.63,351600
2010-06-07 21:30:00,17.64,17.67,17.39,17.46,383331
2010-06-07 22:00:00,17.47,17.6,17.35,17.35,549678
2010-06-07 22:30:00,17.35,17.39,16.99,17.1,2691082
2010-06-08 16:30:00,17.2,17.44,17.12,17.41,634355
2010-06-08 17:00:00,17.4,17.57,17.36,17.46,530620
2010-06-08 17:30:00,17.45,17.47,17.16,17.28,568109
2010-06-08 18:00:00,17.28,17.43,17.17,17.32,544219
2010-06-08 18:30:00,17.31,17.59,17.3,17.54,560416
2010-06-08 19:00:00,17.54,17.58,17.47,17.52,319409
2010-06-08 19:30:00,17.51,17.6,17.5,17.58,380992
2010-06-08 20:00:00,17.58,17.62,17.51,17.52,245906
2010-06-08 20:30:00,17.53,17.55,17.31,17.46,537394
2010-06-08 21:00:00,17.45,17.59,17.37,17.57,375797
2010-06-08 21:30:00,17.57,17.74,17.57,17.62,613484
2010-06-08 22:00:00,17.62,17.73,17.57,17.73,993671
2010-06-08 22:30:00,17.73,17.9,17.72,17.86,1969165
2010-06-09 16:30:00,18.11,18.12,17.85,17.94,626241
2010-06-09 17:00:00,17.94,17.98,17.88,17.92,540821
2010-06-09 17:30:00,17.92,18.01,17.86,18.0,601092
2010-06-09 18:00:00,17.99,18.11,17.97,18.05,857603
2010-06-09 18:30:00,18.04,18.05,17.91,17.91,390126
2010-06-09 19:00:00,17.92,18.05,17.9,18.0,367754
2010-06-09 19:30:00,18.0,18.01,17.88,17.9,260784
2010-06-09 20:00:00,17.9,17.92,17.82,17.86,329300
2010-06-09 20:30:00,17.86,17.89,17.82,17.85,370162
2010-06-09 21:00:00,17.86,17.89,17.72,17.89,567262
2010-06-09 21:30:00,17.89,17.9,17.8,17.81,884997
2010-06-09 22:00:00,17.81,17.84,17.64,17.78,1134361
2010-06-09 22:30:00,17.78,17.79,17.51,17.65,3025619
2010-06-10 16:30:00,17.9,18.22,17.85,18.12,1129979
2010-06-10 17:00:00,18.13,18.18,18.0,18.05,486604
2010-06-10 17:30:00,18.05,18.13,18.02,18.06,423261
2010-06-10 18:00:00,18.06,18.17,18.03,18.07,345019
2010-06-10 18:30:00,18.07,18.11,18.0,18.01,230591
2010-06-10 19:00:00,18.0,18.04,17.87,18.03,214537
2010-06-10 19:30:00,18.03,18.08,17.82,17.95,153965
2010-06-10 20:00:00,17.94,18.11,17.87,18.08,216384
2010-06-10 20:30:00,18.08,18.18,18.05,18.15,254312
2010-06-10 21:00:00,18.15,18.18,18.07,18.13,171643
2010-06-10 21:30:00,18.13,18.27,18.13,18.24,427049
2010-06-10 22:00:00,18.25,18.34,18.2,18.32,561888
2010-06-10 22:30:00,18.32,18.49,18.24,18.46,1239273
2010-06-11 16:30:00,18.25,18.37,18.15,18.33,395537
2010-06-11 17:00:00,18.33,18.43,18.26,18.39,343051
2010-06-11 17:30:00,18.39,18.43,18.3,18.35,277255
2010-06-11 18:00:00,18.36,18.4,18.28,18.37,292527
2010-06-11 18:30:00,18.37,18.49,18.34,18.49,238176
2010-06-11 19:00:00,18.48,18.5,18.46,18.49,410496
2010-06-11 19:30:00,18.47,18.53,18.43,18.48,187389
2010-06-11 20:00:00,18.49,18.58,18.49,18.54,176496
2010-06-11 20:30:00,18.54,18.57,18.51,18.55,298729
2010-06-11 21:00:00,18.55,18.58,18.48,18.5,352219
2010-06-11 21:30:00,18.5,18.59,18.49,18.57,303503
2010-06-11 22:00:00,18.58,18.71,18.55,18.68,717810
2010-06-11 22:30:00,18.68,18.94,18.66,18.89,1337895
2010-06-14 16:30:00,19.02,19.21,18.7,18.86,594897
2010-06-14 17:00:00,18.86,19.02,18.85,19.02,546049
2010-06-14 17:30:00,19.02,19.11,18.99,19.07,542095
2010-06-14 18:00:00,19.08,19.31,19.05,19.16,300288
2010-06-14 18:30:00,19.16,19.19,19.11,19.14,334187
2010-06-14 19:00:00,19.14,19.21,19.13,19.14,309937
2010-06-14 19:30:00,19.15,19.16,19.09,19.09,309933
2010-06-14 20:00:00,19.1,19.16,19.08,19.13,537252
2010-06-14 20:30:00,19.14,19.19,19.06,19.07,500417
2010-06-14 21:00:00,19.07,19.12,19.01,19.07,534685
2010-06-14 21:30:00,19.06,19.1,18.98,19.08,534820
2010-06-14 22:00:00,19.08,19.13,18.97,19.01,623735
2010-06-14 22:30:00,19.0,19.01,18.89,18.91,1878172
2010-06-15 16:30:00,19.24,19.24,18.97,19.09,435197
2010-06-15 17:00:00,19.09,19.13,19.02,19.11,429632
2010-06-15 17:30:00,19.12,19.24,19.1,19.2,298936
2010-06-15 18:00:00,19.21,19.23,19.14,19.15,205184
2010-06-15 18:30:00,19.16,19.19,19.12,19.15,186247
2010-06-15 19:00:00,19.15,19.2,19.15,19.15,217467
2010-06-15 19:30:00,19.15,19.23,19.12,19.22,185188
2010-06-15 20:00:00,19.23,19.35,19.18,19.32,238791
2010-06-15 20:30:00,19.32,19.37,19.3,19.36,127219
2010-06-15 21:00:00,19.36,19.44,19.36,19.4,132881
2010-06-15 21:30:00,19.4,19.4,19.32,19.33,131198
2010-06-15 22:00:00,19.34,19.4,19.32,19.4,242600
2010-06-15 22:30:00,19.39,19.56,19.39,19.56,1205111
2010-06-16 16:30:00,19.41,19.58,19.29,19.58,565075
2010-06-16 17:00:00,19.59,19.63,19.42,19.44,285598
2010-06-16 17:30:00,19.43,19.49,19.4,19.41,555495
2010-06-16 18:00:00,19.41,19.52,19.37,19.49,199925
2010-06-16 18:30:00,19.48,19.55,19.45,19.53,274312
2010-06-16 19:00:00,19.53,19.69,19.53,19.64,250255
2010-06-16 19:30:00,19.65,19.65,19.52,19.53,135841
2010-06-16 20:00:00,19.52,19.53,19.44,19.48,167726
2010-06-16 20:30:00,19.49,19.56,19.45,19.55,168556
2010-06-16 21:00:00,19.55,19.61,19.55,19.57,167774
2010-06-16 21:30:00,19.56,19.62,19.51,19.58,228468
2010-06-16 22:00:00,19.58,19.59,19.37,19.37,314426
2010-06-16 22:30:00,19.37,19.47,19.35,19.44,899891
2010-06-17 16:30:00,19.6,19.68,19.31,19.33,382551
2010-06-17 17:00:00,19.32,19.32,18.96,19.01,415967
2010-06-17 17:30:00,19.02,19.05,18.94,19.01,181229
2010-06-17 18:00:00,19.01,19.07,18.95,19.04,160551
2010-06-17 18:30:00,19.04,19.13,19.03,19.1,125939
2010-06-17 19:00:00,19.09,19.1,18.97,18.99,122168
2010-06-17 19:30:00,18.99,19.02,18.88,18.95,402881
2010-06-17 20:00:00,18.95,19.02,18.89,18.99,169657
2010-06-17 20:30:00,18.99,19.01,18.91,18.99,290779
2010-06-17 21:00:00,19.0,19.03,18.88,18.89,275409
2010-06-17 21:30:00,18.89,18.93,18.81,18.84,261711
2010-06-17 22:00:00,18.85,18.91,18.77,18.88,532451
2010-06-17 22:30:00,18.88,19.16,18.87,19.14,924606
2010-06-18 16:30:00,19.5,19.5,19.16,19.18,887891
2010-06-18 17:00:00,19.19,19.35,19.11,19.32,305305
2010-06-18 17:30:00,19.33,19.37,19.31,19.35,105054
2010-06-18 18:00:00,19.34,19.35,19.2,19.22,107584
2010-06-18 18:30:00,19.22,19.23,19.12,19.13,120477
2010-06-18 19:00:00,19.13,19.2,19.08,19.08,131119
2010-06-18 19:30:00,19.08,19.16,19.06,19.13,138823
2010-06-18 20:00:00,19.12,19.16,19.09,19.11,183424
2010-06-18 20:30:00,19.12,19.17,19.09,19.13,197537
2010-06-18 21:00:00,19.12,19.18,19.09,19.15,146139
2010-06-18 21:30:00,19.14,19.15,19.09,19.13,213913
2010-06-18 22:00:00,19.12,19.13,19.02,19.05,229276
2010-06-18 22:30:00,19.05,19.25,19.01,19.21,1446359
2010-06-21 16:30:00,19.54,19.79,19.54,19.77,407551
2010-06-21 17:00:00,19.78,19.79,19.7,19.72,251697
2010-06-21 17:30:00,19.72,19.82,19.7,19.7,250861
2010-06-21 18:00:00,19.7,19.84,19.69,19.78,214862
2010-06-21 18:30:00,19.78,19.78,19.67,19.69,158604
2010-06-21 19:00:00,19.69,19.74,19.63,19.65,121711
2010-06-21 19:30:00,19.64,19.73,19.62,19.71,185287
2010-06-21 20:00:00,19.7,19.77,19.68,19.7,106980
2010-06-21 20:30:00,19.7,19.73,19.6,19.64,123090
2010-06-21 21:00:00,19.64,19.69,19.61,19.64,252978
2010-06-21 21:30:00,19.65,19.66,19.5,19.5,205369
2010-06-21 22:00:00,19.5,19.52,19.24,19.27,498921
2010-06-21 22:30:00,19.27,19.31,19.18,19.31,693449
2010-06-22 16:30:00,19.23,19.45,19.22,19.27,217748
2010-06-22 17:00:00,19.27,19.31,19.14,19.16,253765
2010-06-22 17:30:00,19.15,19.26,19.12,19.23,204072
2010-06-22 18:00:00,19.24,19.25,19.16,19.22,134600
2010-06-22 18:30:00,19.22,19.36,19.21,19.27,172131
2010-06-22 19:00:00,19.27,19.31,19.24,19.24,91992
2010-06-22 19:30:00,19.24,19.26,19.2,19.24,75305
2010-06-22 20:00:00,19.23,19.27,19.15,19.16,117402
2010-06-22 20:30:00,19.16,19.23,19.16,19.17,184807
2010-06-22 21:00:00,19.17,19.19,19.1,19.12,194255
2010-06-22 21:30:00,19.12,19.16,18.99,19.02,547428
2010-06-22 22:00:00,19.02,19.08,18.92,18.93,247056
2010-06-22 22:30:00,18.93,18.96,18.83,18.86,626007
2010-06-23 16:30:00,18.84,19.03,18.74,18.74,178149
2010-06-23 17:00:00,18.73,18.75,18.5,18.59,280573
2010-06-23 17:30:00,18.59,18.65,18.55,18.56,243342
2010-06-23 18:00:00,18.57,18.6,18.52,18.59,132074
2010-06-23 18:30:00,18.58,18.6,18.48,18.53,149046
2010-06-23 19:00:00,18.52,18.53,18.47,18.47,111857
2010-06-23 19:30:00,18.48,18.58,18.45,18.53,156097
2010-06-23 20:00:00,18.54,18.58,18.48,18.58,122351
2010-06-23 20:30:00,18.58,18.61,18.55,18.6,72234
2010-06-23 21:00:00,18.59,18.66,18.52,18.63,271533
2010-06-23 21:30:00,18.63,18.79,18.61,18.64,288838
2010-06-23 22:00:00,18.65,18.71,18.54,18.68,370951
2010-06-23 22:30:00,18.68,18.78,18.62,18.72,478670
2010-06-24 16:30:00,18.56,18.68,18.35,18.4,217038
2010-06-24 17:00:00,18.4,18.49,18.34,18.48,193090
2010-06-24 17:30:00,18.48,18.48,18.26,18.36,265929
2010-06-24 18:00:00,18.35,18.35,18.16,18.18,196234
2010-06-24 18:30:00,18.18,18.22,18.14,18.18,132503
2010-06-24 19:00:00,18.18,18.26,18.15,18.15,130275
2010-06-24 19:30:00,18.15,18.19,18.09,18.16,102048
2010-06-24 20:00:00,18.17,18.24,18.13,18.16,169326
2010-06-24 20:30:00,18.17,18.36,18.16,18.34,197264
2010-06-24 21:00:00,18.34,18.35,18.23,18.24,207587
2010-06-24 21:30:00,18.23,18.23,18.0,18.03,245955
2010-06-24 22:00:00,18.03,18.1,17.89,17.93,438796
2010-06-24 22:30:00,17.93,18.03,17.84,17.9,1033564
2010-06-25 16:30:00,18.1,18.23,18.02,18.14,253177
2010-06-25 17:00:00,18.14,18.2,18.09,18.14,151053
2010-06-25 17:30:00,18.14,18.15,17.97,17.97,103325
2010-06-25 18:00:00,17.97,18.14,17.97,18.12,95076
2010-06-25 18:30:00,18.13,18.3,18.13,18.26,181404
2010-06-25 19:00:00,18.25,18.26,18.15,18.21,183878
2010-06-25 19:30:00,18.2,18.27,18.13,18.16,207075
2010-06-25 20:00:00,18.16,18.46,18.15,18.46,173953
2010-06-25 20:30:00,18.46,18.54,18.44,18.51,102885
2010-06-25 21:00:00,18.5,18.57,18.47,18.52,152350
2010-06-25 21:30:00,18.52,18.53,18.45,18.48,157377
2010-06-25 22:00:00,18.47,18.48,18.31,18.38,262927
2010-06-25 22:30:00,18.39,18.52,18.34,18.46,697783
2010-06-28 16:30:00,18.76,18.77,18.19,18.23,200825
2010-06-28 17:00:00,18.23,18.29,18.15,18.19,198521
2010-06-28 17:30:00,18.18,18.26,18.09,18.23,145571
2010-06-28 18:00:00,18.23,18.3,18.22,18.29,243852
2010-06-28 18:30:00,18.29,18.37,18.28,18.31,143651
2010-06-28 19:00:00,18.3,18.38,18.3,18.38,177906
2010-06-28 19:30:00,18.38,18.4,18.31,18.39,296369
2010-06-28 20:00:00,18.38,18.39,18.29,18.33,190722
2010-06-28 20:30:00,18.32,18.36,18.28,18.34,94151
2010-06-28 21:00:00,18.33,18.46,18.31,18.44,201195
2010-06-28 21:30:00,18.44,18.5,18.38,18.5,421706
2010-06-28 22:00:00,18.51,18.52,18.43,18.47,467239
2010-06-28 22:30:00,18.45,18.52,18.41,18.42,574720
2010-06-29 16:30:00,18.18,18.18,17.88,17.94,258073
2010-06-29 17:00:00,17.95,17.96,17.73,17.74,358162
2010-06-29 17:30:00,17.73,17.86,17.73,17.83,233946
2010-06-29 18:00:00,17.83,17.88,17.65,17.66,154746
2010-06-29 18:30:00,17.66,17.67,17.51,17.52,176628
2010-06-29 19:00:00,17.51,17.57,17.46,17.52,197613
2010-06-29 19:30:00,17.52,17.55,17.47,17.53,108434
2010-06-29 20:00:00,17.53,17.53,17.36,17.41,188312
2010-06-29 20:30:00,17.4,17.43,17.3,17.4,147382
2010-06-29 21:00:00,17.4,17.51,17.39,17.49,175106
2010-06-29 21:30:00,17.49,17.49,17.33,17.35,242268
2010-06-29 22:00:00,17.35,17.38,17.2,17.23,325143
2010-06-29 22:30:00,17.22,17.34,17.12,17.3,1075453
2010-06-30 16:30:00,17.15,17.6,17.14,17.38,337984
2010-06-30 17:00:00,17.39,17.4,17.22,17.25,298533
2010-06-30 17:30:00,17.24,17.32,17.2,17.2,224069
2010-06-30 18:00:00,17.2,17.35,17.18,17.31,177069
2010-06-30 18:30:00,17.32,17.37,17.25,17.25,126927
2010-06-30 19:00:00,17.25,17.26,17.21,17.22,89868
2010-06-30 19:30:00,17.22,17.27,17.17,17.24,121254
2010-06-30 20:00:00,17.24,17.29,17.2,17.26,89828
2010-06-30 20:30:00,17.27,17.28,17.19,17.24,91201
2010-06-30 21:00:00,17.23,17.28,17.15,17.17,191960
2010-06-30 21:30:00,17.17,17.19,17.11,17.15,147930
2010-06-30 22:00:00,17.14,17.16,16.96,16.98,307376
2010-06-30 22:30:00,16.99,17.03,16.8,16.82,1230407
2010-07-01 16:30:00,17.01,17.24,16.81,17.14,484557
2010-07-01 17:00:00,17.15,17.15,16.77,16.81,450876
2010-07-01 17:30:00,16.81,16.82,16.56,16.59,593010
2010-07-01 18:00:00,16.59,16.69,16.45,16.69,516597
2010-07-01 18:30:00,16.69,16.83,16.66,16.76,256068
2010-07-01 19:00:00,16.75,16.77,16.71,16.76,159050
2010-07-01 19:30:00,16.76,17.02,16.75,16.92,167478
2010-07-01 20:00:00,16.92,16.96,16.84,16.89,104434
2010-07-01 20:30:00,16.89,17.02,16.88,16.97,182476
2010-07-01 21:00:00,16.96,17.06,16.91,16.96,133963
2010-07-01 21:30:00,16.97,17.04,16.81,16.89,259908
2010-07-01 22:00:00,16.89,16.97,16.79,16.91,384552
2010-07-01 22:30:00,16.91,17.01,16.85,16.95,647920
2010-07-02 16:30:00,17.19,17.41,16.82,16.85,210614
2010-07-02 17:00:00,16.84,16.88,16.68,16.77,170158
2010-07-02 17:30:00,16.77,16.77,16.65,16.67,103170
2010-07-02 18:00:00,16.68,16.71,16.55,16.57,178306
2010-07-02 18:30:00,16.57,16.62,16.46,16.56,263933
2010-07-02 19:00:00,16.55,16.62,16.52,16.62,149972
2010-07-02 19:30:00,16.61,16.62,16.48,16.5,101509
2010-07-02 20:00:00,16.5,16.54,16.43,16.46,252849
2010-07-02 20:30:00,16.46,16.53,16.44,16.45,306455
2010-07-02 21:00:00,16.46,16.48,16.37,16.43,264847
2010-07-02 21:30:00,16.43,16.54,16.4,16.52,267669
2010-07-02 22:00:00,16.52,16.69,16.5,16.68,375552
2010-07-02 22:30:00,16.68,16.8,16.61,16.61,761962
2010-07-06 16:30:00,17.04,17.05,16.8,17.0,208948
2010-07-06 17:00:00,16.99,17.29,16.93,17.27,364075
2010-07-06 17:30:00,17.26,17.3,17.24,17.26,307647
2010-07-06 18:00:00,17.26,17.33,17.24,17.3,322519
2010-07-06 18:30:00,17.3,17.31,17.22,17.3,371276
2010-07-06 19:00:00,17.29,17.33,17.14,17.17,273017
2010-07-06 19:30:00,17.16,17.21,17.04,17.09,285295
2010-07-06 20:00:00,17.1,17.15,17.0,17.07,176806
2010-07-06 20:30:00,17.06,17.08,16.81,16.84,216282
2010-07-06 21:00:00,16.85,16.89,16.72,16.82,221825
2010-07-06 21:30:00,16.81,16.87,16.76,16.79,233536
2010-07-06 22:00:00,16.8,16.86,16.7,16.8,433525
2010-07-06 22:30:00,16.79,16.96,16.75,16.9,613778
2010-07-07 16:30:00,16.99,17.13,16.94,17.05,251651
2010-07-07 17:00:00,17.05,17.23,17.04,17.1,163018
2010-07-07 17:30:00,17.1,17.31,17.1,17.29,171485
2010-07-07 18:00:00,17.29,17.32,17.14,17.18,144781
2010-07-07 18:30:00,17.18,17.3,17.11,17.15,198104
2010-07-07 19:00:00,17.15,17.22,17.14,17.17,185203
2010-07-07 19:30:00,17.18,17.27,17.18,17.24,114454
2010-07-07 20:00:00,17.24,17.37,17.23,17.36,86586
2010-07-07 20:30:00,17.36,17.41,17.3,17.38,117091
2010-07-07 21:00:00,17.37,17.42,17.33,17.34,192790
2010-07-07 21:30:00,17.33,17.39,17.3,17.39,158522
2010-07-07 22:00:00,17.39,17.49,17.33,17.47,268352
2010-07-07 22:30:00,17.47,17.66,17.43,17.61,844728
2010-07-08 16:30:00,17.8,17.96,17.72,17.78,306692
2010-07-08 17:00:00,17.78,17.99,17.69,17.98,247881
2010-07-08 17:30:00,17.97,17.98,17.74,17.77,289722
2010-07-08 18:00:00,17.77,17.91,17.72,17.8,223801
2010-07-08 18:30:00,17.79,17.89,17.7,17.72,308862
2010-07-08 19:00:00,17.72,17.76,17.67,17.74,185476
2010-07-08 19:30:00,17.74,17.76,17.65,17.68,154875
2010-07-08 20:00:00,17.68,17.81,17.68,17.74,146017
2010-07-08 20:30:00,17.74,17.78,17.67,17.68,132670
2010-07-08 21:00:00,17.69,17.7,17.57,17.6,276817
2010-07-08 21:30:00,17.6,17.68,17.56,17.68,262535
2010-07-08 22:00:00,17.67,17.73,17.58,17.72,317319
2010-07-08 22:30:00,17.72,17.9,17.71,17.89,772282
2010-07-09 16:30:00,17.81,18.09,17.75,18.07,340714
2010-07-09 17:00:00,18.05,18.34,18.05,18.31,351622
2010-07-09 17:30:00,18.31,18.48,18.29,18.37,323125
2010-07-09 18:00:00,18.37,18.38,18.15,18.21,372895
2010-07-09 18:30:00,18.22,18.28,18.21,18.25,113928
2010-07-09 19:00:00,18.25,18.36,18.22,18.36,97793
2010-07-09 19:30:00,18.35,18.37,18.29,18.35,130199
2010-07-09 20:00:00,18.35,18.43,18.34,18.4,126017
2010-07-09 20:30:00,18.4,18.5,18.39,18.48,145936
2010-07-09 21:00:00,18.48,18.49,18.4,18.41,162011
2010-07-09 21:30:00,18.41,18.57,18.39,18.55,173403
2010-07-09 22:00:00,18.54,18.6,18.52,18.56,305448
2010-07-09 22:30:00,18.56,18.62,18.52,18.56,792142
2010-07-12 16:30:00,18.5,18.5,18.27,18.43,237621
2010-07-12 17:00:00,18.43,18.43,18.27,18.29,123153
2010-07-12 17:30:00,18.29,18.32,18.16,18.2,123146
2010-07-12 18:00:00,18.2,18.2,18.04,18.07,128003
2010-07-12 18:30:00,18.07,18.09,18.04,18.08,86397
2010-07-12 19:00:00,18.08,18.21,18.07,18.19,90013
2010-07-12 19:30:00,18.18,18.26,18.14,18.14,124025
2010-07-12 20:00:00,18.14,18.28,18.12,18.26,118098
2010-07-12 20:30:00,18.25,18.31,18.19,18.3,62669
2010-07-12 21:00:00,18.3,18.3,18.21,18.24,83043
2010-07-12 21:30:00,18.24,18.28,18.19,18.22,127395
2010-07-12 22:00:00,18.23,18.27,18.18,18.22,206848
2010-07-12 22:30:00,18.22,18.28,18.2,18.24,405303
2010-07-13 16:30:00,18.49,18.94,18.49,18.94,974057
2010-07-13 17:00:00,18.95,19.28,18.87,19.24,749775
2010-07-13 17:30:00,19.23,19.25,19.09,19.09,289812
2010-07-13 18:00:00,19.1,19.3,19.09,19.28,238670
2010-07-13 18:30:00,19.28,19.42,19.27,19.41,337512
2010-07-13 19:00:00,19.4,19.45,19.35,19.45,307948
2010-07-13 19:30:00,19.45,19.46,19.41,19.44,161899
2010-07-13 20:00:00,19.44,19.49,19.41,19.48,273776
2010-07-13 20:30:00,19.47,19.53,19.34,19.36,361340
2010-07-13 21:00:00,19.36,19.42,19.32,19.34,265891
2010-07-13 21:30:00,19.34,19.41,19.25,19.31,635484
2010-07-13 22:00:00,19.31,19.39,19.3,19.39,788369
2010-07-13 22:30:00,19.39,19.47,19.38,19.42,1361073
2010-07-14 16:30:00,19.3,19.3,19.03,19.15,179692
2010-07-14 17:00:00,19.15,19.31,19.09,19.26,235216
2010-07-14 17:30:00,19.26,19.32,19.17,19.26,195038
2010-07-14 18:00:00,19.26,19.4,19.23,19.39,232062
2010-07-14 18:30:00,19.38,19.48,19.38,19.42,207465
2010-07-14 19:00:00,19.42,19.5,19.39,19.44,136383
2010-07-14 19:30:00,19.44,19.46,19.27,19.32,252260
2010-07-14 20:00:00,19.32,19.34,19.3,19.32,72275
2010-07-14 20:30:00,19.32,19.37,19.18,19.24,180289
2010-07-14 21:00:00,19.22,19.23,19.02,19.05,316641
2010-07-14 21:30:00,19.06,19.16,19.01,19.16,248272
2010-07-14 22:00:00,19.15,19.28,19.12,19.24,226578
2010-07-14 22:30:00,19.25,19.29,19.14,19.28,523607
2010-07-15 16:30:00,19.37,19.41,19.16,19.24,214057
2010-07-15 17:00:00,19.23,19.24,18.81,18.93,290496
2010-07-15 17:30:00,18.93,18.96,18.85,18.85,157965
2010-07-15 18:00:00,18.86,18.93,18.73,18.89,182659
2010-07-15 18:30:00,18.89,18.9,18.78,18.78,122044
2010-07-15 19:00:00,18.78,18.8,18.73,18.75,101857
2010-07-15 19:30:00,18.75,18.83,18.72,18.79,92714
2010-07-15 20:00:00,18.8,19.01,18.8,18.96,139741
2010-07-15 20:30:00,18.97,19.01,18.89,18.92,116307
2010-07-15 21:00:00,18.92,19.01,18.89,18.98,121887
2010-07-15 21:30:00,18.99,19.04,18.96,18.99,228404
2010-07-15 22:00:00,18.99,19.0,18.85,18.98,260008
2010-07-15 22:30:00,18.98,19.29,18.98,19.18,722510
2010-07-16 16:30:00,18.91,19.03,18.57,18.64,571864
2010-07-16 17:00:00,18.63,18.67,18.44,18.49,362754
2010-07-16 17:30:00,18.48,18.56,18.41,18.43,265822
2010-07-16 18:00:00,18.44,18.47,18.28,18.35,262461
2010-07-16 18:30:00,18.34,18.37,18.29,18.31,171504
2010-07-16 19:00:00,18.3,18.36,18.23,18.32,228963
2010-07-16 19:30:00,18.33,18.33,18.24,18.28,145982
2010-07-16 20:00:00,18.29,18.3,18.24,18.25,110180
2010-07-16 20:30:00,18.24,18.3,18.21,18.23,248072
2010-07-16 21:00:00,18.23,18.26,18.17,18.2,157916
2010-07-16 21:30:00,18.21,18.24,18.16,18.16,161310
2010-07-16 22:00:00,18.17,18.23,18.14,18.18,346996
2010-07-16 22:30:00,18.18,18.27,18.07,18.14,633721
2010-07-19 16:30:00,18.16,18.3,18.02,18.18,166143
2010-07-19 17:00:00,18.18,18.26,17.94,17.95,123020
2010-07-19 17:30:00,17.95,18.03,17.84,17.89,123531
2010-07-19 18:00:00,17.89,18.02,17.86,17.95,94090
2010-07-19 18:30:00,17.96,17.99,17.87,17.97,85750
2010-07-19 19:00:00,17.98,18.03,17.9,18.02,148679
2010-07-19 19:30:00,18.02,18.13,17.98,18.07,79261
2010-07-19 20:00:00,18.07,18.09,17.96,17.98,79609
2010-07-19 20:30:00,17.98,18.04,17.93,18.02,87624
2010-07-19 21:00:00,18.02,18.23,18.01,18.2,125628
2010-07-19 21:30:00,18.2,18.32,18.18,18.23,214147
2010-07-19 22:00:00,18.23,18.36,18.18,18.21,275625
2010-07-19 22:30:00,18.21,18.27,18.18,18.25,445897
2010-07-20 16:30:00,17.84,18.07,17.71,18.03,256203
2010-07-20 17:00:00,18.03,18.07,17.88,18.06,144489
2010-07-20 17:30:00,18.06,18.12,18.01,18.04,88257
2010-07-20 18:00:00,18.05,18.2,18.05,18.17,83990
2010-07-20 18:30:00,18.17,18.18,18.02,18.02,110437
2010-07-20 19:00:00,18.02,18.08,17.97,18.01,51438
2010-07-20 19:30:00,18.02,18.12,18.0,18.12,67073
2010-07-20 20:00:00,18.12,18.23,18.12,18.22,163059
2010-07-20 20:30:00,18.21,18.44,18.21,18.44,277674
2010-07-20 21:00:00,18.43,18.48,18.41,18.45,499402
2010-07-20 21:30:00,18.44,18.53,18.43,18.49,300161
2010-07-20 22:00:00,18.48,18.62,18.44,18.59,241023
2010-07-20 22:30:00,18.58,18.75,18.58,18.71,642834
2010-07-21 16:30:00,19.03,19.03,18.63,18.69,366277
2010-07-21 17:00:00,18.69,18.83,18.65,18.8,169116
2010-07-21 17:30:00,18.8,18.83,18.76,18.77,199510
2010-07-21 18:00:00,18.77,18.78,18.62,18.65,201087
2010-07-21 18:30:00,18.65,18.81,18.58,18.81,198033
2010-07-21 19:00:00,18.8,18.85,18.75,18.85,114532
2010-07-21 19:30:00,18.84,18.97,18.79,18.79,223371
2010-07-21 20:00:00,18.79,18.82,18.74,18.78,86494
2010-07-21 20:30:00,18.79,18.93,18.78,18.85,146328
2010-07-21 21:00:00,18.85,18.88,18.53,18.58,376777
2010-07-21 21:30:00,18.57,18.59,18.31,18.37,281678
2010-07-21 22:00:00,18.36,18.46,18.32,18.35,314261
2010-07-21 22:30:00,18.36,18.42,18.25,18.31,653239
2010-07-22 16:30:00,18.59,19.06,18.59,19.03,167010
2010-07-22 17:00:00,19.04,19.36,19.04,19.36,557542
2010-07-22 17:30:00,19.36,19.49,19.35,19.39,260644
2010-07-22 18:00:00,19.38,19.4,19.23,19.29,340443
2010-07-22 18:30:00,19.29,19.3,19.16,19.22,154785
2010-07-22 19:00:00,19.22,19.26,19.16,19.23,116431
2010-07-22 19:30:00,19.24,19.25,19.19,19.22,55041
2010-07-22 20:00:00,19.23,19.29,19.21,19.29,105566
2010-07-22 20:30:00,19.28,19.3,19.2,19.23,144755
2010-07-22 21:00:00,19.23,19.33,19.23,19.32,301532
2010-07-22 21:30:00,19.32,19.33,19.24,19.27,246159
2010-07-22 22:00:00,19.28,19.32,19.26,19.31,475450
2010-07-22 22:30:00,19.31,19.32,19.15,19.25,1141132
2010-07-23 16:30:00,19.19,19.27,18.96,19.13,262617
2010-07-23 17:00:00,19.13,19.5,19.09,19.5,345020
2010-07-23 17:30:00,19.5,19.66,19.5,19.64,386788
2010-07-23 18:00:00,19.64,19.71,19.5,19.59,322419
2010-07-23 18:30:00,19.58,19.73,19.55,19.72,335175
2010-07-23 19:00:00,19.71,19.78,19.57,19.73,398223
2010-07-23 19:30:00,19.72,19.74,19.52,19.69,195597
2010-07-23 20:00:00,19.69,19.84,19.6,19.8,177706
2010-07-23 20:30:00,19.81,19.87,19.7,19.7,457690
2010-07-23 21:00:00,19.71,19.77,19.5,19.51,476825
2010-07-23 21:30:00,19.52,19.64,19.48,19.55,385526
2010-07-23 22:00:00,19.55,19.57,19.43,19.47,421331
2010-07-23 22:30:00,19.47,19.52,19.31,19.44,1488404
2010-07-26 16:30:00,19.57,19.58,19.37,19.55,141471
2010-07-26 17:00:00,19.59,19.98,19.55,19.96,401525
2010-07-26 17:30:00,19.96,20.04,19.92,20.01,381641
2010-07-26 18:00:00,20.01,20.08,19.99,20.08,355726
2010-07-26 18:30:00,20.08,20.08,19.98,19.99,100478
2010-07-26 19:00:00,19.99,20.1,19.98,20.08,240860
2010-07-26 19:30:00,20.08,20.09,19.93,20.0,138584
2010-07-26 20:00:00,20.01,20.04,19.97,20.01,128309
2010-07-26 20:30:00,20.02,20.04,19.99,20.01,76632
2010-07-26 21:00:00,20.0,20.01,19.91,19.91,82379
2010-07-26 21:30:00,19.91,19.93,19.85,19.91,141112
2010-07-26 22:00:00,19.91,19.96,19.85,19.88,354702
2010-07-26 22:30:00,19.88,19.9,19.8,19.83,855540
2010-07-27 16:30:00,19.91,20.01,19.61,19.65,463902
2010-07-27 17:00:00,19.63,19.76,19.45,19.68,304688
2010-07-27 17:30:00,19.69,19.76,19.59,19.62,189187
2010-07-27 18:00:00,19.62,19.64,19.42,19.5,320718
2010-07-27 18:30:00,19.51,19.52,19.38,19.49,202734
2010-07-27 19:00:00,19.49,19.5,19.41,19.47,172828
2010-07-27 19:30:00,19.47,19.48,19.36,19.39,237232
2010-07-27 20:00:00,19.39,19.42,19.3,19.31,229261
2010-07-27 20:30:00,19.32,19.4,19.29,19.29,213032
2010-07-27 21:00:00,19.3,19.37,19.25,19.35,277322
2010-07-27 21:30:00,19.35,19.42,19.33,19.39,129236
2010-07-27 22:00:00,19.39,19.48,19.38,19.47,193278
2010-07-27 22:30:00,19.47,19.48,19.39,19.44,484799
2010-07-28 16:30:00,19.4,19.59,19.26,19.36,124808
2010-07-28 17:00:00,19.36,19.42,19.28,19.41,211619
2010-07-28 17:30:00,19.4,19.54,19.37,19.48,189613
2010-07-28 18:00:00,19.49,19.51,19.4,19.44,121734
2010-07-28 18:30:00,19.44,19.52,19.43,19.48,118457
2010-07-28 19:00:00,19.47,19.57,19.43,19.57,121754
2010-07-28 19:30:00,19.55,19.67,19.53,19.67,183320
2010-07-28 20:00:00,19.67,19.7,19.59,19.6,155880
2010-07-28 20:30:00,19.6,19.61,19.53,19.59,151381
2010-07-28 21:00:00,19.58,19.59,19.41,19.47,172264
2010-07-28 21:30:00,19.47,19.51,19.36,19.41,121471
2010-07-28 22:00:00,19.41,19.43,19.32,19.38,208428
2010-07-28 22:30:00,19.39,19.43,19.33,19.36,334523
2010-07-29 16:30:00,19.59,19.99,19.59,19.75,249024
2010-07-29 17:00:00,19.75,19.76,19.59,19.65,146876
2010-07-29 17:30:00,19.65,19.77,19.62,19.73,121883
2010-07-29 18:00:00,19.73,19.73,19.34,19.35,208241
2010-07-29 18:30:00,19.35,19.4,19.25,19.34,193640
2010-07-29 19:00:00,19.34,19.42,19.24,19.41,227950
2010-07-29 19:30:00,19.41,19.44,19.3,19.43,119619
2010-07-29 20:00:00,19.42,19.53,19.41,19.5,122705
2010-07-29 20:30:00,19.51,19.58,19.49,19.53,134054
2010-07-29 21:00:00,19.53,19.62,19.43,19.61,75520
2010-07-29 21:30:00,19.61,19.71,19.55,19.69,137474
2010-07-29 22:00:00,19.68,19.81,19.62,19.77,265681
2010-07-29 22:30:00,19.77,19.78,19.57,19.62,601923
2010-07-30 16:30:00,19.35,19.6,19.18,19.54,193474
2010-07-30 17:00:00,19.54,19.68,19.4,19.46,367889
2010-07-30 17:30:00,19.46,19.65,19.46,19.63,124756
2010-07-30 18:00:00,19.61,19.67,19.56,19.56,103438
2010-07-30 18:30:00,19.57,19.6,19.53,19.57,83296
2010-07-30 19:00:00,19.57,19.6,19.49,19.51,49642
2010-07-30 19:30:00,19.5,19.57,19.45,19.54,74831
2010-07-30 20:00:00,19.53,19.57,19.44,19.45,84942
2010-07-30 20:30:00,19.45,19.46,19.31,19.33,106408
2010-07-30 21:00:00,19.33,19.52,19.31,19.5,214790
2010-07-30 21:30:00,19.5,19.56,19.47,19.48,136094
2010-07-30 22:00:00,19.48,19.69,19.47,19.65,166196
2010-07-30 22:30:00,19.64,19.68,19.54,19.55,443205
2010-08-02 16:30:00,19.96,20.08,19.49,19.8,334269
2010-08-02 17:00:00,19.8,19.97,19.73,19.94,376556
2010-08-02 17:30:00,19.93,19.97,19.87,19.88,244730
2010-08-02 18:00:00,19.88,19.95,19.85,19.95,182013
2010-08-02 18:30:00,19.97,20.12,19.96,20.11,163936
2010-08-02 19:00:00,20.11,20.15,20.1,20.1,143081
2010-08-02 19:30:00,20.1,20.1,20.05,20.07,170249
2010-08-02 20:00:00,20.07,20.07,20.0,20.0,126666
2010-08-02 20:30:00,20.0,20.01,19.93,19.95,209769
2010-08-02 21:00:00,19.94,19.95,19.88,19.9,224649
2010-08-02 21:30:00,19.9,19.99,19.88,19.99,301046
2010-08-02 22:00:00,19.99,19.99,19.96,19.99,326267
2010-08-02 22:30:00,19.99,20.15,19.99,20.11,1119938
2010-08-03 16:30:00,20.04,20.11,19.86,19.91,239118
2010-08-03 17:00:00,19.91,19.92,19.76,19.77,210798
2010-08-03 17:30:00,19.77,19.95,19.75,19.93,95828
2010-08-03 18:00:00,19.93,19.93,19.84,19.87,189810
2010-08-03 18:30:00,19.88,19.91,19.86,19.87,185470
2010-08-03 19:00:00,19.88,19.89,19.77,19.8,180023
2010-08-03 19:30:00,19.79,19.86,19.78,19.83,101810
2010-08-03 20:00:00,19.83,19.83,19.75,19.8,121082
2010-08-03 20:30:00,19.8,19.84,19.78,19.79,75537
2010-08-03 21:00:00,19.79,19.82,19.77,19.81,82930
2010-08-03 21:30:00,19.81,19.82,19.71,19.71,164930
2010-08-03 22:00:00,19.71,19.73,19.66,19.67,209407
2010-08-03 22:30:00,19.67,19.69,19.59,19.67,491487
2010-08-04 16:30:00,19.47,19.78,19.38,19.77,296744
2010-08-04 17:00:00,19.77,19.87,19.57,19.62,180158
2010-08-04 17:30:00,19.64,19.69,19.52,19.56,201766
2010-08-04 18:00:00,19.57,19.58,19.49,19.49,133445
2010-08-04 18:30:00,19.5,19.53,19.46,19.46,79996
2010-08-04 19:00:00,19.46,19.59,19.43,19.59,104470
2010-08-04 19:30:00,19.59,19.6,19.52,19.53,62786
2010-08-04 20:00:00,19.53,19.54,19.45,19.48,66782
2010-08-04 20:30:00,19.47,19.56,19.46,19.55,81320
2010-08-04 21:00:00,19.54,19.62,19.53,19.55,82592
2010-08-04 21:30:00,19.56,19.67,19.55,19.66,155697
2010-08-04 22:00:00,19.66,19.71,19.63,19.69,199419
2010-08-04 22:30:00,19.69,19.75,19.66,19.71,414212
2010-08-05 16:30:00,19.61,19.61,19.44,19.49,122936
2010-08-05 17:00:00,19.49,19.59,19.43,19.55,126166
2010-08-05 17:30:00,19.56,19.56,19.47,19.51,161328
2010-08-05 18:00:00,19.5,19.54,19.39,19.44,174043
2010-08-05 18:30:00,19.44,19.48,19.4,19.42,94076
2010-08-05 19:00:00,19.42,19.49,19.41,19.49,76223
2010-08-05 19:30:00,19.49,19.54,19.48,19.51,58780
2010-08-05 20:00:00,19.51,19.51,19.43,19.47,54301
2010-08-05 20:30:00,19.47,19.58,19.47,19.54,48603
2010-08-05 21:00:00,19.54,19.54,19.49,19.49,82883
2010-08-05 21:30:00,19.49,19.51,19.48,19.49,71396
2010-08-05 22:00:00,19.5,19.63,19.49,19.58,96770
2010-08-05 22:30:00,19.58,19.6,19.55,19.59,230408
2010-08-06 16:30:00,19.32,19.67,19.24,19.62,194357
2010-08-06 17:00:00,19.61,19.67,19.58,19.64,196038
2010-08-06 17:30:00,19.63,19.64,19.36,19.4,440526
2010-08-06 18:00:00,19.4,19.43,19.31,19.33,171789
2010-08-06 18:30:00,19.32,19.35,19.26,19.28,71848
2010-08-06 19:00:00,19.27,19.3,19.14,19.15,109931
2010-08-06 19:30:00,19.15,19.19,19.09,19.09,106835
2010-08-06 20:00:00,19.1,19.14,19.06,19.07,135487
2010-08-06 20:30:00,19.08,19.1,19.03,19.04,154112
2010-08-06 21:00:00,19.04,19.06,19.01,19.06,141784
2010-08-06 21:30:00,19.04,19.19,19.04,19.13,285810
2010-08-06 22:00:00,19.13,19.23,19.11,19.2,320307
2010-08-06 22:30:00,19.2,19.32,19.17,19.3,506256
2010-08-09 16:30:00,19.39,19.54,19.39,19.46,115800
2010-08-09 17:00:00,19.45,19.49,19.44,19.45,94433
2010-08-09 17:30:00,19.45,19.61,19.44,19.61,85381
2010-08-09 18:00:00,19.61,19.64,19.6,19.6,69827
2010-08-09 18:30:00,19.6,19.67,19.6,19.65,57329
2010-08-09 19:00:00,19.66,19.76,19.65,19.76,103852
2010-08-09 19:30:00,19.75,19.76,19.7,19.74,69910
2010-08-09 20:00:00,19.73,19.79,19.64,19.78,123047
2010-08-09 20:30:00,19.78,19.84,19.75,19.83,89611
2010-08-09 21:00:00,19.82,19.91,19.82,19.89,144291
2010-08-09 21:30:00,19.89,19.98,19.89,19.95,299894
2010-08-09 22:00:00,19.94,19.94,19.77,19.83,147759
2010-08-09 22:30:00,19.83,19.87,19.79,19.82,560632
2010-08-10 16:30:00,19.52,19.64,19.39,19.49,110121
2010-08-10 17:00:00,19.49,19.64,19.44,19.61,127061
2010-08-10 17:30:00,19.61,19.64,19.5,19.51,124740
2010-08-10 18:00:00,19.51,19.61,19.51,19.57,58678
2010-08-10 18:30:00,19.56,19.59,19.53,19.57,63690
2010-08-10 19:00:00,19.57,19.57,19.5,19.5,65861
2010-08-10 19:30:00,19.51,19.52,19.48,19.5,66289
2010-08-10 20:00:00,19.51,19.52,19.45,19.46,71394
2010-08-10 20:30:00,19.46,19.51,19.42,19.51,301572
2010-08-10 21:00:00,19.51,19.82,19.5,19.78,389328
2010-08-10 21:30:00,19.79,19.97,19.79,19.9,380593
2010-08-10 22:00:00,19.89,19.98,19.77,19.83,335076
2010-08-10 22:30:00,19.83,19.92,19.78,19.81,570113
2010-08-11 16:30:00,19.44,19.45,19.24,19.26,498229
2010-08-11 17:00:00,19.26,19.27,19.03,19.13,425337
2010-08-11 17:30:00,19.12,19.18,19.09,19.14,385416
2010-08-11 18:00:00,19.14,19.16,18.97,19.06,340142
2010-08-11 18:30:00,19.05,19.12,19.05,19.11,192286
2010-08-11 19:00:00,19.1,19.11,19.01,19.02,81086
2010-08-11 19:30:00,19.03,19.03,18.87,18.9,126969
2010-08-11 20:00:00,18.91,19.02,18.9,18.91,212851
2010-08-11 20:30:00,18.92,18.92,18.79,18.83,138053
2010-08-11 21:00:00,18.83,18.93,18.82,18.91,119908
2010-08-11 21:30:00,18.92,18.92,18.75,18.77,141569
2010-08-11 22:00:00,18.78,18.79,18.68,18.7,332356
2010-08-11 22:30:00,18.7,18.8,18.64,18.65,899426
2010-08-12 16:30:00,18.26,18.62,18.23,18.5,257557
2010-08-12 17:00:00,18.5,18.57,18.35,18.39,219057
2010-08-12 17:30:00,18.38,18.51,18.36,18.41,210686
2010-08-12 18:00:00,18.41,18.47,18.34,18.46,159323
2010-08-12 18:30:00,18.46,18.46,18.37,18.39,113566
2010-08-12 19:00:00,18.4,18.44,18.36,18.38,81125
2010-08-12 19:30:00,18.38,18.42,18.35,18.42,188024
2010-08-12 20:00:00,18.42,18.45,18.39,18.41,142150
2010-08-12 20:30:00,18.41,18.41,18.38,18.4,126613
2010-08-12 21:00:00,18.41,18.44,18.39,18.42,90304
2010-08-12 21:30:00,18.42,18.5,18.38,18.48,102768
2010-08-12 22:00:00,18.49,18.63,18.48,18.57,382520
2010-08-12 22:30:00,18.57,18.62,18.45,18.48,562680
2010-08-13 16:30:00,18.44,18.71,18.39,18.69,180719
2010-08-13 17:00:00,18.68,18.71,18.58,18.59,106808
2010-08-13 17:30:00,18.58,18.61,18.49,18.55,109043
2010-08-13 18:00:00,18.54,18.58,18.46,18.47,93274
2010-08-13 18:30:00,18.48,18.52,18.41,18.51,102813
2010-08-13 19:00:00,18.5,18.62,18.5,18.62,70457
2010-08-13 19:30:00,18.62,18.73,18.61,18.73,81371
2010-08-13 20:00:00,18.73,18.74,18.69,18.74,91196
2010-08-13 20:30:00,18.73,18.74,18.65,18.65,48012
2010-08-13 21:00:00,18.64,18.65,18.6,18.62,53690
2010-08-13 21:30:00,18.62,18.63,18.54,18.57,49981
2010-08-13 22:00:00,18.57,18.61,18.57,18.58,74461
2010-08-13 22:30:00,18.58,18.59,18.49,18.54,357094
2010-08-16 16:30:00,18.39,18.58,18.28,18.5,156926
2010-08-16 17:00:00,18.49,18.68,18.46,18.64,144354
2010-08-16 17:30:00,18.65,18.69,18.59,18.61,82810
2010-08-16 18:00:00,18.62,18.62,18.53,18.57,222125
2010-08-16 18:30:00,18.57,18.67,18.57,18.65,72227
2010-08-16 19:00:00,18.65,18.67,18.63,18.65,49637
2010-08-16 19:30:00,18.66,18.69,18.66,18.68,102876
2010-08-16 20:00:00,18.68,18.69,18.64,18.65,31770
2010-08-16 20:30:00,18.65,18.66,18.57,18.57,35470
2010-08-16 21:00:00,18.58,18.61,18.49,18.55,92015
2010-08-16 21:30:00,18.54,18.62,18.5,18.51,190363
2010-08-16 22:00:00,18.51,18.57,18.48,18.55,115634
2010-08-16 22:30:00,18.54,18.6,18.51,18.55,316081
2010-08-17 16:30:00,18.74,18.86,18.73,18.76,122999
2010-08-17 17:00:00,18.76,18.93,18.75,18.91,141576
2010-08-17 17:30:00,18.91,18.98,18.88,18.98,88210
2010-08-17 18:00:00,18.97,19.06,18.97,19.0,206058
2010-08-17 18:30:00,19.0,19.05,18.99,18.99,230827
2010-08-17 19:00:00,18.99,19.01,18.94,18.94,75920
2010-08-17 19:30:00,18.95,18.96,18.91,18.91,47543
2010-08-17 20:00:00,18.91,19.01,18.91,18.99,82081
2010-08-17 20:30:00,19.0,19.01,18.93,18.97,84128
2010-08-17 21:00:00,18.97,18.98,18.92,18.96,164527
2010-08-17 21:30:00,18.97,18.98,18.9,18.94,151362
2010-08-17 22:00:00,18.94,18.94,18.84,18.93,419308
2010-08-17 22:30:00,18.93,18.95,18.85,18.87,506187
2010-08-18 16:30:00,18.91,19.04,18.8,18.99,346259
2010-08-18 17:00:00,18.99,19.01,18.78,18.79,220845
2010-08-18 17:30:00,18.8,18.83,18.71,18.77,253317
2010-08-18 18:00:00,18.78,18.93,18.76,18.91,144275
2010-08-18 18:30:00,18.91,18.97,18.9,18.92,63561
2010-08-18 19:00:00,18.91,18.99,18.89,18.98,61187
2010-08-18 19:30:00,18.98,19.06,18.96,19.05,139260
2010-08-18 20:00:00,19.04,19.13,19.02,19.09,210016
2010-08-18 20:30:00,19.09,19.15,19.06,19.09,91445
2010-08-18 21:00:00,19.09,19.14,19.07,19.12,85513
2010-08-18 21:30:00,19.12,19.15,19.09,19.13,81738
2010-08-18 22:00:00,19.13,19.14,19.03,19.04,191745
2010-08-18 22:30:00,19.04,19.07,19.0,19.02,407918
2010-08-19 16:30:00,18.77,18.92,18.68,18.76,175959
2010-08-19 17:00:00,18.77,18.77,18.52,18.59,202894
2010-08-19 17:30:00,18.59,18.61,18.46,18.52,115984
2010-08-19 18:00:00,18.52,18.52,18.42,18.47,139512
2010-08-19 18:30:00,18.48,18.48,18.37,18.42,201793
2010-08-19 19:00:00,18.42,18.5,18.38,18.48,107020
2010-08-19 19:30:00,18.48,18.48,18.41,18.43,102278
2010-08-19 20:00:00,18.43,18.47,18.37,18.37,103668
2010-08-19 20:30:00,18.38,18.39,18.26,18.26,207855
2010-08-19 21:00:00,18.27,18.33,18.25,18.32,187770
2010-08-19 21:30:00,18.31,18.36,18.29,18.3,170757
2010-08-19 22:00:00,18.29,18.46,18.26,18.4,169222
2010-08-19 22:30:00,18.4,18.44,18.33,18.33,407685
2010-08-20 16:30:00,18.15,18.38,18.15,18.25,521718
2010-08-20 17:00:00,18.25,18.34,18.21,18.26,98740
2010-08-20 17:30:00,18.27,18.37,18.25,18.25,67690
2010-08-20 18:00:00,18.26,18.27,18.16,18.21,86444
2010-08-20 18:30:00,18.2,18.26,18.12,18.15,116914
2010-08-20 19:00:00,18.15,18.25,18.14,18.23,53825
2010-08-20 19:30:00,18.23,18.25,18.18,18.19,29011
2010-08-20 20:00:00,18.19,18.36,18.19,18.35,115022
2010-08-20 20:30:00,18.36,18.37,18.29,18.33,64932
2010-08-20 21:00:00,18.33,18.44,18.31,18.4,115834
2010-08-20 21:30:00,18.4,18.55,18.39,18.52,130073
2010-08-20 22:00:00,18.51,18.58,18.5,18.54,148527
2010-08-20 22:30:00,18.54,18.56,18.46,18.49,313800
2010-08-23 16:30:00,18.66,18.77,18.53,18.54,134030
2010-08-23 17:00:00,18.54,18.55,18.43,18.44,113719
2010-08-23 17:30:00,18.43,18.49,18.33,18.39,108425
2010-08-23 18:00:00,18.37,18.41,18.29,18.31,202679
2010-08-23 18:30:00,18.32,18.37,18.31,18.35,141570
2010-08-23 19:00:00,18.35,18.43,18.34,18.43,86891
2010-08-23 19:30:00,18.43,18.46,18.4,18.4,54177
2010-08-23 20:00:00,18.4,18.42,18.34,18.41,64583
2010-08-23 20:30:00,18.41,18.44,18.37,18.43,55835
2010-08-23 21:00:00,18.42,18.49,18.4,18.41,110169
2010-08-23 21:30:00,18.41,18.45,18.38,18.38,86724
2010-08-23 22:00:00,18.39,18.4,18.3,18.32,137321
2010-08-23 22:30:00,18.32,18.34,18.18,18.19,409808
2010-08-24 16:30:00,17.91,18.03,17.87,17.91,223198
2010-08-24 17:00:00,17.91,17.96,17.79,17.91,342921
2010-08-24 17:30:00,17.91,17.92,17.81,17.84,248721
2010-08-24 18:00:00,17.84,17.91,17.81,17.87,112837
2010-08-24 18:30:00,17.87,17.92,17.85,17.9,273201
2010-08-24 19:00:00,17.9,17.9,17.82,17.82,180729
2010-08-24 19:30:00,17.83,17.86,17.79,17.8,98571
2010-08-24 20:00:00,17.8,17.88,17.79,17.88,180805
2010-08-24 20:30:00,17.88,17.88,17.69,17.72,168010
2010-08-24 21:00:00,17.72,17.8,17.69,17.73,96978
2010-08-24 21:30:00,17.73,17.75,17.69,17.72,278756
2010-08-24 22:00:00,17.73,17.77,17.67,17.73,270897
2010-08-24 22:30:00,17.73,17.74,17.55,17.57,858992
2010-08-25 16:30:00,17.41,17.52,17.23,17.29,220916
2010-08-25 17:00:00,17.29,17.37,17.2,17.29,333105
2010-08-25 17:30:00,17.28,17.38,17.23,17.36,160341
2010-08-25 18:00:00,17.36,17.42,17.31,17.36,152738
2010-08-25 18:30:00,17.36,17.36,17.28,17.31,200450
2010-08-25 19:00:00,17.31,17.36,17.3,17.36,100562
2010-08-25 19:30:00,17.37,17.39,17.3,17.31,110713
2010-08-25 20:00:00,17.31,17.36,17.29,17.32,115427
2010-08-25 20:30:00,17.33,17.44,17.31,17.42,74182
2010-08-25 21:00:00,17.41,17.5,17.41,17.43,81505
2010-08-25 21:30:00,17.43,17.56,17.42,17.54,178470
2010-08-25 22:00:00,17.54,17.58,17.5,17.54,368210
2010-08-25 22:30:00,17.53,17.7,17.53,17.61,722945
2010-08-26 16:30:00,17.75,17.89,17.68,17.88,194756
2010-08-26 17:00:00,17.88,18.16,17.86,18.16,247111
2010-08-26 17:30:00,18.16,18.26,18.12,18.23,233644
2010-08-26 18:00:00,18.23,18.25,18.09,18.13,376801
2010-08-26 18:30:00,18.13,18.14,17.97,18.06,140393
2010-08-26 19:00:00,18.06,18.07,17.91,17.94,72793
2010-08-26 19:30:00,17.95,17.96,17.85,17.94,119447
2010-08-26 20:00:00,17.94,17.95,17.9,17.92,63678
2010-08-26 20:30:00,17.91,17.95,17.87,17.9,89626
2010-08-26 21:00:00,17.89,17.93,17.82,17.86,157252
2010-08-26 21:30:00,17.86,17.89,17.76,17.77,190401
2010-08-26 22:00:00,17.77,17.9,17.77,17.88,373618
2010-08-26 22:30:00,17.88,17.96,17.85,17.92,773454
2010-08-27 16:30:00,18.06,18.07,17.8,17.8,238368
2010-08-27 17:00:00,17.81,17.9,17.63,17.9,355305
2010-08-27 17:30:00,17.9,18.03,17.88,17.91,407855
2010-08-27 18:00:00,17.92,18.16,17.92,18.14,135741
2010-08-27 18:30:00,18.14,18.17,18.08,18.11,96168
2010-08-27 19:00:00,18.12,18.22,18.1,18.2,90112
2010-08-27 19:30:00,18.2,18.26,18.14,18.16,116217
2010-08-27 20:00:00,18.17,18.2,18.14,18.18,163173
2010-08-27 20:30:00,18.18,18.28,18.17,18.28,154406
2010-08-27 21:00:00,18.27,18.29,18.19,18.23,182559
2010-08-27 21:30:00,18.24,18.34,18.22,18.24,190847
2010-08-27 22:00:00,18.24,18.3,18.16,18.28,294902
2010-08-27 22:30:00,18.29,18.36,18.25,18.35,506651
2010-08-30 16:30:00,18.26,18.44,18.16,18.4,197875
2010-08-30 17:00:00,18.39,18.39,18.14,18.17,264702
2010-08-30 17:30:00,18.17,18.2,18.11,18.16,238215
2010-08-30 18:00:00,18.16,18.2,18.12,18.13,192985
2010-08-30 18:30:00,18.13,18.17,18.07,18.17,173345
2010-08-30 19:00:00,18.17,18.26,18.16,18.23,223736
2010-08-30 19:30:00,18.22,18.4,18.21,18.35,176338
2010-08-30 20:00:00,18.34,18.36,18.26,18.28,124789
2010-08-30 20:30:00,18.27,18.33,18.24,18.29,188216
2010-08-30 21:00:00,18.29,18.31,18.2,18.29,190143
2010-08-30 21:30:00,18.29,18.32,18.25,18.28,178458
2010-08-30 22:00:00,18.29,18.3,18.23,18.27,284260
2010-08-30 22:30:00,18.27,18.29,18.17,18.19,712664
2010-08-31 16:30:00,18.15,18.15,17.87,17.97,315095
2010-08-31 17:00:00,17.98,18.27,17.96,18.27,156688
2010-08-31 17:30:00,18.28,18.34,18.15,18.26,246827
2010-08-31 18:00:00,18.27,18.35,18.17,18.28,129624
2010-08-31 18:30:00,18.27,18.38,18.21,18.21,207478
2010-08-31 19:00:00,18.22,18.27,18.17,18.18,104753
2010-08-31 19:30:00,18.18,18.29,18.17,18.21,87895
2010-08-31 20:00:00,18.21,18.31,18.2,18.28,67104
2010-08-31 20:30:00,18.28,18.32,18.25,18.28,47855
2010-08-31 21:00:00,18.28,18.34,18.12,18.16,197291
2010-08-31 21:30:00,18.16,18.17,17.98,18.01,305204
2010-08-31 22:00:00,18.01,18.14,18.0,18.13,478768
2010-08-31 22:30:00,18.13,18.25,18.08,18.11,1023060
2010-09-01 16:30:00,18.46,18.61,18.32,18.39,368354
2010-09-01 17:00:00,18.39,18.75,18.38,18.75,614650
2010-09-01 17:30:00,18.74,18.81,18.59,18.59,503027
2010-09-01 18:00:00,18.6,18.74,18.59,18.74,157184
2010-09-01 18:30:00,18.74,18.79,18.71,18.72,182386
2010-09-01 19:00:00,18.71,18.77,18.66,18.66,180454
2010-09-01 19:30:00,18.66,18.71,18.59,18.71,226516
2010-09-01 20:00:00,18.7,18.71,18.68,18.69,100410
2010-09-01 20:30:00,18.69,18.77,18.69,18.75,235053
2010-09-01 21:00:00,18.75,18.79,18.69,18.77,304964
2010-09-01 21:30:00,18.78,18.79,18.66,18.79,413759
2010-09-01 22:00:00,18.79,18.86,18.76,18.86,260075
2010-09-01 22:30:00,18.85,19.03,18.84,18.99,849244
2010-09-02 16:30:00,19.11,19.12,18.93,19.1,203803
2010-09-02 17:00:00,19.1,19.16,19.04,19.12,220166
2010-09-02 17:30:00,19.13,19.22,19.08,19.2,157744
2010-09-02 18:00:00,19.2,19.21,19.1,19.1,142375
2010-09-02 18:30:00,19.1,19.18,19.1,19.15,86804
2010-09-02 19:00:00,19.14,19.19,19.12,19.12,99543
2010-09-02 19:30:00,19.12,19.15,19.06,19.06,88055
2010-09-02 20:00:00,19.05,19.1,19.04,19.07,118444
2010-09-02 20:30:00,19.08,19.12,19.07,19.1,44304
2010-09-02 21:00:00,19.11,19.22,19.1,19.18,118652
2010-09-02 21:30:00,19.19,19.19,19.08,19.08,316380
2010-09-02 22:00:00,19.09,19.23,19.07,19.22,250408
2010-09-02 22:30:00,19.22,19.29,19.16,19.27,484879
2010-09-03 16:30:00,19.57,19.61,19.39,19.49,470959
2010-09-03 17:00:00,19.49,19.53,19.29,19.29,404467
2010-09-03 17:30:00,19.3,19.48,19.28,19.48,155850
2010-09-03 18:00:00,19.48,19.56,19.46,19.52,188249
2010-09-03 18:30:00,19.52,19.52,19.44,19.49,187973
2010-09-03 19:00:00,19.5,19.58,19.49,19.58,98461
2010-09-03 19:30:00,19.58,19.7,19.57,19.68,118082
2010-09-03 20:00:00,19.69,19.71,19.66,19.67,117869
2010-09-03 20:30:00,19.67,19.83,19.65,19.8,205975
2010-09-03 21:00:00,19.8,19.82,19.77,19.8,209216
2010-09-03 21:30:00,19.8,19.84,19.68,19.68,136361
2010-09-03 22:00:00,19.68,19.77,19.66,19.77,260732
2010-09-03 22:30:00,19.76,19.8,19.71,19.75,779466
2010-09-07 16:30:00,19.51,19.58,19.28,19.49,225313
2010-09-07 17:00:00,19.49,19.59,19.46,19.53,128971
2010-09-07 17:30:00,19.53,19.6,19.49,19.58,112424
2010-09-07 18:00:00,19.58,19.61,19.42,19.51,226281
2010-09-07 18:30:00,19.52,19.56,19.47,19.52,177919
2010-09-07 19:00:00,19.52,19.54,19.5,19.5,92590
2010-09-07 19:30:00,19.5,19.52,19.44,19.47,142593
2010-09-07 20:00:00,19.47,19.5,19.44,19.49,103183
2010-09-07 20:30:00,19.49,19.54,19.47,19.54,92055
2010-09-07 21:00:00,19.54,19.56,19.48,19.49,256980
2010-09-07 21:30:00,19.49,19.54,19.47,19.49,206247
2010-09-07 22:00:00,19.48,19.56,19.45,19.54,259095
2010-09-07 22:30:00,19.54,19.63,19.48,19.48,599179
2010-09-08 16:30:00,19.61,19.74,19.56,19.73,187157
2010-09-08 17:00:00,19.73,19.84,19.71,19.81,134561
2010-09-08 17:30:00,19.81,19.97,19.81,19.93,118631
2010-09-08 18:00:00,19.93,20.03,19.9,19.9,111417
2010-09-08 18:30:00,19.91,19.92,19.87,19.91,85554
2010-09-08 19:00:00,19.91,19.97,19.89,19.96,109456
2010-09-08 19:30:00,19.95,20.0,19.94,19.97,96414
2010-09-08 20:00:00,19.98,19.99,19.84,19.86,245981
2010-09-08 20:30:00,19.87,19.87,19.79,19.84,135161
2010-09-08 21:00:00,19.84,19.84,19.77,19.83,171674
2010-09-08 21:30:00,19.82,19.92,19.82,19.87,103613
2010-09-08 22:00:00,19.88,19.93,19.81,19.84,248677
2010-09-08 22:30:00,19.84,19.88,19.78,19.86,819605
2010-09-09 16:30:00,20.25,20.26,19.99,20.01,238906
2010-09-09 17:00:00,20.01,20.11,20.01,20.09,167939
2010-09-09 17:30:00,20.09,20.1,20.04,20.07,63053
2010-09-09 18:00:00,20.07,20.13,20.06,20.08,109873
2010-09-09 18:30:00,20.08,20.12,19.99,19.99,68302
2010-09-09 19:00:00,19.99,20.01,19.97,20.0,92090
2010-09-09 19:30:00,20.0,20.01,19.86,19.86,129429
2010-09-09 20:00:00,19.86,19.89,19.8,19.81,156498
2010-09-09 20:30:00,19.81,19.91,19.8,19.88,233357
2010-09-09 21:00:00,19.88,19.92,19.85,19.87,142241
2010-09-09 21:30:00,19.87,19.99,19.87,19.99,113235
2010-09-09 22:00:00,19.99,20.1,19.98,20.09,169469
2010-09-09 22:30:00,20.09,20.14,20.07,20.12,553617
2010-09-10 16:30:00,20.06,20.14,19.92,20.01,130888
2010-09-10 17:00:00,20.01,20.06,19.97,20.01,158594
2010-09-10 17:30:00,20.01,20.05,19.98,20.0,164821
2010-09-10 18:00:00,20.0,20.02,19.91,19.96,163714
2010-09-10 18:30:00,19.95,19.99,19.92,19.95,120875
2010-09-10 19:00:00,19.95,19.98,19.93,19.97,83821
2010-09-10 19:30:00,19.98,20.02,19.94,19.99,76256
2010-09-10 20:00:00,19.99,20.01,19.98,19.99,60648
2010-09-10 20:30:00,20.0,20.03,19.99,19.99,59438
2010-09-10 21:00:00,19.99,20.05,19.99,20.04,65613
2010-09-10 21:30:00,20.04,20.09,20.0,20.04,199509
2010-09-10 22:00:00,20.05,20.09,20.05,20.09,107738
2010-09-10 22:30:00,20.08,20.13,20.06,20.11,249167
2010-09-13 16:30:00,20.49,20.54,20.31,20.33,227982
2010-09-13 17:00:00,20.33,20.5,20.32,20.44,308343
2010-09-13 17:30:00,20.45,20.5,20.3,20.3,321046
2010-09-13 18:00:00,20.31,20.44,20.25,20.4,95974
2010-09-13 18:30:00,20.4,20.41,20.36,20.39,165491
2010-09-13 19:00:00,20.4,20.4,20.31,20.34,98709
2010-09-13 19:30:00,20.34,20.4,20.33,20.4,100322
2010-09-13 20:00:00,20.4,20.43,20.37,20.41,126626
2010-09-13 20:30:00,20.41,20.44,20.39,20.39,65604
2010-09-13 21:00:00,20.4,20.5,20.35,20.48,140445
2010-09-13 21:30:00,20.48,20.53,20.48,20.52,80034
2010-09-13 22:00:00,20.52,20.53,20.43,20.48,537532
2010-09-13 22:30:00,20.48,20.64,20.45,20.63,628698
2010-09-14 16:30:00,20.52,20.58,20.4,20.43,251591
2010-09-14 17:00:00,20.43,20.45,20.43,20.45,173251
2010-09-14 17:30:00,20.45,20.55,20.39,20.5,320121
2010-09-14 18:00:00,20.5,20.64,20.5,20.52,182223
2010-09-14 18:30:00,20.52,20.62,20.52,20.62,241563
2010-09-14 19:00:00,20.62,20.7,20.61,20.65,146326
2010-09-14 19:30:00,20.66,20.68,20.57,20.57,99338
2010-09-14 20:00:00,20.58,20.6,20.49,20.5,124250
2010-09-14 20:30:00,20.5,20.54,20.41,20.45,130944
2010-09-14 21:00:00,20.46,20.55,20.45,20.5,86231
2010-09-14 21:30:00,20.49,20.64,20.47,20.62,108572
2010-09-14 22:00:00,20.61,20.72,20.61,20.7,128462
2010-09-14 22:30:00,20.7,20.75,20.53,20.53,390562
2010-09-15 16:30:00,20.35,20.48,20.26,20.46,234466
2010-09-15 17:00:00,20.47,20.63,20.46,20.54,165023
2010-09-15 17:30:00,20.54,20.64,20.53,20.61,172256
2010-09-15 18:00:00,20.61,20.61,20.53,20.58,121724
2010-09-15 18:30:00,20.58,20.73,20.54,20.7,155991
2010-09-15 19:00:00,20.7,20.79,20.7,20.77,123848
2010-09-15 19:30:00,20.76,20.8,20.76,20.79,125498
2010-09-15 20:00:00,20.79,20.9,20.79,20.86,176073
2010-09-15 20:30:00,20.86,20.99,20.85,20.97,302231
2010-09-15 21:00:00,20.96,21.01,20.92,20.92,226499
2010-09-15 21:30:00,20.92,20.97,20.9,20.96,270188
2010-09-15 22:00:00,20.96,21.04,20.94,21.04,408967
2010-09-15 22:30:00,21.04,21.07,20.82,20.88,1051178
2010-09-16 16:30:00,20.78,20.93,20.75,20.92,238182
2010-09-16 17:00:00,20.91,20.96,20.8,20.83,287658
2010-09-16 17:30:00,20.82,20.92,20.78,20.82,220012
2010-09-16 18:00:00,20.82,20.88,20.78,20.82,103934
2010-09-16 18:30:00,20.82,20.86,20.81,20.85,101118
2010-09-16 19:00:00,20.85,20.85,20.79,20.79,78046
2010-09-16 19:30:00,20.8,20.85,20.79,20.85,81479
2010-09-16 20:00:00,20.84,20.92,20.82,20.89,125216
2010-09-16 20:30:00,20.9,20.96,20.86,20.95,158830
2010-09-16 21:00:00,20.95,21.03,20.95,21.0,113760
2010-09-16 21:30:00,21.0,21.01,20.95,20.98,79169
2010-09-16 22:00:00,20.98,21.01,20.93,21.0,236178
2010-09-16 22:30:00,21.0,21.05,20.99,21.02,344062
2010-09-17 16:30:00,21.16,21.16,20.79,20.82,866717
2010-09-17 17:00:00,20.82,20.83,20.61,20.82,560284
2010-09-17 17:30:00,20.82,20.99,20.76,20.94,168676
2010-09-17 18:00:00,20.94,21.03,20.87,20.89,245104
2010-09-17 18:30:00,20.88,20.93,20.79,20.84,181757
2010-09-17 19:00:00,20.83,20.98,20.83,20.94,135969
2010-09-17 19:30:00,20.94,20.97,20.9,20.92,120592
2010-09-17 20:00:00,20.91,20.99,20.91,20.98,191918
2010-09-17 20:30:00,20.98,21.03,20.98,20.99,118251
2010-09-17 21:00:00,20.99,21.04,20.95,21.03,193844
2010-09-17 21:30:00,21.03,21.11,21.0,21.01,202218
2010-09-17 22:00:00,21.02,21.05,20.9,20.9,253009
2010-09-17 22:30:00,20.9,21.02,20.9,21.0,531359
2010-09-20 16:30:00,21.09,21.22,21.08,21.17,157211
2010-09-20 17:00:00,21.18,21.31,21.15,21.22,261508
2010-09-20 17:30:00,21.22,21.43,21.21,21.41,247938
2010-09-20 18:00:00,21.41,21.46,21.4,21.45,169852
2010-09-20 18:30:00,21.46,21.5,21.44,21.48,139785
2010-09-20 19:00:00,21.48,21.5,21.45,21.45,115381
2010-09-20 19:30:00,21.46,21.52,21.42,21.47,159661
2010-09-20 20:00:00,21.47,21.48,21.41,21.43,179258
2010-09-20 20:30:00,21.43,21.43,21.32,21.33,126956
2010-09-20 21:00:00,21.34,21.35,21.29,21.3,183497
2010-09-20 21:30:00,21.3,21.46,21.29,21.44,141787
2010-09-20 22:00:00,21.45,21.52,21.45,21.51,246997
2010-09-20 22:30:00,21.51,21.65,21.5,21.58,803219
2010-09-21 16:30:00,21.69,21.8,21.66,21.68,253363
2010-09-21 17:00:00,21.68,21.76,21.54,21.57,214056
2010-09-21 17:30:00,21.57,21.65,21.49,21.51,171873
2010-09-21 18:00:00,21.51,21.56,21.43,21.43,165283
2010-09-21 18:30:00,21.43,21.52,21.41,21.5,118193
2010-09-21 19:00:00,21.5,21.54,21.49,21.51,89580
2010-09-21 19:30:00,21.5,21.53,21.5,21.53,73363
2010-09-21 20:00:00,21.52,21.53,21.47,21.51,106171
2010-09-21 20:30:00,21.5,21.57,21.47,21.56,178485
2010-09-21 21:00:00,21.56,21.71,21.45,21.65,261043
2010-09-21 21:30:00,21.65,21.83,21.6,21.66,231873
2010-09-21 22:00:00,21.66,21.69,21.53,21.58,582568
2010-09-21 22:30:00,21.58,21.64,21.43,21.54,713004
2010-09-22 16:30:00,21.59,21.91,21.55,21.74,429988
2010-09-22 17:00:00,21.73,21.81,21.57,21.58,586743
2010-09-22 17:30:00,21.57,21.62,21.5,21.6,321593
2010-09-22 18:00:00,21.6,21.61,21.44,21.49,286055
2010-09-22 18:30:00,21.48,21.56,21.44,21.55,243295
2010-09-22 19:00:00,21.54,21.68,21.54,21.6,345521
2010-09-22 19:30:00,21.6,21.64,21.56,21.61,289402
2010-09-22 20:00:00,21.6,21.62,21.52,21.57,292616
2010-09-22 20:30:00,21.57,21.63,21.57,21.59,196651
2010-09-22 21:00:00,21.59,21.62,21.56,21.6,280948
2010-09-22 21:30:00,21.59,21.62,21.54,21.6,527064
2010-09-22 22:00:00,21.61,21.61,21.52,21.56,595425
2010-09-22 22:30:00,21.56,21.63,21.54,21.54,995123
2010-09-23 16:30:00,21.27,21.45,21.17,21.2,526323
2010-09-23 17:00:00,21.2,21.36,21.04,21.07,1386626
2010-09-23 17:30:00,21.07,21.18,21.03,21.04,914566
2010-09-23 18:00:00,21.04,21.06,20.99,21.06,365523
2010-09-23 18:30:00,21.06,21.22,21.05,21.09,381393
2010-09-23 19:00:00,21.08,21.11,21.03,21.04,154351
2010-09-23 19:30:00,21.05,21.06,20.98,20.99,239631
2010-09-23 20:00:00,20.99,21.01,20.97,20.99,320930
2010-09-23 20:30:00,20.99,21.0,20.95,20.96,326253
2010-09-23 21:00:00,20.97,21.01,20.92,20.92,252610
2010-09-23 21:30:00,20.93,20.93,20.77,20.81,361828
2010-09-23 22:00:00,20.81,21.0,20.81,20.89,586440
2010-09-23 22:30:00,20.9,20.91,20.76,20.78,1467461
2010-09-24 16:30:00,21.09,21.38,21.09,21.31,426249
2010-09-24 17:00:00,21.31,21.51,21.27,21.51,306058
2010-09-24 17:30:00,21.52,21.63,21.45,21.56,275403
2010-09-24 18:00:00,21.55,21.57,21.48,21.52,227915
2010-09-24 18:30:00,21.52,21.59,21.46,21.59,209300
2010-09-24 19:00:00,21.58,21.67,21.57,21.64,162031
2010-09-24 19:30:00,21.64,21.72,21.63,21.68,118942
2010-09-24 20:00:00,21.68,21.71,21.65,21.7,65202
2010-09-24 20:30:00,21.71,21.73,21.63,21.7,309376
2010-09-24 21:00:00,21.7,21.72,21.65,21.7,151331
2010-09-24 21:30:00,21.69,21.78,21.69,21.76,327867
2010-09-24 22:00:00,21.77,21.82,21.74,21.8,364272
2010-09-24 22:30:00,21.79,21.92,21.77,21.9,919494
2010-09-27 16:30:00,21.74,21.94,21.71,21.71,458811
2010-09-27 17:00:00,21.71,21.84,21.67,21.83,159671
2010-09-27 17:30:00,21.83,21.85,21.74,21.79,91756
2010-09-27 18:00:00,21.79,21.79,21.61,21.68,164822
2010-09-27 18:30:00,21.68,21.73,21.66,21.71,132086
2010-09-27 19:00:00,21.72,21.77,21.68,21.71,106179
2010-09-27 19:30:00,21.71,21.71,21.64,21.65,86966
2010-09-27 20:00:00,21.65,21.68,21.6,21.63,133877
2010-09-27 20:30:00,21.63,21.75,21.62,21.72,159235
2010-09-27 21:00:00,21.73,21.74,21.62,21.7,206688
2010-09-27 21:30:00,21.7,21.82,21.69,21.79,214697
2010-09-27 22:00:00,21.8,21.82,21.76,21.78,207012
2010-09-27 22:30:00,21.78,21.78,21.61,21.66,766951
2010-09-28 16:30:00,21.76,21.76,21.38,21.51,188147
2010-09-28 17:00:00,21.5,21.54,21.34,21.48,251417
2010-09-28 17:30:00,21.48,21.52,21.41,21.51,141889
2010-09-28 18:00:00,21.51,21.77,21.49,21.71,244470
2010-09-28 18:30:00,21.73,21.8,21.6,21.62,118311
2010-09-28 19:00:00,21.62,21.77,21.59,21.69,79928
2010-09-28 19:30:00,21.7,21.76,21.69,21.74,78275
2010-09-28 20:00:00,21.75,21.76,21.64,21.69,71543
2010-09-28 20:30:00,21.69,21.84,21.69,21.83,149933
2010-09-28 21:00:00,21.82,21.82,21.67,21.68,186194
2010-09-28 21:30:00,21.67,21.7,21.59,21.61,162680
2010-09-28 22:00:00,21.62,21.69,21.58,21.61,258977
2010-09-28 22:30:00,21.61,21.79,21.6,21.67,808426
2010-09-29 16:30:00,21.5,21.61,21.41,21.47,479783
2010-09-29 17:00:00,21.47,21.6,21.38,21.48,149049
2010-09-29 17:30:00,21.48,21.53,21.39,21.48,133488
2010-09-29 18:00:00,21.48,21.52,21.45,21.52,99888
2010-09-29 18:30:00,21.51,21.61,21.48,21.56,197887
2010-09-29 19:00:00,21.57,21.58,21.5,21.51,149922
2010-09-29 19:30:00,21.52,21.53,21.43,21.46,73688
2010-09-29 20:00:00,21.46,21.46,21.39,21.39,89190
2010-09-29 20:30:00,21.4,21.45,21.36,21.45,96100
2010-09-29 21:00:00,21.45,21.47,21.38,21.39,110930
2010-09-29 21:30:00,21.39,21.47,21.38,21.45,149904
2010-09-29 22:00:00,21.46,21.47,21.3,21.34,255554
2010-09-29 22:30:00,21.34,21.36,21.21,21.31,583074
2010-09-30 16:30:00,21.63,22.03,21.42,21.81,404101
2010-09-30 17:00:00,21.82,21.84,21.65,21.76,493661
2010-09-30 17:30:00,21.76,21.85,21.6,21.62,501617
2010-09-30 18:00:00,21.63,21.66,21.36,21.43,345205
2010-09-30 18:30:00,21.43,21.49,21.34,21.39,369634
2010-09-30 19:00:00,21.4,21.41,21.23,21.26,399380
2010-09-30 19:30:00,21.26,21.43,21.25,21.43,237390
2010-09-30 20:00:00,21.43,21.43,21.35,21.4,113792
2010-09-30 20:30:00,21.4,21.41,21.25,21.27,248712
2010-09-30 21:00:00,21.27,21.34,21.24,21.33,283316
2010-09-30 21:30:00,21.34,21.44,21.32,21.39,182675
2010-09-30 22:00:00,21.39,21.39,21.28,21.38,208263
2010-09-30 22:30:00,21.38,21.4,21.22,21.24,642613
2010-10-01 16:30:00,21.49,21.56,21.37,21.46,253493
2010-10-01 17:00:00,21.45,21.45,21.13,21.16,398062
2010-10-01 17:30:00,21.15,21.25,21.09,21.19,389428
2010-10-01 18:00:00,21.2,21.21,21.06,21.11,386670
2010-10-01 18:30:00,21.11,21.23,21.06,21.19,272173
2010-10-01 19:00:00,21.19,21.28,21.18,21.23,211649
2010-10-01 19:30:00,21.23,21.27,21.18,21.27,150925
2010-10-01 20:00:00,21.27,21.42,21.27,21.36,245124
2010-10-01 20:30:00,21.35,21.36,21.22,21.28,204965
2010-10-01 21:00:00,21.29,21.44,21.28,21.35,216922
2010-10-01 21:30:00,21.37,21.39,21.3,21.35,136583
2010-10-01 22:00:00,21.36,21.38,21.27,21.28,239149
2010-10-01 22:30:00,21.28,21.43,21.25,21.36,887929
2010-10-04 16:30:00,21.29,21.53,21.24,21.35,192347
2010-10-04 17:00:00,21.34,21.55,21.28,21.49,248307
2010-10-04 17:30:00,21.49,21.51,21.35,21.39,160599
2010-10-04 18:00:00,21.39,21.39,21.15,21.18,156550
2010-10-04 18:30:00,21.17,21.21,21.05,21.05,79421
2010-10-04 19:00:00,21.04,21.09,20.98,21.03,101795
2010-10-04 19:30:00,21.04,21.06,20.99,21.04,182148
2010-10-04 20:00:00,21.04,21.07,21.0,21.06,206205
2010-10-04 20:30:00,21.05,21.06,21.0,21.03,135701
2010-10-04 21:00:00,21.03,21.05,20.87,20.97,222256
2010-10-04 21:30:00,20.97,21.04,20.95,21.02,121960
2010-10-04 22:00:00,21.02,21.13,21.0,21.08,116607
2010-10-04 22:30:00,21.09,21.11,20.99,21.05,409850
2010-10-05 16:30:00,21.37,21.58,21.08,21.35,548158
2010-10-05 17:00:00,21.35,21.41,21.25,21.37,438578
2010-10-05 17:30:00,21.38,21.6,21.37,21.52,427255
2010-10-05 18:00:00,21.52,21.73,21.52,21.71,353648
2010-10-05 18:30:00,21.71,21.79,21.71,21.78,336976
2010-10-05 19:00:00,21.78,21.8,21.73,21.76,265974
2010-10-05 19:30:00,21.76,21.84,21.76,21.84,255833
2010-10-05 20:00:00,21.84,21.88,21.76,21.85,454106
2010-10-05 20:30:00,21.86,21.87,21.79,21.84,225811
2010-10-05 21:00:00,21.84,21.86,21.79,21.86,276087
2010-10-05 21:30:00,21.86,21.88,21.81,21.87,612952
2010-10-05 22:00:00,21.87,21.91,21.85,21.86,555020
2010-10-05 22:30:00,21.87,21.91,21.81,21.82,1017500
2010-10-06 16:30:00,21.72,21.86,21.61,21.72,280535
2010-10-06 17:00:00,21.71,21.85,21.71,21.74,353098
2010-10-06 17:30:00,21.74,21.78,21.66,21.69,100671
2010-10-06 18:00:00,21.7,21.83,21.69,21.81,157640
2010-10-06 18:30:00,21.8,21.84,21.78,21.82,261396
2010-10-06 19:00:00,21.82,21.89,21.77,21.86,401355
2010-10-06 19:30:00,21.86,21.86,21.81,21.82,391148
2010-10-06 20:00:00,21.81,21.86,21.81,21.82,320158
2010-10-06 20:30:00,21.83,21.9,21.82,21.89,133052
2010-10-06 21:00:00,21.9,21.96,21.86,21.92,265608
2010-10-06 21:30:00,21.91,21.93,21.86,21.88,240038
2010-10-06 22:00:00,21.87,21.9,21.85,21.9,370434
2010-10-06 22:30:00,21.89,21.96,21.87,21.9,611548
2010-10-07 16:30:00,22.09,22.2,22.01,22.07,346264
2010-10-07 17:00:00,22.06,22.18,22.01,22.15,221935
2010-10-07 17:30:00,22.16,22.16,22.01,22.09,466937
2010-10-07 18:00:00,22.1,22.14,22.07,22.13,274670
2010-10-07 18:30:00,22.13,22.15,22.05,22.11,163661
2010-10-07 19:00:00,22.11,22.12,22.0,22.0,221046
2010-10-07 19:30:00,22.0,22.04,21.92,22.01,291788
2010-10-07 20:00:00,22.0,22.12,22.0,22.06,301401
2010-10-07 20:30:00,22.05,22.11,21.99,22.09,121871
2010-10-07 21:00:00,22.08,22.12,22.04,22.08,238164
2010-10-07 21:30:00,22.08,22.16,22.01,22.15,527675
2010-10-07 22:00:00,22.16,22.22,22.12,22.17,811383
2010-10-07 22:30:00,22.17,22.29,22.16,22.2,1510202
2010-10-08 16:30:00,22.32,22.44,22.01,22.18,284873
2010-10-08 17:00:00,22.18,22.25,22.1,22.22,254933
2010-10-08 17:30:00,22.22,22.36,22.17,22.34,649631
2010-10-08 18:00:00,22.34,22.39,22.28,22.36,274201
2010-10-08 18:30:00,22.36,22.4,22.28,22.37,124421
2010-10-08 19:00:00,22.36,22.38,22.31,22.37,60793
2010-10-08 19:30:00,22.36,22.45,22.35,22.44,296091
2010-10-08 20:00:00,22.43,22.49,22.41,22.48,236617
2010-10-08 20:30:00,22.47,22.63,22.47,22.62,540326
2010-10-08 21:00:00,22.61,22.62,22.5,22.56,236834
2010-10-08 21:30:00,22.56,22.58,22.46,22.46,185782
2010-10-08 22:00:00,22.47,22.56,22.4,22.4,376512
2010-10-08 22:30:00,22.41,22.5,22.38,22.41,788947
2010-10-11 16:30:00,22.48,22.64,22.41,22.44,161452
2010-10-11 17:00:00,22.44,22.5,22.33,22.45,218477
2010-10-11 17:30:00,22.46,22.48,22.37,22.42,291309
2010-10-11 18:00:00,22.42,22.48,22.36,22.43,175833
2010-10-11 18:30:00,22.44,22.55,22.44,22.53,209106
2010-10-11 19:00:00,22.53,22.58,22.5,22.52,96667
2010-10-11 19:30:00,22.53,22.56,22.48,22.51,97833
2010-10-11 20:00:00,22.51,22.54,22.46,22.46,96684
2010-10-11 20:30:00,22.47,22.52,22.45,22.52,94907
2010-10-11 21:00:00,22.52,22.58,22.48,22.56,243617
2010-10-11 21:30:00,22.56,22.57,22.52,22.55,179028
2010-10-11 22:00:00,22.56,22.58,22.49,22.52,266292
2010-10-11 22:30:00,22.52,22.54,22.45,22.48,492244
2010-10-12 16:30:00,22.46,22.72,22.42,22.46,612413
2010-10-12 17:00:00,22.45,22.48,22.32,22.34,341483
2010-10-12 17:30:00,22.35,22.36,22.22,22.27,291292
2010-10-12 18:00:00,22.27,22.34,22.26,22.32,262031
2010-10-12 18:30:00,22.32,22.36,22.29,22.35,291979
2010-10-12 19:00:00,22.36,22.41,22.32,22.33,572682
2010-10-12 19:30:00,22.34,22.36,22.3,22.31,193240
2010-10-12 20:00:00,22.31,22.32,22.28,22.3,140737
2010-10-12 20:30:00,22.3,22.31,22.24,22.26,166130
2010-10-12 21:00:00,22.26,22.38,22.23,22.29,428905
2010-10-12 21:30:00,22.3,22.36,22.22,22.3,214128
2010-10-12 22:00:00,22.3,22.4,22.25,22.4,506029
2010-10-12 22:30:00,22.4,22.45,22.36,22.43,1252161
2010-10-13 16:30:00,22.59,22.95,22.59,22.82,1019467
2010-10-13 17:00:00,22.83,23.23,22.74,23.12,995017
2010-10-13 17:30:00,23.12,23.23,23.08,23.18,368322
2010-10-13 18:00:00,23.19,23.38,23.15,23.25,725684
2010-10-13 18:30:00,23.25,23.25,23.06,23.09,326929
2010-10-13 19:00:00,23.09,23.11,22.95,23.08,771197
2010-10-13 19:30:00,23.08,23.14,23.04,23.07,168782
2010-10-13 20:00:00,23.06,23.06,22.99,23.0,151611
2010-10-13 20:30:00,23.0,23.03,22.95,22.96,148911
2010-10-13 21:00:00,22.96,22.97,22.9,22.92,285826
2010-10-13 21:30:00,22.92,22.94,22.85,22.85,300999
2010-10-13 22:00:00,22.86,22.91,22.8,22.81,472803
2010-10-13 22:30:00,22.81,22.89,22.8,22.87,816897
2010-10-14 16:30:00,22.83,23.1,22.76,22.94,534731
2010-10-14 17:00:00,22.94,22.98,22.85,22.94,292587
2010-10-14 17:30:00,22.94,22.97,22.9,22.92,414881
2010-10-14 18:00:00,22.93,22.97,22.89,22.95,178825
2010-10-14 18:30:00,22.94,22.95,22.88,22.92,260670
2010-10-14 19:00:00,22.92,22.94,22.87,22.9,240114
2010-10-14 19:30:00,22.89,22.9,22.86,22.89,112659
2010-10-14 20:00:00,22.88,22.92,22.84,22.87,218429
2010-10-14 20:30:00,22.87,22.95,22.86,22.94,327689
2010-10-14 21:00:00,22.94,22.95,22.86,22.87,173548
2010-10-14 21:30:00,22.87,22.92,22.87,22.9,331782
2010-10-14 22:00:00,22.9,22.94,22.87,22.89,617010
2010-10-14 22:30:00,22.89,22.95,22.87,22.93,1224012
2010-10-15 16:30:00,23.14,23.16,22.81,22.87,737533
2010-10-15 17:00:00,22.88,22.95,22.77,22.81,600713
2010-10-15 17:30:00,22.81,22.82,22.64,22.73,410792
2010-10-15 18:00:00,22.74,22.82,22.7,22.79,250499
2010-10-15 18:30:00,22.79,22.86,22.59,22.64,295793
2010-10-15 19:00:00,22.63,22.72,22.59,22.71,245184
2010-10-15 19:30:00,22.71,22.81,22.69,22.72,182976
2010-10-15 20:00:00,22.71,22.82,22.7,22.81,141653
2010-10-15 20:30:00,22.81,22.85,22.75,22.76,255468
2010-10-15 21:00:00,22.76,22.87,22.74,22.84,193130
2010-10-15 21:30:00,22.84,22.87,22.75,22.78,186507
2010-10-15 22:00:00,22.79,22.85,22.75,22.83,252030
2010-10-15 22:30:00,22.82,22.88,22.81,22.84,608164
2010-10-18 16:30:00,22.6,22.78,21.74,22.71,480025
2010-10-18 17:00:00,22.71,22.9,22.71,22.77,256299
2010-10-18 17:30:00,22.76,22.88,22.76,22.87,151195
2010-10-18 18:00:00,22.87,22.92,22.82,22.9,301322
2010-10-18 18:30:00,22.89,22.91,22.78,22.86,147008
2010-10-18 19:00:00,22.87,22.88,22.82,22.84,164003
2010-10-18 19:30:00,22.84,22.9,22.81,22.87,68511
2010-10-18 20:00:00,22.87,22.96,22.87,22.93,67758
2010-10-18 20:30:00,22.93,22.95,22.91,22.95,83834
2010-10-18 21:00:00,22.95,23.01,22.93,23.0,130642
2010-10-18 21:30:00,23.0,23.0,22.95,22.96,135444
2010-10-18 22:00:00,22.96,23.0,22.88,22.9,348883
2010-10-18 22:30:00,22.9,22.98,22.89,22.96,486470
2010-10-19 16:30:00,22.65,22.76,22.42,22.44,294191
2010-10-19 17:00:00,22.43,22.68,22.39,22.68,243071
2010-10-19 17:30:00,22.67,22.71,22.6,22.65,282186
2010-10-19 18:00:00,22.66,22.78,22.64,22.74,258198
2010-10-19 18:30:00,22.74,22.84,22.73,22.83,196561
2010-10-19 19:00:00,22.84,22.86,22.77,22.77,93305
2010-10-19 19:30:00,22.78,22.8,22.73,22.77,188766
2010-10-19 20:00:00,22.77,22.78,22.67,22.7,179777
2010-10-19 20:30:00,22.7,22.72,22.47,22.5,275578
2010-10-19 21:00:00,22.5,22.52,22.25,22.34,778478
2010-10-19 21:30:00,22.34,22.47,22.32,22.36,421509
2010-10-19 22:00:00,22.36,22.39,22.21,22.21,586701
2010-10-19 22:30:00,22.21,22.44,22.2,22.41,686959
2010-10-20 16:30:00,22.51,22.73,22.5,22.63,194490
2010-10-20 17:00:00,22.64,22.66,22.53,22.64,173982
2010-10-20 17:30:00,22.64,22.8,22.64,22.73,392265
2010-10-20 18:00:00,22.72,22.9,22.71,22.89,177107
2010-10-20 18:30:00,22.9,22.97,22.87,22.91,153949
2010-10-20 19:00:00,22.9,23.0,22.88,22.94,191028
2010-10-20 19:30:00,22.94,22.97,22.83,22.87,140647
2010-10-20 20:00:00,22.87,22.91,22.82,22.82,177441
2010-10-20 20:30:00,22.82,22.85,22.71,22.71,197121
2010-10-20 21:00:00,22.72,22.79,22.68,22.75,280887
2010-10-20 21:30:00,22.74,22.81,22.65,22.67,322628
2010-10-20 22:00:00,22.67,22.73,22.57,22.72,318278
2010-10-20 22:30:00,22.72,22.74,22.61,22.68,506143
2010-10-21 16:30:00,22.79,22.91,22.59,22.84,732819
2010-10-21 17:00:00,22.85,23.09,22.72,23.0,231158
2010-10-21 17:30:00,23.01,23.22,23.01,23.16,356846
2010-10-21 18:00:00,23.16,23.17,22.93,23.03,205491
2010-10-21 18:30:00,23.03,23.05,22.82,22.92,266347
2010-10-21 19:00:00,22.92,22.92,22.77,22.81,652534
2010-10-21 19:30:00,22.82,22.83,22.57,22.63,689153
2010-10-21 20:00:00,22.64,22.66,22.57,22.59,158919
2010-10-21 20:30:00,22.59,22.59,22.34,22.36,305009
2010-10-21 21:00:00,22.36,22.39,22.33,22.35,277165
2010-10-21 21:30:00,22.35,22.39,22.3,22.35,285357
2010-10-21 22:00:00,22.35,22.43,22.3,22.37,604030
2010-10-21 22:30:00,22.38,22.39,22.25,22.3,725896
2010-10-22 16:30:00,22.38,22.63,22.38,22.45,345639
2010-10-22 17:00:00,22.44,22.47,22.39,22.42,199250
2010-10-22 17:30:00,22.41,22.42,22.35,22.36,155349
2010-10-22 18:00:00,22.37,22.37,22.27,22.3,148726
2010-10-22 18:30:00,22.3,22.37,22.29,22.32,121671
2010-10-22 19:00:00,22.32,22.33,22.28,22.31,169970
2010-10-22 19:30:00,22.31,22.32,22.29,22.29,113747
2010-10-22 20:00:00,22.3,22.33,22.28,22.28,130942
2010-10-22 20:30:00,22.29,22.3,22.21,22.24,164513
2010-10-22 21:00:00,22.25,22.33,22.25,22.32,175641
2010-10-22 21:30:00,22.32,22.33,22.26,22.27,280922
2010-10-22 22:00:00,22.26,22.31,22.25,22.29,245351
2010-10-22 22:30:00,22.29,22.31,22.25,22.31,541892
2010-10-25 16:30:00,22.72,22.79,22.22,22.25,682111
2010-10-25 17:00:00,22.25,22.27,22.18,22.25,373045
2010-10-25 17:30:00,22.24,22.26,22.11,22.13,482543
2010-10-25 18:00:00,22.13,22.16,22.08,22.15,318718
2010-10-25 18:30:00,22.15,22.2,22.12,22.19,228060
2010-10-25 19:00:00,22.18,22.2,22.05,22.11,265186
2010-10-25 19:30:00,22.11,22.16,22.05,22.15,212447
2010-10-25 20:00:00,22.14,22.2,22.13,22.16,200477
2010-10-25 20:30:00,22.16,22.2,22.09,22.11,213402
2010-10-25 21:00:00,22.1,22.12,22.09,22.1,172113
2010-10-25 21:30:00,22.1,22.2,22.1,22.19,278174
2010-10-25 22:00:00,22.2,22.23,22.16,22.21,219480
2010-10-25 22:30:00,22.21,22.22,22.06,22.12,603026
2010-10-26 16:30:00,21.98,22.19,21.85,22.16,257318
2010-10-26 17:00:00,22.16,22.26,22.12,22.12,183371
2010-10-26 17:30:00,22.13,22.16,22.05,22.15,118165
2010-10-26 18:00:00,22.15,22.16,22.0,22.11,148916
2010-10-26 18:30:00,22.1,22.2,22.09,22.16,118424
2010-10-26 19:00:00,22.17,22.2,22.15,22.18,99897
2010-10-26 19:30:00,22.17,22.18,22.12,22.13,105099
2010-10-26 20:00:00,22.13,22.15,22.12,22.13,95771
2010-10-26 20:30:00,22.13,22.16,22.12,22.15,125648
2010-10-26 21:00:00,22.13,22.21,22.13,22.19,284171
2010-10-26 21:30:00,22.2,22.29,22.19,22.27,151241
2010-10-26 22:00:00,22.27,22.41,22.27,22.36,274101
2010-10-26 22:30:00,22.36,22.41,22.32,22.37,713982
2010-10-27 16:30:00,22.21,22.41,22.05,22.41,209633
2010-10-27 17:00:00,22.41,22.47,22.29,22.33,208299
2010-10-27 17:30:00,22.33,22.35,22.25,22.31,236148
2010-10-27 18:00:00,22.31,22.31,22.19,22.24,142697
2010-10-27 18:30:00,22.24,22.31,22.21,22.26,113683
2010-10-27 19:00:00,22.26,22.29,22.2,22.28,93493
2010-10-27 19:30:00,22.27,22.29,22.26,22.27,65088
2010-10-27 20:00:00,22.27,22.29,22.23,22.26,135704
2010-10-27 20:30:00,22.26,22.3,22.23,22.3,76220
2010-10-27 21:00:00,22.3,22.31,22.27,22.28,56949
2010-10-27 21:30:00,22.28,22.37,22.26,22.27,144618
2010-10-27 22:00:00,22.27,22.41,22.27,22.41,253861
2010-10-27 22:30:00,22.4,22.54,22.39,22.54,612895
2010-10-28 16:30:00,22.78,22.78,22.58,22.69,171568
2010-10-28 17:00:00,22.68,22.72,22.49,22.51,209430
2010-10-28 17:30:00,22.5,22.53,22.4,22.53,166435
2010-10-28 18:00:00,22.52,22.66,22.52,22.61,171319
2010-10-28 18:30:00,22.6,22.62,22.47,22.5,183121
2010-10-28 19:00:00,22.5,22.5,22.36,22.37,191017
2010-10-28 19:30:00,22.37,22.48,22.36,22.41,210938
2010-10-28 20:00:00,22.41,22.62,22.41,22.49,185068
2010-10-28 20:30:00,22.5,22.53,22.45,22.48,113413
2010-10-28 21:00:00,22.48,22.49,22.38,22.39,223367
2010-10-28 21:30:00,22.4,22.48,22.38,22.44,180522
2010-10-28 22:00:00,22.45,22.51,22.39,22.44,199375
2010-10-28 22:30:00,22.44,22.57,22.42,22.49,464669
2010-10-29 16:30:00,22.38,22.5,22.23,22.34,257848
2010-10-29 17:00:00,22.33,22.6,22.31,22.5,202484
2010-10-29 17:30:00,22.5,22.54,22.44,22.54,100159
2010-10-29 18:00:00,22.54,22.59,22.45,22.45,238712
2010-10-29 18:30:00,22.45,22.53,22.33,22.51,251330
2010-10-29 19:00:00,22.5,22.51,22.46,22.48,91787
2010-10-29 19:30:00,22.49,22.55,22.48,22.52,101143
2010-10-29 20:00:00,22.51,22.58,22.5,22.57,94774
2010-10-29 20:30:00,22.56,22.57,22.49,22.49,145403
2010-10-29 21:00:00,22.49,22.53,22.47,22.47,156938
2010-10-29 21:30:00,22.48,22.63,22.47,22.62,261788
2010-10-29 22:00:00,22.61,22.83,22.58,22.82,495534
2010-10-29 22:30:00,22.82,23.0,22.82,22.98,1391298
2010-11-01 16:30:00,23.25,23.25,22.82,23.11,233332
2010-11-01 17:00:00,23.11,23.21,23.09,23.2,234903
2010-11-01 17:30:00,23.19,23.21,23.11,23.12,193366
2010-11-01 18:00:00,23.12,23.17,23.05,23.12,228697
2010-11-01 18:30:00,23.12,23.12,23.0,23.06,236827
2010-11-01 19:00:00,23.05,23.09,23.04,23.08,134639
2010-11-01 19:30:00,23.07,23.07,22.99,23.02,139453
2010-11-01 20:00:00,23.01,23.03,22.93,22.97,247817
2010-11-01 20:30:00,22.97,23.07,22.96,22.98,128527
2010-11-01 21:00:00,22.98,22.99,22.85,22.85,139660
2010-11-01 21:30:00,22.84,22.85,22.71,22.76,292566
2010-11-01 22:00:00,22.77,22.78,22.61,22.73,252942
2010-11-01 22:30:00,22.72,22.86,22.67,22.86,308403
2010-11-02 16:30:00,23.18,23.36,23.15,23.29,316602
2010-11-02 17:00:00,23.3,23.39,23.28,23.37,128114
2010-11-02 17:30:00,23.36,23.41,23.22,23.24,248073
2010-11-02 18:00:00,23.25,23.28,23.16,23.16,187309
2010-11-02 18:30:00,23.17,23.23,23.14,23.22,194963
2010-11-02 19:00:00,23.22,23.25,23.19,23.19,82745
2010-11-02 19:30:00,23.19,23.26,23.19,23.26,60143
2010-11-02 20:00:00,23.26,23.27,23.18,23.2,80311
2010-11-02 20:30:00,23.2,23.27,23.19,23.26,87587
2010-11-02 21:00:00,23.25,23.26,23.17,23.17,72710
2010-11-02 21:30:00,23.18,23.28,23.14,23.24,245047
2010-11-02 22:00:00,23.24,23.45,23.24,23.43,633103
2010-11-02 22:30:00,23.43,23.44,23.37,23.42,446441
2010-11-03 16:30:00,23.43,23.58,23.09,23.12,230587
2010-11-03 17:00:00,23.12,23.21,23.1,23.15,159005
2010-11-03 17:30:00,23.14,23.23,23.12,23.18,191665
2010-11-03 18:00:00,23.19,23.2,23.04,23.06,200621
2010-11-03 18:30:00,23.06,23.11,23.0,23.01,131275
2010-11-03 19:00:00,23.01,23.04,22.95,23.01,142451
2010-11-03 19:30:00,23.0,23.07,22.99,23.0,112532
2010-11-03 20:00:00,23.0,23.12,23.0,23.08,96849
2010-11-03 20:30:00,23.08,23.09,22.98,23.0,147299
2010-11-03 21:00:00,22.99,23.09,22.74,22.94,847496
2010-11-03 21:30:00,22.93,23.19,22.84,23.16,441143
2010-11-03 22:00:00,23.16,23.32,23.16,23.29,289294
2010-11-03 22:30:00,23.29,23.41,23.24,23.39,570300
2010-11-04 16:30:00,23.61,23.96,23.42,23.91,501163
2010-11-04 17:00:00,23.91,23.91,23.73,23.75,650393
2010-11-04 17:30:00,23.75,23.85,23.7,23.83,387851
2010-11-04 18:00:00,23.83,24.0,23.83,23.98,341200
2010-11-04 18:30:00,23.98,24.0,23.89,23.96,202755
2010-11-04 19:00:00,23.95,23.96,23.89,23.91,121926
2010-11-04 19:30:00,23.91,23.97,23.86,23.92,393444
2010-11-04 20:00:00,23.92,23.95,23.89,23.93,118193
2010-11-04 20:30:00,23.94,23.96,23.9,23.91,97925
2010-11-04 21:00:00,23.91,23.96,23.9,23.95,134115
2010-11-04 21:30:00,23.94,23.98,23.89,23.89,223855
2010-11-04 22:00:00,23.9,23.97,23.86,23.96,375523
2010-11-04 22:30:00,23.97,24.0,23.91,23.99,1085929
2010-11-05 16:30:00,23.98,24.21,23.85,24.17,282101
2010-11-05 17:00:00,24.17,24.35,24.15,24.35,331096
2010-11-05 17:30:00,24.35,24.38,24.26,24.26,315406
2010-11-05 18:00:00,24.27,24.32,24.17,24.25,118271
2010-11-05 18:30:00,24.24,24.25,24.17,24.17,143211
2010-11-05 19:00:00,24.17,24.25,24.04,24.18,219654
2010-11-05 19:30:00,24.17,24.25,24.14,24.22,112765
2010-11-05 20:00:00,24.22,24.24,24.2,24.23,131907
2010-11-05 20:30:00,24.22,24.24,24.21,24.21,202332
2010-11-05 21:00:00,24.22,24.23,24.16,24.17,342833
2010-11-05 21:30:00,24.18,24.26,24.16,24.2,227094
2010-11-05 22:00:00,24.2,24.25,24.15,24.2,238825
2010-11-05 22:30:00,24.2,24.29,24.16,24.27,833073
2010-11-08 16:30:00,24.08,24.15,23.83,24.09,358405
2010-11-08 17:00:00,24.08,24.09,23.93,24.0,250162
2010-11-08 17:30:00,24.0,24.01,23.74,23.76,161384
2010-11-08 18:00:00,23.76,23.8,23.63,23.75,137728
2010-11-08 18:30:00,23.74,23.78,23.66,23.72,99522
2010-11-08 19:00:00,23.72,23.83,23.71,23.79,70042
2010-11-08 19:30:00,23.79,23.8,23.72,23.73,69216
2010-11-08 20:00:00,23.73,23.87,23.72,23.82,66900
2010-11-08 20:30:00,23.82,23.83,23.66,23.67,103809
2010-11-08 21:00:00,23.67,23.71,23.57,23.58,224283
2010-11-08 21:30:00,23.57,23.59,23.49,23.58,203713
2010-11-08 22:00:00,23.57,23.63,23.56,23.58,397620
2010-11-08 22:30:00,23.59,23.68,23.51,23.57,860461
2010-11-09 16:30:00,23.61,23.67,23.28,23.29,255655
2010-11-09 17:00:00,23.3,23.53,23.3,23.43,228844
2010-11-09 17:30:00,23.43,23.59,23.41,23.58,193948
2010-11-09 18:00:00,23.59,23.66,23.55,23.63,128631
2010-11-09 18:30:00,23.64,23.64,23.47,23.47,184418
2010-11-09 19:00:00,23.47,23.56,23.45,23.52,163250
2010-11-09 19:30:00,23.52,23.53,23.47,23.49,193995
2010-11-09 20:00:00,23.49,23.54,23.45,23.48,183307
2010-11-09 20:30:00,23.48,23.5,23.43,23.44,267100
2010-11-09 21:00:00,23.44,23.52,23.43,23.45,144159
2010-11-09 21:30:00,23.46,23.49,23.42,23.48,110265
2010-11-09 22:00:00,23.47,23.48,23.31,23.33,268634
2010-11-09 22:30:00,23.33,23.39,23.13,23.25,841805
2010-11-10 16:30:00,21.9,22.25,21.88,22.01,5898290
2010-11-10 17:00:00,22.01,22.1,21.95,22.05,2161950
2010-11-10 17:30:00,22.05,22.39,22.03,22.23,2057063
2010-11-10 18:00:00,22.23,22.31,22.17,22.3,1007804
2010-11-10 18:30:00,22.3,22.32,22.12,22.22,1010595
2010-11-10 19:00:00,22.22,22.22,22.07,22.1,480870
2010-11-10 19:30:00,22.11,22.2,22.08,22.16,520420
2010-11-10 20:00:00,22.16,22.16,21.98,22.1,923577
2010-11-10 20:30:00,22.11,22.25,22.09,22.24,555007
2010-11-10 21:00:00,22.24,22.35,22.19,22.25,661486
2010-11-10 21:30:00,22.25,22.32,22.19,22.28,746926
2010-11-10 22:00:00,22.28,22.36,22.23,22.29,955706
2010-11-10 22:30:00,22.29,22.31,22.22,22.3,1410559
2010-11-11 16:30:00,22.01,22.19,21.86,22.18,1289537
2010-11-11 17:00:00,22.18,22.33,22.15,22.28,543292
2010-11-11 17:30:00,22.29,22.31,22.24,22.27,457369
2010-11-11 18:00:00,22.27,22.41,22.25,22.32,724180
2010-11-11 18:30:00,22.32,22.41,22.31,22.4,427795
2010-11-11 19:00:00,22.39,22.45,22.38,22.42,375547
2010-11-11 19:30:00,22.42,22.44,22.39,22.41,389291
2010-11-11 20:00:00,22.41,22.45,22.4,22.45,251084
2010-11-11 20:30:00,22.45,22.54,22.44,22.52,376195
2010-11-11 21:00:00,22.52,22.71,22.5,22.7,601790
2010-11-11 21:30:00,22.71,22.74,22.57,22.63,501428
2010-11-11 22:00:00,22.62,22.64,22.51,22.51,701146
2010-11-11 22:30:00,22.52,22.54,22.44,22.44,995009
2010-11-12 16:30:00,22.25,22.47,22.16,22.44,317726
2010-11-12 17:00:00,22.45,22.45,22.24,22.27,273162
2010-11-12 17:30:00,22.27,22.27,21.97,22.07,571916
2010-11-12 18:00:00,22.08,22.16,21.99,22.15,296452
2010-11-12 18:30:00,22.15,22.18,21.97,22.09,321486
2010-11-12 19:00:00,22.08,22.13,22.0,22.01,223933
2010-11-12 19:30:00,22.01,22.09,21.96,22.05,293346
2010-11-12 20:00:00,22.05,22.09,21.98,22.09,209727
2010-11-12 20:30:00,22.09,22.13,22.03,22.04,210376
2010-11-12 21:00:00,22.04,22.11,22.04,22.07,189578
2010-11-12 21:30:00,22.07,22.18,22.05,22.15,322479
2010-11-12 22:00:00,22.15,22.24,22.13,22.16,320185
2010-11-12 22:30:00,22.16,22.24,22.12,22.15,625103
2010-11-15 16:30:00,22.28,22.46,22.13,22.24,660578
2010-11-15 17:00:00,22.23,22.24,21.99,22.15,287813
2010-11-15 17:30:00,22.15,22.26,22.14,22.2,210312
2010-11-15 18:00:00,22.2,22.35,22.16,22.34,112786
2010-11-15 18:30:00,22.35,22.4,22.31,22.39,332243
2010-11-15 19:00:00,22.39,22.44,22.33,22.44,122266
2010-11-15 19:30:00,22.43,22.48,22.43,22.46,76478
2010-11-15 20:00:00,22.46,22.55,22.42,22.54,132998
2010-11-15 20:30:00,22.54,22.57,22.49,22.51,201770
2010-11-15 21:00:00,22.5,22.51,22.32,22.37,144778
2010-11-15 21:30:00,22.37,22.41,22.32,22.39,114611
2010-11-15 22:00:00,22.39,22.39,22.2,22.25,175689
2010-11-15 22:30:00,22.25,22.25,22.09,22.16,691170
2010-11-16 16:30:00,21.97,22.05,21.56,21.82,651492
2010-11-16 17:00:00,21.81,22.01,21.8,21.98,335740
2010-11-16 17:30:00,21.98,21.98,21.76,21.79,353868
2010-11-16 18:00:00,21.79,21.79,21.7,21.71,297987
2010-11-16 18:30:00,21.72,21.75,21.57,21.68,281085
2010-11-16 19:00:00,21.69,21.75,21.62,21.67,299774
2010-11-16 19:30:00,21.68,21.71,21.62,21.71,245316
2010-11-16 20:00:00,21.71,21.75,21.66,21.72,151510
2010-11-16 20:30:00,21.72,21.74,21.64,21.72,182485
2010-11-16 21:00:00,21.73,21.73,21.6,21.64,255187
2010-11-16 21:30:00,21.64,21.7,21.57,21.65,184097
2010-11-16 22:00:00,21.65,21.68,21.57,21.62,472428
2010-11-16 22:30:00,21.62,21.72,21.6,21.68,1076802
2010-11-17 16:30:00,21.6,21.66,21.45,21.53,448445
2010-11-17 17:00:00,21.53,21.72,21.52,21.69,277109
2010-11-17 17:30:00,21.7,21.71,21.53,21.55,280419
2010-11-17 18:00:00,21.55,21.64,21.5,21.61,235094
2010-11-17 18:30:00,21.62,21.63,21.55,21.57,129746
2010-11-17 19:00:00,21.57,21.57,21.51,21.51,167352
2010-11-17 19:30:00,21.51,21.52,21.46,21.5,308148
2010-11-17 20:00:00,21.49,21.58,21.47,21.54,145516
2010-11-17 20:30:00,21.55,21.61,21.51,21.6,186030
2010-11-17 21:00:00,21.6,21.68,21.6,21.64,229492
2010-11-17 21:30:00,21.64,21.71,21.61,21.62,257488
2010-11-17 22:00:00,21.62,21.65,21.49,21.51,351040
2010-11-17 22:30:00,21.51,21.58,21.5,21.51,864184
2010-11-18 16:30:00,21.83,22.05,21.82,21.93,422933
2010-11-18 17:00:00,21.94,22.01,21.89,21.93,391735
2010-11-18 17:30:00,21.93,21.96,21.88,21.89,191269
2010-11-18 18:00:00,21.89,21.96,21.82,21.96,263053
2010-11-18 18:30:00,21.96,22.01,21.94,22.0,245314
2010-11-18 19:00:00,22.0,22.02,21.91,21.93,156688
2010-11-18 19:30:00,21.94,21.97,21.9,21.95,139355
2010-11-18 20:00:00,21.94,21.95,21.89,21.94,169728
2010-11-18 20:30:00,21.93,21.96,21.88,21.89,195014
2010-11-18 21:00:00,21.9,21.93,21.89,21.91,167235
2010-11-18 21:30:00,21.9,21.95,21.89,21.93,170355
2010-11-18 22:00:00,21.92,21.94,21.88,21.9,228514
2010-11-18 22:30:00,21.9,21.91,21.77,21.81,535454
2010-11-19 16:30:00,21.9,21.95,21.57,21.66,589682
2010-11-19 17:00:00,21.67,21.84,21.63,21.79,162554
2010-11-19 17:30:00,21.79,21.8,21.75,21.76,391149
2010-11-19 18:00:00,21.76,21.8,21.69,21.74,241293
2010-11-19 18:30:00,21.75,21.81,21.71,21.73,187453
2010-11-19 19:00:00,21.73,21.77,21.73,21.76,71591
2010-11-19 19:30:00,21.77,21.83,21.76,21.83,63328
2010-11-19 20:00:00,21.83,21.87,21.83,21.85,97634
2010-11-19 20:30:00,21.86,21.92,21.85,21.91,74091
2010-11-19 21:00:00,21.9,21.95,21.88,21.89,143335
2010-11-19 21:30:00,21.89,21.93,21.87,21.89,86280
2010-11-19 22:00:00,21.89,21.93,21.84,21.84,108360
2010-11-19 22:30:00,21.84,21.94,21.84,21.91,488843
2010-11-22 16:30:00,21.83,21.83,21.58,21.81,177663
2010-11-22 17:00:00,21.82,21.84,21.72,21.76,209029
2010-11-22 17:30:00,21.76,21.76,21.49,21.54,296456
2010-11-22 18:00:00,21.53,21.67,21.49,21.67,257443
2010-11-22 18:30:00,21.67,21.72,21.64,21.7,158227
2010-11-22 19:00:00,21.69,21.69,21.53,21.53,118259
2010-11-22 19:30:00,21.53,21.67,21.49,21.66,192280
2010-11-22 20:00:00,21.66,21.66,21.57,21.62,86914
2010-11-22 20:30:00,21.62,21.67,21.61,21.63,134546
2010-11-22 21:00:00,21.63,21.71,21.6,21.63,127865
2010-11-22 21:30:00,21.64,21.77,21.61,21.71,119113
2010-11-22 22:00:00,21.72,21.74,21.63,21.65,217548
2010-11-22 22:30:00,21.65,21.76,21.64,21.68,492666
2010-11-23 16:30:00,21.36,21.41,21.09,21.1,463043
2010-11-23 17:00:00,21.09,21.32,21.05,21.25,497669
2010-11-23 17:30:00,21.25,21.32,21.22,21.25,235912
2010-11-23 18:00:00,21.25,21.26,21.08,21.1,390401
2010-11-23 18:30:00,21.1,21.21,21.02,21.18,488324
2010-11-23 19:00:00,21.18,21.23,21.14,21.18,205068
2010-11-23 19:30:00,21.18,21.29,21.15,21.26,197513
2010-11-23 20:00:00,21.26,21.33,21.25,21.3,118172
2010-11-23 20:30:00,21.31,21.34,21.15,21.17,125304
2010-11-23 21:00:00,21.17,21.24,21.16,21.19,200010
2010-11-23 21:30:00,21.19,21.22,21.14,21.17,222259
2010-11-23 22:00:00,21.17,21.24,21.17,21.21,187532
2010-11-23 22:30:00,21.21,21.23,21.12,21.18,437864
2010-11-24 16:30:00,21.3,21.7,21.26,21.66,387496
2010-11-24 17:00:00,21.65,21.81,21.59,21.78,309536
2010-11-24 17:30:00,21.79,21.86,21.74,21.79,463079
2010-11-24 18:00:00,21.78,21.8,21.6,21.6,214200
2010-11-24 18:30:00,21.61,21.82,21.61,21.81,237316
2010-11-24 19:00:00,21.82,21.9,21.81,21.83,322426
2010-11-24 19:30:00,21.84,21.87,21.8,21.85,242419
2010-11-24 20:00:00,21.85,21.88,21.8,21.86,184221
2010-11-24 20:30:00,21.87,21.92,21.86,21.88,196785
2010-11-24 21:00:00,21.88,21.89,21.87,21.87,117593
2010-11-24 21:30:00,21.87,21.88,21.77,21.83,420444
2010-11-24 22:00:00,21.82,21.96,21.82,21.89,442079
2010-11-24 22:30:00,21.9,21.95,21.84,21.93,835009
2010-11-26 16:30:00,21.57,21.87,21.43,21.74,282935
2010-11-26 17:00:00,21.74,21.8,21.71,21.74,126902
2010-11-26 17:30:00,21.74,21.75,21.59,21.61,199258
2010-11-26 18:00:00,21.62,21.69,21.6,21.65,165566
2010-11-26 18:30:00,21.65,21.7,21.62,21.66,121413
2010-11-26 19:00:00,21.66,21.81,21.62,21.81,144120
2010-11-26 19:30:00,21.8,21.84,21.65,21.67,254472
2010-11-26 20:00:00,21.7,21.71,21.64,21.71,75405
2010-11-29 16:30:00,21.44,21.62,21.36,21.49,546547
2010-11-29 17:00:00,21.52,21.59,21.44,21.5,285871
2010-11-29 17:30:00,21.5,21.6,21.5,21.58,189036
2010-11-29 18:00:00,21.57,21.57,21.46,21.48,150752
2010-11-29 18:30:00,21.48,21.49,21.36,21.42,141273
2010-11-29 19:00:00,21.43,21.54,21.43,21.49,54498
2010-11-29 19:30:00,21.49,21.53,21.45,21.49,83111
2010-11-29 20:00:00,21.48,21.48,21.29,21.33,163995
2010-11-29 20:30:00,21.33,21.37,21.3,21.35,107491
2010-11-29 21:00:00,21.35,21.51,21.34,21.51,142293
2010-11-29 21:30:00,21.5,21.65,21.48,21.65,101783
2010-11-29 22:00:00,21.64,21.74,21.64,21.72,179051
2010-11-29 22:30:00,21.72,21.79,21.66,21.71,349081
2010-11-30 16:30:00,21.39,21.65,21.39,21.65,282058
2010-11-30 17:00:00,21.65,21.78,21.56,21.75,222571
2010-11-30 17:30:00,21.75,21.75,21.69,21.73,255055
2010-11-30 18:00:00,21.72,21.74,21.62,21.65,170561
2010-11-30 18:30:00,21.66,21.8,21.64,21.76,164599
2010-11-30 19:00:00,21.76,21.77,21.66,21.68,132582
2010-11-30 19:30:00,21.68,21.78,21.66,21.76,146989
2010-11-30 20:00:00,21.77,21.91,21.75,21.87,226830
2010-11-30 20:30:00,21.88,21.89,21.83,21.86,206904
2010-11-30 21:00:00,21.86,21.91,21.81,21.81,265492
2010-11-30 21:30:00,21.81,21.92,21.78,21.89,399505
2010-11-30 22:00:00,21.89,21.9,21.83,21.87,403581
2010-11-30 22:30:00,21.87,21.88,21.72,21.73,912419
2010-12-01 16:30:00,22.0,22.28,21.97,22.2,418827
2010-12-01 17:00:00,22.21,22.23,22.18,22.18,376056
2010-12-01 17:30:00,22.18,22.23,22.17,22.2,269221
2010-12-01 18:00:00,22.2,22.27,22.2,22.25,292410
2010-12-01 18:30:00,22.25,22.42,22.25,22.38,220631
2010-12-01 19:00:00,22.38,22.42,22.33,22.34,222664
2010-12-01 19:30:00,22.35,22.41,22.34,22.36,178068
2010-12-01 20:00:00,22.37,22.41,22.3,22.32,140946
2010-12-01 20:30:00,22.31,22.35,22.3,22.33,97720
2010-12-01 21:00:00,22.33,22.35,22.28,22.31,163509
2010-12-01 21:30:00,22.32,22.37,22.27,22.37,326248
2010-12-01 22:00:00,22.36,22.47,22.36,22.45,507394
2010-12-01 22:30:00,22.45,22.48,22.37,22.45,650903
2010-12-02 16:30:00,22.45,22.75,22.42,22.62,374631
2010-12-02 17:00:00,22.61,22.72,22.61,22.67,291335
2010-12-02 17:30:00,22.66,22.67,22.59,22.65,358152
2010-12-02 18:00:00,22.65,22.68,22.6,22.65,189511
2010-12-02 18:30:00,22.66,22.71,22.62,22.65,187304
2010-12-02 19:00:00,22.65,22.74,22.64,22.67,122429
2010-12-02 19:30:00,22.67,22.73,22.65,22.65,137373
2010-12-02 20:00:00,22.65,22.7,22.56,22.7,211864
2010-12-02 20:30:00,22.7,22.74,22.63,22.64,161361
2010-12-02 21:00:00,22.64,22.8,22.63,22.79,196845
2010-12-02 21:30:00,22.79,22.89,22.79,22.86,277261
2010-12-02 22:00:00,22.86,22.89,22.83,22.89,300595
2010-12-02 22:30:00,22.88,22.94,22.85,22.88,980096
2010-12-03 16:30:00,22.83,22.95,22.7,22.83,562734
2010-12-03 17:00:00,22.84,22.88,22.68,22.7,409088
2010-12-03 17:30:00,22.71,22.87,22.69,22.87,245116
2010-12-03 18:00:00,22.86,22.89,22.76,22.78,187544
2010-12-03 18:30:00,22.78,22.84,22.76,22.78,82598
2010-12-03 19:00:00,22.78,22.8,22.74,22.75,77452
2010-12-03 19:30:00,22.75,22.81,22.74,22.76,162179
2010-12-03 20:00:00,22.76,22.77,22.74,22.75,162032
2010-12-03 20:30:00,22.75,22.86,22.73,22.86,137741
2010-12-03 21:00:00,22.86,22.89,22.79,22.84,292989
2010-12-03 21:30:00,22.84,22.94,22.83,22.94,95494
2010-12-03 22:00:00,22.94,22.99,22.92,22.99,192510
2010-12-03 22:30:00,22.99,23.09,22.97,23.0,1154842
2010-12-06 16:30:00,22.88,22.99,22.72,22.72,382354
2010-12-06 17:00:00,22.72,22.8,22.7,22.74,392887
2010-12-06 17:30:00,22.75,22.77,22.67,22.68,251453
2010-12-06 18:00:00,22.68,22.8,22.67,22.79,152914
2010-12-06 18:30:00,22.8,22.9,22.77,22.89,143808
2010-12-06 19:00:00,22.89,22.95,22.88,22.89,105850
2010-12-06 19:30:00,22.88,22.92,22.87,22.91,106594
2010-12-06 20:00:00,22.91,22.93,22.84,22.86,148356
2010-12-06 20:30:00,22.86,22.93,22.86,22.89,120418
2010-12-06 21:00:00,22.89,22.91,22.79,22.79,200570
2010-12-06 21:30:00,22.79,22.9,22.79,22.88,147994
2010-12-06 22:00:00,22.87,22.94,22.87,22.93,215320
2010-12-06 22:30:00,22.94,22.94,22.82,22.82,444734
2010-12-07 16:30:00,23.07,23.4,23.07,23.15,818531
2010-12-07 17:00:00,23.15,23.21,23.09,23.09,750353
2010-12-07 17:30:00,23.08,23.09,22.97,22.98,274786
2010-12-07 18:00:00,22.99,23.01,22.96,22.98,267032
2010-12-07 18:30:00,22.99,23.07,22.97,22.97,552620
2010-12-07 19:00:00,22.97,23.14,22.97,23.1,325339
2010-12-07 19:30:00,23.1,23.16,23.1,23.14,290467
2010-12-07 20:00:00,23.14,23.16,23.08,23.09,176247
2010-12-07 20:30:00,23.1,23.11,22.99,22.99,185823
2010-12-07 21:00:00,23.0,23.03,22.98,23.0,179459
2010-12-07 21:30:00,22.99,23.09,22.97,22.97,243389
2010-12-07 22:00:00,22.97,23.03,22.94,22.96,751456
2010-12-07 22:30:00,22.96,23.01,22.94,22.97,702399
2010-12-08 16:30:00,22.97,23.13,22.95,23.0,275419
2010-12-08 17:00:00,23.0,23.05,22.95,23.04,294524
2010-12-08 17:30:00,23.03,23.07,22.71,22.99,407202
2010-12-08 18:00:00,22.99,23.0,22.96,22.99,253177
2010-12-08 18:30:00,22.98,23.1,22.96,23.07,476599
2010-12-08 19:00:00,23.07,23.18,23.06,23.1,295930
2010-12-08 19:30:00,23.1,23.1,22.99,22.99,331862
2010-12-08 20:00:00,23.0,23.07,22.99,23.04,246337
2010-12-08 20:30:00,23.04,23.12,23.04,23.09,207441
2010-12-08 21:00:00,23.09,23.1,23.03,23.06,148905
2010-12-08 21:30:00,23.07,23.11,23.03,23.09,493735
2010-12-08 22:00:00,23.08,23.08,22.96,22.97,225690
2010-12-08 22:30:00,22.97,23.11,22.96,23.08,1039803
2010-12-09 16:30:00,23.27,23.35,23.07,23.18,585957
2010-12-09 17:00:00,23.18,23.34,23.03,23.05,491112
2010-12-09 17:30:00,23.06,23.14,23.05,23.11,156640
2010-12-09 18:00:00,23.11,23.17,23.05,23.14,213553
2010-12-09 18:30:00,23.13,23.15,23.05,23.11,240356
2010-12-09 19:00:00,23.1,23.12,23.03,23.09,239279
2010-12-09 19:30:00,23.09,23.15,23.09,23.1,205055
2010-12-09 20:00:00,23.11,23.13,23.05,23.08,194379
2010-12-09 20:30:00,23.08,23.11,23.01,23.11,219859
2010-12-09 21:00:00,23.1,23.11,23.04,23.07,189182
2010-12-09 21:30:00,23.08,23.18,23.06,23.17,206426
2010-12-09 22:00:00,23.16,23.24,23.14,23.2,489199
2010-12-09 22:30:00,23.2,23.21,23.14,23.17,1041842
2010-12-10 16:30:00,23.19,23.21,22.88,23.0,1002379
2010-12-10 17:00:00,23.0,23.11,22.93,23.1,270141
2010-12-10 17:30:00,23.09,23.12,23.01,23.02,216089
2010-12-10 18:00:00,23.03,23.11,23.01,23.11,148711
2010-12-10 18:30:00,23.11,23.18,23.11,23.16,256961
2010-12-10 19:00:00,23.17,23.19,23.12,23.16,266423
2010-12-10 19:30:00,23.16,23.21,23.13,23.17,217775
2010-12-10 20:00:00,23.18,23.24,23.17,23.18,141514
2010-12-10 20:30:00,23.19,23.2,23.17,23.19,110586
2010-12-10 21:00:00,23.19,23.34,23.18,23.26,139037
2010-12-10 21:30:00,23.25,23.39,23.23,23.32,307360
2010-12-10 22:00:00,23.32,23.35,23.18,23.29,604952
2010-12-10 22:30:00,23.28,23.3,23.19,23.2,488789
2010-12-13 16:30:00,23.28,23.31,23.07,23.16,258588
2010-12-13 17:00:00,23.16,23.21,23.11,23.11,139602
2010-12-13 17:30:00,23.12,23.17,23.06,23.15,242665
2010-12-13 18:00:00,23.15,23.15,23.03,23.03,219411
2010-12-13 18:30:00,23.03,23.1,23.02,23.09,144217
2010-12-13 19:00:00,23.08,23.09,22.92,22.96,224249
2010-12-13 19:30:00,22.97,23.02,22.97,22.99,141420
2010-12-13 20:00:00,23.0,23.03,22.93,23.03,141145
2010-12-13 20:30:00,23.03,23.1,23.02,23.09,128378
2010-12-13 21:00:00,23.09,23.16,23.08,23.15,97897
2010-12-13 21:30:00,23.15,23.16,23.13,23.16,156021
2010-12-13 22:00:00,23.15,23.15,23.08,23.09,229823
2010-12-13 22:30:00,23.09,23.16,23.03,23.05,514152
2010-12-14 16:30:00,23.1,23.17,22.82,22.83,348105
2010-12-14 17:00:00,22.83,22.95,22.83,22.9,450128
2010-12-14 17:30:00,22.9,22.95,22.82,22.82,157088
2010-12-14 18:00:00,22.83,22.88,22.77,22.88,218329
2010-12-14 18:30:00,22.88,22.99,22.85,22.88,161305
2010-12-14 19:00:00,22.88,22.91,22.82,22.83,36648
2010-12-14 19:30:00,22.83,22.89,22.8,22.89,39335
2010-12-14 20:00:00,22.89,22.9,22.86,22.88,35101
2010-12-14 20:30:00,22.88,22.92,22.86,22.91,31515
2010-12-14 21:00:00,22.9,22.99,22.85,22.89,151519
2010-12-14 21:30:00,22.89,22.95,22.83,22.87,83432
2010-12-14 22:00:00,22.87,22.87,22.76,22.82,139485
2010-12-14 22:30:00,22.82,22.83,22.68,22.81,383058
2010-12-15 16:30:00,22.75,23.0,22.75,22.98,159994
2010-12-15 17:00:00,22.98,23.0,22.84,23.0,293627
2010-12-15 17:30:00,23.0,23.01,22.78,22.88,406377
2010-12-15 18:00:00,22.87,23.05,22.85,23.04,196799
2010-12-15 18:30:00,23.04,23.08,22.96,22.99,421863
2010-12-15 19:00:00,22.99,23.03,22.94,22.97,275605
2010-12-15 19:30:00,22.97,22.98,22.72,22.76,173584
2010-12-15 20:00:00,22.76,22.79,22.66,22.68,230222
2010-12-15 20:30:00,22.69,22.76,22.68,22.75,141656
2010-12-15 21:00:00,22.75,22.82,22.67,22.67,114631
2010-12-15 21:30:00,22.68,22.68,22.6,22.64,209289
2010-12-15 22:00:00,22.63,22.8,22.6,22.79,139767
2010-12-15 22:30:00,22.78,22.83,22.64,22.66,430090
2010-12-16 16:30:00,22.73,22.73,22.4,22.4,194738
2010-12-16 17:00:00,22.42,22.59,22.41,22.45,181484
2010-12-16 17:30:00,22.45,22.5,22.4,22.45,326377
2010-12-16 18:00:00,22.45,22.65,22.45,22.63,139859
2010-12-16 18:30:00,22.62,22.65,22.54,22.62,84426
2010-12-16 19:00:00,22.61,22.63,22.52,22.56,60982
2010-12-16 19:30:00,22.56,22.69,22.56,22.62,86512
2010-12-16 20:00:00,22.63,22.72,22.61,22.7,172877
2010-12-16 20:30:00,22.7,22.71,22.61,22.65,150760
2010-12-16 21:00:00,22.66,22.67,22.57,22.61,86138
2010-12-16 21:30:00,22.62,22.66,22.58,22.61,89411
2010-12-16 22:00:00,22.61,22.71,22.59,22.62,226088
2010-12-16 22:30:00,22.62,22.65,22.54,22.58,617310
2010-12-17 16:30:00,22.65,22.69,22.55,22.62,988685
2010-12-17 17:00:00,22.62,22.69,22.6,22.61,189643
2010-12-17 17:30:00,22.62,22.77,22.62,22.77,200422
2010-12-17 18:00:00,22.77,22.78,22.71,22.74,180702
2010-12-17 18:30:00,22.75,22.8,22.74,22.79,160232
2010-12-17 19:00:00,22.8,22.81,22.75,22.76,121662
2010-12-17 19:30:00,22.76,22.79,22.69,22.69,183777
2010-12-17 20:00:00,22.69,22.83,22.69,22.82,138296
2010-12-17 20:30:00,22.83,22.83,22.78,22.79,126883
2010-12-17 21:00:00,22.79,22.81,22.77,22.79,135900
2010-12-17 21:30:00,22.79,22.87,22.79,22.87,167505
2010-12-17 22:00:00,22.85,22.9,22.81,22.82,388469
2010-12-17 22:30:00,22.81,22.83,22.75,22.8,429917
2010-12-20 16:30:00,23.02,23.04,22.78,22.85,340526
2010-12-20 17:00:00,22.84,22.87,22.68,22.7,180182
2010-12-20 17:30:00,22.7,22.73,22.62,22.62,152739
2010-12-20 18:00:00,22.61,22.69,22.55,22.69,152718
2010-12-20 18:30:00,22.69,22.78,22.68,22.74,90567
2010-12-20 19:00:00,22.74,22.76,22.71,22.74,50547
2010-12-20 19:30:00,22.74,22.77,22.73,22.75,107659
2010-12-20 20:00:00,22.75,22.77,22.7,22.74,133823
2010-12-20 20:30:00,22.74,22.77,22.72,22.75,58568
2010-12-20 21:00:00,22.75,22.84,22.74,22.75,112442
2010-12-20 21:30:00,22.75,22.79,22.71,22.75,143478
2010-12-20 22:00:00,22.75,22.77,22.71,22.75,118619
2010-12-20 22:30:00,22.74,22.84,22.72,22.81,267242
2010-12-21 16:30:00,22.92,23.43,22.92,23.43,513360
2010-12-21 17:00:00,23.43,23.58,23.34,23.42,451721
2010-12-21 17:30:00,23.42,23.51,23.41,23.5,525315
2010-12-21 18:00:00,23.5,23.51,23.4,23.49,133631
2010-12-21 18:30:00,23.49,23.5,23.44,23.46,154447
2010-12-21 19:00:00,23.46,23.51,23.45,23.49,305492
2010-12-21 19:30:00,23.49,23.51,23.45,23.47,241257
2010-12-21 20:00:00,23.46,23.5,23.44,23.47,157389
2010-12-21 20:30:00,23.47,23.51,23.45,23.51,302943
2010-12-21 21:00:00,23.51,23.57,23.5,23.55,285019
2010-12-21 21:30:00,23.55,23.57,23.51,23.52,122160
2010-12-21 22:00:00,23.52,23.55,23.49,23.54,280222
2010-12-21 22:30:00,23.54,23.63,23.53,23.58,801017
2010-12-22 16:30:00,23.67,23.83,23.62,23.83,488774
2010-12-22 17:00:00,23.82,23.91,23.73,23.8,266050
2010-12-22 17:30:00,23.79,23.81,23.76,23.8,222981
2010-12-22 18:00:00,23.8,23.81,23.76,23.78,203040
2010-12-22 18:30:00,23.77,23.79,23.75,23.78,208570
2010-12-22 19:00:00,23.77,23.78,23.74,23.75,147149
2010-12-22 19:30:00,23.75,23.77,23.73,23.76,109123
2010-12-22 20:00:00,23.76,23.77,23.72,23.76,131356
2010-12-22 20:30:00,23.76,23.77,23.63,23.66,222509
2010-12-22 21:00:00,23.66,23.77,23.65,23.71,214979
2010-12-22 21:30:00,23.71,23.76,23.7,23.7,137386
2010-12-22 22:00:00,23.7,23.74,23.67,23.73,232110
2010-12-22 22:30:00,23.72,23.78,23.72,23.75,574764
2010-12-23 16:30:00,23.67,23.75,23.63,23.68,125846
2010-12-23 17:00:00,23.68,23.7,23.56,23.59,74076
2010-12-23 17:30:00,23.6,23.62,23.53,23.6,93504
2010-12-23 18:00:00,23.6,23.65,23.58,23.64,58014
2010-12-23 18:30:00,23.64,23.69,23.61,23.63,87848
2010-12-23 19:00:00,23.63,23.65,23.57,23.57,42270
2010-12-23 19:30:00,23.57,23.59,23.51,23.52,65777
2010-12-23 20:00:00,23.52,23.58,23.51,23.57,76401
2010-12-23 20:30:00,23.57,23.62,23.54,23.6,64249
2010-12-23 21:00:00,23.6,23.63,23.57,23.58,82659
2010-12-23 21:30:00,23.58,23.67,23.57,23.66,121531
2010-12-23 22:00:00,23.67,23.71,23.65,23.66,116768
2010-12-23 22:30:00,23.66,23.69,23.62,23.66,223805
2010-12-27 16:30:00,23.51,23.64,23.46,23.53,97058
2010-12-27 17:00:00,23.54,23.61,23.54,23.6,71563
2010-12-27 17:30:00,23.59,23.62,23.57,23.59,39073
2010-12-27 18:00:00,23.59,23.64,23.58,23.64,48146
2010-12-27 18:30:00,23.63,23.67,23.54,23.55,105653
2010-12-27 19:00:00,23.55,23.63,23.54,23.6,40400
2010-12-27 19:30:00,23.6,23.66,23.59,23.65,50440
2010-12-27 20:00:00,23.65,23.68,23.61,23.67,74606
2010-12-27 20:30:00,23.66,23.7,23.65,23.67,42667
2010-12-27 21:00:00,23.67,23.7,23.66,23.67,50705
2010-12-27 21:30:00,23.67,23.71,23.62,23.62,66535
2010-12-27 22:00:00,23.63,23.69,23.62,23.67,80196
2010-12-27 22:30:00,23.67,23.73,23.63,23.73,235307
2010-12-28 16:30:00,23.76,23.8,23.61,23.65,113869
2010-12-28 17:00:00,23.64,23.69,23.53,23.62,72817
2010-12-28 17:30:00,23.62,23.67,23.57,23.64,37344
2010-12-28 18:00:00,23.64,23.67,23.59,23.61,66726
2010-12-28 18:30:00,23.61,23.62,23.54,23.55,173114
2010-12-28 19:00:00,23.55,23.56,23.49,23.53,69906
2010-12-28 19:30:00,23.53,23.53,23.5,23.52,30489
2010-12-28 20:00:00,23.52,23.55,23.47,23.48,71875
2010-12-28 20:30:00,23.48,23.54,23.48,23.52,61605
2010-12-28 21:00:00,23.53,23.58,23.52,23.57,79248
2010-12-28 21:30:00,23.57,23.65,23.56,23.62,91147
2010-12-28 22:00:00,23.63,23.71,23.59,23.7,309592
2010-12-28 22:30:00,23.69,23.79,23.68,23.7,336437
2010-12-29 16:30:00,23.76,23.76,23.63,23.72,85784
2010-12-29 17:00:00,23.72,23.76,23.72,23.72,45755
2010-12-29 17:30:00,23.73,23.81,23.72,23.81,54461
2010-12-29 18:00:00,23.81,23.84,23.8,23.84,40213
2010-12-29 18:30:00,23.83,23.84,23.8,23.8,22871
2010-12-29 19:00:00,23.81,23.82,23.8,23.82,40106
2010-12-29 19:30:00,23.81,23.83,23.8,23.81,31683
2010-12-29 20:00:00,23.81,23.86,23.8,23.85,47334
2010-12-29 20:30:00,23.85,23.86,23.77,23.79,38107
2010-12-29 21:00:00,23.79,23.84,23.79,23.81,48391
2010-12-29 21:30:00,23.81,23.81,23.74,23.78,95143
2010-12-29 22:00:00,23.78,23.81,23.77,23.8,70506
2010-12-29 22:30:00,23.79,23.82,23.74,23.76,271343
2010-12-30 16:30:00,23.65,23.79,23.6,23.64,119798
2010-12-30 17:00:00,23.64,23.66,23.46,23.55,114741
2010-12-30 17:30:00,23.54,23.67,23.54,23.64,63704
2010-12-30 18:00:00,23.64,23.69,23.62,23.65,60829
2010-12-30 18:30:00,23.65,23.66,23.57,23.58,40251
2010-12-30 19:00:00,23.58,23.62,23.57,23.61,46293
2010-12-30 19:30:00,23.61,23.62,23.56,23.6,69585
2010-12-30 20:00:00,23.6,23.65,23.59,23.64,67069
2010-12-30 20:30:00,23.64,23.69,23.64,23.69,88429
2010-12-30 21:00:00,23.68,23.7,23.67,23.68,69503
2010-12-30 21:30:00,23.68,23.7,23.68,23.69,54362
2010-12-30 22:00:00,23.68,23.72,23.67,23.71,84235
2010-12-30 22:30:00,23.71,23.73,23.63,23.68,355273
2010-12-31 16:30:00,23.64,23.74,23.6,23.74,102595
2010-12-31 17:00:00,23.73,23.8,23.72,23.8,121144
2010-12-31 17:30:00,23.8,23.9,23.79,23.9,114823
2010-12-31 18:00:00,23.9,24.0,23.89,24.0,162745
2010-12-31 18:30:00,23.99,24.01,23.96,23.97,81164
2010-12-31 19:00:00,23.97,23.99,23.97,23.98,64018
2010-12-31 19:30:00,23.98,24.07,23.97,24.06,275418
2010-12-31 20:00:00,24.06,24.34,24.06,24.26,524357
2010-12-31 20:30:00,24.25,24.26,24.06,24.09,184535
2010-12-31 21:00:00,24.1,24.12,24.07,24.07,132097
2010-12-31 21:30:00,24.08,24.12,24.07,24.09,292907
2010-12-31 22:00:00,24.09,24.12,24.03,24.08,228890
2010-12-31 22:30:00,24.08,24.12,24.01,24.05,515008
2011-01-03 16:30:00,24.24,24.5,24.24,24.43,463987
2011-01-03 17:00:00,24.44,24.47,24.4,24.45,301574
2011-01-03 17:30:00,24.45,24.51,24.44,24.48,467506
2011-01-03 18:00:00,24.48,24.62,24.46,24.57,285404
2011-01-03 18:30:00,24.57,24.69,24.55,24.69,198968
2011-01-03 19:00:00,24.69,24.72,24.6,24.63,276792
2011-01-03 19:30:00,24.63,24.66,24.57,24.65,269961
2011-01-03 20:00:00,24.64,24.64,24.5,24.56,179535
2011-01-03 20:30:00,24.56,24.58,24.55,24.55,203595
2011-01-03 21:00:00,24.56,24.6,24.54,24.58,369752
2011-01-03 21:30:00,24.58,24.59,24.5,24.5,271144
2011-01-03 22:00:00,24.51,24.51,24.42,24.44,345012
2011-01-03 22:30:00,24.44,24.49,24.43,24.45,763608
2011-01-04 16:30:00,24.39,24.44,24.13,24.28,435611
2011-01-04 17:00:00,24.27,24.33,24.19,24.27,255587
2011-01-04 17:30:00,24.28,24.37,24.21,24.23,156395
2011-01-04 18:00:00,24.24,24.32,24.21,24.26,296816
2011-01-04 18:30:00,24.27,24.32,24.24,24.29,638072
2011-01-04 19:00:00,24.3,24.34,24.28,24.31,297047
2011-01-04 19:30:00,24.31,24.32,24.27,24.31,299713
2011-01-04 20:00:00,24.3,24.46,24.3,24.46,302759
2011-01-04 20:30:00,24.46,24.49,24.34,24.34,227940
2011-01-04 21:00:00,24.35,24.45,24.34,24.43,416285
2011-01-04 21:30:00,24.44,24.55,24.43,24.44,715667
2011-01-04 22:00:00,24.44,24.45,24.38,24.41,412409
2011-01-04 22:30:00,24.4,24.43,24.36,24.38,730625
2011-01-05 16:30:00,24.2,24.43,24.18,24.31,305456
2011-01-05 17:00:00,24.32,24.42,24.27,24.36,308455
2011-01-05 17:30:00,24.35,24.41,24.31,24.35,304524
2011-01-05 18:00:00,24.35,24.42,24.33,24.38,505114
2011-01-05 18:30:00,24.39,24.45,24.35,24.36,479937
2011-01-05 19:00:00,24.36,24.4,24.34,24.35,145325
2011-01-05 19:30:00,24.35,24.41,24.34,24.4,246094
2011-01-05 20:00:00,24.4,24.42,24.36,24.42,169780
2011-01-05 20:30:00,24.42,24.44,24.37,24.38,870154
2011-01-05 21:00:00,24.38,24.44,24.37,24.4,838915
2011-01-05 21:30:00,24.4,24.42,24.37,24.4,432102
2011-01-05 22:00:00,24.4,24.41,24.34,24.37,394531
2011-01-05 22:30:00,24.37,24.42,24.34,24.39,815594
2011-01-06 16:30:00,24.45,24.51,24.25,24.29,471847
2011-01-06 17:00:00,24.3,24.48,24.27,24.43,212010
2011-01-06 17:30:00,24.43,24.46,24.31,24.35,186087
2011-01-06 18:00:00,24.34,24.35,24.18,24.33,198671
2011-01-06 18:30:00,24.33,24.36,24.27,24.34,207268
2011-01-06 19:00:00,24.34,24.37,24.28,24.35,125780
2011-01-06 19:30:00,24.33,24.43,24.3,24.39,105826
2011-01-06 20:00:00,24.38,24.42,24.32,24.4,164109
2011-01-06 20:30:00,24.4,24.49,24.39,24.47,235724
2011-01-06 21:00:00,24.46,24.51,24.39,24.42,398753
2011-01-06 21:30:00,24.43,24.43,24.34,24.36,528664
2011-01-06 22:00:00,24.35,24.4,24.32,24.35,392211
2011-01-06 22:30:00,24.36,24.41,24.33,24.35,779783
2011-01-07 16:30:00,24.48,24.5,24.21,24.21,570056
2011-01-07 17:00:00,24.21,24.4,24.2,24.39,189977
2011-01-07 17:30:00,24.4,24.43,24.22,24.31,326732
2011-01-07 18:00:00,24.31,24.32,24.08,24.17,357960
2011-01-07 18:30:00,24.17,24.26,24.13,24.14,250647
2011-01-07 19:00:00,24.14,24.24,24.1,24.13,249288
2011-01-07 19:30:00,24.12,24.12,23.96,24.1,349754
2011-01-07 20:00:00,24.1,24.19,24.04,24.14,208412
2011-01-07 20:30:00,24.14,24.15,24.02,24.05,187510
2011-01-07 21:00:00,24.05,24.14,24.04,24.12,124227
2011-01-07 21:30:00,24.13,24.21,24.09,24.19,184702
2011-01-07 22:00:00,24.18,24.31,24.18,24.29,655664
2011-01-07 22:30:00,24.29,24.38,24.27,24.33,985484
2011-01-10 16:30:00,24.29,24.34,23.94,23.99,558039
2011-01-10 17:00:00,24.0,24.24,23.96,24.24,364995
2011-01-10 17:30:00,24.24,24.38,24.23,24.25,378901
2011-01-10 18:00:00,24.25,24.28,24.15,24.27,264367
2011-01-10 18:30:00,24.26,24.26,24.2,24.21,172866
2011-01-10 19:00:00,24.21,24.26,24.11,24.22,214340
2011-01-10 19:30:00,24.22,24.22,24.14,24.14,121898
2011-01-10 20:00:00,24.14,24.26,24.14,24.23,84686
2011-01-10 20:30:00,24.23,24.31,24.21,24.31,157550
2011-01-10 21:00:00,24.31,24.41,24.29,24.41,322027
2011-01-10 21:30:00,24.39,24.4,24.29,24.31,488332
2011-01-10 22:00:00,24.31,24.39,24.27,24.35,591086
2011-01-10 22:30:00,24.35,24.38,24.25,24.28,1130422
2011-01-11 16:30:00,24.46,24.75,24.4,24.71,437108
2011-01-11 17:00:00,24.71,24.99,24.68,24.88,657522
2011-01-11 17:30:00,24.88,24.9,24.82,24.87,794175
2011-01-11 18:00:00,24.88,24.97,24.86,24.95,543128
2011-01-11 18:30:00,24.95,25.05,24.93,25.03,565522
2011-01-11 19:00:00,25.04,25.08,25.0,25.02,313447
2011-01-11 19:30:00,25.02,25.03,25.0,25.0,298581
2011-01-11 20:00:00,25.0,25.03,24.94,24.98,674359
2011-01-11 20:30:00,24.98,25.0,24.88,24.89,375629
2011-01-11 21:00:00,24.89,24.91,24.83,24.89,422061
2011-01-11 21:30:00,24.89,24.89,24.76,24.78,331211
2011-01-11 22:00:00,24.78,24.87,24.77,24.82,468923
2011-01-11 22:30:00,24.82,24.83,24.73,24.76,1276854
2011-01-12 16:30:00,24.66,24.92,24.39,24.5,699953
2011-01-12 17:00:00,24.49,24.71,24.46,24.68,320446
2011-01-12 17:30:00,24.68,24.69,24.46,24.52,569193
2011-01-12 18:00:00,24.52,24.64,24.34,24.37,758306
2011-01-12 18:30:00,24.37,24.51,24.34,24.49,375891
2011-01-12 19:00:00,24.48,24.52,24.46,24.48,307194
2011-01-12 19:30:00,24.49,24.56,24.46,24.55,564673
2011-01-12 20:00:00,24.55,24.61,24.49,24.56,250563
2011-01-12 20:30:00,24.56,24.82,24.55,24.8,247126
2011-01-12 21:00:00,24.8,24.82,24.71,24.74,471360
2011-01-12 21:30:00,24.73,24.79,24.71,24.72,358182
2011-01-12 22:00:00,24.73,24.76,24.64,24.71,678247
2011-01-12 22:30:00,24.71,24.93,24.71,24.86,1046392
2011-01-13 16:30:00,24.65,24.7,24.41,24.58,716345
2011-01-13 17:00:00,24.59,24.6,24.49,24.55,478645
2011-01-13 17:30:00,24.55,24.59,24.44,24.5,646196
2011-01-13 18:00:00,24.5,24.67,24.5,24.6,175244
2011-01-13 18:30:00,24.6,24.61,24.54,24.55,537292
2011-01-13 19:00:00,24.56,24.58,24.49,24.57,382442
2011-01-13 19:30:00,24.57,24.6,24.53,24.56,309490
2011-01-13 20:00:00,24.55,24.75,24.55,24.68,225752
2011-01-13 20:30:00,24.68,24.78,24.67,24.78,179492
2011-01-13 21:00:00,24.77,24.78,24.64,24.7,452933
2011-01-13 21:30:00,24.7,24.71,24.59,24.66,538236
2011-01-13 22:00:00,24.66,24.72,24.64,24.66,465640
2011-01-13 22:30:00,24.65,24.74,24.6,24.74,1168801
2011-01-14 16:30:00,24.73,25.01,24.55,24.97,317692
2011-01-14 17:00:00,24.99,25.11,24.92,25.05,541648
2011-01-14 17:30:00,25.04,25.18,25.03,25.12,451620
2011-01-14 18:00:00,25.1,25.16,25.03,25.05,343963
2011-01-14 18:30:00,25.06,25.07,24.99,25.0,598599
2011-01-14 19:00:00,25.0,25.04,24.94,24.97,242843
2011-01-14 19:30:00,24.97,25.01,24.92,24.93,223869
2011-01-14 20:00:00,24.93,24.96,24.87,24.9,290080
2011-01-14 20:30:00,24.9,25.0,24.9,25.0,161744
2011-01-14 21:00:00,25.0,25.0,24.89,24.96,727234
2011-01-14 21:30:00,24.96,25.0,24.94,24.97,202719
2011-01-14 22:00:00,24.97,25.0,24.95,24.96,221846
2011-01-14 22:30:00,24.96,25.02,24.95,25.02,919755
2011-01-18 16:30:00,24.69,25.05,24.68,24.91,669140
2011-01-18 17:00:00,24.91,24.98,24.84,24.94,344073
2011-01-18 17:30:00,24.95,24.97,24.78,24.83,686768
2011-01-18 18:00:00,24.83,24.85,24.79,24.82,238683
2011-01-18 18:30:00,24.82,24.86,24.79,24.83,594198
2011-01-18 19:00:00,24.84,25.01,24.83,24.98,619113
2011-01-18 19:30:00,24.98,25.03,24.96,25.0,194796
2011-01-18 20:00:00,25.0,25.03,24.98,25.02,219231
2011-01-18 20:30:00,25.01,25.02,24.93,24.93,243885
2011-01-18 21:00:00,24.94,25.01,24.89,25.0,179198
2011-01-18 21:30:00,25.0,25.01,24.94,25.0,345900
2011-01-18 22:00:00,25.0,25.02,24.97,24.99,720094
2011-01-18 22:30:00,25.0,25.03,24.98,25.0,724180
2011-01-19 16:30:00,25.0,25.11,24.93,25.08,549060
2011-01-19 17:00:00,25.07,25.19,25.0,25.02,345151
2011-01-19 17:30:00,25.02,25.02,24.86,24.91,317778
2011-01-19 18:00:00,24.91,24.93,24.89,24.91,129136
2011-01-19 18:30:00,24.91,24.95,24.86,24.9,194124
2011-01-19 19:00:00,24.9,24.94,24.89,24.9,141344
2011-01-19 19:30:00,24.9,24.9,24.73,24.76,270055
2011-01-19 20:00:00,24.77,24.87,24.7,24.83,225401
2011-01-19 20:30:00,24.83,24.85,24.73,24.79,145989
2011-01-19 21:00:00,24.78,24.88,24.72,24.73,274609
2011-01-19 21:30:00,24.73,24.75,24.57,24.63,301035
2011-01-19 22:00:00,24.61,24.64,24.55,24.63,406293
2011-01-19 22:30:00,24.64,24.65,24.51,24.57,837424
2011-01-20 16:30:00,24.56,24.67,24.28,24.35,426767
2011-01-20 17:00:00,24.37,24.38,24.13,24.18,569833
2011-01-20 17:30:00,24.18,24.23,23.99,24.01,511636
2011-01-20 18:00:00,24.01,24.23,23.96,24.08,566400
2011-01-20 18:30:00,24.08,24.11,24.0,24.03,160483
2011-01-20 19:00:00,24.04,24.16,24.03,24.08,222845
2011-01-20 19:30:00,24.08,24.27,24.07,24.27,446475
2011-01-20 20:00:00,24.26,24.27,24.19,24.2,109652
2011-01-20 20:30:00,24.21,24.26,24.19,24.23,173033
2011-01-20 21:00:00,24.23,24.24,24.16,24.19,460160
2011-01-20 21:30:00,24.19,24.28,24.17,24.25,357989
2011-01-20 22:00:00,24.25,24.25,24.13,24.14,309917
2011-01-20 22:30:00,24.13,24.15,23.91,23.91,1519245
2011-01-21 16:30:00,24.24,24.4,24.18,24.34,796264
2011-01-21 17:00:00,24.33,24.38,24.27,24.29,247015
2011-01-21 17:30:00,24.27,24.36,24.21,24.27,203622
2011-01-21 18:00:00,24.26,24.29,24.09,24.1,360407
2011-01-21 18:30:00,24.11,24.18,24.05,24.11,465708
2011-01-21 19:00:00,24.11,24.15,24.08,24.12,168418
2011-01-21 19:30:00,24.13,24.17,24.07,24.15,140151
2011-01-21 20:00:00,24.14,24.14,24.06,24.07,179989
2011-01-21 20:30:00,24.07,24.1,24.03,24.08,178641
2011-01-21 21:00:00,24.08,24.11,24.03,24.06,139068
2011-01-21 21:30:00,24.06,24.1,23.99,24.01,345167
2011-01-21 22:00:00,24.02,24.02,23.82,23.88,634062
2011-01-21 22:30:00,23.88,23.96,23.87,23.91,898549
2011-01-24 16:30:00,23.93,23.95,23.73,23.8,401653
2011-01-24 17:00:00,23.8,23.86,23.76,23.84,299436
2011-01-24 17:30:00,23.85,23.92,23.78,23.87,308939
2011-01-24 18:00:00,23.86,24.0,23.85,23.99,198332
2011-01-24 18:30:00,24.0,24.04,23.94,24.02,190799
2011-01-24 19:00:00,24.03,24.12,24.03,24.11,135706
2011-01-24 19:30:00,24.12,24.26,24.09,24.16,196091
2011-01-24 20:00:00,24.16,24.19,24.13,24.15,78200
2011-01-24 20:30:00,24.15,24.19,24.14,24.15,99581
2011-01-24 21:00:00,24.16,24.23,24.14,24.21,141279
2011-01-24 21:30:00,24.22,24.28,24.14,24.14,138394
2011-01-24 22:00:00,24.14,24.17,24.07,24.1,147715
2011-01-24 22:30:00,24.09,24.18,24.09,24.1,505003
2011-01-25 16:30:00,24.06,24.19,24.01,24.08,167095
2011-01-25 17:00:00,24.09,24.16,23.92,23.93,216030
2011-01-25 17:30:00,23.92,24.03,23.9,23.93,410575
2011-01-25 18:00:00,23.94,23.94,23.81,23.86,488649
2011-01-25 18:30:00,23.87,23.91,23.78,23.88,214038
2011-01-25 19:00:00,23.88,23.96,23.86,23.95,170933
2011-01-25 19:30:00,23.95,23.98,23.88,23.9,180756
2011-01-25 20:00:00,23.91,23.92,23.85,23.85,102841
2011-01-25 20:30:00,23.85,23.92,23.81,23.9,127289
2011-01-25 21:00:00,23.9,23.92,23.67,23.71,383946
2011-01-25 21:30:00,23.7,23.8,23.68,23.8,251171
2011-01-25 22:00:00,23.8,23.95,23.8,23.91,423602
2011-01-25 22:30:00,23.92,23.94,23.88,23.92,955020
2011-01-26 16:30:00,24.04,24.04,23.67,23.69,283983
2011-01-26 17:00:00,23.7,23.86,23.64,23.8,642255
2011-01-26 17:30:00,23.8,23.87,23.76,23.78,396304
2011-01-26 18:00:00,23.77,23.83,23.7,23.71,265141
2011-01-26 18:30:00,23.71,23.82,23.71,23.79,232558
2011-01-26 19:00:00,23.79,23.83,23.74,23.79,201815
2011-01-26 19:30:00,23.8,23.84,23.79,23.81,169961
2011-01-26 20:00:00,23.82,23.84,23.78,23.8,156504
2011-01-26 20:30:00,23.81,23.84,23.79,23.83,197064
2011-01-26 21:00:00,23.82,23.88,23.76,23.78,418426
2011-01-26 21:30:00,23.78,23.88,23.76,23.85,558029
2011-01-26 22:00:00,23.84,23.96,23.82,23.9,468640
2011-01-26 22:30:00,23.9,23.91,23.78,23.79,858209
2011-01-27 16:30:00,24.23,24.47,23.86,24.26,837295
2011-01-27 17:00:00,24.26,24.49,24.22,24.45,571523
2011-01-27 17:30:00,24.46,24.47,24.29,24.36,469136
2011-01-27 18:00:00,24.36,24.42,24.26,24.33,662311
2011-01-27 18:30:00,24.33,24.46,24.33,24.34,248747
2011-01-27 19:00:00,24.34,24.53,24.33,24.47,329903
2011-01-27 19:30:00,24.46,24.64,24.43,24.59,422969
2011-01-27 20:00:00,24.59,24.83,24.55,24.77,475945
2011-01-27 20:30:00,24.76,24.93,24.71,24.74,470631
2011-01-27 21:00:00,24.73,24.74,24.67,24.67,447795
2011-01-27 21:30:00,24.68,24.8,24.67,24.78,385041
2011-01-27 22:00:00,24.78,24.99,24.75,24.96,1051037
2011-01-27 22:30:00,24.96,24.98,24.75,24.83,1190695
2011-01-28 16:30:00,25.48,25.54,25.09,25.49,1214607
2011-01-28 17:00:00,25.51,25.61,25.21,25.34,1109161
2011-01-28 17:30:00,25.35,25.37,24.96,25.0,1655026
2011-01-28 18:00:00,25.0,25.09,24.89,24.89,299348
2011-01-28 18:30:00,24.89,24.98,24.8,24.88,610248
2011-01-28 19:00:00,24.88,24.91,24.71,24.74,786752
2011-01-28 19:30:00,24.73,24.77,24.7,24.75,710563
2011-01-28 20:00:00,24.75,24.75,24.65,24.68,226751
2011-01-28 20:30:00,24.68,24.77,24.64,24.76,215072
2011-01-28 21:00:00,24.75,24.77,24.63,24.76,346740
2011-01-28 21:30:00,24.77,24.8,24.66,24.75,900517
2011-01-28 22:00:00,24.75,24.78,24.62,24.64,291024
2011-01-28 22:30:00,24.63,24.7,24.6,24.65,1551521
2011-01-31 16:30:00,24.67,24.81,24.43,24.47,425083
2011-01-31 17:00:00,24.47,24.59,24.43,24.55,325140
2011-01-31 17:30:00,24.56,24.65,24.53,24.65,240977
2011-01-31 18:00:00,24.65,24.68,24.6,24.64,470564
2011-01-31 18:30:00,24.64,24.67,24.59,24.63,272544
2011-01-31 19:00:00,24.63,24.67,24.62,24.65,379236
2011-01-31 19:30:00,24.65,24.67,24.55,24.58,291638
2011-01-31 20:00:00,24.58,24.66,24.56,24.58,306484
2011-01-31 20:30:00,24.58,24.67,24.56,24.66,302485
2011-01-31 21:00:00,24.66,24.67,24.59,24.61,260651
2011-01-31 21:30:00,24.61,24.67,24.58,24.63,305144
2011-01-31 22:00:00,24.63,24.72,24.62,24.71,1067036
2011-01-31 22:30:00,24.7,24.79,24.69,24.75,1083079
2011-02-01 16:30:00,24.9,24.93,24.66,24.82,420926
2011-02-01 17:00:00,24.82,24.9,24.75,24.88,343279
2011-02-01 17:30:00,24.88,24.9,24.8,24.85,226912
2011-02-01 18:00:00,24.84,24.91,24.81,24.9,166491
2011-02-01 18:30:00,24.89,25.02,24.87,25.02,278680
2011-02-01 19:00:00,25.02,25.1,24.99,25.03,241739
2011-02-01 19:30:00,25.03,25.29,25.01,25.28,402317
2011-02-01 20:00:00,25.27,25.29,25.2,25.22,212439
2011-02-01 20:30:00,25.22,25.22,25.16,25.17,489718
2011-02-01 21:00:00,25.16,25.21,25.11,25.17,210214
2011-02-01 21:30:00,25.17,25.27,25.12,25.27,602129
2011-02-01 22:00:00,25.27,25.27,25.19,25.26,440397
2011-02-01 22:30:00,25.25,25.34,25.25,25.3,1076758
2011-02-02 16:30:00,25.08,25.29,24.95,25.21,205617
2011-02-02 17:00:00,25.23,25.27,25.16,25.25,240703
2011-02-02 17:30:00,25.25,25.27,25.17,25.19,219117
2011-02-02 18:00:00,25.18,25.23,25.13,25.2,171463
2011-02-02 18:30:00,25.2,25.22,25.14,25.18,198150
2011-02-02 19:00:00,25.17,25.18,25.05,25.05,111029
2011-02-02 19:30:00,25.05,25.14,25.05,25.08,185209
2011-02-02 20:00:00,25.08,25.09,25.01,25.03,137734
2011-02-02 20:30:00,25.03,25.1,25.03,25.1,155136
2011-02-02 21:00:00,25.1,25.13,25.03,25.1,287522
2011-02-02 21:30:00,25.09,25.12,25.07,25.09,149980
2011-02-02 22:00:00,25.09,25.09,24.99,25.0,160003
2011-02-02 22:30:00,24.99,25.02,24.95,25.01,546476
2011-02-03 16:30:00,24.89,25.05,24.67,24.87,267424
2011-02-03 17:00:00,24.87,24.93,24.71,24.8,419247
2011-02-03 17:30:00,24.79,24.88,24.72,24.76,146409
2011-02-03 18:00:00,24.76,24.79,24.69,24.79,116866
2011-02-03 18:30:00,24.79,24.86,24.76,24.8,135315
2011-02-03 19:00:00,24.8,24.86,24.76,24.84,94965
2011-02-03 19:30:00,24.84,24.86,24.73,24.78,120966
2011-02-03 20:00:00,24.79,24.79,24.71,24.73,75597
2011-02-03 20:30:00,24.74,24.75,24.69,24.74,124955
2011-02-03 21:00:00,24.74,24.78,24.69,24.76,106963
2011-02-03 21:30:00,24.76,24.87,24.76,24.85,127567
2011-02-03 22:00:00,24.85,24.96,24.85,24.93,179665
2011-02-03 22:30:00,24.94,25.02,24.92,24.98,597680
2011-02-04 16:30:00,25.09,25.1,24.9,25.08,115891
2011-02-04 17:00:00,25.09,25.46,25.08,25.39,751856
2011-02-04 17:30:00,25.4,25.4,25.13,25.22,182449
2011-02-04 18:00:00,25.21,25.27,25.13,25.26,130553
2011-02-04 18:30:00,25.25,25.4,25.25,25.36,434400
2011-02-04 19:00:00,25.37,25.39,25.29,25.35,97257
2011-02-04 19:30:00,25.35,25.36,25.29,25.29,68541
2011-02-04 20:00:00,25.29,25.36,25.27,25.33,157360
2011-02-04 20:30:00,25.34,25.44,25.31,25.43,134690
2011-02-04 21:00:00,25.42,25.43,25.3,25.34,141048
2011-02-04 21:30:00,25.34,25.41,25.32,25.38,217315
2011-02-04 22:00:00,25.38,25.42,25.27,25.3,196497
2011-02-04 22:30:00,25.31,25.43,25.3,25.37,436006
2011-02-07 16:30:00,25.45,25.62,25.4,25.56,212721
2011-02-07 17:00:00,25.56,25.75,25.54,25.73,259145
2011-02-07 17:30:00,25.72,25.92,25.7,25.87,407907
2011-02-07 18:00:00,25.88,25.88,25.75,25.78,190961
2011-02-07 18:30:00,25.78,25.79,25.68,25.75,168504
2011-02-07 19:00:00,25.75,25.76,25.69,25.74,86867
2011-02-07 19:30:00,25.74,25.75,25.66,25.68,115348
2011-02-07 20:00:00,25.69,25.72,25.64,25.67,120605
2011-02-07 20:30:00,25.67,25.76,25.65,25.73,189840
2011-02-07 21:00:00,25.74,25.78,25.74,25.75,206249
2011-02-07 21:30:00,25.76,25.78,25.61,25.66,179772
2011-02-07 22:00:00,25.65,25.67,25.53,25.57,190390
2011-02-07 22:30:00,25.56,25.62,25.53,25.57,354597
2011-02-08 16:30:00,25.7,25.71,25.34,25.35,256999
2011-02-08 17:00:00,25.35,25.45,25.31,25.39,252897
2011-02-08 17:30:00,25.4,25.4,25.29,25.3,306621
2011-02-08 18:00:00,25.3,25.36,25.27,25.33,273282
2011-02-08 18:30:00,25.33,25.36,25.29,25.34,173285
2011-02-08 19:00:00,25.35,25.36,25.29,25.36,119620
2011-02-08 19:30:00,25.35,25.36,25.28,25.29,261904
2011-02-08 20:00:00,25.29,25.3,25.23,25.25,152786
2011-02-08 20:30:00,25.25,25.31,25.24,25.29,99587
2011-02-08 21:00:00,25.3,25.31,25.26,25.29,181456
2011-02-08 21:30:00,25.29,25.31,25.28,25.3,286396
2011-02-08 22:00:00,25.3,25.36,25.29,25.32,345057
2011-02-08 22:30:00,25.31,25.39,25.3,25.37,489339
2011-02-09 16:30:00,25.3,25.41,25.17,25.26,131144
2011-02-09 17:00:00,25.26,25.27,25.1,25.14,219661
2011-02-09 17:30:00,25.14,25.3,25.11,25.3,179681
2011-02-09 18:00:00,25.29,25.29,24.98,24.99,341585
2011-02-09 18:30:00,25.0,25.22,24.98,25.16,251028
2011-02-09 19:00:00,25.17,25.18,24.96,25.09,251034
2011-02-09 19:30:00,25.1,25.12,25.07,25.08,122518
2011-02-09 20:00:00,25.08,25.15,25.07,25.13,131272
2011-02-09 20:30:00,25.13,25.14,25.06,25.06,108919
2011-02-09 21:00:00,25.05,25.12,25.03,25.06,161854
2011-02-09 21:30:00,25.07,25.08,24.99,25.03,168210
2011-02-09 22:00:00,25.03,25.12,25.03,25.09,237126
2011-02-09 22:30:00,25.09,25.11,25.06,25.09,480000
2011-02-10 16:30:00,25.2,25.2,24.86,24.97,273416
2011-02-10 17:00:00,24.98,25.08,24.94,25.03,328272
2011-02-10 17:30:00,25.04,25.09,24.92,24.93,505508
2011-02-10 18:00:00,24.93,25.13,24.92,25.13,295026
2011-02-10 18:30:00,25.13,25.22,25.06,25.15,552357
2011-02-10 19:00:00,25.15,25.15,25.03,25.09,127120
2011-02-10 19:30:00,25.08,25.13,25.04,25.11,167161
2011-02-10 20:00:00,25.11,25.11,25.04,25.07,174688
2011-02-10 20:30:00,25.08,25.11,25.04,25.04,132422
2011-02-10 21:00:00,25.05,25.17,25.02,25.16,155417
2011-02-10 21:30:00,25.17,25.24,25.14,25.17,126795
2011-02-10 22:00:00,25.17,25.21,25.12,25.18,252682
2011-02-10 22:30:00,25.19,25.27,25.13,25.25,763898
2011-02-11 16:30:00,25.11,25.31,25.01,25.24,249098
2011-02-11 17:00:00,25.26,25.33,25.19,25.32,314188
2011-02-11 17:30:00,25.32,25.62,25.32,25.62,295219
2011-02-11 18:00:00,25.61,25.72,25.59,25.71,424737
2011-02-11 18:30:00,25.72,25.8,25.68,25.77,198963
2011-02-11 19:00:00,25.78,25.83,25.76,25.77,149007
2011-02-11 19:30:00,25.78,25.9,25.78,25.83,146700
2011-02-11 20:00:00,25.84,25.95,25.81,25.92,148872
2011-02-11 20:30:00,25.91,25.95,25.91,25.95,88495
2011-02-11 21:00:00,25.94,25.98,25.92,25.92,277301
2011-02-11 21:30:00,25.93,26.0,25.93,25.96,271972
2011-02-11 22:00:00,25.95,25.97,25.79,25.79,560603
2011-02-11 22:30:00,25.79,25.86,25.72,25.74,657911
2011-02-14 16:30:00,25.77,25.81,25.63,25.65,148868
2011-02-14 17:00:00,25.65,25.72,25.59,25.65,94481
2011-02-14 17:30:00,25.65,25.71,25.58,25.63,148322
2011-02-14 18:00:00,25.63,25.69,25.62,25.68,106201
2011-02-14 18:30:00,25.68,25.73,25.64,25.69,65371
2011-02-14 19:00:00,25.69,25.78,25.68,25.76,73887
2011-02-14 19:30:00,25.77,25.87,25.71,25.86,313716
2011-02-14 20:00:00,25.86,25.9,25.79,25.79,130651
2011-02-14 20:30:00,25.8,25.84,25.79,25.83,79502
2011-02-14 21:00:00,25.82,25.91,25.81,25.88,159043
2011-02-14 21:30:00,25.88,25.96,25.87,25.94,129344
2011-02-14 22:00:00,25.95,25.98,25.93,25.95,273126
2011-02-14 22:30:00,25.95,26.03,25.94,26.0,501306
2011-02-15 16:30:00,25.86,26.31,25.86,26.16,605889
2011-02-15 17:00:00,26.15,26.48,26.13,26.41,741867
2011-02-15 17:30:00,26.41,26.42,26.2,26.24,244221
2011-02-15 18:00:00,26.25,26.38,26.23,26.38,477407
2011-02-15 18:30:00,26.37,26.4,26.3,26.33,172378
2011-02-15 19:00:00,26.33,26.44,26.32,26.35,136838
2011-02-15 19:30:00,26.36,26.42,26.35,26.35,126022
2011-02-15 20:00:00,26.36,26.38,26.34,26.35,153351
2011-02-15 20:30:00,26.34,26.42,26.34,26.42,143675
2011-02-15 21:00:00,26.41,26.44,26.35,26.36,304263
2011-02-15 21:30:00,26.36,26.44,26.35,26.39,220566
2011-02-15 22:00:00,26.4,26.5,26.38,26.5,337346
2011-02-15 22:30:00,26.49,26.55,26.45,26.51,912215
2011-02-16 16:30:00,26.58,26.88,26.58,26.77,266841
2011-02-16 17:00:00,26.77,26.96,26.72,26.87,359232
2011-02-16 17:30:00,26.86,26.99,26.84,26.96,447711
2011-02-16 18:00:00,26.96,27.08,26.94,27.01,577680
2011-02-16 18:30:00,27.0,27.1,26.99,27.1,374697
2011-02-16 19:00:00,27.1,27.11,26.94,27.0,648560
2011-02-16 19:30:00,27.01,27.09,27.0,27.08,252374
2011-02-16 20:00:00,27.09,27.3,27.04,27.27,461981
2011-02-16 20:30:00,27.26,27.29,27.22,27.27,514005
2011-02-16 21:00:00,27.27,27.31,27.12,27.15,515978
2011-02-16 21:30:00,27.16,27.26,27.15,27.22,456739
2011-02-16 22:00:00,27.22,27.39,27.21,27.35,798305
2011-02-16 22:30:00,27.34,27.39,27.3,27.37,1000331
2011-02-17 16:30:00,27.19,27.35,27.17,27.32,631924
2011-02-17 17:00:00,27.33,27.43,27.31,27.38,707593
2011-02-17 17:30:00,27.38,27.4,27.22,27.23,583884
2011-02-17 18:00:00,27.24,27.41,27.24,27.38,441598
2011-02-17 18:30:00,27.38,27.42,27.33,27.36,540550
2011-02-17 19:00:00,27.37,27.37,27.28,27.36,386095
2011-02-17 19:30:00,27.35,27.42,27.34,27.37,497693
2011-02-17 20:00:00,27.37,27.41,27.3,27.4,479156
2011-02-17 20:30:00,27.4,27.41,27.35,27.39,199378
2011-02-17 21:00:00,27.39,27.45,27.39,27.4,439115
2011-02-17 21:30:00,27.4,27.43,27.37,27.42,524478
2011-02-17 22:00:00,27.41,27.42,27.39,27.4,341722
2011-02-17 22:30:00,27.4,27.43,27.39,27.4,723019
2011-02-18 16:30:00,27.44,27.5,27.22,27.46,570728
2011-02-18 17:00:00,27.46,27.5,27.38,27.42,278351
2011-02-18 17:30:00,27.42,27.46,27.4,27.42,244592
2011-02-18 18:00:00,27.42,27.47,27.4,27.45,811753
2011-02-18 18:30:00,27.45,27.49,27.39,27.41,355290
2011-02-18 19:00:00,27.4,27.44,27.34,27.44,193521
2011-02-18 19:30:00,27.44,27.47,27.37,27.4,149594
2011-02-18 20:00:00,27.4,27.41,27.38,27.39,201010
2011-02-18 20:30:00,27.39,27.39,27.25,27.33,213437
2011-02-18 21:00:00,27.34,27.36,27.25,27.26,280591
2011-02-18 21:30:00,27.26,27.36,27.23,27.28,215776
2011-02-18 22:00:00,27.28,27.33,27.25,27.31,232646
2011-02-18 22:30:00,27.29,27.36,27.23,27.35,714459
2011-02-22 16:30:00,26.93,27.1,26.79,27.1,523418
2011-02-22 17:00:00,27.11,27.12,26.92,26.95,400036
2011-02-22 17:30:00,26.95,26.95,26.81,26.82,279744
2011-02-22 18:00:00,26.83,26.92,26.74,26.75,286271
2011-02-22 18:30:00,26.76,26.77,26.6,26.64,345024
2011-02-22 19:00:00,26.64,26.64,26.56,26.57,197805
2011-02-22 19:30:00,26.58,26.58,26.36,26.38,360317
2011-02-22 20:00:00,26.37,26.45,26.3,26.33,290495
2011-02-22 20:30:00,26.33,26.34,26.24,26.33,187959
2011-02-22 21:00:00,26.34,26.36,26.2,26.26,263238
2011-02-22 21:30:00,26.25,26.38,26.24,26.28,312333
2011-02-22 22:00:00,26.28,26.31,26.12,26.13,368142
2011-02-22 22:30:00,26.13,26.2,26.09,26.15,881760
2011-02-23 16:30:00,26.17,26.43,26.06,26.1,370616
2011-02-23 17:00:00,26.11,26.13,25.87,25.88,336205
2011-02-23 17:30:00,25.88,25.91,25.81,25.87,516612
2011-02-23 18:00:00,25.87,25.88,25.81,25.83,369130
2011-02-23 18:30:00,25.83,25.85,25.62,25.66,226623
2011-02-23 19:00:00,25.66,25.68,25.45,25.52,233195
2011-02-23 19:30:00,25.52,25.54,25.44,25.46,242328
2011-02-23 20:00:00,25.47,25.53,25.36,25.49,182496
2011-02-23 20:30:00,25.49,25.51,25.42,25.5,325320
2011-02-23 21:00:00,25.5,25.68,25.49,25.6,325976
2011-02-23 21:30:00,25.6,25.81,25.56,25.8,591057
2011-02-23 22:00:00,25.8,25.89,25.75,25.81,451446
2011-02-23 22:30:00,25.8,25.85,25.68,25.73,810721
2011-02-24 16:30:00,25.64,25.73,25.42,25.69,492810
2011-02-24 17:00:00,25.68,25.78,25.53,25.77,495647
2011-02-24 17:30:00,25.77,25.85,25.67,25.68,406190
2011-02-24 18:00:00,25.67,25.72,25.59,25.67,270592
2011-02-24 18:30:00,25.67,25.68,25.47,25.54,167919
2011-02-24 19:00:00,25.54,25.58,25.34,25.35,142288
2011-02-24 19:30:00,25.36,25.46,25.31,25.44,160814
2011-02-24 20:00:00,25.43,25.51,25.35,25.36,157791
2011-02-24 20:30:00,25.36,25.44,25.24,25.26,276064
2011-02-24 21:00:00,25.26,25.53,25.25,25.47,243198
2011-02-24 21:30:00,25.47,25.58,25.42,25.49,276340
2011-02-24 22:00:00,25.49,25.58,25.46,25.49,691373
2011-02-24 22:30:00,25.49,25.65,25.49,25.63,885730
2011-02-25 16:30:00,25.82,25.96,25.75,25.94,211369
2011-02-25 17:00:00,25.94,26.12,25.94,26.01,212088
2011-02-25 17:30:00,26.01,26.16,25.99,26.01,218733
2011-02-25 18:00:00,26.0,26.04,25.89,25.9,208230
2011-02-25 18:30:00,25.9,25.97,25.87,25.93,265528
2011-02-25 19:00:00,25.93,26.13,25.92,26.11,192942
2011-02-25 19:30:00,26.11,26.19,26.06,26.16,240827
2011-02-25 20:00:00,26.15,26.24,26.15,26.18,125372
2011-02-25 20:30:00,26.17,26.27,26.15,26.2,197272
2011-02-25 21:00:00,26.19,26.29,26.17,26.27,202163
2011-02-25 21:30:00,26.27,26.31,26.21,26.29,237877
2011-02-25 22:00:00,26.29,26.37,26.26,26.35,370428
2011-02-25 22:30:00,26.34,26.48,26.28,26.39,903505
2011-02-28 16:30:00,26.34,26.73,26.27,26.68,536271
2011-02-28 17:00:00,26.68,26.91,26.67,26.78,453426
2011-02-28 17:30:00,26.78,26.78,26.68,26.76,289668
2011-02-28 18:00:00,26.76,26.9,26.73,26.75,561487
2011-02-28 18:30:00,26.75,26.77,26.69,26.76,327512
2011-02-28 19:00:00,26.76,26.87,26.66,26.8,282751
2011-02-28 19:30:00,26.8,26.96,26.8,26.85,425148
2011-02-28 20:00:00,26.85,26.86,26.61,26.67,364754
2011-02-28 20:30:00,26.66,26.71,26.61,26.7,400717
2011-02-28 21:00:00,26.7,26.88,26.69,26.82,356842
2011-02-28 21:30:00,26.82,26.91,26.82,26.88,278191
2011-02-28 22:00:00,26.88,26.9,26.81,26.88,239716
2011-02-28 22:30:00,26.88,26.91,26.82,26.85,817798
2011-03-01 16:30:00,26.79,26.94,26.49,26.62,340486
2011-03-01 17:00:00,26.6,26.69,26.24,26.25,523355
2011-03-01 17:30:00,26.25,26.55,26.13,26.53,341124
2011-03-01 18:00:00,26.52,26.57,26.33,26.33,230171
2011-03-01 18:30:00,26.34,26.44,26.25,26.3,286373
2011-03-01 19:00:00,26.3,26.31,26.22,26.25,307788
2011-03-01 19:30:00,26.25,26.3,26.23,26.24,201603
2011-03-01 20:00:00,26.24,26.25,26.0,26.04,478018
2011-03-01 20:30:00,26.05,26.09,25.93,25.99,303122
2011-03-01 21:00:00,25.99,26.01,25.84,25.86,381349
2011-03-01 21:30:00,25.85,26.04,25.82,25.97,261144
2011-03-01 22:00:00,25.98,26.11,25.93,26.04,397456
2011-03-01 22:30:00,26.04,26.12,25.94,25.97,818982
2011-03-02 16:30:00,25.84,25.88,25.39,25.69,627121
2011-03-02 17:00:00,25.69,25.77,25.52,25.6,364249
2011-03-02 17:30:00,25.6,25.75,25.55,25.68,329636
2011-03-02 18:00:00,25.68,25.79,25.66,25.67,295962
2011-03-02 18:30:00,25.66,25.75,25.6,25.6,504514
2011-03-02 19:00:00,25.59,25.76,25.54,25.68,231607
2011-03-02 19:30:00,25.68,25.88,25.68,25.87,146669
2011-03-02 20:00:00,25.88,25.93,25.79,25.9,214202
2011-03-02 20:30:00,25.9,25.93,25.82,25.87,173032
2011-03-02 21:00:00,25.88,26.05,25.87,26.02,369526
2011-03-02 21:30:00,26.02,26.15,26.01,26.1,264253
2011-03-02 22:00:00,26.11,26.18,26.05,26.05,455396
2011-03-02 22:30:00,26.05,26.15,26.05,26.13,958468
2011-03-03 16:30:00,26.43,26.96,26.36,26.83,373035
2011-03-03 17:00:00,26.83,26.91,26.64,26.68,435873
2011-03-03 17:30:00,26.68,26.93,26.61,26.84,209844
2011-03-03 18:00:00,26.85,26.91,26.81,26.87,226111
2011-03-03 18:30:00,26.88,26.96,26.84,26.87,267863
2011-03-03 19:00:00,26.87,26.9,26.81,26.87,223867
2011-03-03 19:30:00,26.87,27.06,26.87,27.04,363668
2011-03-03 20:00:00,27.04,27.1,26.97,27.09,212908
2011-03-03 20:30:00,27.07,27.15,27.06,27.13,289003
2011-03-03 21:00:00,27.13,27.23,27.12,27.17,224461
2011-03-03 21:30:00,27.18,27.27,27.11,27.26,177300
2011-03-03 22:00:00,27.26,27.28,27.12,27.15,341441
2011-03-03 22:30:00,27.15,27.26,27.11,27.19,871531
2011-03-04 16:30:00,27.18,27.19,26.88,26.99,216570
2011-03-04 17:00:00,26.97,27.0,26.52,26.62,259310
2011-03-04 17:30:00,26.62,26.74,26.6,26.69,179079
2011-03-04 18:00:00,26.7,26.74,26.6,26.63,147927
2011-03-04 18:30:00,26.63,26.74,26.56,26.57,154363
2011-03-04 19:00:00,26.57,26.61,26.39,26.44,116614
2011-03-04 19:30:00,26.45,26.5,26.38,26.45,91266
2011-03-04 20:00:00,26.46,26.51,26.37,26.38,132372
2011-03-04 20:30:00,26.39,26.51,26.38,26.48,221817
2011-03-04 21:00:00,26.49,26.53,26.42,26.51,181794
2011-03-04 21:30:00,26.51,26.55,26.46,26.54,112164
2011-03-04 22:00:00,26.54,26.6,26.43,26.44,267491
2011-03-04 22:30:00,26.44,26.65,26.38,26.63,630076
2011-03-07 16:30:00,26.67,26.87,26.55,26.8,171096
2011-03-07 17:00:00,26.82,26.85,26.56,26.74,159609
2011-03-07 17:30:00,26.74,26.74,26.41,26.43,207299
2011-03-07 18:00:00,26.42,26.43,26.28,26.31,150829
2011-03-07 18:30:00,26.3,26.35,26.15,26.22,135815
2011-03-07 19:00:00,26.21,26.3,26.13,26.18,124616
2011-03-07 19:30:00,26.18,26.25,26.11,26.13,161613
2011-03-07 20:00:00,26.13,26.16,26.04,26.13,160926
2011-03-07 20:30:00,26.13,26.21,26.08,26.13,153423
2011-03-07 21:00:00,26.14,26.25,26.08,26.17,133044
2011-03-07 21:30:00,26.16,26.21,26.11,26.18,91027
2011-03-07 22:00:00,26.17,26.32,26.14,26.29,181935
2011-03-07 22:30:00,26.28,26.36,26.15,26.19,653880
2011-03-08 16:30:00,26.21,26.43,26.0,26.29,205011
2011-03-08 17:00:00,26.3,26.6,26.29,26.59,248911
2011-03-08 17:30:00,26.58,26.61,26.47,26.52,114171
2011-03-08 18:00:00,26.52,26.68,26.5,26.68,122514
2011-03-08 18:30:00,26.68,26.71,26.55,26.71,126334
2011-03-08 19:00:00,26.7,26.71,26.59,26.64,81334
2011-03-08 19:30:00,26.63,26.64,26.51,26.54,84199
2011-03-08 20:00:00,26.53,26.62,26.53,26.62,64796
2011-03-08 20:30:00,26.62,26.67,26.6,26.66,72324
2011-03-08 21:00:00,26.66,26.67,26.53,26.57,99208
2011-03-08 21:30:00,26.57,26.58,26.47,26.53,218277
2011-03-08 22:00:00,26.53,26.54,26.46,26.47,291806
2011-03-08 22:30:00,26.47,26.56,26.46,26.55,821285
2011-03-09 16:30:00,26.5,26.58,26.34,26.53,525991
2011-03-09 17:00:00,26.52,26.75,26.41,26.75,227285
2011-03-09 17:30:00,26.75,26.86,26.65,26.66,424311
2011-03-09 18:00:00,26.65,26.78,26.57,26.69,204018
2011-03-09 18:30:00,26.68,26.73,26.58,26.69,95281
2011-03-09 19:00:00,26.69,26.8,26.59,26.61,92057
2011-03-09 19:30:00,26.61,26.68,26.57,26.59,119211
2011-03-09 20:00:00,26.59,26.61,26.52,26.53,224073
2011-03-09 20:30:00,26.53,26.53,26.39,26.42,120712
2011-03-09 21:00:00,26.43,26.5,26.34,26.34,246816
2011-03-09 21:30:00,26.34,26.41,26.24,26.39,195754
2011-03-09 22:00:00,26.39,26.48,26.38,26.47,543540
2011-03-09 22:30:00,26.47,26.56,26.43,26.51,382825
2011-03-10 16:30:00,26.09,26.2,25.59,25.68,421751
2011-03-10 17:00:00,25.69,25.79,25.57,25.71,328231
2011-03-10 17:30:00,25.71,25.84,25.63,25.84,240727
2011-03-10 18:00:00,25.84,25.94,25.74,25.89,234718
2011-03-10 18:30:00,25.89,25.94,25.75,25.83,167139
2011-03-10 19:00:00,25.82,25.84,25.71,25.73,123908
2011-03-10 19:30:00,25.73,25.8,25.67,25.78,143496
2011-03-10 20:00:00,25.79,25.83,25.64,25.65,145554
2011-03-10 20:30:00,25.65,25.65,25.48,25.52,311363
2011-03-10 21:00:00,25.52,25.6,25.49,25.5,163897
2011-03-10 21:30:00,25.5,25.71,25.5,25.65,184724
2011-03-10 22:00:00,25.66,25.68,25.56,25.65,401566
2011-03-10 22:30:00,25.65,25.75,25.58,25.63,683748
2011-03-11 16:30:00,25.42,25.63,25.36,25.54,457324
2011-03-11 17:00:00,25.53,25.53,25.25,25.32,171513
2011-03-11 17:30:00,25.33,25.48,25.32,25.43,203279
2011-03-11 18:00:00,25.43,25.54,25.31,25.52,142152
2011-03-11 18:30:00,25.52,25.76,25.51,25.71,162702
2011-03-11 19:00:00,25.72,25.81,25.7,25.78,87345
2011-03-11 19:30:00,25.78,25.78,25.73,25.76,58975
2011-03-11 20:00:00,25.76,25.76,25.65,25.68,68199
2011-03-11 20:30:00,25.68,25.74,25.67,25.7,65881
2011-03-11 21:00:00,25.71,25.83,25.69,25.82,95675
2011-03-11 21:30:00,25.82,25.85,25.77,25.78,101756
2011-03-11 22:00:00,25.78,25.92,25.78,25.89,251711
2011-03-11 22:30:00,25.88,25.92,25.8,25.83,509725
2011-03-14 16:30:00,25.45,25.79,25.44,25.73,360298
2011-03-14 17:00:00,25.73,25.8,25.64,25.65,195528
2011-03-14 17:30:00,25.65,25.65,25.36,25.37,344828
2011-03-14 18:00:00,25.37,25.42,25.28,25.36,351729
2011-03-14 18:30:00,25.36,25.47,25.32,25.45,342052
2011-03-14 19:00:00,25.45,25.49,25.4,25.48,242914
2011-03-14 19:30:00,25.48,25.49,25.42,25.46,199531
2011-03-14 20:00:00,25.47,25.51,25.39,25.4,297622
2011-03-14 20:30:00,25.41,25.43,25.34,25.39,217794
2011-03-14 21:00:00,25.4,25.5,25.39,25.48,358596
2011-03-14 21:30:00,25.49,25.5,25.27,25.32,603946
2011-03-14 22:00:00,25.32,25.51,25.31,25.4,617213
2011-03-14 22:30:00,25.4,25.55,25.39,25.43,893742
2011-03-15 16:30:00,24.71,25.03,24.22,24.5,446875
2011-03-15 17:00:00,24.49,24.83,24.48,24.82,280345
2011-03-15 17:30:00,24.82,24.85,24.67,24.72,283230
2011-03-15 18:00:00,24.72,24.72,24.55,24.63,250813
2011-03-15 18:30:00,24.63,24.69,24.59,24.67,208697
2011-03-15 19:00:00,24.68,24.87,24.67,24.84,102172
2011-03-15 19:30:00,24.84,24.86,24.68,24.71,166855
2011-03-15 20:00:00,24.7,24.72,24.57,24.57,227572
2011-03-15 20:30:00,24.57,24.68,24.57,24.67,202372
2011-03-15 21:00:00,24.66,24.77,24.54,24.77,309088
2011-03-15 21:30:00,24.77,24.86,24.74,24.8,489018
2011-03-15 22:00:00,24.79,24.96,24.78,24.95,266231
2011-03-15 22:30:00,24.94,25.06,24.86,24.92,929105
2011-03-16 16:30:00,24.82,24.94,24.69,24.76,205930
2011-03-16 17:00:00,24.75,24.84,24.73,24.81,227983
2011-03-16 17:30:00,24.81,24.94,24.79,24.79,254001
2011-03-16 18:00:00,24.79,24.8,24.4,24.7,645873
2011-03-16 18:30:00,24.71,24.76,24.59,24.61,396347
2011-03-16 19:00:00,24.62,24.63,24.39,24.48,395253
2011-03-16 19:30:00,24.49,24.5,24.32,24.39,379291
2011-03-16 20:00:00,24.4,24.48,24.39,24.42,601860
2011-03-16 20:30:00,24.42,24.42,24.23,24.24,258599
2011-03-16 21:00:00,24.23,24.24,23.87,24.08,474244
2011-03-16 21:30:00,24.08,24.39,24.06,24.31,413162
2011-03-16 22:00:00,24.31,24.38,24.15,24.21,468329
2011-03-16 22:30:00,24.21,24.21,24.07,24.1,682160
2011-03-17 16:30:00,24.63,24.77,24.41,24.47,197928
2011-03-17 17:00:00,24.48,24.75,24.44,24.71,171875
2011-03-17 17:30:00,24.7,24.75,24.67,24.71,102260
2011-03-17 18:00:00,24.72,24.87,24.63,24.65,173238
2011-03-17 18:30:00,24.64,24.73,24.54,24.61,108259
2011-03-17 19:00:00,24.62,24.7,24.56,24.68,81019
2011-03-17 19:30:00,24.68,24.7,24.58,24.59,92734
2011-03-17 20:00:00,24.58,24.66,24.45,24.46,167949
2011-03-17 20:30:00,24.46,24.55,24.35,24.43,141247
2011-03-17 21:00:00,24.43,24.48,24.37,24.39,148428
2011-03-17 21:30:00,24.39,24.52,24.39,24.48,149424
2011-03-17 22:00:00,24.48,24.6,24.42,24.59,778989
2011-03-17 22:30:00,24.59,24.74,24.58,24.64,689436
2011-03-18 16:30:00,25.03,25.2,24.8,25.06,659648
2011-03-18 17:00:00,25.06,25.1,24.88,24.88,300599
2011-03-18 17:30:00,24.88,25.01,24.83,24.92,366182
2011-03-18 18:00:00,24.91,25.06,24.72,24.73,360830
2011-03-18 18:30:00,24.73,24.95,24.71,24.74,432466
2011-03-18 19:00:00,24.74,24.74,24.59,24.68,295446
2011-03-18 19:30:00,24.69,24.75,24.62,24.67,185438
2011-03-18 20:00:00,24.67,24.86,24.67,24.82,180134
2011-03-18 20:30:00,24.82,24.9,24.78,24.87,204571
2011-03-18 21:00:00,24.87,24.9,24.79,24.83,281549
2011-03-18 21:30:00,24.83,24.94,24.8,24.84,236404
2011-03-18 22:00:00,24.84,24.85,24.78,24.81,204864
2011-03-18 22:30:00,24.81,24.9,24.78,24.85,508576
2011-03-21 16:30:00,25.27,25.27,25.0,25.14,232616
2011-03-21 17:00:00,25.13,25.2,25.09,25.19,170923
2011-03-21 17:30:00,25.19,25.2,25.03,25.12,131241
2011-03-21 18:00:00,25.12,25.17,25.03,25.09,241540
2011-03-21 18:30:00,25.09,25.15,25.07,25.11,89176
2011-03-21 19:00:00,25.13,25.15,25.1,25.11,79185
2011-03-21 19:30:00,25.12,25.16,25.02,25.09,85590
2011-03-21 20:00:00,25.1,25.12,25.01,25.03,175031
2011-03-21 20:30:00,25.03,25.17,24.98,25.17,104782
2011-03-21 21:00:00,25.16,25.22,25.13,25.18,224702
2011-03-21 21:30:00,25.18,25.22,25.15,25.19,387085
2011-03-21 22:00:00,25.18,25.24,25.15,25.16,278711
2011-03-21 22:30:00,25.16,25.48,25.15,25.48,1477972
2011-03-22 16:30:00,25.4,25.6,25.4,25.43,255051
2011-03-22 17:00:00,25.43,25.55,25.38,25.47,142540
2011-03-22 17:30:00,25.46,25.47,25.26,25.26,126625
2011-03-22 18:00:00,25.25,25.33,25.16,25.21,289676
2011-03-22 18:30:00,25.22,25.47,25.18,25.43,157007
2011-03-22 19:00:00,25.44,25.46,25.33,25.34,160720
2011-03-22 19:30:00,25.34,25.36,25.26,25.33,185547
2011-03-22 20:00:00,25.32,25.34,25.28,25.33,101979
2011-03-22 20:30:00,25.32,25.39,25.29,25.37,115818
2011-03-22 21:00:00,25.37,25.41,25.27,25.31,124111
2011-03-22 21:30:00,25.31,25.42,25.3,25.4,158894
2011-03-22 22:00:00,25.4,25.42,25.36,25.4,194649
2011-03-22 22:30:00,25.4,25.42,25.35,25.35,376848
2011-03-23 16:30:00,25.22,25.26,24.98,25.07,330506
2011-03-23 17:00:00,25.07,25.07,24.88,25.0,104622
2011-03-23 17:30:00,25.0,25.08,24.91,25.08,392703
2011-03-23 18:00:00,25.07,25.08,24.95,25.03,216179
2011-03-23 18:30:00,25.04,25.07,24.94,24.94,112999
2011-03-23 19:00:00,24.95,25.08,24.94,25.03,195457
2011-03-23 19:30:00,25.03,25.11,25.02,25.02,191732
2011-03-23 20:00:00,25.03,25.12,25.02,25.1,66434
2011-03-23 20:30:00,25.11,25.28,25.11,25.25,85543
2011-03-23 21:00:00,25.25,25.28,25.2,25.27,95230
2011-03-23 21:30:00,25.28,25.41,25.25,25.35,141466
2011-03-23 22:00:00,25.36,25.44,25.34,25.41,140395
2011-03-23 22:30:00,25.41,25.43,25.38,25.41,443736
2011-03-24 16:30:00,25.61,25.7,25.35,25.37,252502
2011-03-24 17:00:00,25.36,25.55,25.35,25.54,230314
2011-03-24 17:30:00,25.55,25.82,25.54,25.8,237430
2011-03-24 18:00:00,25.8,25.9,25.77,25.89,218271
2011-03-24 18:30:00,25.89,25.92,25.81,25.83,98353
2011-03-24 19:00:00,25.83,25.99,25.82,25.96,129033
2011-03-24 19:30:00,25.96,25.96,25.8,25.81,158055
2011-03-24 20:00:00,25.82,25.83,25.75,25.8,79996
2011-03-24 20:30:00,25.8,25.86,25.77,25.84,124247
2011-03-24 21:00:00,25.84,25.98,25.83,25.96,228620
2011-03-24 21:30:00,25.97,25.99,25.82,25.85,254745
2011-03-24 22:00:00,25.84,25.91,25.82,25.87,246164
2011-03-24 22:30:00,25.88,25.97,25.87,25.94,638962
2011-03-25 16:30:00,25.97,26.07,25.77,25.79,142512
2011-03-25 17:00:00,25.8,25.87,25.72,25.8,180272
2011-03-25 17:30:00,25.8,25.91,25.79,25.9,191861
2011-03-25 18:00:00,25.9,26.05,25.88,26.0,333087
2011-03-25 18:30:00,26.01,26.01,25.84,25.87,186835
2011-03-25 19:00:00,25.87,25.89,25.84,25.86,188730
2011-03-25 19:30:00,25.86,25.91,25.85,25.88,151143
2011-03-25 20:00:00,25.88,25.89,25.73,25.78,143434
2011-03-25 20:30:00,25.78,25.79,25.73,25.74,98205
2011-03-25 21:00:00,25.74,25.75,25.65,25.69,124825
2011-03-25 21:30:00,25.68,25.74,25.64,25.72,153515
2011-03-25 22:00:00,25.73,25.75,25.66,25.68,155138
2011-03-25 22:30:00,25.68,25.72,25.62,25.62,295967
2011-03-28 16:30:00,25.61,25.76,25.61,25.73,149237
2011-03-28 17:00:00,25.73,25.74,25.61,25.72,123964
2011-03-28 17:30:00,25.73,25.81,25.7,25.73,601682
2011-03-28 18:00:00,25.72,25.73,25.62,25.69,92539
2011-03-28 18:30:00,25.69,25.71,25.58,25.63,175949
2011-03-28 19:00:00,25.63,25.64,25.58,25.6,120318
2011-03-28 19:30:00,25.6,25.64,25.56,25.59,128078
2011-03-28 20:00:00,25.58,25.6,25.54,25.55,89345
2011-03-28 20:30:00,25.55,25.63,25.52,25.52,92532
2011-03-28 21:00:00,25.52,25.53,25.48,25.5,89111
2011-03-28 21:30:00,25.51,25.57,25.48,25.49,121165
2011-03-28 22:00:00,25.5,25.53,25.48,25.49,156423
2011-03-28 22:30:00,25.48,25.52,25.37,25.39,408688
2011-03-29 16:30:00,25.29,25.36,25.05,25.1,330145
2011-03-29 17:00:00,25.1,25.17,25.08,25.09,343815
2011-03-29 17:30:00,25.1,25.17,25.08,25.13,148666
2011-03-29 18:00:00,25.14,25.16,25.08,25.14,210209
2011-03-29 18:30:00,25.13,25.23,25.12,25.17,206004
2011-03-29 19:00:00,25.17,25.22,25.13,25.17,169617
2011-03-29 19:30:00,25.17,25.28,25.17,25.25,105418
2011-03-29 20:00:00,25.25,25.31,25.21,25.29,106477
2011-03-29 20:30:00,25.29,25.31,25.26,25.27,94860
2011-03-29 21:00:00,25.27,25.32,25.25,25.25,154493
2011-03-29 21:30:00,25.25,25.36,25.25,25.33,134304
2011-03-29 22:00:00,25.33,25.48,25.33,25.47,263030
2011-03-29 22:30:00,25.47,25.48,25.4,25.44,392117
2011-03-30 16:30:00,25.63,25.86,25.58,25.84,165731
2011-03-30 17:00:00,25.84,25.87,25.73,25.81,106022
2011-03-30 17:30:00,25.81,26.02,25.8,26.0,146724
2011-03-30 18:00:00,26.0,26.01,25.84,25.84,533860
2011-03-30 18:30:00,25.84,25.91,25.83,25.89,256036
2011-03-30 19:00:00,25.89,25.95,25.84,25.89,240954
2011-03-30 19:30:00,25.89,25.93,25.85,25.88,127102
2011-03-30 20:00:00,25.88,25.9,25.8,25.84,414558
2011-03-30 20:30:00,25.85,25.86,25.67,25.79,822401
2011-03-30 21:00:00,25.79,25.79,25.73,25.75,343846
2011-03-30 21:30:00,25.75,25.77,25.71,25.74,137756
2011-03-30 22:00:00,25.74,25.76,25.54,25.61,644682
2011-03-30 22:30:00,25.61,25.63,25.54,25.58,681638
2011-03-31 16:30:00,25.47,25.58,25.3,25.35,285883
2011-03-31 17:00:00,25.35,25.41,25.34,25.37,262981
2011-03-31 17:30:00,25.37,25.43,25.31,25.32,638505
2011-03-31 18:00:00,25.32,25.36,25.29,25.31,120206
2011-03-31 18:30:00,25.32,25.32,25.18,25.23,437325
2011-03-31 19:00:00,25.23,25.37,25.23,25.33,202468
2011-03-31 19:30:00,25.33,25.39,25.27,25.39,165937
2011-03-31 20:00:00,25.39,25.42,25.31,25.35,146840
2011-03-31 20:30:00,25.35,25.39,25.3,25.38,205880
2011-03-31 21:00:00,25.38,25.51,25.38,25.49,283628
2011-03-31 21:30:00,25.5,25.52,25.42,25.43,150253
2011-03-31 22:00:00,25.43,25.52,25.42,25.52,310165
2011-03-31 22:30:00,25.52,25.58,25.47,25.56,497327
2011-04-01 16:30:00,25.84,26.0,25.71,25.98,440900
2011-04-01 17:00:00,25.98,26.02,25.93,25.95,374092
2011-04-01 17:30:00,25.96,25.99,25.89,25.97,116060
2011-04-01 18:00:00,25.97,25.99,25.91,25.99,186030
2011-04-01 18:30:00,25.99,26.0,25.96,25.99,132132
2011-04-01 19:00:00,25.99,26.0,25.94,25.98,118935
2011-04-01 19:30:00,25.97,26.0,25.91,25.96,282728
2011-04-01 20:00:00,25.96,25.99,25.92,25.96,74006
2011-04-01 20:30:00,25.97,26.01,25.93,25.98,360323
2011-04-01 21:00:00,25.97,26.0,25.96,25.97,135246
2011-04-01 21:30:00,25.97,26.0,25.84,25.89,227872
2011-04-01 22:00:00,25.88,25.91,25.75,25.86,277868
2011-04-01 22:30:00,25.87,26.01,25.87,25.99,550641
2011-04-04 16:30:00,25.97,26.06,25.82,25.91,401764
2011-04-04 17:00:00,25.92,25.98,25.77,25.89,296904
2011-04-04 17:30:00,25.89,26.0,25.88,25.98,171464
2011-04-04 18:00:00,25.99,26.01,25.95,25.99,237807
2011-04-04 18:30:00,25.98,26.01,25.97,25.98,114924
2011-04-04 19:00:00,25.99,25.99,25.94,25.94,88075
2011-04-04 19:30:00,25.94,25.96,25.88,25.93,90756
2011-04-04 20:00:00,25.94,25.96,25.91,25.94,101194
2011-04-04 20:30:00,25.95,25.95,25.83,25.89,107859
2011-04-04 21:00:00,25.89,25.9,25.83,25.89,211224
2011-04-04 21:30:00,25.89,25.92,25.86,25.89,185938
2011-04-04 22:00:00,25.89,25.93,25.86,25.92,306295
2011-04-04 22:30:00,25.92,25.98,25.89,25.98,319185
2011-04-05 16:30:00,25.84,25.84,25.68,25.78,158610
2011-04-05 17:00:00,25.78,25.78,25.63,25.7,174832
2011-04-05 17:30:00,25.71,25.78,25.71,25.76,197874
2011-04-05 18:00:00,25.76,25.81,25.69,25.8,65513
2011-04-05 18:30:00,25.8,25.88,25.75,25.86,124142
2011-04-05 19:00:00,25.85,25.88,25.83,25.85,53733
2011-04-05 19:30:00,25.86,25.9,25.84,25.85,47768
2011-04-05 20:00:00,25.86,25.9,25.82,25.82,110695
2011-04-05 20:30:00,25.82,25.89,25.82,25.84,82361
2011-04-05 21:00:00,25.85,25.86,25.78,25.81,122693
2011-04-05 21:30:00,25.81,25.81,25.71,25.76,122871
2011-04-05 22:00:00,25.75,25.82,25.72,25.76,182266
2011-04-05 22:30:00,25.75,25.79,25.7,25.76,264794
2011-04-06 16:30:00,25.95,26.0,25.74,25.74,358793
2011-04-06 17:00:00,25.74,25.76,25.65,25.67,222015
2011-04-06 17:30:00,25.67,25.79,25.65,25.7,170391
2011-04-06 18:00:00,25.7,25.7,25.55,25.57,194155
2011-04-06 18:30:00,25.58,25.61,25.43,25.43,350362
2011-04-06 19:00:00,25.43,25.45,25.35,25.42,294209
2011-04-06 19:30:00,25.42,25.49,25.41,25.45,275416
2011-04-06 20:00:00,25.45,25.56,25.44,25.53,89150
2011-04-06 20:30:00,25.52,25.53,25.45,25.5,186726
2011-04-06 21:00:00,25.5,25.6,25.48,25.55,204527
2011-04-06 21:30:00,25.55,25.68,25.55,25.65,196448
2011-04-06 22:00:00,25.65,25.74,25.62,25.74,308758
2011-04-06 22:30:00,25.73,25.78,25.72,25.76,512401
2011-04-07 16:30:00,25.71,25.89,25.64,25.88,198107
2011-04-07 17:00:00,25.89,25.94,25.83,25.84,150587
2011-04-07 17:30:00,25.85,25.87,25.55,25.76,143481
2011-04-07 18:00:00,25.77,25.78,25.67,25.7,121854
2011-04-07 18:30:00,25.7,25.72,25.56,25.67,326209
2011-04-07 19:00:00,25.67,25.72,25.6,25.67,153350
2011-04-07 19:30:00,25.67,25.9,25.66,25.9,147340
2011-04-07 20:00:00,25.89,25.9,25.7,25.7,89582
2011-04-07 20:30:00,25.7,25.75,25.64,25.68,113283
2011-04-07 21:00:00,25.68,25.78,25.67,25.69,231898
2011-04-07 21:30:00,25.69,25.75,25.66,25.74,153556
2011-04-07 22:00:00,25.74,25.82,25.68,25.72,176529
2011-04-07 22:30:00,25.72,25.87,25.7,25.82,633713
2011-04-08 16:30:00,25.92,26.03,25.72,25.78,227574
2011-04-08 17:00:00,25.78,25.86,25.75,25.86,174060
2011-04-08 17:30:00,25.84,25.99,25.75,25.94,224151
2011-04-08 18:00:00,25.94,25.99,25.86,25.88,245254
2011-04-08 18:30:00,25.88,25.96,25.82,25.86,123411
2011-04-08 19:00:00,25.85,25.89,25.83,25.86,73230
2011-04-08 19:30:00,25.85,25.86,25.78,25.79,97877
2011-04-08 20:00:00,25.79,26.0,25.78,25.9,273395
2011-04-08 20:30:00,25.89,25.95,25.83,25.85,133323
2011-04-08 21:00:00,25.85,25.96,25.83,25.85,224805
2011-04-08 21:30:00,25.84,25.86,25.7,25.71,379855
2011-04-08 22:00:00,25.71,25.81,25.69,25.78,478246
2011-04-08 22:30:00,25.78,25.96,25.77,25.9,720684
2011-04-11 16:30:00,25.84,26.02,25.83,25.94,232175
2011-04-11 17:00:00,25.93,25.95,25.75,25.79,135069
2011-04-11 17:30:00,25.79,25.91,25.75,25.79,102941
2011-04-11 18:00:00,25.8,25.83,25.66,25.66,104616
2011-04-11 18:30:00,25.66,25.67,25.55,25.55,137298
2011-04-11 19:00:00,25.56,25.63,25.53,25.57,111315
2011-04-11 19:30:00,25.56,25.6,25.48,25.49,89928
2011-04-11 20:00:00,25.5,25.56,25.46,25.51,81889
2011-04-11 20:30:00,25.51,25.53,25.45,25.52,122454
2011-04-11 21:00:00,25.52,25.55,25.46,25.51,151896
2011-04-11 21:30:00,25.51,25.52,25.43,25.44,116848
2011-04-11 22:00:00,25.44,25.46,25.36,25.37,211783
2011-04-11 22:30:00,25.37,25.47,25.36,25.43,501428
2011-04-12 16:30:00,25.32,25.36,24.93,24.97,606551
2011-04-12 17:00:00,24.97,25.01,24.84,24.87,508586
2011-04-12 17:30:00,24.87,24.87,24.7,24.72,383029
2011-04-12 18:00:00,24.72,24.87,24.7,24.83,162105
2011-04-12 18:30:00,24.83,24.84,24.73,24.76,141066
2011-04-12 19:00:00,24.76,24.92,24.76,24.84,152150
2011-04-12 19:30:00,24.84,24.9,24.8,24.85,138418
2011-04-12 20:00:00,24.85,24.91,24.8,24.9,242059
2011-04-12 20:30:00,24.9,25.02,24.84,24.97,201982
2011-04-12 21:00:00,24.97,25.05,24.95,24.99,299948
2011-04-12 21:30:00,25.0,25.01,24.88,24.9,185585
2011-04-12 22:00:00,24.9,24.98,24.86,24.87,184709
2011-04-12 22:30:00,24.86,24.88,24.8,24.85,358081
2011-04-13 16:30:00,25.03,25.09,24.72,24.74,239348
2011-04-13 17:00:00,24.74,24.86,24.66,24.85,193235
2011-04-13 17:30:00,24.85,24.89,24.75,24.83,150607
2011-04-13 18:00:00,24.83,24.87,24.7,24.71,142335
2011-04-13 18:30:00,24.7,24.72,24.57,24.59,183787
2011-04-13 19:00:00,24.59,24.69,24.59,24.62,100346
2011-04-13 19:30:00,24.62,24.63,24.52,24.61,208884
2011-04-13 20:00:00,24.61,24.67,24.6,24.64,119219
2011-04-13 20:30:00,24.64,24.68,24.54,24.58,99171
2011-04-13 21:00:00,24.58,24.67,24.56,24.6,280482
2011-04-13 21:30:00,24.6,24.7,24.59,24.68,195452
2011-04-13 22:00:00,24.69,24.79,24.66,24.66,256579
2011-04-13 22:30:00,24.66,24.72,24.58,24.61,369996
2011-04-14 16:30:00,24.35,24.45,24.24,24.35,328328
2011-04-14 17:00:00,24.35,24.48,24.31,24.43,450485
2011-04-14 17:30:00,24.43,24.57,24.43,24.56,206533
2011-04-14 18:00:00,24.56,24.6,24.38,24.39,174769
2011-04-14 18:30:00,24.4,24.43,24.36,24.4,110026
2011-04-14 19:00:00,24.4,24.42,24.36,24.4,107403
2011-04-14 19:30:00,24.4,24.41,24.35,24.39,130193
2011-04-14 20:00:00,24.39,24.46,24.39,24.45,173925
2011-04-14 20:30:00,24.45,24.52,24.43,24.5,209616
2011-04-14 21:00:00,24.5,24.59,24.48,24.56,151414
2011-04-14 21:30:00,24.57,24.62,24.57,24.62,391199
2011-04-14 22:00:00,24.61,24.64,24.56,24.62,416560
2011-04-14 22:30:00,24.62,24.63,24.53,24.61,821165
2011-04-15 16:30:00,24.72,24.8,24.61,24.79,428700
2011-04-15 17:00:00,24.79,24.88,24.73,24.8,190980
2011-04-15 17:30:00,24.8,24.9,24.73,24.87,572228
2011-04-15 18:00:00,24.88,24.98,24.82,24.95,169353
2011-04-15 18:30:00,24.95,25.02,24.92,24.98,227990
2011-04-15 19:00:00,24.98,25.01,24.93,25.0,347046
2011-04-15 19:30:00,25.0,25.03,24.99,25.0,179408
2011-04-15 20:00:00,25.01,25.03,24.98,24.99,137574
2011-04-15 20:30:00,25.0,25.02,24.97,24.99,132207
2011-04-15 21:00:00,25.0,25.03,24.98,25.01,180208
2011-04-15 21:30:00,25.01,25.03,24.99,25.01,165191
2011-04-15 22:00:00,25.01,25.02,24.95,24.98,249999
2011-04-15 22:30:00,24.98,25.0,24.91,24.96,637864
2011-04-18 16:30:00,24.56,24.58,24.33,24.33,253254
2011-04-18 17:00:00,24.33,24.39,24.13,24.29,259844
2011-04-18 17:30:00,24.29,24.35,24.25,24.28,220479
2011-04-18 18:00:00,24.28,24.34,24.19,24.33,177059
2011-04-18 18:30:00,24.32,24.34,24.24,24.29,102242
2011-04-18 19:00:00,24.3,24.34,24.24,24.33,126137
2011-04-18 19:30:00,24.34,24.35,24.3,24.31,146646
2011-04-18 20:00:00,24.31,24.33,24.28,24.3,137584
2011-04-18 20:30:00,24.31,24.39,24.28,24.37,89640
2011-04-18 21:00:00,24.38,24.42,24.33,24.34,117237
2011-04-18 21:30:00,24.34,24.49,24.33,24.43,196967
2011-04-18 22:00:00,24.43,24.52,24.36,24.46,155811
2011-04-18 22:30:00,24.45,24.5,24.4,24.45,597961
2011-04-19 16:30:00,24.48,24.54,24.34,24.45,167824
2011-04-19 17:00:00,24.44,24.53,24.38,24.43,368432
2011-04-19 17:30:00,24.43,24.47,24.36,24.36,323678
2011-04-19 18:00:00,24.37,24.43,24.36,24.38,180217
2011-04-19 18:30:00,24.37,24.43,24.36,24.4,172627
2011-04-19 19:00:00,24.4,24.44,24.39,24.43,211506
2011-04-19 19:30:00,24.42,24.45,24.4,24.45,186060
2011-04-19 20:00:00,24.45,24.52,24.4,24.48,172663
2011-04-19 20:30:00,24.48,24.57,24.46,24.47,389848
2011-04-19 21:00:00,24.48,24.49,24.4,24.41,271012
2011-04-19 21:30:00,24.41,24.47,24.38,24.38,246466
2011-04-19 22:00:00,24.38,24.47,24.35,24.36,274303
2011-04-19 22:30:00,24.36,24.41,24.34,24.35,551342
2011-04-20 16:30:00,24.78,24.87,24.66,24.87,217793
2011-04-20 17:00:00,24.86,24.91,24.74,24.75,199693
2011-04-20 17:30:00,24.75,24.84,24.73,24.81,125902
2011-04-20 18:00:00,24.81,24.82,24.67,24.72,195973
2011-04-20 18:30:00,24.72,24.72,24.66,24.67,148111
2011-04-20 19:00:00,24.67,24.68,24.58,24.65,343164
2011-04-20 19:30:00,24.65,24.67,24.58,24.64,532718
2011-04-20 20:00:00,24.63,24.7,24.62,24.63,163960
2011-04-20 20:30:00,24.63,24.69,24.58,24.69,371178
2011-04-20 21:00:00,24.68,24.69,24.64,24.68,165032
2011-04-20 21:30:00,24.67,24.69,24.63,24.67,451063
2011-04-20 22:00:00,24.68,24.71,24.61,24.68,453248
2011-04-20 22:30:00,24.68,24.75,24.66,24.7,612658
2011-04-21 16:30:00,24.79,24.8,24.52,24.64,330956
2011-04-21 17:00:00,24.63,24.71,24.55,24.65,259421
2011-04-21 17:30:00,24.65,24.73,24.64,24.72,142132
2011-04-21 18:00:00,24.71,24.84,24.71,24.83,90827
2011-04-21 18:30:00,24.82,24.86,24.77,24.83,1163093
2011-04-21 19:00:00,24.82,24.89,24.82,24.89,155831
2011-04-21 19:30:00,24.89,24.91,24.81,24.9,160701
2011-04-21 20:00:00,24.9,24.91,24.78,24.8,332308
2011-04-21 20:30:00,24.8,24.82,24.73,24.79,263504
2011-04-21 21:00:00,24.79,24.81,24.78,24.8,65093
2011-04-21 21:30:00,24.8,24.8,24.76,24.77,61401
2011-04-21 22:00:00,24.78,24.8,24.73,24.77,162266
2011-04-21 22:30:00,24.77,24.85,24.76,24.8,598131
2011-04-25 16:30:00,24.65,24.67,24.51,24.56,205184
2011-04-25 17:00:00,24.56,24.59,24.45,24.48,309861
2011-04-25 17:30:00,24.48,24.49,24.37,24.38,122712
2011-04-25 18:00:00,24.38,24.6,24.36,24.59,165104
2011-04-25 18:30:00,24.59,24.61,24.48,24.52,95852
2011-04-25 19:00:00,24.53,24.58,24.52,24.55,54840
2011-04-25 19:30:00,24.55,24.57,24.51,24.53,212191
2011-04-25 20:00:00,24.53,24.55,24.49,24.5,109505
2011-04-25 20:30:00,24.5,24.59,24.5,24.59,272504
2011-04-25 21:00:00,24.59,24.64,24.58,24.62,282979
2011-04-25 21:30:00,24.61,24.62,24.54,24.61,130861
2011-04-25 22:00:00,24.6,24.63,24.59,24.62,176273
2011-04-25 22:30:00,24.61,24.63,24.59,24.61,293595
2011-04-26 16:30:00,24.65,24.83,24.59,24.74,353876
2011-04-26 17:00:00,24.73,24.86,24.71,24.86,271474
2011-04-26 17:30:00,24.85,24.89,24.81,24.83,342483
2011-04-26 18:00:00,24.82,24.91,24.79,24.88,171045
2011-04-26 18:30:00,24.88,25.08,24.88,25.06,151547
2011-04-26 19:00:00,25.06,25.07,24.97,24.98,201874
2011-04-26 19:30:00,24.98,25.06,24.97,24.99,308189
2011-04-26 20:00:00,24.99,25.01,24.91,24.93,253359
2011-04-26 20:30:00,24.93,24.93,24.87,24.89,111128
2011-04-26 21:00:00,24.89,25.01,24.86,24.98,241733
2011-04-26 21:30:00,24.97,24.98,24.88,24.89,106242
2011-04-26 22:00:00,24.89,24.92,24.86,24.88,302890
2011-04-26 22:30:00,24.87,24.93,24.83,24.83,483362
2011-04-27 16:30:00,24.81,24.81,23.97,24.49,1161034
2011-04-27 17:00:00,24.47,24.47,24.12,24.28,684764
2011-04-27 17:30:00,24.28,24.44,24.24,24.37,369996
2011-04-27 18:00:00,24.38,24.45,24.33,24.36,182432
2011-04-27 18:30:00,24.36,24.37,24.25,24.35,419702
2011-04-27 19:00:00,24.35,24.38,24.3,24.36,178993
2011-04-27 19:30:00,24.37,24.57,24.37,24.47,433533
2011-04-27 20:00:00,24.47,24.55,24.43,24.51,176320
2011-04-27 20:30:00,24.49,24.54,24.43,24.49,261053
2011-04-27 21:00:00,24.48,24.51,24.38,24.44,426806
2011-04-27 21:30:00,24.43,24.46,24.35,24.46,399743
2011-04-27 22:00:00,24.46,24.56,24.45,24.56,534007
2011-04-27 22:30:00,24.56,24.92,24.55,24.83,1517224
2011-04-28 16:30:00,24.72,24.93,24.7,24.71,227476
2011-04-28 17:00:00,24.71,24.73,24.52,24.53,291716
2011-04-28 17:30:00,24.52,24.55,24.44,24.47,282351
2011-04-28 18:00:00,24.48,24.5,24.41,24.45,250226
2011-04-28 18:30:00,24.44,24.59,24.43,24.53,263816
2011-04-28 19:00:00,24.53,24.66,24.52,24.65,419087
2011-04-28 19:30:00,24.64,24.65,24.52,24.53,218290
2011-04-28 20:00:00,24.53,24.59,24.5,24.53,178502
2011-04-28 20:30:00,24.52,24.58,24.5,24.51,211316
2011-04-28 21:00:00,24.5,24.6,24.49,24.6,277667
2011-04-28 21:30:00,24.6,24.66,24.6,24.66,249623
2011-04-28 22:00:00,24.66,24.85,24.65,24.83,649095
2011-04-28 22:30:00,24.83,24.99,24.83,24.95,900208
2011-04-29 16:30:00,24.96,25.07,24.9,24.9,493222
2011-04-29 17:00:00,24.9,24.94,24.82,24.87,382905
2011-04-29 17:30:00,24.87,24.96,24.86,24.91,222103
2011-04-29 18:00:00,24.91,24.99,24.91,24.97,225470
2011-04-29 18:30:00,24.97,25.05,24.97,25.03,522295
2011-04-29 19:00:00,25.02,25.03,24.99,24.99,281606
2011-04-29 19:30:00,24.99,25.01,24.96,25.0,250652
2011-04-29 20:00:00,25.0,25.01,24.9,24.94,200344
2011-04-29 20:30:00,24.94,24.98,24.91,24.93,159767
2011-04-29 21:00:00,24.94,24.95,24.9,24.92,199514
2011-04-29 21:30:00,24.92,24.97,24.89,24.93,332859
2011-04-29 22:00:00,24.94,24.95,24.85,24.87,285775
2011-04-29 22:30:00,24.88,24.93,24.85,24.88,553298
2011-05-02 16:30:00,25.06,25.29,25.02,25.28,329768
2011-05-02 17:00:00,25.28,25.33,25.19,25.19,290839
2011-05-02 17:30:00,25.19,25.25,25.15,25.18,248840
2011-05-02 18:00:00,25.18,25.23,25.11,25.19,257276
2011-05-02 18:30:00,25.19,25.21,25.08,25.12,279883
2011-05-02 19:00:00,25.12,25.18,25.05,25.05,194271
2011-05-02 19:30:00,25.06,25.13,25.0,25.11,179151
2011-05-02 20:00:00,25.11,25.12,25.02,25.03,133202
2011-05-02 20:30:00,25.03,25.16,25.03,25.14,302751
2011-05-02 21:00:00,25.14,25.16,25.1,25.12,211046
2011-05-02 21:30:00,25.12,25.17,25.12,25.14,205771
2011-05-02 22:00:00,25.14,25.25,25.13,25.19,475212
2011-05-02 22:30:00,25.19,25.22,25.14,25.16,698430
2011-05-03 16:30:00,25.06,25.3,24.98,25.25,262494
2011-05-03 17:00:00,25.25,25.29,25.17,25.18,391040
2011-05-03 17:30:00,25.17,25.18,25.0,25.13,262708
2011-05-03 18:00:00,25.13,25.21,25.1,25.11,223688
2011-05-03 18:30:00,25.11,25.2,25.11,25.17,258784
2011-05-03 19:00:00,25.17,25.24,25.14,25.14,294445
2011-05-03 19:30:00,25.14,25.18,25.03,25.03,283680
2011-05-03 20:00:00,25.03,25.04,24.94,25.03,333151
2011-05-03 20:30:00,25.02,25.02,24.87,24.91,367684
2011-05-03 21:00:00,24.91,24.99,24.81,24.98,527369
2011-05-03 21:30:00,24.98,24.99,24.85,24.87,457826
2011-05-03 22:00:00,24.87,24.99,24.87,24.94,506875
2011-05-03 22:30:00,24.94,25.08,24.91,25.04,1185499
2011-05-04 16:30:00,25.01,25.24,24.85,24.88,312494
2011-05-04 17:00:00,24.88,24.94,24.76,24.8,331614
2011-05-04 17:30:00,24.8,24.92,24.76,24.78,295799
2011-05-04 18:00:00,24.78,24.79,24.62,24.67,248041
2011-05-04 18:30:00,24.66,24.68,24.55,24.6,203231
2011-05-04 19:00:00,24.6,24.65,24.46,24.49,285328
2011-05-04 19:30:00,24.49,24.55,24.44,24.5,241906
2011-05-04 20:00:00,24.5,24.59,24.48,24.51,230760
2011-05-04 20:30:00,24.51,24.67,24.51,24.61,203281
2011-05-04 21:00:00,24.61,24.76,24.58,24.66,417119
2011-05-04 21:30:00,24.66,24.76,24.6,24.63,346624
2011-05-04 22:00:00,24.63,24.64,24.53,24.63,365002
2011-05-04 22:30:00,24.63,24.64,24.54,24.54,630928
2011-05-05 16:30:00,24.37,24.38,24.03,24.04,280855
2011-05-05 17:00:00,24.04,24.19,24.03,24.15,787002
2011-05-05 17:30:00,24.16,24.23,24.07,24.21,179069
2011-05-05 18:00:00,24.21,24.29,24.07,24.16,203765
2011-05-05 18:30:00,24.16,24.36,24.16,24.36,220184
2011-05-05 19:00:00,24.36,24.41,24.33,24.37,146031
2011-05-05 19:30:00,24.36,24.37,24.26,24.33,140990
2011-05-05 20:00:00,24.32,24.41,24.31,24.4,124017
2011-05-05 20:30:00,24.41,24.42,24.27,24.32,162475
2011-05-05 21:00:00,24.32,24.39,24.25,24.36,201052
2011-05-05 21:30:00,24.37,24.4,24.21,24.22,230181
2011-05-05 22:00:00,24.21,24.32,24.02,24.03,760825
2011-05-05 22:30:00,24.02,24.17,24.02,24.12,765955
2011-05-06 16:30:00,24.58,24.97,24.52,24.53,463520
2011-05-06 17:00:00,24.54,24.63,24.41,24.58,379865
2011-05-06 17:30:00,24.58,24.73,24.53,24.71,264077
2011-05-06 18:00:00,24.7,24.85,24.69,24.82,219405
2011-05-06 18:30:00,24.82,24.84,24.65,24.69,164623
2011-05-06 19:00:00,24.69,24.72,24.53,24.61,213449
2011-05-06 19:30:00,24.6,24.65,24.44,24.47,277039
2011-05-06 20:00:00,24.48,24.53,24.3,24.36,252485
2011-05-06 20:30:00,24.36,24.4,24.24,24.25,269853
2011-05-06 21:00:00,24.24,24.33,24.2,24.22,240939
2011-05-06 21:30:00,24.22,24.26,24.11,24.26,224896
2011-05-06 22:00:00,24.26,24.33,24.24,24.29,181604
2011-05-06 22:30:00,24.29,24.32,24.23,24.25,648450
2011-05-09 16:30:00,24.25,24.34,24.13,24.23,129403
2011-05-09 17:00:00,24.23,24.36,24.2,24.27,272587
2011-05-09 17:30:00,24.26,24.32,24.21,24.27,106666
2011-05-09 18:00:00,24.28,24.3,24.21,24.25,167009
2011-05-09 18:30:00,24.26,24.3,24.17,24.27,140233
2011-05-09 19:00:00,24.27,24.38,24.25,24.28,80378
2011-05-09 19:30:00,24.29,24.3,24.25,24.26,94931
2011-05-09 20:00:00,24.25,24.31,24.25,24.3,49028
2011-05-09 20:30:00,24.3,24.38,24.26,24.37,91235
2011-05-09 21:00:00,24.38,24.43,24.35,24.38,129047
2011-05-09 21:30:00,24.39,24.45,24.3,24.32,173378
2011-05-09 22:00:00,24.33,24.39,24.29,24.38,185268
2011-05-09 22:30:00,24.38,24.45,24.35,24.4,396235
2011-05-10 16:30:00,24.55,24.66,24.46,24.5,275358
2011-05-10 17:00:00,24.5,24.53,24.36,24.45,394760
2011-05-10 17:30:00,24.46,24.51,24.41,24.47,216574
2011-05-10 18:00:00,24.47,24.5,24.42,24.49,222799
2011-05-10 18:30:00,24.49,24.5,24.44,24.44,80735
2011-05-10 19:00:00,24.45,24.47,24.28,24.3,463281
2011-05-10 19:30:00,24.31,24.53,24.31,24.5,141957
2011-05-10 20:00:00,24.51,24.52,24.44,24.47,165394
2011-05-10 20:30:00,24.47,24.48,24.38,24.43,304224
2011-05-10 21:00:00,24.41,24.44,24.39,24.43,299918
2011-05-10 21:30:00,24.43,24.54,24.41,24.47,508148
2011-05-10 22:00:00,24.48,24.54,24.46,24.51,430926
2011-05-10 22:30:00,24.51,24.53,24.44,24.48,662253
2011-05-11 16:30:00,24.43,24.83,24.26,24.79,639621
2011-05-11 17:00:00,24.79,24.83,24.69,24.83,562562
2011-05-11 17:30:00,24.83,24.84,24.63,24.72,210109
2011-05-11 18:00:00,24.72,24.8,24.69,24.75,276412
2011-05-11 18:30:00,24.75,24.77,24.59,24.6,300653
2011-05-11 19:00:00,24.6,24.61,24.41,24.47,311119
2011-05-11 19:30:00,24.47,24.52,24.43,24.49,364586
2011-05-11 20:00:00,24.49,24.52,24.4,24.4,446160
2011-05-11 20:30:00,24.41,24.41,24.27,24.31,266379
2011-05-11 21:00:00,24.31,24.35,24.21,24.29,195749
2011-05-11 21:30:00,24.29,24.42,24.29,24.32,192035
2011-05-11 22:00:00,24.32,24.55,24.31,24.5,691449
2011-05-11 22:30:00,24.5,24.59,24.44,24.55,876734
2011-05-12 16:30:00,24.5,24.55,24.34,24.46,1041133
2011-05-12 17:00:00,24.47,24.66,24.42,24.64,415169
2011-05-12 17:30:00,24.63,24.72,24.63,24.68,460258
2011-05-12 18:00:00,24.68,24.85,24.64,24.85,588668
2011-05-12 18:30:00,24.86,24.94,24.82,24.84,296152
2011-05-12 19:00:00,24.85,24.9,24.82,24.88,232451
2011-05-12 19:30:00,24.88,24.9,24.8,24.86,180091
2011-05-12 20:00:00,24.86,25.11,24.86,25.06,337071
2011-05-12 20:30:00,25.06,25.16,25.0,25.04,295177
2011-05-12 21:00:00,25.03,25.2,25.03,25.19,342409
2011-05-12 21:30:00,25.19,25.2,25.1,25.13,369074
2011-05-12 22:00:00,25.12,25.19,25.09,25.13,420061
2011-05-12 22:30:00,25.13,25.25,25.11,25.23,881238
2011-05-13 16:30:00,25.19,25.46,25.18,25.45,565874
2011-05-13 17:00:00,25.45,25.45,25.26,25.31,729304
2011-05-13 17:30:00,25.31,25.37,25.29,25.3,326930
2011-05-13 18:00:00,25.3,25.32,25.2,25.23,612459
2011-05-13 18:30:00,25.23,25.28,25.22,25.24,614869
2011-05-13 19:00:00,25.24,25.25,25.01,25.16,620344
2011-05-13 19:30:00,25.15,25.19,25.04,25.05,599159
2011-05-13 20:00:00,25.05,25.12,25.02,25.05,346105
2011-05-13 20:30:00,25.05,25.05,24.95,24.96,326661
2011-05-13 21:00:00,24.96,25.06,24.93,25.03,397943
2011-05-13 21:30:00,25.03,25.03,24.98,25.01,256555
2011-05-13 22:00:00,25.0,25.06,24.97,24.97,332964
2011-05-13 22:30:00,24.98,25.07,24.93,25.02,1048465
2011-05-16 16:30:00,24.9,25.02,24.83,25.01,205953
2011-05-16 17:00:00,25.0,25.16,24.98,25.06,266961
2011-05-16 17:30:00,25.06,25.13,25.02,25.13,193797
2011-05-16 18:00:00,25.14,25.22,25.05,25.06,264727
2011-05-16 18:30:00,25.05,25.05,24.98,25.0,178208
2011-05-16 19:00:00,25.0,25.01,24.95,24.98,141314
2011-05-16 19:30:00,24.99,25.04,24.92,24.93,145887
2011-05-16 20:00:00,24.92,24.95,24.86,24.89,210988
2011-05-16 20:30:00,24.89,24.95,24.85,24.86,139298
2011-05-16 21:00:00,24.85,24.85,24.73,24.75,675954
2011-05-16 21:30:00,24.76,24.78,24.67,24.76,282730
2011-05-16 22:00:00,24.76,24.79,24.7,24.72,290027
2011-05-16 22:30:00,24.72,24.75,24.63,24.63,1004417
2011-05-17 16:30:00,24.52,24.6,24.43,24.51,462978
2011-05-17 17:00:00,24.5,24.5,24.33,24.37,714668
2011-05-17 17:30:00,24.37,24.38,24.27,24.28,226849
2011-05-17 18:00:00,24.28,24.29,24.12,24.19,317589
2011-05-17 18:30:00,24.18,24.21,24.13,24.18,316102
2011-05-17 19:00:00,24.18,24.21,24.08,24.18,236318
2011-05-17 19:30:00,24.18,24.26,24.15,24.25,548597
2011-05-17 20:00:00,24.24,24.28,24.21,24.27,275183
2011-05-17 20:30:00,24.28,24.35,24.26,24.27,331790
2011-05-17 21:00:00,24.27,24.38,24.24,24.25,295505
2011-05-17 21:30:00,24.25,24.36,24.23,24.36,298449
2011-05-17 22:00:00,24.35,24.36,24.24,24.29,392754
2011-05-17 22:30:00,24.29,24.41,24.29,24.32,821809
2011-05-18 16:30:00,24.25,24.38,24.15,24.23,370320
2011-05-18 17:00:00,24.23,24.39,24.23,24.39,143832
2011-05-18 17:30:00,24.39,24.59,24.39,24.53,155139
2011-05-18 18:00:00,24.54,24.57,24.52,24.54,108030
2011-05-18 18:30:00,24.54,24.58,24.54,24.54,230385
2011-05-18 19:00:00,24.55,24.56,24.52,24.55,67836
2011-05-18 19:30:00,24.55,24.56,24.53,24.55,109566
2011-05-18 20:00:00,24.55,24.57,24.54,24.54,164386
2011-05-18 20:30:00,24.54,24.59,24.53,24.58,225622
2011-05-18 21:00:00,24.58,24.67,24.57,24.6,289061
2011-05-18 21:30:00,24.6,24.61,24.53,24.54,214628
2011-05-18 22:00:00,24.54,24.68,24.53,24.66,227612
2011-05-18 22:30:00,24.66,24.77,24.66,24.69,602364
2011-05-19 16:30:00,24.9,25.1,24.77,25.07,557154
2011-05-19 17:00:00,25.06,25.06,24.8,24.86,331787
2011-05-19 17:30:00,24.85,24.92,24.76,24.79,325593
2011-05-19 18:00:00,24.79,24.84,24.77,24.83,164293
2011-05-19 18:30:00,24.83,24.85,24.78,24.82,320381
2011-05-19 19:00:00,24.81,24.84,24.75,24.79,260421
2011-05-19 19:30:00,24.79,24.81,24.7,24.7,529477
2011-05-19 20:00:00,24.7,24.75,24.7,24.7,299706
2011-05-19 20:30:00,24.7,24.72,24.65,24.7,219322
2011-05-19 21:00:00,24.71,24.73,24.62,24.64,464466
2011-05-19 21:30:00,24.65,24.65,24.54,24.59,427543
2011-05-19 22:00:00,24.6,24.64,24.57,24.62,534500
2011-05-19 22:30:00,24.62,24.72,24.6,24.67,2770628
2011-05-20 16:30:00,24.58,24.77,24.47,24.7,506691
2011-05-20 17:00:00,24.7,24.79,24.68,24.76,540114
2011-05-20 17:30:00,24.75,24.8,24.7,24.71,721445
2011-05-20 18:00:00,24.72,24.74,24.65,24.72,502109
2011-05-20 18:30:00,24.72,24.79,24.7,24.77,348158
2011-05-20 19:00:00,24.76,24.9,24.73,24.9,305360
2011-05-20 19:30:00,24.9,25.01,24.88,24.95,265858
2011-05-20 20:00:00,24.95,25.06,24.94,25.02,385908
2011-05-20 20:30:00,25.01,25.06,24.99,25.03,321166
2011-05-20 21:00:00,25.04,25.1,25.02,25.08,270592
2011-05-20 21:30:00,25.08,25.09,24.99,24.99,268250
2011-05-20 22:00:00,24.99,25.04,24.84,24.86,429168
2011-05-20 22:30:00,24.87,25.04,24.86,25.0,1110195
2011-05-23 16:30:00,24.6,24.64,24.48,24.49,390328
2011-05-23 17:00:00,24.5,24.53,24.38,24.41,255537
2011-05-23 17:30:00,24.42,24.48,24.34,24.34,301033
2011-05-23 18:00:00,24.34,24.39,24.28,24.36,183696
2011-05-23 18:30:00,24.36,24.38,24.24,24.33,326555
2011-05-23 19:00:00,24.33,24.33,24.26,24.3,213589
2011-05-23 19:30:00,24.31,24.37,24.29,24.3,135552
2011-05-23 20:00:00,24.31,24.37,24.28,24.29,131754
2011-05-23 20:30:00,24.29,24.36,24.27,24.34,188305
2011-05-23 21:00:00,24.35,24.42,24.34,24.37,210455
2011-05-23 21:30:00,24.36,24.44,24.35,24.37,240336
2011-05-23 22:00:00,24.38,24.41,24.31,24.35,445299
2011-05-23 22:30:00,24.35,24.36,24.27,24.31,946072
2011-05-24 16:30:00,24.32,24.41,24.15,24.21,173350
2011-05-24 17:00:00,24.22,24.26,24.16,24.16,308601
2011-05-24 17:30:00,24.17,24.2,24.1,24.1,212969
2011-05-24 18:00:00,24.1,24.14,24.03,24.06,168644
2011-05-24 18:30:00,24.06,24.12,23.97,24.02,196038
2011-05-24 19:00:00,24.01,24.01,23.91,23.94,243696
2011-05-24 19:30:00,23.94,23.98,23.9,23.96,631105
2011-05-24 20:00:00,23.96,24.0,23.92,23.98,406360
2011-05-24 20:30:00,23.98,24.01,23.93,24.01,260532
2011-05-24 21:00:00,24.01,24.07,24.0,24.05,378637
2011-05-24 21:30:00,24.05,24.06,23.99,24.02,102199
2011-05-24 22:00:00,24.02,24.09,24.01,24.08,366813
2011-05-24 22:30:00,24.08,24.11,24.01,24.02,392993
2011-05-25 16:30:00,23.83,24.05,23.81,23.87,371509
2011-05-25 17:00:00,23.87,23.91,23.75,23.86,280104
2011-05-25 17:30:00,23.86,24.01,23.83,23.93,255152
2011-05-25 18:00:00,23.92,24.05,23.91,24.0,169383
2011-05-25 18:30:00,24.0,24.1,23.97,24.04,159485
2011-05-25 19:00:00,24.05,24.13,24.02,24.05,188856
2011-05-25 19:30:00,24.05,24.13,24.02,24.12,112416
2011-05-25 20:00:00,24.11,24.12,23.86,23.86,262175
2011-05-25 20:30:00,23.87,23.99,23.86,23.95,214521
2011-05-25 21:00:00,23.96,24.11,23.93,24.07,346848
2011-05-25 21:30:00,24.07,24.1,23.99,24.03,319200
2011-05-25 22:00:00,24.03,24.17,24.02,24.14,400987
2011-05-25 22:30:00,24.14,24.14,24.02,24.02,646503
2011-05-26 16:30:00,23.9,23.96,23.71,23.72,363157
2011-05-26 17:00:00,23.72,23.79,23.63,23.68,439271
2011-05-26 17:30:00,23.68,23.8,23.61,23.61,381170
2011-05-26 18:00:00,23.61,23.72,23.58,23.68,187982
2011-05-26 18:30:00,23.69,23.77,23.68,23.74,152505
2011-05-26 19:00:00,23.75,23.79,23.74,23.78,63133
2011-05-26 19:30:00,23.79,23.93,23.76,23.92,146254
2011-05-26 20:00:00,23.92,24.08,23.89,24.06,232268
2011-05-26 20:30:00,24.06,24.12,24.06,24.1,230297
2011-05-26 21:00:00,24.1,24.26,24.1,24.23,264178
2011-05-26 21:30:00,24.23,24.33,24.22,24.24,333641
2011-05-26 22:00:00,24.24,24.3,24.16,24.29,174127
2011-05-26 22:30:00,24.28,24.35,24.24,24.27,733355
2011-05-27 16:30:00,24.38,24.42,24.13,24.14,269038
2011-05-27 17:00:00,24.14,24.23,24.0,24.21,475493
2011-05-27 17:30:00,24.21,24.33,24.16,24.33,104401
2011-05-27 18:00:00,24.33,24.39,24.31,24.33,167677
2011-05-27 18:30:00,24.34,24.38,24.32,24.38,89342
2011-05-27 19:00:00,24.38,24.38,24.32,24.33,84751
2011-05-27 19:30:00,24.33,24.42,24.32,24.38,151151
2011-05-27 20:00:00,24.38,24.39,24.32,24.32,177674
2011-05-27 20:30:00,24.32,24.34,24.27,24.28,106652
2011-05-27 21:00:00,24.29,24.3,24.26,24.27,66358
2011-05-27 21:30:00,24.27,24.29,24.25,24.29,176870
2011-05-27 22:00:00,24.28,24.29,24.24,24.29,190560
2011-05-27 22:30:00,24.28,24.32,24.28,24.32,331448
2011-05-31 16:30:00,24.62,24.7,24.42,24.56,345262
2011-05-31 17:00:00,24.56,24.61,24.42,24.47,375594
2011-05-31 17:30:00,24.48,24.53,24.4,24.48,231428
2011-05-31 18:00:00,24.48,24.59,24.47,24.56,142717
2011-05-31 18:30:00,24.56,24.62,24.52,24.52,92870
2011-05-31 19:00:00,24.53,24.6,24.5,24.56,86026
2011-05-31 19:30:00,24.56,24.57,24.49,24.5,80749
2011-05-31 20:00:00,24.51,24.61,24.51,24.57,76748
2011-05-31 20:30:00,24.58,24.65,24.57,24.62,93494
2011-05-31 21:00:00,24.63,24.65,24.6,24.62,166446
2011-05-31 21:30:00,24.62,24.65,24.57,24.63,170279
2011-05-31 22:00:00,24.63,24.66,24.61,24.65,196331
2011-05-31 22:30:00,24.66,24.69,24.62,24.67,668864
2011-06-01 16:30:00,24.55,24.57,24.36,24.38,190290
2011-06-01 17:00:00,24.37,24.37,24.12,24.19,289763
2011-06-01 17:30:00,24.19,24.22,23.97,24.05,313339
2011-06-01 18:00:00,24.05,24.06,23.97,24.03,252185
2011-06-01 18:30:00,24.04,24.08,23.95,24.07,248915
2011-06-01 19:00:00,24.06,24.08,23.95,23.98,310270
2011-06-01 19:30:00,23.98,24.02,23.94,23.96,247975
2011-06-01 20:00:00,23.96,24.01,23.84,23.87,385735
2011-06-01 20:30:00,23.87,23.98,23.82,23.98,372697
2011-06-01 21:00:00,23.97,23.99,23.89,23.9,380271
2011-06-01 21:30:00,23.9,23.91,23.73,23.78,327340
2011-06-01 22:00:00,23.78,23.79,23.66,23.68,452783
2011-06-01 22:30:00,23.68,23.71,23.48,23.5,1229471
2011-06-02 16:30:00,23.48,23.65,23.3,23.5,306272
2011-06-02 17:00:00,23.5,23.53,23.37,23.51,256847
2011-06-02 17:30:00,23.51,23.61,23.5,23.55,191574
2011-06-02 18:00:00,23.55,23.59,23.36,23.36,180605
2011-06-02 18:30:00,23.37,23.42,23.32,23.42,133253
2011-06-02 19:00:00,23.42,23.42,23.33,23.39,121682
2011-06-02 19:30:00,23.39,23.46,23.35,23.44,165554
2011-06-02 20:00:00,23.44,23.53,23.41,23.53,145258
2011-06-02 20:30:00,23.52,23.53,23.42,23.52,170303
2011-06-02 21:00:00,23.51,23.64,23.42,23.43,246971
2011-06-02 21:30:00,23.43,23.55,23.42,23.55,312565
2011-06-02 22:00:00,23.55,23.57,23.45,23.51,286127
2011-06-02 22:30:00,23.51,23.56,23.47,23.55,749529
2011-06-03 16:30:00,23.11,23.23,23.03,23.13,513980
2011-06-03 17:00:00,23.13,23.23,23.06,23.13,347854
2011-06-03 17:30:00,23.14,23.2,23.09,23.14,337231
2011-06-03 18:00:00,23.14,23.28,23.11,23.25,221990
2011-06-03 18:30:00,23.25,23.29,23.13,23.27,266837
2011-06-03 19:00:00,23.27,23.36,23.23,23.35,150541
2011-06-03 19:30:00,23.35,23.46,23.31,23.33,139512
2011-06-03 20:00:00,23.33,23.37,23.29,23.31,94075
2011-06-03 20:30:00,23.31,23.34,23.21,23.22,97346
2011-06-03 21:00:00,23.23,23.24,23.17,23.19,230289
2011-06-03 21:30:00,23.18,23.23,23.14,23.15,252790
2011-06-03 22:00:00,23.15,23.17,23.06,23.1,300097
2011-06-03 22:30:00,23.1,23.13,23.02,23.04,670246
2011-06-06 16:30:00,23.04,23.19,22.83,22.85,214590
2011-06-06 17:00:00,22.85,22.87,22.67,22.75,211912
2011-06-06 17:30:00,22.75,22.82,22.69,22.81,106118
2011-06-06 18:00:00,22.8,22.92,22.79,22.89,186003
2011-06-06 18:30:00,22.9,22.96,22.88,22.94,148243
2011-06-06 19:00:00,22.93,22.93,22.85,22.86,143829
2011-06-06 19:30:00,22.86,22.86,22.78,22.79,77066
2011-06-06 20:00:00,22.79,22.82,22.75,22.77,140468
2011-06-06 20:30:00,22.77,22.78,22.67,22.71,148095
2011-06-06 21:00:00,22.7,22.78,22.69,22.72,235066
2011-06-06 21:30:00,22.72,22.76,22.65,22.71,241519
2011-06-06 22:00:00,22.7,22.71,22.5,22.55,362229
2011-06-06 22:30:00,22.55,22.66,22.54,22.56,483186
2011-06-07 16:30:00,22.74,22.83,22.53,22.68,195937
2011-06-07 17:00:00,22.68,22.73,22.49,22.54,300105
2011-06-07 17:30:00,22.55,22.8,22.54,22.8,265904
2011-06-07 18:00:00,22.79,22.84,22.76,22.78,159451
2011-06-07 18:30:00,22.78,22.81,22.75,22.8,267004
2011-06-07 19:00:00,22.8,22.81,22.72,22.79,151821
2011-06-07 19:30:00,22.8,22.88,22.76,22.87,393565
2011-06-07 20:00:00,22.88,22.89,22.84,22.86,144687
2011-06-07 20:30:00,22.85,22.92,22.85,22.9,135350
2011-06-07 21:00:00,22.9,22.97,22.89,22.92,270556
2011-06-07 21:30:00,22.92,22.95,22.9,22.93,149424
2011-06-07 22:00:00,22.94,22.95,22.89,22.9,298020
2011-06-07 22:30:00,22.9,22.9,22.75,22.77,1071282
2011-06-08 16:30:00,22.72,22.88,22.69,22.69,236636
2011-06-08 17:00:00,22.7,22.81,22.69,22.78,216481
2011-06-08 17:30:00,22.77,22.86,22.72,22.79,326027
2011-06-08 18:00:00,22.8,22.92,22.72,22.76,246134
2011-06-08 18:30:00,22.76,22.89,22.76,22.88,206563
2011-06-08 19:00:00,22.89,22.94,22.8,22.82,220523
2011-06-08 19:30:00,22.82,22.87,22.79,22.87,124765
2011-06-08 20:00:00,22.87,22.91,22.8,22.84,127794
2011-06-08 20:30:00,22.84,22.84,22.69,22.74,187464
2011-06-08 21:00:00,22.74,22.78,22.67,22.71,349400
2011-06-08 21:30:00,22.71,22.84,22.7,22.73,268260
2011-06-08 22:00:00,22.73,22.74,22.64,22.66,309753
2011-06-08 22:30:00,22.65,22.73,22.6,22.71,670400
2011-06-09 16:30:00,22.75,22.96,22.7,22.95,194488
2011-06-09 17:00:00,22.95,23.03,22.9,22.92,237491
2011-06-09 17:30:00,22.93,23.05,22.92,23.05,170845
2011-06-09 18:00:00,23.04,23.08,23.0,23.08,190302
2011-06-09 18:30:00,23.07,23.2,23.06,23.17,152318
2011-06-09 19:00:00,23.17,23.2,23.12,23.14,132814
2011-06-09 19:30:00,23.15,23.17,23.13,23.13,80708
2011-06-09 20:00:00,23.13,23.14,23.09,23.09,101380
2011-06-09 20:30:00,23.09,23.14,23.08,23.11,102621
2011-06-09 21:00:00,23.11,23.22,23.1,23.18,203995
2011-06-09 21:30:00,23.18,23.24,23.15,23.22,127039
2011-06-09 22:00:00,23.22,23.23,23.19,23.2,292328
2011-06-09 22:30:00,23.2,23.22,23.14,23.16,632579
2011-06-10 16:30:00,23.07,23.13,23.0,23.0,383477
2011-06-10 17:00:00,23.0,23.11,22.94,23.06,310663
2011-06-10 17:30:00,23.06,23.06,22.79,22.84,494744
2011-06-10 18:00:00,22.85,22.93,22.8,22.9,266062
2011-06-10 18:30:00,22.89,22.93,22.79,22.92,214770
2011-06-10 19:00:00,22.92,22.96,22.85,22.86,245861
2011-06-10 19:30:00,22.86,22.89,22.81,22.84,97209
2011-06-10 20:00:00,22.84,22.84,22.72,22.81,183037
2011-06-10 20:30:00,22.8,22.82,22.72,22.79,224843
2011-06-10 21:00:00,22.78,23.12,22.78,23.04,597082
2011-06-10 21:30:00,23.03,23.17,22.93,23.17,398193
2011-06-10 22:00:00,23.16,23.18,22.97,23.0,324181
2011-06-10 22:30:00,23.01,23.05,22.9,22.92,810154
2011-06-13 16:30:00,22.99,23.24,22.94,23.16,297750
2011-06-13 17:00:00,23.17,23.17,22.95,22.95,548320
2011-06-13 17:30:00,22.96,23.01,22.87,22.93,194236
2011-06-13 18:00:00,22.94,22.99,22.87,22.97,104548
2011-06-13 18:30:00,22.97,22.98,22.89,22.91,128225
2011-06-13 19:00:00,22.91,22.96,22.84,22.88,157502
2011-06-13 19:30:00,22.87,22.95,22.85,22.88,111163
2011-06-13 20:00:00,22.87,22.91,22.76,22.91,131376
2011-06-13 20:30:00,22.9,23.06,22.88,23.03,212559
2011-06-13 21:00:00,23.04,23.09,23.0,23.01,305158
2011-06-13 21:30:00,23.02,23.08,22.92,22.97,353765
2011-06-13 22:00:00,22.98,23.04,22.92,22.96,320706
2011-06-13 22:30:00,22.96,22.98,22.92,22.95,660473
2011-06-14 16:30:00,23.25,23.34,23.13,23.29,553251
2011-06-14 17:00:00,23.3,23.34,23.16,23.25,649193
2011-06-14 17:30:00,23.26,23.31,23.22,23.24,520116
2011-06-14 18:00:00,23.24,23.36,23.23,23.27,293687
2011-06-14 18:30:00,23.27,23.37,23.22,23.37,275111
2011-06-14 19:00:00,23.35,23.44,23.32,23.44,286816
2011-06-14 19:30:00,23.44,23.46,23.39,23.43,242957
2011-06-14 20:00:00,23.44,23.48,23.42,23.42,169668
2011-06-14 20:30:00,23.42,23.48,23.35,23.37,118535
2011-06-14 21:00:00,23.37,23.4,23.33,23.37,182446
2011-06-14 21:30:00,23.37,23.4,23.33,23.39,307764
2011-06-14 22:00:00,23.39,23.4,23.3,23.36,325799
2011-06-14 22:30:00,23.36,23.36,23.22,23.29,743741
2011-06-15 16:30:00,23.07,23.27,22.97,23.25,264076
2011-06-15 17:00:00,23.24,23.25,23.09,23.12,209217
2011-06-15 17:30:00,23.12,23.23,23.05,23.21,290394
2011-06-15 18:00:00,23.21,23.26,23.17,23.21,264955
2011-06-15 18:30:00,23.22,23.22,22.85,22.95,448804
2011-06-15 19:00:00,22.95,22.96,22.66,22.77,290079
2011-06-15 19:30:00,22.77,22.82,22.75,22.78,197772
2011-06-15 20:00:00,22.78,22.83,22.67,22.69,285096
2011-06-15 20:30:00,22.69,22.72,22.62,22.71,206206
2011-06-15 21:00:00,22.72,22.85,22.69,22.7,164084
2011-06-15 21:30:00,22.69,22.92,22.68,22.86,514680
2011-06-15 22:00:00,22.85,22.93,22.77,22.88,296456
2011-06-15 22:30:00,22.9,22.98,22.84,22.9,610040
2011-06-16 16:30:00,22.88,22.99,22.78,22.93,283047
2011-06-16 17:00:00,22.92,23.06,22.77,23.01,177326
2011-06-16 17:30:00,23.02,23.17,23.01,23.07,128125
2011-06-16 18:00:00,23.07,23.22,22.98,23.17,197956
2011-06-16 18:30:00,23.17,23.19,23.08,23.11,113521
2011-06-16 19:00:00,23.11,23.18,23.08,23.18,133872
2011-06-16 19:30:00,23.18,23.19,23.11,23.12,67627
2011-06-16 20:00:00,23.11,23.16,23.06,23.06,135829
2011-06-16 20:30:00,23.05,23.06,22.92,22.92,232329
2011-06-16 21:00:00,22.93,22.98,22.88,22.98,222861
2011-06-16 21:30:00,22.98,22.99,22.85,22.93,610839
2011-06-16 22:00:00,22.93,23.01,22.92,22.96,343139
2011-06-16 22:30:00,22.95,23.07,22.93,23.01,509985
2011-06-17 16:30:00,23.27,23.39,23.18,23.28,865882
2011-06-17 17:00:00,23.28,23.36,23.14,23.17,248391
2011-06-17 17:30:00,23.19,23.21,23.11,23.13,412933
2011-06-17 18:00:00,23.12,23.15,23.03,23.14,215154
2011-06-17 18:30:00,23.15,23.16,23.06,23.1,187467
2011-06-17 19:00:00,23.1,23.11,23.01,23.05,149505
2011-06-17 19:30:00,23.05,23.06,22.98,23.02,131505
2011-06-17 20:00:00,23.02,23.02,22.96,23.02,181785
2011-06-17 20:30:00,23.01,23.06,22.97,23.0,143604
2011-06-17 21:00:00,22.99,23.12,22.99,23.12,215932
2011-06-17 21:30:00,23.11,23.12,23.04,23.07,179432
2011-06-17 22:00:00,23.07,23.13,22.93,23.04,296080
2011-06-17 22:30:00,23.04,23.12,23.01,23.03,749495
2011-06-20 16:30:00,22.95,23.06,22.92,22.98,411584
2011-06-20 17:00:00,22.99,23.02,22.89,22.98,295859
2011-06-20 17:30:00,22.98,23.03,22.96,22.97,415821
2011-06-20 18:00:00,22.98,23.08,22.95,23.08,321950
2011-06-20 18:30:00,23.08,23.11,23.04,23.08,190322
2011-06-20 19:00:00,23.08,23.12,23.03,23.12,111787
2011-06-20 19:30:00,23.13,23.14,23.03,23.04,126093
2011-06-20 20:00:00,23.04,23.1,23.01,23.09,81168
2011-06-20 20:30:00,23.08,23.09,22.99,23.0,74499
2011-06-20 21:00:00,23.0,23.08,22.99,23.02,85528
2011-06-20 21:30:00,23.02,23.12,23.02,23.1,126536
2011-06-20 22:00:00,23.09,23.09,23.0,23.05,231164
2011-06-20 22:30:00,23.06,23.14,23.05,23.11,341492
2011-06-21 16:30:00,23.28,23.47,23.27,23.38,329170
2011-06-21 17:00:00,23.39,23.54,23.36,23.48,211815
2011-06-21 17:30:00,23.47,23.5,23.42,23.5,215809
2011-06-21 18:00:00,23.5,23.62,23.46,23.55,191797
2011-06-21 18:30:00,23.55,23.55,23.45,23.48,181956
2011-06-21 19:00:00,23.49,23.51,23.45,23.5,105016
2011-06-21 19:30:00,23.49,23.5,23.45,23.47,123141
2011-06-21 20:00:00,23.48,23.5,23.34,23.36,229601
2011-06-21 20:30:00,23.36,23.39,23.31,23.32,294907
2011-06-21 21:00:00,23.33,23.37,23.3,23.34,216365
2011-06-21 21:30:00,23.34,23.35,23.29,23.3,409826
2011-06-21 22:00:00,23.31,23.32,23.28,23.29,290458
2011-06-21 22:30:00,23.28,23.38,23.25,23.38,1543623
2011-06-22 16:30:00,23.31,23.44,23.19,23.42,157811
2011-06-22 17:00:00,23.41,23.46,23.26,23.28,129414
2011-06-22 17:30:00,23.28,23.41,23.27,23.39,100681
2011-06-22 18:00:00,23.39,23.4,23.32,23.32,97353
2011-06-22 18:30:00,23.33,23.36,23.25,23.27,127817
2011-06-22 19:00:00,23.28,23.32,23.22,23.3,148169
2011-06-22 19:30:00,23.29,23.33,23.19,23.32,104818
2011-06-22 20:00:00,23.32,23.34,23.29,23.32,74559
2011-06-22 20:30:00,23.31,23.35,23.3,23.33,163510
2011-06-22 21:00:00,23.34,23.38,23.27,23.35,237176
2011-06-22 21:30:00,23.35,23.37,23.19,23.21,273817
2011-06-22 22:00:00,23.21,23.26,23.19,23.21,226016
2011-06-22 22:30:00,23.21,23.21,23.06,23.07,1134932
2011-06-23 16:30:00,22.69,22.79,22.36,22.5,352757
2011-06-23 17:00:00,22.5,22.56,22.34,22.39,297211
2011-06-23 17:30:00,22.39,22.44,22.25,22.37,243938
2011-06-23 18:00:00,22.38,22.43,22.3,22.37,284172
2011-06-23 18:30:00,22.37,22.43,22.34,22.38,171948
2011-06-23 19:00:00,22.38,22.44,22.31,22.33,196789
2011-06-23 19:30:00,22.32,22.46,22.32,22.44,146573
2011-06-23 20:00:00,22.44,22.54,22.42,22.5,245967
2011-06-23 20:30:00,22.5,22.54,22.45,22.48,284392
2011-06-23 21:00:00,22.47,22.48,22.35,22.39,290349
2011-06-23 21:30:00,22.39,22.58,22.35,22.58,572245
2011-06-23 22:00:00,22.57,22.67,22.5,22.59,710690
2011-06-23 22:30:00,22.59,22.67,22.47,22.67,1174618
2011-06-24 16:30:00,22.68,22.76,22.47,22.48,197431
2011-06-24 17:00:00,22.49,22.53,22.21,22.3,264376
2011-06-24 17:30:00,22.29,22.41,22.26,22.36,208321
2011-06-24 18:00:00,22.36,22.4,22.25,22.28,163004
2011-06-24 18:30:00,22.28,22.34,22.26,22.28,109881
2011-06-24 19:00:00,22.29,22.33,22.25,22.28,122832
2011-06-24 19:30:00,22.28,22.31,22.17,22.2,172929
2011-06-24 20:00:00,22.2,22.22,22.14,22.19,220566
2011-06-24 20:30:00,22.19,22.26,22.14,22.26,340771
2011-06-24 21:00:00,22.26,22.26,22.17,22.22,296812
2011-06-24 21:30:00,22.22,22.23,22.09,22.11,267523
2011-06-24 22:00:00,22.11,22.16,22.07,22.14,442395
2011-06-24 22:30:00,22.15,22.2,21.95,21.97,2194137
2011-06-27 16:30:00,21.97,22.34,21.97,22.33,297350
2011-06-27 17:00:00,22.33,22.36,22.22,22.35,253380
2011-06-27 17:30:00,22.35,22.4,22.3,22.35,230339
2011-06-27 18:00:00,22.35,22.37,22.17,22.2,271282
2011-06-27 18:30:00,22.2,22.28,22.17,22.28,148947
2011-06-27 19:00:00,22.28,22.36,22.27,22.3,167691
2011-06-27 19:30:00,22.3,22.37,22.28,22.28,73935
2011-06-27 20:00:00,22.27,22.3,22.21,22.21,258919
2011-06-27 20:30:00,22.21,22.23,22.15,22.2,277610
2011-06-27 21:00:00,22.2,22.31,22.19,22.28,462681
2011-06-27 21:30:00,22.28,22.35,22.27,22.31,525650
2011-06-27 22:00:00,22.31,22.4,22.31,22.4,320649
2011-06-27 22:30:00,22.39,22.41,22.31,22.32,835338
2011-06-28 16:30:00,22.42,22.63,22.37,22.58,366789
2011-06-28 17:00:00,22.58,22.67,22.56,22.66,257200
2011-06-28 17:30:00,22.66,22.72,22.6,22.61,162078
2011-06-28 18:00:00,22.6,22.66,22.57,22.64,510036
2011-06-28 18:30:00,22.64,22.74,22.64,22.73,161276
2011-06-28 19:00:00,22.73,22.77,22.73,22.74,120127
2011-06-28 19:30:00,22.73,22.79,22.73,22.77,156272
2011-06-28 20:00:00,22.77,22.83,22.76,22.83,207844
2011-06-28 20:30:00,22.83,22.84,22.79,22.8,208878
2011-06-28 21:00:00,22.79,22.83,22.77,22.79,182989
2011-06-28 21:30:00,22.78,22.79,22.7,22.74,304521
2011-06-28 22:00:00,22.75,22.77,22.7,22.72,244373
2011-06-28 22:30:00,22.73,22.75,22.67,22.73,605228
2011-06-29 16:30:00,22.89,23.11,22.87,23.11,489804
2011-06-29 17:00:00,23.11,23.13,23.0,23.06,336380
2011-06-29 17:30:00,23.05,23.23,23.04,23.23,249559
2011-06-29 18:00:00,23.22,23.33,23.2,23.32,276311
2011-06-29 18:30:00,23.32,23.37,23.29,23.34,152135
2011-06-29 19:00:00,23.33,23.36,23.29,23.31,208417
2011-06-29 19:30:00,23.31,23.42,23.3,23.42,278400
2011-06-29 20:00:00,23.41,23.42,23.28,23.29,242978
2011-06-29 20:30:00,23.29,23.32,23.2,23.23,102699
2011-06-29 21:00:00,23.21,23.24,23.08,23.09,300196
2011-06-29 21:30:00,23.09,23.18,23.08,23.17,537885
2011-06-29 22:00:00,23.17,23.29,23.15,23.25,270206
2011-06-29 22:30:00,23.25,23.42,23.24,23.35,546806
2011-06-30 16:30:00,23.45,23.48,23.18,23.31,421136
2011-06-30 17:00:00,23.31,23.39,23.31,23.38,263243
2011-06-30 17:30:00,23.39,23.42,23.34,23.37,95738
2011-06-30 18:00:00,23.36,23.42,23.34,23.36,216226
2011-06-30 18:30:00,23.37,23.49,23.36,23.49,179218
2011-06-30 19:00:00,23.49,23.54,23.46,23.48,159655
2011-06-30 19:30:00,23.49,23.5,23.46,23.5,189614
2011-06-30 20:00:00,23.49,23.53,23.4,23.42,115104
2011-06-30 20:30:00,23.43,23.44,23.37,23.38,88562
2011-06-30 21:00:00,23.38,23.43,23.37,23.38,102144
2011-06-30 21:30:00,23.38,23.45,23.37,23.41,184537
2011-06-30 22:00:00,23.41,23.43,23.39,23.42,191146
2011-06-30 22:30:00,23.43,23.49,23.39,23.39,769128
2011-07-01 16:30:00,23.35,23.4,23.22,23.34,287846
2011-07-01 17:00:00,23.35,23.54,23.35,23.52,544546
2011-07-01 17:30:00,23.51,23.56,23.48,23.53,459963
2011-07-01 18:00:00,23.54,23.59,23.5,23.58,292248
2011-07-01 18:30:00,23.59,23.64,23.56,23.6,338763
2011-07-01 19:00:00,23.6,23.61,23.55,23.6,306970
2011-07-01 19:30:00,23.59,23.61,23.52,23.52,274108
2011-07-01 20:00:00,23.52,23.58,23.51,23.54,148552
2011-07-01 20:30:00,23.55,23.57,23.51,23.54,300830
2011-07-01 21:00:00,23.54,23.55,23.48,23.5,237710
2011-07-01 21:30:00,23.5,23.52,23.45,23.51,468578
2011-07-01 22:00:00,23.51,23.58,23.49,23.5,640245
2011-07-01 22:30:00,23.5,23.58,23.48,23.56,650261
2011-07-05 16:30:00,23.48,23.55,23.29,23.46,188714
2011-07-05 17:00:00,23.46,23.55,23.42,23.47,165608
2011-07-05 17:30:00,23.46,23.5,23.36,23.38,88936
2011-07-05 18:00:00,23.39,23.41,23.3,23.33,148546
2011-07-05 18:30:00,23.32,23.41,23.3,23.41,140697
2011-07-05 19:00:00,23.4,23.49,23.39,23.48,145628
2011-07-05 19:30:00,23.49,23.55,23.49,23.53,104033
2011-07-05 20:00:00,23.53,23.54,23.45,23.45,289189
2011-07-05 20:30:00,23.46,23.54,23.44,23.52,277399
2011-07-05 21:00:00,23.52,23.54,23.34,23.38,313724
2011-07-05 21:30:00,23.37,23.44,23.33,23.42,224214
2011-07-05 22:00:00,23.42,23.45,23.4,23.44,355154
2011-07-05 22:30:00,23.44,23.45,23.35,23.4,905413
2011-07-06 16:30:00,23.33,23.39,23.11,23.22,219334
2011-07-06 17:00:00,23.22,23.31,23.12,23.17,257108
2011-07-06 17:30:00,23.17,23.27,23.14,23.22,153656
2011-07-06 18:00:00,23.22,23.28,23.18,23.23,260345
2011-07-06 18:30:00,23.23,23.37,23.21,23.31,141441
2011-07-06 19:00:00,23.32,23.34,23.28,23.3,94438
2011-07-06 19:30:00,23.3,23.34,23.28,23.34,91525
2011-07-06 20:00:00,23.34,23.35,23.24,23.25,155549
2011-07-06 20:30:00,23.25,23.32,23.24,23.32,128227
2011-07-06 21:00:00,23.32,23.34,23.25,23.28,147693
2011-07-06 21:30:00,23.28,23.31,23.22,23.23,192342
2011-07-06 22:00:00,23.23,23.29,23.22,23.27,268858
2011-07-06 22:30:00,23.27,23.29,23.23,23.27,672084
2011-07-07 16:30:00,23.64,23.71,23.51,23.7,383832
2011-07-07 17:00:00,23.7,23.82,23.7,23.8,281386
2011-07-07 17:30:00,23.81,23.85,23.79,23.85,644661
2011-07-07 18:00:00,23.84,23.86,23.79,23.8,444473
2011-07-07 18:30:00,23.8,23.8,23.72,23.74,282528
2011-07-07 19:00:00,23.74,23.88,23.74,23.88,274355
2011-07-07 19:30:00,23.88,23.93,23.86,23.92,332837
2011-07-07 20:00:00,23.92,24.01,23.9,24.0,175687
2011-07-07 20:30:00,24.0,24.01,23.95,23.97,198827
2011-07-07 21:00:00,23.96,24.04,23.95,24.01,177997
2011-07-07 21:30:00,24.02,24.03,23.97,23.99,110353
2011-07-07 22:00:00,23.98,24.03,23.96,23.99,570677
2011-07-07 22:30:00,23.99,24.0,23.89,23.93,1369602
2011-07-08 16:30:00,23.54,23.66,23.47,23.59,962101
2011-07-08 17:00:00,23.59,23.59,23.41,23.49,358396
2011-07-08 17:30:00,23.49,23.62,23.45,23.6,390049
2011-07-08 18:00:00,23.6,23.61,23.5,23.5,191372
2011-07-08 18:30:00,23.5,23.61,23.48,23.55,189525
2011-07-08 19:00:00,23.54,23.55,23.43,23.48,262779
2011-07-08 19:30:00,23.48,23.57,23.48,23.55,268304
2011-07-08 20:00:00,23.55,23.56,23.49,23.56,145775
2011-07-08 20:30:00,23.56,23.59,23.5,23.52,348258
2011-07-08 21:00:00,23.52,23.56,23.5,23.51,130826
2011-07-08 21:30:00,23.52,23.56,23.51,23.53,221601
2011-07-08 22:00:00,23.53,23.57,23.47,23.49,237967
2011-07-08 22:30:00,23.49,23.61,23.47,23.56,639952
2011-07-11 16:30:00,23.15,23.34,23.11,23.29,380175
2011-07-11 17:00:00,23.29,23.29,22.97,23.0,386481
2011-07-11 17:30:00,23.0,23.04,22.87,22.87,185921
2011-07-11 18:00:00,22.86,23.05,22.86,23.01,192410
2011-07-11 18:30:00,23.01,23.01,22.87,22.87,87045
2011-07-11 19:00:00,22.87,22.92,22.85,22.89,70531
2011-07-11 19:30:00,22.89,22.91,22.84,22.86,94351
2011-07-11 20:00:00,22.87,22.89,22.81,22.82,149455
2011-07-11 20:30:00,22.83,22.86,22.78,22.79,102332
2011-07-11 21:00:00,22.79,22.79,22.71,22.73,101084
2011-07-11 21:30:00,22.73,22.73,22.64,22.66,197509
2011-07-11 22:00:00,22.66,22.68,22.57,22.64,306884
2011-07-11 22:30:00,22.64,22.69,22.48,22.54,930036
2011-07-12 16:30:00,22.44,22.58,22.34,22.47,419441
2011-07-12 17:00:00,22.48,22.6,22.47,22.52,343872
2011-07-12 17:30:00,22.53,22.56,22.41,22.45,271918
2011-07-12 18:00:00,22.46,22.54,22.44,22.46,255703
2011-07-12 18:30:00,22.47,22.5,22.41,22.42,285980
2011-07-12 19:00:00,22.43,22.47,22.38,22.45,189285
2011-07-12 19:30:00,22.44,22.46,22.4,22.41,144003
2011-07-12 20:00:00,22.41,22.44,22.35,22.36,218762
2011-07-12 20:30:00,22.36,22.38,22.33,22.34,212563
2011-07-12 21:00:00,22.35,22.55,22.32,22.48,335222
2011-07-12 21:30:00,22.47,22.49,22.4,22.41,281726
2011-07-12 22:00:00,22.41,22.43,22.29,22.35,473136
2011-07-12 22:30:00,22.35,22.36,22.2,22.21,765124
2011-07-13 16:30:00,22.33,22.49,22.3,22.36,433472
2011-07-13 17:00:00,22.36,22.71,22.36,22.66,924891
2011-07-13 17:30:00,22.67,22.83,22.67,22.79,510245
2011-07-13 18:00:00,22.79,22.81,22.72,22.74,407482
2011-07-13 18:30:00,22.75,22.87,22.7,22.84,391662
2011-07-13 19:00:00,22.84,22.89,22.81,22.89,281883
2011-07-13 19:30:00,22.89,22.96,22.85,22.96,221620
2011-07-13 20:00:00,22.95,22.96,22.81,22.82,149150
2011-07-13 20:30:00,22.83,22.89,22.79,22.79,151061
2011-07-13 21:00:00,22.79,22.79,22.68,22.73,232699
2011-07-13 21:30:00,22.73,22.8,22.72,22.78,266706
2011-07-13 22:00:00,22.77,22.8,22.58,22.59,360918
2011-07-13 22:30:00,22.6,22.67,22.57,22.67,774934
2011-07-14 16:30:00,22.75,22.81,22.59,22.77,202320
2011-07-14 17:00:00,22.78,22.81,22.65,22.73,228064
2011-07-14 17:30:00,22.74,22.75,22.47,22.5,184836
2011-07-14 18:00:00,22.49,22.55,22.45,22.49,161368
2011-07-14 18:30:00,22.5,22.51,22.42,22.44,145497
2011-07-14 19:00:00,22.45,22.45,22.3,22.33,174955
2011-07-14 19:30:00,22.34,22.4,22.28,22.31,121898
2011-07-14 20:00:00,22.31,22.33,22.2,22.31,176819
2011-07-14 20:30:00,22.3,22.49,22.29,22.45,241493
2011-07-14 21:00:00,22.45,22.51,22.38,22.42,180238
2011-07-14 21:30:00,22.43,22.46,22.37,22.41,159975
2011-07-14 22:00:00,22.41,22.44,22.32,22.37,263406
2011-07-14 22:30:00,22.37,22.44,22.29,22.32,538579
2011-07-15 16:30:00,22.5,22.51,22.18,22.24,622754
2011-07-15 17:00:00,22.24,22.32,22.04,22.09,376947
2011-07-15 17:30:00,22.09,22.11,21.94,22.04,364250
2011-07-15 18:00:00,22.03,22.18,22.0,22.17,338160
2011-07-15 18:30:00,22.16,22.21,22.09,22.09,267176
2011-07-15 19:00:00,22.09,22.25,22.09,22.21,234902
2011-07-15 19:30:00,22.21,22.23,22.09,22.11,170795
2011-07-15 20:00:00,22.11,22.12,22.07,22.1,114481
2011-07-15 20:30:00,22.1,22.11,21.95,21.95,200933
2011-07-15 21:00:00,21.95,21.96,21.91,21.93,285659
2011-07-15 21:30:00,21.93,22.06,21.91,22.02,134262
2011-07-15 22:00:00,22.02,22.16,21.98,22.16,166886
2011-07-15 22:30:00,22.16,22.23,22.1,22.21,501812
2011-07-18 16:30:00,22.09,22.12,21.91,21.94,246792
2011-07-18 17:00:00,21.95,21.95,21.69,21.71,702951
2011-07-18 17:30:00,21.71,21.72,21.47,21.5,474782
2011-07-18 18:00:00,21.5,21.57,21.47,21.53,221354
2011-07-18 18:30:00,21.53,21.53,21.29,21.35,350646
2011-07-18 19:00:00,21.35,21.51,21.34,21.51,308595
2011-07-18 19:30:00,21.52,21.58,21.45,21.48,387223
2011-07-18 20:00:00,21.49,21.49,21.39,21.46,303853
2011-07-18 20:30:00,21.47,21.52,21.44,21.48,496828
2011-07-18 21:00:00,21.48,21.48,21.35,21.41,605944
2011-07-18 21:30:00,21.4,21.51,21.32,21.51,611606
2011-07-18 22:00:00,21.51,21.51,21.41,21.47,512729
2011-07-18 22:30:00,21.47,21.51,21.37,21.44,1327477
2011-07-19 16:30:00,21.59,21.74,21.53,21.65,324052
2011-07-19 17:00:00,21.65,21.76,21.54,21.7,309752
2011-07-19 17:30:00,21.69,21.76,21.65,21.67,267621
2011-07-19 18:00:00,21.68,21.71,21.61,21.66,149496
2011-07-19 18:30:00,21.67,21.67,21.52,21.53,177073
2011-07-19 19:00:00,21.53,21.64,21.51,21.52,153295
2011-07-19 19:30:00,21.52,21.58,21.5,21.52,148789
2011-07-19 20:00:00,21.53,21.62,21.47,21.61,138680
2011-07-19 20:30:00,21.61,21.75,21.6,21.72,389284
2011-07-19 21:00:00,21.72,21.79,21.66,21.79,371590
2011-07-19 21:30:00,21.79,21.92,21.77,21.89,259664
2011-07-19 22:00:00,21.89,21.98,21.89,21.91,334982
2011-07-19 22:30:00,21.92,21.98,21.89,21.9,855037
2011-07-20 16:30:00,22.07,22.08,21.84,21.88,298749
2011-07-20 17:00:00,21.87,21.96,21.84,21.9,239063
2011-07-20 17:30:00,21.91,21.94,21.85,21.92,214477
2011-07-20 18:00:00,21.92,21.96,21.87,21.87,211957
2011-07-20 18:30:00,21.86,21.92,21.84,21.87,141199
2011-07-20 19:00:00,21.86,21.89,21.8,21.89,131375
2011-07-20 19:30:00,21.88,21.91,21.83,21.88,101134
2011-07-20 20:00:00,21.89,21.93,21.85,21.92,81436
2011-07-20 20:30:00,21.93,21.98,21.9,21.96,352473
2011-07-20 21:00:00,21.96,22.0,21.95,22.0,145051
2011-07-20 21:30:00,22.0,22.01,21.93,21.97,126914
2011-07-20 22:00:00,21.97,21.98,21.84,21.87,256436
2011-07-20 22:30:00,21.86,21.88,21.82,21.84,534002
2011-07-21 16:30:00,22.12,22.29,22.06,22.22,334982
2011-07-21 17:00:00,22.21,22.26,22.09,22.22,435037
2011-07-21 17:30:00,22.21,22.25,22.18,22.24,171253
2011-07-21 18:00:00,22.23,22.27,22.15,22.19,346962
2011-07-21 18:30:00,22.2,22.32,22.18,22.29,228883
2011-07-21 19:00:00,22.29,22.32,22.24,22.29,96316
2011-07-21 19:30:00,22.29,22.45,22.24,22.41,431781
2011-07-21 20:00:00,22.4,22.47,22.38,22.45,218427
2011-07-21 20:30:00,22.45,22.45,22.3,22.36,114093
2011-07-21 21:00:00,22.37,22.42,22.35,22.4,150104
2011-07-21 21:30:00,22.4,22.45,22.38,22.44,269203
2011-07-21 22:00:00,22.44,22.52,22.36,22.5,434389
2011-07-21 22:30:00,22.51,22.71,22.5,22.64,1671789
2011-07-22 16:30:00,22.64,22.69,22.47,22.52,149325
2011-07-22 17:00:00,22.51,22.61,22.45,22.51,190865
2011-07-22 17:30:00,22.5,22.56,22.46,22.53,171932
2011-07-22 18:00:00,22.53,22.63,22.53,22.6,111486
2011-07-22 18:30:00,22.6,22.71,22.59,22.67,102295
2011-07-22 19:00:00,22.68,22.77,22.65,22.74,171036
2011-07-22 19:30:00,22.74,22.75,22.67,22.71,170116
2011-07-22 20:00:00,22.72,22.74,22.69,22.74,156647
2011-07-22 20:30:00,22.74,22.74,22.63,22.67,77670
2011-07-22 21:00:00,22.67,22.7,22.64,22.68,119000
2011-07-22 21:30:00,22.68,22.76,22.68,22.73,150618
2011-07-22 22:00:00,22.73,22.74,22.67,22.68,163805
2011-07-22 22:30:00,22.68,22.73,22.65,22.71,413558
2011-07-25 16:30:00,22.43,22.49,22.28,22.42,212972
2011-07-25 17:00:00,22.41,22.49,22.38,22.43,176469
2011-07-25 17:30:00,22.42,22.49,22.36,22.47,332110
2011-07-25 18:00:00,22.47,22.49,22.38,22.43,220315
2011-07-25 18:30:00,22.44,22.48,22.41,22.46,165652
2011-07-25 19:00:00,22.47,22.48,22.44,22.45,137935
2011-07-25 19:30:00,22.45,22.52,22.45,22.48,83695
2011-07-25 20:00:00,22.49,22.57,22.48,22.51,110381
2011-07-25 20:30:00,22.51,22.58,22.5,22.55,107348
2011-07-25 21:00:00,22.54,22.68,22.52,22.68,294585
2011-07-25 21:30:00,22.68,22.69,22.54,22.56,237847
2011-07-25 22:00:00,22.57,22.62,22.52,22.57,504651
2011-07-25 22:30:00,22.57,22.65,22.53,22.63,991027
2011-07-26 16:30:00,22.87,23.26,22.78,23.01,1046381
2011-07-26 17:00:00,23.02,23.13,22.94,23.06,683714
2011-07-26 17:30:00,23.06,23.37,23.0,23.23,462534
2011-07-26 18:00:00,23.23,23.33,23.19,23.28,232842
2011-07-26 18:30:00,23.28,23.34,23.24,23.33,266369
2011-07-26 19:00:00,23.33,23.52,23.3,23.5,289897
2011-07-26 19:30:00,23.5,23.51,23.28,23.28,349974
2011-07-26 20:00:00,23.28,23.34,23.24,23.32,249550
2011-07-26 20:30:00,23.32,23.35,23.26,23.31,179564
2011-07-26 21:00:00,23.3,23.38,23.28,23.29,241319
2011-07-26 21:30:00,23.29,23.3,23.2,23.2,290170
2011-07-26 22:00:00,23.2,23.21,23.11,23.12,374037
2011-07-26 22:30:00,23.12,23.13,23.02,23.05,814419
2011-07-27 16:30:00,22.84,22.93,22.55,22.56,485074
2011-07-27 17:00:00,22.56,22.6,22.29,22.38,968475
2011-07-27 17:30:00,22.39,22.59,22.39,22.53,319301
2011-07-27 18:00:00,22.53,22.55,22.43,22.53,160604
2011-07-27 18:30:00,22.53,22.57,22.32,22.38,220010
2011-07-27 19:00:00,22.38,22.4,22.3,22.33,163563
2011-07-27 19:30:00,22.33,22.42,22.27,22.38,200863
2011-07-27 20:00:00,22.38,22.45,22.35,22.39,183223
2011-07-27 20:30:00,22.39,22.47,22.38,22.42,186402
2011-07-27 21:00:00,22.41,22.41,22.33,22.33,242322
2011-07-27 21:30:00,22.33,22.35,22.24,22.29,338118
2011-07-27 22:00:00,22.3,22.32,22.18,22.32,455754
2011-07-27 22:30:00,22.31,22.36,22.19,22.26,1037622
2011-07-28 16:30:00,22.26,22.51,22.2,22.39,242248
2011-07-28 17:00:00,22.4,22.52,22.3,22.48,251910
2011-07-28 17:30:00,22.46,22.54,22.44,22.54,185715
2011-07-28 18:00:00,22.53,22.82,22.5,22.78,411660
2011-07-28 18:30:00,22.79,22.82,22.75,22.78,325327
2011-07-28 19:00:00,22.79,22.8,22.69,22.73,189861
2011-07-28 19:30:00,22.72,22.75,22.65,22.74,159367
2011-07-28 20:00:00,22.73,22.74,22.65,22.7,141696
2011-07-28 20:30:00,22.69,22.74,22.67,22.69,110512
2011-07-28 21:00:00,22.67,22.68,22.62,22.66,315051
2011-07-28 21:30:00,22.66,22.68,22.58,22.64,223239
2011-07-28 22:00:00,22.63,22.65,22.45,22.45,270680
2011-07-28 22:30:00,22.45,22.48,22.31,22.38,824535
2011-07-29 16:30:00,22.04,22.18,21.8,22.08,398575
2011-07-29 17:00:00,22.08,22.13,21.98,22.06,447646
2011-07-29 17:30:00,22.06,22.4,22.01,22.37,663127
2011-07-29 18:00:00,22.37,22.55,22.36,22.4,276548
2011-07-29 18:30:00,22.41,22.51,22.39,22.46,95750
2011-07-29 19:00:00,22.47,22.49,22.3,22.35,151300
2011-07-29 19:30:00,22.35,22.38,22.23,22.23,130032
2011-07-29 20:00:00,22.24,22.32,22.19,22.28,124238
2011-07-29 20:30:00,22.28,22.4,22.23,22.39,197660
2011-07-29 21:00:00,22.39,22.47,22.34,22.4,170893
2011-07-29 21:30:00,22.39,22.49,22.36,22.42,220822
2011-07-29 22:00:00,22.41,22.45,22.28,22.31,304886
2011-07-29 22:30:00,22.31,22.35,22.18,22.2,918287
2011-08-01 16:30:00,22.53,22.61,22.34,22.34,310962
2011-08-01 17:00:00,22.32,22.33,21.91,22.0,370086
2011-08-01 17:30:00,22.0,22.1,21.97,22.0,205728
2011-08-01 18:00:00,22.0,22.05,21.88,22.05,224602
2011-08-01 18:30:00,22.05,22.08,21.91,21.93,349853
2011-08-01 19:00:00,21.93,22.02,21.9,21.97,160967
2011-08-01 19:30:00,21.97,22.04,21.92,22.02,118162
2011-08-01 20:00:00,22.02,22.03,21.92,21.98,233746
2011-08-01 20:30:00,21.98,22.03,21.97,22.02,94312
2011-08-01 21:00:00,22.02,22.03,21.89,21.93,133438
2011-08-01 21:30:00,21.93,22.1,21.91,22.09,159731
2011-08-01 22:00:00,22.08,22.22,22.07,22.19,239680
2011-08-01 22:30:00,22.19,22.27,22.08,22.21,505058
2011-08-02 16:30:00,21.91,22.27,21.91,22.2,281104
2011-08-02 17:00:00,22.2,22.23,22.1,22.17,365821
2011-08-02 17:30:00,22.16,22.17,21.93,21.95,246469
2011-08-02 18:00:00,21.96,21.98,21.82,21.89,341574
2011-08-02 18:30:00,21.89,21.91,21.79,21.81,189695
2011-08-02 19:00:00,21.82,21.83,21.68,21.69,417895
2011-08-02 19:30:00,21.69,21.74,21.53,21.59,486201
2011-08-02 20:00:00,21.58,21.73,21.58,21.63,235806
2011-08-02 20:30:00,21.63,21.66,21.4,21.46,400156
2011-08-02 21:00:00,21.46,21.63,21.46,21.6,344768
2011-08-02 21:30:00,21.59,21.6,21.43,21.54,239368
2011-08-02 22:00:00,21.54,21.56,21.3,21.3,471746
2011-08-02 22:30:00,21.31,21.35,21.13,21.14,1448714
2011-08-03 16:30:00,21.22,21.39,21.14,21.37,290452
2011-08-03 17:00:00,21.36,21.43,21.11,21.19,392834
2011-08-03 17:30:00,21.19,21.19,20.84,20.99,706507
2011-08-03 18:00:00,20.98,21.26,20.98,21.12,360313
2011-08-03 18:30:00,21.13,21.18,21.02,21.1,178511
2011-08-03 19:00:00,21.1,21.11,20.92,21.02,176513
2011-08-03 19:30:00,21.01,21.08,21.0,21.0,193951
2011-08-03 20:00:00,21.01,21.08,20.97,21.07,214605
2011-08-03 20:30:00,21.07,21.4,21.07,21.31,176986
2011-08-03 21:00:00,21.31,21.42,21.26,21.29,224186
2011-08-03 21:30:00,21.3,21.35,21.23,21.31,198654
2011-08-03 22:00:00,21.32,21.47,21.24,21.38,280084
2011-08-03 22:30:00,21.38,21.46,21.32,21.41,521154
2011-08-04 16:30:00,20.99,21.17,20.73,20.77,351773
2011-08-04 17:00:00,20.78,20.81,20.68,20.77,429355
2011-08-04 17:30:00,20.78,20.84,20.59,20.63,756137
2011-08-04 18:00:00,20.62,20.67,20.42,20.44,580211
2011-08-04 18:30:00,20.43,20.51,20.18,20.37,492265
2011-08-04 19:00:00,20.37,20.55,20.33,20.5,334982
2011-08-04 19:30:00,20.51,20.67,20.5,20.6,333054
2011-08-04 20:00:00,20.6,20.68,20.54,20.62,287222
2011-08-04 20:30:00,20.62,20.63,20.42,20.44,425249
2011-08-04 21:00:00,20.44,20.44,20.1,20.19,525189
2011-08-04 21:30:00,20.17,20.44,20.17,20.33,659860
2011-08-04 22:00:00,20.33,20.42,20.17,20.17,491492
2011-08-04 22:30:00,20.17,20.28,19.92,19.96,1552452
2011-08-05 16:30:00,20.25,20.37,19.52,19.55,531296
2011-08-05 17:00:00,19.55,19.84,19.49,19.79,1005608
2011-08-05 17:30:00,19.78,19.78,19.57,19.7,401818
2011-08-05 18:00:00,19.69,19.71,19.32,19.45,479722
2011-08-05 18:30:00,19.45,19.53,19.03,19.05,414129
2011-08-05 19:00:00,19.05,19.59,19.02,19.34,833393
2011-08-05 19:30:00,19.34,19.96,19.29,19.78,699739
2011-08-05 20:00:00,19.77,19.91,19.55,19.82,396600
2011-08-05 20:30:00,19.83,19.97,19.67,19.84,419473
2011-08-05 21:00:00,19.83,19.86,19.63,19.71,307571
2011-08-05 21:30:00,19.7,19.83,19.64,19.68,598821
2011-08-05 22:00:00,19.68,19.71,19.4,19.4,526756
2011-08-05 22:30:00,19.39,19.7,19.39,19.57,825916
2011-08-08 16:30:00,18.89,19.33,18.75,18.8,602703
2011-08-08 17:00:00,18.81,18.89,18.38,18.39,571054
2011-08-08 17:30:00,18.38,18.48,18.24,18.27,654479
2011-08-08 18:00:00,18.27,18.58,18.19,18.33,672342
2011-08-08 18:30:00,18.32,18.34,18.11,18.12,1222867
2011-08-08 19:00:00,18.13,18.15,17.8,17.81,727902
2011-08-08 19:30:00,17.82,18.0,17.82,17.94,579519
2011-08-08 20:00:00,17.94,18.03,17.8,17.95,605011
2011-08-08 20:30:00,17.95,17.96,17.6,17.6,954238
2011-08-08 21:00:00,17.61,17.73,16.84,17.2,1011275
2011-08-08 21:30:00,17.21,17.32,17.02,17.1,750370
2011-08-08 22:00:00,17.1,17.8,17.09,17.59,1240472
2011-08-08 22:30:00,17.59,17.59,16.93,16.94,2254372
2011-08-09 16:30:00,17.47,17.91,17.16,17.65,1144743
2011-08-09 17:00:00,17.66,17.9,17.63,17.89,640772
2011-08-09 17:30:00,17.89,18.13,17.88,17.99,648101
2011-08-09 18:00:00,18.0,18.12,17.84,18.12,557496
2011-08-09 18:30:00,18.11,18.18,18.0,18.15,387809
2011-08-09 19:00:00,18.16,18.21,18.07,18.12,262413
2011-08-09 19:30:00,18.12,18.2,17.98,18.0,267896
2011-08-09 20:00:00,18.01,18.12,17.97,18.01,311692
2011-08-09 20:30:00,18.01,18.05,17.88,17.91,517789
2011-08-09 21:00:00,17.92,18.15,17.59,17.86,1060460
2011-08-09 21:30:00,17.86,17.87,17.14,17.54,872311
2011-08-09 22:00:00,17.53,18.03,17.39,17.93,1029131
2011-08-09 22:30:00,17.93,18.7,17.77,18.7,1686568
2011-08-10 16:30:00,18.07,18.26,17.37,17.55,1066637
2011-08-10 17:00:00,17.54,17.59,17.07,17.28,935210
2011-08-10 17:30:00,17.28,17.55,17.15,17.22,1020662
2011-08-10 18:00:00,17.22,17.23,16.99,17.03,702356
2011-08-10 18:30:00,17.03,17.23,16.93,17.17,750752
2011-08-10 19:00:00,17.17,17.25,17.0,17.0,698579
2011-08-10 19:30:00,16.99,17.27,16.95,17.25,477024
2011-08-10 20:00:00,17.25,17.33,17.07,17.25,634313
2011-08-10 20:30:00,17.24,17.5,17.19,17.5,660349
2011-08-10 21:00:00,17.49,17.72,17.4,17.63,816321
2011-08-10 21:30:00,17.62,17.68,17.36,17.36,501561
2011-08-10 22:00:00,17.37,17.44,17.05,17.07,790571
2011-08-10 22:30:00,17.08,17.08,16.58,16.61,1787558
2011-08-11 16:30:00,16.73,16.98,16.52,16.67,480992
2011-08-11 17:00:00,16.68,16.95,16.65,16.84,477281
2011-08-11 17:30:00,16.85,17.12,16.79,16.93,962360
2011-08-11 18:00:00,16.93,17.08,16.81,16.94,501130
2011-08-11 18:30:00,16.94,17.03,16.85,16.96,484541
2011-08-11 19:00:00,16.96,17.08,16.94,17.06,397828
2011-08-11 19:30:00,17.06,17.52,17.06,17.46,293426
2011-08-11 20:00:00,17.46,17.52,17.33,17.45,311159
2011-08-11 20:30:00,17.45,17.55,17.34,17.55,253600
2011-08-11 21:00:00,17.54,17.78,17.5,17.77,247902
2011-08-11 21:30:00,17.77,17.91,17.7,17.9,565254
2011-08-11 22:00:00,17.9,18.18,17.87,18.1,685663
2011-08-11 22:30:00,18.11,18.38,18.09,18.16,2097945
2011-08-12 16:30:00,18.3,18.77,18.13,18.3,786446
2011-08-12 17:00:00,18.3,18.35,18.0,18.19,720494
2011-08-12 17:30:00,18.19,18.36,17.94,18.06,587470
2011-08-12 18:00:00,18.06,18.12,17.91,17.99,474246
2011-08-12 18:30:00,17.97,18.37,17.95,18.31,322432
2011-08-12 19:00:00,18.31,18.35,18.19,18.29,186490
2011-08-12 19:30:00,18.29,18.3,18.12,18.26,192265
2011-08-12 20:00:00,18.25,18.28,18.13,18.17,143782
2011-08-12 20:30:00,18.18,18.31,18.13,18.27,309900
2011-08-12 21:00:00,18.27,18.29,17.99,18.02,361017
2011-08-12 21:30:00,18.02,18.04,17.88,17.94,640339
2011-08-12 22:00:00,17.95,18.02,17.81,17.81,581428
2011-08-12 22:30:00,17.81,17.82,17.71,17.78,1022622
2011-08-15 16:30:00,17.98,18.2,17.95,18.07,461504
2011-08-15 17:00:00,18.07,18.36,18.05,18.3,516983
2011-08-15 17:30:00,18.31,18.31,18.12,18.14,280717
2011-08-15 18:00:00,18.14,18.25,18.08,18.09,251038
2011-08-15 18:30:00,18.1,18.22,18.03,18.19,266896
2011-08-15 19:00:00,18.19,18.26,18.16,18.25,181246
2011-08-15 19:30:00,18.26,18.32,18.21,18.31,181705
2011-08-15 20:00:00,18.31,18.34,18.18,18.19,216445
2011-08-15 20:30:00,18.2,18.22,18.15,18.18,338723
2011-08-15 21:00:00,18.19,18.24,18.17,18.24,303690
2011-08-15 21:30:00,18.24,18.29,18.2,18.26,539018
2011-08-15 22:00:00,18.26,18.38,18.2,18.21,350544
2011-08-15 22:30:00,18.22,18.33,18.16,18.33,999861
2011-08-16 16:30:00,18.04,18.17,17.93,18.02,275545
2011-08-16 17:00:00,18.01,18.09,17.95,18.08,399463
2011-08-16 17:30:00,18.08,18.18,18.05,18.18,368845
2011-08-16 18:00:00,18.17,18.23,18.13,18.22,275326
2011-08-16 18:30:00,18.21,18.36,18.17,18.35,300007
2011-08-16 19:00:00,18.35,18.49,18.07,18.1,619422
2011-08-16 19:30:00,18.1,18.16,18.04,18.06,293751
2011-08-16 20:00:00,18.06,18.06,17.85,17.95,211653
2011-08-16 20:30:00,17.95,18.01,17.86,17.93,187227
2011-08-16 21:00:00,17.93,18.07,17.91,17.93,310504
2011-08-16 21:30:00,17.92,17.94,17.82,17.85,340930
2011-08-16 22:00:00,17.85,18.01,17.84,18.01,548037
2011-08-16 22:30:00,18.0,18.05,17.9,17.91,916714
2011-08-17 16:30:00,18.04,18.2,17.98,18.12,176526
2011-08-17 17:00:00,18.13,18.15,18.02,18.14,225566
2011-08-17 17:30:00,18.14,18.16,18.04,18.04,196250
2011-08-17 18:00:00,18.04,18.11,18.02,18.05,383836
2011-08-17 18:30:00,18.05,18.08,17.89,17.93,151105
2011-08-17 19:00:00,17.93,17.96,17.81,17.85,158021
2011-08-17 19:30:00,17.84,17.97,17.8,17.83,324152
2011-08-17 20:00:00,17.84,17.87,17.76,17.78,145388
2011-08-17 20:30:00,17.78,17.81,17.71,17.78,180553
2011-08-17 21:00:00,17.78,17.88,17.78,17.85,161903
2011-08-17 21:30:00,17.84,17.87,17.76,17.87,329320
2011-08-17 22:00:00,17.88,17.91,17.83,17.85,256367
2011-08-17 22:30:00,17.86,17.9,17.8,17.84,717627
2011-08-18 16:30:00,17.05,17.05,16.42,16.52,807701
2011-08-18 17:00:00,16.51,16.51,16.13,16.38,1232513
2011-08-18 17:30:00,16.38,16.45,16.17,16.45,734691
2011-08-18 18:00:00,16.45,16.48,16.29,16.4,416547
2011-08-18 18:30:00,16.39,16.5,16.39,16.39,318151
2011-08-18 19:00:00,16.4,16.4,16.23,16.31,414379
2011-08-18 19:30:00,16.31,16.33,16.22,16.28,338065
2011-08-18 20:00:00,16.28,16.33,16.23,16.33,374740
2011-08-18 20:30:00,16.32,16.33,16.17,16.24,399380
2011-08-18 21:00:00,16.23,16.38,16.22,16.35,471580
2011-08-18 21:30:00,16.35,16.37,16.07,16.07,434454
2011-08-18 22:00:00,16.08,16.18,16.0,16.18,682421
2011-08-18 22:30:00,16.17,16.28,16.05,16.22,2436858
2011-08-19 16:30:00,15.88,16.59,15.88,16.55,1080774
2011-08-19 17:00:00,16.55,16.85,16.46,16.78,715903
2011-08-19 17:30:00,16.78,16.82,16.54,16.65,687205
2011-08-19 18:00:00,16.65,16.65,16.43,16.49,510938
2011-08-19 18:30:00,16.5,16.57,16.38,16.57,543049
2011-08-19 19:00:00,16.56,16.58,16.41,16.45,257858
2011-08-19 19:30:00,16.46,16.55,16.44,16.47,207348
2011-08-19 20:00:00,16.46,16.49,16.37,16.4,220454
2011-08-19 20:30:00,16.4,16.41,16.29,16.34,344528
2011-08-19 21:00:00,16.33,16.38,16.16,16.25,485770
2011-08-19 21:30:00,16.25,16.31,16.16,16.19,388635
2011-08-19 22:00:00,16.18,16.29,16.12,16.26,488338
2011-08-19 22:30:00,16.27,16.27,16.05,16.11,1165766
2011-08-22 16:30:00,16.61,16.68,16.25,16.26,367389
2011-08-22 17:00:00,16.25,16.29,16.06,16.23,592351
2011-08-22 17:30:00,16.24,16.26,16.01,16.03,358621
2011-08-22 18:00:00,16.02,16.06,15.93,15.95,390243
2011-08-22 18:30:00,15.96,15.97,15.75,15.79,495270
2011-08-22 19:00:00,15.8,15.97,15.79,15.94,361594
2011-08-22 19:30:00,15.92,16.16,15.85,16.14,393925
2011-08-22 20:00:00,16.13,16.16,16.03,16.07,265477
2011-08-22 20:30:00,16.08,16.11,15.96,16.07,339900
2011-08-22 21:00:00,16.08,16.17,16.03,16.08,421983
2011-08-22 21:30:00,16.07,16.13,16.01,16.05,278361
2011-08-22 22:00:00,16.05,16.14,16.01,16.12,332100
2011-08-22 22:30:00,16.12,16.17,15.94,15.98,892872
2011-08-23 16:30:00,16.07,16.1,15.78,16.03,270728
2011-08-23 17:00:00,16.02,16.32,16.0,16.28,375422
2011-08-23 17:30:00,16.28,16.33,16.12,16.12,233527
2011-08-23 18:00:00,16.13,16.34,16.13,16.33,228304
2011-08-23 18:30:00,16.34,16.64,16.32,16.63,304781
2011-08-23 19:00:00,16.63,16.72,16.51,16.7,402155
2011-08-23 19:30:00,16.7,16.89,16.69,16.85,386722
2011-08-23 20:00:00,16.86,16.94,16.72,16.74,324821
2011-08-23 20:30:00,16.73,16.76,16.52,16.6,352740
2011-08-23 21:00:00,16.61,16.69,16.56,16.68,770412
2011-08-23 21:30:00,16.69,16.73,16.6,16.71,422073
2011-08-23 22:00:00,16.72,17.0,16.71,16.83,557025
2011-08-23 22:30:00,16.83,17.1,16.79,17.1,1385895
2011-08-24 16:30:00,17.06,17.49,16.88,17.47,398622
2011-08-24 17:00:00,17.46,17.61,17.41,17.48,600406
2011-08-24 17:30:00,17.49,17.52,17.32,17.33,573827
2011-08-24 18:00:00,17.32,17.5,17.29,17.45,1006867
2011-08-24 18:30:00,17.44,17.46,17.33,17.34,775876
2011-08-24 19:00:00,17.35,17.44,17.28,17.4,685263
2011-08-24 19:30:00,17.39,17.5,17.33,17.49,330499
2011-08-24 20:00:00,17.49,17.56,17.43,17.51,348603
2011-08-24 20:30:00,17.52,17.54,17.3,17.43,342230
2011-08-24 21:00:00,17.43,17.49,17.35,17.38,462157
2011-08-24 21:30:00,17.38,17.46,17.33,17.44,542844
2011-08-24 22:00:00,17.44,17.7,17.39,17.65,739009
2011-08-24 22:30:00,17.66,17.82,17.65,17.77,1406247
2011-08-25 16:30:00,17.94,18.45,17.93,18.1,1167748
2011-08-25 17:00:00,18.09,18.09,17.65,17.69,638751
2011-08-25 17:30:00,17.69,17.76,17.33,17.47,725894
2011-08-25 18:00:00,17.48,17.53,17.24,17.31,741433
2011-08-25 18:30:00,17.31,17.34,17.1,17.2,388407
2011-08-25 19:00:00,17.21,17.24,16.99,17.04,283990
2011-08-25 19:30:00,17.04,17.04,16.8,16.96,431617
2011-08-25 20:00:00,16.96,17.12,16.94,17.11,596211
2011-08-25 20:30:00,17.11,17.16,17.03,17.16,352528
2011-08-25 21:00:00,17.17,17.26,17.08,17.17,428524
2011-08-25 21:30:00,17.18,17.25,17.07,17.07,371290
2011-08-25 22:00:00,17.06,17.3,17.01,17.21,575486
2011-08-25 22:30:00,17.2,17.23,17.0,17.04,1262164
2011-08-26 16:30:00,16.75,16.94,16.55,16.66,619786
2011-08-26 17:00:00,16.66,16.79,16.28,16.76,855436
2011-08-26 17:30:00,16.75,17.08,16.63,16.83,628362
2011-08-26 18:00:00,16.84,17.27,16.8,17.08,557537
2011-08-26 18:30:00,17.09,17.19,17.04,17.12,348482
2011-08-26 19:00:00,17.13,17.38,17.13,17.36,337730
2011-08-26 19:30:00,17.36,17.36,17.13,17.24,296772
2011-08-26 20:00:00,17.25,17.36,17.18,17.33,272069
2011-08-26 20:30:00,17.33,17.41,17.25,17.28,391643
2011-08-26 21:00:00,17.29,17.34,17.13,17.13,508459
2011-08-26 21:30:00,17.13,17.19,17.08,17.15,559846
2011-08-26 22:00:00,17.15,17.16,16.92,16.98,480610
2011-08-26 22:30:00,16.99,17.1,16.95,17.07,1411855
2011-08-29 16:30:00,17.44,17.78,17.44,17.76,283276
2011-08-29 17:00:00,17.74,17.98,17.69,17.91,273548
2011-08-29 17:30:00,17.91,17.96,17.84,17.84,188891
2011-08-29 18:00:00,17.85,17.86,17.76,17.81,249027
2011-08-29 18:30:00,17.81,17.86,17.79,17.8,138087
2011-08-29 19:00:00,17.8,17.87,17.8,17.84,106665
2011-08-29 19:30:00,17.84,17.95,17.82,17.93,78114
2011-08-29 20:00:00,17.93,18.04,17.93,18.02,132261
2011-08-29 20:30:00,18.02,18.06,18.01,18.04,144128
2011-08-29 21:00:00,18.04,18.13,18.03,18.09,97165
2011-08-29 21:30:00,18.1,18.12,18.0,18.02,176528
2011-08-29 22:00:00,18.01,18.08,17.97,18.05,181155
2011-08-29 22:30:00,18.05,18.11,18.02,18.1,623097
2011-08-30 16:30:00,17.98,18.02,17.84,17.88,243613
2011-08-30 17:00:00,17.85,17.95,17.69,17.89,339781
2011-08-30 17:30:00,17.88,18.01,17.81,17.89,318206
2011-08-30 18:00:00,17.88,18.09,17.85,18.06,338732
2011-08-30 18:30:00,18.05,18.21,18.02,18.1,213541
2011-08-30 19:00:00,18.11,18.12,17.95,18.01,224386
2011-08-30 19:30:00,18.0,18.03,17.85,17.9,221229
2011-08-30 20:00:00,17.9,17.96,17.85,17.9,242942
2011-08-30 20:30:00,17.91,17.94,17.83,17.9,245551
2011-08-30 21:00:00,17.9,18.06,17.85,18.06,515633
2011-08-30 21:30:00,18.06,18.07,17.92,18.03,313956
2011-08-30 22:00:00,18.02,18.03,17.92,17.99,379726
2011-08-30 22:30:00,17.99,18.1,17.92,17.93,824488
2011-08-31 16:30:00,18.07,18.39,18.03,18.37,353895
2011-08-31 17:00:00,18.38,18.58,18.36,18.51,422909
2011-08-31 17:30:00,18.5,18.55,18.39,18.39,236366
2011-08-31 18:00:00,18.39,18.43,18.23,18.28,161675
2011-08-31 18:30:00,18.28,18.37,18.25,18.26,229693
2011-08-31 19:00:00,18.26,18.4,18.26,18.38,162864
2011-08-31 19:30:00,18.38,18.44,18.37,18.44,148507
2011-08-31 20:00:00,18.44,18.47,18.37,18.4,166875
2011-08-31 20:30:00,18.4,18.43,18.29,18.3,222365
2011-08-31 21:00:00,18.3,18.34,18.24,18.3,236575
2011-08-31 21:30:00,18.29,18.3,18.12,18.2,243980
2011-08-31 22:00:00,18.2,18.27,18.06,18.23,442445
2011-08-31 22:30:00,18.23,18.4,18.19,18.29,971167
2011-09-01 16:30:00,18.34,18.36,17.98,18.02,286070
2011-09-01 17:00:00,18.01,18.39,17.98,18.32,404331
2011-09-01 17:30:00,18.31,18.33,18.15,18.15,317307
2011-09-01 18:00:00,18.15,18.31,18.09,18.3,223135
2011-09-01 18:30:00,18.3,18.37,18.25,18.32,146253
2011-09-01 19:00:00,18.33,18.38,18.24,18.38,161075
2011-09-01 19:30:00,18.37,18.47,18.37,18.44,542957
2011-09-01 20:00:00,18.43,18.45,18.35,18.42,545839
2011-09-01 20:30:00,18.42,18.42,18.13,18.14,307233
2011-09-01 21:00:00,18.14,18.16,18.0,18.06,339842
2011-09-01 21:30:00,18.06,18.15,18.06,18.09,231404
2011-09-01 22:00:00,18.09,18.12,18.01,18.07,265916
2011-09-01 22:30:00,18.06,18.11,17.99,18.1,1434883
2011-09-02 16:30:00,17.62,17.63,17.36,17.51,387563
2011-09-02 17:00:00,17.51,17.54,17.39,17.41,286164
2011-09-02 17:30:00,17.4,17.4,17.2,17.25,288625
2011-09-02 18:00:00,17.25,17.4,17.21,17.38,330344
2011-09-02 18:30:00,17.38,17.42,17.33,17.37,213847
2011-09-02 19:00:00,17.37,17.43,17.31,17.33,177879
2011-09-02 19:30:00,17.32,17.33,17.25,17.27,124519
2011-09-02 20:00:00,17.26,17.29,17.11,17.12,141543
2011-09-02 20:30:00,17.11,17.15,17.07,17.12,172087
2011-09-02 21:00:00,17.12,17.14,16.99,17.11,519616
2011-09-02 21:30:00,17.1,17.11,17.03,17.05,447171
2011-09-02 22:00:00,17.06,17.09,16.96,17.01,281285
2011-09-02 22:30:00,17.01,17.14,16.98,17.01,748471
2011-09-06 16:30:00,16.18,16.5,16.09,16.44,475209
2011-09-06 17:00:00,16.44,16.55,16.33,16.34,665524
2011-09-06 17:30:00,16.33,16.36,16.18,16.32,422324
2011-09-06 18:00:00,16.31,16.42,16.21,16.39,392917
2011-09-06 18:30:00,16.39,16.57,16.39,16.51,416163
2011-09-06 19:00:00,16.51,16.68,16.48,16.66,310843
2011-09-06 19:30:00,16.66,16.66,16.56,16.58,314755
2011-09-06 20:00:00,16.59,16.66,16.55,16.6,261904
2011-09-06 20:30:00,16.59,16.75,16.54,16.72,219884
2011-09-06 21:00:00,16.71,16.88,16.69,16.86,285440
2011-09-06 21:30:00,16.85,16.88,16.69,16.7,380594
2011-09-06 22:00:00,16.71,16.73,16.59,16.63,421926
2011-09-06 22:30:00,16.63,16.88,16.6,16.84,1031793
2011-09-07 16:30:00,17.23,17.54,17.15,17.54,388980
2011-09-07 17:00:00,17.54,17.66,17.49,17.55,310204
2011-09-07 17:30:00,17.54,17.68,17.54,17.66,568155
2011-09-07 18:00:00,17.66,17.79,17.63,17.73,404911
2011-09-07 18:30:00,17.74,17.84,17.68,17.83,221026
2011-09-07 19:00:00,17.83,17.84,17.72,17.72,192287
2011-09-07 19:30:00,17.73,17.83,17.73,17.79,123012
2011-09-07 20:00:00,17.79,17.92,17.76,17.89,194120
2011-09-07 20:30:00,17.89,17.96,17.85,17.95,177771
2011-09-07 21:00:00,17.95,18.06,17.93,18.01,360754
2011-09-07 21:30:00,18.02,18.06,18.0,18.01,184166
2011-09-07 22:00:00,18.01,18.02,17.8,17.82,318995
2011-09-07 22:30:00,17.82,17.96,17.73,17.96,1214419
2011-09-08 16:30:00,17.64,17.87,17.52,17.56,233435
2011-09-08 17:00:00,17.56,17.75,17.46,17.63,154041
2011-09-08 17:30:00,17.63,17.86,17.62,17.85,298650
2011-09-08 18:00:00,17.85,17.91,17.76,17.77,183720
2011-09-08 18:30:00,17.77,17.88,17.65,17.7,140885
2011-09-08 19:00:00,17.69,17.76,17.66,17.66,170725
2011-09-08 19:30:00,17.66,17.75,17.6,17.73,107300
2011-09-08 20:00:00,17.73,17.73,17.61,17.65,84994
2011-09-08 20:30:00,17.65,17.72,17.39,17.45,233616
2011-09-08 21:00:00,17.43,17.53,17.34,17.38,158414
2011-09-08 21:30:00,17.37,17.46,17.35,17.44,181163
2011-09-08 22:00:00,17.44,17.44,17.28,17.38,253507
2011-09-08 22:30:00,17.37,17.41,17.25,17.25,1030520
2011-09-09 16:30:00,16.96,17.04,16.75,16.88,461120
2011-09-09 17:00:00,16.89,17.03,16.83,17.02,467919
2011-09-09 17:30:00,17.02,17.05,16.81,16.93,380966
2011-09-09 18:00:00,16.92,17.09,16.67,16.72,470862
2011-09-09 18:30:00,16.71,16.79,16.55,16.6,485818
2011-09-09 19:00:00,16.6,16.63,16.52,16.56,377124
2011-09-09 19:30:00,16.55,16.62,16.42,16.62,506076
2011-09-09 20:00:00,16.62,16.77,16.55,16.64,268975
2011-09-09 20:30:00,16.65,16.65,16.48,16.49,313471
2011-09-09 21:00:00,16.5,16.57,16.44,16.45,328554
2011-09-09 21:30:00,16.46,16.55,16.38,16.4,296421
2011-09-09 22:00:00,16.4,16.5,16.36,16.4,361215
2011-09-09 22:30:00,16.4,16.61,16.39,16.47,1333847
2011-09-12 16:30:00,16.24,16.51,16.07,16.42,344141
2011-09-12 17:00:00,16.42,16.53,16.12,16.12,470253
2011-09-12 17:30:00,16.13,16.16,15.89,15.89,340071
2011-09-12 18:00:00,15.9,16.22,15.89,16.18,186382
2011-09-12 18:30:00,16.17,16.23,16.06,16.07,216393
2011-09-12 19:00:00,16.07,16.11,15.95,16.05,491346
2011-09-12 19:30:00,16.06,16.06,15.95,16.06,271305
2011-09-12 20:00:00,16.05,16.12,16.0,16.02,263059
2011-09-12 20:30:00,16.03,16.09,15.98,16.07,388685
2011-09-12 21:00:00,16.07,16.07,15.94,16.03,187206
2011-09-12 21:30:00,16.02,16.31,16.0,16.09,411514
2011-09-12 22:00:00,16.1,16.19,15.98,16.17,366295
2011-09-12 22:30:00,16.17,16.66,16.17,16.64,1349002
2011-09-13 16:30:00,16.72,16.94,16.45,16.83,412031
2011-09-13 17:00:00,16.83,16.99,16.8,16.89,327848
2011-09-13 17:30:00,16.89,16.97,16.71,16.73,342687
2011-09-13 18:00:00,16.72,16.76,16.44,16.5,749110
2011-09-13 18:30:00,16.51,16.65,16.47,16.48,427613
2011-09-13 19:00:00,16.48,16.58,16.43,16.56,397506
2011-09-13 19:30:00,16.55,16.66,16.5,16.63,289669
2011-09-13 20:00:00,16.64,16.68,16.61,16.66,244610
2011-09-13 20:30:00,16.65,16.75,16.59,16.69,401330
2011-09-13 21:00:00,16.67,16.74,16.65,16.74,1110580
2011-09-13 21:30:00,16.74,16.8,16.53,16.62,885313
2011-09-13 22:00:00,16.62,16.72,16.5,16.63,414442
2011-09-13 22:30:00,16.64,16.75,16.63,16.68,904152
2011-09-14 16:30:00,16.92,17.03,16.75,16.82,402157
2011-09-14 17:00:00,16.83,16.86,16.48,16.59,498491
2011-09-14 17:30:00,16.59,16.73,16.53,16.73,307317
2011-09-14 18:00:00,16.71,16.95,16.65,16.95,217629
2011-09-14 18:30:00,16.94,16.96,16.77,16.85,221213
2011-09-14 19:00:00,16.85,16.86,16.75,16.86,277818
2011-09-14 19:30:00,16.86,16.97,16.86,16.92,255975
2011-09-14 20:00:00,16.92,17.07,16.92,17.05,280562
2011-09-14 20:30:00,17.05,17.23,17.05,17.1,402653
2011-09-14 21:00:00,17.1,17.35,17.1,17.28,459433
2011-09-14 21:30:00,17.28,17.37,17.25,17.36,602805
2011-09-14 22:00:00,17.36,17.65,17.36,17.63,755644
2011-09-14 22:30:00,17.62,17.67,17.38,17.42,1873766
2011-09-15 16:30:00,17.7,17.75,17.56,17.67,427996
2011-09-15 17:00:00,17.68,17.83,17.64,17.79,1442917
2011-09-15 17:30:00,17.79,17.93,17.7,17.84,711643
2011-09-15 18:00:00,17.84,18.04,17.8,17.97,619410
2011-09-15 18:30:00,17.97,18.11,17.95,18.09,632233
2011-09-15 19:00:00,18.09,18.26,18.08,18.09,823695
2011-09-15 19:30:00,18.09,18.19,18.05,18.08,287145
2011-09-15 20:00:00,18.09,18.2,18.06,18.14,295620
2011-09-15 20:30:00,18.13,18.2,18.07,18.2,301998
2011-09-15 21:00:00,18.2,18.25,18.15,18.18,381762
2011-09-15 21:30:00,18.18,18.29,18.18,18.27,437764
2011-09-15 22:00:00,18.27,18.31,18.18,18.2,687483
2011-09-15 22:30:00,18.2,18.42,18.19,18.39,1856342
2011-09-16 16:30:00,18.3,18.58,18.29,18.34,1693192
2011-09-16 17:00:00,18.33,18.45,18.11,18.14,609405
2011-09-16 17:30:00,18.14,18.2,17.89,18.0,380375
2011-09-16 18:00:00,18.0,18.03,17.85,17.91,381200
2011-09-16 18:30:00,17.92,18.09,17.82,18.05,244247
2011-09-16 19:00:00,18.05,18.14,18.03,18.12,241714
2011-09-16 19:30:00,18.12,18.3,18.11,18.22,190291
2011-09-16 20:00:00,18.23,18.24,18.15,18.18,309828
2011-09-16 20:30:00,18.19,18.21,18.05,18.18,223673
2011-09-16 21:00:00,18.18,18.32,18.17,18.28,723878
2011-09-16 21:30:00,18.28,18.5,18.28,18.49,673481
2011-09-16 22:00:00,18.49,18.5,18.29,18.29,597005
2011-09-16 22:30:00,18.29,18.67,18.29,18.66,1464187
2011-09-19 16:30:00,18.14,18.14,17.69,17.69,402499
2011-09-19 17:00:00,17.7,17.76,17.63,17.71,470563
2011-09-19 17:30:00,17.71,17.85,17.67,17.67,275358
2011-09-19 18:00:00,17.68,17.78,17.66,17.68,272967
2011-09-19 18:30:00,17.67,17.8,17.64,17.75,180725
2011-09-19 19:00:00,17.75,17.83,17.66,17.68,152024
2011-09-19 19:30:00,17.68,17.68,17.55,17.59,161612
2011-09-19 20:00:00,17.58,17.61,17.52,17.58,166209
2011-09-19 20:30:00,17.59,17.63,17.56,17.62,121525
2011-09-19 21:00:00,17.61,17.7,17.52,17.6,217805
2011-09-19 21:30:00,17.6,17.73,17.6,17.62,229391
2011-09-19 22:00:00,17.62,18.01,17.59,18.01,778489
2011-09-19 22:30:00,18.0,18.18,17.99,18.04,1839038
2011-09-20 16:30:00,18.09,18.15,17.97,18.02,386245
2011-09-20 17:00:00,18.03,18.14,17.93,18.08,294402
2011-09-20 17:30:00,18.09,18.31,18.07,18.25,289882
2011-09-20 18:00:00,18.25,18.39,18.24,18.34,268826
2011-09-20 18:30:00,18.33,18.35,18.17,18.25,360513
2011-09-20 19:00:00,18.24,18.25,18.11,18.19,166500
2011-09-20 19:30:00,18.19,18.28,18.12,18.22,105747
2011-09-20 20:00:00,18.21,18.29,18.18,18.24,127924
2011-09-20 20:30:00,18.22,18.25,18.15,18.16,230910
2011-09-20 21:00:00,18.16,18.22,18.12,18.17,313323
2011-09-20 21:30:00,18.18,18.21,18.05,18.05,329997
2011-09-20 22:00:00,18.05,18.07,17.87,17.92,533807
2011-09-20 22:30:00,17.91,18.0,17.83,17.86,933383
2011-09-21 16:30:00,18.15,18.15,17.76,18.11,526723
2011-09-21 17:00:00,18.12,18.16,17.94,17.95,334194
2011-09-21 17:30:00,17.96,17.99,17.75,17.8,235105
2011-09-21 18:00:00,17.8,17.87,17.74,17.8,485405
2011-09-21 18:30:00,17.8,17.96,17.78,17.87,485109
2011-09-21 19:00:00,17.88,17.92,17.8,17.83,353367
2011-09-21 19:30:00,17.85,17.9,17.64,17.76,402809
2011-09-21 20:00:00,17.76,17.86,17.75,17.83,201640
2011-09-21 20:30:00,17.83,17.87,17.77,17.86,244237
2011-09-21 21:00:00,17.86,18.05,17.69,17.82,435869
2011-09-21 21:30:00,17.8,17.89,17.54,17.55,553346
2011-09-21 22:00:00,17.54,17.69,17.48,17.49,446216
2011-09-21 22:30:00,17.49,17.52,16.87,16.87,1764927
2011-09-22 16:30:00,16.28,16.4,16.1,16.2,804404
2011-09-22 17:00:00,16.24,16.52,16.21,16.41,459980
2011-09-22 17:30:00,16.41,16.52,16.28,16.31,367384
2011-09-22 18:00:00,16.31,16.4,16.23,16.28,560798
2011-09-22 18:30:00,16.27,16.35,16.19,16.19,521893
2011-09-22 19:00:00,16.19,16.36,16.18,16.3,681601
2011-09-22 19:30:00,16.3,16.34,16.24,16.3,697594
2011-09-22 20:00:00,16.31,16.31,16.0,16.0,872145
2011-09-22 20:30:00,16.01,16.08,15.92,15.94,813450
2011-09-22 21:00:00,15.93,16.28,15.88,16.15,944520
2011-09-22 21:30:00,16.14,16.16,15.8,15.8,1159212
2011-09-22 22:00:00,15.8,15.91,15.59,15.72,853990
2011-09-22 22:30:00,15.72,15.96,15.69,15.89,2428711
2011-09-23 16:30:00,15.85,16.02,15.71,15.87,608159
2011-09-23 17:00:00,15.87,15.94,15.66,15.84,672433
2011-09-23 17:30:00,15.85,16.07,15.78,16.07,424259
2011-09-23 18:00:00,16.06,16.08,15.93,15.99,484640
2011-09-23 18:30:00,15.99,15.99,15.79,15.86,356427
2011-09-23 19:00:00,15.87,15.95,15.79,15.8,362329
2011-09-23 19:30:00,15.81,15.86,15.67,15.68,429319
2011-09-23 20:00:00,15.69,15.75,15.61,15.61,464400
2011-09-23 20:30:00,15.61,15.9,15.6,15.87,760523
2011-09-23 21:00:00,15.86,15.92,15.67,15.67,396989
2011-09-23 21:30:00,15.68,15.77,15.59,15.6,353511
2011-09-23 22:00:00,15.6,15.78,15.59,15.78,673209
2011-09-23 22:30:00,15.78,15.84,15.65,15.75,1595002
2011-09-26 16:30:00,16.04,16.14,15.66,15.67,410297
2011-09-26 17:00:00,15.67,15.75,15.46,15.6,383523
2011-09-26 17:30:00,15.6,15.65,15.4,15.64,660239
2011-09-26 18:00:00,15.64,15.85,15.62,15.8,563787
2011-09-26 18:30:00,15.81,16.0,15.75,15.98,459417
2011-09-26 19:00:00,15.97,15.98,15.74,15.79,302508
2011-09-26 19:30:00,15.8,15.82,15.61,15.69,319613
2011-09-26 20:00:00,15.68,15.68,15.49,15.52,338409
2011-09-26 20:30:00,15.53,15.64,15.47,15.62,415664
2011-09-26 21:00:00,15.63,15.83,15.61,15.71,418344
2011-09-26 21:30:00,15.71,15.85,15.66,15.82,343010
2011-09-26 22:00:00,15.83,16.03,15.82,16.0,576650
2011-09-26 22:30:00,16.0,16.35,15.96,16.32,1335334
2011-09-27 16:30:00,16.92,17.04,16.76,16.96,643390
2011-09-27 17:00:00,16.96,17.08,16.89,16.99,687123
2011-09-27 17:30:00,16.99,17.11,16.9,17.11,659552
2011-09-27 18:00:00,17.11,17.12,16.95,17.02,481899
2011-09-27 18:30:00,17.02,17.08,16.93,16.98,371391
2011-09-27 19:00:00,16.99,17.17,16.98,17.09,430906
2011-09-27 19:30:00,17.09,17.11,17.0,17.04,328873
2011-09-27 20:00:00,17.05,17.05,16.94,16.96,329328
2011-09-27 20:30:00,16.96,17.1,16.9,17.1,405761
2011-09-27 21:00:00,17.1,17.15,17.01,17.01,406075
2011-09-27 21:30:00,17.02,17.1,16.99,17.02,407608
2011-09-27 22:00:00,17.02,17.02,16.51,16.58,753901
2011-09-27 22:30:00,16.57,16.66,16.33,16.53,1773920
2011-09-28 16:30:00,16.66,16.76,16.35,16.7,419676
2011-09-28 17:00:00,16.7,16.72,16.38,16.44,802376
2011-09-28 17:30:00,16.44,16.5,16.28,16.38,597032
2011-09-28 18:00:00,16.38,16.38,16.19,16.3,392172
2011-09-28 18:30:00,16.3,16.45,16.18,16.38,334777
2011-09-28 19:00:00,16.38,16.41,16.21,16.34,229990
2011-09-28 19:30:00,16.33,16.33,16.16,16.28,181456
2011-09-28 20:00:00,16.27,16.29,16.11,16.13,203005
2011-09-28 20:30:00,16.13,16.14,16.01,16.03,365329
2011-09-28 21:00:00,16.03,16.13,15.96,16.11,356719
2011-09-28 21:30:00,16.11,16.14,16.0,16.05,354965
2011-09-28 22:00:00,16.05,16.21,16.01,16.04,596001
2011-09-28 22:30:00,16.04,16.07,15.81,15.85,1588119
2011-09-29 16:30:00,16.3,16.78,16.15,16.56,548640
2011-09-29 17:00:00,16.56,16.6,16.38,16.4,377434
2011-09-29 17:30:00,16.39,16.41,16.16,16.26,374596
2011-09-29 18:00:00,16.26,16.37,16.2,16.36,283986
2011-09-29 18:30:00,16.35,16.48,16.33,16.39,228757
2011-09-29 19:00:00,16.39,16.47,16.31,16.4,215754
2011-09-29 19:30:00,16.4,16.4,16.22,16.26,280619
2011-09-29 20:00:00,16.26,16.35,16.21,16.22,237454
2011-09-29 20:30:00,16.22,16.24,15.99,16.09,420017
2011-09-29 21:00:00,16.09,16.13,15.9,16.06,467737
2011-09-29 21:30:00,16.06,16.14,15.97,16.13,588525
2011-09-29 22:00:00,16.13,16.18,15.92,16.13,505211
2011-09-29 22:30:00,16.13,16.47,16.12,16.47,1168957
2011-09-30 16:30:00,16.11,16.15,15.55,15.55,644360
2011-09-30 17:00:00,15.55,15.84,15.54,15.71,480341
2011-09-30 17:30:00,15.71,15.71,15.46,15.47,337365
2011-09-30 18:00:00,15.47,15.74,15.45,15.68,405710
2011-09-30 18:30:00,15.69,15.96,15.69,15.86,662335
2011-09-30 19:00:00,15.86,15.88,15.74,15.74,300763
2011-09-30 19:30:00,15.75,15.76,15.69,15.71,181347
2011-09-30 20:00:00,15.7,15.76,15.66,15.73,230755
2011-09-30 20:30:00,15.73,15.88,15.72,15.84,279412
2011-09-30 21:00:00,15.83,15.86,15.67,15.71,517047
2011-09-30 21:30:00,15.71,15.82,15.65,15.78,552631
2011-09-30 22:00:00,15.78,15.83,15.68,15.7,619190
2011-09-30 22:30:00,15.7,15.76,15.5,15.51,2665105
2011-10-03 16:30:00,15.39,15.59,15.12,15.33,524295
2011-10-03 17:00:00,15.33,15.62,15.31,15.37,463603
2011-10-03 17:30:00,15.38,15.39,15.09,15.25,426051
2011-10-03 18:00:00,15.25,15.29,15.1,15.22,369780
2011-10-03 18:30:00,15.22,15.36,15.13,15.3,421794
2011-10-03 19:00:00,15.3,15.32,15.18,15.19,461337
2011-10-03 19:30:00,15.2,15.21,15.05,15.1,433046
2011-10-03 20:00:00,15.1,15.1,14.93,14.98,447935
2011-10-03 20:30:00,14.98,15.08,14.9,15.02,828282
2011-10-03 21:00:00,15.01,15.12,14.96,15.03,780127
2011-10-03 21:30:00,15.02,15.1,14.9,15.07,731794
2011-10-03 22:00:00,15.06,15.13,14.97,14.99,824907
2011-10-03 22:30:00,15.02,15.16,14.84,14.84,2225104
2011-10-04 16:30:00,14.53,14.84,14.51,14.75,705772
2011-10-04 17:00:00,14.74,14.83,14.6,14.77,514390
2011-10-04 17:30:00,14.77,15.08,14.73,15.0,792151
2011-10-04 18:00:00,15.0,15.11,14.97,15.03,592848
2011-10-04 18:30:00,15.03,15.15,14.91,15.13,612370
2011-10-04 19:00:00,15.13,15.29,15.08,15.1,414919
2011-10-04 19:30:00,15.1,15.2,15.08,15.11,414276
2011-10-04 20:00:00,15.1,15.16,14.97,15.0,424401
2011-10-04 20:30:00,14.99,15.05,14.93,14.96,433353
2011-10-04 21:00:00,14.96,15.03,14.81,14.95,601722
2011-10-04 21:30:00,14.96,15.03,14.88,14.95,985667
2011-10-04 22:00:00,14.95,15.18,14.81,15.12,989328
2011-10-04 22:30:00,15.13,15.98,15.11,15.92,1587503
2011-10-05 16:30:00,15.95,16.03,15.77,15.97,599369
2011-10-05 17:00:00,15.97,16.12,15.94,15.94,479284
2011-10-05 17:30:00,15.94,16.25,15.94,16.24,421692
2011-10-05 18:00:00,16.24,16.26,16.09,16.14,286032
2011-10-05 18:30:00,16.13,16.19,16.01,16.11,322589
2011-10-05 19:00:00,16.12,16.14,15.88,15.89,244948
2011-10-05 19:30:00,15.88,15.96,15.78,15.95,355708
2011-10-05 20:00:00,15.95,16.12,15.94,16.08,292449
2011-10-05 20:30:00,16.09,16.17,15.97,16.15,284699
2011-10-05 21:00:00,16.16,16.19,16.0,16.12,351293
2011-10-05 21:30:00,16.13,16.17,15.93,16.13,360945
2011-10-05 22:00:00,16.14,16.25,16.06,16.24,631069
2011-10-05 22:30:00,16.24,16.55,16.24,16.39,1475739
2011-10-06 16:30:00,16.11,16.34,15.94,16.02,333205
2011-10-06 17:00:00,16.02,16.29,15.96,16.27,430937
2011-10-06 17:30:00,16.27,16.44,16.27,16.42,261342
2011-10-06 18:00:00,16.41,16.74,16.41,16.71,415292
2011-10-06 18:30:00,16.71,16.85,16.68,16.74,611256
2011-10-06 19:00:00,16.74,16.88,16.7,16.81,320196
2011-10-06 19:30:00,16.81,16.82,16.62,16.68,395405
2011-10-06 20:00:00,16.67,16.86,16.62,16.77,278499
2011-10-06 20:30:00,16.77,16.82,16.64,16.74,441414
2011-10-06 21:00:00,16.75,16.84,16.69,16.8,411882
2011-10-06 21:30:00,16.79,16.81,16.72,16.8,424947
2011-10-06 22:00:00,16.8,16.81,16.6,16.61,581610
2011-10-06 22:30:00,16.61,16.88,16.6,16.86,1585837
2011-10-07 16:30:00,17.09,17.12,16.63,16.78,546237
2011-10-07 17:00:00,16.78,16.85,16.67,16.77,353570
2011-10-07 17:30:00,16.77,16.82,16.53,16.53,284724
2011-10-07 18:00:00,16.53,16.58,16.41,16.54,440411
2011-10-07 18:30:00,16.55,16.56,16.4,16.48,229027
2011-10-07 19:00:00,16.49,16.5,16.19,16.27,516473
2011-10-07 19:30:00,16.27,16.29,15.96,16.01,572029
2011-10-07 20:00:00,16.01,16.1,15.93,16.08,357665
2011-10-07 20:30:00,16.08,16.08,15.88,15.98,243591
2011-10-07 21:00:00,15.99,16.16,15.96,15.99,377888
2011-10-07 21:30:00,16.0,16.11,15.95,16.08,363708
2011-10-07 22:00:00,16.09,16.37,16.04,16.36,763957
2011-10-07 22:30:00,16.36,16.41,16.12,16.22,1929192
2011-10-10 16:30:00,16.68,16.85,16.66,16.83,479761
2011-10-10 17:00:00,16.83,16.93,16.72,16.88,437198
2011-10-10 17:30:00,16.87,16.96,16.79,16.94,236695
2011-10-10 18:00:00,16.94,17.01,16.91,17.01,651330
2011-10-10 18:30:00,17.0,17.05,16.98,17.03,332187
2011-10-10 19:00:00,17.03,17.08,16.98,17.06,464743
2011-10-10 19:30:00,17.06,17.08,16.87,16.98,396967
2011-10-10 20:00:00,16.98,17.04,16.92,16.98,283682
2011-10-10 20:30:00,16.98,17.01,16.93,17.0,399517
2011-10-10 21:00:00,16.99,17.0,16.9,17.0,210714
2011-10-10 21:30:00,16.99,17.01,16.94,16.96,251504
2011-10-10 22:00:00,16.95,16.97,16.82,16.88,600832
2011-10-10 22:30:00,16.87,17.12,16.81,17.1,1651275
2011-10-11 16:30:00,16.84,16.97,16.77,16.9,375838
2011-10-11 17:00:00,16.9,17.01,16.79,16.97,436642
2011-10-11 17:30:00,16.97,17.12,16.95,17.0,629195
2011-10-11 18:00:00,17.0,17.08,16.9,17.01,522493
2011-10-11 18:30:00,17.0,17.13,17.0,17.11,250022
2011-10-11 19:00:00,17.11,17.12,16.98,17.03,391333
2011-10-11 19:30:00,17.03,17.04,16.87,16.9,504789
2011-10-11 20:00:00,16.9,16.96,16.82,16.94,508420
2011-10-11 20:30:00,16.95,17.01,16.88,17.0,487607
2011-10-11 21:00:00,17.0,17.0,16.89,16.92,322248
2011-10-11 21:30:00,16.92,16.97,16.85,16.96,375825
2011-10-11 22:00:00,16.95,17.05,16.9,16.9,604958
2011-10-11 22:30:00,16.91,17.02,16.9,16.92,1387935
2011-10-12 16:30:00,17.23,17.45,17.2,17.41,474338
2011-10-12 17:00:00,17.42,17.57,17.3,17.57,584600
2011-10-12 17:30:00,17.57,17.69,17.54,17.54,471150
2011-10-12 18:00:00,17.54,17.73,17.54,17.61,310335
2011-10-12 18:30:00,17.61,17.97,17.59,17.89,1234035
2011-10-12 19:00:00,17.89,17.9,17.75,17.8,643221
2011-10-12 19:30:00,17.79,17.86,17.74,17.85,436073
2011-10-12 20:00:00,17.85,17.91,17.83,17.87,346168
2011-10-12 20:30:00,17.88,17.94,17.83,17.87,456041
2011-10-12 21:00:00,17.87,18.06,17.85,18.05,578288
2011-10-12 21:30:00,18.04,18.13,17.92,17.95,457792
2011-10-12 22:00:00,17.94,18.09,17.94,18.06,1246665
2011-10-12 22:30:00,18.05,18.23,17.93,17.97,2300970
2011-10-13 16:30:00,17.71,17.82,17.41,17.48,361513
2011-10-13 17:00:00,17.47,17.55,17.19,17.28,1016367
2011-10-13 17:30:00,17.27,17.33,17.13,17.13,738566
2011-10-13 18:00:00,17.13,17.19,17.05,17.11,820392
2011-10-13 18:30:00,17.11,17.31,17.09,17.26,289071
2011-10-13 19:00:00,17.27,17.31,17.23,17.27,194321
2011-10-13 19:30:00,17.27,17.31,17.24,17.28,307260
2011-10-13 20:00:00,17.29,17.42,17.19,17.4,488723
2011-10-13 20:30:00,17.4,17.57,17.39,17.49,552292
2011-10-13 21:00:00,17.49,17.58,17.44,17.48,352502
2011-10-13 21:30:00,17.47,17.81,17.46,17.74,584781
2011-10-13 22:00:00,17.73,17.85,17.57,17.6,533763
2011-10-13 22:30:00,17.6,17.81,17.54,17.71,1369629
2011-10-14 16:30:00,18.05,18.34,18.0,18.16,472907
2011-10-14 17:00:00,18.16,18.24,17.99,17.99,644227
2011-10-14 17:30:00,18.0,18.19,17.93,18.18,444847
2011-10-14 18:00:00,18.18,18.24,18.11,18.13,416822
2011-10-14 18:30:00,18.13,18.15,18.0,18.01,193062
2011-10-14 19:00:00,18.0,18.0,17.89,17.94,154636
2011-10-14 19:30:00,17.94,17.96,17.82,17.85,245416
2011-10-14 20:00:00,17.85,18.0,17.84,18.0,218502
2011-10-14 20:30:00,17.99,18.03,17.97,18.0,290560
2011-10-14 21:00:00,17.99,18.11,17.99,18.1,290801
2011-10-14 21:30:00,18.09,18.13,18.0,18.13,193518
2011-10-14 22:00:00,18.13,18.18,18.06,18.15,251273
2011-10-14 22:30:00,18.14,18.25,18.0,18.15,805898
2011-10-17 16:30:00,18.04,18.04,17.76,17.89,315750
2011-10-17 17:00:00,17.89,17.95,17.75,17.75,435656
2011-10-17 17:30:00,17.75,17.83,17.61,17.7,342643
2011-10-17 18:00:00,17.69,17.88,17.69,17.87,239956
2011-10-17 18:30:00,17.86,17.86,17.77,17.8,158823
2011-10-17 19:00:00,17.79,17.91,17.76,17.86,255918
2011-10-17 19:30:00,17.85,17.94,17.77,17.86,324936
2011-10-17 20:00:00,17.85,17.91,17.8,17.84,235822
2011-10-17 20:30:00,17.83,17.89,17.7,17.75,433607
2011-10-17 21:00:00,17.74,17.77,17.51,17.68,482013
2011-10-17 21:30:00,17.69,17.71,17.56,17.7,339785
2011-10-17 22:00:00,17.7,17.77,17.64,17.67,479769
2011-10-17 22:30:00,17.66,17.71,17.5,17.57,1490569
2011-10-18 16:30:00,17.65,17.88,17.49,17.55,389533
2011-10-18 17:00:00,17.57,17.91,17.5,17.9,323806
2011-10-18 17:30:00,17.9,18.07,17.85,17.97,192022
2011-10-18 18:00:00,17.97,17.97,17.77,17.84,193663
2011-10-18 18:30:00,17.84,18.06,17.82,18.06,242335
2011-10-18 19:00:00,18.05,18.17,18.03,18.06,280127
2011-10-18 19:30:00,18.06,18.21,18.05,18.15,171521
2011-10-18 20:00:00,18.15,18.16,18.01,18.07,167864
2011-10-18 20:30:00,18.07,18.12,18.03,18.05,190103
2011-10-18 21:00:00,18.05,18.19,18.03,18.17,221506
2011-10-18 21:30:00,18.16,18.22,18.06,18.15,263023
2011-10-18 22:00:00,18.15,18.62,18.14,18.31,1014823
2011-10-18 22:30:00,18.31,18.55,18.12,18.36,3188039
2011-10-19 16:30:00,18.4,18.54,18.05,18.18,325586
2011-10-19 17:00:00,18.18,18.27,18.06,18.27,411743
2011-10-19 17:30:00,18.27,18.33,18.17,18.17,251374
2011-10-19 18:00:00,18.17,18.18,18.0,18.14,223357
2011-10-19 18:30:00,18.15,18.26,18.06,18.06,133680
2011-10-19 19:00:00,18.06,18.2,18.03,18.14,119127
2011-10-19 19:30:00,18.14,18.14,18.01,18.11,134163
2011-10-19 20:00:00,18.1,18.19,18.08,18.09,109195
2011-10-19 20:30:00,18.08,18.08,17.91,18.02,228846
2011-10-19 21:00:00,18.02,18.06,17.83,17.84,320079
2011-10-19 21:30:00,17.84,17.96,17.8,17.81,259585
2011-10-19 22:00:00,17.81,17.91,17.73,17.79,378166
2011-10-19 22:30:00,17.78,17.92,17.71,17.79,847821
2011-10-20 16:30:00,17.8,17.81,17.53,17.69,247664
2011-10-20 17:00:00,17.69,17.98,17.69,17.8,324003
2011-10-20 17:30:00,17.81,17.98,17.69,17.69,331066
2011-10-20 18:00:00,17.69,17.78,17.64,17.75,174549
2011-10-20 18:30:00,17.76,17.76,17.52,17.55,290070
2011-10-20 19:00:00,17.56,17.64,17.51,17.64,161317
2011-10-20 19:30:00,17.64,17.81,17.61,17.8,183510
2011-10-20 20:00:00,17.79,18.13,17.76,18.02,390100
2011-10-20 20:30:00,18.02,18.08,17.81,17.85,331815
2011-10-20 21:00:00,17.86,17.95,17.77,17.93,243805
2011-10-20 21:30:00,17.94,18.21,17.91,18.17,302949
2011-10-20 22:00:00,18.17,18.23,17.96,17.99,443301
2011-10-20 22:30:00,17.99,18.12,17.95,18.08,952724
2011-10-21 16:30:00,18.4,18.67,18.25,18.67,1321423
2011-10-21 17:00:00,18.67,18.84,18.67,18.8,952311
2011-10-21 17:30:00,18.8,18.81,18.58,18.7,759139
2011-10-21 18:00:00,18.7,18.7,18.44,18.49,540003
2011-10-21 18:30:00,18.49,18.52,18.42,18.45,338968
2011-10-21 19:00:00,18.45,18.47,18.37,18.45,196067
2011-10-21 19:30:00,18.45,18.45,18.38,18.39,163395
2011-10-21 20:00:00,18.39,18.39,18.25,18.34,343791
2011-10-21 20:30:00,18.34,18.51,18.31,18.37,572214
2011-10-21 21:00:00,18.37,18.51,18.35,18.5,716656
2011-10-21 21:30:00,18.5,18.51,18.37,18.48,480830
2011-10-21 22:00:00,18.49,18.59,18.46,18.53,633922
2011-10-21 22:30:00,18.54,18.72,18.53,18.72,1200213
2011-10-24 16:30:00,18.76,19.81,18.76,18.99,807523
2011-10-24 17:00:00,18.98,19.29,18.96,19.19,738741
2011-10-24 17:30:00,19.19,19.26,19.1,19.22,399627
2011-10-24 18:00:00,19.22,19.26,19.15,19.24,444037
2011-10-24 18:30:00,19.24,19.32,19.13,19.25,458891
2011-10-24 19:00:00,19.24,19.31,19.19,19.31,391202
2011-10-24 19:30:00,19.31,19.44,19.26,19.41,313436
2011-10-24 20:00:00,19.42,19.42,19.34,19.36,183250
2011-10-24 20:30:00,19.36,19.47,19.32,19.4,346170
2011-10-24 21:00:00,19.4,19.49,19.38,19.47,532881
2011-10-24 21:30:00,19.46,19.6,19.42,19.57,286809
2011-10-24 22:00:00,19.58,19.68,19.54,19.58,651241
2011-10-24 22:30:00,19.57,19.71,19.52,19.68,1200765
2011-10-25 16:30:00,19.59,19.6,18.81,19.09,888288
2011-10-25 17:00:00,19.08,19.19,18.9,19.19,659842
2011-10-25 17:30:00,19.19,19.44,19.17,19.29,653296
2011-10-25 18:00:00,19.28,19.33,19.2,19.24,613969
2011-10-25 18:30:00,19.23,19.33,19.22,19.29,290331
2011-10-25 19:00:00,19.29,19.44,19.21,19.41,289757
2011-10-25 19:30:00,19.4,19.41,19.18,19.18,333646
2011-10-25 20:00:00,19.18,19.36,19.18,19.27,174277
2011-10-25 20:30:00,19.27,19.28,19.09,19.13,283148
2011-10-25 21:00:00,19.11,19.17,19.03,19.06,366009
2011-10-25 21:30:00,19.06,19.1,18.94,19.01,333306
2011-10-25 22:00:00,19.02,19.09,18.95,18.99,286419
2011-10-25 22:30:00,18.98,19.03,18.74,18.82,1104417
2011-10-26 16:30:00,19.25,19.35,19.13,19.17,348758
2011-10-26 17:00:00,19.17,19.2,18.95,19.03,677813
2011-10-26 17:30:00,19.03,19.03,18.83,18.93,794252
2011-10-26 18:00:00,18.93,19.1,18.91,19.08,313883
2011-10-26 18:30:00,19.06,19.18,19.05,19.05,287706
2011-10-26 19:00:00,19.06,19.13,18.94,19.0,398564
2011-10-26 19:30:00,19.0,19.03,18.9,18.9,311334
2011-10-26 20:00:00,18.92,19.04,18.88,19.04,304952
2011-10-26 20:30:00,19.03,19.34,19.02,19.23,537319
2011-10-26 21:00:00,19.23,19.29,19.14,19.18,541954
2011-10-26 21:30:00,19.18,19.27,19.15,19.21,650270
2011-10-26 22:00:00,19.21,19.29,19.2,19.26,571107
2011-10-26 22:30:00,19.27,19.4,19.2,19.22,1293470
2011-10-27 16:30:00,20.51,21.33,20.51,20.64,1598711
2011-10-27 17:00:00,20.64,20.7,20.41,20.5,638276
2011-10-27 17:30:00,20.51,20.75,20.51,20.71,549574
2011-10-27 18:00:00,20.71,20.77,20.65,20.76,330234
2011-10-27 18:30:00,20.76,20.78,20.68,20.77,392546
2011-10-27 19:00:00,20.77,21.04,20.76,20.96,359186
2011-10-27 19:30:00,20.97,20.98,20.79,20.86,555813
2011-10-27 20:00:00,20.86,20.96,20.85,20.94,554437
2011-10-27 20:30:00,20.95,20.97,20.87,20.97,587006
2011-10-27 21:00:00,20.97,21.07,20.9,20.98,443750
2011-10-27 21:30:00,20.98,21.08,20.93,21.06,634930
2011-10-27 22:00:00,21.06,21.1,20.98,20.99,895731
2011-10-27 22:30:00,20.98,21.05,20.66,20.83,2605321
2011-10-28 16:30:00,20.73,20.86,20.49,20.84,578536
2011-10-28 17:00:00,20.84,20.91,20.73,20.89,353648
2011-10-28 17:30:00,20.89,21.1,20.87,20.91,484115
2011-10-28 18:00:00,20.91,20.93,20.82,20.84,387972
2011-10-28 18:30:00,20.85,20.89,20.74,20.79,329283
2011-10-28 19:00:00,20.79,20.88,20.77,20.8,294519
2011-10-28 19:30:00,20.79,20.89,20.77,20.86,190898
2011-10-28 20:00:00,20.87,20.88,20.76,20.86,280647
2011-10-28 20:30:00,20.85,20.86,20.71,20.75,292676
2011-10-28 21:00:00,20.75,20.77,20.64,20.71,318404
2011-10-28 21:30:00,20.72,20.81,20.7,20.74,319792
2011-10-28 22:00:00,20.74,20.86,20.7,20.81,343859
2011-10-28 22:30:00,20.82,20.95,20.75,20.89,833280
2011-10-31 16:30:00,20.41,20.45,20.19,20.25,497604
2011-10-31 17:00:00,20.24,20.37,20.2,20.25,597846
2011-10-31 17:30:00,20.25,20.4,20.25,20.34,299851
2011-10-31 18:00:00,20.34,20.38,20.25,20.31,239051
2011-10-31 18:30:00,20.3,20.33,20.24,20.24,264644
2011-10-31 19:00:00,20.25,20.3,20.2,20.24,397484
2011-10-31 19:30:00,20.23,20.27,20.2,20.22,232333
2011-10-31 20:00:00,20.22,20.32,20.22,20.3,209334
2011-10-31 20:30:00,20.3,20.44,20.29,20.42,216820
2011-10-31 21:00:00,20.41,20.43,20.29,20.31,272834
2011-10-31 21:30:00,20.32,20.34,20.27,20.31,214734
2011-10-31 22:00:00,20.31,20.31,20.19,20.2,755061
2011-10-31 22:30:00,20.19,20.28,20.06,20.06,2114216
2011-11-01 16:30:00,18.96,19.12,18.81,19.06,689934
2011-11-01 17:00:00,19.04,19.22,18.92,19.1,686625
2011-11-01 17:30:00,19.1,19.23,18.95,18.98,527281
2011-11-01 18:00:00,18.98,19.1,18.92,19.02,364459
2011-11-01 18:30:00,19.02,19.02,18.82,18.89,470374
2011-11-01 19:00:00,18.88,18.96,18.78,18.91,390541
2011-11-01 19:30:00,18.91,19.07,18.79,18.79,366713
2011-11-01 20:00:00,18.79,19.09,18.76,19.05,474058
2011-11-01 20:30:00,19.05,19.22,18.96,19.0,740319
2011-11-01 21:00:00,19.0,19.36,18.98,19.28,418830
2011-11-01 21:30:00,19.28,19.32,19.04,19.11,288854
2011-11-01 22:00:00,19.11,19.12,18.95,19.03,464707
2011-11-01 22:30:00,19.03,19.2,18.79,18.85,1258469
2011-11-02 16:30:00,19.39,19.52,19.17,19.21,238362
2011-11-02 17:00:00,19.21,19.46,19.18,19.45,197209
2011-11-02 17:30:00,19.46,19.77,19.43,19.69,358161
2011-11-02 18:00:00,19.69,19.79,19.68,19.72,279136
2011-11-02 18:30:00,19.72,19.73,19.59,19.61,129720
2011-11-02 19:00:00,19.62,19.63,19.53,19.59,157808
2011-11-02 19:30:00,19.59,19.63,19.36,19.36,201129
2011-11-02 20:00:00,19.36,19.37,19.18,19.29,180310
2011-11-02 20:30:00,19.29,19.43,19.27,19.34,326997
2011-11-02 21:00:00,19.34,19.42,19.27,19.36,528148
2011-11-02 21:30:00,19.36,19.54,19.34,19.51,242404
2011-11-02 22:00:00,19.51,19.66,19.44,19.55,431248
2011-11-02 22:30:00,19.54,19.64,19.41,19.58,1048407
2011-11-03 16:30:00,20.12,20.28,19.7,19.73,608241
2011-11-03 17:00:00,19.73,19.84,19.36,19.78,797969
2011-11-03 17:30:00,19.77,20.06,19.76,19.86,913972
2011-11-03 18:00:00,19.86,19.94,19.78,19.89,552447
2011-11-03 18:30:00,19.9,20.01,19.88,19.89,211689
2011-11-03 19:00:00,19.89,20.05,19.88,20.02,295121
2011-11-03 19:30:00,20.03,20.2,19.94,20.18,290971
2011-11-03 20:00:00,20.19,20.3,20.15,20.18,297620
2011-11-03 20:30:00,20.18,20.53,20.15,20.38,486426
2011-11-03 21:00:00,20.38,20.57,20.34,20.41,421405
2011-11-03 21:30:00,20.4,20.41,20.18,20.32,324149
2011-11-03 22:00:00,20.32,20.51,20.31,20.5,358808
2011-11-03 22:30:00,20.5,20.58,20.38,20.42,770595
2011-11-04 16:30:00,20.16,20.19,19.92,19.95,210005
2011-11-04 17:00:00,19.94,20.03,19.87,19.9,661554
2011-11-04 17:30:00,19.89,19.94,19.82,19.94,529873
2011-11-04 18:00:00,19.94,19.99,19.78,19.83,315069
2011-11-04 18:30:00,19.83,19.91,19.77,19.87,169755
2011-11-04 19:00:00,19.87,19.98,19.84,19.97,149257
2011-11-04 19:30:00,19.96,19.98,19.89,19.97,374028
2011-11-04 20:00:00,19.97,20.17,19.95,20.15,100831
2011-11-04 20:30:00,20.15,20.29,20.11,20.2,170369
2011-11-04 21:00:00,20.19,20.27,20.13,20.23,114538
2011-11-04 21:30:00,20.23,20.27,20.06,20.1,208468
2011-11-04 22:00:00,20.1,20.11,19.95,19.99,215584
2011-11-04 22:30:00,20.0,20.19,19.99,20.04,760718
2011-11-07 16:30:00,20.05,20.26,19.94,20.16,212267
2011-11-07 17:00:00,20.16,20.19,19.82,19.83,331398
2011-11-07 17:30:00,19.83,19.83,19.55,19.67,414627
2011-11-07 18:00:00,19.66,19.82,19.6,19.64,225273
2011-11-07 18:30:00,19.64,19.75,19.6,19.66,144348
2011-11-07 19:00:00,19.66,19.7,19.53,19.58,166845
2011-11-07 19:30:00,19.58,19.58,19.52,19.55,155205
2011-11-07 20:00:00,19.55,19.75,19.54,19.67,159747
2011-11-07 20:30:00,19.68,19.71,19.57,19.71,288046
2011-11-07 21:00:00,19.71,19.88,19.66,19.84,351763
2011-11-07 21:30:00,19.84,19.89,19.76,19.84,456135
2011-11-07 22:00:00,19.85,19.87,19.77,19.77,487424
2011-11-07 22:30:00,19.78,19.96,19.77,19.95,879069
2011-11-08 16:30:00,20.18,20.45,20.15,20.37,461144
2011-11-08 17:00:00,20.39,20.42,20.06,20.13,368808
2011-11-08 17:30:00,20.13,20.28,20.09,20.2,361865
2011-11-08 18:00:00,20.19,20.22,19.89,19.9,310275
2011-11-08 18:30:00,19.9,20.06,19.88,20.0,219131
2011-11-08 19:00:00,20.0,20.06,19.93,19.93,149039
2011-11-08 19:30:00,19.93,19.98,19.86,19.94,196841
2011-11-08 20:00:00,19.94,20.0,19.84,19.94,197152
2011-11-08 20:30:00,19.93,20.16,19.89,20.14,403155
2011-11-08 21:00:00,20.15,20.23,20.07,20.19,460161
2011-11-08 21:30:00,20.18,20.22,20.06,20.11,603446
2011-11-08 22:00:00,20.11,20.24,20.05,20.24,718119
2011-11-08 22:30:00,20.25,20.35,20.22,20.27,1633050
2011-11-09 16:30:00,19.62,19.63,19.2,19.3,428314
2011-11-09 17:00:00,19.3,19.38,19.19,19.21,304969
2011-11-09 17:30:00,19.21,19.51,19.2,19.48,469968
2011-11-09 18:00:00,19.48,19.64,19.43,19.48,184643
2011-11-09 18:30:00,19.48,19.55,19.44,19.44,324098
2011-11-09 19:00:00,19.44,19.45,19.34,19.37,187027
2011-11-09 19:30:00,19.37,19.48,19.34,19.47,132873
2011-11-09 20:00:00,19.47,19.47,19.33,19.37,230278
2011-11-09 20:30:00,19.37,19.37,19.07,19.14,432448
2011-11-09 21:00:00,19.14,19.16,18.94,19.05,517707
2011-11-09 21:30:00,19.05,19.11,19.0,19.03,398278
2011-11-09 22:00:00,19.03,19.14,19.01,19.08,374351
2011-11-09 22:30:00,19.07,19.08,18.86,18.95,1245683
2011-11-10 16:30:00,19.62,19.84,19.41,19.43,608017
2011-11-10 17:00:00,19.44,19.56,19.4,19.42,457749
2011-11-10 17:30:00,19.41,19.51,19.31,19.38,307862
2011-11-10 18:00:00,19.37,19.53,19.34,19.45,440882
2011-11-10 18:30:00,19.44,19.75,19.4,19.73,336043
2011-11-10 19:00:00,19.73,19.83,19.69,19.77,238466
2011-11-10 19:30:00,19.77,19.78,19.53,19.69,268343
2011-11-10 20:00:00,19.7,19.94,19.64,19.86,329511
2011-11-10 20:30:00,19.85,19.91,19.75,19.83,132451
2011-11-10 21:00:00,19.84,19.88,19.67,19.72,252453
2011-11-10 21:30:00,19.72,19.76,19.55,19.55,209441
2011-11-10 22:00:00,19.56,19.83,19.53,19.79,651074
2011-11-10 22:30:00,19.79,19.86,19.68,19.77,1390580
2011-11-11 16:30:00,20.15,20.41,20.1,20.23,295064
2011-11-11 17:00:00,20.23,20.33,20.16,20.25,234154
2011-11-11 17:30:00,20.26,20.48,20.25,20.44,213634
2011-11-11 18:00:00,20.44,20.45,20.33,20.34,155013
2011-11-11 18:30:00,20.35,20.37,20.27,20.31,123444
2011-11-11 19:00:00,20.32,20.43,20.31,20.35,110834
2011-11-11 19:30:00,20.36,20.46,20.33,20.41,187779
2011-11-11 20:00:00,20.42,20.5,20.37,20.37,286066
2011-11-11 20:30:00,20.38,20.41,20.3,20.34,220287
2011-11-11 21:00:00,20.35,20.39,20.31,20.36,231447
2011-11-11 21:30:00,20.37,20.38,20.25,20.28,279215
2011-11-11 22:00:00,20.28,20.29,20.2,20.29,286636
2011-11-11 22:30:00,20.29,20.38,20.24,20.33,804306
2011-11-14 16:30:00,20.15,20.29,19.95,20.11,408526
2011-11-14 17:00:00,20.1,20.14,19.98,20.07,417499
2011-11-14 17:30:00,20.08,20.1,20.0,20.07,548822
2011-11-14 18:00:00,20.07,20.17,20.05,20.05,217567
2011-11-14 18:30:00,20.05,20.11,19.94,19.96,304551
2011-11-14 19:00:00,19.97,20.0,19.82,19.86,244940
2011-11-14 19:30:00,19.85,19.96,19.83,19.93,171459
2011-11-14 20:00:00,19.92,19.99,19.89,19.97,137434
2011-11-14 20:30:00,19.98,20.0,19.9,19.91,171343
2011-11-14 21:00:00,19.91,19.97,19.86,19.86,174791
2011-11-14 21:30:00,19.87,19.89,19.76,19.79,346724
2011-11-14 22:00:00,19.78,19.93,19.77,19.93,414767
2011-11-14 22:30:00,19.92,20.2,19.91,20.08,1559857
2011-11-15 16:30:00,19.92,20.22,19.84,20.12,209454
2011-11-15 17:00:00,20.13,20.13,19.94,19.99,340304
2011-11-15 17:30:00,19.99,20.07,19.92,19.93,280231
2011-11-15 18:00:00,19.93,19.99,19.85,19.91,164973
2011-11-15 18:30:00,19.91,20.02,19.86,20.01,204167
2011-11-15 19:00:00,20.01,20.11,19.98,20.1,129016
2011-11-15 19:30:00,20.11,20.24,20.1,20.22,116692
2011-11-15 20:00:00,20.23,20.29,20.14,20.21,229717
2011-11-15 20:30:00,20.21,20.41,20.21,20.37,332013
2011-11-15 21:00:00,20.37,20.42,20.31,20.33,226785
2011-11-15 21:30:00,20.33,20.41,20.33,20.36,259311
2011-11-15 22:00:00,20.36,20.43,20.29,20.37,248782
2011-11-15 22:30:00,20.37,20.38,20.25,20.26,647192
2011-11-16 16:30:00,19.85,19.91,19.66,19.89,366556
2011-11-16 17:00:00,19.9,19.92,19.8,19.83,154441
2011-11-16 17:30:00,19.82,20.04,19.74,20.02,237085
2011-11-16 18:00:00,20.02,20.13,20.02,20.06,171020
2011-11-16 18:30:00,20.06,20.09,19.93,19.96,110128
2011-11-16 19:00:00,19.95,20.05,19.95,20.0,172964
2011-11-16 19:30:00,19.99,20.15,19.98,20.05,198872
2011-11-16 20:00:00,20.04,20.18,20.03,20.18,124793
2011-11-16 20:30:00,20.18,20.27,20.12,20.2,310471
2011-11-16 21:00:00,20.19,20.21,20.08,20.1,196106
2011-11-16 21:30:00,20.1,20.12,19.97,20.02,250407
2011-11-16 22:00:00,20.01,20.03,19.86,19.88,474907
2011-11-16 22:30:00,19.87,19.87,19.66,19.72,1125312
2011-11-17 16:30:00,19.62,19.68,19.23,19.49,343851
2011-11-17 17:00:00,19.48,19.63,19.39,19.59,303889
2011-11-17 17:30:00,19.59,19.74,19.5,19.62,205592
2011-11-17 18:00:00,19.61,19.64,19.44,19.5,170573
2011-11-17 18:30:00,19.5,19.59,19.46,19.52,202450
2011-11-17 19:00:00,19.52,19.54,19.42,19.44,181574
2011-11-17 19:30:00,19.45,19.45,19.13,19.23,415521
2011-11-17 20:00:00,19.23,19.29,19.14,19.24,239152
2011-11-17 20:30:00,19.24,19.27,19.08,19.24,331791
2011-11-17 21:00:00,19.23,19.23,19.07,19.14,286836
2011-11-17 21:30:00,19.14,19.23,19.05,19.17,279772
2011-11-17 22:00:00,19.17,19.22,19.05,19.16,512470
2011-11-17 22:30:00,19.16,19.37,19.12,19.33,2033752
2011-11-18 16:30:00,19.46,19.57,19.24,19.38,744107
2011-11-18 17:00:00,19.39,19.55,19.34,19.41,218538
2011-11-18 17:30:00,19.42,19.63,19.42,19.52,237448
2011-11-18 18:00:00,19.52,19.54,19.42,19.47,185791
2011-11-18 18:30:00,19.47,19.5,19.37,19.39,122714
2011-11-18 19:00:00,19.4,19.4,19.25,19.32,169637
2011-11-18 19:30:00,19.31,19.39,19.29,19.33,90204
2011-11-18 20:00:00,19.33,19.43,19.33,19.42,91178
2011-11-18 20:30:00,19.42,19.53,19.42,19.48,86536
2011-11-18 21:00:00,19.47,19.58,19.4,19.45,131824
2011-11-18 21:30:00,19.46,19.52,19.42,19.43,174924
2011-11-18 22:00:00,19.42,19.49,19.39,19.43,324409
2011-11-18 22:30:00,19.43,19.48,19.34,19.38,707208
2011-11-21 16:30:00,18.94,19.01,18.62,18.62,763654
2011-11-21 17:00:00,18.62,18.7,18.57,18.64,554843
2011-11-21 17:30:00,18.63,18.63,18.43,18.45,572060
2011-11-21 18:00:00,18.46,18.64,18.4,18.6,298772
2011-11-21 18:30:00,18.6,18.66,18.51,18.64,367984
2011-11-21 19:00:00,18.64,18.65,18.5,18.5,380333
2011-11-21 19:30:00,18.51,18.71,18.5,18.61,294136
2011-11-21 20:00:00,18.61,18.67,18.58,18.62,209498
2011-11-21 20:30:00,18.63,18.64,18.51,18.52,226284
2011-11-21 21:00:00,18.52,18.77,18.49,18.68,240504
2011-11-21 21:30:00,18.68,18.78,18.68,18.7,376348
2011-11-21 22:00:00,18.7,18.85,18.63,18.8,461591
2011-11-21 22:30:00,18.8,18.84,18.64,18.66,863675
2011-11-22 16:30:00,18.5,18.71,18.5,18.64,278241
2011-11-22 17:00:00,18.64,18.65,18.45,18.53,484550
2011-11-22 17:30:00,18.53,18.53,18.31,18.33,310497
2011-11-22 18:00:00,18.33,18.34,18.24,18.26,590588
2011-11-22 18:30:00,18.26,18.32,18.21,18.3,525388
2011-11-22 19:00:00,18.3,18.59,18.29,18.53,372800
2011-11-22 19:30:00,18.53,18.57,18.46,18.54,176719
2011-11-22 20:00:00,18.55,18.68,18.52,18.58,234693
2011-11-22 20:30:00,18.57,18.62,18.45,18.49,346361
2011-11-22 21:00:00,18.49,18.52,18.35,18.39,309891
2011-11-22 21:30:00,18.39,18.39,18.25,18.28,420369
2011-11-22 22:00:00,18.26,18.29,18.23,18.27,643115
2011-11-22 22:30:00,18.27,18.3,18.21,18.24,959401
2011-11-23 16:30:00,17.93,18.1,17.89,18.05,431378
2011-11-23 17:00:00,18.04,18.09,17.95,17.97,539886
2011-11-23 17:30:00,17.97,18.08,17.94,17.99,278376
2011-11-23 18:00:00,18.0,18.05,17.83,17.9,333926
2011-11-23 18:30:00,17.89,18.05,17.87,18.02,389153
2011-11-23 19:00:00,18.02,18.08,17.98,18.01,162708
2011-11-23 19:30:00,18.0,18.24,17.99,18.19,271414
2011-11-23 20:00:00,18.19,18.2,18.05,18.09,192764
2011-11-23 20:30:00,18.09,18.1,17.97,17.99,221166
2011-11-23 21:00:00,17.99,18.01,17.87,17.91,387086
2011-11-23 21:30:00,17.92,17.97,17.88,17.89,189533
2011-11-23 22:00:00,17.88,18.03,17.85,17.93,567344
2011-11-23 22:30:00,17.93,18.03,17.8,17.8,835276
2011-11-25 16:30:00,17.78,18.11,17.71,18.02,115561
2011-11-25 17:00:00,18.01,18.16,18.0,18.04,248439
2011-11-25 17:30:00,18.04,18.18,18.03,18.1,162212
2011-11-25 18:00:00,18.09,18.18,18.07,18.11,164688
2011-11-25 18:30:00,18.11,18.15,17.98,17.98,186904
2011-11-25 19:00:00,17.97,17.99,17.89,17.97,238586
2011-11-25 19:30:00,17.97,18.01,17.9,17.93,391472
2011-11-25 20:00:00,17.87,18.03,17.8,18.02,95728
2011-11-25 20:30:00,17.91,17.91,17.91,17.91,34641
2011-11-28 16:30:00,18.71,19.09,18.71,19.08,503342
2011-11-28 17:00:00,19.09,19.28,19.08,19.1,592952
2011-11-28 17:30:00,19.11,19.11,18.94,18.95,396776
2011-11-28 18:00:00,18.95,19.06,18.94,19.06,188503
2011-11-28 18:30:00,19.07,19.11,19.0,19.02,250837
2011-11-28 19:00:00,19.02,19.04,18.98,19.0,223662
2011-11-28 19:30:00,19.0,19.02,18.93,18.95,201192
2011-11-28 20:00:00,18.94,19.06,18.93,19.0,401064
2011-11-28 20:30:00,19.0,19.02,18.87,18.89,142827
2011-11-28 21:00:00,18.87,18.93,18.85,18.86,209982
2011-11-28 21:30:00,18.87,18.89,18.79,18.84,293743
2011-11-28 22:00:00,18.84,18.87,18.67,18.67,510884
2011-11-28 22:30:00,18.68,18.92,18.66,18.88,1105386
2011-11-29 16:30:00,18.93,18.98,18.7,18.8,199347
2011-11-29 17:00:00,18.78,19.02,18.74,18.94,477241
2011-11-29 17:30:00,18.93,18.99,18.88,18.91,243897
2011-11-29 18:00:00,18.9,18.99,18.84,18.96,170866
2011-11-29 18:30:00,18.97,19.02,18.87,18.87,129041
2011-11-29 19:00:00,18.87,19.0,18.87,19.0,154146
2011-11-29 19:30:00,18.99,18.99,18.86,18.92,150794
2011-11-29 20:00:00,18.92,18.95,18.83,18.89,121613
2011-11-29 20:30:00,18.89,18.9,18.76,18.82,226968
2011-11-29 21:00:00,18.82,18.9,18.79,18.87,225561
2011-11-29 21:30:00,18.87,18.97,18.86,18.91,205287
2011-11-29 22:00:00,18.92,19.09,18.92,19.05,247306
2011-11-29 22:30:00,19.04,19.08,18.91,18.96,627155
2011-11-30 16:30:00,19.88,20.03,19.74,19.98,377141
2011-11-30 17:00:00,20.0,20.02,19.92,19.98,368428
2011-11-30 17:30:00,19.97,20.33,19.96,20.32,494982
2011-11-30 18:00:00,20.31,20.31,20.07,20.08,297845
2011-11-30 18:30:00,20.08,20.16,20.05,20.13,220809
2011-11-30 19:00:00,20.13,20.21,20.12,20.19,96938
2011-11-30 19:30:00,20.18,20.23,20.14,20.16,111197
2011-11-30 20:00:00,20.16,20.21,20.1,20.1,97598
2011-11-30 20:30:00,20.1,20.17,20.08,20.11,245501
2011-11-30 21:00:00,20.1,20.15,20.07,20.1,206277
2011-11-30 21:30:00,20.09,20.16,20.06,20.15,443278
2011-11-30 22:00:00,20.14,20.16,20.06,20.11,594914
2011-11-30 22:30:00,20.11,20.29,20.07,20.24,1694633
2011-12-01 16:30:00,20.07,20.19,19.98,20.17,173673
2011-12-01 17:00:00,20.16,20.25,20.09,20.22,261505
2011-12-01 17:30:00,20.22,20.22,19.96,19.98,273186
2011-12-01 18:00:00,19.98,20.01,19.85,19.91,169701
2011-12-01 18:30:00,19.9,19.99,19.84,19.97,92185
2011-12-01 19:00:00,19.96,20.02,19.94,20.0,68875
2011-12-01 19:30:00,20.0,20.02,19.89,19.9,97409
2011-12-01 20:00:00,19.91,20.07,19.91,20.06,79524
2011-12-01 20:30:00,20.07,20.33,20.06,20.32,459248
2011-12-01 21:00:00,20.32,20.32,20.22,20.28,143146
2011-12-01 21:30:00,20.27,20.32,20.21,20.27,140092
2011-12-01 22:00:00,20.26,20.35,20.22,20.34,234049
2011-12-01 22:30:00,20.34,20.34,20.18,20.23,740619
2011-12-02 16:30:00,20.47,20.78,20.46,20.76,196811
2011-12-02 17:00:00,20.75,21.0,20.72,20.8,608484
2011-12-02 17:30:00,20.8,20.83,20.68,20.72,419304
2011-12-02 18:00:00,20.71,20.72,20.44,20.56,611142
2011-12-02 18:30:00,20.56,20.61,20.34,20.41,668591
2011-12-02 19:00:00,20.42,20.47,20.38,20.42,386457
2011-12-02 19:30:00,20.42,20.47,20.36,20.4,323469
2011-12-02 20:00:00,20.41,20.41,20.29,20.38,167442
2011-12-02 20:30:00,20.38,20.44,20.35,20.37,374260
2011-12-02 21:00:00,20.38,20.4,20.24,20.37,317121
2011-12-02 21:30:00,20.36,20.38,20.29,20.3,243311
2011-12-02 22:00:00,20.3,20.42,20.3,20.36,342600
2011-12-02 22:30:00,20.36,20.41,20.1,20.26,1192736
2011-12-05 16:30:00,20.75,20.84,20.61,20.84,409330
2011-12-05 17:00:00,20.83,20.83,20.67,20.76,278967
2011-12-05 17:30:00,20.76,20.83,20.7,20.72,99560
2011-12-05 18:00:00,20.72,20.73,20.61,20.68,234197
2011-12-05 18:30:00,20.69,20.71,20.62,20.67,109239
2011-12-05 19:00:00,20.67,20.84,20.66,20.79,260592
2011-12-05 19:30:00,20.8,20.93,20.79,20.85,170018
2011-12-05 20:00:00,20.85,20.86,20.73,20.75,114315
2011-12-05 20:30:00,20.77,20.82,20.56,20.61,223279
2011-12-05 21:00:00,20.62,20.62,20.42,20.6,289834
2011-12-05 21:30:00,20.6,20.66,20.54,20.66,102692
2011-12-05 22:00:00,20.65,20.68,20.42,20.48,395557
2011-12-05 22:30:00,20.47,20.71,20.42,20.69,843259
2011-12-06 16:30:00,20.67,20.79,20.46,20.57,159752
2011-12-06 17:00:00,20.56,20.73,20.54,20.71,168129
2011-12-06 17:30:00,20.72,20.77,20.54,20.55,117526
2011-12-06 18:00:00,20.54,20.61,20.52,20.56,76389
2011-12-06 18:30:00,20.57,20.62,20.46,20.59,119035
2011-12-06 19:00:00,20.58,20.66,20.55,20.64,132701
2011-12-06 19:30:00,20.64,20.67,20.61,20.63,110858
2011-12-06 20:00:00,20.61,20.72,20.55,20.71,109522
2011-12-06 20:30:00,20.71,20.72,20.64,20.68,101170
2011-12-06 21:00:00,20.67,20.7,20.63,20.67,122686
2011-12-06 21:30:00,20.66,20.89,20.66,20.84,269524
2011-12-06 22:00:00,20.84,20.87,20.73,20.73,351760
2011-12-06 22:30:00,20.74,20.81,20.66,20.67,558403
2011-12-07 16:30:00,20.44,20.5,20.26,20.48,178284
2011-12-07 17:00:00,20.48,20.51,20.31,20.37,145677
2011-12-07 17:30:00,20.36,20.5,20.33,20.46,139923
2011-12-07 18:00:00,20.46,20.58,20.43,20.57,99600
2011-12-07 18:30:00,20.58,20.69,20.58,20.63,104065
2011-12-07 19:00:00,20.63,20.76,20.56,20.76,85191
2011-12-07 19:30:00,20.76,20.83,20.74,20.81,80820
2011-12-07 20:00:00,20.8,20.81,20.66,20.69,131264
2011-12-07 20:30:00,20.7,20.73,20.64,20.72,98104
2011-12-07 21:00:00,20.71,20.74,20.63,20.71,84868
2011-12-07 21:30:00,20.71,20.72,20.58,20.62,136663
2011-12-07 22:00:00,20.63,20.8,20.62,20.78,354518
2011-12-07 22:30:00,20.76,21.05,20.73,20.96,892241
2011-12-08 16:30:00,20.71,20.81,20.49,20.5,177900
2011-12-08 17:00:00,20.49,20.57,20.38,20.42,305831
2011-12-08 17:30:00,20.42,20.6,20.4,20.44,586831
2011-12-08 18:00:00,20.44,20.44,20.24,20.24,183306
2011-12-08 18:30:00,20.25,20.39,20.17,20.37,198159
2011-12-08 19:00:00,20.37,20.45,20.31,20.34,144034
2011-12-08 19:30:00,20.34,20.38,20.28,20.35,122435
2011-12-08 20:00:00,20.35,20.35,20.25,20.32,190687
2011-12-08 20:30:00,20.31,20.39,20.29,20.37,171376
2011-12-08 21:00:00,20.36,20.42,20.26,20.36,146369
2011-12-08 21:30:00,20.36,20.4,20.19,20.21,331593
2011-12-08 22:00:00,20.21,20.39,20.14,20.34,282964
2011-12-08 22:30:00,20.35,20.5,20.09,20.19,795995
2011-12-09 16:30:00,20.3,20.62,20.25,20.48,533584
2011-12-09 17:00:00,20.49,20.66,20.42,20.45,273463
2011-12-09 17:30:00,20.46,20.51,20.36,20.48,534792
2011-12-09 18:00:00,20.49,20.56,20.45,20.54,370799
2011-12-09 18:30:00,20.55,20.72,20.54,20.67,203298
2011-12-09 19:00:00,20.67,20.73,20.63,20.65,186862
2011-12-09 19:30:00,20.65,20.73,20.61,20.65,166448
2011-12-09 20:00:00,20.66,20.74,20.58,20.71,130644
2011-12-09 20:30:00,20.7,20.73,20.66,20.68,129316
2011-12-09 21:00:00,20.66,20.74,20.65,20.72,133917
2011-12-09 21:30:00,20.72,20.78,20.71,20.72,275447
2011-12-09 22:00:00,20.72,20.75,20.64,20.75,183855
2011-12-09 22:30:00,20.75,20.84,20.7,20.78,795008
2011-12-12 16:30:00,20.37,20.37,20.08,20.19,346227
2011-12-12 17:00:00,20.18,20.21,20.05,20.1,237667
2011-12-12 17:30:00,20.09,20.14,20.01,20.1,244125
2011-12-12 18:00:00,20.1,20.14,19.98,20.09,180670
2011-12-12 18:30:00,20.09,20.1,19.9,19.99,122176
2011-12-12 19:00:00,19.98,20.0,19.9,19.92,178889
2011-12-12 19:30:00,19.92,19.97,19.88,19.9,138299
2011-12-12 20:00:00,19.9,19.91,19.8,19.91,180618
2011-12-12 20:30:00,19.9,19.93,19.84,19.86,179296
2011-12-12 21:00:00,19.86,19.96,19.78,19.92,251493
2011-12-12 21:30:00,19.92,19.93,19.83,19.93,227481
2011-12-12 22:00:00,19.92,20.02,19.88,19.99,347919
2011-12-12 22:30:00,19.99,20.13,19.96,20.03,719546
2011-12-13 16:30:00,20.23,20.34,20.15,20.18,241274
2011-12-13 17:00:00,20.19,20.2,20.02,20.03,279902
2011-12-13 17:30:00,20.02,20.04,19.85,19.92,285997
2011-12-13 18:00:00,19.92,19.95,19.84,19.89,273822
2011-12-13 18:30:00,19.9,19.94,19.86,19.93,157967
2011-12-13 19:00:00,19.94,19.96,19.82,19.82,183448
2011-12-13 19:30:00,19.82,19.85,19.79,19.83,266913
2011-12-13 20:00:00,19.83,19.84,19.73,19.79,261487
2011-12-13 20:30:00,19.79,19.84,19.75,19.83,182866
2011-12-13 21:00:00,19.83,19.85,19.59,19.65,558798
2011-12-13 21:30:00,19.64,19.64,19.31,19.47,803608
2011-12-13 22:00:00,19.46,19.51,19.15,19.21,928212
2011-12-13 22:30:00,19.21,19.34,18.99,19.31,1567879
2011-12-14 16:30:00,19.11,19.34,19.02,19.12,274163
2011-12-14 17:00:00,19.12,19.12,18.94,19.12,223044
2011-12-14 17:30:00,19.11,19.19,19.07,19.1,240023
2011-12-14 18:00:00,19.1,19.16,19.06,19.1,215800
2011-12-14 18:30:00,19.09,19.16,19.04,19.1,194979
2011-12-14 19:00:00,19.09,19.19,19.09,19.14,255067
2011-12-14 19:30:00,19.14,19.24,19.13,19.2,163285
2011-12-14 20:00:00,19.2,19.35,19.15,19.29,177581
2011-12-14 20:30:00,19.3,19.31,19.11,19.17,245903
2011-12-14 21:00:00,19.15,19.18,19.08,19.09,488721
2011-12-14 21:30:00,19.09,19.12,18.99,19.07,351620
2011-12-14 22:00:00,19.06,19.12,18.98,19.11,597340
2011-12-14 22:30:00,19.11,19.13,19.0,19.1,706838
2011-12-15 16:30:00,19.44,19.44,19.18,19.21,462553
2011-12-15 17:00:00,19.22,19.28,19.09,19.19,270852
2011-12-15 17:30:00,19.19,19.2,19.04,19.08,159276
2011-12-15 18:00:00,19.09,19.2,19.07,19.19,125957
2011-12-15 18:30:00,19.19,19.2,19.08,19.11,138163
2011-12-15 19:00:00,19.12,19.24,19.11,19.22,110529
2011-12-15 19:30:00,19.22,19.27,19.2,19.26,228953
2011-12-15 20:00:00,19.25,19.26,19.15,19.17,161492
2011-12-15 20:30:00,19.17,19.26,19.1,19.14,221665
2011-12-15 21:00:00,19.14,19.19,19.1,19.11,124490
2011-12-15 21:30:00,19.11,19.16,19.09,19.11,181130
2011-12-15 22:00:00,19.11,19.2,19.1,19.11,373911
2011-12-15 22:30:00,19.12,19.17,19.01,19.05,620772
2011-12-16 16:30:00,19.21,19.4,19.04,19.32,960481
2011-12-16 17:00:00,19.33,19.5,19.32,19.38,416845
2011-12-16 17:30:00,19.38,19.43,19.34,19.4,317494
2011-12-16 18:00:00,19.4,19.41,19.31,19.35,216374
2011-12-16 18:30:00,19.35,19.36,19.23,19.26,257518
2011-12-16 19:00:00,19.26,19.3,19.22,19.24,220367
2011-12-16 19:30:00,19.23,19.29,19.2,19.26,481499
2011-12-16 20:00:00,19.26,19.33,19.22,19.25,127664
2011-12-16 20:30:00,19.24,19.26,19.16,19.23,305894
2011-12-16 21:00:00,19.23,19.23,19.12,19.14,285389
2011-12-16 21:30:00,19.14,19.25,19.12,19.21,134304
2011-12-16 22:00:00,19.21,19.26,19.16,19.19,310867
2011-12-16 22:30:00,19.19,19.25,19.16,19.24,1384717
2011-12-19 16:30:00,19.33,19.37,19.18,19.23,137741
2011-12-19 17:00:00,19.23,19.27,19.15,19.26,299541
2011-12-19 17:30:00,19.26,19.32,19.11,19.15,290419
2011-12-19 18:00:00,19.15,19.16,18.99,19.09,352594
2011-12-19 18:30:00,19.09,19.11,18.95,18.95,186446
2011-12-19 19:00:00,18.95,19.0,18.92,18.94,214003
2011-12-19 19:30:00,18.94,18.99,18.87,18.99,263169
2011-12-19 20:00:00,18.99,19.0,18.86,18.89,239199
2011-12-19 20:30:00,18.89,18.97,18.82,18.93,368131
2011-12-19 21:00:00,18.92,18.94,18.82,18.83,237449
2011-12-19 21:30:00,18.83,18.87,18.79,18.85,322180
2011-12-19 22:00:00,18.84,18.85,18.57,18.6,532427
2011-12-19 22:30:00,18.6,18.69,18.55,18.65,1148276
2011-12-20 16:30:00,19.16,19.45,19.16,19.44,261011
2011-12-20 17:00:00,19.44,19.57,19.4,19.55,231544
2011-12-20 17:30:00,19.54,19.59,19.49,19.52,151437
2011-12-20 18:00:00,19.53,19.58,19.4,19.43,289414
2011-12-20 18:30:00,19.44,19.48,19.37,19.4,167565
2011-12-20 19:00:00,19.41,19.41,19.35,19.36,154713
2011-12-20 19:30:00,19.37,19.37,19.31,19.34,177480
2011-12-20 20:00:00,19.34,19.4,19.32,19.38,176060
2011-12-20 20:30:00,19.37,19.46,19.36,19.45,121276
2011-12-20 21:00:00,19.46,19.5,19.37,19.48,131009
2011-12-20 21:30:00,19.49,19.58,19.48,19.55,234708
2011-12-20 22:00:00,19.55,19.63,19.52,19.58,267936
2011-12-20 22:30:00,19.57,19.63,19.49,19.59,809201
2011-12-21 16:30:00,19.6,19.68,19.37,19.37,355774
2011-12-21 17:00:00,19.4,19.56,19.35,19.44,210654
2011-12-21 17:30:00,19.45,19.52,19.37,19.4,144699
2011-12-21 18:00:00,19.4,19.43,19.35,19.41,266495
2011-12-21 18:30:00,19.42,19.47,19.39,19.45,116924
2011-12-21 19:00:00,19.45,19.47,19.3,19.35,148778
2011-12-21 19:30:00,19.34,19.48,19.34,19.46,85582
2011-12-21 20:00:00,19.46,19.52,19.44,19.48,150213
2011-12-21 20:30:00,19.47,19.55,19.43,19.54,178241
2011-12-21 21:00:00,19.55,19.59,19.5,19.53,153854
2011-12-21 21:30:00,19.54,19.66,19.5,19.63,183978
2011-12-21 22:00:00,19.63,19.73,19.59,19.65,377065
2011-12-21 22:30:00,19.66,19.81,19.6,19.67,885653
2011-12-22 16:30:00,19.81,19.9,19.75,19.84,204971
2011-12-22 17:00:00,19.83,19.92,19.74,19.88,223174
2011-12-22 17:30:00,19.88,19.89,19.73,19.79,235016
2011-12-22 18:00:00,19.79,19.82,19.69,19.72,212045
2011-12-22 18:30:00,19.72,19.76,19.65,19.76,173806
2011-12-22 19:00:00,19.75,19.84,19.75,19.83,275058
2011-12-22 19:30:00,19.84,19.84,19.79,19.81,184398
2011-12-22 20:00:00,19.81,19.91,19.79,19.89,237938
2011-12-22 20:30:00,19.89,19.9,19.84,19.84,158388
2011-12-22 21:00:00,19.84,19.91,19.83,19.87,180842
2011-12-22 21:30:00,19.87,19.89,19.74,19.77,182005
2011-12-22 22:00:00,19.77,19.86,19.74,19.85,146887
2011-12-22 22:30:00,19.85,19.91,19.78,19.9,972266
2011-12-23 16:30:00,20.12,20.12,19.88,19.99,141708
2011-12-23 17:00:00,19.99,20.01,19.94,19.97,76146
2011-12-23 17:30:00,19.96,20.1,19.96,20.09,219978
2011-12-23 18:00:00,20.09,20.14,20.07,20.11,90846
2011-12-23 18:30:00,20.13,20.2,20.12,20.19,107074
2011-12-23 19:00:00,20.18,20.2,20.15,20.2,69461
2011-12-23 19:30:00,20.2,20.27,20.18,20.2,130745
2011-12-23 20:00:00,20.2,20.21,20.1,20.12,56256
2011-12-23 20:30:00,20.12,20.12,20.07,20.08,91426
2011-12-23 21:00:00,20.08,20.09,20.04,20.06,82075
2011-12-23 21:30:00,20.06,20.13,20.06,20.11,74361
2011-12-23 22:00:00,20.11,20.15,20.1,20.1,113308
2011-12-23 22:30:00,20.11,20.23,20.1,20.21,406938
2011-12-27 16:30:00,20.08,20.25,20.03,20.24,89219
2011-12-27 17:00:00,20.25,20.33,20.22,20.31,102102
2011-12-27 17:30:00,20.32,20.35,20.22,20.22,67034
2011-12-27 18:00:00,20.22,20.28,20.21,20.28,55368
2011-12-27 18:30:00,20.27,20.28,20.14,20.18,43618
2011-12-27 19:00:00,20.18,20.25,20.18,20.24,37785
2011-12-27 19:30:00,20.24,20.27,20.23,20.24,34724
2011-12-27 20:00:00,20.24,20.26,20.22,20.25,46541
2011-12-27 20:30:00,20.25,20.31,20.25,20.31,53337
2011-12-27 21:00:00,20.3,20.31,20.18,20.21,78947
2011-12-27 21:30:00,20.19,20.23,20.17,20.21,88446
2011-12-27 22:00:00,20.2,20.24,20.17,20.18,109784
2011-12-27 22:30:00,20.19,20.21,20.1,20.12,358245
2011-12-28 16:30:00,20.17,20.17,19.89,19.93,94808
2011-12-28 17:00:00,19.93,20.01,19.77,19.78,117808
2011-12-28 17:30:00,19.78,19.85,19.76,19.83,80585
2011-12-28 18:00:00,19.83,19.84,19.7,19.71,104117
2011-12-28 18:30:00,19.7,19.77,19.64,19.75,170773
2011-12-28 19:00:00,19.75,19.81,19.71,19.76,137863
2011-12-28 19:30:00,19.76,19.79,19.72,19.73,105895
2011-12-28 20:00:00,19.73,19.83,19.72,19.81,49590
2011-12-28 20:30:00,19.82,19.89,19.81,19.87,48151
2011-12-28 21:00:00,19.87,19.88,19.72,19.78,82524
2011-12-28 21:30:00,19.79,19.79,19.67,19.71,96053
2011-12-28 22:00:00,19.72,19.77,19.68,19.73,118039
2011-12-28 22:30:00,19.72,19.77,19.67,19.68,389557
2011-12-29 16:30:00,19.78,19.95,19.67,19.93,93129
2011-12-29 17:00:00,19.91,20.02,19.91,20.0,112808
2011-12-29 17:30:00,20.01,20.12,20.0,20.12,89724
2011-12-29 18:00:00,20.11,20.12,20.01,20.07,81153
2011-12-29 18:30:00,20.07,20.17,20.07,20.17,38001
2011-12-29 19:00:00,20.17,20.2,20.13,20.15,128357
2011-12-29 19:30:00,20.15,20.15,20.09,20.12,83405
2011-12-29 20:00:00,20.12,20.16,20.05,20.1,64167
2011-12-29 20:30:00,20.1,20.16,20.09,20.12,59030
2011-12-29 21:00:00,20.13,20.16,20.12,20.13,62369
2011-12-29 21:30:00,20.13,20.15,20.06,20.07,367181
2011-12-29 22:00:00,20.07,20.09,20.04,20.07,274113
2011-12-29 22:30:00,20.07,20.12,20.06,20.09,662398
2011-12-30 16:30:00,20.13,20.16,20.0,20.1,123683
2011-12-30 17:00:00,20.11,20.16,20.06,20.06,96753
2011-12-30 17:30:00,20.06,20.11,20.05,20.05,66766
2011-12-30 18:00:00,20.05,20.09,20.04,20.09,84333
2011-12-30 18:30:00,20.09,20.13,20.08,20.08,89318
2011-12-30 19:00:00,20.07,20.11,20.07,20.08,65631
2011-12-30 19:30:00,20.08,20.12,20.08,20.1,49276
2011-12-30 20:00:00,20.09,20.11,20.09,20.1,23623
2011-12-30 20:30:00,20.1,20.14,20.09,20.13,50980
2011-12-30 21:00:00,20.13,20.14,20.07,20.09,111771
2011-12-30 21:30:00,20.1,20.13,20.09,20.1,56944
2011-12-30 22:00:00,20.1,20.19,20.09,20.17,98683
2011-12-30 22:30:00,20.16,20.2,20.06,20.08,255161
2012-01-03 16:30:00,20.66,20.96,20.6,20.94,548759
2012-01-03 17:00:00,20.95,21.03,20.84,20.85,452050
2012-01-03 17:30:00,20.86,20.89,20.77,20.83,200206
2012-01-03 18:00:00,20.84,20.88,20.78,20.79,106165
2012-01-03 18:30:00,20.78,20.83,20.7,20.73,230700
2012-01-03 19:00:00,20.72,20.74,20.67,20.7,102898
2012-01-03 19:30:00,20.7,20.71,20.53,20.56,101467
2012-01-03 20:00:00,20.56,20.61,20.55,20.61,110910
2012-01-03 20:30:00,20.6,20.67,20.59,20.65,111563
2012-01-03 21:00:00,20.65,20.67,20.62,20.65,99886
2012-01-03 21:30:00,20.66,20.73,20.66,20.71,136918
2012-01-03 22:00:00,20.72,20.72,20.57,20.61,252033
2012-01-03 22:30:00,20.62,20.66,20.52,20.54,912308
2012-01-04 16:30:00,20.38,20.41,20.23,20.33,294170
2012-01-04 17:00:00,20.31,20.32,20.16,20.21,229802
2012-01-04 17:30:00,20.21,20.28,20.17,20.24,349520
2012-01-04 18:00:00,20.25,20.26,20.19,20.22,176011
2012-01-04 18:30:00,20.21,20.36,20.2,20.34,156549
2012-01-04 19:00:00,20.33,20.39,20.33,20.35,245772
2012-01-04 19:30:00,20.35,20.39,20.32,20.38,144660
2012-01-04 20:00:00,20.37,20.37,20.29,20.33,108515
2012-01-04 20:30:00,20.33,20.43,20.32,20.38,126130
2012-01-04 21:00:00,20.39,20.4,20.29,20.32,168627
2012-01-04 21:30:00,20.33,20.44,20.32,20.42,205298
2012-01-04 22:00:00,20.41,20.42,20.36,20.39,447510
2012-01-04 22:30:00,20.39,20.46,20.34,20.39,737869
2012-01-05 16:30:00,20.12,20.19,19.92,20.05,328543
2012-01-05 17:00:00,20.04,20.12,19.95,20.1,336092
2012-01-05 17:30:00,20.1,20.11,19.97,20.01,184041
2012-01-05 18:00:00,20.01,20.15,20.01,20.1,198757
2012-01-05 18:30:00,20.1,20.15,20.05,20.06,238995
2012-01-05 19:00:00,20.07,20.25,20.07,20.23,292172
2012-01-05 19:30:00,20.22,20.3,20.16,20.3,347971
2012-01-05 20:00:00,20.3,20.46,20.27,20.43,474593
2012-01-05 20:30:00,20.44,20.49,20.43,20.47,335544
2012-01-05 21:00:00,20.47,20.53,20.46,20.48,569702
2012-01-05 21:30:00,20.49,20.52,20.47,20.5,402787
2012-01-05 22:00:00,20.49,20.58,20.48,20.52,438865
2012-01-05 22:30:00,20.53,20.62,20.49,20.57,990301
2012-01-06 16:30:00,20.8,20.8,20.57,20.58,326566
2012-01-06 17:00:00,20.59,20.82,20.56,20.79,245713
2012-01-06 17:30:00,20.8,20.96,20.77,20.94,250256
2012-01-06 18:00:00,20.93,20.96,20.84,20.86,238810
2012-01-06 18:30:00,20.87,21.08,20.86,21.07,250190
2012-01-06 19:00:00,21.07,21.08,20.89,20.9,253809
2012-01-06 19:30:00,20.9,20.92,20.76,20.83,131552
2012-01-06 20:00:00,20.82,20.87,20.78,20.8,77201
2012-01-06 20:30:00,20.8,20.93,20.75,20.88,102097
2012-01-06 21:00:00,20.87,20.91,20.8,20.9,304913
2012-01-06 21:30:00,20.9,20.96,20.81,20.82,197515
2012-01-06 22:00:00,20.82,20.85,20.77,20.8,207637
2012-01-06 22:30:00,20.8,20.81,20.74,20.76,738299
2012-01-09 16:30:00,20.84,20.92,20.73,20.85,126174
2012-01-09 17:00:00,20.86,20.95,20.77,20.95,166780
2012-01-09 17:30:00,20.96,20.98,20.8,20.84,224746
2012-01-09 18:00:00,20.84,20.87,20.76,20.82,262726
2012-01-09 18:30:00,20.82,20.85,20.77,20.81,149810
2012-01-09 19:00:00,20.82,20.9,20.8,20.9,108806
2012-01-09 19:30:00,20.9,20.94,20.87,20.88,86118
2012-01-09 20:00:00,20.88,20.92,20.85,20.87,87608
2012-01-09 20:30:00,20.88,20.9,20.84,20.88,50252
2012-01-09 21:00:00,20.89,20.95,20.88,20.93,145396
2012-01-09 21:30:00,20.93,20.97,20.9,20.92,154646
2012-01-09 22:00:00,20.92,20.98,20.91,20.91,319694
2012-01-09 22:30:00,20.92,20.97,20.88,20.9,440120
2012-01-10 16:30:00,21.28,21.46,21.26,21.46,261117
2012-01-10 17:00:00,21.46,21.54,21.41,21.42,446849
2012-01-10 17:30:00,21.43,21.48,21.37,21.43,240163
2012-01-10 18:00:00,21.42,21.44,21.35,21.43,232380
2012-01-10 18:30:00,21.42,21.5,21.42,21.47,131706
2012-01-10 19:00:00,21.46,21.51,21.43,21.47,136136
2012-01-10 19:30:00,21.47,21.5,21.4,21.45,234572
2012-01-10 20:00:00,21.44,21.51,21.42,21.5,185204
2012-01-10 20:30:00,21.5,21.63,21.47,21.61,338344
2012-01-10 21:00:00,21.62,21.68,21.58,21.67,280645
2012-01-10 21:30:00,21.67,21.68,21.61,21.67,259071
2012-01-10 22:00:00,21.67,21.74,21.64,21.72,437752
2012-01-10 22:30:00,21.72,21.76,21.57,21.62,1064640
2012-01-11 16:30:00,21.48,21.52,21.33,21.33,483322
2012-01-11 17:00:00,21.32,21.4,21.28,21.35,186781
2012-01-11 17:30:00,21.35,21.42,21.32,21.34,352267
2012-01-11 18:00:00,21.34,21.4,21.31,21.34,395440
2012-01-11 18:30:00,21.34,21.46,21.34,21.41,136268
2012-01-11 19:00:00,21.41,21.46,21.33,21.34,417909
2012-01-11 19:30:00,21.34,21.36,21.29,21.3,206298
2012-01-11 20:00:00,21.31,21.34,21.29,21.3,173570
2012-01-11 20:30:00,21.31,21.35,21.25,21.26,230438
2012-01-11 21:00:00,21.26,21.3,21.19,21.21,250763
2012-01-11 21:30:00,21.22,21.35,21.21,21.27,302404
2012-01-11 22:00:00,21.27,21.35,21.27,21.34,314372
2012-01-11 22:30:00,21.34,21.35,21.21,21.24,1850301
2012-01-12 16:30:00,21.44,22.0,21.44,21.92,987483
2012-01-12 17:00:00,21.91,21.97,21.65,21.76,928370
2012-01-12 17:30:00,21.76,21.84,21.68,21.75,432924
2012-01-12 18:00:00,21.74,21.85,21.74,21.84,257495
2012-01-12 18:30:00,21.84,21.84,21.77,21.79,246038
2012-01-12 19:00:00,21.79,21.83,21.76,21.82,212289
2012-01-12 19:30:00,21.81,21.81,21.73,21.76,217157
2012-01-12 20:00:00,21.77,21.79,21.7,21.73,273706
2012-01-12 20:30:00,21.73,21.75,21.63,21.68,137069
2012-01-12 21:00:00,21.69,21.73,21.65,21.68,143730
2012-01-12 21:30:00,21.67,21.8,21.66,21.79,233679
2012-01-12 22:00:00,21.79,21.8,21.74,21.75,491439
2012-01-12 22:30:00,21.75,21.76,21.66,21.72,1213731
2012-01-13 16:30:00,21.51,21.55,21.34,21.43,363987
2012-01-13 17:00:00,21.43,21.44,20.99,21.17,443853
2012-01-13 17:30:00,21.16,21.35,21.13,21.35,188459
2012-01-13 18:00:00,21.34,21.51,21.32,21.46,325539
2012-01-13 18:30:00,21.47,21.47,21.38,21.39,301830
2012-01-13 19:00:00,21.39,21.46,21.36,21.44,233234
2012-01-13 19:30:00,21.44,21.49,21.36,21.47,137647
2012-01-13 20:00:00,21.47,21.47,21.34,21.45,145053
2012-01-13 20:30:00,21.44,21.54,21.42,21.52,162284
2012-01-13 21:00:00,21.52,21.6,21.49,21.59,130382
2012-01-13 21:30:00,21.59,21.61,21.54,21.58,117122
2012-01-13 22:00:00,21.58,21.64,21.57,21.62,167074
2012-01-13 22:30:00,21.62,21.66,21.58,21.61,367834
2012-01-17 16:30:00,22.05,22.21,21.95,21.99,382429
2012-01-17 17:00:00,21.99,22.0,21.85,21.91,218493
2012-01-17 17:30:00,21.9,21.92,21.77,21.9,301523
2012-01-17 18:00:00,21.91,22.02,21.89,22.0,131535
2012-01-17 18:30:00,21.99,22.04,21.93,21.95,110652
2012-01-17 19:00:00,21.95,22.0,21.91,21.91,76011
2012-01-17 19:30:00,21.92,21.93,21.8,21.87,92182
2012-01-17 20:00:00,21.87,21.92,21.86,21.9,72804
2012-01-17 20:30:00,21.9,21.91,21.85,21.88,73184
2012-01-17 21:00:00,21.88,21.89,21.82,21.83,159743
2012-01-17 21:30:00,21.82,21.82,21.65,21.68,153786
2012-01-17 22:00:00,21.67,21.67,21.54,21.63,189175
2012-01-17 22:30:00,21.64,21.68,21.57,21.65,545943
2012-01-18 16:30:00,21.55,21.63,21.42,21.58,187889
2012-01-18 17:00:00,21.59,21.68,21.54,21.66,189637
2012-01-18 17:30:00,21.65,21.72,21.63,21.64,238907
2012-01-18 18:00:00,21.63,21.69,21.54,21.55,248033
2012-01-18 18:30:00,21.56,21.64,21.54,21.63,194356
2012-01-18 19:00:00,21.63,21.8,21.63,21.79,121751
2012-01-18 19:30:00,21.79,21.82,21.75,21.79,94503
2012-01-18 20:00:00,21.8,21.82,21.77,21.81,83812
2012-01-18 20:30:00,21.81,21.88,21.77,21.78,113133
2012-01-18 21:00:00,21.78,21.9,21.78,21.9,143440
2012-01-18 21:30:00,21.89,21.89,21.8,21.87,219881
2012-01-18 22:00:00,21.88,21.95,21.86,21.92,255626
2012-01-18 22:30:00,21.92,22.01,21.9,21.96,920007
2012-01-19 16:30:00,22.1,22.29,22.05,22.29,145437
2012-01-19 17:00:00,22.28,22.29,22.09,22.17,173575
2012-01-19 17:30:00,22.17,22.23,22.13,22.22,324061
2012-01-19 18:00:00,22.22,22.33,22.21,22.31,205486
2012-01-19 18:30:00,22.32,22.34,22.28,22.29,356662
2012-01-19 19:00:00,22.29,22.29,22.21,22.21,463177
2012-01-19 19:30:00,22.22,22.27,22.2,22.22,195078
2012-01-19 20:00:00,22.22,22.29,22.21,22.21,209765
2012-01-19 20:30:00,22.22,22.29,22.22,22.23,233364
2012-01-19 21:00:00,22.24,22.3,22.23,22.27,148760
2012-01-19 21:30:00,22.28,22.28,22.14,22.15,203739
2012-01-19 22:00:00,22.15,22.26,22.11,22.12,337330
2012-01-19 22:30:00,22.12,22.17,22.08,22.15,577719
2012-01-20 16:30:00,22.16,22.34,22.11,22.32,567482
2012-01-20 17:00:00,22.32,22.33,22.11,22.12,328638
2012-01-20 17:30:00,22.12,22.13,22.04,22.1,253669
2012-01-20 18:00:00,22.11,22.2,22.1,22.19,159571
2012-01-20 18:30:00,22.19,22.2,22.14,22.16,153451
2012-01-20 19:00:00,22.16,22.21,22.16,22.21,332493
2012-01-20 19:30:00,22.21,22.26,22.2,22.21,160320
2012-01-20 20:00:00,22.22,22.24,22.18,22.2,92783
2012-01-20 20:30:00,22.2,22.21,22.17,22.19,70201
2012-01-20 21:00:00,22.19,22.25,22.19,22.25,81570
2012-01-20 21:30:00,22.24,22.29,22.22,22.28,187360
2012-01-20 22:00:00,22.28,22.44,22.27,22.43,302749
2012-01-20 22:30:00,22.42,22.46,22.33,22.43,834495
2012-01-23 16:30:00,22.46,22.59,22.42,22.51,211252
2012-01-23 17:00:00,22.52,22.53,22.34,22.35,269271
2012-01-23 17:30:00,22.34,22.35,22.27,22.27,188938
2012-01-23 18:00:00,22.27,22.41,22.25,22.39,214469
2012-01-23 18:30:00,22.39,22.42,22.29,22.33,272546
2012-01-23 19:00:00,22.33,22.38,22.28,22.37,280631
2012-01-23 19:30:00,22.36,22.4,22.29,22.29,92727
2012-01-23 20:00:00,22.28,22.37,22.28,22.37,116434
2012-01-23 20:30:00,22.37,22.4,22.33,22.36,145445
2012-01-23 21:00:00,22.35,22.38,22.34,22.36,113284
2012-01-23 21:30:00,22.37,22.4,22.29,22.38,147053
2012-01-23 22:00:00,22.38,22.48,22.36,22.46,203441
2012-01-23 22:30:00,22.47,22.48,22.38,22.4,472422
2012-01-24 16:30:00,22.12,22.28,22.12,22.25,183974
2012-01-24 17:00:00,22.25,22.29,22.23,22.24,304347
2012-01-24 17:30:00,22.24,22.3,22.22,22.28,280165
2012-01-24 18:00:00,22.28,22.38,22.27,22.37,135220
2012-01-24 18:30:00,22.38,22.39,22.27,22.34,109997
2012-01-24 19:00:00,22.34,22.36,22.31,22.31,79687
2012-01-24 19:30:00,22.31,22.42,22.31,22.41,64731
2012-01-24 20:00:00,22.4,22.41,22.28,22.29,135390
2012-01-24 20:30:00,22.29,22.37,22.29,22.35,426289
2012-01-24 21:00:00,22.36,22.39,22.34,22.37,136118
2012-01-24 21:30:00,22.38,22.4,22.35,22.39,217034
2012-01-24 22:00:00,22.38,22.43,22.36,22.41,427777
2012-01-24 22:30:00,22.4,22.41,22.34,22.4,507124
2012-01-25 16:30:00,22.35,22.35,22.17,22.19,236165
2012-01-25 17:00:00,22.19,22.29,22.16,22.27,259736
2012-01-25 17:30:00,22.28,22.31,22.2,22.24,281207
2012-01-25 18:00:00,22.24,22.26,22.08,22.13,479281
2012-01-25 18:30:00,22.13,22.21,22.13,22.18,192359
2012-01-25 19:00:00,22.18,22.22,22.14,22.19,204027
2012-01-25 19:30:00,22.19,22.21,22.08,22.08,185222
2012-01-25 20:00:00,22.09,22.25,22.09,22.24,297080
2012-01-25 20:30:00,22.24,22.3,22.22,22.29,399452
2012-01-25 21:00:00,22.3,22.33,22.1,22.14,270657
2012-01-25 21:30:00,22.14,22.25,22.11,22.2,252602
2012-01-25 22:00:00,22.21,22.23,22.13,22.21,209889
2012-01-25 22:30:00,22.21,22.28,22.13,22.16,650760
2012-01-26 16:30:00,22.41,23.0,22.41,22.92,445889
2012-01-26 17:00:00,22.91,22.96,22.68,22.7,395546
2012-01-26 17:30:00,22.7,22.85,22.59,22.75,415163
2012-01-26 18:00:00,22.76,22.9,22.7,22.89,307059
2012-01-26 18:30:00,22.9,22.96,22.86,22.93,365954
2012-01-26 19:00:00,22.94,22.95,22.75,22.83,464850
2012-01-26 19:30:00,22.82,22.92,22.81,22.9,178071
2012-01-26 20:00:00,22.91,22.93,22.84,22.86,149426
2012-01-26 20:30:00,22.85,22.86,22.76,22.76,303715
2012-01-26 21:00:00,22.76,22.83,22.64,22.73,314443
2012-01-26 21:30:00,22.73,22.79,22.69,22.7,342264
2012-01-26 22:00:00,22.71,22.78,22.65,22.66,369916
2012-01-26 22:30:00,22.67,22.81,22.66,22.8,646951
2012-01-27 16:30:00,22.66,22.99,22.66,22.84,215118
2012-01-27 17:00:00,22.84,22.85,22.68,22.76,217849
2012-01-27 17:30:00,22.76,22.79,22.66,22.76,308030
2012-01-27 18:00:00,22.75,22.86,22.71,22.86,284364
2012-01-27 18:30:00,22.86,22.91,22.77,22.89,284426
2012-01-27 19:00:00,22.89,22.98,22.81,22.98,331653
2012-01-27 19:30:00,22.98,22.98,22.88,22.91,295784
2012-01-27 20:00:00,22.9,23.01,22.89,22.99,248242
2012-01-27 20:30:00,22.99,23.14,22.98,23.07,654813
2012-01-27 21:00:00,23.08,23.09,22.99,23.01,440507
2012-01-27 21:30:00,23.0,23.31,23.0,23.24,641169
2012-01-27 22:00:00,23.24,23.26,23.1,23.15,626676
2012-01-27 22:30:00,23.15,23.16,23.0,23.0,732103
2012-01-30 16:30:00,22.65,22.86,22.65,22.73,395677
2012-01-30 17:00:00,22.73,22.74,22.58,22.65,358525
2012-01-30 17:30:00,22.64,22.73,22.62,22.67,319201
2012-01-30 18:00:00,22.68,22.75,22.67,22.71,461025
2012-01-30 18:30:00,22.7,22.73,22.61,22.63,336656
2012-01-30 19:00:00,22.63,22.74,22.61,22.71,483291
2012-01-30 19:30:00,22.71,22.77,22.67,22.7,235967
2012-01-30 20:00:00,22.71,22.72,22.57,22.64,192571
2012-01-30 20:30:00,22.64,22.71,22.63,22.68,193236
2012-01-30 21:00:00,22.67,22.72,22.6,22.67,455836
2012-01-30 21:30:00,22.68,22.75,22.63,22.69,212993
2012-01-30 22:00:00,22.68,22.71,22.59,22.7,263649
2012-01-30 22:30:00,22.71,22.71,22.54,22.57,893605
2012-01-31 16:30:00,22.78,22.83,22.42,22.48,314533
2012-01-31 17:00:00,22.42,22.5,22.32,22.39,279405
2012-01-31 17:30:00,22.39,22.47,22.35,22.42,347847
2012-01-31 18:00:00,22.41,22.46,22.36,22.37,411827
2012-01-31 18:30:00,22.38,22.48,22.36,22.44,292618
2012-01-31 19:00:00,22.44,22.65,22.43,22.6,190036
2012-01-31 19:30:00,22.6,22.66,22.52,22.54,178297
2012-01-31 20:00:00,22.54,22.61,22.54,22.55,133586
2012-01-31 20:30:00,22.56,22.57,22.37,22.45,184971
2012-01-31 21:00:00,22.44,22.56,22.43,22.52,156070
2012-01-31 21:30:00,22.53,22.59,22.48,22.56,178589
2012-01-31 22:00:00,22.56,22.64,22.55,22.63,180538
2012-01-31 22:30:00,22.63,22.64,22.55,22.59,457870
2012-02-01 16:30:00,22.85,23.08,22.71,22.98,360151
2012-02-01 17:00:00,22.98,23.21,22.88,23.15,390629
2012-02-01 17:30:00,23.15,23.18,23.06,23.11,164507
2012-02-01 18:00:00,23.1,23.14,23.04,23.09,155594
2012-02-01 18:30:00,23.09,23.13,23.05,23.11,229006
2012-02-01 19:00:00,23.11,23.26,23.11,23.23,110421
2012-02-01 19:30:00,23.23,23.24,23.17,23.2,117886
2012-02-01 20:00:00,23.2,23.24,23.17,23.18,92707
2012-02-01 20:30:00,23.18,23.18,23.09,23.12,182644
2012-02-01 21:00:00,23.13,23.2,23.12,23.19,90932
2012-02-01 21:30:00,23.19,23.2,23.13,23.17,111213
2012-02-01 22:00:00,23.18,23.22,23.12,23.16,138365
2012-02-01 22:30:00,23.15,23.21,23.09,23.17,581219
2012-02-02 16:30:00,23.18,23.18,22.95,23.09,256471
2012-02-02 17:00:00,23.1,23.26,23.09,23.18,191650
2012-02-02 17:30:00,23.18,23.31,23.17,23.24,366890
2012-02-02 18:00:00,23.25,23.26,23.17,23.17,159572
2012-02-02 18:30:00,23.17,23.18,23.01,23.16,271325
2012-02-02 19:00:00,23.15,23.18,23.1,23.14,148501
2012-02-02 19:30:00,23.14,23.17,23.08,23.15,107406
2012-02-02 20:00:00,23.14,23.17,23.09,23.09,151556
2012-02-02 20:30:00,23.09,23.21,23.09,23.16,125392
2012-02-02 21:00:00,23.16,23.19,23.12,23.13,198696
2012-02-02 21:30:00,23.13,23.15,23.02,23.06,126097
2012-02-02 22:00:00,23.06,23.11,23.05,23.08,161906
2012-02-02 22:30:00,23.08,23.19,23.05,23.14,501159
2012-02-03 16:30:00,23.54,23.62,23.44,23.62,644650
2012-02-03 17:00:00,23.62,23.84,23.62,23.8,291384
2012-02-03 17:30:00,23.8,23.91,23.69,23.7,472270
2012-02-03 18:00:00,23.7,23.79,23.62,23.7,347862
2012-02-03 18:30:00,23.7,23.82,23.69,23.73,259090
2012-02-03 19:00:00,23.73,23.75,23.54,23.65,482804
2012-02-03 19:30:00,23.65,23.67,23.59,23.6,468340
2012-02-03 20:00:00,23.6,23.71,23.6,23.67,251223
2012-02-03 20:30:00,23.66,23.7,23.61,23.62,285058
2012-02-03 21:00:00,23.63,23.67,23.58,23.64,353373
2012-02-03 21:30:00,23.65,23.78,23.64,23.78,197634
2012-02-03 22:00:00,23.78,23.78,23.73,23.78,224580
2012-02-03 22:30:00,23.78,23.9,23.75,23.86,858433
2012-02-06 16:30:00,23.68,23.83,23.55,23.78,172354
2012-02-06 17:00:00,23.78,23.85,23.76,23.84,302722
2012-02-06 17:30:00,23.83,23.91,23.81,23.91,218275
2012-02-06 18:00:00,23.91,24.0,23.9,23.99,248161
2012-02-06 18:30:00,23.98,24.0,23.92,23.99,203986
2012-02-06 19:00:00,23.99,24.0,23.95,23.97,601711
2012-02-06 19:30:00,23.97,24.05,23.97,24.04,255151
2012-02-06 20:00:00,24.04,24.05,23.99,24.01,205933
2012-02-06 20:30:00,24.0,24.01,23.97,23.97,147104
2012-02-06 21:00:00,23.97,24.01,23.94,23.95,167377
2012-02-06 21:30:00,23.94,23.97,23.9,23.96,221648
2012-02-06 22:00:00,23.96,23.97,23.89,23.9,250067
2012-02-06 22:30:00,23.89,23.94,23.86,23.9,616971
2012-02-07 16:30:00,23.66,23.74,23.5,23.68,393976
2012-02-07 17:00:00,23.68,23.77,23.64,23.74,150281
2012-02-07 17:30:00,23.74,23.86,23.74,23.86,172222
2012-02-07 18:00:00,23.86,23.99,23.83,23.99,311089
2012-02-07 18:30:00,23.99,24.03,23.96,24.02,489726
2012-02-07 19:00:00,24.02,24.11,23.99,24.09,243698
2012-02-07 19:30:00,24.08,24.14,24.08,24.13,121604
2012-02-07 20:00:00,24.13,24.18,24.09,24.12,319694
2012-02-07 20:30:00,24.12,24.21,24.09,24.2,317260
2012-02-07 21:00:00,24.2,24.28,24.13,24.14,278108
2012-02-07 21:30:00,24.14,24.19,24.1,24.13,233896
2012-02-07 22:00:00,24.14,24.28,24.1,24.26,339932
2012-02-07 22:30:00,24.27,24.32,24.23,24.29,993109
2012-02-08 16:30:00,24.26,24.4,24.2,24.37,520628
2012-02-08 17:00:00,24.36,24.42,24.36,24.39,474757
2012-02-08 17:30:00,24.37,24.39,24.22,24.25,385396
2012-02-08 18:00:00,24.25,24.27,24.19,24.27,483817
2012-02-08 18:30:00,24.28,24.32,24.2,24.28,382383
2012-02-08 19:00:00,24.28,24.31,24.26,24.3,209813
2012-02-08 19:30:00,24.31,24.35,24.29,24.33,244417
2012-02-08 20:00:00,24.33,24.36,24.23,24.23,220025
2012-02-08 20:30:00,24.23,24.25,24.2,24.25,188433
2012-02-08 21:00:00,24.24,24.3,24.22,24.27,206366
2012-02-08 21:30:00,24.26,24.31,24.25,24.28,263353
2012-02-08 22:00:00,24.28,24.34,24.26,24.31,391942
2012-02-08 22:30:00,24.31,24.36,24.28,24.33,774143
2012-02-09 16:30:00,24.48,24.65,24.33,24.52,524426
2012-02-09 17:00:00,24.51,24.55,24.3,24.34,565938
2012-02-09 17:30:00,24.34,24.51,24.29,24.48,446251
2012-02-09 18:00:00,24.48,24.48,24.38,24.41,313602
2012-02-09 18:30:00,24.41,24.51,24.32,24.49,329584
2012-02-09 19:00:00,24.49,24.53,24.37,24.37,375851
2012-02-09 19:30:00,24.38,24.53,24.38,24.51,379687
2012-02-09 20:00:00,24.5,24.54,24.44,24.53,366146
2012-02-09 20:30:00,24.53,24.55,24.43,24.44,186646
2012-02-09 21:00:00,24.44,24.49,24.4,24.49,201619
2012-02-09 21:30:00,24.49,24.51,24.4,24.4,229486
2012-02-09 22:00:00,24.41,24.51,24.37,24.47,289047
2012-02-09 22:30:00,24.47,24.51,24.39,24.45,764178
2012-02-10 16:30:00,24.1,24.33,24.01,24.15,330757
2012-02-10 17:00:00,24.15,24.23,24.07,24.19,295026
2012-02-10 17:30:00,24.18,24.24,24.15,24.21,206581
2012-02-10 18:00:00,24.2,24.32,24.18,24.21,182175
2012-02-10 18:30:00,24.21,24.28,24.19,24.27,129584
2012-02-10 19:00:00,24.27,24.34,24.25,24.28,472079
2012-02-10 19:30:00,24.29,24.39,24.28,24.37,113748
2012-02-10 20:00:00,24.38,24.38,24.29,24.3,55698
2012-02-10 20:30:00,24.3,24.31,24.17,24.19,160205
2012-02-10 21:00:00,24.19,24.25,24.17,24.18,287239
2012-02-10 21:30:00,24.18,24.2,24.12,24.12,209931
2012-02-10 22:00:00,24.11,24.16,24.04,24.14,340835
2012-02-10 22:30:00,24.13,24.14,24.07,24.1,540508
2012-02-13 16:30:00,24.44,24.57,24.38,24.51,292326
2012-02-13 17:00:00,24.51,24.56,24.32,24.36,213524
2012-02-13 17:30:00,24.36,24.38,24.31,24.37,154171
2012-02-13 18:00:00,24.37,24.37,24.19,24.24,211798
2012-02-13 18:30:00,24.24,24.3,24.22,24.26,132007
2012-02-13 19:00:00,24.27,24.32,24.24,24.25,119133
2012-02-13 19:30:00,24.25,24.34,24.2,24.33,203924
2012-02-13 20:00:00,24.33,24.37,24.31,24.37,67083
2012-02-13 20:30:00,24.36,24.39,24.31,24.32,86137
2012-02-13 21:00:00,24.32,24.34,24.29,24.33,54894
2012-02-13 21:30:00,24.32,24.38,24.3,24.36,83527
2012-02-13 22:00:00,24.36,24.37,24.3,24.37,109761
2012-02-13 22:30:00,24.36,24.41,24.31,24.36,549966
2012-02-14 16:30:00,24.2,24.2,24.06,24.07,206971
2012-02-14 17:00:00,24.07,24.07,23.94,24.03,252920
2012-02-14 17:30:00,24.03,24.05,23.85,23.85,252800
2012-02-14 18:00:00,23.86,23.99,23.85,23.96,167385
2012-02-14 18:30:00,23.96,24.01,23.92,23.96,139350
2012-02-14 19:00:00,23.97,24.02,23.92,23.92,250254
2012-02-14 19:30:00,23.92,23.95,23.87,23.9,191298
2012-02-14 20:00:00,23.9,23.9,23.81,23.86,192917
2012-02-14 20:30:00,23.86,23.95,23.86,23.93,165419
2012-02-14 21:00:00,23.93,23.94,23.81,23.81,158573
2012-02-14 21:30:00,23.81,23.87,23.78,23.87,174611
2012-02-14 22:00:00,23.87,23.92,23.81,23.86,263877
2012-02-14 22:30:00,23.86,24.0,23.83,23.96,1002606
2012-02-15 16:30:00,24.13,24.16,24.0,24.16,251312
2012-02-15 17:00:00,24.16,24.22,24.04,24.14,94904
2012-02-15 17:30:00,24.14,24.15,23.96,23.98,102489
2012-02-15 18:00:00,23.99,24.04,23.95,24.03,145252
2012-02-15 18:30:00,24.04,24.1,23.99,24.08,107228
2012-02-15 19:00:00,24.08,24.08,23.98,23.99,92179
2012-02-15 19:30:00,23.99,24.03,23.89,23.91,189012
2012-02-15 20:00:00,23.91,23.96,23.84,23.93,118476
2012-02-15 20:30:00,23.93,23.94,23.86,23.91,199616
2012-02-15 21:00:00,23.9,23.93,23.76,23.85,361226
2012-02-15 21:30:00,23.86,23.9,23.76,23.76,265858
2012-02-15 22:00:00,23.76,23.84,23.73,23.82,338113
2012-02-15 22:30:00,23.81,23.91,23.78,23.84,469931
2012-02-16 16:30:00,23.85,24.03,23.8,24.02,484376
2012-02-16 17:00:00,24.02,24.29,24.01,24.27,282074
2012-02-16 17:30:00,24.27,24.37,24.27,24.37,259863
2012-02-16 18:00:00,24.37,24.45,24.36,24.43,394863
2012-02-16 18:30:00,24.42,24.67,24.4,24.66,393565
2012-02-16 19:00:00,24.66,24.69,24.53,24.53,258062
2012-02-16 19:30:00,24.53,24.53,24.47,24.51,198438
2012-02-16 20:00:00,24.51,24.61,24.51,24.57,333068
2012-02-16 20:30:00,24.57,24.6,24.52,24.55,160290
2012-02-16 21:00:00,24.55,24.57,24.48,24.51,169910
2012-02-16 21:30:00,24.51,24.63,24.5,24.61,252021
2012-02-16 22:00:00,24.61,24.66,24.53,24.64,457281
2012-02-16 22:30:00,24.63,24.75,24.57,24.73,918582
2012-02-17 16:30:00,24.87,24.94,24.71,24.82,723933
2012-02-17 17:00:00,24.82,24.82,24.69,24.74,268433
2012-02-17 17:30:00,24.74,24.74,24.63,24.64,240700
2012-02-17 18:00:00,24.63,24.69,24.6,24.69,193313
2012-02-17 18:30:00,24.69,24.75,24.67,24.73,124142
2012-02-17 19:00:00,24.73,24.74,24.68,24.68,170057
2012-02-17 19:30:00,24.69,24.73,24.67,24.68,233130
2012-02-17 20:00:00,24.68,24.74,24.67,24.68,199584
2012-02-17 20:30:00,24.69,24.73,24.67,24.72,181023
2012-02-17 21:00:00,24.72,24.74,24.71,24.71,75072
2012-02-17 21:30:00,24.71,24.74,24.7,24.72,191609
2012-02-17 22:00:00,24.72,24.8,24.71,24.78,120463
2012-02-17 22:30:00,24.77,24.77,24.69,24.7,712950
2012-02-21 16:30:00,24.77,24.91,24.7,24.81,297044
2012-02-21 17:00:00,24.8,24.91,24.79,24.87,227899
2012-02-21 17:30:00,24.87,24.97,24.85,24.87,286564
2012-02-21 18:00:00,24.87,24.88,24.82,24.83,243985
2012-02-21 18:30:00,24.83,24.88,24.79,24.85,157683
2012-02-21 19:00:00,24.84,24.91,24.82,24.87,147400
2012-02-21 19:30:00,24.87,24.88,24.83,24.83,97813
2012-02-21 20:00:00,24.83,24.88,24.82,24.82,104685
2012-02-21 20:30:00,24.83,24.86,24.79,24.82,242244
2012-02-21 21:00:00,24.81,24.86,24.8,24.85,429231
2012-02-21 21:30:00,24.85,24.86,24.77,24.79,681688
2012-02-21 22:00:00,24.79,24.8,24.75,24.79,469013
2012-02-21 22:30:00,24.79,24.83,24.77,24.81,879521
2012-02-22 16:30:00,24.81,24.98,24.71,24.74,519545
2012-02-22 17:00:00,24.74,24.84,24.68,24.8,385858
2012-02-22 17:30:00,24.8,24.84,24.77,24.8,336795
2012-02-22 18:00:00,24.8,24.83,24.8,24.81,291423
2012-02-22 18:30:00,24.81,24.81,24.75,24.78,280450
2012-02-22 19:00:00,24.78,24.78,24.75,24.75,207390
2012-02-22 19:30:00,24.75,24.79,24.73,24.79,176917
2012-02-22 20:00:00,24.78,24.83,24.76,24.77,129887
2012-02-22 20:30:00,24.78,24.83,24.75,24.81,147163
2012-02-22 21:00:00,24.82,24.86,24.8,24.85,183572
2012-02-22 21:30:00,24.85,24.87,24.8,24.81,136910
2012-02-22 22:00:00,24.8,24.85,24.8,24.82,354684
2012-02-22 22:30:00,24.83,24.9,24.76,24.78,759239
2012-02-23 16:30:00,24.67,24.72,24.56,24.65,253680
2012-02-23 17:00:00,24.65,24.71,24.64,24.68,283603
2012-02-23 17:30:00,24.67,24.89,24.62,24.89,240786
2012-02-23 18:00:00,24.89,24.89,24.82,24.89,179694
2012-02-23 18:30:00,24.89,24.91,24.85,24.9,82126
2012-02-23 19:00:00,24.9,24.97,24.9,24.94,123822
2012-02-23 19:30:00,24.94,24.99,24.86,24.9,287050
2012-02-23 20:00:00,24.9,24.91,24.86,24.89,55616
2012-02-23 20:30:00,24.89,24.94,24.86,24.9,115551
2012-02-23 21:00:00,24.91,24.94,24.89,24.93,82259
2012-02-23 21:30:00,24.92,24.96,24.88,24.89,93413
2012-02-23 22:00:00,24.89,24.93,24.88,24.92,130842
2012-02-23 22:30:00,24.92,24.97,24.89,24.94,361619
2012-02-24 16:30:00,24.99,25.0,24.83,24.98,217704
2012-02-24 17:00:00,24.98,25.0,24.9,24.94,120760
2012-02-24 17:30:00,24.94,25.0,24.86,24.86,254747
2012-02-24 18:00:00,24.86,24.97,24.86,24.94,172231
2012-02-24 18:30:00,24.95,24.96,24.87,24.89,210477
2012-02-24 19:00:00,24.89,24.93,24.88,24.89,100950
2012-02-24 19:30:00,24.89,24.93,24.88,24.88,86994
2012-02-24 20:00:00,24.88,24.95,24.85,24.85,95358
2012-02-24 20:30:00,24.86,24.89,24.84,24.85,115584
2012-02-24 21:00:00,24.86,24.88,24.79,24.8,116683
2012-02-24 21:30:00,24.8,24.83,24.76,24.8,387336
2012-02-24 22:00:00,24.81,24.86,24.78,24.84,170896
2012-02-24 22:30:00,24.85,24.88,24.8,24.86,406062
2012-02-27 16:30:00,24.69,24.71,24.44,24.51,319959
2012-02-27 17:00:00,24.51,24.61,24.49,24.58,336560
2012-02-27 17:30:00,24.59,24.82,24.58,24.75,283079
2012-02-27 18:00:00,24.75,24.83,24.69,24.78,368507
2012-02-27 18:30:00,24.78,24.83,24.77,24.79,224623
2012-02-27 19:00:00,24.79,24.82,24.74,24.77,201842
2012-02-27 19:30:00,24.78,24.93,24.75,24.85,119416
2012-02-27 20:00:00,24.85,24.9,24.83,24.88,91947
2012-02-27 20:30:00,24.87,24.94,24.81,24.84,126466
2012-02-27 21:00:00,24.84,24.91,24.84,24.86,105994
2012-02-27 21:30:00,24.86,24.92,24.82,24.9,182478
2012-02-27 22:00:00,24.9,24.96,24.84,24.87,345170
2012-02-27 22:30:00,24.88,24.91,24.78,24.79,643417
2012-02-28 16:30:00,24.84,25.0,24.73,24.98,498755
2012-02-28 17:00:00,24.98,25.01,24.85,24.95,676867
2012-02-28 17:30:00,24.95,25.07,24.94,25.05,391233
2012-02-28 18:00:00,25.05,25.11,25.01,25.05,333816
2012-02-28 18:30:00,25.06,25.09,25.0,25.05,284267
2012-02-28 19:00:00,25.05,25.07,24.98,25.0,365664
2012-02-28 19:30:00,24.99,25.01,24.98,25.0,223187
2012-02-28 20:00:00,24.99,25.02,24.98,25.01,210202
2012-02-28 20:30:00,25.0,25.0,24.88,24.94,241559
2012-02-28 21:00:00,24.94,24.96,24.9,24.92,278894
2012-02-28 21:30:00,24.92,25.01,24.92,24.96,219484
2012-02-28 22:00:00,24.96,24.99,24.91,24.98,280923
2012-02-28 22:30:00,24.99,25.03,24.95,24.99,678246
2012-02-29 16:30:00,24.95,25.2,24.95,25.11,223516
2012-02-29 17:00:00,25.11,25.14,24.99,25.03,361032
2012-02-29 17:30:00,25.02,25.03,24.79,24.98,323864
2012-02-29 18:00:00,24.97,24.98,24.71,24.72,351663
2012-02-29 18:30:00,24.72,24.8,24.69,24.71,336734
2012-02-29 19:00:00,24.71,24.79,24.65,24.78,246387
2012-02-29 19:30:00,24.76,24.81,24.75,24.79,197098
2012-02-29 20:00:00,24.8,24.81,24.75,24.76,240109
2012-02-29 20:30:00,24.77,24.85,24.75,24.85,370238
2012-02-29 21:00:00,24.85,24.9,24.8,24.87,140096
2012-02-29 21:30:00,24.86,24.86,24.78,24.8,171468
2012-02-29 22:00:00,24.8,24.83,24.75,24.8,197542
2012-02-29 22:30:00,24.79,24.83,24.71,24.77,789574
2012-03-01 16:30:00,24.55,25.07,24.39,25.02,344143
2012-03-01 17:00:00,25.02,25.02,24.87,24.95,249961
2012-03-01 17:30:00,24.94,24.95,24.84,24.92,270875
2012-03-01 18:00:00,24.92,24.94,24.81,24.89,267558
2012-03-01 18:30:00,24.89,24.9,24.84,24.87,136064
2012-03-01 19:00:00,24.87,24.92,24.84,24.86,159082
2012-03-01 19:30:00,24.87,24.9,24.83,24.87,152484
2012-03-01 20:00:00,24.88,24.89,24.82,24.87,168502
2012-03-01 20:30:00,24.88,24.91,24.81,24.9,132793
2012-03-01 21:00:00,24.9,24.94,24.84,24.85,89248
2012-03-01 21:30:00,24.84,24.87,24.8,24.84,103809
2012-03-01 22:00:00,24.85,24.88,24.74,24.8,209404
2012-03-01 22:30:00,24.81,24.91,24.74,24.89,743336
2012-03-02 16:30:00,24.82,24.98,24.82,24.86,361225
2012-03-02 17:00:00,24.85,25.04,24.81,25.0,204049
2012-03-02 17:30:00,24.99,25.0,24.85,24.88,180171
2012-03-02 18:00:00,24.89,24.92,24.85,24.85,195629
2012-03-02 18:30:00,24.86,24.88,24.83,24.86,237239
2012-03-02 19:00:00,24.86,24.9,24.83,24.9,177538
2012-03-02 19:30:00,24.9,24.91,24.84,24.85,68708
2012-03-02 20:00:00,24.85,24.9,24.83,24.85,128112
2012-03-02 20:30:00,24.85,24.86,24.83,24.84,106454
2012-03-02 21:00:00,24.85,24.86,24.8,24.8,109536
2012-03-02 21:30:00,24.81,24.84,24.79,24.8,104589
2012-03-02 22:00:00,24.81,24.85,24.77,24.79,144659
2012-03-02 22:30:00,24.79,24.83,24.77,24.77,321353
2012-03-05 16:30:00,24.6,24.63,24.43,24.48,331439
2012-03-05 17:00:00,24.48,24.52,24.44,24.48,539427
2012-03-05 17:30:00,24.47,24.57,24.45,24.48,264407
2012-03-05 18:00:00,24.48,24.54,24.44,24.52,270117
2012-03-05 18:30:00,24.51,24.51,24.42,24.43,104478
2012-03-05 19:00:00,24.43,24.46,24.36,24.38,124175
2012-03-05 19:30:00,24.38,24.42,24.35,24.36,99273
2012-03-05 20:00:00,24.36,24.39,24.34,24.38,127083
2012-03-05 20:30:00,24.37,24.38,24.24,24.26,227323
2012-03-05 21:00:00,24.25,24.41,24.24,24.4,209775
2012-03-05 21:30:00,24.41,24.41,24.32,24.35,344522
2012-03-05 22:00:00,24.36,24.4,24.35,24.35,334558
2012-03-05 22:30:00,24.36,24.42,24.35,24.42,714633
2012-03-06 16:30:00,24.0,24.14,23.94,23.99,347599
2012-03-06 17:00:00,23.98,24.0,23.85,23.91,451636
2012-03-06 17:30:00,23.91,23.99,23.85,23.93,229214
2012-03-06 18:00:00,23.92,24.05,23.91,23.94,252236
2012-03-06 18:30:00,23.95,23.95,23.84,23.88,200548
2012-03-06 19:00:00,23.87,23.89,23.76,23.81,125828
2012-03-06 19:30:00,23.8,23.89,23.79,23.81,171957
2012-03-06 20:00:00,23.82,23.83,23.78,23.83,132016
2012-03-06 20:30:00,23.83,23.87,23.78,23.83,124622
2012-03-06 21:00:00,23.83,23.85,23.77,23.79,222279
2012-03-06 21:30:00,23.79,23.81,23.76,23.78,228640
2012-03-06 22:00:00,23.77,23.82,23.77,23.8,323440
2012-03-06 22:30:00,23.81,23.91,23.78,23.88,531344
2012-03-07 16:30:00,24.04,24.1,23.95,24.07,201326
2012-03-07 17:00:00,24.08,24.11,23.94,23.97,256676
2012-03-07 17:30:00,23.97,24.03,23.95,24.01,238739
2012-03-07 18:00:00,24.01,24.08,24.0,24.08,292688
2012-03-07 18:30:00,24.08,24.2,24.07,24.2,187387
2012-03-07 19:00:00,24.19,24.22,24.13,24.13,184096
2012-03-07 19:30:00,24.13,24.14,24.09,24.11,119285
2012-03-07 20:00:00,24.12,24.21,24.11,24.17,158854
2012-03-07 20:30:00,24.17,24.23,24.16,24.22,116636
2012-03-07 21:00:00,24.22,24.26,24.13,24.15,173297
2012-03-07 21:30:00,24.15,24.22,24.11,24.22,177110
2012-03-07 22:00:00,24.22,24.28,24.16,24.23,225623
2012-03-07 22:30:00,24.23,24.31,24.22,24.27,434734
2012-03-08 16:30:00,24.54,24.68,24.51,24.57,247889
2012-03-08 17:00:00,24.56,24.57,24.34,24.37,227529
2012-03-08 17:30:00,24.39,24.48,24.38,24.38,159878
2012-03-08 18:00:00,24.38,24.48,24.38,24.45,134469
2012-03-08 18:30:00,24.44,24.54,24.42,24.48,157171
2012-03-08 19:00:00,24.49,24.56,24.49,24.54,85258
2012-03-08 19:30:00,24.54,24.55,24.45,24.52,112272
2012-03-08 20:00:00,24.52,24.52,24.45,24.46,62175
2012-03-08 20:30:00,24.46,24.48,24.38,24.41,104260
2012-03-08 21:00:00,24.4,24.44,24.38,24.43,92339
2012-03-08 21:30:00,24.43,24.57,24.42,24.56,256166
2012-03-08 22:00:00,24.55,24.57,24.52,24.55,150281
2012-03-08 22:30:00,24.55,24.6,24.54,24.59,596181
2012-03-09 16:30:00,24.42,24.65,24.42,24.62,175799
2012-03-09 17:00:00,24.61,24.76,24.6,24.74,344729
2012-03-09 17:30:00,24.75,24.91,24.75,24.88,195378
2012-03-09 18:00:00,24.89,24.96,24.86,24.87,153346
2012-03-09 18:30:00,24.88,25.0,24.87,24.95,190262
2012-03-09 19:00:00,24.95,24.98,24.91,24.94,103422
2012-03-09 19:30:00,24.94,24.96,24.86,24.94,339554
2012-03-09 20:00:00,24.94,24.99,24.92,24.94,85188
2012-03-09 20:30:00,24.94,25.0,24.93,24.98,90629
2012-03-09 21:00:00,24.99,25.0,24.96,24.97,156919
2012-03-09 21:30:00,24.97,25.0,24.85,24.88,361613
2012-03-09 22:00:00,24.89,24.93,24.82,24.82,129164
2012-03-09 22:30:00,24.82,24.89,24.79,24.89,372214
2012-03-12 16:30:00,24.82,25.03,24.78,24.93,360466
2012-03-12 17:00:00,24.93,24.94,24.82,24.85,210980
2012-03-12 17:30:00,24.85,24.9,24.79,24.85,212639
2012-03-12 18:00:00,24.86,24.88,24.79,24.8,167222
2012-03-12 18:30:00,24.8,24.84,24.72,24.73,111016
2012-03-12 19:00:00,24.74,24.84,24.7,24.83,170493
2012-03-12 19:30:00,24.84,24.85,24.74,24.8,154630
2012-03-12 20:00:00,24.8,24.82,24.76,24.79,128580
2012-03-12 20:30:00,24.8,24.9,24.79,24.86,89626
2012-03-12 21:00:00,24.86,24.94,24.85,24.92,290262
2012-03-12 21:30:00,24.93,24.95,24.91,24.95,188864
2012-03-12 22:00:00,24.95,25.03,24.94,24.99,446372
2012-03-12 22:30:00,25.0,25.06,24.99,25.05,1016482
2012-03-13 16:30:00,25.16,25.28,25.03,25.09,270622
2012-03-13 17:00:00,25.1,25.11,25.03,25.04,313960
2012-03-13 17:30:00,25.04,25.17,25.04,25.13,150913
2012-03-13 18:00:00,25.14,25.19,25.09,25.15,382468
2012-03-13 18:30:00,25.16,25.23,25.15,25.19,531849
2012-03-13 19:00:00,25.19,25.33,25.19,25.27,208342
2012-03-13 19:30:00,25.28,25.3,25.24,25.29,85608
2012-03-13 20:00:00,25.3,25.34,25.29,25.31,139587
2012-03-13 20:30:00,25.3,25.3,25.25,25.28,175144
2012-03-13 21:00:00,25.27,25.42,25.25,25.38,462063
2012-03-13 21:30:00,25.38,25.4,25.31,25.35,293971
2012-03-13 22:00:00,25.35,25.86,25.35,25.78,1041397
2012-03-13 22:30:00,25.79,26.0,25.75,25.99,1452587
2012-03-14 16:30:00,25.95,26.04,25.86,25.95,463463
2012-03-14 17:00:00,25.96,26.0,25.86,25.86,355030
2012-03-14 17:30:00,25.87,25.89,25.7,25.7,351199
2012-03-14 18:00:00,25.7,25.75,25.64,25.72,379465
2012-03-14 18:30:00,25.73,25.98,25.72,25.98,252799
2012-03-14 19:00:00,25.97,25.99,25.86,25.86,308092
2012-03-14 19:30:00,25.86,25.93,25.84,25.91,167542
2012-03-14 20:00:00,25.91,26.01,25.91,26.0,264461
2012-03-14 20:30:00,25.99,26.0,25.79,25.79,218936
2012-03-14 21:00:00,25.79,25.95,25.77,25.95,261419
2012-03-14 21:30:00,25.93,25.93,25.85,25.89,180237
2012-03-14 22:00:00,25.9,25.93,25.8,25.92,286382
2012-03-14 22:30:00,25.93,26.02,25.9,25.96,1061718
2012-03-15 16:30:00,26.0,26.08,25.76,26.0,248190
2012-03-15 17:00:00,25.99,26.15,25.93,26.06,303420
2012-03-15 17:30:00,26.06,26.16,26.05,26.06,299110
2012-03-15 18:00:00,26.06,26.17,25.99,26.17,196416
2012-03-15 18:30:00,26.17,26.29,26.16,26.26,278969
2012-03-15 19:00:00,26.26,26.47,26.24,26.36,315477
2012-03-15 19:30:00,26.36,26.46,26.32,26.32,162087
2012-03-15 20:00:00,26.32,26.39,26.29,26.3,123190
2012-03-15 20:30:00,26.31,26.34,26.25,26.26,236945
2012-03-15 21:00:00,26.26,26.31,26.24,26.26,132191
2012-03-15 21:30:00,26.26,26.28,26.22,26.26,187343
2012-03-15 22:00:00,26.26,26.33,26.26,26.31,305009
2012-03-15 22:30:00,26.31,26.37,26.23,26.34,623182
2012-03-16 16:30:00,26.37,26.4,26.16,26.17,997501
2012-03-16 17:00:00,26.18,26.29,26.16,26.2,270738
2012-03-16 17:30:00,26.19,26.3,26.16,26.28,125631
2012-03-16 18:00:00,26.28,26.33,26.22,26.26,154075
2012-03-16 18:30:00,26.26,26.39,26.25,26.37,114478
2012-03-16 19:00:00,26.38,26.43,26.35,26.37,199460
2012-03-16 19:30:00,26.37,26.38,26.29,26.29,103569
2012-03-16 20:00:00,26.3,26.3,26.23,26.26,122315
2012-03-16 20:30:00,26.27,26.29,26.23,26.29,133612
2012-03-16 21:00:00,26.28,26.3,26.18,26.22,255425
2012-03-16 21:30:00,26.22,26.26,26.17,26.19,190248
2012-03-16 22:00:00,26.19,26.21,26.0,26.09,571034
2012-03-16 22:30:00,26.09,26.22,26.08,26.16,742101
2012-03-19 16:30:00,26.08,26.22,25.96,26.14,376682
2012-03-19 17:00:00,26.14,26.16,26.0,26.07,701466
2012-03-19 17:30:00,26.07,26.13,26.06,26.12,266440
2012-03-19 18:00:00,26.12,26.15,26.09,26.11,202400
2012-03-19 18:30:00,26.11,26.28,26.09,26.25,173658
2012-03-19 19:00:00,26.26,26.29,26.24,26.29,45290
2012-03-19 19:30:00,26.28,26.36,26.26,26.32,67362
2012-03-19 20:00:00,26.32,26.35,26.28,26.34,219238
2012-03-19 20:30:00,26.35,26.42,26.34,26.38,107748
2012-03-19 21:00:00,26.38,26.57,26.37,26.57,338132
2012-03-19 21:30:00,26.56,26.56,26.39,26.39,117941
2012-03-19 22:00:00,26.4,26.43,26.31,26.33,196060
2012-03-19 22:30:00,26.33,26.4,26.3,26.35,703270
2012-03-20 16:30:00,26.1,26.11,25.8,25.98,287280
2012-03-20 17:00:00,25.99,26.1,25.94,26.01,179183
2012-03-20 17:30:00,26.02,26.19,26.01,26.14,135649
2012-03-20 18:00:00,26.14,26.21,26.13,26.16,181208
2012-03-20 18:30:00,26.15,26.16,26.04,26.07,94796
2012-03-20 19:00:00,26.08,26.13,26.07,26.08,55560
2012-03-20 19:30:00,26.08,26.1,26.03,26.07,54691
2012-03-20 20:00:00,26.07,26.13,26.06,26.08,101410
2012-03-20 20:30:00,26.08,26.1,26.05,26.07,86392
2012-03-20 21:00:00,26.06,26.1,26.03,26.06,134306
2012-03-20 21:30:00,26.06,26.09,26.03,26.06,122131
2012-03-20 22:00:00,26.07,26.14,26.06,26.09,361532
2012-03-20 22:30:00,26.1,26.15,25.98,26.07,513973
2012-03-21 16:30:00,26.16,26.38,26.05,26.33,467801
2012-03-21 17:00:00,26.33,26.38,26.26,26.37,411301
2012-03-21 17:30:00,26.37,26.43,26.29,26.3,301681
2012-03-21 18:00:00,26.29,26.32,26.19,26.3,318330
2012-03-21 18:30:00,26.31,26.41,26.29,26.32,313361
2012-03-21 19:00:00,26.32,26.44,26.32,26.42,97753
2012-03-21 19:30:00,26.42,26.43,26.38,26.41,105629
2012-03-21 20:00:00,26.42,26.42,26.31,26.36,357051
2012-03-21 20:30:00,26.35,26.41,26.34,26.38,316628
2012-03-21 21:00:00,26.39,26.42,26.35,26.38,219939
2012-03-21 21:30:00,26.38,26.48,26.36,26.46,759375
2012-03-21 22:00:00,26.45,26.52,26.4,26.43,245187
2012-03-21 22:30:00,26.43,26.47,26.38,26.38,807772
2012-03-22 16:30:00,26.14,26.22,26.0,26.06,490293
2012-03-22 17:00:00,26.07,26.19,26.02,26.04,348147
2012-03-22 17:30:00,26.04,26.06,25.86,25.89,328432
2012-03-22 18:00:00,25.88,25.96,25.88,25.95,432744
2012-03-22 18:30:00,25.96,26.0,25.93,25.95,132198
2012-03-22 19:00:00,25.94,26.0,25.89,25.91,141409
2012-03-22 19:30:00,25.9,26.06,25.89,26.06,158183
2012-03-22 20:00:00,26.07,26.09,25.99,26.04,196723
2012-03-22 20:30:00,26.03,26.05,25.95,25.99,271592
2012-03-22 21:00:00,25.99,25.99,25.9,25.92,165021
2012-03-22 21:30:00,25.92,25.95,25.82,25.82,427701
2012-03-22 22:00:00,25.83,25.85,25.72,25.79,430180
2012-03-22 22:30:00,25.78,25.93,25.76,25.79,824514
2012-03-23 16:30:00,25.83,25.99,25.74,25.9,358351
2012-03-23 17:00:00,25.9,25.91,25.74,25.79,260701
2012-03-23 17:30:00,25.78,25.86,25.76,25.83,125336
2012-03-23 18:00:00,25.83,25.96,25.79,25.95,130208
2012-03-23 18:30:00,25.95,26.12,25.95,26.05,235422
2012-03-23 19:00:00,26.05,26.09,26.01,26.08,154152
2012-03-23 19:30:00,26.07,26.25,26.06,26.23,189473
2012-03-23 20:00:00,26.23,26.31,26.18,26.28,250912
2012-03-23 20:30:00,26.29,26.37,26.18,26.18,281530
2012-03-23 21:00:00,26.18,26.29,26.17,26.27,199925
2012-03-23 21:30:00,26.28,26.38,26.27,26.27,406172
2012-03-23 22:00:00,26.28,26.35,26.24,26.27,399782
2012-03-23 22:30:00,26.26,26.36,26.25,26.29,923181
2012-03-26 16:30:00,26.59,26.67,26.46,26.59,347268
2012-03-26 17:00:00,26.58,26.72,26.51,26.72,400904
2012-03-26 17:30:00,26.72,26.72,26.6,26.65,182801
2012-03-26 18:00:00,26.65,26.66,26.59,26.61,208302
2012-03-26 18:30:00,26.61,26.67,26.58,26.6,271559
2012-03-26 19:00:00,26.61,26.65,26.6,26.63,103978
2012-03-26 19:30:00,26.63,26.66,26.6,26.63,148231
2012-03-26 20:00:00,26.63,26.66,26.61,26.65,101833
2012-03-26 20:30:00,26.65,26.69,26.63,26.65,163663
2012-03-26 21:00:00,26.64,26.74,26.64,26.72,129770
2012-03-26 21:30:00,26.72,26.8,26.68,26.76,366800
2012-03-26 22:00:00,26.76,26.82,26.74,26.78,250182
2012-03-26 22:30:00,26.79,26.84,26.74,26.83,898843
2012-03-27 16:30:00,26.89,26.94,26.72,26.93,218994
2012-03-27 17:00:00,26.92,26.92,26.73,26.74,261711
2012-03-27 17:30:00,26.75,26.77,26.66,26.69,130018
2012-03-27 18:00:00,26.68,26.78,26.66,26.74,129657
2012-03-27 18:30:00,26.73,26.77,26.66,26.77,428712
2012-03-27 19:00:00,26.76,26.8,26.71,26.71,137257
2012-03-27 19:30:00,26.71,26.74,26.7,26.73,136018
2012-03-27 20:00:00,26.73,26.74,26.64,26.67,103778
2012-03-27 20:30:00,26.68,26.74,26.67,26.73,100710
2012-03-27 21:00:00,26.73,26.75,26.69,26.72,246741
2012-03-27 21:30:00,26.71,26.76,26.69,26.73,325312
2012-03-27 22:00:00,26.73,26.75,26.59,26.61,213267
2012-03-27 22:30:00,26.61,26.65,26.47,26.48,475413
2012-03-28 16:30:00,26.46,26.6,26.29,26.4,225515
2012-03-28 17:00:00,26.41,26.47,26.37,26.39,156786
2012-03-28 17:30:00,26.4,26.4,26.29,26.33,98825
2012-03-28 18:00:00,26.34,26.34,26.22,26.24,219223
2012-03-28 18:30:00,26.24,26.27,26.01,26.11,187717
2012-03-28 19:00:00,26.12,26.13,26.04,26.07,134525
2012-03-28 19:30:00,26.06,26.12,26.03,26.03,150430
2012-03-28 20:00:00,26.03,26.11,26.03,26.09,86568
2012-03-28 20:30:00,26.09,26.16,26.07,26.12,216337
2012-03-28 21:00:00,26.11,26.13,25.96,26.01,141313
2012-03-28 21:30:00,26.01,26.13,26.0,26.13,176951
2012-03-28 22:00:00,26.13,26.2,26.09,26.2,251863
2012-03-28 22:30:00,26.19,26.32,26.14,26.3,458586
2012-03-29 16:30:00,26.05,26.14,25.94,26.06,210375
2012-03-29 17:00:00,26.06,26.16,25.95,25.95,263934
2012-03-29 17:30:00,25.95,25.99,25.9,25.93,150184
2012-03-29 18:00:00,25.93,26.04,25.92,25.97,290636
2012-03-29 18:30:00,25.97,26.03,25.95,26.0,499573
2012-03-29 19:00:00,26.0,26.01,25.89,25.91,152458
2012-03-29 19:30:00,25.91,25.99,25.89,25.98,134124
2012-03-29 20:00:00,25.98,25.98,25.93,25.97,204234
2012-03-29 20:30:00,25.97,26.0,25.93,25.96,101394
2012-03-29 21:00:00,25.97,26.08,25.96,26.07,130613
2012-03-29 21:30:00,26.07,26.09,26.03,26.06,120566
2012-03-29 22:00:00,26.05,26.16,26.02,26.1,278661
2012-03-29 22:30:00,26.11,26.22,26.1,26.14,469395
2012-03-30 16:30:00,26.36,26.41,26.13,26.23,175906
2012-03-30 17:00:00,26.22,26.26,26.05,26.11,136350
2012-03-30 17:30:00,26.11,26.17,26.05,26.13,128870
2012-03-30 18:00:00,26.14,26.39,26.14,26.37,81494
2012-03-30 18:30:00,26.37,26.4,26.32,26.39,112920
2012-03-30 19:00:00,26.39,26.39,26.34,26.35,92891
2012-03-30 19:30:00,26.35,26.41,26.34,26.36,68795
2012-03-30 20:00:00,26.36,26.5,26.36,26.44,239267
2012-03-30 20:30:00,26.44,26.48,26.43,26.47,127942
2012-03-30 21:00:00,26.48,26.51,26.46,26.46,147940
2012-03-30 21:30:00,26.46,26.54,26.44,26.47,201353
2012-03-30 22:00:00,26.48,26.61,26.47,26.57,391319
2012-03-30 22:30:00,26.57,26.68,26.56,26.66,1383867
2012-04-02 16:30:00,26.57,26.64,26.38,26.52,277889
2012-04-02 17:00:00,26.52,26.69,26.51,26.63,308845
2012-04-02 17:30:00,26.62,26.72,26.55,26.68,267146
2012-04-02 18:00:00,26.69,26.8,26.66,26.79,178090
2012-04-02 18:30:00,26.8,26.88,26.75,26.86,187585
2012-04-02 19:00:00,26.86,26.9,26.82,26.86,237495
2012-04-02 19:30:00,26.86,26.87,26.82,26.85,172271
2012-04-02 20:00:00,26.84,26.87,26.82,26.83,91482
2012-04-02 20:30:00,26.83,26.88,26.82,26.84,106284
2012-04-02 21:00:00,26.84,26.86,26.79,26.86,108795
2012-04-02 21:30:00,26.85,26.89,26.84,26.86,240984
2012-04-02 22:00:00,26.87,26.88,26.77,26.77,256699
2012-04-02 22:30:00,26.77,26.8,26.67,26.76,608095
2012-04-03 16:30:00,26.63,26.7,26.55,26.65,176645
2012-04-03 17:00:00,26.64,26.7,26.54,26.68,180034
2012-04-03 17:30:00,26.69,26.73,26.66,26.71,91297
2012-04-03 18:00:00,26.71,26.76,26.65,26.67,188487
2012-04-03 18:30:00,26.67,26.68,26.6,26.63,203317
2012-04-03 19:00:00,26.63,26.66,26.56,26.63,315510
2012-04-03 19:30:00,26.64,26.66,26.57,26.6,134871
2012-04-03 20:00:00,26.6,26.61,26.53,26.56,192477
2012-04-03 20:30:00,26.55,26.65,26.55,26.59,135565
2012-04-03 21:00:00,26.6,26.6,26.39,26.46,293302
2012-04-03 21:30:00,26.46,26.48,26.36,26.42,281162
2012-04-03 22:00:00,26.43,26.56,26.4,26.45,301359
2012-04-03 22:30:00,26.46,26.63,26.45,26.58,362784
2012-04-04 16:30:00,26.26,26.59,26.22,26.57,281751
2012-04-04 17:00:00,26.56,26.57,26.21,26.22,349076
2012-04-04 17:30:00,26.22,26.25,25.99,25.99,319273
2012-04-04 18:00:00,25.99,26.12,25.99,26.07,267744
2012-04-04 18:30:00,26.08,26.11,26.04,26.07,310905
2012-04-04 19:00:00,26.09,26.12,26.04,26.09,132538
2012-04-04 19:30:00,26.09,26.1,26.03,26.04,176457
2012-04-04 20:00:00,26.04,26.05,25.95,25.95,134656
2012-04-04 20:30:00,25.95,26.02,25.93,26.0,123400
2012-04-04 21:00:00,26.01,26.03,25.93,25.98,208178
2012-04-04 21:30:00,25.98,26.07,25.97,26.04,193092
2012-04-04 22:00:00,26.04,26.07,25.98,25.99,277712
2012-04-04 22:30:00,26.0,26.08,25.96,25.96,741251
2012-04-05 16:30:00,25.84,26.12,25.63,26.01,206969
2012-04-05 17:00:00,26.02,26.06,25.97,26.02,241567
2012-04-05 17:30:00,26.03,26.12,25.95,26.12,247800
2012-04-05 18:00:00,26.12,26.13,26.04,26.07,202138
2012-04-05 18:30:00,26.07,26.08,25.95,25.97,205556
2012-04-05 19:00:00,25.98,26.02,25.95,25.96,146933
2012-04-05 19:30:00,25.97,25.99,25.9,25.95,259147
2012-04-05 20:00:00,25.96,26.0,25.93,25.98,160979
2012-04-05 20:30:00,25.98,25.98,25.92,25.97,267405
2012-04-05 21:00:00,25.96,26.0,25.94,25.94,278936
2012-04-05 21:30:00,25.95,26.04,25.93,26.03,159791
2012-04-05 22:00:00,26.03,26.07,26.02,26.07,226037
2012-04-05 22:30:00,26.07,26.09,25.93,26.01,868236
2012-04-09 16:30:00,25.54,25.54,25.29,25.31,481415
2012-04-09 17:00:00,25.32,25.41,25.3,25.33,340300
2012-04-09 17:30:00,25.33,25.35,25.23,25.27,329007
2012-04-09 18:00:00,25.27,25.28,25.11,25.13,342748
2012-04-09 18:30:00,25.14,25.16,25.09,25.09,545298
2012-04-09 19:00:00,25.1,25.17,25.09,25.15,322225
2012-04-09 19:30:00,25.15,25.26,25.15,25.18,297596
2012-04-09 20:00:00,25.18,25.2,25.14,25.16,258180
2012-04-09 20:30:00,25.16,25.23,25.15,25.22,198798
2012-04-09 21:00:00,25.22,25.3,25.18,25.28,252987
2012-04-09 21:30:00,25.27,25.35,25.27,25.3,249980
2012-04-09 22:00:00,25.31,25.36,25.3,25.32,271151
2012-04-09 22:30:00,25.33,25.33,25.19,25.19,867437
2012-04-10 16:30:00,25.15,25.26,25.04,25.19,404952
2012-04-10 17:00:00,25.2,25.23,25.05,25.14,276165
2012-04-10 17:30:00,25.14,25.22,25.03,25.05,211220
2012-04-10 18:00:00,25.05,25.11,24.98,25.0,187295
2012-04-10 18:30:00,25.0,25.01,24.82,24.88,329203
2012-04-10 19:00:00,24.89,24.9,24.75,24.85,462305
2012-04-10 19:30:00,24.86,24.89,24.73,24.78,458278
2012-04-10 20:00:00,24.79,24.8,24.62,24.67,898368
2012-04-10 20:30:00,24.67,24.71,24.6,24.6,691018
2012-04-10 21:00:00,24.6,24.66,24.57,24.63,579798
2012-04-10 21:30:00,24.63,24.64,24.49,24.55,673939
2012-04-10 22:00:00,24.55,24.61,24.5,24.55,737119
2012-04-10 22:30:00,24.54,24.56,24.42,24.44,1004249
2012-04-11 16:30:00,24.94,25.04,24.68,24.73,499023
2012-04-11 17:00:00,24.72,24.83,24.72,24.77,345831
2012-04-11 17:30:00,24.77,24.83,24.72,24.75,388475
2012-04-11 18:00:00,24.75,24.77,24.72,24.75,674594
2012-04-11 18:30:00,24.76,24.77,24.73,24.77,670564
2012-04-11 19:00:00,24.77,24.83,24.76,24.83,440780
2012-04-11 19:30:00,24.82,24.93,24.82,24.93,111524
2012-04-11 20:00:00,24.93,24.93,24.82,24.82,219344
2012-04-11 20:30:00,24.83,24.91,24.8,24.9,228432
2012-04-11 21:00:00,24.9,24.9,24.69,24.74,437972
2012-04-11 21:30:00,24.74,24.78,24.68,24.75,648153
2012-04-11 22:00:00,24.76,24.79,24.74,24.77,965510
2012-04-11 22:30:00,24.77,24.82,24.74,24.77,941163
2012-04-12 16:30:00,24.88,25.08,24.86,25.08,532603
2012-04-12 17:00:00,25.09,25.16,25.03,25.14,399756
2012-04-12 17:30:00,25.13,25.22,25.13,25.22,320281
2012-04-12 18:00:00,25.21,25.28,25.19,25.24,252711
2012-04-12 18:30:00,25.24,25.25,25.14,25.2,207850
2012-04-12 19:00:00,25.19,25.31,25.18,25.28,142652
2012-04-12 19:30:00,25.27,25.32,25.26,25.3,121507
2012-04-12 20:00:00,25.3,25.36,25.27,25.32,163073
2012-04-12 20:30:00,25.32,25.33,25.26,25.3,177934
2012-04-12 21:00:00,25.3,25.41,25.29,25.39,181108
2012-04-12 21:30:00,25.39,25.44,25.35,25.42,219670
2012-04-12 22:00:00,25.42,25.44,25.33,25.33,168358
2012-04-12 22:30:00,25.33,25.39,25.29,25.36,734598
2012-04-13 16:30:00,25.36,25.36,25.12,25.12,330617
2012-04-13 17:00:00,25.12,25.2,24.97,25.04,204780
2012-04-13 17:30:00,25.04,25.04,24.93,24.96,161750
2012-04-13 18:00:00,24.96,25.04,24.92,25.01,169136
2012-04-13 18:30:00,25.0,25.01,24.91,24.91,141860
2012-04-13 19:00:00,24.91,24.93,24.85,24.9,116098
2012-04-13 19:30:00,24.89,24.98,24.89,24.96,218080
2012-04-13 20:00:00,24.95,24.98,24.91,24.98,139433
2012-04-13 20:30:00,24.98,25.0,24.9,24.9,140821
2012-04-13 21:00:00,24.9,24.92,24.84,24.85,151292
2012-04-13 21:30:00,24.86,24.87,24.82,24.85,166805
2012-04-13 22:00:00,24.84,24.94,24.83,24.84,141119
2012-04-13 22:30:00,24.84,24.88,24.71,24.72,630182
2012-04-16 16:30:00,24.99,25.14,24.85,24.86,208882
2012-04-16 17:00:00,24.86,24.86,24.59,24.64,339906
2012-04-16 17:30:00,24.64,24.7,24.55,24.61,210245
2012-04-16 18:00:00,24.61,24.66,24.58,24.59,191700
2012-04-16 18:30:00,24.6,24.6,24.48,24.48,164703
2012-04-16 19:00:00,24.47,24.57,24.47,24.56,187394
2012-04-16 19:30:00,24.55,24.71,24.52,24.71,177830
2012-04-16 20:00:00,24.71,24.73,24.67,24.71,78115
2012-04-16 20:30:00,24.71,24.83,24.69,24.79,171178
2012-04-16 21:00:00,24.8,24.82,24.69,24.7,83376
2012-04-16 21:30:00,24.7,24.78,24.69,24.72,144605
2012-04-16 22:00:00,24.72,24.75,24.67,24.7,207346
2012-04-16 22:30:00,24.69,24.77,24.66,24.67,452362
2012-04-17 16:30:00,24.95,25.04,24.76,24.86,288713
2012-04-17 17:00:00,24.87,25.04,24.82,25.01,400473
2012-04-17 17:30:00,25.0,25.09,24.98,25.02,195286
2012-04-17 18:00:00,25.03,25.11,25.0,25.02,258161
2012-04-17 18:30:00,25.0,25.13,24.99,25.12,478807
2012-04-17 19:00:00,25.12,25.22,25.11,25.21,376896
2012-04-17 19:30:00,25.21,25.32,25.18,25.27,333782
2012-04-17 20:00:00,25.28,25.28,25.23,25.26,75592
2012-04-17 20:30:00,25.25,25.26,25.16,25.21,203399
2012-04-17 21:00:00,25.21,25.24,25.18,25.24,82075
2012-04-17 21:30:00,25.23,25.26,25.13,25.19,187813
2012-04-17 22:00:00,25.18,25.21,25.15,25.19,256427
2012-04-17 22:30:00,25.17,25.18,25.05,25.05,797079
2012-04-18 16:30:00,24.9,24.9,24.68,24.78,272927
2012-04-18 17:00:00,24.78,24.8,24.63,24.71,337904
2012-04-18 17:30:00,24.7,24.84,24.69,24.84,316632
2012-04-18 18:00:00,24.85,24.87,24.62,24.65,288862
2012-04-18 18:30:00,24.65,24.67,24.6,24.61,341624
2012-04-18 19:00:00,24.61,24.62,24.53,24.57,315079
2012-04-18 19:30:00,24.57,24.58,24.47,24.48,202828
2012-04-18 20:00:00,24.49,24.63,24.48,24.58,203829
2012-04-18 20:30:00,24.58,24.59,24.47,24.53,362394
2012-04-18 21:00:00,24.53,24.62,24.52,24.59,279960
2012-04-18 21:30:00,24.6,24.61,24.55,24.58,244887
2012-04-18 22:00:00,24.58,24.64,24.51,24.54,687429
2012-04-18 22:30:00,24.54,24.61,24.49,24.51,1343238
2012-04-19 16:30:00,24.57,24.64,24.42,24.62,290037
2012-04-19 17:00:00,24.61,24.61,24.35,24.41,394670
2012-04-19 17:30:00,24.41,24.56,24.4,24.51,404345
2012-04-19 18:00:00,24.52,24.57,24.48,24.5,284371
2012-04-19 18:30:00,24.51,24.57,24.44,24.5,172016
2012-04-19 19:00:00,24.49,24.49,24.32,24.39,208453
2012-04-19 19:30:00,24.38,24.43,24.35,24.4,160011
2012-04-19 20:00:00,24.4,24.47,24.32,24.38,235411
2012-04-19 20:30:00,24.39,24.43,24.29,24.29,159149
2012-04-19 21:00:00,24.29,24.34,24.23,24.24,248943
2012-04-19 21:30:00,24.25,24.27,24.15,24.24,354100
2012-04-19 22:00:00,24.25,24.32,24.21,24.3,345915
2012-04-19 22:30:00,24.3,24.39,24.25,24.28,621129
2012-04-20 16:30:00,24.44,24.46,24.26,24.29,698741
2012-04-20 17:00:00,24.3,24.36,24.24,24.32,226047
2012-04-20 17:30:00,24.32,24.47,24.32,24.45,253992
2012-04-20 18:00:00,24.45,24.46,24.36,24.37,137127
2012-04-20 18:30:00,24.37,24.48,24.37,24.46,109341
2012-04-20 19:00:00,24.45,24.52,24.45,24.52,103637
2012-04-20 19:30:00,24.52,24.53,24.45,24.47,116417
2012-04-20 20:00:00,24.46,24.51,24.41,24.42,103302
2012-04-20 20:30:00,24.42,24.43,24.29,24.32,126915
2012-04-20 21:00:00,24.32,24.35,24.27,24.35,196488
2012-04-20 21:30:00,24.34,24.35,24.26,24.29,180077
2012-04-20 22:00:00,24.28,24.29,24.2,24.22,324930
2012-04-20 22:30:00,24.22,24.27,24.16,24.19,676919
2012-04-23 16:30:00,23.66,23.76,23.55,23.73,453042
2012-04-23 17:00:00,23.73,23.75,23.54,23.57,333545
2012-04-23 17:30:00,23.56,23.73,23.56,23.69,325274
2012-04-23 18:00:00,23.68,23.77,23.67,23.7,303580
2012-04-23 18:30:00,23.7,23.73,23.67,23.67,193853
2012-04-23 19:00:00,23.67,23.74,23.66,23.71,301920
2012-04-23 19:30:00,23.71,23.73,23.65,23.7,160922
2012-04-23 20:00:00,23.7,23.73,23.64,23.7,306798
2012-04-23 20:30:00,23.7,23.72,23.64,23.66,149882
2012-04-23 21:00:00,23.66,23.73,23.6,23.68,410003
2012-04-23 21:30:00,23.69,23.73,23.64,23.66,390097
2012-04-23 22:00:00,23.66,23.7,23.65,23.69,427660
2012-04-23 22:30:00,23.69,23.74,23.67,23.71,751989
2012-04-24 16:30:00,23.83,23.9,23.69,23.7,449883
2012-04-24 17:00:00,23.7,24.0,23.69,24.0,354366
2012-04-24 17:30:00,24.0,24.06,23.99,24.02,250360
2012-04-24 18:00:00,24.03,24.1,23.95,24.09,277097
2012-04-24 18:30:00,24.09,24.16,24.07,24.13,213902
2012-04-24 19:00:00,24.13,24.18,24.1,24.13,201292
2012-04-24 19:30:00,24.13,24.13,24.05,24.06,149885
2012-04-24 20:00:00,24.06,24.08,24.02,24.02,152027
2012-04-24 20:30:00,24.03,24.07,24.01,24.02,150979
2012-04-24 21:00:00,24.01,24.02,23.94,23.97,209540
2012-04-24 21:30:00,23.96,24.04,23.96,24.03,141894
2012-04-24 22:00:00,24.02,24.04,23.95,23.97,227722
2012-04-24 22:30:00,23.96,24.04,23.96,24.04,526811
2012-04-25 16:30:00,24.29,24.46,24.18,24.33,281084
2012-04-25 17:00:00,24.33,24.34,24.19,24.27,272421
2012-04-25 17:30:00,24.26,24.33,24.2,24.28,220225
2012-04-25 18:00:00,24.27,24.3,24.13,24.3,161771
2012-04-25 18:30:00,24.29,24.3,24.24,24.27,128799
2012-04-25 19:00:00,24.28,24.34,24.28,24.34,136747
2012-04-25 19:30:00,24.34,24.42,24.28,24.41,243140
2012-04-25 20:00:00,24.41,24.48,24.34,24.46,318123
2012-04-25 20:30:00,24.46,24.48,24.39,24.39,160226
2012-04-25 21:00:00,24.39,24.5,24.29,24.4,351878
2012-04-25 21:30:00,24.39,24.4,24.26,24.38,273433
2012-04-25 22:00:00,24.38,24.42,24.3,24.3,236502
2012-04-25 22:30:00,24.3,24.44,24.29,24.44,569618
2012-04-26 16:30:00,24.45,24.83,24.15,24.78,708736
2012-04-26 17:00:00,24.78,24.94,24.72,24.84,754336
2012-04-26 17:30:00,24.84,24.88,24.69,24.76,292487
2012-04-26 18:00:00,24.76,24.87,24.76,24.86,286022
2012-04-26 18:30:00,24.86,24.92,24.77,24.77,364392
2012-04-26 19:00:00,24.78,24.86,24.74,24.82,143985
2012-04-26 19:30:00,24.82,24.84,24.75,24.78,114739
2012-04-26 20:00:00,24.79,24.93,24.78,24.9,166920
2012-04-26 20:30:00,24.89,24.98,24.86,24.97,243706
2012-04-26 21:00:00,24.98,25.04,24.94,24.95,262423
2012-04-26 21:30:00,24.96,25.19,24.94,25.15,468814
2012-04-26 22:00:00,25.16,25.17,24.98,25.04,525634
2012-04-26 22:30:00,25.04,25.1,24.99,25.04,849090
2012-04-27 16:30:00,25.13,25.24,24.85,24.98,339478
2012-04-27 17:00:00,24.97,24.97,24.78,24.85,269093
2012-04-27 17:30:00,24.86,24.98,24.81,24.98,222692
2012-04-27 18:00:00,24.98,25.03,24.92,24.98,188448
2012-04-27 18:30:00,24.98,25.0,24.92,24.97,146234
2012-04-27 19:00:00,24.97,25.0,24.94,24.97,127244
2012-04-27 19:30:00,24.98,24.99,24.88,24.91,112536
2012-04-27 20:00:00,24.91,24.97,24.9,24.95,158799
2012-04-27 20:30:00,24.95,25.14,24.95,25.13,206735
2012-04-27 21:00:00,25.13,25.14,24.98,25.01,265753
2012-04-27 21:30:00,25.01,25.2,25.0,25.13,257506
2012-04-27 22:00:00,25.13,25.14,25.04,25.09,419283
2012-04-27 22:30:00,25.09,25.17,25.08,25.11,721317
2012-04-30 16:30:00,25.0,25.03,24.73,24.89,415676
2012-04-30 17:00:00,24.89,25.04,24.86,24.91,482929
2012-04-30 17:30:00,24.92,24.94,24.77,24.81,244755
2012-04-30 18:00:00,24.81,24.93,24.81,24.92,236149
2012-04-30 18:30:00,24.92,24.92,24.83,24.89,167270
2012-04-30 19:00:00,24.89,24.9,24.82,24.86,195984
2012-04-30 19:30:00,24.86,24.86,24.79,24.8,126208
2012-04-30 20:00:00,24.8,24.81,24.75,24.76,297644
2012-04-30 20:30:00,24.75,24.77,24.71,24.76,151421
2012-04-30 21:00:00,24.75,24.77,24.69,24.72,178742
2012-04-30 21:30:00,24.71,24.8,24.67,24.78,153001
2012-04-30 22:00:00,24.79,24.82,24.73,24.79,215439
2012-04-30 22:30:00,24.79,24.88,24.78,24.85,558598
2012-05-01 16:30:00,24.82,24.93,24.66,24.66,245706
2012-05-01 17:00:00,24.67,25.07,24.67,25.06,305652
2012-05-01 17:30:00,25.06,25.28,25.04,25.23,318434
2012-05-01 18:00:00,25.22,25.27,25.2,25.27,176469
2012-05-01 18:30:00,25.26,25.35,25.24,25.27,219466
2012-05-01 19:00:00,25.27,25.4,25.27,25.39,197596
2012-05-01 19:30:00,25.38,25.46,25.36,25.45,471331
2012-05-01 20:00:00,25.45,25.48,25.41,25.44,419556
2012-05-01 20:30:00,25.42,25.43,25.32,25.34,357014
2012-05-01 21:00:00,25.33,25.36,25.26,25.29,251925
2012-05-01 21:30:00,25.3,25.35,25.25,25.31,268377
2012-05-01 22:00:00,25.3,25.31,25.22,25.29,629580
2012-05-01 22:30:00,25.29,25.31,25.15,25.19,780630
2012-05-02 16:30:00,24.93,24.95,24.71,24.79,347224
2012-05-02 17:00:00,24.8,24.82,24.66,24.7,465458
2012-05-02 17:30:00,24.69,24.78,24.66,24.75,305039
2012-05-02 18:00:00,24.75,24.8,24.65,24.78,282077
2012-05-02 18:30:00,24.78,24.83,24.73,24.77,184103
2012-05-02 19:00:00,24.77,24.85,24.74,24.82,111992
2012-05-02 19:30:00,24.83,24.91,24.81,24.87,158313
2012-05-02 20:00:00,24.88,24.89,24.8,24.82,77298
2012-05-02 20:30:00,24.82,24.86,24.81,24.82,162093
2012-05-02 21:00:00,24.82,24.85,24.78,24.84,116040
2012-05-02 21:30:00,24.84,24.84,24.72,24.75,243638
2012-05-02 22:00:00,24.75,24.78,24.7,24.74,339988
2012-05-02 22:30:00,24.74,24.82,24.74,24.75,620383
2012-05-03 16:30:00,24.74,24.95,24.69,24.86,507054
2012-05-03 17:00:00,24.86,24.86,24.67,24.72,470981
2012-05-03 17:30:00,24.72,24.74,24.66,24.72,441618
2012-05-03 18:00:00,24.72,24.73,24.65,24.68,477322
2012-05-03 18:30:00,24.68,24.69,24.49,24.52,235617
2012-05-03 19:00:00,24.52,24.6,24.51,24.53,388782
2012-05-03 19:30:00,24.52,24.57,24.48,24.48,212852
2012-05-03 20:00:00,24.48,24.48,24.41,24.45,209819
2012-05-03 20:30:00,24.45,24.45,24.27,24.39,199174
2012-05-03 21:00:00,24.39,24.4,24.34,24.34,211315
2012-05-03 21:30:00,24.33,24.4,24.32,24.37,235319
2012-05-03 22:00:00,24.37,24.47,24.33,24.43,380843
2012-05-03 22:30:00,24.43,24.45,24.34,24.34,1274130
2012-05-04 16:30:00,24.17,24.25,23.91,23.93,445423
2012-05-04 17:00:00,23.93,23.95,23.82,23.89,675765
2012-05-04 17:30:00,23.89,23.91,23.86,23.87,399695
2012-05-04 18:00:00,23.87,23.89,23.76,23.81,671820
2012-05-04 18:30:00,23.8,23.83,23.75,23.78,425138
2012-05-04 19:00:00,23.78,23.83,23.77,23.81,217088
2012-05-04 19:30:00,23.81,23.82,23.74,23.75,335255
2012-05-04 20:00:00,23.77,23.79,23.71,23.78,173579
2012-05-04 20:30:00,23.78,23.8,23.77,23.79,258250
2012-05-04 21:00:00,23.79,23.81,23.76,23.8,262889
2012-05-04 21:30:00,23.8,23.82,23.71,23.77,425458
2012-05-04 22:00:00,23.77,23.8,23.75,23.76,372781
2012-05-04 22:30:00,23.76,23.78,23.68,23.68,1384961
2012-05-07 16:30:00,23.61,23.88,23.55,23.74,476830
2012-05-07 17:00:00,23.74,23.77,23.58,23.6,291981
2012-05-07 17:30:00,23.6,23.7,23.58,23.65,344616
2012-05-07 18:00:00,23.66,23.67,23.57,23.61,559978
2012-05-07 18:30:00,23.6,23.62,23.58,23.58,218967
2012-05-07 19:00:00,23.59,23.66,23.57,23.63,253353
2012-05-07 19:30:00,23.63,23.67,23.61,23.61,213581
2012-05-07 20:00:00,23.62,23.69,23.59,23.62,360784
2012-05-07 20:30:00,23.61,23.68,23.6,23.63,281339
2012-05-07 21:00:00,23.64,23.7,23.6,23.62,225919
2012-05-07 21:30:00,23.62,23.69,23.59,23.65,270593
2012-05-07 22:00:00,23.64,23.66,23.59,23.62,350807
2012-05-07 22:30:00,23.62,23.64,23.56,23.62,730970
2012-05-08 16:30:00,23.35,23.58,23.24,23.5,1235332
2012-05-08 17:00:00,23.49,23.5,23.25,23.25,394049
2012-05-08 17:30:00,23.25,23.26,23.11,23.15,693672
2012-05-08 18:00:00,23.16,23.16,23.03,23.07,463486
2012-05-08 18:30:00,23.07,23.16,23.04,23.13,346351
2012-05-08 19:00:00,23.12,23.26,23.11,23.24,730020
2012-05-08 19:30:00,23.24,23.26,23.16,23.18,284965
2012-05-08 20:00:00,23.17,23.22,23.16,23.21,171885
2012-05-08 20:30:00,23.21,23.26,23.15,23.22,284136
2012-05-08 21:00:00,23.22,23.26,23.16,23.25,223304
2012-05-08 21:30:00,23.24,23.3,23.19,23.27,694240
2012-05-08 22:00:00,23.26,23.42,23.24,23.37,665962
2012-05-08 22:30:00,23.37,23.51,23.37,23.43,850104
2012-05-09 16:30:00,23.02,23.12,23.0,23.08,553241
2012-05-09 17:00:00,23.09,23.19,23.02,23.03,678574
2012-05-09 17:30:00,23.03,23.17,23.03,23.1,293382
2012-05-09 18:00:00,23.1,23.4,23.06,23.35,442609
2012-05-09 18:30:00,23.35,23.47,23.31,23.31,339971
2012-05-09 19:00:00,23.32,23.32,23.23,23.27,195428
2012-05-09 19:30:00,23.26,23.26,23.13,23.21,282817
2012-05-09 20:00:00,23.22,23.34,23.19,23.3,274708
2012-05-09 20:30:00,23.3,23.37,23.29,23.29,268402
2012-05-09 21:00:00,23.3,23.31,23.21,23.31,255283
2012-05-09 21:30:00,23.31,23.31,23.22,23.25,246742
2012-05-09 22:00:00,23.25,23.35,23.25,23.27,271468
2012-05-09 22:30:00,23.27,23.34,23.21,23.22,589558
2012-05-10 16:30:00,23.41,23.46,23.0,23.12,1157958
2012-05-10 17:00:00,23.13,23.14,22.88,22.92,1264033
2012-05-10 17:30:00,22.92,22.93,22.81,22.84,963113
2012-05-10 18:00:00,22.84,22.89,22.73,22.78,768743
2012-05-10 18:30:00,22.78,22.88,22.73,22.81,603291
2012-05-10 19:00:00,22.82,22.83,22.73,22.83,431758
2012-05-10 19:30:00,22.83,22.9,22.82,22.85,421011
2012-05-10 20:00:00,22.86,22.91,22.81,22.88,351680
2012-05-10 20:30:00,22.88,22.94,22.83,22.83,420093
2012-05-10 21:00:00,22.83,22.89,22.81,22.84,394215
2012-05-10 21:30:00,22.85,22.86,22.76,22.78,400472
2012-05-10 22:00:00,22.79,22.85,22.76,22.79,514917
2012-05-10 22:30:00,22.8,22.82,22.64,22.75,1427046
2012-05-11 16:30:00,22.43,22.83,22.33,22.8,711634
2012-05-11 17:00:00,22.8,22.97,22.79,22.96,667383
2012-05-11 17:30:00,22.97,23.03,22.94,22.96,380150
2012-05-11 18:00:00,22.95,23.14,22.94,23.11,354423
2012-05-11 18:30:00,23.12,23.2,23.09,23.1,316047
2012-05-11 19:00:00,23.1,23.18,23.09,23.15,283177
2012-05-11 19:30:00,23.15,23.19,23.13,23.17,323766
2012-05-11 20:00:00,23.17,23.17,23.03,23.09,294728
2012-05-11 20:30:00,23.09,23.13,23.07,23.12,245160
2012-05-11 21:00:00,23.12,23.21,23.06,23.18,352057
2012-05-11 21:30:00,23.18,23.35,23.18,23.3,897560
2012-05-11 22:00:00,23.3,23.36,23.27,23.27,1032001
2012-05-11 22:30:00,23.27,23.3,23.21,23.25,1338990
2012-05-14 16:30:00,22.82,22.98,22.72,22.72,426230
2012-05-14 17:00:00,22.72,22.77,22.66,22.72,525165
2012-05-14 17:30:00,22.72,22.78,22.67,22.73,695102
2012-05-14 18:00:00,22.73,22.82,22.67,22.78,339412
2012-05-14 18:30:00,22.79,22.79,22.68,22.76,242454
2012-05-14 19:00:00,22.76,22.8,22.72,22.79,135412
2012-05-14 19:30:00,22.78,22.83,22.76,22.78,232888
2012-05-14 20:00:00,22.78,22.8,22.68,22.73,197248
2012-05-14 20:30:00,22.73,22.82,22.73,22.75,349671
2012-05-14 21:00:00,22.75,22.82,22.74,22.81,249913
2012-05-14 21:30:00,22.82,22.83,22.61,22.65,354918
2012-05-14 22:00:00,22.64,22.71,22.6,22.64,270852
2012-05-14 22:30:00,22.64,22.69,22.54,22.56,849837
2012-05-15 16:30:00,22.58,22.71,22.49,22.61,368619
2012-05-15 17:00:00,22.62,22.7,22.57,22.69,232896
2012-05-15 17:30:00,22.69,22.69,22.58,22.59,194048
2012-05-15 18:00:00,22.59,22.6,22.46,22.48,249933
2012-05-15 18:30:00,22.48,22.64,22.48,22.63,101023
2012-05-15 19:00:00,22.63,22.68,22.59,22.64,110874
2012-05-15 19:30:00,22.64,22.66,22.54,22.56,82029
2012-05-15 20:00:00,22.57,22.65,22.55,22.63,102279
2012-05-15 20:30:00,22.63,22.64,22.53,22.57,250563
2012-05-15 21:00:00,22.57,22.71,22.54,22.65,157269
2012-05-15 21:30:00,22.66,22.67,22.53,22.53,98244
2012-05-15 22:00:00,22.53,22.53,22.4,22.46,520942
2012-05-15 22:30:00,22.47,22.54,22.42,22.49,644099
2012-05-16 16:30:00,22.57,22.57,22.27,22.37,268180
2012-05-16 17:00:00,22.38,22.52,22.32,22.46,253527
2012-05-16 17:30:00,22.45,22.5,22.38,22.42,205374
2012-05-16 18:00:00,22.41,22.43,22.23,22.26,405029
2012-05-16 18:30:00,22.25,22.34,22.21,22.32,179191
2012-05-16 19:00:00,22.32,22.33,22.21,22.21,197255
2012-05-16 19:30:00,22.21,22.29,22.19,22.23,827999
2012-05-16 20:00:00,22.23,22.3,22.21,22.26,248031
2012-05-16 20:30:00,22.27,22.33,22.24,22.33,335067
2012-05-16 21:00:00,22.32,22.41,22.23,22.29,381984
2012-05-16 21:30:00,22.29,22.36,22.27,22.32,627330
2012-05-16 22:00:00,22.33,22.34,22.13,22.13,240184
2012-05-16 22:30:00,22.13,22.23,22.06,22.07,474491
2012-05-17 16:30:00,22.07,22.07,21.79,21.94,611542
2012-05-17 17:00:00,21.94,21.95,21.77,21.89,781737
2012-05-17 17:30:00,21.89,21.93,21.82,21.86,239399
2012-05-17 18:00:00,21.86,21.91,21.73,21.75,455160
2012-05-17 18:30:00,21.75,21.76,21.68,21.72,433116
2012-05-17 19:00:00,21.72,21.72,21.58,21.61,483620
2012-05-17 19:30:00,21.61,21.67,21.57,21.6,299815
2012-05-17 20:00:00,21.6,21.76,21.6,21.72,312536
2012-05-17 20:30:00,21.72,21.75,21.66,21.71,265925
2012-05-17 21:00:00,21.7,21.73,21.63,21.69,197116
2012-05-17 21:30:00,21.69,21.75,21.65,21.75,202043
2012-05-17 22:00:00,21.74,21.79,21.65,21.7,231125
2012-05-17 22:30:00,21.7,21.7,21.55,21.61,912943
2012-05-18 16:30:00,21.69,21.78,21.61,21.61,728651
2012-05-18 17:00:00,21.62,21.62,21.42,21.44,248528
2012-05-18 17:30:00,21.43,21.62,21.4,21.55,194537
2012-05-18 18:00:00,21.55,21.56,21.44,21.46,140755
2012-05-18 18:30:00,21.47,21.49,21.3,21.34,311931
2012-05-18 19:00:00,21.34,21.42,21.31,21.38,289984
2012-05-18 19:30:00,21.38,21.44,21.38,21.41,210869
2012-05-18 20:00:00,21.4,21.45,21.34,21.36,172308
2012-05-18 20:30:00,21.36,21.37,21.27,21.27,204968
2012-05-18 21:00:00,21.27,21.34,21.2,21.29,627170
2012-05-18 21:30:00,21.29,21.3,21.13,21.18,427036
2012-05-18 22:00:00,21.17,21.31,21.13,21.22,569250
2012-05-18 22:30:00,21.23,21.26,21.07,21.13,763044
2012-05-21 16:30:00,21.16,21.27,21.04,21.19,453480
2012-05-21 17:00:00,21.2,21.37,21.14,21.35,440828
2012-05-21 17:30:00,21.34,21.5,21.33,21.45,261154
2012-05-21 18:00:00,21.45,21.45,21.33,21.35,678744
2012-05-21 18:30:00,21.34,21.35,21.27,21.32,307449
2012-05-21 19:00:00,21.31,21.38,21.29,21.36,292732
2012-05-21 19:30:00,21.36,21.36,21.21,21.22,384236
2012-05-21 20:00:00,21.22,21.26,21.17,21.24,459831
2012-05-21 20:30:00,21.24,21.36,21.24,21.34,167347
2012-05-21 21:00:00,21.35,21.41,21.3,21.33,140394
2012-05-21 21:30:00,21.33,21.5,21.33,21.48,112179
2012-05-21 22:00:00,21.48,21.51,21.44,21.44,329492
2012-05-21 22:30:00,21.44,21.5,21.39,21.47,835475
2012-05-22 16:30:00,21.62,21.71,21.47,21.56,272473
2012-05-22 17:00:00,21.56,21.73,21.54,21.69,358879
2012-05-22 17:30:00,21.69,21.8,21.69,21.8,649553
2012-05-22 18:00:00,21.8,21.82,21.78,21.79,349496
2012-05-22 18:30:00,21.8,21.8,21.61,21.61,274259
2012-05-22 19:00:00,21.61,21.62,21.48,21.52,405811
2012-05-22 19:30:00,21.52,21.55,21.47,21.49,525479
2012-05-22 20:00:00,21.49,21.56,21.48,21.5,526150
2012-05-22 20:30:00,21.5,21.53,21.43,21.53,862123
2012-05-22 21:00:00,21.53,21.65,21.51,21.61,468742
2012-05-22 21:30:00,21.6,21.62,21.5,21.5,470771
2012-05-22 22:00:00,21.5,21.53,21.39,21.39,749015
2012-05-22 22:30:00,21.39,21.39,21.15,21.35,1688645
2012-05-23 16:30:00,21.15,21.19,20.98,21.12,489348
2012-05-23 17:00:00,21.13,21.17,20.97,21.01,515461
2012-05-23 17:30:00,21.01,21.04,20.95,20.99,396018
2012-05-23 18:00:00,20.99,21.0,20.91,20.92,293891
2012-05-23 18:30:00,20.92,21.0,20.87,20.89,350579
2012-05-23 19:00:00,20.89,20.9,20.74,20.77,323903
2012-05-23 19:30:00,20.76,20.83,20.75,20.8,174300
2012-05-23 20:00:00,20.79,20.84,20.76,20.84,261295
2012-05-23 20:30:00,20.84,21.1,20.83,21.09,569560
2012-05-23 21:00:00,21.08,21.1,20.97,21.01,351896
2012-05-23 21:30:00,21.01,21.26,20.99,21.23,495438
2012-05-23 22:00:00,21.23,21.45,21.22,21.41,1006188
2012-05-23 22:30:00,21.41,21.64,21.4,21.64,1498795
2012-05-24 16:30:00,21.79,21.95,21.47,21.56,475722
2012-05-24 17:00:00,21.56,21.65,21.44,21.52,643718
2012-05-24 17:30:00,21.52,21.69,21.51,21.64,334523
2012-05-24 18:00:00,21.63,21.69,21.57,21.61,228818
2012-05-24 18:30:00,21.61,21.61,21.46,21.49,179054
2012-05-24 19:00:00,21.49,21.51,21.41,21.45,183151
2012-05-24 19:30:00,21.45,21.58,21.41,21.54,193158
2012-05-24 20:00:00,21.54,21.6,21.51,21.54,315864
2012-05-24 20:30:00,21.54,21.58,21.41,21.42,244447
2012-05-24 21:00:00,21.42,21.48,21.38,21.42,464391
2012-05-24 21:30:00,21.43,21.47,21.38,21.42,238047
2012-05-24 22:00:00,21.42,21.57,21.41,21.54,394345
2012-05-24 22:30:00,21.54,21.6,21.48,21.6,723251
2012-05-25 16:30:00,21.65,21.89,21.62,21.79,504064
2012-05-25 17:00:00,21.79,21.8,21.69,21.76,249277
2012-05-25 17:30:00,21.75,21.82,21.69,21.76,248180
2012-05-25 18:00:00,21.76,21.88,21.76,21.85,267870
2012-05-25 18:30:00,21.85,21.9,21.78,21.84,606677
2012-05-25 19:00:00,21.83,21.84,21.67,21.72,213788
2012-05-25 19:30:00,21.72,21.81,21.71,21.73,115383
2012-05-25 20:00:00,21.73,21.8,21.71,21.79,84685
2012-05-25 20:30:00,21.79,21.81,21.76,21.76,139368
2012-05-25 21:00:00,21.77,21.79,21.67,21.71,105872
2012-05-25 21:30:00,21.71,21.74,21.63,21.68,111199
2012-05-25 22:00:00,21.68,21.72,21.55,21.55,280870
2012-05-25 22:30:00,21.55,21.58,21.51,21.54,852140
2012-05-29 16:30:00,21.82,21.92,21.71,21.83,409038
2012-05-29 17:00:00,21.82,21.99,21.78,21.93,210786
2012-05-29 17:30:00,21.93,21.98,21.91,21.93,192219
2012-05-29 18:00:00,21.93,22.0,21.91,21.96,441067
2012-05-29 18:30:00,21.96,21.97,21.86,21.9,239170
2012-05-29 19:00:00,21.89,21.94,21.85,21.88,177324
2012-05-29 19:30:00,21.89,21.89,21.82,21.85,791719
2012-05-29 20:00:00,21.84,21.91,21.82,21.85,118777
2012-05-29 20:30:00,21.86,21.95,21.85,21.9,91517
2012-05-29 21:00:00,21.91,21.97,21.9,21.97,211370
2012-05-29 21:30:00,21.95,22.03,21.94,21.98,317687
2012-05-29 22:00:00,21.99,22.01,21.93,21.94,399095
2012-05-29 22:30:00,21.94,22.02,21.89,21.97,1455786
2012-05-30 16:30:00,21.64,21.73,21.51,21.65,239544
2012-05-30 17:00:00,21.62,21.63,21.46,21.56,386041
2012-05-30 17:30:00,21.55,21.58,21.48,21.54,316875
2012-05-30 18:00:00,21.54,21.64,21.52,21.57,213878
2012-05-30 18:30:00,21.55,21.58,21.48,21.57,341294
2012-05-30 19:00:00,21.56,21.57,21.45,21.46,236488
2012-05-30 19:30:00,21.46,21.57,21.45,21.55,166886
2012-05-30 20:00:00,21.56,21.61,21.51,21.61,123159
2012-05-30 20:30:00,21.6,21.68,21.59,21.66,171228
2012-05-30 21:00:00,21.66,21.71,21.62,21.64,173575
2012-05-30 21:30:00,21.65,21.67,21.61,21.62,229593
2012-05-30 22:00:00,21.62,21.65,21.52,21.62,214082
2012-05-30 22:30:00,21.62,21.64,21.55,21.55,511667
2012-05-31 16:30:00,21.56,21.72,21.32,21.38,242933
2012-05-31 17:00:00,21.37,21.42,21.32,21.42,163364
2012-05-31 17:30:00,21.42,21.52,21.38,21.45,489996
2012-05-31 18:00:00,21.44,21.46,21.34,21.46,240211
2012-05-31 18:30:00,21.45,21.58,21.44,21.52,194196
2012-05-31 19:00:00,21.52,21.76,21.5,21.72,248210
2012-05-31 19:30:00,21.71,21.73,21.59,21.66,237842
2012-05-31 20:00:00,21.66,21.77,21.64,21.65,312598
2012-05-31 20:30:00,21.65,21.67,21.52,21.54,201181
2012-05-31 21:00:00,21.54,21.65,21.53,21.62,200382
2012-05-31 21:30:00,21.62,21.71,21.59,21.68,245372
2012-05-31 22:00:00,21.68,21.89,21.62,21.87,401003
2012-05-31 22:30:00,21.86,21.92,21.74,21.76,857971
2012-06-01 16:30:00,21.06,21.24,20.97,21.22,959794
2012-06-01 17:00:00,21.22,21.33,21.2,21.22,681036
2012-06-01 17:30:00,21.22,21.24,21.17,21.18,380976
2012-06-01 18:00:00,21.19,21.21,21.07,21.19,520224
2012-06-01 18:30:00,21.19,21.25,21.13,21.19,442989
2012-06-01 19:00:00,21.19,21.2,21.11,21.14,266666
2012-06-01 19:30:00,21.14,21.14,21.06,21.1,263387
2012-06-01 20:00:00,21.1,21.13,21.0,21.0,263365
2012-06-01 20:30:00,21.0,21.06,20.96,20.98,249618
2012-06-01 21:00:00,20.99,21.05,20.92,21.0,253253
2012-06-01 21:30:00,20.99,21.03,20.91,20.91,326847
2012-06-01 22:00:00,20.92,21.01,20.88,20.96,429354
2012-06-01 22:30:00,20.95,20.98,20.85,20.86,1125065
2012-06-04 16:30:00,20.86,21.0,20.77,20.81,231052
2012-06-04 17:00:00,20.81,20.82,20.7,20.8,298291
2012-06-04 17:30:00,20.8,20.88,20.73,20.8,240466
2012-06-04 18:00:00,20.8,20.83,20.68,20.7,157345
2012-06-04 18:30:00,20.71,20.76,20.7,20.74,230701
2012-06-04 19:00:00,20.74,20.76,20.6,20.63,196428
2012-06-04 19:30:00,20.61,20.69,20.59,20.6,235209
2012-06-04 20:00:00,20.61,20.69,20.59,20.61,176941
2012-06-04 20:30:00,20.62,20.71,20.59,20.65,111683
2012-06-04 21:00:00,20.65,20.77,20.61,20.76,185913
2012-06-04 21:30:00,20.75,20.84,20.71,20.72,236598
2012-06-04 22:00:00,20.71,20.79,20.67,20.77,360950
2012-06-04 22:30:00,20.77,20.85,20.71,20.79,709396
2012-06-05 16:30:00,20.71,21.15,20.69,21.15,255568
2012-06-05 17:00:00,21.15,21.21,21.11,21.16,180691
2012-06-05 17:30:00,21.17,21.2,21.09,21.15,348750
2012-06-05 18:00:00,21.15,21.21,21.13,21.17,144347
2012-06-05 18:30:00,21.16,21.21,21.1,21.19,224918
2012-06-05 19:00:00,21.19,21.24,21.13,21.17,164234
2012-06-05 19:30:00,21.18,21.3,21.18,21.21,242777
2012-06-05 20:00:00,21.22,21.25,21.18,21.25,173094
2012-06-05 20:30:00,21.25,21.41,21.24,21.4,259016
2012-06-05 21:00:00,21.39,21.47,21.35,21.45,352796
2012-06-05 21:30:00,21.45,21.48,21.39,21.41,215487
2012-06-05 22:00:00,21.41,21.48,21.4,21.45,445428
2012-06-05 22:30:00,21.45,21.59,21.45,21.54,885624
2012-06-06 16:30:00,21.81,22.08,21.69,22.0,472519
2012-06-06 17:00:00,22.0,22.11,21.99,22.05,297349
2012-06-06 17:30:00,22.04,22.22,22.03,22.21,364991
2012-06-06 18:00:00,22.21,22.31,22.19,22.31,264490
2012-06-06 18:30:00,22.3,22.31,22.24,22.27,274548
2012-06-06 19:00:00,22.28,22.35,22.27,22.33,280580
2012-06-06 19:30:00,22.33,22.37,22.3,22.33,320608
2012-06-06 20:00:00,22.32,22.33,22.25,22.29,195573
2012-06-06 20:30:00,22.29,22.29,22.18,22.18,142125
2012-06-06 21:00:00,22.19,22.26,22.16,22.24,195202
2012-06-06 21:30:00,22.24,22.29,22.22,22.27,221736
2012-06-06 22:00:00,22.27,22.34,22.25,22.31,444675
2012-06-06 22:30:00,22.31,22.47,22.31,22.46,1206977
2012-06-07 16:30:00,22.83,23.02,22.81,22.98,627689
2012-06-07 17:00:00,22.98,23.0,22.73,22.82,734543
2012-06-07 17:30:00,22.83,22.83,22.56,22.58,382873
2012-06-07 18:00:00,22.58,22.66,22.55,22.6,443113
2012-06-07 18:30:00,22.61,22.74,22.58,22.69,202856
2012-06-07 19:00:00,22.69,22.8,22.68,22.76,291999
2012-06-07 19:30:00,22.76,22.79,22.73,22.76,236079
2012-06-07 20:00:00,22.75,22.82,22.7,22.77,274717
2012-06-07 20:30:00,22.78,22.78,22.72,22.75,244656
2012-06-07 21:00:00,22.76,22.78,22.72,22.72,431770
2012-06-07 21:30:00,22.73,22.75,22.66,22.69,247615
2012-06-07 22:00:00,22.67,22.67,22.51,22.6,414528
2012-06-07 22:30:00,22.6,22.63,22.4,22.49,812468
2012-06-08 16:30:00,22.33,22.44,22.01,22.09,375136
2012-06-08 17:00:00,22.09,22.21,22.06,22.12,359758
2012-06-08 17:30:00,22.12,22.21,22.09,22.18,308129
2012-06-08 18:00:00,22.19,22.23,22.11,22.14,230731
2012-06-08 18:30:00,22.15,22.34,22.15,22.24,691491
2012-06-08 19:00:00,22.25,22.3,22.21,22.3,338986
2012-06-08 19:30:00,22.3,22.49,22.3,22.48,361686
2012-06-08 20:00:00,22.49,22.59,22.47,22.48,319484
2012-06-08 20:30:00,22.48,22.59,22.47,22.57,314036
2012-06-08 21:00:00,22.56,22.63,22.54,22.63,311874
2012-06-08 21:30:00,22.63,22.73,22.61,22.69,441235
2012-06-08 22:00:00,22.69,22.71,22.63,22.64,284619
2012-06-08 22:30:00,22.65,22.84,22.62,22.82,937754
2012-06-11 16:30:00,23.1,23.12,22.67,22.72,193542
2012-06-11 17:00:00,22.72,22.76,22.6,22.7,199414
2012-06-11 17:30:00,22.7,22.72,22.49,22.53,231531
2012-06-11 18:00:00,22.52,22.58,22.49,22.56,139948
2012-06-11 18:30:00,22.55,22.61,22.5,22.59,115225
2012-06-11 19:00:00,22.59,22.62,22.5,22.51,135587
2012-06-11 19:30:00,22.51,22.58,22.5,22.57,125057
2012-06-11 20:00:00,22.55,22.64,22.55,22.64,233814
2012-06-11 20:30:00,22.62,22.68,22.59,22.61,214740
2012-06-11 21:00:00,22.61,22.61,22.49,22.52,167087
2012-06-11 21:30:00,22.52,22.6,22.5,22.53,168102
2012-06-11 22:00:00,22.54,22.55,22.43,22.46,204747
2012-06-11 22:30:00,22.45,22.52,22.32,22.35,620812
2012-06-12 16:30:00,22.17,22.18,21.74,21.77,1542023
2012-06-12 17:00:00,21.78,21.84,21.63,21.65,1002010
2012-06-12 17:30:00,21.66,21.7,21.51,21.52,971311
2012-06-12 18:00:00,21.52,21.8,21.49,21.72,1123354
2012-06-12 18:30:00,21.72,21.75,21.62,21.66,432989
2012-06-12 19:00:00,21.66,21.67,21.53,21.63,523897
2012-06-12 19:30:00,21.62,21.69,21.61,21.66,254430
2012-06-12 20:00:00,21.67,21.81,21.66,21.73,397383
2012-06-12 20:30:00,21.73,21.77,21.72,21.74,681076
2012-06-12 21:00:00,21.74,21.81,21.73,21.76,514570
2012-06-12 21:30:00,21.77,21.85,21.76,21.82,616326
2012-06-12 22:00:00,21.82,21.89,21.81,21.87,428325
2012-06-12 22:30:00,21.87,22.06,21.83,22.0,1710592
2012-06-13 16:30:00,21.86,21.91,21.67,21.78,302994
2012-06-13 17:00:00,21.77,21.96,21.76,21.9,213317
2012-06-13 17:30:00,21.9,22.07,21.9,21.98,233533
2012-06-13 18:00:00,21.98,21.98,21.89,21.92,194234
2012-06-13 18:30:00,21.91,21.97,21.87,21.87,170150
2012-06-13 19:00:00,21.87,21.9,21.82,21.88,182958
2012-06-13 19:30:00,21.88,22.05,21.88,21.95,145615
2012-06-13 20:00:00,21.94,21.99,21.9,21.95,152004
2012-06-13 20:30:00,21.95,21.96,21.83,21.85,169794
2012-06-13 21:00:00,21.84,21.87,21.82,21.85,154736
2012-06-13 21:30:00,21.85,21.89,21.74,21.77,472305
2012-06-13 22:00:00,21.76,21.78,21.59,21.63,371031
2012-06-13 22:30:00,21.62,21.66,21.56,21.66,970214
2012-06-14 16:30:00,21.74,21.9,21.64,21.77,344151
2012-06-14 17:00:00,21.78,21.83,21.72,21.74,276258
2012-06-14 17:30:00,21.74,21.8,21.69,21.78,246967
2012-06-14 18:00:00,21.79,21.81,21.73,21.79,291759
2012-06-14 18:30:00,21.79,21.83,21.7,21.77,431827
2012-06-14 19:00:00,21.77,21.79,21.7,21.7,555909
2012-06-14 19:30:00,21.71,21.76,21.69,21.7,439936
2012-06-14 20:00:00,21.7,21.74,21.68,21.69,381325
2012-06-14 20:30:00,21.69,21.76,21.67,21.74,367338
2012-06-14 21:00:00,21.74,21.83,21.73,21.79,222711
2012-06-14 21:30:00,21.8,21.82,21.72,21.72,329024
2012-06-14 22:00:00,21.73,22.06,21.73,21.78,1380154
2012-06-14 22:30:00,21.78,21.96,21.76,21.92,1269685
2012-06-15 16:30:00,22.05,22.05,21.87,21.93,1156007
2012-06-15 17:00:00,21.93,22.04,21.89,21.98,448650
2012-06-15 17:30:00,21.98,21.99,21.89,21.99,422647
2012-06-15 18:00:00,21.99,22.03,21.98,22.0,526622
2012-06-15 18:30:00,22.0,22.03,21.95,21.95,317814
2012-06-15 19:00:00,21.95,22.01,21.95,22.0,140124
2012-06-15 19:30:00,22.0,22.01,21.94,21.95,170221
2012-06-15 20:00:00,21.96,22.03,21.95,22.03,260291
2012-06-15 20:30:00,22.03,22.14,22.02,22.13,103990
2012-06-15 21:00:00,22.14,22.16,22.1,22.1,228745
2012-06-15 21:30:00,22.1,22.12,22.01,22.03,619133
2012-06-15 22:00:00,22.04,22.1,21.99,22.01,506442
2012-06-15 22:30:00,22.0,22.08,21.99,22.01,1438043
2012-06-18 16:30:00,21.85,21.88,21.72,21.8,332761
2012-06-18 17:00:00,21.79,21.8,21.75,21.79,360752
2012-06-18 17:30:00,21.8,21.84,21.75,21.79,448797
2012-06-18 18:00:00,21.79,21.82,21.72,21.74,378573
2012-06-18 18:30:00,21.75,21.78,21.7,21.73,286289
2012-06-18 19:00:00,21.72,21.76,21.68,21.73,242180
2012-06-18 19:30:00,21.74,21.81,21.69,21.75,159465
2012-06-18 20:00:00,21.75,21.77,21.72,21.75,294149
2012-06-18 20:30:00,21.75,21.83,21.74,21.8,285209
2012-06-18 21:00:00,21.81,21.89,21.78,21.82,353869
2012-06-18 21:30:00,21.83,21.85,21.78,21.79,351083
2012-06-18 22:00:00,21.79,21.83,21.76,21.82,403844
2012-06-18 22:30:00,21.83,21.84,21.74,21.8,1040327
2012-06-19 16:30:00,22.0,22.11,21.87,22.1,210281
2012-06-19 17:00:00,22.1,22.16,22.07,22.11,438939
2012-06-19 17:30:00,22.11,22.14,22.02,22.08,324441
2012-06-19 18:00:00,22.08,22.12,22.02,22.03,582064
2012-06-19 18:30:00,22.03,22.13,22.03,22.13,396292
2012-06-19 19:00:00,22.13,22.3,22.13,22.29,305494
2012-06-19 19:30:00,22.28,22.36,22.28,22.36,151980
2012-06-19 20:00:00,22.35,22.49,22.32,22.46,382842
2012-06-19 20:30:00,22.45,22.53,22.44,22.51,262716
2012-06-19 21:00:00,22.51,22.54,22.47,22.47,165384
2012-06-19 21:30:00,22.48,22.48,22.37,22.39,321603
2012-06-19 22:00:00,22.4,22.51,22.37,22.44,329026
2012-06-19 22:30:00,22.44,22.47,22.35,22.37,914342
2012-06-20 16:30:00,22.32,22.4,22.15,22.28,288538
2012-06-20 17:00:00,22.28,22.38,22.25,22.32,189110
2012-06-20 17:30:00,22.31,22.32,22.18,22.19,167665
2012-06-20 18:00:00,22.19,22.32,22.18,22.28,144831
2012-06-20 18:30:00,22.28,22.31,22.26,22.26,176357
2012-06-20 19:00:00,22.25,22.28,22.18,22.22,196975
2012-06-20 19:30:00,22.22,22.32,22.07,22.29,676413
2012-06-20 20:00:00,22.29,22.48,22.28,22.42,420876
2012-06-20 20:30:00,22.42,22.46,22.32,22.37,175921
2012-06-20 21:00:00,22.36,22.39,22.24,22.29,470447
2012-06-20 21:30:00,22.29,22.32,22.15,22.17,436089
2012-06-20 22:00:00,22.18,22.18,22.04,22.09,432747
2012-06-20 22:30:00,22.1,22.2,22.09,22.2,803273
2012-06-21 16:30:00,22.35,22.59,22.3,22.35,549443
2012-06-21 17:00:00,22.35,22.35,22.11,22.16,207752
2012-06-21 17:30:00,22.15,22.25,22.1,22.21,265090
2012-06-21 18:00:00,22.2,22.2,22.04,22.05,280327
2012-06-21 18:30:00,22.05,22.05,21.97,22.04,324208
2012-06-21 19:00:00,22.03,22.05,21.8,21.83,223684
2012-06-21 19:30:00,21.84,21.86,21.77,21.82,170009
2012-06-21 20:00:00,21.82,21.82,21.73,21.74,141852
2012-06-21 20:30:00,21.73,21.76,21.7,21.71,224076
2012-06-21 21:00:00,21.71,21.73,21.63,21.65,367348
2012-06-21 21:30:00,21.65,21.68,21.62,21.65,319407
2012-06-21 22:00:00,21.66,21.67,21.52,21.58,570696
2012-06-21 22:30:00,21.57,21.61,21.49,21.52,1031912
2012-06-22 16:30:00,21.75,21.84,21.59,21.65,351153
2012-06-22 17:00:00,21.64,21.74,21.55,21.56,241060
2012-06-22 17:30:00,21.56,21.62,21.54,21.58,252681
2012-06-22 18:00:00,21.58,21.64,21.52,21.53,297929
2012-06-22 18:30:00,21.52,21.6,21.52,21.57,258353
2012-06-22 19:00:00,21.56,21.61,21.53,21.58,159046
2012-06-22 19:30:00,21.57,21.6,21.51,21.51,167680
2012-06-22 20:00:00,21.52,21.54,21.49,21.51,312054
2012-06-22 20:30:00,21.52,21.63,21.51,21.59,121802
2012-06-22 21:00:00,21.59,21.66,21.59,21.65,217067
2012-06-22 21:30:00,21.66,21.8,21.65,21.79,298032
2012-06-22 22:00:00,21.79,21.81,21.74,21.77,344005
2012-06-22 22:30:00,21.77,21.85,21.71,21.73,997413
2012-06-25 16:30:00,21.36,21.36,21.09,21.22,190210
2012-06-25 17:00:00,21.22,21.28,21.03,21.12,329607
2012-06-25 17:30:00,21.12,21.21,21.11,21.16,163743
2012-06-25 18:00:00,21.16,21.2,21.1,21.14,227373
2012-06-25 18:30:00,21.15,21.15,21.07,21.1,165601
2012-06-25 19:00:00,21.09,21.13,21.07,21.09,194589
2012-06-25 19:30:00,21.08,21.12,21.07,21.07,70982
2012-06-25 20:00:00,21.07,21.1,21.03,21.1,67567
2012-06-25 20:30:00,21.1,21.15,21.08,21.11,213920
2012-06-25 21:00:00,21.11,21.16,21.1,21.1,104628
2012-06-25 21:30:00,21.11,21.13,21.06,21.1,135604
2012-06-25 22:00:00,21.09,21.22,21.08,21.2,272816
2012-06-25 22:30:00,21.2,21.25,21.13,21.19,422653
2012-06-26 16:30:00,21.23,21.41,21.22,21.23,155830
2012-06-26 17:00:00,21.24,21.24,21.11,21.13,369208
2012-06-26 17:30:00,21.12,21.2,21.05,21.1,668741
2012-06-26 18:00:00,21.09,21.18,21.0,21.08,456171
2012-06-26 18:30:00,21.09,21.23,21.08,21.22,198516
2012-06-26 19:00:00,21.22,21.3,21.2,21.26,141019
2012-06-26 19:30:00,21.27,21.49,21.27,21.39,216441
2012-06-26 20:00:00,21.39,21.4,21.35,21.38,91057
2012-06-26 20:30:00,21.38,21.44,21.35,21.43,135691
2012-06-26 21:00:00,21.42,21.61,21.42,21.57,312738
2012-06-26 21:30:00,21.56,21.57,21.44,21.48,241852
2012-06-26 22:00:00,21.48,21.55,21.47,21.54,232923
2012-06-26 22:30:00,21.53,21.58,21.46,21.47,645425
2012-06-27 16:30:00,21.55,21.65,21.35,21.47,211175
2012-06-27 17:00:00,21.45,21.54,21.38,21.49,264086
2012-06-27 17:30:00,21.5,21.53,21.39,21.45,244482
2012-06-27 18:00:00,21.45,21.48,21.42,21.45,243899
2012-06-27 18:30:00,21.45,21.59,21.45,21.55,260850
2012-06-27 19:00:00,21.54,21.62,21.54,21.58,185405
2012-06-27 19:30:00,21.58,21.65,21.54,21.6,219513
2012-06-27 20:00:00,21.6,21.65,21.55,21.56,160759
2012-06-27 20:30:00,21.55,21.6,21.53,21.56,151844
2012-06-27 21:00:00,21.56,21.58,21.52,21.54,163961
2012-06-27 21:30:00,21.54,21.62,21.53,21.56,178018
2012-06-27 22:00:00,21.56,21.63,21.55,21.62,236040
2012-06-27 22:30:00,21.61,21.68,21.58,21.62,541773
2012-06-28 16:30:00,21.33,21.56,21.28,21.48,202479
2012-06-28 17:00:00,21.48,21.62,21.44,21.51,265066
2012-06-28 17:30:00,21.5,21.5,21.38,21.39,174205
2012-06-28 18:00:00,21.4,21.52,21.36,21.52,200551
2012-06-28 18:30:00,21.51,21.56,21.48,21.51,85810
2012-06-28 19:00:00,21.51,21.54,21.48,21.51,182884
2012-06-28 19:30:00,21.51,21.6,21.49,21.6,158972
2012-06-28 20:00:00,21.59,21.6,21.54,21.55,199237
2012-06-28 20:30:00,21.55,21.55,21.47,21.54,122326
2012-06-28 21:00:00,21.54,21.55,21.42,21.46,91515
2012-06-28 21:30:00,21.45,21.49,21.43,21.48,218369
2012-06-28 22:00:00,21.47,21.53,21.46,21.52,250415
2012-06-28 22:30:00,21.52,21.82,21.51,21.8,967039
2012-06-29 16:30:00,22.46,22.55,22.26,22.31,231227
2012-06-29 17:00:00,22.31,22.5,22.31,22.48,549631
2012-06-29 17:30:00,22.48,22.5,22.38,22.42,180433
2012-06-29 18:00:00,22.42,22.44,22.36,22.39,150124
2012-06-29 18:30:00,22.39,22.43,22.35,22.41,203750
2012-06-29 19:00:00,22.41,22.46,22.41,22.46,164533
2012-06-29 19:30:00,22.46,22.49,22.44,22.49,119242
2012-06-29 20:00:00,22.49,22.51,22.44,22.48,153735
2012-06-29 20:30:00,22.47,22.49,22.44,22.45,207058
2012-06-29 21:00:00,22.44,22.47,22.37,22.46,203711
2012-06-29 21:30:00,22.46,22.5,22.41,22.5,180963
2012-06-29 22:00:00,22.49,22.5,22.44,22.46,259116
2012-06-29 22:30:00,22.45,22.6,22.42,22.6,792645
2012-07-02 16:30:00,22.62,22.73,22.53,22.61,314308
2012-07-02 17:00:00,22.6,22.6,22.44,22.53,297671
2012-07-02 17:30:00,22.53,22.55,22.42,22.48,158681
2012-07-02 18:00:00,22.48,22.49,22.35,22.38,177715
2012-07-02 18:30:00,22.39,22.49,22.39,22.41,117911
2012-07-02 19:00:00,22.42,22.43,22.35,22.36,183708
2012-07-02 19:30:00,22.36,22.49,22.35,22.46,183804
2012-07-02 20:00:00,22.47,22.48,22.41,22.43,148571
2012-07-02 20:30:00,22.43,22.46,22.4,22.42,176950
2012-07-02 21:00:00,22.43,22.47,22.37,22.45,283668
2012-07-02 21:30:00,22.46,22.47,22.42,22.42,215165
2012-07-02 22:00:00,22.43,22.47,22.42,22.45,347443
2012-07-02 22:30:00,22.45,22.57,22.43,22.55,540588
2012-07-03 16:30:00,22.55,22.63,22.45,22.63,251166
2012-07-03 17:00:00,22.63,22.85,22.63,22.85,258502
2012-07-03 17:30:00,22.84,22.92,22.83,22.89,128242
2012-07-03 18:00:00,22.88,22.99,22.88,22.99,170372
2012-07-03 18:30:00,22.98,23.01,22.93,23.0,192184
2012-07-03 19:00:00,23.0,23.01,22.87,22.88,159810
2012-07-03 19:30:00,22.88,22.9,22.76,22.86,368838
2012-07-03 20:00:00,22.87,22.88,22.81,22.86,45081
2012-07-05 16:30:00,22.72,22.73,22.52,22.55,519998
2012-07-05 17:00:00,22.55,22.57,22.48,22.5,414592
2012-07-05 17:30:00,22.5,22.51,22.39,22.39,367028
2012-07-05 18:00:00,22.39,22.51,22.39,22.46,270108
2012-07-05 18:30:00,22.46,22.47,22.34,22.35,514597
2012-07-05 19:00:00,22.34,22.42,22.33,22.34,202294
2012-07-05 19:30:00,22.34,22.37,22.32,22.36,178496
2012-07-05 20:00:00,22.37,22.38,22.34,22.35,271023
2012-07-05 20:30:00,22.36,22.45,22.35,22.39,389906
2012-07-05 21:00:00,22.4,22.43,22.38,22.4,166789
2012-07-05 21:30:00,22.4,22.43,22.32,22.33,318963
2012-07-05 22:00:00,22.33,22.35,22.25,22.31,339573
2012-07-05 22:30:00,22.3,22.32,22.22,22.25,933407
2012-07-06 16:30:00,21.89,22.07,21.89,21.99,321834
2012-07-06 17:00:00,21.99,22.03,21.92,21.98,332909
2012-07-06 17:30:00,21.99,22.08,21.97,21.98,507496
2012-07-06 18:00:00,21.99,22.0,21.79,21.79,266189
2012-07-06 18:30:00,21.79,21.88,21.79,21.82,198114
2012-07-06 19:00:00,21.82,21.84,21.79,21.82,229286
2012-07-06 19:30:00,21.82,21.88,21.8,21.88,126371
2012-07-06 20:00:00,21.87,21.91,21.85,21.89,163115
2012-07-06 20:30:00,21.89,21.9,21.85,21.87,165454
2012-07-06 21:00:00,21.88,21.9,21.84,21.9,195571
2012-07-06 21:30:00,21.89,21.95,21.88,21.92,136996
2012-07-06 22:00:00,21.92,22.07,21.91,22.07,282032
2012-07-06 22:30:00,22.07,22.32,22.06,22.14,1523672
2012-07-09 16:30:00,22.02,22.1,21.87,21.9,210571
2012-07-09 17:00:00,21.9,21.93,21.83,21.85,253241
2012-07-09 17:30:00,21.85,21.93,21.82,21.82,606269
2012-07-09 18:00:00,21.82,21.85,21.75,21.76,179444
2012-07-09 18:30:00,21.77,21.79,21.7,21.74,166349
2012-07-09 19:00:00,21.73,21.87,21.73,21.86,120402
2012-07-09 19:30:00,21.85,21.88,21.82,21.83,71126
2012-07-09 20:00:00,21.81,21.9,21.78,21.89,68256
2012-07-09 20:30:00,21.9,21.98,21.87,21.97,372602
2012-07-09 21:00:00,21.97,21.97,21.81,21.84,158968
2012-07-09 21:30:00,21.83,21.84,21.73,21.8,180265
2012-07-09 22:00:00,21.79,21.86,21.77,21.83,260324
2012-07-09 22:30:00,21.84,21.93,21.81,21.87,754966
2012-07-10 16:30:00,21.98,22.3,21.98,22.21,273948
2012-07-10 17:00:00,22.2,22.24,22.03,22.15,220094
2012-07-10 17:30:00,22.14,22.16,22.0,22.06,229689
2012-07-10 18:00:00,22.05,22.06,21.99,22.01,241250
2012-07-10 18:30:00,22.01,22.04,22.0,22.03,159872
2012-07-10 19:00:00,22.03,22.07,22.02,22.06,173046
2012-07-10 19:30:00,22.05,22.09,22.05,22.07,112879
2012-07-10 20:00:00,22.06,22.09,22.05,22.07,241898
2012-07-10 20:30:00,22.07,22.08,22.0,22.02,419817
2012-07-10 21:00:00,22.02,22.04,21.86,21.9,216393
2012-07-10 21:30:00,21.9,21.96,21.85,21.94,327841
2012-07-10 22:00:00,21.95,21.99,21.9,21.91,463995
2012-07-10 22:30:00,21.9,22.07,21.85,22.02,983012
2012-07-11 16:30:00,22.02,22.07,21.88,22.06,242382
2012-07-11 17:00:00,22.06,22.12,22.01,22.03,329166
2012-07-11 17:30:00,22.04,22.07,21.98,22.02,286432
2012-07-11 18:00:00,22.02,22.12,22.0,22.06,196605
2012-07-11 18:30:00,22.05,22.14,22.05,22.09,132938
2012-07-11 19:00:00,22.09,22.19,22.09,22.17,159880
2012-07-11 19:30:00,22.17,22.26,22.17,22.23,182594
2012-07-11 20:00:00,22.23,22.26,22.17,22.21,202087
2012-07-11 20:30:00,22.22,22.28,22.18,22.27,151706
2012-07-11 21:00:00,22.27,22.31,22.1,22.12,427576
2012-07-11 21:30:00,22.11,22.14,22.06,22.08,236499
2012-07-11 22:00:00,22.08,22.14,22.04,22.06,513281
2012-07-11 22:30:00,22.06,22.26,22.02,22.2,770565
2012-07-12 16:30:00,21.95,21.96,21.73,21.89,244862
2012-07-12 17:00:00,21.89,21.93,21.8,21.87,234272
2012-07-12 17:30:00,21.87,21.9,21.81,21.86,155235
2012-07-12 18:00:00,21.86,21.88,21.74,21.78,122731
2012-07-12 18:30:00,21.78,21.83,21.71,21.8,123086
2012-07-12 19:00:00,21.81,21.84,21.78,21.81,96474
2012-07-12 19:30:00,21.8,21.82,21.77,21.8,104927
2012-07-12 20:00:00,21.79,21.93,21.78,21.83,159656
2012-07-12 20:30:00,21.83,21.93,21.81,21.83,145232
2012-07-12 21:00:00,21.83,21.92,21.81,21.88,246570
2012-07-12 21:30:00,21.88,21.95,21.87,21.9,199118
2012-07-12 22:00:00,21.9,21.98,21.87,21.91,227957
2012-07-12 22:30:00,21.9,21.97,21.84,21.87,641200
2012-07-13 16:30:00,21.94,22.23,21.92,22.19,170219
2012-07-13 17:00:00,22.21,22.34,22.18,22.2,129060
2012-07-13 17:30:00,22.2,22.29,22.19,22.24,68890
2012-07-13 18:00:00,22.24,22.29,22.18,22.26,115424
2012-07-13 18:30:00,22.27,22.35,22.25,22.35,82583
2012-07-13 19:00:00,22.35,22.35,22.3,22.33,153271
2012-07-13 19:30:00,22.33,22.38,22.32,22.38,62495
2012-07-13 20:00:00,22.38,22.43,22.36,22.42,146196
2012-07-13 20:30:00,22.42,22.49,22.4,22.48,146275
2012-07-13 21:00:00,22.47,22.55,22.45,22.51,171611
2012-07-13 21:30:00,22.51,22.56,22.5,22.55,111742
2012-07-13 22:00:00,22.55,22.64,22.55,22.6,250913
2012-07-13 22:30:00,22.6,22.72,22.58,22.66,888148
2012-07-16 16:30:00,22.53,22.58,22.25,22.27,91919
2012-07-16 17:00:00,22.27,22.31,22.24,22.31,135299
2012-07-16 17:30:00,22.31,22.41,22.28,22.28,235362
2012-07-16 18:00:00,22.29,22.33,22.19,22.29,469546
2012-07-16 18:30:00,22.29,22.29,22.07,22.08,274258
2012-07-16 19:00:00,22.09,22.11,21.91,22.01,375258
2012-07-16 19:30:00,22.02,22.12,22.01,22.1,154775
2012-07-16 20:00:00,22.1,22.1,21.97,21.98,268185
2012-07-16 20:30:00,21.98,22.14,21.98,22.14,257190
2012-07-16 21:00:00,22.14,22.24,22.13,22.22,337611
2012-07-16 21:30:00,22.23,22.26,22.18,22.2,291156
2012-07-16 22:00:00,22.2,22.24,22.16,22.17,240216
2012-07-16 22:30:00,22.16,22.17,22.06,22.12,702709
2012-07-17 16:30:00,22.34,22.38,22.02,22.12,236345
2012-07-17 17:00:00,22.13,22.17,21.98,22.16,249889
2012-07-17 17:30:00,22.15,22.17,22.02,22.03,335411
2012-07-17 18:00:00,22.02,22.11,21.96,21.99,184266
2012-07-17 18:30:00,22.0,22.05,21.94,22.03,266795
2012-07-17 19:00:00,22.03,22.11,22.02,22.03,538763
2012-07-17 19:30:00,22.04,22.14,22.04,22.07,353626
2012-07-17 20:00:00,22.06,22.2,22.06,22.18,176065
2012-07-17 20:30:00,22.17,22.25,22.17,22.19,140593
2012-07-17 21:00:00,22.19,22.23,22.16,22.2,139101
2012-07-17 21:30:00,22.2,22.27,22.15,22.23,434442
2012-07-17 22:00:00,22.23,22.28,22.14,22.14,484787
2012-07-17 22:30:00,22.14,22.22,22.1,22.12,873895
2012-07-18 16:30:00,21.97,22.2,21.93,22.16,143584
2012-07-18 17:00:00,22.17,22.24,22.12,22.23,173192
2012-07-18 17:30:00,22.23,22.36,22.18,22.35,196149
2012-07-18 18:00:00,22.36,22.36,22.24,22.24,194490
2012-07-18 18:30:00,22.25,22.36,22.24,22.27,213672
2012-07-18 19:00:00,22.28,22.4,22.27,22.39,98872
2012-07-18 19:30:00,22.39,22.4,22.32,22.35,102188
2012-07-18 20:00:00,22.35,22.35,22.29,22.34,155462
2012-07-18 20:30:00,22.34,22.34,22.2,22.24,221892
2012-07-18 21:00:00,22.24,22.34,22.23,22.33,98197
2012-07-18 21:30:00,22.32,22.33,22.17,22.26,172123
2012-07-18 22:00:00,22.26,22.35,22.25,22.31,235938
2012-07-18 22:30:00,22.31,22.4,22.27,22.31,634430
2012-07-19 16:30:00,22.36,22.47,22.26,22.34,137277
2012-07-19 17:00:00,22.33,22.33,22.04,22.16,592541
2012-07-19 17:30:00,22.17,22.42,22.14,22.41,265258
2012-07-19 18:00:00,22.41,22.48,22.4,22.44,272593
2012-07-19 18:30:00,22.44,22.44,22.35,22.39,244249
2012-07-19 19:00:00,22.39,22.49,22.39,22.47,407895
2012-07-19 19:30:00,22.46,22.5,22.44,22.44,231660
2012-07-19 20:00:00,22.44,22.52,22.44,22.47,190379
2012-07-19 20:30:00,22.47,22.48,22.3,22.35,233116
2012-07-19 21:00:00,22.35,22.4,22.21,22.22,441679
2012-07-19 21:30:00,22.23,22.34,22.2,22.29,199845
2012-07-19 22:00:00,22.29,22.3,22.24,22.25,252071
2012-07-19 22:30:00,22.25,22.36,22.25,22.32,648370
2012-07-20 16:30:00,22.33,22.74,21.89,21.9,511053
2012-07-20 17:00:00,21.9,21.98,21.89,21.93,414492
2012-07-20 17:30:00,21.93,21.96,21.83,21.93,163748
2012-07-20 18:00:00,21.93,21.97,21.87,21.93,237984
2012-07-20 18:30:00,21.93,21.93,21.87,21.89,243941
2012-07-20 19:00:00,21.89,21.89,21.71,21.71,233835
2012-07-20 19:30:00,21.71,21.73,21.66,21.71,200621
2012-07-20 20:00:00,21.71,21.72,21.62,21.65,191618
2012-07-20 20:30:00,21.65,21.72,21.64,21.7,179654
2012-07-20 21:00:00,21.71,21.73,21.64,21.65,250036
2012-07-20 21:30:00,21.65,21.67,21.56,21.58,306321
2012-07-20 22:00:00,21.58,21.63,21.57,21.6,302595
2012-07-20 22:30:00,21.6,21.6,21.49,21.55,863915
2012-07-23 16:30:00,21.14,21.15,20.94,20.98,432695
2012-07-23 17:00:00,20.97,21.01,20.86,20.92,382462
2012-07-23 17:30:00,20.92,21.04,20.9,21.01,343933
2012-07-23 18:00:00,21.01,21.01,20.94,20.99,271587
2012-07-23 18:30:00,20.98,21.09,20.97,21.07,313096
2012-07-23 19:00:00,21.07,21.09,21.0,21.05,176481
2012-07-23 19:30:00,21.04,21.24,21.02,21.22,345029
2012-07-23 20:00:00,21.23,21.29,21.21,21.26,190915
2012-07-23 20:30:00,21.26,21.32,21.26,21.26,195119
2012-07-23 21:00:00,21.26,21.31,21.22,21.24,263493
2012-07-23 21:30:00,21.24,21.27,21.22,21.25,147408
2012-07-23 22:00:00,21.24,21.39,21.19,21.38,348432
2012-07-23 22:30:00,21.38,21.38,21.2,21.21,573191
2012-07-24 16:30:00,21.2,21.23,21.05,21.07,253153
2012-07-24 17:00:00,21.08,21.1,20.91,20.97,1543489
2012-07-24 17:30:00,20.97,20.98,20.81,20.82,1295367
2012-07-24 18:00:00,20.82,20.93,20.81,20.82,659376
2012-07-24 18:30:00,20.82,20.86,20.73,20.78,500406
2012-07-24 19:00:00,20.78,20.79,20.7,20.75,258660
2012-07-24 19:30:00,20.76,20.84,20.75,20.81,470139
2012-07-24 20:00:00,20.81,20.84,20.77,20.78,253842
2012-07-24 20:30:00,20.77,20.78,20.7,20.7,1088210
2012-07-24 21:00:00,20.7,20.72,20.59,20.59,484256
2012-07-24 21:30:00,20.6,20.64,20.56,20.6,724644
2012-07-24 22:00:00,20.59,20.72,20.57,20.72,550203
2012-07-24 22:30:00,20.72,20.77,20.6,20.72,1441650
2012-07-25 16:30:00,20.91,20.97,20.64,20.82,418282
2012-07-25 17:00:00,20.81,20.82,20.73,20.82,479738
2012-07-25 17:30:00,20.82,20.9,20.6,20.6,762940
2012-07-25 18:00:00,20.6,20.74,20.6,20.67,228913
2012-07-25 18:30:00,20.66,20.7,20.62,20.69,209572
2012-07-25 19:00:00,20.68,20.71,20.63,20.65,238492
2012-07-25 19:30:00,20.65,20.7,20.62,20.66,253997
2012-07-25 20:00:00,20.66,20.73,20.66,20.7,248047
2012-07-25 20:30:00,20.69,20.75,20.62,20.7,509001
2012-07-25 21:00:00,20.7,20.76,20.67,20.73,337462
2012-07-25 21:30:00,20.73,20.75,20.66,20.67,292425
2012-07-25 22:00:00,20.67,20.7,20.54,20.58,525480
2012-07-25 22:30:00,20.59,20.59,20.5,20.5,912930
2012-07-26 16:30:00,21.07,21.53,21.07,21.38,2048674
2012-07-26 17:00:00,21.37,21.43,21.03,21.14,1512746
2012-07-26 17:30:00,21.13,21.16,20.86,21.04,1343182
2012-07-26 18:00:00,21.04,21.19,20.96,21.12,1061029
2012-07-26 18:30:00,21.12,21.27,21.09,21.25,930615
2012-07-26 19:00:00,21.25,21.42,21.24,21.38,799918
2012-07-26 19:30:00,21.37,21.39,21.26,21.32,638849
2012-07-26 20:00:00,21.31,21.47,21.31,21.44,694219
2012-07-26 20:30:00,21.44,21.45,21.3,21.31,376087
2012-07-26 21:00:00,21.32,21.35,21.12,21.18,632367
2012-07-26 21:30:00,21.17,21.21,21.07,21.09,650678
2012-07-26 22:00:00,21.09,21.15,21.01,21.03,758316
2012-07-26 22:30:00,21.03,21.04,20.81,20.92,2596237
2012-07-27 16:30:00,21.1,21.49,21.06,21.48,700775
2012-07-27 17:00:00,21.48,21.57,21.42,21.44,405424
2012-07-27 17:30:00,21.43,21.52,21.34,21.51,437477
2012-07-27 18:00:00,21.5,21.54,21.48,21.52,216409
2012-07-27 18:30:00,21.52,21.59,21.51,21.55,231656
2012-07-27 19:00:00,21.55,21.63,21.54,21.63,174483
2012-07-27 19:30:00,21.63,21.65,21.57,21.59,235576
2012-07-27 20:00:00,21.6,21.88,21.6,21.87,423625
2012-07-27 20:30:00,21.87,22.27,21.85,22.22,1441478
2012-07-27 21:00:00,22.22,22.23,21.91,21.93,910837
2012-07-27 21:30:00,21.93,22.24,21.93,22.24,504987
2012-07-27 22:00:00,22.23,22.28,22.17,22.22,611020
2012-07-27 22:30:00,22.23,22.29,22.06,22.09,1163878
2012-07-30 16:30:00,22.05,22.34,22.02,22.17,329775
2012-07-30 17:00:00,22.17,22.32,22.11,22.23,323206
2012-07-30 17:30:00,22.24,22.29,22.11,22.17,442622
2012-07-30 18:00:00,22.17,22.25,22.16,22.21,521391
2012-07-30 18:30:00,22.21,22.29,22.11,22.11,544451
2012-07-30 19:00:00,22.11,22.16,22.04,22.12,400608
2012-07-30 19:30:00,22.12,22.19,22.1,22.18,336723
2012-07-30 20:00:00,22.18,22.22,22.16,22.18,248989
2012-07-30 20:30:00,22.18,22.21,22.11,22.17,293481
2012-07-30 21:00:00,22.17,22.29,22.12,22.29,426502
2012-07-30 21:30:00,22.28,22.36,22.22,22.34,408715
2012-07-30 22:00:00,22.34,22.35,22.2,22.23,541981
2012-07-30 22:30:00,22.23,22.29,22.2,22.26,961450
2012-07-31 16:30:00,22.16,22.21,22.0,22.11,504179
2012-07-31 17:00:00,22.11,22.26,22.02,22.22,369262
2012-07-31 17:30:00,22.22,22.23,22.14,22.21,207246
2012-07-31 18:00:00,22.21,22.31,22.18,22.27,245674
2012-07-31 18:30:00,22.28,22.3,22.24,22.29,251492
2012-07-31 19:00:00,22.29,22.29,22.21,22.27,493399
2012-07-31 19:30:00,22.27,22.27,22.22,22.22,342496
2012-07-31 20:00:00,22.22,22.3,22.21,22.3,377015
2012-07-31 20:30:00,22.29,22.3,22.23,22.23,316841
2012-07-31 21:00:00,22.23,22.26,22.2,22.23,364468
2012-07-31 21:30:00,22.22,22.26,22.18,22.18,370652
2012-07-31 22:00:00,22.19,22.26,22.17,22.26,444341
2012-07-31 22:30:00,22.25,22.26,22.13,22.13,943803
2012-08-01 16:30:00,22.3,22.47,22.12,22.14,416684
2012-08-01 17:00:00,22.14,22.19,21.96,22.07,253404
2012-08-01 17:30:00,22.07,22.27,22.06,22.25,228482
2012-08-01 18:00:00,22.25,22.26,22.11,22.24,137869
2012-08-01 18:30:00,22.25,22.29,22.18,22.21,212694
2012-08-01 19:00:00,22.22,22.23,22.18,22.21,197270
2012-08-01 19:30:00,22.22,22.25,22.17,22.2,230531
2012-08-01 20:00:00,22.21,22.22,22.13,22.15,222161
2012-08-01 20:30:00,22.15,22.2,22.09,22.1,152068
2012-08-01 21:00:00,22.09,22.11,21.92,22.06,438756
2012-08-01 21:30:00,22.06,22.06,21.95,22.02,332266
2012-08-01 22:00:00,22.02,22.12,22.0,22.1,315997
2012-08-01 22:30:00,22.1,22.12,21.88,21.89,772728
2012-08-02 16:30:00,21.68,21.71,21.07,21.6,495650
2012-08-02 17:00:00,21.59,21.67,21.43,21.52,510072
2012-08-02 17:30:00,21.52,21.53,21.29,21.32,524429
2012-08-02 18:00:00,21.32,21.37,21.12,21.19,423370
2012-08-02 18:30:00,21.19,21.32,21.09,21.32,454142
2012-08-02 19:00:00,21.32,21.36,21.3,21.3,300990
2012-08-02 19:30:00,21.3,21.3,21.22,21.26,399553
2012-08-02 20:00:00,21.26,21.36,21.24,21.33,383748
2012-08-02 20:30:00,21.33,21.48,21.33,21.44,581465
2012-08-02 21:00:00,21.44,21.5,21.39,21.47,320762
2012-08-02 21:30:00,21.48,21.6,21.47,21.52,329525
2012-08-02 22:00:00,21.52,21.64,21.51,21.63,363712
2012-08-02 22:30:00,21.62,21.74,21.59,21.71,718165
2012-08-03 16:30:00,22.17,22.29,22.05,22.18,412933
2012-08-03 17:00:00,22.18,22.37,22.18,22.37,258080
2012-08-03 17:30:00,22.37,22.49,22.36,22.48,167926
2012-08-03 18:00:00,22.48,22.59,22.47,22.53,244332
2012-08-03 18:30:00,22.53,22.72,22.51,22.7,382181
2012-08-03 19:00:00,22.7,22.72,22.59,22.7,201085
2012-08-03 19:30:00,22.7,22.73,22.64,22.64,182374
2012-08-03 20:00:00,22.65,22.75,22.64,22.7,223479
2012-08-03 20:30:00,22.7,22.72,22.66,22.69,194095
2012-08-03 21:00:00,22.69,22.72,22.66,22.71,167018
2012-08-03 21:30:00,22.7,22.73,22.63,22.69,267018
2012-08-03 22:00:00,22.69,22.74,22.67,22.67,277591
2012-08-03 22:30:00,22.67,22.68,22.57,22.62,756281
2012-08-06 16:30:00,22.68,22.88,22.61,22.77,334432
2012-08-06 17:00:00,22.77,22.83,22.72,22.83,186363
2012-08-06 17:30:00,22.82,22.86,22.72,22.74,155122
2012-08-06 18:00:00,22.73,22.75,22.61,22.61,168637
2012-08-06 18:30:00,22.6,22.62,22.51,22.59,185409
2012-08-06 19:00:00,22.59,22.64,22.56,22.57,184916
2012-08-06 19:30:00,22.57,22.66,22.56,22.64,151394
2012-08-06 20:00:00,22.64,22.69,22.63,22.67,95720
2012-08-06 20:30:00,22.67,22.68,22.57,22.58,110192
2012-08-06 21:00:00,22.57,22.58,22.55,22.58,125891
2012-08-06 21:30:00,22.57,22.63,22.56,22.61,184846
2012-08-06 22:00:00,22.61,22.64,22.57,22.59,159370
2012-08-06 22:30:00,22.59,22.62,22.49,22.51,456903
2012-08-07 16:30:00,22.72,22.94,22.7,22.93,201035
2012-08-07 17:00:00,22.94,23.15,22.88,23.1,328176
2012-08-07 17:30:00,23.09,23.14,23.01,23.02,286483
2012-08-07 18:00:00,23.02,23.02,22.91,22.97,126857
2012-08-07 18:30:00,22.97,23.15,22.97,23.14,206718
2012-08-07 19:00:00,23.15,23.15,23.08,23.1,104285
2012-08-07 19:30:00,23.1,23.16,23.09,23.14,77054
2012-08-07 20:00:00,23.15,23.17,23.09,23.14,265148
2012-08-07 20:30:00,23.13,23.2,23.12,23.19,156607
2012-08-07 21:00:00,23.18,23.19,23.08,23.08,170973
2012-08-07 21:30:00,23.09,23.16,23.08,23.12,250206
2012-08-07 22:00:00,23.13,23.13,23.03,23.11,299008
2012-08-07 22:30:00,23.12,23.18,23.03,23.11,843147
2012-08-08 16:30:00,23.14,23.22,23.0,23.13,254666
2012-08-08 17:00:00,23.12,23.18,23.08,23.18,259944
2012-08-08 17:30:00,23.18,23.2,23.09,23.13,170280
2012-08-08 18:00:00,23.14,23.2,23.11,23.18,241711
2012-08-08 18:30:00,23.18,23.23,23.1,23.11,185902
2012-08-08 19:00:00,23.1,23.12,23.0,23.07,315354
2012-08-08 19:30:00,23.07,23.08,22.99,23.04,116812
2012-08-08 20:00:00,23.03,23.08,23.03,23.08,88155
2012-08-08 20:30:00,23.08,23.11,23.07,23.08,147849
2012-08-08 21:00:00,23.07,23.11,23.0,23.03,168129
2012-08-08 21:30:00,23.03,23.09,23.01,23.06,173356
2012-08-08 22:00:00,23.06,23.13,23.06,23.09,149455
2012-08-08 22:30:00,23.09,23.16,23.06,23.12,433020
2012-08-09 16:30:00,23.05,23.33,23.05,23.21,227814
2012-08-09 17:00:00,23.19,23.31,23.16,23.25,233968
2012-08-09 17:30:00,23.26,23.38,23.25,23.33,274523
2012-08-09 18:00:00,23.33,23.44,23.33,23.37,443505
2012-08-09 18:30:00,23.37,23.42,23.31,23.34,352118
2012-08-09 19:00:00,23.35,23.42,23.32,23.41,396565
2012-08-09 19:30:00,23.4,23.44,23.38,23.41,288758
2012-08-09 20:00:00,23.42,23.45,23.36,23.39,208139
2012-08-09 20:30:00,23.38,23.47,23.37,23.46,501263
2012-08-09 21:00:00,23.45,23.48,23.44,23.47,233484
2012-08-09 21:30:00,23.47,23.53,23.46,23.51,468686
2012-08-09 22:00:00,23.5,23.67,23.49,23.6,974462
2012-08-09 22:30:00,23.6,23.63,23.55,23.58,1241980
2012-08-10 16:30:00,23.63,23.75,23.47,23.47,341489
2012-08-10 17:00:00,23.47,23.61,23.46,23.56,358251
2012-08-10 17:30:00,23.57,23.71,23.57,23.7,365825
2012-08-10 18:00:00,23.71,23.72,23.59,23.67,410746
2012-08-10 18:30:00,23.66,23.66,23.52,23.59,193380
2012-08-10 19:00:00,23.58,23.59,23.54,23.57,329611
2012-08-10 19:30:00,23.57,23.6,23.55,23.57,125493
2012-08-10 20:00:00,23.57,23.59,23.55,23.58,167686
2012-08-10 20:30:00,23.58,23.61,23.55,23.57,197941
2012-08-10 21:00:00,23.57,23.58,23.53,23.57,323302
2012-08-10 21:30:00,23.56,23.58,23.53,23.57,194367
2012-08-10 22:00:00,23.57,23.62,23.55,23.6,226879
2012-08-10 22:30:00,23.59,23.73,23.57,23.67,662671
2012-08-13 16:30:00,23.57,23.73,23.56,23.65,178500
2012-08-13 17:00:00,23.65,23.67,23.56,23.59,149757
2012-08-13 17:30:00,23.59,23.62,23.55,23.6,298642
2012-08-13 18:00:00,23.6,23.64,23.56,23.63,224660
2012-08-13 18:30:00,23.61,23.67,23.59,23.59,124616
2012-08-13 19:00:00,23.59,23.61,23.55,23.58,131057
2012-08-13 19:30:00,23.57,23.65,23.57,23.64,150198
2012-08-13 20:00:00,23.64,23.66,23.6,23.6,74971
2012-08-13 20:30:00,23.61,23.67,23.59,23.67,94175
2012-08-13 21:00:00,23.66,23.78,23.65,23.73,180465
2012-08-13 21:30:00,23.73,23.82,23.69,23.77,389058
2012-08-13 22:00:00,23.76,23.78,23.67,23.67,171642
2012-08-13 22:30:00,23.67,23.75,23.65,23.75,501462
2012-08-14 16:30:00,23.96,23.96,23.82,23.85,291674
2012-08-14 17:00:00,23.86,23.95,23.84,23.88,283121
2012-08-14 17:30:00,23.87,23.93,23.84,23.85,192772
2012-08-14 18:00:00,23.86,23.93,23.83,23.84,416038
2012-08-14 18:30:00,23.85,23.88,23.81,23.87,201771
2012-08-14 19:00:00,23.87,23.91,23.87,23.9,135729
2012-08-14 19:30:00,23.9,23.93,23.8,23.84,157868
2012-08-14 20:00:00,23.84,23.87,23.76,23.76,101769
2012-08-14 20:30:00,23.77,23.84,23.77,23.82,85747
2012-08-14 21:00:00,23.82,23.86,23.78,23.78,109153
2012-08-14 21:30:00,23.79,23.82,23.76,23.79,156822
2012-08-14 22:00:00,23.8,23.81,23.7,23.71,203411
2012-08-14 22:30:00,23.71,23.72,23.58,23.65,799926
2012-08-15 16:30:00,23.67,23.72,23.53,23.59,234979
2012-08-15 17:00:00,23.6,23.72,23.6,23.69,149845
2012-08-15 17:30:00,23.7,23.71,23.58,23.61,424009
2012-08-15 18:00:00,23.6,23.7,23.57,23.64,158659
2012-08-15 18:30:00,23.64,23.72,23.63,23.69,123482
2012-08-15 19:00:00,23.7,23.72,23.67,23.7,123726
2012-08-15 19:30:00,23.7,23.77,23.69,23.75,106525
2012-08-15 20:00:00,23.74,23.75,23.67,23.68,58529
2012-08-15 20:30:00,23.68,23.73,23.68,23.69,101539
2012-08-15 21:00:00,23.7,23.74,23.69,23.74,82753
2012-08-15 21:30:00,23.73,23.8,23.68,23.8,290915
2012-08-15 22:00:00,23.79,23.85,23.76,23.8,271574
2012-08-15 22:30:00,23.79,23.81,23.76,23.78,346010
2012-08-16 16:30:00,23.79,23.91,23.7,23.73,123846
2012-08-16 17:00:00,23.72,23.74,23.67,23.7,284723
2012-08-16 17:30:00,23.71,23.86,23.7,23.82,533578
2012-08-16 18:00:00,23.82,23.84,23.78,23.83,137483
2012-08-16 18:30:00,23.82,23.94,23.81,23.92,176997
2012-08-16 19:00:00,23.92,23.93,23.83,23.83,222935
2012-08-16 19:30:00,23.83,23.91,23.82,23.88,175436
2012-08-16 20:00:00,23.89,23.96,23.85,23.95,188581
2012-08-16 20:30:00,23.96,24.0,23.94,24.0,79970
2012-08-16 21:00:00,23.98,24.04,23.97,24.02,139317
2012-08-16 21:30:00,24.02,24.1,24.02,24.03,238326
2012-08-16 22:00:00,24.02,24.15,24.0,24.11,258713
2012-08-16 22:30:00,24.12,24.16,24.01,24.07,589308
2012-08-17 16:30:00,24.16,24.22,23.91,24.09,416199
2012-08-17 17:00:00,24.09,24.1,23.99,24.03,111791
2012-08-17 17:30:00,24.03,24.07,23.96,24.03,305393
2012-08-17 18:00:00,24.03,24.05,23.94,23.94,111138
2012-08-17 18:30:00,23.95,24.0,23.91,24.0,94637
2012-08-17 19:00:00,23.99,24.03,23.98,24.0,132082
2012-08-17 19:30:00,24.01,24.01,23.92,23.92,155024
2012-08-17 20:00:00,23.92,23.97,23.91,23.97,46833
2012-08-17 20:30:00,23.97,24.0,23.95,23.96,51602
2012-08-17 21:00:00,23.97,23.99,23.94,23.95,88009
2012-08-17 21:30:00,23.95,24.0,23.94,23.98,118495
2012-08-17 22:00:00,24.0,24.04,23.98,24.01,166578
2012-08-17 22:30:00,24.02,24.05,23.99,24.03,444323
2012-08-20 16:30:00,23.88,23.9,23.77,23.78,254924
2012-08-20 17:00:00,23.79,23.79,23.57,23.64,169391
2012-08-20 17:30:00,23.63,23.74,23.6,23.74,185797
2012-08-20 18:00:00,23.75,23.75,23.64,23.67,85475
2012-08-20 18:30:00,23.67,23.75,23.63,23.71,101980
2012-08-20 19:00:00,23.71,23.75,23.69,23.7,67413
2012-08-20 19:30:00,23.7,23.71,23.67,23.69,65221
2012-08-20 20:00:00,23.69,23.69,23.66,23.68,58906
2012-08-20 20:30:00,23.69,23.71,23.61,23.69,158984
2012-08-20 21:00:00,23.69,23.73,23.66,23.73,154044
2012-08-20 21:30:00,23.73,23.78,23.71,23.75,134860
2012-08-20 22:00:00,23.75,23.77,23.72,23.76,93179
2012-08-20 22:30:00,23.76,23.8,23.73,23.79,439320
2012-08-21 16:30:00,23.92,24.04,23.81,24.0,312955
2012-08-21 17:00:00,24.01,24.16,23.98,24.16,359061
2012-08-21 17:30:00,24.15,24.18,24.08,24.08,107880
2012-08-21 18:00:00,24.09,24.23,24.07,24.11,303909
2012-08-21 18:30:00,24.11,24.15,24.09,24.09,309857
2012-08-21 19:00:00,24.09,24.15,24.08,24.13,501431
2012-08-21 19:30:00,24.13,24.14,24.07,24.09,152974
2012-08-21 20:00:00,24.1,24.1,24.01,24.02,105450
2012-08-21 20:30:00,24.02,24.06,23.97,24.01,136440
2012-08-21 21:00:00,24.01,24.03,23.99,24.0,272123
2012-08-21 21:30:00,24.0,24.02,23.94,23.96,280996
2012-08-21 22:00:00,23.97,23.99,23.82,23.84,411631
2012-08-21 22:30:00,23.85,23.91,23.84,23.89,482517
2012-08-22 16:30:00,23.67,23.97,23.62,23.89,412681
2012-08-22 17:00:00,23.88,23.93,23.8,23.83,288416
2012-08-22 17:30:00,23.83,23.89,23.74,23.74,211206
2012-08-22 18:00:00,23.74,23.82,23.73,23.81,248570
2012-08-22 18:30:00,23.8,23.8,23.74,23.76,268984
2012-08-22 19:00:00,23.76,23.77,23.69,23.71,286484
2012-08-22 19:30:00,23.7,23.71,23.66,23.68,140214
2012-08-22 20:00:00,23.68,23.75,23.67,23.73,83872
2012-08-22 20:30:00,23.73,23.81,23.72,23.75,55342
2012-08-22 21:00:00,23.76,23.89,23.72,23.78,189691
2012-08-22 21:30:00,23.77,23.96,23.77,23.94,177702
2012-08-22 22:00:00,23.93,23.98,23.89,23.94,359635
2012-08-22 22:30:00,23.94,23.98,23.91,23.93,768400
2012-08-23 16:30:00,23.85,23.96,23.82,23.87,161981
2012-08-23 17:00:00,23.87,23.92,23.81,23.85,114945
2012-08-23 17:30:00,23.85,23.91,23.81,23.85,188841
2012-08-23 18:00:00,23.86,23.88,23.79,23.85,106327
2012-08-23 18:30:00,23.86,23.87,23.82,23.83,232909
2012-08-23 19:00:00,23.84,23.85,23.78,23.78,133012
2012-08-23 19:30:00,23.79,23.8,23.76,23.78,78589
2012-08-23 20:00:00,23.78,23.78,23.68,23.72,112811
2012-08-23 20:30:00,23.72,23.77,23.69,23.74,77440
2012-08-23 21:00:00,23.75,23.76,23.68,23.69,139588
2012-08-23 21:30:00,23.69,23.78,23.68,23.74,89321
2012-08-23 22:00:00,23.73,23.79,23.69,23.72,130358
2012-08-23 22:30:00,23.72,23.73,23.65,23.67,697147
2012-08-24 16:30:00,23.57,23.7,23.5,23.55,120367
2012-08-24 17:00:00,23.54,23.61,23.53,23.54,167764
2012-08-24 17:30:00,23.55,23.65,23.54,23.6,84391
2012-08-24 18:00:00,23.6,23.73,23.59,23.68,167712
2012-08-24 18:30:00,23.69,23.75,23.66,23.68,83423
2012-08-24 19:00:00,23.68,23.73,23.66,23.73,82631
2012-08-24 19:30:00,23.73,23.77,23.72,23.76,69336
2012-08-24 20:00:00,23.76,23.78,23.74,23.78,102343
2012-08-24 20:30:00,23.78,23.85,23.78,23.81,156985
2012-08-24 21:00:00,23.81,23.81,23.78,23.79,42748
2012-08-24 21:30:00,23.8,23.8,23.75,23.77,69216
2012-08-24 22:00:00,23.78,23.81,23.76,23.79,126623
2012-08-24 22:30:00,23.79,23.85,23.75,23.8,350365
2012-08-27 16:30:00,23.9,23.91,23.7,23.7,74120
2012-08-27 17:00:00,23.7,23.77,23.66,23.72,187000
2012-08-27 17:30:00,23.72,23.73,23.66,23.71,104739
2012-08-27 18:00:00,23.7,23.85,23.69,23.81,167766
2012-08-27 18:30:00,23.81,23.83,23.74,23.75,143270
2012-08-27 19:00:00,23.75,23.8,23.7,23.71,150739
2012-08-27 19:30:00,23.7,23.76,23.7,23.73,44705
2012-08-27 20:00:00,23.73,23.77,23.7,23.75,50549
2012-08-27 20:30:00,23.76,23.76,23.67,23.7,65697
2012-08-27 21:00:00,23.7,23.71,23.65,23.68,61837
2012-08-27 21:30:00,23.68,23.7,23.65,23.68,100221
2012-08-27 22:00:00,23.68,23.7,23.62,23.65,139318
2012-08-27 22:30:00,23.65,23.67,23.61,23.65,309212
2012-08-28 16:30:00,23.51,23.73,23.46,23.69,356664
2012-08-28 17:00:00,23.68,23.86,23.6,23.78,157321
2012-08-28 17:30:00,23.78,23.84,23.74,23.75,157844
2012-08-28 18:00:00,23.75,23.84,23.73,23.81,180023
2012-08-28 18:30:00,23.8,23.85,23.78,23.84,101663
2012-08-28 19:00:00,23.83,23.9,23.8,23.8,89825
2012-08-28 19:30:00,23.81,23.86,23.77,23.85,99787
2012-08-28 20:00:00,23.87,23.89,23.83,23.85,110644
2012-08-28 20:30:00,23.86,23.89,23.85,23.85,224018
2012-08-28 21:00:00,23.85,23.93,23.85,23.91,101458
2012-08-28 21:30:00,23.91,23.92,23.86,23.88,118941
2012-08-28 22:00:00,23.88,23.93,23.85,23.88,240093
2012-08-28 22:30:00,23.87,23.9,23.81,23.83,426501
2012-08-29 16:30:00,23.85,24.03,23.83,23.87,191207
2012-08-29 17:00:00,23.86,23.9,23.79,23.81,234947
2012-08-29 17:30:00,23.81,23.86,23.67,23.71,215688
2012-08-29 18:00:00,23.7,23.82,23.7,23.74,141164
2012-08-29 18:30:00,23.75,23.87,23.74,23.82,141966
2012-08-29 19:00:00,23.83,23.85,23.8,23.81,67426
2012-08-29 19:30:00,23.81,23.86,23.79,23.84,103728
2012-08-29 20:00:00,23.84,23.89,23.8,23.8,164694
2012-08-29 20:30:00,23.81,23.81,23.74,23.77,211965
2012-08-29 21:00:00,23.77,23.78,23.74,23.76,72373
2012-08-29 21:30:00,23.76,23.78,23.71,23.72,170990
2012-08-29 22:00:00,23.73,23.77,23.72,23.75,117005
2012-08-29 22:30:00,23.75,23.76,23.7,23.71,751663
2012-08-30 16:30:00,23.52,23.59,23.45,23.52,139686
2012-08-30 17:00:00,23.52,23.53,23.4,23.42,131659
2012-08-30 17:30:00,23.42,23.46,23.34,23.38,159053
2012-08-30 18:00:00,23.38,23.49,23.37,23.48,285554
2012-08-30 18:30:00,23.48,23.49,23.43,23.48,84102
2012-08-30 19:00:00,23.48,23.48,23.42,23.44,58069
2012-08-30 19:30:00,23.44,23.51,23.44,23.5,125111
2012-08-30 20:00:00,23.51,23.52,23.46,23.49,80925
2012-08-30 20:30:00,23.49,23.53,23.47,23.53,73509
2012-08-30 21:00:00,23.53,23.56,23.49,23.51,105300
2012-08-30 21:30:00,23.5,23.55,23.49,23.54,102342
2012-08-30 22:00:00,23.53,23.58,23.53,23.55,118964
2012-08-30 22:30:00,23.56,23.61,23.48,23.5,372893
2012-08-31 16:30:00,23.69,23.85,23.69,23.77,177510
2012-08-31 17:00:00,23.76,23.77,23.55,23.68,256814
2012-08-31 17:30:00,23.68,23.85,23.66,23.83,146459
2012-08-31 18:00:00,23.82,23.88,23.78,23.79,106617
2012-08-31 18:30:00,23.78,23.85,23.77,23.78,280038
2012-08-31 19:00:00,23.78,23.81,23.56,23.6,173960
2012-08-31 19:30:00,23.6,23.67,23.56,23.64,119047
2012-08-31 20:00:00,23.64,23.68,23.56,23.59,119012
2012-08-31 20:30:00,23.6,23.7,23.6,23.64,73774
2012-08-31 21:00:00,23.64,23.78,23.64,23.75,142086
2012-08-31 21:30:00,23.75,23.77,23.69,23.7,104667
2012-08-31 22:00:00,23.7,23.7,23.62,23.64,144171
2012-08-31 22:30:00,23.65,23.74,23.61,23.69,488157
2012-09-04 16:30:00,23.62,23.89,23.62,23.79,231358
2012-09-04 17:00:00,23.79,23.8,23.69,23.76,319290
2012-09-04 17:30:00,23.77,23.78,23.65,23.69,250382
2012-09-04 18:00:00,23.69,23.71,23.64,23.67,138218
2012-09-04 18:30:00,23.67,23.68,23.59,23.6,114658
2012-09-04 19:00:00,23.61,23.61,23.53,23.53,81009
2012-09-04 19:30:00,23.54,23.72,23.53,23.71,446886
2012-09-04 20:00:00,23.71,23.74,23.7,23.73,96069
2012-09-04 20:30:00,23.73,23.74,23.69,23.69,87262
2012-09-04 21:00:00,23.69,23.87,23.67,23.86,134045
2012-09-04 21:30:00,23.86,23.99,23.86,23.91,188991
2012-09-04 22:00:00,23.9,23.92,23.88,23.88,159143
2012-09-04 22:30:00,23.89,23.89,23.8,23.81,578960
2012-09-05 16:30:00,23.86,23.96,23.7,23.75,212057
2012-09-05 17:00:00,23.75,23.82,23.67,23.73,521243
2012-09-05 17:30:00,23.73,23.78,23.61,23.64,256841
2012-09-05 18:00:00,23.63,23.8,23.62,23.8,249786
2012-09-05 18:30:00,23.79,23.83,23.76,23.77,158938
2012-09-05 19:00:00,23.77,23.82,23.75,23.8,120661
2012-09-05 19:30:00,23.8,23.82,23.79,23.79,60549
2012-09-05 20:00:00,23.79,23.81,23.79,23.8,75338
2012-09-05 20:30:00,23.81,23.81,23.74,23.78,346534
2012-09-05 21:00:00,23.77,23.81,23.75,23.8,195048
2012-09-05 21:30:00,23.8,23.83,23.79,23.81,296422
2012-09-05 22:00:00,23.82,23.87,23.8,23.85,406915
2012-09-05 22:30:00,23.85,23.86,23.81,23.84,702905
2012-09-06 16:30:00,24.1,24.29,24.01,24.28,171905
2012-09-06 17:00:00,24.28,24.58,24.28,24.56,379358
2012-09-06 17:30:00,24.56,24.69,24.55,24.66,429032
2012-09-06 18:00:00,24.66,24.69,24.59,24.62,145401
2012-09-06 18:30:00,24.61,24.67,24.6,24.65,192901
2012-09-06 19:00:00,24.65,24.68,24.6,24.64,146579
2012-09-06 19:30:00,24.64,24.69,24.63,24.67,111095
2012-09-06 20:00:00,24.67,24.72,24.66,24.71,152557
2012-09-06 20:30:00,24.71,24.78,24.7,24.75,198393
2012-09-06 21:00:00,24.74,24.78,24.71,24.75,223512
2012-09-06 21:30:00,24.74,24.8,24.72,24.77,230601
2012-09-06 22:00:00,24.76,24.76,24.7,24.7,276402
2012-09-06 22:30:00,24.7,24.78,24.69,24.76,916569
2012-09-07 16:30:00,24.81,24.96,24.78,24.91,223093
2012-09-07 17:00:00,24.93,25.01,24.9,25.0,315193
2012-09-07 17:30:00,24.99,25.06,24.96,24.99,278294
2012-09-07 18:00:00,24.99,25.03,24.95,24.98,360495
2012-09-07 18:30:00,24.98,24.99,24.86,24.86,205320
2012-09-07 19:00:00,24.86,24.94,24.85,24.92,151853
2012-09-07 19:30:00,24.91,24.97,24.89,24.92,55738
2012-09-07 20:00:00,24.93,24.95,24.9,24.94,75885
2012-09-07 20:30:00,24.94,25.0,24.91,24.98,263017
2012-09-07 21:00:00,24.98,25.0,24.95,24.98,124621
2012-09-07 21:30:00,24.98,25.04,24.98,25.02,156560
2012-09-07 22:00:00,25.02,25.04,24.98,25.03,212939
2012-09-07 22:30:00,25.02,25.04,24.97,25.02,565623
2012-09-10 16:30:00,24.69,24.99,24.69,24.91,145625
2012-09-10 17:00:00,24.91,24.94,24.87,24.91,165958
2012-09-10 17:30:00,24.9,24.92,24.83,24.9,147111
2012-09-10 18:00:00,24.9,24.93,24.88,24.91,261061
2012-09-10 18:30:00,24.91,24.92,24.87,24.87,124149
2012-09-10 19:00:00,24.87,24.89,24.83,24.83,114733
2012-09-10 19:30:00,24.83,24.86,24.8,24.85,114210
2012-09-10 20:00:00,24.83,24.87,24.82,24.82,165762
2012-09-10 20:30:00,24.82,24.82,24.75,24.77,87419
2012-09-10 21:00:00,24.77,24.8,24.74,24.75,85931
2012-09-10 21:30:00,24.74,24.76,24.69,24.7,163679
2012-09-10 22:00:00,24.71,24.74,24.64,24.65,395495
2012-09-10 22:30:00,24.66,24.67,24.56,24.59,490835
2012-09-11 16:30:00,24.6,24.83,24.57,24.82,128438
2012-09-11 17:00:00,24.82,24.84,24.76,24.81,121855
2012-09-11 17:30:00,24.81,24.88,24.81,24.86,305551
2012-09-11 18:00:00,24.85,24.98,24.84,24.96,315602
2012-09-11 18:30:00,24.96,24.97,24.88,24.89,289820
2012-09-11 19:00:00,24.89,24.9,24.84,24.88,162335
2012-09-11 19:30:00,24.89,24.9,24.85,24.88,70778
2012-09-11 20:00:00,24.88,24.9,24.86,24.89,194987
2012-09-11 20:30:00,24.89,24.91,24.85,24.89,248218
2012-09-11 21:00:00,24.88,24.9,24.83,24.85,114989
2012-09-11 21:30:00,24.85,24.86,24.78,24.84,112542
2012-09-11 22:00:00,24.84,24.85,24.75,24.77,447424
2012-09-11 22:30:00,24.76,24.81,24.73,24.8,663073
2012-09-12 16:30:00,24.97,25.19,24.93,25.09,260284
2012-09-12 17:00:00,25.1,25.13,24.97,24.97,140110
2012-09-12 17:30:00,24.97,25.0,24.93,24.97,271741
2012-09-12 18:00:00,24.97,25.0,24.94,25.0,159755
2012-09-12 18:30:00,24.99,25.0,24.98,25.0,93688
2012-09-12 19:00:00,24.99,25.0,24.96,24.98,77072
2012-09-12 19:30:00,24.99,25.0,24.96,24.97,111394
2012-09-12 20:00:00,24.98,25.04,24.97,25.01,184966
2012-09-12 20:30:00,25.01,25.02,24.95,24.99,107543
2012-09-12 21:00:00,24.99,25.01,24.97,24.98,122540
2012-09-12 21:30:00,24.98,25.02,24.96,25.02,111826
2012-09-12 22:00:00,25.01,25.02,24.97,24.99,198197
2012-09-12 22:30:00,24.99,25.01,24.94,24.99,604019
2012-09-13 16:30:00,25.1,25.1,24.83,24.92,238421
2012-09-13 17:00:00,24.91,25.0,24.81,24.81,291207
2012-09-13 17:30:00,24.8,24.85,24.79,24.85,173203
2012-09-13 18:00:00,24.85,24.91,24.85,24.89,166386
2012-09-13 18:30:00,24.89,24.9,24.85,24.87,169037
2012-09-13 19:00:00,24.86,24.94,24.86,24.91,209843
2012-09-13 19:30:00,24.91,25.26,24.88,25.24,508335
2012-09-13 20:00:00,25.24,25.44,25.24,25.44,272725
2012-09-13 20:30:00,25.43,25.5,25.43,25.43,256497
2012-09-13 21:00:00,25.42,25.74,25.42,25.68,277712
2012-09-13 21:30:00,25.68,25.69,25.55,25.59,312724
2012-09-13 22:00:00,25.58,25.62,25.49,25.53,434448
2012-09-13 22:30:00,25.53,25.69,25.53,25.64,679402
2012-09-14 16:30:00,25.91,26.0,25.76,25.96,267648
2012-09-14 17:00:00,25.96,26.05,25.91,25.97,456735
2012-09-14 17:30:00,25.98,26.06,25.94,26.06,415194
2012-09-14 18:00:00,26.06,26.25,26.04,26.2,461279
2012-09-14 18:30:00,26.2,26.23,26.11,26.13,573174
2012-09-14 19:00:00,26.13,26.24,26.12,26.24,219293
2012-09-14 19:30:00,26.24,26.25,26.11,26.11,131980
2012-09-14 20:00:00,26.12,26.15,26.04,26.04,143062
2012-09-14 20:30:00,26.05,26.14,26.04,26.07,295135
2012-09-14 21:00:00,26.07,26.08,25.98,26.07,280472
2012-09-14 21:30:00,26.06,26.06,25.94,25.99,246107
2012-09-14 22:00:00,25.99,26.01,25.85,25.88,500252
2012-09-14 22:30:00,25.89,25.9,25.77,25.84,1330710
2012-09-17 16:30:00,25.86,26.0,25.76,25.87,204919
2012-09-17 17:00:00,25.87,25.88,25.79,25.88,169694
2012-09-17 17:30:00,25.88,25.91,25.73,25.78,93849
2012-09-17 18:00:00,25.78,25.87,25.75,25.86,188353
2012-09-17 18:30:00,25.86,25.88,25.75,25.77,132631
2012-09-17 19:00:00,25.77,25.81,25.72,25.81,147612
2012-09-17 19:30:00,25.81,25.87,25.79,25.83,71911
2012-09-17 20:00:00,25.83,25.91,25.83,25.87,128363
2012-09-17 20:30:00,25.87,25.88,25.8,25.82,156948
2012-09-17 21:00:00,25.82,25.83,25.7,25.71,251466
2012-09-17 21:30:00,25.71,25.77,25.65,25.77,249203
2012-09-17 22:00:00,25.77,25.85,25.76,25.82,541418
2012-09-17 22:30:00,25.83,25.86,25.8,25.84,460797
2012-09-18 16:30:00,25.8,25.84,25.54,25.61,116953
2012-09-18 17:00:00,25.62,25.67,25.56,25.65,124757
2012-09-18 17:30:00,25.65,25.75,25.59,25.73,268841
2012-09-18 18:00:00,25.73,25.82,25.69,25.78,147101
2012-09-18 18:30:00,25.78,25.8,25.73,25.73,259439
2012-09-18 19:00:00,25.74,25.76,25.69,25.71,144125
2012-09-18 19:30:00,25.7,25.78,25.69,25.75,90339
2012-09-18 20:00:00,25.75,25.76,25.66,25.68,145342
2012-09-18 20:30:00,25.68,25.7,25.64,25.65,77134
2012-09-18 21:00:00,25.65,25.72,25.64,25.67,121481
2012-09-18 21:30:00,25.68,25.71,25.66,25.69,150033
2012-09-18 22:00:00,25.68,25.76,25.66,25.7,227250
2012-09-18 22:30:00,25.7,25.75,25.67,25.72,353177
2012-09-19 16:30:00,25.71,25.78,25.59,25.65,152857
2012-09-19 17:00:00,25.66,25.8,25.65,25.66,153351
2012-09-19 17:30:00,25.65,25.7,25.61,25.64,226537
2012-09-19 18:00:00,25.64,25.79,25.63,25.76,197704
2012-09-19 18:30:00,25.75,25.76,25.69,25.69,83792
2012-09-19 19:00:00,25.69,25.76,25.67,25.75,125141
2012-09-19 19:30:00,25.74,25.8,25.74,25.78,66106
2012-09-19 20:00:00,25.77,25.78,25.68,25.68,62489
2012-09-19 20:30:00,25.68,25.7,25.64,25.67,107047
2012-09-19 21:00:00,25.67,25.68,25.64,25.65,73265
2012-09-19 21:30:00,25.64,25.67,25.62,25.67,128079
2012-09-19 22:00:00,25.67,25.68,25.62,25.66,150724
2012-09-19 22:30:00,25.65,25.68,25.58,25.59,398379
2012-09-20 16:30:00,25.36,25.36,25.13,25.19,291048
2012-09-20 17:00:00,25.21,25.3,25.2,25.25,133541
2012-09-20 17:30:00,25.25,25.37,25.24,25.35,134624
2012-09-20 18:00:00,25.36,25.39,25.19,25.25,670563
2012-09-20 18:30:00,25.26,25.38,25.25,25.35,93634
2012-09-20 19:00:00,25.35,25.39,25.3,25.32,68726
2012-09-20 19:30:00,25.31,25.37,25.31,25.36,56763
2012-09-20 20:00:00,25.35,25.39,25.32,25.39,54140
2012-09-20 20:30:00,25.38,25.43,25.37,25.41,133895
2012-09-20 21:00:00,25.41,25.45,25.37,25.43,81759
2012-09-20 21:30:00,25.43,25.46,25.41,25.45,84986
2012-09-20 22:00:00,25.46,25.52,25.45,25.47,119909
2012-09-20 22:30:00,25.47,25.49,25.43,25.47,307016
2012-09-21 16:30:00,25.63,25.75,25.55,25.72,668401
2012-09-21 17:00:00,25.71,25.72,25.61,25.66,74953
2012-09-21 17:30:00,25.66,25.69,25.57,25.57,82713
2012-09-21 18:00:00,25.57,25.61,25.54,25.61,61821
2012-09-21 18:30:00,25.61,25.64,25.57,25.59,83382
2012-09-21 19:00:00,25.6,25.61,25.52,25.54,41367
2012-09-21 19:30:00,25.55,25.59,25.52,25.53,61588
2012-09-21 20:00:00,25.54,25.56,25.51,25.52,81947
2012-09-21 20:30:00,25.52,25.6,25.51,25.6,121435
2012-09-21 21:00:00,25.59,25.6,25.47,25.5,89025
2012-09-21 21:30:00,25.49,25.53,25.46,25.49,60084
2012-09-21 22:00:00,25.49,25.51,25.45,25.47,122714
2012-09-21 22:30:00,25.47,25.49,25.39,25.39,435966
2012-09-24 16:30:00,25.22,25.35,25.18,25.34,116141
2012-09-24 17:00:00,25.35,25.36,25.21,25.32,139304
2012-09-24 17:30:00,25.33,25.41,25.31,25.39,48078
2012-09-24 18:00:00,25.39,25.42,25.32,25.42,103579
2012-09-24 18:30:00,25.41,25.44,25.39,25.41,97234
2012-09-24 19:00:00,25.41,25.42,25.38,25.4,69005
2012-09-24 19:30:00,25.4,25.41,25.34,25.36,103436
2012-09-24 20:00:00,25.37,25.38,25.32,25.32,79964
2012-09-24 20:30:00,25.32,25.36,25.3,25.35,48294
2012-09-24 21:00:00,25.35,25.44,25.34,25.44,61117
2012-09-24 21:30:00,25.44,25.53,25.39,25.47,163022
2012-09-24 22:00:00,25.48,25.49,25.37,25.44,186208
2012-09-24 22:30:00,25.42,25.47,25.34,25.36,368389
2012-09-25 16:30:00,25.45,25.5,25.32,25.39,283117
2012-09-25 17:00:00,25.39,25.48,25.3,25.33,212478
2012-09-25 17:30:00,25.34,25.47,25.33,25.46,106832
2012-09-25 18:00:00,25.47,25.5,25.37,25.37,125722
2012-09-25 18:30:00,25.37,25.41,25.33,25.34,126639
2012-09-25 19:00:00,25.35,25.35,25.3,25.33,59004
2012-09-25 19:30:00,25.32,25.34,25.16,25.26,146550
2012-09-25 20:00:00,25.26,25.27,25.18,25.2,142407
2012-09-25 20:30:00,25.2,25.27,25.16,25.18,97500
2012-09-25 21:00:00,25.18,25.19,25.08,25.11,153450
2012-09-25 21:30:00,25.09,25.15,25.01,25.01,117739
2012-09-25 22:00:00,25.0,25.04,24.9,24.97,248929
2012-09-25 22:30:00,24.97,25.02,24.86,24.86,471622
2012-09-26 16:30:00,24.86,24.87,24.58,24.73,240031
2012-09-26 17:00:00,24.73,24.77,24.62,24.62,138776
2012-09-26 17:30:00,24.62,24.68,24.52,24.57,154745
2012-09-26 18:00:00,24.57,24.7,24.57,24.66,121253
2012-09-26 18:30:00,24.65,24.66,24.57,24.57,136412
2012-09-26 19:00:00,24.58,24.68,24.56,24.66,298537
2012-09-26 19:30:00,24.66,24.71,24.64,24.67,189304
2012-09-26 20:00:00,24.68,24.71,24.63,24.71,415931
2012-09-26 20:30:00,24.7,24.75,24.62,24.62,109525
2012-09-26 21:00:00,24.63,24.71,24.62,24.64,90294
2012-09-26 21:30:00,24.64,24.68,24.57,24.62,99722
2012-09-26 22:00:00,24.62,24.66,24.57,24.61,166894
2012-09-26 22:30:00,24.61,24.67,24.58,24.61,604253
2012-09-27 16:30:00,24.84,24.94,24.68,24.72,154419
2012-09-27 17:00:00,24.72,24.76,24.62,24.67,189383
2012-09-27 17:30:00,24.67,24.88,24.65,24.87,151994
2012-09-27 18:00:00,24.87,24.9,24.78,24.83,103925
2012-09-27 18:30:00,24.83,24.97,24.8,24.96,222361
2012-09-27 19:00:00,24.96,25.06,24.94,25.04,137724
2012-09-27 19:30:00,25.05,25.08,25.01,25.07,118692
2012-09-27 20:00:00,25.06,25.11,25.04,25.07,117589
2012-09-27 20:30:00,25.07,25.17,25.06,25.14,81403
2012-09-27 21:00:00,25.13,25.16,25.11,25.15,66608
2012-09-27 21:30:00,25.15,25.21,25.12,25.14,92646
2012-09-27 22:00:00,25.14,25.15,25.07,25.09,183878
2012-09-27 22:30:00,25.1,25.16,25.07,25.12,697363
2012-09-28 16:30:00,24.96,25.08,24.8,24.89,221225
2012-09-28 17:00:00,24.9,24.97,24.84,24.87,108927
2012-09-28 17:30:00,24.87,24.98,24.86,24.92,102748
2012-09-28 18:00:00,24.92,24.93,24.84,24.84,65252
2012-09-28 18:30:00,24.85,24.91,24.85,24.9,86533
2012-09-28 19:00:00,24.91,25.0,24.89,24.92,92371
2012-09-28 19:30:00,24.93,25.0,24.93,25.0,37480
2012-09-28 20:00:00,25.0,25.02,24.92,25.0,110959
2012-09-28 20:30:00,24.98,25.08,24.95,25.06,107332
2012-09-28 21:00:00,25.06,25.09,24.93,24.95,104202
2012-09-28 21:30:00,24.94,24.96,24.88,24.92,149485
2012-09-28 22:00:00,24.91,25.02,24.91,24.94,155701
2012-09-28 22:30:00,24.95,25.07,24.9,25.01,582048
2012-10-01 16:30:00,25.21,25.44,25.18,25.18,416509
2012-10-01 17:00:00,25.2,25.56,25.19,25.36,437847
2012-10-01 17:30:00,25.36,25.38,25.26,25.27,152405
2012-10-01 18:00:00,25.27,25.4,25.27,25.35,185117
2012-10-01 18:30:00,25.35,25.36,25.28,25.29,170294
2012-10-01 19:00:00,25.28,25.35,25.27,25.35,113121
2012-10-01 19:30:00,25.34,25.36,25.21,25.25,124486
2012-10-01 20:00:00,25.24,25.25,25.15,25.2,172145
2012-10-01 20:30:00,25.21,25.23,25.14,25.22,204220
2012-10-01 21:00:00,25.21,25.29,25.19,25.24,208829
2012-10-01 21:30:00,25.24,25.26,25.16,25.18,264158
2012-10-01 22:00:00,25.18,25.19,24.98,25.07,296668
2012-10-01 22:30:00,25.07,25.15,25.01,25.11,693038
2012-10-02 16:30:00,25.28,25.32,25.16,25.2,182300
2012-10-02 17:00:00,25.2,25.2,25.06,25.16,128237
2012-10-02 17:30:00,25.16,25.2,25.0,25.01,177230
2012-10-02 18:00:00,25.01,25.07,24.98,25.01,130081
2012-10-02 18:30:00,25.03,25.09,24.91,24.96,217720
2012-10-02 19:00:00,24.96,25.06,24.95,25.03,106059
2012-10-02 19:30:00,25.03,25.04,24.99,25.01,101939
2012-10-02 20:00:00,25.01,25.03,24.98,24.99,59549
2012-10-02 20:30:00,25.0,25.07,24.96,25.0,91231
2012-10-02 21:00:00,25.0,25.03,24.92,24.95,88797
2012-10-02 21:30:00,24.95,24.98,24.92,24.94,105570
2012-10-02 22:00:00,24.94,25.01,24.91,25.01,245662
2012-10-02 22:30:00,25.0,25.07,24.99,25.06,740763
2012-10-03 16:30:00,25.11,25.18,24.74,24.79,284020
2012-10-03 17:00:00,24.79,24.97,24.72,24.93,272530
2012-10-03 17:30:00,24.93,24.94,24.82,24.87,254524
2012-10-03 18:00:00,24.87,25.08,24.86,25.06,142642
2012-10-03 18:30:00,25.05,25.13,25.03,25.09,88032
2012-10-03 19:00:00,25.09,25.23,25.09,25.23,179069
2012-10-03 19:30:00,25.22,25.26,25.17,25.19,109653
2012-10-03 20:00:00,25.19,25.35,25.18,25.34,268392
2012-10-03 20:30:00,25.33,25.39,25.32,25.34,597473
2012-10-03 21:00:00,25.34,25.42,25.32,25.34,225883
2012-10-03 21:30:00,25.34,25.39,25.3,25.31,122711
2012-10-03 22:00:00,25.32,25.33,25.23,25.3,321856
2012-10-03 22:30:00,25.29,25.42,25.28,25.36,726565
2012-10-04 16:30:00,25.57,25.68,25.46,25.63,184349
2012-10-04 17:00:00,25.64,25.85,25.59,25.82,235090
2012-10-04 17:30:00,25.83,25.84,25.67,25.72,143818
2012-10-04 18:00:00,25.72,25.75,25.6,25.61,153483
2012-10-04 18:30:00,25.6,25.66,25.57,25.64,85014
2012-10-04 19:00:00,25.63,25.7,25.62,25.66,126658
2012-10-04 19:30:00,25.67,25.71,25.63,25.66,158495
2012-10-04 20:00:00,25.66,25.7,25.65,25.69,115837
2012-10-04 20:30:00,25.68,25.7,25.6,25.67,196761
2012-10-04 21:00:00,25.66,25.67,25.56,25.57,136088
2012-10-04 21:30:00,25.58,25.61,25.53,25.58,185576
2012-10-04 22:00:00,25.58,25.63,25.56,25.59,266338
2012-10-04 22:30:00,25.6,25.68,25.59,25.67,569773
2012-10-05 16:30:00,25.94,26.09,25.81,26.04,339956
2012-10-05 17:00:00,26.03,26.03,25.88,25.89,289044
2012-10-05 17:30:00,25.88,25.9,25.74,25.77,268901
2012-10-05 18:00:00,25.77,25.8,25.68,25.68,116187
2012-10-05 18:30:00,25.69,25.74,25.65,25.7,219092
2012-10-05 19:00:00,25.7,25.76,25.68,25.76,135164
2012-10-05 19:30:00,25.75,25.79,25.7,25.73,75431
2012-10-05 20:00:00,25.73,25.75,25.63,25.64,92133
2012-10-05 20:30:00,25.63,25.66,25.59,25.64,98482
2012-10-05 21:00:00,25.63,25.68,25.58,25.64,96791
2012-10-05 21:30:00,25.64,25.65,25.5,25.5,183446
2012-10-05 22:00:00,25.5,25.54,25.44,25.5,218676
2012-10-05 22:30:00,25.5,25.52,25.4,25.51,518673
2012-10-08 16:30:00,25.32,25.59,25.25,25.5,276156
2012-10-08 17:00:00,25.5,25.58,25.46,25.47,275741
2012-10-08 17:30:00,25.48,25.63,25.45,25.52,131444
2012-10-08 18:00:00,25.51,25.55,25.47,25.52,103653
2012-10-08 18:30:00,25.52,25.52,25.44,25.5,96313
2012-10-08 19:00:00,25.5,25.53,25.49,25.53,73688
2012-10-08 19:30:00,25.53,25.54,25.49,25.53,57505
2012-10-08 20:00:00,25.53,25.54,25.48,25.52,65412
2012-10-08 20:30:00,25.53,25.57,25.5,25.52,64772
2012-10-08 21:00:00,25.51,25.54,25.49,25.51,79988
2012-10-08 21:30:00,25.52,25.54,25.48,25.51,153075
2012-10-08 22:00:00,25.52,25.57,25.51,25.52,93701
2012-10-08 22:30:00,25.52,25.56,25.46,25.49,295220
2012-10-09 16:30:00,25.5,25.62,25.32,25.42,161129
2012-10-09 17:00:00,25.41,25.49,25.4,25.45,231973
2012-10-09 17:30:00,25.45,25.48,25.27,25.31,162724
2012-10-09 18:00:00,25.32,25.33,25.24,25.31,125975
2012-10-09 18:30:00,25.3,25.36,25.27,25.34,342421
2012-10-09 19:00:00,25.34,25.44,25.34,25.39,172674
2012-10-09 19:30:00,25.4,25.41,25.32,25.36,149788
2012-10-09 20:00:00,25.35,25.45,25.35,25.43,145968
2012-10-09 20:30:00,25.43,25.47,25.39,25.39,167688
2012-10-09 21:00:00,25.39,25.43,25.37,25.39,147955
2012-10-09 21:30:00,25.39,25.42,25.34,25.38,143860
2012-10-09 22:00:00,25.4,25.4,25.23,25.23,255138
2012-10-09 22:30:00,25.24,25.29,25.18,25.19,605204
2012-10-10 16:30:00,25.02,25.18,24.89,24.92,522688
2012-10-10 17:00:00,24.93,25.03,24.85,25.01,372678
2012-10-10 17:30:00,25.0,25.1,24.99,25.06,226114
2012-10-10 18:00:00,25.07,25.1,25.03,25.04,112813
2012-10-10 18:30:00,25.03,25.04,24.94,24.97,128796
2012-10-10 19:00:00,24.97,25.01,24.92,24.96,99239
2012-10-10 19:30:00,24.96,24.96,24.81,24.82,171555
2012-10-10 20:00:00,24.82,24.95,24.8,24.94,248005
2012-10-10 20:30:00,24.93,25.0,24.91,24.94,138283
2012-10-10 21:00:00,24.95,25.04,24.93,24.99,134398
2012-10-10 21:30:00,24.99,25.01,24.92,24.96,149782
2012-10-10 22:00:00,24.96,25.03,24.95,25.0,296724
2012-10-10 22:30:00,24.99,25.0,24.93,24.98,460351
2012-10-11 16:30:00,25.31,25.43,25.14,25.14,307319
2012-10-11 17:00:00,25.15,25.26,25.15,25.24,159152
2012-10-11 17:30:00,25.25,25.26,25.19,25.2,123537
2012-10-11 18:00:00,25.21,25.24,25.08,25.09,84275
2012-10-11 18:30:00,25.08,25.09,24.97,25.0,150577
2012-10-11 19:00:00,25.0,25.06,24.98,25.0,142398
2012-10-11 19:30:00,25.0,25.08,24.99,25.05,87102
2012-10-11 20:00:00,25.04,25.07,24.98,24.99,88696
2012-10-11 20:30:00,24.99,24.99,24.93,24.98,80060
2012-10-11 21:00:00,24.97,25.01,24.95,25.01,126868
2012-10-11 21:30:00,25.0,25.0,24.92,24.94,111248
2012-10-11 22:00:00,24.95,25.01,24.94,25.0,187735
2012-10-11 22:30:00,25.0,25.01,24.97,25.0,455938
2012-10-12 16:30:00,24.97,25.0,24.75,24.9,219012
2012-10-12 17:00:00,24.9,24.92,24.69,24.72,247252
2012-10-12 17:30:00,24.73,24.75,24.61,24.62,212328
2012-10-12 18:00:00,24.63,24.63,24.48,24.48,205763
2012-10-12 18:30:00,24.47,24.47,24.34,24.39,259898
2012-10-12 19:00:00,24.4,24.49,24.38,24.43,123175
2012-10-12 19:30:00,24.43,24.5,24.42,24.49,119133
2012-10-12 20:00:00,24.5,24.5,24.42,24.48,171844
2012-10-12 20:30:00,24.47,24.55,24.44,24.54,110924
2012-10-12 21:00:00,24.54,24.6,24.5,24.59,98173
2012-10-12 21:30:00,24.6,24.66,24.56,24.65,107925
2012-10-12 22:00:00,24.65,24.71,24.61,24.7,285749
2012-10-12 22:30:00,24.7,24.76,24.66,24.72,763668
2012-10-15 16:30:00,24.86,24.86,24.6,24.73,123252
2012-10-15 17:00:00,24.71,24.71,24.53,24.53,159085
2012-10-15 17:30:00,24.52,24.59,24.51,24.58,113727
2012-10-15 18:00:00,24.58,24.65,24.54,24.62,131911
2012-10-15 18:30:00,24.61,24.75,24.61,24.7,166553
2012-10-15 19:00:00,24.7,24.75,24.67,24.75,293802
2012-10-15 19:30:00,24.75,24.79,24.71,24.71,176018
2012-10-15 20:00:00,24.71,24.76,24.68,24.72,96208
2012-10-15 20:30:00,24.72,24.74,24.68,24.7,130282
2012-10-15 21:00:00,24.7,24.71,24.66,24.66,105505
2012-10-15 21:30:00,24.66,24.67,24.61,24.66,100977
2012-10-15 22:00:00,24.66,24.71,24.65,24.67,261244
2012-10-15 22:30:00,24.67,24.79,24.65,24.75,599139
2012-10-16 16:30:00,24.92,25.11,24.86,25.1,390642
2012-10-16 17:00:00,25.1,25.17,25.08,25.11,279211
2012-10-16 17:30:00,25.11,25.14,25.03,25.08,201717
2012-10-16 18:00:00,25.08,25.21,25.06,25.12,240039
2012-10-16 18:30:00,25.13,25.17,25.07,25.1,156769
2012-10-16 19:00:00,25.11,25.15,25.09,25.1,168635
2012-10-16 19:30:00,25.11,25.13,25.09,25.09,103976
2012-10-16 20:00:00,25.1,25.11,25.06,25.07,181410
2012-10-16 20:30:00,25.08,25.11,25.07,25.09,235426
2012-10-16 21:00:00,25.09,25.11,25.02,25.02,175097
2012-10-16 21:30:00,25.02,25.04,24.97,24.99,309442
2012-10-16 22:00:00,24.98,25.02,24.93,25.0,348796
2012-10-16 22:30:00,25.0,25.03,24.98,24.99,908141
2012-10-17 16:30:00,25.15,25.18,25.03,25.1,357647
2012-10-17 17:00:00,25.1,25.23,25.09,25.15,338231
2012-10-17 17:30:00,25.15,25.16,25.13,25.13,284383
2012-10-17 18:00:00,25.14,25.16,25.1,25.13,270407
2012-10-17 18:30:00,25.13,25.16,25.13,25.15,345274
2012-10-17 19:00:00,25.15,25.32,25.14,25.3,363091
2012-10-17 19:30:00,25.3,25.31,25.22,25.22,154705
2012-10-17 20:00:00,25.22,25.24,25.19,25.23,96456
2012-10-17 20:30:00,25.21,25.24,25.14,25.2,194711
2012-10-17 21:00:00,25.2,25.25,25.18,25.25,360859
2012-10-17 21:30:00,25.26,25.3,25.25,25.29,342423
2012-10-17 22:00:00,25.3,25.34,25.28,25.34,425563
2012-10-17 22:30:00,25.34,25.39,25.28,25.3,872056
2012-10-18 16:30:00,25.23,25.38,25.14,25.22,148158
2012-10-18 17:00:00,25.21,25.29,25.13,25.23,228024
2012-10-18 17:30:00,25.23,25.25,25.16,25.18,259517
2012-10-18 18:00:00,25.19,25.22,25.18,25.21,481129
2012-10-18 18:30:00,25.21,25.3,25.18,25.28,309350
2012-10-18 19:00:00,25.29,25.35,25.26,25.26,139696
2012-10-18 19:30:00,25.26,25.27,25.18,25.2,269278
2012-10-18 20:00:00,25.21,25.22,25.13,25.19,220784
2012-10-18 20:30:00,25.18,25.2,25.09,25.11,166936
2012-10-18 21:00:00,25.1,25.17,25.09,25.1,117870
2012-10-18 21:30:00,25.1,25.11,24.97,25.07,271823
2012-10-18 22:00:00,25.08,25.14,25.05,25.12,322318
2012-10-18 22:30:00,25.12,25.21,25.12,25.19,668913
2012-10-19 16:30:00,25.09,25.11,24.97,24.99,532427
2012-10-19 17:00:00,24.98,25.01,24.88,24.9,165754
2012-10-19 17:30:00,24.91,24.91,24.84,24.89,133783
2012-10-19 18:00:00,24.89,24.9,24.79,24.83,145922
2012-10-19 18:30:00,24.83,24.88,24.71,24.75,222320
2012-10-19 19:00:00,24.75,24.76,24.61,24.65,219624
2012-10-19 19:30:00,24.65,24.71,24.64,24.68,74127
2012-10-19 20:00:00,24.68,24.78,24.67,24.72,132114
2012-10-19 20:30:00,24.72,24.72,24.53,24.53,210780
2012-10-19 21:00:00,24.54,24.64,24.44,24.48,163813
2012-10-19 21:30:00,24.48,24.57,24.46,24.56,236084
2012-10-19 22:00:00,24.56,24.66,24.51,24.6,185504
2012-10-19 22:30:00,24.6,24.7,24.58,24.63,479246
2012-10-22 16:30:00,24.59,24.66,24.45,24.52,150794
2012-10-22 17:00:00,24.53,24.66,24.53,24.62,156147
2012-10-22 17:30:00,24.63,24.63,24.54,24.58,119460
2012-10-22 18:00:00,24.58,24.61,24.51,24.59,86651
2012-10-22 18:30:00,24.58,24.68,24.55,24.64,93116
2012-10-22 19:00:00,24.64,24.67,24.58,24.61,104194
2012-10-22 19:30:00,24.62,24.65,24.58,24.6,117776
2012-10-22 20:00:00,24.6,24.63,24.51,24.51,162666
2012-10-22 20:30:00,24.5,24.56,24.48,24.51,201648
2012-10-22 21:00:00,24.5,24.53,24.47,24.5,269772
2012-10-22 21:30:00,24.5,24.52,24.46,24.48,147912
2012-10-22 22:00:00,24.49,24.55,24.43,24.53,252423
2012-10-22 22:30:00,24.53,24.62,24.16,24.51,1238868
2012-10-23 16:30:00,24.08,24.11,23.92,24.01,327913
2012-10-23 17:00:00,24.0,24.07,23.9,23.96,286967
2012-10-23 17:30:00,23.96,23.97,23.87,23.97,177121
2012-10-23 18:00:00,23.97,24.02,23.95,23.98,246740
2012-10-23 18:30:00,23.98,24.01,23.93,24.0,220348
2012-10-23 19:00:00,24.0,24.02,23.97,23.99,215470
2012-10-23 19:30:00,24.0,24.02,23.97,24.0,189810
2012-10-23 20:00:00,24.0,24.01,23.95,24.0,240129
2012-10-23 20:30:00,24.0,24.01,23.97,24.0,213938
2012-10-23 21:00:00,24.0,24.02,23.92,24.0,269244
2012-10-23 21:30:00,24.0,24.13,23.98,24.11,278395
2012-10-23 22:00:00,24.11,24.16,24.05,24.05,287022
2012-10-23 22:30:00,24.05,24.11,24.02,24.07,728015
2012-10-24 16:30:00,24.21,24.29,24.17,24.22,225553
2012-10-24 17:00:00,24.22,24.24,24.15,24.17,367904
2012-10-24 17:30:00,24.16,24.35,24.12,24.34,291708
2012-10-24 18:00:00,24.35,24.36,24.28,24.3,220887
2012-10-24 18:30:00,24.31,24.32,24.25,24.3,153833
2012-10-24 19:00:00,24.29,24.34,24.28,24.34,168073
2012-10-24 19:30:00,24.33,24.38,24.32,24.36,94003
2012-10-24 20:00:00,24.35,24.37,24.28,24.29,68638
2012-10-24 20:30:00,24.29,24.31,24.27,24.3,71334
2012-10-24 21:00:00,24.3,24.31,24.18,24.27,370209
2012-10-24 21:30:00,24.27,24.28,24.17,24.2,242987
2012-10-24 22:00:00,24.2,24.22,24.08,24.12,227381
2012-10-24 22:30:00,24.13,24.15,24.04,24.09,429705
2012-10-25 16:30:00,24.39,24.43,24.14,24.29,188817
2012-10-25 17:00:00,24.27,24.34,24.2,24.26,164719
2012-10-25 17:30:00,24.26,24.29,24.12,24.25,189854
2012-10-25 18:00:00,24.24,24.29,24.15,24.19,129470
2012-10-25 18:30:00,24.2,24.22,24.02,24.14,277792
2012-10-25 19:00:00,24.13,24.14,24.06,24.06,129090
2012-10-25 19:30:00,24.07,24.21,24.03,24.2,101985
2012-10-25 20:00:00,24.2,24.25,24.18,24.23,61902
2012-10-25 20:30:00,24.24,24.26,24.19,24.24,80095
2012-10-25 21:00:00,24.24,24.24,24.15,24.18,65074
2012-10-25 21:30:00,24.19,24.25,24.18,24.19,47182
2012-10-25 22:00:00,24.18,24.2,24.11,24.13,144636
2012-10-25 22:30:00,24.14,24.21,24.12,24.21,239134
2012-10-26 16:30:00,24.15,24.32,24.12,24.12,122008
2012-10-26 17:00:00,24.11,24.22,24.05,24.1,497434
2012-10-26 17:30:00,24.08,24.17,24.01,24.04,112815
2012-10-26 18:00:00,24.05,24.06,23.97,24.05,87733
2012-10-26 18:30:00,24.05,24.13,24.01,24.03,115563
2012-10-26 19:00:00,24.03,24.03,23.94,24.03,144206
2012-10-26 19:30:00,24.04,24.06,23.95,24.06,90940
2012-10-26 20:00:00,24.05,24.07,24.01,24.07,75015
2012-10-26 20:30:00,24.07,24.17,24.06,24.14,108081
2012-10-26 21:00:00,24.14,24.15,24.11,24.14,75323
2012-10-26 21:30:00,24.14,24.21,24.12,24.16,101704
2012-10-26 22:00:00,24.16,24.31,24.16,24.31,311478
2012-10-26 22:30:00,24.3,24.33,24.21,24.24,870812
2012-10-31 16:30:00,24.39,24.4,24.09,24.32,242105
2012-10-31 17:00:00,24.34,24.37,24.21,24.23,376894
2012-10-31 17:30:00,24.23,24.25,24.07,24.09,361632
2012-10-31 18:00:00,24.09,24.09,23.94,24.05,435574
2012-10-31 18:30:00,24.06,24.19,24.03,24.08,260188
2012-10-31 19:00:00,24.07,24.1,23.99,24.01,175960
2012-10-31 19:30:00,24.01,24.06,23.98,24.05,143412
2012-10-31 20:00:00,24.06,24.19,24.04,24.18,136123
2012-10-31 20:30:00,24.18,24.26,24.15,24.24,218381
2012-10-31 21:00:00,24.24,24.32,24.23,24.31,186014
2012-10-31 21:30:00,24.3,24.33,24.21,24.21,204033
2012-10-31 22:00:00,24.21,24.38,24.2,24.37,292715
2012-10-31 22:30:00,24.37,24.39,24.29,24.3,690781
2012-11-01 16:30:00,24.31,24.31,23.83,24.28,551968
2012-11-01 17:00:00,24.27,24.72,24.26,24.61,486622
2012-11-01 17:30:00,24.6,24.71,24.56,24.67,388410
2012-11-01 18:00:00,24.68,24.74,24.62,24.7,292996
2012-11-01 18:30:00,24.7,24.76,24.67,24.74,355277
2012-11-01 19:00:00,24.72,24.77,24.7,24.75,365785
2012-11-01 19:30:00,24.74,24.78,24.71,24.76,796827
2012-11-01 20:00:00,24.77,24.78,24.73,24.77,276274
2012-11-01 20:30:00,24.76,24.79,24.72,24.76,489645
2012-11-01 21:00:00,24.76,24.81,24.71,24.79,251416
2012-11-01 21:30:00,24.8,24.81,24.75,24.8,239367
2012-11-01 22:00:00,24.8,24.81,24.69,24.7,281095
2012-11-01 22:30:00,24.71,24.8,24.68,24.77,704371
2012-11-02 16:30:00,24.72,24.82,24.61,24.66,261619
2012-11-02 17:00:00,24.66,24.7,24.54,24.55,265537
2012-11-02 17:30:00,24.54,24.64,24.54,24.57,265351
2012-11-02 18:00:00,24.57,24.68,24.53,24.66,340230
2012-11-02 18:30:00,24.66,24.68,24.61,24.68,209244
2012-11-02 19:00:00,24.68,24.74,24.67,24.74,125752
2012-11-02 19:30:00,24.74,24.74,24.66,24.68,191798
2012-11-02 20:00:00,24.68,24.69,24.63,24.66,116803
2012-11-02 20:30:00,24.66,24.78,24.65,24.66,182878
2012-11-02 21:00:00,24.66,24.69,24.61,24.67,153145
2012-11-02 21:30:00,24.66,24.68,24.6,24.6,327717
2012-11-02 22:00:00,24.61,24.63,24.52,24.53,217387
2012-11-02 22:30:00,24.52,24.53,24.38,24.41,642641
2012-11-05 16:30:00,24.39,24.41,24.18,24.3,272642
2012-11-05 17:00:00,24.29,24.29,24.12,24.15,175631
2012-11-05 17:30:00,24.15,24.35,24.13,24.33,138912
2012-11-05 18:00:00,24.33,24.36,24.32,24.35,75095
2012-11-05 18:30:00,24.36,24.37,24.32,24.33,87003
2012-11-05 19:00:00,24.34,24.35,24.28,24.32,163090
2012-11-05 19:30:00,24.33,24.35,24.25,24.26,61036
2012-11-05 20:00:00,24.26,24.32,24.25,24.31,56939
2012-11-05 20:30:00,24.31,24.35,24.31,24.34,58845
2012-11-05 21:00:00,24.34,24.44,24.34,24.41,66890
2012-11-05 21:30:00,24.42,24.45,24.4,24.44,71622
2012-11-05 22:00:00,24.43,24.46,24.4,24.42,115275
2012-11-05 22:30:00,24.42,24.56,24.42,24.49,394275
2012-11-06 16:30:00,24.5,24.64,24.5,24.6,199625
2012-11-06 17:00:00,24.6,24.65,24.53,24.55,205083
2012-11-06 17:30:00,24.55,24.59,24.53,24.57,158794
2012-11-06 18:00:00,24.56,24.62,24.55,24.59,96881
2012-11-06 18:30:00,24.59,24.74,24.58,24.74,171233
2012-11-06 19:00:00,24.74,24.79,24.71,24.72,155932
2012-11-06 19:30:00,24.73,24.73,24.65,24.7,103173
2012-11-06 20:00:00,24.69,24.72,24.66,24.7,97289
2012-11-06 20:30:00,24.7,24.71,24.65,24.66,79447
2012-11-06 21:00:00,24.67,24.68,24.62,24.64,98583
2012-11-06 21:30:00,24.64,24.67,24.61,24.64,126277
2012-11-06 22:00:00,24.63,24.65,24.6,24.63,177269
2012-11-06 22:30:00,24.62,24.72,24.61,24.7,704754
2012-11-07 16:30:00,24.21,24.28,24.06,24.21,428469
2012-11-07 17:00:00,24.2,24.25,24.1,24.16,308231
2012-11-07 17:30:00,24.16,24.25,24.01,24.02,220190
2012-11-07 18:00:00,24.03,24.11,23.84,23.86,263764
2012-11-07 18:30:00,23.86,23.89,23.78,23.82,451907
2012-11-07 19:00:00,23.82,23.86,23.79,23.83,253373
2012-11-07 19:30:00,23.83,23.89,23.82,23.84,204407
2012-11-07 20:00:00,23.84,23.96,23.83,23.89,190102
2012-11-07 20:30:00,23.89,23.99,23.89,23.95,178131
2012-11-07 21:00:00,23.96,24.03,23.94,23.97,113195
2012-11-07 21:30:00,23.97,23.98,23.89,23.94,109308
2012-11-07 22:00:00,23.95,24.02,23.89,24.01,315050
2012-11-07 22:30:00,24.02,24.03,23.89,23.89,983990
2012-11-08 16:30:00,23.94,24.18,23.82,24.07,155555
2012-11-08 17:00:00,24.07,24.09,23.85,23.93,148461
2012-11-08 17:30:00,23.92,23.97,23.83,23.87,141149
2012-11-08 18:00:00,23.88,23.95,23.83,23.91,100236
2012-11-08 18:30:00,23.91,23.97,23.83,23.95,124276
2012-11-08 19:00:00,23.95,23.96,23.85,23.95,163191
2012-11-08 19:30:00,23.94,23.95,23.85,23.91,150675
2012-11-08 20:00:00,23.91,23.91,23.79,23.81,181520
2012-11-08 20:30:00,23.82,23.96,23.79,23.95,122024
2012-11-08 21:00:00,23.95,23.96,23.87,23.91,95931
2012-11-08 21:30:00,23.9,23.92,23.82,23.89,183089
2012-11-08 22:00:00,23.88,23.95,23.86,23.87,223371
2012-11-08 22:30:00,23.87,23.88,23.75,23.76,585119
2012-11-09 16:30:00,23.63,23.79,23.38,23.74,192936
2012-11-09 17:00:00,23.74,23.98,23.73,23.94,219231
2012-11-09 17:30:00,23.94,24.03,23.87,23.95,221633
2012-11-09 18:00:00,23.94,23.99,23.9,23.94,154400
2012-11-09 18:30:00,23.94,24.02,23.91,23.97,131730
2012-11-09 19:00:00,23.98,24.11,23.98,24.09,123525
2012-11-09 19:30:00,24.09,24.1,23.96,23.97,90894
2012-11-09 20:00:00,23.98,24.02,23.87,23.87,218933
2012-11-09 20:30:00,23.88,23.99,23.85,23.95,177424
2012-11-09 21:00:00,23.94,24.01,23.9,23.98,133674
2012-11-09 21:30:00,23.98,24.06,23.93,23.93,160029
2012-11-09 22:00:00,23.94,23.98,23.9,23.96,235748
2012-11-09 22:30:00,23.96,24.03,23.89,23.91,673383
2012-11-12 16:30:00,23.99,24.08,23.94,23.97,165012
2012-11-12 17:00:00,23.97,24.01,23.89,23.95,137565
2012-11-12 17:30:00,23.94,23.99,23.93,23.94,210414
2012-11-12 18:00:00,23.94,23.97,23.92,23.96,65086
2012-11-12 18:30:00,23.96,24.01,23.94,24.0,87243
2012-11-12 19:00:00,23.99,24.03,23.97,24.0,85126
2012-11-12 19:30:00,24.01,24.02,23.98,24.01,168339
2012-11-12 20:00:00,24.01,24.09,23.99,24.08,125379
2012-11-12 20:30:00,24.08,24.13,24.07,24.12,89514
2012-11-12 21:00:00,24.11,24.12,24.07,24.09,88994
2012-11-12 21:30:00,24.09,24.12,24.06,24.11,101893
2012-11-12 22:00:00,24.11,24.14,24.05,24.08,192194
2012-11-12 22:30:00,24.08,24.16,24.07,24.09,520209
2012-11-13 16:30:00,23.82,23.92,23.68,23.85,555421
2012-11-13 17:00:00,23.86,24.04,23.84,24.02,239892
2012-11-13 17:30:00,24.03,24.21,23.98,24.21,318287
2012-11-13 18:00:00,24.2,24.28,24.19,24.27,222143
2012-11-13 18:30:00,24.26,24.28,24.14,24.18,132565
2012-11-13 19:00:00,24.18,24.19,24.05,24.05,103744
2012-11-13 19:30:00,24.06,24.08,24.0,24.06,155047
2012-11-13 20:00:00,24.05,24.13,24.04,24.07,76714
2012-11-13 20:30:00,24.06,24.11,24.04,24.11,100899
2012-11-13 21:00:00,24.11,24.13,24.07,24.11,90736
2012-11-13 21:30:00,24.11,24.11,24.05,24.06,178406
2012-11-13 22:00:00,24.06,24.09,23.96,24.0,345856
2012-11-13 22:30:00,24.0,24.03,23.94,23.94,500682
2012-11-14 16:30:00,24.05,24.13,23.9,23.93,186380
2012-11-14 17:00:00,23.92,23.97,23.81,23.81,218099
2012-11-14 17:30:00,23.8,23.82,23.59,23.65,144825
2012-11-14 18:00:00,23.65,23.7,23.62,23.68,131309
2012-11-14 18:30:00,23.69,23.69,23.62,23.64,124945
2012-11-14 19:00:00,23.65,23.66,23.57,23.61,117863
2012-11-14 19:30:00,23.61,23.62,23.54,23.56,149269
2012-11-14 20:00:00,23.56,23.62,23.52,23.57,138825
2012-11-14 20:30:00,23.58,23.66,23.55,23.65,131745
2012-11-14 21:00:00,23.66,23.69,23.52,23.58,173751
2012-11-14 21:30:00,23.58,23.58,23.5,23.52,189422
2012-11-14 22:00:00,23.51,23.52,23.33,23.37,398652
2012-11-14 22:30:00,23.37,23.39,23.22,23.31,594621
2012-11-15 16:30:00,23.29,24.12,23.13,23.19,305132
2012-11-15 17:00:00,23.19,23.35,23.12,23.2,341083
2012-11-15 17:30:00,23.2,23.27,23.14,23.16,270197
2012-11-15 18:00:00,23.16,23.19,23.08,23.15,313587
2012-11-15 18:30:00,23.15,23.2,23.07,23.16,193178
2012-11-15 19:00:00,23.16,23.19,23.11,23.14,106402
2012-11-15 19:30:00,23.14,23.24,23.12,23.21,171593
2012-11-15 20:00:00,23.22,23.34,23.17,23.33,200194
2012-11-15 20:30:00,23.33,23.42,23.3,23.35,181030
2012-11-15 21:00:00,23.34,23.35,23.18,23.21,189269
2012-11-15 21:30:00,23.21,23.22,23.15,23.19,206404
2012-11-15 22:00:00,23.19,23.2,23.1,23.13,221181
2012-11-15 22:30:00,23.12,23.28,23.1,23.21,542604
2012-11-16 16:30:00,23.62,23.65,23.29,23.34,631197
2012-11-16 17:00:00,23.34,23.35,23.2,23.23,298261
2012-11-16 17:30:00,23.24,23.25,23.07,23.07,286891
2012-11-16 18:00:00,23.06,23.11,22.94,22.96,323316
2012-11-16 18:30:00,22.96,23.3,22.95,23.29,269857
2012-11-16 19:00:00,23.3,23.32,23.19,23.24,183819
2012-11-16 19:30:00,23.24,23.33,23.23,23.26,137207
2012-11-16 20:00:00,23.25,23.28,23.16,23.23,103786
2012-11-16 20:30:00,23.24,23.28,23.19,23.26,72394
2012-11-16 21:00:00,23.27,23.29,23.15,23.18,127423
2012-11-16 21:30:00,23.18,23.26,23.12,23.24,179158
2012-11-16 22:00:00,23.23,23.33,23.19,23.32,325806
2012-11-16 22:30:00,23.32,23.42,23.31,23.41,614443
2012-11-19 16:30:00,23.75,23.89,23.73,23.85,228100
2012-11-19 17:00:00,23.85,23.99,23.8,23.9,206000
2012-11-19 17:30:00,23.91,23.96,23.85,23.95,246736
2012-11-19 18:00:00,23.95,24.0,23.9,23.96,196100
2012-11-19 18:30:00,23.96,24.01,23.93,23.99,223675
2012-11-19 19:00:00,23.99,24.02,23.98,24.0,165653
2012-11-19 19:30:00,24.0,24.01,23.99,24.0,142023
2012-11-19 20:00:00,24.0,24.02,23.94,23.95,175008
2012-11-19 20:30:00,23.95,23.98,23.94,23.96,275972
2012-11-19 21:00:00,23.95,23.97,23.94,23.95,147724
2012-11-19 21:30:00,23.95,24.03,23.93,23.97,297560
2012-11-19 22:00:00,23.98,24.01,23.94,23.98,295712
2012-11-19 22:30:00,23.99,24.04,23.92,24.04,573989
2012-11-20 16:30:00,23.95,24.0,23.86,24.0,221221
2012-11-20 17:00:00,23.99,24.1,23.97,24.06,159707
2012-11-20 17:30:00,24.06,24.16,24.06,24.1,152208
2012-11-20 18:00:00,24.1,24.15,24.06,24.13,153492
2012-11-20 18:30:00,24.13,24.23,24.12,24.19,266622
2012-11-20 19:00:00,24.19,24.22,24.13,24.16,121291
2012-11-20 19:30:00,24.15,24.18,24.09,24.15,111948
2012-11-20 20:00:00,24.14,24.15,23.98,24.0,225834
2012-11-20 20:30:00,24.0,24.14,24.0,24.13,157498
2012-11-20 21:00:00,24.12,24.18,24.09,24.17,106396
2012-11-20 21:30:00,24.16,24.17,24.08,24.13,161464
2012-11-20 22:00:00,24.13,24.18,24.12,24.15,144377
2012-11-20 22:30:00,24.16,24.26,24.15,24.26,416307
2012-11-21 16:30:00,24.28,24.39,24.25,24.31,353497
2012-11-21 17:00:00,24.31,24.32,24.17,24.21,325488
2012-11-21 17:30:00,24.21,24.26,24.18,24.23,143323
2012-11-21 18:00:00,24.24,24.25,24.11,24.13,184453
2012-11-21 18:30:00,24.13,24.14,24.08,24.11,100672
2012-11-21 19:00:00,24.1,24.18,24.09,24.18,56523
2012-11-21 19:30:00,24.18,24.25,24.18,24.24,51346
2012-11-21 20:00:00,24.24,24.25,24.21,24.23,45417
2012-11-21 20:30:00,24.24,24.36,24.23,24.33,261850
2012-11-21 21:00:00,24.34,24.37,24.31,24.33,100812
2012-11-21 21:30:00,24.32,24.33,24.31,24.32,40451
2012-11-21 22:00:00,24.32,24.34,24.24,24.28,143406
2012-11-21 22:30:00,24.27,24.33,24.25,24.32,380804
2012-11-23 16:30:00,24.55,24.61,24.47,24.59,88618
2012-11-23 17:00:00,24.59,24.61,24.56,24.6,93105
2012-11-23 17:30:00,24.6,24.71,24.59,24.65,125845
2012-11-23 18:00:00,24.65,24.68,24.62,24.66,108816
2012-11-23 18:30:00,24.66,24.68,24.64,24.68,147578
2012-11-23 19:00:00,24.66,24.73,24.65,24.72,206398
2012-11-23 19:30:00,24.72,24.84,24.69,24.84,612916
2012-11-23 20:00:00,24.87,25.13,24.81,24.81,101914
2012-11-26 16:30:00,24.6,24.77,24.59,24.75,327449
2012-11-26 17:00:00,24.76,24.8,24.71,24.79,380590
2012-11-26 17:30:00,24.8,24.87,24.77,24.8,707392
2012-11-26 18:00:00,24.8,24.82,24.75,24.78,350907
2012-11-26 18:30:00,24.78,24.84,24.74,24.8,289932
2012-11-26 19:00:00,24.81,24.85,24.78,24.83,471223
2012-11-26 19:30:00,24.84,24.9,24.77,24.87,311076
2012-11-26 20:00:00,24.87,24.88,24.81,24.87,173195
2012-11-26 20:30:00,24.86,24.88,24.77,24.77,171234
2012-11-26 21:00:00,24.77,24.78,24.73,24.73,137836
2012-11-26 21:30:00,24.74,24.79,24.72,24.78,133474
2012-11-26 22:00:00,24.77,24.78,24.71,24.77,182768
2012-11-26 22:30:00,24.76,24.8,24.7,24.78,525379
2012-11-27 16:30:00,24.7,24.92,24.66,24.85,165257
2012-11-27 17:00:00,24.85,24.87,24.72,24.73,361322
2012-11-27 17:30:00,24.72,24.77,24.67,24.75,201855
2012-11-27 18:00:00,24.76,24.79,24.75,24.78,92601
2012-11-27 18:30:00,24.77,24.89,24.74,24.88,194986
2012-11-27 19:00:00,24.87,24.91,24.84,24.87,141256
2012-11-27 19:30:00,24.86,24.91,24.86,24.9,130363
2012-11-27 20:00:00,24.9,24.92,24.85,24.88,150246
2012-11-27 20:30:00,24.88,24.92,24.84,24.9,172442
2012-11-27 21:00:00,24.9,24.94,24.8,24.82,396586
2012-11-27 21:30:00,24.82,24.89,24.79,24.88,362715
2012-11-27 22:00:00,24.88,24.9,24.83,24.86,306092
2012-11-27 22:30:00,24.87,24.88,24.7,24.75,651718
2012-11-28 16:30:00,24.54,24.66,24.51,24.53,155401
2012-11-28 17:00:00,24.55,24.6,24.42,24.52,186892
2012-11-28 17:30:00,24.52,24.62,24.48,24.54,279077
2012-11-28 18:00:00,24.54,24.64,24.52,24.62,211445
2012-11-28 18:30:00,24.63,24.66,24.56,24.6,112243
2012-11-28 19:00:00,24.6,24.69,24.5,24.66,263718
2012-11-28 19:30:00,24.66,24.75,24.65,24.68,106248
2012-11-28 20:00:00,24.67,24.68,24.62,24.67,112610
2012-11-28 20:30:00,24.67,24.74,24.64,24.65,120772
2012-11-28 21:00:00,24.65,24.68,24.61,24.61,147144
2012-11-28 21:30:00,24.61,24.72,24.61,24.72,267141
2012-11-28 22:00:00,24.71,24.77,24.7,24.77,148496
2012-11-28 22:30:00,24.77,24.82,24.76,24.79,395362
2012-11-29 16:30:00,24.96,25.15,24.9,25.1,435581
2012-11-29 17:00:00,25.1,25.16,25.03,25.12,654139
2012-11-29 17:30:00,25.11,25.26,25.09,25.25,279995
2012-11-29 18:00:00,25.25,25.29,25.23,25.25,396346
2012-11-29 18:30:00,25.26,25.27,25.05,25.11,271903
2012-11-29 19:00:00,25.11,25.25,25.1,25.18,274450
2012-11-29 19:30:00,25.19,25.21,25.12,25.14,281082
2012-11-29 20:00:00,25.14,25.18,25.07,25.13,145876
2012-11-29 20:30:00,25.14,25.27,25.14,25.26,196679
2012-11-29 21:00:00,25.25,25.28,25.21,25.22,161115
2012-11-29 21:30:00,25.21,25.24,25.17,25.17,174102
2012-11-29 22:00:00,25.16,25.17,24.94,25.03,460153
2012-11-29 22:30:00,25.02,25.12,25.02,25.04,860772
2012-11-30 16:30:00,25.03,25.11,24.95,25.03,152390
2012-11-30 17:00:00,25.03,25.04,24.88,24.92,166337
2012-11-30 17:30:00,24.93,25.0,24.88,25.0,168072
2012-11-30 18:00:00,24.99,25.02,24.91,24.93,108445
2012-11-30 18:30:00,24.94,25.02,24.91,24.98,197579
2012-11-30 19:00:00,24.98,25.0,24.92,24.92,103768
2012-11-30 19:30:00,24.92,24.95,24.87,24.9,119822
2012-11-30 20:00:00,24.9,24.96,24.89,24.96,75814
2012-11-30 20:30:00,24.95,24.98,24.91,24.95,108713
2012-11-30 21:00:00,24.96,24.98,24.92,24.95,86138
2012-11-30 21:30:00,24.94,24.95,24.85,24.86,152208
2012-11-30 22:00:00,24.86,24.98,24.86,24.95,178130
2012-11-30 22:30:00,24.95,25.04,24.94,24.98,482368
2012-12-03 16:30:00,25.11,25.16,24.94,25.03,293935
2012-12-03 17:00:00,25.03,25.04,24.94,24.98,198676
2012-12-03 17:30:00,25.0,25.0,24.86,24.91,106616
2012-12-03 18:00:00,24.91,24.95,24.87,24.95,95476
2012-12-03 18:30:00,24.94,25.04,24.91,25.03,123987
2012-12-03 19:00:00,25.04,25.04,24.96,24.96,114385
2012-12-03 19:30:00,24.96,25.0,24.95,24.99,88493
2012-12-03 20:00:00,24.99,25.0,24.9,24.9,142042
2012-12-03 20:30:00,24.9,24.9,24.81,24.85,139362
2012-12-03 21:00:00,24.85,24.9,24.84,24.87,116971
2012-12-03 21:30:00,24.87,24.89,24.81,24.83,123220
2012-12-03 22:00:00,24.84,24.91,24.74,24.78,299613
2012-12-03 22:30:00,24.79,24.83,24.72,24.75,571639
2012-12-04 16:30:00,24.73,24.85,24.71,24.75,90407
2012-12-04 17:00:00,24.75,24.82,24.63,24.64,84267
2012-12-04 17:30:00,24.64,24.68,24.62,24.63,70770
2012-12-04 18:00:00,24.64,24.66,24.59,24.62,72565
2012-12-04 18:30:00,24.62,24.72,24.62,24.67,65518
2012-12-04 19:00:00,24.67,24.7,24.59,24.67,82276
2012-12-04 19:30:00,24.68,24.7,24.62,24.62,58466
2012-12-04 20:00:00,24.63,24.67,24.57,24.65,85996
2012-12-04 20:30:00,24.66,24.71,24.62,24.68,75915
2012-12-04 21:00:00,24.69,24.71,24.63,24.63,122400
2012-12-04 21:30:00,24.62,24.67,24.6,24.62,97183
2012-12-04 22:00:00,24.62,24.67,24.61,24.65,186516
2012-12-04 22:30:00,24.64,24.66,24.59,24.59,548736
2012-12-05 16:30:00,24.63,24.68,24.57,24.58,206167
2012-12-05 17:00:00,24.59,24.64,24.56,24.56,190789
2012-12-05 17:30:00,24.57,24.6,24.45,24.51,354501
2012-12-05 18:00:00,24.5,24.55,24.45,24.53,235511
2012-12-05 18:30:00,24.54,24.65,24.53,24.62,211763
2012-12-05 19:00:00,24.63,24.67,24.55,24.56,271525
2012-12-05 19:30:00,24.56,24.69,24.56,24.63,235731
2012-12-05 20:00:00,24.63,24.64,24.52,24.52,144333
2012-12-05 20:30:00,24.53,24.54,24.43,24.44,192668
2012-12-05 21:00:00,24.45,24.54,24.44,24.46,299343
2012-12-05 21:30:00,24.46,24.52,24.44,24.44,232706
2012-12-05 22:00:00,24.44,24.55,24.44,24.53,236319
2012-12-05 22:30:00,24.54,24.55,24.4,24.45,759909
2012-12-06 16:30:00,24.5,24.74,24.45,24.67,288332
2012-12-06 17:00:00,24.68,24.69,24.54,24.61,213132
2012-12-06 17:30:00,24.61,24.68,24.48,24.68,431921
2012-12-06 18:00:00,24.68,24.87,24.68,24.78,531577
2012-12-06 18:30:00,24.79,24.8,24.72,24.72,267182
2012-12-06 19:00:00,24.72,24.74,24.68,24.7,155239
2012-12-06 19:30:00,24.7,24.71,24.66,24.67,140681
2012-12-06 20:00:00,24.67,24.71,24.67,24.7,127570
2012-12-06 20:30:00,24.7,24.75,24.7,24.72,185346
2012-12-06 21:00:00,24.73,24.75,24.7,24.75,150056
2012-12-06 21:30:00,24.75,24.78,24.73,24.77,186628
2012-12-06 22:00:00,24.77,24.78,24.73,24.75,242677
2012-12-06 22:30:00,24.74,24.78,24.73,24.76,531933
2012-12-07 16:30:00,24.83,24.96,24.73,24.77,186105
2012-12-07 17:00:00,24.78,24.83,24.73,24.74,130466
2012-12-07 17:30:00,24.74,24.75,24.63,24.67,139814
2012-12-07 18:00:00,24.67,24.74,24.64,24.74,159739
2012-12-07 18:30:00,24.73,24.77,24.71,24.76,110145
2012-12-07 19:00:00,24.76,24.79,24.75,24.75,88289
2012-12-07 19:30:00,24.75,24.76,24.72,24.72,89192
2012-12-07 20:00:00,24.73,24.77,24.72,24.75,96133
2012-12-07 20:30:00,24.76,24.76,24.7,24.7,89186
2012-12-07 21:00:00,24.7,24.75,24.7,24.73,108295
2012-12-07 21:30:00,24.74,24.8,24.73,24.77,188979
2012-12-07 22:00:00,24.77,24.85,24.76,24.84,481753
2012-12-07 22:30:00,24.84,24.87,24.78,24.86,331161
2012-12-10 16:30:00,24.8,24.86,24.68,24.81,137643
2012-12-10 17:00:00,24.81,24.82,24.73,24.74,102626
2012-12-10 17:30:00,24.74,24.8,24.74,24.8,172098
2012-12-10 18:00:00,24.79,24.81,24.75,24.75,79285
2012-12-10 18:30:00,24.76,24.83,24.75,24.8,72559
2012-12-10 19:00:00,24.8,24.86,24.79,24.83,75576
2012-12-10 19:30:00,24.83,24.89,24.82,24.89,46764
2012-12-10 20:00:00,24.88,24.89,24.85,24.85,57224
2012-12-10 20:30:00,24.85,24.86,24.79,24.8,52265
2012-12-10 21:00:00,24.81,24.84,24.8,24.82,57230
2012-12-10 21:30:00,24.83,24.88,24.79,24.86,143310
2012-12-10 22:00:00,24.87,24.92,24.84,24.9,247298
2012-12-10 22:30:00,24.9,24.93,24.85,24.86,525681
2012-12-11 16:30:00,24.98,25.01,24.93,24.97,169543
2012-12-11 17:00:00,24.97,25.05,24.95,25.04,183695
2012-12-11 17:30:00,25.04,25.07,24.98,25.05,161462
2012-12-11 18:00:00,25.04,25.1,25.03,25.07,155486
2012-12-11 18:30:00,25.08,25.11,25.06,25.11,154423
2012-12-11 19:00:00,25.11,25.13,25.04,25.09,133208
2012-12-11 19:30:00,25.09,25.12,25.04,25.05,110416
2012-12-11 20:00:00,25.06,25.07,25.02,25.03,99029
2012-12-11 20:30:00,25.02,25.02,24.97,24.98,101689
2012-12-11 21:00:00,24.98,24.99,24.97,24.98,81677
2012-12-11 21:30:00,24.97,24.98,24.89,24.94,166602
2012-12-11 22:00:00,24.93,24.96,24.87,24.96,185540
2012-12-11 22:30:00,24.96,24.98,24.91,24.96,389287
2012-12-12 16:30:00,25.11,25.34,25.05,25.31,242826
2012-12-12 17:00:00,25.31,25.42,25.25,25.39,196985
2012-12-12 17:30:00,25.39,25.43,25.37,25.41,162167
2012-12-12 18:00:00,25.41,25.5,25.4,25.47,239970
2012-12-12 18:30:00,25.47,25.52,25.46,25.49,200731
2012-12-12 19:00:00,25.5,25.5,25.38,25.39,127713
2012-12-12 19:30:00,25.4,25.55,25.37,25.52,280464
2012-12-12 20:00:00,25.52,25.54,25.46,25.52,223778
2012-12-12 20:30:00,25.51,25.53,25.49,25.5,160048
2012-12-12 21:00:00,25.5,25.51,25.42,25.42,479069
2012-12-12 21:30:00,25.42,25.47,25.38,25.45,171913
2012-12-12 22:00:00,25.45,25.45,25.38,25.39,765343
2012-12-12 22:30:00,25.38,25.44,25.33,25.42,937028
2012-12-13 16:30:00,25.41,25.54,25.31,25.5,167856
2012-12-13 17:00:00,25.5,25.52,25.44,25.46,192088
2012-12-13 17:30:00,25.45,25.46,25.32,25.35,239915
2012-12-13 18:00:00,25.35,25.36,25.29,25.33,169912
2012-12-13 18:30:00,25.33,25.36,25.3,25.34,90691
2012-12-13 19:00:00,25.34,25.34,25.25,25.25,119445
2012-12-13 19:30:00,25.26,25.33,25.25,25.29,162090
2012-12-13 20:00:00,25.28,25.33,25.25,25.33,156542
2012-12-13 20:30:00,25.32,25.34,25.25,25.29,91554
2012-12-13 21:00:00,25.28,25.29,25.22,25.29,156411
2012-12-13 21:30:00,25.29,25.29,25.23,25.23,225459
2012-12-13 22:00:00,25.24,25.24,25.19,25.23,403962
2012-12-13 22:30:00,25.22,25.34,25.22,25.26,686629
2012-12-14 16:30:00,25.18,25.29,25.17,25.28,136538
2012-12-14 17:00:00,25.28,25.37,25.27,25.36,259465
2012-12-14 17:30:00,25.37,25.46,25.33,25.44,220186
2012-12-14 18:00:00,25.44,25.44,25.39,25.39,129685
2012-12-14 18:30:00,25.39,25.41,25.35,25.4,153139
2012-12-14 19:00:00,25.4,25.42,25.36,25.41,194937
2012-12-14 19:30:00,25.4,25.45,25.39,25.45,109796
2012-12-14 20:00:00,25.44,25.45,25.4,25.4,75731
2012-12-14 20:30:00,25.41,25.47,25.4,25.47,188147
2012-12-14 21:00:00,25.45,25.49,25.45,25.48,142346
2012-12-14 21:30:00,25.47,25.52,25.45,25.49,360143
2012-12-14 22:00:00,25.49,25.51,25.42,25.49,438253
2012-12-14 22:30:00,25.49,25.52,25.41,25.47,915605
2012-12-17 16:30:00,25.59,25.79,25.51,25.74,266183
2012-12-17 17:00:00,25.75,25.77,25.58,25.59,257033
2012-12-17 17:30:00,25.59,25.68,25.52,25.55,299526
2012-12-17 18:00:00,25.54,25.59,25.54,25.55,493816
2012-12-17 18:30:00,25.55,25.59,25.53,25.54,218168
2012-12-17 19:00:00,25.54,25.63,25.53,25.61,434940
2012-12-17 19:30:00,25.61,25.66,25.59,25.66,201627
2012-12-17 20:00:00,25.65,25.7,25.63,25.66,115598
2012-12-17 20:30:00,25.66,25.67,25.57,25.6,329923
2012-12-17 21:00:00,25.6,25.63,25.51,25.54,191939
2012-12-17 21:30:00,25.54,25.67,25.53,25.67,171421
2012-12-17 22:00:00,25.66,25.69,25.63,25.65,184960
2012-12-17 22:30:00,25.64,25.8,25.63,25.8,647501
2012-12-18 16:30:00,25.89,25.9,25.8,25.87,209872
2012-12-18 17:00:00,25.86,25.93,25.85,25.91,338602
2012-12-18 17:30:00,25.91,25.98,25.91,25.95,731312
2012-12-18 18:00:00,25.96,26.1,25.95,26.09,275322
2012-12-18 18:30:00,26.09,26.12,26.07,26.1,185136
2012-12-18 19:00:00,26.1,26.11,26.06,26.08,273848
2012-12-18 19:30:00,26.07,26.19,26.06,26.19,414556
2012-12-18 20:00:00,26.19,26.23,26.15,26.15,148483
2012-12-18 20:30:00,26.16,26.23,26.15,26.19,138464
2012-12-18 21:00:00,26.19,26.22,26.17,26.19,208458
2012-12-18 21:30:00,26.2,26.23,26.17,26.19,216178
2012-12-18 22:00:00,26.19,26.28,26.19,26.24,502859
2012-12-18 22:30:00,26.24,26.33,26.24,26.3,1315576
2012-12-19 16:30:00,26.35,26.37,26.25,26.27,354491
2012-12-19 17:00:00,26.26,26.32,26.15,26.26,365394
2012-12-19 17:30:00,26.26,26.32,26.24,26.26,331219
2012-12-19 18:00:00,26.27,26.28,26.19,26.19,206017
2012-12-19 18:30:00,26.19,26.35,26.19,26.34,278357
2012-12-19 19:00:00,26.35,26.36,26.25,26.26,219372
2012-12-19 19:30:00,26.26,26.36,26.26,26.3,171284
2012-12-19 20:00:00,26.31,26.35,26.3,26.34,108307
2012-12-19 20:30:00,26.33,26.33,26.22,26.25,122126
2012-12-19 21:00:00,26.25,26.28,26.2,26.24,126225
2012-12-19 21:30:00,26.24,26.25,26.12,26.14,116890
2012-12-19 22:00:00,26.15,26.21,26.13,26.18,147871
2012-12-19 22:30:00,26.17,26.23,26.08,26.08,557300
2012-12-20 16:30:00,26.12,26.19,25.92,26.09,209744
2012-12-20 17:00:00,26.09,26.29,26.07,26.23,189765
2012-12-20 17:30:00,26.23,26.3,26.19,26.22,247685
2012-12-20 18:00:00,26.23,26.23,26.1,26.13,151251
2012-12-20 18:30:00,26.12,26.15,26.07,26.14,124188
2012-12-20 19:00:00,26.14,26.16,26.11,26.16,134754
2012-12-20 19:30:00,26.15,26.17,26.13,26.15,125302
2012-12-20 20:00:00,26.15,26.18,26.12,26.16,114209
2012-12-20 20:30:00,26.15,26.3,26.14,26.28,150940
2012-12-20 21:00:00,26.29,26.33,26.26,26.33,193742
2012-12-20 21:30:00,26.33,26.37,26.31,26.32,173175
2012-12-20 22:00:00,26.32,26.34,26.29,26.31,143505
2012-12-20 22:30:00,26.31,26.36,26.28,26.35,529066
2012-12-21 16:30:00,25.98,26.14,25.85,26.08,1387230
2012-12-21 17:00:00,26.08,26.22,26.06,26.21,261827
2012-12-21 17:30:00,26.21,26.23,26.11,26.13,149571
2012-12-21 18:00:00,26.13,26.14,26.03,26.07,115288
2012-12-21 18:30:00,26.07,26.07,25.92,25.97,161451
2012-12-21 19:00:00,25.97,26.0,25.94,25.97,154672
2012-12-21 19:30:00,25.97,26.04,25.96,26.04,130650
2012-12-21 20:00:00,26.04,26.07,25.99,26.07,161606
2012-12-21 20:30:00,26.07,26.15,26.06,26.15,162747
2012-12-21 21:00:00,26.16,26.21,26.11,26.11,108321
2012-12-21 21:30:00,26.11,26.19,26.1,26.18,118260
2012-12-21 22:00:00,26.18,26.21,26.1,26.21,182130
2012-12-21 22:30:00,26.21,26.3,26.19,26.23,591823
2012-12-24 16:30:00,26.1,26.34,26.09,26.27,198682
2012-12-24 17:00:00,26.27,26.35,26.25,26.35,101086
2012-12-24 17:30:00,26.36,26.37,26.31,26.33,75101
2012-12-24 18:00:00,26.33,26.34,26.25,26.26,71877
2012-12-24 18:30:00,26.26,26.28,26.2,26.23,72024
2012-12-24 19:00:00,26.23,26.26,26.22,26.25,66611
2012-12-24 19:30:00,26.24,26.29,26.23,26.26,139020
2012-12-24 20:00:00,26.26,26.26,26.26,26.26,47732
2012-12-26 16:30:00,26.32,26.34,26.22,26.28,145207
2012-12-26 17:00:00,26.29,26.31,26.23,26.27,103931
2012-12-26 17:30:00,26.27,26.28,26.22,26.23,62844
2012-12-26 18:00:00,26.22,26.24,26.11,26.13,127356
2012-12-26 18:30:00,26.13,26.17,26.11,26.13,93972
2012-12-26 19:00:00,26.14,26.18,26.12,26.15,103453
2012-12-26 19:30:00,26.15,26.17,26.07,26.12,196528
2012-12-26 20:00:00,26.12,26.15,26.1,26.15,109923
2012-12-26 20:30:00,26.14,26.15,26.07,26.09,100320
2012-12-26 21:00:00,26.09,26.19,26.09,26.17,118941
2012-12-26 21:30:00,26.17,26.28,26.16,26.24,165469
2012-12-26 22:00:00,26.24,26.25,26.15,26.21,182357
2012-12-26 22:30:00,26.22,26.24,26.12,26.15,409156
2012-12-27 16:30:00,26.2,26.22,26.1,26.11,84114
2012-12-27 17:00:00,26.1,26.14,25.83,25.92,140030
2012-12-27 17:30:00,25.92,26.0,25.89,25.98,104850
2012-12-27 18:00:00,25.99,26.02,25.93,25.94,220172
2012-12-27 18:30:00,25.94,26.0,25.88,25.93,118180
2012-12-27 19:00:00,25.93,25.95,25.78,25.8,130618
2012-12-27 19:30:00,25.8,25.82,25.72,25.82,100864
2012-12-27 20:00:00,25.82,25.87,25.7,25.7,235638
2012-12-27 20:30:00,25.7,25.75,25.67,25.72,224915
2012-12-27 21:00:00,25.73,25.76,25.7,25.72,155992
2012-12-27 21:30:00,25.72,25.92,25.71,25.86,395847
2012-12-27 22:00:00,25.87,26.0,25.85,25.94,297775
2012-12-27 22:30:00,25.94,26.05,25.93,25.97,585798
2012-12-28 16:30:00,25.74,25.88,25.72,25.84,135182
2012-12-28 17:00:00,25.84,25.92,25.81,25.86,129891
2012-12-28 17:30:00,25.87,26.03,25.85,25.91,159040
2012-12-28 18:00:00,25.91,26.0,25.91,25.91,120931
2012-12-28 18:30:00,25.92,25.95,25.9,25.95,67098
2012-12-28 19:00:00,25.94,25.97,25.91,25.92,77116
2012-12-28 19:30:00,25.92,25.94,25.89,25.91,77218
2012-12-28 20:00:00,25.91,25.95,25.9,25.94,68203
2012-12-28 20:30:00,25.93,25.95,25.88,25.92,103212
2012-12-28 21:00:00,25.91,25.91,25.86,25.9,64104
2012-12-28 21:30:00,25.89,25.92,25.86,25.9,51070
2012-12-28 22:00:00,25.9,25.93,25.87,25.9,107744
2012-12-28 22:30:00,25.9,25.94,25.75,25.78,427518
2012-12-31 16:30:00,25.71,25.86,25.59,25.85,176028
2012-12-31 17:00:00,25.85,25.87,25.76,25.83,157468
2012-12-31 17:30:00,25.83,25.9,25.76,25.81,126381
2012-12-31 18:00:00,25.82,25.94,25.76,25.77,172484
2012-12-31 18:30:00,25.77,25.82,25.74,25.77,93248
2012-12-31 19:00:00,25.76,25.78,25.74,25.74,90604
2012-12-31 19:30:00,25.75,25.93,25.74,25.81,363083
2012-12-31 20:00:00,25.81,25.9,25.74,25.83,174626
2012-12-31 20:30:00,25.82,25.98,25.75,25.8,303188
2012-12-31 21:00:00,25.81,25.86,25.78,25.84,191330
2012-12-31 21:30:00,25.85,25.97,25.79,25.94,316506
2012-12-31 22:00:00,25.94,25.98,25.81,25.85,547525
2012-12-31 22:30:00,25.85,26.12,25.85,26.08,718393
2013-01-02 16:30:00,26.66,26.69,26.52,26.62,472036
2013-01-02 17:00:00,26.62,26.78,26.61,26.75,496800
2013-01-02 17:30:00,26.74,26.82,26.69,26.8,305645
2013-01-02 18:00:00,26.79,26.85,26.75,26.83,356251
2013-01-02 18:30:00,26.82,26.85,26.74,26.75,228607
2013-01-02 19:00:00,26.76,26.81,26.74,26.76,276706
2013-01-02 19:30:00,26.77,26.79,26.7,26.71,214082
2013-01-02 20:00:00,26.71,26.83,26.7,26.81,153150
2013-01-02 20:30:00,26.82,26.9,26.81,26.89,271986
2013-01-02 21:00:00,26.88,26.92,26.87,26.9,354051
2013-01-02 21:30:00,26.9,26.9,26.83,26.86,226456
2013-01-02 22:00:00,26.85,26.92,26.85,26.88,247694
2013-01-02 22:30:00,26.89,26.98,26.81,26.97,936164
2013-01-03 16:30:00,26.96,27.0,26.8,26.87,545009
2013-01-03 17:00:00,26.88,26.91,26.79,26.81,143832
2013-01-03 17:30:00,26.81,26.84,26.77,26.82,144198
2013-01-03 18:00:00,26.81,26.94,26.8,26.9,212733
2013-01-03 18:30:00,26.9,26.97,26.9,26.95,320354
2013-01-03 19:00:00,26.96,27.01,26.95,27.0,91570
2013-01-03 19:30:00,27.0,27.09,26.99,27.09,294267
2013-01-03 20:00:00,27.08,27.11,27.04,27.1,202642
2013-01-03 20:30:00,27.1,27.16,27.09,27.12,247684
2013-01-03 21:00:00,27.11,27.11,26.91,26.95,307614
2013-01-03 21:30:00,26.95,26.98,26.92,26.95,182011
2013-01-03 22:00:00,26.95,26.99,26.9,26.92,156677
2013-01-03 22:30:00,26.92,27.03,26.88,27.03,693251
2013-01-04 16:30:00,27.0,27.24,26.86,27.2,771986
2013-01-04 17:00:00,27.21,27.32,27.19,27.29,309639
2013-01-04 17:30:00,27.29,27.31,27.22,27.26,205269
2013-01-04 18:00:00,27.26,27.33,27.25,27.32,257604
2013-01-04 18:30:00,27.32,27.39,27.29,27.35,367813
2013-01-04 19:00:00,27.34,27.43,27.34,27.39,214243
2013-01-04 19:30:00,27.4,27.4,27.37,27.4,153022
2013-01-04 20:00:00,27.39,27.4,27.34,27.4,128214
2013-01-04 20:30:00,27.4,27.42,27.36,27.41,409193
2013-01-04 21:00:00,27.4,27.51,27.39,27.5,554426
2013-01-04 21:30:00,27.51,27.55,27.49,27.5,401396
2013-01-04 22:00:00,27.5,27.56,27.49,27.54,362497
2013-01-04 22:30:00,27.54,27.6,27.49,27.55,730311
2013-01-07 16:30:00,27.39,27.48,27.25,27.32,314173
2013-01-07 17:00:00,27.33,27.34,27.29,27.33,250026
2013-01-07 17:30:00,27.34,27.41,27.33,27.4,258433
2013-01-07 18:00:00,27.4,27.43,27.38,27.39,139340
2013-01-07 18:30:00,27.4,27.42,27.34,27.34,498102
2013-01-07 19:00:00,27.35,27.38,27.32,27.37,296260
2013-01-07 19:30:00,27.37,27.42,27.34,27.35,127492
2013-01-07 20:00:00,27.35,27.37,27.31,27.35,181126
2013-01-07 20:30:00,27.35,27.37,27.34,27.37,302211
2013-01-07 21:00:00,27.37,27.41,27.34,27.41,250868
2013-01-07 21:30:00,27.41,27.55,27.39,27.54,214250
2013-01-07 22:00:00,27.55,27.55,27.5,27.54,285694
2013-01-07 22:30:00,27.55,27.59,27.46,27.48,1421391
2013-01-08 16:30:00,27.42,27.43,27.22,27.31,264701
2013-01-08 17:00:00,27.3,27.31,27.17,27.2,251413
2013-01-08 17:30:00,27.19,27.21,27.15,27.17,107115
2013-01-08 18:00:00,27.17,27.18,27.08,27.1,117166
2013-01-08 18:30:00,27.1,27.14,27.09,27.09,108051
2013-01-08 19:00:00,27.1,27.16,27.1,27.13,76306
2013-01-08 19:30:00,27.13,27.13,27.1,27.11,68659
2013-01-08 20:00:00,27.11,27.21,27.11,27.19,103606
2013-01-08 20:30:00,27.2,27.2,27.14,27.19,115349
2013-01-08 21:00:00,27.19,27.22,27.17,27.18,111035
2013-01-08 21:30:00,27.17,27.19,27.14,27.17,98033
2013-01-08 22:00:00,27.17,27.24,27.17,27.2,256505
2013-01-08 22:30:00,27.2,27.23,27.15,27.21,347344
2013-01-09 16:30:00,27.34,27.5,27.32,27.33,351106
2013-01-09 17:00:00,27.34,27.4,27.33,27.33,148941
2013-01-09 17:30:00,27.33,27.45,27.31,27.43,238432
2013-01-09 18:00:00,27.44,27.5,27.38,27.39,341313
2013-01-09 18:30:00,27.4,27.42,27.36,27.39,176850
2013-01-09 19:00:00,27.39,27.43,27.38,27.39,128030
2013-01-09 19:30:00,27.4,27.43,27.37,27.43,175329
2013-01-09 20:00:00,27.43,27.43,27.38,27.39,201456
2013-01-09 20:30:00,27.39,27.42,27.39,27.41,147513
2013-01-09 21:00:00,27.41,27.42,27.38,27.41,215192
2013-01-09 21:30:00,27.41,27.44,27.31,27.33,161207
2013-01-09 22:00:00,27.32,27.36,27.3,27.34,131520
2013-01-09 22:30:00,27.33,27.4,27.31,27.36,368947
2013-01-10 16:30:00,27.52,27.55,27.41,27.5,262330
2013-01-10 17:00:00,27.5,27.53,27.42,27.44,272492
2013-01-10 17:30:00,27.44,27.45,27.35,27.36,153316
2013-01-10 18:00:00,27.35,27.43,27.32,27.41,119062
2013-01-10 18:30:00,27.41,27.44,27.41,27.43,94611
2013-01-10 19:00:00,27.43,27.5,27.43,27.46,138260
2013-01-10 19:30:00,27.46,27.47,27.41,27.47,228486
2013-01-10 20:00:00,27.47,27.48,27.44,27.46,113807
2013-01-10 20:30:00,27.45,27.5,27.43,27.49,103086
2013-01-10 21:00:00,27.48,27.54,27.48,27.52,138406
2013-01-10 21:30:00,27.51,27.57,27.48,27.56,131811
2013-01-10 22:00:00,27.56,27.63,27.55,27.6,184255
2013-01-10 22:30:00,27.61,27.61,27.54,27.56,372952
2013-01-11 16:30:00,27.6,27.67,27.5,27.58,457750
2013-01-11 17:00:00,27.57,27.58,27.49,27.5,213672
2013-01-11 17:30:00,27.5,27.61,27.5,27.6,307734
2013-01-11 18:00:00,27.6,27.72,27.6,27.65,111157
2013-01-11 18:30:00,27.66,27.83,27.64,27.83,177884
2013-01-11 19:00:00,27.82,27.83,27.78,27.78,163128
2013-01-11 19:30:00,27.78,27.78,27.71,27.72,67073
2013-01-11 20:00:00,27.72,27.75,27.69,27.75,96881
2013-01-11 20:30:00,27.75,27.82,27.74,27.8,257307
2013-01-11 21:00:00,27.8,27.81,27.72,27.72,156265
2013-01-11 21:30:00,27.73,27.74,27.66,27.71,137179
2013-01-11 22:00:00,27.72,27.74,27.67,27.71,157259
2013-01-11 22:30:00,27.72,27.77,27.69,27.73,831766
2013-01-14 16:30:00,27.5,27.55,27.31,27.32,670401
2013-01-14 17:00:00,27.32,27.34,27.24,27.24,299846
2013-01-14 17:30:00,27.25,27.33,27.24,27.27,249200
2013-01-14 18:00:00,27.27,27.3,27.19,27.2,340426
2013-01-14 18:30:00,27.19,27.21,27.12,27.15,322433
2013-01-14 19:00:00,27.15,27.17,27.1,27.11,316760
2013-01-14 19:30:00,27.11,27.12,27.05,27.08,199980
2013-01-14 20:00:00,27.08,27.13,27.06,27.13,212419
2013-01-14 20:30:00,27.13,27.15,27.09,27.13,197918
2013-01-14 21:00:00,27.12,27.2,27.11,27.2,169422
2013-01-14 21:30:00,27.2,27.26,27.15,27.26,464465
2013-01-14 22:00:00,27.26,27.36,27.24,27.32,326109
2013-01-14 22:30:00,27.32,27.36,27.29,27.35,592518
2013-01-15 16:30:00,27.12,27.35,27.07,27.34,170281
2013-01-15 17:00:00,27.34,27.36,27.29,27.29,97048
2013-01-15 17:30:00,27.3,27.37,27.3,27.36,106874
2013-01-15 18:00:00,27.36,27.38,27.32,27.37,61914
2013-01-15 18:30:00,27.37,27.39,27.33,27.38,84030
2013-01-15 19:00:00,27.38,27.43,27.37,27.39,88862
2013-01-15 19:30:00,27.39,27.43,27.38,27.39,57746
2013-01-15 20:00:00,27.39,27.43,27.38,27.41,79156
2013-01-15 20:30:00,27.41,27.42,27.33,27.33,115544
2013-01-15 21:00:00,27.34,27.38,27.32,27.37,65184
2013-01-15 21:30:00,27.37,27.43,27.36,27.42,65300
2013-01-15 22:00:00,27.42,27.49,27.42,27.46,119508
2013-01-15 22:30:00,27.46,27.53,27.46,27.51,393779
2013-01-16 16:30:00,27.38,27.5,27.3,27.34,177107
2013-01-16 17:00:00,27.34,27.36,27.3,27.31,119824
2013-01-16 17:30:00,27.31,27.34,27.26,27.3,157399
2013-01-16 18:00:00,27.3,27.36,27.29,27.35,171061
2013-01-16 18:30:00,27.35,27.36,27.29,27.3,112960
2013-01-16 19:00:00,27.3,27.33,27.29,27.33,67411
2013-01-16 19:30:00,27.32,27.34,27.27,27.29,106214
2013-01-16 20:00:00,27.3,27.33,27.27,27.28,87832
2013-01-16 20:30:00,27.27,27.33,27.27,27.3,126896
2013-01-16 21:00:00,27.3,27.33,27.27,27.28,150163
2013-01-16 21:30:00,27.28,27.3,27.23,27.24,152373
2013-01-16 22:00:00,27.24,27.35,27.24,27.26,219449
2013-01-16 22:30:00,27.27,27.27,27.19,27.22,524696
2013-01-17 16:30:00,27.47,27.51,27.29,27.34,265474
2013-01-17 17:00:00,27.34,27.43,27.28,27.36,217049
2013-01-17 17:30:00,27.36,27.38,27.3,27.32,145401
2013-01-17 18:00:00,27.33,27.41,27.32,27.4,176896
2013-01-17 18:30:00,27.4,27.51,27.39,27.45,152733
2013-01-17 19:00:00,27.46,27.49,27.43,27.49,124666
2013-01-17 19:30:00,27.48,27.52,27.46,27.52,104030
2013-01-17 20:00:00,27.51,27.56,27.5,27.5,124501
2013-01-17 20:30:00,27.51,27.59,27.48,27.58,105977
2013-01-17 21:00:00,27.58,27.63,27.56,27.56,99942
2013-01-17 21:30:00,27.57,27.58,27.53,27.56,129077
2013-01-17 22:00:00,27.54,27.6,27.53,27.55,239812
2013-01-17 22:30:00,27.55,27.56,27.46,27.48,553414
2013-01-18 16:30:00,27.49,27.55,27.36,27.4,662546
2013-01-18 17:00:00,27.4,27.46,27.38,27.39,256998
2013-01-18 17:30:00,27.38,27.41,27.34,27.38,110677
2013-01-18 18:00:00,27.37,27.39,27.3,27.37,127668
2013-01-18 18:30:00,27.38,27.39,27.27,27.33,171592
2013-01-18 19:00:00,27.34,27.43,27.33,27.38,137333
2013-01-18 19:30:00,27.38,27.49,27.37,27.46,273560
2013-01-18 20:00:00,27.46,27.51,27.45,27.5,96004
2013-01-18 20:30:00,27.51,27.56,27.49,27.55,212609
2013-01-18 21:00:00,27.55,27.65,27.55,27.64,141667
2013-01-18 21:30:00,27.64,27.66,27.62,27.66,94940
2013-01-18 22:00:00,27.66,27.66,27.58,27.6,290655
2013-01-18 22:30:00,27.6,27.68,27.57,27.67,545349
2013-01-22 16:30:00,27.57,27.7,27.55,27.68,201351
2013-01-22 17:00:00,27.67,27.71,27.6,27.68,152030
2013-01-22 17:30:00,27.68,27.75,27.66,27.7,115175
2013-01-22 18:00:00,27.71,27.71,27.63,27.65,136427
2013-01-22 18:30:00,27.66,27.72,27.63,27.71,135185
2013-01-22 19:00:00,27.7,27.75,27.69,27.75,94316
2013-01-22 19:30:00,27.75,27.81,27.74,27.78,222622
2013-01-22 20:00:00,27.79,27.83,27.73,27.73,239538
2013-01-22 20:30:00,27.74,27.76,27.68,27.68,261931
2013-01-22 21:00:00,27.69,27.71,27.62,27.71,280552
2013-01-22 21:30:00,27.71,27.77,27.7,27.77,270878
2013-01-22 22:00:00,27.77,27.8,27.74,27.79,236274
2013-01-22 22:30:00,27.79,27.89,27.78,27.89,767407
2013-01-23 16:30:00,27.83,27.83,27.62,27.67,264406
2013-01-23 17:00:00,27.68,27.73,27.62,27.62,162480
2013-01-23 17:30:00,27.62,27.63,27.52,27.52,174856
2013-01-23 18:00:00,27.53,27.62,27.51,27.54,185632
2013-01-23 18:30:00,27.53,27.59,27.48,27.57,103010
2013-01-23 19:00:00,27.57,27.62,27.54,27.54,138985
2013-01-23 19:30:00,27.54,27.57,27.49,27.51,213996
2013-01-23 20:00:00,27.51,27.61,27.51,27.61,144728
2013-01-23 20:30:00,27.59,27.63,27.56,27.57,59288
2013-01-23 21:00:00,27.58,27.61,27.51,27.52,194469
2013-01-23 21:30:00,27.53,27.6,27.51,27.6,219001
2013-01-23 22:00:00,27.6,27.65,27.59,27.61,96412
2013-01-23 22:30:00,27.61,27.68,27.58,27.6,634971
2013-01-24 16:30:00,27.63,28.08,27.6,28.01,532167
2013-01-24 17:00:00,28.01,28.01,27.85,27.9,424361
2013-01-24 17:30:00,27.9,27.91,27.87,27.88,166773
2013-01-24 18:00:00,27.88,27.9,27.84,27.85,272178
2013-01-24 18:30:00,27.86,27.87,27.75,27.77,165517
2013-01-24 19:00:00,27.77,27.78,27.69,27.7,249001
2013-01-24 19:30:00,27.7,27.71,27.59,27.59,227246
2013-01-24 20:00:00,27.59,27.68,27.59,27.66,186920
2013-01-24 20:30:00,27.67,27.67,27.55,27.6,152946
2013-01-24 21:00:00,27.6,27.66,27.57,27.62,121636
2013-01-24 21:30:00,27.62,27.7,27.62,27.65,156676
2013-01-24 22:00:00,27.65,27.76,27.64,27.75,183749
2013-01-24 22:30:00,27.75,27.82,27.73,27.76,511802
2013-01-25 16:30:00,27.96,28.06,27.81,27.88,220887
2013-01-25 17:00:00,27.88,27.91,27.76,27.76,207299
2013-01-25 17:30:00,27.76,27.86,27.76,27.84,144193
2013-01-25 18:00:00,27.83,27.96,27.83,27.95,201664
2013-01-25 18:30:00,27.95,28.01,27.94,28.0,145129
2013-01-25 19:00:00,28.0,28.07,27.99,28.06,140085
2013-01-25 19:30:00,28.05,28.05,28.02,28.03,90022
2013-01-25 20:00:00,28.03,28.12,28.02,28.12,190423
2013-01-25 20:30:00,28.11,28.18,28.11,28.14,168908
2013-01-25 21:00:00,28.15,28.22,28.14,28.19,205240
2013-01-25 21:30:00,28.19,28.26,28.19,28.23,196698
2013-01-25 22:00:00,28.23,28.24,28.14,28.15,270011
2013-01-25 22:30:00,28.16,28.22,28.1,28.21,733886
2013-01-28 16:30:00,28.22,28.25,27.85,27.87,278948
2013-01-28 17:00:00,27.87,27.93,27.76,27.81,235366
2013-01-28 17:30:00,27.8,27.87,27.78,27.87,173769
2013-01-28 18:00:00,27.88,27.93,27.82,27.93,120069
2013-01-28 18:30:00,27.93,27.95,27.86,27.9,156636
2013-01-28 19:00:00,27.89,27.91,27.85,27.87,115964
2013-01-28 19:30:00,27.86,27.93,27.83,27.92,88077
2013-01-28 20:00:00,27.93,27.99,27.91,27.98,186821
2013-01-28 20:30:00,27.98,28.01,27.97,28.01,152053
2013-01-28 21:00:00,27.99,28.02,27.99,28.02,104068
2013-01-28 21:30:00,28.01,28.08,28.0,28.07,195463
2013-01-28 22:00:00,28.06,28.07,27.99,28.0,199645
2013-01-28 22:30:00,28.0,28.03,27.98,28.0,298487
2013-01-29 16:30:00,27.94,28.04,27.9,27.93,267338
2013-01-29 17:00:00,27.92,28.14,27.87,28.11,222075
2013-01-29 17:30:00,28.12,28.29,28.09,28.29,285619
2013-01-29 18:00:00,28.28,28.36,28.23,28.36,333098
2013-01-29 18:30:00,28.36,28.38,28.26,28.27,276977
2013-01-29 19:00:00,28.27,28.3,28.21,28.23,240914
2013-01-29 19:30:00,28.23,28.29,28.17,28.27,313462
2013-01-29 20:00:00,28.25,28.29,28.21,28.28,248341
2013-01-29 20:30:00,28.28,28.34,28.27,28.31,320342
2013-01-29 21:00:00,28.31,28.33,28.29,28.31,283881
2013-01-29 21:30:00,28.31,28.32,28.27,28.3,318044
2013-01-29 22:00:00,28.3,28.38,28.29,28.37,396171
2013-01-29 22:30:00,28.37,28.39,28.31,28.33,634272
2013-01-30 16:30:00,28.24,28.34,28.2,28.3,309072
2013-01-30 17:00:00,28.3,28.41,28.28,28.38,452932
2013-01-30 17:30:00,28.38,28.4,28.28,28.3,204802
2013-01-30 18:00:00,28.3,28.4,28.3,28.32,184404
2013-01-30 18:30:00,28.32,28.37,28.31,28.33,133595
2013-01-30 19:00:00,28.33,28.38,28.3,28.32,239705
2013-01-30 19:30:00,28.31,28.33,28.3,28.33,308166
2013-01-30 20:00:00,28.33,28.47,28.33,28.47,107258
2013-01-30 20:30:00,28.46,28.47,28.34,28.37,160313
2013-01-30 21:00:00,28.37,28.49,28.37,28.46,209617
2013-01-30 21:30:00,28.45,28.46,28.35,28.38,189634
2013-01-30 22:00:00,28.37,28.46,28.33,28.35,379020
2013-01-30 22:30:00,28.34,28.35,28.2,28.29,794366
2013-01-31 16:30:00,27.01,28.14,27.0,27.93,855317
2013-01-31 17:00:00,27.93,27.93,27.33,27.33,1139838
2013-01-31 17:30:00,27.34,27.47,26.95,27.21,1122540
2013-01-31 18:00:00,27.21,27.3,26.99,27.0,923343
2013-01-31 18:30:00,27.0,27.07,26.74,27.03,1055241
2013-01-31 19:00:00,27.03,27.18,27.03,27.12,385725
2013-01-31 19:30:00,27.12,27.39,27.11,27.3,655397
2013-01-31 20:00:00,27.3,27.36,27.23,27.3,409247
2013-01-31 20:30:00,27.3,27.43,27.29,27.31,432229
2013-01-31 21:00:00,27.32,27.51,27.31,27.49,437330
2013-01-31 21:30:00,27.48,27.5,27.37,27.39,465942
2013-01-31 22:00:00,27.39,27.4,27.26,27.26,604931
2013-01-31 22:30:00,27.26,27.41,27.22,27.25,1536016
2013-02-01 16:30:00,27.17,27.38,27.0,27.34,1308640
2013-02-01 17:00:00,27.36,27.57,27.34,27.5,569126
2013-02-01 17:30:00,27.5,27.85,27.48,27.85,488132
2013-02-01 18:00:00,27.85,27.96,27.83,27.95,395615
2013-02-01 18:30:00,27.95,28.01,27.89,27.94,277711
2013-02-01 19:00:00,27.94,28.0,27.9,27.94,246481
2013-02-01 19:30:00,27.94,27.95,27.83,27.91,230262
2013-02-01 20:00:00,27.91,27.98,27.86,27.88,225872
2013-02-01 20:30:00,27.89,27.92,27.78,27.89,388187
2013-02-01 21:00:00,27.88,27.89,27.75,27.84,296732
2013-02-01 21:30:00,27.84,27.85,27.64,27.65,587899
2013-02-01 22:00:00,27.66,27.7,27.56,27.61,587618
2013-02-01 22:30:00,27.62,27.84,27.61,27.77,1296782
2013-02-04 16:30:00,27.52,27.56,27.23,27.26,306725
2013-02-04 17:00:00,27.25,27.32,27.09,27.14,500044
2013-02-04 17:30:00,27.14,27.17,26.96,26.96,381614
2013-02-04 18:00:00,26.96,27.05,26.95,27.01,341924
2013-02-04 18:30:00,27.02,27.06,27.0,27.03,280371
2013-02-04 19:00:00,27.03,27.09,27.01,27.08,185749
2013-02-04 19:30:00,27.07,27.3,27.07,27.25,421038
2013-02-04 20:00:00,27.24,27.25,27.15,27.15,261741
2013-02-04 20:30:00,27.15,27.28,27.14,27.26,241211
2013-02-04 21:00:00,27.25,27.28,27.2,27.28,234719
2013-02-04 21:30:00,27.28,27.35,27.27,27.34,286915
2013-02-04 22:00:00,27.34,27.34,27.25,27.32,348449
2013-02-04 22:30:00,27.32,27.33,27.19,27.27,1267405
2013-02-05 16:30:00,27.28,27.53,27.14,27.45,494091
2013-02-05 17:00:00,27.45,27.46,27.31,27.32,477796
2013-02-05 17:30:00,27.32,27.35,27.23,27.25,398169
2013-02-05 18:00:00,27.25,27.44,27.25,27.43,660672
2013-02-05 18:30:00,27.43,27.47,27.4,27.44,313280
2013-02-05 19:00:00,27.44,27.48,27.41,27.41,325692
2013-02-05 19:30:00,27.41,27.49,27.41,27.48,170362
2013-02-05 20:00:00,27.48,27.57,27.46,27.57,273233
2013-02-05 20:30:00,27.56,27.59,27.52,27.54,184248
2013-02-05 21:00:00,27.54,27.54,27.49,27.53,233334
2013-02-05 21:30:00,27.52,27.57,27.51,27.56,349026
2013-02-05 22:00:00,27.56,27.59,27.47,27.58,731071
2013-02-05 22:30:00,27.58,27.63,27.54,27.59,733754
2013-02-06 16:30:00,27.37,27.46,27.27,27.34,561005
2013-02-06 17:00:00,27.35,27.46,27.33,27.43,312982
2013-02-06 17:30:00,27.43,27.47,27.39,27.45,177096
2013-02-06 18:00:00,27.46,27.51,27.39,27.39,222878
2013-02-06 18:30:00,27.39,27.39,27.33,27.36,363040
2013-02-06 19:00:00,27.36,27.43,27.33,27.33,209221
2013-02-06 19:30:00,27.34,27.36,27.28,27.3,155856
2013-02-06 20:00:00,27.29,27.35,27.24,27.24,229204
2013-02-06 20:30:00,27.24,27.35,27.21,27.3,187126
2013-02-06 21:00:00,27.31,27.4,27.3,27.39,155787
2013-02-06 21:30:00,27.38,27.49,27.36,27.49,166286
2013-02-06 22:00:00,27.48,27.5,27.41,27.45,282181
2013-02-06 22:30:00,27.45,27.55,27.41,27.5,678335
2013-02-07 16:30:00,27.56,27.61,27.42,27.42,171962
2013-02-07 17:00:00,27.43,27.49,27.07,27.14,316325
2013-02-07 17:30:00,27.14,27.25,27.08,27.19,197369
2013-02-07 18:00:00,27.19,27.2,27.07,27.1,122004
2013-02-07 18:30:00,27.1,27.18,27.02,27.17,188903
2013-02-07 19:00:00,27.17,27.27,27.16,27.2,336509
2013-02-07 19:30:00,27.21,27.27,27.18,27.22,202496
2013-02-07 20:00:00,27.21,27.35,27.19,27.32,120129
2013-02-07 20:30:00,27.31,27.34,27.26,27.33,78281
2013-02-07 21:00:00,27.33,27.36,27.28,27.32,90856
2013-02-07 21:30:00,27.32,27.42,27.27,27.42,181094
2013-02-07 22:00:00,27.42,27.43,27.33,27.35,150286
2013-02-07 22:30:00,27.37,27.39,27.32,27.34,353135
2013-02-08 16:30:00,27.42,27.54,27.32,27.39,249064
2013-02-08 17:00:00,27.39,27.41,27.32,27.34,190098
2013-02-08 17:30:00,27.35,27.39,27.26,27.26,302075
2013-02-08 18:00:00,27.26,27.29,27.15,27.15,174945
2013-02-08 18:30:00,27.15,27.34,27.15,27.28,249559
2013-02-08 19:00:00,27.29,27.34,27.24,27.24,142534
2013-02-08 19:30:00,27.25,27.27,27.21,27.25,103218
2013-02-08 20:00:00,27.26,27.31,27.2,27.2,301484
2013-02-08 20:30:00,27.2,27.28,27.2,27.27,146848
2013-02-08 21:00:00,27.27,27.3,27.19,27.21,139148
2013-02-08 21:30:00,27.22,27.25,27.17,27.18,133846
2013-02-08 22:00:00,27.19,27.27,27.18,27.23,281788
2013-02-08 22:30:00,27.23,27.31,27.19,27.31,688102
2013-02-11 16:30:00,27.36,27.6,27.29,27.51,407584
2013-02-11 17:00:00,27.51,27.56,27.38,27.45,183957
2013-02-11 17:30:00,27.45,27.51,27.4,27.47,102737
2013-02-11 18:00:00,27.48,27.54,27.47,27.49,106452
2013-02-11 18:30:00,27.49,27.5,27.41,27.42,284003
2013-02-11 19:00:00,27.42,27.44,27.35,27.43,192655
2013-02-11 19:30:00,27.42,27.46,27.38,27.45,125407
2013-02-11 20:00:00,27.44,27.51,27.44,27.49,133264
2013-02-11 20:30:00,27.49,27.5,27.42,27.42,72029
2013-02-11 21:00:00,27.42,27.52,27.41,27.48,101020
2013-02-11 21:30:00,27.48,27.5,27.38,27.38,132230
2013-02-11 22:00:00,27.39,27.46,27.38,27.41,188776
2013-02-11 22:30:00,27.41,27.46,27.39,27.42,500228
2013-02-12 16:30:00,27.65,27.81,27.56,27.69,587300
2013-02-12 17:00:00,27.69,27.79,27.68,27.73,381569
2013-02-12 17:30:00,27.73,27.81,27.72,27.79,187434
2013-02-12 18:00:00,27.79,27.86,27.68,27.68,1241929
2013-02-12 18:30:00,27.68,27.73,27.63,27.64,136802
2013-02-12 19:00:00,27.65,27.69,27.61,27.69,137423
2013-02-12 19:30:00,27.69,27.7,27.62,27.62,220457
2013-02-12 20:00:00,27.63,27.68,27.6,27.61,191129
2013-02-12 20:30:00,27.61,27.62,27.5,27.5,226702
2013-02-12 21:00:00,27.51,27.54,27.47,27.47,230885
2013-02-12 21:30:00,27.48,27.63,27.47,27.63,191623
2013-02-12 22:00:00,27.63,27.65,27.57,27.65,170077
2013-02-12 22:30:00,27.65,27.71,27.6,27.7,631551
2013-02-13 16:30:00,27.73,27.82,27.67,27.76,136545
2013-02-13 17:00:00,27.77,27.85,27.73,27.77,204238
2013-02-13 17:30:00,27.76,27.79,27.69,27.74,68167
2013-02-13 18:00:00,27.73,27.79,27.66,27.66,194740
2013-02-13 18:30:00,27.66,27.67,27.59,27.64,164915
2013-02-13 19:00:00,27.65,27.66,27.6,27.61,127730
2013-02-13 19:30:00,27.61,27.63,27.59,27.59,88812
2013-02-13 20:00:00,27.59,27.61,27.56,27.61,69306
2013-02-13 20:30:00,27.61,27.62,27.57,27.59,68086
2013-02-13 21:00:00,27.59,27.63,27.51,27.55,121738
2013-02-13 21:30:00,27.54,27.55,27.47,27.51,88520
2013-02-13 22:00:00,27.51,27.6,27.51,27.55,182813
2013-02-13 22:30:00,27.54,27.63,27.52,27.62,477075
2013-02-14 16:30:00,27.45,27.58,27.34,27.53,175481
2013-02-14 17:00:00,27.52,27.63,27.51,27.57,218124
2013-02-14 17:30:00,27.57,27.81,27.55,27.71,205275
2013-02-14 18:00:00,27.72,27.74,27.6,27.6,81797
2013-02-14 18:30:00,27.6,27.65,27.59,27.65,68662
2013-02-14 19:00:00,27.65,27.66,27.6,27.6,77246
2013-02-14 19:30:00,27.61,27.64,27.58,27.63,71602
2013-02-14 20:00:00,27.63,27.68,27.61,27.62,79371
2013-02-14 20:30:00,27.63,27.75,27.63,27.75,90919
2013-02-14 21:00:00,27.76,27.78,27.73,27.75,127827
2013-02-14 21:30:00,27.75,27.81,27.74,27.79,97164
2013-02-14 22:00:00,27.79,27.81,27.75,27.78,136707
2013-02-14 22:30:00,27.79,27.8,27.73,27.78,685574
2013-02-15 16:30:00,27.76,27.79,27.43,27.47,796571
2013-02-15 17:00:00,27.46,27.59,27.46,27.53,343608
2013-02-15 17:30:00,27.53,27.53,27.4,27.42,241423
2013-02-15 18:00:00,27.43,27.5,27.41,27.43,224537
2013-02-15 18:30:00,27.44,27.48,27.38,27.41,315663
2013-02-15 19:00:00,27.4,27.42,27.24,27.24,254971
2013-02-15 19:30:00,27.24,27.35,27.22,27.33,453286
2013-02-15 20:00:00,27.34,27.41,27.25,27.25,248270
2013-02-15 20:30:00,27.25,27.37,27.25,27.28,197789
2013-02-15 21:00:00,27.29,27.32,27.18,27.18,402617
2013-02-15 21:30:00,27.19,27.24,27.13,27.21,307957
2013-02-15 22:00:00,27.21,27.35,27.2,27.29,335482
2013-02-15 22:30:00,27.3,27.39,27.26,27.34,877166
2013-02-19 16:30:00,27.27,27.45,27.09,27.45,186414
2013-02-19 17:00:00,27.44,27.58,27.41,27.57,259339
2013-02-19 17:30:00,27.57,27.65,27.56,27.62,181645
2013-02-19 18:00:00,27.61,27.65,27.55,27.65,197825
2013-02-19 18:30:00,27.65,27.69,27.6,27.6,325529
2013-02-19 19:00:00,27.61,27.61,27.56,27.6,171763
2013-02-19 19:30:00,27.6,27.61,27.59,27.59,38571
2013-02-19 20:00:00,27.6,27.62,27.52,27.55,128971
2013-02-19 20:30:00,27.55,27.62,27.54,27.62,145927
2013-02-19 21:00:00,27.62,27.68,27.61,27.63,122368
2013-02-19 21:30:00,27.63,27.67,27.6,27.6,218995
2013-02-19 22:00:00,27.6,27.61,27.54,27.54,291790
2013-02-19 22:30:00,27.54,27.66,27.52,27.64,1020047
2013-02-20 16:30:00,27.57,27.63,27.44,27.45,383517
2013-02-20 17:00:00,27.45,27.5,27.41,27.49,158911
2013-02-20 17:30:00,27.5,27.62,27.49,27.61,295297
2013-02-20 18:00:00,27.62,27.64,27.54,27.58,545068
2013-02-20 18:30:00,27.58,27.67,27.56,27.67,510501
2013-02-20 19:00:00,27.66,27.67,27.59,27.64,275234
2013-02-20 19:30:00,27.63,27.65,27.58,27.63,323124
2013-02-20 20:00:00,27.63,27.65,27.6,27.61,283376
2013-02-20 20:30:00,27.6,27.61,27.5,27.5,297048
2013-02-20 21:00:00,27.49,27.54,27.45,27.51,373128
2013-02-20 21:30:00,27.51,27.51,27.3,27.31,283205
2013-02-20 22:00:00,27.31,27.32,27.2,27.22,341913
2013-02-20 22:30:00,27.22,27.27,27.14,27.16,849862
2013-02-21 16:30:00,26.91,27.11,26.52,26.53,438751
2013-02-21 17:00:00,26.53,26.55,26.39,26.54,533132
2013-02-21 17:30:00,26.54,26.56,26.43,26.51,710587
2013-02-21 18:00:00,26.5,26.52,26.41,26.42,207090
2013-02-21 18:30:00,26.43,26.48,26.41,26.47,295242
2013-02-21 19:00:00,26.47,26.48,26.37,26.41,372405
2013-02-21 19:30:00,26.41,26.45,26.38,26.45,286829
2013-02-21 20:00:00,26.45,26.48,26.42,26.44,267934
2013-02-21 20:30:00,26.45,26.47,26.32,26.32,225912
2013-02-21 21:00:00,26.33,26.36,26.23,26.3,343563
2013-02-21 21:30:00,26.31,26.36,26.24,26.31,255283
2013-02-21 22:00:00,26.32,26.43,26.29,26.39,487386
2013-02-21 22:30:00,26.39,26.43,26.25,26.31,1043003
2013-02-22 16:30:00,26.48,26.61,26.43,26.52,594817
2013-02-22 17:00:00,26.52,26.55,26.46,26.52,389532
2013-02-22 17:30:00,26.51,26.57,26.46,26.46,414148
2013-02-22 18:00:00,26.46,26.51,26.35,26.42,247942
2013-02-22 18:30:00,26.43,26.49,26.42,26.45,224283
2013-02-22 19:00:00,26.45,26.47,26.42,26.44,148671
2013-02-22 19:30:00,26.44,26.49,26.44,26.45,310675
2013-02-22 20:00:00,26.45,26.49,26.42,26.46,420690
2013-02-22 20:30:00,26.46,26.51,26.43,26.45,142590
2013-02-22 21:00:00,26.46,26.5,26.44,26.45,412921
2013-02-22 21:30:00,26.45,26.53,26.44,26.51,293299
2013-02-22 22:00:00,26.5,26.55,26.46,26.53,588527
2013-02-22 22:30:00,26.54,26.61,26.5,26.58,693811
2013-02-25 16:30:00,26.77,26.92,26.69,26.88,543933
2013-02-25 17:00:00,26.88,26.95,26.74,26.75,329202
2013-02-25 17:30:00,26.76,26.84,26.6,26.68,215242
2013-02-25 18:00:00,26.68,26.79,26.59,26.72,506846
2013-02-25 18:30:00,26.72,26.74,26.44,26.48,415177
2013-02-25 19:00:00,26.48,26.59,26.45,26.58,253369
2013-02-25 19:30:00,26.58,26.64,26.54,26.58,468961
2013-02-25 20:00:00,26.58,26.62,26.53,26.58,218817
2013-02-25 20:30:00,26.57,26.58,26.39,26.44,292634
2013-02-25 21:00:00,26.43,26.44,26.32,26.38,250338
2013-02-25 21:30:00,26.38,26.47,26.34,26.38,212254
2013-02-25 22:00:00,26.39,26.42,26.13,26.15,276767
2013-02-25 22:30:00,26.16,26.2,25.92,25.93,686424
2013-02-26 16:30:00,26.09,26.15,25.78,25.88,333959
2013-02-26 17:00:00,25.88,25.95,25.72,25.72,873777
2013-02-26 17:30:00,25.71,25.71,25.52,25.54,922000
2013-02-26 18:00:00,25.54,25.61,25.48,25.51,705606
2013-02-26 18:30:00,25.52,25.61,25.46,25.57,422507
2013-02-26 19:00:00,25.57,25.69,25.57,25.65,565370
2013-02-26 19:30:00,25.66,25.73,25.63,25.68,427281
2013-02-26 20:00:00,25.68,25.72,25.58,25.65,364565
2013-02-26 20:30:00,25.66,25.71,25.64,25.66,297242
2013-02-26 21:00:00,25.67,25.71,25.65,25.69,270634
2013-02-26 21:30:00,25.69,25.73,25.61,25.63,1147538
2013-02-26 22:00:00,25.63,25.69,25.63,25.67,543272
2013-02-26 22:30:00,25.67,25.71,25.6,25.65,1405626
2013-02-27 16:30:00,25.63,25.94,25.55,25.91,340572
2013-02-27 17:00:00,25.91,26.09,25.88,26.05,592122
2013-02-27 17:30:00,26.06,26.25,26.06,26.23,763213
2013-02-27 18:00:00,26.23,26.36,26.22,26.33,483849
2013-02-27 18:30:00,26.33,26.33,26.2,26.22,394185
2013-02-27 19:00:00,26.21,26.37,26.18,26.37,249913
2013-02-27 19:30:00,26.36,26.44,26.31,26.37,366271
2013-02-27 20:00:00,26.37,26.39,26.27,26.3,244786
2013-02-27 20:30:00,26.31,26.37,26.28,26.37,168765
2013-02-27 21:00:00,26.37,26.49,26.35,26.47,344578
2013-02-27 21:30:00,26.46,26.53,26.43,26.48,322664
2013-02-27 22:00:00,26.48,26.55,26.4,26.52,350385
2013-02-27 22:30:00,26.51,26.56,26.44,26.44,753155
2013-02-28 16:30:00,26.37,26.59,26.31,26.5,357253
2013-02-28 17:00:00,26.5,26.51,26.4,26.45,337220
2013-02-28 17:30:00,26.44,26.46,26.37,26.45,214468
2013-02-28 18:00:00,26.44,26.53,26.41,26.53,132603
2013-02-28 18:30:00,26.53,26.55,26.47,26.54,202571
2013-02-28 19:00:00,26.53,26.63,26.52,26.61,258355
2013-02-28 19:30:00,26.6,26.71,26.59,26.68,268035
2013-02-28 20:00:00,26.68,26.82,26.67,26.76,376445
2013-02-28 20:30:00,26.76,26.88,26.74,26.81,333784
2013-02-28 21:00:00,26.8,26.92,26.78,26.82,537705
2013-02-28 21:30:00,26.82,26.84,26.75,26.8,334063
2013-02-28 22:00:00,26.79,26.83,26.74,26.83,535929
2013-02-28 22:30:00,26.83,26.84,26.76,26.78,1194474
2013-03-01 16:30:00,26.92,26.93,26.24,26.41,757152
2013-03-01 17:00:00,26.42,26.91,26.42,26.9,1221084
2013-03-01 17:30:00,26.91,26.93,26.76,26.88,662741
2013-03-01 18:00:00,26.88,26.98,26.74,26.75,510990
2013-03-01 18:30:00,26.76,26.78,26.65,26.76,371088
2013-03-01 19:00:00,26.76,26.91,26.73,26.86,307527
2013-03-01 19:30:00,26.86,26.98,26.84,26.98,412056
2013-03-01 20:00:00,26.97,26.99,26.88,26.88,437605
2013-03-01 20:30:00,26.89,26.9,26.8,26.86,325905
2013-03-01 21:00:00,26.85,26.97,26.84,26.89,283214
2013-03-01 21:30:00,26.9,26.92,26.8,26.87,369046
2013-03-01 22:00:00,26.87,26.91,26.8,26.81,507379
2013-03-01 22:30:00,26.81,26.85,26.7,26.84,982818
2013-03-04 16:30:00,26.79,26.9,26.7,26.74,727274
2013-03-04 17:00:00,26.74,26.85,26.73,26.83,759469
2013-03-04 17:30:00,26.83,27.24,26.83,27.11,1003505
2013-03-04 18:00:00,27.12,27.26,27.06,27.22,412986
2013-03-04 18:30:00,27.23,27.3,27.2,27.27,338658
2013-03-04 19:00:00,27.27,27.28,27.01,27.04,348018
2013-03-04 19:30:00,27.04,27.06,26.97,27.06,186596
2013-03-04 20:00:00,27.06,27.23,27.03,27.22,339890
2013-03-04 20:30:00,27.23,27.31,27.18,27.3,322836
2013-03-04 21:00:00,27.29,27.52,27.28,27.48,614198
2013-03-04 21:30:00,27.47,27.55,27.41,27.44,533438
2013-03-04 22:00:00,27.44,27.45,27.33,27.43,390947
2013-03-04 22:30:00,27.43,27.47,27.34,27.47,953642
2013-03-05 16:30:00,27.7,27.94,27.6,27.6,373249
2013-03-05 17:00:00,27.61,27.79,27.61,27.78,320067
2013-03-05 17:30:00,27.77,27.84,27.74,27.79,271066
2013-03-05 18:00:00,27.79,27.79,27.72,27.75,237129
2013-03-05 18:30:00,27.75,27.76,27.7,27.7,261636
2013-03-05 19:00:00,27.7,27.73,27.66,27.67,214955
2013-03-05 19:30:00,27.67,27.75,27.66,27.74,196731
2013-03-05 20:00:00,27.74,27.82,27.67,27.8,305908
2013-03-05 20:30:00,27.8,27.89,27.72,27.75,289312
2013-03-05 21:00:00,27.75,27.76,27.69,27.69,190455
2013-03-05 21:30:00,27.7,27.8,27.69,27.77,268156
2013-03-05 22:00:00,27.78,27.8,27.68,27.69,443038
2013-03-05 22:30:00,27.69,27.72,27.63,27.69,383150
2013-03-06 16:30:00,27.93,28.02,27.86,27.92,251357
2013-03-06 17:00:00,27.91,28.04,27.87,28.04,323125
2013-03-06 17:30:00,28.04,28.04,27.83,27.85,192585
2013-03-06 18:00:00,27.85,27.9,27.84,27.86,215344
2013-03-06 18:30:00,27.86,27.99,27.86,27.98,169451
2013-03-06 19:00:00,27.98,27.98,27.86,27.89,180486
2013-03-06 19:30:00,27.89,27.98,27.87,27.89,130817
2013-03-06 20:00:00,27.88,27.92,27.86,27.9,110491
2013-03-06 20:30:00,27.9,27.95,27.86,27.88,210255
2013-03-06 21:00:00,27.88,27.91,27.8,27.89,207313
2013-03-06 21:30:00,27.89,27.97,27.89,27.9,261760
2013-03-06 22:00:00,27.9,27.91,27.8,27.82,268719
2013-03-06 22:30:00,27.82,27.82,27.71,27.79,457706
2013-03-07 16:30:00,27.85,27.98,27.8,27.9,148689
2013-03-07 17:00:00,27.9,27.98,27.85,27.98,93128
2013-03-07 17:30:00,27.98,28.0,27.89,27.9,147769
2013-03-07 18:00:00,27.9,27.95,27.9,27.93,295645
2013-03-07 18:30:00,27.93,28.02,27.93,28.0,177085
2013-03-07 19:00:00,28.01,28.05,27.99,28.05,80085
2013-03-07 19:30:00,28.04,28.04,27.94,27.97,255669
2013-03-07 20:00:00,27.96,27.98,27.93,27.97,287354
2013-03-07 20:30:00,27.97,27.98,27.93,27.94,187745
2013-03-07 21:00:00,27.95,27.96,27.88,27.93,199499
2013-03-07 21:30:00,27.92,27.95,27.89,27.92,237812
2013-03-07 22:00:00,27.91,27.97,27.89,27.94,269521
2013-03-07 22:30:00,27.94,27.96,27.91,27.93,439961
2013-03-08 16:30:00,28.13,28.19,27.86,27.96,513490
2013-03-08 17:00:00,27.95,27.97,27.79,27.89,147963
2013-03-08 17:30:00,27.89,27.95,27.83,27.87,118532
2013-03-08 18:00:00,27.88,27.95,27.84,27.92,292808
2013-03-08 18:30:00,27.93,27.96,27.88,27.91,119848
2013-03-08 19:00:00,27.9,27.93,27.84,27.9,194438
2013-03-08 19:30:00,27.89,27.93,27.87,27.9,46771
2013-03-08 20:00:00,27.91,27.96,27.89,27.93,58753
2013-03-08 20:30:00,27.93,28.02,27.93,28.0,197334
2013-03-08 21:00:00,28.0,28.01,27.94,28.01,195485
2013-03-08 21:30:00,28.02,28.06,27.99,28.04,122349
2013-03-08 22:00:00,28.04,28.13,28.03,28.08,190955
2013-03-08 22:30:00,28.08,28.2,28.08,28.12,479657
2013-03-11 16:30:00,28.08,28.13,27.85,28.05,171975
2013-03-11 17:00:00,28.04,28.08,27.99,27.99,278317
2013-03-11 17:30:00,27.99,28.04,27.97,28.01,180543
2013-03-11 18:00:00,28.01,28.13,27.99,28.11,189361
2013-03-11 18:30:00,28.11,28.19,28.1,28.18,101540
2013-03-11 19:00:00,28.18,28.21,28.15,28.19,88737
2013-03-11 19:30:00,28.19,28.21,28.15,28.18,76195
2013-03-11 20:00:00,28.18,28.25,28.18,28.22,63557
2013-03-11 20:30:00,28.22,28.24,28.17,28.17,170876
2013-03-11 21:00:00,28.18,28.2,28.16,28.19,108749
2013-03-11 21:30:00,28.18,28.19,28.12,28.18,448987
2013-03-11 22:00:00,28.18,28.23,28.16,28.19,242192
2013-03-11 22:30:00,28.2,28.26,28.16,28.25,385217
2013-03-12 16:30:00,28.25,28.25,28.05,28.05,250565
2013-03-12 17:00:00,28.06,28.16,28.05,28.15,163419
2013-03-12 17:30:00,28.17,28.24,28.14,28.21,215961
2013-03-12 18:00:00,28.21,28.22,28.09,28.1,154705
2013-03-12 18:30:00,28.1,28.19,28.08,28.15,141530
2013-03-12 19:00:00,28.15,28.17,28.1,28.14,144921
2013-03-12 19:30:00,28.14,28.21,28.13,28.17,90876
2013-03-12 20:00:00,28.17,28.17,28.08,28.08,160003
2013-03-12 20:30:00,28.08,28.09,28.02,28.03,139471
2013-03-12 21:00:00,28.04,28.04,27.98,27.99,253406
2013-03-12 21:30:00,28.0,28.05,27.99,28.01,155225
2013-03-12 22:00:00,28.01,28.12,28.01,28.11,233613
2013-03-12 22:30:00,28.11,28.16,28.05,28.11,672494
2013-03-13 16:30:00,27.71,28.11,27.64,28.1,349457
2013-03-13 17:00:00,28.1,28.11,28.0,28.03,207495
2013-03-13 17:30:00,28.04,28.1,28.01,28.1,156694
2013-03-13 18:00:00,28.1,28.2,28.1,28.16,192019
2013-03-13 18:30:00,28.16,28.24,28.16,28.23,143031
2013-03-13 19:00:00,28.24,28.28,28.21,28.22,152121
2013-03-13 19:30:00,28.23,28.34,28.22,28.33,172237
2013-03-13 20:00:00,28.33,28.4,28.3,28.39,203424
2013-03-13 20:30:00,28.4,28.45,28.38,28.41,232133
2013-03-13 21:00:00,28.42,28.47,28.4,28.41,198567
2013-03-13 21:30:00,28.42,28.43,28.29,28.33,142940
2013-03-13 22:00:00,28.33,28.41,28.29,28.38,286855
2013-03-13 22:30:00,28.37,28.49,28.36,28.44,662482
2013-03-14 16:30:00,28.52,28.79,28.43,28.79,353548
2013-03-14 17:00:00,28.78,28.8,28.6,28.66,287494
2013-03-14 17:30:00,28.66,28.77,28.61,28.72,264907
2013-03-14 18:00:00,28.72,28.73,28.67,28.7,202475
2013-03-14 18:30:00,28.71,28.89,28.69,28.88,253092
2013-03-14 19:00:00,28.89,29.23,28.87,28.95,837494
2013-03-14 19:30:00,28.94,28.97,28.81,28.81,194548
2013-03-14 20:00:00,28.82,28.9,28.79,28.86,170503
2013-03-14 20:30:00,28.86,28.87,28.82,28.85,260231
2013-03-14 21:00:00,28.85,28.87,28.8,28.81,187908
2013-03-14 21:30:00,28.81,28.88,28.79,28.82,182378
2013-03-14 22:00:00,28.83,28.88,28.75,28.77,331664
2013-03-14 22:30:00,28.77,28.84,28.76,28.83,882252
2013-03-15 16:30:00,28.91,28.93,28.68,28.69,1268678
2013-03-15 17:00:00,28.68,28.78,28.62,28.72,195397
2013-03-15 17:30:00,28.71,28.93,28.69,28.91,210812
2013-03-15 18:00:00,28.9,29.0,28.87,28.97,252502
2013-03-15 18:30:00,28.98,29.06,28.97,29.04,228686
2013-03-15 19:00:00,29.05,29.1,29.01,29.08,168271
2013-03-15 19:30:00,29.08,29.09,28.99,29.03,185342
2013-03-15 20:00:00,29.04,29.05,28.92,28.94,86790
2013-03-15 20:30:00,28.94,28.94,28.89,28.92,69937
2013-03-15 21:00:00,28.91,28.98,28.9,28.96,201482
2013-03-15 21:30:00,28.96,29.02,28.93,29.01,245129
2013-03-15 22:00:00,29.01,29.03,28.95,29.03,178921
2013-03-15 22:30:00,29.03,29.2,29.02,29.12,892679
2013-03-18 16:30:00,28.77,28.97,28.5,28.83,283138
2013-03-18 17:00:00,28.83,28.93,28.78,28.89,184035
2013-03-18 17:30:00,28.89,28.98,28.8,28.91,197797
2013-03-18 18:00:00,28.9,28.95,28.85,28.86,188699
2013-03-18 18:30:00,28.87,29.05,28.84,29.05,357409
2013-03-18 19:00:00,29.05,29.15,29.01,29.03,158580
2013-03-18 19:30:00,29.03,29.07,28.99,29.06,73138
2013-03-18 20:00:00,29.06,29.07,28.99,29.01,94615
2013-03-18 20:30:00,29.0,29.01,28.95,28.99,95344
2013-03-18 21:00:00,28.99,29.12,28.98,29.12,125195
2013-03-18 21:30:00,29.12,29.13,29.01,29.02,190093
2013-03-18 22:00:00,29.03,29.07,28.91,28.94,237231
2013-03-18 22:30:00,28.94,28.95,28.86,28.92,463436
2013-03-19 16:30:00,29.02,29.13,28.94,29.04,169075
2013-03-19 17:00:00,29.04,29.04,28.93,28.96,151539
2013-03-19 17:30:00,28.95,29.0,28.83,28.86,287727
2013-03-19 18:00:00,28.86,28.88,28.8,28.86,248551
2013-03-19 18:30:00,28.87,28.95,28.52,28.57,219597
2013-03-19 19:00:00,28.56,28.65,28.48,28.62,328102
2013-03-19 19:30:00,28.61,28.63,28.49,28.51,111785
2013-03-19 20:00:00,28.51,28.55,28.35,28.38,159017
2013-03-19 20:30:00,28.37,28.38,28.26,28.3,411745
2013-03-19 21:00:00,28.31,28.33,28.19,28.31,485855
2013-03-19 21:30:00,28.32,28.41,28.31,28.33,452670
2013-03-19 22:00:00,28.33,28.49,28.27,28.34,1104587
2013-03-19 22:30:00,28.33,28.4,28.28,28.35,740032
2013-03-20 16:30:00,28.66,28.76,28.47,28.49,183749
2013-03-20 17:00:00,28.5,28.6,28.44,28.54,135182
2013-03-20 17:30:00,28.54,28.58,28.46,28.54,171644
2013-03-20 18:00:00,28.54,28.62,28.52,28.62,104251
2013-03-20 18:30:00,28.61,28.64,28.56,28.57,107661
2013-03-20 19:00:00,28.56,28.62,28.52,28.61,182772
2013-03-20 19:30:00,28.62,28.65,28.59,28.63,132658
2013-03-20 20:00:00,28.63,28.64,28.55,28.55,114257
2013-03-20 20:30:00,28.55,28.56,28.46,28.48,403789
2013-03-20 21:00:00,28.48,28.6,28.45,28.59,384179
2013-03-20 21:30:00,28.59,28.63,28.5,28.52,288073
2013-03-20 22:00:00,28.52,28.62,28.49,28.59,240485
2013-03-20 22:30:00,28.59,28.7,28.54,28.59,481700
2013-03-21 16:30:00,28.44,28.57,28.37,28.55,94717
2013-03-21 17:00:00,28.56,28.56,28.42,28.48,272881
2013-03-21 17:30:00,28.47,28.56,28.43,28.48,197533
2013-03-21 18:00:00,28.48,28.58,28.41,28.5,115103
2013-03-21 18:30:00,28.5,28.62,28.49,28.58,142823
2013-03-21 19:00:00,28.58,28.63,28.46,28.48,69686
2013-03-21 19:30:00,28.47,28.53,28.42,28.53,118688
2013-03-21 20:00:00,28.53,28.55,28.39,28.41,168957
2013-03-21 20:30:00,28.41,28.42,28.32,28.35,123084
2013-03-21 21:00:00,28.35,28.44,28.2,28.4,213180
2013-03-21 21:30:00,28.4,28.42,28.33,28.35,89493
2013-03-21 22:00:00,28.34,28.39,28.28,28.36,138821
2013-03-21 22:30:00,28.36,28.38,28.27,28.28,348592
2013-03-22 16:30:00,28.42,28.43,28.21,28.33,321619
2013-03-22 17:00:00,28.33,28.43,28.31,28.41,96444
2013-03-22 17:30:00,28.41,28.41,28.31,28.33,123533
2013-03-22 18:00:00,28.32,28.42,28.32,28.38,92285
2013-03-22 18:30:00,28.37,28.41,28.29,28.32,80822
2013-03-22 19:00:00,28.32,28.34,28.26,28.27,63184
2013-03-22 19:30:00,28.27,28.27,28.22,28.25,46113
2013-03-22 20:00:00,28.26,28.38,28.25,28.37,59203
2013-03-22 20:30:00,28.36,28.38,28.27,28.29,55866
2013-03-22 21:00:00,28.29,28.3,28.25,28.28,50742
2013-03-22 21:30:00,28.29,28.35,28.28,28.35,50177
2013-03-22 22:00:00,28.34,28.36,28.27,28.3,121494
2013-03-22 22:30:00,28.3,28.41,28.29,28.4,577707
2013-03-25 16:30:00,28.57,28.64,28.47,28.58,57277
2013-03-25 17:00:00,28.58,28.6,28.51,28.56,143755
2013-03-25 17:30:00,28.56,28.59,28.4,28.4,283429
2013-03-25 18:00:00,28.4,28.46,28.33,28.39,212378
2013-03-25 18:30:00,28.39,28.47,28.38,28.41,108083
2013-03-25 19:00:00,28.41,28.44,28.33,28.33,171399
2013-03-25 19:30:00,28.32,28.35,28.23,28.25,94537
2013-03-25 20:00:00,28.25,28.3,28.15,28.26,147289
2013-03-25 20:30:00,28.26,28.44,28.22,28.39,161264
2013-03-25 21:00:00,28.4,28.41,28.32,28.36,65323
2013-03-25 21:30:00,28.35,28.36,28.27,28.33,79328
2013-03-25 22:00:00,28.33,28.33,28.22,28.28,418491
2013-03-25 22:30:00,28.27,28.36,28.23,28.35,393444
2013-03-26 16:30:00,28.44,28.54,28.42,28.5,126325
2013-03-26 17:00:00,28.5,28.55,28.38,28.45,130892
2013-03-26 17:30:00,28.46,28.5,28.3,28.42,121615
2013-03-26 18:00:00,28.42,28.49,28.4,28.45,84661
2013-03-26 18:30:00,28.45,28.51,28.43,28.46,89036
2013-03-26 19:00:00,28.46,28.5,28.42,28.47,97005
2013-03-26 19:30:00,28.47,28.5,28.45,28.46,97515
2013-03-26 20:00:00,28.46,28.58,28.46,28.56,82218
2013-03-26 20:30:00,28.56,28.57,28.51,28.57,95787
2013-03-26 21:00:00,28.57,28.64,28.56,28.6,218979
2013-03-26 21:30:00,28.61,28.65,28.56,28.63,113991
2013-03-26 22:00:00,28.61,28.68,28.6,28.65,226527
2013-03-26 22:30:00,28.65,28.75,28.64,28.75,624253
2013-03-27 16:30:00,28.5,28.56,28.36,28.51,231554
2013-03-27 17:00:00,28.52,28.54,28.43,28.5,314457
2013-03-27 17:30:00,28.5,28.64,28.45,28.49,194979
2013-03-27 18:00:00,28.49,28.62,28.48,28.56,133956
2013-03-27 18:30:00,28.57,28.62,28.54,28.58,113711
2013-03-27 19:00:00,28.58,28.6,28.51,28.53,106668
2013-03-27 19:30:00,28.53,28.58,28.51,28.55,102378
2013-03-27 20:00:00,28.54,28.56,28.49,28.56,76093
2013-03-27 20:30:00,28.54,28.67,28.53,28.67,135144
2013-03-27 21:00:00,28.66,28.73,28.65,28.71,153616
2013-03-27 21:30:00,28.71,28.77,28.68,28.74,153708
2013-03-27 22:00:00,28.75,28.76,28.69,28.71,286291
2013-03-27 22:30:00,28.71,28.74,28.63,28.65,372719
2013-03-28 16:30:00,28.65,28.82,28.6,28.73,117730
2013-03-28 17:00:00,28.74,28.75,28.63,28.69,192735
2013-03-28 17:30:00,28.69,28.86,28.69,28.83,152640
2013-03-28 18:00:00,28.83,28.84,28.75,28.84,90006
2013-03-28 18:30:00,28.83,28.85,28.77,28.81,122197
2013-03-28 19:00:00,28.81,28.83,28.69,28.73,92158
2013-03-28 19:30:00,28.72,28.83,28.72,28.83,55338
2013-03-28 20:00:00,28.83,28.85,28.78,28.8,125806
2013-03-28 20:30:00,28.81,28.88,28.8,28.88,97084
2013-03-28 21:00:00,28.88,28.94,28.88,28.9,115501
2013-03-28 21:30:00,28.9,28.96,28.87,28.93,133998
2013-03-28 22:00:00,28.93,28.95,28.85,28.92,195849
2013-03-28 22:30:00,28.92,29.01,28.91,28.96,822344
2013-04-01 16:30:00,28.95,29.1,28.95,28.99,118970
2013-04-01 17:00:00,28.99,29.02,28.78,28.86,200637
2013-04-01 17:30:00,28.86,28.88,28.56,28.61,280323
2013-04-01 18:00:00,28.61,28.62,28.53,28.56,219384
2013-04-01 18:30:00,28.57,28.63,28.56,28.6,145000
2013-04-01 19:00:00,28.59,28.64,28.55,28.57,138202
2013-04-01 19:30:00,28.58,28.59,28.53,28.58,92881
2013-04-01 20:00:00,28.58,28.63,28.53,28.62,169435
2013-04-01 20:30:00,28.62,28.63,28.49,28.52,84524
2013-04-01 21:00:00,28.52,28.56,28.43,28.47,140312
2013-04-01 21:30:00,28.47,28.48,28.39,28.4,129080
2013-04-01 22:00:00,28.41,28.45,28.3,28.31,249562
2013-04-01 22:30:00,28.31,28.4,28.3,28.39,487843
2013-04-02 16:30:00,28.49,28.61,28.42,28.5,115053
2013-04-02 17:00:00,28.51,28.65,28.51,28.64,145657
2013-04-02 17:30:00,28.63,28.74,28.57,28.74,214315
2013-04-02 18:00:00,28.74,28.81,28.72,28.75,216869
2013-04-02 18:30:00,28.75,28.76,28.7,28.7,114257
2013-04-02 19:00:00,28.7,28.75,28.7,28.74,91912
2013-04-02 19:30:00,28.74,28.78,28.7,28.77,67458
2013-04-02 20:00:00,28.77,28.78,28.71,28.72,62134
2013-04-02 20:30:00,28.71,28.79,28.7,28.78,77113
2013-04-02 21:00:00,28.78,28.81,28.76,28.78,184408
2013-04-02 21:30:00,28.78,28.83,28.75,28.81,383631
2013-04-02 22:00:00,28.81,28.82,28.75,28.77,395581
2013-04-02 22:30:00,28.78,28.85,28.74,28.83,599371
2013-04-03 16:30:00,28.93,28.95,28.49,28.52,162827
2013-04-03 17:00:00,28.52,28.57,28.36,28.46,288291
2013-04-03 17:30:00,28.45,28.54,28.4,28.47,332121
2013-04-03 18:00:00,28.47,28.52,28.37,28.4,232989
2013-04-03 18:30:00,28.4,28.41,28.3,28.34,311584
2013-04-03 19:00:00,28.34,28.36,28.28,28.32,119498
2013-04-03 19:30:00,28.32,28.36,28.28,28.32,121116
2013-04-03 20:00:00,28.32,28.39,28.28,28.33,140189
2013-04-03 20:30:00,28.34,28.35,28.21,28.21,134761
2013-04-03 21:00:00,28.2,28.32,28.19,28.22,560902
2013-04-03 21:30:00,28.22,28.26,28.17,28.18,384196
2013-04-03 22:00:00,28.18,28.22,28.12,28.15,458153
2013-04-03 22:30:00,28.15,28.2,28.02,28.15,919970
2013-04-04 16:30:00,28.27,28.55,28.15,28.47,269389
2013-04-04 17:00:00,28.47,28.66,28.47,28.51,452716
2013-04-04 17:30:00,28.51,28.66,28.48,28.64,289407
2013-04-04 18:00:00,28.64,28.77,28.63,28.67,171578
2013-04-04 18:30:00,28.67,28.68,28.49,28.5,240559
2013-04-04 19:00:00,28.5,28.54,28.43,28.52,175652
2013-04-04 19:30:00,28.51,28.54,28.47,28.51,121798
2013-04-04 20:00:00,28.51,28.54,28.42,28.53,143387
2013-04-04 20:30:00,28.52,28.61,28.49,28.49,155986
2013-04-04 21:00:00,28.5,28.57,28.48,28.57,144581
2013-04-04 21:30:00,28.56,28.58,28.5,28.51,211578
2013-04-04 22:00:00,28.51,28.55,28.49,28.49,234468
2013-04-04 22:30:00,28.5,28.71,28.49,28.68,831873
2013-04-05 16:30:00,28.19,28.27,27.96,28.0,467485
2013-04-05 17:00:00,28.0,28.05,27.86,28.01,441233
2013-04-05 17:30:00,28.02,28.08,27.97,28.04,332245
2013-04-05 18:00:00,28.03,28.17,28.02,28.02,232027
2013-04-05 18:30:00,28.02,28.07,27.95,27.96,172197
2013-04-05 19:00:00,27.96,28.05,27.93,28.03,188808
2013-04-05 19:30:00,28.03,28.06,28.0,28.05,151108
2013-04-05 20:00:00,28.05,28.12,28.03,28.1,310005
2013-04-05 20:30:00,28.1,28.16,28.09,28.12,143591
2013-04-05 21:00:00,28.12,28.17,28.06,28.15,256656
2013-04-05 21:30:00,28.16,28.37,28.15,28.33,267228
2013-04-05 22:00:00,28.33,28.34,28.19,28.26,403912
2013-04-05 22:30:00,28.26,28.42,28.24,28.37,450510
2013-04-08 16:30:00,28.36,28.46,28.17,28.21,321790
2013-04-08 17:00:00,28.22,28.33,28.16,28.33,189482
2013-04-08 17:30:00,28.33,28.37,28.25,28.34,228503
2013-04-08 18:00:00,28.34,28.35,28.28,28.32,107976
2013-04-08 18:30:00,28.32,28.35,28.31,28.31,90067
2013-04-08 19:00:00,28.32,28.35,28.28,28.35,77662
2013-04-08 19:30:00,28.35,28.42,28.34,28.37,66983
2013-04-08 20:00:00,28.37,28.43,28.36,28.41,114416
2013-04-08 20:30:00,28.42,28.53,28.41,28.51,66700
2013-04-08 21:00:00,28.52,28.63,28.51,28.59,74441
2013-04-08 21:30:00,28.59,28.6,28.55,28.57,70807
2013-04-08 22:00:00,28.57,28.64,28.56,28.63,87264
2013-04-08 22:30:00,28.64,28.77,28.62,28.77,363378
2013-04-09 16:30:00,28.91,29.0,28.82,28.83,289424
2013-04-09 17:00:00,28.83,28.94,28.81,28.9,271368
2013-04-09 17:30:00,28.9,28.91,28.75,28.77,307233
2013-04-09 18:00:00,28.76,28.8,28.69,28.78,250066
2013-04-09 18:30:00,28.78,28.88,28.75,28.87,121962
2013-04-09 19:00:00,28.87,28.87,28.83,28.85,91237
2013-04-09 19:30:00,28.86,28.88,28.8,28.83,96542
2013-04-09 20:00:00,28.82,28.99,28.82,28.94,146491
2013-04-09 20:30:00,28.94,28.96,28.9,28.94,92787
2013-04-09 21:00:00,28.95,29.0,28.93,28.99,126365
2013-04-09 21:30:00,28.99,29.04,28.97,29.0,284883
2013-04-09 22:00:00,29.0,29.01,28.91,28.97,312269
2013-04-09 22:30:00,28.98,28.98,28.87,28.89,360561
2013-04-10 16:30:00,29.2,29.94,29.17,29.93,880903
2013-04-10 17:00:00,29.92,29.93,29.64,29.67,554320
2013-04-10 17:30:00,29.65,29.69,29.61,29.65,422663
2013-04-10 18:00:00,29.66,29.74,29.62,29.67,288940
2013-04-10 18:30:00,29.68,29.8,29.67,29.76,133290
2013-04-10 19:00:00,29.77,29.86,29.75,29.86,151179
2013-04-10 19:30:00,29.85,29.9,29.82,29.85,99115
2013-04-10 20:00:00,29.86,29.92,29.84,29.89,103158
2013-04-10 20:30:00,29.89,29.93,29.85,29.91,93643
2013-04-10 21:00:00,29.91,29.93,29.86,29.87,66662
2013-04-10 21:30:00,29.88,29.89,29.81,29.81,130309
2013-04-10 22:00:00,29.81,29.82,29.7,29.73,313903
2013-04-10 22:30:00,29.74,29.88,29.7,29.87,797301
2013-04-11 16:30:00,29.95,29.96,29.73,29.96,131869
2013-04-11 17:00:00,29.95,30.02,29.89,30.01,381916
2013-04-11 17:30:00,30.02,30.1,29.92,30.06,255084
2013-04-11 18:00:00,30.07,30.1,30.03,30.06,282788
2013-04-11 18:30:00,30.07,30.12,30.01,30.06,643763
2013-04-11 19:00:00,30.05,30.1,30.01,30.06,408111
2013-04-11 19:30:00,30.06,30.12,30.04,30.09,204469
2013-04-11 20:00:00,30.11,30.2,30.1,30.16,187594
2013-04-11 20:30:00,30.15,30.21,30.09,30.1,326910
2013-04-11 21:00:00,30.1,30.21,30.05,30.17,147847
2013-04-11 21:30:00,30.17,30.21,30.16,30.2,200869
2013-04-11 22:00:00,30.2,30.22,30.16,30.19,470677
2013-04-11 22:30:00,30.2,30.25,30.11,30.17,581794
2013-04-12 16:30:00,30.03,30.19,29.96,30.1,146998
2013-04-12 17:00:00,30.09,30.22,30.08,30.16,297222
2013-04-12 17:30:00,30.16,30.2,30.04,30.15,467333
2013-04-12 18:00:00,30.15,30.2,30.1,30.19,206515
2013-04-12 18:30:00,30.19,30.19,30.1,30.16,140508
2013-04-12 19:00:00,30.16,30.17,30.02,30.04,74873
2013-04-12 19:30:00,30.04,30.11,30.03,30.1,86449
2013-04-12 20:00:00,30.1,30.16,30.1,30.14,245154
2013-04-12 20:30:00,30.13,30.15,30.02,30.06,79131
2013-04-12 21:00:00,30.07,30.12,30.06,30.09,58518
2013-04-12 21:30:00,30.09,30.18,30.08,30.15,411868
2013-04-12 22:00:00,30.14,30.19,30.13,30.17,128003
2013-04-12 22:30:00,30.17,30.19,30.04,30.12,494070
2013-04-15 16:30:00,29.95,29.99,29.83,29.92,328135
2013-04-15 17:00:00,29.93,29.93,29.82,29.93,228583
2013-04-15 17:30:00,29.93,30.08,29.92,30.05,204727
2013-04-15 18:00:00,30.05,30.07,29.88,29.89,191802
2013-04-15 18:30:00,29.89,29.91,29.57,29.6,231170
2013-04-15 19:00:00,29.6,29.67,29.51,29.59,207350
2013-04-15 19:30:00,29.59,29.6,29.29,29.34,205844
2013-04-15 20:00:00,29.35,29.5,29.34,29.43,253318
2013-04-15 20:30:00,29.43,29.47,29.37,29.38,202637
2013-04-15 21:00:00,29.38,29.39,29.21,29.24,254751
2013-04-15 21:30:00,29.25,29.32,29.13,29.16,524844
2013-04-15 22:00:00,29.16,29.18,28.98,29.03,696094
2013-04-15 22:30:00,29.04,29.16,28.91,28.95,998136
2013-04-16 16:30:00,29.25,29.38,29.19,29.3,264589
2013-04-16 17:00:00,29.31,29.44,29.26,29.29,197734
2013-04-16 17:30:00,29.29,29.32,29.13,29.19,122808
2013-04-16 18:00:00,29.2,29.41,29.18,29.39,147531
2013-04-16 18:30:00,29.4,29.45,29.35,29.43,96144
2013-04-16 19:00:00,29.43,29.46,29.38,29.44,57453
2013-04-16 19:30:00,29.44,29.5,29.41,29.49,69622
2013-04-16 20:00:00,29.49,29.5,29.43,29.45,65232
2013-04-16 20:30:00,29.46,29.49,29.42,29.43,128939
2013-04-16 21:00:00,29.43,29.45,29.29,29.32,200434
2013-04-16 21:30:00,29.32,29.4,29.27,29.28,143393
2013-04-16 22:00:00,29.28,29.42,29.28,29.41,190689
2013-04-16 22:30:00,29.41,29.52,29.4,29.52,503950
2013-04-17 16:30:00,29.16,29.35,28.82,28.89,354053
2013-04-17 17:00:00,28.89,28.97,28.83,28.91,298362
2013-04-17 17:30:00,28.9,28.91,28.7,28.72,262736
2013-04-17 18:00:00,28.71,28.77,28.66,28.72,365011
2013-04-17 18:30:00,28.72,28.79,28.69,28.71,322156
2013-04-17 19:00:00,28.72,28.74,28.46,28.48,288453
2013-04-17 19:30:00,28.49,28.66,28.49,28.63,173591
2013-04-17 20:00:00,28.63,28.69,28.57,28.61,222688
2013-04-17 20:30:00,28.6,28.79,28.59,28.69,220904
2013-04-17 21:00:00,28.69,28.76,28.66,28.71,183126
2013-04-17 21:30:00,28.72,28.73,28.59,28.67,206719
2013-04-17 22:00:00,28.67,28.77,28.64,28.65,424878
2013-04-17 22:30:00,28.65,28.73,28.57,28.69,897384
2013-04-18 16:30:00,28.73,28.76,28.49,28.5,245424
2013-04-18 17:00:00,28.5,28.5,28.24,28.45,167377
2013-04-18 17:30:00,28.45,28.66,28.45,28.6,205719
2013-04-18 18:00:00,28.6,28.62,28.46,28.46,125237
2013-04-18 18:30:00,28.47,28.51,28.35,28.46,147997
2013-04-18 19:00:00,28.47,28.49,28.38,28.44,89065
2013-04-18 19:30:00,28.43,28.56,28.41,28.49,144071
2013-04-18 20:00:00,28.49,28.56,28.45,28.5,70954
2013-04-18 20:30:00,28.5,28.51,28.39,28.42,65488
2013-04-18 21:00:00,28.41,28.43,28.26,28.31,171003
2013-04-18 21:30:00,28.32,28.35,28.19,28.24,192714
2013-04-18 22:00:00,28.25,28.38,28.23,28.33,306145
2013-04-18 22:30:00,28.34,28.41,28.3,28.33,495999
2013-04-19 16:30:00,28.48,28.71,28.39,28.49,542288
2013-04-19 17:00:00,28.48,28.71,28.47,28.67,197104
2013-04-19 17:30:00,28.66,28.68,28.58,28.65,125920
2013-04-19 18:00:00,28.65,28.77,28.61,28.73,70815
2013-04-19 18:30:00,28.73,28.88,28.72,28.88,110080
2013-04-19 19:00:00,28.88,28.88,28.76,28.8,87846
2013-04-19 19:30:00,28.8,28.81,28.66,28.68,60957
2013-04-19 20:00:00,28.69,28.78,28.64,28.78,75532
2013-04-19 20:30:00,28.79,28.8,28.73,28.76,66178
2013-04-19 21:00:00,28.75,28.8,28.73,28.75,64863
2013-04-19 21:30:00,28.76,28.78,28.7,28.72,66994
2013-04-19 22:00:00,28.72,28.86,28.69,28.85,196295
2013-04-19 22:30:00,28.85,28.91,28.84,28.88,315284
2013-04-22 16:30:00,28.98,29.07,28.83,28.89,192002
2013-04-22 17:00:00,28.88,28.88,28.62,28.68,120135
2013-04-22 17:30:00,28.67,28.76,28.61,28.74,71060
2013-04-22 18:00:00,28.75,28.83,28.72,28.79,177760
2013-04-22 18:30:00,28.79,28.89,28.76,28.86,59980
2013-04-22 19:00:00,28.87,28.99,28.87,28.91,67493
2013-04-22 19:30:00,28.9,28.95,28.87,28.89,44497
2013-04-22 20:00:00,28.89,28.97,28.86,28.96,60233
2013-04-22 20:30:00,28.96,29.01,28.91,28.93,82513
2013-04-22 21:00:00,28.93,29.17,28.93,29.14,333572
2013-04-22 21:30:00,29.14,29.26,29.14,29.19,210618
2013-04-22 22:00:00,29.18,29.27,29.18,29.21,191136
2013-04-22 22:30:00,29.21,29.24,29.13,29.2,328975
2013-04-23 16:30:00,29.71,29.83,29.54,29.61,852484
2013-04-23 17:00:00,29.62,30.06,29.61,30.05,339192
2013-04-23 17:30:00,30.05,30.08,29.77,29.78,199934
2013-04-23 18:00:00,29.77,29.93,29.77,29.93,150327
2013-04-23 18:30:00,29.92,29.95,29.79,29.83,189016
2013-04-23 19:00:00,29.83,29.85,29.75,29.78,109155
2013-04-23 19:30:00,29.79,29.87,29.7,29.72,273661
2013-04-23 20:00:00,29.73,29.81,29.32,29.61,629520
2013-04-23 20:30:00,29.6,29.7,29.58,29.65,208203
2013-04-23 21:00:00,29.65,29.68,29.49,29.49,236632
2013-04-23 21:30:00,29.48,29.6,29.45,29.54,187174
2013-04-23 22:00:00,29.54,29.66,29.52,29.65,341547
2013-04-23 22:30:00,29.66,29.73,29.65,29.7,446186
2013-04-24 16:30:00,29.78,29.86,29.64,29.74,211792
2013-04-24 17:00:00,29.74,29.81,29.62,29.7,149179
2013-04-24 17:30:00,29.7,29.8,29.65,29.76,110163
2013-04-24 18:00:00,29.75,29.76,29.63,29.75,106205
2013-04-24 18:30:00,29.75,29.76,29.67,29.72,84236
2013-04-24 19:00:00,29.72,29.72,29.64,29.68,95201
2013-04-24 19:30:00,29.67,29.68,29.58,29.62,57886
2013-04-24 20:00:00,29.62,29.65,29.56,29.56,154800
2013-04-24 20:30:00,29.57,29.63,29.55,29.58,149422
2013-04-24 21:00:00,29.57,29.65,29.53,29.64,158898
2013-04-24 21:30:00,29.64,29.68,29.6,29.61,184882
2013-04-24 22:00:00,29.62,29.69,29.61,29.66,156352
2013-04-24 22:30:00,29.65,29.69,29.59,29.67,479513
2013-04-25 16:30:00,29.78,29.81,29.57,29.65,166958
2013-04-25 17:00:00,29.66,29.8,29.63,29.79,125895
2013-04-25 17:30:00,29.79,29.81,29.7,29.81,292147
2013-04-25 18:00:00,29.81,29.82,29.69,29.75,291234
2013-04-25 18:30:00,29.75,29.84,29.72,29.76,113469
2013-04-25 19:00:00,29.75,29.78,29.65,29.65,134749
2013-04-25 19:30:00,29.66,29.69,29.59,29.63,192103
2013-04-25 20:00:00,29.63,29.76,29.62,29.75,244091
2013-04-25 20:30:00,29.75,29.83,29.74,29.82,139323
2013-04-25 21:00:00,29.83,29.85,29.79,29.82,133454
2013-04-25 21:30:00,29.82,29.84,29.68,29.72,122557
2013-04-25 22:00:00,29.72,29.73,29.6,29.63,370726
2013-04-25 22:30:00,29.63,29.73,29.62,29.7,447604
2013-04-26 16:30:00,29.67,29.73,29.54,29.62,146625
2013-04-26 17:00:00,29.62,29.64,29.43,29.53,182929
2013-04-26 17:30:00,29.53,29.53,29.41,29.45,231627
2013-04-26 18:00:00,29.45,29.55,29.41,29.46,132415
2013-04-26 18:30:00,29.46,29.55,29.37,29.39,209136
2013-04-26 19:00:00,29.39,29.42,29.28,29.32,199765
2013-04-26 19:30:00,29.32,29.48,29.3,29.47,247171
2013-04-26 20:00:00,29.46,29.49,29.41,29.45,268735
2013-04-26 20:30:00,29.46,29.59,29.45,29.52,94898
2013-04-26 21:00:00,29.52,29.55,29.48,29.54,112429
2013-04-26 21:30:00,29.54,29.59,29.48,29.48,276796
2013-04-26 22:00:00,29.49,29.65,29.49,29.64,261603
2013-04-26 22:30:00,29.64,29.66,29.53,29.55,785115
2013-04-29 16:30:00,29.73,29.8,29.52,29.57,82535
2013-04-29 17:00:00,29.58,29.72,29.55,29.7,260185
2013-04-29 17:30:00,29.7,29.83,29.68,29.77,403430
2013-04-29 18:00:00,29.77,29.79,29.67,29.68,153449
2013-04-29 18:30:00,29.68,29.73,29.62,29.71,182499
2013-04-29 19:00:00,29.72,29.76,29.66,29.68,220364
2013-04-29 19:30:00,29.68,29.7,29.59,29.6,168928
2013-04-29 20:00:00,29.6,29.66,29.49,29.65,420287
2013-04-29 20:30:00,29.64,29.77,29.64,29.76,309044
2013-04-29 21:00:00,29.75,29.83,29.73,29.82,254047
2013-04-29 21:30:00,29.82,29.84,29.74,29.76,177172
2013-04-29 22:00:00,29.77,29.77,29.67,29.72,239422
2013-04-29 22:30:00,29.72,29.8,29.65,29.7,591686
2013-04-30 16:30:00,31.0,31.98,30.54,30.69,3093641
2013-04-30 17:00:00,30.71,31.3,30.68,31.25,1349138
2013-04-30 17:30:00,31.24,31.39,31.09,31.39,743029
2013-04-30 18:00:00,31.38,31.53,31.21,31.29,728231
2013-04-30 18:30:00,31.28,31.46,31.23,31.36,566769
2013-04-30 19:00:00,31.36,31.42,31.28,31.35,312675
2013-04-30 19:30:00,31.35,31.4,31.27,31.29,233869
2013-04-30 20:00:00,31.29,31.46,31.28,31.42,215923
2013-04-30 20:30:00,31.41,31.49,31.33,31.34,477422
2013-04-30 21:00:00,31.34,31.41,31.15,31.16,672959
2013-04-30 21:30:00,31.17,31.42,31.13,31.42,432190
2013-04-30 22:00:00,31.41,31.53,31.38,31.5,807104
2013-04-30 22:30:00,31.51,31.78,31.49,31.74,1447072
2013-05-01 16:30:00,31.75,32.23,31.43,31.96,1152219
2013-05-01 17:00:00,31.97,31.99,31.69,31.77,757591
2013-05-01 17:30:00,31.76,31.82,31.69,31.8,374382
2013-05-01 18:00:00,31.8,32.08,31.79,32.04,550938
2013-05-01 18:30:00,32.05,32.15,31.83,31.92,286011
2013-05-01 19:00:00,31.91,32.02,31.85,31.99,238487
2013-05-01 19:30:00,31.99,32.0,31.9,31.91,279076
2013-05-01 20:00:00,31.91,31.93,31.8,31.87,356771
2013-05-01 20:30:00,31.87,31.87,31.7,31.76,324416
2013-05-01 21:00:00,31.76,31.81,31.58,31.67,448465
2013-05-01 21:30:00,31.67,31.69,31.59,31.6,233756
2013-05-01 22:00:00,31.6,31.67,31.45,31.47,432312
2013-05-01 22:30:00,31.47,31.53,31.4,31.42,798651
2013-05-02 16:30:00,31.73,31.83,31.51,31.56,406802
2013-05-02 17:00:00,31.56,31.85,31.54,31.75,412291
2013-05-02 17:30:00,31.75,31.75,31.58,31.6,595636
2013-05-02 18:00:00,31.6,31.74,31.58,31.7,480136
2013-05-02 18:30:00,31.7,31.73,31.67,31.73,416870
2013-05-02 19:00:00,31.72,31.73,31.67,31.68,226963
2013-05-02 19:30:00,31.68,31.7,31.61,31.62,137614
2013-05-02 20:00:00,31.62,31.63,31.58,31.6,295752
2013-05-02 20:30:00,31.6,31.66,31.59,31.65,140050
2013-05-02 21:00:00,31.64,31.66,31.59,31.6,187879
2013-05-02 21:30:00,31.6,31.73,31.59,31.72,196871
2013-05-02 22:00:00,31.71,31.77,31.68,31.7,248461
2013-05-02 22:30:00,31.7,31.81,31.69,31.79,818488
2013-05-03 16:30:00,32.23,32.39,32.12,32.33,336907
2013-05-03 17:00:00,32.32,32.45,32.24,32.44,303617
2013-05-03 17:30:00,32.44,32.65,32.43,32.64,339045
2013-05-03 18:00:00,32.65,32.69,32.57,32.6,298792
2013-05-03 18:30:00,32.6,32.7,32.58,32.65,187272
2013-05-03 19:00:00,32.65,32.77,32.64,32.68,235955
2013-05-03 19:30:00,32.68,32.7,32.61,32.64,347558
2013-05-03 20:00:00,32.64,32.67,32.53,32.55,242489
2013-05-03 20:30:00,32.54,32.62,32.51,32.52,351560
2013-05-03 21:00:00,32.52,32.6,32.51,32.51,123087
2013-05-03 21:30:00,32.52,32.56,32.43,32.44,243898
2013-05-03 22:00:00,32.44,32.48,32.35,32.4,471644
2013-05-03 22:30:00,32.39,32.48,32.39,32.46,662433
2013-05-06 16:30:00,32.48,32.71,32.44,32.54,476679
2013-05-06 17:00:00,32.55,32.74,32.55,32.72,264764
2013-05-06 17:30:00,32.72,32.74,32.62,32.62,257736
2013-05-06 18:00:00,32.63,32.66,32.57,32.6,403602
2013-05-06 18:30:00,32.6,32.62,32.57,32.59,303625
2013-05-06 19:00:00,32.59,32.64,32.58,32.61,143522
2013-05-06 19:30:00,32.61,32.64,32.57,32.59,137486
2013-05-06 20:00:00,32.59,32.61,32.55,32.61,198167
2013-05-06 20:30:00,32.61,32.66,32.59,32.63,139065
2013-05-06 21:00:00,32.62,32.63,32.61,32.63,96188
2013-05-06 21:30:00,32.61,32.63,32.57,32.61,190892
2013-05-06 22:00:00,32.61,32.62,32.56,32.6,242876
2013-05-06 22:30:00,32.61,32.62,32.54,32.58,679563
2013-05-07 16:30:00,32.7,32.83,32.51,32.66,177950
2013-05-07 17:00:00,32.66,32.66,32.46,32.56,228257
2013-05-07 17:30:00,32.56,32.65,32.55,32.58,126492
2013-05-07 18:00:00,32.57,32.63,32.55,32.58,235812
2013-05-07 18:30:00,32.58,32.59,32.48,32.51,114687
2013-05-07 19:00:00,32.51,32.61,32.5,32.58,325422
2013-05-07 19:30:00,32.58,32.63,32.55,32.6,126374
2013-05-07 20:00:00,32.59,32.64,32.57,32.61,165349
2013-05-07 20:30:00,32.61,32.66,32.59,32.62,234836
2013-05-07 21:00:00,32.63,32.7,32.59,32.59,408482
2013-05-07 21:30:00,32.59,32.64,32.56,32.64,207799
2013-05-07 22:00:00,32.64,32.67,32.59,32.62,440005
2013-05-07 22:30:00,32.62,32.65,32.54,32.62,609835
2013-05-08 16:30:00,32.55,32.68,32.31,32.52,318633
2013-05-08 17:00:00,32.54,32.55,32.46,32.5,112547
2013-05-08 17:30:00,32.5,32.62,32.47,32.59,163479
2013-05-08 18:00:00,32.59,32.72,32.58,32.71,175734
2013-05-08 18:30:00,32.7,32.8,32.66,32.8,89151
2013-05-08 19:00:00,32.8,32.85,32.79,32.79,179028
2013-05-08 19:30:00,32.79,32.89,32.74,32.87,147844
2013-05-08 20:00:00,32.87,32.95,32.87,32.91,126587
2013-05-08 20:30:00,32.91,32.92,32.8,32.85,177624
2013-05-08 21:00:00,32.86,32.95,32.86,32.9,200022
2013-05-08 21:30:00,32.91,32.91,32.76,32.87,245165
2013-05-08 22:00:00,32.87,32.98,32.83,32.94,222198
2013-05-08 22:30:00,32.94,33.03,32.94,33.0,751003
2013-05-09 16:30:00,33.04,33.13,32.76,33.1,289538
2013-05-09 17:00:00,33.11,33.13,32.82,32.84,271402
2013-05-09 17:30:00,32.82,33.02,32.82,33.0,136773
2013-05-09 18:00:00,33.0,33.04,32.96,33.01,136727
2013-05-09 18:30:00,33.0,33.02,32.97,32.99,91188
2013-05-09 19:00:00,33.0,33.02,32.97,33.0,133586
2013-05-09 19:30:00,32.99,33.04,32.98,33.03,142361
2013-05-09 20:00:00,33.04,33.16,33.02,33.14,206705
2013-05-09 20:30:00,33.14,33.2,33.11,33.17,205017
2013-05-09 21:00:00,33.17,33.17,33.07,33.11,96836
2013-05-09 21:30:00,33.12,33.14,32.9,32.9,161625
2013-05-09 22:00:00,32.9,32.99,32.84,32.98,226840
2013-05-09 22:30:00,32.99,33.03,32.88,32.98,489963
2013-05-10 16:30:00,33.22,33.36,33.01,33.35,602462
2013-05-10 17:00:00,33.34,33.47,33.31,33.38,583274
2013-05-10 17:30:00,33.38,33.55,33.31,33.54,733659
2013-05-10 18:00:00,33.54,33.76,33.51,33.73,659395
2013-05-10 18:30:00,33.73,33.79,33.59,33.61,369165
2013-05-10 19:00:00,33.6,33.77,33.57,33.76,384825
2013-05-10 19:30:00,33.77,33.84,33.68,33.73,413831
2013-05-10 20:00:00,33.72,33.84,33.67,33.82,288000
2013-05-10 20:30:00,33.82,33.88,33.72,33.81,1133713
2013-05-10 21:00:00,33.8,33.92,33.79,33.89,562937
2013-05-10 21:30:00,33.89,33.93,33.76,33.83,585027
2013-05-10 22:00:00,33.82,33.91,33.79,33.86,1119073
2013-05-10 22:30:00,33.86,34.16,33.82,34.1,1736663
2013-05-13 16:30:00,33.89,33.95,33.72,33.85,323023
2013-05-13 17:00:00,33.85,34.02,33.77,34.01,351699
2013-05-13 17:30:00,34.0,34.16,33.98,34.04,231857
2013-05-13 18:00:00,34.04,34.1,33.87,33.89,362556
2013-05-13 18:30:00,33.88,34.1,33.85,34.05,327598
2013-05-13 19:00:00,34.04,34.09,34.0,34.04,203215
2013-05-13 19:30:00,34.05,34.17,34.03,34.06,155345
2013-05-13 20:00:00,34.06,34.16,34.03,34.08,178502
2013-05-13 20:30:00,34.07,34.09,34.01,34.07,216948
2013-05-13 21:00:00,34.08,34.13,33.93,33.94,234497
2013-05-13 21:30:00,33.94,34.01,33.91,33.98,143837
2013-05-13 22:00:00,33.98,33.99,33.81,33.92,308650
2013-05-13 22:30:00,33.91,34.05,33.9,34.04,565136
2013-05-14 16:30:00,34.04,34.3,34.0,34.29,160683
2013-05-14 17:00:00,34.29,34.42,34.26,34.41,235543
2013-05-14 17:30:00,34.41,34.48,34.38,34.4,231807
2013-05-14 18:00:00,34.41,34.43,34.2,34.25,241679
2013-05-14 18:30:00,34.25,34.34,34.21,34.26,230641
2013-05-14 19:00:00,34.25,34.35,34.24,34.28,121907
2013-05-14 19:30:00,34.28,34.31,34.2,34.21,125244
2013-05-14 20:00:00,34.22,34.28,34.18,34.21,155057
2013-05-14 20:30:00,34.2,34.31,34.19,34.24,131336
2013-05-14 21:00:00,34.24,34.33,34.22,34.31,219131
2013-05-14 21:30:00,34.31,34.34,34.23,34.27,285008
2013-05-14 22:00:00,34.26,34.4,34.24,34.35,349303
2013-05-14 22:30:00,34.36,34.5,34.35,34.49,625410
2013-05-15 16:30:00,34.03,34.08,33.86,34.0,207347
2013-05-15 17:00:00,34.0,34.09,33.93,34.03,272153
2013-05-15 17:30:00,34.03,34.12,34.01,34.11,333503
2013-05-15 18:00:00,34.11,34.24,34.11,34.22,536599
2013-05-15 18:30:00,34.23,34.53,34.22,34.5,229169
2013-05-15 19:00:00,34.5,34.58,34.45,34.48,111998
2013-05-15 19:30:00,34.5,34.53,34.45,34.47,151121
2013-05-15 20:00:00,34.48,34.5,34.38,34.4,215552
2013-05-15 20:30:00,34.4,34.49,34.39,34.43,292420
2013-05-15 21:00:00,34.43,34.51,34.41,34.5,489472
2013-05-15 21:30:00,34.49,34.62,34.44,34.51,475062
2013-05-15 22:00:00,34.51,34.62,34.49,34.52,274560
2013-05-15 22:30:00,34.53,34.63,34.52,34.61,596661
2013-05-16 16:30:00,34.62,34.88,34.56,34.65,305048
2013-05-16 17:00:00,34.65,34.72,34.53,34.57,284261
2013-05-16 17:30:00,34.58,34.69,34.53,34.63,283634
2013-05-16 18:00:00,34.63,34.76,34.63,34.71,149199
2013-05-16 18:30:00,34.71,34.78,34.65,34.7,165234
2013-05-16 19:00:00,34.71,34.79,34.7,34.72,181519
2013-05-16 19:30:00,34.72,34.73,34.62,34.67,83306
2013-05-16 20:00:00,34.67,34.68,34.54,34.54,115773
2013-05-16 20:30:00,34.54,34.6,34.5,34.52,241255
2013-05-16 21:00:00,34.52,34.6,34.47,34.5,238344
2013-05-16 21:30:00,34.49,34.53,34.46,34.5,364063
2013-05-16 22:00:00,34.5,34.52,34.37,34.42,648358
2013-05-16 22:30:00,34.42,34.44,34.24,34.31,889079
2013-05-17 16:30:00,34.51,34.54,34.31,34.42,517013
2013-05-17 17:00:00,34.43,34.62,34.38,34.52,530955
2013-05-17 17:30:00,34.52,34.65,34.37,34.37,265161
2013-05-17 18:00:00,34.38,34.52,34.37,34.47,198442
2013-05-17 18:30:00,34.47,34.6,34.47,34.6,261517
2013-05-17 19:00:00,34.59,34.63,34.53,34.58,197762
2013-05-17 19:30:00,34.58,34.62,34.51,34.56,100615
2013-05-17 20:00:00,34.57,34.6,34.51,34.55,130858
2013-05-17 20:30:00,34.56,34.61,34.5,34.5,96598
2013-05-17 21:00:00,34.51,34.59,34.5,34.56,199793
2013-05-17 21:30:00,34.55,34.6,34.53,34.57,337691
2013-05-17 22:00:00,34.57,34.63,34.55,34.62,550655
2013-05-17 22:30:00,34.62,34.65,34.52,34.59,938556
2013-05-20 16:30:00,34.55,34.8,34.5,34.8,215546
2013-05-20 17:00:00,34.8,34.87,34.66,34.66,234581
2013-05-20 17:30:00,34.66,34.78,34.64,34.73,198735
2013-05-20 18:00:00,34.75,34.76,34.67,34.75,198940
2013-05-20 18:30:00,34.76,34.85,34.74,34.82,132307
2013-05-20 19:00:00,34.82,34.93,34.81,34.9,101827
2013-05-20 19:30:00,34.89,34.94,34.87,34.88,178465
2013-05-20 20:00:00,34.89,34.95,34.79,34.82,142823
2013-05-20 20:30:00,34.82,34.87,34.73,34.76,106356
2013-05-20 21:00:00,34.76,34.77,34.66,34.74,140397
2013-05-20 21:30:00,34.74,34.75,34.64,34.66,171298
2013-05-20 22:00:00,34.67,34.72,34.65,34.7,184667
2013-05-20 22:30:00,34.7,34.71,34.59,34.59,538186
2013-05-21 16:30:00,34.61,34.8,34.53,34.76,285928
2013-05-21 17:00:00,34.76,34.79,34.54,34.54,214289
2013-05-21 17:30:00,34.55,34.58,34.42,34.42,216869
2013-05-21 18:00:00,34.42,34.57,34.42,34.55,175683
2013-05-21 18:30:00,34.55,34.65,34.54,34.61,138547
2013-05-21 19:00:00,34.61,34.67,34.56,34.63,140906
2013-05-21 19:30:00,34.63,34.65,34.56,34.61,94269
2013-05-21 20:00:00,34.61,34.67,34.58,34.62,155692
2013-05-21 20:30:00,34.63,34.65,34.56,34.57,101581
2013-05-21 21:00:00,34.57,34.66,34.56,34.61,178010
2013-05-21 21:30:00,34.6,34.66,34.47,34.49,220265
2013-05-21 22:00:00,34.49,34.49,34.38,34.42,330580
2013-05-21 22:30:00,34.41,34.51,34.4,34.44,428495
2013-05-22 16:30:00,34.48,34.62,34.4,34.59,172677
2013-05-22 17:00:00,34.6,35.02,34.59,34.98,328901
2013-05-22 17:30:00,34.97,35.0,34.65,34.79,204383
2013-05-22 18:00:00,34.79,34.94,34.73,34.88,99607
2013-05-22 18:30:00,34.89,34.98,34.84,34.92,104071
2013-05-22 19:00:00,34.91,34.96,34.8,34.81,155774
2013-05-22 19:30:00,34.81,34.86,34.74,34.83,95013
2013-05-22 20:00:00,34.84,34.86,34.63,34.63,110395
2013-05-22 20:30:00,34.62,34.62,34.35,34.4,158958
2013-05-22 21:00:00,34.4,34.45,34.03,34.17,329712
2013-05-22 21:30:00,34.17,34.22,34.05,34.21,225750
2013-05-22 22:00:00,34.2,34.2,33.91,33.91,401037
2013-05-22 22:30:00,33.91,34.07,33.88,34.03,619107
2013-05-23 16:30:00,33.56,33.57,33.14,33.2,358553
2013-05-23 17:00:00,33.21,33.55,33.15,33.49,352761
2013-05-23 17:30:00,33.5,33.51,33.34,33.43,338659
2013-05-23 18:00:00,33.43,33.53,33.38,33.38,723147
2013-05-23 18:30:00,33.39,33.5,33.39,33.43,322414
2013-05-23 19:00:00,33.43,33.62,33.43,33.54,453531
2013-05-23 19:30:00,33.54,33.57,33.47,33.52,171273
2013-05-23 20:00:00,33.53,33.58,33.4,33.41,209284
2013-05-23 20:30:00,33.42,33.57,33.42,33.54,169744
2013-05-23 21:00:00,33.54,33.54,33.48,33.48,428347
2013-05-23 21:30:00,33.48,33.65,33.43,33.6,234473
2013-05-23 22:00:00,33.59,33.64,33.52,33.54,337552
2013-05-23 22:30:00,33.53,33.58,33.46,33.55,925249
2013-05-24 16:30:00,33.31,33.46,33.13,33.28,206321
2013-05-24 17:00:00,33.27,33.3,33.17,33.23,155120
2013-05-24 17:30:00,33.23,33.31,33.2,33.25,338980
2013-05-24 18:00:00,33.25,33.33,33.2,33.28,145939
2013-05-24 18:30:00,33.28,33.39,33.24,33.38,126034
2013-05-24 19:00:00,33.38,33.47,33.37,33.47,129062
2013-05-24 19:30:00,33.46,33.47,33.36,33.45,63026
2013-05-24 20:00:00,33.45,33.55,33.44,33.54,59406
2013-05-24 20:30:00,33.55,33.57,33.5,33.56,93567
2013-05-24 21:00:00,33.55,33.61,33.5,33.59,203285
2013-05-24 21:30:00,33.6,33.64,33.55,33.58,102724
2013-05-24 22:00:00,33.58,33.64,33.52,33.54,213361
2013-05-24 22:30:00,33.54,33.56,33.42,33.55,439829
2013-05-28 16:30:00,34.21,34.66,34.15,34.62,315092
2013-05-28 17:00:00,34.63,34.64,34.47,34.61,228050
2013-05-28 17:30:00,34.6,34.67,34.49,34.56,229924
2013-05-28 18:00:00,34.56,34.63,34.49,34.6,266825
2013-05-28 18:30:00,34.61,34.62,34.35,34.36,255215
2013-05-28 19:00:00,34.37,34.58,34.36,34.53,185149
2013-05-28 19:30:00,34.52,34.6,34.44,34.45,199350
2013-05-28 20:00:00,34.45,34.53,34.41,34.43,219893
2013-05-28 20:30:00,34.43,34.46,34.24,34.25,215379
2013-05-28 21:00:00,34.25,34.34,34.1,34.33,365221
2013-05-28 21:30:00,34.33,34.47,34.29,34.43,233710
2013-05-28 22:00:00,34.43,34.51,34.39,34.46,335502
2013-05-28 22:30:00,34.46,34.59,34.46,34.49,626064
2013-05-29 16:30:00,34.09,34.3,34.06,34.2,290934
2013-05-29 17:00:00,34.2,34.33,34.06,34.11,272336
2013-05-29 17:30:00,34.1,34.2,34.0,34.02,362926
2013-05-29 18:00:00,34.01,34.09,33.92,34.08,165580
2013-05-29 18:30:00,34.08,34.29,34.08,34.23,299127
2013-05-29 19:00:00,34.24,34.37,34.21,34.32,242315
2013-05-29 19:30:00,34.32,34.33,34.15,34.19,133596
2013-05-29 20:00:00,34.19,34.31,34.14,34.31,107790
2013-05-29 20:30:00,34.31,34.46,34.27,34.4,133429
2013-05-29 21:00:00,34.4,34.45,34.29,34.32,217919
2013-05-29 21:30:00,34.32,34.35,34.22,34.22,277653
2013-05-29 22:00:00,34.22,34.38,34.22,34.36,309803
2013-05-29 22:30:00,34.36,34.37,34.15,34.18,630455
2013-05-30 16:30:00,34.19,34.54,34.05,34.47,121044
2013-05-30 17:00:00,34.47,34.52,34.38,34.42,289446
2013-05-30 17:30:00,34.43,34.51,34.39,34.47,154187
2013-05-30 18:00:00,34.47,34.49,34.29,34.39,286951
2013-05-30 18:30:00,34.39,34.48,34.36,34.47,81021
2013-05-30 19:00:00,34.47,34.53,34.43,34.46,65253
2013-05-30 19:30:00,34.45,34.5,34.39,34.5,83775
2013-05-30 20:00:00,34.5,34.6,34.46,34.6,124559
2013-05-30 20:30:00,34.6,34.74,34.58,34.69,194092
2013-05-30 21:00:00,34.68,34.76,34.65,34.75,197013
2013-05-30 21:30:00,34.76,34.82,34.7,34.78,280836
2013-05-30 22:00:00,34.78,34.79,34.7,34.71,383064
2013-05-30 22:30:00,34.71,34.75,34.62,34.65,627563
2013-05-31 16:30:00,34.46,34.54,34.23,34.38,218628
2013-05-31 17:00:00,34.39,34.47,34.36,34.41,327028
2013-05-31 17:30:00,34.41,34.49,34.32,34.34,423053
2013-05-31 18:00:00,34.34,34.46,34.3,34.31,322104
2013-05-31 18:30:00,34.3,34.41,34.29,34.39,161283
2013-05-31 19:00:00,34.38,34.39,34.27,34.29,97848
2013-05-31 19:30:00,34.3,34.38,34.25,34.3,207782
2013-05-31 20:00:00,34.31,34.36,34.28,34.31,159069
2013-05-31 20:30:00,34.31,34.31,34.2,34.25,144911
2013-05-31 21:00:00,34.25,34.25,34.06,34.06,191420
2013-05-31 21:30:00,34.07,34.11,33.99,34.0,202377
2013-05-31 22:00:00,34.0,34.15,33.99,34.04,309595
2013-05-31 22:30:00,34.04,34.08,33.74,33.74,977184
2013-06-03 16:30:00,33.71,33.75,33.41,33.62,277632
2013-06-03 17:00:00,33.62,33.8,33.49,33.56,325678
2013-06-03 17:30:00,33.55,33.55,33.2,33.27,252644
2013-06-03 18:00:00,33.26,33.33,33.03,33.05,238657
2013-06-03 18:30:00,33.05,33.13,33.03,33.07,339097
2013-06-03 19:00:00,33.08,33.11,32.98,33.06,283978
2013-06-03 19:30:00,33.07,33.11,33.0,33.06,211595
2013-06-03 20:00:00,33.06,33.14,33.03,33.04,189737
2013-06-03 20:30:00,33.04,33.13,33.02,33.08,273983
2013-06-03 21:00:00,33.08,33.21,33.05,33.18,216720
2013-06-03 21:30:00,33.17,33.29,33.1,33.22,258989
2013-06-03 22:00:00,33.23,33.28,33.15,33.28,294788
2013-06-03 22:30:00,33.27,33.49,33.24,33.45,609595
2013-06-04 16:30:00,33.52,34.01,33.5,33.97,427664
2013-06-04 17:00:00,33.96,34.1,33.87,34.08,480049
2013-06-04 17:30:00,34.08,34.15,33.7,33.74,272340
2013-06-04 18:00:00,33.73,33.76,33.66,33.75,184591
2013-06-04 18:30:00,33.75,33.76,33.59,33.6,225658
2013-06-04 19:00:00,33.6,33.61,33.38,33.44,244269
2013-06-04 19:30:00,33.43,33.54,33.42,33.5,176267
2013-06-04 20:00:00,33.5,33.61,33.4,33.45,298413
2013-06-04 20:30:00,33.44,33.45,33.28,33.37,239864
2013-06-04 21:00:00,33.38,33.44,33.18,33.42,200792
2013-06-04 21:30:00,33.43,33.53,33.4,33.46,293813
2013-06-04 22:00:00,33.45,33.46,33.34,33.39,558476
2013-06-04 22:30:00,33.39,33.5,33.26,33.28,926595
2013-06-05 16:30:00,33.22,33.29,32.91,32.92,212647
2013-06-05 17:00:00,32.92,33.03,32.68,32.96,378859
2013-06-05 17:30:00,32.96,33.0,32.75,32.78,229755
2013-06-05 18:00:00,32.77,32.88,32.68,32.79,461460
2013-06-05 18:30:00,32.79,32.88,32.69,32.74,315900
2013-06-05 19:00:00,32.74,32.78,32.66,32.73,154711
2013-06-05 19:30:00,32.72,32.73,32.53,32.57,94093
2013-06-05 20:00:00,32.57,32.75,32.55,32.72,227089
2013-06-05 20:30:00,32.73,32.75,32.59,32.62,171182
2013-06-05 21:00:00,32.61,32.65,32.38,32.42,262805
2013-06-05 21:30:00,32.42,32.59,32.34,32.49,325879
2013-06-05 22:00:00,32.49,32.68,32.45,32.66,480291
2013-06-05 22:30:00,32.67,32.75,32.57,32.58,747727
2013-06-06 16:30:00,32.57,32.77,32.37,32.77,410602
2013-06-06 17:00:00,32.77,32.81,32.49,32.6,340731
2013-06-06 17:30:00,32.61,32.75,32.53,32.75,281467
2013-06-06 18:00:00,32.74,32.79,32.63,32.66,246533
2013-06-06 18:30:00,32.68,32.82,32.62,32.65,229423
2013-06-06 19:00:00,32.66,32.67,32.43,32.48,588008
2013-06-06 19:30:00,32.49,32.58,32.46,32.52,342504
2013-06-06 20:00:00,32.53,32.72,32.53,32.65,346689
2013-06-06 20:30:00,32.65,32.75,32.64,32.7,248653
2013-06-06 21:00:00,32.71,32.87,32.67,32.86,342069
2013-06-06 21:30:00,32.85,32.94,32.74,32.87,297138
2013-06-06 22:00:00,32.86,32.97,32.78,32.95,253263
2013-06-06 22:30:00,32.95,33.14,32.92,33.14,603093
2013-06-07 16:30:00,33.41,33.62,33.3,33.61,277849
2013-06-07 17:00:00,33.61,33.88,33.59,33.81,599429
2013-06-07 17:30:00,33.82,34.13,33.77,34.1,488542
2013-06-07 18:00:00,34.11,34.48,34.11,34.28,685496
2013-06-07 18:30:00,34.29,34.36,34.19,34.28,364262
2013-06-07 19:00:00,34.27,34.45,34.24,34.41,321127
2013-06-07 19:30:00,34.41,34.41,34.22,34.3,240411
2013-06-07 20:00:00,34.3,34.34,34.22,34.26,172762
2013-06-07 20:30:00,34.27,34.27,34.12,34.13,223351
2013-06-07 21:00:00,34.12,34.17,33.99,34.04,98979
2013-06-07 21:30:00,34.05,34.22,34.02,34.2,233527
2013-06-07 22:00:00,34.2,34.24,34.09,34.1,533164
2013-06-07 22:30:00,34.1,34.49,34.09,34.44,1112487
2013-06-10 16:30:00,34.59,34.6,34.01,34.12,413938
2013-06-10 17:00:00,34.12,34.12,33.9,34.09,286041
2013-06-10 17:30:00,34.09,34.3,34.04,34.18,269323
2013-06-10 18:00:00,34.18,34.26,34.14,34.16,190455
2013-06-10 18:30:00,34.16,34.19,34.08,34.17,196234
2013-06-10 19:00:00,34.18,34.27,34.14,34.16,141566
2013-06-10 19:30:00,34.15,34.16,33.97,34.07,134320
2013-06-10 20:00:00,34.06,34.13,34.04,34.11,118269
2013-06-10 20:30:00,34.12,34.22,34.07,34.22,158976
2013-06-10 21:00:00,34.21,34.26,34.11,34.22,124007
2013-06-10 21:30:00,34.22,34.27,34.16,34.24,210136
2013-06-10 22:00:00,34.23,34.28,34.17,34.22,222551
2013-06-10 22:30:00,34.23,34.29,34.18,34.26,341806
2013-06-11 16:30:00,33.78,33.81,33.37,33.56,271452
2013-06-11 17:00:00,33.57,33.66,33.47,33.63,222908
2013-06-11 17:30:00,33.63,33.91,33.62,33.84,122913
2013-06-11 18:00:00,33.85,34.09,33.84,34.08,131505
2013-06-11 18:30:00,34.08,34.18,34.04,34.1,297213
2013-06-11 19:00:00,34.1,34.15,34.06,34.13,154381
2013-06-11 19:30:00,34.13,34.14,34.09,34.13,117050
2013-06-11 20:00:00,34.13,34.14,33.95,33.95,354651
2013-06-11 20:30:00,33.95,33.95,33.72,33.73,173082
2013-06-11 21:00:00,33.72,33.78,33.67,33.78,207796
2013-06-11 21:30:00,33.79,33.85,33.71,33.83,165136
2013-06-11 22:00:00,33.83,33.86,33.74,33.75,197035
2013-06-11 22:30:00,33.74,33.76,33.59,33.61,429916
2013-06-12 16:30:00,33.96,33.99,33.7,33.79,134753
2013-06-12 17:00:00,33.79,33.79,33.63,33.74,176016
2013-06-12 17:30:00,33.74,33.79,33.37,33.42,159720
2013-06-12 18:00:00,33.43,33.43,33.32,33.38,140257
2013-06-12 18:30:00,33.38,33.47,33.2,33.23,94122
2013-06-12 19:00:00,33.23,33.36,33.12,33.24,98621
2013-06-12 19:30:00,33.23,33.3,33.17,33.28,75775
2013-06-12 20:00:00,33.29,33.36,33.26,33.32,56296
2013-06-12 20:30:00,33.32,33.4,33.21,33.38,115165
2013-06-12 21:00:00,33.37,33.4,33.18,33.19,206263
2013-06-12 21:30:00,33.19,33.25,33.12,33.2,135399
2013-06-12 22:00:00,33.2,33.21,33.07,33.15,232069
2013-06-12 22:30:00,33.16,33.24,33.13,33.17,484453
2013-06-13 16:30:00,33.11,33.24,33.0,33.18,118771
2013-06-13 17:00:00,33.18,33.28,33.03,33.11,178852
2013-06-13 17:30:00,33.11,33.39,33.11,33.26,109577
2013-06-13 18:00:00,33.26,33.36,33.21,33.34,126305
2013-06-13 18:30:00,33.34,33.44,33.3,33.42,88080
2013-06-13 19:00:00,33.43,33.45,33.37,33.41,85180
2013-06-13 19:30:00,33.42,33.64,33.41,33.63,159540
2013-06-13 20:00:00,33.62,33.63,33.5,33.51,97136
2013-06-13 20:30:00,33.52,33.54,33.43,33.47,220315
2013-06-13 21:00:00,33.48,33.66,33.48,33.58,190523
2013-06-13 21:30:00,33.58,33.72,33.56,33.7,239967
2013-06-13 22:00:00,33.69,33.85,33.69,33.81,268669
2013-06-13 22:30:00,33.82,34.06,33.79,34.0,644419
2013-06-14 16:30:00,33.93,33.96,33.71,33.95,115601
2013-06-14 17:00:00,33.94,34.08,33.81,33.83,164305
2013-06-14 17:30:00,33.83,33.84,33.61,33.67,145838
2013-06-14 18:00:00,33.66,33.77,33.6,33.75,103203
2013-06-14 18:30:00,33.76,33.81,33.64,33.76,84913
2013-06-14 19:00:00,33.76,33.79,33.69,33.74,76245
2013-06-14 19:30:00,33.74,33.79,33.62,33.64,128190
2013-06-14 20:00:00,33.64,33.66,33.46,33.48,116153
2013-06-14 20:30:00,33.47,33.58,33.44,33.45,321406
2013-06-14 21:00:00,33.46,33.62,33.39,33.56,171828
2013-06-14 21:30:00,33.56,33.58,33.5,33.5,160035
2013-06-14 22:00:00,33.5,33.67,33.5,33.57,203305
2013-06-14 22:30:00,33.58,33.64,33.5,33.51,714597
2013-06-17 16:30:00,33.95,34.33,33.89,34.26,278769
2013-06-17 17:00:00,34.27,34.5,34.24,34.42,290752
2013-06-17 17:30:00,34.42,34.51,34.37,34.5,128735
2013-06-17 18:00:00,34.5,34.51,34.41,34.45,144453
2013-06-17 18:30:00,34.45,34.47,34.38,34.39,162197
2013-06-17 19:00:00,34.39,34.44,34.37,34.43,75116
2013-06-17 19:30:00,34.44,34.51,34.39,34.41,88671
2013-06-17 20:00:00,34.41,34.44,34.36,34.44,112805
2013-06-17 20:30:00,34.43,34.5,34.42,34.45,75347
2013-06-17 21:00:00,34.47,34.49,34.17,34.22,134796
2013-06-17 21:30:00,34.22,34.29,34.09,34.12,137786
2013-06-17 22:00:00,34.12,34.3,34.09,34.29,295573
2013-06-17 22:30:00,34.28,34.41,34.27,34.37,511185
2013-06-18 16:30:00,34.45,34.59,34.35,34.39,97463
2013-06-18 17:00:00,34.38,34.47,34.31,34.46,84773
2013-06-18 17:30:00,34.47,34.59,34.47,34.55,83201
2013-06-18 18:00:00,34.56,34.59,34.5,34.57,64436
2013-06-18 18:30:00,34.57,34.66,34.52,34.53,134508
2013-06-18 19:00:00,34.54,34.55,34.45,34.5,166325
2013-06-18 19:30:00,34.5,34.52,34.48,34.52,228169
2013-06-18 20:00:00,34.51,34.53,34.42,34.44,97607
2013-06-18 20:30:00,34.44,34.44,34.37,34.4,111363
2013-06-18 21:00:00,34.4,34.57,34.36,34.5,244534
2013-06-18 21:30:00,34.49,34.56,34.47,34.52,119559
2013-06-18 22:00:00,34.52,34.59,34.46,34.58,202771
2013-06-18 22:30:00,34.57,34.58,34.45,34.53,430152
2013-06-19 16:30:00,34.58,34.6,34.27,34.33,152606
2013-06-19 17:00:00,34.34,34.47,34.31,34.44,165834
2013-06-19 17:30:00,34.44,34.55,34.38,34.41,135549
2013-06-19 18:00:00,34.39,34.47,34.33,34.38,168664
2013-06-19 18:30:00,34.38,34.46,34.35,34.39,75597
2013-06-19 19:00:00,34.39,34.47,34.36,34.45,128642
2013-06-19 19:30:00,34.45,34.57,34.43,34.5,142518
2013-06-19 20:00:00,34.5,34.5,34.4,34.4,84225
2013-06-19 20:30:00,34.41,34.5,34.4,34.49,208679
2013-06-19 21:00:00,34.51,34.57,34.24,34.51,395544
2013-06-19 21:30:00,34.49,34.63,34.1,34.17,448685
2013-06-19 22:00:00,34.17,34.41,34.11,34.39,379994
2013-06-19 22:30:00,34.38,34.39,34.01,34.02,785943
2013-06-20 16:30:00,33.56,33.58,33.27,33.27,296506
2013-06-20 17:00:00,33.28,33.48,33.11,33.15,327447
2013-06-20 17:30:00,33.15,33.28,33.01,33.25,205912
2013-06-20 18:00:00,33.24,33.25,33.0,33.09,396581
2013-06-20 18:30:00,33.09,33.17,33.0,33.16,247543
2013-06-20 19:00:00,33.16,33.33,33.15,33.27,163022
2013-06-20 19:30:00,33.28,33.41,33.22,33.22,118287
2013-06-20 20:00:00,33.22,33.26,33.07,33.11,180249
2013-06-20 20:30:00,33.1,33.22,33.08,33.17,157560
2013-06-20 21:00:00,33.17,33.21,32.82,32.83,334094
2013-06-20 21:30:00,32.83,32.98,32.74,32.76,226746
2013-06-20 22:00:00,32.76,32.98,32.72,32.79,299793
2013-06-20 22:30:00,32.77,32.94,32.68,32.82,690476
2013-06-21 16:30:00,33.15,33.44,33.1,33.1,1156868
2013-06-21 17:00:00,33.09,33.17,32.99,33.0,489065
2013-06-21 17:30:00,33.01,33.13,32.89,33.01,394981
2013-06-21 18:00:00,33.0,33.03,32.72,32.72,535600
2013-06-21 18:30:00,32.72,32.79,32.59,32.66,650306
2013-06-21 19:00:00,32.67,32.81,32.67,32.74,162282
2013-06-21 19:30:00,32.74,32.96,32.69,32.95,279645
2013-06-21 20:00:00,32.95,33.06,32.81,32.88,315618
2013-06-21 20:30:00,32.88,32.94,32.6,32.66,225756
2013-06-21 21:00:00,32.66,32.81,32.64,32.8,255572
2013-06-21 21:30:00,32.79,32.81,32.64,32.75,255756
2013-06-21 22:00:00,32.75,33.02,32.74,33.01,264945
2013-06-21 22:30:00,33.01,33.04,32.78,32.81,599645
2013-06-24 16:30:00,32.25,32.25,31.54,31.55,554189
2013-06-24 17:00:00,31.56,31.72,31.38,31.39,518084
2013-06-24 17:30:00,31.39,31.52,31.26,31.47,788766
2013-06-24 18:00:00,31.46,31.57,31.19,31.19,381660
2013-06-24 18:30:00,31.19,31.34,31.17,31.34,231884
2013-06-24 19:00:00,31.33,31.4,31.09,31.18,201606
2013-06-24 19:30:00,31.17,31.34,31.17,31.31,163787
2013-06-24 20:00:00,31.32,31.36,31.22,31.28,270621
2013-06-24 20:30:00,31.27,31.38,31.22,31.37,278490
2013-06-24 21:00:00,31.38,31.57,31.33,31.52,422362
2013-06-24 21:30:00,31.52,31.66,31.44,31.47,468227
2013-06-24 22:00:00,31.48,31.53,31.3,31.36,354590
2013-06-24 22:30:00,31.36,31.48,31.27,31.3,948756
2013-06-25 16:30:00,31.73,31.9,31.41,31.46,579632
2013-06-25 17:00:00,31.47,31.49,31.27,31.43,520468
2013-06-25 17:30:00,31.42,31.55,31.36,31.5,506327
2013-06-25 18:00:00,31.5,31.69,31.39,31.43,389958
2013-06-25 18:30:00,31.44,31.53,31.42,31.46,431092
2013-06-25 19:00:00,31.46,31.47,31.36,31.41,436109
2013-06-25 19:30:00,31.42,31.46,31.39,31.43,373174
2013-06-25 20:00:00,31.43,31.48,31.36,31.4,334246
2013-06-25 20:30:00,31.39,31.53,31.36,31.49,299728
2013-06-25 21:00:00,31.48,31.49,31.42,31.45,348453
2013-06-25 21:30:00,31.46,31.59,31.43,31.51,615313
2013-06-25 22:00:00,31.5,31.69,31.48,31.69,411267
2013-06-25 22:30:00,31.69,31.75,31.49,31.49,1161622
2013-06-26 16:30:00,31.91,32.08,31.76,31.86,383529
2013-06-26 17:00:00,31.87,31.89,31.73,31.77,363548
2013-06-26 17:30:00,31.77,31.85,31.73,31.78,285273
2013-06-26 18:00:00,31.77,31.84,31.66,31.83,221555
2013-06-26 18:30:00,31.83,31.89,31.8,31.8,209749
2013-06-26 19:00:00,31.8,32.0,31.8,31.9,355773
2013-06-26 19:30:00,31.9,31.91,31.8,31.89,411995
2013-06-26 20:00:00,31.9,32.1,31.87,32.09,138330
2013-06-26 20:30:00,32.09,32.12,32.02,32.06,106843
2013-06-26 21:00:00,32.06,32.1,31.95,31.95,227841
2013-06-26 21:30:00,31.96,32.02,31.92,32.0,370584
2013-06-26 22:00:00,32.0,32.08,31.99,32.0,243701
2013-06-26 22:30:00,32.01,32.04,31.89,31.93,855697
2013-06-27 16:30:00,32.26,32.5,32.13,32.2,272589
2013-06-27 17:00:00,32.19,32.28,32.09,32.25,206372
2013-06-27 17:30:00,32.25,32.51,32.25,32.4,328141
2013-06-27 18:00:00,32.41,32.48,32.4,32.44,213685
2013-06-27 18:30:00,32.44,32.49,32.4,32.41,139634
2013-06-27 19:00:00,32.41,32.41,32.25,32.33,199242
2013-06-27 19:30:00,32.33,32.49,32.33,32.46,145620
2013-06-27 20:00:00,32.46,32.54,32.45,32.45,89371
2013-06-27 20:30:00,32.46,32.48,32.37,32.37,114941
2013-06-27 21:00:00,32.37,32.43,32.32,32.42,175691
2013-06-27 21:30:00,32.42,32.52,32.37,32.5,230771
2013-06-27 22:00:00,32.49,32.55,32.45,32.54,194158
2013-06-27 22:30:00,32.54,32.56,32.44,32.5,602394
2013-06-28 16:30:00,32.39,32.55,31.71,31.71,360412
2013-06-28 17:00:00,31.71,31.75,31.63,31.69,511178
2013-06-28 17:30:00,31.69,31.89,31.68,31.86,381485
2013-06-28 18:00:00,31.86,31.93,31.8,31.82,222599
2013-06-28 18:30:00,31.82,31.88,31.76,31.86,247127
2013-06-28 19:00:00,31.86,31.93,31.79,31.93,143946
2013-06-28 19:30:00,31.92,32.02,31.9,31.92,203353
2013-06-28 20:00:00,31.91,31.95,31.87,31.92,216161
2013-06-28 20:30:00,31.92,31.97,31.88,31.93,152746
2013-06-28 21:00:00,31.92,31.98,31.89,31.89,465937
2013-06-28 21:30:00,31.89,31.92,31.82,31.85,246425
2013-06-28 22:00:00,31.85,31.91,31.78,31.9,352895
2013-06-28 22:30:00,31.91,31.93,31.76,31.77,1157550
2013-07-01 16:30:00,32.14,32.27,31.95,32.04,291640
2013-07-01 17:00:00,32.04,32.27,32.0,32.19,277685
2013-07-01 17:30:00,32.18,32.2,32.04,32.12,156242
2013-07-01 18:00:00,32.11,32.18,32.07,32.07,196055
2013-07-01 18:30:00,32.07,32.15,31.99,32.1,195067
2013-07-01 19:00:00,32.1,32.2,32.09,32.15,204933
2013-07-01 19:30:00,32.14,32.18,32.1,32.1,101048
2013-07-01 20:00:00,32.1,32.16,32.06,32.13,136490
2013-07-01 20:30:00,32.14,32.16,32.0,32.0,107130
2013-07-01 21:00:00,31.99,32.01,31.9,31.95,161503
2013-07-01 21:30:00,31.94,31.96,31.88,31.93,147230
2013-07-01 22:00:00,31.93,31.99,31.88,31.89,188065
2013-07-01 22:30:00,31.88,31.89,31.74,31.76,678197
2013-07-02 16:30:00,31.72,31.96,31.51,31.8,242478
2013-07-02 17:00:00,31.8,31.86,31.63,31.69,277359
2013-07-02 17:30:00,31.7,31.76,31.63,31.64,202111
2013-07-02 18:00:00,31.65,31.69,31.51,31.63,281983
2013-07-02 18:30:00,31.62,31.66,31.58,31.58,196134
2013-07-02 19:00:00,31.59,31.66,31.51,31.57,159304
2013-07-02 19:30:00,31.58,31.61,31.49,31.59,110257
2013-07-02 20:00:00,31.59,31.6,31.46,31.46,132368
2013-07-02 20:30:00,31.46,31.51,31.35,31.46,202576
2013-07-02 21:00:00,31.46,31.47,31.22,31.28,209137
2013-07-02 21:30:00,31.27,31.42,31.24,31.39,196073
2013-07-02 22:00:00,31.4,31.54,31.4,31.43,242490
2013-07-02 22:30:00,31.42,31.52,31.39,31.48,708447
2013-07-03 16:30:00,31.31,31.52,31.18,31.46,291615
2013-07-03 17:00:00,31.45,31.51,31.37,31.49,241561
2013-07-03 17:30:00,31.49,31.53,31.41,31.46,200308
2013-07-03 18:00:00,31.45,31.53,31.42,31.49,151324
2013-07-03 18:30:00,31.48,31.66,31.47,31.66,102682
2013-07-03 19:00:00,31.66,31.68,31.59,31.59,126019
2013-07-03 19:30:00,31.6,31.61,31.42,31.46,235535
2013-07-03 20:00:00,31.45,31.45,31.45,31.45,60042
2013-07-05 16:30:00,31.85,31.88,31.51,31.52,168437
2013-07-05 17:00:00,31.51,31.57,31.42,31.46,158368
2013-07-05 17:30:00,31.46,31.64,31.43,31.63,131960
2013-07-05 18:00:00,31.63,31.67,31.58,31.63,93501
2013-07-05 18:30:00,31.62,31.72,31.57,31.71,59345
2013-07-05 19:00:00,31.71,31.77,31.7,31.7,46044
2013-07-05 19:30:00,31.71,31.75,31.68,31.71,38841
2013-07-05 20:00:00,31.72,31.72,31.66,31.68,57867
2013-07-05 20:30:00,31.68,31.71,31.65,31.71,28992
2013-07-05 21:00:00,31.71,31.79,31.7,31.77,59211
2013-07-05 21:30:00,31.77,31.8,31.71,31.76,78756
2013-07-05 22:00:00,31.77,31.78,31.67,31.72,77352
2013-07-05 22:30:00,31.72,31.94,31.71,31.94,407321
2013-07-08 16:30:00,32.11,32.16,31.88,31.99,213580
2013-07-08 17:00:00,31.99,32.11,31.9,31.92,176331
2013-07-08 17:30:00,31.91,32.02,31.88,31.93,146453
2013-07-08 18:00:00,31.93,32.01,31.86,31.9,111034
2013-07-08 18:30:00,31.91,31.92,31.83,31.92,76170
2013-07-08 19:00:00,31.93,31.95,31.86,31.9,69848
2013-07-08 19:30:00,31.89,31.99,31.89,31.94,57889
2013-07-08 20:00:00,31.94,31.94,31.82,31.87,120761
2013-07-08 20:30:00,31.88,32.0,31.87,31.97,60312
2013-07-08 21:00:00,31.97,31.99,31.88,31.89,65770
2013-07-08 21:30:00,31.9,31.94,31.87,31.88,84958
2013-07-08 22:00:00,31.89,31.9,31.84,31.84,80472
2013-07-08 22:30:00,31.85,31.94,31.83,31.92,342492
2013-07-09 16:30:00,32.25,32.34,31.84,31.88,203617
2013-07-09 17:00:00,31.88,31.91,31.63,31.63,295293
2013-07-09 17:30:00,31.64,31.89,31.62,31.88,249067
2013-07-09 18:00:00,31.89,32.03,31.89,31.99,118152
2013-07-09 18:30:00,31.99,32.07,31.94,31.96,164573
2013-07-09 19:00:00,31.96,32.02,31.93,32.02,109662
2013-07-09 19:30:00,32.03,32.13,32.02,32.07,114878
2013-07-09 20:00:00,32.08,32.11,32.06,32.07,74752
2013-07-09 20:30:00,32.08,32.11,32.01,32.05,118614
2013-07-09 21:00:00,32.05,32.08,32.02,32.05,264274
2013-07-09 21:30:00,32.04,32.05,31.95,32.01,273838
2013-07-09 22:00:00,32.02,32.07,32.0,32.04,201517
2013-07-09 22:30:00,32.04,32.08,31.98,32.05,750856
2013-07-10 16:30:00,32.1,32.1,31.84,31.85,236179
2013-07-10 17:00:00,31.86,31.92,31.81,31.83,148013
2013-07-10 17:30:00,31.83,31.84,31.75,31.75,142804
2013-07-10 18:00:00,31.75,31.77,31.54,31.56,154843
2013-07-10 18:30:00,31.56,31.67,31.56,31.6,130009
2013-07-10 19:00:00,31.61,31.62,31.53,31.55,193526
2013-07-10 19:30:00,31.55,31.56,31.47,31.47,345137
2013-07-10 20:00:00,31.48,31.49,31.4,31.46,685909
2013-07-10 20:30:00,31.46,31.55,31.46,31.47,421643
2013-07-10 21:00:00,31.47,31.68,31.46,31.5,623342
2013-07-10 21:30:00,31.5,31.6,31.42,31.46,314908
2013-07-10 22:00:00,31.47,31.5,31.35,31.35,688345
2013-07-10 22:30:00,31.35,31.39,31.31,31.35,1242174
2013-07-11 16:30:00,31.88,32.19,31.86,32.06,588667
2013-07-11 17:00:00,32.07,32.17,32.02,32.13,749257
2013-07-11 17:30:00,32.12,32.15,32.06,32.13,402066
2013-07-11 18:00:00,32.12,32.16,31.97,32.06,191165
2013-07-11 18:30:00,32.07,32.15,32.0,32.09,227290
2013-07-11 19:00:00,32.1,32.1,32.01,32.05,138316
2013-07-11 19:30:00,32.05,32.15,32.05,32.13,88135
2013-07-11 20:00:00,32.14,32.15,32.01,32.08,157160
2013-07-11 20:30:00,32.08,32.12,32.02,32.08,152853
2013-07-11 21:00:00,32.08,32.11,32.01,32.02,206128
2013-07-11 21:30:00,32.02,32.09,32.01,32.05,192778
2013-07-11 22:00:00,32.06,32.09,32.02,32.03,242076
2013-07-11 22:30:00,32.03,32.11,31.99,32.08,769745
2013-07-12 16:30:00,32.11,32.26,31.89,31.89,559455
2013-07-12 17:00:00,31.89,31.99,31.78,31.99,500915
2013-07-12 17:30:00,31.99,32.06,31.87,31.9,346090
2013-07-12 18:00:00,31.89,31.95,31.8,31.92,225892
2013-07-12 18:30:00,31.92,31.94,31.75,31.77,1547231
2013-07-12 19:00:00,31.75,31.88,31.68,31.82,393184
2013-07-12 19:30:00,31.81,31.82,31.69,31.71,191061
2013-07-12 20:00:00,31.71,31.73,31.53,31.68,215173
2013-07-12 20:30:00,31.67,31.75,31.57,31.58,187457
2013-07-12 21:00:00,31.58,31.69,31.53,31.68,318633
2013-07-12 21:30:00,31.68,31.69,31.57,31.59,209129
2013-07-12 22:00:00,31.59,31.66,31.53,31.65,428020
2013-07-12 22:30:00,31.64,31.79,31.58,31.74,877294
2013-07-15 16:30:00,31.87,31.92,31.65,31.69,274795
2013-07-15 17:00:00,31.7,31.75,31.61,31.68,219324
2013-07-15 17:30:00,31.68,31.7,31.59,31.7,196824
2013-07-15 18:00:00,31.7,31.84,31.68,31.84,268920
2013-07-15 18:30:00,31.84,31.85,31.76,31.8,362609
2013-07-15 19:00:00,31.8,31.97,31.79,31.97,438106
2013-07-15 19:30:00,31.97,32.08,31.96,31.96,272399
2013-07-15 20:00:00,31.96,31.98,31.89,31.98,229323
2013-07-15 20:30:00,31.97,32.13,31.96,32.07,218154
2013-07-15 21:00:00,32.06,32.19,32.03,32.17,245490
2013-07-15 21:30:00,32.17,32.21,32.12,32.17,218028
2013-07-15 22:00:00,32.17,32.19,32.13,32.14,226256
2013-07-15 22:30:00,32.14,32.17,32.13,32.14,456911
2013-07-16 16:30:00,32.21,32.25,31.85,31.92,182005
2013-07-16 17:00:00,31.94,32.0,31.89,31.9,211772
2013-07-16 17:30:00,31.92,32.01,31.86,31.86,83341
2013-07-16 18:00:00,31.87,31.87,31.64,31.66,120208
2013-07-16 18:30:00,31.65,31.73,31.62,31.71,183531
2013-07-16 19:00:00,31.72,31.83,31.69,31.83,125454
2013-07-16 19:30:00,31.82,31.83,31.69,31.72,159491
2013-07-16 20:00:00,31.72,31.73,31.63,31.67,90770
2013-07-16 20:30:00,31.67,31.8,31.66,31.79,163381
2013-07-16 21:00:00,31.8,32.01,31.75,31.92,535179
2013-07-16 21:30:00,31.93,32.03,31.88,31.99,459474
2013-07-16 22:00:00,31.99,32.02,31.92,31.93,385346
2013-07-16 22:30:00,31.94,32.0,31.91,31.95,614508
2013-07-17 16:30:00,32.09,32.15,31.85,31.89,173454
2013-07-17 17:00:00,31.89,32.02,31.89,31.98,191822
2013-07-17 17:30:00,31.98,32.02,31.77,31.91,306745
2013-07-17 18:00:00,31.92,32.01,31.9,32.0,141435
2013-07-17 18:30:00,32.0,32.01,31.91,31.91,192684
2013-07-17 19:00:00,31.92,31.99,31.88,31.95,138068
2013-07-17 19:30:00,31.95,31.95,31.91,31.95,72545
2013-07-17 20:00:00,31.95,31.96,31.88,31.9,97400
2013-07-17 20:30:00,31.9,31.93,31.87,31.92,144917
2013-07-17 21:00:00,31.93,31.96,31.87,31.95,112944
2013-07-17 21:30:00,31.95,31.95,31.86,31.94,90364
2013-07-17 22:00:00,31.94,31.96,31.79,31.8,192903
2013-07-17 22:30:00,31.8,31.85,31.75,31.83,489409
2013-07-18 16:30:00,32.01,32.16,31.92,32.1,244017
2013-07-18 17:00:00,32.1,32.37,32.07,32.32,391543
2013-07-18 17:30:00,32.33,32.57,32.29,32.57,182452
2013-07-18 18:00:00,32.57,32.58,32.49,32.5,226509
2013-07-18 18:30:00,32.5,32.54,32.42,32.43,310191
2013-07-18 19:00:00,32.43,32.55,32.41,32.54,92007
2013-07-18 19:30:00,32.54,32.62,32.53,32.57,246785
2013-07-18 20:00:00,32.58,32.59,32.48,32.51,177992
2013-07-18 20:30:00,32.5,32.58,32.49,32.56,236562
2013-07-18 21:00:00,32.56,32.73,32.55,32.71,215257
2013-07-18 21:30:00,32.71,32.74,32.67,32.73,325852
2013-07-18 22:00:00,32.73,32.73,32.59,32.59,478295
2013-07-18 22:30:00,32.59,32.6,32.49,32.53,959030
2013-07-19 16:30:00,32.32,32.32,31.91,32.2,707980
2013-07-19 17:00:00,32.22,32.35,32.22,32.35,178494
2013-07-19 17:30:00,32.35,32.53,32.34,32.49,159246
2013-07-19 18:00:00,32.5,32.59,32.5,32.51,185472
2013-07-19 18:30:00,32.51,32.51,32.41,32.43,71742
2013-07-19 19:00:00,32.44,32.48,32.41,32.48,109176
2013-07-19 19:30:00,32.47,32.48,32.28,32.31,402376
2013-07-19 20:00:00,32.31,32.31,32.22,32.22,241905
2013-07-19 20:30:00,32.23,32.37,32.21,32.36,343275
2013-07-19 21:00:00,32.36,32.42,32.35,32.39,147500
2013-07-19 21:30:00,32.4,32.43,32.37,32.4,246912
2013-07-19 22:00:00,32.4,32.42,32.36,32.38,186941
2013-07-19 22:30:00,32.38,32.53,32.36,32.48,968088
2013-07-22 16:30:00,32.5,32.74,32.38,32.67,267180
2013-07-22 17:00:00,32.67,32.85,32.64,32.76,267436
2013-07-22 17:30:00,32.76,32.8,32.71,32.8,145377
2013-07-22 18:00:00,32.79,32.97,32.78,32.92,218513
2013-07-22 18:30:00,32.91,33.04,32.91,32.95,147442
2013-07-22 19:00:00,32.94,33.0,32.94,32.95,154521
2013-07-22 19:30:00,32.96,33.06,32.95,33.05,113813
2013-07-22 20:00:00,33.05,33.06,32.98,33.02,118696
2013-07-22 20:30:00,33.02,33.05,32.97,33.05,159772
2013-07-22 21:00:00,33.05,33.07,32.99,33.04,196724
2013-07-22 21:30:00,33.05,33.14,33.03,33.1,193294
2013-07-22 22:00:00,33.11,33.11,32.95,33.02,427255
2013-07-22 22:30:00,33.01,33.04,32.95,33.01,615877
2013-07-23 16:30:00,33.08,33.24,33.08,33.13,482841
2013-07-23 17:00:00,33.13,33.13,32.92,33.01,255703
2013-07-23 17:30:00,33.0,33.07,32.98,33.0,231084
2013-07-23 18:00:00,33.01,33.01,32.88,32.94,250280
2013-07-23 18:30:00,32.94,33.07,32.91,33.02,161412
2013-07-23 19:00:00,33.02,33.05,32.97,33.01,57546
2013-07-23 19:30:00,33.0,33.02,32.98,33.0,89952
2013-07-23 20:00:00,33.0,33.06,33.0,33.02,127078
2013-07-23 20:30:00,33.02,33.03,32.97,33.01,123813
2013-07-23 21:00:00,33.01,33.09,33.0,33.02,198701
2013-07-23 21:30:00,33.03,33.13,33.03,33.12,170408
2013-07-23 22:00:00,33.12,33.13,33.04,33.06,168508
2013-07-23 22:30:00,33.07,33.07,32.95,32.99,532415
2013-07-24 16:30:00,32.98,33.08,32.76,32.79,243696
2013-07-24 17:00:00,32.78,32.86,32.6,32.6,210318
2013-07-24 17:30:00,32.6,32.66,32.52,32.52,194605
2013-07-24 18:00:00,32.52,32.68,32.49,32.67,244580
2013-07-24 18:30:00,32.68,32.87,32.68,32.72,336999
2013-07-24 19:00:00,32.73,32.79,32.64,32.64,257970
2013-07-24 19:30:00,32.66,32.77,32.66,32.67,225972
2013-07-24 20:00:00,32.68,32.73,32.63,32.68,117348
2013-07-24 20:30:00,32.67,32.67,32.51,32.57,137074
2013-07-24 21:00:00,32.57,32.71,32.54,32.69,200357
2013-07-24 21:30:00,32.68,32.71,32.56,32.68,157498
2013-07-24 22:00:00,32.67,32.73,32.6,32.71,319593
2013-07-24 22:30:00,32.71,32.75,32.65,32.72,942762
2013-07-25 16:30:00,32.54,32.83,32.5,32.73,235503
2013-07-25 17:00:00,32.74,32.92,32.7,32.92,192984
2013-07-25 17:30:00,32.92,32.94,32.69,32.72,121555
2013-07-25 18:00:00,32.71,32.71,32.57,32.61,175076
2013-07-25 18:30:00,32.6,32.64,32.48,32.48,112439
2013-07-25 19:00:00,32.49,32.59,32.44,32.58,120744
2013-07-25 19:30:00,32.58,32.68,32.56,32.68,107039
2013-07-25 20:00:00,32.68,32.68,32.63,32.66,90861
2013-07-25 20:30:00,32.66,32.7,32.58,32.58,97047
2013-07-25 21:00:00,32.58,32.72,32.56,32.59,136912
2013-07-25 21:30:00,32.6,32.67,32.59,32.62,69698
2013-07-25 22:00:00,32.62,32.78,32.62,32.74,257813
2013-07-25 22:30:00,32.74,32.83,32.66,32.83,472661
2013-07-26 16:30:00,32.65,32.9,32.63,32.69,371534
2013-07-26 17:00:00,32.68,32.74,32.48,32.48,311820
2013-07-26 17:30:00,32.48,32.66,32.46,32.52,280422
2013-07-26 18:00:00,32.52,32.55,32.41,32.53,143060
2013-07-26 18:30:00,32.53,32.62,32.52,32.58,80837
2013-07-26 19:00:00,32.59,32.69,32.58,32.6,104604
2013-07-26 19:30:00,32.6,32.66,32.59,32.64,81398
2013-07-26 20:00:00,32.64,32.73,32.63,32.73,122318
2013-07-26 20:30:00,32.73,32.75,32.6,32.72,142897
2013-07-26 21:00:00,32.72,32.78,32.72,32.75,157134
2013-07-26 21:30:00,32.74,32.86,32.74,32.82,133893
2013-07-26 22:00:00,32.81,32.84,32.7,32.79,213046
2013-07-26 22:30:00,32.78,32.88,32.75,32.85,575270
2013-07-29 16:30:00,32.58,32.76,32.53,32.62,159815
2013-07-29 17:00:00,32.62,32.64,32.42,32.5,194260
2013-07-29 17:30:00,32.49,32.56,32.43,32.52,102894
2013-07-29 18:00:00,32.52,32.53,32.3,32.33,161099
2013-07-29 18:30:00,32.33,32.43,32.3,32.37,182214
2013-07-29 19:00:00,32.36,32.41,32.33,32.33,213518
2013-07-29 19:30:00,32.33,32.37,32.29,32.36,88786
2013-07-29 20:00:00,32.35,32.37,32.31,32.34,127804
2013-07-29 20:30:00,32.34,32.36,32.31,32.35,105826
2013-07-29 21:00:00,32.35,32.45,32.34,32.41,126405
2013-07-29 21:30:00,32.41,32.45,32.36,32.37,100882
2013-07-29 22:00:00,32.38,32.4,32.27,32.3,355586
2013-07-29 22:30:00,32.31,32.32,32.23,32.23,563615
2013-07-30 16:30:00,32.46,32.6,32.41,32.46,277353
2013-07-30 17:00:00,32.46,32.59,32.4,32.41,539713
2013-07-30 17:30:00,32.41,32.42,32.24,32.28,396285
2013-07-30 18:00:00,32.27,32.35,32.23,32.33,160619
2013-07-30 18:30:00,32.32,32.51,32.32,32.47,233447
2013-07-30 19:00:00,32.47,32.6,32.45,32.56,390164
2013-07-30 19:30:00,32.57,32.61,32.51,32.54,86242
2013-07-30 20:00:00,32.54,32.57,32.43,32.43,120515
2013-07-30 20:30:00,32.43,32.43,32.29,32.29,169825
2013-07-30 21:00:00,32.29,32.3,32.21,32.28,105846
2013-07-30 21:30:00,32.29,32.36,32.27,32.29,220321
2013-07-30 22:00:00,32.29,32.33,32.26,32.31,413701
2013-07-30 22:30:00,32.31,32.34,32.23,32.27,794758
2013-07-31 16:30:00,32.23,32.72,32.0,32.28,803648
2013-07-31 17:00:00,32.29,32.41,32.09,32.22,471312
2013-07-31 17:30:00,32.22,32.58,32.17,32.57,417917
2013-07-31 18:00:00,32.57,32.6,32.51,32.53,460579
2013-07-31 18:30:00,32.52,32.6,32.34,32.34,241689
2013-07-31 19:00:00,32.34,32.39,32.19,32.2,275050
2013-07-31 19:30:00,32.2,32.25,32.15,32.22,191174
2013-07-31 20:00:00,32.22,32.26,32.2,32.23,180451
2013-07-31 20:30:00,32.23,32.29,32.08,32.1,274140
2013-07-31 21:00:00,32.1,32.27,32.03,32.19,687884
2013-07-31 21:30:00,32.2,32.49,32.19,32.43,485151
2013-07-31 22:00:00,32.43,32.45,32.25,32.29,391062
2013-07-31 22:30:00,32.3,32.39,32.16,32.19,1431315
2013-08-01 16:30:00,32.57,32.99,32.46,32.55,581195
2013-08-01 17:00:00,32.56,32.88,32.52,32.83,474281
2013-08-01 17:30:00,32.84,32.91,32.7,32.71,731880
2013-08-01 18:00:00,32.71,32.8,32.7,32.79,289815
2013-08-01 18:30:00,32.79,32.93,32.73,32.76,244304
2013-08-01 19:00:00,32.75,32.79,32.71,32.77,197740
2013-08-01 19:30:00,32.78,32.82,32.76,32.78,127356
2013-08-01 20:00:00,32.79,32.9,32.78,32.84,183019
2013-08-01 20:30:00,32.85,33.03,32.84,33.03,273754
2013-08-01 21:00:00,33.02,33.13,33.0,33.02,364480
2013-08-01 21:30:00,33.01,33.08,32.95,32.97,322412
2013-08-01 22:00:00,32.97,33.04,32.94,33.03,367612
2013-08-01 22:30:00,33.03,33.11,32.97,33.02,1036945
2013-08-02 16:30:00,33.04,33.2,32.81,32.96,342203
2013-08-02 17:00:00,32.95,33.1,32.95,33.1,321541
2013-08-02 17:30:00,33.09,33.13,33.04,33.07,200278
2013-08-02 18:00:00,33.07,33.15,33.07,33.13,176139
2013-08-02 18:30:00,33.13,33.18,33.07,33.08,182735
2013-08-02 19:00:00,33.08,33.15,33.03,33.05,163932
2013-08-02 19:30:00,33.03,33.11,33.0,33.01,136976
2013-08-02 20:00:00,33.01,33.16,33.0,33.11,182881
2013-08-02 20:30:00,33.12,33.12,33.02,33.03,154757
2013-08-02 21:00:00,33.03,33.1,33.02,33.07,141461
2013-08-02 21:30:00,33.07,33.1,32.99,33.06,149049
2013-08-02 22:00:00,33.07,33.12,33.07,33.1,128407
2013-08-02 22:30:00,33.09,33.14,33.06,33.1,471265
2013-08-05 16:30:00,33.03,33.18,32.87,33.15,154089
2013-08-05 17:00:00,33.18,33.19,33.08,33.1,84057
2013-08-05 17:30:00,33.11,33.22,33.1,33.17,169880
2013-08-05 18:00:00,33.18,33.25,33.16,33.23,134334
2013-08-05 18:30:00,33.23,33.23,33.13,33.16,91638
2013-08-05 19:00:00,33.17,33.19,33.16,33.18,54824
2013-08-05 19:30:00,33.18,33.21,33.14,33.2,208717
2013-08-05 20:00:00,33.2,33.2,33.11,33.15,222627
2013-08-05 20:30:00,33.15,33.16,33.12,33.14,75524
2013-08-05 21:00:00,33.15,33.15,33.09,33.12,184743
2013-08-05 21:30:00,33.12,33.13,33.05,33.05,71347
2013-08-05 22:00:00,33.05,33.09,33.01,33.09,86914
2013-08-05 22:30:00,33.09,33.16,33.08,33.14,341969
2013-08-06 16:30:00,33.15,33.26,33.05,33.1,244706
2013-08-06 17:00:00,33.11,33.13,33.03,33.13,316022
2013-08-06 17:30:00,33.11,33.11,32.8,32.85,285291
2013-08-06 18:00:00,32.85,32.97,32.81,32.96,116168
2013-08-06 18:30:00,32.96,32.98,32.89,32.96,90239
2013-08-06 19:00:00,32.96,32.99,32.93,32.94,88909
2013-08-06 19:30:00,32.95,33.05,32.94,33.04,98833
2013-08-06 20:00:00,33.04,33.1,33.02,33.09,87050
2013-08-06 20:30:00,33.07,33.08,32.97,32.97,90172
2013-08-06 21:00:00,32.97,33.11,32.96,33.07,226203
2013-08-06 21:30:00,33.06,33.08,33.01,33.03,184733
2013-08-06 22:00:00,33.03,33.07,33.03,33.04,192878
2013-08-06 22:30:00,33.04,33.05,32.95,33.0,671531
2013-08-07 16:30:00,32.79,32.81,32.49,32.5,177912
2013-08-07 17:00:00,32.5,32.56,32.4,32.47,208108
2013-08-07 17:30:00,32.47,32.57,32.41,32.57,133819
2013-08-07 18:00:00,32.55,32.55,32.45,32.45,106720
2013-08-07 18:30:00,32.45,32.61,32.43,32.52,146304
2013-08-07 19:00:00,32.52,32.52,32.46,32.48,112818
2013-08-07 19:30:00,32.49,32.57,32.48,32.57,140782
2013-08-07 20:00:00,32.57,32.61,32.54,32.6,110914
2013-08-07 20:30:00,32.6,32.62,32.55,32.62,90876
2013-08-07 21:00:00,32.62,32.63,32.54,32.55,117792
2013-08-07 21:30:00,32.55,32.62,32.53,32.6,180295
2013-08-07 22:00:00,32.61,32.69,32.6,32.61,188919
2013-08-07 22:30:00,32.62,32.77,32.62,32.68,633876
2013-08-08 16:30:00,32.89,33.0,32.75,32.88,174280
2013-08-08 17:00:00,32.88,32.89,32.61,32.71,123536
2013-08-08 17:30:00,32.7,32.7,32.45,32.51,157399
2013-08-08 18:00:00,32.52,32.52,32.4,32.52,109546
2013-08-08 18:30:00,32.52,32.59,32.5,32.55,140616
2013-08-08 19:00:00,32.55,32.67,32.55,32.64,76970
2013-08-08 19:30:00,32.64,32.74,32.64,32.67,75202
2013-08-08 20:00:00,32.67,32.72,32.66,32.67,56345
2013-08-08 20:30:00,32.67,32.68,32.6,32.61,181586
2013-08-08 21:00:00,32.61,32.64,32.56,32.61,136882
2013-08-08 21:30:00,32.61,32.65,32.59,32.59,146119
2013-08-08 22:00:00,32.6,32.66,32.59,32.65,250633
2013-08-08 22:30:00,32.63,32.67,32.6,32.6,341051
2013-08-09 16:30:00,32.48,32.75,32.26,32.56,142567
2013-08-09 17:00:00,32.55,32.66,32.44,32.66,183012
2013-08-09 17:30:00,32.66,32.72,32.56,32.62,110901
2013-08-09 18:00:00,32.61,32.62,32.41,32.51,152084
2013-08-09 18:30:00,32.5,32.58,32.48,32.56,96922
2013-08-09 19:00:00,32.55,32.63,32.51,32.6,113231
2013-08-09 19:30:00,32.6,32.67,32.59,32.62,212902
2013-08-09 20:00:00,32.62,32.69,32.55,32.68,69586
2013-08-09 20:30:00,32.68,32.7,32.61,32.63,89464
2013-08-09 21:00:00,32.63,32.67,32.59,32.64,176451
2013-08-09 21:30:00,32.63,32.67,32.55,32.59,141088
2013-08-09 22:00:00,32.58,32.62,32.53,32.54,139067
2013-08-09 22:30:00,32.54,32.61,32.51,32.59,543670
2013-08-12 16:30:00,32.26,32.33,32.08,32.28,195149
2013-08-12 17:00:00,32.29,32.49,32.25,32.34,201688
2013-08-12 17:30:00,32.34,32.52,32.34,32.49,111371
2013-08-12 18:00:00,32.48,32.53,32.4,32.47,182122
2013-08-12 18:30:00,32.47,32.48,32.36,32.4,163127
2013-08-12 19:00:00,32.4,32.4,32.28,32.29,94961
2013-08-12 19:30:00,32.29,32.29,32.22,32.23,213364
2013-08-12 20:00:00,32.24,32.27,32.2,32.21,101985
2013-08-12 20:30:00,32.22,32.26,32.15,32.18,70358
2013-08-12 21:00:00,32.19,32.23,32.17,32.19,65594
2013-08-12 21:30:00,32.19,32.2,32.13,32.14,109763
2013-08-12 22:00:00,32.15,32.27,32.12,32.26,147840
2013-08-12 22:30:00,32.26,32.42,32.25,32.32,981287
2013-08-13 16:30:00,32.4,33.26,32.4,33.26,662891
2013-08-13 17:00:00,33.26,33.32,32.88,32.96,676616
2013-08-13 17:30:00,32.96,32.97,32.85,32.88,264925
2013-08-13 18:00:00,32.89,33.09,32.87,33.03,135032
2013-08-13 18:30:00,33.04,33.16,33.03,33.14,120537
2013-08-13 19:00:00,33.14,33.16,33.06,33.13,208437
2013-08-13 19:30:00,33.14,33.25,33.13,33.23,209648
2013-08-13 20:00:00,33.24,33.32,33.22,33.26,187468
2013-08-13 20:30:00,33.27,33.29,33.17,33.19,147059
2013-08-13 21:00:00,33.2,33.29,33.17,33.26,219141
2013-08-13 21:30:00,33.26,33.26,33.18,33.23,240200
2013-08-13 22:00:00,33.22,33.28,33.2,33.23,235721
2013-08-13 22:30:00,33.23,33.26,33.1,33.12,624002
2013-08-14 16:30:00,33.11,33.36,33.09,33.14,178225
2013-08-14 17:00:00,33.14,33.17,32.93,32.95,138180
2013-08-14 17:30:00,32.95,33.01,32.86,32.94,252065
2013-08-14 18:00:00,32.93,33.09,32.91,33.06,174511
2013-08-14 18:30:00,33.06,33.09,33.0,33.03,147072
2013-08-14 19:00:00,33.03,33.05,32.95,33.02,82875
2013-08-14 19:30:00,33.03,33.11,33.02,33.05,137744
2013-08-14 20:00:00,33.04,33.12,33.0,33.0,98703
2013-08-14 20:30:00,33.01,33.04,32.94,33.0,96621
2013-08-14 21:00:00,32.99,33.01,32.92,32.93,114528
2013-08-14 21:30:00,32.94,32.99,32.88,32.97,117363
2013-08-14 22:00:00,32.97,33.04,32.92,32.94,118497
2013-08-14 22:30:00,32.94,32.96,32.89,32.9,298253
2013-08-15 16:30:00,32.42,32.51,32.01,32.09,291575
2013-08-15 17:00:00,32.09,32.4,32.06,32.38,475383
2013-08-15 17:30:00,32.37,32.37,32.04,32.09,173320
2013-08-15 18:00:00,32.09,32.27,32.09,32.24,154097
2013-08-15 18:30:00,32.24,32.24,32.11,32.11,155573
2013-08-15 19:00:00,32.12,32.13,32.08,32.11,52783
2013-08-15 19:30:00,32.11,32.17,32.04,32.1,155333
2013-08-15 20:00:00,32.11,32.12,32.03,32.07,139362
2013-08-15 20:30:00,32.06,32.18,32.06,32.13,95258
2013-08-15 21:00:00,32.14,32.16,31.96,32.04,186788
2013-08-15 21:30:00,32.04,32.12,32.02,32.08,123427
2013-08-15 22:00:00,32.08,32.12,32.02,32.07,161614
2013-08-15 22:30:00,32.08,32.16,32.07,32.12,393583
2013-08-16 16:30:00,32.06,32.34,31.99,32.15,394371
2013-08-16 17:00:00,32.16,32.28,32.1,32.27,262991
2013-08-16 17:30:00,32.27,32.41,32.2,32.39,184362
2013-08-16 18:00:00,32.39,32.39,32.25,32.32,188990
2013-08-16 18:30:00,32.33,32.4,32.31,32.4,108976
2013-08-16 19:00:00,32.4,32.43,32.33,32.34,116386
2013-08-16 19:30:00,32.34,32.34,32.25,32.28,157366
2013-08-16 20:00:00,32.28,32.28,32.18,32.23,252788
2013-08-16 20:30:00,32.22,32.24,32.13,32.18,182330
2013-08-16 21:00:00,32.17,32.23,32.11,32.18,344338
2013-08-16 21:30:00,32.17,32.22,32.12,32.2,424798
2013-08-16 22:00:00,32.21,32.23,32.11,32.14,286473
2013-08-16 22:30:00,32.15,32.2,32.04,32.05,498565
2013-08-19 16:30:00,31.78,31.8,31.41,31.78,176489
2013-08-19 17:00:00,31.79,31.9,31.57,31.57,267199
2013-08-19 17:30:00,31.57,31.61,31.48,31.52,396289
2013-08-19 18:00:00,31.52,31.52,31.41,31.43,166886
2013-08-19 18:30:00,31.42,31.42,31.32,31.38,260497
2013-08-19 19:00:00,31.37,31.52,31.35,31.51,125518
2013-08-19 19:30:00,31.52,31.57,31.49,31.52,88710
2013-08-19 20:00:00,31.51,31.52,31.45,31.47,63106
2013-08-19 20:30:00,31.47,31.52,31.4,31.47,97438
2013-08-19 21:00:00,31.48,31.51,31.39,31.44,171162
2013-08-19 21:30:00,31.42,31.43,31.32,31.4,224653
2013-08-19 22:00:00,31.41,31.41,31.3,31.3,172909
2013-08-19 22:30:00,31.3,31.34,31.2,31.21,447593
2013-08-20 16:30:00,31.2,31.24,30.93,31.08,323233
2013-08-20 17:00:00,31.07,31.2,31.06,31.14,339722
2013-08-20 17:30:00,31.13,31.31,31.1,31.22,184758
2013-08-20 18:00:00,31.22,31.31,31.19,31.26,366621
2013-08-20 18:30:00,31.26,31.35,31.25,31.26,322152
2013-08-20 19:00:00,31.27,31.35,31.26,31.32,200506
2013-08-20 19:30:00,31.31,31.41,31.24,31.41,169620
2013-08-20 20:00:00,31.4,31.55,31.4,31.51,193196
2013-08-20 20:30:00,31.5,31.56,31.47,31.53,274492
2013-08-20 21:00:00,31.52,31.55,31.44,31.49,133587
2013-08-20 21:30:00,31.48,31.51,31.43,31.43,133217
2013-08-20 22:00:00,31.43,31.58,31.43,31.56,154153
2013-08-20 22:30:00,31.57,31.57,31.47,31.48,552399
2013-08-21 16:30:00,31.29,31.39,31.12,31.23,216472
2013-08-21 17:00:00,31.22,31.31,31.13,31.23,174397
2013-08-21 17:30:00,31.23,31.23,31.04,31.06,116351
2013-08-21 18:00:00,31.06,31.09,30.96,30.99,146707
2013-08-21 18:30:00,30.99,31.05,30.91,31.04,217152
2013-08-21 19:00:00,31.05,31.09,30.98,31.09,125244
2013-08-21 19:30:00,31.08,31.1,31.03,31.07,77552
2013-08-21 20:00:00,31.07,31.1,31.03,31.05,78383
2013-08-21 20:30:00,31.05,31.1,31.02,31.07,71578
2013-08-21 21:00:00,31.07,31.07,30.79,30.99,329715
2013-08-21 21:30:00,31.0,31.45,30.99,31.45,413111
2013-08-21 22:00:00,31.44,31.48,31.32,31.36,211678
2013-08-21 22:30:00,31.34,31.39,31.07,31.1,396519
2013-08-22 16:30:00,31.19,31.64,31.16,31.5,197616
2013-08-22 17:00:00,31.51,31.6,31.41,31.56,146055
2013-08-22 17:30:00,31.57,31.65,31.49,31.52,128064
2013-08-22 18:00:00,31.53,31.57,31.38,31.39,150318
2013-08-22 18:30:00,31.39,31.51,31.39,31.43,138576
2013-08-22 19:00:00,31.43,31.5,31.41,31.42,91054
2013-08-22 19:30:00,31.41,31.51,31.37,31.39,31461
2013-08-22 20:00:00,31.38,31.47,31.37,31.46,28531
2013-08-22 20:30:00,31.46,31.49,31.44,31.48,82514
2013-08-22 21:00:00,31.47,31.49,31.44,31.48,61006
2013-08-22 21:30:00,31.48,31.64,31.48,31.6,76091
2013-08-22 22:00:00,31.61,31.68,31.59,31.66,130630
2013-08-22 22:30:00,31.67,31.73,31.56,31.61,342058
2013-08-23 16:30:00,31.64,31.76,31.59,31.69,189090
2013-08-23 17:00:00,31.68,31.72,31.45,31.48,130970
2013-08-23 17:30:00,31.49,31.64,31.46,31.62,64215
2013-08-23 18:00:00,31.62,31.66,31.5,31.55,104254
2013-08-23 18:30:00,31.54,31.66,31.54,31.57,109430
2013-08-23 19:00:00,31.58,31.61,31.52,31.57,46316
2013-08-23 19:30:00,31.57,31.63,31.51,31.57,45360
2013-08-23 20:00:00,31.57,31.57,31.47,31.48,85217
2013-08-23 20:30:00,31.48,31.53,31.46,31.49,76776
2013-08-23 21:00:00,31.5,31.5,31.46,31.48,79997
2013-08-23 21:30:00,31.48,31.52,31.46,31.51,75885
2013-08-23 22:00:00,31.49,31.54,31.46,31.53,102152
2013-08-23 22:30:00,31.54,31.63,31.51,31.56,298545
2013-08-26 16:30:00,31.58,31.65,31.35,31.36,126511
2013-08-26 17:00:00,31.36,31.61,31.36,31.52,157235
2013-08-26 17:30:00,31.53,31.61,31.49,31.59,108511
2013-08-26 18:00:00,31.61,31.73,31.6,31.64,127173
2013-08-26 18:30:00,31.63,31.68,31.55,31.55,102816
2013-08-26 19:00:00,31.56,31.62,31.51,31.58,86938
2013-08-26 19:30:00,31.59,31.6,31.52,31.54,85644
2013-08-26 20:00:00,31.55,31.6,31.53,31.54,60870
2013-08-26 20:30:00,31.53,31.54,31.46,31.49,72121
2013-08-26 21:00:00,31.49,31.5,31.42,31.45,66562
2013-08-26 21:30:00,31.46,31.51,31.44,31.51,96461
2013-08-26 22:00:00,31.5,31.54,31.23,31.3,205364
2013-08-26 22:30:00,31.3,31.32,31.21,31.24,783730
2013-08-27 16:30:00,30.73,30.8,30.59,30.65,194444
2013-08-27 17:00:00,30.64,30.72,30.48,30.52,402682
2013-08-27 17:30:00,30.52,30.65,30.48,30.63,261954
2013-08-27 18:00:00,30.63,30.64,30.53,30.61,356165
2013-08-27 18:30:00,30.61,30.63,30.52,30.58,261001
2013-08-27 19:00:00,30.58,30.6,30.46,30.52,172952
2013-08-27 19:30:00,30.51,30.6,30.46,30.46,109222
2013-08-27 20:00:00,30.46,30.5,30.36,30.38,97220
2013-08-27 20:30:00,30.38,30.59,30.37,30.48,172217
2013-08-27 21:00:00,30.47,30.49,30.33,30.36,161053
2013-08-27 21:30:00,30.36,30.42,30.29,30.36,167262
2013-08-27 22:00:00,30.35,30.4,30.25,30.29,250555
2013-08-27 22:30:00,30.3,30.41,30.23,30.32,686429
2013-08-28 16:30:00,30.24,30.5,30.14,30.39,171610
2013-08-28 17:00:00,30.4,30.55,30.34,30.53,338690
2013-08-28 17:30:00,30.53,30.65,30.5,30.63,265894
2013-08-28 18:00:00,30.63,30.7,30.55,30.58,197253
2013-08-28 18:30:00,30.58,30.67,30.52,30.65,217418
2013-08-28 19:00:00,30.65,30.66,30.54,30.61,106737
2013-08-28 19:30:00,30.61,30.67,30.61,30.63,108094
2013-08-28 20:00:00,30.63,30.66,30.56,30.62,124118
2013-08-28 20:30:00,30.63,30.64,30.54,30.61,163630
2013-08-28 21:00:00,30.6,30.63,30.48,30.56,136770
2013-08-28 21:30:00,30.56,30.58,30.53,30.54,246875
2013-08-28 22:00:00,30.55,30.71,30.53,30.62,306208
2013-08-28 22:30:00,30.62,30.66,30.49,30.5,578923
2013-08-29 16:30:00,30.38,30.83,30.3,30.79,237205
2013-08-29 17:00:00,30.79,30.85,30.68,30.72,171712
2013-08-29 17:30:00,30.72,30.96,30.71,30.88,127651
2013-08-29 18:00:00,30.89,30.91,30.8,30.91,166785
2013-08-29 18:30:00,30.91,30.92,30.86,30.91,72961
2013-08-29 19:00:00,30.92,30.97,30.87,30.94,90037
2013-08-29 19:30:00,30.94,31.05,30.91,31.04,173791
2013-08-29 20:00:00,31.04,31.11,30.97,30.99,148028
2013-08-29 20:30:00,30.98,30.99,30.86,30.91,84540
2013-08-29 21:00:00,30.89,31.01,30.87,30.98,136685
2013-08-29 21:30:00,30.99,31.05,30.98,31.03,126752
2013-08-29 22:00:00,31.03,31.04,30.89,30.9,205849
2013-08-29 22:30:00,30.89,30.94,30.81,30.87,453199
2013-08-30 16:30:00,30.94,30.96,30.57,30.61,159649
2013-08-30 17:00:00,30.6,30.6,30.46,30.49,113745
2013-08-30 17:30:00,30.48,30.57,30.37,30.44,95922
2013-08-30 18:00:00,30.43,30.56,30.42,30.44,60669
2013-08-30 18:30:00,30.44,30.47,30.37,30.4,67158
2013-08-30 19:00:00,30.4,30.44,30.36,30.39,158980
2013-08-30 19:30:00,30.4,30.4,30.33,30.38,72646
2013-08-30 20:00:00,30.38,30.47,30.23,30.38,187509
2013-08-30 20:30:00,30.38,30.4,30.26,30.26,104802
2013-08-30 21:00:00,30.26,30.33,30.24,30.31,89749
2013-08-30 21:30:00,30.31,30.45,30.31,30.43,72478
2013-08-30 22:00:00,30.43,30.49,30.38,30.44,169867
2013-08-30 22:30:00,30.44,30.44,30.27,30.36,624538
2013-09-03 16:30:00,30.92,31.18,30.88,31.12,321947
2013-09-03 17:00:00,31.12,31.17,31.0,31.08,270117
2013-09-03 17:30:00,31.08,31.08,30.88,30.89,119744
2013-09-03 18:00:00,30.88,30.95,30.61,30.62,155806
2013-09-03 18:30:00,30.64,30.67,30.46,30.51,299057
2013-09-03 19:00:00,30.51,30.6,30.44,30.48,96453
2013-09-03 19:30:00,30.49,30.5,30.34,30.37,64159
2013-09-03 20:00:00,30.38,30.47,30.33,30.44,92998
2013-09-03 20:30:00,30.42,30.43,30.32,30.39,108802
2013-09-03 21:00:00,30.4,30.56,30.38,30.45,139024
2013-09-03 21:30:00,30.46,30.53,30.34,30.51,103037
2013-09-03 22:00:00,30.51,30.62,30.49,30.54,155419
2013-09-03 22:30:00,30.55,30.65,30.5,30.6,368379
2013-09-04 16:30:00,30.58,30.78,30.5,30.72,222275
2013-09-04 17:00:00,30.72,31.01,30.72,31.01,160783
2013-09-04 17:30:00,31.0,31.06,30.9,31.04,93201
2013-09-04 18:00:00,31.04,31.17,31.04,31.09,121145
2013-09-04 18:30:00,31.07,31.22,31.07,31.16,119381
2013-09-04 19:00:00,31.17,31.23,31.16,31.19,139104
2013-09-04 19:30:00,31.18,31.2,31.09,31.14,135054
2013-09-04 20:00:00,31.14,31.21,31.12,31.15,108165
2013-09-04 20:30:00,31.16,31.2,31.08,31.12,96998
2013-09-04 21:00:00,31.13,31.17,31.11,31.14,161730
2013-09-04 21:30:00,31.14,31.21,31.1,31.2,115229
2013-09-04 22:00:00,31.2,31.22,31.09,31.15,303341
2013-09-04 22:30:00,31.14,31.15,30.95,31.0,866669
2013-09-05 16:30:00,31.11,31.34,30.98,31.29,453645
2013-09-05 17:00:00,31.29,31.33,31.17,31.22,306917
2013-09-05 17:30:00,31.23,31.24,31.07,31.09,154564
2013-09-05 18:00:00,31.1,31.15,31.06,31.1,131019
2013-09-05 18:30:00,31.1,31.2,31.1,31.14,120064
2013-09-05 19:00:00,31.14,31.15,31.04,31.05,76829
2013-09-05 19:30:00,31.06,31.06,31.02,31.06,48583
2013-09-05 20:00:00,31.05,31.09,30.94,30.95,156744
2013-09-05 20:30:00,30.96,30.96,30.81,30.81,199093
2013-09-05 21:00:00,30.8,30.87,30.8,30.82,160731
2013-09-05 21:30:00,30.83,30.88,30.81,30.83,127120
2013-09-05 22:00:00,30.84,30.85,30.75,30.81,266719
2013-09-05 22:30:00,30.81,30.82,30.72,30.74,544085
2013-09-06 16:30:00,30.85,31.02,30.1,30.25,640265
2013-09-06 17:00:00,30.28,30.47,30.09,30.39,565092
2013-09-06 17:30:00,30.39,30.53,30.36,30.47,352440
2013-09-06 18:00:00,30.48,30.57,30.45,30.51,314898
2013-09-06 18:30:00,30.51,30.59,30.48,30.49,441688
2013-09-06 19:00:00,30.49,30.51,30.45,30.5,225399
2013-09-06 19:30:00,30.5,30.52,30.45,30.47,168036
2013-09-06 20:00:00,30.47,30.53,30.44,30.48,182689
2013-09-06 20:30:00,30.48,30.63,30.48,30.58,202939
2013-09-06 21:00:00,30.59,30.66,30.53,30.61,188143
2013-09-06 21:30:00,30.61,30.67,30.56,30.6,204497
2013-09-06 22:00:00,30.6,30.6,30.47,30.55,401235
2013-09-06 22:30:00,30.55,30.55,30.43,30.47,838572
2013-09-09 16:30:00,30.6,30.89,30.6,30.86,171877
2013-09-09 17:00:00,30.86,30.92,30.64,30.69,250626
2013-09-09 17:30:00,30.68,30.8,30.67,30.73,226237
2013-09-09 18:00:00,30.74,30.81,30.7,30.76,126395
2013-09-09 18:30:00,30.77,30.82,30.72,30.75,105970
2013-09-09 19:00:00,30.75,30.83,30.75,30.81,162175
2013-09-09 19:30:00,30.81,30.85,30.78,30.82,153185
2013-09-09 20:00:00,30.83,30.85,30.76,30.79,119816
2013-09-09 20:30:00,30.79,30.9,30.79,30.9,105255
2013-09-09 21:00:00,30.9,30.98,30.87,30.9,190563
2013-09-09 21:30:00,30.89,30.96,30.87,30.9,197596
2013-09-09 22:00:00,30.9,30.93,30.82,30.82,256372
2013-09-09 22:30:00,30.82,30.85,30.76,30.81,633686
2013-09-10 16:30:00,31.2,31.58,31.2,31.54,385943
2013-09-10 17:00:00,31.55,31.59,31.48,31.56,171744
2013-09-10 17:30:00,31.57,31.68,31.56,31.57,356284
2013-09-10 18:00:00,31.58,31.61,31.56,31.58,142666
2013-09-10 18:30:00,31.58,31.58,31.38,31.44,130809
2013-09-10 19:00:00,31.44,31.46,31.37,31.38,150501
2013-09-10 19:30:00,31.38,31.44,31.35,31.43,83113
2013-09-10 20:00:00,31.43,31.46,31.34,31.44,82622
2013-09-10 20:30:00,31.43,31.47,31.41,31.46,84630
2013-09-10 21:00:00,31.45,31.46,31.4,31.42,141092
2013-09-10 21:30:00,31.43,31.43,31.36,31.41,129448
2013-09-10 22:00:00,31.41,31.41,31.36,31.36,227254
2013-09-10 22:30:00,31.36,31.39,31.31,31.38,602652
2013-09-11 16:30:00,31.33,31.53,31.18,31.22,104185
2013-09-11 17:00:00,31.21,31.32,31.15,31.17,99750
2013-09-11 17:30:00,31.17,31.22,31.11,31.17,160359
2013-09-11 18:00:00,31.17,31.21,31.11,31.12,88274
2013-09-11 18:30:00,31.12,31.23,31.11,31.18,96801
2013-09-11 19:00:00,31.19,31.22,31.13,31.2,68614
2013-09-11 19:30:00,31.2,31.21,31.14,31.18,61965
2013-09-11 20:00:00,31.19,31.2,31.14,31.19,64109
2013-09-11 20:30:00,31.18,31.22,31.16,31.2,146215
2013-09-11 21:00:00,31.21,31.22,31.15,31.18,119664
2013-09-11 21:30:00,31.18,31.23,31.15,31.18,78275
2013-09-11 22:00:00,31.18,31.2,31.11,31.11,154204
2013-09-11 22:30:00,31.11,31.23,31.1,31.22,585103
2013-09-12 16:30:00,31.24,31.4,31.15,31.4,211345
2013-09-12 17:00:00,31.39,31.45,31.36,31.42,136409
2013-09-12 17:30:00,31.43,31.47,31.34,31.36,163147
2013-09-12 18:00:00,31.36,31.4,31.31,31.33,306145
2013-09-12 18:30:00,31.34,31.35,31.23,31.25,145447
2013-09-12 19:00:00,31.25,31.25,31.11,31.16,62790
2013-09-12 19:30:00,31.16,31.24,31.14,31.23,50640
2013-09-12 20:00:00,31.23,31.36,31.23,31.35,78081
2013-09-12 20:30:00,31.35,31.35,31.28,31.34,87911
2013-09-12 21:00:00,31.33,31.35,31.25,31.28,93263
2013-09-12 21:30:00,31.27,31.32,31.23,31.26,222085
2013-09-12 22:00:00,31.26,31.27,31.03,31.05,337925
2013-09-12 22:30:00,31.05,31.05,30.97,31.03,1168776
2013-09-13 16:30:00,31.03,31.54,30.97,31.01,288391
2013-09-13 17:00:00,31.03,31.03,30.77,30.87,212291
2013-09-13 17:30:00,30.87,30.99,30.87,30.94,144258
2013-09-13 18:00:00,30.94,31.02,30.87,31.01,94443
2013-09-13 18:30:00,31.01,31.09,30.98,31.09,51883
2013-09-13 19:00:00,31.08,31.17,31.07,31.14,123157
2013-09-13 19:30:00,31.12,31.16,31.08,31.08,43158
2013-09-13 20:00:00,31.09,31.14,31.08,31.1,219991
2013-09-13 20:30:00,31.1,31.12,31.08,31.1,118500
2013-09-13 21:00:00,31.11,31.12,31.06,31.08,180453
2013-09-13 21:30:00,31.09,31.13,31.07,31.09,81855
2013-09-13 22:00:00,31.09,31.11,31.03,31.1,82398
2013-09-13 22:30:00,31.1,31.11,31.04,31.07,487907
2013-09-16 16:30:00,31.67,31.72,31.41,31.44,466191
2013-09-16 17:00:00,31.44,31.52,31.35,31.46,281437
2013-09-16 17:30:00,31.45,31.53,31.43,31.45,133149
2013-09-16 18:00:00,31.47,31.59,31.46,31.56,271999
2013-09-16 18:30:00,31.56,31.68,31.51,31.66,282170
2013-09-16 19:00:00,31.66,31.83,31.66,31.76,458472
2013-09-16 19:30:00,31.76,31.77,31.65,31.71,178895
2013-09-16 20:00:00,31.71,31.73,31.66,31.7,165407
2013-09-16 20:30:00,31.69,31.72,31.55,31.69,284682
2013-09-16 21:00:00,31.69,31.7,31.61,31.67,155122
2013-09-16 21:30:00,31.66,31.71,31.59,31.66,180712
2013-09-16 22:00:00,31.67,31.71,31.65,31.66,274793
2013-09-16 22:30:00,31.66,31.67,31.58,31.62,722396
2013-09-17 16:30:00,31.65,31.82,31.62,31.73,166387
2013-09-17 17:00:00,31.72,31.83,31.7,31.71,206009
2013-09-17 17:30:00,31.72,31.75,31.62,31.75,135946
2013-09-17 18:00:00,31.75,31.82,31.66,31.66,141329
2013-09-17 18:30:00,31.67,31.7,31.49,31.51,92319
2013-09-17 19:00:00,31.52,31.59,31.5,31.55,85780
2013-09-17 19:30:00,31.55,31.62,31.51,31.61,48519
2013-09-17 20:00:00,31.62,31.64,31.59,31.61,79404
2013-09-17 20:30:00,31.61,31.68,31.61,31.66,115726
2013-09-17 21:00:00,31.66,31.71,31.64,31.66,60975
2013-09-17 21:30:00,31.66,31.72,31.66,31.69,99874
2013-09-17 22:00:00,31.69,31.7,31.61,31.63,68373
2013-09-17 22:30:00,31.62,31.68,31.6,31.68,243248
2013-09-18 16:30:00,31.66,31.72,31.63,31.65,259428
2013-09-18 17:00:00,31.66,31.69,31.51,31.51,68988
2013-09-18 17:30:00,31.52,31.57,31.49,31.55,137974
2013-09-18 18:00:00,31.55,31.59,31.53,31.56,208139
2013-09-18 18:30:00,31.56,31.57,31.51,31.53,293572
2013-09-18 19:00:00,31.53,31.6,31.5,31.51,183227
2013-09-18 19:30:00,31.5,31.56,31.5,31.55,20066
2013-09-18 20:00:00,31.55,31.62,31.54,31.6,38528
2013-09-18 20:30:00,31.6,31.6,31.55,31.58,50700
2013-09-18 21:00:00,31.6,32.12,31.59,32.1,509262
2013-09-18 21:30:00,32.09,32.5,32.01,32.49,661414
2013-09-18 22:00:00,32.49,32.73,32.44,32.64,1096124
2013-09-18 22:30:00,32.62,32.68,32.51,32.56,1093044
2013-09-19 16:30:00,32.81,33.03,32.62,32.64,739817
2013-09-19 17:00:00,32.65,32.85,32.56,32.78,463449
2013-09-19 17:30:00,32.77,32.9,32.72,32.82,247098
2013-09-19 18:00:00,32.82,32.86,32.68,32.77,256159
2013-09-19 18:30:00,32.77,32.85,32.72,32.84,260169
2013-09-19 19:00:00,32.84,32.97,32.84,32.89,205679
2013-09-19 19:30:00,32.88,32.96,32.86,32.86,170695
2013-09-19 20:00:00,32.86,32.94,32.78,32.91,291859
2013-09-19 20:30:00,32.9,32.91,32.73,32.73,277459
2013-09-19 21:00:00,32.73,32.79,32.72,32.73,212838
2013-09-19 21:30:00,32.73,32.73,32.63,32.7,586108
2013-09-19 22:00:00,32.69,32.74,32.67,32.73,223175
2013-09-19 22:30:00,32.72,32.74,32.62,32.62,428949
2013-09-20 16:30:00,32.69,32.89,32.63,32.81,756840
2013-09-20 17:00:00,32.8,32.84,32.7,32.7,287667
2013-09-20 17:30:00,32.69,32.7,32.56,32.6,132827
2013-09-20 18:00:00,32.61,32.75,32.6,32.74,227276
2013-09-20 18:30:00,32.73,32.77,32.7,32.73,238492
2013-09-20 19:00:00,32.72,32.74,32.54,32.57,111242
2013-09-20 19:30:00,32.58,32.73,32.57,32.7,131207
2013-09-20 20:00:00,32.7,32.71,32.65,32.68,162232
2013-09-20 20:30:00,32.69,32.71,32.63,32.66,204878
2013-09-20 21:00:00,32.67,32.72,32.64,32.72,244588
2013-09-20 21:30:00,32.71,32.72,32.66,32.68,200265
2013-09-20 22:00:00,32.68,32.72,32.56,32.57,211100
2013-09-20 22:30:00,32.57,32.66,32.51,32.62,871764
2013-09-23 16:30:00,32.4,32.54,32.19,32.24,392199
2013-09-23 17:00:00,32.25,32.32,32.19,32.21,256106
2013-09-23 17:30:00,32.21,32.28,32.16,32.21,281307
2013-09-23 18:00:00,32.22,32.29,32.18,32.29,329932
2013-09-23 18:30:00,32.29,32.35,32.26,32.33,161976
2013-09-23 19:00:00,32.32,32.35,32.26,32.35,150228
2013-09-23 19:30:00,32.35,32.37,32.31,32.37,90955
2013-09-23 20:00:00,32.37,32.37,32.28,32.36,111191
2013-09-23 20:30:00,32.36,32.52,32.35,32.52,156334
2013-09-23 21:00:00,32.51,32.59,32.49,32.5,232502
2013-09-23 21:30:00,32.5,32.58,32.5,32.57,243640
2013-09-23 22:00:00,32.57,32.57,32.41,32.43,293103
2013-09-23 22:30:00,32.42,32.52,32.42,32.48,593411
2013-09-24 16:30:00,32.47,32.53,32.21,32.24,154944
2013-09-24 17:00:00,32.25,32.31,32.17,32.31,153679
2013-09-24 17:30:00,32.31,32.42,32.27,32.4,126799
2013-09-24 18:00:00,32.41,32.48,32.35,32.39,148959
2013-09-24 18:30:00,32.39,32.41,32.32,32.39,77482
2013-09-24 19:00:00,32.4,32.45,32.35,32.41,76651
2013-09-24 19:30:00,32.42,32.46,32.4,32.42,80687
2013-09-24 20:00:00,32.42,32.43,32.38,32.43,70238
2013-09-24 20:30:00,32.43,32.54,32.42,32.52,179640
2013-09-24 21:00:00,32.52,32.54,32.35,32.38,109574
2013-09-24 21:30:00,32.38,32.41,32.31,32.31,99958
2013-09-24 22:00:00,32.3,32.41,32.26,32.33,154858
2013-09-24 22:30:00,32.32,32.32,32.17,32.2,554344
2013-09-25 16:30:00,32.31,32.31,32.0,32.11,105362
2013-09-25 17:00:00,32.11,32.16,32.0,32.16,107331
2013-09-25 17:30:00,32.16,32.27,32.11,32.2,81640
2013-09-25 18:00:00,32.2,32.34,32.13,32.31,90064
2013-09-25 18:30:00,32.3,32.37,32.25,32.34,75236
2013-09-25 19:00:00,32.33,32.34,32.16,32.2,81558
2013-09-25 19:30:00,32.2,32.27,32.18,32.22,54088
2013-09-25 20:00:00,32.22,32.28,32.16,32.2,54170
2013-09-25 20:30:00,32.18,32.19,32.01,32.1,92717
2013-09-25 21:00:00,32.09,32.14,32.0,32.08,126657
2013-09-25 21:30:00,32.09,32.13,32.02,32.05,95246
2013-09-25 22:00:00,32.05,32.16,32.05,32.07,148503
2013-09-25 22:30:00,32.07,32.13,32.05,32.06,326677
2013-09-26 16:30:00,32.02,32.22,32.01,32.15,251531
2013-09-26 17:00:00,32.14,32.24,32.09,32.1,106880
2013-09-26 17:30:00,32.1,32.16,32.0,32.05,149490
2013-09-26 18:00:00,32.06,32.08,31.98,32.06,74323
2013-09-26 18:30:00,32.05,32.07,31.97,32.03,58216
2013-09-26 19:00:00,32.03,32.04,31.95,32.0,34710
2013-09-26 19:30:00,32.01,32.05,31.97,32.01,40827
2013-09-26 20:00:00,32.01,32.16,32.0,32.11,179439
2013-09-26 20:30:00,32.12,32.13,32.0,32.04,97974
2013-09-26 21:00:00,32.04,32.04,31.92,31.98,84613
2013-09-26 21:30:00,31.99,31.99,31.93,31.97,95228
2013-09-26 22:00:00,31.95,32.11,31.94,32.1,323077
2013-09-26 22:30:00,32.1,32.25,32.09,32.25,580911
2013-09-27 16:30:00,32.05,32.06,31.83,31.96,228456
2013-09-27 17:00:00,31.96,32.02,31.9,31.9,366176
2013-09-27 17:30:00,31.91,31.97,31.85,31.87,90479
2013-09-27 18:00:00,31.88,31.91,31.78,31.89,226802
2013-09-27 18:30:00,31.89,32.07,31.87,31.96,183446
2013-09-27 19:00:00,31.95,32.03,31.91,32.02,183958
2013-09-27 19:30:00,32.02,32.08,32.01,32.03,81549
2013-09-27 20:00:00,32.03,32.07,31.98,31.98,60610
2013-09-27 20:30:00,31.99,32.08,31.98,32.02,71992
2013-09-27 21:00:00,32.02,32.05,32.0,32.01,132435
2013-09-27 21:30:00,32.03,32.08,31.98,32.04,145912
2013-09-27 22:00:00,32.04,32.09,32.02,32.08,184246
2013-09-27 22:30:00,32.08,32.14,32.05,32.1,387738
2013-09-30 16:30:00,31.68,31.86,31.59,31.73,145811
2013-09-30 17:00:00,31.74,31.96,31.73,31.91,123050
2013-09-30 17:30:00,31.92,32.0,31.88,31.93,142969
2013-09-30 18:00:00,31.92,31.93,31.78,31.81,113818
2013-09-30 18:30:00,31.81,31.85,31.73,31.78,131432
2013-09-30 19:00:00,31.78,31.79,31.62,31.69,126419
2013-09-30 19:30:00,31.69,31.76,31.68,31.74,70504
2013-09-30 20:00:00,31.73,31.84,31.71,31.74,133146
2013-09-30 20:30:00,31.74,31.85,31.67,31.73,152471
2013-09-30 21:00:00,31.73,31.79,31.69,31.77,126338
2013-09-30 21:30:00,31.76,31.9,31.76,31.86,161537
2013-09-30 22:00:00,31.85,31.91,31.83,31.87,351123
2013-09-30 22:30:00,31.87,31.91,31.79,31.89,671526
2013-10-01 16:30:00,32.01,32.16,31.76,31.82,431233
2013-10-01 17:00:00,31.83,32.14,31.8,32.11,425663
2013-10-01 17:30:00,32.11,32.32,32.11,32.21,324374
2013-10-01 18:00:00,32.22,32.3,32.14,32.15,219711
2013-10-01 18:30:00,32.16,32.29,32.15,32.24,128288
2013-10-01 19:00:00,32.24,32.32,32.2,32.29,132736
2013-10-01 19:30:00,32.3,32.32,32.19,32.22,137831
2013-10-01 20:00:00,32.2,32.31,32.19,32.21,109295
2013-10-01 20:30:00,32.21,32.24,32.19,32.24,111043
2013-10-01 21:00:00,32.24,32.24,32.14,32.14,199988
2013-10-01 21:30:00,32.15,32.23,32.1,32.21,164750
2013-10-01 22:00:00,32.21,32.21,32.11,32.16,224415
2013-10-01 22:30:00,32.17,32.23,32.1,32.22,589147
2013-10-02 16:30:00,31.92,32.02,31.84,31.92,214382
2013-10-02 17:00:00,31.91,31.98,31.8,31.93,207668
2013-10-02 17:30:00,31.92,31.99,31.88,31.93,156878
2013-10-02 18:00:00,31.93,32.08,31.89,32.01,135782
2013-10-02 18:30:00,32.01,32.09,32.0,32.05,178027
2013-10-02 19:00:00,32.05,32.21,32.05,32.14,152581
2013-10-02 19:30:00,32.14,32.21,32.12,32.19,115562
2013-10-02 20:00:00,32.19,32.3,32.1,32.25,290614
2013-10-02 20:30:00,32.24,32.36,32.22,32.27,272683
2013-10-02 21:00:00,32.26,32.31,32.2,32.31,191637
2013-10-02 21:30:00,32.3,32.31,32.17,32.21,122264
2013-10-02 22:00:00,32.2,32.26,32.18,32.26,134550
2013-10-02 22:30:00,32.26,32.36,32.22,32.36,573922
2013-10-03 16:30:00,32.29,32.35,32.11,32.16,178341
2013-10-03 17:00:00,32.16,32.17,31.98,32.04,260559
2013-10-03 17:30:00,32.04,32.05,31.91,31.95,329909
2013-10-03 18:00:00,31.95,32.06,31.92,31.95,143916
2013-10-03 18:30:00,31.96,31.97,31.67,31.69,197383
2013-10-03 19:00:00,31.69,31.72,31.63,31.72,114087
2013-10-03 19:30:00,31.71,31.83,31.67,31.83,143981
2013-10-03 20:00:00,31.82,31.97,31.78,31.97,116053
2013-10-03 20:30:00,31.98,32.02,31.85,31.98,112635
2013-10-03 21:00:00,31.98,31.98,31.82,31.97,172531
2013-10-03 21:30:00,31.98,32.06,31.93,31.97,150608
2013-10-03 22:00:00,31.97,32.07,31.93,32.07,209934
2013-10-03 22:30:00,32.06,32.06,31.95,32.04,623490
2013-10-04 16:30:00,32.04,32.32,32.01,32.27,116638
2013-10-04 17:00:00,32.28,32.38,32.2,32.24,125259
2013-10-04 17:30:00,32.24,32.35,32.22,32.24,120083
2013-10-04 18:00:00,32.23,32.28,32.14,32.22,72035
2013-10-04 18:30:00,32.22,32.28,32.17,32.23,58176
2013-10-04 19:00:00,32.23,32.38,32.22,32.38,60025
2013-10-04 19:30:00,32.37,32.38,32.3,32.35,53422
2013-10-04 20:00:00,32.35,32.45,32.31,32.38,157843
2013-10-04 20:30:00,32.38,32.42,32.34,32.34,39244
2013-10-04 21:00:00,32.35,32.39,32.33,32.38,39568
2013-10-04 21:30:00,32.38,32.43,32.35,32.42,69876
2013-10-04 22:00:00,32.42,32.46,32.38,32.4,113205
2013-10-04 22:30:00,32.4,32.4,32.3,32.37,310516
2013-10-07 16:30:00,32.07,32.3,31.92,32.0,195971
2013-10-07 17:00:00,31.99,32.15,31.94,32.09,136904
2013-10-07 17:30:00,32.09,32.11,31.97,32.05,119466
2013-10-07 18:00:00,32.05,32.05,31.98,32.0,91905
2013-10-07 18:30:00,32.0,32.09,31.99,32.02,92049
2013-10-07 19:00:00,32.02,32.05,31.97,31.98,52395
2013-10-07 19:30:00,31.97,32.06,31.93,31.98,95452
2013-10-07 20:00:00,31.99,32.13,31.98,32.09,61026
2013-10-07 20:30:00,32.1,32.16,32.04,32.15,61713
2013-10-07 21:00:00,32.16,32.21,32.07,32.13,94564
2013-10-07 21:30:00,32.14,32.17,32.09,32.15,117716
2013-10-07 22:00:00,32.14,32.16,32.06,32.1,161678
2013-10-07 22:30:00,32.09,32.1,31.92,31.93,490976
2013-10-08 16:30:00,32.02,32.25,31.91,32.25,300936
2013-10-08 17:00:00,32.26,32.28,32.11,32.12,336680
2013-10-08 17:30:00,32.13,32.18,31.97,32.01,246863
2013-10-08 18:00:00,32.01,32.05,31.94,31.99,137221
2013-10-08 18:30:00,31.99,31.99,31.8,31.9,230997
2013-10-08 19:00:00,31.89,31.9,31.76,31.8,138246
2013-10-08 19:30:00,31.8,31.96,31.77,31.92,280617
2013-10-08 20:00:00,31.92,31.94,31.83,31.92,165815
2013-10-08 20:30:00,31.93,31.95,31.82,31.85,196784
2013-10-08 21:00:00,31.84,31.86,31.71,31.84,279252
2013-10-08 21:30:00,31.84,31.87,31.65,31.69,260539
2013-10-08 22:00:00,31.69,31.76,31.6,31.75,236381
2013-10-08 22:30:00,31.74,31.75,31.5,31.51,521079
2013-10-09 16:30:00,31.7,31.78,31.54,31.78,161658
2013-10-09 17:00:00,31.78,31.91,31.68,31.86,254192
2013-10-09 17:30:00,31.88,31.93,31.72,31.73,186917
2013-10-09 18:00:00,31.74,31.82,31.69,31.81,167407
2013-10-09 18:30:00,31.8,31.99,31.8,31.95,175722
2013-10-09 19:00:00,31.96,32.03,31.93,31.98,288550
2013-10-09 19:30:00,31.99,32.05,31.94,32.0,275858
2013-10-09 20:00:00,32.0,32.22,32.0,32.16,139398
2013-10-09 20:30:00,32.17,32.21,32.11,32.15,129190
2013-10-09 21:00:00,32.15,32.21,32.05,32.19,216303
2013-10-09 21:30:00,32.19,32.32,32.17,32.29,294454
2013-10-09 22:00:00,32.3,32.37,32.27,32.3,515351
2013-10-09 22:30:00,32.31,32.33,32.14,32.17,1195350
2013-10-10 16:30:00,32.93,33.46,32.93,33.45,677213
2013-10-10 17:00:00,33.46,33.58,33.39,33.46,533440
2013-10-10 17:30:00,33.46,33.61,33.42,33.53,349193
2013-10-10 18:00:00,33.52,33.62,33.46,33.59,346844
2013-10-10 18:30:00,33.6,33.83,33.51,33.82,305031
2013-10-10 19:00:00,33.81,33.88,33.78,33.84,217807
2013-10-10 19:30:00,33.84,33.93,33.82,33.88,152719
2013-10-10 20:00:00,33.89,33.9,33.79,33.81,252520
2013-10-10 20:30:00,33.81,33.83,33.72,33.8,228507
2013-10-10 21:00:00,33.8,33.82,33.64,33.8,556578
2013-10-10 21:30:00,33.81,33.89,33.78,33.82,377494
2013-10-10 22:00:00,33.81,33.92,33.78,33.85,687095
2013-10-10 22:30:00,33.86,33.93,33.79,33.92,1229389
2013-10-11 16:30:00,33.9,34.21,33.79,34.2,259100
2013-10-11 17:00:00,34.2,34.35,34.17,34.26,476483
2013-10-11 17:30:00,34.25,34.28,34.09,34.19,279500
2013-10-11 18:00:00,34.18,34.33,34.13,34.28,415062
2013-10-11 18:30:00,34.27,34.51,34.25,34.45,232147
2013-10-11 19:00:00,34.45,34.64,34.42,34.56,228877
2013-10-11 19:30:00,34.56,34.56,34.45,34.5,131598
2013-10-11 20:00:00,34.49,34.49,34.3,34.34,228011
2013-10-11 20:30:00,34.34,34.39,34.3,34.36,73678
2013-10-11 21:00:00,34.36,34.39,34.31,34.34,96345
2013-10-11 21:30:00,34.33,34.37,34.28,34.3,141851
2013-10-11 22:00:00,34.3,34.3,34.19,34.23,189486
2013-10-11 22:30:00,34.23,34.36,34.2,34.34,702033
2013-10-14 16:30:00,34.01,34.14,33.93,34.09,147679
2013-10-14 17:00:00,34.09,34.1,33.95,34.06,171528
2013-10-14 17:30:00,34.06,34.16,34.03,34.14,167446
2013-10-14 18:00:00,34.14,34.33,34.11,34.32,181224
2013-10-14 18:30:00,34.32,34.47,34.3,34.46,205889
2013-10-14 19:00:00,34.45,34.47,34.35,34.41,98886
2013-10-14 19:30:00,34.4,34.51,34.38,34.51,130639
2013-10-14 20:00:00,34.51,34.66,34.49,34.62,171573
2013-10-14 20:30:00,34.61,34.65,34.54,34.57,139497
2013-10-14 21:00:00,34.58,34.73,34.57,34.67,167779
2013-10-14 21:30:00,34.66,34.71,34.56,34.6,316918
2013-10-14 22:00:00,34.59,34.72,34.55,34.68,215554
2013-10-14 22:30:00,34.68,34.71,34.55,34.63,665611
2013-10-15 16:30:00,34.54,34.63,34.32,34.39,400326
2013-10-15 17:00:00,34.38,34.41,34.13,34.14,738143
2013-10-15 17:30:00,34.15,34.24,33.65,33.77,1892311
2013-10-15 18:00:00,33.76,33.81,33.42,33.45,1394284
2013-10-15 18:30:00,33.44,33.55,33.17,33.17,1484108
2013-10-15 19:00:00,33.18,33.18,32.58,32.78,1322711
2013-10-15 19:30:00,32.79,33.1,32.72,32.74,1355844
2013-10-15 20:00:00,32.75,32.77,32.31,32.32,1128312
2013-10-15 20:30:00,32.32,32.77,32.08,32.76,2437603
2013-10-15 21:00:00,32.75,32.88,32.33,32.41,2312793
2013-10-15 21:30:00,32.41,32.65,32.18,32.58,1389512
2013-10-15 22:00:00,32.58,32.64,32.36,32.42,2419921
2013-10-15 22:30:00,32.42,32.48,32.29,32.42,3157519
2013-10-16 16:30:00,32.18,32.32,31.5,31.83,2651182
2013-10-16 17:00:00,31.83,31.84,31.55,31.62,1915632
2013-10-16 17:30:00,31.63,32.06,31.63,31.99,1404684
2013-10-16 18:00:00,31.99,32.08,31.85,31.87,894788
2013-10-16 18:30:00,31.88,31.9,31.75,31.8,320066
2013-10-16 19:00:00,31.79,31.89,31.75,31.82,290319
2013-10-16 19:30:00,31.81,31.9,31.76,31.81,404065
2013-10-16 20:00:00,31.81,31.81,31.65,31.75,283868
2013-10-16 20:30:00,31.76,31.96,31.75,31.86,534598
2013-10-16 21:00:00,31.85,31.85,31.67,31.67,346835
2013-10-16 21:30:00,31.68,31.74,31.65,31.73,521371
2013-10-16 22:00:00,31.73,32.07,31.73,32.02,1741275
2013-10-16 22:30:00,32.02,32.07,31.98,32.06,3105401
2013-10-17 16:30:00,31.87,32.52,31.87,32.46,1223556
2013-10-17 17:00:00,32.45,32.56,32.3,32.5,1209256
2013-10-17 17:30:00,32.51,32.57,32.45,32.53,454520
2013-10-17 18:00:00,32.53,32.57,32.41,32.55,576805
2013-10-17 18:30:00,32.54,32.69,32.51,32.61,306126
2013-10-17 19:00:00,32.62,32.79,32.58,32.69,613512
2013-10-17 19:30:00,32.69,32.71,32.6,32.66,237569
2013-10-17 20:00:00,32.66,32.67,32.5,32.58,399416
2013-10-17 20:30:00,32.58,32.62,32.56,32.56,168923
2013-10-17 21:00:00,32.57,32.58,32.5,32.51,308438
2013-10-17 21:30:00,32.51,32.57,32.49,32.51,509873
2013-10-17 22:00:00,32.51,32.54,32.43,32.51,1078503
2013-10-17 22:30:00,32.5,32.55,32.44,32.46,1879286
2013-10-18 16:30:00,32.64,32.66,32.46,32.54,760405
2013-10-18 17:00:00,32.54,32.72,32.51,32.69,476103
2013-10-18 17:30:00,32.69,32.75,32.6,32.6,546681
2013-10-18 18:00:00,32.61,32.63,32.56,32.6,460812
2013-10-18 18:30:00,32.61,32.71,32.6,32.61,438142
2013-10-18 19:00:00,32.61,32.69,32.59,32.64,142091
2013-10-18 19:30:00,32.64,32.77,32.64,32.74,262465
2013-10-18 20:00:00,32.74,32.79,32.73,32.75,252445
2013-10-18 20:30:00,32.75,32.91,32.74,32.87,539432
2013-10-18 21:00:00,32.88,32.92,32.84,32.84,295155
2013-10-18 21:30:00,32.84,32.92,32.83,32.92,341647
2013-10-18 22:00:00,32.9,32.94,32.77,32.81,268738
2013-10-18 22:30:00,32.81,32.83,32.74,32.76,714896
2013-10-21 16:30:00,32.9,32.92,32.69,32.76,210048
2013-10-21 17:00:00,32.76,32.81,32.54,32.58,254769
2013-10-21 17:30:00,32.58,32.61,32.52,32.55,251696
2013-10-21 18:00:00,32.55,32.66,32.53,32.66,218461
2013-10-21 18:30:00,32.67,32.67,32.59,32.61,165035
2013-10-21 19:00:00,32.62,32.65,32.56,32.56,172436
2013-10-21 19:30:00,32.57,32.58,32.52,32.58,209988
2013-10-21 20:00:00,32.58,32.67,32.57,32.62,146752
2013-10-21 20:30:00,32.63,32.69,32.62,32.67,119105
2013-10-21 21:00:00,32.66,32.68,32.61,32.64,131638
2013-10-21 21:30:00,32.64,32.66,32.61,32.63,118774
2013-10-21 22:00:00,32.62,32.65,32.56,32.56,224935
2013-10-21 22:30:00,32.57,32.59,32.5,32.51,696581
2013-10-22 16:30:00,32.75,32.83,32.54,32.54,162314
2013-10-22 17:00:00,32.55,32.6,32.49,32.52,410448
2013-10-22 17:30:00,32.52,32.52,32.25,32.4,444866
2013-10-22 18:00:00,32.4,32.42,32.3,32.38,193742
2013-10-22 18:30:00,32.38,32.44,32.3,32.44,224694
2013-10-22 19:00:00,32.43,32.45,32.32,32.33,246511
2013-10-22 19:30:00,32.33,32.34,32.28,32.33,256308
2013-10-22 20:00:00,32.33,32.44,32.32,32.44,134258
2013-10-22 20:30:00,32.44,32.51,32.42,32.47,119938
2013-10-22 21:00:00,32.47,32.49,32.39,32.4,207822
2013-10-22 21:30:00,32.41,32.51,32.4,32.46,251579
2013-10-22 22:00:00,32.45,32.56,32.45,32.55,329267
2013-10-22 22:30:00,32.55,32.58,32.47,32.49,850474
2013-10-23 16:30:00,32.42,32.53,32.14,32.16,315884
2013-10-23 17:00:00,32.14,32.3,32.11,32.23,190448
2013-10-23 17:30:00,32.24,32.31,32.17,32.23,140346
2013-10-23 18:00:00,32.24,32.38,32.22,32.3,228558
2013-10-23 18:30:00,32.29,32.4,32.26,32.35,220137
2013-10-23 19:00:00,32.35,32.36,32.29,32.29,142755
2013-10-23 19:30:00,32.29,32.34,32.25,32.34,144646
2013-10-23 20:00:00,32.34,32.4,32.29,32.39,175089
2013-10-23 20:30:00,32.39,32.43,32.34,32.36,163424
2013-10-23 21:00:00,32.35,32.37,32.28,32.33,427528
2013-10-23 21:30:00,32.33,32.48,32.33,32.45,435487
2013-10-23 22:00:00,32.45,32.48,32.42,32.43,358417
2013-10-23 22:30:00,32.43,32.46,32.39,32.46,711557
2013-10-24 16:30:00,32.59,32.69,32.44,32.5,232865
2013-10-24 17:00:00,32.49,32.52,32.42,32.5,160670
2013-10-24 17:30:00,32.51,32.55,32.48,32.55,103081
2013-10-24 18:00:00,32.54,32.59,32.49,32.54,102120
2013-10-24 18:30:00,32.54,32.56,32.48,32.49,84518
2013-10-24 19:00:00,32.5,32.51,32.41,32.42,92375
2013-10-24 19:30:00,32.42,32.56,32.4,32.56,127766
2013-10-24 20:00:00,32.56,32.57,32.45,32.48,486460
2013-10-24 20:30:00,32.49,32.51,32.46,32.5,561971
2013-10-24 21:00:00,32.5,32.66,32.49,32.61,322855
2013-10-24 21:30:00,32.6,32.68,32.59,32.67,223560
2013-10-24 22:00:00,32.68,32.68,32.62,32.65,263968
2013-10-24 22:30:00,32.66,32.68,32.62,32.65,526639
2013-10-25 16:30:00,32.73,32.8,32.62,32.74,208354
2013-10-25 17:00:00,32.75,32.87,32.73,32.84,272830
2013-10-25 17:30:00,32.83,32.85,32.79,32.84,135595
2013-10-25 18:00:00,32.84,32.9,32.78,32.9,118945
2013-10-25 18:30:00,32.9,32.92,32.81,32.83,121716
2013-10-25 19:00:00,32.84,32.86,32.79,32.84,118144
2013-10-25 19:30:00,32.84,32.84,32.78,32.79,40726
2013-10-25 20:00:00,32.78,32.82,32.76,32.79,62504
2013-10-25 20:30:00,32.79,32.79,32.72,32.73,147218
2013-10-25 21:00:00,32.72,32.78,32.69,32.76,156709
2013-10-25 21:30:00,32.76,32.8,32.73,32.8,118907
2013-10-25 22:00:00,32.8,32.93,32.75,32.9,283341
2013-10-25 22:30:00,32.9,32.93,32.86,32.87,556200
2013-10-28 16:30:00,32.79,32.86,32.42,32.61,202547
2013-10-28 17:00:00,32.59,32.76,32.53,32.7,138024
2013-10-28 17:30:00,32.7,32.82,32.7,32.73,204177
2013-10-28 18:00:00,32.73,32.83,32.71,32.83,155353
2013-10-28 18:30:00,32.84,32.84,32.77,32.79,65443
2013-10-28 19:00:00,32.8,32.87,32.79,32.81,74191
2013-10-28 19:30:00,32.82,32.84,32.78,32.8,77772
2013-10-28 20:00:00,32.8,32.82,32.77,32.8,47994
2013-10-28 20:30:00,32.81,32.83,32.75,32.78,65023
2013-10-28 21:00:00,32.78,32.81,32.74,32.77,387086
2013-10-28 21:30:00,32.77,32.78,32.73,32.76,155640
2013-10-28 22:00:00,32.76,32.81,32.73,32.8,221874
2013-10-28 22:30:00,32.8,32.82,32.74,32.76,589802
2013-10-29 16:30:00,32.8,32.97,32.78,32.93,219776
2013-10-29 17:00:00,32.94,32.97,32.87,32.95,133728
2013-10-29 17:30:00,32.95,32.97,32.82,32.91,395959
2013-10-29 18:00:00,32.91,33.02,32.89,33.0,349795
2013-10-29 18:30:00,33.01,33.16,33.0,33.13,325423
2013-10-29 19:00:00,33.13,33.18,33.09,33.16,274740
2013-10-29 19:30:00,33.16,33.28,33.14,33.21,341071
2013-10-29 20:00:00,33.21,33.29,33.19,33.2,332326
2013-10-29 20:30:00,33.2,33.28,33.2,33.28,201185
2013-10-29 21:00:00,33.28,33.32,33.27,33.31,181673
2013-10-29 21:30:00,33.31,33.37,33.28,33.29,269967
2013-10-29 22:00:00,33.29,33.32,33.26,33.29,491592
2013-10-29 22:30:00,33.29,33.38,33.24,33.38,796980
2013-10-30 16:30:00,33.47,33.52,33.07,33.17,301237
2013-10-30 17:00:00,33.16,33.29,33.13,33.26,383587
2013-10-30 17:30:00,33.26,33.38,33.23,33.35,168355
2013-10-30 18:00:00,33.35,33.36,33.26,33.26,94222
2013-10-30 18:30:00,33.26,33.35,33.25,33.27,186822
2013-10-30 19:00:00,33.27,33.3,33.15,33.17,282684
2013-10-30 19:30:00,33.17,33.23,33.14,33.15,74676
2013-10-30 20:00:00,33.15,33.2,33.08,33.11,97376
2013-10-30 20:30:00,33.11,33.12,32.96,33.06,118270
2013-10-30 21:00:00,33.07,33.14,32.83,32.93,334828
2013-10-30 21:30:00,32.93,33.02,32.85,32.92,369788
2013-10-30 22:00:00,32.92,33.0,32.88,32.98,187736
2013-10-30 22:30:00,32.97,32.98,32.88,32.9,527167
2013-10-31 16:30:00,33.65,34.22,33.5,33.96,1753724
2013-10-31 17:00:00,33.95,34.04,33.74,33.74,772738
2013-10-31 17:30:00,33.73,33.76,33.52,33.65,787785
2013-10-31 18:00:00,33.65,33.69,33.37,33.5,341286
2013-10-31 18:30:00,33.51,33.59,33.32,33.54,454190
2013-10-31 19:00:00,33.54,33.63,33.43,33.51,271411
2013-10-31 19:30:00,33.51,33.74,33.51,33.63,179218
2013-10-31 20:00:00,33.62,33.9,33.62,33.87,286708
2013-10-31 20:30:00,33.86,33.9,33.69,33.81,262274
2013-10-31 21:00:00,33.81,33.82,33.71,33.74,237265
2013-10-31 21:30:00,33.74,34.01,33.73,33.92,522218
2013-10-31 22:00:00,33.92,34.07,33.84,33.93,685514
2013-10-31 22:30:00,33.92,33.96,33.74,33.74,1565929
2013-11-01 16:30:00,33.91,34.16,33.81,34.0,288622
2013-11-01 17:00:00,34.01,34.16,33.99,34.1,348624
2013-11-01 17:30:00,34.09,34.09,33.94,33.96,256576
2013-11-01 18:00:00,33.96,33.99,33.86,33.95,201616
2013-11-01 18:30:00,33.94,34.0,33.86,33.86,128615
2013-11-01 19:00:00,33.86,33.99,33.82,33.99,155181
2013-11-01 19:30:00,33.98,34.09,33.97,34.08,184375
2013-11-01 20:00:00,34.08,34.12,34.01,34.03,236834
2013-11-01 20:30:00,34.02,34.12,33.92,34.09,155918
2013-11-01 21:00:00,34.09,34.1,34.01,34.03,401379
2013-11-01 21:30:00,34.02,34.03,33.87,33.9,257013
2013-11-01 22:00:00,33.9,33.92,33.84,33.91,263879
2013-11-01 22:30:00,33.9,33.98,33.68,33.84,985700
2013-11-04 16:30:00,34.03,34.03,33.7,33.75,152611
2013-11-04 17:00:00,33.78,33.82,33.73,33.8,95170
2013-11-04 17:30:00,33.79,33.85,33.69,33.69,213627
2013-11-04 18:00:00,33.68,33.73,33.52,33.52,257266
2013-11-04 18:30:00,33.52,33.57,33.49,33.51,287995
2013-11-04 19:00:00,33.5,33.5,33.44,33.46,108212
2013-11-04 19:30:00,33.46,33.53,33.44,33.49,146474
2013-11-04 20:00:00,33.49,33.57,33.48,33.56,123917
2013-11-04 20:30:00,33.55,33.56,33.49,33.5,220947
2013-11-04 21:00:00,33.49,33.51,33.46,33.49,185884
2013-11-04 21:30:00,33.48,33.49,33.43,33.43,232079
2013-11-04 22:00:00,33.44,33.5,33.42,33.45,344765
2013-11-04 22:30:00,33.45,33.45,33.33,33.37,1473221
2013-11-05 16:30:00,33.25,33.32,32.92,32.98,339253
2013-11-05 17:00:00,32.99,33.01,32.94,33.0,255888
2013-11-05 17:30:00,33.0,33.01,32.94,32.97,259264
2013-11-05 18:00:00,32.98,33.01,32.87,32.87,291759
2013-11-05 18:30:00,32.87,32.92,32.83,32.83,322379
2013-11-05 19:00:00,32.83,32.85,32.76,32.83,262698
2013-11-05 19:30:00,32.83,32.84,32.74,32.79,249462
2013-11-05 20:00:00,32.79,32.81,32.74,32.79,269581
2013-11-05 20:30:00,32.78,32.8,32.73,32.77,314799
2013-11-05 21:00:00,32.78,33.01,32.76,32.99,470108
2013-11-05 21:30:00,32.99,33.01,32.9,32.91,167654
2013-11-05 22:00:00,32.91,33.07,32.91,33.01,311099
2013-11-05 22:30:00,33.01,33.02,32.9,32.91,806399
2013-11-06 16:30:00,33.05,33.29,32.75,33.2,234757
2013-11-06 17:00:00,33.2,33.39,33.19,33.19,367042
2013-11-06 17:30:00,33.19,33.3,33.14,33.18,118309
2013-11-06 18:00:00,33.17,33.17,33.09,33.12,117177
2013-11-06 18:30:00,33.12,33.14,32.99,32.99,189582
2013-11-06 19:00:00,32.99,33.09,32.99,33.08,56966
2013-11-06 19:30:00,33.07,33.13,33.04,33.09,126992
2013-11-06 20:00:00,33.09,33.1,33.04,33.07,79615
2013-11-06 20:30:00,33.09,33.11,33.02,33.03,82583
2013-11-06 21:00:00,33.03,33.07,33.0,33.04,89056
2013-11-06 21:30:00,33.04,33.08,33.02,33.05,103343
2013-11-06 22:00:00,33.04,33.09,32.9,33.02,1037037
2013-11-06 22:30:00,33.02,33.06,32.9,33.05,578945
2013-11-07 16:30:00,33.18,33.32,33.1,33.14,341951
2013-11-07 17:00:00,33.15,33.18,32.97,33.01,382551
2013-11-07 17:30:00,33.01,33.03,32.82,32.85,331996
2013-11-07 18:00:00,32.84,32.9,32.73,32.81,302102
2013-11-07 18:30:00,32.81,32.9,32.78,32.89,193672
2013-11-07 19:00:00,32.9,33.0,32.89,32.96,147020
2013-11-07 19:30:00,32.96,32.97,32.87,32.88,138592
2013-11-07 20:00:00,32.87,32.88,32.73,32.73,181982
2013-11-07 20:30:00,32.73,32.78,32.61,32.61,273651
2013-11-07 21:00:00,32.62,32.64,32.53,32.56,254395
2013-11-07 21:30:00,32.55,32.58,32.45,32.57,349436
2013-11-07 22:00:00,32.57,32.58,32.41,32.41,295845
2013-11-07 22:30:00,32.41,32.45,32.34,32.38,853763
2013-11-08 16:30:00,32.25,32.6,32.25,32.53,463561
2013-11-08 17:00:00,32.54,32.95,32.53,32.87,585120
2013-11-08 17:30:00,32.86,33.06,32.83,33.05,352383
2013-11-08 18:00:00,33.06,33.2,33.04,33.17,428310
2013-11-08 18:30:00,33.17,33.18,33.05,33.06,189891
2013-11-08 19:00:00,33.06,33.11,33.04,33.09,157116
2013-11-08 19:30:00,33.08,33.12,33.04,33.05,153636
2013-11-08 20:00:00,33.05,33.07,33.0,33.05,164016
2013-11-08 20:30:00,33.06,33.15,33.04,33.14,160956
2013-11-08 21:00:00,33.14,33.15,33.09,33.14,181547
2013-11-08 21:30:00,33.15,33.2,33.11,33.19,167431
2013-11-08 22:00:00,33.19,33.19,33.08,33.14,237297
2013-11-08 22:30:00,33.14,33.32,33.12,33.31,587791
2013-11-11 16:30:00,33.66,33.89,33.33,33.64,495544
2013-11-11 17:00:00,33.64,33.73,33.62,33.63,232948
2013-11-11 17:30:00,33.62,33.74,33.58,33.74,336379
2013-11-11 18:00:00,33.74,33.75,33.63,33.75,90157
2013-11-11 18:30:00,33.73,33.77,33.66,33.67,126514
2013-11-11 19:00:00,33.67,33.67,33.59,33.64,111336
2013-11-11 19:30:00,33.64,33.68,33.59,33.61,116862
2013-11-11 20:00:00,33.62,33.68,33.58,33.6,128000
2013-11-11 20:30:00,33.6,33.61,33.53,33.55,114399
2013-11-11 21:00:00,33.56,33.61,33.53,33.59,118164
2013-11-11 21:30:00,33.58,33.63,33.54,33.55,133792
2013-11-11 22:00:00,33.54,33.58,33.53,33.54,118834
2013-11-11 22:30:00,33.54,33.58,33.51,33.56,330275
2013-11-12 16:30:00,33.56,33.68,33.43,33.48,223290
2013-11-12 17:00:00,33.49,33.52,33.4,33.49,150334
2013-11-12 17:30:00,33.5,33.61,33.39,33.39,348971
2013-11-12 18:00:00,33.39,33.4,33.31,33.39,210019
2013-11-12 18:30:00,33.39,33.43,33.31,33.32,166333
2013-11-12 19:00:00,33.32,33.38,33.28,33.37,126439
2013-11-12 19:30:00,33.36,33.38,33.3,33.32,107518
2013-11-12 20:00:00,33.32,33.33,33.2,33.2,198906
2013-11-12 20:30:00,33.21,33.22,33.06,33.19,214227
2013-11-12 21:00:00,33.2,33.26,33.19,33.22,217467
2013-11-12 21:30:00,33.21,33.28,33.17,33.28,290407
2013-11-12 22:00:00,33.28,33.31,33.23,33.23,182059
2013-11-12 22:30:00,33.23,33.29,33.18,33.22,738602
2013-11-13 16:30:00,32.94,33.37,32.92,33.29,344854
2013-11-13 17:00:00,33.3,33.31,33.22,33.28,230033
2013-11-13 17:30:00,33.28,33.29,33.13,33.13,209243
2013-11-13 18:00:00,33.13,33.21,33.11,33.16,130506
2013-11-13 18:30:00,33.17,33.31,33.17,33.29,129108
2013-11-13 19:00:00,33.29,33.39,33.28,33.36,158000
2013-11-13 19:30:00,33.35,33.39,33.33,33.34,272782
2013-11-13 20:00:00,33.34,33.36,33.33,33.35,153262
2013-11-13 20:30:00,33.35,33.41,33.34,33.4,140558
2013-11-13 21:00:00,33.4,33.4,32.73,33.07,1583864
2013-11-13 21:30:00,33.07,33.18,33.01,33.1,322069
2013-11-13 22:00:00,33.1,33.15,33.03,33.15,415424
2013-11-13 22:30:00,33.15,33.31,33.11,33.29,676057
2013-11-14 16:30:00,34.18,34.28,33.83,34.0,694767
2013-11-14 17:00:00,34.0,34.01,33.77,33.97,413039
2013-11-14 17:30:00,33.97,34.07,33.94,34.02,330038
2013-11-14 18:00:00,34.02,34.07,34.01,34.04,255122
2013-11-14 18:30:00,34.05,34.1,33.98,34.04,137666
2013-11-14 19:00:00,34.04,34.1,34.02,34.06,127029
2013-11-14 19:30:00,34.06,34.16,34.06,34.14,244544
2013-11-14 20:00:00,34.13,34.2,34.13,34.19,146176
2013-11-14 20:30:00,34.19,34.28,34.18,34.27,349508
2013-11-14 21:00:00,34.27,34.31,34.26,34.29,247484
2013-11-14 21:30:00,34.3,34.32,34.25,34.28,207691
2013-11-14 22:00:00,34.27,34.27,34.19,34.19,411175
2013-11-14 22:30:00,34.2,34.21,34.03,34.06,887681
2013-11-15 16:30:00,33.77,34.07,33.77,33.77,341525
2013-11-15 17:00:00,33.78,33.81,33.63,33.72,175670
2013-11-15 17:30:00,33.73,33.89,33.71,33.88,157960
2013-11-15 18:00:00,33.88,34.0,33.88,33.94,215857
2013-11-15 18:30:00,33.94,33.94,33.78,33.8,181911
2013-11-15 19:00:00,33.79,33.85,33.78,33.83,76367
2013-11-15 19:30:00,33.83,33.84,33.77,33.79,70887
2013-11-15 20:00:00,33.78,33.8,33.75,33.76,47560
2013-11-15 20:30:00,33.77,33.81,33.76,33.79,72146
2013-11-15 21:00:00,33.79,33.85,33.79,33.85,78160
2013-11-15 21:30:00,33.85,33.89,33.83,33.87,97512
2013-11-15 22:00:00,33.87,33.96,33.86,33.95,292394
2013-11-15 22:30:00,33.95,33.98,33.79,33.83,798964
2013-11-18 16:30:00,33.85,34.0,33.68,33.68,302010
2013-11-18 17:00:00,33.67,33.87,33.61,33.82,127451
2013-11-18 17:30:00,33.82,33.87,33.79,33.86,122222
2013-11-18 18:00:00,33.86,33.88,33.82,33.84,77972
2013-11-18 18:30:00,33.84,33.88,33.79,33.83,99943
2013-11-18 19:00:00,33.83,33.95,33.81,33.93,172509
2013-11-18 19:30:00,33.93,34.0,33.92,33.98,266635
2013-11-18 20:00:00,33.97,33.99,33.92,33.94,106199
2013-11-18 20:30:00,33.95,34.05,33.94,34.01,168190
2013-11-18 21:00:00,34.01,34.05,33.99,33.99,115695
2013-11-18 21:30:00,34.0,34.0,33.87,33.88,108910
2013-11-18 22:00:00,33.88,33.89,33.66,33.72,236551
2013-11-18 22:30:00,33.71,33.73,33.61,33.71,660437
2013-11-19 16:30:00,33.73,33.84,33.63,33.72,159629
2013-11-19 17:00:00,33.71,33.77,33.66,33.68,148482
2013-11-19 17:30:00,33.68,33.78,33.67,33.73,118430
2013-11-19 18:00:00,33.74,33.82,33.71,33.72,612838
2013-11-19 18:30:00,33.72,33.78,33.64,33.68,185856
2013-11-19 19:00:00,33.68,33.77,33.65,33.75,62998
2013-11-19 19:30:00,33.75,33.78,33.68,33.68,46613
2013-11-19 20:00:00,33.68,33.69,33.53,33.53,82423
2013-11-19 20:30:00,33.53,33.6,33.47,33.48,128526
2013-11-19 21:00:00,33.49,33.6,33.48,33.51,142680
2013-11-19 21:30:00,33.51,33.68,33.51,33.58,123032
2013-11-19 22:00:00,33.58,33.7,33.56,33.69,332571
2013-11-19 22:30:00,33.69,33.7,33.58,33.61,1414469
2013-11-20 16:30:00,33.75,33.8,33.49,33.76,477661
2013-11-20 17:00:00,33.77,33.94,33.74,33.76,467397
2013-11-20 17:30:00,33.76,33.94,33.75,33.84,221192
2013-11-20 18:00:00,33.84,33.84,33.76,33.8,272785
2013-11-20 18:30:00,33.8,33.85,33.78,33.83,119182
2013-11-20 19:00:00,33.83,33.86,33.79,33.8,68550
2013-11-20 19:30:00,33.81,33.84,33.79,33.79,97649
2013-11-20 20:00:00,33.79,33.9,33.78,33.85,405684
2013-11-20 20:30:00,33.85,33.91,33.85,33.88,131182
2013-11-20 21:00:00,33.88,33.88,33.61,33.76,257237
2013-11-20 21:30:00,33.75,33.77,33.55,33.6,190253
2013-11-20 22:00:00,33.59,33.59,33.4,33.41,236152
2013-11-20 22:30:00,33.41,33.52,33.37,33.49,393229
2013-11-21 16:30:00,33.55,33.71,33.36,33.48,173492
2013-11-21 17:00:00,33.48,33.61,33.41,33.61,330187
2013-11-21 17:30:00,33.61,33.72,33.58,33.64,218131
2013-11-21 18:00:00,33.65,33.67,33.57,33.63,171578
2013-11-21 18:30:00,33.63,33.64,33.59,33.64,110084
2013-11-21 19:00:00,33.65,33.66,33.6,33.65,209438
2013-11-21 19:30:00,33.65,33.66,33.57,33.58,176083
2013-11-21 20:00:00,33.59,33.66,33.58,33.63,299983
2013-11-21 20:30:00,33.63,33.67,33.6,33.66,164156
2013-11-21 21:00:00,33.66,33.74,33.62,33.7,180956
2013-11-21 21:30:00,33.7,33.73,33.67,33.71,168468
2013-11-21 22:00:00,33.72,33.86,33.72,33.78,293595
2013-11-21 22:30:00,33.78,33.79,33.73,33.78,523795
2013-11-22 16:30:00,33.84,33.85,33.63,33.63,501535
2013-11-22 17:00:00,33.64,33.79,33.55,33.74,354163
2013-11-22 17:30:00,33.73,33.86,33.73,33.84,111289
2013-11-22 18:00:00,33.84,33.9,33.81,33.88,166037
2013-11-22 18:30:00,33.88,33.91,33.81,33.82,167296
2013-11-22 19:00:00,33.83,33.91,33.8,33.84,92677
2013-11-22 19:30:00,33.84,33.97,33.84,33.95,72634
2013-11-22 20:00:00,33.95,34.01,33.92,33.92,96582
2013-11-22 20:30:00,33.92,33.92,33.81,33.86,141547
2013-11-22 21:00:00,33.85,34.02,33.84,34.0,136799
2013-11-22 21:30:00,33.99,34.05,33.99,34.01,150679
2013-11-22 22:00:00,34.02,34.05,33.94,33.97,214714
2013-11-22 22:30:00,33.96,34.01,33.89,33.89,881413
2013-11-25 16:30:00,34.02,34.14,33.89,33.94,170674
2013-11-25 17:00:00,33.94,33.95,33.8,33.83,572881
2013-11-25 17:30:00,33.83,34.03,33.83,34.02,328452
2013-11-25 18:00:00,34.03,34.15,34.03,34.15,129493
2013-11-25 18:30:00,34.15,34.27,34.1,34.23,257718
2013-11-25 19:00:00,34.23,34.27,34.15,34.19,122607
2013-11-25 19:30:00,34.19,34.21,34.16,34.19,86054
2013-11-25 20:00:00,34.2,34.23,34.17,34.17,116113
2013-11-25 20:30:00,34.18,34.25,34.17,34.24,83017
2013-11-25 21:00:00,34.24,34.37,34.24,34.36,227381
2013-11-25 21:30:00,34.38,34.39,34.3,34.35,122129
2013-11-25 22:00:00,34.34,34.35,34.2,34.23,177763
2013-11-25 22:30:00,34.23,34.28,34.17,34.26,478103
2013-11-26 16:30:00,34.37,34.54,34.21,34.39,266169
2013-11-26 17:00:00,34.39,34.56,34.26,34.55,259184
2013-11-26 17:30:00,34.55,34.65,34.53,34.57,250989
2013-11-26 18:00:00,34.57,34.59,34.5,34.51,147964
2013-11-26 18:30:00,34.5,34.51,34.42,34.49,156165
2013-11-26 19:00:00,34.49,34.54,34.42,34.49,141050
2013-11-26 19:30:00,34.49,34.55,34.46,34.53,137409
2013-11-26 20:00:00,34.53,34.54,34.46,34.52,101666
2013-11-26 20:30:00,34.51,34.59,34.5,34.53,124772
2013-11-26 21:00:00,34.53,34.59,34.51,34.57,189244
2013-11-26 21:30:00,34.57,34.64,34.56,34.63,169475
2013-11-26 22:00:00,34.62,34.63,34.59,34.6,253751
2013-11-26 22:30:00,34.61,34.66,34.5,34.51,1349720
2013-11-27 16:30:00,34.59,34.93,34.49,34.9,602178
2013-11-27 17:00:00,34.9,35.1,34.86,34.99,460432
2013-11-27 17:30:00,35.0,35.11,34.91,34.94,239364
2013-11-27 18:00:00,34.94,35.17,34.94,35.15,237101
2013-11-27 18:30:00,35.16,35.23,35.15,35.17,250916
2013-11-27 19:00:00,35.18,35.19,35.14,35.17,260213
2013-11-27 19:30:00,35.17,35.2,35.13,35.15,234811
2013-11-27 20:00:00,35.15,35.17,35.03,35.05,270134
2013-11-27 20:30:00,35.06,35.12,35.05,35.12,214969
2013-11-27 21:00:00,35.11,35.15,35.06,35.12,202682
2013-11-27 21:30:00,35.13,35.16,35.09,35.13,322300
2013-11-27 22:00:00,35.13,35.14,35.03,35.08,266279
2013-11-27 22:30:00,35.09,35.11,34.99,35.04,564719
2013-11-29 16:30:00,35.1,35.26,34.97,35.06,197879
2013-11-29 17:00:00,35.06,35.15,35.03,35.15,159047
2013-11-29 17:30:00,35.16,35.21,35.05,35.06,127522
2013-11-29 18:00:00,35.07,35.08,34.97,35.01,173854
2013-11-29 18:30:00,35.01,35.09,35.0,35.07,132630
2013-11-29 19:00:00,35.08,35.17,35.06,35.14,109051
2013-11-29 19:30:00,35.14,35.15,34.8,34.85,347784
2013-11-29 20:00:00,34.85,34.85,34.85,34.85,235964
2013-11-29 20:30:00,34.85,34.85,34.85,34.85,10500
2013-12-02 16:30:00,34.86,35.03,34.81,34.94,312450
2013-12-02 17:00:00,34.94,35.18,34.9,35.16,255141
2013-12-02 17:30:00,35.15,35.2,35.12,35.13,187164
2013-12-02 18:00:00,35.14,35.25,35.09,35.23,148680
2013-12-02 18:30:00,35.22,35.48,35.22,35.41,408528
2013-12-02 19:00:00,35.4,35.43,35.28,35.32,120068
2013-12-02 19:30:00,35.32,35.34,35.22,35.33,138353
2013-12-02 20:00:00,35.33,35.36,35.21,35.35,325041
2013-12-02 20:30:00,35.35,35.35,35.17,35.23,163885
2013-12-02 21:00:00,35.22,35.25,35.09,35.15,191550
2013-12-02 21:30:00,35.15,35.2,35.06,35.19,200095
2013-12-02 22:00:00,35.19,35.24,35.11,35.11,249755
2013-12-02 22:30:00,35.11,35.15,35.01,35.15,811163
2013-12-03 16:30:00,34.91,34.95,34.75,34.91,214643
2013-12-03 17:00:00,34.92,34.96,34.73,34.87,267603
2013-12-03 17:30:00,34.87,34.93,34.8,34.9,255381
2013-12-03 18:00:00,34.9,34.94,34.83,34.87,398964
2013-12-03 18:30:00,34.86,34.88,34.75,34.83,224868
2013-12-03 19:00:00,34.83,34.9,34.81,34.82,134766
2013-12-03 19:30:00,34.82,34.88,34.79,34.85,187419
2013-12-03 20:00:00,34.85,34.87,34.76,34.79,259904
2013-12-03 20:30:00,34.79,34.88,34.78,34.84,169508
2013-12-03 21:00:00,34.85,34.86,34.78,34.85,231537
2013-12-03 21:30:00,34.85,34.92,34.83,34.9,202700
2013-12-03 22:00:00,34.9,34.92,34.87,34.9,282494
2013-12-03 22:30:00,34.9,35.03,34.89,34.99,450902
2013-12-04 16:30:00,34.83,34.97,34.73,34.85,549355
2013-12-04 17:00:00,34.85,35.07,34.82,35.06,329999
2013-12-04 17:30:00,35.07,35.21,35.06,35.17,227126
2013-12-04 18:00:00,35.17,35.21,35.09,35.09,185250
2013-12-04 18:30:00,35.09,35.14,35.06,35.09,157580
2013-12-04 19:00:00,35.09,35.1,34.86,34.86,193845
2013-12-04 19:30:00,34.86,34.95,34.86,34.9,116630
2013-12-04 20:00:00,34.9,34.93,34.61,34.62,253553
2013-12-04 20:30:00,34.62,34.76,34.54,34.73,259558
2013-12-04 21:00:00,34.73,34.92,34.71,34.89,186921
2013-12-04 21:30:00,34.9,35.01,34.9,34.94,300161
2013-12-04 22:00:00,34.93,34.99,34.89,34.95,450730
2013-12-04 22:30:00,34.94,35.01,34.91,34.93,1020995
2013-12-05 16:30:00,34.63,34.79,34.55,34.67,197201
2013-12-05 17:00:00,34.68,34.85,34.61,34.66,225969
2013-12-05 17:30:00,34.67,34.7,34.46,34.56,209405
2013-12-05 18:00:00,34.56,34.71,34.55,34.65,193878
2013-12-05 18:30:00,34.65,34.65,34.5,34.53,175675
2013-12-05 19:00:00,34.54,34.63,34.53,34.61,164350
2013-12-05 19:30:00,34.61,34.64,34.6,34.61,218648
2013-12-05 20:00:00,34.61,34.61,34.47,34.48,467636
2013-12-05 20:30:00,34.48,34.51,34.37,34.47,271803
2013-12-05 21:00:00,34.47,34.52,34.39,34.45,222679
2013-12-05 21:30:00,34.44,34.52,34.42,34.47,219467
2013-12-05 22:00:00,34.47,34.5,34.35,34.41,410690
2013-12-05 22:30:00,34.41,34.49,34.35,34.39,966083
2013-12-06 16:30:00,34.94,35.29,34.94,35.07,426237
2013-12-06 17:00:00,35.08,35.19,35.01,35.14,323100
2013-12-06 17:30:00,35.15,35.39,35.06,35.33,604865
2013-12-06 18:00:00,35.33,35.38,35.25,35.26,157106
2013-12-06 18:30:00,35.27,35.36,35.25,35.3,159669
2013-12-06 19:00:00,35.3,35.43,35.3,35.41,108298
2013-12-06 19:30:00,35.41,35.49,35.38,35.45,121031
2013-12-06 20:00:00,35.44,35.6,35.43,35.6,195649
2013-12-06 20:30:00,35.59,35.7,35.57,35.63,221986
2013-12-06 21:00:00,35.63,35.7,35.61,35.65,164663
2013-12-06 21:30:00,35.65,35.69,35.6,35.69,210219
2013-12-06 22:00:00,35.69,35.69,35.43,35.49,331372
2013-12-06 22:30:00,35.49,35.51,35.37,35.47,1021145
2013-12-09 16:30:00,35.53,35.85,35.34,35.75,256784
2013-12-09 17:00:00,35.75,35.8,35.64,35.71,234142
2013-12-09 17:30:00,35.71,35.79,35.64,35.74,132030
2013-12-09 18:00:00,35.73,35.85,35.71,35.79,161520
2013-12-09 18:30:00,35.79,35.83,35.74,35.75,132184
2013-12-09 19:00:00,35.76,35.82,35.74,35.75,111190
2013-12-09 19:30:00,35.74,35.86,35.73,35.81,171815
2013-12-09 20:00:00,35.81,35.83,35.76,35.78,93089
2013-12-09 20:30:00,35.79,35.79,35.66,35.66,119587
2013-12-09 21:00:00,35.66,35.67,35.57,35.63,139823
2013-12-09 21:30:00,35.62,35.65,35.56,35.61,120700
2013-12-09 22:00:00,35.61,35.72,35.6,35.68,227688
2013-12-09 22:30:00,35.68,35.71,35.63,35.69,363256
2013-12-10 16:30:00,35.51,35.66,35.33,35.38,160330
2013-12-10 17:00:00,35.39,35.61,35.38,35.54,127667
2013-12-10 17:30:00,35.54,35.6,35.5,35.51,159790
2013-12-10 18:00:00,35.51,35.52,35.39,35.43,142665
2013-12-10 18:30:00,35.43,35.43,35.3,35.31,136326
2013-12-10 19:00:00,35.3,35.39,35.23,35.38,114194
2013-12-10 19:30:00,35.38,35.47,35.37,35.43,81312
2013-12-10 20:00:00,35.43,35.51,35.41,35.47,162868
2013-12-10 20:30:00,35.47,35.53,35.37,35.42,121836
2013-12-10 21:00:00,35.42,35.51,35.39,35.47,125742
2013-12-10 21:30:00,35.46,35.49,35.41,35.47,145852
2013-12-10 22:00:00,35.48,35.51,35.42,35.46,178927
2013-12-10 22:30:00,35.46,35.47,35.38,35.39,471155
2013-12-11 16:30:00,35.48,35.5,35.1,35.19,362779
2013-12-11 17:00:00,35.16,35.16,34.91,35.0,313870
2013-12-11 17:30:00,34.99,35.14,34.98,35.13,235686
2013-12-11 18:00:00,35.12,35.15,34.91,34.92,196476
2013-12-11 18:30:00,34.92,34.93,34.79,34.85,192548
2013-12-11 19:00:00,34.85,34.89,34.74,34.85,206445
2013-12-11 19:30:00,34.83,35.01,34.81,35.01,114563
2013-12-11 20:00:00,35.01,35.09,35.0,35.02,127683
2013-12-11 20:30:00,35.01,35.12,35.0,35.07,142527
2013-12-11 21:00:00,35.06,35.08,34.89,34.92,175998
2013-12-11 21:30:00,34.93,34.93,34.76,34.79,217441
2013-12-11 22:00:00,34.79,34.8,34.62,34.64,338678
2013-12-11 22:30:00,34.65,34.68,34.57,34.65,742713
2013-12-12 16:30:00,34.66,34.75,34.55,34.64,254181
2013-12-12 17:00:00,34.64,34.77,34.55,34.6,185997
2013-12-12 17:30:00,34.61,34.67,34.58,34.67,157183
2013-12-12 18:00:00,34.67,34.71,34.59,34.62,140798
2013-12-12 18:30:00,34.62,34.63,34.54,34.57,142195
2013-12-12 19:00:00,34.57,34.58,34.32,34.36,202191
2013-12-12 19:30:00,34.36,34.39,34.28,34.31,176793
2013-12-12 20:00:00,34.3,34.41,34.3,34.4,188111
2013-12-12 20:30:00,34.4,34.48,34.39,34.47,143484
2013-12-12 21:00:00,34.46,34.56,34.44,34.53,183199
2013-12-12 21:30:00,34.53,34.55,34.46,34.53,140819
2013-12-12 22:00:00,34.53,34.55,34.48,34.52,191254
2013-12-12 22:30:00,34.52,34.56,34.38,34.39,499448
2013-12-13 16:30:00,34.62,34.83,34.5,34.55,175711
2013-12-13 17:00:00,34.55,34.62,34.39,34.42,216675
2013-12-13 17:30:00,34.43,34.66,34.43,34.55,175153
2013-12-13 18:00:00,34.56,34.59,34.48,34.48,180847
2013-12-13 18:30:00,34.47,34.58,34.46,34.49,131644
2013-12-13 19:00:00,34.5,34.63,34.5,34.63,143795
2013-12-13 19:30:00,34.64,34.66,34.59,34.64,255420
2013-12-13 20:00:00,34.65,34.71,34.62,34.71,127060
2013-12-13 20:30:00,34.71,34.74,34.66,34.67,166030
2013-12-13 21:00:00,34.67,34.69,34.53,34.57,204286
2013-12-13 21:30:00,34.57,34.75,34.55,34.73,169139
2013-12-13 22:00:00,34.73,34.75,34.68,34.69,206207
2013-12-13 22:30:00,34.7,34.72,34.57,34.58,395393
2013-12-16 16:30:00,34.82,35.1,34.77,34.94,203134
2013-12-16 17:00:00,34.95,34.96,34.83,34.89,223602
2013-12-16 17:30:00,34.9,34.95,34.82,34.9,140415
2013-12-16 18:00:00,34.9,34.92,34.81,34.85,190505
2013-12-16 18:30:00,34.85,34.94,34.84,34.92,165067
2013-12-16 19:00:00,34.93,34.93,34.82,34.86,112654
2013-12-16 19:30:00,34.86,34.91,34.84,34.89,139893
2013-12-16 20:00:00,34.9,34.93,34.86,34.92,157310
2013-12-16 20:30:00,34.92,35.09,34.9,35.06,278561
2013-12-16 21:00:00,35.06,35.23,35.05,35.23,229443
2013-12-16 21:30:00,35.23,35.24,35.03,35.07,177929
2013-12-16 22:00:00,35.07,35.15,35.06,35.11,157332
2013-12-16 22:30:00,35.11,35.13,35.05,35.06,414367
2013-12-17 16:30:00,35.1,35.22,34.77,34.95,148588
2013-12-17 17:00:00,34.95,35.03,34.89,34.9,149075
2013-12-17 17:30:00,34.9,34.99,34.79,34.85,504535
2013-12-17 18:00:00,34.85,34.87,34.72,34.74,384139
2013-12-17 18:30:00,34.75,34.77,34.64,34.65,187197
2013-12-17 19:00:00,34.65,34.66,34.56,34.56,228066
2013-12-17 19:30:00,34.57,34.57,34.48,34.57,285283
2013-12-17 20:00:00,34.57,34.58,34.5,34.55,129430
2013-12-17 20:30:00,34.55,34.55,34.48,34.51,238555
2013-12-17 21:00:00,34.51,34.71,34.49,34.68,280427
2013-12-17 21:30:00,34.69,34.69,34.55,34.6,129074
2013-12-17 22:00:00,34.6,34.68,34.6,34.67,263915
2013-12-17 22:30:00,34.67,34.72,34.46,34.46,868764
2013-12-18 16:30:00,34.55,34.82,34.55,34.68,193777
2013-12-18 17:00:00,34.68,34.75,34.63,34.68,194109
2013-12-18 17:30:00,34.68,34.7,34.46,34.51,154402
2013-12-18 18:00:00,34.5,34.56,34.46,34.46,156161
2013-12-18 18:30:00,34.46,34.5,34.33,34.4,236531
2013-12-18 19:00:00,34.4,34.45,34.36,34.36,141754
2013-12-18 19:30:00,34.37,34.42,34.34,34.34,155985
2013-12-18 20:00:00,34.35,34.36,34.15,34.2,309688
2013-12-18 20:30:00,34.19,34.38,34.14,34.3,271363
2013-12-18 21:00:00,34.3,34.79,33.94,34.71,750674
2013-12-18 21:30:00,34.74,35.1,34.72,35.09,475091
2013-12-18 22:00:00,35.08,35.31,35.05,35.23,657081
2013-12-18 22:30:00,35.23,35.37,35.18,35.36,651943
2013-12-19 16:30:00,35.34,35.36,35.09,35.12,174096
2013-12-19 17:00:00,35.12,35.27,35.1,35.19,165998
2013-12-19 17:30:00,35.19,35.35,35.18,35.33,140950
2013-12-19 18:00:00,35.34,35.43,35.25,35.33,117657
2013-12-19 18:30:00,35.33,35.46,35.32,35.44,136772
2013-12-19 19:00:00,35.44,35.55,35.39,35.45,180292
2013-12-19 19:30:00,35.45,35.46,35.33,35.37,242973
2013-12-19 20:00:00,35.37,35.37,35.28,35.32,153496
2013-12-19 20:30:00,35.31,35.39,35.24,35.26,127852
2013-12-19 21:00:00,35.25,35.26,35.13,35.13,112502
2013-12-19 21:30:00,35.13,35.18,35.12,35.15,140384
2013-12-19 22:00:00,35.16,35.32,35.15,35.28,153533
2013-12-19 22:30:00,35.28,35.34,35.23,35.26,394184
2013-12-20 16:30:00,35.28,35.6,35.28,35.57,710497
2013-12-20 17:00:00,35.57,35.59,35.48,35.5,130478
2013-12-20 17:30:00,35.5,35.63,35.49,35.57,184565
2013-12-20 18:00:00,35.57,35.73,35.57,35.67,181264
2013-12-20 18:30:00,35.67,35.78,35.67,35.75,104108
2013-12-20 19:00:00,35.76,35.77,35.71,35.75,72037
2013-12-20 19:30:00,35.75,35.78,35.73,35.73,83581
2013-12-20 20:00:00,35.74,35.79,35.7,35.76,87432
2013-12-20 20:30:00,35.77,35.82,35.72,35.78,112444
2013-12-20 21:00:00,35.78,35.82,35.73,35.77,120375
2013-12-20 21:30:00,35.77,35.89,35.76,35.88,225310
2013-12-20 22:00:00,35.88,35.88,35.74,35.77,141997
2013-12-20 22:30:00,35.77,35.88,35.77,35.82,812269
2013-12-23 16:30:00,36.0,36.18,35.88,35.99,234229
2013-12-23 17:00:00,35.98,36.16,35.96,36.16,287120
2013-12-23 17:30:00,36.16,36.2,36.08,36.13,183393
2013-12-23 18:00:00,36.13,36.19,36.08,36.18,150643
2013-12-23 18:30:00,36.18,36.3,36.16,36.22,120603
2013-12-23 19:00:00,36.22,36.27,36.15,36.22,133849
2013-12-23 19:30:00,36.22,36.22,36.18,36.2,142998
2013-12-23 20:00:00,36.19,36.3,36.19,36.29,158100
2013-12-23 20:30:00,36.28,36.28,36.17,36.24,110639
2013-12-23 21:00:00,36.25,36.3,36.23,36.27,134757
2013-12-23 21:30:00,36.27,36.29,36.24,36.25,127929
2013-12-23 22:00:00,36.25,36.3,36.24,36.29,132719
2013-12-23 22:30:00,36.29,36.32,36.24,36.24,366742
2013-12-24 16:30:00,36.25,36.43,36.21,36.41,142921
2013-12-24 17:00:00,36.41,36.48,36.35,36.47,180226
2013-12-24 17:30:00,36.47,36.51,36.34,36.41,160494
2013-12-24 18:00:00,36.41,36.48,36.4,36.45,172706
2013-12-24 18:30:00,36.45,36.47,36.38,36.45,121922
2013-12-24 19:00:00,36.44,36.47,36.42,36.42,137630
2013-12-24 19:30:00,36.42,36.46,36.41,36.41,189653
2013-12-24 20:00:00,36.43,36.43,36.43,36.43,28965
2013-12-26 16:30:00,36.44,36.58,36.4,36.43,137654
2013-12-26 17:00:00,36.43,36.55,36.39,36.52,184358
2013-12-26 17:30:00,36.53,36.54,36.43,36.5,110137
2013-12-26 18:00:00,36.5,36.6,36.5,36.55,106365
2013-12-26 18:30:00,36.55,36.66,36.54,36.62,103215
2013-12-26 19:00:00,36.63,36.66,36.54,36.65,66659
2013-12-26 19:30:00,36.64,36.73,36.63,36.69,127431
2013-12-26 20:00:00,36.69,36.7,36.56,36.63,71839
2013-12-26 20:30:00,36.63,36.64,36.6,36.62,48451
2013-12-26 21:00:00,36.62,36.62,36.56,36.58,70733
2013-12-26 21:30:00,36.58,36.61,36.49,36.49,108641
2013-12-26 22:00:00,36.5,36.55,36.46,36.54,132440
2013-12-26 22:30:00,36.55,36.61,36.52,36.54,294485
2013-12-27 16:30:00,36.52,36.66,36.51,36.64,148642
2013-12-27 17:00:00,36.64,36.7,36.51,36.51,126155
2013-12-27 17:30:00,36.51,36.52,36.36,36.41,59420
2013-12-27 18:00:00,36.41,36.49,36.41,36.47,103502
2013-12-27 18:30:00,36.47,36.51,36.44,36.47,58770
2013-12-27 19:00:00,36.47,36.52,36.44,36.48,85198
2013-12-27 19:30:00,36.49,36.54,36.48,36.48,50991
2013-12-27 20:00:00,36.49,36.49,36.4,36.4,29883
2013-12-27 20:30:00,36.41,36.43,36.37,36.4,34435
2013-12-27 21:00:00,36.41,36.44,36.39,36.43,65741
2013-12-27 21:30:00,36.43,36.45,36.38,36.38,49892
2013-12-27 22:00:00,36.38,36.44,36.38,36.43,79712
2013-12-27 22:30:00,36.43,36.54,36.42,36.49,277041
2013-12-30 16:30:00,36.44,36.79,36.43,36.63,234362
2013-12-30 17:00:00,36.62,36.7,36.48,36.53,187911
2013-12-30 17:30:00,36.54,36.66,36.54,36.64,69089
2013-12-30 18:00:00,36.65,36.69,36.51,36.51,90875
2013-12-30 18:30:00,36.51,36.53,36.44,36.46,50317
2013-12-30 19:00:00,36.46,36.47,36.37,36.37,53951
2013-12-30 19:30:00,36.38,36.41,36.33,36.41,90732
2013-12-30 20:00:00,36.41,36.41,36.33,36.34,43894
2013-12-30 20:30:00,36.35,36.36,36.3,36.32,45107
2013-12-30 21:00:00,36.32,36.38,36.31,36.34,68617
2013-12-30 21:30:00,36.34,36.39,36.32,36.33,63735
2013-12-30 22:00:00,36.34,36.37,36.32,36.34,65117
2013-12-30 22:30:00,36.35,36.37,36.3,36.35,234576
2013-12-31 16:30:00,36.4,36.63,36.36,36.6,118144
2013-12-31 17:00:00,36.61,36.69,36.52,36.57,96848
2013-12-31 17:30:00,36.57,36.59,36.49,36.53,88540
2013-12-31 18:00:00,36.53,36.6,36.49,36.53,81145
2013-12-31 18:30:00,36.54,36.55,36.45,36.46,65163
2013-12-31 19:00:00,36.47,36.48,36.43,36.45,40431
2013-12-31 19:30:00,36.46,36.55,36.46,36.52,70533
2013-12-31 20:00:00,36.53,36.55,36.5,36.54,35792
2013-12-31 20:30:00,36.54,36.55,36.44,36.46,58304
2013-12-31 21:00:00,36.47,36.47,36.38,36.38,47157
2013-12-31 21:30:00,36.39,36.39,36.33,36.36,90803
2013-12-31 22:00:00,36.36,36.37,36.33,36.35,106028
2013-12-31 22:30:00,36.36,36.45,36.34,36.41,412317
2014-01-02 16:30:00,36.26,36.4,35.99,36.18,144594
2014-01-02 17:00:00,36.17,36.27,36.02,36.08,113160
2014-01-02 17:30:00,36.08,36.16,36.02,36.07,63838
2014-01-02 18:00:00,36.08,36.17,36.02,36.11,119996
2014-01-02 18:30:00,36.11,36.11,35.93,35.99,85922
2014-01-02 19:00:00,35.99,36.0,35.91,35.92,45614
2014-01-02 19:30:00,35.92,35.93,35.82,35.88,99902
2014-01-02 20:00:00,35.88,35.93,35.84,35.86,122928
2014-01-02 20:30:00,35.86,35.88,35.78,35.79,133734
2014-01-02 21:00:00,35.8,35.84,35.68,35.74,111328
2014-01-02 21:30:00,35.73,35.81,35.72,35.77,71718
2014-01-02 22:00:00,35.78,35.93,35.78,35.91,131768
2014-01-02 22:30:00,35.9,35.96,35.86,35.88,335415
2014-01-03 16:30:00,36.02,36.28,35.97,36.21,151366
2014-01-03 17:00:00,36.22,36.25,36.12,36.2,115256
2014-01-03 17:30:00,36.21,36.24,36.15,36.23,85877
2014-01-03 18:00:00,36.23,36.25,36.08,36.11,141956
2014-01-03 18:30:00,36.12,36.13,36.02,36.05,98885
2014-01-03 19:00:00,36.06,36.18,36.05,36.17,91991
2014-01-03 19:30:00,36.17,36.2,36.13,36.14,50463
2014-01-03 20:00:00,36.13,36.19,36.13,36.19,83468
2014-01-03 20:30:00,36.19,36.19,36.13,36.14,74392
2014-01-03 21:00:00,36.13,36.16,36.13,36.15,77858
2014-01-03 21:30:00,36.14,36.27,36.12,36.22,124155
2014-01-03 22:00:00,36.22,36.28,36.2,36.23,275308
2014-01-03 22:30:00,36.24,36.25,36.1,36.12,364712
2014-01-06 16:30:00,36.59,36.64,36.41,36.57,528788
2014-01-06 17:00:00,36.58,36.73,36.39,36.62,294268
2014-01-06 17:30:00,36.63,36.69,36.55,36.57,246897
2014-01-06 18:00:00,36.57,36.58,36.32,36.48,308170
2014-01-06 18:30:00,36.49,36.49,36.25,36.43,224009
2014-01-06 19:00:00,36.43,36.49,36.34,36.46,195985
2014-01-06 19:30:00,36.46,36.52,36.41,36.46,265344
2014-01-06 20:00:00,36.45,36.48,36.43,36.47,126411
2014-01-06 20:30:00,36.46,36.57,36.39,36.51,300497
2014-01-06 21:00:00,36.51,36.58,36.47,36.48,145648
2014-01-06 21:30:00,36.47,36.55,36.45,36.54,124008
2014-01-06 22:00:00,36.52,36.56,36.44,36.47,215922
2014-01-06 22:30:00,36.47,36.49,36.36,36.36,351191
2014-01-07 16:30:00,36.7,36.83,36.58,36.81,172412
2014-01-07 17:00:00,36.82,36.88,36.71,36.74,138592
2014-01-07 17:30:00,36.75,36.87,36.75,36.85,137873
2014-01-07 18:00:00,36.86,36.89,36.74,36.74,148667
2014-01-07 18:30:00,36.73,36.78,36.69,36.69,129147
2014-01-07 19:00:00,36.68,36.72,36.64,36.65,72912
2014-01-07 19:30:00,36.65,36.76,36.64,36.76,93739
2014-01-07 20:00:00,36.76,36.78,36.73,36.73,65709
2014-01-07 20:30:00,36.72,36.76,36.66,36.66,134505
2014-01-07 21:00:00,36.65,36.67,36.55,36.66,121489
2014-01-07 21:30:00,36.67,36.7,36.62,36.63,147574
2014-01-07 22:00:00,36.64,36.66,36.58,36.64,121043
2014-01-07 22:30:00,36.64,36.71,36.59,36.68,561948
2014-01-08 16:30:00,36.73,36.73,36.41,36.53,197623
2014-01-08 17:00:00,36.51,36.6,36.41,36.55,169455
2014-01-08 17:30:00,36.55,36.57,36.49,36.55,110004
2014-01-08 18:00:00,36.54,36.55,36.46,36.47,189685
2014-01-08 18:30:00,36.48,36.54,36.43,36.5,122387
2014-01-08 19:00:00,36.5,36.52,36.41,36.46,110226
2014-01-08 19:30:00,36.46,36.48,36.43,36.46,98793
2014-01-08 20:00:00,36.47,36.52,36.42,36.51,82256
2014-01-08 20:30:00,36.51,36.56,36.46,36.5,108736
2014-01-08 21:00:00,36.52,36.58,36.39,36.52,285541
2014-01-08 21:30:00,36.51,36.6,36.49,36.52,108820
2014-01-08 22:00:00,36.53,36.55,36.38,36.4,150335
2014-01-08 22:30:00,36.39,36.56,36.39,36.53,316207
2014-01-09 16:30:00,36.71,36.72,36.44,36.57,108690
2014-01-09 17:00:00,36.57,36.58,36.35,36.5,115726
2014-01-09 17:30:00,36.5,36.5,36.21,36.26,100570
2014-01-09 18:00:00,36.27,36.28,36.13,36.18,194675
2014-01-09 18:30:00,36.18,36.21,36.04,36.07,358863
2014-01-09 19:00:00,36.08,36.08,35.97,36.06,131508
2014-01-09 19:30:00,36.05,36.11,36.04,36.09,114683
2014-01-09 20:00:00,36.1,36.12,36.05,36.09,129438
2014-01-09 20:30:00,36.09,36.11,36.02,36.03,103199
2014-01-09 21:00:00,36.03,36.04,35.96,36.0,179494
2014-01-09 21:30:00,36.0,36.05,35.98,36.03,254257
2014-01-09 22:00:00,36.02,36.12,36.02,36.07,326491
2014-01-09 22:30:00,36.07,36.08,35.98,36.04,733075
2014-01-10 16:30:00,36.28,36.38,35.85,35.87,297207
2014-01-10 17:00:00,35.87,35.96,35.75,35.88,272152
2014-01-10 17:30:00,35.88,35.88,35.75,35.79,185460
2014-01-10 18:00:00,35.79,35.88,35.66,35.68,430406
2014-01-10 18:30:00,35.68,35.76,35.65,35.75,216746
2014-01-10 19:00:00,35.75,35.84,35.72,35.78,135307
2014-01-10 19:30:00,35.78,35.87,35.74,35.78,190999
2014-01-10 20:00:00,35.78,35.91,35.75,35.85,157028
2014-01-10 20:30:00,35.86,35.95,35.84,35.85,150206
2014-01-10 21:00:00,35.85,35.9,35.79,35.79,294221
2014-01-10 21:30:00,35.79,35.83,35.77,35.78,262858
2014-01-10 22:00:00,35.78,35.93,35.77,35.85,229261
2014-01-10 22:30:00,35.85,35.89,35.79,35.84,619179
2014-01-13 16:30:00,35.79,35.98,35.65,35.68,288736
2014-01-13 17:00:00,35.7,35.82,35.69,35.76,177569
2014-01-13 17:30:00,35.77,35.79,35.65,35.65,112924
2014-01-13 18:00:00,35.66,35.72,35.56,35.71,269970
2014-01-13 18:30:00,35.71,35.79,35.68,35.69,139874
2014-01-13 19:00:00,35.69,35.74,35.58,35.6,197343
2014-01-13 19:30:00,35.6,35.64,35.46,35.46,175401
2014-01-13 20:00:00,35.47,35.55,35.4,35.47,210379
2014-01-13 20:30:00,35.46,35.46,35.38,35.45,107386
2014-01-13 21:00:00,35.45,35.47,35.36,35.37,276154
2014-01-13 21:30:00,35.38,35.41,35.19,35.2,270845
2014-01-13 22:00:00,35.2,35.21,35.03,35.09,218268
2014-01-13 22:30:00,35.1,35.1,34.96,35.04,541087
2014-01-14 16:30:00,35.22,35.22,34.84,34.96,394653
2014-01-14 17:00:00,34.97,35.04,34.85,34.96,295376
2014-01-14 17:30:00,34.97,35.25,34.97,35.23,242138
2014-01-14 18:00:00,35.23,35.3,35.18,35.25,102539
2014-01-14 18:30:00,35.25,35.36,35.22,35.24,274979
2014-01-14 19:00:00,35.24,35.34,35.23,35.3,192802
2014-01-14 19:30:00,35.29,35.4,35.26,35.37,164384
2014-01-14 20:00:00,35.38,35.41,35.3,35.3,134173
2014-01-14 20:30:00,35.31,35.37,35.26,35.3,182817
2014-01-14 21:00:00,35.3,35.31,35.21,35.27,171761
2014-01-14 21:30:00,35.27,35.32,35.26,35.3,199145
2014-01-14 22:00:00,35.3,35.33,35.27,35.28,253585
2014-01-14 22:30:00,35.28,35.31,35.18,35.22,599932
2014-01-15 16:30:00,35.25,35.4,35.09,35.14,198654
2014-01-15 17:00:00,35.14,35.27,35.14,35.14,183936
2014-01-15 17:30:00,35.14,35.22,35.04,35.22,111498
2014-01-15 18:00:00,35.22,35.4,35.22,35.26,184544
2014-01-15 18:30:00,35.27,35.32,35.23,35.24,78749
2014-01-15 19:00:00,35.25,35.26,35.13,35.14,236385
2014-01-15 19:30:00,35.15,35.16,35.05,35.14,265983
2014-01-15 20:00:00,35.14,35.38,35.13,35.34,271700
2014-01-15 20:30:00,35.35,35.47,35.33,35.39,135280
2014-01-15 21:00:00,35.39,35.47,35.34,35.38,127207
2014-01-15 21:30:00,35.38,35.41,35.32,35.39,132828
2014-01-15 22:00:00,35.4,35.44,35.32,35.35,190594
2014-01-15 22:30:00,35.35,35.5,35.34,35.46,468538
2014-01-16 16:30:00,35.46,35.53,35.2,35.42,223886
2014-01-16 17:00:00,35.42,35.47,35.24,35.36,173033
2014-01-16 17:30:00,35.36,35.44,35.3,35.35,147825
2014-01-16 18:00:00,35.34,35.35,35.18,35.21,131700
2014-01-16 18:30:00,35.21,35.44,35.21,35.31,210576
2014-01-16 19:00:00,35.3,35.34,35.23,35.33,76044
2014-01-16 19:30:00,35.32,35.35,35.3,35.31,103471
2014-01-16 20:00:00,35.32,35.35,35.28,35.34,93348
2014-01-16 20:30:00,35.33,35.33,35.26,35.26,125527
2014-01-16 21:00:00,35.27,35.29,35.2,35.23,150043
2014-01-16 21:30:00,35.23,35.28,35.2,35.28,97409
2014-01-16 22:00:00,35.28,35.28,35.23,35.26,180719
2014-01-16 22:30:00,35.25,35.26,35.16,35.21,499420
2014-01-17 16:30:00,35.2,35.3,35.0,35.2,428938
2014-01-17 17:00:00,35.19,35.27,35.1,35.16,291081
2014-01-17 17:30:00,35.16,35.22,35.13,35.15,137847
2014-01-17 18:00:00,35.15,35.19,35.05,35.18,200547
2014-01-17 18:30:00,35.19,35.2,35.11,35.11,72099
2014-01-17 19:00:00,35.1,35.18,35.1,35.17,60261
2014-01-17 19:30:00,35.17,35.21,35.14,35.18,137799
2014-01-17 20:00:00,35.18,35.19,35.1,35.12,74372
2014-01-17 20:30:00,35.13,35.19,35.07,35.19,144804
2014-01-17 21:00:00,35.19,35.21,35.13,35.17,134183
2014-01-17 21:30:00,35.17,35.18,35.05,35.06,81050
2014-01-17 22:00:00,35.07,35.12,34.98,34.98,142499
2014-01-17 22:30:00,34.98,35.03,34.91,35.02,531615
2014-01-21 16:30:00,35.19,35.37,35.1,35.29,228007
2014-01-21 17:00:00,35.28,35.33,35.15,35.16,193739
2014-01-21 17:30:00,35.16,35.2,35.11,35.13,273127
2014-01-21 18:00:00,35.13,35.17,34.92,35.0,178559
2014-01-21 18:30:00,35.0,35.02,34.91,34.96,80907
2014-01-21 19:00:00,34.96,35.03,34.89,34.99,119585
2014-01-21 19:30:00,35.0,35.02,34.99,35.0,79949
2014-01-21 20:00:00,35.0,35.01,34.97,35.0,82475
2014-01-21 20:30:00,35.0,35.02,34.98,34.99,101827
2014-01-21 21:00:00,34.99,35.01,34.95,34.97,64247
2014-01-21 21:30:00,34.98,35.01,34.9,34.96,133319
2014-01-21 22:00:00,34.96,35.0,34.92,34.98,112253
2014-01-21 22:30:00,34.99,35.04,34.97,35.02,591826
2014-01-22 16:30:00,35.24,35.3,35.08,35.23,313022
2014-01-22 17:00:00,35.23,35.44,35.21,35.42,397564
2014-01-22 17:30:00,35.42,35.45,35.27,35.29,170083
2014-01-22 18:00:00,35.29,35.37,35.27,35.37,108503
2014-01-22 18:30:00,35.37,35.49,35.36,35.49,106247
2014-01-22 19:00:00,35.49,35.64,35.48,35.59,333230
2014-01-22 19:30:00,35.6,35.66,35.59,35.6,173229
2014-01-22 20:00:00,35.61,35.81,35.61,35.76,258044
2014-01-22 20:30:00,35.77,35.78,35.64,35.67,62030
2014-01-22 21:00:00,35.67,35.77,35.67,35.73,129603
2014-01-22 21:30:00,35.73,35.77,35.68,35.77,158014
2014-01-22 22:00:00,35.77,35.83,35.75,35.8,190327
2014-01-22 22:30:00,35.8,35.89,35.8,35.85,495707
2014-01-23 16:30:00,35.58,35.65,35.34,35.39,278244
2014-01-23 17:00:00,35.39,35.41,35.28,35.37,223268
2014-01-23 17:30:00,35.38,35.41,35.27,35.3,156100
2014-01-23 18:00:00,35.3,35.38,35.28,35.34,146555
2014-01-23 18:30:00,35.35,35.36,35.23,35.34,189030
2014-01-23 19:00:00,35.34,35.35,35.18,35.19,183345
2014-01-23 19:30:00,35.19,35.3,35.15,35.22,184567
2014-01-23 20:00:00,35.23,35.23,35.04,35.04,233343
2014-01-23 20:30:00,35.04,35.08,34.93,34.94,230054
2014-01-23 21:00:00,34.95,35.07,34.95,35.04,260357
2014-01-23 21:30:00,35.04,35.08,35.01,35.06,300360
2014-01-23 22:00:00,35.05,35.12,35.05,35.05,244578
2014-01-23 22:30:00,35.06,35.13,34.99,35.0,732631
2014-01-24 16:30:00,34.76,34.83,34.36,34.38,220618
2014-01-24 17:00:00,34.38,34.43,34.12,34.23,202277
2014-01-24 17:30:00,34.23,34.23,33.97,34.07,207682
2014-01-24 18:00:00,34.07,34.19,33.95,33.97,194346
2014-01-24 18:30:00,33.96,34.09,33.91,34.08,131896
2014-01-24 19:00:00,34.09,34.09,33.96,33.97,191776
2014-01-24 19:30:00,33.98,34.01,33.88,33.94,119957
2014-01-24 20:00:00,33.93,33.94,33.81,33.83,89837
2014-01-24 20:30:00,33.83,33.91,33.82,33.87,94093
2014-01-24 21:00:00,33.87,33.87,33.68,33.7,147106
2014-01-24 21:30:00,33.7,33.8,33.68,33.79,155391
2014-01-24 22:00:00,33.79,33.81,33.53,33.59,371129
2014-01-24 22:30:00,33.59,33.62,33.47,33.48,1128472
2014-01-27 16:30:00,33.79,33.88,33.46,33.61,243009
2014-01-27 17:00:00,33.61,33.63,33.18,33.18,419845
2014-01-27 17:30:00,33.19,33.33,33.07,33.21,225296
2014-01-27 18:00:00,33.21,33.28,33.12,33.16,145967
2014-01-27 18:30:00,33.16,33.2,32.94,32.97,139614
2014-01-27 19:00:00,32.97,32.98,32.73,32.85,180532
2014-01-27 19:30:00,32.84,32.95,32.8,32.86,95725
2014-01-27 20:00:00,32.85,33.03,32.82,32.98,92077
2014-01-27 20:30:00,32.99,33.19,32.95,33.07,140898
2014-01-27 21:00:00,33.08,33.24,33.08,33.24,112606
2014-01-27 21:30:00,33.24,33.38,33.23,33.34,145922
2014-01-27 22:00:00,33.33,33.34,33.18,33.19,246882
2014-01-27 22:30:00,33.2,33.28,33.08,33.08,687233
2014-01-28 16:30:00,33.21,33.65,33.21,33.64,317102
2014-01-28 17:00:00,33.63,33.72,33.47,33.71,724555
2014-01-28 17:30:00,33.71,33.74,33.54,33.54,312078
2014-01-28 18:00:00,33.55,33.69,33.49,33.53,244992
2014-01-28 18:30:00,33.53,33.55,33.43,33.5,250743
2014-01-28 19:00:00,33.5,33.6,33.47,33.55,200153
2014-01-28 19:30:00,33.56,33.66,33.53,33.59,211496
2014-01-28 20:00:00,33.6,33.65,33.55,33.6,167426
2014-01-28 20:30:00,33.6,33.66,33.48,33.48,209929
2014-01-28 21:00:00,33.47,33.53,33.42,33.44,252829
2014-01-28 21:30:00,33.44,33.53,33.4,33.47,239459
2014-01-28 22:00:00,33.47,33.52,33.41,33.5,308738
2014-01-28 22:30:00,33.51,33.53,33.41,33.44,1288384
2014-01-29 16:30:00,32.8,33.32,32.69,33.26,689465
2014-01-29 17:00:00,33.26,33.3,32.98,33.07,462909
2014-01-29 17:30:00,33.07,33.11,33.0,33.06,351024
2014-01-29 18:00:00,33.08,33.2,33.03,33.17,270211
2014-01-29 18:30:00,33.17,33.2,33.08,33.18,188939
2014-01-29 19:00:00,33.18,33.2,33.08,33.08,160855
2014-01-29 19:30:00,33.09,33.16,33.03,33.15,291616
2014-01-29 20:00:00,33.15,33.17,33.03,33.06,303535
2014-01-29 20:30:00,33.07,33.17,32.99,33.16,394642
2014-01-29 21:00:00,33.16,33.32,32.94,33.08,538667
2014-01-29 21:30:00,33.07,33.21,32.92,32.95,500145
2014-01-29 22:00:00,32.94,33.06,32.83,32.98,569224
2014-01-29 22:30:00,32.98,33.12,32.9,33.05,1166164
2014-01-30 16:30:00,33.7,34.27,33.52,33.9,640322
2014-01-30 17:00:00,33.91,33.94,33.52,33.7,345341
2014-01-30 17:30:00,33.7,33.73,33.48,33.63,352160
2014-01-30 18:00:00,33.63,33.64,33.48,33.59,223038
2014-01-30 18:30:00,33.6,33.81,33.6,33.77,205137
2014-01-30 19:00:00,33.77,33.78,33.58,33.63,199069
2014-01-30 19:30:00,33.64,33.76,33.62,33.71,169103
2014-01-30 20:00:00,33.7,33.71,33.51,33.57,185789
2014-01-30 20:30:00,33.57,33.66,33.55,33.64,194148
2014-01-30 21:00:00,33.65,33.68,33.57,33.61,251995
2014-01-30 21:30:00,33.62,33.62,33.45,33.48,202236
2014-01-30 22:00:00,33.49,33.6,33.47,33.56,310891
2014-01-30 22:30:00,33.56,33.6,33.47,33.5,681272
2014-01-31 16:30:00,34.43,34.43,32.9,33.01,517516
2014-01-31 17:00:00,33.03,33.14,32.93,32.94,444513
2014-01-31 17:30:00,32.95,33.11,32.88,32.95,206162
2014-01-31 18:00:00,32.96,33.1,32.93,33.08,174865
2014-01-31 18:30:00,33.08,33.11,32.99,33.08,174061
2014-01-31 19:00:00,33.08,33.23,33.08,33.21,172547
2014-01-31 19:30:00,33.22,33.29,33.12,33.26,134808
2014-01-31 20:00:00,33.26,33.29,33.14,33.2,105582
2014-01-31 20:30:00,33.2,33.36,33.17,33.35,112884
2014-01-31 21:00:00,33.35,33.4,33.3,33.38,112382
2014-01-31 21:30:00,33.39,33.53,33.33,33.49,210089
2014-01-31 22:00:00,33.49,33.5,33.33,33.35,352040
2014-01-31 22:30:00,33.35,33.4,33.21,33.24,620190
2014-02-03 16:30:00,33.06,33.12,32.83,32.88,266363
2014-02-03 17:00:00,32.87,32.87,32.54,32.58,337391
2014-02-03 17:30:00,32.57,32.64,32.43,32.47,166821
2014-02-03 18:00:00,32.47,32.47,32.31,32.36,237930
2014-02-03 18:30:00,32.35,32.42,32.18,32.22,265647
2014-02-03 19:00:00,32.21,32.25,32.13,32.22,204937
2014-02-03 19:30:00,32.23,32.4,32.2,32.29,289909
2014-02-03 20:00:00,32.3,32.37,32.16,32.19,297673
2014-02-03 20:30:00,32.19,32.22,32.09,32.12,213669
2014-02-03 21:00:00,32.11,32.17,32.09,32.12,213123
2014-02-03 21:30:00,32.12,32.13,32.02,32.02,285644
2014-02-03 22:00:00,32.02,32.1,31.96,32.0,374731
2014-02-03 22:30:00,32.0,32.03,31.81,31.89,1014657
2014-02-04 16:30:00,32.17,32.37,31.86,32.18,308914
2014-02-04 17:00:00,32.19,32.26,32.1,32.17,280384
2014-02-04 17:30:00,32.17,32.3,32.14,32.19,268152
2014-02-04 18:00:00,32.18,32.37,32.17,32.34,188783
2014-02-04 18:30:00,32.34,32.57,32.31,32.56,281215
2014-02-04 19:00:00,32.57,32.73,32.53,32.67,308161
2014-02-04 19:30:00,32.68,32.72,32.54,32.61,210183
2014-02-04 20:00:00,32.61,32.66,32.51,32.55,153760
2014-02-04 20:30:00,32.55,32.59,32.41,32.43,161666
2014-02-04 21:00:00,32.43,32.54,32.39,32.51,149237
2014-02-04 21:30:00,32.51,32.57,32.4,32.44,272705
2014-02-04 22:00:00,32.44,32.56,32.41,32.43,331458
2014-02-04 22:30:00,32.43,32.55,32.39,32.47,596041
2014-02-05 16:30:00,32.29,32.45,31.96,32.04,273381
2014-02-05 17:00:00,32.05,32.22,31.78,31.9,352452
2014-02-05 17:30:00,31.91,32.04,31.84,31.9,140373
2014-02-05 18:00:00,31.9,31.98,31.78,31.96,201836
2014-02-05 18:30:00,31.96,32.01,31.9,31.95,191358
2014-02-05 19:00:00,31.95,32.01,31.85,31.89,221721
2014-02-05 19:30:00,31.9,31.95,31.88,31.91,174392
2014-02-05 20:00:00,31.91,31.99,31.83,31.9,214655
2014-02-05 20:30:00,31.9,31.99,31.84,31.93,398075
2014-02-05 21:00:00,31.93,31.96,31.8,31.86,414292
2014-02-05 21:30:00,31.85,31.92,31.78,31.84,279639
2014-02-05 22:00:00,31.84,31.87,31.77,31.8,504408
2014-02-05 22:30:00,31.81,31.87,31.73,31.77,1063167
2014-02-06 16:30:00,31.89,32.04,31.81,31.84,150379
2014-02-06 17:00:00,31.84,32.0,31.82,31.98,344612
2014-02-06 17:30:00,31.98,32.09,31.97,32.06,420140
2014-02-06 18:00:00,32.06,32.15,32.04,32.15,296952
2014-02-06 18:30:00,32.15,32.33,32.15,32.23,368106
2014-02-06 19:00:00,32.23,32.29,32.2,32.25,235786
2014-02-06 19:30:00,32.24,32.32,32.22,32.28,146484
2014-02-06 20:00:00,32.28,32.4,32.27,32.39,272710
2014-02-06 20:30:00,32.39,32.48,32.38,32.42,257887
2014-02-06 21:00:00,32.42,32.53,32.4,32.49,197426
2014-02-06 21:30:00,32.49,32.62,32.48,32.61,269231
2014-02-06 22:00:00,32.61,32.66,32.55,32.65,610317
2014-02-06 22:30:00,32.65,32.8,32.62,32.76,1139523
2014-02-07 16:30:00,32.95,33.39,32.92,32.96,628586
2014-02-07 17:00:00,32.97,33.05,32.52,32.54,441763
2014-02-07 17:30:00,32.54,32.61,32.45,32.53,366013
2014-02-07 18:00:00,32.53,32.72,32.48,32.64,248619
2014-02-07 18:30:00,32.64,32.8,32.61,32.79,139429
2014-02-07 19:00:00,32.78,32.79,32.69,32.72,183051
2014-02-07 19:30:00,32.72,32.8,32.71,32.8,134834
2014-02-07 20:00:00,32.8,32.9,32.79,32.89,168785
2014-02-07 20:30:00,32.88,32.9,32.83,32.88,144900
2014-02-07 21:00:00,32.89,32.9,32.8,32.84,116122
2014-02-07 21:30:00,32.84,32.86,32.81,32.85,173139
2014-02-07 22:00:00,32.85,32.91,32.84,32.86,266049
2014-02-07 22:30:00,32.87,32.97,32.86,32.88,1024370
2014-02-10 16:30:00,33.69,33.97,33.41,33.91,962502
2014-02-10 17:00:00,33.9,34.06,33.69,33.94,681560
2014-02-10 17:30:00,33.95,34.29,33.9,34.17,808746
2014-02-10 18:00:00,34.17,34.25,34.07,34.15,570508
2014-02-10 18:30:00,34.15,34.34,34.12,34.28,511371
2014-02-10 19:00:00,34.27,34.29,33.93,33.96,403991
2014-02-10 19:30:00,33.96,34.08,33.92,34.07,323761
2014-02-10 20:00:00,34.08,34.09,33.99,34.08,286378
2014-02-10 20:30:00,34.09,34.23,34.04,34.2,431861
2014-02-10 21:00:00,34.2,34.24,34.17,34.21,393282
2014-02-10 21:30:00,34.22,34.41,34.21,34.28,586678
2014-02-10 22:00:00,34.28,34.45,34.26,34.29,590793
2014-02-10 22:30:00,34.29,34.29,34.09,34.11,1509246
2014-02-11 16:30:00,34.22,34.25,33.95,34.21,686388
2014-02-11 17:00:00,34.21,34.31,34.17,34.23,774008
2014-02-11 17:30:00,34.22,34.29,34.03,34.07,179296
2014-02-11 18:00:00,34.08,34.35,34.06,34.34,264523
2014-02-11 18:30:00,34.34,34.43,34.28,34.4,185825
2014-02-11 19:00:00,34.4,34.44,34.34,34.34,187075
2014-02-11 19:30:00,34.35,34.4,34.32,34.35,202175
2014-02-11 20:00:00,34.35,34.35,34.28,34.29,272286
2014-02-11 20:30:00,34.29,34.33,34.26,34.27,203138
2014-02-11 21:00:00,34.27,34.33,34.21,34.32,339686
2014-02-11 21:30:00,34.33,34.4,34.3,34.39,217462
2014-02-11 22:00:00,34.4,34.57,34.39,34.49,323195
2014-02-11 22:30:00,34.49,34.49,34.31,34.37,969945
2014-02-12 16:30:00,34.44,34.82,34.41,34.82,270271
2014-02-12 17:00:00,34.81,34.84,34.52,34.64,200360
2014-02-12 17:30:00,34.64,34.66,34.54,34.56,137970
2014-02-12 18:00:00,34.56,34.69,34.54,34.59,212534
2014-02-12 18:30:00,34.58,34.67,34.56,34.61,177120
2014-02-12 19:00:00,34.61,34.74,34.59,34.7,118857
2014-02-12 19:30:00,34.7,34.72,34.59,34.64,140129
2014-02-12 20:00:00,34.65,34.66,34.54,34.57,214177
2014-02-12 20:30:00,34.58,34.61,34.49,34.53,214811
2014-02-12 21:00:00,34.53,34.56,34.44,34.47,138099
2014-02-12 21:30:00,34.47,34.47,34.24,34.3,287067
2014-02-12 22:00:00,34.29,34.37,34.23,34.24,376921
2014-02-12 22:30:00,34.24,34.37,34.24,34.37,614725
2014-02-13 16:30:00,34.11,34.16,33.92,33.98,242533
2014-02-13 17:00:00,34.0,34.27,33.99,34.23,222699
2014-02-13 17:30:00,34.22,34.28,34.1,34.17,164378
2014-02-13 18:00:00,34.17,34.31,34.16,34.23,156397
2014-02-13 18:30:00,34.22,34.35,34.22,34.33,205281
2014-02-13 19:00:00,34.33,34.41,34.31,34.41,209721
2014-02-13 19:30:00,34.41,34.47,34.4,34.44,161848
2014-02-13 20:00:00,34.44,34.54,34.44,34.52,115909
2014-02-13 20:30:00,34.51,34.52,34.47,34.48,102139
2014-02-13 21:00:00,34.48,34.55,34.42,34.43,161430
2014-02-13 21:30:00,34.42,34.52,34.41,34.47,159044
2014-02-13 22:00:00,34.47,34.5,34.43,34.49,209838
2014-02-13 22:30:00,34.49,34.55,34.43,34.53,564959
2014-02-14 16:30:00,34.41,34.57,34.3,34.34,226350
2014-02-14 17:00:00,34.36,34.43,34.24,34.41,110664
2014-02-14 17:30:00,34.41,34.5,34.3,34.3,165306
2014-02-14 18:00:00,34.3,34.34,34.24,34.32,103546
2014-02-14 18:30:00,34.32,34.34,34.27,34.29,74591
2014-02-14 19:00:00,34.29,34.3,34.19,34.19,76467
2014-02-14 19:30:00,34.2,34.23,34.13,34.16,131681
2014-02-14 20:00:00,34.15,34.22,34.13,34.22,91826
2014-02-14 20:30:00,34.22,34.26,34.19,34.21,82768
2014-02-14 21:00:00,34.21,34.31,34.2,34.28,125237
2014-02-14 21:30:00,34.28,34.3,34.23,34.27,103186
2014-02-14 22:00:00,34.28,34.37,34.27,34.35,125171
2014-02-14 22:30:00,34.34,34.41,34.31,34.37,559483
2014-02-18 16:30:00,34.29,34.48,34.19,34.21,301636
2014-02-18 17:00:00,34.2,34.22,34.02,34.11,165695
2014-02-18 17:30:00,34.12,34.31,34.06,34.28,149981
2014-02-18 18:00:00,34.28,34.37,34.21,34.36,108373
2014-02-18 18:30:00,34.37,34.38,34.24,34.25,164631
2014-02-18 19:00:00,34.25,34.31,34.18,34.23,84850
2014-02-18 19:30:00,34.23,34.25,34.16,34.18,80644
2014-02-18 20:00:00,34.19,34.24,34.16,34.18,99119
2014-02-18 20:30:00,34.18,34.19,34.01,34.03,202837
2014-02-18 21:00:00,34.04,34.06,33.97,33.97,138074
2014-02-18 21:30:00,33.97,34.09,33.95,34.06,197206
2014-02-18 22:00:00,34.05,34.17,34.05,34.16,138000
2014-02-18 22:30:00,34.16,34.18,34.09,34.13,490755
2014-02-19 16:30:00,33.99,34.41,33.93,34.41,219006
2014-02-19 17:00:00,34.42,34.6,34.34,34.59,171858
2014-02-19 17:30:00,34.59,34.61,34.41,34.45,130151
2014-02-19 18:00:00,34.44,34.46,34.33,34.43,118528
2014-02-19 18:30:00,34.42,34.63,34.39,34.43,341524
2014-02-19 19:00:00,34.42,34.45,34.26,34.29,238968
2014-02-19 19:30:00,34.29,34.32,34.18,34.22,120111
2014-02-19 20:00:00,34.22,34.37,34.2,34.34,70351
2014-02-19 20:30:00,34.34,34.38,34.29,34.29,70448
2014-02-19 21:00:00,34.28,34.4,34.21,34.26,135844
2014-02-19 21:30:00,34.26,34.27,34.11,34.17,125950
2014-02-19 22:00:00,34.16,34.18,33.85,33.85,368620
2014-02-19 22:30:00,33.85,33.9,33.78,33.84,510087
2014-02-20 16:30:00,33.78,33.98,33.47,33.47,191500
2014-02-20 17:00:00,33.46,33.64,33.39,33.58,265865
2014-02-20 17:30:00,33.58,33.73,33.58,33.7,215109
2014-02-20 18:00:00,33.7,33.75,33.59,33.62,117605
2014-02-20 18:30:00,33.63,33.77,33.6,33.73,134235
2014-02-20 19:00:00,33.73,33.75,33.64,33.73,311318
2014-02-20 19:30:00,33.74,33.8,33.64,33.66,192095
2014-02-20 20:00:00,33.66,33.75,33.65,33.7,135849
2014-02-20 20:30:00,33.7,33.73,33.65,33.72,160495
2014-02-20 21:00:00,33.72,33.73,33.61,33.66,122536
2014-02-20 21:30:00,33.66,33.7,33.63,33.65,137428
2014-02-20 22:00:00,33.65,33.67,33.61,33.65,246369
2014-02-20 22:30:00,33.66,33.79,33.64,33.69,495197
2014-02-21 16:30:00,33.68,33.74,33.58,33.69,386575
2014-02-21 17:00:00,33.69,33.74,33.62,33.63,365784
2014-02-21 17:30:00,33.64,33.72,33.63,33.65,219378
2014-02-21 18:00:00,33.66,33.72,33.51,33.54,424491
2014-02-21 18:30:00,33.55,33.62,33.53,33.6,123327
2014-02-21 19:00:00,33.6,33.61,33.48,33.49,213368
2014-02-21 19:30:00,33.49,33.51,33.46,33.48,190404
2014-02-21 20:00:00,33.48,33.51,33.45,33.46,127868
2014-02-21 20:30:00,33.45,33.52,33.4,33.49,261930
2014-02-21 21:00:00,33.5,33.53,33.33,33.37,236745
2014-02-21 21:30:00,33.38,33.46,33.31,33.41,238927
2014-02-21 22:00:00,33.42,33.51,33.41,33.51,169231
2014-02-21 22:30:00,33.5,33.55,33.45,33.54,726653
2014-02-24 16:30:00,33.53,33.83,33.45,33.72,126497
2014-02-24 17:00:00,33.74,33.81,33.65,33.73,188662
2014-02-24 17:30:00,33.74,33.85,33.71,33.81,169149
2014-02-24 18:00:00,33.81,33.9,33.74,33.9,211832
2014-02-24 18:30:00,33.89,33.96,33.85,33.94,113847
2014-02-24 19:00:00,33.95,33.98,33.93,33.97,109574
2014-02-24 19:30:00,33.96,34.02,33.95,34.0,109065
2014-02-24 20:00:00,33.99,34.0,33.94,33.97,107651
2014-02-24 20:30:00,33.96,34.01,33.92,34.0,142909
2014-02-24 21:00:00,34.0,34.05,33.99,34.04,136965
2014-02-24 21:30:00,34.04,34.06,33.98,33.98,136025
2014-02-24 22:00:00,33.99,33.99,33.83,33.83,179509
2014-02-24 22:30:00,33.84,33.96,33.82,33.82,588055
2014-02-25 16:30:00,33.83,33.95,33.5,33.57,135758
2014-02-25 17:00:00,33.57,33.6,33.42,33.43,161334
2014-02-25 17:30:00,33.43,33.62,33.42,33.6,75584
2014-02-25 18:00:00,33.6,33.75,33.53,33.75,94279
2014-02-25 18:30:00,33.75,33.76,33.55,33.57,109874
2014-02-25 19:00:00,33.56,33.64,33.53,33.63,46997
2014-02-25 19:30:00,33.62,33.67,33.55,33.59,100668
2014-02-25 20:00:00,33.59,33.67,33.57,33.63,101336
2014-02-25 20:30:00,33.61,33.65,33.57,33.57,113856
2014-02-25 21:00:00,33.57,33.62,33.5,33.57,169222
2014-02-25 21:30:00,33.57,33.58,33.46,33.49,126835
2014-02-25 22:00:00,33.48,33.49,33.34,33.34,216161
2014-02-25 22:30:00,33.33,33.38,33.25,33.36,778880
2014-02-26 16:30:00,33.35,33.57,33.05,33.07,270917
2014-02-26 17:00:00,33.07,33.22,33.03,33.21,382441
2014-02-26 17:30:00,33.22,33.27,33.11,33.11,251425
2014-02-26 18:00:00,33.12,33.28,33.11,33.28,248311
2014-02-26 18:30:00,33.28,33.29,33.17,33.2,153538
2014-02-26 19:00:00,33.19,33.26,33.17,33.2,112528
2014-02-26 19:30:00,33.2,33.28,33.2,33.24,114674
2014-02-26 20:00:00,33.24,33.24,33.17,33.2,119563
2014-02-26 20:30:00,33.2,33.28,33.15,33.27,197199
2014-02-26 21:00:00,33.26,33.3,33.2,33.21,303531
2014-02-26 21:30:00,33.22,33.26,33.17,33.21,248133
2014-02-26 22:00:00,33.21,33.22,33.1,33.16,233757
2014-02-26 22:30:00,33.16,33.21,33.07,33.11,731765
2014-02-27 16:30:00,33.07,33.21,33.05,33.19,198656
2014-02-27 17:00:00,33.19,33.24,33.07,33.11,132991
2014-02-27 17:30:00,33.11,33.27,33.08,33.23,186695
2014-02-27 18:00:00,33.23,33.52,33.21,33.52,217198
2014-02-27 18:30:00,33.52,33.57,33.44,33.56,156858
2014-02-27 19:00:00,33.56,33.63,33.48,33.61,210073
2014-02-27 19:30:00,33.6,33.77,33.59,33.77,241061
2014-02-27 20:00:00,33.77,33.88,33.76,33.88,227076
2014-02-27 20:30:00,33.87,34.0,33.86,33.89,235674
2014-02-27 21:00:00,33.89,33.91,33.84,33.84,219298
2014-02-27 21:30:00,33.84,33.89,33.83,33.89,168216
2014-02-27 22:00:00,33.89,34.06,33.88,34.06,409235
2014-02-27 22:30:00,34.05,34.13,34.0,34.12,733290
2014-02-28 16:30:00,34.08,34.32,33.98,34.29,457831
2014-02-28 17:00:00,34.29,34.47,34.29,34.35,405058
2014-02-28 17:30:00,34.36,34.47,34.32,34.4,196380
2014-02-28 18:00:00,34.4,34.42,34.34,34.42,159600
2014-02-28 18:30:00,34.41,34.46,34.4,34.42,119655
2014-02-28 19:00:00,34.4,34.47,34.37,34.47,89459
2014-02-28 19:30:00,34.47,34.52,34.46,34.5,111390
2014-02-28 20:00:00,34.49,34.51,34.45,34.45,103140
2014-02-28 20:30:00,34.45,34.46,34.31,34.35,124979
2014-02-28 21:00:00,34.35,34.46,34.34,34.46,284344
2014-02-28 21:30:00,34.45,34.47,34.37,34.4,404243
2014-02-28 22:00:00,34.4,34.41,34.19,34.31,647776
2014-02-28 22:30:00,34.3,34.37,34.23,34.31,817275
2014-03-03 16:30:00,33.72,33.72,33.34,33.42,510546
2014-03-03 17:00:00,33.43,33.5,33.31,33.45,572359
2014-03-03 17:30:00,33.44,33.45,33.32,33.45,349349
2014-03-03 18:00:00,33.45,33.49,33.34,33.39,254214
2014-03-03 18:30:00,33.39,33.44,33.34,33.38,360804
2014-03-03 19:00:00,33.37,33.41,33.31,33.38,434863
2014-03-03 19:30:00,33.37,33.39,33.2,33.27,160136
2014-03-03 20:00:00,33.28,33.41,33.27,33.33,316373
2014-03-03 20:30:00,33.32,33.37,33.21,33.34,216275
2014-03-03 21:00:00,33.35,33.41,33.34,33.39,297673
2014-03-03 21:30:00,33.39,33.52,33.33,33.48,414094
2014-03-03 22:00:00,33.48,33.48,33.34,33.36,598223
2014-03-03 22:30:00,33.36,33.41,33.3,33.37,1229085
2014-03-04 16:30:00,33.91,34.38,33.9,34.38,348387
2014-03-04 17:00:00,34.39,34.46,34.24,34.42,230697
2014-03-04 17:30:00,34.42,34.46,34.33,34.36,162258
2014-03-04 18:00:00,34.36,34.38,34.31,34.33,169070
2014-03-04 18:30:00,34.32,34.33,34.21,34.24,92112
2014-03-04 19:00:00,34.25,34.25,34.15,34.21,329231
2014-03-04 19:30:00,34.21,34.23,34.13,34.21,185373
2014-03-04 20:00:00,34.21,34.37,34.21,34.37,180603
2014-03-04 20:30:00,34.36,34.47,34.26,34.32,212309
2014-03-04 21:00:00,34.33,34.36,34.26,34.3,96453
2014-03-04 21:30:00,34.31,34.39,34.28,34.38,105513
2014-03-04 22:00:00,34.38,34.46,34.36,34.42,149511
2014-03-04 22:30:00,34.42,34.5,34.41,34.44,494364
2014-03-05 16:30:00,34.5,34.54,34.33,34.38,131630
2014-03-05 17:00:00,34.41,34.62,34.33,34.58,164576
2014-03-05 17:30:00,34.58,34.61,34.46,34.52,205479
2014-03-05 18:00:00,34.52,34.57,34.44,34.47,188507
2014-03-05 18:30:00,34.46,34.47,34.35,34.43,182556
2014-03-05 19:00:00,34.42,34.5,34.39,34.39,148905
2014-03-05 19:30:00,34.39,34.48,34.39,34.4,111557
2014-03-05 20:00:00,34.4,34.43,34.39,34.42,98114
2014-03-05 20:30:00,34.41,34.41,34.33,34.34,102575
2014-03-05 21:00:00,34.34,34.39,34.3,34.34,121869
2014-03-05 21:30:00,34.35,34.36,34.28,34.31,86326
2014-03-05 22:00:00,34.3,34.41,34.3,34.38,163368
2014-03-05 22:30:00,34.38,34.44,34.36,34.43,579714
2014-03-06 16:30:00,34.48,34.73,34.41,34.66,219699
2014-03-06 17:00:00,34.64,34.67,34.41,34.54,191056
2014-03-06 17:30:00,34.55,34.66,34.38,34.66,261242
2014-03-06 18:00:00,34.66,34.66,34.48,34.49,128711
2014-03-06 18:30:00,34.49,34.58,34.48,34.55,117519
2014-03-06 19:00:00,34.55,34.55,34.47,34.47,111384
2014-03-06 19:30:00,34.47,34.48,34.42,34.43,102237
2014-03-06 20:00:00,34.44,34.46,34.41,34.42,146211
2014-03-06 20:30:00,34.42,34.42,34.29,34.31,151937
2014-03-06 21:00:00,34.3,34.37,34.27,34.29,322559
2014-03-06 21:30:00,34.29,34.4,34.27,34.34,193606
2014-03-06 22:00:00,34.34,34.44,34.33,34.44,211974
2014-03-06 22:30:00,34.44,34.49,34.35,34.39,768304
2014-03-07 16:30:00,34.72,34.79,34.44,34.45,187347
2014-03-07 17:00:00,34.46,34.66,34.4,34.62,256118
2014-03-07 17:30:00,34.63,34.73,34.53,34.53,137266
2014-03-07 18:00:00,34.54,34.54,34.34,34.51,114499
2014-03-07 18:30:00,34.52,34.61,34.48,34.59,94072
2014-03-07 19:00:00,34.59,34.68,34.59,34.63,85649
2014-03-07 19:30:00,34.63,34.66,34.54,34.56,127813
2014-03-07 20:00:00,34.56,34.58,34.48,34.5,121700
2014-03-07 20:30:00,34.51,34.55,34.44,34.51,171630
2014-03-07 21:00:00,34.51,34.55,34.42,34.47,198350
2014-03-07 21:30:00,34.46,34.62,34.46,34.58,195434
2014-03-07 22:00:00,34.58,34.6,34.44,34.44,296233
2014-03-07 22:30:00,34.45,34.52,34.34,34.51,736347
2014-03-10 16:30:00,34.53,34.67,34.42,34.65,237500
2014-03-10 17:00:00,34.65,34.66,34.43,34.48,436281
2014-03-10 17:30:00,34.47,34.47,34.2,34.22,324135
2014-03-10 18:00:00,34.21,34.44,34.13,34.44,394390
2014-03-10 18:30:00,34.43,34.43,34.26,34.3,220599
2014-03-10 19:00:00,34.31,34.47,34.3,34.45,132796
2014-03-10 19:30:00,34.45,34.56,34.43,34.55,189587
2014-03-10 20:00:00,34.56,34.66,34.55,34.66,232500
2014-03-10 20:30:00,34.66,34.66,34.52,34.64,321110
2014-03-10 21:00:00,34.64,34.71,34.61,34.7,143938
2014-03-10 21:30:00,34.7,34.74,34.63,34.74,164500
2014-03-10 22:00:00,34.74,34.81,34.73,34.77,304405
2014-03-10 22:30:00,34.78,34.91,34.74,34.85,846989
2014-03-11 16:30:00,34.89,34.95,34.59,34.73,338664
2014-03-11 17:00:00,34.72,35.03,34.71,35.03,311058
2014-03-11 17:30:00,35.04,35.1,34.97,35.06,188566
2014-03-11 18:00:00,35.06,35.14,35.0,35.01,196848
2014-03-11 18:30:00,35.0,35.1,34.85,34.9,218379
2014-03-11 19:00:00,34.9,34.94,34.75,34.8,239921
2014-03-11 19:30:00,34.81,34.98,34.79,34.9,167988
2014-03-11 20:00:00,34.9,34.94,34.81,34.81,160915
2014-03-11 20:30:00,34.82,34.93,34.79,34.89,163866
2014-03-11 21:00:00,34.89,34.93,34.8,34.88,269073
2014-03-11 21:30:00,34.88,34.89,34.63,34.64,366575
2014-03-11 22:00:00,34.64,34.79,34.59,34.75,501978
2014-03-11 22:30:00,34.75,34.85,34.72,34.74,1009885
2014-03-12 16:30:00,34.7,35.08,34.68,35.04,570747
2014-03-12 17:00:00,35.04,35.17,35.0,35.06,393696
2014-03-12 17:30:00,35.06,35.15,34.98,35.07,606673
2014-03-12 18:00:00,35.07,35.32,34.99,35.32,513100
2014-03-12 18:30:00,35.31,35.33,35.23,35.26,375861
2014-03-12 19:00:00,35.27,35.36,35.22,35.33,278686
2014-03-12 19:30:00,35.34,35.42,35.26,35.42,239544
2014-03-12 20:00:00,35.42,35.42,35.35,35.38,307489
2014-03-12 20:30:00,35.38,35.52,35.37,35.48,307025
2014-03-12 21:00:00,35.49,35.58,35.46,35.51,266960
2014-03-12 21:30:00,35.5,35.58,35.48,35.55,291698
2014-03-12 22:00:00,35.55,35.57,35.49,35.53,352926
2014-03-12 22:30:00,35.53,35.58,35.42,35.57,1309642
2014-03-13 16:30:00,35.61,35.91,35.61,35.75,277876
2014-03-13 17:00:00,35.75,35.84,35.64,35.75,365939
2014-03-13 17:30:00,35.75,35.77,35.4,35.46,247470
2014-03-13 18:00:00,35.46,35.62,35.38,35.39,187162
2014-03-13 18:30:00,35.39,35.45,35.28,35.28,138060
2014-03-13 19:00:00,35.28,35.3,35.13,35.16,135068
2014-03-13 19:30:00,35.15,35.18,35.0,35.06,183242
2014-03-13 20:00:00,35.05,35.11,34.89,35.1,213392
2014-03-13 20:30:00,35.11,35.11,34.94,35.06,212165
2014-03-13 21:00:00,35.05,35.07,34.91,34.97,176655
2014-03-13 21:30:00,34.97,35.04,34.85,34.91,215383
2014-03-13 22:00:00,34.91,34.96,34.72,34.83,332388
2014-03-13 22:30:00,34.83,34.89,34.77,34.82,771571
2014-03-14 16:30:00,34.69,34.88,34.58,34.64,117714
2014-03-14 17:00:00,34.65,34.89,34.64,34.79,168868
2014-03-14 17:30:00,34.79,34.87,34.67,34.69,231462
2014-03-14 18:00:00,34.69,34.72,34.4,34.5,293587
2014-03-14 18:30:00,34.5,34.79,34.46,34.68,169417
2014-03-14 19:00:00,34.67,34.68,34.54,34.57,196426
2014-03-14 19:30:00,34.56,34.7,34.56,34.59,219565
2014-03-14 20:00:00,34.6,34.67,34.54,34.67,135596
2014-03-14 20:30:00,34.66,34.81,34.64,34.81,175720
2014-03-14 21:00:00,34.81,34.83,34.74,34.74,147177
2014-03-14 21:30:00,34.74,34.74,34.55,34.55,121652
2014-03-14 22:00:00,34.56,34.63,34.51,34.54,224648
2014-03-14 22:30:00,34.53,34.6,34.45,34.53,495390
2014-03-17 16:30:00,34.76,35.16,34.73,34.93,149516
2014-03-17 17:00:00,34.94,35.08,34.93,34.94,143556
2014-03-17 17:30:00,34.93,34.94,34.72,34.74,123560
2014-03-17 18:00:00,34.74,34.82,34.67,34.7,179084
2014-03-17 18:30:00,34.7,34.73,34.57,34.7,112844
2014-03-17 19:00:00,34.71,34.78,34.67,34.74,106590
2014-03-17 19:30:00,34.74,34.79,34.66,34.73,136281
2014-03-17 20:00:00,34.74,34.8,34.68,34.73,155297
2014-03-17 20:30:00,34.74,34.85,34.74,34.8,66644
2014-03-17 21:00:00,34.81,34.92,34.79,34.92,127510
2014-03-17 21:30:00,34.91,34.92,34.81,34.9,122712
2014-03-17 22:00:00,34.9,34.96,34.88,34.9,123862
2014-03-17 22:30:00,34.9,34.93,34.84,34.89,446925
2014-03-18 16:30:00,35.05,35.14,34.87,35.11,121026
2014-03-18 17:00:00,35.13,35.33,35.08,35.31,192689
2014-03-18 17:30:00,35.32,35.33,34.91,34.93,139573
2014-03-18 18:00:00,34.94,35.01,34.88,35.01,143825
2014-03-18 18:30:00,35.0,35.04,34.85,34.95,213845
2014-03-18 19:00:00,34.94,34.96,34.83,34.84,96451
2014-03-18 19:30:00,34.84,34.92,34.81,34.91,71752
2014-03-18 20:00:00,34.91,34.95,34.88,34.92,67813
2014-03-18 20:30:00,34.92,34.95,34.84,34.87,89434
2014-03-18 21:00:00,34.87,34.91,34.83,34.86,91737
2014-03-18 21:30:00,34.86,34.97,34.86,34.95,206784
2014-03-18 22:00:00,34.96,35.05,34.93,35.03,203551
2014-03-18 22:30:00,35.03,35.11,34.99,35.08,475230
2014-03-19 16:30:00,35.18,35.19,34.9,34.98,150603
2014-03-19 17:00:00,34.96,34.98,34.84,34.87,163373
2014-03-19 17:30:00,34.87,35.03,34.85,35.0,247832
2014-03-19 18:00:00,34.99,35.04,34.94,34.96,97585
2014-03-19 18:30:00,34.96,35.01,34.92,34.95,159730
2014-03-19 19:00:00,34.94,34.99,34.92,34.92,86532
2014-03-19 19:30:00,34.92,34.94,34.84,34.88,135333
2014-03-19 20:00:00,34.86,34.88,34.83,34.85,92088
2014-03-19 20:30:00,34.84,34.89,34.82,34.86,143918
2014-03-19 21:00:00,34.86,34.93,34.66,34.88,414261
2014-03-19 21:30:00,34.89,34.93,34.76,34.9,204823
2014-03-19 22:00:00,34.91,34.96,34.51,34.74,628380
2014-03-19 22:30:00,34.73,35.02,34.71,34.92,836565
2014-03-20 16:30:00,34.68,35.0,34.66,34.99,217757
2014-03-20 17:00:00,34.99,35.31,34.89,35.29,172939
2014-03-20 17:30:00,35.29,35.39,35.28,35.35,214217
2014-03-20 18:00:00,35.34,35.44,35.34,35.44,296268
2014-03-20 18:30:00,35.43,35.47,35.39,35.47,164507
2014-03-20 19:00:00,35.48,35.6,35.4,35.58,196977
2014-03-20 19:30:00,35.58,35.73,35.57,35.73,176920
2014-03-20 20:00:00,35.73,35.81,35.69,35.81,228637
2014-03-20 20:30:00,35.81,36.02,35.8,36.02,291167
2014-03-20 21:00:00,36.01,36.2,35.99,36.2,353690
2014-03-20 21:30:00,36.19,36.23,36.15,36.23,316940
2014-03-20 22:00:00,36.23,36.26,36.13,36.14,601013
2014-03-20 22:30:00,36.15,36.27,36.12,36.24,1007186
2014-03-21 16:30:00,36.65,36.8,36.49,36.65,1342587
2014-03-21 17:00:00,36.65,36.81,36.59,36.66,285021
2014-03-21 17:30:00,36.66,36.7,36.56,36.66,164044
2014-03-21 18:00:00,36.67,36.67,36.62,36.64,159625
2014-03-21 18:30:00,36.65,36.67,36.56,36.6,232477
2014-03-21 19:00:00,36.59,36.65,36.49,36.49,164070
2014-03-21 19:30:00,36.5,36.5,36.41,36.46,177167
2014-03-21 20:00:00,36.46,36.51,36.27,36.29,215142
2014-03-21 20:30:00,36.3,36.39,36.17,36.2,355797
2014-03-21 21:00:00,36.21,36.27,36.12,36.14,323509
2014-03-21 21:30:00,36.13,36.25,36.08,36.19,305088
2014-03-21 22:00:00,36.19,36.23,36.03,36.16,439525
2014-03-21 22:30:00,36.15,36.24,36.09,36.15,1256382
2014-03-24 16:30:00,36.26,36.41,36.18,36.22,143801
2014-03-24 17:00:00,36.22,36.24,36.05,36.11,251736
2014-03-24 17:30:00,36.1,36.13,36.0,36.05,215639
2014-03-24 18:00:00,36.04,36.16,36.0,36.07,242899
2014-03-24 18:30:00,36.07,36.11,36.01,36.06,151363
2014-03-24 19:00:00,36.05,36.09,36.0,36.02,170942
2014-03-24 19:30:00,36.03,36.1,36.0,36.09,154024
2014-03-24 20:00:00,36.09,36.13,36.08,36.1,86689
2014-03-24 20:30:00,36.11,36.19,36.08,36.12,185352
2014-03-24 21:00:00,36.12,36.17,36.04,36.09,147859
2014-03-24 21:30:00,36.1,36.23,36.08,36.16,251701
2014-03-24 22:00:00,36.17,36.29,36.09,36.29,306008
2014-03-24 22:30:00,36.29,36.33,36.17,36.19,659532
2014-03-25 16:30:00,36.41,36.57,36.14,36.15,165020
2014-03-25 17:00:00,36.16,36.18,36.01,36.07,256565
2014-03-25 17:30:00,36.08,36.14,36.0,36.04,170407
2014-03-25 18:00:00,36.04,36.13,36.01,36.07,151647
2014-03-25 18:30:00,36.07,36.15,36.03,36.1,220400
2014-03-25 19:00:00,36.1,36.16,36.03,36.08,122649
2014-03-25 19:30:00,36.08,36.24,36.06,36.21,88547
2014-03-25 20:00:00,36.2,36.24,36.16,36.22,202768
2014-03-25 20:30:00,36.22,36.27,36.16,36.22,241136
2014-03-25 21:00:00,36.22,36.37,36.16,36.16,217581
2014-03-25 21:30:00,36.16,36.19,36.12,36.17,215502
2014-03-25 22:00:00,36.17,36.3,36.14,36.25,197025
2014-03-25 22:30:00,36.24,36.41,36.22,36.24,576815
2014-03-26 16:30:00,36.49,36.74,36.42,36.47,152935
2014-03-26 17:00:00,36.46,36.62,36.44,36.61,140888
2014-03-26 17:30:00,36.6,36.68,36.48,36.53,165846
2014-03-26 18:00:00,36.52,36.64,36.5,36.62,171570
2014-03-26 18:30:00,36.6,36.75,36.6,36.73,173545
2014-03-26 19:00:00,36.73,36.82,36.68,36.78,309279
2014-03-26 19:30:00,36.77,36.78,36.7,36.77,156594
2014-03-26 20:00:00,36.77,36.8,36.64,36.64,137801
2014-03-26 20:30:00,36.64,36.64,36.39,36.47,213197
2014-03-26 21:00:00,36.46,36.52,36.36,36.37,226314
2014-03-26 21:30:00,36.37,36.54,36.32,36.54,152140
2014-03-26 22:00:00,36.53,36.55,36.42,36.45,208842
2014-03-26 22:30:00,36.45,36.49,36.28,36.29,761599
2014-03-27 16:30:00,36.27,36.35,36.1,36.2,142900
2014-03-27 17:00:00,36.2,36.43,36.15,36.39,242784
2014-03-27 17:30:00,36.39,36.49,36.27,36.31,145679
2014-03-27 18:00:00,36.32,36.38,36.26,36.26,171177
2014-03-27 18:30:00,36.26,36.26,36.11,36.16,289295
2014-03-27 19:00:00,36.17,36.18,36.09,36.18,123281
2014-03-27 19:30:00,36.19,36.24,36.12,36.16,84281
2014-03-27 20:00:00,36.16,36.18,36.05,36.17,123684
2014-03-27 20:30:00,36.17,36.18,36.07,36.11,160183
2014-03-27 21:00:00,36.11,36.12,35.99,36.04,196891
2014-03-27 21:30:00,36.03,36.07,35.99,36.04,297988
2014-03-27 22:00:00,36.05,36.08,35.98,36.06,399748
2014-03-27 22:30:00,36.06,36.19,36.02,36.12,787989
2014-03-28 16:30:00,36.33,36.64,36.21,36.6,97127
2014-03-28 17:00:00,36.61,36.73,36.55,36.58,171764
2014-03-28 17:30:00,36.59,36.72,36.57,36.69,215369
2014-03-28 18:00:00,36.7,36.72,36.6,36.63,137670
2014-03-28 18:30:00,36.63,36.65,36.55,36.65,124296
2014-03-28 19:00:00,36.65,36.68,36.59,36.59,114869
2014-03-28 19:30:00,36.59,36.66,36.54,36.56,64739
2014-03-28 20:00:00,36.57,36.61,36.5,36.55,87501
2014-03-28 20:30:00,36.54,36.56,36.46,36.53,110739
2014-03-28 21:00:00,36.51,36.52,36.36,36.46,122669
2014-03-28 21:30:00,36.46,36.49,36.35,36.46,133105
2014-03-28 22:00:00,36.46,36.49,36.37,36.41,76687
2014-03-28 22:30:00,36.41,36.47,36.38,36.45,321769
2014-03-31 16:30:00,36.81,37.05,36.81,36.9,176563
2014-03-31 17:00:00,36.9,37.11,36.8,37.09,209952
2014-03-31 17:30:00,37.09,37.18,37.03,37.03,328338
2014-03-31 18:00:00,37.03,37.03,36.8,36.83,167837
2014-03-31 18:30:00,36.82,36.88,36.76,36.77,88520
2014-03-31 19:00:00,36.79,36.93,36.76,36.84,105514
2014-03-31 19:30:00,36.85,36.94,36.78,36.82,141376
2014-03-31 20:00:00,36.82,36.87,36.7,36.74,110668
2014-03-31 20:30:00,36.74,36.79,36.68,36.74,157099
2014-03-31 21:00:00,36.74,36.85,36.74,36.8,153658
2014-03-31 21:30:00,36.8,36.93,36.79,36.92,153232
2014-03-31 22:00:00,36.92,37.01,36.88,37.0,179010
2014-03-31 22:30:00,37.0,37.03,36.96,36.99,544229
2014-04-01 16:30:00,36.71,37.22,36.66,36.95,236598
2014-04-01 17:00:00,36.95,37.32,36.89,37.27,271440
2014-04-01 17:30:00,37.28,37.3,37.09,37.16,225766
2014-04-01 18:00:00,37.15,37.17,37.07,37.11,291177
2014-04-01 18:30:00,37.11,37.22,37.06,37.17,199518
2014-04-01 19:00:00,37.17,37.18,37.06,37.17,120046
2014-04-01 19:30:00,37.17,37.24,37.16,37.21,112698
2014-04-01 20:00:00,37.2,37.2,37.12,37.17,78779
2014-04-01 20:30:00,37.17,37.33,37.15,37.3,213138
2014-04-01 21:00:00,37.3,37.35,37.25,37.26,202950
2014-04-01 21:30:00,37.26,37.29,37.18,37.29,164014
2014-04-01 22:00:00,37.29,37.42,37.29,37.42,143375
2014-04-01 22:30:00,37.42,37.46,37.37,37.45,450102
2014-04-02 16:30:00,37.48,37.53,37.29,37.46,306432
2014-04-02 17:00:00,37.47,37.6,37.47,37.59,217278
2014-04-02 17:30:00,37.59,37.79,37.57,37.77,177991
2014-04-02 18:00:00,37.76,37.82,37.67,37.72,308250
2014-04-02 18:30:00,37.72,37.82,37.67,37.82,138869
2014-04-02 19:00:00,37.81,37.82,37.73,37.8,79224
2014-04-02 19:30:00,37.8,37.88,37.79,37.85,82792
2014-04-02 20:00:00,37.84,37.87,37.79,37.87,143175
2014-04-02 20:30:00,37.86,37.87,37.71,37.77,119000
2014-04-02 21:00:00,37.77,37.8,37.69,37.75,179314
2014-04-02 21:30:00,37.74,37.77,37.65,37.66,128598
2014-04-02 22:00:00,37.67,37.73,37.61,37.73,224633
2014-04-02 22:30:00,37.73,37.76,37.67,37.68,571197
2014-04-03 16:30:00,36.5,36.94,36.38,36.73,1656115
2014-04-03 17:00:00,36.73,36.86,36.49,36.5,959707
2014-04-03 17:30:00,36.51,36.61,36.36,36.46,498699
2014-04-03 18:00:00,36.45,36.57,36.31,36.5,586053
2014-04-03 18:30:00,36.51,36.68,36.49,36.64,322100
2014-04-03 19:00:00,36.64,36.83,36.63,36.64,296492
2014-04-03 19:30:00,36.64,36.69,36.57,36.66,239426
2014-04-03 20:00:00,36.66,36.88,36.66,36.83,309822
2014-04-03 20:30:00,36.83,36.94,36.81,36.86,286669
2014-04-03 21:00:00,36.86,36.86,36.79,36.84,358531
2014-04-03 21:30:00,36.84,36.87,36.62,36.64,593353
2014-04-03 22:00:00,36.64,36.66,36.57,36.64,460523
2014-04-03 22:30:00,36.65,36.77,36.64,36.64,1308014
2014-04-04 16:30:00,37.04,37.09,36.45,36.54,424881
2014-04-04 17:00:00,36.54,36.62,36.42,36.62,487749
2014-04-04 17:30:00,36.62,36.69,36.54,36.56,286041
2014-04-04 18:00:00,36.56,36.56,36.18,36.19,427457
2014-04-04 18:30:00,36.19,36.21,35.98,36.14,612218
2014-04-04 19:00:00,36.14,36.16,35.94,35.98,368070
2014-04-04 19:30:00,35.97,36.03,35.77,35.83,484329
2014-04-04 20:00:00,35.83,35.86,35.63,35.63,256151
2014-04-04 20:30:00,35.63,35.67,35.51,35.55,321510
2014-04-04 21:00:00,35.54,35.7,35.47,35.56,303173
2014-04-04 21:30:00,35.55,35.57,35.41,35.56,264116
2014-04-04 22:00:00,35.56,35.63,35.44,35.61,339249
2014-04-04 22:30:00,35.61,35.71,35.55,35.66,738903
2014-04-07 16:30:00,35.54,35.54,35.03,35.14,522872
2014-04-07 17:00:00,35.15,35.31,35.08,35.25,471212
2014-04-07 17:30:00,35.25,35.25,34.89,34.92,448117
2014-04-07 18:00:00,34.92,35.1,34.85,34.85,323535
2014-04-07 18:30:00,34.85,34.95,34.74,34.74,260370
2014-04-07 19:00:00,34.74,34.78,34.66,34.73,337644
2014-04-07 19:30:00,34.73,34.8,34.66,34.68,169848
2014-04-07 20:00:00,34.68,34.71,34.56,34.58,350958
2014-04-07 20:30:00,34.59,34.64,34.54,34.56,171097
2014-04-07 21:00:00,34.55,34.68,34.54,34.63,336364
2014-04-07 21:30:00,34.64,34.84,34.59,34.76,273943
2014-04-07 22:00:00,34.76,34.82,34.73,34.8,430083
2014-04-07 22:30:00,34.8,34.85,34.62,34.63,647543
2014-04-08 16:30:00,34.79,34.82,34.59,34.59,417697
2014-04-08 17:00:00,34.6,34.68,34.39,34.41,261272
2014-04-08 17:30:00,34.41,34.85,34.4,34.81,236812
2014-04-08 18:00:00,34.82,35.24,34.82,35.12,507282
2014-04-08 18:30:00,35.12,35.18,35.0,35.12,145232
2014-04-08 19:00:00,35.13,35.19,35.08,35.13,212972
2014-04-08 19:30:00,35.13,35.14,35.01,35.07,199519
2014-04-08 20:00:00,35.07,35.24,35.06,35.2,241283
2014-04-08 20:30:00,35.2,35.21,35.14,35.2,150994
2014-04-08 21:00:00,35.2,35.21,35.0,35.06,201964
2014-04-08 21:30:00,35.06,35.1,35.0,35.04,184934
2014-04-08 22:00:00,35.04,35.22,35.01,35.22,264041
2014-04-08 22:30:00,35.2,35.2,35.11,35.14,534099
2014-04-09 16:30:00,35.26,35.39,35.1,35.13,203524
2014-04-09 17:00:00,35.13,35.46,35.11,35.42,354265
2014-04-09 17:30:00,35.42,35.51,35.31,35.39,344077
2014-04-09 18:00:00,35.39,35.4,35.24,35.27,243997
2014-04-09 18:30:00,35.28,35.44,35.25,35.42,168079
2014-04-09 19:00:00,35.42,35.49,35.36,35.46,142382
2014-04-09 19:30:00,35.46,35.47,35.38,35.41,221469
2014-04-09 20:00:00,35.41,35.42,35.31,35.31,57602
2014-04-09 20:30:00,35.31,35.36,35.28,35.33,111978
2014-04-09 21:00:00,35.33,35.59,35.32,35.56,361074
2014-04-09 21:30:00,35.56,35.6,35.43,35.44,354599
2014-04-09 22:00:00,35.44,35.45,35.38,35.4,231627
2014-04-09 22:30:00,35.41,35.56,35.4,35.55,482954
2014-04-10 16:30:00,35.0,35.69,35.0,35.67,236069
2014-04-10 17:00:00,35.68,35.75,35.6,35.7,439163
2014-04-10 17:30:00,35.7,35.71,35.39,35.4,247951
2014-04-10 18:00:00,35.4,35.4,35.13,35.14,298568
2014-04-10 18:30:00,35.14,35.19,35.02,35.07,219497
2014-04-10 19:00:00,35.07,35.11,34.9,35.0,233959
2014-04-10 19:30:00,35.0,35.05,34.88,34.89,188860
2014-04-10 20:00:00,34.88,34.95,34.71,34.77,298322
2014-04-10 20:30:00,34.77,34.92,34.76,34.86,365228
2014-04-10 21:00:00,34.86,35.03,34.86,35.01,283149
2014-04-10 21:30:00,35.01,35.03,34.9,34.94,296059
2014-04-10 22:00:00,34.93,34.95,34.74,34.79,531746
2014-04-10 22:30:00,34.79,34.87,34.72,34.73,637877
2014-04-11 16:30:00,34.53,34.58,34.21,34.56,375760
2014-04-11 17:00:00,34.55,34.58,34.28,34.42,180348
2014-04-11 17:30:00,34.42,34.73,34.41,34.64,179040
2014-04-11 18:00:00,34.64,34.8,34.6,34.65,134973
2014-04-11 18:30:00,34.66,34.71,34.54,34.57,137143
2014-04-11 19:00:00,34.58,34.61,34.49,34.55,134893
2014-04-11 19:30:00,34.56,34.63,34.55,34.63,80861
2014-04-11 20:00:00,34.64,34.66,34.48,34.52,108273
2014-04-11 20:30:00,34.5,34.56,34.44,34.45,124949
2014-04-11 21:00:00,34.46,34.52,34.34,34.37,156040
2014-04-11 21:30:00,34.36,34.38,34.16,34.2,302630
2014-04-11 22:00:00,34.18,34.39,34.16,34.31,282153
2014-04-11 22:30:00,34.32,34.32,34.01,34.1,1388650
2014-04-14 16:30:00,34.49,34.67,34.08,34.16,298472
2014-04-14 17:00:00,34.18,34.32,34.1,34.19,235185
2014-04-14 17:30:00,34.2,34.6,34.16,34.58,236851
2014-04-14 18:00:00,34.59,34.64,34.46,34.48,112400
2014-04-14 18:30:00,34.49,34.64,34.49,34.57,123559
2014-04-14 19:00:00,34.55,34.59,34.49,34.55,77544
2014-04-14 19:30:00,34.55,34.61,34.54,34.59,60273
2014-04-14 20:00:00,34.59,34.69,34.57,34.65,124925
2014-04-14 20:30:00,34.65,34.7,34.62,34.62,138477
2014-04-14 21:00:00,34.61,34.62,34.39,34.4,127747
2014-04-14 21:30:00,34.39,34.41,34.26,34.26,110548
2014-04-14 22:00:00,34.26,34.28,34.04,34.15,222591
2014-04-14 22:30:00,34.15,34.43,34.15,34.42,511357
2014-04-15 16:30:00,34.54,34.88,34.39,34.87,185246
2014-04-15 17:00:00,34.85,34.95,34.35,34.41,216522
2014-04-15 17:30:00,34.4,34.54,34.29,34.4,210646
2014-04-15 18:00:00,34.39,34.43,34.19,34.4,216373
2014-04-15 18:30:00,34.4,34.5,34.17,34.24,167840
2014-04-15 19:00:00,34.22,34.22,34.1,34.2,118739
2014-04-15 19:30:00,34.2,34.2,34.05,34.1,109829
2014-04-15 20:00:00,34.1,34.1,34.0,34.04,280262
2014-04-15 20:30:00,34.04,34.35,34.0,34.35,187100
2014-04-15 21:00:00,34.35,34.51,34.29,34.34,229021
2014-04-15 21:30:00,34.34,34.61,34.32,34.56,236804
2014-04-15 22:00:00,34.56,34.69,34.5,34.64,217636
2014-04-15 22:30:00,34.64,34.65,34.51,34.63,496435
2014-04-16 16:30:00,34.93,34.98,34.66,34.77,177499
2014-04-16 17:00:00,34.76,34.88,34.68,34.77,165783
2014-04-16 17:30:00,34.78,34.89,34.72,34.74,128637
2014-04-16 18:00:00,34.75,34.92,34.71,34.9,93548
2014-04-16 18:30:00,34.9,34.99,34.84,34.97,60543
2014-04-16 19:00:00,34.97,35.12,34.97,35.1,74496
2014-04-16 19:30:00,35.1,35.11,35.01,35.01,108142
2014-04-16 20:00:00,35.02,35.1,34.92,35.07,83356
2014-04-16 20:30:00,35.07,35.07,34.97,35.02,58691
2014-04-16 21:00:00,35.03,35.05,34.91,34.97,76602
2014-04-16 21:30:00,34.97,35.16,34.97,35.14,81726
2014-04-16 22:00:00,35.13,35.14,35.03,35.07,164272
2014-04-16 22:30:00,35.06,35.18,35.02,35.17,442278
2014-04-17 16:30:00,35.25,35.35,35.13,35.24,299668
2014-04-17 17:00:00,35.26,35.29,35.04,35.17,238350
2014-04-17 17:30:00,35.17,35.3,35.15,35.26,159235
2014-04-17 18:00:00,35.27,35.35,35.2,35.26,88064
2014-04-17 18:30:00,35.27,35.29,35.13,35.16,100027
2014-04-17 19:00:00,35.16,35.21,35.11,35.19,64323
2014-04-17 19:30:00,35.19,35.23,35.14,35.19,72379
2014-04-17 20:00:00,35.19,35.3,35.18,35.28,95079
2014-04-17 20:30:00,35.28,35.41,35.27,35.34,73923
2014-04-17 21:00:00,35.34,35.37,35.31,35.35,55353
2014-04-17 21:30:00,35.35,35.36,35.28,35.28,84101
2014-04-17 22:00:00,35.28,35.34,35.27,35.27,170660
2014-04-17 22:30:00,35.28,35.29,35.21,35.21,405673
2014-04-21 16:30:00,35.26,35.31,35.05,35.3,65284
2014-04-21 17:00:00,35.3,35.39,35.24,35.3,168597
2014-04-21 17:30:00,35.29,35.37,35.14,35.33,110691
2014-04-21 18:00:00,35.33,35.47,35.33,35.44,64964
2014-04-21 18:30:00,35.43,35.49,35.38,35.45,62731
2014-04-21 19:00:00,35.44,35.46,35.39,35.42,66729
2014-04-21 19:30:00,35.42,35.43,35.36,35.4,53172
2014-04-21 20:00:00,35.4,35.45,35.38,35.44,71063
2014-04-21 20:30:00,35.43,35.5,35.41,35.5,73761
2014-04-21 21:00:00,35.5,35.52,35.46,35.48,97499
2014-04-21 21:30:00,35.48,35.5,35.44,35.48,79342
2014-04-21 22:00:00,35.48,35.49,35.32,35.34,117472
2014-04-21 22:30:00,35.34,35.35,35.3,35.35,261992
2014-04-22 16:30:00,35.32,35.41,35.19,35.37,104123
2014-04-22 17:00:00,35.39,35.5,35.38,35.44,103992
2014-04-22 17:30:00,35.45,35.57,35.45,35.55,114591
2014-04-22 18:00:00,35.56,35.61,35.54,35.59,89958
2014-04-22 18:30:00,35.59,35.64,35.54,35.58,65261
2014-04-22 19:00:00,35.59,35.72,35.59,35.72,84176
2014-04-22 19:30:00,35.73,35.77,35.72,35.76,100882
2014-04-22 20:00:00,35.77,35.85,35.74,35.79,156126
2014-04-22 20:30:00,35.78,35.84,35.78,35.83,85874
2014-04-22 21:00:00,35.83,35.84,35.75,35.82,64390
2014-04-22 21:30:00,35.81,35.9,35.81,35.88,83250
2014-04-22 22:00:00,35.88,35.89,35.74,35.75,105905
2014-04-22 22:30:00,35.74,35.82,35.7,35.72,481341
2014-04-23 16:30:00,35.71,35.92,35.69,35.82,108654
2014-04-23 17:00:00,35.82,35.84,35.63,35.83,127315
2014-04-23 17:30:00,35.83,35.89,35.77,35.8,152546
2014-04-23 18:00:00,35.8,35.82,35.63,35.69,67251
2014-04-23 18:30:00,35.71,35.79,35.71,35.78,35793
2014-04-23 19:00:00,35.77,35.79,35.64,35.68,43280
2014-04-23 19:30:00,35.67,35.77,35.67,35.74,35280
2014-04-23 20:00:00,35.75,35.82,35.74,35.82,53691
2014-04-23 20:30:00,35.82,35.83,35.72,35.82,47787
2014-04-23 21:00:00,35.81,35.84,35.78,35.82,50121
2014-04-23 21:30:00,35.82,35.89,35.8,35.86,65191
2014-04-23 22:00:00,35.86,35.88,35.82,35.82,71789
2014-04-23 22:30:00,35.82,35.84,35.76,35.77,260323
2014-04-24 16:30:00,35.94,35.96,35.53,35.64,118862
2014-04-24 17:00:00,35.63,35.71,35.44,35.68,179093
2014-04-24 17:30:00,35.71,35.75,35.56,35.6,102484
2014-04-24 18:00:00,35.6,35.78,35.56,35.71,205433
2014-04-24 18:30:00,35.72,35.81,35.62,35.62,96915
2014-04-24 19:00:00,35.62,35.67,35.61,35.63,252598
2014-04-24 19:30:00,35.63,35.65,35.56,35.63,192922
2014-04-24 20:00:00,35.64,35.67,35.62,35.63,45433
2014-04-24 20:30:00,35.62,35.62,35.32,35.32,224632
2014-04-24 21:00:00,35.32,35.44,35.32,35.41,138758
2014-04-24 21:30:00,35.4,35.46,35.34,35.37,153737
2014-04-24 22:00:00,35.38,35.44,35.36,35.39,140282
2014-04-24 22:30:00,35.4,35.43,35.34,35.39,466667
2014-04-25 16:30:00,35.31,35.41,35.03,35.04,160727
2014-04-25 17:00:00,35.03,35.14,34.95,35.07,207914
2014-04-25 17:30:00,35.06,35.08,34.86,34.87,138024
2014-04-25 18:00:00,34.88,34.92,34.78,34.88,137372
2014-04-25 18:30:00,34.89,34.98,34.84,34.94,71164
2014-04-25 19:00:00,34.94,35.01,34.91,34.99,64379
2014-04-25 19:30:00,34.99,35.0,34.93,34.99,86102
2014-04-25 20:00:00,34.98,35.0,34.93,34.99,63003
2014-04-25 20:30:00,34.99,34.99,34.9,34.93,87557
2014-04-25 21:00:00,34.91,34.92,34.73,34.79,155325
2014-04-25 21:30:00,34.78,34.9,34.71,34.83,113947
2014-04-25 22:00:00,34.83,34.96,34.82,34.96,80608
2014-04-25 22:30:00,34.97,35.0,34.87,34.88,415369
2014-04-28 16:30:00,35.12,35.16,34.73,34.82,225332
2014-04-28 17:00:00,34.83,35.03,34.74,34.91,152128
2014-04-28 17:30:00,34.9,34.99,34.7,34.71,189822
2014-04-28 18:00:00,34.71,34.77,34.54,34.54,156519
2014-04-28 18:30:00,34.54,34.68,34.43,34.45,127915
2014-04-28 19:00:00,34.45,34.56,34.42,34.52,84800
2014-04-28 19:30:00,34.52,34.55,34.47,34.47,62233
2014-04-28 20:00:00,34.47,34.48,34.31,34.34,144278
2014-04-28 20:30:00,34.35,34.54,34.25,34.4,153794
2014-04-28 21:00:00,34.4,34.68,34.33,34.6,166864
2014-04-28 21:30:00,34.59,34.66,34.52,34.59,117159
2014-04-28 22:00:00,34.6,34.92,34.6,34.87,201826
2014-04-28 22:30:00,34.87,34.92,34.79,34.79,366194
2014-04-29 16:30:00,35.12,35.28,35.02,35.22,115741
2014-04-29 17:00:00,35.2,35.24,34.97,34.98,188205
2014-04-29 17:30:00,34.98,35.23,34.98,35.16,81840
2014-04-29 18:00:00,35.17,35.22,35.1,35.22,48644
2014-04-29 18:30:00,35.22,35.28,35.17,35.22,64544
2014-04-29 19:00:00,35.22,35.27,35.2,35.24,42731
2014-04-29 19:30:00,35.25,35.34,35.23,35.31,42174
2014-04-29 20:00:00,35.32,35.33,35.25,35.27,72157
2014-04-29 20:30:00,35.27,35.31,35.22,35.24,91160
2014-04-29 21:00:00,35.23,35.26,35.21,35.21,53138
2014-04-29 21:30:00,35.21,35.24,35.2,35.23,52849
2014-04-29 22:00:00,35.22,35.29,35.22,35.29,75570
2014-04-29 22:30:00,35.28,35.3,35.22,35.22,349427
2014-04-30 16:30:00,35.21,35.23,34.81,34.82,193675
2014-04-30 17:00:00,34.81,35.11,34.74,35.09,197315
2014-04-30 17:30:00,35.09,35.26,35.02,35.21,119940
2014-04-30 18:00:00,35.21,35.22,35.04,35.05,102209
2014-04-30 18:30:00,35.05,35.17,35.05,35.09,75119
2014-04-30 19:00:00,35.1,35.19,35.08,35.13,54103
2014-04-30 19:30:00,35.14,35.17,35.1,35.14,45936
2014-04-30 20:00:00,35.14,35.22,35.13,35.21,49386
2014-04-30 20:30:00,35.21,35.22,35.03,35.05,91549
2014-04-30 21:00:00,35.06,35.19,34.99,35.13,217809
2014-04-30 21:30:00,35.12,35.34,35.12,35.28,176328
2014-04-30 22:00:00,35.28,35.3,35.07,35.23,225143
2014-04-30 22:30:00,35.23,35.28,35.1,35.2,763767
2014-05-01 16:30:00,35.75,36.35,35.46,35.8,444638
2014-05-01 17:00:00,35.81,36.04,35.73,36.03,370248
2014-05-01 17:30:00,36.03,36.46,35.89,36.3,386073
2014-05-01 18:00:00,36.3,36.31,35.91,35.95,358952
2014-05-01 18:30:00,35.94,36.12,35.93,36.11,171959
2014-05-01 19:00:00,36.11,36.27,36.09,36.1,362743
2014-05-01 19:30:00,36.09,36.17,35.99,36.04,352135
2014-05-01 20:00:00,36.04,36.09,36.01,36.05,141551
2014-05-01 20:30:00,36.06,36.12,35.87,35.92,153997
2014-05-01 21:00:00,35.93,36.1,35.93,36.1,133988
2014-05-01 21:30:00,36.11,36.12,35.87,36.06,335528
2014-05-01 22:00:00,36.05,36.15,35.96,36.07,392477
2014-05-01 22:30:00,36.08,36.13,35.98,36.03,991658
2014-05-02 16:30:00,36.86,36.86,36.2,36.7,541304
2014-05-02 17:00:00,36.71,36.9,36.58,36.58,361290
2014-05-02 17:30:00,36.58,36.7,36.33,36.37,307167
2014-05-02 18:00:00,36.36,36.53,36.3,36.48,327965
2014-05-02 18:30:00,36.49,36.6,36.38,36.58,217905
2014-05-02 19:00:00,36.56,36.59,36.21,36.23,177205
2014-05-02 19:30:00,36.23,36.24,36.16,36.21,145017
2014-05-02 20:00:00,36.22,36.25,36.16,36.23,115101
2014-05-02 20:30:00,36.23,36.28,36.08,36.08,167163
2014-05-02 21:00:00,36.08,36.11,36.01,36.06,130196
2014-05-02 21:30:00,36.06,36.12,36.01,36.08,162077
2014-05-02 22:00:00,36.09,36.12,35.92,35.95,162982
2014-05-02 22:30:00,35.94,36.01,35.93,35.95,491439
2014-05-05 16:30:00,35.61,35.8,35.45,35.74,165014
2014-05-05 17:00:00,35.74,35.87,35.63,35.73,81889
2014-05-05 17:30:00,35.74,35.87,35.71,35.87,243013
2014-05-05 18:00:00,35.87,35.99,35.83,35.91,92369
2014-05-05 18:30:00,35.92,36.02,35.9,35.94,83486
2014-05-05 19:00:00,35.94,36.0,35.92,35.92,49921
2014-05-05 19:30:00,35.92,35.94,35.88,35.89,37562
2014-05-05 20:00:00,35.89,35.93,35.81,35.81,53828
2014-05-05 20:30:00,35.81,35.83,35.78,35.8,63651
2014-05-05 21:00:00,35.8,35.87,35.78,35.81,66658
2014-05-05 21:30:00,35.81,35.91,35.79,35.89,48038
2014-05-05 22:00:00,35.89,35.9,35.81,35.85,67440
2014-05-05 22:30:00,35.84,35.87,35.74,35.8,375635
2014-05-06 16:30:00,35.68,35.68,35.3,35.44,167943
2014-05-06 17:00:00,35.44,35.57,35.34,35.56,123589
2014-05-06 17:30:00,35.57,35.65,35.4,35.4,93443
2014-05-06 18:00:00,35.4,35.55,35.36,35.48,86257
2014-05-06 18:30:00,35.47,35.58,35.47,35.51,77658
2014-05-06 19:00:00,35.51,35.53,35.42,35.47,115621
2014-05-06 19:30:00,35.48,35.51,35.44,35.47,69704
2014-05-06 20:00:00,35.46,35.48,35.39,35.41,92546
2014-05-06 20:30:00,35.4,35.42,35.29,35.3,70091
2014-05-06 21:00:00,35.3,35.38,35.23,35.32,115364
2014-05-06 21:30:00,35.31,35.44,35.29,35.42,160802
2014-05-06 22:00:00,35.41,35.46,35.29,35.36,135834
2014-05-06 22:30:00,35.37,35.41,35.25,35.28,689125
2014-05-07 16:30:00,35.42,35.55,35.28,35.31,106778
2014-05-07 17:00:00,35.32,35.4,35.0,35.25,133430
2014-05-07 17:30:00,35.25,35.42,35.21,35.22,129882
2014-05-07 18:00:00,35.22,35.35,35.19,35.31,126263
2014-05-07 18:30:00,35.32,35.62,35.29,35.58,89598
2014-05-07 19:00:00,35.57,35.65,35.49,35.59,172636
2014-05-07 19:30:00,35.58,35.61,35.45,35.46,44113
2014-05-07 20:00:00,35.46,35.53,35.4,35.48,69642
2014-05-07 20:30:00,35.48,35.58,35.42,35.42,78506
2014-05-07 21:00:00,35.42,35.72,35.41,35.71,144688
2014-05-07 21:30:00,35.71,35.75,35.62,35.68,118964
2014-05-07 22:00:00,35.68,35.69,35.54,35.62,307847
2014-05-07 22:30:00,35.63,35.76,35.62,35.73,410180
2014-05-08 16:30:00,35.68,35.94,35.58,35.92,148380
2014-05-08 17:00:00,35.93,36.21,35.93,36.12,111430
2014-05-08 17:30:00,36.12,36.18,36.06,36.09,95602
2014-05-08 18:00:00,36.09,36.23,36.07,36.12,67836
2014-05-08 18:30:00,36.12,36.21,36.11,36.18,73571
2014-05-08 19:00:00,36.18,36.2,36.13,36.15,48522
2014-05-08 19:30:00,36.15,36.16,35.99,36.03,56385
2014-05-08 20:00:00,36.03,36.08,35.9,35.98,70812
2014-05-08 20:30:00,35.98,35.98,35.83,35.86,174512
2014-05-08 21:00:00,35.86,35.86,35.64,35.69,107623
2014-05-08 21:30:00,35.69,35.69,35.47,35.48,194851
2014-05-08 22:00:00,35.49,35.55,35.36,35.53,267361
2014-05-08 22:30:00,35.54,35.59,35.47,35.52,291089
2014-05-09 16:30:00,35.62,35.86,35.5,35.81,265057
2014-05-09 17:00:00,35.81,35.98,35.75,35.86,174787
2014-05-09 17:30:00,35.87,35.9,35.73,35.75,128040
2014-05-09 18:00:00,35.74,35.79,35.68,35.75,184157
2014-05-09 18:30:00,35.76,35.88,35.74,35.76,157839
2014-05-09 19:00:00,35.77,35.82,35.67,35.8,156580
2014-05-09 19:30:00,35.8,35.99,35.8,35.97,164426
2014-05-09 20:00:00,35.97,36.02,35.95,36.0,69519
2014-05-09 20:30:00,36.0,36.02,35.91,35.92,78210
2014-05-09 21:00:00,35.92,35.96,35.87,35.9,149569
2014-05-09 21:30:00,35.9,35.97,35.88,35.93,245194
2014-05-09 22:00:00,35.93,36.0,35.76,35.8,242108
2014-05-09 22:30:00,35.8,35.91,35.79,35.87,456322
2014-05-12 16:30:00,35.96,36.24,35.96,36.19,86645
2014-05-12 17:00:00,36.19,36.35,36.12,36.27,165857
2014-05-12 17:30:00,36.27,36.27,36.18,36.18,173503
2014-05-12 18:00:00,36.18,36.23,36.18,36.21,112148
2014-05-12 18:30:00,36.22,36.23,36.18,36.19,164876
2014-05-12 19:00:00,36.2,36.21,36.16,36.17,132253
2014-05-12 19:30:00,36.18,36.19,36.13,36.15,83493
2014-05-12 20:00:00,36.15,36.16,36.13,36.15,81119
2014-05-12 20:30:00,36.15,36.16,36.13,36.15,115310
2014-05-12 21:00:00,36.15,36.16,36.1,36.13,103792
2014-05-12 21:30:00,36.14,36.16,36.14,36.16,117539
2014-05-12 22:00:00,36.16,36.18,36.12,36.14,177977
2014-05-12 22:30:00,36.13,36.18,36.12,36.16,507210
2014-05-13 16:30:00,36.3,36.56,36.29,36.55,454283
2014-05-13 17:00:00,36.55,36.55,36.41,36.44,186719
2014-05-13 17:30:00,36.45,36.46,36.24,36.25,125746
2014-05-13 18:00:00,36.24,36.25,36.08,36.14,121860
2014-05-13 18:30:00,36.15,36.16,36.04,36.07,169913
2014-05-13 19:00:00,36.07,36.09,36.01,36.05,68997
2014-05-13 19:30:00,36.05,36.1,35.99,36.09,63614
2014-05-13 20:00:00,36.09,36.15,36.08,36.12,40538
2014-05-13 20:30:00,36.12,36.14,36.01,36.03,96650
2014-05-13 21:00:00,36.03,36.05,35.93,35.94,102720
2014-05-13 21:30:00,35.95,36.05,35.93,36.03,138963
2014-05-13 22:00:00,36.03,36.07,36.0,36.05,124435
2014-05-13 22:30:00,36.05,36.08,36.01,36.03,329926
2014-05-14 16:30:00,35.79,35.87,35.67,35.77,248924
2014-05-14 17:00:00,35.77,35.84,35.58,35.73,177198
2014-05-14 17:30:00,35.73,35.78,35.6,35.67,115026
2014-05-14 18:00:00,35.67,35.71,35.62,35.65,144106
2014-05-14 18:30:00,35.65,35.7,35.6,35.61,90906
2014-05-14 19:00:00,35.6,35.67,35.58,35.61,117423
2014-05-14 19:30:00,35.63,35.67,35.6,35.66,61183
2014-05-14 20:00:00,35.65,35.75,35.64,35.71,60913
2014-05-14 20:30:00,35.7,35.72,35.65,35.72,63423
2014-05-14 21:00:00,35.72,35.72,35.67,35.68,32088
2014-05-14 21:30:00,35.69,35.7,35.57,35.59,65520
2014-05-14 22:00:00,35.59,35.61,35.53,35.6,110585
2014-05-14 22:30:00,35.6,35.6,35.5,35.57,391507
2014-05-15 16:30:00,35.35,35.41,34.79,34.81,261886
2014-05-15 17:00:00,34.81,34.83,34.54,34.73,205386
2014-05-15 17:30:00,34.72,34.81,34.64,34.76,175999
2014-05-15 18:00:00,34.77,34.79,34.5,34.5,121885
2014-05-15 18:30:00,34.51,34.67,34.46,34.48,94205
2014-05-15 19:00:00,34.47,34.53,34.36,34.38,115276
2014-05-15 19:30:00,34.38,34.51,34.37,34.51,118504
2014-05-15 20:00:00,34.51,34.56,34.39,34.43,331117
2014-05-15 20:30:00,34.44,34.47,34.38,34.44,122448
2014-05-15 21:00:00,34.44,34.58,34.43,34.52,158576
2014-05-15 21:30:00,34.53,34.7,34.53,34.69,167026
2014-05-15 22:00:00,34.69,34.7,34.58,34.59,175414
2014-05-15 22:30:00,34.59,34.67,34.58,34.62,452439
2014-05-16 16:30:00,34.63,34.63,34.36,34.53,480360
2014-05-16 17:00:00,34.52,34.58,34.31,34.33,208910
2014-05-16 17:30:00,34.34,34.6,34.33,34.53,167616
2014-05-16 18:00:00,34.52,34.68,34.48,34.67,120362
2014-05-16 18:30:00,34.68,34.75,34.53,34.62,75114
2014-05-16 19:00:00,34.61,34.62,34.51,34.52,59748
2014-05-16 19:30:00,34.53,34.53,34.45,34.5,136227
2014-05-16 20:00:00,34.49,34.5,34.41,34.48,45815
2014-05-16 20:30:00,34.47,34.52,34.43,34.49,112087
2014-05-16 21:00:00,34.47,34.48,34.4,34.45,94439
2014-05-16 21:30:00,34.46,34.63,34.45,34.62,131222
2014-05-16 22:00:00,34.62,34.74,34.61,34.69,125606
2014-05-16 22:30:00,34.7,34.74,34.68,34.7,380832
2014-05-19 16:30:00,34.49,34.93,34.46,34.77,86023
2014-05-19 17:00:00,34.78,34.94,34.72,34.89,108750
2014-05-19 17:30:00,34.9,34.92,34.81,34.9,72467
2014-05-19 18:00:00,34.9,35.04,34.89,34.92,72335
2014-05-19 18:30:00,34.92,34.96,34.86,34.96,50417
2014-05-19 19:00:00,34.96,35.07,34.93,35.0,78652
2014-05-19 19:30:00,34.99,34.99,34.88,34.93,49982
2014-05-19 20:00:00,34.93,35.01,34.91,34.98,133591
2014-05-19 20:30:00,34.99,35.04,34.95,35.04,81864
2014-05-19 21:00:00,35.04,35.12,35.01,35.07,75578
2014-05-19 21:30:00,35.07,35.11,35.03,35.04,70095
2014-05-19 22:00:00,35.04,35.12,35.0,35.09,161629
2014-05-19 22:30:00,35.1,35.21,35.09,35.12,455063
2014-05-20 16:30:00,35.47,35.74,35.16,35.18,288144
2014-05-20 17:00:00,35.2,35.26,35.03,35.06,132166
2014-05-20 17:30:00,35.06,35.22,35.02,35.19,118540
2014-05-20 18:00:00,35.2,35.21,35.06,35.06,62105
2014-05-20 18:30:00,35.05,35.11,34.97,34.97,64451
2014-05-20 19:00:00,34.97,34.98,34.8,34.85,98035
2014-05-20 19:30:00,34.84,34.93,34.84,34.92,121836
2014-05-20 20:00:00,34.91,34.94,34.8,34.86,171231
2014-05-20 20:30:00,34.86,34.87,34.71,34.78,115077
2014-05-20 21:00:00,34.79,34.91,34.79,34.83,106742
2014-05-20 21:30:00,34.83,34.84,34.76,34.84,109836
2014-05-20 22:00:00,34.83,34.97,34.81,34.96,202139
2014-05-20 22:30:00,34.95,35.05,34.91,34.95,453495
2014-05-21 16:30:00,35.19,35.44,35.07,35.38,226022
2014-05-21 17:00:00,35.38,35.38,35.3,35.33,141486
2014-05-21 17:30:00,35.32,35.34,35.26,35.27,180534
2014-05-21 18:00:00,35.25,35.32,35.17,35.19,182805
2014-05-21 18:30:00,35.19,35.26,35.16,35.2,208775
2014-05-21 19:00:00,35.19,35.31,35.18,35.28,122234
2014-05-21 19:30:00,35.29,35.34,35.28,35.33,103165
2014-05-21 20:00:00,35.33,35.35,35.29,35.3,118335
2014-05-21 20:30:00,35.29,35.31,35.24,35.25,151220
2014-05-21 21:00:00,35.26,35.34,35.18,35.27,173889
2014-05-21 21:30:00,35.28,35.32,35.25,35.29,159561
2014-05-21 22:00:00,35.29,35.35,35.28,35.33,325669
2014-05-21 22:30:00,35.34,35.35,35.28,35.29,433685
2014-05-22 16:30:00,35.27,35.57,35.25,35.54,226730
2014-05-22 17:00:00,35.55,35.58,35.5,35.52,333347
2014-05-22 17:30:00,35.52,35.56,35.48,35.48,260816
2014-05-22 18:00:00,35.47,35.58,35.42,35.5,415231
2014-05-22 18:30:00,35.51,35.54,35.43,35.47,107480
2014-05-22 19:00:00,35.46,35.52,35.41,35.43,69430
2014-05-22 19:30:00,35.43,35.51,35.42,35.46,112513
2014-05-22 20:00:00,35.45,35.5,35.4,35.5,426577
2014-05-22 20:30:00,35.51,35.56,35.5,35.51,173925
2014-05-22 21:00:00,35.51,35.56,35.49,35.55,124665
2014-05-22 21:30:00,35.55,35.55,35.49,35.49,222592
2014-05-22 22:00:00,35.5,35.56,35.48,35.49,407244
2014-05-22 22:30:00,35.49,35.54,35.4,35.41,436070
2014-05-23 16:30:00,35.51,35.64,35.45,35.61,123781
2014-05-23 17:00:00,35.6,35.65,35.57,35.61,177907
2014-05-23 17:30:00,35.62,35.68,35.61,35.66,156553
2014-05-23 18:00:00,35.66,35.73,35.64,35.67,77354
2014-05-23 18:30:00,35.66,35.72,35.63,35.69,90017
2014-05-23 19:00:00,35.7,35.73,35.7,35.73,103653
2014-05-23 19:30:00,35.73,35.76,35.71,35.73,106327
2014-05-23 20:00:00,35.73,35.75,35.72,35.75,40204
2014-05-23 20:30:00,35.74,35.75,35.72,35.74,59087
2014-05-23 21:00:00,35.73,35.74,35.63,35.64,144686
2014-05-23 21:30:00,35.64,35.69,35.63,35.69,36211
2014-05-23 22:00:00,35.68,35.71,35.64,35.7,143885
2014-05-23 22:30:00,35.69,35.72,35.67,35.68,321466
2014-05-27 16:30:00,35.87,35.99,35.82,35.86,225981
2014-05-27 17:00:00,35.89,36.04,35.84,36.01,359990
2014-05-27 17:30:00,36.01,36.03,35.94,36.01,235761
2014-05-27 18:00:00,36.0,36.04,35.94,35.99,252564
2014-05-27 18:30:00,35.99,36.0,35.96,36.0,214842
2014-05-27 19:00:00,36.0,36.01,35.89,35.92,165530
2014-05-27 19:30:00,35.92,35.97,35.91,35.93,150304
2014-05-27 20:00:00,35.94,35.96,35.93,35.95,167384
2014-05-27 20:30:00,35.95,35.95,35.88,35.88,135184
2014-05-27 21:00:00,35.88,35.94,35.88,35.92,109869
2014-05-27 21:30:00,35.92,36.01,35.88,36.01,191238
2014-05-27 22:00:00,36.0,36.05,36.0,36.02,254564
2014-05-27 22:30:00,36.03,36.07,36.01,36.04,501469
2014-05-28 16:30:00,36.09,36.37,36.04,36.27,597179
2014-05-28 17:00:00,36.26,36.26,36.12,36.17,454966
2014-05-28 17:30:00,36.17,36.19,36.02,36.1,266798
2014-05-28 18:00:00,36.09,36.11,35.93,35.93,196819
2014-05-28 18:30:00,35.93,36.01,35.93,35.99,488372
2014-05-28 19:00:00,35.99,36.02,35.91,35.94,391912
2014-05-28 19:30:00,35.95,36.0,35.91,36.0,52335
2014-05-28 20:00:00,36.0,36.01,35.97,35.99,188792
2014-05-28 20:30:00,35.99,36.0,35.95,36.0,147131
2014-05-28 21:00:00,35.99,36.0,35.95,35.95,166546
2014-05-28 21:30:00,35.96,35.99,35.93,35.98,140548
2014-05-28 22:00:00,35.98,36.03,35.97,36.0,369160
2014-05-28 22:30:00,36.0,36.03,35.91,35.93,526364
2014-05-29 16:30:00,36.0,36.15,35.91,36.11,373638
2014-05-29 17:00:00,36.11,36.23,36.06,36.19,481830
2014-05-29 17:30:00,36.19,36.27,36.12,36.27,153545
2014-05-29 18:00:00,36.27,36.37,36.24,36.34,269678
2014-05-29 18:30:00,36.34,36.46,36.33,36.46,201069
2014-05-29 19:00:00,36.46,36.6,36.44,36.52,311440
2014-05-29 19:30:00,36.53,36.64,36.53,36.61,203898
2014-05-29 20:00:00,36.61,36.62,36.4,36.43,91858
2014-05-29 20:30:00,36.43,36.51,36.42,36.5,109460
2014-05-29 21:00:00,36.51,36.62,36.5,36.62,152579
2014-05-29 21:30:00,36.62,36.68,36.56,36.56,128900
2014-05-29 22:00:00,36.57,36.65,36.56,36.65,191338
2014-05-29 22:30:00,36.65,36.66,36.54,36.63,579448
2014-05-30 16:30:00,36.46,36.72,36.42,36.64,148400
2014-05-30 17:00:00,36.64,36.72,36.6,36.6,152377
2014-05-30 17:30:00,36.6,36.62,36.43,36.52,120384
2014-05-30 18:00:00,36.52,36.57,36.5,36.54,64371
2014-05-30 18:30:00,36.54,36.56,36.51,36.53,100781
2014-05-30 19:00:00,36.53,36.57,36.52,36.55,94243
2014-05-30 19:30:00,36.56,36.56,36.45,36.54,136184
2014-05-30 20:00:00,36.54,36.59,36.52,36.58,115831
2014-05-30 20:30:00,36.58,36.61,36.56,36.58,94624
2014-05-30 21:00:00,36.59,36.67,36.57,36.67,84490
2014-05-30 21:30:00,36.65,36.66,36.58,36.59,154947
2014-05-30 22:00:00,36.6,36.66,36.59,36.64,173015
2014-05-30 22:30:00,36.64,36.74,36.63,36.7,572035
2014-06-02 16:30:00,36.83,36.95,36.51,36.57,189138
2014-06-02 17:00:00,36.56,36.67,36.48,36.52,164430
2014-06-02 17:30:00,36.51,36.55,36.44,36.5,245639
2014-06-02 18:00:00,36.51,36.71,36.46,36.7,118714
2014-06-02 18:30:00,36.7,36.74,36.65,36.7,66280
2014-06-02 19:00:00,36.7,36.74,36.69,36.74,48900
2014-06-02 19:30:00,36.75,36.82,36.72,36.8,44004
2014-06-02 20:00:00,36.81,36.84,36.75,36.81,82168
2014-06-02 20:30:00,36.81,36.81,36.78,36.8,55844
2014-06-02 21:00:00,36.81,36.85,36.78,36.81,125901
2014-06-02 21:30:00,36.81,36.86,36.8,36.84,122232
2014-06-02 22:00:00,36.85,36.87,36.76,36.82,159480
2014-06-02 22:30:00,36.82,36.87,36.8,36.83,341588
2014-06-03 16:30:00,36.65,36.89,36.59,36.89,149950
2014-06-03 17:00:00,36.89,36.91,36.8,36.87,128608
2014-06-03 17:30:00,36.87,36.9,36.74,36.77,109746
2014-06-03 18:00:00,36.76,36.78,36.69,36.71,83543
2014-06-03 18:30:00,36.71,36.75,36.64,36.74,73613
2014-06-03 19:00:00,36.74,36.82,36.71,36.78,76851
2014-06-03 19:30:00,36.79,36.84,36.78,36.83,47881
2014-06-03 20:00:00,36.83,36.92,36.8,36.9,98016
2014-06-03 20:30:00,36.9,37.05,36.88,37.02,218129
2014-06-03 21:00:00,37.01,37.07,36.97,37.0,111372
2014-06-03 21:30:00,37.0,37.05,36.98,37.0,91418
2014-06-03 22:00:00,36.99,37.03,36.95,37.01,134605
2014-06-03 22:30:00,37.01,37.09,36.98,37.07,557698
2014-06-04 16:30:00,36.9,36.96,36.78,36.88,256431
2014-06-04 17:00:00,36.88,36.98,36.87,36.93,148837
2014-06-04 17:30:00,36.92,37.14,36.89,37.14,124189
2014-06-04 18:00:00,37.14,37.22,37.13,37.2,345847
2014-06-04 18:30:00,37.19,37.24,37.17,37.22,153228
2014-06-04 19:00:00,37.22,37.28,37.21,37.26,92356
2014-06-04 19:30:00,37.25,37.3,37.24,37.24,101963
2014-06-04 20:00:00,37.25,37.27,37.18,37.2,126231
2014-06-04 20:30:00,37.2,37.22,37.17,37.22,90633
2014-06-04 21:00:00,37.22,37.28,37.16,37.26,132383
2014-06-04 21:30:00,37.26,37.27,37.22,37.24,316946
2014-06-04 22:00:00,37.24,37.28,37.23,37.25,215433
2014-06-04 22:30:00,37.26,37.29,37.24,37.27,441542
2014-06-05 16:30:00,37.35,37.45,37.21,37.29,233632
2014-06-05 17:00:00,37.27,37.36,37.14,37.36,166666
2014-06-05 17:30:00,37.38,37.48,37.3,37.48,166735
2014-06-05 18:00:00,37.47,37.68,37.44,37.64,146601
2014-06-05 18:30:00,37.65,37.71,37.61,37.71,69184
2014-06-05 19:00:00,37.7,37.75,37.67,37.71,55622
2014-06-05 19:30:00,37.71,37.74,37.66,37.66,48296
2014-06-05 20:00:00,37.66,37.75,37.66,37.74,52943
2014-06-05 20:30:00,37.73,37.77,37.72,37.73,62208
2014-06-05 21:00:00,37.74,37.77,37.69,37.72,84342
2014-06-05 21:30:00,37.73,37.75,37.68,37.68,52970
2014-06-05 22:00:00,37.68,37.76,37.66,37.67,122081
2014-06-05 22:30:00,37.67,37.71,37.64,37.66,289820
2014-06-06 16:30:00,37.88,38.11,37.82,38.02,275853
2014-06-06 17:00:00,38.03,38.2,38.02,38.18,171576
2014-06-06 17:30:00,38.18,38.26,38.09,38.25,226342
2014-06-06 18:00:00,38.25,38.35,38.24,38.25,180475
2014-06-06 18:30:00,38.25,38.25,38.17,38.18,72433
2014-06-06 19:00:00,38.17,38.21,38.15,38.19,77538
2014-06-06 19:30:00,38.19,38.21,38.16,38.17,108948
2014-06-06 20:00:00,38.17,38.24,38.14,38.24,84736
2014-06-06 20:30:00,38.22,38.23,38.14,38.17,57529
2014-06-06 21:00:00,38.15,38.2,38.13,38.16,78793
2014-06-06 21:30:00,38.16,38.18,38.12,38.12,102108
2014-06-06 22:00:00,38.12,38.18,38.1,38.16,134651
2014-06-06 22:30:00,38.16,38.18,38.07,38.17,512950
2014-06-09 16:30:00,38.07,38.23,38.03,38.13,257620
2014-06-09 17:00:00,38.13,38.32,38.13,38.32,127504
2014-06-09 17:30:00,38.33,38.4,38.22,38.27,207150
2014-06-09 18:00:00,38.27,38.37,38.23,38.37,91114
2014-06-09 18:30:00,38.37,38.39,38.32,38.35,108586
2014-06-09 19:00:00,38.35,38.42,38.28,38.29,66545
2014-06-09 19:30:00,38.29,38.33,38.26,38.28,76495
2014-06-09 20:00:00,38.29,38.33,38.21,38.21,117787
2014-06-09 20:30:00,38.22,38.25,38.21,38.22,122032
2014-06-09 21:00:00,38.22,38.23,38.02,38.02,142772
2014-06-09 21:30:00,38.03,38.08,37.97,38.06,113307
2014-06-09 22:00:00,38.06,38.18,38.06,38.16,187070
2014-06-09 22:30:00,38.16,38.23,38.12,38.19,451716
2014-06-10 16:30:00,38.07,38.12,37.86,37.87,137183
2014-06-10 17:00:00,37.87,37.88,37.71,37.79,240496
2014-06-10 17:30:00,37.79,37.84,37.75,37.82,118353
2014-06-10 18:00:00,37.81,37.84,37.76,37.8,206860
2014-06-10 18:30:00,37.81,37.93,37.79,37.91,84076
2014-06-10 19:00:00,37.91,37.94,37.84,37.94,80209
2014-06-10 19:30:00,37.94,37.95,37.88,37.91,41071
2014-06-10 20:00:00,37.91,37.92,37.84,37.86,57368
2014-06-10 20:30:00,37.87,37.94,37.86,37.93,54765
2014-06-10 21:00:00,37.93,37.96,37.89,37.93,68830
2014-06-10 21:30:00,37.94,37.94,37.89,37.91,64149
2014-06-10 22:00:00,37.92,38.01,37.91,37.97,171694
2014-06-10 22:30:00,37.97,38.01,37.94,37.98,333919
2014-06-11 16:30:00,37.83,37.83,37.59,37.82,347048
2014-06-11 17:00:00,37.83,37.96,37.8,37.89,161309
2014-06-11 17:30:00,37.89,37.9,37.78,37.78,156557
2014-06-11 18:00:00,37.79,37.86,37.76,37.79,121733
2014-06-11 18:30:00,37.8,37.85,37.78,37.85,55546
2014-06-11 19:00:00,37.84,37.88,37.82,37.83,56658
2014-06-11 19:30:00,37.83,37.87,37.8,37.86,53101
2014-06-11 20:00:00,37.86,37.9,37.81,37.9,108797
2014-06-11 20:30:00,37.89,37.91,37.85,37.87,62617
2014-06-11 21:00:00,37.85,37.86,37.72,37.78,135975
2014-06-11 21:30:00,37.78,37.81,37.72,37.72,102345
2014-06-11 22:00:00,37.73,37.82,37.72,37.82,165086
2014-06-11 22:30:00,37.81,37.93,37.81,37.86,523007
2014-06-12 16:30:00,37.88,38.06,37.8,37.97,166176
2014-06-12 17:00:00,37.98,38.0,37.82,37.83,117557
2014-06-12 17:30:00,37.84,37.88,37.75,37.8,53287
2014-06-12 18:00:00,37.8,37.93,37.8,37.93,55271
2014-06-12 18:30:00,37.93,37.94,37.83,37.84,63097
2014-06-12 19:00:00,37.84,37.89,37.81,37.85,62144
2014-06-12 19:30:00,37.85,37.86,37.73,37.77,42535
2014-06-12 20:00:00,37.78,37.8,37.72,37.75,113492
2014-06-12 20:30:00,37.76,37.76,37.6,37.64,77752
2014-06-12 21:00:00,37.63,37.68,37.61,37.65,76121
2014-06-12 21:30:00,37.65,37.7,37.61,37.65,64551
2014-06-12 22:00:00,37.65,37.72,37.62,37.64,113185
2014-06-12 22:30:00,37.65,37.73,37.58,37.69,308072
2014-06-13 16:30:00,37.75,37.83,37.42,37.45,230313
2014-06-13 17:00:00,37.44,37.6,37.33,37.56,180384
2014-06-13 17:30:00,37.58,37.66,37.49,37.51,130350
2014-06-13 18:00:00,37.52,37.64,37.5,37.52,115749
2014-06-13 18:30:00,37.53,37.54,37.37,37.38,120583
2014-06-13 19:00:00,37.38,37.45,37.37,37.43,74681
2014-06-13 19:30:00,37.42,37.43,37.34,37.34,81124
2014-06-13 20:00:00,37.34,37.38,37.28,37.31,107362
2014-06-13 20:30:00,37.31,37.35,37.29,37.31,165873
2014-06-13 21:00:00,37.3,37.31,37.26,37.27,123274
2014-06-13 21:30:00,37.27,37.28,37.22,37.22,153476
2014-06-13 22:00:00,37.23,37.32,37.16,37.16,367032
2014-06-13 22:30:00,37.17,37.24,37.11,37.23,848028
2014-06-16 16:30:00,37.13,37.22,36.77,36.87,403416
2014-06-16 17:00:00,36.87,37.1,36.83,37.07,278819
2014-06-16 17:30:00,37.07,37.14,37.0,37.1,130694
2014-06-16 18:00:00,37.11,37.12,37.01,37.04,85757
2014-06-16 18:30:00,37.04,37.04,36.95,37.01,61729
2014-06-16 19:00:00,37.02,37.1,37.01,37.05,87737
2014-06-16 19:30:00,37.04,37.04,36.96,37.0,31536
2014-06-16 20:00:00,37.01,37.14,37.0,37.1,47954
2014-06-16 20:30:00,37.1,37.12,37.01,37.04,50740
2014-06-16 21:00:00,37.04,37.06,36.98,36.99,99921
2014-06-16 21:30:00,36.99,37.0,36.94,36.94,85854
2014-06-16 22:00:00,36.94,36.97,36.9,36.94,164021
2014-06-16 22:30:00,36.94,37.07,36.93,37.06,443872
2014-06-17 16:30:00,37.06,37.21,36.77,37.16,257709
2014-06-17 17:00:00,37.17,37.44,37.12,37.43,133434
2014-06-17 17:30:00,37.43,37.43,37.21,37.32,100550
2014-06-17 18:00:00,37.32,37.38,37.21,37.29,197137
2014-06-17 18:30:00,37.29,37.31,37.26,37.31,119999
2014-06-17 19:00:00,37.3,37.46,37.29,37.39,127166
2014-06-17 19:30:00,37.39,37.46,37.36,37.43,73658
2014-06-17 20:00:00,37.44,37.48,37.37,37.42,80839
2014-06-17 20:30:00,37.43,37.44,37.37,37.41,101350
2014-06-17 21:00:00,37.41,37.47,37.37,37.45,77160
2014-06-17 21:30:00,37.46,37.49,37.43,37.47,84941
2014-06-17 22:00:00,37.47,37.48,37.38,37.38,207889
2014-06-17 22:30:00,37.38,37.41,37.31,37.34,629514
2014-06-18 16:30:00,37.42,37.51,37.1,37.15,210495
2014-06-18 17:00:00,37.16,37.2,37.1,37.16,178113
2014-06-18 17:30:00,37.16,37.18,36.95,36.96,129605
2014-06-18 18:00:00,36.96,37.01,36.94,37.0,140994
2014-06-18 18:30:00,36.99,37.0,36.92,36.96,321221
2014-06-18 19:00:00,36.96,36.97,36.93,36.94,173317
2014-06-18 19:30:00,36.94,37.03,36.92,37.02,466470
2014-06-18 20:00:00,37.01,37.02,36.98,37.0,241258
2014-06-18 20:30:00,37.0,37.0,36.91,36.97,118425
2014-06-18 21:00:00,36.97,37.08,36.85,37.05,863522
2014-06-18 21:30:00,37.05,37.18,37.01,37.15,648637
2014-06-18 22:00:00,37.16,37.35,37.14,37.31,748853
2014-06-18 22:30:00,37.32,37.37,37.28,37.31,1716084
2014-06-19 16:30:00,37.4,37.5,37.26,37.32,194598
2014-06-19 17:00:00,37.33,37.35,37.15,37.18,172954
2014-06-19 17:30:00,37.18,37.2,37.08,37.08,101893
2014-06-19 18:00:00,37.08,37.13,37.06,37.1,85875
2014-06-19 18:30:00,37.09,37.18,37.06,37.15,60545
2014-06-19 19:00:00,37.15,37.2,37.14,37.17,61811
2014-06-19 19:30:00,37.16,37.21,37.15,37.16,74658
2014-06-19 20:00:00,37.16,37.17,37.06,37.16,184817
2014-06-19 20:30:00,37.16,37.17,37.1,37.15,94197
2014-06-19 21:00:00,37.15,37.19,37.12,37.14,70357
2014-06-19 21:30:00,37.14,37.21,37.12,37.17,157640
2014-06-19 22:00:00,37.18,37.22,37.16,37.2,162565
2014-06-19 22:30:00,37.19,37.24,37.18,37.19,481892
2014-06-20 16:30:00,37.31,37.42,37.26,37.29,544490
2014-06-20 17:00:00,37.3,37.31,37.19,37.24,145038
2014-06-20 17:30:00,37.24,37.34,37.22,37.29,193847
2014-06-20 18:00:00,37.3,37.31,37.24,37.24,77598
2014-06-20 18:30:00,37.24,37.3,37.21,37.25,66794
2014-06-20 19:00:00,37.25,37.25,37.17,37.21,40603
2014-06-20 19:30:00,37.21,37.22,37.16,37.17,40783
2014-06-20 20:00:00,37.18,37.2,37.14,37.19,35832
2014-06-20 20:30:00,37.19,37.23,37.17,37.22,34477
2014-06-20 21:00:00,37.22,37.25,37.2,37.22,53324
2014-06-20 21:30:00,37.22,37.23,37.18,37.2,64402
2014-06-20 22:00:00,37.19,37.21,37.17,37.18,151229
2014-06-20 22:30:00,37.18,37.26,37.16,37.24,430414
2014-06-23 16:30:00,37.31,37.35,37.03,37.23,238998
2014-06-23 17:00:00,37.23,37.31,37.19,37.26,201434
2014-06-23 17:30:00,37.26,37.32,37.18,37.32,130777
2014-06-23 18:00:00,37.31,37.31,37.2,37.22,131280
2014-06-23 18:30:00,37.22,37.3,37.19,37.26,88236
2014-06-23 19:00:00,37.27,37.36,37.26,37.36,93369
2014-06-23 19:30:00,37.35,37.44,37.35,37.42,129705
2014-06-23 20:00:00,37.42,37.44,37.34,37.37,108000
2014-06-23 20:30:00,37.36,37.42,37.34,37.4,65995
2014-06-23 21:00:00,37.4,37.57,37.39,37.53,313915
2014-06-23 21:30:00,37.54,37.67,37.52,37.65,326841
2014-06-23 22:00:00,37.65,37.7,37.52,37.52,281695
2014-06-23 22:30:00,37.52,37.59,37.5,37.55,456366
2014-06-24 16:30:00,37.33,37.42,37.24,37.31,100936
2014-06-24 17:00:00,37.31,37.55,37.31,37.54,71490
2014-06-24 17:30:00,37.53,37.58,37.5,37.54,44243
2014-06-24 18:00:00,37.55,37.6,37.53,37.58,46608
2014-06-24 18:30:00,37.58,37.61,37.55,37.58,32146
2014-06-24 19:00:00,37.58,37.59,37.53,37.55,47044
2014-06-24 19:30:00,37.55,37.56,37.48,37.48,58504
2014-06-24 20:00:00,37.48,37.48,37.32,37.4,66351
2014-06-24 20:30:00,37.39,37.44,37.33,37.34,57511
2014-06-24 21:00:00,37.34,37.42,37.28,37.3,90276
2014-06-24 21:30:00,37.3,37.32,37.23,37.24,107777
2014-06-24 22:00:00,37.24,37.24,37.09,37.13,252579
2014-06-24 22:30:00,37.12,37.17,37.04,37.09,367900
2014-06-25 16:30:00,36.95,37.07,36.85,36.98,166650
2014-06-25 17:00:00,36.98,37.13,36.94,37.07,130598
2014-06-25 17:30:00,37.06,37.28,37.02,37.27,74301
2014-06-25 18:00:00,37.27,37.31,37.16,37.24,122464
2014-06-25 18:30:00,37.25,37.27,37.14,37.18,70115
2014-06-25 19:00:00,37.19,37.25,37.17,37.22,43985
2014-06-25 19:30:00,37.22,37.26,37.19,37.2,50014
2014-06-25 20:00:00,37.21,37.32,37.19,37.26,79582
2014-06-25 20:30:00,37.27,37.38,37.27,37.38,55300
2014-06-25 21:00:00,37.36,37.43,37.33,37.4,68403
2014-06-25 21:30:00,37.41,37.45,37.32,37.33,64426
2014-06-25 22:00:00,37.34,37.42,37.3,37.41,148366
2014-06-25 22:30:00,37.41,37.51,37.36,37.48,642530
2014-06-26 16:30:00,37.42,37.42,37.06,37.12,190916
2014-06-26 17:00:00,37.12,37.3,37.04,37.24,134724
2014-06-26 17:30:00,37.23,37.24,37.13,37.15,94561
2014-06-26 18:00:00,37.16,37.25,37.1,37.17,92259
2014-06-26 18:30:00,37.17,37.23,37.14,37.21,75620
2014-06-26 19:00:00,37.22,37.25,37.09,37.14,185334
2014-06-26 19:30:00,37.14,37.17,37.08,37.08,59805
2014-06-26 20:00:00,37.08,37.24,37.07,37.24,71885
2014-06-26 20:30:00,37.24,37.26,37.17,37.17,95337
2014-06-26 21:00:00,37.17,37.28,37.17,37.28,65268
2014-06-26 21:30:00,37.28,37.3,37.24,37.27,82349
2014-06-26 22:00:00,37.27,37.36,37.25,37.31,126149
2014-06-26 22:30:00,37.32,37.37,37.29,37.33,345727
2014-06-27 16:30:00,37.13,37.65,37.13,37.59,154785
2014-06-27 17:00:00,37.58,37.64,37.44,37.49,68527
2014-06-27 17:30:00,37.49,37.57,37.45,37.55,68993
2014-06-27 18:00:00,37.56,37.6,37.51,37.55,106210
2014-06-27 18:30:00,37.55,37.62,37.55,37.58,55116
2014-06-27 19:00:00,37.57,37.59,37.52,37.53,50893
2014-06-27 19:30:00,37.52,37.55,37.47,37.49,43300
2014-06-27 20:00:00,37.5,37.51,37.37,37.42,44989
2014-06-27 20:30:00,37.41,37.47,37.38,37.45,66190
2014-06-27 21:00:00,37.44,37.52,37.42,37.47,88692
2014-06-27 21:30:00,37.48,37.53,37.46,37.47,80933
2014-06-27 22:00:00,37.46,37.68,37.45,37.65,129531
2014-06-27 22:30:00,37.66,37.78,37.65,37.73,685375
2014-06-30 16:30:00,37.5,37.78,37.43,37.69,121031
2014-06-30 17:00:00,37.71,37.91,37.7,37.85,73565
2014-06-30 17:30:00,37.85,37.87,37.7,37.75,79914
2014-06-30 18:00:00,37.75,37.88,37.73,37.81,125091
2014-06-30 18:30:00,37.81,37.81,37.74,37.8,114843
2014-06-30 19:00:00,37.79,37.81,37.7,37.77,81080
2014-06-30 19:30:00,37.76,37.81,37.75,37.75,78271
2014-06-30 20:00:00,37.76,37.79,37.72,37.77,97670
2014-06-30 20:30:00,37.77,37.79,37.72,37.76,96912
2014-06-30 21:00:00,37.77,37.93,37.77,37.9,150884
2014-06-30 21:30:00,37.9,37.9,37.75,37.75,119894
2014-06-30 22:00:00,37.75,37.82,37.72,37.79,109700
2014-06-30 22:30:00,37.8,37.82,37.69,37.76,536293
2014-07-01 16:30:00,37.99,38.37,37.91,38.25,210272
2014-07-01 17:00:00,38.23,38.28,38.11,38.13,131080
2014-07-01 17:30:00,38.14,38.35,38.14,38.29,99043
2014-07-01 18:00:00,38.3,38.4,38.29,38.39,71063
2014-07-01 18:30:00,38.38,38.42,38.36,38.38,98558
2014-07-01 19:00:00,38.39,38.39,38.32,38.36,76243
2014-07-01 19:30:00,38.36,38.43,38.34,38.38,89646
2014-07-01 20:00:00,38.38,38.5,38.38,38.48,95365
2014-07-01 20:30:00,38.48,38.57,38.46,38.52,224427
2014-07-01 21:00:00,38.52,38.52,38.39,38.39,142576
2014-07-01 21:30:00,38.39,38.45,38.37,38.38,127061
2014-07-01 22:00:00,38.39,38.44,38.35,38.4,205251
2014-07-01 22:30:00,38.4,38.47,38.34,38.35,268180
2014-07-02 16:30:00,38.25,38.34,38.11,38.18,216221
2014-07-02 17:00:00,38.2,38.25,38.06,38.08,106376
2014-07-02 17:30:00,38.09,38.15,38.06,38.07,101313
2014-07-02 18:00:00,38.08,38.17,38.01,38.08,82455
2014-07-02 18:30:00,38.08,38.2,38.07,38.13,72375
2014-07-02 19:00:00,38.12,38.23,38.11,38.2,44231
2014-07-02 19:30:00,38.2,38.2,38.09,38.16,61075
2014-07-02 20:00:00,38.15,38.25,38.14,38.25,79995
2014-07-02 20:30:00,38.24,38.25,38.19,38.22,40703
2014-07-02 21:00:00,38.22,38.25,38.14,38.15,145757
2014-07-02 21:30:00,38.16,38.24,38.15,38.18,93374
2014-07-02 22:00:00,38.19,38.23,38.17,38.2,81452
2014-07-02 22:30:00,38.19,38.22,38.17,38.21,267872
2014-07-03 16:30:00,38.25,38.61,38.25,38.39,106139
2014-07-03 17:00:00,38.39,38.52,38.34,38.43,51278
2014-07-03 17:30:00,38.43,38.57,38.43,38.55,43202
2014-07-03 18:00:00,38.56,38.57,38.52,38.55,71055
2014-07-03 18:30:00,38.56,38.63,38.54,38.62,100765
2014-07-03 19:00:00,38.62,38.72,38.62,38.69,81442
2014-07-03 19:30:00,38.7,38.74,38.65,38.68,167135
2014-07-03 20:00:00,38.67,38.67,38.66,38.66,188084
2014-07-03 20:30:00,38.66,38.66,38.66,38.66,1227
2014-07-07 16:30:00,38.55,38.59,38.25,38.32,133056
2014-07-07 17:00:00,38.3,38.48,38.27,38.41,39206
2014-07-07 17:30:00,38.42,38.54,38.35,38.39,171186
2014-07-07 18:00:00,38.38,38.47,38.35,38.45,70254
2014-07-07 18:30:00,38.44,38.53,38.42,38.51,63147
2014-07-07 19:00:00,38.51,38.76,38.5,38.65,203220
2014-07-07 19:30:00,38.65,38.73,38.64,38.66,143508
2014-07-07 20:00:00,38.67,38.73,38.67,38.73,104336
2014-07-07 20:30:00,38.73,38.85,38.72,38.82,128898
2014-07-07 21:00:00,38.82,38.84,38.72,38.73,137924
2014-07-07 21:30:00,38.73,38.74,38.64,38.68,94191
2014-07-07 22:00:00,38.68,38.73,38.66,38.69,103326
2014-07-07 22:30:00,38.68,38.75,38.64,38.69,392885
2014-07-08 16:30:00,38.56,38.64,38.3,38.39,102137
2014-07-08 17:00:00,38.38,38.4,38.23,38.29,94815
2014-07-08 17:30:00,38.28,38.33,38.2,38.26,80683
2014-07-08 18:00:00,38.24,38.26,38.07,38.07,75735
2014-07-08 18:30:00,38.06,38.2,38.05,38.17,107104
2014-07-08 19:00:00,38.17,38.18,38.07,38.11,172475
2014-07-08 19:30:00,38.12,38.15,38.04,38.15,70343
2014-07-08 20:00:00,38.15,38.24,38.1,38.23,71950
2014-07-08 20:30:00,38.23,38.28,38.2,38.21,174103
2014-07-08 21:00:00,38.2,38.21,38.06,38.09,238616
2014-07-08 21:30:00,38.09,38.13,38.05,38.05,128032
2014-07-08 22:00:00,38.05,38.08,37.94,38.06,230513
2014-07-08 22:30:00,38.06,38.15,38.04,38.1,430827
2014-07-09 16:30:00,38.28,38.68,38.27,38.38,210937
2014-07-09 17:00:00,38.4,38.45,38.21,38.42,268618
2014-07-09 17:30:00,38.4,38.53,38.36,38.43,68581
2014-07-09 18:00:00,38.43,38.44,38.26,38.37,79571
2014-07-09 18:30:00,38.37,38.4,38.2,38.25,157934
2014-07-09 19:00:00,38.24,38.35,38.23,38.33,103526
2014-07-09 19:30:00,38.34,38.35,38.25,38.31,95043
2014-07-09 20:00:00,38.31,38.38,38.27,38.32,73356
2014-07-09 20:30:00,38.32,38.42,38.31,38.39,98808
2014-07-09 21:00:00,38.38,38.56,38.26,38.49,265575
2014-07-09 21:30:00,38.49,38.49,38.42,38.44,72618
2014-07-09 22:00:00,38.45,38.52,38.41,38.45,249639
2014-07-09 22:30:00,38.45,38.45,38.34,38.36,641380
2014-07-10 16:30:00,37.76,37.81,37.47,37.53,290500
2014-07-10 17:00:00,37.54,37.65,37.47,37.5,319401
2014-07-10 17:30:00,37.51,37.53,37.36,37.41,234970
2014-07-10 18:00:00,37.41,37.59,37.4,37.48,167032
2014-07-10 18:30:00,37.47,37.52,37.45,37.51,68234
2014-07-10 19:00:00,37.5,37.74,37.48,37.71,112030
2014-07-10 19:30:00,37.7,37.71,37.57,37.65,78658
2014-07-10 20:00:00,37.64,37.76,37.63,37.74,153440
2014-07-10 20:30:00,37.74,37.87,37.74,37.78,133371
2014-07-10 21:00:00,37.78,37.81,37.73,37.76,84935
2014-07-10 21:30:00,37.76,37.76,37.57,37.58,108701
2014-07-10 22:00:00,37.58,37.71,37.51,37.69,178458
2014-07-10 22:30:00,37.69,37.75,37.64,37.74,374840
2014-07-11 16:30:00,37.81,37.99,37.63,37.92,191812
2014-07-11 17:00:00,37.91,38.06,37.8,37.96,178520
2014-07-11 17:30:00,37.96,37.99,37.84,37.92,72203
2014-07-11 18:00:00,37.93,37.97,37.85,37.88,37588
2014-07-11 18:30:00,37.9,37.95,37.84,37.84,23933
2014-07-11 19:00:00,37.84,37.91,37.82,37.88,48465
2014-07-11 19:30:00,37.89,37.96,37.85,37.95,23284
2014-07-11 20:00:00,37.95,38.0,37.94,38.0,31310
2014-07-11 20:30:00,38.0,38.01,37.94,37.97,38337
2014-07-11 21:00:00,37.96,38.04,37.96,38.02,41562
2014-07-11 21:30:00,38.02,38.05,37.98,37.99,52294
2014-07-11 22:00:00,37.99,38.01,37.94,37.96,71672
2014-07-11 22:30:00,37.97,37.99,37.91,37.96,297140
2014-07-14 16:30:00,38.34,38.4,38.17,38.34,123451
2014-07-14 17:00:00,38.35,38.47,38.3,38.37,127789
2014-07-14 17:30:00,38.37,38.49,38.37,38.41,85538
2014-07-14 18:00:00,38.41,38.43,38.29,38.34,72933
2014-07-14 18:30:00,38.33,38.38,38.27,38.29,72365
2014-07-14 19:00:00,38.29,38.32,38.26,38.26,78860
2014-07-14 19:30:00,38.26,38.27,38.13,38.16,87469
2014-07-14 20:00:00,38.15,38.17,38.11,38.13,47098
2014-07-14 20:30:00,38.13,38.14,38.08,38.09,57799
2014-07-14 21:00:00,38.09,38.11,38.05,38.07,59468
2014-07-14 21:30:00,38.06,38.12,38.06,38.11,69559
2014-07-14 22:00:00,38.11,38.12,38.03,38.05,74754
2014-07-14 22:30:00,38.05,38.11,38.04,38.09,305300
2014-07-15 16:30:00,38.15,38.46,38.15,38.33,158174
2014-07-15 17:00:00,38.33,38.41,38.15,38.27,225245
2014-07-15 17:30:00,38.28,38.38,38.07,38.17,168266
2014-07-15 18:00:00,38.17,38.29,38.12,38.21,68703
2014-07-15 18:30:00,38.2,38.21,37.96,37.98,79900
2014-07-15 19:00:00,37.97,38.07,37.9,38.02,55083
2014-07-15 19:30:00,38.02,38.09,37.99,38.01,47731
2014-07-15 20:00:00,38.01,38.15,38.01,38.14,231784
2014-07-15 20:30:00,38.15,38.19,38.07,38.08,74206
2014-07-15 21:00:00,38.09,38.15,38.05,38.14,104966
2014-07-15 21:30:00,38.13,38.14,38.07,38.1,110328
2014-07-15 22:00:00,38.1,38.12,38.04,38.07,145290
2014-07-15 22:30:00,38.06,38.11,38.03,38.1,344566
2014-07-16 16:30:00,38.34,38.46,38.17,38.3,124511
2014-07-16 17:00:00,38.32,38.35,38.12,38.15,116131
2014-07-16 17:30:00,38.15,38.2,38.05,38.05,122051
2014-07-16 18:00:00,38.04,38.14,38.01,38.09,112079
2014-07-16 18:30:00,38.09,38.11,38.04,38.07,46426
2014-07-16 19:00:00,38.07,38.2,38.03,38.19,57454
2014-07-16 19:30:00,38.19,38.23,38.16,38.17,30192
2014-07-16 20:00:00,38.18,38.23,38.17,38.23,29538
2014-07-16 20:30:00,38.23,38.27,38.21,38.26,99768
2014-07-16 21:00:00,38.26,38.29,38.2,38.23,63625
2014-07-16 21:30:00,38.24,38.26,38.13,38.17,67813
2014-07-16 22:00:00,38.17,38.23,38.14,38.23,87623
2014-07-16 22:30:00,38.23,38.24,38.19,38.23,319844
2014-07-17 16:30:00,38.0,38.36,37.97,38.31,71651
2014-07-17 17:00:00,38.32,38.39,38.24,38.34,87989
2014-07-17 17:30:00,38.35,38.35,38.24,38.24,30776
2014-07-17 18:00:00,38.23,38.25,37.96,37.96,73585
2014-07-17 18:30:00,37.95,38.09,37.91,37.96,65954
2014-07-17 19:00:00,37.96,37.98,37.85,37.94,52047
2014-07-17 19:30:00,37.94,38.02,37.91,37.96,25735
2014-07-17 20:00:00,37.95,38.07,37.95,37.96,27156
2014-07-17 20:30:00,37.97,38.0,37.89,37.92,47140
2014-07-17 21:00:00,37.91,37.93,37.83,37.86,41045
2014-07-17 21:30:00,37.88,37.95,37.85,37.88,36389
2014-07-17 22:00:00,37.88,37.89,37.66,37.68,101385
2014-07-17 22:30:00,37.68,37.72,37.6,37.64,422611
2014-07-18 16:30:00,37.72,38.01,37.71,37.87,268247
2014-07-18 17:00:00,37.87,37.9,37.75,37.89,77684
2014-07-18 17:30:00,37.89,37.96,37.82,37.96,140558
2014-07-18 18:00:00,37.96,38.03,37.95,38.0,72735
2014-07-18 18:30:00,38.01,38.07,37.97,38.0,56858
2014-07-18 19:00:00,38.0,38.1,37.98,38.09,34234
2014-07-18 19:30:00,38.1,38.1,37.99,38.0,70941
2014-07-18 20:00:00,38.0,38.0,37.87,37.87,36301
2014-07-18 20:30:00,37.87,37.97,37.86,37.96,90942
2014-07-18 21:00:00,37.96,38.05,37.91,38.02,60512
2014-07-18 21:30:00,38.02,38.03,37.98,38.01,41485
2014-07-18 22:00:00,38.0,38.1,37.98,38.02,50694
2014-07-18 22:30:00,38.01,38.07,38.01,38.04,215387
2014-07-21 16:30:00,38.0,38.15,37.9,37.96,203970
2014-07-21 17:00:00,37.96,37.96,37.76,37.88,116824
2014-07-21 17:30:00,37.87,37.87,37.75,37.76,93963
2014-07-21 18:00:00,37.76,37.9,37.73,37.88,58316
2014-07-21 18:30:00,37.87,37.97,37.84,37.97,40021
2014-07-21 19:00:00,37.97,37.97,37.92,37.94,43468
2014-07-21 19:30:00,37.94,37.99,37.91,37.95,37816
2014-07-21 20:00:00,37.93,38.07,37.93,38.07,31997
2014-07-21 20:30:00,38.07,38.13,38.04,38.1,26459
2014-07-21 21:00:00,38.1,38.15,38.07,38.09,49812
2014-07-21 21:30:00,38.08,38.16,38.04,38.1,51060
2014-07-21 22:00:00,38.1,38.14,38.06,38.14,107109
2014-07-21 22:30:00,38.13,38.15,38.07,38.09,221887
2014-07-22 16:30:00,38.01,38.3,38.0,38.11,159405
2014-07-22 17:00:00,38.12,38.29,38.12,38.28,262974
2014-07-22 17:30:00,38.28,38.45,38.28,38.4,166696
2014-07-22 18:00:00,38.4,38.52,38.39,38.47,169422
2014-07-22 18:30:00,38.46,38.57,38.45,38.51,80363
2014-07-22 19:00:00,38.52,38.57,38.5,38.53,69104
2014-07-22 19:30:00,38.53,38.56,38.51,38.52,51568
2014-07-22 20:00:00,38.52,38.63,38.52,38.59,74861
2014-07-22 20:30:00,38.59,38.62,38.52,38.59,116034
2014-07-22 21:00:00,38.59,38.63,38.57,38.63,102509
2014-07-22 21:30:00,38.63,38.65,38.57,38.63,176994
2014-07-22 22:00:00,38.63,38.74,38.61,38.74,391826
2014-07-22 22:30:00,38.74,38.78,38.69,38.72,682381
2014-07-23 16:30:00,38.74,38.74,38.53,38.61,138435
2014-07-23 17:00:00,38.62,38.75,38.62,38.71,149512
2014-07-23 17:30:00,38.72,38.75,38.64,38.67,67705
2014-07-23 18:00:00,38.67,38.68,38.6,38.6,73025
2014-07-23 18:30:00,38.6,38.62,38.52,38.54,76211
2014-07-23 19:00:00,38.55,38.57,38.45,38.45,62122
2014-07-23 19:30:00,38.44,38.48,38.41,38.44,64439
2014-07-23 20:00:00,38.44,38.48,38.37,38.38,52055
2014-07-23 20:30:00,38.37,38.47,38.36,38.43,93040
2014-07-23 21:00:00,38.44,38.44,38.39,38.42,40013
2014-07-23 21:30:00,38.41,38.49,38.39,38.49,90832
2014-07-23 22:00:00,38.49,38.63,38.48,38.62,154666
2014-07-23 22:30:00,38.63,38.67,38.58,38.61,334030
2014-07-24 16:30:00,38.5,38.76,38.46,38.62,159678
2014-07-24 17:00:00,38.63,38.7,38.51,38.67,100435
2014-07-24 17:30:00,38.67,38.71,38.63,38.65,59550
2014-07-24 18:00:00,38.66,38.77,38.63,38.76,76157
2014-07-24 18:30:00,38.76,38.76,38.71,38.72,106284
2014-07-24 19:00:00,38.72,38.73,38.64,38.64,31248
2014-07-24 19:30:00,38.64,38.64,38.57,38.57,54271
2014-07-24 20:00:00,38.57,38.57,38.42,38.54,81728
2014-07-24 20:30:00,38.54,38.56,38.49,38.56,58806
2014-07-24 21:00:00,38.57,38.58,38.54,38.56,42027
2014-07-24 21:30:00,38.56,38.56,38.48,38.49,82821
2014-07-24 22:00:00,38.49,38.58,38.49,38.53,123646
2014-07-24 22:30:00,38.53,38.58,38.53,38.56,335712
2014-07-25 16:30:00,38.35,38.48,38.15,38.39,92495
2014-07-25 17:00:00,38.39,38.55,38.31,38.54,104475
2014-07-25 17:30:00,38.53,38.53,38.4,38.42,61776
2014-07-25 18:00:00,38.41,38.41,38.29,38.33,112187
2014-07-25 18:30:00,38.34,38.45,38.34,38.41,30563
2014-07-25 19:00:00,38.42,38.53,38.42,38.52,47014
2014-07-25 19:30:00,38.53,38.61,38.52,38.57,52209
2014-07-25 20:00:00,38.57,38.6,38.46,38.48,72143
2014-07-25 20:30:00,38.48,38.48,38.4,38.43,42163
2014-07-25 21:00:00,38.43,38.51,38.39,38.5,80738
2014-07-25 21:30:00,38.51,38.51,38.44,38.46,66228
2014-07-25 22:00:00,38.47,38.49,38.43,38.44,73663
2014-07-25 22:30:00,38.44,38.46,38.39,38.41,209469
2014-07-28 16:30:00,38.32,38.54,38.19,38.24,68543
2014-07-28 17:00:00,38.24,38.25,38.09,38.13,99024
2014-07-28 17:30:00,38.13,38.24,38.11,38.19,54717
2014-07-28 18:00:00,38.2,38.32,38.18,38.32,42475
2014-07-28 18:30:00,38.34,38.38,38.31,38.35,37749
2014-07-28 19:00:00,38.35,38.39,38.28,38.3,41283
2014-07-28 19:30:00,38.3,38.36,38.26,38.36,43305
2014-07-28 20:00:00,38.35,38.41,38.31,38.38,73090
2014-07-28 20:30:00,38.39,38.48,38.38,38.47,171262
2014-07-28 21:00:00,38.48,38.52,38.45,38.46,109768
2014-07-28 21:30:00,38.47,38.48,38.4,38.44,89947
2014-07-28 22:00:00,38.44,38.45,38.38,38.44,111625
2014-07-28 22:30:00,38.42,38.46,38.38,38.41,290732
2014-07-29 16:30:00,38.5,38.55,38.4,38.48,102934
2014-07-29 17:00:00,38.47,38.72,38.47,38.69,104578
2014-07-29 17:30:00,38.68,38.75,38.61,38.61,99225
2014-07-29 18:00:00,38.6,38.63,38.38,38.39,96079
2014-07-29 18:30:00,38.39,38.42,38.27,38.39,55734
2014-07-29 19:00:00,38.4,38.54,38.39,38.52,36017
2014-07-29 19:30:00,38.52,38.58,38.5,38.57,36022
2014-07-29 20:00:00,38.56,38.57,38.48,38.54,34907
2014-07-29 20:30:00,38.54,38.55,38.45,38.47,78716
2014-07-29 21:00:00,38.48,38.5,38.28,38.33,73423
2014-07-29 21:30:00,38.34,38.37,38.29,38.33,74409
2014-07-29 22:00:00,38.32,38.36,38.26,38.27,122945
2014-07-29 22:30:00,38.27,38.29,38.16,38.18,346044
2014-07-30 16:30:00,38.34,38.49,38.34,38.42,238067
2014-07-30 17:00:00,38.43,38.44,38.26,38.28,200172
2014-07-30 17:30:00,38.28,38.32,38.08,38.11,140974
2014-07-30 18:00:00,38.11,38.22,38.03,38.19,137927
2014-07-30 18:30:00,38.19,38.19,38.03,38.05,99352
2014-07-30 19:00:00,38.05,38.1,38.0,38.03,88884
2014-07-30 19:30:00,38.02,38.17,37.99,38.13,96470
2014-07-30 20:00:00,38.14,38.21,38.13,38.17,109241
2014-07-30 20:30:00,38.17,38.29,38.16,38.29,140005
2014-07-30 21:00:00,38.29,38.67,38.2,38.65,366330
2014-07-30 21:30:00,38.65,38.65,38.38,38.47,199833
2014-07-30 22:00:00,38.46,38.5,38.38,38.47,255063
2014-07-30 22:30:00,38.47,38.52,38.36,38.39,482387
2014-07-31 16:30:00,38.07,38.86,38.07,38.39,447571
2014-07-31 17:00:00,38.37,38.37,38.15,38.15,234541
2014-07-31 17:30:00,38.16,38.17,37.67,37.7,370760
2014-07-31 18:00:00,37.69,37.96,37.66,37.93,253216
2014-07-31 18:30:00,37.93,38.12,37.85,37.93,145189
2014-07-31 19:00:00,37.92,37.95,37.8,37.88,112455
2014-07-31 19:30:00,37.88,37.96,37.83,37.86,125618
2014-07-31 20:00:00,37.85,37.85,37.63,37.71,93080
2014-07-31 20:30:00,37.71,37.87,37.71,37.78,80155
2014-07-31 21:00:00,37.77,37.87,37.75,37.84,50181
2014-07-31 21:30:00,37.85,37.85,37.56,37.56,81816
2014-07-31 22:00:00,37.56,37.68,37.55,37.68,209015
2014-07-31 22:30:00,37.66,37.82,37.61,37.63,676901
2014-08-01 16:30:00,38.07,38.71,37.86,38.44,525563
2014-08-01 17:00:00,38.45,38.57,38.21,38.36,373362
2014-08-01 17:30:00,38.36,38.38,38.0,38.07,288217
2014-08-01 18:00:00,38.07,38.1,37.75,37.83,260473
2014-08-01 18:30:00,37.83,37.84,37.65,37.67,149152
2014-08-01 19:00:00,37.67,37.79,37.52,37.55,264083
2014-08-01 19:30:00,37.54,37.59,37.32,37.48,358201
2014-08-01 20:00:00,37.49,37.82,37.47,37.82,321633
2014-08-01 20:30:00,37.83,37.86,37.66,37.78,325209
2014-08-01 21:00:00,37.78,38.02,37.78,37.86,289817
2014-08-01 21:30:00,37.84,37.96,37.82,37.95,162011
2014-08-01 22:00:00,37.96,38.04,37.9,37.97,292752
2014-08-01 22:30:00,37.97,38.04,37.8,37.83,627325
2014-08-04 16:30:00,37.92,38.12,37.82,38.04,189590
2014-08-04 17:00:00,38.05,38.09,37.84,37.92,206161
2014-08-04 17:30:00,37.92,37.98,37.8,37.85,126328
2014-08-04 18:00:00,37.83,38.04,37.8,38.03,135882
2014-08-04 18:30:00,38.03,38.06,37.93,37.95,159729
2014-08-04 19:00:00,37.94,38.06,37.91,38.06,100376
2014-08-04 19:30:00,38.05,38.08,37.99,37.99,67424
2014-08-04 20:00:00,37.99,37.99,37.88,37.88,88531
2014-08-04 20:30:00,37.88,38.03,37.86,37.99,84721
2014-08-04 21:00:00,37.99,38.07,37.96,38.06,92359
2014-08-04 21:30:00,38.06,38.25,38.06,38.22,127670
2014-08-04 22:00:00,38.22,38.29,38.17,38.28,180781
2014-08-04 22:30:00,38.27,38.34,38.24,38.26,387601
2014-08-05 16:30:00,38.0,38.11,37.84,37.97,101723
2014-08-05 17:00:00,37.95,38.03,37.87,38.01,148140
2014-08-05 17:30:00,38.03,38.15,37.97,37.99,83614
2014-08-05 18:00:00,38.0,38.18,37.94,38.12,135989
2014-08-05 18:30:00,38.12,38.16,37.98,38.01,84552
2014-08-05 19:00:00,38.0,38.05,37.92,38.0,93527
2014-08-05 19:30:00,38.0,38.03,37.89,37.97,100981
2014-08-05 20:00:00,37.97,38.05,37.95,38.02,99682
2014-08-05 20:30:00,38.02,38.02,37.57,37.68,329542
2014-08-05 21:00:00,37.67,37.69,37.52,37.64,209532
2014-08-05 21:30:00,37.64,37.76,37.57,37.57,203188
2014-08-05 22:00:00,37.58,37.61,37.45,37.5,206305
2014-08-05 22:30:00,37.5,37.68,37.5,37.54,510147
2014-08-06 16:30:00,37.37,37.87,37.36,37.82,125967
2014-08-06 17:00:00,37.82,38.06,37.8,38.04,192511
2014-08-06 17:30:00,38.06,38.1,37.91,38.1,335710
2014-08-06 18:00:00,38.09,38.14,37.95,38.05,236849
2014-08-06 18:30:00,38.05,38.37,38.05,38.27,258692
2014-08-06 19:00:00,38.27,38.38,38.21,38.24,119249
2014-08-06 19:30:00,38.25,38.38,38.23,38.24,136694
2014-08-06 20:00:00,38.24,38.26,38.13,38.14,55921
2014-08-06 20:30:00,38.14,38.16,38.0,38.04,62652
2014-08-06 21:00:00,38.03,38.1,37.98,38.08,140838
2014-08-06 21:30:00,38.08,38.15,37.99,38.06,122513
2014-08-06 22:00:00,38.07,38.12,38.03,38.05,184621
2014-08-06 22:30:00,38.05,38.09,38.01,38.06,483708
2014-08-07 16:30:00,38.32,38.46,38.17,38.21,123913
2014-08-07 17:00:00,38.21,38.26,38.12,38.17,136594
2014-08-07 17:30:00,38.18,38.24,37.98,38.14,136613
2014-08-07 18:00:00,38.14,38.19,37.99,38.11,180140
2014-08-07 18:30:00,38.12,38.17,37.98,38.05,273055
2014-08-07 19:00:00,38.05,38.1,37.93,37.98,62355
2014-08-07 19:30:00,37.98,37.99,37.81,37.94,84343
2014-08-07 20:00:00,37.95,38.06,37.95,37.99,87235
2014-08-07 20:30:00,37.99,38.04,37.92,37.97,84668
2014-08-07 21:00:00,37.97,37.97,37.83,37.84,81811
2014-08-07 21:30:00,37.84,37.86,37.74,37.75,100232
2014-08-07 22:00:00,37.75,37.81,37.63,37.7,141290
2014-08-07 22:30:00,37.7,37.88,37.67,37.81,470034
2014-08-08 16:30:00,37.87,37.95,37.62,37.62,418826
2014-08-08 17:00:00,37.62,37.74,37.47,37.54,527303
2014-08-08 17:30:00,37.53,37.82,37.51,37.75,398638
2014-08-08 18:00:00,37.75,37.91,37.7,37.87,290202
2014-08-08 18:30:00,37.88,37.91,37.78,37.88,110420
2014-08-08 19:00:00,37.88,37.89,37.66,37.7,100399
2014-08-08 19:30:00,37.71,37.9,37.68,37.75,399181
2014-08-08 20:00:00,37.74,37.97,37.72,37.93,246775
2014-08-08 20:30:00,37.94,37.95,37.87,37.91,198146
2014-08-08 21:00:00,37.91,37.95,37.88,37.9,266112
2014-08-08 21:30:00,37.9,37.93,37.76,37.8,290773
2014-08-08 22:00:00,37.8,37.88,37.74,37.88,372626
2014-08-08 22:30:00,37.89,37.93,37.83,37.85,997805
2014-08-11 16:30:00,38.06,38.1,37.9,38.01,398591
2014-08-11 17:00:00,38.02,38.31,38.01,38.23,380554
2014-08-11 17:30:00,38.24,38.42,38.24,38.38,224513
2014-08-11 18:00:00,38.37,38.49,38.33,38.42,116841
2014-08-11 18:30:00,38.43,38.46,38.36,38.4,67068
2014-08-11 19:00:00,38.4,38.46,38.35,38.44,63271
2014-08-11 19:30:00,38.44,38.5,38.39,38.43,85496
2014-08-11 20:00:00,38.43,38.54,38.43,38.46,102890
2014-08-11 20:30:00,38.45,38.54,38.39,38.41,103060
2014-08-11 21:00:00,38.41,38.43,38.35,38.37,78345
2014-08-11 21:30:00,38.37,38.4,38.33,38.36,62465
2014-08-11 22:00:00,38.37,38.41,38.34,38.34,100024
2014-08-11 22:30:00,38.34,38.41,38.33,38.36,257045
2014-08-12 16:30:00,38.36,38.58,38.28,38.56,162175
2014-08-12 17:00:00,38.58,38.66,38.5,38.61,116790
2014-08-12 17:30:00,38.62,38.63,38.43,38.53,149439
2014-08-12 18:00:00,38.53,38.56,38.43,38.54,362960
2014-08-12 18:30:00,38.55,38.59,38.51,38.57,97762
2014-08-12 19:00:00,38.56,38.61,38.5,38.58,75030
2014-08-12 19:30:00,38.57,38.7,38.57,38.68,91875
2014-08-12 20:00:00,38.68,38.72,38.66,38.71,79712
2014-08-12 20:30:00,38.7,38.77,38.6,38.65,203104
2014-08-12 21:00:00,38.65,38.65,38.49,38.52,155588
2014-08-12 21:30:00,38.52,38.6,38.49,38.54,110777
2014-08-12 22:00:00,38.55,38.62,38.55,38.58,131504
2014-08-12 22:30:00,38.59,38.74,38.57,38.72,399569
2014-08-13 16:30:00,38.86,38.9,38.67,38.71,114575
2014-08-13 17:00:00,38.72,38.84,38.69,38.76,72433
2014-08-13 17:30:00,38.76,38.86,38.76,38.84,78147
2014-08-13 18:00:00,38.83,38.97,38.83,38.88,132486
2014-08-13 18:30:00,38.89,38.91,38.87,38.9,55956
2014-08-13 19:00:00,38.89,38.9,38.75,38.82,119614
2014-08-13 19:30:00,38.82,38.89,38.8,38.87,52561
2014-08-13 20:00:00,38.87,38.95,38.86,38.95,41097
2014-08-13 20:30:00,38.95,38.96,38.86,38.87,75936
2014-08-13 21:00:00,38.87,38.87,38.77,38.81,105770
2014-08-13 21:30:00,38.81,38.87,38.8,38.86,58828
2014-08-13 22:00:00,38.86,38.88,38.81,38.81,183513
2014-08-13 22:30:00,38.81,38.85,38.79,38.82,261515
2014-08-14 16:30:00,38.83,38.96,38.79,38.95,168464
2014-08-14 17:00:00,38.95,38.97,38.81,38.88,51257
2014-08-14 17:30:00,38.9,38.92,38.86,38.9,51266
2014-08-14 18:00:00,38.91,39.0,38.91,38.97,74466
2014-08-14 18:30:00,38.98,39.07,38.96,39.05,225921
2014-08-14 19:00:00,39.05,39.13,39.04,39.1,81372
2014-08-14 19:30:00,39.11,39.14,39.1,39.11,56290
2014-08-14 20:00:00,39.11,39.18,39.1,39.14,73782
2014-08-14 20:30:00,39.14,39.19,39.14,39.14,92231
2014-08-14 21:00:00,39.15,39.17,39.05,39.07,117094
2014-08-14 21:30:00,39.08,39.12,39.07,39.08,67668
2014-08-14 22:00:00,39.09,39.14,39.08,39.11,132536
2014-08-14 22:30:00,39.11,39.3,39.1,39.26,670188
2014-08-15 16:30:00,39.3,39.47,39.15,39.18,348563
2014-08-15 17:00:00,39.19,39.23,39.1,39.13,132325
2014-08-15 17:30:00,39.14,39.19,38.65,38.79,310181
2014-08-15 18:00:00,38.79,38.86,38.7,38.72,156033
2014-08-15 18:30:00,38.73,38.78,38.53,38.63,96312
2014-08-15 19:00:00,38.63,38.79,38.58,38.79,106272
2014-08-15 19:30:00,38.78,38.8,38.67,38.68,106508
2014-08-15 20:00:00,38.68,38.74,38.64,38.71,67027
2014-08-15 20:30:00,38.71,38.72,38.61,38.66,122549
2014-08-15 21:00:00,38.66,38.85,38.66,38.85,112467
2014-08-15 21:30:00,38.85,38.87,38.8,38.82,105621
2014-08-15 22:00:00,38.82,38.84,38.78,38.83,91426
2014-08-15 22:30:00,38.83,38.96,38.82,38.94,357758
2014-08-18 16:30:00,39.35,39.52,39.21,39.47,259681
2014-08-18 17:00:00,39.46,39.57,39.33,39.53,189146
2014-08-18 17:30:00,39.53,39.67,39.52,39.61,155361
2014-08-18 18:00:00,39.61,39.62,39.56,39.58,120749
2014-08-18 18:30:00,39.59,39.63,39.57,39.63,90290
2014-08-18 19:00:00,39.63,39.68,39.62,39.62,109207
2014-08-18 19:30:00,39.61,39.67,39.57,39.58,120262
2014-08-18 20:00:00,39.59,39.62,39.53,39.62,82261
2014-08-18 20:30:00,39.61,39.68,39.6,39.64,90716
2014-08-18 21:00:00,39.64,39.64,39.51,39.52,115932
2014-08-18 21:30:00,39.52,39.53,39.48,39.51,109436
2014-08-18 22:00:00,39.51,39.52,39.44,39.44,190290
2014-08-18 22:30:00,39.44,39.5,39.42,39.47,460533
2014-08-19 16:30:00,39.3,39.55,39.24,39.48,133654
2014-08-19 17:00:00,39.48,39.55,39.44,39.44,77374
2014-08-19 17:30:00,39.44,39.63,39.41,39.55,250788
2014-08-19 18:00:00,39.56,39.6,39.51,39.58,50423
2014-08-19 18:30:00,39.58,39.61,39.52,39.6,121959
2014-08-19 19:00:00,39.61,39.62,39.53,39.61,145370
2014-08-19 19:30:00,39.61,39.63,39.55,39.57,88322
2014-08-19 20:00:00,39.56,39.57,39.45,39.46,56004
2014-08-19 20:30:00,39.45,39.48,39.44,39.46,37781
2014-08-19 21:00:00,39.46,39.56,39.44,39.53,114705
2014-08-19 21:30:00,39.53,39.53,39.47,39.5,68211
2014-08-19 22:00:00,39.5,39.59,39.49,39.57,122764
2014-08-19 22:30:00,39.58,39.58,39.55,39.56,284372
2014-08-20 16:30:00,39.53,39.82,39.41,39.79,179385
2014-08-20 17:00:00,39.8,39.91,39.74,39.91,178240
2014-08-20 17:30:00,39.9,39.92,39.81,39.88,218571
2014-08-20 18:00:00,39.88,39.93,39.88,39.9,179334
2014-08-20 18:30:00,39.89,40.08,39.88,40.06,199011
2014-08-20 19:00:00,40.07,40.18,40.05,40.11,231050
2014-08-20 19:30:00,40.1,40.18,40.09,40.17,177497
2014-08-20 20:00:00,40.17,40.2,40.11,40.19,186096
2014-08-20 20:30:00,40.19,40.29,40.17,40.29,215874
2014-08-20 21:00:00,40.28,40.29,40.11,40.2,391816
2014-08-20 21:30:00,40.2,40.25,40.08,40.19,251419
2014-08-20 22:00:00,40.18,40.28,40.17,40.21,219858
2014-08-20 22:30:00,40.2,40.24,40.09,40.1,644864
2014-08-21 16:30:00,40.25,40.29,40.09,40.27,226817
2014-08-21 17:00:00,40.28,40.32,40.2,40.24,190010
2014-08-21 17:30:00,40.24,40.33,40.23,40.25,166174
2014-08-21 18:00:00,40.26,40.31,40.25,40.26,88312
2014-08-21 18:30:00,40.27,40.3,40.21,40.22,154574
2014-08-21 19:00:00,40.21,40.25,40.17,40.25,70446
2014-08-21 19:30:00,40.24,40.28,40.23,40.24,56824
2014-08-21 20:00:00,40.24,40.28,40.24,40.26,109355
2014-08-21 20:30:00,40.27,40.33,40.26,40.28,108307
2014-08-21 21:00:00,40.29,40.31,40.26,40.27,95961
2014-08-21 21:30:00,40.28,40.34,40.27,40.33,157966
2014-08-21 22:00:00,40.34,40.43,40.34,40.38,232216
2014-08-21 22:30:00,40.38,40.4,40.35,40.38,287473
2014-08-22 16:30:00,40.34,40.37,40.05,40.18,221265
2014-08-22 17:00:00,40.17,40.42,40.11,40.4,167010
2014-08-22 17:30:00,40.41,40.47,40.25,40.26,234694
2014-08-22 18:00:00,40.26,40.26,39.94,40.0,491345
2014-08-22 18:30:00,40.0,40.0,39.81,39.83,281314
2014-08-22 19:00:00,39.83,40.03,39.83,40.0,119490
2014-08-22 19:30:00,40.01,40.14,40.0,40.1,74983
2014-08-22 20:00:00,40.1,40.12,40.05,40.09,76323
2014-08-22 20:30:00,40.09,40.2,40.09,40.15,99565
2014-08-22 21:00:00,40.15,40.16,40.03,40.03,111643
2014-08-22 21:30:00,40.03,40.03,39.93,39.94,170163
2014-08-22 22:00:00,39.93,40.04,39.93,39.98,170039
2014-08-22 22:30:00,39.99,40.03,39.94,39.99,407377
2014-08-25 16:30:00,40.33,40.54,40.2,40.53,111886
2014-08-25 17:00:00,40.53,40.6,40.44,40.55,101699
2014-08-25 17:30:00,40.54,40.66,40.51,40.63,94120
2014-08-25 18:00:00,40.63,40.65,40.49,40.55,96329
2014-08-25 18:30:00,40.55,40.61,40.52,40.6,96642
2014-08-25 19:00:00,40.58,40.6,40.47,40.54,155602
2014-08-25 19:30:00,40.54,40.56,40.49,40.54,126552
2014-08-25 20:00:00,40.54,40.58,40.5,40.57,89113
2014-08-25 20:30:00,40.57,40.72,40.56,40.67,115487
2014-08-25 21:00:00,40.67,40.7,40.63,40.66,117992
2014-08-25 21:30:00,40.66,40.67,40.62,40.64,109436
2014-08-25 22:00:00,40.65,40.74,40.62,40.66,227169
2014-08-25 22:30:00,40.66,40.69,40.6,40.62,375228
2014-08-26 16:30:00,40.64,40.91,40.61,40.87,191064
2014-08-26 17:00:00,40.87,40.96,40.78,40.95,188726
2014-08-26 17:30:00,40.95,41.08,40.93,40.95,266115
2014-08-26 18:00:00,40.95,41.13,40.95,41.03,281051
2014-08-26 18:30:00,41.02,41.04,40.95,40.98,126307
2014-08-26 19:00:00,40.98,41.06,40.96,41.03,161086
2014-08-26 19:30:00,41.03,41.12,41.0,41.02,93189
2014-08-26 20:00:00,41.01,41.04,40.98,41.01,46592
2014-08-26 20:30:00,41.01,41.06,41.0,41.04,58173
2014-08-26 21:00:00,41.05,41.14,41.05,41.1,93640
2014-08-26 21:30:00,41.1,41.12,41.03,41.12,101422
2014-08-26 22:00:00,41.11,41.12,41.03,41.03,140093
2014-08-26 22:30:00,41.04,41.1,41.03,41.07,302886
2014-08-27 16:30:00,41.09,41.11,40.85,40.86,97233
2014-08-27 17:00:00,40.87,40.89,40.7,40.72,261166
2014-08-27 17:30:00,40.71,40.78,40.67,40.72,128810
2014-08-27 18:00:00,40.72,40.74,40.59,40.6,205019
2014-08-27 18:30:00,40.6,40.75,40.56,40.7,103871
2014-08-27 19:00:00,40.7,40.74,40.63,40.65,101954
2014-08-27 19:30:00,40.65,40.68,40.63,40.68,43584
2014-08-27 20:00:00,40.67,40.68,40.62,40.65,57954
2014-08-27 20:30:00,40.64,40.66,40.61,40.64,45251
2014-08-27 21:00:00,40.65,40.72,40.63,40.69,65698
2014-08-27 21:30:00,40.69,40.71,40.63,40.63,82245
2014-08-27 22:00:00,40.63,40.73,40.6,40.73,163506
2014-08-27 22:30:00,40.72,40.79,40.65,40.77,332894
2014-08-28 16:30:00,40.52,40.63,40.38,40.47,405655
2014-08-28 17:00:00,40.48,40.52,40.33,40.45,189177
2014-08-28 17:30:00,40.45,40.48,40.38,40.44,154101
2014-08-28 18:00:00,40.45,40.64,40.45,40.62,130527
2014-08-28 18:30:00,40.62,40.69,40.59,40.63,56680
2014-08-28 19:00:00,40.63,40.68,40.61,40.61,76860
2014-08-28 19:30:00,40.61,40.63,40.55,40.58,92411
2014-08-28 20:00:00,40.59,40.66,40.58,40.61,84164
2014-08-28 20:30:00,40.61,40.66,40.57,40.62,66031
2014-08-28 21:00:00,40.61,40.64,40.59,40.62,73636
2014-08-28 21:30:00,40.62,40.65,40.57,40.59,91385
2014-08-28 22:00:00,40.59,40.62,40.55,40.55,121295
2014-08-28 22:30:00,40.56,40.67,40.56,40.61,324256
2014-08-29 16:30:00,40.77,40.83,40.73,40.83,96020
2014-08-29 17:00:00,40.83,40.83,40.65,40.69,114585
2014-08-29 17:30:00,40.69,40.86,40.69,40.85,35044
2014-08-29 18:00:00,40.86,40.95,40.84,40.93,39176
2014-08-29 18:30:00,40.93,40.99,40.89,40.9,72270
2014-08-29 19:00:00,40.9,40.91,40.8,40.8,86125
2014-08-29 19:30:00,40.81,40.84,40.76,40.81,106294
2014-08-29 20:00:00,40.81,40.83,40.77,40.79,32111
2014-08-29 20:30:00,40.8,40.81,40.72,40.8,77801
2014-08-29 21:00:00,40.8,40.86,40.77,40.84,97271
2014-08-29 21:30:00,40.84,40.84,40.74,40.75,125561
2014-08-29 22:00:00,40.75,40.83,40.72,40.81,121565
2014-08-29 22:30:00,40.82,40.87,40.79,40.85,335074
2014-09-02 16:30:00,40.8,41.03,40.77,40.99,179768
2014-09-02 17:00:00,41.0,41.11,40.98,41.05,160114
2014-09-02 17:30:00,41.05,41.17,41.04,41.13,138988
2014-09-02 18:00:00,41.14,41.2,40.98,40.98,146672
2014-09-02 18:30:00,40.99,41.1,40.9,40.93,108530
2014-09-02 19:00:00,40.92,40.98,40.92,40.96,80457
2014-09-02 19:30:00,40.97,40.97,40.68,40.68,145388
2014-09-02 20:00:00,40.69,40.75,40.64,40.68,104720
2014-09-02 20:30:00,40.68,40.75,40.68,40.74,88275
2014-09-02 21:00:00,40.74,40.85,40.72,40.84,114504
2014-09-02 21:30:00,40.84,40.93,40.82,40.89,92651
2014-09-02 22:00:00,40.89,40.89,40.78,40.82,146481
2014-09-02 22:30:00,40.82,41.0,40.79,40.96,686807
2014-09-03 16:30:00,41.24,41.28,41.02,41.06,140599
2014-09-03 17:00:00,41.07,41.08,40.99,40.99,204210
2014-09-03 17:30:00,41.0,41.15,41.0,41.08,148258
2014-09-03 18:00:00,41.07,41.11,41.0,41.01,182173
2014-09-03 18:30:00,41.01,41.02,40.87,40.87,158794
2014-09-03 19:00:00,40.88,40.9,40.81,40.83,101714
2014-09-03 19:30:00,40.82,40.95,40.82,40.94,94313
2014-09-03 20:00:00,40.93,41.01,40.91,40.98,92930
2014-09-03 20:30:00,40.98,41.03,40.87,40.89,109526
2014-09-03 21:00:00,40.89,40.91,40.77,40.79,147014
2014-09-03 21:30:00,40.8,40.83,40.7,40.71,193704
2014-09-03 22:00:00,40.71,40.77,40.66,40.75,252379
2014-09-03 22:30:00,40.74,40.77,40.7,40.73,476063
2014-09-04 16:30:00,40.89,41.14,40.85,40.99,290816
2014-09-04 17:00:00,41.01,41.05,40.97,41.0,173343
2014-09-04 17:30:00,41.0,41.03,40.93,41.01,169271
2014-09-04 18:00:00,41.02,41.06,40.94,40.94,159834
2014-09-04 18:30:00,40.93,40.98,40.91,40.92,229623
2014-09-04 19:00:00,40.91,40.96,40.87,40.88,87232
2014-09-04 19:30:00,40.89,40.92,40.88,40.89,89437
2014-09-04 20:00:00,40.88,40.95,40.84,40.91,176911
2014-09-04 20:30:00,40.91,40.93,40.78,40.86,110782
2014-09-04 21:00:00,40.86,40.93,40.73,40.75,264954
2014-09-04 21:30:00,40.75,40.75,40.57,40.57,336985
2014-09-04 22:00:00,40.58,40.65,40.52,40.6,231256
2014-09-04 22:30:00,40.6,40.7,40.57,40.65,401752
2014-09-05 16:30:00,40.59,40.86,40.47,40.85,406893
2014-09-05 17:00:00,40.84,40.87,40.68,40.75,501563
2014-09-05 17:30:00,40.76,40.81,40.69,40.8,275700
2014-09-05 18:00:00,40.81,40.9,40.78,40.86,128624
2014-09-05 18:30:00,40.86,40.94,40.82,40.92,75334
2014-09-05 19:00:00,40.92,40.96,40.89,40.95,52921
2014-09-05 19:30:00,40.95,41.02,40.94,40.96,67365
2014-09-05 20:00:00,40.96,41.02,40.95,40.97,65465
2014-09-05 20:30:00,40.96,40.96,40.83,40.86,94897
2014-09-05 21:00:00,40.85,40.97,40.84,40.97,187712
2014-09-05 21:30:00,40.97,40.99,40.93,40.94,172498
2014-09-05 22:00:00,40.95,41.0,40.93,40.94,131041
2014-09-05 22:30:00,40.94,41.05,40.93,40.96,521226
2014-09-08 16:30:00,40.88,41.04,40.83,41.03,291605
2014-09-08 17:00:00,41.04,41.1,40.96,40.98,160262
2014-09-08 17:30:00,40.99,41.01,40.93,41.0,95874
2014-09-08 18:00:00,40.99,41.07,40.95,41.04,66311
2014-09-08 18:30:00,41.04,41.09,40.94,40.99,78669
2014-09-08 19:00:00,40.99,41.01,40.94,41.0,63646
2014-09-08 19:30:00,41.0,41.02,40.97,40.99,44124
2014-09-08 20:00:00,41.0,41.01,40.86,40.88,60336
2014-09-08 20:30:00,40.88,40.91,40.79,40.83,43025
2014-09-08 21:00:00,40.82,40.93,40.82,40.9,86178
2014-09-08 21:30:00,40.91,40.96,40.9,40.93,65553
2014-09-08 22:00:00,40.93,41.02,40.93,41.0,146966
2014-09-08 22:30:00,41.0,41.03,40.96,40.98,293340
2014-09-09 16:30:00,40.85,40.95,40.46,40.51,178111
2014-09-09 17:00:00,40.5,40.56,40.43,40.46,180623
2014-09-09 17:30:00,40.47,40.5,40.32,40.38,120510
2014-09-09 18:00:00,40.39,40.46,40.36,40.38,227804
2014-09-09 18:30:00,40.38,40.43,40.33,40.41,121800
2014-09-09 19:00:00,40.4,40.44,40.37,40.42,118868
2014-09-09 19:30:00,40.42,40.45,40.38,40.44,55372
2014-09-09 20:00:00,40.42,40.44,40.37,40.43,185536
2014-09-09 20:30:00,40.43,40.49,40.36,40.46,186221
2014-09-09 21:00:00,40.46,40.48,40.38,40.39,123205
2014-09-09 21:30:00,40.39,40.44,40.36,40.4,163261
2014-09-09 22:00:00,40.39,40.42,40.22,40.32,197411
2014-09-09 22:30:00,40.32,40.35,40.29,40.34,424803
2014-09-10 16:30:00,40.45,40.64,40.32,40.37,153650
2014-09-10 17:00:00,40.36,40.43,40.28,40.39,280567
2014-09-10 17:30:00,40.39,40.4,40.22,40.31,72135
2014-09-10 18:00:00,40.3,40.47,40.28,40.47,46671
2014-09-10 18:30:00,40.46,40.51,40.38,40.39,87669
2014-09-10 19:00:00,40.38,40.43,40.29,40.39,86220
2014-09-10 19:30:00,40.39,40.45,40.37,40.4,52558
2014-09-10 20:00:00,40.39,40.49,40.38,40.46,99771
2014-09-10 20:30:00,40.46,40.49,40.38,40.46,120015
2014-09-10 21:00:00,40.47,40.53,40.45,40.45,148277
2014-09-10 21:30:00,40.45,40.5,40.42,40.46,94977
2014-09-10 22:00:00,40.46,40.57,40.44,40.48,148403
2014-09-10 22:30:00,40.48,40.57,40.46,40.49,312839
2014-09-11 16:30:00,40.36,40.57,40.28,40.57,203276
2014-09-11 17:00:00,40.57,40.58,40.49,40.51,290767
2014-09-11 17:30:00,40.5,40.57,40.39,40.55,124419
2014-09-11 18:00:00,40.55,40.72,40.51,40.59,208520
2014-09-11 18:30:00,40.59,40.69,40.58,40.63,33612
2014-09-11 19:00:00,40.63,40.71,40.59,40.69,56659
2014-09-11 19:30:00,40.69,40.7,40.59,40.6,41848
2014-09-11 20:00:00,40.6,40.65,40.51,40.55,167195
2014-09-11 20:30:00,40.53,40.67,40.53,40.67,90720
2014-09-11 21:00:00,40.67,40.77,40.67,40.72,160693
2014-09-11 21:30:00,40.73,40.76,40.67,40.69,150858
2014-09-11 22:00:00,40.69,40.73,40.63,40.65,186198
2014-09-11 22:30:00,40.66,40.73,40.62,40.71,314996
2014-09-12 16:30:00,40.71,40.9,40.61,40.63,106090
2014-09-12 17:00:00,40.63,40.78,40.59,40.66,181404
2014-09-12 17:30:00,40.66,40.87,40.63,40.83,400673
2014-09-12 18:00:00,40.82,40.82,40.69,40.74,134009
2014-09-12 18:30:00,40.73,40.76,40.68,40.72,110605
2014-09-12 19:00:00,40.72,40.73,40.65,40.71,69291
2014-09-12 19:30:00,40.71,40.73,40.63,40.69,171891
2014-09-12 20:00:00,40.69,40.73,40.6,40.7,95250
2014-09-12 20:30:00,40.7,40.7,40.58,40.68,76174
2014-09-12 21:00:00,40.67,40.78,40.64,40.71,128906
2014-09-12 21:30:00,40.71,40.74,40.62,40.65,103485
2014-09-12 22:00:00,40.66,40.76,40.61,40.75,218833
2014-09-12 22:30:00,40.76,40.85,40.73,40.79,778276
2014-09-15 16:30:00,40.71,40.84,40.47,40.55,116492
2014-09-15 17:00:00,40.54,40.71,40.51,40.69,110906
2014-09-15 17:30:00,40.69,40.71,40.59,40.66,54120
2014-09-15 18:00:00,40.66,40.66,40.47,40.49,50655
2014-09-15 18:30:00,40.49,40.56,40.48,40.53,59535
2014-09-15 19:00:00,40.54,40.64,40.52,40.63,106429
2014-09-15 19:30:00,40.63,40.63,40.55,40.56,153295
2014-09-15 20:00:00,40.57,40.57,40.42,40.42,135965
2014-09-15 20:30:00,40.43,40.5,40.4,40.42,205677
2014-09-15 21:00:00,40.42,40.47,40.38,40.47,120231
2014-09-15 21:30:00,40.47,40.51,40.42,40.44,177951
2014-09-15 22:00:00,40.44,40.49,40.4,40.45,188422
2014-09-15 22:30:00,40.45,40.46,40.4,40.4,243767
2014-09-16 16:30:00,40.2,40.2,39.97,40.13,230776
2014-09-16 17:00:00,40.13,40.24,40.06,40.12,285187
2014-09-16 17:30:00,40.13,40.19,40.09,40.13,160410
2014-09-16 18:00:00,40.12,40.22,40.07,40.21,124293
2014-09-16 18:30:00,40.21,40.45,40.2,40.41,173482
2014-09-16 19:00:00,40.42,40.49,40.32,40.46,79956
2014-09-16 19:30:00,40.46,40.52,40.44,40.48,55038
2014-09-16 20:00:00,40.48,40.62,40.48,40.62,54017
2014-09-16 20:30:00,40.62,40.67,40.58,40.61,106018
2014-09-16 21:00:00,40.61,40.66,40.58,40.64,99028
2014-09-16 21:30:00,40.65,40.7,40.63,40.65,120626
2014-09-16 22:00:00,40.65,40.69,40.63,40.63,124359
2014-09-16 22:30:00,40.63,40.66,40.59,40.61,266904
2014-09-17 16:30:00,40.65,40.92,40.54,40.9,250382
2014-09-17 17:00:00,40.92,40.96,40.86,40.88,206182
2014-09-17 17:30:00,40.89,40.89,40.8,40.84,167589
2014-09-17 18:00:00,40.83,40.91,40.82,40.87,123208
2014-09-17 18:30:00,40.88,40.88,40.73,40.73,77350
2014-09-17 19:00:00,40.73,40.78,40.7,40.7,76794
2014-09-17 19:30:00,40.71,40.75,40.69,40.74,62877
2014-09-17 20:00:00,40.73,40.76,40.64,40.64,36083
2014-09-17 20:30:00,40.65,40.79,40.62,40.76,92777
2014-09-17 21:00:00,40.78,40.99,40.5,40.98,468942
2014-09-17 21:30:00,40.99,40.99,40.74,40.9,107475
2014-09-17 22:00:00,40.89,41.07,40.86,40.97,167333
2014-09-17 22:30:00,40.98,40.98,40.8,40.84,345650
2014-09-18 16:30:00,41.07,41.23,40.99,41.2,140870
2014-09-18 17:00:00,41.2,41.36,41.19,41.19,229918
2014-09-18 17:30:00,41.19,41.45,41.19,41.3,201730
2014-09-18 18:00:00,41.31,41.35,41.27,41.28,65684
2014-09-18 18:30:00,41.28,41.32,41.25,41.29,65625
2014-09-18 19:00:00,41.3,41.32,41.25,41.26,66066
2014-09-18 19:30:00,41.26,41.31,41.23,41.26,66718
2014-09-18 20:00:00,41.27,41.3,41.25,41.26,40762
2014-09-18 20:30:00,41.26,41.28,41.18,41.19,49846
2014-09-18 21:00:00,41.2,41.31,41.2,41.23,97531
2014-09-18 21:30:00,41.24,41.27,41.22,41.23,123042
2014-09-18 22:00:00,41.24,41.31,41.24,41.3,231760
2014-09-18 22:30:00,41.3,41.32,41.24,41.26,448840
2014-09-19 16:30:00,41.32,41.41,41.05,41.1,600285
2014-09-19 17:00:00,41.1,41.16,41.09,41.13,94486
2014-09-19 17:30:00,41.13,41.16,41.09,41.11,182067
2014-09-19 18:00:00,41.12,41.19,41.09,41.09,73867
2014-09-19 18:30:00,41.08,41.09,40.98,41.07,102684
2014-09-19 19:00:00,41.08,41.14,41.04,41.13,131947
2014-09-19 19:30:00,41.13,41.18,41.0,41.05,97043
2014-09-19 20:00:00,41.04,41.06,40.92,41.06,67470
2014-09-19 20:30:00,41.06,41.14,41.06,41.09,71820
2014-09-19 21:00:00,41.09,41.13,41.06,41.12,47969
2014-09-19 21:30:00,41.13,41.18,41.08,41.16,93539
2014-09-19 22:00:00,41.16,41.17,41.06,41.06,75757
2014-09-19 22:30:00,41.07,41.11,40.98,40.99,489430
2014-09-22 16:30:00,40.76,40.88,40.65,40.76,107413
2014-09-22 17:00:00,40.77,40.87,40.63,40.66,105569
2014-09-22 17:30:00,40.66,40.66,40.43,40.5,130392
2014-09-22 18:00:00,40.5,40.67,40.48,40.66,144097
2014-09-22 18:30:00,40.66,40.7,40.43,40.46,201677
2014-09-22 19:00:00,40.47,40.53,40.41,40.5,93939
2014-09-22 19:30:00,40.5,40.54,40.46,40.51,70465
2014-09-22 20:00:00,40.51,40.61,40.49,40.61,101454
2014-09-22 20:30:00,40.6,40.63,40.54,40.54,105642
2014-09-22 21:00:00,40.54,40.57,40.38,40.41,131178
2014-09-22 21:30:00,40.41,40.54,40.4,40.49,339991
2014-09-22 22:00:00,40.49,40.57,40.45,40.54,171070
2014-09-22 22:30:00,40.55,40.69,40.54,40.65,626133
2014-09-23 16:30:00,40.52,40.74,40.33,40.73,141849
2014-09-23 17:00:00,40.73,40.81,40.65,40.66,285230
2014-09-23 17:30:00,40.67,40.78,40.56,40.62,249867
2014-09-23 18:00:00,40.62,40.71,40.55,40.64,152669
2014-09-23 18:30:00,40.63,40.66,40.57,40.6,119119
2014-09-23 19:00:00,40.62,40.63,40.54,40.56,47491
2014-09-23 19:30:00,40.55,40.62,40.49,40.52,61608
2014-09-23 20:00:00,40.51,40.53,40.45,40.45,80998
2014-09-23 20:30:00,40.47,40.51,40.31,40.33,95908
2014-09-23 21:00:00,40.31,40.37,40.2,40.27,170301
2014-09-23 21:30:00,40.27,40.3,40.22,40.28,108266
2014-09-23 22:00:00,40.28,40.39,40.27,40.35,168042
2014-09-23 22:30:00,40.36,40.47,40.27,40.27,362626
2014-09-24 16:30:00,40.26,40.46,40.1,40.28,211742
2014-09-24 17:00:00,40.28,40.34,40.15,40.26,143978
2014-09-24 17:30:00,40.26,40.31,40.21,40.21,114390
2014-09-24 18:00:00,40.22,40.34,40.2,40.3,148211
2014-09-24 18:30:00,40.31,40.34,40.25,40.28,203130
2014-09-24 19:00:00,40.27,40.32,40.24,40.26,211901
2014-09-24 19:30:00,40.25,40.31,40.25,40.3,100731
2014-09-24 20:00:00,40.3,40.32,40.24,40.26,135315
2014-09-24 20:30:00,40.27,40.34,40.26,40.32,142472
2014-09-24 21:00:00,40.32,40.46,40.3,40.44,133267
2014-09-24 21:30:00,40.45,40.52,40.42,40.52,117351
2014-09-24 22:00:00,40.51,40.57,40.5,40.51,192190
2014-09-24 22:30:00,40.51,40.56,40.48,40.54,597350
2014-09-25 16:30:00,40.47,40.47,40.09,40.2,187376
2014-09-25 17:00:00,40.2,40.22,39.86,39.96,252533
2014-09-25 17:30:00,39.96,39.96,39.7,39.89,190384
2014-09-25 18:00:00,39.89,39.9,39.76,39.83,244364
2014-09-25 18:30:00,39.82,39.83,39.73,39.75,196013
2014-09-25 19:00:00,39.74,39.78,39.62,39.63,131502
2014-09-25 19:30:00,39.63,39.74,39.62,39.7,74013
2014-09-25 20:00:00,39.71,39.73,39.65,39.67,91917
2014-09-25 20:30:00,39.68,39.69,39.55,39.59,72191
2014-09-25 21:00:00,39.59,39.66,39.56,39.63,85190
2014-09-25 21:30:00,39.63,39.72,39.6,39.66,96118
2014-09-25 22:00:00,39.65,39.7,39.6,39.65,239947
2014-09-25 22:30:00,39.66,39.82,39.64,39.66,505428
2014-09-26 16:30:00,39.89,40.2,39.86,39.95,289523
2014-09-26 17:00:00,39.96,40.15,39.96,40.01,201182
2014-09-26 17:30:00,40.01,40.04,39.86,39.97,249350
2014-09-26 18:00:00,39.97,40.01,39.86,39.87,65047
2014-09-26 18:30:00,39.88,39.88,39.76,39.82,143906
2014-09-26 19:00:00,39.82,39.93,39.82,39.91,85898
2014-09-26 19:30:00,39.91,39.96,39.88,39.95,45614
2014-09-26 20:00:00,39.95,39.98,39.92,39.96,72621
2014-09-26 20:30:00,39.95,40.1,39.94,40.09,82942
2014-09-26 21:00:00,40.08,40.28,40.08,40.23,259854
2014-09-26 21:30:00,40.24,40.3,40.2,40.24,379189
2014-09-26 22:00:00,40.24,40.27,40.2,40.27,199985
2014-09-26 22:30:00,40.27,40.28,40.17,40.18,598036
2014-09-29 16:30:00,39.66,39.83,39.59,39.75,140588
2014-09-29 17:00:00,39.74,39.81,39.58,39.73,303800
2014-09-29 17:30:00,39.74,39.87,39.67,39.7,103268
2014-09-29 18:00:00,39.7,39.83,39.67,39.71,146391
2014-09-29 18:30:00,39.72,39.77,39.68,39.77,80589
2014-09-29 19:00:00,39.77,39.77,39.6,39.61,81555
2014-09-29 19:30:00,39.61,39.67,39.55,39.66,73091
2014-09-29 20:00:00,39.66,39.73,39.61,39.72,61700
2014-09-29 20:30:00,39.72,39.76,39.61,39.66,92255
2014-09-29 21:00:00,39.66,39.71,39.5,39.5,106236
2014-09-29 21:30:00,39.51,39.6,39.48,39.56,232508
2014-09-29 22:00:00,39.56,39.63,39.51,39.61,337848
2014-09-29 22:30:00,39.61,39.67,39.56,39.61,621771
2014-09-30 16:30:00,39.55,39.75,39.36,39.53,135466
2014-09-30 17:00:00,39.54,39.71,39.41,39.59,192102
2014-09-30 17:30:00,39.6,39.81,39.59,39.79,123857
2014-09-30 18:00:00,39.79,39.82,39.71,39.81,132576
2014-09-30 18:30:00,39.8,39.8,39.62,39.72,151913
2014-09-30 19:00:00,39.73,39.82,39.67,39.7,73133
2014-09-30 19:30:00,39.69,39.7,39.56,39.63,88483
2014-09-30 20:00:00,39.63,39.74,39.59,39.59,117556
2014-09-30 20:30:00,39.59,39.61,39.48,39.58,113315
2014-09-30 21:00:00,39.59,39.63,39.48,39.55,107051
2014-09-30 21:30:00,39.55,39.62,39.52,39.57,110402
2014-09-30 22:00:00,39.57,39.63,39.5,39.56,206669
2014-09-30 22:30:00,39.56,39.64,39.46,39.49,598945
2014-10-01 16:30:00,39.45,39.45,38.85,38.93,257167
2014-10-01 17:00:00,38.92,38.98,38.77,38.93,295741
2014-10-01 17:30:00,38.94,39.09,38.85,39.09,204190
2014-10-01 18:00:00,39.08,39.17,39.07,39.11,178062
2014-10-01 18:30:00,39.1,39.12,38.96,38.99,189097
2014-10-01 19:00:00,39.0,39.11,38.92,39.1,200934
2014-10-01 19:30:00,39.1,39.1,38.91,38.98,209077
2014-10-01 20:00:00,38.97,39.01,38.9,38.95,403833
2014-10-01 20:30:00,38.96,38.97,38.8,38.82,159734
2014-10-01 21:00:00,38.82,38.91,38.79,38.9,168281
2014-10-01 21:30:00,38.91,38.93,38.76,38.76,143403
2014-10-01 22:00:00,38.76,38.82,38.7,38.8,229412
2014-10-01 22:30:00,38.8,39.0,38.8,38.83,541017
2014-10-02 16:30:00,38.71,38.92,38.6,38.69,183475
2014-10-02 17:00:00,38.68,38.76,38.66,38.71,207863
2014-10-02 17:30:00,38.71,38.71,38.51,38.52,111127
2014-10-02 18:00:00,38.52,38.62,38.5,38.53,162437
2014-10-02 18:30:00,38.54,38.54,38.3,38.47,183326
2014-10-02 19:00:00,38.47,38.61,38.46,38.61,133881
2014-10-02 19:30:00,38.61,38.7,38.5,38.66,208200
2014-10-02 20:00:00,38.66,38.87,38.63,38.84,121256
2014-10-02 20:30:00,38.85,38.87,38.75,38.78,89409
2014-10-02 21:00:00,38.79,38.99,38.78,38.99,254199
2014-10-02 21:30:00,38.99,39.12,38.9,39.07,194000
2014-10-02 22:00:00,39.08,39.11,38.93,38.97,368258
2014-10-02 22:30:00,38.96,39.07,38.9,38.99,981479
2014-10-03 16:30:00,39.35,39.5,39.16,39.39,124266
2014-10-03 17:00:00,39.38,39.5,39.24,39.27,196140
2014-10-03 17:30:00,39.28,39.4,39.19,39.4,324187
2014-10-03 18:00:00,39.38,39.44,39.3,39.35,111709
2014-10-03 18:30:00,39.37,39.5,39.33,39.45,219393
2014-10-03 19:00:00,39.44,39.64,39.43,39.62,213411
2014-10-03 19:30:00,39.62,39.74,39.61,39.7,148129
2014-10-03 20:00:00,39.7,39.75,39.66,39.73,148044
2014-10-03 20:30:00,39.73,39.76,39.66,39.75,121524
2014-10-03 21:00:00,39.76,39.88,39.75,39.76,203808
2014-10-03 21:30:00,39.76,39.8,39.63,39.63,145819
2014-10-03 22:00:00,39.63,39.67,39.55,39.63,184977
2014-10-03 22:30:00,39.63,39.72,39.6,39.63,574393
2014-10-06 16:30:00,39.86,39.88,39.71,39.77,148505
2014-10-06 17:00:00,39.77,39.85,39.66,39.71,285157
2014-10-06 17:30:00,39.7,39.77,39.52,39.55,131076
2014-10-06 18:00:00,39.56,39.67,39.49,39.52,74104
2014-10-06 18:30:00,39.53,39.6,39.33,39.4,76859
2014-10-06 19:00:00,39.42,39.51,39.4,39.44,58811
2014-10-06 19:30:00,39.44,39.45,39.31,39.37,58445
2014-10-06 20:00:00,39.36,39.57,39.33,39.55,71990
2014-10-06 20:30:00,39.55,39.57,39.5,39.55,55174
2014-10-06 21:00:00,39.55,39.65,39.45,39.61,82099
2014-10-06 21:30:00,39.61,39.63,39.54,39.58,70528
2014-10-06 22:00:00,39.58,39.67,39.53,39.61,175292
2014-10-06 22:30:00,39.61,39.66,39.52,39.56,492047
2014-10-07 16:30:00,39.35,39.35,38.79,39.02,216396
2014-10-07 17:00:00,39.01,39.15,38.99,39.09,137019
2014-10-07 17:30:00,39.08,39.19,39.01,39.02,114851
2014-10-07 18:00:00,39.02,39.02,38.85,38.86,124896
2014-10-07 18:30:00,38.86,39.02,38.81,38.99,96343
2014-10-07 19:00:00,38.99,39.08,38.96,39.04,52561
2014-10-07 19:30:00,39.04,39.06,38.92,38.94,93704
2014-10-07 20:00:00,38.95,38.97,38.88,38.94,102185
2014-10-07 20:30:00,38.94,38.98,38.86,38.96,91049
2014-10-07 21:00:00,38.96,38.96,38.75,38.75,101565
2014-10-07 21:30:00,38.76,38.83,38.68,38.8,111653
2014-10-07 22:00:00,38.79,38.85,38.65,38.69,158204
2014-10-07 22:30:00,38.69,38.7,38.53,38.56,492485
2014-10-08 16:30:00,38.51,38.59,38.37,38.42,131952
2014-10-08 17:00:00,38.43,38.45,38.28,38.35,334243
2014-10-08 17:30:00,38.36,38.41,38.15,38.16,244445
2014-10-08 18:00:00,38.15,38.4,38.06,38.39,290109
2014-10-08 18:30:00,38.38,38.4,38.17,38.28,133452
2014-10-08 19:00:00,38.29,38.35,38.18,38.19,77691
2014-10-08 19:30:00,38.19,38.23,38.11,38.12,120662
2014-10-08 20:00:00,38.13,38.25,38.11,38.14,92698
2014-10-08 20:30:00,38.15,38.37,38.15,38.36,123601
2014-10-08 21:00:00,38.37,38.53,38.32,38.47,630714
2014-10-08 21:30:00,38.47,38.5,38.34,38.4,588343
2014-10-08 22:00:00,38.41,38.69,38.38,38.66,714013
2014-10-08 22:30:00,38.67,38.95,38.64,38.9,1307166
2014-10-09 16:30:00,38.72,38.85,38.2,38.25,292959
2014-10-09 17:00:00,38.25,38.33,38.15,38.2,170871
2014-10-09 17:30:00,38.2,38.27,38.0,38.26,280773
2014-10-09 18:00:00,38.26,38.35,38.16,38.2,269276
2014-10-09 18:30:00,38.21,38.22,37.8,37.9,184464
2014-10-09 19:00:00,37.89,37.98,37.77,37.82,117031
2014-10-09 19:30:00,37.81,37.94,37.76,37.91,113105
2014-10-09 20:00:00,37.92,37.92,37.69,37.86,128030
2014-10-09 20:30:00,37.85,38.04,37.77,37.85,146388
2014-10-09 21:00:00,37.84,37.84,37.68,37.73,147106
2014-10-09 21:30:00,37.72,37.83,37.65,37.68,158022
2014-10-09 22:00:00,37.68,37.73,37.59,37.71,304144
2014-10-09 22:30:00,37.72,37.85,37.57,37.57,543543
2014-10-10 16:30:00,37.55,37.79,37.37,37.73,391696
2014-10-10 17:00:00,37.73,37.74,37.33,37.37,209132
2014-10-10 17:30:00,37.36,37.66,37.32,37.52,198545
2014-10-10 18:00:00,37.53,37.65,37.38,37.4,179811
2014-10-10 18:30:00,37.4,37.48,37.28,37.39,151041
2014-10-10 19:00:00,37.39,37.61,37.39,37.55,285230
2014-10-10 19:30:00,37.55,37.73,37.53,37.64,203175
2014-10-10 20:00:00,37.63,37.68,37.46,37.5,132082
2014-10-10 20:30:00,37.51,37.72,37.5,37.67,164687
2014-10-10 21:00:00,37.67,37.74,37.52,37.6,222520
2014-10-10 21:30:00,37.58,37.61,37.41,37.42,219942
2014-10-10 22:00:00,37.42,37.45,37.16,37.19,347819
2014-10-10 22:30:00,37.2,37.25,36.99,36.99,532400
2014-10-13 16:30:00,37.01,37.1,36.61,36.71,386352
2014-10-13 17:00:00,36.72,36.81,36.51,36.53,379180
2014-10-13 17:30:00,36.52,36.68,36.39,36.56,346640
2014-10-13 18:00:00,36.57,36.77,36.43,36.49,176094
2014-10-13 18:30:00,36.51,36.65,36.49,36.52,173553
2014-10-13 19:00:00,36.53,36.66,36.43,36.66,184136
2014-10-13 19:30:00,36.66,36.81,36.62,36.64,195517
2014-10-13 20:00:00,36.64,36.69,36.5,36.68,128560
2014-10-13 20:30:00,36.67,36.77,36.52,36.6,131914
2014-10-13 21:00:00,36.6,36.67,36.5,36.67,156219
2014-10-13 21:30:00,36.66,36.67,36.53,36.56,153419
2014-10-13 22:00:00,36.56,36.6,36.39,36.44,219416
2014-10-13 22:30:00,36.43,36.43,36.01,36.05,754553
2014-10-14 16:30:00,36.2,36.32,35.76,35.98,482001
2014-10-14 17:00:00,35.98,36.1,35.82,35.9,295905
2014-10-14 17:30:00,35.9,36.0,35.69,35.8,337065
2014-10-14 18:00:00,35.8,35.9,35.68,35.78,491400
2014-10-14 18:30:00,35.78,36.11,35.71,36.0,473891
2014-10-14 19:00:00,36.01,36.19,35.98,36.03,241073
2014-10-14 19:30:00,36.03,36.09,35.93,36.03,207589
2014-10-14 20:00:00,36.04,36.15,35.96,36.0,157228
2014-10-14 20:30:00,36.0,36.04,35.89,36.03,135602
2014-10-14 21:00:00,36.02,36.11,35.93,35.93,186953
2014-10-14 21:30:00,35.94,35.95,35.73,35.79,351634
2014-10-14 22:00:00,35.8,35.86,35.47,35.67,499378
2014-10-14 22:30:00,35.68,35.87,35.56,35.73,642921
2014-10-15 16:30:00,35.15,35.67,34.78,35.59,537333
2014-10-15 17:00:00,35.58,35.75,35.32,35.4,357871
2014-10-15 17:30:00,35.42,35.47,35.17,35.28,312736
2014-10-15 18:00:00,35.28,35.41,35.01,35.01,312152
2014-10-15 18:30:00,35.02,35.15,34.91,35.09,205342
2014-10-15 19:00:00,35.09,35.13,34.87,34.91,218575
2014-10-15 19:30:00,34.91,34.96,34.69,34.75,259065
2014-10-15 20:00:00,34.74,34.88,34.4,34.48,206302
2014-10-15 20:30:00,34.49,34.76,34.41,34.69,198443
2014-10-15 21:00:00,34.69,34.99,34.61,34.89,319740
2014-10-15 21:30:00,34.88,35.28,34.85,35.22,279064
2014-10-15 22:00:00,35.22,35.51,35.12,35.51,365957
2014-10-15 22:30:00,35.51,35.73,35.44,35.57,1009952
2014-10-16 16:30:00,34.78,35.46,34.75,35.45,245315
2014-10-16 17:00:00,35.44,35.48,34.85,35.2,281788
2014-10-16 17:30:00,35.2,35.66,35.16,35.47,262337
2014-10-16 18:00:00,35.47,35.73,35.36,35.72,230143
2014-10-16 18:30:00,35.72,35.82,35.54,35.59,262930
2014-10-16 19:00:00,35.58,35.73,35.48,35.65,163009
2014-10-16 19:30:00,35.65,35.82,35.54,35.78,126397
2014-10-16 20:00:00,35.78,36.07,35.78,36.01,246354
2014-10-16 20:30:00,36.01,36.16,35.95,35.98,207982
2014-10-16 21:00:00,35.98,36.16,35.91,36.06,214718
2014-10-16 21:30:00,36.07,36.15,35.77,35.91,222490
2014-10-16 22:00:00,35.9,36.01,35.77,35.96,363410
2014-10-16 22:30:00,35.96,35.97,35.81,35.84,531195
2014-10-17 16:30:00,36.35,36.51,36.23,36.5,412171
2014-10-17 17:00:00,36.49,36.69,36.44,36.69,140975
2014-10-17 17:30:00,36.71,36.72,36.49,36.58,179383
2014-10-17 18:00:00,36.57,36.64,36.52,36.62,233688
2014-10-17 18:30:00,36.62,36.8,36.62,36.73,175808
2014-10-17 19:00:00,36.72,36.8,36.58,36.66,95889
2014-10-17 19:30:00,36.65,36.75,36.64,36.71,241171
2014-10-17 20:00:00,36.71,36.72,36.46,36.46,103522
2014-10-17 20:30:00,36.47,36.63,36.44,36.5,110022
2014-10-17 21:00:00,36.49,36.49,36.31,36.37,196167
2014-10-17 21:30:00,36.37,36.48,36.31,36.48,190186
2014-10-17 22:00:00,36.46,36.6,36.32,36.6,246598
2014-10-17 22:30:00,36.6,36.75,36.59,36.69,674037
2014-10-20 16:30:00,36.5,36.73,36.33,36.67,298664
2014-10-20 17:00:00,36.68,36.7,36.41,36.63,152097
2014-10-20 17:30:00,36.65,36.66,36.51,36.52,93323
2014-10-20 18:00:00,36.52,36.69,36.44,36.64,320175
2014-10-20 18:30:00,36.63,36.69,36.55,36.68,124648
2014-10-20 19:00:00,36.67,36.75,36.67,36.68,56785
2014-10-20 19:30:00,36.68,36.68,36.49,36.52,55723
2014-10-20 20:00:00,36.52,36.68,36.48,36.68,86593
2014-10-20 20:30:00,36.66,36.68,36.63,36.66,52925
2014-10-20 21:00:00,36.66,36.75,36.61,36.65,101667
2014-10-20 21:30:00,36.64,36.65,36.56,36.58,123435
2014-10-20 22:00:00,36.59,36.73,36.58,36.63,205799
2014-10-20 22:30:00,36.63,36.75,36.63,36.7,501897
2014-10-21 16:30:00,37.04,37.38,36.93,37.35,311258
2014-10-21 17:00:00,37.36,37.39,37.18,37.3,372943
2014-10-21 17:30:00,37.29,37.43,37.29,37.32,318077
2014-10-21 18:00:00,37.33,37.46,37.32,37.46,195258
2014-10-21 18:30:00,37.46,37.62,37.44,37.58,186458
2014-10-21 19:00:00,37.58,37.64,37.52,37.59,118748
2014-10-21 19:30:00,37.6,37.61,37.48,37.48,73527
2014-10-21 20:00:00,37.49,37.53,37.47,37.51,64923
2014-10-21 20:30:00,37.51,37.62,37.51,37.58,106126
2014-10-21 21:00:00,37.57,37.65,37.55,37.62,106419
2014-10-21 21:30:00,37.62,37.64,37.58,37.6,156331
2014-10-21 22:00:00,37.6,37.77,37.58,37.76,135290
2014-10-21 22:30:00,37.76,37.78,37.65,37.77,450187
2014-10-22 16:30:00,37.76,37.76,37.36,37.59,184543
2014-10-22 17:00:00,37.6,37.63,37.49,37.56,101514
2014-10-22 17:30:00,37.56,37.63,37.44,37.56,104529
2014-10-22 18:00:00,37.56,37.68,37.55,37.6,70217
2014-10-22 18:30:00,37.6,37.67,37.58,37.61,62332
2014-10-22 19:00:00,37.6,37.62,37.4,37.51,79144
2014-10-22 19:30:00,37.5,37.5,37.3,37.44,87481
2014-10-22 20:00:00,37.44,37.45,37.2,37.2,86628
2014-10-22 20:30:00,37.21,37.25,37.15,37.21,112797
2014-10-22 21:00:00,37.21,37.24,37.12,37.14,110772
2014-10-22 21:30:00,37.15,37.33,37.08,37.33,224473
2014-10-22 22:00:00,37.33,37.34,37.24,37.3,118928
2014-10-22 22:30:00,37.3,37.3,37.1,37.13,333589
2014-10-23 16:30:00,37.52,37.73,37.46,37.63,153337
2014-10-23 17:00:00,37.64,37.87,37.62,37.76,169986
2014-10-23 17:30:00,37.76,37.94,37.75,37.85,285094
2014-10-23 18:00:00,37.85,37.98,37.84,37.85,143292
2014-10-23 18:30:00,37.85,37.91,37.8,37.88,130011
2014-10-23 19:00:00,37.89,38.04,37.86,37.97,143579
2014-10-23 19:30:00,37.97,37.98,37.83,37.87,83367
2014-10-23 20:00:00,37.86,37.94,37.85,37.9,100274
2014-10-23 20:30:00,37.9,37.99,37.88,37.93,75910
2014-10-23 21:00:00,37.94,38.07,37.94,38.05,165766
2014-10-23 21:30:00,38.05,38.06,37.79,37.91,163169
2014-10-23 22:00:00,37.9,37.9,37.72,37.77,259518
2014-10-23 22:30:00,37.77,37.93,37.73,37.81,395466
2014-10-24 16:30:00,37.78,38.09,37.75,37.78,90705
2014-10-24 17:00:00,37.78,37.88,37.67,37.79,165434
2014-10-24 17:30:00,37.8,37.94,37.8,37.94,75221
2014-10-24 18:00:00,37.94,37.97,37.88,37.9,140016
2014-10-24 18:30:00,37.89,38.03,37.86,37.91,251828
2014-10-24 19:00:00,37.91,37.98,37.87,37.92,172590
2014-10-24 19:30:00,37.94,37.95,37.85,37.87,105204
2014-10-24 20:00:00,37.88,37.9,37.78,37.8,92254
2014-10-24 20:30:00,37.8,37.92,37.79,37.87,119857
2014-10-24 21:00:00,37.87,37.99,37.87,37.97,79804
2014-10-24 21:30:00,37.98,38.05,37.95,38.02,122676
2014-10-24 22:00:00,38.02,38.06,37.95,38.0,157249
2014-10-24 22:30:00,38.0,38.09,37.99,38.06,446992
2014-10-27 16:30:00,37.81,37.9,37.64,37.68,125016
2014-10-27 17:00:00,37.69,37.89,37.61,37.82,109771
2014-10-27 17:30:00,37.82,37.91,37.74,37.89,101635
2014-10-27 18:00:00,37.9,38.01,37.86,37.92,169225
2014-10-27 18:30:00,37.93,37.97,37.77,37.77,132117
2014-10-27 19:00:00,37.77,37.91,37.77,37.85,75087
2014-10-27 19:30:00,37.85,37.93,37.8,37.92,66757
2014-10-27 20:00:00,37.93,38.03,37.91,37.95,81972
2014-10-27 20:30:00,37.95,37.96,37.84,37.85,197247
2014-10-27 21:00:00,37.86,37.91,37.84,37.87,129851
2014-10-27 21:30:00,37.87,37.93,37.84,37.87,158964
2014-10-27 22:00:00,37.87,37.94,37.87,37.89,132240
2014-10-27 22:30:00,37.89,38.0,37.86,37.94,388741
2014-10-28 16:30:00,38.19,38.61,38.1,38.58,169467
2014-10-28 17:00:00,38.57,38.63,38.44,38.54,251044
2014-10-28 17:30:00,38.53,38.58,38.47,38.51,158750
2014-10-28 18:00:00,38.5,38.65,38.5,38.63,176291
2014-10-28 18:30:00,38.64,38.65,38.49,38.52,146015
2014-10-28 19:00:00,38.51,38.61,38.49,38.58,91944
2014-10-28 19:30:00,38.58,38.62,38.53,38.56,106398
2014-10-28 20:00:00,38.56,38.64,38.54,38.63,110216
2014-10-28 20:30:00,38.63,38.7,38.59,38.68,71031
2014-10-28 21:00:00,38.69,38.8,38.66,38.8,107929
2014-10-28 21:30:00,38.8,38.84,38.78,38.83,213185
2014-10-28 22:00:00,38.83,39.03,38.82,38.99,273009
2014-10-28 22:30:00,38.99,39.1,38.97,39.1,420300
2014-10-29 16:30:00,39.24,39.39,39.13,39.36,170965
2014-10-29 17:00:00,39.37,39.39,38.91,38.98,223592
2014-10-29 17:30:00,38.97,39.13,38.78,38.78,156750
2014-10-29 18:00:00,38.79,38.94,38.73,38.82,194024
2014-10-29 18:30:00,38.81,38.81,38.59,38.64,262843
2014-10-29 19:00:00,38.65,38.65,38.57,38.58,139157
2014-10-29 19:30:00,38.57,38.63,38.53,38.58,73629
2014-10-29 20:00:00,38.57,38.7,38.56,38.6,99847
2014-10-29 20:30:00,38.59,38.65,38.56,38.59,93278
2014-10-29 21:00:00,38.59,38.81,38.47,38.8,289603
2014-10-29 21:30:00,38.79,38.83,38.62,38.77,345774
2014-10-29 22:00:00,38.77,38.85,38.65,38.81,245772
2014-10-29 22:30:00,38.81,38.97,38.81,38.85,607916
2014-10-30 16:30:00,38.81,39.87,38.81,39.5,373729
2014-10-30 17:00:00,39.49,39.66,39.38,39.63,324161
2014-10-30 17:30:00,39.63,39.64,39.42,39.54,253726
2014-10-30 18:00:00,39.54,39.57,39.42,39.45,134098
2014-10-30 18:30:00,39.45,39.66,39.41,39.65,214515
2014-10-30 19:00:00,39.65,39.66,39.49,39.6,116704
2014-10-30 19:30:00,39.61,39.72,39.58,39.62,121913
2014-10-30 20:00:00,39.63,39.81,39.56,39.79,98243
2014-10-30 20:30:00,39.77,39.87,39.75,39.85,29641
2014-10-30 21:30:00,39.83,39.86,39.55,39.59,92407
2014-10-30 22:00:00,39.58,39.62,39.43,39.46,121449
2014-10-30 22:30:00,39.47,39.67,39.46,39.66,480986
2014-10-31 16:30:00,40.29,40.54,40.13,40.29,251405
2014-10-31 17:00:00,40.3,40.47,40.25,40.44,196737
2014-10-31 17:30:00,40.46,40.57,40.41,40.49,132563
2014-10-31 18:00:00,40.48,40.54,40.39,40.54,248517
2014-10-31 18:30:00,40.55,40.56,40.42,40.43,83003
2014-10-31 19:00:00,40.43,40.51,40.36,40.51,229940
2014-10-31 19:30:00,40.5,40.53,40.32,40.35,122875
2014-10-31 20:00:00,40.34,40.43,40.33,40.41,154940
2014-10-31 20:30:00,40.42,40.45,40.36,40.39,119810
2014-10-31 21:00:00,40.39,40.44,40.34,40.37,103685
2014-10-31 21:30:00,40.38,40.41,40.28,40.3,102469
2014-10-31 22:00:00,40.31,40.45,40.27,40.42,897681
2014-10-31 22:30:00,40.43,40.49,40.37,40.45,575359
2014-11-03 16:30:00,40.42,40.62,40.3,40.45,214516
2014-11-03 17:00:00,40.47,40.58,40.08,40.17,222872
2014-11-03 17:30:00,40.17,40.25,40.04,40.15,136443
2014-11-03 18:00:00,40.16,40.21,40.04,40.13,138872
2014-11-03 18:30:00,40.13,40.28,40.07,40.27,74716
2014-11-03 19:00:00,40.28,40.32,40.24,40.3,70527
2014-11-03 19:30:00,40.31,40.31,40.2,40.3,97463
2014-11-03 20:00:00,40.29,40.29,40.19,40.2,68840
2014-11-03 20:30:00,40.19,40.3,40.19,40.28,78310
2014-11-03 21:00:00,40.28,40.3,40.19,40.2,97032
2014-11-03 21:30:00,40.19,40.19,40.07,40.15,109130
2014-11-03 22:00:00,40.15,40.21,40.0,40.03,164139
2014-11-03 22:30:00,40.03,40.19,40.03,40.18,293186
2014-11-04 16:30:00,39.94,40.34,39.91,40.02,129438
2014-11-04 17:00:00,40.03,40.15,39.88,39.88,87565
2014-11-04 17:30:00,39.85,39.87,39.67,39.68,138606
2014-11-04 18:00:00,39.67,39.93,39.64,39.92,99561
2014-11-04 18:30:00,39.92,39.92,39.78,39.82,94240
2014-11-04 19:00:00,39.81,39.98,39.8,39.95,64205
2014-11-04 19:30:00,39.96,40.04,39.91,39.97,52023
2014-11-04 20:00:00,39.98,40.06,39.96,40.04,111674
2014-11-04 20:30:00,40.04,40.2,39.99,40.19,63404
2014-11-04 21:00:00,40.2,40.22,40.11,40.11,91812
2014-11-04 21:30:00,40.11,40.19,40.06,40.18,92876
2014-11-04 22:00:00,40.18,40.23,40.1,40.14,174852
2014-11-04 22:30:00,40.13,40.18,40.08,40.16,354567
2014-11-05 16:30:00,40.37,40.43,40.14,40.23,266925
2014-11-05 17:00:00,40.24,40.46,40.24,40.29,159174
2014-11-05 17:30:00,40.28,40.37,40.22,40.32,112613
2014-11-05 18:00:00,40.33,40.4,40.29,40.31,110849
2014-11-05 18:30:00,40.32,40.35,40.19,40.35,152531
2014-11-05 19:00:00,40.35,40.41,40.27,40.29,65946
2014-11-05 19:30:00,40.29,40.36,40.27,40.28,34966
2014-11-05 20:00:00,40.27,40.31,40.19,40.21,54968
2014-11-05 20:30:00,40.21,40.27,40.12,40.17,33103
2014-11-05 21:00:00,40.16,40.34,40.15,40.32,49441
2014-11-05 21:30:00,40.33,40.41,40.31,40.41,62288
2014-11-05 22:00:00,40.41,40.43,40.26,40.31,124025
2014-11-05 22:30:00,40.3,40.45,40.27,40.42,240832
2014-11-06 16:30:00,40.36,40.88,40.36,40.69,194087
2014-11-06 17:00:00,40.7,40.72,40.47,40.62,133549
2014-11-06 17:30:00,40.61,40.79,40.52,40.75,92798
2014-11-06 18:00:00,40.75,40.93,40.74,40.93,193304
2014-11-06 18:30:00,40.93,41.03,40.85,40.91,185701
2014-11-06 19:00:00,40.9,40.95,40.84,40.91,69661
2014-11-06 19:30:00,40.92,40.96,40.88,40.91,46290
2014-11-06 20:00:00,40.91,40.96,40.87,40.91,69820
2014-11-06 20:30:00,40.91,40.91,40.84,40.89,77262
2014-11-06 21:00:00,40.88,40.89,40.84,40.86,70153
2014-11-06 21:30:00,40.87,40.89,40.82,40.86,63134
2014-11-06 22:00:00,40.87,40.9,40.81,40.89,112843
2014-11-06 22:30:00,40.88,41.01,40.86,40.93,350896
2014-11-07 16:30:00,41.0,41.0,40.73,40.92,95185
2014-11-07 17:00:00,40.92,41.18,40.88,41.1,130311
2014-11-07 17:30:00,41.09,41.21,41.04,41.2,215539
2014-11-07 18:00:00,41.21,41.23,41.12,41.22,118694
2014-11-07 18:30:00,41.22,41.33,41.22,41.3,56242
2014-11-07 19:00:00,41.29,41.29,41.22,41.28,188354
2014-11-07 19:30:00,41.28,41.3,41.22,41.3,48945
2014-11-07 20:00:00,41.3,41.38,41.28,41.29,108137
2014-11-07 20:30:00,41.3,41.37,41.3,41.35,48496
2014-11-07 21:00:00,41.36,41.43,41.36,41.43,165535
2014-11-07 21:30:00,41.43,41.49,41.31,41.31,236976
2014-11-07 22:00:00,41.32,41.34,41.17,41.17,134378
2014-11-07 22:30:00,41.18,41.29,41.17,41.27,375806
2014-11-10 16:30:00,41.27,41.36,41.15,41.33,196429
2014-11-10 17:00:00,41.32,41.33,41.08,41.09,184844
2014-11-10 17:30:00,41.09,41.27,41.08,41.23,319591
2014-11-10 18:00:00,41.24,41.26,41.16,41.19,49218
2014-11-10 18:30:00,41.19,41.24,41.14,41.15,77520
2014-11-10 19:00:00,41.15,41.17,41.05,41.08,42834
2014-11-10 19:30:00,41.08,41.11,41.05,41.05,64419
2014-11-10 20:00:00,41.06,41.07,41.01,41.02,62176
2014-11-10 20:30:00,41.03,41.06,41.01,41.03,67475
2014-11-10 21:00:00,41.02,41.16,41.01,41.12,91662
2014-11-10 21:30:00,41.12,41.15,41.09,41.09,101842
2014-11-10 22:00:00,41.1,41.14,41.04,41.1,349595
2014-11-10 22:30:00,41.11,41.18,41.07,41.17,349856
2014-11-11 16:30:00,41.16,41.22,41.0,41.14,84341
2014-11-11 17:00:00,41.15,41.22,41.11,41.22,105035
2014-11-11 17:30:00,41.22,41.24,41.13,41.13,63700
2014-11-11 18:00:00,41.14,41.17,41.1,41.14,53757
2014-11-11 18:30:00,41.14,41.2,41.12,41.13,49384
2014-11-11 19:00:00,41.14,41.15,40.99,41.05,164412
2014-11-11 19:30:00,41.05,41.15,41.05,41.09,107205
2014-11-11 20:00:00,41.09,41.11,41.05,41.07,51268
2014-11-11 20:30:00,41.07,41.11,41.02,41.09,43574
2014-11-11 21:00:00,41.1,41.11,41.03,41.09,49444
2014-11-11 21:30:00,41.08,41.08,41.0,41.0,89614
2014-11-11 22:00:00,41.0,41.07,41.0,41.07,113044
2014-11-11 22:30:00,41.06,41.16,41.02,41.07,239738
2014-11-12 16:30:00,40.91,40.99,40.68,40.87,344719
2014-11-12 17:00:00,40.88,41.0,40.88,40.94,135629
2014-11-12 17:30:00,40.94,40.98,40.89,40.92,65210
2014-11-12 18:00:00,40.93,40.98,40.86,40.96,93650
2014-11-12 18:30:00,40.96,41.01,40.96,40.99,129822
2014-11-12 19:00:00,40.99,41.03,40.97,41.02,97054
2014-11-12 19:30:00,41.02,41.04,40.98,41.0,100059
2014-11-12 20:00:00,40.99,41.03,40.96,41.01,60627
2014-11-12 20:30:00,41.02,41.02,40.9,40.91,91943
2014-11-12 21:00:00,40.92,40.98,40.91,40.96,70278
2014-11-12 21:30:00,40.97,40.97,40.82,40.87,103682
2014-11-12 22:00:00,40.88,40.92,40.84,40.89,188689
2014-11-12 22:30:00,40.9,40.93,40.81,40.85,504041
2014-11-13 16:30:00,40.9,41.11,40.9,40.99,265221
2014-11-13 17:00:00,40.98,41.0,40.8,40.96,278685
2014-11-13 17:30:00,40.96,40.98,40.87,40.91,82509
2014-11-13 18:00:00,40.9,40.91,40.73,40.75,67504
2014-11-13 18:30:00,40.76,40.77,40.56,40.56,176913
2014-11-13 19:00:00,40.56,40.59,40.48,40.48,230358
2014-11-13 19:30:00,40.49,40.57,40.48,40.51,150927
2014-11-13 20:00:00,40.51,40.55,40.35,40.42,173679
2014-11-13 20:30:00,40.42,40.43,40.28,40.34,150400
2014-11-13 21:00:00,40.34,40.42,40.3,40.4,179549
2014-11-13 21:30:00,40.41,40.54,40.41,40.51,154123
2014-11-13 22:00:00,40.51,40.64,40.51,40.57,154801
2014-11-13 22:30:00,40.57,40.74,40.56,40.68,691987
2014-11-14 16:30:00,40.45,40.59,40.25,40.45,100278
2014-11-14 17:00:00,40.45,40.55,40.38,40.41,158090
2014-11-14 17:30:00,40.41,40.46,40.34,40.43,67729
2014-11-14 18:00:00,40.43,40.46,40.41,40.42,62850
2014-11-14 18:30:00,40.42,40.46,40.34,40.41,81897
2014-11-14 19:00:00,40.41,40.45,40.34,40.39,87497
2014-11-14 19:30:00,40.39,40.39,40.31,40.31,88009
2014-11-14 20:00:00,40.3,40.31,40.2,40.22,68516
2014-11-14 20:30:00,40.22,40.25,40.15,40.17,92410
2014-11-14 21:00:00,40.17,40.19,40.06,40.11,138675
2014-11-14 21:30:00,40.12,40.17,40.1,40.16,102934
2014-11-14 22:00:00,40.16,40.18,40.09,40.17,182710
2014-11-14 22:30:00,40.17,40.2,40.12,40.16,396151
2014-11-17 16:30:00,40.09,40.11,39.9,39.98,106912
2014-11-17 17:00:00,39.98,40.07,39.88,39.97,112854
2014-11-17 17:30:00,39.97,39.98,39.81,39.91,105684
2014-11-17 18:00:00,39.92,39.92,39.77,39.77,183363
2014-11-17 18:30:00,39.76,39.82,39.73,39.76,126867
2014-11-17 19:00:00,39.75,39.78,39.7,39.77,120487
2014-11-17 19:30:00,39.77,39.86,39.74,39.83,118047
2014-11-17 20:00:00,39.83,39.92,39.81,39.9,88998
2014-11-17 20:30:00,39.91,39.92,39.82,39.89,74180
2014-11-17 21:00:00,39.88,39.88,39.81,39.83,94067
2014-11-17 21:30:00,39.83,39.83,39.77,39.79,113709
2014-11-17 22:00:00,39.8,39.84,39.77,39.82,196482
2014-11-17 22:30:00,39.82,39.88,39.79,39.81,534993
2014-11-18 16:30:00,39.81,39.95,39.65,39.87,317984
2014-11-18 17:00:00,39.87,39.89,39.79,39.79,335140
2014-11-18 17:30:00,39.78,39.95,39.73,39.94,236942
2014-11-18 18:00:00,39.94,39.96,39.86,39.86,151766
2014-11-18 18:30:00,39.87,39.89,39.77,39.78,121485
2014-11-18 19:00:00,39.78,39.82,39.74,39.81,151707
2014-11-18 19:30:00,39.8,39.89,39.8,39.86,109361
2014-11-18 20:00:00,39.87,39.9,39.85,39.87,131662
2014-11-18 20:30:00,39.87,39.92,39.86,39.91,90012
2014-11-18 21:00:00,39.91,40.02,39.9,39.95,159004
2014-11-18 21:30:00,39.96,39.97,39.87,39.92,204969
2014-11-18 22:00:00,39.92,40.0,39.92,39.96,336088
2014-11-18 22:30:00,39.96,39.97,39.76,39.8,957673
2014-11-19 16:30:00,39.68,39.79,39.44,39.52,206899
2014-11-19 17:00:00,39.54,39.54,39.32,39.33,188089
2014-11-19 17:30:00,39.33,39.38,39.21,39.24,233285
2014-11-19 18:00:00,39.24,39.33,39.21,39.33,139590
2014-11-19 18:30:00,39.32,39.35,39.25,39.34,282277
2014-11-19 19:00:00,39.33,39.39,39.31,39.37,173065
2014-11-19 19:30:00,39.38,39.48,39.34,39.48,169873
2014-11-19 20:00:00,39.46,39.47,39.39,39.39,115251
2014-11-19 20:30:00,39.4,39.53,39.39,39.49,252699
2014-11-19 21:00:00,39.49,39.63,39.42,39.44,281521
2014-11-19 21:30:00,39.45,39.54,39.41,39.53,171134
2014-11-19 22:00:00,39.53,39.59,39.48,39.5,205193
2014-11-19 22:30:00,39.51,39.57,39.44,39.47,802115
2014-11-20 16:30:00,39.22,39.54,39.18,39.54,177133
2014-11-20 17:00:00,39.53,39.62,39.47,39.59,199329
2014-11-20 17:30:00,39.58,39.76,39.58,39.74,117466
2014-11-20 18:00:00,39.74,39.89,39.73,39.89,104830
2014-11-20 18:30:00,39.89,39.9,39.85,39.87,55200
2014-11-20 19:00:00,39.87,39.88,39.81,39.83,88486
2014-11-20 19:30:00,39.83,39.89,39.79,39.82,39968
2014-11-20 20:00:00,39.82,39.85,39.77,39.77,58715
2014-11-20 20:30:00,39.77,39.81,39.77,39.8,44539
2014-11-20 21:00:00,39.8,39.9,39.8,39.88,62757
2014-11-20 21:30:00,39.88,39.89,39.82,39.82,84965
2014-11-20 22:00:00,39.81,39.88,39.79,39.84,145745
2014-11-20 22:30:00,39.84,39.9,39.84,39.9,254793
2014-11-21 16:30:00,40.41,40.65,40.31,40.62,383704
2014-11-21 17:00:00,40.63,40.66,40.49,40.55,175380
2014-11-21 17:30:00,40.54,40.58,40.5,40.5,106385
2014-11-21 18:00:00,40.5,40.51,40.44,40.46,54547
2014-11-21 18:30:00,40.45,40.49,40.44,40.44,54368
2014-11-21 19:00:00,40.44,40.47,40.35,40.36,42370
2014-11-21 19:30:00,40.36,40.4,40.32,40.33,34012
2014-11-21 20:00:00,40.33,40.35,40.23,40.24,44301
2014-11-21 20:30:00,40.23,40.34,40.22,40.31,53072
2014-11-21 21:00:00,40.31,40.34,40.27,40.27,62103
2014-11-21 21:30:00,40.27,40.33,40.23,40.29,97435
2014-11-21 22:00:00,40.29,40.36,40.29,40.33,108346
2014-11-21 22:30:00,40.33,40.36,40.24,40.27,378250
2014-11-24 16:30:00,40.46,40.8,40.46,40.56,230884
2014-11-24 17:00:00,40.56,40.67,40.55,40.66,90377
2014-11-24 17:30:00,40.66,40.66,40.51,40.52,284743
2014-11-24 18:00:00,40.53,40.55,40.42,40.45,90396
2014-11-24 18:30:00,40.45,40.53,40.45,40.5,74103
2014-11-24 19:00:00,40.49,40.52,40.41,40.42,101671
2014-11-24 19:30:00,40.42,40.44,40.35,40.37,59056
2014-11-24 20:00:00,40.36,40.38,40.34,40.38,97482
2014-11-24 20:30:00,40.39,40.41,40.37,40.4,57181
2014-11-24 21:00:00,40.4,40.48,40.4,40.46,153908
2014-11-24 21:30:00,40.46,40.5,40.45,40.45,94300
2014-11-24 22:00:00,40.44,40.49,40.39,40.41,198420
2014-11-24 22:30:00,40.41,40.49,40.38,40.49,484215
2014-11-25 16:30:00,40.61,40.64,40.34,40.43,149591
2014-11-25 17:00:00,40.41,40.48,40.33,40.48,78992
2014-11-25 17:30:00,40.48,40.5,40.43,40.45,98565
2014-11-25 18:00:00,40.45,40.48,40.38,40.45,115304
2014-11-25 18:30:00,40.44,40.59,40.44,40.58,113960
2014-11-25 19:00:00,40.59,40.61,40.49,40.51,49381
2014-11-25 19:30:00,40.5,40.62,40.49,40.58,55490
2014-11-25 20:00:00,40.59,40.61,40.57,40.6,39519
2014-11-25 20:30:00,40.6,40.61,40.57,40.58,38996
2014-11-25 21:00:00,40.57,40.57,40.52,40.52,61983
2014-11-25 21:30:00,40.53,40.56,40.49,40.51,123300
2014-11-25 22:00:00,40.52,40.57,40.48,40.5,199824
2014-11-25 22:30:00,40.5,40.52,40.44,40.45,327499
2014-11-26 16:30:00,40.46,40.57,40.25,40.39,87533
2014-11-26 17:00:00,40.39,40.44,40.35,40.38,70389
2014-11-26 17:30:00,40.39,40.43,40.36,40.38,43084
2014-11-26 18:00:00,40.39,40.41,40.29,40.32,55843
2014-11-26 18:30:00,40.32,40.32,40.25,40.3,43526
2014-11-26 19:00:00,40.29,40.36,40.27,40.34,78551
2014-11-26 19:30:00,40.35,40.37,40.29,40.29,73930
2014-11-26 20:00:00,40.29,40.31,40.28,40.28,69170
2014-11-26 20:30:00,40.28,40.34,40.26,40.32,74785
2014-11-26 21:00:00,40.33,40.34,40.29,40.31,75586
2014-11-26 21:30:00,40.3,40.34,40.29,40.33,73680
2014-11-26 22:00:00,40.33,40.39,40.31,40.38,141797
2014-11-26 22:30:00,40.37,40.47,40.37,40.46,211963
2014-11-28 16:30:00,40.62,40.62,40.37,40.49,87617
2014-11-28 17:00:00,40.5,40.61,40.47,40.51,50623
2014-11-28 17:30:00,40.51,40.56,40.43,40.43,48556
2014-11-28 18:00:00,40.43,40.5,40.41,40.45,42069
2014-11-28 18:30:00,40.45,40.52,40.42,40.42,49335
2014-11-28 19:00:00,40.42,40.46,40.39,40.44,42771
2014-11-28 19:30:00,40.44,40.46,40.28,40.37,223029
2014-11-28 20:00:00,40.36,40.36,40.36,40.36,194265
2014-12-01 16:30:00,40.25,40.25,39.77,39.8,204445
2014-12-01 17:00:00,39.79,40.07,39.77,40.07,109263
2014-12-01 17:30:00,40.08,40.1,39.8,39.85,66689
2014-12-01 18:00:00,39.84,39.95,39.83,39.86,188531
2014-12-01 18:30:00,39.87,39.93,39.81,39.86,130331
2014-12-01 19:00:00,39.87,39.98,39.81,39.94,95629
2014-12-01 19:30:00,39.94,40.14,39.94,40.11,84387
2014-12-01 20:00:00,40.11,40.24,40.1,40.2,77766
2014-12-01 20:30:00,40.2,40.29,40.2,40.27,92021
2014-12-01 21:00:00,40.27,40.29,40.18,40.23,120210
2014-12-01 21:30:00,40.22,40.3,40.22,40.24,166405
2014-12-01 22:00:00,40.25,40.5,40.24,40.47,206207
2014-12-01 22:30:00,40.46,40.48,40.29,40.3,540734
2014-12-02 16:30:00,40.46,40.73,40.33,40.51,222622
2014-12-02 17:00:00,40.52,40.63,40.41,40.43,98955
2014-12-02 17:30:00,40.43,40.55,40.33,40.55,161692
2014-12-02 18:00:00,40.55,40.59,40.49,40.5,75968
2014-12-02 18:30:00,40.5,40.51,40.43,40.49,43174
2014-12-02 19:00:00,40.48,40.59,40.48,40.58,45252
2014-12-02 19:30:00,40.57,40.57,40.4,40.42,56507
2014-12-02 20:00:00,40.42,40.51,40.42,40.51,51492
2014-12-02 20:30:00,40.5,40.51,40.44,40.48,65857
2014-12-02 21:00:00,40.49,40.56,40.48,40.52,34607
2014-12-02 21:30:00,40.53,40.61,40.5,40.6,45773
2014-12-02 22:00:00,40.6,40.65,40.53,40.54,133380
2014-12-02 22:30:00,40.54,40.59,40.47,40.5,347290
2014-12-03 16:30:00,40.48,40.65,40.43,40.61,100491
2014-12-03 17:00:00,40.61,40.67,40.55,40.63,83740
2014-12-03 17:30:00,40.63,40.65,40.5,40.52,61138
2014-12-03 18:00:00,40.52,40.54,40.46,40.51,80132
2014-12-03 18:30:00,40.52,40.53,40.47,40.5,48401
2014-12-03 19:00:00,40.51,40.51,40.45,40.45,35008
2014-12-03 19:30:00,40.44,40.55,40.42,40.55,39053
2014-12-03 20:00:00,40.55,40.57,40.5,40.56,38400
2014-12-03 20:30:00,40.55,40.56,40.46,40.48,34171
2014-12-03 21:00:00,40.48,40.51,40.43,40.43,88233
2014-12-03 21:30:00,40.43,40.44,40.38,40.43,99746
2014-12-03 22:00:00,40.42,40.51,40.41,40.5,141253
2014-12-03 22:30:00,40.5,40.6,40.45,40.45,486063
2014-12-04 16:30:00,40.41,40.49,40.12,40.16,354932
2014-12-04 17:00:00,40.16,40.27,40.08,40.19,314242
2014-12-04 17:30:00,40.2,40.23,40.01,40.13,227411
2014-12-04 18:00:00,40.13,40.21,40.09,40.1,116848
2014-12-04 18:30:00,40.1,40.33,40.08,40.32,125780
2014-12-04 19:00:00,40.32,40.39,40.31,40.36,61022
2014-12-04 19:30:00,40.37,40.56,40.36,40.47,224371
2014-12-04 20:00:00,40.47,40.53,40.46,40.48,67670
2014-12-04 20:30:00,40.47,40.53,40.44,40.53,74714
2014-12-04 21:00:00,40.53,40.54,40.4,40.41,120859
2014-12-04 21:30:00,40.41,40.43,40.29,40.42,136801
2014-12-04 22:00:00,40.42,40.47,40.28,40.32,160271
2014-12-04 22:30:00,40.33,40.49,40.31,40.45,298442
2014-12-05 16:30:00,40.63,41.02,40.63,41.01,199672
2014-12-05 17:00:00,41.02,41.04,40.93,41.02,71843
2014-12-05 17:30:00,41.02,41.06,40.91,40.93,96087
2014-12-05 18:00:00,40.94,40.98,40.87,40.97,106232
2014-12-05 18:30:00,40.97,41.17,40.97,41.13,89331
2014-12-05 19:00:00,41.13,41.19,41.1,41.16,58570
2014-12-05 19:30:00,41.16,41.21,41.14,41.16,53150
2014-12-05 20:00:00,41.17,41.19,41.08,41.1,64890
2014-12-05 20:30:00,41.1,41.16,41.06,41.15,52182
2014-12-05 21:00:00,41.15,41.2,41.13,41.18,107937
2014-12-05 21:30:00,41.18,41.19,41.08,41.1,98202
2014-12-05 22:00:00,41.07,41.14,41.04,41.13,128589
2014-12-05 22:30:00,41.14,41.16,41.04,41.15,488942
2014-12-08 16:30:00,41.05,41.36,40.89,41.32,285448
2014-12-08 17:00:00,41.32,41.47,41.3,41.45,100203
2014-12-08 17:30:00,41.45,41.51,41.43,41.45,113754
2014-12-08 18:00:00,41.45,41.47,41.3,41.3,171168
2014-12-08 18:30:00,41.31,41.32,41.19,41.2,71829
2014-12-08 19:00:00,41.2,41.25,41.05,41.21,97547
2014-12-08 19:30:00,41.2,41.31,41.12,41.21,58681
2014-12-08 20:00:00,41.22,41.29,41.1,41.13,60966
2014-12-08 20:30:00,41.11,41.12,40.94,40.96,89874
2014-12-08 21:00:00,40.95,41.07,40.87,41.05,57716
2014-12-08 21:30:00,41.05,41.21,41.04,41.12,69307
2014-12-08 22:00:00,41.12,41.14,41.0,41.11,109922
2014-12-08 22:30:00,41.11,41.12,40.99,41.08,222562
2014-12-09 16:30:00,40.89,40.89,40.43,40.72,197399
2014-12-09 17:00:00,40.72,40.79,40.41,40.42,87313
2014-12-09 17:30:00,40.44,40.65,40.4,40.6,69134
2014-12-09 18:00:00,40.61,40.75,40.56,40.72,63358
2014-12-09 18:30:00,40.72,40.75,40.62,40.69,83117
2014-12-09 19:00:00,40.69,40.78,40.6,40.77,105557
2014-12-09 19:30:00,40.77,40.95,40.75,40.95,62441
2014-12-09 20:00:00,40.94,41.05,40.87,40.94,46881
2014-12-09 20:30:00,40.94,41.08,40.94,41.0,41595
2014-12-09 21:00:00,40.99,41.04,40.92,40.97,88843
2014-12-09 21:30:00,40.97,40.99,40.85,40.96,101591
2014-12-09 22:00:00,40.96,41.07,40.96,41.04,123410
2014-12-09 22:30:00,41.02,41.12,40.96,41.08,305750
2014-12-10 16:30:00,41.09,41.4,41.06,41.18,675120
2014-12-10 17:00:00,41.19,41.22,40.8,40.96,203158
2014-12-10 17:30:00,40.95,40.96,40.73,40.93,186677
2014-12-10 18:00:00,40.94,40.96,40.78,40.79,134852
2014-12-10 18:30:00,40.79,40.83,40.68,40.73,101637
2014-12-10 19:00:00,40.72,40.73,40.57,40.63,83072
2014-12-10 19:30:00,40.62,40.74,40.55,40.64,85611
2014-12-10 20:00:00,40.65,40.76,40.61,40.63,50764
2014-12-10 20:30:00,40.63,40.64,40.35,40.41,111216
2014-12-10 21:00:00,40.38,40.47,40.35,40.38,64713
2014-12-10 21:30:00,40.38,40.4,40.24,40.25,96717
2014-12-10 22:00:00,40.25,40.48,40.23,40.43,118643
2014-12-10 22:30:00,40.42,40.5,40.19,40.26,407251
2014-12-11 16:30:00,40.44,40.89,40.38,40.71,354978
2014-12-11 17:00:00,40.7,40.71,40.58,40.67,157575
2014-12-11 17:30:00,40.69,40.79,40.61,40.64,114524
2014-12-11 18:00:00,40.64,40.71,40.62,40.63,104349
2014-12-11 18:30:00,40.62,40.8,40.62,40.77,146300
2014-12-11 19:00:00,40.77,40.78,40.67,40.68,58548
2014-12-11 19:30:00,40.69,40.71,40.61,40.63,56502
2014-12-11 20:00:00,40.62,40.62,40.48,40.5,62445
2014-12-11 20:30:00,40.5,40.54,40.38,40.38,148307
2014-12-11 21:00:00,40.37,40.42,40.25,40.25,114825
2014-12-11 21:30:00,40.25,40.31,40.04,40.06,214039
2014-12-11 22:00:00,40.07,40.32,40.06,40.25,303895
2014-12-11 22:30:00,40.24,40.29,39.92,40.03,484380
2014-12-12 16:30:00,39.43,39.6,39.32,39.55,195051
2014-12-12 17:00:00,39.56,39.56,39.28,39.34,78957
2014-12-12 17:30:00,39.34,39.42,39.07,39.07,84304
2014-12-12 18:00:00,39.06,39.09,38.9,38.9,156398
2014-12-12 18:30:00,38.91,39.04,38.89,38.99,160924
2014-12-12 19:00:00,38.99,39.2,38.97,39.2,138172
2014-12-12 19:30:00,39.21,39.23,39.01,39.03,107101
2014-12-12 20:00:00,39.04,39.21,38.94,39.15,71577
2014-12-12 20:30:00,39.16,39.18,39.02,39.12,64122
2014-12-12 21:00:00,39.12,39.12,39.0,39.0,47014
2014-12-12 21:30:00,38.99,39.02,38.9,39.02,74812
2014-12-12 22:00:00,39.02,39.07,38.91,38.94,90539
2014-12-12 22:30:00,38.94,38.94,38.55,38.58,488965
2014-12-15 16:30:00,38.76,38.89,38.63,38.63,368520
2014-12-15 17:00:00,38.64,38.7,38.51,38.58,243587
2014-12-15 17:30:00,38.57,38.73,38.46,38.61,225147
2014-12-15 18:00:00,38.61,38.62,38.34,38.41,290234
2014-12-15 18:30:00,38.4,38.48,38.2,38.24,159476
2014-12-15 19:00:00,38.25,38.58,38.25,38.54,200069
2014-12-15 19:30:00,38.53,38.65,38.47,38.61,196726
2014-12-15 20:00:00,38.6,38.63,38.51,38.53,145458
2014-12-15 20:30:00,38.53,38.61,38.52,38.56,162840
2014-12-15 21:00:00,38.56,38.8,38.54,38.74,187571
2014-12-15 21:30:00,38.74,38.83,38.65,38.68,184905
2014-12-15 22:00:00,38.68,38.77,38.6,38.6,211474
2014-12-15 22:30:00,38.6,38.69,38.53,38.57,597514
2014-12-16 16:30:00,38.29,38.49,38.05,38.47,262005
2014-12-16 17:00:00,38.47,38.85,38.44,38.81,284664
2014-12-16 17:30:00,38.82,38.92,38.64,38.91,192961
2014-12-16 18:00:00,38.91,39.29,38.82,39.23,134471
2014-12-16 18:30:00,39.24,39.29,39.0,39.0,119665
2014-12-16 19:00:00,39.01,39.06,38.92,38.96,91662
2014-12-16 19:30:00,38.96,39.05,38.87,38.87,46569
2014-12-16 20:00:00,38.88,38.93,38.64,38.72,90762
2014-12-16 20:30:00,38.72,38.89,38.65,38.85,80910
2014-12-16 21:00:00,38.85,38.97,38.83,38.83,163682
2014-12-16 21:30:00,38.84,38.89,38.62,38.66,145653
2014-12-16 22:00:00,38.65,38.72,38.46,38.47,228267
2014-12-16 22:30:00,38.47,38.55,38.14,38.17,644926
2014-12-17 16:30:00,38.45,38.92,38.28,38.76,405413
2014-12-17 17:00:00,38.77,38.78,38.49,38.5,143963
2014-12-17 17:30:00,38.49,38.68,38.43,38.65,77447
2014-12-17 18:00:00,38.65,38.71,38.61,38.64,211108
2014-12-17 18:30:00,38.65,38.73,38.6,38.71,249517
2014-12-17 19:00:00,38.71,38.73,38.58,38.58,172617
2014-12-17 19:30:00,38.58,38.65,38.53,38.59,128638
2014-12-17 20:00:00,38.6,38.67,38.59,38.64,106802
2014-12-17 20:30:00,38.65,38.71,38.55,38.7,110659
2014-12-17 21:00:00,38.7,39.02,38.68,38.81,339952
2014-12-17 21:30:00,38.81,38.9,38.66,38.72,316298
2014-12-17 22:00:00,38.72,39.08,38.61,39.06,270871
2014-12-17 22:30:00,39.06,39.27,39.01,39.26,561002
2014-12-18 16:30:00,39.86,39.87,39.6,39.63,382211
2014-12-18 17:00:00,39.64,39.85,39.56,39.71,305237
2014-12-18 17:30:00,39.71,39.72,39.6,39.63,155471
2014-12-18 18:00:00,39.62,39.75,39.52,39.67,549109
2014-12-18 18:30:00,39.67,39.78,39.62,39.78,276030
2014-12-18 19:00:00,39.77,39.87,39.74,39.8,143639
2014-12-18 19:30:00,39.79,39.9,39.78,39.84,145913
2014-12-18 20:00:00,39.84,39.95,39.8,39.95,327565
2014-12-18 20:30:00,39.94,39.96,39.9,39.91,180000
2014-12-18 21:00:00,39.91,39.92,39.78,39.78,179469
2014-12-18 21:30:00,39.78,39.95,39.73,39.95,232717
2014-12-18 22:00:00,39.94,40.13,39.9,40.11,355226
2014-12-18 22:30:00,40.11,40.48,40.1,40.48,1057278
2014-12-19 16:30:00,40.47,40.69,40.44,40.53,712989
2014-12-19 17:00:00,40.55,40.66,40.42,40.57,132581
2014-12-19 17:30:00,40.58,40.58,40.28,40.4,152486
2014-12-19 18:00:00,40.4,40.46,40.31,40.32,148324
2014-12-19 18:30:00,40.32,40.33,40.13,40.16,130487
2014-12-19 19:00:00,40.15,40.2,40.03,40.11,112452
2014-12-19 19:30:00,40.1,40.29,40.09,40.28,132982
2014-12-19 20:00:00,40.27,40.34,40.27,40.3,84815
2014-12-19 20:30:00,40.3,40.34,40.29,40.34,69648
2014-12-19 21:00:00,40.34,40.46,40.31,40.45,92800
2014-12-19 21:30:00,40.44,40.63,40.44,40.58,244447
2014-12-19 22:00:00,40.58,40.6,40.37,40.46,387738
2014-12-19 22:30:00,40.46,40.51,40.17,40.19,826672
2014-12-22 16:30:00,39.46,40.34,39.45,40.07,501778
2014-12-22 17:00:00,40.09,40.29,40.03,40.25,103515
2014-12-22 17:30:00,40.26,40.29,40.15,40.22,66466
2014-12-22 18:00:00,40.22,40.22,40.14,40.2,112731
2014-12-22 18:30:00,40.2,40.24,40.13,40.17,68859
2014-12-22 19:00:00,40.16,40.19,40.08,40.1,71091
2014-12-22 19:30:00,40.1,40.1,40.0,40.03,114999
2014-12-22 20:00:00,40.04,40.11,40.03,40.09,129060
2014-12-22 20:30:00,40.1,40.17,40.05,40.07,111006
2014-12-22 21:00:00,40.07,40.19,40.06,40.12,115039
2014-12-22 21:30:00,40.13,40.19,40.09,40.13,140337
2014-12-22 22:00:00,40.13,40.25,40.11,40.24,202839
2014-12-22 22:30:00,40.23,40.29,40.17,40.25,485642
2014-12-23 16:30:00,40.51,40.72,40.47,40.69,250901
2014-12-23 17:00:00,40.69,40.91,40.69,40.88,114045
2014-12-23 17:30:00,40.88,40.9,40.75,40.76,156967
2014-12-23 18:00:00,40.76,40.82,40.75,40.77,79707
2014-12-23 18:30:00,40.76,40.86,40.76,40.79,47824
2014-12-23 19:00:00,40.78,40.85,40.77,40.79,62900
2014-12-23 19:30:00,40.79,40.87,40.75,40.85,99289
2014-12-23 20:00:00,40.85,40.9,40.82,40.82,41047
2014-12-23 20:30:00,40.82,40.86,40.77,40.78,82474
2014-12-23 21:00:00,40.78,40.79,40.73,40.73,111716
2014-12-23 21:30:00,40.74,40.77,40.68,40.68,158350
2014-12-23 22:00:00,40.68,40.7,40.57,40.57,148450
2014-12-23 22:30:00,40.57,40.59,40.48,40.54,601864
2014-12-24 16:30:00,40.6,40.65,40.43,40.58,109404
2014-12-24 17:00:00,40.58,40.62,40.47,40.57,185586
2014-12-24 17:30:00,40.56,40.6,40.48,40.53,40520
2014-12-24 18:00:00,40.54,40.58,40.5,40.5,47376
2014-12-24 18:30:00,40.51,40.51,40.46,40.49,73296
2014-12-24 19:00:00,40.49,40.55,40.48,40.51,85763
2014-12-24 19:30:00,40.51,40.54,40.37,40.38,143001
2014-12-24 20:00:00,40.37,40.37,40.37,40.37,128344
2014-12-26 16:30:00,40.64,40.75,40.5,40.75,62248
2014-12-26 17:00:00,40.75,40.76,40.58,40.68,188749
2014-12-26 17:30:00,40.67,40.71,40.66,40.71,32119
2014-12-26 18:00:00,40.7,40.76,40.68,40.74,29154
2014-12-26 18:30:00,40.73,40.74,40.44,40.5,246752
2014-12-26 19:00:00,40.53,40.53,40.44,40.49,42237
2014-12-26 19:30:00,40.48,40.51,40.31,40.39,124504
2014-12-26 20:00:00,40.4,40.48,40.4,40.47,90588
2014-12-26 20:30:00,40.46,40.54,40.44,40.52,29916
2014-12-26 21:00:00,40.52,40.57,40.48,40.5,32563
2014-12-26 21:30:00,40.5,40.52,40.42,40.46,40975
2014-12-26 22:00:00,40.46,40.47,40.41,40.43,49948
2014-12-26 22:30:00,40.42,40.42,40.28,40.32,246311
2014-12-29 16:30:00,40.24,40.6,40.15,40.54,111684
2014-12-29 17:00:00,40.53,40.67,40.52,40.6,155144
2014-12-29 17:30:00,40.6,40.7,40.55,40.6,254540
2014-12-29 18:00:00,40.6,40.61,40.54,40.57,77345
2014-12-29 18:30:00,40.56,40.58,40.49,40.54,61532
2014-12-29 19:00:00,40.54,40.55,40.4,40.42,134975
2014-12-29 19:30:00,40.43,40.46,40.39,40.41,101470
2014-12-29 20:00:00,40.4,40.4,40.34,40.4,94220
2014-12-29 20:30:00,40.4,40.45,40.37,40.45,45668
2014-12-29 21:00:00,40.45,40.45,40.35,40.42,114120
2014-12-29 21:30:00,40.42,40.48,40.37,40.47,84383
2014-12-29 22:00:00,40.47,40.49,40.35,40.39,178105
2014-12-29 22:30:00,40.38,40.44,40.32,40.35,385349
2014-12-30 16:30:00,40.3,40.3,39.99,40.12,102058
2014-12-30 17:00:00,40.14,40.26,40.06,40.2,71441
2014-12-30 17:30:00,40.2,40.21,40.1,40.2,90129
2014-12-30 18:00:00,40.2,40.29,40.13,40.13,116969
2014-12-30 18:30:00,40.14,40.18,40.12,40.15,92809
2014-12-30 19:00:00,40.15,40.16,40.06,40.07,168681
2014-12-30 19:30:00,40.08,40.14,40.03,40.07,118004
2014-12-30 20:00:00,40.07,40.1,40.05,40.06,161883
2014-12-30 20:30:00,40.06,40.08,39.95,40.0,84038
2014-12-30 21:00:00,40.01,40.03,39.98,40.01,96008
2014-12-30 21:30:00,40.0,40.01,39.98,40.0,105935
2014-12-30 22:00:00,40.0,40.01,39.97,40.0,99129
2014-12-30 22:30:00,39.99,40.02,39.95,39.96,326600
2014-12-31 16:30:00,40.11,40.13,39.86,39.96,73641
2014-12-31 17:00:00,39.98,40.01,39.93,40.0,81006
2014-12-31 17:30:00,39.98,40.02,39.97,40.0,193456
2014-12-31 18:00:00,40.0,40.01,39.97,39.97,98164
2014-12-31 18:30:00,39.98,40.01,39.98,39.98,88966
2014-12-31 19:00:00,39.99,39.99,39.76,39.8,62272
2014-12-31 19:30:00,39.82,39.86,39.79,39.85,39455
2014-12-31 20:00:00,39.85,39.97,39.84,39.96,38416
2014-12-31 20:30:00,39.97,40.01,39.9,39.92,70225
2014-12-31 21:00:00,39.93,39.93,39.73,39.78,59426
2014-12-31 21:30:00,39.77,39.79,39.62,39.7,91423
2014-12-31 22:00:00,39.69,39.82,39.63,39.8,79687
2014-12-31 22:30:00,39.81,39.82,39.47,39.51,374922
2015-01-02 16:30:00,39.72,39.82,39.5,39.53,90877
2015-01-02 17:00:00,39.54,39.59,39.34,39.38,147221
2015-01-02 17:30:00,39.38,39.39,38.98,39.14,308449
2015-01-02 18:00:00,39.14,39.15,38.89,39.01,271517
2015-01-02 18:30:00,39.01,39.08,38.92,39.0,189724
2015-01-02 19:00:00,39.0,39.1,38.98,39.06,170248
2015-01-02 19:30:00,39.06,39.11,38.96,38.97,88537
2015-01-02 20:00:00,38.97,39.01,38.9,38.91,73922
2015-01-02 20:30:00,38.9,38.98,38.86,38.96,77831
2015-01-02 21:00:00,38.97,39.1,38.97,39.06,124773
2015-01-02 21:30:00,39.05,39.18,39.05,39.11,204051
2015-01-02 22:00:00,39.11,39.15,38.98,39.13,225087
2015-01-02 22:30:00,39.11,39.23,39.07,39.13,544856
2015-01-05 16:30:00,38.77,38.89,38.25,38.27,361114
2015-01-05 17:00:00,38.25,38.49,38.23,38.49,558405
2015-01-05 17:30:00,38.48,38.51,38.31,38.38,397896
2015-01-05 18:00:00,38.37,38.37,38.2,38.25,99452
2015-01-05 18:30:00,38.24,38.42,38.23,38.34,135783
2015-01-05 19:00:00,38.35,38.39,38.14,38.14,122105
2015-01-05 19:30:00,38.13,38.32,38.09,38.2,107207
2015-01-05 20:00:00,38.19,38.24,38.01,38.11,137303
2015-01-05 20:30:00,38.1,38.17,38.03,38.12,263256
2015-01-05 21:00:00,38.12,38.12,38.0,38.02,147872
2015-01-05 21:30:00,38.01,38.07,37.94,37.99,134617
2015-01-05 22:00:00,37.98,38.14,37.96,38.08,222925
2015-01-05 22:30:00,38.08,38.23,37.99,38.0,892628
2015-01-06 16:30:00,37.6,37.99,37.57,37.81,502226
2015-01-06 17:00:00,37.79,37.86,37.69,37.69,316492
2015-01-06 17:30:00,37.7,37.79,37.56,37.57,220660
2015-01-06 18:00:00,37.56,37.6,37.32,37.35,259373
2015-01-06 18:30:00,37.35,37.36,37.23,37.26,281191
2015-01-06 19:00:00,37.25,37.25,37.05,37.1,232793
2015-01-06 19:30:00,37.09,37.19,37.05,37.13,280611
2015-01-06 20:00:00,37.13,37.13,36.9,37.0,154946
2015-01-06 20:30:00,36.99,37.11,36.93,37.11,178374
2015-01-06 21:00:00,37.1,37.18,36.98,37.03,364335
2015-01-06 21:30:00,37.04,37.28,36.98,37.19,530330
2015-01-06 22:00:00,37.19,37.44,37.16,37.41,379860
2015-01-06 22:30:00,37.41,37.48,37.22,37.22,833248
2015-01-07 16:30:00,37.71,37.94,37.58,37.93,278444
2015-01-07 17:00:00,37.92,37.96,37.61,37.65,186855
2015-01-07 17:30:00,37.65,37.67,37.48,37.61,320446
2015-01-07 18:00:00,37.61,37.63,37.45,37.46,83259
2015-01-07 18:30:00,37.46,37.7,37.41,37.7,166118
2015-01-07 19:00:00,37.68,37.82,37.66,37.76,93896
2015-01-07 19:30:00,37.77,37.78,37.59,37.63,70175
2015-01-07 20:00:00,37.64,37.68,37.54,37.58,43333
2015-01-07 20:30:00,37.58,37.72,37.58,37.66,73262
2015-01-07 21:00:00,37.66,37.82,37.6,37.69,140519
2015-01-07 21:30:00,37.69,37.75,37.55,37.57,95921
2015-01-07 22:00:00,37.57,37.69,37.57,37.69,115583
2015-01-07 22:30:00,37.68,37.78,37.67,37.7,548437
2015-01-08 16:30:00,38.16,38.25,38.02,38.23,194227
2015-01-08 17:00:00,38.23,38.48,38.2,38.38,267361
2015-01-08 17:30:00,38.38,38.62,38.36,38.61,151294
2015-01-08 18:00:00,38.61,38.71,38.49,38.5,166897
2015-01-08 18:30:00,38.51,38.59,38.49,38.51,69116
2015-01-08 19:00:00,38.5,38.53,38.37,38.46,61010
2015-01-08 19:30:00,38.48,38.56,38.43,38.54,82774
2015-01-08 20:00:00,38.53,38.57,38.49,38.55,118702
2015-01-08 20:30:00,38.54,38.58,38.45,38.45,90331
2015-01-08 21:00:00,38.45,38.48,38.35,38.46,194712
2015-01-08 21:30:00,38.45,38.49,38.43,38.43,169141
2015-01-08 22:00:00,38.44,38.47,38.41,38.45,148158
2015-01-08 22:30:00,38.45,38.45,38.32,38.36,459888
2015-01-09 16:30:00,38.38,38.45,37.94,37.97,127722
2015-01-09 17:00:00,37.96,38.19,37.9,38.04,165868
2015-01-09 17:30:00,38.03,38.11,37.87,38.07,90452
2015-01-09 18:00:00,38.07,38.07,37.77,37.8,132975
2015-01-09 18:30:00,37.8,37.89,37.72,37.88,173805
2015-01-09 19:00:00,37.87,37.99,37.75,37.77,124725
2015-01-09 19:30:00,37.77,37.85,37.65,37.65,150776
2015-01-09 20:00:00,37.65,37.81,37.64,37.75,99781
2015-01-09 20:30:00,37.75,37.86,37.74,37.78,100882
2015-01-09 21:00:00,37.77,37.77,37.66,37.67,149124
2015-01-09 21:30:00,37.67,37.79,37.63,37.73,151440
2015-01-09 22:00:00,37.73,37.91,37.71,37.76,211210
2015-01-09 22:30:00,37.76,37.85,37.64,37.65,536914
2015-01-12 16:30:00,37.64,37.64,36.95,37.05,161242
2015-01-12 17:00:00,37.07,37.27,37.01,37.15,232060
2015-01-12 17:30:00,37.15,37.42,37.14,37.39,98963
2015-01-12 18:00:00,37.41,37.49,37.37,37.39,141470
2015-01-12 18:30:00,37.39,37.48,37.36,37.4,151338
2015-01-12 19:00:00,37.41,37.49,37.33,37.44,152586
2015-01-12 19:30:00,37.44,37.49,37.37,37.4,70606
2015-01-12 20:00:00,37.4,37.46,37.32,37.34,87454
2015-01-12 20:30:00,37.35,37.41,37.33,37.34,51184
2015-01-12 21:00:00,37.35,37.45,37.31,37.33,100760
2015-01-12 21:30:00,37.33,37.37,37.28,37.36,210776
2015-01-12 22:00:00,37.37,37.48,37.34,37.38,143089
2015-01-12 22:30:00,37.39,37.55,37.26,37.43,347455
2015-01-13 16:30:00,37.79,38.2,37.75,38.19,222076
2015-01-13 17:00:00,38.21,38.26,37.91,37.95,192957
2015-01-13 17:30:00,37.95,38.04,37.88,37.98,251752
2015-01-13 18:00:00,37.98,37.99,37.77,37.79,153684
2015-01-13 18:30:00,37.79,37.81,37.63,37.7,362226
2015-01-13 19:00:00,37.7,37.71,37.5,37.55,118315
2015-01-13 19:30:00,37.55,37.69,37.48,37.69,107164
2015-01-13 20:00:00,37.7,37.76,37.4,37.41,109595
2015-01-13 20:30:00,37.41,37.41,37.22,37.27,739675
2015-01-13 21:00:00,37.26,37.28,37.03,37.14,494385
2015-01-13 21:30:00,37.15,37.28,37.06,37.06,204996
2015-01-13 22:00:00,37.07,37.28,37.02,37.16,196437
2015-01-13 22:30:00,37.16,37.47,37.16,37.35,622750
2015-01-14 16:30:00,36.75,36.88,36.51,36.58,295876
2015-01-14 17:00:00,36.58,36.77,36.55,36.72,360728
2015-01-14 17:30:00,36.71,36.73,36.5,36.62,131456
2015-01-14 18:00:00,36.62,36.63,36.37,36.44,225906
2015-01-14 18:30:00,36.42,36.6,36.38,36.49,146610
2015-01-14 19:00:00,36.5,36.56,36.4,36.47,181153
2015-01-14 19:30:00,36.47,36.51,36.37,36.42,194894
2015-01-14 20:00:00,36.42,36.47,36.29,36.29,188983
2015-01-14 20:30:00,36.29,36.35,36.22,36.32,170171
2015-01-14 21:00:00,36.32,36.58,36.29,36.55,195061
2015-01-14 21:30:00,36.56,36.64,36.39,36.45,221780
2015-01-14 22:00:00,36.45,36.65,36.37,36.59,665055
2015-01-14 22:30:00,36.58,36.7,36.46,36.56,1051219
2015-01-15 16:30:00,36.6,36.8,36.24,36.36,373850
2015-01-15 17:00:00,36.37,36.6,36.32,36.59,226667
2015-01-15 17:30:00,36.59,36.74,36.33,36.37,290036
2015-01-15 18:00:00,36.37,36.4,36.09,36.16,743360
2015-01-15 18:30:00,36.16,36.31,36.1,36.21,402698
2015-01-15 19:00:00,36.23,36.26,36.11,36.15,132655
2015-01-15 19:30:00,36.14,36.15,35.97,36.08,111934
2015-01-15 20:00:00,36.08,36.3,36.04,36.15,88968
2015-01-15 20:30:00,36.16,36.17,36.06,36.08,256576
2015-01-15 21:00:00,36.09,36.15,36.04,36.07,243864
2015-01-15 21:30:00,36.08,36.19,36.04,36.17,284792
2015-01-15 22:00:00,36.17,36.2,35.95,36.05,276916
2015-01-15 22:30:00,36.04,36.09,35.91,35.93,531952
2015-01-16 16:30:00,35.66,35.97,35.64,35.76,544137
2015-01-16 17:00:00,35.78,35.93,35.45,35.79,370971
2015-01-16 17:30:00,35.78,35.96,35.68,35.88,220160
2015-01-16 18:00:00,35.88,35.91,35.77,35.79,253480
2015-01-16 18:30:00,35.81,35.95,35.79,35.88,159281
2015-01-16 19:00:00,35.88,35.94,35.78,35.86,152329
2015-01-16 19:30:00,35.87,36.11,35.87,36.03,98988
2015-01-16 20:00:00,36.03,36.03,35.95,35.99,110046
2015-01-16 20:30:00,35.99,36.11,35.97,36.1,120477
2015-01-16 21:00:00,36.11,36.13,36.06,36.07,88668
2015-01-16 21:30:00,36.07,36.07,35.97,36.03,251654
2015-01-16 22:00:00,36.03,36.13,35.98,36.11,181037
2015-01-16 22:30:00,36.1,36.35,36.1,36.31,438211
2015-01-20 16:30:00,36.47,36.53,36.01,36.04,156353
2015-01-20 17:00:00,36.06,36.19,35.97,36.15,169065
2015-01-20 17:30:00,36.16,36.18,35.97,36.01,120670
2015-01-20 18:00:00,36.0,36.11,35.95,36.02,349170
2015-01-20 18:30:00,36.02,36.04,35.88,35.98,139599
2015-01-20 19:00:00,35.97,36.02,35.91,36.0,138034
2015-01-20 19:30:00,36.0,36.0,35.92,35.94,135409
2015-01-20 20:00:00,35.94,36.05,35.89,35.95,95981
2015-01-20 20:30:00,35.96,36.04,35.94,35.94,135740
2015-01-20 21:00:00,35.93,36.01,35.92,35.95,115444
2015-01-20 21:30:00,35.95,36.09,35.95,36.09,322747
2015-01-20 22:00:00,36.09,36.12,36.0,36.08,264730
2015-01-20 22:30:00,36.08,36.09,35.95,35.99,599244
2015-01-21 16:30:00,35.91,36.14,35.42,35.96,574673
2015-01-21 17:00:00,35.98,36.15,35.89,36.09,249127
2015-01-21 17:30:00,36.1,36.42,36.09,36.41,411575
2015-01-21 18:00:00,36.41,36.44,36.12,36.16,400710
2015-01-21 18:30:00,36.16,36.22,36.13,36.17,130699
2015-01-21 19:00:00,36.16,36.18,36.09,36.17,160276
2015-01-21 19:30:00,36.17,36.2,36.04,36.1,169737
2015-01-21 20:00:00,36.1,36.13,36.01,36.04,254487
2015-01-21 20:30:00,36.04,36.11,35.98,36.04,233325
2015-01-21 21:00:00,36.03,36.13,35.96,36.1,327525
2015-01-21 21:30:00,36.09,36.25,36.03,36.2,150782
2015-01-21 22:00:00,36.2,36.31,36.1,36.29,280415
2015-01-21 22:30:00,36.28,36.35,36.25,36.31,618796
2015-01-22 16:30:00,36.58,36.58,36.03,36.1,293821
2015-01-22 17:00:00,36.11,36.5,36.1,36.47,387222
2015-01-22 17:30:00,36.48,36.76,36.46,36.75,396677
2015-01-22 18:00:00,36.74,36.77,36.55,36.59,172508
2015-01-22 18:30:00,36.6,36.72,36.59,36.71,432380
2015-01-22 19:00:00,36.72,36.74,36.56,36.67,249883
2015-01-22 19:30:00,36.68,36.71,36.62,36.69,74255
2015-01-22 20:00:00,36.7,36.86,36.69,36.84,249479
2015-01-22 20:30:00,36.84,36.94,36.83,36.94,172640
2015-01-22 21:00:00,36.93,37.09,36.93,37.05,238777
2015-01-22 21:30:00,37.05,37.45,37.05,37.43,424939
2015-01-22 22:00:00,37.43,37.49,37.21,37.34,654676
2015-01-22 22:30:00,37.34,37.35,37.23,37.32,858464
2015-01-23 16:30:00,37.27,37.29,37.02,37.15,532225
2015-01-23 17:00:00,37.16,37.29,37.12,37.24,247170
2015-01-23 17:30:00,37.25,37.3,37.08,37.19,231182
2015-01-23 18:00:00,37.19,37.3,37.16,37.27,413252
2015-01-23 18:30:00,37.27,37.27,37.07,37.13,206078
2015-01-23 19:00:00,37.13,37.24,37.08,37.17,302328
2015-01-23 19:30:00,37.17,37.25,37.11,37.14,98854
2015-01-23 20:00:00,37.13,37.24,37.07,37.22,151702
2015-01-23 20:30:00,37.22,37.27,37.2,37.26,141496
2015-01-23 21:00:00,37.26,37.34,37.24,37.31,120985
2015-01-23 21:30:00,37.32,37.32,37.17,37.17,193235
2015-01-23 22:00:00,37.16,37.18,37.04,37.08,427403
2015-01-23 22:30:00,37.08,37.08,36.96,37.03,1057720
2015-01-26 16:30:00,37.25,37.25,36.83,37.04,283987
2015-01-26 17:00:00,37.06,37.15,36.96,37.01,199065
2015-01-26 17:30:00,37.02,37.27,36.99,37.26,143070
2015-01-26 18:00:00,37.25,37.26,36.99,37.03,243219
2015-01-26 18:30:00,37.03,37.16,36.98,37.15,284630
2015-01-26 19:00:00,37.15,37.22,37.08,37.2,135414
2015-01-26 19:30:00,37.21,37.24,37.12,37.18,75923
2015-01-26 20:00:00,37.18,37.26,37.13,37.24,73968
2015-01-26 20:30:00,37.23,37.33,37.21,37.27,158135
2015-01-26 21:00:00,37.27,37.42,37.24,37.42,219178
2015-01-26 21:30:00,37.41,37.44,37.31,37.36,167109
2015-01-26 22:00:00,37.36,37.48,37.29,37.31,244321
2015-01-26 22:30:00,37.31,37.43,37.28,37.4,376627
2015-01-27 16:30:00,36.87,37.05,36.75,36.88,218958
2015-01-27 17:00:00,36.88,37.01,36.76,36.85,241124
2015-01-27 17:30:00,36.85,36.87,36.74,36.85,176796
2015-01-27 18:00:00,36.86,36.97,36.81,36.96,227248
2015-01-27 18:30:00,36.96,37.02,36.89,36.89,193743
2015-01-27 19:00:00,36.89,36.99,36.85,36.99,185987
2015-01-27 19:30:00,36.99,37.15,36.95,37.14,174442
2015-01-27 20:00:00,37.16,37.3,37.08,37.28,188627
2015-01-27 20:30:00,37.28,37.34,37.13,37.19,222568
2015-01-27 21:00:00,37.19,37.41,37.18,37.36,219878
2015-01-27 21:30:00,37.36,37.38,37.19,37.21,182470
2015-01-27 22:00:00,37.21,37.26,37.08,37.08,218990
2015-01-27 22:30:00,37.08,37.19,37.08,37.14,543782
2015-01-28 16:30:00,37.43,37.43,36.93,37.1,233133
2015-01-28 17:00:00,37.09,37.26,37.07,37.08,226706
2015-01-28 17:30:00,37.08,37.14,36.89,36.92,177663
2015-01-28 18:00:00,36.92,37.07,36.9,37.04,168358
2015-01-28 18:30:00,37.04,37.23,37.01,37.19,217678
2015-01-28 19:00:00,37.19,37.35,37.17,37.32,156438
2015-01-28 19:30:00,37.32,37.34,37.14,37.16,153035
2015-01-28 20:00:00,37.15,37.22,37.07,37.16,135248
2015-01-28 20:30:00,37.15,37.3,37.14,37.19,267891
2015-01-28 21:00:00,37.19,37.35,36.95,36.96,316293
2015-01-28 21:30:00,36.95,37.1,36.84,37.01,266848
2015-01-28 22:00:00,37.01,37.08,36.67,36.73,334376
2015-01-28 22:30:00,36.73,36.73,36.33,36.34,1010880
2015-01-29 16:30:00,37.28,37.78,36.63,37.74,1027205
2015-01-29 17:00:00,37.72,37.86,37.4,37.49,571793
2015-01-29 17:30:00,37.47,37.52,37.28,37.35,415654
2015-01-29 18:00:00,37.35,37.42,37.22,37.4,448871
2015-01-29 18:30:00,37.39,37.42,37.28,37.36,334283
2015-01-29 19:00:00,37.36,37.42,37.33,37.38,287792
2015-01-29 19:30:00,37.38,37.47,37.28,37.45,247117
2015-01-29 20:00:00,37.46,37.49,37.33,37.47,330433
2015-01-29 20:30:00,37.47,37.59,37.31,37.31,508862
2015-01-29 21:00:00,37.32,37.47,37.31,37.42,378724
2015-01-29 21:30:00,37.42,37.49,37.26,37.47,428090
2015-01-29 22:00:00,37.47,37.73,37.4,37.65,499802
2015-01-29 22:30:00,37.66,37.83,37.61,37.78,802920
2015-01-30 16:30:00,37.17,37.32,36.98,37.11,345838
2015-01-30 17:00:00,37.1,37.28,36.99,37.0,377379
2015-01-30 17:30:00,37.01,37.04,36.81,36.91,265163
2015-01-30 18:00:00,36.91,36.99,36.61,36.65,514003
2015-01-30 18:30:00,36.65,36.66,36.43,36.55,309857
2015-01-30 19:00:00,36.55,36.91,36.54,36.89,302089
2015-01-30 19:30:00,36.89,36.98,36.89,36.96,179857
2015-01-30 20:00:00,36.94,37.08,36.9,37.06,357776
2015-01-30 20:30:00,37.05,37.28,37.01,37.24,191184
2015-01-30 21:00:00,37.25,37.56,37.18,37.56,226602
2015-01-30 21:30:00,37.56,37.57,37.15,37.18,233328
2015-01-30 22:00:00,37.18,37.24,36.88,37.04,261015
2015-01-30 22:30:00,37.04,37.04,36.7,36.74,650189
2015-02-02 16:30:00,36.83,37.0,36.73,36.89,122313
2015-02-02 17:00:00,36.88,36.88,36.49,36.72,177241
2015-02-02 17:30:00,36.72,36.95,36.67,36.92,199014
2015-02-02 18:00:00,36.93,37.11,36.93,37.08,189721
2015-02-02 18:30:00,37.08,37.22,36.99,37.0,172771
2015-02-02 19:00:00,36.99,37.02,36.88,36.93,99442
2015-02-02 19:30:00,36.94,37.0,36.75,36.75,182144
2015-02-02 20:00:00,36.76,36.92,36.69,36.89,139227
2015-02-02 20:30:00,36.9,36.95,36.78,36.86,410610
2015-02-02 21:00:00,36.85,36.98,36.84,36.98,161167
2015-02-02 21:30:00,36.98,37.0,36.84,36.88,236463
2015-02-02 22:00:00,36.89,37.13,36.88,37.13,280596
2015-02-02 22:30:00,37.13,37.44,37.09,37.4,706545
2015-02-03 16:30:00,37.77,38.16,37.66,38.09,328915
2015-02-03 17:00:00,38.09,38.14,37.95,38.1,245054
2015-02-03 17:30:00,38.09,38.14,37.85,37.88,402703
2015-02-03 18:00:00,37.87,38.14,37.86,38.1,320440
2015-02-03 18:30:00,38.1,38.24,38.0,38.02,222062
2015-02-03 19:00:00,38.02,38.19,37.97,38.17,158563
2015-02-03 19:30:00,38.17,38.27,38.1,38.22,241242
2015-02-03 20:00:00,38.22,38.39,38.17,38.32,254788
2015-02-03 20:30:00,38.33,38.52,38.29,38.52,311270
2015-02-03 21:00:00,38.53,38.54,38.3,38.34,279116
2015-02-03 21:30:00,38.34,38.43,38.25,38.43,250604
2015-02-03 22:00:00,38.43,38.54,38.41,38.54,381589
2015-02-03 22:30:00,38.53,38.71,38.47,38.66,854082
2015-02-04 16:30:00,38.52,38.84,38.44,38.67,176423
2015-02-04 17:00:00,38.68,38.8,38.51,38.51,307604
2015-02-04 17:30:00,38.51,38.68,38.42,38.65,141330
2015-02-04 18:00:00,38.64,38.68,38.53,38.68,126778
2015-02-04 18:30:00,38.69,38.79,38.67,38.72,171570
2015-02-04 19:00:00,38.72,38.72,38.46,38.46,95846
2015-02-04 19:30:00,38.46,38.57,38.38,38.56,170275
2015-02-04 20:00:00,38.56,38.58,38.51,38.56,67142
2015-02-04 20:30:00,38.57,38.6,38.42,38.46,84217
2015-02-04 21:00:00,38.47,38.57,38.43,38.51,97533
2015-02-04 21:30:00,38.51,38.61,38.46,38.57,123778
2015-02-04 22:00:00,38.58,38.79,38.53,38.79,193731
2015-02-04 22:30:00,38.78,38.82,38.37,38.46,742058
2015-02-05 16:30:00,38.64,38.89,38.58,38.88,291267
2015-02-05 17:00:00,38.87,39.01,38.8,38.98,188615
2015-02-05 17:30:00,38.98,39.14,38.94,39.07,356449
2015-02-05 18:00:00,39.08,39.08,38.92,38.97,234755
2015-02-05 18:30:00,38.97,38.98,38.86,38.95,107379
2015-02-05 19:00:00,38.94,38.97,38.81,38.87,187869
2015-02-05 19:30:00,38.87,39.03,38.86,38.93,85070
2015-02-05 20:00:00,38.94,39.07,38.9,39.05,117203
2015-02-05 20:30:00,39.05,39.16,39.01,39.1,247813
2015-02-05 21:00:00,39.08,39.1,38.94,38.98,85229
2015-02-05 21:30:00,38.99,39.02,38.93,38.97,109848
2015-02-05 22:00:00,38.98,39.02,38.91,39.0,186488
2015-02-05 22:30:00,39.01,39.03,38.91,38.94,386986
2015-02-06 16:30:00,39.28,39.59,39.13,39.26,346652
2015-02-06 17:00:00,39.26,39.34,39.15,39.19,274397
2015-02-06 17:30:00,39.2,39.29,39.15,39.24,255900
2015-02-06 18:00:00,39.25,39.28,39.15,39.17,223546
2015-02-06 18:30:00,39.16,39.21,39.07,39.19,99024
2015-02-06 19:00:00,39.19,39.2,39.08,39.11,216613
2015-02-06 19:30:00,39.11,39.2,39.05,39.2,124249
2015-02-06 20:00:00,39.2,39.21,38.94,39.03,206667
2015-02-06 20:30:00,39.01,39.04,38.93,38.96,162989
2015-02-06 21:00:00,38.97,39.0,38.84,38.95,174028
2015-02-06 21:30:00,38.96,39.06,38.85,38.85,182438
2015-02-06 22:00:00,38.85,38.89,38.74,38.78,253731
2015-02-06 22:30:00,38.78,38.89,38.74,38.88,607803
2015-02-09 16:30:00,38.58,38.83,38.46,38.78,225831
2015-02-09 17:00:00,38.79,38.8,38.59,38.59,91486
2015-02-09 17:30:00,38.59,38.76,38.58,38.71,70709
2015-02-09 18:00:00,38.71,38.92,38.71,38.9,98350
2015-02-09 18:30:00,38.91,38.91,38.81,38.83,88748
2015-02-09 19:00:00,38.82,38.89,38.8,38.87,89460
2015-02-09 19:30:00,38.89,38.93,38.86,38.86,61755
2015-02-09 20:00:00,38.86,38.92,38.82,38.87,93080
2015-02-09 20:30:00,38.86,38.89,38.77,38.78,148154
2015-02-09 21:00:00,38.78,38.78,38.71,38.78,107862
2015-02-09 21:30:00,38.78,38.86,38.76,38.8,73294
2015-02-09 22:00:00,38.79,38.8,38.64,38.73,131541
2015-02-09 22:30:00,38.73,38.84,38.67,38.75,314643
2015-02-10 16:30:00,39.16,39.23,38.93,38.95,123219
2015-02-10 17:00:00,38.99,39.1,38.89,38.92,133373
2015-02-10 17:30:00,38.92,38.94,38.7,38.81,106953
2015-02-10 18:00:00,38.82,38.99,38.76,38.99,80871
2015-02-10 18:30:00,39.0,39.05,38.94,38.96,85209
2015-02-10 19:00:00,38.96,39.1,38.89,39.02,83802
2015-02-10 19:30:00,39.01,39.04,38.97,39.01,44865
2015-02-10 20:00:00,39.02,39.03,38.93,38.99,59702
2015-02-10 20:30:00,38.98,39.09,38.97,39.04,85710
2015-02-10 21:00:00,39.04,39.14,39.03,39.11,72133
2015-02-10 21:30:00,39.1,39.25,39.09,39.25,158505
2015-02-10 22:00:00,39.25,39.34,39.23,39.33,314550
2015-02-10 22:30:00,39.33,39.42,39.28,39.36,529693
2015-02-11 16:30:00,39.38,39.45,39.16,39.33,114856
2015-02-11 17:00:00,39.32,39.32,39.08,39.11,47795
2015-02-11 17:30:00,39.11,39.18,39.05,39.12,71674
2015-02-11 18:00:00,39.13,39.33,39.13,39.27,134319
2015-02-11 18:30:00,39.27,39.31,39.21,39.29,49626
2015-02-11 19:00:00,39.29,39.39,39.24,39.39,47455
2015-02-11 19:30:00,39.38,39.41,39.28,39.3,108856
2015-02-11 20:00:00,39.3,39.35,39.17,39.23,103341
2015-02-11 20:30:00,39.23,39.3,39.15,39.28,100273
2015-02-11 21:00:00,39.29,39.36,39.26,39.28,104865
2015-02-11 21:30:00,39.28,39.45,39.28,39.37,79958
2015-02-11 22:00:00,39.38,39.54,39.37,39.48,126575
2015-02-11 22:30:00,39.48,39.5,39.32,39.37,521912
2015-02-12 16:30:00,39.78,39.79,39.49,39.66,189392
2015-02-12 17:00:00,39.67,39.71,39.55,39.55,113875
2015-02-12 17:30:00,39.55,39.62,39.47,39.53,220680
2015-02-12 18:00:00,39.53,39.64,39.45,39.48,138000
2015-02-12 18:30:00,39.49,39.57,39.47,39.47,75879
2015-02-12 19:00:00,39.47,39.54,39.46,39.49,71138
2015-02-12 19:30:00,39.5,39.58,39.47,39.49,122816
2015-02-12 20:00:00,39.49,39.58,39.47,39.48,154402
2015-02-12 20:30:00,39.47,39.57,39.44,39.56,104555
2015-02-12 21:00:00,39.55,39.56,39.41,39.42,119523
2015-02-12 21:30:00,39.42,39.51,39.42,39.5,140644
2015-02-12 22:00:00,39.5,39.58,39.48,39.55,165378
2015-02-12 22:30:00,39.55,39.62,39.52,39.57,455839
2015-02-13 16:30:00,39.6,39.77,39.44,39.76,155221
2015-02-13 17:00:00,39.75,39.79,39.67,39.75,98159
2015-02-13 17:30:00,39.75,39.78,39.61,39.61,119616
2015-02-13 18:00:00,39.62,39.66,39.56,39.6,91376
2015-02-13 18:30:00,39.6,39.62,39.54,39.59,62609
2015-02-13 19:00:00,39.59,39.6,39.52,39.52,81501
2015-02-13 19:30:00,39.51,39.55,39.48,39.5,49815
2015-02-13 20:00:00,39.5,39.59,39.48,39.5,93247
2015-02-13 20:30:00,39.5,39.52,39.43,39.5,95842
2015-02-13 21:00:00,39.49,39.58,39.47,39.58,82361
2015-02-13 21:30:00,39.57,39.58,39.51,39.52,87332
2015-02-13 22:00:00,39.53,39.6,39.5,39.57,152209
2015-02-13 22:30:00,39.57,39.59,39.5,39.52,449579
2015-02-17 16:30:00,39.44,39.55,39.37,39.44,165676
2015-02-17 17:00:00,39.45,39.47,39.28,39.44,147060
2015-02-17 17:30:00,39.44,39.52,39.42,39.47,73760
2015-02-17 18:00:00,39.47,39.49,39.39,39.47,72525
2015-02-17 18:30:00,39.46,39.55,39.45,39.53,80565
2015-02-17 19:00:00,39.54,39.59,39.52,39.57,71703
2015-02-17 19:30:00,39.57,39.66,39.55,39.65,97679
2015-02-17 20:00:00,39.65,39.7,39.62,39.67,89129
2015-02-17 20:30:00,39.66,39.73,39.66,39.68,62729
2015-02-17 21:00:00,39.69,39.69,39.61,39.64,83271
2015-02-17 21:30:00,39.64,39.7,39.61,39.62,65630
2015-02-17 22:00:00,39.62,39.64,39.52,39.56,194963
2015-02-17 22:30:00,39.56,39.56,39.45,39.51,420301
2015-02-18 16:30:00,39.5,39.6,39.27,39.54,99780
2015-02-18 17:00:00,39.56,39.57,39.37,39.39,57597
2015-02-18 17:30:00,39.39,39.52,39.38,39.42,144254
2015-02-18 18:00:00,39.42,39.56,39.4,39.56,82193
2015-02-18 18:30:00,39.57,39.6,39.44,39.49,93155
2015-02-18 19:00:00,39.5,39.55,39.4,39.41,135425
2015-02-18 19:30:00,39.41,39.44,39.32,39.34,63691
2015-02-18 20:00:00,39.34,39.42,39.32,39.33,128806
2015-02-18 20:30:00,39.35,39.37,39.3,39.32,77179
2015-02-18 21:00:00,39.32,39.42,39.13,39.13,214345
2015-02-18 21:30:00,39.13,39.17,39.06,39.15,103338
2015-02-18 22:00:00,39.16,39.25,39.15,39.21,129196
2015-02-18 22:30:00,39.21,39.22,39.15,39.18,346672
2015-02-19 16:30:00,39.06,39.23,38.99,39.01,120508
2015-02-19 17:00:00,39.01,39.17,38.92,39.17,84636
2015-02-19 17:30:00,39.18,39.23,39.1,39.17,113687
2015-02-19 18:00:00,39.16,39.27,39.16,39.22,211371
2015-02-19 18:30:00,39.21,39.34,39.2,39.3,166412
2015-02-19 19:00:00,39.31,39.31,39.16,39.17,80788
2015-02-19 19:30:00,39.17,39.2,39.04,39.1,134058
2015-02-19 20:00:00,39.1,39.1,38.99,39.07,131839
2015-02-19 20:30:00,39.07,39.13,39.04,39.12,75077
2015-02-19 21:00:00,39.12,39.14,39.09,39.12,120544
2015-02-19 21:30:00,39.11,39.13,39.08,39.08,112807
2015-02-19 22:00:00,39.09,39.11,39.05,39.06,199426
2015-02-19 22:30:00,39.07,39.19,39.04,39.18,612580
2015-02-20 16:30:00,38.96,39.31,38.96,39.08,377562
2015-02-20 17:00:00,39.06,39.19,39.06,39.12,104772
2015-02-20 17:30:00,39.12,39.62,39.12,39.61,347586
2015-02-20 18:00:00,39.61,39.83,39.6,39.73,443967
2015-02-20 18:30:00,39.73,39.82,39.7,39.79,179345
2015-02-20 19:00:00,39.8,39.88,39.71,39.81,292323
2015-02-20 19:30:00,39.8,39.99,39.79,39.97,368970
2015-02-20 20:00:00,39.96,40.06,39.96,40.0,279284
2015-02-20 20:30:00,39.99,40.01,39.93,39.97,136846
2015-02-20 21:00:00,39.98,40.04,39.92,39.92,172494
2015-02-20 21:30:00,39.92,40.03,39.88,40.01,218861
2015-02-20 22:00:00,40.01,40.08,39.99,40.05,274076
2015-02-20 22:30:00,40.06,40.14,40.0,40.04,534096
2015-02-23 16:30:00,39.97,40.01,39.62,39.69,137190
2015-02-23 17:00:00,39.69,39.78,39.66,39.71,130681
2015-02-23 17:30:00,39.71,39.77,39.66,39.7,74593
2015-02-23 18:00:00,39.7,39.82,39.67,39.82,113088
2015-02-23 18:30:00,39.81,39.81,39.71,39.76,147197
2015-02-23 19:00:00,39.76,39.85,39.7,39.7,131328
2015-02-23 19:30:00,39.69,39.72,39.62,39.64,81947
2015-02-23 20:00:00,39.65,39.76,39.6,39.71,200546
2015-02-23 20:30:00,39.71,39.8,39.7,39.74,60064
2015-02-23 21:00:00,39.75,39.88,39.72,39.8,145929
2015-02-23 21:30:00,39.8,39.82,39.65,39.67,159241
2015-02-23 22:00:00,39.67,39.68,39.58,39.65,114450
2015-02-23 22:30:00,39.64,39.75,39.64,39.75,241764
2015-02-24 16:30:00,39.65,40.04,39.65,39.94,104253
2015-02-24 17:00:00,39.95,40.27,39.89,40.21,222694
2015-02-24 17:30:00,40.22,40.24,40.05,40.09,205947
2015-02-24 18:00:00,40.1,40.17,40.06,40.09,107492
2015-02-24 18:30:00,40.1,40.17,40.09,40.13,213913
2015-02-24 19:00:00,40.12,40.17,40.06,40.07,64786
2015-02-24 19:30:00,40.07,40.12,40.03,40.09,177438
2015-02-24 20:00:00,40.09,40.14,40.06,40.1,139096
2015-02-24 20:30:00,40.1,40.21,40.1,40.18,329953
2015-02-24 21:00:00,40.18,40.21,40.14,40.17,210810
2015-02-24 21:30:00,40.17,40.21,40.16,40.19,152510
2015-02-24 22:00:00,40.18,40.3,40.17,40.3,170651
2015-02-24 22:30:00,40.29,40.3,40.2,40.21,400442
2015-02-25 16:30:00,40.1,40.25,40.05,40.07,84906
2015-02-25 17:00:00,40.06,40.15,40.04,40.13,91175
2015-02-25 17:30:00,40.1,40.15,40.03,40.03,93313
2015-02-25 18:00:00,40.02,40.2,39.97,40.15,89430
2015-02-25 18:30:00,40.15,40.18,40.11,40.16,55193
2015-02-25 19:00:00,40.16,40.26,40.16,40.21,120308
2015-02-25 19:30:00,40.21,40.22,40.12,40.12,72793
2015-02-25 20:00:00,40.12,40.2,40.11,40.2,80996
2015-02-25 20:30:00,40.2,40.28,40.18,40.2,109996
2015-02-25 21:00:00,40.21,40.22,40.13,40.14,87808
2015-02-25 21:30:00,40.13,40.15,40.03,40.07,96749
2015-02-25 22:00:00,40.06,40.08,40.0,40.04,118914
2015-02-25 22:30:00,40.04,40.21,40.04,40.17,602747
2015-02-26 16:30:00,40.12,40.35,40.05,40.18,115271
2015-02-26 17:00:00,40.19,40.25,40.14,40.23,379666
2015-02-26 17:30:00,40.23,40.45,40.2,40.43,268131
2015-02-26 18:00:00,40.43,40.51,40.4,40.44,168109
2015-02-26 18:30:00,40.44,40.53,40.42,40.43,133576
2015-02-26 19:00:00,40.43,40.52,40.41,40.46,122965
2015-02-26 19:30:00,40.46,40.59,40.45,40.55,148429
2015-02-26 20:00:00,40.55,40.74,40.46,40.52,544289
2015-02-26 20:30:00,40.52,40.6,40.43,40.47,287972
2015-02-26 21:00:00,40.46,40.49,40.29,40.31,173922
2015-02-26 21:30:00,40.32,40.33,40.21,40.24,158773
2015-02-26 22:00:00,40.24,40.39,40.18,40.38,242385
2015-02-26 22:30:00,40.38,40.44,40.32,40.33,445709
2015-02-27 16:30:00,40.35,40.39,40.14,40.17,256427
2015-02-27 17:00:00,40.18,40.23,40.08,40.19,118145
2015-02-27 17:30:00,40.2,40.29,40.15,40.25,193894
2015-02-27 18:00:00,40.25,40.26,40.12,40.13,276602
2015-02-27 18:30:00,40.13,40.25,40.12,40.19,145558
2015-02-27 19:00:00,40.18,40.29,40.16,40.29,73828
2015-02-27 19:30:00,40.28,40.35,40.21,40.26,206520
2015-02-27 20:00:00,40.26,40.32,40.25,40.29,135320
2015-02-27 20:30:00,40.29,40.36,40.27,40.35,100738
2015-02-27 21:00:00,40.36,40.4,40.35,40.38,114761
2015-02-27 21:30:00,40.38,40.39,40.29,40.32,181879
2015-02-27 22:00:00,40.31,40.39,40.27,40.35,223483
2015-02-27 22:30:00,40.34,40.35,40.24,40.27,609748
2015-03-02 16:30:00,39.93,40.48,39.85,40.3,507233
2015-03-02 17:00:00,40.32,40.53,40.26,40.44,175332
2015-03-02 17:30:00,40.44,40.51,40.39,40.44,157521
2015-03-02 18:00:00,40.44,40.45,40.34,40.37,107358
2015-03-02 18:30:00,40.37,40.51,40.37,40.44,145220
2015-03-02 19:00:00,40.43,40.48,40.31,40.33,130090
2015-03-02 19:30:00,40.33,40.36,40.29,40.31,144125
2015-03-02 20:00:00,40.31,40.31,40.24,40.27,93726
2015-03-02 20:30:00,40.28,40.42,40.28,40.35,136415
2015-03-02 21:00:00,40.36,40.37,40.23,40.23,134321
2015-03-02 21:30:00,40.23,40.38,40.21,40.36,203132
2015-03-02 22:00:00,40.37,40.46,40.3,40.46,212736
2015-03-02 22:30:00,40.45,40.49,40.41,40.47,539661
2015-03-03 16:30:00,40.35,40.72,40.23,40.28,406332
2015-03-03 17:00:00,40.28,40.33,40.19,40.24,96737
2015-03-03 17:30:00,40.25,40.29,40.2,40.24,144716
2015-03-03 18:00:00,40.23,40.26,40.16,40.18,83151
2015-03-03 18:30:00,40.19,40.21,40.04,40.08,74020
2015-03-03 19:00:00,40.08,40.16,40.02,40.07,60519
2015-03-03 19:30:00,40.08,40.22,40.07,40.21,46697
2015-03-03 20:00:00,40.21,40.24,40.14,40.22,49361
2015-03-03 20:30:00,40.22,40.28,40.17,40.18,122347
2015-03-03 21:00:00,40.18,40.38,40.17,40.36,102047
2015-03-03 21:30:00,40.36,40.36,40.2,40.25,139136
2015-03-03 22:00:00,40.25,40.29,40.17,40.27,135998
2015-03-03 22:30:00,40.27,40.29,40.18,40.29,270685
2015-03-04 16:30:00,40.13,40.17,39.9,39.97,175787
2015-03-04 17:00:00,39.96,40.0,39.81,39.86,140353
2015-03-04 17:30:00,39.85,39.92,39.82,39.86,77215
2015-03-04 18:00:00,39.87,40.07,39.85,40.03,102384
2015-03-04 18:30:00,40.04,40.16,40.04,40.13,75714
2015-03-04 19:00:00,40.12,40.25,40.1,40.24,98570
2015-03-04 19:30:00,40.24,40.32,40.24,40.28,103399
2015-03-04 20:00:00,40.27,40.36,40.25,40.29,112567
2015-03-04 20:30:00,40.29,40.31,40.21,40.22,134408
2015-03-04 21:00:00,40.22,40.26,40.13,40.21,128746
2015-03-04 21:30:00,40.2,40.33,40.2,40.33,100490
2015-03-04 22:00:00,40.33,40.36,40.29,40.3,221643
2015-03-04 22:30:00,40.3,40.37,40.3,40.33,326458
2015-03-05 16:30:00,40.39,40.56,40.24,40.43,251405
2015-03-05 17:00:00,40.43,40.69,40.36,40.63,177932
2015-03-05 17:30:00,40.64,40.7,40.58,40.7,146225
2015-03-05 18:00:00,40.7,40.7,40.59,40.61,180350
2015-03-05 18:30:00,40.62,40.73,40.61,40.72,116241
2015-03-05 19:00:00,40.71,40.71,40.61,40.61,89869
2015-03-05 19:30:00,40.6,40.63,40.46,40.5,132568
2015-03-05 20:00:00,40.49,40.55,40.46,40.52,111286
2015-03-05 20:30:00,40.52,40.59,40.49,40.5,78848
2015-03-05 21:00:00,40.5,40.64,40.5,40.59,120277
2015-03-05 21:30:00,40.6,40.67,40.52,40.66,114310
2015-03-05 22:00:00,40.66,40.68,40.57,40.64,182451
2015-03-05 22:30:00,40.63,40.67,40.58,40.61,364209
2015-03-06 16:30:00,40.62,41.19,40.59,41.1,220104
2015-03-06 17:00:00,41.11,41.13,40.93,41.12,120353
2015-03-06 17:30:00,41.1,41.13,40.83,40.83,180091
2015-03-06 18:00:00,40.83,40.85,40.56,40.65,127863
2015-03-06 18:30:00,40.65,40.73,40.55,40.65,244769
2015-03-06 19:00:00,40.67,40.68,40.35,40.38,143554
2015-03-06 19:30:00,40.38,40.44,40.24,40.35,228596
2015-03-06 20:00:00,40.36,40.43,40.28,40.35,170307
2015-03-06 20:30:00,40.36,40.36,40.28,40.34,168014
2015-03-06 21:00:00,40.35,40.45,40.24,40.26,178630
2015-03-06 21:30:00,40.25,40.33,40.24,40.29,190409
2015-03-06 22:00:00,40.29,40.37,40.25,40.27,147605
2015-03-06 22:30:00,40.26,40.32,40.06,40.16,776582
2015-03-09 16:30:00,40.2,40.3,40.12,40.17,102624
2015-03-09 17:00:00,40.23,40.29,40.16,40.25,124751
2015-03-09 17:30:00,40.24,40.31,40.21,40.26,90972
2015-03-09 18:00:00,40.25,40.39,40.23,40.35,85234
2015-03-09 18:30:00,40.36,40.45,40.28,40.29,90148
2015-03-09 19:00:00,40.3,40.36,40.24,40.26,104737
2015-03-09 19:30:00,40.25,40.4,40.24,40.39,122249
2015-03-09 20:00:00,40.39,40.42,40.34,40.42,67959
2015-03-09 20:30:00,40.42,40.54,40.4,40.45,160123
2015-03-09 21:00:00,40.45,40.59,40.44,40.51,215368
2015-03-09 21:30:00,40.52,40.52,40.44,40.49,151220
2015-03-09 22:00:00,40.49,40.54,40.43,40.52,238540
2015-03-09 22:30:00,40.53,40.59,40.41,40.42,536449
2015-03-10 16:30:00,39.93,39.98,39.66,39.77,173897
2015-03-10 17:00:00,39.77,39.82,39.7,39.79,210288
2015-03-10 17:30:00,39.79,39.8,39.61,39.7,147660
2015-03-10 18:00:00,39.69,39.88,39.68,39.81,75581
2015-03-10 18:30:00,39.82,39.85,39.64,39.64,168428
2015-03-10 19:00:00,39.63,39.71,39.57,39.66,116726
2015-03-10 19:30:00,39.64,39.75,39.63,39.7,82676
2015-03-10 20:00:00,39.7,39.83,39.68,39.78,127702
2015-03-10 20:30:00,39.78,39.85,39.74,39.81,114556
2015-03-10 21:00:00,39.81,39.87,39.63,39.65,181582
2015-03-10 21:30:00,39.66,39.75,39.62,39.63,92694
2015-03-10 22:00:00,39.62,39.73,39.61,39.63,244623
2015-03-10 22:30:00,39.63,39.68,39.44,39.46,752054
2015-03-11 16:30:00,39.61,39.87,39.61,39.86,210897
2015-03-11 17:00:00,39.85,39.94,39.76,39.86,91320
2015-03-11 17:30:00,39.86,39.9,39.64,39.74,95062
2015-03-11 18:00:00,39.73,39.86,39.67,39.85,115287
2015-03-11 18:30:00,39.85,39.86,39.75,39.82,68662
2015-03-11 19:00:00,39.82,39.93,39.78,39.86,209634
2015-03-11 19:30:00,39.87,39.97,39.84,39.94,94683
2015-03-11 20:00:00,39.95,39.97,39.87,39.88,70367
2015-03-11 20:30:00,39.9,39.9,39.67,39.77,133460
2015-03-11 21:00:00,39.77,39.89,39.77,39.84,78064
2015-03-11 21:30:00,39.84,39.98,39.79,39.97,107564
2015-03-11 22:00:00,39.96,39.96,39.8,39.81,153175
2015-03-11 22:30:00,39.81,39.82,39.72,39.79,433133
2015-03-12 16:30:00,40.04,40.38,39.94,40.2,221192
2015-03-12 17:00:00,40.2,40.23,40.1,40.15,95246
2015-03-12 17:30:00,40.15,40.22,40.08,40.22,178188
2015-03-12 18:00:00,40.22,40.36,40.17,40.32,133551
2015-03-12 18:30:00,40.33,40.33,40.26,40.28,89728
2015-03-12 19:00:00,40.3,40.3,40.25,40.29,65248
2015-03-12 19:30:00,40.29,40.29,40.2,40.21,59291
2015-03-12 20:00:00,40.2,40.29,40.18,40.25,64291
2015-03-12 20:30:00,40.25,40.28,40.22,40.25,68836
2015-03-12 21:00:00,40.25,40.34,40.22,40.33,61866
2015-03-12 21:30:00,40.32,40.45,40.28,40.43,90491
2015-03-12 22:00:00,40.44,40.54,40.44,40.53,161092
2015-03-12 22:30:00,40.53,40.61,40.49,40.58,469630
2015-03-13 16:30:00,40.52,40.58,40.19,40.21,138405
2015-03-13 17:00:00,40.2,40.28,40.06,40.15,299524
2015-03-13 17:30:00,40.15,40.22,39.93,39.93,123502
2015-03-13 18:00:00,39.93,40.1,39.89,39.93,174853
2015-03-13 18:30:00,39.92,39.97,39.84,39.95,106627
2015-03-13 19:00:00,39.95,40.01,39.86,39.92,84689
2015-03-13 19:30:00,39.91,40.05,39.91,39.98,86778
2015-03-13 20:00:00,39.98,40.0,39.83,39.83,88887
2015-03-13 20:30:00,39.84,40.02,39.82,39.98,182689
2015-03-13 21:00:00,39.99,40.06,39.9,40.06,127004
2015-03-13 21:30:00,40.06,40.08,39.94,40.07,270959
2015-03-13 22:00:00,40.07,40.28,40.07,40.28,261664
2015-03-13 22:30:00,40.28,40.51,40.22,40.37,946117
2015-03-16 16:30:00,40.68,41.26,40.68,41.17,385298
2015-03-16 17:00:00,41.16,41.36,41.13,41.31,286993
2015-03-16 17:30:00,41.32,41.4,41.25,41.35,230338
2015-03-16 18:00:00,41.35,41.46,41.32,41.37,245502
2015-03-16 18:30:00,41.38,41.43,41.33,41.36,125179
2015-03-16 19:00:00,41.36,41.39,41.27,41.28,139985
2015-03-16 19:30:00,41.28,41.39,41.25,41.34,134856
2015-03-16 20:00:00,41.33,41.4,41.23,41.38,102362
2015-03-16 20:30:00,41.38,41.5,41.3,41.45,204990
2015-03-16 21:00:00,41.44,41.52,41.41,41.44,201008
2015-03-16 21:30:00,41.45,41.48,41.38,41.44,200801
2015-03-16 22:00:00,41.45,41.49,41.28,41.31,265851
2015-03-16 22:30:00,41.31,41.37,41.26,41.36,631931
2015-03-17 16:30:00,41.06,41.12,40.87,40.93,230128
2015-03-17 17:00:00,40.93,41.1,40.84,41.1,144759
2015-03-17 17:30:00,41.1,41.19,40.99,41.1,167504
2015-03-17 18:00:00,41.1,41.1,40.96,41.0,169205
2015-03-17 18:30:00,40.99,41.07,40.95,41.07,120363
2015-03-17 19:00:00,41.06,41.06,40.94,40.99,77686
2015-03-17 19:30:00,40.99,41.08,40.96,41.07,71915
2015-03-17 20:00:00,41.07,41.15,41.02,41.14,99834
2015-03-17 20:30:00,41.14,41.14,41.05,41.13,95297
2015-03-17 21:00:00,41.12,41.19,41.05,41.08,84885
2015-03-17 21:30:00,41.08,41.09,40.97,41.03,191332
2015-03-17 22:00:00,41.02,41.18,40.99,41.18,203349
2015-03-17 22:30:00,41.17,41.22,41.02,41.04,325833
2015-03-18 16:30:00,40.99,41.08,40.84,40.88,193342
2015-03-18 17:00:00,40.88,41.05,40.87,40.99,148492
2015-03-18 17:30:00,41.0,41.08,40.95,41.04,177012
2015-03-18 18:00:00,41.04,41.05,40.88,40.89,97850
2015-03-18 18:30:00,40.89,41.01,40.87,40.96,59629
2015-03-18 19:00:00,40.96,41.05,40.94,41.05,63153
2015-03-18 19:30:00,41.04,41.09,41.03,41.06,90165
2015-03-18 20:00:00,41.06,41.11,40.99,41.05,72129
2015-03-18 20:30:00,41.04,41.1,40.93,41.08,77899
2015-03-18 21:00:00,41.07,41.78,40.99,41.67,503515
2015-03-18 21:30:00,41.66,41.87,41.65,41.68,239511
2015-03-18 22:00:00,41.69,41.93,41.68,41.72,300400
2015-03-18 22:30:00,41.72,41.8,41.65,41.76,710113
2015-03-19 16:30:00,41.59,41.75,41.29,41.39,150117
2015-03-19 17:00:00,41.36,41.43,41.32,41.4,211577
2015-03-19 17:30:00,41.38,41.43,41.29,41.37,271934
2015-03-19 18:00:00,41.37,41.4,41.19,41.19,244168
2015-03-19 18:30:00,41.18,41.2,40.95,41.01,174045
2015-03-19 19:00:00,41.02,41.15,40.98,41.15,173600
2015-03-19 19:30:00,41.14,41.19,41.06,41.13,112852
2015-03-19 20:00:00,41.11,41.21,41.05,41.18,110648
2015-03-19 20:30:00,41.18,41.19,41.06,41.07,109848
2015-03-19 21:00:00,41.09,41.14,41.0,41.14,190859
2015-03-19 21:30:00,41.13,41.19,41.09,41.15,216701
2015-03-19 22:00:00,41.15,41.16,41.09,41.13,390465
2015-03-19 22:30:00,41.13,41.18,41.09,41.09,664494
2015-03-20 16:30:00,40.86,41.37,40.86,41.28,748131
2015-03-20 17:00:00,41.28,41.41,41.27,41.39,145817
2015-03-20 17:30:00,41.39,41.63,41.38,41.6,95342
2015-03-20 18:00:00,41.59,41.71,41.56,41.68,100967
2015-03-20 18:30:00,41.67,41.78,41.66,41.72,110135
2015-03-20 19:00:00,41.71,41.8,41.7,41.76,110916
2015-03-20 19:30:00,41.76,41.88,41.76,41.87,113226
2015-03-20 20:00:00,41.87,41.95,41.87,41.9,132436
2015-03-20 20:30:00,41.91,41.96,41.89,41.94,93654
2015-03-20 21:00:00,41.94,41.97,41.89,41.95,127092
2015-03-20 21:30:00,41.94,41.98,41.92,41.97,95220
2015-03-20 22:00:00,41.97,41.98,41.74,41.8,167498
2015-03-20 22:30:00,41.8,41.98,41.74,41.85,637717
2015-03-23 16:30:00,41.85,41.97,41.75,41.82,111723
2015-03-23 17:00:00,41.81,41.88,41.77,41.78,104316
2015-03-23 17:30:00,41.78,41.8,41.73,41.78,91422
2015-03-23 18:00:00,41.79,41.79,41.71,41.72,140637
2015-03-23 18:30:00,41.73,41.74,41.62,41.66,142787
2015-03-23 19:00:00,41.64,41.66,41.55,41.57,106525
2015-03-23 19:30:00,41.57,41.65,41.56,41.61,106512
2015-03-23 20:00:00,41.61,41.66,41.59,41.59,77258
2015-03-23 20:30:00,41.58,41.61,41.56,41.57,90472
2015-03-23 21:00:00,41.56,41.63,41.55,41.55,101726
2015-03-23 21:30:00,41.56,41.58,41.49,41.55,118999
2015-03-23 22:00:00,41.56,41.61,41.5,41.57,261395
2015-03-23 22:30:00,41.56,41.57,41.38,41.39,433408
2015-03-24 16:30:00,41.27,41.42,41.03,41.09,203966
2015-03-24 17:00:00,41.1,41.29,41.09,41.2,278910
2015-03-24 17:30:00,41.2,41.23,41.1,41.16,67460
2015-03-24 18:00:00,41.17,41.35,41.15,41.25,193889
2015-03-24 18:30:00,41.25,41.3,41.17,41.25,103392
2015-03-24 19:00:00,41.25,41.26,41.19,41.21,46691
2015-03-24 19:30:00,41.21,41.25,41.11,41.18,93449
2015-03-24 20:00:00,41.17,41.2,41.11,41.15,102514
2015-03-24 20:30:00,41.15,41.19,41.11,41.14,73885
2015-03-24 21:00:00,41.14,41.15,41.04,41.11,68830
2015-03-24 21:30:00,41.1,41.13,41.03,41.1,109317
2015-03-24 22:00:00,41.1,41.18,41.01,41.02,228036
2015-03-24 22:30:00,41.02,41.11,40.92,40.92,602111
2015-03-25 16:30:00,40.97,41.05,40.71,40.78,108526
2015-03-25 17:00:00,40.77,40.82,40.73,40.76,88712
2015-03-25 17:30:00,40.75,40.75,40.6,40.67,78866
2015-03-25 18:00:00,40.68,40.69,40.57,40.59,145692
2015-03-25 18:30:00,40.59,40.59,40.34,40.39,109092
2015-03-25 19:00:00,40.38,40.41,40.24,40.31,110420
2015-03-25 19:30:00,40.29,40.3,40.18,40.25,99878
2015-03-25 20:00:00,40.26,40.28,40.17,40.28,97363
2015-03-25 20:30:00,40.28,40.41,40.24,40.39,177986
2015-03-25 21:00:00,40.39,40.39,40.28,40.3,146197
2015-03-25 21:30:00,40.31,40.36,40.22,40.28,115345
2015-03-25 22:00:00,40.28,40.28,40.15,40.16,185583
2015-03-25 22:30:00,40.16,40.2,40.09,40.09,706117
2015-03-26 16:30:00,39.84,40.01,39.76,39.82,325775
2015-03-26 17:00:00,39.82,39.84,39.69,39.83,166585
2015-03-26 17:30:00,39.84,40.04,39.82,40.01,119997
2015-03-26 18:00:00,40.0,40.04,39.92,40.04,56861
2015-03-26 18:30:00,40.03,40.26,40.02,40.25,59488
2015-03-26 19:00:00,40.24,40.25,40.08,40.09,89475
2015-03-26 19:30:00,40.1,40.18,40.04,40.18,78589
2015-03-26 20:00:00,40.17,40.17,40.01,40.08,100247
2015-03-26 20:30:00,40.08,40.25,40.07,40.21,85298
2015-03-26 21:00:00,40.2,40.22,40.09,40.09,67201
2015-03-26 21:30:00,40.1,40.14,40.02,40.02,81363
2015-03-26 22:00:00,40.01,40.03,39.94,40.0,203449
2015-03-26 22:30:00,40.0,40.11,39.87,39.92,641864
2015-03-27 16:30:00,39.83,39.97,39.64,39.87,290744
2015-03-27 17:00:00,39.86,40.0,39.77,39.92,184527
2015-03-27 17:30:00,39.91,40.03,39.82,40.03,84208
2015-03-27 18:00:00,40.01,40.01,39.9,39.91,75236
2015-03-27 18:30:00,39.91,39.92,39.76,39.8,78731
2015-03-27 19:00:00,39.81,39.89,39.7,39.71,68119
2015-03-27 19:30:00,39.7,39.76,39.68,39.75,74759
2015-03-27 20:00:00,39.76,39.76,39.67,39.68,56600
2015-03-27 20:30:00,39.68,39.74,39.65,39.7,76011
2015-03-27 21:00:00,39.7,39.82,39.69,39.75,239263
2015-03-27 21:30:00,39.76,39.77,39.68,39.71,54403
2015-03-27 22:00:00,39.72,39.75,39.65,39.69,180614
2015-03-27 22:30:00,39.69,39.76,39.66,39.69,534185
2015-03-30 16:30:00,39.85,40.15,39.85,40.03,492542
2015-03-30 17:00:00,40.04,40.13,40.04,40.05,156928
2015-03-30 17:30:00,40.05,40.16,40.05,40.1,274981
2015-03-30 18:00:00,40.11,40.14,40.08,40.08,164075
2015-03-30 18:30:00,40.1,40.11,40.08,40.09,143078
2015-03-30 19:00:00,40.09,40.14,40.07,40.09,141817
2015-03-30 19:30:00,40.09,40.11,40.05,40.09,115443
2015-03-30 20:00:00,40.09,40.16,40.08,40.1,261708
2015-03-30 20:30:00,40.11,40.13,40.04,40.1,214266
2015-03-30 21:00:00,40.09,40.18,40.08,40.09,126482
2015-03-30 21:30:00,40.09,40.11,40.07,40.1,120627
2015-03-30 22:00:00,40.1,40.11,40.04,40.06,259954
2015-03-30 22:30:00,40.06,40.11,39.99,39.99,913595
2015-03-31 16:30:00,39.79,39.86,39.66,39.84,109308
2015-03-31 17:00:00,39.84,39.87,39.79,39.81,115690
2015-03-31 17:30:00,39.81,39.88,39.76,39.79,133450
2015-03-31 18:00:00,39.8,39.86,39.78,39.83,129652
2015-03-31 18:30:00,39.83,39.86,39.8,39.8,91370
2015-03-31 19:00:00,39.79,39.84,39.75,39.83,46968
2015-03-31 19:30:00,39.84,39.94,39.82,39.88,68117
2015-03-31 20:00:00,39.88,39.96,39.85,39.95,52005
2015-03-31 20:30:00,39.96,40.01,39.85,39.87,117311
2015-03-31 21:00:00,39.87,39.91,39.86,39.89,106424
2015-03-31 21:30:00,39.88,39.92,39.84,39.9,101665
2015-03-31 22:00:00,39.91,39.91,39.68,39.71,143376
2015-03-31 22:30:00,39.7,39.78,39.63,39.68,500414
2015-04-01 16:30:00,39.68,39.69,39.35,39.41,200904
2015-04-01 17:00:00,39.41,39.64,39.39,39.52,215159
2015-04-01 17:30:00,39.53,39.83,39.53,39.74,168801
2015-04-01 18:00:00,39.75,39.87,39.65,39.68,151959
2015-04-01 18:30:00,39.68,39.72,39.6,39.65,161329
2015-04-01 19:00:00,39.66,39.69,39.6,39.61,220262
2015-04-01 19:30:00,39.6,39.77,39.57,39.75,96783
2015-04-01 20:00:00,39.75,39.8,39.68,39.8,132580
2015-04-01 20:30:00,39.8,39.92,39.77,39.84,146690
2015-04-01 21:00:00,39.85,39.85,39.71,39.75,90698
2015-04-01 21:30:00,39.75,39.83,39.72,39.83,168070
2015-04-01 22:00:00,39.83,39.83,39.71,39.77,198534
2015-04-01 22:30:00,39.77,39.85,39.73,39.78,435710
2015-04-02 16:30:00,39.7,39.82,39.58,39.79,354542
2015-04-02 17:00:00,39.8,39.81,39.72,39.78,237607
2015-04-02 17:30:00,39.78,39.81,39.7,39.71,116861
2015-04-02 18:00:00,39.72,39.74,39.65,39.68,142791
2015-04-02 18:30:00,39.69,39.71,39.6,39.6,82372
2015-04-02 19:00:00,39.61,39.61,39.52,39.55,61678
2015-04-02 19:30:00,39.56,39.69,39.55,39.68,56265
2015-04-02 20:00:00,39.68,39.74,39.66,39.72,186529
2015-04-02 20:30:00,39.72,39.74,39.68,39.71,84868
2015-04-02 21:00:00,39.7,39.74,39.67,39.71,97405
2015-04-02 21:30:00,39.72,39.73,39.62,39.68,77660
2015-04-02 22:00:00,39.67,39.72,39.63,39.72,123868
2015-04-02 22:30:00,39.72,39.92,39.7,39.88,408133
2015-04-06 16:30:00,39.45,39.68,39.34,39.66,139404
2015-04-06 17:00:00,39.66,39.93,39.66,39.92,127045
2015-04-06 17:30:00,39.92,39.97,39.86,39.95,108020
2015-04-06 18:00:00,39.95,40.04,39.94,40.0,90548
2015-04-06 18:30:00,40.0,40.18,40.0,40.14,108599
2015-04-06 19:00:00,40.13,40.28,40.13,40.2,120243
2015-04-06 19:30:00,40.21,40.25,40.18,40.19,155945
2015-04-06 20:00:00,40.19,40.25,40.16,40.25,88771
2015-04-06 20:30:00,40.24,40.24,40.19,40.21,103004
2015-04-06 21:00:00,40.2,40.25,40.19,40.22,88912
2015-04-06 21:30:00,40.23,40.27,40.22,40.25,94174
2015-04-06 22:00:00,40.26,40.27,40.17,40.19,218392
2015-04-06 22:30:00,40.18,40.23,40.11,40.15,462770
2015-04-07 16:30:00,40.19,40.34,40.07,40.24,148567
2015-04-07 17:00:00,40.25,40.26,40.02,40.07,197323
2015-04-07 17:30:00,40.08,40.12,40.0,40.02,123956
2015-04-07 18:00:00,40.01,40.05,39.94,39.96,123618
2015-04-07 18:30:00,39.97,40.05,39.97,40.03,94877
2015-04-07 19:00:00,40.03,40.15,40.03,40.15,93350
2015-04-07 19:30:00,40.13,40.14,40.0,40.03,64594
2015-04-07 20:00:00,40.03,40.16,40.01,40.14,101246
2015-04-07 20:30:00,40.14,40.17,39.98,40.04,182603
2015-04-07 21:00:00,40.04,40.16,40.04,40.15,133229
2015-04-07 21:30:00,40.15,40.15,39.96,39.97,627750
2015-04-07 22:00:00,39.97,40.01,39.92,39.95,173724
2015-04-07 22:30:00,39.95,39.95,39.75,39.75,566785
2015-04-08 16:30:00,39.82,40.15,39.73,40.07,116152
2015-04-08 17:00:00,40.07,40.08,39.79,39.91,344639
2015-04-08 17:30:00,39.91,39.97,39.78,39.91,147834
2015-04-08 18:00:00,39.91,39.96,39.87,39.93,44295
2015-04-08 18:30:00,39.94,40.01,39.91,40.01,73960
2015-04-08 19:00:00,40.01,40.04,39.97,39.97,39855
2015-04-08 19:30:00,39.97,40.01,39.95,40.0,34406
2015-04-08 20:00:00,40.0,40.01,39.93,39.96,58352
2015-04-08 20:30:00,39.96,39.97,39.93,39.95,72963
2015-04-08 21:00:00,39.95,40.08,39.81,40.02,223098
2015-04-08 21:30:00,40.02,40.08,39.98,40.0,89191
2015-04-08 22:00:00,40.0,40.08,39.98,39.99,168285
2015-04-08 22:30:00,39.99,40.03,39.98,40.03,346858
2015-04-09 16:30:00,39.93,40.09,39.87,39.9,248536
2015-04-09 17:00:00,39.9,39.99,39.85,39.93,374334
2015-04-09 17:30:00,39.93,39.94,39.72,39.77,99859
2015-04-09 18:00:00,39.77,39.83,39.73,39.79,65519
2015-04-09 18:30:00,39.78,39.85,39.77,39.84,253450
2015-04-09 19:00:00,39.85,40.02,39.84,40.01,96504
2015-04-09 19:30:00,40.01,40.07,39.99,40.04,128202
2015-04-09 20:00:00,40.04,40.16,40.0,40.15,167209
2015-04-09 20:30:00,40.15,40.15,40.04,40.06,72609
2015-04-09 21:00:00,40.07,40.11,40.02,40.04,76518
2015-04-09 21:30:00,40.04,40.14,40.03,40.13,105136
2015-04-09 22:00:00,40.13,40.3,40.13,40.28,198131
2015-04-09 22:30:00,40.29,40.3,40.16,40.2,419302
2015-04-10 16:30:00,40.25,40.25,39.98,39.98,201039
2015-04-10 17:00:00,39.99,40.11,39.94,40.0,381288
2015-04-10 17:30:00,40.0,40.05,39.97,40.03,337207
2015-04-10 18:00:00,40.03,40.11,39.97,40.11,153315
2015-04-10 18:30:00,40.1,40.16,39.91,39.91,234976
2015-04-10 19:00:00,39.91,39.94,39.78,39.79,92016
2015-04-10 19:30:00,39.78,39.88,39.78,39.82,80137
2015-04-10 20:00:00,39.83,39.9,39.82,39.82,139693
2015-04-10 20:30:00,39.82,39.87,39.8,39.86,98029
2015-04-10 21:00:00,39.86,39.86,39.81,39.84,143655
2015-04-10 21:30:00,39.84,40.0,39.81,39.95,122415
2015-04-10 22:00:00,39.94,39.99,39.91,39.95,116684
2015-04-10 22:30:00,39.95,40.06,39.93,39.98,409448
2015-04-13 16:30:00,39.99,40.22,39.92,40.22,81086
2015-04-13 17:00:00,40.21,40.3,40.2,40.27,158690
2015-04-13 17:30:00,40.27,40.3,40.26,40.28,137663
2015-04-13 18:00:00,40.29,40.47,40.28,40.44,102159
2015-04-13 18:30:00,40.44,40.47,40.39,40.42,77047
2015-04-13 19:00:00,40.42,40.43,40.34,40.35,56839
2015-04-13 19:30:00,40.35,40.36,40.33,40.34,69718
2015-04-13 20:00:00,40.34,40.35,40.17,40.18,225443
2015-04-13 20:30:00,40.18,40.33,40.17,40.33,99274
2015-04-13 21:00:00,40.33,40.35,40.23,40.27,56115
2015-04-13 21:30:00,40.27,40.32,40.18,40.21,63455
2015-04-13 22:00:00,40.22,40.26,40.17,40.2,116999
2015-04-13 22:30:00,40.2,40.3,40.19,40.26,751186
2015-04-14 16:30:00,40.26,40.57,40.15,40.27,371746
2015-04-14 17:00:00,40.28,40.32,40.04,40.18,143220
2015-04-14 17:30:00,40.2,40.34,40.15,40.28,139972
2015-04-14 18:00:00,40.28,40.46,40.25,40.38,150896
2015-04-14 18:30:00,40.38,40.41,40.34,40.4,101214
2015-04-14 19:00:00,40.4,40.42,40.37,40.41,49966
2015-04-14 19:30:00,40.41,40.49,40.36,40.36,69111
2015-04-14 20:00:00,40.37,40.38,40.3,40.34,44421
2015-04-14 20:30:00,40.33,40.37,40.32,40.34,54913
2015-04-14 21:00:00,40.34,40.38,40.31,40.36,65043
2015-04-14 21:30:00,40.36,40.37,40.24,40.31,83329
2015-04-14 22:00:00,40.32,40.52,40.28,40.29,399292
2015-04-14 22:30:00,40.29,40.38,40.24,40.3,493414
2015-04-15 16:30:00,40.52,40.59,40.45,40.45,117960
2015-04-15 17:00:00,40.45,40.5,40.3,40.31,169843
2015-04-15 17:30:00,40.31,40.51,40.31,40.48,87712
2015-04-15 18:00:00,40.48,40.53,40.48,40.52,64036
2015-04-15 18:30:00,40.51,40.51,40.39,40.42,29638
2015-04-15 19:00:00,40.43,40.48,40.42,40.47,46397
2015-04-15 19:30:00,40.47,40.56,40.44,40.56,65243
2015-04-15 20:00:00,40.56,40.66,40.56,40.66,64245
2015-04-15 20:30:00,40.67,40.68,40.53,40.53,70710
2015-04-15 21:00:00,40.54,40.55,40.45,40.46,169785
2015-04-15 21:30:00,40.47,40.64,40.46,40.64,110812
2015-04-15 22:00:00,40.63,40.67,40.6,40.66,139223
2015-04-15 22:30:00,40.66,40.67,40.52,40.57,494118
2015-04-16 16:30:00,40.46,40.61,40.17,40.18,123589
2015-04-16 17:00:00,40.17,40.28,40.17,40.19,156226
2015-04-16 17:30:00,40.19,40.41,40.17,40.37,187804
2015-04-16 18:00:00,40.37,40.52,40.36,40.48,101881
2015-04-16 18:30:00,40.48,40.48,40.35,40.37,95813
2015-04-16 19:00:00,40.36,40.43,40.35,40.41,126052
2015-04-16 19:30:00,40.4,40.47,40.37,40.45,88578
2015-04-16 20:00:00,40.44,40.5,40.43,40.43,48210
2015-04-16 20:30:00,40.44,40.6,40.42,40.6,102839
2015-04-16 21:00:00,40.61,40.63,40.56,40.6,69493
2015-04-16 21:30:00,40.6,40.69,40.59,40.6,122520
2015-04-16 22:00:00,40.61,40.65,40.53,40.57,104296
2015-04-16 22:30:00,40.55,40.61,40.5,40.52,393566
2015-04-17 16:30:00,40.1,40.22,39.81,39.95,315733
2015-04-17 17:00:00,39.95,39.99,39.77,39.82,131414
2015-04-17 17:30:00,39.81,40.01,39.81,39.83,100256
2015-04-17 18:00:00,39.83,39.95,39.77,39.91,98590
2015-04-17 18:30:00,39.91,39.94,39.73,39.85,141078
2015-04-17 19:00:00,39.85,39.96,39.85,39.91,65516
2015-04-17 19:30:00,39.91,39.99,39.89,39.93,49037
2015-04-17 20:00:00,39.92,39.99,39.89,39.91,59759
2015-04-17 20:30:00,39.9,39.9,39.74,39.76,68783
2015-04-17 21:00:00,39.77,39.8,39.66,39.66,111195
2015-04-17 21:30:00,39.66,39.75,39.64,39.72,88041
2015-04-17 22:00:00,39.72,39.83,39.71,39.78,109105
2015-04-17 22:30:00,39.79,39.95,39.78,39.88,300574
2015-04-20 16:30:00,40.14,40.34,40.14,40.22,102401
2015-04-20 17:00:00,40.24,40.25,40.08,40.17,77140
2015-04-20 17:30:00,40.17,40.32,40.17,40.29,54902
2015-04-20 18:00:00,40.3,40.38,40.25,40.25,131671
2015-04-20 18:30:00,40.25,40.29,40.23,40.25,66362
2015-04-20 19:00:00,40.26,40.33,40.22,40.33,67984
2015-04-20 19:30:00,40.33,40.38,40.32,40.37,65351
2015-04-20 20:00:00,40.37,40.39,40.28,40.33,65517
2015-04-20 20:30:00,40.32,40.37,40.28,40.33,94155
2015-04-20 21:00:00,40.33,40.39,40.29,40.35,93318
2015-04-20 21:30:00,40.35,40.39,40.3,40.38,72688
2015-04-20 22:00:00,40.38,40.43,40.36,40.36,104543
2015-04-20 22:30:00,40.36,40.4,40.29,40.29,267533
2015-04-21 16:30:00,40.36,40.57,40.23,40.25,94775
2015-04-21 17:00:00,40.26,40.29,40.16,40.17,78853
2015-04-21 17:30:00,40.17,40.18,40.09,40.12,98188
2015-04-21 18:00:00,40.13,40.28,40.12,40.2,104548
2015-04-21 18:30:00,40.2,40.24,39.99,40.07,99311
2015-04-21 19:00:00,40.07,40.1,40.03,40.08,86249
2015-04-21 19:30:00,40.07,40.15,40.06,40.15,60329
2015-04-21 20:00:00,40.16,40.21,40.12,40.12,63862
2015-04-21 20:30:00,40.13,40.16,40.04,40.04,65694
2015-04-21 21:00:00,40.03,40.13,39.97,40.13,103527
2015-04-21 21:30:00,40.14,40.15,40.07,40.07,57696
2015-04-21 22:00:00,40.07,40.14,40.04,40.11,101969
2015-04-21 22:30:00,40.1,40.12,40.04,40.06,243872
2015-04-22 16:30:00,40.19,40.25,39.78,39.88,104894
2015-04-22 17:00:00,39.89,40.09,39.81,40.01,120892
2015-04-22 17:30:00,40.02,40.24,40.0,40.2,141477
2015-04-22 18:00:00,40.19,40.22,40.06,40.09,129488
2015-04-22 18:30:00,40.11,40.24,40.07,40.23,56201
2015-04-22 19:00:00,40.23,40.23,40.13,40.16,97195
2015-04-22 19:30:00,40.17,40.26,40.14,40.24,67856
2015-04-22 20:00:00,40.25,40.32,40.2,40.3,60726
2015-04-22 20:30:00,40.29,40.42,40.28,40.38,119913
2015-04-22 21:00:00,40.38,40.44,40.35,40.35,52588
2015-04-22 21:30:00,40.35,40.45,40.35,40.37,95804
2015-04-22 22:00:00,40.38,40.54,40.37,40.52,144207
2015-04-22 22:30:00,40.53,40.53,40.38,40.39,348208
2015-04-23 16:30:00,40.38,40.55,40.16,40.5,97280
2015-04-23 17:00:00,40.49,40.49,40.35,40.47,117694
2015-04-23 17:30:00,40.48,40.56,40.46,40.49,107188
2015-04-23 18:00:00,40.49,40.53,40.38,40.42,45742
2015-04-23 18:30:00,40.42,40.59,40.35,40.53,71232
2015-04-23 19:00:00,40.53,40.59,40.52,40.58,50514
2015-04-23 19:30:00,40.57,40.65,40.51,40.65,71082
2015-04-23 20:00:00,40.64,40.75,40.6,40.73,86783
2015-04-23 20:30:00,40.73,40.89,40.69,40.86,183716
2015-04-23 21:00:00,40.86,40.88,40.82,40.84,86735
2015-04-23 21:30:00,40.83,40.86,40.79,40.83,71065
2015-04-23 22:00:00,40.83,40.97,40.83,40.9,228033
2015-04-23 22:30:00,40.9,40.91,40.79,40.8,283088
2015-04-24 16:30:00,40.75,40.76,40.53,40.67,279972
2015-04-24 17:00:00,40.68,40.75,40.64,40.67,126611
2015-04-24 17:30:00,40.67,40.69,40.61,40.63,78926
2015-04-24 18:00:00,40.62,40.68,40.57,40.64,41421
2015-04-24 18:30:00,40.65,40.71,40.57,40.61,60994
2015-04-24 19:00:00,40.61,40.73,40.61,40.73,33102
2015-04-24 19:30:00,40.73,40.77,40.67,40.68,45778
2015-04-24 20:00:00,40.68,40.76,40.64,40.74,39701
2015-04-24 20:30:00,40.73,40.81,40.7,40.81,39703
2015-04-24 21:00:00,40.8,40.84,40.73,40.84,46249
2015-04-24 21:30:00,40.84,40.86,40.71,40.74,72626
2015-04-24 22:00:00,40.74,40.81,40.74,40.79,83008
2015-04-24 22:30:00,40.79,40.85,40.76,40.83,268895
2015-04-27 16:30:00,40.89,40.95,40.72,40.9,130459
2015-04-27 17:00:00,40.9,40.99,40.83,40.98,102778
2015-04-27 17:30:00,40.98,40.98,40.76,40.82,111438
2015-04-27 18:00:00,40.81,40.84,40.75,40.8,122511
2015-04-27 18:30:00,40.8,40.83,40.72,40.75,123297
2015-04-27 19:00:00,40.75,40.79,40.66,40.7,85272
2015-04-27 19:30:00,40.69,40.75,40.64,40.67,46914
2015-04-27 20:00:00,40.67,40.69,40.52,40.63,66221
2015-04-27 20:30:00,40.62,40.66,40.58,40.65,56596
2015-04-27 21:00:00,40.65,40.73,40.63,40.71,85087
2015-04-27 21:30:00,40.71,40.73,40.63,40.71,79878
2015-04-27 22:00:00,40.71,40.74,40.56,40.62,102168
2015-04-27 22:30:00,40.61,40.63,40.47,40.53,224371
2015-04-28 16:30:00,40.44,40.81,40.44,40.69,122730
2015-04-28 17:00:00,40.68,40.72,40.36,40.51,151567
2015-04-28 17:30:00,40.51,40.71,40.5,40.68,127247
2015-04-28 18:00:00,40.69,40.89,40.68,40.84,150813
2015-04-28 18:30:00,40.84,41.0,40.8,40.89,129852
2015-04-28 19:00:00,40.89,40.93,40.84,40.89,94123
2015-04-28 19:30:00,40.88,41.0,40.83,40.96,89596
2015-04-28 20:00:00,40.95,40.95,40.88,40.9,193553
2015-04-28 20:30:00,40.9,41.0,40.84,40.93,156744
2015-04-28 21:00:00,40.93,40.93,40.84,40.88,141500
2015-04-28 21:30:00,40.88,41.01,40.85,40.99,185488
2015-04-28 22:00:00,40.98,41.08,40.97,41.07,160920
2015-04-28 22:30:00,41.07,41.11,41.0,41.1,474434
2015-04-29 16:30:00,40.75,41.23,40.73,41.04,162590
2015-04-29 17:00:00,41.04,41.05,40.84,40.9,183529
2015-04-29 17:30:00,40.9,41.02,40.86,40.88,167477
2015-04-29 18:00:00,40.87,40.98,40.83,40.84,129697
2015-04-29 18:30:00,40.85,40.9,40.77,40.86,151960
2015-04-29 19:00:00,40.86,40.89,40.7,40.73,96032
2015-04-29 19:30:00,40.72,40.73,40.66,40.7,90929
2015-04-29 20:00:00,40.7,40.75,40.62,40.69,106098
2015-04-29 20:30:00,40.7,40.87,40.69,40.81,81966
2015-04-29 21:00:00,40.82,40.97,40.65,40.9,136199
2015-04-29 21:30:00,40.91,41.0,40.85,40.88,160272
2015-04-29 22:00:00,40.88,40.93,40.77,40.87,228700
2015-04-29 22:30:00,40.85,40.95,40.74,40.75,590186
2015-04-30 16:30:00,41.15,42.0,40.93,41.3,691071
2015-04-30 17:00:00,41.3,41.48,41.15,41.37,315106
2015-04-30 17:30:00,41.38,41.55,41.28,41.55,270077
2015-04-30 18:00:00,41.53,41.74,41.51,41.65,145225
2015-04-30 18:30:00,41.69,41.82,41.58,41.64,192415
2015-04-30 19:00:00,41.64,41.72,41.53,41.68,104405
2015-04-30 19:30:00,41.68,41.68,41.46,41.58,116110
2015-04-30 20:00:00,41.58,41.67,41.45,41.55,157050
2015-04-30 20:30:00,41.55,41.7,41.53,41.66,121058
2015-04-30 21:00:00,41.65,41.7,41.51,41.51,211838
2015-04-30 21:30:00,41.51,41.51,41.3,41.32,263145
2015-04-30 22:00:00,41.32,41.4,41.12,41.38,592063
2015-04-30 22:30:00,41.38,41.46,41.33,41.43,807456
2015-05-01 16:30:00,41.75,42.05,41.69,41.71,378227
2015-05-01 17:00:00,41.69,41.79,41.61,41.71,190293
2015-05-01 17:30:00,41.72,41.75,41.51,41.52,143971
2015-05-01 18:00:00,41.53,41.64,41.47,41.64,126404
2015-05-01 18:30:00,41.64,41.66,41.39,41.53,156019
2015-05-01 19:00:00,41.52,41.67,41.41,41.66,224139
2015-05-01 19:30:00,41.66,41.77,41.6,41.75,184951
2015-05-01 20:00:00,41.76,41.81,41.68,41.7,90091
2015-05-01 20:30:00,41.7,41.83,41.66,41.75,113129
2015-05-01 21:00:00,41.76,41.8,41.7,41.8,154349
2015-05-01 21:30:00,41.8,41.82,41.59,41.59,154555
2015-05-01 22:00:00,41.6,41.61,41.48,41.48,223653
2015-05-01 22:30:00,41.49,41.65,41.48,41.61,512755
2015-05-04 16:30:00,41.82,41.91,41.73,41.78,197600
2015-05-04 17:00:00,41.79,41.82,41.69,41.73,111779
2015-05-04 17:30:00,41.73,41.94,41.71,41.94,156646
2015-05-04 18:00:00,41.93,41.94,41.78,41.83,168256
2015-05-04 18:30:00,41.83,41.85,41.76,41.79,100720
2015-05-04 19:00:00,41.78,41.81,41.75,41.81,108333
2015-05-04 19:30:00,41.81,41.85,41.77,41.81,82737
2015-05-04 20:00:00,41.81,41.81,41.65,41.67,163315
2015-05-04 20:30:00,41.67,41.7,41.63,41.68,129668
2015-05-04 21:00:00,41.67,41.71,41.59,41.65,136687
2015-05-04 21:30:00,41.65,41.76,41.65,41.74,175238
2015-05-04 22:00:00,41.74,41.87,41.73,41.8,152961
2015-05-04 22:30:00,41.8,41.8,41.66,41.73,620059
2015-05-05 16:30:00,41.48,41.67,41.48,41.6,371517
2015-05-05 17:00:00,41.61,41.62,41.46,41.49,272536
2015-05-05 17:30:00,41.5,41.53,41.42,41.49,226241
2015-05-05 18:00:00,41.49,41.49,41.19,41.2,154291
2015-05-05 18:30:00,41.19,41.25,41.17,41.25,108884
2015-05-05 19:00:00,41.26,41.39,41.25,41.38,135172
2015-05-05 19:30:00,41.37,41.44,41.35,41.36,66745
2015-05-05 20:00:00,41.37,41.38,41.19,41.28,129232
2015-05-05 20:30:00,41.29,41.36,41.23,41.25,79411
2015-05-05 21:00:00,41.25,41.28,41.15,41.16,124740
2015-05-05 21:30:00,41.17,41.18,41.0,41.03,156760
2015-05-05 22:00:00,41.03,41.09,40.99,41.08,164566
2015-05-05 22:30:00,41.08,41.18,41.05,41.1,381754
2015-05-06 16:30:00,41.16,41.26,40.77,40.89,125693
2015-05-06 17:00:00,40.86,40.89,40.73,40.82,153656
2015-05-06 17:30:00,40.82,40.96,40.75,40.91,85717
2015-05-06 18:00:00,40.9,40.94,40.77,40.85,53373
2015-05-06 18:30:00,40.85,40.87,40.77,40.79,85878
2015-05-06 19:00:00,40.8,40.81,40.68,40.7,71362
2015-05-06 19:30:00,40.69,40.75,40.62,40.62,85322
2015-05-06 20:00:00,40.63,40.75,40.6,40.69,82240
2015-05-06 20:30:00,40.69,40.7,40.61,40.62,115576
2015-05-06 21:00:00,40.62,40.65,40.54,40.57,117280
2015-05-06 21:30:00,40.57,40.58,40.38,40.54,164164
2015-05-06 22:00:00,40.55,40.56,40.45,40.55,217948
2015-05-06 22:30:00,40.54,40.74,40.51,40.74,483102
2015-05-07 16:30:00,40.77,40.88,40.57,40.7,100167
2015-05-07 17:00:00,40.69,40.81,40.6,40.62,94163
2015-05-07 17:30:00,40.62,40.76,40.55,40.71,93372
2015-05-07 18:00:00,40.72,40.82,40.66,40.8,114075
2015-05-07 18:30:00,40.8,40.87,40.76,40.83,85084
2015-05-07 19:00:00,40.83,40.93,40.79,40.85,117680
2015-05-07 19:30:00,40.86,40.97,40.85,40.88,151114
2015-05-07 20:00:00,40.88,40.92,40.8,40.83,95665
2015-05-07 20:30:00,40.84,40.88,40.82,40.84,69419
2015-05-07 21:00:00,40.84,40.98,40.84,40.89,150770
2015-05-07 21:30:00,40.9,40.97,40.89,40.95,119947
2015-05-07 22:00:00,40.95,40.99,40.9,40.94,245380
2015-05-07 22:30:00,40.94,41.02,40.91,41.0,508816
2015-05-08 16:30:00,41.44,41.59,41.26,41.42,170220
2015-05-08 17:00:00,41.41,41.53,41.39,41.49,140535
2015-05-08 17:30:00,41.49,41.55,41.44,41.45,226418
2015-05-08 18:00:00,41.45,41.46,41.37,41.37,148145
2015-05-08 18:30:00,41.38,41.56,41.35,41.56,128542
2015-05-08 19:00:00,41.56,41.58,41.41,41.49,70730
2015-05-08 19:30:00,41.48,41.51,41.45,41.46,40774
2015-05-08 20:00:00,41.46,41.51,41.33,41.43,227782
2015-05-08 20:30:00,41.43,41.46,41.4,41.41,57676
2015-05-08 21:00:00,41.42,41.44,41.36,41.36,60240
2015-05-08 21:30:00,41.37,41.41,41.35,41.4,167924
2015-05-08 22:00:00,41.39,41.41,41.35,41.38,168046
2015-05-08 22:30:00,41.38,41.44,41.36,41.43,554094
2015-05-11 16:30:00,41.31,41.63,41.31,41.63,260564
2015-05-11 17:00:00,41.64,41.69,41.45,41.46,192781
2015-05-11 17:30:00,41.46,41.55,41.42,41.51,198159
2015-05-11 18:00:00,41.52,41.59,41.49,41.51,143484
2015-05-11 18:30:00,41.52,41.52,41.45,41.5,97170
2015-05-11 19:00:00,41.5,41.5,41.43,41.49,131115
2015-05-11 19:30:00,41.49,41.5,41.43,41.45,51724
2015-05-11 20:00:00,41.46,41.55,41.45,41.49,168157
2015-05-11 20:30:00,41.49,41.49,41.39,41.42,49029
2015-05-11 21:00:00,41.41,41.43,41.36,41.36,71023
2015-05-11 21:30:00,41.37,41.37,41.24,41.25,153669
2015-05-11 22:00:00,41.25,41.42,41.21,41.37,253027
2015-05-11 22:30:00,41.37,41.39,41.26,41.27,300633
2015-05-12 16:30:00,41.0,41.25,40.67,40.74,182187
2015-05-12 17:00:00,40.73,40.75,40.5,40.51,138569
2015-05-12 17:30:00,40.5,40.93,40.5,40.76,132087
2015-05-12 18:00:00,40.77,40.83,40.67,40.71,102011
2015-05-12 18:30:00,40.71,40.8,40.7,40.75,82588
2015-05-12 19:00:00,40.74,40.76,40.63,40.74,126076
2015-05-12 19:30:00,40.74,40.9,40.74,40.83,142694
2015-05-12 20:00:00,40.83,40.91,40.82,40.88,113537
2015-05-12 20:30:00,40.88,40.89,40.77,40.8,83925
2015-05-12 21:00:00,40.8,40.9,40.73,40.9,82240
2015-05-12 21:30:00,40.9,40.96,40.83,40.84,102373
2015-05-12 22:00:00,40.85,40.94,40.83,40.87,162421
2015-05-12 22:30:00,40.88,40.9,40.79,40.82,286661
2015-05-13 16:30:00,40.6,40.72,40.39,40.44,266546
2015-05-13 17:00:00,40.44,40.5,40.38,40.41,150925
2015-05-13 17:30:00,40.41,40.41,40.24,40.24,175397
2015-05-13 18:00:00,40.24,40.24,40.14,40.23,171544
2015-05-13 18:30:00,40.22,40.45,40.2,40.41,282978
2015-05-13 19:00:00,40.42,40.49,40.36,40.39,149313
2015-05-13 19:30:00,40.39,40.46,40.34,40.36,89220
2015-05-13 20:00:00,40.37,40.49,40.37,40.43,73720
2015-05-13 20:30:00,40.44,40.46,40.36,40.38,90865
2015-05-13 21:00:00,40.39,40.4,40.24,40.25,162305
2015-05-13 21:30:00,40.24,40.32,40.21,40.25,222915
2015-05-13 22:00:00,40.24,40.34,40.23,40.26,238245
2015-05-13 22:30:00,40.27,40.32,40.24,40.31,433932
2015-05-14 16:30:00,40.48,40.66,40.38,40.48,159178
2015-05-14 17:00:00,40.48,40.68,40.42,40.66,87702
2015-05-14 17:30:00,40.66,40.72,40.63,40.72,106636
2015-05-14 18:00:00,40.72,40.73,40.64,40.66,77826
2015-05-14 18:30:00,40.66,40.75,40.63,40.72,78640
2015-05-14 19:00:00,40.71,40.77,40.66,40.75,57557
2015-05-14 19:30:00,40.75,40.79,40.68,40.77,50591
2015-05-14 20:00:00,40.76,40.85,40.75,40.83,77865
2015-05-14 20:30:00,40.84,40.92,40.83,40.92,111275
2015-05-14 21:00:00,40.92,40.94,40.9,40.91,138755
2015-05-14 21:30:00,40.9,40.92,40.84,40.89,90400
2015-05-14 22:00:00,40.9,40.94,40.87,40.88,134290
2015-05-14 22:30:00,40.89,41.02,40.87,40.98,485148
2015-05-15 16:30:00,40.97,41.05,40.79,40.84,212081
2015-05-15 17:00:00,40.81,40.82,40.47,40.51,287493
2015-05-15 17:30:00,40.5,40.7,40.5,40.67,79136
2015-05-15 18:00:00,40.68,40.73,40.64,40.65,68803
2015-05-15 18:30:00,40.65,40.67,40.41,40.43,124491
2015-05-15 19:00:00,40.44,40.59,40.43,40.53,47427
2015-05-15 19:30:00,40.53,40.56,40.5,40.51,47740
2015-05-15 20:00:00,40.52,40.54,40.49,40.49,82311
2015-05-15 20:30:00,40.5,40.52,40.4,40.41,79497
2015-05-15 21:00:00,40.4,40.46,40.4,40.46,84868
2015-05-15 21:30:00,40.46,40.55,40.45,40.52,103818
2015-05-15 22:00:00,40.53,40.56,40.51,40.52,167982
2015-05-15 22:30:00,40.52,40.57,40.51,40.54,485457
2015-05-18 16:30:00,40.54,40.7,40.54,40.66,99600
2015-05-18 17:00:00,40.67,40.68,40.52,40.52,65285
2015-05-18 17:30:00,40.53,40.57,40.48,40.52,107431
2015-05-18 18:00:00,40.52,40.65,40.51,40.62,119350
2015-05-18 18:30:00,40.63,40.71,40.62,40.64,147906
2015-05-18 19:00:00,40.65,40.66,40.61,40.65,40848
2015-05-18 19:30:00,40.65,40.66,40.59,40.6,49156
2015-05-18 20:00:00,40.6,40.61,40.59,40.6,47674
2015-05-18 20:30:00,40.6,40.61,40.57,40.61,111999
2015-05-18 21:00:00,40.61,40.62,40.55,40.58,159719
2015-05-18 21:30:00,40.57,40.6,40.57,40.6,87845
2015-05-18 22:00:00,40.58,40.7,40.58,40.7,134111
2015-05-18 22:30:00,40.7,40.74,40.66,40.66,447485
2015-05-19 16:30:00,40.77,40.8,40.38,40.46,229763
2015-05-19 17:00:00,40.45,40.52,40.25,40.28,202485
2015-05-19 17:30:00,40.29,40.33,40.2,40.2,194204
2015-05-19 18:00:00,40.2,40.27,40.13,40.16,234837
2015-05-19 18:30:00,40.17,40.17,39.97,39.99,520888
2015-05-19 19:00:00,40.0,40.03,39.96,39.99,377732
2015-05-19 19:30:00,39.99,40.2,39.98,40.11,256038
2015-05-19 20:00:00,40.12,40.17,40.1,40.14,147036
2015-05-19 20:30:00,40.14,40.16,40.07,40.08,220317
2015-05-19 21:00:00,40.08,40.1,40.01,40.02,411739
2015-05-19 21:30:00,40.02,40.04,39.96,40.01,389320
2015-05-19 22:00:00,40.01,40.26,40.0,40.26,765455
2015-05-19 22:30:00,40.25,40.48,40.24,40.38,962241
2015-05-20 16:30:00,40.53,40.55,40.2,40.53,129255
2015-05-20 17:00:00,40.53,40.69,40.51,40.65,113164
2015-05-20 17:30:00,40.65,40.77,40.65,40.73,117624
2015-05-20 18:00:00,40.73,40.81,40.69,40.7,137885
2015-05-20 18:30:00,40.71,40.77,40.69,40.76,89244
2015-05-20 19:00:00,40.77,40.89,40.76,40.87,137811
2015-05-20 19:30:00,40.87,40.87,40.82,40.84,63350
2015-05-20 20:00:00,40.84,40.85,40.73,40.78,107573
2015-05-20 20:30:00,40.79,40.81,40.75,40.75,95234
2015-05-20 21:00:00,40.76,41.01,40.75,41.0,195815
2015-05-20 21:30:00,41.0,41.05,40.96,40.97,195009
2015-05-20 22:00:00,40.97,41.01,40.86,40.97,204818
2015-05-20 22:30:00,40.96,40.98,40.9,40.91,384699
2015-05-21 16:30:00,40.83,40.9,40.63,40.64,148468
2015-05-21 17:00:00,40.64,40.67,40.52,40.55,193401
2015-05-21 17:30:00,40.55,40.74,40.53,40.7,132631
2015-05-21 18:00:00,40.7,40.86,40.69,40.86,122878
2015-05-21 18:30:00,40.86,40.87,40.7,40.71,80160
2015-05-21 19:00:00,40.72,40.73,40.65,40.67,57957
2015-05-21 19:30:00,40.68,40.69,40.63,40.66,64865
2015-05-21 20:00:00,40.66,40.72,40.62,40.64,48777
2015-05-21 20:30:00,40.65,40.66,40.56,40.6,61020
2015-05-21 21:00:00,40.6,40.75,40.6,40.75,46375
2015-05-21 21:30:00,40.75,40.75,40.68,40.69,57784
2015-05-21 22:00:00,40.69,40.72,40.59,40.64,131234
2015-05-21 22:30:00,40.64,40.7,40.6,40.62,273711
2015-05-22 16:30:00,40.58,40.72,40.51,40.55,71864
2015-05-22 17:00:00,40.55,40.6,40.48,40.5,53116
2015-05-22 17:30:00,40.5,40.57,40.49,40.52,93201
2015-05-22 18:00:00,40.53,40.62,40.46,40.6,70146
2015-05-22 18:30:00,40.6,40.64,40.55,40.62,49371
2015-05-22 19:00:00,40.62,40.62,40.58,40.61,30221
2015-05-22 19:30:00,40.62,40.65,40.56,40.59,29036
2015-05-22 20:00:00,40.59,40.66,40.56,40.63,29487
2015-05-22 20:30:00,40.63,40.66,40.6,40.6,28149
2015-05-22 21:00:00,40.6,40.63,40.57,40.6,41769
2015-05-22 21:30:00,40.6,40.64,40.59,40.63,40470
2015-05-22 22:00:00,40.62,40.67,40.59,40.59,63224
2015-05-22 22:30:00,40.59,40.62,40.53,40.54,217282
2015-05-26 16:30:00,40.42,40.52,40.23,40.26,79902
2015-05-26 17:00:00,40.26,40.35,40.19,40.22,78654
2015-05-26 17:30:00,40.22,40.26,39.94,39.95,272516
2015-05-26 18:00:00,39.96,40.05,39.85,40.04,318149
2015-05-26 18:30:00,40.04,40.15,40.0,40.0,130923
2015-05-26 19:00:00,40.01,40.15,40.01,40.11,52511
2015-05-26 19:30:00,40.11,40.12,40.01,40.03,62494
2015-05-26 20:00:00,40.03,40.13,39.98,40.1,56346
2015-05-26 20:30:00,40.1,40.1,40.0,40.02,84830
2015-05-26 21:00:00,40.02,40.08,39.98,39.99,79561
2015-05-26 21:30:00,39.99,40.06,39.96,40.06,68051
2015-05-26 22:00:00,40.04,40.11,40.0,40.05,104084
2015-05-26 22:30:00,40.05,40.11,39.98,39.99,417684
2015-05-27 16:30:00,40.2,40.45,39.99,40.38,101821
2015-05-27 17:00:00,40.39,40.4,40.3,40.34,52121
2015-05-27 17:30:00,40.33,40.37,40.27,40.32,55349
2015-05-27 18:00:00,40.32,40.35,40.2,40.28,78827
2015-05-27 18:30:00,40.28,40.38,40.28,40.33,77707
2015-05-27 19:00:00,40.34,40.42,40.33,40.38,71013
2015-05-27 19:30:00,40.39,40.41,40.34,40.35,44982
2015-05-27 20:00:00,40.35,40.43,40.34,40.43,43475
2015-05-27 20:30:00,40.43,40.49,40.41,40.47,73473
2015-05-27 21:00:00,40.47,40.5,40.44,40.46,62482
2015-05-27 21:30:00,40.46,40.48,40.36,40.38,53670
2015-05-27 22:00:00,40.38,40.47,40.38,40.39,167477
2015-05-27 22:30:00,40.4,40.45,40.36,40.4,325479
2015-05-28 16:30:00,40.3,40.41,40.06,40.06,153688
2015-05-28 17:00:00,40.06,40.16,40.0,40.14,233694
2015-05-28 17:30:00,40.13,40.15,39.99,40.12,62889
2015-05-28 18:00:00,40.12,40.26,40.11,40.15,168360
2015-05-28 18:30:00,40.16,40.17,40.0,40.07,77514
2015-05-28 19:00:00,40.06,40.13,40.04,40.1,50347
2015-05-28 19:30:00,40.11,40.19,40.11,40.13,154640
2015-05-28 20:00:00,40.13,40.17,40.12,40.13,67128
2015-05-28 20:30:00,40.14,40.31,40.13,40.24,201100
2015-05-28 21:00:00,40.25,40.39,40.25,40.36,110074
2015-05-28 21:30:00,40.36,40.42,40.35,40.4,110944
2015-05-28 22:00:00,40.39,40.45,40.38,40.39,157194
2015-05-28 22:30:00,40.39,40.4,40.32,40.37,351429
2015-05-29 16:30:00,40.31,40.45,39.75,39.9,337754
2015-05-29 17:00:00,39.91,39.99,39.81,39.84,130294
2015-05-29 17:30:00,39.83,39.89,39.77,39.85,142759
2015-05-29 18:00:00,39.84,39.92,39.8,39.8,117246
2015-05-29 18:30:00,39.8,40.07,39.8,39.99,201264
2015-05-29 19:00:00,40.0,40.06,39.9,39.99,143810
2015-05-29 19:30:00,39.98,40.01,39.94,39.98,75282
2015-05-29 20:00:00,39.98,40.01,39.96,39.97,96332
2015-05-29 20:30:00,39.98,40.0,39.87,39.87,65051
2015-05-29 21:00:00,39.88,39.88,39.77,39.83,78345
2015-05-29 21:30:00,39.82,39.91,39.8,39.87,181676
2015-05-29 22:00:00,39.87,39.94,39.85,39.92,191071
2015-05-29 22:30:00,39.92,39.98,39.83,39.84,550106
2015-06-01 16:30:00,40.0,40.14,39.68,39.78,162312
2015-06-01 17:00:00,39.77,39.91,39.62,39.74,152992
2015-06-01 17:30:00,39.73,39.81,39.59,39.8,144296
2015-06-01 18:00:00,39.8,39.85,39.73,39.74,168120
2015-06-01 18:30:00,39.74,39.85,39.74,39.8,108753
2015-06-01 19:00:00,39.79,39.92,39.79,39.88,83440
2015-06-01 19:30:00,39.89,39.93,39.87,39.9,48621
2015-06-01 20:00:00,39.9,39.94,39.86,39.9,102609
2015-06-01 20:30:00,39.91,39.95,39.82,39.87,178366
2015-06-01 21:00:00,39.86,39.94,39.83,39.93,178938
2015-06-01 21:30:00,39.94,39.98,39.92,39.96,135182
2015-06-01 22:00:00,39.97,39.99,39.91,39.93,227537
2015-06-01 22:30:00,39.93,39.94,39.77,39.86,653965
2015-06-02 16:30:00,39.8,39.8,39.52,39.65,181748
2015-06-02 17:00:00,39.65,39.66,39.55,39.59,176411
2015-06-02 17:30:00,39.6,39.71,39.56,39.56,154880
2015-06-02 18:00:00,39.56,39.61,39.46,39.53,148171
2015-06-02 18:30:00,39.54,39.66,39.52,39.65,112515
2015-06-02 19:00:00,39.65,39.76,39.62,39.7,164478
2015-06-02 19:30:00,39.7,39.73,39.68,39.68,161887
2015-06-02 20:00:00,39.68,39.71,39.63,39.66,104849
2015-06-02 20:30:00,39.67,39.78,39.66,39.76,69946
2015-06-02 21:00:00,39.76,39.83,39.74,39.83,131944
2015-06-02 21:30:00,39.83,39.85,39.72,39.76,145621
2015-06-02 22:00:00,39.75,39.87,39.73,39.85,186333
2015-06-02 22:30:00,39.85,39.91,39.81,39.86,468175
2015-06-03 16:30:00,40.12,40.25,39.75,40.02,420614
2015-06-03 17:00:00,40.0,40.14,39.87,40.06,197265
2015-06-03 17:30:00,40.06,40.08,39.95,39.99,259043
2015-06-03 18:00:00,39.98,40.0,39.83,39.84,274196
2015-06-03 18:30:00,39.85,39.88,39.58,39.63,357168
2015-06-03 19:00:00,39.63,39.66,39.53,39.55,203889
2015-06-03 19:30:00,39.55,39.66,39.5,39.66,150275
2015-06-03 20:00:00,39.65,39.73,39.62,39.67,119092
2015-06-03 20:30:00,39.66,39.77,39.65,39.77,156732
2015-06-03 21:00:00,39.76,39.92,39.76,39.85,120892
2015-06-03 21:30:00,39.86,39.86,39.8,39.82,118828
2015-06-03 22:00:00,39.82,39.9,39.82,39.85,206079
2015-06-03 22:30:00,39.85,39.94,39.81,39.84,448347
2015-06-04 16:30:00,39.56,39.73,39.48,39.57,142460
2015-06-04 17:00:00,39.56,39.64,39.46,39.51,85515
2015-06-04 17:30:00,39.52,39.52,39.28,39.33,216105
2015-06-04 18:00:00,39.32,39.39,39.22,39.29,127786
2015-06-04 18:30:00,39.29,39.31,39.19,39.26,164695
2015-06-04 19:00:00,39.27,39.31,39.24,39.29,104907
2015-06-04 19:30:00,39.28,39.32,39.21,39.22,111343
2015-06-04 20:00:00,39.22,39.25,39.14,39.14,215295
2015-06-04 20:30:00,39.14,39.25,39.13,39.23,93667
2015-06-04 21:00:00,39.23,39.33,39.21,39.24,89373
2015-06-04 21:30:00,39.25,39.3,39.2,39.28,126493
2015-06-04 22:00:00,39.28,39.31,39.21,39.27,241440
2015-06-04 22:30:00,39.27,39.29,39.15,39.2,877947
2015-06-05 16:30:00,39.56,39.56,39.0,39.19,266203
2015-06-05 17:00:00,39.19,39.35,39.17,39.35,139572
2015-06-05 17:30:00,39.34,39.43,39.25,39.28,112263
2015-06-05 18:00:00,39.28,39.39,39.26,39.37,145784
2015-06-05 18:30:00,39.37,39.38,39.24,39.26,87835
2015-06-05 19:00:00,39.25,39.27,39.16,39.17,81600
2015-06-05 19:30:00,39.16,39.28,39.11,39.26,60738
2015-06-05 20:00:00,39.27,39.29,39.19,39.21,67884
2015-06-05 20:30:00,39.21,39.29,39.2,39.27,68278
2015-06-05 21:00:00,39.27,39.32,39.23,39.27,57176
2015-06-05 21:30:00,39.27,39.33,39.22,39.29,102414
2015-06-05 22:00:00,39.3,39.36,39.23,39.25,148752
2015-06-05 22:30:00,39.25,39.31,39.19,39.19,642971
2015-06-08 16:30:00,39.49,39.89,39.34,39.58,434617
2015-06-08 17:00:00,39.58,39.62,39.54,39.56,229242
2015-06-08 17:30:00,39.56,39.64,39.54,39.55,164357
2015-06-08 18:00:00,39.55,39.62,39.33,39.33,193511
2015-06-08 18:30:00,39.34,39.4,39.28,39.39,136764
2015-06-08 19:00:00,39.39,39.6,39.37,39.58,133881
2015-06-08 19:30:00,39.58,39.58,39.36,39.4,74324
2015-06-08 20:00:00,39.4,39.5,39.38,39.44,102543
2015-06-08 20:30:00,39.43,39.43,39.35,39.4,90227
2015-06-08 21:00:00,39.39,39.44,39.31,39.44,110975
2015-06-08 21:30:00,39.45,39.56,39.45,39.53,182059
2015-06-08 22:00:00,39.53,39.53,39.46,39.49,231963
2015-06-08 22:30:00,39.49,39.51,39.32,39.33,453276
2015-06-09 16:30:00,39.3,39.39,39.1,39.21,157386
2015-06-09 17:00:00,39.21,39.28,39.11,39.12,200829
2015-06-09 17:30:00,39.12,39.23,39.07,39.18,186987
2015-06-09 18:00:00,39.18,39.24,39.17,39.17,118211
2015-06-09 18:30:00,39.18,39.24,39.15,39.19,118431
2015-06-09 19:00:00,39.2,39.26,39.15,39.2,49953
2015-06-09 19:30:00,39.19,39.23,39.16,39.19,87335
2015-06-09 20:00:00,39.19,39.27,39.16,39.22,105236
2015-06-09 20:30:00,39.22,39.23,39.07,39.07,80070
2015-06-09 21:00:00,39.08,39.11,39.04,39.07,124613
2015-06-09 21:30:00,39.07,39.16,39.01,39.05,141459
2015-06-09 22:00:00,39.06,39.14,38.99,39.02,237442
2015-06-09 22:30:00,39.02,39.08,38.96,39.01,495730
2015-06-10 16:30:00,39.24,39.6,39.12,39.53,260793
2015-06-10 17:00:00,39.53,39.56,39.46,39.47,163931
2015-06-10 17:30:00,39.48,39.53,39.45,39.51,146956
2015-06-10 18:00:00,39.52,39.61,39.44,39.51,193340
2015-06-10 18:30:00,39.51,39.54,39.43,39.43,115666
2015-06-10 19:00:00,39.43,39.47,39.38,39.39,128004
2015-06-10 19:30:00,39.38,39.42,39.33,39.33,95092
2015-06-10 20:00:00,39.34,39.37,39.2,39.23,190296
2015-06-10 20:30:00,39.23,39.27,39.19,39.24,103310
2015-06-10 21:00:00,39.25,39.29,39.2,39.22,216155
2015-06-10 21:30:00,39.22,39.23,39.14,39.15,182964
2015-06-10 22:00:00,39.16,39.17,39.06,39.11,333130
2015-06-10 22:30:00,39.12,39.17,39.05,39.12,1196063
2015-06-11 16:30:00,39.24,39.34,38.99,39.05,410642
2015-06-11 17:00:00,39.05,39.08,38.86,38.89,366618
2015-06-11 17:30:00,38.89,38.92,38.83,38.87,310896
2015-06-11 18:00:00,38.86,39.12,38.84,39.04,443674
2015-06-11 18:30:00,39.05,39.14,39.04,39.08,285844
2015-06-11 19:00:00,39.07,39.15,39.07,39.12,170428
2015-06-11 19:30:00,39.12,39.16,39.09,39.14,136248
2015-06-11 20:00:00,39.15,39.16,39.07,39.08,119067
2015-06-11 20:30:00,39.09,39.2,39.08,39.15,300309
2015-06-11 21:00:00,39.14,39.19,39.12,39.14,131787
2015-06-11 21:30:00,39.15,39.19,39.09,39.16,340929
2015-06-11 22:00:00,39.16,39.23,39.15,39.2,488269
2015-06-11 22:30:00,39.21,39.39,39.19,39.38,967363
2015-06-12 16:30:00,39.21,39.3,38.81,38.91,429309
2015-06-12 17:00:00,38.93,39.13,38.89,39.05,184545
2015-06-12 17:30:00,39.05,39.12,39.04,39.08,170629
2015-06-12 18:00:00,39.07,39.29,39.06,39.28,286356
2015-06-12 18:30:00,39.29,39.32,39.26,39.31,194843
2015-06-12 19:00:00,39.32,39.44,39.29,39.43,234644
2015-06-12 19:30:00,39.43,39.43,39.29,39.37,154236
2015-06-12 20:00:00,39.37,39.56,39.33,39.56,320814
2015-06-12 20:30:00,39.55,39.59,39.49,39.56,241919
2015-06-12 21:00:00,39.56,39.57,39.35,39.35,158211
2015-06-12 21:30:00,39.36,39.52,39.34,39.48,384598
2015-06-12 22:00:00,39.48,39.52,39.42,39.49,383852
2015-06-12 22:30:00,39.5,39.56,39.45,39.48,917276
2015-06-15 16:30:00,39.09,39.26,38.9,39.11,329314
2015-06-15 17:00:00,39.1,39.12,38.99,39.1,156247
2015-06-15 17:30:00,39.1,39.26,39.08,39.23,109656
2015-06-15 18:00:00,39.23,39.4,39.19,39.19,144995
2015-06-15 18:30:00,39.19,39.31,39.18,39.28,122779
2015-06-15 19:00:00,39.27,39.33,39.23,39.27,117048
2015-06-15 19:30:00,39.26,39.32,39.24,39.3,98065
2015-06-15 20:00:00,39.3,39.36,39.25,39.3,86746
2015-06-15 20:30:00,39.3,39.38,39.23,39.26,113686
2015-06-15 21:00:00,39.25,39.36,39.22,39.31,117028
2015-06-15 21:30:00,39.32,39.38,39.29,39.33,138422
2015-06-15 22:00:00,39.32,39.37,39.29,39.36,207649
2015-06-15 22:30:00,39.36,39.44,39.35,39.43,628535
2015-06-16 16:30:00,39.32,39.49,39.12,39.38,204965
2015-06-16 17:00:00,39.38,39.45,39.27,39.35,199408
2015-06-16 17:30:00,39.35,39.41,39.3,39.32,192194
2015-06-16 18:00:00,39.32,39.44,39.3,39.4,296365
2015-06-16 18:30:00,39.4,39.45,39.38,39.43,89850
2015-06-16 19:00:00,39.42,39.44,39.39,39.42,127369
2015-06-16 19:30:00,39.4,39.47,39.4,39.46,92308
2015-06-16 20:00:00,39.46,39.5,39.45,39.48,120773
2015-06-16 20:30:00,39.48,39.5,39.45,39.47,156966
2015-06-16 21:00:00,39.46,39.58,39.46,39.55,146116
2015-06-16 21:30:00,39.55,39.56,39.52,39.53,258313
2015-06-16 22:00:00,39.53,39.54,39.44,39.47,386449
2015-06-16 22:30:00,39.47,39.55,39.46,39.53,444043
2015-06-17 16:30:00,39.76,39.81,39.47,39.48,156188
2015-06-17 17:00:00,39.48,39.5,39.27,39.38,258200
2015-06-17 17:30:00,39.37,39.45,39.34,39.45,121162
2015-06-17 18:00:00,39.45,39.48,39.39,39.39,107489
2015-06-17 18:30:00,39.39,39.4,39.31,39.32,177052
2015-06-17 19:00:00,39.32,39.35,39.27,39.3,145333
2015-06-17 19:30:00,39.3,39.31,39.13,39.18,201091
2015-06-17 20:00:00,39.18,39.32,39.18,39.31,106222
2015-06-17 20:30:00,39.3,39.36,39.25,39.35,156457
2015-06-17 21:00:00,39.35,39.57,39.15,39.32,262172
2015-06-17 21:30:00,39.31,39.62,39.3,39.54,269615
2015-06-17 22:00:00,39.55,39.56,39.4,39.54,386399
2015-06-17 22:30:00,39.54,39.54,39.19,39.22,910974
2015-06-18 16:30:00,39.38,39.54,39.27,39.47,145230
2015-06-18 17:00:00,39.48,39.64,39.48,39.59,82643
2015-06-18 17:30:00,39.59,39.69,39.54,39.59,98975
2015-06-18 18:00:00,39.6,39.71,39.6,39.69,78009
2015-06-18 18:30:00,39.7,39.7,39.61,39.62,77463
2015-06-18 19:00:00,39.61,39.72,39.6,39.7,67080
2015-06-18 19:30:00,39.7,39.78,39.69,39.71,109501
2015-06-18 20:00:00,39.7,39.74,39.57,39.59,121504
2015-06-18 20:30:00,39.6,39.66,39.6,39.61,63495
2015-06-18 21:00:00,39.61,39.64,39.52,39.52,129071
2015-06-18 21:30:00,39.52,39.65,39.52,39.63,122096
2015-06-18 22:00:00,39.64,39.65,39.57,39.64,185095
2015-06-18 22:30:00,39.65,39.66,39.48,39.51,864228
2015-06-19 16:30:00,39.33,39.36,39.21,39.27,576107
2015-06-19 17:00:00,39.28,39.3,39.17,39.21,196081
2015-06-19 17:30:00,39.21,39.24,39.18,39.24,203183
2015-06-19 18:00:00,39.25,39.25,39.19,39.2,143919
2015-06-19 18:30:00,39.21,39.24,39.16,39.19,113025
2015-06-19 19:00:00,39.2,39.24,39.12,39.13,113117
2015-06-19 19:30:00,39.13,39.17,39.09,39.16,90253
2015-06-19 20:00:00,39.15,39.16,39.11,39.12,71892
2015-06-19 20:30:00,39.12,39.13,39.09,39.11,187428
2015-06-19 21:00:00,39.1,39.1,39.0,39.0,265204
2015-06-19 21:30:00,39.01,39.04,38.99,39.01,186757
2015-06-19 22:00:00,39.0,39.01,38.9,38.98,269439
2015-06-19 22:30:00,38.98,39.0,38.88,38.88,830393
2015-06-22 16:30:00,39.28,39.4,39.02,39.03,378381
2015-06-22 17:00:00,39.03,39.25,39.03,39.19,189324
2015-06-22 17:30:00,39.19,39.23,39.14,39.23,239383
2015-06-22 18:00:00,39.22,39.34,39.17,39.3,91884
2015-06-22 18:30:00,39.31,39.32,39.15,39.16,140014
2015-06-22 19:00:00,39.15,39.18,38.89,38.89,369978
2015-06-22 19:30:00,38.89,39.0,38.89,39.0,243637
2015-06-22 20:00:00,39.0,39.05,38.94,38.94,115239
2015-06-22 20:30:00,38.95,39.0,38.89,38.99,146983
2015-06-22 21:00:00,38.97,38.98,38.89,38.92,172740
2015-06-22 21:30:00,38.92,39.0,38.88,39.0,420428
2015-06-22 22:00:00,39.0,39.03,38.98,39.0,423484
2015-06-22 22:30:00,39.0,39.02,38.89,38.93,1064711
2015-06-23 16:30:00,39.03,39.21,38.98,39.2,322759
2015-06-23 17:00:00,39.2,39.24,39.11,39.15,128467
2015-06-23 17:30:00,39.15,39.22,39.14,39.18,193542
2015-06-23 18:00:00,39.18,39.22,39.16,39.21,174477
2015-06-23 18:30:00,39.2,39.3,39.17,39.22,260764
2015-06-23 19:00:00,39.22,39.28,39.17,39.28,128525
2015-06-23 19:30:00,39.27,39.29,39.15,39.19,156190
2015-06-23 20:00:00,39.19,39.25,39.15,39.18,178442
2015-06-23 20:30:00,39.19,39.26,39.17,39.22,144625
2015-06-23 21:00:00,39.23,39.24,39.16,39.19,195658
2015-06-23 21:30:00,39.19,39.23,39.15,39.15,160134
2015-06-23 22:00:00,39.16,39.2,39.15,39.18,234362
2015-06-23 22:30:00,39.18,39.2,39.11,39.14,472749
2015-06-24 16:30:00,39.06,39.14,38.93,38.95,174451
2015-06-24 17:00:00,38.94,38.97,38.89,38.94,265928
2015-06-24 17:30:00,38.95,38.97,38.86,38.88,186697
2015-06-24 18:00:00,38.87,38.94,38.85,38.94,156446
2015-06-24 18:30:00,38.95,38.95,38.86,38.89,205807
2015-06-24 19:00:00,38.89,38.9,38.83,38.84,107693
2015-06-24 19:30:00,38.84,38.88,38.81,38.85,74598
2015-06-24 20:00:00,38.84,38.91,38.83,38.86,155658
2015-06-24 20:30:00,38.85,38.86,38.81,38.83,82484
2015-06-24 21:00:00,38.84,38.85,38.79,38.81,99288
2015-06-24 21:30:00,38.81,38.91,38.8,38.88,250289
2015-06-24 22:00:00,38.88,38.91,38.82,38.89,258278
2015-06-24 22:30:00,38.89,38.93,38.83,38.84,566698
2015-06-25 16:30:00,38.67,38.9,38.6,38.71,161190
2015-06-25 17:00:00,38.72,38.82,38.7,38.72,140025
2015-06-25 17:30:00,38.73,38.85,38.7,38.85,105118
2015-06-25 18:00:00,38.84,38.88,38.78,38.78,110967
2015-06-25 18:30:00,38.79,38.79,38.64,38.76,191308
2015-06-25 19:00:00,38.76,38.76,38.63,38.63,99056
2015-06-25 19:30:00,38.63,38.72,38.63,38.71,92208
2015-06-25 20:00:00,38.71,38.73,38.69,38.69,83354
2015-06-25 20:30:00,38.69,38.7,38.66,38.68,89645
2015-06-25 21:00:00,38.67,38.68,38.5,38.51,170961
2015-06-25 21:30:00,38.51,38.67,38.51,38.61,216956
2015-06-25 22:00:00,38.61,38.71,38.61,38.67,272973
2015-06-25 22:30:00,38.68,38.68,38.52,38.53,690239
2015-06-26 16:30:00,38.69,38.81,38.42,38.58,137514
2015-06-26 17:00:00,38.58,38.62,38.52,38.62,95430
2015-06-26 17:30:00,38.62,38.62,38.46,38.48,94578
2015-06-26 18:00:00,38.47,38.64,38.47,38.64,79117
2015-06-26 18:30:00,38.64,38.65,38.53,38.56,76596
2015-06-26 19:00:00,38.55,38.6,38.53,38.59,94507
2015-06-26 19:30:00,38.59,38.6,38.45,38.45,82942
2015-06-26 20:00:00,38.44,38.5,38.38,38.46,140347
2015-06-26 20:30:00,38.46,38.52,38.44,38.47,112075
2015-06-26 21:00:00,38.47,38.51,38.43,38.48,110967
2015-06-26 21:30:00,38.48,38.51,38.46,38.47,107268
2015-06-26 22:00:00,38.48,38.61,38.47,38.58,144376
2015-06-26 22:30:00,38.57,38.58,38.49,38.56,681214
2015-06-29 16:30:00,38.04,38.25,37.82,37.96,206370
2015-06-29 17:00:00,37.96,38.09,37.73,37.74,187323
2015-06-29 17:30:00,37.74,37.85,37.7,37.72,157483
2015-06-29 18:00:00,37.72,37.76,37.67,37.73,173498
2015-06-29 18:30:00,37.74,37.75,37.67,37.73,193906
2015-06-29 19:00:00,37.73,37.79,37.66,37.71,94441
2015-06-29 19:30:00,37.7,37.73,37.66,37.68,127362
2015-06-29 20:00:00,37.68,37.71,37.61,37.69,109896
2015-06-29 20:30:00,37.7,37.71,37.64,37.66,160444
2015-06-29 21:00:00,37.67,37.68,37.54,37.57,168021
2015-06-29 21:30:00,37.57,37.67,37.5,37.58,163027
2015-06-29 22:00:00,37.58,37.61,37.49,37.49,276290
2015-06-29 22:30:00,37.48,37.51,37.35,37.42,651786
2015-06-30 16:30:00,37.8,38.03,37.6,37.6,274534
2015-06-30 17:00:00,37.6,37.78,37.58,37.76,138957
2015-06-30 17:30:00,37.75,37.76,37.5,37.58,168578
2015-06-30 18:00:00,37.59,37.61,37.5,37.5,175788
2015-06-30 18:30:00,37.51,37.53,37.39,37.42,113831
2015-06-30 19:00:00,37.41,37.46,37.36,37.36,149395
2015-06-30 19:30:00,37.36,37.47,37.29,37.44,104718
2015-06-30 20:00:00,37.45,37.61,37.43,37.57,110533
2015-06-30 20:30:00,37.57,37.7,37.56,37.67,101930
2015-06-30 21:00:00,37.67,37.79,37.66,37.68,111733
2015-06-30 21:30:00,37.68,37.72,37.58,37.58,123436
2015-06-30 22:00:00,37.59,37.63,37.51,37.53,229027
2015-06-30 22:30:00,37.53,37.6,37.47,37.47,556362
2015-07-01 16:30:00,37.97,38.13,37.91,37.95,185274
2015-07-01 17:00:00,37.95,38.04,37.91,38.0,379650
2015-07-01 17:30:00,38.0,38.0,37.63,37.74,134005
2015-07-01 18:00:00,37.75,37.87,37.73,37.84,115660
2015-07-01 18:30:00,37.84,37.86,37.73,37.78,90849
2015-07-01 19:00:00,37.78,37.82,37.68,37.74,91616
2015-07-01 19:30:00,37.73,37.76,37.66,37.68,112190
2015-07-01 20:00:00,37.68,37.76,37.65,37.71,97667
2015-07-01 20:30:00,37.71,37.77,37.63,37.63,93867
2015-07-01 21:00:00,37.64,37.66,37.58,37.64,113745
2015-07-01 21:30:00,37.65,37.71,37.62,37.67,144312
2015-07-01 22:00:00,37.68,37.76,37.65,37.74,236710
2015-07-01 22:30:00,37.75,37.83,37.67,37.81,463777
2015-07-02 16:30:00,37.8,37.92,37.6,37.66,181703
2015-07-02 17:00:00,37.65,37.7,37.55,37.63,184832
2015-07-02 17:30:00,37.63,37.73,37.63,37.68,129704
2015-07-02 18:00:00,37.67,37.68,37.56,37.57,103819
2015-07-02 18:30:00,37.57,37.62,37.56,37.6,81268
2015-07-02 19:00:00,37.6,37.61,37.47,37.48,83613
2015-07-02 19:30:00,37.48,37.55,37.47,37.54,57799
2015-07-02 20:00:00,37.54,37.54,37.42,37.48,99116
2015-07-02 20:30:00,37.49,37.52,37.41,37.42,107496
2015-07-02 21:00:00,37.43,37.44,37.36,37.43,107504
2015-07-02 21:30:00,37.43,37.57,37.43,37.55,146230
2015-07-02 22:00:00,37.56,37.7,37.5,37.64,203521
2015-07-02 22:30:00,37.64,37.68,37.54,37.61,387428
2015-07-06 16:30:00,36.75,37.14,36.37,37.12,302752
2015-07-06 17:00:00,37.12,37.15,37.0,37.08,164535
2015-07-06 17:30:00,37.08,37.29,37.08,37.18,126497
2015-07-06 18:00:00,37.19,37.24,37.06,37.09,118126
2015-07-06 18:30:00,37.1,37.23,37.05,37.23,120468
2015-07-06 19:00:00,37.22,37.28,37.19,37.26,108443
2015-07-06 19:30:00,37.27,37.27,37.15,37.21,99641
2015-07-06 20:00:00,37.22,37.23,37.09,37.15,101360
2015-07-06 20:30:00,37.15,37.17,37.13,37.13,188635
2015-07-06 21:00:00,37.12,37.21,37.09,37.15,190557
2015-07-06 21:30:00,37.14,37.15,37.08,37.1,174600
2015-07-06 22:00:00,37.1,37.22,37.1,37.21,179094
2015-07-06 22:30:00,37.21,37.28,37.15,37.26,818073
2015-07-07 16:30:00,37.28,37.28,36.85,36.87,205292
2015-07-07 17:00:00,36.86,36.9,36.64,36.7,285090
2015-07-07 17:30:00,36.7,36.71,36.55,36.61,249587
2015-07-07 18:00:00,36.61,36.68,36.5,36.53,221419
2015-07-07 18:30:00,36.53,36.76,36.48,36.74,226261
2015-07-07 19:00:00,36.74,36.75,36.57,36.68,262807
2015-07-07 19:30:00,36.69,36.92,36.68,36.9,212651
2015-07-07 20:00:00,36.9,37.0,36.84,36.92,125657
2015-07-07 20:30:00,36.93,36.95,36.84,36.9,108136
2015-07-07 21:00:00,36.9,36.93,36.82,36.88,153178
2015-07-07 21:30:00,36.88,37.15,36.87,37.13,295744
2015-07-07 22:00:00,37.13,37.21,37.07,37.18,255142
2015-07-07 22:30:00,37.18,37.24,37.11,37.14,745833
2015-07-08 16:30:00,36.73,36.91,36.57,36.67,230928
2015-07-08 17:00:00,36.66,36.71,36.58,36.66,106573
2015-07-08 17:30:00,36.65,36.71,36.56,36.67,115127
2015-07-08 18:00:00,36.66,36.67,36.54,36.55,82317
2015-07-08 18:30:00,36.56,36.58,36.45,36.48,82884
2015-07-08 19:00:00,36.49,36.51,36.44,36.47,79565
2015-07-08 19:30:00,36.48,36.59,36.44,36.57,77003
2015-07-08 20:00:00,36.57,36.65,36.53,36.63,100301
2015-07-08 20:30:00,36.64,36.64,36.56,36.59,69034
2015-07-08 21:00:00,36.6,36.62,36.41,36.44,156272
2015-07-08 21:30:00,36.44,36.44,36.24,36.24,142331
2015-07-08 22:00:00,36.24,36.4,36.23,36.25,237768
2015-07-08 22:30:00,36.25,36.34,36.2,36.2,479941
2015-07-09 16:30:00,36.81,37.04,36.63,36.67,296505
2015-07-09 17:00:00,36.68,36.75,36.55,36.55,157500
2015-07-09 17:30:00,36.55,36.59,36.47,36.56,307846
2015-07-09 18:00:00,36.55,36.64,36.5,36.51,136405
2015-07-09 18:30:00,36.52,36.55,36.44,36.44,136882
2015-07-09 19:00:00,36.44,36.45,36.36,36.39,117520
2015-07-09 19:30:00,36.39,36.45,36.35,36.4,132499
2015-07-09 20:00:00,36.4,36.41,36.32,36.35,83770
2015-07-09 20:30:00,36.34,36.43,36.33,36.4,106635
2015-07-09 21:00:00,36.4,36.42,36.31,36.34,106894
2015-07-09 21:30:00,36.34,36.46,36.3,36.44,144456
2015-07-09 22:00:00,36.43,36.52,36.42,36.48,554969
2015-07-09 22:30:00,36.47,36.57,36.42,36.45,655679
2015-07-10 16:30:00,37.62,37.69,36.86,36.86,377968
2015-07-10 17:00:00,36.87,36.98,36.85,36.91,179607
2015-07-10 17:30:00,36.92,36.93,36.75,36.78,243941
2015-07-10 18:00:00,36.77,36.88,36.76,36.87,172527
2015-07-10 18:30:00,36.87,36.97,36.83,36.92,190992
2015-07-10 19:00:00,36.92,36.96,36.86,36.86,111272
2015-07-10 19:30:00,36.86,36.9,36.82,36.87,112310
2015-07-10 20:00:00,36.87,36.9,36.84,36.87,108293
2015-07-10 20:30:00,36.88,36.91,36.86,36.89,99745
2015-07-10 21:00:00,36.88,36.95,36.87,36.91,152803
2015-07-10 21:30:00,36.92,37.0,36.92,36.99,104823
2015-07-10 22:00:00,36.99,37.05,36.97,36.99,166678
2015-07-10 22:30:00,36.99,37.02,36.92,36.92,407165
2015-07-13 16:30:00,37.32,37.4,36.95,37.3,253475
2015-07-13 17:00:00,37.3,37.37,37.16,37.33,216775
2015-07-13 17:30:00,37.33,37.38,37.27,37.37,286552
2015-07-13 18:00:00,37.37,37.4,37.3,37.36,256830
2015-07-13 18:30:00,37.36,37.44,37.34,37.42,184161
2015-07-13 19:00:00,37.42,37.47,37.36,37.38,177671
2015-07-13 19:30:00,37.37,37.42,37.35,37.35,280575
2015-07-13 20:00:00,37.36,37.41,37.32,37.35,72384
2015-07-13 20:30:00,37.34,37.43,37.34,37.41,197980
2015-07-13 21:00:00,37.41,37.43,37.37,37.37,119346
2015-07-13 21:30:00,37.38,37.5,37.37,37.47,125101
2015-07-13 22:00:00,37.47,37.55,37.43,37.55,385546
2015-07-13 22:30:00,37.55,37.57,37.49,37.49,670630
2015-07-14 16:30:00,37.39,38.22,37.39,38.08,897085
2015-07-14 17:00:00,38.07,38.26,38.05,38.26,562523
2015-07-14 17:30:00,38.26,38.28,37.99,38.03,266049
2015-07-14 18:00:00,38.01,38.19,38.01,38.1,238887
2015-07-14 18:30:00,38.1,38.11,38.0,38.03,146045
2015-07-14 19:00:00,38.02,38.1,37.93,37.96,154782
2015-07-14 19:30:00,37.96,38.05,37.94,37.97,201322
2015-07-14 20:00:00,37.98,38.03,37.94,37.98,152143
2015-07-14 20:30:00,37.97,38.02,37.95,38.02,134982
2015-07-14 21:00:00,38.01,38.06,37.96,38.05,199611
2015-07-14 21:30:00,38.05,38.14,38.03,38.12,228969
2015-07-14 22:00:00,38.12,38.2,38.1,38.13,277504
2015-07-14 22:30:00,38.13,38.14,37.99,38.0,669557
2015-07-15 16:30:00,38.05,38.22,37.91,38.12,321121
2015-07-15 17:00:00,38.11,38.17,38.08,38.12,156009
2015-07-15 17:30:00,38.12,38.17,38.09,38.12,140120
2015-07-15 18:00:00,38.12,38.26,38.09,38.21,176155
2015-07-15 18:30:00,38.21,38.26,38.13,38.13,163112
2015-07-15 19:00:00,38.14,38.19,38.05,38.07,150125
2015-07-15 19:30:00,38.06,38.12,38.05,38.09,78819
2015-07-15 20:00:00,38.1,38.13,38.06,38.1,75291
2015-07-15 20:30:00,38.1,38.1,38.03,38.05,79164
2015-07-15 21:00:00,38.05,38.08,38.02,38.05,113736
2015-07-15 21:30:00,38.05,38.05,37.88,37.93,150327
2015-07-15 22:00:00,37.93,37.97,37.89,37.97,168978
2015-07-15 22:30:00,37.97,38.01,37.89,37.97,503483
2015-07-16 16:30:00,38.31,38.6,38.29,38.52,312876
2015-07-16 17:00:00,38.52,38.69,38.5,38.67,328976
2015-07-16 17:30:00,38.67,38.68,38.43,38.5,129950
2015-07-16 18:00:00,38.5,38.52,38.44,38.5,126302
2015-07-16 18:30:00,38.51,38.64,38.5,38.59,174704
2015-07-16 19:00:00,38.58,38.58,38.48,38.5,86679
2015-07-16 19:30:00,38.51,38.53,38.45,38.48,84180
2015-07-16 20:00:00,38.47,38.5,38.42,38.49,116310
2015-07-16 20:30:00,38.49,38.55,38.48,38.53,138140
2015-07-16 21:00:00,38.53,38.59,38.52,38.54,192048
2015-07-16 21:30:00,38.54,38.65,38.53,38.59,244824
2015-07-16 22:00:00,38.6,38.65,38.56,38.6,239208
2015-07-16 22:30:00,38.6,38.62,38.56,38.61,492216
2015-07-17 16:30:00,38.5,38.55,38.3,38.32,171713
2015-07-17 17:00:00,38.32,38.35,38.22,38.25,103327
2015-07-17 17:30:00,38.26,38.27,38.19,38.25,130870
2015-07-17 18:00:00,38.26,38.3,38.18,38.18,97580
2015-07-17 18:30:00,38.18,38.22,38.17,38.19,74971
2015-07-17 19:00:00,38.2,38.24,38.17,38.24,73613
2015-07-17 19:30:00,38.24,38.27,38.23,38.25,50469
2015-07-17 20:00:00,38.26,38.26,38.21,38.22,61999
2015-07-17 20:30:00,38.21,38.29,38.18,38.28,57951
2015-07-17 21:00:00,38.28,38.43,38.28,38.41,115248
2015-07-17 21:30:00,38.42,38.44,38.38,38.44,113618
2015-07-17 22:00:00,38.42,38.48,38.42,38.48,156763
2015-07-17 22:30:00,38.47,38.53,38.45,38.51,360456
2015-07-20 16:30:00,38.56,38.63,38.39,38.42,148090
2015-07-20 17:00:00,38.41,38.42,38.27,38.29,205296
2015-07-20 17:30:00,38.3,38.34,38.23,38.31,127009
2015-07-20 18:00:00,38.31,38.43,38.3,38.37,101495
2015-07-20 18:30:00,38.38,38.39,38.3,38.35,111676
2015-07-20 19:00:00,38.35,38.39,38.3,38.3,73524
2015-07-20 19:30:00,38.31,38.38,38.3,38.36,86588
2015-07-20 20:00:00,38.36,38.38,38.33,38.33,100853
2015-07-20 20:30:00,38.34,38.34,38.23,38.24,72073
2015-07-20 21:00:00,38.23,38.36,38.22,38.35,90788
2015-07-20 21:30:00,38.34,38.35,38.3,38.33,101203
2015-07-20 22:00:00,38.33,38.38,38.31,38.31,119206
2015-07-20 22:30:00,38.32,38.35,38.24,38.34,342368
2015-07-21 16:30:00,38.23,38.36,38.05,38.32,132934
2015-07-21 17:00:00,38.32,38.42,38.29,38.36,65975
2015-07-21 17:30:00,38.35,38.36,38.25,38.28,76532
2015-07-21 18:00:00,38.28,38.29,38.19,38.24,89781
2015-07-21 18:30:00,38.23,38.25,38.15,38.16,53762
2015-07-21 19:00:00,38.16,38.17,38.08,38.13,90388
2015-07-21 19:30:00,38.13,38.17,38.07,38.13,59453
2015-07-21 20:00:00,38.13,38.13,38.06,38.11,88429
2015-07-21 20:30:00,38.12,38.13,38.08,38.1,47875
2015-07-21 21:00:00,38.1,38.26,38.08,38.25,131207
2015-07-21 21:30:00,38.26,38.31,38.24,38.29,140682
2015-07-21 22:00:00,38.29,38.32,38.24,38.3,138100
2015-07-21 22:30:00,38.3,38.44,38.3,38.43,628817
2015-07-22 16:30:00,38.32,38.52,38.3,38.44,140458
2015-07-22 17:00:00,38.43,38.52,38.37,38.5,132802
2015-07-22 17:30:00,38.51,38.51,38.39,38.48,157688
2015-07-22 18:00:00,38.48,38.48,38.42,38.43,108211
2015-07-22 18:30:00,38.43,38.47,38.38,38.43,130797
2015-07-22 19:00:00,38.43,38.47,38.38,38.42,100769
2015-07-22 19:30:00,38.42,38.47,38.4,38.46,215087
2015-07-22 20:00:00,38.46,38.46,38.4,38.44,89896
2015-07-22 20:30:00,38.45,38.54,38.45,38.52,169423
2015-07-22 21:00:00,38.52,38.6,38.51,38.57,181922
2015-07-22 21:30:00,38.57,38.63,38.55,38.62,193742
2015-07-22 22:00:00,38.62,38.62,38.55,38.56,182370
2015-07-22 22:30:00,38.56,38.59,38.44,38.5,438600
2015-07-23 16:30:00,38.58,38.58,38.25,38.29,139737
2015-07-23 17:00:00,38.29,38.41,38.26,38.38,99611
2015-07-23 17:30:00,38.39,38.45,38.32,38.33,78747
2015-07-23 18:00:00,38.33,38.34,38.13,38.17,68512
2015-07-23 18:30:00,38.17,38.2,37.97,38.0,76944
2015-07-23 19:00:00,38.0,38.0,37.89,37.96,75438
2015-07-23 19:30:00,37.94,38.07,37.92,38.05,54646
2015-07-23 20:00:00,38.05,38.09,37.99,38.03,98145
2015-07-23 20:30:00,38.03,38.15,38.02,38.15,64750
2015-07-23 21:00:00,38.15,38.15,38.09,38.1,59041
2015-07-23 21:30:00,38.12,38.17,38.06,38.09,105804
2015-07-23 22:00:00,38.08,38.08,37.97,38.01,199225
2015-07-23 22:30:00,37.99,38.08,37.92,38.0,572461
2015-07-24 16:30:00,37.99,37.99,37.76,37.83,88559
2015-07-24 17:00:00,37.82,37.83,37.61,37.64,80082
2015-07-24 17:30:00,37.64,37.65,37.46,37.5,132351
2015-07-24 18:00:00,37.5,37.62,37.49,37.6,144078
2015-07-24 18:30:00,37.6,37.64,37.59,37.62,93779
2015-07-24 19:00:00,37.61,37.63,37.58,37.62,84521
2015-07-24 19:30:00,37.62,37.63,37.58,37.59,91418
2015-07-24 20:00:00,37.59,37.62,37.51,37.53,78272
2015-07-24 20:30:00,37.53,37.53,37.4,37.46,78180
2015-07-24 21:00:00,37.46,37.48,37.37,37.4,85036
2015-07-24 21:30:00,37.39,37.43,37.34,37.41,113264
2015-07-24 22:00:00,37.41,37.52,37.39,37.42,186620
2015-07-24 22:30:00,37.43,37.56,37.39,37.5,242427
2015-07-27 16:30:00,37.15,37.24,37.0,37.06,115408
2015-07-27 17:00:00,37.06,37.11,36.95,37.05,82152
2015-07-27 17:30:00,37.06,37.22,37.01,37.01,178997
2015-07-27 18:00:00,37.01,37.14,37.0,37.08,146208
2015-07-27 18:30:00,37.08,37.1,37.01,37.04,138377
2015-07-27 19:00:00,37.05,37.05,36.99,37.01,78248
2015-07-27 19:30:00,37.01,37.03,36.95,36.97,107581
2015-07-27 20:00:00,36.97,37.01,36.94,36.97,66011
2015-07-27 20:30:00,36.97,36.98,36.87,36.87,173875
2015-07-27 21:00:00,36.87,36.95,36.84,36.88,153355
2015-07-27 21:30:00,36.87,36.95,36.85,36.92,228354
2015-07-27 22:00:00,36.91,36.95,36.87,36.89,195366
2015-07-27 22:30:00,36.88,36.95,36.82,36.94,416585
2015-07-28 16:30:00,37.21,37.26,36.97,37.02,148663
2015-07-28 17:00:00,37.0,37.05,36.91,36.95,93723
2015-07-28 17:30:00,36.95,37.1,36.95,37.07,117768
2015-07-28 18:00:00,37.06,37.14,37.04,37.12,111229
2015-07-28 18:30:00,37.13,37.2,37.13,37.19,129364
2015-07-28 19:00:00,37.18,37.31,37.18,37.3,174956
2015-07-28 19:30:00,37.3,37.31,37.2,37.23,119006
2015-07-28 20:00:00,37.23,37.3,37.22,37.3,45903
2015-07-28 20:30:00,37.3,37.31,37.23,37.23,110639
2015-07-28 21:00:00,37.24,37.36,37.22,37.32,119644
2015-07-28 21:30:00,37.31,37.31,37.21,37.27,166489
2015-07-28 22:00:00,37.28,37.28,37.21,37.21,156815
2015-07-28 22:30:00,37.22,37.3,37.19,37.26,303336
2015-07-29 16:30:00,37.36,37.39,37.1,37.26,208514
2015-07-29 17:00:00,37.26,37.29,37.17,37.23,158377
2015-07-29 17:30:00,37.24,37.43,37.24,37.36,128260
2015-07-29 18:00:00,37.38,37.49,37.34,37.46,149143
2015-07-29 18:30:00,37.46,37.65,37.46,37.51,108623
2015-07-29 19:00:00,37.51,37.56,37.5,37.53,67328
2015-07-29 19:30:00,37.53,37.57,37.5,37.52,67803
2015-07-29 20:00:00,37.52,37.58,37.47,37.58,118993
2015-07-29 20:30:00,37.58,37.6,37.52,37.58,54286
2015-07-29 21:00:00,37.57,37.72,37.55,37.61,254518
2015-07-29 21:30:00,37.61,37.81,37.61,37.77,171042
2015-07-29 22:00:00,37.77,37.79,37.72,37.74,190786
2015-07-29 22:30:00,37.75,37.8,37.66,37.72,641073
2015-07-30 16:30:00,38.59,39.48,38.49,38.84,688701
2015-07-30 17:00:00,38.83,39.12,38.79,38.93,439279
2015-07-30 17:30:00,38.94,39.04,38.91,38.92,364377
2015-07-30 18:00:00,38.91,39.1,38.9,39.07,1103618
2015-07-30 18:30:00,39.06,39.2,39.04,39.07,272298
2015-07-30 19:00:00,39.06,39.11,38.99,39.1,306336
2015-07-30 19:30:00,39.1,39.13,39.04,39.08,151158
2015-07-30 20:00:00,39.09,39.11,39.01,39.07,266188
2015-07-30 20:30:00,39.06,39.06,38.94,38.99,172504
2015-07-30 21:00:00,38.99,39.03,38.96,38.99,146268
2015-07-30 21:30:00,38.99,39.01,38.93,38.95,195953
2015-07-30 22:00:00,38.96,39.0,38.85,38.98,297852
2015-07-30 22:30:00,38.97,39.01,38.9,38.99,594151
2015-07-31 16:30:00,39.07,39.11,38.78,38.98,361795
2015-07-31 17:00:00,38.98,39.04,38.89,38.96,367066
2015-07-31 17:30:00,38.96,39.04,38.94,39.0,193122
2015-07-31 18:00:00,39.0,39.01,38.91,38.98,179066
2015-07-31 18:30:00,38.97,38.99,38.86,38.87,152685
2015-07-31 19:00:00,38.87,38.87,38.72,38.72,151797
2015-07-31 19:30:00,38.73,38.81,38.72,38.78,194030
2015-07-31 20:00:00,38.77,38.82,38.76,38.78,175621
2015-07-31 20:30:00,38.77,38.8,38.7,38.7,212250
2015-07-31 21:00:00,38.71,38.81,38.68,38.72,234077
2015-07-31 21:30:00,38.72,38.78,38.61,38.62,294201
2015-07-31 22:00:00,38.62,38.73,38.6,38.61,257951
2015-07-31 22:30:00,38.61,38.67,38.55,38.6,688979
2015-08-03 16:30:00,38.67,38.71,38.43,38.58,185712
2015-08-03 17:00:00,38.59,38.64,38.44,38.49,194980
2015-08-03 17:30:00,38.49,38.61,38.44,38.56,109750
2015-08-03 18:00:00,38.57,38.62,38.56,38.59,166086
2015-08-03 18:30:00,38.59,38.62,38.51,38.54,125549
2015-08-03 19:00:00,38.54,38.56,38.44,38.49,123537
2015-08-03 19:30:00,38.49,38.49,38.37,38.39,174116
2015-08-03 20:00:00,38.38,38.38,38.26,38.28,241464
2015-08-03 20:30:00,38.28,38.32,38.25,38.3,151282
2015-08-03 21:00:00,38.3,38.31,38.26,38.29,135929
2015-08-03 21:30:00,38.28,38.35,38.26,38.3,141827
2015-08-03 22:00:00,38.3,38.39,38.3,38.36,206576
2015-08-03 22:30:00,38.36,38.55,38.34,38.55,387535
2015-08-04 16:30:00,38.59,38.66,38.47,38.62,130653
2015-08-04 17:00:00,38.61,38.69,38.58,38.67,166115
2015-08-04 17:30:00,38.67,38.69,38.59,38.59,93523
2015-08-04 18:00:00,38.6,38.64,38.52,38.53,221185
2015-08-04 18:30:00,38.53,38.59,38.43,38.45,146344
2015-08-04 19:00:00,38.45,38.49,38.41,38.41,66115
2015-08-04 19:30:00,38.41,38.43,38.36,38.38,91706
2015-08-04 20:00:00,38.38,38.41,38.33,38.4,40521
2015-08-04 20:30:00,38.41,38.46,38.3,38.3,120319
2015-08-04 21:00:00,38.31,38.37,38.28,38.34,127541
2015-08-04 21:30:00,38.34,38.43,38.32,38.38,132364
2015-08-04 22:00:00,38.38,38.43,38.36,38.41,117333
2015-08-04 22:30:00,38.4,38.45,38.33,38.44,358469
2015-08-05 16:30:00,38.82,38.87,38.67,38.78,170943
2015-08-05 17:00:00,38.79,38.95,38.74,38.95,124645
2015-08-05 17:30:00,38.95,38.97,38.81,38.83,90265
2015-08-05 18:00:00,38.84,38.87,38.78,38.78,68345
2015-08-05 18:30:00,38.79,38.86,38.65,38.67,178722
2015-08-05 19:00:00,38.66,38.67,38.53,38.55,148370
2015-08-05 19:30:00,38.56,38.63,38.52,38.6,148042
2015-08-05 20:00:00,38.6,38.62,38.52,38.62,112212
2015-08-05 20:30:00,38.63,38.64,38.55,38.6,93772
2015-08-05 21:00:00,38.6,38.69,38.59,38.69,87643
2015-08-05 21:30:00,38.69,38.7,38.6,38.64,119293
2015-08-05 22:00:00,38.65,38.7,38.61,38.64,190466
2015-08-05 22:30:00,38.64,38.74,38.61,38.73,640896
2015-08-06 16:30:00,38.67,38.78,38.58,38.61,110742
2015-08-06 17:00:00,38.61,38.65,38.54,38.58,123161
2015-08-06 17:30:00,38.57,38.71,38.54,38.7,228473
2015-08-06 18:00:00,38.69,38.7,38.53,38.54,174834
2015-08-06 18:30:00,38.53,38.54,38.36,38.36,235960
2015-08-06 19:00:00,38.37,38.43,38.33,38.38,190322
2015-08-06 19:30:00,38.38,38.4,38.31,38.36,124518
2015-08-06 20:00:00,38.36,38.62,38.35,38.57,200677
2015-08-06 20:30:00,38.55,38.56,38.45,38.46,87887
2015-08-06 21:00:00,38.46,38.56,38.44,38.55,86525
2015-08-06 21:30:00,38.55,38.56,38.46,38.5,86838
2015-08-06 22:00:00,38.51,38.53,38.48,38.49,171040
2015-08-06 22:30:00,38.49,38.61,38.48,38.61,443382
2015-08-07 16:30:00,38.49,38.61,38.37,38.39,327134
2015-08-07 17:00:00,38.41,38.41,38.19,38.22,253904
2015-08-07 17:30:00,38.2,38.32,38.19,38.2,155593
2015-08-07 18:00:00,38.2,38.24,38.05,38.08,222330
2015-08-07 18:30:00,38.07,38.12,38.04,38.08,107351
2015-08-07 19:00:00,38.07,38.14,38.07,38.08,97281
2015-08-07 19:30:00,38.07,38.1,38.05,38.07,99353
2015-08-07 20:00:00,38.07,38.09,38.04,38.06,168985
2015-08-07 20:30:00,38.07,38.11,38.04,38.05,85404
2015-08-07 21:00:00,38.06,38.09,38.02,38.06,81840
2015-08-07 21:30:00,38.07,38.16,38.07,38.15,78593
2015-08-07 22:00:00,38.15,38.24,38.12,38.21,189469
2015-08-07 22:30:00,38.21,38.24,38.15,38.24,463139
2015-08-10 16:30:00,38.59,38.91,38.59,38.8,179459
2015-08-10 17:00:00,38.81,38.87,38.75,38.87,105551
2015-08-10 17:30:00,38.86,38.89,38.79,38.89,97411
2015-08-10 18:00:00,38.89,38.93,38.76,38.77,124064
2015-08-10 18:30:00,38.77,38.83,38.76,38.83,72428
2015-08-10 19:00:00,38.82,38.87,38.81,38.84,51520
2015-08-10 19:30:00,38.85,38.89,38.84,38.88,52334
2015-08-10 20:00:00,38.89,38.97,38.87,38.87,104262
2015-08-10 20:30:00,38.88,38.9,38.86,38.89,27746
2015-08-10 21:00:00,38.89,38.91,38.86,38.86,59717
2015-08-10 21:30:00,38.87,38.88,38.81,38.84,59062
2015-08-10 22:00:00,38.83,38.93,38.82,38.9,145048
2015-08-10 22:30:00,38.9,38.91,38.8,38.88,312810
2015-08-11 16:30:00,38.46,38.56,38.27,38.41,123887
2015-08-11 17:00:00,38.41,38.53,38.38,38.47,108188
2015-08-11 17:30:00,38.46,38.56,38.4,38.46,148991
2015-08-11 18:00:00,38.46,38.47,38.31,38.33,122996
2015-08-11 18:30:00,38.32,38.34,38.23,38.27,122992
2015-08-11 19:00:00,38.27,38.33,38.25,38.27,54146
2015-08-11 19:30:00,38.26,38.35,38.24,38.25,63171
2015-08-11 20:00:00,38.25,38.27,38.2,38.23,104460
2015-08-11 20:30:00,38.24,38.3,38.18,38.19,38094
2015-08-11 21:00:00,38.19,38.24,38.16,38.23,80661
2015-08-11 21:30:00,38.22,38.26,38.19,38.25,125880
2015-08-11 22:00:00,38.24,38.3,38.22,38.27,158115
2015-08-11 22:30:00,38.28,38.38,38.26,38.34,340993
2015-08-12 16:30:00,37.96,37.96,37.34,37.34,126985
2015-08-12 17:00:00,37.34,37.37,37.04,37.16,174732
2015-08-12 17:30:00,37.16,37.33,37.16,37.24,114543
2015-08-12 18:00:00,37.25,37.33,37.15,37.19,125128
2015-08-12 18:30:00,37.19,37.19,37.03,37.06,100213
2015-08-12 19:00:00,37.06,37.18,37.01,37.16,104239
2015-08-12 19:30:00,37.16,37.3,37.16,37.2,74692
2015-08-12 20:00:00,37.21,37.42,37.21,37.38,125774
2015-08-12 20:30:00,37.39,37.52,37.37,37.51,102575
2015-08-12 21:00:00,37.5,37.61,37.44,37.53,268005
2015-08-12 21:30:00,37.52,37.78,37.46,37.74,185060
2015-08-12 22:00:00,37.75,37.93,37.74,37.91,321313
2015-08-12 22:30:00,37.9,37.94,37.81,37.85,245934
2015-08-13 16:30:00,37.84,37.94,37.52,37.59,153031
2015-08-13 17:00:00,37.59,37.73,37.52,37.71,71761
2015-08-13 17:30:00,37.72,37.81,37.67,37.68,118756
2015-08-13 18:00:00,37.68,37.69,37.56,37.59,90143
2015-08-13 18:30:00,37.59,37.67,37.56,37.65,82161
2015-08-13 19:00:00,37.65,37.78,37.65,37.76,41253
2015-08-13 19:30:00,37.77,37.77,37.68,37.75,46992
2015-08-13 20:00:00,37.76,37.79,37.72,37.75,110269
2015-08-13 20:30:00,37.74,37.76,37.67,37.69,65805
2015-08-13 21:00:00,37.7,37.73,37.68,37.72,97129
2015-08-13 21:30:00,37.71,37.73,37.68,37.69,75890
2015-08-13 22:00:00,37.68,37.69,37.58,37.59,230476
2015-08-13 22:30:00,37.58,37.58,37.43,37.45,779168
2015-08-14 16:30:00,37.4,37.77,37.27,37.48,240022
2015-08-14 17:00:00,37.48,37.51,37.27,37.28,146046
2015-08-14 17:30:00,37.28,37.35,37.16,37.17,161582
2015-08-14 18:00:00,37.17,37.25,37.11,37.21,149179
2015-08-14 18:30:00,37.21,37.35,37.19,37.33,117536
2015-08-14 19:00:00,37.32,37.36,37.29,37.35,77980
2015-08-14 19:30:00,37.35,37.4,37.27,37.37,59996
2015-08-14 20:00:00,37.37,37.47,37.32,37.45,80590
2015-08-14 20:30:00,37.47,37.48,37.37,37.48,129760
2015-08-14 21:00:00,37.47,37.55,37.46,37.51,86116
2015-08-14 21:30:00,37.5,37.55,37.47,37.52,98575
2015-08-14 22:00:00,37.51,37.63,37.51,37.6,142336
2015-08-14 22:30:00,37.6,37.6,37.49,37.52,639002
2015-08-17 16:30:00,37.31,37.38,37.17,37.26,151328
2015-08-17 17:00:00,37.27,37.41,37.16,37.3,114069
2015-08-17 17:30:00,37.31,37.37,37.27,37.34,85075
2015-08-17 18:00:00,37.34,37.48,37.34,37.4,85976
2015-08-17 18:30:00,37.4,37.41,37.33,37.38,79006
2015-08-17 19:00:00,37.38,37.44,37.38,37.4,57520
2015-08-17 19:30:00,37.41,37.5,37.4,37.5,75093
2015-08-17 20:00:00,37.5,37.57,37.47,37.53,98355
2015-08-17 20:30:00,37.54,37.55,37.5,37.5,53152
2015-08-17 21:00:00,37.5,37.52,37.46,37.47,75407
2015-08-17 21:30:00,37.47,37.59,37.47,37.59,83821
2015-08-17 22:00:00,37.59,37.63,37.57,37.63,140689
2015-08-17 22:30:00,37.63,37.69,37.6,37.67,251972
2015-08-18 16:30:00,37.37,37.45,37.02,37.39,175662
2015-08-18 17:00:00,37.4,37.4,37.23,37.24,131574
2015-08-18 17:30:00,37.24,37.25,37.07,37.21,283549
2015-08-18 18:00:00,37.22,37.24,37.15,37.18,72992
2015-08-18 18:30:00,37.18,37.19,37.07,37.12,96753
2015-08-18 19:00:00,37.12,37.24,37.09,37.2,54095
2015-08-18 19:30:00,37.21,37.21,37.13,37.16,69925
2015-08-18 20:00:00,37.16,37.16,37.01,37.09,143302
2015-08-18 20:30:00,37.1,37.16,37.07,37.15,110389
2015-08-18 21:00:00,37.15,37.25,37.11,37.25,84853
2015-08-18 21:30:00,37.25,37.26,37.19,37.25,90166
2015-08-18 22:00:00,37.24,37.3,37.23,37.26,162851
2015-08-18 22:30:00,37.26,37.26,37.17,37.21,291628
2015-08-19 16:30:00,37.01,37.09,36.71,36.75,187779
2015-08-19 17:00:00,36.75,36.84,36.73,36.79,169998
2015-08-19 17:30:00,36.79,36.82,36.55,36.56,143015
2015-08-19 18:00:00,36.56,36.72,36.56,36.64,105021
2015-08-19 18:30:00,36.64,36.67,36.5,36.62,197061
2015-08-19 19:00:00,36.62,36.66,36.59,36.62,99982
2015-08-19 19:30:00,36.63,36.75,36.62,36.67,92764
2015-08-19 20:00:00,36.68,36.79,36.66,36.71,64044
2015-08-19 20:30:00,36.71,36.85,36.69,36.71,110998
2015-08-19 21:00:00,36.71,37.0,36.71,36.86,159433
2015-08-19 21:30:00,36.86,36.88,36.67,36.7,146735
2015-08-19 22:00:00,36.7,36.73,36.62,36.7,339628
2015-08-19 22:30:00,36.7,36.79,36.65,36.65,576042
2015-08-20 16:30:00,36.26,36.33,36.03,36.16,155176
2015-08-20 17:00:00,36.17,36.24,36.07,36.14,181312
2015-08-20 17:30:00,36.14,36.35,36.11,36.28,109919
2015-08-20 18:00:00,36.28,36.31,36.14,36.22,123058
2015-08-20 18:30:00,36.23,36.27,36.15,36.27,69166
2015-08-20 19:00:00,36.27,36.27,36.05,36.08,89227
2015-08-20 19:30:00,36.07,36.11,35.97,36.02,154204
2015-08-20 20:00:00,36.02,36.17,35.99,36.15,127405
2015-08-20 20:30:00,36.14,36.24,36.06,36.22,132628
2015-08-20 21:00:00,36.22,36.23,36.09,36.09,211192
2015-08-20 21:30:00,36.08,36.09,36.0,36.0,314871
2015-08-20 22:00:00,36.01,36.08,35.99,36.07,338686
2015-08-20 22:30:00,36.07,36.1,35.86,35.89,636252
2015-08-21 16:30:00,35.54,35.57,35.2,35.53,464741
2015-08-21 17:00:00,35.54,35.7,35.44,35.48,214190
2015-08-21 17:30:00,35.47,35.52,35.36,35.4,252357
2015-08-21 18:00:00,35.41,35.42,35.11,35.27,334811
2015-08-21 18:30:00,35.26,35.29,35.11,35.27,175271
2015-08-21 19:00:00,35.28,35.46,35.25,35.26,143783
2015-08-21 19:30:00,35.26,35.38,35.2,35.21,257245
2015-08-21 20:00:00,35.21,35.31,35.14,35.31,267125
2015-08-21 20:30:00,35.31,35.41,35.26,35.4,201359
2015-08-21 21:00:00,35.4,35.46,35.3,35.33,223417
2015-08-21 21:30:00,35.34,35.39,35.11,35.13,216995
2015-08-21 22:00:00,35.14,35.19,34.91,34.93,992097
2015-08-21 22:30:00,34.93,34.93,34.58,34.6,2105397
2015-08-24 16:30:00,32.17,33.26,31.03,32.93,548069
2015-08-24 17:00:00,32.91,33.66,32.76,33.37,573787
2015-08-24 17:30:00,33.36,33.63,33.13,33.54,404886
2015-08-24 18:00:00,33.55,33.59,33.24,33.34,483109
2015-08-24 18:30:00,33.33,33.9,33.3,33.83,479601
2015-08-24 19:00:00,33.82,34.01,33.63,33.97,446654
2015-08-24 19:30:00,33.96,34.07,33.79,33.93,269748
2015-08-24 20:00:00,33.93,34.08,33.74,33.81,210870
2015-08-24 20:30:00,33.8,33.81,33.54,33.54,320514
2015-08-24 21:00:00,33.56,33.58,33.25,33.4,390036
2015-08-24 21:30:00,33.41,33.51,32.86,32.9,439455
2015-08-24 22:00:00,32.89,33.08,32.68,32.75,603502
2015-08-24 22:30:00,32.74,33.52,32.69,32.88,1208297
2015-08-25 16:30:00,34.2,34.4,33.3,33.38,388698
2015-08-25 17:00:00,33.39,33.68,33.33,33.56,350619
2015-08-25 17:30:00,33.56,33.68,33.48,33.59,286212
2015-08-25 18:00:00,33.59,33.95,33.59,33.78,256645
2015-08-25 18:30:00,33.78,33.82,33.64,33.64,325597
2015-08-25 19:00:00,33.65,33.82,33.65,33.79,150607
2015-08-25 19:30:00,33.77,33.8,33.58,33.6,133792
2015-08-25 20:00:00,33.6,33.63,33.33,33.41,507862
2015-08-25 20:30:00,33.4,33.58,33.34,33.52,398211
2015-08-25 21:00:00,33.51,33.55,33.3,33.39,444631
2015-08-25 21:30:00,33.4,33.47,33.26,33.41,444784
2015-08-25 22:00:00,33.4,33.41,32.87,32.92,661204
2015-08-25 22:30:00,32.91,32.96,32.0,32.05,2379872
2015-08-26 16:30:00,33.16,33.17,32.39,32.46,438545
2015-08-26 17:00:00,32.46,32.58,32.17,32.32,356304
2015-08-26 17:30:00,32.33,32.53,32.13,32.16,432235
2015-08-26 18:00:00,32.18,32.34,32.05,32.2,255246
2015-08-26 18:30:00,32.19,32.26,32.0,32.11,211884
2015-08-26 19:00:00,32.1,32.21,32.01,32.09,318430
2015-08-26 19:30:00,32.09,32.22,31.96,32.22,444968
2015-08-26 20:00:00,32.24,32.39,32.12,32.34,317196
2015-08-26 20:30:00,32.34,32.57,32.3,32.57,386752
2015-08-26 21:00:00,32.57,32.61,32.4,32.54,363452
2015-08-26 21:30:00,32.53,32.87,32.51,32.8,429427
2015-08-26 22:00:00,32.79,33.16,32.73,32.97,843545
2015-08-26 22:30:00,32.97,33.25,32.93,33.19,1453071
2015-08-27 16:30:00,33.66,33.96,33.49,33.93,317988
2015-08-27 17:00:00,33.94,34.06,33.74,34.0,289484
2015-08-27 17:30:00,34.01,34.32,33.93,34.32,248730
2015-08-27 18:00:00,34.3,34.45,34.25,34.31,279643
2015-08-27 18:30:00,34.32,34.41,34.25,34.39,223548
2015-08-27 19:00:00,34.4,34.6,34.39,34.56,169793
2015-08-27 19:30:00,34.57,34.64,34.47,34.64,230472
2015-08-27 20:00:00,34.65,34.7,34.56,34.64,467026
2015-08-27 20:30:00,34.64,34.77,34.56,34.76,305444
2015-08-27 21:00:00,34.77,34.77,34.41,34.44,242352
2015-08-27 21:30:00,34.43,34.57,34.13,34.16,289093
2015-08-27 22:00:00,34.16,34.34,33.95,34.32,537769
2015-08-27 22:30:00,34.34,34.59,34.23,34.58,1023756
2015-08-28 16:30:00,34.05,34.5,33.73,34.29,448468
2015-08-28 17:00:00,34.3,34.43,34.22,34.42,475193
2015-08-28 17:30:00,34.41,34.49,34.33,34.37,444349
2015-08-28 18:00:00,34.38,34.65,34.36,34.65,296148
2015-08-28 18:30:00,34.66,34.72,34.45,34.49,195106
2015-08-28 19:00:00,34.49,34.62,34.45,34.59,188941
2015-08-28 19:30:00,34.59,34.63,34.5,34.55,202877
2015-08-28 20:00:00,34.55,34.57,34.37,34.37,163180
2015-08-28 20:30:00,34.37,34.47,34.32,34.43,242541
2015-08-28 21:00:00,34.43,34.58,34.43,34.56,309130
2015-08-28 21:30:00,34.57,34.62,34.44,34.53,325528
2015-08-28 22:00:00,34.54,34.57,34.45,34.5,417986
2015-08-28 22:30:00,34.5,34.61,34.4,34.58,851371
2015-08-31 16:30:00,34.37,34.4,34.1,34.1,446526
2015-08-31 17:00:00,34.11,34.19,33.96,34.17,262449
2015-08-31 17:30:00,34.17,34.36,34.16,34.25,263688
2015-08-31 18:00:00,34.25,34.3,34.12,34.29,166885
2015-08-31 18:30:00,34.28,34.44,34.23,34.36,120653
2015-08-31 19:00:00,34.37,34.45,34.35,34.45,102014
2015-08-31 19:30:00,34.45,34.46,34.34,34.34,130544
2015-08-31 20:00:00,34.34,34.37,34.32,34.33,134023
2015-08-31 20:30:00,34.34,34.35,34.24,34.29,149775
2015-08-31 21:00:00,34.3,34.33,34.19,34.28,141412
2015-08-31 21:30:00,34.28,34.31,34.07,34.08,277056
2015-08-31 22:00:00,34.07,34.18,34.07,34.09,352499
2015-08-31 22:30:00,34.09,34.22,34.08,34.09,738589
2015-09-01 16:30:00,33.11,33.44,32.99,33.22,273013
2015-09-01 17:00:00,33.21,33.21,32.95,33.14,192383
2015-09-01 17:30:00,33.14,33.28,33.01,33.1,211684
2015-09-01 18:00:00,33.1,33.24,33.01,33.15,167149
2015-09-01 18:30:00,33.15,33.22,33.05,33.09,245953
2015-09-01 19:00:00,33.09,33.14,33.01,33.04,166184
2015-09-01 19:30:00,33.03,33.1,32.96,32.99,342870
2015-09-01 20:00:00,32.99,33.13,32.99,33.11,241674
2015-09-01 20:30:00,33.09,33.13,33.01,33.04,129119
2015-09-01 21:00:00,33.03,33.08,33.01,33.01,280815
2015-09-01 21:30:00,33.01,33.17,33.0,33.01,248777
2015-09-01 22:00:00,33.02,33.07,32.9,32.91,633741
2015-09-01 22:30:00,32.92,33.03,32.67,32.92,1067190
2015-09-02 16:30:00,33.3,33.64,33.11,33.12,142037
2015-09-02 17:00:00,33.12,33.18,32.88,32.89,184373
2015-09-02 17:30:00,32.88,32.92,32.76,32.81,117051
2015-09-02 18:00:00,32.81,32.91,32.77,32.86,197697
2015-09-02 18:30:00,32.86,32.88,32.61,32.66,140750
2015-09-02 19:00:00,32.65,32.71,32.58,32.7,114399
2015-09-02 19:30:00,32.7,32.87,32.7,32.83,104854
2015-09-02 20:00:00,32.84,32.86,32.76,32.86,127481
2015-09-02 20:30:00,32.85,32.86,32.72,32.74,185079
2015-09-02 21:00:00,32.74,32.87,32.7,32.82,156242
2015-09-02 21:30:00,32.82,32.85,32.7,32.78,144730
2015-09-02 22:00:00,32.78,32.86,32.7,32.84,245993
2015-09-02 22:30:00,32.83,32.96,32.8,32.96,911449
2015-09-03 16:30:00,32.85,33.36,32.83,33.35,320444
2015-09-03 17:00:00,33.36,33.39,33.2,33.32,247204
2015-09-03 17:30:00,33.33,33.39,33.26,33.36,383571
2015-09-03 18:00:00,33.35,33.36,33.19,33.2,221129
2015-09-03 18:30:00,33.21,33.24,33.09,33.19,209761
2015-09-03 19:00:00,33.19,33.26,33.18,33.22,118052
2015-09-03 19:30:00,33.23,33.24,33.05,33.06,163503
2015-09-03 20:00:00,33.07,33.1,32.93,33.03,211232
2015-09-03 20:30:00,33.03,33.05,32.84,32.85,298915
2015-09-03 21:00:00,32.85,32.97,32.81,32.96,199372
2015-09-03 21:30:00,32.96,33.05,32.95,32.98,208387
2015-09-03 22:00:00,32.99,33.07,32.92,32.95,376164
2015-09-03 22:30:00,32.94,33.0,32.79,32.9,1361773
2015-09-04 16:30:00,32.42,32.51,32.13,32.18,334893
2015-09-04 17:00:00,32.18,32.32,32.13,32.26,188236
2015-09-04 17:30:00,32.26,32.34,32.19,32.23,209940
2015-09-04 18:00:00,32.24,32.3,32.15,32.18,124790
2015-09-04 18:30:00,32.17,32.22,32.09,32.11,208711
2015-09-04 19:00:00,32.11,32.16,32.04,32.06,277944
2015-09-04 19:30:00,32.06,32.15,32.06,32.13,271885
2015-09-04 20:00:00,32.13,32.17,32.06,32.09,221166
2015-09-04 20:30:00,32.09,32.15,31.99,32.0,287249
2015-09-04 21:00:00,32.0,32.01,31.78,31.8,251827
2015-09-04 21:30:00,31.8,31.92,31.77,31.92,419332
2015-09-04 22:00:00,31.91,31.99,31.88,31.97,418968
2015-09-04 22:30:00,31.96,32.15,31.91,31.95,1320631
2015-09-08 16:30:00,32.7,32.79,32.36,32.38,314244
2015-09-08 17:00:00,32.38,32.46,32.24,32.46,307815
2015-09-08 17:30:00,32.46,32.48,32.35,32.42,211562
2015-09-08 18:00:00,32.42,32.46,32.36,32.38,237858
2015-09-08 18:30:00,32.38,32.41,32.3,32.31,226838
2015-09-08 19:00:00,32.31,32.51,32.3,32.47,156870
2015-09-08 19:30:00,32.48,32.51,32.43,32.44,194828
2015-09-08 20:00:00,32.45,32.54,32.39,32.48,364113
2015-09-08 20:30:00,32.48,32.63,32.45,32.63,264904
2015-09-08 21:00:00,32.63,32.78,32.62,32.74,326694
2015-09-08 21:30:00,32.75,32.87,32.75,32.8,213968
2015-09-08 22:00:00,32.81,32.89,32.81,32.83,326116
2015-09-08 22:30:00,32.83,32.97,32.79,32.93,775861
2015-09-09 16:30:00,33.35,33.69,33.33,33.39,586119
2015-09-09 17:00:00,33.39,33.4,33.18,33.23,420521
2015-09-09 17:30:00,33.23,33.26,33.08,33.11,232070
2015-09-09 18:00:00,33.11,33.22,33.08,33.14,293665
2015-09-09 18:30:00,33.15,33.2,33.07,33.14,135205
2015-09-09 19:00:00,33.13,33.23,33.09,33.21,134926
2015-09-09 19:30:00,33.21,33.21,33.07,33.12,115782
2015-09-09 20:00:00,33.12,33.24,33.11,33.14,347826
2015-09-09 20:30:00,33.14,33.15,32.86,32.88,228336
2015-09-09 21:00:00,32.89,32.94,32.81,32.84,218534
2015-09-09 21:30:00,32.85,32.92,32.75,32.9,185071
2015-09-09 22:00:00,32.89,32.98,32.77,32.8,323576
2015-09-09 22:30:00,32.79,32.79,32.44,32.54,702323
2015-09-10 16:30:00,32.35,32.65,32.3,32.33,301674
2015-09-10 17:00:00,32.34,32.45,32.28,32.42,148301
2015-09-10 17:30:00,32.43,32.74,32.41,32.65,243330
2015-09-10 18:00:00,32.65,32.66,32.37,32.42,289839
2015-09-10 18:30:00,32.43,32.69,32.41,32.67,195638
2015-09-10 19:00:00,32.67,32.78,32.56,32.67,155405
2015-09-10 19:30:00,32.67,32.79,32.64,32.75,138216
2015-09-10 20:00:00,32.76,32.92,32.7,32.91,132326
2015-09-10 20:30:00,32.9,33.01,32.89,32.97,213185
2015-09-10 21:00:00,32.96,33.02,32.88,32.92,189026
2015-09-10 21:30:00,32.92,32.97,32.84,32.84,190762
2015-09-10 22:00:00,32.84,32.88,32.73,32.76,338606
2015-09-10 22:30:00,32.74,32.75,32.58,32.74,529241
2015-09-11 16:30:00,32.53,32.85,32.47,32.58,175131
2015-09-11 17:00:00,32.56,32.58,32.43,32.54,83697
2015-09-11 17:30:00,32.54,32.58,32.46,32.47,175764
2015-09-11 18:00:00,32.48,32.67,32.47,32.66,151933
2015-09-11 18:30:00,32.67,32.73,32.59,32.7,276095
2015-09-11 19:00:00,32.71,32.86,32.71,32.78,103397
2015-09-11 19:30:00,32.77,32.84,32.73,32.81,82103
2015-09-11 20:00:00,32.81,32.81,32.62,32.64,112824
2015-09-11 20:30:00,32.63,32.72,32.61,32.7,91622
2015-09-11 21:00:00,32.7,32.72,32.61,32.66,101392
2015-09-11 21:30:00,32.67,32.76,32.66,32.7,159917
2015-09-11 22:00:00,32.7,32.81,32.68,32.76,191303
2015-09-11 22:30:00,32.76,32.9,32.71,32.88,468039
2015-09-14 16:30:00,32.87,32.93,32.59,32.76,174716
2015-09-14 17:00:00,32.76,32.86,32.74,32.74,105886
2015-09-14 17:30:00,32.74,32.91,32.74,32.82,204477
2015-09-14 18:00:00,32.83,32.88,32.75,32.77,143095
2015-09-14 18:30:00,32.77,32.79,32.72,32.74,126292
2015-09-14 19:00:00,32.74,32.76,32.68,32.76,135385
2015-09-14 19:30:00,32.75,32.81,32.71,32.72,78431
2015-09-14 20:00:00,32.71,32.73,32.65,32.66,149073
2015-09-14 20:30:00,32.66,32.78,32.65,32.78,157048
2015-09-14 21:00:00,32.79,32.79,32.64,32.66,150366
2015-09-14 21:30:00,32.66,32.75,32.65,32.68,141273
2015-09-14 22:00:00,32.68,32.72,32.61,32.63,257448
2015-09-14 22:30:00,32.64,32.67,32.58,32.65,487278
2015-09-15 16:30:00,32.67,32.8,32.57,32.78,258621
2015-09-15 17:00:00,32.78,32.83,32.67,32.72,99225
2015-09-15 17:30:00,32.72,32.94,32.72,32.91,131977
2015-09-15 18:00:00,32.91,32.93,32.81,32.84,79305
2015-09-15 18:30:00,32.84,32.87,32.78,32.83,58496
2015-09-15 19:00:00,32.84,32.96,32.82,32.94,72755
2015-09-15 19:30:00,32.93,32.98,32.87,32.89,89074
2015-09-15 20:00:00,32.88,33.08,32.86,33.07,341191
2015-09-15 20:30:00,33.07,33.24,33.05,33.12,335312
2015-09-15 21:00:00,33.13,33.27,33.1,33.25,290418
2015-09-15 21:30:00,33.25,33.4,33.25,33.39,377626
2015-09-15 22:00:00,33.39,33.45,33.3,33.32,286280
2015-09-15 22:30:00,33.32,33.39,33.25,33.26,492612
2015-09-16 16:30:00,33.26,33.47,33.0,33.39,340720
2015-09-16 17:00:00,33.4,33.5,33.31,33.44,267761
2015-09-16 17:30:00,33.43,33.48,33.3,33.36,164288
2015-09-16 18:00:00,33.36,33.55,33.35,33.53,186807
2015-09-16 18:30:00,33.54,33.55,33.43,33.5,76266
2015-09-16 19:00:00,33.49,33.56,33.47,33.55,115005
2015-09-16 19:30:00,33.55,33.59,33.51,33.56,92354
2015-09-16 20:00:00,33.57,33.57,33.45,33.46,78457
2015-09-16 20:30:00,33.46,33.53,33.45,33.52,104650
2015-09-16 21:00:00,33.53,33.56,33.46,33.54,141344
2015-09-16 21:30:00,33.54,33.71,33.49,33.68,200555
2015-09-16 22:00:00,33.67,33.7,33.63,33.7,226167
2015-09-16 22:30:00,33.7,33.78,33.68,33.7,742346
2015-09-17 16:30:00,33.63,33.91,33.54,33.9,154085
2015-09-17 17:00:00,33.87,34.0,33.85,33.99,286896
2015-09-17 17:30:00,33.99,34.02,33.92,34.01,198658
2015-09-17 18:00:00,34.01,34.05,33.93,33.96,135245
2015-09-17 18:30:00,33.96,33.97,33.84,33.86,98416
2015-09-17 19:00:00,33.86,33.92,33.83,33.85,85330
2015-09-17 19:30:00,33.86,33.91,33.8,33.9,94575
2015-09-17 20:00:00,33.89,34.01,33.86,34.0,134070
2015-09-17 20:30:00,34.01,34.05,33.91,33.92,146829
2015-09-17 21:00:00,33.93,34.06,33.49,33.72,412681
2015-09-17 21:30:00,33.7,34.19,33.7,34.14,499571
2015-09-17 22:00:00,34.14,34.16,33.43,33.61,512049
2015-09-17 22:30:00,33.61,33.74,33.38,33.47,677764
2015-09-18 16:30:00,32.31,32.91,32.02,32.66,702870
2015-09-18 17:00:00,32.67,33.02,32.55,32.91,177089
2015-09-18 17:30:00,32.89,32.9,32.67,32.81,140308
2015-09-18 18:00:00,32.8,32.96,32.79,32.84,138297
2015-09-18 18:30:00,32.83,33.05,32.8,33.0,151763
2015-09-18 19:00:00,33.0,33.0,32.72,32.79,155216
2015-09-18 19:30:00,32.79,32.86,32.68,32.72,113156
2015-09-18 20:00:00,32.71,32.8,32.61,32.67,134278
2015-09-18 20:30:00,32.67,32.73,32.56,32.58,148049
2015-09-18 21:00:00,32.57,32.77,32.56,32.74,162411
2015-09-18 21:30:00,32.73,32.73,32.6,32.69,180424
2015-09-18 22:00:00,32.69,32.73,32.52,32.57,262619
2015-09-18 22:30:00,32.56,32.57,32.37,32.48,746095
2015-09-21 16:30:00,32.93,33.17,32.73,32.98,341071
2015-09-21 17:00:00,32.98,33.06,32.91,32.95,179939
2015-09-21 17:30:00,32.96,33.17,32.96,33.03,155187
2015-09-21 18:00:00,33.04,33.07,32.98,33.02,167441
2015-09-21 18:30:00,33.02,33.05,32.81,32.89,111957
2015-09-21 19:00:00,32.89,32.9,32.75,32.8,127209
2015-09-21 19:30:00,32.8,32.82,32.64,32.68,135606
2015-09-21 20:00:00,32.68,32.84,32.68,32.81,80074
2015-09-21 20:30:00,32.81,32.87,32.74,32.74,92699
2015-09-21 21:00:00,32.73,32.77,32.69,32.73,117688
2015-09-21 21:30:00,32.73,32.94,32.71,32.88,152309
2015-09-21 22:00:00,32.89,32.91,32.82,32.85,203724
2015-09-21 22:30:00,32.86,32.88,32.72,32.85,447689
2015-09-22 16:30:00,32.28,32.38,32.19,32.28,176776
2015-09-22 17:00:00,32.28,32.45,32.12,32.15,167974
2015-09-22 17:30:00,32.14,32.17,31.99,32.09,152292
2015-09-22 18:00:00,32.09,32.11,31.98,31.98,101139
2015-09-22 18:30:00,31.97,32.06,31.95,32.01,102420
2015-09-22 19:00:00,32.0,32.11,31.95,31.98,103048
2015-09-22 19:30:00,31.98,31.98,31.81,31.84,160644
2015-09-22 20:00:00,31.83,31.97,31.83,31.86,95369
2015-09-22 20:30:00,31.86,31.94,31.85,31.9,240814
2015-09-22 21:00:00,31.9,31.96,31.82,31.89,243567
2015-09-22 21:30:00,31.89,31.95,31.84,31.93,187694
2015-09-22 22:00:00,31.93,31.98,31.85,31.97,200224
2015-09-22 22:30:00,31.98,32.13,31.97,32.07,485004
2015-09-23 16:30:00,32.2,32.26,31.93,32.13,139158
2015-09-23 17:00:00,32.14,32.17,32.03,32.13,101964
2015-09-23 17:30:00,32.12,32.13,32.02,32.03,116370
2015-09-23 18:00:00,32.03,32.03,31.69,31.69,200561
2015-09-23 18:30:00,31.7,31.72,31.61,31.67,204430
2015-09-23 19:00:00,31.67,31.72,31.6,31.71,98311
2015-09-23 19:30:00,31.71,31.71,31.63,31.64,123026
2015-09-23 20:00:00,31.63,31.72,31.59,31.6,137078
2015-09-23 20:30:00,31.6,31.81,31.6,31.81,290059
2015-09-23 21:00:00,31.81,31.96,31.79,31.84,211701
2015-09-23 21:30:00,31.83,31.91,31.8,31.87,121216
2015-09-23 22:00:00,31.88,31.92,31.82,31.86,182831
2015-09-23 22:30:00,31.87,31.96,31.83,31.88,320755
2015-09-24 16:30:00,31.59,31.66,31.34,31.48,172729
2015-09-24 17:00:00,31.48,31.63,31.32,31.36,166338
2015-09-24 17:30:00,31.36,31.51,31.36,31.43,95536
2015-09-24 18:00:00,31.43,31.49,31.36,31.41,108679
2015-09-24 18:30:00,31.41,31.63,31.41,31.63,143140
2015-09-24 19:00:00,31.63,31.77,31.62,31.74,175387
2015-09-24 19:30:00,31.75,31.87,31.74,31.76,273199
2015-09-24 20:00:00,31.75,31.78,31.6,31.65,209038
2015-09-24 20:30:00,31.65,31.78,31.59,31.75,171086
2015-09-24 21:00:00,31.74,31.92,31.72,31.89,233675
2015-09-24 21:30:00,31.88,32.08,31.83,32.01,326261
2015-09-24 22:00:00,32.02,32.07,31.88,32.03,504200
2015-09-24 22:30:00,32.04,32.07,31.9,31.96,846151
2015-09-25 16:30:00,32.37,32.55,32.21,32.33,195423
2015-09-25 17:00:00,32.31,32.33,32.03,32.1,205467
2015-09-25 17:30:00,32.11,32.14,32.05,32.13,139907
2015-09-25 18:00:00,32.12,32.2,32.1,32.17,124129
2015-09-25 18:30:00,32.18,32.23,32.14,32.22,113806
2015-09-25 19:00:00,32.22,32.22,32.1,32.17,80104
2015-09-25 19:30:00,32.18,32.26,32.15,32.19,62775
2015-09-25 20:00:00,32.21,32.33,32.2,32.31,104447
2015-09-25 20:30:00,32.31,32.36,32.26,32.3,106501
2015-09-25 21:00:00,32.31,32.37,32.14,32.15,243300
2015-09-25 21:30:00,32.15,32.17,31.96,32.07,245961
2015-09-25 22:00:00,32.08,32.08,31.89,32.0,411062
2015-09-25 22:30:00,31.99,32.1,31.96,32.02,653273
2015-09-28 16:30:00,31.68,31.86,31.41,31.47,219149
2015-09-28 17:00:00,31.47,31.51,31.23,31.3,182493
2015-09-28 17:30:00,31.3,31.31,31.19,31.23,167830
2015-09-28 18:00:00,31.23,31.3,31.09,31.1,152620
2015-09-28 18:30:00,31.1,31.12,30.97,30.97,208268
2015-09-28 19:00:00,30.97,31.0,30.85,30.85,251171
2015-09-28 19:30:00,30.85,30.9,30.81,30.86,130773
2015-09-28 20:00:00,30.87,31.0,30.86,30.93,130083
2015-09-28 20:30:00,30.93,30.99,30.88,30.92,132007
2015-09-28 21:00:00,30.91,30.92,30.82,30.9,143811
2015-09-28 21:30:00,30.9,31.01,30.88,30.94,201900
2015-09-28 22:00:00,30.95,31.03,30.89,30.94,320434
2015-09-28 22:30:00,30.93,31.06,30.9,30.93,638503
2015-09-29 16:30:00,31.34,31.34,30.79,31.0,305031
2015-09-29 17:00:00,31.02,31.16,30.87,31.15,467575
2015-09-29 17:30:00,31.15,31.19,30.86,30.92,319476
2015-09-29 18:00:00,30.92,31.0,30.86,30.89,262436
2015-09-29 18:30:00,30.89,30.91,30.8,30.84,108528
2015-09-29 19:00:00,30.84,30.86,30.67,30.79,128552
2015-09-29 19:30:00,30.79,30.85,30.73,30.74,80970
2015-09-29 20:00:00,30.74,30.89,30.73,30.85,110984
2015-09-29 20:30:00,30.86,31.0,30.86,30.92,118812
2015-09-29 21:00:00,30.93,30.96,30.82,30.94,136690
2015-09-29 21:30:00,30.93,30.96,30.76,30.76,211855
2015-09-29 22:00:00,30.76,30.81,30.65,30.66,251915
2015-09-29 22:30:00,30.67,30.87,30.67,30.82,1271815
2015-09-30 16:30:00,31.11,31.38,30.95,31.0,519836
2015-09-30 17:00:00,31.01,31.27,31.01,31.21,290462
2015-09-30 17:30:00,31.2,31.25,31.04,31.06,443030
2015-09-30 18:00:00,31.06,31.16,31.05,31.16,233917
2015-09-30 18:30:00,31.16,31.19,30.95,30.98,203107
2015-09-30 19:00:00,30.98,31.01,30.89,30.96,136133
2015-09-30 19:30:00,30.96,30.98,30.8,30.89,172091
2015-09-30 20:00:00,30.89,30.91,30.81,30.84,292412
2015-09-30 20:30:00,30.84,31.09,30.78,31.07,359148
2015-09-30 21:00:00,31.08,31.12,31.01,31.03,259482
2015-09-30 21:30:00,31.02,31.09,30.96,31.05,430568
2015-09-30 22:00:00,31.06,31.1,31.0,31.08,455710
2015-09-30 22:30:00,31.08,31.32,31.05,31.22,1966727
2015-10-01 16:30:00,31.27,31.58,31.23,31.47,249745
2015-10-01 17:00:00,31.46,31.54,31.23,31.53,251772
2015-10-01 17:30:00,31.53,31.55,31.31,31.31,189866
2015-10-01 18:00:00,31.31,31.32,31.15,31.2,244111
2015-10-01 18:30:00,31.2,31.27,31.03,31.06,148240
2015-10-01 19:00:00,31.05,31.05,30.95,31.02,231143
2015-10-01 19:30:00,31.02,31.03,30.91,30.94,182260
2015-10-01 20:00:00,30.93,31.03,30.87,31.0,104083
2015-10-01 20:30:00,31.0,31.08,30.95,31.08,206689
2015-10-01 21:00:00,31.07,31.21,31.04,31.14,159049
2015-10-01 21:30:00,31.15,31.34,31.14,31.31,204475
2015-10-01 22:00:00,31.32,31.39,31.3,31.35,256321
2015-10-01 22:30:00,31.35,31.52,31.28,31.47,770739
2015-10-02 16:30:00,30.72,30.72,30.21,30.48,451541
2015-10-02 17:00:00,30.49,30.49,30.29,30.35,386254
2015-10-02 17:30:00,30.34,30.5,30.3,30.49,168376
2015-10-02 18:00:00,30.49,30.58,30.45,30.49,293375
2015-10-02 18:30:00,30.5,30.75,30.48,30.74,292228
2015-10-02 19:00:00,30.74,30.95,30.73,30.88,197313
2015-10-02 19:30:00,30.89,31.06,30.86,31.02,189984
2015-10-02 20:00:00,31.02,31.18,31.01,31.15,143447
2015-10-02 20:30:00,31.15,31.19,31.0,31.09,207808
2015-10-02 21:00:00,31.09,31.24,31.09,31.21,134468
2015-10-02 21:30:00,31.22,31.25,31.15,31.16,147026
2015-10-02 22:00:00,31.16,31.42,31.14,31.42,170971
2015-10-02 22:30:00,31.43,31.54,31.42,31.53,432811
2015-10-05 16:30:00,31.89,32.49,31.89,32.49,309091
2015-10-05 17:00:00,32.48,32.53,32.35,32.43,354819
2015-10-05 17:30:00,32.43,32.46,32.21,32.23,294407
2015-10-05 18:00:00,32.23,32.38,32.22,32.29,201120
2015-10-05 18:30:00,32.29,32.31,32.15,32.28,113131
2015-10-05 19:00:00,32.28,32.38,32.27,32.33,97430
2015-10-05 19:30:00,32.33,32.38,32.26,32.33,130165
2015-10-05 20:00:00,32.33,32.4,32.31,32.37,180565
2015-10-05 20:30:00,32.38,32.38,32.28,32.35,128541
2015-10-05 21:00:00,32.35,32.52,32.31,32.51,351522
2015-10-05 21:30:00,32.51,32.57,32.5,32.53,156895
2015-10-05 22:00:00,32.53,32.61,32.5,32.51,373520
2015-10-05 22:30:00,32.52,32.58,32.47,32.5,509076
2015-10-06 16:30:00,32.41,32.48,32.19,32.4,318423
2015-10-06 17:00:00,32.39,32.42,32.31,32.32,297242
2015-10-06 17:30:00,32.33,32.43,32.29,32.35,309942
2015-10-06 18:00:00,32.35,32.51,32.34,32.41,452038
2015-10-06 18:30:00,32.42,32.43,32.28,32.37,299242
2015-10-06 19:00:00,32.37,32.43,32.3,32.36,154263
2015-10-06 19:30:00,32.36,32.4,32.23,32.4,247220
2015-10-06 20:00:00,32.41,32.53,32.4,32.47,71574
2015-10-06 20:30:00,32.47,32.47,32.37,32.39,92938
2015-10-06 21:00:00,32.39,32.56,32.37,32.56,114152
2015-10-06 21:30:00,32.56,32.57,32.47,32.49,143024
2015-10-06 22:00:00,32.48,32.56,32.45,32.51,207720
2015-10-06 22:30:00,32.51,32.53,32.44,32.5,464125
2015-10-07 16:30:00,32.73,33.16,32.7,33.11,336436
2015-10-07 17:00:00,33.12,33.22,33.02,33.12,201039
2015-10-07 17:30:00,33.12,33.12,32.82,32.88,201980
2015-10-07 18:00:00,32.88,32.88,32.57,32.61,114375
2015-10-07 18:30:00,32.6,32.84,32.58,32.81,154004
2015-10-07 19:00:00,32.82,32.86,32.64,32.65,135817
2015-10-07 19:30:00,32.65,32.78,32.57,32.74,149428
2015-10-07 20:00:00,32.74,32.89,32.72,32.85,84667
2015-10-07 20:30:00,32.85,32.95,32.85,32.92,99995
2015-10-07 21:00:00,32.92,33.05,32.9,32.97,192150
2015-10-07 21:30:00,32.97,33.01,32.88,32.92,161412
2015-10-07 22:00:00,32.92,33.03,32.89,32.92,184287
2015-10-07 22:30:00,32.93,33.0,32.89,32.99,338331
2015-10-08 16:30:00,32.84,32.94,31.89,32.78,151000
2015-10-08 17:00:00,32.79,32.88,32.71,32.71,108818
2015-10-08 17:30:00,32.72,32.91,32.72,32.86,95087
2015-10-08 18:00:00,32.85,32.88,32.74,32.85,104559
2015-10-08 18:30:00,32.85,32.91,32.84,32.9,83690
2015-10-08 19:00:00,32.89,32.97,32.86,32.91,67297
2015-10-08 19:30:00,32.92,32.99,32.81,32.86,82365
2015-10-08 20:00:00,32.86,32.9,32.81,32.88,73230
2015-10-08 20:30:00,32.88,32.91,32.8,32.89,140520
2015-10-08 21:00:00,32.89,33.0,32.72,32.88,165259
2015-10-08 21:30:00,32.87,33.05,32.86,33.02,123182
2015-10-08 22:00:00,33.01,33.15,33.01,33.1,303202
2015-10-08 22:30:00,33.1,33.17,33.06,33.14,681842
2015-10-09 16:30:00,33.17,33.33,33.02,33.28,218596
2015-10-09 17:00:00,33.28,33.28,33.0,33.04,146030
2015-10-09 17:30:00,33.04,33.19,33.03,33.17,141876
2015-10-09 18:00:00,33.17,33.21,33.07,33.15,148716
2015-10-09 18:30:00,33.15,33.15,32.98,33.02,156062
2015-10-09 19:00:00,33.03,33.05,32.88,32.92,114440
2015-10-09 19:30:00,32.91,32.91,32.83,32.83,124073
2015-10-09 20:00:00,32.83,32.89,32.74,32.8,141523
2015-10-09 20:30:00,32.81,32.88,32.74,32.85,112773
2015-10-09 21:00:00,32.86,32.87,32.78,32.87,98712
2015-10-09 21:30:00,32.85,32.9,32.81,32.88,118425
2015-10-09 22:00:00,32.88,32.89,32.82,32.82,228344
2015-10-09 22:30:00,32.82,32.94,32.82,32.88,513227
2015-10-12 16:30:00,32.82,32.92,32.68,32.87,191022
2015-10-12 17:00:00,32.87,32.87,32.54,32.57,105247
2015-10-12 17:30:00,32.58,32.64,32.52,32.54,124913
2015-10-12 18:00:00,32.53,32.62,32.53,32.57,82184
2015-10-12 18:30:00,32.57,32.66,32.52,32.61,83913
2015-10-12 19:00:00,32.6,32.61,32.5,32.54,79668
2015-10-12 19:30:00,32.54,32.55,32.46,32.5,177019
2015-10-12 20:00:00,32.5,32.52,32.44,32.51,107195
2015-10-12 20:30:00,32.51,32.52,32.45,32.49,85003
2015-10-12 21:00:00,32.48,32.53,32.48,32.49,62016
2015-10-12 21:30:00,32.5,32.57,32.49,32.53,80125
2015-10-12 22:00:00,32.53,32.62,32.53,32.6,104871
2015-10-12 22:30:00,32.6,32.64,32.57,32.63,266817
2015-10-13 16:30:00,32.55,32.58,32.17,32.33,284353
2015-10-13 17:00:00,32.33,32.43,32.29,32.41,261647
2015-10-13 17:30:00,32.42,32.44,32.32,32.4,198209
2015-10-13 18:00:00,32.41,32.42,32.22,32.22,149181
2015-10-13 18:30:00,32.22,32.22,32.08,32.09,246916
2015-10-13 19:00:00,32.08,32.13,32.04,32.07,313414
2015-10-13 19:30:00,32.06,32.12,31.97,31.97,250219
2015-10-13 20:00:00,31.97,32.01,31.91,31.91,236107
2015-10-13 20:30:00,31.92,31.96,31.82,31.83,301897
2015-10-13 21:00:00,31.84,31.84,31.74,31.81,342446
2015-10-13 21:30:00,31.81,31.81,31.71,31.74,231115
2015-10-13 22:00:00,31.74,31.74,31.53,31.63,977178
2015-10-13 22:30:00,31.62,31.62,31.42,31.46,1402663
2015-10-14 16:30:00,31.5,31.8,31.21,31.78,259259
2015-10-14 17:00:00,31.79,31.79,31.53,31.54,147110
2015-10-14 17:30:00,31.54,31.56,31.34,31.35,276926
2015-10-14 18:00:00,31.35,31.51,31.33,31.46,190539
2015-10-14 18:30:00,31.46,31.51,31.4,31.49,223139
2015-10-14 19:00:00,31.49,31.52,31.29,31.39,312949
2015-10-14 19:30:00,31.4,31.54,31.37,31.44,344428
2015-10-14 20:00:00,31.45,31.48,31.35,31.38,174478
2015-10-14 20:30:00,31.39,31.4,31.34,31.37,130082
2015-10-14 21:00:00,31.37,31.44,31.25,31.25,196228
2015-10-14 21:30:00,31.25,31.26,31.07,31.12,320364
2015-10-14 22:00:00,31.12,31.19,31.06,31.09,396254
2015-10-14 22:30:00,31.09,31.21,31.04,31.12,921083
2015-10-15 16:30:00,31.33,31.53,31.28,31.53,358385
2015-10-15 17:00:00,31.53,31.62,31.46,31.46,273312
2015-10-15 17:30:00,31.45,31.55,31.41,31.5,421871
2015-10-15 18:00:00,31.5,31.54,31.39,31.44,208219
2015-10-15 18:30:00,31.44,31.46,31.15,31.17,215220
2015-10-15 19:00:00,31.16,31.35,31.13,31.35,216016
2015-10-15 19:30:00,31.36,31.43,31.27,31.41,105614
2015-10-15 20:00:00,31.42,31.6,31.41,31.57,144183
2015-10-15 20:30:00,31.58,31.72,31.57,31.68,158447
2015-10-15 21:00:00,31.68,31.74,31.62,31.74,120349
2015-10-15 21:30:00,31.74,31.97,31.72,31.96,272562
2015-10-15 22:00:00,31.95,32.0,31.87,31.96,193649
2015-10-15 22:30:00,31.95,32.03,31.91,32.0,424941
2015-10-16 16:30:00,32.06,32.15,31.84,32.02,435251
2015-10-16 17:00:00,32.02,32.11,31.97,32.03,217632
2015-10-16 17:30:00,32.04,32.1,31.94,32.09,153209
2015-10-16 18:00:00,32.1,32.21,32.09,32.19,312154
2015-10-16 18:30:00,32.2,32.29,32.19,32.29,82280
2015-10-16 19:00:00,32.29,32.29,32.18,32.21,135600
2015-10-16 19:30:00,32.21,32.28,32.19,32.25,164888
2015-10-16 20:00:00,32.26,32.29,32.21,32.21,64389
2015-10-16 20:30:00,32.2,32.26,32.15,32.16,85263
2015-10-16 21:00:00,32.16,32.31,32.16,32.31,238096
2015-10-16 21:30:00,32.31,32.52,32.3,32.51,206746
2015-10-16 22:00:00,32.51,32.52,32.44,32.46,240910
2015-10-16 22:30:00,32.46,32.51,32.38,32.41,529315
2015-10-19 16:30:00,32.26,32.29,31.93,32.14,190278
2015-10-19 17:00:00,32.16,32.16,31.96,31.96,153489
2015-10-19 17:30:00,31.96,31.99,31.92,31.99,159467
2015-10-19 18:00:00,31.97,31.97,31.88,31.9,172487
2015-10-19 18:30:00,31.89,31.98,31.88,31.88,143557
2015-10-19 19:00:00,31.89,31.96,31.87,31.94,111995
2015-10-19 19:30:00,31.94,32.01,31.93,32.0,104223
2015-10-19 20:00:00,32.0,32.01,31.84,31.84,83127
2015-10-19 20:30:00,31.84,31.92,31.79,31.89,123077
2015-10-19 21:00:00,31.89,31.91,31.77,31.78,156527
2015-10-19 21:30:00,31.78,31.81,31.73,31.75,279139
2015-10-19 22:00:00,31.74,31.82,31.74,31.78,344398
2015-10-19 22:30:00,31.77,31.78,31.66,31.76,526307
2015-10-20 16:30:00,31.57,31.86,31.51,31.86,351697
2015-10-20 17:00:00,31.86,31.91,31.73,31.86,373468
2015-10-20 17:30:00,31.87,31.94,31.78,31.93,243122
2015-10-20 18:00:00,31.94,31.94,31.77,31.9,119419
2015-10-20 18:30:00,31.89,31.93,31.8,31.89,99462
2015-10-20 19:00:00,31.89,31.94,31.86,31.89,185135
2015-10-20 19:30:00,31.88,31.88,31.78,31.87,99696
2015-10-20 20:00:00,31.87,31.9,31.79,31.79,234244
2015-10-20 20:30:00,31.79,31.86,31.75,31.84,94901
2015-10-20 21:00:00,31.83,31.83,31.75,31.81,169101
2015-10-20 21:30:00,31.82,31.89,31.78,31.88,182825
2015-10-20 22:00:00,31.88,31.95,31.85,31.93,381152
2015-10-20 22:30:00,31.93,31.94,31.87,31.89,726226
2015-10-21 16:30:00,32.0,32.05,31.84,31.89,107971
2015-10-21 17:00:00,31.88,31.91,31.74,31.76,111615
2015-10-21 17:30:00,31.75,31.87,31.67,31.85,104057
2015-10-21 18:00:00,31.86,31.89,31.76,31.87,62327
2015-10-21 18:30:00,31.87,31.96,31.86,31.93,93728
2015-10-21 19:00:00,31.93,31.95,31.86,31.88,76050
2015-10-21 19:30:00,31.89,31.94,31.86,31.86,50241
2015-10-21 20:00:00,31.86,31.87,31.69,31.7,124024
2015-10-21 20:30:00,31.69,31.8,31.67,31.73,92753
2015-10-21 21:00:00,31.72,31.74,31.64,31.69,91269
2015-10-21 21:30:00,31.7,31.84,31.69,31.77,121715
2015-10-21 22:00:00,31.78,31.83,31.6,31.61,213479
2015-10-21 22:30:00,31.61,31.62,31.42,31.45,318871
2015-10-22 16:30:00,31.62,32.49,31.62,32.46,443827
2015-10-22 17:00:00,32.46,32.66,32.44,32.6,357280
2015-10-22 17:30:00,32.6,32.73,32.55,32.73,198813
2015-10-22 18:00:00,32.74,32.92,32.67,32.91,250566
2015-10-22 18:30:00,32.91,33.0,32.84,32.9,213153
2015-10-22 19:00:00,32.9,33.06,32.82,33.03,197999
2015-10-22 19:30:00,33.03,33.09,32.91,33.08,182020
2015-10-22 20:00:00,33.08,33.08,32.94,32.96,146459
2015-10-22 20:30:00,32.97,32.99,32.82,32.86,149748
2015-10-22 21:00:00,32.86,32.92,32.8,32.85,480631
2015-10-22 21:30:00,32.85,33.09,32.79,33.06,407280
2015-10-22 22:00:00,33.06,33.07,32.89,33.02,441209
2015-10-22 22:30:00,33.02,33.03,32.91,32.99,791397
2015-10-23 16:30:00,33.37,33.61,33.23,33.61,549454
2015-10-23 17:00:00,33.61,33.72,33.52,33.69,427558
2015-10-23 17:30:00,33.69,33.78,33.65,33.78,534610
2015-10-23 18:00:00,33.79,33.86,33.5,33.54,261867
2015-10-23 18:30:00,33.53,33.56,33.39,33.52,142651
2015-10-23 19:00:00,33.52,33.54,33.39,33.5,125789
2015-10-23 19:30:00,33.51,33.53,33.38,33.45,130047
2015-10-23 20:00:00,33.45,33.57,33.35,33.55,207217
2015-10-23 20:30:00,33.55,33.62,33.5,33.57,142153
2015-10-23 21:00:00,33.56,33.67,33.52,33.64,148981
2015-10-23 21:30:00,33.65,33.88,33.64,33.8,263397
2015-10-23 22:00:00,33.8,33.92,33.77,33.89,372487
2015-10-23 22:30:00,33.89,33.97,33.85,33.91,614761
2015-10-26 16:30:00,33.84,33.89,33.53,33.53,194534
2015-10-26 17:00:00,33.53,33.71,33.5,33.7,118941
2015-10-26 17:30:00,33.7,33.75,33.61,33.67,194006
2015-10-26 18:00:00,33.67,33.71,33.59,33.6,188091
2015-10-26 18:30:00,33.6,33.68,33.59,33.66,119767
2015-10-26 19:00:00,33.65,33.66,33.51,33.59,191874
2015-10-26 19:30:00,33.6,33.75,33.56,33.69,121410
2015-10-26 20:00:00,33.69,33.73,33.64,33.71,83660
2015-10-26 20:30:00,33.71,33.74,33.6,33.6,213831
2015-10-26 21:00:00,33.6,33.65,33.54,33.59,128263
2015-10-26 21:30:00,33.58,33.64,33.53,33.6,241138
2015-10-26 22:00:00,33.6,33.75,33.6,33.7,231945
2015-10-26 22:30:00,33.69,33.74,33.65,33.71,333322
2015-10-27 16:30:00,33.46,33.46,33.19,33.45,129416
2015-10-27 17:00:00,33.45,33.55,33.19,33.24,115835
2015-10-27 17:30:00,33.24,33.43,33.19,33.4,212405
2015-10-27 18:00:00,33.4,33.46,33.35,33.36,94153
2015-10-27 18:30:00,33.36,33.48,33.28,33.31,280499
2015-10-27 19:00:00,33.32,33.38,33.27,33.36,86299
2015-10-27 19:30:00,33.35,33.37,33.15,33.15,77556
2015-10-27 20:00:00,33.15,33.15,33.04,33.09,113883
2015-10-27 20:30:00,33.1,33.16,33.03,33.16,146061
2015-10-27 21:00:00,33.15,33.25,33.15,33.22,193628
2015-10-27 21:30:00,33.22,33.27,33.18,33.25,157776
2015-10-27 22:00:00,33.24,33.3,33.19,33.27,271499
2015-10-27 22:30:00,33.28,33.31,33.2,33.27,399027
2015-10-28 16:30:00,33.26,33.56,33.08,33.56,325640
2015-10-28 17:00:00,33.58,33.74,33.55,33.64,199142
2015-10-28 17:30:00,33.64,33.88,33.59,33.88,265002
2015-10-28 18:00:00,33.88,33.89,33.76,33.79,172139
2015-10-28 18:30:00,33.77,33.83,33.7,33.79,191912
2015-10-28 19:00:00,33.78,33.85,33.76,33.8,219882
2015-10-28 19:30:00,33.79,33.82,33.73,33.73,55842
2015-10-28 20:00:00,33.73,33.81,33.7,33.7,101423
2015-10-28 20:30:00,33.7,33.87,33.69,33.8,220404
2015-10-28 21:00:00,33.8,33.82,33.57,33.7,370855
2015-10-28 21:30:00,33.7,34.06,33.58,34.01,544889
2015-10-28 22:00:00,34.0,34.14,33.94,34.14,717597
2015-10-28 22:30:00,34.14,34.39,34.11,34.36,1376630
2015-10-29 16:30:00,34.18,34.49,33.43,33.43,458512
2015-10-29 17:00:00,33.41,33.48,33.07,33.1,488637
2015-10-29 17:30:00,33.1,33.25,32.93,33.25,472398
2015-10-29 18:00:00,33.25,33.4,32.78,32.9,386719
2015-10-29 18:30:00,32.91,32.95,32.79,32.85,469465
2015-10-29 19:00:00,32.85,32.88,32.71,32.77,341723
2015-10-29 19:30:00,32.76,32.84,32.7,32.74,251239
2015-10-29 20:00:00,32.74,32.9,32.71,32.77,234288
2015-10-29 20:30:00,32.77,32.82,32.61,32.65,273834
2015-10-29 21:00:00,32.66,32.91,32.65,32.89,271773
2015-10-29 21:30:00,32.89,33.05,32.8,33.05,327475
2015-10-29 22:00:00,33.05,33.49,33.05,33.34,814130
2015-10-29 22:30:00,33.35,33.54,33.34,33.48,1403304
2015-10-30 16:30:00,33.5,33.8,33.36,33.36,447766
2015-10-30 17:00:00,33.37,33.42,32.99,33.0,404785
2015-10-30 17:30:00,33.0,33.26,32.98,33.17,290298
2015-10-30 18:00:00,33.18,33.25,33.08,33.09,347044
2015-10-30 18:30:00,33.09,33.14,33.0,33.11,235459
2015-10-30 19:00:00,33.1,33.11,32.98,33.03,310583
2015-10-30 19:30:00,33.03,33.34,33.02,33.28,206626
2015-10-30 20:00:00,33.28,33.38,33.26,33.28,165571
2015-10-30 20:30:00,33.29,33.38,33.26,33.29,139302
2015-10-30 21:00:00,33.29,33.33,33.21,33.21,225643
2015-10-30 21:30:00,33.21,33.23,33.11,33.14,170584
2015-10-30 22:00:00,33.14,33.3,33.11,33.21,332898
2015-10-30 22:30:00,33.2,33.32,33.17,33.18,909276
2015-11-02 16:30:00,33.32,33.49,33.2,33.39,230123
2015-11-02 17:00:00,33.39,33.46,33.32,33.36,194535
2015-11-02 17:30:00,33.35,33.36,33.26,33.27,237070
2015-11-02 18:00:00,33.28,33.33,33.16,33.23,176305
2015-11-02 18:30:00,33.23,33.32,33.12,33.2,392294
2015-11-02 19:00:00,33.2,33.23,33.13,33.23,220951
2015-11-02 19:30:00,33.23,33.26,33.15,33.24,244046
2015-11-02 20:00:00,33.24,33.33,33.13,33.15,200156
2015-11-02 20:30:00,33.16,33.19,33.1,33.16,225099
2015-11-02 21:00:00,33.16,33.4,33.15,33.37,192984
2015-11-02 21:30:00,33.36,33.59,33.36,33.56,206078
2015-11-02 22:00:00,33.57,33.63,33.48,33.58,291664
2015-11-02 22:30:00,33.58,33.6,33.41,33.45,643539
2015-11-03 16:30:00,33.3,33.71,33.23,33.6,253290
2015-11-03 17:00:00,33.62,33.75,33.5,33.58,272159
2015-11-03 17:30:00,33.58,33.68,33.5,33.5,239345
2015-11-03 18:00:00,33.51,33.59,33.43,33.56,188330
2015-11-03 18:30:00,33.56,33.71,33.5,33.7,146391
2015-11-03 19:00:00,33.7,33.72,33.6,33.7,250381
2015-11-03 19:30:00,33.71,33.71,33.62,33.66,78600
2015-11-03 20:00:00,33.66,33.77,33.66,33.75,111915
2015-11-03 20:30:00,33.75,33.9,33.73,33.87,324882
2015-11-03 21:00:00,33.88,33.96,33.85,33.94,153469
2015-11-03 21:30:00,33.94,33.95,33.79,33.84,227743
2015-11-03 22:00:00,33.84,33.84,33.63,33.65,565185
2015-11-03 22:30:00,33.64,33.71,33.63,33.67,752187
2015-11-04 16:30:00,33.72,33.82,33.47,33.47,177086
2015-11-04 17:00:00,33.49,33.63,33.42,33.56,116242
2015-11-04 17:30:00,33.56,33.63,33.49,33.51,144363
2015-11-04 18:00:00,33.52,33.53,33.38,33.48,307932
2015-11-04 18:30:00,33.49,33.55,33.43,33.52,134833
2015-11-04 19:00:00,33.52,33.63,33.48,33.49,187845
2015-11-04 19:30:00,33.49,33.51,33.41,33.5,218131
2015-11-04 20:00:00,33.49,33.53,33.4,33.51,152544
2015-11-04 20:30:00,33.51,33.59,33.47,33.59,115472
2015-11-04 21:00:00,33.59,33.64,33.53,33.56,125548
2015-11-04 21:30:00,33.56,33.66,33.56,33.62,176831
2015-11-04 22:00:00,33.62,33.63,33.47,33.54,155330
2015-11-04 22:30:00,33.54,33.57,33.5,33.55,393035
2015-11-05 16:30:00,33.6,33.84,33.57,33.83,124781
2015-11-05 17:00:00,33.82,33.84,33.55,33.59,294898
2015-11-05 17:30:00,33.59,33.61,33.47,33.61,173456
2015-11-05 18:00:00,33.6,33.74,33.58,33.7,167854
2015-11-05 18:30:00,33.7,33.85,33.65,33.83,156114
2015-11-05 19:00:00,33.83,33.97,33.81,33.96,130778
2015-11-05 19:30:00,33.97,33.99,33.89,33.99,127570
2015-11-05 20:00:00,33.99,34.01,33.92,33.92,110089
2015-11-05 20:30:00,33.92,34.0,33.92,33.94,96648
2015-11-05 21:00:00,33.95,33.99,33.84,33.85,72502
2015-11-05 21:30:00,33.85,33.89,33.81,33.88,94835
2015-11-05 22:00:00,33.89,33.96,33.82,33.95,375670
2015-11-05 22:30:00,33.94,33.97,33.88,33.88,405114
2015-11-06 16:30:00,34.25,34.4,33.86,33.86,336820
2015-11-06 17:00:00,33.87,33.91,33.71,33.85,308811
2015-11-06 17:30:00,33.84,34.27,33.83,34.26,479546
2015-11-06 18:00:00,34.24,34.26,34.01,34.08,120466
2015-11-06 18:30:00,34.09,34.19,34.0,34.02,137066
2015-11-06 19:00:00,34.02,34.05,33.91,34.0,217335
2015-11-06 19:30:00,33.99,34.03,33.86,33.9,158283
2015-11-06 20:00:00,33.9,34.03,33.88,33.97,92044
2015-11-06 20:30:00,33.96,34.08,33.95,34.05,73433
2015-11-06 21:00:00,34.05,34.15,34.0,34.05,120412
2015-11-06 21:30:00,34.05,34.08,33.97,34.06,138919
2015-11-06 22:00:00,34.06,34.08,33.92,33.96,326290
2015-11-06 22:30:00,33.96,34.11,33.96,34.11,511420
2015-11-09 16:30:00,34.16,34.27,33.88,33.97,174238
2015-11-09 17:00:00,33.94,33.97,33.69,33.75,246417
2015-11-09 17:30:00,33.75,33.81,33.66,33.68,456146
2015-11-09 18:00:00,33.68,33.68,33.44,33.45,334266
2015-11-09 18:30:00,33.46,33.55,33.39,33.42,268921
2015-11-09 19:00:00,33.41,33.45,33.32,33.35,146727
2015-11-09 19:30:00,33.35,33.5,33.31,33.46,96559
2015-11-09 20:00:00,33.47,33.52,33.32,33.36,161521
2015-11-09 20:30:00,33.37,33.51,33.33,33.51,153586
2015-11-09 21:00:00,33.51,33.61,33.48,33.49,243195
2015-11-09 21:30:00,33.48,33.57,33.37,33.41,279991
2015-11-09 22:00:00,33.41,33.49,33.34,33.46,342372
2015-11-09 22:30:00,33.45,33.59,33.39,33.45,999418
2015-11-10 16:30:00,33.3,33.59,33.18,33.2,257915
2015-11-10 17:00:00,33.19,33.21,32.92,32.97,295718
2015-11-10 17:30:00,32.97,33.05,32.95,32.97,197189
2015-11-10 18:00:00,32.97,33.0,32.82,32.85,186978
2015-11-10 18:30:00,32.85,32.87,32.67,32.72,483132
2015-11-10 19:00:00,32.72,32.72,32.64,32.7,482059
2015-11-10 19:30:00,32.7,32.8,32.65,32.75,328724
2015-11-10 20:00:00,32.75,32.85,32.7,32.85,147422
2015-11-10 20:30:00,32.85,33.02,32.82,32.92,176318
2015-11-10 21:00:00,32.93,32.99,32.82,32.87,149928
2015-11-10 21:30:00,32.86,33.06,32.85,32.96,223508
2015-11-10 22:00:00,32.96,33.08,32.96,33.0,261635
2015-11-10 22:30:00,33.0,33.04,32.94,32.96,626028
2015-11-11 16:30:00,33.5,33.62,33.15,33.48,472376
2015-11-11 17:00:00,33.47,33.48,33.3,33.36,348539
2015-11-11 17:30:00,33.35,33.46,33.31,33.42,183133
2015-11-11 18:00:00,33.42,33.48,33.36,33.43,246362
2015-11-11 18:30:00,33.43,33.52,33.38,33.48,444217
2015-11-11 19:00:00,33.49,33.56,33.45,33.51,188785
2015-11-11 19:30:00,33.51,33.61,33.51,33.59,111229
2015-11-11 20:00:00,33.59,33.61,33.38,33.43,114864
2015-11-11 20:30:00,33.43,33.51,33.4,33.42,173667
2015-11-11 21:00:00,33.42,33.46,33.36,33.43,137128
2015-11-11 21:30:00,33.44,33.44,33.31,33.32,101907
2015-11-11 22:00:00,33.32,33.38,33.28,33.37,239716
2015-11-11 22:30:00,33.37,33.4,33.29,33.31,338622
2015-11-12 16:30:00,32.99,33.1,32.73,32.98,239745
2015-11-12 17:00:00,32.99,33.01,32.9,32.94,229874
2015-11-12 17:30:00,32.94,33.02,32.85,33.02,331496
2015-11-12 18:00:00,33.03,33.05,32.89,32.92,143907
2015-11-12 18:30:00,32.92,32.93,32.81,32.88,149174
2015-11-12 19:00:00,32.88,32.96,32.74,32.78,165771
2015-11-12 19:30:00,32.78,32.79,32.69,32.73,216221
2015-11-12 20:00:00,32.74,32.92,32.7,32.92,178012
2015-11-12 20:30:00,32.91,32.94,32.86,32.92,104365
2015-11-12 21:00:00,32.92,32.93,32.8,32.89,125069
2015-11-12 21:30:00,32.89,32.91,32.66,32.71,149369
2015-11-12 22:00:00,32.7,32.73,32.66,32.7,176023
2015-11-12 22:30:00,32.7,32.7,32.46,32.48,589914
2015-11-13 16:30:00,32.19,32.39,31.99,32.01,283002
2015-11-13 17:00:00,32.02,32.06,31.82,31.9,200084
2015-11-13 17:30:00,31.9,32.01,31.86,31.99,122938
2015-11-13 18:00:00,31.98,31.99,31.79,31.94,189572
2015-11-13 18:30:00,31.92,32.01,31.88,32.0,175566
2015-11-13 19:00:00,32.0,32.07,31.94,31.94,183836
2015-11-13 19:30:00,31.94,31.98,31.86,31.94,102771
2015-11-13 20:00:00,31.94,31.98,31.89,31.93,127125
2015-11-13 20:30:00,31.93,31.97,31.84,31.88,96175
2015-11-13 21:00:00,31.87,31.92,31.84,31.88,146791
2015-11-13 21:30:00,31.87,31.9,31.72,31.74,223849
2015-11-13 22:00:00,31.73,31.81,31.65,31.7,231899
2015-11-13 22:30:00,31.69,31.79,31.66,31.74,433779
2015-11-16 16:30:00,31.64,32.02,31.48,31.77,172409
2015-11-16 17:00:00,31.76,31.81,31.65,31.75,188721
2015-11-16 17:30:00,31.76,31.82,31.66,31.71,108522
2015-11-16 18:00:00,31.72,31.81,31.72,31.74,141591
2015-11-16 18:30:00,31.74,31.83,31.74,31.77,154275
2015-11-16 19:00:00,31.77,31.88,31.77,31.86,126216
2015-11-16 19:30:00,31.86,31.97,31.86,31.92,125529
2015-11-16 20:00:00,31.91,32.01,31.9,31.99,128831
2015-11-16 20:30:00,31.98,32.01,31.93,31.96,193738
2015-11-16 21:00:00,31.97,32.06,31.96,32.05,300237
2015-11-16 21:30:00,32.04,32.1,31.99,32.03,150563
2015-11-16 22:00:00,32.04,32.22,32.04,32.15,209353
2015-11-16 22:30:00,32.16,32.19,32.08,32.18,580132
2015-11-17 16:30:00,32.21,32.31,32.02,32.19,263152
2015-11-17 17:00:00,32.19,32.26,32.12,32.21,147815
2015-11-17 17:30:00,32.21,32.44,32.2,32.37,152456
2015-11-17 18:00:00,32.37,32.47,32.33,32.45,99045
2015-11-17 18:30:00,32.46,32.56,32.44,32.54,211576
2015-11-17 19:00:00,32.55,32.58,32.46,32.5,114776
2015-11-17 19:30:00,32.5,32.54,32.4,32.46,70124
2015-11-17 20:00:00,32.46,32.5,32.27,32.31,117892
2015-11-17 20:30:00,32.3,32.44,32.28,32.42,149809
2015-11-17 21:00:00,32.42,32.47,32.3,32.31,89164
2015-11-17 21:30:00,32.31,32.32,32.18,32.29,210078
2015-11-17 22:00:00,32.29,32.29,32.13,32.23,227498
2015-11-17 22:30:00,32.23,32.3,32.14,32.16,465141
2015-11-18 16:30:00,32.34,32.63,32.26,32.58,150533
2015-11-18 17:00:00,32.59,32.66,32.49,32.53,72525
2015-11-18 17:30:00,32.53,32.61,32.46,32.61,111616
2015-11-18 18:00:00,32.6,32.73,32.57,32.69,122293
2015-11-18 18:30:00,32.7,32.86,32.7,32.76,126102
2015-11-18 19:00:00,32.76,32.86,32.75,32.86,78682
2015-11-18 19:30:00,32.87,32.93,32.8,32.93,94436
2015-11-18 20:00:00,32.93,33.03,32.9,32.9,137722
2015-11-18 20:30:00,32.9,33.01,32.86,32.86,209831
2015-11-18 21:00:00,32.86,33.05,32.81,32.96,168228
2015-11-18 21:30:00,32.95,33.01,32.86,33.01,179479
2015-11-18 22:00:00,33.01,33.09,32.98,33.0,168990
2015-11-18 22:30:00,33.0,33.09,32.97,33.07,501661
2015-11-19 16:30:00,33.06,33.29,33.06,33.25,185534
2015-11-19 17:00:00,33.24,33.32,33.13,33.15,306875
2015-11-19 17:30:00,33.15,33.22,33.05,33.15,112956
2015-11-19 18:00:00,33.15,33.23,33.1,33.21,176987
2015-11-19 18:30:00,33.22,33.23,33.15,33.21,208365
2015-11-19 19:00:00,33.2,33.3,33.2,33.27,116316
2015-11-19 19:30:00,33.26,33.44,33.26,33.42,145787
2015-11-19 20:00:00,33.41,33.43,33.35,33.35,99510
2015-11-19 20:30:00,33.34,33.34,33.18,33.18,85937
2015-11-19 21:00:00,33.18,33.21,33.11,33.14,88975
2015-11-19 21:30:00,33.15,33.23,33.12,33.2,130753
2015-11-19 22:00:00,33.19,33.22,33.14,33.2,162566
2015-11-19 22:30:00,33.21,33.23,33.13,33.19,363551
2015-11-20 16:30:00,33.39,33.64,33.32,33.36,435650
2015-11-20 17:00:00,33.37,33.51,33.33,33.33,84703
2015-11-20 17:30:00,33.34,33.35,33.22,33.23,101374
2015-11-20 18:00:00,33.23,33.34,33.22,33.32,108319
2015-11-20 18:30:00,33.31,33.33,33.16,33.21,97833
2015-11-20 19:00:00,33.22,33.24,33.11,33.23,122151
2015-11-20 19:30:00,33.23,33.3,33.22,33.24,72805
2015-11-20 20:00:00,33.24,33.31,33.19,33.2,75724
2015-11-20 20:30:00,33.2,33.2,33.11,33.2,78038
2015-11-20 21:00:00,33.19,33.23,33.12,33.12,86773
2015-11-20 21:30:00,33.13,33.18,33.08,33.08,81712
2015-11-20 22:00:00,33.09,33.18,33.06,33.18,138708
2015-11-20 22:30:00,33.18,33.23,33.16,33.19,359728
2015-11-23 16:30:00,33.2,33.38,33.09,33.29,205394
2015-11-23 17:00:00,33.29,33.49,33.23,33.42,115588
2015-11-23 17:30:00,33.43,33.6,33.43,33.6,166918
2015-11-23 18:00:00,33.59,33.62,33.53,33.59,191081
2015-11-23 18:30:00,33.59,33.66,33.57,33.63,163047
2015-11-23 19:00:00,33.63,33.67,33.57,33.59,94805
2015-11-23 19:30:00,33.59,33.59,33.43,33.43,122769
2015-11-23 20:00:00,33.43,33.47,33.32,33.33,124738
2015-11-23 20:30:00,33.33,33.34,33.22,33.22,64282
2015-11-23 21:00:00,33.23,33.24,33.11,33.12,80314
2015-11-23 21:30:00,33.12,33.15,33.06,33.14,97027
2015-11-23 22:00:00,33.13,33.15,33.03,33.05,155981
2015-11-23 22:30:00,33.05,33.13,33.03,33.08,396469
2015-11-24 16:30:00,32.83,33.26,32.71,33.2,375007
2015-11-24 17:00:00,33.2,33.24,33.09,33.1,143964
2015-11-24 17:30:00,33.09,33.11,32.93,32.96,156243
2015-11-24 18:00:00,32.97,33.1,32.94,33.06,154290
2015-11-24 18:30:00,33.07,33.26,33.07,33.18,158030
2015-11-24 19:00:00,33.19,33.27,33.16,33.2,122851
2015-11-24 19:30:00,33.2,33.2,33.12,33.17,77103
2015-11-24 20:00:00,33.18,33.31,33.16,33.28,149548
2015-11-24 20:30:00,33.28,33.32,33.18,33.23,115308
2015-11-24 21:00:00,33.23,33.29,33.17,33.18,113218
2015-11-24 21:30:00,33.19,33.28,33.15,33.27,147108
2015-11-24 22:00:00,33.26,33.33,33.23,33.26,210993
2015-11-24 22:30:00,33.26,33.3,33.16,33.21,469950
2015-11-25 16:30:00,33.28,33.48,33.24,33.44,154608
2015-11-25 17:00:00,33.45,33.78,33.45,33.75,392103
2015-11-25 17:30:00,33.75,33.8,33.58,33.65,201275
2015-11-25 18:00:00,33.64,33.73,33.64,33.67,121206
2015-11-25 18:30:00,33.68,33.71,33.66,33.69,95767
2015-11-25 19:00:00,33.7,33.78,33.66,33.75,142504
2015-11-25 19:30:00,33.75,33.75,33.66,33.7,81342
2015-11-25 20:00:00,33.7,33.71,33.66,33.66,96391
2015-11-25 20:30:00,33.67,33.72,33.66,33.71,132065
2015-11-25 21:00:00,33.7,33.75,33.61,33.67,119039
2015-11-25 21:30:00,33.65,33.7,33.64,33.67,155781
2015-11-25 22:00:00,33.66,33.68,33.62,33.62,183092
2015-11-25 22:30:00,33.63,33.65,33.56,33.59,367764
2015-11-27 16:30:00,33.57,33.63,33.28,33.35,126074
2015-11-27 17:00:00,33.35,33.5,33.22,33.48,102361
2015-11-27 17:30:00,33.49,33.58,33.47,33.52,96544
2015-11-27 18:00:00,33.51,33.62,33.5,33.55,102528
2015-11-27 18:30:00,33.55,33.61,33.52,33.55,89670
2015-11-27 19:00:00,33.55,33.61,33.5,33.59,116165
2015-11-27 19:30:00,33.59,33.64,33.57,33.62,194195
2015-11-27 20:00:00,33.6,33.6,33.6,33.6,73658
2015-11-30 16:30:00,33.65,33.77,33.56,33.63,171780
2015-11-30 17:00:00,33.64,33.74,33.49,33.72,195536
2015-11-30 17:30:00,33.72,33.75,33.59,33.68,133112
2015-11-30 18:00:00,33.68,33.85,33.64,33.79,139691
2015-11-30 18:30:00,33.78,33.82,33.7,33.76,117327
2015-11-30 19:00:00,33.76,33.8,33.71,33.75,82310
2015-11-30 19:30:00,33.75,33.76,33.64,33.67,71804
2015-11-30 20:00:00,33.66,33.79,33.61,33.79,92032
2015-11-30 20:30:00,33.79,33.85,33.77,33.82,93381
2015-11-30 21:00:00,33.81,33.81,33.72,33.77,113218
2015-11-30 21:30:00,33.76,33.8,33.68,33.69,82113
2015-11-30 22:00:00,33.7,33.72,33.64,33.68,107305
2015-11-30 22:30:00,33.68,33.76,33.66,33.7,359105
2015-12-01 16:30:00,33.86,34.22,33.76,34.14,232560
2015-12-01 17:00:00,34.12,34.12,33.8,33.89,268425
2015-12-01 17:30:00,33.89,33.95,33.83,33.86,157638
2015-12-01 18:00:00,33.86,33.87,33.72,33.75,139179
2015-12-01 18:30:00,33.74,33.77,33.56,33.58,170160
2015-12-01 19:00:00,33.59,33.73,33.57,33.69,246896
2015-12-01 19:30:00,33.7,33.84,33.67,33.81,118171
2015-12-01 20:00:00,33.8,33.81,33.71,33.74,130494
2015-12-01 20:30:00,33.74,33.84,33.72,33.76,109022
2015-12-01 21:00:00,33.77,33.91,33.76,33.88,141842
2015-12-01 21:30:00,33.89,33.89,33.8,33.82,114113
2015-12-01 22:00:00,33.83,33.84,33.77,33.84,246742
2015-12-01 22:30:00,33.84,33.96,33.82,33.9,484169
2015-12-02 16:30:00,33.97,34.1,33.8,34.0,155505
2015-12-02 17:00:00,34.0,34.04,33.83,33.86,139352
2015-12-02 17:30:00,33.86,33.89,33.8,33.81,106772
2015-12-02 18:00:00,33.82,33.83,33.68,33.76,111072
2015-12-02 18:30:00,33.75,33.77,33.66,33.71,90894
2015-12-02 19:00:00,33.71,33.84,33.7,33.83,126347
2015-12-02 19:30:00,33.83,33.89,33.78,33.8,105568
2015-12-02 20:00:00,33.81,33.93,33.79,33.89,116790
2015-12-02 20:30:00,33.88,33.92,33.76,33.78,146068
2015-12-02 21:00:00,33.78,33.78,33.65,33.68,107209
2015-12-02 21:30:00,33.68,33.7,33.47,33.51,228581
2015-12-02 22:00:00,33.5,33.65,33.5,33.63,205733
2015-12-02 22:30:00,33.63,33.65,33.52,33.61,429918
2015-12-03 16:30:00,33.78,35.0,33.66,33.7,222632
2015-12-03 17:00:00,33.7,33.7,33.4,33.48,116723
2015-12-03 17:30:00,33.47,33.66,33.44,33.6,252723
2015-12-03 18:00:00,33.6,33.73,33.57,33.67,101419
2015-12-03 18:30:00,33.67,33.68,33.48,33.59,94093
2015-12-03 19:00:00,33.59,33.6,33.38,33.39,126934
2015-12-03 19:30:00,33.39,33.44,33.35,33.36,96157
2015-12-03 20:00:00,33.35,33.45,33.34,33.44,68039
2015-12-03 20:30:00,33.45,33.45,33.21,33.21,88285
2015-12-03 21:00:00,33.21,33.28,33.09,33.12,185504
2015-12-03 21:30:00,33.12,33.17,33.02,33.17,186277
2015-12-03 22:00:00,33.17,33.18,33.05,33.1,237256
2015-12-03 22:30:00,33.1,33.22,33.04,33.18,525866
2015-12-04 16:30:00,33.31,33.7,33.07,33.59,191236
2015-12-04 17:00:00,33.59,33.68,33.47,33.65,146793
2015-12-04 17:30:00,33.65,33.72,33.59,33.69,137855
2015-12-04 18:00:00,33.69,33.81,33.68,33.77,213483
2015-12-04 18:30:00,33.76,33.85,33.61,33.66,185857
2015-12-04 19:00:00,33.67,33.78,33.64,33.66,174515
2015-12-04 19:30:00,33.66,33.92,33.66,33.92,127558
2015-12-04 20:00:00,33.93,34.02,33.87,33.93,115214
2015-12-04 20:30:00,33.94,34.02,33.92,33.99,119765
2015-12-04 21:00:00,33.99,33.99,33.79,33.85,113052
2015-12-04 21:30:00,33.85,33.87,33.79,33.8,223026
2015-12-04 22:00:00,33.8,33.85,33.75,33.82,190828
2015-12-04 22:30:00,33.83,33.86,33.76,33.83,407372
2015-12-07 16:30:00,33.75,33.77,33.55,33.67,174680
2015-12-07 17:00:00,33.66,33.76,33.57,33.74,162690
2015-12-07 17:30:00,33.73,33.73,33.51,33.58,77371
2015-12-07 18:00:00,33.59,33.63,33.48,33.5,149277
2015-12-07 18:30:00,33.49,33.64,33.49,33.61,66819
2015-12-07 19:00:00,33.61,33.61,33.47,33.47,68195
2015-12-07 19:30:00,33.48,33.48,33.35,33.4,84852
2015-12-07 20:00:00,33.41,33.52,33.36,33.43,129070
2015-12-07 20:30:00,33.43,33.49,33.35,33.48,105141
2015-12-07 21:00:00,33.48,33.51,33.37,33.4,113513
2015-12-07 21:30:00,33.41,33.44,33.38,33.4,147385
2015-12-07 22:00:00,33.39,33.46,33.33,33.45,139674
2015-12-07 22:30:00,33.45,33.59,33.44,33.57,475417
2015-12-08 16:30:00,33.08,33.16,32.82,32.82,291150
2015-12-08 17:00:00,32.81,32.92,32.73,32.77,281235
2015-12-08 17:30:00,32.77,32.86,32.71,32.86,316569
2015-12-08 18:00:00,32.86,33.05,32.86,32.88,141501
2015-12-08 18:30:00,32.88,32.91,32.8,32.88,158551
2015-12-08 19:00:00,32.88,32.89,32.74,32.81,132287
2015-12-08 19:30:00,32.8,32.85,32.75,32.8,128330
2015-12-08 20:00:00,32.81,32.81,32.7,32.77,156136
2015-12-08 20:30:00,32.77,32.92,32.77,32.92,117086
2015-12-08 21:00:00,32.93,33.04,32.91,32.93,148747
2015-12-08 21:30:00,32.94,33.01,32.91,32.96,184557
2015-12-08 22:00:00,32.96,32.96,32.84,32.87,221121
2015-12-08 22:30:00,32.86,32.95,32.84,32.85,583464
2015-12-09 16:30:00,32.68,33.16,32.53,33.05,198505
2015-12-09 17:00:00,33.05,33.2,32.99,33.09,162096
2015-12-09 17:30:00,33.1,33.28,33.09,33.1,182565
2015-12-09 18:00:00,33.1,33.11,32.94,32.94,192075
2015-12-09 18:30:00,32.95,32.96,32.7,32.74,217882
2015-12-09 19:00:00,32.74,32.78,32.37,32.39,156522
2015-12-09 19:30:00,32.39,32.41,32.26,32.33,209045
2015-12-09 20:00:00,32.31,32.41,32.27,32.36,176344
2015-12-09 20:30:00,32.35,32.46,32.29,32.4,162444
2015-12-09 21:00:00,32.4,32.44,32.35,32.38,151961
2015-12-09 21:30:00,32.37,32.43,32.34,32.36,377579
2015-12-09 22:00:00,32.36,32.42,32.29,32.34,453126
2015-12-09 22:30:00,32.35,32.45,32.3,32.38,630772
2015-12-10 16:30:00,32.51,32.71,32.26,32.58,383546
2015-12-10 17:00:00,32.58,32.86,32.56,32.8,277073
2015-12-10 17:30:00,32.81,32.98,32.76,32.85,206604
2015-12-10 18:00:00,32.84,32.99,32.84,32.94,218302
2015-12-10 18:30:00,32.94,32.96,32.86,32.92,157701
2015-12-10 19:00:00,32.92,32.96,32.82,32.91,126874
2015-12-10 19:30:00,32.91,32.99,32.79,32.98,104210
2015-12-10 20:00:00,32.99,33.04,32.9,33.0,146857
2015-12-10 20:30:00,33.01,33.08,32.99,33.05,108474
2015-12-10 21:00:00,33.04,33.18,32.99,33.18,123743
2015-12-10 21:30:00,33.18,33.2,33.04,33.07,116611
2015-12-10 22:00:00,33.07,33.08,32.79,32.86,293186
2015-12-10 22:30:00,32.84,32.94,32.75,32.79,873871
2015-12-11 16:30:00,32.24,32.49,32.01,32.2,855227
2015-12-11 17:00:00,32.2,32.36,32.19,32.34,522400
2015-12-11 17:30:00,32.34,32.49,32.22,32.39,478001
2015-12-11 18:00:00,32.39,32.47,32.31,32.37,391328
2015-12-11 18:30:00,32.36,32.51,32.29,32.38,306533
2015-12-11 19:00:00,32.38,32.42,32.11,32.14,266575
2015-12-11 19:30:00,32.13,32.18,31.99,32.04,331682
2015-12-11 20:00:00,32.05,32.07,31.89,31.91,216905
2015-12-11 20:30:00,31.91,32.12,31.9,31.9,796824
2015-12-11 21:00:00,31.89,32.01,31.87,31.97,606112
2015-12-11 21:30:00,31.96,32.0,31.77,31.77,203228
2015-12-11 22:00:00,31.77,31.81,31.47,31.52,681490
2015-12-11 22:30:00,31.52,31.63,31.39,31.4,1590297
2015-12-14 16:30:00,31.45,31.67,31.16,31.17,466557
2015-12-14 17:00:00,31.18,31.3,30.69,30.7,557320
2015-12-14 17:30:00,30.7,30.73,30.5,30.67,501570
2015-12-14 18:00:00,30.67,30.67,30.27,30.37,335985
2015-12-14 18:30:00,30.36,30.4,30.12,30.4,443828
2015-12-14 19:00:00,30.39,30.71,30.36,30.71,277068
2015-12-14 19:30:00,30.72,30.74,30.5,30.64,339873
2015-12-14 20:00:00,30.64,30.69,30.38,30.41,254935
2015-12-14 20:30:00,30.42,30.48,30.32,30.46,172191
2015-12-14 21:00:00,30.46,30.48,30.26,30.3,311114
2015-12-14 21:30:00,30.29,30.41,30.19,30.32,289635
2015-12-14 22:00:00,30.32,30.4,30.23,30.34,371230
2015-12-14 22:30:00,30.33,30.43,30.25,30.39,1065932
2015-12-15 16:30:00,30.77,31.28,30.5,31.2,526371
2015-12-15 17:00:00,31.2,31.28,31.15,31.18,419133
2015-12-15 17:30:00,31.18,31.19,30.99,31.15,405923
2015-12-15 18:00:00,31.16,31.23,31.11,31.21,314646
2015-12-15 18:30:00,31.21,31.26,31.0,31.11,417321
2015-12-15 19:00:00,31.1,31.3,31.07,31.3,224131
2015-12-15 19:30:00,31.29,31.44,31.29,31.42,303482
2015-12-15 20:00:00,31.41,31.42,31.24,31.26,198285
2015-12-15 20:30:00,31.26,31.31,31.2,31.25,219080
2015-12-15 21:00:00,31.26,31.41,31.18,31.4,245960
2015-12-15 21:30:00,31.4,31.44,31.31,31.37,187231
2015-12-15 22:00:00,31.37,31.38,31.29,31.29,327297
2015-12-15 22:30:00,31.29,31.41,31.26,31.33,1117349
2015-12-16 16:30:00,31.68,31.8,31.48,31.54,233347
2015-12-16 17:00:00,31.54,31.59,31.39,31.52,251654
2015-12-16 17:30:00,31.52,31.53,31.14,31.15,251840
2015-12-16 18:00:00,31.14,31.23,31.04,31.07,116315
2015-12-16 18:30:00,31.07,31.28,31.07,31.28,142161
2015-12-16 19:00:00,31.27,31.37,31.24,31.31,195869
2015-12-16 19:30:00,31.31,31.38,31.23,31.27,153158
2015-12-16 20:00:00,31.27,31.45,31.25,31.42,173707
2015-12-16 20:30:00,31.42,31.58,31.36,31.56,277502
2015-12-16 21:00:00,31.55,31.77,31.25,31.41,380002
2015-12-16 21:30:00,31.41,31.83,31.29,31.81,310842
2015-12-16 22:00:00,31.81,31.87,31.68,31.87,282019
2015-12-16 22:30:00,31.88,31.96,31.81,31.9,813802
2015-12-17 16:30:00,32.09,32.12,31.57,31.75,231499
2015-12-17 17:00:00,31.74,31.74,31.53,31.6,203322
2015-12-17 17:30:00,31.6,31.65,31.4,31.46,183452
2015-12-17 18:00:00,31.45,31.53,31.31,31.36,147530
2015-12-17 18:30:00,31.35,31.51,31.3,31.38,193466
2015-12-17 19:00:00,31.39,31.49,31.34,31.38,106212
2015-12-17 19:30:00,31.38,31.41,31.16,31.24,293035
2015-12-17 20:00:00,31.24,31.46,31.23,31.4,101725
2015-12-17 20:30:00,31.4,31.53,31.39,31.51,119577
2015-12-17 21:00:00,31.52,31.56,31.42,31.45,125570
2015-12-17 21:30:00,31.45,31.47,31.32,31.37,148462
2015-12-17 22:00:00,31.37,31.41,31.23,31.31,268200
2015-12-17 22:30:00,31.32,31.44,31.18,31.18,484094
2015-12-18 16:30:00,31.0,31.01,30.75,30.84,480235
2015-12-18 17:00:00,30.84,30.96,30.73,30.85,148690
2015-12-18 17:30:00,30.86,30.89,30.71,30.85,148545
2015-12-18 18:00:00,30.85,30.88,30.69,30.74,157134
2015-12-18 18:30:00,30.75,30.86,30.72,30.79,195356
2015-12-18 19:00:00,30.79,30.87,30.74,30.83,271248
2015-12-18 19:30:00,30.82,30.87,30.76,30.81,223762
2015-12-18 20:00:00,30.82,30.85,30.7,30.7,125170
2015-12-18 20:30:00,30.71,30.85,30.69,30.81,129723
2015-12-18 21:00:00,30.81,31.04,30.81,31.04,163676
2015-12-18 21:30:00,31.03,31.05,30.83,30.89,161800
2015-12-18 22:00:00,30.88,30.96,30.67,30.73,330879
2015-12-18 22:30:00,30.73,30.87,30.72,30.74,1215260
2015-12-21 16:30:00,31.05,31.32,30.94,31.11,201660
2015-12-21 17:00:00,31.1,31.4,31.1,31.34,292764
2015-12-21 17:30:00,31.35,31.44,31.3,31.35,121152
2015-12-21 18:00:00,31.35,31.38,31.17,31.24,132033
2015-12-21 18:30:00,31.23,31.24,31.1,31.21,263316
2015-12-21 19:00:00,31.21,31.27,31.16,31.22,118417
2015-12-21 19:30:00,31.22,31.28,31.17,31.26,101123
2015-12-21 20:00:00,31.26,31.48,31.25,31.48,171602
2015-12-21 20:30:00,31.48,31.53,31.42,31.46,145418
2015-12-21 21:00:00,31.47,31.56,31.45,31.5,295350
2015-12-21 21:30:00,31.49,31.6,31.48,31.52,263152
2015-12-21 22:00:00,31.51,31.54,31.43,31.53,312479
2015-12-21 22:30:00,31.53,31.66,31.48,31.66,605477
2015-12-22 16:30:00,31.78,31.99,31.37,31.4,281039
2015-12-22 17:00:00,31.41,31.54,31.32,31.5,143234
2015-12-22 17:30:00,31.5,31.56,31.38,31.39,146581
2015-12-22 18:00:00,31.4,31.42,31.31,31.38,130335
2015-12-22 18:30:00,31.37,31.59,31.37,31.54,162357
2015-12-22 19:00:00,31.54,31.57,31.47,31.55,133432
2015-12-22 19:30:00,31.56,31.57,31.45,31.54,146685
2015-12-22 20:00:00,31.54,31.64,31.49,31.63,158147
2015-12-22 20:30:00,31.63,31.7,31.59,31.7,90874
2015-12-22 21:00:00,31.7,31.72,31.62,31.62,161123
2015-12-22 21:30:00,31.61,31.66,31.58,31.65,202449
2015-12-22 22:00:00,31.66,31.86,31.65,31.81,384335
2015-12-22 22:30:00,31.8,31.84,31.66,31.73,419078
2015-12-23 16:30:00,32.01,32.23,31.94,32.23,181498
2015-12-23 17:00:00,32.23,32.32,32.19,32.23,146720
2015-12-23 17:30:00,32.24,32.42,32.23,32.42,147195
2015-12-23 18:00:00,32.42,32.55,32.38,32.51,276772
2015-12-23 18:30:00,32.52,32.55,32.46,32.53,140456
2015-12-23 19:00:00,32.52,32.77,32.52,32.72,185815
2015-12-23 19:30:00,32.72,32.77,32.67,32.77,147909
2015-12-23 20:00:00,32.76,32.92,32.73,32.91,276528
2015-12-23 20:30:00,32.91,33.01,32.88,33.01,248614
2015-12-23 21:00:00,33.01,33.14,32.97,33.13,309404
2015-12-23 21:30:00,33.12,33.22,33.03,33.05,333497
2015-12-23 22:00:00,33.05,33.09,32.99,33.0,341117
2015-12-23 22:30:00,33.0,33.16,32.95,33.12,844297
2015-12-24 16:30:00,33.07,33.19,32.88,32.88,144587
2015-12-24 17:00:00,32.88,32.9,32.73,32.87,117299
2015-12-24 17:30:00,32.86,32.89,32.81,32.85,114043
2015-12-24 18:00:00,32.84,32.85,32.75,32.75,90955
2015-12-24 18:30:00,32.76,32.9,32.75,32.88,78499
2015-12-24 19:00:00,32.89,33.02,32.86,33.0,84743
2015-12-24 19:30:00,33.01,33.11,32.93,32.93,273526
2015-12-24 20:00:00,32.92,32.92,32.92,32.92,723863
2015-12-28 16:30:00,32.75,32.84,32.61,32.69,139295
2015-12-28 17:00:00,32.68,32.72,32.58,32.72,123709
2015-12-28 17:30:00,32.71,32.73,32.61,32.63,98795
2015-12-28 18:00:00,32.63,32.76,32.61,32.71,110781
2015-12-28 18:30:00,32.71,32.83,32.66,32.77,133525
2015-12-28 19:00:00,32.77,32.86,32.73,32.82,125346
2015-12-28 19:30:00,32.83,32.86,32.77,32.78,97838
2015-12-28 20:00:00,32.78,32.99,32.78,32.92,213412
2015-12-28 20:30:00,32.92,32.98,32.82,32.86,139962
2015-12-28 21:00:00,32.86,32.91,32.83,32.87,118877
2015-12-28 21:30:00,32.89,32.99,32.88,32.95,118926
2015-12-28 22:00:00,32.96,32.97,32.88,32.94,163054
2015-12-28 22:30:00,32.94,33.0,32.92,32.98,314472
2015-12-29 16:30:00,33.21,33.58,33.17,33.53,198532
2015-12-29 17:00:00,33.54,33.56,33.43,33.51,148097
2015-12-29 17:30:00,33.52,33.53,33.37,33.42,164189
2015-12-29 18:00:00,33.43,33.51,33.37,33.47,164702
2015-12-29 18:30:00,33.47,33.5,33.35,33.4,171154
2015-12-29 19:00:00,33.41,33.44,33.35,33.37,151902
2015-12-29 19:30:00,33.37,33.39,33.3,33.33,142325
2015-12-29 20:00:00,33.33,33.47,33.32,33.44,119935
2015-12-29 20:30:00,33.44,33.55,33.39,33.52,241538
2015-12-29 21:00:00,33.53,33.56,33.48,33.55,139195
2015-12-29 21:30:00,33.55,33.58,33.52,33.57,231662
2015-12-29 22:00:00,33.57,33.62,33.48,33.58,217148
2015-12-29 22:30:00,33.57,33.59,33.43,33.56,508059
2015-12-30 16:30:00,33.36,33.57,33.27,33.54,152846
2015-12-30 17:00:00,33.55,33.65,33.53,33.55,121615
2015-12-30 17:30:00,33.55,33.72,33.52,33.69,142245
2015-12-30 18:00:00,33.7,33.78,33.68,33.76,234674
2015-12-30 18:30:00,33.76,33.77,33.67,33.69,164859
2015-12-30 19:00:00,33.7,33.7,33.58,33.6,165195
2015-12-30 19:30:00,33.59,33.59,33.52,33.54,98268
2015-12-30 20:00:00,33.54,33.6,33.53,33.59,165231
2015-12-30 20:30:00,33.6,33.64,33.58,33.58,149889
2015-12-30 21:00:00,33.59,33.64,33.58,33.63,152538
2015-12-30 21:30:00,33.64,33.66,33.6,33.63,163241
2015-12-30 22:00:00,33.63,33.64,33.56,33.56,185021
2015-12-30 22:30:00,33.56,33.56,33.37,33.38,472096
2015-12-31 16:30:00,33.13,33.38,33.05,33.36,212391
2015-12-31 17:00:00,33.35,33.41,33.25,33.26,136425
2015-12-31 17:30:00,33.27,33.38,33.18,33.38,171112
2015-12-31 18:00:00,33.38,33.44,33.34,33.36,181071
2015-12-31 18:30:00,33.36,33.51,33.34,33.48,152729
2015-12-31 19:00:00,33.49,33.64,33.49,33.63,187211
2015-12-31 19:30:00,33.62,33.67,33.57,33.57,82759
2015-12-31 20:00:00,33.57,33.6,33.5,33.59,112701
2015-12-31 20:30:00,33.59,33.69,33.56,33.64,92366
2015-12-31 21:00:00,33.64,33.65,33.48,33.49,149673
2015-12-31 21:30:00,33.49,33.59,33.47,33.57,170444
2015-12-31 22:00:00,33.58,33.64,33.56,33.59,287146
2015-12-31 22:30:00,33.6,33.65,33.46,33.5,1126305
2016-01-04 16:30:00,32.59,32.81,32.37,32.71,364302
2016-01-04 17:00:00,32.69,32.92,32.57,32.85,355501
2016-01-04 17:30:00,32.85,32.85,32.71,32.75,643784
2016-01-04 18:00:00,32.75,32.76,32.56,32.62,658005
2016-01-04 18:30:00,32.6,32.77,32.59,32.67,273956
2016-01-04 19:00:00,32.67,32.74,32.62,32.71,271950
2016-01-04 19:30:00,32.7,32.78,32.61,32.76,274275
2016-01-04 20:00:00,32.75,32.96,32.74,32.86,417113
2016-01-04 20:30:00,32.86,33.03,32.85,33.01,399350
2016-01-04 21:00:00,33.0,33.01,32.89,32.96,311325
2016-01-04 21:30:00,32.96,32.97,32.81,32.89,313386
2016-01-04 22:00:00,32.89,32.89,32.75,32.8,439892
2016-01-04 22:30:00,32.79,33.21,32.78,33.2,1298903
2016-01-05 16:30:00,33.34,33.54,33.09,33.11,607403
2016-01-05 17:00:00,33.11,33.16,32.78,32.79,542498
2016-01-05 17:30:00,32.78,33.08,32.75,32.95,186295
2016-01-05 18:00:00,32.95,32.96,32.75,32.79,358948
2016-01-05 18:30:00,32.79,32.91,32.75,32.77,176227
2016-01-05 19:00:00,32.76,32.79,32.68,32.76,440111
2016-01-05 19:30:00,32.76,32.83,32.73,32.8,196724
2016-01-05 20:00:00,32.81,32.93,32.81,32.9,216129
2016-01-05 20:30:00,32.89,33.12,32.88,33.05,234706
2016-01-05 21:00:00,33.06,33.18,32.96,33.13,219837
2016-01-05 21:30:00,33.13,33.13,33.0,33.07,236604
2016-01-05 22:00:00,33.07,33.08,32.92,33.05,192305
2016-01-05 22:30:00,33.05,33.17,33.0,33.11,577760
2016-01-06 16:30:00,32.28,32.65,32.18,32.5,672446
2016-01-06 17:00:00,32.48,32.57,32.3,32.56,329124
2016-01-06 17:30:00,32.56,32.57,32.42,32.5,363115
2016-01-06 18:00:00,32.49,32.71,32.47,32.64,267439
2016-01-06 18:30:00,32.65,32.78,32.48,32.51,302374
2016-01-06 19:00:00,32.5,32.52,32.31,32.35,247499
2016-01-06 19:30:00,32.34,32.46,32.28,32.4,97441
2016-01-06 20:00:00,32.39,32.54,32.33,32.37,208821
2016-01-06 20:30:00,32.37,32.44,32.34,32.39,107996
2016-01-06 21:00:00,32.39,32.5,32.35,32.42,248630
2016-01-06 21:30:00,32.41,32.41,32.19,32.19,350846
2016-01-06 22:00:00,32.2,32.44,32.19,32.42,332955
2016-01-06 22:30:00,32.42,32.57,32.4,32.53,1057869
2016-01-07 16:30:00,31.51,31.89,31.34,31.68,416496
2016-01-07 17:00:00,31.68,31.71,31.52,31.58,299626
2016-01-07 17:30:00,31.58,31.78,31.58,31.75,363057
2016-01-07 18:00:00,31.76,31.79,31.64,31.74,322428
2016-01-07 18:30:00,31.73,31.75,31.58,31.62,250862
2016-01-07 19:00:00,31.61,31.67,31.52,31.65,197622
2016-01-07 19:30:00,31.65,31.68,31.55,31.64,203024
2016-01-07 20:00:00,31.64,31.67,31.49,31.52,318090
2016-01-07 20:30:00,31.51,31.52,31.32,31.52,250985
2016-01-07 21:00:00,31.51,31.54,31.39,31.4,357488
2016-01-07 21:30:00,31.4,31.65,31.35,31.5,393247
2016-01-07 22:00:00,31.5,31.55,31.36,31.36,746194
2016-01-07 22:30:00,31.36,31.67,31.35,31.51,1386914
2016-01-08 16:30:00,31.78,31.83,31.51,31.55,192761
2016-01-08 17:00:00,31.55,31.56,31.33,31.36,340129
2016-01-08 17:30:00,31.36,31.44,31.25,31.26,365522
2016-01-08 18:00:00,31.27,31.32,31.0,31.04,498012
2016-01-08 18:30:00,31.05,31.06,30.8,31.03,466495
2016-01-08 19:00:00,31.03,31.15,31.0,31.1,190564
2016-01-08 19:30:00,31.1,31.1,30.96,31.06,200167
2016-01-08 20:00:00,31.05,31.11,30.84,30.88,148803
2016-01-08 20:30:00,30.88,31.0,30.79,30.83,208632
2016-01-08 21:00:00,30.83,30.93,30.67,30.68,145158
2016-01-08 21:30:00,30.68,30.76,30.56,30.58,279548
2016-01-08 22:00:00,30.57,30.67,30.45,30.47,247719
2016-01-08 22:30:00,30.46,30.47,30.05,30.14,1366019
2016-01-11 16:30:00,30.23,30.31,29.52,29.63,629717
2016-01-11 17:00:00,29.62,29.79,29.55,29.68,293669
2016-01-11 17:30:00,29.68,29.82,29.31,29.33,625295
2016-01-11 18:00:00,29.32,29.56,29.26,29.5,455479
2016-01-11 18:30:00,29.5,29.8,29.45,29.78,364508
2016-01-11 19:00:00,29.77,29.81,29.67,29.75,297090
2016-01-11 19:30:00,29.74,29.86,29.71,29.8,308489
2016-01-11 20:00:00,29.8,29.82,29.6,29.65,233309
2016-01-11 20:30:00,29.66,29.71,29.59,29.61,245337
2016-01-11 21:00:00,29.61,29.85,29.6,29.8,216009
2016-01-11 21:30:00,29.81,29.83,29.64,29.66,201696
2016-01-11 22:00:00,29.66,29.93,29.57,29.89,443575
2016-01-11 22:30:00,29.89,30.09,29.86,29.93,820529
2016-01-12 16:30:00,30.25,30.38,30.07,30.16,232469
2016-01-12 17:00:00,30.17,30.2,29.62,29.71,496589
2016-01-12 17:30:00,29.7,29.86,29.6,29.68,281844
2016-01-12 18:00:00,29.68,29.77,29.57,29.62,244621
2016-01-12 18:30:00,29.61,29.65,29.45,29.59,167552
2016-01-12 19:00:00,29.6,29.64,29.36,29.42,312126
2016-01-12 19:30:00,29.41,29.42,29.29,29.39,193428
2016-01-12 20:00:00,29.39,29.51,29.38,29.39,175960
2016-01-12 20:30:00,29.38,29.59,29.36,29.47,121671
2016-01-12 21:00:00,29.45,29.47,29.2,29.29,397787
2016-01-12 21:30:00,29.3,29.6,29.3,29.57,192501
2016-01-12 22:00:00,29.56,29.78,29.43,29.71,271831
2016-01-12 22:30:00,29.7,29.88,29.62,29.81,707705
2016-01-13 16:30:00,30.01,30.12,29.68,29.74,410492
2016-01-13 17:00:00,29.75,29.92,29.64,29.67,319965
2016-01-13 17:30:00,29.66,29.68,29.42,29.66,342909
2016-01-13 18:00:00,29.66,29.7,29.47,29.62,302126
2016-01-13 18:30:00,29.61,29.64,29.36,29.39,267700
2016-01-13 19:00:00,29.39,29.49,29.37,29.44,220043
2016-01-13 19:30:00,29.44,29.44,29.16,29.21,227511
2016-01-13 20:00:00,29.21,29.31,29.15,29.27,527314
2016-01-13 20:30:00,29.26,29.37,29.12,29.18,424662
2016-01-13 21:00:00,29.17,29.32,29.14,29.25,343322
2016-01-13 21:30:00,29.25,29.25,28.88,29.1,605681
2016-01-13 22:00:00,29.11,29.29,29.09,29.21,630694
2016-01-13 22:30:00,29.21,29.31,29.08,29.1,1198093
2016-01-14 16:30:00,29.16,29.25,28.38,28.42,226020
2016-01-14 17:00:00,28.43,29.1,28.39,29.1,232165
2016-01-14 17:30:00,29.11,29.42,29.06,29.12,201934
2016-01-14 18:00:00,29.13,29.17,28.87,28.96,184029
2016-01-14 18:30:00,28.96,29.13,28.86,29.12,154557
2016-01-14 19:00:00,29.12,29.24,29.02,29.22,212257
2016-01-14 19:30:00,29.22,29.35,29.08,29.08,207724
2016-01-14 20:00:00,29.08,29.49,29.07,29.47,251772
2016-01-14 20:30:00,29.48,29.53,29.33,29.48,164591
2016-01-14 21:00:00,29.49,29.69,29.41,29.68,335514
2016-01-14 21:30:00,29.67,29.91,29.63,29.88,233165
2016-01-14 22:00:00,29.87,29.96,29.79,29.79,276948
2016-01-14 22:30:00,29.79,29.79,29.57,29.62,588394
2016-01-15 16:30:00,28.57,29.25,28.57,28.77,475446
2016-01-15 17:00:00,28.75,29.0,28.59,28.86,196196
2016-01-15 17:30:00,28.85,29.05,28.84,28.89,287156
2016-01-15 18:00:00,28.89,28.94,28.75,28.83,229682
2016-01-15 18:30:00,28.83,28.91,28.71,28.81,198975
2016-01-15 19:00:00,28.8,28.82,28.49,28.56,183338
2016-01-15 19:30:00,28.55,28.56,28.34,28.53,332627
2016-01-15 20:00:00,28.52,28.57,28.42,28.47,290308
2016-01-15 20:30:00,28.47,28.74,28.46,28.71,189422
2016-01-15 21:00:00,28.7,28.8,28.63,28.63,226417
2016-01-15 21:30:00,28.63,28.92,28.59,28.91,230762
2016-01-15 22:00:00,28.91,28.95,28.65,28.82,291120
2016-01-15 22:30:00,28.83,28.88,28.7,28.76,753204
2016-01-19 16:30:00,29.13,29.3,28.62,28.88,192643
2016-01-19 17:00:00,28.87,29.28,28.85,29.27,232189
2016-01-19 17:30:00,29.27,29.3,28.84,28.84,202688
2016-01-19 18:00:00,28.85,29.17,28.85,29.17,342997
2016-01-19 18:30:00,29.17,29.2,29.01,29.01,152179
2016-01-19 19:00:00,29.01,29.03,28.85,28.99,187814
2016-01-19 19:30:00,28.99,29.08,28.9,28.96,119588
2016-01-19 20:00:00,28.97,29.08,28.93,28.97,145456
2016-01-19 20:30:00,28.96,28.99,28.86,28.88,104638
2016-01-19 21:00:00,28.88,28.89,28.56,28.66,247017
2016-01-19 21:30:00,28.65,28.69,28.53,28.62,190442
2016-01-19 22:00:00,28.62,28.93,28.6,28.92,247898
2016-01-19 22:30:00,28.92,28.98,28.78,28.82,503405
2016-01-20 16:30:00,28.2,28.31,27.92,27.96,279942
2016-01-20 17:00:00,27.96,28.01,27.73,27.82,314857
2016-01-20 17:30:00,27.82,27.86,27.6,27.62,291451
2016-01-20 18:00:00,27.63,27.92,27.63,27.87,355565
2016-01-20 18:30:00,27.86,27.89,27.61,27.61,420220
2016-01-20 19:00:00,27.61,27.66,27.36,27.41,316280
2016-01-20 19:30:00,27.4,27.76,27.4,27.75,230770
2016-01-20 20:00:00,27.76,27.83,27.53,27.68,201570
2016-01-20 20:30:00,27.67,28.03,27.67,27.9,367080
2016-01-20 21:00:00,27.89,28.02,27.72,27.87,313399
2016-01-20 21:30:00,27.88,27.98,27.75,27.92,374176
2016-01-20 22:00:00,27.93,28.5,27.86,28.49,404817
2016-01-20 22:30:00,28.48,28.54,28.15,28.22,1007517
2016-01-21 16:30:00,28.48,28.53,28.1,28.36,345563
2016-01-21 17:00:00,28.37,28.85,28.36,28.68,217784
2016-01-21 17:30:00,28.69,28.93,28.6,28.64,198351
2016-01-21 18:00:00,28.65,28.86,28.5,28.56,297890
2016-01-21 18:30:00,28.57,28.89,28.56,28.84,237290
2016-01-21 19:00:00,28.85,28.99,28.77,28.89,279528
2016-01-21 19:30:00,28.89,28.96,28.81,28.87,248924
2016-01-21 20:00:00,28.88,29.0,28.7,28.71,122021
2016-01-21 20:30:00,28.71,28.81,28.6,28.62,193026
2016-01-21 21:00:00,28.63,28.65,28.25,28.36,291112
2016-01-21 21:30:00,28.35,28.63,28.35,28.58,226530
2016-01-21 22:00:00,28.59,28.59,28.34,28.39,274917
2016-01-21 22:30:00,28.39,28.62,28.38,28.43,602355
2016-01-22 16:30:00,28.96,29.31,28.89,29.29,316146
2016-01-22 17:00:00,29.31,29.51,29.26,29.44,339231
2016-01-22 17:30:00,29.45,29.53,29.12,29.12,334029
2016-01-22 18:00:00,29.13,29.32,29.11,29.24,410623
2016-01-22 18:30:00,29.24,29.25,29.03,29.13,323916
2016-01-22 19:00:00,29.12,29.28,29.11,29.23,240578
2016-01-22 19:30:00,29.23,29.36,29.2,29.33,131804
2016-01-22 20:00:00,29.33,29.36,29.17,29.28,159822
2016-01-22 20:30:00,29.28,29.42,29.25,29.41,136466
2016-01-22 21:00:00,29.41,29.5,29.31,29.4,237603
2016-01-22 21:30:00,29.4,29.47,29.33,29.46,239815
2016-01-22 22:00:00,29.47,29.49,29.3,29.42,230512
2016-01-22 22:30:00,29.42,29.54,29.35,29.47,571153
2016-01-25 16:30:00,29.27,29.35,28.88,29.07,245826
2016-01-25 17:00:00,29.07,29.29,29.03,29.15,328967
2016-01-25 17:30:00,29.16,29.19,28.98,29.08,291422
2016-01-25 18:00:00,29.07,29.08,28.9,29.08,304517
2016-01-25 18:30:00,29.08,29.08,28.93,28.99,169765
2016-01-25 19:00:00,28.99,29.07,28.94,29.05,135748
2016-01-25 19:30:00,29.05,29.12,29.02,29.12,136468
2016-01-25 20:00:00,29.12,29.25,29.11,29.2,110490
2016-01-25 20:30:00,29.19,29.23,28.93,28.94,160714
2016-01-25 21:00:00,28.94,29.05,28.92,29.01,241750
2016-01-25 21:30:00,29.0,29.01,28.76,28.77,330071
2016-01-25 22:00:00,28.77,28.86,28.58,28.62,352998
2016-01-25 22:30:00,28.62,28.67,28.53,28.65,1137964
2016-01-26 16:30:00,28.77,29.11,28.76,28.85,297908
2016-01-26 17:00:00,28.85,29.14,28.85,29.11,218251
2016-01-26 17:30:00,29.11,29.24,29.09,29.11,153937
2016-01-26 18:00:00,29.11,29.26,29.07,29.24,314655
2016-01-26 18:30:00,29.24,29.24,29.07,29.09,334945
2016-01-26 19:00:00,29.1,29.28,29.1,29.25,185694
2016-01-26 19:30:00,29.25,29.26,29.12,29.13,247678
2016-01-26 20:00:00,29.13,29.21,29.11,29.12,137220
2016-01-26 20:30:00,29.11,29.14,29.05,29.1,167511
2016-01-26 21:00:00,29.1,29.15,29.02,29.03,193212
2016-01-26 21:30:00,29.03,29.14,29.0,29.1,215384
2016-01-26 22:00:00,29.1,29.16,29.03,29.09,316064
2016-01-26 22:30:00,29.08,29.2,29.03,29.16,608911
2016-01-27 16:30:00,29.13,29.35,28.91,29.35,194970
2016-01-27 17:00:00,29.36,29.38,28.96,29.11,291437
2016-01-27 17:30:00,29.12,29.4,29.09,29.28,227663
2016-01-27 18:00:00,29.28,29.47,29.24,29.46,210684
2016-01-27 18:30:00,29.47,29.69,29.44,29.62,272418
2016-01-27 19:00:00,29.63,29.75,29.6,29.64,222674
2016-01-27 19:30:00,29.64,29.81,29.63,29.65,301329
2016-01-27 20:00:00,29.64,29.82,29.57,29.67,250828
2016-01-27 20:30:00,29.67,29.78,29.61,29.77,251052
2016-01-27 21:00:00,29.76,29.88,29.13,29.48,410257
2016-01-27 21:30:00,29.49,29.54,29.08,29.11,425765
2016-01-27 22:00:00,29.12,29.12,28.76,28.92,486164
2016-01-27 22:30:00,28.92,29.05,28.86,28.97,1078472
2016-01-28 16:30:00,29.27,29.85,29.04,29.41,567745
2016-01-28 17:00:00,29.41,29.41,28.73,28.73,568245
2016-01-28 17:30:00,28.73,28.96,28.67,28.95,403711
2016-01-28 18:00:00,28.95,29.16,28.56,28.61,695597
2016-01-28 18:30:00,28.62,28.64,28.28,28.29,425657
2016-01-28 19:00:00,28.3,28.52,28.28,28.45,342867
2016-01-28 19:30:00,28.45,28.66,28.44,28.5,289410
2016-01-28 20:00:00,28.5,28.56,28.31,28.46,283926
2016-01-28 20:30:00,28.45,28.58,28.3,28.33,240271
2016-01-28 21:00:00,28.32,28.5,28.31,28.5,271605
2016-01-28 21:30:00,28.5,28.79,28.49,28.63,445819
2016-01-28 22:00:00,28.63,28.71,28.52,28.54,352071
2016-01-28 22:30:00,28.53,28.62,28.43,28.55,842405
2016-01-29 16:30:00,28.87,29.26,28.75,29.26,330019
2016-01-29 17:00:00,29.25,29.27,28.98,28.98,352476
2016-01-29 17:30:00,28.99,29.08,28.86,29.08,332645
2016-01-29 18:00:00,29.07,29.4,29.07,29.36,367630
2016-01-29 18:30:00,29.37,29.58,29.29,29.52,377041
2016-01-29 19:00:00,29.52,30.03,29.52,29.84,624743
2016-01-29 19:30:00,29.84,29.99,29.74,29.89,516057
2016-01-29 20:00:00,29.89,29.96,29.73,29.89,659732
2016-01-29 20:30:00,29.89,29.92,29.79,29.84,347086
2016-01-29 21:00:00,29.84,29.9,29.77,29.86,382020
2016-01-29 21:30:00,29.84,29.85,29.71,29.82,382180
2016-01-29 22:00:00,29.82,29.83,29.67,29.73,464332
2016-01-29 22:30:00,29.73,29.92,29.7,29.91,1224207
2016-02-01 16:30:00,29.68,29.69,29.14,29.22,223925
2016-02-01 17:00:00,29.22,29.43,29.14,29.33,269595
2016-02-01 17:30:00,29.33,29.44,29.19,29.24,233359
2016-02-01 18:00:00,29.25,29.3,29.14,29.27,336546
2016-02-01 18:30:00,29.28,29.29,29.16,29.21,229831
2016-02-01 19:00:00,29.2,29.23,29.05,29.08,189452
2016-02-01 19:30:00,29.07,29.13,28.91,28.92,244220
2016-02-01 20:00:00,28.93,29.01,28.92,28.97,274914
2016-02-01 20:30:00,28.98,28.99,28.81,28.98,237242
2016-02-01 21:00:00,28.99,29.01,28.87,28.96,377010
2016-02-01 21:30:00,28.97,29.11,28.95,29.05,412660
2016-02-01 22:00:00,29.05,29.29,28.99,29.26,500041
2016-02-01 22:30:00,29.26,29.29,29.1,29.1,861153
2016-02-02 16:30:00,28.4,28.4,27.83,27.89,374127
2016-02-02 17:00:00,27.89,27.9,27.66,27.8,704971
2016-02-02 17:30:00,27.8,27.93,27.75,27.76,398240
2016-02-02 18:00:00,27.76,27.92,27.69,27.88,258509
2016-02-02 18:30:00,27.87,28.02,27.8,27.81,260359
2016-02-02 19:00:00,27.81,27.82,27.69,27.77,231257
2016-02-02 19:30:00,27.77,27.8,27.66,27.67,244937
2016-02-02 20:00:00,27.67,27.8,27.63,27.77,192972
2016-02-02 20:30:00,27.78,27.78,27.65,27.67,301988
2016-02-02 21:00:00,27.67,27.77,27.63,27.72,300552
2016-02-02 21:30:00,27.72,27.99,27.7,27.8,328008
2016-02-02 22:00:00,27.8,27.83,27.67,27.69,344200
2016-02-02 22:30:00,27.68,27.89,27.68,27.8,844473
2016-02-03 16:30:00,28.03,28.11,27.46,27.53,255331
2016-02-03 17:00:00,27.52,27.52,26.95,27.0,577518
2016-02-03 17:30:00,26.99,27.31,26.75,27.3,457290
2016-02-03 18:00:00,27.31,27.51,27.02,27.41,351926
2016-02-03 18:30:00,27.41,27.55,27.28,27.37,480853
2016-02-03 19:00:00,27.38,27.47,27.25,27.31,496943
2016-02-03 19:30:00,27.31,27.38,27.22,27.34,447827
2016-02-03 20:00:00,27.33,27.39,27.2,27.24,379294
2016-02-03 20:30:00,27.23,27.27,27.13,27.2,267457
2016-02-03 21:00:00,27.2,27.66,27.11,27.58,878523
2016-02-03 21:30:00,27.58,27.6,27.34,27.5,1253416
2016-02-03 22:00:00,27.49,27.68,27.36,27.36,835041
2016-02-03 22:30:00,27.36,27.62,27.3,27.56,1429763
2016-02-04 16:30:00,27.57,27.93,27.49,27.83,319487
2016-02-04 17:00:00,27.85,28.34,27.71,28.3,344506
2016-02-04 17:30:00,28.29,28.51,28.24,28.41,427174
2016-02-04 18:00:00,28.4,28.43,27.97,28.08,207424
2016-02-04 18:30:00,28.08,28.12,27.85,28.01,194904
2016-02-04 19:00:00,28.02,28.24,28.0,28.15,191211
2016-02-04 19:30:00,28.15,28.19,28.03,28.15,261953
2016-02-04 20:00:00,28.15,28.27,28.0,28.0,210803
2016-02-04 20:30:00,28.01,28.09,27.9,27.99,185318
2016-02-04 21:00:00,27.99,28.02,27.88,27.93,234009
2016-02-04 21:30:00,27.93,28.0,27.86,27.99,324831
2016-02-04 22:00:00,27.98,28.0,27.89,27.91,515200
2016-02-04 22:30:00,27.92,27.99,27.85,27.96,1330111
2016-02-05 16:30:00,27.83,28.12,27.72,27.94,285477
2016-02-05 17:00:00,27.94,28.27,27.78,27.82,230319
2016-02-05 17:30:00,27.82,28.02,27.72,27.73,181806
2016-02-05 18:00:00,27.74,27.79,27.51,27.6,243316
2016-02-05 18:30:00,27.61,27.65,27.48,27.59,189924
2016-02-05 19:00:00,27.59,27.66,27.5,27.54,230585
2016-02-05 19:30:00,27.54,27.55,27.31,27.36,275994
2016-02-05 20:00:00,27.36,27.39,27.22,27.28,313444
2016-02-05 20:30:00,27.28,27.33,26.96,27.04,609982
2016-02-05 21:00:00,27.04,27.07,26.93,26.96,387811
2016-02-05 21:30:00,26.97,27.09,26.92,26.97,491693
2016-02-05 22:00:00,26.97,27.1,26.94,27.09,696199
2016-02-05 22:30:00,27.08,27.11,26.98,27.06,1697944
2016-02-08 16:30:00,26.42,26.42,25.75,25.96,551606
2016-02-08 17:00:00,25.95,26.0,25.69,25.78,539114
2016-02-08 17:30:00,25.77,26.01,25.76,25.85,329359
2016-02-08 18:00:00,25.85,25.93,25.71,25.92,326688
2016-02-08 18:30:00,25.92,26.02,25.85,26.01,243291
2016-02-08 19:00:00,26.01,26.07,25.94,26.02,313825
2016-02-08 19:30:00,26.03,26.1,25.9,25.93,223687
2016-02-08 20:00:00,25.93,25.97,25.78,25.83,243716
2016-02-08 20:30:00,25.83,25.9,25.54,25.54,303477
2016-02-08 21:00:00,25.54,25.63,25.49,25.57,278482
2016-02-08 21:30:00,25.57,25.58,25.43,25.48,370052
2016-02-08 22:00:00,25.48,25.7,25.44,25.65,468173
2016-02-08 22:30:00,25.65,25.92,25.65,25.78,1171797
2016-02-09 16:30:00,25.03,25.52,24.92,25.33,449553
2016-02-09 17:00:00,25.32,25.62,25.3,25.41,231141
2016-02-09 17:30:00,25.42,25.44,25.06,25.1,227720
2016-02-09 18:00:00,25.1,25.41,25.08,25.34,201234
2016-02-09 18:30:00,25.33,25.42,25.21,25.22,426416
2016-02-09 19:00:00,25.22,25.41,25.18,25.37,272081
2016-02-09 19:30:00,25.37,25.48,25.28,25.38,191954
2016-02-09 20:00:00,25.37,25.4,25.2,25.31,265737
2016-02-09 20:30:00,25.32,25.45,25.27,25.39,205372
2016-02-09 21:00:00,25.4,25.61,25.39,25.52,358588
2016-02-09 21:30:00,25.52,25.77,25.51,25.71,303184
2016-02-09 22:00:00,25.72,25.94,25.6,25.65,664018
2016-02-09 22:30:00,25.64,25.78,25.6,25.66,1088220
2016-02-10 16:30:00,25.89,26.17,25.76,26.14,327420
2016-02-10 17:00:00,26.15,26.26,25.98,26.25,467535
2016-02-10 17:30:00,26.25,26.43,26.14,26.18,466078
2016-02-10 18:00:00,26.18,26.24,26.04,26.14,257418
2016-02-10 18:30:00,26.14,26.18,26.0,26.12,287887
2016-02-10 19:00:00,26.13,26.3,26.0,26.3,242116
2016-02-10 19:30:00,26.3,26.56,26.26,26.48,235345
2016-02-10 20:00:00,26.48,26.59,26.44,26.55,293861
2016-02-10 20:30:00,26.55,26.59,26.42,26.59,562426
2016-02-10 21:00:00,26.59,26.69,26.55,26.64,664321
2016-02-10 21:30:00,26.63,26.71,26.51,26.6,384792
2016-02-10 22:00:00,26.6,26.73,26.5,26.6,742145
2016-02-10 22:30:00,26.6,26.63,26.3,26.31,1160700
2016-02-11 16:30:00,25.4,25.55,25.16,25.33,592558
2016-02-11 17:00:00,25.33,25.38,25.16,25.21,491780
2016-02-11 17:30:00,25.21,25.39,25.15,25.32,394753
2016-02-11 18:00:00,25.32,25.37,25.02,25.08,334027
2016-02-11 18:30:00,25.07,25.19,24.99,25.15,275342
2016-02-11 19:00:00,25.15,25.23,25.07,25.14,249907
2016-02-11 19:30:00,25.15,25.22,25.1,25.19,244134
2016-02-11 20:00:00,25.19,25.29,25.12,25.12,239966
2016-02-11 20:30:00,25.12,25.19,25.06,25.17,268936
2016-02-11 21:00:00,25.16,25.16,24.96,24.99,230320
2016-02-11 21:30:00,24.98,25.6,24.9,25.46,638125
2016-02-11 22:00:00,25.47,25.49,25.25,25.46,564718
2016-02-11 22:30:00,25.46,25.58,25.35,25.37,1275425
2016-02-12 16:30:00,26.2,26.47,25.59,25.62,321291
2016-02-12 17:00:00,25.59,26.02,25.45,25.95,372882
2016-02-12 17:30:00,25.96,26.18,25.96,26.14,328318
2016-02-12 18:00:00,26.14,26.62,26.14,26.58,527233
2016-02-12 18:30:00,26.58,26.84,26.56,26.7,670739
2016-02-12 19:00:00,26.7,26.76,26.58,26.69,328697
2016-02-12 19:30:00,26.69,26.73,26.42,26.44,221997
2016-02-12 20:00:00,26.45,26.54,26.3,26.36,238329
2016-02-12 20:30:00,26.37,26.37,26.13,26.17,270559
2016-02-12 21:00:00,26.18,26.39,26.18,26.33,185186
2016-02-12 21:30:00,26.32,26.47,26.32,26.45,224566
2016-02-12 22:00:00,26.44,26.58,26.42,26.51,229799
2016-02-12 22:30:00,26.51,26.52,26.39,26.51,439214
2016-02-16 16:30:00,26.8,27.0,26.41,26.53,269083
2016-02-16 17:00:00,26.52,26.65,26.46,26.63,236609
2016-02-16 17:30:00,26.64,26.79,26.49,26.57,294875
2016-02-16 18:00:00,26.56,26.63,26.46,26.48,250640
2016-02-16 18:30:00,26.49,26.57,26.46,26.56,348468
2016-02-16 19:00:00,26.56,26.69,26.51,26.6,257255
2016-02-16 19:30:00,26.61,26.71,26.53,26.71,184397
2016-02-16 20:00:00,26.71,26.83,26.7,26.8,157157
2016-02-16 20:30:00,26.8,26.84,26.73,26.84,163080
2016-02-16 21:00:00,26.84,26.89,26.76,26.89,203642
2016-02-16 21:30:00,26.88,26.91,26.68,26.68,175640
2016-02-16 22:00:00,26.69,26.71,26.59,26.7,502906
2016-02-16 22:30:00,26.7,26.74,26.63,26.69,990520
2016-02-17 16:30:00,27.13,27.49,27.03,27.43,341358
2016-02-17 17:00:00,27.43,27.67,27.41,27.63,231143
2016-02-17 17:30:00,27.64,27.67,27.48,27.63,144832
2016-02-17 18:00:00,27.63,27.73,27.54,27.63,204786
2016-02-17 18:30:00,27.62,27.67,27.48,27.52,172600
2016-02-17 19:00:00,27.53,27.57,27.47,27.5,156954
2016-02-17 19:30:00,27.51,27.63,27.51,27.57,280629
2016-02-17 20:00:00,27.57,27.6,27.47,27.51,157438
2016-02-17 20:30:00,27.51,27.52,27.4,27.48,148676
2016-02-17 21:00:00,27.48,27.64,27.43,27.6,211830
2016-02-17 21:30:00,27.6,27.63,27.39,27.42,192670
2016-02-17 22:00:00,27.43,27.5,27.39,27.47,209220
2016-02-17 22:30:00,27.46,27.5,27.38,27.44,695008
2016-02-18 16:30:00,27.44,27.49,27.27,27.34,254934
2016-02-18 17:00:00,27.35,27.37,27.22,27.37,143166
2016-02-18 17:30:00,27.37,27.37,27.25,27.29,158924
2016-02-18 18:00:00,27.29,27.31,27.07,27.12,478542
2016-02-18 18:30:00,27.12,27.13,26.9,26.96,337817
2016-02-18 19:00:00,26.96,27.11,26.93,27.04,181616
2016-02-18 19:30:00,27.04,27.08,26.96,27.02,168829
2016-02-18 20:00:00,27.01,27.08,26.91,26.93,161293
2016-02-18 20:30:00,26.94,26.97,26.78,26.91,169674
2016-02-18 21:00:00,26.91,27.06,26.9,27.04,238338
2016-02-18 21:30:00,27.04,27.17,27.02,27.14,211557
2016-02-18 22:00:00,27.14,27.24,27.14,27.18,307353
2016-02-18 22:30:00,27.17,27.2,27.02,27.03,850492
2016-02-19 16:30:00,26.75,26.89,26.45,26.65,515658
2016-02-19 17:00:00,26.64,26.65,26.39,26.45,469740
2016-02-19 17:30:00,26.45,26.51,26.27,26.27,326815
2016-02-19 18:00:00,26.26,26.32,26.22,26.29,480552
2016-02-19 18:30:00,26.29,26.45,26.21,26.25,619638
2016-02-19 19:00:00,26.25,26.3,26.14,26.19,334566
2016-02-19 19:30:00,26.19,26.27,26.12,26.2,291094
2016-02-19 20:00:00,26.19,26.24,26.1,26.21,273415
2016-02-19 20:30:00,26.2,26.38,26.2,26.32,346352
2016-02-19 21:00:00,26.32,26.37,26.26,26.28,249689
2016-02-19 21:30:00,26.29,26.29,26.2,26.25,238195
2016-02-19 22:00:00,26.24,26.36,26.24,26.28,341473
2016-02-19 22:30:00,26.28,26.33,26.24,26.32,983049
2016-02-22 16:30:00,26.79,27.0,26.67,26.86,418132
2016-02-22 17:00:00,26.86,27.19,26.83,27.16,209701
2016-02-22 17:30:00,27.15,27.19,26.97,26.98,193891
2016-02-22 18:00:00,26.98,27.02,26.87,26.96,188140
2016-02-22 18:30:00,26.96,27.01,26.88,26.94,214123
2016-02-22 19:00:00,26.93,26.98,26.9,26.96,237248
2016-02-22 19:30:00,26.97,27.04,26.93,26.95,256365
2016-02-22 20:00:00,26.95,27.06,26.94,27.01,140842
2016-02-22 20:30:00,27.01,27.16,27.01,27.13,155472
2016-02-22 21:00:00,27.14,27.15,27.02,27.09,165885
2016-02-22 21:30:00,27.09,27.16,27.07,27.16,233231
2016-02-22 22:00:00,27.16,27.26,27.1,27.22,305076
2016-02-22 22:30:00,27.22,27.3,27.15,27.17,826407
2016-02-23 16:30:00,27.1,27.16,26.84,26.91,377755
2016-02-23 17:00:00,26.92,26.98,26.73,26.74,268616
2016-02-23 17:30:00,26.74,26.76,26.54,26.54,247212
2016-02-23 18:00:00,26.53,26.54,26.3,26.33,246272
2016-02-23 18:30:00,26.34,26.54,26.32,26.44,220271
2016-02-23 19:00:00,26.44,26.44,26.28,26.32,146558
2016-02-23 19:30:00,26.32,26.36,26.26,26.33,129996
2016-02-23 20:00:00,26.34,26.35,26.3,26.34,156740
2016-02-23 20:30:00,26.34,26.37,26.3,26.37,123417
2016-02-23 21:00:00,26.37,26.4,26.31,26.32,170905
2016-02-23 21:30:00,26.32,26.34,26.24,26.26,184432
2016-02-23 22:00:00,26.25,26.38,26.2,26.32,431462
2016-02-23 22:30:00,26.33,26.47,26.33,26.35,467533
2016-02-24 16:30:00,25.95,25.95,25.34,25.41,329459
2016-02-24 17:00:00,25.4,25.72,25.31,25.69,215254
2016-02-24 17:30:00,25.7,25.78,25.56,25.68,239089
2016-02-24 18:00:00,25.68,25.7,25.53,25.59,227185
2016-02-24 18:30:00,25.59,25.84,25.57,25.81,216042
2016-02-24 19:00:00,25.81,25.94,25.8,25.86,120357
2016-02-24 19:30:00,25.86,25.97,25.81,25.94,90494
2016-02-24 20:00:00,25.93,26.04,25.91,25.94,104361
2016-02-24 20:30:00,25.94,25.96,25.86,25.91,116048
2016-02-24 21:00:00,25.91,26.18,25.89,26.13,145641
2016-02-24 21:30:00,26.13,26.17,26.06,26.09,155289
2016-02-24 22:00:00,26.09,26.22,26.07,26.2,333434
2016-02-24 22:30:00,26.19,26.21,26.11,26.16,445434
2016-02-25 16:30:00,26.23,26.43,26.04,26.26,310962
2016-02-25 17:00:00,26.26,26.38,26.11,26.37,311756
2016-02-25 17:30:00,26.37,26.45,26.3,26.3,216040
2016-02-25 18:00:00,26.3,26.43,26.28,26.4,212536
2016-02-25 18:30:00,26.4,26.51,26.38,26.48,237720
2016-02-25 19:00:00,26.48,26.53,26.46,26.5,199726
2016-02-25 19:30:00,26.51,26.55,26.47,26.53,119164
2016-02-25 20:00:00,26.53,26.66,26.51,26.65,163432
2016-02-25 20:30:00,26.64,26.78,26.62,26.76,216751
2016-02-25 21:00:00,26.77,26.91,26.74,26.87,335966
2016-02-25 21:30:00,26.88,26.88,26.76,26.77,309111
2016-02-25 22:00:00,26.77,26.87,26.71,26.76,330105
2016-02-25 22:30:00,26.76,26.9,26.74,26.88,699067
2016-02-26 16:30:00,27.17,27.35,27.08,27.13,204368
2016-02-26 17:00:00,27.13,27.16,26.95,27.01,187701
2016-02-26 17:30:00,27.0,27.33,27.0,27.31,266774
2016-02-26 18:00:00,27.31,27.41,27.14,27.14,251593
2016-02-26 18:30:00,27.13,27.34,27.09,27.31,280365
2016-02-26 19:00:00,27.31,27.4,27.18,27.31,244521
2016-02-26 19:30:00,27.31,27.44,27.29,27.39,107585
2016-02-26 20:00:00,27.39,27.47,27.34,27.36,209342
2016-02-26 20:30:00,27.37,27.39,27.22,27.24,162529
2016-02-26 21:00:00,27.25,27.29,27.11,27.19,188915
2016-02-26 21:30:00,27.19,27.2,27.02,27.07,179644
2016-02-26 22:00:00,27.08,27.19,27.05,27.07,195649
2016-02-26 22:30:00,27.07,27.18,27.07,27.1,449001
2016-02-29 16:30:00,26.96,27.16,26.84,26.9,339452
2016-02-29 17:00:00,26.91,27.05,26.84,26.93,244938
2016-02-29 17:30:00,26.96,27.04,26.86,27.03,102688
2016-02-29 18:00:00,27.04,27.15,27.02,27.07,157507
2016-02-29 18:30:00,27.06,27.21,27.05,27.06,122726
2016-02-29 19:00:00,27.07,27.08,27.0,27.03,96991
2016-02-29 19:30:00,27.04,27.08,27.0,27.05,102726
2016-02-29 20:00:00,27.06,27.09,26.99,26.99,56284
2016-02-29 20:30:00,26.99,27.08,26.99,27.07,67160
2016-02-29 21:00:00,27.07,27.1,26.9,26.97,175308
2016-02-29 21:30:00,26.96,26.99,26.78,26.79,150481
2016-02-29 22:00:00,26.79,26.85,26.7,26.83,154574
2016-02-29 22:30:00,26.83,26.87,26.73,26.73,587793
2016-03-01 16:30:00,27.07,27.24,26.99,27.12,311528
2016-03-01 17:00:00,27.13,27.27,27.07,27.27,431485
2016-03-01 17:30:00,27.27,27.36,27.19,27.22,369602
2016-03-01 18:00:00,27.22,27.38,27.2,27.37,406560
2016-03-01 18:30:00,27.37,27.4,27.29,27.35,348927
2016-03-01 19:00:00,27.36,27.42,27.31,27.34,283522
2016-03-01 19:30:00,27.35,27.49,27.32,27.48,214414
2016-03-01 20:00:00,27.48,27.68,27.44,27.66,162622
2016-03-01 20:30:00,27.66,27.83,27.65,27.7,639046
2016-03-01 21:00:00,27.69,27.76,27.68,27.74,286932
2016-03-01 21:30:00,27.73,27.82,27.73,27.77,258669
2016-03-01 22:00:00,27.78,27.8,27.73,27.8,281276
2016-03-01 22:30:00,27.8,27.88,27.74,27.87,631624
2016-03-02 16:30:00,27.95,28.15,27.78,27.86,348677
2016-03-02 17:00:00,27.86,28.06,27.82,27.84,342874
2016-03-02 17:30:00,27.82,27.99,27.73,27.96,408318
2016-03-02 18:00:00,27.95,28.05,27.91,28.02,270854
2016-03-02 18:30:00,28.02,28.03,27.88,27.88,172628
2016-03-02 19:00:00,27.88,27.93,27.84,27.91,168856
2016-03-02 19:30:00,27.91,28.02,27.9,28.0,139085
2016-03-02 20:00:00,28.0,28.04,27.96,28.01,159682
2016-03-02 20:30:00,28.01,28.11,27.97,27.98,190087
2016-03-02 21:00:00,27.98,28.06,27.97,28.05,227625
2016-03-02 21:30:00,28.05,28.15,28.04,28.09,294054
2016-03-02 22:00:00,28.08,28.14,28.07,28.11,243246
2016-03-02 22:30:00,28.12,28.24,28.08,28.23,675672
2016-03-03 16:30:00,28.2,28.33,28.1,28.33,264665
2016-03-03 17:00:00,28.33,28.49,28.24,28.49,239476
2016-03-03 17:30:00,28.49,28.65,28.49,28.62,183064
2016-03-03 18:00:00,28.62,28.64,28.37,28.38,357095
2016-03-03 18:30:00,28.37,28.5,28.36,28.49,131452
2016-03-03 19:00:00,28.49,28.57,28.45,28.5,164909
2016-03-03 19:30:00,28.5,28.57,28.43,28.45,163727
2016-03-03 20:00:00,28.45,28.53,28.42,28.42,127236
2016-03-03 20:30:00,28.43,28.56,28.43,28.48,167472
2016-03-03 21:00:00,28.49,28.57,28.48,28.54,206511
2016-03-03 21:30:00,28.54,28.57,28.49,28.54,231247
2016-03-03 22:00:00,28.54,28.6,28.46,28.48,217855
2016-03-03 22:30:00,28.49,28.62,28.47,28.61,677352
2016-03-04 16:30:00,28.75,28.94,28.46,28.57,708433
2016-03-04 17:00:00,28.57,28.94,28.57,28.81,221536
2016-03-04 17:30:00,28.82,29.17,28.82,29.06,355530
2016-03-04 18:00:00,29.06,29.39,29.06,29.21,373256
2016-03-04 18:30:00,29.21,29.33,29.08,29.14,191760
2016-03-04 19:00:00,29.15,29.18,28.97,29.02,111394
2016-03-04 19:30:00,29.02,29.13,28.99,29.06,141903
2016-03-04 20:00:00,29.06,29.22,29.04,29.21,255699
2016-03-04 20:30:00,29.2,29.28,29.11,29.21,212286
2016-03-04 21:00:00,29.2,29.22,29.0,29.03,231307
2016-03-04 21:30:00,29.03,29.07,28.82,28.95,352833
2016-03-04 22:00:00,28.95,29.14,28.95,29.13,401543
2016-03-04 22:30:00,29.14,29.17,29.06,29.08,678573
2016-03-07 16:30:00,28.75,29.07,28.6,28.89,462436
2016-03-07 17:00:00,28.88,29.08,28.78,28.98,268613
2016-03-07 17:30:00,28.99,29.21,28.94,28.98,181540
2016-03-07 18:00:00,28.98,29.06,28.92,28.98,137313
2016-03-07 18:30:00,28.98,29.09,28.97,29.01,115400
2016-03-07 19:00:00,29.01,29.1,28.97,29.02,111121
2016-03-07 19:30:00,29.01,29.03,28.92,28.99,118369
2016-03-07 20:00:00,28.99,29.03,28.92,28.96,91535
2016-03-07 20:30:00,28.96,29.03,28.91,28.99,109044
2016-03-07 21:00:00,28.98,29.04,28.84,28.86,147026
2016-03-07 21:30:00,28.86,28.91,28.75,28.88,171116
2016-03-07 22:00:00,28.88,28.98,28.84,28.95,234273
2016-03-07 22:30:00,28.95,29.03,28.92,29.0,490204
2016-03-08 16:30:00,28.66,28.82,28.49,28.51,293328
2016-03-08 17:00:00,28.49,28.49,28.28,28.28,360278
2016-03-08 17:30:00,28.28,28.33,28.09,28.13,167514
2016-03-08 18:00:00,28.14,28.45,28.12,28.31,171608
2016-03-08 18:30:00,28.3,28.38,28.2,28.28,114916
2016-03-08 19:00:00,28.27,28.54,28.25,28.47,138019
2016-03-08 19:30:00,28.47,28.51,28.33,28.38,86495
2016-03-08 20:00:00,28.37,28.48,28.34,28.43,99173
2016-03-08 20:30:00,28.43,28.56,28.42,28.48,78852
2016-03-08 21:00:00,28.47,28.57,28.42,28.46,121873
2016-03-08 21:30:00,28.46,28.47,28.3,28.32,155257
2016-03-08 22:00:00,28.31,28.35,28.21,28.24,324534
2016-03-08 22:30:00,28.24,28.3,28.2,28.22,628295
2016-03-09 16:30:00,28.48,28.5,28.17,28.32,264978
2016-03-09 17:00:00,28.32,28.32,27.71,27.71,520086
2016-03-09 17:30:00,27.72,28.03,27.67,27.76,399174
2016-03-09 18:00:00,27.76,28.08,27.74,28.05,281242
2016-03-09 18:30:00,28.06,28.19,27.97,28.18,237306
2016-03-09 19:00:00,28.18,28.33,28.14,28.31,201687
2016-03-09 19:30:00,28.3,28.34,28.13,28.14,111363
2016-03-09 20:00:00,28.14,28.18,28.05,28.07,123084
2016-03-09 20:30:00,28.07,28.24,28.06,28.23,103164
2016-03-09 21:00:00,28.24,28.33,28.18,28.24,239335
2016-03-09 21:30:00,28.24,28.24,28.15,28.15,99529
2016-03-09 22:00:00,28.15,28.19,28.07,28.14,170764
2016-03-09 22:30:00,28.13,28.2,28.09,28.19,487419
2016-03-10 16:30:00,28.49,28.61,27.94,28.4,744266
2016-03-10 17:00:00,28.4,28.52,28.32,28.38,394186
2016-03-10 17:30:00,28.38,28.4,28.14,28.21,376917
2016-03-10 18:00:00,28.2,28.23,27.85,27.93,305937
2016-03-10 18:30:00,27.94,28.05,27.81,27.97,170537
2016-03-10 19:00:00,27.97,28.12,27.82,27.87,176848
2016-03-10 19:30:00,27.88,27.95,27.68,27.8,323840
2016-03-10 20:00:00,27.81,27.87,27.71,27.86,227981
2016-03-10 20:30:00,27.86,28.0,27.84,27.93,174396
2016-03-10 21:00:00,27.93,28.18,27.93,28.17,530302
2016-03-10 21:30:00,28.17,28.38,28.11,28.28,309832
2016-03-10 22:00:00,28.27,28.46,28.2,28.4,305026
2016-03-10 22:30:00,28.4,28.44,28.25,28.34,511284
2016-03-11 16:30:00,29.12,29.2,28.86,29.15,434426
2016-03-11 17:00:00,29.16,29.38,29.16,29.36,364114
2016-03-11 17:30:00,29.37,29.61,29.37,29.49,312351
2016-03-11 18:00:00,29.5,29.72,29.48,29.64,231589
2016-03-11 18:30:00,29.64,29.66,29.6,29.66,188330
2016-03-11 19:00:00,29.67,29.67,29.52,29.57,210278
2016-03-11 19:30:00,29.56,29.58,29.45,29.47,122881
2016-03-11 20:00:00,29.48,29.49,29.37,29.44,107484
2016-03-11 20:30:00,29.43,29.67,29.41,29.66,195723
2016-03-11 21:00:00,29.66,29.83,29.63,29.8,434478
2016-03-11 21:30:00,29.8,29.95,29.75,29.89,492285
2016-03-11 22:00:00,29.89,30.08,29.88,30.05,625260
2016-03-11 22:30:00,30.05,30.05,29.96,30.0,710273
2016-03-14 16:30:00,29.74,29.91,29.54,29.62,341189
2016-03-14 17:00:00,29.63,29.72,29.54,29.71,300521
2016-03-14 17:30:00,29.7,29.87,29.69,29.74,268665
2016-03-14 18:00:00,29.74,29.87,29.73,29.83,330862
2016-03-14 18:30:00,29.82,29.84,29.65,29.65,277750
2016-03-14 19:00:00,29.66,29.8,29.56,29.72,227776
2016-03-14 19:30:00,29.73,29.85,29.73,29.78,191981
2016-03-14 20:00:00,29.79,29.97,29.78,29.85,212117
2016-03-14 20:30:00,29.85,29.9,29.8,29.89,124673
2016-03-14 21:00:00,29.89,30.07,29.88,30.01,283512
2016-03-14 21:30:00,30.01,30.05,29.94,29.97,186711
2016-03-14 22:00:00,29.96,30.1,29.92,30.05,304977
2016-03-14 22:30:00,30.05,30.06,29.95,29.96,728379
2016-03-15 16:30:00,29.62,29.71,29.31,29.41,291739
2016-03-15 17:00:00,29.41,29.41,29.24,29.31,228377
2016-03-15 17:30:00,29.32,29.38,29.15,29.19,124735
2016-03-15 18:00:00,29.2,29.33,29.17,29.33,143863
2016-03-15 18:30:00,29.33,29.36,29.26,29.29,115684
2016-03-15 19:00:00,29.3,29.31,29.21,29.28,100401
2016-03-15 19:30:00,29.28,29.29,29.2,29.26,74805
2016-03-15 20:00:00,29.26,29.38,29.24,29.36,74933
2016-03-15 20:30:00,29.37,29.45,29.35,29.45,57149
2016-03-15 21:00:00,29.45,29.53,29.38,29.52,222306
2016-03-15 21:30:00,29.52,29.52,29.39,29.42,95097
2016-03-15 22:00:00,29.41,29.62,29.41,29.53,252123
2016-03-15 22:30:00,29.53,29.62,29.49,29.61,821154
2016-03-16 16:30:00,29.41,29.88,29.27,29.74,221346
2016-03-16 17:00:00,29.74,29.95,29.67,29.9,142444
2016-03-16 17:30:00,29.9,30.08,29.86,30.06,107717
2016-03-16 18:00:00,30.06,30.14,29.94,29.96,141063
2016-03-16 18:30:00,29.96,30.04,29.86,29.88,133297
2016-03-16 19:00:00,29.88,29.93,29.8,29.8,148309
2016-03-16 19:30:00,29.8,29.81,29.66,29.72,76214
2016-03-16 20:00:00,29.72,29.95,29.71,29.82,377944
2016-03-16 20:30:00,29.82,29.88,29.75,29.81,82976
2016-03-16 21:00:00,29.81,29.95,29.55,29.92,252611
2016-03-16 21:30:00,29.91,30.18,29.86,29.92,240563
2016-03-16 22:00:00,29.92,30.22,29.87,30.16,517140
2016-03-16 22:30:00,30.16,30.25,30.12,30.14,704194
2016-03-17 16:30:00,30.12,30.39,30.11,30.32,196931
2016-03-17 17:00:00,30.32,30.76,30.32,30.76,330802
2016-03-17 17:30:00,30.75,31.0,30.69,30.98,249418
2016-03-17 18:00:00,30.98,30.99,30.69,30.89,267582
2016-03-17 18:30:00,30.89,30.91,30.76,30.83,226871
2016-03-17 19:00:00,30.83,30.95,30.78,30.95,161638
2016-03-17 19:30:00,30.96,31.01,30.84,30.87,188712
2016-03-17 20:00:00,30.87,30.92,30.78,30.86,184100
2016-03-17 20:30:00,30.87,31.13,30.83,31.12,166955
2016-03-17 21:00:00,31.11,31.17,31.0,31.0,247168
2016-03-17 21:30:00,31.0,31.06,30.94,30.96,195147
2016-03-17 22:00:00,30.96,31.05,30.94,31.02,215068
2016-03-17 22:30:00,31.01,31.07,30.88,30.91,517535
2016-03-18 16:30:00,31.12,31.46,31.11,31.3,598147
2016-03-18 17:00:00,31.29,31.36,31.05,31.05,232700
2016-03-18 17:30:00,31.05,31.1,30.8,30.92,242542
2016-03-18 18:00:00,30.92,31.05,30.82,30.83,165851
2016-03-18 18:30:00,30.84,30.89,30.67,30.73,124765
2016-03-18 19:00:00,30.74,30.83,30.73,30.78,126663
2016-03-18 19:30:00,30.77,30.79,30.67,30.72,101207
2016-03-18 20:00:00,30.71,30.75,30.62,30.65,107233
2016-03-18 20:30:00,30.66,30.78,30.64,30.72,112130
2016-03-18 21:00:00,30.73,30.75,30.64,30.68,173124
2016-03-18 21:30:00,30.68,30.73,30.66,30.69,137620
2016-03-18 22:00:00,30.69,30.87,30.69,30.86,238643
2016-03-18 22:30:00,30.85,31.04,30.81,31.02,1129763
2016-03-21 16:30:00,31.07,31.14,30.9,30.93,258212
2016-03-21 17:00:00,30.94,30.98,30.78,30.9,281789
2016-03-21 17:30:00,30.9,30.9,30.68,30.76,136662
2016-03-21 18:00:00,30.77,30.97,30.74,30.9,125426
2016-03-21 18:30:00,30.91,31.03,30.79,30.85,144045
2016-03-21 19:00:00,30.84,30.9,30.75,30.83,78105
2016-03-21 19:30:00,30.82,30.87,30.79,30.85,90257
2016-03-21 20:00:00,30.85,30.95,30.77,30.93,111134
2016-03-21 20:30:00,30.93,30.93,30.79,30.85,128447
2016-03-21 21:00:00,30.86,30.92,30.81,30.84,179413
2016-03-21 21:30:00,30.84,30.97,30.84,30.94,148066
2016-03-21 22:00:00,30.94,30.96,30.88,30.93,191483
2016-03-21 22:30:00,30.92,30.99,30.87,30.98,430278
2016-03-22 16:30:00,30.6,30.82,30.37,30.62,259899
2016-03-22 17:00:00,30.62,30.75,30.57,30.71,110165
2016-03-22 17:30:00,30.73,30.81,30.69,30.7,98077
2016-03-22 18:00:00,30.7,30.87,30.69,30.82,98558
2016-03-22 18:30:00,30.82,30.86,30.76,30.8,217288
2016-03-22 19:00:00,30.81,30.92,30.79,30.91,80097
2016-03-22 19:30:00,30.9,30.98,30.89,30.97,75505
2016-03-22 20:00:00,30.97,30.97,30.84,30.87,61968
2016-03-22 20:30:00,30.87,30.94,30.83,30.9,64087
2016-03-22 21:00:00,30.91,30.94,30.84,30.91,89513
2016-03-22 21:30:00,30.91,30.95,30.77,30.77,157841
2016-03-22 22:00:00,30.76,30.79,30.67,30.78,205904
2016-03-22 22:30:00,30.78,30.85,30.77,30.81,416286
2016-03-23 16:30:00,30.82,30.82,30.58,30.61,205157
2016-03-23 17:00:00,30.62,30.65,30.38,30.4,213205
2016-03-23 17:30:00,30.39,30.47,30.23,30.35,294258
2016-03-23 18:00:00,30.35,30.41,30.21,30.26,285528
2016-03-23 18:30:00,30.27,30.31,30.18,30.3,99819
2016-03-23 19:00:00,30.31,30.44,30.3,30.42,82986
2016-03-23 19:30:00,30.41,30.44,30.31,30.37,83963
2016-03-23 20:00:00,30.37,30.38,30.29,30.29,96157
2016-03-23 20:30:00,30.3,30.3,30.2,30.22,185786
2016-03-23 21:00:00,30.22,30.39,30.21,30.3,197424
2016-03-23 21:30:00,30.3,30.37,30.29,30.29,284665
2016-03-23 22:00:00,30.29,30.45,30.29,30.43,218908
2016-03-23 22:30:00,30.43,30.49,30.38,30.41,440588
2016-03-24 16:30:00,30.02,30.03,29.82,29.96,205751
2016-03-24 17:00:00,29.96,30.0,29.83,29.98,209864
2016-03-24 17:30:00,29.98,30.2,29.97,30.2,136647
2016-03-24 18:00:00,30.2,30.27,30.09,30.1,109207
2016-03-24 18:30:00,30.1,30.14,30.03,30.07,146168
2016-03-24 19:00:00,30.08,30.22,30.04,30.1,86742
2016-03-24 19:30:00,30.11,30.19,30.05,30.15,75858
2016-03-24 20:00:00,30.15,30.26,30.14,30.24,65663
2016-03-24 20:30:00,30.24,30.24,30.15,30.21,56890
2016-03-24 21:00:00,30.22,30.24,30.11,30.18,99820
2016-03-24 21:30:00,30.18,30.31,30.18,30.26,110003
2016-03-24 22:00:00,30.25,30.32,30.23,30.29,105811
2016-03-24 22:30:00,30.29,30.34,30.26,30.34,266130
2016-03-28 16:30:00,30.33,30.41,30.11,30.16,148459
2016-03-28 17:00:00,30.17,30.34,30.11,30.21,88991
2016-03-28 17:30:00,30.21,30.22,30.07,30.22,93340
2016-03-28 18:00:00,30.23,30.26,30.13,30.19,56227
2016-03-28 18:30:00,30.2,30.31,30.2,30.29,71052
2016-03-28 19:00:00,30.3,30.39,30.25,30.36,64188
2016-03-28 19:30:00,30.36,30.5,30.35,30.49,80042
2016-03-28 20:00:00,30.49,30.52,30.46,30.49,52222
2016-03-28 20:30:00,30.5,30.58,30.48,30.56,58465
2016-03-28 21:00:00,30.56,30.64,30.55,30.58,107317
2016-03-28 21:30:00,30.57,30.58,30.5,30.51,102255
2016-03-28 22:00:00,30.51,30.6,30.49,30.5,127559
2016-03-28 22:30:00,30.5,30.56,30.46,30.5,350518
2016-03-29 16:30:00,30.25,30.27,29.93,30.25,187552
2016-03-29 17:00:00,30.26,30.32,30.08,30.25,160877
2016-03-29 17:30:00,30.25,30.32,30.2,30.26,90908
2016-03-29 18:00:00,30.26,30.28,30.19,30.25,138997
2016-03-29 18:30:00,30.25,30.37,30.23,30.31,122277
2016-03-29 19:00:00,30.31,30.54,30.3,30.52,89720
2016-03-29 19:30:00,30.52,30.59,30.46,30.51,76550
2016-03-29 20:00:00,30.52,30.53,30.43,30.46,65243
2016-03-29 20:30:00,30.46,30.57,30.42,30.51,157341
2016-03-29 21:00:00,30.52,30.8,30.51,30.8,154793
2016-03-29 21:30:00,30.79,30.89,30.74,30.85,175142
2016-03-29 22:00:00,30.84,30.93,30.8,30.93,152183
2016-03-29 22:30:00,30.92,30.93,30.83,30.88,353005
2016-03-30 16:30:00,31.22,31.54,31.18,31.43,278535
2016-03-30 17:00:00,31.44,31.51,31.26,31.29,201228
2016-03-30 17:30:00,31.3,31.55,31.3,31.36,212280
2016-03-30 18:00:00,31.36,31.43,31.28,31.33,186395
2016-03-30 18:30:00,31.33,31.48,31.29,31.42,273964
2016-03-30 19:00:00,31.41,31.41,31.3,31.31,127708
2016-03-30 19:30:00,31.29,31.36,31.19,31.19,103495
2016-03-30 20:00:00,31.2,31.23,31.03,31.11,188179
2016-03-30 20:30:00,31.11,31.31,31.09,31.22,236597
2016-03-30 21:00:00,31.22,31.3,31.19,31.24,262309
2016-03-30 21:30:00,31.24,31.28,31.2,31.27,140401
2016-03-30 22:00:00,31.27,31.36,31.27,31.36,200177
2016-03-30 22:30:00,31.35,31.36,31.26,31.26,502729
2016-03-31 16:30:00,31.19,31.41,31.09,31.2,178605
2016-03-31 17:00:00,31.2,31.33,31.14,31.15,150400
2016-03-31 17:30:00,31.15,31.16,31.0,31.03,335408
2016-03-31 18:00:00,31.02,31.22,30.98,31.1,367151
2016-03-31 18:30:00,31.1,31.28,31.1,31.24,189178
2016-03-31 19:00:00,31.24,31.24,31.02,31.05,405528
2016-03-31 19:30:00,31.05,31.1,31.0,31.03,285154
2016-03-31 20:00:00,31.03,31.06,30.94,30.95,183412
2016-03-31 20:30:00,30.94,30.97,30.78,30.84,520780
2016-03-31 21:00:00,30.83,30.84,30.49,30.5,666845
2016-03-31 21:30:00,30.5,30.68,30.49,30.54,887581
2016-03-31 22:00:00,30.55,30.74,30.5,30.7,981188
2016-03-31 22:30:00,30.71,30.86,30.71,30.78,1390966
2016-04-01 16:30:00,30.49,30.76,30.39,30.56,399871
2016-04-01 17:00:00,30.57,30.89,30.55,30.85,279438
2016-04-01 17:30:00,30.84,31.06,30.82,31.0,305155
2016-04-01 18:00:00,31.0,31.14,31.0,31.08,318128
2016-04-01 18:30:00,31.08,31.29,31.07,31.2,193990
2016-04-01 19:00:00,31.2,31.27,31.17,31.17,185230
2016-04-01 19:30:00,31.18,31.26,31.13,31.21,167230
2016-04-01 20:00:00,31.2,31.28,31.16,31.24,157130
2016-04-01 20:30:00,31.24,31.26,31.15,31.18,134106
2016-04-01 21:00:00,31.17,31.27,31.1,31.11,193926
2016-04-01 21:30:00,31.12,31.24,31.11,31.21,213413
2016-04-01 22:00:00,31.22,31.38,31.21,31.37,314624
2016-04-01 22:30:00,31.38,31.46,31.37,31.39,846679
2016-04-04 16:30:00,31.34,31.53,31.05,31.49,301677
2016-04-04 17:00:00,31.49,31.54,31.28,31.49,349867
2016-04-04 17:30:00,31.49,31.56,31.27,31.28,269128
2016-04-04 18:00:00,31.27,31.33,31.2,31.27,206950
2016-04-04 18:30:00,31.28,31.31,31.14,31.17,204315
2016-04-04 19:00:00,31.17,31.3,31.17,31.25,176504
2016-04-04 19:30:00,31.25,31.3,31.17,31.28,307987
2016-04-04 20:00:00,31.28,31.31,31.2,31.25,159188
2016-04-04 20:30:00,31.25,31.26,31.17,31.21,316048
2016-04-04 21:00:00,31.2,31.21,31.01,31.13,312005
2016-04-04 21:30:00,31.13,31.23,31.13,31.15,205595
2016-04-04 22:00:00,31.15,31.22,30.98,31.03,645711
2016-04-04 22:30:00,31.02,31.14,30.99,31.11,619045
2016-04-05 16:30:00,30.47,30.56,30.18,30.53,740554
2016-04-05 17:00:00,30.53,30.85,30.52,30.83,366524
2016-04-05 17:30:00,30.83,30.83,30.53,30.53,186397
2016-04-05 18:00:00,30.53,30.79,30.5,30.74,203793
2016-04-05 18:30:00,30.75,30.82,30.71,30.75,169581
2016-04-05 19:00:00,30.76,30.81,30.62,30.68,207929
2016-04-05 19:30:00,30.68,30.73,30.62,30.62,148732
2016-04-05 20:00:00,30.61,30.69,30.56,30.69,192679
2016-04-05 20:30:00,30.69,30.7,30.58,30.68,133078
2016-04-05 21:00:00,30.67,30.8,30.66,30.77,142248
2016-04-05 21:30:00,30.77,30.86,30.77,30.83,175795
2016-04-05 22:00:00,30.83,30.85,30.72,30.73,556891
2016-04-05 22:30:00,30.73,30.78,30.58,30.69,1021639
2016-04-06 16:30:00,30.54,30.93,30.52,30.66,328517
2016-04-06 17:00:00,30.64,30.77,30.61,30.75,188638
2016-04-06 17:30:00,30.75,30.93,30.63,30.93,194828
2016-04-06 18:00:00,30.94,31.02,30.87,30.93,168152
2016-04-06 18:30:00,30.93,31.13,30.92,31.09,169272
2016-04-06 19:00:00,31.1,31.13,30.9,30.92,122929
2016-04-06 19:30:00,30.92,30.96,30.88,30.89,132737
2016-04-06 20:00:00,30.9,31.01,30.88,30.93,101994
2016-04-06 20:30:00,30.93,30.95,30.81,30.81,93554
2016-04-06 21:00:00,30.81,30.86,30.6,30.6,255978
2016-04-06 21:30:00,30.61,30.65,30.49,30.6,226130
2016-04-06 22:00:00,30.6,30.79,30.58,30.72,275501
2016-04-06 22:30:00,30.72,30.79,30.69,30.76,449143
2016-04-07 16:30:00,30.43,30.84,30.37,30.57,351757
2016-04-07 17:00:00,30.57,30.67,30.39,30.44,344344
2016-04-07 17:30:00,30.43,30.46,30.24,30.31,350319
2016-04-07 18:00:00,30.31,30.32,30.12,30.19,261812
2016-04-07 18:30:00,30.2,30.25,30.16,30.16,168072
2016-04-07 19:00:00,30.16,30.19,29.98,30.0,279992
2016-04-07 19:30:00,30.01,30.04,29.89,29.91,673045
2016-04-07 20:00:00,29.9,30.02,29.87,29.95,774649
2016-04-07 20:30:00,29.95,30.02,29.76,29.78,139346
2016-04-07 21:00:00,29.77,29.78,29.5,29.67,269944
2016-04-07 21:30:00,29.65,29.73,29.51,29.52,200656
2016-04-07 22:00:00,29.53,29.67,29.52,29.59,329014
2016-04-07 22:30:00,29.59,29.62,29.5,29.61,1314965
2016-04-08 16:30:00,29.96,30.08,29.7,29.85,421222
2016-04-08 17:00:00,29.84,30.04,29.84,29.99,283985
2016-04-08 17:30:00,29.99,30.08,29.92,29.94,231246
2016-04-08 18:00:00,29.95,30.08,29.79,29.82,179936
2016-04-08 18:30:00,29.82,29.84,29.67,29.78,143121
2016-04-08 19:00:00,29.78,29.83,29.66,29.67,183634
2016-04-08 19:30:00,29.67,29.72,29.63,29.68,97253
2016-04-08 20:00:00,29.68,29.68,29.53,29.56,121720
2016-04-08 20:30:00,29.55,29.72,29.54,29.68,222582
2016-04-08 21:00:00,29.68,29.76,29.63,29.64,212568
2016-04-08 21:30:00,29.66,29.7,29.58,29.63,131817
2016-04-08 22:00:00,29.62,29.63,29.51,29.6,203758
2016-04-08 22:30:00,29.59,29.61,29.52,29.6,582420
2016-04-11 16:30:00,29.88,29.91,29.67,29.82,674650
2016-04-11 17:00:00,29.83,30.18,29.82,30.06,449897
2016-04-11 17:30:00,30.07,30.1,29.81,29.83,157369
2016-04-11 18:00:00,29.83,29.88,29.71,29.76,213184
2016-04-11 18:30:00,29.76,29.81,29.61,29.8,177740
2016-04-11 19:00:00,29.81,29.96,29.79,29.85,149017
2016-04-11 19:30:00,29.85,29.91,29.78,29.9,126024
2016-04-11 20:00:00,29.9,29.91,29.82,29.82,161175
2016-04-11 20:30:00,29.81,29.9,29.76,29.82,174308
2016-04-11 21:00:00,29.82,29.9,29.78,29.85,186010
2016-04-11 21:30:00,29.85,29.91,29.82,29.89,196103
2016-04-11 22:00:00,29.89,29.9,29.69,29.69,354940
2016-04-11 22:30:00,29.7,29.72,29.59,29.63,841710
2016-04-12 16:30:00,29.84,30.11,29.57,29.92,409307
2016-04-12 17:00:00,29.93,29.96,29.5,29.58,364396
2016-04-12 17:30:00,29.59,29.95,29.59,29.93,489561
2016-04-12 18:00:00,29.92,29.97,29.81,29.94,280974
2016-04-12 18:30:00,29.94,29.97,29.89,29.94,278683
2016-04-12 19:00:00,29.94,30.1,29.92,30.07,257030
2016-04-12 19:30:00,30.06,30.13,30.05,30.09,216834
2016-04-12 20:00:00,30.09,30.12,29.99,30.05,164227
2016-04-12 20:30:00,30.06,30.12,30.0,30.09,129298
2016-04-12 21:00:00,30.09,30.18,30.07,30.12,210651
2016-04-12 21:30:00,30.1,30.15,30.08,30.13,340400
2016-04-12 22:00:00,30.12,30.23,30.12,30.18,261500
2016-04-12 22:30:00,30.18,30.18,30.02,30.09,683135
2016-04-13 16:30:00,30.58,30.84,30.52,30.74,403981
2016-04-13 17:00:00,30.75,30.93,30.7,30.89,239920
2016-04-13 17:30:00,30.9,30.93,30.69,30.8,293531
2016-04-13 18:00:00,30.79,30.86,30.74,30.84,398311
2016-04-13 18:30:00,30.85,31.03,30.85,31.0,137804
2016-04-13 19:00:00,31.0,31.01,30.84,30.87,209712
2016-04-13 19:30:00,30.87,31.0,30.87,30.92,92742
2016-04-13 20:00:00,30.93,31.02,30.84,31.01,115822
2016-04-13 20:30:00,31.01,31.09,30.99,31.07,168810
2016-04-13 21:00:00,31.07,31.13,31.02,31.03,138195
2016-04-13 21:30:00,31.02,31.1,31.02,31.08,156902
2016-04-13 22:00:00,31.07,31.17,31.05,31.15,140040
2016-04-13 22:30:00,31.15,31.23,31.13,31.23,548816
2016-04-14 16:30:00,31.19,31.33,30.98,31.01,225760
2016-04-14 17:00:00,31.01,31.27,30.98,31.22,122639
2016-04-14 17:30:00,31.22,31.24,31.04,31.19,180190
2016-04-14 18:00:00,31.18,31.28,31.17,31.23,133108
2016-04-14 18:30:00,31.24,31.42,31.23,31.42,231588
2016-04-14 19:00:00,31.42,31.53,31.39,31.47,151478
2016-04-14 19:30:00,31.46,31.55,31.4,31.53,137554
2016-04-14 20:00:00,31.52,31.56,31.39,31.41,98274
2016-04-14 20:30:00,31.41,31.44,31.27,31.32,145113
2016-04-14 21:00:00,31.31,31.42,31.27,31.35,98374
2016-04-14 21:30:00,31.35,31.41,31.29,31.37,120870
2016-04-14 22:00:00,31.37,31.4,31.33,31.36,84875
2016-04-14 22:30:00,31.35,31.37,31.28,31.31,320985
2016-04-15 16:30:00,31.29,31.37,31.18,31.25,336923
2016-04-15 17:00:00,31.25,31.29,31.1,31.24,197530
2016-04-15 17:30:00,31.24,31.36,31.22,31.23,123957
2016-04-15 18:00:00,31.23,31.38,31.22,31.34,118295
2016-04-15 18:30:00,31.33,31.37,31.3,31.33,95226
2016-04-15 19:00:00,31.33,31.34,31.27,31.32,59815
2016-04-15 19:30:00,31.32,31.32,31.22,31.25,73900
2016-04-15 20:00:00,31.25,31.28,31.15,31.18,73442
2016-04-15 20:30:00,31.19,31.19,31.07,31.08,105376
2016-04-15 21:00:00,31.09,31.17,31.08,31.17,88614
2016-04-15 21:30:00,31.17,31.27,31.17,31.27,98901
2016-04-15 22:00:00,31.28,31.3,31.23,31.28,179823
2016-04-15 22:30:00,31.28,31.31,31.22,31.25,425817
2016-04-18 16:30:00,31.07,31.34,30.99,31.27,131110
2016-04-18 17:00:00,31.27,31.43,31.27,31.4,132607
2016-04-18 17:30:00,31.4,31.47,31.25,31.28,309157
2016-04-18 18:00:00,31.28,31.58,31.27,31.55,237426
2016-04-18 18:30:00,31.55,31.67,31.51,31.58,280867
2016-04-18 19:00:00,31.58,31.6,31.45,31.5,160868
2016-04-18 19:30:00,31.49,31.54,31.43,31.45,101984
2016-04-18 20:00:00,31.45,31.49,31.44,31.47,173971
2016-04-18 20:30:00,31.46,31.51,31.44,31.5,124210
2016-04-18 21:00:00,31.51,31.55,31.45,31.54,128589
2016-04-18 21:30:00,31.54,31.62,31.53,31.56,104778
2016-04-18 22:00:00,31.56,31.57,31.47,31.5,158829
2016-04-18 22:30:00,31.5,31.57,31.48,31.54,434655
2016-04-19 16:30:00,31.71,31.9,31.65,31.88,150619
2016-04-19 17:00:00,31.88,31.99,31.83,31.86,162709
2016-04-19 17:30:00,31.87,31.97,31.81,31.95,72828
2016-04-19 18:00:00,31.94,31.97,31.84,31.88,123125
2016-04-19 18:30:00,31.87,31.89,31.7,31.72,66832
2016-04-19 19:00:00,31.73,31.75,31.57,31.69,54186
2016-04-19 19:30:00,31.69,31.7,31.55,31.63,46309
2016-04-19 20:00:00,31.63,31.7,31.61,31.66,59187
2016-04-19 20:30:00,31.66,31.73,31.61,31.69,60791
2016-04-19 21:00:00,31.7,31.78,31.69,31.72,127362
2016-04-19 21:30:00,31.72,31.74,31.66,31.67,154001
2016-04-19 22:00:00,31.67,31.8,31.65,31.75,248569
2016-04-19 22:30:00,31.76,31.81,31.71,31.78,367682
2016-04-20 16:30:00,31.92,31.99,31.78,31.8,178960
2016-04-20 17:00:00,31.8,31.94,31.78,31.9,179192
2016-04-20 17:30:00,31.9,32.0,31.77,31.96,188296
2016-04-20 18:00:00,31.97,32.03,31.92,32.0,149248
2016-04-20 18:30:00,32.01,32.06,31.98,32.04,105919
2016-04-20 19:00:00,32.04,32.06,32.0,32.03,120341
2016-04-20 19:30:00,32.02,32.18,32.01,32.16,98571
2016-04-20 20:00:00,32.17,32.3,32.16,32.29,161175
2016-04-20 20:30:00,32.29,32.36,32.25,32.25,302507
2016-04-20 21:00:00,32.25,32.34,32.23,32.32,183442
2016-04-20 21:30:00,32.32,32.42,32.31,32.4,106411
2016-04-20 22:00:00,32.4,32.5,32.4,32.48,368563
2016-04-20 22:30:00,32.47,32.47,32.34,32.38,359635
2016-04-21 16:30:00,32.35,32.58,32.11,32.19,328809
2016-04-21 17:00:00,32.18,32.29,32.04,32.24,113053
2016-04-21 17:30:00,32.25,32.32,32.17,32.27,94028
2016-04-21 18:00:00,32.27,32.35,32.21,32.33,100220
2016-04-21 18:30:00,32.33,32.34,32.26,32.31,133844
2016-04-21 19:00:00,32.32,32.37,32.26,32.3,142028
2016-04-21 19:30:00,32.3,32.36,32.27,32.28,96150
2016-04-21 20:00:00,32.28,32.31,32.24,32.26,93345
2016-04-21 20:30:00,32.25,32.3,32.21,32.24,297991
2016-04-21 21:00:00,32.24,32.31,32.22,32.27,148792
2016-04-21 21:30:00,32.26,32.28,32.18,32.27,211437
2016-04-21 22:00:00,32.28,32.32,32.15,32.16,236189
2016-04-21 22:30:00,32.16,32.33,32.16,32.29,713912
2016-04-22 16:30:00,32.4,32.7,32.14,32.65,170256
2016-04-22 17:00:00,32.65,32.66,32.39,32.42,294526
2016-04-22 17:30:00,32.43,32.48,32.29,32.31,167110
2016-04-22 18:00:00,32.32,32.43,32.31,32.36,147503
2016-04-22 18:30:00,32.36,32.44,32.28,32.35,184593
2016-04-22 19:00:00,32.36,32.36,32.25,32.3,101401
2016-04-22 19:30:00,32.3,32.34,32.29,32.31,72163
2016-04-22 20:00:00,32.31,32.36,32.27,32.32,121130
2016-04-22 20:30:00,32.32,32.47,32.32,32.43,70289
2016-04-22 21:00:00,32.42,32.49,32.38,32.46,92060
2016-04-22 21:30:00,32.46,32.46,32.38,32.4,76229
2016-04-22 22:00:00,32.4,32.41,32.28,32.32,160072
2016-04-22 22:30:00,32.31,32.36,32.3,32.36,371002
2016-04-25 16:30:00,32.17,32.34,32.06,32.18,184798
2016-04-25 17:00:00,32.17,32.18,31.87,31.9,143483
2016-04-25 17:30:00,31.89,32.0,31.88,31.89,131197
2016-04-25 18:00:00,31.89,31.98,31.77,31.93,156104
2016-04-25 18:30:00,31.93,31.93,31.77,31.8,176727
2016-04-25 19:00:00,31.79,31.81,31.74,31.8,89283
2016-04-25 19:30:00,31.8,31.82,31.69,31.81,160445
2016-04-25 20:00:00,31.82,31.83,31.76,31.76,135661
2016-04-25 20:30:00,31.77,31.79,31.71,31.78,118747
2016-04-25 21:00:00,31.78,31.82,31.68,31.73,181235
2016-04-25 21:30:00,31.73,31.79,31.72,31.77,222887
2016-04-25 22:00:00,31.78,31.82,31.76,31.77,169561
2016-04-25 22:30:00,31.78,31.84,31.76,31.82,672306
2016-04-26 16:30:00,32.04,32.34,31.82,32.3,187180
2016-04-26 17:00:00,32.3,32.38,32.24,32.27,201302
2016-04-26 17:30:00,32.27,32.27,32.11,32.13,243802
2016-04-26 18:00:00,32.14,32.36,32.11,32.35,167741
2016-04-26 18:30:00,32.35,32.45,32.32,32.38,137475
2016-04-26 19:00:00,32.38,32.39,32.29,32.32,86606
2016-04-26 19:30:00,32.32,32.33,32.25,32.27,58660
2016-04-26 20:00:00,32.28,32.33,32.24,32.33,69431
2016-04-26 20:30:00,32.33,32.42,32.31,32.39,120688
2016-04-26 21:00:00,32.39,32.42,32.32,32.35,161469
2016-04-26 21:30:00,32.36,32.44,32.35,32.39,167858
2016-04-26 22:00:00,32.4,32.45,32.38,32.42,203122
2016-04-26 22:30:00,32.42,32.46,32.37,32.43,402603
2016-04-27 16:30:00,32.31,32.72,32.23,32.72,233080
2016-04-27 17:00:00,32.73,32.81,32.63,32.67,194996
2016-04-27 17:30:00,32.66,32.74,32.39,32.46,312409
2016-04-27 18:00:00,32.46,32.58,32.45,32.54,198838
2016-04-27 18:30:00,32.54,32.69,32.51,32.56,152909
2016-04-27 19:00:00,32.57,32.67,32.54,32.65,156538
2016-04-27 19:30:00,32.64,32.71,32.54,32.58,98292
2016-04-27 20:00:00,32.58,32.64,32.55,32.61,87184
2016-04-27 20:30:00,32.61,32.68,32.59,32.59,201679
2016-04-27 21:00:00,32.6,32.8,32.57,32.64,220543
2016-04-27 21:30:00,32.64,32.72,32.57,32.68,157923
2016-04-27 22:00:00,32.67,32.86,32.66,32.78,296042
2016-04-27 22:30:00,32.79,32.82,32.73,32.74,653961
2016-04-28 16:30:00,31.91,32.12,31.58,31.78,799836
2016-04-28 17:00:00,31.78,31.89,31.68,31.72,379784
2016-04-28 17:30:00,31.73,31.99,31.69,31.85,447578
2016-04-28 18:00:00,31.86,31.88,31.69,31.79,231436
2016-04-28 18:30:00,31.79,32.01,31.72,31.79,340291
2016-04-28 19:00:00,31.79,31.97,31.76,31.91,369598
2016-04-28 19:30:00,31.92,31.93,31.83,31.86,292321
2016-04-28 20:00:00,31.85,31.87,31.69,31.71,153330
2016-04-28 20:30:00,31.71,31.73,31.62,31.7,145573
2016-04-28 21:00:00,31.7,31.82,31.62,31.79,229787
2016-04-28 21:30:00,31.78,31.81,31.64,31.68,186607
2016-04-28 22:00:00,31.67,31.68,31.32,31.33,314801
2016-04-28 22:30:00,31.34,31.52,31.33,31.5,908393
2016-04-29 16:30:00,31.16,31.35,30.64,30.69,376612
2016-04-29 17:00:00,30.68,30.92,30.59,30.8,309543
2016-04-29 17:30:00,30.79,30.95,30.75,30.84,157016
2016-04-29 18:00:00,30.83,30.88,30.66,30.67,156132
2016-04-29 18:30:00,30.67,30.69,30.5,30.63,123296
2016-04-29 19:00:00,30.63,30.65,30.51,30.62,150321
2016-04-29 19:30:00,30.62,30.71,30.6,30.66,103066
2016-04-29 20:00:00,30.67,30.91,30.65,30.88,209345
2016-04-29 20:30:00,30.88,30.89,30.78,30.83,239699
2016-04-29 21:00:00,30.83,30.93,30.77,30.91,279523
2016-04-29 21:30:00,30.91,30.92,30.78,30.86,225519
2016-04-29 22:00:00,30.86,31.02,30.85,30.93,263470
2016-04-29 22:30:00,30.93,31.16,30.93,31.02,696503
2016-05-02 16:30:00,30.83,31.1,30.68,30.77,248003
2016-05-02 17:00:00,30.75,31.14,30.72,30.99,270165
2016-05-02 17:30:00,30.98,31.18,30.95,31.18,170628
2016-05-02 18:00:00,31.18,31.36,31.12,31.32,265840
2016-05-02 18:30:00,31.31,31.43,31.28,31.35,184413
2016-05-02 19:00:00,31.33,31.36,31.23,31.23,151820
2016-05-02 19:30:00,31.24,31.34,31.21,31.23,142228
2016-05-02 20:00:00,31.22,31.31,31.21,31.24,179445
2016-05-02 20:30:00,31.25,31.27,31.17,31.18,168682
2016-05-02 21:00:00,31.2,31.25,31.14,31.18,157111
2016-05-02 21:30:00,31.18,31.2,31.08,31.11,203807
2016-05-02 22:00:00,31.12,31.2,31.09,31.15,301505
2016-05-02 22:30:00,31.15,31.16,31.05,31.06,1010799
2016-05-03 16:30:00,30.61,30.61,29.94,30.05,609686
2016-05-03 17:00:00,30.06,30.09,29.9,30.06,313962
2016-05-03 17:30:00,30.07,30.09,29.79,29.8,396289
2016-05-03 18:00:00,29.82,29.87,29.64,29.66,295745
2016-05-03 18:30:00,29.66,30.0,29.63,29.97,267693
2016-05-03 19:00:00,29.98,30.05,29.9,30.05,370148
2016-05-03 19:30:00,30.05,30.17,30.04,30.13,259554
2016-05-03 20:00:00,30.13,30.22,30.13,30.19,183595
2016-05-03 20:30:00,30.19,30.26,30.13,30.14,502230
2016-05-03 21:00:00,30.14,30.22,30.1,30.2,251725
2016-05-03 21:30:00,30.2,30.27,30.16,30.21,163663
2016-05-03 22:00:00,30.21,30.25,30.11,30.15,263261
2016-05-03 22:30:00,30.15,30.22,30.06,30.14,945792
2016-05-04 16:30:00,29.81,30.03,29.64,29.9,322129
2016-05-04 17:00:00,29.91,30.04,29.8,29.87,244701
2016-05-04 17:30:00,29.86,29.88,29.59,29.67,228912
2016-05-04 18:00:00,29.67,29.78,29.53,29.59,403615
2016-05-04 18:30:00,29.59,29.69,29.49,29.53,131239
2016-05-04 19:00:00,29.54,29.66,29.51,29.61,92409
2016-05-04 19:30:00,29.61,29.65,29.52,29.54,104767
2016-05-04 20:00:00,29.55,29.64,29.52,29.61,150928
2016-05-04 20:30:00,29.61,29.66,29.56,29.59,102155
2016-05-04 21:00:00,29.59,29.68,29.53,29.68,102363
2016-05-04 21:30:00,29.68,29.72,29.65,29.68,102919
2016-05-04 22:00:00,29.67,29.72,29.64,29.69,137104
2016-05-04 22:30:00,29.69,29.8,29.68,29.74,308762
2016-05-05 16:30:00,29.81,29.92,29.44,29.92,234247
2016-05-05 17:00:00,29.91,29.99,29.67,29.68,129308
2016-05-05 17:30:00,29.69,29.85,29.69,29.79,165622
2016-05-05 18:00:00,29.82,29.92,29.63,29.68,111195
2016-05-05 18:30:00,29.68,29.81,29.61,29.62,170879
2016-05-05 19:00:00,29.62,29.66,29.55,29.57,98859
2016-05-05 19:30:00,29.57,29.65,29.51,29.6,111632
2016-05-05 20:00:00,29.6,29.6,29.47,29.47,84763
2016-05-05 20:30:00,29.47,29.54,29.46,29.5,102653
2016-05-05 21:00:00,29.49,29.54,29.45,29.45,169520
2016-05-05 21:30:00,29.46,29.5,29.38,29.38,331402
2016-05-05 22:00:00,29.39,29.49,29.36,29.47,403522
2016-05-05 22:30:00,29.48,29.53,29.36,29.47,964558
2016-05-06 16:30:00,29.28,29.52,29.08,29.34,289414
2016-05-06 17:00:00,29.34,29.55,29.33,29.46,227555
2016-05-06 17:30:00,29.44,29.45,29.22,29.31,375258
2016-05-06 18:00:00,29.31,29.44,29.29,29.42,202072
2016-05-06 18:30:00,29.43,29.44,29.31,29.36,126074
2016-05-06 19:00:00,29.35,29.45,29.34,29.4,139536
2016-05-06 19:30:00,29.4,29.49,29.39,29.49,98316
2016-05-06 20:00:00,29.48,29.51,29.42,29.43,247057
2016-05-06 20:30:00,29.43,29.56,29.43,29.56,94542
2016-05-06 21:00:00,29.56,29.65,29.56,29.59,141755
2016-05-06 21:30:00,29.6,29.7,29.57,29.63,117108
2016-05-06 22:00:00,29.62,29.68,29.59,29.65,151129
2016-05-06 22:30:00,29.65,29.67,29.57,29.66,375371
2016-05-09 16:30:00,29.65,29.79,29.51,29.68,252919
2016-05-09 17:00:00,29.68,29.73,29.51,29.57,150190
2016-05-09 17:30:00,29.55,29.65,29.53,29.6,197411
2016-05-09 18:00:00,29.59,29.69,29.51,29.64,185495
2016-05-09 18:30:00,29.64,29.66,29.49,29.52,168017
2016-05-09 19:00:00,29.51,29.55,29.43,29.52,114843
2016-05-09 19:30:00,29.53,29.59,29.48,29.59,107348
2016-05-09 20:00:00,29.59,29.66,29.57,29.61,94112
2016-05-09 20:30:00,29.61,29.66,29.55,29.59,98862
2016-05-09 21:00:00,29.59,29.62,29.49,29.57,140816
2016-05-09 21:30:00,29.58,29.62,29.54,29.62,91046
2016-05-09 22:00:00,29.62,29.62,29.54,29.55,121024
2016-05-09 22:30:00,29.56,29.59,29.51,29.53,314250
2016-05-10 16:30:00,29.73,29.95,29.68,29.93,171782
2016-05-10 17:00:00,29.92,29.94,29.79,29.85,137013
2016-05-10 17:30:00,29.86,29.98,29.86,29.88,121468
2016-05-10 18:00:00,29.88,29.92,29.81,29.88,122752
2016-05-10 18:30:00,29.87,29.94,29.87,29.94,166601
2016-05-10 19:00:00,29.94,30.06,29.94,30.0,155102
2016-05-10 19:30:00,29.99,30.01,29.94,29.96,127727
2016-05-10 20:00:00,29.96,30.0,29.91,29.95,142967
2016-05-10 20:30:00,29.95,29.97,29.89,29.89,115632
2016-05-10 21:00:00,29.89,29.98,29.89,29.96,148204
2016-05-10 21:30:00,29.96,29.99,29.93,29.95,153555
2016-05-10 22:00:00,29.95,30.02,29.94,29.98,366713
2016-05-10 22:30:00,29.97,30.01,29.94,29.98,414442
2016-05-11 16:30:00,29.45,29.65,29.34,29.4,467526
2016-05-11 17:00:00,29.39,29.41,29.23,29.28,252328
2016-05-11 17:30:00,29.29,29.47,29.29,29.32,274597
2016-05-11 18:00:00,29.33,29.4,29.18,29.31,242906
2016-05-11 18:30:00,29.31,29.43,29.31,29.43,177627
2016-05-11 19:00:00,29.42,29.47,29.39,29.39,165121
2016-05-11 19:30:00,29.39,29.47,29.33,29.37,142841
2016-05-11 20:00:00,29.37,29.39,29.32,29.34,145555
2016-05-11 20:30:00,29.35,29.38,29.29,29.29,155586
2016-05-11 21:00:00,29.29,29.3,29.14,29.19,277448
2016-05-11 21:30:00,29.19,29.22,29.09,29.11,197883
2016-05-11 22:00:00,29.12,29.19,29.07,29.13,253909
2016-05-11 22:30:00,29.13,29.16,29.02,29.05,478981
2016-05-12 16:30:00,29.33,29.56,29.19,29.19,275271
2016-05-12 17:00:00,29.19,29.31,29.13,29.19,159451
2016-05-12 17:30:00,29.19,29.19,29.06,29.1,188195
2016-05-12 18:00:00,29.09,29.1,28.93,28.97,232017
2016-05-12 18:30:00,28.96,29.08,28.9,28.91,132115
2016-05-12 19:00:00,28.91,29.0,28.89,28.99,88856
2016-05-12 19:30:00,28.98,29.06,28.92,29.06,79759
2016-05-12 20:00:00,29.06,29.07,28.9,28.97,149091
2016-05-12 20:30:00,28.96,29.01,28.89,29.01,112691
2016-05-12 21:00:00,29.01,29.12,28.99,29.09,195024
2016-05-12 21:30:00,29.08,29.18,29.04,29.14,147645
2016-05-12 22:00:00,29.14,29.19,29.12,29.15,207503
2016-05-12 22:30:00,29.15,29.17,29.03,29.07,426949
2016-05-13 16:30:00,28.97,29.41,28.87,29.27,367710
2016-05-13 17:00:00,29.27,29.31,29.06,29.06,153859
2016-05-13 17:30:00,29.07,29.08,28.97,29.04,215372
2016-05-13 18:00:00,29.04,29.15,28.98,29.07,287935
2016-05-13 18:30:00,29.07,29.08,28.94,28.96,124236
2016-05-13 19:00:00,28.96,28.99,28.91,28.92,94946
2016-05-13 19:30:00,28.93,28.96,28.76,28.76,116801
2016-05-13 20:00:00,28.76,28.77,28.61,28.61,174089
2016-05-13 20:30:00,28.6,28.61,28.42,28.46,205349
2016-05-13 21:00:00,28.45,28.51,28.37,28.44,222587
2016-05-13 21:30:00,28.43,28.45,28.35,28.41,154912
2016-05-13 22:00:00,28.4,28.48,28.38,28.42,283224
2016-05-13 22:30:00,28.43,28.46,28.37,28.39,566706
2016-05-16 16:30:00,28.44,28.69,28.33,28.34,225916
2016-05-16 17:00:00,28.36,28.67,28.35,28.62,182121
2016-05-16 17:30:00,28.63,28.64,28.51,28.58,238283
2016-05-16 18:00:00,28.57,28.64,28.47,28.52,205903
2016-05-16 18:30:00,28.53,28.53,28.46,28.5,593264
2016-05-16 19:00:00,28.5,28.52,28.44,28.45,421694
2016-05-16 19:30:00,28.45,28.49,28.41,28.45,152696
2016-05-16 20:00:00,28.45,28.47,28.37,28.38,294031
2016-05-16 20:30:00,28.38,28.39,28.27,28.28,403981
2016-05-16 21:00:00,28.28,28.57,28.27,28.56,527259
2016-05-16 21:30:00,28.55,28.65,28.54,28.59,430752
2016-05-16 22:00:00,28.58,28.64,28.57,28.59,296703
2016-05-16 22:30:00,28.58,28.6,28.44,28.45,666909
2016-05-17 16:30:00,28.35,28.5,28.08,28.46,926092
2016-05-17 17:00:00,28.44,28.53,28.23,28.49,454747
2016-05-17 17:30:00,28.48,28.75,28.42,28.7,284076
2016-05-17 18:00:00,28.7,28.77,28.61,28.7,269466
2016-05-17 18:30:00,28.71,28.81,28.69,28.75,130185
2016-05-17 19:00:00,28.75,28.75,28.53,28.54,138610
2016-05-17 19:30:00,28.54,28.63,28.5,28.6,128682
2016-05-17 20:00:00,28.59,28.64,28.5,28.61,214034
2016-05-17 20:30:00,28.62,28.76,28.56,28.56,493629
2016-05-17 21:00:00,28.57,28.59,28.36,28.4,228082
2016-05-17 21:30:00,28.4,28.44,28.35,28.44,269259
2016-05-17 22:00:00,28.43,28.5,28.3,28.34,424656
2016-05-17 22:30:00,28.34,28.42,28.33,28.4,778110
2016-05-18 16:30:00,28.41,28.76,28.35,28.71,621464
2016-05-18 17:00:00,28.72,28.89,28.64,28.83,407779
2016-05-18 17:30:00,28.84,28.84,28.63,28.65,312074
2016-05-18 18:00:00,28.65,28.75,28.64,28.75,197280
2016-05-18 18:30:00,28.75,28.84,28.71,28.75,288786
2016-05-18 19:00:00,28.74,28.8,28.71,28.75,136863
2016-05-18 19:30:00,28.75,28.92,28.75,28.92,136699
2016-05-18 20:00:00,28.93,28.97,28.83,28.85,253513
2016-05-18 20:30:00,28.85,28.88,28.78,28.78,302629
2016-05-18 21:00:00,28.78,28.81,28.49,28.52,545668
2016-05-18 21:30:00,28.51,28.83,28.47,28.82,297887
2016-05-18 22:00:00,28.83,28.91,28.78,28.81,544445
2016-05-18 22:30:00,28.8,29.0,28.79,28.99,862044
2016-05-19 16:30:00,28.67,29.0,28.46,28.46,369364
2016-05-19 17:00:00,28.47,28.62,28.38,28.49,300649
2016-05-19 17:30:00,28.49,28.67,28.49,28.51,456874
2016-05-19 18:00:00,28.52,28.62,28.49,28.59,437858
2016-05-19 18:30:00,28.58,28.61,28.49,28.58,264097
2016-05-19 19:00:00,28.58,28.67,28.57,28.58,185338
2016-05-19 19:30:00,28.58,28.63,28.47,28.49,252448
2016-05-19 20:00:00,28.49,28.59,28.48,28.57,167035
2016-05-19 20:30:00,28.57,28.72,28.56,28.67,198416
2016-05-19 21:00:00,28.68,28.8,28.65,28.79,193254
2016-05-19 21:30:00,28.78,28.79,28.63,28.65,257518
2016-05-19 22:00:00,28.65,28.81,28.64,28.74,219227
2016-05-19 22:30:00,28.75,28.83,28.71,28.79,623184
2016-05-20 16:30:00,29.04,29.49,28.96,29.45,610089
2016-05-20 17:00:00,29.46,29.62,29.44,29.48,499083
2016-05-20 17:30:00,29.47,29.59,29.44,29.52,461039
2016-05-20 18:00:00,29.51,29.6,29.45,29.47,282201
2016-05-20 18:30:00,29.48,29.51,29.42,29.43,221135
2016-05-20 19:00:00,29.43,29.5,29.41,29.46,190981
2016-05-20 19:30:00,29.45,29.47,29.38,29.41,249969
2016-05-20 20:00:00,29.41,29.45,29.34,29.37,198549
2016-05-20 20:30:00,29.37,29.38,29.28,29.37,181075
2016-05-20 21:00:00,29.38,29.46,29.32,29.46,223896
2016-05-20 21:30:00,29.45,29.49,29.41,29.42,246149
2016-05-20 22:00:00,29.42,29.45,29.34,29.44,471532
2016-05-20 22:30:00,29.44,29.55,29.4,29.54,952378
2016-05-23 16:30:00,29.42,29.69,29.42,29.64,416340
2016-05-23 17:00:00,29.64,29.81,29.63,29.8,295970
2016-05-23 17:30:00,29.8,29.81,29.69,29.74,219849
2016-05-23 18:00:00,29.73,29.77,29.63,29.68,207686
2016-05-23 18:30:00,29.68,29.68,29.57,29.6,203127
2016-05-23 19:00:00,29.6,29.65,29.58,29.63,140492
2016-05-23 19:30:00,29.62,29.77,29.61,29.75,156407
2016-05-23 20:00:00,29.76,29.82,29.75,29.81,161078
2016-05-23 20:30:00,29.81,29.88,29.79,29.87,260608
2016-05-23 21:00:00,29.87,29.89,29.83,29.88,418144
2016-05-23 21:30:00,29.88,29.97,29.87,29.91,258301
2016-05-23 22:00:00,29.92,29.94,29.87,29.92,349944
2016-05-23 22:30:00,29.92,29.94,29.86,29.87,744026
2016-05-24 16:30:00,30.07,30.37,30.03,30.33,368896
2016-05-24 17:00:00,30.35,30.52,30.23,30.45,361229
2016-05-24 17:30:00,30.45,30.62,30.4,30.57,423783
2016-05-24 18:00:00,30.58,30.66,30.56,30.62,255153
2016-05-24 18:30:00,30.62,30.68,30.53,30.65,273296
2016-05-24 19:00:00,30.65,30.73,30.64,30.68,272042
2016-05-24 19:30:00,30.69,30.79,30.67,30.77,260454
2016-05-24 20:00:00,30.76,30.83,30.67,30.67,343896
2016-05-24 20:30:00,30.68,30.69,30.58,30.64,202552
2016-05-24 21:00:00,30.65,30.69,30.61,30.65,233448
2016-05-24 21:30:00,30.65,30.79,30.64,30.75,318412
2016-05-24 22:00:00,30.75,30.86,30.73,30.79,369467
2016-05-24 22:30:00,30.8,30.83,30.73,30.74,825357
2016-05-25 16:30:00,30.98,31.29,30.89,31.18,436372
2016-05-25 17:00:00,31.18,31.39,31.09,31.34,374033
2016-05-25 17:30:00,31.33,31.41,31.26,31.28,423235
2016-05-25 18:00:00,31.28,31.32,31.19,31.19,208858
2016-05-25 18:30:00,31.18,31.26,31.13,31.22,183901
2016-05-25 19:00:00,31.22,31.25,31.18,31.19,152715
2016-05-25 19:30:00,31.19,31.31,31.18,31.3,185785
2016-05-25 20:00:00,31.3,31.4,31.29,31.36,331701
2016-05-25 20:30:00,31.36,31.4,31.32,31.36,233985
2016-05-25 21:00:00,31.36,31.37,31.3,31.35,161109
2016-05-25 21:30:00,31.34,31.43,31.3,31.32,290205
2016-05-25 22:00:00,31.32,31.4,31.28,31.39,377949
2016-05-25 22:30:00,31.39,31.41,31.34,31.36,815927
2016-05-26 16:30:00,31.34,31.38,31.11,31.14,302901
2016-05-26 17:00:00,31.14,31.4,31.14,31.3,280872
2016-05-26 17:30:00,31.3,31.37,31.24,31.25,230396
2016-05-26 18:00:00,31.24,31.34,31.23,31.29,219067
2016-05-26 18:30:00,31.29,31.31,31.22,31.25,131435
2016-05-26 19:00:00,31.24,31.32,31.23,31.27,97219
2016-05-26 19:30:00,31.26,31.3,31.22,31.25,98552
2016-05-26 20:00:00,31.23,31.29,31.22,31.28,94180
2016-05-26 20:30:00,31.28,31.3,31.2,31.26,107252
2016-05-26 21:00:00,31.26,31.31,31.21,31.21,153337
2016-05-26 21:30:00,31.21,31.22,31.08,31.08,310789
2016-05-26 22:00:00,31.09,31.14,31.07,31.13,275840
2016-05-26 22:30:00,31.12,31.15,31.09,31.11,569419
2016-05-27 16:30:00,31.17,31.34,31.0,31.25,170897
2016-05-27 17:00:00,31.25,31.52,31.24,31.45,206268
2016-05-27 17:30:00,31.45,31.51,31.38,31.43,208516
2016-05-27 18:00:00,31.43,31.49,31.36,31.39,187907
2016-05-27 18:30:00,31.38,31.46,31.38,31.42,206259
2016-05-27 19:00:00,31.42,31.48,31.41,31.45,102786
2016-05-27 19:30:00,31.45,31.49,31.42,31.46,118351
2016-05-27 20:00:00,31.44,31.5,31.43,31.44,118263
2016-05-27 20:30:00,31.44,31.56,31.44,31.52,134890
2016-05-27 21:00:00,31.52,31.56,31.48,31.52,144988
2016-05-27 21:30:00,31.52,31.53,31.45,31.45,127495
2016-05-27 22:00:00,31.45,31.49,31.42,31.43,169119
2016-05-27 22:30:00,31.43,31.47,31.43,31.46,330485
2016-05-31 16:30:00,31.56,31.66,31.44,31.58,191051
2016-05-31 17:00:00,31.58,31.67,31.52,31.6,159094
2016-05-31 17:30:00,31.61,31.62,31.47,31.5,159064
2016-05-31 18:00:00,31.49,31.56,31.4,31.51,183120
2016-05-31 18:30:00,31.51,31.51,31.39,31.41,199355
2016-05-31 19:00:00,31.41,31.45,31.33,31.42,162454
2016-05-31 19:30:00,31.42,31.47,31.39,31.42,75924
2016-05-31 20:00:00,31.42,31.45,31.33,31.41,105037
2016-05-31 20:30:00,31.42,31.46,31.36,31.4,104466
2016-05-31 21:00:00,31.39,31.4,31.21,31.28,302162
2016-05-31 21:30:00,31.28,31.31,31.19,31.19,129040
2016-05-31 22:00:00,31.2,31.36,31.2,31.36,199216
2016-05-31 22:30:00,31.36,31.49,31.35,31.41,543418
2016-06-01 16:30:00,31.06,31.06,30.65,30.75,469213
2016-06-01 17:00:00,30.76,31.01,30.75,30.92,250994
2016-06-01 17:30:00,30.92,31.03,30.88,30.99,130041
2016-06-01 18:00:00,30.99,31.2,30.99,31.08,201304
2016-06-01 18:30:00,31.08,31.16,31.03,31.1,127331
2016-06-01 19:00:00,31.09,31.2,31.09,31.18,73500
2016-06-01 19:30:00,31.18,31.22,31.16,31.22,77333
2016-06-01 20:00:00,31.23,31.25,31.18,31.2,81549
2016-06-01 20:30:00,31.21,31.25,31.17,31.25,110460
2016-06-01 21:00:00,31.25,31.33,31.19,31.33,125368
2016-06-01 21:30:00,31.32,31.36,31.27,31.36,139754
2016-06-01 22:00:00,31.35,31.4,31.33,31.35,162635
2016-06-01 22:30:00,31.35,31.36,31.29,31.31,273740
2016-06-02 16:30:00,31.0,31.0,30.56,30.7,371596
2016-06-02 17:00:00,30.7,30.82,30.66,30.68,182104
2016-06-02 17:30:00,30.68,30.77,30.66,30.76,186066
2016-06-02 18:00:00,30.77,30.86,30.7,30.71,179644
2016-06-02 18:30:00,30.72,30.76,30.62,30.65,197476
2016-06-02 19:00:00,30.65,30.7,30.63,30.66,115314
2016-06-02 19:30:00,30.66,30.73,30.61,30.71,105821
2016-06-02 20:00:00,30.71,30.76,30.7,30.76,75001
2016-06-02 20:30:00,30.75,30.79,30.71,30.77,101154
2016-06-02 21:00:00,30.77,30.82,30.75,30.77,191552
2016-06-02 21:30:00,30.77,30.81,30.74,30.75,170271
2016-06-02 22:00:00,30.75,30.79,30.69,30.75,172784
2016-06-02 22:30:00,30.74,30.83,30.74,30.83,422855
2016-06-03 16:30:00,30.4,30.41,30.13,30.33,414584
2016-06-03 17:00:00,30.32,30.33,30.01,30.12,463984
2016-06-03 17:30:00,30.12,30.23,30.08,30.13,227600
2016-06-03 18:00:00,30.14,30.2,30.07,30.2,300965
2016-06-03 18:30:00,30.2,30.46,30.19,30.44,201673
2016-06-03 19:00:00,30.44,30.55,30.41,30.54,188750
2016-06-03 19:30:00,30.54,30.55,30.42,30.49,113510
2016-06-03 20:00:00,30.49,30.49,30.41,30.43,175231
2016-06-03 20:30:00,30.42,30.44,30.36,30.41,432825
2016-06-03 21:00:00,30.42,30.42,30.36,30.41,286465
2016-06-03 21:30:00,30.41,30.53,30.4,30.47,768797
2016-06-03 22:00:00,30.47,30.51,30.44,30.51,299388
2016-06-03 22:30:00,30.51,30.52,30.4,30.42,968205
2016-06-06 16:30:00,30.49,30.65,30.36,30.56,1090569
2016-06-06 17:00:00,30.58,30.87,30.58,30.81,706304
2016-06-06 17:30:00,30.82,30.84,30.7,30.78,485248
2016-06-06 18:00:00,30.78,30.8,30.71,30.79,366707
2016-06-06 18:30:00,30.79,30.86,30.75,30.79,379070
2016-06-06 19:00:00,30.78,30.8,30.64,30.67,345998
2016-06-06 19:30:00,30.67,30.74,30.52,30.59,436850
2016-06-06 20:00:00,30.58,30.69,30.54,30.65,295195
2016-06-06 20:30:00,30.65,30.74,30.6,30.72,506652
2016-06-06 21:00:00,30.72,30.84,30.71,30.8,425274
2016-06-06 21:30:00,30.81,30.82,30.71,30.75,242478
2016-06-06 22:00:00,30.75,30.78,30.64,30.67,339326
2016-06-06 22:30:00,30.68,30.72,30.61,30.61,590395
2016-06-07 16:30:00,30.65,30.7,30.09,30.12,475712
2016-06-07 17:00:00,30.12,30.33,30.1,30.26,344769
2016-06-07 17:30:00,30.25,30.34,30.03,30.04,527732
2016-06-07 18:00:00,30.04,30.27,30.04,30.24,316316
2016-06-07 18:30:00,30.23,30.3,30.06,30.07,541519
2016-06-07 19:00:00,30.08,30.18,30.08,30.14,216897
2016-06-07 19:30:00,30.14,30.15,30.07,30.1,183883
2016-06-07 20:00:00,30.1,30.1,29.98,30.05,375667
2016-06-07 20:30:00,30.05,30.12,30.04,30.09,289176
2016-06-07 21:00:00,30.08,30.13,30.08,30.09,333512
2016-06-07 21:30:00,30.09,30.11,30.04,30.04,160719
2016-06-07 22:00:00,30.04,30.05,29.98,30.0,319253
2016-06-07 22:30:00,30.0,30.01,29.84,29.84,762271
2016-06-08 16:30:00,29.84,30.13,29.79,30.01,737826
2016-06-08 17:00:00,30.01,30.04,29.83,29.97,367046
2016-06-08 17:30:00,29.97,30.0,29.87,29.89,240770
2016-06-08 18:00:00,29.88,29.88,29.71,29.71,338415
2016-06-08 18:30:00,29.72,29.75,29.6,29.7,714381
2016-06-08 19:00:00,29.7,29.78,29.64,29.67,460725
2016-06-08 19:30:00,29.66,29.67,29.62,29.64,158278
2016-06-08 20:00:00,29.64,29.69,29.62,29.64,247964
2016-06-08 20:30:00,29.64,29.66,29.55,29.55,226605
2016-06-08 21:00:00,29.56,29.61,29.54,29.55,321070
2016-06-08 21:30:00,29.55,29.64,29.54,29.58,296245
2016-06-08 22:00:00,29.58,29.62,29.54,29.61,508236
2016-06-08 22:30:00,29.61,29.63,29.56,29.58,859688
2016-06-09 16:30:00,29.35,29.35,28.94,28.98,465251
2016-06-09 17:00:00,28.98,29.0,28.71,28.82,738751
2016-06-09 17:30:00,28.83,28.91,28.76,28.77,261579
2016-06-09 18:00:00,28.77,28.89,28.74,28.83,614883
2016-06-09 18:30:00,28.83,28.88,28.78,28.84,176404
2016-06-09 19:00:00,28.83,28.85,28.79,28.8,212803
2016-06-09 19:30:00,28.8,28.86,28.77,28.83,315283
2016-06-09 20:00:00,28.83,28.98,28.82,28.98,387157
2016-06-09 20:30:00,28.99,29.01,28.9,28.92,154651
2016-06-09 21:00:00,28.91,29.04,28.91,29.02,174914
2016-06-09 21:30:00,29.02,29.11,29.01,29.06,219279
2016-06-09 22:00:00,29.07,29.13,29.05,29.07,213809
2016-06-09 22:30:00,29.07,29.12,29.05,29.07,568098
2016-06-10 16:30:00,28.6,28.63,28.45,28.55,415376
2016-06-10 17:00:00,28.55,28.65,28.47,28.59,245878
2016-06-10 17:30:00,28.6,28.66,28.51,28.56,198081
2016-06-10 18:00:00,28.56,28.66,28.55,28.61,206129
2016-06-10 18:30:00,28.61,28.65,28.55,28.56,210114
2016-06-10 19:00:00,28.56,28.59,28.43,28.45,145570
2016-06-10 19:30:00,28.45,28.48,28.4,28.48,165170
2016-06-10 20:00:00,28.48,28.51,28.45,28.47,201528
2016-06-10 20:30:00,28.48,28.5,28.33,28.34,271506
2016-06-10 21:00:00,28.34,28.38,28.29,28.33,334371
2016-06-10 21:30:00,28.33,28.45,28.31,28.43,216149
2016-06-10 22:00:00,28.43,28.45,28.35,28.45,295670
2016-06-10 22:30:00,28.45,28.51,28.41,28.42,936161
2016-06-13 16:30:00,28.2,28.51,28.11,28.4,442680
2016-06-13 17:00:00,28.4,28.71,28.38,28.68,719300
2016-06-13 17:30:00,28.68,28.71,28.54,28.54,599271
2016-06-13 18:00:00,28.53,28.62,28.48,28.5,261720
2016-06-13 18:30:00,28.5,28.51,28.24,28.25,298129
2016-06-13 19:00:00,28.25,28.37,28.24,28.27,225573
2016-06-13 19:30:00,28.28,28.29,28.18,28.19,342634
2016-06-13 20:00:00,28.19,28.22,28.16,28.2,207682
2016-06-13 20:30:00,28.2,28.22,28.03,28.05,464507
2016-06-13 21:00:00,28.05,28.16,28.04,28.09,254218
2016-06-13 21:30:00,28.08,28.15,28.06,28.14,423144
2016-06-13 22:00:00,28.13,28.14,27.96,27.99,549912
2016-06-13 22:30:00,28.0,28.01,27.9,27.96,757462
2016-06-14 16:30:00,27.82,28.05,27.77,27.96,322284
2016-06-14 17:00:00,27.96,27.96,27.7,27.74,248617
2016-06-14 17:30:00,27.74,27.79,27.61,27.61,270409
2016-06-14 18:00:00,27.62,27.65,27.54,27.54,314840
2016-06-14 18:30:00,27.54,27.62,27.4,27.41,400300
2016-06-14 19:00:00,27.42,27.55,27.4,27.52,350630
2016-06-14 19:30:00,27.52,27.52,27.39,27.42,335428
2016-06-14 20:00:00,27.42,27.45,27.34,27.4,246815
2016-06-14 20:30:00,27.39,27.44,27.35,27.37,156941
2016-06-14 21:00:00,27.36,27.45,27.34,27.39,202829
2016-06-14 21:30:00,27.39,27.39,27.26,27.28,226023
2016-06-14 22:00:00,27.27,27.46,27.23,27.45,445263
2016-06-14 22:30:00,27.44,27.5,27.39,27.41,820115
2016-06-15 16:30:00,27.58,27.81,27.36,27.72,616771
2016-06-15 17:00:00,27.72,28.01,27.67,27.8,615751
2016-06-15 17:30:00,27.82,27.91,27.81,27.87,320601
2016-06-15 18:00:00,27.88,28.02,27.82,27.82,234881
2016-06-15 18:30:00,27.81,27.96,27.78,27.91,172629
2016-06-15 19:00:00,27.91,27.91,27.84,27.86,113452
2016-06-15 19:30:00,27.86,27.88,27.8,27.81,135534
2016-06-15 20:00:00,27.81,27.9,27.81,27.87,164975
2016-06-15 20:30:00,27.87,27.93,27.86,27.89,166887
2016-06-15 21:00:00,27.89,27.93,27.55,27.55,267039
2016-06-15 21:30:00,27.54,27.66,27.52,27.58,281620
2016-06-15 22:00:00,27.58,27.7,27.57,27.61,302792
2016-06-15 22:30:00,27.61,27.63,27.37,27.4,935233
2016-06-16 16:30:00,27.04,27.16,26.82,26.82,501342
2016-06-16 17:00:00,26.83,27.12,26.82,27.12,233414
2016-06-16 17:30:00,27.11,27.13,26.97,27.12,235527
2016-06-16 18:00:00,27.11,27.33,27.1,27.32,232978
2016-06-16 18:30:00,27.32,27.33,27.17,27.18,272982
2016-06-16 19:00:00,27.17,27.3,27.16,27.27,205400
2016-06-16 19:30:00,27.27,27.41,27.25,27.32,340879
2016-06-16 20:00:00,27.32,27.42,27.31,27.37,274852
2016-06-16 20:30:00,27.37,27.39,27.26,27.31,312300
2016-06-16 21:00:00,27.31,27.52,27.3,27.41,191126
2016-06-16 21:30:00,27.42,27.52,27.41,27.45,249848
2016-06-16 22:00:00,27.44,27.53,27.39,27.49,299349
2016-06-16 22:30:00,27.5,27.55,27.46,27.52,585633
2016-06-17 16:30:00,27.57,27.98,27.49,27.9,699898
2016-06-17 17:00:00,27.9,28.0,27.82,27.86,336582
2016-06-17 17:30:00,27.86,28.06,27.86,27.99,400441
2016-06-17 18:00:00,28.0,28.0,27.74,27.76,267092
2016-06-17 18:30:00,27.77,27.85,27.74,27.77,224763
2016-06-17 19:00:00,27.78,27.84,27.74,27.77,297437
2016-06-17 19:30:00,27.77,27.8,27.67,27.71,532095
2016-06-17 20:00:00,27.71,27.73,27.63,27.65,283007
2016-06-17 20:30:00,27.65,27.68,27.6,27.65,273230
2016-06-17 21:00:00,27.65,27.72,27.62,27.71,305792
2016-06-17 21:30:00,27.71,27.82,27.7,27.76,281530
2016-06-17 22:00:00,27.76,27.78,27.7,27.76,378100
2016-06-17 22:30:00,27.77,27.85,27.74,27.75,1870716
2016-06-20 16:30:00,28.44,28.76,28.44,28.58,1203477
2016-06-20 17:00:00,28.57,28.82,28.56,28.71,425816
2016-06-20 17:30:00,28.7,28.79,28.59,28.75,401492
2016-06-20 18:00:00,28.74,28.8,28.68,28.71,460709
2016-06-20 18:30:00,28.71,28.72,28.58,28.69,384575
2016-06-20 19:00:00,28.69,28.75,28.64,28.67,252866
2016-06-20 19:30:00,28.66,28.72,28.6,28.63,218030
2016-06-20 20:00:00,28.62,28.68,28.56,28.6,268268
2016-06-20 20:30:00,28.6,28.73,28.58,28.69,340042
2016-06-20 21:00:00,28.69,28.7,28.56,28.59,322039
2016-06-20 21:30:00,28.58,28.75,28.58,28.73,483540
2016-06-20 22:00:00,28.73,28.74,28.66,28.67,564515
2016-06-20 22:30:00,28.68,28.74,28.61,28.63,1381566
2016-06-21 16:30:00,28.73,28.82,28.52,28.71,577923
2016-06-21 17:00:00,28.7,28.72,28.51,28.61,263673
2016-06-21 17:30:00,28.62,28.72,28.56,28.66,255544
2016-06-21 18:00:00,28.65,28.85,28.64,28.8,233681
2016-06-21 18:30:00,28.8,28.8,28.58,28.66,182234
2016-06-21 19:00:00,28.66,28.8,28.64,28.77,288062
2016-06-21 19:30:00,28.77,28.79,28.66,28.68,247237
2016-06-21 20:00:00,28.68,28.69,28.62,28.62,188948
2016-06-21 20:30:00,28.62,28.67,28.59,28.67,124671
2016-06-21 21:00:00,28.67,28.78,28.63,28.77,125073
2016-06-21 21:30:00,28.77,28.85,28.75,28.79,161443
2016-06-21 22:00:00,28.8,28.82,28.72,28.76,244620
2016-06-21 22:30:00,28.76,28.76,28.65,28.66,732489
2016-06-22 16:30:00,28.8,29.13,28.75,29.07,410695
2016-06-22 17:00:00,29.06,29.07,28.98,29.07,434349
2016-06-22 17:30:00,29.06,29.15,29.0,29.1,213039
2016-06-22 18:00:00,29.1,29.15,29.07,29.12,248255
2016-06-22 18:30:00,29.11,29.12,28.94,29.04,174482
2016-06-22 19:00:00,29.03,29.03,28.88,28.9,117175
2016-06-22 19:30:00,28.9,28.94,28.82,28.89,157577
2016-06-22 20:00:00,28.88,28.89,28.76,28.82,191266
2016-06-22 20:30:00,28.81,28.88,28.81,28.85,140778
2016-06-22 21:00:00,28.85,28.88,28.79,28.87,122026
2016-06-22 21:30:00,28.86,28.88,28.82,28.82,168184
2016-06-22 22:00:00,28.83,28.87,28.69,28.72,230862
2016-06-22 22:30:00,28.72,28.82,28.7,28.77,556897
2016-06-23 16:30:00,29.28,29.55,29.27,29.48,383510
2016-06-23 17:00:00,29.47,29.5,29.32,29.32,224576
2016-06-23 17:30:00,29.32,29.36,29.27,29.32,132349
2016-06-23 18:00:00,29.32,29.34,29.25,29.29,121295
2016-06-23 18:30:00,29.3,29.42,29.28,29.4,254813
2016-06-23 19:00:00,29.41,29.47,29.36,29.43,127799
2016-06-23 19:30:00,29.43,29.49,29.4,29.45,130988
2016-06-23 20:00:00,29.45,29.51,29.38,29.48,128823
2016-06-23 20:30:00,29.49,29.52,29.46,29.51,207173
2016-06-23 21:00:00,29.5,29.51,29.41,29.44,151478
2016-06-23 21:30:00,29.44,29.48,29.39,29.43,168011
2016-06-23 22:00:00,29.43,29.47,29.39,29.43,149920
2016-06-23 22:30:00,29.43,29.64,29.43,29.62,485111
2016-06-24 16:30:00,27.45,27.5,26.65,26.91,1599207
2016-06-24 17:00:00,26.91,27.01,26.52,26.62,1218699
2016-06-24 17:30:00,26.61,26.7,26.33,26.39,803810
2016-06-24 18:00:00,26.38,26.46,26.17,26.43,693396
2016-06-24 18:30:00,26.42,26.52,26.37,26.46,532689
2016-06-24 19:00:00,26.47,26.51,26.39,26.51,540451
2016-06-24 19:30:00,26.5,26.51,26.25,26.27,778935
2016-06-24 20:00:00,26.27,26.28,26.14,26.18,494185
2016-06-24 20:30:00,26.19,26.27,26.11,26.13,1021811
2016-06-24 21:00:00,26.13,26.16,25.77,25.8,828282
2016-06-24 21:30:00,25.8,25.9,25.68,25.83,736856
2016-06-24 22:00:00,25.83,25.87,25.59,25.59,779637
2016-06-24 22:30:00,25.6,25.77,25.55,25.57,1953731
2016-06-27 16:30:00,24.97,24.97,23.86,23.86,1412203
2016-06-27 17:00:00,23.85,23.93,23.61,23.74,1241778
2016-06-27 17:30:00,23.74,23.91,23.6,23.6,949793
2016-06-27 18:00:00,23.6,23.79,23.59,23.73,966738
2016-06-27 18:30:00,23.73,23.77,23.47,23.49,570310
2016-06-27 19:00:00,23.48,23.6,23.44,23.57,504071
2016-06-27 19:30:00,23.58,23.6,23.47,23.54,358506
2016-06-27 20:00:00,23.55,23.59,23.51,23.53,293654
2016-06-27 20:30:00,23.53,23.54,23.22,23.38,610957
2016-06-27 21:00:00,23.38,23.39,23.11,23.26,547626
2016-06-27 21:30:00,23.27,23.31,23.01,23.02,600542
2016-06-27 22:00:00,23.02,23.23,23.02,23.02,695731
2016-06-27 22:30:00,23.02,23.23,23.02,23.16,1165485
2016-06-28 16:30:00,23.77,24.16,23.64,24.09,1354619
2016-06-28 17:00:00,24.1,24.18,23.91,23.96,945539
2016-06-28 17:30:00,23.95,23.96,23.71,23.74,632398
2016-06-28 18:00:00,23.74,23.76,23.49,23.5,796491
2016-06-28 18:30:00,23.51,23.72,23.5,23.59,434397
2016-06-28 19:00:00,23.59,23.66,23.52,23.63,388440
2016-06-28 19:30:00,23.63,23.7,23.6,23.66,312396
2016-06-28 20:00:00,23.67,23.79,23.65,23.73,474424
2016-06-28 20:30:00,23.74,23.76,23.67,23.68,406327
2016-06-28 21:00:00,23.69,23.77,23.66,23.73,495524
2016-06-28 21:30:00,23.73,24.14,23.72,24.07,602331
2016-06-28 22:00:00,24.07,24.11,23.86,23.98,917761
2016-06-28 22:30:00,23.98,24.01,23.89,23.99,1736906
2016-06-29 16:30:00,24.44,24.5,24.22,24.39,1096822
2016-06-29 17:00:00,24.38,24.59,24.37,24.53,610895
2016-06-29 17:30:00,24.52,24.67,24.45,24.65,524875
2016-06-29 18:00:00,24.65,24.82,24.64,24.82,316719
2016-06-29 18:30:00,24.81,24.83,24.7,24.75,453200
2016-06-29 19:00:00,24.75,24.75,24.66,24.68,204009
2016-06-29 19:30:00,24.68,24.69,24.61,24.66,199667
2016-06-29 20:00:00,24.66,24.72,24.62,24.68,164575
2016-06-29 20:30:00,24.67,24.74,24.65,24.73,146652
2016-06-29 21:00:00,24.72,24.82,24.71,24.81,203429
2016-06-29 21:30:00,24.82,24.83,24.72,24.79,366062
2016-06-29 22:00:00,24.79,24.81,24.76,24.8,475933
2016-06-29 22:30:00,24.79,24.86,24.76,24.85,1268899
2016-06-30 16:30:00,25.0,25.22,24.76,24.9,777965
2016-06-30 17:00:00,24.91,25.04,24.81,24.98,720994
2016-06-30 17:30:00,24.98,25.02,24.78,24.96,394248
2016-06-30 18:00:00,24.96,25.22,24.91,25.21,511849
2016-06-30 18:30:00,25.21,25.29,25.15,25.19,396307
2016-06-30 19:00:00,25.19,25.32,25.19,25.27,373236
2016-06-30 19:30:00,25.27,25.39,25.25,25.38,242256
2016-06-30 20:00:00,25.38,25.48,25.34,25.46,492930
2016-06-30 20:30:00,25.46,25.47,25.38,25.41,253189
2016-06-30 21:00:00,25.42,25.53,25.4,25.48,415276
2016-06-30 21:30:00,25.49,25.51,25.4,25.42,371488
2016-06-30 22:00:00,25.42,25.5,25.35,25.41,965055
2016-06-30 22:30:00,25.41,25.54,25.39,25.53,1524516
2016-07-01 16:30:00,25.48,25.78,25.42,25.72,517846
2016-07-01 17:00:00,25.72,25.92,25.66,25.84,461445
2016-07-01 17:30:00,25.85,26.01,25.77,25.91,411767
2016-07-01 18:00:00,25.91,25.95,25.61,25.64,594028
2016-07-01 18:30:00,25.64,25.69,25.59,25.64,165371
2016-07-01 19:00:00,25.64,25.68,25.53,25.55,166176
2016-07-01 19:30:00,25.55,25.59,25.46,25.49,147807
2016-07-01 20:00:00,25.49,25.5,25.38,25.38,131645
2016-07-01 20:30:00,25.37,25.46,25.36,25.4,174479
2016-07-01 21:00:00,25.41,25.46,25.36,25.39,129161
2016-07-01 21:30:00,25.39,25.4,25.26,25.32,242566
2016-07-01 22:00:00,25.32,25.39,25.31,25.34,298887
2016-07-01 22:30:00,25.35,25.4,25.33,25.33,715919
2016-07-05 16:30:00,24.94,24.98,24.64,24.67,451742
2016-07-05 17:00:00,24.66,24.71,24.56,24.67,252892
2016-07-05 17:30:00,24.68,24.82,24.61,24.61,240091
2016-07-05 18:00:00,24.61,24.7,24.52,24.62,343319
2016-07-05 18:30:00,24.61,24.77,24.58,24.77,187276
2016-07-05 19:00:00,24.77,24.79,24.73,24.74,255401
2016-07-05 19:30:00,24.75,24.77,24.64,24.65,243641
2016-07-05 20:00:00,24.65,24.66,24.5,24.54,300561
2016-07-05 20:30:00,24.53,24.58,24.48,24.58,299631
2016-07-05 21:00:00,24.58,24.73,24.53,24.7,226698
2016-07-05 21:30:00,24.7,24.74,24.63,24.7,179841
2016-07-05 22:00:00,24.69,24.77,24.67,24.74,258702
2016-07-05 22:30:00,24.74,24.88,24.72,24.76,912007
2016-07-06 16:30:00,24.51,24.69,24.34,24.65,314206
2016-07-06 17:00:00,24.65,24.78,24.41,24.48,250273
2016-07-06 17:30:00,24.48,24.78,24.44,24.71,370095
2016-07-06 18:00:00,24.71,24.84,24.7,24.7,216797
2016-07-06 18:30:00,24.69,24.82,24.66,24.81,247505
2016-07-06 19:00:00,24.81,24.92,24.79,24.9,199465
2016-07-06 19:30:00,24.9,24.97,24.86,24.96,228658
2016-07-06 20:00:00,24.95,25.02,24.88,24.91,182757
2016-07-06 20:30:00,24.91,24.95,24.85,24.93,184402
2016-07-06 21:00:00,24.93,24.97,24.84,24.92,256951
2016-07-06 21:30:00,24.92,25.03,24.9,25.02,262138
2016-07-06 22:00:00,25.03,25.04,24.94,24.96,274702
2016-07-06 22:30:00,24.95,25.05,24.94,25.01,767232
2016-07-07 16:30:00,24.97,25.34,24.97,25.32,322370
2016-07-07 17:00:00,25.32,25.42,25.25,25.31,275045
2016-07-07 17:30:00,25.31,25.37,25.15,25.19,270393
2016-07-07 18:00:00,25.19,25.22,25.04,25.17,259071
2016-07-07 18:30:00,25.17,25.18,24.96,25.06,237139
2016-07-07 19:00:00,25.06,25.09,24.92,25.0,294721
2016-07-07 19:30:00,25.0,25.02,24.87,24.89,290137
2016-07-07 20:00:00,24.89,24.93,24.82,24.9,254605
2016-07-07 20:30:00,24.9,24.97,24.86,24.93,238096
2016-07-07 21:00:00,24.92,25.0,24.86,24.92,323090
2016-07-07 21:30:00,24.93,25.0,24.87,24.96,297498
2016-07-07 22:00:00,24.96,25.1,24.94,25.1,313056
2016-07-07 22:30:00,25.1,25.19,25.08,25.15,742947
2016-07-08 16:30:00,25.71,25.9,25.58,25.79,596784
2016-07-08 17:00:00,25.81,25.82,25.49,25.65,437809
2016-07-08 17:30:00,25.65,25.72,25.61,25.66,261749
2016-07-08 18:00:00,25.67,25.81,25.62,25.77,376781
2016-07-08 18:30:00,25.77,25.8,25.66,25.69,361821
2016-07-08 19:00:00,25.68,25.74,25.64,25.72,212305
2016-07-08 19:30:00,25.73,25.76,25.7,25.74,134759
2016-07-08 20:00:00,25.74,25.78,25.72,25.74,133036
2016-07-08 20:30:00,25.75,25.77,25.73,25.74,122235
2016-07-08 21:00:00,25.74,25.84,25.72,25.78,273788
2016-07-08 21:30:00,25.78,25.82,25.66,25.66,349858
2016-07-08 22:00:00,25.66,25.69,25.58,25.59,328189
2016-07-08 22:30:00,25.58,25.65,25.57,25.62,1188514
2016-07-11 16:30:00,25.94,26.12,25.84,25.88,416961
2016-07-11 17:00:00,25.89,25.93,25.62,25.66,195061
2016-07-11 17:30:00,25.66,25.76,25.65,25.7,205150
2016-07-11 18:00:00,25.7,25.8,25.69,25.78,528811
2016-07-11 18:30:00,25.78,25.91,25.75,25.82,440791
2016-07-11 19:00:00,25.82,25.85,25.76,25.82,308388
2016-07-11 19:30:00,25.81,25.88,25.79,25.86,338289
2016-07-11 20:00:00,25.87,25.94,25.84,25.9,330121
2016-07-11 20:30:00,25.91,25.94,25.87,25.87,91897
2016-07-11 21:00:00,25.87,25.9,25.83,25.86,95546
2016-07-11 21:30:00,25.87,25.95,25.86,25.89,273099
2016-07-11 22:00:00,25.9,25.93,25.86,25.86,340916
2016-07-11 22:30:00,25.86,25.88,25.81,25.81,764206
2016-07-12 16:30:00,26.33,26.67,26.28,26.64,828917
2016-07-12 17:00:00,26.65,26.66,26.45,26.61,948273
2016-07-12 17:30:00,26.61,26.75,26.57,26.64,561522
2016-07-12 18:00:00,26.64,26.74,26.61,26.7,392988
2016-07-12 18:30:00,26.69,26.77,26.68,26.74,231037
2016-07-12 19:00:00,26.75,26.81,26.73,26.75,362202
2016-07-12 19:30:00,26.76,26.9,26.76,26.89,348674
2016-07-12 20:00:00,26.89,26.96,26.87,26.89,194145
2016-07-12 20:30:00,26.89,27.0,26.88,26.97,374853
2016-07-12 21:00:00,26.97,27.0,26.81,26.85,361275
2016-07-12 21:30:00,26.83,26.88,26.77,26.8,395592
2016-07-12 22:00:00,26.8,26.87,26.77,26.85,249302
2016-07-12 22:30:00,26.85,26.88,26.81,26.86,823662
2016-07-13 16:30:00,26.86,26.9,26.51,26.62,410960
2016-07-13 17:00:00,26.63,26.74,26.55,26.65,442366
2016-07-13 17:30:00,26.65,26.77,26.62,26.68,271039
2016-07-13 18:00:00,26.67,26.71,26.52,26.56,195501
2016-07-13 18:30:00,26.56,26.6,26.44,26.59,169829
2016-07-13 19:00:00,26.59,26.63,26.55,26.57,182787
2016-07-13 19:30:00,26.56,26.59,26.52,26.59,91082
2016-07-13 20:00:00,26.6,26.69,26.58,26.63,135744
2016-07-13 20:30:00,26.63,26.72,26.62,26.68,99548
2016-07-13 21:00:00,26.67,26.73,26.64,26.69,246882
2016-07-13 21:30:00,26.68,26.7,26.63,26.65,235246
2016-07-13 22:00:00,26.65,26.67,26.59,26.64,634805
2016-07-13 22:30:00,26.63,26.7,26.62,26.66,740863
2016-07-14 16:30:00,27.34,27.62,27.2,27.32,633796
2016-07-14 17:00:00,27.32,27.4,27.07,27.12,471334
2016-07-14 17:30:00,27.12,27.18,27.06,27.07,305146
2016-07-14 18:00:00,27.07,27.12,26.95,27.0,232791
2016-07-14 18:30:00,27.0,27.07,26.99,27.06,231420
2016-07-14 19:00:00,27.06,27.1,27.02,27.07,197814
2016-07-14 19:30:00,27.06,27.12,27.02,27.04,178066
2016-07-14 20:00:00,27.03,27.08,27.01,27.03,262869
2016-07-14 20:30:00,27.03,27.11,27.03,27.08,364231
2016-07-14 21:00:00,27.08,27.12,27.06,27.1,97889
2016-07-14 21:30:00,27.11,27.17,27.1,27.15,266086
2016-07-14 22:00:00,27.16,27.26,27.15,27.22,516031
2016-07-14 22:30:00,27.22,27.23,27.11,27.15,865601
2016-07-15 16:30:00,27.35,27.5,27.16,27.36,539163
2016-07-15 17:00:00,27.36,27.48,27.33,27.44,391963
2016-07-15 17:30:00,27.44,27.54,27.42,27.49,198364
2016-07-15 18:00:00,27.49,27.49,27.38,27.38,229061
2016-07-15 18:30:00,27.39,27.44,27.32,27.37,164050
2016-07-15 19:00:00,27.36,27.44,27.32,27.42,160720
2016-07-15 19:30:00,27.41,27.43,27.34,27.35,142686
2016-07-15 20:00:00,27.36,27.42,27.35,27.4,121400
2016-07-15 20:30:00,27.4,27.41,27.37,27.41,103725
2016-07-15 21:00:00,27.4,27.4,27.3,27.32,125116
2016-07-15 21:30:00,27.31,27.4,27.3,27.39,128667
2016-07-15 22:00:00,27.38,27.43,27.37,27.41,192475
2016-07-15 22:30:00,27.41,27.48,27.41,27.41,465339
2016-07-18 16:30:00,27.55,27.67,27.43,27.62,423099
2016-07-18 17:00:00,27.62,27.81,27.61,27.8,255206
2016-07-18 17:30:00,27.8,27.83,27.65,27.7,183086
2016-07-18 18:00:00,27.69,27.73,27.63,27.63,134048
2016-07-18 18:30:00,27.64,27.71,27.61,27.7,163450
2016-07-18 19:00:00,27.71,27.74,27.66,27.71,214666
2016-07-18 19:30:00,27.7,27.77,27.68,27.76,148676
2016-07-18 20:00:00,27.76,27.77,27.72,27.76,97009
2016-07-18 20:30:00,27.76,27.8,27.75,27.78,109776
2016-07-18 21:00:00,27.78,27.78,27.69,27.72,116962
2016-07-18 21:30:00,27.73,27.73,27.69,27.73,93751
2016-07-18 22:00:00,27.73,27.74,27.65,27.66,188700
2016-07-18 22:30:00,27.66,27.72,27.64,27.67,333959
2016-07-19 16:30:00,27.41,27.59,27.07,27.55,330515
2016-07-19 17:00:00,27.54,27.75,27.48,27.69,280096
2016-07-19 17:30:00,27.69,27.75,27.65,27.72,304309
2016-07-19 18:00:00,27.73,27.74,27.6,27.62,132948
2016-07-19 18:30:00,27.62,27.64,27.57,27.57,105897
2016-07-19 19:00:00,27.57,27.59,27.54,27.58,95173
2016-07-19 19:30:00,27.57,27.6,27.55,27.58,82758
2016-07-19 20:00:00,27.58,27.6,27.53,27.54,98552
2016-07-19 20:30:00,27.54,27.58,27.52,27.54,63941
2016-07-19 21:00:00,27.54,27.58,27.52,27.56,98515
2016-07-19 21:30:00,27.57,27.59,27.54,27.55,136071
2016-07-19 22:00:00,27.56,27.58,27.54,27.56,136845
2016-07-19 22:30:00,27.56,27.61,27.55,27.6,361812
2016-07-20 16:30:00,27.84,27.88,27.54,27.65,260519
2016-07-20 17:00:00,27.64,27.79,27.62,27.76,353143
2016-07-20 17:30:00,27.75,27.96,27.74,27.93,292223
2016-07-20 18:00:00,27.94,28.01,27.93,28.0,194550
2016-07-20 18:30:00,28.0,28.01,27.9,27.91,317682
2016-07-20 19:00:00,27.91,27.98,27.88,27.92,174468
2016-07-20 19:30:00,27.93,27.99,27.9,27.95,322103
2016-07-20 20:00:00,27.96,28.05,27.95,28.02,152655
2016-07-20 20:30:00,28.02,28.06,28.0,28.04,213203
2016-07-20 21:00:00,28.05,28.11,28.05,28.1,228677
2016-07-20 21:30:00,28.09,28.11,28.04,28.05,206987
2016-07-20 22:00:00,28.05,28.07,27.99,28.01,226513
2016-07-20 22:30:00,28.01,28.06,28.0,28.02,569117
2016-07-21 16:30:00,28.0,28.19,27.99,28.08,192432
2016-07-21 17:00:00,28.08,28.14,28.01,28.07,151121
2016-07-21 17:30:00,28.07,28.18,28.06,28.14,164185
2016-07-21 18:00:00,28.14,28.16,28.12,28.12,104260
2016-07-21 18:30:00,28.11,28.11,28.0,28.03,152844
2016-07-21 19:00:00,28.03,28.08,27.99,28.04,92235
2016-07-21 19:30:00,28.04,28.1,28.03,28.06,86355
2016-07-21 20:00:00,28.06,28.09,28.01,28.06,134259
2016-07-21 20:30:00,28.07,28.07,27.99,28.0,208512
2016-07-21 21:00:00,28.01,28.06,27.96,28.05,172696
2016-07-21 21:30:00,28.05,28.12,28.04,28.1,223254
2016-07-21 22:00:00,28.1,28.12,28.03,28.1,373098
2016-07-21 22:30:00,28.1,28.13,28.05,28.1,596585
2016-07-22 16:30:00,28.11,28.29,28.05,28.1,372734
2016-07-22 17:00:00,28.1,28.15,28.04,28.08,250021
2016-07-22 17:30:00,28.08,28.29,28.06,28.27,219405
2016-07-22 18:00:00,28.28,28.31,28.19,28.23,276160
2016-07-22 18:30:00,28.21,28.37,28.21,28.34,191885
2016-07-22 19:00:00,28.35,28.39,28.31,28.39,118969
2016-07-22 19:30:00,28.37,28.38,28.3,28.35,150013
2016-07-22 20:00:00,28.35,28.37,28.31,28.34,138192
2016-07-22 20:30:00,28.34,28.41,28.33,28.39,198219
2016-07-22 21:00:00,28.38,28.41,28.35,28.39,198092
2016-07-22 21:30:00,28.38,28.42,28.36,28.42,117313
2016-07-22 22:00:00,28.42,28.44,28.38,28.39,252419
2016-07-22 22:30:00,28.4,28.49,28.4,28.43,648989
2016-07-25 16:30:00,28.31,28.55,28.26,28.5,312624
2016-07-25 17:00:00,28.49,28.53,28.3,28.41,247337
2016-07-25 17:30:00,28.4,28.52,28.39,28.47,270990
2016-07-25 18:00:00,28.48,28.48,28.34,28.38,203713
2016-07-25 18:30:00,28.39,28.42,28.34,28.38,151284
2016-07-25 19:00:00,28.39,28.42,28.34,28.37,135633
2016-07-25 19:30:00,28.37,28.41,28.32,28.35,98354
2016-07-25 20:00:00,28.35,28.37,28.3,28.36,225790
2016-07-25 20:30:00,28.35,28.37,28.35,28.37,126128
2016-07-25 21:00:00,28.36,28.41,28.35,28.41,236702
2016-07-25 21:30:00,28.4,28.42,28.39,28.4,149701
2016-07-25 22:00:00,28.4,28.42,28.33,28.36,205309
2016-07-25 22:30:00,28.35,28.42,28.33,28.4,531988
2016-07-26 16:30:00,28.42,28.59,28.4,28.55,400079
2016-07-26 17:00:00,28.55,28.66,28.49,28.55,375878
2016-07-26 17:30:00,28.55,28.59,28.38,28.38,202875
2016-07-26 18:00:00,28.38,28.43,28.31,28.31,237514
2016-07-26 18:30:00,28.32,28.38,28.28,28.36,185047
2016-07-26 19:00:00,28.37,28.42,28.36,28.39,177767
2016-07-26 19:30:00,28.4,28.4,28.32,28.32,180039
2016-07-26 20:00:00,28.33,28.37,28.29,28.31,176215
2016-07-26 20:30:00,28.31,28.33,28.28,28.29,213045
2016-07-26 21:00:00,28.29,28.34,28.24,28.25,257533
2016-07-26 21:30:00,28.25,28.32,28.25,28.31,193636
2016-07-26 22:00:00,28.3,28.36,28.3,28.35,244033
2016-07-26 22:30:00,28.35,28.4,28.34,28.39,537788
2016-07-27 16:30:00,28.37,28.52,28.37,28.51,239631
2016-07-27 17:00:00,28.51,28.71,28.45,28.68,298233
2016-07-27 17:30:00,28.67,28.67,28.39,28.5,333114
2016-07-27 18:00:00,28.51,28.58,28.47,28.55,262423
2016-07-27 18:30:00,28.55,28.55,28.42,28.43,147305
2016-07-27 19:00:00,28.43,28.45,28.34,28.38,127903
2016-07-27 19:30:00,28.38,28.45,28.38,28.45,102446
2016-07-27 20:00:00,28.44,28.46,28.36,28.36,126494
2016-07-27 20:30:00,28.37,28.47,28.37,28.46,156690
2016-07-27 21:00:00,28.46,28.64,28.41,28.46,395706
2016-07-27 21:30:00,28.45,28.64,28.41,28.64,253244
2016-07-27 22:00:00,28.64,28.73,28.61,28.68,329065
2016-07-27 22:30:00,28.68,28.71,28.59,28.62,790467
2016-07-28 16:30:00,28.82,29.56,28.65,29.09,683915
2016-07-28 17:00:00,29.1,29.12,28.7,28.88,527255
2016-07-28 17:30:00,28.89,28.97,28.65,28.67,465081
2016-07-28 18:00:00,28.67,28.75,28.6,28.63,241501
2016-07-28 18:30:00,28.63,28.67,28.59,28.63,189235
2016-07-28 19:00:00,28.63,28.67,28.53,28.55,157547
2016-07-28 19:30:00,28.55,28.75,28.52,28.72,202153
2016-07-28 20:00:00,28.72,28.78,28.69,28.77,116983
2016-07-28 20:30:00,28.76,28.81,28.71,28.81,115073
2016-07-28 21:00:00,28.81,28.85,28.76,28.81,160527
2016-07-28 21:30:00,28.81,28.91,28.79,28.82,180848
2016-07-28 22:00:00,28.82,29.01,28.82,28.97,266944
2016-07-28 22:30:00,28.96,29.01,28.91,28.92,665290
2016-07-29 16:30:00,28.69,28.99,28.69,28.85,307094
2016-07-29 17:00:00,28.85,28.86,28.66,28.74,165074
2016-07-29 17:30:00,28.74,28.96,28.73,28.93,209059
2016-07-29 18:00:00,28.93,29.02,28.86,28.86,233504
2016-07-29 18:30:00,28.87,29.07,28.86,29.02,372854
2016-07-29 19:00:00,29.02,29.05,28.92,28.93,326987
2016-07-29 19:30:00,28.93,29.01,28.91,28.97,148773
2016-07-29 20:00:00,28.97,29.04,28.95,29.03,195163
2016-07-29 20:30:00,29.03,29.05,29.0,29.04,139522
2016-07-29 21:00:00,29.03,29.05,28.98,29.0,183411
2016-07-29 21:30:00,29.01,29.05,28.98,29.03,189027
2016-07-29 22:00:00,29.04,29.16,29.03,29.16,273253
2016-07-29 22:30:00,29.16,29.24,29.12,29.17,770425
2016-08-01 16:30:00,29.22,29.34,29.14,29.34,240225
2016-08-01 17:00:00,29.35,29.36,29.21,29.24,218796
2016-08-01 17:30:00,29.23,29.3,29.13,29.29,147182
2016-08-01 18:00:00,29.28,29.37,29.25,29.29,135185
2016-08-01 18:30:00,29.29,29.32,29.11,29.12,175796
2016-08-01 19:00:00,29.12,29.16,28.94,28.96,364172
2016-08-01 19:30:00,28.96,29.0,28.89,28.91,318921
2016-08-01 20:00:00,28.9,28.92,28.84,28.9,158232
2016-08-01 20:30:00,28.9,28.98,28.89,28.98,123225
2016-08-01 21:00:00,28.98,29.03,28.95,28.96,137518
2016-08-01 21:30:00,28.96,29.02,28.96,28.99,119269
2016-08-01 22:00:00,28.98,29.01,28.93,28.95,184349
2016-08-01 22:30:00,28.95,29.04,28.95,29.03,600048
2016-08-02 16:30:00,28.96,29.2,28.84,28.92,171936
2016-08-02 17:00:00,28.92,28.94,28.64,28.67,226817
2016-08-02 17:30:00,28.66,28.68,28.38,28.41,272556
2016-08-02 18:00:00,28.41,28.55,28.39,28.49,211554
2016-08-02 18:30:00,28.49,28.5,28.38,28.4,232702
2016-08-02 19:00:00,28.41,28.42,28.32,28.37,181361
2016-08-02 19:30:00,28.37,28.38,28.21,28.22,169574
2016-08-02 20:00:00,28.23,28.33,28.15,28.32,242982
2016-08-02 20:30:00,28.32,28.32,28.21,28.26,122171
2016-08-02 21:00:00,28.27,28.42,28.23,28.39,308518
2016-08-02 21:30:00,28.38,28.41,28.18,28.31,2192872
2016-08-02 22:00:00,28.31,28.37,28.25,28.27,470338
2016-08-02 22:30:00,28.27,28.3,28.24,28.28,1095146
2016-08-03 16:30:00,28.41,28.77,28.35,28.7,306133
2016-08-03 17:00:00,28.7,28.79,28.65,28.74,139757
2016-08-03 17:30:00,28.73,28.76,28.58,28.59,151662
2016-08-03 18:00:00,28.59,28.76,28.57,28.73,208820
2016-08-03 18:30:00,28.73,28.86,28.73,28.83,119049
2016-08-03 19:00:00,28.83,28.87,28.79,28.86,92329
2016-08-03 19:30:00,28.85,28.91,28.83,28.89,122339
2016-08-03 20:00:00,28.9,28.92,28.87,28.91,80218
2016-08-03 20:30:00,28.91,28.91,28.8,28.82,88015
2016-08-03 21:00:00,28.83,28.93,28.82,28.89,231996
2016-08-03 21:30:00,28.89,28.98,28.88,28.97,226260
2016-08-03 22:00:00,28.97,29.06,28.95,29.05,267748
2016-08-03 22:30:00,29.06,29.07,28.97,29.02,461018
2016-08-04 16:30:00,28.93,29.16,28.87,28.87,246507
2016-08-04 17:00:00,28.89,28.9,28.7,28.86,167500
2016-08-04 17:30:00,28.87,28.97,28.85,28.96,128977
2016-08-04 18:00:00,28.95,28.97,28.88,28.89,115266
2016-08-04 18:30:00,28.89,28.9,28.85,28.89,120611
2016-08-04 19:00:00,28.9,28.96,28.88,28.91,78676
2016-08-04 19:30:00,28.92,28.95,28.88,28.94,118623
2016-08-04 20:00:00,28.94,28.98,28.9,28.98,132691
2016-08-04 20:30:00,28.98,29.03,28.97,29.03,59783
2016-08-04 21:00:00,29.03,29.06,28.97,29.01,82299
2016-08-04 21:30:00,29.0,29.02,28.94,28.96,137037
2016-08-04 22:00:00,28.95,28.96,28.84,28.88,175700
2016-08-04 22:30:00,28.87,28.94,28.85,28.94,291933
2016-08-05 16:30:00,29.36,29.85,29.31,29.82,501456
2016-08-05 17:00:00,29.82,29.88,29.68,29.71,411197
2016-08-05 17:30:00,29.71,29.72,29.59,29.63,291352
2016-08-05 18:00:00,29.63,29.67,29.54,29.63,789222
2016-08-05 18:30:00,29.64,29.67,29.52,29.53,369119
2016-08-05 19:00:00,29.53,29.61,29.52,29.6,316030
2016-08-05 19:30:00,29.6,29.65,29.59,29.64,81073
2016-08-05 20:00:00,29.63,29.64,29.57,29.6,292334
2016-08-05 20:30:00,29.6,29.61,29.54,29.6,177314
2016-08-05 21:00:00,29.6,29.64,29.56,29.6,193130
2016-08-05 21:30:00,29.61,29.62,29.55,29.55,137015
2016-08-05 22:00:00,29.56,29.6,29.54,29.57,194322
2016-08-05 22:30:00,29.57,29.58,29.51,29.55,468927
2016-08-08 16:30:00,29.69,29.9,29.64,29.66,247770
2016-08-08 17:00:00,29.66,29.75,29.59,29.59,227529
2016-08-08 17:30:00,29.59,29.67,29.5,29.54,209287
2016-08-08 18:00:00,29.53,29.67,29.53,29.62,181991
2016-08-08 18:30:00,29.62,29.66,29.59,29.61,129183
2016-08-08 19:00:00,29.61,29.69,29.61,29.69,129625
2016-08-08 19:30:00,29.69,29.74,29.68,29.73,112582
2016-08-08 20:00:00,29.72,29.73,29.66,29.71,115132
2016-08-08 20:30:00,29.71,29.71,29.63,29.66,172424
2016-08-08 21:00:00,29.66,29.67,29.56,29.58,220533
2016-08-08 21:30:00,29.59,29.63,29.58,29.63,121511
2016-08-08 22:00:00,29.63,29.65,29.62,29.65,198928
2016-08-08 22:30:00,29.65,29.71,29.63,29.7,604606
2016-08-09 16:30:00,29.68,29.68,29.38,29.4,363354
2016-08-09 17:00:00,29.4,29.52,29.34,29.48,159815
2016-08-09 17:30:00,29.48,29.55,29.45,29.47,145052
2016-08-09 18:00:00,29.47,29.55,29.47,29.5,114103
2016-08-09 18:30:00,29.5,29.51,29.4,29.41,182227
2016-08-09 19:00:00,29.41,29.43,29.32,29.33,94373
2016-08-09 19:30:00,29.33,29.37,29.27,29.35,214037
2016-08-09 20:00:00,29.35,29.42,29.35,29.42,163038
2016-08-09 20:30:00,29.42,29.46,29.4,29.45,236700
2016-08-09 21:00:00,29.45,29.48,29.41,29.45,184268
2016-08-09 21:30:00,29.45,29.54,29.44,29.54,144077
2016-08-09 22:00:00,29.53,29.56,29.5,29.52,91577
2016-08-09 22:30:00,29.53,29.54,29.48,29.48,469391
2016-08-10 16:30:00,29.49,29.56,29.42,29.52,151941
2016-08-10 17:00:00,29.52,29.58,29.43,29.51,137698
2016-08-10 17:30:00,29.53,29.56,29.44,29.48,211381
2016-08-10 18:00:00,29.49,29.51,29.35,29.4,208108
2016-08-10 18:30:00,29.39,29.39,29.31,29.33,89298
2016-08-10 19:00:00,29.33,29.43,29.32,29.35,63253
2016-08-10 19:30:00,29.36,29.39,29.35,29.37,50839
2016-08-10 20:00:00,29.38,29.41,29.33,29.37,69187
2016-08-10 20:30:00,29.37,29.39,29.32,29.37,46837
2016-08-10 21:00:00,29.36,29.42,29.33,29.37,132069
2016-08-10 21:30:00,29.37,29.38,29.34,29.36,107769
2016-08-10 22:00:00,29.36,29.4,29.31,29.36,229931
2016-08-10 22:30:00,29.36,29.4,29.34,29.4,369897
2016-08-11 16:30:00,29.56,29.65,29.41,29.53,209189
2016-08-11 17:00:00,29.53,29.59,29.5,29.55,110162
2016-08-11 17:30:00,29.55,29.69,29.55,29.67,94744
2016-08-11 18:00:00,29.67,29.72,29.63,29.7,88720
2016-08-11 18:30:00,29.71,29.78,29.66,29.77,114374
2016-08-11 19:00:00,29.76,29.77,29.68,29.71,118923
2016-08-11 19:30:00,29.71,29.76,29.68,29.73,109348
2016-08-11 20:00:00,29.73,29.78,29.73,29.74,120586
2016-08-11 20:30:00,29.74,29.75,29.71,29.73,97140
2016-08-11 21:00:00,29.73,29.77,29.71,29.71,77393
2016-08-11 21:30:00,29.71,29.73,29.67,29.67,134045
2016-08-11 22:00:00,29.68,29.74,29.68,29.74,101415
2016-08-11 22:30:00,29.74,29.81,29.69,29.7,517367
2016-08-12 16:30:00,29.24,29.71,29.23,29.65,323290
2016-08-12 17:00:00,29.64,29.72,29.57,29.65,183896
2016-08-12 17:30:00,29.64,29.77,29.64,29.72,294474
2016-08-12 18:00:00,29.73,29.79,29.7,29.78,222547
2016-08-12 18:30:00,29.78,29.78,29.68,29.7,187628
2016-08-12 19:00:00,29.69,29.72,29.63,29.7,95620
2016-08-12 19:30:00,29.69,29.76,29.69,29.75,88621
2016-08-12 20:00:00,29.76,29.76,29.69,29.74,94619
2016-08-12 20:30:00,29.73,29.75,29.7,29.72,97084
2016-08-12 21:00:00,29.71,29.8,29.7,29.78,88904
2016-08-12 21:30:00,29.78,29.82,29.77,29.79,70573
2016-08-12 22:00:00,29.79,29.8,29.76,29.77,89118
2016-08-12 22:30:00,29.77,29.79,29.74,29.75,407954
2016-08-15 16:30:00,29.88,30.05,29.83,30.01,266373
2016-08-15 17:00:00,30.02,30.1,30.01,30.08,120680
2016-08-15 17:30:00,30.09,30.16,30.07,30.14,154259
2016-08-15 18:00:00,30.14,30.16,30.06,30.09,164751
2016-08-15 18:30:00,30.09,30.1,29.87,29.87,188673
2016-08-15 19:00:00,29.88,29.93,29.87,29.93,154142
2016-08-15 19:30:00,29.92,29.96,29.87,29.88,142797
2016-08-15 20:00:00,29.87,29.97,29.87,29.97,128499
2016-08-15 20:30:00,29.97,29.98,29.91,29.94,127151
2016-08-15 21:00:00,29.94,30.02,29.93,29.98,192843
2016-08-15 21:30:00,29.99,30.02,29.96,30.0,178937
2016-08-15 22:00:00,30.0,30.01,29.9,29.9,241002
2016-08-15 22:30:00,29.91,29.96,29.89,29.93,588792
2016-08-16 16:30:00,29.6,29.72,29.52,29.71,212358
2016-08-16 17:00:00,29.7,29.84,29.66,29.71,235679
2016-08-16 17:30:00,29.69,29.74,29.64,29.69,145641
2016-08-16 18:00:00,29.68,29.77,29.64,29.73,128218
2016-08-16 18:30:00,29.73,29.74,29.6,29.69,134608
2016-08-16 19:00:00,29.68,29.76,29.66,29.74,143396
2016-08-16 19:30:00,29.75,29.78,29.69,29.74,166378
2016-08-16 20:00:00,29.74,29.75,29.63,29.66,128680
2016-08-16 20:30:00,29.66,29.72,29.66,29.68,92883
2016-08-16 21:00:00,29.68,29.74,29.66,29.72,177979
2016-08-16 21:30:00,29.72,29.76,29.7,29.74,121733
2016-08-16 22:00:00,29.73,29.76,29.68,29.73,259550
2016-08-16 22:30:00,29.73,29.77,29.7,29.73,616566
2016-08-17 16:30:00,29.67,29.84,29.63,29.63,143044
2016-08-17 17:00:00,29.62,29.85,29.58,29.85,203292
2016-08-17 17:30:00,29.85,29.89,29.79,29.82,216719
2016-08-17 18:00:00,29.82,29.9,29.79,29.8,267108
2016-08-17 18:30:00,29.8,29.85,29.77,29.77,94464
2016-08-17 19:00:00,29.77,29.81,29.74,29.81,118546
2016-08-17 19:30:00,29.81,29.86,29.76,29.84,115315
2016-08-17 20:00:00,29.85,29.98,29.82,29.98,207537
2016-08-17 20:30:00,29.97,30.0,29.89,29.91,124554
2016-08-17 21:00:00,29.91,30.02,29.83,30.01,230272
2016-08-17 21:30:00,30.0,30.08,29.94,30.02,192668
2016-08-17 22:00:00,30.03,30.04,29.89,29.99,192429
2016-08-17 22:30:00,29.98,29.99,29.92,29.95,422473
2016-08-18 16:30:00,29.89,30.08,29.83,29.85,193231
2016-08-18 17:00:00,29.85,29.97,29.84,29.94,154985
2016-08-18 17:30:00,29.93,30.01,29.92,30.0,104249
2016-08-18 18:00:00,30.0,30.02,29.95,29.97,114514
2016-08-18 18:30:00,29.97,30.0,29.92,29.93,85042
2016-08-18 19:00:00,29.93,29.96,29.86,29.91,177156
2016-08-18 19:30:00,29.91,29.96,29.88,29.95,104010
2016-08-18 20:00:00,29.95,30.04,29.95,30.04,149263
2016-08-18 20:30:00,30.04,30.1,30.04,30.09,118882
2016-08-18 21:00:00,30.09,30.14,30.05,30.11,157299
2016-08-18 21:30:00,30.11,30.16,30.11,30.12,287602
2016-08-18 22:00:00,30.12,30.17,30.11,30.11,268167
2016-08-18 22:30:00,30.11,30.18,30.09,30.16,517755
2016-08-19 16:30:00,29.95,30.18,29.91,30.08,486315
2016-08-19 17:00:00,30.08,30.18,30.02,30.17,305948
2016-08-19 17:30:00,30.17,30.24,30.15,30.22,163232
2016-08-19 18:00:00,30.22,30.26,30.17,30.21,156029
2016-08-19 18:30:00,30.21,30.26,30.16,30.26,111085
2016-08-19 19:00:00,30.27,30.34,30.26,30.33,89517
2016-08-19 19:30:00,30.32,30.32,30.21,30.22,80355
2016-08-19 20:00:00,30.23,30.3,30.22,30.3,127268
2016-08-19 20:30:00,30.29,30.3,30.23,30.29,93030
2016-08-19 21:00:00,30.29,30.33,30.26,30.26,158335
2016-08-19 21:30:00,30.27,30.37,30.26,30.35,137255
2016-08-19 22:00:00,30.35,30.42,30.34,30.38,193071
2016-08-19 22:30:00,30.39,30.4,30.29,30.29,431172
2016-08-22 16:30:00,30.14,30.33,30.06,30.1,230614
2016-08-22 17:00:00,30.1,30.27,30.03,30.21,189546
2016-08-22 17:30:00,30.21,30.31,30.2,30.22,188809
2016-08-22 18:00:00,30.23,30.24,30.09,30.1,136176
2016-08-22 18:30:00,30.1,30.16,30.08,30.14,96788
2016-08-22 19:00:00,30.14,30.23,30.09,30.2,126081
2016-08-22 19:30:00,30.2,30.24,30.16,30.22,105132
2016-08-22 20:00:00,30.21,30.24,30.17,30.2,153663
2016-08-22 20:30:00,30.2,30.27,30.17,30.25,95782
2016-08-22 21:00:00,30.25,30.38,30.25,30.33,198021
2016-08-22 21:30:00,30.33,30.39,30.32,30.38,164497
2016-08-22 22:00:00,30.37,30.42,30.32,30.34,281835
2016-08-22 22:30:00,30.34,30.35,30.25,30.28,383327
2016-08-23 16:30:00,30.55,30.72,30.55,30.66,211016
2016-08-23 17:00:00,30.67,30.71,30.52,30.56,118232
2016-08-23 17:30:00,30.56,30.62,30.54,30.6,135324
2016-08-23 18:00:00,30.59,30.6,30.54,30.57,156406
2016-08-23 18:30:00,30.57,30.63,30.56,30.6,148355
2016-08-23 19:00:00,30.61,30.62,30.56,30.61,98305
2016-08-23 19:30:00,30.61,30.63,30.59,30.62,95304
2016-08-23 20:00:00,30.62,30.68,30.61,30.66,71958
2016-08-23 20:30:00,30.66,30.69,30.64,30.67,75972
2016-08-23 21:00:00,30.67,30.67,30.59,30.62,83992
2016-08-23 21:30:00,30.62,30.62,30.56,30.59,183684
2016-08-23 22:00:00,30.58,30.61,30.55,30.57,106471
2016-08-23 22:30:00,30.57,30.62,30.56,30.6,421054
2016-08-24 16:30:00,30.73,30.74,30.55,30.64,197797
2016-08-24 17:00:00,30.64,30.7,30.61,30.66,188988
2016-08-24 17:30:00,30.66,30.69,30.62,30.69,127838
2016-08-24 18:00:00,30.69,30.74,30.65,30.71,138995
2016-08-24 18:30:00,30.7,30.73,30.64,30.69,132747
2016-08-24 19:00:00,30.69,30.75,30.68,30.71,128978
2016-08-24 19:30:00,30.71,30.8,30.7,30.8,89393
2016-08-24 20:00:00,30.8,30.8,30.75,30.78,89380
2016-08-24 20:30:00,30.78,30.79,30.71,30.78,103151
2016-08-24 21:00:00,30.78,30.79,30.67,30.7,108031
2016-08-24 21:30:00,30.69,30.72,30.65,30.72,304992
2016-08-24 22:00:00,30.72,30.74,30.64,30.65,335751
2016-08-24 22:30:00,30.65,30.69,30.59,30.68,706805
2016-08-25 16:30:00,30.56,30.65,30.4,30.57,256932
2016-08-25 17:00:00,30.56,30.73,30.56,30.56,369485
2016-08-25 17:30:00,30.57,30.58,30.44,30.53,264030
2016-08-25 18:00:00,30.54,30.64,30.54,30.61,149938
2016-08-25 18:30:00,30.61,30.62,30.52,30.55,136290
2016-08-25 19:00:00,30.56,30.6,30.5,30.55,399432
2016-08-25 19:30:00,30.56,30.64,30.54,30.57,108390
2016-08-25 20:00:00,30.57,30.63,30.55,30.63,518055
2016-08-25 20:30:00,30.62,30.68,30.51,30.61,209667
2016-08-25 21:00:00,30.62,30.73,30.57,30.72,293585
2016-08-25 21:30:00,30.71,30.73,30.6,30.63,179770
2016-08-25 22:00:00,30.63,30.67,30.6,30.65,221672
2016-08-25 22:30:00,30.64,30.75,30.61,30.75,905562
2016-08-26 16:30:00,30.91,31.02,30.88,30.93,236195
2016-08-26 17:00:00,30.93,31.18,30.86,31.03,335817
2016-08-26 17:30:00,31.03,31.07,30.94,31.02,244745
2016-08-26 18:00:00,31.03,31.12,30.99,31.08,173071
2016-08-26 18:30:00,31.08,31.11,30.93,30.94,170249
2016-08-26 19:00:00,30.94,30.94,30.75,30.91,192306
2016-08-26 19:30:00,30.91,30.95,30.86,30.93,147801
2016-08-26 20:00:00,30.93,30.98,30.82,30.9,255989
2016-08-26 20:30:00,30.9,30.99,30.77,30.82,856083
2016-08-26 21:00:00,30.81,30.84,30.7,30.74,190875
2016-08-26 21:30:00,30.75,30.77,30.69,30.77,141498
2016-08-26 22:00:00,30.76,30.92,30.72,30.89,236484
2016-08-26 22:30:00,30.9,30.96,30.87,30.88,563171
2016-08-29 16:30:00,30.92,31.14,30.92,31.1,173702
2016-08-29 17:00:00,31.08,31.26,31.08,31.24,199147
2016-08-29 17:30:00,31.25,31.3,31.19,31.28,138641
2016-08-29 18:00:00,31.28,31.33,31.23,31.3,155267
2016-08-29 18:30:00,31.31,31.32,31.21,31.22,452519
2016-08-29 19:00:00,31.22,31.25,31.18,31.2,188691
2016-08-29 19:30:00,31.2,31.21,31.16,31.18,107433
2016-08-29 20:00:00,31.18,31.19,31.12,31.12,112406
2016-08-29 20:30:00,31.13,31.14,31.08,31.11,107880
2016-08-29 21:00:00,31.11,31.11,31.06,31.07,117499
2016-08-29 21:30:00,31.08,31.09,30.98,30.98,244879
2016-08-29 22:00:00,30.98,31.01,30.94,30.97,175022
2016-08-29 22:30:00,30.97,31.0,30.94,30.97,456745
2016-08-30 16:30:00,31.1,31.31,31.07,31.3,260337
2016-08-30 17:00:00,31.3,31.31,31.16,31.22,189666
2016-08-30 17:30:00,31.21,31.24,31.07,31.19,197696
2016-08-30 18:00:00,31.18,31.25,31.16,31.19,161080
2016-08-30 18:30:00,31.19,31.26,31.16,31.24,262645
2016-08-30 19:00:00,31.23,31.34,31.23,31.24,298401
2016-08-30 19:30:00,31.24,31.26,31.18,31.19,203213
2016-08-30 20:00:00,31.19,31.2,31.1,31.15,195431
2016-08-30 20:30:00,31.15,31.21,31.11,31.11,242002
2016-08-30 21:00:00,31.11,31.11,31.01,31.05,302729
2016-08-30 21:30:00,31.05,31.21,31.04,31.16,136583
2016-08-30 22:00:00,31.17,31.29,31.14,31.2,371972
2016-08-30 22:30:00,31.19,31.26,31.16,31.2,1103128
2016-08-31 16:30:00,31.26,31.47,31.23,31.44,222093
2016-08-31 17:00:00,31.47,31.49,31.34,31.34,472283
2016-08-31 17:30:00,31.34,31.36,31.2,31.21,176711
2016-08-31 18:00:00,31.21,31.21,31.09,31.16,181924
2016-08-31 18:30:00,31.16,31.17,31.05,31.05,142868
2016-08-31 19:00:00,31.04,31.04,30.98,31.04,139492
2016-08-31 19:30:00,31.03,31.09,31.0,31.07,149265
2016-08-31 20:00:00,31.07,31.08,31.0,31.02,172466
2016-08-31 20:30:00,31.03,31.14,31.0,31.13,191922
2016-08-31 21:00:00,31.13,31.22,31.12,31.2,119415
2016-08-31 21:30:00,31.19,31.2,31.01,31.01,214341
2016-08-31 22:00:00,31.01,31.19,31.01,31.17,229570
2016-08-31 22:30:00,31.17,31.21,31.14,31.18,753304
2016-09-01 16:30:00,31.32,31.51,31.27,31.4,291103
2016-09-01 17:00:00,31.38,31.42,31.08,31.09,224781
2016-09-01 17:30:00,31.1,31.1,30.87,30.89,186676
2016-09-01 18:00:00,30.88,30.99,30.79,30.96,192854
2016-09-01 18:30:00,30.96,30.97,30.83,30.95,168948
2016-09-01 19:00:00,30.95,31.11,30.9,31.09,124550
2016-09-01 19:30:00,31.09,31.17,31.04,31.04,70479
2016-09-01 20:00:00,31.04,31.14,31.04,31.13,83582
2016-09-01 20:30:00,31.14,31.15,31.08,31.09,99263
2016-09-01 21:00:00,31.09,31.09,30.98,31.06,192134
2016-09-01 21:30:00,31.05,31.1,31.01,31.07,136869
2016-09-01 22:00:00,31.06,31.08,30.98,31.04,150359
2016-09-01 22:30:00,31.04,31.13,31.02,31.1,565065
2016-09-02 16:30:00,31.3,31.46,31.14,31.46,173236
2016-09-02 17:00:00,31.46,31.55,31.37,31.45,132985
2016-09-02 17:30:00,31.45,31.51,31.41,31.42,108853
2016-09-02 18:00:00,31.43,31.52,31.4,31.4,164590
2016-09-02 18:30:00,31.4,31.42,31.34,31.39,93295
2016-09-02 19:00:00,31.39,31.43,31.27,31.3,75314
2016-09-02 19:30:00,31.3,31.37,31.29,31.32,71702
2016-09-02 20:00:00,31.33,31.39,31.3,31.39,74686
2016-09-02 20:30:00,31.39,31.39,31.3,31.34,48426
2016-09-02 21:00:00,31.33,31.45,31.32,31.43,108925
2016-09-02 21:30:00,31.44,31.45,31.41,31.45,76627
2016-09-02 22:00:00,31.45,31.51,31.43,31.48,166140
2016-09-02 22:30:00,31.47,31.51,31.43,31.47,402783
2016-09-06 16:30:00,31.48,31.65,31.34,31.46,239648
2016-09-06 17:00:00,31.45,31.45,31.2,31.24,325885
2016-09-06 17:30:00,31.24,31.32,31.2,31.29,198428
2016-09-06 18:00:00,31.29,31.33,31.21,31.31,174848
2016-09-06 18:30:00,31.31,31.35,31.27,31.35,170755
2016-09-06 19:00:00,31.35,31.4,31.34,31.36,186844
2016-09-06 19:30:00,31.35,31.44,31.35,31.41,208516
2016-09-06 20:00:00,31.42,31.43,31.34,31.37,106024
2016-09-06 20:30:00,31.36,31.4,31.35,31.38,113229
2016-09-06 21:00:00,31.38,31.39,31.33,31.33,144124
2016-09-06 21:30:00,31.33,31.35,31.27,31.33,217886
2016-09-06 22:00:00,31.34,31.35,31.27,31.27,135128
2016-09-06 22:30:00,31.28,31.32,31.25,31.32,500063
2016-09-07 16:30:00,31.24,31.55,31.19,31.54,316381
2016-09-07 17:00:00,31.55,31.64,31.53,31.58,206638
2016-09-07 17:30:00,31.58,31.6,31.4,31.45,159477
2016-09-07 18:00:00,31.45,31.55,31.44,31.5,176697
2016-09-07 18:30:00,31.5,31.55,31.48,31.52,115857
2016-09-07 19:00:00,31.52,31.55,31.39,31.43,97019
2016-09-07 19:30:00,31.43,31.51,31.42,31.49,52034
2016-09-07 20:00:00,31.49,31.58,31.47,31.58,85597
2016-09-07 20:30:00,31.57,31.59,31.52,31.52,84313
2016-09-07 21:00:00,31.52,31.6,31.51,31.53,75549
2016-09-07 21:30:00,31.53,31.53,31.47,31.49,132475
2016-09-07 22:00:00,31.48,31.54,31.47,31.5,133758
2016-09-07 22:30:00,31.5,31.52,31.45,31.47,358196
2016-09-08 16:30:00,31.46,31.62,31.42,31.47,154255
2016-09-08 17:00:00,31.45,31.5,31.38,31.44,158504
2016-09-08 17:30:00,31.44,31.51,31.41,31.42,149496
2016-09-08 18:00:00,31.43,31.58,31.42,31.57,151065
2016-09-08 18:30:00,31.56,31.59,31.51,31.59,125356
2016-09-08 19:00:00,31.58,31.64,31.56,31.57,85155
2016-09-08 19:30:00,31.58,31.63,31.55,31.61,75917
2016-09-08 20:00:00,31.6,31.62,31.54,31.55,70448
2016-09-08 20:30:00,31.56,31.56,31.47,31.53,108305
2016-09-08 21:00:00,31.53,31.53,31.47,31.5,134762
2016-09-08 21:30:00,31.5,31.54,31.48,31.5,126268
2016-09-08 22:00:00,31.51,31.52,31.47,31.49,118665
2016-09-08 22:30:00,31.49,31.57,31.48,31.48,617040
2016-09-09 16:30:00,31.36,31.47,31.13,31.14,454652
2016-09-09 17:00:00,31.14,31.22,31.01,31.13,458534
2016-09-09 17:30:00,31.12,31.18,31.0,31.18,393486
2016-09-09 18:00:00,31.19,31.31,31.17,31.21,171339
2016-09-09 18:30:00,31.2,31.2,31.02,31.05,150966
2016-09-09 19:00:00,31.05,31.13,31.04,31.13,110140
2016-09-09 19:30:00,31.13,31.14,31.07,31.13,76015
2016-09-09 20:00:00,31.13,31.13,31.0,31.1,74871
2016-09-09 20:30:00,31.11,31.11,30.98,31.03,117881
2016-09-09 21:00:00,31.03,31.03,30.86,30.95,208652
2016-09-09 21:30:00,30.95,31.01,30.8,30.98,331909
2016-09-09 22:00:00,30.99,31.01,30.88,30.98,261913
2016-09-09 22:30:00,30.98,30.99,30.76,30.77,974199
2016-09-12 16:30:00,30.49,30.62,30.07,30.39,733711
2016-09-12 17:00:00,30.38,30.63,30.35,30.61,328740
2016-09-12 17:30:00,30.62,30.67,30.5,30.63,239539
2016-09-12 18:00:00,30.63,30.76,30.41,30.75,296816
2016-09-12 18:30:00,30.75,31.05,30.69,31.03,221947
2016-09-12 19:00:00,31.03,31.14,31.0,31.1,213759
2016-09-12 19:30:00,31.11,31.34,31.1,31.33,195242
2016-09-12 20:00:00,31.33,31.42,31.06,31.08,295778
2016-09-12 20:30:00,31.09,31.38,31.06,31.36,176890
2016-09-12 21:00:00,31.36,31.54,31.34,31.47,230488
2016-09-12 21:30:00,31.48,31.65,31.47,31.57,276035
2016-09-12 22:00:00,31.58,31.69,31.57,31.69,237452
2016-09-12 22:30:00,31.69,31.76,31.6,31.61,848936
2016-09-13 16:30:00,30.92,30.96,30.66,30.84,1157482
2016-09-13 17:00:00,30.84,30.91,30.71,30.75,374667
2016-09-13 17:30:00,30.75,30.81,30.55,30.58,202279
2016-09-13 18:00:00,30.58,30.6,30.36,30.36,163108
2016-09-13 18:30:00,30.36,30.42,30.29,30.42,199058
2016-09-13 19:00:00,30.42,30.53,30.39,30.39,197819
2016-09-13 19:30:00,30.39,30.46,30.36,30.41,156293
2016-09-13 20:00:00,30.41,30.68,30.4,30.68,224831
2016-09-13 20:30:00,30.69,30.78,30.48,30.54,231899
2016-09-13 21:00:00,30.54,30.59,30.46,30.46,173951
2016-09-13 21:30:00,30.46,30.58,30.39,30.44,224060
2016-09-13 22:00:00,30.44,30.57,30.39,30.55,301833
2016-09-13 22:30:00,30.56,30.62,30.42,30.5,789810
2016-09-14 16:30:00,30.46,30.56,30.25,30.44,317948
2016-09-14 17:00:00,30.44,30.7,30.4,30.64,417691
2016-09-14 17:30:00,30.65,30.76,30.48,30.53,352009
2016-09-14 18:00:00,30.52,30.6,30.43,30.51,182292
2016-09-14 18:30:00,30.52,30.59,30.45,30.53,168761
2016-09-14 19:00:00,30.54,30.61,30.48,30.57,289586
2016-09-14 19:30:00,30.58,30.58,30.44,30.54,177843
2016-09-14 20:00:00,30.53,30.62,30.51,30.58,268320
2016-09-14 20:30:00,30.58,30.61,30.41,30.5,291511
2016-09-14 21:00:00,30.49,30.52,30.33,30.42,311023
2016-09-14 21:30:00,30.41,30.52,30.38,30.47,252689
2016-09-14 22:00:00,30.47,30.49,30.23,30.23,315093
2016-09-14 22:30:00,30.24,30.39,30.24,30.33,846108
2016-09-15 16:30:00,30.14,30.51,30.07,30.46,382162
2016-09-15 17:00:00,30.45,30.61,30.4,30.5,247525
2016-09-15 17:30:00,30.5,30.61,30.43,30.6,189724
2016-09-15 18:00:00,30.61,30.73,30.55,30.71,201139
2016-09-15 18:30:00,30.72,30.73,30.62,30.64,150198
2016-09-15 19:00:00,30.64,30.71,30.63,30.65,104831
2016-09-15 19:30:00,30.65,30.67,30.57,30.61,123694
2016-09-15 20:00:00,30.62,30.71,30.6,30.66,154442
2016-09-15 20:30:00,30.67,30.78,30.66,30.77,130046
2016-09-15 21:00:00,30.77,30.88,30.75,30.83,125976
2016-09-15 21:30:00,30.84,30.85,30.77,30.77,126680
2016-09-15 22:00:00,30.78,30.81,30.68,30.76,194413
2016-09-15 22:30:00,30.75,30.8,30.68,30.69,540246
2016-09-16 16:30:00,30.37,30.41,29.88,30.08,885304
2016-09-16 17:00:00,30.07,30.09,29.92,29.97,301996
2016-09-16 17:30:00,29.96,30.05,29.9,29.94,291043
2016-09-16 18:00:00,29.94,30.03,29.93,30.01,185088
2016-09-16 18:30:00,30.01,30.15,30.01,30.12,300501
2016-09-16 19:00:00,30.13,30.19,30.08,30.15,232578
2016-09-16 19:30:00,30.17,30.2,30.06,30.08,193675
2016-09-16 20:00:00,30.07,30.14,30.06,30.1,269114
2016-09-16 20:30:00,30.09,30.1,29.97,30.02,123698
2016-09-16 21:00:00,30.01,30.06,29.98,30.03,248485
2016-09-16 21:30:00,30.03,30.16,30.03,30.07,323037
2016-09-16 22:00:00,30.07,30.12,29.98,30.0,365631
2016-09-16 22:30:00,30.0,30.24,29.99,30.17,1084503
2016-09-19 16:30:00,30.4,30.68,30.32,30.61,272362
2016-09-19 17:00:00,30.62,30.73,30.61,30.73,248409
2016-09-19 17:30:00,30.72,30.76,30.65,30.7,126937
2016-09-19 18:00:00,30.7,30.81,30.68,30.71,188207
2016-09-19 18:30:00,30.72,30.85,30.69,30.84,116788
2016-09-19 19:00:00,30.83,30.83,30.6,30.65,113183
2016-09-19 19:30:00,30.64,30.69,30.48,30.49,154700
2016-09-19 20:00:00,30.48,30.5,30.39,30.41,132921
2016-09-19 20:30:00,30.41,30.43,30.26,30.42,143944
2016-09-19 21:00:00,30.42,30.53,30.41,30.48,131953
2016-09-19 21:30:00,30.49,30.54,30.46,30.51,137815
2016-09-19 22:00:00,30.51,30.52,30.35,30.35,180536
2016-09-19 22:30:00,30.36,30.39,30.29,30.3,548891
2016-09-20 16:30:00,30.66,30.7,30.52,30.58,272275
2016-09-20 17:00:00,30.58,30.69,30.52,30.63,235939
2016-09-20 17:30:00,30.63,30.64,30.38,30.44,456169
2016-09-20 18:00:00,30.43,30.84,30.42,30.71,542818
2016-09-20 18:30:00,30.71,30.75,30.58,30.64,193044
2016-09-20 19:00:00,30.64,30.68,30.55,30.6,113612
2016-09-20 19:30:00,30.59,30.62,30.39,30.4,179100
2016-09-20 20:00:00,30.41,30.54,30.4,30.52,123312
2016-09-20 20:30:00,30.53,30.65,30.51,30.61,193028
2016-09-20 21:00:00,30.61,30.66,30.54,30.55,134668
2016-09-20 21:30:00,30.54,30.58,30.49,30.56,232034
2016-09-20 22:00:00,30.57,30.63,30.54,30.57,198467
2016-09-20 22:30:00,30.57,30.58,30.48,30.48,558763
2016-09-21 16:30:00,30.74,30.92,30.74,30.91,164099
2016-09-21 17:00:00,30.91,30.92,30.7,30.73,154535
2016-09-21 17:30:00,30.74,30.79,30.66,30.69,111993
2016-09-21 18:00:00,30.69,30.81,30.67,30.8,102855
2016-09-21 18:30:00,30.79,30.81,30.73,30.81,109894
2016-09-21 19:00:00,30.8,30.85,30.61,30.65,133780
2016-09-21 19:30:00,30.66,30.75,30.63,30.71,110592
2016-09-21 20:00:00,30.71,30.78,30.58,30.59,105577
2016-09-21 20:30:00,30.58,30.63,30.52,30.56,210537
2016-09-21 21:00:00,30.57,30.76,30.41,30.48,396905
2016-09-21 21:30:00,30.48,30.65,30.48,30.62,314729
2016-09-21 22:00:00,30.63,30.81,30.6,30.74,358899
2016-09-21 22:30:00,30.73,30.91,30.72,30.84,541213
2016-09-22 16:30:00,31.12,31.3,31.09,31.3,127424
2016-09-22 17:00:00,31.3,31.31,31.19,31.29,163465
2016-09-22 17:30:00,31.29,31.38,31.25,31.25,117122
2016-09-22 18:00:00,31.25,31.26,31.07,31.1,134464
2016-09-22 18:30:00,31.1,31.18,30.98,30.98,125624
2016-09-22 19:00:00,30.99,31.02,30.95,31.01,133680
2016-09-22 19:30:00,31.0,31.07,30.99,31.06,129437
2016-09-22 20:00:00,31.05,31.07,31.02,31.04,96033
2016-09-22 20:30:00,31.05,31.05,30.98,31.02,145067
2016-09-22 21:00:00,31.02,31.06,30.96,30.98,179498
2016-09-22 21:30:00,30.98,31.07,30.94,31.05,164523
2016-09-22 22:00:00,31.04,31.11,31.04,31.07,260433
2016-09-22 22:30:00,31.08,31.13,31.07,31.1,627726
2016-09-23 16:30:00,30.95,31.05,30.83,30.98,259731
2016-09-23 17:00:00,30.99,31.06,30.92,30.93,250806
2016-09-23 17:30:00,30.94,30.97,30.87,30.88,97120
2016-09-23 18:00:00,30.88,30.94,30.85,30.89,95569
2016-09-23 18:30:00,30.88,30.95,30.79,30.8,107524
2016-09-23 19:00:00,30.8,30.8,30.67,30.68,104814
2016-09-23 19:30:00,30.67,30.69,30.56,30.59,71056
2016-09-23 20:00:00,30.6,30.61,30.53,30.58,93300
2016-09-23 20:30:00,30.59,30.6,30.5,30.53,94691
2016-09-23 21:00:00,30.54,30.6,30.51,30.58,75528
2016-09-23 21:30:00,30.58,30.63,30.56,30.62,68191
2016-09-23 22:00:00,30.61,30.68,30.6,30.65,115346
2016-09-23 22:30:00,30.66,30.7,30.54,30.55,337220
2016-09-26 16:30:00,30.28,30.47,30.13,30.45,308646
2016-09-26 17:00:00,30.44,30.67,30.43,30.52,240553
2016-09-26 17:30:00,30.53,30.65,30.51,30.64,131610
2016-09-26 18:00:00,30.62,30.67,30.53,30.53,156586
2016-09-26 18:30:00,30.52,30.59,30.48,30.55,152599
2016-09-26 19:00:00,30.54,30.57,30.43,30.43,151466
2016-09-26 19:30:00,30.44,30.45,30.31,30.34,158429
2016-09-26 20:00:00,30.34,30.35,30.22,30.23,96624
2016-09-26 20:30:00,30.24,30.32,30.23,30.3,132800
2016-09-26 21:00:00,30.3,30.41,30.3,30.38,112024
2016-09-26 21:30:00,30.38,30.38,30.29,30.31,133742
2016-09-26 22:00:00,30.31,30.38,30.27,30.34,202345
2016-09-26 22:30:00,30.34,30.36,30.26,30.29,455668
2016-09-27 16:30:00,30.34,30.49,30.06,30.49,259657
2016-09-27 17:00:00,30.48,30.61,30.45,30.47,196551
2016-09-27 17:30:00,30.47,30.53,30.36,30.39,112832
2016-09-27 18:00:00,30.39,30.58,30.38,30.55,76351
2016-09-27 18:30:00,30.56,30.65,30.55,30.58,180365
2016-09-27 19:00:00,30.58,30.72,30.55,30.71,113883
2016-09-27 19:30:00,30.71,30.73,30.61,30.66,95057
2016-09-27 20:00:00,30.66,30.69,30.63,30.68,72612
2016-09-27 20:30:00,30.68,30.71,30.64,30.67,60465
2016-09-27 21:00:00,30.66,30.69,30.62,30.65,105883
2016-09-27 21:30:00,30.64,30.66,30.6,30.61,81500
2016-09-27 22:00:00,30.61,30.7,30.61,30.62,136886
2016-09-27 22:30:00,30.63,30.72,30.59,30.72,396916
2016-09-28 16:30:00,30.89,30.98,30.74,30.8,227736
2016-09-28 17:00:00,30.8,30.85,30.71,30.78,211075
2016-09-28 17:30:00,30.79,30.81,30.55,30.61,144121
2016-09-28 18:00:00,30.61,30.63,30.52,30.58,134860
2016-09-28 18:30:00,30.58,30.61,30.52,30.61,118010
2016-09-28 19:00:00,30.6,30.69,30.57,30.63,113943
2016-09-28 19:30:00,30.63,30.71,30.58,30.66,100299
2016-09-28 20:00:00,30.66,30.79,30.61,30.78,127911
2016-09-28 20:30:00,30.78,30.85,30.76,30.77,151464
2016-09-28 21:00:00,30.76,30.96,30.74,30.93,173545
2016-09-28 21:30:00,30.93,30.99,30.88,30.99,207622
2016-09-28 22:00:00,30.99,30.99,30.93,30.93,168516
2016-09-28 22:30:00,30.94,31.0,30.93,30.98,466627
2016-09-29 16:30:00,30.84,31.09,30.81,31.01,150041
2016-09-29 17:00:00,31.02,31.13,30.93,31.13,83247
2016-09-29 17:30:00,31.12,31.16,31.08,31.08,150898
2016-09-29 18:00:00,31.08,31.1,30.93,30.97,101116
2016-09-29 18:30:00,30.97,31.08,30.96,31.02,117919
2016-09-29 19:00:00,31.02,31.19,31.0,31.15,147592
2016-09-29 19:30:00,31.15,31.16,30.64,30.66,200759
2016-09-29 20:00:00,30.65,30.69,30.51,30.56,182621
2016-09-29 20:30:00,30.57,30.61,30.17,30.25,270732
2016-09-29 21:00:00,30.24,30.54,30.23,30.53,179609
2016-09-29 21:30:00,30.53,30.61,30.49,30.51,102697
2016-09-29 22:00:00,30.51,30.59,30.41,30.51,256070
2016-09-29 22:30:00,30.51,30.58,30.41,30.43,644259
2016-09-30 16:30:00,30.81,31.02,30.57,30.64,223519
2016-09-30 17:00:00,30.64,30.8,30.64,30.8,111052
2016-09-30 17:30:00,30.81,30.88,30.76,30.83,132639
2016-09-30 18:00:00,30.84,31.1,30.83,31.08,122989
2016-09-30 18:30:00,31.09,31.14,30.93,31.0,284836
2016-09-30 19:00:00,31.0,31.05,30.97,30.99,162216
2016-09-30 19:30:00,31.0,31.09,30.99,31.0,120259
2016-09-30 20:00:00,30.99,31.08,30.99,31.03,96445
2016-09-30 20:30:00,31.04,31.13,31.01,31.11,84163
2016-09-30 21:00:00,31.1,31.21,31.06,31.2,151016
2016-09-30 21:30:00,31.2,31.35,31.19,31.34,284204
2016-09-30 22:00:00,31.34,31.43,31.33,31.38,205658
2016-09-30 22:30:00,31.37,31.39,31.26,31.27,774158
2016-10-03 16:30:00,31.24,31.71,31.15,31.33,309158
2016-10-03 17:00:00,31.33,31.54,31.32,31.35,277349
2016-10-03 17:30:00,31.35,31.55,31.31,31.51,173156
2016-10-03 18:00:00,31.51,31.66,31.44,31.57,163246
2016-10-03 18:30:00,31.57,31.59,31.49,31.55,153905
2016-10-03 19:00:00,31.54,31.62,31.46,31.49,163869
2016-10-03 19:30:00,31.49,31.52,31.46,31.5,190072
2016-10-03 20:00:00,31.51,31.62,31.48,31.57,202522
2016-10-03 20:30:00,31.56,31.56,31.41,31.44,357824
2016-10-03 21:00:00,31.44,31.49,31.37,31.38,287392
2016-10-03 21:30:00,31.37,31.42,31.3,31.38,155278
2016-10-03 22:00:00,31.38,31.47,31.37,31.43,288050
2016-10-03 22:30:00,31.43,31.52,31.4,31.47,717595
2016-10-04 16:30:00,31.54,31.59,31.24,31.28,385317
2016-10-04 17:00:00,31.29,31.33,31.0,31.2,385454
2016-10-04 17:30:00,31.22,31.53,31.22,31.52,235228
2016-10-04 18:00:00,31.53,31.53,31.27,31.44,254723
2016-10-04 18:30:00,31.44,31.68,31.44,31.6,380368
2016-10-04 19:00:00,31.6,31.67,31.55,31.62,220372
2016-10-04 19:30:00,31.62,31.65,31.46,31.53,197892
2016-10-04 20:00:00,31.53,31.56,31.33,31.4,141338
2016-10-04 20:30:00,31.41,31.46,31.38,31.4,124730
2016-10-04 21:00:00,31.4,31.45,31.3,31.36,160922
2016-10-04 21:30:00,31.36,31.46,31.29,31.31,182692
2016-10-04 22:00:00,31.31,31.45,31.3,31.44,197139
2016-10-04 22:30:00,31.44,31.51,31.38,31.4,666199
2016-10-05 16:30:00,31.56,31.84,31.55,31.75,286676
2016-10-05 17:00:00,31.76,31.85,31.7,31.82,248529
2016-10-05 17:30:00,31.81,31.92,31.77,31.91,175171
2016-10-05 18:00:00,31.91,31.97,31.9,31.92,150316
2016-10-05 18:30:00,31.93,31.97,31.89,31.9,88829
2016-10-05 19:00:00,31.9,32.01,31.9,31.99,135726
2016-10-05 19:30:00,31.99,32.01,31.9,31.91,148622
2016-10-05 20:00:00,31.9,32.0,31.9,32.0,83688
2016-10-05 20:30:00,31.99,32.0,31.94,31.95,56117
2016-10-05 21:00:00,31.95,31.96,31.91,31.92,85429
2016-10-05 21:30:00,31.92,31.97,31.91,31.95,81700
2016-10-05 22:00:00,31.96,32.01,31.93,31.96,170784
2016-10-05 22:30:00,31.96,32.03,31.94,31.96,659563
2016-10-06 16:30:00,31.87,31.95,31.62,31.7,369757
2016-10-06 17:00:00,31.7,31.85,31.63,31.75,306062
2016-10-06 17:30:00,31.75,31.83,31.71,31.79,196465
2016-10-06 18:00:00,31.79,31.82,31.68,31.82,178915
2016-10-06 18:30:00,31.82,31.87,31.75,31.79,135186
2016-10-06 19:00:00,31.79,31.85,31.77,31.83,93929
2016-10-06 19:30:00,31.82,31.89,31.81,31.86,73593
2016-10-06 20:00:00,31.87,31.91,31.82,31.89,81701
2016-10-06 20:30:00,31.89,31.91,31.8,31.85,118138
2016-10-06 21:00:00,31.85,31.86,31.79,31.82,149284
2016-10-06 21:30:00,31.82,31.85,31.77,31.79,105263
2016-10-06 22:00:00,31.8,31.82,31.78,31.78,131592
2016-10-06 22:30:00,31.78,31.87,31.76,31.83,648574
2016-10-07 16:30:00,31.79,31.9,31.06,31.23,611902
2016-10-07 17:00:00,31.23,31.49,31.23,31.4,369391
2016-10-07 17:30:00,31.39,31.41,31.18,31.2,448739
2016-10-07 18:00:00,31.21,31.33,31.18,31.26,403357
2016-10-07 18:30:00,31.26,31.27,30.88,31.05,238949
2016-10-07 19:00:00,31.05,31.21,31.05,31.12,291451
2016-10-07 19:30:00,31.12,31.15,30.96,31.05,228760
2016-10-07 20:00:00,31.05,31.17,30.97,31.16,188100
2016-10-07 20:30:00,31.17,31.27,31.12,31.19,267471
2016-10-07 21:00:00,31.19,31.26,31.11,31.21,324214
2016-10-07 21:30:00,31.21,31.29,31.21,31.26,510321
2016-10-07 22:00:00,31.26,31.3,31.18,31.25,387905
2016-10-07 22:30:00,31.25,31.31,31.13,31.13,859592
2016-10-10 16:30:00,31.34,31.57,31.32,31.54,416324
2016-10-10 17:00:00,31.54,31.64,31.41,31.41,229246
2016-10-10 17:30:00,31.42,31.47,31.35,31.38,213834
2016-10-10 18:00:00,31.39,31.41,31.27,31.29,324160
2016-10-10 18:30:00,31.3,31.32,31.15,31.3,759161
2016-10-10 19:00:00,31.31,31.37,31.24,31.36,211387
2016-10-10 19:30:00,31.36,31.43,31.34,31.42,156756
2016-10-10 20:00:00,31.42,31.5,31.4,31.45,135077
2016-10-10 20:30:00,31.46,31.46,31.37,31.37,97978
2016-10-10 21:00:00,31.37,31.4,31.23,31.24,249000
2016-10-10 21:30:00,31.23,31.3,31.23,31.25,184464
2016-10-10 22:00:00,31.25,31.34,31.21,31.32,198303
2016-10-10 22:30:00,31.32,31.33,31.22,31.25,732072
2016-10-11 16:30:00,31.09,31.44,31.09,31.23,367442
2016-10-11 17:00:00,31.22,31.22,30.97,31.04,662766
2016-10-11 17:30:00,31.05,31.23,30.88,30.88,172952
2016-10-11 18:00:00,30.88,30.93,30.77,30.79,245487
2016-10-11 18:30:00,30.8,30.86,30.66,30.79,370078
2016-10-11 19:00:00,30.79,30.89,30.75,30.88,161155
2016-10-11 19:30:00,30.87,30.94,30.8,30.89,124019
2016-10-11 20:00:00,30.88,30.89,30.49,30.59,638123
2016-10-11 20:30:00,30.6,30.65,30.41,30.44,301700
2016-10-11 21:00:00,30.43,30.54,30.37,30.46,259102
2016-10-11 21:30:00,30.47,30.51,30.39,30.41,275347
2016-10-11 22:00:00,30.4,30.52,30.37,30.44,183296
2016-10-11 22:30:00,30.45,30.57,30.43,30.54,857862
2016-10-12 16:30:00,30.59,31.11,30.59,31.05,662957
2016-10-12 17:00:00,31.05,31.33,31.0,31.28,526184
2016-10-12 17:30:00,31.27,31.33,31.11,31.17,371956
2016-10-12 18:00:00,31.17,31.2,31.06,31.11,139680
2016-10-12 18:30:00,31.11,31.15,30.98,30.99,320532
2016-10-12 19:00:00,31.0,31.01,30.91,30.91,312050
2016-10-12 19:30:00,30.91,31.02,30.89,30.99,227190
2016-10-12 20:00:00,30.99,31.02,30.95,31.01,345570
2016-10-12 20:30:00,31.0,31.02,30.92,30.95,207700
2016-10-12 21:00:00,30.95,30.97,30.79,30.8,262672
2016-10-12 21:30:00,30.81,30.82,30.73,30.77,349217
2016-10-12 22:00:00,30.76,30.81,30.73,30.79,232530
2016-10-12 22:30:00,30.78,30.84,30.75,30.8,392395
2016-10-13 16:30:00,30.43,30.43,29.75,29.9,339925
2016-10-13 17:00:00,29.89,29.95,29.74,29.85,169935
2016-10-13 17:30:00,29.85,30.07,29.84,30.02,234338
2016-10-13 18:00:00,30.03,30.12,29.94,30.08,183332
2016-10-13 18:30:00,30.08,30.13,29.97,30.0,104988
2016-10-13 19:00:00,29.99,30.1,29.97,30.09,137322
2016-10-13 19:30:00,30.09,30.24,30.09,30.21,78490
2016-10-13 20:00:00,30.21,30.22,30.08,30.18,68985
2016-10-13 20:30:00,30.17,30.31,30.11,30.3,76020
2016-10-13 21:00:00,30.3,30.3,30.18,30.25,78547
2016-10-13 21:30:00,30.25,30.37,30.24,30.35,118435
2016-10-13 22:00:00,30.35,30.41,30.3,30.35,96784
2016-10-13 22:30:00,30.35,30.39,30.27,30.3,357376
2016-10-14 16:30:00,30.53,30.69,30.0,30.16,842243
2016-10-14 17:00:00,30.16,30.35,30.09,30.21,516966
2016-10-14 17:30:00,30.22,30.31,30.1,30.14,181970
2016-10-14 18:00:00,30.13,30.15,29.99,30.0,148430
2016-10-14 18:30:00,30.0,30.07,29.95,30.0,174158
2016-10-14 19:00:00,30.0,30.07,29.94,30.07,172241
2016-10-14 19:30:00,30.07,30.13,29.97,29.97,159862
2016-10-14 20:00:00,29.98,30.03,29.95,29.99,240094
2016-10-14 20:30:00,29.99,30.07,29.92,29.96,296966
2016-10-14 21:00:00,29.96,30.0,29.92,29.99,208209
2016-10-14 21:30:00,30.0,30.01,29.92,29.96,144000
2016-10-14 22:00:00,29.97,30.01,29.95,30.0,216052
2016-10-14 22:30:00,29.99,30.06,29.9,29.91,820400
2016-10-17 16:30:00,29.97,30.07,29.78,29.83,288907
2016-10-17 17:00:00,29.84,29.87,29.74,29.84,297675
2016-10-17 17:30:00,29.84,29.92,29.8,29.81,156858
2016-10-17 18:00:00,29.82,29.83,29.59,29.59,290293
2016-10-17 18:30:00,29.6,29.7,29.59,29.63,373215
2016-10-17 19:00:00,29.64,29.67,29.57,29.59,308036
2016-10-17 19:30:00,29.58,29.62,29.57,29.6,287599
2016-10-17 20:00:00,29.6,29.62,29.52,29.53,177911
2016-10-17 20:30:00,29.54,29.6,29.48,29.51,182187
2016-10-17 21:00:00,29.51,29.65,29.49,29.61,278804
2016-10-17 21:30:00,29.62,29.67,29.59,29.66,230745
2016-10-17 22:00:00,29.65,29.67,29.58,29.59,256866
2016-10-17 22:30:00,29.59,29.62,29.55,29.57,569631
2016-10-18 16:30:00,30.0,30.0,29.59,29.69,352695
2016-10-18 17:00:00,29.7,29.75,29.52,29.62,284064
2016-10-18 17:30:00,29.63,29.74,29.61,29.62,270396
2016-10-18 18:00:00,29.62,29.69,29.59,29.64,604748
2016-10-18 18:30:00,29.64,29.71,29.64,29.65,392580
2016-10-18 19:00:00,29.65,29.66,29.54,29.6,205484
2016-10-18 19:30:00,29.6,29.65,29.54,29.58,246260
2016-10-18 20:00:00,29.58,29.63,29.57,29.61,188833
2016-10-18 20:30:00,29.61,29.71,29.58,29.69,159660
2016-10-18 21:00:00,29.69,29.69,29.61,29.69,175998
2016-10-18 21:30:00,29.69,29.7,29.62,29.65,158861
2016-10-18 22:00:00,29.65,29.67,29.59,29.63,183624
2016-10-18 22:30:00,29.62,29.63,29.55,29.58,697396
2016-10-19 16:30:00,29.74,29.9,29.7,29.84,329104
2016-10-19 17:00:00,29.84,29.87,29.72,29.84,267250
2016-10-19 17:30:00,29.85,29.99,29.85,29.89,251926
2016-10-19 18:00:00,29.89,29.9,29.79,29.85,143518
2016-10-19 18:30:00,29.85,29.87,29.78,29.8,192921
2016-10-19 19:00:00,29.79,29.81,29.76,29.78,153097
2016-10-19 19:30:00,29.78,29.8,29.74,29.74,131515
2016-10-19 20:00:00,29.74,29.85,29.73,29.84,204035
2016-10-19 20:30:00,29.84,29.91,29.83,29.85,135787
2016-10-19 21:00:00,29.86,29.87,29.77,29.79,204385
2016-10-19 21:30:00,29.78,29.83,29.74,29.83,216781
2016-10-19 22:00:00,29.83,29.83,29.74,29.74,278901
2016-10-19 22:30:00,29.75,29.82,29.74,29.76,751071
2016-10-20 16:30:00,29.7,30.0,29.67,29.96,256148
2016-10-20 17:00:00,29.97,30.0,29.75,29.83,229391
2016-10-20 17:30:00,29.84,29.85,29.65,29.71,177326
2016-10-20 18:00:00,29.71,29.87,29.68,29.8,130351
2016-10-20 18:30:00,29.79,29.92,29.74,29.92,165379
2016-10-20 19:00:00,29.9,29.96,29.81,29.83,126472
2016-10-20 19:30:00,29.82,29.89,29.81,29.82,118693
2016-10-20 20:00:00,29.83,29.97,29.82,29.88,204375
2016-10-20 20:30:00,29.87,29.88,29.74,29.78,152846
2016-10-20 21:00:00,29.77,29.82,29.76,29.82,139700
2016-10-20 21:30:00,29.82,29.84,29.77,29.83,137057
2016-10-20 22:00:00,29.84,29.85,29.78,29.78,162759
2016-10-20 22:30:00,29.78,29.88,29.75,29.82,765443
2016-10-21 16:30:00,29.58,29.82,29.5,29.75,325836
2016-10-21 17:00:00,29.75,29.86,29.64,29.83,335303
2016-10-21 17:30:00,29.83,29.9,29.81,29.86,323286
2016-10-21 18:00:00,29.86,29.94,29.78,29.78,212921
2016-10-21 18:30:00,29.79,29.97,29.76,29.92,218469
2016-10-21 19:00:00,29.93,29.98,29.88,29.89,128620
2016-10-21 19:30:00,29.9,29.98,29.89,29.91,78171
2016-10-21 20:00:00,29.91,29.91,29.83,29.86,65493
2016-10-21 20:30:00,29.84,29.92,29.78,29.91,148019
2016-10-21 21:00:00,29.92,29.95,29.85,29.88,194284
2016-10-21 21:30:00,29.88,29.92,29.84,29.86,104215
2016-10-21 22:00:00,29.86,29.91,29.83,29.9,182081
2016-10-21 22:30:00,29.9,29.92,29.8,29.81,651281
2016-10-24 16:30:00,30.01,30.21,29.97,30.14,231215
2016-10-24 17:00:00,30.16,30.17,30.0,30.03,293700
2016-10-24 17:30:00,30.04,30.07,29.98,30.02,246450
2016-10-24 18:00:00,30.01,30.05,29.98,30.02,334415
2016-10-24 18:30:00,30.02,30.12,30.01,30.08,93764
2016-10-24 19:00:00,30.07,30.19,30.05,30.15,579372
2016-10-24 19:30:00,30.16,30.24,30.1,30.12,172928
2016-10-24 20:00:00,30.13,30.14,30.1,30.11,83550
2016-10-24 20:30:00,30.12,30.22,30.11,30.18,84307
2016-10-24 21:00:00,30.18,30.21,30.09,30.14,101000
2016-10-24 21:30:00,30.14,30.17,30.11,30.14,62638
2016-10-24 22:00:00,30.14,30.15,30.09,30.11,197476
2016-10-24 22:30:00,30.1,30.15,30.08,30.09,608803
2016-10-25 16:30:00,30.14,30.24,30.09,30.17,171877
2016-10-25 17:00:00,30.18,30.21,30.06,30.06,150521
2016-10-25 17:30:00,30.07,30.07,29.84,29.91,137283
2016-10-25 18:00:00,29.9,29.97,29.84,29.86,181038
2016-10-25 18:30:00,29.87,29.89,29.75,29.77,185944
2016-10-25 19:00:00,29.77,29.78,29.68,29.69,137336
2016-10-25 19:30:00,29.7,29.73,29.65,29.66,158525
2016-10-25 20:00:00,29.66,29.68,29.58,29.63,178707
2016-10-25 20:30:00,29.62,29.68,29.58,29.67,173425
2016-10-25 21:00:00,29.67,29.7,29.65,29.65,165867
2016-10-25 21:30:00,29.65,29.68,29.59,29.6,176362
2016-10-25 22:00:00,29.6,29.67,29.6,29.63,156769
2016-10-25 22:30:00,29.64,29.65,29.56,29.59,612804
2016-10-26 16:30:00,29.4,29.55,29.28,29.33,321761
2016-10-26 17:00:00,29.33,29.38,29.21,29.24,218671
2016-10-26 17:30:00,29.25,29.5,29.23,29.49,518441
2016-10-26 18:00:00,29.48,29.5,29.39,29.45,350839
2016-10-26 18:30:00,29.45,29.54,29.44,29.47,637057
2016-10-26 19:00:00,29.47,29.54,29.41,29.51,182263
2016-10-26 19:30:00,29.51,29.64,29.49,29.55,334223
2016-10-26 20:00:00,29.55,29.67,29.5,29.65,326415
2016-10-26 20:30:00,29.64,29.68,29.57,29.59,254421
2016-10-26 21:00:00,29.57,29.6,29.49,29.5,277753
2016-10-26 21:30:00,29.5,29.59,29.43,29.58,223367
2016-10-26 22:00:00,29.58,29.67,29.56,29.64,190398
2016-10-26 22:30:00,29.65,29.79,29.63,29.68,1002769
2016-10-27 16:30:00,29.36,29.55,28.72,29.0,859146
2016-10-27 17:00:00,29.0,29.13,28.56,28.63,558528
2016-10-27 17:30:00,28.63,28.84,28.55,28.78,454037
2016-10-27 18:00:00,28.78,29.02,28.76,28.87,381210
2016-10-27 18:30:00,28.88,29.2,28.87,29.14,469836
2016-10-27 19:00:00,29.14,29.22,29.12,29.18,198395
2016-10-27 19:30:00,29.19,29.19,29.06,29.07,181682
2016-10-27 20:00:00,29.07,29.08,28.95,29.01,258392
2016-10-27 20:30:00,29.0,29.1,28.98,29.06,184201
2016-10-27 21:00:00,29.06,29.19,29.03,29.15,569413
2016-10-27 21:30:00,29.15,29.22,29.12,29.2,215561
2016-10-27 22:00:00,29.19,29.22,29.09,29.18,273725
2016-10-27 22:30:00,29.17,29.19,29.08,29.1,955284
2016-10-28 16:30:00,29.16,29.19,28.78,28.91,345721
2016-10-28 17:00:00,28.91,28.91,28.6,28.82,463257
2016-10-28 17:30:00,28.83,28.86,28.7,28.7,253555
2016-10-28 18:00:00,28.7,28.86,28.66,28.81,392051
2016-10-28 18:30:00,28.81,28.86,28.79,28.84,196337
2016-10-28 19:00:00,28.83,28.88,28.82,28.83,173116
2016-10-28 19:30:00,28.83,28.88,28.83,28.84,171149
2016-10-28 20:00:00,28.85,28.87,28.47,28.62,368641
2016-10-28 20:30:00,28.61,28.63,28.32,28.32,205354
2016-10-28 21:00:00,28.31,28.55,28.23,28.49,326258
2016-10-28 21:30:00,28.49,28.62,28.45,28.59,214393
2016-10-28 22:00:00,28.58,28.67,28.48,28.64,206791
2016-10-28 22:30:00,28.64,28.64,28.49,28.54,783502
2016-10-31 16:30:00,28.61,28.62,28.14,28.14,361733
2016-10-31 17:00:00,28.14,28.35,28.14,28.28,485201
2016-10-31 17:30:00,28.28,28.28,28.09,28.16,291508
2016-10-31 18:00:00,28.15,28.19,28.08,28.16,218502
2016-10-31 18:30:00,28.17,28.27,28.13,28.27,220833
2016-10-31 19:00:00,28.26,28.28,28.2,28.23,195286
2016-10-31 19:30:00,28.23,28.26,28.2,28.2,122189
2016-10-31 20:00:00,28.2,28.23,28.16,28.2,153584
2016-10-31 20:30:00,28.19,28.26,28.14,28.18,156830
2016-10-31 21:00:00,28.18,28.22,28.1,28.11,151661
2016-10-31 21:30:00,28.11,28.22,28.1,28.19,205004
2016-10-31 22:00:00,28.2,28.24,28.13,28.16,214443
2016-10-31 22:30:00,28.16,28.21,28.09,28.1,739321
2016-11-01 16:30:00,28.28,28.41,28.02,28.06,192366
2016-11-01 17:00:00,28.04,28.16,28.0,28.08,282101
2016-11-01 17:30:00,28.08,28.13,27.94,28.11,299100
2016-11-01 18:00:00,28.11,28.12,27.98,28.02,146526
2016-11-01 18:30:00,28.01,28.07,27.92,27.94,133769
2016-11-01 19:00:00,27.95,27.99,27.88,27.91,190132
2016-11-01 19:30:00,27.9,27.96,27.83,27.89,195437
2016-11-01 20:00:00,27.89,27.92,27.84,27.91,80343
2016-11-01 20:30:00,27.91,27.91,27.72,27.78,156565
2016-11-01 21:00:00,27.78,27.92,27.68,27.89,363181
2016-11-01 21:30:00,27.88,27.94,27.81,27.82,240121
2016-11-01 22:00:00,27.82,27.97,27.79,27.97,212203
2016-11-01 22:30:00,27.97,28.1,27.91,28.03,484976
2016-11-02 16:30:00,27.95,27.96,27.8,27.89,177797
2016-11-02 17:00:00,27.87,27.93,27.74,27.85,157098
2016-11-02 17:30:00,27.84,27.86,27.69,27.71,271679
2016-11-02 18:00:00,27.71,27.85,27.7,27.73,118353
2016-11-02 18:30:00,27.73,27.78,27.68,27.68,147704
2016-11-02 19:00:00,27.68,27.71,27.59,27.69,210439
2016-11-02 19:30:00,27.69,27.77,27.68,27.73,68690
2016-11-02 20:00:00,27.73,27.76,27.59,27.61,101871
2016-11-02 20:30:00,27.61,27.65,27.47,27.62,418304
2016-11-02 21:00:00,27.62,27.76,27.46,27.71,292840
2016-11-02 21:30:00,27.7,27.77,27.66,27.7,319803
2016-11-02 22:00:00,27.69,27.82,27.67,27.79,327536
2016-11-02 22:30:00,27.8,27.8,27.64,27.68,511956
2016-11-03 16:30:00,27.88,27.9,27.66,27.81,516182
2016-11-03 17:00:00,27.81,27.94,27.63,27.9,388949
2016-11-03 17:30:00,27.9,28.0,27.87,27.98,153358
2016-11-03 18:00:00,27.99,28.0,27.9,27.98,114108
2016-11-03 18:30:00,27.97,28.0,27.91,27.94,110341
2016-11-03 19:00:00,27.94,27.96,27.86,27.91,333475
2016-11-03 19:30:00,27.91,27.92,27.81,27.87,182235
2016-11-03 20:00:00,27.87,27.98,27.84,27.96,330697
2016-11-03 20:30:00,27.95,27.98,27.9,27.93,423650
2016-11-03 21:00:00,27.93,27.98,27.84,27.87,295132
2016-11-03 21:30:00,27.87,27.95,27.85,27.93,226121
2016-11-03 22:00:00,27.93,27.93,27.84,27.85,189841
2016-11-03 22:30:00,27.85,27.87,27.78,27.86,585382
2016-11-04 16:30:00,27.83,27.95,27.58,27.66,258007
2016-11-04 17:00:00,27.67,27.81,27.67,27.79,162981
2016-11-04 17:30:00,27.78,27.95,27.75,27.9,184519
2016-11-04 18:00:00,27.9,28.05,27.84,27.97,319552
2016-11-04 18:30:00,27.97,28.02,27.9,27.98,182566
2016-11-04 19:00:00,27.97,28.12,27.97,28.07,189888
2016-11-04 19:30:00,28.07,28.14,28.06,28.12,185451
2016-11-04 20:00:00,28.13,28.18,28.11,28.14,202750
2016-11-04 20:30:00,28.13,28.17,28.11,28.13,178902
2016-11-04 21:00:00,28.13,28.13,28.0,28.05,200663
2016-11-04 21:30:00,28.05,28.11,27.94,27.96,855952
2016-11-04 22:00:00,27.96,27.96,27.81,27.88,434506
2016-11-04 22:30:00,27.87,27.93,27.82,27.86,935053
2016-11-07 16:30:00,28.58,28.84,28.51,28.82,414680
2016-11-07 17:00:00,28.81,28.89,28.71,28.8,488612
2016-11-07 17:30:00,28.81,28.83,28.66,28.76,184508
2016-11-07 18:00:00,28.77,28.83,28.69,28.73,184019
2016-11-07 18:30:00,28.73,28.78,28.7,28.7,230999
2016-11-07 19:00:00,28.71,28.81,28.7,28.77,174497
2016-11-07 19:30:00,28.77,28.79,28.62,28.67,106398
2016-11-07 20:00:00,28.67,28.69,28.53,28.54,122553
2016-11-07 20:30:00,28.54,28.65,28.54,28.64,173213
2016-11-07 21:00:00,28.64,28.64,28.55,28.57,148771
2016-11-07 21:30:00,28.58,28.59,28.41,28.45,227038
2016-11-07 22:00:00,28.44,28.45,28.37,28.39,218653
2016-11-07 22:30:00,28.39,28.49,28.38,28.48,610114
2016-11-08 16:30:00,28.35,28.35,28.06,28.19,210024
2016-11-08 17:00:00,28.19,28.26,28.13,28.2,206679
2016-11-08 17:30:00,28.2,28.28,28.15,28.25,181595
2016-11-08 18:00:00,28.24,28.48,28.23,28.45,208626
2016-11-08 18:30:00,28.46,28.53,28.41,28.46,172868
2016-11-08 19:00:00,28.47,28.56,28.45,28.5,94685
2016-11-08 19:30:00,28.5,28.56,28.45,28.56,127468
2016-11-08 20:00:00,28.56,28.61,28.48,28.49,172327
2016-11-08 20:30:00,28.5,28.54,28.48,28.49,150657
2016-11-08 21:00:00,28.49,28.51,28.39,28.45,192540
2016-11-08 21:30:00,28.46,28.46,28.32,28.4,143745
2016-11-08 22:00:00,28.4,28.48,28.39,28.44,137468
2016-11-08 22:30:00,28.45,28.52,28.37,28.4,361995
2016-11-09 16:30:00,29.1,29.36,28.57,29.21,429945
2016-11-09 17:00:00,29.22,29.24,28.73,28.84,402808
2016-11-09 17:30:00,28.84,28.91,28.68,28.82,268926
2016-11-09 18:00:00,28.82,29.42,28.82,29.4,294409
2016-11-09 18:30:00,29.41,29.71,29.41,29.55,308401
2016-11-09 19:00:00,29.55,29.57,29.37,29.53,152586
2016-11-09 19:30:00,29.54,29.68,29.46,29.64,215975
2016-11-09 20:00:00,29.65,29.88,29.61,29.78,285355
2016-11-09 20:30:00,29.77,29.98,29.75,29.95,188088
2016-11-09 21:00:00,29.95,30.03,29.85,29.86,210717
2016-11-09 21:30:00,29.87,30.15,29.85,30.09,489618
2016-11-09 22:00:00,30.08,30.28,30.03,30.25,808126
2016-11-09 22:30:00,30.25,30.25,29.99,30.09,954085
2016-11-10 16:30:00,30.09,31.69,30.09,31.54,741127
2016-11-10 17:00:00,31.54,31.71,31.21,31.25,481925
2016-11-10 17:30:00,31.27,31.32,30.72,30.72,393139
2016-11-10 18:00:00,30.71,30.95,30.66,30.84,187690
2016-11-10 18:30:00,30.84,31.26,30.74,31.0,265629
2016-11-10 19:00:00,31.01,31.15,31.0,31.1,255389
2016-11-10 19:30:00,31.1,31.15,30.92,31.02,250640
2016-11-10 20:00:00,31.02,31.09,30.87,30.99,187868
2016-11-10 20:30:00,30.98,31.2,30.9,31.13,246556
2016-11-10 21:00:00,31.14,31.25,31.1,31.17,245045
2016-11-10 21:30:00,31.17,31.24,31.08,31.19,220164
2016-11-10 22:00:00,31.18,31.26,31.05,31.12,279855
2016-11-10 22:30:00,31.11,31.11,30.95,31.01,822444
2016-11-11 16:30:00,30.77,31.09,30.55,30.91,337389
2016-11-11 17:00:00,30.94,31.06,30.8,30.9,312547
2016-11-11 17:30:00,30.9,30.94,30.81,30.85,280083
2016-11-11 18:00:00,30.85,30.85,30.62,30.68,263975
2016-11-11 18:30:00,30.69,30.88,30.64,30.81,284006
2016-11-11 19:00:00,30.8,30.97,30.79,30.93,213940
2016-11-11 19:30:00,30.93,30.96,30.83,30.83,437973
2016-11-11 20:00:00,30.84,30.86,30.69,30.72,631885
2016-11-11 20:30:00,30.72,30.84,30.71,30.8,351058
2016-11-11 21:00:00,30.79,30.84,30.76,30.8,350242
2016-11-11 21:30:00,30.8,30.93,30.79,30.91,227629
2016-11-11 22:00:00,30.9,31.05,30.9,31.04,452825
2016-11-11 22:30:00,31.04,31.24,31.03,31.19,951050
2016-11-14 16:30:00,31.49,31.94,31.35,31.69,458727
2016-11-14 17:00:00,31.67,32.17,31.67,31.96,427171
2016-11-14 17:30:00,31.95,31.99,31.76,31.79,336645
2016-11-14 18:00:00,31.8,31.94,31.75,31.88,350350
2016-11-14 18:30:00,31.87,31.96,31.85,31.91,271057
2016-11-14 19:00:00,31.92,31.92,31.75,31.83,187381
2016-11-14 19:30:00,31.83,31.85,31.74,31.82,294502
2016-11-14 20:00:00,31.82,32.0,31.78,31.94,309624
2016-11-14 20:30:00,31.94,32.02,31.85,31.87,280810
2016-11-14 21:00:00,31.86,31.91,31.77,31.89,267055
2016-11-14 21:30:00,31.88,31.94,31.81,31.94,318422
2016-11-14 22:00:00,31.94,31.96,31.85,31.95,426497
2016-11-14 22:30:00,31.95,31.98,31.85,31.96,661182
2016-11-15 16:30:00,31.59,31.7,31.41,31.59,408484
2016-11-15 17:00:00,31.59,31.93,31.56,31.91,233135
2016-11-15 17:30:00,31.91,32.07,31.85,31.9,306072
2016-11-15 18:00:00,31.9,32.02,31.89,31.92,213086
2016-11-15 18:30:00,31.94,31.99,31.86,31.96,227969
2016-11-15 19:00:00,31.95,31.98,31.89,31.96,213915
2016-11-15 19:30:00,31.96,31.97,31.88,31.88,224541
2016-11-15 20:00:00,31.89,32.04,31.87,32.01,244440
2016-11-15 20:30:00,32.01,32.17,31.97,32.14,189942
2016-11-15 21:00:00,32.14,32.2,32.07,32.13,173858
2016-11-15 21:30:00,32.14,32.29,32.13,32.27,226118
2016-11-15 22:00:00,32.27,32.31,32.22,32.3,283619
2016-11-15 22:30:00,32.3,32.36,32.2,32.32,826529
2016-11-16 16:30:00,31.95,32.3,31.88,31.91,227424
2016-11-16 17:00:00,31.91,32.01,31.87,31.98,194991
2016-11-16 17:30:00,31.97,32.05,31.86,31.91,293336
2016-11-16 18:00:00,31.92,31.98,31.83,31.98,238667
2016-11-16 18:30:00,31.97,32.01,31.91,31.97,137958
2016-11-16 19:00:00,31.96,31.98,31.83,31.89,100488
2016-11-16 19:30:00,31.9,31.9,31.77,31.84,68403
2016-11-16 20:00:00,31.84,31.87,31.77,31.83,136891
2016-11-16 20:30:00,31.82,31.93,31.79,31.89,143050
2016-11-16 21:00:00,31.88,31.97,31.88,31.95,95169
2016-11-16 21:30:00,31.94,31.96,31.87,31.91,102979
2016-11-16 22:00:00,31.9,31.91,31.84,31.85,155766
2016-11-16 22:30:00,31.85,31.88,31.77,31.78,549730
2016-11-17 16:30:00,31.84,32.0,31.63,31.95,259243
2016-11-17 17:00:00,31.96,31.96,31.72,31.76,232285
2016-11-17 17:30:00,31.75,31.85,31.7,31.8,134631
2016-11-17 18:00:00,31.8,31.97,31.77,31.89,88580
2016-11-17 18:30:00,31.89,32.01,31.87,31.93,113351
2016-11-17 19:00:00,31.94,32.0,31.91,32.0,198936
2016-11-17 19:30:00,32.0,32.05,31.93,32.01,214183
2016-11-17 20:00:00,32.0,32.02,31.97,32.01,162830
2016-11-17 20:30:00,32.01,32.05,31.97,32.0,144189
2016-11-17 21:00:00,32.0,32.05,31.98,32.03,220253
2016-11-17 21:30:00,32.02,32.03,31.96,31.98,214340
2016-11-17 22:00:00,31.98,32.02,31.94,31.97,322109
2016-11-17 22:30:00,31.97,31.99,31.87,31.9,508202
2016-11-18 16:30:00,31.91,32.0,31.73,31.8,311594
2016-11-18 17:00:00,31.81,31.99,31.8,31.94,153096
2016-11-18 17:30:00,31.94,31.95,31.78,31.78,171840
2016-11-18 18:00:00,31.79,31.88,31.75,31.87,124085
2016-11-18 18:30:00,31.86,31.86,31.71,31.71,153439
2016-11-18 19:00:00,31.71,31.79,31.64,31.77,348428
2016-11-18 19:30:00,31.78,31.81,31.74,31.81,94392
2016-11-18 20:00:00,31.8,31.8,31.74,31.79,72233
2016-11-18 20:30:00,31.78,31.81,31.73,31.73,139391
2016-11-18 21:00:00,31.74,31.74,31.6,31.63,205030
2016-11-18 21:30:00,31.64,31.66,31.53,31.53,218111
2016-11-18 22:00:00,31.53,31.61,31.5,31.52,333032
2016-11-18 22:30:00,31.53,31.58,31.48,31.52,713138
2016-11-21 16:30:00,31.79,31.8,31.54,31.56,257267
2016-11-21 17:00:00,31.55,31.66,31.34,31.39,225202
2016-11-21 17:30:00,31.4,31.53,31.35,31.53,165859
2016-11-21 18:00:00,31.53,31.61,31.45,31.56,119608
2016-11-21 18:30:00,31.55,31.61,31.52,31.56,119141
2016-11-21 19:00:00,31.56,31.6,31.45,31.54,189544
2016-11-21 19:30:00,31.54,31.62,31.5,31.6,189132
2016-11-21 20:00:00,31.6,31.68,31.57,31.63,107855
2016-11-21 20:30:00,31.64,31.68,31.6,31.62,171830
2016-11-21 21:00:00,31.62,31.64,31.58,31.6,121968
2016-11-21 21:30:00,31.59,31.66,31.55,31.56,211559
2016-11-21 22:00:00,31.56,31.69,31.53,31.68,197166
2016-11-21 22:30:00,31.68,31.8,31.66,31.78,565597
2016-11-22 16:30:00,31.96,31.96,31.69,31.81,216490
2016-11-22 17:00:00,31.81,31.84,31.7,31.8,202959
2016-11-22 17:30:00,31.8,31.81,31.7,31.75,134266
2016-11-22 18:00:00,31.74,31.75,31.58,31.6,153519
2016-11-22 18:30:00,31.6,31.61,31.47,31.48,80158
2016-11-22 19:00:00,31.47,31.52,31.41,31.49,71689
2016-11-22 19:30:00,31.49,31.52,31.45,31.51,116105
2016-11-22 20:00:00,31.5,31.53,31.45,31.46,140095
2016-11-22 20:30:00,31.46,31.57,31.46,31.55,122229
2016-11-22 21:00:00,31.55,31.57,31.52,31.55,204126
2016-11-22 21:30:00,31.55,31.67,31.53,31.66,158157
2016-11-22 22:00:00,31.66,31.72,31.64,31.7,98505
2016-11-22 22:30:00,31.7,31.77,31.69,31.73,265078
2016-11-23 16:30:00,31.76,31.95,31.47,31.59,191799
2016-11-23 17:00:00,31.59,31.62,31.51,31.57,92505
2016-11-23 17:30:00,31.59,31.71,31.59,31.66,80149
2016-11-23 18:00:00,31.66,31.71,31.58,31.6,74918
2016-11-23 18:30:00,31.61,31.69,31.58,31.69,80770
2016-11-23 19:00:00,31.69,31.73,31.56,31.56,74906
2016-11-23 19:30:00,31.57,31.65,31.56,31.56,61000
2016-11-23 20:00:00,31.57,31.67,31.56,31.64,58214
2016-11-23 20:30:00,31.65,31.67,31.52,31.53,111208
2016-11-23 21:00:00,31.54,31.65,31.49,31.62,179726
2016-11-23 21:30:00,31.63,31.64,31.54,31.58,218013
2016-11-23 22:00:00,31.58,31.65,31.57,31.63,159927
2016-11-23 22:30:00,31.63,31.69,31.62,31.67,298213
2016-11-25 16:30:00,31.69,31.82,31.62,31.64,87098
2016-11-25 17:00:00,31.64,31.65,31.54,31.59,74822
2016-11-25 17:30:00,31.6,31.67,31.56,31.64,55713
2016-11-25 18:00:00,31.63,31.7,31.61,31.61,57455
2016-11-25 18:30:00,31.62,31.65,31.6,31.61,104200
2016-11-25 19:00:00,31.62,31.65,31.56,31.65,137953
2016-11-25 19:30:00,31.64,31.67,31.57,31.64,215018
2016-11-25 20:00:00,31.66,31.66,31.66,31.66,99096
2016-11-25 20:30:00,31.66,31.66,31.66,31.66,1073
2016-11-28 16:30:00,31.35,31.52,31.23,31.24,361241
2016-11-28 17:00:00,31.24,31.36,31.24,31.29,268859
2016-11-28 17:30:00,31.3,31.38,31.24,31.24,154519
2016-11-28 18:00:00,31.24,31.31,31.16,31.24,140644
2016-11-28 18:30:00,31.24,31.27,31.18,31.25,96279
2016-11-28 19:00:00,31.26,31.37,31.23,31.34,103897
2016-11-28 19:30:00,31.34,31.45,31.33,31.4,89213
2016-11-28 20:00:00,31.4,31.45,31.31,31.43,127193
2016-11-28 20:30:00,31.42,31.47,31.4,31.4,91763
2016-11-28 21:00:00,31.41,31.42,31.33,31.34,132806
2016-11-28 21:30:00,31.34,31.35,31.27,31.28,130442
2016-11-28 22:00:00,31.29,31.39,31.25,31.25,223395
2016-11-28 22:30:00,31.25,31.31,31.2,31.23,559564
2016-11-29 16:30:00,31.33,31.34,31.0,31.1,238244
2016-11-29 17:00:00,31.1,31.29,31.1,31.18,206677
2016-11-29 17:30:00,31.18,31.37,31.18,31.36,83411
2016-11-29 18:00:00,31.37,31.39,31.26,31.29,114989
2016-11-29 18:30:00,31.29,31.32,31.23,31.23,73615
2016-11-29 19:00:00,31.23,31.23,31.05,31.06,130346
2016-11-29 19:30:00,31.06,31.06,31.0,31.03,81897
2016-11-29 20:00:00,31.03,31.05,30.95,31.02,108363
2016-11-29 20:30:00,31.03,31.09,31.03,31.06,159965
2016-11-29 21:00:00,31.07,31.09,31.03,31.04,100808
2016-11-29 21:30:00,31.05,31.09,31.02,31.02,152755
2016-11-29 22:00:00,31.03,31.03,30.96,30.98,146475
2016-11-29 22:30:00,30.98,31.03,30.88,30.94,585582
2016-11-30 16:30:00,31.53,31.62,31.34,31.5,321460
2016-11-30 17:00:00,31.5,31.51,31.36,31.38,259118
2016-11-30 17:30:00,31.38,31.38,31.25,31.31,143803
2016-11-30 18:00:00,31.31,31.42,31.3,31.32,153917
2016-11-30 18:30:00,31.33,31.38,31.28,31.31,103713
2016-11-30 19:00:00,31.31,31.35,31.25,31.29,85786
2016-11-30 19:30:00,31.28,31.33,31.25,31.29,68676
2016-11-30 20:00:00,31.3,31.33,31.27,31.27,64190
2016-11-30 20:30:00,31.26,31.34,31.26,31.31,116741
2016-11-30 21:00:00,31.31,31.33,31.21,31.33,101945
2016-11-30 21:30:00,31.33,31.34,31.24,31.26,83248
2016-11-30 22:00:00,31.26,31.41,31.26,31.37,193551
2016-11-30 22:30:00,31.37,31.39,31.3,31.3,539143
2016-12-01 16:30:00,31.64,31.64,31.36,31.52,277680
2016-12-01 17:00:00,31.52,31.63,31.39,31.52,388165
2016-12-01 17:30:00,31.53,31.68,31.48,31.68,247387
2016-12-01 18:00:00,31.67,31.77,31.65,31.71,141142
2016-12-01 18:30:00,31.71,31.93,31.71,31.87,125554
2016-12-01 19:00:00,31.88,31.89,31.74,31.75,68289
2016-12-01 19:30:00,31.74,31.82,31.6,31.6,255484
2016-12-01 20:00:00,31.59,31.7,31.58,31.66,89988
2016-12-01 20:30:00,31.66,31.71,31.55,31.55,48248
2016-12-01 21:00:00,31.55,31.69,31.55,31.64,98603
2016-12-01 21:30:00,31.65,31.67,31.56,31.56,142939
2016-12-01 22:00:00,31.56,31.6,31.51,31.51,115249
2016-12-01 22:30:00,31.52,31.63,31.49,31.6,322461
2016-12-02 16:30:00,31.49,31.55,31.26,31.52,349492
2016-12-02 17:00:00,31.52,31.55,31.33,31.36,145700
2016-12-02 17:30:00,31.37,31.6,31.37,31.56,68539
2016-12-02 18:00:00,31.57,31.6,31.51,31.54,112789
2016-12-02 18:30:00,31.54,31.56,31.46,31.46,152367
2016-12-02 19:00:00,31.46,31.46,31.32,31.37,76154
2016-12-02 19:30:00,31.36,31.48,31.29,31.43,55761
2016-12-02 20:00:00,31.42,31.46,31.36,31.39,81253
2016-12-02 20:30:00,31.4,31.44,31.39,31.41,67217
2016-12-02 21:00:00,31.41,31.47,31.37,31.39,150480
2016-12-02 21:30:00,31.39,31.44,31.38,31.41,92270
2016-12-02 22:00:00,31.42,31.48,31.35,31.45,208588
2016-12-02 22:30:00,31.45,31.49,31.38,31.42,308323
2016-12-05 16:30:00,31.82,31.91,31.72,31.86,328573
2016-12-05 17:00:00,31.87,32.01,31.87,31.9,337366
2016-12-05 17:30:00,31.91,31.96,31.85,31.86,200653
2016-12-05 18:00:00,31.85,31.94,31.83,31.87,158296
2016-12-05 18:30:00,31.88,31.91,31.79,31.81,120698
2016-12-05 19:00:00,31.82,31.83,31.58,31.58,255967
2016-12-05 19:30:00,31.58,31.58,31.41,31.48,254680
2016-12-05 20:00:00,31.48,31.54,31.47,31.53,320043
2016-12-05 20:30:00,31.52,31.56,31.47,31.54,193003
2016-12-05 21:00:00,31.53,31.59,31.47,31.57,86267
2016-12-05 21:30:00,31.57,31.67,31.57,31.63,140112
2016-12-05 22:00:00,31.63,31.77,31.62,31.72,160111
2016-12-05 22:30:00,31.72,31.72,31.65,31.72,359950
2016-12-06 16:30:00,31.88,31.99,31.83,31.87,216703
2016-12-06 17:00:00,31.85,31.99,31.82,31.91,248221
2016-12-06 17:30:00,31.91,32.0,31.9,31.93,103745
2016-12-06 18:00:00,31.93,32.05,31.87,31.95,137411
2016-12-06 18:30:00,31.96,32.02,31.93,31.99,101754
2016-12-06 19:00:00,31.99,32.09,31.98,32.09,89211
2016-12-06 19:30:00,32.09,32.1,32.0,32.01,81845
2016-12-06 20:00:00,32.02,32.06,32.01,32.05,158206
2016-12-06 20:30:00,32.04,32.1,32.01,32.07,138134
2016-12-06 21:00:00,32.07,32.18,32.07,32.17,125346
2016-12-06 21:30:00,32.17,32.33,32.15,32.3,720986
2016-12-06 22:00:00,32.29,32.29,32.15,32.16,414426
2016-12-06 22:30:00,32.16,32.27,32.15,32.26,571759
2016-12-07 16:30:00,32.24,32.33,32.15,32.18,137001
2016-12-07 17:00:00,32.19,32.28,32.14,32.25,74878
2016-12-07 17:30:00,32.26,32.27,32.17,32.24,112162
2016-12-07 18:00:00,32.23,32.31,32.16,32.31,82121
2016-12-07 18:30:00,32.3,32.38,32.29,32.37,81152
2016-12-07 19:00:00,32.37,32.42,32.34,32.38,57928
2016-12-07 19:30:00,32.39,32.48,32.39,32.48,53856
2016-12-07 20:00:00,32.48,32.57,32.47,32.52,93491
2016-12-07 20:30:00,32.52,32.69,32.51,32.69,90548
2016-12-07 21:00:00,32.7,32.7,32.61,32.63,106859
2016-12-07 21:30:00,32.62,32.75,32.6,32.74,123144
2016-12-07 22:00:00,32.74,32.8,32.67,32.75,219207
2016-12-07 22:30:00,32.75,32.84,32.7,32.76,832253
2016-12-08 16:30:00,32.88,33.04,32.77,32.96,200546
2016-12-08 17:00:00,32.96,32.99,32.78,32.96,115975
2016-12-08 17:30:00,32.96,33.2,32.93,33.19,174279
2016-12-08 18:00:00,33.19,33.23,33.12,33.2,118240
2016-12-08 18:30:00,33.2,33.2,33.09,33.14,102790
2016-12-08 19:00:00,33.14,33.31,33.14,33.29,298585
2016-12-08 19:30:00,33.29,33.34,33.2,33.22,198982
2016-12-08 20:00:00,33.23,33.26,33.2,33.24,68464
2016-12-08 20:30:00,33.23,33.3,33.21,33.27,151998
2016-12-08 21:00:00,33.28,33.28,33.13,33.18,97356
2016-12-08 21:30:00,33.19,33.21,33.07,33.14,95155
2016-12-08 22:00:00,33.14,33.21,33.08,33.16,227390
2016-12-08 22:30:00,33.16,33.24,33.14,33.16,410546
2016-12-09 16:30:00,33.07,33.2,32.96,33.07,208467
2016-12-09 17:00:00,33.06,33.09,32.94,32.96,87213
2016-12-09 17:30:00,32.97,33.06,32.93,32.99,136789
2016-12-09 18:00:00,33.0,33.01,32.77,32.78,227347
2016-12-09 18:30:00,32.77,32.84,32.73,32.78,132186
2016-12-09 19:00:00,32.78,32.88,32.76,32.86,125324
2016-12-09 19:30:00,32.86,32.88,32.81,32.83,89856
2016-12-09 20:00:00,32.82,32.87,32.81,32.81,84289
2016-12-09 20:30:00,32.82,32.83,32.75,32.79,91906
2016-12-09 21:00:00,32.8,32.84,32.75,32.76,164330
2016-12-09 21:30:00,32.77,32.8,32.73,32.76,83229
2016-12-09 22:00:00,32.77,32.91,32.76,32.87,169981
2016-12-09 22:30:00,32.88,32.89,32.76,32.8,572887
2016-12-12 16:30:00,32.78,32.82,32.64,32.75,198968
2016-12-12 17:00:00,32.74,32.79,32.49,32.5,128118
2016-12-12 17:30:00,32.5,32.62,32.38,32.47,170980
2016-12-12 18:00:00,32.47,32.49,32.35,32.38,157898
2016-12-12 18:30:00,32.38,32.42,32.29,32.35,105202
2016-12-12 19:00:00,32.35,32.38,32.25,32.3,157678
2016-12-12 19:30:00,32.31,32.4,32.29,32.33,104602
2016-12-12 20:00:00,32.32,32.45,32.31,32.42,108312
2016-12-12 20:30:00,32.41,32.45,32.27,32.28,220695
2016-12-12 21:00:00,32.27,32.35,32.23,32.29,189454
2016-12-12 21:30:00,32.3,32.3,32.18,32.28,226627
2016-12-12 22:00:00,32.28,32.29,32.18,32.25,247422
2016-12-12 22:30:00,32.26,32.32,32.22,32.3,476176
2016-12-13 16:30:00,32.51,32.54,32.16,32.17,479201
2016-12-13 17:00:00,32.19,32.26,31.99,32.0,339213
2016-12-13 17:30:00,31.99,31.99,31.66,31.72,604085
2016-12-13 18:00:00,31.72,31.72,31.52,31.71,1041595
2016-12-13 18:30:00,31.71,31.71,31.55,31.56,319663
2016-12-13 19:00:00,31.57,31.87,31.53,31.82,276826
2016-12-13 19:30:00,31.82,31.89,31.79,31.8,347354
2016-12-13 20:00:00,31.8,32.02,31.8,31.96,370156
2016-12-13 20:30:00,31.97,31.99,31.88,31.88,149745
2016-12-13 21:00:00,31.89,31.9,31.79,31.79,172125
2016-12-13 21:30:00,31.79,31.82,31.64,31.64,278079
2016-12-13 22:00:00,31.65,31.75,31.59,31.74,393990
2016-12-13 22:30:00,31.75,31.76,31.68,31.73,698565
2016-12-14 16:30:00,31.48,31.82,31.48,31.57,512229
2016-12-14 17:00:00,31.59,31.68,31.51,31.63,413111
2016-12-14 17:30:00,31.63,31.7,31.57,31.68,238688
2016-12-14 18:00:00,31.68,31.77,31.62,31.68,297961
2016-12-14 18:30:00,31.68,31.72,31.62,31.65,237232
2016-12-14 19:00:00,31.65,31.75,31.63,31.73,190802
2016-12-14 19:30:00,31.74,31.8,31.71,31.77,170223
2016-12-14 20:00:00,31.76,31.8,31.72,31.79,122714
2016-12-14 20:30:00,31.79,31.84,31.73,31.79,137171
2016-12-14 21:00:00,31.79,32.1,31.44,31.46,422817
2016-12-14 21:30:00,31.45,31.64,31.38,31.49,499951
2016-12-14 22:00:00,31.5,31.58,31.29,31.47,356377
2016-12-14 22:30:00,31.47,31.72,31.45,31.52,800635
2016-12-15 16:30:00,31.64,31.91,31.46,31.91,224044
2016-12-15 17:00:00,31.91,32.09,31.83,31.85,288492
2016-12-15 17:30:00,31.86,31.96,31.83,31.9,151968
2016-12-15 18:00:00,31.9,32.02,31.9,31.95,174916
2016-12-15 18:30:00,31.96,32.14,31.95,32.06,233986
2016-12-15 19:00:00,32.05,32.09,31.98,32.02,150934
2016-12-15 19:30:00,32.02,32.02,31.83,31.92,94021
2016-12-15 20:00:00,31.92,32.04,31.88,31.99,183783
2016-12-15 20:30:00,31.99,32.0,31.82,31.84,118770
2016-12-15 21:00:00,31.85,31.85,31.73,31.8,103337
2016-12-15 21:30:00,31.8,31.84,31.77,31.79,98984
2016-12-15 22:00:00,31.79,31.85,31.76,31.8,333913
2016-12-15 22:30:00,31.81,31.81,31.64,31.66,755451
2016-12-16 16:30:00,31.92,32.01,31.78,32.01,852053
2016-12-16 17:00:00,32.0,32.1,31.97,32.05,234057
2016-12-16 17:30:00,32.05,32.29,32.04,32.25,219438
2016-12-16 18:00:00,32.25,32.36,32.0,32.02,482626
2016-12-16 18:30:00,32.02,32.1,31.93,31.98,725507
2016-12-16 19:00:00,31.99,32.01,31.83,31.85,311316
2016-12-16 19:30:00,31.85,31.85,31.5,31.6,239404
2016-12-16 20:00:00,31.6,31.67,31.53,31.55,169431
2016-12-16 20:30:00,31.55,31.62,31.52,31.57,114670
2016-12-16 21:00:00,31.57,31.6,31.44,31.45,153856
2016-12-16 21:30:00,31.45,31.57,31.44,31.5,177914
2016-12-16 22:00:00,31.5,31.51,31.36,31.36,236391
2016-12-16 22:30:00,31.37,31.4,31.31,31.38,692700
2016-12-19 16:30:00,31.32,31.52,31.29,31.34,323205
2016-12-19 17:00:00,31.35,31.55,31.32,31.55,156247
2016-12-19 17:30:00,31.55,31.67,31.51,31.62,156106
2016-12-19 18:00:00,31.62,31.65,31.39,31.42,91903
2016-12-19 18:30:00,31.41,31.47,31.16,31.16,155083
2016-12-19 19:00:00,31.16,31.22,31.13,31.14,169047
2016-12-19 19:30:00,31.14,31.19,31.11,31.11,106657
2016-12-19 20:00:00,31.11,31.16,31.11,31.15,70382
2016-12-19 20:30:00,31.16,31.3,31.15,31.29,141977
2016-12-19 21:00:00,31.29,31.45,31.27,31.41,138940
2016-12-19 21:30:00,31.42,31.42,31.29,31.29,149047
2016-12-19 22:00:00,31.29,31.34,31.24,31.34,182361
2016-12-19 22:30:00,31.34,31.4,31.3,31.4,362666
2016-12-20 16:30:00,31.74,31.86,31.62,31.85,320877
2016-12-20 17:00:00,31.85,31.9,31.73,31.77,161895
2016-12-20 17:30:00,31.77,31.89,31.75,31.85,152391
2016-12-20 18:00:00,31.86,31.91,31.82,31.86,129876
2016-12-20 18:30:00,31.86,31.87,31.77,31.8,340285
2016-12-20 19:00:00,31.79,31.86,31.77,31.77,81280
2016-12-20 19:30:00,31.76,31.8,31.75,31.77,55010
2016-12-20 20:00:00,31.77,31.83,31.77,31.81,64664
2016-12-20 20:30:00,31.81,31.88,31.81,31.88,187541
2016-12-20 21:00:00,31.87,31.96,31.84,31.93,317068
2016-12-20 21:30:00,31.93,31.93,31.82,31.85,136210
2016-12-20 22:00:00,31.85,31.86,31.81,31.85,96942
2016-12-20 22:30:00,31.86,31.87,31.78,31.84,502638
2016-12-21 16:30:00,31.79,31.8,31.43,31.44,137429
2016-12-21 17:00:00,31.44,31.47,31.27,31.37,182080
2016-12-21 17:30:00,31.36,31.38,31.25,31.35,119761
2016-12-21 18:00:00,31.36,31.46,31.32,31.44,132853
2016-12-21 18:30:00,31.45,31.51,31.37,31.48,535802
2016-12-21 19:00:00,31.47,31.51,31.47,31.48,130000
2016-12-21 19:30:00,31.48,31.51,31.47,31.48,145600
2016-12-21 20:00:00,31.47,31.51,31.46,31.5,136234
2016-12-21 20:30:00,31.5,31.51,31.46,31.48,154952
2016-12-21 21:00:00,31.48,31.51,31.46,31.5,63757
2016-12-21 21:30:00,31.49,31.51,31.46,31.49,105488
2016-12-21 22:00:00,31.5,31.55,31.47,31.49,182647
2016-12-21 22:30:00,31.5,31.51,31.42,31.43,308295
2016-12-22 16:30:00,31.41,31.41,30.78,31.01,378723
2016-12-22 17:00:00,31.01,31.03,30.89,30.9,147214
2016-12-22 17:30:00,30.89,31.05,30.88,31.02,187259
2016-12-22 18:00:00,31.02,31.03,30.95,30.96,199690
2016-12-22 18:30:00,30.97,31.01,30.96,31.0,102759
2016-12-22 19:00:00,30.99,31.01,30.97,30.99,117646
2016-12-22 19:30:00,30.99,31.01,30.95,30.96,124269
2016-12-22 20:00:00,30.95,31.0,30.95,30.96,64981
2016-12-22 20:30:00,30.96,31.08,30.96,31.01,172211
2016-12-22 21:00:00,31.02,31.03,30.98,31.0,152418
2016-12-22 21:30:00,30.99,31.01,30.98,31.01,146883
2016-12-22 22:00:00,31.01,31.02,30.95,30.98,184873
2016-12-22 22:30:00,30.98,31.06,30.97,31.04,330759
2016-12-23 16:30:00,31.12,31.12,30.84,30.84,114115
2016-12-23 17:00:00,30.85,30.94,30.71,30.74,75831
2016-12-23 17:30:00,30.75,30.84,30.7,30.79,151576
2016-12-23 18:00:00,30.78,30.8,30.73,30.76,91205
2016-12-23 18:30:00,30.75,30.79,30.73,30.74,46377
2016-12-23 19:00:00,30.74,30.77,30.68,30.69,71842
2016-12-23 19:30:00,30.71,30.76,30.71,30.72,93132
2016-12-23 20:00:00,30.71,30.76,30.69,30.76,44466
2016-12-23 20:30:00,30.76,30.77,30.72,30.72,91497
2016-12-23 21:00:00,30.72,30.84,30.72,30.82,87721
2016-12-23 21:30:00,30.82,30.91,30.82,30.88,71142
2016-12-23 22:00:00,30.89,30.91,30.85,30.87,68944
2016-12-23 22:30:00,30.87,30.89,30.84,30.85,244051
2016-12-27 16:30:00,31.02,31.16,30.9,31.15,111024
2016-12-27 17:00:00,31.16,31.31,31.16,31.24,74244
2016-12-27 17:30:00,31.23,31.28,31.19,31.19,118881
2016-12-27 18:00:00,31.18,31.24,31.1,31.23,102401
2016-12-27 18:30:00,31.23,31.25,31.2,31.24,191298
2016-12-27 19:00:00,31.23,31.24,31.1,31.11,77804
2016-12-27 19:30:00,31.12,31.12,31.01,31.02,71140
2016-12-27 20:00:00,31.03,31.05,30.98,31.0,94930
2016-12-27 20:30:00,31.01,31.08,31.0,31.08,88153
2016-12-27 21:00:00,31.08,31.13,31.05,31.12,61168
2016-12-27 21:30:00,31.12,31.14,31.09,31.13,86781
2016-12-27 22:00:00,31.13,31.19,31.11,31.17,111403
2016-12-27 22:30:00,31.18,31.19,31.14,31.17,260225
2016-12-28 16:30:00,31.27,31.3,31.02,31.15,322085
2016-12-28 17:00:00,31.14,31.14,31.0,31.02,258314
2016-12-28 17:30:00,31.03,31.06,30.89,30.93,334651
2016-12-28 18:00:00,30.93,30.95,30.78,30.83,107887
2016-12-28 18:30:00,30.83,30.85,30.72,30.73,50393
2016-12-28 19:00:00,30.72,30.72,30.53,30.55,66661
2016-12-28 19:30:00,30.55,30.56,30.44,30.47,100864
2016-12-28 20:00:00,30.48,30.56,30.43,30.54,121919
2016-12-28 20:30:00,30.54,30.56,30.41,30.44,101737
2016-12-28 21:00:00,30.44,30.5,30.39,30.41,64646
2016-12-28 21:30:00,30.41,30.42,30.33,30.35,145708
2016-12-28 22:00:00,30.35,30.42,30.34,30.38,147615
2016-12-28 22:30:00,30.38,30.41,30.33,30.35,423000
2016-12-29 16:30:00,30.38,30.44,30.27,30.34,108752
2016-12-29 17:00:00,30.34,30.41,30.28,30.37,186929
2016-12-29 17:30:00,30.38,30.4,30.11,30.14,158664
2016-12-29 18:00:00,30.13,30.25,30.12,30.16,195843
2016-12-29 18:30:00,30.16,30.21,30.12,30.14,77333
2016-12-29 19:00:00,30.14,30.14,30.03,30.09,109683
2016-12-29 19:30:00,30.08,30.11,30.01,30.02,80154
2016-12-29 20:00:00,30.02,30.22,29.96,30.21,769963
2016-12-29 20:30:00,30.21,30.22,30.1,30.13,186680
2016-12-29 21:00:00,30.13,30.19,30.1,30.13,253407
2016-12-29 21:30:00,30.12,30.17,30.07,30.11,196383
2016-12-29 22:00:00,30.1,30.14,30.1,30.14,139078
2016-12-29 22:30:00,30.13,30.14,30.09,30.11,494077
2016-12-30 16:30:00,30.29,30.35,30.2,30.23,198544
2016-12-30 17:00:00,30.23,30.31,30.19,30.28,74141
2016-12-30 17:30:00,30.28,30.4,30.28,30.39,98994
2016-12-30 18:00:00,30.39,30.43,30.32,30.37,76544
2016-12-30 18:30:00,30.36,30.46,30.36,30.41,77026
2016-12-30 19:00:00,30.41,30.41,30.33,30.33,49896
2016-12-30 19:30:00,30.33,30.38,30.27,30.37,158499
2016-12-30 20:00:00,30.37,30.43,30.37,30.41,53241
2016-12-30 20:30:00,30.42,30.44,30.35,30.35,68578
2016-12-30 21:00:00,30.35,30.38,30.34,30.36,88284
2016-12-30 21:30:00,30.35,30.39,30.21,30.25,122104
2016-12-30 22:00:00,30.25,30.34,30.24,30.34,106600
2016-12-30 22:30:00,30.34,30.36,30.26,30.36,495530
2017-01-03 16:30:00,30.98,31.25,30.73,30.83,308206
2017-01-03 17:00:00,30.83,31.11,30.83,30.96,123986
2017-01-03 17:30:00,30.95,31.01,30.69,30.7,178655
2017-01-03 18:00:00,30.69,30.8,30.6,30.73,130321
2017-01-03 18:30:00,30.74,30.79,30.63,30.73,139954
2017-01-03 19:00:00,30.74,30.79,30.7,30.72,157751
2017-01-03 19:30:00,30.72,30.73,30.56,30.6,101887
2017-01-03 20:00:00,30.6,30.66,30.57,30.63,86319
2017-01-03 20:30:00,30.64,30.68,30.62,30.64,69732
2017-01-03 21:00:00,30.65,30.73,30.63,30.69,86621
2017-01-03 21:30:00,30.69,30.74,30.64,30.73,249920
2017-01-03 22:00:00,30.73,30.8,30.67,30.73,293480
2017-01-03 22:30:00,30.74,30.98,30.72,30.95,685150
2017-01-04 16:30:00,31.04,31.2,30.95,30.97,346243
2017-01-04 17:00:00,30.97,31.19,30.97,31.06,168625
2017-01-04 17:30:00,31.05,31.22,31.04,31.22,160067
2017-01-04 18:00:00,31.22,31.45,31.2,31.43,348597
2017-01-04 18:30:00,31.43,31.62,31.42,31.53,239221
2017-01-04 19:00:00,31.53,31.55,31.49,31.52,136925
2017-01-04 19:30:00,31.52,31.58,31.5,31.57,140903
2017-01-04 20:00:00,31.57,31.61,31.55,31.61,108105
2017-01-04 20:30:00,31.61,31.69,31.59,31.67,127768
2017-01-04 21:00:00,31.66,31.71,31.62,31.65,137812
2017-01-04 21:30:00,31.66,31.67,31.6,31.65,157246
2017-01-04 22:00:00,31.65,31.8,31.63,31.79,291634
2017-01-04 22:30:00,31.79,31.82,31.72,31.77,504857
2017-01-05 16:30:00,31.56,31.61,31.43,31.51,247895
2017-01-05 17:00:00,31.52,31.8,31.5,31.78,192660
2017-01-05 17:30:00,31.77,31.77,31.38,31.53,135692
2017-01-05 18:00:00,31.52,31.58,31.29,31.34,250491
2017-01-05 18:30:00,31.35,31.35,31.06,31.13,108654
2017-01-05 19:00:00,31.12,31.26,31.12,31.25,82803
2017-01-05 19:30:00,31.26,31.37,31.24,31.34,141124
2017-01-05 20:00:00,31.34,31.39,31.31,31.36,85325
2017-01-05 20:30:00,31.36,31.36,31.27,31.3,124192
2017-01-05 21:00:00,31.3,31.41,31.3,31.38,102958
2017-01-05 21:30:00,31.38,31.42,31.36,31.4,147949
2017-01-05 22:00:00,31.4,31.44,31.39,31.43,258745
2017-01-05 22:30:00,31.43,31.54,31.42,31.5,473318
2017-01-06 16:30:00,31.6,31.6,31.28,31.38,190228
2017-01-06 17:00:00,31.36,31.46,31.32,31.44,94844
2017-01-06 17:30:00,31.44,31.47,31.27,31.29,352803
2017-01-06 18:00:00,31.29,31.33,31.18,31.21,285905
2017-01-06 18:30:00,31.21,31.34,31.21,31.3,142099
2017-01-06 19:00:00,31.3,31.31,31.26,31.26,131034
2017-01-06 19:30:00,31.27,31.31,31.25,31.27,208362
2017-01-06 20:00:00,31.27,31.37,31.26,31.33,82423
2017-01-06 20:30:00,31.32,31.5,31.32,31.49,240714
2017-01-06 21:00:00,31.48,31.53,31.46,31.51,285297
2017-01-06 21:30:00,31.5,31.63,31.49,31.58,467948
2017-01-06 22:00:00,31.59,31.61,31.56,31.56,124553
2017-01-06 22:30:00,31.56,31.61,31.53,31.54,540198
2017-01-09 16:30:00,31.25,31.55,31.25,31.45,463778
2017-01-09 17:00:00,31.46,31.47,31.23,31.28,182360
2017-01-09 17:30:00,31.27,31.44,31.24,31.43,441723
2017-01-09 18:00:00,31.43,31.43,31.22,31.25,246710
2017-01-09 18:30:00,31.26,31.26,31.15,31.2,175413
2017-01-09 19:00:00,31.2,31.24,30.99,31.01,200733
2017-01-09 19:30:00,31.01,31.08,30.95,31.06,109453
2017-01-09 20:00:00,31.05,31.06,30.97,30.98,70389
2017-01-09 20:30:00,30.98,31.05,30.96,31.05,118300
2017-01-09 21:00:00,31.05,31.11,30.99,31.09,155715
2017-01-09 21:30:00,31.08,31.08,30.93,30.97,130022
2017-01-09 22:00:00,30.97,30.99,30.88,30.93,229224
2017-01-09 22:30:00,30.93,30.97,30.84,30.85,488797
2017-01-10 16:30:00,30.85,30.87,30.67,30.86,131351
2017-01-10 17:00:00,30.86,30.98,30.77,30.97,154182
2017-01-10 17:30:00,30.97,30.97,30.85,30.91,261764
2017-01-10 18:00:00,30.92,31.01,30.86,30.92,284044
2017-01-10 18:30:00,30.93,31.0,30.9,30.9,115302
2017-01-10 19:00:00,30.91,31.02,30.89,31.01,84707
2017-01-10 19:30:00,31.0,31.01,30.93,30.96,57755
2017-01-10 20:00:00,30.96,31.0,30.94,30.98,105882
2017-01-10 20:30:00,30.99,31.0,30.79,30.8,123171
2017-01-10 21:00:00,30.8,30.8,30.7,30.72,119149
2017-01-10 21:30:00,30.71,30.74,30.65,30.72,313576
2017-01-10 22:00:00,30.72,30.78,30.7,30.74,133250
2017-01-10 22:30:00,30.74,30.79,30.64,30.67,548713
2017-01-11 16:30:00,30.61,30.93,30.58,30.92,178273
2017-01-11 17:00:00,30.91,30.93,30.73,30.79,227137
2017-01-11 17:30:00,30.79,30.9,30.73,30.89,113270
2017-01-11 18:00:00,30.89,31.04,30.87,30.89,125898
2017-01-11 18:30:00,30.89,30.99,30.78,30.98,102636
2017-01-11 19:00:00,30.99,31.02,30.83,30.9,117415
2017-01-11 19:30:00,30.9,30.94,30.79,30.94,166738
2017-01-11 20:00:00,30.94,30.94,30.79,30.79,145626
2017-01-11 20:30:00,30.79,31.0,30.77,30.96,101268
2017-01-11 21:00:00,30.96,30.99,30.93,30.94,113940
2017-01-11 21:30:00,30.94,31.05,30.94,31.05,96989
2017-01-11 22:00:00,31.04,31.12,31.04,31.08,157648
2017-01-11 22:30:00,31.08,31.13,31.05,31.12,340462
2017-01-12 16:30:00,30.92,31.04,30.7,30.75,189458
2017-01-12 17:00:00,30.75,30.79,30.57,30.67,317707
2017-01-12 17:30:00,30.68,30.69,30.56,30.61,185144
2017-01-12 18:00:00,30.6,30.62,30.5,30.56,173127
2017-01-12 18:30:00,30.56,30.57,30.46,30.47,131850
2017-01-12 19:00:00,30.47,30.73,30.46,30.72,91616
2017-01-12 19:30:00,30.72,30.77,30.69,30.74,105602
2017-01-12 20:00:00,30.75,30.87,30.75,30.86,121299
2017-01-12 20:30:00,30.86,30.96,30.84,30.93,95328
2017-01-12 21:00:00,30.93,31.07,30.93,31.06,312404
2017-01-12 21:30:00,31.06,31.15,31.05,31.07,362363
2017-01-12 22:00:00,31.08,31.1,30.95,31.0,146565
2017-01-12 22:30:00,31.0,31.07,30.97,31.05,405707
2017-01-13 16:30:00,31.14,31.55,31.14,31.43,118212
2017-01-13 17:00:00,31.44,31.5,31.33,31.36,140118
2017-01-13 17:30:00,31.35,31.4,31.35,31.37,122783
2017-01-13 18:00:00,31.37,31.45,31.31,31.45,222237
2017-01-13 18:30:00,31.46,31.47,31.36,31.38,80040
2017-01-13 19:00:00,31.39,31.41,31.27,31.35,76913
2017-01-13 19:30:00,31.35,31.42,31.34,31.42,85039
2017-01-13 20:00:00,31.4,31.42,31.36,31.37,53399
2017-01-13 20:30:00,31.38,31.38,31.23,31.24,92904
2017-01-13 21:00:00,31.25,31.26,31.06,31.09,133887
2017-01-13 21:30:00,31.09,31.15,31.08,31.15,193270
2017-01-13 22:00:00,31.14,31.17,31.07,31.12,140842
2017-01-13 22:30:00,31.1,31.16,31.06,31.11,567274
2017-01-17 16:30:00,30.9,30.94,30.68,30.73,191821
2017-01-17 17:00:00,30.73,30.9,30.68,30.74,103589
2017-01-17 17:30:00,30.76,30.85,30.67,30.82,211436
2017-01-17 18:00:00,30.83,30.92,30.78,30.85,207944
2017-01-17 18:30:00,30.85,30.88,30.79,30.83,132068
2017-01-17 19:00:00,30.83,30.88,30.76,30.81,89338
2017-01-17 19:30:00,30.81,30.83,30.73,30.75,59098
2017-01-17 20:00:00,30.76,30.8,30.73,30.76,107056
2017-01-17 20:30:00,30.76,30.81,30.71,30.79,159966
2017-01-17 21:00:00,30.79,30.8,30.65,30.65,237455
2017-01-17 21:30:00,30.65,30.66,30.54,30.57,110375
2017-01-17 22:00:00,30.58,30.59,30.47,30.47,211766
2017-01-17 22:30:00,30.48,30.56,30.45,30.55,435734
2017-01-18 16:30:00,30.43,30.53,30.23,30.35,188999
2017-01-18 17:00:00,30.36,30.46,30.34,30.43,252845
2017-01-18 17:30:00,30.43,30.48,30.33,30.48,162428
2017-01-18 18:00:00,30.48,30.5,30.39,30.46,268750
2017-01-18 18:30:00,30.46,30.49,30.32,30.34,157961
2017-01-18 19:00:00,30.33,30.43,30.32,30.34,104099
2017-01-18 19:30:00,30.35,30.41,30.28,30.3,254562
2017-01-18 20:00:00,30.3,30.36,30.26,30.35,447965
2017-01-18 20:30:00,30.36,30.41,30.35,30.38,80578
2017-01-18 21:00:00,30.39,30.49,30.38,30.41,263976
2017-01-18 21:30:00,30.42,30.44,30.38,30.42,203588
2017-01-18 22:00:00,30.42,30.49,30.42,30.44,152209
2017-01-18 22:30:00,30.45,30.57,30.44,30.56,521619
2017-01-19 16:30:00,30.64,30.82,30.47,30.49,253064
2017-01-19 17:00:00,30.49,30.56,30.34,30.54,212317
2017-01-19 17:30:00,30.53,30.55,30.36,30.38,174933
2017-01-19 18:00:00,30.38,30.53,30.35,30.48,202551
2017-01-19 18:30:00,30.49,30.51,30.34,30.34,113077
2017-01-19 19:00:00,30.34,30.37,30.27,30.28,121120
2017-01-19 19:30:00,30.27,30.29,30.21,30.29,87682
2017-01-19 20:00:00,30.29,30.31,30.21,30.24,173435
2017-01-19 20:30:00,30.24,30.35,30.24,30.28,209956
2017-01-19 21:00:00,30.28,30.31,30.14,30.24,177849
2017-01-19 21:30:00,30.23,30.26,30.13,30.14,362958
2017-01-19 22:00:00,30.14,30.24,30.12,30.15,599380
2017-01-19 22:30:00,30.15,30.2,30.12,30.17,921126
2017-01-20 16:30:00,30.29,30.38,30.21,30.28,473116
2017-01-20 17:00:00,30.27,30.34,30.2,30.3,386363
2017-01-20 17:30:00,30.3,30.37,30.23,30.25,328320
2017-01-20 18:00:00,30.24,30.28,30.2,30.2,200450
2017-01-20 18:30:00,30.2,30.36,30.2,30.36,298173
2017-01-20 19:00:00,30.35,30.44,30.26,30.29,304341
2017-01-20 19:30:00,30.29,30.32,30.22,30.28,119351
2017-01-20 20:00:00,30.27,30.42,30.24,30.41,112408
2017-01-20 20:30:00,30.41,30.44,30.35,30.37,135000
2017-01-20 21:00:00,30.37,30.39,30.27,30.32,114933
2017-01-20 21:30:00,30.32,30.4,30.29,30.39,205162
2017-01-20 22:00:00,30.39,30.46,30.36,30.42,166499
2017-01-20 22:30:00,30.41,30.53,30.4,30.52,360749
2017-01-23 16:30:00,30.38,30.51,30.32,30.39,110110
2017-01-23 17:00:00,30.39,30.43,30.15,30.16,123400
2017-01-23 17:30:00,30.16,30.25,30.11,30.21,124821
2017-01-23 18:00:00,30.21,30.31,30.16,30.23,75743
2017-01-23 18:30:00,30.23,30.25,30.18,30.19,147868
2017-01-23 19:00:00,30.19,30.22,30.17,30.21,118852
2017-01-23 19:30:00,30.21,30.26,30.2,30.21,56031
2017-01-23 20:00:00,30.22,30.27,30.22,30.24,50414
2017-01-23 20:30:00,30.24,30.38,30.21,30.27,107082
2017-01-23 21:00:00,30.27,30.31,30.19,30.28,184008
2017-01-23 21:30:00,30.29,30.45,30.29,30.42,118838
2017-01-23 22:00:00,30.43,30.46,30.37,30.45,118200
2017-01-23 22:30:00,30.45,30.48,30.44,30.46,389268
2017-01-24 16:30:00,30.61,30.74,30.57,30.73,194550
2017-01-24 17:00:00,30.73,30.83,30.66,30.78,211616
2017-01-24 17:30:00,30.78,30.84,30.7,30.77,197884
2017-01-24 18:00:00,30.76,30.92,30.76,30.88,100361
2017-01-24 18:30:00,30.89,30.96,30.86,30.95,110965
2017-01-24 19:00:00,30.95,31.06,30.95,31.05,163066
2017-01-24 19:30:00,31.05,31.16,31.01,31.16,195359
2017-01-24 20:00:00,31.15,31.28,31.15,31.23,197560
2017-01-24 20:30:00,31.22,31.3,31.18,31.21,231423
2017-01-24 21:00:00,31.2,31.25,31.11,31.12,233529
2017-01-24 21:30:00,31.12,31.16,31.09,31.1,211970
2017-01-24 22:00:00,31.1,31.15,30.92,30.95,257216
2017-01-24 22:30:00,30.95,30.98,30.83,30.85,759010
2017-01-25 16:30:00,31.27,31.49,30.93,30.97,204436
2017-01-25 17:00:00,30.97,30.99,30.85,30.9,236138
2017-01-25 17:30:00,30.88,31.0,30.86,30.96,259440
2017-01-25 18:00:00,30.96,31.11,30.92,31.0,178219
2017-01-25 18:30:00,31.0,31.09,30.92,31.08,118630
2017-01-25 19:00:00,31.07,31.11,31.02,31.05,128934
2017-01-25 19:30:00,31.05,31.09,30.97,30.98,89611
2017-01-25 20:00:00,30.99,31.07,30.99,31.02,141439
2017-01-25 20:30:00,31.03,31.04,30.95,31.01,143300
2017-01-25 21:00:00,31.01,31.16,30.99,31.12,172418
2017-01-25 21:30:00,31.12,31.13,31.01,31.04,239922
2017-01-25 22:00:00,31.04,31.13,31.04,31.13,196249
2017-01-25 22:30:00,31.13,31.18,31.06,31.08,717223
2017-01-26 16:30:00,31.59,31.59,30.81,31.0,649414
2017-01-26 17:00:00,30.99,31.01,30.44,30.49,552870
2017-01-26 17:30:00,30.5,30.74,30.5,30.74,303955
2017-01-26 18:00:00,30.73,30.91,30.68,30.69,257083
2017-01-26 18:30:00,30.68,30.69,30.52,30.52,204761
2017-01-26 19:00:00,30.53,30.68,30.51,30.52,153127
2017-01-26 19:30:00,30.51,30.54,30.24,30.29,133497
2017-01-26 20:00:00,30.29,30.31,30.08,30.13,211755
2017-01-26 20:30:00,30.12,30.14,29.95,30.08,316583
2017-01-26 21:00:00,30.08,30.25,30.07,30.24,264415
2017-01-26 21:30:00,30.24,30.3,30.17,30.17,224246
2017-01-26 22:00:00,30.17,30.18,30.08,30.12,252243
2017-01-26 22:30:00,30.12,30.12,29.89,30.0,856745
2017-01-27 16:30:00,29.96,30.03,29.37,29.53,434848
2017-01-27 17:00:00,29.53,29.7,29.42,29.44,213756
2017-01-27 17:30:00,29.44,29.51,29.33,29.44,353310
2017-01-27 18:00:00,29.43,29.54,29.41,29.41,246642
2017-01-27 18:30:00,29.42,29.54,29.39,29.51,234834
2017-01-27 19:00:00,29.51,29.53,29.41,29.43,134537
2017-01-27 19:30:00,29.42,29.51,29.42,29.47,132900
2017-01-27 20:00:00,29.48,29.54,29.39,29.54,215384
2017-01-27 20:30:00,29.54,29.56,29.49,29.52,217768
2017-01-27 21:00:00,29.52,29.65,29.5,29.63,240434
2017-01-27 21:30:00,29.64,29.65,29.5,29.53,156491
2017-01-27 22:00:00,29.53,29.59,29.5,29.5,227386
2017-01-27 22:30:00,29.5,29.53,29.46,29.51,645997
2017-01-30 16:30:00,29.43,29.43,28.9,28.96,282575
2017-01-30 17:00:00,28.96,29.12,28.93,29.08,307276
2017-01-30 17:30:00,29.08,29.09,28.85,28.9,201370
2017-01-30 18:00:00,28.9,29.0,28.89,28.94,160925
2017-01-30 18:30:00,28.95,29.03,28.91,28.97,250113
2017-01-30 19:00:00,28.98,29.0,28.91,28.98,336976
2017-01-30 19:30:00,28.98,29.01,28.94,28.94,199356
2017-01-30 20:00:00,28.95,29.01,28.9,28.91,131128
2017-01-30 20:30:00,28.91,28.93,28.84,28.89,248941
2017-01-30 21:00:00,28.89,29.02,28.87,29.02,367253
2017-01-30 21:30:00,29.02,29.1,29.01,29.08,362446
2017-01-30 22:00:00,29.08,29.11,29.03,29.07,235894
2017-01-30 22:30:00,29.07,29.24,29.06,29.21,579767
2017-01-31 16:30:00,29.12,29.18,29.02,29.14,401806
2017-01-31 17:00:00,29.14,29.17,29.03,29.04,286072
2017-01-31 17:30:00,29.04,29.11,28.95,28.99,206104
2017-01-31 18:00:00,28.99,29.02,28.86,28.86,211054
2017-01-31 18:30:00,28.85,28.86,28.76,28.77,223898
2017-01-31 19:00:00,28.77,28.92,28.75,28.9,253187
2017-01-31 19:30:00,28.91,28.91,28.83,28.86,123797
2017-01-31 20:00:00,28.86,28.92,28.82,28.9,220955
2017-01-31 20:30:00,28.9,28.95,28.85,28.9,377979
2017-01-31 21:00:00,28.89,28.91,28.77,28.83,255526
2017-01-31 21:30:00,28.82,28.92,28.79,28.9,198393
2017-01-31 22:00:00,28.91,28.98,28.88,28.95,568943
2017-01-31 22:30:00,28.95,29.0,28.89,28.93,825504
2017-02-01 16:30:00,29.14,29.53,29.09,29.4,452501
2017-02-01 17:00:00,29.41,29.48,29.32,29.35,168411
2017-02-01 17:30:00,29.34,29.38,29.22,29.24,191508
2017-02-01 18:00:00,29.25,29.4,29.22,29.36,186030
2017-02-01 18:30:00,29.37,29.48,29.34,29.48,241703
2017-02-01 19:00:00,29.48,29.54,29.46,29.54,180841
2017-02-01 19:30:00,29.54,29.62,29.54,29.61,106464
2017-02-01 20:00:00,29.62,29.66,29.53,29.53,149527
2017-02-01 20:30:00,29.53,29.63,29.52,29.6,186642
2017-02-01 21:00:00,29.58,29.7,29.47,29.57,200920
2017-02-01 21:30:00,29.58,29.58,29.36,29.41,306968
2017-02-01 22:00:00,29.41,29.55,29.4,29.55,223109
2017-02-01 22:30:00,29.55,29.62,29.54,29.6,531219
2017-02-02 16:30:00,29.24,29.29,29.08,29.26,299432
2017-02-02 17:00:00,29.26,29.46,29.25,29.46,132989
2017-02-02 17:30:00,29.46,29.65,29.36,29.64,166139
2017-02-02 18:00:00,29.64,29.66,29.47,29.49,364789
2017-02-02 18:30:00,29.48,29.58,29.45,29.46,131581
2017-02-02 19:00:00,29.46,29.57,29.45,29.56,87729
2017-02-02 19:30:00,29.55,29.64,29.51,29.55,115916
2017-02-02 20:00:00,29.55,29.56,29.46,29.46,84731
2017-02-02 20:30:00,29.46,29.59,29.43,29.51,200451
2017-02-02 21:00:00,29.52,29.53,29.39,29.39,137661
2017-02-02 21:30:00,29.39,29.48,29.36,29.46,186442
2017-02-02 22:00:00,29.45,29.56,29.44,29.55,155182
2017-02-02 22:30:00,29.55,29.56,29.47,29.56,601830
2017-02-03 16:30:00,30.16,30.64,30.13,30.57,507280
2017-02-03 17:00:00,30.57,30.59,30.4,30.51,217548
2017-02-03 17:30:00,30.51,30.62,30.44,30.62,307170
2017-02-03 18:00:00,30.63,30.9,30.63,30.85,351806
2017-02-03 18:30:00,30.85,30.87,30.77,30.79,258994
2017-02-03 19:00:00,30.79,30.93,30.79,30.81,613486
2017-02-03 19:30:00,30.82,30.86,30.69,30.77,147343
2017-02-03 20:00:00,30.76,30.8,30.67,30.67,149325
2017-02-03 20:30:00,30.67,30.78,30.65,30.75,137820
2017-02-03 21:00:00,30.76,30.81,30.71,30.8,494208
2017-02-03 21:30:00,30.81,30.88,30.78,30.79,171729
2017-02-03 22:00:00,30.79,30.87,30.79,30.86,194817
2017-02-03 22:30:00,30.86,30.93,30.84,30.89,1264477
2017-02-06 16:30:00,30.59,30.94,30.59,30.88,156115
2017-02-06 17:00:00,30.88,30.98,30.8,30.88,142268
2017-02-06 17:30:00,30.88,30.88,30.75,30.8,115201
2017-02-06 18:00:00,30.8,30.86,30.75,30.85,188780
2017-02-06 18:30:00,30.86,30.91,30.82,30.82,107917
2017-02-06 19:00:00,30.83,30.83,30.64,30.65,124331
2017-02-06 19:30:00,30.65,30.65,30.45,30.45,147640
2017-02-06 20:00:00,30.46,30.53,30.42,30.53,134432
2017-02-06 20:30:00,30.52,30.55,30.44,30.51,147412
2017-02-06 21:00:00,30.52,30.53,30.44,30.45,121269
2017-02-06 21:30:00,30.46,30.48,30.41,30.44,142494
2017-02-06 22:00:00,30.43,30.51,30.41,30.47,191460
2017-02-06 22:30:00,30.47,30.5,30.43,30.46,351853
2017-02-07 16:30:00,30.65,30.68,30.49,30.66,240921
2017-02-07 17:00:00,30.67,30.69,30.52,30.55,188338
2017-02-07 17:30:00,30.55,30.58,30.44,30.53,114115
2017-02-07 18:00:00,30.53,30.56,30.32,30.34,165642
2017-02-07 18:30:00,30.34,30.44,30.34,30.39,109046
2017-02-07 19:00:00,30.39,30.42,30.29,30.3,89666
2017-02-07 19:30:00,30.3,30.35,30.21,30.21,106577
2017-02-07 20:00:00,30.21,30.22,30.13,30.19,100284
2017-02-07 20:30:00,30.19,30.35,30.17,30.33,123442
2017-02-07 21:00:00,30.34,30.4,30.3,30.39,127305
2017-02-07 21:30:00,30.39,30.46,30.38,30.45,122870
2017-02-07 22:00:00,30.45,30.5,30.44,30.49,157891
2017-02-07 22:30:00,30.49,30.53,30.42,30.44,393132
2017-02-08 16:30:00,30.21,30.25,29.98,30.13,136474
2017-02-08 17:00:00,30.13,30.27,30.11,30.21,129712
2017-02-08 17:30:00,30.22,30.32,30.13,30.24,184682
2017-02-08 18:00:00,30.24,30.3,30.21,30.24,221617
2017-02-08 18:30:00,30.23,30.25,30.12,30.14,80728
2017-02-08 19:00:00,30.14,30.19,30.07,30.09,149610
2017-02-08 19:30:00,30.08,30.1,30.01,30.02,86871
2017-02-08 20:00:00,30.03,30.13,30.0,30.12,201368
2017-02-08 20:30:00,30.13,30.19,30.11,30.17,86530
2017-02-08 21:00:00,30.17,30.37,30.16,30.37,147922
2017-02-08 21:30:00,30.37,30.61,30.36,30.55,315489
2017-02-08 22:00:00,30.54,30.54,30.49,30.54,141549
2017-02-08 22:30:00,30.53,30.58,30.51,30.52,386630
2017-02-09 16:30:00,30.69,31.0,30.68,31.0,217848
2017-02-09 17:00:00,30.99,31.27,30.99,31.26,376842
2017-02-09 17:30:00,31.26,31.32,31.07,31.14,627594
2017-02-09 18:00:00,31.15,31.24,31.11,31.2,237246
2017-02-09 18:30:00,31.21,31.26,31.13,31.24,140339
2017-02-09 19:00:00,31.24,31.29,31.21,31.21,165359
2017-02-09 19:30:00,31.22,31.22,31.16,31.2,134234
2017-02-09 20:00:00,31.2,31.26,31.17,31.17,136543
2017-02-09 20:30:00,31.18,31.22,31.12,31.18,242384
2017-02-09 21:00:00,31.19,31.26,31.18,31.26,139966
2017-02-09 21:30:00,31.26,31.4,31.26,31.38,171400
2017-02-09 22:00:00,31.38,31.54,31.37,31.54,345041
2017-02-09 22:30:00,31.53,31.54,31.48,31.5,505608
2017-02-10 16:30:00,31.74,32.1,31.71,31.98,452917
2017-02-10 17:00:00,31.98,32.07,31.91,31.99,377111
2017-02-10 17:30:00,31.98,32.13,31.85,31.87,246507
2017-02-10 18:00:00,31.87,31.89,31.73,31.77,255735
2017-02-10 18:30:00,31.78,31.86,31.73,31.86,200077
2017-02-10 19:00:00,31.86,31.98,31.85,31.96,161942
2017-02-10 19:30:00,31.95,31.97,31.93,31.96,150517
2017-02-10 20:00:00,31.96,32.07,31.96,32.04,156870
2017-02-10 20:30:00,32.04,32.19,31.97,32.09,212654
2017-02-10 21:00:00,32.09,32.13,32.02,32.04,233984
2017-02-10 21:30:00,32.05,32.05,31.93,31.95,130027
2017-02-10 22:00:00,31.95,32.0,31.93,31.95,171632
2017-02-10 22:30:00,31.95,31.96,31.83,31.85,739105
2017-02-13 16:30:00,32.03,32.17,31.83,31.93,149380
2017-02-13 17:00:00,31.93,32.05,31.88,31.93,155790
2017-02-13 17:30:00,31.94,31.98,31.88,31.9,162582
2017-02-13 18:00:00,31.9,31.92,31.85,31.88,152526
2017-02-13 18:30:00,31.88,31.95,31.86,31.91,108530
2017-02-13 19:00:00,31.91,31.97,31.9,31.97,106069
2017-02-13 19:30:00,31.97,32.1,31.97,32.1,92586
2017-02-13 20:00:00,32.1,32.2,32.08,32.18,156617
2017-02-13 20:30:00,32.18,32.23,32.11,32.16,101838
2017-02-13 21:00:00,32.15,32.19,32.12,32.15,142406
2017-02-13 21:30:00,32.15,32.16,32.1,32.12,104502
2017-02-13 22:00:00,32.11,32.18,32.1,32.18,137941
2017-02-13 22:30:00,32.18,32.2,32.1,32.12,313640
2017-02-14 16:30:00,31.76,31.9,31.66,31.7,139208
2017-02-14 17:00:00,31.7,31.87,31.69,31.83,140384
2017-02-14 17:30:00,31.82,31.92,31.77,31.83,205888
2017-02-14 18:00:00,31.83,31.9,31.75,31.88,86452
2017-02-14 18:30:00,31.87,31.89,31.78,31.87,76141
2017-02-14 19:00:00,31.87,31.89,31.84,31.89,54257
2017-02-14 19:30:00,31.89,32.0,31.89,31.98,97425
2017-02-14 20:00:00,31.98,32.04,31.96,32.02,89495
2017-02-14 20:30:00,32.02,32.12,31.98,32.09,150193
2017-02-14 21:00:00,32.09,32.14,32.07,32.13,156294
2017-02-14 21:30:00,32.12,32.13,31.96,31.98,225119
2017-02-14 22:00:00,31.98,32.01,31.96,31.99,126390
2017-02-14 22:30:00,31.99,32.03,31.96,32.01,303397
2017-02-15 16:30:00,32.37,32.37,32.18,32.18,236217
2017-02-15 17:00:00,32.17,32.23,32.11,32.21,103922
2017-02-15 17:30:00,32.21,32.45,32.19,32.43,183693
2017-02-15 18:00:00,32.43,32.56,32.41,32.51,192436
2017-02-15 18:30:00,32.51,32.54,32.36,32.5,207685
2017-02-15 19:00:00,32.5,32.59,32.47,32.58,148940
2017-02-15 19:30:00,32.58,32.61,32.55,32.56,120870
2017-02-15 20:00:00,32.55,32.59,32.53,32.58,86544
2017-02-15 20:30:00,32.57,32.67,32.55,32.64,186228
2017-02-15 21:00:00,32.64,32.71,32.58,32.65,203908
2017-02-15 21:30:00,32.65,32.71,32.6,32.7,129967
2017-02-15 22:00:00,32.7,32.81,32.69,32.79,241892
2017-02-15 22:30:00,32.8,32.82,32.7,32.72,512287
2017-02-16 16:30:00,32.69,32.76,32.6,32.61,111388
2017-02-16 17:00:00,32.61,32.63,32.46,32.48,113132
2017-02-16 17:30:00,32.48,32.63,32.45,32.51,166136
2017-02-16 18:00:00,32.52,32.54,32.41,32.5,103512
2017-02-16 18:30:00,32.51,32.58,32.48,32.55,141327
2017-02-16 19:00:00,32.56,32.62,32.53,32.61,305277
2017-02-16 19:30:00,32.62,32.68,32.57,32.63,95889
2017-02-16 20:00:00,32.62,32.62,32.5,32.53,99311
2017-02-16 20:30:00,32.53,32.6,32.51,32.58,68393
2017-02-16 21:00:00,32.59,32.6,32.46,32.49,82175
2017-02-16 21:30:00,32.49,32.52,32.45,32.51,66303
2017-02-16 22:00:00,32.5,32.53,32.46,32.5,145420
2017-02-16 22:30:00,32.5,32.56,32.46,32.54,361272
2017-02-17 16:30:00,32.07,32.36,32.02,32.14,234869
2017-02-17 17:00:00,32.14,32.36,32.12,32.36,95138
2017-02-17 17:30:00,32.37,32.38,32.26,32.36,101048
2017-02-17 18:00:00,32.35,32.43,32.29,32.33,151700
2017-02-17 18:30:00,32.33,32.46,32.33,32.44,66557
2017-02-17 19:00:00,32.43,32.47,32.4,32.45,61615
2017-02-17 19:30:00,32.46,32.49,32.44,32.49,70441
2017-02-17 20:00:00,32.49,32.52,32.46,32.51,111458
2017-02-17 20:30:00,32.51,32.57,32.51,32.56,50965
2017-02-17 21:00:00,32.55,32.57,32.51,32.53,42871
2017-02-17 21:30:00,32.52,32.58,32.51,32.52,81550
2017-02-17 22:00:00,32.52,32.57,32.49,32.52,118135
2017-02-17 22:30:00,32.52,32.55,32.48,32.54,351774
2017-02-21 16:30:00,32.75,33.05,32.74,32.87,212253
2017-02-21 17:00:00,32.87,32.91,32.83,32.87,102514
2017-02-21 17:30:00,32.87,32.99,32.84,32.87,136649
2017-02-21 18:00:00,32.87,33.06,32.86,32.96,391133
2017-02-21 18:30:00,32.97,33.01,32.87,32.91,262592
2017-02-21 19:00:00,32.91,32.95,32.89,32.91,82412
2017-02-21 19:30:00,32.92,32.93,32.81,32.81,90207
2017-02-21 20:00:00,32.81,32.83,32.76,32.77,76276
2017-02-21 20:30:00,32.77,32.82,32.76,32.82,66341
2017-02-21 21:00:00,32.81,32.94,32.81,32.93,108880
2017-02-21 21:30:00,32.93,33.02,32.92,32.99,146457
2017-02-21 22:00:00,32.99,33.12,32.98,33.12,215953
2017-02-21 22:30:00,33.1,33.23,33.1,33.15,671171
2017-02-22 16:30:00,32.92,33.34,32.89,33.33,285744
2017-02-22 17:00:00,33.34,33.39,33.19,33.29,273514
2017-02-22 17:30:00,33.29,33.44,33.23,33.31,284874
2017-02-22 18:00:00,33.31,33.33,33.23,33.31,187612
2017-02-22 18:30:00,33.31,33.33,33.19,33.19,272080
2017-02-22 19:00:00,33.19,33.22,33.15,33.2,132403
2017-02-22 19:30:00,33.21,33.28,33.14,33.22,163192
2017-02-22 20:00:00,33.23,33.31,33.22,33.26,209367
2017-02-22 20:30:00,33.27,33.36,33.25,33.35,128318
2017-02-22 21:00:00,33.35,33.37,33.18,33.34,242419
2017-02-22 21:30:00,33.34,33.35,33.26,33.28,134744
2017-02-22 22:00:00,33.28,33.37,33.23,33.37,196088
2017-02-22 22:30:00,33.35,33.41,33.31,33.35,692682
2017-02-23 16:30:00,33.46,33.46,33.17,33.35,183873
2017-02-23 17:00:00,33.34,33.35,33.11,33.16,170497
2017-02-23 17:30:00,33.16,33.19,33.06,33.08,256925
2017-02-23 18:00:00,33.09,33.13,32.98,33.03,160517
2017-02-23 18:30:00,33.03,33.16,33.03,33.08,95616
2017-02-23 19:00:00,33.09,33.23,33.08,33.2,391163
2017-02-23 19:30:00,33.21,33.22,33.13,33.18,99661
2017-02-23 20:00:00,33.18,33.23,33.13,33.14,153114
2017-02-23 20:30:00,33.14,33.16,33.1,33.16,113029
2017-02-23 21:00:00,33.15,33.19,33.1,33.1,128780
2017-02-23 21:30:00,33.1,33.11,33.06,33.06,157062
2017-02-23 22:00:00,33.06,33.08,33.01,33.01,220777
2017-02-23 22:30:00,33.01,33.06,32.97,33.01,632844
2017-02-24 16:30:00,32.56,32.76,32.53,32.66,213126
2017-02-24 17:00:00,32.67,32.74,32.58,32.59,156833
2017-02-24 17:30:00,32.59,32.65,32.54,32.62,176216
2017-02-24 18:00:00,32.62,32.75,32.59,32.64,379888
2017-02-24 18:30:00,32.66,32.69,32.63,32.66,109726
2017-02-24 19:00:00,32.67,32.74,32.66,32.74,228658
2017-02-24 19:30:00,32.74,32.84,32.71,32.76,228976
2017-02-24 20:00:00,32.76,32.78,32.6,32.61,145581
2017-02-24 20:30:00,32.62,32.68,32.6,32.64,101316
2017-02-24 21:00:00,32.64,32.66,32.57,32.64,94099
2017-02-24 21:30:00,32.64,32.66,32.54,32.54,131301
2017-02-24 22:00:00,32.55,32.6,32.53,32.55,305639
2017-02-24 22:30:00,32.55,32.66,32.54,32.65,677430
2017-02-27 16:30:00,32.62,32.78,32.62,32.77,143140
2017-02-27 17:00:00,32.77,32.81,32.69,32.74,109066
2017-02-27 17:30:00,32.75,32.78,32.73,32.74,131200
2017-02-27 18:00:00,32.74,32.75,32.6,32.62,87156
2017-02-27 18:30:00,32.61,32.63,32.57,32.6,135112
2017-02-27 19:00:00,32.59,32.63,32.56,32.6,165886
2017-02-27 19:30:00,32.6,32.62,32.55,32.57,75176
2017-02-27 20:00:00,32.58,32.6,32.53,32.6,130232
2017-02-27 20:30:00,32.6,32.63,32.58,32.6,138821
2017-02-27 21:00:00,32.61,32.66,32.6,32.65,197958
2017-02-27 21:30:00,32.66,32.67,32.62,32.64,214508
2017-02-27 22:00:00,32.65,32.7,32.61,32.7,209351
2017-02-27 22:30:00,32.69,32.71,32.63,32.64,393745
2017-02-28 16:30:00,32.46,32.51,32.3,32.32,301313
2017-02-28 17:00:00,32.31,32.33,32.24,32.27,174665
2017-02-28 17:30:00,32.26,32.29,32.19,32.24,345814
2017-02-28 18:00:00,32.25,32.31,32.21,32.21,165693
2017-02-28 18:30:00,32.22,32.24,32.14,32.15,95014
2017-02-28 19:00:00,32.14,32.14,31.9,31.98,259952
2017-02-28 19:30:00,31.98,32.04,31.97,32.02,139404
2017-02-28 20:00:00,32.01,32.08,32.01,32.02,205094
2017-02-28 20:30:00,32.02,32.12,32.01,32.1,165237
2017-02-28 21:00:00,32.1,32.11,32.04,32.1,283667
2017-02-28 21:30:00,32.11,32.16,32.09,32.14,161597
2017-02-28 22:00:00,32.14,32.21,32.12,32.16,255384
2017-02-28 22:30:00,32.17,32.22,32.08,32.18,1254854
2017-03-01 16:30:00,32.93,33.18,32.76,32.82,342846
2017-03-01 17:00:00,32.82,32.85,32.57,32.67,222926
2017-03-01 17:30:00,32.69,32.73,32.44,32.54,312160
2017-03-01 18:00:00,32.54,32.65,32.52,32.53,384520
2017-03-01 18:30:00,32.54,32.63,32.53,32.54,269235
2017-03-01 19:00:00,32.54,32.65,32.5,32.52,298784
2017-03-01 19:30:00,32.52,32.55,32.47,32.49,202454
2017-03-01 20:00:00,32.49,32.54,32.47,32.48,295604
2017-03-01 20:30:00,32.48,32.69,32.47,32.68,201986
2017-03-01 21:00:00,32.68,32.75,32.6,32.74,516932
2017-03-01 21:30:00,32.74,32.78,32.68,32.71,208967
2017-03-01 22:00:00,32.72,32.72,32.54,32.56,521982
2017-03-01 22:30:00,32.56,32.63,32.41,32.44,1099595
2017-03-02 16:30:00,32.48,32.53,32.17,32.49,199651
2017-03-02 17:00:00,32.49,32.62,32.36,32.57,242434
2017-03-02 17:30:00,32.58,32.63,32.48,32.53,206151
2017-03-02 18:00:00,32.52,32.59,32.47,32.48,201168
2017-03-02 18:30:00,32.49,32.58,32.44,32.58,152807
2017-03-02 19:00:00,32.57,32.57,32.46,32.5,260688
2017-03-02 19:30:00,32.49,32.58,32.48,32.57,63842
2017-03-02 20:00:00,32.57,32.58,32.48,32.49,276062
2017-03-02 20:30:00,32.5,32.53,32.45,32.46,159658
2017-03-02 21:00:00,32.46,32.57,32.45,32.55,167964
2017-03-02 21:30:00,32.56,32.61,32.53,32.59,114944
2017-03-02 22:00:00,32.6,32.61,32.4,32.44,309782
2017-03-02 22:30:00,32.44,32.47,32.36,32.38,656132
2017-03-03 16:30:00,32.44,32.55,32.1,32.11,316071
2017-03-03 17:00:00,32.11,32.25,32.08,32.24,323561
2017-03-03 17:30:00,32.24,32.3,32.18,32.23,301564
2017-03-03 18:00:00,32.22,32.26,32.15,32.15,117653
2017-03-03 18:30:00,32.16,32.21,32.12,32.18,80788
2017-03-03 19:00:00,32.18,32.22,32.15,32.17,61967
2017-03-03 19:30:00,32.17,32.25,32.16,32.23,55657
2017-03-03 20:00:00,32.23,32.3,32.22,32.28,225647
2017-03-03 20:30:00,32.28,32.32,32.25,32.27,77166
2017-03-03 21:00:00,32.26,32.28,32.2,32.21,81529
2017-03-03 21:30:00,32.21,32.29,32.21,32.29,115421
2017-03-03 22:00:00,32.29,32.35,32.26,32.35,152842
2017-03-03 22:30:00,32.34,32.37,32.29,32.31,484648
2017-03-06 16:30:00,32.16,32.39,32.13,32.35,210937
2017-03-06 17:00:00,32.34,32.34,32.19,32.21,152790
2017-03-06 17:30:00,32.21,32.21,32.07,32.09,183721
2017-03-06 18:00:00,32.09,32.19,32.07,32.14,200318
2017-03-06 18:30:00,32.15,32.21,32.1,32.13,128819
2017-03-06 19:00:00,32.13,32.19,32.1,32.15,104713
2017-03-06 19:30:00,32.16,32.18,32.11,32.16,82272
2017-03-06 20:00:00,32.15,32.23,32.12,32.21,124307
2017-03-06 20:30:00,32.21,32.24,32.15,32.18,90057
2017-03-06 21:00:00,32.18,32.26,32.17,32.23,86038
2017-03-06 21:30:00,32.23,32.26,32.18,32.22,118247
2017-03-06 22:00:00,32.22,32.27,32.21,32.21,268593
2017-03-06 22:30:00,32.21,32.28,32.18,32.2,462215
2017-03-07 16:30:00,32.15,32.23,32.04,32.21,333144
2017-03-07 17:00:00,32.21,32.37,32.2,32.35,233269
2017-03-07 17:30:00,32.35,32.37,32.11,32.13,530670
2017-03-07 18:00:00,32.13,32.14,32.01,32.03,228852
2017-03-07 18:30:00,32.03,32.08,31.93,31.93,164080
2017-03-07 19:00:00,31.92,32.03,31.86,31.99,263194
2017-03-07 19:30:00,31.99,32.13,31.96,32.07,134852
2017-03-07 20:00:00,32.07,32.08,31.96,31.96,183196
2017-03-07 20:30:00,31.96,32.0,31.93,31.93,112442
2017-03-07 21:00:00,31.94,32.0,31.93,31.99,168062
2017-03-07 21:30:00,31.99,32.07,31.95,32.04,176958
2017-03-07 22:00:00,32.05,32.06,31.99,32.01,284184
2017-03-07 22:30:00,32.0,32.02,31.9,31.97,627176
2017-03-08 16:30:00,32.28,32.4,32.16,32.21,193768
2017-03-08 17:00:00,32.22,32.32,32.19,32.29,85220
2017-03-08 17:30:00,32.29,32.32,32.2,32.25,134169
2017-03-08 18:00:00,32.26,32.26,32.13,32.23,138594
2017-03-08 18:30:00,32.22,32.23,32.13,32.19,89801
2017-03-08 19:00:00,32.18,32.26,32.17,32.23,122784
2017-03-08 19:30:00,32.24,32.26,32.18,32.24,45703
2017-03-08 20:00:00,32.22,32.27,32.19,32.21,91690
2017-03-08 20:30:00,32.22,32.27,32.19,32.21,131211
2017-03-08 21:00:00,32.22,32.23,32.14,32.15,129688
2017-03-08 21:30:00,32.16,32.24,32.13,32.22,93404
2017-03-08 22:00:00,32.22,32.27,32.19,32.21,177204
2017-03-08 22:30:00,32.21,32.24,32.12,32.23,577217
2017-03-09 16:30:00,32.31,32.46,32.22,32.4,295628
2017-03-09 17:00:00,32.41,32.45,32.33,32.38,212316
2017-03-09 17:30:00,32.39,32.43,32.25,32.3,199956
2017-03-09 18:00:00,32.3,32.39,32.3,32.36,146997
2017-03-09 18:30:00,32.36,32.44,32.34,32.39,164169
2017-03-09 19:00:00,32.38,32.4,32.28,32.28,73719
2017-03-09 19:30:00,32.29,32.33,32.28,32.32,78536
2017-03-09 20:00:00,32.32,32.35,32.25,32.25,66721
2017-03-09 20:30:00,32.26,32.28,32.23,32.25,146820
2017-03-09 21:00:00,32.25,32.27,32.11,32.14,124948
2017-03-09 21:30:00,32.14,32.15,32.1,32.14,91020
2017-03-09 22:00:00,32.15,32.24,32.14,32.24,142885
2017-03-09 22:30:00,32.24,32.27,32.2,32.27,468115
2017-03-10 16:30:00,32.44,32.49,32.04,32.09,341891
2017-03-10 17:00:00,32.09,32.25,32.09,32.2,257571
2017-03-10 17:30:00,32.19,32.23,31.93,31.94,252727
2017-03-10 18:00:00,31.94,31.96,31.88,31.92,148746
2017-03-10 18:30:00,31.91,31.95,31.86,31.9,150903
2017-03-10 19:00:00,31.9,31.92,31.86,31.91,136495
2017-03-10 19:30:00,31.9,31.93,31.85,31.9,229355
2017-03-10 20:00:00,31.9,31.91,31.7,31.75,212761
2017-03-10 20:30:00,31.75,31.78,31.71,31.75,114321
2017-03-10 21:00:00,31.76,31.79,31.67,31.78,155375
2017-03-10 21:30:00,31.77,31.79,31.65,31.68,145107
2017-03-10 22:00:00,31.68,31.82,31.67,31.82,195657
2017-03-10 22:30:00,31.82,31.87,31.78,31.8,786915
2017-03-13 16:30:00,31.92,31.92,31.65,31.73,308456
2017-03-13 17:00:00,31.72,31.89,31.71,31.79,317971
2017-03-13 17:30:00,31.79,31.8,31.62,31.63,188746
2017-03-13 18:00:00,31.63,31.67,31.46,31.46,171393
2017-03-13 18:30:00,31.47,31.61,31.46,31.59,149672
2017-03-13 19:00:00,31.59,31.63,31.57,31.59,123112
2017-03-13 19:30:00,31.59,31.74,31.58,31.71,137603
2017-03-13 20:00:00,31.72,31.77,31.69,31.72,73741
2017-03-13 20:30:00,31.72,31.74,31.69,31.71,91854
2017-03-13 21:00:00,31.71,31.71,31.64,31.66,75926
2017-03-13 21:30:00,31.66,31.72,31.65,31.7,73006
2017-03-13 22:00:00,31.7,31.71,31.63,31.66,100325
2017-03-13 22:30:00,31.66,31.71,31.63,31.7,485267
2017-03-14 16:30:00,31.53,31.53,31.19,31.25,216100
2017-03-14 17:00:00,31.25,31.26,31.13,31.17,188052
2017-03-14 17:30:00,31.16,31.32,31.11,31.32,280619
2017-03-14 18:00:00,31.32,31.36,31.23,31.33,291060
2017-03-14 18:30:00,31.34,31.39,31.3,31.37,108274
2017-03-14 19:00:00,31.38,31.38,31.23,31.29,112837
2017-03-14 19:30:00,31.3,31.3,31.24,31.29,125485
2017-03-14 20:00:00,31.29,31.37,31.27,31.34,195986
2017-03-14 20:30:00,31.33,31.38,31.32,31.36,118616
2017-03-14 21:00:00,31.36,31.41,31.34,31.41,164125
2017-03-14 21:30:00,31.4,31.57,31.4,31.48,226707
2017-03-14 22:00:00,31.48,31.61,31.48,31.59,200314
2017-03-14 22:30:00,31.59,31.6,31.52,31.57,348565
2017-03-15 16:30:00,32.11,32.26,32.02,32.23,313349
2017-03-15 17:00:00,32.24,32.31,32.18,32.25,222170
2017-03-15 17:30:00,32.24,32.33,32.21,32.32,136009
2017-03-15 18:00:00,32.33,32.36,32.21,32.24,165565
2017-03-15 18:30:00,32.24,32.35,32.24,32.33,124544
2017-03-15 19:00:00,32.34,32.42,32.33,32.39,78001
2017-03-15 19:30:00,32.39,32.46,32.37,32.44,157704
2017-03-15 20:00:00,32.44,32.46,32.31,32.34,95821
2017-03-15 20:30:00,32.35,32.45,32.31,32.38,149923
2017-03-15 21:00:00,32.38,32.49,32.25,32.45,215491
2017-03-15 21:30:00,32.45,32.54,32.42,32.45,207329
2017-03-15 22:00:00,32.45,32.49,32.36,32.48,218598
2017-03-15 22:30:00,32.47,32.57,32.44,32.5,533654
2017-03-16 16:30:00,32.78,32.81,32.54,32.67,259200
2017-03-16 17:00:00,32.68,32.79,32.63,32.68,122367
2017-03-16 17:30:00,32.68,32.7,32.62,32.66,129050
2017-03-16 18:00:00,32.67,32.67,32.54,32.58,115501
2017-03-16 18:30:00,32.57,32.62,32.5,32.62,104835
2017-03-16 19:00:00,32.61,32.68,32.6,32.64,66515
2017-03-16 19:30:00,32.64,32.71,32.64,32.69,73459
2017-03-16 20:00:00,32.69,32.71,32.63,32.66,69578
2017-03-16 20:30:00,32.66,32.76,32.66,32.71,92544
2017-03-16 21:00:00,32.71,32.78,32.68,32.77,89312
2017-03-16 21:30:00,32.78,32.8,32.65,32.66,69891
2017-03-16 22:00:00,32.65,32.72,32.61,32.68,110199
2017-03-16 22:30:00,32.68,32.7,32.63,32.68,268404
2017-03-17 16:30:00,32.72,32.72,32.0,32.01,639724
2017-03-17 17:00:00,32.01,32.07,31.88,31.94,378426
2017-03-17 17:30:00,31.94,31.95,31.84,31.87,220685
2017-03-17 18:00:00,31.87,31.88,31.68,31.68,190673
2017-03-17 18:30:00,31.68,31.73,31.59,31.73,104503
2017-03-17 19:00:00,31.73,31.77,31.6,31.62,118551
2017-03-17 19:30:00,31.62,31.65,31.55,31.57,250729
2017-03-17 20:00:00,31.56,31.64,31.53,31.54,178957
2017-03-17 20:30:00,31.54,31.57,31.5,31.57,90912
2017-03-17 21:00:00,31.57,31.66,31.56,31.57,122496
2017-03-17 21:30:00,31.58,31.59,31.45,31.49,126821
2017-03-17 22:00:00,31.49,31.53,31.27,31.27,205965
2017-03-17 22:30:00,31.28,31.34,31.18,31.23,793694
2017-03-20 16:30:00,31.18,31.18,30.8,31.02,236193
2017-03-20 17:00:00,31.03,31.24,31.03,31.2,122997
2017-03-20 17:30:00,31.2,31.32,31.1,31.31,221819
2017-03-20 18:00:00,31.3,31.35,31.26,31.3,197324
2017-03-20 18:30:00,31.29,31.32,31.12,31.23,163400
2017-03-20 19:00:00,31.23,31.25,31.17,31.18,82914
2017-03-20 19:30:00,31.18,31.27,31.16,31.18,75586
2017-03-20 20:00:00,31.18,31.18,31.08,31.13,142247
2017-03-20 20:30:00,31.13,31.16,30.95,31.04,196788
2017-03-20 21:00:00,31.04,31.14,31.03,31.13,122106
2017-03-20 21:30:00,31.13,31.15,31.05,31.07,147196
2017-03-20 22:00:00,31.07,31.21,31.05,31.2,192605
2017-03-20 22:30:00,31.19,31.23,31.09,31.09,463112
2017-03-21 16:30:00,31.33,31.73,31.1,31.14,139796
2017-03-21 17:00:00,31.14,31.18,30.94,30.97,173838
2017-03-21 17:30:00,30.97,31.0,30.73,30.78,131770
2017-03-21 18:00:00,30.78,30.8,30.32,30.47,267008
2017-03-21 18:30:00,30.47,30.59,30.35,30.59,282397
2017-03-21 19:00:00,30.59,30.69,30.52,30.58,139535
2017-03-21 19:30:00,30.58,30.62,30.46,30.52,117103
2017-03-21 20:00:00,30.51,30.53,30.35,30.4,135739
2017-03-21 20:30:00,30.4,30.44,30.24,30.26,177277
2017-03-21 21:00:00,30.26,30.39,30.24,30.33,257624
2017-03-21 21:30:00,30.33,30.42,30.25,30.34,229666
2017-03-21 22:00:00,30.33,30.41,30.3,30.33,355906
2017-03-21 22:30:00,30.32,30.37,30.2,30.27,741410
2017-03-22 16:30:00,30.13,30.13,29.7,29.86,327511
2017-03-22 17:00:00,29.88,30.04,29.87,29.96,226674
2017-03-22 17:30:00,29.96,30.19,29.9,30.16,213476
2017-03-22 18:00:00,30.17,30.21,30.01,30.13,124491
2017-03-22 18:30:00,30.14,30.22,30.08,30.19,153473
2017-03-22 19:00:00,30.19,30.21,30.04,30.07,161100
2017-03-22 19:30:00,30.06,30.1,30.01,30.05,99421
2017-03-22 20:00:00,30.05,30.05,29.93,29.97,237405
2017-03-22 20:30:00,29.97,30.05,29.95,29.96,153995
2017-03-22 21:00:00,29.96,30.04,29.96,30.01,89163
2017-03-22 21:30:00,30.01,30.13,30.0,30.12,186997
2017-03-22 22:00:00,30.11,30.19,30.04,30.11,263637
2017-03-22 22:30:00,30.11,30.18,30.06,30.1,697339
2017-03-23 16:30:00,30.09,30.53,30.02,30.5,342675
2017-03-23 17:00:00,30.51,30.64,30.45,30.49,363118
2017-03-23 17:30:00,30.49,30.76,30.47,30.67,190622
2017-03-23 18:00:00,30.67,30.79,30.63,30.73,148635
2017-03-23 18:30:00,30.74,30.74,30.5,30.5,137449
2017-03-23 19:00:00,30.51,30.6,30.48,30.48,98881
2017-03-23 19:30:00,30.48,30.6,30.47,30.58,82719
2017-03-23 20:00:00,30.57,30.57,30.33,30.34,123033
2017-03-23 20:30:00,30.34,30.47,30.33,30.37,109973
2017-03-23 21:00:00,30.37,30.44,30.35,30.39,141019
2017-03-23 21:30:00,30.38,30.41,30.31,30.32,135300
2017-03-23 22:00:00,30.32,30.36,30.23,30.23,216773
2017-03-23 22:30:00,30.24,30.29,30.16,30.22,521076
2017-03-24 16:30:00,30.32,30.4,30.17,30.25,89223
2017-03-24 17:00:00,30.25,30.47,30.25,30.44,116876
2017-03-24 17:30:00,30.45,30.51,30.38,30.5,166197
2017-03-24 18:00:00,30.5,30.53,30.42,30.47,124088
2017-03-24 18:30:00,30.48,30.5,30.38,30.41,153382
2017-03-24 19:00:00,30.4,30.42,30.25,30.37,148655
2017-03-24 19:30:00,30.38,30.43,30.35,30.38,124313
2017-03-24 20:00:00,30.39,30.41,30.33,30.39,69753
2017-03-24 20:30:00,30.4,30.4,30.22,30.22,103028
2017-03-24 21:00:00,30.23,30.31,30.17,30.2,169540
2017-03-24 21:30:00,30.2,30.23,30.03,30.04,757193
2017-03-24 22:00:00,30.04,30.07,29.94,30.04,243001
2017-03-24 22:30:00,30.03,30.29,30.0,30.11,796682
2017-03-27 16:30:00,29.63,29.86,29.36,29.71,294120
2017-03-27 17:00:00,29.7,29.84,29.66,29.83,214189
2017-03-27 17:30:00,29.83,29.87,29.72,29.8,120904
2017-03-27 18:00:00,29.8,29.84,29.68,29.84,626136
2017-03-27 18:30:00,29.84,29.96,29.82,29.86,597512
2017-03-27 19:00:00,29.87,29.99,29.83,29.85,220084
2017-03-27 19:30:00,29.85,29.86,29.74,29.86,196404
2017-03-27 20:00:00,29.86,29.93,29.78,29.82,147109
2017-03-27 20:30:00,29.82,29.86,29.73,29.77,130278
2017-03-27 21:00:00,29.78,29.84,29.71,29.77,128436
2017-03-27 21:30:00,29.78,29.85,29.76,29.83,153438
2017-03-27 22:00:00,29.83,29.96,29.81,29.92,138215
2017-03-27 22:30:00,29.93,30.04,29.9,30.0,451493
2017-03-28 16:30:00,29.96,30.29,29.87,30.05,341211
2017-03-28 17:00:00,30.05,30.22,30.05,30.13,427161
2017-03-28 17:30:00,30.14,30.42,30.13,30.42,315793
2017-03-28 18:00:00,30.42,30.59,30.4,30.55,177132
2017-03-28 18:30:00,30.55,30.71,30.53,30.65,223847
2017-03-28 19:00:00,30.65,30.75,30.56,30.72,205103
2017-03-28 19:30:00,30.72,30.76,30.67,30.72,98505
2017-03-28 20:00:00,30.73,30.82,30.72,30.78,76907
2017-03-28 20:30:00,30.77,30.91,30.72,30.89,102273
2017-03-28 21:00:00,30.89,30.97,30.85,30.96,113804
2017-03-28 21:30:00,30.96,30.98,30.87,30.88,143366
2017-03-28 22:00:00,30.87,30.94,30.74,30.78,255313
2017-03-28 22:30:00,30.79,30.84,30.76,30.77,598356
2017-03-29 16:30:00,30.7,30.75,30.53,30.73,282659
2017-03-29 17:00:00,30.74,30.77,30.59,30.65,182968
2017-03-29 17:30:00,30.65,30.83,30.64,30.79,93858
2017-03-29 18:00:00,30.78,30.8,30.67,30.69,113070
2017-03-29 18:30:00,30.69,30.72,30.64,30.69,61060
2017-03-29 19:00:00,30.69,30.73,30.65,30.66,175156
2017-03-29 19:30:00,30.66,30.66,30.56,30.59,48510
2017-03-29 20:00:00,30.6,30.66,30.57,30.58,156769
2017-03-29 20:30:00,30.6,30.64,30.57,30.61,77949
2017-03-29 21:00:00,30.61,30.63,30.57,30.61,152896
2017-03-29 21:30:00,30.61,30.63,30.56,30.62,90418
2017-03-29 22:00:00,30.61,30.66,30.59,30.63,132043
2017-03-29 22:30:00,30.63,30.64,30.56,30.59,345326
2017-03-30 16:30:00,30.54,30.71,30.42,30.66,194857
2017-03-30 17:00:00,30.67,30.74,30.63,30.64,232988
2017-03-30 17:30:00,30.64,30.79,30.63,30.79,148403
2017-03-30 18:00:00,30.79,30.84,30.76,30.82,64713
2017-03-30 18:30:00,30.82,30.87,30.75,30.75,43370
2017-03-30 19:00:00,30.74,30.81,30.74,30.8,89363
2017-03-30 19:30:00,30.79,30.8,30.71,30.74,46405
2017-03-30 20:00:00,30.75,30.85,30.73,30.82,64502
2017-03-30 20:30:00,30.83,30.85,30.76,30.77,124905
2017-03-30 21:00:00,30.76,30.79,30.71,30.77,112864
2017-03-30 21:30:00,30.77,30.8,30.71,30.79,241038
2017-03-30 22:00:00,30.78,30.82,30.77,30.81,114568
2017-03-30 22:30:00,30.81,30.83,30.71,30.73,562088
2017-03-31 16:30:00,30.56,30.65,30.47,30.57,212325
2017-03-31 17:00:00,30.57,30.74,30.56,30.62,213923
2017-03-31 17:30:00,30.62,30.76,30.61,30.64,132800
2017-03-31 18:00:00,30.64,30.85,30.62,30.82,236495
2017-03-31 18:30:00,30.82,30.87,30.75,30.75,105485
2017-03-31 19:00:00,30.76,30.8,30.74,30.77,55158
2017-03-31 19:30:00,30.77,30.78,30.71,30.73,100324
2017-03-31 20:00:00,30.73,30.75,30.68,30.74,69260
2017-03-31 20:30:00,30.74,30.75,30.66,30.67,82462
2017-03-31 21:00:00,30.67,30.7,30.59,30.67,124204
2017-03-31 21:30:00,30.67,30.72,30.64,30.65,139814
2017-03-31 22:00:00,30.66,30.74,30.66,30.66,114534
2017-03-31 22:30:00,30.67,30.74,30.61,30.62,683581
2017-04-03 16:30:00,30.63,30.73,30.55,30.55,125695
2017-04-03 17:00:00,30.57,30.62,30.43,30.56,140112
2017-04-03 17:30:00,30.57,30.62,30.37,30.38,127224
2017-04-03 18:00:00,30.38,30.43,30.27,30.29,120774
2017-04-03 18:30:00,30.3,30.33,30.18,30.23,113156
2017-04-03 19:00:00,30.22,30.36,30.13,30.35,121965
2017-04-03 19:30:00,30.35,30.42,30.29,30.34,200212
2017-04-03 20:00:00,30.35,30.44,30.33,30.33,125542
2017-04-03 20:30:00,30.33,30.36,30.27,30.33,99569
2017-04-03 21:00:00,30.33,30.36,30.27,30.35,132826
2017-04-03 21:30:00,30.35,30.52,30.33,30.47,160363
2017-04-03 22:00:00,30.47,30.53,30.41,30.51,159039
2017-04-03 22:30:00,30.5,30.61,30.46,30.58,377122
2017-04-04 16:30:00,30.42,30.69,30.42,30.65,168671
2017-04-04 17:00:00,30.66,30.66,30.48,30.56,170101
2017-04-04 17:30:00,30.55,30.64,30.46,30.48,100702
2017-04-04 18:00:00,30.48,30.62,30.48,30.55,82290
2017-04-04 18:30:00,30.55,30.68,30.55,30.62,123869
2017-04-04 19:00:00,30.62,30.63,30.52,30.52,65410
2017-04-04 19:30:00,30.53,30.54,30.47,30.49,75482
2017-04-04 20:00:00,30.48,30.54,30.44,30.52,65181
2017-04-04 20:30:00,30.52,30.56,30.48,30.53,62589
2017-04-04 21:00:00,30.53,30.56,30.52,30.54,63906
2017-04-04 21:30:00,30.54,30.54,30.44,30.45,77540
2017-04-04 22:00:00,30.46,30.48,30.41,30.44,91644
2017-04-04 22:30:00,30.44,30.51,30.44,30.48,368596
2017-04-05 16:30:00,30.76,30.96,30.71,30.94,183892
2017-04-05 17:00:00,30.93,31.02,30.84,30.97,166890
2017-04-05 17:30:00,30.96,30.96,30.77,30.87,131387
2017-04-05 18:00:00,30.88,30.88,30.55,30.57,122396
2017-04-05 18:30:00,30.57,30.83,30.56,30.77,78349
2017-04-05 19:00:00,30.77,30.82,30.74,30.81,40445
2017-04-05 19:30:00,30.8,30.87,30.78,30.83,50277
2017-04-05 20:00:00,30.84,30.92,30.83,30.87,57408
2017-04-05 20:30:00,30.88,30.9,30.81,30.86,63048
2017-04-05 21:00:00,30.86,30.94,30.78,30.83,110460
2017-04-05 21:30:00,30.84,30.84,30.6,30.61,83807
2017-04-05 22:00:00,30.62,30.66,30.33,30.4,175720
2017-04-05 22:30:00,30.4,30.41,30.26,30.28,396336
2017-04-06 16:30:00,30.38,30.45,30.16,30.43,148805
2017-04-06 17:00:00,30.44,30.61,30.39,30.53,136310
2017-04-06 17:30:00,30.54,30.63,30.45,30.48,126484
2017-04-06 18:00:00,30.48,30.61,30.47,30.58,123591
2017-04-06 18:30:00,30.57,30.6,30.47,30.47,109514
2017-04-06 19:00:00,30.48,30.6,30.48,30.56,62096
2017-04-06 19:30:00,30.56,30.59,30.46,30.52,52993
2017-04-06 20:00:00,30.52,30.66,30.51,30.64,57750
2017-04-06 20:30:00,30.63,30.68,30.58,30.58,70735
2017-04-06 21:00:00,30.58,30.61,30.47,30.48,76377
2017-04-06 21:30:00,30.48,30.54,30.36,30.38,95604
2017-04-06 22:00:00,30.38,30.52,30.38,30.46,97488
2017-04-06 22:30:00,30.45,30.59,30.39,30.58,391543
2017-04-07 16:30:00,30.32,30.45,30.2,30.24,165453
2017-04-07 17:00:00,30.24,30.5,30.23,30.46,89920
2017-04-07 17:30:00,30.46,30.48,30.26,30.28,172371
2017-04-07 18:00:00,30.29,30.38,30.25,30.35,123524
2017-04-07 18:30:00,30.34,30.37,30.26,30.32,79802
2017-04-07 19:00:00,30.33,30.4,30.33,30.37,75858
2017-04-07 19:30:00,30.37,30.4,30.31,30.4,96680
2017-04-07 20:00:00,30.39,30.54,30.37,30.53,234281
2017-04-07 20:30:00,30.52,30.58,30.43,30.51,125183
2017-04-07 21:00:00,30.52,30.56,30.46,30.47,139099
2017-04-07 21:30:00,30.47,30.47,30.34,30.34,182183
2017-04-07 22:00:00,30.34,30.44,30.34,30.37,212051
2017-04-07 22:30:00,30.37,30.41,30.34,30.36,619202
2017-04-10 16:30:00,30.37,30.86,30.31,30.85,204955
2017-04-10 17:00:00,30.85,30.96,30.82,30.92,370103
2017-04-10 17:30:00,30.92,30.97,30.79,30.8,357414
2017-04-10 18:00:00,30.8,30.84,30.76,30.8,218513
2017-04-10 18:30:00,30.81,30.84,30.69,30.8,155079
2017-04-10 19:00:00,30.8,30.85,30.68,30.72,193958
2017-04-10 19:30:00,30.72,30.9,30.7,30.89,113414
2017-04-10 20:00:00,30.88,30.94,30.84,30.9,155637
2017-04-10 20:30:00,30.91,31.01,30.91,31.0,75884
2017-04-10 21:00:00,31.0,31.0,30.85,30.87,108094
2017-04-10 21:30:00,30.87,30.96,30.84,30.94,92028
2017-04-10 22:00:00,30.94,30.97,30.79,30.79,142071
2017-04-10 22:30:00,30.8,30.83,30.69,30.74,391780
2017-04-11 16:30:00,30.58,30.58,30.33,30.42,325806
2017-04-11 17:00:00,30.43,30.68,30.36,30.43,291070
2017-04-11 17:30:00,30.42,30.42,30.19,30.25,174356
2017-04-11 18:00:00,30.24,30.35,30.15,30.2,115350
2017-04-11 18:30:00,30.21,30.34,30.18,30.29,162971
2017-04-11 19:00:00,30.29,30.57,30.29,30.57,285578
2017-04-11 19:30:00,30.58,30.72,30.56,30.71,97128
2017-04-11 20:00:00,30.7,30.87,30.7,30.81,167977
2017-04-11 20:30:00,30.82,30.83,30.63,30.68,88755
2017-04-11 21:00:00,30.69,30.72,30.6,30.66,132876
2017-04-11 21:30:00,30.65,30.73,30.63,30.68,109542
2017-04-11 22:00:00,30.68,30.72,30.61,30.66,124767
2017-04-11 22:30:00,30.66,30.82,30.65,30.81,414228
2017-04-12 16:30:00,30.83,30.92,30.42,30.72,390100
2017-04-12 17:00:00,30.72,30.9,30.66,30.68,215722
2017-04-12 17:30:00,30.69,30.81,30.55,30.56,177275
2017-04-12 18:00:00,30.56,30.6,30.49,30.51,212626
2017-04-12 18:30:00,30.5,30.53,30.36,30.45,96167
2017-04-12 19:00:00,30.45,30.52,30.41,30.42,73659
2017-04-12 19:30:00,30.42,30.51,30.36,30.39,85143
2017-04-12 20:00:00,30.38,30.49,30.38,30.49,201013
2017-04-12 20:30:00,30.49,30.67,30.47,30.67,151671
2017-04-12 21:00:00,30.69,30.71,30.58,30.65,204078
2017-04-12 21:30:00,30.65,30.69,30.51,30.56,150531
2017-04-12 22:00:00,30.56,30.59,30.43,30.49,238105
2017-04-12 22:30:00,30.5,30.56,30.43,30.49,514730
2017-04-13 16:30:00,30.3,30.53,30.12,30.42,254323
2017-04-13 17:00:00,30.43,30.6,30.39,30.42,286187
2017-04-13 17:30:00,30.42,30.49,30.37,30.39,150650
2017-04-13 18:00:00,30.39,30.45,30.29,30.36,130450
2017-04-13 18:30:00,30.35,30.4,30.3,30.36,103853
2017-04-13 19:00:00,30.35,30.35,30.18,30.2,100036
2017-04-13 19:30:00,30.21,30.27,30.1,30.14,123624
2017-04-13 20:00:00,30.14,30.15,30.02,30.13,104617
2017-04-13 20:30:00,30.13,30.17,30.03,30.07,88776
2017-04-13 21:00:00,30.06,30.18,30.03,30.15,98182
2017-04-13 21:30:00,30.16,30.22,30.15,30.22,122392
2017-04-13 22:00:00,30.22,30.24,30.09,30.1,106992
2017-04-13 22:30:00,30.1,30.16,30.02,30.03,444436
2017-04-17 16:30:00,30.1,30.31,30.1,30.24,262299
2017-04-17 17:00:00,30.24,30.34,30.19,30.27,143043
2017-04-17 17:30:00,30.28,30.42,30.28,30.41,155033
2017-04-17 18:00:00,30.42,30.49,30.41,30.46,124536
2017-04-17 18:30:00,30.47,30.5,30.35,30.35,97523
2017-04-17 19:00:00,30.35,30.41,30.35,30.37,77574
2017-04-17 19:30:00,30.36,30.38,30.31,30.34,128698
2017-04-17 20:00:00,30.34,30.43,30.34,30.41,84261
2017-04-17 20:30:00,30.41,30.44,30.39,30.41,52047
2017-04-17 21:00:00,30.41,30.44,30.39,30.42,73395
2017-04-17 21:30:00,30.43,30.58,30.42,30.57,160180
2017-04-17 22:00:00,30.56,30.69,30.5,30.69,232969
2017-04-17 22:30:00,30.69,30.77,30.67,30.74,359708
2017-04-18 16:30:00,30.56,30.83,30.49,30.83,607037
2017-04-18 17:00:00,30.84,30.84,30.56,30.66,167234
2017-04-18 17:30:00,30.66,30.82,30.65,30.67,273708
2017-04-18 18:00:00,30.68,30.77,30.61,30.69,509742
2017-04-18 18:30:00,30.7,30.71,30.42,30.43,203588
2017-04-18 19:00:00,30.42,30.5,30.37,30.47,135651
2017-04-18 19:30:00,30.47,30.47,30.4,30.42,74612
2017-04-18 20:00:00,30.42,30.54,30.4,30.54,80915
2017-04-18 20:30:00,30.54,30.61,30.48,30.57,64730
2017-04-18 21:00:00,30.58,30.66,30.58,30.64,108641
2017-04-18 21:30:00,30.63,30.68,30.54,30.61,141008
2017-04-18 22:00:00,30.6,30.69,30.53,30.65,130853
2017-04-18 22:30:00,30.65,30.7,30.61,30.64,293833
2017-04-19 16:30:00,30.96,31.11,30.87,31.09,220613
2017-04-19 17:00:00,31.1,31.11,31.01,31.09,196722
2017-04-19 17:30:00,31.09,31.1,30.98,31.06,212631
2017-04-19 18:00:00,31.06,31.13,31.03,31.13,108532
2017-04-19 18:30:00,31.14,31.14,31.04,31.06,155315
2017-04-19 19:00:00,31.06,31.09,30.93,31.06,122280
2017-04-19 19:30:00,31.05,31.11,31.02,31.08,123155
2017-04-19 20:00:00,31.09,31.12,31.0,31.08,190153
2017-04-19 20:30:00,31.08,31.12,31.06,31.08,84879
2017-04-19 21:00:00,31.09,31.11,31.04,31.1,188160
2017-04-19 21:30:00,31.09,31.13,31.01,31.06,204367
2017-04-19 22:00:00,31.05,31.11,30.98,30.98,238026
2017-04-19 22:30:00,30.99,31.03,30.93,31.01,722941
2017-04-20 16:30:00,31.19,31.32,31.08,31.09,313627
2017-04-20 17:00:00,31.1,31.24,31.03,31.19,148456
2017-04-20 17:30:00,31.18,31.37,31.17,31.32,265843
2017-04-20 18:00:00,31.33,31.36,31.25,31.33,313343
2017-04-20 18:30:00,31.34,31.42,31.32,31.39,129660
2017-04-20 19:00:00,31.39,31.49,31.37,31.44,384135
2017-04-20 19:30:00,31.45,31.47,31.38,31.39,89536
2017-04-20 20:00:00,31.39,31.41,31.35,31.38,83276
2017-04-20 20:30:00,31.39,31.53,31.38,31.52,250889
2017-04-20 21:00:00,31.52,31.54,31.42,31.54,282864
2017-04-20 21:30:00,31.54,31.56,31.48,31.48,115126
2017-04-20 22:00:00,31.48,31.54,31.43,31.52,264622
2017-04-20 22:30:00,31.52,31.59,31.48,31.53,522471
2017-04-21 16:30:00,31.5,31.61,31.43,31.43,240425
2017-04-21 17:00:00,31.43,31.64,31.43,31.52,258818
2017-04-21 17:30:00,31.53,31.53,31.37,31.41,126613
2017-04-21 18:00:00,31.42,31.44,31.31,31.32,115025
2017-04-21 18:30:00,31.34,31.39,31.3,31.34,112959
2017-04-21 19:00:00,31.35,31.36,31.27,31.28,106652
2017-04-21 19:30:00,31.27,31.3,31.25,31.26,64578
2017-04-21 20:00:00,31.27,31.29,31.14,31.19,138616
2017-04-21 20:30:00,31.2,31.35,31.16,31.33,152568
2017-04-21 21:00:00,31.34,31.44,31.31,31.41,107321
2017-04-21 21:30:00,31.42,31.44,31.31,31.36,93278
2017-04-21 22:00:00,31.36,31.36,31.27,31.34,129287
2017-04-21 22:30:00,31.34,31.36,31.27,31.29,659488
2017-04-24 16:30:00,32.0,32.19,31.88,32.17,394075
2017-04-24 17:00:00,32.17,32.26,32.11,32.22,236381
2017-04-24 17:30:00,32.22,32.23,32.12,32.13,232973
2017-04-24 18:00:00,32.13,32.17,32.04,32.06,130937
2017-04-24 18:30:00,32.05,32.14,31.98,32.0,490834
2017-04-24 19:00:00,31.99,32.06,31.96,32.04,186488
2017-04-24 19:30:00,32.04,32.11,32.03,32.09,120895
2017-04-24 20:00:00,32.09,32.19,32.08,32.18,123815
2017-04-24 20:30:00,32.18,32.18,32.09,32.13,106951
2017-04-24 21:00:00,32.12,32.16,32.1,32.13,174879
2017-04-24 21:30:00,32.14,32.16,32.02,32.05,132711
2017-04-24 22:00:00,32.05,32.13,32.04,32.13,163820
2017-04-24 22:30:00,32.12,32.13,32.02,32.04,440978
2017-04-25 16:30:00,32.3,32.33,32.15,32.24,332579
2017-04-25 17:00:00,32.25,32.25,32.13,32.14,156396
2017-04-25 17:30:00,32.14,32.15,31.99,32.08,150617
2017-04-25 18:00:00,32.07,32.17,32.05,32.06,137374
2017-04-25 18:30:00,32.06,32.09,32.0,32.09,129155
2017-04-25 19:00:00,32.1,32.14,32.06,32.11,59176
2017-04-25 19:30:00,32.11,32.13,32.05,32.11,140363
2017-04-25 20:00:00,32.11,32.2,32.11,32.17,76342
2017-04-25 20:30:00,32.18,32.24,32.15,32.23,68099
2017-04-25 21:00:00,32.23,32.29,32.21,32.22,76021
2017-04-25 21:30:00,32.23,32.26,32.21,32.23,268460
2017-04-25 22:00:00,32.23,32.33,32.21,32.25,262565
2017-04-25 22:30:00,32.24,32.26,32.14,32.18,449599
2017-04-26 16:30:00,32.11,32.17,32.01,32.14,313008
2017-04-26 17:00:00,32.15,32.23,32.12,32.21,229535
2017-04-26 17:30:00,32.2,32.29,32.17,32.22,392324
2017-04-26 18:00:00,32.21,32.37,32.19,32.31,207079
2017-04-26 18:30:00,32.31,32.4,32.19,32.32,188819
2017-04-26 19:00:00,32.31,32.4,32.29,32.32,108368
2017-04-26 19:30:00,32.33,32.44,32.28,32.43,198829
2017-04-26 20:00:00,32.43,32.53,32.42,32.44,173517
2017-04-26 20:30:00,32.44,32.6,32.41,32.48,238805
2017-04-26 21:00:00,32.48,32.6,32.42,32.47,250594
2017-04-26 21:30:00,32.47,32.65,32.46,32.57,315922
2017-04-26 22:00:00,32.56,32.68,32.53,32.61,366489
2017-04-26 22:30:00,32.62,32.63,32.41,32.46,752835
2017-04-27 16:30:00,32.7,32.7,31.99,32.54,582990
2017-04-27 17:00:00,32.56,32.76,32.42,32.51,462902
2017-04-27 17:30:00,32.52,32.63,32.31,32.42,278746
2017-04-27 18:00:00,32.41,32.57,32.37,32.49,283835
2017-04-27 18:30:00,32.48,32.56,32.36,32.47,231046
2017-04-27 19:00:00,32.47,32.7,32.47,32.65,181850
2017-04-27 19:30:00,32.66,32.85,32.64,32.85,202487
2017-04-27 20:00:00,32.85,32.88,32.76,32.83,160516
2017-04-27 20:30:00,32.83,32.86,32.76,32.8,172863
2017-04-27 21:00:00,32.8,32.88,32.76,32.88,173354
2017-04-27 21:30:00,32.87,33.0,32.86,32.9,280423
2017-04-27 22:00:00,32.91,33.02,32.85,32.94,334456
2017-04-27 22:30:00,32.94,33.13,32.94,33.12,857159
2017-04-28 16:30:00,33.12,33.47,33.09,33.45,363976
2017-04-28 17:00:00,33.44,33.44,33.07,33.1,260454
2017-04-28 17:30:00,33.09,33.09,32.94,32.97,185270
2017-04-28 18:00:00,32.97,33.03,32.9,32.93,166679
2017-04-28 18:30:00,32.93,32.97,32.82,32.9,179374
2017-04-28 19:00:00,32.9,33.0,32.9,32.96,99901
2017-04-28 19:30:00,32.96,32.99,32.87,32.91,106301
2017-04-28 20:00:00,32.91,32.92,32.82,32.89,107295
2017-04-28 20:30:00,32.89,32.93,32.86,32.86,105475
2017-04-28 21:00:00,32.86,32.9,32.79,32.84,142351
2017-04-28 21:30:00,32.84,32.9,32.82,32.82,168627
2017-04-28 22:00:00,32.82,32.93,32.81,32.9,146542
2017-04-28 22:30:00,32.9,32.98,32.87,32.93,636058
2017-05-01 16:30:00,33.07,33.11,32.81,32.84,175078
2017-05-01 17:00:00,32.83,32.9,32.72,32.89,156692
2017-05-01 17:30:00,32.89,32.97,32.88,32.96,105904
2017-05-01 18:00:00,32.97,33.03,32.94,32.94,76777
2017-05-01 18:30:00,32.94,32.97,32.87,32.93,122998
2017-05-01 19:00:00,32.93,32.98,32.85,32.86,75522
2017-05-01 19:30:00,32.86,32.89,32.67,32.79,123899
2017-05-01 20:00:00,32.79,32.84,32.75,32.82,95562
2017-05-01 20:30:00,32.82,32.88,32.8,32.87,118841
2017-05-01 21:00:00,32.87,32.93,32.85,32.86,101312
2017-05-01 21:30:00,32.85,32.87,32.77,32.77,114569
2017-05-01 22:00:00,32.78,32.84,32.74,32.77,208990
2017-05-01 22:30:00,32.77,32.85,32.7,32.71,502538
2017-05-02 16:30:00,32.72,32.79,32.56,32.57,293302
2017-05-02 17:00:00,32.57,32.58,32.46,32.49,109098
2017-05-02 17:30:00,32.48,32.5,32.37,32.38,198529
2017-05-02 18:00:00,32.38,32.53,32.36,32.43,184222
2017-05-02 18:30:00,32.43,32.48,32.39,32.43,81238
2017-05-02 19:00:00,32.43,32.55,32.41,32.55,66359
2017-05-02 19:30:00,32.55,32.61,32.52,32.59,89529
2017-05-02 20:00:00,32.6,32.61,32.51,32.53,95108
2017-05-02 20:30:00,32.53,32.56,32.45,32.47,95213
2017-05-02 21:00:00,32.47,32.54,32.47,32.51,93159
2017-05-02 21:30:00,32.5,32.51,32.47,32.5,99899
2017-05-02 22:00:00,32.5,32.56,32.48,32.55,104053
2017-05-02 22:30:00,32.55,32.62,32.48,32.6,337081
2017-05-03 16:30:00,32.44,32.6,32.35,32.54,114667
2017-05-03 17:00:00,32.56,32.63,32.52,32.59,79856
2017-05-03 17:30:00,32.59,32.62,32.47,32.5,93051
2017-05-03 18:00:00,32.5,32.51,32.42,32.43,105269
2017-05-03 18:30:00,32.43,32.5,32.41,32.48,86608
2017-05-03 19:00:00,32.49,32.54,32.45,32.49,56893
2017-05-03 19:30:00,32.5,32.55,32.48,32.52,86619
2017-05-03 20:00:00,32.51,32.56,32.51,32.55,42108
2017-05-03 20:30:00,32.54,32.59,32.52,32.57,48043
2017-05-03 21:00:00,32.57,32.68,32.56,32.58,148089
2017-05-03 21:30:00,32.58,32.66,32.55,32.61,83765
2017-05-03 22:00:00,32.61,32.68,32.58,32.6,113546
2017-05-03 22:30:00,32.6,32.72,32.59,32.67,392131
2017-05-04 16:30:00,32.8,32.95,32.56,32.6,121765
2017-05-04 17:00:00,32.59,32.68,32.54,32.62,78104
2017-05-04 17:30:00,32.62,32.62,32.39,32.44,152982
2017-05-04 18:00:00,32.45,32.52,32.4,32.4,119672
2017-05-04 18:30:00,32.41,32.47,32.33,32.35,93625
2017-05-04 19:00:00,32.36,32.38,32.21,32.32,123092
2017-05-04 19:30:00,32.32,32.44,32.29,32.41,51397
2017-05-04 20:00:00,32.41,32.42,32.35,32.36,66705
2017-05-04 20:30:00,32.36,32.44,32.34,32.44,98237
2017-05-04 21:00:00,32.43,32.49,32.36,32.41,100830
2017-05-04 21:30:00,32.41,32.45,32.33,32.34,88074
2017-05-04 22:00:00,32.35,32.39,32.32,32.32,106731
2017-05-04 22:30:00,32.33,32.43,32.32,32.41,326145
2017-05-05 16:30:00,32.47,32.53,32.22,32.26,103368
2017-05-05 17:00:00,32.26,32.33,32.18,32.22,126259
2017-05-05 17:30:00,32.23,32.33,32.19,32.31,72078
2017-05-05 18:00:00,32.31,32.36,32.29,32.31,78689
2017-05-05 18:30:00,32.32,32.4,32.29,32.35,114506
2017-05-05 19:00:00,32.34,32.35,32.26,32.28,59649
2017-05-05 19:30:00,32.28,32.28,32.22,32.28,35320
2017-05-05 20:00:00,32.28,32.29,32.25,32.28,41758
2017-05-05 20:30:00,32.27,32.31,32.27,32.29,50503
2017-05-05 21:00:00,32.29,32.35,32.29,32.32,52029
2017-05-05 21:30:00,32.32,32.36,32.31,32.32,59307
2017-05-05 22:00:00,32.32,32.38,32.3,32.35,90261
2017-05-05 22:30:00,32.35,32.39,32.33,32.37,336971
2017-05-08 16:30:00,32.48,32.48,32.31,32.37,123881
2017-05-08 17:00:00,32.37,32.43,32.3,32.31,96584
2017-05-08 17:30:00,32.31,32.48,32.28,32.34,308290
2017-05-08 18:00:00,32.33,32.39,32.27,32.3,96416
2017-05-08 18:30:00,32.3,32.33,32.27,32.31,87290
2017-05-08 19:00:00,32.31,32.33,32.22,32.23,69937
2017-05-08 19:30:00,32.23,32.27,32.22,32.24,52275
2017-05-08 20:00:00,32.25,32.28,32.23,32.28,56673
2017-05-08 20:30:00,32.27,32.3,32.26,32.27,86240
2017-05-08 21:00:00,32.27,32.3,32.22,32.25,99959
2017-05-08 21:30:00,32.25,32.27,32.22,32.26,51727
2017-05-08 22:00:00,32.26,32.32,32.24,32.27,104280
2017-05-08 22:30:00,32.28,32.38,32.28,32.34,336738
2017-05-09 16:30:00,32.4,32.44,32.34,32.4,162604
2017-05-09 17:00:00,32.4,32.49,32.39,32.4,207271
2017-05-09 17:30:00,32.41,32.46,32.39,32.44,179185
2017-05-09 18:00:00,32.44,32.5,32.42,32.46,150142
2017-05-09 18:30:00,32.45,32.62,32.39,32.59,184562
2017-05-09 19:00:00,32.59,32.61,32.47,32.49,125786
2017-05-09 19:30:00,32.49,32.51,32.45,32.47,75215
2017-05-09 20:00:00,32.47,32.54,32.46,32.47,81667
2017-05-09 20:30:00,32.47,32.6,32.47,32.58,91176
2017-05-09 21:00:00,32.58,32.6,32.53,32.53,69120
2017-05-09 21:30:00,32.54,32.66,32.53,32.63,121276
2017-05-09 22:00:00,32.63,32.67,32.58,32.61,176969
2017-05-09 22:30:00,32.6,32.61,32.46,32.55,444473
2017-05-10 16:30:00,32.24,32.24,32.05,32.14,249489
2017-05-10 17:00:00,32.15,32.29,32.13,32.15,118274
2017-05-10 17:30:00,32.15,32.21,32.09,32.19,129944
2017-05-10 18:00:00,32.19,32.34,32.18,32.34,106396
2017-05-10 18:30:00,32.33,32.35,32.25,32.26,86643
2017-05-10 19:00:00,32.25,32.31,32.25,32.27,63869
2017-05-10 19:30:00,32.26,32.34,32.25,32.34,66300
2017-05-10 20:00:00,32.35,32.39,32.32,32.36,50925
2017-05-10 20:30:00,32.36,32.4,32.34,32.4,49696
2017-05-10 21:00:00,32.4,32.42,32.36,32.38,75840
2017-05-10 21:30:00,32.38,32.44,32.37,32.4,51488
2017-05-10 22:00:00,32.4,32.45,32.37,32.38,114885
2017-05-10 22:30:00,32.39,32.43,32.33,32.38,422341
2017-05-11 16:30:00,32.22,32.24,31.9,31.96,185182
2017-05-11 17:00:00,31.95,32.03,31.83,31.83,155773
2017-05-11 17:30:00,31.83,31.96,31.77,31.93,235758
2017-05-11 18:00:00,31.94,32.05,31.93,32.0,236640
2017-05-11 18:30:00,32.0,32.07,31.96,32.06,97641
2017-05-11 19:00:00,32.06,32.18,32.06,32.16,99432
2017-05-11 19:30:00,32.16,32.21,32.11,32.13,162432
2017-05-11 20:00:00,32.13,32.17,32.07,32.07,76467
2017-05-11 20:30:00,32.07,32.11,32.04,32.1,35214
2017-05-11 21:00:00,32.11,32.17,32.03,32.16,93333
2017-05-11 21:30:00,32.15,32.2,32.1,32.14,134366
2017-05-11 22:00:00,32.15,32.17,32.11,32.13,80900
2017-05-11 22:30:00,32.12,32.21,32.09,32.16,394817
2017-05-12 16:30:00,31.97,32.13,31.88,32.1,175949
2017-05-12 17:00:00,32.11,32.14,31.85,31.88,142848
2017-05-12 17:30:00,31.87,31.96,31.84,31.89,63658
2017-05-12 18:00:00,31.89,31.93,31.85,31.9,102624
2017-05-12 18:30:00,31.9,32.06,31.89,32.01,287897
2017-05-12 19:00:00,32.02,32.1,32.01,32.07,48535
2017-05-12 19:30:00,32.07,32.08,32.02,32.05,50074
2017-05-12 20:00:00,32.04,32.08,32.0,32.04,50825
2017-05-12 20:30:00,32.05,32.09,32.03,32.06,83818
2017-05-12 21:00:00,32.05,32.07,32.01,32.04,67543
2017-05-12 21:30:00,32.04,32.12,32.04,32.1,68398
2017-05-12 22:00:00,32.1,32.14,32.09,32.14,122156
2017-05-12 22:30:00,32.13,32.15,32.08,32.11,272796
2017-05-15 16:30:00,32.23,32.37,32.09,32.19,248656
2017-05-15 17:00:00,32.2,32.39,32.12,32.36,153675
2017-05-15 17:30:00,32.37,32.45,32.32,32.44,120637
2017-05-15 18:00:00,32.44,32.45,32.38,32.42,77578
2017-05-15 18:30:00,32.42,32.42,32.22,32.29,186702
2017-05-15 19:00:00,32.28,32.37,32.26,32.36,166103
2017-05-15 19:30:00,32.35,32.43,32.34,32.41,124583
2017-05-15 20:00:00,32.4,32.41,32.33,32.37,144422
2017-05-15 20:30:00,32.36,32.37,32.26,32.27,200677
2017-05-15 21:00:00,32.26,32.32,32.17,32.17,135843
2017-05-15 21:30:00,32.18,32.19,32.15,32.16,51204
2017-05-15 22:00:00,32.17,32.23,32.17,32.18,126922
2017-05-15 22:30:00,32.18,32.26,32.15,32.22,668537
2017-05-16 16:30:00,32.39,32.42,32.16,32.2,141482
2017-05-16 17:00:00,32.2,32.24,32.02,32.05,151772
2017-05-16 17:30:00,32.05,32.07,31.94,31.95,195621
2017-05-16 18:00:00,31.96,32.1,31.92,32.03,126797
2017-05-16 18:30:00,32.03,32.07,31.99,32.05,155167
2017-05-16 19:00:00,32.05,32.06,31.98,31.99,85746
2017-05-16 19:30:00,31.99,32.07,31.97,32.04,152806
2017-05-16 20:00:00,32.04,32.09,32.0,32.0,73648
2017-05-16 20:30:00,32.01,32.08,32.01,32.05,55168
2017-05-16 21:00:00,32.05,32.11,32.04,32.07,63789
2017-05-16 21:30:00,32.07,32.08,32.02,32.06,78181
2017-05-16 22:00:00,32.06,32.12,32.03,32.1,111630
2017-05-16 22:30:00,32.11,32.2,32.1,32.18,323131
2017-05-17 16:30:00,31.49,31.81,31.46,31.48,242090
2017-05-17 17:00:00,31.46,31.5,31.34,31.36,114123
2017-05-17 17:30:00,31.36,31.4,31.17,31.19,131472
2017-05-17 18:00:00,31.19,31.28,31.14,31.21,334165
2017-05-17 18:30:00,31.21,31.22,31.09,31.14,214228
2017-05-17 19:00:00,31.14,31.14,30.98,30.98,84646
2017-05-17 19:30:00,30.98,31.04,30.93,31.02,216583
2017-05-17 20:00:00,31.01,31.03,30.88,30.92,166243
2017-05-17 20:30:00,30.92,30.95,30.8,30.82,101336
2017-05-17 21:00:00,30.82,30.87,30.65,30.65,171064
2017-05-17 21:30:00,30.65,30.75,30.57,30.74,267577
2017-05-17 22:00:00,30.74,30.84,30.69,30.74,263207
2017-05-17 22:30:00,30.73,30.77,30.63,30.66,732274
2017-05-18 16:30:00,30.66,30.96,30.51,30.72,306394
2017-05-18 17:00:00,30.72,31.22,30.72,31.21,483809
2017-05-18 17:30:00,31.21,31.26,31.15,31.25,423055
2017-05-18 18:00:00,31.25,31.26,31.1,31.11,206474
2017-05-18 18:30:00,31.11,31.18,31.02,31.05,120484
2017-05-18 19:00:00,31.06,31.11,30.98,31.07,369798
2017-05-18 19:30:00,31.07,31.13,30.98,31.06,281234
2017-05-18 20:00:00,31.06,31.12,31.02,31.03,135151
2017-05-18 20:30:00,31.03,31.16,31.0,31.14,148742
2017-05-18 21:00:00,31.14,31.33,31.14,31.3,277347
2017-05-18 21:30:00,31.31,31.38,31.24,31.24,188766
2017-05-18 22:00:00,31.25,31.28,31.19,31.24,277278
2017-05-18 22:30:00,31.24,31.37,31.2,31.24,550687
2017-05-19 16:30:00,31.38,31.43,31.22,31.34,270288
2017-05-19 17:00:00,31.34,31.44,31.3,31.33,79372
2017-05-19 17:30:00,31.34,31.35,31.22,31.28,183601
2017-05-19 18:00:00,31.28,31.43,31.23,31.43,144147
2017-05-19 18:30:00,31.43,31.47,31.35,31.45,103723
2017-05-19 19:00:00,31.46,31.52,31.45,31.51,123186
2017-05-19 19:30:00,31.51,31.65,31.5,31.61,98490
2017-05-19 20:00:00,31.61,31.65,31.6,31.62,95604
2017-05-19 20:30:00,31.63,31.69,31.6,31.68,70213
2017-05-19 21:00:00,31.69,31.72,31.67,31.7,85756
2017-05-19 21:30:00,31.7,31.78,31.67,31.7,138753
2017-05-19 22:00:00,31.7,31.71,31.56,31.59,168990
2017-05-19 22:30:00,31.59,31.63,31.56,31.62,348031
2017-05-22 16:30:00,31.87,31.99,31.83,31.93,120114
2017-05-22 17:00:00,31.91,31.96,31.75,31.79,64230
2017-05-22 17:30:00,31.8,31.81,31.62,31.62,129713
2017-05-22 18:00:00,31.62,31.77,31.6,31.77,109540
2017-05-22 18:30:00,31.77,31.86,31.73,31.84,70666
2017-05-22 19:00:00,31.83,31.93,31.83,31.85,63838
2017-05-22 19:30:00,31.85,31.85,31.74,31.75,67026
2017-05-22 20:00:00,31.75,31.83,31.74,31.81,37940
2017-05-22 20:30:00,31.82,31.82,31.76,31.76,47659
2017-05-22 21:00:00,31.77,31.78,31.69,31.71,47965
2017-05-22 21:30:00,31.7,31.76,31.69,31.7,35731
2017-05-22 22:00:00,31.71,31.78,31.7,31.78,74353
2017-05-22 22:30:00,31.78,31.91,31.77,31.85,349667
2017-05-23 16:30:00,30.95,31.83,30.95,31.62,93740
2017-05-23 17:00:00,31.61,31.62,31.44,31.59,264398
2017-05-23 17:30:00,31.58,31.71,31.58,31.66,119437
2017-05-23 18:00:00,31.67,31.69,31.61,31.63,167849
2017-05-23 18:30:00,31.63,31.7,31.6,31.63,174552
2017-05-23 19:00:00,31.63,31.69,31.55,31.56,53202
2017-05-23 19:30:00,31.55,31.58,31.46,31.46,43119
2017-05-23 20:00:00,31.47,31.5,31.43,31.45,214205
2017-05-23 20:30:00,31.45,31.47,31.37,31.38,181052
2017-05-23 21:00:00,31.38,31.48,31.37,31.37,94670
2017-05-23 21:30:00,31.37,31.44,31.37,31.38,326973
2017-05-23 22:00:00,31.38,31.4,31.31,31.33,245382
2017-05-23 22:30:00,31.32,31.34,31.24,31.26,435175
2017-05-24 16:30:00,31.28,31.31,31.0,31.01,308856
2017-05-24 17:00:00,31.01,31.17,30.92,31.17,255399
2017-05-24 17:30:00,31.18,31.24,31.11,31.16,124995
2017-05-24 18:00:00,31.17,31.22,31.16,31.21,142173
2017-05-24 18:30:00,31.22,31.23,31.07,31.11,97487
2017-05-24 19:00:00,31.11,31.14,31.08,31.08,88209
2017-05-24 19:30:00,31.09,31.11,31.04,31.05,56468
2017-05-24 20:00:00,31.05,31.06,30.98,31.01,119819
2017-05-24 20:30:00,31.01,31.08,30.98,31.0,116394
2017-05-24 21:00:00,31.0,31.14,30.93,31.13,237489
2017-05-24 21:30:00,31.12,31.17,31.11,31.12,168306
2017-05-24 22:00:00,31.13,31.17,31.07,31.15,218937
2017-05-24 22:30:00,31.14,31.21,31.14,31.18,429870
2017-05-25 16:30:00,31.51,31.64,31.31,31.63,341315
2017-05-25 17:00:00,31.63,31.81,31.62,31.81,175889
2017-05-25 17:30:00,31.81,31.87,31.76,31.79,220207
2017-05-25 18:00:00,31.79,31.92,31.78,31.82,117795
2017-05-25 18:30:00,31.82,31.85,31.71,31.77,163069
2017-05-25 19:00:00,31.76,31.9,31.75,31.88,89341
2017-05-25 19:30:00,31.87,31.98,31.86,31.95,86710
2017-05-25 20:00:00,31.96,31.98,31.89,31.96,81069
2017-05-25 20:30:00,31.96,32.06,31.93,32.06,90085
2017-05-25 21:00:00,32.06,32.12,32.0,32.05,107815
2017-05-25 21:30:00,32.06,32.12,32.04,32.08,81433
2017-05-25 22:00:00,32.07,32.11,31.97,31.98,138760
2017-05-25 22:30:00,31.98,32.08,31.93,31.94,412079
2017-05-26 16:30:00,31.78,31.87,31.75,31.87,124345
2017-05-26 17:00:00,31.87,31.87,31.68,31.72,53531
2017-05-26 17:30:00,31.72,31.82,31.65,31.65,74073
2017-05-26 18:00:00,31.64,31.85,31.64,31.82,45834
2017-05-26 18:30:00,31.82,31.85,31.63,31.63,80223
2017-05-26 19:00:00,31.64,31.87,31.63,31.86,153291
2017-05-26 19:30:00,31.86,31.89,31.84,31.84,84303
2017-05-26 20:00:00,31.85,31.91,31.82,31.85,46978
2017-05-26 20:30:00,31.86,31.9,31.85,31.88,57925
2017-05-26 21:00:00,31.88,31.93,31.85,31.9,58807
2017-05-26 21:30:00,31.91,31.97,31.9,31.94,98073
2017-05-26 22:00:00,31.94,31.99,31.91,31.95,103068
2017-05-26 22:30:00,31.96,32.03,31.94,31.99,408297
2017-05-30 16:30:00,31.99,31.99,31.67,31.69,97431
2017-05-30 17:00:00,31.69,31.72,31.51,31.54,88676
2017-05-30 17:30:00,31.54,31.64,31.54,31.55,79904
2017-05-30 18:00:00,31.55,31.63,31.54,31.54,96117
2017-05-30 18:30:00,31.54,31.58,31.51,31.57,62252
2017-05-30 19:00:00,31.58,31.67,31.58,31.67,26002
2017-05-30 19:30:00,31.67,31.69,31.62,31.66,78131
2017-05-30 20:00:00,31.66,31.69,31.65,31.69,51973
2017-05-30 20:30:00,31.68,31.76,31.67,31.76,173987
2017-05-30 21:00:00,31.76,31.77,31.67,31.68,41375
2017-05-30 21:30:00,31.67,31.7,31.65,31.69,53179
2017-05-30 22:00:00,31.7,31.74,31.64,31.66,141526
2017-05-30 22:30:00,31.66,31.69,31.62,31.63,325356
2017-05-31 16:30:00,31.85,31.9,31.23,31.24,147837
2017-05-31 17:00:00,31.24,31.35,31.16,31.35,162338
2017-05-31 17:30:00,31.36,31.55,31.33,31.55,258013
2017-05-31 18:00:00,31.56,31.63,31.47,31.52,198468
2017-05-31 18:30:00,31.51,31.52,31.42,31.49,107046
2017-05-31 19:00:00,31.49,31.59,31.49,31.54,66183
2017-05-31 19:30:00,31.54,31.54,31.45,31.45,55927
2017-05-31 20:00:00,31.46,31.54,31.45,31.47,58933
2017-05-31 20:30:00,31.47,31.51,31.44,31.46,53161
2017-05-31 21:00:00,31.46,31.58,31.45,31.58,71604
2017-05-31 21:30:00,31.57,31.64,31.52,31.52,196316
2017-05-31 22:00:00,31.53,31.6,31.47,31.6,152477
2017-05-31 22:30:00,31.59,31.72,31.59,31.69,445599
2017-06-01 16:30:00,31.88,32.16,31.75,32.16,134174
2017-06-01 17:00:00,32.16,32.48,32.12,32.46,302810
2017-06-01 17:30:00,32.47,32.56,32.36,32.53,212845
2017-06-01 18:00:00,32.53,32.64,32.46,32.6,177708
2017-06-01 18:30:00,32.59,32.74,32.57,32.69,129438
2017-06-01 19:00:00,32.69,32.8,32.69,32.79,135071
2017-06-01 19:30:00,32.8,32.84,32.77,32.79,117199
2017-06-01 20:00:00,32.79,32.92,32.78,32.84,385638
2017-06-01 20:30:00,32.84,32.88,32.81,32.82,147252
2017-06-01 21:00:00,32.81,32.96,32.81,32.91,119030
2017-06-01 21:30:00,32.9,32.92,32.81,32.83,199076
2017-06-01 22:00:00,32.83,32.84,32.72,32.77,181904
2017-06-01 22:30:00,32.77,32.93,32.77,32.93,541494
2017-06-02 16:30:00,32.7,32.81,32.57,32.68,364344
2017-06-02 17:00:00,32.68,32.83,32.68,32.83,268241
2017-06-02 17:30:00,32.82,32.99,32.8,32.95,229837
2017-06-02 18:00:00,32.94,33.03,32.89,32.92,177162
2017-06-02 18:30:00,32.93,33.06,32.92,33.04,153227
2017-06-02 19:00:00,33.05,33.16,32.99,33.09,123447
2017-06-02 19:30:00,33.08,33.13,33.04,33.1,117487
2017-06-02 20:00:00,33.1,33.17,33.07,33.1,236577
2017-06-02 20:30:00,33.1,33.14,33.01,33.01,238965
2017-06-02 21:00:00,33.01,33.05,32.93,32.93,101259
2017-06-02 21:30:00,32.94,33.07,32.93,33.05,107562
2017-06-02 22:00:00,33.05,33.08,32.99,32.99,182729
2017-06-02 22:30:00,33.0,33.05,32.89,32.93,477429
2017-06-05 16:30:00,33.23,33.28,32.98,33.2,327772
2017-06-05 17:00:00,33.21,33.36,33.18,33.24,186836
2017-06-05 17:30:00,33.24,33.34,33.19,33.33,150067
2017-06-05 18:00:00,33.33,33.34,33.22,33.26,203831
2017-06-05 18:30:00,33.27,33.29,33.08,33.16,165915
2017-06-05 19:00:00,33.16,33.24,33.14,33.2,93073
2017-06-05 19:30:00,33.2,33.3,33.19,33.3,87424
2017-06-05 20:00:00,33.3,33.35,33.28,33.35,112306
2017-06-05 20:30:00,33.34,33.39,33.3,33.38,230405
2017-06-05 21:00:00,33.38,33.39,33.26,33.31,124792
2017-06-05 21:30:00,33.31,33.39,33.24,33.36,215282
2017-06-05 22:00:00,33.36,33.38,33.29,33.37,283767
2017-06-05 22:30:00,33.36,33.41,33.3,33.35,744646
2017-06-06 16:30:00,33.16,33.42,33.0,33.36,273377
2017-06-06 17:00:00,33.36,33.44,33.22,33.39,194477
2017-06-06 17:30:00,33.38,33.4,33.21,33.26,182013
2017-06-06 18:00:00,33.27,33.3,33.2,33.25,173765
2017-06-06 18:30:00,33.25,33.39,33.22,33.26,167508
2017-06-06 19:00:00,33.25,33.37,33.25,33.33,131590
2017-06-06 19:30:00,33.32,33.37,33.26,33.36,123553
2017-06-06 20:00:00,33.36,33.45,33.3,33.42,155565
2017-06-06 20:30:00,33.41,33.49,33.39,33.49,147492
2017-06-06 21:00:00,33.48,33.56,33.46,33.49,239039
2017-06-06 21:30:00,33.49,33.58,33.48,33.48,216172
2017-06-06 22:00:00,33.48,33.57,33.44,33.49,262167
2017-06-06 22:30:00,33.49,33.52,33.37,33.41,619823
2017-06-07 16:30:00,33.48,33.53,33.36,33.48,139055
2017-06-07 17:00:00,33.47,33.55,33.36,33.38,98856
2017-06-07 17:30:00,33.37,33.43,33.22,33.42,190296
2017-06-07 18:00:00,33.42,33.42,33.24,33.24,264085
2017-06-07 18:30:00,33.24,33.36,33.23,33.32,141511
2017-06-07 19:00:00,33.33,33.44,33.28,33.39,115840
2017-06-07 19:30:00,33.38,33.38,33.24,33.3,114023
2017-06-07 20:00:00,33.3,33.37,33.26,33.31,115373
2017-06-07 20:30:00,33.3,33.44,33.26,33.37,166467
2017-06-07 21:00:00,33.38,33.45,33.36,33.39,115668
2017-06-07 21:30:00,33.39,33.46,33.39,33.42,108966
2017-06-07 22:00:00,33.41,33.52,33.39,33.52,199166
2017-06-07 22:30:00,33.52,33.55,33.39,33.43,368590
2017-06-08 16:30:00,33.41,33.66,33.31,33.62,149167
2017-06-08 17:00:00,33.62,33.77,33.61,33.62,126865
2017-06-08 17:30:00,33.62,33.68,33.56,33.63,110336
2017-06-08 18:00:00,33.64,33.83,33.64,33.79,125597
2017-06-08 18:30:00,33.79,33.85,33.77,33.84,179139
2017-06-08 19:00:00,33.83,34.03,33.82,33.88,204470
2017-06-08 19:30:00,33.88,34.02,33.88,34.02,158471
2017-06-08 20:00:00,34.0,34.04,33.97,34.01,126216
2017-06-08 20:30:00,34.01,34.11,34.0,34.11,127896
2017-06-08 21:00:00,34.09,34.11,33.86,33.87,208456
2017-06-08 21:30:00,33.87,33.92,33.83,33.87,179783
2017-06-08 22:00:00,33.88,33.94,33.8,33.86,155492
2017-06-08 22:30:00,33.85,33.95,33.83,33.89,424722
2017-06-09 16:30:00,34.15,34.26,33.99,34.17,282607
2017-06-09 17:00:00,34.17,34.18,34.05,34.18,177896
2017-06-09 17:30:00,34.19,34.25,34.16,34.18,150839
2017-06-09 18:00:00,34.18,34.3,34.14,34.24,249201
2017-06-09 18:30:00,34.24,34.27,34.16,34.17,148766
2017-06-09 19:00:00,34.17,34.2,34.11,34.14,123825
2017-06-09 19:30:00,34.14,34.18,34.11,34.17,89882
2017-06-09 20:00:00,34.18,34.26,34.17,34.26,134375
2017-06-09 20:30:00,34.26,34.32,34.07,34.08,207582
2017-06-09 21:00:00,34.08,34.18,34.08,34.1,148894
2017-06-09 21:30:00,34.11,34.17,33.92,34.0,230308
2017-06-09 22:00:00,34.01,34.24,33.99,34.24,166901
2017-06-09 22:30:00,34.23,34.34,34.14,34.31,392505
2017-06-12 16:30:00,34.31,34.7,34.31,34.38,227443
2017-06-12 17:00:00,34.37,34.43,34.26,34.39,196881
2017-06-12 17:30:00,34.39,34.41,34.28,34.37,191113
2017-06-12 18:00:00,34.38,34.4,34.21,34.26,251083
2017-06-12 18:30:00,34.27,34.33,34.22,34.3,123784
2017-06-12 19:00:00,34.3,34.47,34.24,34.44,111062
2017-06-12 19:30:00,34.44,34.49,34.37,34.4,216443
2017-06-12 20:00:00,34.39,34.5,34.38,34.48,103737
2017-06-12 20:30:00,34.49,34.53,34.37,34.37,134689
2017-06-12 21:00:00,34.37,34.47,34.37,34.39,80980
2017-06-12 21:30:00,34.39,34.42,34.36,34.41,75687
2017-06-12 22:00:00,34.42,34.44,34.37,34.38,101748
2017-06-12 22:30:00,34.38,34.46,34.37,34.45,324835
2017-06-13 16:30:00,34.57,34.8,34.36,34.49,194770
2017-06-13 17:00:00,34.5,34.64,34.44,34.59,120927
2017-06-13 17:30:00,34.59,34.61,34.46,34.51,183545
2017-06-13 18:00:00,34.51,34.57,34.41,34.43,113581
2017-06-13 18:30:00,34.44,34.53,34.43,34.46,120339
2017-06-13 19:00:00,34.46,34.47,34.34,34.36,169568
2017-06-13 19:30:00,34.35,34.51,34.34,34.5,136061
2017-06-13 20:00:00,34.5,34.56,34.44,34.45,68850
2017-06-13 20:30:00,34.45,34.52,34.39,34.51,91763
2017-06-13 21:00:00,34.5,34.51,34.37,34.38,87243
2017-06-13 21:30:00,34.39,34.51,34.38,34.46,113006
2017-06-13 22:00:00,34.45,34.51,34.4,34.51,91416
2017-06-13 22:30:00,34.5,34.52,34.44,34.49,326157
2017-06-14 16:30:00,34.29,34.51,34.14,34.4,175529
2017-06-14 17:00:00,34.39,34.55,34.38,34.52,78910
2017-06-14 17:30:00,34.52,34.54,34.36,34.41,97330
2017-06-14 18:00:00,34.4,34.43,34.37,34.41,93828
2017-06-14 18:30:00,34.42,34.42,34.28,34.4,98058
2017-06-14 19:00:00,34.39,34.47,34.31,34.4,150742
2017-06-14 19:30:00,34.41,34.5,34.41,34.46,92802
2017-06-14 20:00:00,34.46,34.52,34.43,34.44,83247
2017-06-14 20:30:00,34.44,34.56,34.43,34.55,69469
2017-06-14 21:00:00,34.55,34.68,34.49,34.67,165038
2017-06-14 21:30:00,34.65,34.73,34.43,34.57,201683
2017-06-14 22:00:00,34.56,34.69,34.51,34.66,173802
2017-06-14 22:30:00,34.65,34.73,34.62,34.69,248878
2017-06-15 16:30:00,34.13,34.41,34.13,34.35,233307
2017-06-15 17:00:00,34.34,34.45,34.32,34.44,137518
2017-06-15 17:30:00,34.44,34.51,34.24,34.35,153577
2017-06-15 18:00:00,34.37,34.47,34.37,34.44,113531
2017-06-15 18:30:00,34.45,34.53,34.42,34.5,105992
2017-06-15 19:00:00,34.51,34.53,34.46,34.49,75563
2017-06-15 19:30:00,34.49,34.59,34.49,34.53,96242
2017-06-15 20:00:00,34.53,34.59,34.51,34.55,92783
2017-06-15 20:30:00,34.55,34.63,34.55,34.58,82686
2017-06-15 21:00:00,34.57,34.65,34.56,34.61,95205
2017-06-15 21:30:00,34.61,34.69,34.61,34.62,173844
2017-06-15 22:00:00,34.61,34.69,34.61,34.63,115277
2017-06-15 22:30:00,34.63,34.64,34.53,34.59,350720
2017-06-16 16:30:00,34.55,34.58,34.38,34.51,410785
2017-06-16 17:00:00,34.5,34.63,34.43,34.56,164996
2017-06-16 17:30:00,34.55,34.68,34.5,34.61,105254
2017-06-16 18:00:00,34.62,34.65,34.56,34.64,75808
2017-06-16 18:30:00,34.64,34.72,34.62,34.64,84479
2017-06-16 19:00:00,34.64,34.68,34.59,34.61,44914
2017-06-16 19:30:00,34.6,34.6,34.51,34.54,72101
2017-06-16 20:00:00,34.54,34.59,34.53,34.54,42679
2017-06-16 20:30:00,34.54,34.56,34.5,34.55,49050
2017-06-16 21:00:00,34.55,34.59,34.51,34.56,60008
2017-06-16 21:30:00,34.56,34.65,34.54,34.63,86331
2017-06-16 22:00:00,34.63,34.66,34.58,34.58,92097
2017-06-16 22:30:00,34.59,34.61,34.54,34.6,471413
2017-06-19 16:30:00,34.8,34.98,34.71,34.98,172356
2017-06-19 17:00:00,34.97,35.2,34.96,35.14,124058
2017-06-19 17:30:00,35.13,35.28,35.09,35.19,181208
2017-06-19 18:00:00,35.18,35.26,35.13,35.19,122870
2017-06-19 18:30:00,35.19,35.29,35.18,35.27,107521
2017-06-19 19:00:00,35.26,35.38,35.17,35.36,287818
2017-06-19 19:30:00,35.36,35.44,35.3,35.43,196748
2017-06-19 20:00:00,35.42,35.49,35.42,35.47,87860
2017-06-19 20:30:00,35.46,35.47,35.36,35.36,113456
2017-06-19 21:00:00,35.36,35.37,35.26,35.34,148578
2017-06-19 21:30:00,35.33,35.38,35.3,35.34,144124
2017-06-19 22:00:00,35.34,35.36,35.29,35.34,246608
2017-06-19 22:30:00,35.34,35.41,35.3,35.4,424543
2017-06-20 16:30:00,35.26,35.38,35.11,35.21,137647
2017-06-20 17:00:00,35.21,35.39,35.18,35.2,157905
2017-06-20 17:30:00,35.19,35.31,35.17,35.25,120936
2017-06-20 18:00:00,35.24,35.28,35.13,35.24,102477
2017-06-20 18:30:00,35.24,35.33,35.22,35.29,67878
2017-06-20 19:00:00,35.28,35.33,35.16,35.2,111114
2017-06-20 19:30:00,35.19,35.24,35.1,35.24,134404
2017-06-20 20:00:00,35.24,35.27,35.2,35.22,49847
2017-06-20 20:30:00,35.21,35.27,35.19,35.27,85806
2017-06-20 21:00:00,35.27,35.31,35.2,35.21,72861
2017-06-20 21:30:00,35.21,35.23,35.17,35.17,60833
2017-06-20 22:00:00,35.17,35.26,35.16,35.21,111920
2017-06-20 22:30:00,35.2,35.2,35.07,35.09,292785
2017-06-21 16:30:00,35.15,35.19,34.93,35.03,230666
2017-06-21 17:00:00,35.03,35.05,34.92,34.98,243869
2017-06-21 17:30:00,34.98,35.08,34.97,34.97,179522
2017-06-21 18:00:00,34.96,34.96,34.86,34.93,184822
2017-06-21 18:30:00,34.92,35.07,34.92,35.02,118383
2017-06-21 19:00:00,35.03,35.06,34.94,35.03,90456
2017-06-21 19:30:00,35.03,35.03,34.87,34.88,105726
2017-06-21 20:00:00,34.89,34.93,34.86,34.91,101280
2017-06-21 20:30:00,34.91,34.93,34.76,34.81,115502
2017-06-21 21:00:00,34.8,34.83,34.77,34.79,106572
2017-06-21 21:30:00,34.79,34.87,34.76,34.84,87144
2017-06-21 22:00:00,34.83,34.85,34.8,34.85,63700
2017-06-21 22:30:00,34.85,34.85,34.76,34.82,329932
2017-06-22 16:30:00,34.74,35.07,34.71,34.94,167280
2017-06-22 17:00:00,34.94,34.97,34.84,34.91,86097
2017-06-22 17:30:00,34.91,35.01,34.79,35.0,121559
2017-06-22 18:00:00,35.0,35.12,34.99,35.1,85850
2017-06-22 18:30:00,35.09,35.18,35.04,35.14,122904
2017-06-22 19:00:00,35.15,35.18,35.05,35.09,53076
2017-06-22 19:30:00,35.09,35.1,35.04,35.06,54162
2017-06-22 20:00:00,35.06,35.09,35.04,35.07,58289
2017-06-22 20:30:00,35.07,35.09,35.0,35.07,79839
2017-06-22 21:00:00,35.08,35.1,35.0,35.03,85878
2017-06-22 21:30:00,35.03,35.06,35.01,35.05,112813
2017-06-22 22:00:00,35.04,35.09,35.01,35.04,94352
2017-06-22 22:30:00,35.03,35.05,34.95,34.99,257385
2017-06-23 16:30:00,35.17,35.17,34.77,34.83,170271
2017-06-23 17:00:00,34.84,34.96,34.84,34.92,64450
2017-06-23 17:30:00,34.92,35.06,34.89,35.0,125154
2017-06-23 18:00:00,35.0,35.08,34.97,35.03,93340
2017-06-23 18:30:00,35.03,35.04,34.94,34.94,74408
2017-06-23 19:00:00,34.94,34.96,34.87,34.91,52843
2017-06-23 19:30:00,34.91,34.96,34.9,34.95,159619
2017-06-23 20:00:00,34.93,35.0,34.91,34.95,130140
2017-06-23 20:30:00,34.96,35.05,34.95,35.0,135835
2017-06-23 21:00:00,35.01,35.02,34.92,34.92,78821
2017-06-23 21:30:00,34.92,34.94,34.88,34.93,89877
2017-06-23 22:00:00,34.93,34.93,34.84,34.87,221342
2017-06-23 22:30:00,34.87,34.99,34.84,34.97,656713
2017-06-26 16:30:00,35.21,35.33,35.06,35.31,258273
2017-06-26 17:00:00,35.3,35.36,35.21,35.32,144842
2017-06-26 17:30:00,35.32,35.32,34.98,34.98,134465
2017-06-26 18:00:00,34.98,35.01,34.86,34.95,163094
2017-06-26 18:30:00,34.95,35.13,34.94,35.04,176091
2017-06-26 19:00:00,35.04,35.09,34.98,35.01,198012
2017-06-26 19:30:00,35.01,35.08,34.99,35.08,75900
2017-06-26 20:00:00,35.08,35.08,34.98,35.01,98321
2017-06-26 20:30:00,35.0,35.04,34.94,34.98,111991
2017-06-26 21:00:00,34.99,35.02,34.94,34.96,139962
2017-06-26 21:30:00,34.95,35.02,34.92,35.0,113618
2017-06-26 22:00:00,35.0,35.02,34.96,34.99,218916
2017-06-26 22:30:00,34.98,35.02,34.96,35.0,429873
2017-06-27 16:30:00,35.24,35.25,34.97,34.97,352998
2017-06-27 17:00:00,34.97,35.0,34.86,34.87,271095
2017-06-27 17:30:00,34.87,35.02,34.87,34.96,324562
2017-06-27 18:00:00,34.97,35.03,34.94,35.01,225337
2017-06-27 18:30:00,35.01,35.07,34.97,35.07,202033
2017-06-27 19:00:00,35.08,35.08,35.01,35.03,134485
2017-06-27 19:30:00,35.03,35.05,34.96,34.98,94042
2017-06-27 20:00:00,34.99,35.01,34.96,34.97,105660
2017-06-27 20:30:00,34.97,34.98,34.85,34.96,124235
2017-06-27 21:00:00,34.96,34.96,34.82,34.92,126735
2017-06-27 21:30:00,34.92,34.98,34.9,34.91,95309
2017-06-27 22:00:00,34.91,34.96,34.88,34.91,248421
2017-06-27 22:30:00,34.91,34.92,34.75,34.77,588422
2017-06-28 16:30:00,35.05,35.09,34.84,34.89,299671
2017-06-28 17:00:00,34.89,34.91,34.74,34.74,298355
2017-06-28 17:30:00,34.74,35.02,34.73,35.0,403477
2017-06-28 18:00:00,35.0,35.03,34.97,34.99,203632
2017-06-28 18:30:00,35.0,35.07,34.97,35.03,243334
2017-06-28 19:00:00,35.03,35.08,35.0,35.01,164696
2017-06-28 19:30:00,35.0,35.13,34.99,35.1,164804
2017-06-28 20:00:00,35.11,35.12,35.03,35.06,70337
2017-06-28 20:30:00,35.06,35.22,35.05,35.19,112193
2017-06-28 21:00:00,35.2,35.21,35.07,35.09,197244
2017-06-28 21:30:00,35.09,35.24,35.08,35.22,154249
2017-06-28 22:00:00,35.21,35.25,35.19,35.23,100431
2017-06-28 22:30:00,35.25,35.32,35.21,35.31,795159
2017-06-29 16:30:00,35.73,35.91,35.38,35.5,171534
2017-06-29 17:00:00,35.5,35.53,35.23,35.31,131840
2017-06-29 17:30:00,35.31,35.35,35.24,35.28,101075
2017-06-29 18:00:00,35.29,35.34,35.03,35.05,139479
2017-06-29 18:30:00,35.05,35.05,34.79,34.8,217171
2017-06-29 19:00:00,34.8,34.92,34.73,34.83,168579
2017-06-29 19:30:00,34.82,34.94,34.81,34.93,151968
2017-06-29 20:00:00,34.93,34.99,34.69,34.72,160079
2017-06-29 20:30:00,34.72,35.03,34.72,34.99,136091
2017-06-29 21:00:00,34.99,35.12,34.95,35.11,113871
2017-06-29 21:30:00,35.1,35.12,35.02,35.06,102664
2017-06-29 22:00:00,35.06,35.15,35.04,35.07,219420
2017-06-29 22:30:00,35.07,35.16,34.99,35.01,530128
2017-06-30 16:30:00,35.3,35.44,35.21,35.22,219954
2017-06-30 17:00:00,35.21,35.24,35.14,35.14,116950
2017-06-30 17:30:00,35.14,35.21,35.06,35.2,176092
2017-06-30 18:00:00,35.19,35.23,35.09,35.09,117464
2017-06-30 18:30:00,35.08,35.27,35.07,35.27,133118
2017-06-30 19:00:00,35.26,35.27,35.18,35.22,98568
2017-06-30 19:30:00,35.23,35.24,35.18,35.19,88106
2017-06-30 20:00:00,35.2,35.3,35.2,35.24,91237
2017-06-30 20:30:00,35.24,35.25,35.18,35.18,89510
2017-06-30 21:00:00,35.17,35.25,35.14,35.2,91635
2017-06-30 21:30:00,35.21,35.34,35.2,35.33,128885
2017-06-30 22:00:00,35.32,35.35,35.26,35.32,151949
2017-06-30 22:30:00,35.32,35.4,35.19,35.19,412738
2017-07-03 16:30:00,35.46,35.78,35.46,35.75,227824
2017-07-03 17:00:00,35.76,35.97,35.75,35.78,158256
2017-07-03 17:30:00,35.78,35.89,35.78,35.88,121082
2017-07-03 18:00:00,35.87,35.94,35.83,35.91,176415
2017-07-03 18:30:00,35.92,35.94,35.74,35.74,132617
2017-07-03 19:00:00,35.76,35.77,35.55,35.58,134581
2017-07-03 19:30:00,35.58,35.67,35.51,35.51,267085
2017-07-03 20:00:00,35.51,35.51,35.5,35.51,92361
2017-07-03 20:30:00,35.51,35.51,35.51,35.51,701
2017-07-05 16:30:00,35.56,35.59,35.3,35.51,139416
2017-07-05 17:00:00,35.5,35.59,35.43,35.54,107241
2017-07-05 17:30:00,35.55,35.76,35.51,35.76,140843
2017-07-05 18:00:00,35.77,35.82,35.62,35.68,92020
2017-07-05 18:30:00,35.68,35.71,35.63,35.66,56071
2017-07-05 19:00:00,35.66,35.68,35.6,35.65,143629
2017-07-05 19:30:00,35.65,35.68,35.59,35.59,67914
2017-07-05 20:00:00,35.59,35.73,35.58,35.7,84253
2017-07-05 20:30:00,35.7,35.7,35.56,35.57,77962
2017-07-05 21:00:00,35.56,35.65,35.52,35.54,197333
2017-07-05 21:30:00,35.53,35.61,35.46,35.48,122202
2017-07-05 22:00:00,35.48,35.54,35.43,35.5,95955
2017-07-05 22:30:00,35.51,35.58,35.49,35.51,253277
2017-07-06 16:30:00,35.33,35.46,35.16,35.26,118893
2017-07-06 17:00:00,35.24,35.5,35.24,35.42,215326
2017-07-06 17:30:00,35.42,35.48,35.38,35.45,169028
2017-07-06 18:00:00,35.46,35.57,35.43,35.51,180313
2017-07-06 18:30:00,35.51,35.61,35.47,35.6,132897
2017-07-06 19:00:00,35.61,35.66,35.55,35.57,110656
2017-07-06 19:30:00,35.58,35.68,35.56,35.57,133815
2017-07-06 20:00:00,35.56,35.61,35.54,35.56,237448
2017-07-06 20:30:00,35.56,35.62,35.46,35.47,176965
2017-07-06 21:00:00,35.48,35.48,35.26,35.31,258414
2017-07-06 21:30:00,35.29,35.36,35.22,35.33,158652
2017-07-06 22:00:00,35.32,35.33,35.17,35.18,223190
2017-07-06 22:30:00,35.18,35.23,35.14,35.18,444543
2017-07-07 16:30:00,35.48,35.7,35.28,35.63,199528
2017-07-07 17:00:00,35.63,35.63,35.45,35.47,173497
2017-07-07 17:30:00,35.48,35.63,35.47,35.63,189476
2017-07-07 18:00:00,35.63,35.77,35.59,35.77,121925
2017-07-07 18:30:00,35.77,35.88,35.69,35.83,168553
2017-07-07 19:00:00,35.83,35.93,35.76,35.91,191078
2017-07-07 19:30:00,35.91,35.91,35.85,35.87,91842
2017-07-07 20:00:00,35.87,35.95,35.85,35.92,108634
2017-07-07 20:30:00,35.91,36.0,35.91,35.98,150996
2017-07-07 21:00:00,35.97,35.98,35.91,35.97,171892
2017-07-07 21:30:00,35.97,35.98,35.86,35.86,152030
2017-07-07 22:00:00,35.87,35.89,35.83,35.86,236390
2017-07-07 22:30:00,35.86,35.97,35.84,35.92,553436
2017-07-10 16:30:00,35.78,36.12,35.78,36.07,129439
2017-07-10 17:00:00,36.07,36.25,36.07,36.21,119258
2017-07-10 17:30:00,36.21,36.26,36.15,36.24,102902
2017-07-10 18:00:00,36.24,36.35,36.2,36.2,136004
2017-07-10 18:30:00,36.21,36.36,36.21,36.35,137970
2017-07-10 19:00:00,36.35,36.51,36.31,36.46,350985
2017-07-10 19:30:00,36.45,36.58,36.45,36.58,195852
2017-07-10 20:00:00,36.58,36.61,36.5,36.57,146379
2017-07-10 20:30:00,36.57,36.61,36.53,36.58,100999
2017-07-10 21:00:00,36.58,36.64,36.53,36.58,229735
2017-07-10 21:30:00,36.57,36.62,36.53,36.53,183871
2017-07-10 22:00:00,36.52,36.55,36.46,36.47,181686
2017-07-10 22:30:00,36.47,36.56,36.46,36.48,465420
2017-07-11 16:30:00,36.48,36.48,36.05,36.06,175071
2017-07-11 17:00:00,36.05,36.1,35.94,35.94,158045
2017-07-11 17:30:00,35.95,36.04,35.92,36.04,154698
2017-07-11 18:00:00,36.04,36.06,35.68,35.78,203948
2017-07-11 18:30:00,35.78,35.92,35.76,35.81,176328
2017-07-11 19:00:00,35.81,35.88,35.79,35.87,149009
2017-07-11 19:30:00,35.87,35.9,35.8,35.86,72198
2017-07-11 20:00:00,35.87,35.88,35.71,35.71,119784
2017-07-11 20:30:00,35.71,35.81,35.66,35.77,130917
2017-07-11 21:00:00,35.78,35.8,35.72,35.72,98983
2017-07-11 21:30:00,35.72,35.75,35.66,35.71,102229
2017-07-11 22:00:00,35.72,35.73,35.62,35.68,237414
2017-07-11 22:30:00,35.68,35.77,35.63,35.72,526101
2017-07-12 16:30:00,35.79,36.13,35.72,36.03,272531
2017-07-12 17:00:00,36.04,36.17,36.03,36.09,195849
2017-07-12 17:30:00,36.09,36.2,36.06,36.11,150826
2017-07-12 18:00:00,36.11,36.21,36.08,36.17,124056
2017-07-12 18:30:00,36.17,36.18,36.08,36.16,98223
2017-07-12 19:00:00,36.16,36.21,36.03,36.14,143526
2017-07-12 19:30:00,36.15,36.2,36.1,36.2,101884
2017-07-12 20:00:00,36.2,36.24,36.16,36.24,96834
2017-07-12 20:30:00,36.23,36.27,36.21,36.22,89634
2017-07-12 21:00:00,36.22,36.25,36.15,36.17,107214
2017-07-12 21:30:00,36.17,36.17,36.1,36.14,135566
2017-07-12 22:00:00,36.14,36.15,36.08,36.09,155171
2017-07-12 22:30:00,36.09,36.13,36.05,36.11,371090
2017-07-13 16:30:00,36.1,36.1,35.7,35.83,755798
2017-07-13 17:00:00,35.83,36.02,35.74,35.74,382594
2017-07-13 17:30:00,35.75,35.81,35.55,35.8,389393
2017-07-13 18:00:00,35.8,35.87,35.75,35.87,199769
2017-07-13 18:30:00,35.86,35.87,35.79,35.84,164610
2017-07-13 19:00:00,35.84,35.89,35.83,35.87,210078
2017-07-13 19:30:00,35.87,35.97,35.87,35.9,97428
2017-07-13 20:00:00,35.91,35.96,35.9,35.93,88039
2017-07-13 20:30:00,35.94,35.95,35.8,35.81,131868
2017-07-13 21:00:00,35.8,35.87,35.77,35.79,157274
2017-07-13 21:30:00,35.78,35.87,35.77,35.86,201442
2017-07-13 22:00:00,35.86,35.93,35.83,35.9,161777
2017-07-13 22:30:00,35.9,35.92,35.84,35.89,398057
2017-07-14 16:30:00,35.68,36.05,35.53,36.04,239053
2017-07-14 17:00:00,36.04,36.04,35.8,35.81,170205
2017-07-14 17:30:00,35.81,35.9,35.73,35.86,159669
2017-07-14 18:00:00,35.85,35.92,35.78,35.88,90927
2017-07-14 18:30:00,35.88,35.91,35.83,35.85,84632
2017-07-14 19:00:00,35.86,35.94,35.84,35.93,93699
2017-07-14 19:30:00,35.92,35.98,35.91,35.93,88408
2017-07-14 20:00:00,35.94,36.05,35.94,36.02,81465
2017-07-14 20:30:00,36.02,36.03,35.95,36.01,67082
2017-07-14 21:00:00,36.0,36.01,35.95,36.0,85577
2017-07-14 21:30:00,35.99,36.06,35.99,36.06,145909
2017-07-14 22:00:00,36.06,36.19,36.06,36.17,101321
2017-07-14 22:30:00,36.18,36.2,36.07,36.1,330572
2017-07-17 16:30:00,36.48,36.48,35.85,35.85,165722
2017-07-17 17:00:00,35.85,35.9,35.82,35.86,135485
2017-07-17 17:30:00,35.87,36.03,35.86,36.0,121196
2017-07-17 18:00:00,35.99,36.05,35.98,36.03,70391
2017-07-17 18:30:00,36.02,36.05,35.96,36.0,48570
2017-07-17 19:00:00,36.01,36.02,35.97,36.02,46357
2017-07-17 19:30:00,36.03,36.08,36.01,36.01,47027
2017-07-17 20:00:00,36.02,36.09,36.01,36.05,45429
2017-07-17 20:30:00,36.06,36.08,35.99,35.99,138365
2017-07-17 21:00:00,36.0,36.04,35.96,36.04,97938
2017-07-17 21:30:00,36.03,36.05,35.99,36.04,107053
2017-07-17 22:00:00,36.03,36.07,36.01,36.06,108429
2017-07-17 22:30:00,36.06,36.17,36.05,36.16,457748
2017-07-18 16:30:00,35.94,36.18,35.9,36.11,139145
2017-07-18 17:00:00,36.11,36.15,36.07,36.14,134477
2017-07-18 17:30:00,36.14,36.14,36.0,36.08,148847
2017-07-18 18:00:00,36.08,36.09,36.0,36.03,110117
2017-07-18 18:30:00,36.02,36.04,36.0,36.0,102827
2017-07-18 19:00:00,36.01,36.07,35.97,36.05,58130
2017-07-18 19:30:00,36.04,36.06,35.96,35.99,98039
2017-07-18 20:00:00,35.98,36.06,35.92,35.93,130046
2017-07-18 20:30:00,35.93,35.99,35.82,35.87,189475
2017-07-18 21:00:00,35.87,35.89,35.81,35.83,181443
2017-07-18 21:30:00,35.83,35.91,35.82,35.88,133586
2017-07-18 22:00:00,35.89,35.96,35.87,35.94,110254
2017-07-18 22:30:00,35.95,35.98,35.9,35.94,253590
2017-07-19 16:30:00,36.11,36.18,35.92,36.1,118019
2017-07-19 17:00:00,36.11,36.16,36.02,36.11,122761
2017-07-19 17:30:00,36.11,36.14,36.01,36.06,165618
2017-07-19 18:00:00,36.07,36.14,36.05,36.07,54678
2017-07-19 18:30:00,36.07,36.11,36.05,36.07,89367
2017-07-19 19:00:00,36.07,36.11,36.03,36.05,68943
2017-07-19 19:30:00,36.05,36.06,35.96,35.96,51706
2017-07-19 20:00:00,35.96,36.01,35.96,35.96,75165
2017-07-19 20:30:00,35.96,36.01,35.94,35.98,60502
2017-07-19 21:00:00,35.97,36.06,35.96,36.04,40036
2017-07-19 21:30:00,36.05,36.1,36.04,36.08,39187
2017-07-19 22:00:00,36.08,36.15,36.08,36.15,56535
2017-07-19 22:30:00,36.15,36.21,36.11,36.2,314304
2017-07-20 16:30:00,36.31,36.43,36.1,36.42,115471
2017-07-20 17:00:00,36.4,36.43,36.31,36.38,66123
2017-07-20 17:30:00,36.38,36.39,36.21,36.33,126825
2017-07-20 18:00:00,36.32,36.39,36.22,36.27,116070
2017-07-20 18:30:00,36.26,36.35,36.21,36.34,173332
2017-07-20 19:00:00,36.32,36.42,36.31,36.38,89026
2017-07-20 19:30:00,36.38,36.41,36.33,36.35,57074
2017-07-20 20:00:00,36.36,36.4,36.35,36.4,52259
2017-07-20 20:30:00,36.39,36.43,36.36,36.36,56617
2017-07-20 21:00:00,36.36,36.4,36.29,36.31,109415
2017-07-20 21:30:00,36.31,36.33,36.28,36.3,92523
2017-07-20 22:00:00,36.3,36.36,36.28,36.28,224062
2017-07-20 22:30:00,36.28,36.28,36.11,36.14,580097
2017-07-21 16:30:00,36.08,36.26,35.91,35.95,277046
2017-07-21 17:00:00,35.95,36.06,35.87,36.05,81177
2017-07-21 17:30:00,36.05,36.07,35.99,36.01,53854
2017-07-21 18:00:00,36.02,36.17,36.02,36.08,88184
2017-07-21 18:30:00,36.08,36.15,36.04,36.12,134974
2017-07-21 19:00:00,36.13,36.19,36.13,36.16,52190
2017-07-21 19:30:00,36.16,36.19,36.12,36.15,45846
2017-07-21 20:00:00,36.15,36.17,36.1,36.15,72271
2017-07-21 20:30:00,36.14,36.2,36.13,36.19,67928
2017-07-21 21:00:00,36.18,36.19,36.08,36.09,54681
2017-07-21 21:30:00,36.1,36.11,36.08,36.09,62476
2017-07-21 22:00:00,36.09,36.11,36.03,36.04,96624
2017-07-21 22:30:00,36.04,36.07,35.99,36.05,302515
2017-07-24 16:30:00,36.05,36.23,35.98,36.23,101436
2017-07-24 17:00:00,36.23,36.25,36.05,36.13,139509
2017-07-24 17:30:00,36.14,36.15,36.02,36.05,148147
2017-07-24 18:00:00,36.05,36.09,36.02,36.09,58134
2017-07-24 18:30:00,36.09,36.1,36.05,36.05,92213
2017-07-24 19:00:00,36.05,36.13,36.03,36.13,92846
2017-07-24 19:30:00,36.13,36.14,36.06,36.14,89736
2017-07-24 20:00:00,36.14,36.22,36.14,36.21,106934
2017-07-24 20:30:00,36.21,36.22,36.16,36.17,78793
2017-07-24 21:00:00,36.16,36.26,36.15,36.23,103698
2017-07-24 21:30:00,36.24,36.28,36.21,36.24,76504
2017-07-24 22:00:00,36.24,36.31,36.23,36.3,147705
2017-07-24 22:30:00,36.29,36.34,36.26,36.3,358810
2017-07-25 16:30:00,36.72,36.78,36.44,36.75,251248
2017-07-25 17:00:00,36.75,36.78,36.63,36.71,173636
2017-07-25 17:30:00,36.71,36.76,36.67,36.73,110304
2017-07-25 18:00:00,36.74,36.84,36.68,36.8,121305
2017-07-25 18:30:00,36.8,36.81,36.66,36.67,123249
2017-07-25 19:00:00,36.67,36.78,36.62,36.66,109719
2017-07-25 19:30:00,36.65,36.68,36.61,36.62,56767
2017-07-25 20:00:00,36.63,36.67,36.58,36.59,143380
2017-07-25 20:30:00,36.59,36.62,36.54,36.55,95310
2017-07-25 21:00:00,36.54,36.61,36.54,36.59,90714
2017-07-25 21:30:00,36.58,36.61,36.55,36.58,126864
2017-07-25 22:00:00,36.57,36.6,36.53,36.54,162699
2017-07-25 22:30:00,36.54,36.59,36.52,36.53,299856
2017-07-26 16:30:00,36.6,36.75,36.59,36.6,194382
2017-07-26 17:00:00,36.59,36.72,36.54,36.57,188699
2017-07-26 17:30:00,36.57,36.58,36.46,36.54,126464
2017-07-26 18:00:00,36.54,36.69,36.54,36.62,85304
2017-07-26 18:30:00,36.63,36.68,36.59,36.65,106691
2017-07-26 19:00:00,36.65,36.72,36.59,36.7,91298
2017-07-26 19:30:00,36.7,36.71,36.6,36.66,71075
2017-07-26 20:00:00,36.64,36.65,36.53,36.55,106577
2017-07-26 20:30:00,36.55,36.64,36.54,36.6,73091
2017-07-26 21:00:00,36.62,36.72,36.58,36.65,130681
2017-07-26 21:30:00,36.64,36.72,36.62,36.63,149007
2017-07-26 22:00:00,36.63,36.65,36.49,36.52,273023
2017-07-26 22:30:00,36.51,36.52,36.29,36.47,774532
2017-07-27 16:30:00,36.34,36.34,34.36,34.77,914624
2017-07-27 17:00:00,34.75,34.8,34.18,34.25,511927
2017-07-27 17:30:00,34.25,34.67,34.25,34.48,457089
2017-07-27 18:00:00,34.49,34.5,34.2,34.26,177608
2017-07-27 18:30:00,34.27,34.46,34.24,34.37,174378
2017-07-27 19:00:00,34.38,34.42,34.26,34.32,159641
2017-07-27 19:30:00,34.31,34.44,34.27,34.32,176289
2017-07-27 20:00:00,34.33,34.36,34.14,34.2,419292
2017-07-27 20:30:00,34.21,34.27,34.05,34.07,504705
2017-07-27 21:00:00,34.07,34.11,33.86,34.02,306496
2017-07-27 21:30:00,34.01,34.12,33.95,34.09,292445
2017-07-27 22:00:00,34.09,34.21,34.02,34.19,337693
2017-07-27 22:30:00,34.19,34.66,34.18,34.63,1126791
2017-07-28 16:30:00,34.32,34.54,34.11,34.25,336931
2017-07-28 17:00:00,34.27,34.36,34.2,34.33,296076
2017-07-28 17:30:00,34.33,34.59,34.26,34.57,481198
2017-07-28 18:00:00,34.57,34.7,34.54,34.61,242277
2017-07-28 18:30:00,34.6,34.67,34.54,34.59,190551
2017-07-28 19:00:00,34.6,34.73,34.6,34.65,190611
2017-07-28 19:30:00,34.65,34.67,34.59,34.6,136315
2017-07-28 20:00:00,34.6,34.61,34.42,34.42,239680
2017-07-28 20:30:00,34.42,34.46,34.13,34.25,488605
2017-07-28 21:00:00,34.25,34.37,34.19,34.37,172000
2017-07-28 21:30:00,34.37,34.42,34.32,34.33,216578
2017-07-28 22:00:00,34.34,34.4,34.31,34.34,202848
2017-07-28 22:30:00,34.35,34.41,34.28,34.35,582271
2017-07-31 16:30:00,34.55,34.78,34.54,34.65,183857
2017-07-31 17:00:00,34.66,34.68,34.52,34.55,125952
2017-07-31 17:30:00,34.55,34.58,34.44,34.57,164481
2017-07-31 18:00:00,34.58,34.82,34.58,34.82,96872
2017-07-31 18:30:00,34.82,35.04,34.8,35.03,145180
2017-07-31 19:00:00,35.02,35.17,35.01,35.03,186138
2017-07-31 19:30:00,35.04,35.06,34.97,35.01,115077
2017-07-31 20:00:00,35.01,35.02,34.86,34.99,238243
2017-07-31 20:30:00,34.99,35.0,34.79,34.84,126231
2017-07-31 21:00:00,34.84,34.9,34.81,34.89,99645
2017-07-31 21:30:00,34.87,34.87,34.75,34.81,143039
2017-07-31 22:00:00,34.81,34.92,34.8,34.92,196421
2017-07-31 22:30:00,34.92,34.99,34.76,34.77,864405
2017-08-01 16:30:00,34.94,35.07,34.73,34.86,199959
2017-08-01 17:00:00,34.87,34.89,34.81,34.86,188218
2017-08-01 17:30:00,34.87,34.96,34.86,34.92,87524
2017-08-01 18:00:00,34.92,34.95,34.79,34.88,120515
2017-08-01 18:30:00,34.89,35.02,34.89,35.02,58940
2017-08-01 19:00:00,35.03,35.1,35.03,35.08,64425
2017-08-01 19:30:00,35.08,35.12,35.07,35.12,62409
2017-08-01 20:00:00,35.12,35.17,35.08,35.08,73877
2017-08-01 20:30:00,35.09,35.13,35.05,35.13,57711
2017-08-01 21:00:00,35.13,35.14,35.09,35.12,87513
2017-08-01 21:30:00,35.12,35.13,35.03,35.1,96976
2017-08-01 22:00:00,35.09,35.18,35.04,35.17,144330
2017-08-01 22:30:00,35.17,35.23,35.14,35.21,480063
2017-08-02 16:30:00,35.11,35.22,34.98,34.99,86111
2017-08-02 17:00:00,34.99,35.22,34.98,35.01,676326
2017-08-02 17:30:00,35.01,35.12,35.0,35.04,436875
2017-08-02 18:00:00,35.04,35.07,34.98,35.01,367857
2017-08-02 18:30:00,35.01,35.03,34.88,34.91,168563
2017-08-02 19:00:00,34.92,34.98,34.91,34.96,139322
2017-08-02 19:30:00,34.96,34.97,34.79,34.8,494214
2017-08-02 20:00:00,34.81,34.9,34.78,34.79,185582
2017-08-02 20:30:00,34.8,34.81,34.71,34.79,184469
2017-08-02 21:00:00,34.78,34.83,34.67,34.68,166940
2017-08-02 21:30:00,34.69,34.77,34.68,34.74,205232
2017-08-02 22:00:00,34.73,34.73,34.62,34.62,235704
2017-08-02 22:30:00,34.63,34.65,34.6,34.63,532281
2017-08-03 16:30:00,34.59,35.11,34.35,34.37,323341
2017-08-03 17:00:00,34.36,34.48,34.32,34.44,216119
2017-08-03 17:30:00,34.44,34.5,34.42,34.48,105004
2017-08-03 18:00:00,34.48,34.59,34.46,34.57,185683
2017-08-03 18:30:00,34.57,34.57,34.42,34.43,87528
2017-08-03 19:00:00,34.44,34.52,34.42,34.47,101580
2017-08-03 19:30:00,34.48,34.58,34.48,34.53,82182
2017-08-03 20:00:00,34.54,34.57,34.5,34.53,90168
2017-08-03 20:30:00,34.53,34.57,34.49,34.56,153079
2017-08-03 21:00:00,34.57,34.64,34.54,34.58,138495
2017-08-03 21:30:00,34.59,34.6,34.49,34.49,97824
2017-08-03 22:00:00,34.5,34.57,34.49,34.53,111752
2017-08-03 22:30:00,34.53,34.55,34.42,34.53,457663
2017-08-04 16:30:00,34.78,34.8,34.54,34.55,172446
2017-08-04 17:00:00,34.56,34.59,34.48,34.5,104652
2017-08-04 17:30:00,34.49,34.64,34.48,34.52,126185
2017-08-04 18:00:00,34.51,34.56,34.49,34.54,119595
2017-08-04 18:30:00,34.52,34.57,34.48,34.52,145797
2017-08-04 19:00:00,34.52,34.56,34.5,34.53,105144
2017-08-04 19:30:00,34.54,34.6,34.53,34.56,75144
2017-08-04 20:00:00,34.55,34.59,34.49,34.5,78210
2017-08-04 20:30:00,34.5,34.53,34.47,34.5,41671
2017-08-04 21:00:00,34.5,34.53,34.45,34.47,76255
2017-08-04 21:30:00,34.46,34.51,34.45,34.49,72666
2017-08-04 22:00:00,34.48,34.51,34.42,34.48,100946
2017-08-04 22:30:00,34.48,34.59,34.45,34.56,442083
2017-08-07 16:30:00,34.67,34.75,34.53,34.53,141732
2017-08-07 17:00:00,34.53,34.64,34.46,34.49,113934
2017-08-07 17:30:00,34.49,34.53,34.44,34.5,93722
2017-08-07 18:00:00,34.5,34.6,34.5,34.57,56985
2017-08-07 18:30:00,34.57,34.63,34.56,34.62,64770
2017-08-07 19:00:00,34.61,34.65,34.6,34.6,79074
2017-08-07 19:30:00,34.61,34.71,34.6,34.71,73366
2017-08-07 20:00:00,34.71,34.78,34.68,34.76,52185
2017-08-07 20:30:00,34.76,34.78,34.7,34.72,37022
2017-08-07 21:00:00,34.73,34.77,34.68,34.68,78105
2017-08-07 21:30:00,34.68,34.77,34.68,34.73,45841
2017-08-07 22:00:00,34.72,34.79,34.7,34.79,105406
2017-08-07 22:30:00,34.79,34.8,34.67,34.76,387503
2017-08-08 16:30:00,34.64,34.86,34.62,34.86,152584
2017-08-08 17:00:00,34.87,34.89,34.77,34.81,146831
2017-08-08 17:30:00,34.82,35.0,34.81,34.98,108857
2017-08-08 18:00:00,34.99,35.03,34.92,34.95,126791
2017-08-08 18:30:00,34.96,35.11,34.96,35.11,83913
2017-08-08 19:00:00,35.11,35.12,34.98,34.98,86709
2017-08-08 19:30:00,34.99,35.04,34.79,34.79,139867
2017-08-08 20:00:00,34.79,34.81,34.7,34.71,98644
2017-08-08 20:30:00,34.71,34.76,34.63,34.72,65776
2017-08-08 21:00:00,34.73,34.82,34.71,34.8,60952
2017-08-08 21:30:00,34.8,34.82,34.72,34.72,62110
2017-08-08 22:00:00,34.73,34.77,34.66,34.69,86305
2017-08-08 22:30:00,34.7,34.7,34.53,34.61,442307
2017-08-09 16:30:00,34.38,34.51,34.17,34.33,222399
2017-08-09 17:00:00,34.34,34.35,34.22,34.32,68543
2017-08-09 17:30:00,34.31,34.4,34.29,34.31,97499
2017-08-09 18:00:00,34.3,34.32,34.19,34.3,140453
2017-08-09 18:30:00,34.28,34.38,34.28,34.37,83120
2017-08-09 19:00:00,34.37,34.41,34.29,34.3,157437
2017-08-09 19:30:00,34.3,34.33,34.3,34.32,38669
2017-08-09 20:00:00,34.32,34.36,34.3,34.33,122663
2017-08-09 20:30:00,34.33,34.39,34.31,34.36,109748
2017-08-09 21:00:00,34.36,34.38,34.26,34.28,61272
2017-08-09 21:30:00,34.29,34.33,34.25,34.32,75761
2017-08-09 22:00:00,34.31,34.43,34.29,34.43,115431
2017-08-09 22:30:00,34.41,34.59,34.4,34.57,340297
2017-08-10 16:30:00,34.29,34.42,34.03,34.04,137257
2017-08-10 17:00:00,34.06,34.07,33.86,34.01,108986
2017-08-10 17:30:00,34.02,34.08,33.97,33.97,125833
2017-08-10 18:00:00,33.97,33.98,33.78,33.82,150189
2017-08-10 18:30:00,33.83,33.9,33.79,33.86,113456
2017-08-10 19:00:00,33.85,33.9,33.78,33.79,209085
2017-08-10 19:30:00,33.79,33.88,33.74,33.86,65029
2017-08-10 20:00:00,33.87,33.96,33.87,33.95,84971
2017-08-10 20:30:00,33.95,33.95,33.79,33.83,138735
2017-08-10 21:00:00,33.84,33.88,33.79,33.84,106436
2017-08-10 21:30:00,33.84,33.95,33.76,33.78,129816
2017-08-10 22:00:00,33.78,33.8,33.61,33.63,156264
2017-08-10 22:30:00,33.64,33.67,33.52,33.55,581373
2017-08-11 16:30:00,33.53,33.88,33.36,33.73,213581
2017-08-11 17:00:00,33.72,34.03,33.71,33.94,138036
2017-08-11 17:30:00,33.94,34.07,33.91,34.05,77922
2017-08-11 18:00:00,34.04,34.11,33.9,33.91,338457
2017-08-11 18:30:00,33.91,34.1,33.91,34.03,155379
2017-08-11 19:00:00,34.04,34.08,34.0,34.05,138327
2017-08-11 19:30:00,34.05,34.07,34.03,34.05,80410
2017-08-11 20:00:00,34.05,34.08,33.97,34.01,82481
2017-08-11 20:30:00,34.01,34.04,33.99,34.0,81096
2017-08-11 21:00:00,34.0,34.05,33.99,33.99,130432
2017-08-11 21:30:00,34.0,34.04,33.89,33.9,264288
2017-08-11 22:00:00,33.9,33.99,33.9,33.95,243762
2017-08-11 22:30:00,33.96,34.08,33.9,33.97,519347
2017-08-14 16:30:00,34.25,34.29,34.03,34.11,150262
2017-08-14 17:00:00,34.11,34.14,34.0,34.01,176637
2017-08-14 17:30:00,34.01,34.19,34.0,34.15,124796
2017-08-14 18:00:00,34.15,34.19,34.13,34.19,89760
2017-08-14 18:30:00,34.19,34.22,34.14,34.15,89659
2017-08-14 19:00:00,34.15,34.25,34.15,34.2,76231
2017-08-14 19:30:00,34.2,34.22,34.05,34.05,85944
2017-08-14 20:00:00,34.05,34.08,33.97,33.97,59951
2017-08-14 20:30:00,33.97,34.0,33.93,33.98,63103
2017-08-14 21:00:00,33.98,34.06,33.96,34.04,61689
2017-08-14 21:30:00,34.04,34.08,33.97,34.02,79821
2017-08-14 22:00:00,34.03,34.09,34.01,34.08,105598
2017-08-14 22:30:00,34.07,34.09,33.98,34.0,360493
2017-08-15 16:30:00,33.9,33.99,33.66,33.67,117473
2017-08-15 17:00:00,33.67,33.76,33.64,33.74,124825
2017-08-15 17:30:00,33.72,33.81,33.66,33.76,140994
2017-08-15 18:00:00,33.76,33.87,33.76,33.81,93308
2017-08-15 18:30:00,33.82,33.86,33.72,33.74,126839
2017-08-15 19:00:00,33.75,33.83,33.72,33.81,62439
2017-08-15 19:30:00,33.81,33.82,33.71,33.71,152359
2017-08-15 20:00:00,33.71,33.73,33.66,33.72,104208
2017-08-15 20:30:00,33.71,33.74,33.69,33.74,35116
2017-08-15 21:00:00,33.73,33.81,33.72,33.81,56856
2017-08-15 21:30:00,33.8,33.84,33.79,33.82,60821
2017-08-15 22:00:00,33.83,33.89,33.81,33.87,61636
2017-08-15 22:30:00,33.86,33.93,33.81,33.82,246540
2017-08-16 16:30:00,34.02,34.05,33.91,34.05,138550
2017-08-16 17:00:00,34.04,34.11,34.01,34.08,125038
2017-08-16 17:30:00,34.08,34.15,34.03,34.1,162344
2017-08-16 18:00:00,34.1,34.12,33.98,34.01,121248
2017-08-16 18:30:00,34.01,34.03,34.0,34.0,49209
2017-08-16 19:00:00,34.01,34.02,33.94,33.96,43376
2017-08-16 19:30:00,33.95,33.96,33.84,33.85,72486
2017-08-16 20:00:00,33.85,33.88,33.77,33.81,99719
2017-08-16 20:30:00,33.8,33.8,33.73,33.76,67587
2017-08-16 21:00:00,33.77,33.81,33.64,33.64,137737
2017-08-16 21:30:00,33.64,33.74,33.63,33.71,154347
2017-08-16 22:00:00,33.71,33.73,33.67,33.71,122715
2017-08-16 22:30:00,33.71,33.72,33.61,33.65,390309
2017-08-17 16:30:00,33.5,33.6,33.25,33.25,201647
2017-08-17 17:00:00,33.25,33.29,33.04,33.16,141073
2017-08-17 17:30:00,33.17,33.35,33.17,33.3,133443
2017-08-17 18:00:00,33.3,33.45,33.29,33.34,141705
2017-08-17 18:30:00,33.33,33.36,33.2,33.22,121418
2017-08-17 19:00:00,33.23,33.31,33.21,33.24,114072
2017-08-17 19:30:00,33.22,33.26,33.07,33.09,152726
2017-08-17 20:00:00,33.09,33.09,32.96,32.98,125624
2017-08-17 20:30:00,32.98,33.09,32.98,33.09,84804
2017-08-17 21:00:00,33.1,33.11,32.94,33.03,115640
2017-08-17 21:30:00,33.03,33.05,32.98,33.04,165760
2017-08-17 22:00:00,33.03,33.03,32.88,32.9,194482
2017-08-17 22:30:00,32.89,32.94,32.76,32.77,386433
2017-08-18 16:30:00,32.67,32.84,32.57,32.74,337544
2017-08-18 17:00:00,32.75,32.93,32.75,32.8,142302
2017-08-18 17:30:00,32.8,32.91,32.76,32.89,90159
2017-08-18 18:00:00,32.89,32.93,32.75,32.93,299501
2017-08-18 18:30:00,32.92,33.06,32.91,33.03,207499
2017-08-18 19:00:00,33.03,33.05,32.93,33.04,135107
2017-08-18 19:30:00,33.04,33.19,33.02,33.09,101646
2017-08-18 20:00:00,33.1,33.11,33.02,33.04,130675
2017-08-18 20:30:00,33.04,33.06,32.96,32.96,123241
2017-08-18 21:00:00,32.97,33.02,32.95,32.98,124515
2017-08-18 21:30:00,32.99,33.02,32.86,32.89,113869
2017-08-18 22:00:00,32.9,32.96,32.85,32.89,213030
2017-08-18 22:30:00,32.9,32.99,32.83,32.87,611410
2017-08-21 16:30:00,32.81,32.88,32.64,32.65,125068
2017-08-21 17:00:00,32.65,32.74,32.59,32.7,85237
2017-08-21 17:30:00,32.7,32.79,32.65,32.76,84257
2017-08-21 18:00:00,32.77,32.84,32.71,32.82,121020
2017-08-21 18:30:00,32.81,32.86,32.78,32.82,40361
2017-08-21 19:00:00,32.82,32.89,32.8,32.89,46920
2017-08-21 19:30:00,32.88,32.93,32.82,32.93,78094
2017-08-21 20:00:00,32.92,32.93,32.86,32.87,46952
2017-08-21 20:30:00,32.87,32.87,32.78,32.8,38442
2017-08-21 21:00:00,32.8,32.85,32.79,32.83,58492
2017-08-21 21:30:00,32.84,32.86,32.8,32.84,55962
2017-08-21 22:00:00,32.85,32.89,32.8,32.87,89957
2017-08-21 22:30:00,32.87,32.91,32.85,32.87,188916
2017-08-22 16:30:00,32.94,33.01,32.71,32.98,270661
2017-08-22 17:00:00,32.98,33.02,32.8,32.86,192665
2017-08-22 17:30:00,32.86,32.91,32.83,32.88,64610
2017-08-22 18:00:00,32.89,32.98,32.86,32.96,73977
2017-08-22 18:30:00,32.96,33.12,32.94,33.09,115827
2017-08-22 19:00:00,33.09,33.14,33.04,33.04,62997
2017-08-22 19:30:00,33.05,33.08,33.03,33.07,37879
2017-08-22 20:00:00,33.08,33.13,33.08,33.11,35257
2017-08-22 20:30:00,33.11,33.11,33.04,33.09,54465
2017-08-22 21:00:00,33.09,33.12,33.07,33.11,57481
2017-08-22 21:30:00,33.11,33.19,33.08,33.18,154016
2017-08-22 22:00:00,33.18,33.22,33.16,33.2,82066
2017-08-22 22:30:00,33.2,33.27,33.2,33.25,303684
2017-08-23 16:30:00,32.98,33.12,32.96,33.03,108254
2017-08-23 17:00:00,33.02,33.02,32.9,32.97,157189
2017-08-23 17:30:00,32.97,33.08,32.93,33.07,177960
2017-08-23 18:00:00,33.07,33.15,33.04,33.11,191646
2017-08-23 18:30:00,33.11,33.26,33.1,33.2,107021
2017-08-23 19:00:00,33.2,33.21,33.12,33.12,50811
2017-08-23 19:30:00,33.12,33.14,33.03,33.05,72753
2017-08-23 20:00:00,33.06,33.07,32.96,32.98,73701
2017-08-23 20:30:00,32.98,32.98,32.87,32.9,75943
2017-08-23 21:00:00,32.89,32.92,32.85,32.87,134127
2017-08-23 21:30:00,32.87,33.01,32.86,32.98,143164
2017-08-23 22:00:00,32.99,33.01,32.94,32.96,82682
2017-08-23 22:30:00,32.97,33.0,32.86,32.87,253897
2017-08-24 16:30:00,32.95,32.95,32.39,32.42,418903
2017-08-24 17:00:00,32.44,32.75,32.4,32.68,158063
2017-08-24 17:30:00,32.68,32.75,32.66,32.71,107980
2017-08-24 18:00:00,32.72,32.72,32.58,32.62,187361
2017-08-24 18:30:00,32.62,32.66,32.56,32.61,106432
2017-08-24 19:00:00,32.62,32.67,32.6,32.65,72224
2017-08-24 19:30:00,32.65,32.65,32.57,32.61,73018
2017-08-24 20:00:00,32.6,32.69,32.58,32.66,50481
2017-08-24 20:30:00,32.66,32.66,32.61,32.61,76339
2017-08-24 21:00:00,32.62,32.62,32.55,32.61,78783
2017-08-24 21:30:00,32.6,32.66,32.58,32.62,72081
2017-08-24 22:00:00,32.62,32.64,32.56,32.59,137480
2017-08-24 22:30:00,32.6,32.63,32.56,32.58,379509
2017-08-25 16:30:00,32.78,33.0,32.69,32.92,173170
2017-08-25 17:00:00,32.92,32.94,32.75,32.77,128216
2017-08-25 17:30:00,32.78,32.8,32.68,32.75,84300
2017-08-25 18:00:00,32.75,32.76,32.63,32.63,103918
2017-08-25 18:30:00,32.64,32.74,32.59,32.68,109277
2017-08-25 19:00:00,32.69,32.72,32.67,32.71,74575
2017-08-25 19:30:00,32.71,32.75,32.69,32.7,55123
2017-08-25 20:00:00,32.71,32.81,32.7,32.8,59744
2017-08-25 20:30:00,32.8,32.81,32.75,32.77,62486
2017-08-25 21:00:00,32.77,32.84,32.77,32.8,90614
2017-08-25 21:30:00,32.81,32.84,32.79,32.83,93474
2017-08-25 22:00:00,32.83,32.91,32.79,32.89,129329
2017-08-25 22:30:00,32.9,32.91,32.77,32.78,337500
2017-08-28 16:30:00,32.93,32.97,32.68,32.77,132436
2017-08-28 17:00:00,32.78,32.8,32.61,32.61,118693
2017-08-28 17:30:00,32.61,32.68,32.54,32.63,57097
2017-08-28 18:00:00,32.63,32.66,32.5,32.54,80128
2017-08-28 18:30:00,32.54,32.58,32.5,32.54,54304
2017-08-28 19:00:00,32.55,32.58,32.48,32.52,54632
2017-08-28 19:30:00,32.52,32.55,32.42,32.45,73895
2017-08-28 20:00:00,32.45,32.51,32.44,32.47,61805
2017-08-28 20:30:00,32.47,32.51,32.44,32.5,67031
2017-08-28 21:00:00,32.49,32.5,32.4,32.41,71063
2017-08-28 21:30:00,32.41,32.42,32.36,32.36,112328
2017-08-28 22:00:00,32.37,32.39,32.32,32.37,216982
2017-08-28 22:30:00,32.37,32.47,32.36,32.46,325266
2017-08-29 16:30:00,32.08,32.14,31.85,31.91,355545
2017-08-29 17:00:00,31.9,32.02,31.86,32.0,280308
2017-08-29 17:30:00,32.0,32.2,31.97,32.13,413089
2017-08-29 18:00:00,32.12,32.22,32.09,32.1,177201
2017-08-29 18:30:00,32.09,32.17,32.06,32.13,91273
2017-08-29 19:00:00,32.11,32.18,32.09,32.17,86923
2017-08-29 19:30:00,32.18,32.26,32.17,32.25,116788
2017-08-29 20:00:00,32.24,32.36,32.23,32.36,126897
2017-08-29 20:30:00,32.35,32.37,32.3,32.34,96856
2017-08-29 21:00:00,32.33,32.35,32.26,32.26,105091
2017-08-29 21:30:00,32.27,32.34,32.26,32.3,123235
2017-08-29 22:00:00,32.29,32.32,32.26,32.3,149681
2017-08-29 22:30:00,32.3,32.31,32.19,32.23,385869
2017-08-30 16:30:00,32.23,32.35,32.1,32.14,185136
2017-08-30 17:00:00,32.14,32.21,32.1,32.19,133053
2017-08-30 17:30:00,32.19,32.22,32.14,32.2,171819
2017-08-30 18:00:00,32.19,32.24,32.16,32.2,128694
2017-08-30 18:30:00,32.21,32.27,32.2,32.24,97662
2017-08-30 19:00:00,32.24,32.29,32.23,32.28,131899
2017-08-30 19:30:00,32.28,32.41,32.27,32.41,134945
2017-08-30 20:00:00,32.4,32.5,32.4,32.48,115602
2017-08-30 20:30:00,32.48,32.48,32.42,32.45,60452
2017-08-30 21:00:00,32.46,32.46,32.38,32.42,79803
2017-08-30 21:30:00,32.41,32.54,32.41,32.53,146562
2017-08-30 22:00:00,32.53,32.55,32.42,32.49,124011
2017-08-30 22:30:00,32.48,32.49,32.38,32.42,414882
2017-08-31 16:30:00,32.65,32.7,32.47,32.47,88134
2017-08-31 17:00:00,32.47,32.59,32.42,32.53,120892
2017-08-31 17:30:00,32.54,32.66,32.5,32.64,115430
2017-08-31 18:00:00,32.64,32.67,32.61,32.66,77308
2017-08-31 18:30:00,32.65,32.71,32.58,32.71,58124
2017-08-31 19:00:00,32.71,32.77,32.68,32.74,56304
2017-08-31 19:30:00,32.73,32.73,32.67,32.67,45978
2017-08-31 20:00:00,32.66,32.67,32.62,32.66,53906
2017-08-31 20:30:00,32.66,32.7,32.65,32.68,44412
2017-08-31 21:00:00,32.69,32.72,32.66,32.71,63911
2017-08-31 21:30:00,32.71,32.79,32.69,32.79,92903
2017-08-31 22:00:00,32.78,32.84,32.74,32.82,128756
2017-08-31 22:30:00,32.82,32.86,32.75,32.78,527563
2017-09-01 16:30:00,32.95,33.3,32.88,33.24,377352
2017-09-01 17:00:00,33.26,33.29,33.14,33.18,136679
2017-09-01 17:30:00,33.18,33.28,33.17,33.28,163589
2017-09-01 18:00:00,33.26,33.26,33.18,33.18,88935
2017-09-01 18:30:00,33.18,33.22,33.17,33.2,59743
2017-09-01 19:00:00,33.21,33.22,33.16,33.16,66012
2017-09-01 19:30:00,33.15,33.17,33.12,33.17,79554
2017-09-01 20:00:00,33.17,33.22,33.16,33.19,56255
2017-09-01 20:30:00,33.19,33.22,33.17,33.17,68422
2017-09-01 21:00:00,33.17,33.2,33.15,33.17,58622
2017-09-01 21:30:00,33.17,33.21,33.15,33.17,83061
2017-09-01 22:00:00,33.16,33.17,33.11,33.13,70640
2017-09-01 22:30:00,33.14,33.18,33.1,33.1,188923
2017-09-05 16:30:00,32.93,32.94,32.76,32.89,286621
2017-09-05 17:00:00,32.89,32.9,32.65,32.66,181445
2017-09-05 17:30:00,32.67,32.67,32.54,32.59,103595
2017-09-05 18:00:00,32.57,32.63,32.53,32.57,90055
2017-09-05 18:30:00,32.57,32.6,32.49,32.51,83559
2017-09-05 19:00:00,32.51,32.52,32.24,32.24,134990
2017-09-05 19:30:00,32.25,32.26,32.18,32.23,146512
2017-09-05 20:00:00,32.23,32.28,32.14,32.24,284747
2017-09-05 20:30:00,32.25,32.29,32.18,32.28,109293
2017-09-05 21:00:00,32.27,32.32,32.23,32.3,107535
2017-09-05 21:30:00,32.3,32.33,32.15,32.17,171613
2017-09-05 22:00:00,32.17,32.23,32.14,32.23,216381
2017-09-05 22:30:00,32.23,32.28,32.19,32.26,409016
2017-09-06 16:30:00,32.48,32.57,32.35,32.48,223099
2017-09-06 17:00:00,32.49,32.59,32.44,32.44,125175
2017-09-06 17:30:00,32.44,32.45,32.26,32.3,137918
2017-09-06 18:00:00,32.3,32.31,32.17,32.19,159985
2017-09-06 18:30:00,32.18,32.22,32.05,32.11,154514
2017-09-06 19:00:00,32.11,32.2,32.04,32.17,124542
2017-09-06 19:30:00,32.17,32.22,32.13,32.21,70416
2017-09-06 20:00:00,32.22,32.31,32.2,32.21,80484
2017-09-06 20:30:00,32.2,32.28,32.19,32.25,76579
2017-09-06 21:00:00,32.24,32.31,32.24,32.28,88284
2017-09-06 21:30:00,32.28,32.31,32.2,32.21,165701
2017-09-06 22:00:00,32.21,32.21,32.12,32.13,178958
2017-09-06 22:30:00,32.12,32.13,32.01,32.04,484436
2017-09-07 16:30:00,32.08,32.15,31.89,31.94,211915
2017-09-07 17:00:00,31.93,31.93,31.67,31.7,181760
2017-09-07 17:30:00,31.69,31.88,31.68,31.84,71105
2017-09-07 18:00:00,31.85,31.87,31.61,31.62,61780
2017-09-07 18:30:00,31.61,31.71,31.6,31.67,98167
2017-09-07 19:00:00,31.67,31.76,31.64,31.72,173343
2017-09-07 19:30:00,31.71,31.76,31.68,31.73,62265
2017-09-07 20:00:00,31.74,31.74,31.64,31.66,44038
2017-09-07 20:30:00,31.66,31.68,31.62,31.65,61854
2017-09-07 21:00:00,31.65,31.66,31.6,31.62,88255
2017-09-07 21:30:00,31.63,31.71,31.6,31.69,77306
2017-09-07 22:00:00,31.69,31.71,31.65,31.67,69977
2017-09-07 22:30:00,31.67,31.77,31.65,31.75,304944
2017-09-08 16:30:00,31.67,31.82,31.62,31.68,173874
2017-09-08 17:00:00,31.68,31.76,31.62,31.67,216719
2017-09-08 17:30:00,31.67,31.77,31.62,31.77,127371
2017-09-08 18:00:00,31.78,31.88,31.69,31.73,278261
2017-09-08 18:30:00,31.72,31.73,31.63,31.63,89703
2017-09-08 19:00:00,31.63,31.66,31.58,31.64,103823
2017-09-08 19:30:00,31.65,31.75,31.63,31.74,80369
2017-09-08 20:00:00,31.73,31.73,31.68,31.7,49838
2017-09-08 20:30:00,31.7,31.74,31.68,31.73,61624
2017-09-08 21:00:00,31.72,31.8,31.71,31.8,66533
2017-09-08 21:30:00,31.8,31.83,31.73,31.73,80991
2017-09-08 22:00:00,31.74,31.74,31.64,31.64,127682
2017-09-08 22:30:00,31.64,31.7,31.62,31.69,333007
2017-09-11 16:30:00,32.1,32.56,32.03,32.1,253594
2017-09-11 17:00:00,32.11,32.28,32.11,32.2,158645
2017-09-11 17:30:00,32.21,32.23,32.1,32.12,122472
2017-09-11 18:00:00,32.13,32.21,32.11,32.16,80483
2017-09-11 18:30:00,32.16,32.19,32.13,32.15,90036
2017-09-11 19:00:00,32.15,32.22,32.09,32.21,72967
2017-09-11 19:30:00,32.21,32.29,32.19,32.2,47714
2017-09-11 20:00:00,32.2,32.27,32.19,32.22,48055
2017-09-11 20:30:00,32.23,32.24,32.19,32.21,45243
2017-09-11 21:00:00,32.21,32.22,32.12,32.15,62248
2017-09-11 21:30:00,32.15,32.18,32.11,32.12,87796
2017-09-11 22:00:00,32.13,32.17,32.1,32.14,111582
2017-09-11 22:30:00,32.14,32.15,32.07,32.1,396448
2017-09-12 16:30:00,32.42,32.57,32.3,32.51,152368
2017-09-12 17:00:00,32.51,32.53,32.32,32.33,88119
2017-09-12 17:30:00,32.33,32.36,32.29,32.36,82525
2017-09-12 18:00:00,32.35,32.38,32.32,32.35,52666
2017-09-12 18:30:00,32.34,32.42,32.31,32.37,79026
2017-09-12 19:00:00,32.38,32.53,32.37,32.5,51331
2017-09-12 19:30:00,32.51,32.59,32.5,32.58,38589
2017-09-12 20:00:00,32.58,32.61,32.56,32.59,39880
2017-09-12 20:30:00,32.59,32.6,32.54,32.55,72858
2017-09-12 21:00:00,32.55,32.58,32.52,32.54,88275
2017-09-12 21:30:00,32.53,32.62,32.53,32.6,86099
2017-09-12 22:00:00,32.61,32.62,32.5,32.51,115196
2017-09-12 22:30:00,32.51,32.52,32.43,32.51,437056
2017-09-13 16:30:00,32.48,32.62,32.37,32.59,525182
2017-09-13 17:00:00,32.6,32.64,32.5,32.54,151155
2017-09-13 17:30:00,32.54,32.57,32.52,32.53,87106
2017-09-13 18:00:00,32.53,32.54,32.46,32.5,70288
2017-09-13 18:30:00,32.5,32.51,32.46,32.5,49340
2017-09-13 19:00:00,32.5,32.52,32.46,32.47,30407
2017-09-13 19:30:00,32.46,32.52,32.46,32.52,45121
2017-09-13 20:00:00,32.52,32.57,32.49,32.51,57242
2017-09-13 20:30:00,32.51,32.57,32.5,32.53,58959
2017-09-13 21:00:00,32.54,32.63,32.53,32.61,67527
2017-09-13 21:30:00,32.61,32.75,32.6,32.7,119007
2017-09-13 22:00:00,32.7,32.74,32.67,32.71,85026
2017-09-13 22:30:00,32.71,32.74,32.68,32.73,265233
2017-09-14 16:30:00,32.64,32.76,32.54,32.65,304304
2017-09-14 17:00:00,32.65,32.77,32.62,32.77,127949
2017-09-14 17:30:00,32.77,32.86,32.77,32.82,105751
2017-09-14 18:00:00,32.83,32.89,32.81,32.84,95807
2017-09-14 18:30:00,32.84,32.86,32.79,32.82,70825
2017-09-14 19:00:00,32.82,33.01,32.82,32.94,131903
2017-09-14 19:30:00,32.94,32.95,32.9,32.92,53710
2017-09-14 20:00:00,32.91,32.92,32.85,32.91,60785
2017-09-14 20:30:00,32.9,32.94,32.88,32.89,70001
2017-09-14 21:00:00,32.89,32.91,32.81,32.84,73462
2017-09-14 21:30:00,32.84,32.88,32.83,32.85,95932
2017-09-14 22:00:00,32.85,32.92,32.85,32.88,120252
2017-09-14 22:30:00,32.88,32.88,32.75,32.81,425229
2017-09-15 16:30:00,32.77,32.94,32.59,32.92,611698
2017-09-15 17:00:00,32.9,32.92,32.78,32.88,118556
2017-09-15 17:30:00,32.88,32.94,32.87,32.88,92485
2017-09-15 18:00:00,32.88,32.93,32.86,32.92,119022
2017-09-15 18:30:00,32.92,32.94,32.87,32.94,97821
2017-09-15 19:00:00,32.94,32.97,32.92,32.97,81187
2017-09-15 19:30:00,32.96,33.02,32.95,33.01,60318
2017-09-15 20:00:00,33.01,33.08,33.0,33.07,38368
2017-09-15 20:30:00,33.07,33.08,32.98,32.98,49035
2017-09-15 21:00:00,32.98,33.0,32.97,32.99,55609
2017-09-15 21:30:00,33.0,33.02,32.98,33.0,65962
2017-09-15 22:00:00,33.0,33.03,32.99,33.03,93067
2017-09-15 22:30:00,33.03,33.09,32.98,33.07,539333
2017-09-18 16:30:00,33.12,33.6,33.12,33.38,293532
2017-09-18 17:00:00,33.38,33.42,33.3,33.3,133776
2017-09-18 17:30:00,33.31,33.36,33.25,33.25,88295
2017-09-18 18:00:00,33.25,33.31,33.2,33.31,95996
2017-09-18 18:30:00,33.31,33.34,33.25,33.31,119877
2017-09-18 19:00:00,33.31,33.35,33.3,33.31,95254
2017-09-18 19:30:00,33.31,33.38,33.3,33.35,100691
2017-09-18 20:00:00,33.35,33.41,33.35,33.41,91234
2017-09-18 20:30:00,33.41,33.51,33.39,33.51,109896
2017-09-18 21:00:00,33.5,33.54,33.42,33.46,167621
2017-09-18 21:30:00,33.46,33.46,33.25,33.31,569995
2017-09-18 22:00:00,33.31,33.43,33.31,33.4,181888
2017-09-18 22:30:00,33.4,33.48,33.39,33.45,343898
2017-09-19 16:30:00,33.44,33.55,33.25,33.39,187254
2017-09-19 17:00:00,33.39,33.54,33.34,33.5,188552
2017-09-19 17:30:00,33.5,33.62,33.47,33.58,291172
2017-09-19 18:00:00,33.57,33.61,33.5,33.59,126731
2017-09-19 18:30:00,33.59,33.63,33.53,33.59,146391
2017-09-19 19:00:00,33.6,33.62,33.58,33.61,82630
2017-09-19 19:30:00,33.61,33.63,33.59,33.59,71467
2017-09-19 20:00:00,33.6,33.6,33.52,33.54,61455
2017-09-19 20:30:00,33.53,33.55,33.48,33.5,55454
2017-09-19 21:00:00,33.51,33.57,33.5,33.56,82373
2017-09-19 21:30:00,33.56,33.62,33.55,33.58,122674
2017-09-19 22:00:00,33.56,33.59,33.48,33.52,222309
2017-09-19 22:30:00,33.52,33.56,33.5,33.52,520636
2017-09-20 16:30:00,33.55,33.6,33.34,33.38,208043
2017-09-20 17:00:00,33.37,33.39,33.26,33.34,157102
2017-09-20 17:30:00,33.33,33.4,33.32,33.4,65069
2017-09-20 18:00:00,33.4,33.49,33.39,33.46,61037
2017-09-20 18:30:00,33.47,33.51,33.42,33.43,54553
2017-09-20 19:00:00,33.43,33.44,33.39,33.4,41798
2017-09-20 19:30:00,33.4,33.43,33.36,33.38,35772
2017-09-20 20:00:00,33.38,33.38,33.33,33.33,44612
2017-09-20 20:30:00,33.33,33.39,33.32,33.35,45047
2017-09-20 21:00:00,33.34,33.55,33.34,33.48,207308
2017-09-20 21:30:00,33.49,33.59,33.48,33.54,232118
2017-09-20 22:00:00,33.55,33.57,33.44,33.46,146874
2017-09-20 22:30:00,33.47,33.49,33.4,33.45,358825
2017-09-21 16:30:00,33.48,33.51,33.18,33.23,84661
2017-09-21 17:00:00,33.22,33.33,33.19,33.33,70518
2017-09-21 17:30:00,33.33,33.37,33.25,33.26,60959
2017-09-21 18:00:00,33.25,33.39,33.24,33.37,67687
2017-09-21 18:30:00,33.36,33.43,33.33,33.36,78769
2017-09-21 19:00:00,33.36,33.45,33.36,33.43,102995
2017-09-21 19:30:00,33.44,33.49,33.41,33.48,47063
2017-09-21 20:00:00,33.48,33.5,33.46,33.49,90474
2017-09-21 20:30:00,33.49,33.49,33.43,33.48,56263
2017-09-21 21:00:00,33.48,33.55,33.47,33.53,73313
2017-09-21 21:30:00,33.53,33.58,33.5,33.57,108125
2017-09-21 22:00:00,33.58,33.63,33.56,33.63,105113
2017-09-21 22:30:00,33.62,33.66,33.56,33.58,336870
2017-09-22 16:30:00,33.49,33.76,33.35,33.75,188366
2017-09-22 17:00:00,33.75,33.81,33.7,33.8,224486
2017-09-22 17:30:00,33.8,33.95,33.8,33.95,164468
2017-09-22 18:00:00,33.95,34.08,33.94,34.03,155682
2017-09-22 18:30:00,34.03,34.16,34.01,34.15,86948
2017-09-22 19:00:00,34.15,34.18,34.06,34.08,112261
2017-09-22 19:30:00,34.07,34.1,34.06,34.08,72774
2017-09-22 20:00:00,34.08,34.11,34.07,34.1,74958
2017-09-22 20:30:00,34.1,34.13,34.0,34.01,89671
2017-09-22 21:00:00,34.01,34.04,33.97,34.04,124571
2017-09-22 21:30:00,34.04,34.11,34.01,34.1,153759
2017-09-22 22:00:00,34.1,34.19,34.09,34.19,209822
2017-09-22 22:30:00,34.19,34.23,34.17,34.2,538898
2017-09-25 16:30:00,34.11,34.32,33.96,34.25,131786
2017-09-25 17:00:00,34.26,34.42,34.21,34.34,112505
2017-09-25 17:30:00,34.35,34.35,34.06,34.07,122711
2017-09-25 18:00:00,34.06,34.13,33.92,34.11,98756
2017-09-25 18:30:00,34.11,34.12,34.04,34.06,52718
2017-09-25 19:00:00,34.06,34.09,33.97,34.08,52562
2017-09-25 19:30:00,34.08,34.14,34.06,34.13,42100
2017-09-25 20:00:00,34.13,34.17,34.1,34.14,38966
2017-09-25 20:30:00,34.14,34.15,34.12,34.12,62202
2017-09-25 21:00:00,34.13,34.15,34.08,34.09,59728
2017-09-25 21:30:00,34.09,34.19,34.05,34.17,76777
2017-09-25 22:00:00,34.17,34.26,34.14,34.25,68790
2017-09-25 22:30:00,34.25,34.26,34.19,34.23,196359
2017-09-26 16:30:00,34.29,34.4,34.14,34.18,82643
2017-09-26 17:00:00,34.18,34.26,34.11,34.18,95606
2017-09-26 17:30:00,34.19,34.25,34.16,34.16,57676
2017-09-26 18:00:00,34.15,34.15,34.08,34.13,57498
2017-09-26 18:30:00,34.14,34.21,34.13,34.14,33313
2017-09-26 19:00:00,34.14,34.24,34.1,34.24,87959
2017-09-26 19:30:00,34.25,34.29,34.19,34.22,43445
2017-09-26 20:00:00,34.2,34.21,34.14,34.15,31827
2017-09-26 20:30:00,34.15,34.18,34.12,34.16,38007
2017-09-26 21:00:00,34.17,34.18,34.11,34.15,60349
2017-09-26 21:30:00,34.16,34.19,34.13,34.16,38692
2017-09-26 22:00:00,34.17,34.23,34.16,34.23,46860
2017-09-26 22:30:00,34.23,34.23,34.07,34.11,251534
2017-09-27 16:30:00,34.47,34.56,34.27,34.3,156240
2017-09-27 17:00:00,34.29,34.32,34.18,34.22,111269
2017-09-27 17:30:00,34.23,34.24,34.11,34.14,67194
2017-09-27 18:00:00,34.14,34.21,34.1,34.2,118959
2017-09-27 18:30:00,34.2,34.24,34.16,34.21,54235
2017-09-27 19:00:00,34.2,34.22,34.16,34.2,50365
2017-09-27 19:30:00,34.2,34.33,34.2,34.33,40019
2017-09-27 20:00:00,34.33,34.39,34.32,34.35,78019
2017-09-27 20:30:00,34.36,34.51,34.35,34.48,35846
2017-09-27 21:00:00,34.49,34.55,34.46,34.51,113592
2017-09-27 21:30:00,34.51,34.55,34.49,34.55,105839
2017-09-27 22:00:00,34.54,34.58,34.46,34.52,139700
2017-09-27 22:30:00,34.52,34.58,34.37,34.4,354095
2017-09-28 16:30:00,33.89,34.25,33.65,34.17,470932
2017-09-28 17:00:00,34.18,34.27,34.08,34.16,154937
2017-09-28 17:30:00,34.15,34.23,34.04,34.06,206668
2017-09-28 18:00:00,34.06,34.11,34.02,34.05,105539
2017-09-28 18:30:00,34.06,34.13,34.05,34.08,74110
2017-09-28 19:00:00,34.09,34.17,34.07,34.15,72739
2017-09-28 19:30:00,34.15,34.23,34.14,34.22,81909
2017-09-28 20:00:00,34.22,34.26,34.21,34.22,52608
2017-09-28 20:30:00,34.21,34.26,34.19,34.23,64800
2017-09-28 21:00:00,34.23,34.28,34.18,34.18,165924
2017-09-28 21:30:00,34.18,34.24,34.18,34.2,173115
2017-09-28 22:00:00,34.21,34.28,34.2,34.21,191433
2017-09-28 22:30:00,34.22,34.29,34.2,34.28,513026
2017-09-29 16:30:00,34.46,35.44,34.46,35.11,640839
2017-09-29 17:00:00,35.11,35.21,34.93,34.99,212461
2017-09-29 17:30:00,34.99,35.09,34.97,35.04,186676
2017-09-29 18:00:00,35.04,35.08,34.95,34.98,134771
2017-09-29 18:30:00,34.97,35.01,34.96,35.0,126226
2017-09-29 19:00:00,34.98,35.03,34.96,34.99,121578
2017-09-29 19:30:00,34.98,35.0,34.94,34.98,89875
2017-09-29 20:00:00,34.98,35.0,34.93,34.95,132677
2017-09-29 20:30:00,34.95,34.97,34.89,34.89,111104
2017-09-29 21:00:00,34.9,34.91,34.84,34.88,178616
2017-09-29 21:30:00,34.87,34.96,34.87,34.93,122753
2017-09-29 22:00:00,34.93,35.03,34.91,34.97,179461
2017-09-29 22:30:00,34.98,35.06,34.97,35.03,584604
2017-10-02 16:30:00,35.01,35.21,34.63,35.03,293941
2017-10-02 17:00:00,35.03,35.12,34.91,34.96,309562
2017-10-02 17:30:00,34.95,34.98,34.88,34.92,160792
2017-10-02 18:00:00,34.92,35.01,34.92,35.01,75624
2017-10-02 18:30:00,35.02,35.25,35.01,35.22,154695
2017-10-02 19:00:00,35.22,35.28,35.19,35.26,72366
2017-10-02 19:30:00,35.26,35.33,35.25,35.31,89236
2017-10-02 20:00:00,35.3,35.4,35.3,35.36,237910
2017-10-02 20:30:00,35.35,35.49,35.34,35.38,183018
2017-10-02 21:00:00,35.39,35.48,35.38,35.44,138918
2017-10-02 21:30:00,35.44,35.52,35.41,35.49,192303
2017-10-02 22:00:00,35.48,35.54,35.44,35.5,193124
2017-10-02 22:30:00,35.49,35.55,35.47,35.53,460510
2017-10-03 16:30:00,35.51,35.64,35.41,35.48,132398
2017-10-03 17:00:00,35.48,35.5,35.4,35.44,116509
2017-10-03 17:30:00,35.44,35.46,35.36,35.41,143543
2017-10-03 18:00:00,35.4,35.46,35.36,35.38,84280
2017-10-03 18:30:00,35.38,35.42,35.38,35.41,85262
2017-10-03 19:00:00,35.42,35.49,35.4,35.46,49208
2017-10-03 19:30:00,35.46,35.57,35.45,35.56,66645
2017-10-03 20:00:00,35.57,35.62,35.55,35.6,106218
2017-10-03 20:30:00,35.59,35.69,35.58,35.66,137907
2017-10-03 21:00:00,35.66,35.76,35.64,35.74,205916
2017-10-03 21:30:00,35.74,35.78,35.72,35.76,96460
2017-10-03 22:00:00,35.76,35.83,35.75,35.81,178688
2017-10-03 22:30:00,35.81,35.82,35.71,35.76,448634
2017-10-04 16:30:00,35.67,35.92,35.63,35.7,233208
2017-10-04 17:00:00,35.71,35.72,35.56,35.66,157203
2017-10-04 17:30:00,35.65,35.65,35.53,35.59,118914
2017-10-04 18:00:00,35.59,35.6,35.5,35.58,97408
2017-10-04 18:30:00,35.58,35.66,35.54,35.64,111659
2017-10-04 19:00:00,35.64,35.66,35.57,35.59,82317
2017-10-04 19:30:00,35.58,35.62,35.55,35.56,79701
2017-10-04 20:00:00,35.56,35.62,35.55,35.6,65854
2017-10-04 20:30:00,35.61,35.62,35.45,35.53,98426
2017-10-04 21:00:00,35.52,35.62,35.52,35.62,86748
2017-10-04 21:30:00,35.62,35.68,35.61,35.66,136360
2017-10-04 22:00:00,35.67,35.68,35.63,35.64,100108
2017-10-04 22:30:00,35.64,35.65,35.56,35.61,242470
2017-10-05 16:30:00,35.61,35.97,35.58,35.95,302106
2017-10-05 17:00:00,35.95,35.97,35.81,35.89,185003
2017-10-05 17:30:00,35.89,35.9,35.76,35.89,166592
2017-10-05 18:00:00,35.89,36.02,35.86,35.97,166356
2017-10-05 18:30:00,35.98,36.11,35.97,36.1,114745
2017-10-05 19:00:00,36.1,36.17,36.05,36.05,148292
2017-10-05 19:30:00,36.05,36.07,36.0,36.02,102047
2017-10-05 20:00:00,36.01,36.05,35.96,35.97,153020
2017-10-05 20:30:00,35.97,35.98,35.87,35.87,102260
2017-10-05 21:00:00,35.87,36.01,35.87,35.92,214184
2017-10-05 21:30:00,35.91,35.95,35.88,35.88,112358
2017-10-05 22:00:00,35.89,35.92,35.81,35.81,137941
2017-10-05 22:30:00,35.81,35.84,35.77,35.8,351994
2017-10-06 16:30:00,35.89,35.89,35.66,35.81,205176
2017-10-06 17:00:00,35.81,35.86,35.73,35.79,91633
2017-10-06 17:30:00,35.79,35.8,35.71,35.71,104241
2017-10-06 18:00:00,35.71,35.76,35.7,35.71,72436
2017-10-06 18:30:00,35.71,35.75,35.6,35.63,168464
2017-10-06 19:00:00,35.62,35.68,35.6,35.68,115758
2017-10-06 19:30:00,35.68,35.76,35.67,35.7,55677
2017-10-06 20:00:00,35.71,35.71,35.65,35.68,61809
2017-10-06 20:30:00,35.68,35.73,35.66,35.73,46991
2017-10-06 21:00:00,35.73,35.77,35.68,35.76,97953
2017-10-06 21:30:00,35.76,35.82,35.73,35.82,86860
2017-10-06 22:00:00,35.81,35.85,35.74,35.74,239044
2017-10-06 22:30:00,35.74,35.8,35.69,35.75,335562
2017-10-09 16:30:00,35.9,35.92,35.75,35.84,126376
2017-10-09 17:00:00,35.84,35.84,35.76,35.78,102463
2017-10-09 17:30:00,35.78,35.82,35.7,35.73,60854
2017-10-09 18:00:00,35.74,35.74,35.69,35.71,76294
2017-10-09 18:30:00,35.7,35.76,35.69,35.74,36444
2017-10-09 19:00:00,35.74,35.76,35.72,35.73,60597
2017-10-09 19:30:00,35.74,35.76,35.72,35.74,47736
2017-10-09 20:00:00,35.75,35.85,35.74,35.85,74419
2017-10-09 20:30:00,35.85,35.85,35.8,35.83,82113
2017-10-09 21:00:00,35.83,35.86,35.82,35.83,65705
2017-10-09 21:30:00,35.84,35.85,35.79,35.8,90718
2017-10-09 22:00:00,35.8,35.81,35.73,35.79,69691
2017-10-09 22:30:00,35.79,35.79,35.67,35.72,475925
2017-10-10 16:30:00,35.88,36.09,35.8,35.98,271602
2017-10-10 17:00:00,35.99,36.11,35.93,35.94,368368
2017-10-10 17:30:00,35.95,36.02,35.88,35.96,127884
2017-10-10 18:00:00,35.95,35.97,35.89,35.94,102844
2017-10-10 18:30:00,35.94,35.97,35.89,35.94,112066
2017-10-10 19:00:00,35.94,36.0,35.92,35.95,141966
2017-10-10 19:30:00,35.96,36.0,35.93,35.97,73447
2017-10-10 20:00:00,35.97,36.0,35.95,35.99,129113
2017-10-10 20:30:00,35.98,36.01,35.96,35.97,95790
2017-10-10 21:00:00,35.97,36.12,35.97,36.12,139004
2017-10-10 21:30:00,36.11,36.17,36.08,36.08,181842
2017-10-10 22:00:00,36.08,36.22,36.08,36.18,203452
2017-10-10 22:30:00,36.19,36.21,36.04,36.08,472638
2017-10-11 16:30:00,36.11,36.56,36.11,36.35,300496
2017-10-11 17:00:00,36.35,36.35,36.2,36.23,121202
2017-10-11 17:30:00,36.22,36.28,36.22,36.25,138612
2017-10-11 18:00:00,36.24,36.3,36.19,36.25,107252
2017-10-11 18:30:00,36.25,36.26,36.18,36.19,76692
2017-10-11 19:00:00,36.2,36.26,36.18,36.22,134018
2017-10-11 19:30:00,36.23,36.26,36.21,36.21,105945
2017-10-11 20:00:00,36.21,36.22,36.19,36.19,48042
2017-10-11 20:30:00,36.2,36.22,36.18,36.22,66812
2017-10-11 21:00:00,36.21,36.21,36.13,36.18,189233
2017-10-11 21:30:00,36.18,36.21,36.15,36.16,100569
2017-10-11 22:00:00,36.16,36.19,36.13,36.14,184437
2017-10-11 22:30:00,36.14,36.35,36.12,36.32,674175
2017-10-12 16:30:00,36.28,36.51,36.19,36.27,317571
2017-10-12 17:00:00,36.28,36.45,36.2,36.4,304646
2017-10-12 17:30:00,36.39,36.41,36.25,36.32,188980
2017-10-12 18:00:00,36.32,36.49,36.28,36.45,274615
2017-10-12 18:30:00,36.46,36.66,36.42,36.61,262016
2017-10-12 19:00:00,36.61,36.69,36.58,36.61,462438
2017-10-12 19:30:00,36.61,36.66,36.54,36.59,143866
2017-10-12 20:00:00,36.58,36.62,36.54,36.58,103447
2017-10-12 20:30:00,36.58,36.58,36.46,36.57,154287
2017-10-12 21:00:00,36.56,36.6,36.46,36.51,211709
2017-10-12 21:30:00,36.51,36.54,36.37,36.43,173661
2017-10-12 22:00:00,36.43,36.47,36.38,36.41,261851
2017-10-12 22:30:00,36.41,36.42,36.27,36.29,877024
2017-10-13 16:30:00,36.27,36.43,36.24,36.32,427753
2017-10-13 17:00:00,36.33,36.51,36.31,36.43,368167
2017-10-13 17:30:00,36.44,36.56,36.42,36.42,225080
2017-10-13 18:00:00,36.43,36.51,36.42,36.42,231696
2017-10-13 18:30:00,36.42,36.45,36.38,36.4,140491
2017-10-13 19:00:00,36.41,36.44,36.36,36.37,172457
2017-10-13 19:30:00,36.37,36.4,36.33,36.34,79716
2017-10-13 20:00:00,36.33,36.35,36.25,36.27,156773
2017-10-13 20:30:00,36.28,36.28,36.23,36.26,59170
2017-10-13 21:00:00,36.26,36.27,36.19,36.22,87790
2017-10-13 21:30:00,36.22,36.27,36.17,36.23,140858
2017-10-13 22:00:00,36.23,36.29,36.18,36.23,167731
2017-10-13 22:30:00,36.23,36.23,36.12,36.16,488390
2017-10-16 16:30:00,36.24,36.39,36.14,36.18,204476
2017-10-16 17:00:00,36.18,36.24,36.12,36.12,74668
2017-10-16 17:30:00,36.13,36.19,36.1,36.12,66499
2017-10-16 18:00:00,36.13,36.17,36.1,36.13,99658
2017-10-16 18:30:00,36.13,36.15,36.09,36.11,47016
2017-10-16 19:00:00,36.11,36.16,36.08,36.16,108694
2017-10-16 19:30:00,36.15,36.17,36.13,36.15,125345
2017-10-16 20:00:00,36.15,36.23,36.12,36.23,129462
2017-10-16 20:30:00,36.23,36.27,36.2,36.23,223145
2017-10-16 21:00:00,36.22,36.29,36.22,36.28,133652
2017-10-16 21:30:00,36.28,36.29,36.21,36.25,126706
2017-10-16 22:00:00,36.26,36.29,36.22,36.22,192438
2017-10-16 22:30:00,36.22,36.35,36.21,36.33,414349
2017-10-17 16:30:00,36.34,36.34,36.06,36.11,122903
2017-10-17 17:00:00,36.12,36.16,36.03,36.06,78650
2017-10-17 17:30:00,36.06,36.13,36.05,36.11,60560
2017-10-17 18:00:00,36.11,36.16,36.08,36.13,67799
2017-10-17 18:30:00,36.13,36.16,36.11,36.12,64846
2017-10-17 19:00:00,36.13,36.18,36.08,36.18,143311
2017-10-17 19:30:00,36.18,36.19,36.11,36.16,72653
2017-10-17 20:00:00,36.16,36.18,36.1,36.14,82911
2017-10-17 20:30:00,36.13,36.14,36.06,36.12,53397
2017-10-17 21:00:00,36.11,36.15,36.08,36.1,92335
2017-10-17 21:30:00,36.11,36.14,36.05,36.13,165414
2017-10-17 22:00:00,36.12,36.13,36.04,36.06,127312
2017-10-17 22:30:00,36.06,36.21,36.05,36.19,474021
2017-10-18 16:30:00,36.34,36.46,36.27,36.36,125626
2017-10-18 17:00:00,36.36,36.42,36.32,36.38,108244
2017-10-18 17:30:00,36.37,36.58,36.35,36.5,77963
2017-10-18 18:00:00,36.5,36.59,36.5,36.58,81344
2017-10-18 18:30:00,36.58,36.58,36.49,36.5,47254
2017-10-18 19:00:00,36.5,36.63,36.5,36.61,68787
2017-10-18 19:30:00,36.61,36.65,36.55,36.61,135194
2017-10-18 20:00:00,36.6,36.67,36.57,36.63,155598
2017-10-18 20:30:00,36.64,36.69,36.61,36.67,115102
2017-10-18 21:00:00,36.66,36.77,36.62,36.71,308038
2017-10-18 21:30:00,36.71,36.76,36.7,36.75,146005
2017-10-18 22:00:00,36.75,36.77,36.73,36.76,165569
2017-10-18 22:30:00,36.74,36.84,36.74,36.79,648553
2017-10-19 16:30:00,36.5,36.65,36.48,36.61,150827
2017-10-19 17:00:00,36.62,36.65,36.48,36.6,171636
2017-10-19 17:30:00,36.6,36.6,36.48,36.57,116696
2017-10-19 18:00:00,36.58,36.61,36.54,36.57,106055
2017-10-19 18:30:00,36.57,36.58,36.5,36.54,82407
2017-10-19 19:00:00,36.53,36.62,36.5,36.6,72472
2017-10-19 19:30:00,36.6,36.63,36.58,36.62,60645
2017-10-19 20:00:00,36.62,36.7,36.6,36.7,84973
2017-10-19 20:30:00,36.7,36.76,36.69,36.73,73377
2017-10-19 21:00:00,36.74,36.79,36.73,36.79,77871
2017-10-19 21:30:00,36.79,36.81,36.74,36.76,97032
2017-10-19 22:00:00,36.77,36.82,36.75,36.81,111639
2017-10-19 22:30:00,36.8,36.88,36.8,36.88,451873
2017-10-20 16:30:00,37.33,37.38,37.14,37.24,280767
2017-10-20 17:00:00,37.23,37.33,37.19,37.22,106332
2017-10-20 17:30:00,37.23,37.31,37.15,37.19,71260
2017-10-20 18:00:00,37.19,37.23,37.13,37.2,106920
2017-10-20 18:30:00,37.21,37.27,37.19,37.25,84268
2017-10-20 19:00:00,37.25,37.28,37.22,37.28,69294
2017-10-20 19:30:00,37.27,37.3,37.23,37.24,82399
2017-10-20 20:00:00,37.24,37.35,37.24,37.34,153894
2017-10-20 20:30:00,37.34,37.39,37.33,37.33,170220
2017-10-20 21:00:00,37.34,37.4,37.34,37.36,200605
2017-10-20 21:30:00,37.36,37.39,37.32,37.34,200471
2017-10-20 22:00:00,37.35,37.41,37.34,37.37,268246
2017-10-20 22:30:00,37.37,37.42,37.32,37.34,753799
2017-10-23 16:30:00,37.32,37.44,37.23,37.35,104669
2017-10-23 17:00:00,37.35,37.38,37.26,37.27,61332
2017-10-23 17:30:00,37.27,37.35,37.27,37.35,46516
2017-10-23 18:00:00,37.35,37.42,37.29,37.37,113096
2017-10-23 18:30:00,37.37,37.5,37.36,37.45,110896
2017-10-23 19:00:00,37.44,37.48,37.36,37.47,107764
2017-10-23 19:30:00,37.47,37.51,37.43,37.46,129624
2017-10-23 20:00:00,37.46,37.46,37.39,37.46,53010
2017-10-23 20:30:00,37.46,37.48,37.32,37.34,102107
2017-10-23 21:00:00,37.33,37.35,37.29,37.31,121158
2017-10-23 21:30:00,37.32,37.37,37.29,37.33,114844
2017-10-23 22:00:00,37.33,37.34,37.18,37.23,135444
2017-10-23 22:30:00,37.23,37.29,37.17,37.28,491206
2017-10-24 16:30:00,37.5,37.52,37.31,37.31,202084
2017-10-24 17:00:00,37.3,37.54,37.28,37.48,120057
2017-10-24 17:30:00,37.49,37.59,37.43,37.54,139208
2017-10-24 18:00:00,37.54,37.56,37.47,37.49,84002
2017-10-24 18:30:00,37.48,37.57,37.43,37.43,80547
2017-10-24 19:00:00,37.43,37.49,37.43,37.46,43752
2017-10-24 19:30:00,37.46,37.51,37.44,37.49,96631
2017-10-24 20:00:00,37.5,37.51,37.44,37.48,52655
2017-10-24 20:30:00,37.49,37.52,37.43,37.44,117404
2017-10-24 21:00:00,37.44,37.53,37.43,37.53,74033
2017-10-24 21:30:00,37.53,37.53,37.41,37.43,139021
2017-10-24 22:00:00,37.44,37.45,37.34,37.35,138559
2017-10-24 22:30:00,37.35,37.45,37.35,37.43,364869
2017-10-25 16:30:00,37.4,37.4,37.09,37.15,168735
2017-10-25 17:00:00,37.16,37.2,36.9,36.91,258843
2017-10-25 17:30:00,36.92,36.93,36.72,36.82,255015
2017-10-25 18:00:00,36.82,36.82,36.5,36.68,166339
2017-10-25 18:30:00,36.68,36.97,36.68,36.79,176826
2017-10-25 19:00:00,36.8,36.8,36.43,36.44,212730
2017-10-25 19:30:00,36.44,36.71,36.37,36.61,223711
2017-10-25 20:00:00,36.61,36.64,36.47,36.63,155503
2017-10-25 20:30:00,36.63,36.8,36.62,36.78,96246
2017-10-25 21:00:00,36.77,36.92,36.76,36.86,120704
2017-10-25 21:30:00,36.87,36.87,36.71,36.79,135111
2017-10-25 22:00:00,36.78,36.93,36.71,36.89,180209
2017-10-25 22:30:00,36.9,36.93,36.82,36.82,659931
2017-10-26 16:30:00,37.7,37.75,36.42,36.83,443296
2017-10-26 17:00:00,36.82,37.5,36.62,37.43,337646
2017-10-26 17:30:00,37.41,37.41,37.01,37.16,91376
2017-10-26 18:00:00,37.17,37.36,37.17,37.36,84910
2017-10-26 18:30:00,37.35,37.39,37.26,37.34,65290
2017-10-26 19:00:00,37.32,37.4,37.27,37.32,61605
2017-10-26 19:30:00,37.31,37.31,37.2,37.24,66417
2017-10-26 20:00:00,37.24,37.33,37.23,37.27,38928
2017-10-26 20:30:00,37.24,37.34,37.23,37.3,42970
2017-10-26 21:00:00,37.3,37.37,37.26,37.33,53964
2017-10-26 21:30:00,37.34,37.37,37.24,37.25,108827
2017-10-26 22:00:00,37.25,37.31,37.22,37.29,121696
2017-10-26 22:30:00,37.28,37.32,37.14,37.15,441748
2017-10-27 16:30:00,37.2,37.36,36.75,36.81,139017
2017-10-27 17:00:00,36.83,37.06,36.81,36.87,140360
2017-10-27 17:30:00,36.87,36.96,36.83,36.9,106863
2017-10-27 18:00:00,36.89,37.0,36.84,36.98,95512
2017-10-27 18:30:00,36.98,37.03,36.91,37.0,65395
2017-10-27 19:00:00,36.99,37.06,36.94,36.94,57053
2017-10-27 19:30:00,36.95,37.07,36.94,37.05,79636
2017-10-27 20:00:00,37.06,37.07,36.99,37.01,41491
2017-10-27 20:30:00,37.0,37.0,36.93,36.95,46837
2017-10-27 21:00:00,36.96,37.0,36.93,36.95,65960
2017-10-27 21:30:00,36.96,36.98,36.89,36.89,82962
2017-10-27 22:00:00,36.89,36.99,36.88,36.97,97152
2017-10-27 22:30:00,36.97,36.98,36.84,36.9,414958
2017-10-30 16:30:00,36.75,36.78,36.37,36.44,252714
2017-10-30 17:00:00,36.44,36.55,36.35,36.54,102551
2017-10-30 17:30:00,36.55,36.65,36.47,36.48,111741
2017-10-30 18:00:00,36.49,36.57,36.4,36.4,191013
2017-10-30 18:30:00,36.41,36.46,36.27,36.33,141668
2017-10-30 19:00:00,36.33,36.33,36.15,36.15,203435
2017-10-30 19:30:00,36.16,36.18,36.11,36.17,104836
2017-10-30 20:00:00,36.17,36.22,36.12,36.22,129926
2017-10-30 20:30:00,36.22,36.22,35.95,35.99,126721
2017-10-30 21:00:00,35.99,36.13,35.96,36.07,105233
2017-10-30 21:30:00,36.06,36.15,36.05,36.11,128863
2017-10-30 22:00:00,36.11,36.11,35.94,35.97,211884
2017-10-30 22:30:00,35.96,36.11,35.95,36.04,469552
2017-10-31 16:30:00,36.04,36.17,35.92,36.06,119048
2017-10-31 17:00:00,36.06,36.11,35.9,36.03,210504
2017-10-31 17:30:00,36.03,36.06,35.93,36.04,208333
2017-10-31 18:00:00,36.04,36.06,35.94,35.95,172688
2017-10-31 18:30:00,35.95,36.02,35.93,35.99,105833
2017-10-31 19:00:00,35.99,36.03,35.97,35.97,93057
2017-10-31 19:30:00,35.98,36.06,35.93,35.94,105382
2017-10-31 20:00:00,35.94,35.96,35.85,35.91,124049
2017-10-31 20:30:00,35.91,35.94,35.87,35.89,83449
2017-10-31 21:00:00,35.88,35.93,35.84,35.88,158376
2017-10-31 21:30:00,35.88,35.88,35.78,35.84,216102
2017-10-31 22:00:00,35.84,35.89,35.77,35.78,160535
2017-10-31 22:30:00,35.78,35.84,35.73,35.79,454771
2017-11-01 16:30:00,36.02,36.11,35.87,36.01,123487
2017-11-01 17:00:00,36.01,36.05,36.0,36.01,129178
2017-11-01 17:30:00,36.0,36.25,35.96,36.17,101145
2017-11-01 18:00:00,36.17,36.18,36.06,36.09,94076
2017-11-01 18:30:00,36.08,36.12,35.99,36.04,59621
2017-11-01 19:00:00,36.03,36.03,35.91,35.96,85307
2017-11-01 19:30:00,35.96,36.0,35.91,35.94,83724
2017-11-01 20:00:00,35.95,35.98,35.85,35.92,103984
2017-11-01 20:30:00,35.92,35.93,35.78,35.89,102530
2017-11-01 21:00:00,35.89,35.91,35.83,35.86,81072
2017-11-01 21:30:00,35.87,35.95,35.86,35.86,80130
2017-11-01 22:00:00,35.86,35.86,35.79,35.82,105029
2017-11-01 22:30:00,35.83,35.87,35.74,35.75,246068
2017-11-02 16:30:00,35.81,36.31,35.78,36.24,235857
2017-11-02 17:00:00,36.24,36.25,35.8,35.91,288182
2017-11-02 17:30:00,35.92,35.98,35.71,35.91,388084
2017-11-02 18:00:00,35.91,36.06,35.89,36.01,264002
2017-11-02 18:30:00,36.02,36.06,35.94,36.03,131811
2017-11-02 19:00:00,36.01,36.23,36.0,36.19,167813
2017-11-02 19:30:00,36.18,36.27,36.17,36.26,63963
2017-11-02 20:00:00,36.24,36.25,36.13,36.18,69652
2017-11-02 20:30:00,36.17,36.17,36.12,36.13,76513
2017-11-02 21:00:00,36.14,36.21,36.09,36.12,103713
2017-11-02 21:30:00,36.11,36.12,35.96,36.0,199300
2017-11-02 22:00:00,36.01,36.03,35.83,35.97,355343
2017-11-02 22:30:00,35.98,36.21,35.97,36.16,525751
2017-11-03 16:30:00,36.16,36.19,35.9,35.96,182963
2017-11-03 17:00:00,35.97,36.08,35.84,35.88,272318
2017-11-03 17:30:00,35.88,35.94,35.83,35.89,142119
2017-11-03 18:00:00,35.89,35.99,35.85,35.9,213131
2017-11-03 18:30:00,35.91,35.91,35.73,35.76,104411
2017-11-03 19:00:00,35.76,35.83,35.73,35.82,129915
2017-11-03 19:30:00,35.82,35.86,35.75,35.76,307421
2017-11-03 20:00:00,35.77,35.87,35.76,35.84,107447
2017-11-03 20:30:00,35.84,35.9,35.82,35.84,80905
2017-11-03 21:00:00,35.84,35.99,35.83,35.98,96758
2017-11-03 21:30:00,35.98,36.06,35.94,36.04,78658
2017-11-03 22:00:00,36.03,36.07,35.99,36.01,110865
2017-11-03 22:30:00,36.02,36.09,36.0,36.05,312522
2017-11-06 16:30:00,35.99,36.03,35.8,36.03,135088
2017-11-06 17:00:00,36.03,36.04,35.88,36.01,82744
2017-11-06 17:30:00,36.0,36.01,35.93,35.97,63919
2017-11-06 18:00:00,35.97,36.06,35.93,36.04,101866
2017-11-06 18:30:00,36.04,36.12,36.01,36.01,61197
2017-11-06 19:00:00,36.01,36.03,35.98,36.0,36668
2017-11-06 19:30:00,36.01,36.02,35.95,35.95,47696
2017-11-06 20:00:00,35.96,35.98,35.9,35.91,76631
2017-11-06 20:30:00,35.91,35.95,35.89,35.89,89011
2017-11-06 21:00:00,35.89,35.93,35.86,35.9,60126
2017-11-06 21:30:00,35.91,35.96,35.87,35.93,164462
2017-11-06 22:00:00,35.94,35.97,35.89,35.92,86794
2017-11-06 22:30:00,35.92,35.94,35.87,35.88,237096
2017-11-07 16:30:00,35.93,36.09,35.89,36.04,96054
2017-11-07 17:00:00,36.05,36.08,35.95,35.96,84849
2017-11-07 17:30:00,35.96,35.97,35.78,35.83,134147
2017-11-07 18:00:00,35.83,35.89,35.78,35.78,58637
2017-11-07 18:30:00,35.79,35.81,35.5,35.51,172433
2017-11-07 19:00:00,35.52,35.55,35.38,35.45,88616
2017-11-07 19:30:00,35.45,35.53,35.45,35.51,63864
2017-11-07 20:00:00,35.51,35.61,35.51,35.6,52911
2017-11-07 20:30:00,35.61,35.63,35.57,35.57,41842
2017-11-07 21:00:00,35.58,35.66,35.57,35.61,64958
2017-11-07 21:30:00,35.6,35.66,35.51,35.52,75983
2017-11-07 22:00:00,35.51,35.58,35.49,35.55,92893
2017-11-07 22:30:00,35.56,35.62,35.52,35.6,232395
2017-11-08 16:30:00,35.59,35.64,35.41,35.55,140222
2017-11-08 17:00:00,35.56,35.6,35.45,35.54,148043
2017-11-08 17:30:00,35.54,35.62,35.48,35.55,142121
2017-11-08 18:00:00,35.55,35.61,35.53,35.58,61357
2017-11-08 18:30:00,35.58,35.63,35.5,35.61,157920
2017-11-08 19:00:00,35.61,35.62,35.53,35.6,104432
2017-11-08 19:30:00,35.6,35.63,35.55,35.62,70107
2017-11-08 20:00:00,35.63,35.7,35.63,35.68,68159
2017-11-08 20:30:00,35.68,35.7,35.58,35.6,104217
2017-11-08 21:00:00,35.6,35.62,35.53,35.55,92089
2017-11-08 21:30:00,35.55,35.57,35.5,35.52,95456
2017-11-08 22:00:00,35.52,35.58,35.51,35.57,100743
2017-11-08 22:30:00,35.57,35.73,35.56,35.7,378661
2017-11-09 16:30:00,35.42,35.57,35.31,35.33,121469
2017-11-09 17:00:00,35.34,35.53,35.34,35.45,80855
2017-11-09 17:30:00,35.45,35.56,35.39,35.54,166992
2017-11-09 18:00:00,35.53,35.54,35.32,35.41,150647
2017-11-09 18:30:00,35.41,35.45,35.28,35.36,77855
2017-11-09 19:00:00,35.35,35.37,35.19,35.24,101769
2017-11-09 19:30:00,35.23,35.33,35.19,35.33,66222
2017-11-09 20:00:00,35.33,35.43,35.25,35.43,74951
2017-11-09 20:30:00,35.44,35.54,35.44,35.47,82190
2017-11-09 21:00:00,35.48,35.54,35.41,35.42,87311
2017-11-09 21:30:00,35.42,35.46,35.32,35.32,73121
2017-11-09 22:00:00,35.32,35.41,35.3,35.39,130222
2017-11-09 22:30:00,35.4,35.57,35.4,35.51,383514
2017-11-10 16:30:00,35.46,35.54,35.19,35.26,171309
2017-11-10 17:00:00,35.26,35.27,35.13,35.18,126857
2017-11-10 17:30:00,35.18,35.24,35.07,35.15,102778
2017-11-10 18:00:00,35.16,35.16,35.03,35.12,148011
2017-11-10 18:30:00,35.12,35.16,35.09,35.12,67676
2017-11-10 19:00:00,35.12,35.17,35.12,35.15,40331
2017-11-10 19:30:00,35.14,35.17,35.11,35.11,41028
2017-11-10 20:00:00,35.11,35.14,35.1,35.12,58064
2017-11-10 20:30:00,35.11,35.13,35.03,35.08,54629
2017-11-10 21:00:00,35.07,35.15,35.03,35.13,98305
2017-11-10 21:30:00,35.14,35.18,35.11,35.17,89617
2017-11-10 22:00:00,35.17,35.19,35.09,35.1,91661
2017-11-10 22:30:00,35.1,35.21,35.1,35.16,237737
2017-11-13 16:30:00,34.63,34.68,34.36,34.44,219773
2017-11-13 17:00:00,34.44,34.62,34.44,34.62,87342
2017-11-13 17:30:00,34.62,34.64,34.53,34.56,115814
2017-11-13 18:00:00,34.55,34.57,34.53,34.53,41778
2017-11-13 18:30:00,34.52,34.54,34.43,34.48,78265
2017-11-13 19:00:00,34.49,34.61,34.45,34.45,141300
2017-11-13 19:30:00,34.45,34.5,34.44,34.48,54769
2017-11-13 20:00:00,34.48,34.49,34.43,34.47,79152
2017-11-13 20:30:00,34.47,34.52,34.46,34.51,87876
2017-11-13 21:00:00,34.52,34.53,34.44,34.46,117512
2017-11-13 21:30:00,34.47,34.52,34.46,34.51,48236
2017-11-13 22:00:00,34.5,34.53,34.45,34.52,235430
2017-11-13 22:30:00,34.52,34.54,34.43,34.52,309500
2017-11-14 16:30:00,34.29,34.53,34.29,34.45,205502
2017-11-14 17:00:00,34.45,34.48,34.26,34.32,171080
2017-11-14 17:30:00,34.33,34.45,34.29,34.4,192251
2017-11-14 18:00:00,34.41,34.47,34.39,34.41,65172
2017-11-14 18:30:00,34.41,34.48,34.38,34.44,119973
2017-11-14 19:00:00,34.43,34.5,34.42,34.44,84362
2017-11-14 19:30:00,34.44,34.48,34.35,34.37,69320
2017-11-14 20:00:00,34.36,34.47,34.35,34.44,70235
2017-11-14 20:30:00,34.44,34.47,34.38,34.4,80624
2017-11-14 21:00:00,34.4,34.47,34.34,34.38,99569
2017-11-14 21:30:00,34.37,34.39,34.31,34.34,211091
2017-11-14 22:00:00,34.35,34.45,34.35,34.44,138021
2017-11-14 22:30:00,34.44,34.5,34.36,34.48,349177
2017-11-15 16:30:00,34.21,34.21,33.95,33.97,233320
2017-11-15 17:00:00,33.98,34.41,33.96,34.2,609509
2017-11-15 17:30:00,34.2,34.49,34.15,34.48,331224
2017-11-15 18:00:00,34.49,34.52,34.43,34.48,275399
2017-11-15 18:30:00,34.49,34.52,34.41,34.49,284479
2017-11-15 19:00:00,34.5,34.68,34.44,34.66,572406
2017-11-15 19:30:00,34.66,34.8,34.61,34.79,379861
2017-11-15 20:00:00,34.78,34.78,34.63,34.63,102208
2017-11-15 20:30:00,34.64,34.66,34.47,34.49,160766
2017-11-15 21:00:00,34.48,34.68,34.48,34.63,173703
2017-11-15 21:30:00,34.63,34.66,34.59,34.59,110745
2017-11-15 22:00:00,34.59,34.62,34.43,34.47,344140
2017-11-15 22:30:00,34.47,34.6,34.47,34.48,582664
2017-11-16 16:30:00,34.71,34.71,34.5,34.58,227867
2017-11-16 17:00:00,34.59,34.71,34.58,34.68,184681
2017-11-16 17:30:00,34.67,34.87,34.62,34.81,167286
2017-11-16 18:00:00,34.81,34.87,34.75,34.76,71315
2017-11-16 18:30:00,34.75,34.76,34.7,34.71,87670
2017-11-16 19:00:00,34.71,34.76,34.7,34.75,116451
2017-11-16 19:30:00,34.75,34.77,34.69,34.72,73698
2017-11-16 20:00:00,34.72,34.76,34.71,34.72,61028
2017-11-16 20:30:00,34.72,34.76,34.69,34.72,59481
2017-11-16 21:00:00,34.72,34.73,34.66,34.7,169438
2017-11-16 21:30:00,34.69,34.71,34.64,34.65,135168
2017-11-16 22:00:00,34.65,34.67,34.6,34.65,196058
2017-11-16 22:30:00,34.65,34.65,34.53,34.57,425058
2017-11-17 16:30:00,34.43,34.58,34.36,34.57,323015
2017-11-17 17:00:00,34.55,34.71,34.46,34.68,251313
2017-11-17 17:30:00,34.69,34.95,34.68,34.85,210272
2017-11-17 18:00:00,34.85,34.92,34.82,34.86,108594
2017-11-17 18:30:00,34.86,34.92,34.85,34.9,138310
2017-11-17 19:00:00,34.9,35.07,34.89,35.05,203990
2017-11-17 19:30:00,35.04,35.06,34.94,35.04,214610
2017-11-17 20:00:00,35.05,35.06,34.97,34.98,109690
2017-11-17 20:30:00,34.99,34.99,34.93,34.94,82957
2017-11-17 21:00:00,34.95,35.05,34.94,35.03,91164
2017-11-17 21:30:00,35.03,35.05,34.99,35.03,141383
2017-11-17 22:00:00,35.03,35.05,34.99,35.01,153140
2017-11-17 22:30:00,35.0,35.04,34.94,34.97,461352
2017-11-20 16:30:00,35.05,35.29,35.01,35.17,154226
2017-11-20 17:00:00,35.17,35.19,35.06,35.14,155744
2017-11-20 17:30:00,35.15,35.3,35.13,35.29,137441
2017-11-20 18:00:00,35.28,35.39,35.26,35.34,121744
2017-11-20 18:30:00,35.33,35.38,35.3,35.32,83048
2017-11-20 19:00:00,35.32,35.36,35.26,35.31,112302
2017-11-20 19:30:00,35.32,35.4,35.29,35.4,107399
2017-11-20 20:00:00,35.39,35.52,35.34,35.49,376754
2017-11-20 20:30:00,35.49,35.61,35.49,35.6,124769
2017-11-20 21:00:00,35.6,35.72,35.6,35.71,191045
2017-11-20 21:30:00,35.71,35.81,35.53,35.58,383645
2017-11-20 22:00:00,35.58,35.61,35.42,35.5,203328
2017-11-20 22:30:00,35.5,35.5,35.39,35.47,390537
2017-11-21 16:30:00,35.63,35.88,35.56,35.82,145232
2017-11-21 17:00:00,35.82,35.87,35.72,35.72,193936
2017-11-21 17:30:00,35.73,35.85,35.68,35.77,287543
2017-11-21 18:00:00,35.78,35.79,35.57,35.62,154974
2017-11-21 18:30:00,35.62,35.64,35.57,35.58,42885
2017-11-21 19:00:00,35.59,35.59,35.45,35.45,64964
2017-11-21 19:30:00,35.45,35.55,35.44,35.47,166813
2017-11-21 20:00:00,35.47,35.56,35.46,35.52,89304
2017-11-21 20:30:00,35.52,35.56,35.51,35.52,98640
2017-11-21 21:00:00,35.53,35.58,35.49,35.58,93406
2017-11-21 21:30:00,35.58,35.63,35.53,35.63,72568
2017-11-21 22:00:00,35.63,35.66,35.6,35.66,50949
2017-11-21 22:30:00,35.66,35.67,35.61,35.64,215394
2017-11-22 16:30:00,35.67,35.85,35.6,35.72,58738
2017-11-22 17:00:00,35.72,35.8,35.66,35.66,49697
2017-11-22 17:30:00,35.66,35.66,35.49,35.56,150481
2017-11-22 18:00:00,35.56,35.58,35.51,35.55,59969
2017-11-22 18:30:00,35.55,35.58,35.44,35.46,56145
2017-11-22 19:00:00,35.46,35.46,35.31,35.33,76891
2017-11-22 19:30:00,35.33,35.34,35.24,35.31,58391
2017-11-22 20:00:00,35.31,35.31,35.16,35.21,79043
2017-11-22 20:30:00,35.21,35.28,35.2,35.27,60612
2017-11-22 21:00:00,35.28,35.3,35.18,35.23,95985
2017-11-22 21:30:00,35.24,35.27,35.2,35.22,87084
2017-11-22 22:00:00,35.23,35.25,35.2,35.22,83792
2017-11-22 22:30:00,35.22,35.26,35.22,35.22,235430
2017-11-24 16:30:00,35.35,35.4,35.14,35.29,146790
2017-11-24 17:00:00,35.28,35.28,35.15,35.19,72487
2017-11-24 17:30:00,35.17,35.18,35.04,35.12,54896
2017-11-24 18:00:00,35.11,35.13,35.07,35.11,66923
2017-11-24 18:30:00,35.12,35.14,35.07,35.07,53252
2017-11-24 19:00:00,35.08,35.13,35.07,35.09,54791
2017-11-24 19:30:00,35.09,35.12,35.05,35.08,109279
2017-11-24 20:00:00,35.09,35.09,35.09,35.09,78795
2017-11-24 22:00:00,35.09,35.09,35.09,35.09,3277
2017-11-27 16:30:00,35.14,35.31,35.02,35.3,173265
2017-11-27 17:00:00,35.31,35.32,35.17,35.22,259000
2017-11-27 17:30:00,35.22,35.3,35.22,35.3,123592
2017-11-27 18:00:00,35.3,35.32,35.11,35.11,159100
2017-11-27 18:30:00,35.11,35.12,35.0,35.1,179087
2017-11-27 19:00:00,35.1,35.1,35.01,35.08,97658
2017-11-27 19:30:00,35.09,35.11,35.03,35.1,79763
2017-11-27 20:00:00,35.1,35.14,35.08,35.08,144354
2017-11-27 20:30:00,35.08,35.19,35.07,35.16,125907
2017-11-27 21:00:00,35.15,35.16,35.08,35.09,161326
2017-11-27 21:30:00,35.1,35.12,35.08,35.11,111947
2017-11-27 22:00:00,35.11,35.22,35.06,35.21,193679
2017-11-27 22:30:00,35.21,35.24,35.19,35.2,370490
2017-11-28 16:30:00,35.37,35.6,35.2,35.59,328125
2017-11-28 17:00:00,35.59,35.68,35.49,35.51,201048
2017-11-28 17:30:00,35.51,35.65,35.51,35.64,131864
2017-11-28 18:00:00,35.64,35.7,35.62,35.67,104612
2017-11-28 18:30:00,35.67,35.76,35.65,35.71,270391
2017-11-28 19:00:00,35.72,35.85,35.71,35.83,123124
2017-11-28 19:30:00,35.84,35.97,35.82,35.95,59810
2017-11-28 20:00:00,35.95,36.09,35.95,36.0,86845
2017-11-28 20:30:00,36.0,36.05,35.9,35.9,123685
2017-11-28 21:00:00,35.89,35.94,35.81,35.93,116407
2017-11-28 21:30:00,35.94,36.09,35.92,36.06,218546
2017-11-28 22:00:00,36.05,36.21,36.02,36.09,298576
2017-11-28 22:30:00,36.1,36.15,35.96,36.0,797807
2017-11-29 16:30:00,36.23,36.48,36.08,36.22,328084
2017-11-29 17:00:00,36.24,36.3,35.96,36.08,638485
2017-11-29 17:30:00,36.09,36.38,36.09,36.22,147712
2017-11-29 18:00:00,36.23,36.23,36.13,36.18,93651
2017-11-29 18:30:00,36.18,36.25,35.87,35.87,189414
2017-11-29 19:00:00,35.88,35.88,35.69,35.76,208550
2017-11-29 19:30:00,35.77,35.84,35.67,35.84,156309
2017-11-29 20:00:00,35.84,35.96,35.77,35.89,129485
2017-11-29 20:30:00,35.89,35.9,35.77,35.9,157334
2017-11-29 21:00:00,35.89,36.02,35.89,36.02,116193
2017-11-29 21:30:00,36.03,36.06,35.96,36.02,94561
2017-11-29 22:00:00,36.03,36.08,35.99,36.02,231557
2017-11-29 22:30:00,36.03,36.15,35.93,36.1,580743
2017-11-30 16:30:00,36.35,36.39,36.11,36.24,212597
2017-11-30 17:00:00,36.24,36.27,36.12,36.17,88700
2017-11-30 17:30:00,36.17,36.26,36.08,36.25,76839
2017-11-30 18:00:00,36.25,36.46,36.24,36.28,101723
2017-11-30 18:30:00,36.27,36.34,36.24,36.3,55467
2017-11-30 19:00:00,36.3,36.45,36.3,36.41,56809
2017-11-30 19:30:00,36.41,36.65,36.41,36.6,100604
2017-11-30 20:00:00,36.6,36.68,36.5,36.5,65321
2017-11-30 20:30:00,36.5,36.5,36.25,36.29,67132
2017-11-30 21:00:00,36.29,36.35,36.21,36.34,86960
2017-11-30 21:30:00,36.34,36.34,36.21,36.24,75033
2017-11-30 22:00:00,36.23,36.23,36.04,36.22,154864
2017-11-30 22:30:00,36.22,36.31,36.12,36.17,545676
2017-12-01 16:30:00,36.28,36.42,36.09,36.12,118566
2017-12-01 17:00:00,36.09,36.2,35.96,36.14,223746
2017-12-01 17:30:00,36.14,36.16,36.06,36.08,148668
2017-12-01 18:00:00,36.09,36.11,35.19,35.26,355630
2017-12-01 18:30:00,35.25,35.65,35.09,35.56,381284
2017-12-01 19:00:00,35.57,35.79,35.51,35.56,204167
2017-12-01 19:30:00,35.57,35.72,35.54,35.7,107853
2017-12-01 20:00:00,35.69,35.83,35.67,35.81,80465
2017-12-01 20:30:00,35.81,35.94,35.77,35.79,118196
2017-12-01 21:00:00,35.79,35.91,35.78,35.89,80680
2017-12-01 21:30:00,35.89,35.89,35.75,35.85,76774
2017-12-01 22:00:00,35.85,36.08,35.81,36.08,103700
2017-12-01 22:30:00,36.07,36.23,36.05,36.19,378549
2017-12-04 16:30:00,36.88,36.97,36.67,36.82,294608
2017-12-04 17:00:00,36.83,36.96,36.77,36.95,206871
2017-12-04 17:30:00,36.95,37.04,36.81,36.93,143340
2017-12-04 18:00:00,36.91,37.03,36.82,36.95,117705
2017-12-04 18:30:00,36.96,37.11,36.9,37.1,363323
2017-12-04 19:00:00,37.09,37.13,36.99,37.0,83867
2017-12-04 19:30:00,37.0,37.01,36.9,36.97,65080
2017-12-04 20:00:00,36.97,37.02,36.93,36.95,95294
2017-12-04 20:30:00,36.95,37.05,36.95,37.01,55830
2017-12-04 21:00:00,37.0,37.01,36.86,36.91,81977
2017-12-04 21:30:00,36.91,36.91,36.79,36.87,261296
2017-12-04 22:00:00,36.85,36.93,36.84,36.89,129700
2017-12-04 22:30:00,36.89,37.0,36.87,36.88,604762
2017-12-05 16:30:00,36.95,36.95,36.62,36.67,109638
2017-12-05 17:00:00,36.68,36.79,36.66,36.72,82772
2017-12-05 17:30:00,36.73,36.8,36.62,36.78,95002
2017-12-05 18:00:00,36.79,36.84,36.73,36.74,69624
2017-12-05 18:30:00,36.74,36.75,36.62,36.63,46851
2017-12-05 19:00:00,36.64,36.66,36.53,36.63,52555
2017-12-05 19:30:00,36.64,36.7,36.63,36.65,63471
2017-12-05 20:00:00,36.66,36.75,36.63,36.74,41577
2017-12-05 20:30:00,36.73,36.77,36.69,36.76,51548
2017-12-05 21:00:00,36.76,36.81,36.68,36.72,70598
2017-12-05 21:30:00,36.72,36.72,36.62,36.66,85150
2017-12-05 22:00:00,36.65,36.71,36.59,36.69,112486
2017-12-05 22:30:00,36.69,36.71,36.53,36.63,248955
2017-12-06 16:30:00,36.6,36.81,36.54,36.71,100866
2017-12-06 17:00:00,36.72,36.8,36.64,36.8,75333
2017-12-06 17:30:00,36.8,37.11,36.79,37.1,211567
2017-12-06 18:00:00,37.1,37.3,36.98,37.25,223756
2017-12-06 18:30:00,37.25,37.35,37.21,37.3,233495
2017-12-06 19:00:00,37.29,37.29,37.12,37.13,116771
2017-12-06 19:30:00,37.13,37.31,37.12,37.26,92244
2017-12-06 20:00:00,37.26,37.28,37.2,37.21,93109
2017-12-06 20:30:00,37.21,37.27,37.17,37.19,102457
2017-12-06 21:00:00,37.19,37.25,37.12,37.14,109899
2017-12-06 21:30:00,37.14,37.22,37.11,37.13,115945
2017-12-06 22:00:00,37.13,37.22,37.11,37.18,146872
2017-12-06 22:30:00,37.18,37.21,37.08,37.09,380534
2017-12-07 16:30:00,36.97,37.4,36.82,37.4,172248
2017-12-07 17:00:00,37.4,37.4,37.22,37.33,210959
2017-12-07 17:30:00,37.32,37.56,37.31,37.55,184071
2017-12-07 18:00:00,37.55,37.79,37.48,37.74,276647
2017-12-07 18:30:00,37.76,37.82,37.68,37.7,117688
2017-12-07 19:00:00,37.7,37.76,37.56,37.59,88827
2017-12-07 19:30:00,37.6,37.62,37.52,37.57,80163
2017-12-07 20:00:00,37.56,37.61,37.45,37.5,73802
2017-12-07 20:30:00,37.51,37.51,37.38,37.41,39283
2017-12-07 21:00:00,37.41,37.41,37.29,37.29,123266
2017-12-07 21:30:00,37.3,37.39,37.26,37.37,64818
2017-12-07 22:00:00,37.37,37.42,37.32,37.38,69037
2017-12-07 22:30:00,37.39,37.43,37.27,37.35,237640
2017-12-08 16:30:00,37.46,37.54,37.28,37.5,129897
2017-12-08 17:00:00,37.51,37.6,37.41,37.58,98879
2017-12-08 17:30:00,37.57,37.62,37.52,37.59,63083
2017-12-08 18:00:00,37.58,37.66,37.57,37.63,75472
2017-12-08 18:30:00,37.63,37.74,37.63,37.68,59180
2017-12-08 19:00:00,37.68,37.72,37.67,37.7,67927
2017-12-08 19:30:00,37.71,37.77,37.64,37.65,77803
2017-12-08 20:00:00,37.64,37.65,37.6,37.64,31143
2017-12-08 20:30:00,37.64,37.7,37.61,37.65,50889
2017-12-08 21:00:00,37.64,37.65,37.58,37.63,72788
2017-12-08 21:30:00,37.63,37.64,37.56,37.6,59354
2017-12-08 22:00:00,37.6,37.69,37.59,37.63,146362
2017-12-08 22:30:00,37.63,37.68,37.61,37.67,253706
2017-12-11 16:30:00,37.75,37.76,37.55,37.74,103847
2017-12-11 17:00:00,37.76,37.85,37.61,37.64,78013
2017-12-11 17:30:00,37.64,37.64,37.53,37.53,58157
2017-12-11 18:00:00,37.53,37.61,37.47,37.59,64288
2017-12-11 18:30:00,37.6,37.61,37.43,37.45,65180
2017-12-11 19:00:00,37.45,37.48,37.4,37.41,125817
2017-12-11 19:30:00,37.42,37.43,37.33,37.36,112730
2017-12-11 20:00:00,37.37,37.41,37.23,37.36,200836
2017-12-11 20:30:00,37.37,37.44,37.25,37.29,223321
2017-12-11 21:00:00,37.29,37.33,37.27,37.33,95527
2017-12-11 21:30:00,37.33,37.36,37.22,37.34,150741
2017-12-11 22:00:00,37.34,37.42,37.28,37.28,137728
2017-12-11 22:30:00,37.28,37.42,37.27,37.39,565350
2017-12-12 16:30:00,37.17,37.4,36.84,37.08,626703
2017-12-12 17:00:00,37.09,37.13,36.96,37.07,122021
2017-12-12 17:30:00,37.08,37.14,36.85,36.87,226945
2017-12-12 18:00:00,36.87,37.03,36.81,37.02,113836
2017-12-12 18:30:00,37.03,37.12,37.01,37.07,81626
2017-12-12 19:00:00,37.07,37.2,37.03,37.03,225785
2017-12-12 19:30:00,37.04,37.26,37.03,37.22,72345
2017-12-12 20:00:00,37.22,37.25,37.16,37.19,65708
2017-12-12 20:30:00,37.18,37.25,37.16,37.18,77477
2017-12-12 21:00:00,37.19,37.3,37.16,37.24,75278
2017-12-12 21:30:00,37.24,37.27,37.2,37.26,82876
2017-12-12 22:00:00,37.27,37.28,37.22,37.25,111653
2017-12-12 22:30:00,37.25,37.27,37.12,37.18,466884
2017-12-13 16:30:00,37.24,37.28,37.11,37.15,264822
2017-12-13 17:00:00,37.15,37.47,37.11,37.38,440453
2017-12-13 17:30:00,37.39,37.45,37.31,37.37,173663
2017-12-13 18:00:00,37.36,37.41,37.34,37.38,160918
2017-12-13 18:30:00,37.38,37.72,37.36,37.68,121944
2017-12-13 19:00:00,37.67,37.67,37.48,37.53,209406
2017-12-13 19:30:00,37.54,37.58,37.42,37.46,158225
2017-12-13 20:00:00,37.46,37.49,37.33,37.39,137230
2017-12-13 20:30:00,37.39,37.43,37.26,37.3,101028
2017-12-13 21:00:00,37.3,37.4,37.19,37.25,173682
2017-12-13 21:30:00,37.24,37.32,37.2,37.21,159017
2017-12-13 22:00:00,37.22,37.23,37.0,37.02,337738
2017-12-13 22:30:00,37.03,37.11,36.92,36.97,673923
2017-12-14 16:30:00,37.15,37.15,36.88,36.89,148449
2017-12-14 17:00:00,36.87,36.9,36.68,36.7,165422
2017-12-14 17:30:00,36.69,36.76,36.67,36.67,81974
2017-12-14 18:00:00,36.68,36.7,36.59,36.67,65926
2017-12-14 18:30:00,36.66,36.75,36.57,36.71,457935
2017-12-14 19:00:00,36.7,36.72,36.59,36.61,63385
2017-12-14 19:30:00,36.61,36.62,36.54,36.57,64559
2017-12-14 20:00:00,36.56,36.61,36.53,36.61,82555
2017-12-14 20:30:00,36.6,36.63,36.53,36.53,93435
2017-12-14 21:00:00,36.53,36.57,36.37,36.37,115969
2017-12-14 21:30:00,36.37,36.5,36.37,36.45,129996
2017-12-14 22:00:00,36.44,36.47,36.36,36.36,116883
2017-12-14 22:30:00,36.37,36.43,36.29,36.3,548145
2017-12-15 16:30:00,36.55,36.68,36.41,36.66,570366
2017-12-15 17:00:00,36.66,36.84,36.66,36.73,241146
2017-12-15 17:30:00,36.73,36.74,36.62,36.69,219813
2017-12-15 18:00:00,36.7,36.79,36.7,36.78,143325
2017-12-15 18:30:00,36.78,36.85,36.73,36.76,143427
2017-12-15 19:00:00,36.76,36.78,36.7,36.74,103461
2017-12-15 19:30:00,36.75,36.8,36.73,36.77,95721
2017-12-15 20:00:00,36.76,36.78,36.7,36.72,79854
2017-12-15 20:30:00,36.72,36.75,36.7,36.74,110197
2017-12-15 21:00:00,36.73,36.74,36.68,36.69,194254
2017-12-15 21:30:00,36.69,36.76,36.67,36.7,117555
2017-12-15 22:00:00,36.7,36.76,36.65,36.65,139759
2017-12-15 22:30:00,36.65,36.69,36.5,36.56,520616
2017-12-18 16:30:00,36.99,37.09,36.88,36.91,136153
2017-12-18 17:00:00,36.91,36.92,36.69,36.7,180709
2017-12-18 17:30:00,36.7,36.84,36.67,36.79,184625
2017-12-18 18:00:00,36.79,36.79,36.68,36.73,130938
2017-12-18 18:30:00,36.73,36.83,36.7,36.82,77113
2017-12-18 19:00:00,36.83,36.88,36.81,36.86,75625
2017-12-18 19:30:00,36.85,36.87,36.77,36.79,50196
2017-12-18 20:00:00,36.79,36.79,36.74,36.75,40409
2017-12-18 20:30:00,36.75,36.76,36.69,36.69,56419
2017-12-18 21:00:00,36.69,36.79,36.69,36.76,90671
2017-12-18 21:30:00,36.77,36.88,36.77,36.86,163687
2017-12-18 22:00:00,36.86,36.89,36.82,36.82,103024
2017-12-18 22:30:00,36.82,36.86,36.76,36.81,334412
2017-12-19 16:30:00,37.06,37.09,36.83,36.91,134838
2017-12-19 17:00:00,36.91,36.96,36.8,36.84,96892
2017-12-19 17:30:00,36.84,36.89,36.79,36.85,98225
2017-12-19 18:00:00,36.85,36.86,36.72,36.72,144611
2017-12-19 18:30:00,36.71,36.77,36.64,36.64,83030
2017-12-19 19:00:00,36.65,36.79,36.63,36.7,142333
2017-12-19 19:30:00,36.69,36.72,36.64,36.7,113398
2017-12-19 20:00:00,36.7,36.79,36.69,36.74,122076
2017-12-19 20:30:00,36.75,36.76,36.7,36.7,89573
2017-12-19 21:00:00,36.69,36.78,36.67,36.74,74924
2017-12-19 21:30:00,36.75,36.75,36.67,36.71,99162
2017-12-19 22:00:00,36.7,36.72,36.6,36.66,125853
2017-12-19 22:30:00,36.67,36.73,36.6,36.61,580456
2017-12-20 16:30:00,36.96,37.05,36.72,36.78,188955
2017-12-20 17:00:00,36.77,36.79,36.59,36.62,138032
2017-12-20 17:30:00,36.62,36.63,36.41,36.51,185772
2017-12-20 18:00:00,36.51,36.62,36.49,36.56,173362
2017-12-20 18:30:00,36.56,36.67,36.56,36.58,54343
2017-12-20 19:00:00,36.58,36.64,36.57,36.58,41835
2017-12-20 19:30:00,36.58,36.59,36.48,36.53,64132
2017-12-20 20:00:00,36.53,36.61,36.52,36.61,62554
2017-12-20 20:30:00,36.61,36.64,36.57,36.6,50874
2017-12-20 21:00:00,36.6,36.61,36.56,36.6,59147
2017-12-20 21:30:00,36.59,36.63,36.57,36.61,54542
2017-12-20 22:00:00,36.6,36.62,36.57,36.59,91347
2017-12-20 22:30:00,36.58,36.61,36.52,36.53,235428
2017-12-21 16:30:00,36.75,36.79,36.58,36.58,186311
2017-12-21 17:00:00,36.59,36.69,36.58,36.6,187426
2017-12-21 17:30:00,36.6,36.77,36.6,36.68,239173
2017-12-21 18:00:00,36.68,36.68,36.51,36.51,116223
2017-12-21 18:30:00,36.52,36.58,36.49,36.5,121125
2017-12-21 19:00:00,36.51,36.55,36.47,36.5,106002
2017-12-21 19:30:00,36.5,36.53,36.45,36.52,153051
2017-12-21 20:00:00,36.51,36.69,36.5,36.67,86892
2017-12-21 20:30:00,36.65,36.68,36.59,36.59,96869
2017-12-21 21:00:00,36.6,36.62,36.57,36.61,137813
2017-12-21 21:30:00,36.61,36.69,36.58,36.67,112996
2017-12-21 22:00:00,36.66,36.66,36.56,36.57,179190
2017-12-21 22:30:00,36.58,36.65,36.55,36.62,395533
2017-12-22 16:30:00,36.76,36.79,36.6,36.78,122168
2017-12-22 17:00:00,36.78,36.78,36.66,36.66,70189
2017-12-22 17:30:00,36.66,36.73,36.61,36.64,54865
2017-12-22 18:00:00,36.66,36.67,36.59,36.59,46866
2017-12-22 18:30:00,36.59,36.59,36.51,36.54,59708
2017-12-22 19:00:00,36.55,36.67,36.55,36.67,40906
2017-12-22 19:30:00,36.66,36.67,36.61,36.64,32293
2017-12-22 20:00:00,36.64,36.66,36.6,36.6,42495
2017-12-22 20:30:00,36.61,36.65,36.6,36.62,74744
2017-12-22 21:00:00,36.62,36.66,36.59,36.66,61722
2017-12-22 21:30:00,36.65,36.66,36.61,36.62,40771
2017-12-22 22:00:00,36.63,36.65,36.61,36.62,44552
2017-12-22 22:30:00,36.62,36.66,36.6,36.64,212181
2017-12-26 16:30:00,36.66,36.79,36.49,36.71,56938
2017-12-26 17:00:00,36.71,36.71,36.58,36.59,66839
2017-12-26 17:30:00,36.58,36.6,36.45,36.46,35981
2017-12-26 18:00:00,36.46,36.49,36.42,36.47,31427
2017-12-26 18:30:00,36.47,36.48,36.43,36.46,24283
2017-12-26 19:00:00,36.45,36.5,36.44,36.49,20668
2017-12-26 19:30:00,36.49,36.5,36.42,36.46,18538
2017-12-26 20:00:00,36.46,36.51,36.45,36.5,15071
2017-12-26 20:30:00,36.5,36.53,36.5,36.5,22638
2017-12-26 21:00:00,36.51,36.54,36.49,36.53,23514
2017-12-26 21:30:00,36.53,36.58,36.53,36.56,25334
2017-12-26 22:00:00,36.57,36.6,36.56,36.57,32286
2017-12-26 22:30:00,36.57,36.63,36.54,36.6,121784
2017-12-27 16:30:00,36.68,36.68,36.46,36.47,167326
2017-12-27 17:00:00,36.47,36.57,36.47,36.55,43912
2017-12-27 17:30:00,36.56,36.61,36.55,36.6,40665
2017-12-27 18:00:00,36.6,36.63,36.57,36.62,40019
2017-12-27 18:30:00,36.62,36.64,36.58,36.59,44564
2017-12-27 19:00:00,36.59,36.59,36.51,36.53,33192
2017-12-27 19:30:00,36.51,36.52,36.49,36.49,23446
2017-12-27 20:00:00,36.48,36.51,36.41,36.42,34149
2017-12-27 20:30:00,36.41,36.47,36.4,36.46,31605
2017-12-27 21:00:00,36.46,36.51,36.44,36.5,33776
2017-12-27 21:30:00,36.5,36.5,36.44,36.47,35818
2017-12-27 22:00:00,36.48,36.51,36.47,36.5,39868
2017-12-27 22:30:00,36.5,36.54,36.48,36.54,175214
2017-12-28 16:30:00,36.65,36.69,36.48,36.58,112714
2017-12-28 17:00:00,36.59,36.68,36.57,36.67,104750
2017-12-28 17:30:00,36.67,36.69,36.58,36.61,79898
2017-12-28 18:00:00,36.61,36.62,36.55,36.56,48522
2017-12-28 18:30:00,36.56,36.61,36.54,36.6,41516
2017-12-28 19:00:00,36.6,36.62,36.59,36.6,39442
2017-12-28 19:30:00,36.6,36.61,36.58,36.58,74801
2017-12-28 20:00:00,36.59,36.61,36.56,36.6,54270
2017-12-28 20:30:00,36.6,36.61,36.54,36.55,37467
2017-12-28 21:00:00,36.55,36.62,36.52,36.61,90818
2017-12-28 21:30:00,36.61,36.65,36.58,36.61,36961
2017-12-28 22:00:00,36.62,36.69,36.61,36.69,66640
2017-12-28 22:30:00,36.69,36.8,36.66,36.76,272421
2017-12-29 16:30:00,36.89,36.89,36.74,36.77,109003
2017-12-29 17:00:00,36.78,36.79,36.61,36.7,67276
2017-12-29 17:30:00,36.69,36.71,36.58,36.65,38958
2017-12-29 18:00:00,36.65,36.67,36.61,36.62,59368
2017-12-29 18:30:00,36.62,36.7,36.6,36.62,32674
2017-12-29 19:00:00,36.62,36.63,36.56,36.58,46549
2017-12-29 19:30:00,36.58,36.64,36.56,36.6,83132
2017-12-29 20:00:00,36.59,36.68,36.57,36.64,125659
2017-12-29 20:30:00,36.63,36.65,36.58,36.61,84651
2017-12-29 21:00:00,36.62,36.65,36.59,36.64,38117
2017-12-29 21:30:00,36.65,36.67,36.62,36.66,34933
2017-12-29 22:00:00,36.66,36.73,36.63,36.73,58433
2017-12-29 22:30:00,36.72,36.73,36.54,36.55,306055
2018-01-02 16:30:00,36.84,36.86,36.45,36.64,133820
2018-01-02 17:00:00,36.63,36.72,36.61,36.62,89667
2018-01-02 17:30:00,36.63,36.69,36.56,36.67,94322
2018-01-02 18:00:00,36.66,36.69,36.59,36.61,139794
2018-01-02 18:30:00,36.61,36.62,36.51,36.55,133819
2018-01-02 19:00:00,36.56,36.6,36.48,36.51,200635
2018-01-02 19:30:00,36.5,36.52,36.4,36.45,86168
2018-01-02 20:00:00,36.45,36.54,36.43,36.54,107381
2018-01-02 20:30:00,36.53,36.55,36.39,36.43,110358
2018-01-02 21:00:00,36.43,36.44,36.26,36.26,139879
2018-01-02 21:30:00,36.26,36.27,36.18,36.21,196662
2018-01-02 22:00:00,36.21,36.32,36.21,36.3,207286
2018-01-02 22:30:00,36.29,36.36,36.24,36.36,672784
2018-01-03 16:30:00,36.0,36.34,35.89,36.28,286363
2018-01-03 17:00:00,36.29,36.49,36.28,36.4,459710
2018-01-03 17:30:00,36.4,36.41,36.24,36.26,153399
2018-01-03 18:00:00,36.26,36.31,36.17,36.17,92191
2018-01-03 18:30:00,36.18,36.36,36.15,36.28,223695
2018-01-03 19:00:00,36.29,36.38,36.29,36.33,82688
2018-01-03 19:30:00,36.34,36.38,36.32,36.34,96883
2018-01-03 20:00:00,36.35,36.39,36.33,36.35,74986
2018-01-03 20:30:00,36.35,36.35,36.27,36.32,95081
2018-01-03 21:00:00,36.32,36.43,36.3,36.41,169789
2018-01-03 21:30:00,36.41,36.5,36.4,36.49,149793
2018-01-03 22:00:00,36.48,36.53,36.46,36.5,129588
2018-01-03 22:30:00,36.49,36.58,36.48,36.54,336675
2018-01-04 16:30:00,36.67,37.04,36.64,37.01,252039
2018-01-04 17:00:00,37.03,37.13,36.96,36.97,111279
2018-01-04 17:30:00,36.97,37.0,36.86,36.88,126825
2018-01-04 18:00:00,36.88,36.9,36.79,36.79,124945
2018-01-04 18:30:00,36.79,36.8,36.69,36.79,104406
2018-01-04 19:00:00,36.78,36.8,36.68,36.8,296543
2018-01-04 19:30:00,36.78,36.88,36.75,36.85,59754
2018-01-04 20:00:00,36.85,36.87,36.82,36.87,64515
2018-01-04 20:30:00,36.87,36.87,36.8,36.83,82392
2018-01-04 21:00:00,36.82,36.91,36.82,36.85,90330
2018-01-04 21:30:00,36.84,36.88,36.82,36.84,165460
2018-01-04 22:00:00,36.85,36.88,36.8,36.85,146775
2018-01-04 22:30:00,36.85,36.86,36.81,36.85,274510
2018-01-05 16:30:00,36.99,37.02,36.81,36.99,210880
2018-01-05 17:00:00,36.99,37.0,36.88,36.92,268856
2018-01-05 17:30:00,36.92,37.0,36.89,36.99,173006
2018-01-05 18:00:00,36.99,37.05,36.96,37.01,156691
2018-01-05 18:30:00,37.02,37.04,36.98,37.0,107738
2018-01-05 19:00:00,37.0,37.03,36.93,36.96,179280
2018-01-05 19:30:00,36.95,36.98,36.9,36.96,117025
2018-01-05 20:00:00,36.96,36.98,36.88,36.89,122580
2018-01-05 20:30:00,36.89,36.95,36.87,36.89,122093
2018-01-05 21:00:00,36.89,36.93,36.87,36.89,81132
2018-01-05 21:30:00,36.9,37.05,36.89,37.01,265132
2018-01-05 22:00:00,37.01,37.15,37.01,37.14,187990
2018-01-05 22:30:00,37.13,37.34,37.11,37.28,699206
2018-01-08 16:30:00,36.76,37.09,36.56,36.95,371362
2018-01-08 17:00:00,36.95,36.98,36.87,36.9,129464
2018-01-08 17:30:00,36.91,36.92,36.77,36.82,106960
2018-01-08 18:00:00,36.82,36.88,36.73,36.86,177536
2018-01-08 18:30:00,36.86,36.96,36.85,36.85,163139
2018-01-08 19:00:00,36.86,36.88,36.8,36.81,179632
2018-01-08 19:30:00,36.81,36.84,36.79,36.81,114867
2018-01-08 20:00:00,36.8,36.86,36.78,36.85,170252
2018-01-08 20:30:00,36.84,36.88,36.8,36.88,181876
2018-01-08 21:00:00,36.87,36.9,36.82,36.88,167049
2018-01-08 21:30:00,36.88,36.92,36.83,36.84,191489
2018-01-08 22:00:00,36.84,36.85,36.73,36.78,254438
2018-01-08 22:30:00,36.78,36.87,36.78,36.83,679614
2018-01-09 16:30:00,36.97,37.41,36.97,37.35,176887
2018-01-09 17:00:00,37.34,37.37,37.23,37.32,132826
2018-01-09 17:30:00,37.31,37.32,37.18,37.24,129651
2018-01-09 18:00:00,37.23,37.34,37.21,37.3,114663
2018-01-09 18:30:00,37.3,37.43,37.29,37.4,219349
2018-01-09 19:00:00,37.41,37.46,37.38,37.42,122022
2018-01-09 19:30:00,37.42,37.48,37.42,37.47,104062
2018-01-09 20:00:00,37.47,37.48,37.41,37.43,118186
2018-01-09 20:30:00,37.42,37.47,37.42,37.46,130717
2018-01-09 21:00:00,37.47,37.48,37.38,37.39,142831
2018-01-09 21:30:00,37.39,37.43,37.35,37.37,157193
2018-01-09 22:00:00,37.37,37.38,37.17,37.19,281748
2018-01-09 22:30:00,37.19,37.27,37.15,37.2,537991
2018-01-10 16:30:00,37.31,37.64,37.24,37.64,297873
2018-01-10 17:00:00,37.64,37.66,37.49,37.55,290425
2018-01-10 17:30:00,37.55,37.61,37.34,37.37,245238
2018-01-10 18:00:00,37.37,37.44,37.29,37.29,234386
2018-01-10 18:30:00,37.3,37.36,37.19,37.19,201576
2018-01-10 19:00:00,37.19,37.21,37.05,37.1,224386
2018-01-10 19:30:00,37.11,37.16,37.06,37.14,197667
2018-01-10 20:00:00,37.15,37.18,37.05,37.06,144724
2018-01-10 20:30:00,37.06,37.13,37.02,37.02,147072
2018-01-10 21:00:00,37.03,37.06,36.86,36.88,178213
2018-01-10 21:30:00,36.88,36.96,36.85,36.87,174217
2018-01-10 22:00:00,36.88,36.94,36.7,36.71,339760
2018-01-10 22:30:00,36.7,36.85,36.68,36.81,689984
2018-01-11 16:30:00,36.92,36.98,36.6,36.73,479071
2018-01-11 17:00:00,36.73,36.85,36.73,36.77,202525
2018-01-11 17:30:00,36.78,36.81,36.69,36.75,240688
2018-01-11 18:00:00,36.75,36.81,36.69,36.69,135883
2018-01-11 18:30:00,36.69,36.79,36.66,36.79,124761
2018-01-11 19:00:00,36.79,36.9,36.77,36.85,144017
2018-01-11 19:30:00,36.86,36.94,36.85,36.89,88397
2018-01-11 20:00:00,36.9,36.93,36.88,36.91,60742
2018-01-11 20:30:00,36.92,36.93,36.9,36.93,79329
2018-01-11 21:00:00,36.92,37.1,36.88,37.09,171403
2018-01-11 21:30:00,37.09,37.12,37.05,37.09,126061
2018-01-11 22:00:00,37.09,37.22,37.09,37.2,169679
2018-01-11 22:30:00,37.19,37.34,37.13,37.32,452860
2018-01-12 16:30:00,37.59,37.67,37.41,37.63,163384
2018-01-12 17:00:00,37.63,37.65,37.47,37.65,96298
2018-01-12 17:30:00,37.65,37.73,37.63,37.67,91967
2018-01-12 18:00:00,37.67,37.67,37.55,37.59,175727
2018-01-12 18:30:00,37.59,37.59,37.54,37.58,151517
2018-01-12 19:00:00,37.58,37.72,37.57,37.71,112151
2018-01-12 19:30:00,37.7,37.7,37.61,37.66,51560
2018-01-12 20:00:00,37.66,37.72,37.66,37.68,65539
2018-01-12 20:30:00,37.68,37.71,37.62,37.63,69895
2018-01-12 21:00:00,37.62,37.68,37.61,37.68,127067
2018-01-12 21:30:00,37.68,37.7,37.61,37.68,141392
2018-01-12 22:00:00,37.68,37.79,37.67,37.77,135084
2018-01-12 22:30:00,37.77,37.89,37.76,37.86,523911
2018-01-16 16:30:00,38.13,38.42,38.12,38.28,230226
2018-01-16 17:00:00,38.29,38.3,38.17,38.26,154626
2018-01-16 17:30:00,38.25,38.25,37.78,37.8,236542
2018-01-16 18:00:00,37.8,37.89,37.66,37.71,200495
2018-01-16 18:30:00,37.7,37.7,37.51,37.54,184057
2018-01-16 19:00:00,37.54,37.63,37.53,37.58,166212
2018-01-16 19:30:00,37.58,37.61,37.49,37.5,138745
2018-01-16 20:00:00,37.51,37.57,37.5,37.51,129870
2018-01-16 20:30:00,37.52,37.52,37.38,37.4,170281
2018-01-16 21:00:00,37.4,37.42,37.25,37.25,330220
2018-01-16 21:30:00,37.25,37.34,37.09,37.13,247279
2018-01-16 22:00:00,37.14,37.29,37.13,37.28,311420
2018-01-16 22:30:00,37.27,37.29,37.17,37.19,729719
2018-01-17 16:30:00,37.4,37.6,37.31,37.5,282981
2018-01-17 17:00:00,37.5,37.63,37.4,37.53,237965
2018-01-17 17:30:00,37.53,37.68,37.47,37.66,204418
2018-01-17 18:00:00,37.66,37.69,37.5,37.55,167606
2018-01-17 18:30:00,37.55,37.66,37.54,37.62,97257
2018-01-17 19:00:00,37.62,37.67,37.61,37.64,79409
2018-01-17 19:30:00,37.64,37.72,37.58,37.72,223783
2018-01-17 20:00:00,37.73,37.87,37.67,37.8,260729
2018-01-17 20:30:00,37.8,37.94,37.75,37.94,123986
2018-01-17 21:00:00,37.94,38.0,37.9,37.96,127723
2018-01-17 21:30:00,37.97,38.15,37.94,38.15,149224
2018-01-17 22:00:00,38.14,38.3,38.14,38.18,317154
2018-01-17 22:30:00,38.18,38.2,38.02,38.08,390211
2018-01-18 16:30:00,38.08,38.19,38.0,38.11,135405
2018-01-18 17:00:00,38.12,38.21,37.93,37.95,95594
2018-01-18 17:30:00,37.97,38.09,37.97,37.97,78677
2018-01-18 18:00:00,37.97,38.0,37.88,37.92,242130
2018-01-18 18:30:00,37.91,37.96,37.82,37.93,116731
2018-01-18 19:00:00,37.93,37.98,37.92,37.98,55113
2018-01-18 19:30:00,37.97,38.1,37.92,37.93,133712
2018-01-18 20:00:00,37.93,38.0,37.9,37.97,66920
2018-01-18 20:30:00,37.96,38.0,37.91,37.97,55545
2018-01-18 21:00:00,37.97,38.02,37.95,37.99,84055
2018-01-18 21:30:00,37.99,37.99,37.89,37.91,106510
2018-01-18 22:00:00,37.9,37.95,37.88,37.88,91786
2018-01-18 22:30:00,37.88,37.89,37.79,37.88,346018
2018-01-19 16:30:00,37.98,38.23,37.92,38.16,448178
2018-01-19 17:00:00,38.16,38.22,37.99,38.2,250865
2018-01-19 17:30:00,38.2,38.2,38.08,38.14,76680
2018-01-19 18:00:00,38.14,38.21,38.09,38.19,53532
2018-01-19 18:30:00,38.19,38.21,38.11,38.15,49387
2018-01-19 19:00:00,38.15,38.25,38.15,38.22,61261
2018-01-19 19:30:00,38.21,38.25,38.19,38.2,39425
2018-01-19 20:00:00,38.2,38.25,38.19,38.2,110610
2018-01-19 20:30:00,38.2,38.21,38.08,38.11,155612
2018-01-19 21:00:00,38.11,38.16,38.07,38.11,120324
2018-01-19 21:30:00,38.11,38.17,38.11,38.11,158524
2018-01-19 22:00:00,38.11,38.12,38.07,38.1,138942
2018-01-19 22:30:00,38.1,38.15,38.07,38.15,406300
2018-01-22 16:30:00,37.96,38.06,37.48,37.53,219062
2018-01-22 17:00:00,37.53,37.66,37.44,37.64,262255
2018-01-22 17:30:00,37.64,37.64,37.51,37.57,342727
2018-01-22 18:00:00,37.56,37.6,37.41,37.41,104010
2018-01-22 18:30:00,37.4,37.41,37.33,37.4,129111
2018-01-22 19:00:00,37.39,37.43,37.35,37.42,108612
2018-01-22 19:30:00,37.41,37.61,37.4,37.57,104548
2018-01-22 20:00:00,37.57,37.72,37.54,37.71,105622
2018-01-22 20:30:00,37.71,37.85,37.71,37.78,163459
2018-01-22 21:00:00,37.78,37.82,37.73,37.74,245375
2018-01-22 21:30:00,37.74,37.86,37.72,37.81,102567
2018-01-22 22:00:00,37.8,37.82,37.78,37.79,129353
2018-01-22 22:30:00,37.8,37.88,37.79,37.88,646163
2018-01-23 16:30:00,37.78,38.01,37.69,37.74,162945
2018-01-23 17:00:00,37.73,37.74,37.46,37.54,342773
2018-01-23 17:30:00,37.54,37.63,37.43,37.61,238267
2018-01-23 18:00:00,37.61,37.64,37.49,37.49,158056
2018-01-23 18:30:00,37.5,37.57,37.46,37.55,168796
2018-01-23 19:00:00,37.55,37.71,37.54,37.68,96140
2018-01-23 19:30:00,37.67,37.77,37.67,37.76,90133
2018-01-23 20:00:00,37.76,37.84,37.71,37.72,134927
2018-01-23 20:30:00,37.72,37.76,37.67,37.68,153047
2018-01-23 21:00:00,37.68,37.69,37.58,37.63,206175
2018-01-23 21:30:00,37.63,37.75,37.62,37.67,209093
2018-01-23 22:00:00,37.67,37.67,37.48,37.53,257139
2018-01-23 22:30:00,37.54,37.64,37.53,37.61,506710
2018-01-24 16:30:00,37.88,38.2,37.74,38.12,256463
2018-01-24 17:00:00,38.12,38.14,37.9,38.01,254316
2018-01-24 17:30:00,38.01,38.08,37.93,37.98,125896
2018-01-24 18:00:00,37.98,38.03,37.89,37.93,100093
2018-01-24 18:30:00,37.92,37.93,37.75,37.75,96178
2018-01-24 19:00:00,37.75,37.78,37.64,37.68,58192
2018-01-24 19:30:00,37.68,37.69,37.53,37.62,77727
2018-01-24 20:00:00,37.63,37.65,37.49,37.59,69695
2018-01-24 20:30:00,37.6,37.77,37.6,37.74,115414
2018-01-24 21:00:00,37.75,37.88,37.68,37.87,86382
2018-01-24 21:30:00,37.87,37.87,37.67,37.69,211095
2018-01-24 22:00:00,37.7,37.73,37.64,37.71,283923
2018-01-24 22:30:00,37.7,37.75,37.6,37.62,486144
2018-01-25 16:30:00,37.69,37.71,37.26,37.28,298407
2018-01-25 17:00:00,37.28,37.59,37.24,37.47,93414
2018-01-25 17:30:00,37.47,37.56,37.42,37.54,97348
2018-01-25 18:00:00,37.53,37.61,37.48,37.48,83828
2018-01-25 18:30:00,37.49,37.64,37.49,37.57,83636
2018-01-25 19:00:00,37.57,37.62,37.53,37.61,76842
2018-01-25 19:30:00,37.61,37.64,37.54,37.58,102421
2018-01-25 20:00:00,37.59,37.61,37.52,37.54,47418
2018-01-25 20:30:00,37.53,37.64,37.52,37.61,63849
2018-01-25 21:00:00,37.6,37.6,37.43,37.51,119797
2018-01-25 21:30:00,37.51,37.53,37.42,37.45,102695
2018-01-25 22:00:00,37.45,37.52,37.37,37.51,116428
2018-01-25 22:30:00,37.51,37.62,37.47,37.6,374498
2018-01-26 16:30:00,37.7,37.74,37.48,37.62,135353
2018-01-26 17:00:00,37.63,37.63,37.45,37.48,163474
2018-01-26 17:30:00,37.49,37.76,37.48,37.66,245486
2018-01-26 18:00:00,37.67,37.93,37.6,37.8,320689
2018-01-26 18:30:00,37.81,38.22,37.81,38.08,489534
2018-01-26 19:00:00,38.08,38.2,38.05,38.17,128782
2018-01-26 19:30:00,38.18,38.29,38.16,38.25,118245
2018-01-26 20:00:00,38.25,38.33,38.15,38.28,128464
2018-01-26 20:30:00,38.28,38.39,38.24,38.36,111630
2018-01-26 21:00:00,38.34,38.35,38.2,38.22,124391
2018-01-26 21:30:00,38.21,38.28,38.17,38.25,112015
2018-01-26 22:00:00,38.24,38.33,38.23,38.27,158220
2018-01-26 22:30:00,38.27,38.43,38.25,38.4,443613
2018-01-29 16:30:00,38.26,38.43,38.11,38.21,113549
2018-01-29 17:00:00,38.23,38.23,38.01,38.02,158461
2018-01-29 17:30:00,38.02,38.02,37.82,37.87,110198
2018-01-29 18:00:00,37.88,37.94,37.82,37.89,207830
2018-01-29 18:30:00,37.89,37.89,37.77,37.77,93393
2018-01-29 19:00:00,37.77,37.85,37.67,37.84,203628
2018-01-29 19:30:00,37.84,37.9,37.78,37.88,118819
2018-01-29 20:00:00,37.89,37.9,37.81,37.84,114313
2018-01-29 20:30:00,37.84,37.85,37.74,37.75,63073
2018-01-29 21:00:00,37.76,37.77,37.64,37.65,113621
2018-01-29 21:30:00,37.66,37.67,37.58,37.61,181274
2018-01-29 22:00:00,37.62,37.65,37.52,37.53,181029
2018-01-29 22:30:00,37.53,37.58,37.47,37.48,683340
2018-01-30 16:30:00,37.12,37.4,36.85,36.99,286634
2018-01-30 17:00:00,36.98,37.11,36.81,37.1,164687
2018-01-30 17:30:00,37.11,37.21,37.04,37.14,206157
2018-01-30 18:00:00,37.14,37.19,37.0,37.11,161497
2018-01-30 18:30:00,37.12,37.17,36.97,36.98,279019
2018-01-30 19:00:00,36.98,37.02,36.85,36.85,94519
2018-01-30 19:30:00,36.85,36.94,36.77,36.93,303462
2018-01-30 20:00:00,36.93,37.17,36.9,37.05,220113
2018-01-30 20:30:00,37.06,37.22,37.02,37.14,121075
2018-01-30 21:00:00,37.15,37.19,37.04,37.06,194440
2018-01-30 21:30:00,37.06,37.07,36.92,36.95,175193
2018-01-30 22:00:00,36.94,36.96,36.8,36.92,275772
2018-01-30 22:30:00,36.92,36.96,36.68,36.68,840366
2018-01-31 16:30:00,36.25,36.43,35.41,36.07,1116658
2018-01-31 17:00:00,36.08,36.15,36.0,36.07,368530
2018-01-31 17:30:00,36.08,36.23,36.03,36.15,265117
2018-01-31 18:00:00,36.14,36.26,36.13,36.24,179354
2018-01-31 18:30:00,36.24,36.29,36.19,36.24,186547
2018-01-31 19:00:00,36.25,36.32,36.17,36.32,78755
2018-01-31 19:30:00,36.32,36.51,36.31,36.51,80552
2018-01-31 20:00:00,36.5,36.51,36.28,36.28,106226
2018-01-31 20:30:00,36.29,36.51,36.28,36.48,87799
2018-01-31 21:00:00,36.48,36.66,36.39,36.62,161027
2018-01-31 21:30:00,36.61,36.61,36.23,36.27,169616
2018-01-31 22:00:00,36.26,36.27,36.06,36.15,234250
2018-01-31 22:30:00,36.15,36.37,36.12,36.13,716447
2018-02-01 16:30:00,36.25,36.64,36.11,36.54,276575
2018-02-01 17:00:00,36.52,36.57,36.29,36.34,234108
2018-02-01 17:30:00,36.34,36.45,36.22,36.28,151265
2018-02-01 18:00:00,36.27,36.42,36.27,36.28,154875
2018-02-01 18:30:00,36.28,36.4,36.27,36.39,574749
2018-02-01 19:00:00,36.39,36.5,36.33,36.33,208947
2018-02-01 19:30:00,36.35,36.44,36.22,36.23,88843
2018-02-01 20:00:00,36.23,36.4,36.22,36.37,104340
2018-02-01 20:30:00,36.36,36.38,36.23,36.28,124152
2018-02-01 21:00:00,36.28,36.29,36.06,36.12,128841
2018-02-01 21:30:00,36.12,36.23,36.12,36.18,203477
2018-02-01 22:00:00,36.17,36.21,35.95,35.98,279645
2018-02-01 22:30:00,35.96,36.03,35.85,36.02,703285
2018-02-02 16:30:00,35.65,35.7,35.4,35.52,467562
2018-02-02 17:00:00,35.53,35.56,35.42,35.5,292066
2018-02-02 17:30:00,35.49,35.51,35.33,35.41,229739
2018-02-02 18:00:00,35.4,35.49,35.35,35.44,222563
2018-02-02 18:30:00,35.44,35.52,35.33,35.33,310085
2018-02-02 19:00:00,35.34,35.48,35.32,35.46,156991
2018-02-02 19:30:00,35.46,35.47,35.28,35.28,112822
2018-02-02 20:00:00,35.27,35.31,35.17,35.2,143112
2018-02-02 20:30:00,35.2,35.25,35.09,35.15,182998
2018-02-02 21:00:00,35.15,35.16,34.82,34.86,369723
2018-02-02 21:30:00,34.85,35.05,34.84,34.98,455132
2018-02-02 22:00:00,34.97,35.0,34.88,34.96,600847
2018-02-02 22:30:00,34.96,35.28,34.91,35.16,784146
2018-02-05 16:30:00,34.53,34.94,34.27,34.91,602271
2018-02-05 17:00:00,34.91,35.15,34.89,35.04,268000
2018-02-05 17:30:00,35.04,35.05,34.75,34.78,255038
2018-02-05 18:00:00,34.78,34.99,34.75,34.91,283631
2018-02-05 18:30:00,34.89,34.9,34.77,34.89,186201
2018-02-05 19:00:00,34.88,34.89,34.5,34.58,191562
2018-02-05 19:30:00,34.57,34.65,34.49,34.53,160596
2018-02-05 20:00:00,34.51,34.52,34.18,34.24,216249
2018-02-05 20:30:00,34.23,34.38,34.17,34.37,248134
2018-02-05 21:00:00,34.37,34.37,34.04,34.08,326915
2018-02-05 21:30:00,34.07,34.07,33.64,33.66,343240
2018-02-05 22:00:00,33.66,33.9,33.02,33.8,736344
2018-02-05 22:30:00,33.8,33.88,33.13,33.13,1242801
2018-02-06 16:30:00,32.39,33.62,32.08,33.22,528136
2018-02-06 17:00:00,33.21,33.65,33.02,33.16,530951
2018-02-06 17:30:00,33.14,33.4,32.99,33.13,429507
2018-02-06 18:00:00,33.14,33.14,32.73,32.8,360759
2018-02-06 18:30:00,32.79,33.06,32.58,32.87,332176
2018-02-06 19:00:00,32.87,33.21,32.86,33.19,199911
2018-02-06 19:30:00,33.18,33.32,32.95,33.05,234347
2018-02-06 20:00:00,33.04,33.07,32.84,32.97,236105
2018-02-06 20:30:00,32.96,32.96,32.68,32.71,290655
2018-02-06 21:00:00,32.7,32.83,32.62,32.74,278455
2018-02-06 21:30:00,32.74,33.39,32.7,33.35,350560
2018-02-06 22:00:00,33.35,33.76,33.35,33.62,531020
2018-02-06 22:30:00,33.62,33.86,33.38,33.61,1023602
2018-02-07 16:30:00,33.54,34.13,33.43,34.01,301907
2018-02-07 17:00:00,34.01,34.22,33.91,34.0,293422
2018-02-07 17:30:00,34.01,34.21,33.9,34.16,245505
2018-02-07 18:00:00,34.17,34.36,34.13,34.19,168540
2018-02-07 18:30:00,34.18,34.24,34.08,34.15,200063
2018-02-07 19:00:00,34.14,34.21,34.07,34.15,202605
2018-02-07 19:30:00,34.14,34.16,33.96,34.04,186891
2018-02-07 20:00:00,34.05,34.12,33.79,33.85,120977
2018-02-07 20:30:00,33.85,34.02,33.81,33.88,152477
2018-02-07 21:00:00,33.87,33.87,33.66,33.83,182056
2018-02-07 21:30:00,33.82,33.85,33.53,33.72,133159
2018-02-07 22:00:00,33.73,33.83,33.72,33.74,333581
2018-02-07 22:30:00,33.74,33.84,33.45,33.46,939529
2018-02-08 16:30:00,33.45,33.53,32.85,33.22,281838
2018-02-08 17:00:00,33.2,33.48,33.12,33.14,245480
2018-02-08 17:30:00,33.15,33.24,32.88,32.99,166922
2018-02-08 18:00:00,33.0,33.13,32.82,32.85,134188
2018-02-08 18:30:00,32.85,33.05,32.79,32.92,186256
2018-02-08 19:00:00,32.9,32.94,32.49,32.58,213999
2018-02-08 19:30:00,32.63,32.78,32.32,32.44,199026
2018-02-08 20:00:00,32.43,32.66,32.37,32.5,151429
2018-02-08 20:30:00,32.5,32.88,32.48,32.75,203475
2018-02-08 21:00:00,32.77,32.82,32.56,32.6,153694
2018-02-08 21:30:00,32.6,32.63,32.38,32.43,318008
2018-02-08 22:00:00,32.44,32.59,32.32,32.45,392458
2018-02-08 22:30:00,32.44,32.49,31.92,31.92,838900
2018-02-09 16:30:00,32.4,32.62,32.24,32.33,527125
2018-02-09 17:00:00,32.34,32.41,32.19,32.28,266822
2018-02-09 17:30:00,32.28,32.29,31.83,32.1,346320
2018-02-09 18:00:00,32.11,32.27,31.96,32.05,389855
2018-02-09 18:30:00,32.05,32.22,31.9,31.92,546045
2018-02-09 19:00:00,31.92,31.95,31.48,31.58,338647
2018-02-09 19:30:00,31.6,31.76,31.43,31.76,249692
2018-02-09 20:00:00,31.76,31.77,31.33,31.34,255231
2018-02-09 20:30:00,31.35,31.88,31.24,31.71,217102
2018-02-09 21:00:00,31.7,32.41,31.7,32.12,243295
2018-02-09 21:30:00,32.13,32.18,31.94,31.96,190014
2018-02-09 22:00:00,31.95,32.15,31.69,32.02,258101
2018-02-09 22:30:00,32.03,32.73,32.01,32.44,834366
2018-02-12 16:30:00,32.72,32.95,32.49,32.51,205353
2018-02-12 17:00:00,32.52,32.63,32.15,32.29,107196
2018-02-12 17:30:00,32.3,32.41,32.17,32.38,121889
2018-02-12 18:00:00,32.39,32.43,32.23,32.33,139562
2018-02-12 18:30:00,32.33,32.53,32.21,32.53,95940
2018-02-12 19:00:00,32.52,32.68,32.46,32.59,123390
2018-02-12 19:30:00,32.59,32.62,32.51,32.54,81206
2018-02-12 20:00:00,32.54,32.61,32.46,32.58,169640
2018-02-12 20:30:00,32.59,32.76,32.51,32.68,76100
2018-02-12 21:00:00,32.69,32.7,32.55,32.64,173070
2018-02-12 21:30:00,32.64,32.76,32.54,32.6,262464
2018-02-12 22:00:00,32.61,32.74,32.5,32.66,210436
2018-02-12 22:30:00,32.67,32.71,32.36,32.52,501976
2018-02-13 16:30:00,32.49,33.01,32.31,32.54,460499
2018-02-13 17:00:00,32.54,32.65,32.47,32.5,352404
2018-02-13 17:30:00,32.5,32.72,32.47,32.58,241475
2018-02-13 18:00:00,32.58,32.66,32.49,32.57,158213
2018-02-13 18:30:00,32.57,32.61,32.49,32.57,186602
2018-02-13 19:00:00,32.58,32.59,32.45,32.46,90306
2018-02-13 19:30:00,32.47,32.53,32.42,32.42,88571
2018-02-13 20:00:00,32.42,32.53,32.36,32.49,87976
2018-02-13 20:30:00,32.48,32.54,32.45,32.5,82256
2018-02-13 21:00:00,32.5,32.59,32.48,32.51,113210
2018-02-13 21:30:00,32.51,32.6,32.46,32.6,162868
2018-02-13 22:00:00,32.6,32.64,32.56,32.61,173620
2018-02-13 22:30:00,32.6,32.67,32.49,32.49,530005
2018-02-14 16:30:00,32.06,32.26,31.92,32.14,327838
2018-02-14 17:00:00,32.15,32.48,32.1,32.36,182535
2018-02-14 17:30:00,32.36,32.54,32.33,32.45,149191
2018-02-14 18:00:00,32.45,32.6,32.36,32.57,248522
2018-02-14 18:30:00,32.57,32.59,32.45,32.49,97236
2018-02-14 19:00:00,32.49,32.6,32.48,32.57,89842
2018-02-14 19:30:00,32.57,32.6,32.48,32.58,93803
2018-02-14 20:00:00,32.58,32.77,32.56,32.69,323084
2018-02-14 20:30:00,32.69,32.85,32.68,32.79,303204
2018-02-14 21:00:00,32.8,32.94,32.76,32.78,218816
2018-02-14 21:30:00,32.77,32.96,32.76,32.92,107499
2018-02-14 22:00:00,32.93,33.09,32.93,33.02,214057
2018-02-14 22:30:00,33.03,33.19,32.97,33.17,659302
2018-02-15 16:30:00,33.4,33.81,33.11,33.21,507709
2018-02-15 17:00:00,33.22,33.28,33.03,33.2,207116
2018-02-15 17:30:00,33.19,33.21,32.91,32.92,235788
2018-02-15 18:00:00,32.92,33.06,32.86,33.06,219716
2018-02-15 18:30:00,33.07,33.09,32.9,32.97,193511
2018-02-15 19:00:00,32.97,32.99,32.88,32.98,122530
2018-02-15 19:30:00,32.98,33.02,32.91,32.97,129368
2018-02-15 20:00:00,32.98,33.11,32.97,33.06,139581
2018-02-15 20:30:00,33.05,33.12,32.97,33.11,191569
2018-02-15 21:00:00,33.1,33.17,33.06,33.15,187891
2018-02-15 21:30:00,33.14,33.17,33.12,33.13,174044
2018-02-15 22:00:00,33.13,33.22,33.12,33.13,289149
2018-02-15 22:30:00,33.13,33.19,33.04,33.18,596431
2018-02-16 16:30:00,33.12,33.27,33.02,33.07,321883
2018-02-16 17:00:00,33.07,33.38,33.05,33.37,175854
2018-02-16 17:30:00,33.37,33.46,33.34,33.35,111756
2018-02-16 18:00:00,33.36,33.57,33.36,33.47,244002
2018-02-16 18:30:00,33.47,33.67,33.46,33.65,135486
2018-02-16 19:00:00,33.65,33.69,33.58,33.61,134058
2018-02-16 19:30:00,33.61,33.8,33.5,33.59,226162
2018-02-16 20:00:00,33.6,33.72,33.58,33.66,333775
2018-02-16 20:30:00,33.66,33.95,33.56,33.9,478020
2018-02-16 21:00:00,33.91,34.02,33.71,33.77,461767
2018-02-16 21:30:00,33.77,34.0,33.76,33.98,262902
2018-02-16 22:00:00,33.97,34.06,33.94,33.99,258699
2018-02-16 22:30:00,34.0,34.06,33.91,33.91,753371
2018-02-20 16:30:00,33.71,34.03,33.71,33.76,235417
2018-02-20 17:00:00,33.76,33.77,33.28,33.28,338058
2018-02-20 17:30:00,33.27,33.33,33.13,33.17,261749
2018-02-20 18:00:00,33.17,33.46,33.14,33.41,391582
2018-02-20 18:30:00,33.42,33.57,33.39,33.51,202946
2018-02-20 19:00:00,33.51,33.52,33.41,33.42,165789
2018-02-20 19:30:00,33.43,33.45,33.34,33.36,115289
2018-02-20 20:00:00,33.35,33.36,33.17,33.19,223608
2018-02-20 20:30:00,33.19,33.36,33.17,33.34,183894
2018-02-20 21:00:00,33.34,33.34,33.13,33.16,216779
2018-02-20 21:30:00,33.17,33.22,33.11,33.19,306230
2018-02-20 22:00:00,33.19,33.34,33.07,33.12,428460
2018-02-20 22:30:00,33.12,33.23,33.05,33.22,676559
2018-02-21 16:30:00,33.34,33.78,33.22,33.77,274062
2018-02-21 17:00:00,33.77,33.93,33.74,33.81,265499
2018-02-21 17:30:00,33.82,33.96,33.82,33.88,151556
2018-02-21 18:00:00,33.88,33.9,33.69,33.82,218536
2018-02-21 18:30:00,33.8,33.81,33.68,33.69,155112
2018-02-21 19:00:00,33.68,33.69,33.56,33.6,94883
2018-02-21 19:30:00,33.6,33.8,33.59,33.8,79082
2018-02-21 20:00:00,33.79,33.85,33.74,33.81,79169
2018-02-21 20:30:00,33.81,33.82,33.72,33.77,79470
2018-02-21 21:00:00,33.77,33.96,33.72,33.77,290547
2018-02-21 21:30:00,33.77,33.8,33.52,33.55,204142
2018-02-21 22:00:00,33.54,33.55,33.25,33.36,354078
2018-02-21 22:30:00,33.36,33.48,33.2,33.23,936525
2018-02-22 16:30:00,33.36,33.61,33.2,33.28,224354
2018-02-22 17:00:00,33.29,33.35,33.2,33.22,187041
2018-02-22 17:30:00,33.23,33.31,33.11,33.15,190252
2018-02-22 18:00:00,33.16,33.42,33.12,33.41,241490
2018-02-22 18:30:00,33.4,33.51,33.3,33.46,114851
2018-02-22 19:00:00,33.47,33.49,33.38,33.39,91582
2018-02-22 19:30:00,33.4,33.45,33.32,33.32,120882
2018-02-22 20:00:00,33.33,33.36,33.21,33.28,100873
2018-02-22 20:30:00,33.28,33.28,33.1,33.14,150751
2018-02-22 21:00:00,33.14,33.2,33.06,33.19,246872
2018-02-22 21:30:00,33.19,33.21,32.92,32.92,383073
2018-02-22 22:00:00,32.92,33.03,32.87,32.92,480022
2018-02-22 22:30:00,32.93,33.02,32.85,32.95,686938
2018-02-23 16:30:00,33.06,33.13,32.98,33.03,178995
2018-02-23 17:00:00,33.03,33.07,32.86,32.91,72920
2018-02-23 17:30:00,32.91,33.02,32.83,32.93,175364
2018-02-23 18:00:00,32.92,33.0,32.89,32.95,160660
2018-02-23 18:30:00,32.94,32.99,32.86,32.9,97259
2018-02-23 19:00:00,32.89,33.03,32.86,32.86,83271
2018-02-23 19:30:00,32.87,32.93,32.85,32.89,82945
2018-02-23 20:00:00,32.88,32.89,32.8,32.84,77060
2018-02-23 20:30:00,32.84,32.91,32.8,32.85,113700
2018-02-23 21:00:00,32.85,32.97,32.81,32.95,94893
2018-02-23 21:30:00,32.95,33.1,32.92,33.06,97900
2018-02-23 22:00:00,33.05,33.14,33.05,33.11,113476
2018-02-23 22:30:00,33.11,33.2,33.08,33.19,331951
2018-02-26 16:30:00,33.43,33.49,33.2,33.21,180846
2018-02-26 17:00:00,33.21,33.29,33.14,33.19,98814
2018-02-26 17:30:00,33.19,33.33,33.19,33.28,90144
2018-02-26 18:00:00,33.28,33.51,33.25,33.49,197195
2018-02-26 18:30:00,33.49,33.62,33.45,33.54,229601
2018-02-26 19:00:00,33.55,33.71,33.54,33.7,119777
2018-02-26 19:30:00,33.7,33.72,33.63,33.69,195620
2018-02-26 20:00:00,33.7,33.83,33.69,33.83,94806
2018-02-26 20:30:00,33.82,33.84,33.78,33.84,105997
2018-02-26 21:00:00,33.84,33.88,33.77,33.77,75093
2018-02-26 21:30:00,33.77,33.82,33.7,33.74,97089
2018-02-26 22:00:00,33.75,33.85,33.73,33.82,122473
2018-02-26 22:30:00,33.82,33.87,33.73,33.84,417676
2018-02-27 16:30:00,33.75,34.0,33.64,33.65,281502
2018-02-27 17:00:00,33.64,33.81,33.6,33.77,190236
2018-02-27 17:30:00,33.78,33.78,33.38,33.43,198580
2018-02-27 18:00:00,33.43,33.59,33.38,33.43,357529
2018-02-27 18:30:00,33.44,33.51,33.27,33.28,135695
2018-02-27 19:00:00,33.28,33.44,33.2,33.27,240400
2018-02-27 19:30:00,33.27,33.53,33.26,33.52,120462
2018-02-27 20:00:00,33.51,33.57,33.45,33.47,73214
2018-02-27 20:30:00,33.47,33.51,33.37,33.39,83475
2018-02-27 21:00:00,33.4,33.43,33.23,33.31,176179
2018-02-27 21:30:00,33.31,33.41,33.16,33.29,224877
2018-02-27 22:00:00,33.28,33.31,33.15,33.21,243531
2018-02-27 22:30:00,33.21,33.25,33.01,33.01,399690
2018-02-28 16:30:00,33.25,33.38,33.07,33.38,260345
2018-02-28 17:00:00,33.38,33.49,33.22,33.47,343983
2018-02-28 17:30:00,33.47,33.52,33.17,33.22,294873
2018-02-28 18:00:00,33.23,33.26,33.05,33.13,329917
2018-02-28 18:30:00,33.12,33.17,32.9,33.05,217128
2018-02-28 19:00:00,33.06,33.14,33.05,33.09,93438
2018-02-28 19:30:00,33.08,33.33,33.06,33.24,92137
2018-02-28 20:00:00,33.24,33.29,33.19,33.22,98584
2018-02-28 20:30:00,33.22,33.29,33.17,33.28,143568
2018-02-28 21:00:00,33.28,33.34,33.22,33.23,154667
2018-02-28 21:30:00,33.23,33.24,32.88,32.91,187425
2018-02-28 22:00:00,32.91,32.95,32.72,32.81,305532
2018-02-28 22:30:00,32.81,32.82,32.52,32.53,744784
2018-03-01 16:30:00,32.55,32.74,32.16,32.25,466723
2018-03-01 17:00:00,32.24,32.46,32.18,32.46,194949
2018-03-01 17:30:00,32.47,32.63,32.39,32.4,172529
2018-03-01 18:00:00,32.4,32.56,32.39,32.43,191240
2018-03-01 18:30:00,32.43,32.66,32.41,32.59,124970
2018-03-01 19:00:00,32.59,32.59,32.36,32.43,142583
2018-03-01 19:30:00,32.42,32.53,32.33,32.44,140310
2018-03-01 20:00:00,32.43,32.43,32.15,32.22,137834
2018-03-01 20:30:00,32.21,32.25,31.92,31.92,182518
2018-03-01 21:00:00,31.92,31.95,31.57,31.77,357244
2018-03-01 21:30:00,31.77,31.86,31.66,31.71,220930
2018-03-01 22:00:00,31.71,32.02,31.65,31.9,375938
2018-03-01 22:30:00,31.9,31.96,31.73,31.81,655101
2018-03-02 16:30:00,31.64,31.78,31.53,31.68,334598
2018-03-02 17:00:00,31.66,31.79,31.59,31.65,237280
2018-03-02 17:30:00,31.65,31.79,31.61,31.63,256120
2018-03-02 18:00:00,31.62,31.73,31.44,31.68,322337
2018-03-02 18:30:00,31.67,31.95,31.64,31.94,235970
2018-03-02 19:00:00,31.93,31.94,31.67,31.87,200732
2018-03-02 19:30:00,31.88,31.94,31.82,31.9,207366
2018-03-02 20:00:00,31.89,31.97,31.83,31.84,83414
2018-03-02 20:30:00,31.84,31.91,31.74,31.81,130411
2018-03-02 21:00:00,31.81,32.0,31.8,31.9,128792
2018-03-02 21:30:00,31.89,31.99,31.83,31.91,131249
2018-03-02 22:00:00,31.91,32.02,31.82,31.99,302687
2018-03-02 22:30:00,31.99,32.28,31.99,32.2,539443
2018-03-05 16:30:00,32.11,32.23,31.8,32.04,266694
2018-03-05 17:00:00,32.06,32.36,32.02,32.29,205492
2018-03-05 17:30:00,32.3,32.61,32.26,32.57,157147
2018-03-05 18:00:00,32.56,32.7,32.53,32.67,129872
2018-03-05 18:30:00,32.68,32.8,32.64,32.78,137123
2018-03-05 19:00:00,32.78,32.82,32.64,32.7,116691
2018-03-05 19:30:00,32.71,32.8,32.67,32.78,93475
2018-03-05 20:00:00,32.78,32.9,32.78,32.83,98395
2018-03-05 20:30:00,32.83,32.87,32.71,32.77,132963
2018-03-05 21:00:00,32.77,32.81,32.62,32.68,116079
2018-03-05 21:30:00,32.68,32.78,32.64,32.77,118780
2018-03-05 22:00:00,32.78,32.88,32.67,32.69,282024
2018-03-05 22:30:00,32.7,32.85,32.67,32.67,618526
2018-03-06 16:30:00,32.93,32.95,32.61,32.66,305133
2018-03-06 17:00:00,32.67,32.84,32.57,32.8,168214
2018-03-06 17:30:00,32.81,32.97,32.73,32.78,157413
2018-03-06 18:00:00,32.78,32.85,32.7,32.75,185269
2018-03-06 18:30:00,32.75,32.87,32.74,32.84,130412
2018-03-06 19:00:00,32.84,32.98,32.8,32.81,79943
2018-03-06 19:30:00,32.81,33.08,32.81,33.08,114641
2018-03-06 20:00:00,33.08,33.2,33.06,33.15,127557
2018-03-06 20:30:00,33.15,33.18,33.03,33.06,110010
2018-03-06 21:00:00,33.07,33.11,33.0,33.08,140727
2018-03-06 21:30:00,33.08,33.23,33.08,33.13,260290
2018-03-06 22:00:00,33.12,33.15,33.0,33.1,187580
2018-03-06 22:30:00,33.08,33.15,33.04,33.13,462065
2018-03-07 16:30:00,32.74,33.06,32.7,33.0,269683
2018-03-07 17:00:00,32.99,33.21,32.98,33.13,296676
2018-03-07 17:30:00,33.13,33.32,33.11,33.2,228339
2018-03-07 18:00:00,33.2,33.21,33.01,33.07,227306
2018-03-07 18:30:00,33.07,33.16,33.04,33.05,174250
2018-03-07 19:00:00,33.05,33.11,32.86,32.9,240005
2018-03-07 19:30:00,32.89,32.96,32.84,32.94,135477
2018-03-07 20:00:00,32.94,32.97,32.77,32.96,152070
2018-03-07 20:30:00,32.97,32.99,32.89,32.91,145337
2018-03-07 21:00:00,32.9,33.06,32.89,32.99,194652
2018-03-07 21:30:00,33.0,33.12,32.98,33.01,209843
2018-03-07 22:00:00,33.01,33.18,33.01,33.17,176768
2018-03-07 22:30:00,33.17,33.38,33.15,33.34,933553
2018-03-08 16:30:00,33.37,33.45,33.21,33.21,232704
2018-03-08 17:00:00,33.22,33.49,33.2,33.4,267441
2018-03-08 17:30:00,33.4,33.48,33.34,33.45,219915
2018-03-08 18:00:00,33.44,33.63,33.41,33.62,282796
2018-03-08 18:30:00,33.62,33.63,33.46,33.6,329932
2018-03-08 19:00:00,33.59,33.68,33.44,33.64,355918
2018-03-08 19:30:00,33.65,33.7,33.56,33.69,265621
2018-03-08 20:00:00,33.69,33.81,33.59,33.64,297205
2018-03-08 20:30:00,33.63,33.77,33.61,33.75,199750
2018-03-08 21:00:00,33.75,33.83,33.61,33.66,447800
2018-03-08 21:30:00,33.66,33.71,33.57,33.71,395198
2018-03-08 22:00:00,33.71,33.96,33.71,33.87,357785
2018-03-08 22:30:00,33.86,33.92,33.76,33.9,1165518
2018-03-09 16:30:00,34.24,34.3,33.8,33.81,325000
2018-03-09 17:00:00,33.81,34.09,33.8,34.03,136393
2018-03-09 17:30:00,34.04,34.23,34.01,34.2,238388
2018-03-09 18:00:00,34.21,34.25,34.15,34.25,124880
2018-03-09 18:30:00,34.25,34.26,34.15,34.23,124584
2018-03-09 19:00:00,34.24,34.32,34.18,34.21,166268
2018-03-09 19:30:00,34.21,34.3,34.18,34.2,135807
2018-03-09 20:00:00,34.2,34.29,34.2,34.27,105602
2018-03-09 20:30:00,34.27,34.37,34.26,34.37,132886
2018-03-09 21:00:00,34.36,34.46,34.35,34.46,154875
2018-03-09 21:30:00,34.46,34.54,34.4,34.53,210496
2018-03-09 22:00:00,34.52,34.57,34.47,34.52,279773
2018-03-09 22:30:00,34.53,34.58,34.45,34.52,661410
2018-03-12 16:30:00,34.61,34.76,34.52,34.58,269068
2018-03-12 17:00:00,34.59,34.94,34.59,34.91,359975
2018-03-12 17:30:00,34.92,35.03,34.77,34.77,392762
2018-03-12 18:00:00,34.78,34.79,34.58,34.6,198066
2018-03-12 18:30:00,34.6,34.7,34.57,34.59,173955
2018-03-12 19:00:00,34.59,34.62,34.52,34.55,161529
2018-03-12 19:30:00,34.55,34.58,34.48,34.54,106027
2018-03-12 20:00:00,34.54,34.69,34.54,34.68,159893
2018-03-12 20:30:00,34.68,34.78,34.66,34.66,202944
2018-03-12 21:00:00,34.67,34.69,34.57,34.62,109320
2018-03-12 21:30:00,34.62,34.64,34.47,34.51,199899
2018-03-12 22:00:00,34.5,34.58,34.5,34.56,281448
2018-03-12 22:30:00,34.56,34.66,34.51,34.51,677871
2018-03-13 16:30:00,34.64,34.89,34.58,34.59,262288
2018-03-13 17:00:00,34.58,34.74,34.55,34.72,264262
2018-03-13 17:30:00,34.72,34.73,34.52,34.52,137178
2018-03-13 18:00:00,34.53,34.56,34.39,34.43,152787
2018-03-13 18:30:00,34.44,34.48,34.36,34.4,133375
2018-03-13 19:00:00,34.4,34.43,34.25,34.32,185140
2018-03-13 19:30:00,34.33,34.45,34.33,34.39,129965
2018-03-13 20:00:00,34.4,34.45,34.35,34.42,81157
2018-03-13 20:30:00,34.43,34.48,34.31,34.32,81126
2018-03-13 21:00:00,34.32,34.35,34.24,34.26,115914
2018-03-13 21:30:00,34.27,34.33,34.16,34.18,109937
2018-03-13 22:00:00,34.19,34.2,34.05,34.07,143798
2018-03-13 22:30:00,34.07,34.15,33.97,34.11,452251
2018-03-14 16:30:00,34.23,34.23,33.91,34.08,159782
2018-03-14 17:00:00,34.09,34.12,33.85,33.86,173825
2018-03-14 17:30:00,33.86,33.88,33.72,33.83,184336
2018-03-14 18:00:00,33.83,33.84,33.62,33.72,208228
2018-03-14 18:30:00,33.72,33.73,33.46,33.55,325875
2018-03-14 19:00:00,33.55,33.63,33.48,33.56,141278
2018-03-14 19:30:00,33.56,33.7,33.53,33.58,155729
2018-03-14 20:00:00,33.57,33.57,33.41,33.44,137775
2018-03-14 20:30:00,33.44,33.74,33.43,33.69,163551
2018-03-14 21:00:00,33.69,33.71,33.55,33.58,159318
2018-03-14 21:30:00,33.58,33.64,33.4,33.53,220982
2018-03-14 22:00:00,33.54,33.54,33.35,33.35,231650
2018-03-14 22:30:00,33.36,33.38,33.21,33.29,997816
2018-03-15 16:30:00,33.34,33.37,33.0,33.03,366379
2018-03-15 17:00:00,33.03,33.13,32.88,32.88,297116
2018-03-15 17:30:00,32.9,32.94,32.78,32.83,313521
2018-03-15 18:00:00,32.82,32.97,32.81,32.94,431247
2018-03-15 18:30:00,32.95,32.99,32.71,32.79,281425
2018-03-15 19:00:00,32.79,32.88,32.77,32.82,319700
2018-03-15 19:30:00,32.82,32.9,32.8,32.88,159421
2018-03-15 20:00:00,32.88,32.88,32.74,32.77,147614
2018-03-15 20:30:00,32.76,32.79,32.65,32.65,265107
2018-03-15 21:00:00,32.65,32.76,32.6,32.69,232650
2018-03-15 21:30:00,32.7,32.74,32.61,32.7,256292
2018-03-15 22:00:00,32.71,32.88,32.67,32.88,350322
2018-03-15 22:30:00,32.88,32.94,32.83,32.91,782518
2018-03-16 16:30:00,33.05,33.39,33.04,33.26,506899
2018-03-16 17:00:00,33.25,33.29,33.04,33.2,225310
2018-03-16 17:30:00,33.19,33.3,33.16,33.26,250142
2018-03-16 18:00:00,33.25,33.26,33.16,33.24,136219
2018-03-16 18:30:00,33.24,33.47,33.24,33.4,309290
2018-03-16 19:00:00,33.41,33.44,33.35,33.36,126482
2018-03-16 19:30:00,33.36,33.44,33.33,33.35,107532
2018-03-16 20:00:00,33.34,33.38,33.3,33.3,117332
2018-03-16 20:30:00,33.31,33.33,33.2,33.23,94152
2018-03-16 21:00:00,33.22,33.25,33.17,33.22,92156
2018-03-16 21:30:00,33.22,33.28,33.19,33.25,124135
2018-03-16 22:00:00,33.25,33.33,33.22,33.32,239813
2018-03-16 22:30:00,33.32,33.38,33.2,33.2,1009833
2018-03-19 16:30:00,33.11,33.2,32.92,33.13,314770
2018-03-19 17:00:00,33.12,33.14,33.01,33.13,172764
2018-03-19 17:30:00,33.13,33.15,32.84,32.88,100070
2018-03-19 18:00:00,32.87,32.92,32.75,32.86,245301
2018-03-19 18:30:00,32.86,32.86,32.62,32.66,111566
2018-03-19 19:00:00,32.66,32.71,32.57,32.64,100036
2018-03-19 19:30:00,32.65,32.66,32.47,32.48,115160
2018-03-19 20:00:00,32.48,32.49,32.29,32.34,140625
2018-03-19 20:30:00,32.34,32.53,32.33,32.53,150603
2018-03-19 21:00:00,32.53,32.58,32.47,32.53,137088
2018-03-19 21:30:00,32.52,32.53,32.39,32.5,163972
2018-03-19 22:00:00,32.5,32.66,32.47,32.58,369103
2018-03-19 22:30:00,32.58,32.69,32.51,32.64,601736
2018-03-20 16:30:00,32.79,32.83,32.61,32.64,177717
2018-03-20 17:00:00,32.64,32.79,32.63,32.79,166266
2018-03-20 17:30:00,32.81,32.86,32.68,32.75,71668
2018-03-20 18:00:00,32.77,32.79,32.69,32.76,83706
2018-03-20 18:30:00,32.77,32.81,32.68,32.72,81230
2018-03-20 19:00:00,32.73,32.79,32.69,32.73,100931
2018-03-20 19:30:00,32.72,32.72,32.62,32.64,66890
2018-03-20 20:00:00,32.64,32.7,32.57,32.57,99526
2018-03-20 20:30:00,32.57,32.6,32.44,32.46,371387
2018-03-20 21:00:00,32.45,32.59,32.41,32.57,191580
2018-03-20 21:30:00,32.57,32.62,32.51,32.58,102727
2018-03-20 22:00:00,32.57,32.61,32.51,32.51,161563
2018-03-20 22:30:00,32.52,32.58,32.5,32.54,481017
2018-03-21 16:30:00,32.58,32.91,32.54,32.75,212575
2018-03-21 17:00:00,32.74,32.79,32.69,32.75,96893
2018-03-21 17:30:00,32.75,32.87,32.73,32.84,82485
2018-03-21 18:00:00,32.85,33.02,32.81,33.02,96588
2018-03-21 18:30:00,33.0,33.2,32.97,33.19,168494
2018-03-21 19:00:00,33.18,33.3,33.16,33.23,228235
2018-03-21 19:30:00,33.21,33.28,33.17,33.25,145182
2018-03-21 20:00:00,33.25,33.29,33.2,33.25,117129
2018-03-21 20:30:00,33.25,33.31,33.19,33.29,149892
2018-03-21 21:00:00,33.3,33.55,33.2,33.43,462592
2018-03-21 21:30:00,33.44,33.47,33.12,33.19,313513
2018-03-21 22:00:00,33.2,33.38,33.13,33.2,350816
2018-03-21 22:30:00,33.21,33.3,32.91,32.92,891417
2018-03-22 16:30:00,32.45,32.62,32.2,32.2,184574
2018-03-22 17:00:00,32.2,32.35,32.08,32.2,220429
2018-03-22 17:30:00,32.2,32.22,31.83,31.87,207347
2018-03-22 18:00:00,31.87,31.93,31.69,31.71,299372
2018-03-22 18:30:00,31.71,31.76,31.59,31.62,175199
2018-03-22 19:00:00,31.62,32.07,31.57,32.07,259898
2018-03-22 19:30:00,32.07,32.15,31.91,31.92,226221
2018-03-22 20:00:00,31.92,32.08,31.79,32.07,125087
2018-03-22 20:30:00,32.08,32.14,32.01,32.05,129211
2018-03-22 21:00:00,32.05,32.08,31.79,31.8,135261
2018-03-22 21:30:00,31.79,31.89,31.7,31.73,205247
2018-03-22 22:00:00,31.72,31.83,31.57,31.63,283250
2018-03-22 22:30:00,31.62,31.62,31.36,31.45,830334
2018-03-23 16:30:00,31.53,31.69,31.45,31.47,250137
2018-03-23 17:00:00,31.47,31.71,31.46,31.6,135204
2018-03-23 17:30:00,31.61,31.67,31.52,31.64,95462
2018-03-23 18:00:00,31.64,31.67,31.4,31.4,100690
2018-03-23 18:30:00,31.4,31.48,31.12,31.15,147067
2018-03-23 19:00:00,31.14,31.45,31.14,31.44,131151
2018-03-23 19:30:00,31.44,31.44,31.24,31.26,84898
2018-03-23 20:00:00,31.25,31.53,31.21,31.5,105203
2018-03-23 20:30:00,31.51,31.65,31.43,31.6,113492
2018-03-23 21:00:00,31.6,31.67,31.3,31.37,129301
2018-03-23 21:30:00,31.37,31.4,31.01,31.05,150058
2018-03-23 22:00:00,31.07,31.11,30.87,30.99,262681
2018-03-23 22:30:00,30.99,30.99,30.66,30.72,617642
2018-03-26 16:30:00,31.4,31.5,31.24,31.32,361433
2018-03-26 17:00:00,31.31,31.37,31.15,31.16,128701
2018-03-26 17:30:00,31.16,31.42,31.06,31.34,359990
2018-03-26 18:00:00,31.34,31.48,31.19,31.4,340591
2018-03-26 18:30:00,31.39,31.6,31.36,31.58,127763
2018-03-26 19:00:00,31.58,31.79,31.56,31.68,160209
2018-03-26 19:30:00,31.69,31.79,31.55,31.58,129582
2018-03-26 20:00:00,31.57,31.77,31.56,31.64,91349
2018-03-26 20:30:00,31.64,31.69,31.56,31.63,89700
2018-03-26 21:00:00,31.64,31.95,31.63,31.86,174181
2018-03-26 21:30:00,31.87,31.97,31.81,31.87,178830
2018-03-26 22:00:00,31.87,32.11,31.86,32.08,418019
2018-03-26 22:30:00,32.08,32.18,32.01,32.13,708468
2018-03-27 16:30:00,32.17,32.17,31.71,32.02,328276
2018-03-27 17:00:00,32.02,32.07,31.82,31.97,158291
2018-03-27 17:30:00,31.97,32.06,31.83,31.97,108072
2018-03-27 18:00:00,31.97,32.09,31.86,32.09,132372
2018-03-27 18:30:00,32.09,32.24,32.07,32.14,108928
2018-03-27 19:00:00,32.14,32.19,32.04,32.08,172130
2018-03-27 19:30:00,32.07,32.11,32.0,32.06,150949
2018-03-27 20:00:00,32.07,32.14,32.0,32.01,132468
2018-03-27 20:30:00,32.01,32.04,31.7,31.83,176978
2018-03-27 21:00:00,31.83,31.9,31.71,31.75,167193
2018-03-27 21:30:00,31.74,31.86,31.59,31.61,197619
2018-03-27 22:00:00,31.6,31.63,31.26,31.29,308644
2018-03-27 22:30:00,31.28,31.41,31.06,31.36,941018
2018-03-28 16:30:00,31.5,31.55,31.12,31.46,249395
2018-03-28 17:00:00,31.46,31.57,31.29,31.38,188264
2018-03-28 17:30:00,31.41,31.48,31.14,31.31,300108
2018-03-28 18:00:00,31.32,31.59,31.32,31.39,297970
2018-03-28 18:30:00,31.39,31.56,31.28,31.39,299770
2018-03-28 19:00:00,31.39,31.71,31.35,31.46,200664
2018-03-28 19:30:00,31.47,31.55,31.32,31.32,396313
2018-03-28 20:00:00,31.32,31.5,31.25,31.45,198683
2018-03-28 20:30:00,31.45,31.55,31.29,31.45,260570
2018-03-28 21:00:00,31.46,31.51,31.28,31.36,456115
2018-03-28 21:30:00,31.35,31.49,31.33,31.39,231062
2018-03-28 22:00:00,31.39,31.5,31.26,31.49,292982
2018-03-28 22:30:00,31.48,31.6,31.4,31.49,891160
2018-03-29 16:30:00,31.7,31.85,31.49,31.63,194533
2018-03-29 17:00:00,31.61,31.69,31.5,31.66,90621
2018-03-29 17:30:00,31.67,31.91,31.64,31.91,100816
2018-03-29 18:00:00,31.9,32.0,31.79,31.84,102329
2018-03-29 18:30:00,31.85,31.86,31.75,31.85,71753
2018-03-29 19:00:00,31.86,31.87,31.73,31.85,69989
2018-03-29 19:30:00,31.84,31.87,31.78,31.81,52975
2018-03-29 20:00:00,31.82,31.86,31.76,31.84,43724
2018-03-29 20:30:00,31.83,31.97,31.82,31.91,88726
2018-03-29 21:00:00,31.9,32.06,31.87,31.99,91883
2018-03-29 21:30:00,32.0,32.17,32.0,32.1,115771
2018-03-29 22:00:00,32.09,32.26,32.01,32.06,179153
2018-03-29 22:30:00,32.04,32.17,31.93,32.01,497737
2018-04-02 16:30:00,31.81,31.81,31.3,31.38,221924
2018-04-02 17:00:00,31.38,31.4,31.23,31.31,168466
2018-04-02 17:30:00,31.31,31.31,30.97,30.98,123473
2018-04-02 18:00:00,30.98,31.01,30.85,31.01,292808
2018-04-02 18:30:00,31.02,31.02,30.69,30.82,285502
2018-04-02 19:00:00,30.82,30.89,30.6,30.85,205648
2018-04-02 19:30:00,30.84,30.97,30.84,30.87,162611
2018-04-02 20:00:00,30.88,30.92,30.59,30.6,125072
2018-04-02 20:30:00,30.6,30.67,30.34,30.35,262662
2018-04-02 21:00:00,30.34,30.45,30.25,30.29,289715
2018-04-02 21:30:00,30.29,30.5,30.19,30.5,268600
2018-04-02 22:00:00,30.49,30.61,30.42,30.52,311286
2018-04-02 22:30:00,30.52,30.88,30.49,30.84,797883
2018-04-03 16:30:00,31.08,31.39,30.93,31.26,262315
2018-04-03 17:00:00,31.26,31.33,31.04,31.15,256893
2018-04-03 17:30:00,31.14,31.4,31.08,31.34,162287
2018-04-03 18:00:00,31.35,31.46,31.24,31.26,148204
2018-04-03 18:30:00,31.25,31.27,31.12,31.14,129115
2018-04-03 19:00:00,31.14,31.28,31.07,31.11,116549
2018-04-03 19:30:00,31.11,31.18,31.05,31.09,170677
2018-04-03 20:00:00,31.1,31.2,31.03,31.15,154945
2018-04-03 20:30:00,31.15,31.17,30.99,31.09,104433
2018-04-03 21:00:00,31.08,31.12,30.91,30.94,123596
2018-04-03 21:30:00,30.94,31.09,30.8,31.02,232255
2018-04-03 22:00:00,31.02,31.31,30.99,31.3,340769
2018-04-03 22:30:00,31.31,31.32,31.12,31.3,716721
2018-04-04 16:30:00,30.74,31.13,30.51,31.12,188844
2018-04-04 17:00:00,31.12,31.35,31.08,31.17,418555
2018-04-04 17:30:00,31.17,31.34,31.08,31.32,185904
2018-04-04 18:00:00,31.31,31.44,31.2,31.36,88583
2018-04-04 18:30:00,31.36,31.4,31.17,31.3,224908
2018-04-04 19:00:00,31.31,31.45,31.26,31.35,96167
2018-04-04 19:30:00,31.37,31.54,31.31,31.44,175264
2018-04-04 20:00:00,31.45,31.46,31.24,31.29,179000
2018-04-04 20:30:00,31.28,31.34,31.22,31.29,115391
2018-04-04 21:00:00,31.28,31.65,31.27,31.65,221564
2018-04-04 21:30:00,31.65,31.68,31.47,31.64,115937
2018-04-04 22:00:00,31.63,31.76,31.56,31.73,228251
2018-04-04 22:30:00,31.73,31.82,31.68,31.72,441296
2018-04-05 16:30:00,31.9,32.0,31.48,31.69,304486
2018-04-05 17:00:00,31.69,31.78,31.59,31.7,135184
2018-04-05 17:30:00,31.7,31.77,31.59,31.59,99410
2018-04-05 18:00:00,31.59,31.96,31.59,31.93,93056
2018-04-05 18:30:00,31.92,32.01,31.88,31.97,88565
2018-04-05 19:00:00,31.96,31.98,31.76,31.86,158288
2018-04-05 19:30:00,31.86,31.88,31.77,31.86,95120
2018-04-05 20:00:00,31.86,31.9,31.73,31.75,60524
2018-04-05 20:30:00,31.74,31.83,31.66,31.75,94544
2018-04-05 21:00:00,31.76,31.79,31.64,31.76,156448
2018-04-05 21:30:00,31.76,31.97,31.76,31.95,126649
2018-04-05 22:00:00,31.96,31.98,31.85,31.88,131505
2018-04-05 22:30:00,31.88,31.89,31.74,31.79,543752
2018-04-06 16:30:00,31.28,31.51,31.18,31.45,222074
2018-04-06 17:00:00,31.45,31.47,31.25,31.34,193897
2018-04-06 17:30:00,31.34,31.36,31.08,31.1,143417
2018-04-06 18:00:00,31.1,31.15,30.99,31.05,170588
2018-04-06 18:30:00,31.06,31.23,31.05,31.21,125492
2018-04-06 19:00:00,31.2,31.25,31.04,31.05,106979
2018-04-06 19:30:00,31.05,31.29,31.04,31.29,115240
2018-04-06 20:00:00,31.28,31.28,31.11,31.22,119331
2018-04-06 20:30:00,31.23,31.27,30.86,30.87,132001
2018-04-06 21:00:00,30.87,30.92,30.66,30.67,238815
2018-04-06 21:30:00,30.66,30.71,30.4,30.48,211945
2018-04-06 22:00:00,30.5,30.63,30.38,30.51,243080
2018-04-06 22:30:00,30.51,30.8,30.49,30.7,582713
2018-04-09 16:30:00,30.92,31.07,30.76,30.98,212682
2018-04-09 17:00:00,30.98,31.03,30.85,30.95,97721
2018-04-09 17:30:00,30.94,31.18,30.94,31.17,90989
2018-04-09 18:00:00,31.19,31.35,31.14,31.3,117005
2018-04-09 18:30:00,31.29,31.4,31.25,31.31,81315
2018-04-09 19:00:00,31.31,31.36,31.24,31.26,68411
2018-04-09 19:30:00,31.26,31.29,31.19,31.27,69040
2018-04-09 20:00:00,31.27,31.36,31.27,31.34,98408
2018-04-09 20:30:00,31.34,31.46,31.33,31.43,68954
2018-04-09 21:00:00,31.43,31.43,31.22,31.23,83455
2018-04-09 21:30:00,31.23,31.26,31.12,31.2,88336
2018-04-09 22:00:00,31.2,31.23,30.94,30.99,256261
2018-04-09 22:30:00,30.98,31.01,30.6,30.65,675405
2018-04-10 16:30:00,31.17,31.28,31.01,31.12,270928
2018-04-10 17:00:00,31.11,31.48,31.11,31.38,218852
2018-04-10 17:30:00,31.39,31.49,31.33,31.34,141517
2018-04-10 18:00:00,31.34,31.44,31.28,31.37,122637
2018-04-10 18:30:00,31.36,31.48,31.23,31.39,118032
2018-04-10 19:00:00,31.4,31.43,31.06,31.13,157808
2018-04-10 19:30:00,31.12,31.34,31.12,31.29,100201
2018-04-10 20:00:00,31.29,31.45,31.26,31.4,122034
2018-04-10 20:30:00,31.41,31.46,31.23,31.36,142166
2018-04-10 21:00:00,31.37,31.44,31.31,31.32,99071
2018-04-10 21:30:00,31.33,31.37,31.17,31.34,179914
2018-04-10 22:00:00,31.34,31.4,31.22,31.32,163085
2018-04-10 22:30:00,31.32,31.35,31.23,31.28,335330
2018-04-11 16:30:00,30.83,30.97,30.75,30.92,382984
2018-04-11 17:00:00,30.92,30.99,30.84,30.98,329078
2018-04-11 17:30:00,30.98,31.08,30.55,30.55,238396
2018-04-11 18:00:00,30.55,30.61,30.49,30.6,169591
2018-04-11 18:30:00,30.59,30.72,30.59,30.71,243885
2018-04-11 19:00:00,30.7,30.82,30.7,30.75,164719
2018-04-11 19:30:00,30.75,30.78,30.61,30.64,143051
2018-04-11 20:00:00,30.65,30.72,30.58,30.6,111719
2018-04-11 20:30:00,30.61,30.7,30.56,30.68,99842
2018-04-11 21:00:00,30.69,30.75,30.59,30.62,115319
2018-04-11 21:30:00,30.62,30.71,30.57,30.67,168321
2018-04-11 22:00:00,30.67,30.71,30.52,30.54,202121
2018-04-11 22:30:00,30.55,30.67,30.54,30.59,387948
2018-04-12 16:30:00,30.87,31.14,30.84,31.12,244158
2018-04-12 17:00:00,31.12,31.13,30.93,30.95,197841
2018-04-12 17:30:00,30.96,30.98,30.81,30.85,123182
2018-04-12 18:00:00,30.84,31.06,30.83,30.97,111464
2018-04-12 18:30:00,30.97,31.0,30.84,30.93,160185
2018-04-12 19:00:00,30.94,30.98,30.87,30.93,73752
2018-04-12 19:30:00,30.93,31.01,30.91,30.97,88187
2018-04-12 20:00:00,30.97,31.01,30.7,30.72,137560
2018-04-12 20:30:00,30.71,30.88,30.69,30.78,104080
2018-04-12 21:00:00,30.78,30.96,30.76,30.94,99575
2018-04-12 21:30:00,30.94,30.97,30.85,30.94,87435
2018-04-12 22:00:00,30.95,31.03,30.89,31.0,128130
2018-04-12 22:30:00,31.0,31.01,30.81,30.82,370046
2018-04-13 16:30:00,30.99,31.06,30.86,30.86,199278
2018-04-13 17:00:00,30.83,30.87,30.59,30.62,151422
2018-04-13 17:30:00,30.62,30.72,30.54,30.54,105051
2018-04-13 18:00:00,30.54,30.67,30.47,30.66,148550
2018-04-13 18:30:00,30.65,30.79,30.65,30.76,139115
2018-04-13 19:00:00,30.76,30.82,30.72,30.79,211154
2018-04-13 19:30:00,30.78,30.78,30.6,30.67,67790
2018-04-13 20:00:00,30.67,30.8,30.66,30.8,67687
2018-04-13 20:30:00,30.8,30.81,30.73,30.75,83037
2018-04-13 21:00:00,30.76,30.76,30.62,30.67,81088
2018-04-13 21:30:00,30.67,30.73,30.58,30.62,100976
2018-04-13 22:00:00,30.61,30.61,30.4,30.43,221308
2018-04-13 22:30:00,30.42,30.57,30.39,30.53,340163
2018-04-16 16:30:00,30.78,30.9,30.65,30.78,260861
2018-04-16 17:00:00,30.78,31.01,30.78,31.01,168378
2018-04-16 17:30:00,31.02,31.03,30.88,30.92,251699
2018-04-16 18:00:00,30.92,31.11,30.92,31.09,115673
2018-04-16 18:30:00,31.09,31.09,30.86,30.98,105267
2018-04-16 19:00:00,31.0,31.03,30.93,30.94,56430
2018-04-16 19:30:00,30.94,31.04,30.87,31.01,55521
2018-04-16 20:00:00,31.0,31.05,30.97,31.01,123786
2018-04-16 20:30:00,31.01,31.12,31.0,31.08,60874
2018-04-16 21:00:00,31.08,31.08,30.92,30.96,78521
2018-04-16 21:30:00,30.95,31.03,30.92,30.96,70995
2018-04-16 22:00:00,30.96,31.01,30.87,30.95,93284
2018-04-16 22:30:00,30.94,31.0,30.85,30.86,254722
2018-04-17 16:30:00,31.16,31.22,30.95,31.14,158316
2018-04-17 17:00:00,31.14,31.27,31.13,31.24,147572
2018-04-17 17:30:00,31.24,31.34,31.24,31.29,122424
2018-04-17 18:00:00,31.29,31.4,31.24,31.38,145168
2018-04-17 18:30:00,31.38,31.38,31.24,31.36,119475
2018-04-17 19:00:00,31.36,31.42,31.34,31.4,106591
2018-04-17 19:30:00,31.4,31.41,31.29,31.35,170376
2018-04-17 20:00:00,31.34,31.37,31.21,31.28,89960
2018-04-17 20:30:00,31.28,31.28,31.2,31.25,70290
2018-04-17 21:00:00,31.25,31.26,31.05,31.07,111718
2018-04-17 21:30:00,31.08,31.12,31.03,31.08,93871
2018-04-17 22:00:00,31.07,31.26,31.06,31.22,237475
2018-04-17 22:30:00,31.23,31.27,31.13,31.13,262688
2018-04-18 16:30:00,31.2,31.42,31.16,31.29,200037
2018-04-18 17:00:00,31.29,31.32,31.09,31.32,141834
2018-04-18 17:30:00,31.32,31.5,31.17,31.44,406045
2018-04-18 18:00:00,31.43,31.53,31.35,31.35,256119
2018-04-18 18:30:00,31.36,31.39,31.26,31.32,88121
2018-04-18 19:00:00,31.33,31.37,31.22,31.22,71795
2018-04-18 19:30:00,31.22,31.25,31.15,31.24,60168
2018-04-18 20:00:00,31.25,31.29,31.23,31.25,66116
2018-04-18 20:30:00,31.25,31.29,31.16,31.16,78278
2018-04-18 21:00:00,31.16,31.24,31.13,31.2,88639
2018-04-18 21:30:00,31.2,31.22,31.12,31.17,100513
2018-04-18 22:00:00,31.18,31.26,31.15,31.21,133190
2018-04-18 22:30:00,31.2,31.24,31.11,31.11,420440
2018-04-19 16:30:00,31.15,31.41,30.99,31.12,290910
2018-04-19 17:00:00,31.11,31.19,30.92,31.15,146579
2018-04-19 17:30:00,31.16,31.26,31.09,31.11,97538
2018-04-19 18:00:00,31.11,31.16,31.06,31.14,97099
2018-04-19 18:30:00,31.14,31.18,31.09,31.12,76121
2018-04-19 19:00:00,31.13,31.14,31.05,31.06,93272
2018-04-19 19:30:00,31.06,31.08,30.98,30.98,140715
2018-04-19 20:00:00,30.98,30.99,30.91,30.95,65904
2018-04-19 20:30:00,30.95,31.09,30.94,31.07,52359
2018-04-19 21:00:00,31.06,31.08,30.91,30.96,148634
2018-04-19 21:30:00,30.96,31.15,30.96,31.14,64636
2018-04-19 22:00:00,31.14,31.18,31.09,31.1,89307
2018-04-19 22:30:00,31.09,31.24,31.06,31.23,303357
2018-04-20 16:30:00,31.3,31.47,31.08,31.13,310219
2018-04-20 17:00:00,31.12,31.12,30.85,30.96,195507
2018-04-20 17:30:00,30.96,31.08,30.93,30.96,196770
2018-04-20 18:00:00,30.95,30.97,30.72,30.81,236323
2018-04-20 18:30:00,30.82,31.04,30.82,31.01,117848
2018-04-20 19:00:00,31.01,31.01,30.92,30.96,90354
2018-04-20 19:30:00,30.96,31.03,30.9,30.94,175915
2018-04-20 20:00:00,30.93,31.08,30.89,31.05,126939
2018-04-20 20:30:00,31.05,31.11,31.02,31.08,84412
2018-04-20 21:00:00,31.07,31.12,31.03,31.1,105311
2018-04-20 21:30:00,31.09,31.11,30.99,31.03,100202
2018-04-20 22:00:00,31.03,31.03,30.88,30.95,176159
2018-04-20 22:30:00,30.95,31.08,30.91,31.07,346924
2018-04-23 16:30:00,31.08,31.29,31.01,31.29,213776
2018-04-23 17:00:00,31.32,31.37,31.24,31.25,231351
2018-04-23 17:30:00,31.26,31.34,31.16,31.23,161592
2018-04-23 18:00:00,31.24,31.47,31.2,31.39,144437
2018-04-23 18:30:00,31.39,31.4,31.23,31.32,106288
2018-04-23 19:00:00,31.33,31.35,31.15,31.15,64613
2018-04-23 19:30:00,31.17,31.2,31.1,31.14,83428
2018-04-23 20:00:00,31.14,31.16,31.08,31.11,61015
2018-04-23 20:30:00,31.12,31.14,31.07,31.09,277461
2018-04-23 21:00:00,31.1,31.11,30.91,30.98,131049
2018-04-23 21:30:00,30.97,31.03,30.86,30.9,119741
2018-04-23 22:00:00,30.89,30.99,30.89,30.93,133801
2018-04-23 22:30:00,30.93,31.03,30.91,30.98,549252
2018-04-24 16:30:00,31.18,31.28,30.99,31.02,241424
2018-04-24 17:00:00,31.03,31.18,30.95,31.05,150633
2018-04-24 17:30:00,31.05,31.1,30.95,30.97,110483
2018-04-24 18:00:00,30.97,31.07,30.88,31.06,128724
2018-04-24 18:30:00,31.08,31.08,30.98,30.98,123701
2018-04-24 19:00:00,30.98,31.0,30.85,30.91,94692
2018-04-24 19:30:00,30.91,30.92,30.67,30.67,84649
2018-04-24 20:00:00,30.67,30.77,30.66,30.69,87607
2018-04-24 20:30:00,30.69,30.72,30.52,30.56,105767
2018-04-24 21:00:00,30.56,30.7,30.45,30.54,123273
2018-04-24 21:30:00,30.54,30.61,30.48,30.53,149594
2018-04-24 22:00:00,30.54,30.73,30.52,30.64,210463
2018-04-24 22:30:00,30.64,30.64,30.47,30.64,569395
2018-04-25 16:30:00,30.52,30.79,30.48,30.54,207030
2018-04-25 17:00:00,30.55,30.8,30.49,30.73,108928
2018-04-25 17:30:00,30.73,31.01,30.73,30.82,358946
2018-04-25 18:00:00,30.81,30.92,30.73,30.85,224427
2018-04-25 18:30:00,30.86,30.87,30.55,30.56,113477
2018-04-25 19:00:00,30.56,30.71,30.55,30.71,78301
2018-04-25 19:30:00,30.7,30.81,30.68,30.69,133997
2018-04-25 20:00:00,30.69,30.75,30.63,30.67,197385
2018-04-25 20:30:00,30.68,30.79,30.66,30.77,233000
2018-04-25 21:00:00,30.76,30.79,30.6,30.69,276664
2018-04-25 21:30:00,30.69,30.87,30.67,30.87,216394
2018-04-25 22:00:00,30.87,30.89,30.72,30.8,366101
2018-04-25 22:30:00,30.79,30.83,30.59,30.75,755753
2018-04-26 16:30:00,30.4,30.43,29.19,29.74,944777
2018-04-26 17:00:00,29.73,29.73,29.46,29.47,485941
2018-04-26 17:30:00,29.48,29.85,29.43,29.8,330197
2018-04-26 18:00:00,29.8,29.96,29.79,29.87,333500
2018-04-26 18:30:00,29.87,29.94,29.61,29.64,350505
2018-04-26 19:00:00,29.63,29.64,29.46,29.47,203269
2018-04-26 19:30:00,29.47,29.55,29.4,29.51,198140
2018-04-26 20:00:00,29.5,29.52,29.44,29.52,231014
2018-04-26 20:30:00,29.53,29.72,29.51,29.72,176724
2018-04-26 21:00:00,29.73,29.78,29.61,29.72,232482
2018-04-26 21:30:00,29.72,29.99,29.72,29.95,443884
2018-04-26 22:00:00,29.96,30.01,29.73,29.83,486110
2018-04-26 22:30:00,29.83,29.92,29.76,29.86,825067
2018-04-27 16:30:00,29.64,29.75,29.27,29.63,460343
2018-04-27 17:00:00,29.63,29.76,29.49,29.72,351100
2018-04-27 17:30:00,29.72,29.78,29.6,29.68,421219
2018-04-27 18:00:00,29.69,29.78,29.68,29.76,269344
2018-04-27 18:30:00,29.76,29.78,29.68,29.68,200068
2018-04-27 19:00:00,29.69,29.73,29.6,29.65,185102
2018-04-27 19:30:00,29.64,29.73,29.59,29.69,130590
2018-04-27 20:00:00,29.69,29.71,29.63,29.65,121198
2018-04-27 20:30:00,29.66,29.71,29.61,29.69,111199
2018-04-27 21:00:00,29.69,29.7,29.61,29.65,139676
2018-04-27 21:30:00,29.65,29.66,29.49,29.52,207995
2018-04-27 22:00:00,29.52,29.58,29.5,29.51,178895
2018-04-27 22:30:00,29.51,29.62,29.5,29.59,445806
2018-04-30 16:30:00,29.67,29.84,29.6,29.6,246703
2018-04-30 17:00:00,29.59,29.61,29.23,29.3,345738
2018-04-30 17:30:00,29.3,29.53,29.28,29.5,224349
2018-04-30 18:00:00,29.5,29.58,29.37,29.39,212735
2018-04-30 18:30:00,29.39,29.4,29.24,29.32,181293
2018-04-30 19:00:00,29.3,29.38,29.27,29.38,109206
2018-04-30 19:30:00,29.37,29.37,29.22,29.28,131775
2018-04-30 20:00:00,29.27,29.29,29.16,29.18,204392
2018-04-30 20:30:00,29.19,29.21,29.08,29.2,215879
2018-04-30 21:00:00,29.21,29.22,29.04,29.14,236686
2018-04-30 21:30:00,29.13,29.18,29.05,29.18,150187
2018-04-30 22:00:00,29.17,29.21,29.06,29.08,315369
2018-04-30 22:30:00,29.07,29.12,28.93,28.95,736584
2018-05-01 16:30:00,28.84,29.02,28.76,28.87,240215
2018-05-01 17:00:00,28.86,28.87,28.57,28.59,235175
2018-05-01 17:30:00,28.59,28.65,28.45,28.46,271804
2018-05-01 18:00:00,28.46,28.5,28.4,28.46,204426
2018-05-01 18:30:00,28.46,28.52,28.3,28.3,318116
2018-05-01 19:00:00,28.3,28.31,28.14,28.23,519661
2018-05-01 19:30:00,28.23,28.26,28.16,28.19,214552
2018-05-01 20:00:00,28.19,28.19,28.04,28.09,165842
2018-05-01 20:30:00,28.09,28.36,28.09,28.35,209767
2018-05-01 21:00:00,28.35,28.41,28.32,28.35,224524
2018-05-01 21:30:00,28.35,28.47,28.32,28.39,241231
2018-05-01 22:00:00,28.39,28.4,28.16,28.18,401952
2018-05-01 22:30:00,28.18,28.46,28.17,28.43,588786
2018-05-02 16:30:00,28.44,28.44,28.24,28.25,184438
2018-05-02 17:00:00,28.25,28.41,28.24,28.3,156477
2018-05-02 17:30:00,28.3,28.41,28.28,28.35,118097
2018-05-02 18:00:00,28.35,28.46,28.33,28.38,123621
2018-05-02 18:30:00,28.37,28.38,28.3,28.36,112415
2018-05-02 19:00:00,28.36,28.48,28.32,28.44,92331
2018-05-02 19:30:00,28.44,28.45,28.38,28.4,87902
2018-05-02 20:00:00,28.41,28.48,28.39,28.39,91279
2018-05-02 20:30:00,28.39,28.41,28.33,28.35,89311
2018-05-02 21:00:00,28.34,28.46,28.3,28.4,132967
2018-05-02 21:30:00,28.4,28.48,28.38,28.4,148355
2018-05-02 22:00:00,28.4,28.44,28.24,28.29,194033
2018-05-02 22:30:00,28.3,28.3,28.08,28.14,717202
2018-05-03 16:30:00,28.0,28.05,27.85,27.93,164040
2018-05-03 17:00:00,27.93,27.93,27.6,27.62,210278
2018-05-03 17:30:00,27.62,27.65,27.35,27.41,342627
2018-05-03 18:00:00,27.41,27.62,27.4,27.5,237372
2018-05-03 18:30:00,27.5,27.65,27.44,27.62,138000
2018-05-03 19:00:00,27.62,27.72,27.52,27.53,200791
2018-05-03 19:30:00,27.53,27.87,27.52,27.85,157466
2018-05-03 20:00:00,27.85,27.86,27.66,27.68,163471
2018-05-03 20:30:00,27.68,27.83,27.68,27.76,153586
2018-05-03 21:00:00,27.76,27.85,27.71,27.85,171855
2018-05-03 21:30:00,27.85,27.98,27.82,27.84,193003
2018-05-03 22:00:00,27.85,28.01,27.85,28.0,274460
2018-05-03 22:30:00,28.01,28.03,27.87,27.97,560852
2018-05-04 16:30:00,27.77,28.06,27.7,28.03,176053
2018-05-04 17:00:00,28.03,28.22,28.01,28.22,218800
2018-05-04 17:30:00,28.22,28.4,28.22,28.36,155137
2018-05-04 18:00:00,28.37,28.48,28.34,28.45,124899
2018-05-04 18:30:00,28.44,28.52,28.43,28.52,98344
2018-05-04 19:00:00,28.52,28.54,28.44,28.51,79680
2018-05-04 19:30:00,28.52,28.56,28.49,28.56,109524
2018-05-04 20:00:00,28.55,28.66,28.54,28.59,198052
2018-05-04 20:30:00,28.58,28.65,28.58,28.64,58088
2018-05-04 21:00:00,28.65,28.73,28.63,28.73,95946
2018-05-04 21:30:00,28.73,28.73,28.54,28.56,178561
2018-05-04 22:00:00,28.56,28.62,28.5,28.54,139334
2018-05-04 22:30:00,28.54,28.56,28.36,28.4,550764
2018-05-07 16:30:00,28.48,28.48,28.18,28.39,384549
2018-05-07 17:00:00,28.39,28.44,28.12,28.19,219156
2018-05-07 17:30:00,28.19,28.3,28.14,28.29,199211
2018-05-07 18:00:00,28.29,28.4,28.21,28.37,248575
2018-05-07 18:30:00,28.37,28.41,28.29,28.33,196824
2018-05-07 19:00:00,28.33,28.45,28.31,28.43,160662
2018-05-07 19:30:00,28.43,28.48,28.37,28.42,140499
2018-05-07 20:00:00,28.41,28.5,28.38,28.46,110459
2018-05-07 20:30:00,28.46,28.55,28.44,28.48,137894
2018-05-07 21:00:00,28.47,28.57,28.47,28.57,121787
2018-05-07 21:30:00,28.56,28.59,28.41,28.43,173875
2018-05-07 22:00:00,28.43,28.52,28.37,28.43,251506
2018-05-07 22:30:00,28.43,28.49,28.39,28.47,417061
2018-05-08 16:30:00,28.37,28.39,28.18,28.31,344990
2018-05-08 17:00:00,28.31,28.39,28.22,28.25,218207
2018-05-08 17:30:00,28.24,28.4,28.23,28.34,179691
2018-05-08 18:00:00,28.34,28.44,28.27,28.31,216994
2018-05-08 18:30:00,28.3,28.31,28.2,28.2,196907
2018-05-08 19:00:00,28.2,28.23,28.11,28.12,139026
2018-05-08 19:30:00,28.12,28.16,28.01,28.04,170915
2018-05-08 20:00:00,28.04,28.12,28.02,28.1,176487
2018-05-08 20:30:00,28.11,28.13,28.01,28.02,149246
2018-05-08 21:00:00,28.02,28.06,27.93,27.96,272769
2018-05-08 21:30:00,27.97,28.0,27.83,27.98,348773
2018-05-08 22:00:00,27.98,28.18,27.94,28.12,301453
2018-05-08 22:30:00,28.13,28.2,28.11,28.13,494436
2018-05-09 16:30:00,28.32,28.37,28.13,28.15,246134
2018-05-09 17:00:00,28.15,28.15,27.89,27.9,180811
2018-05-09 17:30:00,27.9,27.94,27.74,27.76,350013
2018-05-09 18:00:00,27.76,27.79,27.63,27.72,212452
2018-05-09 18:30:00,27.73,27.89,27.71,27.88,193853
2018-05-09 19:00:00,27.87,28.02,27.86,28.0,140650
2018-05-09 19:30:00,28.0,28.1,27.99,28.06,126457
2018-05-09 20:00:00,28.06,28.11,28.03,28.09,96824
2018-05-09 20:30:00,28.08,28.14,27.65,28.05,4550352
2018-05-09 21:00:00,28.05,28.23,27.94,28.03,766207
2018-05-09 21:30:00,28.03,28.06,27.97,28.02,363919
2018-05-09 22:00:00,28.02,28.08,27.89,27.91,450208
2018-05-09 22:30:00,27.9,28.0,27.9,27.99,991258
2018-05-10 16:30:00,27.81,28.17,27.79,28.11,350844
2018-05-10 17:00:00,28.12,28.15,28.02,28.14,353953
2018-05-10 17:30:00,28.15,28.39,28.14,28.24,325021
2018-05-10 18:00:00,28.25,28.29,28.19,28.23,173880
2018-05-10 18:30:00,28.23,28.32,28.19,28.26,235935
2018-05-10 19:00:00,28.27,28.32,28.24,28.31,126164
2018-05-10 19:30:00,28.32,28.42,28.32,28.41,158346
2018-05-10 20:00:00,28.41,28.43,28.27,28.27,132765
2018-05-10 20:30:00,28.27,28.33,28.24,28.32,183380
2018-05-10 21:00:00,28.32,28.37,28.28,28.34,119468
2018-05-10 21:30:00,28.33,28.33,28.15,28.19,223717
2018-05-10 22:00:00,28.18,28.21,28.07,28.1,277444
2018-05-10 22:30:00,28.09,28.17,28.07,28.14,570893
2018-05-11 16:30:00,28.23,28.29,28.1,28.22,185099
2018-05-11 17:00:00,28.22,28.34,28.21,28.24,141609
2018-05-11 17:30:00,28.25,28.29,28.18,28.24,84800
2018-05-11 18:00:00,28.23,28.24,28.12,28.22,102672
2018-05-11 18:30:00,28.22,28.27,28.12,28.13,376789
2018-05-11 19:00:00,28.14,28.18,28.06,28.08,113668
2018-05-11 19:30:00,28.07,28.13,28.05,28.07,116786
2018-05-11 20:00:00,28.08,28.11,28.06,28.08,86221
2018-05-11 20:30:00,28.07,28.1,27.98,28.02,149896
2018-05-11 21:00:00,28.02,28.08,27.94,28.04,157642
2018-05-11 21:30:00,28.05,28.1,28.03,28.09,82211
2018-05-11 22:00:00,28.09,28.16,28.09,28.11,116819
2018-05-11 22:30:00,28.11,28.2,28.07,28.2,639894
2018-05-14 16:30:00,28.26,28.41,28.18,28.32,257288
2018-05-14 17:00:00,28.33,28.45,28.3,28.43,120542
2018-05-14 17:30:00,28.42,28.48,28.41,28.43,140514
2018-05-14 18:00:00,28.41,28.47,28.36,28.4,152627
2018-05-14 18:30:00,28.4,28.49,28.4,28.48,120379
2018-05-14 19:00:00,28.48,28.57,28.44,28.47,120528
2018-05-14 19:30:00,28.45,28.49,28.42,28.46,139019
2018-05-14 20:00:00,28.45,28.48,28.4,28.47,300491
2018-05-14 20:30:00,28.47,28.56,28.44,28.52,122546
2018-05-14 21:00:00,28.53,28.55,28.44,28.54,146992
2018-05-14 21:30:00,28.55,28.68,28.52,28.67,326518
2018-05-14 22:00:00,28.66,28.69,28.64,28.69,372534
2018-05-14 22:30:00,28.68,28.69,28.5,28.55,727775
2018-05-15 16:30:00,28.33,28.5,28.3,28.36,212687
2018-05-15 17:00:00,28.35,28.42,28.3,28.37,152173
2018-05-15 17:30:00,28.37,28.52,28.36,28.43,129975
2018-05-15 18:00:00,28.43,28.48,28.39,28.42,75036
2018-05-15 18:30:00,28.42,28.47,28.37,28.38,128994
2018-05-15 19:00:00,28.39,28.41,28.33,28.38,125386
2018-05-15 19:30:00,28.38,28.53,28.38,28.47,74405
2018-05-15 20:00:00,28.46,28.47,28.39,28.41,96221
2018-05-15 20:30:00,28.41,28.44,28.36,28.36,121875
2018-05-15 21:00:00,28.37,28.46,28.36,28.41,111164
2018-05-15 21:30:00,28.42,28.5,28.36,28.38,96347
2018-05-15 22:00:00,28.38,28.4,28.3,28.34,121012
2018-05-15 22:30:00,28.32,28.43,28.31,28.42,459371
2018-05-16 16:30:00,28.35,28.69,28.33,28.65,168071
2018-05-16 17:00:00,28.65,28.66,28.5,28.53,128343
2018-05-16 17:30:00,28.54,28.6,28.53,28.55,53028
2018-05-16 18:00:00,28.54,28.54,28.43,28.48,91589
2018-05-16 18:30:00,28.48,28.61,28.47,28.61,70300
2018-05-16 19:00:00,28.61,28.77,28.6,28.76,87859
2018-05-16 19:30:00,28.75,28.8,28.68,28.69,65836
2018-05-16 20:00:00,28.7,28.73,28.62,28.63,74071
2018-05-16 20:30:00,28.63,28.7,28.63,28.69,125301
2018-05-16 21:00:00,28.69,28.73,28.66,28.68,101822
2018-05-16 21:30:00,28.68,28.7,28.63,28.64,82529
2018-05-16 22:00:00,28.64,28.64,28.49,28.5,123445
2018-05-16 22:30:00,28.49,28.54,28.46,28.52,360442
2018-05-17 16:30:00,28.5,28.66,28.38,28.66,205763
2018-05-17 17:00:00,28.66,28.75,28.64,28.74,96790
2018-05-17 17:30:00,28.73,28.79,28.72,28.75,72635
2018-05-17 18:00:00,28.75,28.82,28.69,28.79,90349
2018-05-17 18:30:00,28.78,28.85,28.74,28.78,68594
2018-05-17 19:00:00,28.78,28.83,28.76,28.79,55268
2018-05-17 19:30:00,28.79,28.82,28.71,28.75,56004
2018-05-17 20:00:00,28.75,28.79,28.7,28.76,92853
2018-05-17 20:30:00,28.76,28.77,28.62,28.62,77711
2018-05-17 21:00:00,28.62,28.71,28.56,28.71,101382
2018-05-17 21:30:00,28.71,28.74,28.68,28.73,96367
2018-05-17 22:00:00,28.74,28.75,28.59,28.59,129920
2018-05-17 22:30:00,28.59,28.65,28.56,28.64,379351
2018-05-18 16:30:00,28.65,28.65,28.44,28.46,223526
2018-05-18 17:00:00,28.47,28.68,28.46,28.63,127523
2018-05-18 17:30:00,28.63,28.65,28.5,28.64,101795
2018-05-18 18:00:00,28.65,28.71,28.62,28.62,90973
2018-05-18 18:30:00,28.62,28.71,28.61,28.7,87524
2018-05-18 19:00:00,28.69,28.71,28.64,28.67,109648
2018-05-18 19:30:00,28.68,28.72,28.64,28.68,93742
2018-05-18 20:00:00,28.67,28.73,28.62,28.69,62523
2018-05-18 20:30:00,28.69,28.7,28.63,28.69,104786
2018-05-18 21:00:00,28.68,28.69,28.61,28.65,88333
2018-05-18 21:30:00,28.65,28.69,28.63,28.65,82223
2018-05-18 22:00:00,28.65,28.67,28.6,28.67,143581
2018-05-18 22:30:00,28.67,28.72,28.61,28.64,685829
2018-05-21 16:30:00,28.88,28.91,28.76,28.79,186931
2018-05-21 17:00:00,28.8,28.83,28.65,28.82,164738
2018-05-21 17:30:00,28.82,28.89,28.81,28.84,73422
2018-05-21 18:00:00,28.84,28.87,28.73,28.73,122499
2018-05-21 18:30:00,28.73,28.75,28.68,28.73,74527
2018-05-21 19:00:00,28.73,28.75,28.66,28.66,116716
2018-05-21 19:30:00,28.67,28.68,28.61,28.63,103876
2018-05-21 20:00:00,28.64,28.75,28.62,28.72,69170
2018-05-21 20:30:00,28.72,28.77,28.71,28.75,101979
2018-05-21 21:00:00,28.75,28.75,28.67,28.67,115307
2018-05-21 21:30:00,28.67,28.72,28.65,28.68,118088
2018-05-21 22:00:00,28.69,28.71,28.6,28.6,96639
2018-05-21 22:30:00,28.61,28.64,28.55,28.63,333702
2018-05-22 16:30:00,28.71,28.82,28.64,28.72,142095
2018-05-22 17:00:00,28.71,28.92,28.7,28.81,161606
2018-05-22 17:30:00,28.81,28.86,28.7,28.76,74990
2018-05-22 18:00:00,28.76,28.85,28.76,28.8,106608
2018-05-22 18:30:00,28.8,28.81,28.74,28.78,86990
2018-05-22 19:00:00,28.79,28.85,28.78,28.84,97398
2018-05-22 19:30:00,28.84,28.88,28.8,28.86,47721
2018-05-22 20:00:00,28.87,28.91,28.85,28.91,155908
2018-05-22 20:30:00,28.91,28.91,28.84,28.87,56919
2018-05-22 21:00:00,28.88,28.98,28.87,28.94,199925
2018-05-22 21:30:00,28.93,28.98,28.84,28.86,118298
2018-05-22 22:00:00,28.86,28.96,28.84,28.95,208657
2018-05-22 22:30:00,28.94,28.95,28.74,28.8,648309
2018-05-23 16:30:00,28.6,28.69,28.32,28.48,335468
2018-05-23 17:00:00,28.49,28.53,28.41,28.51,99464
2018-05-23 17:30:00,28.5,28.5,28.3,28.3,97692
2018-05-23 18:00:00,28.3,28.35,28.25,28.32,116323
2018-05-23 18:30:00,28.33,28.35,28.22,28.23,92644
2018-05-23 19:00:00,28.23,28.29,28.22,28.24,74955
2018-05-23 19:30:00,28.25,28.34,28.22,28.33,64664
2018-05-23 20:00:00,28.33,28.34,28.25,28.31,43659
2018-05-23 20:30:00,28.31,28.34,28.28,28.28,89710
2018-05-23 21:00:00,28.29,28.39,28.27,28.33,85130
2018-05-23 21:30:00,28.34,28.39,28.3,28.38,89801
2018-05-23 22:00:00,28.38,28.42,28.35,28.4,109605
2018-05-23 22:30:00,28.4,28.45,28.33,28.44,312922
2018-05-24 16:30:00,28.27,28.31,27.83,27.85,420625
2018-05-24 17:00:00,27.85,27.93,27.74,27.77,219993
2018-05-24 17:30:00,27.76,27.77,27.63,27.76,219882
2018-05-24 18:00:00,27.75,28.03,27.75,28.02,160250
2018-05-24 18:30:00,28.02,28.17,28.02,28.17,129828
2018-05-24 19:00:00,28.16,28.22,28.15,28.19,112511
2018-05-24 19:30:00,28.2,28.27,28.19,28.22,145496
2018-05-24 20:00:00,28.22,28.4,28.22,28.34,139562
2018-05-24 20:30:00,28.33,28.36,28.31,28.36,67879
2018-05-24 21:00:00,28.36,28.4,28.31,28.37,111546
2018-05-24 21:30:00,28.36,28.37,28.29,28.32,83399
2018-05-24 22:00:00,28.31,28.38,28.27,28.35,133633
2018-05-24 22:30:00,28.35,28.38,28.27,28.28,478569
2018-05-25 16:30:00,28.13,28.29,28.13,28.26,132950
2018-05-25 17:00:00,28.25,28.34,28.22,28.28,124854
2018-05-25 17:30:00,28.29,28.37,28.27,28.36,75878
2018-05-25 18:00:00,28.35,28.44,28.31,28.36,58376
2018-05-25 18:30:00,28.36,28.39,28.35,28.37,45105
2018-05-25 19:00:00,28.37,28.38,28.2,28.23,105118
2018-05-25 19:30:00,28.22,28.24,28.16,28.18,79096
2018-05-25 20:00:00,28.19,28.21,28.11,28.11,52247
2018-05-25 20:30:00,28.12,28.14,28.08,28.1,103830
2018-05-25 21:00:00,28.1,28.2,28.09,28.2,104443
2018-05-25 21:30:00,28.19,28.2,28.15,28.17,64268
2018-05-25 22:00:00,28.17,28.24,28.14,28.24,65708
2018-05-25 22:30:00,28.24,28.3,28.23,28.26,252943
2018-05-29 16:30:00,27.83,27.92,27.7,27.79,266469
2018-05-29 17:00:00,27.8,27.93,27.76,27.86,183456
2018-05-29 17:30:00,27.86,27.86,27.7,27.7,91869
2018-05-29 18:00:00,27.7,27.7,27.56,27.6,77762
2018-05-29 18:30:00,27.6,27.6,27.37,27.37,117790
2018-05-29 19:00:00,27.37,27.38,27.17,27.26,165884
2018-05-29 19:30:00,27.26,27.43,27.26,27.36,103395
2018-05-29 20:00:00,27.35,27.36,27.2,27.21,108298
2018-05-29 20:30:00,27.21,27.23,27.09,27.17,118740
2018-05-29 21:00:00,27.16,27.16,27.01,27.09,105424
2018-05-29 21:30:00,27.1,27.13,26.94,26.94,148353
2018-05-29 22:00:00,26.94,27.04,26.93,26.99,171404
2018-05-29 22:30:00,26.98,27.15,26.95,27.08,623717
2018-05-30 16:30:00,27.39,27.45,27.2,27.32,279438
2018-05-30 17:00:00,27.33,27.41,27.27,27.35,200161
2018-05-30 17:30:00,27.35,27.46,27.31,27.39,104171
2018-05-30 18:00:00,27.39,27.42,27.25,27.31,112711
2018-05-30 18:30:00,27.3,27.5,27.3,27.47,128731
2018-05-30 19:00:00,27.47,27.53,27.43,27.51,104462
2018-05-30 19:30:00,27.51,27.56,27.49,27.52,70503
2018-05-30 20:00:00,27.53,27.59,27.47,27.54,74289
2018-05-30 20:30:00,27.53,27.61,27.53,27.56,88328
2018-05-30 21:00:00,27.57,27.59,27.51,27.52,83001
2018-05-30 21:30:00,27.52,27.57,27.48,27.5,164844
2018-05-30 22:00:00,27.49,27.54,27.45,27.47,127586
2018-05-30 22:30:00,27.47,27.51,27.41,27.48,400402
2018-05-31 16:30:00,27.45,27.5,27.29,27.37,192268
2018-05-31 17:00:00,27.36,27.41,27.27,27.39,141716
2018-05-31 17:30:00,27.39,27.46,27.32,27.42,159828
2018-05-31 18:00:00,27.41,27.48,27.35,27.47,106183
2018-05-31 18:30:00,27.47,27.54,27.41,27.47,138682
2018-05-31 19:00:00,27.46,27.47,27.3,27.31,83309
2018-05-31 19:30:00,27.3,27.37,27.27,27.37,82166
2018-05-31 20:00:00,27.37,27.41,27.32,27.35,95215
2018-05-31 20:30:00,27.35,27.36,27.18,27.2,90009
2018-05-31 21:00:00,27.19,27.31,27.15,27.27,109390
2018-05-31 21:30:00,27.27,27.32,27.22,27.31,117977
2018-05-31 22:00:00,27.31,27.41,27.3,27.37,151047
2018-05-31 22:30:00,27.38,27.39,27.28,27.31,579277
2018-06-01 16:30:00,27.7,27.92,27.63,27.78,276549
2018-06-01 17:00:00,27.77,27.88,27.71,27.79,192149
2018-06-01 17:30:00,27.79,27.82,27.65,27.66,127335
2018-06-01 18:00:00,27.66,27.69,27.6,27.6,146132
2018-06-01 18:30:00,27.6,27.74,27.6,27.72,107890
2018-06-01 19:00:00,27.71,27.78,27.69,27.69,80168
2018-06-01 19:30:00,27.7,27.72,27.62,27.65,127804
2018-06-01 20:00:00,27.65,27.72,27.64,27.7,115597
2018-06-01 20:30:00,27.7,27.71,27.64,27.69,79241
2018-06-01 21:00:00,27.69,27.71,27.59,27.64,116019
2018-06-01 21:30:00,27.63,27.71,27.62,27.69,117852
2018-06-01 22:00:00,27.69,27.7,27.59,27.64,129667
2018-06-01 22:30:00,27.64,27.71,27.63,27.71,487301
2018-06-04 16:30:00,27.8,27.84,27.67,27.68,247862
2018-06-04 17:00:00,27.69,27.82,27.67,27.71,240871
2018-06-04 17:30:00,27.71,27.77,27.66,27.73,139744
2018-06-04 18:00:00,27.74,27.79,27.6,27.69,209563
2018-06-04 18:30:00,27.68,27.69,27.59,27.64,201242
2018-06-04 19:00:00,27.63,27.7,27.59,27.62,131039
2018-06-04 19:30:00,27.62,27.63,27.57,27.58,60421
2018-06-04 20:00:00,27.57,27.59,27.54,27.55,160215
2018-06-04 20:30:00,27.55,27.56,27.49,27.54,131665
2018-06-04 21:00:00,27.54,27.59,27.51,27.58,112517
2018-06-04 21:30:00,27.57,27.6,27.52,27.58,92181
2018-06-04 22:00:00,27.59,27.61,27.51,27.52,154824
2018-06-04 22:30:00,27.52,27.54,27.46,27.5,576294
2018-06-05 16:30:00,27.55,27.7,27.47,27.48,453145
2018-06-05 17:00:00,27.47,27.6,27.47,27.57,290378
2018-06-05 17:30:00,27.57,27.58,27.41,27.41,220954
2018-06-05 18:00:00,27.41,27.42,27.27,27.3,204270
2018-06-05 18:30:00,27.31,27.36,27.27,27.29,206119
2018-06-05 19:00:00,27.29,27.32,27.26,27.29,166917
2018-06-05 19:30:00,27.29,27.38,27.27,27.36,203031
2018-06-05 20:00:00,27.35,27.47,27.35,27.46,166826
2018-06-05 20:30:00,27.45,27.5,27.43,27.47,220205
2018-06-05 21:00:00,27.47,27.52,27.46,27.5,326392
2018-06-05 21:30:00,27.5,27.56,27.48,27.54,273437
2018-06-05 22:00:00,27.55,27.55,27.45,27.5,388871
2018-06-05 22:30:00,27.49,27.5,27.44,27.48,763693
2018-06-06 16:30:00,27.7,27.7,27.57,27.63,183435
2018-06-06 17:00:00,27.64,27.69,27.58,27.65,165911
2018-06-06 17:30:00,27.65,27.76,27.64,27.73,178014
2018-06-06 18:00:00,27.74,27.81,27.73,27.76,210775
2018-06-06 18:30:00,27.77,27.82,27.7,27.73,278810
2018-06-06 19:00:00,27.72,27.81,27.7,27.79,112026
2018-06-06 19:30:00,27.77,27.78,27.66,27.67,148171
2018-06-06 20:00:00,27.66,27.89,27.63,27.88,413256
2018-06-06 20:30:00,27.87,27.88,27.78,27.81,153500
2018-06-06 21:00:00,27.81,27.82,27.73,27.74,217533
2018-06-06 21:30:00,27.75,27.77,27.72,27.75,168546
2018-06-06 22:00:00,27.75,27.82,27.72,27.79,197167
2018-06-06 22:30:00,27.8,27.84,27.77,27.82,421392
2018-06-07 16:30:00,27.93,28.18,27.88,28.09,215451
2018-06-07 17:00:00,28.09,28.24,28.09,28.14,286909
2018-06-07 17:30:00,28.14,28.15,27.99,27.99,141803
2018-06-07 18:00:00,28.0,28.04,27.87,27.87,116774
2018-06-07 18:30:00,27.88,27.88,27.74,27.77,211184
2018-06-07 19:00:00,27.77,27.85,27.76,27.8,110893
2018-06-07 19:30:00,27.79,27.8,27.67,27.77,97326
2018-06-07 20:00:00,27.77,27.78,27.69,27.7,75109
2018-06-07 20:30:00,27.7,27.76,27.59,27.69,96529
2018-06-07 21:00:00,27.69,27.78,27.67,27.75,130633
2018-06-07 21:30:00,27.75,27.78,27.69,27.75,80777
2018-06-07 22:00:00,27.75,27.81,27.73,27.78,122065
2018-06-07 22:30:00,27.77,27.85,27.75,27.76,267220
2018-06-08 16:30:00,27.69,27.69,27.49,27.62,187914
2018-06-08 17:00:00,27.61,27.61,27.51,27.58,103545
2018-06-08 17:30:00,27.58,27.65,27.53,27.59,208842
2018-06-08 18:00:00,27.58,27.65,27.56,27.61,123850
2018-06-08 18:30:00,27.61,27.75,27.54,27.74,130231
2018-06-08 19:00:00,27.75,27.79,27.73,27.79,114312
2018-06-08 19:30:00,27.79,27.82,27.74,27.8,178440
2018-06-08 20:00:00,27.8,27.81,27.75,27.8,78591
2018-06-08 20:30:00,27.8,27.83,27.71,27.72,88580
2018-06-08 21:00:00,27.72,27.81,27.72,27.79,102732
2018-06-08 21:30:00,27.8,27.9,27.79,27.84,180855
2018-06-08 22:00:00,27.85,27.92,27.84,27.92,143447
2018-06-08 22:30:00,27.91,27.96,27.88,27.94,394564
2018-06-11 16:30:00,28.0,28.19,27.97,28.12,187965
2018-06-11 17:00:00,28.13,28.3,28.1,28.27,127046
2018-06-11 17:30:00,28.28,28.28,28.1,28.1,147713
2018-06-11 18:00:00,28.11,28.13,27.95,27.95,148682
2018-06-11 18:30:00,27.96,28.04,27.95,28.02,75393
2018-06-11 19:00:00,28.02,28.06,27.98,28.02,100029
2018-06-11 19:30:00,28.01,28.08,27.99,28.04,133802
2018-06-11 20:00:00,28.05,28.06,27.99,28.02,62391
2018-06-11 20:30:00,28.02,28.03,27.95,27.99,84766
2018-06-11 21:00:00,27.99,28.01,27.96,27.97,168698
2018-06-11 21:30:00,27.97,28.01,27.88,27.94,205682
2018-06-11 22:00:00,27.94,28.02,27.93,28.0,127102
2018-06-11 22:30:00,28.01,28.03,27.93,27.94,470265
2018-06-12 16:30:00,28.05,28.53,27.99,28.49,520205
2018-06-12 17:00:00,28.49,28.52,28.1,28.11,724256
2018-06-12 17:30:00,28.11,28.15,27.98,28.02,258776
2018-06-12 18:00:00,28.02,28.03,27.92,27.94,196439
2018-06-12 18:30:00,27.94,28.06,27.93,28.05,102039
2018-06-12 19:00:00,28.04,28.09,27.98,27.99,77031
2018-06-12 19:30:00,28.0,28.01,27.83,27.86,104329
2018-06-12 20:00:00,27.87,27.91,27.85,27.86,80812
2018-06-12 20:30:00,27.85,27.88,27.78,27.81,68809
2018-06-12 21:00:00,27.82,27.89,27.8,27.86,116204
2018-06-12 21:30:00,27.86,27.92,27.84,27.89,137031
2018-06-12 22:00:00,27.89,27.95,27.88,27.95,160527
2018-06-12 22:30:00,27.95,28.02,27.94,27.97,459269
2018-06-13 16:30:00,27.96,28.09,27.78,27.81,195226
2018-06-13 17:00:00,27.82,27.88,27.77,27.82,176640
2018-06-13 17:30:00,27.81,27.84,27.65,27.67,156083
2018-06-13 18:00:00,27.67,27.71,27.6,27.68,133588
2018-06-13 18:30:00,27.67,27.71,27.63,27.64,104952
2018-06-13 19:00:00,27.65,27.65,27.56,27.56,157804
2018-06-13 19:30:00,27.56,27.56,27.4,27.41,216574
2018-06-13 20:00:00,27.41,27.41,27.31,27.34,184530
2018-06-13 20:30:00,27.35,27.37,27.29,27.36,161789
2018-06-13 21:00:00,27.38,27.57,27.34,27.4,277319
2018-06-13 21:30:00,27.41,27.57,27.31,27.32,151605
2018-06-13 22:00:00,27.33,27.39,27.28,27.3,232000
2018-06-13 22:30:00,27.3,27.32,27.23,27.26,712842
2018-06-14 16:30:00,27.39,27.39,27.16,27.33,214134
2018-06-14 17:00:00,27.33,27.47,27.31,27.42,105296
2018-06-14 17:30:00,27.43,27.43,27.29,27.3,107237
2018-06-14 18:00:00,27.29,27.31,27.18,27.27,113389
2018-06-14 18:30:00,27.27,27.34,27.22,27.31,258083
2018-06-14 19:00:00,27.31,27.31,27.22,27.22,194606
2018-06-14 19:30:00,27.22,27.26,27.18,27.19,75701
2018-06-14 20:00:00,27.19,27.26,27.16,27.26,76852
2018-06-14 20:30:00,27.25,27.3,27.22,27.26,88436
2018-06-14 21:00:00,27.25,27.31,27.23,27.29,83851
2018-06-14 21:30:00,27.28,27.32,27.24,27.27,95035
2018-06-14 22:00:00,27.28,27.31,27.25,27.27,117782
2018-06-14 22:30:00,27.26,27.3,27.2,27.21,420656
2018-06-15 16:30:00,27.08,27.29,27.0,27.2,729027
2018-06-15 17:00:00,27.2,27.21,27.0,27.0,118486
2018-06-15 17:30:00,27.01,27.28,26.96,27.24,327195
2018-06-15 18:00:00,27.24,27.41,27.23,27.28,188055
2018-06-15 18:30:00,27.28,27.38,27.25,27.36,143904
2018-06-15 19:00:00,27.36,27.39,27.3,27.37,94847
2018-06-15 19:30:00,27.37,27.45,27.32,27.45,91272
2018-06-15 20:00:00,27.45,27.56,27.44,27.49,133869
2018-06-15 20:30:00,27.5,27.51,27.41,27.44,90275
2018-06-15 21:00:00,27.44,27.56,27.42,27.56,119826
2018-06-15 21:30:00,27.56,27.6,27.52,27.52,115918
2018-06-15 22:00:00,27.52,27.55,27.46,27.55,219876
2018-06-15 22:30:00,27.55,27.55,27.47,27.52,656310
2018-06-18 16:30:00,27.15,27.22,26.51,26.7,1108803
2018-06-18 17:00:00,26.7,26.76,26.51,26.59,1022567
2018-06-18 17:30:00,26.59,26.81,26.49,26.79,1099171
2018-06-18 18:00:00,26.79,26.95,26.73,26.76,525903
2018-06-18 18:30:00,26.77,26.8,26.38,26.39,473450
2018-06-18 19:00:00,26.4,26.56,26.37,26.49,448967
2018-06-18 19:30:00,26.48,26.57,26.44,26.5,495584
2018-06-18 20:00:00,26.49,26.8,26.49,26.7,545549
2018-06-18 20:30:00,26.7,26.73,26.64,26.7,331420
2018-06-18 21:00:00,26.71,27.12,26.64,26.8,695160
2018-06-18 21:30:00,26.8,26.82,26.68,26.71,474686
2018-06-18 22:00:00,26.71,26.74,26.64,26.7,715272
2018-06-18 22:30:00,26.71,26.85,26.66,26.83,1325312
2018-06-19 16:30:00,26.54,26.88,26.5,26.79,599855
2018-06-19 17:00:00,26.79,26.85,26.61,26.68,563670
2018-06-19 17:30:00,26.68,26.94,26.65,26.92,558073
2018-06-19 18:00:00,26.92,27.01,26.82,26.85,480680
2018-06-19 18:30:00,26.85,26.95,26.8,26.86,381338
2018-06-19 19:00:00,26.85,26.86,26.78,26.8,239871
2018-06-19 19:30:00,26.82,26.89,26.78,26.88,347803
2018-06-19 20:00:00,26.87,26.91,26.82,26.86,152442
2018-06-19 20:30:00,26.84,26.9,26.8,26.9,169562
2018-06-19 21:00:00,26.89,27.08,26.89,27.0,428227
2018-06-19 21:30:00,27.0,27.09,26.91,27.06,393451
2018-06-19 22:00:00,27.06,27.14,27.04,27.05,288907
2018-06-19 22:30:00,27.05,27.07,26.94,26.98,841717
2018-06-20 16:30:00,27.22,27.22,26.84,27.14,407752
2018-06-20 17:00:00,27.15,27.17,26.98,27.1,264573
2018-06-20 17:30:00,27.1,27.27,27.04,27.24,243427
2018-06-20 18:00:00,27.24,27.38,27.18,27.37,273171
2018-06-20 18:30:00,27.37,27.39,27.17,27.2,216146
2018-06-20 19:00:00,27.19,27.26,27.16,27.19,251249
2018-06-20 19:30:00,27.19,27.29,27.19,27.24,312283
2018-06-20 20:00:00,27.24,27.34,27.23,27.26,293900
2018-06-20 20:30:00,27.25,27.32,27.23,27.28,157074
2018-06-20 21:00:00,27.28,27.29,27.2,27.21,215155
2018-06-20 21:30:00,27.21,27.32,27.2,27.27,416946
2018-06-20 22:00:00,27.27,27.32,27.22,27.23,227574
2018-06-20 22:30:00,27.23,27.29,27.13,27.15,853651
2018-06-21 16:30:00,27.13,27.21,27.02,27.03,185316
2018-06-21 17:00:00,27.03,27.05,26.85,26.89,135372
2018-06-21 17:30:00,26.89,26.99,26.86,26.93,253443
2018-06-21 18:00:00,26.92,27.04,26.88,27.03,119548
2018-06-21 18:30:00,27.03,27.12,27.03,27.1,102402
2018-06-21 19:00:00,27.1,27.15,27.02,27.15,106016
2018-06-21 19:30:00,27.15,27.2,27.12,27.19,140276
2018-06-21 20:00:00,27.19,27.19,27.08,27.14,108992
2018-06-21 20:30:00,27.13,27.23,27.12,27.22,120162
2018-06-21 21:00:00,27.2,27.21,27.12,27.18,129624
2018-06-21 21:30:00,27.18,27.19,27.06,27.14,147869
2018-06-21 22:00:00,27.14,27.15,26.95,27.02,219814
2018-06-21 22:30:00,27.01,27.04,26.93,27.03,407114
2018-06-22 16:30:00,27.3,27.3,27.14,27.25,251879
2018-06-22 17:00:00,27.26,27.35,27.24,27.31,225268
2018-06-22 17:30:00,27.3,27.36,27.26,27.35,163082
2018-06-22 18:00:00,27.36,27.38,27.25,27.34,178747
2018-06-22 18:30:00,27.34,27.45,27.32,27.41,133079
2018-06-22 19:00:00,27.4,27.46,27.39,27.41,144650
2018-06-22 19:30:00,27.42,27.43,27.25,27.36,338344
2018-06-22 20:00:00,27.35,27.44,27.32,27.44,196230
2018-06-22 20:30:00,27.43,27.45,27.34,27.4,201339
2018-06-22 21:00:00,27.4,27.47,27.34,27.44,289366
2018-06-22 21:30:00,27.44,27.64,27.43,27.63,386647
2018-06-22 22:00:00,27.64,27.73,27.55,27.68,570058
2018-06-22 22:30:00,27.68,27.74,27.58,27.63,1808094
2018-06-25 16:30:00,27.27,27.33,26.95,27.0,471703
2018-06-25 17:00:00,27.01,27.06,26.88,26.97,305887
2018-06-25 17:30:00,26.97,27.11,26.95,27.08,337386
2018-06-25 18:00:00,27.09,27.11,26.87,26.94,270137
2018-06-25 18:30:00,26.94,27.1,26.9,27.09,265699
2018-06-25 19:00:00,27.09,27.1,26.92,27.05,375489
2018-06-25 19:30:00,27.06,27.15,27.01,27.14,244632
2018-06-25 20:00:00,27.15,27.22,27.08,27.14,181069
2018-06-25 20:30:00,27.14,27.29,27.13,27.26,206650
2018-06-25 21:00:00,27.26,27.34,27.23,27.33,319273
2018-06-25 21:30:00,27.33,27.35,27.23,27.31,506045
2018-06-25 22:00:00,27.31,27.36,27.24,27.33,391825
2018-06-25 22:30:00,27.33,27.55,27.29,27.4,1046681
2018-06-26 16:30:00,27.31,27.37,27.01,27.15,341397
2018-06-26 17:00:00,27.16,27.31,27.14,27.24,259601
2018-06-26 17:30:00,27.24,27.32,27.14,27.29,294671
2018-06-26 18:00:00,27.28,27.36,27.25,27.27,173794
2018-06-26 18:30:00,27.28,27.31,27.2,27.28,193592
2018-06-26 19:00:00,27.28,27.31,27.26,27.3,252407
2018-06-26 19:30:00,27.3,27.37,27.29,27.34,221854
2018-06-26 20:00:00,27.35,27.38,27.32,27.34,167788
2018-06-26 20:30:00,27.35,27.36,27.29,27.3,151460
2018-06-26 21:00:00,27.3,27.41,27.28,27.4,224084
2018-06-26 21:30:00,27.4,27.43,27.33,27.36,130159
2018-06-26 22:00:00,27.34,27.37,27.2,27.2,147312
2018-06-26 22:30:00,27.21,27.3,27.14,27.15,503429
2018-06-27 16:30:00,27.13,27.14,26.77,27.06,240177
2018-06-27 17:00:00,27.06,27.06,26.89,26.89,164119
2018-06-27 17:30:00,26.89,27.11,26.89,27.02,185687
2018-06-27 18:00:00,27.02,27.13,26.99,27.11,230242
2018-06-27 18:30:00,27.11,27.19,27.09,27.17,129260
2018-06-27 19:00:00,27.17,27.28,27.17,27.21,108321
2018-06-27 19:30:00,27.2,27.21,27.06,27.06,97993
2018-06-27 20:00:00,27.07,27.1,26.95,26.98,105302
2018-06-27 20:30:00,26.97,27.01,26.89,26.92,103143
2018-06-27 21:00:00,26.9,26.94,26.77,26.77,106835
2018-06-27 21:30:00,26.77,26.82,26.65,26.66,113158
2018-06-27 22:00:00,26.66,26.73,26.59,26.7,173287
2018-06-27 22:30:00,26.7,26.71,26.51,26.52,568123
2018-06-28 16:30:00,26.53,26.54,26.27,26.44,312061
2018-06-28 17:00:00,26.44,26.49,26.25,26.28,178828
2018-06-28 17:30:00,26.28,26.36,26.16,26.33,218246
2018-06-28 18:00:00,26.34,26.44,26.27,26.41,178589
2018-06-28 18:30:00,26.41,26.44,26.25,26.29,140629
2018-06-28 19:00:00,26.3,26.35,26.22,26.24,124666
2018-06-28 19:30:00,26.24,26.4,26.23,26.38,126009
2018-06-28 20:00:00,26.38,26.43,26.35,26.39,137375
2018-06-28 20:30:00,26.39,26.4,26.32,26.38,152790
2018-06-28 21:00:00,26.39,26.4,26.31,26.39,182129
2018-06-28 21:30:00,26.38,26.43,26.32,26.42,176974
2018-06-28 22:00:00,26.42,26.53,26.41,26.49,266578
2018-06-28 22:30:00,26.49,26.62,26.46,26.59,827801
2018-06-29 16:30:00,26.79,27.09,26.72,26.87,416298
2018-06-29 17:00:00,26.88,27.03,26.86,26.89,343337
2018-06-29 17:30:00,26.88,26.9,26.77,26.82,278000
2018-06-29 18:00:00,26.82,27.03,26.8,27.02,250595
2018-06-29 18:30:00,27.01,27.08,26.94,26.95,189542
2018-06-29 19:00:00,26.95,27.06,26.92,27.03,141297
2018-06-29 19:30:00,27.02,27.02,26.86,26.87,197042
2018-06-29 20:00:00,26.88,27.03,26.88,26.94,108763
2018-06-29 20:30:00,26.94,26.96,26.87,26.89,138186
2018-06-29 21:00:00,26.89,26.94,26.85,26.89,88691
2018-06-29 21:30:00,26.89,26.9,26.84,26.9,189503
2018-06-29 22:00:00,26.9,26.94,26.77,26.78,165085
2018-06-29 22:30:00,26.78,26.82,26.55,26.56,688416
2018-07-02 16:30:00,26.35,26.52,26.23,26.38,429793
2018-07-02 17:00:00,26.36,26.49,26.36,26.44,235234
2018-07-02 17:30:00,26.44,26.52,26.43,26.5,160416
2018-07-02 18:00:00,26.5,26.56,26.42,26.48,235857
2018-07-02 18:30:00,26.48,26.58,26.46,26.56,386233
2018-07-02 19:00:00,26.56,26.57,26.41,26.46,291443
2018-07-02 19:30:00,26.46,26.61,26.44,26.59,159444
2018-07-02 20:00:00,26.59,26.62,26.53,26.58,161393
2018-07-02 20:30:00,26.56,26.73,26.55,26.63,350915
2018-07-02 21:00:00,26.63,26.76,26.62,26.68,262340
2018-07-02 21:30:00,26.68,26.71,26.57,26.63,182293
2018-07-02 22:00:00,26.64,26.71,26.55,26.7,252375
2018-07-02 22:30:00,26.7,26.83,26.67,26.78,679640
2018-07-03 16:30:00,26.88,26.99,26.64,26.65,243900
2018-07-03 17:00:00,26.64,26.72,26.56,26.64,229021
2018-07-03 17:30:00,26.63,26.8,26.62,26.74,208924
2018-07-03 18:00:00,26.73,26.76,26.62,26.64,139293
2018-07-03 18:30:00,26.65,26.7,26.61,26.62,174186
2018-07-03 19:00:00,26.62,26.64,26.59,26.59,147320
2018-07-03 19:30:00,26.59,26.59,26.4,26.44,344775
2018-07-03 20:00:00,26.45,26.45,26.45,26.45,138226
2018-07-03 20:30:00,26.45,26.45,26.45,26.45,5170
2018-07-05 16:30:00,26.66,26.75,26.22,26.31,291323
2018-07-05 17:00:00,26.31,26.49,26.31,26.38,182842
2018-07-05 17:30:00,26.38,26.43,26.27,26.27,195090
2018-07-05 18:00:00,26.27,26.4,26.26,26.35,131010
2018-07-05 18:30:00,26.35,26.51,26.35,26.45,121332
2018-07-05 19:00:00,26.46,26.54,26.45,26.49,103344
2018-07-05 19:30:00,26.48,26.49,26.4,26.48,125447
2018-07-05 20:00:00,26.48,26.53,26.48,26.5,122461
2018-07-05 20:30:00,26.5,26.52,26.44,26.45,152334
2018-07-05 21:00:00,26.44,26.51,26.36,26.45,173116
2018-07-05 21:30:00,26.45,26.48,26.41,26.41,169307
2018-07-05 22:00:00,26.41,26.48,26.4,26.45,175530
2018-07-05 22:30:00,26.46,26.57,26.42,26.53,400413
2018-07-06 16:30:00,26.47,26.56,26.32,26.56,241152
2018-07-06 17:00:00,26.56,26.57,26.46,26.52,114994
2018-07-06 17:30:00,26.52,26.57,26.49,26.51,104759
2018-07-06 18:00:00,26.52,26.62,26.49,26.56,100455
2018-07-06 18:30:00,26.55,26.64,26.54,26.62,113203
2018-07-06 19:00:00,26.62,26.69,26.59,26.61,118887
2018-07-06 19:30:00,26.61,26.63,26.54,26.56,113840
2018-07-06 20:00:00,26.55,26.63,26.55,26.63,88845
2018-07-06 20:30:00,26.62,26.67,26.6,26.6,87210
2018-07-06 21:00:00,26.6,26.62,26.58,26.58,64634
2018-07-06 21:30:00,26.58,26.6,26.53,26.59,117153
2018-07-06 22:00:00,26.59,26.6,26.53,26.54,104952
2018-07-06 22:30:00,26.54,26.55,26.41,26.44,647560
2018-07-09 16:30:00,26.58,26.74,26.35,26.66,426959
2018-07-09 17:00:00,26.66,26.94,26.64,26.88,280985
2018-07-09 17:30:00,26.89,26.99,26.87,26.99,200464
2018-07-09 18:00:00,26.99,27.04,26.91,26.92,137977
2018-07-09 18:30:00,26.92,27.02,26.91,27.02,145621
2018-07-09 19:00:00,27.01,27.11,27.0,27.04,156632
2018-07-09 19:30:00,27.04,27.05,27.0,27.03,108632
2018-07-09 20:00:00,27.04,27.08,26.99,27.01,91683
2018-07-09 20:30:00,27.01,27.05,27.0,27.02,79988
2018-07-09 21:00:00,27.01,27.08,26.99,27.07,218982
2018-07-09 21:30:00,27.05,27.15,27.04,27.11,127803
2018-07-09 22:00:00,27.11,27.12,27.01,27.03,185048
2018-07-09 22:30:00,27.04,27.05,27.0,27.04,609641
2018-07-10 16:30:00,27.06,27.08,26.86,27.07,256351
2018-07-10 17:00:00,27.07,27.1,26.99,27.05,169939
2018-07-10 17:30:00,27.04,27.08,26.97,27.05,185440
2018-07-10 18:00:00,27.06,27.08,26.88,26.88,163414
2018-07-10 18:30:00,26.89,26.99,26.88,26.96,110601
2018-07-10 19:00:00,26.96,27.03,26.94,26.98,114097
2018-07-10 19:30:00,26.98,27.0,26.86,26.94,143468
2018-07-10 20:00:00,26.94,27.03,26.91,27.0,128835
2018-07-10 20:30:00,27.0,27.1,26.98,27.06,150127
2018-07-10 21:00:00,27.07,27.27,27.06,27.21,265955
2018-07-10 21:30:00,27.22,27.25,27.15,27.2,178864
2018-07-10 22:00:00,27.2,27.21,27.13,27.2,195242
2018-07-10 22:30:00,27.2,27.26,27.18,27.24,595198
2018-07-11 16:30:00,27.07,27.17,26.97,27.02,415003
2018-07-11 17:00:00,27.02,27.08,26.95,26.98,150175
2018-07-11 17:30:00,26.98,27.03,26.87,26.91,109980
2018-07-11 18:00:00,26.92,27.04,26.91,26.97,105568
2018-07-11 18:30:00,26.97,27.0,26.85,26.85,155787
2018-07-11 19:00:00,26.84,26.9,26.8,26.89,92389
2018-07-11 19:30:00,26.88,26.92,26.79,26.82,108248
2018-07-11 20:00:00,26.82,26.85,26.78,26.81,94479
2018-07-11 20:30:00,26.81,26.84,26.68,26.68,138326
2018-07-11 21:00:00,26.68,26.73,26.62,26.66,172613
2018-07-11 21:30:00,26.67,26.73,26.65,26.65,108103
2018-07-11 22:00:00,26.66,26.7,26.63,26.63,134320
2018-07-11 22:30:00,26.64,26.75,26.63,26.64,385353
2018-07-12 16:30:00,26.73,26.73,26.31,26.36,329754
2018-07-12 17:00:00,26.36,26.44,26.23,26.35,297783
2018-07-12 17:30:00,26.35,26.35,26.19,26.21,186773
2018-07-12 18:00:00,26.21,26.24,26.12,26.16,248470
2018-07-12 18:30:00,26.16,26.28,26.15,26.26,184770
2018-07-12 19:00:00,26.26,26.28,26.16,26.19,202067
2018-07-12 19:30:00,26.19,26.29,26.16,26.28,207725
2018-07-12 20:00:00,26.27,26.31,26.2,26.26,228335
2018-07-12 20:30:00,26.27,26.31,26.22,26.28,177484
2018-07-12 21:00:00,26.29,26.33,26.22,26.27,205479
2018-07-12 21:30:00,26.27,26.27,26.15,26.17,237400
2018-07-12 22:00:00,26.17,26.18,26.08,26.09,203491
2018-07-12 22:30:00,26.09,26.11,25.98,26.05,1156886
2018-07-13 16:30:00,25.76,25.9,25.52,25.71,512607
2018-07-13 17:00:00,25.71,25.78,25.63,25.67,309023
2018-07-13 17:30:00,25.67,25.82,25.59,25.8,207786
2018-07-13 18:00:00,25.79,25.87,25.77,25.8,334678
2018-07-13 18:30:00,25.79,25.8,25.67,25.68,162874
2018-07-13 19:00:00,25.69,25.74,25.66,25.68,242724
2018-07-13 19:30:00,25.69,25.7,25.63,25.66,174468
2018-07-13 20:00:00,25.66,25.72,25.64,25.7,197868
2018-07-13 20:30:00,25.7,25.7,25.59,25.63,174170
2018-07-13 21:00:00,25.62,25.66,25.57,25.6,187881
2018-07-13 21:30:00,25.59,25.63,25.56,25.6,246292
2018-07-13 22:00:00,25.59,25.63,25.57,25.6,239704
2018-07-13 22:30:00,25.6,25.66,25.58,25.61,770826
2018-07-16 16:30:00,25.62,25.65,25.52,25.54,483067
2018-07-16 17:00:00,25.54,25.55,25.45,25.47,365130
2018-07-16 17:30:00,25.48,25.56,25.4,25.42,199243
2018-07-16 18:00:00,25.42,25.55,25.41,25.49,171496
2018-07-16 18:30:00,25.5,25.51,25.39,25.46,218119
2018-07-16 19:00:00,25.46,25.51,25.39,25.45,158148
2018-07-16 19:30:00,25.45,25.51,25.41,25.48,118562
2018-07-16 20:00:00,25.49,25.52,25.43,25.5,280059
2018-07-16 20:30:00,25.49,25.53,25.46,25.49,144848
2018-07-16 21:00:00,25.48,25.49,25.42,25.44,157251
2018-07-16 21:30:00,25.44,25.45,25.34,25.38,140959
2018-07-16 22:00:00,25.37,25.44,25.37,25.41,195234
2018-07-16 22:30:00,25.4,25.5,25.39,25.48,672006
2018-07-17 16:30:00,25.47,25.67,25.41,25.46,243086
2018-07-17 17:00:00,25.47,25.49,25.35,25.38,252576
2018-07-17 17:30:00,25.38,25.44,25.35,25.41,272614
2018-07-17 18:00:00,25.42,25.44,25.37,25.42,145561
2018-07-17 18:30:00,25.4,25.49,25.4,25.48,182915
2018-07-17 19:00:00,25.48,25.55,25.47,25.48,266717
2018-07-17 19:30:00,25.48,25.5,25.43,25.5,117104
2018-07-17 20:00:00,25.5,25.51,25.48,25.49,160329
2018-07-17 20:30:00,25.5,25.54,25.49,25.5,126720
2018-07-17 21:00:00,25.49,25.49,25.43,25.48,316543
2018-07-17 21:30:00,25.48,25.52,25.45,25.49,150268
2018-07-17 22:00:00,25.49,25.54,25.49,25.49,196486
2018-07-17 22:30:00,25.5,25.53,25.44,25.46,607760
2018-07-18 16:30:00,25.58,25.76,25.53,25.71,265508
2018-07-18 17:00:00,25.71,25.71,25.62,25.67,189572
2018-07-18 17:30:00,25.66,25.79,25.65,25.77,116935
2018-07-18 18:00:00,25.78,25.82,25.73,25.8,218188
2018-07-18 18:30:00,25.81,25.9,25.8,25.88,102750
2018-07-18 19:00:00,25.88,26.0,25.88,25.95,121703
2018-07-18 19:30:00,25.95,25.99,25.92,25.97,77021
2018-07-18 20:00:00,25.98,25.99,25.91,25.94,83676
2018-07-18 20:30:00,25.93,25.96,25.91,25.95,92955
2018-07-18 21:00:00,25.94,26.04,25.93,26.04,150642
2018-07-18 21:30:00,26.03,26.1,26.02,26.05,143100
2018-07-18 22:00:00,26.05,26.1,26.02,26.07,222359
2018-07-18 22:30:00,26.07,26.17,26.06,26.14,460806
2018-07-19 16:30:00,26.02,26.09,25.74,25.76,297811
2018-07-19 17:00:00,25.76,25.78,25.65,25.75,318967
2018-07-19 17:30:00,25.74,25.82,25.69,25.75,267741
2018-07-19 18:00:00,25.74,25.78,25.67,25.74,332181
2018-07-19 18:30:00,25.74,25.82,25.74,25.77,475790
2018-07-19 19:00:00,25.76,25.84,25.66,25.67,258057
2018-07-19 19:30:00,25.67,25.67,25.57,25.57,76643
2018-07-19 20:00:00,25.56,25.64,25.52,25.58,176841
2018-07-19 20:30:00,25.59,25.69,25.57,25.69,76639
2018-07-19 21:00:00,25.69,25.74,25.68,25.74,142384
2018-07-19 21:30:00,25.74,25.76,25.69,25.74,178530
2018-07-19 22:00:00,25.73,25.77,25.73,25.74,203376
2018-07-19 22:30:00,25.74,25.77,25.65,25.7,815336
2018-07-20 16:30:00,25.6,25.65,25.36,25.41,282389
2018-07-20 17:00:00,25.41,25.55,25.37,25.53,225364
2018-07-20 17:30:00,25.53,25.57,25.47,25.5,173277
2018-07-20 18:00:00,25.49,25.57,25.43,25.53,116033
2018-07-20 18:30:00,25.53,25.56,25.48,25.51,91432
2018-07-20 19:00:00,25.51,25.66,25.51,25.66,109508
2018-07-20 19:30:00,25.65,25.66,25.61,25.63,170219
2018-07-20 20:00:00,25.63,25.65,25.57,25.6,118057
2018-07-20 20:30:00,25.6,25.64,25.58,25.63,84053
2018-07-20 21:00:00,25.63,25.65,25.53,25.57,89306
2018-07-20 21:30:00,25.56,25.57,25.49,25.53,152372
2018-07-20 22:00:00,25.54,25.54,25.45,25.46,135629
2018-07-20 22:30:00,25.46,25.49,25.42,25.46,328543
2018-07-23 16:30:00,25.5,25.74,25.45,25.63,331509
2018-07-23 17:00:00,25.64,25.68,25.48,25.49,490962
2018-07-23 17:30:00,25.48,25.59,25.45,25.58,213527
2018-07-23 18:00:00,25.58,25.76,25.57,25.71,314888
2018-07-23 18:30:00,25.71,25.73,25.68,25.73,138072
2018-07-23 19:00:00,25.72,25.85,25.72,25.84,200303
2018-07-23 19:30:00,25.84,25.95,25.82,25.95,193030
2018-07-23 20:00:00,25.94,26.02,25.9,26.02,215245
2018-07-23 20:30:00,26.02,26.04,25.99,26.04,161127
2018-07-23 21:00:00,26.03,26.12,26.01,26.1,173017
2018-07-23 21:30:00,26.11,26.12,26.02,26.06,189062
2018-07-23 22:00:00,26.05,26.07,26.0,26.03,196132
2018-07-23 22:30:00,26.01,26.06,26.0,26.03,582607
2018-07-24 16:30:00,26.17,26.26,26.01,26.26,246994
2018-07-24 17:00:00,26.26,26.46,26.26,26.33,280980
2018-07-24 17:30:00,26.33,26.37,26.29,26.34,202915
2018-07-24 18:00:00,26.34,26.38,26.27,26.37,251716
2018-07-24 18:30:00,26.36,26.42,26.3,26.42,159269
2018-07-24 19:00:00,26.42,26.45,26.37,26.42,103304
2018-07-24 19:30:00,26.42,26.49,26.37,26.41,235419
2018-07-24 20:00:00,26.41,26.44,26.29,26.29,90821
2018-07-24 20:30:00,26.29,26.3,26.19,26.21,272833
2018-07-24 21:00:00,26.21,26.21,26.06,26.07,301205
2018-07-24 21:30:00,26.07,26.16,26.06,26.11,162273
2018-07-24 22:00:00,26.12,26.23,26.1,26.22,184653
2018-07-24 22:30:00,26.21,26.25,26.16,26.24,435883
2018-07-25 16:30:00,26.25,26.34,26.1,26.21,212960
2018-07-25 17:00:00,26.21,26.24,26.08,26.08,175145
2018-07-25 17:30:00,26.08,26.12,26.03,26.09,107722
2018-07-25 18:00:00,26.1,26.16,26.02,26.12,141614
2018-07-25 18:30:00,26.13,26.16,26.08,26.15,283161
2018-07-25 19:00:00,26.15,26.21,26.14,26.17,112691
2018-07-25 19:30:00,26.16,26.2,26.1,26.18,100340
2018-07-25 20:00:00,26.18,26.19,26.1,26.1,90491
2018-07-25 20:30:00,26.11,26.16,26.1,26.14,112968
2018-07-25 21:00:00,26.13,26.21,26.1,26.15,111098
2018-07-25 21:30:00,26.15,26.2,26.15,26.19,232451
2018-07-25 22:00:00,26.19,26.23,26.16,26.22,209917
2018-07-25 22:30:00,26.22,26.42,26.2,26.38,818740
2018-07-26 16:30:00,26.0,26.02,25.71,25.93,600144
2018-07-26 17:00:00,25.93,25.93,25.69,25.75,347231
2018-07-26 17:30:00,25.75,25.94,25.74,25.87,233427
2018-07-26 18:00:00,25.88,25.91,25.65,25.65,238484
2018-07-26 18:30:00,25.65,25.67,25.51,25.51,367824
2018-07-26 19:00:00,25.51,25.62,25.5,25.52,298925
2018-07-26 19:30:00,25.52,25.54,25.36,25.36,267191
2018-07-26 20:00:00,25.36,25.39,25.3,25.35,276184
2018-07-26 20:30:00,25.36,25.37,25.26,25.27,238271
2018-07-26 21:00:00,25.27,25.3,25.19,25.22,352938
2018-07-26 21:30:00,25.22,25.53,25.21,25.52,243438
2018-07-26 22:00:00,25.52,25.68,25.48,25.67,373370
2018-07-26 22:30:00,25.67,25.77,25.6,25.73,1257908
2018-07-27 16:30:00,25.76,26.01,25.65,25.85,352809
2018-07-27 17:00:00,25.85,25.97,25.81,25.91,262499
2018-07-27 17:30:00,25.9,26.06,25.85,26.03,320905
2018-07-27 18:00:00,26.02,26.07,25.97,26.04,175428
2018-07-27 18:30:00,26.04,26.25,26.02,26.25,300488
2018-07-27 19:00:00,26.24,26.33,26.21,26.33,376050
2018-07-27 19:30:00,26.33,26.33,26.18,26.18,226292
2018-07-27 20:00:00,26.17,26.19,26.05,26.11,188714
2018-07-27 20:30:00,26.11,26.12,26.05,26.1,181927
2018-07-27 21:00:00,26.1,26.12,25.98,26.0,282608
2018-07-27 21:30:00,25.99,26.0,25.85,25.88,325231
2018-07-27 22:00:00,25.89,26.05,25.89,25.91,459611
2018-07-27 22:30:00,25.92,26.0,25.9,25.98,810218
2018-07-30 16:30:00,26.01,26.65,26.01,26.63,354825
2018-07-30 17:00:00,26.64,26.72,26.47,26.68,372012
2018-07-30 17:30:00,26.69,26.7,26.54,26.64,293582
2018-07-30 18:00:00,26.63,26.74,26.54,26.63,259917
2018-07-30 18:30:00,26.64,26.77,26.57,26.77,229430
2018-07-30 19:00:00,26.77,26.85,26.72,26.79,539724
2018-07-30 19:30:00,26.79,26.95,26.77,26.89,582793
2018-07-30 20:00:00,26.89,27.06,26.84,27.0,497080
2018-07-30 20:30:00,27.01,27.23,27.01,27.21,495202
2018-07-30 21:00:00,27.21,27.36,27.17,27.35,918128
2018-07-30 21:30:00,27.36,27.4,27.29,27.39,560700
2018-07-30 22:00:00,27.39,27.48,27.35,27.36,793217
2018-07-30 22:30:00,27.35,27.4,27.3,27.35,1450030
2018-07-31 16:30:00,27.5,27.59,27.1,27.31,819348
2018-07-31 17:00:00,27.31,27.43,27.07,27.12,659089
2018-07-31 17:30:00,27.13,27.15,26.96,27.03,394538
2018-07-31 18:00:00,27.04,27.12,26.98,27.0,234954
2018-07-31 18:30:00,27.0,27.06,26.96,27.01,262986
2018-07-31 19:00:00,27.01,27.06,26.93,27.04,159297
2018-07-31 19:30:00,27.04,27.2,27.04,27.19,344697
2018-07-31 20:00:00,27.19,27.23,27.14,27.22,202097
2018-07-31 20:30:00,27.21,27.26,27.14,27.18,217374
2018-07-31 21:00:00,27.18,27.19,27.1,27.14,247182
2018-07-31 21:30:00,27.14,27.2,27.13,27.13,279679
2018-07-31 22:00:00,27.13,27.13,27.0,27.04,403751
2018-07-31 22:30:00,27.04,27.09,26.96,26.97,1229708
2018-08-01 16:30:00,27.12,27.14,26.78,26.8,370941
2018-08-01 17:00:00,26.82,26.83,26.66,26.72,306456
2018-08-01 17:30:00,26.71,26.8,26.58,26.68,558666
2018-08-01 18:00:00,26.68,26.7,26.13,26.17,599416
2018-08-01 18:30:00,26.17,26.17,25.78,25.85,965586
2018-08-01 19:00:00,25.84,25.89,25.61,25.76,388192
2018-08-01 19:30:00,25.74,25.95,25.72,25.9,274017
2018-08-01 20:00:00,25.89,25.98,25.88,25.91,140694
2018-08-01 20:30:00,25.91,25.97,25.88,25.94,161332
2018-08-01 21:00:00,25.93,25.97,25.82,25.91,215652
2018-08-01 21:30:00,25.9,25.9,25.81,25.84,174663
2018-08-01 22:00:00,25.84,25.87,25.75,25.85,248461
2018-08-01 22:30:00,25.84,25.9,25.81,25.83,731571
2018-08-02 16:30:00,25.61,25.65,25.02,25.3,368974
2018-08-02 17:00:00,25.3,25.33,25.1,25.22,399432
2018-08-02 17:30:00,25.22,25.29,24.98,25.04,424885
2018-08-02 18:00:00,25.04,25.15,24.92,24.96,358244
2018-08-02 18:30:00,24.96,24.97,24.82,24.84,367670
2018-08-02 19:00:00,24.84,24.94,24.76,24.92,606208
2018-08-02 19:30:00,24.92,24.98,24.89,24.92,363304
2018-08-02 20:00:00,24.91,24.93,24.81,24.81,179434
2018-08-02 20:30:00,24.82,24.95,24.78,24.94,185028
2018-08-02 21:00:00,24.94,24.96,24.83,24.85,202847
2018-08-02 21:30:00,24.86,24.92,24.81,24.9,199472
2018-08-02 22:00:00,24.9,24.91,24.8,24.86,356538
2018-08-02 22:30:00,24.86,24.99,24.85,24.97,805136
2018-08-03 16:30:00,25.04,25.45,25.01,25.21,340988
2018-08-03 17:00:00,25.22,25.23,25.06,25.13,346252
2018-08-03 17:30:00,25.13,25.23,25.11,25.13,199103
2018-08-03 18:00:00,25.14,25.2,25.05,25.07,125841
2018-08-03 18:30:00,25.06,25.17,25.05,25.1,108341
2018-08-03 19:00:00,25.1,25.2,25.09,25.17,116298
2018-08-03 19:30:00,25.17,25.17,25.05,25.05,114045
2018-08-03 20:00:00,25.06,25.11,25.03,25.09,76878
2018-08-03 20:30:00,25.08,25.09,24.98,24.98,136437
2018-08-03 21:00:00,24.98,25.02,24.96,25.0,159139
2018-08-03 21:30:00,25.0,25.11,24.99,25.1,158694
2018-08-03 22:00:00,25.1,25.17,25.09,25.11,165312
2018-08-03 22:30:00,25.11,25.16,25.08,25.14,475118
2018-08-06 16:30:00,25.22,25.25,24.87,25.1,296278
2018-08-06 17:00:00,25.1,25.23,24.97,25.15,252738
2018-08-06 17:30:00,25.15,25.31,25.14,25.29,141823
2018-08-06 18:00:00,25.28,25.33,25.15,25.18,111194
2018-08-06 18:30:00,25.17,25.22,25.12,25.2,107588
2018-08-06 19:00:00,25.19,25.25,25.14,25.18,130814
2018-08-06 19:30:00,25.18,25.23,25.15,25.19,89149
2018-08-06 20:00:00,25.2,25.28,25.18,25.2,108524
2018-08-06 20:30:00,25.2,25.31,25.19,25.28,103553
2018-08-06 21:00:00,25.27,25.36,25.26,25.3,109695
2018-08-06 21:30:00,25.3,25.38,25.29,25.34,139475
2018-08-06 22:00:00,25.34,25.35,25.29,25.31,167814
2018-08-06 22:30:00,25.31,25.33,25.27,25.31,454245
2018-08-07 16:30:00,25.38,25.73,25.32,25.69,366599
2018-08-07 17:00:00,25.69,25.79,25.66,25.68,212140
2018-08-07 17:30:00,25.68,25.75,25.63,25.65,574058
2018-08-07 18:00:00,25.65,25.69,25.59,25.65,225775
2018-08-07 18:30:00,25.64,25.68,25.58,25.6,308581
2018-08-07 19:00:00,25.6,25.62,25.55,25.56,148814
2018-08-07 19:30:00,25.56,25.57,25.51,25.52,121790
2018-08-07 20:00:00,25.52,25.56,25.49,25.51,109031
2018-08-07 20:30:00,25.52,25.55,25.48,25.5,167066
2018-08-07 21:00:00,25.49,25.55,25.47,25.54,128594
2018-08-07 21:30:00,25.55,25.56,25.46,25.48,364297
2018-08-07 22:00:00,25.49,25.52,25.45,25.47,155426
2018-08-07 22:30:00,25.46,25.49,25.42,25.46,404903
2018-08-08 16:30:00,25.38,25.55,25.22,25.28,236898
2018-08-08 17:00:00,25.29,25.36,25.14,25.22,256248
2018-08-08 17:30:00,25.22,25.23,25.09,25.12,240514
2018-08-08 18:00:00,25.12,25.31,25.12,25.28,163141
2018-08-08 18:30:00,25.28,25.35,25.26,25.33,149624
2018-08-08 19:00:00,25.33,25.34,25.26,25.3,157984
2018-08-08 19:30:00,25.29,25.32,25.25,25.27,132869
2018-08-08 20:00:00,25.27,25.33,25.24,25.33,165582
2018-08-08 20:30:00,25.33,25.46,25.31,25.45,148783
2018-08-08 21:00:00,25.45,25.51,25.44,25.51,237337
2018-08-08 21:30:00,25.5,25.52,25.44,25.52,237436
2018-08-08 22:00:00,25.51,25.6,25.5,25.59,225047
2018-08-08 22:30:00,25.59,25.61,25.58,25.61,725703
2018-08-09 16:30:00,25.55,25.82,25.51,25.8,391447
2018-08-09 17:00:00,25.8,25.82,25.69,25.72,658767
2018-08-09 17:30:00,25.72,25.77,25.66,25.68,294652
2018-08-09 18:00:00,25.68,25.69,25.41,25.46,731322
2018-08-09 18:30:00,25.46,25.49,25.42,25.42,218230
2018-08-09 19:00:00,25.42,25.45,25.4,25.43,201949
2018-08-09 19:30:00,25.43,25.52,25.43,25.5,129509
2018-08-09 20:00:00,25.5,25.54,25.48,25.53,210417
2018-08-09 20:30:00,25.53,25.55,25.51,25.54,379534
2018-08-09 21:00:00,25.55,25.56,25.5,25.52,317094
2018-08-09 21:30:00,25.52,25.55,25.44,25.46,249890
2018-08-09 22:00:00,25.46,25.55,25.45,25.49,303295
2018-08-09 22:30:00,25.49,25.53,25.44,25.49,978999
2018-08-10 16:30:00,25.19,25.19,24.33,24.34,660508
2018-08-10 17:00:00,24.34,24.65,24.31,24.57,566283
2018-08-10 17:30:00,24.57,24.8,24.55,24.79,287135
2018-08-10 18:00:00,24.79,24.97,24.72,24.91,408340
2018-08-10 18:30:00,24.91,25.03,24.86,24.89,397893
2018-08-10 19:00:00,24.9,24.93,24.85,24.9,254719
2018-08-10 19:30:00,24.9,24.92,24.83,24.86,143529
2018-08-10 20:00:00,24.85,24.86,24.8,24.85,144059
2018-08-10 20:30:00,24.86,24.86,24.77,24.77,134158
2018-08-10 21:00:00,24.78,24.84,24.74,24.76,161018
2018-08-10 21:30:00,24.76,24.79,24.7,24.72,141935
2018-08-10 22:00:00,24.71,24.84,24.68,24.78,318931
2018-08-10 22:30:00,24.78,24.8,24.68,24.7,583342
2018-08-13 16:30:00,24.67,24.81,24.52,24.74,232765
2018-08-13 17:00:00,24.73,24.74,24.59,24.62,193283
2018-08-13 17:30:00,24.63,24.74,24.63,24.66,105010
2018-08-13 18:00:00,24.66,24.71,24.59,24.63,147951
2018-08-13 18:30:00,24.62,24.7,24.58,24.58,191673
2018-08-13 19:00:00,24.57,24.61,24.55,24.57,159809
2018-08-13 19:30:00,24.57,24.66,24.55,24.63,414843
2018-08-13 20:00:00,24.62,24.78,24.59,24.77,373034
2018-08-13 20:30:00,24.78,24.8,24.74,24.76,165216
2018-08-13 21:00:00,24.76,24.89,24.75,24.85,144964
2018-08-13 21:30:00,24.86,24.87,24.76,24.78,112396
2018-08-13 22:00:00,24.78,24.83,24.74,24.76,151103
2018-08-13 22:30:00,24.76,24.81,24.75,24.78,478674
2018-08-14 16:30:00,24.92,24.98,24.75,24.9,192892
2018-08-14 17:00:00,24.9,24.93,24.81,24.83,348249
2018-08-14 17:30:00,24.82,24.89,24.77,24.85,176182
2018-08-14 18:00:00,24.85,24.91,24.82,24.89,238349
2018-08-14 18:30:00,24.89,24.97,24.86,24.88,190094
2018-08-14 19:00:00,24.88,24.97,24.87,24.95,170562
2018-08-14 19:30:00,24.95,24.98,24.91,24.93,274085
2018-08-14 20:00:00,24.94,24.99,24.88,24.88,201992
2018-08-14 20:30:00,24.89,24.99,24.88,24.98,181305
2018-08-14 21:00:00,24.99,25.04,24.96,24.98,159362
2018-08-14 21:30:00,24.98,24.99,24.93,24.96,140004
2018-08-14 22:00:00,24.96,25.08,24.96,25.06,231579
2018-08-14 22:30:00,25.06,25.07,24.96,24.99,541721
2018-08-15 16:30:00,24.4,24.53,24.34,24.43,239911
2018-08-15 17:00:00,24.41,24.47,24.31,24.39,237579
2018-08-15 17:30:00,24.38,24.42,24.21,24.27,144440
2018-08-15 18:00:00,24.26,24.38,24.23,24.33,180783
2018-08-15 18:30:00,24.34,24.36,24.27,24.27,119557
2018-08-15 19:00:00,24.26,24.3,24.24,24.28,105307
2018-08-15 19:30:00,24.29,24.34,24.26,24.32,92971
2018-08-15 20:00:00,24.32,24.36,24.26,24.3,118748
2018-08-15 20:30:00,24.31,24.32,24.27,24.3,119491
2018-08-15 21:00:00,24.29,24.34,24.17,24.17,218108
2018-08-15 21:30:00,24.17,24.23,24.13,24.22,307389
2018-08-15 22:00:00,24.22,24.26,24.17,24.2,206138
2018-08-15 22:30:00,24.2,24.3,24.19,24.21,616169
2018-08-16 16:30:00,24.34,24.57,24.32,24.54,288276
2018-08-16 17:00:00,24.56,24.64,24.49,24.59,160128
2018-08-16 17:30:00,24.59,24.73,24.58,24.66,153591
2018-08-16 18:00:00,24.66,24.76,24.63,24.71,160550
2018-08-16 18:30:00,24.7,24.71,24.62,24.7,119203
2018-08-16 19:00:00,24.7,24.79,24.67,24.73,117871
2018-08-16 19:30:00,24.72,24.73,24.61,24.62,79805
2018-08-16 20:00:00,24.62,24.66,24.58,24.63,84713
2018-08-16 20:30:00,24.63,24.67,24.61,24.65,81040
2018-08-16 21:00:00,24.64,24.66,24.6,24.61,117022
2018-08-16 21:30:00,24.6,24.63,24.56,24.59,147264
2018-08-16 22:00:00,24.59,24.65,24.55,24.63,173571
2018-08-16 22:30:00,24.62,24.65,24.55,24.6,534909
2018-08-17 16:30:00,24.44,24.77,24.44,24.76,207706
2018-08-17 17:00:00,24.76,24.78,24.48,24.48,273742
2018-08-17 17:30:00,24.49,24.56,24.41,24.45,261601
2018-08-17 18:00:00,24.45,24.47,24.38,24.46,280262
2018-08-17 18:30:00,24.45,24.49,24.43,24.47,145452
2018-08-17 19:00:00,24.47,24.52,24.45,24.47,713993
2018-08-17 19:30:00,24.47,24.48,24.41,24.43,187939
2018-08-17 20:00:00,24.42,24.46,24.39,24.4,162060
2018-08-17 20:30:00,24.4,24.51,24.39,24.5,195080
2018-08-17 21:00:00,24.5,24.6,24.49,24.57,252735
2018-08-17 21:30:00,24.57,24.59,24.54,24.58,282815
2018-08-17 22:00:00,24.58,24.62,24.56,24.6,442671
2018-08-17 22:30:00,24.61,24.62,24.48,24.48,745841
2018-08-20 16:30:00,24.58,24.82,24.56,24.72,169870
2018-08-20 17:00:00,24.72,24.76,24.59,24.6,223461
2018-08-20 17:30:00,24.59,24.6,24.49,24.54,127086
2018-08-20 18:00:00,24.55,24.56,24.45,24.56,150181
2018-08-20 18:30:00,24.56,24.63,24.52,24.6,172740
2018-08-20 19:00:00,24.6,24.68,24.6,24.6,149918
2018-08-20 19:30:00,24.59,24.63,24.58,24.62,106882
2018-08-20 20:00:00,24.63,24.65,24.59,24.65,72721
2018-08-20 20:30:00,24.65,24.68,24.61,24.61,90695
2018-08-20 21:00:00,24.61,24.68,24.58,24.67,123954
2018-08-20 21:30:00,24.66,24.69,24.64,24.67,184066
2018-08-20 22:00:00,24.66,24.7,24.64,24.68,192300
2018-08-20 22:30:00,24.68,24.71,24.6,24.6,1065418
2018-08-21 16:30:00,24.57,24.75,24.57,24.73,296242
2018-08-21 17:00:00,24.73,24.94,24.7,24.83,277965
2018-08-21 17:30:00,24.84,24.91,24.82,24.86,182440
2018-08-21 18:00:00,24.86,24.87,24.72,24.8,239994
2018-08-21 18:30:00,24.79,24.86,24.76,24.85,497305
2018-08-21 19:00:00,24.85,24.98,24.79,24.97,372612
2018-08-21 19:30:00,24.98,24.99,24.89,24.91,184434
2018-08-21 20:00:00,24.9,24.91,24.84,24.9,159737
2018-08-21 20:30:00,24.9,24.93,24.9,24.92,258116
2018-08-21 21:00:00,24.92,24.93,24.84,24.9,157979
2018-08-21 21:30:00,24.89,24.92,24.86,24.89,489639
2018-08-21 22:00:00,24.9,24.92,24.82,24.86,147240
2018-08-21 22:30:00,24.86,24.87,24.78,24.79,426403
2018-08-22 16:30:00,24.81,24.82,24.6,24.68,344653
2018-08-22 17:00:00,24.68,24.7,24.62,24.64,473342
2018-08-22 17:30:00,24.64,24.68,24.6,24.68,199193
2018-08-22 18:00:00,24.68,24.79,24.66,24.76,602417
2018-08-22 18:30:00,24.76,24.77,24.66,24.72,202525
2018-08-22 19:00:00,24.73,24.74,24.65,24.66,114539
2018-08-22 19:30:00,24.67,24.69,24.65,24.69,111585
2018-08-22 20:00:00,24.67,24.73,24.65,24.7,272567
2018-08-22 20:30:00,24.7,24.71,24.65,24.67,156737
2018-08-22 21:00:00,24.67,24.7,24.59,24.63,156261
2018-08-22 21:30:00,24.63,24.7,24.61,24.67,261480
2018-08-22 22:00:00,24.67,24.7,24.63,24.66,194736
2018-08-22 22:30:00,24.66,24.68,24.6,24.63,528074
2018-08-23 16:30:00,24.57,24.73,24.47,24.47,272329
2018-08-23 17:00:00,24.48,24.54,24.41,24.51,254721
2018-08-23 17:30:00,24.51,24.55,24.43,24.47,154038
2018-08-23 18:00:00,24.47,24.53,24.44,24.51,142522
2018-08-23 18:30:00,24.5,24.52,24.35,24.35,103950
2018-08-23 19:00:00,24.35,24.39,24.33,24.36,173901
2018-08-23 19:30:00,24.36,24.37,24.26,24.27,113595
2018-08-23 20:00:00,24.27,24.31,24.22,24.3,129708
2018-08-23 20:30:00,24.31,24.32,24.27,24.29,84293
2018-08-23 21:00:00,24.3,24.35,24.28,24.31,159537
2018-08-23 21:30:00,24.31,24.33,24.26,24.28,180306
2018-08-23 22:00:00,24.28,24.33,24.23,24.31,152268
2018-08-23 22:30:00,24.32,24.33,24.28,24.3,389054
2018-08-24 16:30:00,24.41,24.41,24.27,24.3,180451
2018-08-24 17:00:00,24.3,24.34,24.21,24.27,109218
2018-08-24 17:30:00,24.27,24.34,24.24,24.24,143456
2018-08-24 18:00:00,24.25,24.27,24.16,24.24,178429
2018-08-24 18:30:00,24.24,24.24,24.19,24.19,130458
2018-08-24 19:00:00,24.2,24.22,24.17,24.22,110226
2018-08-24 19:30:00,24.21,24.22,24.14,24.17,179871
2018-08-24 20:00:00,24.17,24.22,24.14,24.16,170754
2018-08-24 20:30:00,24.15,24.18,24.12,24.18,99979
2018-08-24 21:00:00,24.18,24.19,24.13,24.15,130118
2018-08-24 21:30:00,24.15,24.16,24.12,24.13,87094
2018-08-24 22:00:00,24.13,24.16,24.12,24.14,98908
2018-08-24 22:30:00,24.14,24.16,24.12,24.15,381175
2018-08-27 16:30:00,24.28,24.74,24.28,24.73,597388
2018-08-27 17:00:00,24.74,24.93,24.73,24.93,349182
2018-08-27 17:30:00,24.92,24.93,24.74,24.8,241152
2018-08-27 18:00:00,24.8,24.9,24.78,24.88,173646
2018-08-27 18:30:00,24.87,24.96,24.87,24.92,162338
2018-08-27 19:00:00,24.92,24.92,24.85,24.85,90841
2018-08-27 19:30:00,24.86,24.95,24.84,24.94,189429
2018-08-27 20:00:00,24.93,24.96,24.89,24.9,92033
2018-08-27 20:30:00,24.9,24.91,24.84,24.9,77680
2018-08-27 21:00:00,24.9,24.91,24.78,24.83,91647
2018-08-27 21:30:00,24.83,24.85,24.78,24.83,118980
2018-08-27 22:00:00,24.82,24.83,24.74,24.77,121709
2018-08-27 22:30:00,24.76,24.79,24.71,24.74,420407
2018-08-28 16:30:00,24.8,24.84,24.59,24.71,276866
2018-08-28 17:00:00,24.7,24.83,24.68,24.81,275320
2018-08-28 17:30:00,24.8,24.9,24.76,24.85,196558
2018-08-28 18:00:00,24.85,24.92,24.84,24.85,175555
2018-08-28 18:30:00,24.85,24.86,24.79,24.81,308147
2018-08-28 19:00:00,24.81,24.87,24.8,24.81,138454
2018-08-28 19:30:00,24.81,24.83,24.79,24.81,93684
2018-08-28 20:00:00,24.8,24.83,24.69,24.71,105494
2018-08-28 20:30:00,24.7,24.77,24.7,24.74,74908
2018-08-28 21:00:00,24.74,24.82,24.74,24.81,116049
2018-08-28 21:30:00,24.8,24.82,24.75,24.77,115033
2018-08-28 22:00:00,24.77,24.82,24.73,24.79,162624
2018-08-28 22:30:00,24.78,24.78,24.69,24.72,394375
2018-08-29 16:30:00,24.64,24.64,24.3,24.36,265477
2018-08-29 17:00:00,24.36,24.45,24.32,24.44,234286
2018-08-29 17:30:00,24.44,24.55,24.41,24.48,161872
2018-08-29 18:00:00,24.48,24.59,24.47,24.59,239354
2018-08-29 18:30:00,24.59,24.64,24.57,24.6,118877
2018-08-29 19:00:00,24.6,24.7,24.58,24.69,154279
2018-08-29 19:30:00,24.69,24.75,24.67,24.67,197020
2018-08-29 20:00:00,24.68,24.72,24.66,24.68,94249
2018-08-29 20:30:00,24.67,24.68,24.63,24.66,91935
2018-08-29 21:00:00,24.65,24.72,24.65,24.7,101399
2018-08-29 21:30:00,24.69,24.75,24.67,24.7,108270
2018-08-29 22:00:00,24.7,24.78,24.68,24.78,137347
2018-08-29 22:30:00,24.77,24.82,24.68,24.69,550006
2018-08-30 16:30:00,24.61,24.65,24.41,24.52,192233
2018-08-30 17:00:00,24.53,24.58,24.42,24.48,109239
2018-08-30 17:30:00,24.47,24.49,24.33,24.36,104110
2018-08-30 18:00:00,24.37,24.43,24.33,24.36,150635
2018-08-30 18:30:00,24.36,24.44,24.36,24.4,157013
2018-08-30 19:00:00,24.4,24.44,24.36,24.42,109189
2018-08-30 19:30:00,24.42,24.45,24.37,24.43,136240
2018-08-30 20:00:00,24.44,24.5,24.42,24.5,100985
2018-08-30 20:30:00,24.49,24.54,24.48,24.5,100585
2018-08-30 21:00:00,24.5,24.5,24.28,24.32,194756
2018-08-30 21:30:00,24.32,24.37,24.28,24.3,109031
2018-08-30 22:00:00,24.3,24.3,24.22,24.25,122979
2018-08-30 22:30:00,24.26,24.29,24.23,24.26,406922
2018-08-31 16:30:00,24.2,24.22,24.02,24.22,190548
2018-08-31 17:00:00,24.23,24.27,24.16,24.2,339837
2018-08-31 17:30:00,24.2,24.25,24.08,24.1,310932
2018-08-31 18:00:00,24.1,24.13,24.03,24.04,151466
2018-08-31 18:30:00,24.04,24.07,23.99,24.01,136949
2018-08-31 19:00:00,24.01,24.01,23.92,23.94,159489
2018-08-31 19:30:00,23.95,23.96,23.88,23.93,122911
2018-08-31 20:00:00,23.94,24.0,23.92,23.99,104674
2018-08-31 20:30:00,23.98,24.0,23.94,23.96,84823
2018-08-31 21:00:00,23.96,23.98,23.89,23.98,169737
2018-08-31 21:30:00,23.97,24.06,23.95,24.02,175905
2018-08-31 22:00:00,24.02,24.12,24.02,24.06,222870
2018-08-31 22:30:00,24.06,24.17,24.06,24.11,564642
2018-09-04 16:30:00,24.07,24.07,23.74,23.82,360893
2018-09-04 17:00:00,23.83,23.99,23.82,23.96,199909
2018-09-04 17:30:00,23.96,24.03,23.89,23.98,291643
2018-09-04 18:00:00,23.98,24.03,23.79,23.82,160260
2018-09-04 18:30:00,23.82,23.92,23.81,23.88,123633
2018-09-04 19:00:00,23.89,23.89,23.79,23.85,90124
2018-09-04 19:30:00,23.84,23.93,23.82,23.92,122837
2018-09-04 20:00:00,23.92,23.95,23.8,23.82,128685
2018-09-04 20:30:00,23.82,23.94,23.82,23.94,214230
2018-09-04 21:00:00,23.94,23.97,23.87,23.95,192641
2018-09-04 21:30:00,23.94,23.96,23.91,23.93,139037
2018-09-04 22:00:00,23.93,23.93,23.86,23.87,242818
2018-09-04 22:30:00,23.88,23.99,23.86,23.98,770539
2018-09-05 16:30:00,24.0,24.4,23.93,24.26,277654
2018-09-05 17:00:00,24.27,24.3,24.14,24.26,198087
2018-09-05 17:30:00,24.27,24.48,24.23,24.48,184908
2018-09-05 18:00:00,24.48,24.6,24.38,24.38,264367
2018-09-05 18:30:00,24.38,24.49,24.38,24.47,215594
2018-09-05 19:00:00,24.46,24.55,24.45,24.55,185688
2018-09-05 19:30:00,24.55,24.58,24.45,24.45,146589
2018-09-05 20:00:00,24.45,24.55,24.42,24.54,190897
2018-09-05 20:30:00,24.55,24.59,24.5,24.56,211487
2018-09-05 21:00:00,24.57,24.64,24.54,24.62,254362
2018-09-05 21:30:00,24.61,24.73,24.6,24.7,262007
2018-09-05 22:00:00,24.7,24.71,24.6,24.66,305765
2018-09-05 22:30:00,24.66,24.69,24.54,24.6,871335
2018-09-06 16:30:00,24.57,24.61,24.22,24.27,335967
2018-09-06 17:00:00,24.26,24.36,24.21,24.36,501504
2018-09-06 17:30:00,24.36,24.38,24.24,24.29,208966
2018-09-06 18:00:00,24.3,24.37,24.21,24.24,716436
2018-09-06 18:30:00,24.24,24.29,24.2,24.25,156763
2018-09-06 19:00:00,24.25,24.29,24.17,24.19,207599
2018-09-06 19:30:00,24.18,24.24,24.16,24.16,131833
2018-09-06 20:00:00,24.17,24.19,24.11,24.12,151550
2018-09-06 20:30:00,24.13,24.22,24.12,24.19,183276
2018-09-06 21:00:00,24.2,24.26,24.19,24.23,141025
2018-09-06 21:30:00,24.22,24.35,24.22,24.31,324198
2018-09-06 22:00:00,24.3,24.4,24.3,24.33,151568
2018-09-06 22:30:00,24.34,24.36,24.2,24.22,607616
2018-09-07 16:30:00,24.18,24.32,24.05,24.13,217996
2018-09-07 17:00:00,24.12,24.18,23.94,24.02,183491
2018-09-07 17:30:00,24.01,24.03,23.91,23.91,234445
2018-09-07 18:00:00,23.91,23.93,23.78,23.91,259737
2018-09-07 18:30:00,23.91,24.02,23.87,23.97,128627
2018-09-07 19:00:00,23.97,24.01,23.84,23.85,173458
2018-09-07 19:30:00,23.86,23.87,23.81,23.83,182312
2018-09-07 20:00:00,23.84,23.85,23.82,23.85,87232
2018-09-07 20:30:00,23.85,23.91,23.83,23.84,127830
2018-09-07 21:00:00,23.85,24.03,23.84,24.02,126179
2018-09-07 21:30:00,24.01,24.03,23.97,24.01,133137
2018-09-07 22:00:00,24.01,24.04,23.98,24.04,148218
2018-09-07 22:30:00,24.04,24.09,24.01,24.05,552195
2018-09-10 16:30:00,24.2,24.55,24.18,24.38,303335
2018-09-10 17:00:00,24.37,24.48,24.27,24.44,322150
2018-09-10 17:30:00,24.45,24.47,24.39,24.41,128903
2018-09-10 18:00:00,24.41,24.51,24.39,24.51,143814
2018-09-10 18:30:00,24.51,24.55,24.39,24.41,151720
2018-09-10 19:00:00,24.41,24.43,24.32,24.33,159289
2018-09-10 19:30:00,24.32,24.39,24.32,24.36,141932
2018-09-10 20:00:00,24.35,24.42,24.32,24.41,111805
2018-09-10 20:30:00,24.4,24.44,24.37,24.39,100680
2018-09-10 21:00:00,24.39,24.51,24.38,24.49,122070
2018-09-10 21:30:00,24.49,24.52,24.38,24.41,150819
2018-09-10 22:00:00,24.4,24.46,24.38,24.39,138316
2018-09-10 22:30:00,24.38,24.41,24.35,24.35,437619
2018-09-11 16:30:00,24.12,24.16,23.79,23.92,334506
2018-09-11 17:00:00,23.92,24.05,23.88,24.03,202149
2018-09-11 17:30:00,24.03,24.13,24.0,24.12,127955
2018-09-11 18:00:00,24.12,24.16,24.04,24.14,143444
2018-09-11 18:30:00,24.14,24.23,24.14,24.2,131049
2018-09-11 19:00:00,24.21,24.23,24.15,24.19,111189
2018-09-11 19:30:00,24.2,24.24,24.15,24.22,125657
2018-09-11 20:00:00,24.23,24.27,24.2,24.24,111771
2018-09-11 20:30:00,24.24,24.24,24.17,24.18,103843
2018-09-11 21:00:00,24.18,24.2,24.09,24.12,82795
2018-09-11 21:30:00,24.13,24.15,24.06,24.06,115101
2018-09-11 22:00:00,24.07,24.1,23.97,24.01,141890
2018-09-11 22:30:00,23.99,24.01,23.96,23.99,504703
2018-09-12 16:30:00,23.97,24.08,23.85,24.04,260206
2018-09-12 17:00:00,24.03,24.11,23.96,23.96,166330
2018-09-12 17:30:00,23.96,24.07,23.93,23.99,188507
2018-09-12 18:00:00,23.99,24.09,23.93,24.07,199426
2018-09-12 18:30:00,24.07,24.08,23.96,23.98,159528
2018-09-12 19:00:00,23.98,24.06,23.97,24.03,160602
2018-09-12 19:30:00,24.03,24.06,24.02,24.04,81038
2018-09-12 20:00:00,24.04,24.07,23.99,24.0,161253
2018-09-12 20:30:00,23.99,24.02,23.96,23.99,165357
2018-09-12 21:00:00,24.0,24.09,23.98,24.07,110762
2018-09-12 21:30:00,24.08,24.14,24.06,24.12,140282
2018-09-12 22:00:00,24.13,24.14,24.06,24.13,109032
2018-09-12 22:30:00,24.14,24.15,24.05,24.05,324152
2018-09-13 16:30:00,24.22,24.25,23.94,24.03,730867
2018-09-13 17:00:00,24.02,24.05,23.81,23.84,413281
2018-09-13 17:30:00,23.85,23.92,23.58,23.6,392024
2018-09-13 18:00:00,23.61,23.61,23.37,23.39,772339
2018-09-13 18:30:00,23.4,23.46,23.25,23.42,868844
2018-09-13 19:00:00,23.41,23.43,23.3,23.34,187062
2018-09-13 19:30:00,23.35,23.46,23.33,23.44,336219
2018-09-13 20:00:00,23.44,23.46,23.37,23.41,289437
2018-09-13 20:30:00,23.41,23.45,23.38,23.39,198148
2018-09-13 21:00:00,23.4,23.47,23.38,23.44,239154
2018-09-13 21:30:00,23.44,23.47,23.41,23.44,301068
2018-09-13 22:00:00,23.44,23.44,23.3,23.3,374030
2018-09-13 22:30:00,23.31,23.35,23.25,23.35,1144392
2018-09-14 16:30:00,23.48,23.85,23.48,23.64,560784
2018-09-14 17:00:00,23.63,23.77,23.59,23.61,398835
2018-09-14 17:30:00,23.62,23.76,23.6,23.7,476204
2018-09-14 18:00:00,23.7,23.78,23.66,23.75,612666
2018-09-14 18:30:00,23.76,23.78,23.73,23.76,552355
2018-09-14 19:00:00,23.76,23.78,23.6,23.62,342923
2018-09-14 19:30:00,23.63,23.72,23.6,23.67,136742
2018-09-14 20:00:00,23.65,23.69,23.6,23.68,148834
2018-09-14 20:30:00,23.67,23.7,23.62,23.64,151350
2018-09-14 21:00:00,23.65,23.73,23.63,23.71,193137
2018-09-14 21:30:00,23.7,23.77,23.7,23.76,153988
2018-09-14 22:00:00,23.76,23.78,23.71,23.72,180694
2018-09-14 22:30:00,23.72,23.76,23.69,23.75,743317
2018-09-17 16:30:00,23.9,24.22,23.86,24.0,391390
2018-09-17 17:00:00,24.0,24.05,23.94,24.01,213458
2018-09-17 17:30:00,24.02,24.16,24.02,24.09,134488
2018-09-17 18:00:00,24.1,24.1,23.99,24.05,244899
2018-09-17 18:30:00,24.05,24.09,23.96,24.02,467324
2018-09-17 19:00:00,24.03,24.03,23.82,23.87,245311
2018-09-17 19:30:00,23.86,23.91,23.73,23.75,290601
2018-09-17 20:00:00,23.76,23.8,23.71,23.78,127119
2018-09-17 20:30:00,23.79,23.79,23.71,23.71,122075
2018-09-17 21:00:00,23.71,23.72,23.66,23.7,132989
2018-09-17 21:30:00,23.7,23.73,23.66,23.67,104049
2018-09-17 22:00:00,23.68,23.68,23.64,23.66,153672
2018-09-17 22:30:00,23.67,23.73,23.65,23.71,375432
2018-09-18 16:30:00,23.76,23.83,23.61,23.66,176659
2018-09-18 17:00:00,23.67,23.7,23.55,23.63,151680
2018-09-18 17:30:00,23.64,23.68,23.6,23.64,126254
2018-09-18 18:00:00,23.64,23.71,23.55,23.64,252145
2018-09-18 18:30:00,23.63,23.74,23.62,23.69,109162
2018-09-18 19:00:00,23.69,23.74,23.66,23.67,124839
2018-09-18 19:30:00,23.66,23.74,23.65,23.73,165410
2018-09-18 20:00:00,23.73,23.79,23.65,23.66,234727
2018-09-18 20:30:00,23.65,23.67,23.59,23.6,216466
2018-09-18 21:00:00,23.6,23.69,23.55,23.68,276493
2018-09-18 21:30:00,23.68,23.69,23.56,23.57,286442
2018-09-18 22:00:00,23.58,23.7,23.58,23.68,199800
2018-09-18 22:30:00,23.67,23.75,23.65,23.68,598814
2018-09-19 16:30:00,23.85,24.36,23.81,24.3,309479
2018-09-19 17:00:00,24.31,24.47,24.3,24.34,247734
2018-09-19 17:30:00,24.34,24.42,24.32,24.35,173774
2018-09-19 18:00:00,24.36,24.38,24.23,24.26,219443
2018-09-19 18:30:00,24.27,24.31,24.26,24.28,183034
2018-09-19 19:00:00,24.28,24.41,24.28,24.38,154155
2018-09-19 19:30:00,24.38,24.42,24.34,24.41,175071
2018-09-19 20:00:00,24.41,24.42,24.35,24.35,140387
2018-09-19 20:30:00,24.35,24.4,24.34,24.38,111759
2018-09-19 21:00:00,24.38,24.42,24.33,24.36,117870
2018-09-19 21:30:00,24.35,24.41,24.32,24.4,110028
2018-09-19 22:00:00,24.4,24.41,24.31,24.31,138724
2018-09-19 22:30:00,24.32,24.35,24.28,24.3,482183
2018-09-20 16:30:00,24.47,24.88,24.37,24.42,330170
2018-09-20 17:00:00,24.42,24.43,24.2,24.21,198715
2018-09-20 17:30:00,24.21,24.36,24.2,24.33,184614
2018-09-20 18:00:00,24.33,24.41,24.27,24.35,114607
2018-09-20 18:30:00,24.35,24.45,24.3,24.43,130348
2018-09-20 19:00:00,24.43,24.49,24.42,24.42,110131
2018-09-20 19:30:00,24.42,24.57,24.41,24.57,113369
2018-09-20 20:00:00,24.57,24.6,24.51,24.56,132992
2018-09-20 20:30:00,24.55,24.58,24.5,24.53,125453
2018-09-20 21:00:00,24.53,24.61,24.52,24.59,193510
2018-09-20 21:30:00,24.59,24.61,24.51,24.56,182404
2018-09-20 22:00:00,24.56,24.58,24.41,24.41,311384
2018-09-20 22:30:00,24.41,24.46,24.36,24.43,704758
2018-09-21 16:30:00,24.44,24.52,24.22,24.48,743238
2018-09-21 17:00:00,24.49,24.6,24.43,24.49,156041
2018-09-21 17:30:00,24.48,24.56,24.45,24.51,163672
2018-09-21 18:00:00,24.51,24.56,24.42,24.48,145309
2018-09-21 18:30:00,24.48,24.55,24.48,24.55,113527
2018-09-21 19:00:00,24.55,24.59,24.49,24.51,100792
2018-09-21 19:30:00,24.51,24.55,24.48,24.51,154817
2018-09-21 20:00:00,24.51,24.54,24.48,24.49,185692
2018-09-21 20:30:00,24.49,24.49,24.09,24.3,663844
2018-09-21 21:00:00,24.3,24.42,24.26,24.34,346428
2018-09-21 21:30:00,24.34,24.37,24.09,24.3,897306
2018-09-21 22:00:00,24.3,24.31,24.11,24.2,961831
2018-09-21 22:30:00,24.21,24.45,24.19,24.31,2419566
2018-09-24 16:30:00,24.25,24.48,23.81,23.84,378529
2018-09-24 17:00:00,23.81,23.81,23.58,23.62,386912
2018-09-24 17:30:00,23.63,23.66,23.53,23.63,247241
2018-09-24 18:00:00,23.64,23.68,23.58,23.65,195359
2018-09-24 18:30:00,23.65,23.72,23.59,23.68,277498
2018-09-24 19:00:00,23.69,23.74,23.59,23.74,282437
2018-09-24 19:30:00,23.73,23.73,23.59,23.7,233205
2018-09-24 20:00:00,23.7,23.75,23.63,23.68,286261
2018-09-24 20:30:00,23.68,23.75,23.67,23.74,357576
2018-09-24 21:00:00,23.74,23.83,23.71,23.82,346330
2018-09-24 21:30:00,23.81,23.83,23.73,23.75,223532
2018-09-24 22:00:00,23.74,23.75,23.65,23.68,489816
2018-09-24 22:30:00,23.68,23.71,23.64,23.69,966085
2018-09-25 16:30:00,23.81,23.86,23.57,23.57,277721
2018-09-25 17:00:00,23.57,23.65,23.49,23.54,289933
2018-09-25 17:30:00,23.54,23.55,23.38,23.4,358713
2018-09-25 18:00:00,23.39,23.39,23.22,23.33,571816
2018-09-25 18:30:00,23.33,23.36,23.06,23.08,391722
2018-09-25 19:00:00,23.08,23.15,23.02,23.11,264390
2018-09-25 19:30:00,23.11,23.2,23.1,23.17,228378
2018-09-25 20:00:00,23.18,23.18,23.05,23.05,279563
2018-09-25 20:30:00,23.05,23.06,22.95,23.01,312493
2018-09-25 21:00:00,23.0,23.04,22.97,22.99,342300
2018-09-25 21:30:00,22.99,23.0,22.86,22.92,316558
2018-09-25 22:00:00,22.92,23.03,22.9,23.03,414184
2018-09-25 22:30:00,23.02,23.04,22.94,22.98,1038410
2018-09-26 16:30:00,22.94,23.35,22.91,23.26,325353
2018-09-26 17:00:00,23.26,23.26,22.99,23.05,172500
2018-09-26 17:30:00,23.05,23.18,23.02,23.07,174595
2018-09-26 18:00:00,23.06,23.14,23.04,23.08,148638
2018-09-26 18:30:00,23.07,23.07,22.97,22.99,150627
2018-09-26 19:00:00,22.98,23.05,22.85,23.05,247751
2018-09-26 19:30:00,23.05,23.06,23.0,23.05,87929
2018-09-26 20:00:00,23.05,23.1,23.04,23.08,97344
2018-09-26 20:30:00,23.08,23.19,23.08,23.16,121714
2018-09-26 21:00:00,23.16,23.23,23.09,23.22,164658
2018-09-26 21:30:00,23.21,23.22,23.07,23.08,254252
2018-09-26 22:00:00,23.09,23.2,23.03,23.12,303352
2018-09-26 22:30:00,23.12,23.14,22.92,22.99,710685
2018-09-27 16:30:00,23.25,23.33,22.82,22.99,923759
2018-09-27 17:00:00,22.99,23.01,22.89,22.97,718997
2018-09-27 17:30:00,22.97,23.16,22.97,23.08,271325
2018-09-27 18:00:00,23.09,23.15,23.06,23.15,234045
2018-09-27 18:30:00,23.14,23.14,23.04,23.06,232982
2018-09-27 19:00:00,23.06,23.18,23.02,23.18,152367
2018-09-27 19:30:00,23.18,23.32,23.15,23.28,200493
2018-09-27 20:00:00,23.29,23.29,23.18,23.21,103419
2018-09-27 20:30:00,23.22,23.27,23.2,23.26,145653
2018-09-27 21:00:00,23.26,23.27,23.22,23.25,200630
2018-09-27 21:30:00,23.25,23.27,23.15,23.16,145888
2018-09-27 22:00:00,23.16,23.18,23.09,23.1,260393
2018-09-27 22:30:00,23.09,23.09,23.02,23.07,455508
2018-09-28 16:30:00,22.88,22.9,22.69,22.84,380130
2018-09-28 17:00:00,22.85,22.96,22.79,22.95,122627
2018-09-28 17:30:00,22.95,22.98,22.89,22.95,102043
2018-09-28 18:00:00,22.95,22.99,22.91,22.98,157128
2018-09-28 18:30:00,22.97,23.02,22.94,23.02,189790
2018-09-28 19:00:00,23.02,23.04,22.97,23.02,264398
2018-09-28 19:30:00,23.02,23.02,22.92,22.95,92337
2018-09-28 20:00:00,22.95,22.98,22.92,22.93,94601
2018-09-28 20:30:00,22.94,23.02,22.93,22.93,136745
2018-09-28 21:00:00,22.93,23.04,22.92,23.02,229719
2018-09-28 21:30:00,23.01,23.05,22.97,22.97,121029
2018-09-28 22:00:00,22.98,23.03,22.95,23.01,216377
2018-09-28 22:30:00,23.0,23.01,22.85,22.88,995130
2018-10-01 16:30:00,22.87,23.08,22.77,23.07,332374
2018-10-01 17:00:00,23.07,23.11,23.01,23.03,172260
2018-10-01 17:30:00,23.04,23.05,22.94,22.99,100575
2018-10-01 18:00:00,23.0,23.06,22.99,23.0,180184
2018-10-01 18:30:00,23.0,23.04,22.87,22.88,148650
2018-10-01 19:00:00,22.89,22.92,22.81,22.87,164054
2018-10-01 19:30:00,22.87,22.92,22.83,22.86,102104
2018-10-01 20:00:00,22.85,22.93,22.85,22.93,152610
2018-10-01 20:30:00,22.93,22.96,22.9,22.91,90269
2018-10-01 21:00:00,22.91,22.99,22.88,22.96,119199
2018-10-01 21:30:00,22.97,22.98,22.92,22.94,152546
2018-10-01 22:00:00,22.95,23.01,22.94,22.98,280315
2018-10-01 22:30:00,22.97,23.02,22.92,23.01,489783
2018-10-02 16:30:00,23.06,23.35,22.96,23.19,270832
2018-10-02 17:00:00,23.19,23.19,23.03,23.07,208060
2018-10-02 17:30:00,23.08,23.09,22.91,23.0,239065
2018-10-02 18:00:00,23.0,23.11,22.94,22.94,211720
2018-10-02 18:30:00,22.95,22.99,22.89,22.92,782611
2018-10-02 19:00:00,22.93,22.94,22.78,22.86,156615
2018-10-02 19:30:00,22.87,22.97,22.85,22.94,123831
2018-10-02 20:00:00,22.95,22.98,22.9,22.92,113767
2018-10-02 20:30:00,22.92,22.94,22.82,22.92,223698
2018-10-02 21:00:00,22.92,23.0,22.9,22.96,155339
2018-10-02 21:30:00,22.97,23.0,22.94,22.96,185195
2018-10-02 22:00:00,22.97,22.99,22.91,22.93,204066
2018-10-02 22:30:00,22.93,23.03,22.92,22.98,394054
2018-10-03 16:30:00,23.1,23.32,22.87,22.89,416183
2018-10-03 17:00:00,22.87,23.04,22.85,22.99,236500
2018-10-03 17:30:00,22.98,23.0,22.89,22.91,153821
2018-10-03 18:00:00,22.92,22.97,22.85,22.89,193121
2018-10-03 18:30:00,22.89,23.01,22.86,22.99,242685
2018-10-03 19:00:00,23.0,23.08,22.99,23.07,145821
2018-10-03 19:30:00,23.08,23.15,23.05,23.07,198526
2018-10-03 20:00:00,23.07,23.14,23.04,23.13,148585
2018-10-03 20:30:00,23.13,23.15,23.05,23.12,171182
2018-10-03 21:00:00,23.12,23.22,23.09,23.19,207411
2018-10-03 21:30:00,23.2,23.22,23.04,23.09,245740
2018-10-03 22:00:00,23.1,23.12,23.0,23.03,218143
2018-10-03 22:30:00,23.03,23.09,23.01,23.06,492805
2018-10-04 16:30:00,23.01,23.4,23.01,23.26,317440
2018-10-04 17:00:00,23.25,23.27,23.08,23.2,193109
2018-10-04 17:30:00,23.19,23.3,23.11,23.24,151588
2018-10-04 18:00:00,23.24,23.32,23.2,23.21,165714
2018-10-04 18:30:00,23.22,23.26,23.1,23.1,128266
2018-10-04 19:00:00,23.1,23.11,22.99,23.07,146398
2018-10-04 19:30:00,23.07,23.13,23.06,23.1,73867
2018-10-04 20:00:00,23.1,23.15,23.04,23.15,124782
2018-10-04 20:30:00,23.15,23.21,23.1,23.14,152829
2018-10-04 21:00:00,23.14,23.15,23.04,23.12,123703
2018-10-04 21:30:00,23.12,23.24,23.09,23.21,115933
2018-10-04 22:00:00,23.21,23.27,23.2,23.21,133239
2018-10-04 22:30:00,23.22,23.24,23.16,23.22,360863
2018-10-05 16:30:00,23.18,23.55,23.17,23.47,297175
2018-10-05 17:00:00,23.47,23.52,23.36,23.41,213557
2018-10-05 17:30:00,23.39,23.47,23.31,23.34,228788
2018-10-05 18:00:00,23.34,23.37,23.28,23.31,145641
2018-10-05 18:30:00,23.31,23.36,23.28,23.33,444894
2018-10-05 19:00:00,23.33,23.41,23.29,23.33,367414
2018-10-05 19:30:00,23.33,23.33,23.27,23.28,238480
2018-10-05 20:00:00,23.29,23.31,23.22,23.27,255676
2018-10-05 20:30:00,23.27,23.31,23.25,23.29,219441
2018-10-05 21:00:00,23.3,23.34,23.28,23.31,471509
2018-10-05 21:30:00,23.31,23.33,23.21,23.28,258085
2018-10-05 22:00:00,23.28,23.32,23.24,23.3,429889
2018-10-05 22:30:00,23.3,23.31,23.21,23.26,1022922
2018-10-08 16:30:00,22.97,23.08,22.53,22.54,843013
2018-10-08 17:00:00,22.54,22.74,22.49,22.69,665874
2018-10-08 17:30:00,22.68,22.72,22.38,22.43,524061
2018-10-08 18:00:00,22.42,22.54,22.39,22.53,484697
2018-10-08 18:30:00,22.51,22.64,22.39,22.45,663720
2018-10-08 19:00:00,22.46,22.69,22.42,22.64,454640
2018-10-08 19:30:00,22.64,22.65,22.57,22.59,348190
2018-10-08 20:00:00,22.59,22.6,22.43,22.44,350997
2018-10-08 20:30:00,22.45,22.47,22.35,22.39,454750
2018-10-08 21:00:00,22.39,22.59,22.36,22.54,535411
2018-10-08 21:30:00,22.55,22.56,22.32,22.37,554745
2018-10-08 22:00:00,22.36,22.48,22.32,22.32,609766
2018-10-08 22:30:00,22.33,22.46,22.32,22.41,1421611
2018-10-09 16:30:00,22.3,22.46,21.87,22.1,613291
2018-10-09 17:00:00,22.09,22.21,21.97,22.08,621461
2018-10-09 17:30:00,22.08,22.11,21.79,21.79,378318
2018-10-09 18:00:00,21.8,22.01,21.77,21.97,513491
2018-10-09 18:30:00,21.97,22.14,21.94,22.1,239683
2018-10-09 19:00:00,22.09,22.14,21.95,21.96,251114
2018-10-09 19:30:00,21.97,21.98,21.9,21.92,356784
2018-10-09 20:00:00,21.92,22.02,21.92,21.93,265784
2018-10-09 20:30:00,21.93,22.01,21.91,21.99,193714
2018-10-09 21:00:00,21.99,21.99,21.81,21.87,404554
2018-10-09 21:30:00,21.88,21.89,21.71,21.71,343567
2018-10-09 22:00:00,21.71,21.78,21.66,21.67,484275
2018-10-09 22:30:00,21.67,21.81,21.66,21.8,1153226
2018-10-10 16:30:00,21.72,21.88,21.61,21.61,512572
2018-10-10 17:00:00,21.61,21.8,21.52,21.78,399532
2018-10-10 17:30:00,21.77,21.89,21.76,21.79,263570
2018-10-10 18:00:00,21.79,21.82,21.59,21.62,392627
2018-10-10 18:30:00,21.61,21.7,21.51,21.62,445372
2018-10-10 19:00:00,21.62,21.66,21.55,21.56,193373
2018-10-10 19:30:00,21.56,21.63,21.54,21.59,199731
2018-10-10 20:00:00,21.59,21.65,21.47,21.65,291453
2018-10-10 20:30:00,21.64,21.66,21.56,21.59,180191
2018-10-10 21:00:00,21.59,21.59,21.31,21.35,369823
2018-10-10 21:30:00,21.35,21.4,21.28,21.33,287199
2018-10-10 22:00:00,21.33,21.39,21.21,21.35,389793
2018-10-10 22:30:00,21.35,21.36,21.13,21.15,1136724
2018-10-11 16:30:00,21.0,21.34,20.86,21.3,658915
2018-10-11 17:00:00,21.3,21.33,21.01,21.04,529689
2018-10-11 17:30:00,21.04,21.15,20.92,20.94,293556
2018-10-11 18:00:00,20.94,20.96,20.72,20.91,402501
2018-10-11 18:30:00,20.91,20.96,20.84,20.9,399719
2018-10-11 19:00:00,20.9,20.95,20.84,20.89,444227
2018-10-11 19:30:00,20.88,20.91,20.78,20.79,275040
2018-10-11 20:00:00,20.79,20.8,20.68,20.7,219805
2018-10-11 20:30:00,20.7,20.77,20.65,20.67,362793
2018-10-11 21:00:00,20.66,20.7,20.34,20.41,1019543
2018-10-11 21:30:00,20.4,20.44,20.05,20.29,1206428
2018-10-11 22:00:00,20.28,20.38,20.18,20.27,1001950
2018-10-11 22:30:00,20.27,20.36,20.02,20.08,2655703
2018-10-12 16:30:00,20.34,20.56,20.22,20.29,1306784
2018-10-12 17:00:00,20.28,20.3,19.9,19.94,896301
2018-10-12 17:30:00,19.93,20.17,19.89,20.11,971878
2018-10-12 18:00:00,20.1,20.15,19.87,19.88,443910
2018-10-12 18:30:00,19.88,19.95,19.78,19.81,473747
2018-10-12 19:00:00,19.81,19.9,19.73,19.82,510200
2018-10-12 19:30:00,19.82,19.84,19.65,19.73,352191
2018-10-12 20:00:00,19.74,19.88,19.69,19.69,375881
2018-10-12 20:30:00,19.7,19.89,19.69,19.78,367448
2018-10-12 21:00:00,19.78,19.82,19.69,19.8,401106
2018-10-12 21:30:00,19.8,19.81,19.68,19.8,441867
2018-10-12 22:00:00,19.81,19.95,19.74,19.93,883190
2018-10-12 22:30:00,19.93,20.02,19.9,19.93,1378359
2018-10-15 16:30:00,19.92,20.16,19.72,20.03,568980
2018-10-15 17:00:00,20.04,20.13,20.01,20.1,219108
2018-10-15 17:30:00,20.1,20.18,20.09,20.13,230966
2018-10-15 18:00:00,20.14,20.33,20.07,20.3,302013
2018-10-15 18:30:00,20.29,20.42,20.28,20.32,335161
2018-10-15 19:00:00,20.33,20.49,20.27,20.46,329564
2018-10-15 19:30:00,20.46,20.55,20.42,20.48,205940
2018-10-15 20:00:00,20.48,20.53,20.44,20.45,100719
2018-10-15 20:30:00,20.45,20.56,20.44,20.54,194003
2018-10-15 21:00:00,20.53,20.53,20.44,20.46,185973
2018-10-15 21:30:00,20.45,20.63,20.44,20.6,202008
2018-10-15 22:00:00,20.6,20.62,20.53,20.54,299122
2018-10-15 22:30:00,20.55,20.58,20.42,20.42,717616
2018-10-16 16:30:00,20.55,20.56,20.19,20.37,394656
2018-10-16 17:00:00,20.38,20.54,20.37,20.49,813470
2018-10-16 17:30:00,20.49,20.5,20.34,20.38,599402
2018-10-16 18:00:00,20.38,20.46,20.26,20.43,754637
2018-10-16 18:30:00,20.43,20.45,20.32,20.4,777184
2018-10-16 19:00:00,20.4,20.4,20.26,20.29,208439
2018-10-16 19:30:00,20.29,20.41,20.26,20.35,256393
2018-10-16 20:00:00,20.35,20.35,20.26,20.34,262377
2018-10-16 20:30:00,20.35,20.45,20.33,20.4,732766
2018-10-16 21:00:00,20.4,20.47,20.37,20.45,415455
2018-10-16 21:30:00,20.45,20.61,20.43,20.47,463061
2018-10-16 22:00:00,20.47,20.47,20.4,20.42,308472
2018-10-16 22:30:00,20.43,20.55,20.36,20.54,929308
2018-10-17 16:30:00,20.44,20.64,20.44,20.56,388887
2018-10-17 17:00:00,20.56,20.74,20.53,20.72,277714
2018-10-17 17:30:00,20.71,20.71,20.55,20.64,168796
2018-10-17 18:00:00,20.64,20.7,20.6,20.7,340853
2018-10-17 18:30:00,20.69,20.85,20.67,20.85,397985
2018-10-17 19:00:00,20.85,20.99,20.82,20.93,285538
2018-10-17 19:30:00,20.92,21.05,20.82,21.05,306457
2018-10-17 20:00:00,21.04,21.06,20.96,20.97,183317
2018-10-17 20:30:00,20.97,21.03,20.95,21.02,154048
2018-10-17 21:00:00,21.02,21.02,20.9,20.92,192048
2018-10-17 21:30:00,20.92,20.96,20.88,20.92,319554
2018-10-17 22:00:00,20.92,20.99,20.88,20.93,341106
2018-10-17 22:30:00,20.93,20.95,20.83,20.95,810631
2018-10-18 16:30:00,22.75,22.79,21.11,21.48,3687517
2018-10-18 17:00:00,21.49,21.59,21.21,21.38,1476840
2018-10-18 17:30:00,21.38,21.96,21.37,21.72,1908134
2018-10-18 18:00:00,21.73,22.01,21.62,21.72,1711604
2018-10-18 18:30:00,21.72,21.72,21.41,21.6,755314
2018-10-18 19:00:00,21.6,21.66,21.53,21.55,669616
2018-10-18 19:30:00,21.54,21.54,21.26,21.4,536562
2018-10-18 20:00:00,21.4,21.5,21.16,21.28,633366
2018-10-18 20:30:00,21.28,21.32,21.21,21.3,656605
2018-10-18 21:00:00,21.3,21.38,21.25,21.3,688163
2018-10-18 21:30:00,21.29,21.36,21.24,21.31,749709
2018-10-18 22:00:00,21.31,21.41,21.21,21.38,1064525
2018-10-18 22:30:00,21.37,21.37,21.19,21.26,2257625
2018-10-19 16:30:00,21.2,21.55,20.78,21.52,969113
2018-10-19 17:00:00,21.52,21.7,21.43,21.5,520748
2018-10-19 17:30:00,21.5,21.58,21.39,21.53,449342
2018-10-19 18:00:00,21.53,21.74,21.51,21.71,590323
2018-10-19 18:30:00,21.71,21.76,21.55,21.73,683251
2018-10-19 19:00:00,21.73,21.76,21.58,21.67,321806
2018-10-19 19:30:00,21.66,21.86,21.66,21.79,571147
2018-10-19 20:00:00,21.79,21.88,21.69,21.87,415229
2018-10-19 20:30:00,21.86,21.99,21.85,21.96,682315
2018-10-19 21:00:00,21.96,21.99,21.82,21.99,736467
2018-10-19 21:30:00,21.99,22.05,21.93,22.02,451549
2018-10-19 22:00:00,22.01,22.03,21.87,22.0,697087
2018-10-19 22:30:00,22.01,22.05,21.96,22.0,1604113
2018-10-22 16:30:00,22.0,22.07,21.6,21.71,670225
2018-10-22 17:00:00,21.72,21.76,21.54,21.55,435897
2018-10-22 17:30:00,21.55,21.75,21.51,21.64,373234
2018-10-22 18:00:00,21.63,21.64,21.29,21.29,510023
2018-10-22 18:30:00,21.3,21.39,21.11,21.13,447745
2018-10-22 19:00:00,21.14,21.3,21.13,21.2,283679
2018-10-22 19:30:00,21.2,21.31,21.16,21.26,238715
2018-10-22 20:00:00,21.26,21.3,21.21,21.26,237297
2018-10-22 20:30:00,21.26,21.35,21.22,21.25,231618
2018-10-22 21:00:00,21.25,21.27,21.19,21.22,240995
2018-10-22 21:30:00,21.21,21.24,21.16,21.22,253792
2018-10-22 22:00:00,21.22,21.27,21.15,21.19,391454
2018-10-22 22:30:00,21.19,21.24,21.08,21.12,1134861
2018-10-23 16:30:00,20.87,21.11,20.62,21.0,523342
2018-10-23 17:00:00,21.0,21.05,20.73,20.81,764222
2018-10-23 17:30:00,20.82,21.02,20.71,21.02,514667
2018-10-23 18:00:00,21.01,21.18,20.98,21.09,744640
2018-10-23 18:30:00,21.1,21.11,20.89,20.89,279739
2018-10-23 19:00:00,20.88,21.02,20.82,20.96,237887
2018-10-23 19:30:00,20.95,21.02,20.94,20.99,191233
2018-10-23 20:00:00,20.98,21.15,20.98,21.05,402176
2018-10-23 20:30:00,21.05,21.09,20.89,20.91,252673
2018-10-23 21:00:00,20.92,21.21,20.91,21.18,283790
2018-10-23 21:30:00,21.18,21.3,21.14,21.21,331242
2018-10-23 22:00:00,21.2,21.29,21.17,21.22,258583
2018-10-23 22:30:00,21.21,21.26,21.14,21.18,700579
2018-10-24 16:30:00,21.19,21.39,21.07,21.28,402186
2018-10-24 17:00:00,21.28,21.34,21.09,21.14,346773
2018-10-24 17:30:00,21.14,21.19,21.02,21.06,225796
2018-10-24 18:00:00,21.06,21.12,20.92,21.09,313587
2018-10-24 18:30:00,21.1,21.39,21.04,21.34,401775
2018-10-24 19:00:00,21.34,21.41,21.29,21.41,264053
2018-10-24 19:30:00,21.41,21.42,21.26,21.34,263987
2018-10-24 20:00:00,21.33,21.37,21.26,21.35,493253
2018-10-24 20:30:00,21.35,21.41,21.28,21.36,291623
2018-10-24 21:00:00,21.36,21.47,21.21,21.44,439154
2018-10-24 21:30:00,21.43,21.51,21.32,21.33,435215
2018-10-24 22:00:00,21.33,21.33,21.18,21.19,525831
2018-10-24 22:30:00,21.19,21.3,21.0,21.06,1269187
2018-10-25 16:30:00,21.23,21.43,21.0,21.01,729590
2018-10-25 17:00:00,21.01,21.34,20.99,21.26,581298
2018-10-25 17:30:00,21.27,21.42,21.23,21.32,287307
2018-10-25 18:00:00,21.33,21.44,21.17,21.43,336519
2018-10-25 18:30:00,21.43,21.46,21.35,21.45,313243
2018-10-25 19:00:00,21.45,21.6,21.42,21.43,291134
2018-10-25 19:30:00,21.43,21.59,21.39,21.57,359942
2018-10-25 20:00:00,21.57,21.62,21.4,21.61,328495
2018-10-25 20:30:00,21.62,21.67,21.46,21.47,269144
2018-10-25 21:00:00,21.48,21.66,21.43,21.63,229272
2018-10-25 21:30:00,21.63,21.69,21.56,21.56,475064
2018-10-25 22:00:00,21.57,21.7,21.57,21.64,733999
2018-10-25 22:30:00,21.65,21.68,21.5,21.54,1813921
2018-10-26 16:30:00,21.42,21.54,21.17,21.21,488385
2018-10-26 17:00:00,21.2,21.22,20.94,20.95,383350
2018-10-26 17:30:00,20.96,20.96,20.76,20.78,316461
2018-10-26 18:00:00,20.77,21.12,20.76,21.1,337499
2018-10-26 18:30:00,21.09,21.2,20.99,21.0,243352
2018-10-26 19:00:00,21.0,21.19,21.0,21.14,291410
2018-10-26 19:30:00,21.13,21.28,21.11,21.23,218065
2018-10-26 20:00:00,21.22,21.33,21.19,21.2,230491
2018-10-26 20:30:00,21.2,21.21,21.11,21.18,243387
2018-10-26 21:00:00,21.17,21.21,21.02,21.09,227131
2018-10-26 21:30:00,21.08,21.15,20.97,20.99,281143
2018-10-26 22:00:00,21.0,21.16,20.93,21.12,305120
2018-10-26 22:30:00,21.11,21.18,21.0,21.05,746370
2018-10-29 16:30:00,21.36,21.56,21.27,21.48,305749
2018-10-29 17:00:00,21.48,21.67,21.47,21.65,271315
2018-10-29 17:30:00,21.66,21.74,21.56,21.61,219762
2018-10-29 18:00:00,21.62,21.66,21.39,21.46,336254
2018-10-29 18:30:00,21.46,21.53,21.34,21.36,235084
2018-10-29 19:00:00,21.36,21.42,21.27,21.41,190293
2018-10-29 19:30:00,21.41,21.47,21.36,21.42,165797
2018-10-29 20:00:00,21.41,21.53,21.4,21.52,362709
2018-10-29 20:30:00,21.52,21.68,21.48,21.6,435755
2018-10-29 21:00:00,21.59,21.67,21.48,21.5,273084
2018-10-29 21:30:00,21.5,21.54,21.4,21.42,221237
2018-10-29 22:00:00,21.43,21.43,21.23,21.24,417314
2018-10-29 22:30:00,21.24,21.31,21.02,21.25,999481
2018-10-30 16:30:00,21.4,21.99,21.28,21.94,649000
2018-10-30 17:00:00,21.94,21.95,21.66,21.7,475653
2018-10-30 17:30:00,21.69,21.7,21.52,21.54,487916
2018-10-30 18:00:00,21.53,21.54,21.38,21.48,483219
2018-10-30 18:30:00,21.49,21.52,21.33,21.34,565192
2018-10-30 19:00:00,21.35,21.48,21.32,21.48,587803
2018-10-30 19:30:00,21.47,21.48,21.34,21.41,429980
2018-10-30 20:00:00,21.41,21.7,21.39,21.62,455431
2018-10-30 20:30:00,21.63,21.69,21.54,21.68,382597
2018-10-30 21:00:00,21.68,21.72,21.62,21.65,409672
2018-10-30 21:30:00,21.64,21.84,21.6,21.79,320635
2018-10-30 22:00:00,21.79,21.89,21.72,21.89,294004
2018-10-30 22:30:00,21.89,21.99,21.87,21.93,1082069
2018-10-31 16:30:00,22.18,22.22,21.86,21.9,529205
2018-10-31 17:00:00,21.9,22.03,21.77,21.95,288430
2018-10-31 17:30:00,21.95,22.1,21.93,22.04,221127
2018-10-31 18:00:00,22.04,22.07,21.96,21.98,302534
2018-10-31 18:30:00,22.0,22.04,21.92,22.0,292142
2018-10-31 19:00:00,22.0,22.02,21.85,21.95,185206
2018-10-31 19:30:00,21.95,22.05,21.89,22.04,183448
2018-10-31 20:00:00,22.04,22.14,22.0,22.01,217189
2018-10-31 20:30:00,22.01,22.02,21.96,21.98,204188
2018-10-31 21:00:00,21.98,22.08,21.95,22.06,318981
2018-10-31 21:30:00,22.06,22.13,22.01,22.11,426330
2018-10-31 22:00:00,22.11,22.17,22.04,22.07,602729
2018-10-31 22:30:00,22.07,22.08,21.68,21.72,1538525
2018-11-01 16:30:00,21.71,22.08,21.71,21.91,582535
2018-11-01 17:00:00,21.89,21.97,21.71,21.74,459649
2018-11-01 17:30:00,21.74,21.88,21.73,21.85,293151
2018-11-01 18:00:00,21.86,21.87,21.7,21.8,437871
2018-11-01 18:30:00,21.8,21.94,21.78,21.89,265534
2018-11-01 19:00:00,21.9,21.92,21.84,21.9,243192
2018-11-01 19:30:00,21.9,22.02,21.88,22.02,201303
2018-11-01 20:00:00,22.02,22.07,21.94,22.02,180749
2018-11-01 20:30:00,22.03,22.05,21.87,21.9,326408
2018-11-01 21:00:00,21.9,21.93,21.81,21.82,371500
2018-11-01 21:30:00,21.83,21.95,21.81,21.92,287080
2018-11-01 22:00:00,21.92,22.01,21.91,21.95,330394
2018-11-01 22:30:00,21.95,22.01,21.91,21.98,874926
2018-11-02 16:30:00,22.25,22.45,21.83,21.98,718526
2018-11-02 17:00:00,21.98,22.03,21.87,21.87,290197
2018-11-02 17:30:00,21.87,21.93,21.74,21.89,219075
2018-11-02 18:00:00,21.89,21.91,21.63,21.71,297731
2018-11-02 18:30:00,21.71,21.77,21.65,21.73,166743
2018-11-02 19:00:00,21.72,21.74,21.64,21.68,214539
2018-11-02 19:30:00,21.68,21.69,21.51,21.54,224599
2018-11-02 20:00:00,21.55,21.68,21.51,21.66,174615
2018-11-02 20:30:00,21.65,21.73,21.61,21.67,179689
2018-11-02 21:00:00,21.68,21.79,21.56,21.76,207177
2018-11-02 21:30:00,21.76,21.76,21.59,21.6,294375
2018-11-02 22:00:00,21.6,21.71,21.56,21.68,251286
2018-11-02 22:30:00,21.67,21.69,21.58,21.63,843595
2018-11-05 16:30:00,21.69,22.07,21.66,21.68,486917
2018-11-05 17:00:00,21.69,21.73,21.57,21.66,324428
2018-11-05 17:30:00,21.66,21.72,21.6,21.66,229417
2018-11-05 18:00:00,21.65,21.7,21.53,21.53,202733
2018-11-05 18:30:00,21.53,21.54,21.38,21.48,373292
2018-11-05 19:00:00,21.48,21.52,21.4,21.46,188124
2018-11-05 19:30:00,21.46,21.51,21.39,21.49,189784
2018-11-05 20:00:00,21.49,21.56,21.47,21.55,291752
2018-11-05 20:30:00,21.55,21.7,21.55,21.7,219304
2018-11-05 21:00:00,21.7,21.76,21.64,21.76,250740
2018-11-05 21:30:00,21.76,21.91,21.71,21.86,272259
2018-11-05 22:00:00,21.86,21.89,21.72,21.77,314258
2018-11-05 22:30:00,21.77,21.79,21.68,21.71,669354
2018-11-06 16:30:00,21.68,21.72,21.49,21.49,261024
2018-11-06 17:00:00,21.5,21.6,21.44,21.56,155132
2018-11-06 17:30:00,21.56,21.72,21.52,21.71,135272
2018-11-06 18:00:00,21.71,21.76,21.65,21.72,169737
2018-11-06 18:30:00,21.72,21.73,21.55,21.57,171197
2018-11-06 19:00:00,21.58,21.63,21.53,21.57,140566
2018-11-06 19:30:00,21.58,21.63,21.54,21.57,111520
2018-11-06 20:00:00,21.57,21.62,21.54,21.61,99039
2018-11-06 20:30:00,21.61,21.67,21.52,21.64,401346
2018-11-06 21:00:00,21.64,21.72,21.58,21.61,471817
2018-11-06 21:30:00,21.6,21.69,21.55,21.68,304765
2018-11-06 22:00:00,21.68,21.74,21.61,21.68,426962
2018-11-06 22:30:00,21.69,21.71,21.62,21.7,605074
2018-11-07 16:30:00,21.79,21.85,21.24,21.24,563081
2018-11-07 17:00:00,21.25,21.28,21.1,21.2,365860
2018-11-07 17:30:00,21.2,21.45,21.2,21.39,302776
2018-11-07 18:00:00,21.4,21.42,21.21,21.24,336903
2018-11-07 18:30:00,21.23,21.3,21.18,21.21,290190
2018-11-07 19:00:00,21.21,21.29,21.21,21.22,262013
2018-11-07 19:30:00,21.23,21.33,21.18,21.33,184735
2018-11-07 20:00:00,21.31,21.43,21.29,21.43,178556
2018-11-07 20:30:00,21.43,21.45,21.32,21.34,194966
2018-11-07 21:00:00,21.34,21.56,21.31,21.55,266093
2018-11-07 21:30:00,21.55,21.6,21.48,21.56,347258
2018-11-07 22:00:00,21.56,21.66,21.52,21.65,331351
2018-11-07 22:30:00,21.65,21.68,21.53,21.6,810882
2018-11-08 16:30:00,21.48,21.8,21.47,21.79,525302
2018-11-08 17:00:00,21.78,21.8,21.66,21.79,349856
2018-11-08 17:30:00,21.78,21.92,21.77,21.89,392132
2018-11-08 18:00:00,21.9,21.99,21.87,21.95,282934
2018-11-08 18:30:00,21.96,22.02,21.88,21.89,304308
2018-11-08 19:00:00,21.89,21.98,21.87,21.88,192959
2018-11-08 19:30:00,21.88,21.94,21.85,21.85,258831
2018-11-08 20:00:00,21.85,21.88,21.7,21.71,363462
2018-11-08 20:30:00,21.71,21.78,21.7,21.78,246768
2018-11-08 21:00:00,21.78,21.78,21.65,21.73,537702
2018-11-08 21:30:00,21.73,21.81,21.71,21.76,397787
2018-11-08 22:00:00,21.77,21.84,21.72,21.77,410118
2018-11-08 22:30:00,21.78,21.81,21.72,21.77,1039339
2018-11-09 16:30:00,21.34,21.45,20.83,20.85,536145
2018-11-09 17:00:00,20.84,20.86,20.6,20.72,373840
2018-11-09 17:30:00,20.73,20.8,20.66,20.77,362967
2018-11-09 18:00:00,20.77,20.88,20.74,20.87,242239
2018-11-09 18:30:00,20.87,20.95,20.72,20.73,231110
2018-11-09 19:00:00,20.73,20.76,20.66,20.73,192902
2018-11-09 19:30:00,20.72,20.79,20.71,20.74,203031
2018-11-09 20:00:00,20.73,20.79,20.71,20.76,149516
2018-11-09 20:30:00,20.77,20.79,20.72,20.75,201774
2018-11-09 21:00:00,20.73,20.81,20.69,20.74,217104
2018-11-09 21:30:00,20.73,20.91,20.72,20.85,250886
2018-11-09 22:00:00,20.86,20.91,20.83,20.86,384856
2018-11-09 22:30:00,20.87,20.96,20.86,20.86,679290
2018-11-12 16:30:00,20.75,20.95,20.64,20.7,406564
2018-11-12 17:00:00,20.71,20.88,20.68,20.83,316324
2018-11-12 17:30:00,20.83,20.86,20.73,20.73,291327
2018-11-12 18:00:00,20.74,20.82,20.66,20.66,481765
2018-11-12 18:30:00,20.66,20.71,20.59,20.71,297968
2018-11-12 19:00:00,20.7,20.79,20.67,20.76,234850
2018-11-12 19:30:00,20.76,20.8,20.71,20.72,562643
2018-11-12 20:00:00,20.73,20.74,20.67,20.72,264632
2018-11-12 20:30:00,20.72,20.78,20.7,20.73,254190
2018-11-12 21:00:00,20.73,20.78,20.71,20.74,279667
2018-11-12 21:30:00,20.73,20.75,20.61,20.61,362814
2018-11-12 22:00:00,20.62,20.74,20.59,20.71,402033
2018-11-12 22:30:00,20.72,20.73,20.39,20.49,1641387
2018-11-13 16:30:00,20.52,20.61,19.8,20.2,1101649
2018-11-13 17:00:00,20.2,20.25,20.01,20.04,948104
2018-11-13 17:30:00,20.03,20.09,19.96,20.01,575415
2018-11-13 18:00:00,19.99,20.24,19.98,20.21,765345
2018-11-13 18:30:00,20.22,20.24,20.12,20.19,446821
2018-11-13 19:00:00,20.2,20.25,20.13,20.15,493818
2018-11-13 19:30:00,20.16,20.19,20.07,20.11,452033
2018-11-13 20:00:00,20.11,20.14,19.97,20.05,358782
2018-11-13 20:30:00,20.05,20.11,19.98,20.08,650026
2018-11-13 21:00:00,20.08,20.09,19.92,20.01,395634
2018-11-13 21:30:00,20.0,20.01,19.9,19.92,593404
2018-11-13 22:00:00,19.92,20.01,19.91,19.96,615758
2018-11-13 22:30:00,19.95,19.97,19.84,19.84,1991462
2018-11-14 16:30:00,19.98,20.35,19.98,20.29,754633
2018-11-14 17:00:00,20.29,20.43,20.12,20.16,913911
2018-11-14 17:30:00,20.16,20.19,19.95,19.97,558338
2018-11-14 18:00:00,19.98,19.99,19.75,19.8,589156
2018-11-14 18:30:00,19.8,19.82,19.63,19.76,658978
2018-11-14 19:00:00,19.76,19.8,19.58,19.69,612840
2018-11-14 19:30:00,19.69,19.69,19.33,19.33,1031264
2018-11-14 20:00:00,19.34,19.47,19.3,19.45,741054
2018-11-14 20:30:00,19.46,19.48,19.34,19.4,453189
2018-11-14 21:00:00,19.4,19.49,19.28,19.42,734430
2018-11-14 21:30:00,19.41,19.64,19.36,19.6,741730
2018-11-14 22:00:00,19.6,19.75,19.58,19.74,825302
2018-11-14 22:30:00,19.74,19.84,19.65,19.72,1096190
2018-11-15 16:30:00,19.49,19.69,19.36,19.5,462775
2018-11-15 17:00:00,19.49,19.6,19.48,19.58,298860
2018-11-15 17:30:00,19.58,19.64,19.45,19.59,422617
2018-11-15 18:00:00,19.59,19.9,19.55,19.89,515985
2018-11-15 18:30:00,19.89,20.03,19.85,20.0,313754
2018-11-15 19:00:00,20.01,20.08,19.95,20.02,337935
2018-11-15 19:30:00,20.03,20.04,19.84,19.89,654544
2018-11-15 20:00:00,19.89,20.07,19.78,20.07,209229
2018-11-15 20:30:00,20.06,20.09,19.94,20.02,254465
2018-11-15 21:00:00,20.02,20.04,19.9,19.96,307783
2018-11-15 21:30:00,19.96,20.04,19.93,19.96,294259
2018-11-15 22:00:00,19.96,20.0,19.83,19.93,455355
2018-11-15 22:30:00,19.93,20.06,19.92,20.06,938169
2018-11-16 16:30:00,19.95,20.12,19.82,20.09,626743
2018-11-16 17:00:00,20.09,20.11,19.92,19.96,350561
2018-11-16 17:30:00,19.97,20.1,19.96,20.02,250871
2018-11-16 18:00:00,20.03,20.04,19.93,19.97,241078
2018-11-16 18:30:00,19.97,20.07,19.97,20.03,170397
2018-11-16 19:00:00,20.04,20.08,20.01,20.03,168113
2018-11-16 19:30:00,20.04,20.3,20.02,20.19,220369
2018-11-16 20:00:00,20.2,20.21,20.11,20.19,251856
2018-11-16 20:30:00,20.19,20.27,20.15,20.18,470956
2018-11-16 21:00:00,20.18,20.21,20.06,20.15,674205
2018-11-16 21:30:00,20.16,20.17,20.05,20.07,221958
2018-11-16 22:00:00,20.08,20.14,20.05,20.06,301398
2018-11-16 22:30:00,20.06,20.13,20.03,20.06,1368726
2018-11-19 16:30:00,20.1,20.22,19.96,20.21,516119
2018-11-19 17:00:00,20.21,20.28,20.14,20.27,370311
2018-11-19 17:30:00,20.26,20.38,20.2,20.37,276583
2018-11-19 18:00:00,20.38,20.43,20.26,20.28,904848
2018-11-19 18:30:00,20.28,20.3,20.06,20.1,333344
2018-11-19 19:00:00,20.11,20.13,19.99,20.04,226009
2018-11-19 19:30:00,20.03,20.2,19.97,20.2,283892
2018-11-19 20:00:00,20.2,20.21,20.09,20.21,411467
2018-11-19 20:30:00,20.2,20.2,20.1,20.1,243795
2018-11-19 21:00:00,20.11,20.15,20.05,20.13,404073
2018-11-19 21:30:00,20.12,20.23,20.08,20.22,406777
2018-11-19 22:00:00,20.23,20.32,20.16,20.19,301584
2018-11-19 22:30:00,20.19,20.21,20.07,20.1,1159112
2018-11-20 16:30:00,19.96,20.14,19.82,19.93,555831
2018-11-20 17:00:00,19.93,20.05,19.88,20.01,572912
2018-11-20 17:30:00,20.01,20.21,19.93,20.13,542763
2018-11-20 18:00:00,20.13,20.18,19.97,20.0,361333
2018-11-20 18:30:00,20.0,20.04,19.94,20.01,313382
2018-11-20 19:00:00,20.02,20.09,19.92,19.96,502133
2018-11-20 19:30:00,19.95,19.99,19.9,19.91,147268
2018-11-20 20:00:00,19.91,19.96,19.87,19.92,166639
2018-11-20 20:30:00,19.92,20.01,19.89,19.91,217172
2018-11-20 21:00:00,19.9,19.95,19.85,19.88,247098
2018-11-20 21:30:00,19.89,19.96,19.85,19.86,278212
2018-11-20 22:00:00,19.86,20.02,19.82,20.01,328567
2018-11-20 22:30:00,20.01,20.03,19.85,19.88,821950
2018-11-21 16:30:00,19.89,20.09,19.8,20.09,661664
2018-11-21 17:00:00,20.09,20.37,20.05,20.37,740706
2018-11-21 17:30:00,20.37,20.44,20.25,20.37,385199
2018-11-21 18:00:00,20.37,20.5,20.33,20.45,245753
2018-11-21 18:30:00,20.46,20.49,20.34,20.37,510657
2018-11-21 19:00:00,20.37,20.39,20.27,20.28,292385
2018-11-21 19:30:00,20.29,20.31,20.2,20.25,262696
2018-11-21 20:00:00,20.24,20.29,20.21,20.29,166651
2018-11-21 20:30:00,20.28,20.37,20.26,20.29,224093
2018-11-21 21:00:00,20.29,20.3,20.13,20.18,490431
2018-11-21 21:30:00,20.19,20.2,20.13,20.16,264947
2018-11-21 22:00:00,20.15,20.22,20.14,20.19,255691
2018-11-21 22:30:00,20.19,20.2,20.13,20.13,847173
2018-11-23 16:30:00,19.98,20.06,19.82,19.95,174510
2018-11-23 17:00:00,19.94,20.17,19.93,20.03,223783
2018-11-23 17:30:00,20.04,20.25,20.04,20.15,243494
2018-11-23 18:00:00,20.16,20.36,20.16,20.34,243593
2018-11-23 18:30:00,20.33,20.45,20.3,20.32,170102
2018-11-23 19:00:00,20.32,20.33,20.26,20.29,213104
2018-11-23 19:30:00,20.29,20.4,20.23,20.27,529833
2018-11-23 20:00:00,20.26,20.26,20.26,20.26,110247
2018-11-23 21:00:00,20.26,20.26,20.26,20.26,438
2018-11-26 16:30:00,20.58,20.69,20.45,20.65,325818
2018-11-26 17:00:00,20.66,20.8,20.64,20.76,229852
2018-11-26 17:30:00,20.77,20.86,20.66,20.86,274453
2018-11-26 18:00:00,20.86,20.93,20.77,20.85,221689
2018-11-26 18:30:00,20.85,20.92,20.8,20.92,165479
2018-11-26 19:00:00,20.92,20.99,20.81,20.81,169981
2018-11-26 19:30:00,20.81,20.83,20.69,20.75,170150
2018-11-26 20:00:00,20.76,20.78,20.72,20.76,123996
2018-11-26 20:30:00,20.76,20.83,20.74,20.82,123665
2018-11-26 21:00:00,20.83,20.9,20.8,20.86,145929
2018-11-26 21:30:00,20.85,20.9,20.82,20.88,339880
2018-11-26 22:00:00,20.87,20.89,20.77,20.79,318883
2018-11-26 22:30:00,20.8,20.85,20.73,20.77,664623
2018-11-27 16:30:00,20.61,20.74,20.5,20.52,267681
2018-11-27 17:00:00,20.53,20.65,20.48,20.62,253215
2018-11-27 17:30:00,20.62,20.8,20.6,20.73,202545
2018-11-27 18:00:00,20.72,20.82,20.67,20.69,270492
2018-11-27 18:30:00,20.69,20.73,20.65,20.66,136809
2018-11-27 19:00:00,20.65,20.66,20.54,20.54,135148
2018-11-27 19:30:00,20.55,20.65,20.53,20.57,178385
2018-11-27 20:00:00,20.58,20.62,20.53,20.55,214861
2018-11-27 20:30:00,20.55,20.58,20.51,20.54,163634
2018-11-27 21:00:00,20.55,20.57,20.48,20.49,175399
2018-11-27 21:30:00,20.5,20.51,20.41,20.42,214419
2018-11-27 22:00:00,20.43,20.47,20.42,20.46,204740
2018-11-27 22:30:00,20.45,20.48,20.42,20.47,536779
2018-11-28 16:30:00,20.45,20.53,20.32,20.39,213028
2018-11-28 17:00:00,20.39,20.41,20.0,20.09,643846
2018-11-28 17:30:00,20.09,20.26,20.06,20.24,989683
2018-11-28 18:00:00,20.25,20.52,20.25,20.5,195200
2018-11-28 18:30:00,20.51,20.53,20.4,20.45,162072
2018-11-28 19:00:00,20.45,20.84,20.45,20.82,428848
2018-11-28 19:30:00,20.83,20.88,20.77,20.8,289096
2018-11-28 20:00:00,20.8,20.81,20.63,20.73,319374
2018-11-28 20:30:00,20.73,20.75,20.64,20.65,326536
2018-11-28 21:00:00,20.64,20.7,20.53,20.57,438539
2018-11-28 21:30:00,20.58,20.66,20.53,20.55,327080
2018-11-28 22:00:00,20.56,20.65,20.53,20.64,382069
2018-11-28 22:30:00,20.65,20.68,20.62,20.68,1059378
2018-11-29 16:30:00,20.49,20.57,20.27,20.27,226794
2018-11-29 17:00:00,20.27,20.37,20.22,20.32,308289
2018-11-29 17:30:00,20.32,20.42,20.22,20.28,301259
2018-11-29 18:00:00,20.27,20.36,20.25,20.36,238661
2018-11-29 18:30:00,20.36,20.37,20.26,20.32,288557
2018-11-29 19:00:00,20.32,20.32,20.25,20.3,113260
2018-11-29 19:30:00,20.31,20.37,20.3,20.35,121906
2018-11-29 20:00:00,20.35,20.37,20.3,20.35,121650
2018-11-29 20:30:00,20.35,20.4,20.3,20.36,126545
2018-11-29 21:00:00,20.36,20.5,20.32,20.44,148572
2018-11-29 21:30:00,20.44,20.47,20.41,20.42,216277
2018-11-29 22:00:00,20.43,20.43,20.31,20.34,270032
2018-11-29 22:30:00,20.33,20.35,20.21,20.24,661291
2018-11-30 16:30:00,20.16,20.28,20.07,20.17,324853
2018-11-30 17:00:00,20.17,20.39,20.15,20.33,230242
2018-11-30 17:30:00,20.34,20.47,20.33,20.45,226160
2018-11-30 18:00:00,20.45,20.48,20.27,20.3,201819
2018-11-30 18:30:00,20.29,20.39,20.25,20.34,220673
2018-11-30 19:00:00,20.34,20.34,20.16,20.18,231946
2018-11-30 19:30:00,20.19,20.22,20.1,20.18,265709
2018-11-30 20:00:00,20.18,20.22,20.15,20.22,167812
2018-11-30 20:30:00,20.22,20.35,20.2,20.28,173119
2018-11-30 21:00:00,20.29,20.35,20.26,20.27,280560
2018-11-30 21:30:00,20.27,20.34,20.27,20.32,342132
2018-11-30 22:00:00,20.31,20.4,20.29,20.33,305607
2018-11-30 22:30:00,20.33,20.4,20.31,20.33,856865
2018-12-03 16:30:00,20.56,20.88,20.56,20.62,319413
2018-12-03 17:00:00,20.62,20.69,20.53,20.69,241542
2018-12-03 17:30:00,20.69,20.75,20.57,20.6,179601
2018-12-03 18:00:00,20.6,20.6,20.49,20.54,188340
2018-12-03 18:30:00,20.54,20.55,20.43,20.46,164572
2018-12-03 19:00:00,20.46,20.62,20.45,20.62,127441
2018-12-03 19:30:00,20.63,20.66,20.58,20.62,138133
2018-12-03 20:00:00,20.62,20.69,20.62,20.66,133881
2018-12-03 20:30:00,20.65,20.65,20.52,20.55,171010
2018-12-03 21:00:00,20.55,20.64,20.49,20.63,194070
2018-12-03 21:30:00,20.64,20.69,20.54,20.57,229864
2018-12-03 22:00:00,20.57,20.65,20.54,20.6,182144
2018-12-03 22:30:00,20.59,20.65,20.55,20.65,972898
2018-12-04 16:30:00,20.32,20.48,19.58,19.61,1226599
2018-12-04 17:00:00,19.61,19.69,19.42,19.65,1114159
2018-12-04 17:30:00,19.64,19.69,19.56,19.58,594746
2018-12-04 18:00:00,19.58,19.7,19.55,19.65,574626
2018-12-04 18:30:00,19.65,19.78,19.64,19.72,890079
2018-12-04 19:00:00,19.73,19.74,19.53,19.53,697161
2018-12-04 19:30:00,19.53,19.66,19.49,19.57,753021
2018-12-04 20:00:00,19.56,19.58,19.44,19.45,693715
2018-12-04 20:30:00,19.45,19.5,19.34,19.44,465651
2018-12-04 21:00:00,19.43,19.54,19.36,19.43,528446
2018-12-04 21:30:00,19.43,19.63,19.37,19.56,491159
2018-12-04 22:00:00,19.55,19.61,19.5,19.55,684826
2018-12-04 22:30:00,19.55,19.69,19.5,19.53,1437011
2018-12-06 16:30:00,19.11,19.11,18.81,18.91,858781
2018-12-06 17:00:00,18.91,19.2,18.87,19.05,696749
2018-12-06 17:30:00,19.04,19.05,18.78,18.81,326249
2018-12-06 18:00:00,18.82,18.84,18.52,18.6,467854
2018-12-06 18:30:00,18.59,18.89,18.58,18.8,486347
2018-12-06 19:00:00,18.8,18.85,18.72,18.85,466296
2018-12-06 19:30:00,18.84,18.84,18.66,18.69,292968
2018-12-06 20:00:00,18.68,18.69,18.49,18.57,509993
2018-12-06 20:30:00,18.57,18.76,18.54,18.76,370207
2018-12-06 21:00:00,18.76,18.79,18.57,18.69,370743
2018-12-06 21:30:00,18.69,18.73,18.59,18.68,454089
2018-12-06 22:00:00,18.68,18.74,18.61,18.73,758194
2018-12-06 22:30:00,18.73,18.96,18.72,18.88,1393360
2018-12-07 16:30:00,18.9,19.28,18.9,19.14,361558
2018-12-07 17:00:00,19.15,19.16,18.89,18.97,326985
2018-12-07 17:30:00,18.98,18.99,18.82,18.96,360794
2018-12-07 18:00:00,18.96,19.01,18.68,18.73,506718
2018-12-07 18:30:00,18.73,18.82,18.66,18.66,325173
2018-12-07 19:00:00,18.66,18.76,18.63,18.68,263915
2018-12-07 19:30:00,18.67,18.74,18.59,18.73,215428
2018-12-07 20:00:00,18.72,18.77,18.56,18.59,183819
2018-12-07 20:30:00,18.58,18.66,18.55,18.57,377349
2018-12-07 21:00:00,18.57,18.61,18.44,18.57,261948
2018-12-07 21:30:00,18.56,18.57,18.39,18.4,390369
2018-12-07 22:00:00,18.4,18.53,18.39,18.51,466327
2018-12-07 22:30:00,18.5,18.64,18.47,18.52,1293206
2018-12-10 16:30:00,18.37,18.54,18.03,18.22,349336
2018-12-10 17:00:00,18.21,18.31,18.09,18.14,275822
2018-12-10 17:30:00,18.13,18.16,17.76,17.76,654136
2018-12-10 18:00:00,17.77,17.8,17.62,17.8,354464
2018-12-10 18:30:00,17.8,17.97,17.77,17.84,255375
2018-12-10 19:00:00,17.84,17.96,17.8,17.86,206913
2018-12-10 19:30:00,17.87,18.13,17.86,18.04,360134
2018-12-10 20:00:00,18.04,18.14,18.02,18.05,337722
2018-12-10 20:30:00,18.05,18.13,18.03,18.1,191509
2018-12-10 21:00:00,18.1,18.11,17.91,18.01,197888
2018-12-10 21:30:00,18.02,18.15,17.99,18.01,237255
2018-12-10 22:00:00,18.01,18.02,17.87,17.89,354190
2018-12-10 22:30:00,17.89,18.03,17.88,17.95,1109165
2018-12-11 16:30:00,18.12,18.26,17.95,17.97,646346
2018-12-11 17:00:00,17.97,18.05,17.91,18.0,435253
2018-12-11 17:30:00,18.01,18.03,17.77,17.83,307594
2018-12-11 18:00:00,17.82,17.87,17.66,17.66,455774
2018-12-11 18:30:00,17.67,17.73,17.63,17.64,243998
2018-12-11 19:00:00,17.63,17.63,17.46,17.51,480595
2018-12-11 19:30:00,17.51,17.53,17.38,17.38,720156
2018-12-11 20:00:00,17.38,17.51,17.3,17.42,693464
2018-12-11 20:30:00,17.42,17.46,17.3,17.34,238735
2018-12-11 21:00:00,17.34,17.49,17.27,17.49,507876
2018-12-11 21:30:00,17.49,17.57,17.44,17.48,416445
2018-12-11 22:00:00,17.48,17.59,17.41,17.54,485965
2018-12-11 22:30:00,17.54,17.61,17.35,17.38,1156196
2018-12-12 16:30:00,17.61,17.7,17.44,17.48,715327
2018-12-12 17:00:00,17.49,17.55,17.34,17.51,381847
2018-12-12 17:30:00,17.52,17.62,17.4,17.61,269410
2018-12-12 18:00:00,17.61,17.75,17.59,17.72,241241
2018-12-12 18:30:00,17.72,17.84,17.69,17.84,274550
2018-12-12 19:00:00,17.85,17.92,17.82,17.92,185434
2018-12-12 19:30:00,17.91,17.95,17.84,17.95,141014
2018-12-12 20:00:00,17.95,18.03,17.9,17.96,162127
2018-12-12 20:30:00,17.96,17.96,17.85,17.89,168959
2018-12-12 21:00:00,17.88,17.9,17.77,17.79,192761
2018-12-12 21:30:00,17.8,17.83,17.71,17.81,196479
2018-12-12 22:00:00,17.81,17.84,17.7,17.7,269531
2018-12-12 22:30:00,17.71,17.77,17.62,17.63,600397
2018-12-13 16:30:00,17.64,17.74,17.25,17.26,371773
2018-12-13 17:00:00,17.27,17.33,17.16,17.22,331253
2018-12-13 17:30:00,17.21,17.47,17.13,17.42,442701
2018-12-13 18:00:00,17.43,17.45,17.28,17.35,301171
2018-12-13 18:30:00,17.34,17.43,17.31,17.33,168645
2018-12-13 19:00:00,17.33,17.34,17.26,17.27,181368
2018-12-13 19:30:00,17.27,17.42,17.26,17.4,244778
2018-12-13 20:00:00,17.4,17.41,17.22,17.25,154497
2018-12-13 20:30:00,17.25,17.31,17.2,17.21,156165
2018-12-13 21:00:00,17.21,17.22,17.14,17.2,188181
2018-12-13 21:30:00,17.19,17.22,17.13,17.2,202839
2018-12-13 22:00:00,17.2,17.24,17.13,17.2,240866
2018-12-13 22:30:00,17.19,17.28,17.18,17.23,562168
2018-12-14 16:30:00,17.08,17.46,17.08,17.44,455856
2018-12-14 17:00:00,17.43,17.43,17.18,17.19,275760
2018-12-14 17:30:00,17.19,17.21,17.05,17.06,298603
2018-12-14 18:00:00,17.06,17.16,17.06,17.11,303808
2018-12-14 18:30:00,17.12,17.16,17.04,17.07,369952
2018-12-14 19:00:00,17.07,17.15,17.01,17.15,129158
2018-12-14 19:30:00,17.15,17.19,17.06,17.06,572130
2018-12-14 20:00:00,17.06,17.16,17.03,17.07,245619
2018-12-14 20:30:00,17.06,17.11,17.01,17.02,155403
2018-12-14 21:00:00,17.02,17.03,16.93,16.95,235833
2018-12-14 21:30:00,16.94,16.95,16.86,16.94,308238
2018-12-14 22:00:00,16.94,17.03,16.93,16.95,356958
2018-12-14 22:30:00,16.96,16.98,16.9,16.95,687730
2018-12-17 16:30:00,16.94,17.21,16.82,17.19,381823
2018-12-17 17:00:00,17.19,17.36,17.15,17.34,371745
2018-12-17 17:30:00,17.35,17.4,17.25,17.31,424836
2018-12-17 18:00:00,17.31,17.55,17.31,17.48,312914
2018-12-17 18:30:00,17.48,17.52,17.39,17.41,395368
2018-12-17 19:00:00,17.41,17.42,17.27,17.31,154377
2018-12-17 19:30:00,17.3,17.3,17.13,17.18,287123
2018-12-17 20:00:00,17.18,17.25,17.14,17.2,169476
2018-12-17 20:30:00,17.2,17.23,17.14,17.15,239777
2018-12-17 21:00:00,17.15,17.23,17.09,17.18,273348
2018-12-17 21:30:00,17.17,17.22,17.01,17.03,327062
2018-12-17 22:00:00,17.02,17.07,16.97,16.99,418820
2018-12-17 22:30:00,17.0,17.0,16.87,16.99,986036
2018-12-18 16:30:00,17.08,17.38,17.06,17.37,368511
2018-12-18 17:00:00,17.36,17.38,17.27,17.31,182162
2018-12-18 17:30:00,17.32,17.4,17.12,17.12,232456
2018-12-18 18:00:00,17.13,17.17,17.01,17.09,238840
2018-12-18 18:30:00,17.08,17.16,17.01,17.1,188614
2018-12-18 19:00:00,17.1,17.19,17.1,17.12,204638
2018-12-18 19:30:00,17.12,17.13,16.97,16.99,206142
2018-12-18 20:00:00,17.0,17.06,16.96,16.99,136291
2018-12-18 20:30:00,16.99,17.05,16.93,16.96,143915
2018-12-18 21:00:00,16.95,17.03,16.95,17.02,168315
2018-12-18 21:30:00,17.01,17.02,16.79,16.85,389569
2018-12-18 22:00:00,16.85,16.98,16.83,16.85,344306
2018-12-18 22:30:00,16.86,17.03,16.84,16.96,929344
2018-12-19 16:30:00,16.86,16.92,16.62,16.83,378986
2018-12-19 17:00:00,16.83,16.98,16.81,16.93,263203
2018-12-19 17:30:00,16.94,17.07,16.94,17.04,315154
2018-12-19 18:00:00,17.04,17.12,17.04,17.04,212901
2018-12-19 18:30:00,17.04,17.05,16.96,17.03,148616
2018-12-19 19:00:00,17.02,17.13,17.02,17.1,174343
2018-12-19 19:30:00,17.1,17.16,17.08,17.1,157296
2018-12-19 20:00:00,17.11,17.12,17.0,17.01,331586
2018-12-19 20:30:00,17.01,17.18,16.97,17.16,304977
2018-12-19 21:00:00,17.16,17.18,16.66,16.85,377500
2018-12-19 21:30:00,16.85,16.93,16.51,16.57,393322
2018-12-19 22:00:00,16.56,16.56,16.31,16.31,966981
2018-12-19 22:30:00,16.32,16.46,16.3,16.42,729566
2018-12-20 16:30:00,16.36,16.55,16.27,16.5,436797
2018-12-20 17:00:00,16.5,16.62,16.46,16.6,363088
2018-12-20 17:30:00,16.6,16.79,16.59,16.76,305410
2018-12-20 18:00:00,16.75,16.77,16.5,16.52,530219
2018-12-20 18:30:00,16.52,16.54,16.29,16.33,749642
2018-12-20 19:00:00,16.32,16.48,16.29,16.45,296759
2018-12-20 19:30:00,16.45,16.46,16.27,16.32,271043
2018-12-20 20:00:00,16.33,16.34,16.23,16.29,259846
2018-12-20 20:30:00,16.29,16.31,16.19,16.24,521408
2018-12-20 21:00:00,16.25,16.27,16.08,16.2,549254
2018-12-20 21:30:00,16.19,16.42,16.18,16.3,589890
2018-12-20 22:00:00,16.29,16.37,16.21,16.28,441872
2018-12-20 22:30:00,16.28,16.35,16.18,16.29,1658796
2018-12-21 16:30:00,16.27,16.51,16.25,16.48,1052564
2018-12-21 17:00:00,16.47,16.72,16.44,16.63,422158
2018-12-21 17:30:00,16.63,16.66,16.56,16.61,310198
2018-12-21 18:00:00,16.61,16.63,16.49,16.62,291704
2018-12-21 18:30:00,16.62,16.67,16.53,16.55,238219
2018-12-21 19:00:00,16.56,16.58,16.43,16.43,223326
2018-12-21 19:30:00,16.43,16.51,16.34,16.37,311139
2018-12-21 20:00:00,16.37,16.45,16.35,16.39,493073
2018-12-21 20:30:00,16.38,16.49,16.35,16.37,231620
2018-12-21 21:00:00,16.37,16.4,16.27,16.32,288308
2018-12-21 21:30:00,16.33,16.38,16.24,16.3,287216
2018-12-21 22:00:00,16.3,16.33,16.05,16.05,422372
2018-12-21 22:30:00,16.06,16.13,15.97,16.01,1547613
2018-12-24 16:30:00,16.0,16.01,15.63,15.79,426474
2018-12-24 17:00:00,15.8,15.91,15.65,15.81,323938
2018-12-24 17:30:00,15.82,16.11,15.82,16.09,283710
2018-12-24 18:00:00,16.1,16.18,16.02,16.1,368737
2018-12-24 18:30:00,16.09,16.2,15.95,15.95,255693
2018-12-24 19:00:00,15.95,16.01,15.83,15.9,345102
2018-12-24 19:30:00,15.9,15.95,15.7,15.73,487224
2018-12-24 20:00:00,15.71,15.71,15.71,15.71,146353
2018-12-24 20:30:00,15.71,15.71,15.71,15.71,112
2018-12-26 16:30:00,15.8,15.8,15.5,15.6,448734
2018-12-26 17:00:00,15.59,15.59,15.38,15.54,196203
2018-12-26 17:30:00,15.53,15.61,15.46,15.54,279029
2018-12-26 18:00:00,15.55,15.82,15.55,15.81,362147
2018-12-26 18:30:00,15.82,16.0,15.79,15.99,341707
2018-12-26 19:00:00,15.99,16.09,15.98,16.01,281093
2018-12-26 19:30:00,16.02,16.1,15.97,16.09,345322
2018-12-26 20:00:00,16.08,16.1,15.91,15.94,345737
2018-12-26 20:30:00,15.93,16.15,15.93,16.14,277602
2018-12-26 21:00:00,16.15,16.16,16.05,16.09,337288
2018-12-26 21:30:00,16.08,16.19,16.07,16.18,377037
2018-12-26 22:00:00,16.18,16.24,16.13,16.24,520689
2018-12-26 22:30:00,16.24,16.48,16.23,16.47,982714
2018-12-27 16:30:00,16.18,16.36,15.92,16.34,371034
2018-12-27 17:00:00,16.33,16.46,16.28,16.37,287031
2018-12-27 17:30:00,16.37,16.49,16.27,16.27,232300
2018-12-27 18:00:00,16.27,16.45,16.23,16.43,194292
2018-12-27 18:30:00,16.43,16.5,16.33,16.4,291360
2018-12-27 19:00:00,16.38,16.4,16.22,16.25,186469
2018-12-27 19:30:00,16.24,16.28,16.19,16.24,180808
2018-12-27 20:00:00,16.23,16.29,16.18,16.2,145787
2018-12-27 20:30:00,16.2,16.23,16.12,16.14,201073
2018-12-27 21:00:00,16.14,16.17,16.1,16.17,236268
2018-12-27 21:30:00,16.16,16.28,16.13,16.27,309091
2018-12-27 22:00:00,16.28,16.41,16.17,16.41,277059
2018-12-27 22:30:00,16.39,16.71,16.36,16.71,786026
2018-12-28 16:30:00,16.76,16.96,16.64,16.78,441714
2018-12-28 17:00:00,16.79,16.85,16.59,16.64,407669
2018-12-28 17:30:00,16.62,16.64,16.53,16.61,278759
2018-12-28 18:00:00,16.62,16.75,16.59,16.65,340261
2018-12-28 18:30:00,16.65,16.69,16.57,16.6,262313
2018-12-28 19:00:00,16.62,16.73,16.62,16.72,226755
2018-12-28 19:30:00,16.73,16.74,16.51,16.52,200542
2018-12-28 20:00:00,16.52,16.55,16.43,16.45,262183
2018-12-28 20:30:00,16.46,16.65,16.43,16.58,345426
2018-12-28 21:00:00,16.58,16.72,16.53,16.68,326492
2018-12-28 21:30:00,16.68,16.86,16.67,16.75,395975
2018-12-28 22:00:00,16.75,16.77,16.48,16.53,402615
2018-12-28 22:30:00,16.53,16.58,16.44,16.56,922577
2018-12-31 16:30:00,16.53,16.79,16.53,16.74,328575
2018-12-31 17:00:00,16.74,16.83,16.64,16.67,348962
2018-12-31 17:30:00,16.67,16.71,16.56,16.56,231973
2018-12-31 18:00:00,16.57,16.57,16.4,16.54,171719
2018-12-31 18:30:00,16.54,16.57,16.41,16.57,247612
2018-12-31 19:00:00,16.57,16.65,16.57,16.61,161963
2018-12-31 19:30:00,16.61,16.69,16.61,16.67,201730
2018-12-31 20:00:00,16.68,16.7,16.65,16.68,125230
2018-12-31 20:30:00,16.68,16.7,16.59,16.59,119859
2018-12-31 21:00:00,16.59,16.61,16.51,16.56,208819
2018-12-31 21:30:00,16.56,16.64,16.48,16.56,169690
2018-12-31 22:00:00,16.56,16.63,16.52,16.6,213718
2018-12-31 22:30:00,16.6,16.75,16.6,16.75,607831
2019-01-02 16:30:00,16.42,16.7,16.32,16.69,377217
2019-01-02 17:00:00,16.69,16.91,16.66,16.85,319105
2019-01-02 17:30:00,16.86,17.0,16.82,16.96,215261
2019-01-02 18:00:00,16.96,17.04,16.89,16.9,241642
2019-01-02 18:30:00,16.9,16.95,16.81,16.81,224804
2019-01-02 19:00:00,16.82,16.88,16.75,16.77,299689
2019-01-02 19:30:00,16.77,16.92,16.75,16.87,358652
2019-01-02 20:00:00,16.87,16.95,16.86,16.91,291509
2019-01-02 20:30:00,16.91,17.04,16.87,17.04,225984
2019-01-02 21:00:00,17.03,17.04,16.9,16.93,211144
2019-01-02 21:30:00,16.93,16.99,16.85,16.86,207146
2019-01-02 22:00:00,16.85,16.9,16.72,16.76,404648
2019-01-02 22:30:00,16.75,16.89,16.72,16.85,765840
2019-01-03 16:30:00,16.75,16.83,16.59,16.66,502675
2019-01-03 17:00:00,16.66,16.66,16.44,16.49,488424
2019-01-03 17:30:00,16.49,16.49,16.36,16.48,604354
2019-01-03 18:00:00,16.48,16.63,16.47,16.49,359472
2019-01-03 18:30:00,16.5,16.78,16.49,16.73,300477
2019-01-03 19:00:00,16.73,16.8,16.68,16.72,278328
2019-01-03 19:30:00,16.73,16.85,16.7,16.83,218104
2019-01-03 20:00:00,16.82,16.82,16.61,16.66,232756
2019-01-03 20:30:00,16.65,16.72,16.61,16.61,223482
2019-01-03 21:00:00,16.61,16.65,16.51,16.63,365968
2019-01-03 21:30:00,16.63,16.66,16.47,16.49,307809
2019-01-03 22:00:00,16.5,16.55,16.47,16.48,467322
2019-01-03 22:30:00,16.48,16.54,16.39,16.44,738497
2019-01-04 16:30:00,16.75,16.84,16.62,16.8,242561
2019-01-04 17:00:00,16.8,16.97,16.72,16.97,197892
2019-01-04 17:30:00,16.96,16.99,16.82,16.98,220730
2019-01-04 18:00:00,16.98,17.08,16.89,16.94,296676
2019-01-04 18:30:00,16.93,17.13,16.91,17.11,318107
2019-01-04 19:00:00,17.11,17.19,17.02,17.16,225246
2019-01-04 19:30:00,17.17,17.22,17.11,17.17,231450
2019-01-04 20:00:00,17.17,17.28,17.16,17.17,198181
2019-01-04 20:30:00,17.18,17.22,17.11,17.18,237055
2019-01-04 21:00:00,17.18,17.26,17.11,17.25,270472
2019-01-04 21:30:00,17.25,17.34,17.21,17.24,373148
2019-01-04 22:00:00,17.24,17.29,17.17,17.22,341100
2019-01-04 22:30:00,17.21,17.29,17.2,17.26,751403
2019-01-07 16:30:00,17.19,17.29,17.01,17.19,212830
2019-01-07 17:00:00,17.17,17.33,17.15,17.26,288308
2019-01-07 17:30:00,17.26,17.42,17.26,17.42,288950
2019-01-07 18:00:00,17.41,17.51,17.39,17.45,362986
2019-01-07 18:30:00,17.45,17.54,17.4,17.54,166229
2019-01-07 19:00:00,17.54,17.55,17.45,17.51,147398
2019-01-07 19:30:00,17.52,17.61,17.5,17.59,150427
2019-01-07 20:00:00,17.6,17.7,17.57,17.66,230226
2019-01-07 20:30:00,17.65,17.72,17.54,17.57,214854
2019-01-07 21:00:00,17.56,17.64,17.54,17.6,202765
2019-01-07 21:30:00,17.59,17.59,17.5,17.53,201781
2019-01-07 22:00:00,17.53,17.61,17.52,17.57,306866
2019-01-07 22:30:00,17.58,17.59,17.47,17.47,578135
2019-01-08 16:30:00,17.6,17.82,17.5,17.57,342866
2019-01-08 17:00:00,17.56,17.65,17.3,17.36,302974
2019-01-08 17:30:00,17.37,17.38,17.19,17.23,235285
2019-01-08 18:00:00,17.24,17.33,17.22,17.27,288398
2019-01-08 18:30:00,17.26,17.35,17.21,17.33,172542
2019-01-08 19:00:00,17.33,17.42,17.32,17.35,215307
2019-01-08 19:30:00,17.36,17.37,17.24,17.3,184098
2019-01-08 20:00:00,17.3,17.34,17.27,17.33,164456
2019-01-08 20:30:00,17.33,17.38,17.27,17.36,198902
2019-01-08 21:00:00,17.36,17.37,17.3,17.35,140946
2019-01-08 21:30:00,17.36,17.38,17.27,17.3,214189
2019-01-08 22:00:00,17.31,17.31,17.23,17.29,245880
2019-01-08 22:30:00,17.3,17.35,17.27,17.27,610203
2019-01-09 16:30:00,17.27,17.57,17.25,17.49,329520
2019-01-09 17:00:00,17.5,17.53,17.31,17.35,230136
2019-01-09 17:30:00,17.35,17.35,17.17,17.23,213991
2019-01-09 18:00:00,17.22,17.4,17.2,17.38,189675
2019-01-09 18:30:00,17.38,17.46,17.36,17.39,161399
2019-01-09 19:00:00,17.38,17.48,17.35,17.44,197065
2019-01-09 19:30:00,17.45,17.5,17.44,17.48,154051
2019-01-09 20:00:00,17.48,17.49,17.4,17.42,211921
2019-01-09 20:30:00,17.42,17.43,17.33,17.36,162034
2019-01-09 21:00:00,17.36,17.46,17.31,17.33,275909
2019-01-09 21:30:00,17.32,17.43,17.31,17.38,186723
2019-01-09 22:00:00,17.38,17.42,17.36,17.4,231688
2019-01-09 22:30:00,17.4,17.42,17.3,17.32,763445
2019-01-10 16:30:00,17.32,17.5,17.29,17.47,422238
2019-01-10 17:00:00,17.47,17.56,17.39,17.46,280606
2019-01-10 17:30:00,17.47,17.54,17.43,17.52,252495
2019-01-10 18:00:00,17.52,17.6,17.48,17.58,356752
2019-01-10 18:30:00,17.58,17.74,17.57,17.69,245751
2019-01-10 19:00:00,17.69,17.71,17.55,17.67,236951
2019-01-10 19:30:00,17.66,17.73,17.63,17.7,191796
2019-01-10 20:00:00,17.7,17.71,17.51,17.57,229996
2019-01-10 20:30:00,17.57,17.59,17.5,17.55,231857
2019-01-10 21:00:00,17.55,17.65,17.55,17.59,221053
2019-01-10 21:30:00,17.58,17.67,17.53,17.56,255294
2019-01-10 22:00:00,17.57,17.63,17.57,17.59,341345
2019-01-10 22:30:00,17.6,17.62,17.5,17.53,786762
2019-01-11 16:30:00,17.28,17.36,17.1,17.35,729072
2019-01-11 17:00:00,17.34,17.39,17.14,17.16,331566
2019-01-11 17:30:00,17.15,17.37,17.13,17.35,355563
2019-01-11 18:00:00,17.35,17.45,17.3,17.45,243283
2019-01-11 18:30:00,17.43,17.53,17.42,17.43,460409
2019-01-11 19:00:00,17.44,17.49,17.38,17.44,282560
2019-01-11 19:30:00,17.45,17.65,17.45,17.59,271491
2019-01-11 20:00:00,17.59,17.6,17.5,17.55,192048
2019-01-11 20:30:00,17.55,17.56,17.49,17.53,292354
2019-01-11 21:00:00,17.54,17.56,17.49,17.52,388812
2019-01-11 21:30:00,17.52,17.54,17.41,17.44,432285
2019-01-11 22:00:00,17.44,17.49,17.39,17.42,289772
2019-01-11 22:30:00,17.42,17.44,17.33,17.39,1128764
2019-01-14 16:30:00,17.28,17.43,17.13,17.37,558295
2019-01-14 17:00:00,17.37,17.56,17.36,17.44,652855
2019-01-14 17:30:00,17.44,17.49,17.38,17.43,228808
2019-01-14 18:00:00,17.42,17.46,17.32,17.38,178222
2019-01-14 18:30:00,17.38,17.49,17.37,17.43,229868
2019-01-14 19:00:00,17.43,17.57,17.43,17.54,338263
2019-01-14 19:30:00,17.54,17.6,17.5,17.57,207911
2019-01-14 20:00:00,17.57,17.7,17.56,17.64,229820
2019-01-14 20:30:00,17.63,17.63,17.58,17.6,195770
2019-01-14 21:00:00,17.61,17.62,17.55,17.6,203532
2019-01-14 21:30:00,17.59,17.66,17.58,17.65,264167
2019-01-14 22:00:00,17.65,17.65,17.56,17.56,211512
2019-01-14 22:30:00,17.57,17.59,17.52,17.55,536243
2019-01-15 16:30:00,17.54,17.71,17.47,17.56,397316
2019-01-15 17:00:00,17.56,17.69,17.52,17.59,328516
2019-01-15 17:30:00,17.59,17.69,17.57,17.62,198844
2019-01-15 18:00:00,17.62,17.64,17.58,17.61,185739
2019-01-15 18:30:00,17.61,17.78,17.59,17.77,140880
2019-01-15 19:00:00,17.77,17.82,17.72,17.77,179369
2019-01-15 19:30:00,17.77,17.78,17.67,17.71,127278
2019-01-15 20:00:00,17.71,17.73,17.66,17.68,123300
2019-01-15 20:30:00,17.68,17.71,17.65,17.66,115063
2019-01-15 21:00:00,17.65,17.68,17.59,17.6,229178
2019-01-15 21:30:00,17.59,17.68,17.59,17.66,166148
2019-01-15 22:00:00,17.65,17.75,17.64,17.74,204931
2019-01-15 22:30:00,17.73,17.81,17.71,17.8,589128
2019-01-16 16:30:00,17.94,18.11,17.86,18.08,305966
2019-01-16 17:00:00,18.09,18.2,18.07,18.12,206782
2019-01-16 17:30:00,18.12,18.26,18.05,18.23,251825
2019-01-16 18:00:00,18.23,18.29,18.15,18.29,231712
2019-01-16 18:30:00,18.29,18.35,18.24,18.29,231029
2019-01-16 19:00:00,18.29,18.34,18.26,18.32,181708
2019-01-16 19:30:00,18.33,18.39,18.3,18.32,248554
2019-01-16 20:00:00,18.32,18.43,18.29,18.41,179051
2019-01-16 20:30:00,18.4,18.43,18.36,18.38,171887
2019-01-16 21:00:00,18.38,18.45,18.36,18.42,333273
2019-01-16 21:30:00,18.42,18.45,18.33,18.36,216929
2019-01-16 22:00:00,18.36,18.43,18.35,18.43,300260
2019-01-16 22:30:00,18.42,18.43,18.31,18.31,697421
2019-01-17 16:30:00,18.15,18.33,18.08,18.13,607213
2019-01-17 17:00:00,18.14,18.15,17.93,17.99,517763
2019-01-17 17:30:00,17.99,18.08,17.95,18.06,232791
2019-01-17 18:00:00,18.07,18.13,18.05,18.1,283243
2019-01-17 18:30:00,18.1,18.2,18.06,18.15,223657
2019-01-17 19:00:00,18.15,18.18,18.11,18.18,120929
2019-01-17 19:30:00,18.18,18.2,18.15,18.16,155861
2019-01-17 20:00:00,18.16,18.35,18.14,18.32,362498
2019-01-17 20:30:00,18.32,18.43,18.32,18.43,292977
2019-01-17 21:00:00,18.42,18.46,18.37,18.4,271854
2019-01-17 21:30:00,18.41,18.61,18.39,18.48,364054
2019-01-17 22:00:00,18.48,18.51,18.38,18.5,251515
2019-01-17 22:30:00,18.51,18.52,18.4,18.46,562534
2019-01-18 16:30:00,18.67,18.78,18.54,18.72,625087
2019-01-18 17:00:00,18.72,18.75,18.64,18.65,229082
2019-01-18 17:30:00,18.64,18.79,18.62,18.77,212656
2019-01-18 18:00:00,18.77,18.87,18.74,18.86,241637
2019-01-18 18:30:00,18.84,18.96,18.81,18.95,329548
2019-01-18 19:00:00,18.96,19.0,18.9,18.9,247423
2019-01-18 19:30:00,18.9,18.9,18.82,18.88,254897
2019-01-18 20:00:00,18.88,18.89,18.8,18.86,201646
2019-01-18 20:30:00,18.86,18.92,18.83,18.91,201589
2019-01-18 21:00:00,18.91,18.91,18.83,18.85,184191
2019-01-18 21:30:00,18.85,18.86,18.75,18.8,321015
2019-01-18 22:00:00,18.8,18.83,18.74,18.79,233855
2019-01-18 22:30:00,18.8,18.86,18.78,18.84,601545
2019-01-22 16:30:00,18.79,18.81,18.61,18.77,395362
2019-01-22 17:00:00,18.77,18.79,18.59,18.62,255905
2019-01-22 17:30:00,18.61,18.64,18.55,18.57,284425
2019-01-22 18:00:00,18.56,18.7,18.55,18.61,218560
2019-01-22 18:30:00,18.61,18.66,18.55,18.55,164117
2019-01-22 19:00:00,18.55,18.63,18.52,18.62,150349
2019-01-22 19:30:00,18.61,18.68,18.56,18.64,257228
2019-01-22 20:00:00,18.63,18.64,18.5,18.56,235411
2019-01-22 20:30:00,18.56,18.67,18.56,18.64,195520
2019-01-22 21:00:00,18.64,18.75,18.63,18.67,282164
2019-01-22 21:30:00,18.67,18.71,18.57,18.63,318306
2019-01-22 22:00:00,18.64,18.73,18.61,18.7,280426
2019-01-22 22:30:00,18.71,18.77,18.63,18.72,684342
2019-01-23 16:30:00,18.79,18.84,18.65,18.75,287459
2019-01-23 17:00:00,18.75,18.76,18.6,18.63,339260
2019-01-23 17:30:00,18.63,18.64,18.47,18.5,256886
2019-01-23 18:00:00,18.51,18.6,18.49,18.59,261785
2019-01-23 18:30:00,18.59,18.59,18.41,18.42,172884
2019-01-23 19:00:00,18.42,18.47,18.38,18.44,273965
2019-01-23 19:30:00,18.44,18.52,18.42,18.5,176433
2019-01-23 20:00:00,18.51,18.51,18.41,18.47,201320
2019-01-23 20:30:00,18.47,18.54,18.46,18.5,131569
2019-01-23 21:00:00,18.5,18.58,18.5,18.56,151824
2019-01-23 21:30:00,18.57,18.57,18.5,18.52,138914
2019-01-23 22:00:00,18.53,18.61,18.52,18.6,181212
2019-01-23 22:30:00,18.6,18.63,18.56,18.62,541766
2019-01-24 16:30:00,18.58,18.9,18.54,18.8,329773
2019-01-24 17:00:00,18.8,18.84,18.75,18.83,327529
2019-01-24 17:30:00,18.83,18.83,18.7,18.79,244862
2019-01-24 18:00:00,18.78,18.86,18.77,18.78,284919
2019-01-24 18:30:00,18.78,18.86,18.75,18.78,257122
2019-01-24 19:00:00,18.78,18.78,18.72,18.76,137626
2019-01-24 19:30:00,18.76,18.77,18.72,18.74,136016
2019-01-24 20:00:00,18.74,18.76,18.64,18.66,309846
2019-01-24 20:30:00,18.65,18.71,18.6,18.66,451598
2019-01-24 21:00:00,18.66,18.74,18.64,18.71,253297
2019-01-24 21:30:00,18.71,18.78,18.7,18.76,219239
2019-01-24 22:00:00,18.76,18.84,18.75,18.81,269628
2019-01-24 22:30:00,18.82,18.82,18.73,18.79,582431
2019-01-25 16:30:00,19.0,19.14,18.82,18.92,373988
2019-01-25 17:00:00,18.93,18.98,18.9,18.91,350444
2019-01-25 17:30:00,18.92,19.05,18.9,18.99,457209
2019-01-25 18:00:00,19.0,19.02,18.89,18.98,344286
2019-01-25 18:30:00,18.99,19.06,18.98,19.0,312347
2019-01-25 19:00:00,19.01,19.12,18.99,19.11,312858
2019-01-25 19:30:00,19.11,19.11,19.02,19.1,335008
2019-01-25 20:00:00,19.1,19.15,19.06,19.08,341216
2019-01-25 20:30:00,19.08,19.17,19.06,19.13,249219
2019-01-25 21:00:00,19.14,19.19,19.08,19.11,243617
2019-01-25 21:30:00,19.11,19.17,19.1,19.12,342603
2019-01-25 22:00:00,19.12,19.12,19.05,19.09,717651
2019-01-25 22:30:00,19.09,19.09,18.98,19.02,1035508
2019-01-28 16:30:00,18.93,19.13,18.87,19.08,285382
2019-01-28 17:00:00,19.09,19.2,19.04,19.17,213882
2019-01-28 17:30:00,19.17,19.33,19.17,19.24,344384
2019-01-28 18:00:00,19.24,19.38,19.2,19.34,429348
2019-01-28 18:30:00,19.34,19.35,19.19,19.19,368029
2019-01-28 19:00:00,19.19,19.3,19.18,19.27,178325
2019-01-28 19:30:00,19.27,19.29,19.23,19.26,144905
2019-01-28 20:00:00,19.25,19.38,19.25,19.37,384888
2019-01-28 20:30:00,19.36,19.49,19.33,19.47,492321
2019-01-28 21:00:00,19.48,19.49,19.39,19.41,503535
2019-01-28 21:30:00,19.41,19.44,19.37,19.4,578893
2019-01-28 22:00:00,19.4,19.45,19.38,19.43,336965
2019-01-28 22:30:00,19.43,19.49,19.39,19.42,759415
2019-01-29 16:30:00,19.38,19.5,19.2,19.38,477120
2019-01-29 17:00:00,19.38,19.38,19.17,19.25,379078
2019-01-29 17:30:00,19.26,19.27,19.17,19.19,266579
2019-01-29 18:00:00,19.19,19.2,19.1,19.12,239457
2019-01-29 18:30:00,19.13,19.21,19.1,19.19,155966
2019-01-29 19:00:00,19.18,19.23,19.13,19.23,226724
2019-01-29 19:30:00,19.22,19.25,19.16,19.16,184177
2019-01-29 20:00:00,19.16,19.24,19.14,19.22,123778
2019-01-29 20:30:00,19.22,19.24,19.15,19.2,172043
2019-01-29 21:00:00,19.2,19.2,19.13,19.16,165637
2019-01-29 21:30:00,19.15,19.19,19.1,19.14,204319
2019-01-29 22:00:00,19.13,19.15,19.09,19.11,263708
2019-01-29 22:30:00,19.1,19.12,19.01,19.04,699747
2019-01-30 16:30:00,18.5,18.76,18.03,18.08,710476
2019-01-30 17:00:00,18.06,18.56,18.06,18.44,528820
2019-01-30 17:30:00,18.43,18.5,18.25,18.49,330393
2019-01-30 18:00:00,18.49,18.91,18.47,18.83,416171
2019-01-30 18:30:00,18.84,18.87,18.63,18.66,375848
2019-01-30 19:00:00,18.67,18.73,18.61,18.7,216737
2019-01-30 19:30:00,18.7,18.79,18.64,18.76,236538
2019-01-30 20:00:00,18.76,18.79,18.6,18.63,287510
2019-01-30 20:30:00,18.63,18.65,18.48,18.53,393366
2019-01-30 21:00:00,18.53,18.86,18.52,18.72,646350
2019-01-30 21:30:00,18.72,18.86,18.66,18.84,373105
2019-01-30 22:00:00,18.83,18.85,18.63,18.64,572172
2019-01-30 22:30:00,18.64,18.67,18.53,18.58,1088772
2019-01-31 16:30:00,18.4,18.53,18.05,18.11,782829
2019-01-31 17:00:00,18.11,18.35,18.07,18.33,453572
2019-01-31 17:30:00,18.33,18.44,18.25,18.32,841821
2019-01-31 18:00:00,18.32,18.37,18.19,18.24,352228
2019-01-31 18:30:00,18.23,18.3,18.22,18.23,275677
2019-01-31 19:00:00,18.24,18.27,18.2,18.23,240494
2019-01-31 19:30:00,18.24,18.29,18.19,18.21,259730
2019-01-31 20:00:00,18.21,18.28,18.18,18.26,210056
2019-01-31 20:30:00,18.26,18.33,18.25,18.31,184119
2019-01-31 21:00:00,18.31,18.35,18.28,18.29,278596
2019-01-31 21:30:00,18.3,18.37,18.26,18.33,266906
2019-01-31 22:00:00,18.32,18.33,18.21,18.22,524624
2019-01-31 22:30:00,18.22,18.31,18.21,18.22,1531829
2019-02-01 16:30:00,18.35,18.56,18.18,18.19,536525
2019-02-01 17:00:00,18.2,18.48,18.16,18.44,380049
2019-02-01 17:30:00,18.45,18.5,18.37,18.38,234573
2019-02-01 18:00:00,18.37,18.42,18.3,18.37,291724
2019-02-01 18:30:00,18.37,18.38,18.26,18.37,287224
2019-02-01 19:00:00,18.38,18.38,18.28,18.35,196103
2019-02-01 19:30:00,18.35,18.4,18.29,18.37,221789
2019-02-01 20:00:00,18.37,18.41,18.36,18.38,196020
2019-02-01 20:30:00,18.39,18.4,18.26,18.27,171371
2019-02-01 21:00:00,18.27,18.28,18.18,18.22,198481
2019-02-01 21:30:00,18.23,18.33,18.21,18.27,337129
2019-02-01 22:00:00,18.26,18.31,18.2,18.31,249672
2019-02-01 22:30:00,18.3,18.35,18.27,18.35,1009512
2019-02-04 16:30:00,18.44,18.46,18.23,18.26,278620
2019-02-04 17:00:00,18.26,18.49,18.23,18.46,267328
2019-02-04 17:30:00,18.45,18.56,18.44,18.52,191117
2019-02-04 18:00:00,18.52,18.54,18.47,18.54,151968
2019-02-04 18:30:00,18.54,18.64,18.53,18.61,131758
2019-02-04 19:00:00,18.61,18.67,18.59,18.59,140694
2019-02-04 19:30:00,18.59,18.59,18.49,18.53,193700
2019-02-04 20:00:00,18.54,18.58,18.5,18.56,133473
2019-02-04 20:30:00,18.56,18.66,18.51,18.66,189348
2019-02-04 21:00:00,18.65,18.66,18.58,18.64,190278
2019-02-04 21:30:00,18.64,18.65,18.54,18.55,150542
2019-02-04 22:00:00,18.55,18.62,18.54,18.57,293110
2019-02-04 22:30:00,18.57,18.61,18.53,18.59,953674
2019-02-05 16:30:00,18.63,18.65,18.48,18.59,305793
2019-02-05 17:00:00,18.58,18.65,18.54,18.6,266222
2019-02-05 17:30:00,18.6,18.71,18.56,18.71,208863
2019-02-05 18:00:00,18.7,18.74,18.52,18.56,269606
2019-02-05 18:30:00,18.56,18.6,18.51,18.56,239859
2019-02-05 19:00:00,18.56,18.58,18.46,18.51,231057
2019-02-05 19:30:00,18.5,18.59,18.49,18.53,175468
2019-02-05 20:00:00,18.53,18.61,18.51,18.59,136331
2019-02-05 20:30:00,18.59,18.67,18.58,18.65,168404
2019-02-05 21:00:00,18.66,18.71,18.63,18.67,150232
2019-02-05 21:30:00,18.67,18.72,18.65,18.71,261972
2019-02-05 22:00:00,18.71,18.72,18.67,18.67,224061
2019-02-05 22:30:00,18.68,18.76,18.67,18.73,508439
2019-02-06 16:30:00,18.7,18.8,18.65,18.76,226438
2019-02-06 17:00:00,18.75,18.83,18.65,18.66,177908
2019-02-06 17:30:00,18.66,18.7,18.61,18.67,138914
2019-02-06 18:00:00,18.67,18.71,18.55,18.66,206651
2019-02-06 18:30:00,18.66,18.74,18.63,18.72,198917
2019-02-06 19:00:00,18.72,18.73,18.65,18.69,142615
2019-02-06 19:30:00,18.69,18.76,18.69,18.72,140922
2019-02-06 20:00:00,18.72,18.76,18.69,18.72,177310
2019-02-06 20:30:00,18.72,18.89,18.71,18.72,450701
2019-02-06 21:00:00,18.71,18.72,18.62,18.66,318153
2019-02-06 21:30:00,18.65,18.66,18.54,18.59,216577
2019-02-06 22:00:00,18.59,18.63,18.56,18.6,231655
2019-02-06 22:30:00,18.6,18.63,18.57,18.58,717136
2019-02-07 16:30:00,18.55,18.79,18.51,18.69,281202
2019-02-07 17:00:00,18.7,18.71,18.57,18.61,226671
2019-02-07 17:30:00,18.61,18.65,18.37,18.38,271377
2019-02-07 18:00:00,18.37,18.39,18.21,18.22,240392
2019-02-07 18:30:00,18.23,18.26,18.11,18.18,610590
2019-02-07 19:00:00,18.18,18.36,18.15,18.33,202141
2019-02-07 19:30:00,18.32,18.35,18.24,18.26,169342
2019-02-07 20:00:00,18.27,18.34,18.26,18.3,119526
2019-02-07 20:30:00,18.32,18.41,18.31,18.39,141537
2019-02-07 21:00:00,18.38,18.4,18.28,18.32,164693
2019-02-07 21:30:00,18.32,18.37,18.29,18.37,117131
2019-02-07 22:00:00,18.37,18.42,18.37,18.38,175302
2019-02-07 22:30:00,18.38,18.42,18.31,18.39,729419
2019-02-08 16:30:00,18.25,18.35,17.97,18.0,540832
2019-02-08 17:00:00,17.99,18.1,17.96,18.01,222555
2019-02-08 17:30:00,18.02,18.05,17.71,17.71,296259
2019-02-08 18:00:00,17.72,17.85,17.7,17.82,392961
2019-02-08 18:30:00,17.81,17.85,17.74,17.79,204494
2019-02-08 19:00:00,17.8,17.84,17.76,17.76,202175
2019-02-08 19:30:00,17.76,17.84,17.76,17.76,209382
2019-02-08 20:00:00,17.77,17.83,17.73,17.79,263991
2019-02-08 20:30:00,17.8,17.9,17.79,17.9,189961
2019-02-08 21:00:00,17.89,17.99,17.85,17.99,249576
2019-02-08 21:30:00,17.98,18.02,17.94,17.98,258712
2019-02-08 22:00:00,17.98,18.02,17.94,18.01,183246
2019-02-08 22:30:00,18.01,18.01,17.95,18.01,516386
2019-02-11 16:30:00,18.14,18.23,18.03,18.1,221330
2019-02-11 17:00:00,18.09,18.18,18.07,18.13,130617
2019-02-11 17:30:00,18.13,18.18,18.09,18.09,401583
2019-02-11 18:00:00,18.1,18.14,18.05,18.06,197261
2019-02-11 18:30:00,18.06,18.06,17.98,18.02,194648
2019-02-11 19:00:00,18.02,18.14,18.02,18.11,211276
2019-02-11 19:30:00,18.12,18.21,18.11,18.17,370888
2019-02-11 20:00:00,18.17,18.18,18.12,18.13,145039
2019-02-11 20:30:00,18.14,18.16,18.1,18.15,131039
2019-02-11 21:00:00,18.15,18.19,18.13,18.15,123429
2019-02-11 21:30:00,18.15,18.17,18.09,18.1,180362
2019-02-11 22:00:00,18.11,18.16,18.1,18.12,185094
2019-02-11 22:30:00,18.13,18.2,18.09,18.17,568553
2019-02-12 16:30:00,18.4,18.56,18.33,18.44,514437
2019-02-12 17:00:00,18.45,18.58,18.44,18.54,562835
2019-02-12 17:30:00,18.54,18.56,18.44,18.52,295351
2019-02-12 18:00:00,18.52,18.59,18.51,18.53,221373
2019-02-12 18:30:00,18.53,18.56,18.5,18.52,329884
2019-02-12 19:00:00,18.52,18.56,18.51,18.55,200095
2019-02-12 19:30:00,18.55,18.56,18.5,18.51,242425
2019-02-12 20:00:00,18.52,18.55,18.51,18.54,125932
2019-02-12 20:30:00,18.54,18.56,18.48,18.49,185956
2019-02-12 21:00:00,18.49,18.51,18.44,18.49,232549
2019-02-12 21:30:00,18.49,18.51,18.45,18.49,285273
2019-02-12 22:00:00,18.5,18.6,18.47,18.59,341741
2019-02-12 22:30:00,18.58,18.62,18.55,18.57,680520
2019-02-13 16:30:00,18.46,18.73,18.41,18.56,388387
2019-02-13 17:00:00,18.56,18.61,18.5,18.54,268595
2019-02-13 17:30:00,18.55,18.61,18.54,18.58,209673
2019-02-13 18:00:00,18.59,18.61,18.51,18.53,130818
2019-02-13 18:30:00,18.52,18.58,18.49,18.56,219179
2019-02-13 19:00:00,18.57,18.58,18.5,18.53,225026
2019-02-13 19:30:00,18.53,18.56,18.5,18.54,189207
2019-02-13 20:00:00,18.53,18.57,18.52,18.52,163631
2019-02-13 20:30:00,18.52,18.53,18.49,18.51,84303
2019-02-13 21:00:00,18.49,18.51,18.47,18.49,122438
2019-02-13 21:30:00,18.5,18.54,18.47,18.54,139215
2019-02-13 22:00:00,18.54,18.55,18.51,18.54,171221
2019-02-13 22:30:00,18.54,18.55,18.46,18.47,536929
2019-02-14 16:30:00,18.33,18.33,17.93,18.1,395676
2019-02-14 17:00:00,18.09,18.22,18.07,18.22,195058
2019-02-14 17:30:00,18.21,18.26,18.15,18.23,127334
2019-02-14 18:00:00,18.23,18.23,18.13,18.21,221177
2019-02-14 18:30:00,18.21,18.27,18.16,18.24,180316
2019-02-14 19:00:00,18.24,18.3,18.23,18.27,150603
2019-02-14 19:30:00,18.27,18.29,18.24,18.26,125952
2019-02-14 20:00:00,18.26,18.3,18.22,18.29,199714
2019-02-14 20:30:00,18.3,18.31,18.27,18.3,108888
2019-02-14 21:00:00,18.3,18.35,18.26,18.31,141157
2019-02-14 21:30:00,18.32,18.35,18.28,18.31,198865
2019-02-14 22:00:00,18.31,18.37,18.3,18.33,187156
2019-02-14 22:30:00,18.33,18.37,18.26,18.26,542820
2019-02-15 16:30:00,18.45,18.76,18.35,18.67,503013
2019-02-15 17:00:00,18.67,18.69,18.6,18.63,229856
2019-02-15 17:30:00,18.64,18.71,18.62,18.64,245594
2019-02-15 18:00:00,18.64,18.73,18.62,18.72,302940
2019-02-15 18:30:00,18.72,18.8,18.71,18.8,208914
2019-02-15 19:00:00,18.8,18.84,18.77,18.77,230451
2019-02-15 19:30:00,18.78,18.81,18.76,18.81,168394
2019-02-15 20:00:00,18.8,18.82,18.76,18.78,98562
2019-02-15 20:30:00,18.78,18.85,18.78,18.83,115600
2019-02-15 21:00:00,18.83,18.87,18.8,18.85,125105
2019-02-15 21:30:00,18.86,18.9,18.83,18.88,152983
2019-02-15 22:00:00,18.87,18.88,18.76,18.77,227767
2019-02-15 22:30:00,18.76,18.88,18.75,18.87,631406
2019-02-19 16:30:00,18.74,18.76,18.62,18.65,310092
2019-02-19 17:00:00,18.66,18.88,18.66,18.86,161477
2019-02-19 17:30:00,18.87,18.87,18.79,18.81,139982
2019-02-19 18:00:00,18.8,18.9,18.79,18.85,155814
2019-02-19 18:30:00,18.84,18.88,18.82,18.86,197663
2019-02-19 19:00:00,18.85,18.89,18.83,18.84,125456
2019-02-19 19:30:00,18.84,18.86,18.8,18.85,136411
2019-02-19 20:00:00,18.85,18.85,18.79,18.85,97952
2019-02-19 20:30:00,18.84,18.85,18.79,18.83,118271
2019-02-19 21:00:00,18.84,18.87,18.81,18.86,261787
2019-02-19 21:30:00,18.86,18.94,18.85,18.92,193508
2019-02-19 22:00:00,18.92,18.96,18.9,18.95,199777
2019-02-19 22:30:00,18.95,19.0,18.9,18.91,580123
2019-02-20 16:30:00,18.88,18.98,18.85,18.89,177103
2019-02-20 17:00:00,18.88,18.92,18.81,18.83,255915
2019-02-20 17:30:00,18.83,18.94,18.83,18.9,133623
2019-02-20 18:00:00,18.9,18.95,18.88,18.94,122624
2019-02-20 18:30:00,18.93,18.97,18.9,18.96,125755
2019-02-20 19:00:00,18.96,18.98,18.93,18.96,133966
2019-02-20 19:30:00,18.95,19.02,18.95,19.0,187795
2019-02-20 20:00:00,18.99,19.05,18.99,19.03,116342
2019-02-20 20:30:00,19.03,19.05,18.99,19.02,149516
2019-02-20 21:00:00,19.02,19.06,18.96,19.01,133985
2019-02-20 21:30:00,19.0,19.05,18.99,19.04,159816
2019-02-20 22:00:00,19.03,19.05,19.0,19.05,144608
2019-02-20 22:30:00,19.05,19.13,19.02,19.04,829457
2019-02-21 16:30:00,19.09,19.15,19.0,19.13,479624
2019-02-21 17:00:00,19.12,19.14,18.98,18.98,371696
2019-02-21 17:30:00,18.99,19.03,18.92,18.92,291715
2019-02-21 18:00:00,18.92,18.96,18.85,18.85,256824
2019-02-21 18:30:00,18.85,18.95,18.84,18.93,167223
2019-02-21 19:00:00,18.93,18.95,18.88,18.9,113856
2019-02-21 19:30:00,18.9,18.95,18.89,18.94,89939
2019-02-21 20:00:00,18.95,18.98,18.92,18.95,134312
2019-02-21 20:30:00,18.95,18.96,18.9,18.91,119820
2019-02-21 21:00:00,18.92,18.95,18.8,18.83,118764
2019-02-21 21:30:00,18.84,18.86,18.76,18.79,122764
2019-02-21 22:00:00,18.79,18.83,18.77,18.8,154341
2019-02-21 22:30:00,18.8,18.84,18.74,18.84,586066
2019-02-22 16:30:00,18.91,19.05,18.89,18.98,246484
2019-02-22 17:00:00,18.97,19.03,18.9,18.92,183332
2019-02-22 17:30:00,18.93,18.93,18.83,18.89,92080
2019-02-22 18:00:00,18.88,18.97,18.86,18.93,158083
2019-02-22 18:30:00,18.93,18.97,18.91,18.94,127301
2019-02-22 19:00:00,18.94,19.04,18.94,19.03,243230
2019-02-22 19:30:00,19.03,19.07,19.0,19.06,138810
2019-02-22 20:00:00,19.06,19.07,19.01,19.03,78017
2019-02-22 20:30:00,19.04,19.08,19.03,19.07,143934
2019-02-22 21:00:00,19.06,19.08,19.03,19.04,107589
2019-02-22 21:30:00,19.03,19.06,18.99,18.99,171214
2019-02-22 22:00:00,19.0,19.08,19.0,19.08,238218
2019-02-22 22:30:00,19.07,19.1,19.03,19.05,789342
2019-02-25 16:30:00,19.18,19.4,19.1,19.4,375949
2019-02-25 17:00:00,19.39,19.42,19.3,19.32,182632
2019-02-25 17:30:00,19.33,19.35,19.23,19.24,282978
2019-02-25 18:00:00,19.24,19.28,19.18,19.21,168062
2019-02-25 18:30:00,19.21,19.26,19.18,19.18,147628
2019-02-25 19:00:00,19.19,19.23,19.18,19.2,90098
2019-02-25 19:30:00,19.2,19.25,19.18,19.18,99223
2019-02-25 20:00:00,19.18,19.21,19.17,19.18,69787
2019-02-25 20:30:00,19.17,19.18,19.13,19.17,145363
2019-02-25 21:00:00,19.18,19.2,19.11,19.11,89522
2019-02-25 21:30:00,19.11,19.13,19.05,19.07,266525
2019-02-25 22:00:00,19.07,19.08,18.98,18.98,169733
2019-02-25 22:30:00,18.99,19.04,18.95,18.98,614284
2019-02-26 16:30:00,18.9,19.07,18.86,18.89,402419
2019-02-26 17:00:00,18.9,19.01,18.88,18.88,263859
2019-02-26 17:30:00,18.88,19.03,18.88,18.96,160462
2019-02-26 18:00:00,18.96,19.11,18.94,19.1,303726
2019-02-26 18:30:00,19.1,19.2,19.08,19.13,177097
2019-02-26 19:00:00,19.13,19.18,19.1,19.17,147598
2019-02-26 19:30:00,19.17,19.17,19.1,19.11,123169
2019-02-26 20:00:00,19.11,19.14,19.06,19.08,129002
2019-02-26 20:30:00,19.08,19.08,19.03,19.08,140218
2019-02-26 21:00:00,19.07,19.09,19.05,19.08,137705
2019-02-26 21:30:00,19.09,19.15,19.08,19.14,179794
2019-02-26 22:00:00,19.14,19.17,19.12,19.13,252538
2019-02-26 22:30:00,19.14,19.17,19.03,19.06,720344
2019-02-27 16:30:00,19.04,19.22,18.95,19.21,336825
2019-02-27 17:00:00,19.22,19.25,19.04,19.13,278836
2019-02-27 17:30:00,19.13,19.13,19.02,19.07,188571
2019-02-27 18:00:00,19.07,19.12,19.04,19.08,156721
2019-02-27 18:30:00,19.08,19.1,19.01,19.09,134401
2019-02-27 19:00:00,19.08,19.15,19.07,19.13,100053
2019-02-27 19:30:00,19.14,19.18,19.13,19.16,87984
2019-02-27 20:00:00,19.16,19.25,19.15,19.23,241792
2019-02-27 20:30:00,19.23,19.25,19.19,19.22,167375
2019-02-27 21:00:00,19.22,19.25,19.2,19.22,121298
2019-02-27 21:30:00,19.22,19.24,19.18,19.19,206566
2019-02-27 22:00:00,19.19,19.25,19.18,19.2,173223
2019-02-27 22:30:00,19.2,19.32,19.18,19.29,1092412
2019-02-28 16:30:00,19.35,19.58,19.32,19.5,438745
2019-02-28 17:00:00,19.51,19.57,19.48,19.53,339880
2019-02-28 17:30:00,19.53,19.54,19.41,19.42,240906
2019-02-28 18:00:00,19.41,19.47,19.34,19.42,246717
2019-02-28 18:30:00,19.41,19.45,19.39,19.43,162259
2019-02-28 19:00:00,19.42,19.46,19.4,19.45,116370
2019-02-28 19:30:00,19.44,19.48,19.43,19.46,185497
2019-02-28 20:00:00,19.46,19.49,19.43,19.46,129834
2019-02-28 20:30:00,19.46,19.49,19.42,19.44,160820
2019-02-28 21:00:00,19.44,19.46,19.43,19.46,186801
2019-02-28 21:30:00,19.46,19.46,19.35,19.38,249424
2019-02-28 22:00:00,19.39,19.39,19.32,19.32,222607
2019-02-28 22:30:00,19.33,19.38,19.31,19.35,748616
2019-03-01 16:30:00,19.6,19.94,19.51,19.85,715178
2019-03-01 17:00:00,19.84,19.86,19.62,19.69,544912
2019-03-01 17:30:00,19.69,19.69,19.56,19.65,346036
2019-03-01 18:00:00,19.65,19.69,19.5,19.53,286779
2019-03-01 18:30:00,19.53,19.58,19.44,19.47,182522
2019-03-01 19:00:00,19.47,19.53,19.43,19.5,205475
2019-03-01 19:30:00,19.5,19.61,19.48,19.6,177607
2019-03-01 20:00:00,19.61,19.66,19.56,19.62,264303
2019-03-01 20:30:00,19.63,19.65,19.57,19.64,287939
2019-03-01 21:00:00,19.64,19.66,19.61,19.64,393992
2019-03-01 21:30:00,19.64,19.64,19.57,19.61,452633
2019-03-01 22:00:00,19.61,19.61,19.5,19.51,326381
2019-03-01 22:30:00,19.52,19.59,19.48,19.51,1150039
2019-03-04 16:30:00,19.52,19.65,19.49,19.64,333492
2019-03-04 17:00:00,19.65,19.85,19.6,19.84,312112
2019-03-04 17:30:00,19.84,19.9,19.74,19.75,396406
2019-03-04 18:00:00,19.76,19.76,19.61,19.61,277308
2019-03-04 18:30:00,19.61,19.64,19.48,19.5,205116
2019-03-04 19:00:00,19.5,19.55,19.37,19.45,181275
2019-03-04 19:30:00,19.45,19.48,19.32,19.33,143073
2019-03-04 20:00:00,19.34,19.41,19.29,19.41,141005
2019-03-04 20:30:00,19.41,19.44,19.38,19.43,124464
2019-03-04 21:00:00,19.44,19.48,19.39,19.47,158865
2019-03-04 21:30:00,19.47,19.47,19.41,19.42,156217
2019-03-04 22:00:00,19.42,19.45,19.38,19.42,188077
2019-03-04 22:30:00,19.43,19.49,19.4,19.46,614117
2019-03-05 16:30:00,19.47,19.47,19.26,19.36,357597
2019-03-05 17:00:00,19.37,19.45,19.33,19.34,233787
2019-03-05 17:30:00,19.35,19.4,19.25,19.33,219142
2019-03-05 18:00:00,19.34,19.53,19.33,19.49,202819
2019-03-05 18:30:00,19.49,19.58,19.46,19.52,149788
2019-03-05 19:00:00,19.52,19.54,19.43,19.45,147604
2019-03-05 19:30:00,19.45,19.5,19.42,19.5,119153
2019-03-05 20:00:00,19.5,19.51,19.42,19.42,152049
2019-03-05 20:30:00,19.42,19.47,19.4,19.43,120079
2019-03-05 21:00:00,19.43,19.52,19.43,19.5,131009
2019-03-05 21:30:00,19.5,19.53,19.47,19.51,147150
2019-03-05 22:00:00,19.5,19.54,19.48,19.49,204487
2019-03-05 22:30:00,19.49,19.56,19.45,19.47,470234
2019-03-06 16:30:00,19.43,19.56,19.37,19.42,267321
2019-03-06 17:00:00,19.43,19.59,19.42,19.5,247290
2019-03-06 17:30:00,19.5,19.55,19.47,19.5,151252
2019-03-06 18:00:00,19.49,19.56,19.46,19.47,148296
2019-03-06 18:30:00,19.48,19.52,19.38,19.39,105468
2019-03-06 19:00:00,19.39,19.42,19.31,19.33,119386
2019-03-06 19:30:00,19.33,19.36,19.26,19.27,114929
2019-03-06 20:00:00,19.28,19.3,19.24,19.26,124637
2019-03-06 20:30:00,19.27,19.32,19.23,19.31,145975
2019-03-06 21:00:00,19.31,19.33,19.29,19.29,108250
2019-03-06 21:30:00,19.29,19.3,19.2,19.2,155195
2019-03-06 22:00:00,19.2,19.22,19.15,19.16,530337
2019-03-06 22:30:00,19.17,19.24,19.17,19.22,724769
2019-03-07 16:30:00,19.13,19.13,18.77,18.92,335319
2019-03-07 17:00:00,18.92,18.94,18.83,18.94,324369
2019-03-07 17:30:00,18.93,19.02,18.92,18.96,705169
2019-03-07 18:00:00,18.96,18.96,18.86,18.92,156576
2019-03-07 18:30:00,18.92,18.97,18.77,18.79,372542
2019-03-07 19:00:00,18.79,18.85,18.76,18.81,358747
2019-03-07 19:30:00,18.8,18.89,18.77,18.87,122427
2019-03-07 20:00:00,18.87,18.87,18.8,18.86,117926
2019-03-07 20:30:00,18.86,18.86,18.77,18.77,148978
2019-03-07 21:00:00,18.78,18.8,18.65,18.7,226336
2019-03-07 21:30:00,18.71,18.73,18.62,18.64,216581
2019-03-07 22:00:00,18.63,18.73,18.6,18.69,263005
2019-03-07 22:30:00,18.69,18.77,18.64,18.67,950500
2019-03-08 16:30:00,18.54,18.6,18.34,18.54,402567
2019-03-08 17:00:00,18.54,18.63,18.49,18.54,235465
2019-03-08 17:30:00,18.54,18.64,18.53,18.57,296771
2019-03-08 18:00:00,18.57,18.59,18.51,18.56,213461
2019-03-08 18:30:00,18.56,18.58,18.49,18.51,134711
2019-03-08 19:00:00,18.51,18.56,18.49,18.55,171066
2019-03-08 19:30:00,18.55,18.56,18.46,18.47,253328
2019-03-08 20:00:00,18.47,18.51,18.46,18.5,143052
2019-03-08 20:30:00,18.5,18.54,18.49,18.52,141398
2019-03-08 21:00:00,18.52,18.57,18.5,18.56,181446
2019-03-08 21:30:00,18.57,18.62,18.53,18.6,321065
2019-03-08 22:00:00,18.6,18.61,18.55,18.57,275337
2019-03-08 22:30:00,18.57,18.67,18.54,18.64,1071178
2019-03-11 16:30:00,18.84,18.88,18.77,18.86,276054
2019-03-11 17:00:00,18.86,19.0,18.86,19.0,289818
2019-03-11 17:30:00,19.0,19.04,18.98,19.01,273609
2019-03-11 18:00:00,19.01,19.07,19.0,19.01,221093
2019-03-11 18:30:00,19.02,19.05,18.97,19.02,264035
2019-03-11 19:00:00,19.02,19.05,18.93,18.93,210649
2019-03-11 19:30:00,18.94,18.95,18.88,18.91,233896
2019-03-11 20:00:00,18.91,18.97,18.91,18.95,208828
2019-03-11 20:30:00,18.95,18.99,18.91,18.96,257409
2019-03-11 21:00:00,18.96,18.96,18.89,18.92,184294
2019-03-11 21:30:00,18.93,18.94,18.89,18.91,220570
2019-03-11 22:00:00,18.92,18.97,18.9,18.95,242788
2019-03-11 22:30:00,18.95,19.0,18.94,18.98,702345
2019-03-12 16:30:00,19.06,19.18,19.02,19.16,429721
2019-03-12 17:00:00,19.16,19.22,19.1,19.16,221536
2019-03-12 17:30:00,19.16,19.18,19.01,19.04,230525
2019-03-12 18:00:00,19.04,19.06,18.95,18.97,243027
2019-03-12 18:30:00,18.96,19.04,18.95,18.99,282980
2019-03-12 19:00:00,18.99,19.0,18.94,18.97,169419
2019-03-12 19:30:00,18.97,18.99,18.93,18.95,141352
2019-03-12 20:00:00,18.96,18.99,18.95,18.98,103971
2019-03-12 20:30:00,18.98,19.05,18.97,19.04,184874
2019-03-12 21:00:00,19.04,19.06,19.01,19.01,186995
2019-03-12 21:30:00,19.02,19.03,18.98,19.0,219012
2019-03-12 22:00:00,19.0,19.0,18.93,18.97,208840
2019-03-12 22:30:00,18.98,19.0,18.95,18.98,705681
2019-03-13 16:30:00,19.07,19.13,19.0,19.06,338130
2019-03-13 17:00:00,19.06,19.14,19.05,19.11,157819
2019-03-13 17:30:00,19.11,19.17,19.09,19.13,137276
2019-03-13 18:00:00,19.13,19.22,19.12,19.22,110610
2019-03-13 18:30:00,19.22,19.26,19.2,19.25,106040
2019-03-13 19:00:00,19.25,19.26,19.17,19.2,187221
2019-03-13 19:30:00,19.2,19.25,19.15,19.24,153668
2019-03-13 20:00:00,19.24,19.27,19.23,19.23,83874
2019-03-13 20:30:00,19.23,19.25,19.2,19.24,118938
2019-03-13 21:00:00,19.24,19.3,19.24,19.29,87045
2019-03-13 21:30:00,19.29,19.3,19.24,19.28,164989
2019-03-13 22:00:00,19.28,19.64,19.23,19.3,550373
2019-03-13 22:30:00,19.31,19.38,19.29,19.32,872076
2019-03-14 16:30:00,19.35,19.48,19.31,19.43,209999
2019-03-14 17:00:00,19.43,19.46,19.38,19.42,147108
2019-03-14 17:30:00,19.42,19.49,19.38,19.39,118907
2019-03-14 18:00:00,19.39,19.43,19.33,19.36,139363
2019-03-14 18:30:00,19.36,19.41,19.32,19.37,197683
2019-03-14 19:00:00,19.37,19.39,19.29,19.31,99983
2019-03-14 19:30:00,19.31,19.35,19.3,19.31,116065
2019-03-14 20:00:00,19.31,19.31,19.24,19.27,93814
2019-03-14 20:30:00,19.26,19.28,19.22,19.24,94621
2019-03-14 21:00:00,19.24,19.29,19.22,19.27,101600
2019-03-14 21:30:00,19.27,19.28,19.22,19.27,123319
2019-03-14 22:00:00,19.27,19.38,19.26,19.36,325955
2019-03-14 22:30:00,19.35,19.39,19.32,19.35,600268
2019-03-15 16:30:00,19.41,19.73,19.39,19.69,998337
2019-03-15 17:00:00,19.68,19.69,19.57,19.59,199374
2019-03-15 17:30:00,19.59,19.59,19.46,19.46,179739
2019-03-15 18:00:00,19.47,19.52,19.45,19.48,164865
2019-03-15 18:30:00,19.49,19.53,19.45,19.51,154547
2019-03-15 19:00:00,19.51,19.54,19.45,19.53,184475
2019-03-15 19:30:00,19.53,19.61,19.51,19.57,207032
2019-03-15 20:00:00,19.58,19.63,19.56,19.61,164096
2019-03-15 20:30:00,19.62,19.64,19.59,19.61,85264
2019-03-15 21:00:00,19.61,19.63,19.53,19.53,147529
2019-03-15 21:30:00,19.53,19.59,19.5,19.58,146650
2019-03-15 22:00:00,19.59,19.66,19.55,19.66,183600
2019-03-15 22:30:00,19.66,19.83,19.64,19.78,1259087
2019-03-18 16:30:00,19.91,20.07,19.76,19.99,453373
2019-03-18 17:00:00,19.99,20.06,19.96,20.01,290595
2019-03-18 17:30:00,20.01,20.12,19.97,20.08,157267
2019-03-18 18:00:00,20.09,20.12,20.05,20.07,146496
2019-03-18 18:30:00,20.06,20.06,20.0,20.02,135823
2019-03-18 19:00:00,20.02,20.07,19.99,20.04,239118
2019-03-18 19:30:00,20.04,20.11,20.01,20.08,285203
2019-03-18 20:00:00,20.08,20.18,20.06,20.15,299590
2019-03-18 20:30:00,20.15,20.2,20.14,20.19,123975
2019-03-18 21:00:00,20.19,20.23,20.16,20.2,155324
2019-03-18 21:30:00,20.21,20.23,20.17,20.17,110414
2019-03-18 22:00:00,20.18,20.2,20.15,20.18,152207
2019-03-18 22:30:00,20.18,20.25,20.18,20.24,597974
2019-03-19 16:30:00,20.43,20.49,20.32,20.42,678469
2019-03-19 17:00:00,20.42,20.44,20.33,20.35,238567
2019-03-19 17:30:00,20.36,20.42,20.26,20.26,161865
2019-03-19 18:00:00,20.26,20.29,20.18,20.18,172708
2019-03-19 18:30:00,20.18,20.27,20.17,20.27,146684
2019-03-19 19:00:00,20.27,20.27,20.18,20.21,142304
2019-03-19 19:30:00,20.2,20.21,20.06,20.14,211899
2019-03-19 20:00:00,20.14,20.18,20.1,20.11,144917
2019-03-19 20:30:00,20.11,20.12,20.04,20.05,158742
2019-03-19 21:00:00,20.06,20.07,19.98,20.01,110183
2019-03-19 21:30:00,20.02,20.08,20.01,20.03,143636
2019-03-19 22:00:00,20.04,20.06,19.95,19.96,196689
2019-03-19 22:30:00,19.96,19.97,19.88,19.95,619835
2019-03-20 16:30:00,20.0,20.06,19.87,19.9,216408
2019-03-20 17:00:00,19.91,20.0,19.89,19.92,157799
2019-03-20 17:30:00,19.92,19.96,19.87,19.94,133182
2019-03-20 18:00:00,19.94,19.98,19.88,19.89,130318
2019-03-20 18:30:00,19.89,19.91,19.81,19.82,97346
2019-03-20 19:00:00,19.83,19.86,19.77,19.8,101869
2019-03-20 19:30:00,19.78,19.79,19.7,19.74,198169
2019-03-20 20:00:00,19.73,19.78,19.71,19.72,110588
2019-03-20 20:30:00,19.72,19.79,19.72,19.76,101990
2019-03-20 21:00:00,19.77,19.9,19.68,19.72,422687
2019-03-20 21:30:00,19.72,19.97,19.71,19.92,471699
2019-03-20 22:00:00,19.92,19.95,19.87,19.88,377522
2019-03-20 22:30:00,19.87,19.88,19.7,19.72,933259
2019-03-21 16:30:00,19.54,19.57,19.28,19.54,564557
2019-03-21 17:00:00,19.54,19.68,19.54,19.67,418745
2019-03-21 17:30:00,19.68,19.74,19.67,19.72,297260
2019-03-21 18:00:00,19.71,19.78,19.7,19.72,135241
2019-03-21 18:30:00,19.72,19.86,19.7,19.85,121863
2019-03-21 19:00:00,19.84,19.86,19.76,19.77,115582
2019-03-21 19:30:00,19.77,19.8,19.74,19.74,78184
2019-03-21 20:00:00,19.75,19.82,19.75,19.79,72526
2019-03-21 20:30:00,19.8,19.84,19.77,19.81,158160
2019-03-21 21:00:00,19.82,19.91,19.82,19.88,87404
2019-03-21 21:30:00,19.89,19.92,19.86,19.88,84859
2019-03-21 22:00:00,19.89,19.9,19.79,19.82,206268
2019-03-21 22:30:00,19.82,19.86,19.78,19.8,426136
2019-03-22 16:30:00,19.63,19.7,19.12,19.18,536656
2019-03-22 17:00:00,19.18,19.24,19.13,19.15,278612
2019-03-22 17:30:00,19.16,19.27,19.09,19.09,148998
2019-03-22 18:00:00,19.1,19.16,19.04,19.07,207682
2019-03-22 18:30:00,19.06,19.07,18.87,18.87,211177
2019-03-22 19:00:00,18.87,18.96,18.86,18.89,307026
2019-03-22 19:30:00,18.88,18.94,18.85,18.94,230877
2019-03-22 20:00:00,18.94,19.0,18.93,18.96,185327
2019-03-22 20:30:00,18.97,19.04,18.97,19.03,131048
2019-03-22 21:00:00,19.02,19.19,19.02,19.15,117935
2019-03-22 21:30:00,19.15,19.22,19.08,19.2,140582
2019-03-22 22:00:00,19.2,19.23,19.11,19.12,148380
2019-03-22 22:30:00,19.11,19.13,19.06,19.06,547818
2019-03-25 16:30:00,19.11,19.24,18.84,18.84,384193
2019-03-25 17:00:00,18.84,18.88,18.76,18.88,263754
2019-03-25 17:30:00,18.89,19.07,18.89,19.05,143105
2019-03-25 18:00:00,19.04,19.16,19.02,19.13,154408
2019-03-25 18:30:00,19.13,19.13,18.92,18.92,196157
2019-03-25 19:00:00,18.92,18.97,18.9,18.94,150447
2019-03-25 19:30:00,18.93,18.94,18.8,18.93,152848
2019-03-25 20:00:00,18.93,18.93,18.84,18.9,101490
2019-03-25 20:30:00,18.9,18.91,18.75,18.75,164275
2019-03-25 21:00:00,18.76,18.77,18.65,18.68,289193
2019-03-25 21:30:00,18.68,18.78,18.68,18.78,217127
2019-03-25 22:00:00,18.78,18.84,18.74,18.78,254114
2019-03-25 22:30:00,18.78,18.83,18.74,18.79,735638
2019-03-26 16:30:00,19.03,19.24,19.03,19.17,485314
2019-03-26 17:00:00,19.17,19.21,19.09,19.18,221506
2019-03-26 17:30:00,19.18,19.25,19.15,19.24,139346
2019-03-26 18:00:00,19.24,19.26,19.09,19.11,169963
2019-03-26 18:30:00,19.11,19.13,19.04,19.08,186245
2019-03-26 19:00:00,19.07,19.09,18.99,19.03,178992
2019-03-26 19:30:00,19.03,19.06,18.97,19.04,117958
2019-03-26 20:00:00,19.04,19.09,19.03,19.04,114518
2019-03-26 20:30:00,19.04,19.1,19.02,19.04,222821
2019-03-26 21:00:00,19.05,19.08,19.02,19.06,150837
2019-03-26 21:30:00,19.06,19.17,19.03,19.16,219502
2019-03-26 22:00:00,19.16,19.18,19.13,19.16,312748
2019-03-26 22:30:00,19.15,19.3,19.14,19.28,729059
2019-03-27 16:30:00,19.36,19.44,19.25,19.26,269568
2019-03-27 17:00:00,19.25,19.4,19.22,19.4,132959
2019-03-27 17:30:00,19.39,19.4,19.25,19.29,114635
2019-03-27 18:00:00,19.3,19.36,19.25,19.25,157725
2019-03-27 18:30:00,19.25,19.29,19.15,19.2,88503
2019-03-27 19:00:00,19.21,19.29,19.18,19.28,74409
2019-03-27 19:30:00,19.28,19.31,19.26,19.28,85367
2019-03-27 20:00:00,19.28,19.37,19.27,19.35,111624
2019-03-27 20:30:00,19.35,19.37,19.32,19.35,91727
2019-03-27 21:00:00,19.35,19.38,19.33,19.38,169571
2019-03-27 21:30:00,19.37,19.4,19.31,19.31,170919
2019-03-27 22:00:00,19.32,19.36,19.28,19.35,238759
2019-03-27 22:30:00,19.35,19.42,19.31,19.32,519160
2019-03-28 16:30:00,19.31,19.48,19.31,19.4,282175
2019-03-28 17:00:00,19.41,19.55,19.39,19.47,139501
2019-03-28 17:30:00,19.47,19.53,19.46,19.52,218281
2019-03-28 18:00:00,19.51,19.52,19.34,19.35,250398
2019-03-28 18:30:00,19.35,19.42,19.33,19.38,119788
2019-03-28 19:00:00,19.39,19.39,19.27,19.35,82218
2019-03-28 19:30:00,19.35,19.42,19.33,19.4,65161
2019-03-28 20:00:00,19.4,19.43,19.38,19.41,79375
2019-03-28 20:30:00,19.41,19.46,19.35,19.38,929655
2019-03-28 21:00:00,19.39,19.4,19.34,19.37,127836
2019-03-28 21:30:00,19.36,19.38,19.3,19.36,142411
2019-03-28 22:00:00,19.36,19.4,19.35,19.38,178600
2019-03-28 22:30:00,19.39,19.41,19.36,19.36,713374
2019-03-29 16:30:00,19.52,19.58,19.45,19.49,642033
2019-03-29 17:00:00,19.5,19.6,19.44,19.49,300479
2019-03-29 17:30:00,19.49,19.5,19.36,19.4,148766
2019-03-29 18:00:00,19.41,19.45,19.36,19.39,141036
2019-03-29 18:30:00,19.39,19.46,19.38,19.38,161024
2019-03-29 19:00:00,19.38,19.43,19.34,19.41,118563
2019-03-29 19:30:00,19.42,19.46,19.39,19.43,106742
2019-03-29 20:00:00,19.43,19.44,19.36,19.38,99283
2019-03-29 20:30:00,19.38,19.42,19.37,19.39,116262
2019-03-29 21:00:00,19.38,19.4,19.35,19.36,196136
2019-03-29 21:30:00,19.36,19.43,19.34,19.39,230711
2019-03-29 22:00:00,19.4,19.42,19.31,19.31,319732
2019-03-29 22:30:00,19.32,19.35,19.24,19.32,1262562
2019-04-01 16:30:00,19.57,19.7,19.54,19.56,408220
2019-04-01 17:00:00,19.56,19.84,19.56,19.8,293630
2019-04-01 17:30:00,19.81,19.81,19.63,19.63,426475
2019-04-01 18:00:00,19.63,19.67,19.58,19.64,221968
2019-04-01 18:30:00,19.64,19.65,19.49,19.63,296980
2019-04-01 19:00:00,19.64,19.7,19.6,19.69,133644
2019-04-01 19:30:00,19.69,19.75,19.65,19.74,115532
2019-04-01 20:00:00,19.74,19.79,19.73,19.78,152433
2019-04-01 20:30:00,19.78,19.87,19.77,19.83,166919
2019-04-01 21:00:00,19.84,19.92,19.83,19.88,187714
2019-04-01 21:30:00,19.89,19.89,19.78,19.79,170412
2019-04-01 22:00:00,19.79,19.85,19.76,19.85,193901
2019-04-01 22:30:00,19.84,19.99,19.83,19.96,917327
2019-04-02 16:30:00,19.92,20.06,19.78,20.05,519621
2019-04-02 17:00:00,20.04,20.04,19.88,19.92,307682
2019-04-02 17:30:00,19.92,19.94,19.83,19.83,159314
2019-04-02 18:00:00,19.83,19.89,19.76,19.88,178045
2019-04-02 18:30:00,19.88,19.91,19.81,19.88,148811
2019-04-02 19:00:00,19.88,19.89,19.77,19.8,214279
2019-04-02 19:30:00,19.8,19.88,19.79,19.86,214642
2019-04-02 20:00:00,19.85,19.93,19.84,19.9,92430
2019-04-02 20:30:00,19.89,19.92,19.87,19.89,80086
2019-04-02 21:00:00,19.89,19.92,19.87,19.88,102244
2019-04-02 21:30:00,19.87,19.9,19.84,19.89,137221
2019-04-02 22:00:00,19.89,19.91,19.88,19.9,110602
2019-04-02 22:30:00,19.9,19.93,19.84,19.86,627783
2019-04-03 16:30:00,20.1,20.19,20.01,20.04,289515
2019-04-03 17:00:00,20.04,20.04,19.91,20.02,276658
2019-04-03 17:30:00,20.01,20.07,19.97,20.01,184294
2019-04-03 18:00:00,20.01,20.04,19.98,20.0,237022
2019-04-03 18:30:00,20.0,20.05,19.99,20.03,130269
2019-04-03 19:00:00,20.04,20.06,20.0,20.03,107321
2019-04-03 19:30:00,20.04,20.06,20.02,20.03,97880
2019-04-03 20:00:00,20.03,20.07,20.0,20.06,103079
2019-04-03 20:30:00,20.06,20.09,20.02,20.04,109951
2019-04-03 21:00:00,20.04,20.05,20.0,20.02,116601
2019-04-03 21:30:00,20.02,20.03,19.97,20.0,148564
2019-04-03 22:00:00,20.0,20.04,19.95,20.03,294958
2019-04-03 22:30:00,20.03,20.16,20.0,20.12,769501
2019-04-04 16:30:00,20.16,20.28,20.11,20.19,206252
2019-04-04 17:00:00,20.2,20.3,20.18,20.28,194833
2019-04-04 17:30:00,20.28,20.38,20.27,20.38,167904
2019-04-04 18:00:00,20.38,20.42,20.32,20.39,146875
2019-04-04 18:30:00,20.39,20.4,20.25,20.25,386429
2019-04-04 19:00:00,20.25,20.26,20.14,20.21,244660
2019-04-04 19:30:00,20.2,20.28,20.19,20.26,302197
2019-04-04 20:00:00,20.26,20.26,20.19,20.22,129050
2019-04-04 20:30:00,20.21,20.27,20.21,20.25,136771
2019-04-04 21:00:00,20.25,20.28,20.23,20.23,140226
2019-04-04 21:30:00,20.23,20.28,20.22,20.22,199778
2019-04-04 22:00:00,20.23,20.27,20.22,20.23,234222
2019-04-04 22:30:00,20.24,20.27,20.16,20.18,1018654
2019-04-05 16:30:00,20.28,20.38,20.13,20.26,399140
2019-04-05 17:00:00,20.26,20.32,20.2,20.28,598880
2019-04-05 17:30:00,20.28,20.38,20.28,20.34,1054924
2019-04-05 18:00:00,20.34,20.42,20.32,20.37,676969
2019-04-05 18:30:00,20.36,20.38,20.32,20.36,320806
2019-04-05 19:00:00,20.36,20.41,20.33,20.4,444280
2019-04-05 19:30:00,20.41,20.45,20.36,20.45,295625
2019-04-05 20:00:00,20.45,20.46,20.37,20.4,248884
2019-04-05 20:30:00,20.4,20.45,20.39,20.45,258191
2019-04-05 21:00:00,20.44,20.5,20.44,20.49,233364
2019-04-05 21:30:00,20.49,20.5,20.47,20.48,170613
2019-04-05 22:00:00,20.48,20.51,20.46,20.47,270078
2019-04-05 22:30:00,20.47,20.5,20.45,20.48,588989
2019-04-08 16:30:00,20.48,20.66,20.45,20.57,436200
2019-04-08 17:00:00,20.57,20.6,20.49,20.6,154632
2019-04-08 17:30:00,20.6,20.65,20.54,20.63,219583
2019-04-08 18:00:00,20.62,20.63,20.51,20.56,248085
2019-04-08 18:30:00,20.57,20.66,20.57,20.57,173134
2019-04-08 19:00:00,20.58,20.6,20.51,20.53,412192
2019-04-08 19:30:00,20.53,20.54,20.47,20.49,69796
2019-04-08 20:00:00,20.49,20.52,20.47,20.49,100882
2019-04-08 20:30:00,20.49,20.56,20.42,20.54,390952
2019-04-08 21:00:00,20.54,20.56,20.47,20.47,158272
2019-04-08 21:30:00,20.47,20.51,20.4,20.41,215363
2019-04-08 22:00:00,20.41,20.47,20.38,20.47,365578
2019-04-08 22:30:00,20.46,20.56,20.45,20.52,730131
2019-04-09 16:30:00,20.46,20.52,20.25,20.35,304075
2019-04-09 17:00:00,20.35,20.37,20.29,20.32,141227
2019-04-09 17:30:00,20.32,20.37,20.29,20.37,140462
2019-04-09 18:00:00,20.36,20.41,20.32,20.34,116414
2019-04-09 18:30:00,20.34,20.44,20.34,20.42,112724
2019-04-09 19:00:00,20.42,20.5,20.41,20.47,94964
2019-04-09 19:30:00,20.48,20.49,20.46,20.46,71652
2019-04-09 20:00:00,20.46,20.47,20.42,20.42,86594
2019-04-09 20:30:00,20.42,20.45,20.39,20.41,90350
2019-04-09 21:00:00,20.41,20.41,20.35,20.35,117838
2019-04-09 21:30:00,20.36,20.38,20.32,20.32,123071
2019-04-09 22:00:00,20.32,20.36,20.26,20.29,434964
2019-04-09 22:30:00,20.29,20.33,20.27,20.31,567679
2019-04-10 16:30:00,20.49,20.68,20.36,20.61,681965
2019-04-10 17:00:00,20.61,20.61,20.34,20.37,217239
2019-04-10 17:30:00,20.37,20.41,20.33,20.39,138524
2019-04-10 18:00:00,20.39,20.53,20.38,20.47,184697
2019-04-10 18:30:00,20.47,20.55,20.45,20.53,147330
2019-04-10 19:00:00,20.53,20.55,20.5,20.54,138966
2019-04-10 19:30:00,20.55,20.6,20.52,20.53,129509
2019-04-10 20:00:00,20.54,20.63,20.53,20.61,232541
2019-04-10 20:30:00,20.62,20.69,20.59,20.67,365524
2019-04-10 21:00:00,20.67,20.75,20.62,20.72,206802
2019-04-10 21:30:00,20.72,20.76,20.7,20.71,190723
2019-04-10 22:00:00,20.72,20.82,20.72,20.77,143714
2019-04-10 22:30:00,20.78,20.83,20.75,20.8,632656
2019-04-11 16:30:00,20.91,21.12,20.87,21.03,712027
2019-04-11 17:00:00,21.04,21.1,21.0,21.09,386471
2019-04-11 17:30:00,21.09,21.16,21.0,21.0,317336
2019-04-11 18:00:00,20.99,21.06,20.95,20.97,156772
2019-04-11 18:30:00,20.97,20.97,20.79,20.86,274783
2019-04-11 19:00:00,20.86,20.87,20.79,20.82,130948
2019-04-11 19:30:00,20.82,20.89,20.79,20.89,87574
2019-04-11 20:00:00,20.87,20.91,20.85,20.87,110245
2019-04-11 20:30:00,20.87,20.93,20.85,20.91,132193
2019-04-11 21:00:00,20.92,20.94,20.9,20.92,154234
2019-04-11 21:30:00,20.92,20.96,20.87,20.91,137668
2019-04-11 22:00:00,20.9,20.95,20.83,20.83,283145
2019-04-11 22:30:00,20.83,20.88,20.81,20.85,575160
2019-04-12 16:30:00,21.25,21.4,21.22,21.28,394763
2019-04-12 17:00:00,21.28,21.28,21.11,21.18,387012
2019-04-12 17:30:00,21.18,21.26,21.02,21.24,419768
2019-04-12 18:00:00,21.24,21.28,21.18,21.2,146246
2019-04-12 18:30:00,21.21,21.25,21.17,21.22,140354
2019-04-12 19:00:00,21.22,21.31,21.19,21.29,142696
2019-04-12 19:30:00,21.28,21.31,21.25,21.28,103239
2019-04-12 20:00:00,21.29,21.32,21.27,21.29,154297
2019-04-12 20:30:00,21.3,21.33,21.28,21.32,79335
2019-04-12 21:00:00,21.31,21.36,21.3,21.36,114519
2019-04-12 21:30:00,21.35,21.36,21.23,21.25,192768
2019-04-12 22:00:00,21.25,21.31,21.24,21.28,184643
2019-04-12 22:30:00,21.29,21.33,21.26,21.32,472391
2019-04-15 16:30:00,21.28,21.43,21.18,21.26,267758
2019-04-15 17:00:00,21.25,21.33,21.21,21.22,140175
2019-04-15 17:30:00,21.23,21.26,21.14,21.17,239954
2019-04-15 18:00:00,21.17,21.26,21.15,21.24,156051
2019-04-15 18:30:00,21.24,21.25,21.16,21.17,107741
2019-04-15 19:00:00,21.18,21.21,21.14,21.18,201168
2019-04-15 19:30:00,21.19,21.2,21.16,21.17,114084
2019-04-15 20:00:00,21.17,21.25,21.17,21.25,112545
2019-04-15 20:30:00,21.24,21.26,21.19,21.2,66666
2019-04-15 21:00:00,21.2,21.21,21.16,21.21,164858
2019-04-15 21:30:00,21.21,21.24,21.19,21.23,166270
2019-04-15 22:00:00,21.23,21.27,21.21,21.22,196245
2019-04-15 22:30:00,21.23,21.23,21.0,21.09,1621418
2019-04-16 16:30:00,21.2,21.35,21.12,21.29,315520
2019-04-16 17:00:00,21.29,21.3,21.21,21.27,232124
2019-04-16 17:30:00,21.27,21.27,21.14,21.14,175090
2019-04-16 18:00:00,21.14,21.2,21.14,21.17,391287
2019-04-16 18:30:00,21.17,21.23,21.12,21.21,237109
2019-04-16 19:00:00,21.22,21.29,21.21,21.27,173223
2019-04-16 19:30:00,21.27,21.4,21.27,21.4,250849
2019-04-16 20:00:00,21.39,21.46,21.37,21.45,322836
2019-04-16 20:30:00,21.45,21.5,21.43,21.43,112416
2019-04-16 21:00:00,21.44,21.48,21.39,21.47,122938
2019-04-16 21:30:00,21.47,21.49,21.43,21.45,114554
2019-04-16 22:00:00,21.44,21.52,21.44,21.52,170588
2019-04-16 22:30:00,21.51,21.54,21.45,21.54,572421
2019-04-17 16:30:00,21.51,21.58,21.45,21.51,357693
2019-04-17 17:00:00,21.51,21.58,21.41,21.58,177719
2019-04-17 17:30:00,21.58,21.63,21.54,21.56,161066
2019-04-17 18:00:00,21.57,21.63,21.52,21.52,160470
2019-04-17 18:30:00,21.52,21.58,21.48,21.54,137841
2019-04-17 19:00:00,21.53,21.57,21.49,21.56,151833
2019-04-17 19:30:00,21.56,21.61,21.53,21.56,117731
2019-04-17 20:00:00,21.57,21.57,21.52,21.54,146058
2019-04-17 20:30:00,21.54,21.61,21.53,21.61,116260
2019-04-17 21:00:00,21.61,21.67,21.6,21.62,162460
2019-04-17 21:30:00,21.62,21.63,21.57,21.62,107716
2019-04-17 22:00:00,21.62,21.68,21.61,21.64,144061
2019-04-17 22:30:00,21.64,21.7,21.62,21.66,500710
2019-04-18 16:30:00,21.56,21.66,21.48,21.51,327088
2019-04-18 17:00:00,21.51,21.52,21.43,21.45,171721
2019-04-18 17:30:00,21.45,21.47,21.34,21.42,142013
2019-04-18 18:00:00,21.42,21.53,21.42,21.49,202253
2019-04-18 18:30:00,21.49,21.52,21.44,21.5,102121
2019-04-18 19:00:00,21.49,21.57,21.49,21.52,123230
2019-04-18 19:30:00,21.52,21.58,21.51,21.54,68170
2019-04-18 20:00:00,21.53,21.56,21.49,21.54,107910
2019-04-18 20:30:00,21.55,21.55,21.47,21.49,77073
2019-04-18 21:00:00,21.49,21.5,21.44,21.48,90638
2019-04-18 21:30:00,21.47,21.52,21.45,21.51,80256
2019-04-18 22:00:00,21.51,21.54,21.47,21.5,100366
2019-04-18 22:30:00,21.49,21.55,21.47,21.52,544783
2019-04-22 16:30:00,21.47,21.55,21.36,21.52,437194
2019-04-22 17:00:00,21.52,21.52,21.35,21.44,230937
2019-04-22 17:30:00,21.44,21.55,21.43,21.51,127880
2019-04-22 18:00:00,21.51,21.54,21.47,21.48,99931
2019-04-22 18:30:00,21.48,21.53,21.47,21.51,86910
2019-04-22 19:00:00,21.5,21.54,21.49,21.52,291314
2019-04-22 19:30:00,21.52,21.53,21.48,21.48,79443
2019-04-22 20:00:00,21.48,21.5,21.45,21.46,98768
2019-04-22 20:30:00,21.47,21.48,21.44,21.46,53808
2019-04-22 21:00:00,21.45,21.48,21.42,21.47,108334
2019-04-22 21:30:00,21.47,21.47,21.39,21.43,168034
2019-04-22 22:00:00,21.42,21.44,21.39,21.39,137845
2019-04-22 22:30:00,21.4,21.44,21.38,21.38,433229
2019-04-23 16:30:00,21.42,21.58,21.42,21.5,476980
2019-04-23 17:00:00,21.5,21.53,21.38,21.42,208893
2019-04-23 17:30:00,21.42,21.55,21.39,21.55,224672
2019-04-23 18:00:00,21.54,21.69,21.53,21.66,189855
2019-04-23 18:30:00,21.66,21.8,21.65,21.79,203602
2019-04-23 19:00:00,21.79,21.81,21.75,21.76,286342
2019-04-23 19:30:00,21.77,21.78,21.7,21.76,117232
2019-04-23 20:00:00,21.76,21.77,21.69,21.69,137726
2019-04-23 20:30:00,21.7,21.72,21.68,21.68,90475
2019-04-23 21:00:00,21.68,21.72,21.66,21.7,94939
2019-04-23 21:30:00,21.7,21.72,21.66,21.67,154831
2019-04-23 22:00:00,21.66,21.69,21.62,21.62,230688
2019-04-23 22:30:00,21.63,21.66,21.59,21.62,912242
2019-04-24 16:30:00,21.52,21.62,21.4,21.48,311039
2019-04-24 17:00:00,21.47,21.53,21.4,21.44,307639
2019-04-24 17:30:00,21.44,21.56,21.43,21.54,342412
2019-04-24 18:00:00,21.54,21.6,21.5,21.52,286147
2019-04-24 18:30:00,21.52,21.62,21.51,21.56,143641
2019-04-24 19:00:00,21.55,21.62,21.53,21.62,120389
2019-04-24 19:30:00,21.61,21.65,21.59,21.6,136449
2019-04-24 20:00:00,21.6,21.6,21.49,21.58,274520
2019-04-24 20:30:00,21.58,21.61,21.54,21.55,159432
2019-04-24 21:00:00,21.55,21.61,21.54,21.6,185290
2019-04-24 21:30:00,21.59,21.63,21.56,21.61,167906
2019-04-24 22:00:00,21.62,21.64,21.58,21.6,249865
2019-04-24 22:30:00,21.6,21.62,21.49,21.53,1195860
2019-04-25 16:30:00,21.77,22.18,21.35,21.52,711262
2019-04-25 17:00:00,21.52,21.74,21.51,21.61,487206
2019-04-25 17:30:00,21.61,21.83,21.49,21.82,475358
2019-04-25 18:00:00,21.81,21.97,21.74,21.95,388641
2019-04-25 18:30:00,21.94,22.17,21.94,22.06,354240
2019-04-25 19:00:00,22.06,22.07,21.91,21.99,390559
2019-04-25 19:30:00,21.99,22.05,21.98,21.99,223751
2019-04-25 20:00:00,21.99,22.02,21.93,22.01,121881
2019-04-25 20:30:00,22.01,22.12,21.98,22.11,277135
2019-04-25 21:00:00,22.11,22.14,22.04,22.09,249906
2019-04-25 21:30:00,22.07,22.11,21.94,21.94,282481
2019-04-25 22:00:00,21.95,22.0,21.88,21.98,276479
2019-04-25 22:30:00,21.98,22.1,21.94,21.95,1003907
2019-04-26 16:30:00,21.89,22.02,21.63,21.66,438342
2019-04-26 17:00:00,21.67,21.69,21.5,21.63,424016
2019-04-26 17:30:00,21.62,21.65,21.51,21.51,210323
2019-04-26 18:00:00,21.52,21.71,21.34,21.6,522981
2019-04-26 18:30:00,21.6,21.75,21.58,21.63,455995
2019-04-26 19:00:00,21.63,21.77,21.62,21.76,263609
2019-04-26 19:30:00,21.75,21.79,21.72,21.73,121567
2019-04-26 20:00:00,21.74,21.79,21.72,21.73,98431
2019-04-26 20:30:00,21.74,21.74,21.68,21.71,117291
2019-04-26 21:00:00,21.71,21.71,21.6,21.63,139477
2019-04-26 21:30:00,21.63,21.66,21.6,21.65,224037
2019-04-26 22:00:00,21.65,21.76,21.65,21.71,218944
2019-04-26 22:30:00,21.71,21.77,21.7,21.76,654324
2019-04-29 16:30:00,21.81,22.04,21.77,21.95,377690
2019-04-29 17:00:00,21.96,22.03,21.78,21.78,347766
2019-04-29 17:30:00,21.79,21.93,21.77,21.89,164081
2019-04-29 18:00:00,21.89,21.94,21.82,21.85,201392
2019-04-29 18:30:00,21.85,21.88,21.81,21.85,109655
2019-04-29 19:00:00,21.86,21.97,21.84,21.95,125452
2019-04-29 19:30:00,21.95,22.05,21.91,22.05,417154
2019-04-29 20:00:00,22.05,22.06,21.98,22.01,147642
2019-04-29 20:30:00,22.0,22.05,21.99,22.01,109449
2019-04-29 21:00:00,22.01,22.03,21.95,21.95,289768
2019-04-29 21:30:00,21.95,21.96,21.89,21.92,197396
2019-04-29 22:00:00,21.91,21.97,21.9,21.97,183317
2019-04-29 22:30:00,21.95,21.97,21.89,21.89,800985
2019-04-30 16:30:00,21.89,21.99,21.71,21.72,226111
2019-04-30 17:00:00,21.72,21.76,21.67,21.74,122292
2019-04-30 17:30:00,21.73,21.8,21.72,21.78,262316
2019-04-30 18:00:00,21.78,21.82,21.66,21.79,259998
2019-04-30 18:30:00,21.79,21.81,21.72,21.77,202560
2019-04-30 19:00:00,21.78,21.87,21.77,21.85,144705
2019-04-30 19:30:00,21.85,21.89,21.82,21.83,99693
2019-04-30 20:00:00,21.83,21.89,21.83,21.87,95786
2019-04-30 20:30:00,21.86,21.9,21.85,21.9,113445
2019-04-30 21:00:00,21.9,21.91,21.85,21.89,266235
2019-04-30 21:30:00,21.88,21.91,21.85,21.9,295025
2019-04-30 22:00:00,21.9,21.92,21.88,21.89,193363
2019-04-30 22:30:00,21.89,22.0,21.88,21.97,510449
2019-05-01 16:30:00,22.0,22.13,21.91,22.08,263466
2019-05-01 17:00:00,22.07,22.08,21.84,21.84,202564
2019-05-01 17:30:00,21.84,21.92,21.82,21.89,126945
2019-05-01 18:00:00,21.89,21.92,21.84,21.85,116852
2019-05-01 18:30:00,21.85,21.95,21.85,21.9,207160
2019-05-01 19:00:00,21.9,21.9,21.81,21.84,161386
2019-05-01 19:30:00,21.84,21.87,21.79,21.87,110311
2019-05-01 20:00:00,21.87,21.91,21.86,21.91,120565
2019-05-01 20:30:00,21.91,21.94,21.87,21.9,133263
2019-05-01 21:00:00,21.9,22.06,21.83,22.04,490271
2019-05-01 21:30:00,22.04,22.07,21.89,21.92,674777
2019-05-01 22:00:00,21.92,22.01,21.91,21.94,175343
2019-05-01 22:30:00,21.95,21.97,21.75,21.78,876817
2019-05-02 16:30:00,21.87,21.95,21.76,21.76,375446
2019-05-02 17:00:00,21.76,21.77,21.51,21.58,694879
2019-05-02 17:30:00,21.59,21.62,21.28,21.3,586313
2019-05-02 18:00:00,21.29,21.39,21.07,21.1,544119
2019-05-02 18:30:00,21.11,21.18,20.97,21.05,398666
2019-05-02 19:00:00,21.05,21.21,21.05,21.14,312676
2019-05-02 19:30:00,21.15,21.27,21.13,21.22,178267
2019-05-02 20:00:00,21.22,21.29,21.17,21.23,167651
2019-05-02 20:30:00,21.23,21.25,21.19,21.23,175398
2019-05-02 21:00:00,21.23,21.28,21.16,21.16,249921
2019-05-02 21:30:00,21.17,21.21,21.09,21.1,210995
2019-05-02 22:00:00,21.1,21.2,21.06,21.16,270048
2019-05-02 22:30:00,21.16,21.21,21.12,21.2,646300
2019-05-03 16:30:00,21.34,21.57,21.22,21.56,490722
2019-05-03 17:00:00,21.55,21.58,21.39,21.49,273792
2019-05-03 17:30:00,21.5,21.62,21.5,21.62,167337
2019-05-03 18:00:00,21.61,21.77,21.61,21.74,349012
2019-05-03 18:30:00,21.74,21.76,21.65,21.76,202917
2019-05-03 19:00:00,21.76,21.83,21.76,21.8,128744
2019-05-03 19:30:00,21.81,21.84,21.76,21.79,110445
2019-05-03 20:00:00,21.79,21.81,21.73,21.78,203225
2019-05-03 20:30:00,21.77,21.86,21.77,21.8,431934
2019-05-03 21:00:00,21.8,21.88,21.78,21.84,171179
2019-05-03 21:30:00,21.85,21.88,21.81,21.87,189855
2019-05-03 22:00:00,21.87,21.93,21.78,21.8,278784
2019-05-03 22:30:00,21.8,21.93,21.79,21.91,576982
2019-05-06 16:30:00,21.5,21.51,21.2,21.37,514301
2019-05-06 17:00:00,21.37,21.48,21.27,21.42,249790
2019-05-06 17:30:00,21.42,21.53,21.37,21.5,161140
2019-05-06 18:00:00,21.49,21.66,21.45,21.66,168364
2019-05-06 18:30:00,21.66,21.67,21.46,21.49,253777
2019-05-06 19:00:00,21.49,21.63,21.45,21.56,305024
2019-05-06 19:30:00,21.56,21.6,21.51,21.53,155792
2019-05-06 20:00:00,21.53,21.63,21.5,21.61,123277
2019-05-06 20:30:00,21.61,21.62,21.55,21.58,94339
2019-05-06 21:00:00,21.57,21.62,21.55,21.6,111910
2019-05-06 21:30:00,21.61,21.71,21.59,21.7,168724
2019-05-06 22:00:00,21.7,21.75,21.69,21.7,201083
2019-05-06 22:30:00,21.71,21.74,21.62,21.65,539569
2019-05-07 16:30:00,21.33,21.56,21.26,21.49,402250
2019-05-07 17:00:00,21.49,21.6,21.41,21.6,183859
2019-05-07 17:30:00,21.6,21.61,21.41,21.43,143741
2019-05-07 18:00:00,21.43,21.52,21.38,21.43,190346
2019-05-07 18:30:00,21.44,21.47,21.32,21.38,335680
2019-05-07 19:00:00,21.38,21.43,21.34,21.43,170979
2019-05-07 19:30:00,21.43,21.46,21.33,21.33,124540
2019-05-07 20:00:00,21.34,21.35,21.22,21.27,252758
2019-05-07 20:30:00,21.26,21.35,21.22,21.3,336011
2019-05-07 21:00:00,21.29,21.34,21.26,21.29,328889
2019-05-07 21:30:00,21.29,21.35,21.23,21.31,341543
2019-05-07 22:00:00,21.31,21.36,21.25,21.26,591548
2019-05-07 22:30:00,21.26,21.34,21.12,21.32,907920
2019-05-08 16:30:00,21.25,21.49,21.22,21.33,605005
2019-05-08 17:00:00,21.34,21.38,21.28,21.37,161941
2019-05-08 17:30:00,21.38,21.42,21.25,21.36,126057
2019-05-08 18:00:00,21.37,21.5,21.36,21.4,181591
2019-05-08 18:30:00,21.41,21.46,21.32,21.41,136691
2019-05-08 19:00:00,21.41,21.41,21.33,21.4,105476
2019-05-08 19:30:00,21.39,21.43,21.37,21.42,79351
2019-05-08 20:00:00,21.42,21.43,21.36,21.38,81801
2019-05-08 20:30:00,21.39,21.41,21.35,21.38,105231
2019-05-08 21:00:00,21.39,21.4,21.36,21.4,91151
2019-05-08 21:30:00,21.4,21.43,21.35,21.38,89633
2019-05-08 22:00:00,21.38,21.43,21.36,21.41,201086
2019-05-08 22:30:00,21.41,21.43,21.24,21.26,643482
2019-05-09 16:30:00,20.73,20.73,20.37,20.49,521737
2019-05-09 17:00:00,20.48,20.58,20.4,20.47,382516
2019-05-09 17:30:00,20.47,20.59,20.38,20.49,501457
2019-05-09 18:00:00,20.49,20.65,20.46,20.48,242736
2019-05-09 18:30:00,20.49,20.69,20.48,20.62,305907
2019-05-09 19:00:00,20.62,20.67,20.53,20.61,393117
2019-05-09 19:30:00,20.62,20.8,20.62,20.71,252800
2019-05-09 20:00:00,20.71,20.76,20.65,20.7,195884
2019-05-09 20:30:00,20.7,20.8,20.68,20.7,169609
2019-05-09 21:00:00,20.71,20.76,20.66,20.71,180791
2019-05-09 21:30:00,20.72,20.76,20.67,20.68,164496
2019-05-09 22:00:00,20.68,20.75,20.62,20.74,192610
2019-05-09 22:30:00,20.74,20.84,20.73,20.81,576859
2019-05-10 16:30:00,20.81,21.32,20.81,21.21,808079
2019-05-10 17:00:00,21.21,21.32,21.06,21.11,484162
2019-05-10 17:30:00,21.11,21.12,20.86,20.87,382153
2019-05-10 18:00:00,20.86,21.01,20.79,20.93,191917
2019-05-10 18:30:00,20.93,20.99,20.83,20.92,266107
2019-05-10 19:00:00,20.92,21.1,20.92,21.08,174137
2019-05-10 19:30:00,21.08,21.14,21.06,21.1,191644
2019-05-10 20:00:00,21.09,21.23,21.08,21.15,155683
2019-05-10 20:30:00,21.16,21.27,21.14,21.24,230650
2019-05-10 21:00:00,21.25,21.26,21.16,21.2,272303
2019-05-10 21:30:00,21.2,21.3,21.19,21.24,362227
2019-05-10 22:00:00,21.24,21.41,21.23,21.37,448283
2019-05-10 22:30:00,21.38,21.4,21.28,21.35,588465
2019-05-13 16:30:00,20.65,20.65,20.2,20.26,647487
2019-05-13 17:00:00,20.26,20.29,20.2,20.27,251241
2019-05-13 17:30:00,20.27,20.35,20.13,20.18,221973
2019-05-13 18:00:00,20.18,20.2,20.07,20.1,188529
2019-05-13 18:30:00,20.1,20.12,20.0,20.1,122370
2019-05-13 19:00:00,20.1,20.12,19.94,19.94,125855
2019-05-13 19:30:00,19.94,19.98,19.83,19.88,152580
2019-05-13 20:00:00,19.87,19.9,19.82,19.84,173376
2019-05-13 20:30:00,19.84,20.02,19.83,19.96,201849
2019-05-13 21:00:00,19.96,20.04,19.88,20.01,196412
2019-05-13 21:30:00,20.01,20.06,19.95,20.02,174641
2019-05-13 22:00:00,20.02,20.07,19.9,19.93,253295
2019-05-13 22:30:00,19.92,19.92,19.81,19.83,814322
2019-05-14 16:30:00,19.94,20.2,19.89,20.14,356174
2019-05-14 17:00:00,20.15,20.34,20.15,20.25,217245
2019-05-14 17:30:00,20.26,20.34,20.22,20.31,162397
2019-05-14 18:00:00,20.31,20.44,20.3,20.38,180521
2019-05-14 18:30:00,20.38,20.52,20.38,20.49,164032
2019-05-14 19:00:00,20.49,20.52,20.41,20.43,151191
2019-05-14 19:30:00,20.43,20.53,20.41,20.51,116033
2019-05-14 20:00:00,20.52,20.54,20.45,20.48,229146
2019-05-14 20:30:00,20.48,20.55,20.47,20.52,156680
2019-05-14 21:00:00,20.52,20.57,20.48,20.52,158322
2019-05-14 21:30:00,20.53,20.56,20.46,20.49,149238
2019-05-14 22:00:00,20.49,20.55,20.47,20.49,260017
2019-05-14 22:30:00,20.49,20.5,20.37,20.39,990792
2019-05-15 16:30:00,20.1,20.2,20.01,20.15,338310
2019-05-15 17:00:00,20.16,20.35,20.05,20.35,351278
2019-05-15 17:30:00,20.35,20.39,20.29,20.35,189873
2019-05-15 18:00:00,20.35,20.44,20.28,20.42,187335
2019-05-15 18:30:00,20.43,20.53,20.37,20.51,145674
2019-05-15 19:00:00,20.52,20.56,20.47,20.5,134452
2019-05-15 19:30:00,20.5,20.54,20.47,20.53,128478
2019-05-15 20:00:00,20.54,20.58,20.5,20.53,173671
2019-05-15 20:30:00,20.53,20.61,20.53,20.59,118071
2019-05-15 21:00:00,20.6,20.63,20.57,20.6,113166
2019-05-15 21:30:00,20.61,20.66,20.58,20.59,146902
2019-05-15 22:00:00,20.59,20.66,20.58,20.66,174630
2019-05-15 22:30:00,20.65,20.67,20.58,20.59,465042
2019-05-16 16:30:00,20.65,20.93,20.65,20.89,231208
2019-05-16 17:00:00,20.89,20.9,20.82,20.9,163693
2019-05-16 17:30:00,20.9,20.91,20.77,20.83,300909
2019-05-16 18:00:00,20.82,20.87,20.74,20.86,135126
2019-05-16 18:30:00,20.86,20.94,20.85,20.93,272509
2019-05-16 19:00:00,20.93,20.96,20.88,20.95,183178
2019-05-16 19:30:00,20.95,20.96,20.87,20.89,438832
2019-05-16 20:00:00,20.89,20.93,20.83,20.91,116476
2019-05-16 20:30:00,20.92,20.93,20.78,20.79,249840
2019-05-16 21:00:00,20.79,20.79,20.72,20.79,268333
2019-05-16 21:30:00,20.78,20.81,20.67,20.72,198339
2019-05-16 22:00:00,20.71,20.73,20.66,20.71,291805
2019-05-16 22:30:00,20.7,20.74,20.66,20.7,779545
2019-05-17 16:30:00,20.43,20.55,20.34,20.39,246144
2019-05-17 17:00:00,20.39,20.58,20.39,20.57,174375
2019-05-17 17:30:00,20.57,20.8,20.55,20.75,188108
2019-05-17 18:00:00,20.76,20.83,20.71,20.8,200463
2019-05-17 18:30:00,20.8,20.81,20.67,20.73,254180
2019-05-17 19:00:00,20.72,20.72,20.63,20.65,153181
2019-05-17 19:30:00,20.65,20.74,20.63,20.7,102259
2019-05-17 20:00:00,20.7,20.74,20.65,20.65,106836
2019-05-17 20:30:00,20.64,20.67,20.62,20.65,100824
2019-05-17 21:00:00,20.65,20.68,20.65,20.67,110355
2019-05-17 21:30:00,20.66,20.7,20.63,20.68,130469
2019-05-17 22:00:00,20.68,20.69,20.52,20.56,360694
2019-05-17 22:30:00,20.56,20.57,20.44,20.44,421214
2019-05-20 16:30:00,20.25,20.48,20.22,20.36,272439
2019-05-20 17:00:00,20.36,20.53,20.33,20.5,167447
2019-05-20 17:30:00,20.5,20.63,20.48,20.61,290199
2019-05-20 18:00:00,20.61,20.66,20.56,20.64,171933
2019-05-20 18:30:00,20.65,20.7,20.6,20.67,119878
2019-05-20 19:00:00,20.67,20.69,20.6,20.67,115521
2019-05-20 19:30:00,20.67,20.7,20.63,20.64,87260
2019-05-20 20:00:00,20.64,20.65,20.55,20.6,154815
2019-05-20 20:30:00,20.59,20.66,20.59,20.64,178003
2019-05-20 21:00:00,20.64,20.66,20.6,20.63,139145
2019-05-20 21:30:00,20.63,20.66,20.58,20.59,212990
2019-05-20 22:00:00,20.59,20.6,20.55,20.6,199416
2019-05-20 22:30:00,20.59,20.67,20.58,20.64,468893
2019-05-21 16:30:00,20.73,20.92,20.71,20.87,319808
2019-05-21 17:00:00,20.86,20.92,20.81,20.9,204618
2019-05-21 17:30:00,20.9,21.01,20.87,20.98,285168
2019-05-21 18:00:00,20.99,21.0,20.93,20.94,198973
2019-05-21 18:30:00,20.95,20.95,20.85,20.88,275410
2019-05-21 19:00:00,20.88,20.93,20.86,20.92,167834
2019-05-21 19:30:00,20.92,20.94,20.87,20.92,124422
2019-05-21 20:00:00,20.92,20.94,20.85,20.86,154660
2019-05-21 20:30:00,20.86,20.89,20.84,20.86,100105
2019-05-21 21:00:00,20.87,20.88,20.83,20.87,137523
2019-05-21 21:30:00,20.87,20.88,20.82,20.82,169613
2019-05-21 22:00:00,20.82,20.87,20.8,20.8,304573
2019-05-21 22:30:00,20.8,20.9,20.8,20.87,826697
2019-05-22 16:30:00,20.77,20.98,20.7,20.95,271510
2019-05-22 17:00:00,20.96,21.0,20.86,20.97,259982
2019-05-22 17:30:00,20.96,21.02,20.85,20.91,376427
2019-05-22 18:00:00,20.9,20.91,20.83,20.89,171496
2019-05-22 18:30:00,20.89,20.92,20.85,20.9,163745
2019-05-22 19:00:00,20.9,20.91,20.86,20.87,118623
2019-05-22 19:30:00,20.86,20.89,20.78,20.8,140118
2019-05-22 20:00:00,20.8,20.84,20.74,20.78,132665
2019-05-22 20:30:00,20.77,20.82,20.74,20.81,339158
2019-05-22 21:00:00,20.81,20.83,20.77,20.81,119930
2019-05-22 21:30:00,20.81,20.86,20.8,20.81,111287
2019-05-22 22:00:00,20.81,20.85,20.79,20.82,178010
2019-05-22 22:30:00,20.82,20.85,20.75,20.75,532497
2019-05-23 16:30:00,20.44,20.45,20.12,20.26,368321
2019-05-23 17:00:00,20.26,20.3,20.14,20.22,310069
2019-05-23 17:30:00,20.2,20.29,20.19,20.25,214108
2019-05-23 18:00:00,20.25,20.25,20.12,20.19,174170
2019-05-23 18:30:00,20.2,20.23,20.1,20.12,125807
2019-05-23 19:00:00,20.13,20.22,20.12,20.18,238846
2019-05-23 19:30:00,20.19,20.2,20.13,20.14,148265
2019-05-23 20:00:00,20.13,20.23,20.12,20.21,278045
2019-05-23 20:30:00,20.2,20.23,20.18,20.22,183130
2019-05-23 21:00:00,20.23,20.25,20.16,20.16,332125
2019-05-23 21:30:00,20.17,20.19,20.1,20.12,191669
2019-05-23 22:00:00,20.11,20.29,20.09,20.25,434864
2019-05-23 22:30:00,20.25,20.28,20.14,20.23,933680
2019-05-24 16:30:00,20.39,20.58,20.37,20.5,231390
2019-05-24 17:00:00,20.5,20.52,20.45,20.45,177594
2019-05-24 17:30:00,20.45,20.48,20.39,20.4,149824
2019-05-24 18:00:00,20.4,20.41,20.36,20.4,225316
2019-05-24 18:30:00,20.4,20.46,20.39,20.42,101722
2019-05-24 19:00:00,20.42,20.46,20.4,20.43,98256
2019-05-24 19:30:00,20.44,20.46,20.42,20.46,79070
2019-05-24 20:00:00,20.46,20.49,20.43,20.43,104129
2019-05-24 20:30:00,20.44,20.49,20.43,20.45,105099
2019-05-24 21:00:00,20.46,20.47,20.4,20.41,141926
2019-05-24 21:30:00,20.41,20.42,20.38,20.42,151765
2019-05-24 22:00:00,20.41,20.44,20.4,20.42,234105
2019-05-24 22:30:00,20.42,20.44,20.38,20.42,470590
2019-05-28 16:30:00,20.3,20.45,20.27,20.31,185098
2019-05-28 17:00:00,20.32,20.38,20.3,20.37,167699
2019-05-28 17:30:00,20.37,20.4,20.31,20.35,173579
2019-05-28 18:00:00,20.35,20.45,20.34,20.41,112615
2019-05-28 18:30:00,20.4,20.42,20.32,20.36,135916
2019-05-28 19:00:00,20.36,20.44,20.35,20.42,101885
2019-05-28 19:30:00,20.41,20.43,20.38,20.39,90427
2019-05-28 20:00:00,20.39,20.41,20.37,20.37,59306
2019-05-28 20:30:00,20.37,20.38,20.34,20.35,91258
2019-05-28 21:00:00,20.34,20.35,20.28,20.28,311705
2019-05-28 21:30:00,20.28,20.3,20.21,20.24,206194
2019-05-28 22:00:00,20.24,20.24,20.17,20.18,208168
2019-05-28 22:30:00,20.19,20.2,20.08,20.12,886288
2019-05-29 16:30:00,19.95,20.0,19.79,19.91,389026
2019-05-29 17:00:00,19.91,20.04,19.88,20.04,322231
2019-05-29 17:30:00,20.04,20.09,20.0,20.02,256656
2019-05-29 18:00:00,20.01,20.14,19.95,19.96,205024
2019-05-29 18:30:00,19.96,20.0,19.87,19.93,212337
2019-05-29 19:00:00,19.93,20.11,19.92,20.1,211388
2019-05-29 19:30:00,20.1,20.13,20.0,20.01,278035
2019-05-29 20:00:00,20.02,20.22,20.01,20.2,219039
2019-05-29 20:30:00,20.2,20.23,20.17,20.18,198846
2019-05-29 21:00:00,20.18,20.33,20.18,20.33,283777
2019-05-29 21:30:00,20.32,20.33,20.18,20.26,392812
2019-05-29 22:00:00,20.25,20.41,20.19,20.41,445024
2019-05-29 22:30:00,20.4,20.52,20.39,20.42,1798735
2019-05-30 16:30:00,20.51,20.59,20.36,20.56,238689
2019-05-30 17:00:00,20.56,20.58,20.48,20.54,164736
2019-05-30 17:30:00,20.55,20.59,20.49,20.53,576317
2019-05-30 18:00:00,20.53,20.6,20.5,20.52,597303
2019-05-30 18:30:00,20.53,20.59,20.48,20.56,447715
2019-05-30 19:00:00,20.56,20.57,20.5,20.53,215939
2019-05-30 19:30:00,20.54,20.69,20.53,20.66,177566
2019-05-30 20:00:00,20.66,20.68,20.59,20.6,188896
2019-05-30 20:30:00,20.61,20.61,20.54,20.61,249945
2019-05-30 21:00:00,20.61,20.66,20.46,20.46,754353
2019-05-30 21:30:00,20.47,20.51,20.36,20.41,702459
2019-05-30 22:00:00,20.41,20.45,20.34,20.39,366699
2019-05-30 22:30:00,20.39,20.46,20.33,20.39,685937
2019-05-31 16:30:00,20.03,20.05,19.62,19.64,1005289
2019-05-31 17:00:00,19.64,19.65,19.45,19.58,1121111
2019-05-31 17:30:00,19.59,19.72,19.53,19.57,631148
2019-05-31 18:00:00,19.58,19.72,19.56,19.69,654923
2019-05-31 18:30:00,19.69,19.8,19.67,19.78,612241
2019-05-31 19:00:00,19.78,19.79,19.67,19.73,567960
2019-05-31 19:30:00,19.72,19.8,19.66,19.79,494267
2019-05-31 20:00:00,19.8,19.91,19.78,19.91,416630
2019-05-31 20:30:00,19.91,19.93,19.86,19.89,416580
2019-05-31 21:00:00,19.88,19.89,19.63,19.64,677531
2019-05-31 21:30:00,19.64,19.68,19.58,19.63,389973
2019-05-31 22:00:00,19.64,19.65,19.55,19.58,469707
2019-05-31 22:30:00,19.58,19.62,19.53,19.54,1216063
2019-06-03 16:30:00,19.46,19.7,19.44,19.52,355728
2019-06-03 17:00:00,19.51,19.74,19.49,19.74,744976
2019-06-03 17:30:00,19.74,19.94,19.74,19.86,235751
2019-06-03 18:00:00,19.86,19.87,19.67,19.7,328014
2019-06-03 18:30:00,19.7,19.8,19.69,19.8,624570
2019-06-03 19:00:00,19.79,19.84,19.74,19.75,399896
2019-06-03 19:30:00,19.75,19.79,19.71,19.74,340388
2019-06-03 20:00:00,19.75,19.9,19.74,19.82,268666
2019-06-03 20:30:00,19.82,19.99,19.76,19.93,341507
2019-06-03 21:00:00,19.94,19.99,19.9,19.97,193643
2019-06-03 21:30:00,19.98,20.05,19.95,20.0,403973
2019-06-03 22:00:00,20.0,20.01,19.86,19.94,448615
2019-06-03 22:30:00,19.94,19.99,19.88,19.97,1196884
2019-06-04 16:30:00,20.36,20.6,20.15,20.18,488592
2019-06-04 17:00:00,20.19,20.5,20.16,20.5,336344
2019-06-04 17:30:00,20.5,20.66,20.46,20.65,276859
2019-06-04 18:00:00,20.64,20.68,20.56,20.66,381674
2019-06-04 18:30:00,20.66,20.71,20.61,20.67,218510
2019-06-04 19:00:00,20.68,20.68,20.58,20.61,118406
2019-06-04 19:30:00,20.62,20.69,20.56,20.66,107631
2019-06-04 20:00:00,20.66,20.68,20.6,20.62,154107
2019-06-04 20:30:00,20.62,20.65,20.59,20.64,152496
2019-06-04 21:00:00,20.64,20.64,20.56,20.57,265068
2019-06-04 21:30:00,20.57,20.59,20.52,20.53,164968
2019-06-04 22:00:00,20.54,20.62,20.53,20.59,215511
2019-06-04 22:30:00,20.6,20.72,20.59,20.69,778673
2019-06-05 16:30:00,20.73,20.78,20.27,20.43,518597
2019-06-05 17:00:00,20.45,20.54,20.37,20.39,226372
2019-06-05 17:30:00,20.39,20.44,20.31,20.37,533773
2019-06-05 18:00:00,20.38,20.5,20.37,20.46,143202
2019-06-05 18:30:00,20.47,20.53,20.46,20.5,151947
2019-06-05 19:00:00,20.5,20.52,20.45,20.5,121438
2019-06-05 19:30:00,20.49,20.54,20.43,20.49,223803
2019-06-05 20:00:00,20.5,20.63,20.5,20.61,212595
2019-06-05 20:30:00,20.61,20.66,20.59,20.64,205104
2019-06-05 21:00:00,20.64,20.69,20.61,20.65,293671
2019-06-05 21:30:00,20.65,20.69,20.63,20.63,217572
2019-06-05 22:00:00,20.63,20.64,20.56,20.58,571943
2019-06-05 22:30:00,20.59,20.65,20.54,20.62,919925
2019-06-06 16:30:00,20.55,20.73,20.54,20.63,895232
2019-06-06 17:00:00,20.64,20.71,20.56,20.58,258984
2019-06-06 17:30:00,20.58,20.75,20.56,20.72,403724
2019-06-06 18:00:00,20.71,20.8,20.69,20.76,160107
2019-06-06 18:30:00,20.77,20.79,20.67,20.69,199034
2019-06-06 19:00:00,20.68,20.75,20.67,20.73,108938
2019-06-06 19:30:00,20.74,20.77,20.67,20.68,135371
2019-06-06 20:00:00,20.68,20.7,20.66,20.69,94723
2019-06-06 20:30:00,20.68,20.69,20.63,20.65,103362
2019-06-06 21:00:00,20.64,20.65,20.5,20.5,459587
2019-06-06 21:30:00,20.51,20.67,20.49,20.61,311020
2019-06-06 22:00:00,20.62,20.77,20.61,20.75,225717
2019-06-06 22:30:00,20.74,20.85,20.73,20.76,804023
2019-06-07 16:30:00,20.5,20.76,20.5,20.64,318124
2019-06-07 17:00:00,20.63,20.66,20.58,20.6,266333
2019-06-07 17:30:00,20.6,20.68,20.59,20.63,249538
2019-06-07 18:00:00,20.62,20.65,20.51,20.52,228544
2019-06-07 18:30:00,20.52,20.57,20.48,20.53,163479
2019-06-07 19:00:00,20.52,20.55,20.48,20.55,132650
2019-06-07 19:30:00,20.54,20.57,20.48,20.53,229370
2019-06-07 20:00:00,20.54,20.65,20.5,20.61,445629
2019-06-07 20:30:00,20.62,20.63,20.58,20.61,262861
2019-06-07 21:00:00,20.61,20.61,20.53,20.53,256293
2019-06-07 21:30:00,20.53,20.58,20.51,20.53,269662
2019-06-07 22:00:00,20.54,20.61,20.54,20.6,199600
2019-06-07 22:30:00,20.6,20.61,20.56,20.59,759398
2019-06-10 16:30:00,20.75,20.82,20.62,20.68,454054
2019-06-10 17:00:00,20.69,20.73,20.59,20.63,269550
2019-06-10 17:30:00,20.64,20.65,20.48,20.5,362698
2019-06-10 18:00:00,20.51,20.57,20.49,20.51,365575
2019-06-10 18:30:00,20.52,20.58,20.5,20.58,202550
2019-06-10 19:00:00,20.58,20.59,20.51,20.53,210153
2019-06-10 19:30:00,20.53,20.59,20.51,20.55,272822
2019-06-10 20:00:00,20.55,20.61,20.54,20.56,149458
2019-06-10 20:30:00,20.56,20.59,20.42,20.44,370500
2019-06-10 21:00:00,20.44,20.49,20.35,20.48,335937
2019-06-10 21:30:00,20.47,20.53,20.47,20.49,240981
2019-06-10 22:00:00,20.49,20.53,20.47,20.47,320163
2019-06-10 22:30:00,20.47,20.52,20.41,20.47,922172
2019-06-11 16:30:00,20.7,21.02,20.7,20.91,346732
2019-06-11 17:00:00,20.92,20.96,20.8,20.87,591015
2019-06-11 17:30:00,20.87,20.87,20.7,20.7,242705
2019-06-11 18:00:00,20.7,20.78,20.68,20.71,218302
2019-06-11 18:30:00,20.71,20.73,20.54,20.57,250384
2019-06-11 19:00:00,20.57,20.61,20.51,20.57,137946
2019-06-11 19:30:00,20.56,20.57,20.49,20.49,161403
2019-06-11 20:00:00,20.5,20.58,20.49,20.56,98534
2019-06-11 20:30:00,20.56,20.7,20.54,20.7,325843
2019-06-11 21:00:00,20.7,20.73,20.65,20.65,213825
2019-06-11 21:30:00,20.66,20.66,20.5,20.55,273004
2019-06-11 22:00:00,20.54,20.58,20.5,20.58,358143
2019-06-11 22:30:00,20.56,20.61,20.54,20.61,797714
2019-06-12 16:30:00,20.61,20.66,20.51,20.6,277672
2019-06-12 17:00:00,20.6,20.6,20.42,20.49,262599
2019-06-12 17:30:00,20.49,20.52,20.43,20.44,235704
2019-06-12 18:00:00,20.44,20.44,20.29,20.36,283204
2019-06-12 18:30:00,20.36,20.39,20.24,20.24,196670
2019-06-12 19:00:00,20.24,20.38,20.24,20.37,170435
2019-06-12 19:30:00,20.37,20.43,20.33,20.41,115454
2019-06-12 20:00:00,20.42,20.44,20.39,20.41,71295
2019-06-12 20:30:00,20.41,20.47,20.4,20.47,86659
2019-06-12 21:00:00,20.47,20.47,20.4,20.44,99952
2019-06-12 21:30:00,20.44,20.52,20.42,20.5,94461
2019-06-12 22:00:00,20.5,20.5,20.43,20.43,208894
2019-06-12 22:30:00,20.43,20.48,20.38,20.47,692978
2019-06-13 16:30:00,20.52,20.68,20.43,20.55,247377
2019-06-13 17:00:00,20.55,20.56,20.42,20.48,206238
2019-06-13 17:30:00,20.48,20.5,20.39,20.39,251734
2019-06-13 18:00:00,20.4,20.43,20.29,20.38,553340
2019-06-13 18:30:00,20.37,20.46,20.33,20.42,158640
2019-06-13 19:00:00,20.42,20.5,20.41,20.44,139489
2019-06-13 19:30:00,20.45,20.5,20.37,20.49,160919
2019-06-13 20:00:00,20.49,20.51,20.45,20.51,74326
2019-06-13 20:30:00,20.5,20.53,20.49,20.52,125825
2019-06-13 21:00:00,20.52,20.54,20.48,20.52,98098
2019-06-13 21:30:00,20.53,20.55,20.48,20.51,203181
2019-06-13 22:00:00,20.5,20.52,20.45,20.5,178209
2019-06-13 22:30:00,20.5,20.6,20.49,20.59,741637
2019-06-14 16:30:00,20.58,20.66,20.33,20.35,246112
2019-06-14 17:00:00,20.35,20.42,20.26,20.4,287762
2019-06-14 17:30:00,20.41,20.49,20.4,20.47,129005
2019-06-14 18:00:00,20.47,20.49,20.41,20.45,92576
2019-06-14 18:30:00,20.44,20.49,20.41,20.46,109012
2019-06-14 19:00:00,20.46,20.48,20.42,20.47,74095
2019-06-14 19:30:00,20.47,20.5,20.43,20.44,72686
2019-06-14 20:00:00,20.44,20.55,20.43,20.55,126178
2019-06-14 20:30:00,20.54,20.55,20.48,20.51,112928
2019-06-14 21:00:00,20.52,20.57,20.5,20.54,87289
2019-06-14 21:30:00,20.54,20.59,20.52,20.57,141824
2019-06-14 22:00:00,20.57,20.67,20.56,20.64,191075
2019-06-14 22:30:00,20.64,20.71,20.64,20.65,681213
2019-06-17 16:30:00,20.62,20.62,20.34,20.37,415646
2019-06-17 17:00:00,20.38,20.43,20.35,20.39,255393
2019-06-17 17:30:00,20.4,20.47,20.37,20.44,248830
2019-06-17 18:00:00,20.44,20.47,20.35,20.35,148080
2019-06-17 18:30:00,20.34,20.38,20.29,20.3,188811
2019-06-17 19:00:00,20.3,20.31,20.17,20.17,258321
2019-06-17 19:30:00,20.17,20.22,20.15,20.15,95873
2019-06-17 20:00:00,20.15,20.19,20.13,20.14,81008
2019-06-17 20:30:00,20.15,20.16,20.12,20.16,92797
2019-06-17 21:00:00,20.16,20.17,20.08,20.09,166186
2019-06-17 21:30:00,20.1,20.16,20.09,20.16,205476
2019-06-17 22:00:00,20.15,20.2,20.14,20.16,234924
2019-06-17 22:30:00,20.16,20.2,20.11,20.16,789868
2019-06-18 16:30:00,20.2,20.61,20.09,20.51,349993
2019-06-18 17:00:00,20.51,20.64,20.44,20.48,301404
2019-06-18 17:30:00,20.47,20.49,20.44,20.47,418905
2019-06-18 18:00:00,20.47,20.51,20.35,20.39,304908
2019-06-18 18:30:00,20.39,20.41,20.3,20.3,93785
2019-06-18 19:00:00,20.29,20.32,20.24,20.29,116281
2019-06-18 19:30:00,20.3,20.3,20.25,20.26,71065
2019-06-18 20:00:00,20.26,20.32,20.22,20.3,127488
2019-06-18 20:30:00,20.3,20.37,20.3,20.36,98989
2019-06-18 21:00:00,20.35,20.42,20.34,20.39,166921
2019-06-18 21:30:00,20.39,20.43,20.34,20.37,219560
2019-06-18 22:00:00,20.37,20.4,20.35,20.37,375824
2019-06-18 22:30:00,20.36,20.4,20.32,20.36,947138
2019-06-19 16:30:00,20.52,20.64,20.43,20.55,195524
2019-06-19 17:00:00,20.55,20.57,20.41,20.47,131658
2019-06-19 17:30:00,20.47,20.5,20.38,20.47,306410
2019-06-19 18:00:00,20.47,20.48,20.34,20.36,149620
2019-06-19 18:30:00,20.37,20.41,20.36,20.38,104906
2019-06-19 19:00:00,20.38,20.42,20.36,20.39,81325
2019-06-19 19:30:00,20.4,20.44,20.37,20.4,115721
2019-06-19 20:00:00,20.41,20.44,20.38,20.41,61900
2019-06-19 20:30:00,20.4,20.44,20.35,20.37,111794
2019-06-19 21:00:00,20.37,20.41,20.26,20.29,216663
2019-06-19 21:30:00,20.29,20.37,20.26,20.32,297411
2019-06-19 22:00:00,20.33,20.41,20.29,20.38,214474
2019-06-19 22:30:00,20.38,20.4,20.33,20.34,790110
2019-06-20 16:30:00,20.55,20.72,20.48,20.67,229339
2019-06-20 17:00:00,20.67,20.81,20.67,20.77,236063
2019-06-20 17:30:00,20.76,20.8,20.69,20.69,194522
2019-06-20 18:00:00,20.7,20.71,20.57,20.59,231158
2019-06-20 18:30:00,20.6,20.62,20.54,20.58,142701
2019-06-20 19:00:00,20.58,20.58,20.47,20.55,272197
2019-06-20 19:30:00,20.55,20.61,20.53,20.61,96961
2019-06-20 20:00:00,20.61,20.68,20.59,20.68,72586
2019-06-20 20:30:00,20.68,20.7,20.65,20.69,60695
2019-06-20 21:00:00,20.68,20.75,20.67,20.74,75881
2019-06-20 21:30:00,20.75,20.76,20.71,20.71,80865
2019-06-20 22:00:00,20.71,20.76,20.68,20.73,93338
2019-06-20 22:30:00,20.73,20.77,20.7,20.73,509878
2019-06-21 16:30:00,20.69,20.74,20.55,20.59,443983
2019-06-21 17:00:00,20.6,20.62,20.47,20.47,274378
2019-06-21 17:30:00,20.48,20.56,20.45,20.56,140059
2019-06-21 18:00:00,20.56,20.71,20.55,20.67,219568
2019-06-21 18:30:00,20.66,20.7,20.63,20.7,155201
2019-06-21 19:00:00,20.7,20.79,20.7,20.76,167672
2019-06-21 19:30:00,20.77,20.87,20.75,20.86,445472
2019-06-21 20:00:00,20.85,20.93,20.82,20.93,236176
2019-06-21 20:30:00,20.92,20.96,20.91,20.94,110810
2019-06-21 21:00:00,20.94,20.95,20.87,20.89,289087
2019-06-21 21:30:00,20.88,20.89,20.79,20.8,125007
2019-06-21 22:00:00,20.8,20.81,20.74,20.75,207561
2019-06-21 22:30:00,20.75,20.76,20.59,20.6,962966
2019-06-24 16:30:00,20.6,20.94,20.52,20.88,326424
2019-06-24 17:00:00,20.88,20.92,20.83,20.89,464813
2019-06-24 17:30:00,20.9,20.91,20.78,20.81,126426
2019-06-24 18:00:00,20.8,20.83,20.7,20.74,99612
2019-06-24 18:30:00,20.73,20.76,20.64,20.66,114386
2019-06-24 19:00:00,20.66,20.7,20.62,20.62,69123
2019-06-24 19:30:00,20.62,20.62,20.57,20.57,92846
2019-06-24 20:00:00,20.57,20.59,20.52,20.56,170003
2019-06-24 20:30:00,20.57,20.62,20.55,20.56,62808
2019-06-24 21:00:00,20.57,20.6,20.54,20.57,73781
2019-06-24 21:30:00,20.56,20.57,20.51,20.54,94008
2019-06-24 22:00:00,20.53,20.58,20.53,20.54,142308
2019-06-24 22:30:00,20.55,20.56,20.43,20.45,862962
2019-06-25 16:30:00,20.35,20.37,19.95,20.07,706171
2019-06-25 17:00:00,20.08,20.11,19.98,20.07,347254
2019-06-25 17:30:00,20.08,20.1,19.99,19.99,266088
2019-06-25 18:00:00,20.0,20.12,19.98,20.09,233765
2019-06-25 18:30:00,20.09,20.09,20.01,20.05,173186
2019-06-25 19:00:00,20.04,20.09,20.03,20.06,64836
2019-06-25 19:30:00,20.06,20.09,20.04,20.06,218002
2019-06-25 20:00:00,20.06,20.09,20.01,20.01,328553
2019-06-25 20:30:00,20.01,20.07,19.99,19.99,138763
2019-06-25 21:00:00,20.0,20.04,19.98,20.01,264923
2019-06-25 21:30:00,20.01,20.06,20.0,20.03,277788
2019-06-25 22:00:00,20.03,20.06,20.0,20.04,195110
2019-06-25 22:30:00,20.03,20.09,19.98,20.01,536762
2019-06-26 16:30:00,20.13,20.13,19.91,20.0,337070
2019-06-26 17:00:00,20.0,20.04,19.92,20.04,246516
2019-06-26 17:30:00,20.04,20.1,19.99,20.07,372103
2019-06-26 18:00:00,20.07,20.16,19.98,19.99,172114
2019-06-26 18:30:00,20.0,20.02,19.94,19.98,200966
2019-06-26 19:00:00,19.98,20.04,19.94,19.99,336474
2019-06-26 19:30:00,20.0,20.06,19.97,20.04,231239
2019-06-26 20:00:00,20.04,20.05,19.96,19.97,105694
2019-06-26 20:30:00,19.97,20.02,19.96,20.01,114841
2019-06-26 21:00:00,20.01,20.08,19.98,20.06,783938
2019-06-26 21:30:00,20.07,20.16,20.06,20.15,309558
2019-06-26 22:00:00,20.15,20.22,20.13,20.21,623447
2019-06-26 22:30:00,20.21,20.24,20.09,20.1,1308304
2019-06-27 16:30:00,20.2,20.41,20.2,20.35,453648
2019-06-27 17:00:00,20.36,20.42,20.27,20.37,145543
2019-06-27 17:30:00,20.37,20.38,20.29,20.35,165280
2019-06-27 18:00:00,20.35,20.37,20.2,20.29,196669
2019-06-27 18:30:00,20.29,20.34,20.24,20.33,224886
2019-06-27 19:00:00,20.33,20.42,20.3,20.37,194434
2019-06-27 19:30:00,20.37,20.42,20.36,20.39,114506
2019-06-27 20:00:00,20.4,20.47,20.39,20.46,130797
2019-06-27 20:30:00,20.46,20.5,20.43,20.45,132646
2019-06-27 21:00:00,20.45,20.46,20.36,20.38,214696
2019-06-27 21:30:00,20.38,20.39,20.3,20.32,116577
2019-06-27 22:00:00,20.31,20.35,20.28,20.31,232967
2019-06-27 22:30:00,20.31,20.39,20.3,20.34,589482
2019-06-28 16:30:00,20.54,20.67,20.44,20.47,231008
2019-06-28 17:00:00,20.47,20.49,20.3,20.31,404727
2019-06-28 17:30:00,20.32,20.48,20.3,20.44,139793
2019-06-28 18:00:00,20.44,20.49,20.4,20.48,101891
2019-06-28 18:30:00,20.47,20.59,20.47,20.56,122089
2019-06-28 19:00:00,20.56,20.59,20.54,20.57,124327
2019-06-28 19:30:00,20.56,20.6,20.51,20.54,105126
2019-06-28 20:00:00,20.53,20.55,20.5,20.5,72496
2019-06-28 20:30:00,20.51,20.54,20.47,20.5,151546
2019-06-28 21:00:00,20.51,20.53,20.5,20.52,198493
2019-06-28 21:30:00,20.51,20.56,20.41,20.41,352642
2019-06-28 22:00:00,20.41,20.46,20.38,20.42,280179
2019-06-28 22:30:00,20.42,20.51,20.39,20.46,992948
2019-07-01 16:30:00,20.77,20.85,20.62,20.69,352534
2019-07-01 17:00:00,20.69,20.75,20.54,20.54,224027
2019-07-01 17:30:00,20.55,20.55,20.43,20.44,223448
2019-07-01 18:00:00,20.44,20.51,20.39,20.39,314819
2019-07-01 18:30:00,20.39,20.49,20.38,20.48,244987
2019-07-01 19:00:00,20.48,20.48,20.38,20.39,169666
2019-07-01 19:30:00,20.39,20.43,20.33,20.33,182100
2019-07-01 20:00:00,20.34,20.37,20.26,20.32,203300
2019-07-01 20:30:00,20.32,20.34,20.27,20.34,176064
2019-07-01 21:00:00,20.34,20.38,20.3,20.33,244015
2019-07-01 21:30:00,20.33,20.39,20.33,20.34,227098
2019-07-01 22:00:00,20.34,20.51,20.33,20.47,319699
2019-07-01 22:30:00,20.47,20.55,20.46,20.54,1067480
2019-07-02 16:30:00,20.48,20.56,20.45,20.5,193439
2019-07-02 17:00:00,20.5,20.58,20.47,20.54,138921
2019-07-02 17:30:00,20.54,20.57,20.49,20.54,139033
2019-07-02 18:00:00,20.54,20.55,20.49,20.52,129839
2019-07-02 18:30:00,20.51,20.54,20.43,20.51,170623
2019-07-02 19:00:00,20.51,20.57,20.48,20.5,234139
2019-07-02 19:30:00,20.5,20.52,20.45,20.51,125116
2019-07-02 20:00:00,20.52,20.55,20.49,20.54,146638
2019-07-02 20:30:00,20.53,20.59,20.52,20.55,139634
2019-07-02 21:00:00,20.54,20.61,20.54,20.6,169360
2019-07-02 21:30:00,20.61,20.62,20.48,20.5,195214
2019-07-02 22:00:00,20.5,20.57,20.49,20.5,221221
2019-07-02 22:30:00,20.5,20.55,20.49,20.54,530426
2019-07-03 16:30:00,20.63,20.88,20.6,20.84,436643
2019-07-03 17:00:00,20.85,20.97,20.82,20.92,309002
2019-07-03 17:30:00,20.92,21.01,20.91,20.96,296665
2019-07-03 18:00:00,20.97,20.98,20.9,20.95,172277
2019-07-03 18:30:00,20.95,20.97,20.89,20.92,216312
2019-07-03 19:00:00,20.92,20.94,20.86,20.87,168938
2019-07-03 19:30:00,20.87,20.92,20.75,20.83,333015
2019-07-03 20:00:00,20.82,20.82,20.82,20.82,215462
2019-07-03 22:30:00,21.11,21.15,21.11,21.15,1500
2019-07-05 16:30:00,20.88,21.1,20.84,21.05,318518
2019-07-05 17:00:00,21.06,21.07,20.87,20.89,165392
2019-07-05 17:30:00,20.9,20.97,20.86,20.95,154071
2019-07-05 18:00:00,20.94,21.0,20.93,20.97,98080
2019-07-05 18:30:00,20.97,21.03,20.96,21.0,119832
2019-07-05 19:00:00,21.0,21.01,20.96,20.98,162522
2019-07-05 19:30:00,20.98,21.0,20.94,20.95,77108
2019-07-05 20:00:00,20.96,20.98,20.94,20.95,73193
2019-07-05 20:30:00,20.95,20.96,20.92,20.93,94320
2019-07-05 21:00:00,20.94,20.97,20.92,20.93,93078
2019-07-05 21:30:00,20.93,20.99,20.93,20.94,129919
2019-07-05 22:00:00,20.95,20.96,20.89,20.93,194583
2019-07-05 22:30:00,20.93,20.97,20.86,20.97,610514
2019-07-08 16:30:00,20.77,20.86,20.67,20.8,223128
2019-07-08 17:00:00,20.81,20.93,20.79,20.79,589572
2019-07-08 17:30:00,20.79,20.8,20.71,20.71,189200
2019-07-08 18:00:00,20.72,20.76,20.7,20.72,193347
2019-07-08 18:30:00,20.72,20.75,20.71,20.73,127620
2019-07-08 19:00:00,20.73,20.74,20.66,20.69,118263
2019-07-08 19:30:00,20.69,20.71,20.64,20.67,96499
2019-07-08 20:00:00,20.68,20.73,20.63,20.65,196529
2019-07-08 20:30:00,20.66,20.66,20.61,20.62,190174
2019-07-08 21:00:00,20.62,20.63,20.54,20.56,187403
2019-07-08 21:30:00,20.56,20.62,20.55,20.57,135301
2019-07-08 22:00:00,20.58,20.69,20.57,20.67,312974
2019-07-08 22:30:00,20.68,20.7,20.57,20.59,761771
2019-07-09 16:30:00,20.45,20.54,20.37,20.49,299510
2019-07-09 17:00:00,20.49,20.53,20.44,20.47,436673
2019-07-09 17:30:00,20.47,20.59,20.46,20.57,226862
2019-07-09 18:00:00,20.57,20.64,20.54,20.62,163522
2019-07-09 18:30:00,20.61,20.64,20.53,20.63,365015
2019-07-09 19:00:00,20.62,20.66,20.61,20.66,85562
2019-07-09 19:30:00,20.66,20.68,20.64,20.64,81041
2019-07-09 20:00:00,20.65,20.68,20.64,20.67,97018
2019-07-09 20:30:00,20.67,20.68,20.64,20.66,105193
2019-07-09 21:00:00,20.67,20.73,20.66,20.72,112068
2019-07-09 21:30:00,20.71,20.73,20.67,20.67,160250
2019-07-09 22:00:00,20.67,20.69,20.6,20.62,219502
2019-07-09 22:30:00,20.62,20.66,20.61,20.63,713604
2019-07-10 16:30:00,20.71,20.84,20.64,20.78,358347
2019-07-10 17:00:00,20.77,20.77,20.59,20.59,186814
2019-07-10 17:30:00,20.6,20.65,20.57,20.58,295666
2019-07-10 18:00:00,20.59,20.59,20.48,20.52,201531
2019-07-10 18:30:00,20.52,20.65,20.51,20.62,310916
2019-07-10 19:00:00,20.63,20.64,20.53,20.54,220893
2019-07-10 19:30:00,20.55,20.63,20.54,20.59,127726
2019-07-10 20:00:00,20.6,20.62,20.56,20.57,95900
2019-07-10 20:30:00,20.57,20.58,20.51,20.52,131234
2019-07-10 21:00:00,20.53,20.55,20.45,20.47,219833
2019-07-10 21:30:00,20.48,20.5,20.45,20.48,288124
2019-07-10 22:00:00,20.48,20.49,20.41,20.42,251825
2019-07-10 22:30:00,20.42,20.45,20.37,20.43,845970
2019-07-11 16:30:00,20.32,20.37,19.82,19.87,1139683
2019-07-11 17:00:00,19.87,19.89,19.67,19.78,461054
2019-07-11 17:30:00,19.78,20.04,19.76,19.93,470332
2019-07-11 18:00:00,19.94,20.05,19.92,19.96,311906
2019-07-11 18:30:00,19.97,20.06,19.95,20.04,186816
2019-07-11 19:00:00,20.04,20.06,20.0,20.04,188014
2019-07-11 19:30:00,20.03,20.06,20.0,20.01,208556
2019-07-11 20:00:00,20.01,20.05,19.93,19.94,351255
2019-07-11 20:30:00,19.95,20.0,19.89,19.94,314644
2019-07-11 21:00:00,19.93,19.99,19.92,19.94,274629
2019-07-11 21:30:00,19.94,20.0,19.91,19.92,304898
2019-07-11 22:00:00,19.92,19.93,19.88,19.91,363948
2019-07-11 22:30:00,19.91,19.92,19.79,19.8,1610164
2019-07-12 16:30:00,19.91,20.22,19.9,20.19,736287
2019-07-12 17:00:00,20.19,20.25,20.12,20.25,356200
2019-07-12 17:30:00,20.25,20.29,20.19,20.19,218546
2019-07-12 18:00:00,20.19,20.21,20.13,20.2,192583
2019-07-12 18:30:00,20.19,20.22,20.15,20.18,141114
2019-07-12 19:00:00,20.19,20.19,20.11,20.12,186135
2019-07-12 19:30:00,20.12,20.22,20.1,20.2,272172
2019-07-12 20:00:00,20.2,20.23,20.18,20.23,243592
2019-07-12 20:30:00,20.22,20.23,20.14,20.15,121807
2019-07-12 21:00:00,20.14,20.15,20.07,20.07,284493
2019-07-12 21:30:00,20.08,20.18,20.07,20.16,225810
2019-07-12 22:00:00,20.17,20.18,20.14,20.15,297644
2019-07-12 22:30:00,20.15,20.18,20.11,20.13,678942
2019-07-15 16:30:00,20.15,20.43,20.14,20.32,349214
2019-07-15 17:00:00,20.32,20.32,20.17,20.19,333879
2019-07-15 17:30:00,20.2,20.24,20.16,20.17,203915
2019-07-15 18:00:00,20.17,20.18,20.12,20.12,194694
2019-07-15 18:30:00,20.13,20.14,20.1,20.12,131075
2019-07-15 19:00:00,20.12,20.16,20.07,20.14,143182
2019-07-15 19:30:00,20.15,20.18,20.11,20.12,116516
2019-07-15 20:00:00,20.12,20.14,20.09,20.11,135014
2019-07-15 20:30:00,20.1,20.12,20.07,20.1,172873
2019-07-15 21:00:00,20.1,20.17,20.08,20.14,249789
2019-07-15 21:30:00,20.14,20.17,20.12,20.15,139248
2019-07-15 22:00:00,20.15,20.16,20.1,20.15,259153
2019-07-15 22:30:00,20.14,20.15,20.09,20.12,607260
2019-07-16 16:30:00,20.18,20.18,20.03,20.06,251165
2019-07-16 17:00:00,20.06,20.08,19.97,20.03,215014
2019-07-16 17:30:00,20.02,20.04,19.91,19.91,149058
2019-07-16 18:00:00,19.91,20.01,19.89,19.93,544632
2019-07-16 18:30:00,19.93,20.12,19.93,20.08,355136
2019-07-16 19:00:00,20.07,20.11,20.02,20.06,244676
2019-07-16 19:30:00,20.06,20.12,20.03,20.04,192926
2019-07-16 20:00:00,20.04,20.1,20.04,20.07,133874
2019-07-16 20:30:00,20.08,20.09,20.0,20.01,156746
2019-07-16 21:00:00,20.01,20.02,19.93,19.93,181941
2019-07-16 21:30:00,19.94,20.0,19.91,19.91,498303
2019-07-16 22:00:00,19.91,19.96,19.9,19.93,459092
2019-07-16 22:30:00,19.92,19.96,19.88,19.9,752133
2019-07-17 16:30:00,19.8,19.88,19.6,19.62,227194
2019-07-17 17:00:00,19.62,19.62,19.44,19.45,235086
2019-07-17 17:30:00,19.45,19.46,19.28,19.4,473791
2019-07-17 18:00:00,19.4,19.52,19.37,19.5,645052
2019-07-17 18:30:00,19.49,19.58,19.42,19.51,304026
2019-07-17 19:00:00,19.51,19.58,19.49,19.56,221398
2019-07-17 19:30:00,19.56,19.61,19.53,19.53,204791
2019-07-17 20:00:00,19.53,19.6,19.52,19.56,150046
2019-07-17 20:30:00,19.56,19.58,19.51,19.54,116319
2019-07-17 21:00:00,19.54,19.57,19.48,19.51,194673
2019-07-17 21:30:00,19.5,19.53,19.44,19.47,210241
2019-07-17 22:00:00,19.47,19.48,19.38,19.41,469648
2019-07-17 22:30:00,19.41,19.5,19.4,19.45,944261
2019-07-18 16:30:00,19.42,19.59,19.39,19.58,230025
2019-07-18 17:00:00,19.58,19.59,19.53,19.59,182310
2019-07-18 17:30:00,19.59,19.66,19.58,19.58,178775
2019-07-18 18:00:00,19.59,19.64,19.54,19.55,211340
2019-07-18 18:30:00,19.55,19.59,19.5,19.59,141548
2019-07-18 19:00:00,19.58,19.68,19.58,19.66,165350
2019-07-18 19:30:00,19.66,19.69,19.59,19.6,120294
2019-07-18 20:00:00,19.6,19.64,19.58,19.59,117645
2019-07-18 20:30:00,19.6,19.61,19.53,19.54,119968
2019-07-18 21:00:00,19.53,19.6,19.53,19.59,211816
2019-07-18 21:30:00,19.6,19.63,19.58,19.63,163468
2019-07-18 22:00:00,19.63,19.7,19.62,19.7,237770
2019-07-18 22:30:00,19.69,19.7,19.64,19.67,925928
2019-07-19 16:30:00,19.73,19.86,19.73,19.8,199084
2019-07-19 17:00:00,19.8,19.9,19.75,19.88,248910
2019-07-19 17:30:00,19.88,19.96,19.84,19.89,168145
2019-07-19 18:00:00,19.89,19.99,19.89,19.94,170488
2019-07-19 18:30:00,19.93,19.97,19.9,19.95,155103
2019-07-19 19:00:00,19.95,20.01,19.92,19.97,165566
2019-07-19 19:30:00,19.96,20.0,19.91,19.91,133631
2019-07-19 20:00:00,19.92,19.99,19.91,19.97,90356
2019-07-19 20:30:00,19.97,20.02,19.94,19.95,166323
2019-07-19 21:00:00,19.96,19.98,19.9,19.9,197009
2019-07-19 21:30:00,19.91,19.92,19.83,19.89,134429
2019-07-19 22:00:00,19.88,19.88,19.78,19.84,170528
2019-07-19 22:30:00,19.84,19.92,19.76,19.78,688552
2019-07-22 16:30:00,19.77,19.86,19.64,19.68,211945
2019-07-22 17:00:00,19.68,19.71,19.51,19.57,314193
2019-07-22 17:30:00,19.57,19.59,19.34,19.4,502141
2019-07-22 18:00:00,19.4,19.49,19.36,19.46,375999
2019-07-22 18:30:00,19.46,19.62,19.45,19.6,272566
2019-07-22 19:00:00,19.61,19.63,19.55,19.56,271061
2019-07-22 19:30:00,19.56,19.6,19.55,19.59,194002
2019-07-22 20:00:00,19.59,19.6,19.52,19.54,163248
2019-07-22 20:30:00,19.54,19.56,19.48,19.52,206606
2019-07-22 21:00:00,19.52,19.58,19.5,19.52,224970
2019-07-22 21:30:00,19.51,19.52,19.45,19.47,235915
2019-07-22 22:00:00,19.48,19.56,19.45,19.49,364217
2019-07-22 22:30:00,19.49,19.55,19.47,19.54,987075
2019-07-23 16:30:00,19.65,19.78,19.59,19.69,325608
2019-07-23 17:00:00,19.68,19.68,19.49,19.54,297498
2019-07-23 17:30:00,19.53,19.67,19.47,19.62,420477
2019-07-23 18:00:00,19.62,19.63,19.52,19.63,269032
2019-07-23 18:30:00,19.62,19.64,19.59,19.61,209884
2019-07-23 19:00:00,19.62,19.67,19.61,19.64,188766
2019-07-23 19:30:00,19.64,19.69,19.56,19.58,163075
2019-07-23 20:00:00,19.59,19.62,19.57,19.6,152603
2019-07-23 20:30:00,19.6,19.66,19.57,19.64,192301
2019-07-23 21:00:00,19.65,19.66,19.59,19.63,185949
2019-07-23 21:30:00,19.63,19.66,19.6,19.64,209554
2019-07-23 22:00:00,19.64,19.68,19.62,19.67,439703
2019-07-23 22:30:00,19.67,19.73,19.65,19.68,839192
2019-07-24 16:30:00,19.56,19.9,19.54,19.74,381820
2019-07-24 17:00:00,19.73,19.9,19.73,19.9,401440
2019-07-24 17:30:00,19.9,19.96,19.82,19.92,493243
2019-07-24 18:00:00,19.9,19.97,19.88,19.92,366841
2019-07-24 18:30:00,19.93,19.99,19.91,19.95,346684
2019-07-24 19:00:00,19.95,20.12,19.94,20.1,452660
2019-07-24 19:30:00,20.1,20.15,20.09,20.11,305773
2019-07-24 20:00:00,20.11,20.14,20.06,20.07,250952
2019-07-24 20:30:00,20.07,20.09,20.01,20.01,256800
2019-07-24 21:00:00,20.02,20.07,20.0,20.04,295700
2019-07-24 21:30:00,20.05,20.12,19.99,20.09,410740
2019-07-24 22:00:00,20.09,20.15,20.04,20.15,663135
2019-07-24 22:30:00,20.14,20.15,20.0,20.04,1703003
2019-07-25 16:30:00,20.17,20.33,19.12,19.12,1595632
2019-07-25 17:00:00,19.13,19.47,19.09,19.27,1045691
2019-07-25 17:30:00,19.28,19.42,19.26,19.38,729953
2019-07-25 18:00:00,19.38,19.48,19.34,19.42,414875
2019-07-25 18:30:00,19.42,19.43,19.34,19.38,338879
2019-07-25 19:00:00,19.38,19.42,19.3,19.33,345715
2019-07-25 19:30:00,19.33,19.42,19.28,19.32,389651
2019-07-25 20:00:00,19.32,19.36,19.3,19.34,217857
2019-07-25 20:30:00,19.34,19.37,19.3,19.35,228547
2019-07-25 21:00:00,19.35,19.4,19.31,19.37,273954
2019-07-25 21:30:00,19.37,19.46,19.35,19.45,428707
2019-07-25 22:00:00,19.45,19.48,19.38,19.47,483529
2019-07-25 22:30:00,19.47,19.56,19.46,19.53,1084805
2019-07-26 16:30:00,19.43,19.5,19.18,19.43,397406
2019-07-26 17:00:00,19.42,19.48,19.27,19.27,417939
2019-07-26 17:30:00,19.27,19.38,19.25,19.35,235250
2019-07-26 18:00:00,19.35,19.38,19.29,19.34,248571
2019-07-26 18:30:00,19.34,19.38,19.29,19.36,198864
2019-07-26 19:00:00,19.37,19.44,19.32,19.42,257486
2019-07-26 19:30:00,19.43,19.45,19.39,19.42,173909
2019-07-26 20:00:00,19.43,19.44,19.4,19.41,155328
2019-07-26 20:30:00,19.41,19.46,19.4,19.45,217616
2019-07-26 21:00:00,19.45,19.52,19.42,19.51,225109
2019-07-26 21:30:00,19.52,19.56,19.5,19.55,233686
2019-07-26 22:00:00,19.54,19.59,19.51,19.57,798503
2019-07-26 22:30:00,19.57,19.63,19.56,19.62,900153
2019-07-29 16:30:00,19.56,19.6,19.36,19.37,270179
2019-07-29 17:00:00,19.37,19.44,19.32,19.39,245487
2019-07-29 17:30:00,19.38,19.42,19.3,19.42,253743
2019-07-29 18:00:00,19.42,19.5,19.42,19.48,284483
2019-07-29 18:30:00,19.49,19.56,19.48,19.53,304921
2019-07-29 19:00:00,19.54,19.54,19.4,19.47,307112
2019-07-29 19:30:00,19.48,19.49,19.36,19.4,365595
2019-07-29 20:00:00,19.4,19.43,19.33,19.33,395698
2019-07-29 20:30:00,19.34,19.38,19.29,19.33,315494
2019-07-29 21:00:00,19.32,19.33,19.27,19.31,375430
2019-07-29 21:30:00,19.32,19.36,19.29,19.32,422370
2019-07-29 22:00:00,19.32,19.33,19.24,19.26,520808
2019-07-29 22:30:00,19.26,19.35,19.26,19.33,1242312
2019-07-30 16:30:00,19.13,19.16,18.81,18.89,559801
2019-07-30 17:00:00,18.89,19.07,18.88,19.07,420298
2019-07-30 17:30:00,19.07,19.15,19.03,19.13,350858
2019-07-30 18:00:00,19.13,19.27,19.12,19.2,256875
2019-07-30 18:30:00,19.2,19.3,19.18,19.22,222411
2019-07-30 19:00:00,19.22,19.26,19.2,19.24,172706
2019-07-30 19:30:00,19.25,19.27,19.17,19.21,170070
2019-07-30 20:00:00,19.2,19.22,19.17,19.2,121372
2019-07-30 20:30:00,19.2,19.27,19.18,19.24,187433
2019-07-30 21:00:00,19.23,19.36,19.22,19.35,417056
2019-07-30 21:30:00,19.35,19.36,19.26,19.29,262997
2019-07-30 22:00:00,19.28,19.33,19.26,19.33,354211
2019-07-30 22:30:00,19.33,19.37,19.26,19.37,883021
2019-07-31 16:30:00,19.37,19.37,19.13,19.16,382207
2019-07-31 17:00:00,19.15,19.24,19.08,19.08,235370
2019-07-31 17:30:00,19.09,19.17,19.07,19.1,320503
2019-07-31 18:00:00,19.1,19.2,19.09,19.16,573811
2019-07-31 18:30:00,19.16,19.23,19.15,19.18,209330
2019-07-31 19:00:00,19.17,19.2,19.15,19.17,238004
2019-07-31 19:30:00,19.17,19.23,19.1,19.2,344021
2019-07-31 20:00:00,19.2,19.29,19.19,19.26,259845
2019-07-31 20:30:00,19.25,19.3,19.21,19.24,351123
2019-07-31 21:00:00,19.23,19.31,19.15,19.22,1042659
2019-07-31 21:30:00,19.23,19.27,18.96,19.08,703279
2019-07-31 22:00:00,19.08,19.31,19.04,19.3,1333908
2019-07-31 22:30:00,19.29,19.31,19.1,19.18,2909604
2019-08-01 16:30:00,19.06,19.06,18.69,18.78,724182
2019-08-01 17:00:00,18.77,18.82,18.7,18.77,524103
2019-08-01 17:30:00,18.77,18.87,18.75,18.78,492734
2019-08-01 18:00:00,18.79,18.89,18.78,18.88,535494
2019-08-01 18:30:00,18.88,18.9,18.79,18.87,376134
2019-08-01 19:00:00,18.87,18.89,18.82,18.86,202922
2019-08-01 19:30:00,18.85,18.87,18.79,18.82,185864
2019-08-01 20:00:00,18.82,18.83,18.53,18.55,313918
2019-08-01 20:30:00,18.55,18.58,18.2,18.32,765176
2019-08-01 21:00:00,18.31,18.32,18.15,18.19,285373
2019-08-01 21:30:00,18.18,18.25,18.1,18.18,274529
2019-08-01 22:00:00,18.18,18.25,18.07,18.18,516986
2019-08-01 22:30:00,18.17,18.2,17.99,18.0,1454905
2019-08-02 16:30:00,17.9,18.11,17.89,17.97,330553
2019-08-02 17:00:00,17.97,18.01,17.78,17.85,363229
2019-08-02 17:30:00,17.85,17.85,17.69,17.72,372406
2019-08-02 18:00:00,17.72,17.93,17.7,17.88,240597
2019-08-02 18:30:00,17.88,17.96,17.82,17.95,327885
2019-08-02 19:00:00,17.95,18.02,17.93,18.01,472707
2019-08-02 19:30:00,18.0,18.01,17.92,17.94,232809
2019-08-02 20:00:00,17.92,17.97,17.9,17.91,335702
2019-08-02 20:30:00,17.92,17.95,17.9,17.93,206391
2019-08-02 21:00:00,17.93,18.02,17.91,17.98,193536
2019-08-02 21:30:00,17.98,18.0,17.93,17.95,180667
2019-08-02 22:00:00,17.96,17.99,17.85,17.93,362178
2019-08-02 22:30:00,17.93,18.02,17.81,17.84,998190
2019-08-05 16:30:00,17.42,17.53,17.3,17.37,330891
2019-08-05 17:00:00,17.37,17.4,17.21,17.26,419171
2019-08-05 17:30:00,17.26,17.28,17.16,17.25,217511
2019-08-05 18:00:00,17.25,17.33,17.22,17.26,623383
2019-08-05 18:30:00,17.24,17.3,17.17,17.23,273300
2019-08-05 19:00:00,17.23,17.26,17.18,17.19,253565
2019-08-05 19:30:00,17.19,17.21,17.12,17.14,213924
2019-08-05 20:00:00,17.13,17.22,17.13,17.16,188750
2019-08-05 20:30:00,17.17,17.21,17.09,17.1,151784
2019-08-05 21:00:00,17.1,17.13,17.0,17.0,259439
2019-08-05 21:30:00,17.0,17.03,16.97,17.01,443086
2019-08-05 22:00:00,17.01,17.15,16.96,17.11,515487
2019-08-05 22:30:00,17.1,17.29,17.08,17.17,934906
2019-08-06 16:30:00,17.37,17.43,17.18,17.21,273938
2019-08-06 17:00:00,17.21,17.24,17.07,17.09,531865
2019-08-06 17:30:00,17.09,17.18,17.06,17.17,367809
2019-08-06 18:00:00,17.18,17.18,17.01,17.08,203543
2019-08-06 18:30:00,17.08,17.15,17.06,17.11,348770
2019-08-06 19:00:00,17.11,17.14,17.06,17.07,301377
2019-08-06 19:30:00,17.07,17.09,17.02,17.04,208047
2019-08-06 20:00:00,17.04,17.11,17.04,17.1,236608
2019-08-06 20:30:00,17.11,17.15,17.08,17.11,235333
2019-08-06 21:00:00,17.11,17.19,17.07,17.16,200279
2019-08-06 21:30:00,17.16,17.21,17.13,17.15,277958
2019-08-06 22:00:00,17.15,17.23,17.13,17.21,484815
2019-08-06 22:30:00,17.2,17.31,17.16,17.23,862597
2019-08-07 16:30:00,16.8,16.82,16.22,16.28,1738209
2019-08-07 17:00:00,16.27,16.52,16.19,16.37,1079403
2019-08-07 17:30:00,16.36,16.45,16.34,16.42,530074
2019-08-07 18:00:00,16.42,16.51,16.38,16.47,392882
2019-08-07 18:30:00,16.48,16.5,16.42,16.45,299337
2019-08-07 19:00:00,16.45,16.48,16.41,16.47,312006
2019-08-07 19:30:00,16.46,16.53,16.45,16.49,148165
2019-08-07 20:00:00,16.5,16.54,16.46,16.49,176897
2019-08-07 20:30:00,16.49,16.6,16.49,16.57,257734
2019-08-07 21:00:00,16.58,16.68,16.57,16.61,386695
2019-08-07 21:30:00,16.6,16.71,16.59,16.7,478702
2019-08-07 22:00:00,16.69,16.75,16.64,16.74,419211
2019-08-07 22:30:00,16.75,16.92,16.72,16.84,2071262
2019-08-08 16:30:00,17.02,17.12,16.88,16.92,271344
2019-08-08 17:00:00,16.93,17.03,16.92,16.97,167922
2019-08-08 17:30:00,16.97,17.09,16.96,17.01,283635
2019-08-08 18:00:00,17.03,17.03,16.94,16.96,264251
2019-08-08 18:30:00,16.95,17.0,16.93,16.97,228069
2019-08-08 19:00:00,16.97,17.0,16.94,17.0,223657
2019-08-08 19:30:00,16.99,17.0,16.96,16.98,123360
2019-08-08 20:00:00,16.98,16.99,16.95,16.96,136459
2019-08-08 20:30:00,16.96,16.98,16.95,16.97,154373
2019-08-08 21:00:00,16.97,16.99,16.92,16.99,184721
2019-08-08 21:30:00,16.99,17.0,16.94,16.99,195080
2019-08-08 22:00:00,16.99,17.05,16.98,17.0,219022
2019-08-08 22:30:00,17.0,17.11,16.99,17.07,618593
2019-08-09 16:30:00,16.92,16.97,16.6,16.67,295677
2019-08-09 17:00:00,16.67,16.72,16.52,16.52,385824
2019-08-09 17:30:00,16.52,16.54,16.41,16.41,431699
2019-08-09 18:00:00,16.41,16.44,16.31,16.31,410185
2019-08-09 18:30:00,16.32,16.41,16.3,16.35,209074
2019-08-09 19:00:00,16.35,16.45,16.35,16.39,233692
2019-08-09 19:30:00,16.39,16.5,16.34,16.43,348390
2019-08-09 20:00:00,16.43,16.45,16.35,16.39,481143
2019-08-09 20:30:00,16.39,16.43,16.37,16.38,318349
2019-08-09 21:00:00,16.38,16.39,16.34,16.34,253130
2019-08-09 21:30:00,16.35,16.37,16.32,16.32,290539
2019-08-09 22:00:00,16.33,16.47,16.31,16.41,521781
2019-08-09 22:30:00,16.41,16.48,16.32,16.36,1476336
2019-08-12 16:30:00,16.13,16.16,15.93,16.0,481866
2019-08-12 17:00:00,16.0,16.05,15.91,15.92,495155
2019-08-12 17:30:00,15.91,15.96,15.85,15.92,359580
2019-08-12 18:00:00,15.93,15.98,15.9,15.98,494842
2019-08-12 18:30:00,15.97,16.03,15.89,15.93,715838
2019-08-12 19:00:00,15.92,15.93,15.85,15.89,188234
2019-08-12 19:30:00,15.9,15.91,15.79,15.83,354810
2019-08-12 20:00:00,15.83,15.98,15.82,15.97,305322
2019-08-12 20:30:00,15.97,16.0,15.93,15.94,245632
2019-08-12 21:00:00,15.95,16.02,15.9,15.99,412052
2019-08-12 21:30:00,15.99,16.0,15.88,15.94,483208
2019-08-12 22:00:00,15.93,15.97,15.88,15.97,250112
2019-08-12 22:30:00,15.96,16.08,15.95,16.06,312923
2019-08-13 16:30:00,16.06,16.45,15.86,16.43,826312
2019-08-13 17:00:00,16.43,16.53,16.23,16.48,466167
2019-08-13 17:30:00,16.49,16.53,16.25,16.26,425904
2019-08-13 18:00:00,16.26,16.33,16.15,16.18,489612
2019-08-13 18:30:00,16.17,16.33,16.16,16.26,342018
2019-08-13 19:00:00,16.27,16.36,16.23,16.28,239155
2019-08-13 19:30:00,16.29,16.31,16.25,16.26,289575
2019-08-13 20:00:00,16.27,16.34,16.23,16.26,279154
2019-08-13 20:30:00,16.25,16.32,16.25,16.3,382770
2019-08-13 21:00:00,16.3,16.31,16.16,16.18,391585
2019-08-13 21:30:00,16.18,16.25,16.17,16.2,360177
2019-08-13 22:00:00,16.2,16.22,16.14,16.19,679570
2019-08-13 22:30:00,16.18,16.21,16.15,16.15,1195852
2019-08-14 16:30:00,15.38,15.55,15.38,15.53,393770
2019-08-14 17:00:00,15.53,15.54,15.35,15.43,259709
2019-08-14 17:30:00,15.44,15.45,15.24,15.25,280857
2019-08-14 18:00:00,15.25,15.28,15.2,15.25,301243
2019-08-14 18:30:00,15.24,15.27,15.22,15.26,268496
2019-08-14 19:00:00,15.25,15.31,15.22,15.27,226161
2019-08-14 19:30:00,15.27,15.33,15.2,15.22,217955
2019-08-14 20:00:00,15.21,15.33,15.19,15.31,214721
2019-08-14 20:30:00,15.31,15.4,15.3,15.39,337242
2019-08-14 21:00:00,15.39,15.44,15.37,15.42,320487
2019-08-14 21:30:00,15.41,15.42,15.33,15.37,731527
2019-08-14 22:00:00,15.36,15.42,15.29,15.35,582547
2019-08-14 22:30:00,15.34,15.39,15.3,15.32,1215406
2019-08-15 16:30:00,15.45,15.58,15.34,15.41,515241
2019-08-15 17:00:00,15.4,15.43,15.25,15.32,399519
2019-08-15 17:30:00,15.31,15.4,15.26,15.37,235815
2019-08-15 18:00:00,15.37,15.4,15.3,15.39,235839
2019-08-15 18:30:00,15.39,15.44,15.38,15.42,146495
2019-08-15 19:00:00,15.41,15.43,15.36,15.36,126098
2019-08-15 19:30:00,15.36,15.4,15.36,15.38,114762
2019-08-15 20:00:00,15.37,15.4,15.31,15.32,143948
2019-08-15 20:30:00,15.32,15.34,15.17,15.17,156448
2019-08-15 21:00:00,15.18,15.24,15.15,15.21,225528
2019-08-15 21:30:00,15.21,15.24,15.17,15.2,156913
2019-08-15 22:00:00,15.21,15.27,15.17,15.21,266322
2019-08-15 22:30:00,15.21,15.28,15.17,15.19,701659
2019-08-16 16:30:00,15.36,15.48,15.36,15.44,258640
2019-08-16 17:00:00,15.44,15.52,15.4,15.48,203240
2019-08-16 17:30:00,15.48,15.62,15.47,15.61,180153
2019-08-16 18:00:00,15.62,15.69,15.6,15.68,234339
2019-08-16 18:30:00,15.69,15.74,15.68,15.73,132737
2019-08-16 19:00:00,15.72,15.75,15.68,15.68,124378
2019-08-16 19:30:00,15.68,15.72,15.66,15.67,133523
2019-08-16 20:00:00,15.67,15.72,15.66,15.71,94007
2019-08-16 20:30:00,15.71,15.73,15.68,15.7,71351
2019-08-16 21:00:00,15.69,15.73,15.65,15.66,157288
2019-08-16 21:30:00,15.66,15.68,15.62,15.65,290946
2019-08-16 22:00:00,15.65,15.67,15.59,15.6,207194
2019-08-16 22:30:00,15.6,15.69,15.59,15.65,724909
2019-08-19 16:30:00,15.92,15.97,15.79,15.86,281771
2019-08-19 17:00:00,15.85,15.86,15.74,15.79,188027
2019-08-19 17:30:00,15.79,15.83,15.75,15.75,140956
2019-08-19 18:00:00,15.75,15.84,15.73,15.83,148678
2019-08-19 18:30:00,15.83,15.92,15.79,15.81,299526
2019-08-19 19:00:00,15.8,15.83,15.78,15.81,148562
2019-08-19 19:30:00,15.8,15.83,15.78,15.79,170810
2019-08-19 20:00:00,15.78,15.81,15.78,15.8,254800
2019-08-19 20:30:00,15.79,15.8,15.73,15.74,142334
2019-08-19 21:00:00,15.74,15.82,15.73,15.79,180860
2019-08-19 21:30:00,15.8,15.82,15.77,15.79,236761
2019-08-19 22:00:00,15.79,15.81,15.76,15.78,218299
2019-08-19 22:30:00,15.78,15.79,15.69,15.7,1072289
2019-08-20 16:30:00,15.61,15.72,15.54,15.57,426396
2019-08-20 17:00:00,15.57,15.64,15.56,15.59,146266
2019-08-20 17:30:00,15.59,15.64,15.55,15.64,147503
2019-08-20 18:00:00,15.63,15.68,15.6,15.64,162526
2019-08-20 18:30:00,15.64,15.64,15.55,15.58,209765
2019-08-20 19:00:00,15.58,15.59,15.5,15.51,225022
2019-08-20 19:30:00,15.5,15.52,15.45,15.51,223438
2019-08-20 20:00:00,15.51,15.52,15.47,15.48,135617
2019-08-20 20:30:00,15.47,15.48,15.43,15.48,237900
2019-08-20 21:00:00,15.47,15.49,15.43,15.47,298558
2019-08-20 21:30:00,15.47,15.52,15.46,15.5,172500
2019-08-20 22:00:00,15.49,15.49,15.44,15.47,418997
2019-08-20 22:30:00,15.47,15.51,15.43,15.44,1219673
2019-08-21 16:30:00,15.62,15.67,15.54,15.55,274338
2019-08-21 17:00:00,15.55,15.57,15.52,15.55,142423
2019-08-21 17:30:00,15.54,15.55,15.47,15.54,108849
2019-08-21 18:00:00,15.54,15.57,15.5,15.52,153872
2019-08-21 18:30:00,15.52,15.55,15.49,15.54,138166
2019-08-21 19:00:00,15.54,15.56,15.51,15.54,65899
2019-08-21 19:30:00,15.53,15.58,15.52,15.57,131108
2019-08-21 20:00:00,15.56,15.57,15.53,15.56,149196
2019-08-21 20:30:00,15.56,15.59,15.53,15.55,169438
2019-08-21 21:00:00,15.55,15.58,15.52,15.55,211805
2019-08-21 21:30:00,15.54,15.58,15.52,15.55,235926
2019-08-21 22:00:00,15.56,15.57,15.52,15.53,188352
2019-08-21 22:30:00,15.53,15.6,15.51,15.56,1004703
2019-08-22 16:30:00,15.69,15.89,15.65,15.86,598984
2019-08-22 17:00:00,15.86,15.88,15.8,15.8,230061
2019-08-22 17:30:00,15.8,15.8,15.71,15.79,211728
2019-08-22 18:00:00,15.79,15.9,15.79,15.85,560698
2019-08-22 18:30:00,15.85,15.98,15.84,15.95,424505
2019-08-22 19:00:00,15.94,16.04,15.94,15.99,161929
2019-08-22 19:30:00,15.99,16.0,15.88,15.89,312461
2019-08-22 20:00:00,15.9,15.94,15.88,15.92,111977
2019-08-22 20:30:00,15.92,15.94,15.9,15.93,155905
2019-08-22 21:00:00,15.93,15.95,15.91,15.93,215128
2019-08-22 21:30:00,15.93,15.96,15.91,15.94,227863
2019-08-22 22:00:00,15.94,15.94,15.87,15.88,245087
2019-08-22 22:30:00,15.89,15.95,15.88,15.9,886409
2019-08-23 16:30:00,15.82,15.92,15.72,15.92,349509
2019-08-23 17:00:00,15.91,15.96,15.81,15.9,123287
2019-08-23 17:30:00,15.9,15.96,15.86,15.89,156167
2019-08-23 18:00:00,15.9,15.91,15.64,15.7,340129
2019-08-23 18:30:00,15.7,15.72,15.58,15.6,283758
2019-08-23 19:00:00,15.6,15.72,15.57,15.68,186947
2019-08-23 19:30:00,15.68,15.73,15.66,15.67,216995
2019-08-23 20:00:00,15.68,15.71,15.63,15.66,249432
2019-08-23 20:30:00,15.66,15.72,15.65,15.7,174000
2019-08-23 21:00:00,15.7,15.73,15.68,15.7,194525
2019-08-23 21:30:00,15.7,15.73,15.65,15.7,262405
2019-08-23 22:00:00,15.69,15.74,15.69,15.7,464811
2019-08-23 22:30:00,15.7,15.71,15.56,15.64,1475269
2019-08-26 16:30:00,15.8,15.86,15.66,15.71,675244
2019-08-26 17:00:00,15.71,15.72,15.61,15.68,278159
2019-08-26 17:30:00,15.67,15.7,15.6,15.61,276644
2019-08-26 18:00:00,15.61,15.77,15.59,15.67,685775
2019-08-26 18:30:00,15.67,15.69,15.62,15.67,341622
2019-08-26 19:00:00,15.68,15.74,15.64,15.71,418150
2019-08-26 19:30:00,15.71,15.78,15.7,15.76,185885
2019-08-26 20:00:00,15.77,15.83,15.76,15.81,304168
2019-08-26 20:30:00,15.81,15.83,15.78,15.8,272386
2019-08-26 21:00:00,15.8,15.83,15.75,15.76,790362
2019-08-26 21:30:00,15.77,15.8,15.72,15.75,356291
2019-08-26 22:00:00,15.74,15.77,15.68,15.68,330571
2019-08-26 22:30:00,15.68,15.7,15.64,15.7,921296
2019-08-27 16:30:00,15.75,15.89,15.75,15.81,359485
2019-08-27 17:00:00,15.81,15.86,15.77,15.79,251948
2019-08-27 17:30:00,15.79,15.84,15.72,15.74,188432
2019-08-27 18:00:00,15.75,15.78,15.67,15.68,336541
2019-08-27 18:30:00,15.69,15.73,15.62,15.62,198205
2019-08-27 19:00:00,15.61,15.64,15.54,15.55,147703
2019-08-27 19:30:00,15.55,15.57,15.42,15.42,210446
2019-08-27 20:00:00,15.42,15.48,15.42,15.47,116843
2019-08-27 20:30:00,15.47,15.51,15.42,15.43,141911
2019-08-27 21:00:00,15.43,15.44,15.19,15.2,3247657
2019-08-27 21:30:00,15.21,15.31,15.16,15.3,384491
2019-08-27 22:00:00,15.3,15.37,15.2,15.35,931361
2019-08-27 22:30:00,15.35,15.42,15.29,15.3,1962216
2019-08-28 16:30:00,15.2,15.36,15.16,15.31,420520
2019-08-28 17:00:00,15.31,15.4,15.23,15.3,235216
2019-08-28 17:30:00,15.3,15.43,15.3,15.41,237515
2019-08-28 18:00:00,15.42,15.5,15.39,15.48,255863
2019-08-28 18:30:00,15.46,15.5,15.43,15.44,188800
2019-08-28 19:00:00,15.44,15.5,15.41,15.46,221941
2019-08-28 19:30:00,15.46,15.5,15.42,15.49,171598
2019-08-28 20:00:00,15.49,15.5,15.43,15.45,232700
2019-08-28 20:30:00,15.45,15.52,15.45,15.49,206432
2019-08-28 21:00:00,15.49,15.51,15.46,15.51,190863
2019-08-28 21:30:00,15.5,15.52,15.48,15.51,260388
2019-08-28 22:00:00,15.51,15.57,15.42,15.43,621032
2019-08-28 22:30:00,15.44,15.49,15.4,15.43,931086
2019-08-29 16:30:00,15.65,15.71,15.55,15.63,472234
2019-08-29 17:00:00,15.64,15.69,15.6,15.63,319517
2019-08-29 17:30:00,15.63,15.66,15.54,15.64,232261
2019-08-29 18:00:00,15.64,15.71,15.61,15.68,212043
2019-08-29 18:30:00,15.69,15.7,15.62,15.62,182238
2019-08-29 19:00:00,15.62,15.72,15.6,15.71,270832
2019-08-29 19:30:00,15.72,15.73,15.64,15.69,168781
2019-08-29 20:00:00,15.69,15.71,15.64,15.66,163775
2019-08-29 20:30:00,15.66,15.67,15.64,15.65,122691
2019-08-29 21:00:00,15.66,15.69,15.64,15.65,205506
2019-08-29 21:30:00,15.65,15.68,15.64,15.64,135746
2019-08-29 22:00:00,15.65,15.66,15.6,15.61,288578
2019-08-29 22:30:00,15.61,15.69,15.6,15.63,814934
2019-08-30 16:30:00,15.73,15.78,15.7,15.74,160746
2019-08-30 17:00:00,15.74,15.87,15.73,15.75,157245
2019-08-30 17:30:00,15.75,15.76,15.69,15.71,180804
2019-08-30 18:00:00,15.71,15.74,15.64,15.7,240051
2019-08-30 18:30:00,15.7,15.8,15.7,15.79,214949
2019-08-30 19:00:00,15.79,15.83,15.78,15.82,154005
2019-08-30 19:30:00,15.82,15.87,15.79,15.86,156619
2019-08-30 20:00:00,15.86,15.87,15.78,15.78,175701
2019-08-30 20:30:00,15.79,15.8,15.71,15.71,189485
2019-08-30 21:00:00,15.72,15.75,15.72,15.72,125506
2019-08-30 21:30:00,15.73,15.74,15.68,15.71,218468
2019-08-30 22:00:00,15.71,15.77,15.69,15.76,204288
2019-08-30 22:30:00,15.77,15.78,15.7,15.7,530885
2019-09-03 16:30:00,15.53,15.63,15.47,15.59,461047
2019-09-03 17:00:00,15.58,15.59,15.3,15.38,721313
2019-09-03 17:30:00,15.38,15.43,15.31,15.42,495273
2019-09-03 18:00:00,15.43,15.43,15.3,15.37,486503
2019-09-03 18:30:00,15.37,15.42,15.36,15.38,311238
2019-09-03 19:00:00,15.38,15.45,15.37,15.42,262919
2019-09-03 19:30:00,15.41,15.44,15.39,15.41,162527
2019-09-03 20:00:00,15.41,15.46,15.4,15.44,254443
2019-09-03 20:30:00,15.45,15.5,15.42,15.5,382526
2019-09-03 21:00:00,15.49,15.51,15.46,15.48,261098
2019-09-03 21:30:00,15.49,15.51,15.46,15.48,252119
2019-09-03 22:00:00,15.49,15.55,15.47,15.5,285691
2019-09-03 22:30:00,15.51,15.54,15.47,15.54,1041570
2019-09-04 16:30:00,15.66,15.68,15.54,15.58,213220
2019-09-04 17:00:00,15.59,15.64,15.49,15.55,280489
2019-09-04 17:30:00,15.55,15.63,15.54,15.62,178570
2019-09-04 18:00:00,15.61,15.64,15.56,15.6,346118
2019-09-04 18:30:00,15.6,15.62,15.57,15.59,120297
2019-09-04 19:00:00,15.59,15.61,15.55,15.57,99184
2019-09-04 19:30:00,15.58,15.61,15.55,15.55,151892
2019-09-04 20:00:00,15.56,15.57,15.53,15.57,109117
2019-09-04 20:30:00,15.57,15.6,15.53,15.55,121750
2019-09-04 21:00:00,15.55,15.6,15.53,15.59,138571
2019-09-04 21:30:00,15.58,15.62,15.56,15.61,178487
2019-09-04 22:00:00,15.61,15.64,15.57,15.59,171334
2019-09-04 22:30:00,15.6,15.65,15.57,15.59,588460
2019-09-05 16:30:00,15.87,16.09,15.87,16.0,297530
2019-09-05 17:00:00,16.01,16.28,16.0,16.24,251665
2019-09-05 17:30:00,16.24,16.27,16.14,16.16,168689
2019-09-05 18:00:00,16.17,16.22,16.14,16.18,190627
2019-09-05 18:30:00,16.18,16.23,16.16,16.2,145691
2019-09-05 19:00:00,16.2,16.21,16.13,16.15,103542
2019-09-05 19:30:00,16.15,16.16,16.1,16.12,165651
2019-09-05 20:00:00,16.13,16.15,16.09,16.12,142243
2019-09-05 20:30:00,16.12,16.16,16.11,16.15,159746
2019-09-05 21:00:00,16.15,16.17,16.1,16.11,124227
2019-09-05 21:30:00,16.11,16.12,16.06,16.09,189679
2019-09-05 22:00:00,16.09,16.12,16.06,16.08,278000
2019-09-05 22:30:00,16.08,16.11,16.01,16.06,772931
2019-09-06 16:30:00,15.97,16.01,15.73,15.81,473336
2019-09-06 17:00:00,15.8,15.93,15.79,15.92,198699
2019-09-06 17:30:00,15.93,15.98,15.9,15.91,161274
2019-09-06 18:00:00,15.91,15.92,15.87,15.87,229082
2019-09-06 18:30:00,15.88,15.95,15.87,15.93,223514
2019-09-06 19:00:00,15.94,15.98,15.93,15.96,138180
2019-09-06 19:30:00,15.96,15.96,15.92,15.93,155380
2019-09-06 20:00:00,15.93,16.01,15.92,16.0,215526
2019-09-06 20:30:00,16.0,16.1,16.0,16.1,312625
2019-09-06 21:00:00,16.09,16.1,16.06,16.08,407081
2019-09-06 21:30:00,16.09,16.09,15.93,15.96,578701
2019-09-06 22:00:00,15.96,16.0,15.94,15.99,402856
2019-09-06 22:30:00,15.98,16.01,15.95,15.98,588633
2019-09-09 16:30:00,16.15,16.46,16.13,16.42,356207
2019-09-09 17:00:00,16.43,16.54,16.36,16.52,325747
2019-09-09 17:30:00,16.52,16.53,16.44,16.5,250042
2019-09-09 18:00:00,16.51,16.52,16.43,16.45,208624
2019-09-09 18:30:00,16.45,16.48,16.39,16.44,180548
2019-09-09 19:00:00,16.45,16.49,16.38,16.4,154153
2019-09-09 19:30:00,16.39,16.41,16.35,16.4,140921
2019-09-09 20:00:00,16.4,16.4,16.32,16.34,111261
2019-09-09 20:30:00,16.34,16.37,16.28,16.36,169528
2019-09-09 21:00:00,16.36,16.41,16.34,16.4,277001
2019-09-09 21:30:00,16.4,16.42,16.36,16.39,306871
2019-09-09 22:00:00,16.39,16.5,16.38,16.49,443355
2019-09-09 22:30:00,16.49,16.49,16.41,16.41,981684
2019-09-10 16:30:00,16.56,16.89,16.55,16.87,472754
2019-09-10 17:00:00,16.87,16.95,16.75,16.85,421136
2019-09-10 17:30:00,16.85,16.9,16.75,16.82,290991
2019-09-10 18:00:00,16.8,16.86,16.76,16.78,235898
2019-09-10 18:30:00,16.77,16.95,16.76,16.86,208082
2019-09-10 19:00:00,16.86,16.88,16.77,16.85,286482
2019-09-10 19:30:00,16.84,16.87,16.79,16.86,245608
2019-09-10 20:00:00,16.86,16.97,16.82,16.96,172095
2019-09-10 20:30:00,16.96,16.99,16.92,16.93,131146
2019-09-10 21:00:00,16.93,17.01,16.91,16.95,224101
2019-09-10 21:30:00,16.95,16.98,16.9,16.97,241884
2019-09-10 22:00:00,16.97,17.04,16.96,17.04,371666
2019-09-10 22:30:00,17.04,17.08,16.98,17.05,1178138
2019-09-11 16:30:00,17.09,17.29,16.76,17.18,464849
2019-09-11 17:00:00,17.18,17.24,17.07,17.23,681682
2019-09-11 17:30:00,17.22,17.45,17.2,17.43,481986
2019-09-11 18:00:00,17.43,17.47,17.25,17.27,419424
2019-09-11 18:30:00,17.27,17.32,17.18,17.25,364748
2019-09-11 19:00:00,17.25,17.29,17.21,17.27,359418
2019-09-11 19:30:00,17.28,17.42,17.26,17.38,351317
2019-09-11 20:00:00,17.38,17.41,17.34,17.37,434076
2019-09-11 20:30:00,17.36,17.44,17.33,17.4,210787
2019-09-11 21:00:00,17.39,17.53,17.38,17.51,325895
2019-09-11 21:30:00,17.51,17.54,17.47,17.49,342455
2019-09-11 22:00:00,17.49,17.55,17.46,17.46,404659
2019-09-11 22:30:00,17.46,17.58,17.46,17.57,1177285
2019-09-12 16:30:00,17.11,17.15,16.73,16.87,861171
2019-09-12 17:00:00,16.88,17.2,16.84,17.07,840346
2019-09-12 17:30:00,17.07,17.12,16.95,16.96,649913
2019-09-12 18:00:00,16.95,17.16,16.92,17.14,469785
2019-09-12 18:30:00,17.14,17.37,17.13,17.34,753878
2019-09-12 19:00:00,17.33,17.39,17.23,17.32,379416
2019-09-12 19:30:00,17.33,17.46,17.32,17.43,218946
2019-09-12 20:00:00,17.44,17.48,17.42,17.44,241955
2019-09-12 20:30:00,17.44,17.47,17.41,17.45,150531
2019-09-12 21:00:00,17.44,17.45,17.39,17.41,183437
2019-09-12 21:30:00,17.41,17.44,17.31,17.31,273467
2019-09-12 22:00:00,17.31,17.33,17.28,17.3,225225
2019-09-12 22:30:00,17.3,17.32,17.23,17.25,896766
2019-09-13 16:30:00,17.54,17.59,17.24,17.29,666406
2019-09-13 17:00:00,17.29,17.42,17.16,17.35,297620
2019-09-13 17:30:00,17.35,17.47,17.35,17.43,237309
2019-09-13 18:00:00,17.42,17.45,17.38,17.42,389417
2019-09-13 18:30:00,17.41,17.52,17.41,17.47,255038
2019-09-13 19:00:00,17.47,17.48,17.41,17.43,166893
2019-09-13 19:30:00,17.43,17.54,17.42,17.51,168464
2019-09-13 20:00:00,17.52,17.56,17.5,17.5,111966
2019-09-13 20:30:00,17.5,17.5,17.33,17.35,232050
2019-09-13 21:00:00,17.35,17.37,17.3,17.32,191797
2019-09-13 21:30:00,17.33,17.38,17.29,17.31,261808
2019-09-13 22:00:00,17.31,17.39,17.27,17.36,439398
2019-09-13 22:30:00,17.36,17.46,17.34,17.39,1309515
2019-09-16 16:30:00,17.19,17.43,17.17,17.38,239524
2019-09-16 17:00:00,17.37,17.4,17.25,17.31,419023
2019-09-16 17:30:00,17.31,17.35,17.27,17.33,187326
2019-09-16 18:00:00,17.34,17.36,17.29,17.29,184349
2019-09-16 18:30:00,17.29,17.31,17.2,17.23,194670
2019-09-16 19:00:00,17.23,17.25,17.17,17.21,167354
2019-09-16 19:30:00,17.21,17.24,17.15,17.18,271053
2019-09-16 20:00:00,17.19,17.26,17.18,17.24,155473
2019-09-16 20:30:00,17.24,17.3,17.23,17.29,167661
2019-09-16 21:00:00,17.29,17.33,17.26,17.32,221986
2019-09-16 21:30:00,17.31,17.34,17.28,17.3,190555
2019-09-16 22:00:00,17.29,17.31,17.26,17.26,284203
2019-09-16 22:30:00,17.26,17.3,17.21,17.24,1128686
2019-09-17 16:30:00,17.09,17.09,16.93,16.93,270846
2019-09-17 17:00:00,16.94,16.97,16.83,16.83,226474
2019-09-17 17:30:00,16.83,16.9,16.79,16.79,220706
2019-09-17 18:00:00,16.8,16.9,16.79,16.88,165352
2019-09-17 18:30:00,16.89,16.96,16.89,16.96,97183
2019-09-17 19:00:00,16.96,17.01,16.95,16.99,98670
2019-09-17 19:30:00,16.99,17.02,16.96,17.02,74194
2019-09-17 20:00:00,17.02,17.08,17.0,17.06,95495
2019-09-17 20:30:00,17.07,17.08,16.97,16.99,183883
2019-09-17 21:00:00,17.0,17.02,16.94,16.97,205951
2019-09-17 21:30:00,16.97,17.01,16.96,17.0,155180
2019-09-17 22:00:00,17.0,17.11,16.99,17.05,313718
2019-09-17 22:30:00,17.04,17.09,17.0,17.03,1056522
2019-09-18 16:30:00,16.94,17.08,16.87,16.98,332312
2019-09-18 17:00:00,16.98,17.03,16.97,17.0,246637
2019-09-18 17:30:00,17.01,17.13,16.98,16.99,289931
2019-09-18 18:00:00,17.0,17.01,16.96,16.96,302856
2019-09-18 18:30:00,16.96,16.98,16.9,16.98,144584
2019-09-18 19:00:00,16.98,17.04,16.96,17.04,140111
2019-09-18 19:30:00,17.03,17.07,17.02,17.04,92885
2019-09-18 20:00:00,17.03,17.03,16.92,16.92,202948
2019-09-18 20:30:00,16.92,16.96,16.88,16.91,200918
2019-09-18 21:00:00,16.92,17.02,16.89,16.93,173402
2019-09-18 21:30:00,16.93,16.93,16.8,16.84,668535
2019-09-18 22:00:00,16.84,16.96,16.83,16.94,242167
2019-09-18 22:30:00,16.94,17.01,16.92,16.94,612865
2019-09-19 16:30:00,16.95,17.13,16.94,17.09,221410
2019-09-19 17:00:00,17.11,17.25,17.09,17.18,252655
2019-09-19 17:30:00,17.18,17.21,17.13,17.14,211149
2019-09-19 18:00:00,17.15,17.25,17.14,17.21,157390
2019-09-19 18:30:00,17.21,17.23,17.18,17.22,122188
2019-09-19 19:00:00,17.22,17.23,17.16,17.16,92868
2019-09-19 19:30:00,17.17,17.2,17.15,17.15,145068
2019-09-19 20:00:00,17.15,17.18,17.14,17.16,164199
2019-09-19 20:30:00,17.15,17.16,17.11,17.16,124858
2019-09-19 21:00:00,17.16,17.17,17.1,17.12,121428
2019-09-19 21:30:00,17.12,17.13,17.06,17.07,234675
2019-09-19 22:00:00,17.08,17.1,17.03,17.06,206611
2019-09-19 22:30:00,17.07,17.1,17.02,17.07,652996
2019-09-20 16:30:00,17.11,17.12,16.92,17.09,606790
2019-09-20 17:00:00,17.09,17.19,17.07,17.16,229858
2019-09-20 17:30:00,17.17,17.22,17.09,17.15,182995
2019-09-20 18:00:00,17.14,17.18,17.07,17.13,127782
2019-09-20 18:30:00,17.12,17.19,17.11,17.16,175028
2019-09-20 19:00:00,17.16,17.24,17.16,17.23,176833
2019-09-20 19:30:00,17.23,17.33,17.19,17.22,240552
2019-09-20 20:00:00,17.21,17.22,17.0,17.08,167196
2019-09-20 20:30:00,17.09,17.1,17.04,17.08,153660
2019-09-20 21:00:00,17.08,17.11,17.06,17.07,138553
2019-09-20 21:30:00,17.07,17.13,17.06,17.07,186052
2019-09-20 22:00:00,17.07,17.08,16.89,16.91,289355
2019-09-20 22:30:00,16.91,16.97,16.85,16.85,1121535
2019-09-23 16:30:00,16.62,17.0,16.55,16.91,340252
2019-09-23 17:00:00,16.91,16.94,16.84,16.94,223856
2019-09-23 17:30:00,16.94,17.0,16.93,16.97,127707
2019-09-23 18:00:00,16.97,17.07,16.97,17.04,209037
2019-09-23 18:30:00,17.03,17.06,16.99,17.05,150701
2019-09-23 19:00:00,17.04,17.05,17.0,17.03,132955
2019-09-23 19:30:00,17.03,17.08,17.03,17.07,339487
2019-09-23 20:00:00,17.06,17.12,17.03,17.04,216177
2019-09-23 20:30:00,17.04,17.14,17.04,17.12,98084
2019-09-23 21:00:00,17.12,17.15,17.09,17.11,221056
2019-09-23 21:30:00,17.09,17.11,17.05,17.08,179102
2019-09-23 22:00:00,17.07,17.11,17.06,17.06,187590
2019-09-23 22:30:00,17.06,17.08,16.99,17.0,691193
2019-09-24 16:30:00,17.11,17.24,17.1,17.13,440625
2019-09-24 17:00:00,17.13,17.14,16.87,16.93,309882
2019-09-24 17:30:00,16.93,17.0,16.86,16.88,161520
2019-09-24 18:00:00,16.88,16.91,16.85,16.86,214497
2019-09-24 18:30:00,16.87,16.89,16.82,16.85,127460
2019-09-24 19:00:00,16.85,16.94,16.77,16.8,392074
2019-09-24 19:30:00,16.79,16.8,16.62,16.67,635284
2019-09-24 20:00:00,16.66,16.75,16.66,16.66,162775
2019-09-24 20:30:00,16.67,16.76,16.66,16.73,116206
2019-09-24 21:00:00,16.73,16.83,16.66,16.78,226820
2019-09-24 21:30:00,16.79,16.81,16.68,16.68,211028
2019-09-24 22:00:00,16.68,16.78,16.68,16.73,264105
2019-09-24 22:30:00,16.73,16.81,16.7,16.71,819335
2019-09-25 16:30:00,16.72,16.89,16.67,16.7,278046
2019-09-25 17:00:00,16.69,16.75,16.61,16.72,228432
2019-09-25 17:30:00,16.72,16.87,16.71,16.86,134941
2019-09-25 18:00:00,16.86,16.94,16.84,16.88,135375
2019-09-25 18:30:00,16.88,16.92,16.81,16.85,129886
2019-09-25 19:00:00,16.85,16.91,16.84,16.88,118813
2019-09-25 19:30:00,16.87,16.9,16.84,16.86,136192
2019-09-25 20:00:00,16.86,16.89,16.83,16.85,127422
2019-09-25 20:30:00,16.85,16.93,16.85,16.92,101901
2019-09-25 21:00:00,16.92,16.96,16.89,16.93,145638
2019-09-25 21:30:00,16.92,16.95,16.9,16.91,137881
2019-09-25 22:00:00,16.91,16.94,16.9,16.94,118828
2019-09-25 22:30:00,16.94,16.98,16.92,16.97,429953
2019-09-26 16:30:00,16.98,16.98,16.83,16.9,182155
2019-09-26 17:00:00,16.9,16.97,16.76,16.82,224683
2019-09-26 17:30:00,16.82,16.86,16.77,16.79,152437
2019-09-26 18:00:00,16.8,16.8,16.71,16.74,159716
2019-09-26 18:30:00,16.75,16.8,16.72,16.8,125362
2019-09-26 19:00:00,16.78,16.84,16.76,16.84,102222
2019-09-26 19:30:00,16.83,16.89,16.82,16.84,120012
2019-09-26 20:00:00,16.85,16.87,16.74,16.75,156810
2019-09-26 20:30:00,16.75,16.84,16.75,16.83,153576
2019-09-26 21:00:00,16.83,16.91,16.81,16.88,203433
2019-09-26 21:30:00,16.88,16.88,16.82,16.83,183346
2019-09-26 22:00:00,16.83,16.89,16.82,16.87,242168
2019-09-26 22:30:00,16.87,16.92,16.82,16.85,616480
2019-09-27 16:30:00,16.97,17.13,16.91,17.01,311644
2019-09-27 17:00:00,17.02,17.06,16.93,17.01,251510
2019-09-27 17:30:00,17.02,17.07,17.0,17.07,159727
2019-09-27 18:00:00,17.07,17.2,17.05,17.17,240420
2019-09-27 18:30:00,17.17,17.19,16.97,17.07,448669
2019-09-27 19:00:00,17.07,17.09,16.99,17.0,131219
2019-09-27 19:30:00,17.01,17.06,16.95,16.96,181117
2019-09-27 20:00:00,16.95,17.06,16.93,17.04,135852
2019-09-27 20:30:00,17.04,17.04,16.89,16.98,152742
2019-09-27 21:00:00,16.97,17.03,16.95,17.02,416387
2019-09-27 21:30:00,17.01,17.04,16.92,16.92,234376
2019-09-27 22:00:00,16.93,16.98,16.91,16.96,160676
2019-09-27 22:30:00,16.95,17.04,16.94,17.04,558885
2019-09-30 16:30:00,17.1,17.2,17.03,17.06,241862
2019-09-30 17:00:00,17.05,17.11,16.97,17.07,203913
2019-09-30 17:30:00,17.07,17.13,17.01,17.02,184241
2019-09-30 18:00:00,17.02,17.03,16.94,16.94,320982
2019-09-30 18:30:00,16.95,16.99,16.87,16.91,272292
2019-09-30 19:00:00,16.91,16.95,16.88,16.93,253267
2019-09-30 19:30:00,16.93,17.01,16.89,16.98,136376
2019-09-30 20:00:00,16.98,17.04,16.98,17.03,89510
2019-09-30 20:30:00,17.01,17.05,16.99,16.99,137278
2019-09-30 21:00:00,17.0,17.02,16.97,16.99,140249
2019-09-30 21:30:00,16.99,17.04,16.98,17.02,171759
2019-09-30 22:00:00,17.03,17.05,17.0,17.01,224583
2019-09-30 22:30:00,17.01,17.04,16.93,16.94,716429
2019-10-01 16:30:00,16.97,17.0,16.87,16.93,351520
2019-10-01 17:00:00,16.92,16.92,16.52,16.58,367433
2019-10-01 17:30:00,16.58,16.61,16.29,16.29,500980
2019-10-01 18:00:00,16.29,16.36,16.26,16.33,392871
2019-10-01 18:30:00,16.33,16.38,16.2,16.22,366825
2019-10-01 19:00:00,16.23,16.3,16.12,16.21,446861
2019-10-01 19:30:00,16.21,16.31,16.18,16.19,342820
2019-10-01 20:00:00,16.2,16.26,16.1,16.1,368139
2019-10-01 20:30:00,16.11,16.27,16.08,16.18,368168
2019-10-01 21:00:00,16.18,16.28,16.15,16.27,256191
2019-10-01 21:30:00,16.27,16.36,16.26,16.31,185992
2019-10-01 22:00:00,16.31,16.34,16.28,16.32,525438
2019-10-01 22:30:00,16.33,16.34,16.25,16.26,861194
2019-10-02 16:30:00,16.04,16.04,15.85,15.96,455596
2019-10-02 17:00:00,15.95,16.12,15.93,16.02,337746
2019-10-02 17:30:00,16.02,16.02,15.87,15.88,510489
2019-10-02 18:00:00,15.87,15.93,15.81,15.82,238525
2019-10-02 18:30:00,15.83,15.84,15.73,15.74,332715
2019-10-02 19:00:00,15.74,15.76,15.67,15.74,222002
2019-10-02 19:30:00,15.74,15.75,15.69,15.74,159950
2019-10-02 20:00:00,15.74,15.84,15.72,15.81,191134
2019-10-02 20:30:00,15.81,15.83,15.74,15.77,237386
2019-10-02 21:00:00,15.77,15.8,15.72,15.75,173313
2019-10-02 21:30:00,15.76,15.84,15.74,15.78,252464
2019-10-02 22:00:00,15.79,15.83,15.75,15.78,313356
2019-10-02 22:30:00,15.77,15.81,15.69,15.72,750141
2019-10-03 16:30:00,15.63,15.74,15.57,15.63,297507
2019-10-03 17:00:00,15.62,15.62,15.29,15.41,1039261
2019-10-03 17:30:00,15.4,15.53,15.36,15.52,328097
2019-10-03 18:00:00,15.51,15.7,15.49,15.56,314336
2019-10-03 18:30:00,15.56,15.6,15.47,15.48,209187
2019-10-03 19:00:00,15.47,15.59,15.47,15.57,172384
2019-10-03 19:30:00,15.57,15.61,15.56,15.59,114940
2019-10-03 20:00:00,15.59,15.66,15.58,15.65,160350
2019-10-03 20:30:00,15.64,15.71,15.62,15.64,125445
2019-10-03 21:00:00,15.65,15.71,15.62,15.71,214249
2019-10-03 21:30:00,15.71,15.72,15.63,15.66,234564
2019-10-03 22:00:00,15.66,15.72,15.65,15.71,209425
2019-10-03 22:30:00,15.7,15.78,15.64,15.78,549745
2019-10-04 16:30:00,15.74,15.84,15.57,15.64,341418
2019-10-04 17:00:00,15.65,15.7,15.58,15.58,195706
2019-10-04 17:30:00,15.58,15.67,15.57,15.6,132155
2019-10-04 18:00:00,15.6,15.68,15.57,15.65,129990
2019-10-04 18:30:00,15.66,15.71,15.62,15.62,172107
2019-10-04 19:00:00,15.63,15.68,15.59,15.65,99697
2019-10-04 19:30:00,15.65,15.67,15.57,15.61,204403
2019-10-04 20:00:00,15.61,15.69,15.59,15.67,81405
2019-10-04 20:30:00,15.67,15.7,15.62,15.66,199101
2019-10-04 21:00:00,15.66,15.73,15.6,15.71,551985
2019-10-04 21:30:00,15.71,15.74,15.66,15.7,237122
2019-10-04 22:00:00,15.69,15.76,15.67,15.75,250546
2019-10-04 22:30:00,15.76,15.9,15.75,15.89,958923
2019-10-07 16:30:00,15.78,15.85,15.55,15.75,329827
2019-10-07 17:00:00,15.75,15.81,15.72,15.8,181585
2019-10-07 17:30:00,15.8,15.84,15.77,15.8,135632
2019-10-07 18:00:00,15.81,15.89,15.81,15.84,112705
2019-10-07 18:30:00,15.83,15.89,15.83,15.86,125258
2019-10-07 19:00:00,15.86,15.89,15.83,15.88,71190
2019-10-07 19:30:00,15.88,15.91,15.85,15.9,80304
2019-10-07 20:00:00,15.9,15.92,15.83,15.84,101848
2019-10-07 20:30:00,15.83,15.97,15.83,15.95,169764
2019-10-07 21:00:00,15.95,15.95,15.85,15.88,105642
2019-10-07 21:30:00,15.88,15.88,15.76,15.81,146045
2019-10-07 22:00:00,15.81,15.83,15.76,15.8,147902
2019-10-07 22:30:00,15.79,15.8,15.73,15.74,469282
2019-10-08 16:30:00,15.53,15.57,15.38,15.47,378309
2019-10-08 17:00:00,15.46,15.53,15.37,15.44,325546
2019-10-08 17:30:00,15.44,15.48,15.38,15.46,300549
2019-10-08 18:00:00,15.46,15.49,15.4,15.4,199137
2019-10-08 18:30:00,15.41,15.5,15.36,15.49,184175
2019-10-08 19:00:00,15.5,15.55,15.47,15.53,129992
2019-10-08 19:30:00,15.54,15.61,15.51,15.53,149245
2019-10-08 20:00:00,15.53,15.57,15.51,15.56,86956
2019-10-08 20:30:00,15.55,15.56,15.5,15.5,93865
2019-10-08 21:00:00,15.51,15.54,15.47,15.5,118280
2019-10-08 21:30:00,15.51,15.59,15.46,15.5,193821
2019-10-08 22:00:00,15.5,15.55,15.44,15.49,164800
2019-10-08 22:30:00,15.49,15.53,15.36,15.37,528833
2019-10-09 16:30:00,15.46,15.54,15.39,15.43,169702
2019-10-09 17:00:00,15.42,15.44,15.36,15.41,169168
2019-10-09 17:30:00,15.4,15.45,15.33,15.35,161310
2019-10-09 18:00:00,15.34,15.39,15.28,15.34,282479
2019-10-09 18:30:00,15.35,15.38,15.3,15.3,143108
2019-10-09 19:00:00,15.3,15.36,15.29,15.34,143061
2019-10-09 19:30:00,15.34,15.36,15.28,15.33,340483
2019-10-09 20:00:00,15.33,15.39,15.29,15.34,501197
2019-10-09 20:30:00,15.34,15.41,15.33,15.38,155013
2019-10-09 21:00:00,15.38,15.4,15.33,15.37,205649
2019-10-09 21:30:00,15.37,15.44,15.36,15.43,285454
2019-10-09 22:00:00,15.42,15.45,15.41,15.44,231274
2019-10-09 22:30:00,15.43,15.46,15.35,15.39,901498
2019-10-10 16:30:00,15.35,15.48,15.24,15.46,972456
2019-10-10 17:00:00,15.47,15.49,15.31,15.4,973656
2019-10-10 17:30:00,15.4,15.44,15.34,15.43,377432
2019-10-10 18:00:00,15.44,15.47,15.37,15.42,245368
2019-10-10 18:30:00,15.41,15.5,15.4,15.48,435835
2019-10-10 19:00:00,15.48,15.53,15.44,15.47,278908
2019-10-10 19:30:00,15.47,15.49,15.42,15.44,233502
2019-10-10 20:00:00,15.44,15.47,15.41,15.44,209577
2019-10-10 20:30:00,15.43,15.46,15.39,15.43,239486
2019-10-10 21:00:00,15.43,15.44,15.32,15.37,409911
2019-10-10 21:30:00,15.35,15.39,15.33,15.38,234272
2019-10-10 22:00:00,15.37,15.4,15.34,15.38,230840
2019-10-10 22:30:00,15.39,15.4,15.33,15.34,788329
2019-10-11 16:30:00,15.67,16.14,15.67,16.03,836474
2019-10-11 17:00:00,16.02,16.13,16.01,16.1,239001
2019-10-11 17:30:00,16.1,16.14,15.99,15.99,283169
2019-10-11 18:00:00,16.0,16.09,15.98,16.08,185786
2019-10-11 18:30:00,16.09,16.11,15.93,15.95,222262
2019-10-11 19:00:00,15.94,15.95,15.89,15.94,114282
2019-10-11 19:30:00,15.94,15.94,15.84,15.91,204514
2019-10-11 20:00:00,15.91,15.96,15.87,15.92,417527
2019-10-11 20:30:00,15.93,15.97,15.91,15.92,137300
2019-10-11 21:00:00,15.92,15.93,15.87,15.91,161751
2019-10-11 21:30:00,15.92,15.96,15.9,15.93,137249
2019-10-11 22:00:00,15.91,15.94,15.88,15.89,291705
2019-10-11 22:30:00,15.89,15.97,15.81,15.84,1160547
2019-10-14 16:30:00,15.7,15.75,15.51,15.61,336371
2019-10-14 17:00:00,15.61,15.64,15.46,15.48,274587
2019-10-14 17:30:00,15.49,15.56,15.49,15.56,331470
2019-10-14 18:00:00,15.57,15.69,15.57,15.64,212829
2019-10-14 18:30:00,15.64,15.72,15.63,15.68,189660
2019-10-14 19:00:00,15.68,15.75,15.68,15.72,106156
2019-10-14 19:30:00,15.72,15.74,15.66,15.72,152708
2019-10-14 20:00:00,15.72,15.73,15.69,15.7,86761
2019-10-14 20:30:00,15.71,15.72,15.65,15.69,135323
2019-10-14 21:00:00,15.69,15.71,15.67,15.69,77941
2019-10-14 21:30:00,15.68,15.7,15.66,15.68,96802
2019-10-14 22:00:00,15.68,15.74,15.66,15.73,134441
2019-10-14 22:30:00,15.73,15.77,15.67,15.72,812744
2019-10-15 16:30:00,15.8,15.8,15.61,15.74,317239
2019-10-15 17:00:00,15.75,15.95,15.71,15.91,699273
2019-10-15 17:30:00,15.93,16.11,15.93,16.05,562789
2019-10-15 18:00:00,16.06,16.07,15.93,16.0,1062460
2019-10-15 18:30:00,16.0,16.02,15.97,15.99,176781
2019-10-15 19:00:00,15.99,16.01,15.97,16.0,288871
2019-10-15 19:30:00,15.99,16.01,15.96,15.97,225667
2019-10-15 20:00:00,15.98,16.0,15.96,15.98,160154
2019-10-15 20:30:00,15.98,15.99,15.93,15.94,280405
2019-10-15 21:00:00,15.94,15.95,15.9,15.91,111273
2019-10-15 21:30:00,15.91,15.91,15.76,15.79,417421
2019-10-15 22:00:00,15.79,15.84,15.74,15.8,322708
2019-10-15 22:30:00,15.8,15.81,15.76,15.78,516400
2019-10-16 16:30:00,15.78,15.99,15.78,15.92,340013
2019-10-16 17:00:00,15.92,16.02,15.87,16.0,260663
2019-10-16 17:30:00,16.0,16.04,15.89,15.92,230030
2019-10-16 18:00:00,15.92,15.94,15.85,15.86,172128
2019-10-16 18:30:00,15.86,15.94,15.85,15.86,193547
2019-10-16 19:00:00,15.87,15.91,15.81,15.81,164844
2019-10-16 19:30:00,15.82,15.82,15.72,15.75,202780
2019-10-16 20:00:00,15.75,15.77,15.71,15.74,188567
2019-10-16 20:30:00,15.73,15.81,15.67,15.69,442494
2019-10-16 21:00:00,15.7,15.78,15.7,15.74,178410
2019-10-16 21:30:00,15.73,15.76,15.72,15.73,239573
2019-10-16 22:00:00,15.74,15.75,15.71,15.71,191034
2019-10-16 22:30:00,15.72,15.73,15.65,15.65,946062
2019-10-17 16:30:00,15.79,15.81,15.69,15.76,357184
2019-10-17 17:00:00,15.77,15.86,15.69,15.81,380789
2019-10-17 17:30:00,15.8,15.82,15.7,15.71,263412
2019-10-17 18:00:00,15.7,15.74,15.67,15.72,200766
2019-10-17 18:30:00,15.72,15.73,15.62,15.63,179501
2019-10-17 19:00:00,15.63,15.64,15.59,15.63,169890
2019-10-17 19:30:00,15.63,15.65,15.6,15.62,121165
2019-10-17 20:00:00,15.62,15.64,15.59,15.62,148851
2019-10-17 20:30:00,15.62,15.7,15.61,15.7,265816
2019-10-17 21:00:00,15.7,15.7,15.64,15.66,152346
2019-10-17 21:30:00,15.67,15.72,15.64,15.72,343170
2019-10-17 22:00:00,15.71,15.72,15.67,15.7,456669
2019-10-17 22:30:00,15.69,15.7,15.6,15.64,1583824
2019-10-18 16:30:00,15.61,15.75,15.61,15.74,407293
2019-10-18 17:00:00,15.75,15.77,15.66,15.7,208139
2019-10-18 17:30:00,15.69,15.74,15.68,15.71,242172
2019-10-18 18:00:00,15.72,15.75,15.69,15.72,158400
2019-10-18 18:30:00,15.73,15.77,15.71,15.75,189367
2019-10-18 19:00:00,15.75,15.78,15.68,15.7,168608
2019-10-18 19:30:00,15.7,15.77,15.69,15.77,112087
2019-10-18 20:00:00,15.76,15.81,15.76,15.78,196161
2019-10-18 20:30:00,15.79,15.81,15.76,15.79,180109
2019-10-18 21:00:00,15.79,15.87,15.74,15.87,847848
2019-10-18 21:30:00,15.87,15.94,15.83,15.93,652197
2019-10-18 22:00:00,15.92,15.94,15.86,15.89,677583
2019-10-18 22:30:00,15.89,15.93,15.88,15.89,995326
2019-10-21 16:30:00,16.16,16.28,16.07,16.17,893077
2019-10-21 17:00:00,16.18,16.24,16.16,16.21,483493
2019-10-21 17:30:00,16.22,16.3,16.2,16.25,723451
2019-10-21 18:00:00,16.26,16.27,16.22,16.24,323144
2019-10-21 18:30:00,16.25,16.32,16.22,16.29,266711
2019-10-21 19:00:00,16.3,16.32,16.26,16.3,233902
2019-10-21 19:30:00,16.3,16.38,16.29,16.31,423031
2019-10-21 20:00:00,16.32,16.33,16.18,16.18,187860
2019-10-21 20:30:00,16.18,16.21,16.17,16.2,247776
2019-10-21 21:00:00,16.19,16.25,16.17,16.18,209160
2019-10-21 21:30:00,16.18,16.2,16.12,16.15,185561
2019-10-21 22:00:00,16.15,16.16,16.12,16.13,217803
2019-10-21 22:30:00,16.13,16.17,16.11,16.16,803616
2019-10-22 16:30:00,16.05,16.11,15.91,16.02,529995
2019-10-22 17:00:00,16.01,16.06,15.98,16.05,229345
2019-10-22 17:30:00,16.05,16.13,16.02,16.13,225934
2019-10-22 18:00:00,16.12,16.2,16.12,16.17,282582
2019-10-22 18:30:00,16.16,16.28,16.16,16.25,385780
2019-10-22 19:00:00,16.25,16.33,16.17,16.28,1119927
2019-10-22 19:30:00,16.29,16.3,16.11,16.11,701307
2019-10-22 20:00:00,16.11,16.15,16.08,16.12,617269
2019-10-22 20:30:00,16.12,16.15,16.07,16.11,315915
2019-10-22 21:00:00,16.12,16.17,16.09,16.1,389437
2019-10-22 21:30:00,16.11,16.11,15.96,15.98,639132
2019-10-22 22:00:00,15.99,16.07,15.94,16.07,503706
2019-10-22 22:30:00,16.07,16.12,16.02,16.03,1277500
2019-10-23 16:30:00,16.7,16.97,16.46,16.81,1607587
2019-10-23 17:00:00,16.8,16.91,16.75,16.84,704621
2019-10-23 17:30:00,16.84,16.93,16.8,16.81,704875
2019-10-23 18:00:00,16.81,16.94,16.78,16.94,520954
2019-10-23 18:30:00,16.94,17.1,16.89,17.06,554188
2019-10-23 19:00:00,17.07,17.13,17.04,17.11,347700
2019-10-23 19:30:00,17.09,17.16,17.07,17.09,417341
2019-10-23 20:00:00,17.08,17.28,17.07,17.23,455574
2019-10-23 20:30:00,17.24,17.32,17.21,17.3,297756
2019-10-23 21:00:00,17.29,17.3,17.24,17.26,280973
2019-10-23 21:30:00,17.27,17.28,17.18,17.28,350945
2019-10-23 22:00:00,17.26,17.31,17.22,17.27,560310
2019-10-23 22:30:00,17.27,17.28,17.19,17.28,1328775
2019-10-24 16:30:00,17.39,17.4,16.97,16.98,792265
2019-10-24 17:00:00,16.99,17.12,16.99,17.04,469279
2019-10-24 17:30:00,17.05,17.12,17.01,17.02,259168
2019-10-24 18:00:00,17.02,17.19,16.99,17.18,621345
2019-10-24 18:30:00,17.18,17.18,16.99,17.13,501084
2019-10-24 19:00:00,17.12,17.13,16.86,16.93,371630
2019-10-24 19:30:00,16.93,17.02,16.92,16.99,189578
2019-10-24 20:00:00,16.99,17.02,16.97,16.98,180052
2019-10-24 20:30:00,16.98,17.0,16.92,16.96,261886
2019-10-24 21:00:00,16.96,17.02,16.95,17.01,260540
2019-10-24 21:30:00,17.01,17.06,16.98,16.98,398749
2019-10-24 22:00:00,16.98,17.02,16.91,16.91,412079
2019-10-24 22:30:00,16.91,16.98,16.87,16.94,1855731
2019-10-25 16:30:00,16.96,16.99,16.72,16.88,527765
2019-10-25 17:00:00,16.88,16.98,16.87,16.91,425140
2019-10-25 17:30:00,16.91,16.98,16.88,16.98,400744
2019-10-25 18:00:00,16.98,17.17,16.96,17.17,299224
2019-10-25 18:30:00,17.18,17.18,17.05,17.12,212414
2019-10-25 19:00:00,17.12,17.14,17.06,17.12,161375
2019-10-25 19:30:00,17.11,17.14,17.08,17.14,152880
2019-10-25 20:00:00,17.14,17.16,17.1,17.14,151553
2019-10-25 20:30:00,17.14,17.16,17.09,17.09,299475
2019-10-25 21:00:00,17.09,17.12,17.06,17.1,224269
2019-10-25 21:30:00,17.1,17.12,17.08,17.08,255488
2019-10-25 22:00:00,17.08,17.12,17.06,17.11,225136
2019-10-25 22:30:00,17.11,17.11,17.04,17.05,762715
2019-10-28 16:30:00,17.1,17.26,17.1,17.25,306061
2019-10-28 17:00:00,17.24,17.27,17.18,17.26,140827
2019-10-28 17:30:00,17.25,17.29,17.19,17.2,387125
2019-10-28 18:00:00,17.2,17.22,17.13,17.2,142614
2019-10-28 18:30:00,17.2,17.27,17.16,17.27,127711
2019-10-28 19:00:00,17.27,17.33,17.23,17.32,282478
2019-10-28 19:30:00,17.31,17.34,17.3,17.32,299062
2019-10-28 20:00:00,17.32,17.36,17.31,17.33,202238
2019-10-28 20:30:00,17.34,17.37,17.32,17.34,295034
2019-10-28 21:00:00,17.34,17.4,17.32,17.4,201022
2019-10-28 21:30:00,17.4,17.4,17.33,17.34,473369
2019-10-28 22:00:00,17.34,17.37,17.33,17.36,202548
2019-10-28 22:30:00,17.36,17.41,17.33,17.33,720878
2019-10-29 16:30:00,17.26,17.33,17.2,17.2,472371
2019-10-29 17:00:00,17.21,17.28,17.13,17.18,335329
2019-10-29 17:30:00,17.19,17.25,17.13,17.13,194730
2019-10-29 18:00:00,17.14,17.17,17.1,17.15,184129
2019-10-29 18:30:00,17.14,17.15,17.07,17.07,189422
2019-10-29 19:00:00,17.07,17.1,16.99,17.02,354251
2019-10-29 19:30:00,17.03,17.05,17.0,17.02,289465
2019-10-29 20:00:00,17.03,17.11,17.02,17.09,196292
2019-10-29 20:30:00,17.08,17.18,17.07,17.16,148472
2019-10-29 21:00:00,17.16,17.17,17.12,17.13,153039
2019-10-29 21:30:00,17.14,17.15,17.06,17.09,308808
2019-10-29 22:00:00,17.1,17.13,17.08,17.09,188344
2019-10-29 22:30:00,17.09,17.11,17.04,17.05,533605
2019-10-30 16:30:00,17.02,17.17,16.93,17.04,262207
2019-10-30 17:00:00,17.04,17.05,16.86,16.88,270351
2019-10-30 17:30:00,16.88,16.94,16.86,16.92,121082
2019-10-30 18:00:00,16.92,16.93,16.85,16.87,163267
2019-10-30 18:30:00,16.87,16.88,16.82,16.85,127746
2019-10-30 19:00:00,16.85,16.86,16.8,16.82,200692
2019-10-30 19:30:00,16.83,16.9,16.82,16.89,151220
2019-10-30 20:00:00,16.89,16.93,16.87,16.87,215076
2019-10-30 20:30:00,16.87,16.89,16.83,16.85,144011
2019-10-30 21:00:00,16.86,16.92,16.82,16.87,178834
2019-10-30 21:30:00,16.88,16.93,16.85,16.93,238432
2019-10-30 22:00:00,16.92,16.94,16.87,16.91,238007
2019-10-30 22:30:00,16.91,16.92,16.85,16.88,694587
2019-10-31 16:30:00,16.78,16.8,16.59,16.67,225537
2019-10-31 17:00:00,16.68,16.68,16.57,16.62,229775
2019-10-31 17:30:00,16.62,16.75,16.55,16.75,160264
2019-10-31 18:00:00,16.74,16.74,16.7,16.72,129369
2019-10-31 18:30:00,16.71,16.77,16.68,16.73,114884
2019-10-31 19:00:00,16.73,16.73,16.66,16.7,127537
2019-10-31 19:30:00,16.7,16.71,16.65,16.68,112353
2019-10-31 20:00:00,16.68,16.74,16.67,16.73,134210
2019-10-31 20:30:00,16.73,16.75,16.67,16.68,101597
2019-10-31 21:00:00,16.68,16.73,16.67,16.72,118421
2019-10-31 21:30:00,16.72,16.78,16.71,16.78,292531
2019-10-31 22:00:00,16.78,16.8,16.75,16.78,229828
2019-10-31 22:30:00,16.78,16.85,16.77,16.83,768902
2019-11-01 16:30:00,17.0,17.15,16.93,17.13,335772
2019-11-01 17:00:00,17.13,17.22,17.11,17.22,353048
2019-11-01 17:30:00,17.22,17.26,17.14,17.14,300787
2019-11-01 18:00:00,17.15,17.19,17.12,17.17,194215
2019-11-01 18:30:00,17.17,17.25,17.16,17.22,200990
2019-11-01 19:00:00,17.21,17.23,17.17,17.2,121533
2019-11-01 19:30:00,17.2,17.24,17.19,17.21,114460
2019-11-01 20:00:00,17.2,17.26,17.19,17.24,98886
2019-11-01 20:30:00,17.25,17.26,17.21,17.23,79292
2019-11-01 21:00:00,17.23,17.24,17.2,17.23,94234
2019-11-01 21:30:00,17.22,17.24,17.18,17.19,140729
2019-11-01 22:00:00,17.19,17.22,17.18,17.21,192219
2019-11-01 22:30:00,17.21,17.24,17.17,17.21,685322
2019-11-04 16:30:00,17.44,17.58,17.39,17.53,365284
2019-11-04 17:00:00,17.53,17.55,17.46,17.49,207503
2019-11-04 17:30:00,17.49,17.58,17.46,17.56,303937
2019-11-04 18:00:00,17.57,17.66,17.57,17.63,161460
2019-11-04 18:30:00,17.63,17.64,17.59,17.6,126577
2019-11-04 19:00:00,17.61,17.62,17.58,17.59,109823
2019-11-04 19:30:00,17.58,17.66,17.57,17.64,173790
2019-11-04 20:00:00,17.64,17.67,17.62,17.65,200137
2019-11-04 20:30:00,17.65,17.71,17.64,17.7,177130
2019-11-04 21:00:00,17.71,17.8,17.7,17.77,347682
2019-11-04 21:30:00,17.77,17.79,17.74,17.77,160456
2019-11-04 22:00:00,17.76,17.79,17.73,17.78,223612
2019-11-04 22:30:00,17.78,17.83,17.74,17.78,577379
2019-11-05 16:30:00,17.81,18.14,17.81,18.11,519108
2019-11-05 17:00:00,18.13,18.23,18.11,18.15,369903
2019-11-05 17:30:00,18.16,18.22,18.13,18.18,177688
2019-11-05 18:00:00,18.18,18.27,18.1,18.13,296897
2019-11-05 18:30:00,18.12,18.13,18.05,18.08,238122
2019-11-05 19:00:00,18.07,18.1,18.03,18.05,214378
2019-11-05 19:30:00,18.06,18.12,18.05,18.1,129846
2019-11-05 20:00:00,18.1,18.12,18.07,18.1,164109
2019-11-05 20:30:00,18.09,18.16,18.08,18.15,192278
2019-11-05 21:00:00,18.15,18.16,18.11,18.12,155934
2019-11-05 21:30:00,18.13,18.16,18.09,18.14,252696
2019-11-05 22:00:00,18.13,18.15,18.08,18.13,262763
2019-11-05 22:30:00,18.13,18.17,18.09,18.12,1019071
2019-11-06 16:30:00,18.32,18.32,17.8,18.25,1023558
2019-11-06 17:00:00,18.24,18.32,18.18,18.24,308525
2019-11-06 17:30:00,18.24,18.26,18.2,18.2,401070
2019-11-06 18:00:00,18.21,18.23,18.16,18.21,333786
2019-11-06 18:30:00,18.19,18.23,17.97,18.05,492288
2019-11-06 19:00:00,18.05,18.13,18.05,18.06,239389
2019-11-06 19:30:00,18.06,18.09,17.99,18.04,273663
2019-11-06 20:00:00,18.05,18.07,17.99,18.06,95142
2019-11-06 20:30:00,18.06,18.09,18.03,18.07,162330
2019-11-06 21:00:00,18.07,18.1,18.05,18.1,198151
2019-11-06 21:30:00,18.09,18.14,18.07,18.11,168079
2019-11-06 22:00:00,18.11,18.13,18.08,18.11,263904
2019-11-06 22:30:00,18.1,18.13,18.04,18.05,867772
2019-11-07 16:30:00,18.29,18.4,18.22,18.34,528715
2019-11-07 17:00:00,18.34,18.36,18.16,18.3,459444
2019-11-07 17:30:00,18.3,18.36,18.27,18.35,231749
2019-11-07 18:00:00,18.35,18.35,18.23,18.28,516635
2019-11-07 18:30:00,18.28,18.31,18.22,18.29,266768
2019-11-07 19:00:00,18.29,18.3,18.24,18.28,160972
2019-11-07 19:30:00,18.28,18.3,18.26,18.28,133990
2019-11-07 20:00:00,18.29,18.3,18.25,18.27,152518
2019-11-07 20:30:00,18.26,18.27,18.23,18.25,154935
2019-11-07 21:00:00,18.25,18.3,18.24,18.25,135196
2019-11-07 21:30:00,18.25,18.27,18.13,18.14,333261
2019-11-07 22:00:00,18.13,18.15,18.07,18.1,261262
2019-11-07 22:30:00,18.1,18.19,18.08,18.19,601780
2019-11-08 16:30:00,17.86,17.91,17.62,17.67,411183
2019-11-08 17:00:00,17.68,17.76,17.61,17.74,267444
2019-11-08 17:30:00,17.73,17.78,17.69,17.72,191085
2019-11-08 18:00:00,17.72,17.77,17.7,17.75,167645
2019-11-08 18:30:00,17.75,17.86,17.75,17.85,317592
2019-11-08 19:00:00,17.85,17.87,17.81,17.83,148019
2019-11-08 19:30:00,17.82,17.83,17.79,17.83,171453
2019-11-08 20:00:00,17.83,17.85,17.81,17.81,145246
2019-11-08 20:30:00,17.81,17.84,17.79,17.8,164523
2019-11-08 21:00:00,17.79,17.81,17.76,17.77,126989
2019-11-08 21:30:00,17.77,17.83,17.76,17.82,140829
2019-11-08 22:00:00,17.82,17.85,17.81,17.83,127937
2019-11-08 22:30:00,17.83,17.85,17.79,17.83,633612
2019-11-11 16:30:00,17.64,17.79,17.6,17.73,285698
2019-11-11 17:00:00,17.73,17.74,17.63,17.7,165922
2019-11-11 17:30:00,17.7,17.72,17.66,17.7,87881
2019-11-11 18:00:00,17.7,17.71,17.59,17.66,195279
2019-11-11 18:30:00,17.66,17.72,17.64,17.7,154286
2019-11-11 19:00:00,17.71,17.75,17.68,17.75,160407
2019-11-11 19:30:00,17.75,17.75,17.7,17.7,125554
2019-11-11 20:00:00,17.71,17.74,17.68,17.71,118767
2019-11-11 20:30:00,17.71,17.73,17.68,17.7,151620
2019-11-11 21:00:00,17.71,17.74,17.69,17.71,105709
2019-11-11 21:30:00,17.72,17.73,17.67,17.69,139538
2019-11-11 22:00:00,17.69,17.71,17.68,17.7,142143
2019-11-11 22:30:00,17.7,17.71,17.63,17.65,472992
2019-11-12 16:30:00,17.64,17.66,17.44,17.45,662665
2019-11-12 17:00:00,17.46,17.59,17.45,17.56,289020
2019-11-12 17:30:00,17.56,17.73,17.55,17.68,181604
2019-11-12 18:00:00,17.68,17.74,17.64,17.67,209150
2019-11-12 18:30:00,17.67,17.71,17.61,17.63,308472
2019-11-12 19:00:00,17.64,17.66,17.58,17.62,125227
2019-11-12 19:30:00,17.61,17.66,17.6,17.65,125427
2019-11-12 20:00:00,17.65,17.68,17.61,17.61,140783
2019-11-12 20:30:00,17.62,17.66,17.61,17.64,121545
2019-11-12 21:00:00,17.63,17.63,17.56,17.56,193187
2019-11-12 21:30:00,17.57,17.59,17.52,17.54,120751
2019-11-12 22:00:00,17.54,17.6,17.53,17.59,245674
2019-11-12 22:30:00,17.6,17.62,17.57,17.6,479281
2019-11-13 16:30:00,17.38,17.48,17.19,17.32,263354
2019-11-13 17:00:00,17.31,17.34,17.29,17.32,139156
2019-11-13 17:30:00,17.33,17.38,17.31,17.32,198925
2019-11-13 18:00:00,17.33,17.45,17.32,17.45,94356
2019-11-13 18:30:00,17.44,17.45,17.37,17.38,80958
2019-11-13 19:00:00,17.38,17.39,17.34,17.34,99142
2019-11-13 19:30:00,17.34,17.45,17.34,17.44,293830
2019-11-13 20:00:00,17.44,17.48,17.43,17.47,118325
2019-11-13 20:30:00,17.47,17.48,17.37,17.38,304645
2019-11-13 21:00:00,17.38,17.46,17.37,17.42,374163
2019-11-13 21:30:00,17.42,17.45,17.42,17.44,235025
2019-11-13 22:00:00,17.44,17.47,17.4,17.41,259121
2019-11-13 22:30:00,17.41,17.44,17.37,17.41,680224
2019-11-14 16:30:00,17.35,17.51,17.31,17.46,235676
2019-11-14 17:00:00,17.47,17.49,17.39,17.48,332726
2019-11-14 17:30:00,17.48,17.48,17.41,17.45,135337
2019-11-14 18:00:00,17.44,17.45,17.37,17.37,148233
2019-11-14 18:30:00,17.38,17.39,17.27,17.31,132191
2019-11-14 19:00:00,17.3,17.32,17.24,17.3,228951
2019-11-14 19:30:00,17.3,17.33,17.28,17.31,97291
2019-11-14 20:00:00,17.3,17.36,17.3,17.32,182837
2019-11-14 20:30:00,17.33,17.38,17.3,17.34,165722
2019-11-14 21:00:00,17.34,17.37,17.3,17.31,134174
2019-11-14 21:30:00,17.31,17.31,17.25,17.27,182142
2019-11-14 22:00:00,17.27,17.28,17.23,17.28,154315
2019-11-14 22:30:00,17.28,17.28,17.25,17.28,413753
2019-11-15 16:30:00,17.38,17.46,17.28,17.29,270382
2019-11-15 17:00:00,17.29,17.34,17.23,17.32,330018
2019-11-15 17:30:00,17.33,17.38,17.31,17.38,111601
2019-11-15 18:00:00,17.38,17.47,17.38,17.47,125997
2019-11-15 18:30:00,17.47,17.51,17.44,17.45,199184
2019-11-15 19:00:00,17.45,17.49,17.41,17.42,75549
2019-11-15 19:30:00,17.42,17.44,17.4,17.4,65592
2019-11-15 20:00:00,17.41,17.44,17.41,17.43,82587
2019-11-15 20:30:00,17.43,17.48,17.42,17.46,99239
2019-11-15 21:00:00,17.46,17.51,17.46,17.48,122119
2019-11-15 21:30:00,17.48,17.5,17.47,17.49,126089
2019-11-15 22:00:00,17.49,17.49,17.4,17.42,149464
2019-11-15 22:30:00,17.41,17.46,17.36,17.45,588199
2019-11-18 16:30:00,17.3,17.37,17.18,17.25,434101
2019-11-18 17:00:00,17.25,17.3,17.16,17.18,162071
2019-11-18 17:30:00,17.17,17.29,17.16,17.24,178194
2019-11-18 18:00:00,17.23,17.36,17.23,17.35,215256
2019-11-18 18:30:00,17.35,17.42,17.34,17.42,116332
2019-11-18 19:00:00,17.41,17.41,17.36,17.37,86808
2019-11-18 19:30:00,17.37,17.39,17.35,17.36,76890
2019-11-18 20:00:00,17.36,17.37,17.34,17.35,72606
2019-11-18 20:30:00,17.34,17.35,17.31,17.33,87883
2019-11-18 21:00:00,17.33,17.35,17.3,17.34,82001
2019-11-18 21:30:00,17.33,17.35,17.3,17.32,138469
2019-11-18 22:00:00,17.32,17.37,17.3,17.36,175612
2019-11-18 22:30:00,17.36,17.38,17.32,17.36,466217
2019-11-19 16:30:00,17.46,17.57,17.37,17.52,237430
2019-11-19 17:00:00,17.51,17.54,17.44,17.45,212991
2019-11-19 17:30:00,17.46,17.46,17.32,17.33,306781
2019-11-19 18:00:00,17.33,17.41,17.3,17.41,273317
2019-11-19 18:30:00,17.41,17.47,17.37,17.45,208967
2019-11-19 19:00:00,17.44,17.48,17.42,17.48,135103
2019-11-19 19:30:00,17.48,17.52,17.47,17.5,105431
2019-11-19 20:00:00,17.51,17.54,17.49,17.52,81826
2019-11-19 20:30:00,17.52,17.58,17.5,17.51,167180
2019-11-19 21:00:00,17.51,17.54,17.49,17.5,81787
2019-11-19 21:30:00,17.5,17.53,17.47,17.51,140647
2019-11-19 22:00:00,17.5,17.54,17.48,17.51,198527
2019-11-19 22:30:00,17.51,17.55,17.5,17.51,565194
2019-11-20 16:30:00,17.32,17.38,17.04,17.05,303792
2019-11-20 17:00:00,17.05,17.15,17.04,17.09,318421
2019-11-20 17:30:00,17.1,17.31,17.1,17.23,242377
2019-11-20 18:00:00,17.24,17.37,17.24,17.36,151690
2019-11-20 18:30:00,17.35,17.38,17.33,17.35,107831
2019-11-20 19:00:00,17.36,17.38,17.34,17.37,132992
2019-11-20 19:30:00,17.36,17.39,17.19,17.24,153644
2019-11-20 20:00:00,17.24,17.24,17.1,17.15,208952
2019-11-20 20:30:00,17.14,17.21,17.11,17.18,99425
2019-11-20 21:00:00,17.18,17.23,17.15,17.2,142857
2019-11-20 21:30:00,17.2,17.24,17.2,17.21,110553
2019-11-20 22:00:00,17.21,17.24,17.19,17.2,127054
2019-11-20 22:30:00,17.2,17.25,17.18,17.19,509521
2019-11-21 16:30:00,17.29,17.29,17.13,17.22,233919
2019-11-21 17:00:00,17.22,17.23,17.1,17.13,159235
2019-11-21 17:30:00,17.13,17.19,17.12,17.18,128259
2019-11-21 18:00:00,17.18,17.21,17.11,17.13,109217
2019-11-21 18:30:00,17.12,17.15,17.09,17.12,106768
2019-11-21 19:00:00,17.12,17.24,17.11,17.19,155655
2019-11-21 19:30:00,17.19,17.27,17.19,17.25,162552
2019-11-21 20:00:00,17.26,17.27,17.23,17.23,93892
2019-11-21 20:30:00,17.24,17.26,17.2,17.2,83457
2019-11-21 21:00:00,17.21,17.22,17.17,17.19,121325
2019-11-21 21:30:00,17.19,17.19,17.15,17.15,122926
2019-11-21 22:00:00,17.15,17.2,17.15,17.17,189094
2019-11-21 22:30:00,17.17,17.19,17.05,17.09,774862
2019-11-22 16:30:00,17.13,17.34,17.09,17.33,274359
2019-11-22 17:00:00,17.32,17.35,17.27,17.29,173751
2019-11-22 17:30:00,17.29,17.35,17.24,17.26,212032
2019-11-22 18:00:00,17.25,17.28,17.22,17.26,155043
2019-11-22 18:30:00,17.27,17.29,17.24,17.25,151833
2019-11-22 19:00:00,17.26,17.3,17.26,17.27,126575
2019-11-22 19:30:00,17.26,17.32,17.26,17.31,113106
2019-11-22 20:00:00,17.32,17.34,17.3,17.3,90265
2019-11-22 20:30:00,17.31,17.33,17.28,17.32,204889
2019-11-22 21:00:00,17.32,17.35,17.3,17.31,118369
2019-11-22 21:30:00,17.31,17.34,17.3,17.32,118709
2019-11-22 22:00:00,17.32,17.33,17.26,17.27,152802
2019-11-22 22:30:00,17.27,17.33,17.26,17.33,705061
2019-11-25 16:30:00,17.33,17.44,17.23,17.42,352620
2019-11-25 17:00:00,17.42,17.64,17.41,17.63,277433
2019-11-25 17:30:00,17.63,17.67,17.6,17.64,228477
2019-11-25 18:00:00,17.65,17.72,17.62,17.68,199763
2019-11-25 18:30:00,17.68,17.71,17.65,17.67,150888
2019-11-25 19:00:00,17.67,17.69,17.61,17.64,95099
2019-11-25 19:30:00,17.64,17.71,17.64,17.71,86742
2019-11-25 20:00:00,17.7,17.72,17.68,17.7,102006
2019-11-25 20:30:00,17.69,17.74,17.68,17.71,89240
2019-11-25 21:00:00,17.71,17.71,17.64,17.67,145486
2019-11-25 21:30:00,17.68,17.74,17.66,17.71,227783
2019-11-25 22:00:00,17.72,17.75,17.7,17.73,135544
2019-11-25 22:30:00,17.74,17.77,17.71,17.77,512578
2019-11-26 16:30:00,17.66,17.73,17.48,17.59,255872
2019-11-26 17:00:00,17.59,17.62,17.41,17.47,227248
2019-11-26 17:30:00,17.47,17.53,17.43,17.53,197971
2019-11-26 18:00:00,17.53,17.56,17.47,17.56,228687
2019-11-26 18:30:00,17.56,17.56,17.45,17.46,177591
2019-11-26 19:00:00,17.46,17.52,17.45,17.52,146818
2019-11-26 19:30:00,17.52,17.54,17.5,17.5,122581
2019-11-26 20:00:00,17.5,17.53,17.46,17.47,231263
2019-11-26 20:30:00,17.48,17.5,17.42,17.43,155644
2019-11-26 21:00:00,17.43,17.5,17.42,17.48,202694
2019-11-26 21:30:00,17.48,17.5,17.46,17.49,184070
2019-11-26 22:00:00,17.49,17.52,17.47,17.48,209073
2019-11-26 22:30:00,17.49,17.58,17.47,17.56,589208
2019-11-27 16:30:00,17.65,17.78,17.57,17.77,376687
2019-11-27 17:00:00,17.78,17.78,17.68,17.71,118174
2019-11-27 17:30:00,17.71,17.72,17.55,17.64,325390
2019-11-27 18:00:00,17.64,17.66,17.57,17.6,214770
2019-11-27 18:30:00,17.61,17.61,17.54,17.56,116865
2019-11-27 19:00:00,17.56,17.62,17.55,17.59,127341
2019-11-27 19:30:00,17.59,17.63,17.59,17.62,97578
2019-11-27 20:00:00,17.63,17.68,17.62,17.67,105183
2019-11-27 20:30:00,17.67,17.7,17.63,17.63,96126
2019-11-27 21:00:00,17.64,17.65,17.61,17.62,119796
2019-11-27 21:30:00,17.63,17.67,17.63,17.64,113101
2019-11-27 22:00:00,17.65,17.68,17.64,17.66,163526
2019-11-27 22:30:00,17.66,17.71,17.65,17.69,461794
2019-11-29 16:30:00,17.62,17.71,17.59,17.6,156670
2019-11-29 17:00:00,17.59,17.68,17.55,17.66,137340
2019-11-29 17:30:00,17.67,17.69,17.63,17.69,87236
2019-11-29 18:00:00,17.67,17.68,17.58,17.6,119052
2019-11-29 18:30:00,17.6,17.66,17.59,17.66,122797
2019-11-29 19:00:00,17.66,17.7,17.64,17.67,121651
2019-11-29 19:30:00,17.68,17.69,17.54,17.56,383949
2019-11-29 20:00:00,17.56,17.56,17.56,17.56,293314
2019-11-29 21:00:00,17.55,17.55,17.55,17.55,100
2019-11-29 22:00:00,17.73,17.73,17.73,17.73,500
2019-12-02 16:30:00,17.61,17.89,17.5,17.74,801568
2019-12-02 17:00:00,17.74,17.74,17.49,17.53,456274
2019-12-02 17:30:00,17.53,17.58,17.47,17.49,270190
2019-12-02 18:00:00,17.5,17.54,17.46,17.5,153583
2019-12-02 18:30:00,17.49,17.5,17.46,17.48,273281
2019-12-02 19:00:00,17.48,17.49,17.34,17.35,206715
2019-12-02 19:30:00,17.36,17.39,17.26,17.27,213170
2019-12-02 20:00:00,17.28,17.33,17.27,17.3,146502
2019-12-02 20:30:00,17.3,17.31,17.28,17.28,120971
2019-12-02 21:00:00,17.28,17.35,17.26,17.34,171077
2019-12-02 21:30:00,17.34,17.39,17.33,17.37,176406
2019-12-02 22:00:00,17.37,17.4,17.29,17.29,405819
2019-12-02 22:30:00,17.3,17.32,17.25,17.3,739631
2019-12-03 16:30:00,17.0,17.06,16.69,16.84,464489
2019-12-03 17:00:00,16.84,16.86,16.71,16.74,360818
2019-12-03 17:30:00,16.75,16.76,16.68,16.73,333510
2019-12-03 18:00:00,16.72,16.77,16.67,16.71,227741
2019-12-03 18:30:00,16.7,16.77,16.63,16.65,301521
2019-12-03 19:00:00,16.66,16.67,16.6,16.63,442636
2019-12-03 19:30:00,16.64,16.65,16.57,16.6,366015
2019-12-03 20:00:00,16.6,16.7,16.6,16.67,574039
2019-12-03 20:30:00,16.68,16.71,16.64,16.64,346091
2019-12-03 21:00:00,16.64,16.69,16.63,16.68,245612
2019-12-03 21:30:00,16.67,16.71,16.65,16.68,284149
2019-12-03 22:00:00,16.67,16.76,16.66,16.75,267714
2019-12-03 22:30:00,16.75,16.76,16.68,16.68,812139
2019-12-04 16:30:00,16.82,17.01,16.75,16.96,436236
2019-12-04 17:00:00,16.95,17.01,16.91,16.97,220004
2019-12-04 17:30:00,16.98,17.0,16.91,16.93,196601
2019-12-04 18:00:00,16.93,16.95,16.87,16.89,252278
2019-12-04 18:30:00,16.9,16.91,16.85,16.89,201178
2019-12-04 19:00:00,16.89,16.93,16.85,16.88,183071
2019-12-04 19:30:00,16.88,16.94,16.85,16.93,148878
2019-12-04 20:00:00,16.93,16.98,16.91,16.97,215826
2019-12-04 20:30:00,16.97,16.98,16.94,16.97,179098
2019-12-04 21:00:00,16.97,16.99,16.89,16.9,212402
2019-12-04 21:30:00,16.91,16.93,16.89,16.89,204956
2019-12-04 22:00:00,16.89,16.91,16.83,16.83,249262
2019-12-04 22:30:00,16.83,16.84,16.74,16.74,936528
2019-12-05 16:30:00,16.77,16.81,16.69,16.71,263153
2019-12-05 17:00:00,16.72,16.73,16.59,16.72,401251
2019-12-05 17:30:00,16.71,16.71,16.62,16.67,258311
2019-12-05 18:00:00,16.68,16.71,16.65,16.66,232831
2019-12-05 18:30:00,16.66,16.69,16.64,16.66,141148
2019-12-05 19:00:00,16.67,16.68,16.61,16.61,129770
2019-12-05 19:30:00,16.61,16.62,16.58,16.61,129353
2019-12-05 20:00:00,16.61,16.64,16.59,16.6,102966
2019-12-05 20:30:00,16.6,16.64,16.59,16.59,213993
2019-12-05 21:00:00,16.6,16.61,16.57,16.57,163151
2019-12-05 21:30:00,16.57,16.62,16.55,16.55,255533
2019-12-05 22:00:00,16.56,16.62,16.55,16.61,186017
2019-12-05 22:30:00,16.61,16.63,16.57,16.61,724770
2019-12-06 16:30:00,16.86,17.04,16.8,17.0,403584
2019-12-06 17:00:00,17.0,17.02,16.89,16.89,424621
2019-12-06 17:30:00,16.9,16.92,16.8,16.84,400401
2019-12-06 18:00:00,16.84,16.87,16.8,16.82,202171
2019-12-06 18:30:00,16.82,16.85,16.8,16.83,207642
2019-12-06 19:00:00,16.83,16.86,16.81,16.82,165126
2019-12-06 19:30:00,16.82,16.83,16.76,16.76,177438
2019-12-06 20:00:00,16.77,16.78,16.73,16.77,191838
2019-12-06 20:30:00,16.77,16.78,16.73,16.76,366275
2019-12-06 21:00:00,16.76,16.77,16.74,16.75,196600
2019-12-06 21:30:00,16.75,16.76,16.39,16.67,759014
2019-12-06 22:00:00,16.68,16.76,16.67,16.75,367909
2019-12-06 22:30:00,16.76,16.81,16.75,16.79,838884
2019-12-09 16:30:00,16.79,16.83,16.65,16.7,305131
2019-12-09 17:00:00,16.7,16.74,16.66,16.71,227231
2019-12-09 17:30:00,16.7,16.71,16.66,16.66,154329
2019-12-09 18:00:00,16.66,16.74,16.66,16.71,207088
2019-12-09 18:30:00,16.71,16.76,16.69,16.71,239976
2019-12-09 19:00:00,16.71,16.73,16.67,16.67,177339
2019-12-09 19:30:00,16.68,16.71,16.65,16.67,166388
2019-12-09 20:00:00,16.67,16.68,16.61,16.65,181140
2019-12-09 20:30:00,16.64,16.65,16.61,16.63,254130
2019-12-09 21:00:00,16.62,16.65,16.58,16.63,256788
2019-12-09 21:30:00,16.62,16.66,16.6,16.65,210688
2019-12-09 22:00:00,16.65,16.7,16.64,16.69,310380
2019-12-09 22:30:00,16.68,16.72,16.65,16.65,810317
2019-12-10 16:30:00,16.62,16.65,16.55,16.64,384455
2019-12-10 17:00:00,16.64,16.7,16.63,16.67,201481
2019-12-10 17:30:00,16.68,16.71,16.64,16.67,225671
2019-12-10 18:00:00,16.68,16.72,16.64,16.71,274489
2019-12-10 18:30:00,16.71,16.74,16.67,16.68,219204
2019-12-10 19:00:00,16.67,16.7,16.62,16.62,266708
2019-12-10 19:30:00,16.62,16.62,16.57,16.61,226799
2019-12-10 20:00:00,16.61,16.66,16.6,16.64,172809
2019-12-10 20:30:00,16.64,16.69,16.63,16.67,276141
2019-12-10 21:00:00,16.67,16.76,16.66,16.75,317516
2019-12-10 21:30:00,16.76,16.82,16.74,16.81,544984
2019-12-10 22:00:00,16.82,16.86,16.8,16.85,616978
2019-12-10 22:30:00,16.85,16.91,16.81,16.86,1521059
2019-12-11 16:30:00,16.82,16.98,16.67,16.96,734748
2019-12-11 17:00:00,16.95,16.99,16.89,16.93,638126
2019-12-11 17:30:00,16.94,16.94,16.8,16.86,422067
2019-12-11 18:00:00,16.86,16.91,16.84,16.86,314474
2019-12-11 18:30:00,16.86,16.94,16.85,16.89,244987
2019-12-11 19:00:00,16.88,17.02,16.88,16.99,272565
2019-12-11 19:30:00,16.98,17.04,16.96,17.04,295878
2019-12-11 20:00:00,17.04,17.07,16.99,17.05,248624
2019-12-11 20:30:00,17.06,17.11,17.03,17.08,249433
2019-12-11 21:00:00,17.08,17.13,17.05,17.06,322476
2019-12-11 21:30:00,17.06,17.12,17.05,17.08,409941
2019-12-11 22:00:00,17.08,17.09,17.05,17.08,357499
2019-12-11 22:30:00,17.07,17.13,17.06,17.1,1723061
2019-12-12 16:30:00,17.18,17.41,17.06,17.36,518748
2019-12-12 17:00:00,17.37,17.62,17.37,17.6,504548
2019-12-12 17:30:00,17.58,17.59,17.47,17.5,233249
2019-12-12 18:00:00,17.51,17.57,17.47,17.54,461487
2019-12-12 18:30:00,17.53,17.56,17.46,17.51,286667
2019-12-12 19:00:00,17.51,17.55,17.47,17.53,256086
2019-12-12 19:30:00,17.53,17.6,17.52,17.56,195548
2019-12-12 20:00:00,17.56,17.61,17.52,17.6,155472
2019-12-12 20:30:00,17.59,17.61,17.55,17.56,304055
2019-12-12 21:00:00,17.56,17.6,17.54,17.55,203277
2019-12-12 21:30:00,17.56,17.69,17.55,17.67,657058
2019-12-12 22:00:00,17.68,17.76,17.67,17.74,331345
2019-12-12 22:30:00,17.74,17.81,17.7,17.71,1297005
2019-12-13 16:30:00,17.84,17.98,17.75,17.94,1327283
2019-12-13 17:00:00,17.93,18.33,17.91,18.06,1427916
2019-12-13 17:30:00,18.05,18.06,17.84,17.87,856796
2019-12-13 18:00:00,17.87,17.91,17.7,17.75,678565
2019-12-13 18:30:00,17.74,17.83,17.66,17.81,537652
2019-12-13 19:00:00,17.81,17.82,17.71,17.78,419438
2019-12-13 19:30:00,17.79,17.79,17.65,17.68,503235
2019-12-13 20:00:00,17.69,17.72,17.66,17.68,214246
2019-12-13 20:30:00,17.68,17.72,17.66,17.68,224556
2019-12-13 21:00:00,17.69,17.7,17.65,17.66,240596
2019-12-13 21:30:00,17.66,17.67,17.6,17.63,223756
2019-12-13 22:00:00,17.63,17.69,17.6,17.68,582570
2019-12-13 22:30:00,17.68,17.69,17.62,17.63,913865
2019-12-16 16:30:00,17.85,18.06,17.8,17.92,431885
2019-12-16 17:00:00,17.92,18.08,17.92,18.04,576967
2019-12-16 17:30:00,18.05,18.06,17.92,17.93,525302
2019-12-16 18:00:00,17.93,17.93,17.86,17.9,362765
2019-12-16 18:30:00,17.9,17.91,17.84,17.85,182079
2019-12-16 19:00:00,17.84,17.9,17.84,17.87,308618
2019-12-16 19:30:00,17.88,17.89,17.83,17.83,144422
2019-12-16 20:00:00,17.84,17.89,17.79,17.89,608311
2019-12-16 20:30:00,17.88,17.92,17.87,17.92,289306
2019-12-16 21:00:00,17.92,17.96,17.91,17.92,222293
2019-12-16 21:30:00,17.92,17.96,17.88,17.9,287168
2019-12-16 22:00:00,17.89,17.93,17.88,17.9,513470
2019-12-16 22:30:00,17.89,17.91,17.84,17.9,1202240
2019-12-17 16:30:00,17.84,17.91,17.79,17.89,366960
2019-12-17 17:00:00,17.89,17.99,17.87,17.97,281191
2019-12-17 17:30:00,17.97,18.03,17.96,17.98,360905
2019-12-17 18:00:00,17.98,18.04,17.98,18.03,272074
2019-12-17 18:30:00,18.03,18.19,18.02,18.17,309037
2019-12-17 19:00:00,18.18,18.19,18.13,18.18,225843
2019-12-17 19:30:00,18.18,18.21,18.16,18.19,226616
2019-12-17 20:00:00,18.2,18.23,18.11,18.12,551687
2019-12-17 20:30:00,18.12,18.16,18.1,18.16,220428
2019-12-17 21:00:00,18.15,18.19,18.11,18.18,251519
2019-12-17 21:30:00,18.18,18.21,18.17,18.2,262021
2019-12-17 22:00:00,18.19,18.23,18.16,18.23,247052
2019-12-17 22:30:00,18.23,18.26,18.19,18.23,1746304
2019-12-18 16:30:00,18.26,18.26,18.1,18.16,476971
2019-12-18 17:00:00,18.16,18.21,18.15,18.17,415636
2019-12-18 17:30:00,18.18,18.26,18.18,18.25,180908
2019-12-18 18:00:00,18.24,18.38,18.23,18.32,723805
2019-12-18 18:30:00,18.33,18.34,18.28,18.3,280025
2019-12-18 19:00:00,18.3,18.32,18.28,18.31,150052
2019-12-18 19:30:00,18.31,18.34,18.29,18.29,165201
2019-12-18 20:00:00,18.29,18.33,18.27,18.32,195428
2019-12-18 20:30:00,18.32,18.39,18.31,18.34,290973
2019-12-18 21:00:00,18.34,18.36,18.3,18.36,218375
2019-12-18 21:30:00,18.35,18.37,18.32,18.37,229034
2019-12-18 22:00:00,18.37,18.44,18.36,18.44,345306
2019-12-18 22:30:00,18.43,18.44,18.35,18.38,970520
2019-12-19 16:30:00,18.43,18.48,18.32,18.48,381963
2019-12-19 17:00:00,18.48,18.55,18.45,18.54,349188
2019-12-19 17:30:00,18.54,18.56,18.52,18.55,155348
2019-12-19 18:00:00,18.55,18.55,18.5,18.52,332025
2019-12-19 18:30:00,18.52,18.54,18.48,18.49,325619
2019-12-19 19:00:00,18.48,18.53,18.48,18.53,140913
2019-12-19 19:30:00,18.53,18.58,18.53,18.58,184392
2019-12-19 20:00:00,18.57,18.63,18.56,18.61,311808
2019-12-19 20:30:00,18.61,18.61,18.57,18.61,261494
2019-12-19 21:00:00,18.61,18.61,18.58,18.6,163108
2019-12-19 21:30:00,18.6,18.61,18.48,18.49,377468
2019-12-19 22:00:00,18.49,18.49,18.43,18.47,240116
2019-12-19 22:30:00,18.45,18.47,18.4,18.44,667735
2019-12-20 16:30:00,18.43,18.48,18.22,18.24,735754
2019-12-20 17:00:00,18.25,18.27,18.12,18.16,287601
2019-12-20 17:30:00,18.17,18.2,18.07,18.16,403086
2019-12-20 18:00:00,18.16,18.18,18.08,18.13,339490
2019-12-20 18:30:00,18.13,18.15,18.03,18.03,310802
2019-12-20 19:00:00,18.03,18.05,17.89,17.89,280372
2019-12-20 19:30:00,17.89,17.94,17.85,17.85,492977
2019-12-20 20:00:00,17.86,17.88,17.82,17.87,246796
2019-12-20 20:30:00,17.87,17.89,17.85,17.88,197154
2019-12-20 21:00:00,17.88,17.98,17.88,17.97,257265
2019-12-20 21:30:00,17.97,18.01,17.93,17.95,265726
2019-12-20 22:00:00,17.94,17.95,17.89,17.9,342816
2019-12-20 22:30:00,17.91,18.02,17.9,18.0,1720447
2019-12-23 16:30:00,18.07,18.32,18.07,18.31,373456
2019-12-23 17:00:00,18.3,18.35,18.26,18.28,148185
2019-12-23 17:30:00,18.28,18.32,18.18,18.2,163176
2019-12-23 18:00:00,18.2,18.23,18.16,18.2,175814
2019-12-23 18:30:00,18.19,18.21,18.13,18.18,205182
2019-12-23 19:00:00,18.17,18.2,18.13,18.17,180835
2019-12-23 19:30:00,18.16,18.17,18.12,18.15,127345
2019-12-23 20:00:00,18.16,18.21,18.15,18.2,135076
2019-12-23 20:30:00,18.19,18.21,18.17,18.18,109562
2019-12-23 21:00:00,18.17,18.22,18.17,18.19,156594
2019-12-23 21:30:00,18.2,18.24,18.19,18.22,127339
2019-12-23 22:00:00,18.21,18.24,18.17,18.21,200713
2019-12-23 22:30:00,18.21,18.22,18.15,18.17,662827
2019-12-24 16:30:00,18.18,18.22,18.08,18.11,169539
2019-12-24 17:00:00,18.1,18.11,18.02,18.04,84617
2019-12-24 17:30:00,18.04,18.05,17.94,17.95,140477
2019-12-24 18:00:00,17.96,17.96,17.91,17.92,134827
2019-12-24 18:30:00,17.92,17.95,17.84,17.87,189278
2019-12-24 19:00:00,17.86,17.89,17.78,17.78,176003
2019-12-24 19:30:00,17.79,17.84,17.77,17.8,236428
2019-12-24 20:00:00,17.79,17.8,17.79,17.8,141424
2019-12-26 16:30:00,17.84,17.96,17.84,17.91,162459
2019-12-26 17:00:00,17.91,17.96,17.9,17.94,127578
2019-12-26 17:30:00,17.94,18.0,17.93,17.97,116944
2019-12-26 18:00:00,17.98,18.04,17.98,18.0,97615
2019-12-26 18:30:00,18.01,18.02,17.94,17.96,103198
2019-12-26 19:00:00,17.95,17.96,17.88,17.91,105953
2019-12-26 19:30:00,17.9,17.93,17.87,17.88,88735
2019-12-26 20:00:00,17.87,17.9,17.86,17.89,92875
2019-12-26 20:30:00,17.89,17.9,17.86,17.88,69669
2019-12-26 21:00:00,17.88,17.92,17.87,17.9,72376
2019-12-26 21:30:00,17.91,17.93,17.89,17.89,77523
2019-12-26 22:00:00,17.89,17.91,17.88,17.88,75495
2019-12-26 22:30:00,17.88,17.94,17.87,17.92,377813
2019-12-27 16:30:00,17.9,17.94,17.82,17.82,191942
2019-12-27 17:00:00,17.82,17.84,17.79,17.82,229666
2019-12-27 17:30:00,17.82,17.86,17.79,17.86,118682
2019-12-27 18:00:00,17.86,17.89,17.84,17.84,99960
2019-12-27 18:30:00,17.84,17.86,17.82,17.83,115358
2019-12-27 19:00:00,17.83,17.87,17.8,17.84,128357
2019-12-27 19:30:00,17.84,17.86,17.8,17.82,122293
2019-12-27 20:00:00,17.83,17.87,17.81,17.86,87765
2019-12-27 20:30:00,17.86,17.86,17.81,17.83,122968
2019-12-27 21:00:00,17.83,17.85,17.8,17.81,104411
2019-12-27 21:30:00,17.81,17.86,17.8,17.84,129126
2019-12-27 22:00:00,17.85,17.88,17.84,17.85,192242
2019-12-27 22:30:00,17.84,17.85,17.77,17.82,460989
2019-12-30 16:30:00,17.92,17.94,17.79,17.83,245999
2019-12-30 17:00:00,17.83,17.87,17.79,17.86,170696
2019-12-30 17:30:00,17.86,17.88,17.81,17.86,117923
2019-12-30 18:00:00,17.85,17.93,17.84,17.89,193330
2019-12-30 18:30:00,17.88,17.95,17.87,17.91,229895
2019-12-30 19:00:00,17.91,17.97,17.9,17.97,146401
2019-12-30 19:30:00,17.97,18.0,17.94,17.97,101557
2019-12-30 20:00:00,17.96,18.0,17.93,18.0,166360
2019-12-30 20:30:00,18.0,18.05,17.98,18.04,155504
2019-12-30 21:00:00,18.04,18.05,17.98,18.0,171977
2019-12-30 21:30:00,17.99,18.01,17.94,17.95,153921
2019-12-30 22:00:00,17.94,17.99,17.92,17.93,206187
2019-12-30 22:30:00,17.93,17.94,17.87,17.93,553160
2019-12-31 16:30:00,17.93,18.09,17.84,18.07,176238
2019-12-31 17:00:00,18.06,18.08,17.97,17.97,220067
2019-12-31 17:30:00,17.98,18.02,17.93,17.96,124750
2019-12-31 18:00:00,17.95,18.03,17.95,18.01,94154
2019-12-31 18:30:00,18.0,18.08,17.97,18.01,175080
2019-12-31 19:00:00,18.01,18.03,17.96,18.02,142060
2019-12-31 19:30:00,18.02,18.04,17.99,18.0,84384
2019-12-31 20:00:00,17.99,18.02,17.98,18.01,81266
2019-12-31 20:30:00,18.0,18.04,18.0,18.03,55613
2019-12-31 21:00:00,18.02,18.03,18.0,18.0,95394
2019-12-31 21:30:00,18.0,18.01,17.94,17.97,114655
2019-12-31 22:00:00,17.98,18.01,17.95,18.0,157966
2019-12-31 22:30:00,18.0,18.04,17.96,17.97,512130
2020-01-02 16:30:00,17.81,18.07,17.81,18.07,478351
2020-01-02 17:00:00,18.07,18.14,17.98,17.99,424977
2020-01-02 17:30:00,17.99,18.0,17.87,17.89,352522
2020-01-02 18:00:00,17.89,17.91,17.77,17.87,386626
2020-01-02 18:30:00,17.87,17.9,17.84,17.87,136774
2020-01-02 19:00:00,17.87,17.92,17.85,17.87,253982
2020-01-02 19:30:00,17.87,17.88,17.83,17.85,190306
2020-01-02 20:00:00,17.85,17.86,17.8,17.83,137877
2020-01-02 20:30:00,17.83,17.85,17.79,17.83,168754
2020-01-02 21:00:00,17.83,17.87,17.82,17.85,202861
2020-01-02 21:30:00,17.85,17.89,17.84,17.88,203595
2020-01-02 22:00:00,17.88,17.94,17.87,17.91,219332
2020-01-02 22:30:00,17.91,17.96,17.88,17.96,709516
2020-01-03 16:30:00,17.54,17.61,17.47,17.6,768914
2020-01-03 17:00:00,17.58,17.58,17.42,17.48,320000
2020-01-03 17:30:00,17.48,17.56,17.47,17.53,169697
2020-01-03 18:00:00,17.53,17.57,17.51,17.52,164835
2020-01-03 18:30:00,17.52,17.57,17.51,17.56,153598
2020-01-03 19:00:00,17.56,17.61,17.55,17.6,156165
2020-01-03 19:30:00,17.6,17.68,17.57,17.68,464045
2020-01-03 20:00:00,17.68,17.75,17.63,17.65,189558
2020-01-03 20:30:00,17.65,17.66,17.55,17.62,245274
2020-01-03 21:00:00,17.63,17.64,17.58,17.61,208563
2020-01-03 21:30:00,17.6,17.62,17.58,17.61,138941
2020-01-03 22:00:00,17.61,17.66,17.6,17.62,400662
2020-01-03 22:30:00,17.61,17.69,17.6,17.68,1134950
2020-01-06 16:30:00,17.5,17.59,17.44,17.47,419793
2020-01-06 17:00:00,17.48,17.49,17.42,17.49,187072
2020-01-06 17:30:00,17.49,17.58,17.46,17.56,178662
2020-01-06 18:00:00,17.56,17.69,17.56,17.65,169272
2020-01-06 18:30:00,17.65,17.7,17.62,17.66,252631
2020-01-06 19:00:00,17.66,17.72,17.65,17.68,112365
2020-01-06 19:30:00,17.67,17.7,17.63,17.64,96165
2020-01-06 20:00:00,17.64,17.67,17.62,17.64,100712
2020-01-06 20:30:00,17.65,17.68,17.63,17.63,136089
2020-01-06 21:00:00,17.64,17.68,17.63,17.66,116459
2020-01-06 21:30:00,17.65,17.67,17.63,17.66,122844
2020-01-06 22:00:00,17.66,17.71,17.65,17.7,234557
2020-01-06 22:30:00,17.7,17.78,17.7,17.77,796909
2020-01-07 16:30:00,17.8,17.89,17.77,17.82,345597
2020-01-07 17:00:00,17.82,17.92,17.82,17.89,143807
2020-01-07 17:30:00,17.89,17.91,17.84,17.84,269591
2020-01-07 18:00:00,17.84,17.88,17.74,17.75,147671
2020-01-07 18:30:00,17.75,17.77,17.63,17.64,159120
2020-01-07 19:00:00,17.64,17.66,17.61,17.63,88011
2020-01-07 19:30:00,17.63,17.66,17.6,17.65,91564
2020-01-07 20:00:00,17.66,17.73,17.66,17.72,87999
2020-01-07 20:30:00,17.72,17.77,17.72,17.77,54023
2020-01-07 21:00:00,17.76,17.82,17.75,17.81,121576
2020-01-07 21:30:00,17.81,17.84,17.8,17.81,119135
2020-01-07 22:00:00,17.81,17.85,17.78,17.8,188817
2020-01-07 22:30:00,17.8,17.82,17.75,17.75,397270
2020-01-08 16:30:00,17.83,17.95,17.8,17.91,281496
2020-01-08 17:00:00,17.92,17.93,17.8,17.82,208285
2020-01-08 17:30:00,17.83,17.86,17.76,17.85,127325
2020-01-08 18:00:00,17.85,17.94,17.84,17.93,194572
2020-01-08 18:30:00,17.93,18.06,17.86,18.02,214216
2020-01-08 19:00:00,18.03,18.06,17.93,17.97,306996
2020-01-08 19:30:00,17.97,18.0,17.9,17.92,181622
2020-01-08 20:00:00,17.93,17.96,17.91,17.95,110561
2020-01-08 20:30:00,17.96,17.99,17.91,17.92,105480
2020-01-08 21:00:00,17.93,17.94,17.87,17.87,122233
2020-01-08 21:30:00,17.88,17.91,17.86,17.87,163164
2020-01-08 22:00:00,17.88,17.93,17.87,17.91,190653
2020-01-08 22:30:00,17.92,17.93,17.8,17.81,617408
2020-01-09 16:30:00,18.0,18.02,17.84,17.85,239434
2020-01-09 17:00:00,17.85,17.85,17.77,17.81,119401
2020-01-09 17:30:00,17.81,17.89,17.79,17.86,95991
2020-01-09 18:00:00,17.87,17.89,17.81,17.87,121944
2020-01-09 18:30:00,17.88,17.99,17.88,17.97,146045
2020-01-09 19:00:00,17.97,18.0,17.92,17.93,80272
2020-01-09 19:30:00,17.93,18.01,17.91,17.98,156888
2020-01-09 20:00:00,17.97,17.98,17.95,17.97,159185
2020-01-09 20:30:00,17.97,17.98,17.89,17.89,144305
2020-01-09 21:00:00,17.9,17.96,17.89,17.94,165711
2020-01-09 21:30:00,17.94,17.99,17.93,17.96,176288
2020-01-09 22:00:00,17.96,17.99,17.95,17.98,220094
2020-01-09 22:30:00,17.98,18.01,17.97,17.97,655377
2020-01-10 16:30:00,17.99,17.99,17.81,17.9,295279
2020-01-10 17:00:00,17.89,17.96,17.87,17.94,146253
2020-01-10 17:30:00,17.95,18.01,17.86,17.89,485394
2020-01-10 18:00:00,17.9,17.92,17.82,17.83,322091
2020-01-10 18:30:00,17.82,17.85,17.78,17.81,228325
2020-01-10 19:00:00,17.82,17.84,17.79,17.84,138009
2020-01-10 19:30:00,17.83,17.85,17.79,17.81,190216
2020-01-10 20:00:00,17.81,17.82,17.77,17.77,175586
2020-01-10 20:30:00,17.77,17.81,17.75,17.77,232097
2020-01-10 21:00:00,17.77,17.81,17.77,17.8,169057
2020-01-10 21:30:00,17.8,17.81,17.75,17.8,168428
2020-01-10 22:00:00,17.8,17.8,17.68,17.68,228717
2020-01-10 22:30:00,17.68,17.71,17.66,17.71,674486
2020-01-13 16:30:00,17.75,17.78,17.63,17.75,411541
2020-01-13 17:00:00,17.75,17.8,17.71,17.75,408353
2020-01-13 17:30:00,17.75,17.91,17.74,17.9,167738
2020-01-13 18:00:00,17.9,18.03,17.89,17.99,266190
2020-01-13 18:30:00,17.99,18.1,17.97,18.05,236684
2020-01-13 19:00:00,18.05,18.06,17.98,17.98,273915
2020-01-13 19:30:00,17.98,18.01,17.97,17.98,90894
2020-01-13 20:00:00,17.98,17.99,17.91,17.92,235490
2020-01-13 20:30:00,17.91,17.98,17.91,17.96,132026
2020-01-13 21:00:00,17.95,18.03,17.95,18.03,123905
2020-01-13 21:30:00,18.02,18.04,18.0,18.01,211167
2020-01-13 22:00:00,18.01,18.03,17.98,17.98,231318
2020-01-13 22:30:00,17.98,18.07,17.98,18.06,577005
2020-01-14 16:30:00,18.07,18.12,17.98,18.12,368506
2020-01-14 17:00:00,18.11,18.13,18.02,18.05,312817
2020-01-14 17:30:00,18.05,18.07,17.99,18.02,178812
2020-01-14 18:00:00,18.02,18.1,17.98,18.1,163256
2020-01-14 18:30:00,18.1,18.15,18.09,18.1,175844
2020-01-14 19:00:00,18.11,18.15,18.09,18.11,95821
2020-01-14 19:30:00,18.12,18.14,18.1,18.11,94887
2020-01-14 20:00:00,18.11,18.14,18.11,18.12,103538
2020-01-14 20:30:00,18.12,18.14,18.0,18.01,278876
2020-01-14 21:00:00,18.02,18.02,17.96,17.98,146597
2020-01-14 21:30:00,17.98,18.01,17.94,17.96,174214
2020-01-14 22:00:00,17.96,17.98,17.93,17.95,158811
2020-01-14 22:30:00,17.94,17.96,17.89,17.89,569252
2020-01-15 16:30:00,17.79,17.95,17.79,17.95,510323
2020-01-15 17:00:00,17.94,18.01,17.92,17.97,445922
2020-01-15 17:30:00,17.98,18.08,17.97,18.08,422991
2020-01-15 18:00:00,18.08,18.17,18.07,18.15,522807
2020-01-15 18:30:00,18.16,18.25,18.15,18.17,457187
2020-01-15 19:00:00,18.18,18.21,18.13,18.2,313969
2020-01-15 19:30:00,18.19,18.26,18.15,18.15,442134
2020-01-15 20:00:00,18.16,18.16,18.02,18.02,411004
2020-01-15 20:30:00,18.02,18.07,17.98,17.98,237142
2020-01-15 21:00:00,17.99,18.1,17.98,18.07,236728
2020-01-15 21:30:00,18.07,18.08,18.02,18.02,246716
2020-01-15 22:00:00,18.03,18.04,17.96,17.98,322016
2020-01-15 22:30:00,17.98,18.01,17.92,17.97,1198615
2020-01-16 16:30:00,18.11,18.25,18.06,18.17,390231
2020-01-16 17:00:00,18.18,18.26,18.14,18.21,240125
2020-01-16 17:30:00,18.21,18.26,18.18,18.25,170316
2020-01-16 18:00:00,18.25,18.26,18.18,18.22,211602
2020-01-16 18:30:00,18.22,18.26,18.2,18.22,149785
2020-01-16 19:00:00,18.23,18.26,18.2,18.22,108533
2020-01-16 19:30:00,18.22,18.26,18.22,18.23,176480
2020-01-16 20:00:00,18.24,18.26,18.19,18.22,117040
2020-01-16 20:30:00,18.21,18.24,18.18,18.21,97895
2020-01-16 21:00:00,18.2,18.24,18.18,18.2,135734
2020-01-16 21:30:00,18.21,18.23,18.19,18.2,108315
2020-01-16 22:00:00,18.21,18.25,18.2,18.23,136400
2020-01-16 22:30:00,18.24,18.27,18.2,18.26,1603260
2020-01-17 16:30:00,18.33,18.54,18.28,18.44,704625
2020-01-17 17:00:00,18.43,18.47,18.39,18.45,293755
2020-01-17 17:30:00,18.44,18.45,18.36,18.4,488066
2020-01-17 18:00:00,18.4,18.44,18.35,18.37,244287
2020-01-17 18:30:00,18.37,18.41,18.36,18.37,143933
2020-01-17 19:00:00,18.38,18.39,18.3,18.32,161539
2020-01-17 19:30:00,18.32,18.33,18.2,18.22,137450
2020-01-17 20:00:00,18.22,18.29,18.22,18.25,117903
2020-01-17 20:30:00,18.26,18.29,18.25,18.26,125257
2020-01-17 21:00:00,18.26,18.26,18.2,18.2,126474
2020-01-17 21:30:00,18.2,18.26,18.19,18.26,205840
2020-01-17 22:00:00,18.25,18.27,18.21,18.27,297918
2020-01-17 22:30:00,18.26,18.32,18.25,18.31,672784
2020-01-21 16:30:00,18.23,18.25,18.13,18.19,332188
2020-01-21 17:00:00,18.19,18.27,18.15,18.18,295595
2020-01-21 17:30:00,18.19,18.24,18.16,18.21,119834
2020-01-21 18:00:00,18.2,18.24,18.16,18.23,178746
2020-01-21 18:30:00,18.23,18.4,18.23,18.39,209371
2020-01-21 19:00:00,18.39,18.49,18.37,18.44,234351
2020-01-21 19:30:00,18.43,18.48,18.43,18.47,90977
2020-01-21 20:00:00,18.46,18.47,18.37,18.41,144662
2020-01-21 20:30:00,18.41,18.42,18.37,18.38,232753
2020-01-21 21:00:00,18.38,18.42,18.36,18.41,165166
2020-01-21 21:30:00,18.41,18.44,18.38,18.42,303634
2020-01-21 22:00:00,18.42,18.46,18.39,18.42,302117
2020-01-21 22:30:00,18.42,18.42,18.31,18.33,629268
2020-01-22 16:30:00,18.3,18.47,18.25,18.46,281329
2020-01-22 17:00:00,18.46,18.5,18.4,18.47,154609
2020-01-22 17:30:00,18.48,18.51,18.43,18.46,204954
2020-01-22 18:00:00,18.46,18.51,18.41,18.5,203071
2020-01-22 18:30:00,18.49,18.53,18.48,18.51,139280
2020-01-22 19:00:00,18.5,18.52,18.47,18.49,139318
2020-01-22 19:30:00,18.5,18.55,18.49,18.53,161998
2020-01-22 20:00:00,18.53,18.54,18.49,18.5,87305
2020-01-22 20:30:00,18.5,18.55,18.5,18.5,98449
2020-01-22 21:00:00,18.51,18.53,18.47,18.49,98712
2020-01-22 21:30:00,18.49,18.52,18.45,18.48,142934
2020-01-22 22:00:00,18.48,18.51,18.45,18.47,312851
2020-01-22 22:30:00,18.47,18.53,18.46,18.52,403197
2020-01-23 16:30:00,18.33,18.4,18.1,18.21,413569
2020-01-23 17:00:00,18.21,18.3,18.15,18.26,194982
2020-01-23 17:30:00,18.26,18.36,18.26,18.33,131697
2020-01-23 18:00:00,18.33,18.34,18.24,18.24,143750
2020-01-23 18:30:00,18.23,18.29,18.2,18.24,101255
2020-01-23 19:00:00,18.24,18.28,18.22,18.25,80555
2020-01-23 19:30:00,18.26,18.31,18.25,18.31,70555
2020-01-23 20:00:00,18.31,18.37,18.3,18.35,78350
2020-01-23 20:30:00,18.35,18.41,18.34,18.4,78855
2020-01-23 21:00:00,18.39,18.42,18.39,18.4,85139
2020-01-23 21:30:00,18.4,18.46,18.39,18.46,105015
2020-01-23 22:00:00,18.45,18.5,18.42,18.49,154559
2020-01-23 22:30:00,18.49,18.54,18.47,18.47,533890
2020-01-24 16:30:00,18.49,18.49,18.36,18.42,205049
2020-01-24 17:00:00,18.43,18.46,18.35,18.35,283470
2020-01-24 17:30:00,18.36,18.37,18.29,18.34,202041
2020-01-24 18:00:00,18.33,18.37,18.26,18.28,146778
2020-01-24 18:30:00,18.27,18.29,18.19,18.2,150602
2020-01-24 19:00:00,18.19,18.22,18.15,18.21,325553
2020-01-24 19:30:00,18.21,18.29,18.2,18.25,172987
2020-01-24 20:00:00,18.25,18.25,18.14,18.19,186152
2020-01-24 20:30:00,18.18,18.19,18.1,18.11,253875
2020-01-24 21:00:00,18.1,18.11,18.01,18.03,289181
2020-01-24 21:30:00,18.03,18.07,17.99,18.06,208792
2020-01-24 22:00:00,18.07,18.17,18.07,18.15,544445
2020-01-24 22:30:00,18.16,18.22,18.09,18.16,1204902
2020-01-27 16:30:00,17.67,17.8,17.53,17.72,684085
2020-01-27 17:00:00,17.72,17.77,17.62,17.76,400486
2020-01-27 17:30:00,17.75,17.8,17.6,17.63,287439
2020-01-27 18:00:00,17.62,17.66,17.59,17.63,219783
2020-01-27 18:30:00,17.63,17.72,17.57,17.68,285923
2020-01-27 19:00:00,17.69,17.78,17.68,17.73,157628
2020-01-27 19:30:00,17.73,17.78,17.7,17.73,214969
2020-01-27 20:00:00,17.73,17.81,17.72,17.81,259334
2020-01-27 20:30:00,17.8,17.81,17.71,17.73,135967
2020-01-27 21:00:00,17.73,17.82,17.72,17.8,194173
2020-01-27 21:30:00,17.8,17.81,17.75,17.78,309394
2020-01-27 22:00:00,17.78,17.83,17.75,17.81,396245
2020-01-27 22:30:00,17.81,17.81,17.72,17.73,459597
2020-01-28 16:30:00,17.9,18.11,17.84,18.05,593822
2020-01-28 17:00:00,18.06,18.14,18.01,18.1,325274
2020-01-28 17:30:00,18.09,18.15,18.03,18.08,167913
2020-01-28 18:00:00,18.08,18.09,17.94,17.95,240819
2020-01-28 18:30:00,17.95,18.02,17.94,18.0,263426
2020-01-28 19:00:00,18.01,18.05,17.94,18.04,237181
2020-01-28 19:30:00,18.04,18.05,17.99,18.03,142839
2020-01-28 20:00:00,18.04,18.05,17.99,17.99,197094
2020-01-28 20:30:00,18.0,18.07,17.98,18.07,216652
2020-01-28 21:00:00,18.07,18.13,18.05,18.09,300435
2020-01-28 21:30:00,18.1,18.18,18.09,18.14,432262
2020-01-28 22:00:00,18.13,18.15,18.09,18.15,373231
2020-01-28 22:30:00,18.15,18.17,17.98,17.99,1130858
2020-01-29 16:30:00,17.76,18.09,17.36,17.55,1874343
2020-01-29 17:00:00,17.55,17.76,17.5,17.72,520216
2020-01-29 17:30:00,17.71,17.76,17.58,17.59,267104
2020-01-29 18:00:00,17.59,17.64,17.53,17.58,248429
2020-01-29 18:30:00,17.58,17.75,17.56,17.74,206867
2020-01-29 19:00:00,17.74,17.79,17.62,17.66,288031
2020-01-29 19:30:00,17.66,17.7,17.5,17.51,226147
2020-01-29 20:00:00,17.51,17.65,17.5,17.64,152501
2020-01-29 20:30:00,17.65,17.69,17.54,17.65,158498
2020-01-29 21:00:00,17.65,17.76,17.58,17.71,219316
2020-01-29 21:30:00,17.72,17.76,17.67,17.73,189692
2020-01-29 22:00:00,17.73,17.74,17.63,17.7,334263
2020-01-29 22:30:00,17.7,17.71,17.62,17.63,580538
2020-01-30 16:30:00,17.4,17.7,17.4,17.42,472868
2020-01-30 17:00:00,17.43,17.5,17.36,17.37,458715
2020-01-30 17:30:00,17.37,17.39,17.19,17.2,327364
2020-01-30 18:00:00,17.21,17.37,17.18,17.35,262941
2020-01-30 18:30:00,17.35,17.43,17.29,17.39,223896
2020-01-30 19:00:00,17.39,17.43,17.34,17.34,251836
2020-01-30 19:30:00,17.35,17.37,17.28,17.35,169442
2020-01-30 20:00:00,17.35,17.4,17.33,17.33,181948
2020-01-30 20:30:00,17.33,17.36,17.3,17.34,216387
2020-01-30 21:00:00,17.33,17.45,17.32,17.4,196327
2020-01-30 21:30:00,17.41,17.49,17.35,17.45,334872
2020-01-30 22:00:00,17.45,17.55,17.45,17.54,316166
2020-01-30 22:30:00,17.54,17.64,17.49,17.63,781008
2020-01-31 16:30:00,17.46,17.59,17.4,17.46,239509
2020-01-31 17:00:00,17.46,17.47,17.36,17.43,304982
2020-01-31 17:30:00,17.43,17.46,17.34,17.36,235653
2020-01-31 18:00:00,17.37,17.38,17.27,17.3,179281
2020-01-31 18:30:00,17.31,17.43,17.28,17.41,146712
2020-01-31 19:00:00,17.42,17.46,17.38,17.42,142903
2020-01-31 19:30:00,17.41,17.41,17.25,17.28,208963
2020-01-31 20:00:00,17.29,17.35,17.28,17.33,112276
2020-01-31 20:30:00,17.32,17.39,17.29,17.39,106172
2020-01-31 21:00:00,17.38,17.43,17.35,17.41,169892
2020-01-31 21:30:00,17.39,17.44,17.37,17.39,188355
2020-01-31 22:00:00,17.39,17.41,17.27,17.28,487135
2020-01-31 22:30:00,17.28,17.32,17.22,17.32,1065418
2020-02-03 16:30:00,17.42,17.66,17.39,17.6,296219
2020-02-03 17:00:00,17.61,17.75,17.61,17.66,352341
2020-02-03 17:30:00,17.67,17.69,17.6,17.62,395342
2020-02-03 18:00:00,17.62,17.65,17.54,17.57,153544
2020-02-03 18:30:00,17.57,17.57,17.44,17.49,134645
2020-02-03 19:00:00,17.48,17.56,17.45,17.48,158880
2020-02-03 19:30:00,17.48,17.51,17.45,17.49,306159
2020-02-03 20:00:00,17.5,17.53,17.45,17.45,187440
2020-02-03 20:30:00,17.45,17.49,17.39,17.44,221878
2020-02-03 21:00:00,17.44,17.44,17.36,17.36,208802
2020-02-03 21:30:00,17.37,17.43,17.35,17.39,210165
2020-02-03 22:00:00,17.4,17.45,17.37,17.44,326844
2020-02-03 22:30:00,17.43,17.44,17.28,17.3,820205
2020-02-04 16:30:00,17.6,17.83,17.59,17.82,412503
2020-02-04 17:00:00,17.81,17.9,17.73,17.89,248432
2020-02-04 17:30:00,17.89,17.91,17.85,17.88,220715
2020-02-04 18:00:00,17.88,17.95,17.83,17.91,273981
2020-02-04 18:30:00,17.92,17.94,17.86,17.92,173461
2020-02-04 19:00:00,17.93,17.97,17.9,17.96,186203
2020-02-04 19:30:00,17.96,17.97,17.91,17.93,120109
2020-02-04 20:00:00,17.92,17.95,17.9,17.91,162120
2020-02-04 20:30:00,17.9,17.93,17.87,17.92,122347
2020-02-04 21:00:00,17.92,17.93,17.88,17.89,208648
2020-02-04 21:30:00,17.88,17.91,17.86,17.88,147219
2020-02-04 22:00:00,17.88,17.89,17.82,17.86,281096
2020-02-04 22:30:00,17.86,17.9,17.81,17.83,719378
2020-02-05 16:30:00,18.13,18.31,18.11,18.22,583083
2020-02-05 17:00:00,18.22,18.28,18.12,18.17,206535
2020-02-05 17:30:00,18.16,18.23,18.11,18.21,279797
2020-02-05 18:00:00,18.2,18.23,18.13,18.21,159848
2020-02-05 18:30:00,18.21,18.32,18.19,18.29,185437
2020-02-05 19:00:00,18.3,18.32,18.27,18.28,123031
2020-02-05 19:30:00,18.28,18.3,18.23,18.23,122828
2020-02-05 20:00:00,18.24,18.29,18.2,18.25,101505
2020-02-05 20:30:00,18.25,18.36,18.25,18.34,116445
2020-02-05 21:00:00,18.34,18.39,18.32,18.36,160131
2020-02-05 21:30:00,18.36,18.4,18.34,18.38,121024
2020-02-05 22:00:00,18.38,18.46,18.37,18.46,175246
2020-02-05 22:30:00,18.46,18.46,18.36,18.37,767575
2020-02-06 16:30:00,18.58,18.66,18.25,18.34,345997
2020-02-06 17:00:00,18.34,18.38,18.26,18.33,179888
2020-02-06 17:30:00,18.33,18.35,18.21,18.24,150175
2020-02-06 18:00:00,18.23,18.31,18.22,18.26,120198
2020-02-06 18:30:00,18.27,18.3,18.22,18.23,110534
2020-02-06 19:00:00,18.23,18.27,18.22,18.27,65249
2020-02-06 19:30:00,18.27,18.28,18.22,18.24,57614
2020-02-06 20:00:00,18.24,18.27,18.18,18.18,119514
2020-02-06 20:30:00,18.19,18.21,18.15,18.21,146321
2020-02-06 21:00:00,18.21,18.25,18.18,18.23,94978
2020-02-06 21:30:00,18.24,18.24,18.17,18.17,233369
2020-02-06 22:00:00,18.17,18.19,18.12,18.13,247518
2020-02-06 22:30:00,18.13,18.24,18.12,18.21,540757
2020-02-07 16:30:00,18.01,18.17,17.93,18.07,176487
2020-02-07 17:00:00,18.06,18.2,18.03,18.17,140497
2020-02-07 17:30:00,18.16,18.23,18.15,18.18,131383
2020-02-07 18:00:00,18.18,18.27,18.16,18.24,92299
2020-02-07 18:30:00,18.25,18.28,18.19,18.22,95236
2020-02-07 19:00:00,18.22,18.26,18.2,18.21,91059
2020-02-07 19:30:00,18.22,18.22,18.17,18.18,76089
2020-02-07 20:00:00,18.18,18.19,18.16,18.17,45732
2020-02-07 20:30:00,18.17,18.22,18.14,18.15,114727
2020-02-07 21:00:00,18.15,18.15,18.08,18.12,107486
2020-02-07 21:30:00,18.12,18.14,18.09,18.11,79100
2020-02-07 22:00:00,18.12,18.14,18.1,18.13,86533
2020-02-07 22:30:00,18.14,18.22,18.13,18.21,569907
2020-02-10 16:30:00,18.11,18.27,18.06,18.27,274835
2020-02-10 17:00:00,18.28,18.36,18.27,18.35,235784
2020-02-10 17:30:00,18.35,18.43,18.33,18.41,172472
2020-02-10 18:00:00,18.42,18.46,18.38,18.41,159813
2020-02-10 18:30:00,18.41,18.47,18.35,18.43,302119
2020-02-10 19:00:00,18.43,18.44,18.33,18.37,306523
2020-02-10 19:30:00,18.37,18.44,18.36,18.44,94376
2020-02-10 20:00:00,18.44,18.47,18.43,18.47,140065
2020-02-10 20:30:00,18.47,18.53,18.45,18.51,180251
2020-02-10 21:00:00,18.51,18.52,18.48,18.52,153303
2020-02-10 21:30:00,18.52,18.56,18.51,18.53,128042
2020-02-10 22:00:00,18.54,18.57,18.49,18.5,316667
2020-02-10 22:30:00,18.49,18.6,18.48,18.59,623551
2020-02-11 16:30:00,18.65,18.88,18.65,18.84,389521
2020-02-11 17:00:00,18.84,18.91,18.81,18.84,417662
2020-02-11 17:30:00,18.85,18.92,18.82,18.89,233534
2020-02-11 18:00:00,18.9,18.91,18.78,18.8,349050
2020-02-11 18:30:00,18.8,18.86,18.79,18.82,399565
2020-02-11 19:00:00,18.82,18.9,18.81,18.9,210899
2020-02-11 19:30:00,18.9,18.94,18.88,18.9,159914
2020-02-11 20:00:00,18.9,18.91,18.83,18.87,104458
2020-02-11 20:30:00,18.87,18.94,18.86,18.92,132649
2020-02-11 21:00:00,18.92,18.92,18.85,18.88,149544
2020-02-11 21:30:00,18.88,18.91,18.85,18.85,172294
2020-02-11 22:00:00,18.85,18.88,18.82,18.88,286323
2020-02-11 22:30:00,18.89,18.93,18.87,18.91,937444
2020-02-12 16:30:00,18.84,19.01,18.82,18.99,731892
2020-02-12 17:00:00,18.99,18.99,18.7,18.72,445291
2020-02-12 17:30:00,18.71,18.78,18.7,18.75,240725
2020-02-12 18:00:00,18.74,18.78,18.67,18.76,183857
2020-02-12 18:30:00,18.76,18.78,18.68,18.7,135869
2020-02-12 19:00:00,18.7,18.72,18.63,18.68,161960
2020-02-12 19:30:00,18.68,18.72,18.66,18.67,135415
2020-02-12 20:00:00,18.66,18.71,18.61,18.63,237604
2020-02-12 20:30:00,18.63,18.68,18.62,18.67,113846
2020-02-12 21:00:00,18.65,18.72,18.65,18.68,107578
2020-02-12 21:30:00,18.67,18.72,18.65,18.69,149031
2020-02-12 22:00:00,18.7,18.72,18.67,18.68,298058
2020-02-12 22:30:00,18.68,18.7,18.57,18.59,841599
2020-02-13 16:30:00,18.43,18.5,18.2,18.2,414110
2020-02-13 17:00:00,18.21,18.25,18.11,18.17,314661
2020-02-13 17:30:00,18.16,18.23,18.15,18.21,187608
2020-02-13 18:00:00,18.2,18.24,18.18,18.21,131303
2020-02-13 18:30:00,18.21,18.23,18.13,18.18,102509
2020-02-13 19:00:00,18.16,18.21,18.15,18.19,104032
2020-02-13 19:30:00,18.18,18.25,18.17,18.19,89997
2020-02-13 20:00:00,18.19,18.21,18.15,18.17,83938
2020-02-13 20:30:00,18.17,18.19,18.12,18.14,107934
2020-02-13 21:00:00,18.14,18.15,18.06,18.06,232678
2020-02-13 21:30:00,18.07,18.13,18.07,18.11,178666
2020-02-13 22:00:00,18.12,18.15,18.09,18.13,248586
2020-02-13 22:30:00,18.13,18.14,18.01,18.02,801805
2020-02-14 16:30:00,18.01,18.04,17.84,17.86,371369
2020-02-14 17:00:00,17.86,17.92,17.82,17.87,222545
2020-02-14 17:30:00,17.87,17.91,17.85,17.89,141884
2020-02-14 18:00:00,17.89,17.92,17.85,17.89,151836
2020-02-14 18:30:00,17.9,17.94,17.85,17.85,90672
2020-02-14 19:00:00,17.85,17.87,17.8,17.85,119851
2020-02-14 19:30:00,17.85,17.87,17.83,17.85,79467
2020-02-14 20:00:00,17.84,17.86,17.82,17.83,83237
2020-02-14 20:30:00,17.83,17.84,17.75,17.76,123268
2020-02-14 21:00:00,17.75,17.78,17.72,17.76,109598
2020-02-14 21:30:00,17.76,17.81,17.75,17.79,120045
2020-02-14 22:00:00,17.78,17.8,17.73,17.76,189710
2020-02-14 22:30:00,17.76,17.8,17.74,17.78,483643
2020-02-18 16:30:00,17.85,18.09,17.83,17.9,333338
2020-02-18 17:00:00,17.89,17.93,17.84,17.84,185044
2020-02-18 17:30:00,17.82,17.88,17.77,17.81,151559
2020-02-18 18:00:00,17.8,17.8,17.63,17.65,199533
2020-02-18 18:30:00,17.65,17.66,17.58,17.6,234609
2020-02-18 19:00:00,17.61,17.65,17.59,17.6,334520
2020-02-18 19:30:00,17.6,17.64,17.6,17.62,151980
2020-02-18 20:00:00,17.63,17.68,17.62,17.68,131707
2020-02-18 20:30:00,17.67,17.7,17.64,17.65,97909
2020-02-18 21:00:00,17.65,17.66,17.59,17.64,274257
2020-02-18 21:30:00,17.63,17.66,17.59,17.6,287627
2020-02-18 22:00:00,17.6,17.67,17.59,17.66,258574
2020-02-18 22:30:00,17.65,17.65,17.57,17.59,812639
2020-02-19 16:30:00,17.65,17.83,17.64,17.67,337861
2020-02-19 17:00:00,17.68,17.73,17.67,17.7,124948
2020-02-19 17:30:00,17.7,17.74,17.7,17.7,100848
2020-02-19 18:00:00,17.7,17.71,17.65,17.67,94604
2020-02-19 18:30:00,17.67,17.68,17.62,17.64,99236
2020-02-19 19:00:00,17.64,17.67,17.62,17.62,147932
2020-02-19 19:30:00,17.63,17.66,17.62,17.64,116349
2020-02-19 20:00:00,17.64,17.7,17.62,17.69,99640
2020-02-19 20:30:00,17.69,17.73,17.66,17.72,156748
2020-02-19 21:00:00,17.71,17.77,17.69,17.75,102435
2020-02-19 21:30:00,17.75,17.8,17.74,17.76,151615
2020-02-19 22:00:00,17.76,17.76,17.7,17.71,177525
2020-02-19 22:30:00,17.71,17.75,17.7,17.7,483573
2020-02-20 16:30:00,17.8,18.12,17.76,18.03,537508
2020-02-20 17:00:00,18.03,18.16,18.01,18.13,364275
2020-02-20 17:30:00,18.12,18.21,18.09,18.2,303805
2020-02-20 18:00:00,18.2,18.24,17.99,18.0,454620
2020-02-20 18:30:00,18.0,18.02,17.84,17.98,419267
2020-02-20 19:00:00,17.98,17.99,17.9,17.96,110855
2020-02-20 19:30:00,17.96,18.08,17.94,18.08,145733
2020-02-20 20:00:00,18.06,18.13,18.02,18.11,255755
2020-02-20 20:30:00,18.12,18.13,18.06,18.09,198247
2020-02-20 21:00:00,18.1,18.15,18.09,18.11,170773
2020-02-20 21:30:00,18.11,18.14,18.05,18.06,121473
2020-02-20 22:00:00,18.05,18.08,18.03,18.05,171328
2020-02-20 22:30:00,18.05,18.06,18.0,18.04,563978
2020-02-21 16:30:00,17.89,17.92,17.63,17.69,480056
2020-02-21 17:00:00,17.69,17.72,17.6,17.64,366901
2020-02-21 17:30:00,17.65,17.67,17.51,17.59,326623
2020-02-21 18:00:00,17.6,17.68,17.57,17.64,327553
2020-02-21 18:30:00,17.65,17.72,17.63,17.64,344922
2020-02-21 19:00:00,17.63,17.66,17.54,17.57,279754
2020-02-21 19:30:00,17.57,17.59,17.53,17.55,180655
2020-02-21 20:00:00,17.54,17.55,17.44,17.45,237519
2020-02-21 20:30:00,17.44,17.45,17.37,17.43,226754
2020-02-21 21:00:00,17.41,17.48,17.39,17.46,217416
2020-02-21 21:30:00,17.47,17.49,17.44,17.46,189902
2020-02-21 22:00:00,17.45,17.49,17.43,17.49,254257
2020-02-21 22:30:00,17.47,17.55,17.44,17.48,1335577
2020-02-24 16:30:00,16.8,16.86,16.65,16.67,786930
2020-02-24 17:00:00,16.67,16.85,16.67,16.74,461446
2020-02-24 17:30:00,16.73,16.87,16.69,16.85,302215
2020-02-24 18:00:00,16.84,16.85,16.76,16.8,190749
2020-02-24 18:30:00,16.8,16.82,16.69,16.71,300859
2020-02-24 19:00:00,16.7,16.73,16.65,16.68,226701
2020-02-24 19:30:00,16.68,16.77,16.65,16.71,294569
2020-02-24 20:00:00,16.7,16.75,16.66,16.75,187825
2020-02-24 20:30:00,16.74,16.76,16.72,16.72,162165
2020-02-24 21:00:00,16.72,16.79,16.67,16.77,315634
2020-02-24 21:30:00,16.77,16.93,16.76,16.9,674687
2020-02-24 22:00:00,16.9,16.94,16.84,16.86,255847
2020-02-24 22:30:00,16.86,16.88,16.78,16.79,793113
2020-02-25 16:30:00,16.84,16.84,16.6,16.64,258671
2020-02-25 17:00:00,16.63,16.68,16.4,16.41,346729
2020-02-25 17:30:00,16.41,16.44,16.18,16.25,483672
2020-02-25 18:00:00,16.24,16.3,16.16,16.27,345033
2020-02-25 18:30:00,16.27,16.34,16.19,16.26,295208
2020-02-25 19:00:00,16.25,16.26,16.13,16.14,195473
2020-02-25 19:30:00,16.14,16.25,16.13,16.14,648004
2020-02-25 20:00:00,16.15,16.21,16.05,16.06,200311
2020-02-25 20:30:00,16.06,16.07,15.97,15.97,291923
2020-02-25 21:00:00,15.97,15.99,15.82,15.84,474050
2020-02-25 21:30:00,15.85,15.99,15.8,15.97,617938
2020-02-25 22:00:00,15.97,16.06,15.91,15.93,507797
2020-02-25 22:30:00,15.93,15.98,15.81,15.89,1004298
2020-02-26 16:30:00,15.94,16.03,15.8,15.89,418404
2020-02-26 17:00:00,15.88,15.91,15.78,15.8,496399
2020-02-26 17:30:00,15.81,15.97,15.79,15.95,444586
2020-02-26 18:00:00,15.96,16.1,15.91,16.08,470195
2020-02-26 18:30:00,16.08,16.09,15.84,15.86,380872
2020-02-26 19:00:00,15.86,15.88,15.7,15.72,443171
2020-02-26 19:30:00,15.72,15.78,15.68,15.73,206303
2020-02-26 20:00:00,15.73,15.77,15.66,15.75,158927
2020-02-26 20:30:00,15.74,15.75,15.48,15.51,682559
2020-02-26 21:00:00,15.51,15.66,15.48,15.59,216019
2020-02-26 21:30:00,15.6,15.68,15.56,15.56,269122
2020-02-26 22:00:00,15.56,15.68,15.55,15.61,346158
2020-02-26 22:30:00,15.6,15.61,15.47,15.47,993682
2020-02-27 16:30:00,15.06,15.08,14.78,14.89,626351
2020-02-27 17:00:00,14.89,14.92,14.65,14.67,873257
2020-02-27 17:30:00,14.67,14.9,14.55,14.9,326435
2020-02-27 18:00:00,14.89,15.05,14.88,14.98,342843
2020-02-27 18:30:00,14.98,15.19,14.96,15.19,372591
2020-02-27 19:00:00,15.16,15.29,15.13,15.27,340897
2020-02-27 19:30:00,15.26,15.4,15.25,15.3,301825
2020-02-27 20:00:00,15.29,15.31,15.19,15.21,200945
2020-02-27 20:30:00,15.2,15.22,14.99,15.06,521187
2020-02-27 21:00:00,15.05,15.08,14.97,15.04,290473
2020-02-27 21:30:00,15.05,15.05,14.93,14.95,260016
2020-02-27 22:00:00,14.94,14.99,14.87,14.87,271198
2020-02-27 22:30:00,14.88,14.92,14.63,14.63,1016441
2020-02-28 16:30:00,14.08,14.29,13.85,13.9,1384603
2020-02-28 17:00:00,13.9,14.14,13.8,13.94,901930
2020-02-28 17:30:00,13.94,14.21,13.88,14.12,861341
2020-02-28 18:00:00,14.11,14.21,13.98,14.21,725545
2020-02-28 18:30:00,14.21,14.5,14.17,14.24,652895
2020-02-28 19:00:00,14.24,14.29,14.15,14.27,372385
2020-02-28 19:30:00,14.28,14.41,14.23,14.36,419768
2020-02-28 20:00:00,14.36,14.39,14.19,14.24,371350
2020-02-28 20:30:00,14.24,14.24,14.07,14.17,443865
2020-02-28 21:00:00,14.16,14.22,14.08,14.18,378911
2020-02-28 21:30:00,14.18,14.39,14.16,14.26,771273
2020-02-28 22:00:00,14.27,14.36,14.15,14.16,648871
2020-02-28 22:30:00,14.15,14.38,14.08,14.37,1284013
2020-03-02 16:30:00,14.47,14.56,14.13,14.17,1200189
2020-03-02 17:00:00,14.17,14.21,14.02,14.15,823214
2020-03-02 17:30:00,14.15,14.45,14.05,14.33,539406
2020-03-02 18:00:00,14.33,14.47,14.28,14.4,381496
2020-03-02 18:30:00,14.42,14.6,14.39,14.58,547706
2020-03-02 19:00:00,14.58,14.59,14.45,14.48,241547
2020-03-02 19:30:00,14.48,14.56,14.48,14.53,223945
2020-03-02 20:00:00,14.53,14.55,14.34,14.37,242622
2020-03-02 20:30:00,14.39,14.46,14.25,14.33,296427
2020-03-02 21:00:00,14.32,14.37,14.28,14.28,615753
2020-03-02 21:30:00,14.29,14.31,14.12,14.19,445099
2020-03-02 22:00:00,14.19,14.43,14.18,14.4,363177
2020-03-02 22:30:00,14.41,14.8,14.4,14.78,1457178
2020-03-03 16:30:00,14.69,14.7,14.42,14.56,829624
2020-03-03 17:00:00,14.56,15.1,14.54,14.71,1309176
2020-03-03 17:30:00,14.71,14.86,14.68,14.86,399968
2020-03-03 18:00:00,14.85,14.86,14.37,14.39,542741
2020-03-03 18:30:00,14.4,14.7,14.38,14.68,286940
2020-03-03 19:00:00,14.68,14.7,14.52,14.56,401888
2020-03-03 19:30:00,14.55,14.64,14.51,14.55,228997
2020-03-03 20:00:00,14.54,14.54,14.33,14.4,247544
2020-03-03 20:30:00,14.39,14.4,14.2,14.21,479419
2020-03-03 21:00:00,14.22,14.28,14.11,14.27,411312
2020-03-03 21:30:00,14.27,14.39,14.16,14.34,453194
2020-03-03 22:00:00,14.35,14.54,14.31,14.53,421394
2020-03-03 22:30:00,14.52,14.54,14.22,14.28,1374915
2020-03-04 16:30:00,14.53,14.53,14.03,14.06,494975
2020-03-04 17:00:00,14.07,14.22,14.04,14.18,478396
2020-03-04 17:30:00,14.17,14.18,13.93,13.98,371400
2020-03-04 18:00:00,13.99,14.18,13.99,14.17,286446
2020-03-04 18:30:00,14.18,14.22,14.09,14.16,362487
2020-03-04 19:00:00,14.17,14.25,14.13,14.21,214094
2020-03-04 19:30:00,14.2,14.28,14.18,14.27,223400
2020-03-04 20:00:00,14.27,14.39,14.27,14.39,221726
2020-03-04 20:30:00,14.38,14.41,14.33,14.37,281246
2020-03-04 21:00:00,14.37,14.42,14.34,14.4,252546
2020-03-04 21:30:00,14.41,14.44,14.33,14.39,187000
2020-03-04 22:00:00,14.4,14.53,14.37,14.53,289818
2020-03-04 22:30:00,14.52,14.63,14.51,14.61,1139337
2020-03-05 16:30:00,13.98,14.03,13.54,13.57,1073320
2020-03-05 17:00:00,13.56,13.73,13.54,13.6,434273
2020-03-05 17:30:00,13.6,13.62,13.39,13.39,636348
2020-03-05 18:00:00,13.39,13.61,13.37,13.6,629993
2020-03-05 18:30:00,13.6,13.61,13.45,13.49,299964
2020-03-05 19:00:00,13.49,13.51,13.43,13.47,267485
2020-03-05 19:30:00,13.47,13.54,13.37,13.4,315971
2020-03-05 20:00:00,13.4,13.43,13.34,13.4,315403
2020-03-05 20:30:00,13.39,13.48,13.37,13.48,268980
2020-03-05 21:00:00,13.47,13.47,13.35,13.35,253316
2020-03-05 21:30:00,13.36,13.43,13.32,13.38,287389
2020-03-05 22:00:00,13.38,13.39,13.26,13.28,437517
2020-03-05 22:30:00,13.29,13.45,13.27,13.43,1047591
2020-03-06 16:30:00,12.75,13.0,12.64,12.94,1076189
2020-03-06 17:00:00,12.94,13.16,12.94,13.15,598074
2020-03-06 17:30:00,13.15,13.5,13.1,13.42,703050
2020-03-06 18:00:00,13.42,13.43,13.09,13.09,211876
2020-03-06 18:30:00,13.1,13.2,13.08,13.18,245015
2020-03-06 19:00:00,13.18,13.19,13.04,13.04,361435
2020-03-06 19:30:00,13.04,13.23,13.04,13.11,208128
2020-03-06 20:00:00,13.11,13.18,13.06,13.1,256611
2020-03-06 20:30:00,13.09,13.14,13.04,13.07,291290
2020-03-06 21:00:00,13.08,13.11,12.99,13.0,286527
2020-03-06 21:30:00,13.01,13.02,12.89,12.92,423031
2020-03-06 22:00:00,12.92,13.02,12.91,12.93,592943
2020-03-06 22:30:00,12.94,13.15,12.92,13.15,962225
2020-03-09 16:30:00,11.82,12.41,11.75,12.39,295240
2020-03-09 17:00:00,12.41,12.43,11.96,12.05,519725
2020-03-09 17:30:00,12.06,12.15,11.91,11.91,325945
2020-03-09 18:00:00,11.92,11.95,11.85,11.93,312176
2020-03-09 18:30:00,11.92,12.16,11.88,12.11,319832
2020-03-09 19:00:00,12.11,12.13,11.99,11.99,211120
2020-03-09 19:30:00,11.99,12.0,11.9,11.92,447479
2020-03-09 20:00:00,11.92,11.94,11.75,11.75,221021
2020-03-09 20:30:00,11.76,11.77,11.62,11.62,205855
2020-03-09 21:00:00,11.63,11.68,11.48,11.49,317972
2020-03-09 21:30:00,11.48,11.56,11.36,11.55,612331
2020-03-09 22:00:00,11.55,11.81,11.53,11.8,686045
2020-03-09 22:30:00,11.8,11.82,11.58,11.58,1199202
2020-03-10 16:30:00,12.31,12.38,11.77,11.94,680119
2020-03-10 17:00:00,11.94,11.98,11.76,11.77,442110
2020-03-10 17:30:00,11.77,11.77,11.5,11.51,381067
2020-03-10 18:00:00,11.52,11.58,11.48,11.5,433323
2020-03-10 18:30:00,11.5,11.59,11.48,11.49,310590
2020-03-10 19:00:00,11.49,11.65,11.48,11.55,234494
2020-03-10 19:30:00,11.55,11.62,11.48,11.59,225660
2020-03-10 20:00:00,11.59,11.7,11.52,11.64,249130
2020-03-10 20:30:00,11.64,11.75,11.59,11.61,242191
2020-03-10 21:00:00,11.61,11.9,11.6,11.86,353825
2020-03-10 21:30:00,11.86,12.2,11.85,12.09,417042
2020-03-10 22:00:00,12.09,12.31,12.06,12.28,391902
2020-03-10 22:30:00,12.28,12.47,12.17,12.47,1405663
2020-03-11 16:30:00,11.93,12.04,11.41,11.5,1066318
2020-03-11 17:00:00,11.49,11.58,11.31,11.35,619340
2020-03-11 17:30:00,11.34,11.53,11.33,11.42,569579
2020-03-11 18:00:00,11.42,11.46,11.13,11.15,589159
2020-03-11 18:30:00,11.16,11.26,11.11,11.2,403740
2020-03-11 19:00:00,11.2,11.43,11.15,11.32,333409
2020-03-11 19:30:00,11.32,11.34,11.14,11.19,327198
2020-03-11 20:00:00,11.18,11.19,11.02,11.04,595925
2020-03-11 20:30:00,11.04,11.05,10.87,10.88,481132
2020-03-11 21:00:00,10.87,10.88,10.72,10.73,521464
2020-03-11 21:30:00,10.72,10.93,10.66,10.84,1220666
2020-03-11 22:00:00,10.84,10.95,10.79,10.95,652120
2020-03-11 22:30:00,10.93,11.2,10.92,11.17,1493869
2020-03-12 16:30:00,10.16,10.18,9.53,9.82,544648
2020-03-12 17:00:00,9.81,9.84,9.17,9.23,971606
2020-03-12 17:30:00,9.23,9.77,9.22,9.76,494450
2020-03-12 18:00:00,9.75,9.76,9.54,9.55,583029
2020-03-12 18:30:00,9.55,9.55,9.3,9.31,490510
2020-03-12 19:00:00,9.3,9.45,9.3,9.44,555419
2020-03-12 19:30:00,9.44,9.82,9.36,9.73,432885
2020-03-12 20:00:00,9.73,10.1,9.69,9.8,556909
2020-03-12 20:30:00,9.81,9.84,9.54,9.6,463474
2020-03-12 21:00:00,9.6,9.63,9.45,9.45,330849
2020-03-12 21:30:00,9.45,9.54,9.43,9.44,340992
2020-03-12 22:00:00,9.44,9.62,9.43,9.51,522396
2020-03-12 22:30:00,9.51,9.64,9.45,9.45,1524798
2020-03-13 16:30:00,10.23,10.32,9.55,9.55,688744
2020-03-13 17:00:00,9.55,9.87,9.53,9.75,943919
2020-03-13 17:30:00,9.76,9.81,9.6,9.61,630310
2020-03-13 18:00:00,9.61,9.67,9.35,9.37,1007593
2020-03-13 18:30:00,9.37,9.38,9.17,9.25,441096
2020-03-13 19:00:00,9.25,9.25,9.01,9.18,439222
2020-03-13 19:30:00,9.18,9.38,9.17,9.28,464922
2020-03-13 20:00:00,9.29,9.45,9.17,9.45,518536
2020-03-13 20:30:00,9.45,9.66,9.44,9.66,627632
2020-03-13 21:00:00,9.67,9.68,9.49,9.5,578056
2020-03-13 21:30:00,9.5,9.76,9.48,9.76,691426
2020-03-13 22:00:00,9.75,10.12,9.75,10.08,786758
2020-03-13 22:30:00,10.09,10.8,9.98,10.8,2389402
2020-03-16 16:30:00,8.84,8.84,8.25,8.5,528626
2020-03-16 17:00:00,8.5,8.8,8.32,8.7,592977
2020-03-16 17:30:00,8.71,9.28,8.71,9.1,771109
2020-03-16 18:00:00,9.1,9.35,9.07,9.32,856356
2020-03-16 18:30:00,9.32,9.33,8.95,9.01,365772
2020-03-16 19:00:00,9.0,9.09,8.97,8.97,338326
2020-03-16 19:30:00,8.98,9.04,8.97,8.98,374528
2020-03-16 20:00:00,8.97,8.98,8.75,8.85,640289
2020-03-16 20:30:00,8.85,8.85,8.66,8.67,393554
2020-03-16 21:00:00,8.66,8.73,8.57,8.71,653324
2020-03-16 21:30:00,8.71,8.89,8.7,8.72,479011
2020-03-16 22:00:00,8.73,8.77,8.7,8.76,623255
2020-03-16 22:30:00,8.76,8.85,8.75,8.75,1139196
2020-03-17 16:30:00,8.96,9.04,8.2,8.22,781042
2020-03-17 17:00:00,8.22,8.42,8.17,8.4,849812
2020-03-17 17:30:00,8.41,8.5,8.36,8.42,634897
2020-03-17 18:00:00,8.43,8.96,8.4,8.9,549646
2020-03-17 18:30:00,8.89,9.07,8.8,9.0,347949
2020-03-17 19:00:00,9.0,9.57,8.97,9.44,452832
2020-03-17 19:30:00,9.44,9.6,9.26,9.26,518713
2020-03-17 20:00:00,9.26,9.27,8.96,9.02,849930
2020-03-17 20:30:00,9.01,9.38,9.0,9.27,526603
2020-03-17 21:00:00,9.26,9.69,9.18,9.57,490562
2020-03-17 21:30:00,9.57,9.69,9.3,9.57,505400
2020-03-17 22:00:00,9.57,9.71,9.53,9.63,629959
2020-03-17 22:30:00,9.63,10.36,9.62,10.36,1476120
2020-03-18 16:30:00,9.14,9.72,8.95,9.49,664654
2020-03-18 17:00:00,9.5,10.65,9.49,10.58,1011135
2020-03-18 17:30:00,10.57,11.16,10.5,10.55,873183
2020-03-18 18:00:00,10.56,11.01,10.55,10.74,756345
2020-03-18 18:30:00,10.73,10.85,10.66,10.67,1016194
2020-03-18 19:00:00,10.67,10.68,9.92,10.0,1253741
2020-03-18 19:30:00,9.98,10.38,9.9,10.38,479666
2020-03-18 20:00:00,10.1,10.37,10.1,10.21,451660
2020-03-18 20:30:00,10.22,10.22,9.68,9.88,565593
2020-03-18 21:00:00,9.88,9.89,9.45,9.72,547428
2020-03-18 21:30:00,9.72,9.81,9.51,9.56,729599
2020-03-18 22:00:00,9.56,9.9,9.43,9.51,692189
2020-03-18 22:30:00,9.51,9.84,9.5,9.84,1880933
2020-03-19 16:30:00,9.45,10.09,9.11,9.8,427007
2020-03-19 17:00:00,9.8,10.25,9.74,10.24,303818
2020-03-19 17:30:00,10.24,10.31,9.83,9.96,326944
2020-03-19 18:00:00,9.95,10.49,9.95,10.46,266070
2020-03-19 18:30:00,10.45,10.79,10.14,10.31,352094
2020-03-19 19:00:00,10.31,10.31,9.75,9.8,309980
2020-03-19 19:30:00,9.8,10.07,9.66,9.8,367828
2020-03-19 20:00:00,9.81,9.89,9.58,9.69,284315
2020-03-19 20:30:00,9.7,9.98,9.56,9.84,234781
2020-03-19 21:00:00,9.82,9.83,9.62,9.63,230535
2020-03-19 21:30:00,9.64,9.91,9.64,9.76,264452
2020-03-19 22:00:00,9.75,9.95,9.55,9.8,371481
2020-03-19 22:30:00,9.81,10.02,9.77,9.84,700867
2020-03-20 16:30:00,9.96,9.96,9.09,9.45,798462
2020-03-20 17:00:00,9.44,9.58,9.21,9.3,502597
2020-03-20 17:30:00,9.3,9.45,9.2,9.43,563282
2020-03-20 18:00:00,9.43,9.48,8.72,8.87,704242
2020-03-20 18:30:00,8.84,9.08,8.76,8.9,341703
2020-03-20 19:00:00,8.91,8.94,8.64,8.72,450414
2020-03-20 19:30:00,8.72,8.93,8.65,8.78,333515
2020-03-20 20:00:00,8.78,8.96,8.69,8.75,284974
2020-03-20 20:30:00,8.77,8.99,8.77,8.9,320302
2020-03-20 21:00:00,8.93,8.99,8.65,8.68,435846
2020-03-20 21:30:00,8.69,8.78,8.53,8.56,562552
2020-03-20 22:00:00,8.57,8.94,8.55,8.88,700414
2020-03-20 22:30:00,8.88,8.94,8.54,8.54,1578384
2020-03-23 16:30:00,8.25,8.51,8.0,8.08,601929
2020-03-23 17:00:00,8.08,8.27,7.98,8.05,497468
2020-03-23 17:30:00,8.05,8.12,7.81,7.9,414626
2020-03-23 18:00:00,7.92,7.98,7.53,7.55,379716
2020-03-23 18:30:00,7.55,7.65,7.45,7.56,415359
2020-03-23 19:00:00,7.55,7.62,7.38,7.51,480518
2020-03-23 19:30:00,7.52,7.83,7.41,7.79,460040
2020-03-23 20:00:00,7.8,7.84,7.62,7.62,379176
2020-03-23 20:30:00,7.62,7.76,7.52,7.6,462113
2020-03-23 21:00:00,7.61,7.78,7.52,7.75,288633
2020-03-23 21:30:00,7.75,7.89,7.66,7.74,337777
2020-03-23 22:00:00,7.74,7.79,7.6,7.62,362498
2020-03-23 22:30:00,7.62,7.71,7.55,7.6,800328
2020-03-24 16:30:00,8.34,8.49,8.01,8.08,558929
2020-03-24 17:00:00,8.07,8.22,8.02,8.18,362516
2020-03-24 17:30:00,8.18,8.41,8.12,8.13,424100
2020-03-24 18:00:00,8.13,8.37,8.08,8.33,304452
2020-03-24 18:30:00,8.33,8.4,8.22,8.38,259453
2020-03-24 19:00:00,8.37,8.42,8.26,8.41,292819
2020-03-24 19:30:00,8.4,8.42,8.0,8.1,424401
2020-03-24 20:00:00,8.1,8.2,7.89,8.12,408645
2020-03-24 20:30:00,8.13,8.34,8.12,8.2,447682
2020-03-24 21:00:00,8.21,8.36,8.18,8.34,495521
2020-03-24 21:30:00,8.34,8.51,8.31,8.5,744112
2020-03-24 22:00:00,8.5,8.65,8.42,8.5,670783
2020-03-24 22:30:00,8.51,8.59,8.36,8.51,1584286
2020-03-25 16:30:00,8.66,8.97,8.32,8.45,954514
2020-03-25 17:00:00,8.45,8.51,8.28,8.39,561687
2020-03-25 17:30:00,8.4,8.66,8.35,8.64,618578
2020-03-25 18:00:00,8.64,8.8,8.55,8.61,579370
2020-03-25 18:30:00,8.6,8.68,8.55,8.64,533596
2020-03-25 19:00:00,8.65,8.98,8.61,8.96,407441
2020-03-25 19:30:00,8.96,9.31,8.93,9.19,425680
2020-03-25 20:00:00,9.19,9.45,9.18,9.4,495520
2020-03-25 20:30:00,9.39,9.46,9.2,9.25,403187
2020-03-25 21:00:00,9.25,9.28,9.03,9.16,548185
2020-03-25 21:30:00,9.15,9.26,8.98,9.17,441377
2020-03-25 22:00:00,9.16,9.29,9.14,9.17,464251
2020-03-25 22:30:00,9.18,9.34,8.87,8.98,1253441
2020-03-26 16:30:00,9.05,9.38,8.92,9.29,991406
2020-03-26 17:00:00,9.29,9.54,9.16,9.46,693724
2020-03-26 17:30:00,9.46,9.66,9.34,9.54,680953
2020-03-26 18:00:00,9.55,9.95,9.47,9.92,643770
2020-03-26 18:30:00,9.93,10.0,9.8,9.89,512039
2020-03-26 19:00:00,9.89,9.92,9.71,9.78,373475
2020-03-26 19:30:00,9.79,9.84,9.66,9.77,419277
2020-03-26 20:00:00,9.77,9.83,9.3,9.31,750775
2020-03-26 20:30:00,9.31,9.6,9.28,9.52,693653
2020-03-26 21:00:00,9.53,9.58,9.39,9.49,510213
2020-03-26 21:30:00,9.5,9.66,9.49,9.64,746897
2020-03-26 22:00:00,9.65,9.76,9.61,9.75,545770
2020-03-26 22:30:00,9.75,9.89,9.57,9.81,1252891
2020-03-27 16:30:00,9.4,9.52,9.1,9.22,997337
2020-03-27 17:00:00,9.23,9.36,9.18,9.3,724009
2020-03-27 17:30:00,9.3,9.32,9.04,9.08,597254
2020-03-27 18:00:00,9.08,9.15,8.88,8.96,889734
2020-03-27 18:30:00,8.97,9.16,8.93,9.08,458882
2020-03-27 19:00:00,9.08,9.32,9.07,9.29,336184
2020-03-27 19:30:00,9.29,9.46,9.26,9.37,473505
2020-03-27 20:00:00,9.37,9.41,9.3,9.34,382287
2020-03-27 20:30:00,9.35,9.67,9.33,9.58,571382
2020-03-27 21:00:00,9.59,9.63,9.46,9.6,485579
2020-03-27 21:30:00,9.6,9.75,9.57,9.65,479464
2020-03-27 22:00:00,9.65,9.88,9.6,9.83,588748
2020-03-27 22:30:00,9.82,9.85,9.36,9.37,1291634
2020-03-30 16:30:00,9.31,9.44,8.85,9.11,716078
2020-03-30 17:00:00,9.11,9.47,9.04,9.46,509781
2020-03-30 17:30:00,9.47,9.49,9.01,9.08,688300
2020-03-30 18:00:00,9.07,9.37,9.06,9.29,455805
2020-03-30 18:30:00,9.3,9.4,9.21,9.37,220090
2020-03-30 19:00:00,9.38,9.4,9.23,9.4,252193
2020-03-30 19:30:00,9.39,9.42,9.3,9.39,223208
2020-03-30 20:00:00,9.39,9.42,9.29,9.39,196847
2020-03-30 20:30:00,9.39,9.39,9.32,9.34,196193
2020-03-30 21:00:00,9.35,9.4,9.27,9.4,476394
2020-03-30 21:30:00,9.39,9.49,9.35,9.48,505244
2020-03-30 22:00:00,9.48,9.56,9.33,9.35,586505
2020-03-30 22:30:00,9.35,9.66,9.33,9.56,1270198
2020-03-31 16:30:00,9.57,9.64,9.17,9.25,482065
2020-03-31 17:00:00,9.26,9.41,9.26,9.29,277611
2020-03-31 17:30:00,9.29,9.33,9.23,9.27,259255
2020-03-31 18:00:00,9.28,9.29,9.21,9.28,280031
2020-03-31 18:30:00,9.28,9.35,9.11,9.15,297781
2020-03-31 19:00:00,9.14,9.19,8.99,9.06,396151
2020-03-31 19:30:00,9.04,9.14,8.94,9.1,330939
2020-03-31 20:00:00,9.09,9.13,8.96,9.04,407054
2020-03-31 20:30:00,9.04,9.18,9.01,9.17,370279
2020-03-31 21:00:00,9.16,9.17,9.09,9.12,198238
2020-03-31 21:30:00,9.12,9.2,9.05,9.07,347330
2020-03-31 22:00:00,9.08,9.1,8.9,8.98,545842
2020-03-31 22:30:00,8.97,9.16,8.97,9.1,1491660
2020-04-01 16:30:00,8.51,8.57,8.21,8.34,697809
2020-04-01 17:00:00,8.33,8.42,8.25,8.35,396851
2020-04-01 17:30:00,8.35,8.46,8.17,8.24,376344
2020-04-01 18:00:00,8.24,8.25,8.13,8.13,286988
2020-04-01 18:30:00,8.14,8.18,8.11,8.12,245050
2020-04-01 19:00:00,8.11,8.12,7.88,7.89,418156
2020-04-01 19:30:00,7.88,7.99,7.88,7.95,324362
2020-04-01 20:00:00,7.939999999999999,8.01,7.89,7.96,278110
2020-04-01 20:30:00,7.96,8.17,7.93,8.16,579467
2020-04-01 21:00:00,8.16,8.17,8.1,8.12,235311
2020-04-01 21:30:00,8.11,8.14,8.04,8.13,302846
2020-04-01 22:00:00,8.12,8.15,8.03,8.04,286985
2020-04-01 22:30:00,8.04,8.06,7.93,8.01,1428350
2020-04-02 16:30:00,8.02,8.23,7.88,8.22,675512
2020-04-02 17:00:00,8.23,8.37,8.18,8.27,459072
2020-04-02 17:30:00,8.28,8.55,8.27,8.49,595672
2020-04-02 18:00:00,8.49,8.51,8.1,8.2,461515
2020-04-02 18:30:00,8.19,8.41,8.19,8.33,428785
2020-04-02 19:00:00,8.33,8.44,8.3,8.36,241503
2020-04-02 19:30:00,8.36,8.48,8.32,8.42,301192
2020-04-02 20:00:00,8.42,8.44,8.16,8.17,345499
2020-04-02 20:30:00,8.17,8.21,8.09,8.09,537751
2020-04-02 21:00:00,8.1,8.21,7.99,8.17,395027
2020-04-02 21:30:00,8.17,8.17,8.08,8.12,428719
2020-04-02 22:00:00,8.13,8.22,8.1,8.16,544828
2020-04-02 22:30:00,8.16,8.26,8.16,8.21,1360997
2020-04-03 16:30:00,8.22,8.33,8.08,8.25,291600
2020-04-03 17:00:00,8.25,8.38,8.13,8.21,265771
2020-04-03 17:30:00,8.21,8.23,7.98,8.01,334134
2020-04-03 18:00:00,8.02,8.08,7.96,7.98,263313
2020-04-03 18:30:00,7.97,8.0,7.83,7.89,391807
2020-04-03 19:00:00,7.89,7.91,7.71,7.8,668062
2020-04-03 19:30:00,7.8,7.92,7.79,7.88,225597
2020-04-03 20:00:00,7.88,7.95,7.82,7.83,202128
2020-04-03 20:30:00,7.83,7.84,7.72,7.76,357253
2020-04-03 21:00:00,7.75,7.78,7.71,7.76,342299
2020-04-03 21:30:00,7.76,7.84,7.67,7.81,598917
2020-04-03 22:00:00,7.82,7.87,7.74,7.83,569129
2020-04-03 22:30:00,7.82,7.93,7.68,7.82,1657323
2020-04-06 16:30:00,8.46,8.66,8.3,8.66,586309
2020-04-06 17:00:00,8.66,8.73,8.6,8.62,482174
2020-04-06 17:30:00,8.61,8.62,8.45,8.56,357020
2020-04-06 18:00:00,8.56,8.63,8.47,8.61,328544
2020-04-06 18:30:00,8.62,8.82,8.61,8.77,295274
2020-04-06 19:00:00,8.77,8.87,8.72,8.78,277445
2020-04-06 19:30:00,8.77,8.79,8.71,8.72,285349
2020-04-06 20:00:00,8.73,8.98,8.72,8.88,511588
2020-04-06 20:30:00,8.89,8.95,8.83,8.87,400878
2020-04-06 21:00:00,8.88,8.91,8.76,8.83,351857
2020-04-06 21:30:00,8.83,8.91,8.82,8.84,394891
2020-04-06 22:00:00,8.84,8.9,8.73,8.89,491925
2020-04-06 22:30:00,8.89,9.06,8.86,8.96,1050155
2020-04-07 16:30:00,9.74,10.13,9.42,9.84,759048
2020-04-07 17:00:00,9.85,9.91,9.28,9.31,524815
2020-04-07 17:30:00,9.31,9.48,9.04,9.13,491157
2020-04-07 18:00:00,9.13,9.42,9.12,9.4,356308
2020-04-07 18:30:00,9.39,9.5,9.36,9.4,243254
2020-04-07 19:00:00,9.4,9.56,9.4,9.55,259897
2020-04-07 19:30:00,9.55,9.67,9.54,9.64,453484
2020-04-07 20:00:00,9.64,9.66,9.43,9.49,248805
2020-04-07 20:30:00,9.5,9.52,9.33,9.39,305151
2020-04-07 21:00:00,9.39,9.4,9.23,9.31,417229
2020-04-07 21:30:00,9.31,9.37,9.11,9.17,476367
2020-04-07 22:00:00,9.18,9.3,9.07,9.12,357439
2020-04-07 22:30:00,9.13,9.34,9.07,9.15,1012090
2020-04-08 16:30:00,9.28,9.39,9.17,9.24,395660
2020-04-08 17:00:00,9.25,9.38,9.2,9.32,228898
2020-04-08 17:30:00,9.33,9.48,9.31,9.46,235336
2020-04-08 18:00:00,9.47,9.6,9.42,9.56,216946
2020-04-08 18:30:00,9.56,9.63,9.48,9.49,211510
2020-04-08 19:00:00,9.49,9.59,9.45,9.55,228001
2020-04-08 19:30:00,9.54,9.57,9.5,9.51,253614
2020-04-08 20:00:00,9.52,9.54,9.43,9.45,246234
2020-04-08 20:30:00,9.46,9.48,9.36,9.36,145580
2020-04-08 21:00:00,9.37,9.49,9.35,9.47,205444
2020-04-08 21:30:00,9.47,9.53,9.44,9.52,251625
2020-04-08 22:00:00,9.51,9.61,9.39,9.41,341732
2020-04-08 22:30:00,9.42,9.55,9.38,9.46,753296
2020-04-09 16:30:00,9.85,10.36,9.81,10.35,867789
2020-04-09 17:00:00,10.36,10.37,9.85,10.03,640298
2020-04-09 17:30:00,10.03,10.22,9.99,10.08,375915
2020-04-09 18:00:00,10.07,10.12,9.92,10.06,371212
2020-04-09 18:30:00,10.07,10.1,9.99,10.1,195225
2020-04-09 19:00:00,10.09,10.24,10.06,10.2,206771
2020-04-09 19:30:00,10.2,10.24,10.11,10.14,406253
2020-04-09 20:00:00,10.15,10.24,10.12,10.18,287717
2020-04-09 20:30:00,10.18,10.24,9.97,10.02,285829
2020-04-09 21:00:00,10.01,10.03,9.76,9.77,364448
2020-04-09 21:30:00,9.77,9.9,9.58,9.63,479227
2020-04-09 22:00:00,9.64,9.9,9.6,9.87,665412
2020-04-09 22:30:00,9.87,9.95,9.79,9.87,1527436
2020-04-13 16:30:00,9.9,9.93,9.45,9.52,573587
2020-04-13 17:00:00,9.53,9.67,9.46,9.6,346807
2020-04-13 17:30:00,9.6,9.6,9.45,9.47,179677
2020-04-13 18:00:00,9.48,9.52,9.35,9.52,191312
2020-04-13 18:30:00,9.51,9.68,9.51,9.63,405980
2020-04-13 19:00:00,9.64,9.87,9.62,9.82,311882
2020-04-13 19:30:00,9.81,9.81,9.63,9.68,227358
2020-04-13 20:00:00,9.68,9.72,9.63,9.72,173909
2020-04-13 20:30:00,9.71,9.73,9.65,9.69,195569
2020-04-13 21:00:00,9.69,9.74,9.54,9.58,207032
2020-04-13 21:30:00,9.57,9.62,9.48,9.48,268350
2020-04-13 22:00:00,9.48,9.56,9.44,9.48,392577
2020-04-13 22:30:00,9.48,9.67,9.48,9.57,1253898
2020-04-14 16:30:00,9.84,9.98,9.66,9.76,502074
2020-04-14 17:00:00,9.75,9.83,9.71,9.79,270079
2020-04-14 17:30:00,9.79,9.8,9.51,9.53,399557
2020-04-14 18:00:00,9.52,9.63,9.45,9.51,588406
2020-04-14 18:30:00,9.51,9.63,9.51,9.55,401319
2020-04-14 19:00:00,9.55,9.78,9.55,9.71,256201
2020-04-14 19:30:00,9.72,9.73,9.63,9.63,185983
2020-04-14 20:00:00,9.63,9.64,9.57,9.62,162909
2020-04-14 20:30:00,9.62,9.69,9.55,9.68,331220
2020-04-14 21:00:00,9.68,9.79,9.67,9.78,239162
2020-04-14 21:30:00,9.78,9.8,9.67,9.76,340128
2020-04-14 22:00:00,9.75,9.79,9.67,9.76,582449
2020-04-14 22:30:00,9.76,9.82,9.73,9.81,722465
2020-04-15 16:30:00,8.83,9.08,8.8,9.07,640757
2020-04-15 17:00:00,9.06,9.09,8.91,8.92,263296
2020-04-15 17:30:00,8.92,8.94,8.8,8.91,428005
2020-04-15 18:00:00,8.91,8.92,8.83,8.88,349244
2020-04-15 18:30:00,8.89,8.99,8.87,8.87,202022
2020-04-15 19:00:00,8.87,9.01,8.85,8.99,376001
2020-04-15 19:30:00,8.99,9.02,8.94,8.95,297238
2020-04-15 20:00:00,8.95,9.07,8.94,9.01,170266
2020-04-15 20:30:00,9.01,9.02,8.9,8.92,192990
2020-04-15 21:00:00,8.92,9.01,8.91,9.01,197664
2020-04-15 21:30:00,9.0,9.01,8.92,8.97,199628
2020-04-15 22:00:00,8.97,8.98,8.91,8.92,276214
2020-04-15 22:30:00,8.92,8.97,8.91,8.95,800692
2020-04-16 16:30:00,8.92,8.92,8.61,8.61,331160
2020-04-16 17:00:00,8.61,8.62,8.5,8.57,315545
2020-04-16 17:30:00,8.56,8.69,8.55,8.68,280282
2020-04-16 18:00:00,8.68,8.77,8.67,8.68,195119
2020-04-16 18:30:00,8.68,8.72,8.59,8.68,321945
2020-04-16 19:00:00,8.68,8.71,8.6,8.61,161596
2020-04-16 19:30:00,8.61,8.62,8.57,8.57,130037
2020-04-16 20:00:00,8.58,8.75,8.56,8.75,413373
2020-04-16 20:30:00,8.75,8.8,8.69,8.69,161119
2020-04-16 21:00:00,8.69,8.75,8.68,8.73,329272
2020-04-16 21:30:00,8.73,8.8,8.73,8.73,301222
2020-04-16 22:00:00,8.73,8.74,8.64,8.7,440088
2020-04-16 22:30:00,8.7,8.76,8.67,8.7,729123
2020-04-17 16:30:00,9.15,9.32,9.11,9.21,705798
2020-04-17 17:00:00,9.22,9.24,8.94,8.98,338832
2020-04-17 17:30:00,8.98,9.07,8.9,9.02,340522
2020-04-17 18:00:00,9.03,9.11,9.0,9.05,245439
2020-04-17 18:30:00,9.04,9.17,9.02,9.15,714118
2020-04-17 19:00:00,9.16,9.19,9.08,9.08,341072
2020-04-17 19:30:00,9.09,9.19,9.08,9.15,235198
2020-04-17 20:00:00,9.14,9.18,9.12,9.12,216023
2020-04-17 20:30:00,9.13,9.14,9.0,9.03,239309
2020-04-17 21:00:00,9.04,9.07,8.94,9.02,363391
2020-04-17 21:30:00,9.02,9.08,8.96,8.98,335590
2020-04-17 22:00:00,8.98,9.08,8.97,9.03,538832
2020-04-17 22:30:00,9.04,9.13,9.03,9.08,1206460
2020-04-20 16:30:00,8.82,8.92,8.56,8.88,600106
2020-04-20 17:00:00,8.88,9.07,8.85,8.98,418462
2020-04-20 17:30:00,8.98,9.25,8.98,9.15,339585
2020-04-20 18:00:00,9.15,9.17,9.04,9.1,175170
2020-04-20 18:30:00,9.1,9.21,9.07,9.08,267603
2020-04-20 19:00:00,9.09,9.11,9.01,9.06,172680
2020-04-20 19:30:00,9.06,9.12,9.02,9.05,124107
2020-04-20 20:00:00,9.05,9.15,9.02,9.14,243784
2020-04-20 20:30:00,9.13,9.15,9.03,9.07,251277
2020-04-20 21:00:00,9.06,9.14,8.95,8.97,251771
2020-04-20 21:30:00,8.97,9.02,8.88,8.88,171543
2020-04-20 22:00:00,8.89,8.98,8.89,8.97,222033
2020-04-20 22:30:00,8.97,9.13,8.95,9.09,719087
2020-04-21 16:30:00,8.72,9.06,8.64,9.05,370922
2020-04-21 17:00:00,9.04,9.14,9.01,9.13,395582
2020-04-21 17:30:00,9.14,9.2,9.1,9.18,226638
2020-04-21 18:00:00,9.17,9.2,9.04,9.06,336588
2020-04-21 18:30:00,9.07,9.09,8.91,8.96,507958
2020-04-21 19:00:00,8.96,9.02,8.89,8.94,218802
2020-04-21 19:30:00,8.95,8.97,8.85,8.95,185313
2020-04-21 20:00:00,8.95,9.02,8.91,8.98,172464
2020-04-21 20:30:00,8.98,9.03,8.91,8.92,413464
2020-04-21 21:00:00,8.92,8.95,8.85,8.87,188506
2020-04-21 21:30:00,8.87,8.97,8.85,8.93,207871
2020-04-21 22:00:00,8.93,9.04,8.92,8.92,393325
2020-04-21 22:30:00,8.92,9.0,8.89,8.92,621081
2020-04-22 16:30:00,9.17,9.25,8.93,9.0,293146
2020-04-22 17:00:00,9.0,9.13,8.98,9.08,254089
2020-04-22 17:30:00,9.08,9.16,8.97,8.98,209638
2020-04-22 18:00:00,8.98,9.07,8.94,9.01,194676
2020-04-22 18:30:00,9.02,9.16,9.0,9.16,204739
2020-04-22 19:00:00,9.15,9.2,9.08,9.09,253917
2020-04-22 19:30:00,9.1,9.18,9.06,9.13,481870
2020-04-22 20:00:00,9.13,9.16,9.03,9.16,348513
2020-04-22 20:30:00,9.16,9.16,9.05,9.13,206465
2020-04-22 21:00:00,9.12,9.15,9.08,9.11,203240
2020-04-22 21:30:00,9.12,9.23,9.11,9.15,232036
2020-04-22 22:00:00,9.15,9.22,9.12,9.18,295024
2020-04-22 22:30:00,9.18,9.28,9.15,9.18,1347599
2020-04-23 16:30:00,8.67,8.88,8.34,8.51,2166407
2020-04-23 17:00:00,8.51,8.54,8.25,8.47,1500543
2020-04-23 17:30:00,8.48,8.52,8.41,8.42,1443837
2020-04-23 18:00:00,8.43,8.43,7.96,7.97,2075571
2020-04-23 18:30:00,7.97,8.06,7.5,7.89,5142291
2020-04-23 19:00:00,7.87,7.92,7.6,7.64,2497517
2020-04-23 19:30:00,7.64,7.67,7.2,7.37,5318891
2020-04-23 20:00:00,7.38,7.53,7.35,7.42,2090522
2020-04-23 20:30:00,7.42,7.52,7.36,7.38,1853807
2020-04-23 21:00:00,7.39,7.54,7.35,7.43,1947711
2020-04-23 21:30:00,7.42,7.53,7.36,7.37,2629002
2020-04-23 22:00:00,7.37,7.38,7.21,7.29,4473742
2020-04-23 22:30:00,7.3,7.34,7.25,7.26,5970260
2020-04-24 16:30:00,7.4,7.7,7.3,7.68,3021891
2020-04-24 17:00:00,7.68,7.75,7.52,7.57,1592731
2020-04-24 17:30:00,7.56,7.71,7.55,7.68,972932
2020-04-24 18:00:00,7.68,7.71,7.6,7.71,999141
2020-04-24 18:30:00,7.7,7.72,7.53,7.55,1095386
2020-04-24 19:00:00,7.55,7.63,7.52,7.56,860912
2020-04-24 19:30:00,7.56,7.7,7.56,7.63,805839
2020-04-24 20:00:00,7.62,7.66,7.54,7.59,683583
2020-04-24 20:30:00,7.59,7.72,7.59,7.71,767213
2020-04-24 21:00:00,7.7,7.76,7.68,7.7,704426
2020-04-24 21:30:00,7.7,7.75,7.68,7.73,790999
2020-04-24 22:00:00,7.74,7.85,7.7,7.81,1645636
2020-04-24 22:30:00,7.81,7.85,7.74,7.8,2493600
2020-04-27 16:30:00,7.9,8.03,7.71,7.84,1485410
2020-04-27 17:00:00,7.84,8.02,7.83,7.97,946737
2020-04-27 17:30:00,7.97,8.0,7.93,7.93,724583
2020-04-27 18:00:00,7.939999999999999,7.96,7.87,7.91,632361
2020-04-27 18:30:00,7.9,8.04,7.89,7.98,872914
2020-04-27 19:00:00,7.98,7.99,7.88,7.939999999999999,692295
2020-04-27 19:30:00,7.93,7.98,7.9,7.97,352758
2020-04-27 20:00:00,7.97,7.97,7.83,7.87,765368
2020-04-27 20:30:00,7.87,7.9,7.84,7.88,293982
2020-04-27 21:00:00,7.89,7.96,7.86,7.95,594016
2020-04-27 21:30:00,7.95,8.0,7.86,7.93,656963
2020-04-27 22:00:00,7.92,7.99,7.91,7.95,745262
2020-04-27 22:30:00,7.95,8.0,7.9,7.939999999999999,1803579
2020-04-28 16:30:00,8.14,8.47,8.12,8.38,1283372
2020-04-28 17:00:00,8.38,8.49,8.33,8.42,964979
2020-04-28 17:30:00,8.43,8.46,8.15,8.19,733200
2020-04-28 18:00:00,8.19,8.48,8.15,8.44,408963
2020-04-28 18:30:00,8.43,8.46,8.37,8.44,367902
2020-04-28 19:00:00,8.44,8.49,8.38,8.41,404105
2020-04-28 19:30:00,8.42,8.47,8.39,8.47,220278
2020-04-28 20:00:00,8.47,8.49,8.43,8.47,231580
2020-04-28 20:30:00,8.48,8.48,8.42,8.42,208473
2020-04-28 21:00:00,8.43,8.49,8.42,8.48,220743
2020-04-28 21:30:00,8.48,8.56,8.45,8.55,436237
2020-04-28 22:00:00,8.55,8.58,8.47,8.53,617116
2020-04-28 22:30:00,8.52,8.56,8.48,8.51,974861
2020-04-29 16:30:00,8.83,8.99,8.78,8.81,916128
2020-04-29 17:00:00,8.82,8.86,8.63,8.68,507557
2020-04-29 17:30:00,8.69,8.82,8.67,8.79,642376
2020-04-29 18:00:00,8.8,8.82,8.7,8.78,335264
2020-04-29 18:30:00,8.78,8.78,8.66,8.71,432252
2020-04-29 19:00:00,8.72,8.73,8.62,8.64,309544
2020-04-29 19:30:00,8.64,8.76,8.63,8.75,440953
2020-04-29 20:00:00,8.75,8.8,8.71,8.74,316460
2020-04-29 20:30:00,8.74,8.74,8.58,8.61,287019
2020-04-29 21:00:00,8.6,8.65,8.54,8.62,263793
2020-04-29 21:30:00,8.62,8.69,8.59,8.64,289211
2020-04-29 22:00:00,8.64,8.7,8.45,8.58,1088624
2020-04-29 22:30:00,8.58,8.67,8.55,8.61,1319693
2020-04-30 16:30:00,8.4,8.4,8.18,8.37,657564
2020-04-30 17:00:00,8.36,8.51,8.35,8.5,505397
2020-04-30 17:30:00,8.49,8.58,8.49,8.51,325542
2020-04-30 18:00:00,8.52,8.56,8.39,8.41,353456
2020-04-30 18:30:00,8.4,8.45,8.32,8.35,292573
2020-04-30 19:00:00,8.36,8.51,8.32,8.44,418751
2020-04-30 19:30:00,8.44,8.51,8.41,8.5,261244
2020-04-30 20:00:00,8.5,8.52,8.44,8.48,243126
2020-04-30 20:30:00,8.47,8.5,8.43,8.43,258452
2020-04-30 21:00:00,8.43,8.55,8.43,8.52,361254
2020-04-30 21:30:00,8.53,8.61,8.52,8.58,311665
2020-04-30 22:00:00,8.59,8.64,8.56,8.61,470548
2020-04-30 22:30:00,8.61,8.69,8.56,8.62,1382034
2020-05-01 16:30:00,8.27,8.3,7.87,7.96,1398602
2020-05-01 17:00:00,7.96,8.2,7.939999999999999,8.2,635396
2020-05-01 17:30:00,8.2,8.3,8.1,8.11,678516
2020-05-01 18:00:00,8.1,8.14,8.07,8.09,533104
2020-05-01 18:30:00,8.1,8.12,7.93,8.0,349894
2020-05-01 19:00:00,8.0,8.02,7.92,7.92,622394
2020-05-01 19:30:00,7.92,7.939999999999999,7.88,7.93,348620
2020-05-01 20:00:00,7.92,7.97,7.9,7.939999999999999,205399
2020-05-01 20:30:00,7.93,7.95,7.88,7.91,313733
2020-05-01 21:00:00,7.91,7.95,7.88,7.9,297358
2020-05-01 21:30:00,7.89,7.92,7.88,7.89,295691
2020-05-01 22:00:00,7.88,7.95,7.86,7.91,370784
2020-05-01 22:30:00,7.92,8.0,7.9,7.99,1152355
2020-05-04 16:30:00,7.82,7.84,7.61,7.7,948236
2020-05-04 17:00:00,7.7,7.89,7.68,7.77,507203
2020-05-04 17:30:00,7.77,7.83,7.73,7.76,296938
2020-05-04 18:00:00,7.76,7.83,7.72,7.75,841149
2020-05-04 18:30:00,7.76,7.84,7.75,7.79,333282
2020-05-04 19:00:00,7.79,7.84,7.77,7.81,284642
2020-05-04 19:30:00,7.81,7.84,7.76,7.76,295863
2020-05-04 20:00:00,7.77,7.78,7.73,7.76,448059
2020-05-04 20:30:00,7.77,7.8,7.74,7.74,467876
2020-05-04 21:00:00,7.75,7.82,7.74,7.77,359548
2020-05-04 21:30:00,7.76,7.85,7.72,7.85,399382
2020-05-04 22:00:00,7.84,7.93,7.79,7.9,802508
2020-05-04 22:30:00,7.9,8.15,7.9,8.08,2419032
2020-05-05 16:30:00,8.33,8.36,8.21,8.3,522055
2020-05-05 17:00:00,8.3,8.34,8.05,8.09,476133
2020-05-05 17:30:00,8.09,8.21,8.09,8.16,321665
2020-05-05 18:00:00,8.16,8.23,8.13,8.19,221842
2020-05-05 18:30:00,8.2,8.24,8.17,8.21,254805
2020-05-05 19:00:00,8.22,8.27,8.17,8.22,231796
2020-05-05 19:30:00,8.22,8.24,8.13,8.13,177584
2020-05-05 20:00:00,8.13,8.15,8.09,8.12,169214
2020-05-05 20:30:00,8.12,8.14,8.09,8.12,184733
2020-05-05 21:00:00,8.12,8.15,8.09,8.11,167880
2020-05-05 21:30:00,8.11,8.14,8.08,8.11,215767
2020-05-05 22:00:00,8.1,8.11,7.88,7.91,986050
2020-05-05 22:30:00,7.91,7.93,7.83,7.86,993042
2020-05-06 16:30:00,7.92,8.05,7.79,7.83,542490
2020-05-06 17:00:00,7.83,7.84,7.7,7.77,426534
2020-05-06 17:30:00,7.77,7.81,7.72,7.76,272760
2020-05-06 18:00:00,7.76,7.77,7.62,7.67,358427
2020-05-06 18:30:00,7.67,7.7,7.61,7.65,234080
2020-05-06 19:00:00,7.63,7.7,7.62,7.68,181642
2020-05-06 19:30:00,7.68,7.72,7.66,7.689999999999999,174452
2020-05-06 20:00:00,7.689999999999999,7.72,7.61,7.63,807512
2020-05-06 20:30:00,7.64,7.72,7.63,7.689999999999999,326762
2020-05-06 21:00:00,7.68,7.71,7.66,7.67,281184
2020-05-06 21:30:00,7.68,7.79,7.66,7.76,289684
2020-05-06 22:00:00,7.77,7.78,7.71,7.73,286560
2020-05-06 22:30:00,7.73,7.73,7.6,7.62,1436619
2020-05-07 16:30:00,7.73,7.88,7.67,7.81,917660
2020-05-07 17:00:00,7.81,7.85,7.68,7.689999999999999,1016112
2020-05-07 17:30:00,7.689999999999999,7.84,7.66,7.79,575656
2020-05-07 18:00:00,7.8,7.88,7.77,7.88,316710
2020-05-07 18:30:00,7.88,7.99,7.87,7.95,352283
2020-05-07 19:00:00,7.96,7.97,7.87,7.9,422973
2020-05-07 19:30:00,7.9,7.91,7.75,7.8,394048
2020-05-07 20:00:00,7.79,7.8,7.7,7.71,330387
2020-05-07 20:30:00,7.71,7.74,7.65,7.7,408048
2020-05-07 21:00:00,7.689999999999999,7.73,7.64,7.67,296759
2020-05-07 21:30:00,7.67,7.7,7.64,7.64,305723
2020-05-07 22:00:00,7.64,7.67,7.59,7.66,491692
2020-05-07 22:30:00,7.67,7.71,7.63,7.68,986167
2020-05-08 16:30:00,7.67,7.89,7.66,7.88,489672
2020-05-08 17:00:00,7.86,7.9,7.72,7.72,544435
2020-05-08 17:30:00,7.72,7.8,7.68,7.75,459269
2020-05-08 18:00:00,7.75,7.8,7.73,7.8,587218
2020-05-08 18:30:00,7.8,7.939999999999999,7.77,7.88,498903
2020-05-08 19:00:00,7.89,7.9,7.81,7.83,227172
2020-05-08 19:30:00,7.83,7.87,7.8,7.81,233997
2020-05-08 20:00:00,7.82,7.88,7.8,7.87,207332
2020-05-08 20:30:00,7.87,7.9,7.84,7.89,423888
2020-05-08 21:00:00,7.9,7.97,7.88,7.97,375720
2020-05-08 21:30:00,7.96,7.97,7.88,7.9,377735
2020-05-08 22:00:00,7.91,7.97,7.9,7.96,308373
2020-05-08 22:30:00,7.96,8.0,7.92,7.97,1148042
2020-05-11 16:30:00,7.84,7.86,7.67,7.74,358470
2020-05-11 17:00:00,7.74,7.78,7.68,7.73,373578
2020-05-11 17:30:00,7.72,7.76,7.689999999999999,7.74,302023
2020-05-11 18:00:00,7.73,7.76,7.689999999999999,7.73,399501
2020-05-11 18:30:00,7.73,7.78,7.73,7.74,314887
2020-05-11 19:00:00,7.74,7.9,7.73,7.87,600245
2020-05-11 19:30:00,7.87,7.98,7.87,7.939999999999999,536787
2020-05-11 20:00:00,7.939999999999999,7.96,7.86,7.89,244251
2020-05-11 20:30:00,7.89,7.92,7.85,7.86,205869
2020-05-11 21:00:00,7.86,7.88,7.79,7.81,177382
2020-05-11 21:30:00,7.81,7.87,7.79,7.8,180906
2020-05-11 22:00:00,7.8,7.85,7.8,7.85,190834
2020-05-11 22:30:00,7.84,7.87,7.79,7.82,870051
2020-05-12 16:30:00,7.84,7.91,7.51,7.58,1307544
2020-05-12 17:00:00,7.56,7.61,7.51,7.52,640446
2020-05-12 17:30:00,7.52,7.54,7.41,7.46,746671
2020-05-12 18:00:00,7.46,7.5,7.42,7.44,481428
2020-05-12 18:30:00,7.43,7.49,7.37,7.47,692927
2020-05-12 19:00:00,7.48,7.52,7.46,7.51,258183
2020-05-12 19:30:00,7.5,7.52,7.43,7.45,222845
2020-05-12 20:00:00,7.45,7.46,7.38,7.4,358404
2020-05-12 20:30:00,7.4,7.5,7.39,7.49,423303
2020-05-12 21:00:00,7.49,7.5,7.44,7.44,294325
2020-05-12 21:30:00,7.45,7.46,7.4,7.46,452689
2020-05-12 22:00:00,7.44,7.47,7.4,7.41,524132
2020-05-12 22:30:00,7.41,7.42,7.24,7.24,1831988
2020-05-13 16:30:00,7.2,7.25,7.02,7.09,1294902
2020-05-13 17:00:00,7.1,7.16,6.97,7.02,904038
2020-05-13 17:30:00,7.02,7.09,6.88,6.91,865815
2020-05-13 18:00:00,6.91,6.94,6.8,6.84,698319
2020-05-13 18:30:00,6.84,6.87,6.71,6.77,839868
2020-05-13 19:00:00,6.77,6.86,6.76,6.82,578932
2020-05-13 19:30:00,6.83,6.93,6.8,6.88,479780
2020-05-13 20:00:00,6.88,6.91,6.8,6.82,982042
2020-05-13 20:30:00,6.8100000000000005,6.83,6.75,6.78,444472
2020-05-13 21:00:00,6.77,6.83,6.73,6.8,529070
2020-05-13 21:30:00,6.8,6.82,6.76,6.77,319128
2020-05-13 22:00:00,6.78,6.82,6.71,6.75,569262
2020-05-13 22:30:00,6.74,6.8,6.71,6.77,1175091
2020-05-14 16:30:00,6.57,6.64,6.41,6.41,895452
2020-05-14 17:00:00,6.41,6.67,6.38,6.66,953635
2020-05-14 17:30:00,6.67,7.13,6.67,7.04,970613
2020-05-14 18:00:00,7.05,7.13,6.84,6.86,605278
2020-05-14 18:30:00,6.86,6.89,6.67,6.78,743037
2020-05-14 19:00:00,6.79,6.91,6.77,6.88,626630
2020-05-14 19:30:00,6.87,6.95,6.83,6.92,393412
2020-05-14 20:00:00,6.92,7.01,6.89,7.0,442909
2020-05-14 20:30:00,7.01,7.02,6.85,6.85,430079
2020-05-14 21:00:00,6.85,6.89,6.84,6.86,357836
2020-05-14 21:30:00,6.87,6.89,6.79,6.8100000000000005,556453
2020-05-14 22:00:00,6.82,6.96,6.8100000000000005,6.93,640644
2020-05-14 22:30:00,6.94,7.02,6.88,7.0,1209632
2020-05-15 16:30:00,6.65,6.86,6.65,6.69,1044442
2020-05-15 17:00:00,6.69,6.82,6.63,6.8,592527
2020-05-15 17:30:00,6.79,6.84,6.73,6.79,708580
2020-05-15 18:00:00,6.78,6.82,6.75,6.8,516747
2020-05-15 18:30:00,6.8100000000000005,6.8100000000000005,6.73,6.79,437461
2020-05-15 19:00:00,6.78,6.83,6.77,6.79,254748
2020-05-15 19:30:00,6.79,6.83,6.76,6.78,236858
2020-05-15 20:00:00,6.78,6.79,6.74,6.78,260175
2020-05-15 20:30:00,6.78,6.83,6.76,6.8100000000000005,363651
2020-05-15 21:00:00,6.82,6.86,6.76,6.79,302426
2020-05-15 21:30:00,6.79,6.8100000000000005,6.72,6.73,415035
2020-05-15 22:00:00,6.74,6.78,6.71,6.76,519385
2020-05-15 22:30:00,6.76,6.77,6.66,6.71,2059070
2020-05-18 16:30:00,7.05,7.19,7.04,7.06,1376105
2020-05-18 17:00:00,7.06,7.16,7.04,7.12,624279
2020-05-18 17:30:00,7.12,7.22,7.11,7.19,588935
2020-05-18 18:00:00,7.18,7.27,7.18,7.25,535944
2020-05-18 18:30:00,7.25,7.25,7.15,7.23,499222
2020-05-18 19:00:00,7.22,7.27,7.2,7.25,321668
2020-05-18 19:30:00,7.25,7.32,7.22,7.28,443839
2020-05-18 20:00:00,7.29,7.36,7.28,7.34,455612
2020-05-18 20:30:00,7.34,7.36,7.26,7.28,709061
2020-05-18 21:00:00,7.28,7.32,7.24,7.28,536088
2020-05-18 21:30:00,7.27,7.33,7.26,7.3,480286
2020-05-18 22:00:00,7.3,7.36,7.27,7.32,644844
2020-05-18 22:30:00,7.32,7.37,7.27,7.28,1507061
2020-05-19 16:30:00,7.28,7.3,7.11,7.18,655916
2020-05-19 17:00:00,7.18,7.34,7.13,7.24,308696
2020-05-19 17:30:00,7.24,7.36,7.17,7.36,472120
2020-05-19 18:00:00,7.36,7.42,7.33,7.39,466362
2020-05-19 18:30:00,7.39,7.45,7.36,7.38,332511
2020-05-19 19:00:00,7.38,7.43,7.34,7.37,375035
2020-05-19 19:30:00,7.37,7.38,7.32,7.36,164566
2020-05-19 20:00:00,7.36,7.37,7.33,7.37,294359
2020-05-19 20:30:00,7.36,7.43,7.34,7.39,224366
2020-05-19 21:00:00,7.4,7.44,7.37,7.44,233520
2020-05-19 21:30:00,7.44,7.5,7.39,7.42,815546
2020-05-19 22:00:00,7.41,7.52,7.35,7.38,771158
2020-05-19 22:30:00,7.38,7.39,7.23,7.23,1011552
2020-05-20 16:30:00,7.38,7.48,7.35,7.4,491587
2020-05-20 17:00:00,7.4,7.47,7.39,7.43,240249
2020-05-20 17:30:00,7.44,7.46,7.39,7.41,263455
2020-05-20 18:00:00,7.4,7.48,7.32,7.45,398183
2020-05-20 18:30:00,7.46,7.51,7.41,7.5,245502
2020-05-20 19:00:00,7.49,7.5,7.44,7.48,241896
2020-05-20 19:30:00,7.49,7.5,7.43,7.49,174125
2020-05-20 20:00:00,7.49,7.49,7.39,7.4,105487
2020-05-20 20:30:00,7.4,7.44,7.37,7.4,205194
2020-05-20 21:00:00,7.41,7.45,7.39,7.42,169584
2020-05-20 21:30:00,7.42,7.46,7.41,7.43,136461
2020-05-20 22:00:00,7.43,7.44,7.37,7.42,198808
2020-05-20 22:30:00,7.41,7.43,7.32,7.37,778570
2020-05-21 16:30:00,7.36,7.52,7.31,7.46,448290
2020-05-21 17:00:00,7.47,7.58,7.46,7.5,439470
2020-05-21 17:30:00,7.51,7.53,7.46,7.48,313617
2020-05-21 18:00:00,7.47,7.48,7.35,7.37,223050
2020-05-21 18:30:00,7.38,7.44,7.37,7.43,208860
2020-05-21 19:00:00,7.43,7.47,7.41,7.46,199069
2020-05-21 19:30:00,7.46,7.47,7.41,7.41,195006
2020-05-21 20:00:00,7.42,7.48,7.4,7.44,250157
2020-05-21 20:30:00,7.43,7.44,7.4,7.41,179128
2020-05-21 21:00:00,7.41,7.45,7.4,7.42,251587
2020-05-21 21:30:00,7.43,7.44,7.33,7.34,280120
2020-05-21 22:00:00,7.35,7.42,7.34,7.37,262327
2020-05-21 22:30:00,7.37,7.4,7.34,7.35,964914
2020-05-22 16:30:00,7.36,7.4,7.15,7.17,537053
2020-05-22 17:00:00,7.17,7.24,7.11,7.22,339668
2020-05-22 17:30:00,7.22,7.27,7.14,7.16,227027
2020-05-22 18:00:00,7.15,7.21,7.15,7.19,221733
2020-05-22 18:30:00,7.19,7.22,7.16,7.18,130460
2020-05-22 19:00:00,7.18,7.19,7.15,7.17,213929
2020-05-22 19:30:00,7.17,7.2,7.16,7.19,124573
2020-05-22 20:00:00,7.19,7.19,7.14,7.18,182207
2020-05-22 20:30:00,7.17,7.26,7.16,7.25,183177
2020-05-22 21:00:00,7.24,7.32,7.24,7.32,262981
2020-05-22 21:30:00,7.3,7.31,7.26,7.28,276582
2020-05-22 22:00:00,7.28,7.32,7.26,7.3,417815
2020-05-22 22:30:00,7.29,7.34,7.27,7.29,1479944
2020-05-26 16:30:00,7.66,7.939999999999999,7.64,7.89,1254761
2020-05-26 17:00:00,7.89,7.92,7.78,7.86,509404
2020-05-26 17:30:00,7.86,7.939999999999999,7.82,7.92,571815
2020-05-26 18:00:00,7.92,7.98,7.86,7.89,471253
2020-05-26 18:30:00,7.89,7.95,7.87,7.9,309864
2020-05-26 19:00:00,7.9,7.91,7.81,7.9,291095
2020-05-26 19:30:00,7.9,7.98,7.88,7.98,265553
2020-05-26 20:00:00,7.98,8.04,7.97,7.99,405411
2020-05-26 20:30:00,7.99,8.05,7.98,8.03,234424
2020-05-26 21:00:00,8.03,8.13,8.02,8.09,699178
2020-05-26 21:30:00,8.09,8.16,8.05,8.14,436069
2020-05-26 22:00:00,8.14,8.26,8.12,8.26,1054492
2020-05-26 22:30:00,8.25,8.26,8.04,8.1,1724707
2020-05-27 16:30:00,8.53,8.68,8.37,8.4,1200650
2020-05-27 17:00:00,8.4,8.45,8.28,8.39,1003364
2020-05-27 17:30:00,8.4,8.4,8.12,8.22,569195
2020-05-27 18:00:00,8.22,8.3,8.2,8.29,530290
2020-05-27 18:30:00,8.29,8.39,8.28,8.36,339261
2020-05-27 19:00:00,8.37,8.37,8.28,8.33,215255
2020-05-27 19:30:00,8.33,8.35,8.3,8.32,191404
2020-05-27 20:00:00,8.32,8.36,8.29,8.3,211613
2020-05-27 20:30:00,8.3,8.35,8.29,8.34,326231
2020-05-27 21:00:00,8.33,8.39,8.31,8.31,256943
2020-05-27 21:30:00,8.32,8.34,8.27,8.28,186342
2020-05-27 22:00:00,8.27,8.31,8.25,8.31,327953
2020-05-27 22:30:00,8.3,8.38,8.29,8.38,1225640
2020-05-28 16:30:00,8.56,8.67,8.26,8.29,811352
2020-05-28 17:00:00,8.29,8.31,8.13,8.16,764599
2020-05-28 17:30:00,8.16,8.2,8.13,8.16,287363
2020-05-28 18:00:00,8.16,8.2,8.09,8.2,583562
2020-05-28 18:30:00,8.19,8.29,8.1,8.25,486671
2020-05-28 19:00:00,8.26,8.29,8.22,8.26,187557
2020-05-28 19:30:00,8.26,8.34,8.23,8.33,209938
2020-05-28 20:00:00,8.33,8.34,8.24,8.29,162702
2020-05-28 20:30:00,8.28,8.3,8.25,8.3,193987
2020-05-28 21:00:00,8.3,8.32,8.25,8.26,291573
2020-05-28 21:30:00,8.26,8.34,8.25,8.33,296117
2020-05-28 22:00:00,8.33,8.36,8.23,8.23,363440
2020-05-28 22:30:00,8.23,8.25,8.09,8.13,1338454
2020-05-29 16:30:00,7.95,8.0,7.78,7.9,561237
2020-05-29 17:00:00,7.9,8.15,7.88,8.05,452709
2020-05-29 17:30:00,8.05,8.05,7.9,7.92,464467
2020-05-29 18:00:00,7.93,7.96,7.86,7.86,357596
2020-05-29 18:30:00,7.87,7.95,7.86,7.88,354910
2020-05-29 19:00:00,7.88,7.92,7.83,7.85,219758
2020-05-29 19:30:00,7.84,7.89,7.79,7.84,408478
2020-05-29 20:00:00,7.84,7.87,7.78,7.83,300150
2020-05-29 20:30:00,7.84,7.86,7.78,7.82,215343
2020-05-29 21:00:00,7.83,7.87,7.81,7.87,287466
2020-05-29 21:30:00,7.87,7.91,7.73,7.91,334160
2020-05-29 22:00:00,7.91,7.98,7.89,7.93,403107
2020-05-29 22:30:00,7.92,7.98,7.88,7.97,2805473
2020-06-01 16:30:00,8.01,8.12,7.92,8.06,613379
2020-06-01 17:00:00,8.06,8.27,8.05,8.21,380138
2020-06-01 17:30:00,8.21,8.29,8.2,8.22,351237
2020-06-01 18:00:00,8.22,8.25,8.12,8.19,344347
2020-06-01 18:30:00,8.19,8.26,8.19,8.22,303815
2020-06-01 19:00:00,8.21,8.26,8.19,8.25,199530
2020-06-01 19:30:00,8.24,8.31,8.24,8.3,245490
2020-06-01 20:00:00,8.29,8.36,8.28,8.29,381131
2020-06-01 20:30:00,8.29,8.34,8.28,8.3,235664
2020-06-01 21:00:00,8.29,8.32,8.26,8.3,353725
2020-06-01 21:30:00,8.29,8.32,8.25,8.28,333591
2020-06-01 22:00:00,8.29,8.32,8.26,8.27,399604
2020-06-01 22:30:00,8.28,8.31,8.22,8.23,829407
2020-06-02 16:30:00,8.37,8.43,8.26,8.41,493757
2020-06-02 17:00:00,8.41,8.43,8.33,8.36,406188
2020-06-02 17:30:00,8.36,8.41,8.34,8.38,519602
2020-06-02 18:00:00,8.38,8.49,8.33,8.47,796914
2020-06-02 18:30:00,8.46,8.5,8.44,8.45,322729
2020-06-02 19:00:00,8.45,8.45,8.37,8.42,652702
2020-06-02 19:30:00,8.42,8.47,8.4,8.4,305477
2020-06-02 20:00:00,8.41,8.45,8.4,8.42,504138
2020-06-02 20:30:00,8.42,8.47,8.4,8.46,580794
2020-06-02 21:00:00,8.45,8.49,8.42,8.43,351827
2020-06-02 21:30:00,8.42,8.45,8.38,8.42,285849
2020-06-02 22:00:00,8.42,8.43,8.3,8.34,371856
2020-06-02 22:30:00,8.34,8.38,8.3,8.37,1081199
2020-06-03 16:30:00,8.65,8.88,8.65,8.86,933973
2020-06-03 17:00:00,8.86,9.05,8.85,8.97,716782
2020-06-03 17:30:00,8.97,9.0,8.91,8.98,447735
2020-06-03 18:00:00,8.98,9.04,8.97,9.02,546090
2020-06-03 18:30:00,9.02,9.12,9.0,9.11,282358
2020-06-03 19:00:00,9.11,9.15,9.05,9.09,341665
2020-06-03 19:30:00,9.09,9.13,9.06,9.1,208175
2020-06-03 20:00:00,9.09,9.15,9.08,9.11,254335
2020-06-03 20:30:00,9.1,9.14,9.07,9.13,286525
2020-06-03 21:00:00,9.12,9.23,9.12,9.2,277632
2020-06-03 21:30:00,9.2,9.2,9.12,9.12,479494
2020-06-03 22:00:00,9.12,9.16,9.09,9.11,462883
2020-06-03 22:30:00,9.12,9.16,9.1,9.15,1580081
2020-06-04 16:30:00,9.09,9.18,8.88,9.06,650482
2020-06-04 17:00:00,9.07,9.37,9.07,9.37,829304
2020-06-04 17:30:00,9.37,9.49,9.28,9.48,479542
2020-06-04 18:00:00,9.47,9.47,9.17,9.24,394188
2020-06-04 18:30:00,9.23,9.28,9.19,9.25,240654
2020-06-04 19:00:00,9.25,9.33,9.24,9.26,242489
2020-06-04 19:30:00,9.26,9.26,9.15,9.18,358756
2020-06-04 20:00:00,9.19,9.21,9.15,9.18,461266
2020-06-04 20:30:00,9.19,9.31,9.18,9.29,303989
2020-06-04 21:00:00,9.3,9.39,9.29,9.39,381703
2020-06-04 21:30:00,9.39,9.49,9.36,9.43,582926
2020-06-04 22:00:00,9.43,9.49,9.37,9.42,887401
2020-06-04 22:30:00,9.41,9.57,9.41,9.56,1697486
2020-06-05 16:30:00,10.3,10.97,10.06,10.13,1792530
2020-06-05 17:00:00,10.12,10.26,9.95,9.99,1061428
2020-06-05 17:30:00,9.98,10.21,9.96,10.16,627684
2020-06-05 18:00:00,10.16,10.28,10.14,10.27,467653
2020-06-05 18:30:00,10.27,10.29,10.15,10.2,379545
2020-06-05 19:00:00,10.2,10.23,10.04,10.11,303637
2020-06-05 19:30:00,10.12,10.21,10.1,10.17,310686
2020-06-05 20:00:00,10.18,10.26,10.17,10.25,322513
2020-06-05 20:30:00,10.25,10.34,10.18,10.27,890996
2020-06-05 21:00:00,10.27,10.34,10.23,10.27,354990
2020-06-05 21:30:00,10.27,10.44,10.25,10.37,1205918
2020-06-05 22:00:00,10.37,10.38,10.29,10.34,1137004
2020-06-05 22:30:00,10.34,10.43,10.26,10.41,2076942
2020-06-08 16:30:00,11.0,11.14,10.82,11.02,1566399
2020-06-08 17:00:00,11.02,11.2,10.78,10.81,1153958
2020-06-08 17:30:00,10.82,11.12,10.81,11.08,778990
2020-06-08 18:00:00,11.07,11.19,11.02,11.16,446113
2020-06-08 18:30:00,11.16,11.22,11.1,11.17,516373
2020-06-08 19:00:00,11.17,11.28,11.16,11.22,526602
2020-06-08 19:30:00,11.22,11.26,11.17,11.2,338691
2020-06-08 20:00:00,11.21,11.33,11.2,11.3,421629
2020-06-08 20:30:00,11.29,11.36,11.27,11.35,370845
2020-06-08 21:00:00,11.34,11.42,11.31,11.41,557515
2020-06-08 21:30:00,11.4,11.5,11.37,11.47,528813
2020-06-08 22:00:00,11.47,11.53,11.44,11.51,589301
2020-06-08 22:30:00,11.51,11.57,11.48,11.55,1923949
2020-06-09 16:30:00,10.84,11.08,10.61,10.8,1301211
2020-06-09 17:00:00,10.8,10.96,10.75,10.93,440996
2020-06-09 17:30:00,10.92,11.01,10.77,10.91,555542
2020-06-09 18:00:00,10.91,11.01,10.88,10.94,426545
2020-06-09 18:30:00,10.93,10.94,10.81,10.83,270079
2020-06-09 19:00:00,10.83,10.9,10.79,10.87,230129
2020-06-09 19:30:00,10.87,10.92,10.79,10.92,247865
2020-06-09 20:00:00,10.91,11.07,10.87,11.05,449505
2020-06-09 20:30:00,11.06,11.17,10.99,11.17,646896
2020-06-09 21:00:00,11.17,11.18,11.1,11.11,670576
2020-06-09 21:30:00,11.12,11.23,11.1,11.22,516081
2020-06-09 22:00:00,11.21,11.28,11.13,11.27,718919
2020-06-09 22:30:00,11.26,11.27,11.11,11.13,1593270
2020-06-10 16:30:00,10.99,11.05,10.57,10.72,885972
2020-06-10 17:00:00,10.72,10.73,10.34,10.37,821950
2020-06-10 17:30:00,10.37,10.53,10.31,10.34,915732
2020-06-10 18:00:00,10.34,10.48,10.32,10.44,690476
2020-06-10 18:30:00,10.44,10.62,10.38,10.62,588306
2020-06-10 19:00:00,10.62,10.65,10.54,10.56,243649
2020-06-10 19:30:00,10.56,10.56,10.45,10.51,270545
2020-06-10 20:00:00,10.51,10.55,10.47,10.5,221222
2020-06-10 20:30:00,10.5,10.54,10.47,10.5,357647
2020-06-10 21:00:00,10.51,10.71,10.41,10.62,333622
2020-06-10 21:30:00,10.63,10.63,10.28,10.33,465651
2020-06-10 22:00:00,10.32,10.51,10.21,10.51,740617
2020-06-10 22:30:00,10.51,10.53,10.31,10.32,1159318
2020-06-11 16:30:00,9.32,10.05,9.25,9.98,1327536
2020-06-11 17:00:00,9.99,10.04,9.72,9.76,940292
2020-06-11 17:30:00,9.77,9.88,9.66,9.67,524776
2020-06-11 18:00:00,9.68,9.79,9.63,9.7,473002
2020-06-11 18:30:00,9.7,9.77,9.64,9.72,432621
2020-06-11 19:00:00,9.71,9.71,9.6,9.63,809838
2020-06-11 19:30:00,9.64,9.76,9.63,9.74,466209
2020-06-11 20:00:00,9.73,9.85,9.73,9.76,438365
2020-06-11 20:30:00,9.76,9.77,9.65,9.74,382467
2020-06-11 21:00:00,9.74,9.75,9.67,9.69,271666
2020-06-11 21:30:00,9.69,9.73,9.62,9.66,606794
2020-06-11 22:00:00,9.65,9.73,9.63,9.71,1044725
2020-06-11 22:30:00,9.71,9.84,9.68,9.82,2203909
2020-06-12 16:30:00,10.5,10.55,10.17,10.21,741223
2020-06-12 17:00:00,10.22,10.33,10.13,10.13,371802
2020-06-12 17:30:00,10.14,10.17,9.93,9.97,531802
2020-06-12 18:00:00,9.97,10.1,9.85,9.97,389788
2020-06-12 18:30:00,9.98,10.18,9.91,10.18,237159
2020-06-12 19:00:00,10.17,10.19,10.06,10.14,235454
2020-06-12 19:30:00,10.14,10.2,10.09,10.16,218822
2020-06-12 20:00:00,10.17,10.19,10.12,10.12,158413
2020-06-12 20:30:00,10.13,10.15,9.89,9.89,326744
2020-06-12 21:00:00,9.9,10.14,9.88,10.13,439565
2020-06-12 21:30:00,10.14,10.22,10.03,10.15,296537
2020-06-12 22:00:00,10.15,10.29,10.1,10.13,361286
2020-06-12 22:30:00,10.14,10.37,10.11,10.34,1501298
2020-06-15 16:30:00,9.93,10.29,9.79,10.24,1291934
2020-06-15 17:00:00,10.24,10.36,10.18,10.29,607835
2020-06-15 17:30:00,10.29,10.49,10.26,10.47,559262
2020-06-15 18:00:00,10.48,10.62,10.46,10.57,591971
2020-06-15 18:30:00,10.56,10.63,10.5,10.54,595419
2020-06-15 19:00:00,10.55,10.67,10.51,10.66,274635
2020-06-15 19:30:00,10.66,10.8,10.64,10.79,238710
2020-06-15 20:00:00,10.79,10.86,10.72,10.75,285506
2020-06-15 20:30:00,10.75,10.75,10.52,10.55,359292
2020-06-15 21:00:00,10.55,10.89,10.55,10.86,633618
2020-06-15 21:30:00,10.87,10.89,10.71,10.72,501841
2020-06-15 22:00:00,10.72,10.8,10.65,10.66,573215
2020-06-15 22:30:00,10.66,10.76,10.54,10.75,2550100
2020-06-16 16:30:00,11.3,11.37,11.05,11.3,1494510
2020-06-16 17:00:00,11.3,11.39,11.22,11.25,516238
2020-06-16 17:30:00,11.26,11.27,10.76,10.8,687302
2020-06-16 18:00:00,10.81,11.0,10.67,10.97,461961
2020-06-16 18:30:00,10.98,11.01,10.83,10.85,332151
2020-06-16 19:00:00,10.86,10.93,10.77,10.92,237646
2020-06-16 19:30:00,10.92,11.05,10.87,10.94,300759
2020-06-16 20:00:00,10.94,11.0,10.86,10.9,262709
2020-06-16 20:30:00,10.89,10.92,10.84,10.89,263760
2020-06-16 21:00:00,10.89,11.05,10.89,11.03,499979
2020-06-16 21:30:00,11.03,11.08,10.96,11.03,402804
2020-06-16 22:00:00,11.02,11.05,10.9,11.02,749867
2020-06-16 22:30:00,11.01,11.15,10.97,11.15,2597457
2020-06-17 16:30:00,11.04,11.27,11.02,11.08,605558
2020-06-17 17:00:00,11.07,11.14,10.97,11.04,703032
2020-06-17 17:30:00,11.04,11.24,11.01,11.23,381497
2020-06-17 18:00:00,11.23,11.25,11.12,11.14,569207
2020-06-17 18:30:00,11.14,11.25,11.12,11.15,256040
2020-06-17 19:00:00,11.14,11.16,11.07,11.1,686786
2020-06-17 19:30:00,11.1,11.21,11.09,11.2,285714
2020-06-17 20:00:00,11.2,11.24,11.14,11.18,148833
2020-06-17 20:30:00,11.19,11.33,11.16,11.2,509450
2020-06-17 21:00:00,11.2,11.29,11.18,11.25,206911
2020-06-17 21:30:00,11.25,11.3,11.18,11.23,272888
2020-06-17 22:00:00,11.22,11.27,11.16,11.19,528243
2020-06-17 22:30:00,11.19,11.28,11.11,11.22,2581567
2020-06-18 16:30:00,11.04,11.2,10.91,11.05,747401
2020-06-18 17:00:00,11.05,11.34,11.05,11.29,349549
2020-06-18 17:30:00,11.3,11.37,11.23,11.36,292251
2020-06-18 18:00:00,11.37,11.39,11.27,11.36,396192
2020-06-18 18:30:00,11.36,11.4,11.17,11.19,246001
2020-06-18 19:00:00,11.19,11.28,11.14,11.25,182894
2020-06-18 19:30:00,11.25,11.27,11.21,11.21,142710
2020-06-18 20:00:00,11.21,11.27,11.19,11.22,162377
2020-06-18 20:30:00,11.22,11.33,11.18,11.3,245860
2020-06-18 21:00:00,11.3,11.31,11.19,11.25,262586
2020-06-18 21:30:00,11.25,11.28,11.19,11.19,357175
2020-06-18 22:00:00,11.19,11.27,11.19,11.26,386795
2020-06-18 22:30:00,11.26,11.37,11.24,11.35,1237399
2020-06-19 16:30:00,11.55,11.56,11.26,11.32,1210512
2020-06-19 17:00:00,11.32,11.42,11.31,11.35,470250
2020-06-19 17:30:00,11.36,11.49,11.31,11.34,501567
2020-06-19 18:00:00,11.34,11.44,11.31,11.36,481343
2020-06-19 18:30:00,11.36,11.37,11.29,11.32,301474
2020-06-19 19:00:00,11.32,11.32,11.1,11.16,561533
2020-06-19 19:30:00,11.15,11.28,11.09,11.28,539000
2020-06-19 20:00:00,11.27,11.29,11.07,11.1,455446
2020-06-19 20:30:00,11.1,11.11,10.95,10.96,951346
2020-06-19 21:00:00,10.96,11.03,10.92,10.92,943825
2020-06-19 21:30:00,10.92,11.1,10.91,11.04,368069
2020-06-19 22:00:00,11.04,11.15,11.01,11.07,559322
2020-06-19 22:30:00,11.07,11.17,11.01,11.09,2952456
2020-06-22 16:30:00,11.1,11.28,10.91,11.2,638699
2020-06-22 17:00:00,11.2,11.27,11.14,11.21,637790
2020-06-22 17:30:00,11.2,11.23,11.11,11.13,420099
2020-06-22 18:00:00,11.13,11.27,11.11,11.21,300324
2020-06-22 18:30:00,11.2,11.25,11.18,11.2,258227
2020-06-22 19:00:00,11.2,11.28,11.19,11.26,203550
2020-06-22 19:30:00,11.26,11.41,11.25,11.32,298874
2020-06-22 20:00:00,11.32,11.35,11.26,11.26,299380
2020-06-22 20:30:00,11.27,11.34,11.24,11.32,232114
2020-06-22 21:00:00,11.32,11.33,11.24,11.29,281193
2020-06-22 21:30:00,11.3,11.35,11.29,11.35,198418
2020-06-22 22:00:00,11.34,11.38,11.23,11.27,527920
2020-06-22 22:30:00,11.26,11.35,11.26,11.32,1539616
2020-06-23 16:30:00,11.57,11.77,11.52,11.63,823528
2020-06-23 17:00:00,11.63,11.66,11.47,11.54,349099
2020-06-23 17:30:00,11.55,11.58,11.44,11.44,464474
2020-06-23 18:00:00,11.45,11.52,11.37,11.4,1461911
2020-06-23 18:30:00,11.39,11.49,11.34,11.46,673704
2020-06-23 19:00:00,11.46,11.53,11.43,11.47,201850
2020-06-23 19:30:00,11.47,11.48,11.44,11.45,165441
2020-06-23 20:00:00,11.45,11.52,11.44,11.48,200245
2020-06-23 20:30:00,11.49,11.5,11.44,11.45,410268
2020-06-23 21:00:00,11.45,11.45,11.37,11.43,721139
2020-06-23 21:30:00,11.42,11.45,11.37,11.37,313512
2020-06-23 22:00:00,11.38,11.45,11.35,11.39,457470
2020-06-23 22:30:00,11.39,11.47,11.36,11.42,1339218
2020-06-24 16:30:00,11.24,11.35,10.91,10.98,1238079
2020-06-24 17:00:00,10.98,11.11,10.95,11.08,509616
2020-06-24 17:30:00,11.07,11.08,10.95,11.03,472532
2020-06-24 18:00:00,11.01,11.07,10.94,10.97,398984
2020-06-24 18:30:00,10.97,10.98,10.79,10.91,1168696
2020-06-24 19:00:00,10.9,10.99,10.85,10.87,440356
2020-06-24 19:30:00,10.87,10.95,10.84,10.91,399131
2020-06-24 20:00:00,10.9,10.97,10.8,10.81,361427
2020-06-24 20:30:00,10.8,10.85,10.76,10.83,405698
2020-06-24 21:00:00,10.83,10.9,10.78,10.87,301673
2020-06-24 21:30:00,10.87,10.89,10.78,10.79,288435
2020-06-24 22:00:00,10.79,10.91,10.79,10.81,498015
2020-06-24 22:30:00,10.81,10.83,10.7,10.73,1089584
2020-06-25 16:30:00,10.59,10.77,10.49,10.75,643738
2020-06-25 17:00:00,10.75,10.9,10.73,10.84,689641
2020-06-25 17:30:00,10.85,10.85,10.58,10.63,413910
2020-06-25 18:00:00,10.63,10.73,10.58,10.67,286761
2020-06-25 18:30:00,10.67,10.69,10.57,10.59,483580
2020-06-25 19:00:00,10.59,10.64,10.57,10.59,636161
2020-06-25 19:30:00,10.6,10.67,10.58,10.63,518565
2020-06-25 20:00:00,10.63,10.72,10.62,10.71,180636
2020-06-25 20:30:00,10.7,10.74,10.66,10.67,169827
2020-06-25 21:00:00,10.67,10.69,10.63,10.66,306558
2020-06-25 21:30:00,10.65,10.69,10.62,10.65,241309
2020-06-25 22:00:00,10.65,10.81,10.64,10.79,458430
2020-06-25 22:30:00,10.79,10.81,10.69,10.73,1583177
2020-06-26 16:30:00,10.49,10.55,10.4,10.44,426848
2020-06-26 17:00:00,10.44,10.46,10.27,10.34,293700
2020-06-26 17:30:00,10.33,10.34,10.2,10.26,328459
2020-06-26 18:00:00,10.26,10.27,10.15,10.15,309751
2020-06-26 18:30:00,10.16,10.2,10.09,10.13,278504
2020-06-26 19:00:00,10.13,10.19,10.11,10.17,243973
2020-06-26 19:30:00,10.17,10.19,10.06,10.09,276101
2020-06-26 20:00:00,10.09,10.13,10.05,10.08,249073
2020-06-26 20:30:00,10.07,10.13,10.06,10.09,249125
2020-06-26 21:00:00,10.08,10.09,10.02,10.03,380640
2020-06-26 21:30:00,10.04,10.04,9.92,9.98,509422
2020-06-26 22:00:00,9.99,10.03,9.93,9.98,522659
2020-06-26 22:30:00,9.99,10.11,9.95,10.0,1675173
2020-06-29 16:30:00,10.15,10.23,10.05,10.17,488569
2020-06-29 17:00:00,10.16,10.35,10.14,10.31,514653
2020-06-29 17:30:00,10.31,10.38,10.28,10.32,288566
2020-06-29 18:00:00,10.32,10.37,10.2,10.28,259453
2020-06-29 18:30:00,10.28,10.31,10.24,10.24,170899
2020-06-29 19:00:00,10.24,10.36,10.23,10.33,159680
2020-06-29 19:30:00,10.34,10.37,10.27,10.27,185103
2020-06-29 20:00:00,10.28,10.39,10.25,10.39,134597
2020-06-29 20:30:00,10.38,10.4,10.3,10.31,175959
2020-06-29 21:00:00,10.31,10.41,10.31,10.34,229056
2020-06-29 21:30:00,10.35,10.37,10.31,10.33,216664
2020-06-29 22:00:00,10.33,10.37,10.27,10.32,243960
2020-06-29 22:30:00,10.33,10.4,10.28,10.4,844535
2020-06-30 16:30:00,10.35,10.55,10.26,10.52,490227
2020-06-30 17:00:00,10.52,10.61,10.47,10.61,540129
2020-06-30 17:30:00,10.61,10.73,10.56,10.67,357308
2020-06-30 18:00:00,10.67,10.7,10.63,10.69,777850
2020-06-30 18:30:00,10.7,10.71,10.62,10.7,284082
2020-06-30 19:00:00,10.7,10.73,10.67,10.7,247604
2020-06-30 19:30:00,10.7,10.71,10.61,10.62,295947
2020-06-30 20:00:00,10.61,10.62,10.55,10.62,185342
2020-06-30 20:30:00,10.61,10.62,10.54,10.62,261627
2020-06-30 21:00:00,10.62,10.67,10.59,10.65,177218
2020-06-30 21:30:00,10.66,10.69,10.62,10.66,189061
2020-06-30 22:00:00,10.66,10.74,10.61,10.71,250094
2020-06-30 22:30:00,10.71,10.82,10.69,10.76,1364503
2020-07-01 16:30:00,10.74,10.79,10.47,10.51,712001
2020-07-01 17:00:00,10.5,10.59,10.46,10.54,306783
2020-07-01 17:30:00,10.54,10.56,10.36,10.42,345715
2020-07-01 18:00:00,10.42,10.43,10.23,10.24,375020
2020-07-01 18:30:00,10.25,10.39,10.25,10.35,341577
2020-07-01 19:00:00,10.35,10.42,10.31,10.38,153843
2020-07-01 19:30:00,10.38,10.39,10.3,10.31,241142
2020-07-01 20:00:00,10.31,10.37,10.29,10.35,145741
2020-07-01 20:30:00,10.34,10.36,10.29,10.31,132960
2020-07-01 21:00:00,10.32,10.39,10.32,10.34,102965
2020-07-01 21:30:00,10.35,10.37,10.31,10.36,158630
2020-07-01 22:00:00,10.37,10.43,10.36,10.4,306908
2020-07-01 22:30:00,10.4,10.42,10.25,10.25,781423
2020-07-02 16:30:00,10.72,10.74,10.46,10.73,1100036
2020-07-02 17:00:00,10.73,10.76,10.61,10.67,489299
2020-07-02 17:30:00,10.67,10.69,10.51,10.52,449691
2020-07-02 18:00:00,10.53,10.7,10.5,10.69,405266
2020-07-02 18:30:00,10.69,10.73,10.64,10.65,357285
2020-07-02 19:00:00,10.66,10.67,10.59,10.64,221153
2020-07-02 19:30:00,10.64,10.7,10.62,10.67,243819
2020-07-02 20:00:00,10.66,10.68,10.61,10.61,195301
2020-07-02 20:30:00,10.61,10.75,10.59,10.68,242360
2020-07-02 21:00:00,10.68,10.72,10.66,10.69,179703
2020-07-02 21:30:00,10.69,10.75,10.63,10.66,345175
2020-07-02 22:00:00,10.65,10.66,10.6,10.61,271484
2020-07-02 22:30:00,10.61,10.62,10.52,10.57,1234672
2020-07-06 16:30:00,10.88,10.93,10.72,10.74,976924
2020-07-06 17:00:00,10.74,10.87,10.7,10.73,444669
2020-07-06 17:30:00,10.73,10.78,10.69,10.74,450449
2020-07-06 18:00:00,10.74,10.76,10.66,10.69,241137
2020-07-06 18:30:00,10.69,10.69,10.62,10.62,236581
2020-07-06 19:00:00,10.62,10.74,10.6,10.73,254494
2020-07-06 19:30:00,10.74,10.75,10.68,10.72,180457
2020-07-06 20:00:00,10.72,10.76,10.71,10.75,351730
2020-07-06 20:30:00,10.75,10.78,10.73,10.73,345001
2020-07-06 21:00:00,10.73,10.75,10.66,10.7,437171
2020-07-06 21:30:00,10.71,10.75,10.68,10.7,324411
2020-07-06 22:00:00,10.71,10.82,10.7,10.78,332107
2020-07-06 22:30:00,10.77,10.78,10.69,10.76,1099181
2020-07-07 16:30:00,10.62,10.74,10.58,10.72,547999
2020-07-07 17:00:00,10.71,10.75,10.52,10.53,335972
2020-07-07 17:30:00,10.53,10.59,10.49,10.59,290746
2020-07-07 18:00:00,10.58,10.59,10.5,10.54,279425
2020-07-07 18:30:00,10.54,10.55,10.45,10.48,148536
2020-07-07 19:00:00,10.48,10.52,10.46,10.49,148758
2020-07-07 19:30:00,10.48,10.5,10.4,10.45,235421
2020-07-07 20:00:00,10.45,10.51,10.43,10.44,237666
2020-07-07 20:30:00,10.44,10.51,10.43,10.49,118566
2020-07-07 21:00:00,10.5,10.52,10.44,10.46,119582
2020-07-07 21:30:00,10.47,10.48,10.38,10.4,159859
2020-07-07 22:00:00,10.4,10.41,10.36,10.39,236768
2020-07-07 22:30:00,10.39,10.4,10.31,10.33,834501
2020-07-08 16:30:00,10.41,10.57,10.27,10.55,549937
2020-07-08 17:00:00,10.54,10.65,10.51,10.53,328290
2020-07-08 17:30:00,10.53,10.58,10.45,10.47,222684
2020-07-08 18:00:00,10.47,10.47,10.38,10.41,225420
2020-07-08 18:30:00,10.41,10.47,10.4,10.45,180853
2020-07-08 19:00:00,10.46,10.49,10.42,10.46,141707
2020-07-08 19:30:00,10.46,10.47,10.42,10.46,119993
2020-07-08 20:00:00,10.46,10.47,10.36,10.36,132071
2020-07-08 20:30:00,10.36,10.45,10.36,10.42,149959
2020-07-08 21:00:00,10.42,10.48,10.41,10.44,188293
2020-07-08 21:30:00,10.44,10.53,10.42,10.51,221192
2020-07-08 22:00:00,10.52,10.63,10.48,10.6,253366
2020-07-08 22:30:00,10.61,10.63,10.56,10.62,694412
2020-07-09 16:30:00,10.52,10.62,10.36,10.36,307882
2020-07-09 17:00:00,10.37,10.46,10.32,10.36,189581
2020-07-09 17:30:00,10.36,10.4,10.11,10.16,540287
2020-07-09 18:00:00,10.15,10.22,10.05,10.17,495915
2020-07-09 18:30:00,10.16,10.18,10.06,10.11,251903
2020-07-09 19:00:00,10.11,10.17,10.1,10.11,217464
2020-07-09 19:30:00,10.1,10.13,10.04,10.08,135580
2020-07-09 20:00:00,10.08,10.18,10.06,10.14,270971
2020-07-09 20:30:00,10.14,10.18,10.07,10.08,252820
2020-07-09 21:00:00,10.07,10.15,10.07,10.15,261062
2020-07-09 21:30:00,10.14,10.16,10.08,10.12,283393
2020-07-09 22:00:00,10.13,10.15,10.03,10.05,448111
2020-07-09 22:30:00,10.05,10.11,10.01,10.05,1160226
2020-07-10 16:30:00,10.01,10.33,9.96,10.26,565896
2020-07-10 17:00:00,10.26,10.26,10.11,10.18,492676
2020-07-10 17:30:00,10.18,10.28,10.16,10.22,403520
2020-07-10 18:00:00,10.21,10.3,10.16,10.3,252464
2020-07-10 18:30:00,10.3,10.36,10.22,10.33,352273
2020-07-10 19:00:00,10.34,10.45,10.33,10.43,658972
2020-07-10 19:30:00,10.44,10.54,10.39,10.53,773017
2020-07-10 20:00:00,10.52,10.53,10.44,10.47,195665
2020-07-10 20:30:00,10.47,10.57,10.46,10.54,267619
2020-07-10 21:00:00,10.53,10.56,10.48,10.49,266471
2020-07-10 21:30:00,10.49,10.56,10.49,10.5,269042
2020-07-10 22:00:00,10.51,10.54,10.46,10.52,313639
2020-07-10 22:30:00,10.52,10.56,10.49,10.53,1076922
2020-07-13 16:30:00,10.61,10.7,10.48,10.51,400295
2020-07-13 17:00:00,10.5,10.63,10.45,10.59,336274
2020-07-13 17:30:00,10.59,10.63,10.47,10.58,253145
2020-07-13 18:00:00,10.57,10.65,10.52,10.62,237077
2020-07-13 18:30:00,10.62,10.66,10.57,10.6,221999
2020-07-13 19:00:00,10.6,10.62,10.55,10.59,238523
2020-07-13 19:30:00,10.6,10.72,10.6,10.71,262974
2020-07-13 20:00:00,10.71,10.77,10.66,10.71,190991
2020-07-13 20:30:00,10.71,10.81,10.7,10.75,218538
2020-07-13 21:00:00,10.75,10.77,10.69,10.76,282803
2020-07-13 21:30:00,10.75,10.79,10.72,10.78,212274
2020-07-13 22:00:00,10.78,10.79,10.71,10.71,398734
2020-07-13 22:30:00,10.72,10.73,10.59,10.62,1291162
2020-07-14 16:30:00,10.57,10.61,10.29,10.61,651610
2020-07-14 17:00:00,10.6,10.65,10.39,10.48,624589
2020-07-14 17:30:00,10.48,10.66,10.47,10.63,311196
2020-07-14 18:00:00,10.63,10.73,10.61,10.64,235804
2020-07-14 18:30:00,10.64,10.69,10.58,10.62,191831
2020-07-14 19:00:00,10.63,10.63,10.5,10.51,188438
2020-07-14 19:30:00,10.51,10.52,10.43,10.44,274099
2020-07-14 20:00:00,10.44,10.48,10.38,10.38,215952
2020-07-14 20:30:00,10.38,10.51,10.38,10.45,224384
2020-07-14 21:00:00,10.45,10.49,10.42,10.42,230119
2020-07-14 21:30:00,10.43,10.51,10.42,10.5,191001
2020-07-14 22:00:00,10.5,10.51,10.43,10.43,304396
2020-07-14 22:30:00,10.43,10.59,10.43,10.49,791788
2020-07-15 16:30:00,10.73,10.84,10.58,10.66,781900
2020-07-15 17:00:00,10.65,10.75,10.56,10.74,407899
2020-07-15 17:30:00,10.73,10.83,10.73,10.82,331413
2020-07-15 18:00:00,10.82,10.84,10.64,10.71,652526
2020-07-15 18:30:00,10.71,10.75,10.67,10.7,355003
2020-07-15 19:00:00,10.7,10.75,10.63,10.74,253394
2020-07-15 19:30:00,10.74,10.78,10.69,10.78,199334
2020-07-15 20:00:00,10.79,10.86,10.78,10.82,239992
2020-07-15 20:30:00,10.82,10.86,10.8,10.85,167203
2020-07-15 21:00:00,10.85,10.9,10.82,10.85,332522
2020-07-15 21:30:00,10.86,10.95,10.85,10.88,353057
2020-07-15 22:00:00,10.87,10.95,10.86,10.93,389624
2020-07-15 22:30:00,10.93,10.97,10.88,10.93,1372609
2020-07-16 16:30:00,10.77,10.94,10.67,10.85,388116
2020-07-16 17:00:00,10.86,10.98,10.82,10.93,248106
2020-07-16 17:30:00,10.93,11.05,10.91,11.03,268891
2020-07-16 18:00:00,11.03,11.08,10.99,11.05,513819
2020-07-16 18:30:00,11.05,11.06,10.85,10.86,329682
2020-07-16 19:00:00,10.86,10.86,10.78,10.83,274912
2020-07-16 19:30:00,10.83,10.84,10.76,10.78,189376
2020-07-16 20:00:00,10.77,10.87,10.76,10.84,266370
2020-07-16 20:30:00,10.84,10.85,10.76,10.78,157109
2020-07-16 21:00:00,10.78,10.8,10.76,10.79,144818
2020-07-16 21:30:00,10.79,10.79,10.65,10.67,258835
2020-07-16 22:00:00,10.67,10.78,10.66,10.78,271290
2020-07-16 22:30:00,10.76,10.79,10.72,10.73,970847
2020-07-17 16:30:00,10.8,10.87,10.64,10.86,442793
2020-07-17 17:00:00,10.84,10.86,10.59,10.62,457105
2020-07-17 17:30:00,10.6,10.65,10.57,10.61,212330
2020-07-17 18:00:00,10.62,10.67,10.57,10.62,272551
2020-07-17 18:30:00,10.62,10.66,10.6,10.63,264245
2020-07-17 19:00:00,10.63,10.67,10.61,10.61,175372
2020-07-17 19:30:00,10.61,10.64,10.52,10.52,495010
2020-07-17 20:00:00,10.53,10.64,10.52,10.61,267070
2020-07-17 20:30:00,10.61,10.63,10.56,10.58,169612
2020-07-17 21:00:00,10.58,10.58,10.51,10.56,182750
2020-07-17 21:30:00,10.56,10.59,10.51,10.51,217081
2020-07-17 22:00:00,10.52,10.57,10.5,10.55,259456
2020-07-17 22:30:00,10.54,10.56,10.48,10.49,938224
2020-07-20 16:30:00,10.42,10.47,10.22,10.29,521346
2020-07-20 17:00:00,10.3,10.32,10.18,10.24,491124
2020-07-20 17:30:00,10.25,10.3,10.21,10.21,257472
2020-07-20 18:00:00,10.22,10.28,10.21,10.23,206535
2020-07-20 18:30:00,10.24,10.26,10.21,10.22,180653
2020-07-20 19:00:00,10.23,10.25,10.17,10.25,314497
2020-07-20 19:30:00,10.25,10.3,10.25,10.28,197920
2020-07-20 20:00:00,10.29,10.33,10.26,10.32,99024
2020-07-20 20:30:00,10.31,10.36,10.31,10.33,267064
2020-07-20 21:00:00,10.33,10.36,10.28,10.31,138861
2020-07-20 21:30:00,10.31,10.33,10.28,10.29,125840
2020-07-20 22:00:00,10.29,10.31,10.27,10.31,318935
2020-07-20 22:30:00,10.31,10.36,10.29,10.29,1158330
2020-07-21 16:30:00,10.38,10.57,10.38,10.48,515065
2020-07-21 17:00:00,10.48,10.55,10.41,10.43,232995
2020-07-21 17:30:00,10.44,10.52,10.39,10.51,238054
2020-07-21 18:00:00,10.51,10.69,10.51,10.65,357026
2020-07-21 18:30:00,10.65,10.7,10.62,10.69,255538
2020-07-21 19:00:00,10.68,10.7,10.59,10.65,167842
2020-07-21 19:30:00,10.66,10.72,10.65,10.69,354462
2020-07-21 20:00:00,10.69,10.71,10.63,10.66,229259
2020-07-21 20:30:00,10.67,10.71,10.64,10.69,150692
2020-07-21 21:00:00,10.68,10.7,10.63,10.66,139959
2020-07-21 21:30:00,10.66,10.75,10.66,10.75,162042
2020-07-21 22:00:00,10.74,10.77,10.7,10.7,455334
2020-07-21 22:30:00,10.71,10.75,10.67,10.73,998474
2020-07-22 16:30:00,10.64,10.76,10.58,10.66,321649
2020-07-22 17:00:00,10.66,10.71,10.62,10.68,219759
2020-07-22 17:30:00,10.68,10.83,10.66,10.82,165114
2020-07-22 18:00:00,10.83,10.85,10.75,10.75,118768
2020-07-22 18:30:00,10.76,10.77,10.67,10.7,236802
2020-07-22 19:00:00,10.7,10.71,10.65,10.68,135794
2020-07-22 19:30:00,10.69,10.71,10.67,10.69,70577
2020-07-22 20:00:00,10.69,10.7,10.65,10.68,120679
2020-07-22 20:30:00,10.67,10.68,10.62,10.62,94364
2020-07-22 21:00:00,10.63,10.67,10.58,10.6,144643
2020-07-22 21:30:00,10.6,10.63,10.57,10.58,207397
2020-07-22 22:00:00,10.59,10.6,10.53,10.56,366006
2020-07-22 22:30:00,10.56,10.59,10.53,10.54,1309266
2020-07-23 16:30:00,10.46,10.62,10.4,10.47,290105
2020-07-23 17:00:00,10.48,10.5,10.38,10.42,167074
2020-07-23 17:30:00,10.42,10.52,10.38,10.48,232067
2020-07-23 18:00:00,10.49,10.6,10.47,10.59,304362
2020-07-23 18:30:00,10.59,10.62,10.56,10.58,312838
2020-07-23 19:00:00,10.58,10.7,10.57,10.69,441276
2020-07-23 19:30:00,10.7,10.81,10.66,10.77,551344
2020-07-23 20:00:00,10.77,10.81,10.7,10.76,338283
2020-07-23 20:30:00,10.76,10.76,10.64,10.67,202467
2020-07-23 21:00:00,10.67,10.71,10.6,10.63,223075
2020-07-23 21:30:00,10.63,10.66,10.55,10.59,377793
2020-07-23 22:00:00,10.6,10.63,10.56,10.6,418854
2020-07-23 22:30:00,10.61,10.68,10.58,10.68,1240221
2020-07-24 16:30:00,10.69,10.88,10.69,10.73,672269
2020-07-24 17:00:00,10.74,10.82,10.66,10.72,376494
2020-07-24 17:30:00,10.72,10.83,10.72,10.72,245699
2020-07-24 18:00:00,10.71,10.74,10.58,10.58,171466
2020-07-24 18:30:00,10.59,10.64,10.58,10.61,80361
2020-07-24 19:00:00,10.62,10.63,10.55,10.56,197558
2020-07-24 19:30:00,10.56,10.6,10.56,10.58,104664
2020-07-24 20:00:00,10.58,10.6,10.52,10.52,159452
2020-07-24 20:30:00,10.53,10.56,10.5,10.51,208827
2020-07-24 21:00:00,10.51,10.52,10.47,10.5,156941
2020-07-24 21:30:00,10.5,10.51,10.43,10.44,161334
2020-07-24 22:00:00,10.43,10.47,10.38,10.39,253158
2020-07-24 22:30:00,10.39,10.45,10.37,10.43,718591
2020-07-27 16:30:00,10.34,10.43,10.17,10.42,538154
2020-07-27 17:00:00,10.43,10.61,10.33,10.6,693809
2020-07-27 17:30:00,10.6,10.62,10.52,10.56,265622
2020-07-27 18:00:00,10.56,10.63,10.55,10.61,279469
2020-07-27 18:30:00,10.61,10.7,10.59,10.64,439073
2020-07-27 19:00:00,10.65,10.7,10.55,10.7,549447
2020-07-27 19:30:00,10.69,10.79,10.69,10.74,362005
2020-07-27 20:00:00,10.75,10.78,10.71,10.76,197681
2020-07-27 20:30:00,10.76,10.77,10.72,10.74,151220
2020-07-27 21:00:00,10.75,10.78,10.73,10.74,282335
2020-07-27 21:30:00,10.75,10.81,10.74,10.79,322707
2020-07-27 22:00:00,10.78,10.79,10.73,10.76,371159
2020-07-27 22:30:00,10.76,10.79,10.66,10.71,1675792
2020-07-28 16:30:00,10.56,10.63,10.12,10.16,1628528
2020-07-28 17:00:00,10.17,10.37,10.07,10.36,736785
2020-07-28 17:30:00,10.36,10.37,10.3,10.3,637263
2020-07-28 18:00:00,10.31,10.41,10.23,10.41,596716
2020-07-28 18:30:00,10.41,10.48,10.3,10.43,311801
2020-07-28 19:00:00,10.43,10.43,10.24,10.34,411825
2020-07-28 19:30:00,10.34,10.43,10.29,10.35,419181
2020-07-28 20:00:00,10.35,10.42,10.35,10.42,162059
2020-07-28 20:30:00,10.41,10.43,10.38,10.4,173266
2020-07-28 21:00:00,10.4,10.47,10.39,10.46,256898
2020-07-28 21:30:00,10.46,10.47,10.4,10.46,176475
2020-07-28 22:00:00,10.45,10.48,10.35,10.36,338351
2020-07-28 22:30:00,10.36,10.41,10.35,10.38,929494
2020-07-29 16:30:00,10.41,10.46,10.29,10.31,299397
2020-07-29 17:00:00,10.3,10.36,10.26,10.26,229652
2020-07-29 17:30:00,10.25,10.27,10.21,10.26,193646
2020-07-29 18:00:00,10.25,10.38,10.24,10.37,254386
2020-07-29 18:30:00,10.37,10.42,10.34,10.41,189698
2020-07-29 19:00:00,10.41,10.5,10.41,10.48,386146
2020-07-29 19:30:00,10.47,10.49,10.42,10.45,183168
2020-07-29 20:00:00,10.45,10.5,10.44,10.49,162140
2020-07-29 20:30:00,10.49,10.5,10.43,10.44,181773
2020-07-29 21:00:00,10.44,10.49,10.41,10.41,229321
2020-07-29 21:30:00,10.41,10.47,10.4,10.47,289286
2020-07-29 22:00:00,10.46,10.61,10.44,10.57,541976
2020-07-29 22:30:00,10.57,10.63,10.54,10.61,1583534
2020-07-30 16:30:00,10.32,10.39,10.08,10.09,550161
2020-07-30 17:00:00,10.08,10.14,10.07,10.13,338297
2020-07-30 17:30:00,10.13,10.14,10.01,10.07,288206
2020-07-30 18:00:00,10.06,10.24,10.05,10.18,271898
2020-07-30 18:30:00,10.19,10.21,10.09,10.12,218020
2020-07-30 19:00:00,10.13,10.15,10.09,10.13,146694
2020-07-30 19:30:00,10.14,10.17,10.09,10.11,325786
2020-07-30 20:00:00,10.11,10.17,10.11,10.11,131639
2020-07-30 20:30:00,10.12,10.14,10.1,10.11,136495
2020-07-30 21:00:00,10.12,10.17,10.09,10.14,200824
2020-07-30 21:30:00,10.14,10.19,10.13,10.17,170699
2020-07-30 22:00:00,10.17,10.2,10.15,10.19,144530
2020-07-30 22:30:00,10.19,10.22,10.1,10.11,938629
2020-07-31 16:30:00,10.09,10.13,9.95,10.02,514717
2020-07-31 17:00:00,10.03,10.09,9.91,9.94,370335
2020-07-31 17:30:00,9.94,9.98,9.88,9.92,269111
2020-07-31 18:00:00,9.93,9.95,9.87,9.95,227414
2020-07-31 18:30:00,9.95,9.96,9.87,9.89,203958
2020-07-31 19:00:00,9.87,9.91,9.86,9.91,217103
2020-07-31 19:30:00,9.91,9.92,9.87,9.91,288252
2020-07-31 20:00:00,9.91,10.05,9.9,10.03,405699
2020-07-31 20:30:00,10.03,10.08,10.03,10.04,449530
2020-07-31 21:00:00,10.05,10.07,9.95,9.97,270585
2020-07-31 21:30:00,9.97,10.01,9.96,9.98,320547
2020-07-31 22:00:00,9.99,10.02,9.95,10.0,419139
2020-07-31 22:30:00,10.0,10.06,9.95,10.04,1178258
2020-08-03 16:30:00,10.0,10.0,9.86,9.93,434038
2020-08-03 17:00:00,9.93,10.0,9.92,9.95,214542
2020-08-03 17:30:00,9.95,9.99,9.9,9.93,181405
2020-08-03 18:00:00,9.93,9.99,9.91,9.96,192100
2020-08-03 18:30:00,9.97,10.0,9.94,9.97,167387
2020-08-03 19:00:00,9.97,10.0,9.92,9.92,136520
2020-08-03 19:30:00,9.92,9.99,9.91,9.94,108060
2020-08-03 20:00:00,9.95,9.97,9.93,9.96,103980
2020-08-03 20:30:00,9.97,10.0,9.96,9.98,107307
2020-08-03 21:00:00,9.99,10.05,9.98,10.04,150125
2020-08-03 21:30:00,10.04,10.1,10.04,10.08,263516
2020-08-03 22:00:00,10.08,10.1,10.0,10.01,322803
2020-08-03 22:30:00,10.01,10.05,9.97,10.0,855449
2020-08-04 16:30:00,10.0,10.11,9.86,9.91,495772
2020-08-04 17:00:00,9.91,9.99,9.86,9.87,381653
2020-08-04 17:30:00,9.87,9.9,9.82,9.89,312194
2020-08-04 18:00:00,9.89,9.91,9.85,9.89,210483
2020-08-04 18:30:00,9.88,9.89,9.84,9.86,177011
2020-08-04 19:00:00,9.85,9.86,9.77,9.79,161119
2020-08-04 19:30:00,9.78,9.8,9.75,9.78,172909
2020-08-04 20:00:00,9.78,9.82,9.76,9.81,120965
2020-08-04 20:30:00,9.81,9.83,9.79,9.82,118356
2020-08-04 21:00:00,9.81,9.85,9.8,9.81,186567
2020-08-04 21:30:00,9.82,9.83,9.79,9.8,193874
2020-08-04 22:00:00,9.81,9.82,9.75,9.76,281213
2020-08-04 22:30:00,9.76,9.79,9.72,9.79,795127
2020-08-05 16:30:00,9.89,9.97,9.82,9.89,377386
2020-08-05 17:00:00,9.88,9.92,9.87,9.91,248188
2020-08-05 17:30:00,9.91,10.08,9.9,10.06,272137
2020-08-05 18:00:00,10.07,10.11,10.05,10.09,267168
2020-08-05 18:30:00,10.08,10.15,10.07,10.15,183904
2020-08-05 19:00:00,10.14,10.23,10.13,10.21,400103
2020-08-05 19:30:00,10.21,10.22,10.17,10.19,153340
2020-08-05 20:00:00,10.19,10.22,10.18,10.2,152479
2020-08-05 20:30:00,10.21,10.23,10.18,10.19,108019
2020-08-05 21:00:00,10.2,10.22,10.17,10.19,209717
2020-08-05 21:30:00,10.19,10.25,10.18,10.22,200848
2020-08-05 22:00:00,10.23,10.26,10.2,10.2,369550
2020-08-05 22:30:00,10.21,10.3,10.2,10.27,635600
2020-08-06 16:30:00,10.18,10.31,10.15,10.21,389032
2020-08-06 17:00:00,10.2,10.39,10.19,10.37,333994
2020-08-06 17:30:00,10.37,10.39,10.28,10.32,204702
2020-08-06 18:00:00,10.32,10.33,10.25,10.27,169842
2020-08-06 18:30:00,10.27,10.36,10.24,10.35,209149
2020-08-06 19:00:00,10.35,10.4,10.31,10.37,334660
2020-08-06 19:30:00,10.38,10.38,10.27,10.31,196908
2020-08-06 20:00:00,10.31,10.36,10.3,10.35,109590
2020-08-06 20:30:00,10.34,10.35,10.29,10.31,139804
2020-08-06 21:00:00,10.31,10.35,10.31,10.35,126615
2020-08-06 21:30:00,10.34,10.38,10.33,10.34,134534
2020-08-06 22:00:00,10.34,10.36,10.32,10.35,190027
2020-08-06 22:30:00,10.35,10.38,10.3,10.33,936997
2020-08-07 16:30:00,10.25,10.3,10.19,10.26,196428
2020-08-07 17:00:00,10.27,10.33,10.26,10.31,204253
2020-08-07 17:30:00,10.32,10.42,10.31,10.38,290123
2020-08-07 18:00:00,10.38,10.49,10.38,10.46,318692
2020-08-07 18:30:00,10.46,10.48,10.44,10.46,134030
2020-08-07 19:00:00,10.46,10.52,10.45,10.52,198313
2020-08-07 19:30:00,10.51,10.6,10.5,10.57,150600
2020-08-07 20:00:00,10.57,10.65,10.55,10.65,198583
2020-08-07 20:30:00,10.65,10.71,10.6,10.69,240060
2020-08-07 21:00:00,10.7,10.7,10.62,10.65,200223
2020-08-07 21:30:00,10.64,10.69,10.62,10.69,149785
2020-08-07 22:00:00,10.68,10.77,10.68,10.71,505122
2020-08-07 22:30:00,10.72,10.79,10.69,10.78,821257
2020-08-10 16:30:00,10.86,10.94,10.76,10.86,283223
2020-08-10 17:00:00,10.87,10.88,10.79,10.82,187146
2020-08-10 17:30:00,10.83,10.91,10.81,10.83,264909
2020-08-10 18:00:00,10.82,10.86,10.79,10.84,178549
2020-08-10 18:30:00,10.84,10.93,10.82,10.88,145925
2020-08-10 19:00:00,10.88,10.89,10.83,10.85,125395
2020-08-10 19:30:00,10.86,10.87,10.78,10.81,168236
2020-08-10 20:00:00,10.82,10.85,10.77,10.8,109250
2020-08-10 20:30:00,10.81,10.87,10.8,10.87,99547
2020-08-10 21:00:00,10.87,10.91,10.85,10.89,141868
2020-08-10 21:30:00,10.89,10.91,10.86,10.9,116148
2020-08-10 22:00:00,10.89,10.92,10.82,10.87,347719
2020-08-10 22:30:00,10.87,10.88,10.78,10.8,648707
2020-08-11 16:30:00,11.08,11.31,11.05,11.18,623441
2020-08-11 17:00:00,11.18,11.25,11.11,11.22,428512
2020-08-11 17:30:00,11.22,11.32,11.19,11.19,531467
2020-08-11 18:00:00,11.2,11.22,11.1,11.14,203601
2020-08-11 18:30:00,11.13,11.18,11.07,11.1,181306
2020-08-11 19:00:00,11.1,11.11,11.05,11.11,136622
2020-08-11 19:30:00,11.11,11.14,11.09,11.11,100974
2020-08-11 20:00:00,11.11,11.18,11.09,11.16,148179
2020-08-11 20:30:00,11.16,11.21,11.15,11.19,131028
2020-08-11 21:00:00,11.2,11.21,11.13,11.13,162844
2020-08-11 21:30:00,11.14,11.16,11.09,11.14,253319
2020-08-11 22:00:00,11.15,11.16,10.98,11.06,298250
2020-08-11 22:30:00,11.05,11.06,10.91,10.95,669030
2020-08-12 16:30:00,11.5,11.78,11.42,11.52,1709424
2020-08-12 17:00:00,11.52,11.57,11.32,11.35,596431
2020-08-12 17:30:00,11.36,11.41,11.33,11.38,413518
2020-08-12 18:00:00,11.37,11.48,11.34,11.37,256644
2020-08-12 18:30:00,11.37,11.4,11.3,11.31,382648
2020-08-12 19:00:00,11.32,11.39,11.32,11.35,287345
2020-08-12 19:30:00,11.36,11.39,11.33,11.34,250476
2020-08-12 20:00:00,11.35,11.36,11.22,11.25,677099
2020-08-12 20:30:00,11.26,11.35,11.25,11.33,480616
2020-08-12 21:00:00,11.33,11.35,11.26,11.33,245558
2020-08-12 21:30:00,11.34,11.4,11.33,11.4,216610
2020-08-12 22:00:00,11.4,11.44,11.38,11.44,416002
2020-08-12 22:30:00,11.44,11.44,11.37,11.38,1396880
2020-08-13 16:30:00,10.99,11.11,10.74,11.06,824895
2020-08-13 17:00:00,11.06,11.13,10.98,11.01,599537
2020-08-13 17:30:00,11.01,11.05,10.93,10.96,264148
2020-08-13 18:00:00,10.96,10.97,10.84,10.85,239782
2020-08-13 18:30:00,10.86,10.86,10.74,10.82,209161
2020-08-13 19:00:00,10.82,10.83,10.77,10.79,183374
2020-08-13 19:30:00,10.77,10.81,10.75,10.78,256432
2020-08-13 20:00:00,10.77,10.86,10.77,10.84,180060
2020-08-13 20:30:00,10.85,10.86,10.75,10.77,323838
2020-08-13 21:00:00,10.77,10.8,10.73,10.76,261497
2020-08-13 21:30:00,10.76,10.79,10.68,10.7,438531
2020-08-13 22:00:00,10.7,10.76,10.67,10.75,334637
2020-08-13 22:30:00,10.74,10.76,10.7,10.7,719392
2020-08-14 16:30:00,10.55,10.62,10.43,10.56,471642
2020-08-14 17:00:00,10.56,10.61,10.51,10.61,386229
2020-08-14 17:30:00,10.61,10.64,10.55,10.57,203466
2020-08-14 18:00:00,10.57,10.6,10.54,10.57,192358
2020-08-14 18:30:00,10.57,10.65,10.56,10.64,193165
2020-08-14 19:00:00,10.64,10.66,10.61,10.65,191440
2020-08-14 19:30:00,10.65,10.68,10.62,10.67,169595
2020-08-14 20:00:00,10.66,10.74,10.65,10.72,196976
2020-08-14 20:30:00,10.72,10.79,10.72,10.78,240561
2020-08-14 21:00:00,10.77,10.77,10.73,10.73,173127
2020-08-14 21:30:00,10.73,10.75,10.7,10.7,168991
2020-08-14 22:00:00,10.7,10.72,10.68,10.7,228033
2020-08-14 22:30:00,10.71,10.72,10.64,10.69,913065
2020-08-17 16:30:00,10.62,10.81,10.53,10.65,333552
2020-08-17 17:00:00,10.66,10.68,10.6,10.63,166181
2020-08-17 17:30:00,10.61,10.62,10.55,10.58,132689
2020-08-17 18:00:00,10.6,10.61,10.57,10.57,203075
2020-08-17 18:30:00,10.57,10.62,10.54,10.62,112636
2020-08-17 19:00:00,10.61,10.63,10.59,10.62,120091
2020-08-17 19:30:00,10.62,10.69,10.61,10.64,128352
2020-08-17 20:00:00,10.63,10.68,10.6,10.65,96829
2020-08-17 20:30:00,10.65,10.67,10.63,10.64,81404
2020-08-17 21:00:00,10.64,10.69,10.62,10.68,107975
2020-08-17 21:30:00,10.68,10.7,10.66,10.69,76732
2020-08-17 22:00:00,10.69,10.69,10.63,10.63,125429
2020-08-17 22:30:00,10.63,10.66,10.56,10.58,663995
2020-08-18 16:30:00,10.55,10.69,10.52,10.54,262186
2020-08-18 17:00:00,10.54,10.56,10.38,10.41,361734
2020-08-18 17:30:00,10.4,10.41,10.34,10.37,159043
2020-08-18 18:00:00,10.38,10.41,10.31,10.39,228542
2020-08-18 18:30:00,10.39,10.42,10.36,10.4,183600
2020-08-18 19:00:00,10.4,10.41,10.33,10.38,203578
2020-08-18 19:30:00,10.38,10.39,10.31,10.34,158874
2020-08-18 20:00:00,10.33,10.36,10.3,10.3,120063
2020-08-18 20:30:00,10.3,10.36,10.29,10.35,201255
2020-08-18 21:00:00,10.35,10.36,10.27,10.3,189961
2020-08-18 21:30:00,10.3,10.3,10.25,10.25,233489
2020-08-18 22:00:00,10.26,10.34,10.25,10.33,574840
2020-08-18 22:30:00,10.33,10.34,10.26,10.3,755458
2020-08-19 16:30:00,10.31,10.59,10.28,10.56,279662
2020-08-19 17:00:00,10.56,10.58,10.37,10.42,162918
2020-08-19 17:30:00,10.42,10.46,10.4,10.42,119339
2020-08-19 18:00:00,10.42,10.45,10.39,10.42,70233
2020-08-19 18:30:00,10.42,10.44,10.4,10.41,113506
2020-08-19 19:00:00,10.41,10.42,10.36,10.39,120134
2020-08-19 19:30:00,10.39,10.4,10.32,10.34,118303
2020-08-19 20:00:00,10.33,10.36,10.32,10.32,76790
2020-08-19 20:30:00,10.32,10.38,10.32,10.37,55633
2020-08-19 21:00:00,10.36,10.43,10.35,10.39,97289
2020-08-19 21:30:00,10.4,10.41,10.36,10.37,69918
2020-08-19 22:00:00,10.37,10.39,10.34,10.35,91753
2020-08-19 22:30:00,10.34,10.37,10.29,10.34,420649
2020-08-20 16:30:00,10.2,10.23,10.05,10.12,238967
2020-08-20 17:00:00,10.13,10.18,10.08,10.14,124393
2020-08-20 17:30:00,10.15,10.16,10.03,10.04,156939
2020-08-20 18:00:00,10.04,10.07,10.0,10.03,175205
2020-08-20 18:30:00,10.03,10.1,10.01,10.1,137665
2020-08-20 19:00:00,10.1,10.13,10.05,10.08,98776
2020-08-20 19:30:00,10.08,10.13,10.07,10.11,91951
2020-08-20 20:00:00,10.12,10.14,10.07,10.07,109865
2020-08-20 20:30:00,10.08,10.11,10.04,10.05,81600
2020-08-20 21:00:00,10.05,10.07,10.04,10.04,99836
2020-08-20 21:30:00,10.05,10.07,10.04,10.06,96468
2020-08-20 22:00:00,10.06,10.09,10.0,10.01,179464
2020-08-20 22:30:00,10.01,10.08,10.0,10.03,628544
2020-08-21 16:30:00,10.0,10.22,9.94,10.19,461229
2020-08-21 17:00:00,10.21,10.25,10.08,10.12,211512
2020-08-21 17:30:00,10.12,10.17,10.07,10.15,118486
2020-08-21 18:00:00,10.14,10.17,10.1,10.1,179948
2020-08-21 18:30:00,10.1,10.13,10.06,10.06,96834
2020-08-21 19:00:00,10.07,10.1,10.01,10.02,113950
2020-08-21 19:30:00,10.02,10.03,9.99,9.99,87283
2020-08-21 20:00:00,10.0,10.03,9.98,10.03,93043
2020-08-21 20:30:00,10.02,10.08,10.01,10.04,114619
2020-08-21 21:00:00,10.05,10.07,10.02,10.03,91584
2020-08-21 21:30:00,10.03,10.08,10.02,10.03,142528
2020-08-21 22:00:00,10.04,10.09,10.02,10.07,150332
2020-08-21 22:30:00,10.07,10.16,10.05,10.14,1026496
2020-08-24 16:30:00,10.17,10.35,10.1,10.33,381029
2020-08-24 17:00:00,10.33,10.43,10.31,10.41,249913
2020-08-24 17:30:00,10.41,10.48,10.4,10.47,166406
2020-08-24 18:00:00,10.47,10.54,10.4,10.53,227150
2020-08-24 18:30:00,10.53,10.55,10.45,10.46,134677
2020-08-24 19:00:00,10.46,10.55,10.44,10.54,182381
2020-08-24 19:30:00,10.53,10.56,10.5,10.53,261498
2020-08-24 20:00:00,10.54,10.55,10.46,10.5,131277
2020-08-24 20:30:00,10.51,10.53,10.47,10.49,103435
2020-08-24 21:00:00,10.48,10.55,10.47,10.55,120822
2020-08-24 21:30:00,10.55,10.6,10.52,10.59,163299
2020-08-24 22:00:00,10.59,10.61,10.55,10.57,244678
2020-08-24 22:30:00,10.57,10.61,10.55,10.61,739264
2020-08-25 16:30:00,10.68,10.79,10.57,10.7,339670
2020-08-25 17:00:00,10.7,10.84,10.68,10.79,641821
2020-08-25 17:30:00,10.78,10.78,10.67,10.7,252420
2020-08-25 18:00:00,10.71,10.76,10.6,10.67,445202
2020-08-25 18:30:00,10.66,10.72,10.65,10.67,257599
2020-08-25 19:00:00,10.67,10.72,10.64,10.7,293379
2020-08-25 19:30:00,10.69,10.73,10.65,10.69,244986
2020-08-25 20:00:00,10.68,10.71,10.66,10.7,162282
2020-08-25 20:30:00,10.69,10.73,10.67,10.69,170456
2020-08-25 21:00:00,10.69,10.7,10.65,10.66,136821
2020-08-25 21:30:00,10.67,10.69,10.65,10.68,175088
2020-08-25 22:00:00,10.67,10.72,10.65,10.68,250786
2020-08-25 22:30:00,10.69,10.72,10.65,10.71,938938
2020-08-26 16:30:00,10.72,10.72,10.5,10.6,359911
2020-08-26 17:00:00,10.61,10.61,10.47,10.52,161610
2020-08-26 17:30:00,10.51,10.56,10.48,10.54,119237
2020-08-26 18:00:00,10.53,10.58,10.52,10.58,123194
2020-08-26 18:30:00,10.57,10.57,10.48,10.55,137099
2020-08-26 19:00:00,10.54,10.67,10.54,10.64,389788
2020-08-26 19:30:00,10.63,10.7,10.62,10.66,216004
2020-08-26 20:00:00,10.66,10.69,10.6,10.61,255126
2020-08-26 20:30:00,10.62,10.67,10.6,10.64,180580
2020-08-26 21:00:00,10.63,10.68,10.62,10.66,119727
2020-08-26 21:30:00,10.67,10.69,10.65,10.67,229807
2020-08-26 22:00:00,10.68,10.69,10.64,10.64,179366
2020-08-26 22:30:00,10.65,10.65,10.54,10.58,910364
2020-08-27 16:30:00,10.51,10.75,10.49,10.69,355545
2020-08-27 17:00:00,10.7,10.74,10.56,10.56,343139
2020-08-27 17:30:00,10.56,10.62,10.55,10.61,145627
2020-08-27 18:00:00,10.61,10.64,10.57,10.61,337795
2020-08-27 18:30:00,10.61,10.71,10.58,10.7,438372
2020-08-27 19:00:00,10.71,10.72,10.67,10.69,141742
2020-08-27 19:30:00,10.69,10.74,10.68,10.7,167332
2020-08-27 20:00:00,10.7,10.76,10.68,10.7,791353
2020-08-27 20:30:00,10.7,10.77,10.69,10.75,179311
2020-08-27 21:00:00,10.75,10.83,10.75,10.79,170288
2020-08-27 21:30:00,10.79,10.85,10.77,10.84,121094
2020-08-27 22:00:00,10.84,10.89,10.82,10.84,273884
2020-08-27 22:30:00,10.84,10.86,10.8,10.82,524495
2020-08-28 16:30:00,10.82,10.88,10.69,10.77,263928
2020-08-28 17:00:00,10.77,10.79,10.66,10.66,185305
2020-08-28 17:30:00,10.66,10.7,10.62,10.63,196019
2020-08-28 18:00:00,10.63,10.65,10.58,10.59,226197
2020-08-28 18:30:00,10.59,10.69,10.57,10.67,128137
2020-08-28 19:00:00,10.66,10.69,10.64,10.66,145885
2020-08-28 19:30:00,10.66,10.68,10.63,10.67,103918
2020-08-28 20:00:00,10.67,10.69,10.62,10.63,120989
2020-08-28 20:30:00,10.63,10.64,10.61,10.62,88066
2020-08-28 21:00:00,10.62,10.73,10.61,10.69,276077
2020-08-28 21:30:00,10.69,10.7,10.66,10.68,119121
2020-08-28 22:00:00,10.69,10.72,10.66,10.7,168117
2020-08-28 22:30:00,10.7,10.73,10.69,10.73,489081
2020-08-31 16:30:00,10.57,10.61,10.45,10.46,632191
2020-08-31 17:00:00,10.46,10.58,10.45,10.51,238634
2020-08-31 17:30:00,10.51,10.55,10.42,10.47,200905
2020-08-31 18:00:00,10.47,10.49,10.4,10.4,259127
2020-08-31 18:30:00,10.4,10.43,10.38,10.41,168012
2020-08-31 19:00:00,10.41,10.41,10.37,10.4,111457
2020-08-31 19:30:00,10.4,10.41,10.34,10.35,122669
2020-08-31 20:00:00,10.35,10.39,10.35,10.37,116991
2020-08-31 20:30:00,10.36,10.38,10.3,10.34,182289
2020-08-31 21:00:00,10.33,10.36,10.32,10.32,145630
2020-08-31 21:30:00,10.32,10.35,10.29,10.31,254645
2020-08-31 22:00:00,10.32,10.33,10.28,10.28,350062
2020-08-31 22:30:00,10.27,10.31,10.18,10.2,1911402
2020-09-01 16:30:00,10.1,10.24,10.02,10.23,541382
2020-09-01 17:00:00,10.22,10.31,10.22,10.28,248522
2020-09-01 17:30:00,10.29,10.33,10.26,10.27,222313
2020-09-01 18:00:00,10.28,10.31,10.24,10.25,213614
2020-09-01 18:30:00,10.24,10.27,10.18,10.18,331333
2020-09-01 19:00:00,10.2,10.21,10.13,10.17,283863
2020-09-01 19:30:00,10.17,10.2,10.14,10.17,182465
2020-09-01 20:00:00,10.16,10.18,10.11,10.13,143239
2020-09-01 20:30:00,10.12,10.16,10.1,10.15,158599
2020-09-01 21:00:00,10.15,10.18,10.13,10.17,170621
2020-09-01 21:30:00,10.16,10.2,10.15,10.18,146511
2020-09-01 22:00:00,10.18,10.2,10.12,10.16,355882
2020-09-01 22:30:00,10.16,10.22,10.14,10.18,1200456
2020-09-02 16:30:00,10.2,10.29,10.1,10.28,379018
2020-09-02 17:00:00,10.29,10.32,10.2,10.26,529125
2020-09-02 17:30:00,10.26,10.33,10.24,10.26,356516
2020-09-02 18:00:00,10.26,10.34,10.25,10.25,316104
2020-09-02 18:30:00,10.26,10.33,10.25,10.3,247576
2020-09-02 19:00:00,10.3,10.39,10.28,10.37,257794
2020-09-02 19:30:00,10.38,10.42,10.37,10.4,355205
2020-09-02 20:00:00,10.4,10.43,10.38,10.42,209655
2020-09-02 20:30:00,10.43,10.52,10.42,10.49,346705
2020-09-02 21:00:00,10.5,10.53,10.46,10.52,251588
2020-09-02 21:30:00,10.52,10.63,10.51,10.63,353188
2020-09-02 22:00:00,10.62,10.65,10.58,10.63,312469
2020-09-02 22:30:00,10.63,10.67,10.6,10.63,1065109
2020-09-03 16:30:00,11.25,11.47,11.0,11.35,1486115
2020-09-03 17:00:00,11.35,11.35,11.05,11.09,1000253
2020-09-03 17:30:00,11.1,11.25,11.06,11.13,544501
2020-09-03 18:00:00,11.13,11.19,10.86,11.0,907915
2020-09-03 18:30:00,10.99,11.15,10.98,11.1,551808
2020-09-03 19:00:00,11.1,11.21,11.09,11.18,358851
2020-09-03 19:30:00,11.17,11.18,11.08,11.1,773558
2020-09-03 20:00:00,11.1,11.18,11.05,11.17,358283
2020-09-03 20:30:00,11.17,11.17,11.08,11.15,294586
2020-09-03 21:00:00,11.14,11.18,11.12,11.17,525187
2020-09-03 21:30:00,11.17,11.24,11.15,11.15,506816
2020-09-03 22:00:00,11.15,11.21,11.12,11.18,703307
2020-09-03 22:30:00,11.17,11.18,11.04,11.15,1834578
2020-09-04 16:30:00,11.4,11.57,11.27,11.35,1348702
2020-09-04 17:00:00,11.35,11.57,11.35,11.47,567237
2020-09-04 17:30:00,11.47,11.5,11.17,11.2,759585
2020-09-04 18:00:00,11.2,11.26,11.15,11.22,329981
2020-09-04 18:30:00,11.21,11.26,11.1,11.16,399094
2020-09-04 19:00:00,11.15,11.41,11.14,11.4,1023842
2020-09-04 19:30:00,11.39,11.44,11.33,11.43,580106
2020-09-04 20:00:00,11.42,11.43,11.35,11.36,317760
2020-09-04 20:30:00,11.36,11.37,11.28,11.36,257362
2020-09-04 21:00:00,11.35,11.41,11.34,11.37,264058
2020-09-04 21:30:00,11.37,11.5,11.33,11.42,682445
2020-09-04 22:00:00,11.42,11.5,11.34,11.41,773397
2020-09-04 22:30:00,11.42,11.49,11.35,11.39,1904510
2020-09-08 16:30:00,11.17,11.22,10.75,10.86,906253
2020-09-08 17:00:00,10.86,10.95,10.82,10.89,744682
2020-09-08 17:30:00,10.88,10.97,10.83,10.87,380481
2020-09-08 18:00:00,10.86,10.96,10.83,10.85,293346
2020-09-08 18:30:00,10.85,10.89,10.79,10.81,279187
2020-09-08 19:00:00,10.82,10.93,10.81,10.89,282015
2020-09-08 19:30:00,10.89,10.92,10.87,10.89,157381
2020-09-08 20:00:00,10.89,10.98,10.87,10.94,209875
2020-09-08 20:30:00,10.93,10.99,10.91,10.95,271372
2020-09-08 21:00:00,10.96,10.97,10.86,10.87,193279
2020-09-08 21:30:00,10.87,10.88,10.77,10.83,352065
2020-09-08 22:00:00,10.83,10.84,10.74,10.77,535677
2020-09-08 22:30:00,10.77,10.8,10.69,10.71,1752728
2020-09-09 16:30:00,10.74,10.77,10.53,10.57,410532
2020-09-09 17:00:00,10.58,10.72,10.55,10.59,529660
2020-09-09 17:30:00,10.59,10.67,10.56,10.66,319117
2020-09-09 18:00:00,10.66,10.71,10.62,10.65,211310
2020-09-09 18:30:00,10.64,10.68,10.58,10.61,265954
2020-09-09 19:00:00,10.61,10.63,10.56,10.56,131154
2020-09-09 19:30:00,10.57,10.61,10.52,10.53,133931
2020-09-09 20:00:00,10.53,10.65,10.52,10.61,210828
2020-09-09 20:30:00,10.61,10.7,10.6,10.69,171910
2020-09-09 21:00:00,10.68,10.73,10.64,10.66,204720
2020-09-09 21:30:00,10.66,10.72,10.66,10.67,185616
2020-09-09 22:00:00,10.67,10.78,10.66,10.74,361053
2020-09-09 22:30:00,10.74,10.8,10.67,10.7,1341870
2020-09-10 16:30:00,10.72,10.77,10.62,10.66,573690
2020-09-10 17:00:00,10.66,10.69,10.57,10.58,445778
2020-09-10 17:30:00,10.58,10.61,10.45,10.45,518338
2020-09-10 18:00:00,10.46,10.52,10.42,10.5,340121
2020-09-10 18:30:00,10.5,10.51,10.36,10.37,529757
2020-09-10 19:00:00,10.37,10.46,10.36,10.46,287047
2020-09-10 19:30:00,10.46,10.48,10.41,10.46,297158
2020-09-10 20:00:00,10.47,10.52,10.44,10.45,678213
2020-09-10 20:30:00,10.45,10.48,10.41,10.44,170423
2020-09-10 21:00:00,10.43,10.47,10.35,10.35,221549
2020-09-10 21:30:00,10.35,10.4,10.33,10.39,336145
2020-09-10 22:00:00,10.39,10.39,10.24,10.27,767208
2020-09-10 22:30:00,10.27,10.36,10.25,10.26,1064331
2020-09-11 16:30:00,10.36,10.68,10.35,10.56,1555566
2020-09-11 17:00:00,10.56,10.69,10.5,10.52,1190348
2020-09-11 17:30:00,10.52,10.58,10.49,10.52,409246
2020-09-11 18:00:00,10.51,10.64,10.5,10.63,503205
2020-09-11 18:30:00,10.64,10.65,10.58,10.6,277930
2020-09-11 19:00:00,10.59,10.66,10.56,10.64,220467
2020-09-11 19:30:00,10.65,10.66,10.58,10.59,223243
2020-09-11 20:00:00,10.6,10.61,10.53,10.55,284051
2020-09-11 20:30:00,10.55,10.61,10.53,10.57,298748
2020-09-11 21:00:00,10.57,10.65,10.56,10.61,221232
2020-09-11 21:30:00,10.61,10.69,10.61,10.65,343922
2020-09-11 22:00:00,10.66,10.72,10.59,10.69,354777
2020-09-11 22:30:00,10.69,10.74,10.67,10.71,1174660
2020-09-14 16:30:00,10.8,10.94,10.71,10.88,488464
2020-09-14 17:00:00,10.88,10.89,10.82,10.85,402178
2020-09-14 17:30:00,10.85,10.97,10.83,10.85,362968
2020-09-14 18:00:00,10.85,10.9,10.82,10.83,305210
2020-09-14 18:30:00,10.84,10.85,10.74,10.75,308820
2020-09-14 19:00:00,10.76,10.79,10.71,10.78,257220
2020-09-14 19:30:00,10.78,10.87,10.77,10.83,198406
2020-09-14 20:00:00,10.84,10.9,10.83,10.88,146108
2020-09-14 20:30:00,10.88,10.89,10.79,10.79,136165
2020-09-14 21:00:00,10.79,10.82,10.7,10.7,298904
2020-09-14 21:30:00,10.71,10.75,10.65,10.7,305060
2020-09-14 22:00:00,10.7,10.71,10.61,10.66,408645
2020-09-14 22:30:00,10.66,10.72,10.63,10.68,917038
2020-09-15 16:30:00,10.7,10.75,10.5,10.51,319650
2020-09-15 17:00:00,10.51,10.72,10.49,10.63,293766
2020-09-15 17:30:00,10.64,10.73,10.61,10.64,616845
2020-09-15 18:00:00,10.64,10.66,10.59,10.64,144244
2020-09-15 18:30:00,10.63,10.68,10.6,10.67,113828
2020-09-15 19:00:00,10.67,10.69,10.63,10.67,127651
2020-09-15 19:30:00,10.68,10.72,10.67,10.72,103691
2020-09-15 20:00:00,10.71,10.73,10.66,10.67,143077
2020-09-15 20:30:00,10.66,10.69,10.64,10.67,81740
2020-09-15 21:00:00,10.66,10.68,10.63,10.66,80690
2020-09-15 21:30:00,10.66,10.69,10.65,10.66,102670
2020-09-15 22:00:00,10.67,10.68,10.61,10.63,261231
2020-09-15 22:30:00,10.63,10.63,10.53,10.53,950169
2020-09-16 16:30:00,10.48,10.67,10.48,10.6,528023
2020-09-16 17:00:00,10.6,10.77,10.59,10.68,353682
2020-09-16 17:30:00,10.69,10.76,10.67,10.74,217238
2020-09-16 18:00:00,10.74,10.85,10.73,10.82,254152
2020-09-16 18:30:00,10.83,10.87,10.79,10.84,153711
2020-09-16 19:00:00,10.84,10.9,10.83,10.89,150011
2020-09-16 19:30:00,10.88,10.96,10.88,10.95,161717
2020-09-16 20:00:00,10.95,10.99,10.92,10.97,183959
2020-09-16 20:30:00,10.97,11.01,10.94,10.94,195778
2020-09-16 21:00:00,10.95,11.07,10.93,11.06,358950
2020-09-16 21:30:00,11.06,11.09,10.97,11.01,274095
2020-09-16 22:00:00,11.0,11.02,10.84,10.84,447949
2020-09-16 22:30:00,10.85,10.95,10.82,10.9,1055190
2020-09-17 16:30:00,10.86,10.93,10.68,10.85,747323
2020-09-17 17:00:00,10.86,11.0,10.82,10.98,430007
2020-09-17 17:30:00,10.98,11.03,10.94,11.0,263322
2020-09-17 18:00:00,11.0,11.07,10.97,11.02,446999
2020-09-17 18:30:00,11.01,11.1,11.0,11.06,294284
2020-09-17 19:00:00,11.07,11.1,10.95,10.98,148759
2020-09-17 19:30:00,10.99,11.08,10.96,11.06,270905
2020-09-17 20:00:00,11.07,11.1,11.02,11.03,197393
2020-09-17 20:30:00,11.02,11.05,11.0,11.05,147633
2020-09-17 21:00:00,11.05,11.13,11.04,11.1,372430
2020-09-17 21:30:00,11.1,11.11,11.05,11.05,164165
2020-09-17 22:00:00,11.06,11.11,11.0,11.09,310627
2020-09-17 22:30:00,11.09,11.19,11.07,11.14,1682928
2020-09-18 16:30:00,11.09,11.17,10.99,11.01,665045
2020-09-18 17:00:00,11.02,11.17,11.01,11.12,396794
2020-09-18 17:30:00,11.12,11.19,11.06,11.09,234984
2020-09-18 18:00:00,11.09,11.14,11.04,11.07,287636
2020-09-18 18:30:00,11.08,11.11,11.05,11.07,166127
2020-09-18 19:00:00,11.07,11.1,11.04,11.05,295534
2020-09-18 19:30:00,11.05,11.08,11.0,11.03,200821
2020-09-18 20:00:00,11.03,11.08,11.02,11.03,278604
2020-09-18 20:30:00,11.04,11.05,10.99,11.04,229319
2020-09-18 21:00:00,11.04,11.05,10.98,11.04,263503
2020-09-18 21:30:00,11.04,11.08,11.03,11.07,290185
2020-09-18 22:00:00,11.07,11.08,11.04,11.08,366384
2020-09-18 22:30:00,11.07,11.14,10.97,10.98,1224412
2020-09-21 16:30:00,10.55,10.65,10.49,10.6,533808
2020-09-21 17:00:00,10.59,10.64,10.36,10.4,393873
2020-09-21 17:30:00,10.38,10.38,10.19,10.21,502150
2020-09-21 18:00:00,10.22,10.26,10.12,10.13,418279
2020-09-21 18:30:00,10.13,10.17,10.07,10.11,649015
2020-09-21 19:00:00,10.11,10.21,10.08,10.17,584775
2020-09-21 19:30:00,10.16,10.2,10.1,10.13,408851
2020-09-21 20:00:00,10.13,10.19,10.08,10.16,360955
2020-09-21 20:30:00,10.16,10.2,10.14,10.15,248811
2020-09-21 21:00:00,10.15,10.17,10.1,10.12,195747
2020-09-21 21:30:00,10.11,10.12,10.07,10.1,295027
2020-09-21 22:00:00,10.11,10.21,10.1,10.19,496009
2020-09-21 22:30:00,10.19,10.26,10.16,10.22,1317023
2020-09-22 16:30:00,10.22,10.42,10.14,10.15,314242
2020-09-22 17:00:00,10.15,10.17,10.09,10.14,235761
2020-09-22 17:30:00,10.13,10.14,10.02,10.02,336457
2020-09-22 18:00:00,10.02,10.07,9.98,10.03,371535
2020-09-22 18:30:00,10.03,10.05,9.98,10.01,181838
2020-09-22 19:00:00,10.01,10.02,9.96,9.97,207417
2020-09-22 19:30:00,9.97,10.01,9.94,9.95,180008
2020-09-22 20:00:00,9.95,9.98,9.93,9.98,173653
2020-09-22 20:30:00,9.98,10.05,9.98,10.05,223399
2020-09-22 21:00:00,10.05,10.1,10.04,10.09,227625
2020-09-22 21:30:00,10.1,10.14,10.08,10.12,485439
2020-09-22 22:00:00,10.12,10.2,10.11,10.17,641177
2020-09-22 22:30:00,10.17,10.21,10.12,10.21,1079075
2020-09-23 16:30:00,10.17,10.42,10.15,10.35,608259
2020-09-23 17:00:00,10.34,10.43,10.29,10.4,327415
2020-09-23 17:30:00,10.41,10.49,10.33,10.45,484179
2020-09-23 18:00:00,10.45,10.47,10.3,10.33,323826
2020-09-23 18:30:00,10.33,10.37,10.3,10.36,196402
2020-09-23 19:00:00,10.35,10.42,10.33,10.38,353967
2020-09-23 19:30:00,10.38,10.45,10.36,10.42,336894
2020-09-23 20:00:00,10.41,10.47,10.4,10.42,455301
2020-09-23 20:30:00,10.43,10.44,10.34,10.34,417564
2020-09-23 21:00:00,10.35,10.36,10.22,10.26,802593
2020-09-23 21:30:00,10.25,10.37,10.24,10.33,1550492
2020-09-23 22:00:00,10.33,10.38,10.24,10.34,2305503
2020-09-23 22:30:00,10.33,10.46,10.31,10.44,4547089
2020-09-24 16:30:00,10.43,10.43,10.08,10.26,1346280
2020-09-24 17:00:00,10.26,10.45,10.25,10.38,370802
2020-09-24 17:30:00,10.39,10.46,10.28,10.44,762702
2020-09-24 18:00:00,10.44,10.51,10.39,10.5,1102180
2020-09-24 18:30:00,10.5,10.72,10.49,10.66,1936365
2020-09-24 19:00:00,10.67,10.72,10.58,10.7,614166
2020-09-24 19:30:00,10.7,10.74,10.59,10.71,686191
2020-09-24 20:00:00,10.7,10.81,10.67,10.81,528488
2020-09-24 20:30:00,10.81,10.88,10.76,10.77,429140
2020-09-24 21:00:00,10.78,10.81,10.71,10.76,1131017
2020-09-24 21:30:00,10.76,10.79,10.68,10.71,1064757
2020-09-24 22:00:00,10.71,10.82,10.7,10.79,2243155
2020-09-24 22:30:00,10.79,10.84,10.69,10.81,6912721
2020-09-25 16:30:00,10.66,10.77,10.54,10.58,817665
2020-09-25 17:00:00,10.58,10.63,10.47,10.54,406246
2020-09-25 17:30:00,10.54,10.59,10.48,10.53,428001
2020-09-25 18:00:00,10.53,10.53,10.44,10.49,411260
2020-09-25 18:30:00,10.48,10.51,10.42,10.47,348906
2020-09-25 19:00:00,10.47,10.69,10.46,10.68,605843
2020-09-25 19:30:00,10.68,10.76,10.68,10.73,610919
2020-09-25 20:00:00,10.72,10.78,10.7,10.73,308435
2020-09-25 20:30:00,10.73,10.77,10.71,10.75,194911
2020-09-25 21:00:00,10.75,10.8,10.75,10.77,245002
2020-09-25 21:30:00,10.77,10.82,10.76,10.8,352739
2020-09-25 22:00:00,10.8,10.89,10.79,10.84,345413
2020-09-25 22:30:00,10.85,10.87,10.79,10.81,1257677
2020-09-28 16:30:00,11.03,11.47,11.02,11.42,1698137
2020-09-28 17:00:00,11.42,11.43,11.28,11.32,778511
2020-09-28 17:30:00,11.33,11.42,11.33,11.39,538714
2020-09-28 18:00:00,11.4,11.46,11.37,11.4,680258
2020-09-28 18:30:00,11.4,11.48,11.4,11.45,410269
2020-09-28 19:00:00,11.45,11.54,11.44,11.53,508150
2020-09-28 19:30:00,11.53,11.58,11.48,11.49,507598
2020-09-28 20:00:00,11.49,11.52,11.45,11.48,557182
2020-09-28 20:30:00,11.48,11.52,11.48,11.5,507038
2020-09-28 21:00:00,11.5,11.54,11.46,11.49,859515
2020-09-28 21:30:00,11.49,11.54,11.48,11.51,364376
2020-09-28 22:00:00,11.51,11.53,11.48,11.52,673867
2020-09-28 22:30:00,11.52,11.52,11.43,11.49,2068225
2020-09-29 16:30:00,11.39,11.45,11.31,11.36,731732
2020-09-29 17:00:00,11.36,11.41,11.29,11.34,460347
2020-09-29 17:30:00,11.34,11.34,11.19,11.22,644399
2020-09-29 18:00:00,11.22,11.24,11.17,11.17,359247
2020-09-29 18:30:00,11.18,11.23,11.11,11.13,368955
2020-09-29 19:00:00,11.14,11.2,11.12,11.19,390172
2020-09-29 19:30:00,11.19,11.22,11.15,11.22,260705
2020-09-29 20:00:00,11.22,11.27,11.19,11.26,359103
2020-09-29 20:30:00,11.26,11.37,11.24,11.37,423025
2020-09-29 21:00:00,11.36,11.46,11.35,11.46,574860
2020-09-29 21:30:00,11.45,11.46,11.37,11.4,579864
2020-09-29 22:00:00,11.4,11.5,11.4,11.48,688204
2020-09-29 22:30:00,11.49,11.53,11.42,11.43,2630914
2020-09-30 16:30:00,11.49,11.64,11.48,11.53,556499
2020-09-30 17:00:00,11.53,11.65,11.51,11.59,374624
2020-09-30 17:30:00,11.59,11.63,11.54,11.55,369647
2020-09-30 18:00:00,11.56,11.57,11.46,11.49,518937
2020-09-30 18:30:00,11.5,11.51,11.44,11.44,467289
2020-09-30 19:00:00,11.45,11.52,11.44,11.52,365208
2020-09-30 19:30:00,11.52,11.59,11.49,11.59,399374
2020-09-30 20:00:00,11.57,11.58,11.53,11.57,195892
2020-09-30 20:30:00,11.57,11.62,11.52,11.53,174644
2020-09-30 21:00:00,11.53,11.57,11.37,11.41,323528
2020-09-30 21:30:00,11.39,11.4,11.25,11.37,575012
2020-09-30 22:00:00,11.37,11.45,11.3,11.38,390028
2020-09-30 22:30:00,11.38,11.47,11.35,11.4,982299
2020-10-01 16:30:00,11.46,11.55,11.28,11.29,542907
2020-10-01 17:00:00,11.28,11.34,11.23,11.24,413348
2020-10-01 17:30:00,11.24,11.32,11.21,11.24,287783
2020-10-01 18:00:00,11.25,11.32,11.22,11.29,274601
2020-10-01 18:30:00,11.3,11.31,11.23,11.25,253984
2020-10-01 19:00:00,11.25,11.27,11.2,11.24,461213
2020-10-01 19:30:00,11.24,11.32,11.22,11.23,334678
2020-10-01 20:00:00,11.24,11.33,11.23,11.28,239903
2020-10-01 20:30:00,11.28,11.34,11.24,11.24,248351
2020-10-01 21:00:00,11.24,11.26,11.16,11.24,254230
2020-10-01 21:30:00,11.23,11.27,11.22,11.26,262853
2020-10-01 22:00:00,11.26,11.29,11.19,11.22,219383
2020-10-01 22:30:00,11.21,11.26,11.17,11.24,836779
2020-10-02 16:30:00,11.88,12.13,11.66,12.13,3290767
2020-10-02 17:00:00,12.13,12.21,12.01,12.03,1969279
2020-10-02 17:30:00,12.03,12.08,11.97,12.01,1165484
2020-10-02 18:00:00,12.0,12.01,11.9,11.97,974450
2020-10-02 18:30:00,11.98,11.98,11.82,11.82,666138
2020-10-02 19:00:00,11.83,12.09,11.81,11.99,788810
2020-10-02 19:30:00,12.0,12.08,11.96,12.0,455712
2020-10-02 20:00:00,12.0,12.02,11.92,11.94,259855
2020-10-02 20:30:00,11.95,11.96,11.82,11.84,471201
2020-10-02 21:00:00,11.84,11.94,11.83,11.9,485420
2020-10-02 21:30:00,11.91,11.97,11.89,11.9,376701
2020-10-02 22:00:00,11.91,11.92,11.82,11.87,730640
2020-10-02 22:30:00,11.87,11.89,11.83,11.85,1571698
2020-10-05 16:30:00,11.96,12.03,11.81,11.84,809225
2020-10-05 17:00:00,11.84,11.86,11.76,11.76,524914
2020-10-05 17:30:00,11.77,11.97,11.76,11.89,1034721
2020-10-05 18:00:00,11.89,11.93,11.85,11.86,428008
2020-10-05 18:30:00,11.86,11.87,11.8,11.84,277023
2020-10-05 19:00:00,11.84,11.85,11.75,11.8,351395
2020-10-05 19:30:00,11.79,11.85,11.74,11.75,385181
2020-10-05 20:00:00,11.74,11.77,11.69,11.74,438279
2020-10-05 20:30:00,11.74,11.78,11.72,11.73,273675
2020-10-05 21:00:00,11.72,11.83,11.72,11.81,273962
2020-10-05 21:30:00,11.79,11.9,11.79,11.9,481350
2020-10-05 22:00:00,11.9,11.99,11.87,11.94,686419
2020-10-05 22:30:00,11.95,11.95,11.87,11.87,1078617
2020-10-06 16:30:00,12.08,12.22,12.02,12.03,1189531
2020-10-06 17:00:00,12.04,12.2,12.02,12.19,526248
2020-10-06 17:30:00,12.2,12.25,12.08,12.23,284348
2020-10-06 18:00:00,12.22,12.3,12.2,12.26,569291
2020-10-06 18:30:00,12.26,12.27,12.18,12.19,285795
2020-10-06 19:00:00,12.19,12.2,12.09,12.11,454711
2020-10-06 19:30:00,12.11,12.2,12.09,12.16,322404
2020-10-06 20:00:00,12.16,12.24,12.15,12.18,194030
2020-10-06 20:30:00,12.18,12.23,12.16,12.21,237829
2020-10-06 21:00:00,12.21,12.28,12.18,12.24,221959
2020-10-06 21:30:00,12.23,12.25,11.88,11.89,585623
2020-10-06 22:00:00,11.89,11.95,11.8,11.95,429345
2020-10-06 22:30:00,11.94,11.99,11.81,11.85,795576
2020-10-07 16:30:00,11.98,12.39,11.97,12.32,992014
2020-10-07 17:00:00,12.32,12.49,12.28,12.47,853700
2020-10-07 17:30:00,12.46,12.5,12.41,12.44,424753
2020-10-07 18:00:00,12.45,12.46,12.27,12.31,409194
2020-10-07 18:30:00,12.3,12.31,12.24,12.28,323893
2020-10-07 19:00:00,12.27,12.35,12.25,12.34,296702
2020-10-07 19:30:00,12.33,12.39,12.33,12.36,340588
2020-10-07 20:00:00,12.36,12.49,12.35,12.49,398504
2020-10-07 20:30:00,12.49,12.56,12.45,12.52,352111
2020-10-07 21:00:00,12.52,12.6,12.5,12.59,460371
2020-10-07 21:30:00,12.6,12.62,12.54,12.58,299290
2020-10-07 22:00:00,12.58,12.69,12.57,12.66,462876
2020-10-07 22:30:00,12.67,12.67,12.6,12.62,1080485
2020-10-08 16:30:00,13.05,13.33,13.0,13.21,1738022
2020-10-08 17:00:00,13.22,13.3,13.15,13.16,609854
2020-10-08 17:30:00,13.17,13.18,12.96,13.02,811040
2020-10-08 18:00:00,13.02,13.02,12.83,12.84,901091
2020-10-08 18:30:00,12.83,13.01,12.8,12.97,702510
2020-10-08 19:00:00,12.97,13.04,12.95,13.02,423465
2020-10-08 19:30:00,13.02,13.1,12.99,12.99,570470
2020-10-08 20:00:00,13.0,13.06,12.99,13.01,420724
2020-10-08 20:30:00,13.0,13.07,12.99,13.04,521436
2020-10-08 21:00:00,13.04,13.1,13.03,13.09,461071
2020-10-08 21:30:00,13.09,13.11,13.02,13.04,421531
2020-10-08 22:00:00,13.04,13.05,12.97,12.98,616589
2020-10-08 22:30:00,12.98,13.0,12.92,12.96,1546426
2020-10-09 16:30:00,13.03,13.15,12.92,13.12,765737
2020-10-09 17:00:00,13.11,13.15,13.05,13.05,305639
2020-10-09 17:30:00,13.05,13.1,12.94,13.08,350828
2020-10-09 18:00:00,13.09,13.13,13.07,13.09,165855
2020-10-09 18:30:00,13.09,13.2,13.06,13.17,327050
2020-10-09 19:00:00,13.18,13.28,13.18,13.22,492800
2020-10-09 19:30:00,13.23,13.27,13.17,13.18,371924
2020-10-09 20:00:00,13.19,13.28,13.17,13.26,285596
2020-10-09 20:30:00,13.25,13.31,13.19,13.24,329530
2020-10-09 21:00:00,13.24,13.28,13.22,13.24,320271
2020-10-09 21:30:00,13.24,13.28,13.2,13.23,235998
2020-10-09 22:00:00,13.22,13.24,13.18,13.21,237397
2020-10-09 22:30:00,13.2,13.21,13.1,13.12,768989
2020-10-12 16:30:00,13.24,13.38,13.14,13.37,580984
2020-10-12 17:00:00,13.39,13.43,13.34,13.4,454127
2020-10-12 17:30:00,13.4,13.41,13.26,13.27,231674
2020-10-12 18:00:00,13.27,13.37,13.27,13.35,302081
2020-10-12 18:30:00,13.34,13.36,13.27,13.34,169897
2020-10-12 19:00:00,13.34,13.37,13.29,13.3,247619
2020-10-12 19:30:00,13.29,13.37,13.29,13.32,195884
2020-10-12 20:00:00,13.31,13.43,13.31,13.35,227090
2020-10-12 20:30:00,13.35,13.37,13.32,13.37,154773
2020-10-12 21:00:00,13.36,13.4,13.35,13.38,130940
2020-10-12 21:30:00,13.39,13.42,13.34,13.41,128264
2020-10-12 22:00:00,13.41,13.5,13.38,13.48,382259
2020-10-12 22:30:00,13.49,13.5,13.39,13.4,808527
2020-10-13 16:30:00,13.57,13.78,13.4,13.75,1347195
2020-10-13 17:00:00,13.75,13.83,13.64,13.7,593319
2020-10-13 17:30:00,13.71,13.81,13.69,13.76,318954
2020-10-13 18:00:00,13.77,13.85,13.74,13.84,242612
2020-10-13 18:30:00,13.84,13.87,13.77,13.86,373766
2020-10-13 19:00:00,13.85,13.92,13.83,13.88,275045
2020-10-13 19:30:00,13.88,13.9,13.82,13.85,197405
2020-10-13 20:00:00,13.85,13.86,13.8,13.84,218095
2020-10-13 20:30:00,13.83,13.87,13.74,13.76,236329
2020-10-13 21:00:00,13.76,13.84,13.76,13.81,328464
2020-10-13 21:30:00,13.8,13.8,13.7,13.78,385402
2020-10-13 22:00:00,13.78,13.88,13.78,13.88,270464
2020-10-13 22:30:00,13.88,13.9,13.83,13.83,992231
2020-10-14 16:30:00,13.81,13.99,13.77,13.88,530596
2020-10-14 17:00:00,13.88,13.96,13.84,13.94,564255
2020-10-14 17:30:00,13.94,14.21,13.92,14.17,1179579
2020-10-14 18:00:00,14.16,14.33,14.15,14.24,631623
2020-10-14 18:30:00,14.24,14.27,14.09,14.14,353486
2020-10-14 19:00:00,14.14,14.22,14.12,14.15,293564
2020-10-14 19:30:00,14.16,14.19,14.12,14.16,171523
2020-10-14 20:00:00,14.15,14.22,14.14,14.16,216633
2020-10-14 20:30:00,14.17,14.21,14.15,14.19,401003
2020-10-14 21:00:00,14.19,14.2,14.12,14.15,283457
2020-10-14 21:30:00,14.14,14.16,14.06,14.1,396132
2020-10-14 22:00:00,14.11,14.17,14.06,14.09,296539
2020-10-14 22:30:00,14.09,14.1,14.0,14.02,906360
2020-10-15 16:30:00,13.81,13.94,13.66,13.89,846235
2020-10-15 17:00:00,13.9,13.99,13.85,13.94,427764
2020-10-15 17:30:00,13.93,13.99,13.88,13.99,327911
2020-10-15 18:00:00,13.99,14.17,13.94,14.03,808419
2020-10-15 18:30:00,14.04,14.13,13.99,14.06,320847
2020-10-15 19:00:00,14.06,14.17,14.05,14.13,598109
2020-10-15 19:30:00,14.13,14.15,14.05,14.14,281803
2020-10-15 20:00:00,14.15,14.22,14.11,14.21,216999
2020-10-15 20:30:00,14.21,14.24,14.16,14.23,247260
2020-10-15 21:00:00,14.23,14.27,14.21,14.24,247691
2020-10-15 21:30:00,14.24,14.26,14.21,14.24,217693
2020-10-15 22:00:00,14.23,14.3,14.21,14.3,299812
2020-10-15 22:30:00,14.3,14.3,14.23,14.24,949519
2020-10-16 16:30:00,14.25,14.29,14.11,14.14,592321
2020-10-16 17:00:00,14.14,14.16,13.99,14.13,250943
2020-10-16 17:30:00,14.13,14.16,14.07,14.12,184203
2020-10-16 18:00:00,14.12,14.19,14.09,14.15,259634
2020-10-16 18:30:00,14.16,14.21,14.13,14.18,188488
2020-10-16 19:00:00,14.18,14.23,14.15,14.23,175438
2020-10-16 19:30:00,14.22,14.23,14.11,14.15,117678
2020-10-16 20:00:00,14.15,14.19,14.13,14.19,95809
2020-10-16 20:30:00,14.19,14.19,14.15,14.17,71594
2020-10-16 21:00:00,14.18,14.21,14.12,14.19,142243
2020-10-16 21:30:00,14.19,14.2,14.16,14.18,95006
2020-10-16 22:00:00,14.18,14.2,14.08,14.1,221654
2020-10-16 22:30:00,14.1,14.11,14.01,14.04,716337
2020-10-19 16:30:00,14.13,14.19,14.03,14.12,442975
2020-10-19 17:00:00,14.11,14.19,14.02,14.16,211756
2020-10-19 17:30:00,14.16,14.26,14.16,14.24,381964
2020-10-19 18:00:00,14.23,14.25,14.1,14.15,170880
2020-10-19 18:30:00,14.15,14.19,14.12,14.18,120123
2020-10-19 19:00:00,14.18,14.21,14.16,14.18,122980
2020-10-19 19:30:00,14.19,14.19,14.15,14.18,89427
2020-10-19 20:00:00,14.16,14.19,14.14,14.18,72825
2020-10-19 20:30:00,14.18,14.21,14.14,14.16,74858
2020-10-19 21:00:00,14.16,14.18,14.14,14.16,139886
2020-10-19 21:30:00,14.16,14.17,13.95,14.01,238054
2020-10-19 22:00:00,14.01,14.03,13.94,13.99,294607
2020-10-19 22:30:00,13.99,14.03,13.9,13.91,605273
2020-10-20 16:30:00,14.16,14.35,14.06,14.35,533093
2020-10-20 17:00:00,14.35,14.37,14.25,14.29,266154
2020-10-20 17:30:00,14.3,14.38,14.27,14.29,295603
2020-10-20 18:00:00,14.27,14.28,14.14,14.17,212594
2020-10-20 18:30:00,14.17,14.31,14.14,14.3,283277
2020-10-20 19:00:00,14.3,14.35,14.29,14.32,141137
2020-10-20 19:30:00,14.32,14.4,14.32,14.39,149661
2020-10-20 20:00:00,14.38,14.42,14.33,14.36,232332
2020-10-20 20:30:00,14.36,14.37,14.28,14.31,135628
2020-10-20 21:00:00,14.29,14.32,14.26,14.26,145514
2020-10-20 21:30:00,14.26,14.27,14.2,14.21,141091
2020-10-20 22:00:00,14.2,14.24,14.12,14.2,222609
2020-10-20 22:30:00,14.2,14.22,14.09,14.09,656492
2020-10-21 16:30:00,14.04,14.15,13.99,14.06,374229
2020-10-21 17:00:00,14.06,14.07,13.95,13.96,199707
2020-10-21 17:30:00,13.95,14.03,13.84,13.85,263583
2020-10-21 18:00:00,13.84,13.89,13.81,13.87,213067
2020-10-21 18:30:00,13.87,13.91,13.83,13.86,132157
2020-10-21 19:00:00,13.86,14.0,13.86,13.89,163717
2020-10-21 19:30:00,13.89,13.93,13.85,13.88,162677
2020-10-21 20:00:00,13.88,13.91,13.82,13.85,108090
2020-10-21 20:30:00,13.86,13.87,13.8,13.83,120281
2020-10-21 21:00:00,13.83,13.87,13.8,13.83,92866
2020-10-21 21:30:00,13.84,13.85,13.8,13.84,108135
2020-10-21 22:00:00,13.84,13.85,13.77,13.83,179633
2020-10-21 22:30:00,13.83,13.88,13.79,13.82,612518
2020-10-22 16:30:00,13.86,13.87,13.71,13.74,226436
2020-10-22 17:00:00,13.75,13.79,13.59,13.59,217626
2020-10-22 17:30:00,13.6,13.69,13.54,13.68,377823
2020-10-22 18:00:00,13.68,13.85,13.67,13.81,162639
2020-10-22 18:30:00,13.81,13.93,13.75,13.8,365927
2020-10-22 19:00:00,13.8,13.88,13.8,13.88,255378
2020-10-22 19:30:00,13.88,13.93,13.86,13.9,147729
2020-10-22 20:00:00,13.9,14.06,13.89,13.94,340614
2020-10-22 20:30:00,13.94,13.97,13.89,13.91,151741
2020-10-22 21:00:00,13.92,14.02,13.92,14.0,183821
2020-10-22 21:30:00,14.0,14.04,13.99,14.01,179692
2020-10-22 22:00:00,14.02,14.11,13.97,14.11,227835
2020-10-22 22:30:00,14.1,14.11,14.01,14.06,790605
2020-10-23 16:30:00,14.1,14.2,14.04,14.06,298645
2020-10-23 17:00:00,14.06,14.08,13.94,14.05,294773
2020-10-23 17:30:00,14.04,14.16,14.01,14.03,286568
2020-10-23 18:00:00,14.03,14.08,13.97,14.03,379174
2020-10-23 18:30:00,14.04,14.06,13.95,13.98,293130
2020-10-23 19:00:00,13.98,14.0,13.9,13.97,158725
2020-10-23 19:30:00,13.96,13.98,13.89,13.89,94394
2020-10-23 20:00:00,13.9,14.02,13.9,13.99,211667
2020-10-23 20:30:00,13.99,14.0,13.94,13.96,129784
2020-10-23 21:00:00,13.97,14.04,13.96,14.03,144737
2020-10-23 21:30:00,14.03,14.05,13.98,14.01,196158
2020-10-23 22:00:00,14.02,14.08,14.01,14.06,242638
2020-10-23 22:30:00,14.05,14.05,13.98,13.99,622535
2020-10-26 16:30:00,13.81,13.84,13.61,13.72,539071
2020-10-26 17:00:00,13.72,13.72,13.58,13.62,429542
2020-10-26 17:30:00,13.61,13.72,13.57,13.65,381910
2020-10-26 18:00:00,13.65,13.72,13.6,13.7,351977
2020-10-26 18:30:00,13.7,13.78,13.67,13.71,258039
2020-10-26 19:00:00,13.71,13.75,13.7,13.75,201275
2020-10-26 19:30:00,13.74,13.75,13.65,13.7,156193
2020-10-26 20:00:00,13.7,13.72,13.55,13.56,189167
2020-10-26 20:30:00,13.57,13.63,13.52,13.6,262113
2020-10-26 21:00:00,13.6,13.76,13.59,13.76,333859
2020-10-26 21:30:00,13.75,13.75,13.63,13.7,439347
2020-10-26 22:00:00,13.7,13.73,13.65,13.67,302691
2020-10-26 22:30:00,13.68,13.82,13.68,13.82,986161
2020-10-27 16:30:00,14.15,14.43,13.93,14.21,917982
2020-10-27 17:00:00,14.21,14.34,14.15,14.33,624057
2020-10-27 17:30:00,14.32,14.36,14.22,14.23,324653
2020-10-27 18:00:00,14.24,14.3,14.18,14.19,240200
2020-10-27 18:30:00,14.19,14.2,14.04,14.09,253718
2020-10-27 19:00:00,14.09,14.1,13.9,13.91,460426
2020-10-27 19:30:00,13.92,13.92,13.74,13.81,343826
2020-10-27 20:00:00,13.82,13.86,13.75,13.85,301681
2020-10-27 20:30:00,13.85,13.98,13.83,13.96,589776
2020-10-27 21:00:00,13.96,14.02,13.94,13.98,410398
2020-10-27 21:30:00,13.98,14.03,13.92,13.96,200579
2020-10-27 22:00:00,13.96,14.07,13.95,14.04,533214
2020-10-27 22:30:00,14.04,14.08,13.95,13.96,1050234
2020-10-28 16:30:00,13.64,13.85,13.55,13.55,576920
2020-10-28 17:00:00,13.55,13.57,13.38,13.42,603933
2020-10-28 17:30:00,13.42,13.49,13.29,13.33,363569
2020-10-28 18:00:00,13.33,13.5,13.26,13.5,377143
2020-10-28 18:30:00,13.49,13.56,13.44,13.53,338285
2020-10-28 19:00:00,13.53,13.57,13.49,13.51,260163
2020-10-28 19:30:00,13.51,13.51,13.34,13.38,224191
2020-10-28 20:00:00,13.38,13.42,13.31,13.42,187538
2020-10-28 20:30:00,13.41,13.51,13.4,13.43,271863
2020-10-28 21:00:00,13.42,13.42,13.28,13.34,346823
2020-10-28 21:30:00,13.34,13.43,13.28,13.28,620322
2020-10-28 22:00:00,13.29,13.4,13.28,13.36,297539
2020-10-28 22:30:00,13.35,13.4,13.28,13.33,1234745
2020-10-29 16:30:00,13.31,13.39,13.1,13.17,524615
2020-10-29 17:00:00,13.17,13.24,13.02,13.22,690677
2020-10-29 17:30:00,13.22,13.36,13.21,13.35,393072
2020-10-29 18:00:00,13.34,13.4,13.27,13.34,179446
2020-10-29 18:30:00,13.34,13.37,13.15,13.19,374989
2020-10-29 19:00:00,13.19,13.21,13.13,13.17,251664
2020-10-29 19:30:00,13.17,13.29,13.16,13.26,220585
2020-10-29 20:00:00,13.26,13.29,13.22,13.28,243703
2020-10-29 20:30:00,13.28,13.43,13.28,13.39,229604
2020-10-29 21:00:00,13.39,13.49,13.38,13.44,285592
2020-10-29 21:30:00,13.44,13.48,13.37,13.44,182791
2020-10-29 22:00:00,13.44,13.51,13.41,13.48,239639
2020-10-29 22:30:00,13.48,13.52,13.39,13.39,670274
2020-10-30 16:30:00,13.38,13.48,13.22,13.28,450124
2020-10-30 17:00:00,13.28,13.31,12.96,12.98,520561
2020-10-30 17:30:00,12.98,12.99,12.81,12.81,410973
2020-10-30 18:00:00,12.82,12.9,12.75,12.81,678261
2020-10-30 18:30:00,12.8,12.94,12.74,12.83,287046
2020-10-30 19:00:00,12.83,12.91,12.78,12.82,309712
2020-10-30 19:30:00,12.82,12.85,12.75,12.82,235984
2020-10-30 20:00:00,12.82,12.98,12.78,12.97,248472
2020-10-30 20:30:00,12.97,13.03,12.92,13.01,174383
2020-10-30 21:00:00,13.0,13.08,12.89,12.91,243165
2020-10-30 21:30:00,12.9,12.97,12.87,12.93,186723
2020-10-30 22:00:00,12.93,12.98,12.89,12.95,259620
2020-10-30 22:30:00,12.96,13.12,12.91,13.12,771643
2020-11-02 16:30:00,13.22,13.28,13.1,13.19,333934
2020-11-02 17:00:00,13.21,13.49,13.21,13.45,374436
2020-11-02 17:30:00,13.44,13.44,13.34,13.39,215170
2020-11-02 18:00:00,13.38,13.52,13.38,13.49,160161
2020-11-02 18:30:00,13.48,13.5,13.42,13.44,154699
2020-11-02 19:00:00,13.44,13.47,13.39,13.42,223347
2020-11-02 19:30:00,13.42,13.43,13.34,13.37,112903
2020-11-02 20:00:00,13.38,13.39,13.25,13.29,128349
2020-11-02 20:30:00,13.28,13.43,13.28,13.41,417744
2020-11-02 21:00:00,13.41,13.5,13.4,13.5,211226
2020-11-02 21:30:00,13.5,13.56,13.48,13.53,203592
2020-11-02 22:00:00,13.52,13.61,13.49,13.53,238406
2020-11-02 22:30:00,13.54,13.57,13.46,13.49,1187923
2020-11-03 16:30:00,13.75,13.88,13.64,13.82,260638
2020-11-03 17:00:00,13.82,13.96,13.79,13.93,174510
2020-11-03 17:30:00,13.93,14.0,13.89,13.92,159971
2020-11-03 18:00:00,13.92,13.98,13.89,13.91,111949
2020-11-03 18:30:00,13.9,14.02,13.89,14.0,142651
2020-11-03 19:00:00,14.0,14.03,13.95,13.99,106168
2020-11-03 19:30:00,13.99,14.0,13.91,13.93,103152
2020-11-03 20:00:00,13.93,13.99,13.9,13.95,165393
2020-11-03 20:30:00,13.95,13.96,13.82,13.85,163773
2020-11-03 21:00:00,13.84,14.01,13.83,13.99,263423
2020-11-03 21:30:00,13.99,14.04,13.97,14.01,261212
2020-11-03 22:00:00,14.0,14.01,13.91,13.95,171633
2020-11-03 22:30:00,13.96,14.07,13.95,13.98,497933
2020-11-04 16:30:00,13.58,13.79,13.35,13.77,603482
2020-11-04 17:00:00,13.78,14.19,13.73,14.09,1072488
2020-11-04 17:30:00,14.09,14.2,13.99,14.18,293984
2020-11-04 18:00:00,14.17,14.25,14.13,14.14,226303
2020-11-04 18:30:00,14.14,14.16,14.05,14.08,179661
2020-11-04 19:00:00,14.07,14.2,13.97,14.15,710290
2020-11-04 19:30:00,14.15,14.16,14.06,14.06,167791
2020-11-04 20:00:00,14.07,14.09,14.0,14.02,164426
2020-11-04 20:30:00,14.02,14.04,13.93,13.95,112509
2020-11-04 21:00:00,13.95,13.98,13.88,13.93,146082
2020-11-04 21:30:00,13.93,13.93,13.86,13.9,134128
2020-11-04 22:00:00,13.9,13.93,13.78,13.8,170075
2020-11-04 22:30:00,13.79,13.83,13.73,13.75,657645
2020-11-05 16:30:00,13.98,14.13,13.89,14.05,353599
2020-11-05 17:00:00,14.04,14.24,14.0,14.2,258844
2020-11-05 17:30:00,14.19,14.27,14.18,14.23,159045
2020-11-05 18:00:00,14.24,14.31,14.2,14.25,111799
2020-11-05 18:30:00,14.26,14.36,14.22,14.33,109356
2020-11-05 19:00:00,14.33,14.36,14.24,14.27,102876
2020-11-05 19:30:00,14.27,14.38,14.27,14.36,99070
2020-11-05 20:00:00,14.37,14.4,14.35,14.37,78998
2020-11-05 20:30:00,14.38,14.41,14.31,14.35,141665
2020-11-05 21:00:00,14.35,14.4,14.34,14.36,99315
2020-11-05 21:30:00,14.35,14.4,14.33,14.38,157652
2020-11-05 22:00:00,14.38,14.42,14.35,14.41,254850
2020-11-05 22:30:00,14.41,14.52,14.37,14.44,1416952
2020-11-06 16:30:00,14.39,14.48,14.17,14.23,297556
2020-11-06 17:00:00,14.23,14.35,14.22,14.24,183904
2020-11-06 17:30:00,14.24,14.32,14.19,14.21,170075
2020-11-06 18:00:00,14.21,14.25,14.09,14.1,248715
2020-11-06 18:30:00,14.1,14.17,14.09,14.11,154243
2020-11-06 19:00:00,14.12,14.13,13.98,14.0,269800
2020-11-06 19:30:00,14.0,14.01,13.91,13.92,194107
2020-11-06 20:00:00,13.92,13.96,13.89,13.96,302059
2020-11-06 20:30:00,13.95,14.0,13.94,13.96,249891
2020-11-06 21:00:00,13.96,13.99,13.88,13.89,112549
2020-11-06 21:30:00,13.89,13.89,13.8,13.8,210371
2020-11-06 22:00:00,13.8,13.87,13.78,13.86,389639
2020-11-06 22:30:00,13.85,13.98,13.84,13.88,1013522
2020-11-09 16:30:00,15.13,15.36,15.03,15.15,768909
2020-11-09 17:00:00,15.14,15.18,14.9,15.09,606706
2020-11-09 17:30:00,15.1,15.18,15.02,15.18,427584
2020-11-09 18:00:00,15.18,15.2,14.92,15.05,454501
2020-11-09 18:30:00,15.04,15.09,14.98,15.07,171082
2020-11-09 19:00:00,15.07,15.2,14.99,15.11,595346
2020-11-09 19:30:00,15.11,15.23,15.1,15.19,201702
2020-11-09 20:00:00,15.19,15.25,15.12,15.25,249647
2020-11-09 20:30:00,15.25,15.27,15.16,15.19,249740
2020-11-09 21:00:00,15.19,15.23,15.11,15.15,338591
2020-11-09 21:30:00,15.15,15.15,15.07,15.11,264492
2020-11-09 22:00:00,15.11,15.23,14.98,15.04,754370
2020-11-09 22:30:00,15.02,15.07,14.77,14.85,1387181
2020-11-10 16:30:00,14.77,14.85,14.67,14.82,301847
2020-11-10 17:00:00,14.82,15.02,14.77,14.99,548697
2020-11-10 17:30:00,14.99,15.01,14.79,14.84,349854
2020-11-10 18:00:00,14.84,14.98,14.79,14.96,220573
2020-11-10 18:30:00,14.96,15.04,14.93,14.95,241425
2020-11-10 19:00:00,14.94,14.95,14.81,14.82,270314
2020-11-10 19:30:00,14.82,14.88,14.75,14.81,206266
2020-11-10 20:00:00,14.82,14.84,14.74,14.77,269017
2020-11-10 20:30:00,14.76,14.85,14.73,14.84,192274
2020-11-10 21:00:00,14.84,14.84,14.76,14.79,192835
2020-11-10 21:30:00,14.79,14.83,14.73,14.73,259616
2020-11-10 22:00:00,14.73,14.75,14.6,14.62,663243
2020-11-10 22:30:00,14.62,14.64,14.5,14.54,1723144
2020-11-11 16:30:00,14.77,15.09,14.69,15.01,981265
2020-11-11 17:00:00,15.02,15.32,14.95,15.32,767209
2020-11-11 17:30:00,15.33,15.43,15.24,15.43,668963
2020-11-11 18:00:00,15.43,15.47,15.34,15.37,340242
2020-11-11 18:30:00,15.38,15.44,15.28,15.29,391100
2020-11-11 19:00:00,15.29,15.3,15.2,15.24,346014
2020-11-11 19:30:00,15.25,15.37,15.24,15.33,224544
2020-11-11 20:00:00,15.33,15.36,15.22,15.25,228008
2020-11-11 20:30:00,15.25,15.33,15.2,15.31,291952
2020-11-11 21:00:00,15.31,15.36,15.22,15.23,190735
2020-11-11 21:30:00,15.23,15.26,15.15,15.22,172763
2020-11-11 22:00:00,15.23,15.31,15.22,15.26,277273
2020-11-11 22:30:00,15.26,15.31,15.21,15.3,876673
2020-11-12 16:30:00,15.05,15.06,14.8,14.98,547333
2020-11-12 17:00:00,14.99,15.2,14.98,15.09,346768
2020-11-12 17:30:00,15.09,15.36,15.07,15.31,604301
2020-11-12 18:00:00,15.31,15.4,15.2,15.2,410071
2020-11-12 18:30:00,15.21,15.29,15.19,15.25,194040
2020-11-12 19:00:00,15.25,15.31,15.24,15.24,188386
2020-11-12 19:30:00,15.25,15.26,15.06,15.16,385214
2020-11-12 20:00:00,15.15,15.17,14.96,14.98,334263
2020-11-12 20:30:00,14.97,15.01,14.91,14.92,278624
2020-11-12 21:00:00,14.92,15.0,14.89,14.9,444457
2020-11-12 21:30:00,14.89,14.92,14.77,14.78,546978
2020-11-12 22:00:00,14.78,14.91,14.75,14.87,454271
2020-11-12 22:30:00,14.87,15.0,14.79,14.96,704432
2020-11-13 16:30:00,15.08,15.32,15.07,15.22,342457
2020-11-13 17:00:00,15.22,15.32,15.21,15.32,222588
2020-11-13 17:30:00,15.31,15.37,15.24,15.25,169311
2020-11-13 18:00:00,15.25,15.33,15.24,15.27,129859
2020-11-13 18:30:00,15.27,15.31,15.26,15.29,78432
2020-11-13 19:00:00,15.29,15.33,15.27,15.32,65679
2020-11-13 19:30:00,15.32,15.4,15.32,15.4,151413
2020-11-13 20:00:00,15.4,15.44,15.35,15.42,108378
2020-11-13 20:30:00,15.43,15.48,15.38,15.45,151031
2020-11-13 21:00:00,15.44,15.51,15.44,15.48,159249
2020-11-13 21:30:00,15.49,15.56,15.47,15.55,174868
2020-11-13 22:00:00,15.55,15.59,15.53,15.58,274787
2020-11-13 22:30:00,15.57,15.65,15.52,15.53,718827
2020-11-16 16:30:00,15.97,16.11,15.73,15.79,549982
2020-11-16 17:00:00,15.8,16.01,15.79,15.99,166747
2020-11-16 17:30:00,15.99,16.09,15.97,16.07,141522
2020-11-16 18:00:00,16.07,16.22,15.98,16.18,320981
2020-11-16 18:30:00,16.18,16.23,16.17,16.21,114510
2020-11-16 19:00:00,16.2,16.23,16.16,16.16,92802
2020-11-16 19:30:00,16.16,16.22,16.09,16.1,154203
2020-11-16 20:00:00,16.1,16.12,16.01,16.02,80055
2020-11-16 20:30:00,16.02,16.05,15.93,15.96,164170
2020-11-16 21:00:00,15.96,16.04,15.94,15.95,148739
2020-11-16 21:30:00,15.95,15.97,15.89,15.94,251721
2020-11-16 22:00:00,15.95,15.99,15.89,15.95,259859
2020-11-16 22:30:00,15.96,16.04,15.95,16.01,724484
2020-11-17 16:30:00,15.73,15.91,15.69,15.76,255066
2020-11-17 17:00:00,15.76,15.82,15.69,15.81,423530
2020-11-17 17:30:00,15.82,15.91,15.8,15.86,255234
2020-11-17 18:00:00,15.85,16.08,15.84,16.04,452260
2020-11-17 18:30:00,16.04,16.19,16.04,16.05,206578
2020-11-17 19:00:00,16.06,16.14,16.01,16.13,165025
2020-11-17 19:30:00,16.13,16.17,16.06,16.08,114696
2020-11-17 20:00:00,16.08,16.17,16.06,16.16,440332
2020-11-17 20:30:00,16.15,16.17,16.08,16.1,180870
2020-11-17 21:00:00,16.1,16.21,16.1,16.14,156115
2020-11-17 21:30:00,16.15,16.18,16.12,16.15,165334
2020-11-17 22:00:00,16.16,16.19,16.11,16.14,289276
2020-11-17 22:30:00,16.14,16.31,16.14,16.31,1231815
2020-11-18 16:30:00,16.3,16.43,16.24,16.35,336601
2020-11-18 17:00:00,16.35,16.44,16.26,16.34,190920
2020-11-18 17:30:00,16.33,16.4,16.28,16.39,166733
2020-11-18 18:00:00,16.4,16.55,16.4,16.54,291555
2020-11-18 18:30:00,16.54,16.63,16.5,16.62,285419
2020-11-18 19:00:00,16.62,16.65,16.51,16.51,347065
2020-11-18 19:30:00,16.51,16.51,16.39,16.48,220297
2020-11-18 20:00:00,16.48,16.53,16.47,16.47,174907
2020-11-18 20:30:00,16.48,16.5,16.4,16.44,118957
2020-11-18 21:00:00,16.44,16.5,16.36,16.4,187163
2020-11-18 21:30:00,16.4,16.48,16.37,16.41,443023
2020-11-18 22:00:00,16.41,16.43,16.25,16.28,214654
2020-11-18 22:30:00,16.28,16.29,16.0,16.0,902304
2020-11-19 16:30:00,15.92,15.98,15.84,15.85,232849
2020-11-19 17:00:00,15.86,15.9,15.73,15.74,148454
2020-11-19 17:30:00,15.74,15.8,15.67,15.72,242121
2020-11-19 18:00:00,15.73,15.74,15.64,15.69,146829
2020-11-19 18:30:00,15.69,15.78,15.63,15.76,123397
2020-11-19 19:00:00,15.77,15.78,15.68,15.72,110094
2020-11-19 19:30:00,15.72,15.76,15.69,15.72,123708
2020-11-19 20:00:00,15.72,15.8,15.69,15.8,200471
2020-11-19 20:30:00,15.8,15.81,15.75,15.79,96892
2020-11-19 21:00:00,15.79,15.8,15.74,15.76,60305
2020-11-19 21:30:00,15.76,15.9,15.75,15.83,79674
2020-11-19 22:00:00,15.83,15.89,15.82,15.84,113231
2020-11-19 22:30:00,15.84,15.96,15.83,15.95,379409
2020-11-20 16:30:00,15.84,15.94,15.72,15.86,248419
2020-11-20 17:00:00,15.85,15.89,15.73,15.77,173086
2020-11-20 17:30:00,15.77,15.81,15.73,15.75,50189
2020-11-20 18:00:00,15.75,15.76,15.65,15.66,92527
2020-11-20 18:30:00,15.67,15.71,15.63,15.68,88254
2020-11-20 19:00:00,15.67,15.74,15.64,15.72,53117
2020-11-20 19:30:00,15.73,15.77,15.66,15.76,117326
2020-11-20 20:00:00,15.76,15.83,15.75,15.81,68030
2020-11-20 20:30:00,15.81,15.83,15.77,15.8,70937
2020-11-20 21:00:00,15.81,15.82,15.78,15.8,109086
2020-11-20 21:30:00,15.8,15.85,15.76,15.78,129116
2020-11-20 22:00:00,15.78,15.79,15.7,15.75,147779
2020-11-20 22:30:00,15.74,15.83,15.65,15.72,1597691
2020-11-23 16:30:00,16.02,16.32,15.96,16.27,290642
2020-11-23 17:00:00,16.28,16.37,16.23,16.27,241391
2020-11-23 17:30:00,16.27,16.42,16.27,16.4,158731
2020-11-23 18:00:00,16.4,16.47,16.37,16.43,272189
2020-11-23 18:30:00,16.42,16.42,16.26,16.26,106165
2020-11-23 19:00:00,16.27,16.34,16.25,16.29,93411
2020-11-23 19:30:00,16.3,16.35,16.27,16.33,65083
2020-11-23 20:00:00,16.32,16.33,16.24,16.24,130101
2020-11-23 20:30:00,16.24,16.31,16.23,16.28,130375
2020-11-23 21:00:00,16.28,16.34,16.27,16.31,106224
2020-11-23 21:30:00,16.33,16.38,16.3,16.37,133426
2020-11-23 22:00:00,16.38,16.44,16.35,16.37,172136
2020-11-23 22:30:00,16.37,16.43,16.32,16.33,552906
2020-11-24 16:30:00,16.62,16.82,16.51,16.8,532474
2020-11-24 17:00:00,16.81,16.9,16.8,16.89,231364
2020-11-24 17:30:00,16.89,16.93,16.81,16.87,195771
2020-11-24 18:00:00,16.87,16.93,16.82,16.92,124773
2020-11-24 18:30:00,16.92,16.97,16.88,16.95,161015
2020-11-24 19:00:00,16.95,17.02,16.94,17.0,237386
2020-11-24 19:30:00,17.0,17.02,16.94,16.94,112437
2020-11-24 20:00:00,16.95,17.03,16.95,16.95,160683
2020-11-24 20:30:00,16.96,17.0,16.92,16.93,204794
2020-11-24 21:00:00,16.93,16.96,16.84,16.9,221207
2020-11-24 21:30:00,16.9,17.03,16.89,17.0,172384
2020-11-24 22:00:00,17.0,17.04,16.97,17.04,214504
2020-11-24 22:30:00,17.04,17.17,17.03,17.14,790527
2020-11-25 16:30:00,16.92,16.96,16.73,16.89,350822
2020-11-25 17:00:00,16.89,17.06,16.8,17.0,311396
2020-11-25 17:30:00,16.99,17.01,16.8,16.8,160968
2020-11-25 18:00:00,16.81,16.93,16.78,16.93,123573
2020-11-25 18:30:00,16.93,17.05,16.91,16.99,137889
2020-11-25 19:00:00,17.0,17.04,16.95,16.96,62029
2020-11-25 19:30:00,16.96,16.98,16.91,16.95,63156
2020-11-25 20:00:00,16.95,17.02,16.95,16.99,82641
2020-11-25 20:30:00,17.0,17.05,16.95,17.04,67841
2020-11-25 21:00:00,17.03,17.06,16.95,16.98,92957
2020-11-25 21:30:00,16.98,17.01,16.93,16.95,107711
2020-11-25 22:00:00,16.95,17.02,16.94,16.99,127945
2020-11-25 22:30:00,16.98,17.05,16.98,17.03,508845
2020-11-27 16:30:00,16.95,17.03,16.82,16.9,201240
2020-11-27 17:00:00,16.89,16.92,16.8,16.88,119913
2020-11-27 17:30:00,16.88,16.98,16.84,16.96,126358
2020-11-27 18:00:00,16.95,16.99,16.92,16.97,130961
2020-11-27 18:30:00,16.97,17.1,16.96,17.07,149598
2020-11-27 19:00:00,17.06,17.06,16.97,16.98,133889
2020-11-27 19:30:00,16.98,17.05,16.96,17.03,164196
2020-11-27 20:00:00,17.01,17.01,17.01,17.01,121252
2020-11-30 16:30:00,16.9,16.93,16.72,16.75,311376
2020-11-30 17:00:00,16.75,16.78,16.59,16.59,176260
2020-11-30 17:30:00,16.6,16.6,16.42,16.57,263659
2020-11-30 18:00:00,16.58,16.65,16.55,16.59,164163
2020-11-30 18:30:00,16.59,16.6,16.46,16.47,193365
2020-11-30 19:00:00,16.47,16.51,16.45,16.5,122602
2020-11-30 19:30:00,16.5,16.53,16.45,16.53,236901
2020-11-30 20:00:00,16.52,16.53,16.43,16.45,138437
2020-11-30 20:30:00,16.45,16.49,16.39,16.39,112943
2020-11-30 21:00:00,16.39,16.51,16.38,16.49,124257
2020-11-30 21:30:00,16.49,16.5,16.39,16.45,148364
2020-11-30 22:00:00,16.45,16.48,16.39,16.41,214611
2020-11-30 22:30:00,16.42,16.45,16.19,16.24,1318605
2020-12-01 16:30:00,16.66,16.87,16.54,16.81,360436
2020-12-01 17:00:00,16.83,16.94,16.78,16.85,275232
2020-12-01 17:30:00,16.85,16.88,16.71,16.72,190955
2020-12-01 18:00:00,16.73,16.85,16.72,16.73,128473
2020-12-01 18:30:00,16.74,16.77,16.57,16.57,183394
2020-12-01 19:00:00,16.57,16.59,16.48,16.51,188201
2020-12-01 19:30:00,16.51,16.57,16.45,16.53,233390
2020-12-01 20:00:00,16.54,16.54,16.42,16.45,192594
2020-12-01 20:30:00,16.45,16.58,16.42,16.58,182276
2020-12-01 21:00:00,16.57,16.61,16.55,16.6,183233
2020-12-01 21:30:00,16.6,16.6,16.53,16.53,176684
2020-12-01 22:00:00,16.53,16.54,16.41,16.53,247304
2020-12-01 22:30:00,16.53,16.54,16.45,16.46,755552
2020-12-02 16:30:00,16.41,16.57,16.36,16.48,427614
2020-12-02 17:00:00,16.48,16.6,16.47,16.53,237109
2020-12-02 17:30:00,16.54,16.61,16.5,16.61,161824
2020-12-02 18:00:00,16.61,16.73,16.54,16.71,269119
2020-12-02 18:30:00,16.72,16.76,16.58,16.6,234615
2020-12-02 19:00:00,16.6,16.66,16.6,16.62,111623
2020-12-02 19:30:00,16.63,16.69,16.62,16.69,121507
2020-12-02 20:00:00,16.69,16.73,16.66,16.72,139585
2020-12-02 20:30:00,16.72,16.75,16.68,16.72,152265
2020-12-02 21:00:00,16.71,16.82,16.69,16.81,161266
2020-12-02 21:30:00,16.8,16.83,16.69,16.72,280005
2020-12-02 22:00:00,16.71,16.77,16.69,16.76,208471
2020-12-02 22:30:00,16.76,16.82,16.75,16.77,612684
2020-12-03 16:30:00,17.07,17.39,17.05,17.17,1310747
2020-12-03 17:00:00,17.17,17.34,17.09,17.28,1085898
2020-12-03 17:30:00,17.28,17.44,17.28,17.34,474540
2020-12-03 18:00:00,17.34,17.53,17.33,17.51,323233
2020-12-03 18:30:00,17.5,17.56,17.46,17.54,255065
2020-12-03 19:00:00,17.54,17.72,17.54,17.67,728835
2020-12-03 19:30:00,17.68,17.75,17.67,17.74,212861
2020-12-03 20:00:00,17.74,17.78,17.66,17.73,293295
2020-12-03 20:30:00,17.73,17.76,17.68,17.71,363975
2020-12-03 21:00:00,17.7,17.74,17.65,17.7,181352
2020-12-03 21:30:00,17.69,17.79,17.68,17.78,251664
2020-12-03 22:00:00,17.77,17.84,17.75,17.75,554903
2020-12-03 22:30:00,17.75,17.81,17.59,17.81,2172137
2020-12-04 16:30:00,17.82,17.86,17.63,17.71,378726
2020-12-04 17:00:00,17.7,18.04,17.66,18.03,404815
2020-12-04 17:30:00,18.03,18.05,17.93,17.99,251147
2020-12-04 18:00:00,17.99,18.01,17.87,17.89,291803
2020-12-04 18:30:00,17.9,18.04,17.86,18.0,161009
2020-12-04 19:00:00,18.01,18.04,17.97,18.02,133872
2020-12-04 19:30:00,18.01,18.02,17.89,17.91,184063
2020-12-04 20:00:00,17.92,17.98,17.87,17.89,142320
2020-12-04 20:30:00,17.89,17.94,17.84,17.88,186926
2020-12-04 21:00:00,17.86,17.89,17.78,17.79,170449
2020-12-04 21:30:00,17.79,17.85,17.76,17.78,406904
2020-12-04 22:00:00,17.78,17.8,17.69,17.74,318191
2020-12-04 22:30:00,17.74,17.8,17.7,17.8,919284
2020-12-07 16:30:00,17.51,17.65,17.28,17.35,388631
2020-12-07 17:00:00,17.35,17.7,17.33,17.69,349373
2020-12-07 17:30:00,17.69,17.78,17.69,17.72,186832
2020-12-07 18:00:00,17.72,17.87,17.68,17.85,412159
2020-12-07 18:30:00,17.86,17.87,17.79,17.87,206880
2020-12-07 19:00:00,17.87,17.94,17.84,17.88,115758
2020-12-07 19:30:00,17.87,17.96,17.86,17.93,208827
2020-12-07 20:00:00,17.92,17.98,17.92,17.92,140357
2020-12-07 20:30:00,17.93,17.99,17.89,17.89,148948
2020-12-07 21:00:00,17.9,18.02,17.87,18.01,297534
2020-12-07 21:30:00,18.01,18.1,18.0,18.09,358742
2020-12-07 22:00:00,18.09,18.19,18.08,18.18,623750
2020-12-07 22:30:00,18.17,18.19,18.0,18.02,1029783
2020-12-08 16:30:00,17.81,18.15,17.58,18.05,418792
2020-12-08 17:00:00,18.06,18.09,17.94,18.04,463581
2020-12-08 17:30:00,18.04,18.14,17.97,18.01,316083
2020-12-08 18:00:00,18.0,18.17,18.0,18.12,274075
2020-12-08 18:30:00,18.13,18.14,18.03,18.08,195113
2020-12-08 19:00:00,18.07,18.07,18.0,18.03,177028
2020-12-08 19:30:00,18.03,18.1,17.96,18.06,386535
2020-12-08 20:00:00,18.07,18.09,17.97,18.03,273463
2020-12-08 20:30:00,18.04,18.06,18.0,18.04,302229
2020-12-08 21:00:00,18.04,18.09,17.99,18.08,483736
2020-12-08 21:30:00,18.07,18.08,18.0,18.01,224367
2020-12-08 22:00:00,18.0,18.02,17.96,17.99,269030
2020-12-08 22:30:00,17.99,18.1,17.96,18.07,653619
2020-12-09 16:30:00,18.17,18.2,17.91,18.05,469572
2020-12-09 17:00:00,18.06,18.11,17.93,17.94,377538
2020-12-09 17:30:00,17.94,17.95,17.68,17.68,357424
2020-12-09 18:00:00,17.67,17.73,17.59,17.64,551853
2020-12-09 18:30:00,17.63,17.63,17.5,17.56,324442
2020-12-09 19:00:00,17.56,17.66,17.54,17.62,219885
2020-12-09 19:30:00,17.62,17.64,17.51,17.6,198845
2020-12-09 20:00:00,17.59,17.61,17.52,17.52,222436
2020-12-09 20:30:00,17.52,17.52,17.39,17.42,422124
2020-12-09 21:00:00,17.41,17.75,17.41,17.72,372736
2020-12-09 21:30:00,17.71,17.81,17.66,17.79,381151
2020-12-09 22:00:00,17.8,17.8,17.66,17.69,468952
2020-12-09 22:30:00,17.69,17.78,17.68,17.71,1196770
2020-12-10 16:30:00,17.5,17.76,17.43,17.54,525756
2020-12-10 17:00:00,17.54,17.55,17.44,17.49,344672
2020-12-10 17:30:00,17.49,17.62,17.47,17.6,266562
2020-12-10 18:00:00,17.6,17.66,17.52,17.66,322037
2020-12-10 18:30:00,17.65,17.69,17.5,17.51,231822
2020-12-10 19:00:00,17.51,17.6,17.51,17.54,211930
2020-12-10 19:30:00,17.54,17.6,17.5,17.52,160442
2020-12-10 20:00:00,17.52,17.53,17.37,17.4,459102
2020-12-10 20:30:00,17.4,17.46,17.35,17.45,199791
2020-12-10 21:00:00,17.46,17.47,17.33,17.33,428054
2020-12-10 21:30:00,17.33,17.49,17.32,17.46,283160
2020-12-10 22:00:00,17.46,17.53,17.45,17.47,195749
2020-12-10 22:30:00,17.47,17.53,17.43,17.51,809787
2020-12-11 16:30:00,17.23,17.29,17.15,17.16,390256
2020-12-11 17:00:00,17.16,17.26,17.11,17.21,389990
2020-12-11 17:30:00,17.21,17.26,17.12,17.15,309962
2020-12-11 18:00:00,17.15,17.29,17.14,17.27,173193
2020-12-11 18:30:00,17.27,17.31,17.17,17.19,230521
2020-12-11 19:00:00,17.19,17.2,16.98,17.06,265954
2020-12-11 19:30:00,17.05,17.13,17.0,17.12,159919
2020-12-11 20:00:00,17.12,17.14,17.06,17.11,138656
2020-12-11 20:30:00,17.1,17.42,17.08,17.24,1112881
2020-12-11 21:00:00,17.24,17.51,17.19,17.47,678623
2020-12-11 21:30:00,17.46,17.76,17.46,17.74,1170805
2020-12-11 22:00:00,17.74,17.87,17.7,17.87,792620
2020-12-11 22:30:00,17.87,17.92,17.84,17.86,1575663
2020-12-14 16:30:00,18.13,18.13,17.48,17.54,479959
2020-12-14 17:00:00,17.54,17.57,17.35,17.4,351082
2020-12-14 17:30:00,17.39,17.39,17.13,17.13,216414
2020-12-14 18:00:00,17.14,17.36,17.11,17.28,309715
2020-12-14 18:30:00,17.28,17.44,17.27,17.43,329909
2020-12-14 19:00:00,17.43,17.47,17.38,17.41,177207
2020-12-14 19:30:00,17.41,17.46,17.3,17.36,200207
2020-12-14 20:00:00,17.36,17.41,17.32,17.37,182812
2020-12-14 20:30:00,17.38,17.43,17.33,17.33,127474
2020-12-14 21:00:00,17.34,17.37,17.25,17.28,191462
2020-12-14 21:30:00,17.27,17.27,17.17,17.17,212318
2020-12-14 22:00:00,17.17,17.18,17.11,17.12,289734
2020-12-14 22:30:00,17.12,17.19,17.04,17.1,1205209
2020-12-15 16:30:00,17.33,17.44,17.14,17.14,333426
2020-12-15 17:00:00,17.14,17.38,17.11,17.33,342876
2020-12-15 17:30:00,17.32,17.44,17.3,17.41,219514
2020-12-15 18:00:00,17.41,17.53,17.39,17.43,155976
2020-12-15 18:30:00,17.43,17.48,17.41,17.44,112058
2020-12-15 19:00:00,17.44,17.47,17.39,17.46,104819
2020-12-15 19:30:00,17.46,17.55,17.44,17.54,145343
2020-12-15 20:00:00,17.53,17.57,17.51,17.54,129594
2020-12-15 20:30:00,17.54,17.63,17.53,17.63,124122
2020-12-15 21:00:00,17.63,17.64,17.56,17.63,208778
2020-12-15 21:30:00,17.63,17.66,17.61,17.62,169797
2020-12-15 22:00:00,17.62,17.63,17.48,17.48,178072
2020-12-15 22:30:00,17.48,17.61,17.46,17.6,866177
2020-12-16 16:30:00,17.69,17.7,17.45,17.5,203464
2020-12-16 17:00:00,17.5,17.52,17.38,17.41,149473
2020-12-16 17:30:00,17.4,17.56,17.4,17.55,165733
2020-12-16 18:00:00,17.56,17.68,17.53,17.66,164770
2020-12-16 18:30:00,17.67,17.68,17.59,17.63,132102
2020-12-16 19:00:00,17.63,17.65,17.51,17.58,164825
2020-12-16 19:30:00,17.58,17.61,17.57,17.6,107259
2020-12-16 20:00:00,17.61,17.62,17.57,17.58,127471
2020-12-16 20:30:00,17.58,17.59,17.47,17.49,83183
2020-12-16 21:00:00,17.49,17.59,17.47,17.47,112789
2020-12-16 21:30:00,17.47,17.57,17.46,17.48,254846
2020-12-16 22:00:00,17.48,17.53,17.45,17.5,157928
2020-12-16 22:30:00,17.51,17.53,17.44,17.46,562839
2020-12-17 16:30:00,17.55,17.58,17.39,17.44,287547
2020-12-17 17:00:00,17.44,17.52,17.32,17.38,237389
2020-12-17 17:30:00,17.37,17.46,17.33,17.45,243750
2020-12-17 18:00:00,17.45,17.52,17.45,17.52,307813
2020-12-17 18:30:00,17.51,17.57,17.49,17.54,159731
2020-12-17 19:00:00,17.55,17.56,17.42,17.44,283651
2020-12-17 19:30:00,17.44,17.46,17.41,17.43,151438
2020-12-17 20:00:00,17.43,17.5,17.42,17.5,210461
2020-12-17 20:30:00,17.49,17.52,17.44,17.48,179659
2020-12-17 21:00:00,17.48,17.49,17.4,17.42,197500
2020-12-17 21:30:00,17.42,17.46,17.39,17.41,158365
2020-12-17 22:00:00,17.41,17.44,17.36,17.4,197709
2020-12-17 22:30:00,17.4,17.48,17.36,17.48,812282
2020-12-18 16:30:00,17.38,17.45,17.3,17.38,496126
2020-12-18 17:00:00,17.38,17.5,17.3,17.32,156282
2020-12-18 17:30:00,17.32,17.35,17.27,17.35,216094
2020-12-18 18:00:00,17.34,17.44,17.28,17.43,386421
2020-12-18 18:30:00,17.42,17.44,17.33,17.37,142276
2020-12-18 19:00:00,17.36,17.44,17.35,17.36,115474
2020-12-18 19:30:00,17.36,17.37,17.32,17.32,90296
2020-12-18 20:00:00,17.33,17.34,17.27,17.28,155581
2020-12-18 20:30:00,17.27,17.33,17.23,17.32,155974
2020-12-18 21:00:00,17.32,17.43,17.27,17.42,235459
2020-12-18 21:30:00,17.42,17.46,17.35,17.4,320640
2020-12-18 22:00:00,17.4,17.43,17.33,17.35,345473
2020-12-18 22:30:00,17.35,17.57,17.31,17.45,1724969
2020-12-21 16:30:00,17.34,17.52,17.15,17.44,275629
2020-12-21 17:00:00,17.43,17.44,17.13,17.15,442264
2020-12-21 17:30:00,17.15,17.28,17.13,17.24,192072
2020-12-21 18:00:00,17.24,17.36,17.23,17.3,91263
2020-12-21 18:30:00,17.29,17.35,17.23,17.25,88087
2020-12-21 19:00:00,17.25,17.28,17.19,17.28,102927
2020-12-21 19:30:00,17.28,17.4,17.27,17.39,75478
2020-12-21 20:00:00,17.39,17.44,17.37,17.43,76870
2020-12-21 20:30:00,17.43,17.49,17.43,17.45,76506
2020-12-21 21:00:00,17.46,17.52,17.41,17.49,118459
2020-12-21 21:30:00,17.49,17.53,17.43,17.45,99527
2020-12-21 22:00:00,17.45,17.48,17.39,17.45,146038
2020-12-21 22:30:00,17.45,17.46,17.39,17.41,655476
2020-12-22 16:30:00,17.5,17.56,17.35,17.39,163827
2020-12-22 17:00:00,17.38,17.42,17.31,17.41,87555
2020-12-22 17:30:00,17.43,17.43,17.23,17.27,143100
2020-12-22 18:00:00,17.27,17.29,17.16,17.17,109852
2020-12-22 18:30:00,17.18,17.19,17.05,17.1,100570
2020-12-22 19:00:00,17.11,17.12,17.02,17.02,131613
2020-12-22 19:30:00,17.03,17.1,17.0,17.09,75313
2020-12-22 20:00:00,17.09,17.09,17.04,17.06,79950
2020-12-22 20:30:00,17.06,17.07,17.01,17.06,146971
2020-12-22 21:00:00,17.07,17.14,17.06,17.1,153051
2020-12-22 21:30:00,17.1,17.11,17.05,17.07,215153
2020-12-22 22:00:00,17.07,17.09,17.0,17.0,122192
2020-12-22 22:30:00,17.01,17.04,16.95,16.97,514346
2020-12-23 16:30:00,17.11,17.47,17.11,17.43,282056
2020-12-23 17:00:00,17.44,17.57,17.44,17.49,194997
2020-12-23 17:30:00,17.48,17.59,17.45,17.56,151569
2020-12-23 18:00:00,17.57,17.67,17.55,17.6,129886
2020-12-23 18:30:00,17.6,17.62,17.54,17.54,109967
2020-12-23 19:00:00,17.54,17.58,17.43,17.43,123776
2020-12-23 19:30:00,17.44,17.57,17.43,17.55,102993
2020-12-23 20:00:00,17.56,17.58,17.51,17.58,100635
2020-12-23 20:30:00,17.58,17.59,17.54,17.59,80091
2020-12-23 21:00:00,17.58,17.62,17.53,17.55,103163
2020-12-23 21:30:00,17.54,17.6,17.54,17.56,82904
2020-12-23 22:00:00,17.55,17.6,17.54,17.56,102314
2020-12-23 22:30:00,17.57,17.64,17.54,17.56,528295
2020-12-24 16:30:00,17.62,17.62,17.38,17.51,186820
2020-12-24 17:00:00,17.5,17.51,17.41,17.47,102593
2020-12-24 17:30:00,17.46,17.57,17.43,17.57,59011
2020-12-24 18:00:00,17.56,17.57,17.49,17.51,78872
2020-12-24 18:30:00,17.52,17.54,17.48,17.51,53365
2020-12-24 19:00:00,17.5,17.54,17.49,17.52,66112
2020-12-24 19:30:00,17.52,17.62,17.52,17.61,132917
2020-12-24 20:00:00,17.61,17.61,17.61,17.61,99922
2020-12-24 20:30:00,17.61,17.61,17.61,17.61,100
2020-12-28 16:30:00,17.7,17.73,17.56,17.71,184517
2020-12-28 17:00:00,17.71,17.75,17.66,17.73,120103
2020-12-28 17:30:00,17.72,17.72,17.49,17.55,138388
2020-12-28 18:00:00,17.56,17.61,17.54,17.59,94055
2020-12-28 18:30:00,17.59,17.61,17.49,17.52,84978
2020-12-28 19:00:00,17.5,17.55,17.47,17.5,76277
2020-12-28 19:30:00,17.5,17.53,17.44,17.46,72539
2020-12-28 20:00:00,17.47,17.5,17.43,17.46,92347
2020-12-28 20:30:00,17.45,17.46,17.42,17.43,103385
2020-12-28 21:00:00,17.44,17.5,17.42,17.42,111758
2020-12-28 21:30:00,17.43,17.44,17.36,17.36,95276
2020-12-28 22:00:00,17.36,17.38,17.32,17.32,146715
2020-12-28 22:30:00,17.32,17.33,17.2,17.2,669955
2020-12-29 16:30:00,17.31,17.34,17.04,17.08,166286
2020-12-29 17:00:00,17.07,17.13,16.98,17.05,147842
2020-12-29 17:30:00,17.04,17.09,17.01,17.09,136649
2020-12-29 18:00:00,17.09,17.11,17.04,17.07,78815
2020-12-29 18:30:00,17.08,17.13,17.05,17.12,107394
2020-12-29 19:00:00,17.12,17.15,17.06,17.1,112664
2020-12-29 19:30:00,17.09,17.1,16.98,17.01,106443
2020-12-29 20:00:00,17.0,17.0,16.92,16.97,140181
2020-12-29 20:30:00,16.98,16.99,16.91,16.93,192320
2020-12-29 21:00:00,16.93,16.94,16.85,16.85,186360
2020-12-29 21:30:00,16.85,16.88,16.82,16.83,234408
2020-12-29 22:00:00,16.83,16.98,16.83,16.98,220979
2020-12-29 22:30:00,16.98,17.02,16.95,17.02,760581
2020-12-30 16:30:00,17.03,17.35,17.03,17.35,228220
2020-12-30 17:00:00,17.35,17.37,17.26,17.33,153301
2020-12-30 17:30:00,17.34,17.4,17.27,17.3,130214
2020-12-30 18:00:00,17.29,17.33,17.22,17.23,108159
2020-12-30 18:30:00,17.23,17.25,17.18,17.18,94029
2020-12-30 19:00:00,17.19,17.28,17.17,17.28,90924
2020-12-30 19:30:00,17.27,17.3,17.23,17.28,86673
2020-12-30 20:00:00,17.28,17.31,17.25,17.27,112801
2020-12-30 20:30:00,17.27,17.32,17.26,17.29,81935
2020-12-30 21:00:00,17.29,17.32,17.27,17.27,87897
2020-12-30 21:30:00,17.28,17.31,17.24,17.24,125376
2020-12-30 22:00:00,17.25,17.31,17.24,17.29,181550
2020-12-30 22:30:00,17.29,17.38,17.27,17.35,489991
2020-12-31 16:30:00,17.32,17.33,17.11,17.2,95189
2020-12-31 17:00:00,17.21,17.37,17.19,17.35,106510
2020-12-31 17:30:00,17.35,17.42,17.33,17.38,84426
2020-12-31 18:00:00,17.38,17.42,17.35,17.41,72737
2020-12-31 18:30:00,17.41,17.42,17.37,17.4,51164
2020-12-31 19:00:00,17.39,17.4,17.35,17.39,57971
2020-12-31 19:30:00,17.4,17.43,17.37,17.4,47842
2020-12-31 20:00:00,17.4,17.4,17.36,17.36,46335
2020-12-31 20:30:00,17.36,17.36,17.28,17.3,75803
2020-12-31 21:00:00,17.31,17.37,17.28,17.35,78716
2020-12-31 21:30:00,17.35,17.41,17.34,17.4,63205
2020-12-31 22:00:00,17.4,17.44,17.38,17.42,119534
2020-12-31 22:30:00,17.41,17.46,17.39,17.42,390468
2021-01-04 16:30:00,17.54,17.66,17.4,17.45,229195
2021-01-04 17:00:00,17.45,17.5,17.3,17.34,271351
2021-01-04 17:30:00,17.34,17.35,17.06,17.11,191406
2021-01-04 18:00:00,17.1,17.13,16.98,17.08,231819
2021-01-04 18:30:00,17.08,17.17,17.03,17.07,260850
2021-01-04 19:00:00,17.07,17.08,16.96,17.04,125668
2021-01-04 19:30:00,17.02,17.03,16.95,17.0,170668
2021-01-04 20:00:00,16.99,17.1,16.97,17.08,131565
2021-01-04 20:30:00,17.07,17.22,17.02,17.16,429737
2021-01-04 21:00:00,17.17,17.17,16.99,17.03,133935
2021-01-04 21:30:00,17.02,17.07,16.95,17.04,179015
2021-01-04 22:00:00,17.03,17.04,16.94,16.95,197701
2021-01-04 22:30:00,16.95,17.0,16.92,16.96,692545
2021-01-05 16:30:00,17.03,17.36,16.95,17.22,381433
2021-01-05 17:00:00,17.23,17.3,17.14,17.21,224473
2021-01-05 17:30:00,17.22,17.26,17.14,17.19,152195
2021-01-05 18:00:00,17.19,17.27,17.14,17.27,160444
2021-01-05 18:30:00,17.27,17.35,17.26,17.32,164183
2021-01-05 19:00:00,17.32,17.42,17.32,17.42,154808
2021-01-05 19:30:00,17.42,17.5,17.4,17.5,136894
2021-01-05 20:00:00,17.5,17.5,17.45,17.47,100814
2021-01-05 20:30:00,17.48,17.48,17.41,17.46,120924
2021-01-05 21:00:00,17.47,17.55,17.47,17.53,219812
2021-01-05 21:30:00,17.54,17.56,17.41,17.45,216477
2021-01-05 22:00:00,17.45,17.53,17.41,17.43,286870
2021-01-05 22:30:00,17.43,17.51,17.4,17.46,661663
2021-01-06 16:30:00,17.86,18.05,17.85,18.0,474487
2021-01-06 17:00:00,17.99,18.26,17.99,18.26,314392
2021-01-06 17:30:00,18.25,18.4,18.24,18.36,301290
2021-01-06 18:00:00,18.36,18.43,18.34,18.39,185988
2021-01-06 18:30:00,18.39,18.42,18.32,18.4,152434
2021-01-06 19:00:00,18.4,18.48,18.39,18.44,200792
2021-01-06 19:30:00,18.45,18.53,18.44,18.51,315180
2021-01-06 20:00:00,18.52,18.6,18.52,18.55,213358
2021-01-06 20:30:00,18.55,18.6,18.52,18.56,148780
2021-01-06 21:00:00,18.55,18.57,18.35,18.4,239422
2021-01-06 21:30:00,18.39,18.45,18.24,18.45,384380
2021-01-06 22:00:00,18.45,18.5,18.32,18.47,260299
2021-01-06 22:30:00,18.46,18.49,18.31,18.42,792392
2021-01-07 16:30:00,18.65,18.74,18.45,18.57,330748
2021-01-07 17:00:00,18.58,18.67,18.49,18.56,192998
2021-01-07 17:30:00,18.57,18.59,18.48,18.56,202536
2021-01-07 18:00:00,18.57,18.6,18.5,18.51,106341
2021-01-07 18:30:00,18.52,18.55,18.44,18.48,133433
2021-01-07 19:00:00,18.48,18.53,18.47,18.47,108723
2021-01-07 19:30:00,18.47,18.52,18.45,18.51,119880
2021-01-07 20:00:00,18.51,18.55,18.4,18.4,115718
2021-01-07 20:30:00,18.41,18.47,18.4,18.43,147231
2021-01-07 21:00:00,18.44,18.47,18.36,18.36,138515
2021-01-07 21:30:00,18.36,18.4,18.34,18.36,124228
2021-01-07 22:00:00,18.37,18.39,18.33,18.36,184510
2021-01-07 22:30:00,18.36,18.38,18.31,18.32,453423
2021-01-08 16:30:00,18.7,18.71,18.35,18.61,313109
2021-01-08 17:00:00,18.61,18.7,18.5,18.5,194664
2021-01-08 17:30:00,18.5,18.65,18.5,18.59,165521
2021-01-08 18:00:00,18.6,18.63,18.55,18.58,123392
2021-01-08 18:30:00,18.58,18.61,18.51,18.55,126999
2021-01-08 19:00:00,18.55,18.56,18.46,18.49,86170
2021-01-08 19:30:00,18.49,18.49,18.41,18.44,95745
2021-01-08 20:00:00,18.44,18.48,18.31,18.37,161542
2021-01-08 20:30:00,18.36,18.37,18.27,18.31,116596
2021-01-08 21:00:00,18.32,18.51,18.31,18.51,172830
2021-01-08 21:30:00,18.5,18.53,18.43,18.51,132647
2021-01-08 22:00:00,18.52,18.66,18.52,18.59,194937
2021-01-08 22:30:00,18.6,18.68,18.57,18.65,539101
2021-01-11 16:30:00,18.5,18.95,18.39,18.89,401712
2021-01-11 17:00:00,18.88,18.93,18.8,18.82,185192
2021-01-11 17:30:00,18.83,18.87,18.8,18.84,130243
2021-01-11 18:00:00,18.85,18.96,18.84,18.92,190907
2021-01-11 18:30:00,18.93,18.95,18.89,18.91,72696
2021-01-11 19:00:00,18.92,18.97,18.9,18.94,96431
2021-01-11 19:30:00,18.95,19.06,18.95,19.02,168760
2021-01-11 20:00:00,19.02,19.07,18.99,19.0,111683
2021-01-11 20:30:00,19.01,19.04,18.97,18.98,122913
2021-01-11 21:00:00,18.97,19.04,18.91,18.93,174663
2021-01-11 21:30:00,18.92,19.08,18.92,19.06,192093
2021-01-11 22:00:00,19.06,19.08,18.94,18.94,209045
2021-01-11 22:30:00,18.95,18.98,18.88,18.95,536525
2021-01-12 16:30:00,19.03,19.28,18.97,19.28,226641
2021-01-12 17:00:00,19.28,19.54,19.24,19.45,363373
2021-01-12 17:30:00,19.45,19.57,19.43,19.55,234348
2021-01-12 18:00:00,19.56,19.58,19.48,19.55,109640
2021-01-12 18:30:00,19.55,19.57,19.49,19.57,114997
2021-01-12 19:00:00,19.57,19.59,19.45,19.51,148258
2021-01-12 19:30:00,19.52,19.56,19.48,19.5,147968
2021-01-12 20:00:00,19.5,19.51,19.42,19.44,107296
2021-01-12 20:30:00,19.43,19.51,19.42,19.49,104930
2021-01-12 21:00:00,19.48,19.55,19.46,19.51,113744
2021-01-12 21:30:00,19.52,19.56,19.46,19.54,256444
2021-01-12 22:00:00,19.54,19.61,19.53,19.54,262522
2021-01-12 22:30:00,19.54,19.65,19.52,19.58,639755
2021-01-13 16:30:00,19.6,19.76,19.53,19.73,308845
2021-01-13 17:00:00,19.73,19.89,19.7,19.85,245615
2021-01-13 17:30:00,19.84,19.85,19.63,19.64,281705
2021-01-13 18:00:00,19.64,19.75,19.61,19.74,394175
2021-01-13 18:30:00,19.74,19.77,19.64,19.66,139502
2021-01-13 19:00:00,19.66,19.68,19.56,19.64,105388
2021-01-13 19:30:00,19.64,19.75,19.61,19.72,130576
2021-01-13 20:00:00,19.72,19.72,19.63,19.64,101441
2021-01-13 20:30:00,19.64,19.76,19.62,19.76,312542
2021-01-13 21:00:00,19.75,19.77,19.7,19.74,175843
2021-01-13 21:30:00,19.74,19.77,19.66,19.69,171833
2021-01-13 22:00:00,19.69,19.72,19.56,19.56,234032
2021-01-13 22:30:00,19.57,19.63,19.52,19.52,697467
2021-01-14 16:30:00,19.65,19.97,19.58,19.96,270967
2021-01-14 17:00:00,19.97,20.23,19.96,20.2,337655
2021-01-14 17:30:00,20.19,20.27,20.16,20.25,365171
2021-01-14 18:00:00,20.25,20.27,20.03,20.06,368256
2021-01-14 18:30:00,20.06,20.13,19.95,19.99,272005
2021-01-14 19:00:00,19.98,20.04,19.94,20.01,251202
2021-01-14 19:30:00,20.01,20.2,20.0,20.09,160243
2021-01-14 20:00:00,20.1,20.21,20.08,20.21,129615
2021-01-14 20:30:00,20.21,20.33,20.21,20.31,194804
2021-01-14 21:00:00,20.32,20.42,20.27,20.33,215464
2021-01-14 21:30:00,20.32,20.35,20.17,20.23,269884
2021-01-14 22:00:00,20.23,20.29,20.2,20.27,282336
2021-01-14 22:30:00,20.27,20.34,20.24,20.27,580160
2021-01-15 16:30:00,19.93,20.08,19.76,19.92,466086
2021-01-15 17:00:00,19.92,19.92,19.5,19.63,424354
2021-01-15 17:30:00,19.63,19.76,19.59,19.72,234219
2021-01-15 18:00:00,19.73,19.82,19.62,19.79,251545
2021-01-15 18:30:00,19.79,20.03,19.79,19.88,450979
2021-01-15 19:00:00,19.87,19.87,19.76,19.76,79413
2021-01-15 19:30:00,19.77,19.94,19.77,19.94,107251
2021-01-15 20:00:00,19.93,19.99,19.89,19.99,112671
2021-01-15 20:30:00,19.99,20.06,19.98,20.04,101729
2021-01-15 21:00:00,20.05,20.14,20.01,20.13,166762
2021-01-15 21:30:00,20.13,20.15,20.08,20.08,119261
2021-01-15 22:00:00,20.09,20.12,20.04,20.07,155921
2021-01-15 22:30:00,20.08,20.09,19.95,20.01,934989
2021-01-19 16:30:00,20.18,20.28,20.0,20.21,345111
2021-01-19 17:00:00,20.21,20.24,19.96,20.01,212230
2021-01-19 17:30:00,20.0,20.21,19.99,20.13,135644
2021-01-19 18:00:00,20.12,20.36,20.11,20.28,140926
2021-01-19 18:30:00,20.29,20.29,20.14,20.16,116055
2021-01-19 19:00:00,20.15,20.22,20.13,20.22,70639
2021-01-19 19:30:00,20.21,20.22,20.14,20.22,117796
2021-01-19 20:00:00,20.23,20.31,20.21,20.25,97759
2021-01-19 20:30:00,20.25,20.34,20.23,20.33,119777
2021-01-19 21:00:00,20.32,20.35,20.28,20.31,112828
2021-01-19 21:30:00,20.32,20.33,20.19,20.2,169527
2021-01-19 22:00:00,20.2,20.26,20.18,20.25,155745
2021-01-19 22:30:00,20.25,20.3,20.21,20.26,513875
2021-01-20 16:30:00,20.25,22.1,20.12,21.54,3918892
2021-01-20 17:00:00,21.54,21.95,21.31,21.39,2018023
2021-01-20 17:30:00,21.39,21.77,21.32,21.61,769012
2021-01-20 18:00:00,21.61,21.61,21.36,21.41,458186
2021-01-20 18:30:00,21.4,21.48,21.32,21.36,252489
2021-01-20 19:00:00,21.36,21.45,21.29,21.45,263238
2021-01-20 19:30:00,21.45,21.47,21.37,21.42,173360
2021-01-20 20:00:00,21.43,21.48,21.43,21.46,170499
2021-01-20 20:30:00,21.47,21.67,21.45,21.63,431717
2021-01-20 21:00:00,21.63,21.7,21.48,21.7,447430
2021-01-20 21:30:00,21.68,21.81,21.61,21.77,528241
2021-01-20 22:00:00,21.78,21.79,21.51,21.54,587716
2021-01-20 22:30:00,21.54,21.59,21.49,21.58,1102605
2021-01-21 16:30:00,21.47,21.49,21.19,21.29,457001
2021-01-21 17:00:00,21.28,21.48,21.24,21.48,296298
2021-01-21 17:30:00,21.48,21.59,21.42,21.53,265186
2021-01-21 18:00:00,21.53,21.54,21.3,21.45,219736
2021-01-21 18:30:00,21.44,21.46,21.28,21.3,160583
2021-01-21 19:00:00,21.3,21.33,21.14,21.15,172865
2021-01-21 19:30:00,21.16,21.18,21.11,21.15,143097
2021-01-21 20:00:00,21.15,21.15,21.0,21.01,120141
2021-01-21 20:30:00,21.01,21.05,20.94,21.04,134038
2021-01-21 21:00:00,21.03,21.16,21.02,21.11,154456
2021-01-21 21:30:00,21.12,21.14,21.08,21.1,123237
2021-01-21 22:00:00,21.1,21.15,21.08,21.11,147823
2021-01-21 22:30:00,21.11,21.12,20.89,20.9,591530
2021-01-22 16:30:00,20.72,20.84,20.54,20.64,481414
2021-01-22 17:00:00,20.64,20.79,20.58,20.61,395054
2021-01-22 17:30:00,20.61,20.72,20.47,20.72,293377
2021-01-22 18:00:00,20.71,20.76,20.6,20.6,134185
2021-01-22 18:30:00,20.61,20.77,20.59,20.75,113708
2021-01-22 19:00:00,20.75,20.77,20.65,20.71,143271
2021-01-22 19:30:00,20.71,20.71,20.63,20.67,138317
2021-01-22 20:00:00,20.67,20.73,20.65,20.73,134277
2021-01-22 20:30:00,20.72,20.78,20.68,20.71,134403
2021-01-22 21:00:00,20.72,20.74,20.66,20.72,209705
2021-01-22 21:30:00,20.73,20.88,20.71,20.87,222221
2021-01-22 22:00:00,20.87,20.95,20.86,20.94,292301
2021-01-22 22:30:00,20.93,21.05,20.92,20.96,746050
2021-01-25 16:30:00,20.81,21.18,20.81,21.04,323610
2021-01-25 17:00:00,21.05,21.1,20.99,21.04,351647
2021-01-25 17:30:00,21.04,21.06,20.89,20.89,334420
2021-01-25 18:00:00,20.89,20.95,20.58,20.76,443388
2021-01-25 18:30:00,20.76,20.79,20.68,20.76,181929
2021-01-25 19:00:00,20.75,20.78,20.65,20.67,271689
2021-01-25 19:30:00,20.67,20.78,20.59,20.76,210941
2021-01-25 20:00:00,20.76,20.89,20.7,20.84,193066
2021-01-25 20:30:00,20.85,20.92,20.83,20.87,120161
2021-01-25 21:00:00,20.87,20.95,20.82,20.94,154839
2021-01-25 21:30:00,20.94,21.04,20.91,21.01,261221
2021-01-25 22:00:00,21.01,21.07,20.98,21.02,272652
2021-01-25 22:30:00,21.03,21.05,20.99,21.04,584553
2021-01-26 16:30:00,21.17,21.84,21.1,21.23,459033
2021-01-26 17:00:00,21.24,21.51,21.18,21.33,363273
2021-01-26 17:30:00,21.32,21.33,21.0,21.06,297119
2021-01-26 18:00:00,21.05,21.15,21.0,21.12,146050
2021-01-26 18:30:00,21.13,21.14,20.94,20.94,291703
2021-01-26 19:00:00,20.94,21.08,20.9,21.03,178205
2021-01-26 19:30:00,21.03,21.16,20.99,21.11,172971
2021-01-26 20:00:00,21.09,21.2,21.03,21.03,111196
2021-01-26 20:30:00,21.03,21.15,21.03,21.05,129879
2021-01-26 21:00:00,21.06,21.11,20.99,21.01,228819
2021-01-26 21:30:00,21.02,21.05,20.99,21.02,194544
2021-01-26 22:00:00,21.02,21.1,20.99,21.09,375195
2021-01-26 22:30:00,21.08,21.1,20.94,20.94,753709
2021-01-27 16:30:00,20.6,21.23,20.5,21.21,660885
2021-01-27 17:00:00,21.21,21.48,21.12,21.36,672564
2021-01-27 17:30:00,21.36,21.4,21.2,21.22,401867
2021-01-27 18:00:00,21.23,21.26,21.01,21.06,193808
2021-01-27 18:30:00,21.05,21.15,20.99,21.04,255052
2021-01-27 19:00:00,21.03,21.18,21.0,21.0,247686
2021-01-27 19:30:00,21.0,21.07,20.99,21.04,215108
2021-01-27 20:00:00,21.04,21.11,21.0,21.1,211565
2021-01-27 20:30:00,21.1,21.12,20.99,21.03,232056
2021-01-27 21:00:00,21.03,21.08,20.95,20.97,334815
2021-01-27 21:30:00,20.98,21.01,20.68,20.81,561049
2021-01-27 22:00:00,20.82,20.91,20.72,20.82,551164
2021-01-27 22:30:00,20.82,20.87,20.73,20.79,1409814
2021-01-28 16:30:00,21.29,21.66,21.12,21.54,577270
2021-01-28 17:00:00,21.56,21.6,21.36,21.36,378548
2021-01-28 17:30:00,21.36,21.49,21.17,21.2,362785
2021-01-28 18:00:00,21.19,21.41,20.95,21.0,489323
2021-01-28 18:30:00,21.01,21.33,20.99,21.2,234439
2021-01-28 19:00:00,21.21,21.39,21.18,21.37,174363
2021-01-28 19:30:00,21.37,21.49,21.29,21.44,180926
2021-01-28 20:00:00,21.44,21.45,21.22,21.37,223416
2021-01-28 20:30:00,21.37,21.52,21.37,21.5,172000
2021-01-28 21:00:00,21.5,21.53,21.44,21.51,200800
2021-01-28 21:30:00,21.52,21.77,21.47,21.75,384587
2021-01-28 22:00:00,21.74,21.74,21.42,21.42,392233
2021-01-28 22:30:00,21.42,21.62,21.41,21.53,1044399
2021-01-29 16:30:00,21.35,21.43,21.1,21.38,326244
2021-01-29 17:00:00,21.39,21.44,21.07,21.25,257741
2021-01-29 17:30:00,21.25,21.3,21.0,21.18,310302
2021-01-29 18:00:00,21.18,21.28,21.12,21.12,128632
2021-01-29 18:30:00,21.11,21.14,20.97,21.04,240308
2021-01-29 19:00:00,21.05,21.05,20.8,20.87,211021
2021-01-29 19:30:00,20.86,20.93,20.68,20.83,381193
2021-01-29 20:00:00,20.82,20.9,20.54,20.79,285168
2021-01-29 20:30:00,20.79,20.79,20.59,20.6,124044
2021-01-29 21:00:00,20.6,20.79,20.6,20.69,259373
2021-01-29 21:30:00,20.7,20.72,20.5,20.62,388955
2021-01-29 22:00:00,20.62,20.82,20.62,20.76,311857
2021-01-29 22:30:00,20.75,20.81,20.56,20.56,898997
2021-02-01 16:30:00,20.86,21.05,20.61,20.77,282245
2021-02-01 17:00:00,20.76,20.92,20.63,20.89,280355
2021-02-01 17:30:00,20.89,21.05,20.87,20.94,221509
2021-02-01 18:00:00,20.95,21.07,20.87,21.06,188590
2021-02-01 18:30:00,21.06,21.23,21.0,21.17,229895
2021-02-01 19:00:00,21.17,21.33,21.17,21.33,177909
2021-02-01 19:30:00,21.32,21.41,21.27,21.35,187509
2021-02-01 20:00:00,21.35,21.37,21.28,21.28,111155
2021-02-01 20:30:00,21.28,21.38,21.22,21.26,189010
2021-02-01 21:00:00,21.26,21.5,21.25,21.47,153530
2021-02-01 21:30:00,21.47,21.52,21.45,21.48,130921
2021-02-01 22:00:00,21.48,21.49,21.37,21.4,279012
2021-02-01 22:30:00,21.4,21.47,21.37,21.39,545261
2021-02-02 16:30:00,21.7,21.91,21.7,21.71,508830
2021-02-02 17:00:00,21.71,21.76,21.53,21.53,231362
2021-02-02 17:30:00,21.52,21.57,21.35,21.53,132421
2021-02-02 18:00:00,21.53,21.72,21.53,21.66,242993
2021-02-02 18:30:00,21.67,21.75,21.66,21.73,180511
2021-02-02 19:00:00,21.72,21.74,21.69,21.71,178805
2021-02-02 19:30:00,21.7,21.72,21.54,21.66,187023
2021-02-02 20:00:00,21.66,21.67,21.6,21.62,80943
2021-02-02 20:30:00,21.62,21.63,21.45,21.46,85925
2021-02-02 21:00:00,21.46,21.47,21.37,21.38,169944
2021-02-02 21:30:00,21.38,21.48,21.37,21.47,177069
2021-02-02 22:00:00,21.47,21.51,21.41,21.41,138838
2021-02-02 22:30:00,21.42,21.46,21.38,21.39,436316
2021-02-03 16:30:00,21.4,21.69,21.28,21.5,179453
2021-02-03 17:00:00,21.5,21.64,21.46,21.57,184873
2021-02-03 17:30:00,21.58,21.9,21.58,21.87,266409
2021-02-03 18:00:00,21.87,21.92,21.73,21.8,168214
2021-02-03 18:30:00,21.81,21.92,21.78,21.91,119331
2021-02-03 19:00:00,21.91,21.91,21.81,21.82,136005
2021-02-03 19:30:00,21.83,21.94,21.8,21.93,113098
2021-02-03 20:00:00,21.93,21.97,21.91,21.93,133480
2021-02-03 20:30:00,21.94,22.03,21.93,21.95,167620
2021-02-03 21:00:00,21.95,21.99,21.88,21.9,146472
2021-02-03 21:30:00,21.9,21.95,21.84,21.91,165038
2021-02-03 22:00:00,21.91,21.93,21.82,21.85,206925
2021-02-03 22:30:00,21.85,21.92,21.8,21.83,785308
2021-02-04 16:30:00,21.88,21.99,21.71,21.81,261280
2021-02-04 17:00:00,21.81,22.06,21.81,21.99,225618
2021-02-04 17:30:00,22.0,22.19,22.0,22.15,211530
2021-02-04 18:00:00,22.15,22.18,21.95,22.01,354775
2021-02-04 18:30:00,21.99,22.1,21.95,22.09,120433
2021-02-04 19:00:00,22.09,22.11,21.96,22.0,119328
2021-02-04 19:30:00,22.0,22.08,21.93,22.04,166438
2021-02-04 20:00:00,22.03,22.04,21.91,21.98,108259
2021-02-04 20:30:00,21.97,22.0,21.91,21.96,78733
2021-02-04 21:00:00,21.97,22.06,21.93,22.05,120288
2021-02-04 21:30:00,22.05,22.09,21.95,21.96,120663
2021-02-04 22:00:00,21.95,21.96,21.85,21.88,157481
2021-02-04 22:30:00,21.88,21.89,21.75,21.79,960909
2021-02-05 16:30:00,21.8,21.87,21.6,21.71,318755
2021-02-05 17:00:00,21.71,21.85,21.65,21.85,185322
2021-02-05 17:30:00,21.85,22.13,21.85,22.06,695423
2021-02-05 18:00:00,22.05,22.14,22.01,22.13,178129
2021-02-05 18:30:00,22.13,22.14,21.98,22.02,146867
2021-02-05 19:00:00,22.01,22.04,21.96,22.01,183704
2021-02-05 19:30:00,22.0,22.03,21.95,21.98,107860
2021-02-05 20:00:00,21.98,21.98,21.87,21.89,129111
2021-02-05 20:30:00,21.89,21.91,21.87,21.88,93299
2021-02-05 21:00:00,21.88,21.91,21.86,21.87,113447
2021-02-05 21:30:00,21.87,21.89,21.82,21.87,136147
2021-02-05 22:00:00,21.86,21.89,21.81,21.85,137184
2021-02-05 22:30:00,21.86,21.97,21.86,21.97,586867
2021-02-08 16:30:00,22.05,22.37,22.0,22.07,278324
2021-02-08 17:00:00,22.07,22.07,21.89,22.03,271553
2021-02-08 17:30:00,22.03,22.06,21.72,21.8,548707
2021-02-08 18:00:00,21.8,21.94,21.78,21.87,264402
2021-02-08 18:30:00,21.88,21.91,21.79,21.85,170190
2021-02-08 19:00:00,21.84,22.05,21.81,22.05,108596
2021-02-08 19:30:00,22.05,22.1,22.01,22.1,103325
2021-02-08 20:00:00,22.1,22.1,22.02,22.03,92061
2021-02-08 20:30:00,22.04,22.08,22.0,22.06,101934
2021-02-08 21:00:00,22.07,22.11,22.06,22.09,89395
2021-02-08 21:30:00,22.09,22.16,22.08,22.15,127903
2021-02-08 22:00:00,22.15,22.2,22.11,22.2,113205
2021-02-08 22:30:00,22.19,22.3,22.19,22.28,533144
2021-02-09 16:30:00,22.13,22.45,22.13,22.41,246107
2021-02-09 17:00:00,22.4,22.59,22.36,22.57,227012
2021-02-09 17:30:00,22.56,22.57,22.43,22.55,122397
2021-02-09 18:00:00,22.55,22.73,22.55,22.68,165462
2021-02-09 18:30:00,22.69,22.86,22.65,22.83,225642
2021-02-09 19:00:00,22.84,22.87,22.78,22.85,111952
2021-02-09 19:30:00,22.85,22.9,22.83,22.87,88104
2021-02-09 20:00:00,22.87,22.87,22.75,22.76,94217
2021-02-09 20:30:00,22.76,22.83,22.72,22.81,119616
2021-02-09 21:00:00,22.8,22.83,22.75,22.76,96231
2021-02-09 21:30:00,22.76,22.81,22.69,22.72,155293
2021-02-09 22:00:00,22.72,22.73,22.64,22.64,154004
2021-02-09 22:30:00,22.65,22.74,22.64,22.68,419309
2021-02-10 16:30:00,22.92,23.25,22.92,23.12,491570
2021-02-10 17:00:00,23.12,23.23,22.79,22.84,367252
2021-02-10 17:30:00,22.85,22.89,22.6,22.85,249881
2021-02-10 18:00:00,22.84,22.86,22.75,22.76,152245
2021-02-10 18:30:00,22.76,22.82,22.71,22.77,135435
2021-02-10 19:00:00,22.75,22.8,22.67,22.78,96597
2021-02-10 19:30:00,22.78,22.87,22.77,22.85,86892
2021-02-10 20:00:00,22.85,22.88,22.79,22.83,95070
2021-02-10 20:30:00,22.82,22.87,22.79,22.83,94587
2021-02-10 21:00:00,22.83,22.86,22.72,22.8,136921
2021-02-10 21:30:00,22.79,22.8,22.65,22.76,167152
2021-02-10 22:00:00,22.76,22.83,22.75,22.78,147978
2021-02-10 22:30:00,22.78,22.79,22.61,22.72,569353
2021-02-11 16:30:00,22.55,22.68,22.38,22.47,188715
2021-02-11 17:00:00,22.46,22.5,22.41,22.49,118472
2021-02-11 17:30:00,22.5,22.66,22.46,22.62,102557
2021-02-11 18:00:00,22.61,22.66,22.49,22.59,111380
2021-02-11 18:30:00,22.58,22.59,22.52,22.55,194261
2021-02-11 19:00:00,22.54,22.56,22.23,22.25,163429
2021-02-11 19:30:00,22.25,22.43,22.25,22.4,99619
2021-02-11 20:00:00,22.4,22.5,22.36,22.46,77047
2021-02-11 20:30:00,22.47,22.48,22.38,22.4,95555
2021-02-11 21:00:00,22.41,22.46,22.35,22.44,105037
2021-02-11 21:30:00,22.45,22.47,22.41,22.46,104958
2021-02-11 22:00:00,22.46,22.53,22.42,22.51,99765
2021-02-11 22:30:00,22.51,22.6,22.47,22.59,358193
2021-02-12 16:30:00,22.36,22.62,22.24,22.55,170624
2021-02-12 17:00:00,22.55,22.6,22.46,22.55,121842
2021-02-12 17:30:00,22.54,22.64,22.52,22.64,109027
2021-02-12 18:00:00,22.64,22.65,22.56,22.58,93002
2021-02-12 18:30:00,22.58,22.63,22.52,22.6,78483
2021-02-12 19:00:00,22.6,22.69,22.54,22.58,68307
2021-02-12 19:30:00,22.58,22.62,22.57,22.62,40560
2021-02-12 20:00:00,22.62,22.64,22.55,22.59,49889
2021-02-12 20:30:00,22.58,22.64,22.56,22.6,77867
2021-02-12 21:00:00,22.6,22.61,22.55,22.59,48602
2021-02-12 21:30:00,22.59,22.61,22.56,22.59,54675
2021-02-12 22:00:00,22.6,22.65,22.56,22.57,88653
2021-02-12 22:30:00,22.57,22.7,22.56,22.69,258593
2021-02-16 16:30:00,22.83,22.97,22.76,22.88,197999
2021-02-16 17:00:00,22.89,22.98,22.78,22.97,116632
2021-02-16 17:30:00,22.97,23.08,22.92,23.07,147991
2021-02-16 18:00:00,23.07,23.11,22.97,22.98,126881
2021-02-16 18:30:00,22.98,23.03,22.93,22.93,76454
2021-02-16 19:00:00,22.92,22.96,22.84,22.9,81482
2021-02-16 19:30:00,22.89,22.95,22.87,22.91,87220
2021-02-16 20:00:00,22.9,22.92,22.83,22.84,58714
2021-02-16 20:30:00,22.84,22.88,22.83,22.87,62068
2021-02-16 21:00:00,22.86,22.95,22.86,22.91,63969
2021-02-16 21:30:00,22.91,23.0,22.9,22.98,63577
2021-02-16 22:00:00,22.98,22.99,22.9,22.93,79494
2021-02-16 22:30:00,22.92,22.94,22.82,22.84,291657
2021-02-17 16:30:00,22.7,22.74,22.5,22.71,195094
2021-02-17 17:00:00,22.69,22.85,22.57,22.59,110812
2021-02-17 17:30:00,22.57,22.66,22.44,22.45,119209
2021-02-17 18:00:00,22.45,22.46,22.32,22.4,130590
2021-02-17 18:30:00,22.39,22.42,22.24,22.33,103977
2021-02-17 19:00:00,22.33,22.41,22.28,22.41,76060
2021-02-17 19:30:00,22.41,22.47,22.38,22.43,67818
2021-02-17 20:00:00,22.44,22.47,22.41,22.44,78309
2021-02-17 20:30:00,22.44,22.45,22.37,22.39,103150
2021-02-17 21:00:00,22.39,22.51,22.39,22.48,93798
2021-02-17 21:30:00,22.48,22.53,22.44,22.52,134191
2021-02-17 22:00:00,22.51,22.63,22.51,22.58,122585
2021-02-17 22:30:00,22.59,22.64,22.55,22.6,440041
2021-02-18 16:30:00,22.42,22.51,22.16,22.44,190568
2021-02-18 17:00:00,22.42,22.42,22.02,22.14,175987
2021-02-18 17:30:00,22.13,22.16,22.01,22.01,216094
2021-02-18 18:00:00,22.01,22.1,21.95,22.04,181235
2021-02-18 18:30:00,22.03,22.07,21.92,21.94,143739
2021-02-18 19:00:00,21.94,21.94,21.79,21.87,131875
2021-02-18 19:30:00,21.86,22.01,21.84,21.92,84343
2021-02-18 20:00:00,21.93,22.04,21.84,22.01,92223
2021-02-18 20:30:00,22.01,22.04,21.94,21.96,102331
2021-02-18 21:00:00,21.97,22.05,21.94,21.96,125828
2021-02-18 21:30:00,21.97,22.02,21.91,21.99,93494
2021-02-18 22:00:00,21.99,22.0,21.91,21.95,113231
2021-02-18 22:30:00,21.94,21.99,21.84,21.85,467789
2021-02-19 16:30:00,22.07,22.34,21.99,22.29,353091
2021-02-19 17:00:00,22.3,22.32,22.2,22.24,186089
2021-02-19 17:30:00,22.23,22.36,22.21,22.22,138196
2021-02-19 18:00:00,22.23,22.38,22.2,22.37,225693
2021-02-19 18:30:00,22.36,22.4,22.34,22.37,121275
2021-02-19 19:00:00,22.36,22.44,22.33,22.34,87549
2021-02-19 19:30:00,22.34,22.38,22.3,22.37,111371
2021-02-19 20:00:00,22.37,22.46,22.31,22.39,126170
2021-02-19 20:30:00,22.4,22.45,22.37,22.4,81754
2021-02-19 21:00:00,22.41,22.42,22.28,22.28,162725
2021-02-19 21:30:00,22.29,22.42,22.28,22.41,159561
2021-02-19 22:00:00,22.4,22.45,22.38,22.44,211846
2021-02-19 22:30:00,22.45,22.53,22.38,22.48,613586
2021-02-22 16:30:00,22.32,22.63,22.26,22.63,194598
2021-02-22 17:00:00,22.62,22.81,22.6,22.72,254430
2021-02-22 17:30:00,22.73,22.79,22.6,22.62,215333
2021-02-22 18:00:00,22.61,22.73,22.52,22.69,141738
2021-02-22 18:30:00,22.69,22.83,22.67,22.83,84062
2021-02-22 19:00:00,22.83,22.89,22.79,22.87,103532
2021-02-22 19:30:00,22.88,22.96,22.85,22.95,75869
2021-02-22 20:00:00,22.96,22.98,22.89,22.93,119335
2021-02-22 20:30:00,22.93,23.05,22.89,22.91,142339
2021-02-22 21:00:00,22.91,22.93,22.81,22.83,65004
2021-02-22 21:30:00,22.83,22.92,22.82,22.9,113697
2021-02-22 22:00:00,22.91,22.92,22.71,22.71,258275
2021-02-22 22:30:00,22.72,22.77,22.65,22.73,496633
2021-02-23 16:30:00,22.64,22.68,21.92,22.43,315254
2021-02-23 17:00:00,22.44,22.62,22.36,22.6,213959
2021-02-23 17:30:00,22.6,22.71,22.5,22.61,229184
2021-02-23 18:00:00,22.62,22.74,22.36,22.51,188183
2021-02-23 18:30:00,22.5,22.58,22.45,22.47,104325
2021-02-23 19:00:00,22.45,22.49,22.36,22.49,109490
2021-02-23 19:30:00,22.47,22.5,22.32,22.33,110967
2021-02-23 20:00:00,22.34,22.43,22.32,22.4,90872
2021-02-23 20:30:00,22.4,22.41,22.29,22.33,93049
2021-02-23 21:00:00,22.33,22.46,22.32,22.43,117384
2021-02-23 21:30:00,22.42,22.47,22.36,22.42,124222
2021-02-23 22:00:00,22.41,22.54,22.41,22.51,183075
2021-02-23 22:30:00,22.51,22.6,22.46,22.57,459484
2021-02-24 16:30:00,22.59,22.97,22.54,22.94,171825
2021-02-24 17:00:00,22.93,22.99,22.7,22.78,137192
2021-02-24 17:30:00,22.77,22.85,22.7,22.81,89041
2021-02-24 18:00:00,22.8,22.92,22.8,22.87,89918
2021-02-24 18:30:00,22.88,23.0,22.85,22.97,115119
2021-02-24 19:00:00,22.98,23.12,22.97,23.12,119103
2021-02-24 19:30:00,23.12,23.16,23.09,23.09,103637
2021-02-24 20:00:00,23.09,23.15,23.06,23.14,235704
2021-02-24 20:30:00,23.14,23.2,23.1,23.15,117235
2021-02-24 21:00:00,23.15,23.22,23.14,23.21,93182
2021-02-24 21:30:00,23.22,23.25,23.16,23.18,130459
2021-02-24 22:00:00,23.18,23.21,23.13,23.2,136308
2021-02-24 22:30:00,23.2,23.31,23.15,23.26,351507
2021-02-25 16:30:00,23.39,23.52,23.22,23.33,211597
2021-02-25 17:00:00,23.33,23.34,23.09,23.16,187840
2021-02-25 17:30:00,23.15,23.17,22.91,23.05,189326
2021-02-25 18:00:00,23.04,23.14,22.96,23.03,136315
2021-02-25 18:30:00,23.04,23.04,22.84,22.9,120554
2021-02-25 19:00:00,22.9,22.95,22.78,22.81,174389
2021-02-25 19:30:00,22.81,22.86,22.58,22.62,150449
2021-02-25 20:00:00,22.6,22.82,22.51,22.78,175486
2021-02-25 20:30:00,22.77,22.79,22.64,22.69,86995
2021-02-25 21:00:00,22.69,22.92,22.68,22.89,113596
2021-02-25 21:30:00,22.88,22.91,22.69,22.71,118893
2021-02-25 22:00:00,22.71,22.76,22.47,22.48,263134
2021-02-25 22:30:00,22.48,22.54,22.3,22.38,562864
2021-02-26 16:30:00,22.36,22.71,22.21,22.35,269630
2021-02-26 17:00:00,22.35,22.35,21.82,21.83,365929
2021-02-26 17:30:00,21.85,22.2,21.85,22.09,170869
2021-02-26 18:00:00,22.09,22.31,22.07,22.22,202574
2021-02-26 18:30:00,22.23,22.37,22.11,22.21,189930
2021-02-26 19:00:00,22.23,22.5,22.21,22.46,143474
2021-02-26 19:30:00,22.47,22.56,22.39,22.4,82496
2021-02-26 20:00:00,22.41,22.49,22.31,22.46,78133
2021-02-26 20:30:00,22.47,22.48,22.26,22.3,106604
2021-02-26 21:00:00,22.3,22.34,22.13,22.2,122167
2021-02-26 21:30:00,22.2,22.36,22.18,22.36,140130
2021-02-26 22:00:00,22.37,22.55,22.37,22.4,230072
2021-02-26 22:30:00,22.4,22.68,22.39,22.42,772024
2021-03-01 16:30:00,22.99,23.75,22.99,23.42,2105976
2021-03-01 17:00:00,23.45,23.92,23.35,23.79,1053968
2021-03-01 17:30:00,23.8,24.0,23.69,23.82,735749
2021-03-01 18:00:00,23.83,24.23,23.83,24.14,734641
2021-03-01 18:30:00,24.14,24.32,24.12,24.24,602393
2021-03-01 19:00:00,24.25,24.37,24.02,24.36,602357
2021-03-01 19:30:00,24.37,24.66,24.37,24.62,701001
2021-03-01 20:00:00,24.6,24.6,24.27,24.3,412750
2021-03-01 20:30:00,24.31,24.66,24.29,24.65,500392
2021-03-01 21:00:00,24.65,24.93,24.58,24.93,682464
2021-03-01 21:30:00,24.92,25.12,24.79,24.94,925770
2021-03-01 22:00:00,24.95,25.08,24.72,24.78,529820
2021-03-01 22:30:00,24.78,24.82,24.59,24.75,1431876
2021-03-02 16:30:00,24.58,24.92,24.37,24.75,991629
2021-03-02 17:00:00,24.74,24.8,24.43,24.43,344922
2021-03-02 17:30:00,24.43,24.49,24.28,24.38,278826
2021-03-02 18:00:00,24.38,24.43,24.25,24.43,213049
2021-03-02 18:30:00,24.43,24.43,24.24,24.34,187869
2021-03-02 19:00:00,24.34,24.48,24.32,24.44,166913
2021-03-02 19:30:00,24.44,24.46,24.37,24.45,183443
2021-03-02 20:00:00,24.45,24.52,24.33,24.36,163641
2021-03-02 20:30:00,24.37,24.49,24.29,24.29,240323
2021-03-02 21:00:00,24.29,24.34,24.1,24.14,205131
2021-03-02 21:30:00,24.15,24.35,24.13,24.24,246422
2021-03-02 22:00:00,24.25,24.27,24.02,24.02,317637
2021-03-02 22:30:00,24.01,24.08,23.94,23.94,951730
2021-03-03 16:30:00,24.01,24.32,23.94,24.0,327422
2021-03-03 17:00:00,24.0,24.08,23.83,24.02,261808
2021-03-03 17:30:00,24.01,24.28,23.97,24.11,265901
2021-03-03 18:00:00,24.12,24.26,24.07,24.24,169783
2021-03-03 18:30:00,24.24,24.26,24.08,24.12,129659
2021-03-03 19:00:00,24.1,24.17,24.07,24.17,109449
2021-03-03 19:30:00,24.16,24.37,24.1,24.21,256247
2021-03-03 20:00:00,24.22,24.39,24.22,24.29,112438
2021-03-03 20:30:00,24.28,24.29,23.98,23.99,105643
2021-03-03 21:00:00,24.0,24.05,23.86,23.9,110888
2021-03-03 21:30:00,23.9,24.05,23.8,24.02,150945
2021-03-03 22:00:00,24.01,24.11,23.9,23.94,181946
2021-03-03 22:30:00,23.96,23.96,23.64,23.65,780200
2021-03-04 16:30:00,23.35,24.04,23.35,23.53,339954
2021-03-04 17:00:00,23.53,23.53,23.06,23.36,248019
2021-03-04 17:30:00,23.37,23.41,23.15,23.31,233995
2021-03-04 18:00:00,23.31,23.41,23.14,23.21,210437
2021-03-04 18:30:00,23.21,23.46,23.18,23.44,255272
2021-03-04 19:00:00,23.44,23.7,23.43,23.56,220757
2021-03-04 19:30:00,23.56,23.57,23.11,23.14,183730
2021-03-04 20:00:00,23.12,23.17,22.77,22.88,417160
2021-03-04 20:30:00,22.89,22.94,22.42,22.44,278164
2021-03-04 21:00:00,22.44,22.87,22.39,22.86,317508
2021-03-04 21:30:00,22.86,23.09,22.56,23.06,782487
2021-03-04 22:00:00,23.05,23.11,22.79,22.97,317970
2021-03-04 22:30:00,22.97,23.35,22.95,23.32,1110748
2021-03-05 16:30:00,23.65,23.81,23.31,23.47,553158
2021-03-05 17:00:00,23.47,23.55,23.17,23.18,322833
2021-03-05 17:30:00,23.19,23.3,23.03,23.12,350193
2021-03-05 18:00:00,23.12,23.15,22.39,22.48,468205
2021-03-05 18:30:00,22.49,22.99,22.49,22.96,271925
2021-03-05 19:00:00,22.95,23.19,22.91,23.13,209250
2021-03-05 19:30:00,23.13,23.31,23.05,23.28,334877
2021-03-05 20:00:00,23.27,23.56,23.06,23.56,520367
2021-03-05 20:30:00,23.57,23.71,23.49,23.57,334036
2021-03-05 21:00:00,23.59,23.76,23.48,23.76,221762
2021-03-05 21:30:00,23.76,23.87,23.67,23.76,339660
2021-03-05 22:00:00,23.75,23.79,23.66,23.7,293870
2021-03-05 22:30:00,23.7,23.85,23.65,23.76,1047908
2021-03-08 16:30:00,23.84,24.15,23.61,23.92,465703
2021-03-08 17:00:00,23.93,24.23,23.88,24.14,526066
2021-03-08 17:30:00,24.14,24.29,24.04,24.22,381938
2021-03-08 18:00:00,24.22,24.54,24.18,24.51,342247
2021-03-08 18:30:00,24.52,24.54,24.21,24.25,324993
2021-03-08 19:00:00,24.25,24.47,24.24,24.43,212443
2021-03-08 19:30:00,24.43,24.48,24.34,24.38,125469
2021-03-08 20:00:00,24.38,24.41,24.29,24.33,184057
2021-03-08 20:30:00,24.32,24.33,23.99,24.06,282063
2021-03-08 21:00:00,24.07,24.27,24.06,24.27,232861
2021-03-08 21:30:00,24.27,24.33,24.22,24.28,400343
2021-03-08 22:00:00,24.28,24.31,24.07,24.08,291321
2021-03-08 22:30:00,24.08,24.27,24.05,24.07,511179
2021-03-09 16:30:00,24.1,24.37,23.92,24.29,580199
2021-03-09 17:00:00,24.3,24.55,24.22,24.45,225591
2021-03-09 17:30:00,24.46,24.68,24.4,24.68,310146
2021-03-09 18:00:00,24.69,24.84,24.69,24.77,204929
2021-03-09 18:30:00,24.77,24.9,24.72,24.88,130593
2021-03-09 19:00:00,24.87,24.89,24.8,24.81,116670
2021-03-09 19:30:00,24.81,24.88,24.7,24.75,154456
2021-03-09 20:00:00,24.75,24.84,24.7,24.78,138236
2021-03-09 20:30:00,24.78,24.92,24.77,24.86,138690
2021-03-09 21:00:00,24.87,24.88,24.76,24.78,122408
2021-03-09 21:30:00,24.78,24.88,24.72,24.72,199193
2021-03-09 22:00:00,24.72,24.8,24.62,24.63,193705
2021-03-09 22:30:00,24.64,24.66,24.46,24.48,548305
2021-03-10 16:30:00,24.77,25.2,24.69,25.06,501053
2021-03-10 17:00:00,25.07,25.31,24.88,24.88,376690
2021-03-10 17:30:00,24.89,25.18,24.88,25.09,275895
2021-03-10 18:00:00,25.09,25.29,25.06,25.13,183424
2021-03-10 18:30:00,25.14,25.2,25.03,25.18,141881
2021-03-10 19:00:00,25.18,25.26,25.1,25.13,86621
2021-03-10 19:30:00,25.12,25.25,24.94,25.22,185613
2021-03-10 20:00:00,25.23,25.31,25.11,25.3,178254
2021-03-10 20:30:00,25.3,25.35,25.19,25.32,147856
2021-03-10 21:00:00,25.31,25.39,25.27,25.34,140722
2021-03-10 21:30:00,25.35,25.42,25.32,25.34,223459
2021-03-10 22:00:00,25.34,25.35,25.2,25.2,169296
2021-03-10 22:30:00,25.21,25.27,25.12,25.19,394016
2021-03-11 16:30:00,25.16,25.28,24.98,25.27,277674
2021-03-11 17:00:00,25.27,25.43,25.19,25.42,168063
2021-03-11 17:30:00,25.42,25.59,25.41,25.52,387040
2021-03-11 18:00:00,25.52,25.7,25.52,25.6,233045
2021-03-11 18:30:00,25.61,25.62,25.47,25.55,191596
2021-03-11 19:00:00,25.56,25.57,25.47,25.56,127646
2021-03-11 19:30:00,25.56,25.56,25.28,25.31,179625
2021-03-11 20:00:00,25.31,25.36,25.19,25.32,188852
2021-03-11 20:30:00,25.32,25.35,25.23,25.29,143404
2021-03-11 21:00:00,25.29,25.35,25.29,25.32,122942
2021-03-11 21:30:00,25.32,25.36,25.28,25.33,219764
2021-03-11 22:00:00,25.33,25.38,25.21,25.26,399962
2021-03-11 22:30:00,25.26,25.34,25.23,25.31,1023366
2021-03-12 16:30:00,25.54,25.61,25.23,25.55,481113
2021-03-12 17:00:00,25.54,25.67,25.39,25.43,273603
2021-03-12 17:30:00,25.42,25.53,25.37,25.45,181886
2021-03-12 18:00:00,25.44,25.6,25.4,25.52,166852
2021-03-12 18:30:00,25.52,25.55,25.37,25.45,214368
2021-03-12 19:00:00,25.46,25.56,25.44,25.5,78017
2021-03-12 19:30:00,25.5,25.54,25.47,25.5,85040
2021-03-12 20:00:00,25.5,25.6,25.45,25.45,119131
2021-03-12 20:30:00,25.46,25.49,25.35,25.35,115727
2021-03-12 21:00:00,25.36,25.51,25.36,25.49,155462
2021-03-12 21:30:00,25.49,25.53,25.44,25.53,311507
2021-03-12 22:00:00,25.52,25.57,25.49,25.57,137725
2021-03-12 22:30:00,25.55,25.73,25.55,25.73,498325
2021-03-15 16:30:00,25.74,25.91,25.47,25.52,342845
2021-03-15 17:00:00,25.52,25.75,25.36,25.71,255774
2021-03-15 17:30:00,25.71,25.85,25.66,25.68,344006
2021-03-15 18:00:00,25.68,25.81,25.63,25.78,327223
2021-03-15 18:30:00,25.78,25.8,25.62,25.7,296064
2021-03-15 19:00:00,25.7,25.84,25.67,25.81,198498
2021-03-15 19:30:00,25.8,25.83,25.68,25.75,179596
2021-03-15 20:00:00,25.74,25.75,25.65,25.66,148219
2021-03-15 20:30:00,25.65,25.75,25.62,25.75,145369
2021-03-15 21:00:00,25.73,25.8,25.69,25.8,129772
2021-03-15 21:30:00,25.8,25.97,25.78,25.94,189870
2021-03-15 22:00:00,25.93,25.95,25.82,25.84,171800
2021-03-15 22:30:00,25.83,26.0,25.83,26.0,428246
2021-03-16 16:30:00,25.92,26.06,25.76,25.78,344034
2021-03-16 17:00:00,25.77,25.88,25.74,25.82,258876
2021-03-16 17:30:00,25.83,25.89,25.64,25.69,289026
2021-03-16 18:00:00,25.69,25.77,25.56,25.64,239819
2021-03-16 18:30:00,25.65,25.75,25.6,25.7,137190
2021-03-16 19:00:00,25.69,25.73,25.49,25.52,187493
2021-03-16 19:30:00,25.51,25.61,25.49,25.56,118783
2021-03-16 20:00:00,25.56,25.65,25.52,25.54,140512
2021-03-16 20:30:00,25.54,25.55,25.47,25.53,95851
2021-03-16 21:00:00,25.52,25.58,25.34,25.38,173049
2021-03-16 21:30:00,25.37,25.46,25.13,25.3,357983
2021-03-16 22:00:00,25.3,25.45,25.27,25.34,180006
2021-03-16 22:30:00,25.34,25.44,25.22,25.26,1194220
2021-03-17 16:30:00,25.3,25.64,25.25,25.31,251984
2021-03-17 17:00:00,25.3,25.33,25.05,25.12,173478
2021-03-17 17:30:00,25.12,25.14,24.8,24.85,257716
2021-03-17 18:00:00,24.85,25.18,24.83,25.11,163980
2021-03-17 18:30:00,25.1,25.21,25.06,25.09,149645
2021-03-17 19:00:00,25.1,25.23,25.09,25.15,128167
2021-03-17 19:30:00,25.14,25.25,25.1,25.18,142652
2021-03-17 20:00:00,25.17,25.19,25.06,25.11,97638
2021-03-17 20:30:00,25.12,25.19,25.07,25.11,102287
2021-03-17 21:00:00,25.11,25.48,25.11,25.17,213448
2021-03-17 21:30:00,25.18,25.44,25.16,25.38,225672
2021-03-17 22:00:00,25.38,25.39,25.26,25.38,217313
2021-03-17 22:30:00,25.38,25.51,25.36,25.51,654179
2021-03-18 16:30:00,25.58,25.66,25.4,25.45,223390
2021-03-18 17:00:00,25.45,25.67,25.36,25.67,176595
2021-03-18 17:30:00,25.66,25.76,25.51,25.54,305462
2021-03-18 18:00:00,25.55,25.78,25.55,25.74,156685
2021-03-18 18:30:00,25.74,25.8,25.7,25.73,92872
2021-03-18 19:00:00,25.74,25.81,25.69,25.72,95768
2021-03-18 19:30:00,25.72,25.73,25.44,25.51,113915
2021-03-18 20:00:00,25.49,25.6,25.48,25.51,96621
2021-03-18 20:30:00,25.5,25.85,25.48,25.71,482018
2021-03-18 21:00:00,25.72,25.76,25.6,25.6,359433
2021-03-18 21:30:00,25.61,25.67,25.47,25.59,394487
2021-03-18 22:00:00,25.59,25.59,25.26,25.34,247848
2021-03-18 22:30:00,25.34,25.34,25.06,25.14,882800
2021-03-19 16:30:00,25.01,25.31,24.7,25.09,607535
2021-03-19 17:00:00,25.07,25.29,24.96,25.23,235511
2021-03-19 17:30:00,25.24,25.47,25.0,25.39,163043
2021-03-19 18:00:00,25.4,25.4,25.22,25.32,223977
2021-03-19 18:30:00,25.34,25.62,25.33,25.54,140943
2021-03-19 19:00:00,25.54,25.67,25.52,25.64,83762
2021-03-19 19:30:00,25.65,25.7,25.52,25.59,98234
2021-03-19 20:00:00,25.59,25.62,25.53,25.57,86100
2021-03-19 20:30:00,25.58,25.66,25.53,25.58,117406
2021-03-19 21:00:00,25.58,25.64,25.48,25.51,98617
2021-03-19 21:30:00,25.52,25.63,25.49,25.63,137878
2021-03-19 22:00:00,25.63,25.63,25.54,25.59,129673
2021-03-19 22:30:00,25.58,25.64,25.36,25.46,980772
2021-03-22 16:30:00,25.44,25.44,25.18,25.22,202122
2021-03-22 17:00:00,25.22,25.27,25.09,25.14,187944
2021-03-22 17:30:00,25.14,25.28,25.09,25.12,151976
2021-03-22 18:00:00,25.12,25.21,25.08,25.19,165563
2021-03-22 18:30:00,25.19,25.22,25.14,25.19,105519
2021-03-22 19:00:00,25.19,25.21,25.0,25.05,74205
2021-03-22 19:30:00,25.05,25.1,24.99,25.1,78823
2021-03-22 20:00:00,25.1,25.22,25.02,25.2,81885
2021-03-22 20:30:00,25.19,25.24,25.16,25.21,80473
2021-03-22 21:00:00,25.21,25.25,25.19,25.24,106016
2021-03-22 21:30:00,25.25,25.32,25.25,25.31,126715
2021-03-22 22:00:00,25.31,25.39,25.25,25.25,105866
2021-03-22 22:30:00,25.25,25.28,25.11,25.11,332709
2021-03-23 16:30:00,24.76,25.01,24.67,24.8,278046
2021-03-23 17:00:00,24.81,24.85,24.59,24.59,204149
2021-03-23 17:30:00,24.58,24.59,24.27,24.39,237011
2021-03-23 18:00:00,24.39,24.47,24.26,24.45,119741
2021-03-23 18:30:00,24.45,24.46,24.24,24.32,125423
2021-03-23 19:00:00,24.32,24.39,24.24,24.29,129026
2021-03-23 19:30:00,24.3,24.37,24.29,24.35,71169
2021-03-23 20:00:00,24.35,24.37,24.26,24.31,61483
2021-03-23 20:30:00,24.3,24.31,24.03,24.1,162405
2021-03-23 21:00:00,24.11,24.14,23.97,24.02,160737
2021-03-23 21:30:00,24.02,24.05,23.82,23.82,195858
2021-03-23 22:00:00,23.83,23.92,23.64,23.68,334300
2021-03-23 22:30:00,23.67,23.7,23.55,23.67,630533
2021-03-24 16:30:00,24.0,24.27,23.77,23.82,487060
2021-03-24 17:00:00,23.83,24.01,23.83,23.86,180513
2021-03-24 17:30:00,23.85,24.11,23.79,24.01,204174
2021-03-24 18:00:00,24.01,24.04,23.71,23.75,154341
2021-03-24 18:30:00,23.75,23.81,23.65,23.68,140695
2021-03-24 19:00:00,23.69,23.87,23.65,23.82,97002
2021-03-24 19:30:00,23.83,23.86,23.77,23.84,119879
2021-03-24 20:00:00,23.83,23.84,23.58,23.67,137732
2021-03-24 20:30:00,23.67,23.78,23.63,23.74,124212
2021-03-24 21:00:00,23.73,23.74,23.57,23.58,126703
2021-03-24 21:30:00,23.58,23.58,23.38,23.42,185046
2021-03-24 22:00:00,23.42,23.54,23.35,23.39,220727
2021-03-24 22:30:00,23.4,23.41,23.25,23.25,554632
2021-03-25 16:30:00,23.08,23.28,22.82,23.06,611712
2021-03-25 17:00:00,23.05,23.39,22.99,23.34,257385
2021-03-25 17:30:00,23.34,23.37,22.86,22.96,160897
2021-03-25 18:00:00,22.95,23.19,22.84,23.19,208209
2021-03-25 18:30:00,23.18,23.42,23.15,23.42,216732
2021-03-25 19:00:00,23.42,23.62,23.4,23.58,185175
2021-03-25 19:30:00,23.59,23.78,23.57,23.65,148158
2021-03-25 20:00:00,23.66,23.76,23.59,23.65,120594
2021-03-25 20:30:00,23.65,23.77,23.58,23.66,79774
2021-03-25 21:00:00,23.66,23.83,23.63,23.65,94810
2021-03-25 21:30:00,23.65,23.88,23.64,23.83,139211
2021-03-25 22:00:00,23.83,24.0,23.74,23.99,198032
2021-03-25 22:30:00,23.99,24.11,23.95,23.98,381127
2021-03-26 16:30:00,24.47,24.63,24.08,24.22,275449
2021-03-26 17:00:00,24.22,24.55,24.18,24.54,126328
2021-03-26 17:30:00,24.54,24.55,24.14,24.16,137830
2021-03-26 18:00:00,24.16,24.18,23.99,24.1,142482
2021-03-26 18:30:00,24.11,24.25,24.07,24.12,113022
2021-03-26 19:00:00,24.12,24.27,24.09,24.25,122139
2021-03-26 19:30:00,24.26,24.29,24.17,24.19,115160
2021-03-26 20:00:00,24.2,24.29,24.18,24.21,135702
2021-03-26 20:30:00,24.22,24.25,24.01,24.11,117341
2021-03-26 21:00:00,24.1,24.21,23.96,24.15,224467
2021-03-26 21:30:00,24.15,24.35,24.01,24.34,248022
2021-03-26 22:00:00,24.34,24.59,24.26,24.5,622943
2021-03-26 22:30:00,24.49,24.79,24.44,24.76,677545
2021-03-29 16:30:00,24.45,24.89,24.44,24.87,386954
2021-03-29 17:00:00,24.86,24.9,24.5,24.5,230520
2021-03-29 17:30:00,24.51,24.52,24.21,24.21,186540
2021-03-29 18:00:00,24.21,24.28,24.07,24.12,198419
2021-03-29 18:30:00,24.13,24.33,24.1,24.28,144862
2021-03-29 19:00:00,24.29,24.31,24.02,24.18,138166
2021-03-29 19:30:00,24.19,24.33,24.15,24.31,99260
2021-03-29 20:00:00,24.32,24.44,24.25,24.25,108015
2021-03-29 20:30:00,24.27,24.41,24.23,24.27,99575
2021-03-29 21:00:00,24.27,24.39,24.24,24.38,103328
2021-03-29 21:30:00,24.37,24.4,24.25,24.35,122377
2021-03-29 22:00:00,24.36,24.59,24.36,24.56,145575
2021-03-29 22:30:00,24.56,24.56,24.31,24.36,407777
2021-03-30 16:30:00,24.55,24.76,24.39,24.65,269108
2021-03-30 17:00:00,24.64,24.79,24.54,24.79,193308
2021-03-30 17:30:00,24.79,24.87,24.68,24.77,176385
2021-03-30 18:00:00,24.77,24.9,24.72,24.83,312999
2021-03-30 18:30:00,24.84,24.84,24.68,24.69,107382
2021-03-30 19:00:00,24.69,24.76,24.66,24.73,100198
2021-03-30 19:30:00,24.72,24.87,24.71,24.83,165750
2021-03-30 20:00:00,24.83,24.89,24.79,24.83,219209
2021-03-30 20:30:00,24.81,24.85,24.73,24.81,155686
2021-03-30 21:00:00,24.81,24.99,24.77,24.97,244944
2021-03-30 21:30:00,24.98,25.06,24.93,25.06,218095
2021-03-30 22:00:00,25.06,25.13,25.02,25.03,221527
2021-03-30 22:30:00,25.03,25.04,24.82,24.89,587516
2021-03-31 16:30:00,24.86,25.48,24.84,25.41,360124
2021-03-31 17:00:00,25.41,25.46,25.23,25.29,200199
2021-03-31 17:30:00,25.28,25.34,25.16,25.3,179085
2021-03-31 18:00:00,25.3,25.42,25.26,25.28,169005
2021-03-31 18:30:00,25.28,25.28,25.11,25.21,121659
2021-03-31 19:00:00,25.21,25.23,25.14,25.21,101181
2021-03-31 19:30:00,25.2,25.25,25.14,25.25,114715
2021-03-31 20:00:00,25.27,25.38,25.24,25.31,86889
2021-03-31 20:30:00,25.3,25.36,25.29,25.32,68872
2021-03-31 21:00:00,25.31,25.36,25.23,25.33,105053
2021-03-31 21:30:00,25.33,25.5,25.33,25.37,139878
2021-03-31 22:00:00,25.37,25.43,25.31,25.4,155301
2021-03-31 22:30:00,25.4,25.46,25.22,25.23,661139
2021-04-01 16:30:00,25.31,25.44,25.18,25.34,485413
2021-04-01 17:00:00,25.34,25.58,25.3,25.55,315815
2021-04-01 17:30:00,25.54,25.58,25.44,25.46,279436
2021-04-01 18:00:00,25.46,25.52,25.33,25.46,314052
2021-04-01 18:30:00,25.45,25.66,25.44,25.65,376048
2021-04-01 19:00:00,25.66,25.79,25.65,25.77,283867
2021-04-01 19:30:00,25.76,25.76,25.63,25.63,142575
2021-04-01 20:00:00,25.62,25.75,25.61,25.67,211463
2021-04-01 20:30:00,25.66,25.84,25.66,25.78,225103
2021-04-01 21:00:00,25.78,25.82,25.72,25.76,154633
2021-04-01 21:30:00,25.76,25.88,25.73,25.86,220480
2021-04-01 22:00:00,25.85,25.86,25.64,25.66,330303
2021-04-01 22:30:00,25.65,25.76,25.53,25.76,591159
2021-04-05 16:30:00,26.0,26.06,25.73,25.76,287145
2021-04-05 17:00:00,25.76,25.85,25.58,25.85,262885
2021-04-05 17:30:00,25.85,25.96,25.82,25.93,136974
2021-04-05 18:00:00,25.93,26.09,25.89,26.08,172039
2021-04-05 18:30:00,26.08,26.13,26.02,26.12,152896
2021-04-05 19:00:00,26.11,26.22,26.04,26.1,185900
2021-04-05 19:30:00,26.1,26.25,26.08,26.16,165511
2021-04-05 20:00:00,26.15,26.25,26.08,26.08,158523
2021-04-05 20:30:00,26.07,26.17,26.06,26.15,146698
2021-04-05 21:00:00,26.14,26.18,26.03,26.04,91617
2021-04-05 21:30:00,26.05,26.07,25.93,25.94,131721
2021-04-05 22:00:00,25.93,26.04,25.91,25.95,122193
2021-04-05 22:30:00,25.94,26.04,25.89,25.93,566689
2021-04-06 16:30:00,25.98,26.23,25.82,26.12,386510
2021-04-06 17:00:00,26.12,26.15,25.94,25.94,217527
2021-04-06 17:30:00,25.94,26.0,25.81,25.86,190415
2021-04-06 18:00:00,25.85,25.87,25.74,25.87,142649
2021-04-06 18:30:00,25.86,26.0,25.84,25.84,144723
2021-04-06 19:00:00,25.85,25.94,25.84,25.87,99059
2021-04-06 19:30:00,25.88,25.95,25.84,25.92,86421
2021-04-06 20:00:00,25.93,25.95,25.81,25.81,68910
2021-04-06 20:30:00,25.8,25.92,25.79,25.89,88984
2021-04-06 21:00:00,25.9,25.96,25.9,25.91,123522
2021-04-06 21:30:00,25.9,25.93,25.75,25.8,215136
2021-04-06 22:00:00,25.8,25.81,25.69,25.74,139104
2021-04-06 22:30:00,25.75,25.86,25.74,25.83,436060
2021-04-07 16:30:00,25.98,26.06,25.81,25.87,250110
2021-04-07 17:00:00,25.87,25.94,25.8,25.92,109604
2021-04-07 17:30:00,25.92,25.94,25.81,25.85,78166
2021-04-07 18:00:00,25.85,25.89,25.75,25.77,125169
2021-04-07 18:30:00,25.77,25.78,25.71,25.76,83084
2021-04-07 19:00:00,25.75,25.79,25.7,25.76,79082
2021-04-07 19:30:00,25.77,25.94,25.77,25.91,119927
2021-04-07 20:00:00,25.92,25.98,25.89,25.93,95134
2021-04-07 20:30:00,25.93,25.99,25.9,25.98,70975
2021-04-07 21:00:00,25.98,26.08,25.98,26.04,100710
2021-04-07 21:30:00,26.04,26.04,25.92,25.92,94338
2021-04-07 22:00:00,25.93,25.99,25.92,25.94,150704
2021-04-07 22:30:00,25.94,25.97,25.85,25.96,357337
2021-04-08 16:30:00,25.94,25.98,25.46,25.59,270272
2021-04-08 17:00:00,25.58,25.59,25.35,25.49,225327
2021-04-08 17:30:00,25.48,25.57,25.43,25.46,166445
2021-04-08 18:00:00,25.46,25.59,25.46,25.56,147441
2021-04-08 18:30:00,25.55,25.76,25.53,25.72,145481
2021-04-08 19:00:00,25.72,25.83,25.71,25.8,92657
2021-04-08 19:30:00,25.8,25.86,25.79,25.85,91349
2021-04-08 20:00:00,25.84,25.88,25.78,25.78,80816
2021-04-08 20:30:00,25.79,25.81,25.69,25.76,101130
2021-04-08 21:00:00,25.76,25.82,25.75,25.81,90251
2021-04-08 21:30:00,25.8,25.86,25.77,25.85,103106
2021-04-08 22:00:00,25.85,25.94,25.84,25.92,129249
2021-04-08 22:30:00,25.92,25.92,25.82,25.88,298836
2021-04-09 16:30:00,26.08,26.29,26.03,26.09,270027
2021-04-09 17:00:00,26.09,26.1,26.0,26.09,203408
2021-04-09 17:30:00,26.09,26.25,26.05,26.19,188814
2021-04-09 18:00:00,26.18,26.28,26.18,26.27,133060
2021-04-09 18:30:00,26.25,26.35,26.21,26.26,130129
2021-04-09 19:00:00,26.25,26.26,26.19,26.2,65793
2021-04-09 19:30:00,26.2,26.3,26.19,26.25,60659
2021-04-09 20:00:00,26.25,26.3,26.21,26.29,94585
2021-04-09 20:30:00,26.3,26.33,26.27,26.29,76242
2021-04-09 21:00:00,26.29,26.33,26.22,26.28,115857
2021-04-09 21:30:00,26.27,26.27,26.19,26.23,100330
2021-04-09 22:00:00,26.23,26.24,26.15,26.24,137850
2021-04-09 22:30:00,26.25,26.38,26.22,26.34,463751
2021-04-12 16:30:00,26.3,26.56,26.3,26.47,354221
2021-04-12 17:00:00,26.46,26.68,26.39,26.64,272562
2021-04-12 17:30:00,26.64,26.72,26.57,26.66,193383
2021-04-12 18:00:00,26.65,26.68,26.51,26.65,105948
2021-04-12 18:30:00,26.65,26.82,26.65,26.8,119459
2021-04-12 19:00:00,26.79,26.79,26.67,26.75,93461
2021-04-12 19:30:00,26.76,26.85,26.76,26.81,79025
2021-04-12 20:00:00,26.8,26.8,26.65,26.68,88010
2021-04-12 20:30:00,26.67,26.69,26.54,26.54,106432
2021-04-12 21:00:00,26.56,26.65,26.55,26.65,68394
2021-04-12 21:30:00,26.64,26.67,26.61,26.62,76190
2021-04-12 22:00:00,26.62,26.69,26.55,26.65,109034
2021-04-12 22:30:00,26.65,26.76,26.64,26.71,620720
2021-04-13 16:30:00,26.69,26.69,26.14,26.2,370278
2021-04-13 17:00:00,26.2,26.27,25.98,26.01,303786
2021-04-13 17:30:00,26.01,26.13,25.81,26.06,292820
2021-04-13 18:00:00,26.07,26.15,26.0,26.01,141609
2021-04-13 18:30:00,26.02,26.09,25.99,26.05,134797
2021-04-13 19:00:00,26.06,26.09,25.95,25.97,137673
2021-04-13 19:30:00,25.96,26.01,25.88,25.91,201985
2021-04-13 20:00:00,25.9,25.94,25.82,25.86,120462
2021-04-13 20:30:00,25.85,25.89,25.8,25.88,105295
2021-04-13 21:00:00,25.88,26.03,25.87,25.95,125322
2021-04-13 21:30:00,25.95,26.02,25.94,26.01,111336
2021-04-13 22:00:00,26.01,26.17,26.01,26.05,175519
2021-04-13 22:30:00,26.05,26.06,25.9,25.91,574888
2021-04-14 16:30:00,25.91,26.5,25.91,26.46,470122
2021-04-14 17:00:00,26.46,26.5,26.22,26.23,301668
2021-04-14 17:30:00,26.23,26.52,26.22,26.49,201263
2021-04-14 18:00:00,26.5,26.56,26.42,26.49,139871
2021-04-14 18:30:00,26.48,26.48,26.28,26.29,163766
2021-04-14 19:00:00,26.29,26.31,26.21,26.25,131526
2021-04-14 19:30:00,26.25,26.41,26.23,26.35,84010
2021-04-14 20:00:00,26.35,26.35,26.23,26.29,124125
2021-04-14 20:30:00,26.28,26.35,26.21,26.24,105275
2021-04-14 21:00:00,26.24,26.33,26.15,26.28,143229
2021-04-14 21:30:00,26.29,26.3,26.14,26.16,186198
2021-04-14 22:00:00,26.16,26.18,26.07,26.18,287550
2021-04-14 22:30:00,26.18,26.22,26.05,26.12,651548
2021-04-15 16:30:00,26.41,26.49,26.15,26.32,520753
2021-04-15 17:00:00,26.32,26.43,26.23,26.4,273888
2021-04-15 17:30:00,26.4,26.63,26.39,26.6,200893
2021-04-15 18:00:00,26.6,26.66,26.35,26.39,196659
2021-04-15 18:30:00,26.38,26.68,26.38,26.63,197998
2021-04-15 19:00:00,26.63,26.74,26.59,26.69,169702
2021-04-15 19:30:00,26.69,26.75,26.64,26.66,137628
2021-04-15 20:00:00,26.67,26.71,26.54,26.57,96961
2021-04-15 20:30:00,26.57,26.77,26.56,26.77,149956
2021-04-15 21:00:00,26.76,26.83,26.73,26.82,231780
2021-04-15 21:30:00,26.82,26.89,26.81,26.82,172139
2021-04-15 22:00:00,26.83,26.88,26.67,26.69,219807
2021-04-15 22:30:00,26.69,26.86,26.68,26.83,614056
2021-04-16 16:30:00,26.99,27.08,26.72,26.77,317589
2021-04-16 17:00:00,26.76,26.76,26.62,26.65,161233
2021-04-16 17:30:00,26.65,26.69,26.44,26.45,186164
2021-04-16 18:00:00,26.47,26.55,26.44,26.51,87053
2021-04-16 18:30:00,26.53,26.57,26.47,26.48,77598
2021-04-16 19:00:00,26.49,26.58,26.48,26.51,104845
2021-04-16 19:30:00,26.5,26.55,26.43,26.43,111889
2021-04-16 20:00:00,26.42,26.49,26.37,26.45,89299
2021-04-16 20:30:00,26.45,26.45,26.36,26.37,80001
2021-04-16 21:00:00,26.37,26.51,26.36,26.5,96606
2021-04-16 21:30:00,26.51,26.55,26.45,26.52,168787
2021-04-16 22:00:00,26.53,26.6,26.53,26.6,126149
2021-04-16 22:30:00,26.6,26.66,26.53,26.56,525538
2021-04-19 16:30:00,26.5,26.59,26.22,26.45,261835
2021-04-19 17:00:00,26.45,26.51,26.34,26.5,143707
2021-04-19 17:30:00,26.49,26.51,26.22,26.24,182868
2021-04-19 18:00:00,26.24,26.42,26.2,26.39,116115
2021-04-19 18:30:00,26.4,26.49,26.33,26.4,135047
2021-04-19 19:00:00,26.4,26.45,26.36,26.39,79248
2021-04-19 19:30:00,26.4,26.41,26.28,26.33,92523
2021-04-19 20:00:00,26.32,26.41,26.31,26.37,91064
2021-04-19 20:30:00,26.37,26.4,26.32,26.39,67630
2021-04-19 21:00:00,26.39,26.44,26.35,26.42,127219
2021-04-19 21:30:00,26.42,26.5,26.35,26.47,121475
2021-04-19 22:00:00,26.47,26.56,26.42,26.46,138611
2021-04-19 22:30:00,26.46,26.5,26.39,26.48,436091
2021-04-20 16:30:00,26.21,26.44,25.98,26.01,279791
2021-04-20 17:00:00,26.01,26.07,25.92,25.98,251213
2021-04-20 17:30:00,25.98,26.03,25.61,25.71,435242
2021-04-20 18:00:00,25.72,25.73,25.51,25.61,184042
2021-04-20 18:30:00,25.6,25.75,25.56,25.75,137090
2021-04-20 19:00:00,25.73,25.8,25.67,25.74,88581
2021-04-20 19:30:00,25.74,25.76,25.61,25.67,80797
2021-04-20 20:00:00,25.67,25.72,25.6,25.65,106119
2021-04-20 20:30:00,25.64,25.66,25.54,25.57,95776
2021-04-20 21:00:00,25.57,25.72,25.57,25.63,81201
2021-04-20 21:30:00,25.64,25.7,25.62,25.64,63419
2021-04-20 22:00:00,25.64,25.76,25.63,25.72,110082
2021-04-20 22:30:00,25.72,25.88,25.7,25.8,414190
2021-04-21 16:30:00,25.51,25.88,25.43,25.81,248831
2021-04-21 17:00:00,25.81,26.08,25.81,26.03,143821
2021-04-21 17:30:00,26.03,26.29,26.02,26.25,308062
2021-04-21 18:00:00,26.24,26.29,25.95,25.97,134399
2021-04-21 18:30:00,25.97,26.11,25.92,26.11,87456
2021-04-21 19:00:00,26.11,26.23,26.1,26.19,80029
2021-04-21 19:30:00,26.19,26.29,26.19,26.22,69271
2021-04-21 20:00:00,26.21,26.24,26.12,26.12,70189
2021-04-21 20:30:00,26.13,26.31,26.13,26.27,57594
2021-04-21 21:00:00,26.28,26.36,26.28,26.3,77761
2021-04-21 21:30:00,26.3,26.36,26.27,26.29,76661
2021-04-21 22:00:00,26.3,26.36,26.23,26.23,98258
2021-04-21 22:30:00,26.24,26.37,26.24,26.35,365790
2021-04-22 16:30:00,26.4,26.45,25.91,26.07,293151
2021-04-22 17:00:00,26.08,26.08,25.71,25.78,224277
2021-04-22 17:30:00,25.78,26.01,25.78,25.96,182566
2021-04-22 18:00:00,25.96,26.19,25.96,26.15,156941
2021-04-22 18:30:00,26.14,26.23,26.1,26.16,244836
2021-04-22 19:00:00,26.17,26.29,26.12,26.27,164381
2021-04-22 19:30:00,26.26,26.34,26.25,26.29,175895
2021-04-22 20:00:00,26.29,26.34,25.88,26.15,317016
2021-04-22 20:30:00,26.15,26.17,25.76,25.77,205953
2021-04-22 21:00:00,25.76,25.93,25.69,25.92,183875
2021-04-22 21:30:00,25.91,25.94,25.84,25.88,137033
2021-04-22 22:00:00,25.89,25.96,25.74,25.79,184938
2021-04-22 22:30:00,25.78,25.84,25.67,25.69,636085
2021-04-23 16:30:00,25.86,25.99,25.76,25.97,381372
2021-04-23 17:00:00,25.98,26.16,25.97,26.14,234617
2021-04-23 17:30:00,26.15,26.21,26.05,26.09,201803
2021-04-23 18:00:00,26.1,26.22,26.08,26.11,199508
2021-04-23 18:30:00,26.11,26.13,26.03,26.06,338749
2021-04-23 19:00:00,26.06,26.35,26.04,26.3,229153
2021-04-23 19:30:00,26.3,26.36,26.27,26.33,196864
2021-04-23 20:00:00,26.33,26.38,26.29,26.36,104927
2021-04-23 20:30:00,26.38,26.42,26.23,26.24,266336
2021-04-23 21:00:00,26.24,26.3,26.18,26.26,316369
2021-04-23 21:30:00,26.26,26.49,26.24,26.48,162590
2021-04-23 22:00:00,26.48,26.57,26.45,26.56,162636
2021-04-23 22:30:00,26.56,26.59,26.46,26.52,524874
2021-04-26 16:30:00,26.53,26.9,26.36,26.76,414196
2021-04-26 17:00:00,26.77,26.81,26.47,26.57,299187
2021-04-26 17:30:00,26.57,26.67,26.46,26.56,198989
2021-04-26 18:00:00,26.55,26.67,26.51,26.65,170087
2021-04-26 18:30:00,26.66,26.69,26.55,26.62,124404
2021-04-26 19:00:00,26.62,26.63,26.48,26.49,125309
2021-04-26 19:30:00,26.5,26.56,26.48,26.55,97905
2021-04-26 20:00:00,26.55,26.58,26.48,26.5,115918
2021-04-26 20:30:00,26.5,26.53,26.44,26.53,112266
2021-04-26 21:00:00,26.53,26.57,26.45,26.46,106309
2021-04-26 21:30:00,26.45,26.46,26.32,26.41,177435
2021-04-26 22:00:00,26.41,26.46,26.3,26.31,211459
2021-04-26 22:30:00,26.32,26.57,26.3,26.52,570760
2021-04-27 16:30:00,26.23,26.53,25.92,26.39,567078
2021-04-27 17:00:00,26.4,26.88,26.36,26.86,398412
2021-04-27 17:30:00,26.88,26.95,26.71,26.72,223840
2021-04-27 18:00:00,26.73,26.88,26.72,26.81,130090
2021-04-27 18:30:00,26.82,26.84,26.63,26.68,201735
2021-04-27 19:00:00,26.67,26.72,26.57,26.58,113610
2021-04-27 19:30:00,26.57,26.59,26.15,26.2,397920
2021-04-27 20:00:00,26.2,26.32,26.16,26.2,344215
2021-04-27 20:30:00,26.2,26.31,26.2,26.25,185412
2021-04-27 21:00:00,26.24,26.25,26.07,26.22,162094
2021-04-27 21:30:00,26.22,26.47,26.17,26.46,263264
2021-04-27 22:00:00,26.45,26.56,26.4,26.48,228126
2021-04-27 22:30:00,26.47,26.54,26.42,26.46,336812
2021-04-28 16:30:00,26.58,26.9,26.55,26.86,344518
2021-04-28 17:00:00,26.86,27.15,26.85,27.08,291816
2021-04-28 17:30:00,27.08,27.22,27.02,27.18,187797
2021-04-28 18:00:00,27.19,27.23,27.11,27.21,158808
2021-04-28 18:30:00,27.21,27.24,27.12,27.17,157052
2021-04-28 19:00:00,27.16,27.21,27.11,27.15,109491
2021-04-28 19:30:00,27.14,27.25,27.12,27.2,95774
2021-04-28 20:00:00,27.19,27.25,27.14,27.16,121052
2021-04-28 20:30:00,27.17,27.18,27.07,27.15,85689
2021-04-28 21:00:00,27.14,27.24,27.09,27.24,215421
2021-04-28 21:30:00,27.23,27.31,27.16,27.21,176273
2021-04-28 22:00:00,27.21,27.28,27.15,27.25,336994
2021-04-28 22:30:00,27.25,27.33,27.19,27.24,505220
2021-04-29 16:30:00,27.57,27.6,27.36,27.49,306983
2021-04-29 17:00:00,27.5,27.68,27.44,27.55,192018
2021-04-29 17:30:00,27.54,27.55,27.22,27.34,180493
2021-04-29 18:00:00,27.34,27.38,27.23,27.34,103750
2021-04-29 18:30:00,27.32,27.38,27.19,27.27,158745
2021-04-29 19:00:00,27.27,27.28,27.09,27.13,130594
2021-04-29 19:30:00,27.12,27.31,27.09,27.3,100286
2021-04-29 20:00:00,27.31,27.35,27.24,27.33,117346
2021-04-29 20:30:00,27.34,27.42,27.3,27.36,98305
2021-04-29 21:00:00,27.37,27.51,27.35,27.51,103219
2021-04-29 21:30:00,27.51,27.62,27.5,27.57,164646
2021-04-29 22:00:00,27.56,27.66,27.5,27.52,154610
2021-04-29 22:30:00,27.52,27.65,27.51,27.65,428018
2021-04-30 16:30:00,27.42,27.47,27.02,27.17,345200
2021-04-30 17:00:00,27.16,27.2,26.77,26.81,193584
2021-04-30 17:30:00,26.8,26.88,26.62,26.65,202009
2021-04-30 18:00:00,26.65,26.79,26.57,26.74,176826
2021-04-30 18:30:00,26.73,26.94,26.72,26.88,172229
2021-04-30 19:00:00,26.88,26.89,26.75,26.78,150662
2021-04-30 19:30:00,26.78,26.79,26.72,26.78,122052
2021-04-30 20:00:00,26.78,26.91,26.74,26.91,105713
2021-04-30 20:30:00,26.91,26.99,26.8,26.85,130346
2021-04-30 21:00:00,26.85,27.0,26.78,26.92,132951
2021-04-30 21:30:00,26.93,27.01,26.89,26.93,138496
2021-04-30 22:00:00,26.93,26.99,26.87,26.95,211046
2021-04-30 22:30:00,26.95,27.04,26.78,27.01,979621
2021-05-03 16:30:00,27.29,27.36,27.02,27.12,311532
2021-05-03 17:00:00,27.11,27.18,26.93,26.96,258554
2021-05-03 17:30:00,26.96,27.16,26.95,27.15,130289
2021-05-03 18:00:00,27.15,27.3,27.08,27.19,364145
2021-05-03 18:30:00,27.19,27.39,27.19,27.34,295540
2021-05-03 19:00:00,27.34,27.46,27.32,27.45,99645
2021-05-03 19:30:00,27.46,27.49,27.41,27.48,75399
2021-05-03 20:00:00,27.48,27.5,27.38,27.46,110684
2021-05-03 20:30:00,27.46,27.54,27.44,27.5,106103
2021-05-03 21:00:00,27.5,27.64,27.49,27.57,195559
2021-05-03 21:30:00,27.58,27.68,27.56,27.57,160347
2021-05-03 22:00:00,27.57,27.57,27.5,27.57,151835
2021-05-03 22:30:00,27.56,27.58,27.36,27.42,315061
2021-05-04 16:30:00,27.24,27.53,26.89,26.91,332647
2021-05-04 17:00:00,26.9,27.26,26.77,27.22,234851
2021-05-04 17:30:00,27.22,27.39,27.13,27.18,184068
2021-05-04 18:00:00,27.16,27.19,27.0,27.16,172308
2021-05-04 18:30:00,27.15,27.22,27.04,27.07,243102
2021-05-04 19:00:00,27.08,27.34,27.08,27.32,131453
2021-05-04 19:30:00,27.32,27.34,27.2,27.25,98427
2021-05-04 20:00:00,27.24,27.34,27.2,27.33,87229
2021-05-04 20:30:00,27.32,27.37,27.27,27.35,113412
2021-05-04 21:00:00,27.34,27.42,27.27,27.34,125576
2021-05-04 21:30:00,27.33,27.4,27.3,27.34,139365
2021-05-04 22:00:00,27.34,27.42,27.29,27.4,237217
2021-05-04 22:30:00,27.4,27.54,27.37,27.54,556870
2021-05-05 16:30:00,27.73,27.82,27.36,27.69,271717
2021-05-05 17:00:00,27.69,27.72,27.47,27.59,190993
2021-05-05 17:30:00,27.57,27.78,27.49,27.74,243808
2021-05-05 18:00:00,27.74,27.88,27.71,27.84,84600
2021-05-05 18:30:00,27.85,27.96,27.83,27.94,96734
2021-05-05 19:00:00,27.95,27.97,27.87,27.94,90329
2021-05-05 19:30:00,27.92,27.94,27.78,27.81,110428
2021-05-05 20:00:00,27.8,27.86,27.76,27.84,91495
2021-05-05 20:30:00,27.84,27.89,27.79,27.87,106981
2021-05-05 21:00:00,27.88,27.89,27.82,27.87,149947
2021-05-05 21:30:00,27.87,27.97,27.84,27.9,156054
2021-05-05 22:00:00,27.89,27.91,27.69,27.77,216785
2021-05-05 22:30:00,27.77,27.79,27.68,27.7,447636
2021-05-06 16:30:00,27.76,27.89,27.39,27.39,296234
2021-05-06 17:00:00,27.38,27.39,27.1,27.2,286515
2021-05-06 17:30:00,27.2,27.47,27.19,27.47,197399
2021-05-06 18:00:00,27.47,27.64,27.42,27.59,148034
2021-05-06 18:30:00,27.59,27.72,27.57,27.72,125292
2021-05-06 19:00:00,27.72,27.83,27.65,27.81,93039
2021-05-06 19:30:00,27.82,27.82,27.68,27.71,110844
2021-05-06 20:00:00,27.7,27.79,27.69,27.76,92742
2021-05-06 20:30:00,27.77,27.82,27.71,27.73,102493
2021-05-06 21:00:00,27.72,27.81,27.69,27.7,129085
2021-05-06 21:30:00,27.72,27.85,27.63,27.84,108060
2021-05-06 22:00:00,27.84,28.01,27.84,27.99,187737
2021-05-06 22:30:00,27.99,28.29,27.98,28.27,499439
2021-05-07 16:30:00,28.04,28.45,27.91,28.24,206578
2021-05-07 17:00:00,28.25,28.37,28.17,28.23,204332
2021-05-07 17:30:00,28.22,28.45,28.2,28.39,182806
2021-05-07 18:00:00,28.39,28.41,28.3,28.37,121779
2021-05-07 18:30:00,28.38,28.47,28.34,28.38,190550
2021-05-07 19:00:00,28.38,28.49,28.34,28.49,157782
2021-05-07 19:30:00,28.48,28.54,28.45,28.53,79210
2021-05-07 20:00:00,28.53,28.54,28.31,28.32,240605
2021-05-07 20:30:00,28.33,28.37,28.29,28.3,127431
2021-05-07 21:00:00,28.3,28.3,28.19,28.26,140652
2021-05-07 21:30:00,28.25,28.27,28.15,28.22,149886
2021-05-07 22:00:00,28.22,28.3,28.18,28.29,177281
2021-05-07 22:30:00,28.28,28.4,28.25,28.39,583160
2021-05-10 16:30:00,28.28,28.7,28.28,28.7,281054
2021-05-10 17:00:00,28.71,28.95,28.66,28.66,213076
2021-05-10 17:30:00,28.66,28.77,28.53,28.76,149422
2021-05-10 18:00:00,28.77,28.88,28.72,28.82,159985
2021-05-10 18:30:00,28.82,28.87,28.72,28.75,108464
2021-05-10 19:00:00,28.76,28.82,28.7,28.73,231984
2021-05-10 19:30:00,28.73,28.92,28.73,28.9,123802
2021-05-10 20:00:00,28.91,28.93,28.81,28.81,122793
2021-05-10 20:30:00,28.78,28.85,28.74,28.83,131162
2021-05-10 21:00:00,28.84,28.89,28.7,28.75,123763
2021-05-10 21:30:00,28.74,28.74,28.53,28.59,168429
2021-05-10 22:00:00,28.59,28.63,28.44,28.46,177442
2021-05-10 22:30:00,28.46,28.46,28.16,28.22,634898
2021-05-11 16:30:00,27.56,27.93,27.35,27.93,367012
2021-05-11 17:00:00,27.92,27.98,27.23,27.28,196491
2021-05-11 17:30:00,27.27,27.35,27.02,27.19,198407
2021-05-11 18:00:00,27.19,27.41,27.06,27.35,201383
2021-05-11 18:30:00,27.35,27.45,27.26,27.39,171963
2021-05-11 19:00:00,27.4,27.44,27.33,27.34,132990
2021-05-11 19:30:00,27.34,27.35,27.1,27.14,135084
2021-05-11 20:00:00,27.14,27.34,27.11,27.33,158984
2021-05-11 20:30:00,27.33,27.53,27.31,27.52,210371
2021-05-11 21:00:00,27.54,27.57,27.36,27.48,168549
2021-05-11 21:30:00,27.47,27.5,27.34,27.45,168945
2021-05-11 22:00:00,27.46,27.47,27.32,27.4,372085
2021-05-11 22:30:00,27.39,27.43,27.2,27.26,665072
2021-05-12 16:30:00,27.37,27.54,27.06,27.18,296105
2021-05-12 17:00:00,27.19,27.47,27.14,27.15,232468
2021-05-12 17:30:00,27.15,27.3,27.07,27.2,175651
2021-05-12 18:00:00,27.19,27.26,27.04,27.05,121682
2021-05-12 18:30:00,27.05,27.07,26.83,26.84,191331
2021-05-12 19:00:00,26.83,26.84,26.65,26.69,149650
2021-05-12 19:30:00,26.69,26.78,26.59,26.68,159476
2021-05-12 20:00:00,26.68,26.85,26.66,26.78,106238
2021-05-12 20:30:00,26.78,26.87,26.72,26.78,82454
2021-05-12 21:00:00,26.78,26.84,26.63,26.65,103811
2021-05-12 21:30:00,26.65,26.76,26.57,26.63,181582
2021-05-12 22:00:00,26.63,26.64,26.3,26.34,229589
2021-05-12 22:30:00,26.34,26.46,26.26,26.37,704300
2021-05-13 16:30:00,26.27,27.02,26.27,26.96,347297
2021-05-13 17:00:00,26.96,27.1,26.83,26.95,193583
2021-05-13 17:30:00,26.96,27.16,26.93,27.12,201777
2021-05-13 18:00:00,27.12,27.12,26.82,26.85,162360
2021-05-13 18:30:00,26.86,26.95,26.79,26.83,108859
2021-05-13 19:00:00,26.82,27.03,26.8,27.01,134586
2021-05-13 19:30:00,27.01,27.09,26.94,26.99,108953
2021-05-13 20:00:00,26.99,27.08,26.81,26.89,173976
2021-05-13 20:30:00,26.9,26.93,26.69,26.82,151268
2021-05-13 21:00:00,26.83,27.09,26.83,27.09,148398
2021-05-13 21:30:00,27.09,27.19,27.04,27.05,123451
2021-05-13 22:00:00,27.06,27.22,27.06,27.21,164287
2021-05-13 22:30:00,27.21,27.3,27.07,27.14,405306
2021-05-14 16:30:00,27.34,27.72,27.29,27.65,205556
2021-05-14 17:00:00,27.67,27.7,27.39,27.54,113048
2021-05-14 17:30:00,27.52,27.66,27.42,27.63,116883
2021-05-14 18:00:00,27.64,27.7,27.52,27.65,133969
2021-05-14 18:30:00,27.66,27.75,27.61,27.71,126264
2021-05-14 19:00:00,27.72,27.75,27.67,27.7,44882
2021-05-14 19:30:00,27.71,27.78,27.7,27.75,66355
2021-05-14 20:00:00,27.76,27.84,27.73,27.84,56031
2021-05-14 20:30:00,27.84,27.88,27.78,27.84,82580
2021-05-14 21:00:00,27.85,27.99,27.82,27.98,75306
2021-05-14 21:30:00,27.98,28.05,27.93,28.05,126632
2021-05-14 22:00:00,28.05,28.09,28.0,28.02,354680
2021-05-14 22:30:00,28.02,28.05,27.94,27.95,410492
2021-05-17 16:30:00,27.76,28.0,27.46,27.57,255365
2021-05-17 17:00:00,27.56,27.87,27.49,27.55,187718
2021-05-17 17:30:00,27.55,27.85,27.51,27.7,152218
2021-05-17 18:00:00,27.69,27.79,27.58,27.71,100062
2021-05-17 18:30:00,27.72,27.78,27.64,27.69,107881
2021-05-17 19:00:00,27.67,27.81,27.61,27.79,68593
2021-05-17 19:30:00,27.8,27.8,27.62,27.62,98184
2021-05-17 20:00:00,27.63,27.71,27.53,27.55,122233
2021-05-17 20:30:00,27.56,27.7,27.53,27.64,98472
2021-05-17 21:00:00,27.65,27.71,27.62,27.64,93538
2021-05-17 21:30:00,27.65,27.78,27.63,27.74,147809
2021-05-17 22:00:00,27.75,27.81,27.71,27.75,149258
2021-05-17 22:30:00,27.76,27.81,27.68,27.75,676761
2021-05-18 16:30:00,27.9,28.25,27.82,28.14,279345
2021-05-18 17:00:00,28.14,28.17,27.92,27.98,210168
2021-05-18 17:30:00,27.97,28.0,27.84,27.9,260429
2021-05-18 18:00:00,27.89,27.89,27.68,27.68,557062
2021-05-18 18:30:00,27.69,27.71,27.45,27.48,233543
2021-05-18 19:00:00,27.47,27.51,27.36,27.46,277241
2021-05-18 19:30:00,27.46,27.49,27.38,27.39,337451
2021-05-18 20:00:00,27.39,27.42,27.31,27.42,142312
2021-05-18 20:30:00,27.41,27.55,27.31,27.51,203324
2021-05-18 21:00:00,27.51,27.51,27.33,27.35,122991
2021-05-18 21:30:00,27.36,27.42,27.23,27.42,211658
2021-05-18 22:00:00,27.41,27.5,27.37,27.5,193557
2021-05-18 22:30:00,27.49,27.57,27.23,27.24,965461
2021-05-19 16:30:00,26.69,26.87,26.25,26.49,442503
2021-05-19 17:00:00,26.49,26.58,26.24,26.33,185717
2021-05-19 17:30:00,26.33,26.41,26.07,26.39,243756
2021-05-19 18:00:00,26.38,26.56,26.24,26.55,154877
2021-05-19 18:30:00,26.56,26.62,26.44,26.6,118963
2021-05-19 19:00:00,26.6,26.73,26.55,26.69,99342
2021-05-19 19:30:00,26.7,26.76,26.63,26.75,103518
2021-05-19 20:00:00,26.76,26.85,26.74,26.78,95880
2021-05-19 20:30:00,26.77,26.79,26.67,26.73,113196
2021-05-19 21:00:00,26.73,26.83,26.49,26.72,188306
2021-05-19 21:30:00,26.7,26.77,26.54,26.59,156642
2021-05-19 22:00:00,26.58,26.82,26.56,26.79,193805
2021-05-19 22:30:00,26.8,26.82,26.65,26.82,711261
2021-05-20 16:30:00,26.99,27.06,26.5,26.69,168470
2021-05-20 17:00:00,26.69,26.75,26.51,26.64,137502
2021-05-20 17:30:00,26.65,26.83,26.59,26.8,115924
2021-05-20 18:00:00,26.8,26.81,26.69,26.69,107543
2021-05-20 18:30:00,26.69,26.84,26.69,26.75,186258
2021-05-20 19:00:00,26.75,26.78,26.6,26.63,98368
2021-05-20 19:30:00,26.63,26.64,26.42,26.52,409344
2021-05-20 20:00:00,26.51,26.57,26.45,26.57,222830
2021-05-20 20:30:00,26.57,26.58,26.41,26.44,321953
2021-05-20 21:00:00,26.44,26.58,26.43,26.57,131444
2021-05-20 21:30:00,26.57,26.65,26.56,26.57,127900
2021-05-20 22:00:00,26.57,26.76,26.53,26.75,149307
2021-05-20 22:30:00,26.75,26.78,26.6,26.65,346952
2021-05-21 16:30:00,26.78,27.2,26.77,27.14,362974
2021-05-21 17:00:00,27.14,27.18,26.97,26.98,148801
2021-05-21 17:30:00,26.99,27.07,26.88,27.07,218956
2021-05-21 18:00:00,27.09,27.12,26.91,26.94,221985
2021-05-21 18:30:00,26.94,27.04,26.91,26.98,74694
2021-05-21 19:00:00,26.97,26.98,26.84,26.91,120541
2021-05-21 19:30:00,26.91,26.92,26.68,26.75,84696
2021-05-21 20:00:00,26.74,26.89,26.73,26.88,54800
2021-05-21 20:30:00,26.87,26.94,26.84,26.89,49547
2021-05-21 21:00:00,26.89,26.97,26.87,26.91,79091
2021-05-21 21:30:00,26.92,26.97,26.87,26.96,86507
2021-05-21 22:00:00,26.95,27.0,26.92,26.98,76853
2021-05-21 22:30:00,26.98,26.99,26.86,26.88,293816
2021-05-24 16:30:00,27.01,27.17,26.81,27.17,213651
2021-05-24 17:00:00,27.16,27.19,26.84,26.93,187540
2021-05-24 17:30:00,26.93,27.03,26.89,26.92,98478
2021-05-24 18:00:00,26.92,26.97,26.89,26.97,77343
2021-05-24 18:30:00,26.97,27.0,26.83,26.84,124330
2021-05-24 19:00:00,26.83,26.85,26.75,26.79,103265
2021-05-24 19:30:00,26.79,26.9,26.78,26.89,84489
2021-05-24 20:00:00,26.89,26.92,26.85,26.9,71260
2021-05-24 20:30:00,26.9,26.95,26.89,26.9,75614
2021-05-24 21:00:00,26.91,26.96,26.86,26.95,101435
2021-05-24 21:30:00,26.96,27.01,26.95,27.0,127967
2021-05-24 22:00:00,27.01,27.06,26.98,27.04,141263
2021-05-24 22:30:00,27.04,27.08,26.98,27.01,365804
2021-05-25 16:30:00,27.21,27.54,27.16,27.23,206817
2021-05-25 17:00:00,27.24,27.31,27.13,27.2,138377
2021-05-25 17:30:00,27.19,27.25,27.04,27.07,144844
2021-05-25 18:00:00,27.07,27.09,26.9,26.91,109374
2021-05-25 18:30:00,26.9,26.96,26.86,26.93,96408
2021-05-25 19:00:00,26.93,27.01,26.9,27.01,110570
2021-05-25 19:30:00,27.0,27.04,26.96,26.96,53799
2021-05-25 20:00:00,26.96,26.98,26.92,26.94,64799
2021-05-25 20:30:00,26.94,26.96,26.86,26.88,89605
2021-05-25 21:00:00,26.89,26.89,26.76,26.79,107491
2021-05-25 21:30:00,26.79,26.89,26.78,26.81,219452
2021-05-25 22:00:00,26.8,26.81,26.65,26.69,114481
2021-05-25 22:30:00,26.69,26.7,26.53,26.56,290902
2021-05-26 16:30:00,26.64,26.73,26.44,26.57,302164
2021-05-26 17:00:00,26.57,26.83,26.53,26.76,157187
2021-05-26 17:30:00,26.78,26.9,26.74,26.88,231196
2021-05-26 18:00:00,26.87,26.91,26.79,26.84,172545
2021-05-26 18:30:00,26.84,27.04,26.77,27.01,162537
2021-05-26 19:00:00,27.01,27.12,26.98,27.09,160674
2021-05-26 19:30:00,27.09,27.18,27.08,27.12,130535
2021-05-26 20:00:00,27.13,27.25,27.08,27.23,135343
2021-05-26 20:30:00,27.24,27.25,27.03,27.07,90121
2021-05-26 21:00:00,27.07,27.15,27.07,27.15,110604
2021-05-26 21:30:00,27.15,27.16,27.04,27.09,114957
2021-05-26 22:00:00,27.09,27.11,27.03,27.09,122082
2021-05-26 22:30:00,27.09,27.11,27.0,27.04,388969
2021-05-27 16:30:00,27.32,28.13,27.3,28.1,550880
2021-05-27 17:00:00,28.09,28.37,27.97,28.29,733996
2021-05-27 17:30:00,28.29,28.39,28.18,28.37,672589
2021-05-27 18:00:00,28.37,28.4,28.28,28.33,214513
2021-05-27 18:30:00,28.33,28.42,28.22,28.38,166594
2021-05-27 19:00:00,28.38,28.47,28.34,28.45,175393
2021-05-27 19:30:00,28.46,28.47,28.34,28.39,160696
2021-05-27 20:00:00,28.39,28.41,28.25,28.25,114430
2021-05-27 20:30:00,28.25,28.3,28.18,28.28,171216
2021-05-27 21:00:00,28.28,28.3,28.21,28.27,181461
2021-05-27 21:30:00,28.27,28.28,28.2,28.27,195719
2021-05-27 22:00:00,28.26,28.34,28.2,28.3,244796
2021-05-27 22:30:00,28.31,28.51,28.27,28.45,1165225
2021-05-28 16:30:00,28.59,28.61,28.21,28.37,313147
2021-05-28 17:00:00,28.37,28.4,28.16,28.29,202869
2021-05-28 17:30:00,28.3,28.48,28.24,28.44,132182
2021-05-28 18:00:00,28.44,28.61,28.42,28.58,203919
2021-05-28 18:30:00,28.58,28.62,28.41,28.56,176053
2021-05-28 19:00:00,28.56,28.75,28.54,28.69,199707
2021-05-28 19:30:00,28.68,28.69,28.54,28.54,91031
2021-05-28 20:00:00,28.54,28.63,28.5,28.63,67568
2021-05-28 20:30:00,28.63,28.67,28.48,28.51,185637
2021-05-28 21:00:00,28.51,28.55,28.46,28.52,101512
2021-05-28 21:30:00,28.52,28.56,28.49,28.51,114854
2021-05-28 22:00:00,28.52,28.57,28.51,28.54,125690
2021-05-28 22:30:00,28.53,28.57,28.47,28.52,678176
2021-06-01 16:30:00,27.26,28.27,27.26,27.54,2519360
2021-06-01 17:00:00,27.55,27.69,27.22,27.36,1049400
2021-06-01 17:30:00,27.35,27.47,26.55,27.05,1324714
2021-06-01 18:00:00,27.05,27.24,26.81,26.88,939118
2021-06-01 18:30:00,26.88,27.11,26.77,27.02,801478
2021-06-01 19:00:00,27.02,27.03,26.8,26.98,518794
2021-06-01 19:30:00,26.98,27.08,26.72,26.73,729368
2021-06-01 20:00:00,26.73,26.74,26.08,26.44,1379349
2021-06-01 20:30:00,26.43,26.85,26.43,26.84,657641
2021-06-01 21:00:00,26.83,26.94,26.8,26.94,293815
2021-06-01 21:30:00,26.93,27.09,26.9,27.04,533004
2021-06-01 22:00:00,27.04,27.16,26.99,27.13,557277
2021-06-01 22:30:00,27.14,27.29,27.1,27.19,1864165
2021-06-02 16:30:00,28.0,28.19,27.75,28.0,1451596
2021-06-02 17:00:00,28.0,28.03,27.82,27.99,615190
2021-06-02 17:30:00,27.98,28.44,27.93,28.41,658758
2021-06-02 18:00:00,28.4,28.5,28.33,28.4,546292
2021-06-02 18:30:00,28.4,28.52,28.35,28.47,490812
2021-06-02 19:00:00,28.47,28.47,28.39,28.4,229049
2021-06-02 19:30:00,28.4,28.48,28.33,28.47,268655
2021-06-02 20:00:00,28.46,28.55,28.35,28.41,227626
2021-06-02 20:30:00,28.4,28.5,28.37,28.5,198059
2021-06-02 21:00:00,28.5,28.54,28.44,28.47,280344
2021-06-02 21:30:00,28.48,28.62,28.46,28.47,278265
2021-06-02 22:00:00,28.46,28.55,28.32,28.5,378937
2021-06-02 22:30:00,28.51,28.56,28.41,28.49,880477
2021-06-03 16:30:00,28.43,28.61,28.22,28.4,395808
2021-06-03 17:00:00,28.41,28.64,28.4,28.58,284004
2021-06-03 17:30:00,28.57,29.02,28.55,29.01,478375
2021-06-03 18:00:00,29.01,29.19,28.95,29.17,415239
2021-06-03 18:30:00,29.16,29.28,29.11,29.23,161042
2021-06-03 19:00:00,29.23,29.33,29.23,29.32,317346
2021-06-03 19:30:00,29.32,29.33,29.21,29.32,169994
2021-06-03 20:00:00,29.31,29.45,29.22,29.45,254193
2021-06-03 20:30:00,29.45,29.5,29.42,29.45,166007
2021-06-03 21:00:00,29.45,29.46,29.33,29.33,241120
2021-06-03 21:30:00,29.34,29.38,29.27,29.32,190633
2021-06-03 22:00:00,29.32,29.43,29.21,29.38,478374
2021-06-03 22:30:00,29.39,29.4,29.29,29.32,780120
2021-06-04 16:30:00,29.46,29.46,29.0,29.25,736697
2021-06-04 17:00:00,29.24,29.24,29.02,29.11,201806
2021-06-04 17:30:00,29.11,29.17,29.02,29.03,232664
2021-06-04 18:00:00,29.02,29.04,28.76,28.8,318429
2021-06-04 18:30:00,28.81,28.82,28.63,28.65,192098
2021-06-04 19:00:00,28.65,28.82,28.61,28.8,215097
2021-06-04 19:30:00,28.8,28.86,28.78,28.84,149896
2021-06-04 20:00:00,28.84,28.98,28.77,28.94,165760
2021-06-04 20:30:00,28.95,29.0,28.94,28.98,75841
2021-06-04 21:00:00,28.98,29.0,28.94,28.99,99079
2021-06-04 21:30:00,28.99,29.09,28.98,29.08,126677
2021-06-04 22:00:00,29.08,29.15,28.99,29.13,268412
2021-06-04 22:30:00,29.13,29.32,29.13,29.26,848286
2021-06-07 16:30:00,29.52,29.71,29.32,29.35,214833
2021-06-07 17:00:00,29.35,29.43,29.25,29.35,153646
2021-06-07 17:30:00,29.35,29.36,29.2,29.2,166307
2021-06-07 18:00:00,29.2,29.21,29.04,29.11,133545
2021-06-07 18:30:00,29.11,29.12,29.01,29.11,106115
2021-06-07 19:00:00,29.12,29.17,29.08,29.1,118795
2021-06-07 19:30:00,29.1,29.24,29.09,29.24,105442
2021-06-07 20:00:00,29.24,29.24,29.17,29.17,98774
2021-06-07 20:30:00,29.17,29.19,29.13,29.15,103846
2021-06-07 21:00:00,29.15,29.17,29.06,29.07,116797
2021-06-07 21:30:00,29.07,29.13,29.05,29.13,142877
2021-06-07 22:00:00,29.12,29.14,29.03,29.11,195533
2021-06-07 22:30:00,29.11,29.11,28.99,29.0,435613
2021-06-07 23:00:00,29.0,29.0,28.99,28.99,526009
2021-06-08 16:30:00,28.93,28.95,28.48,28.54,215737
2021-06-08 17:00:00,28.54,28.99,28.54,28.98,283123
2021-06-08 17:30:00,28.98,29.13,28.95,29.13,137699
2021-06-08 18:00:00,29.14,29.15,28.97,29.05,146380
2021-06-08 18:30:00,29.06,29.27,29.05,29.26,128385
2021-06-08 19:00:00,29.25,29.32,29.23,29.29,89721
2021-06-08 19:30:00,29.29,29.29,29.19,29.22,76823
2021-06-08 20:00:00,29.22,29.29,29.22,29.27,91036
2021-06-08 20:30:00,29.26,29.31,29.23,29.26,91012
2021-06-08 21:00:00,29.26,29.32,29.23,29.32,112566
2021-06-08 21:30:00,29.31,29.31,29.22,29.26,121525
2021-06-08 22:00:00,29.25,29.28,29.18,29.19,150643
2021-06-08 22:30:00,29.18,29.18,29.08,29.14,558867
2021-06-08 23:00:00,29.14,29.14,29.12,29.14,393342
2021-06-09 16:30:00,29.16,29.16,28.65,28.69,211413
2021-06-09 17:00:00,28.7,28.88,28.7,28.87,161473
2021-06-09 17:30:00,28.87,28.97,28.8,28.94,144939
2021-06-09 18:00:00,28.93,28.96,28.9,28.95,85252
2021-06-09 18:30:00,28.95,29.0,28.92,28.99,71586
2021-06-09 19:00:00,28.98,29.0,28.94,28.97,74049
2021-06-09 19:30:00,28.97,28.97,28.92,28.95,72015
2021-06-09 20:00:00,28.95,28.96,28.88,28.9,114114
2021-06-09 20:30:00,28.9,28.9,28.82,28.85,115874
2021-06-09 21:00:00,28.85,28.86,28.76,28.81,120272
2021-06-09 21:30:00,28.81,28.86,28.79,28.82,177100
2021-06-09 22:00:00,28.81,28.84,28.75,28.75,218774
2021-06-09 22:30:00,28.75,28.77,28.69,28.69,324283
2021-06-09 23:00:00,28.69,28.72,28.69,28.7,234368
2021-06-10 16:30:00,29.15,29.48,29.0,29.21,341873
2021-06-10 17:00:00,29.22,29.28,28.88,28.88,215995
2021-06-10 17:30:00,28.88,28.95,28.78,28.95,246517
2021-06-10 18:00:00,28.94,29.0,28.86,28.89,185341
2021-06-10 18:30:00,28.89,28.92,28.81,28.91,115789
2021-06-10 19:00:00,28.92,28.95,28.74,28.83,169279
2021-06-10 19:30:00,28.84,28.95,28.83,28.94,140033
2021-06-10 20:00:00,28.95,29.0,28.93,28.95,92208
2021-06-10 20:30:00,28.95,29.04,28.95,29.03,103117
2021-06-10 21:00:00,29.03,29.09,28.93,28.94,124664
2021-06-10 21:30:00,28.95,28.96,28.89,28.96,143349
2021-06-10 22:00:00,28.95,29.04,28.92,28.93,390889
2021-06-10 22:30:00,28.94,28.96,28.77,28.81,448850
2021-06-10 23:00:00,28.81,28.81,28.79,28.81,492711
2021-06-11 16:30:00,28.92,29.27,28.9,29.19,163555
2021-06-11 17:00:00,29.2,29.31,29.17,29.19,144532
2021-06-11 17:30:00,29.19,29.4,29.17,29.34,174753
2021-06-11 18:00:00,29.33,29.33,29.19,29.24,155106
2021-06-11 18:30:00,29.23,29.36,29.23,29.36,87383
2021-06-11 19:00:00,29.36,29.39,29.31,29.35,92055
2021-06-11 19:30:00,29.35,29.41,29.33,29.41,90892
2021-06-11 20:00:00,29.41,29.47,29.39,29.41,82283
2021-06-11 20:30:00,29.41,29.43,29.35,29.37,87738
2021-06-11 21:00:00,29.37,29.38,29.21,29.24,122718
2021-06-11 21:30:00,29.24,29.26,29.2,29.23,90197
2021-06-11 22:00:00,29.23,29.26,29.22,29.25,115884
2021-06-11 22:30:00,29.25,29.31,29.24,29.31,242452
2021-06-11 23:00:00,29.32,29.32,29.3,29.3,219645
2021-06-14 16:30:00,29.28,29.35,28.91,28.97,181568
2021-06-14 17:00:00,28.98,29.12,28.91,29.01,91748
2021-06-14 17:30:00,29.01,29.05,28.95,29.01,82630
2021-06-14 18:00:00,29.01,29.04,28.88,28.93,128831
2021-06-14 18:30:00,28.93,28.96,28.85,28.96,100901
2021-06-14 19:00:00,28.96,29.02,28.92,28.95,97344
2021-06-14 19:30:00,28.95,28.95,28.86,28.88,55923
2021-06-14 20:00:00,28.87,29.04,28.83,29.04,115532
2021-06-14 20:30:00,29.04,29.05,28.95,28.97,102237
2021-06-14 21:00:00,28.96,28.98,28.84,28.85,99024
2021-06-14 21:30:00,28.85,28.93,28.83,28.87,119258
2021-06-14 22:00:00,28.87,28.88,28.76,28.77,138163
2021-06-14 22:30:00,28.77,28.82,28.75,28.77,492182
2021-06-14 23:00:00,28.78,28.8,28.77,28.77,302989
2021-06-15 16:30:00,28.92,29.08,28.72,28.91,153085
2021-06-15 17:00:00,28.91,28.99,28.85,28.9,105049
2021-06-15 17:30:00,28.9,29.03,28.85,29.01,217212
2021-06-15 18:00:00,29.01,29.04,28.92,28.95,136511
2021-06-15 18:30:00,28.95,28.96,28.73,28.74,86794
2021-06-15 19:00:00,28.75,28.91,28.75,28.9,71855
2021-06-15 19:30:00,28.9,29.04,28.88,29.03,53800
2021-06-15 20:00:00,29.03,29.11,29.03,29.1,86678
2021-06-15 20:30:00,29.1,29.22,29.1,29.19,55183
2021-06-15 21:00:00,29.2,29.26,29.18,29.21,107832
2021-06-15 21:30:00,29.22,29.25,29.16,29.21,66611
2021-06-15 22:00:00,29.21,29.23,29.13,29.14,63087
2021-06-15 22:30:00,29.14,29.15,28.96,28.99,497034
2021-06-15 23:00:00,29.0,29.01,28.99,29.0,291464
2021-06-16 16:30:00,28.53,28.69,28.32,28.43,185634
2021-06-16 17:00:00,28.43,28.48,28.35,28.37,144760
2021-06-16 17:30:00,28.36,28.53,28.34,28.42,162032
2021-06-16 18:00:00,28.42,28.63,28.42,28.62,106613
2021-06-16 18:30:00,28.62,28.74,28.61,28.7,78736
2021-06-16 19:00:00,28.7,28.73,28.54,28.54,62530
2021-06-16 19:30:00,28.52,28.54,28.44,28.49,52492
2021-06-16 20:00:00,28.48,28.5,28.39,28.4,70953
2021-06-16 20:30:00,28.4,28.49,28.38,28.48,90704
2021-06-16 21:00:00,28.47,28.85,28.31,28.79,259124
2021-06-16 21:30:00,28.79,28.79,28.53,28.67,255499
2021-06-16 22:00:00,28.66,28.89,28.61,28.77,172192
2021-06-16 22:30:00,28.78,28.82,28.7,28.73,345747
2021-06-16 23:00:00,28.73,28.73,28.69,28.71,282865
2021-06-17 16:30:00,28.86,28.86,28.22,28.24,214556
2021-06-17 17:00:00,28.24,28.3,27.9,27.94,186181
2021-06-17 17:30:00,27.92,28.06,27.71,27.75,194569
2021-06-17 18:00:00,27.75,27.75,27.33,27.43,190027
2021-06-17 18:30:00,27.43,27.46,27.12,27.16,139071
2021-06-17 19:00:00,27.15,27.21,26.93,27.0,190167
2021-06-17 19:30:00,27.01,27.21,26.97,27.2,90338
2021-06-17 20:00:00,27.2,27.31,27.2,27.26,94999
2021-06-17 20:30:00,27.26,27.33,27.23,27.28,108828
2021-06-17 21:00:00,27.29,27.31,27.16,27.16,79934
2021-06-17 21:30:00,27.16,27.16,27.05,27.11,176766
2021-06-17 22:00:00,27.11,27.26,27.07,27.25,125166
2021-06-17 22:30:00,27.25,27.36,27.19,27.21,475309
2021-06-17 23:00:00,27.21,27.22,27.2,27.21,380196
2021-06-18 16:30:00,26.63,26.86,26.47,26.6,605631
2021-06-18 17:00:00,26.61,26.72,26.31,26.32,233949
2021-06-18 17:30:00,26.33,26.37,26.14,26.3,365245
2021-06-18 18:00:00,26.3,26.56,26.24,26.48,141393
2021-06-18 18:30:00,26.49,26.63,26.48,26.58,84760
2021-06-18 19:00:00,26.58,26.61,26.49,26.59,90334
2021-06-18 19:30:00,26.6,26.6,26.41,26.43,82251
2021-06-18 20:00:00,26.42,26.52,26.41,26.44,60464
2021-06-18 20:30:00,26.44,26.54,26.44,26.49,56533
2021-06-18 21:00:00,26.48,26.56,26.46,26.51,76896
2021-06-18 21:30:00,26.5,26.5,26.23,26.25,161876
2021-06-18 22:00:00,26.25,26.38,26.23,26.34,172108
2021-06-18 22:30:00,26.34,26.46,26.26,26.27,551873
2021-06-18 23:00:00,26.27,26.27,26.21,26.25,1349319
2021-06-21 16:30:00,26.49,26.79,26.35,26.68,274170
2021-06-21 17:00:00,26.67,26.92,26.63,26.91,144042
2021-06-21 17:30:00,26.91,26.95,26.84,26.86,96996
2021-06-21 18:00:00,26.87,26.87,26.61,26.74,88268
2021-06-21 18:30:00,26.74,26.9,26.73,26.83,74361
2021-06-21 19:00:00,26.84,26.88,26.8,26.81,58060
2021-06-21 19:30:00,26.82,26.84,26.75,26.78,91256
2021-06-21 20:00:00,26.78,26.89,26.77,26.86,79344
2021-06-21 20:30:00,26.86,26.89,26.8,26.88,97830
2021-06-21 21:00:00,26.87,26.93,26.87,26.9,58833
2021-06-21 21:30:00,26.89,26.91,26.86,26.9,99516
2021-06-21 22:00:00,26.9,26.92,26.84,26.9,118117
2021-06-21 22:30:00,26.89,26.97,26.86,26.89,472588
2021-06-21 23:00:00,26.89,26.91,26.89,26.9,295705
2021-06-22 16:30:00,26.95,26.95,26.39,26.46,162889
2021-06-22 17:00:00,26.45,26.57,26.36,26.53,146455
2021-06-22 17:30:00,26.53,26.72,26.44,26.69,100692
2021-06-22 18:00:00,26.68,26.79,26.66,26.7,99711
2021-06-22 18:30:00,26.71,26.75,26.62,26.64,62133
2021-06-22 19:00:00,26.64,26.74,26.64,26.71,59514
2021-06-22 19:30:00,26.72,26.75,26.64,26.7,87482
2021-06-22 20:00:00,26.7,26.76,26.64,26.66,78853
2021-06-22 20:30:00,26.66,26.66,26.61,26.64,105175
2021-06-22 21:00:00,26.64,26.67,26.6,26.62,108899
2021-06-22 21:30:00,26.62,26.73,26.6,26.65,205456
2021-06-22 22:00:00,26.65,26.76,26.65,26.76,304417
2021-06-22 22:30:00,26.76,26.79,26.56,26.57,969747
2021-06-22 23:00:00,26.57,26.58,26.56,26.56,336293
2021-06-23 16:30:00,26.74,26.91,26.73,26.74,245024
2021-06-23 17:00:00,26.74,26.88,26.69,26.77,233881
2021-06-23 17:30:00,26.78,26.84,26.62,26.78,214614
2021-06-23 18:00:00,26.77,26.82,26.69,26.73,118129
2021-06-23 18:30:00,26.73,26.74,26.64,26.66,74164
2021-06-23 19:00:00,26.66,26.72,26.65,26.69,105975
2021-06-23 19:30:00,26.69,26.76,26.69,26.7,83939
2021-06-23 20:00:00,26.71,26.76,26.68,26.72,135150
2021-06-23 20:30:00,26.72,26.85,26.7,26.83,584725
2021-06-23 21:00:00,26.83,26.87,26.79,26.85,114646
2021-06-23 21:30:00,26.86,26.88,26.78,26.85,121637
2021-06-23 22:00:00,26.85,26.91,26.84,26.89,138720
2021-06-23 22:30:00,26.9,26.9,26.68,26.68,595773
2021-06-23 23:00:00,26.68,26.69,26.67,26.68,374320
2021-06-24 16:30:00,26.9,26.9,26.64,26.67,224431
2021-06-24 17:00:00,26.66,26.8,26.56,26.77,75021
2021-06-24 17:30:00,26.77,26.77,26.62,26.65,107142
2021-06-24 18:00:00,26.66,26.74,26.66,26.69,62943
2021-06-24 18:30:00,26.69,26.8,26.67,26.75,87124
2021-06-24 19:00:00,26.76,26.88,26.76,26.85,178025
2021-06-24 19:30:00,26.85,27.09,26.83,27.06,57218
2021-06-24 20:00:00,27.07,27.19,27.05,27.1,145876
2021-06-24 20:30:00,27.09,27.17,27.09,27.17,80871
2021-06-24 21:00:00,27.17,27.29,27.17,27.26,125493
2021-06-24 21:30:00,27.26,27.28,27.17,27.17,124874
2021-06-24 22:00:00,27.18,27.27,27.17,27.22,134502
2021-06-24 22:30:00,27.22,27.27,27.19,27.2,469000
2021-06-24 23:00:00,27.2,27.2,27.2,27.2,352179
2021-06-25 16:30:00,27.28,27.6,27.18,27.53,209622
2021-06-25 17:00:00,27.51,27.65,27.44,27.46,145736
2021-06-25 17:30:00,27.47,27.52,27.4,27.49,109431
2021-06-25 18:00:00,27.49,27.65,27.49,27.65,89248
2021-06-25 18:30:00,27.65,27.65,27.56,27.63,79988
2021-06-25 19:00:00,27.63,27.7,27.59,27.59,76828
2021-06-25 19:30:00,27.6,27.66,27.59,27.66,50454
2021-06-25 20:00:00,27.65,27.66,27.54,27.54,66552
2021-06-25 20:30:00,27.54,27.65,27.52,27.61,73831
2021-06-25 21:00:00,27.6,27.6,27.51,27.55,82252
2021-06-25 21:30:00,27.55,27.55,27.39,27.43,224138
2021-06-25 22:00:00,27.43,27.47,27.38,27.4,235538
2021-06-25 22:30:00,27.4,27.53,27.35,27.43,668125
2021-06-25 23:00:00,27.43,27.43,27.38,27.42,1844496
2021-06-28 16:30:00,27.32,27.41,26.7,27.03,315108
2021-06-28 17:00:00,27.02,27.02,26.73,26.91,205914
2021-06-28 17:30:00,26.91,26.99,26.72,26.92,154375
2021-06-28 18:00:00,26.93,26.96,26.79,26.81,98083
2021-06-28 18:30:00,26.8,26.95,26.77,26.91,105900
2021-06-28 19:00:00,26.91,26.98,26.85,26.86,69027
2021-06-28 19:30:00,26.87,27.05,26.84,27.05,64120
2021-06-28 20:00:00,27.05,27.05,26.96,26.98,130450
2021-06-28 20:30:00,26.99,27.11,26.98,27.11,69452
2021-06-28 21:00:00,27.1,27.25,27.09,27.2,109462
2021-06-28 21:30:00,27.2,27.22,27.06,27.08,115108
2021-06-28 22:00:00,27.09,27.15,27.04,27.12,130211
2021-06-28 22:30:00,27.13,27.23,27.11,27.13,527218
2021-06-28 23:00:00,27.12,27.13,27.12,27.13,510169
2021-06-29 16:30:00,27.37,27.56,27.1,27.18,217983
2021-06-29 17:00:00,27.18,27.22,27.05,27.22,163185
2021-06-29 17:30:00,27.22,27.26,27.01,27.09,147865
2021-06-29 18:00:00,27.08,27.19,27.08,27.12,110805
2021-06-29 18:30:00,27.11,27.11,26.99,27.05,126933
2021-06-29 19:00:00,27.05,27.07,26.86,26.86,101788
2021-06-29 19:30:00,26.86,26.87,26.8,26.82,109113
2021-06-29 20:00:00,26.82,26.87,26.78,26.82,107743
2021-06-29 20:30:00,26.82,26.83,26.73,26.79,183690
2021-06-29 21:00:00,26.8,26.8,26.69,26.69,133921
2021-06-29 21:30:00,26.68,26.7,26.47,26.58,468141
2021-06-29 22:00:00,26.57,26.64,26.52,26.6,248050
2021-06-29 22:30:00,26.59,26.59,26.49,26.55,879210
2021-06-29 23:00:00,26.53,26.54,26.5,26.52,400357
2021-06-30 16:30:00,26.35,26.65,26.25,26.49,227929
2021-06-30 17:00:00,26.5,26.78,26.45,26.51,200673
2021-06-30 17:30:00,26.51,26.55,26.43,26.47,287543
2021-06-30 18:00:00,26.47,26.53,26.37,26.5,170150
2021-06-30 18:30:00,26.51,26.61,26.48,26.53,141315
2021-06-30 19:00:00,26.53,26.68,26.53,26.67,111005
2021-06-30 19:30:00,26.67,26.74,26.63,26.65,158669
2021-06-30 20:00:00,26.64,26.66,26.58,26.62,104842
2021-06-30 20:30:00,26.63,26.68,26.56,26.63,117987
2021-06-30 21:00:00,26.64,26.74,26.61,26.69,184379
2021-06-30 21:30:00,26.68,26.75,26.6,26.71,289951
2021-06-30 22:00:00,26.72,26.74,26.57,26.67,286592
2021-06-30 22:30:00,26.67,26.75,26.61,26.73,560016
2021-06-30 23:00:00,26.73,26.74,26.72,26.73,629352
2021-07-01 16:30:00,26.94,27.08,26.66,26.74,219769
2021-07-01 17:00:00,26.74,26.97,26.67,26.81,218437
2021-07-01 17:30:00,26.8,26.81,26.63,26.63,248906
2021-07-01 18:00:00,26.63,26.78,26.63,26.77,201029
2021-07-01 18:30:00,26.76,26.81,26.7,26.74,294937
2021-07-01 19:00:00,26.74,26.84,26.72,26.83,87649
2021-07-01 19:30:00,26.83,26.85,26.79,26.84,154159
2021-07-01 20:00:00,26.83,26.92,26.78,26.87,146389
2021-07-01 20:30:00,26.87,26.97,26.85,26.95,95553
2021-07-01 21:00:00,26.94,26.94,26.86,26.91,130535
2021-07-01 21:30:00,26.91,26.95,26.86,26.91,130639
2021-07-01 22:00:00,26.91,27.0,26.91,26.94,119515
2021-07-01 22:30:00,26.95,27.04,26.94,26.95,371383
2021-07-01 23:00:00,26.95,26.96,26.93,26.95,373355
2021-07-02 16:30:00,26.97,26.98,26.5,26.51,186414
2021-07-02 17:00:00,26.51,26.65,26.43,26.62,234142
2021-07-02 17:30:00,26.62,26.71,26.53,26.6,132848
2021-07-02 18:00:00,26.6,26.65,26.55,26.65,76993
2021-07-02 18:30:00,26.64,26.67,26.45,26.48,161890
2021-07-02 19:00:00,26.48,26.48,26.37,26.39,244564
2021-07-02 19:30:00,26.39,26.49,26.37,26.43,287775
2021-07-02 20:00:00,26.42,26.54,26.42,26.5,97271
2021-07-02 20:30:00,26.5,26.5,26.4,26.43,103721
2021-07-02 21:00:00,26.42,26.44,26.4,26.41,103613
2021-07-02 21:30:00,26.41,26.41,26.37,26.4,173965
2021-07-02 22:00:00,26.4,26.5,26.39,26.41,194651
2021-07-02 22:30:00,26.41,26.47,26.39,26.43,602059
2021-07-02 23:00:00,26.43,26.43,26.4,26.43,231148
2021-07-06 16:30:00,26.5,26.5,26.2,26.28,334687
2021-07-06 17:00:00,26.29,26.29,25.91,25.98,252629
2021-07-06 17:30:00,25.97,26.09,25.86,25.87,190467
2021-07-06 18:00:00,25.86,25.98,25.82,25.92,171761
2021-07-06 18:30:00,25.92,26.02,25.81,25.92,240250
2021-07-06 19:00:00,25.91,25.96,25.8,25.82,139554
2021-07-06 19:30:00,25.81,25.81,25.71,25.76,142413
2021-07-06 20:00:00,25.76,25.89,25.76,25.86,96026
2021-07-06 20:30:00,25.87,25.93,25.85,25.91,83125
2021-07-06 21:00:00,25.92,25.99,25.91,25.98,95831
2021-07-06 21:30:00,25.98,26.01,25.96,26.01,76923
2021-07-06 22:00:00,26.01,26.03,25.95,25.98,134593
2021-07-06 22:30:00,25.98,26.08,25.93,26.02,543485
2021-07-06 23:00:00,26.02,26.02,25.98,26.02,969340
2021-07-07 16:30:00,25.81,26.11,25.69,25.78,255579
2021-07-07 17:00:00,25.78,25.78,25.64,25.67,157906
2021-07-07 17:30:00,25.67,25.72,25.52,25.67,179810
2021-07-07 18:00:00,25.67,25.91,25.62,25.89,123650
2021-07-07 18:30:00,25.9,25.98,25.82,25.86,109130
2021-07-07 19:00:00,25.86,26.01,25.86,25.99,69756
2021-07-07 19:30:00,26.0,26.03,25.95,26.0,89119
2021-07-07 20:00:00,26.0,26.08,25.97,25.98,89984
2021-07-07 20:30:00,25.97,26.09,25.97,25.99,83192
2021-07-07 21:00:00,25.99,26.11,25.99,26.05,109502
2021-07-07 21:30:00,26.05,26.19,26.03,26.19,155366
2021-07-07 22:00:00,26.19,26.22,26.12,26.21,213194
2021-07-07 22:30:00,26.2,26.2,26.1,26.12,363576
2021-07-07 23:00:00,26.12,26.14,26.11,26.12,315971
2021-07-08 16:30:00,25.48,25.52,24.93,25.08,575483
2021-07-08 17:00:00,25.08,25.3,24.94,25.3,187387
2021-07-08 17:30:00,25.29,25.33,25.15,25.26,154402
2021-07-08 18:00:00,25.27,25.57,25.27,25.51,162634
2021-07-08 18:30:00,25.51,25.59,25.46,25.55,101330
2021-07-08 19:00:00,25.55,25.66,25.54,25.6,104714
2021-07-08 19:30:00,25.6,25.61,25.5,25.52,84069
2021-07-08 20:00:00,25.53,25.54,25.23,25.28,313752
2021-07-08 20:30:00,25.27,25.29,25.17,25.19,178053
2021-07-08 21:00:00,25.19,25.19,24.97,24.98,242193
2021-07-08 21:30:00,24.97,25.03,24.95,25.01,234370
2021-07-08 22:00:00,25.01,25.11,25.01,25.09,209947
2021-07-08 22:30:00,25.08,25.17,24.96,25.16,584238
2021-07-08 23:00:00,25.16,25.17,25.16,25.17,699799
2021-07-09 16:30:00,25.95,26.12,25.78,25.99,211610
2021-07-09 17:00:00,26.0,26.25,26.0,26.25,167494
2021-07-09 17:30:00,26.25,26.32,26.04,26.06,197549
2021-07-09 18:00:00,26.06,26.16,26.03,26.09,80474
2021-07-09 18:30:00,26.09,26.19,26.09,26.1,81419
2021-07-09 19:00:00,26.1,26.17,26.07,26.1,57770
2021-07-09 19:30:00,26.1,26.2,26.06,26.16,79225
2021-07-09 20:00:00,26.16,26.2,26.12,26.15,75331
2021-07-09 20:30:00,26.16,26.22,26.13,26.19,51384
2021-07-09 21:00:00,26.19,26.29,26.18,26.27,65170
2021-07-09 21:30:00,26.26,26.28,26.21,26.25,76889
2021-07-09 22:00:00,26.25,26.3,26.24,26.27,89410
2021-07-09 22:30:00,26.27,26.33,26.27,26.31,289513
2021-07-09 23:00:00,26.3,26.33,26.3,26.33,497862
2021-07-12 16:30:00,26.5,26.84,26.32,26.84,418415
2021-07-12 17:00:00,26.84,27.01,26.82,26.88,257857
2021-07-12 17:30:00,26.89,26.95,26.7,26.83,133772
2021-07-12 18:00:00,26.84,26.92,26.76,26.79,129745
2021-07-12 18:30:00,26.8,26.91,26.64,26.91,211997
2021-07-12 19:00:00,26.91,26.92,26.73,26.76,115498
2021-07-12 19:30:00,26.76,26.82,26.74,26.78,95267
2021-07-12 20:00:00,26.79,26.87,26.78,26.87,88921
2021-07-12 20:30:00,26.86,26.88,26.78,26.79,137819
2021-07-12 21:00:00,26.78,26.83,26.74,26.82,87462
2021-07-12 21:30:00,26.82,26.84,26.75,26.79,262511
2021-07-12 22:00:00,26.79,26.81,26.75,26.78,145975
2021-07-12 22:30:00,26.78,26.79,26.66,26.71,773461
2021-07-12 23:00:00,26.71,26.73,26.71,26.71,1713430
2021-07-13 16:30:00,26.65,26.97,26.49,26.77,373251
2021-07-13 17:00:00,26.78,26.87,26.53,26.53,265317
2021-07-13 17:30:00,26.53,26.64,26.46,26.59,229629
2021-07-13 18:00:00,26.6,26.73,26.59,26.66,173938
2021-07-13 18:30:00,26.66,26.73,26.61,26.73,188152
2021-07-13 19:00:00,26.73,26.75,26.6,26.61,102809
2021-07-13 19:30:00,26.61,26.61,26.55,26.55,74449
2021-07-13 20:00:00,26.55,26.61,26.54,26.58,98869
2021-07-13 20:30:00,26.58,26.61,26.53,26.61,96190
2021-07-13 21:00:00,26.6,26.64,26.53,26.53,171798
2021-07-13 21:30:00,26.52,26.53,26.43,26.47,112167
2021-07-13 22:00:00,26.47,26.53,26.42,26.45,172635
2021-07-13 22:30:00,26.45,26.51,26.42,26.45,346046
2021-07-13 23:00:00,26.44,26.45,26.42,26.43,308836
2021-07-14 16:30:00,26.62,27.03,26.49,26.51,315512
2021-07-14 17:00:00,26.51,26.58,26.36,26.39,267714
2021-07-14 17:30:00,26.38,26.43,26.13,26.15,166895
2021-07-14 18:00:00,26.14,26.16,26.02,26.05,114259
2021-07-14 18:30:00,26.06,26.16,25.91,25.93,140617
2021-07-14 19:00:00,25.93,26.13,25.93,26.08,78068
2021-07-14 19:30:00,26.07,26.14,26.04,26.13,81494
2021-07-14 20:00:00,26.12,26.13,25.97,26.06,135248
2021-07-14 20:30:00,26.06,26.12,26.06,26.1,103222
2021-07-14 21:00:00,26.1,26.11,26.0,26.02,116716
2021-07-14 21:30:00,26.01,26.03,25.97,26.01,99129
2021-07-14 22:00:00,26.01,26.12,26.01,26.04,136712
2021-07-14 22:30:00,26.03,26.04,25.92,26.02,320991
2021-07-14 23:00:00,26.02,26.02,26.0,26.02,240731
2021-07-15 16:30:00,25.57,25.89,25.56,25.88,377894
2021-07-15 17:00:00,25.88,26.01,25.8,25.96,158589
2021-07-15 17:30:00,25.95,26.08,25.88,26.07,193329
2021-07-15 18:00:00,26.07,26.1,25.96,26.01,104465
2021-07-15 18:30:00,26.0,26.1,25.98,26.05,138358
2021-07-15 19:00:00,26.04,26.08,25.94,25.94,167392
2021-07-15 19:30:00,25.94,25.94,25.8,25.8,251643
2021-07-15 20:00:00,25.79,25.8,25.65,25.67,74797
2021-07-15 20:30:00,25.66,25.66,25.49,25.49,100684
2021-07-15 21:00:00,25.5,25.69,25.5,25.67,80741
2021-07-15 21:30:00,25.66,25.71,25.64,25.69,87787
2021-07-15 22:00:00,25.69,25.73,25.64,25.71,136843
2021-07-15 22:30:00,25.71,25.84,25.68,25.83,439551
2021-07-15 23:00:00,25.84,25.84,25.83,25.83,508009
2021-07-16 16:30:00,26.06,26.09,25.73,25.75,185889
2021-07-16 17:00:00,25.76,25.76,25.54,25.58,141703
2021-07-16 17:30:00,25.58,25.64,25.39,25.59,110874
2021-07-16 18:00:00,25.59,25.64,25.46,25.47,112304
2021-07-16 18:30:00,25.48,25.58,25.46,25.5,71704
2021-07-16 19:00:00,25.5,25.5,25.3,25.32,88419
2021-07-16 19:30:00,25.32,25.34,25.24,25.3,158076
2021-07-16 20:00:00,25.3,25.33,25.16,25.16,95296
2021-07-16 20:30:00,25.16,25.19,25.11,25.16,93434
2021-07-16 21:00:00,25.16,25.16,25.07,25.07,111814
2021-07-16 21:30:00,25.07,25.1,24.97,24.97,101596
2021-07-16 22:00:00,24.96,24.98,24.87,24.98,198142
2021-07-16 22:30:00,24.98,25.05,24.94,25.03,529123
2021-07-16 23:00:00,25.03,25.03,25.01,25.02,311959
2021-07-19 16:30:00,24.2,24.38,23.9,23.99,514328
2021-07-19 17:00:00,23.98,24.21,23.93,24.2,307801
2021-07-19 17:30:00,24.19,24.44,24.17,24.21,203300
2021-07-19 18:00:00,24.21,24.38,24.16,24.24,164123
2021-07-19 18:30:00,24.24,24.46,24.21,24.45,180025
2021-07-19 19:00:00,24.45,24.45,24.19,24.19,131420
2021-07-19 19:30:00,24.19,24.2,24.05,24.16,149060
2021-07-19 20:00:00,24.16,24.32,24.06,24.11,182425
2021-07-19 20:30:00,24.11,24.19,24.01,24.05,192665
2021-07-19 21:00:00,24.05,24.2,24.05,24.13,155484
2021-07-19 21:30:00,24.13,24.13,24.03,24.04,147590
2021-07-19 22:00:00,24.05,24.13,24.01,24.08,218204
2021-07-19 22:30:00,24.09,24.3,24.07,24.28,575047
2021-07-19 23:00:00,24.28,24.28,24.28,24.28,510055
2021-07-20 16:30:00,24.29,24.57,24.06,24.57,320476
2021-07-20 17:00:00,24.59,24.99,24.56,24.96,243729
2021-07-20 17:30:00,24.97,25.04,24.84,25.04,129343
2021-07-20 18:00:00,25.03,25.12,24.94,25.0,147511
2021-07-20 18:30:00,24.99,25.09,24.93,25.08,122466
2021-07-20 19:00:00,25.08,25.19,25.0,25.18,180987
2021-07-20 19:30:00,25.18,25.26,25.17,25.19,111859
2021-07-20 20:00:00,25.2,25.22,25.07,25.08,95151
2021-07-20 20:30:00,25.08,25.17,25.06,25.15,105933
2021-07-20 21:00:00,25.15,25.22,25.12,25.13,110138
2021-07-20 21:30:00,25.13,25.2,25.12,25.16,159536
2021-07-20 22:00:00,25.15,25.22,25.13,25.15,168261
2021-07-20 22:30:00,25.15,25.21,25.1,25.13,645127
2021-07-20 23:00:00,25.14,25.14,25.13,25.13,389325
2021-07-21 16:30:00,25.47,25.88,25.39,25.81,188643
2021-07-21 17:00:00,25.8,25.89,25.65,25.65,228280
2021-07-21 17:30:00,25.64,25.65,25.48,25.52,158359
2021-07-21 18:00:00,25.52,25.66,25.52,25.54,132143
2021-07-21 18:30:00,25.54,25.76,25.51,25.7,80540
2021-07-21 19:00:00,25.7,25.75,25.64,25.7,159946
2021-07-21 19:30:00,25.7,25.76,25.68,25.72,92075
2021-07-21 20:00:00,25.72,25.83,25.72,25.76,177298
2021-07-21 20:30:00,25.77,25.81,25.71,25.73,174196
2021-07-21 21:00:00,25.74,25.75,25.64,25.69,310273
2021-07-21 21:30:00,25.69,25.72,25.62,25.68,208373
2021-07-21 22:00:00,25.68,25.75,25.67,25.69,137298
2021-07-21 22:30:00,25.68,25.7,25.59,25.66,449053
2021-07-21 23:00:00,25.66,25.66,25.66,25.66,309222
2021-07-22 16:30:00,25.67,25.68,25.23,25.35,274472
2021-07-22 17:00:00,25.35,25.5,25.22,25.29,467101
2021-07-22 17:30:00,25.3,25.33,25.15,25.17,194062
2021-07-22 18:00:00,25.17,25.21,25.09,25.16,152714
2021-07-22 18:30:00,25.16,25.21,25.09,25.16,88345
2021-07-22 19:00:00,25.16,25.2,25.09,25.19,72673
2021-07-22 19:30:00,25.19,25.25,25.19,25.25,59971
2021-07-22 20:00:00,25.25,25.31,25.21,25.23,66402
2021-07-22 20:30:00,25.24,25.29,25.21,25.29,58996
2021-07-22 21:00:00,25.28,25.31,25.26,25.29,80748
2021-07-22 21:30:00,25.29,25.31,25.24,25.29,76685
2021-07-22 22:00:00,25.29,25.3,25.18,25.19,114755
2021-07-22 22:30:00,25.19,25.21,25.12,25.13,473934
2021-07-22 23:00:00,25.15,25.15,25.13,25.13,241614
2021-07-23 16:30:00,25.35,25.47,24.79,24.85,679205
2021-07-23 17:00:00,24.85,25.05,24.83,25.01,207727
2021-07-23 17:30:00,25.01,25.06,24.9,24.95,306242
2021-07-23 18:00:00,24.96,24.99,24.84,24.88,260897
2021-07-23 18:30:00,24.88,24.91,24.66,24.66,140982
2021-07-23 19:00:00,24.66,24.81,24.62,24.73,149697
2021-07-23 19:30:00,24.73,24.74,24.63,24.68,172215
2021-07-23 20:00:00,24.68,24.73,24.65,24.7,90318
2021-07-23 20:30:00,24.7,24.84,24.69,24.83,81823
2021-07-23 21:00:00,24.83,24.84,24.72,24.73,124593
2021-07-23 21:30:00,24.72,24.8,24.7,24.8,109594
2021-07-23 22:00:00,24.8,24.81,24.73,24.78,155468
2021-07-23 22:30:00,24.78,24.87,24.78,24.81,341131
2021-07-23 23:00:00,24.81,24.84,24.81,24.82,238108
2021-07-26 16:30:00,24.86,25.26,24.77,25.0,905601
2021-07-26 17:00:00,24.99,25.19,24.99,25.02,559250
2021-07-26 17:30:00,25.02,25.08,24.89,24.95,263940
2021-07-26 18:00:00,24.94,25.1,24.89,25.06,216160
2021-07-26 18:30:00,25.07,25.08,24.91,24.94,248239
2021-07-26 19:00:00,24.93,24.96,24.79,24.94,284509
2021-07-26 19:30:00,24.93,24.98,24.89,24.91,110263
2021-07-26 20:00:00,24.92,24.95,24.86,24.91,103034
2021-07-26 20:30:00,24.91,24.91,24.85,24.91,100211
2021-07-26 21:00:00,24.91,25.0,24.87,24.87,246507
2021-07-26 21:30:00,24.87,24.91,24.67,24.86,414658
2021-07-26 22:00:00,24.86,24.99,24.86,24.97,172961
2021-07-26 22:30:00,24.97,25.07,24.94,25.02,899935
2021-07-26 23:00:00,25.02,25.07,25.02,25.07,550502
2021-07-27 16:30:00,24.6,24.83,23.98,24.02,410450
2021-07-27 17:00:00,24.0,24.26,23.8,24.11,410932
2021-07-27 17:30:00,24.11,24.25,23.94,24.08,187083
2021-07-27 18:00:00,24.07,24.08,23.63,23.68,289985
2021-07-27 18:30:00,23.69,23.69,23.33,23.63,227730
2021-07-27 19:00:00,23.62,23.73,23.49,23.71,152098
2021-07-27 19:30:00,23.7,23.84,23.63,23.79,206945
2021-07-27 20:00:00,23.79,23.99,23.79,23.9,359693
2021-07-27 20:30:00,23.9,24.1,23.89,23.99,304814
2021-07-27 21:00:00,23.98,24.03,23.87,24.02,113270
2021-07-27 21:30:00,24.02,24.1,23.99,24.08,150845
2021-07-27 22:00:00,24.09,24.27,24.07,24.24,334500
2021-07-27 22:30:00,24.24,24.31,24.14,24.27,1365371
2021-07-27 23:00:00,24.26,24.26,24.21,24.26,535087
2021-07-28 16:30:00,24.33,24.38,23.77,23.79,551239
2021-07-28 17:00:00,23.79,23.84,23.48,23.54,589053
2021-07-28 17:30:00,23.55,23.89,23.49,23.85,520578
2021-07-28 18:00:00,23.84,24.03,23.79,24.03,593190
2021-07-28 18:30:00,24.03,24.07,23.91,24.06,272439
2021-07-28 19:00:00,24.07,24.26,24.05,24.18,295898
2021-07-28 19:30:00,24.17,24.29,24.13,24.14,406632
2021-07-28 20:00:00,24.14,24.19,24.04,24.07,133436
2021-07-28 20:30:00,24.07,24.16,24.02,24.07,346546
2021-07-28 21:00:00,24.07,24.19,24.06,24.13,251480
2021-07-28 21:30:00,24.14,24.32,24.07,24.32,420450
2021-07-28 22:00:00,24.32,24.4,24.17,24.29,513485
2021-07-28 22:30:00,24.28,24.36,24.12,24.14,906598
2021-07-28 23:00:00,24.13,24.14,24.13,24.14,282859
2021-07-29 16:30:00,24.47,24.55,23.99,24.13,293266
2021-07-29 17:00:00,24.12,24.34,24.0,24.23,237108
2021-07-29 17:30:00,24.23,24.39,24.19,24.37,226035
2021-07-29 18:00:00,24.38,24.49,24.35,24.45,226462
2021-07-29 18:30:00,24.44,24.65,24.43,24.62,220893
2021-07-29 19:00:00,24.61,24.62,24.54,24.54,167924
2021-07-29 19:30:00,24.53,24.59,24.49,24.52,121600
2021-07-29 20:00:00,24.53,24.6,24.49,24.58,142469
2021-07-29 20:30:00,24.58,24.58,24.49,24.55,137798
2021-07-29 21:00:00,24.56,24.57,24.44,24.48,142643
2021-07-29 21:30:00,24.48,24.54,24.43,24.54,155811
2021-07-29 22:00:00,24.54,24.55,24.44,24.5,159108
2021-07-29 22:30:00,24.49,24.5,24.32,24.35,624996
2021-07-29 23:00:00,24.33,24.35,24.33,24.35,323022
2021-07-30 16:30:00,24.26,24.8,24.17,24.74,438488
2021-07-30 17:00:00,24.72,24.77,24.53,24.58,331111
2021-07-30 17:30:00,24.58,24.67,24.54,24.57,329058
2021-07-30 18:00:00,24.58,24.59,24.46,24.48,291167
2021-07-30 18:30:00,24.48,24.51,24.38,24.41,147567
2021-07-30 19:00:00,24.41,24.41,24.3,24.37,149815
2021-07-30 19:30:00,24.38,24.47,24.32,24.32,148498
2021-07-30 20:00:00,24.33,24.35,24.26,24.32,99641
2021-07-30 20:30:00,24.32,24.41,24.32,24.37,117603
2021-07-30 21:00:00,24.38,24.46,24.35,24.37,161750
2021-07-30 21:30:00,24.36,24.42,24.31,24.42,203693
2021-07-30 22:00:00,24.41,24.5,24.41,24.48,377469
2021-07-30 22:30:00,24.48,24.5,24.35,24.39,1189922
2021-07-30 23:00:00,24.37,24.38,24.37,24.38,3175470
2021-08-02 16:30:00,24.69,25.26,24.54,25.09,391350
2021-08-02 17:00:00,25.08,25.17,24.72,24.72,202686
2021-08-02 17:30:00,24.71,24.87,24.57,24.6,157876
2021-08-02 18:00:00,24.61,24.67,24.44,24.51,425689
2021-08-02 18:30:00,24.52,24.54,24.38,24.4,640084
2021-08-02 19:00:00,24.4,24.46,24.36,24.41,169150
2021-08-02 19:30:00,24.41,24.55,24.41,24.55,110292
2021-08-02 20:00:00,24.56,24.6,24.51,24.56,90392
2021-08-02 20:30:00,24.56,24.59,24.5,24.53,103714
2021-08-02 21:00:00,24.53,24.64,24.51,24.64,126652
2021-08-02 21:30:00,24.64,24.64,24.55,24.58,140443
2021-08-02 22:00:00,24.58,24.59,24.49,24.51,155712
2021-08-02 22:30:00,24.51,24.53,24.35,24.42,691986
2021-08-02 23:00:00,24.43,24.43,24.39,24.42,354840
2021-08-03 16:30:00,24.55,24.58,23.92,24.07,368777
2021-08-03 17:00:00,24.08,24.31,24.03,24.25,269095
2021-08-03 17:30:00,24.24,24.35,24.07,24.18,343928
2021-08-03 18:00:00,24.17,24.39,24.15,24.34,151201
2021-08-03 18:30:00,24.35,24.44,24.33,24.34,140261
2021-08-03 19:00:00,24.33,24.38,24.29,24.35,151266
2021-08-03 19:30:00,24.34,24.42,24.31,24.39,147205
2021-08-03 20:00:00,24.39,24.45,24.34,24.39,129569
2021-08-03 20:30:00,24.39,24.46,24.35,24.44,111031
2021-08-03 21:00:00,24.45,24.51,24.44,24.5,169518
2021-08-03 21:30:00,24.49,24.53,24.46,24.51,291992
2021-08-03 22:00:00,24.51,24.56,24.48,24.56,244896
2021-08-03 22:30:00,24.56,24.57,24.47,24.51,567917
2021-08-03 23:00:00,24.52,24.52,24.5,24.5,237903
2021-08-04 16:30:00,24.25,24.34,24.02,24.22,578170
2021-08-04 17:00:00,24.2,24.59,24.2,24.53,266203
2021-08-04 17:30:00,24.53,24.65,24.44,24.5,233217
2021-08-04 18:00:00,24.5,24.67,24.46,24.55,154970
2021-08-04 18:30:00,24.53,24.56,24.32,24.33,193345
2021-08-04 19:00:00,24.33,24.35,24.2,24.23,197340
2021-08-04 19:30:00,24.23,24.3,24.22,24.26,144537
2021-08-04 20:00:00,24.25,24.27,24.22,24.22,162455
2021-08-04 20:30:00,24.22,24.24,24.18,24.21,187488
2021-08-04 21:00:00,24.22,24.23,24.11,24.13,277238
2021-08-04 21:30:00,24.13,24.13,24.04,24.1,241446
2021-08-04 22:00:00,24.1,24.15,24.05,24.13,174719
2021-08-04 22:30:00,24.13,24.14,23.99,24.01,994898
2021-08-04 23:00:00,24.0,24.02,24.0,24.02,940132
2021-08-05 16:30:00,24.22,24.44,24.09,24.32,563772
2021-08-05 17:00:00,24.32,24.44,24.29,24.38,247544
2021-08-05 17:30:00,24.38,24.5,24.34,24.5,173174
2021-08-05 18:00:00,24.5,24.53,24.44,24.52,179726
2021-08-05 18:30:00,24.51,24.54,24.47,24.5,209846
2021-08-05 19:00:00,24.5,24.53,24.43,24.44,176576
2021-08-05 19:30:00,24.44,24.46,24.35,24.37,131677
2021-08-05 20:00:00,24.37,24.42,24.36,24.42,78087
2021-08-05 20:30:00,24.42,24.47,24.38,24.46,110789
2021-08-05 21:00:00,24.47,24.47,24.35,24.39,144565
2021-08-05 21:30:00,24.38,24.42,24.31,24.31,148260
2021-08-05 22:00:00,24.31,24.37,24.31,24.36,160132
2021-08-05 22:30:00,24.36,24.38,24.32,24.36,463279
2021-08-05 23:00:00,24.35,24.37,24.35,24.35,224839
2021-08-06 16:30:00,24.75,24.92,24.59,24.66,249446
2021-08-06 17:00:00,24.65,24.76,24.58,24.69,155795
2021-08-06 17:30:00,24.69,24.8,24.6,24.8,195092
2021-08-06 18:00:00,24.8,24.9,24.73,24.83,167690
2021-08-06 18:30:00,24.82,24.88,24.75,24.87,115544
2021-08-06 19:00:00,24.86,24.94,24.84,24.85,92495
2021-08-06 19:30:00,24.84,24.93,24.81,24.91,89682
2021-08-06 20:00:00,24.9,24.91,24.79,24.79,114160
2021-08-06 20:30:00,24.8,24.85,24.77,24.82,111622
2021-08-06 21:00:00,24.81,24.88,24.8,24.84,108503
2021-08-06 21:30:00,24.84,24.87,24.74,24.74,112981
2021-08-06 22:00:00,24.75,24.84,24.73,24.83,137248
2021-08-06 22:30:00,24.83,24.86,24.77,24.82,528478
2021-08-06 23:00:00,24.8,24.82,24.8,24.82,321947
2021-08-09 16:30:00,24.82,24.89,24.53,24.81,253915
2021-08-09 17:00:00,24.8,24.86,24.65,24.7,137847
2021-08-09 17:30:00,24.7,24.9,24.64,24.9,144730
2021-08-09 18:00:00,24.88,24.96,24.84,24.89,112104
2021-08-09 18:30:00,24.89,25.03,24.89,25.02,98823
2021-08-09 19:00:00,25.01,25.08,24.95,25.06,71855
2021-08-09 19:30:00,25.06,25.12,25.04,25.12,66174
2021-08-09 20:00:00,25.12,25.16,25.11,25.16,83268
2021-08-09 20:30:00,25.16,25.16,25.08,25.13,104509
2021-08-09 21:00:00,25.12,25.18,25.07,25.08,148560
2021-08-09 21:30:00,25.07,25.15,25.04,25.07,89408
2021-08-09 22:00:00,25.08,25.09,24.96,24.97,122176
2021-08-09 22:30:00,24.97,25.0,24.83,24.85,355236
2021-08-09 23:00:00,24.85,24.85,24.82,24.84,212270
2021-08-10 16:30:00,24.86,25.0,24.7,24.91,147617
2021-08-10 17:00:00,24.9,25.2,24.85,25.16,117867
2021-08-10 17:30:00,25.16,25.19,25.03,25.06,195654
2021-08-10 18:00:00,25.07,25.11,24.96,25.09,228716
2021-08-10 18:30:00,25.09,25.14,24.98,25.13,120520
2021-08-10 19:00:00,25.13,25.13,24.97,24.98,68765
2021-08-10 19:30:00,24.97,24.99,24.92,24.94,61100
2021-08-10 20:00:00,24.94,25.0,24.91,25.0,57335
2021-08-10 20:30:00,25.0,25.02,24.84,24.91,129877
2021-08-10 21:00:00,24.91,24.91,24.81,24.88,94589
2021-08-10 21:30:00,24.88,24.93,24.87,24.92,75631
2021-08-10 22:00:00,24.91,25.0,24.9,24.99,112158
2021-08-10 22:30:00,24.99,25.02,24.88,24.91,511391
2021-08-10 23:00:00,24.89,24.9,24.89,24.9,245276
2021-08-11 16:30:00,25.15,25.39,25.06,25.2,317776
2021-08-11 17:00:00,25.21,25.45,25.21,25.36,227357
2021-08-11 17:30:00,25.36,25.57,25.29,25.55,300240
2021-08-11 18:00:00,25.56,25.67,25.46,25.59,220743
2021-08-11 18:30:00,25.58,25.6,25.49,25.52,154094
2021-08-11 19:00:00,25.53,25.61,25.52,25.59,86598
2021-08-11 19:30:00,25.58,25.67,25.58,25.66,90065
2021-08-11 20:00:00,25.66,25.7,25.59,25.62,113100
2021-08-11 20:30:00,25.62,25.82,25.62,25.78,220593
2021-08-11 21:00:00,25.78,25.81,25.7,25.71,125593
2021-08-11 21:30:00,25.72,25.72,25.61,25.63,78788
2021-08-11 22:00:00,25.62,25.71,25.62,25.68,175651
2021-08-11 22:30:00,25.69,25.69,25.59,25.67,447636
2021-08-11 23:00:00,25.67,25.67,25.67,25.67,233581
2021-08-12 16:30:00,25.45,25.53,25.24,25.34,168759
2021-08-12 17:00:00,25.34,25.43,25.18,25.24,236414
2021-08-12 17:30:00,25.24,25.24,25.06,25.07,129619
2021-08-12 18:00:00,25.06,25.16,24.98,25.12,161442
2021-08-12 18:30:00,25.12,25.18,25.1,25.17,81123
2021-08-12 19:00:00,25.17,25.27,25.17,25.25,64703
2021-08-12 19:30:00,25.26,25.3,25.23,25.28,64625
2021-08-12 20:00:00,25.28,25.29,25.2,25.22,77912
2021-08-12 20:30:00,25.22,25.24,25.19,25.21,62965
2021-08-12 21:00:00,25.2,25.22,25.16,25.18,67172
2021-08-12 21:30:00,25.18,25.25,25.16,25.18,82346
2021-08-12 22:00:00,25.17,25.2,25.14,25.16,92239
2021-08-12 22:30:00,25.16,25.17,25.06,25.12,455547
2021-08-12 23:00:00,25.13,25.13,25.11,25.11,454002
2021-08-13 16:30:00,25.17,25.23,24.98,25.04,145812
2021-08-13 17:00:00,25.04,25.05,24.87,24.92,110707
2021-08-13 17:30:00,24.93,25.03,24.91,25.02,87651
2021-08-13 18:00:00,25.02,25.09,25.0,25.04,102276
2021-08-13 18:30:00,25.04,25.06,24.98,25.02,72897
2021-08-13 19:00:00,25.02,25.06,24.99,24.99,66375
2021-08-13 19:30:00,24.99,25.04,24.97,25.01,96529
2021-08-13 20:00:00,25.01,25.02,24.96,25.01,80533
2021-08-13 20:30:00,25.01,25.05,24.98,24.99,63998
2021-08-13 21:00:00,25.0,25.03,24.96,24.97,83166
2021-08-13 21:30:00,24.96,24.97,24.83,24.85,105213
2021-08-13 22:00:00,24.85,24.93,24.85,24.86,111419
2021-08-13 22:30:00,24.86,24.9,24.83,24.86,328461
2021-08-13 23:00:00,24.85,24.85,24.84,24.85,228599
2021-08-16 16:30:00,24.58,24.7,24.33,24.46,205875
2021-08-16 17:00:00,24.45,24.91,24.44,24.67,214894
2021-08-16 17:30:00,24.68,24.8,24.62,24.69,151615
2021-08-16 18:00:00,24.69,24.74,24.63,24.7,138294
2021-08-16 18:30:00,24.7,24.81,24.7,24.72,140521
2021-08-16 19:00:00,24.72,24.72,24.64,24.67,113919
2021-08-16 19:30:00,24.67,24.73,24.65,24.73,126842
2021-08-16 20:00:00,24.73,24.8,24.71,24.75,76155
2021-08-16 20:30:00,24.76,24.78,24.7,24.77,92290
2021-08-16 21:00:00,24.77,25.13,24.75,25.1,436732
2021-08-16 21:30:00,25.1,25.27,25.08,25.2,523503
2021-08-16 22:00:00,25.2,25.21,25.06,25.09,248866
2021-08-16 22:30:00,25.09,25.21,25.04,25.2,1188312
2021-08-16 23:00:00,25.21,25.21,25.2,25.2,476828
2021-08-17 16:30:00,24.83,24.86,24.66,24.81,331937
2021-08-17 17:00:00,24.81,24.96,24.71,24.89,400490
2021-08-17 17:30:00,24.89,24.91,24.62,24.65,264573
2021-08-17 18:00:00,24.65,24.7,24.49,24.66,392282
2021-08-17 18:30:00,24.65,24.87,24.62,24.85,245653
2021-08-17 19:00:00,24.85,24.85,24.73,24.76,106480
2021-08-17 19:30:00,24.75,24.75,24.42,24.42,124130
2021-08-17 20:00:00,24.42,24.6,24.42,24.59,109918
2021-08-17 20:30:00,24.6,24.6,24.47,24.6,104533
2021-08-17 21:00:00,24.6,24.64,24.5,24.53,124908
2021-08-17 21:30:00,24.51,24.71,24.47,24.7,98045
2021-08-17 22:00:00,24.7,24.71,24.62,24.66,112970
2021-08-17 22:30:00,24.66,24.71,24.6,24.65,561371
2021-08-17 23:00:00,24.65,24.65,24.65,24.65,406238
2021-08-18 16:30:00,24.51,24.59,24.25,24.58,215039
2021-08-18 17:00:00,24.59,24.63,24.5,24.57,111857
2021-08-18 17:30:00,24.56,24.69,24.55,24.64,95173
2021-08-18 18:00:00,24.65,24.77,24.62,24.75,95414
2021-08-18 18:30:00,24.76,24.77,24.67,24.7,91508
2021-08-18 19:00:00,24.71,24.77,24.62,24.62,72920
2021-08-18 19:30:00,24.63,24.67,24.59,24.64,58106
2021-08-18 20:00:00,24.64,24.76,24.61,24.76,101768
2021-08-18 20:30:00,24.76,24.79,24.7,24.7,72114
2021-08-18 21:00:00,24.71,24.74,24.52,24.63,99467
2021-08-18 21:30:00,24.63,24.63,24.46,24.46,148715
2021-08-18 22:00:00,24.44,24.44,24.33,24.34,178818
2021-08-18 22:30:00,24.34,24.35,24.08,24.11,555469
2021-08-18 23:00:00,24.11,24.11,24.11,24.11,197288
2021-08-19 16:30:00,23.63,23.89,23.62,23.83,355363
2021-08-19 17:00:00,23.82,23.92,23.66,23.68,128697
2021-08-19 17:30:00,23.68,23.7,23.4,23.47,199306
2021-08-19 18:00:00,23.47,23.47,23.19,23.19,200622
2021-08-19 18:30:00,23.19,23.38,23.17,23.36,113219
2021-08-19 19:00:00,23.36,23.37,23.22,23.34,94835
2021-08-19 19:30:00,23.34,23.41,23.3,23.4,113705
2021-08-19 20:00:00,23.39,23.39,23.24,23.35,171069
2021-08-19 20:30:00,23.35,23.42,23.28,23.29,173399
2021-08-19 21:00:00,23.29,23.34,23.22,23.22,113534
2021-08-19 21:30:00,23.21,23.27,23.14,23.25,105223
2021-08-19 22:00:00,23.26,23.46,23.26,23.46,197360
2021-08-19 22:30:00,23.46,23.5,23.38,23.43,640436
2021-08-19 23:00:00,23.42,23.45,23.42,23.42,260533
2021-08-20 16:30:00,23.44,23.72,23.35,23.59,263724
2021-08-20 17:00:00,23.58,23.73,23.55,23.63,276493
2021-08-20 17:30:00,23.64,23.73,23.63,23.65,361020
2021-08-20 18:00:00,23.65,23.83,23.56,23.68,276072
2021-08-20 18:30:00,23.66,23.8,23.66,23.78,95427
2021-08-20 19:00:00,23.79,23.84,23.73,23.81,110148
2021-08-20 19:30:00,23.81,24.02,23.8,23.98,203921
2021-08-20 20:00:00,23.98,24.11,23.96,24.05,227674
2021-08-20 20:30:00,24.05,24.08,23.89,23.9,205211
2021-08-20 21:00:00,23.91,24.04,23.91,23.94,110674
2021-08-20 21:30:00,23.94,23.94,23.88,23.93,112554
2021-08-20 22:00:00,23.93,24.01,23.9,23.95,262099
2021-08-20 22:30:00,23.94,24.0,23.9,24.0,540799
2021-08-20 23:00:00,23.97,23.99,23.97,23.99,353329
2021-08-23 16:30:00,24.2,24.32,24.13,24.24,175880
2021-08-23 17:00:00,24.26,24.28,24.07,24.15,129506
2021-08-23 17:30:00,24.16,24.39,24.14,24.35,197465
2021-08-23 18:00:00,24.35,24.47,24.32,24.41,124539
2021-08-23 18:30:00,24.4,24.44,24.36,24.43,79121
2021-08-23 19:00:00,24.43,24.52,24.43,24.47,124080
2021-08-23 19:30:00,24.47,24.56,24.45,24.55,170379
2021-08-23 20:00:00,24.56,24.65,24.54,24.57,147624
2021-08-23 20:30:00,24.57,24.64,24.54,24.56,92089
2021-08-23 21:00:00,24.55,24.63,24.55,24.57,83665
2021-08-23 21:30:00,24.56,24.66,24.53,24.55,293603
2021-08-23 22:00:00,24.55,24.58,24.49,24.57,109048
2021-08-23 22:30:00,24.57,24.6,24.49,24.5,390597
2021-08-23 23:00:00,24.5,24.5,24.5,24.5,268731
2021-08-24 16:30:00,24.68,24.79,24.5,24.74,129503
2021-08-24 17:00:00,24.73,24.76,24.61,24.69,163187
2021-08-24 17:30:00,24.7,24.89,24.68,24.86,197731
2021-08-24 18:00:00,24.86,24.89,24.77,24.81,122885
2021-08-24 18:30:00,24.81,24.82,24.74,24.77,101012
2021-08-24 19:00:00,24.76,24.9,24.76,24.9,154330
2021-08-24 19:30:00,24.9,25.03,24.89,25.02,183698
2021-08-24 20:00:00,25.02,25.14,25.02,25.04,261757
2021-08-24 20:30:00,25.05,25.05,25.02,25.05,111204
2021-08-24 21:00:00,25.05,25.12,24.99,25.04,151984
2021-08-24 21:30:00,25.04,25.15,25.04,25.07,139579
2021-08-24 22:00:00,25.07,25.07,24.98,25.03,130425
2021-08-24 22:30:00,25.02,25.04,24.95,25.0,601132
2021-08-24 23:00:00,24.99,25.02,24.99,24.99,577771
2021-08-25 16:30:00,25.07,25.31,24.89,25.3,284901
2021-08-25 17:00:00,25.3,25.33,25.21,25.28,186300
2021-08-25 17:30:00,25.28,25.43,25.23,25.39,195796
2021-08-25 18:00:00,25.39,25.44,25.31,25.43,120941
2021-08-25 18:30:00,25.43,25.53,25.42,25.51,161395
2021-08-25 19:00:00,25.5,25.56,25.49,25.52,78649
2021-08-25 19:30:00,25.52,25.53,25.45,25.46,84707
2021-08-25 20:00:00,25.46,25.49,25.44,25.47,87768
2021-08-25 20:30:00,25.47,25.48,25.41,25.44,70197
2021-08-25 21:00:00,25.45,25.51,25.42,25.47,95505
2021-08-25 21:30:00,25.47,25.47,25.36,25.4,80574
2021-08-25 22:00:00,25.4,25.4,25.27,25.35,160939
2021-08-25 22:30:00,25.35,25.37,25.31,25.36,464160
2021-08-25 23:00:00,25.36,25.37,25.34,25.34,339324
2021-08-26 16:30:00,25.39,25.4,25.26,25.4,145825
2021-08-26 17:00:00,25.4,25.43,25.24,25.39,119983
2021-08-26 17:30:00,25.39,25.41,25.08,25.09,96999
2021-08-26 18:00:00,25.09,25.24,25.04,25.2,109687
2021-08-26 18:30:00,25.18,25.26,25.14,25.22,118695
2021-08-26 19:00:00,25.21,25.28,25.2,25.27,96922
2021-08-26 19:30:00,25.28,25.29,25.19,25.24,112805
2021-08-26 20:00:00,25.24,25.3,25.21,25.24,107217
2021-08-26 20:30:00,25.24,25.25,25.17,25.19,73964
2021-08-26 21:00:00,25.18,25.2,25.09,25.17,143040
2021-08-26 21:30:00,25.17,25.18,25.03,25.05,104359
2021-08-26 22:00:00,25.06,25.07,24.94,25.02,128929
2021-08-26 22:30:00,25.02,25.05,24.93,24.96,427943
2021-08-26 23:00:00,24.96,24.96,24.96,24.96,322571
2021-08-27 16:30:00,24.93,25.39,24.92,25.3,213996
2021-08-27 17:00:00,25.29,25.35,25.21,25.31,193109
2021-08-27 17:30:00,25.32,25.47,25.29,25.47,141109
2021-08-27 18:00:00,25.47,25.54,25.41,25.42,226780
2021-08-27 18:30:00,25.41,25.53,25.41,25.53,113580
2021-08-27 19:00:00,25.53,25.62,25.49,25.61,87980
2021-08-27 19:30:00,25.61,25.65,25.59,25.64,115706
2021-08-27 20:00:00,25.64,25.71,25.63,25.69,124668
2021-08-27 20:30:00,25.68,25.71,25.57,25.7,174761
2021-08-27 21:00:00,25.7,25.74,25.64,25.74,156639
2021-08-27 21:30:00,25.74,25.75,25.68,25.69,73295
2021-08-27 22:00:00,25.69,25.7,25.64,25.65,111603
2021-08-27 22:30:00,25.66,25.71,25.61,25.69,419972
2021-08-27 23:00:00,25.71,25.71,25.69,25.69,216596
2021-08-30 16:30:00,25.8,25.8,25.4,25.49,299145
2021-08-30 17:00:00,25.49,25.49,25.3,25.41,189551
2021-08-30 17:30:00,25.41,25.47,25.34,25.41,147855
2021-08-30 18:00:00,25.4,25.52,25.37,25.5,140168
2021-08-30 18:30:00,25.51,25.54,25.37,25.47,118731
2021-08-30 19:00:00,25.48,25.56,25.45,25.47,107667
2021-08-30 19:30:00,25.47,25.5,25.42,25.43,72815
2021-08-30 20:00:00,25.44,25.46,25.39,25.43,118309
2021-08-30 20:30:00,25.43,25.48,25.4,25.43,122646
2021-08-30 21:00:00,25.43,25.48,25.31,25.34,124364
2021-08-30 21:30:00,25.34,25.39,25.28,25.34,81494
2021-08-30 22:00:00,25.34,25.38,25.24,25.29,108812
2021-08-30 22:30:00,25.29,25.29,25.13,25.14,349827
2021-08-30 23:00:00,25.14,25.14,25.13,25.13,219360
2021-08-31 16:30:00,25.11,25.27,24.86,24.97,255937
2021-08-31 17:00:00,24.96,25.27,24.93,25.2,389847
2021-08-31 17:30:00,25.2,25.46,25.18,25.39,298787
2021-08-31 18:00:00,25.39,25.49,25.31,25.44,175614
2021-08-31 18:30:00,25.44,25.46,25.35,25.45,142127
2021-08-31 19:00:00,25.46,25.48,25.39,25.41,68841
2021-08-31 19:30:00,25.42,25.42,25.32,25.36,104893
2021-08-31 20:00:00,25.35,25.35,25.22,25.26,170885
2021-08-31 20:30:00,25.25,25.31,25.21,25.28,155553
2021-08-31 21:00:00,25.28,25.34,25.25,25.32,196814
2021-08-31 21:30:00,25.33,25.44,25.32,25.42,196834
2021-08-31 22:00:00,25.42,25.44,25.32,25.36,163229
2021-08-31 22:30:00,25.36,25.39,25.29,25.33,540820
2021-08-31 23:00:00,25.33,25.35,25.32,25.32,2136946
2021-09-01 16:30:00,25.35,25.46,24.75,24.77,373576
2021-09-01 17:00:00,24.77,25.09,24.69,25.03,507468
2021-09-01 17:30:00,25.04,25.23,25.03,25.21,217264
2021-09-01 18:00:00,25.21,25.24,24.94,24.98,488979
2021-09-01 18:30:00,24.98,25.03,24.92,24.97,299243
2021-09-01 19:00:00,24.97,25.06,24.91,25.06,194934
2021-09-01 19:30:00,25.06,25.19,25.06,25.18,133607
2021-09-01 20:00:00,25.17,25.23,25.06,25.1,226958
2021-09-01 20:30:00,25.11,25.2,25.1,25.2,108381
2021-09-01 21:00:00,25.19,25.21,25.09,25.12,172698
2021-09-01 21:30:00,25.12,25.15,25.08,25.14,147104
2021-09-01 22:00:00,25.14,25.14,25.03,25.06,169815
2021-09-01 22:30:00,25.06,25.16,25.04,25.15,613052
2021-09-01 23:00:00,25.13,25.16,25.13,25.16,466979
2021-09-02 16:30:00,25.29,25.59,25.29,25.5,492926
2021-09-02 17:00:00,25.51,25.66,25.47,25.64,169696
2021-09-02 17:30:00,25.65,25.72,25.59,25.62,189297
2021-09-02 18:00:00,25.62,25.71,25.51,25.55,295034
2021-09-02 18:30:00,25.55,25.61,25.52,25.58,175999
2021-09-02 19:00:00,25.58,25.58,25.44,25.5,180853
2021-09-02 19:30:00,25.5,25.57,25.43,25.57,248894
2021-09-02 20:00:00,25.57,25.57,25.37,25.37,95393
2021-09-02 20:30:00,25.37,25.41,25.36,25.41,62736
2021-09-02 21:00:00,25.4,25.41,25.31,25.35,133180
2021-09-02 21:30:00,25.34,25.37,25.31,25.33,70976
2021-09-02 22:00:00,25.34,25.37,25.25,25.28,137480
2021-09-02 22:30:00,25.27,25.32,25.23,25.32,234291
2021-09-02 23:00:00,25.32,25.32,25.32,25.32,255015
2021-09-03 16:30:00,25.2,25.28,25.07,25.08,151398
2021-09-03 17:00:00,25.08,25.21,24.95,25.1,230468
2021-09-03 17:30:00,25.1,25.1,24.9,24.98,138433
2021-09-03 18:00:00,24.99,25.01,24.82,24.84,157788
2021-09-03 18:30:00,24.83,24.88,24.8,24.82,111102
2021-09-03 19:00:00,24.83,24.87,24.75,24.83,235290
2021-09-03 19:30:00,24.82,24.87,24.76,24.87,108439
2021-09-03 20:00:00,24.87,24.96,24.86,24.93,81188
2021-09-03 20:30:00,24.93,24.98,24.91,24.96,88362
2021-09-03 21:00:00,24.96,24.99,24.93,24.93,81873
2021-09-03 21:30:00,24.93,24.95,24.88,24.95,63518
2021-09-03 22:00:00,24.95,24.99,24.91,24.92,96611
2021-09-03 22:30:00,24.92,24.99,24.88,24.88,374748
2021-09-03 23:00:00,24.88,24.88,24.88,24.88,1106615
2021-09-07 16:30:00,24.88,24.92,24.55,24.89,262446
2021-09-07 17:00:00,24.89,25.0,24.82,24.87,253117
2021-09-07 17:30:00,24.86,24.87,24.71,24.83,143320
2021-09-07 18:00:00,24.83,24.89,24.72,24.88,179289
2021-09-07 18:30:00,24.88,24.95,24.73,24.73,110349
2021-09-07 19:00:00,24.74,24.87,24.73,24.8,141125
2021-09-07 19:30:00,24.81,24.9,24.77,24.9,128861
2021-09-07 20:00:00,24.9,24.93,24.86,24.87,127019
2021-09-07 20:30:00,24.87,24.92,24.83,24.87,158088
2021-09-07 21:00:00,24.87,24.89,24.81,24.81,142742
2021-09-07 21:30:00,24.82,24.9,24.82,24.87,135118
2021-09-07 22:00:00,24.87,24.9,24.82,24.84,122711
2021-09-07 22:30:00,24.84,24.85,24.69,24.74,939942
2021-09-07 23:00:00,24.72,24.74,24.72,24.74,1808583
2021-09-08 16:30:00,24.45,24.65,24.38,24.47,349471
2021-09-08 17:00:00,24.47,24.68,24.41,24.62,359059
2021-09-08 17:30:00,24.61,24.62,24.29,24.39,152930
2021-09-08 18:00:00,24.39,24.55,24.36,24.5,152446
2021-09-08 18:30:00,24.5,24.57,24.47,24.52,142420
2021-09-08 19:00:00,24.51,24.66,24.5,24.6,235681
2021-09-08 19:30:00,24.6,24.66,24.59,24.61,94311
2021-09-08 20:00:00,24.61,24.61,24.52,24.56,54251
2021-09-08 20:30:00,24.56,24.59,24.53,24.56,78807
2021-09-08 21:00:00,24.56,24.64,24.56,24.59,124540
2021-09-08 21:30:00,24.58,24.62,24.57,24.6,112119
2021-09-08 22:00:00,24.6,24.66,24.57,24.58,93917
2021-09-08 22:30:00,24.58,24.62,24.52,24.54,389210
2021-09-08 23:00:00,24.55,24.55,24.54,24.54,517308
2021-09-09 16:30:00,24.55,24.89,24.47,24.87,160219
2021-09-09 17:00:00,24.87,25.14,24.86,25.1,213221
2021-09-09 17:30:00,25.09,25.21,25.08,25.09,186806
2021-09-09 18:00:00,25.08,25.23,24.98,25.01,263270
2021-09-09 18:30:00,25.0,25.12,25.0,25.11,86083
2021-09-09 19:00:00,25.12,25.13,25.01,25.09,116953
2021-09-09 19:30:00,25.09,25.17,25.03,25.04,151437
2021-09-09 20:00:00,25.04,25.09,24.9,24.95,219074
2021-09-09 20:30:00,24.96,24.96,24.83,24.84,141584
2021-09-09 21:00:00,24.84,24.9,24.79,24.84,128313
2021-09-09 21:30:00,24.84,24.92,24.8,24.88,138545
2021-09-09 22:00:00,24.89,24.94,24.86,24.87,162352
2021-09-09 22:30:00,24.87,24.97,24.77,24.79,540467
2021-09-09 23:00:00,24.79,24.79,24.78,24.78,211696
2021-09-10 16:30:00,24.98,24.98,24.63,24.63,233238
2021-09-10 17:00:00,24.63,24.64,24.48,24.56,216018
2021-09-10 17:30:00,24.55,24.56,24.42,24.45,158681
2021-09-10 18:00:00,24.44,24.6,24.42,24.6,164997
2021-09-10 18:30:00,24.6,24.69,24.59,24.68,138785
2021-09-10 19:00:00,24.67,24.82,24.65,24.82,100641
2021-09-10 19:30:00,24.82,24.87,24.8,24.83,86195
2021-09-10 20:00:00,24.84,24.89,24.81,24.82,92358
2021-09-10 20:30:00,24.82,24.85,24.8,24.85,76383
2021-09-10 21:00:00,24.86,24.91,24.83,24.88,119123
2021-09-10 21:30:00,24.88,24.88,24.78,24.8,103161
2021-09-10 22:00:00,24.8,24.8,24.7,24.75,89087
2021-09-10 22:30:00,24.75,24.75,24.58,24.6,329517
2021-09-10 23:00:00,24.6,24.6,24.6,24.6,273829
2021-09-13 16:30:00,24.75,25.09,24.64,24.98,224675
2021-09-13 17:00:00,24.97,25.07,24.74,24.99,278513
2021-09-13 17:30:00,24.99,25.18,24.89,25.15,198017
2021-09-13 18:00:00,25.16,25.22,25.02,25.12,173125
2021-09-13 18:30:00,25.13,25.23,25.03,25.06,123771
2021-09-13 19:00:00,25.07,25.13,24.99,24.99,208293
2021-09-13 19:30:00,25.0,25.01,24.88,24.92,102535
2021-09-13 20:00:00,24.92,24.96,24.81,24.83,130378
2021-09-13 20:30:00,24.83,24.85,24.76,24.78,129165
2021-09-13 21:00:00,24.79,24.85,24.71,24.75,115810
2021-09-13 21:30:00,24.75,24.78,24.7,24.74,100186
2021-09-13 22:00:00,24.73,24.82,24.66,24.82,117664
2021-09-13 22:30:00,24.81,24.99,24.79,24.97,365752
2021-09-13 23:00:00,24.97,24.97,24.97,24.97,261252
2021-09-14 16:30:00,25.33,25.56,25.11,25.34,603299
2021-09-14 17:00:00,25.33,25.34,25.0,25.03,311239
2021-09-14 17:30:00,25.02,25.06,24.93,24.94,236703
2021-09-14 18:00:00,24.94,25.15,24.9,25.14,254567
2021-09-14 18:30:00,25.14,25.16,24.94,25.03,165073
2021-09-14 19:00:00,25.03,25.19,25.02,25.19,131172
2021-09-14 19:30:00,25.19,25.19,25.07,25.08,124975
2021-09-14 20:00:00,25.08,25.14,25.01,25.12,114526
2021-09-14 20:30:00,25.12,25.15,25.05,25.07,143049
2021-09-14 21:00:00,25.07,25.07,24.97,25.05,271104
2021-09-14 21:30:00,25.04,25.09,24.94,25.0,245547
2021-09-14 22:00:00,25.0,25.0,24.88,24.88,221505
2021-09-14 22:30:00,24.89,24.98,24.82,24.95,612747
2021-09-14 23:00:00,24.95,24.95,24.95,24.95,328089
2021-09-15 16:30:00,24.85,25.11,24.71,25.02,236814
2021-09-15 17:00:00,25.02,25.08,24.89,24.97,143161
2021-09-15 17:30:00,24.97,25.05,24.84,24.94,125387
2021-09-15 18:00:00,24.94,25.22,24.93,25.22,161184
2021-09-15 18:30:00,25.21,25.25,25.15,25.18,233806
2021-09-15 19:00:00,25.17,25.29,25.12,25.26,111111
2021-09-15 19:30:00,25.25,25.4,25.25,25.38,145762
2021-09-15 20:00:00,25.39,25.44,25.35,25.43,135531
2021-09-15 20:30:00,25.43,25.48,25.41,25.41,117552
2021-09-15 21:00:00,25.41,25.48,25.4,25.47,118733
2021-09-15 21:30:00,25.47,25.5,25.45,25.46,117343
2021-09-15 22:00:00,25.46,25.58,25.44,25.54,195518
2021-09-15 22:30:00,25.54,25.58,25.48,25.54,672563
2021-09-15 23:00:00,25.56,25.56,25.52,25.55,527103
2021-09-16 16:30:00,25.64,25.77,25.45,25.47,219245
2021-09-16 17:00:00,25.47,25.51,25.25,25.28,138182
2021-09-16 17:30:00,25.27,25.32,25.05,25.12,144474
2021-09-16 18:00:00,25.11,25.26,25.1,25.24,142659
2021-09-16 18:30:00,25.24,25.27,25.17,25.21,96501
2021-09-16 19:00:00,25.21,25.22,25.12,25.13,94926
2021-09-16 19:30:00,25.14,25.26,25.14,25.22,98458
2021-09-16 20:00:00,25.21,25.21,25.07,25.07,152337
2021-09-16 20:30:00,25.06,25.21,25.04,25.16,229921
2021-09-16 21:00:00,25.15,25.21,25.12,25.15,160500
2021-09-16 21:30:00,25.16,25.18,25.05,25.09,146489
2021-09-16 22:00:00,25.09,25.14,25.01,25.01,158772
2021-09-16 22:30:00,25.01,25.01,24.82,24.89,869739
2021-09-16 23:00:00,24.87,24.89,24.87,24.89,2250232
2021-09-17 16:30:00,26.54,27.03,25.97,26.01,2725097
2021-09-17 17:00:00,26.02,26.22,25.93,26.19,926847
2021-09-17 17:30:00,26.19,26.67,26.11,26.45,1244599
2021-09-17 18:00:00,26.44,26.61,26.4,26.52,719581
2021-09-17 18:30:00,26.52,26.52,26.31,26.43,340897
2021-09-17 19:00:00,26.43,26.45,26.2,26.2,189522
2021-09-17 19:30:00,26.21,26.28,26.09,26.1,275327
2021-09-17 20:00:00,26.1,26.2,26.0,26.2,504224
2021-09-17 20:30:00,26.2,26.2,26.01,26.15,345703
2021-09-17 21:00:00,26.15,26.21,26.13,26.16,469782
2021-09-17 21:30:00,26.16,26.27,26.08,26.26,605764
2021-09-17 22:00:00,26.26,26.43,26.25,26.4,826679
2021-09-17 22:30:00,26.4,26.4,26.14,26.25,1718240
2021-09-17 23:00:00,26.24,26.27,26.24,26.25,6580687
2021-09-20 16:30:00,25.14,25.2,24.46,24.49,1129820
2021-09-20 17:00:00,24.49,24.72,24.22,24.37,890488
2021-09-20 17:30:00,24.39,24.46,24.15,24.15,533574
2021-09-20 18:00:00,24.14,24.19,23.77,23.84,747937
2021-09-20 18:30:00,23.84,23.85,23.68,23.78,627606
2021-09-20 19:00:00,23.77,23.9,23.62,23.89,386582
2021-09-20 19:30:00,23.88,23.94,23.76,23.8,297179
2021-09-20 20:00:00,23.8,23.87,23.72,23.86,273197
2021-09-20 20:30:00,23.86,24.0,23.81,23.92,270099
2021-09-20 21:00:00,23.92,23.94,23.59,23.63,402008
2021-09-20 21:30:00,23.63,23.74,23.58,23.72,480881
2021-09-20 22:00:00,23.71,23.78,23.64,23.76,317308
2021-09-20 22:30:00,23.76,23.99,23.73,23.97,1104672
2021-09-20 23:00:00,23.97,23.97,23.97,23.97,476875
2021-09-21 16:30:00,24.2,24.26,23.84,23.93,448636
2021-09-21 17:00:00,23.93,23.95,23.61,23.7,238671
2021-09-21 17:30:00,23.7,23.73,23.44,23.54,273900
2021-09-21 18:00:00,23.54,23.65,23.47,23.51,211357
2021-09-21 18:30:00,23.52,23.7,23.52,23.65,103959
2021-09-21 19:00:00,23.64,23.75,23.63,23.73,116586
2021-09-21 19:30:00,23.74,23.76,23.58,23.65,135130
2021-09-21 20:00:00,23.65,23.71,23.6,23.62,179298
2021-09-21 20:30:00,23.62,23.65,23.54,23.55,104639
2021-09-21 21:00:00,23.55,23.63,23.48,23.48,118526
2021-09-21 21:30:00,23.49,23.68,23.48,23.63,181226
2021-09-21 22:00:00,23.63,23.7,23.6,23.69,210808
2021-09-21 22:30:00,23.68,23.8,23.65,23.72,735419
2021-09-21 23:00:00,23.72,23.72,23.72,23.72,265730
2021-09-22 16:30:00,24.25,24.44,24.19,24.42,472229
2021-09-22 17:00:00,24.42,24.42,24.21,24.22,311868
2021-09-22 17:30:00,24.21,24.44,24.21,24.39,324733
2021-09-22 18:00:00,24.39,24.43,24.3,24.33,153601
2021-09-22 18:30:00,24.32,24.37,24.25,24.3,214092
2021-09-22 19:00:00,24.28,24.29,24.25,24.25,100493
2021-09-22 19:30:00,24.25,24.27,24.2,24.25,97976
2021-09-22 20:00:00,24.25,24.28,24.2,24.28,124120
2021-09-22 20:30:00,24.28,24.29,24.19,24.24,132421
2021-09-22 21:00:00,24.23,24.42,24.19,24.41,169452
2021-09-22 21:30:00,24.41,24.44,24.18,24.29,276220
2021-09-22 22:00:00,24.29,24.49,24.25,24.48,221816
2021-09-22 22:30:00,24.47,24.51,24.26,24.3,730807
2021-09-22 23:00:00,24.29,24.29,24.29,24.29,1360495
2021-09-23 16:30:00,24.47,24.95,24.47,24.9,326532
2021-09-23 17:00:00,24.9,25.06,24.87,24.92,240099
2021-09-23 17:30:00,24.92,25.02,24.88,25.02,214578
2021-09-23 18:00:00,25.02,25.14,25.01,25.09,155134
2021-09-23 18:30:00,25.09,25.13,24.97,24.98,162645
2021-09-23 19:00:00,24.98,25.04,24.95,25.04,151835
2021-09-23 19:30:00,25.04,25.07,25.0,25.01,121092
2021-09-23 20:00:00,25.01,25.12,25.01,25.11,95597
2021-09-23 20:30:00,25.11,25.19,25.09,25.15,102409
2021-09-23 21:00:00,25.15,25.15,25.03,25.09,134302
2021-09-23 21:30:00,25.09,25.12,24.97,24.98,160979
2021-09-23 22:00:00,24.99,25.0,24.89,24.92,91439
2021-09-23 22:30:00,24.92,24.95,24.83,24.85,307805
2021-09-23 23:00:00,24.85,24.85,24.83,24.85,241099
2021-09-24 16:30:00,24.71,24.87,24.51,24.87,198065
2021-09-24 17:00:00,24.86,24.94,24.78,24.82,158221
2021-09-24 17:30:00,24.82,24.85,24.72,24.85,174952
2021-09-24 18:00:00,24.85,24.95,24.85,24.91,119235
2021-09-24 18:30:00,24.92,24.98,24.87,24.96,97950
2021-09-24 19:00:00,24.96,24.98,24.9,24.93,104423
2021-09-24 19:30:00,24.92,24.96,24.9,24.91,107100
2021-09-24 20:00:00,24.9,24.92,24.84,24.89,148456
2021-09-24 20:30:00,24.89,24.9,24.81,24.81,62624
2021-09-24 21:00:00,24.82,24.88,24.82,24.88,33680
2021-09-24 21:30:00,24.88,24.9,24.84,24.9,94908
2021-09-24 22:00:00,24.89,24.94,24.82,24.94,145557
2021-09-24 22:30:00,24.94,24.99,24.91,24.93,500262
2021-09-24 23:00:00,24.91,24.94,24.91,24.94,269389
2021-09-27 16:30:00,24.97,25.48,24.94,25.36,268427
2021-09-27 17:00:00,25.36,25.49,25.29,25.43,225888
2021-09-27 17:30:00,25.42,25.46,25.34,25.46,184947
2021-09-27 18:00:00,25.48,25.59,25.44,25.56,150835
2021-09-27 18:30:00,25.56,25.62,25.53,25.57,147955
2021-09-27 19:00:00,25.57,25.7,25.55,25.7,103767
2021-09-27 19:30:00,25.7,25.7,25.63,25.67,77668
2021-09-27 20:00:00,25.67,25.7,25.59,25.6,73410
2021-09-27 20:30:00,25.6,25.66,25.58,25.62,103161
2021-09-27 21:00:00,25.62,25.7,25.61,25.7,91449
2021-09-27 21:30:00,25.71,25.71,25.53,25.53,110359
2021-09-27 22:00:00,25.54,25.56,25.49,25.5,150178
2021-09-27 22:30:00,25.49,25.57,25.45,25.56,567244
2021-09-27 23:00:00,25.56,25.56,25.56,25.56,713213
2021-09-28 16:30:00,25.33,25.7,25.29,25.54,307725
2021-09-28 17:00:00,25.54,25.54,25.12,25.19,247579
2021-09-28 17:30:00,25.18,25.52,25.17,25.39,273662
2021-09-28 18:00:00,25.4,25.42,25.13,25.22,174558
2021-09-28 18:30:00,25.22,25.25,25.14,25.16,527949
2021-09-28 19:00:00,25.16,25.16,25.0,25.1,108368
2021-09-28 19:30:00,25.1,25.11,24.95,24.98,341241
2021-09-28 20:00:00,24.98,25.13,24.95,25.09,120800
2021-09-28 20:30:00,25.09,25.09,24.95,24.96,92631
2021-09-28 21:00:00,24.96,25.11,24.92,25.11,123485
2021-09-28 21:30:00,25.1,25.25,25.03,25.2,143536
2021-09-28 22:00:00,25.2,25.28,25.05,25.07,127822
2021-09-28 22:30:00,25.06,25.11,24.9,24.92,497879
2021-09-28 23:00:00,24.92,24.94,24.92,24.92,1066135
2021-09-29 16:30:00,25.05,25.17,24.58,24.7,320819
2021-09-29 17:00:00,24.7,24.76,24.55,24.56,179130
2021-09-29 17:30:00,24.56,24.72,24.45,24.71,183746
2021-09-29 18:00:00,24.71,24.73,24.59,24.61,131865
2021-09-29 18:30:00,24.6,24.65,24.59,24.64,52526
2021-09-29 19:00:00,24.64,24.69,24.53,24.57,155455
2021-09-29 19:30:00,24.57,24.59,24.52,24.56,48270
2021-09-29 20:00:00,24.56,24.61,24.48,24.57,55768
2021-09-29 20:30:00,24.56,24.57,24.48,24.57,55102
2021-09-29 21:00:00,24.57,24.69,24.54,24.66,78453
2021-09-29 21:30:00,24.66,24.72,24.66,24.69,96294
2021-09-29 22:00:00,24.69,24.74,24.64,24.73,147639
2021-09-29 22:30:00,24.73,24.77,24.6,24.6,358893
2021-09-29 23:00:00,24.6,24.6,24.6,24.6,305844
2021-09-30 16:30:00,24.64,24.78,24.56,24.63,249512
2021-09-30 17:00:00,24.62,24.67,24.49,24.5,123323
2021-09-30 17:30:00,24.49,24.59,24.43,24.44,128140
2021-09-30 18:00:00,24.43,24.6,24.41,24.54,86318
2021-09-30 18:30:00,24.54,24.54,24.27,24.31,107497
2021-09-30 19:00:00,24.31,24.33,24.14,24.16,377272
2021-09-30 19:30:00,24.15,24.32,24.12,24.24,301032
2021-09-30 20:00:00,24.25,24.34,24.18,24.19,86281
2021-09-30 20:30:00,24.18,24.26,24.07,24.23,291705
2021-09-30 21:00:00,24.23,24.3,24.17,24.22,110216
2021-09-30 21:30:00,24.22,24.41,24.22,24.31,159319
2021-09-30 22:00:00,24.32,24.4,24.25,24.33,123094
2021-09-30 22:30:00,24.33,24.42,24.09,24.1,698380
2021-09-30 23:00:00,24.1,24.11,24.1,24.11,718019
2021-10-01 16:30:00,24.21,24.32,23.95,24.3,367359
2021-10-01 17:00:00,24.3,24.5,24.07,24.11,195345
2021-10-01 17:30:00,24.11,24.22,23.97,24.15,233162
2021-10-01 18:00:00,24.15,24.35,24.12,24.33,176701
2021-10-01 18:30:00,24.34,24.47,24.32,24.37,134909
2021-10-01 19:00:00,24.38,24.45,24.34,24.44,111570
2021-10-01 19:30:00,24.44,24.51,24.43,24.45,86526
2021-10-01 20:00:00,24.44,24.52,24.41,24.52,64752
2021-10-01 20:30:00,24.52,24.69,24.51,24.67,129601
2021-10-01 21:00:00,24.67,24.76,24.66,24.73,86715
2021-10-01 21:30:00,24.74,24.75,24.68,24.71,73697
2021-10-01 22:00:00,24.71,24.81,24.68,24.69,93425
2021-10-01 22:30:00,24.69,24.69,24.56,24.61,406863
2021-10-01 23:00:00,24.61,24.61,24.59,24.59,411498
2021-10-04 16:30:00,24.24,24.67,24.24,24.66,225293
2021-10-04 17:00:00,24.65,24.7,24.35,24.38,277437
2021-10-04 17:30:00,24.36,24.4,24.09,24.22,387042
2021-10-04 18:00:00,24.22,24.22,24.08,24.1,98561
2021-10-04 18:30:00,24.13,24.4,24.09,24.37,156741
2021-10-04 19:00:00,24.36,24.39,24.28,24.3,144972
2021-10-04 19:30:00,24.3,24.31,24.19,24.28,104915
2021-10-04 20:00:00,24.27,24.31,24.19,24.24,114581
2021-10-04 20:30:00,24.24,24.29,24.2,24.22,106942
2021-10-04 21:00:00,24.23,24.27,24.1,24.13,167643
2021-10-04 21:30:00,24.12,24.13,24.0,24.02,191978
2021-10-04 22:00:00,24.02,24.12,24.0,24.07,410166
2021-10-04 22:30:00,24.07,24.18,24.0,24.1,793607
2021-10-04 23:00:00,24.1,24.1,24.1,24.1,401081
2021-10-05 16:30:00,24.29,24.98,24.12,24.88,1147138
2021-10-05 17:00:00,24.88,25.24,24.87,25.23,520080
2021-10-05 17:30:00,25.24,25.37,25.2,25.35,252270
2021-10-05 18:00:00,25.35,25.44,25.32,25.38,279394
2021-10-05 18:30:00,25.38,25.4,25.31,25.38,177798
2021-10-05 19:00:00,25.38,25.44,25.32,25.38,245768
2021-10-05 19:30:00,25.37,25.5,25.37,25.49,208889
2021-10-05 20:00:00,25.49,25.61,25.43,25.61,174227
2021-10-05 20:30:00,25.61,25.66,25.51,25.56,232964
2021-10-05 21:00:00,25.56,25.59,25.5,25.58,167793
2021-10-05 21:30:00,25.57,25.61,25.43,25.46,225695
2021-10-05 22:00:00,25.45,25.52,25.41,25.45,202821
2021-10-05 22:30:00,25.45,25.51,25.35,25.36,619537
2021-10-05 23:00:00,25.39,25.39,25.37,25.37,661572
2021-10-06 16:30:00,24.89,25.23,24.83,24.97,306748
2021-10-06 17:00:00,24.96,24.98,24.76,24.88,246993
2021-10-06 17:30:00,24.86,24.98,24.59,24.69,270932
2021-10-06 18:00:00,24.7,24.9,24.65,24.7,188606
2021-10-06 18:30:00,24.7,25.06,24.69,25.04,229743
2021-10-06 19:00:00,25.05,25.07,24.8,24.87,224608
2021-10-06 19:30:00,24.86,25.0,24.84,24.95,139692
2021-10-06 20:00:00,24.96,25.06,24.91,24.98,817707
2021-10-06 20:30:00,24.98,25.16,24.98,25.14,353584
2021-10-06 21:00:00,25.16,25.31,25.12,25.25,176854
2021-10-06 21:30:00,25.25,25.35,25.21,25.22,121024
2021-10-06 22:00:00,25.22,25.34,25.21,25.32,184884
2021-10-06 22:30:00,25.31,25.37,25.22,25.33,814352
2021-10-06 23:00:00,25.33,25.33,25.33,25.33,443023
2021-10-07 16:30:00,25.82,25.86,25.51,25.53,473765
2021-10-07 17:00:00,25.52,25.68,25.5,25.68,163068
2021-10-07 17:30:00,25.67,25.73,25.52,25.66,261405
2021-10-07 18:00:00,25.67,25.72,25.6,25.71,163364
2021-10-07 18:30:00,25.71,25.71,25.62,25.64,169392
2021-10-07 19:00:00,25.64,25.66,25.57,25.57,166989
2021-10-07 19:30:00,25.57,25.58,25.41,25.52,185457
2021-10-07 20:00:00,25.52,25.54,25.47,25.54,103686
2021-10-07 20:30:00,25.53,25.54,25.46,25.51,105729
2021-10-07 21:00:00,25.51,25.54,25.44,25.5,213079
2021-10-07 21:30:00,25.5,25.51,25.34,25.34,171003
2021-10-07 22:00:00,25.34,25.43,25.3,25.42,162912
2021-10-07 22:30:00,25.42,25.45,25.34,25.38,617901
2021-10-07 23:00:00,25.37,25.37,25.37,25.37,1420531
2021-10-08 16:30:00,25.24,25.41,24.95,25.36,284834
2021-10-08 17:00:00,25.38,25.61,25.38,25.48,104280
2021-10-08 17:30:00,25.48,25.6,25.44,25.51,80854
2021-10-08 18:00:00,25.52,25.54,25.46,25.51,100199
2021-10-08 18:30:00,25.5,25.5,25.35,25.4,103457
2021-10-08 19:00:00,25.4,25.41,25.27,25.28,106618
2021-10-08 19:30:00,25.28,25.34,25.28,25.3,47184
2021-10-08 20:00:00,25.3,25.31,25.14,25.16,116045
2021-10-08 20:30:00,25.16,25.17,25.1,25.13,122931
2021-10-08 21:00:00,25.13,25.18,25.08,25.16,129564
2021-10-08 21:30:00,25.16,25.16,25.1,25.11,92365
2021-10-08 22:00:00,25.11,25.15,25.05,25.15,138895
2021-10-08 22:30:00,25.15,25.16,25.01,25.04,417738
2021-10-08 23:00:00,25.03,25.03,25.03,25.03,272708
2021-10-11 16:30:00,25.02,25.19,24.7,25.14,255140
2021-10-11 17:00:00,25.14,25.27,25.03,25.27,231942
2021-10-11 17:30:00,25.27,25.32,25.21,25.25,70114
2021-10-11 18:00:00,25.24,25.37,25.24,25.37,68694
2021-10-11 18:30:00,25.37,25.41,25.33,25.36,79012
2021-10-11 19:00:00,25.36,25.37,25.16,25.2,77119
2021-10-11 19:30:00,25.2,25.21,25.09,25.12,86426
2021-10-11 20:00:00,25.12,25.12,24.95,24.97,96159
2021-10-11 20:30:00,24.97,25.04,24.92,24.98,63558
2021-10-11 21:00:00,24.98,25.03,24.91,24.93,78036
2021-10-11 21:30:00,24.93,25.0,24.92,25.0,61008
2021-10-11 22:00:00,25.0,25.01,24.9,24.91,116208
2021-10-11 22:30:00,24.91,24.92,24.77,24.8,270582
2021-10-11 23:00:00,24.8,24.8,24.8,24.8,985972
2021-10-12 16:30:00,24.65,24.72,24.24,24.46,304090
2021-10-12 17:00:00,24.46,24.54,24.26,24.45,135848
2021-10-12 17:30:00,24.44,24.6,24.43,24.49,139041
2021-10-12 18:00:00,24.5,24.62,24.5,24.57,143441
2021-10-12 18:30:00,24.57,24.57,24.47,24.52,84936
2021-10-12 19:00:00,24.53,24.56,24.41,24.41,107851
2021-10-12 19:30:00,24.42,24.42,24.29,24.33,123572
2021-10-12 20:00:00,24.33,24.33,24.28,24.3,99673
2021-10-12 20:30:00,24.3,24.38,24.26,24.29,108697
2021-10-12 21:00:00,24.28,24.31,24.2,24.22,121121
2021-10-12 21:30:00,24.22,24.25,24.16,24.16,163589
2021-10-12 22:00:00,24.16,24.25,24.12,24.24,264705
2021-10-12 22:30:00,24.24,24.31,24.15,24.23,404429
2021-10-12 23:00:00,24.23,24.26,24.23,24.23,159444
2021-10-13 16:30:00,24.18,24.58,24.08,24.23,327346
2021-10-13 17:00:00,24.22,24.26,23.91,24.23,310881
2021-10-13 17:30:00,24.23,24.45,24.19,24.45,169261
2021-10-13 18:00:00,24.45,24.57,24.44,24.5,161747
2021-10-13 18:30:00,24.5,24.58,24.42,24.44,161517
2021-10-13 19:00:00,24.43,24.49,24.39,24.47,141917
2021-10-13 19:30:00,24.47,24.56,24.44,24.49,92980
2021-10-13 20:00:00,24.49,24.55,24.48,24.54,123852
2021-10-13 20:30:00,24.54,24.57,24.47,24.48,71601
2021-10-13 21:00:00,24.47,24.56,24.38,24.42,194015
2021-10-13 21:30:00,24.42,24.43,24.31,24.37,134416
2021-10-13 22:00:00,24.37,24.43,24.33,24.36,171793
2021-10-13 22:30:00,24.36,24.5,24.36,24.45,347202
2021-10-13 23:00:00,24.46,24.46,24.46,24.46,693414
2021-10-14 16:30:00,24.9,24.9,24.58,24.58,282389
2021-10-14 17:00:00,24.59,24.83,24.53,24.8,197946
2021-10-14 17:30:00,24.79,25.04,24.79,25.04,148297
2021-10-14 18:00:00,25.04,25.09,24.94,25.05,206148
2021-10-14 18:30:00,25.05,25.14,25.0,25.11,116475
2021-10-14 19:00:00,25.1,25.14,25.06,25.11,115543
2021-10-14 19:30:00,25.11,25.14,25.07,25.14,69551
2021-10-14 20:00:00,25.15,25.17,25.12,25.14,164249
2021-10-14 20:30:00,25.15,25.25,25.15,25.23,109647
2021-10-14 21:00:00,25.23,25.27,25.22,25.26,115521
2021-10-14 21:30:00,25.26,25.3,25.24,25.24,71231
2021-10-14 22:00:00,25.24,25.25,25.16,25.17,153675
2021-10-14 22:30:00,25.17,25.2,25.12,25.18,284762
2021-10-14 23:00:00,25.17,25.17,25.17,25.17,166147
2021-10-15 16:30:00,25.5,25.65,25.4,25.55,432644
2021-10-15 17:00:00,25.54,25.66,25.34,25.35,243288
2021-10-15 17:30:00,25.36,25.53,25.36,25.41,255897
2021-10-15 18:00:00,25.41,25.48,25.38,25.42,131299
2021-10-15 18:30:00,25.42,25.5,25.42,25.45,149373
2021-10-15 19:00:00,25.45,25.45,25.33,25.35,75571
2021-10-15 19:30:00,25.35,25.37,25.28,25.33,93189
2021-10-15 20:00:00,25.32,25.35,25.24,25.3,117085
2021-10-15 20:30:00,25.3,25.42,25.28,25.36,187167
2021-10-15 21:00:00,25.36,25.44,25.36,25.43,150908
2021-10-15 21:30:00,25.43,25.43,25.27,25.31,185021
2021-10-15 22:00:00,25.31,25.31,25.18,25.21,242767
2021-10-15 22:30:00,25.2,25.22,25.07,25.08,388894
2021-10-15 23:00:00,25.09,25.09,25.07,25.08,418243
2021-10-18 16:30:00,24.91,25.87,24.69,24.73,364017
2021-10-18 17:00:00,24.73,24.86,24.68,24.79,413662
2021-10-18 17:30:00,24.8,24.9,24.71,24.74,427304
2021-10-18 18:00:00,24.74,24.91,24.71,24.8,276923
2021-10-18 18:30:00,24.78,24.85,24.75,24.83,135337
2021-10-18 19:00:00,24.84,24.84,24.78,24.79,139760
2021-10-18 19:30:00,24.78,24.81,24.68,24.68,132935
2021-10-18 20:00:00,24.67,24.69,24.61,24.62,137994
2021-10-18 20:30:00,24.63,24.69,24.58,24.61,170222
2021-10-18 21:00:00,24.61,24.62,24.52,24.61,156951
2021-10-18 21:30:00,24.6,24.68,24.59,24.66,130781
2021-10-18 22:00:00,24.66,24.66,24.58,24.62,172911
2021-10-18 22:30:00,24.62,24.77,24.6,24.72,409724
2021-10-18 23:00:00,24.73,24.73,24.73,24.73,310562
2021-10-19 16:30:00,24.88,24.92,24.42,24.44,349382
2021-10-19 17:00:00,24.45,24.82,24.45,24.79,258437
2021-10-19 17:30:00,24.8,24.89,24.72,24.86,209939
2021-10-19 18:00:00,24.87,24.96,24.86,24.88,156090
2021-10-19 18:30:00,24.88,24.97,24.84,24.91,113027
2021-10-19 19:00:00,24.91,24.95,24.82,24.84,104279
2021-10-19 19:30:00,24.83,25.04,24.83,25.02,183034
2021-10-19 20:00:00,25.03,25.04,24.96,24.98,115950
2021-10-19 20:30:00,24.98,25.06,24.97,25.04,89049
2021-10-19 21:00:00,25.04,25.04,24.92,24.93,110380
2021-10-19 21:30:00,24.92,24.94,24.86,24.9,127474
2021-10-19 22:00:00,24.9,24.96,24.89,24.93,133751
2021-10-19 22:30:00,24.92,25.01,24.85,25.01,427497
2021-10-19 23:00:00,25.0,25.0,25.0,25.0,269097
2021-10-20 16:30:00,25.0,25.25,24.91,25.23,184035
2021-10-20 17:00:00,25.22,25.39,25.2,25.34,189104
2021-10-20 17:30:00,25.34,25.46,25.31,25.35,106172
2021-10-20 18:00:00,25.35,25.39,25.26,25.32,102921
2021-10-20 18:30:00,25.32,25.4,25.28,25.38,121146
2021-10-20 19:00:00,25.39,25.45,25.35,25.42,93880
2021-10-20 19:30:00,25.42,25.45,25.37,25.37,124879
2021-10-20 20:00:00,25.38,25.38,25.23,25.34,99441
2021-10-20 20:30:00,25.33,25.4,25.32,25.39,112420
2021-10-20 21:00:00,25.39,25.43,25.34,25.36,171707
2021-10-20 21:30:00,25.37,25.42,25.35,25.42,56698
2021-10-20 22:00:00,25.42,25.47,25.31,25.33,97550
2021-10-20 22:30:00,25.33,25.43,25.31,25.43,278129
2021-10-20 23:00:00,25.42,25.42,25.42,25.42,177505
2021-10-21 16:30:00,25.34,25.48,25.25,25.42,215813
2021-10-21 17:00:00,25.42,25.42,25.18,25.25,210024
2021-10-21 17:30:00,25.24,25.28,25.1,25.1,190970
2021-10-21 18:00:00,25.09,25.11,24.92,24.92,142654
2021-10-21 18:30:00,24.93,24.98,24.87,24.95,126242
2021-10-21 19:00:00,24.95,24.96,24.88,24.96,83444
2021-10-21 19:30:00,24.96,24.98,24.89,24.97,107252
2021-10-21 20:00:00,24.97,25.06,24.96,25.05,90253
2021-10-21 20:30:00,25.05,25.06,24.91,24.94,161988
2021-10-21 21:00:00,24.94,25.03,24.93,25.0,111294
2021-10-21 21:30:00,25.0,25.01,24.94,24.97,101079
2021-10-21 22:00:00,24.97,25.01,24.95,24.99,196573
2021-10-21 22:30:00,25.0,25.02,24.95,25.0,390850
2021-10-21 23:00:00,25.0,25.0,25.0,25.0,224205
2021-10-22 16:30:00,25.27,25.36,25.11,25.29,381385
2021-10-22 17:00:00,25.3,25.4,25.28,25.3,249751
2021-10-22 17:30:00,25.3,25.3,25.09,25.1,112939
2021-10-22 18:00:00,25.1,25.22,24.98,25.02,446192
2021-10-22 18:30:00,25.02,25.05,24.88,24.92,117052
2021-10-22 19:00:00,24.92,25.01,24.87,24.91,85085
2021-10-22 19:30:00,24.92,24.99,24.91,24.97,118694
2021-10-22 20:00:00,24.97,25.02,24.95,25.01,135956
2021-10-22 20:30:00,25.0,25.13,25.0,25.09,128312
2021-10-22 21:00:00,25.09,25.13,25.05,25.12,209195
2021-10-22 21:30:00,25.12,25.15,25.1,25.1,164831
2021-10-22 22:00:00,25.1,25.12,25.04,25.11,234762
2021-10-22 22:30:00,25.11,25.17,25.08,25.12,475172
2021-10-22 23:00:00,25.12,25.12,25.12,25.12,211615
2021-10-25 16:30:00,25.11,25.18,24.7,24.71,727086
2021-10-25 17:00:00,24.71,24.97,24.71,24.83,859973
2021-10-25 17:30:00,24.83,24.86,24.75,24.81,258564
2021-10-25 18:00:00,24.79,24.94,24.76,24.8,552811
2021-10-25 18:30:00,24.79,24.85,24.75,24.85,194846
2021-10-25 19:00:00,24.84,24.85,24.78,24.8,303678
2021-10-25 19:30:00,24.8,24.8,24.66,24.68,343334
2021-10-25 20:00:00,24.69,24.81,24.69,24.79,316400
2021-10-25 20:30:00,24.79,24.89,24.76,24.83,339348
2021-10-25 21:00:00,24.84,24.88,24.82,24.83,270044
2021-10-25 21:30:00,24.82,24.83,24.76,24.79,419408
2021-10-25 22:00:00,24.78,24.79,24.57,24.63,491093
2021-10-25 22:30:00,24.63,24.75,24.52,24.74,1084377
2021-10-25 23:00:00,24.73,24.75,24.73,24.75,761944
2021-10-26 16:30:00,24.94,25.46,24.7,25.1,1417902
2021-10-26 17:00:00,25.1,25.49,25.02,25.48,349221
2021-10-26 17:30:00,25.48,25.86,25.4,25.64,507168
2021-10-26 18:00:00,25.66,25.76,25.56,25.71,218575
2021-10-26 18:30:00,25.7,25.96,25.6,25.82,246816
2021-10-26 19:00:00,25.81,25.87,25.7,25.8,226230
2021-10-26 19:30:00,25.8,25.83,25.59,25.76,177375
2021-10-26 20:00:00,25.75,25.84,25.69,25.72,177988
2021-10-26 20:30:00,25.73,25.79,25.67,25.78,145846
2021-10-26 21:00:00,25.78,25.89,25.72,25.83,181636
2021-10-26 21:30:00,25.84,25.86,25.71,25.77,137658
2021-10-26 22:00:00,25.76,25.79,25.68,25.68,239452
2021-10-26 22:30:00,25.68,25.74,25.57,25.58,1000409
2021-10-26 23:00:00,25.58,25.58,25.57,25.57,362592
2021-10-27 16:30:00,25.57,25.58,24.8,25.3,597968
2021-10-27 17:00:00,25.3,25.59,25.21,25.24,375284
2021-10-27 17:30:00,25.24,25.25,24.96,25.03,395159
2021-10-27 18:00:00,25.03,25.27,25.03,25.26,349860
2021-10-27 18:30:00,25.26,25.44,25.19,25.36,422496
2021-10-27 19:00:00,25.35,25.49,25.29,25.44,252422
2021-10-27 19:30:00,25.44,25.5,25.36,25.5,179530
2021-10-27 20:00:00,25.5,25.5,25.39,25.41,141044
2021-10-27 20:30:00,25.4,25.51,25.35,25.51,132757
2021-10-27 21:00:00,25.51,25.56,25.48,25.52,191820
2021-10-27 21:30:00,25.52,25.52,25.33,25.35,187392
2021-10-27 22:00:00,25.35,25.39,25.21,25.33,408010
2021-10-27 22:30:00,25.33,25.34,24.93,24.95,948870
2021-10-27 23:00:00,24.95,24.95,24.94,24.94,327014
2021-10-28 16:30:00,25.08,25.24,24.91,25.19,197337
2021-10-28 17:00:00,25.18,25.39,25.08,25.37,250723
2021-10-28 17:30:00,25.38,25.52,25.34,25.52,305048
2021-10-28 18:00:00,25.52,25.71,25.52,25.67,235043
2021-10-28 18:30:00,25.67,25.68,25.54,25.59,130448
2021-10-28 19:00:00,25.59,25.64,25.54,25.54,73567
2021-10-28 19:30:00,25.55,25.62,25.49,25.49,121369
2021-10-28 20:00:00,25.49,25.54,25.43,25.46,74368
2021-10-28 20:30:00,25.46,25.49,25.44,25.45,95730
2021-10-28 21:00:00,25.45,25.51,25.43,25.49,93761
2021-10-28 21:30:00,25.49,25.49,25.43,25.47,133457
2021-10-28 22:00:00,25.47,25.5,25.38,25.39,176725
2021-10-28 22:30:00,25.39,25.52,25.37,25.49,351568
2021-10-28 23:00:00,25.49,25.49,25.49,25.49,1023852
2021-10-29 16:30:00,25.41,25.65,25.3,25.63,354251
2021-10-29 17:00:00,25.62,25.72,25.59,25.69,303282
2021-10-29 17:30:00,25.7,25.77,25.6,25.61,259522
2021-10-29 18:00:00,25.61,25.86,25.6,25.84,199759
2021-10-29 18:30:00,25.83,25.87,25.75,25.81,186626
2021-10-29 19:00:00,25.8,25.81,25.65,25.66,130526
2021-10-29 19:30:00,25.66,25.78,25.64,25.66,117680
2021-10-29 20:00:00,25.66,25.73,25.62,25.65,189423
2021-10-29 20:30:00,25.65,25.7,25.62,25.65,131305
2021-10-29 21:00:00,25.65,25.72,25.48,25.48,242865
2021-10-29 21:30:00,25.48,25.48,25.39,25.41,151632
2021-10-29 22:00:00,25.41,25.5,25.33,25.37,290857
2021-10-29 22:30:00,25.37,25.54,25.37,25.41,743925
2021-10-29 23:00:00,25.41,25.41,25.41,25.41,1104976
2021-11-01 16:30:00,25.63,26.52,25.63,25.9,435998
2021-11-01 17:00:00,25.9,26.22,25.76,25.99,406014
2021-11-01 17:30:00,25.99,26.21,25.95,26.13,246556
2021-11-01 18:00:00,26.13,26.3,26.13,26.24,164262
2021-11-01 18:30:00,26.23,26.26,26.05,26.06,142114
2021-11-01 19:00:00,26.07,26.23,26.07,26.15,150791
2021-11-01 19:30:00,26.14,26.23,26.12,26.19,138657
2021-11-01 20:00:00,26.19,26.19,26.05,26.05,72274
2021-11-01 20:30:00,26.06,26.15,26.02,26.15,124879
2021-11-01 21:00:00,26.15,26.19,26.05,26.12,164871
2021-11-01 21:30:00,26.12,26.29,26.11,26.25,118032
2021-11-01 22:00:00,26.25,26.4,26.24,26.37,222013
2021-11-01 22:30:00,26.37,26.56,26.37,26.53,739684
2021-11-01 23:00:00,26.53,26.53,26.53,26.53,354700
2021-11-02 16:30:00,26.63,26.82,26.29,26.35,295095
2021-11-02 17:00:00,26.34,26.44,26.1,26.33,264695
2021-11-02 17:30:00,26.33,26.48,26.3,26.44,387102
2021-11-02 18:00:00,26.45,26.55,26.26,26.35,143205
2021-11-02 18:30:00,26.35,26.37,26.18,26.2,237361
2021-11-02 19:00:00,26.2,26.26,26.12,26.13,334822
2021-11-02 19:30:00,26.13,26.2,26.09,26.1,105619
2021-11-02 20:00:00,26.09,26.21,26.02,26.19,136357
2021-11-02 20:30:00,26.18,26.28,26.17,26.27,106497
2021-11-02 21:00:00,26.28,26.35,26.23,26.3,190622
2021-11-02 21:30:00,26.3,26.4,26.29,26.37,187452
2021-11-02 22:00:00,26.37,26.37,26.27,26.29,246791
2021-11-02 22:30:00,26.29,26.31,26.23,26.29,567211
2021-11-02 23:00:00,26.29,26.29,26.29,26.29,354989
2021-11-03 16:30:00,26.13,26.34,26.07,26.31,171839
2021-11-03 17:00:00,26.32,26.46,26.29,26.44,273942
2021-11-03 17:30:00,26.44,26.65,26.39,26.57,221272
2021-11-03 18:00:00,26.57,26.63,26.48,26.51,84982
2021-11-03 18:30:00,26.52,26.54,26.43,26.44,80737
2021-11-03 19:00:00,26.43,26.47,26.35,26.38,69703
2021-11-03 19:30:00,26.38,26.42,26.36,26.39,54253
2021-11-03 20:00:00,26.4,26.4,26.32,26.35,79025
2021-11-03 20:30:00,26.35,26.35,26.23,26.32,169775
2021-11-03 21:00:00,26.32,26.46,26.28,26.4,127196
2021-11-03 21:30:00,26.4,26.63,26.4,26.57,159172
2021-11-03 22:00:00,26.57,26.64,26.52,26.58,176731
2021-11-03 22:30:00,26.58,26.61,26.46,26.47,478239
2021-11-03 23:00:00,26.47,26.47,26.47,26.47,171173
2021-11-04 16:30:00,26.39,26.39,26.03,26.23,141584
2021-11-04 17:00:00,26.24,26.44,26.09,26.13,169921
2021-11-04 17:30:00,26.13,26.15,25.87,25.89,144209
2021-11-04 18:00:00,25.89,25.9,25.74,25.75,192286
2021-11-04 18:30:00,25.74,25.94,25.73,25.94,103593
2021-11-04 19:00:00,25.94,25.95,25.82,25.84,101210
2021-11-04 19:30:00,25.84,25.93,25.79,25.87,102389
2021-11-04 20:00:00,25.87,25.92,25.85,25.92,96193
2021-11-04 20:30:00,25.91,25.92,25.82,25.85,58828
2021-11-04 21:00:00,25.84,25.84,25.75,25.76,124891
2021-11-04 21:30:00,25.75,25.76,25.66,25.67,144862
2021-11-04 22:00:00,25.67,25.77,25.64,25.75,146953
2021-11-04 22:30:00,25.75,25.94,25.75,25.94,402816
2021-11-04 23:00:00,25.93,25.93,25.93,25.93,211494
2021-11-05 16:30:00,26.29,26.59,26.23,26.52,260177
2021-11-05 17:00:00,26.52,26.57,26.22,26.25,126045
2021-11-05 17:30:00,26.25,26.32,26.2,26.26,136256
2021-11-05 18:00:00,26.26,26.32,26.23,26.25,125701
2021-11-05 18:30:00,26.23,26.26,26.05,26.09,153796
2021-11-05 19:00:00,26.1,26.13,26.04,26.08,121445
2021-11-05 19:30:00,26.08,26.11,26.01,26.07,141526
2021-11-05 20:00:00,26.06,26.11,25.95,25.95,150643
2021-11-05 20:30:00,25.95,26.05,25.92,26.0,131952
2021-11-05 21:00:00,25.99,26.03,25.9,25.96,147117
2021-11-05 21:30:00,25.95,26.0,25.94,26.0,113397
2021-11-05 22:00:00,25.99,26.0,25.88,25.89,134431
2021-11-05 22:30:00,25.89,26.02,25.86,25.99,486163
2021-11-05 23:00:00,25.98,25.98,25.98,25.98,259149
2021-11-08 17:30:00,26.27,26.45,26.05,26.15,223012
2021-11-08 18:00:00,26.14,26.24,26.08,26.15,236988
2021-11-08 18:30:00,26.13,26.21,26.07,26.16,153011
2021-11-08 19:00:00,26.15,26.25,26.11,26.11,131458
2021-11-08 19:30:00,26.11,26.16,26.08,26.12,116714
2021-11-08 20:00:00,26.12,26.21,26.08,26.17,126700
2021-11-08 20:30:00,26.17,26.2,26.03,26.1,167091
2021-11-08 21:00:00,26.11,26.15,26.08,26.12,146203
2021-11-08 21:30:00,26.12,26.17,26.09,26.17,123740
2021-11-08 22:00:00,26.17,26.2,26.06,26.07,212063
2021-11-08 22:30:00,26.08,26.18,26.08,26.16,123151
2021-11-08 23:00:00,26.16,26.16,26.1,26.13,111125
2021-11-08 23:30:00,26.13,26.27,26.13,26.26,533587
2021-11-09 17:30:00,26.01,26.36,25.88,25.93,137675
2021-11-09 18:00:00,25.93,26.09,25.84,26.01,164527
2021-11-09 18:30:00,26.02,26.1,25.9,25.94,139535
2021-11-09 19:00:00,25.94,25.99,25.89,25.89,81578
2021-11-09 19:30:00,25.9,25.99,25.83,25.84,141757
2021-11-09 20:00:00,25.84,25.89,25.81,25.82,50612
2021-11-09 20:30:00,25.81,25.89,25.81,25.86,50725
2021-11-09 21:00:00,25.86,25.9,25.82,25.84,44914
2021-11-09 21:30:00,25.85,25.87,25.79,25.81,57180
2021-11-09 22:00:00,25.8,25.91,25.79,25.88,58484
2021-11-09 22:30:00,25.88,25.93,25.86,25.89,86640
2021-11-09 23:00:00,25.89,26.0,25.89,25.96,129036
2021-11-09 23:30:00,25.97,26.04,25.93,26.02,312830
2021-11-10 17:30:00,25.82,25.93,25.6,25.73,164622
2021-11-10 18:00:00,25.72,25.74,25.53,25.66,156035
2021-11-10 18:30:00,25.65,25.82,25.64,25.74,111853
2021-11-10 19:00:00,25.73,25.86,25.73,25.82,124774
2021-11-10 19:30:00,25.83,25.93,25.79,25.93,173910
2021-11-10 20:00:00,25.92,25.95,25.8,25.8,60080
2021-11-10 20:30:00,25.81,25.86,25.72,25.74,72988
2021-11-10 21:00:00,25.73,25.76,25.67,25.71,91234
2021-11-10 21:30:00,25.71,25.71,25.54,25.57,109983
2021-11-10 22:00:00,25.56,25.56,25.44,25.45,79495
2021-11-10 22:30:00,25.46,25.56,25.4,25.49,90424
2021-11-10 23:00:00,25.49,25.61,25.46,25.59,101352
2021-11-10 23:30:00,25.59,25.6,25.44,25.54,393139
2021-11-11 17:30:00,25.55,25.78,25.44,25.54,171566
2021-11-11 18:00:00,25.54,25.67,25.52,25.54,123100
2021-11-11 18:30:00,25.53,25.64,25.51,25.57,94411
2021-11-11 19:00:00,25.58,25.64,25.54,25.61,51076
2021-11-11 19:30:00,25.61,25.73,25.59,25.65,67747
2021-11-11 20:00:00,25.66,25.69,25.62,25.68,33013
2021-11-11 20:30:00,25.68,25.72,25.65,25.69,56794
2021-11-11 21:00:00,25.7,25.71,25.63,25.7,42126
2021-11-11 21:30:00,25.7,25.75,25.68,25.72,52086
2021-11-11 22:00:00,25.71,25.75,25.69,25.75,47364
2021-11-11 22:30:00,25.74,25.9,25.74,25.82,225739
2021-11-11 23:00:00,25.82,25.85,25.78,25.83,88491
2021-11-11 23:30:00,25.83,25.84,25.76,25.8,226658
2021-11-12 17:30:00,25.88,26.08,25.76,25.99,165464
2021-11-12 18:00:00,26.0,26.03,25.83,25.85,126572
2021-11-12 18:30:00,25.85,25.94,25.82,25.86,116230
2021-11-12 19:00:00,25.87,26.09,25.87,26.03,89328
2021-11-12 19:30:00,26.03,26.22,26.03,26.2,146871
2021-11-12 20:00:00,26.2,26.26,26.16,26.19,121470
2021-11-12 20:30:00,26.18,26.25,26.13,26.17,105096
2021-11-12 21:00:00,26.17,26.21,26.12,26.12,51666
2021-11-12 21:30:00,26.11,26.13,26.04,26.11,48732
2021-11-12 22:00:00,26.1,26.11,26.06,26.07,53765
2021-11-12 22:30:00,26.07,26.1,26.03,26.07,55099
2021-11-12 23:00:00,26.07,26.21,26.05,26.12,186419
2021-11-12 23:30:00,26.12,26.19,26.1,26.16,273520
2021-11-15 17:30:00,26.3,26.4,26.15,26.39,133285
2021-11-15 18:00:00,26.39,26.47,26.28,26.38,112758
2021-11-15 18:30:00,26.38,26.43,26.31,26.34,75442
2021-11-15 19:00:00,26.35,26.4,26.27,26.27,81938
2021-11-15 19:30:00,26.27,26.34,26.19,26.21,139428
2021-11-15 20:00:00,26.21,26.26,26.19,26.26,84834
2021-11-15 20:30:00,26.26,26.29,26.24,26.29,109526
2021-11-15 21:00:00,26.28,26.3,26.2,26.23,153679
2021-11-15 21:30:00,26.23,26.28,26.22,26.24,83233
2021-11-15 22:00:00,26.24,26.28,26.21,26.27,100690
2021-11-15 22:30:00,26.28,26.33,26.25,26.29,137654
2021-11-15 23:00:00,26.28,26.28,26.19,26.24,108521
2021-11-15 23:30:00,26.23,26.23,26.09,26.12,323223
2021-11-16 17:30:00,26.05,26.16,25.65,25.77,198458
2021-11-16 18:00:00,25.77,25.89,25.77,25.81,151193
2021-11-16 18:30:00,25.81,25.93,25.78,25.8,72218
2021-11-16 19:00:00,25.8,25.9,25.79,25.83,69611
2021-11-16 19:30:00,25.82,25.85,25.76,25.84,55963
2021-11-16 20:00:00,25.83,25.89,25.81,25.89,74377
2021-11-16 20:30:00,25.88,25.99,25.88,25.98,104489
2021-11-16 21:00:00,25.98,26.06,25.89,25.91,114395
2021-11-16 21:30:00,25.91,25.98,25.89,25.94,135811
2021-11-16 22:00:00,25.93,25.95,25.83,25.86,153213
2021-11-16 22:30:00,25.85,25.91,25.81,25.84,56797
2021-11-16 23:00:00,25.84,25.85,25.78,25.79,63038
2021-11-16 23:30:00,25.79,25.83,25.68,25.7,396675
2021-11-17 17:30:00,25.59,25.62,25.12,25.13,219103
2021-11-17 18:00:00,25.12,25.18,24.9,24.93,200373
2021-11-17 18:30:00,24.92,25.08,24.91,25.08,95719
2021-11-17 19:00:00,25.07,25.2,24.96,25.06,355145
2021-11-17 19:30:00,25.05,25.13,25.01,25.1,273211
2021-11-17 20:00:00,25.1,25.12,25.03,25.03,141440
2021-11-17 20:30:00,25.04,25.05,24.95,24.99,186006
2021-11-17 21:00:00,24.99,25.02,24.96,24.97,76859
2021-11-17 21:30:00,24.98,24.99,24.91,24.94,82715
2021-11-17 22:00:00,24.94,24.94,24.75,24.85,189631
2021-11-17 22:30:00,24.85,24.91,24.82,24.9,156882
2021-11-17 23:00:00,24.9,24.97,24.86,24.9,176030
2021-11-17 23:30:00,24.9,24.98,24.89,24.93,403547
2021-11-18 17:30:00,25.05,25.13,24.8,24.8,95995
2021-11-18 18:00:00,24.78,24.84,24.42,24.5,176428
2021-11-18 18:30:00,24.51,24.63,24.5,24.54,93799
2021-11-18 19:00:00,24.54,24.67,24.54,24.6,108356
2021-11-18 19:30:00,24.6,24.66,24.53,24.6,121666
2021-11-18 20:00:00,24.61,24.65,24.59,24.61,102532
2021-11-18 20:30:00,24.62,24.65,24.46,24.49,85215
2021-11-18 21:00:00,24.48,24.59,24.48,24.59,126539
2021-11-18 21:30:00,24.59,24.72,24.58,24.64,141082
2021-11-18 22:00:00,24.63,24.66,24.55,24.57,137623
2021-11-18 22:30:00,24.57,24.64,24.56,24.64,72438
2021-11-18 23:00:00,24.63,24.68,24.61,24.67,123799
2021-11-18 23:30:00,24.66,24.66,24.53,24.55,322360
2021-11-19 17:30:00,24.13,24.25,24.02,24.11,290917
2021-11-19 18:00:00,24.1,24.18,23.93,24.07,174343
2021-11-19 18:30:00,24.05,24.17,24.02,24.11,161439
2021-11-19 19:00:00,24.11,24.24,24.09,24.14,167290
2021-11-19 19:30:00,24.13,24.19,24.08,24.1,123858
2021-11-19 20:00:00,24.1,24.22,24.1,24.22,114103
2021-11-19 20:30:00,24.21,24.3,24.21,24.22,118328
2021-11-19 21:00:00,24.22,24.25,24.09,24.1,111732
2021-11-19 21:30:00,24.1,24.16,24.01,24.16,148240
2021-11-19 22:00:00,24.16,24.2,24.13,24.13,101711
2021-11-19 22:30:00,24.13,24.14,24.08,24.08,77432
2021-11-19 23:00:00,24.09,24.12,24.05,24.11,110749
2021-11-19 23:30:00,24.11,24.19,24.09,24.15,482846
2021-11-22 17:30:00,24.38,24.56,24.14,24.38,430633
2021-11-22 18:00:00,24.39,24.62,24.39,24.51,323736
2021-11-22 18:30:00,24.52,24.59,24.44,24.51,139560
2021-11-22 19:00:00,24.52,24.69,24.46,24.64,267397
2021-11-22 19:30:00,24.63,24.63,24.31,24.35,109664
2021-11-22 20:00:00,24.36,24.41,24.28,24.39,120818
2021-11-22 20:30:00,24.39,24.43,24.33,24.4,97167
2021-11-22 21:00:00,24.4,24.52,24.4,24.5,136597
2021-11-22 21:30:00,24.51,24.56,24.49,24.54,114032
2021-11-22 22:00:00,24.55,24.57,24.49,24.54,76324
2021-11-22 22:30:00,24.53,24.65,24.53,24.63,84754
2021-11-22 23:00:00,24.63,24.65,24.5,24.51,122804
2021-11-22 23:30:00,24.5,24.56,24.31,24.32,355971
2021-11-23 17:30:00,24.44,24.58,24.15,24.38,314783
2021-11-23 18:00:00,24.38,24.47,24.28,24.29,189414
2021-11-23 18:30:00,24.3,24.33,24.09,24.09,178284
2021-11-23 19:00:00,24.1,24.19,24.01,24.12,155157
2021-11-23 19:30:00,24.11,24.29,24.1,24.21,140685
2021-11-23 20:00:00,24.21,24.22,24.12,24.2,86043
2021-11-23 20:30:00,24.19,24.22,24.13,24.16,136642
2021-11-23 21:00:00,24.16,24.23,24.15,24.18,101134
2021-11-23 21:30:00,24.18,24.31,24.17,24.22,131220
2021-11-23 22:00:00,24.23,24.37,24.22,24.34,127870
2021-11-23 22:30:00,24.34,24.49,24.3,24.49,167367
2021-11-23 23:00:00,24.49,24.53,24.4,24.43,141982
2021-11-23 23:30:00,24.42,24.52,24.42,24.46,348998
2021-11-24 17:30:00,24.35,24.42,24.13,24.23,222983
2021-11-24 18:00:00,24.2,24.37,24.14,24.33,102112
2021-11-24 18:30:00,24.33,24.41,24.3,24.39,90944
2021-11-24 19:00:00,24.4,24.51,24.36,24.4,114842
2021-11-24 19:30:00,24.4,24.42,24.31,24.34,67063
2021-11-24 20:00:00,24.34,24.41,24.3,24.37,92720
2021-11-24 20:30:00,24.38,24.5,24.38,24.49,70039
2021-11-24 21:00:00,24.49,24.54,24.48,24.5,51716
2021-11-24 21:30:00,24.51,24.56,24.51,24.53,59222
2021-11-24 22:00:00,24.54,24.61,24.42,24.42,79678
2021-11-24 22:30:00,24.43,24.5,24.42,24.44,90301
2021-11-24 23:00:00,24.43,24.49,24.4,24.47,132483
2021-11-24 23:30:00,24.47,24.47,24.36,24.41,599342
2021-11-26 17:30:00,23.29,23.3,22.74,22.78,605098
2021-11-26 18:00:00,22.75,22.93,22.63,22.87,289376
2021-11-26 18:30:00,22.87,22.98,22.77,22.95,207594
2021-11-26 19:00:00,22.94,23.0,22.79,22.87,198538
2021-11-26 19:30:00,22.87,22.94,22.8,22.91,198725
2021-11-26 20:00:00,22.91,23.14,22.91,23.14,242169
2021-11-26 20:30:00,23.12,23.26,23.06,23.11,541968
2021-11-26 21:00:00,23.12,23.13,23.12,23.13,283291
2021-11-29 17:30:00,23.44,23.58,22.91,22.92,443133
2021-11-29 18:00:00,22.93,23.05,22.86,22.9,197905
2021-11-29 18:30:00,22.9,22.93,22.75,22.86,144754
2021-11-29 19:00:00,22.86,22.99,22.83,22.84,157029
2021-11-29 19:30:00,22.84,23.02,22.83,23.02,151903
2021-11-29 20:00:00,23.02,23.25,23.01,23.23,264851
2021-11-29 20:30:00,23.23,23.29,23.22,23.28,76642
2021-11-29 21:00:00,23.27,23.31,23.21,23.24,68248
2021-11-29 21:30:00,23.25,23.27,23.18,23.26,70622
2021-11-29 22:00:00,23.25,23.36,23.23,23.35,165678
2021-11-29 22:30:00,23.35,23.35,23.26,23.31,111906
2021-11-29 23:00:00,23.31,23.41,23.29,23.33,161485
2021-11-29 23:30:00,23.32,23.35,23.18,23.23,658831
2021-11-30 17:30:00,22.92,22.99,22.66,22.71,474985
2021-11-30 18:00:00,22.7,22.9,22.57,22.65,493645
2021-11-30 18:30:00,22.64,22.95,22.63,22.64,336237
2021-11-30 19:00:00,22.63,22.85,22.55,22.71,208990
2021-11-30 19:30:00,22.69,22.72,22.3,22.39,371741
2021-11-30 20:00:00,22.39,22.4,22.22,22.38,336106
2021-11-30 20:30:00,22.38,22.46,22.33,22.35,140435
2021-11-30 21:00:00,22.36,22.39,22.23,22.33,110337
2021-11-30 21:30:00,22.33,22.56,22.32,22.56,272586
2021-11-30 22:00:00,22.56,22.65,22.53,22.53,226317
2021-11-30 22:30:00,22.52,22.53,22.36,22.38,203969
2021-11-30 23:00:00,22.38,22.46,22.29,22.36,359099
2021-11-30 23:30:00,22.37,22.48,22.26,22.32,1153293
2021-12-01 17:30:00,22.97,23.14,22.72,23.14,251603
2021-12-01 18:00:00,23.14,23.31,23.14,23.2,233211
2021-12-01 18:30:00,23.21,23.27,22.99,23.05,191008
2021-12-01 19:00:00,23.05,23.17,23.02,23.09,188217
2021-12-01 19:30:00,23.09,23.13,22.77,22.83,145726
2021-12-01 20:00:00,22.83,22.94,22.77,22.77,124607
2021-12-01 20:30:00,22.78,22.87,22.61,22.61,146883
2021-12-01 21:00:00,22.61,22.67,22.45,22.66,331176
2021-12-01 21:30:00,22.66,22.7,22.41,22.58,161249
2021-12-01 22:00:00,22.57,22.59,22.38,22.49,132219
2021-12-01 22:30:00,22.47,22.53,22.39,22.39,117286
2021-12-01 23:00:00,22.39,22.41,22.06,22.08,206662
2021-12-01 23:30:00,22.07,22.26,21.97,21.98,838085
2021-12-02 17:30:00,22.14,22.6,22.03,22.55,366416
2021-12-02 18:00:00,22.55,22.61,22.47,22.56,264364
2021-12-02 18:30:00,22.57,22.65,22.35,22.6,190431
2021-12-02 19:00:00,22.59,22.69,22.46,22.68,136763
2021-12-02 19:30:00,22.69,22.75,22.5,22.72,169120
2021-12-02 20:00:00,22.71,22.79,22.68,22.77,146422
2021-12-02 20:30:00,22.76,22.8,22.72,22.77,100267
2021-12-02 21:00:00,22.77,22.78,22.63,22.65,129814
2021-12-02 21:30:00,22.66,22.9,22.63,22.9,110255
2021-12-02 22:00:00,22.89,22.94,22.84,22.91,125896
2021-12-02 22:30:00,22.89,22.92,22.79,22.81,197995
2021-12-02 23:00:00,22.81,22.89,22.74,22.79,125662
2021-12-02 23:30:00,22.79,22.87,22.7,22.76,480616
2021-12-03 17:30:00,22.79,22.98,22.57,22.6,208061
2021-12-03 18:00:00,22.61,22.74,22.53,22.72,201845
2021-12-03 18:30:00,22.72,22.72,22.26,22.32,222181
2021-12-03 19:00:00,22.33,22.45,22.29,22.4,225059
2021-12-03 19:30:00,22.4,22.51,22.21,22.22,216508
2021-12-03 20:00:00,22.22,22.44,22.19,22.36,136712
2021-12-03 20:30:00,22.36,22.42,22.22,22.28,134268
2021-12-03 21:00:00,22.27,22.45,22.23,22.39,205215
2021-12-03 21:30:00,22.38,22.49,22.33,22.44,350546
2021-12-03 22:00:00,22.44,22.5,22.27,22.42,229514
2021-12-03 22:30:00,22.42,22.43,22.22,22.24,193324
2021-12-03 23:00:00,22.24,22.45,22.18,22.41,202604
2021-12-03 23:30:00,22.4,22.53,22.24,22.44,690457
2021-12-06 17:30:00,22.85,22.92,22.47,22.71,256425
2021-12-06 18:00:00,22.71,22.85,22.53,22.78,209293
2021-12-06 18:30:00,22.78,23.0,22.72,22.98,301717
2021-12-06 19:00:00,22.99,22.99,22.77,22.86,90045
2021-12-06 19:30:00,22.86,22.89,22.76,22.8,75573
2021-12-06 20:00:00,22.8,22.92,22.77,22.88,76290
2021-12-06 20:30:00,22.88,22.97,22.84,22.96,73695
2021-12-06 21:00:00,22.97,23.1,22.94,23.04,109228
2021-12-06 21:30:00,23.04,23.1,23.04,23.05,112620
2021-12-06 22:00:00,23.05,23.09,22.96,23.05,122371
2021-12-06 22:30:00,23.05,23.07,22.9,22.91,79552
2021-12-06 23:00:00,22.91,22.95,22.81,22.84,105059
2021-12-06 23:30:00,22.84,22.86,22.75,22.77,410531
2021-12-07 17:30:00,23.05,23.36,23.01,23.36,271493
2021-12-07 18:00:00,23.36,23.46,23.29,23.42,207410
2021-12-07 18:30:00,23.42,23.53,23.41,23.49,231872
2021-12-07 19:00:00,23.5,23.55,23.44,23.48,106890
2021-12-07 19:30:00,23.48,23.51,23.37,23.37,86533
2021-12-07 20:00:00,23.36,23.41,23.35,23.36,72363
2021-12-07 20:30:00,23.36,23.49,23.36,23.48,72820
2021-12-07 21:00:00,23.47,23.49,23.39,23.41,77474
2021-12-07 21:30:00,23.42,23.51,23.42,23.45,111883
2021-12-07 22:00:00,23.45,23.5,23.41,23.46,134917
2021-12-07 22:30:00,23.45,23.51,23.42,23.5,157591
2021-12-07 23:00:00,23.49,23.54,23.4,23.4,186251
2021-12-07 23:30:00,23.41,23.43,23.26,23.39,501071
2021-12-08 17:30:00,23.34,23.79,23.28,23.73,416223
2021-12-08 18:00:00,23.72,23.83,23.62,23.62,281529
2021-12-08 18:30:00,23.6,23.73,23.59,23.64,229891
2021-12-08 19:00:00,23.64,23.8,23.61,23.77,217442
2021-12-08 19:30:00,23.78,23.8,23.68,23.75,140032
2021-12-08 20:00:00,23.74,23.78,23.69,23.72,115795
2021-12-08 20:30:00,23.72,23.77,23.68,23.71,152056
2021-12-08 21:00:00,23.7,23.71,23.63,23.67,105102
2021-12-08 21:30:00,23.67,23.74,23.65,23.69,127232
2021-12-08 22:00:00,23.69,23.76,23.66,23.69,136215
2021-12-08 22:30:00,23.68,23.77,23.67,23.76,126041
2021-12-08 23:00:00,23.76,23.79,23.72,23.73,174830
2021-12-08 23:30:00,23.73,23.74,23.59,23.62,870450
2021-12-09 17:30:00,23.48,23.52,23.31,23.51,183205
2021-12-09 18:00:00,23.5,23.6,23.39,23.44,250852
2021-12-09 18:30:00,23.44,23.46,23.33,23.4,66537
2021-12-09 19:00:00,23.4,23.42,23.33,23.4,86530
2021-12-09 19:30:00,23.4,23.47,23.39,23.46,113280
2021-12-09 20:00:00,23.45,23.52,23.41,23.5,130022
2021-12-09 20:30:00,23.5,23.57,23.49,23.56,110379
2021-12-09 21:00:00,23.55,23.58,23.53,23.53,94750
2021-12-09 21:30:00,23.53,23.6,23.5,23.52,71300
2021-12-09 22:00:00,23.52,23.62,23.46,23.48,221126
2021-12-09 22:30:00,23.47,23.49,23.34,23.36,99608
2021-12-09 23:00:00,23.35,23.39,23.27,23.33,159327
2021-12-09 23:30:00,23.32,23.37,23.19,23.22,804415
2021-12-10 17:30:00,23.49,23.72,23.22,23.26,298508
2021-12-10 18:00:00,23.27,23.29,23.06,23.2,239920
2021-12-10 18:30:00,23.21,23.22,23.09,23.14,83255
2021-12-10 19:00:00,23.14,23.16,22.92,23.05,161777
2021-12-10 19:30:00,23.04,23.11,23.01,23.11,137441
2021-12-10 20:00:00,23.11,23.15,23.07,23.07,75014
2021-12-10 20:30:00,23.08,23.15,23.04,23.12,65747
2021-12-10 21:00:00,23.12,23.2,23.12,23.14,49312
2021-12-10 21:30:00,23.13,23.16,23.09,23.14,57550
2021-12-10 22:00:00,23.14,23.2,23.1,23.2,67884
2021-12-10 22:30:00,23.2,23.24,23.14,23.16,197016
2021-12-10 23:00:00,23.16,23.18,23.11,23.13,104377
2021-12-10 23:30:00,23.13,23.21,23.12,23.14,352138
2021-12-13 17:30:00,23.11,23.11,22.61,22.68,230836
2021-12-13 18:00:00,22.68,22.8,22.65,22.7,190525
2021-12-13 18:30:00,22.7,22.81,22.61,22.71,148744
2021-12-13 19:00:00,22.7,22.73,22.6,22.6,123630
2021-12-13 19:30:00,22.6,22.72,22.57,22.71,162559
2021-12-13 20:00:00,22.71,22.78,22.67,22.76,142391
2021-12-13 20:30:00,22.76,22.82,22.74,22.75,157694
2021-12-13 21:00:00,22.75,22.86,22.75,22.86,160706
2021-12-13 21:30:00,22.86,22.91,22.83,22.89,136693
2021-12-13 22:00:00,22.88,22.98,22.85,22.94,209815
2021-12-13 22:30:00,22.95,22.97,22.9,22.91,228930
2021-12-13 23:00:00,22.91,23.02,22.9,22.99,191133
2021-12-13 23:30:00,22.99,23.01,22.8,22.83,884303
2021-12-14 00:00:00,22.83,22.83,22.83,22.83,1700
2021-12-14 17:30:00,22.73,23.0,22.73,22.92,246980
2021-12-14 18:00:00,22.92,23.08,22.87,23.02,324729
2021-12-14 18:30:00,23.03,23.03,22.66,22.71,268088
2021-12-14 19:00:00,22.68,22.72,22.55,22.6,161441
2021-12-14 19:30:00,22.58,22.59,22.45,22.46,248438
2021-12-14 20:00:00,22.47,22.59,22.42,22.58,145578
2021-12-14 20:30:00,22.58,22.59,22.51,22.55,88713
2021-12-14 21:00:00,22.55,22.72,22.55,22.7,102683
2021-12-14 21:30:00,22.69,22.73,22.64,22.64,100735
2021-12-14 22:00:00,22.64,22.79,22.63,22.77,107117
2021-12-14 22:30:00,22.76,22.77,22.62,22.67,122648
2021-12-14 23:00:00,22.68,22.82,22.67,22.82,143113
2021-12-14 23:30:00,22.82,22.82,22.65,22.72,439788
2021-12-15 00:00:00,22.71,22.71,22.71,22.71,886000
2021-12-15 17:30:00,22.76,22.84,22.32,22.34,192030
2021-12-15 18:00:00,22.35,22.57,22.35,22.56,251261
2021-12-15 18:30:00,22.57,22.62,22.52,22.59,164307
2021-12-15 19:00:00,22.58,22.72,22.57,22.62,174214
2021-12-15 19:30:00,22.62,22.64,22.53,22.58,156077
2021-12-15 20:00:00,22.59,22.64,22.49,22.58,96690
2021-12-15 20:30:00,22.58,22.64,22.56,22.61,64655
2021-12-15 21:00:00,22.6,22.65,22.58,22.65,90997
2021-12-15 21:30:00,22.66,22.68,22.61,22.66,71023
2021-12-15 22:00:00,22.65,22.85,22.54,22.59,277606
2021-12-15 22:30:00,22.58,22.69,22.54,22.55,296485
2021-12-15 23:00:00,22.55,22.92,22.52,22.9,241123
2021-12-15 23:30:00,22.91,22.94,22.75,22.89,622266
2021-12-16 00:00:00,22.9,22.9,22.9,22.9,301701
2021-12-16 17:30:00,23.28,23.44,23.09,23.23,276539
2021-12-16 18:00:00,23.23,23.28,23.1,23.26,193233
2021-12-16 18:30:00,23.26,23.43,23.26,23.42,267164
2021-12-16 19:00:00,23.42,23.42,23.31,23.38,180827
2021-12-16 19:30:00,23.38,23.38,23.15,23.15,139303
2021-12-16 20:00:00,23.15,23.18,23.09,23.13,107162
2021-12-16 20:30:00,23.12,23.14,22.9,22.9,191198
2021-12-16 21:00:00,22.89,22.98,22.88,22.95,194033
2021-12-16 21:30:00,22.95,22.96,22.83,22.83,147554
2021-12-16 22:00:00,22.84,22.87,22.69,22.72,234399
2021-12-16 22:30:00,22.73,22.74,22.54,22.59,360937
2021-12-16 23:00:00,22.59,22.77,22.52,22.74,625358
2021-12-16 23:30:00,22.73,22.86,22.66,22.7,982159
2021-12-17 00:00:00,22.7,22.71,22.7,22.71,716416
2021-12-17 17:30:00,22.97,23.01,22.29,22.38,627290
2021-12-17 18:00:00,22.38,22.5,22.28,22.5,231360
2021-12-17 18:30:00,22.5,22.82,22.45,22.75,231578
2021-12-17 19:00:00,22.76,22.81,22.71,22.74,312614
2021-12-17 19:30:00,22.74,22.77,22.55,22.62,202345
2021-12-17 20:00:00,22.61,22.64,22.54,22.6,109303
2021-12-17 20:30:00,22.6,22.68,22.56,22.59,203097
2021-12-17 21:00:00,22.6,22.62,22.52,22.59,177601
2021-12-17 21:30:00,22.59,22.72,22.58,22.72,183423
2021-12-17 22:00:00,22.71,22.76,22.63,22.65,177591
2021-12-17 22:30:00,22.65,22.73,22.64,22.71,166914
2021-12-17 23:00:00,22.71,22.76,22.66,22.71,240540
2021-12-17 23:30:00,22.72,22.76,22.59,22.61,939615
2021-12-18 00:00:00,22.6,22.61,22.6,22.61,2047389
2021-12-20 17:30:00,21.95,22.0,21.52,21.75,363906
2021-12-20 18:00:00,21.77,21.92,21.67,21.69,294217
2021-12-20 18:30:00,21.68,21.69,21.47,21.51,227249
2021-12-20 19:00:00,21.51,21.51,21.33,21.42,172072
2021-12-20 19:30:00,21.41,21.58,21.4,21.52,156856
2021-12-20 20:00:00,21.52,21.53,21.41,21.44,105874
2021-12-20 20:30:00,21.44,21.45,21.36,21.37,130091
2021-12-20 21:00:00,21.38,21.47,21.33,21.47,146542
2021-12-20 21:30:00,21.46,21.64,21.41,21.63,171509
2021-12-20 22:00:00,21.63,21.71,21.62,21.66,186367
2021-12-20 22:30:00,21.66,21.7,21.49,21.5,214838
2021-12-20 23:00:00,21.51,21.7,21.51,21.69,244176
2021-12-20 23:30:00,21.68,21.81,21.62,21.76,730484
2021-12-21 00:00:00,21.76,21.76,21.76,21.76,2115725
2021-12-21 17:30:00,22.17,22.43,22.15,22.43,368170
2021-12-21 18:00:00,22.43,22.63,22.42,22.43,246181
2021-12-21 18:30:00,22.43,22.53,22.41,22.51,182905
2021-12-21 19:00:00,22.5,22.66,22.49,22.64,231079
2021-12-21 19:30:00,22.63,22.73,22.61,22.68,164391
2021-12-21 20:00:00,22.68,22.76,22.66,22.73,201355
2021-12-21 20:30:00,22.73,22.81,22.73,22.8,91472
2021-12-21 21:00:00,22.79,22.8,22.72,22.75,172867
2021-12-21 21:30:00,22.74,22.8,22.73,22.77,102964
2021-12-21 22:00:00,22.77,22.82,22.73,22.81,125885
2021-12-21 22:30:00,22.81,22.83,22.76,22.8,143768
2021-12-21 23:00:00,22.8,22.84,22.77,22.81,188781
2021-12-21 23:30:00,22.8,22.84,22.64,22.74,447489
2021-12-22 00:00:00,22.74,22.74,22.74,22.74,354800
2021-12-22 17:30:00,22.74,22.87,22.62,22.85,210164
2021-12-22 18:00:00,22.84,22.94,22.81,22.85,150336
2021-12-22 18:30:00,22.85,22.94,22.83,22.92,122003
2021-12-22 19:00:00,22.92,22.95,22.85,22.95,148493
2021-12-22 19:30:00,22.95,22.97,22.9,22.96,102734
2021-12-22 20:00:00,22.96,22.99,22.9,22.95,137060
2021-12-22 20:30:00,22.95,22.99,22.9,22.98,56155
2021-12-22 21:00:00,22.98,23.03,22.98,22.99,127731
2021-12-22 21:30:00,22.99,23.0,22.93,22.97,91876
2021-12-22 22:00:00,22.96,22.97,22.87,22.87,66540
2021-12-22 22:30:00,22.88,22.92,22.84,22.84,102056
2021-12-22 23:00:00,22.84,22.88,22.83,22.86,99659
2021-12-22 23:30:00,22.86,22.89,22.74,22.8,718799
2021-12-23 00:00:00,22.8,22.8,22.8,22.8,1221560
2021-12-23 17:30:00,23.03,23.4,22.93,23.3,274261
2021-12-23 18:00:00,23.29,23.34,23.2,23.28,167531
2021-12-23 18:30:00,23.29,23.37,23.29,23.34,206823
2021-12-23 19:00:00,23.34,23.36,23.3,23.35,122460
2021-12-23 19:30:00,23.35,23.36,23.27,23.33,119128
2021-12-23 20:00:00,23.33,23.35,23.3,23.34,144319
2021-12-23 20:30:00,23.34,23.37,23.31,23.32,123670
2021-12-23 21:00:00,23.32,23.36,23.31,23.36,101648
2021-12-23 21:30:00,23.36,23.36,23.26,23.33,94555
2021-12-23 22:00:00,23.33,23.45,23.32,23.42,116176
2021-12-23 22:30:00,23.42,23.42,23.3,23.31,184809
2021-12-23 23:00:00,23.31,23.34,23.25,23.31,179764
2021-12-23 23:30:00,23.31,23.38,23.27,23.34,394673
2021-12-24 00:00:00,23.34,23.35,23.34,23.34,246913
2021-12-27 17:30:00,23.32,23.47,23.23,23.3,179110
2021-12-27 18:00:00,23.3,23.44,23.27,23.43,134562
2021-12-27 18:30:00,23.43,23.48,23.38,23.47,91303
2021-12-27 19:00:00,23.47,23.5,23.45,23.5,56200
2021-12-27 19:30:00,23.49,23.5,23.45,23.48,47303
2021-12-27 20:00:00,23.49,23.53,23.49,23.51,68688
2021-12-27 20:30:00,23.51,23.52,23.48,23.52,42565
2021-12-27 21:00:00,23.51,23.51,23.42,23.46,70253
2021-12-27 21:30:00,23.47,23.5,23.46,23.48,95145
2021-12-27 22:00:00,23.47,23.51,23.46,23.51,137713
2021-12-27 22:30:00,23.51,23.53,23.45,23.47,73445
2021-12-27 23:00:00,23.46,23.49,23.45,23.48,65110
2021-12-27 23:30:00,23.48,23.58,23.47,23.56,463858
2021-12-28 00:00:00,23.55,23.55,23.55,23.55,636645
2021-12-28 17:30:00,23.46,23.8,23.45,23.73,140587
2021-12-28 18:00:00,23.73,23.78,23.67,23.73,135330
2021-12-28 18:30:00,23.73,23.76,23.59,23.59,89338
2021-12-28 19:00:00,23.58,23.6,23.49,23.56,72041
2021-12-28 19:30:00,23.56,23.64,23.56,23.6,64771
2021-12-28 20:00:00,23.59,23.61,23.51,23.51,53146
2021-12-28 20:30:00,23.52,23.56,23.47,23.53,58140
2021-12-28 21:00:00,23.54,23.59,23.53,23.57,66938
2021-12-28 21:30:00,23.57,23.61,23.56,23.61,98108
2021-12-28 22:00:00,23.62,23.62,23.51,23.54,70660
2021-12-28 22:30:00,23.53,23.56,23.52,23.55,99254
2021-12-28 23:00:00,23.54,23.57,23.52,23.57,124426
2021-12-28 23:30:00,23.56,23.61,23.5,23.54,280616
2021-12-29 00:00:00,23.53,23.53,23.53,23.53,983805
2021-12-29 17:30:00,23.5,23.63,23.34,23.51,160305
2021-12-29 18:00:00,23.52,23.58,23.42,23.53,115492
2021-12-29 18:30:00,23.54,23.6,23.53,23.55,108352
2021-12-29 19:00:00,23.56,23.58,23.44,23.44,101408
2021-12-29 19:30:00,23.44,23.44,23.37,23.37,49432
2021-12-29 20:00:00,23.37,23.39,23.32,23.34,34197
2021-12-29 20:30:00,23.35,23.4,23.35,23.37,35504
2021-12-29 21:00:00,23.37,23.41,23.35,23.39,65324
2021-12-29 21:30:00,23.38,23.39,23.36,23.39,45189
2021-12-29 22:00:00,23.38,23.39,23.33,23.35,59654
2021-12-29 22:30:00,23.35,23.36,23.34,23.35,36510
2021-12-29 23:00:00,23.35,23.38,23.32,23.37,74708
2021-12-29 23:30:00,23.37,23.38,23.31,23.36,367422
2021-12-30 00:00:00,23.36,23.36,23.36,23.36,416909
2021-12-30 17:30:00,23.35,23.58,23.31,23.49,137917
2021-12-30 18:00:00,23.47,23.51,23.37,23.37,77721
2021-12-30 18:30:00,23.38,23.45,23.38,23.43,72959
2021-12-30 19:00:00,23.42,23.47,23.38,23.41,49669
2021-12-30 19:30:00,23.4,23.45,23.38,23.43,46728
2021-12-30 20:00:00,23.44,23.45,23.35,23.37,54969
2021-12-30 20:30:00,23.37,23.38,23.33,23.37,70237
2021-12-30 21:00:00,23.37,23.41,23.35,23.36,33151
2021-12-30 21:30:00,23.36,23.38,23.31,23.34,77604
2021-12-30 22:00:00,23.34,23.4,23.32,23.39,111401
2021-12-30 22:30:00,23.38,23.39,23.32,23.32,65644
2021-12-30 23:00:00,23.32,23.33,23.25,23.27,72265
2021-12-30 23:30:00,23.26,23.31,23.19,23.22,266146
2021-12-31 00:00:00,23.21,23.21,23.21,23.21,129988
2021-12-31 17:30:00,23.19,23.31,23.09,23.19,133901
2021-12-31 18:00:00,23.19,23.23,23.1,23.13,128924
2021-12-31 18:30:00,23.13,23.13,23.02,23.06,98596
2021-12-31 19:00:00,23.08,23.16,23.04,23.13,119941
2021-12-31 19:30:00,23.13,23.14,23.05,23.06,84663
2021-12-31 20:00:00,23.05,23.09,23.02,23.03,74732
2021-12-31 20:30:00,23.04,23.13,23.01,23.13,90669
2021-12-31 21:00:00,23.13,23.15,23.11,23.13,96885
2021-12-31 21:30:00,23.14,23.18,23.12,23.17,92428
2021-12-31 22:00:00,23.16,23.18,23.11,23.12,84650
2021-12-31 22:30:00,23.11,23.12,23.04,23.06,65018
2021-12-31 23:00:00,23.07,23.1,23.06,23.09,104273
2021-12-31 23:30:00,23.09,23.09,22.97,23.01,406706
2022-01-03 17:30:00,23.25,23.42,23.14,23.4,265673
2022-01-03 18:00:00,23.4,23.55,23.35,23.55,220609
2022-01-03 18:30:00,23.55,23.6,23.4,23.43,207421
2022-01-03 19:00:00,23.43,23.47,23.34,23.38,143291
2022-01-03 19:30:00,23.37,23.37,23.23,23.27,141374
2022-01-03 20:00:00,23.27,23.31,23.25,23.27,95114
2022-01-03 20:30:00,23.27,23.29,23.19,23.2,79127
2022-01-03 21:00:00,23.2,23.23,23.17,23.2,73085
2022-01-03 21:30:00,23.2,23.22,23.15,23.21,146641
2022-01-03 22:00:00,23.22,23.28,23.17,23.22,185999
2022-01-03 22:30:00,23.21,23.25,23.18,23.22,124024
2022-01-03 23:00:00,23.22,23.26,23.16,23.21,174974
2022-01-03 23:30:00,23.22,23.3,23.13,23.28,664791
2022-01-04 00:00:00,23.29,23.29,23.29,23.29,3630702
2022-01-04 17:30:00,23.71,24.08,23.59,24.06,434014
2022-01-04 18:00:00,24.06,24.19,23.95,24.19,278782
2022-01-04 18:30:00,24.19,24.26,24.15,24.21,305896
2022-01-04 19:00:00,24.21,24.33,24.1,24.29,235553
2022-01-04 19:30:00,24.28,24.38,24.24,24.36,216831
2022-01-04 20:00:00,24.36,24.43,24.34,24.43,167963
2022-01-04 20:30:00,24.43,24.52,24.41,24.49,223695
2022-01-04 21:00:00,24.48,24.49,24.43,24.46,206427
2022-01-04 21:30:00,24.46,24.46,24.33,24.36,133323
2022-01-04 22:00:00,24.35,24.4,24.3,24.33,165948
2022-01-04 22:30:00,24.33,24.41,24.28,24.41,173804
2022-01-04 23:00:00,24.4,24.44,24.36,24.4,269108
2022-01-04 23:30:00,24.4,24.41,24.29,24.31,695990
2022-01-05 00:00:00,24.31,24.31,24.3,24.31,396183
2022-01-05 17:30:00,24.44,24.83,24.4,24.65,476933
2022-01-05 18:00:00,24.65,24.78,24.51,24.73,354942
2022-01-05 18:30:00,24.72,24.73,24.55,24.64,169913
2022-01-05 19:00:00,24.64,24.64,24.48,24.51,201626
2022-01-05 19:30:00,24.51,24.54,24.4,24.41,106733
2022-01-05 20:00:00,24.4,24.51,24.4,24.5,54703
2022-01-05 20:30:00,24.5,24.51,24.33,24.36,87683
2022-01-05 21:00:00,24.36,24.39,24.29,24.32,81420
2022-01-05 21:30:00,24.32,24.34,24.27,24.34,81864
2022-01-05 22:00:00,24.36,24.38,24.08,24.09,161903
2022-01-05 22:30:00,24.1,24.12,23.93,23.99,210968
2022-01-05 23:00:00,23.98,23.98,23.81,23.82,230170
2022-01-05 23:30:00,23.82,23.87,23.65,23.71,648864
2022-01-06 00:00:00,23.71,23.71,23.69,23.69,738558
2022-01-06 17:30:00,24.22,24.36,23.98,24.04,415770
2022-01-06 18:00:00,24.04,24.18,23.76,23.93,368270
2022-01-06 18:30:00,23.93,24.02,23.85,23.85,156928
2022-01-06 19:00:00,23.86,23.91,23.78,23.86,144842
2022-01-06 19:30:00,23.85,24.07,23.82,24.07,113211
2022-01-06 20:00:00,24.07,24.18,24.04,24.18,114459
2022-01-06 20:30:00,24.18,24.28,24.15,24.25,107797
2022-01-06 21:00:00,24.25,24.3,24.19,24.2,105095
2022-01-06 21:30:00,24.2,24.26,24.18,24.26,84055
2022-01-06 22:00:00,24.26,24.29,24.19,24.27,150529
2022-01-06 22:30:00,24.27,24.29,24.23,24.27,163960
2022-01-06 23:00:00,24.28,24.28,24.14,24.17,232404
2022-01-06 23:30:00,24.18,24.21,24.1,24.14,355947
2022-01-07 00:00:00,24.14,24.14,24.14,24.14,318750
2022-01-07 17:30:00,24.47,24.62,24.23,24.62,415804
2022-01-07 18:00:00,24.62,24.66,24.46,24.58,200326
2022-01-07 18:30:00,24.57,24.58,24.31,24.4,207428
2022-01-07 19:00:00,24.4,24.53,24.33,24.51,328760
2022-01-07 19:30:00,24.51,24.71,24.5,24.71,174308
2022-01-07 20:00:00,24.71,24.83,24.68,24.76,137628
2022-01-07 20:30:00,24.76,24.8,24.73,24.76,105783
2022-01-07 21:00:00,24.75,24.79,24.65,24.66,107250
2022-01-07 21:30:00,24.65,24.69,24.64,24.66,70041
2022-01-07 22:00:00,24.66,24.69,24.56,24.58,118133
2022-01-07 22:30:00,24.58,24.62,24.57,24.57,145122
2022-01-07 23:00:00,24.56,24.58,24.48,24.5,227696
2022-01-07 23:30:00,24.5,24.59,24.49,24.54,716320
2022-01-08 00:00:00,24.53,24.54,24.53,24.54,1500310
2022-01-10 17:30:00,24.65,24.75,24.14,24.18,364602
2022-01-10 18:00:00,24.17,24.21,23.98,23.99,381426
2022-01-10 18:30:00,24.0,24.08,23.72,23.8,393269
2022-01-10 19:00:00,23.8,23.96,23.73,23.94,184113
2022-01-10 19:30:00,23.94,23.94,23.8,23.92,196600
2022-01-10 20:00:00,23.91,23.97,23.87,23.9,128164
2022-01-10 20:30:00,23.89,23.93,23.78,23.9,188377
2022-01-10 21:00:00,23.9,23.96,23.88,23.9,140057
2022-01-10 21:30:00,23.9,23.96,23.79,23.8,414129
2022-01-10 22:00:00,23.79,23.98,23.78,23.94,249935
2022-01-10 22:30:00,23.94,24.01,23.92,23.97,147025
2022-01-10 23:00:00,23.97,24.02,23.9,24.01,231343
2022-01-10 23:30:00,24.01,24.21,23.96,24.17,729959
2022-01-11 00:00:00,24.17,24.17,24.17,24.17,700
2022-01-11 17:30:00,24.29,24.42,24.19,24.26,249006
2022-01-11 18:00:00,24.24,24.37,24.23,24.31,144909
2022-01-11 18:30:00,24.32,24.38,24.23,24.34,215084
2022-01-11 19:00:00,24.34,24.57,24.34,24.53,224032
2022-01-11 19:30:00,24.53,24.56,24.41,24.56,171805
2022-01-11 20:00:00,24.56,24.62,24.54,24.55,156380
2022-01-11 20:30:00,24.56,24.65,24.55,24.65,137681
2022-01-11 21:00:00,24.64,24.69,24.58,24.67,162852
2022-01-11 21:30:00,24.68,24.76,24.68,24.74,110581
2022-01-11 22:00:00,24.75,24.79,24.74,24.79,85245
2022-01-11 22:30:00,24.79,24.82,24.77,24.81,74216
2022-01-11 23:00:00,24.81,24.87,24.8,24.8,127038
2022-01-11 23:30:00,24.81,24.83,24.74,24.83,482424
2022-01-12 00:00:00,24.82,24.82,24.82,24.82,804892
2022-01-12 17:30:00,24.99,25.33,24.81,25.26,475602
2022-01-12 18:00:00,25.27,25.29,24.97,24.99,321044
2022-01-12 18:30:00,25.0,25.02,24.74,24.79,171981
2022-01-12 19:00:00,24.79,24.85,24.64,24.77,110293
2022-01-12 19:30:00,24.77,24.83,24.71,24.74,63966
2022-01-12 20:00:00,24.73,24.81,24.72,24.77,124170
2022-01-12 20:30:00,24.78,24.81,24.76,24.79,66927
2022-01-12 21:00:00,24.79,24.8,24.72,24.73,66275
2022-01-12 21:30:00,24.73,24.74,24.67,24.69,112978
2022-01-12 22:00:00,24.68,24.72,24.62,24.68,150009
2022-01-12 22:30:00,24.69,24.73,24.66,24.73,196388
2022-01-12 23:00:00,24.73,24.74,24.69,24.71,216492
2022-01-12 23:30:00,24.7,24.75,24.66,24.72,590538
2022-01-13 00:00:00,24.72,24.72,24.71,24.71,615027
2022-01-13 17:30:00,24.86,25.2,24.76,25.11,318872
2022-01-13 18:00:00,25.12,25.16,24.99,25.02,365636
2022-01-13 18:30:00,25.02,25.06,24.88,24.99,234893
2022-01-13 19:00:00,24.99,25.13,24.97,25.13,241090
2022-01-13 19:30:00,25.13,25.24,25.11,25.21,202725
2022-01-13 20:00:00,25.22,25.22,24.95,24.99,155974
2022-01-13 20:30:00,24.98,25.03,24.87,24.94,218411
2022-01-13 21:00:00,24.94,24.96,24.85,24.94,278695
2022-01-13 21:30:00,24.93,24.95,24.88,24.95,102746
2022-01-13 22:00:00,24.94,24.98,24.88,24.88,123287
2022-01-13 22:30:00,24.87,24.9,24.8,24.84,131323
2022-01-13 23:00:00,24.84,24.94,24.81,24.84,284358
2022-01-13 23:30:00,24.84,24.86,24.64,24.77,611775
2022-01-14 00:00:00,24.77,24.77,24.77,24.77,825246
2022-01-14 17:30:00,24.32,24.66,24.11,24.64,443098
2022-01-14 18:00:00,24.65,24.73,24.51,24.57,246737
2022-01-14 18:30:00,24.57,24.65,24.49,24.65,205563
2022-01-14 19:00:00,24.66,24.7,24.54,24.6,237675
2022-01-14 19:30:00,24.61,24.66,24.56,24.62,161096
2022-01-14 20:00:00,24.62,24.67,24.59,24.59,125961
2022-01-14 20:30:00,24.59,24.61,24.46,24.46,161560
2022-01-14 21:00:00,24.46,24.49,24.37,24.43,221687
2022-01-14 21:30:00,24.43,24.57,24.39,24.55,163362
2022-01-14 22:00:00,24.55,24.64,24.53,24.58,137898
2022-01-14 22:30:00,24.57,24.68,24.56,24.65,157454
2022-01-14 23:00:00,24.65,24.74,24.64,24.68,158134
2022-01-14 23:30:00,24.69,24.91,24.69,24.89,691728
2022-01-15 00:00:00,24.89,24.89,24.89,24.89,447663
2022-01-18 17:30:00,24.69,24.75,24.29,24.33,351489
2022-01-18 18:00:00,24.32,24.35,24.09,24.22,273744
2022-01-18 18:30:00,24.22,24.22,24.03,24.09,261129
2022-01-18 19:00:00,24.1,24.16,24.06,24.08,130105
2022-01-18 19:30:00,24.07,24.18,23.96,24.1,109179
2022-01-18 20:00:00,24.09,24.1,23.88,23.9,141259
2022-01-18 20:30:00,23.89,23.93,23.84,23.85,126289
2022-01-18 21:00:00,23.85,23.89,23.8,23.83,115460
2022-01-18 21:30:00,23.83,23.94,23.82,23.91,179042
2022-01-18 22:00:00,23.91,24.05,23.91,24.05,165240
2022-01-18 22:30:00,24.04,24.23,24.04,24.16,139326
2022-01-18 23:00:00,24.16,24.2,24.07,24.08,120867
2022-01-18 23:30:00,24.08,24.1,23.97,24.06,437021
2022-01-19 00:00:00,24.05,24.05,24.05,24.05,336891
2022-01-19 17:30:00,24.29,24.44,23.9,24.05,302221
2022-01-19 18:00:00,24.04,24.06,23.7,23.72,328328
2022-01-19 18:30:00,23.73,23.8,23.58,23.73,286151
2022-01-19 19:00:00,23.73,23.78,23.64,23.68,192122
2022-01-19 19:30:00,23.69,23.73,23.63,23.69,154693
2022-01-19 20:00:00,23.69,23.81,23.69,23.81,195459
2022-01-19 20:30:00,23.81,23.82,23.65,23.72,115848
2022-01-19 21:00:00,23.72,23.73,23.64,23.66,105823
2022-01-19 21:30:00,23.67,23.72,23.62,23.64,111987
2022-01-19 22:00:00,23.64,23.67,23.47,23.47,153649
2022-01-19 22:30:00,23.47,23.55,23.44,23.53,147286
2022-01-19 23:00:00,23.53,23.63,23.5,23.5,169010
2022-01-19 23:30:00,23.5,23.51,23.24,23.25,785802
2022-01-20 00:00:00,23.25,23.25,23.25,23.25,347427
2022-01-20 17:30:00,23.28,23.45,23.03,23.28,334024
2022-01-20 18:00:00,23.29,23.43,23.22,23.39,326443
2022-01-20 18:30:00,23.38,23.57,23.37,23.55,242678
2022-01-20 19:00:00,23.53,23.61,23.42,23.52,154152
2022-01-20 19:30:00,23.52,23.56,23.45,23.45,199954
2022-01-20 20:00:00,23.46,23.5,23.41,23.48,176972
2022-01-20 20:30:00,23.47,23.5,23.4,23.42,97611
2022-01-20 21:00:00,23.42,23.43,23.37,23.39,175686
2022-01-20 21:30:00,23.39,23.4,23.29,23.31,214033
2022-01-20 22:00:00,23.31,23.42,23.24,23.24,170226
2022-01-20 22:30:00,23.23,23.24,23.13,23.13,240680
2022-01-20 23:00:00,23.13,23.16,22.92,22.96,301241
2022-01-20 23:30:00,22.96,22.96,22.6,22.63,888038
2022-01-21 00:00:00,22.64,22.64,22.64,22.64,544581
2022-01-21 17:30:00,22.4,22.46,22.01,22.2,478131
2022-01-21 18:00:00,22.19,22.28,21.87,22.07,353105
2022-01-21 18:30:00,22.07,22.4,22.02,22.33,343086
2022-01-21 19:00:00,22.33,22.48,22.25,22.42,202869
2022-01-21 19:30:00,22.41,22.44,22.23,22.25,280920
2022-01-21 20:00:00,22.25,22.26,22.07,22.15,189904
2022-01-21 20:30:00,22.14,22.18,22.03,22.09,176472
2022-01-21 21:00:00,22.09,22.22,22.06,22.11,178081
2022-01-21 21:30:00,22.11,22.24,22.1,22.14,207973
2022-01-21 22:00:00,22.14,22.2,22.1,22.11,174463
2022-01-21 22:30:00,22.11,22.15,21.95,21.95,208417
2022-01-21 23:00:00,21.96,22.0,21.83,21.87,342159
2022-01-21 23:30:00,21.87,22.06,21.87,21.93,1047376
2022-01-22 00:00:00,21.93,21.94,21.93,21.94,535888
2022-01-24 17:30:00,21.3,21.37,20.81,20.85,508554
2022-01-24 18:00:00,20.85,21.04,20.63,20.98,483060
2022-01-24 18:30:00,20.97,21.17,20.96,21.0,313220
2022-01-24 19:00:00,21.0,21.12,20.84,20.95,325044
2022-01-24 19:30:00,20.95,20.97,20.55,20.75,436058
2022-01-24 20:00:00,20.75,20.75,20.45,20.55,245584
2022-01-24 20:30:00,20.55,20.76,20.4,20.72,392791
2022-01-24 21:00:00,20.7,20.96,20.68,20.75,395507
2022-01-24 21:30:00,20.73,21.01,20.72,21.0,300247
2022-01-24 22:00:00,20.99,21.11,20.84,20.89,449701
2022-01-24 22:30:00,20.88,21.07,20.77,21.06,345085
2022-01-24 23:00:00,21.06,21.31,21.05,21.23,373181
2022-01-24 23:30:00,21.23,21.61,21.17,21.57,1355993
2022-01-25 00:00:00,21.57,21.57,21.57,21.57,706164
2022-01-25 17:30:00,21.0,21.11,20.36,20.49,1058914
2022-01-25 18:00:00,20.47,20.88,20.25,20.81,555905
2022-01-25 18:30:00,20.82,21.02,20.68,20.79,396124
2022-01-25 19:00:00,20.79,21.47,20.73,21.47,337373
2022-01-25 19:30:00,21.43,21.44,21.04,21.13,347855
2022-01-25 20:00:00,21.14,21.36,21.12,21.28,169746
2022-01-25 20:30:00,21.27,21.31,21.12,21.2,141025
2022-01-25 21:00:00,21.2,21.48,21.18,21.43,154707
2022-01-25 21:30:00,21.44,21.54,21.37,21.54,215400
2022-01-25 22:00:00,21.55,21.62,21.44,21.59,142027
2022-01-25 22:30:00,21.59,21.62,21.51,21.54,181532
2022-01-25 23:00:00,21.54,21.56,21.32,21.34,283228
2022-01-25 23:30:00,21.34,21.47,21.24,21.35,1179672
2022-01-26 00:00:00,21.34,21.34,21.34,21.34,488097
2022-01-26 17:30:00,21.47,22.0,21.42,21.94,426420
2022-01-26 18:00:00,21.94,21.96,21.59,21.65,250484
2022-01-26 18:30:00,21.66,21.67,21.5,21.67,206571
2022-01-26 19:00:00,21.65,21.86,21.6,21.78,227673
2022-01-26 19:30:00,21.77,21.81,21.65,21.76,172629
2022-01-26 20:00:00,21.75,21.8,21.7,21.77,167858
2022-01-26 20:30:00,21.77,21.83,21.72,21.8,202913
2022-01-26 21:00:00,21.8,21.81,21.67,21.75,122471
2022-01-26 21:30:00,21.74,21.81,21.71,21.78,142846
2022-01-26 22:00:00,21.78,22.02,21.63,21.89,325680
2022-01-26 22:30:00,21.89,21.91,21.45,21.51,458216
2022-01-26 23:00:00,21.5,21.5,21.01,21.26,631298
2022-01-26 23:30:00,21.26,21.41,21.16,21.29,1320078
2022-01-27 00:00:00,21.29,21.29,21.28,21.28,528819
2022-01-27 17:30:00,21.56,22.08,21.55,21.89,371287
2022-01-27 18:00:00,21.9,21.99,21.66,21.66,299150
2022-01-27 18:30:00,21.66,21.84,21.54,21.8,253008
2022-01-27 19:00:00,21.8,21.87,21.6,21.62,239087
2022-01-27 19:30:00,21.62,21.76,21.61,21.74,194286
2022-01-27 20:00:00,21.74,21.74,21.55,21.6,329056
2022-01-27 20:30:00,21.59,21.61,21.39,21.43,243651
2022-01-27 21:00:00,21.43,21.47,21.28,21.29,315516
2022-01-27 21:30:00,21.28,21.5,21.27,21.47,339589
2022-01-27 22:00:00,21.46,21.6,21.44,21.46,281294
2022-01-27 22:30:00,21.46,21.61,21.37,21.5,306586
2022-01-27 23:00:00,21.51,21.66,21.42,21.65,390318
2022-01-27 23:30:00,21.65,21.77,21.55,21.58,1354197
2022-01-28 00:00:00,21.57,21.58,21.57,21.58,331433
2022-01-28 17:30:00,21.47,21.52,21.12,21.15,572461
2022-01-28 18:00:00,21.15,21.39,21.07,21.26,535013
2022-01-28 18:30:00,21.26,21.37,21.05,21.35,352639
2022-01-28 19:00:00,21.35,21.41,21.24,21.35,419880
2022-01-28 19:30:00,21.35,21.49,21.25,21.49,239133
2022-01-28 20:00:00,21.49,21.5,21.35,21.37,219192
2022-01-28 20:30:00,21.37,21.42,21.24,21.24,273655
2022-01-28 21:00:00,21.25,21.38,21.25,21.34,188359
2022-01-28 21:30:00,21.35,21.44,21.32,21.4,224591
2022-01-28 22:00:00,21.4,21.46,21.05,21.05,280288
2022-01-28 22:30:00,21.05,21.33,21.02,21.32,352448
2022-01-28 23:00:00,21.32,21.45,21.29,21.41,411566
2022-01-28 23:30:00,21.41,21.73,21.32,21.72,936353
2022-01-29 00:00:00,21.72,21.72,21.72,21.72,324123
2022-01-31 17:30:00,21.57,21.79,21.5,21.79,473292
2022-01-31 18:00:00,21.79,22.25,21.79,22.11,562849
2022-01-31 18:30:00,22.1,22.29,22.1,22.27,339866
2022-01-31 19:00:00,22.27,22.36,22.18,22.2,309637
2022-01-31 19:30:00,22.21,22.35,22.18,22.33,184428
2022-01-31 20:00:00,22.33,22.42,22.32,22.42,149745
2022-01-31 20:30:00,22.42,22.53,22.38,22.52,217727
2022-01-31 21:00:00,22.52,22.57,22.46,22.52,199428
2022-01-31 21:30:00,22.52,22.6,22.5,22.59,176278
2022-01-31 22:00:00,22.59,22.64,22.54,22.64,281195
2022-01-31 22:30:00,22.63,22.66,22.57,22.62,205146
2022-01-31 23:00:00,22.62,22.66,22.48,22.55,268883
2022-01-31 23:30:00,22.54,22.7,22.51,22.66,888881
2022-02-01 17:30:00,22.74,22.86,22.49,22.58,876818
2022-02-01 18:00:00,22.57,22.59,22.24,22.5,406578
2022-02-01 18:30:00,22.51,22.68,22.51,22.65,398503
2022-02-01 19:00:00,22.65,22.7,22.52,22.6,589301
2022-02-01 19:30:00,22.59,22.61,22.48,22.53,404482
2022-02-01 20:00:00,22.53,22.59,22.44,22.45,259344
2022-02-01 20:30:00,22.45,22.47,22.39,22.43,205752
2022-02-01 21:00:00,22.43,22.44,22.36,22.42,236743
2022-02-01 21:30:00,22.42,22.45,22.38,22.42,227970
2022-02-01 22:00:00,22.41,22.44,22.36,22.4,252642
2022-02-01 22:30:00,22.4,22.45,22.39,22.42,260300
2022-02-01 23:00:00,22.43,22.51,22.42,22.49,385570
2022-02-01 23:30:00,22.49,22.51,22.39,22.41,1067701
2022-02-02 00:00:00,22.41,22.42,22.41,22.41,1105256
2022-02-02 17:30:00,22.44,22.44,22.0,22.0,384320
2022-02-02 18:00:00,21.99,22.1,21.83,21.83,514614
2022-02-02 18:30:00,21.83,22.09,21.77,22.03,459752
2022-02-02 19:00:00,22.02,22.04,21.88,21.92,280080
2022-02-02 19:30:00,21.92,21.97,21.85,21.94,215043
2022-02-02 20:00:00,21.93,22.02,21.9,22.0,203789
2022-02-02 20:30:00,21.99,22.02,21.95,22.0,206312
2022-02-02 21:00:00,22.0,22.04,21.95,21.96,277617
2022-02-02 21:30:00,21.97,22.07,21.97,22.06,224469
2022-02-02 22:00:00,22.05,22.1,22.01,22.06,311243
2022-02-02 22:30:00,22.06,22.15,22.03,22.14,267945
2022-02-02 23:00:00,22.15,22.24,22.12,22.2,349295
2022-02-02 23:30:00,22.19,22.25,22.16,22.24,829254
2022-02-03 00:00:00,22.24,22.24,22.24,22.24,1195664
2022-02-03 17:30:00,22.06,22.37,22.01,22.11,482931
2022-02-03 18:00:00,22.11,22.43,22.1,22.36,448988
2022-02-03 18:30:00,22.36,22.62,22.35,22.6,281929
2022-02-03 19:00:00,22.6,22.68,22.56,22.61,345610
2022-02-03 19:30:00,22.61,22.64,22.54,22.55,211199
2022-02-03 20:00:00,22.55,22.59,22.46,22.52,219603
2022-02-03 20:30:00,22.52,22.61,22.48,22.53,182420
2022-02-03 21:00:00,22.54,22.56,22.46,22.54,189179
2022-02-03 21:30:00,22.55,22.61,22.54,22.58,188342
2022-02-03 22:00:00,22.58,22.59,22.47,22.49,185488
2022-02-03 22:30:00,22.49,22.52,22.37,22.39,305107
2022-02-03 23:00:00,22.39,22.49,22.32,22.4,365232
2022-02-03 23:30:00,22.4,22.41,22.21,22.26,601778
2022-02-04 00:00:00,22.25,22.25,22.23,22.25,402774
2022-02-04 17:30:00,22.28,22.63,22.24,22.55,483738
2022-02-04 18:00:00,22.55,22.78,22.53,22.67,460887
2022-02-04 18:30:00,22.66,22.79,22.65,22.74,487299
2022-02-04 19:00:00,22.73,22.76,22.53,22.62,305143
2022-02-04 19:30:00,22.62,22.75,22.61,22.68,229766
2022-02-04 20:00:00,22.69,22.76,22.63,22.74,203284
2022-02-04 20:30:00,22.75,22.85,22.72,22.84,190520
2022-02-04 21:00:00,22.83,22.92,22.83,22.87,179686
2022-02-04 21:30:00,22.87,22.93,22.85,22.89,184971
2022-02-04 22:00:00,22.9,22.91,22.8,22.81,360895
2022-02-04 22:30:00,22.8,22.96,22.79,22.95,236003
2022-02-04 23:00:00,22.95,23.08,22.95,23.05,254545
2022-02-04 23:30:00,23.06,23.09,22.82,22.83,734818
2022-02-05 00:00:00,22.83,22.83,22.83,22.83,324746
2022-02-07 17:30:00,22.85,23.03,22.79,23.0,424614
2022-02-07 18:00:00,23.0,23.22,22.97,23.18,766536
2022-02-07 18:30:00,23.17,23.18,23.0,23.17,304911
2022-02-07 19:00:00,23.16,23.17,23.06,23.08,334609
2022-02-07 19:30:00,23.09,23.09,22.92,22.97,190540
2022-02-07 20:00:00,22.96,22.96,22.85,22.89,159706
2022-02-07 20:30:00,22.89,22.96,22.86,22.86,184814
2022-02-07 21:00:00,22.87,23.06,22.85,22.99,344433
2022-02-07 21:30:00,22.99,23.08,22.99,23.08,244890
2022-02-07 22:00:00,23.08,23.2,23.06,23.2,327652
2022-02-07 22:30:00,23.2,23.24,23.17,23.2,359723
2022-02-07 23:00:00,23.2,23.23,23.14,23.15,644648
2022-02-07 23:30:00,23.16,23.17,22.88,22.97,782518
2022-02-08 00:00:00,22.98,22.98,22.98,22.98,690024
2022-02-08 17:30:00,23.0,23.24,22.98,23.17,346364
2022-02-08 18:00:00,23.16,23.37,23.06,23.26,437608
2022-02-08 18:30:00,23.26,23.31,23.21,23.25,424315
2022-02-08 19:00:00,23.25,23.3,23.21,23.22,255406
2022-02-08 19:30:00,23.22,23.31,23.22,23.31,249121
2022-02-08 20:00:00,23.31,23.36,23.15,23.19,540396
2022-02-08 20:30:00,23.19,23.23,23.15,23.16,294878
2022-02-08 21:00:00,23.16,23.2,23.11,23.16,177142
2022-02-08 21:30:00,23.15,23.23,23.15,23.21,236229
2022-02-08 22:00:00,23.21,23.27,23.1,23.13,391953
2022-02-08 22:30:00,23.13,23.18,23.05,23.06,268983
2022-02-08 23:00:00,23.06,23.18,23.03,23.16,465283
2022-02-08 23:30:00,23.16,23.2,23.09,23.1,1512404
2022-02-09 00:00:00,23.09,23.09,23.09,23.09,424728
2022-02-09 17:30:00,23.4,23.62,23.37,23.47,511179
2022-02-09 18:00:00,23.47,23.62,23.47,23.54,473296
2022-02-09 18:30:00,23.54,23.67,23.52,23.67,305869
2022-02-09 19:00:00,23.66,23.67,23.58,23.61,256551
2022-02-09 19:30:00,23.61,23.62,23.53,23.54,182478
2022-02-09 20:00:00,23.53,23.58,23.43,23.56,268332
2022-02-09 20:30:00,23.56,23.6,23.54,23.58,172113
2022-02-09 21:00:00,23.58,23.61,23.54,23.61,128739
2022-02-09 21:30:00,23.61,23.7,23.59,23.64,235946
2022-02-09 22:00:00,23.64,23.65,23.6,23.61,209303
2022-02-09 22:30:00,23.61,23.69,23.61,23.63,221219
2022-02-09 23:00:00,23.63,23.69,23.6,23.69,207402
2022-02-09 23:30:00,23.69,23.7,23.6,23.63,658899
2022-02-10 00:00:00,23.62,23.63,23.62,23.63,307240
2022-02-10 17:30:00,23.31,23.89,23.3,23.88,503659
2022-02-10 18:00:00,23.87,24.17,23.87,24.15,371979
2022-02-10 18:30:00,24.15,24.27,24.1,24.18,379912
2022-02-10 19:00:00,24.18,24.29,24.14,24.26,247878
2022-02-10 19:30:00,24.26,24.31,24.21,24.23,196292
2022-02-10 20:00:00,24.23,24.27,24.16,24.21,221735
2022-02-10 20:30:00,24.21,24.22,23.92,24.0,204481
2022-02-10 21:00:00,24.0,24.07,23.85,23.91,185629
2022-02-10 21:30:00,23.9,23.92,23.75,23.85,176846
2022-02-10 22:00:00,23.86,23.87,23.66,23.76,197635
2022-02-10 22:30:00,23.76,23.79,23.59,23.63,193998
2022-02-10 23:00:00,23.63,23.68,23.52,23.52,257773
2022-02-10 23:30:00,23.52,23.52,23.27,23.4,688737
2022-02-11 00:00:00,23.4,23.4,23.4,23.4,486685
2022-02-11 17:30:00,23.28,23.64,23.22,23.51,306021
2022-02-11 18:00:00,23.51,23.75,23.49,23.71,305283
2022-02-11 18:30:00,23.71,23.76,23.6,23.65,222446
2022-02-11 19:00:00,23.64,23.75,23.61,23.71,174528
2022-02-11 19:30:00,23.72,23.73,23.53,23.58,138922
2022-02-11 20:00:00,23.57,23.61,23.53,23.58,104276
2022-02-11 20:30:00,23.59,23.61,23.47,23.51,98808
2022-02-11 21:00:00,23.51,23.56,23.4,23.41,127992
2022-02-11 21:30:00,23.4,23.4,22.96,22.96,436282
2022-02-11 22:00:00,22.96,23.08,22.76,22.9,471053
2022-02-11 22:30:00,22.91,23.02,22.7,22.8,353926
2022-02-11 23:00:00,22.79,22.93,22.72,22.83,318776
2022-02-11 23:30:00,22.82,22.92,22.65,22.82,904101
2022-02-12 00:00:00,22.83,22.83,22.83,22.83,2900
2022-02-14 17:30:00,22.87,23.19,22.85,22.99,337738
2022-02-14 18:00:00,22.99,23.08,22.77,22.87,517702
2022-02-14 18:30:00,22.87,22.88,22.73,22.74,267194
2022-02-14 19:00:00,22.74,22.92,22.74,22.89,277983
2022-02-14 19:30:00,22.89,23.0,22.83,22.98,262122
2022-02-14 20:00:00,22.98,23.0,22.92,22.97,234721
2022-02-14 20:30:00,22.97,23.06,22.93,23.03,205740
2022-02-14 21:00:00,23.02,23.06,22.94,22.97,204148
2022-02-14 21:30:00,22.96,22.97,22.64,22.65,226933
2022-02-14 22:00:00,22.64,22.72,22.49,22.64,289235
2022-02-14 22:30:00,22.64,22.79,22.57,22.75,263486
2022-02-14 23:00:00,22.75,22.79,22.61,22.73,287762
2022-02-14 23:30:00,22.73,22.88,22.71,22.82,899057
2022-02-15 00:00:00,22.82,22.82,22.82,22.82,606828
2022-02-15 17:30:00,22.88,23.31,22.88,23.06,370798
2022-02-15 18:00:00,23.07,23.24,23.04,23.23,224256
2022-02-15 18:30:00,23.24,23.32,23.23,23.31,190773
2022-02-15 19:00:00,23.31,23.37,23.25,23.31,161704
2022-02-15 19:30:00,23.31,23.42,23.31,23.42,229200
2022-02-15 20:00:00,23.43,23.46,23.33,23.38,132198
2022-02-15 20:30:00,23.39,23.44,23.37,23.42,122866
2022-02-15 21:00:00,23.42,23.49,23.4,23.46,215230
2022-02-15 21:30:00,23.46,23.48,23.43,23.47,143500
2022-02-15 22:00:00,23.48,23.48,23.35,23.39,151740
2022-02-15 22:30:00,23.38,23.38,23.3,23.34,159922
2022-02-15 23:00:00,23.33,23.38,23.32,23.36,215580
2022-02-15 23:30:00,23.36,23.36,23.22,23.32,608548
2022-02-16 00:00:00,23.33,23.33,23.33,23.33,346091
2022-02-16 17:30:00,23.03,23.56,23.03,23.31,335110
2022-02-16 18:00:00,23.31,23.56,23.26,23.52,232300
2022-02-16 18:30:00,23.52,23.6,23.47,23.51,136373
2022-02-16 19:00:00,23.52,23.53,23.43,23.48,129853
2022-02-16 19:30:00,23.49,23.5,23.44,23.47,111064
2022-02-16 20:00:00,23.47,23.49,23.43,23.44,102262
2022-02-16 20:30:00,23.43,23.43,23.3,23.31,127204
2022-02-16 21:00:00,23.3,23.38,23.29,23.37,111958
2022-02-16 21:30:00,23.37,23.47,23.32,23.46,260445
2022-02-16 22:00:00,23.46,23.58,23.36,23.58,249040
2022-02-16 22:30:00,23.59,23.62,23.5,23.6,153272
2022-02-16 23:00:00,23.6,23.69,23.59,23.63,147432
2022-02-16 23:30:00,23.62,23.67,23.57,23.58,469137
2022-02-17 00:00:00,23.59,23.59,23.58,23.58,664495
2022-02-17 17:30:00,23.26,23.31,22.9,22.9,323368
2022-02-17 18:00:00,22.91,22.91,22.76,22.78,257875
2022-02-17 18:30:00,22.78,22.83,22.68,22.82,249667
2022-02-17 19:00:00,22.81,22.86,22.75,22.78,274463
2022-02-17 19:30:00,22.78,22.81,22.7,22.7,159554
2022-02-17 20:00:00,22.7,22.81,22.69,22.78,210728
2022-02-17 20:30:00,22.78,22.79,22.69,22.75,122130
2022-02-17 21:00:00,22.75,22.76,22.57,22.58,200313
2022-02-17 21:30:00,22.58,22.62,22.54,22.62,212327
2022-02-17 22:00:00,22.61,22.61,22.42,22.45,207611
2022-02-17 22:30:00,22.45,22.48,22.4,22.42,142844
2022-02-17 23:00:00,22.42,22.43,22.3,22.38,287703
2022-02-17 23:30:00,22.37,22.5,22.34,22.39,598566
2022-02-18 00:00:00,22.38,22.39,22.38,22.39,1780140
2022-02-18 17:30:00,22.3,22.59,22.24,22.56,410292
2022-02-18 18:00:00,22.55,22.66,22.49,22.55,214637
2022-02-18 18:30:00,22.55,22.58,22.45,22.49,218226
2022-02-18 19:00:00,22.48,22.5,22.33,22.42,173535
2022-02-18 19:30:00,22.43,22.46,22.29,22.32,119785
2022-02-18 20:00:00,22.32,22.42,22.24,22.37,187777
2022-02-18 20:30:00,22.36,22.41,22.3,22.32,129643
2022-02-18 21:00:00,22.32,22.37,22.24,22.32,138027
2022-02-18 21:30:00,22.32,22.47,22.32,22.45,157709
2022-02-18 22:00:00,22.44,22.61,22.41,22.6,176262
2022-02-18 22:30:00,22.6,22.64,22.48,22.64,178633
2022-02-18 23:00:00,22.64,22.65,22.48,22.49,238882
2022-02-18 23:30:00,22.48,22.6,22.41,22.48,563331
2022-02-19 00:00:00,22.48,22.48,22.47,22.47,439234
2022-02-22 17:30:00,22.43,22.46,22.11,22.39,376247
2022-02-22 18:00:00,22.39,22.41,22.17,22.32,394619
2022-02-22 18:30:00,22.32,22.33,22.04,22.05,320367
2022-02-22 19:00:00,22.04,22.1,21.94,22.04,248598
2022-02-22 19:30:00,22.02,22.12,22.0,22.08,200445
2022-02-22 20:00:00,22.08,22.15,21.97,22.0,171697
2022-02-22 20:30:00,21.99,22.01,21.83,21.84,150731
2022-02-22 21:00:00,21.84,21.89,21.74,21.8,181483
2022-02-22 21:30:00,21.81,21.84,21.62,21.7,238736
2022-02-22 22:00:00,21.69,21.81,21.57,21.79,295626
2022-02-22 22:30:00,21.79,22.05,21.74,21.99,370433
2022-02-22 23:00:00,22.0,22.09,21.91,21.97,261192
2022-02-22 23:30:00,21.96,21.98,21.68,21.78,753063
2022-02-23 00:00:00,21.78,21.78,21.77,21.77,349904
2022-02-23 17:30:00,21.98,22.14,21.86,21.91,297496
2022-02-23 18:00:00,21.89,21.89,21.47,21.5,228947
2022-02-23 18:30:00,21.5,21.63,21.45,21.48,212591
2022-02-23 19:00:00,21.46,21.48,21.37,21.45,287671
2022-02-23 19:30:00,21.45,21.57,21.4,21.56,244468
2022-02-23 20:00:00,21.56,21.64,21.52,21.63,173885
2022-02-23 20:30:00,21.62,21.63,21.51,21.52,285717
2022-02-23 21:00:00,21.51,21.51,21.23,21.24,359307
2022-02-23 21:30:00,21.24,21.51,21.24,21.41,217976
2022-02-23 22:00:00,21.41,21.44,21.24,21.26,309212
2022-02-23 22:30:00,21.26,21.32,21.18,21.3,332766
2022-02-23 23:00:00,21.3,21.3,21.13,21.26,335679
2022-02-23 23:30:00,21.25,21.26,21.05,21.14,729343
2022-02-24 00:00:00,21.14,21.14,21.14,21.14,345988
2022-02-24 17:30:00,20.19,20.57,20.02,20.46,576652
2022-02-24 18:00:00,20.47,20.63,20.25,20.44,581826
2022-02-24 18:30:00,20.43,20.56,20.37,20.49,334118
2022-02-24 19:00:00,20.49,20.68,20.39,20.39,353356
2022-02-24 19:30:00,20.4,20.5,20.34,20.49,342759
2022-02-24 20:00:00,20.49,20.51,20.23,20.29,242247
2022-02-24 20:30:00,20.29,20.37,20.21,20.21,345489
2022-02-24 21:00:00,20.2,20.29,20.16,20.19,292417
2022-02-24 21:30:00,20.19,20.46,20.19,20.31,322429
2022-02-24 22:00:00,20.31,20.6,20.26,20.59,378833
2022-02-24 22:30:00,20.6,20.78,20.57,20.73,553250
2022-02-24 23:00:00,20.73,20.91,20.71,20.81,349114
2022-02-24 23:30:00,20.8,21.09,20.8,21.01,836797
2022-02-25 00:00:00,21.01,21.02,20.98,21.02,897321
2022-02-25 17:30:00,21.23,21.58,21.23,21.38,270814
2022-02-25 18:00:00,21.4,21.61,21.32,21.58,289087
2022-02-25 18:30:00,21.58,21.77,21.54,21.68,354646
2022-02-25 19:00:00,21.68,21.84,21.61,21.81,288168
2022-02-25 19:30:00,21.81,21.88,21.75,21.86,178495
2022-02-25 20:00:00,21.86,21.89,21.81,21.86,186985
2022-02-25 20:30:00,21.86,21.92,21.74,21.79,173599
2022-02-25 21:00:00,21.8,21.83,21.6,21.75,545889
2022-02-25 21:30:00,21.75,21.82,21.73,21.76,314489
2022-02-25 22:00:00,21.75,21.79,21.67,21.77,354035
2022-02-25 22:30:00,21.77,21.79,21.56,21.63,421218
2022-02-25 23:00:00,21.63,21.75,21.61,21.71,386848
2022-02-25 23:30:00,21.7,21.8,21.66,21.79,1025338
2022-02-26 00:00:00,21.79,21.79,21.79,21.79,519170
2022-02-28 17:30:00,21.2,21.41,21.01,21.11,457197
2022-02-28 18:00:00,21.1,21.2,20.96,21.17,370960
2022-02-28 18:30:00,21.17,21.43,21.16,21.41,296533
2022-02-28 19:00:00,21.41,21.59,21.38,21.56,294258
2022-02-28 19:30:00,21.57,21.61,21.5,21.6,243325
2022-02-28 20:00:00,21.6,21.6,21.29,21.4,269785
2022-02-28 20:30:00,21.39,21.42,21.23,21.28,166529
2022-02-28 21:00:00,21.28,21.39,21.22,21.27,249101
2022-02-28 21:30:00,21.26,21.32,21.22,21.3,297278
2022-02-28 22:00:00,21.3,21.3,21.01,21.02,254043
2022-02-28 22:30:00,21.01,21.16,20.98,21.13,294333
2022-02-28 23:00:00,21.13,21.17,21.02,21.14,343262
2022-02-28 23:30:00,21.13,21.29,21.04,21.24,915206
2022-03-01 00:00:00,21.25,21.25,21.24,21.24,1610114
2022-03-01 17:30:00,20.96,21.08,20.41,20.42,464122
2022-03-01 18:00:00,20.42,20.53,20.18,20.25,396202
2022-03-01 18:30:00,20.25,20.27,20.01,20.06,316844
2022-03-01 19:00:00,20.05,20.12,19.79,19.82,403820
2022-03-01 19:30:00,19.82,19.82,19.57,19.66,437610
2022-03-01 20:00:00,19.66,19.78,19.58,19.76,385481
2022-03-01 20:30:00,19.77,19.88,19.74,19.81,329191
2022-03-01 21:00:00,19.8,19.84,19.41,19.42,463767
2022-03-01 21:30:00,19.41,19.53,19.36,19.43,352394
2022-03-01 22:00:00,19.43,19.7,19.36,19.7,397233
2022-03-01 22:30:00,19.69,19.89,19.67,19.75,447150
2022-03-01 23:00:00,19.75,19.91,19.68,19.69,370078
2022-03-01 23:30:00,19.68,19.76,19.57,19.71,1338857
2022-03-02 00:00:00,19.71,19.71,19.71,19.71,1928604
2022-03-02 17:30:00,20.01,20.4,19.96,20.07,613798
2022-03-02 18:00:00,20.07,20.12,19.74,19.9,377724
2022-03-02 18:30:00,19.91,20.04,19.83,19.96,300163
2022-03-02 19:00:00,19.96,20.31,19.93,20.27,289187
2022-03-02 19:30:00,20.27,20.47,20.27,20.44,263256
2022-03-02 20:00:00,20.44,20.49,20.39,20.45,176985
2022-03-02 20:30:00,20.45,20.55,20.44,20.54,153832
2022-03-02 21:00:00,20.55,20.59,20.54,20.55,140550
2022-03-02 21:30:00,20.55,20.62,20.54,20.57,220810
2022-03-02 22:00:00,20.57,20.61,20.51,20.54,171876
2022-03-02 22:30:00,20.55,20.59,20.43,20.45,188252
2022-03-02 23:00:00,20.45,20.53,20.43,20.52,259082
2022-03-02 23:30:00,20.51,20.63,20.49,20.54,745933
2022-03-03 00:00:00,20.54,20.54,20.54,20.54,560902
2022-03-03 17:30:00,20.52,20.61,20.19,20.27,350407
2022-03-03 18:00:00,20.27,20.31,20.01,20.07,337096
2022-03-03 18:30:00,20.07,20.09,19.81,19.84,189180
2022-03-03 19:00:00,19.84,19.91,19.69,19.9,196223
2022-03-03 19:30:00,19.9,19.98,19.85,19.92,183128
2022-03-03 20:00:00,19.91,20.01,19.8,19.8,168349
2022-03-03 20:30:00,19.8,20.05,19.8,20.01,259515
2022-03-03 21:00:00,20.01,20.12,19.99,20.12,145146
2022-03-03 21:30:00,20.12,20.14,20.03,20.11,188443
2022-03-03 22:00:00,20.11,20.2,20.1,20.13,197222
2022-03-03 22:30:00,20.13,20.14,20.0,20.02,113582
2022-03-03 23:00:00,20.01,20.08,19.93,20.08,241869
2022-03-03 23:30:00,20.07,20.09,19.94,20.06,699941
2022-03-04 00:00:00,20.06,20.06,20.06,20.06,334177
2022-03-04 17:30:00,19.5,19.51,19.04,19.17,585412
2022-03-04 18:00:00,19.17,19.27,18.91,18.97,445440
2022-03-04 18:30:00,18.97,19.11,18.94,19.01,518730
2022-03-04 19:00:00,19.01,19.05,18.95,19.01,543806
2022-03-04 19:30:00,19.01,19.1,18.96,19.02,707479
2022-03-04 20:00:00,19.02,19.23,18.99,19.06,642735
2022-03-04 20:30:00,19.06,19.07,18.96,19.04,126248
2022-03-04 21:00:00,19.05,19.12,18.98,18.99,238336
2022-03-04 21:30:00,18.99,19.01,18.82,18.82,283098
2022-03-04 22:00:00,18.83,18.91,18.75,18.88,388792
2022-03-04 22:30:00,18.87,18.9,18.73,18.73,276228
2022-03-04 23:00:00,18.73,18.91,18.73,18.88,378072
2022-03-04 23:30:00,18.88,18.99,18.81,18.95,1302437
2022-03-05 00:00:00,18.95,18.95,18.95,18.95,873712
2022-03-07 17:30:00,18.81,18.96,18.64,18.65,589842
2022-03-07 18:00:00,18.64,18.79,18.44,18.47,413263
2022-03-07 18:30:00,18.48,18.6,18.42,18.52,780505
2022-03-07 19:00:00,18.53,18.83,18.52,18.79,516519
2022-03-07 19:30:00,18.8,18.82,18.62,18.66,464846
2022-03-07 20:00:00,18.66,18.7,18.49,18.55,354121
2022-03-07 20:30:00,18.54,18.65,18.5,18.62,345460
2022-03-07 21:00:00,18.61,18.71,18.58,18.67,520131
2022-03-07 21:30:00,18.67,18.77,18.65,18.68,461422
2022-03-07 22:00:00,18.69,18.84,18.65,18.73,572228
2022-03-07 22:30:00,18.73,18.77,18.68,18.74,548968
2022-03-07 23:00:00,18.75,18.81,18.66,18.81,677706
2022-03-07 23:30:00,18.8,18.81,18.63,18.63,1747794
2022-03-08 00:00:00,18.64,18.64,18.64,18.64,1144519
2022-03-08 17:30:00,18.75,19.23,18.74,19.15,996872
2022-03-08 18:00:00,19.13,19.42,19.01,19.11,795048
2022-03-08 18:30:00,19.11,19.36,19.0,19.3,625701
2022-03-08 19:00:00,19.3,19.31,19.17,19.24,371941
2022-03-08 19:30:00,19.23,19.38,19.15,19.35,326006
2022-03-08 20:00:00,19.36,19.74,19.32,19.66,364605
2022-03-08 20:30:00,19.67,19.71,19.55,19.71,373210
2022-03-08 21:00:00,19.7,19.84,19.58,19.59,449532
2022-03-08 21:30:00,19.59,19.66,19.45,19.53,492521
2022-03-08 22:00:00,19.52,19.65,19.43,19.65,652353
2022-03-08 22:30:00,19.65,19.79,19.58,19.72,521576
2022-03-08 23:00:00,19.72,19.87,19.54,19.61,874183
2022-03-08 23:30:00,19.61,19.65,19.32,19.36,1512220
2022-03-09 00:00:00,19.37,19.37,19.37,19.37,529739
2022-03-09 17:30:00,20.05,20.48,20.05,20.2,627768
2022-03-09 18:00:00,20.2,20.2,19.93,20.12,487552
2022-03-09 18:30:00,20.12,20.18,20.01,20.16,308537
2022-03-09 19:00:00,20.17,20.22,20.01,20.16,270272
2022-03-09 19:30:00,20.17,20.33,20.15,20.32,306281
2022-03-09 20:00:00,20.32,20.34,20.26,20.27,268591
2022-03-09 20:30:00,20.28,20.35,20.23,20.3,210023
2022-03-09 21:00:00,20.3,20.38,20.23,20.36,307398
2022-03-09 21:30:00,20.37,20.37,20.09,20.12,201125
2022-03-09 22:00:00,20.12,20.22,20.08,20.12,236035
2022-03-09 22:30:00,20.12,20.15,20.08,20.08,246641
2022-03-09 23:00:00,20.08,20.21,20.08,20.21,269178
2022-03-09 23:30:00,20.21,20.25,20.04,20.07,995966
2022-03-10 00:00:00,20.07,20.07,20.05,20.07,918560
2022-03-10 17:30:00,19.61,20.12,19.48,20.09,565428
2022-03-10 18:00:00,20.09,20.1,19.89,19.89,438241
2022-03-10 18:30:00,19.88,19.91,19.6,19.64,278116
2022-03-10 19:00:00,19.64,19.71,19.53,19.66,288150
2022-03-10 19:30:00,19.67,19.85,19.65,19.84,230397
2022-03-10 20:00:00,19.83,19.88,19.78,19.84,141838
2022-03-10 20:30:00,19.84,19.84,19.68,19.68,114138
2022-03-10 21:00:00,19.68,19.83,19.63,19.77,155343
2022-03-10 21:30:00,19.76,19.83,19.73,19.82,179621
2022-03-10 22:00:00,19.82,19.93,19.8,19.91,194841
2022-03-10 22:30:00,19.91,20.0,19.88,19.94,166947
2022-03-10 23:00:00,19.95,19.96,19.82,19.93,180861
2022-03-10 23:30:00,19.93,20.13,19.91,20.06,910622
2022-03-11 00:00:00,20.06,20.06,20.06,20.06,592438
2022-03-11 17:30:00,20.15,20.42,20.15,20.32,333304
2022-03-11 18:00:00,20.33,20.39,20.2,20.28,245402
2022-03-11 18:30:00,20.27,20.4,20.21,20.39,176709
2022-03-11 19:00:00,20.38,20.39,20.12,20.18,194718
2022-03-11 19:30:00,20.19,20.24,20.12,20.21,159385
2022-03-11 20:00:00,20.2,20.31,20.17,20.2,218895
2022-03-11 20:30:00,20.2,20.35,20.18,20.32,258816
2022-03-11 21:00:00,20.32,20.39,20.29,20.3,165546
2022-03-11 21:30:00,20.3,20.31,20.13,20.13,153706
2022-03-11 22:00:00,20.12,20.26,20.11,20.25,140194
2022-03-11 22:30:00,20.25,20.26,20.13,20.18,126749
2022-03-11 23:00:00,20.18,20.2,20.12,20.16,189148
2022-03-11 23:30:00,20.15,20.15,20.03,20.03,526568
2022-03-12 00:00:00,20.04,20.04,20.04,20.04,340463
2022-03-14 16:30:00,20.53,20.6,20.16,20.52,407566
2022-03-14 17:00:00,20.51,20.74,20.45,20.56,284690
2022-03-14 17:30:00,20.56,20.57,20.33,20.44,257525
2022-03-14 18:00:00,20.44,20.51,20.42,20.5,255698
2022-03-14 18:30:00,20.5,20.55,20.22,20.29,163251
2022-03-14 19:00:00,20.29,20.33,20.26,20.31,223276
2022-03-14 19:30:00,20.31,20.34,20.24,20.27,206549
2022-03-14 20:00:00,20.27,20.34,20.25,20.29,282549
2022-03-14 20:30:00,20.29,20.31,20.16,20.22,227540
2022-03-14 21:00:00,20.21,20.27,20.17,20.18,137580
2022-03-14 21:30:00,20.18,20.28,20.17,20.27,172391
2022-03-14 22:00:00,20.28,20.39,20.25,20.35,347945
2022-03-14 22:30:00,20.35,20.37,20.24,20.31,876614
2022-03-14 23:00:00,20.31,20.31,20.31,20.31,848002
2022-03-15 16:30:00,20.46,20.75,20.31,20.34,355320
2022-03-15 17:00:00,20.35,20.39,20.05,20.36,325634
2022-03-15 17:30:00,20.36,20.5,20.34,20.37,171908
2022-03-15 18:00:00,20.37,20.39,20.16,20.19,166100
2022-03-15 18:30:00,20.19,20.2,20.01,20.06,181624
2022-03-15 19:00:00,20.06,20.14,20.03,20.12,355560
2022-03-15 19:30:00,20.12,20.21,20.12,20.19,101347
2022-03-15 20:00:00,20.2,20.26,20.15,20.17,103774
2022-03-15 20:30:00,20.17,20.22,20.16,20.19,150638
2022-03-15 21:00:00,20.18,20.2,19.96,20.03,230457
2022-03-15 21:30:00,20.02,20.22,20.01,20.21,229280
2022-03-15 22:00:00,20.2,20.3,20.18,20.28,276566
2022-03-15 22:30:00,20.28,20.36,20.22,20.3,953848
2022-03-15 23:00:00,20.3,20.3,20.29,20.29,748720
2022-03-16 16:30:00,20.7,21.2,20.67,21.1,469987
2022-03-16 17:00:00,21.11,21.53,20.89,21.51,719861
2022-03-16 17:30:00,21.51,21.57,21.23,21.3,427343
2022-03-16 18:00:00,21.29,21.32,21.16,21.29,245032
2022-03-16 18:30:00,21.29,21.32,21.19,21.28,137367
2022-03-16 19:00:00,21.28,21.31,21.13,21.18,208431
2022-03-16 19:30:00,21.17,21.23,21.09,21.17,160110
2022-03-16 20:00:00,21.17,21.2,21.03,21.13,172064
2022-03-16 20:30:00,21.13,21.15,21.0,21.05,118616
2022-03-16 21:00:00,21.04,21.12,20.85,20.87,393882
2022-03-16 21:30:00,20.86,21.12,20.72,21.06,697132
2022-03-16 22:00:00,21.07,21.18,20.99,21.14,342313
2022-03-16 22:30:00,21.14,21.27,21.05,21.25,952181
2022-03-16 23:00:00,21.26,21.27,21.26,21.27,2496348
2022-03-17 16:30:00,20.93,21.17,20.81,21.17,358161
2022-03-17 17:00:00,21.17,21.17,20.92,21.11,217604
2022-03-17 17:30:00,21.11,21.12,20.91,20.92,198829
2022-03-17 18:00:00,20.91,21.05,20.89,21.03,174920
2022-03-17 18:30:00,21.03,21.12,20.98,21.06,188816
2022-03-17 19:00:00,21.07,21.17,21.05,21.12,211162
2022-03-17 19:30:00,21.11,21.17,21.08,21.15,147658
2022-03-17 20:00:00,21.15,21.25,21.13,21.22,140859
2022-03-17 20:30:00,21.22,21.32,21.2,21.31,162692
2022-03-17 21:00:00,21.31,21.33,21.26,21.26,124787
2022-03-17 21:30:00,21.26,21.32,21.26,21.28,154438
2022-03-17 22:00:00,21.28,21.31,21.18,21.25,213696
2022-03-17 22:30:00,21.25,21.32,21.23,21.3,601831
2022-03-17 23:00:00,21.3,21.31,21.3,21.3,2190316
2022-03-18 16:30:00,21.07,21.25,20.89,20.99,587458
2022-03-18 17:00:00,21.0,21.3,20.97,21.13,287993
2022-03-18 17:30:00,21.12,21.16,21.01,21.12,251783
2022-03-18 18:00:00,21.12,21.17,21.06,21.1,201353
2022-03-18 18:30:00,21.11,21.2,21.09,21.15,190758
2022-03-18 19:00:00,21.14,21.33,21.11,21.33,232860
2022-03-18 19:30:00,21.33,21.37,21.24,21.36,302751
2022-03-18 20:00:00,21.36,21.42,21.35,21.42,213950
2022-03-18 20:30:00,21.42,21.48,21.41,21.45,204507
2022-03-18 21:00:00,21.46,21.47,21.39,21.41,180334
2022-03-18 21:30:00,21.41,21.46,21.4,21.43,209101
2022-03-18 22:00:00,21.42,21.46,21.42,21.45,257472
2022-03-18 22:30:00,21.46,21.5,21.4,21.4,1112978
2022-03-18 23:00:00,21.4,21.4,21.39,21.4,3551780
2022-03-21 16:30:00,21.5,21.65,21.15,21.29,296685
2022-03-21 17:00:00,21.29,21.44,21.26,21.38,296887
2022-03-21 17:30:00,21.38,21.42,21.33,21.4,155616
2022-03-21 18:00:00,21.39,21.43,21.29,21.4,280110
2022-03-21 18:30:00,21.4,21.44,21.34,21.42,140619
2022-03-21 19:00:00,21.42,21.56,21.4,21.54,164771
2022-03-21 19:30:00,21.53,21.53,21.32,21.38,230263
2022-03-21 20:00:00,21.37,21.39,21.22,21.25,220670
2022-03-21 20:30:00,21.26,21.34,21.26,21.34,228582
2022-03-21 21:00:00,21.34,21.38,21.26,21.35,244163
2022-03-21 21:30:00,21.35,21.35,21.24,21.25,242996
2022-03-21 22:00:00,21.24,21.34,21.22,21.33,421198
2022-03-21 22:30:00,21.33,21.36,21.21,21.29,553309
2022-03-21 23:00:00,21.29,21.29,21.29,21.29,1140995
2022-03-22 16:30:00,21.64,21.97,21.59,21.86,334814
2022-03-22 17:00:00,21.87,21.94,21.72,21.72,167711
2022-03-22 17:30:00,21.72,21.79,21.66,21.73,120122
2022-03-22 18:00:00,21.73,21.77,21.67,21.69,103290
2022-03-22 18:30:00,21.69,21.69,21.61,21.67,121557
2022-03-22 19:00:00,21.67,21.72,21.59,21.63,100133
2022-03-22 19:30:00,21.62,21.69,21.6,21.68,123470
2022-03-22 20:00:00,21.67,21.73,21.66,21.7,117840
2022-03-22 20:30:00,21.7,21.74,21.65,21.74,111850
2022-03-22 21:00:00,21.74,21.79,21.65,21.68,141174
2022-03-22 21:30:00,21.68,21.74,21.66,21.7,181629
2022-03-22 22:00:00,21.7,21.7,21.58,21.6,235625
2022-03-22 22:30:00,21.6,21.69,21.58,21.63,552111
2022-03-22 23:00:00,21.63,21.63,21.63,21.63,1056431
2022-03-23 16:30:00,21.42,21.46,21.27,21.3,227712
2022-03-23 17:00:00,21.3,21.51,21.29,21.5,222644
2022-03-23 17:30:00,21.51,21.55,21.39,21.48,270422
2022-03-23 18:00:00,21.48,21.59,21.46,21.57,189284
2022-03-23 18:30:00,21.56,21.68,21.55,21.66,387519
2022-03-23 19:00:00,21.66,21.73,21.54,21.54,468608
2022-03-23 19:30:00,21.55,21.6,21.5,21.59,305043
2022-03-23 20:00:00,21.58,21.59,21.48,21.51,431015
2022-03-23 20:30:00,21.5,21.51,21.37,21.48,242399
2022-03-23 21:00:00,21.49,21.57,21.44,21.57,515381
2022-03-23 21:30:00,21.57,21.59,21.51,21.51,256295
2022-03-23 22:00:00,21.51,21.62,21.49,21.62,341886
2022-03-23 22:30:00,21.62,21.65,21.47,21.5,1050939
2022-03-23 23:00:00,21.49,21.5,21.49,21.5,474981
2022-03-24 16:30:00,21.63,21.67,21.42,21.53,248265
2022-03-24 17:00:00,21.54,21.76,21.54,21.62,405534
2022-03-24 17:30:00,21.62,21.81,21.62,21.81,254536
2022-03-24 18:00:00,21.81,21.87,21.79,21.85,178599
2022-03-24 18:30:00,21.85,21.89,21.81,21.86,180485
2022-03-24 19:00:00,21.86,21.87,21.8,21.82,139736
2022-03-24 19:30:00,21.82,21.83,21.77,21.8,138338
2022-03-24 20:00:00,21.8,21.81,21.72,21.78,135116
2022-03-24 20:30:00,21.77,21.79,21.72,21.77,133414
2022-03-24 21:00:00,21.77,21.78,21.72,21.74,165789
2022-03-24 21:30:00,21.74,21.74,21.69,21.73,180175
2022-03-24 22:00:00,21.73,21.81,21.71,21.8,199205
2022-03-24 22:30:00,21.8,21.85,21.77,21.83,787762
2022-03-24 23:00:00,21.83,21.83,21.83,21.83,381512
2022-03-25 16:30:00,21.89,21.98,21.83,21.96,198649
2022-03-25 17:00:00,21.97,22.01,21.93,21.94,151656
2022-03-25 17:30:00,21.95,22.1,21.94,22.08,175551
2022-03-25 18:00:00,22.08,22.12,21.92,21.96,295048
2022-03-25 18:30:00,21.95,22.02,21.9,21.96,255670
2022-03-25 19:00:00,21.96,22.0,21.9,21.92,136051
2022-03-25 19:30:00,21.92,21.97,21.89,21.96,121583
2022-03-25 20:00:00,21.96,21.99,21.89,21.92,165974
2022-03-25 20:30:00,21.92,22.01,21.92,22.01,221344
2022-03-25 21:00:00,22.01,22.03,21.99,22.01,164205
2022-03-25 21:30:00,22.01,22.06,21.99,22.06,214769
2022-03-25 22:00:00,22.06,22.06,21.95,21.98,378043
2022-03-25 22:30:00,21.98,22.11,21.95,22.1,680358
2022-03-25 23:00:00,22.1,22.1,22.1,22.1,665318
2022-03-28 16:30:00,22.18,22.27,21.98,22.26,348339
2022-03-28 17:00:00,22.27,22.3,22.14,22.24,290327
2022-03-28 17:30:00,22.24,22.28,22.13,22.15,307029
2022-03-28 18:00:00,22.16,22.18,22.07,22.1,273133
2022-03-28 18:30:00,22.11,22.14,22.05,22.07,136825
2022-03-28 19:00:00,22.06,22.1,21.99,22.02,219693
2022-03-28 19:30:00,22.03,22.14,22.02,22.14,99405
2022-03-28 20:00:00,22.14,22.16,22.11,22.16,193558
2022-03-28 20:30:00,22.16,22.19,22.1,22.15,200302
2022-03-28 21:00:00,22.15,22.18,22.12,22.15,250247
2022-03-28 21:30:00,22.15,22.26,22.14,22.26,193032
2022-03-28 22:00:00,22.26,22.31,22.21,22.29,163144
2022-03-28 22:30:00,22.29,22.41,22.28,22.39,611162
2022-03-28 23:00:00,22.39,22.39,22.39,22.39,633592
2022-03-29 16:30:00,22.83,23.12,22.83,23.02,612460
2022-03-29 17:00:00,23.02,23.1,22.93,23.1,409608
2022-03-29 17:30:00,23.1,23.24,23.06,23.22,347748
2022-03-29 18:00:00,23.22,23.24,23.11,23.17,285691
2022-03-29 18:30:00,23.16,23.2,23.11,23.14,130523
2022-03-29 19:00:00,23.14,23.15,23.08,23.09,167401
2022-03-29 19:30:00,23.09,23.1,23.01,23.04,203056
2022-03-29 20:00:00,23.04,23.07,22.98,23.06,270598
2022-03-29 20:30:00,23.06,23.11,23.0,23.1,248931
2022-03-29 21:00:00,23.1,23.19,23.1,23.19,395974
2022-03-29 21:30:00,23.19,23.23,23.12,23.19,246473
2022-03-29 22:00:00,23.19,23.3,23.17,23.3,304112
2022-03-29 22:30:00,23.3,23.36,23.21,23.34,1287682
2022-03-29 23:00:00,23.34,23.34,23.34,23.34,450739
2022-03-30 16:30:00,23.27,23.38,23.15,23.33,269453
2022-03-30 17:00:00,23.34,23.39,23.27,23.34,237865
2022-03-30 17:30:00,23.33,23.41,23.32,23.32,196406
2022-03-30 18:00:00,23.32,23.37,23.28,23.31,160856
2022-03-30 18:30:00,23.31,23.39,23.3,23.39,107562
2022-03-30 19:00:00,23.39,23.4,23.3,23.37,170381
2022-03-30 19:30:00,23.37,23.4,23.35,23.4,164488
2022-03-30 20:00:00,23.39,23.39,23.34,23.35,129794
2022-03-30 20:30:00,23.35,23.37,23.3,23.35,208806
2022-03-30 21:00:00,23.34,23.37,23.3,23.31,242395
2022-03-30 21:30:00,23.31,23.34,23.27,23.31,283065
2022-03-30 22:00:00,23.31,23.35,23.28,23.35,396257
2022-03-30 22:30:00,23.35,23.45,23.3,23.44,1343322
2022-03-30 23:00:00,23.42,23.42,23.42,23.42,1145902
2022-03-31 16:30:00,23.46,23.83,23.44,23.68,483976
2022-03-31 17:00:00,23.66,23.66,23.4,23.43,290746
2022-03-31 17:30:00,23.44,23.48,23.39,23.44,229775
2022-03-31 18:00:00,23.44,23.45,23.3,23.36,255401
2022-03-31 18:30:00,23.36,23.36,23.28,23.33,138377
2022-03-31 19:00:00,23.33,23.34,23.25,23.27,151232
2022-03-31 19:30:00,23.27,23.27,23.17,23.19,145966
2022-03-31 20:00:00,23.19,23.23,23.13,23.16,221486
2022-03-31 20:30:00,23.15,23.19,23.09,23.11,222699
2022-03-31 21:00:00,23.11,23.11,23.0,23.01,237551
2022-03-31 21:30:00,23.01,23.02,22.85,23.02,695861
2022-03-31 22:00:00,23.02,23.16,23.02,23.09,757973
2022-03-31 22:30:00,23.08,23.15,23.04,23.06,2869318
2022-03-31 23:00:00,23.06,23.06,23.06,23.06,1760636
2022-04-01 16:30:00,23.37,23.37,23.03,23.16,368072
2022-04-01 17:00:00,23.16,23.16,22.83,22.85,277047
2022-04-01 17:30:00,22.85,22.98,22.78,22.95,381253
2022-04-01 18:00:00,22.94,23.09,22.94,23.06,123863
2022-04-01 18:30:00,23.06,23.16,23.02,23.13,316592
2022-04-01 19:00:00,23.13,23.22,23.1,23.22,463863
2022-04-01 19:30:00,23.21,23.24,23.05,23.06,146257
2022-04-01 20:00:00,23.06,23.08,22.95,23.01,250193
2022-04-01 20:30:00,23.01,23.1,23.0,23.08,205553
2022-04-01 21:00:00,23.08,23.22,23.08,23.22,192698
2022-04-01 21:30:00,23.22,23.27,23.14,23.17,222650
2022-04-01 22:00:00,23.17,23.23,23.07,23.09,308496
2022-04-01 22:30:00,23.09,23.31,23.06,23.29,1384096
2022-04-01 23:00:00,23.31,23.31,23.31,23.31,1313402
2022-04-04 16:30:00,23.28,23.43,23.01,23.4,494055
2022-04-04 17:00:00,23.4,23.6,23.31,23.53,301214
2022-04-04 17:30:00,23.53,23.64,23.51,23.59,477230
2022-04-04 18:00:00,23.59,23.59,23.34,23.36,309455
2022-04-04 18:30:00,23.36,23.41,23.24,23.29,124173
2022-04-04 19:00:00,23.29,23.29,23.2,23.22,116427
2022-04-04 19:30:00,23.22,23.23,23.12,23.16,106910
2022-04-04 20:00:00,23.15,23.18,23.11,23.11,117370
2022-04-04 20:30:00,23.1,23.21,23.09,23.19,155116
2022-04-04 21:00:00,23.19,23.27,23.18,23.27,173338
2022-04-04 21:30:00,23.26,23.35,23.26,23.32,204038
2022-04-04 22:00:00,23.31,23.4,23.31,23.32,289747
2022-04-04 22:30:00,23.32,23.34,23.16,23.2,649183
2022-04-04 23:00:00,23.19,23.2,23.19,23.2,321949
2022-04-05 16:30:00,23.15,23.24,22.78,22.9,267699
2022-04-05 17:00:00,22.89,23.01,22.72,22.76,268733
2022-04-05 17:30:00,22.75,22.86,22.68,22.83,426586
2022-04-05 18:00:00,22.83,22.91,22.76,22.89,136248
2022-04-05 18:30:00,22.89,22.95,22.82,22.83,266097
2022-04-05 19:00:00,22.83,22.84,22.76,22.76,107560
2022-04-05 19:30:00,22.75,22.84,22.74,22.83,138778
2022-04-05 20:00:00,22.83,22.89,22.82,22.87,126085
2022-04-05 20:30:00,22.87,22.88,22.82,22.83,71242
2022-04-05 21:00:00,22.83,22.85,22.77,22.8,126120
2022-04-05 21:30:00,22.8,22.82,22.73,22.73,157959
2022-04-05 22:00:00,22.74,22.75,22.69,22.72,138658
2022-04-05 22:30:00,22.72,22.72,22.57,22.61,851346
2022-04-05 23:00:00,22.6,22.61,22.6,22.61,896212
2022-04-06 16:30:00,22.22,22.36,21.77,21.8,765129
2022-04-06 17:00:00,21.8,21.96,21.76,21.89,289945
2022-04-06 17:30:00,21.88,22.0,21.82,21.83,378064
2022-04-06 18:00:00,21.82,21.92,21.8,21.87,225336
2022-04-06 18:30:00,21.87,21.89,21.74,21.76,425466
2022-04-06 19:00:00,21.76,21.8,21.71,21.74,109826
2022-04-06 19:30:00,21.74,21.79,21.74,21.75,117500
2022-04-06 20:00:00,21.75,21.77,21.72,21.74,106991
2022-04-06 20:30:00,21.74,21.82,21.71,21.76,129155
2022-04-06 21:00:00,21.75,21.91,21.58,21.69,294230
2022-04-06 21:30:00,21.7,21.83,21.68,21.81,252845
2022-04-06 22:00:00,21.82,21.88,21.68,21.69,213299
2022-04-06 22:30:00,21.68,21.74,21.62,21.66,756297
2022-04-06 23:00:00,21.66,21.66,21.66,21.66,573710
2022-04-07 16:30:00,21.46,21.57,21.15,21.18,385430
2022-04-07 17:00:00,21.18,21.24,21.04,21.12,284504
2022-04-07 17:30:00,21.11,21.24,20.91,20.95,527569
2022-04-07 18:00:00,20.95,21.12,20.95,21.07,148160
2022-04-07 18:30:00,21.07,21.12,21.02,21.09,122322
2022-04-07 19:00:00,21.08,21.09,20.98,21.0,98380
2022-04-07 19:30:00,20.99,21.0,20.94,21.0,103873
2022-04-07 20:00:00,21.0,21.15,20.97,21.13,189359
2022-04-07 20:30:00,21.13,21.13,21.03,21.11,183472
2022-04-07 21:00:00,21.11,21.15,21.09,21.1,139572
2022-04-07 21:30:00,21.1,21.39,21.1,21.37,236792
2022-04-07 22:00:00,21.38,21.51,21.37,21.44,241741
2022-04-07 22:30:00,21.44,21.5,21.33,21.35,636113
2022-04-07 23:00:00,21.34,21.35,21.34,21.34,1174846
2022-04-08 16:30:00,21.36,21.48,21.19,21.21,162855
2022-04-08 17:00:00,21.2,21.69,21.19,21.68,346696
2022-04-08 17:30:00,21.68,21.8,21.61,21.78,206871
2022-04-08 18:00:00,21.78,21.85,21.76,21.78,136028
2022-04-08 18:30:00,21.79,21.82,21.74,21.76,120158
2022-04-08 19:00:00,21.75,21.8,21.73,21.79,86000
2022-04-08 19:30:00,21.78,21.82,21.76,21.79,81352
2022-04-08 20:00:00,21.8,21.81,21.74,21.74,86299
2022-04-08 20:30:00,21.74,21.75,21.7,21.72,102147
2022-04-08 21:00:00,21.71,21.77,21.67,21.68,76268
2022-04-08 21:30:00,21.68,21.78,21.68,21.76,149608
2022-04-08 22:00:00,21.77,21.8,21.74,21.76,180805
2022-04-08 22:30:00,21.76,21.78,21.55,21.62,833973
2022-04-08 23:00:00,21.61,21.61,21.61,21.61,429479
2022-04-11 16:30:00,21.28,21.75,21.28,21.74,210021
2022-04-11 17:00:00,21.74,21.87,21.63,21.81,280998
2022-04-11 17:30:00,21.82,21.87,21.66,21.69,293085
2022-04-11 18:00:00,21.68,21.69,21.56,21.58,123612
2022-04-11 18:30:00,21.58,21.69,21.58,21.62,125056
2022-04-11 19:00:00,21.62,21.66,21.58,21.59,71930
2022-04-11 19:30:00,21.59,21.6,21.46,21.48,101981
2022-04-11 20:00:00,21.48,21.54,21.48,21.52,186205
2022-04-11 20:30:00,21.53,21.56,21.45,21.52,155795
2022-04-11 21:00:00,21.51,21.55,21.42,21.49,128179
2022-04-11 21:30:00,21.49,21.59,21.47,21.59,121419
2022-04-11 22:00:00,21.59,21.63,21.55,21.58,154363
2022-04-11 22:30:00,21.58,21.58,21.43,21.48,380370
2022-04-11 23:00:00,21.49,21.49,21.48,21.48,277291
2022-04-12 16:30:00,21.32,21.65,21.12,21.6,420686
2022-04-12 17:00:00,21.6,21.71,21.54,21.58,234713
2022-04-12 17:30:00,21.58,21.58,21.43,21.44,161291
2022-04-12 18:00:00,21.44,21.46,21.34,21.44,146734
2022-04-12 18:30:00,21.44,21.47,21.4,21.42,125471
2022-04-12 19:00:00,21.42,21.43,21.32,21.34,97883
2022-04-12 19:30:00,21.34,21.42,21.34,21.41,129913
2022-04-12 20:00:00,21.41,21.5,21.36,21.41,169230
2022-04-12 20:30:00,21.41,21.41,21.17,21.21,117794
2022-04-12 21:00:00,21.21,21.25,21.13,21.15,155453
2022-04-12 21:30:00,21.14,21.18,21.11,21.15,163814
2022-04-12 22:00:00,21.15,21.15,21.0,21.03,342672
2022-04-12 22:30:00,21.03,21.15,21.02,21.11,740775
2022-04-12 23:00:00,21.11,21.11,21.11,21.11,1774074
2022-04-13 16:30:00,21.0,21.24,20.95,21.15,268734
2022-04-13 17:00:00,21.15,21.22,21.08,21.1,109972
2022-04-13 17:30:00,21.1,21.14,21.0,21.13,91716
2022-04-13 18:00:00,21.13,21.24,21.12,21.24,83774
2022-04-13 18:30:00,21.24,21.26,21.19,21.21,93282
2022-04-13 19:00:00,21.21,21.26,21.19,21.2,73833
2022-04-13 19:30:00,21.2,21.29,21.2,21.26,77706
2022-04-13 20:00:00,21.26,21.35,21.26,21.3,99812
2022-04-13 20:30:00,21.3,21.31,21.26,21.31,54148
2022-04-13 21:00:00,21.3,21.31,21.27,21.29,59625
2022-04-13 21:30:00,21.28,21.31,21.26,21.27,109101
2022-04-13 22:00:00,21.26,21.31,21.24,21.3,94511
2022-04-13 22:30:00,21.31,21.48,21.31,21.47,492067
2022-04-13 23:00:00,21.47,21.47,21.47,21.47,698662
2022-04-14 16:30:00,21.53,21.69,21.42,21.47,180284
2022-04-14 17:00:00,21.47,21.55,21.38,21.44,110866
2022-04-14 17:30:00,21.44,21.49,21.33,21.39,120525
2022-04-14 18:00:00,21.38,21.48,21.35,21.45,112908
2022-04-14 18:30:00,21.45,21.47,21.34,21.37,104207
2022-04-14 19:00:00,21.37,21.39,21.24,21.24,127557
2022-04-14 19:30:00,21.23,21.26,21.17,21.21,82209
2022-04-14 20:00:00,21.21,21.23,21.14,21.15,116643
2022-04-14 20:30:00,21.15,21.2,21.12,21.19,143044
2022-04-14 21:00:00,21.2,21.23,21.12,21.17,160140
2022-04-14 21:30:00,21.16,21.17,21.05,21.06,169716
2022-04-14 22:00:00,21.05,21.1,21.02,21.09,223973
2022-04-14 22:30:00,21.09,21.09,20.97,20.98,690838
2022-04-14 23:00:00,21.0,21.0,21.0,21.0,844978
2022-04-18 16:30:00,20.92,21.12,20.85,21.01,174821
2022-04-18 17:00:00,21.0,21.0,20.85,20.92,192002
2022-04-18 17:30:00,20.94,21.01,20.9,20.99,102321
2022-04-18 18:00:00,21.0,21.09,20.99,21.0,145539
2022-04-18 18:30:00,20.99,21.01,20.9,20.96,93228
2022-04-18 19:00:00,20.96,20.98,20.89,20.9,78554
2022-04-18 19:30:00,20.9,21.03,20.88,21.02,101702
2022-04-18 20:00:00,21.02,21.08,21.0,21.07,169703
2022-04-18 20:30:00,21.08,21.28,21.07,21.24,188620
2022-04-18 21:00:00,21.25,21.26,21.2,21.23,134763
2022-04-18 21:30:00,21.23,21.27,21.19,21.19,138514
2022-04-18 22:00:00,21.2,21.21,21.08,21.1,116658
2022-04-18 22:30:00,21.1,21.16,21.03,21.14,468926
2022-04-18 23:00:00,21.15,21.15,21.15,21.15,644482
2022-04-19 16:30:00,21.3,21.57,21.23,21.56,187406
2022-04-19 17:00:00,21.55,21.62,21.51,21.58,143750
2022-04-19 17:30:00,21.57,21.67,21.57,21.6,143567
2022-04-19 18:00:00,21.59,21.65,21.58,21.63,154341
2022-04-19 18:30:00,21.63,21.66,21.57,21.58,240646
2022-04-19 19:00:00,21.58,21.61,21.55,21.58,141794
2022-04-19 19:30:00,21.58,21.63,21.55,21.59,76139
2022-04-19 20:00:00,21.6,21.63,21.55,21.56,110570
2022-04-19 20:30:00,21.56,21.63,21.55,21.61,143829
2022-04-19 21:00:00,21.61,21.64,21.58,21.64,114252
2022-04-19 21:30:00,21.64,21.72,21.63,21.71,143239
2022-04-19 22:00:00,21.71,21.77,21.68,21.75,191691
2022-04-19 22:30:00,21.75,21.8,21.69,21.75,514610
2022-04-19 23:00:00,21.75,21.75,21.74,21.74,347626
2022-04-20 16:30:00,21.94,22.07,21.77,21.82,185533
2022-04-20 17:00:00,21.82,21.92,21.74,21.91,146915
2022-04-20 17:30:00,21.92,22.09,21.88,22.05,129632
2022-04-20 18:00:00,22.05,22.06,21.88,21.93,159856
2022-04-20 18:30:00,21.94,21.97,21.88,21.92,124825
2022-04-20 19:00:00,21.92,21.96,21.81,21.86,118165
2022-04-20 19:30:00,21.86,21.94,21.86,21.92,80590
2022-04-20 20:00:00,21.93,21.99,21.83,21.83,153310
2022-04-20 20:30:00,21.83,21.92,21.81,21.84,174633
2022-04-20 21:00:00,21.85,21.89,21.77,21.77,73895
2022-04-20 21:30:00,21.76,21.8,21.7,21.73,70650
2022-04-20 22:00:00,21.73,21.81,21.71,21.81,180705
2022-04-20 22:30:00,21.81,21.81,21.71,21.74,350850
2022-04-20 23:00:00,21.74,21.74,21.74,21.74,607082
2022-04-21 16:30:00,22.0,22.1,21.75,21.83,221100
2022-04-21 17:00:00,21.82,21.89,21.77,21.89,125720
2022-04-21 17:30:00,21.89,21.91,21.77,21.79,116521
2022-04-21 18:00:00,21.79,21.82,21.69,21.7,175692
2022-04-21 18:30:00,21.7,21.73,21.59,21.6,104159
2022-04-21 19:00:00,21.6,21.63,21.54,21.54,76799
2022-04-21 19:30:00,21.53,21.58,21.52,21.52,66824
2022-04-21 20:00:00,21.52,21.56,21.43,21.55,89255
2022-04-21 20:30:00,21.56,21.58,21.47,21.47,128134
2022-04-21 21:00:00,21.47,21.47,21.41,21.42,84282
2022-04-21 21:30:00,21.41,21.49,21.29,21.32,122315
2022-04-21 22:00:00,21.31,21.34,21.22,21.33,145794
2022-04-21 22:30:00,21.32,21.36,21.24,21.29,377686
2022-04-21 23:00:00,21.29,21.3,21.29,21.3,593108
2022-04-22 16:30:00,21.24,21.24,20.95,21.05,297636
2022-04-22 17:00:00,21.05,21.11,20.98,21.0,223701
2022-04-22 17:30:00,21.0,21.01,20.85,20.89,179120
2022-04-22 18:00:00,20.9,21.02,20.87,20.96,135871
2022-04-22 18:30:00,20.96,20.98,20.86,20.87,95975
2022-04-22 19:00:00,20.87,20.93,20.79,20.91,557862
2022-04-22 19:30:00,20.9,20.95,20.88,20.89,185476
2022-04-22 20:00:00,20.9,20.93,20.85,20.89,74163
2022-04-22 20:30:00,20.89,20.91,20.8,20.81,75848
2022-04-22 21:00:00,20.8,20.89,20.79,20.81,147074
2022-04-22 21:30:00,20.82,20.84,20.71,20.74,104883
2022-04-22 22:00:00,20.74,20.82,20.7,20.76,185155
2022-04-22 22:30:00,20.77,20.85,20.61,20.63,618200
2022-04-22 23:00:00,20.63,20.63,20.63,20.63,1078278
2022-04-25 16:30:00,20.41,20.5,20.03,20.1,402902
2022-04-25 17:00:00,20.1,20.19,19.95,20.17,232125
2022-04-25 17:30:00,20.16,20.2,20.01,20.01,227592
2022-04-25 18:00:00,20.02,20.11,19.96,20.06,199751
2022-04-25 18:30:00,20.07,20.12,19.98,20.06,175904
2022-04-25 19:00:00,20.05,20.32,20.03,20.28,260141
2022-04-25 19:30:00,20.27,20.4,20.25,20.34,189722
2022-04-25 20:00:00,20.34,20.47,20.26,20.4,152106
2022-04-25 20:30:00,20.4,20.44,20.3,20.31,161570
2022-04-25 21:00:00,20.32,20.51,20.28,20.51,306091
2022-04-25 21:30:00,20.51,20.63,20.5,20.56,298369
2022-04-25 22:00:00,20.56,20.73,20.46,20.72,419018
2022-04-25 22:30:00,20.71,20.83,20.7,20.8,758472
2022-04-25 23:00:00,20.79,20.79,20.79,20.79,1617598
2022-04-26 16:30:00,19.99,20.19,19.77,20.16,521365
2022-04-26 17:00:00,20.17,20.19,19.74,19.86,454287
2022-04-26 17:30:00,19.86,19.88,19.59,19.63,367575
2022-04-26 18:00:00,19.64,19.64,19.33,19.38,577659
2022-04-26 18:30:00,19.38,19.43,19.15,19.16,349378
2022-04-26 19:00:00,19.16,19.46,19.08,19.45,264688
2022-04-26 19:30:00,19.45,19.45,19.26,19.34,153066
2022-04-26 20:00:00,19.33,19.38,19.18,19.28,220686
2022-04-26 20:30:00,19.27,19.35,19.22,19.29,137500
2022-04-26 21:00:00,19.29,19.31,19.22,19.28,158248
2022-04-26 21:30:00,19.28,19.35,19.22,19.34,171370
2022-04-26 22:00:00,19.34,19.34,19.01,19.03,312240
2022-04-26 22:30:00,19.04,19.17,19.01,19.03,1140108
2022-04-26 23:00:00,19.03,19.04,19.03,19.03,988301
2022-04-27 16:30:00,18.89,19.09,18.83,19.07,473179
2022-04-27 17:00:00,19.08,19.19,18.76,18.77,410530
2022-04-27 17:30:00,18.77,18.89,18.71,18.84,491533
2022-04-27 18:00:00,18.83,18.9,18.75,18.82,418047
2022-04-27 18:30:00,18.83,18.87,18.76,18.8,353080
2022-04-27 19:00:00,18.8,18.98,18.77,18.98,245792
2022-04-27 19:30:00,18.98,19.02,18.91,18.97,144457
2022-04-27 20:00:00,18.96,18.96,18.75,18.85,225692
2022-04-27 20:30:00,18.84,18.92,18.8,18.92,147125
2022-04-27 21:00:00,18.91,18.95,18.89,18.95,169161
2022-04-27 21:30:00,18.95,19.02,18.82,18.84,193183
2022-04-27 22:00:00,18.83,18.85,18.7,18.78,201834
2022-04-27 22:30:00,18.77,18.83,18.7,18.71,669553
2022-04-27 23:00:00,18.71,18.71,18.7,18.7,800616
2022-04-28 16:30:00,18.96,19.07,18.82,19.0,290157
2022-04-28 17:00:00,18.99,18.99,18.8,18.84,231975
2022-04-28 17:30:00,18.83,18.85,18.68,18.77,197681
2022-04-28 18:00:00,18.77,18.87,18.75,18.81,229488
2022-04-28 18:30:00,18.81,18.85,18.69,18.82,204071
2022-04-28 19:00:00,18.83,18.98,18.79,18.98,257167
2022-04-28 19:30:00,18.98,19.16,18.98,19.14,127439
2022-04-28 20:00:00,19.15,19.28,19.1,19.27,211043
2022-04-28 20:30:00,19.28,19.35,19.25,19.33,196044
2022-04-28 21:00:00,19.32,19.39,19.3,19.35,157589
2022-04-28 21:30:00,19.35,19.47,19.33,19.44,173567
2022-04-28 22:00:00,19.43,19.48,19.41,19.41,182524
2022-04-28 22:30:00,19.42,19.43,19.25,19.31,580102
2022-04-28 23:00:00,19.3,19.3,19.3,19.3,673284
2022-04-29 16:30:00,19.29,19.51,19.27,19.48,224317
2022-04-29 17:00:00,19.48,19.5,19.08,19.09,274481
2022-04-29 17:30:00,19.08,19.13,19.04,19.13,163599
2022-04-29 18:00:00,19.13,19.16,19.05,19.12,157368
2022-04-29 18:30:00,19.12,19.2,19.09,19.11,154919
2022-04-29 19:00:00,19.1,19.11,18.99,19.0,126700
2022-04-29 19:30:00,18.99,19.02,18.85,18.88,140371
2022-04-29 20:00:00,18.88,18.92,18.86,18.91,152974
2022-04-29 20:30:00,18.91,19.0,18.85,18.86,154740
2022-04-29 21:00:00,18.86,18.86,18.73,18.76,129445
2022-04-29 21:30:00,18.76,18.77,18.6,18.63,205208
2022-04-29 22:00:00,18.62,18.64,18.51,18.54,307092
2022-04-29 22:30:00,18.53,18.58,18.33,18.38,762463
2022-04-29 23:00:00,18.39,18.39,18.37,18.38,1133005
2022-05-02 16:30:00,18.36,18.68,18.19,18.64,405227
2022-05-02 17:00:00,18.63,18.77,18.41,18.69,316781
2022-05-02 17:30:00,18.7,18.84,18.68,18.71,669735
2022-05-02 18:00:00,18.71,18.82,18.64,18.75,234661
2022-05-02 18:30:00,18.76,18.8,18.67,18.78,210370
2022-05-02 19:00:00,18.77,18.83,18.65,18.76,137764
2022-05-02 19:30:00,18.77,18.8,18.6,18.61,129286
2022-05-02 20:00:00,18.62,18.64,18.54,18.58,216763
2022-05-02 20:30:00,18.58,18.62,18.47,18.52,200868
2022-05-02 21:00:00,18.52,18.57,18.35,18.43,205923
2022-05-02 21:30:00,18.43,18.48,18.36,18.4,231153
2022-05-02 22:00:00,18.41,18.7,18.41,18.7,464655
2022-05-02 22:30:00,18.7,18.81,18.62,18.8,784933
2022-05-02 23:00:00,18.8,18.8,18.8,18.8,812566
2022-05-03 16:30:00,18.82,18.96,18.67,18.96,550925
2022-05-03 17:00:00,18.96,19.15,18.92,19.13,343734
2022-05-03 17:30:00,19.13,19.31,19.07,19.23,570991
2022-05-03 18:00:00,19.23,19.43,19.21,19.36,182175
2022-05-03 18:30:00,19.37,19.45,19.35,19.4,123308
2022-05-03 19:00:00,19.41,19.45,19.32,19.39,137520
2022-05-03 19:30:00,19.39,19.4,19.32,19.33,132674
2022-05-03 20:00:00,19.33,19.44,19.33,19.39,137058
2022-05-03 20:30:00,19.39,19.46,19.36,19.38,102604
2022-05-03 21:00:00,19.37,19.38,19.15,19.17,122357
2022-05-03 21:30:00,19.17,19.32,19.07,19.31,204614
2022-05-03 22:00:00,19.32,19.38,19.29,19.34,242479
2022-05-03 22:30:00,19.33,19.36,19.18,19.24,698486
2022-05-03 23:00:00,19.23,19.23,19.23,19.23,481629
2022-05-04 16:30:00,19.16,19.35,19.09,19.23,271411
2022-05-04 17:00:00,19.23,19.28,19.11,19.24,162035
2022-05-04 17:30:00,19.24,19.26,19.15,19.19,247330
2022-05-04 18:00:00,19.19,19.21,19.05,19.1,134176
2022-05-04 18:30:00,19.1,19.13,19.02,19.13,159580
2022-05-04 19:00:00,19.13,19.34,19.11,19.33,242134
2022-05-04 19:30:00,19.33,19.34,19.21,19.27,379860
2022-05-04 20:00:00,19.28,19.32,19.19,19.19,154848
2022-05-04 20:30:00,19.2,19.25,19.14,19.22,105519
2022-05-04 21:00:00,19.22,19.33,19.01,19.21,198138
2022-05-04 21:30:00,19.21,19.55,18.95,19.51,592106
2022-05-04 22:00:00,19.51,19.77,19.48,19.77,469956
2022-05-04 22:30:00,19.77,20.01,19.76,19.95,879276
2022-05-04 23:00:00,19.95,19.95,19.95,19.95,645896
2022-05-05 16:30:00,19.63,19.63,19.28,19.34,231818
2022-05-05 17:00:00,19.33,19.33,19.03,19.03,203863
2022-05-05 17:30:00,19.02,19.13,18.92,18.98,230750
2022-05-05 18:00:00,18.98,19.0,18.79,18.82,177745
2022-05-05 18:30:00,18.82,18.92,18.66,18.68,191504
2022-05-05 19:00:00,18.68,18.82,18.58,18.79,217348
2022-05-05 19:30:00,18.78,18.86,18.69,18.85,124108
2022-05-05 20:00:00,18.86,19.0,18.83,18.88,227758
2022-05-05 20:30:00,18.87,18.97,18.77,18.8,189886
2022-05-05 21:00:00,18.79,18.93,18.71,18.73,235336
2022-05-05 21:30:00,18.73,18.85,18.71,18.78,135840
2022-05-05 22:00:00,18.78,18.79,18.62,18.64,210819
2022-05-05 22:30:00,18.63,18.87,18.6,18.87,694513
2022-05-05 23:00:00,18.85,18.85,18.85,18.85,820380
2022-05-06 16:30:00,18.79,18.79,18.14,18.2,349767
2022-05-06 17:00:00,18.19,18.46,18.14,18.3,288385
2022-05-06 17:30:00,18.31,18.53,18.21,18.48,217981
2022-05-06 18:00:00,18.47,18.64,18.4,18.55,201839
2022-05-06 18:30:00,18.56,18.57,18.37,18.4,162769
2022-05-06 19:00:00,18.39,18.59,18.35,18.54,154030
2022-05-06 19:30:00,18.53,18.8,18.48,18.78,280175
2022-05-06 20:00:00,18.78,18.79,18.53,18.58,132182
2022-05-06 20:30:00,18.58,18.62,18.44,18.46,123699
2022-05-06 21:00:00,18.45,18.48,18.34,18.37,167056
2022-05-06 21:30:00,18.37,18.46,18.31,18.39,146042
2022-05-06 22:00:00,18.39,18.39,18.23,18.31,198021
2022-05-06 22:30:00,18.31,18.56,18.31,18.47,597553
2022-05-06 23:00:00,18.46,18.46,18.46,18.46,662346
2022-05-09 16:30:00,17.99,18.13,17.84,18.09,293781
2022-05-09 17:00:00,18.08,18.1,17.83,17.84,246026
2022-05-09 17:30:00,17.84,17.84,17.64,17.67,194431
2022-05-09 18:00:00,17.66,17.71,17.54,17.57,211776
2022-05-09 18:30:00,17.57,17.77,17.52,17.73,203905
2022-05-09 19:00:00,17.73,17.89,17.66,17.8,153496
2022-05-09 19:30:00,17.79,17.84,17.63,17.65,143518
2022-05-09 20:00:00,17.65,17.68,17.62,17.67,143084
2022-05-09 20:30:00,17.68,17.73,17.58,17.66,155205
2022-05-09 21:00:00,17.66,17.74,17.6,17.61,144404
2022-05-09 21:30:00,17.61,17.86,17.55,17.85,296308
2022-05-09 22:00:00,17.85,17.93,17.71,17.73,330422
2022-05-09 22:30:00,17.73,17.75,17.6,17.71,669165
2022-05-09 23:00:00,17.7,17.71,17.7,17.71,688862
2022-05-10 16:30:00,18.08,18.15,17.88,18.03,268029
2022-05-10 17:00:00,18.02,18.02,17.76,17.79,273322
2022-05-10 17:30:00,17.79,17.8,17.5,17.51,206613
2022-05-10 18:00:00,17.5,17.55,17.32,17.42,265826
2022-05-10 18:30:00,17.42,17.52,17.33,17.44,150691
2022-05-10 19:00:00,17.43,17.51,17.36,17.43,176468
2022-05-10 19:30:00,17.43,17.46,17.26,17.3,240161
2022-05-10 20:00:00,17.29,17.48,17.27,17.48,157901
2022-05-10 20:30:00,17.48,17.8,17.48,17.79,174411
2022-05-10 21:00:00,17.79,17.84,17.63,17.71,213213
2022-05-10 21:30:00,17.7,17.79,17.67,17.75,154769
2022-05-10 22:00:00,17.75,17.83,17.6,17.63,185235
2022-05-10 22:30:00,17.62,17.69,17.56,17.67,412280
2022-05-10 23:00:00,17.67,17.67,17.67,17.67,881382
2022-05-11 16:30:00,17.6,17.8,17.41,17.75,355425
2022-05-11 17:00:00,17.75,17.98,17.68,17.93,272460
2022-05-11 17:30:00,17.93,18.08,17.78,17.86,167645
2022-05-11 18:00:00,17.85,17.86,17.65,17.78,138335
2022-05-11 18:30:00,17.77,17.91,17.7,17.72,96784
2022-05-11 19:00:00,17.73,17.77,17.58,17.59,106908
2022-05-11 19:30:00,17.58,17.63,17.47,17.48,114081
2022-05-11 20:00:00,17.47,17.47,17.34,17.34,125714
2022-05-11 20:30:00,17.33,17.37,17.21,17.23,117919
2022-05-11 21:00:00,17.23,17.45,17.23,17.35,211771
2022-05-11 21:30:00,17.35,17.44,17.31,17.34,237225
2022-05-11 22:00:00,17.33,17.35,17.21,17.24,271780
2022-05-11 22:30:00,17.24,17.27,17.02,17.05,851840
2022-05-11 23:00:00,17.04,17.04,17.04,17.04,2687150
2022-05-12 16:30:00,16.94,17.21,16.85,17.07,555523
2022-05-12 17:00:00,17.07,17.47,16.97,17.26,346600
2022-05-12 17:30:00,17.26,17.37,17.16,17.36,288100
2022-05-12 18:00:00,17.36,17.57,17.32,17.38,222319
2022-05-12 18:30:00,17.38,17.46,17.15,17.15,219900
2022-05-12 19:00:00,17.15,17.22,17.05,17.2,188037
2022-05-12 19:30:00,17.2,17.31,17.14,17.22,206224
2022-05-12 20:00:00,17.22,17.25,17.07,17.09,125811
2022-05-12 20:30:00,17.09,17.12,16.89,16.94,180877
2022-05-12 21:00:00,16.93,17.0,16.87,16.91,169644
2022-05-12 21:30:00,16.9,16.92,16.76,16.82,155141
2022-05-12 22:00:00,16.83,17.15,16.81,17.04,372160
2022-05-12 22:30:00,17.04,17.29,17.03,17.29,843491
2022-05-12 23:00:00,17.29,17.29,17.28,17.28,618612
2022-05-13 16:30:00,17.62,18.0,17.62,17.77,331492
2022-05-13 17:00:00,17.77,17.97,17.74,17.93,291043
2022-05-13 17:30:00,17.93,17.96,17.69,17.81,135675
2022-05-13 18:00:00,17.81,17.9,17.74,17.88,168105
2022-05-13 18:30:00,17.88,17.89,17.81,17.89,159826
2022-05-13 19:00:00,17.89,18.0,17.88,17.96,149249
2022-05-13 19:30:00,17.96,18.0,17.84,17.92,123887
2022-05-13 20:00:00,17.93,17.96,17.83,17.87,187565
2022-05-13 20:30:00,17.87,17.88,17.69,17.7,88053
2022-05-13 21:00:00,17.7,17.7,17.57,17.63,169054
2022-05-13 21:30:00,17.63,17.77,17.63,17.76,179857
2022-05-13 22:00:00,17.77,17.84,17.74,17.84,120995
2022-05-13 22:30:00,17.83,17.86,17.71,17.84,800807
2022-05-13 23:00:00,17.84,17.84,17.84,17.84,1989190
2022-05-16 16:30:00,17.75,17.85,17.37,17.45,301283
2022-05-16 17:00:00,17.45,17.7,17.37,17.68,220369
2022-05-16 17:30:00,17.68,17.68,17.51,17.53,119859
2022-05-16 18:00:00,17.52,17.58,17.46,17.53,128182
2022-05-16 18:30:00,17.53,17.73,17.49,17.73,102591
2022-05-16 19:00:00,17.73,17.78,17.65,17.69,96239
2022-05-16 19:30:00,17.68,17.71,17.63,17.65,132542
2022-05-16 20:00:00,17.64,17.84,17.63,17.83,139665
2022-05-16 20:30:00,17.83,17.85,17.77,17.8,193143
2022-05-16 21:00:00,17.79,17.85,17.73,17.85,159621
2022-05-16 21:30:00,17.86,17.88,17.74,17.81,129454
2022-05-16 22:00:00,17.81,17.82,17.68,17.73,180983
2022-05-16 22:30:00,17.72,17.73,17.63,17.68,455536
2022-05-16 23:00:00,17.69,17.69,17.69,17.69,799176
2022-05-17 16:30:00,18.16,18.45,18.15,18.3,251320
2022-05-17 17:00:00,18.3,18.33,18.1,18.1,209938
2022-05-17 17:30:00,18.1,18.18,17.94,18.17,438941
2022-05-17 18:00:00,18.18,18.31,18.18,18.3,143466
2022-05-17 18:30:00,18.3,18.4,18.3,18.38,164926
2022-05-17 19:00:00,18.38,18.51,18.32,18.5,176935
2022-05-17 19:30:00,18.49,18.61,18.47,18.57,180345
2022-05-17 20:00:00,18.57,18.63,18.51,18.57,142199
2022-05-17 20:30:00,18.57,18.61,18.53,18.55,131337
2022-05-17 21:00:00,18.56,18.64,18.39,18.49,214062
2022-05-17 21:30:00,18.48,18.64,18.42,18.58,257466
2022-05-17 22:00:00,18.59,18.7,18.58,18.68,220226
2022-05-17 22:30:00,18.68,18.69,18.56,18.64,516262
2022-05-17 23:00:00,18.64,18.64,18.64,18.64,724638
2022-05-18 16:30:00,18.39,18.43,18.2,18.38,169315
2022-05-18 17:00:00,18.38,18.44,18.33,18.33,275578
2022-05-18 17:30:00,18.33,18.41,18.32,18.41,159345
2022-05-18 18:00:00,18.41,18.41,18.11,18.12,93108
2022-05-18 18:30:00,18.12,18.25,18.11,18.17,109767
2022-05-18 19:00:00,18.16,18.21,18.1,18.14,115743
2022-05-18 19:30:00,18.14,18.26,18.1,18.24,98878
2022-05-18 20:00:00,18.24,18.24,18.03,18.08,105918
2022-05-18 20:30:00,18.09,18.11,17.96,17.98,93383
2022-05-18 21:00:00,17.99,18.06,17.94,18.06,94190
2022-05-18 21:30:00,18.06,18.06,17.88,17.9,213245
2022-05-18 22:00:00,17.9,17.93,17.86,17.87,306146
2022-05-18 22:30:00,17.88,18.07,17.87,18.0,714439
2022-05-18 23:00:00,17.98,17.98,17.98,17.98,298644
2022-05-19 16:30:00,17.67,18.09,17.67,17.92,238163
2022-05-19 17:00:00,17.91,18.13,17.9,17.98,158790
2022-05-19 17:30:00,17.96,18.06,17.86,17.93,126488
2022-05-19 18:00:00,17.93,18.0,17.84,17.95,118541
2022-05-19 18:30:00,17.96,18.16,17.95,18.11,76476
2022-05-19 19:00:00,18.11,18.15,18.02,18.06,109232
2022-05-19 19:30:00,18.06,18.08,17.93,18.01,98975
2022-05-19 20:00:00,18.02,18.13,17.98,18.09,117781
2022-05-19 20:30:00,18.09,18.26,17.98,18.22,148802
2022-05-19 21:00:00,18.22,18.22,18.07,18.14,116708
2022-05-19 21:30:00,18.13,18.24,18.06,18.2,195264
2022-05-19 22:00:00,18.2,18.28,18.02,18.03,262402
2022-05-19 22:30:00,18.02,18.1,17.97,18.02,565064
2022-05-19 23:00:00,18.02,18.02,18.02,18.02,576000
2022-05-20 16:30:00,18.3,18.55,18.23,18.4,237376
2022-05-20 17:00:00,18.4,18.57,18.31,18.54,267835
2022-05-20 17:30:00,18.53,18.55,18.28,18.29,274543
2022-05-20 18:00:00,18.29,18.3,18.2,18.23,145587
2022-05-20 18:30:00,18.23,18.28,18.16,18.19,150170
2022-05-20 19:00:00,18.19,18.21,18.03,18.07,108008
2022-05-20 19:30:00,18.06,18.1,17.93,18.03,125775
2022-05-20 20:00:00,18.03,18.04,17.89,17.91,142775
2022-05-20 20:30:00,17.91,18.12,17.9,18.1,131096
2022-05-20 21:00:00,18.09,18.12,18.0,18.04,105981
2022-05-20 21:30:00,18.04,18.22,17.98,18.13,142888
2022-05-20 22:00:00,18.13,18.3,18.07,18.29,281292
2022-05-20 22:30:00,18.3,18.6,18.23,18.58,1046750
2022-05-20 23:00:00,18.57,18.57,18.57,18.57,1050848
2022-05-23 16:30:00,19.0,19.03,18.75,18.8,241819
2022-05-23 17:00:00,18.79,18.94,18.68,18.94,140290
2022-05-23 17:30:00,18.94,19.03,18.89,19.01,215755
2022-05-23 18:00:00,19.02,19.1,18.97,19.01,170694
2022-05-23 18:30:00,19.02,19.07,18.99,19.03,97617
2022-05-23 19:00:00,19.02,19.03,18.89,18.9,141542
2022-05-23 19:30:00,18.89,18.9,18.79,18.83,130812
2022-05-23 20:00:00,18.83,18.83,18.7,18.81,146130
2022-05-23 20:30:00,18.82,18.86,18.77,18.85,131173
2022-05-23 21:00:00,18.85,18.88,18.8,18.82,122272
2022-05-23 21:30:00,18.83,18.84,18.74,18.76,149753
2022-05-23 22:00:00,18.75,18.81,18.69,18.73,167366
2022-05-23 22:30:00,18.73,18.76,18.63,18.7,427440
2022-05-23 23:00:00,18.7,18.7,18.7,18.7,740008
2022-05-24 16:30:00,18.54,18.61,18.01,18.02,444277
2022-05-24 17:00:00,18.01,18.07,17.88,17.98,123763
2022-05-24 17:30:00,18.0,18.0,17.82,17.89,128557
2022-05-24 18:00:00,17.88,17.96,17.86,17.96,113953
2022-05-24 18:30:00,17.96,18.09,17.92,18.05,101715
2022-05-24 19:00:00,18.03,18.24,18.02,18.16,102051
2022-05-24 19:30:00,18.16,18.2,18.06,18.12,75678
2022-05-24 20:00:00,18.12,18.16,18.01,18.16,72456
2022-05-24 20:30:00,18.15,18.25,18.1,18.23,66400
2022-05-24 21:00:00,18.23,18.38,18.18,18.31,93647
2022-05-24 21:30:00,18.3,18.37,18.19,18.24,107949
2022-05-24 22:00:00,18.24,18.34,18.2,18.34,213720
2022-05-24 22:30:00,18.34,18.48,18.32,18.45,482097
2022-05-24 23:00:00,18.45,18.45,18.45,18.45,244303
2022-05-25 16:30:00,18.29,18.45,18.25,18.29,282063
2022-05-25 17:00:00,18.3,18.57,18.27,18.57,218639
2022-05-25 17:30:00,18.58,18.65,18.52,18.55,127126
2022-05-25 18:00:00,18.56,18.57,18.48,18.51,98684
2022-05-25 18:30:00,18.51,18.52,18.41,18.49,74672
2022-05-25 19:00:00,18.49,18.52,18.32,18.36,67389
2022-05-25 19:30:00,18.36,18.39,18.31,18.37,65118
2022-05-25 20:00:00,18.37,18.42,18.35,18.41,61817
2022-05-25 20:30:00,18.41,18.44,18.38,18.41,55548
2022-05-25 21:00:00,18.4,18.55,18.32,18.51,165161
2022-05-25 21:30:00,18.51,18.6,18.5,18.6,135211
2022-05-25 22:00:00,18.59,18.72,18.59,18.67,154113
2022-05-25 22:30:00,18.67,18.68,18.56,18.63,362701
2022-05-25 23:00:00,18.62,18.62,18.62,18.62,987525
2022-05-26 16:30:00,18.77,19.12,18.77,19.09,348173
2022-05-26 17:00:00,19.1,19.26,19.1,19.19,199044
2022-05-26 17:30:00,19.2,19.24,19.17,19.21,106956
2022-05-26 18:00:00,19.2,19.21,19.15,19.15,120582
2022-05-26 18:30:00,19.15,19.17,19.09,19.14,112727
2022-05-26 19:00:00,19.13,19.19,19.11,19.19,157908
2022-05-26 19:30:00,19.19,19.2,19.16,19.19,112426
2022-05-26 20:00:00,19.2,19.28,19.15,19.16,190087
2022-05-26 20:30:00,19.15,19.24,19.15,19.22,161218
2022-05-26 21:00:00,19.22,19.35,19.22,19.31,283190
2022-05-26 21:30:00,19.32,19.33,19.24,19.27,117057
2022-05-26 22:00:00,19.28,19.28,19.22,19.26,108609
2022-05-26 22:30:00,19.25,19.33,19.23,19.25,379928
2022-05-26 23:00:00,19.24,19.24,19.24,19.24,260214
2022-05-27 16:30:00,19.36,19.51,19.36,19.46,173052
2022-05-27 17:00:00,19.46,19.49,19.4,19.42,102544
2022-05-27 17:30:00,19.43,19.53,19.41,19.47,152104
2022-05-27 18:00:00,19.47,19.52,19.44,19.47,116590
2022-05-27 18:30:00,19.48,19.48,19.4,19.45,48179
2022-05-27 19:00:00,19.45,19.48,19.39,19.4,42207
2022-05-27 19:30:00,19.41,19.48,19.39,19.46,58274
2022-05-27 20:00:00,19.46,19.47,19.35,19.37,51680
2022-05-27 20:30:00,19.37,19.4,19.34,19.35,79806
2022-05-27 21:00:00,19.35,19.42,19.34,19.4,78615
2022-05-27 21:30:00,19.4,19.42,19.35,19.42,98452
2022-05-27 22:00:00,19.43,19.51,19.42,19.49,180089
2022-05-27 22:30:00,19.49,19.55,19.47,19.54,300393
2022-05-27 23:00:00,19.54,19.54,19.54,19.54,425606
2022-05-31 16:30:00,19.34,19.44,19.03,19.22,169389
2022-05-31 17:00:00,19.23,19.37,19.16,19.33,103011
2022-05-31 17:30:00,19.33,19.42,19.27,19.38,125128
2022-05-31 18:00:00,19.37,19.38,19.22,19.27,83790
2022-05-31 18:30:00,19.27,19.45,19.25,19.43,119693
2022-05-31 19:00:00,19.43,19.49,19.35,19.38,90256
2022-05-31 19:30:00,19.39,19.47,19.38,19.42,92219
2022-05-31 20:00:00,19.42,19.44,19.31,19.33,87898
2022-05-31 20:30:00,19.33,19.46,19.32,19.46,149203
2022-05-31 21:00:00,19.45,19.46,19.37,19.38,139623
2022-05-31 21:30:00,19.38,19.39,19.2,19.25,197694
2022-05-31 22:00:00,19.25,19.42,19.22,19.42,241711
2022-05-31 22:30:00,19.41,19.47,19.33,19.34,739245
2022-05-31 23:00:00,19.34,19.34,19.34,19.34,2413994
2022-06-01 16:30:00,19.35,19.45,19.12,19.15,247467
2022-06-01 17:00:00,19.15,19.27,18.85,18.86,122451
2022-06-01 17:30:00,18.86,18.92,18.75,18.92,566148
2022-06-01 18:00:00,18.92,18.92,18.74,18.81,181461
2022-06-01 18:30:00,18.8,18.83,18.72,18.75,122714
2022-06-01 19:00:00,18.76,18.85,18.73,18.79,117547
2022-06-01 19:30:00,18.78,18.85,18.73,18.82,135559
2022-06-01 20:00:00,18.82,19.0,18.82,18.98,165512
2022-06-01 20:30:00,18.97,19.12,18.94,19.09,150949
2022-06-01 21:00:00,19.1,19.25,19.09,19.21,208056
2022-06-01 21:30:00,19.21,19.25,19.17,19.18,132163
2022-06-01 22:00:00,19.18,19.22,19.13,19.2,202910
2022-06-01 22:30:00,19.19,19.25,19.07,19.07,530154
2022-06-01 23:00:00,19.07,19.07,19.07,19.07,339371
2022-06-02 16:30:00,19.08,19.24,18.73,18.84,406473
2022-06-02 17:00:00,18.85,18.96,18.72,18.81,185056
2022-06-02 17:30:00,18.82,18.89,18.74,18.83,273946
2022-06-02 18:00:00,18.83,18.92,18.81,18.86,426178
2022-06-02 18:30:00,18.86,19.02,18.76,18.95,664239
2022-06-02 19:00:00,18.95,18.97,18.88,18.97,275633
2022-06-02 19:30:00,18.97,19.03,18.9,18.94,319847
2022-06-02 20:00:00,18.94,19.03,18.91,19.02,364746
2022-06-02 20:30:00,19.03,19.11,19.03,19.1,164750
2022-06-02 21:00:00,19.1,19.12,19.07,19.09,124109
2022-06-02 21:30:00,19.09,19.2,19.09,19.15,250422
2022-06-02 22:00:00,19.15,19.22,19.15,19.17,184294
2022-06-02 22:30:00,19.17,19.23,19.09,19.23,182326
2022-06-02 23:00:00,19.24,19.24,19.24,19.24,312612
2022-06-03 16:30:00,19.01,19.08,18.8,18.92,167588
2022-06-03 17:00:00,18.91,18.99,18.86,18.88,153345
2022-06-03 17:30:00,18.88,18.93,18.81,18.9,119764
2022-06-03 18:00:00,18.89,18.89,18.8,18.87,76530
2022-06-03 18:30:00,18.87,18.97,18.78,18.81,286692
2022-06-03 19:00:00,18.82,18.82,18.75,18.79,4638
2022-06-03 19:30:00,18.78,18.84,18.75,18.84,63062
2022-06-03 20:00:00,18.84,18.91,18.78,18.84,70165
2022-06-03 20:30:00,18.83,18.83,18.74,18.76,55925
2022-06-03 21:00:00,18.76,18.82,18.74,18.82,87805
2022-06-03 21:30:00,18.81,18.81,18.72,18.75,102579
2022-06-03 22:00:00,18.76,18.77,18.67,18.75,163471
2022-06-03 22:30:00,18.76,18.76,18.62,18.7,521515
2022-06-03 23:00:00,18.7,18.7,18.7,18.7,655155
2022-06-06 16:30:00,18.87,19.08,18.81,19.08,198958
2022-06-06 17:00:00,19.08,19.27,19.08,19.24,183054
2022-06-06 17:30:00,19.24,19.26,19.12,19.17,152654
2022-06-06 18:00:00,19.17,19.2,19.04,19.08,90125
2022-06-06 18:30:00,19.08,19.11,19.06,19.07,61868
2022-06-06 19:00:00,19.06,19.07,18.93,18.94,93460
2022-06-06 19:30:00,18.93,19.04,18.92,19.04,89775
2022-06-06 20:00:00,19.03,19.03,18.98,19.01,80371
2022-06-06 20:30:00,19.01,19.14,19.01,19.13,81339
2022-06-06 21:00:00,19.12,19.13,18.98,19.0,69853
2022-06-06 21:30:00,18.99,19.0,18.91,18.96,72635
2022-06-06 22:00:00,18.95,18.97,18.91,18.93,118334
2022-06-06 22:30:00,18.92,18.95,18.87,18.93,384447
2022-06-06 23:00:00,18.93,18.93,18.93,18.93,664756
2022-06-07 16:30:00,18.7,18.77,18.61,18.67,109375
2022-06-07 17:00:00,18.67,18.81,18.67,18.8,111208
2022-06-07 17:30:00,18.8,18.94,18.8,18.89,74156
2022-06-07 18:00:00,18.88,18.95,18.84,18.85,79137
2022-06-07 18:30:00,18.84,18.87,18.79,18.84,65613
2022-06-07 19:00:00,18.84,18.88,18.81,18.88,79822
2022-06-07 19:30:00,18.88,18.97,18.86,18.95,94572
2022-06-07 20:00:00,18.96,19.02,18.96,18.97,70817
2022-06-07 20:30:00,18.98,18.98,18.93,18.95,52819
2022-06-07 21:00:00,18.94,19.02,18.94,19.0,86314
2022-06-07 21:30:00,18.99,19.05,18.98,19.02,117062
2022-06-07 22:00:00,19.01,19.09,19.01,19.06,176298
2022-06-07 22:30:00,19.06,19.15,19.05,19.09,586516
2022-06-07 23:00:00,19.09,19.1,19.06,19.1,380654
2022-06-08 16:30:00,18.84,18.97,18.7,18.79,366252
2022-06-08 17:00:00,18.79,18.81,18.72,18.74,109839
2022-06-08 17:30:00,18.74,18.8,18.67,18.69,111197
2022-06-08 18:00:00,18.69,18.84,18.67,18.75,379613
2022-06-08 18:30:00,18.76,18.8,18.75,18.78,157651
2022-06-08 19:00:00,18.77,18.84,18.67,18.7,74359
2022-06-08 19:30:00,18.7,18.7,18.52,18.63,114248
2022-06-08 20:00:00,18.62,18.64,18.55,18.57,69417
2022-06-08 20:30:00,18.56,18.61,18.52,18.57,71417
2022-06-08 21:00:00,18.57,18.61,18.52,18.54,107344
2022-06-08 21:30:00,18.54,18.58,18.49,18.57,115358
2022-06-08 22:00:00,18.58,18.63,18.51,18.58,232454
2022-06-08 22:30:00,18.58,18.6,18.48,18.52,921836
2022-06-08 23:00:00,18.52,18.52,18.52,18.52,441252
2022-06-09 16:30:00,18.5,18.51,18.31,18.44,157615
2022-06-09 17:00:00,18.44,18.53,18.22,18.36,151128
2022-06-09 17:30:00,18.38,18.46,18.28,18.32,120825
2022-06-09 18:00:00,18.32,18.36,18.26,18.32,103348
2022-06-09 18:30:00,18.31,18.44,18.29,18.41,100971
2022-06-09 19:00:00,18.41,18.43,18.35,18.42,32412
2022-06-09 19:30:00,18.43,18.46,18.38,18.43,92502
2022-06-09 20:00:00,18.43,18.46,18.36,18.37,59020
2022-06-09 20:30:00,18.37,18.37,18.31,18.36,49975
2022-06-09 21:00:00,18.37,18.37,18.3,18.32,52404
2022-06-09 21:30:00,18.31,18.31,18.21,18.21,107406
2022-06-09 22:00:00,18.21,18.21,18.15,18.16,113545
2022-06-09 22:30:00,18.15,18.17,18.05,18.07,622428
2022-06-09 23:00:00,18.06,18.06,18.06,18.06,1815200
2022-06-10 16:30:00,17.56,17.61,17.42,17.46,255862
2022-06-10 17:00:00,17.45,17.47,17.29,17.3,227432
2022-06-10 17:30:00,17.3,17.55,17.29,17.46,223877
2022-06-10 18:00:00,17.45,17.53,17.39,17.45,254438
2022-06-10 18:30:00,17.44,17.47,17.4,17.46,125952
2022-06-10 19:00:00,17.46,17.58,17.44,17.45,145251
2022-06-10 19:30:00,17.46,17.5,17.36,17.4,74037
2022-06-10 20:00:00,17.41,17.52,17.34,17.51,104475
2022-06-10 20:30:00,17.51,17.54,17.42,17.43,140044
2022-06-10 21:00:00,17.43,17.56,17.38,17.49,192863
2022-06-10 21:30:00,17.49,17.56,17.43,17.53,189719
2022-06-10 22:00:00,17.52,17.58,17.43,17.53,151543
2022-06-10 22:30:00,17.54,17.54,17.27,17.28,655612
2022-06-10 23:00:00,17.28,17.28,17.28,17.28,647104
2022-06-13 16:30:00,16.53,16.6,16.08,16.25,794962
2022-06-13 17:00:00,16.25,16.38,16.06,16.1,281543
2022-06-13 17:30:00,16.11,16.12,15.94,15.94,207407
2022-06-13 18:00:00,15.93,16.02,15.85,15.92,232341
2022-06-13 18:30:00,15.91,16.07,15.86,16.0,168571
2022-06-13 19:00:00,15.99,16.18,15.98,16.14,341844
2022-06-13 19:30:00,16.13,16.27,16.07,16.07,325547
2022-06-13 20:00:00,16.07,16.11,16.03,16.11,213869
2022-06-13 20:30:00,16.11,16.26,16.06,16.25,278857
2022-06-13 21:00:00,16.24,16.25,16.04,16.11,366213
2022-06-13 21:30:00,16.1,16.18,16.04,16.06,334099
2022-06-13 22:00:00,16.06,16.13,15.97,15.98,459451
2022-06-13 22:30:00,15.97,15.99,15.82,15.94,1161729
2022-06-13 23:00:00,15.93,15.93,15.93,15.93,857662
2022-06-14 16:30:00,16.05,16.21,15.85,16.21,346086
2022-06-14 17:00:00,16.21,16.27,16.08,16.13,373234
2022-06-14 17:30:00,16.12,16.34,16.09,16.3,568412
2022-06-14 18:00:00,16.3,16.38,16.21,16.3,263789
2022-06-14 18:30:00,16.29,16.35,16.23,16.33,230007
2022-06-14 19:00:00,16.33,16.33,16.19,16.2,338699
2022-06-14 19:30:00,16.2,16.23,16.14,16.2,179796
2022-06-14 20:00:00,16.2,16.36,16.17,16.28,185863
2022-06-14 20:30:00,16.27,16.28,16.1,16.14,222848
2022-06-14 21:00:00,16.14,16.22,16.14,16.22,182073
2022-06-14 21:30:00,16.21,16.22,16.09,16.13,229897
2022-06-14 22:00:00,16.13,16.18,16.09,16.18,311276
2022-06-14 22:30:00,16.18,16.31,16.18,16.25,651217
2022-06-14 23:00:00,16.24,16.24,16.24,16.24,324855
2022-06-15 16:30:00,16.43,16.6,16.43,16.58,194573
2022-06-15 17:00:00,16.58,16.69,16.54,16.58,183321
2022-06-15 17:30:00,16.58,16.59,16.48,16.56,83272
2022-06-15 18:00:00,16.56,16.58,16.46,16.51,71186
2022-06-15 18:30:00,16.51,16.55,16.49,16.53,75513
2022-06-15 19:00:00,16.53,16.55,16.51,16.54,58608
2022-06-15 19:30:00,16.53,16.54,16.39,16.4,106654
2022-06-15 20:00:00,16.4,16.47,16.39,16.47,70721
2022-06-15 20:30:00,16.47,16.53,16.42,16.51,125254
2022-06-15 21:00:00,16.5,16.58,16.24,16.26,257036
2022-06-15 21:30:00,16.25,16.69,16.12,16.41,532183
2022-06-15 22:00:00,16.41,16.68,16.4,16.68,394862
2022-06-15 22:30:00,16.68,16.74,16.37,16.42,822002
2022-06-15 23:00:00,16.42,16.42,16.42,16.42,974439
2022-06-16 16:30:00,15.96,16.14,15.85,15.92,385320
2022-06-16 17:00:00,15.92,16.05,15.86,16.0,361334
2022-06-16 17:30:00,16.0,16.0,15.81,15.81,316281
2022-06-16 18:00:00,15.81,15.99,15.8,15.94,249222
2022-06-16 18:30:00,15.94,15.98,15.88,15.91,173130
2022-06-16 19:00:00,15.93,15.94,15.83,15.9,150708
2022-06-16 19:30:00,15.89,15.94,15.84,15.9,155580
2022-06-16 20:00:00,15.9,15.95,15.83,15.92,249168
2022-06-16 20:30:00,15.91,15.96,15.76,15.76,238343
2022-06-16 21:00:00,15.76,15.77,15.71,15.74,191084
2022-06-16 21:30:00,15.73,15.8,15.68,15.74,180696
2022-06-16 22:00:00,15.73,15.95,15.73,15.94,297115
2022-06-16 22:30:00,15.93,15.98,15.84,15.96,956220
2022-06-16 23:00:00,15.97,15.97,15.97,15.97,483336
2022-06-17 16:30:00,15.9,16.3,15.9,16.24,722671
2022-06-17 17:00:00,16.24,16.24,15.87,15.95,169775
2022-06-17 17:30:00,15.94,15.98,15.85,15.96,206014
2022-06-17 18:00:00,15.96,16.13,15.92,16.09,162017
2022-06-17 18:30:00,16.1,16.15,16.04,16.07,143392
2022-06-17 19:00:00,16.06,16.21,16.01,16.2,159373
2022-06-17 19:30:00,16.2,16.24,16.15,16.19,104903
2022-06-17 20:00:00,16.19,16.36,16.17,16.25,158524
2022-06-17 20:30:00,16.25,16.3,16.2,16.26,106216
2022-06-17 21:00:00,16.27,16.37,16.26,16.27,164330
2022-06-17 21:30:00,16.27,16.36,16.21,16.22,153987
2022-06-17 22:00:00,16.22,16.26,16.11,16.25,265135
2022-06-17 22:30:00,16.25,16.27,16.11,16.12,932022
2022-06-17 23:00:00,16.12,16.12,16.12,16.12,4375146
2022-06-21 16:30:00,16.56,16.67,16.42,16.63,252745
2022-06-21 17:00:00,16.63,16.68,16.53,16.55,170233
2022-06-21 17:30:00,16.56,16.69,16.54,16.67,395827
2022-06-21 18:00:00,16.67,16.68,16.53,16.55,140933
2022-06-21 18:30:00,16.55,16.58,16.44,16.44,140844
2022-06-21 19:00:00,16.43,16.51,16.42,16.51,92809
2022-06-21 19:30:00,16.51,16.53,16.45,16.52,187519
2022-06-21 20:00:00,16.52,16.55,16.43,16.46,153969
2022-06-21 20:30:00,16.46,16.5,16.42,16.42,149525
2022-06-21 21:00:00,16.42,16.51,16.4,16.5,182188
2022-06-21 21:30:00,16.5,16.58,16.49,16.57,181976
2022-06-21 22:00:00,16.58,16.62,16.57,16.6,238873
2022-06-21 22:30:00,16.6,16.62,16.53,16.56,502310
2022-06-21 23:00:00,16.56,16.56,16.56,16.56,698417
2022-06-22 16:30:00,16.21,16.45,16.21,16.26,227971
2022-06-22 17:00:00,16.26,16.56,16.26,16.56,120744
2022-06-22 17:30:00,16.56,16.61,16.51,16.52,172221
2022-06-22 18:00:00,16.51,16.56,16.45,16.56,142018
2022-06-22 18:30:00,16.56,16.59,16.42,16.42,125802
2022-06-22 19:00:00,16.42,16.51,16.39,16.49,88027
2022-06-22 19:30:00,16.48,16.55,16.48,16.53,78060
2022-06-22 20:00:00,16.54,16.59,16.5,16.57,80145
2022-06-22 20:30:00,16.57,16.61,16.53,16.58,75148
2022-06-22 21:00:00,16.58,16.68,16.58,16.64,147288
2022-06-22 21:30:00,16.64,16.67,16.61,16.67,145111
2022-06-22 22:00:00,16.67,16.69,16.6,16.61,192763
2022-06-22 22:30:00,16.61,16.64,16.55,16.59,551779
2022-06-22 23:00:00,16.6,16.6,16.6,16.6,745690
2022-06-23 16:30:00,16.52,16.76,16.52,16.72,207193
2022-06-23 17:00:00,16.73,16.76,16.58,16.63,160516
2022-06-23 17:30:00,16.63,16.74,16.58,16.67,194266
2022-06-23 18:00:00,16.67,16.75,16.62,16.67,202453
2022-06-23 18:30:00,16.67,16.69,16.58,16.58,203739
2022-06-23 19:00:00,16.58,16.58,16.49,16.5,145489
2022-06-23 19:30:00,16.49,16.51,16.37,16.38,155054
2022-06-23 20:00:00,16.38,16.44,16.35,16.37,159804
2022-06-23 20:30:00,16.37,16.41,16.32,16.39,104588
2022-06-23 21:00:00,16.38,16.46,16.37,16.45,136330
2022-06-23 21:30:00,16.45,16.52,16.45,16.49,116456
2022-06-23 22:00:00,16.48,16.54,16.45,16.53,201910
2022-06-23 22:30:00,16.53,16.71,16.53,16.69,818502
2022-06-23 23:00:00,16.69,16.69,16.69,16.69,648532
2022-06-24 16:30:00,16.9,17.13,16.83,17.11,175497
2022-06-24 17:00:00,17.11,17.3,17.11,17.22,202989
2022-06-24 17:30:00,17.22,17.29,17.18,17.27,160136
2022-06-24 18:00:00,17.28,17.37,17.28,17.36,146159
2022-06-24 18:30:00,17.36,17.39,17.32,17.33,93641
2022-06-24 19:00:00,17.34,17.4,17.32,17.33,63653
2022-06-24 19:30:00,17.33,17.41,17.32,17.35,128953
2022-06-24 20:00:00,17.34,17.42,17.32,17.33,103965
2022-06-24 20:30:00,17.33,17.37,17.32,17.33,94171
2022-06-24 21:00:00,17.34,17.39,17.25,17.27,166232
2022-06-24 21:30:00,17.27,17.39,17.27,17.39,156945
2022-06-24 22:00:00,17.39,17.42,17.34,17.42,138879
2022-06-24 22:30:00,17.42,17.43,17.3,17.37,713534
2022-06-24 23:00:00,17.37,17.38,17.36,17.36,2245027
2022-06-27 16:30:00,17.48,17.53,17.27,17.29,143540
2022-06-27 17:00:00,17.3,17.42,17.3,17.31,120870
2022-06-27 17:30:00,17.31,17.51,17.3,17.48,138067
2022-06-27 18:00:00,17.48,17.49,17.41,17.45,129862
2022-06-27 18:30:00,17.46,17.47,17.39,17.45,130287
2022-06-27 19:00:00,17.45,17.46,17.32,17.33,119893
2022-06-27 19:30:00,17.32,17.4,17.3,17.39,63557
2022-06-27 20:00:00,17.4,17.41,17.33,17.34,96352
2022-06-27 20:30:00,17.35,17.35,17.28,17.32,74936
2022-06-27 21:00:00,17.32,17.38,17.28,17.32,122023
2022-06-27 21:30:00,17.33,17.38,17.3,17.32,88595
2022-06-27 22:00:00,17.33,17.39,17.27,17.35,141775
2022-06-27 22:30:00,17.34,17.36,17.27,17.35,357815
2022-06-27 23:00:00,17.35,17.35,17.35,17.35,227587
2022-06-28 16:30:00,17.54,17.73,17.53,17.7,129539
2022-06-28 17:00:00,17.69,17.71,17.5,17.58,169365
2022-06-28 17:30:00,17.58,17.6,17.48,17.53,203802
2022-06-28 18:00:00,17.53,17.54,17.27,17.29,188939
2022-06-28 18:30:00,17.28,17.32,17.23,17.26,111486
2022-06-28 19:00:00,17.25,17.38,17.24,17.37,130343
2022-06-28 19:30:00,17.37,17.38,17.31,17.33,147621
2022-06-28 20:00:00,17.33,17.34,17.23,17.29,115794
2022-06-28 20:30:00,17.28,17.29,17.21,17.24,76635
2022-06-28 21:00:00,17.23,17.26,17.12,17.14,182609
2022-06-28 21:30:00,17.13,17.16,17.09,17.12,153443
2022-06-28 22:00:00,17.12,17.14,17.04,17.12,171866
2022-06-28 22:30:00,17.12,17.14,17.05,17.09,554055
2022-06-28 23:00:00,17.1,17.1,17.1,17.1,312103
2022-06-29 16:30:00,16.92,16.99,16.51,16.56,284001
2022-06-29 17:00:00,16.57,16.62,16.5,16.58,135983
2022-06-29 17:30:00,16.62,16.72,16.54,16.54,135258
2022-06-29 18:00:00,16.55,16.56,16.46,16.47,118348
2022-06-29 18:30:00,16.47,16.53,16.45,16.5,117107
2022-06-29 19:00:00,16.5,16.51,16.36,16.37,107996
2022-06-29 19:30:00,16.37,16.47,16.36,16.47,82966
2022-06-29 20:00:00,16.46,16.53,16.42,16.46,104477
2022-06-29 20:30:00,16.45,16.51,16.43,16.5,78124
2022-06-29 21:00:00,16.5,16.55,16.43,16.47,149227
2022-06-29 21:30:00,16.47,16.47,16.38,16.42,95155
2022-06-29 22:00:00,16.43,16.49,16.38,16.48,149413
2022-06-29 22:30:00,16.49,16.49,16.4,16.45,490737
2022-06-29 23:00:00,16.46,16.46,16.46,16.46,226938
2022-06-30 16:30:00,16.01,16.01,15.62,15.7,357032
2022-06-30 17:00:00,15.71,15.87,15.7,15.79,255081
2022-06-30 17:30:00,15.79,15.96,15.79,15.94,176865
2022-06-30 18:00:00,15.93,16.06,15.88,16.02,144524
2022-06-30 18:30:00,16.02,16.11,15.98,16.09,133874
2022-06-30 19:00:00,16.09,16.22,16.04,16.22,278075
2022-06-30 19:30:00,16.23,16.28,16.14,16.24,175722
2022-06-30 20:00:00,16.25,16.29,16.16,16.24,110509
2022-06-30 20:30:00,16.24,16.34,16.24,16.29,119363
2022-06-30 21:00:00,16.3,16.33,16.23,16.29,182943
2022-06-30 21:30:00,16.29,16.31,16.15,16.18,183589
2022-06-30 22:00:00,16.17,16.21,16.08,16.13,378275
2022-06-30 22:30:00,16.13,16.19,16.03,16.16,769338
2022-06-30 23:00:00,16.13,16.13,16.13,16.13,1334026
2022-07-01 16:30:00,16.03,16.43,16.03,16.34,191571
2022-07-01 17:00:00,16.35,16.4,16.02,16.04,129977
2022-07-01 17:30:00,16.03,16.11,15.91,16.1,203099
2022-07-01 18:00:00,16.09,16.21,16.05,16.16,142808
2022-07-01 18:30:00,16.17,16.2,16.09,16.12,116785
2022-07-01 19:00:00,16.13,16.3,16.11,16.29,219300
2022-07-01 19:30:00,16.29,16.31,16.16,16.21,186180
2022-07-01 20:00:00,16.21,16.29,16.21,16.29,112341
2022-07-01 20:30:00,16.29,16.32,16.25,16.29,71836
2022-07-01 21:00:00,16.3,16.35,16.24,16.33,87145
2022-07-01 21:30:00,16.33,16.39,16.33,16.38,132293
2022-07-01 22:00:00,16.38,16.39,16.32,16.38,128461
2022-07-01 22:30:00,16.38,16.44,16.34,16.43,520633
2022-07-01 23:00:00,16.42,16.42,16.42,16.42,418378
2022-07-05 16:30:00,15.98,15.98,15.78,15.84,220240
2022-07-05 17:00:00,15.83,15.95,15.76,15.9,163605
2022-07-05 17:30:00,15.9,16.04,15.86,15.91,215405
2022-07-05 18:00:00,15.91,15.93,15.83,15.85,109490
2022-07-05 18:30:00,15.85,15.93,15.76,15.93,140352
2022-07-05 19:00:00,15.92,16.1,15.91,16.06,144124
2022-07-05 19:30:00,16.07,16.08,15.92,15.94,232297
2022-07-05 20:00:00,15.95,16.07,15.93,16.03,197587
2022-07-05 20:30:00,16.03,16.12,16.02,16.09,118833
2022-07-05 21:00:00,16.1,16.17,16.09,16.16,119357
2022-07-05 21:30:00,16.16,16.25,16.16,16.23,143897
2022-07-05 22:00:00,16.22,16.33,16.19,16.31,171466
2022-07-05 22:30:00,16.31,16.41,16.29,16.41,531076
2022-07-05 23:00:00,16.41,16.41,16.39,16.39,691862
2022-07-06 16:30:00,16.27,16.37,16.02,16.03,204392
2022-07-06 17:00:00,16.03,16.16,16.0,16.1,130030
2022-07-06 17:30:00,16.11,16.14,16.02,16.05,130050
2022-07-06 18:00:00,16.05,16.11,15.93,16.04,341913
2022-07-06 18:30:00,16.04,16.04,15.94,16.03,108300
2022-07-06 19:00:00,16.03,16.05,15.97,16.02,112055
2022-07-06 19:30:00,16.02,16.02,15.91,15.94,111769
2022-07-06 20:00:00,15.95,16.01,15.9,15.92,225431
2022-07-06 20:30:00,15.92,15.97,15.89,15.95,185544
2022-07-06 21:00:00,15.95,16.01,15.87,16.0,298905
2022-07-06 21:30:00,16.0,16.09,15.97,16.03,244849
2022-07-06 22:00:00,16.03,16.11,15.98,16.1,319898
2022-07-06 22:30:00,16.1,16.15,15.97,15.98,850965
2022-07-06 23:00:00,15.97,15.98,15.97,15.98,1262615
2022-07-07 16:30:00,16.2,16.41,16.16,16.33,263030
2022-07-07 17:00:00,16.32,16.32,16.14,16.23,201811
2022-07-07 17:30:00,16.24,16.35,16.22,16.29,202183
2022-07-07 18:00:00,16.3,16.34,16.27,16.28,143534
2022-07-07 18:30:00,16.29,16.29,16.25,16.27,104290
2022-07-07 19:00:00,16.26,16.31,16.25,16.29,73873
2022-07-07 19:30:00,16.29,16.34,16.28,16.31,125913
2022-07-07 20:00:00,16.31,16.4,16.3,16.38,189130
2022-07-07 20:30:00,16.38,16.46,16.37,16.46,161839
2022-07-07 21:00:00,16.46,16.5,16.43,16.48,105592
2022-07-07 21:30:00,16.47,16.48,16.43,16.44,145866
2022-07-07 22:00:00,16.44,16.45,16.39,16.39,214819
2022-07-07 22:30:00,16.39,16.43,16.35,16.38,691789
2022-07-07 23:00:00,16.41,16.41,16.39,16.39,1072784
2022-07-08 16:30:00,16.44,16.46,16.09,16.12,182969
2022-07-08 17:00:00,16.1,16.3,16.07,16.28,136297
2022-07-08 17:30:00,16.29,16.36,16.27,16.34,142785
2022-07-08 18:00:00,16.34,16.42,16.33,16.34,130297
2022-07-08 18:30:00,16.34,16.37,16.25,16.3,132570
2022-07-08 19:00:00,16.31,16.31,16.17,16.17,116942
2022-07-08 19:30:00,16.17,16.18,16.09,16.11,91379
2022-07-08 20:00:00,16.11,16.2,16.09,16.2,69050
2022-07-08 20:30:00,16.19,16.25,16.16,16.2,113010
2022-07-08 21:00:00,16.2,16.26,16.2,16.26,133756
2022-07-08 21:30:00,16.27,16.3,16.25,16.28,210257
2022-07-08 22:00:00,16.28,16.33,16.27,16.33,225721
2022-07-08 22:30:00,16.32,16.33,16.19,16.2,378230
2022-07-08 23:00:00,16.19,16.21,16.19,16.21,560655
2022-07-11 16:30:00,15.92,15.96,15.66,15.88,254561
2022-07-11 17:00:00,15.85,15.92,15.77,15.78,136243
2022-07-11 17:30:00,15.78,15.83,15.69,15.69,126988
2022-07-11 18:00:00,15.69,15.74,15.66,15.71,157618
2022-07-11 18:30:00,15.71,15.74,15.65,15.67,157117
2022-07-11 19:00:00,15.68,15.69,15.63,15.64,86171
2022-07-11 19:30:00,15.65,15.71,15.63,15.68,92385
2022-07-11 20:00:00,15.69,15.79,15.67,15.79,110880
2022-07-11 20:30:00,15.8,15.82,15.77,15.79,89318
2022-07-11 21:00:00,15.79,15.79,15.73,15.74,80046
2022-07-11 21:30:00,15.74,15.79,15.71,15.72,76806
2022-07-11 22:00:00,15.72,15.73,15.68,15.7,122395
2022-07-11 22:30:00,15.7,15.72,15.65,15.69,339437
2022-07-11 23:00:00,15.69,15.69,15.69,15.69,293011
2022-07-12 16:30:00,15.6,15.96,15.58,15.9,236944
2022-07-12 17:00:00,15.9,16.04,15.8,16.01,166902
2022-07-12 17:30:00,16.02,16.11,16.0,16.11,177404
2022-07-12 18:00:00,16.11,16.21,16.08,16.2,118011
2022-07-12 18:30:00,16.2,16.23,16.16,16.19,113303
2022-07-12 19:00:00,16.19,16.22,16.15,16.19,84528
2022-07-12 19:30:00,16.19,16.23,16.16,16.19,84555
2022-07-12 20:00:00,16.19,16.21,16.11,16.11,82574
2022-07-12 20:30:00,16.12,16.16,16.1,16.14,98159
2022-07-12 21:00:00,16.14,16.16,16.1,16.12,117436
2022-07-12 21:30:00,16.13,16.14,16.02,16.02,64801
2022-07-12 22:00:00,16.02,16.02,15.89,15.89,266357
2022-07-12 22:30:00,15.88,15.91,15.78,15.9,819168
2022-07-12 23:00:00,15.9,15.92,15.9,15.9,283283
2022-07-13 16:30:00,15.53,15.57,15.3,15.39,708079
2022-07-13 17:00:00,15.39,15.42,15.2,15.34,432998
2022-07-13 17:30:00,15.33,15.52,15.33,15.5,509374
2022-07-13 18:00:00,15.5,15.53,15.38,15.38,396213
2022-07-13 18:30:00,15.37,15.41,15.3,15.32,264038
2022-07-13 19:00:00,15.33,15.47,15.31,15.47,185409
2022-07-13 19:30:00,15.47,15.51,15.45,15.48,229189
2022-07-13 20:00:00,15.47,15.54,15.44,15.5,218955
2022-07-13 20:30:00,15.49,15.61,15.47,15.58,606866
2022-07-13 21:00:00,15.58,15.58,15.43,15.55,632350
2022-07-13 21:30:00,15.55,15.71,15.54,15.7,372295
2022-07-13 22:00:00,15.71,15.71,15.63,15.66,284202
2022-07-13 22:30:00,15.66,15.7,15.6,15.64,785173
2022-07-13 23:00:00,15.62,15.64,15.62,15.64,1349929
2022-07-14 16:30:00,15.32,15.42,15.2,15.38,259044
2022-07-14 17:00:00,15.39,15.6,15.33,15.6,209835
2022-07-14 17:30:00,15.61,15.65,15.5,15.53,180391
2022-07-14 18:00:00,15.53,15.6,15.5,15.54,146503
2022-07-14 18:30:00,15.55,15.72,15.5,15.71,117805
2022-07-14 19:00:00,15.71,15.72,15.59,15.59,73280
2022-07-14 19:30:00,15.59,15.63,15.51,15.57,117341
2022-07-14 20:00:00,15.56,15.57,15.51,15.54,126216
2022-07-14 20:30:00,15.53,15.62,15.46,15.6,127262
2022-07-14 21:00:00,15.61,15.71,15.59,15.71,122603
2022-07-14 21:30:00,15.71,15.72,15.62,15.66,143289
2022-07-14 22:00:00,15.67,15.68,15.62,15.67,202054
2022-07-14 22:30:00,15.67,15.69,15.59,15.66,604030
2022-07-14 23:00:00,15.66,15.66,15.66,15.66,880554
2022-07-15 16:30:00,15.96,16.04,15.59,15.62,275299
2022-07-15 17:00:00,15.62,16.0,15.62,15.99,289097
2022-07-15 17:30:00,15.99,16.03,15.91,15.94,135572
2022-07-15 18:00:00,15.95,16.1,15.94,16.09,130681
2022-07-15 18:30:00,16.09,16.14,16.06,16.08,81096
2022-07-15 19:00:00,16.08,16.19,16.07,16.15,133003
2022-07-15 19:30:00,16.15,16.18,16.11,16.18,82634
2022-07-15 20:00:00,16.17,16.29,16.17,16.29,112773
2022-07-15 20:30:00,16.28,16.3,16.25,16.3,144116
2022-07-15 21:00:00,16.29,16.35,16.26,16.29,153233
2022-07-15 21:30:00,16.29,16.36,16.29,16.34,93577
2022-07-15 22:00:00,16.34,16.35,16.28,16.28,79369
2022-07-15 22:30:00,16.28,16.29,16.2,16.25,507124
2022-07-15 23:00:00,16.24,16.24,16.24,16.24,1026926
2022-07-18 16:30:00,16.37,16.66,16.28,16.52,236546
2022-07-18 17:00:00,16.52,16.52,16.32,16.42,199015
2022-07-18 17:30:00,16.44,16.49,16.39,16.47,143083
2022-07-18 18:00:00,16.47,16.49,16.41,16.47,113483
2022-07-18 18:30:00,16.48,16.53,16.44,16.53,133670
2022-07-18 19:00:00,16.52,16.52,16.45,16.47,200274
2022-07-18 19:30:00,16.47,16.48,16.34,16.35,84177
2022-07-18 20:00:00,16.35,16.38,16.31,16.32,197542
2022-07-18 20:30:00,16.32,16.32,16.16,16.17,180594
2022-07-18 21:00:00,16.17,16.24,16.14,16.15,136074
2022-07-18 21:30:00,16.15,16.19,16.11,16.14,116830
2022-07-18 22:00:00,16.14,16.2,16.13,16.13,180949
2022-07-18 22:30:00,16.13,16.21,16.03,16.19,608154
2022-07-18 23:00:00,16.19,16.19,16.19,16.19,442731
2022-07-19 16:30:00,16.47,16.74,16.47,16.57,189796
2022-07-19 17:00:00,16.56,16.85,16.55,16.8,143432
2022-07-19 17:30:00,16.81,16.82,16.66,16.7,131533
2022-07-19 18:00:00,16.71,16.78,16.7,16.71,158599
2022-07-19 18:30:00,16.71,16.76,16.69,16.75,106851
2022-07-19 19:00:00,16.74,16.8,16.72,16.77,97275
2022-07-19 19:30:00,16.76,16.87,16.76,16.84,121550
2022-07-19 20:00:00,16.84,16.84,16.8,16.84,136448
2022-07-19 20:30:00,16.84,16.91,16.83,16.89,159965
2022-07-19 21:00:00,16.89,16.92,16.84,16.84,183862
2022-07-19 21:30:00,16.84,16.87,16.83,16.86,122245
2022-07-19 22:00:00,16.86,16.87,16.83,16.86,131715
2022-07-19 22:30:00,16.85,16.89,16.83,16.86,594756
2022-07-19 23:00:00,16.86,16.86,16.86,16.86,515680
2022-07-20 16:30:00,16.78,16.93,16.73,16.81,208572
2022-07-20 17:00:00,16.81,16.95,16.75,16.93,181534
2022-07-20 17:30:00,16.93,17.08,16.93,17.07,155251
2022-07-20 18:00:00,17.07,17.1,17.01,17.06,151600
2022-07-20 18:30:00,17.05,17.1,17.0,17.02,109342
2022-07-20 19:00:00,17.01,17.06,17.01,17.02,101255
2022-07-20 19:30:00,17.03,17.04,16.89,16.91,101401
2022-07-20 20:00:00,16.91,16.91,16.8,16.89,116774
2022-07-20 20:30:00,16.91,16.93,16.83,16.84,84959
2022-07-20 21:00:00,16.84,17.0,16.84,16.99,95377
2022-07-20 21:30:00,16.99,17.06,16.96,17.06,195026
2022-07-20 22:00:00,17.05,17.15,17.05,17.15,298900
2022-07-20 22:30:00,17.15,17.18,17.11,17.17,742160
2022-07-20 23:00:00,17.16,17.16,17.16,17.16,305720
2022-07-21 16:30:00,17.07,17.22,17.01,17.16,134874
2022-07-21 17:00:00,17.17,17.19,16.99,16.99,131305
2022-07-21 17:30:00,16.99,17.15,16.98,17.15,74064
2022-07-21 18:00:00,17.15,17.15,17.08,17.11,90869
2022-07-21 18:30:00,17.12,17.19,17.11,17.17,56684
2022-07-21 19:00:00,17.16,17.26,17.15,17.24,106744
2022-07-21 19:30:00,17.24,17.24,17.19,17.19,99461
2022-07-21 20:00:00,17.19,17.22,17.13,17.15,70518
2022-07-21 20:30:00,17.14,17.16,17.08,17.12,99709
2022-07-21 21:00:00,17.13,17.15,17.05,17.13,657963
2022-07-21 21:30:00,17.13,17.13,17.02,17.05,128391
2022-07-21 22:00:00,17.05,17.12,17.04,17.08,145674
2022-07-21 22:30:00,17.09,17.18,17.07,17.18,959033
2022-07-21 23:00:00,17.18,17.18,17.18,17.18,591672
2022-07-22 16:30:00,17.2,17.41,17.14,17.16,223381
2022-07-22 17:00:00,17.16,17.22,17.06,17.2,173162
2022-07-22 17:30:00,17.2,17.26,17.18,17.24,99601
2022-07-22 18:00:00,17.24,17.28,17.2,17.26,199264
2022-07-22 18:30:00,17.26,17.27,17.17,17.21,109299
2022-07-22 19:00:00,17.21,17.23,17.09,17.13,97509
2022-07-22 19:30:00,17.14,17.18,17.12,17.13,115773
2022-07-22 20:00:00,17.12,17.13,17.04,17.05,63777
2022-07-22 20:30:00,17.04,17.06,17.0,17.04,94378
2022-07-22 21:00:00,17.04,17.06,16.99,17.03,147818
2022-07-22 21:30:00,17.03,17.08,17.02,17.04,80378
2022-07-22 22:00:00,17.04,17.12,17.01,17.1,160988
2022-07-22 22:30:00,17.1,17.14,17.08,17.12,559931
2022-07-22 23:00:00,17.1,17.11,17.1,17.11,1046594
2022-07-25 16:30:00,17.2,17.23,16.83,17.08,727111
2022-07-25 17:00:00,17.09,17.21,17.05,17.07,369033
2022-07-25 17:30:00,17.08,17.11,17.02,17.06,255153
2022-07-25 18:00:00,17.05,17.07,16.98,17.07,232333
2022-07-25 18:30:00,17.07,17.18,17.07,17.18,128613
2022-07-25 19:00:00,17.18,17.2,17.04,17.08,233557
2022-07-25 19:30:00,17.08,17.22,17.06,17.21,331224
2022-07-25 20:00:00,17.21,17.57,17.18,17.19,334897
2022-07-25 20:30:00,17.19,17.2,17.14,17.16,124073
2022-07-25 21:00:00,17.15,17.16,17.11,17.14,122340
2022-07-25 21:30:00,17.14,17.17,17.09,17.09,136760
2022-07-25 22:00:00,17.1,17.17,17.08,17.11,252086
2022-07-25 22:30:00,17.11,17.23,17.08,17.22,1361540
2022-07-25 23:00:00,17.22,17.23,17.21,17.21,577164
2022-07-26 16:30:00,17.06,17.13,16.95,17.12,519746
2022-07-26 17:00:00,17.11,17.14,16.98,17.11,511896
2022-07-26 17:30:00,17.11,17.31,17.11,17.3,340245
2022-07-26 18:00:00,17.3,17.32,17.12,17.12,153651
2022-07-26 18:30:00,17.13,17.13,17.0,17.0,177367
2022-07-26 19:00:00,17.0,17.03,16.9,16.91,282948
2022-07-26 19:30:00,16.91,16.96,16.89,16.94,225438
2022-07-26 20:00:00,16.94,17.0,16.91,16.99,130534
2022-07-26 20:30:00,16.99,16.99,16.92,16.93,111312
2022-07-26 21:00:00,16.93,16.98,16.86,16.86,118551
2022-07-26 21:30:00,16.86,16.87,16.83,16.86,150896
2022-07-26 22:00:00,16.86,16.86,16.8,16.83,185593
2022-07-26 22:30:00,16.83,16.84,16.71,16.76,1125120
2022-07-26 23:00:00,16.76,16.78,16.75,16.77,1219017
2022-07-27 16:30:00,17.0,17.0,16.09,16.29,656601
2022-07-27 17:00:00,16.3,16.37,16.23,16.34,262726
2022-07-27 17:30:00,16.34,16.5,16.34,16.49,218216
2022-07-27 18:00:00,16.48,16.5,16.32,16.32,179652
2022-07-27 18:30:00,16.32,16.36,16.28,16.33,250136
2022-07-27 19:00:00,16.32,16.48,16.29,16.48,150302
2022-07-27 19:30:00,16.47,16.49,16.4,16.42,127343
2022-07-27 20:00:00,16.41,16.41,16.32,16.33,131057
2022-07-27 20:30:00,16.33,16.34,16.29,16.3,134764
2022-07-27 21:00:00,16.3,16.4,16.25,16.28,173391
2022-07-27 21:30:00,16.28,16.55,16.22,16.48,345323
2022-07-27 22:00:00,16.49,16.72,16.48,16.72,190002
2022-07-27 22:30:00,16.73,16.84,16.62,16.69,1054844
2022-07-27 23:00:00,16.69,16.69,16.66,16.67,464456
2022-07-28 16:30:00,16.66,17.09,16.66,16.69,346892
2022-07-28 17:00:00,16.69,16.76,16.46,16.51,241226
2022-07-28 17:30:00,16.51,16.7,16.47,16.68,160881
2022-07-28 18:00:00,16.67,16.83,16.66,16.83,214148
2022-07-28 18:30:00,16.83,17.19,16.82,17.15,492320
2022-07-28 19:00:00,17.15,17.26,17.08,17.1,372019
2022-07-28 19:30:00,17.1,17.16,17.03,17.12,201665
2022-07-28 20:00:00,17.12,17.13,17.07,17.09,164930
2022-07-28 20:30:00,17.09,17.21,17.08,17.2,205981
2022-07-28 21:00:00,17.19,17.24,17.18,17.21,242486
2022-07-28 21:30:00,17.22,17.26,17.22,17.24,207405
2022-07-28 22:00:00,17.23,17.28,17.2,17.23,493010
2022-07-28 22:30:00,17.23,17.27,17.11,17.27,883537
2022-07-28 23:00:00,17.27,17.27,17.24,17.25,473198
2022-07-29 16:30:00,17.22,17.58,17.22,17.57,252232
2022-07-29 17:00:00,17.56,17.77,17.54,17.69,284050
2022-07-29 17:30:00,17.7,17.76,17.66,17.69,159551
2022-07-29 18:00:00,17.68,17.71,17.45,17.48,253407
2022-07-29 18:30:00,17.48,17.6,17.48,17.53,123172
2022-07-29 19:00:00,17.54,17.65,17.5,17.65,236151
2022-07-29 19:30:00,17.65,17.75,17.65,17.74,281085
2022-07-29 20:00:00,17.74,17.75,17.66,17.66,260767
2022-07-29 20:30:00,17.66,17.78,17.65,17.73,263234
2022-07-29 21:00:00,17.73,17.82,17.72,17.81,262213
2022-07-29 21:30:00,17.81,17.88,17.81,17.85,305642
2022-07-29 22:00:00,17.84,17.88,17.84,17.85,255108
2022-07-29 22:30:00,17.85,17.85,17.74,17.75,1146076
2022-07-29 23:00:00,17.75,17.76,17.73,17.74,12399474
2022-08-01 16:30:00,17.62,17.81,17.37,17.8,384404
2022-08-01 17:00:00,17.79,17.95,17.67,17.76,296797
2022-08-01 17:30:00,17.76,17.9,17.72,17.86,224713
2022-08-01 18:00:00,17.86,17.97,17.86,17.94,207660
2022-08-01 18:30:00,17.94,17.98,17.88,17.92,163601
2022-08-01 19:00:00,17.92,17.96,17.86,17.93,125803
2022-08-01 19:30:00,17.94,17.98,17.91,17.98,118503
2022-08-01 20:00:00,17.98,17.98,17.89,17.9,172930
2022-08-01 20:30:00,17.9,17.91,17.81,17.9,167107
2022-08-01 21:00:00,17.9,18.0,17.86,17.98,157490
2022-08-01 21:30:00,17.98,18.07,17.95,18.05,182492
2022-08-01 22:00:00,18.04,18.07,17.97,17.98,172886
2022-08-01 22:30:00,17.97,18.05,17.94,18.04,578155
2022-08-01 23:00:00,18.04,18.07,18.04,18.05,755855
2022-08-02 16:30:00,17.9,17.92,17.67,17.79,211237
2022-08-02 17:00:00,17.79,17.86,17.69,17.86,193822
2022-08-02 17:30:00,17.86,17.92,17.84,17.84,205828
2022-08-02 18:00:00,17.85,17.86,17.8,17.84,107185
2022-08-02 18:30:00,17.85,17.9,17.81,17.86,126137
2022-08-02 19:00:00,17.86,17.97,17.84,17.96,455461
2022-08-02 19:30:00,17.96,18.03,17.96,18.02,236062
2022-08-02 20:00:00,18.02,18.02,17.91,17.92,107371
2022-08-02 20:30:00,17.92,17.94,17.86,17.94,119972
2022-08-02 21:00:00,17.94,17.97,17.9,17.95,209028
2022-08-02 21:30:00,17.95,17.96,17.87,17.89,158908
2022-08-02 22:00:00,17.88,17.89,17.76,17.81,196158
2022-08-02 22:30:00,17.8,17.8,17.65,17.68,555701
2022-08-02 23:00:00,17.67,17.67,17.66,17.66,465376
2022-08-03 16:30:00,17.89,17.94,17.62,17.74,213098
2022-08-03 17:00:00,17.73,17.92,17.73,17.91,174084
2022-08-03 17:30:00,17.91,17.93,17.77,17.78,120122
2022-08-03 18:00:00,17.78,17.85,17.75,17.82,123121
2022-08-03 18:30:00,17.83,17.88,17.8,17.85,69643
2022-08-03 19:00:00,17.85,17.87,17.72,17.73,193065
2022-08-03 19:30:00,17.73,17.78,17.73,17.77,125489
2022-08-03 20:00:00,17.76,17.94,17.76,17.94,147910
2022-08-03 20:30:00,17.94,17.95,17.87,17.9,94428
2022-08-03 21:00:00,17.9,17.93,17.88,17.89,80761
2022-08-03 21:30:00,17.89,17.91,17.86,17.87,85513
2022-08-03 22:00:00,17.88,17.89,17.85,17.88,123658
2022-08-03 22:30:00,17.88,17.95,17.87,17.92,534953
2022-08-03 23:00:00,17.92,17.92,17.89,17.9,876339
2022-08-04 16:30:00,17.89,18.04,17.82,17.92,206283
2022-08-04 17:00:00,17.93,17.98,17.88,17.91,182670
2022-08-04 17:30:00,17.91,17.97,17.82,17.89,162369
2022-08-04 18:00:00,17.89,17.93,17.85,17.89,104301
2022-08-04 18:30:00,17.9,17.91,17.81,17.9,47909
2022-08-04 19:00:00,17.9,17.94,17.89,17.94,60569
2022-08-04 19:30:00,17.94,17.94,17.83,17.91,83179
2022-08-04 20:00:00,17.91,17.94,17.88,17.94,82501
2022-08-04 20:30:00,17.93,17.94,17.89,17.9,95692
2022-08-04 21:00:00,17.91,17.92,17.87,17.9,114795
2022-08-04 21:30:00,17.9,17.9,17.83,17.88,88667
2022-08-04 22:00:00,17.87,17.9,17.81,17.84,184305
2022-08-04 22:30:00,17.85,17.85,17.77,17.81,467076
2022-08-04 23:00:00,17.81,17.82,17.8,17.8,664944
2022-08-05 16:30:00,17.59,17.89,17.53,17.84,165272
2022-08-05 17:00:00,17.83,18.03,17.83,17.94,146231
2022-08-05 17:30:00,17.94,17.98,17.91,17.95,70609
2022-08-05 18:00:00,17.96,17.98,17.83,17.84,99589
2022-08-05 18:30:00,17.83,17.89,17.83,17.84,81591
2022-08-05 19:00:00,17.84,17.91,17.83,17.9,93365
2022-08-05 19:30:00,17.89,17.91,17.84,17.91,69985
2022-08-05 20:00:00,17.91,17.91,17.85,17.85,74476
2022-08-05 20:30:00,17.85,17.89,17.83,17.84,74977
2022-08-05 21:00:00,17.84,17.86,17.8,17.81,65216
2022-08-05 21:30:00,17.81,17.84,17.78,17.81,80280
2022-08-05 22:00:00,17.81,17.86,17.79,17.85,130926
2022-08-05 22:30:00,17.85,17.92,17.83,17.92,446269
2022-08-05 23:00:00,17.92,17.93,17.91,17.92,642996
2022-08-08 16:30:00,17.98,18.19,17.98,18.15,158791
2022-08-08 17:00:00,18.15,18.29,18.15,18.28,210537
2022-08-08 17:30:00,18.28,18.37,18.28,18.29,104009
2022-08-08 18:00:00,18.29,18.38,18.28,18.3,247735
2022-08-08 18:30:00,18.3,18.33,18.17,18.25,210385
2022-08-08 19:00:00,18.25,18.26,18.06,18.12,81834
2022-08-08 19:30:00,18.12,18.22,18.12,18.18,160424
2022-08-08 20:00:00,18.18,18.22,18.14,18.15,80143
2022-08-08 20:30:00,18.15,18.26,18.15,18.26,123995
2022-08-08 21:00:00,18.25,18.28,18.2,18.24,151551
2022-08-08 21:30:00,18.24,18.25,18.14,18.22,90688
2022-08-08 22:00:00,18.22,18.23,18.15,18.21,224243
2022-08-08 22:30:00,18.2,18.23,18.09,18.1,500432
2022-08-08 23:00:00,18.09,18.11,18.09,18.1,1306998
2022-08-09 16:30:00,18.04,18.04,17.9,17.98,161962
2022-08-09 17:00:00,17.97,18.05,17.95,18.05,156884
2022-08-09 17:30:00,18.05,18.05,17.93,17.94,125324
2022-08-09 18:00:00,17.95,17.96,17.84,17.94,210218
2022-08-09 18:30:00,17.93,17.94,17.7,17.84,331071
2022-08-09 19:00:00,17.84,17.87,17.78,17.79,120978
2022-08-09 19:30:00,17.79,17.8,17.74,17.8,141667
2022-08-09 20:00:00,17.8,17.81,17.7,17.72,425466
2022-08-09 20:30:00,17.72,17.78,17.67,17.78,141384
2022-08-09 21:00:00,17.78,17.79,17.68,17.69,134888
2022-08-09 21:30:00,17.69,17.73,17.68,17.72,83412
2022-08-09 22:00:00,17.72,17.77,17.69,17.76,147514
2022-08-09 22:30:00,17.76,17.89,17.74,17.86,415451
2022-08-09 23:00:00,17.86,17.87,17.85,17.85,534581
2022-08-10 16:30:00,18.22,18.45,18.18,18.33,241524
2022-08-10 17:00:00,18.34,18.41,18.28,18.3,428787
2022-08-10 17:30:00,18.3,18.4,18.28,18.4,231690
2022-08-10 18:00:00,18.4,18.54,18.4,18.53,235933
2022-08-10 18:30:00,18.53,18.55,18.46,18.55,170580
2022-08-10 19:00:00,18.55,18.59,18.44,18.47,159415
2022-08-10 19:30:00,18.46,18.5,18.45,18.49,92425
2022-08-10 20:00:00,18.49,18.52,18.43,18.46,190397
2022-08-10 20:30:00,18.47,18.5,18.43,18.48,100648
2022-08-10 21:00:00,18.47,18.48,18.4,18.44,117301
2022-08-10 21:30:00,18.43,18.46,18.36,18.38,97966
2022-08-10 22:00:00,18.38,18.39,18.31,18.37,317782
2022-08-10 22:30:00,18.36,18.39,18.27,18.38,761690
2022-08-10 23:00:00,18.38,18.39,18.37,18.38,916105
2022-08-11 16:30:00,18.3,18.57,18.28,18.49,307365
2022-08-11 17:00:00,18.49,18.67,18.46,18.58,198847
2022-08-11 17:30:00,18.59,18.67,18.57,18.61,138533
2022-08-11 18:00:00,18.62,18.64,18.43,18.52,129827
2022-08-11 18:30:00,18.51,18.53,18.38,18.45,135464
2022-08-11 19:00:00,18.45,18.48,18.39,18.47,66346
2022-08-11 19:30:00,18.47,18.54,18.46,18.52,125901
2022-08-11 20:00:00,18.52,18.55,18.45,18.46,138169
2022-08-11 20:30:00,18.46,18.47,18.41,18.43,139744
2022-08-11 21:00:00,18.44,18.49,18.38,18.49,214597
2022-08-11 21:30:00,18.49,18.49,18.37,18.41,184937
2022-08-11 22:00:00,18.41,18.46,18.37,18.46,164445
2022-08-11 22:30:00,18.46,18.48,18.42,18.48,525465
2022-08-11 23:00:00,18.48,18.49,18.48,18.49,660134
2022-08-12 16:30:00,18.75,18.85,18.64,18.84,336343
2022-08-12 17:00:00,18.83,18.89,18.74,18.88,405292
2022-08-12 17:30:00,18.88,18.94,18.86,18.92,193535
2022-08-12 18:00:00,18.92,19.09,18.9,19.02,200424
2022-08-12 18:30:00,19.02,19.04,18.95,18.97,210136
2022-08-12 19:00:00,18.97,19.02,18.97,19.01,127347
2022-08-12 19:30:00,19.01,19.03,18.95,18.96,81452
2022-08-12 20:00:00,18.96,19.04,18.95,19.0,178545
2022-08-12 20:30:00,19.0,19.03,18.95,19.0,105220
2022-08-12 21:00:00,19.0,19.02,18.98,19.01,100624
2022-08-12 21:30:00,19.01,19.04,18.97,18.99,146595
2022-08-12 22:00:00,18.98,19.02,18.95,19.01,205104
2022-08-12 22:30:00,19.0,19.08,18.96,19.07,587520
2022-08-12 23:00:00,19.08,19.08,19.06,19.07,375415
2022-08-15 16:30:00,18.79,18.95,18.77,18.95,225924
2022-08-15 17:00:00,18.94,18.96,18.87,18.9,248819
2022-08-15 17:30:00,18.9,18.94,18.82,18.85,201455
2022-08-15 18:00:00,18.84,18.88,18.82,18.85,104931
2022-08-15 18:30:00,18.85,18.96,18.85,18.94,120563
2022-08-15 19:00:00,18.93,18.99,18.92,18.96,90305
2022-08-15 19:30:00,18.96,18.97,18.91,18.96,84315
2022-08-15 20:00:00,18.96,18.99,18.93,18.98,109159
2022-08-15 20:30:00,18.98,18.99,18.92,18.98,146250
2022-08-15 21:00:00,18.98,19.0,18.96,19.0,79930
2022-08-15 21:30:00,19.0,19.02,18.98,19.01,78122
2022-08-15 22:00:00,19.01,19.04,18.98,19.02,104308
2022-08-15 22:30:00,19.02,19.02,18.92,18.95,398562
2022-08-15 23:00:00,18.95,18.96,18.94,18.94,581848
2022-08-16 16:30:00,18.92,19.02,18.83,19.0,160811
2022-08-16 17:00:00,18.99,19.01,18.85,18.85,137966
2022-08-16 17:30:00,18.85,18.9,18.81,18.87,162592
2022-08-16 18:00:00,18.87,18.95,18.87,18.93,114322
2022-08-16 18:30:00,18.93,19.02,18.93,19.02,123582
2022-08-16 19:00:00,19.02,19.05,19.0,19.03,65148
2022-08-16 19:30:00,19.02,19.03,18.97,18.98,105351
2022-08-16 20:00:00,18.97,19.07,18.97,19.07,126289
2022-08-16 20:30:00,19.07,19.11,19.06,19.11,115788
2022-08-16 21:00:00,19.11,19.11,19.04,19.05,84450
2022-08-16 21:30:00,19.05,19.06,18.88,18.93,103657
2022-08-16 22:00:00,18.92,18.97,18.9,18.97,150422
2022-08-16 22:30:00,18.97,18.98,18.92,18.94,395506
2022-08-16 23:00:00,18.94,18.95,18.93,18.94,316343
2022-08-17 16:30:00,18.61,18.72,18.54,18.64,136774
2022-08-17 17:00:00,18.65,18.66,18.58,18.61,60006
2022-08-17 17:30:00,18.61,18.67,18.54,18.55,93495
2022-08-17 18:00:00,18.55,18.57,18.47,18.5,121436
2022-08-17 18:30:00,18.5,18.51,18.43,18.43,65916
2022-08-17 19:00:00,18.44,18.55,18.44,18.54,57052
2022-08-17 19:30:00,18.54,18.6,18.54,18.6,94578
2022-08-17 20:00:00,18.59,18.61,18.56,18.61,100609
2022-08-17 20:30:00,18.61,18.61,18.56,18.58,82607
2022-08-17 21:00:00,18.58,18.76,18.58,18.72,174142
2022-08-17 21:30:00,18.73,18.76,18.67,18.68,121783
2022-08-17 22:00:00,18.67,18.71,18.62,18.67,117944
2022-08-17 22:30:00,18.66,18.71,18.62,18.64,457969
2022-08-17 23:00:00,18.63,18.63,18.63,18.63,700488
2022-08-18 16:30:00,18.63,18.7,18.47,18.58,91540
2022-08-18 17:00:00,18.58,18.65,18.53,18.61,138068
2022-08-18 17:30:00,18.61,18.67,18.58,18.63,155789
2022-08-18 18:00:00,18.64,18.67,18.58,18.62,100627
2022-08-18 18:30:00,18.62,18.66,18.61,18.61,83460
2022-08-18 19:00:00,18.62,18.64,18.55,18.56,69776
2022-08-18 19:30:00,18.56,18.58,18.51,18.51,353361
2022-08-18 20:00:00,18.51,18.61,18.5,18.59,112729
2022-08-18 20:30:00,18.6,18.61,18.55,18.57,86858
2022-08-18 21:00:00,18.57,18.64,18.57,18.6,174945
2022-08-18 21:30:00,18.6,18.66,18.55,18.64,291311
2022-08-18 22:00:00,18.63,18.74,18.62,18.73,338425
2022-08-18 22:30:00,18.74,18.8,18.66,18.69,966166
2022-08-18 23:00:00,18.69,18.69,18.68,18.68,204100
2022-08-19 16:30:00,18.44,18.47,18.15,18.17,313391
2022-08-19 17:00:00,18.16,18.25,18.15,18.22,180580
2022-08-19 17:30:00,18.23,18.27,18.14,18.14,207984
2022-08-19 18:00:00,18.14,18.17,18.0,18.04,378875
2022-08-19 18:30:00,18.04,18.05,17.99,18.01,110817
2022-08-19 19:00:00,18.0,18.03,17.96,17.96,83576
2022-08-19 19:30:00,17.97,18.01,17.93,17.98,84749
2022-08-19 20:00:00,17.98,17.99,17.93,17.94,72225
2022-08-19 20:30:00,17.94,17.94,17.88,17.91,91279
2022-08-19 21:00:00,17.9,17.95,17.89,17.94,152591
2022-08-19 21:30:00,17.94,17.98,17.93,17.97,123025
2022-08-19 22:00:00,17.97,18.11,17.95,18.11,360313
2022-08-19 22:30:00,18.11,18.13,18.08,18.1,653414
2022-08-19 23:00:00,18.1,18.1,18.1,18.1,571032
2022-08-22 16:30:00,17.72,17.75,17.56,17.68,184910
2022-08-22 17:00:00,17.68,17.68,17.43,17.51,392778
2022-08-22 17:30:00,17.51,17.58,17.42,17.58,443653
2022-08-22 18:00:00,17.57,17.69,17.57,17.64,208290
2022-08-22 18:30:00,17.64,17.67,17.58,17.62,200238
2022-08-22 19:00:00,17.62,17.64,17.54,17.55,106250
2022-08-22 19:30:00,17.55,17.6,17.54,17.58,93429
2022-08-22 20:00:00,17.58,17.58,17.52,17.56,74567
2022-08-22 20:30:00,17.56,17.59,17.52,17.57,110231
2022-08-22 21:00:00,17.57,17.6,17.54,17.59,118490
2022-08-22 21:30:00,17.6,17.61,17.57,17.59,229497
2022-08-22 22:00:00,17.59,17.63,17.57,17.61,213766
2022-08-22 22:30:00,17.61,17.67,17.54,17.63,743476
2022-08-22 23:00:00,17.63,17.63,17.62,17.62,689606
2022-08-23 16:30:00,17.73,17.9,17.68,17.82,268362
2022-08-23 17:00:00,17.82,17.9,17.78,17.79,248481
2022-08-23 17:30:00,17.8,17.86,17.74,17.74,146969
2022-08-23 18:00:00,17.74,17.78,17.7,17.73,106696
2022-08-23 18:30:00,17.74,17.79,17.74,17.76,88577
2022-08-23 19:00:00,17.76,17.76,17.67,17.7,101403
2022-08-23 19:30:00,17.69,17.74,17.67,17.73,87296
2022-08-23 20:00:00,17.73,17.75,17.7,17.73,64254
2022-08-23 20:30:00,17.73,17.75,17.67,17.69,78133
2022-08-23 21:00:00,17.68,17.74,17.66,17.74,103334
2022-08-23 21:30:00,17.74,17.74,17.68,17.7,117152
2022-08-23 22:00:00,17.7,17.73,17.62,17.66,530815
2022-08-23 22:30:00,17.66,17.67,17.61,17.65,713597
2022-08-23 23:00:00,17.65,17.65,17.65,17.65,302171
2022-08-24 16:30:00,17.6,17.72,17.52,17.67,218377
2022-08-24 17:00:00,17.66,17.71,17.6,17.7,69883
2022-08-24 17:30:00,17.7,17.76,17.67,17.74,78224
2022-08-24 18:00:00,17.74,17.83,17.72,17.77,102424
2022-08-24 18:30:00,17.77,17.82,17.75,17.78,118042
2022-08-24 19:00:00,17.78,17.81,17.73,17.73,60467
2022-08-24 19:30:00,17.74,17.75,17.66,17.67,74451
2022-08-24 20:00:00,17.66,17.7,17.65,17.65,83825
2022-08-24 20:30:00,17.65,17.68,17.65,17.66,67978
2022-08-24 21:00:00,17.66,17.67,17.64,17.66,44216
2022-08-24 21:30:00,17.66,17.66,17.61,17.66,85271
2022-08-24 22:00:00,17.66,17.67,17.63,17.65,87591
2022-08-24 22:30:00,17.65,17.72,17.65,17.69,313997
2022-08-24 23:00:00,17.7,17.7,17.7,17.7,382528
2022-08-25 16:30:00,17.82,17.94,17.71,17.94,206838
2022-08-25 17:00:00,17.95,17.97,17.83,17.96,246607
2022-08-25 17:30:00,17.96,17.98,17.91,17.94,202140
2022-08-25 18:00:00,17.94,17.95,17.83,17.87,130168
2022-08-25 18:30:00,17.87,17.9,17.85,17.89,112873
2022-08-25 19:00:00,17.88,17.89,17.84,17.86,112021
2022-08-25 19:30:00,17.85,17.86,17.78,17.83,94741
2022-08-25 20:00:00,17.83,17.88,17.82,17.88,74984
2022-08-25 20:30:00,17.88,17.89,17.85,17.85,86006
2022-08-25 21:00:00,17.85,17.86,17.82,17.84,163562
2022-08-25 21:30:00,17.84,17.84,17.75,17.78,172569
2022-08-25 22:00:00,17.78,17.86,17.77,17.86,136951
2022-08-25 22:30:00,17.86,17.97,17.82,17.96,519816
2022-08-25 23:00:00,17.96,17.97,17.96,17.97,215473
2022-08-26 16:30:00,18.02,18.04,17.89,17.94,103748
2022-08-26 17:00:00,17.94,17.97,17.69,17.7,258048
2022-08-26 17:30:00,17.69,17.69,17.55,17.57,142065
2022-08-26 18:00:00,17.57,17.57,17.42,17.46,132083
2022-08-26 18:30:00,17.46,17.48,17.4,17.44,148179
2022-08-26 19:00:00,17.43,17.5,17.38,17.38,110337
2022-08-26 19:30:00,17.38,17.45,17.34,17.41,218321
2022-08-26 20:00:00,17.42,17.42,17.38,17.4,68606
2022-08-26 20:30:00,17.39,17.4,17.31,17.39,67204
2022-08-26 21:00:00,17.39,17.42,17.35,17.39,102236
2022-08-26 21:30:00,17.4,17.41,17.34,17.36,84415
2022-08-26 22:00:00,17.36,17.41,17.33,17.38,188324
2022-08-26 22:30:00,17.37,17.39,17.25,17.25,696703
2022-08-26 23:00:00,17.26,17.26,17.26,17.26,727285
2022-08-29 16:30:00,17.09,17.21,16.95,17.17,242790
2022-08-29 17:00:00,17.17,17.18,17.09,17.1,109769
2022-08-29 17:30:00,17.09,17.1,16.96,16.96,79874
2022-08-29 18:00:00,16.97,17.05,16.95,17.02,73588
2022-08-29 18:30:00,17.02,17.11,17.02,17.07,58716
2022-08-29 19:00:00,17.08,17.1,17.04,17.05,61199
2022-08-29 19:30:00,17.05,17.11,17.02,17.06,62146
2022-08-29 20:00:00,17.06,17.08,17.0,17.02,57779
2022-08-29 20:30:00,17.02,17.11,17.02,17.11,58589
2022-08-29 21:00:00,17.1,17.1,17.02,17.02,57849
2022-08-29 21:30:00,17.02,17.08,17.02,17.06,85074
2022-08-29 22:00:00,17.07,17.1,17.01,17.02,137594
2022-08-29 22:30:00,17.02,17.03,16.97,16.98,324030
2022-08-29 23:00:00,16.98,16.98,16.98,16.98,382972
2022-08-30 16:30:00,17.07,17.09,16.88,16.9,264253
2022-08-30 17:00:00,16.9,16.93,16.74,16.76,181745
2022-08-30 17:30:00,16.75,16.77,16.61,16.77,230359
2022-08-30 18:00:00,16.77,16.82,16.75,16.78,129392
2022-08-30 18:30:00,16.78,16.85,16.77,16.8,104382
2022-08-30 19:00:00,16.8,16.86,16.78,16.82,118993
2022-08-30 19:30:00,16.82,16.82,16.7,16.7,86794
2022-08-30 20:00:00,16.7,16.74,16.64,16.67,93264
2022-08-30 20:30:00,16.66,16.74,16.63,16.72,124441
2022-08-30 21:00:00,16.72,16.77,16.71,16.72,132745
2022-08-30 21:30:00,16.72,16.78,16.72,16.75,149007
2022-08-30 22:00:00,16.75,16.87,16.74,16.84,336521
2022-08-30 22:30:00,16.84,16.85,16.74,16.76,469961
2022-08-30 23:00:00,16.77,16.77,16.76,16.76,734209
2022-08-31 16:30:00,16.87,16.87,16.63,16.68,161589
2022-08-31 17:00:00,16.68,16.75,16.6,16.62,189884
2022-08-31 17:30:00,16.62,16.71,16.58,16.6,206577
2022-08-31 18:00:00,16.59,16.59,16.53,16.53,205698
2022-08-31 18:30:00,16.53,16.6,16.51,16.58,178868
2022-08-31 19:00:00,16.58,16.58,16.51,16.51,144346
2022-08-31 19:30:00,16.51,16.56,16.48,16.52,144134
2022-08-31 20:00:00,16.51,16.57,16.48,16.5,108823
2022-08-31 20:30:00,16.51,16.51,16.45,16.51,88496
2022-08-31 21:00:00,16.5,16.54,16.47,16.48,153575
2022-08-31 21:30:00,16.48,16.48,16.43,16.47,105882
2022-08-31 22:00:00,16.47,16.57,16.46,16.52,232499
2022-08-31 22:30:00,16.52,16.61,16.46,16.47,801824
2022-08-31 23:00:00,16.48,16.48,16.47,16.47,871146
2022-09-01 16:30:00,16.34,16.37,16.07,16.09,169465
2022-09-01 17:00:00,16.09,16.1,15.92,16.03,185240
2022-09-01 17:30:00,16.04,16.05,15.88,15.91,123338
2022-09-01 18:00:00,15.91,16.02,15.88,15.94,121339
2022-09-01 18:30:00,15.94,16.06,15.94,15.99,91057
2022-09-01 19:00:00,16.0,16.05,15.99,16.02,92250
2022-09-01 19:30:00,16.02,16.03,15.95,15.98,72163
2022-09-01 20:00:00,15.99,16.13,15.97,16.12,108051
2022-09-01 20:30:00,16.12,16.13,16.08,16.11,100687
2022-09-01 21:00:00,16.11,16.19,16.07,16.17,100661
2022-09-01 21:30:00,16.18,16.21,16.14,16.18,108662
2022-09-01 22:00:00,16.17,16.28,16.16,16.23,171915
2022-09-01 22:30:00,16.23,16.4,16.21,16.37,713801
2022-09-01 23:00:00,16.37,16.37,16.37,16.37,833052
2022-09-02 16:30:00,16.69,16.82,16.5,16.51,315596
2022-09-02 17:00:00,16.52,16.62,16.45,16.61,203750
2022-09-02 17:30:00,16.61,16.73,16.61,16.67,239679
2022-09-02 18:00:00,16.67,16.74,16.66,16.7,199984
2022-09-02 18:30:00,16.7,16.78,16.67,16.77,149815
2022-09-02 19:00:00,16.77,16.8,16.64,16.66,214379
2022-09-02 19:30:00,16.66,16.7,16.56,16.59,366570
2022-09-02 20:00:00,16.58,16.58,16.38,16.39,137272
2022-09-02 20:30:00,16.38,16.41,16.29,16.33,237123
2022-09-02 21:00:00,16.33,16.4,16.33,16.4,110384
2022-09-02 21:30:00,16.4,16.45,16.34,16.35,117634
2022-09-02 22:00:00,16.34,16.41,16.27,16.3,184283
2022-09-02 22:30:00,16.3,16.3,16.17,16.25,581240
2022-09-02 23:00:00,16.26,16.26,16.25,16.25,388877
2022-09-06 16:30:00,16.37,16.6,16.27,16.33,410163
2022-09-06 17:00:00,16.32,16.35,16.15,16.35,289575
2022-09-06 17:30:00,16.35,16.47,16.31,16.45,253209
2022-09-06 18:00:00,16.45,16.49,16.41,16.43,172070
2022-09-06 18:30:00,16.43,16.54,16.42,16.52,165512
2022-09-06 19:00:00,16.53,16.54,16.34,16.39,116032
2022-09-06 19:30:00,16.39,16.41,16.34,16.38,132085
2022-09-06 20:00:00,16.38,16.4,16.27,16.31,112788
2022-09-06 20:30:00,16.31,16.37,16.28,16.35,144621
2022-09-06 21:00:00,16.34,16.4,16.32,16.37,176938
2022-09-06 21:30:00,16.37,16.38,16.32,16.35,132310
2022-09-06 22:00:00,16.35,16.43,16.32,16.38,188497
2022-09-06 22:30:00,16.37,16.45,16.34,16.45,613832
2022-09-06 23:00:00,16.45,16.45,16.43,16.43,684344
2022-09-07 16:30:00,16.36,16.49,16.29,16.32,222867
2022-09-07 17:00:00,16.32,16.38,16.19,16.33,265506
2022-09-07 17:30:00,16.35,16.41,16.32,16.38,209129
2022-09-07 18:00:00,16.38,16.42,16.33,16.34,218138
2022-09-07 18:30:00,16.34,16.43,16.32,16.41,137219
2022-09-07 19:00:00,16.41,16.46,16.39,16.43,85092
2022-09-07 19:30:00,16.44,16.52,16.41,16.46,124627
2022-09-07 20:00:00,16.46,16.51,16.46,16.47,247814
2022-09-07 20:30:00,16.47,16.56,16.47,16.56,366089
2022-09-07 21:00:00,16.56,16.59,16.5,16.53,195390
2022-09-07 21:30:00,16.53,16.58,16.52,16.58,254752
2022-09-07 22:00:00,16.58,16.6,16.5,16.56,439501
2022-09-07 22:30:00,16.56,16.57,16.5,16.57,874153
2022-09-07 23:00:00,16.57,16.57,16.57,16.57,385130
2022-09-08 16:30:00,16.45,16.84,16.44,16.84,979795
2022-09-08 17:00:00,16.84,17.0,16.75,17.0,550741
2022-09-08 17:30:00,17.0,17.15,16.98,17.13,432104
2022-09-08 18:00:00,17.14,17.18,17.06,17.11,355956
2022-09-08 18:30:00,17.11,17.23,17.09,17.21,328288
2022-09-08 19:00:00,17.2,17.22,16.94,17.06,321358
2022-09-08 19:30:00,17.06,17.19,17.05,17.09,322411
2022-09-08 20:00:00,17.09,17.25,17.08,17.24,372597
2022-09-08 20:30:00,17.24,17.3,17.21,17.27,359867
2022-09-08 21:00:00,17.28,17.34,17.26,17.27,369772
2022-09-08 21:30:00,17.27,17.32,17.2,17.27,295717
2022-09-08 22:00:00,17.27,17.34,17.23,17.33,436589
2022-09-08 22:30:00,17.33,17.38,17.24,17.37,1380090
2022-09-08 23:00:00,17.37,17.37,17.36,17.36,511911
2022-09-09 16:30:00,17.55,17.71,17.51,17.58,307553
2022-09-09 17:00:00,17.58,17.68,17.55,17.57,221959
2022-09-09 17:30:00,17.57,17.57,17.44,17.45,238649
2022-09-09 18:00:00,17.45,17.46,17.38,17.44,328776
2022-09-09 18:30:00,17.44,17.51,17.43,17.51,235482
2022-09-09 19:00:00,17.51,17.51,17.42,17.45,169814
2022-09-09 19:30:00,17.45,17.52,17.44,17.49,148518
2022-09-09 20:00:00,17.49,17.58,17.48,17.54,190668
2022-09-09 20:30:00,17.54,17.59,17.5,17.54,214363
2022-09-09 21:00:00,17.55,17.61,17.5,17.58,199695
2022-09-09 21:30:00,17.58,17.58,17.51,17.54,261570
2022-09-09 22:00:00,17.54,17.62,17.54,17.59,236295
2022-09-09 22:30:00,17.59,17.62,17.55,17.59,664332
2022-09-09 23:00:00,17.58,17.58,17.58,17.58,392708
2022-09-12 16:30:00,17.77,18.08,17.73,18.08,388320
2022-09-12 17:00:00,18.08,18.08,17.91,17.91,265180
2022-09-12 17:30:00,17.91,17.97,17.8,17.8,257391
2022-09-12 18:00:00,17.8,17.82,17.75,17.8,245087
2022-09-12 18:30:00,17.79,17.79,17.55,17.6,265314
2022-09-12 19:00:00,17.6,17.69,17.57,17.69,155246
2022-09-12 19:30:00,17.69,17.74,17.66,17.71,202024
2022-09-12 20:00:00,17.71,17.77,17.67,17.77,153064
2022-09-12 20:30:00,17.77,17.78,17.71,17.74,157063
2022-09-12 21:00:00,17.75,17.83,17.72,17.81,189937
2022-09-12 21:30:00,17.82,17.84,17.78,17.83,167972
2022-09-12 22:00:00,17.84,17.86,17.8,17.82,316030
2022-09-12 22:30:00,17.82,17.85,17.76,17.84,830861
2022-09-12 23:00:00,17.83,17.83,17.82,17.82,803699
2022-09-13 16:30:00,17.28,17.42,17.2,17.31,537021
2022-09-13 17:00:00,17.29,17.29,17.06,17.06,514066
2022-09-13 17:30:00,17.06,17.13,16.97,17.05,381770
2022-09-13 18:00:00,17.06,17.14,17.05,17.12,327672
2022-09-13 18:30:00,17.12,17.13,16.96,16.99,181143
2022-09-13 19:00:00,16.99,17.02,16.92,16.95,250819
2022-09-13 19:30:00,16.94,16.95,16.89,16.9,142039
2022-09-13 20:00:00,16.9,16.96,16.86,16.96,159095
2022-09-13 20:30:00,16.96,16.97,16.86,16.87,184308
2022-09-13 21:00:00,16.88,16.88,16.8,16.8,141679
2022-09-13 21:30:00,16.8,16.81,16.65,16.67,181848
2022-09-13 22:00:00,16.66,16.68,16.57,16.57,299268
2022-09-13 22:30:00,16.57,16.59,16.49,16.52,1123004
2022-09-13 23:00:00,16.53,16.53,16.52,16.52,1568213
2022-09-14 16:30:00,16.57,16.69,16.53,16.59,224986
2022-09-14 17:00:00,16.6,16.65,16.28,16.28,313077
2022-09-14 17:30:00,16.28,16.5,16.26,16.46,289247
2022-09-14 18:00:00,16.46,16.51,16.4,16.45,319863
2022-09-14 18:30:00,16.45,16.54,16.42,16.43,200145
2022-09-14 19:00:00,16.42,16.45,16.39,16.42,165158
2022-09-14 19:30:00,16.43,16.51,16.38,16.46,171534
2022-09-14 20:00:00,16.46,16.51,16.43,16.45,242032
2022-09-14 20:30:00,16.44,16.46,16.35,16.39,216715
2022-09-14 21:00:00,16.39,16.4,16.33,16.34,183905
2022-09-14 21:30:00,16.34,16.37,16.24,16.25,223730
2022-09-14 22:00:00,16.24,16.27,16.15,16.19,361579
2022-09-14 22:30:00,16.19,16.34,16.13,16.32,1252515
2022-09-14 23:00:00,16.33,16.33,16.32,16.32,900064
2022-09-15 16:30:00,16.39,16.86,16.39,16.78,527342
2022-09-15 17:00:00,16.78,16.82,16.56,16.57,370302
2022-09-15 17:30:00,16.57,16.62,16.42,16.46,413205
2022-09-15 18:00:00,16.45,16.52,16.38,16.48,290827
2022-09-15 18:30:00,16.48,16.55,16.42,16.47,230583
2022-09-15 19:00:00,16.47,16.52,16.43,16.46,196480
2022-09-15 19:30:00,16.46,16.59,16.46,16.58,204593
2022-09-15 20:00:00,16.59,16.71,16.59,16.68,187072
2022-09-15 20:30:00,16.67,16.69,16.6,16.62,210046
2022-09-15 21:00:00,16.62,16.62,16.51,16.61,216142
2022-09-15 21:30:00,16.61,16.63,16.52,16.54,234670
2022-09-15 22:00:00,16.54,16.54,16.33,16.35,348559
2022-09-15 22:30:00,16.34,16.43,16.32,16.38,1060169
2022-09-15 23:00:00,16.38,16.38,16.38,16.38,1254568
2022-09-16 16:30:00,16.11,16.16,15.91,15.94,627301
2022-09-16 17:00:00,15.94,16.18,15.94,16.15,321106
2022-09-16 17:30:00,16.15,16.22,16.14,16.14,290825
2022-09-16 18:00:00,16.15,16.22,16.11,16.16,294069
2022-09-16 18:30:00,16.16,16.19,16.07,16.12,344058
2022-09-16 19:00:00,16.12,16.15,16.07,16.09,214790
2022-09-16 19:30:00,16.09,16.16,16.08,16.12,249326
2022-09-16 20:00:00,16.11,16.11,16.04,16.05,207655
2022-09-16 20:30:00,16.04,16.1,16.04,16.05,270111
2022-09-16 21:00:00,16.05,16.12,15.93,16.11,547585
2022-09-16 21:30:00,16.1,16.13,16.0,16.06,515677
2022-09-16 22:00:00,16.05,16.1,16.03,16.08,484180
2022-09-16 22:30:00,16.08,16.2,16.02,16.09,2777699
2022-09-16 23:00:00,16.08,16.09,16.08,16.09,32606243
2022-09-19 16:30:00,15.84,16.46,15.77,16.45,324285
2022-09-19 17:00:00,16.45,16.54,16.41,16.51,180229
2022-09-19 17:30:00,16.52,16.65,16.51,16.53,179920
2022-09-19 18:00:00,16.54,16.6,16.5,16.51,246887
2022-09-19 18:30:00,16.51,16.54,16.47,16.5,191775
2022-09-19 19:00:00,16.5,16.59,16.48,16.53,209636
2022-09-19 19:30:00,16.54,16.68,16.53,16.68,272773
2022-09-19 20:00:00,16.69,16.74,16.65,16.74,248442
2022-09-19 20:30:00,16.74,16.77,16.68,16.76,394197
2022-09-19 21:00:00,16.76,16.81,16.74,16.77,521687
2022-09-19 21:30:00,16.77,16.81,16.74,16.74,309963
2022-09-19 22:00:00,16.75,16.85,16.74,16.84,422586
2022-09-19 22:30:00,16.84,16.89,16.83,16.86,1092705
2022-09-19 23:00:00,16.86,16.86,16.86,16.86,447177
2022-09-20 16:30:00,16.66,16.71,16.51,16.52,237777
2022-09-20 17:00:00,16.51,16.57,16.42,16.54,331698
2022-09-20 17:30:00,16.53,16.54,16.42,16.49,120682
2022-09-20 18:00:00,16.49,16.54,16.45,16.51,106099
2022-09-20 18:30:00,16.51,16.57,16.46,16.55,117795
2022-09-20 19:00:00,16.54,16.58,16.5,16.52,98440
2022-09-20 19:30:00,16.52,16.54,16.5,16.51,93304
2022-09-20 20:00:00,16.52,16.53,16.39,16.4,177208
2022-09-20 20:30:00,16.39,16.42,16.3,16.31,136413
2022-09-20 21:00:00,16.32,16.37,16.28,16.33,157730
2022-09-20 21:30:00,16.34,16.39,16.27,16.36,131545
2022-09-20 22:00:00,16.36,16.43,16.32,16.41,139539
2022-09-20 22:30:00,16.41,16.46,16.36,16.38,516129
2022-09-20 23:00:00,16.37,16.37,16.37,16.37,616281
2022-09-21 16:30:00,16.53,16.58,16.43,16.46,162996
2022-09-21 17:00:00,16.47,16.63,16.41,16.63,178644
2022-09-21 17:30:00,16.63,16.64,16.56,16.61,170723
2022-09-21 18:00:00,16.62,16.62,16.55,16.58,103184
2022-09-21 18:30:00,16.58,16.61,16.54,16.58,83963
2022-09-21 19:00:00,16.58,16.61,16.56,16.58,84719
2022-09-21 19:30:00,16.58,16.59,16.52,16.52,80437
2022-09-21 20:00:00,16.51,16.56,16.51,16.56,78709
2022-09-21 20:30:00,16.56,16.61,16.52,16.61,145469
2022-09-21 21:00:00,16.59,16.59,16.24,16.31,327991
2022-09-21 21:30:00,16.31,16.71,16.26,16.55,498542
2022-09-21 22:00:00,16.56,16.6,16.26,16.26,221678
2022-09-21 22:30:00,16.25,16.28,16.0,16.01,863226
2022-09-21 23:00:00,16.0,16.01,16.0,16.01,345914
2022-09-22 16:30:00,16.04,16.09,15.66,15.68,348826
2022-09-22 17:00:00,15.68,15.74,15.59,15.7,470891
2022-09-22 17:30:00,15.71,15.76,15.6,15.61,299691
2022-09-22 18:00:00,15.61,15.68,15.56,15.66,289796
2022-09-22 18:30:00,15.66,15.89,15.65,15.66,739666
2022-09-22 19:00:00,15.65,15.76,15.62,15.69,162745
2022-09-22 19:30:00,15.69,15.77,15.66,15.75,172291
2022-09-22 20:00:00,15.76,15.78,15.68,15.76,269592
2022-09-22 20:30:00,15.76,15.79,15.72,15.72,178044
2022-09-22 21:00:00,15.72,15.72,15.6,15.64,236116
2022-09-22 21:30:00,15.64,15.67,15.61,15.65,206578
2022-09-22 22:00:00,15.66,15.73,15.63,15.66,199021
2022-09-22 22:30:00,15.66,15.77,15.6,15.6,664049
2022-09-22 23:00:00,15.6,15.61,15.6,15.61,583378
2022-09-23 16:30:00,15.34,15.42,15.04,15.12,497882
2022-09-23 17:00:00,15.12,15.13,14.96,15.0,358709
2022-09-23 17:30:00,15.0,15.04,14.97,15.0,243675
2022-09-23 18:00:00,15.01,15.07,14.98,15.02,127826
2022-09-23 18:30:00,15.02,15.03,14.88,14.93,183325
2022-09-23 19:00:00,14.92,14.94,14.87,14.88,144809
2022-09-23 19:30:00,14.88,15.01,14.85,15.01,169926
2022-09-23 20:00:00,15.02,15.05,14.95,14.96,129459
2022-09-23 20:30:00,14.96,15.0,14.94,14.99,141923
2022-09-23 21:00:00,14.98,15.03,14.93,14.99,222375
2022-09-23 21:30:00,15.0,15.0,14.92,14.93,185654
2022-09-23 22:00:00,14.92,15.1,14.92,15.07,211795
2022-09-23 22:30:00,15.07,15.25,15.05,15.23,993649
2022-09-23 23:00:00,15.23,15.24,15.22,15.22,799381
2022-09-26 16:30:00,15.09,15.35,15.05,15.18,314453
2022-09-26 17:00:00,15.18,15.28,15.0,15.22,253459
2022-09-26 17:30:00,15.22,15.23,15.12,15.19,463644
2022-09-26 18:00:00,15.18,15.19,14.99,14.99,537454
2022-09-26 18:30:00,14.99,15.09,14.99,15.05,151603
2022-09-26 19:00:00,15.04,15.07,14.95,14.96,95536
2022-09-26 19:30:00,14.96,14.96,14.7,14.86,1119283
2022-09-26 20:00:00,14.86,14.87,14.69,14.8,617063
2022-09-26 20:30:00,14.8,14.85,14.75,14.75,292243
2022-09-26 21:00:00,14.76,14.84,14.75,14.77,180296
2022-09-26 21:30:00,14.76,14.87,14.75,14.85,298068
2022-09-26 22:00:00,14.86,14.98,14.86,14.94,260154
2022-09-26 22:30:00,14.93,14.96,14.81,14.83,785424
2022-09-26 23:00:00,14.83,14.83,14.82,14.82,850296
2022-09-27 16:30:00,15.0,15.1,14.84,14.93,284903
2022-09-27 17:00:00,14.92,14.94,14.75,14.81,270018
2022-09-27 17:30:00,14.81,14.91,14.81,14.9,257482
2022-09-27 18:00:00,14.9,14.93,14.69,14.72,217344
2022-09-27 18:30:00,14.72,14.75,14.6,14.61,101163
2022-09-27 19:00:00,14.6,14.62,14.47,14.48,231308
2022-09-27 19:30:00,14.48,14.54,14.42,14.48,220564
2022-09-27 20:00:00,14.48,14.48,14.35,14.38,284578
2022-09-27 20:30:00,14.37,14.41,14.34,14.38,170753
2022-09-27 21:00:00,14.38,14.44,14.36,14.44,243492
2022-09-27 21:30:00,14.44,14.59,14.42,14.54,255018
2022-09-27 22:00:00,14.53,14.56,14.48,14.52,255417
2022-09-27 22:30:00,14.52,14.59,14.48,14.56,613482
2022-09-27 23:00:00,14.56,14.56,14.55,14.55,633638
2022-09-28 16:30:00,14.64,14.76,14.48,14.71,434406
2022-09-28 17:00:00,14.72,14.79,14.57,14.79,576820
2022-09-28 17:30:00,14.8,14.81,14.69,14.7,242863
2022-09-28 18:00:00,14.7,14.78,14.68,14.72,280777
2022-09-28 18:30:00,14.72,14.77,14.65,14.76,169140
2022-09-28 19:00:00,14.76,14.85,14.73,14.74,170856
2022-09-28 19:30:00,14.75,14.77,14.71,14.73,129178
2022-09-28 20:00:00,14.74,14.81,14.72,14.78,135904
2022-09-28 20:30:00,14.78,14.78,14.7,14.73,178332
2022-09-28 21:00:00,14.73,14.74,14.68,14.7,158790
2022-09-28 21:30:00,14.7,14.74,14.67,14.73,300794
2022-09-28 22:00:00,14.72,14.79,14.71,14.77,255415
2022-09-28 22:30:00,14.77,14.81,14.72,14.73,825151
2022-09-28 23:00:00,14.72,14.73,14.72,14.73,435704
2022-09-29 16:30:00,14.39,14.5,14.1,14.13,335457
2022-09-29 17:00:00,14.13,14.14,13.99,14.09,278253
2022-09-29 17:30:00,14.09,14.2,14.01,14.17,355482
2022-09-29 18:00:00,14.17,14.24,14.15,14.17,294406
2022-09-29 18:30:00,14.18,14.3,14.14,14.24,175758
2022-09-29 19:00:00,14.24,14.27,14.15,14.17,203407
2022-09-29 19:30:00,14.17,14.22,14.13,14.14,131013
2022-09-29 20:00:00,14.13,14.14,14.08,14.1,142145
2022-09-29 20:30:00,14.1,14.14,14.02,14.02,199023
2022-09-29 21:00:00,14.02,14.04,13.99,14.03,157803
2022-09-29 21:30:00,14.03,14.09,14.02,14.03,281446
2022-09-29 22:00:00,14.03,14.11,14.01,14.08,314586
2022-09-29 22:30:00,14.07,14.17,14.07,14.14,944801
2022-09-29 23:00:00,14.14,14.14,14.13,14.13,364759
2022-09-30 16:30:00,14.07,14.11,13.78,13.97,406255
2022-09-30 17:00:00,13.97,14.03,13.95,14.02,190212
2022-09-30 17:30:00,14.02,14.09,13.98,14.02,176880
2022-09-30 18:00:00,14.03,14.15,13.99,14.08,204142
2022-09-30 18:30:00,14.08,14.1,13.91,13.92,245011
2022-09-30 19:00:00,13.92,13.92,13.82,13.83,140538
2022-09-30 19:30:00,13.83,13.91,13.82,13.88,141718
2022-09-30 20:00:00,13.88,13.96,13.86,13.95,171329
2022-09-30 20:30:00,13.95,13.96,13.83,13.85,207806
2022-09-30 21:00:00,13.85,13.87,13.8,13.82,138651
2022-09-30 21:30:00,13.82,13.85,13.74,13.77,268604
2022-09-30 22:00:00,13.77,13.85,13.76,13.82,244679
2022-09-30 22:30:00,13.83,13.85,13.7,13.73,1150100
2022-09-30 23:00:00,13.73,13.73,13.7,13.7,1239717
2022-10-03 16:30:00,13.93,13.95,13.56,13.9,404605
2022-10-03 17:00:00,13.91,14.24,13.91,14.2,253540
2022-10-03 17:30:00,14.2,14.34,14.14,14.29,338300
2022-10-03 18:00:00,14.29,14.42,14.29,14.36,231680
2022-10-03 18:30:00,14.37,14.43,14.3,14.31,289300
2022-10-03 19:00:00,14.3,14.44,14.3,14.4,229282
2022-10-03 19:30:00,14.4,14.42,14.34,14.41,205649
2022-10-03 20:00:00,14.41,14.45,14.38,14.39,171215
2022-10-03 20:30:00,14.39,14.44,14.35,14.37,195043
2022-10-03 21:00:00,14.37,14.45,14.37,14.44,246629
2022-10-03 21:30:00,14.43,14.48,14.39,14.46,311842
2022-10-03 22:00:00,14.45,14.47,14.39,14.43,274988
2022-10-03 22:30:00,14.42,14.44,14.33,14.35,901261
2022-10-03 23:00:00,14.35,14.35,14.34,14.35,522789
2022-10-04 16:30:00,14.69,15.01,14.69,15.0,377086
2022-10-04 17:00:00,15.01,15.09,14.96,15.01,366698
2022-10-04 17:30:00,15.01,15.18,15.01,15.17,307960
2022-10-04 18:00:00,15.17,15.26,15.16,15.24,189216
2022-10-04 18:30:00,15.24,15.27,15.18,15.27,210980
2022-10-04 19:00:00,15.27,15.29,15.21,15.28,216271
2022-10-04 19:30:00,15.28,15.31,15.21,15.24,233287
2022-10-04 20:00:00,15.24,15.25,15.12,15.17,130717
2022-10-04 20:30:00,15.17,15.3,15.16,15.26,214721
2022-10-04 21:00:00,15.27,15.28,15.2,15.2,204967
2022-10-04 21:30:00,15.2,15.26,15.2,15.23,189820
2022-10-04 22:00:00,15.23,15.27,15.13,15.26,425262
2022-10-04 22:30:00,15.26,15.34,15.23,15.31,1030486
2022-10-04 23:00:00,15.32,15.32,15.32,15.32,1110218
2022-10-05 16:30:00,14.97,15.13,14.87,15.07,278384
2022-10-05 17:00:00,15.06,15.07,14.95,14.98,178526
2022-10-05 17:30:00,14.97,14.98,14.85,14.87,194210
2022-10-05 18:00:00,14.87,15.02,14.86,15.01,265034
2022-10-05 18:30:00,15.01,15.05,14.97,15.02,165472
2022-10-05 19:00:00,15.02,15.12,14.98,15.06,179817
2022-10-05 19:30:00,15.06,15.15,15.03,15.1,178173
2022-10-05 20:00:00,15.1,15.23,15.09,15.2,196844
2022-10-05 20:30:00,15.2,15.2,15.14,15.15,158468
2022-10-05 21:00:00,15.15,15.23,15.14,15.21,250576
2022-10-05 21:30:00,15.22,15.27,15.19,15.27,167598
2022-10-05 22:00:00,15.27,15.33,15.27,15.3,230024
2022-10-05 22:30:00,15.3,15.31,15.24,15.25,518863
2022-10-05 23:00:00,15.25,15.25,15.25,15.25,488571
2022-10-06 16:30:00,15.15,15.32,15.12,15.15,197191
2022-10-06 17:00:00,15.14,15.14,14.96,14.97,187545
2022-10-06 17:30:00,14.97,15.16,14.93,15.16,229736
2022-10-06 18:00:00,15.16,15.18,15.11,15.16,240590
2022-10-06 18:30:00,15.16,15.19,15.01,15.02,205288
2022-10-06 19:00:00,15.01,15.09,14.96,15.08,158369
2022-10-06 19:30:00,15.08,15.12,15.06,15.07,185162
2022-10-06 20:00:00,15.07,15.1,15.02,15.1,159196
2022-10-06 20:30:00,15.1,15.1,15.03,15.07,150769
2022-10-06 21:00:00,15.06,15.07,14.96,14.99,142568
2022-10-06 21:30:00,14.99,15.01,14.93,14.96,199090
2022-10-06 22:00:00,14.96,14.99,14.93,14.97,292925
2022-10-06 22:30:00,14.97,14.99,14.93,14.96,947968
2022-10-06 23:00:00,14.96,14.97,14.96,14.97,982340
2022-10-07 16:30:00,14.7,14.82,14.43,14.43,331710
2022-10-07 17:00:00,14.43,14.57,14.41,14.52,165592
2022-10-07 17:30:00,14.53,14.66,14.5,14.61,258268
2022-10-07 18:00:00,14.6,14.66,14.53,14.57,207051
2022-10-07 18:30:00,14.57,14.59,14.51,14.55,123988
2022-10-07 19:00:00,14.54,14.58,14.46,14.46,190123
2022-10-07 19:30:00,14.46,14.46,14.37,14.45,175860
2022-10-07 20:00:00,14.44,14.48,14.42,14.44,296296
2022-10-07 20:30:00,14.44,14.48,14.37,14.37,222346
2022-10-07 21:00:00,14.38,14.41,14.33,14.33,229269
2022-10-07 21:30:00,14.33,14.33,14.27,14.31,263841
2022-10-07 22:00:00,14.31,14.36,14.23,14.24,564477
2022-10-07 22:30:00,14.24,14.41,14.23,14.37,948990
2022-10-07 23:00:00,14.37,14.37,14.36,14.37,448312
2022-10-10 16:30:00,14.49,14.66,14.37,14.5,419306
2022-10-10 17:00:00,14.5,14.53,14.42,14.52,256642
2022-10-10 17:30:00,14.52,14.54,14.34,14.38,250670
2022-10-10 18:00:00,14.39,14.49,14.35,14.45,138440
2022-10-10 18:30:00,14.45,14.48,14.4,14.45,161007
2022-10-10 19:00:00,14.44,14.46,14.34,14.35,119216
2022-10-10 19:30:00,14.35,14.36,14.28,14.31,142312
2022-10-10 20:00:00,14.31,14.31,14.26,14.3,186450
2022-10-10 20:30:00,14.29,14.48,14.29,14.44,112440
2022-10-10 21:00:00,14.45,14.46,14.39,14.4,332094
2022-10-10 21:30:00,14.4,14.46,14.39,14.44,251644
2022-10-10 22:00:00,14.44,14.5,14.4,14.41,272176
2022-10-10 22:30:00,14.41,14.49,14.38,14.42,986780
2022-10-10 23:00:00,14.43,14.43,14.43,14.43,470256
2022-10-11 16:30:00,14.3,14.32,14.06,14.1,421664
2022-10-11 17:00:00,14.1,14.13,14.0,14.08,282633
2022-10-11 17:30:00,14.07,14.2,14.03,14.11,311835
2022-10-11 18:00:00,14.11,14.22,14.09,14.17,228057
2022-10-11 18:30:00,14.18,14.34,14.18,14.29,204957
2022-10-11 19:00:00,14.29,14.35,14.19,14.31,279686
2022-10-11 19:30:00,14.32,14.43,14.31,14.41,235512
2022-10-11 20:00:00,14.41,14.42,14.34,14.36,154591
2022-10-11 20:30:00,14.35,14.38,14.34,14.36,113775
2022-10-11 21:00:00,14.36,14.36,14.26,14.29,212465
2022-10-11 21:30:00,14.29,14.31,14.02,14.03,253613
2022-10-11 22:00:00,14.02,14.04,13.89,13.99,380131
2022-10-11 22:30:00,13.99,14.14,13.96,14.12,811865
2022-10-11 23:00:00,14.12,14.13,14.12,14.13,1147881
2022-10-12 16:30:00,14.1,14.1,13.65,13.83,848233
2022-10-12 17:00:00,13.83,13.93,13.83,13.92,234989
2022-10-12 17:30:00,13.92,13.96,13.82,13.84,254892
2022-10-12 18:00:00,13.84,13.93,13.83,13.85,329127
2022-10-12 18:30:00,13.85,13.99,13.83,13.98,331646
2022-10-12 19:00:00,13.98,14.01,13.88,13.89,409635
2022-10-12 19:30:00,13.89,13.99,13.87,13.98,276555
2022-10-12 20:00:00,13.98,14.07,13.98,14.06,202952
2022-10-12 20:30:00,14.07,14.07,13.96,13.99,211701
2022-10-12 21:00:00,13.99,14.1,13.97,14.06,386457
2022-10-12 21:30:00,14.06,14.08,13.97,13.98,236264
2022-10-12 22:00:00,13.98,14.02,13.93,13.97,337659
2022-10-12 22:30:00,13.96,14.01,13.86,13.88,790031
2022-10-12 23:00:00,13.88,13.88,13.87,13.87,1294268
2022-10-13 16:30:00,13.45,13.63,13.2,13.6,470631
2022-10-13 17:00:00,13.6,13.72,13.54,13.6,425796
2022-10-13 17:30:00,13.6,13.79,13.57,13.74,304400
2022-10-13 18:00:00,13.75,14.21,13.75,14.06,305329
2022-10-13 18:30:00,14.06,14.32,14.04,14.19,316011
2022-10-13 19:00:00,14.19,14.25,14.15,14.21,164114
2022-10-13 19:30:00,14.21,14.39,14.21,14.34,195172
2022-10-13 20:00:00,14.34,14.5,14.31,14.5,165012
2022-10-13 20:30:00,14.5,14.56,14.48,14.51,194610
2022-10-13 21:00:00,14.51,14.53,14.45,14.45,136411
2022-10-13 21:30:00,14.45,14.56,14.44,14.54,135660
2022-10-13 22:00:00,14.53,14.59,14.49,14.5,234990
2022-10-13 22:30:00,14.5,14.55,14.45,14.51,1315042
2022-10-13 23:00:00,14.51,14.52,14.51,14.51,884536
2022-10-14 16:30:00,14.66,14.92,14.6,14.67,326366
2022-10-14 17:00:00,14.67,14.67,14.34,14.4,309072
2022-10-14 17:30:00,14.41,14.47,14.31,14.44,243848
2022-10-14 18:00:00,14.44,14.53,14.4,14.48,152938
2022-10-14 18:30:00,14.48,14.49,14.32,14.33,124946
2022-10-14 19:00:00,14.33,14.4,14.25,14.3,182844
2022-10-14 19:30:00,14.3,14.38,14.26,14.27,171449
2022-10-14 20:00:00,14.28,14.33,14.24,14.3,91057
2022-10-14 20:30:00,14.29,14.31,14.23,14.24,155988
2022-10-14 21:00:00,14.24,14.25,14.14,14.17,160477
2022-10-14 21:30:00,14.17,14.24,14.14,14.23,233933
2022-10-14 22:00:00,14.22,14.32,14.22,14.32,379242
2022-10-14 22:30:00,14.31,14.35,14.25,14.28,897213
2022-10-14 23:00:00,14.29,14.29,14.28,14.28,403719
2022-10-17 16:30:00,14.75,14.92,14.72,14.8,334764
2022-10-17 17:00:00,14.8,15.0,14.79,14.88,232106
2022-10-17 17:30:00,14.88,14.9,14.68,14.72,230630
2022-10-17 18:00:00,14.72,14.78,14.67,14.76,218007
2022-10-17 18:30:00,14.76,14.77,14.67,14.67,150015
2022-10-17 19:00:00,14.68,14.73,14.66,14.7,128662
2022-10-17 19:30:00,14.69,14.71,14.63,14.63,107143
2022-10-17 20:00:00,14.63,14.7,14.6,14.68,112699
2022-10-17 20:30:00,14.69,14.71,14.65,14.67,151468
2022-10-17 21:00:00,14.67,14.68,14.62,14.65,224364
2022-10-17 21:30:00,14.65,14.71,14.63,14.68,136185
2022-10-17 22:00:00,14.68,14.74,14.65,14.74,251651
2022-10-17 22:30:00,14.74,14.77,14.7,14.72,658876
2022-10-17 23:00:00,14.72,14.72,14.71,14.71,961283
2022-10-18 16:30:00,15.12,15.17,14.9,15.01,479933
2022-10-18 17:00:00,15.01,15.14,14.91,14.92,304762
2022-10-18 17:30:00,14.91,14.95,14.85,14.92,185054
2022-10-18 18:00:00,14.92,14.96,14.7,14.75,323088
2022-10-18 18:30:00,14.75,14.86,14.71,14.84,180637
2022-10-18 19:00:00,14.84,14.93,14.82,14.87,213854
2022-10-18 19:30:00,14.86,14.91,14.83,14.83,139617
2022-10-18 20:00:00,14.84,14.87,14.78,14.87,167002
2022-10-18 20:30:00,14.87,14.95,14.87,14.93,135468
2022-10-18 21:00:00,14.94,14.94,14.87,14.92,183189
2022-10-18 21:30:00,14.92,14.92,14.75,14.81,258406
2022-10-18 22:00:00,14.8,14.86,14.76,14.83,211750
2022-10-18 22:30:00,14.83,14.95,14.82,14.95,666376
2022-10-18 23:00:00,14.95,14.95,14.93,14.93,1796244
2022-10-19 16:30:00,14.69,14.79,14.56,14.76,325658
2022-10-19 17:00:00,14.77,14.97,14.75,14.96,228215
2022-10-19 17:30:00,14.96,14.99,14.71,14.78,393491
2022-10-19 18:00:00,14.79,14.81,14.75,14.78,202140
2022-10-19 18:30:00,14.77,14.78,14.71,14.74,181940
2022-10-19 19:00:00,14.74,14.74,14.6,14.61,121327
2022-10-19 19:30:00,14.6,14.65,14.52,14.53,117552
2022-10-19 20:00:00,14.53,14.54,14.45,14.49,104070
2022-10-19 20:30:00,14.49,14.53,14.46,14.53,152399
2022-10-19 21:00:00,14.53,14.6,14.52,14.59,93209
2022-10-19 21:30:00,14.58,14.6,14.54,14.55,213693
2022-10-19 22:00:00,14.55,14.6,14.49,14.55,230464
2022-10-19 22:30:00,14.56,14.65,14.54,14.65,430040
2022-10-19 23:00:00,14.65,14.65,14.64,14.64,323444
2022-10-20 16:30:00,14.68,14.8,14.52,14.71,311995
2022-10-20 17:00:00,14.7,14.89,14.7,14.88,213872
2022-10-20 17:30:00,14.88,14.89,14.72,14.79,146246
2022-10-20 18:00:00,14.79,14.8,14.69,14.7,116148
2022-10-20 18:30:00,14.7,14.74,14.64,14.66,184221
2022-10-20 19:00:00,14.66,14.66,14.54,14.55,188533
2022-10-20 19:30:00,14.54,14.56,14.48,14.54,125725
2022-10-20 20:00:00,14.54,14.55,14.45,14.47,183437
2022-10-20 20:30:00,14.46,14.47,14.34,14.39,390467
2022-10-20 21:00:00,14.38,14.38,14.32,14.34,211379
2022-10-20 21:30:00,14.33,14.41,14.32,14.39,279817
2022-10-20 22:00:00,14.38,14.44,14.29,14.31,304438
2022-10-20 22:30:00,14.31,14.46,14.28,14.41,751472
2022-10-20 23:00:00,14.4,14.41,14.4,14.41,379715
2022-10-21 16:30:00,14.42,14.66,14.3,14.64,623377
2022-10-21 17:00:00,14.65,14.79,14.47,14.48,513812
2022-10-21 17:30:00,14.48,14.52,14.39,14.42,448990
2022-10-21 18:00:00,14.42,14.53,14.34,14.49,360236
2022-10-21 18:30:00,14.49,14.63,14.49,14.62,253838
2022-10-21 19:00:00,14.62,14.66,14.54,14.54,240997
2022-10-21 19:30:00,14.54,14.7,14.54,14.65,233079
2022-10-21 20:00:00,14.65,14.68,14.6,14.63,660672
2022-10-21 20:30:00,14.63,14.85,14.63,14.85,260848
2022-10-21 21:00:00,14.85,14.9,14.82,14.85,197653
2022-10-21 21:30:00,14.85,14.88,14.81,14.85,195376
2022-10-21 22:00:00,14.84,14.88,14.82,14.86,206705
2022-10-21 22:30:00,14.85,14.91,14.8,14.88,1145361
2022-10-21 23:00:00,14.88,14.89,14.88,14.89,491618
2022-10-24 16:30:00,14.99,15.1,14.84,15.03,316711
2022-10-24 17:00:00,15.04,15.04,14.82,14.92,468558
2022-10-24 17:30:00,14.92,15.06,14.88,15.05,214001
2022-10-24 18:00:00,15.05,15.12,14.91,14.96,185057
2022-10-24 18:30:00,14.95,15.05,14.93,15.02,177673
2022-10-24 19:00:00,15.02,15.08,15.01,15.04,192026
2022-10-24 19:30:00,15.04,15.18,15.02,15.07,404653
2022-10-24 20:00:00,15.07,15.1,15.0,15.0,414303
2022-10-24 20:30:00,15.0,15.01,14.96,14.98,408535
2022-10-24 21:00:00,14.98,15.13,14.98,15.06,578927
2022-10-24 21:30:00,15.07,15.14,15.06,15.13,303679
2022-10-24 22:00:00,15.13,15.14,15.08,15.09,336463
2022-10-24 22:30:00,15.09,15.1,14.96,15.05,1462090
2022-10-24 23:00:00,15.04,15.05,15.04,15.05,647986
2022-10-25 16:30:00,14.8,14.83,14.33,14.68,682151
2022-10-25 17:00:00,14.68,14.73,14.5,14.62,710098
2022-10-25 17:30:00,14.63,14.76,14.56,14.68,545656
2022-10-25 18:00:00,14.7,15.06,14.7,15.01,303866
2022-10-25 18:30:00,15.01,15.12,14.96,15.1,126695
2022-10-25 19:00:00,15.1,15.2,15.1,15.14,138630
2022-10-25 19:30:00,15.14,15.19,15.11,15.15,129635
2022-10-25 20:00:00,15.15,15.19,15.01,15.06,223346
2022-10-25 20:30:00,15.06,15.14,15.01,15.04,318183
2022-10-25 21:00:00,15.04,15.16,15.04,15.07,427400
2022-10-25 21:30:00,15.07,15.13,15.03,15.04,290141
2022-10-25 22:00:00,15.04,15.1,15.02,15.05,482401
2022-10-25 22:30:00,15.04,15.13,14.95,15.02,1388490
2022-10-25 23:00:00,15.03,15.05,15.03,15.05,1695517
2022-10-26 16:30:00,14.85,14.97,14.55,14.81,1042135
2022-10-26 17:00:00,14.82,15.02,14.8,15.01,715893
2022-10-26 17:30:00,15.01,15.07,14.94,15.04,368582
2022-10-26 18:00:00,15.04,15.23,15.01,15.16,681476
2022-10-26 18:30:00,15.16,15.17,15.04,15.09,351941
2022-10-26 19:00:00,15.08,15.14,15.06,15.12,232266
2022-10-26 19:30:00,15.13,15.17,15.05,15.08,296600
2022-10-26 20:00:00,15.07,15.1,15.03,15.05,252831
2022-10-26 20:30:00,15.05,15.15,14.98,15.15,417266
2022-10-26 21:00:00,15.15,15.22,15.09,15.11,387854
2022-10-26 21:30:00,15.11,15.16,15.1,15.14,356625
2022-10-26 22:00:00,15.14,15.14,15.06,15.11,374818
2022-10-26 22:30:00,15.11,15.19,15.09,15.11,1115533
2022-10-26 23:00:00,15.1,15.11,15.1,15.1,472218
2022-10-27 16:30:00,15.32,15.47,15.23,15.3,469976
2022-10-27 17:00:00,15.3,15.58,15.28,15.56,385961
2022-10-27 17:30:00,15.56,15.61,15.36,15.36,641213
2022-10-27 18:00:00,15.36,15.45,15.34,15.38,327670
2022-10-27 18:30:00,15.38,15.42,15.28,15.38,265222
2022-10-27 19:00:00,15.39,15.45,15.3,15.3,257432
2022-10-27 19:30:00,15.31,15.36,15.27,15.34,165128
2022-10-27 20:00:00,15.34,15.41,15.33,15.35,201327
2022-10-27 20:30:00,15.35,15.36,15.27,15.28,120043
2022-10-27 21:00:00,15.28,15.29,15.21,15.25,150557
2022-10-27 21:30:00,15.24,15.26,15.16,15.17,185328
2022-10-27 22:00:00,15.17,15.2,15.08,15.1,280209
2022-10-27 22:30:00,15.09,15.17,15.08,15.14,1111064
2022-10-27 23:00:00,15.15,15.15,15.15,15.15,862094
2022-10-28 16:30:00,15.23,15.31,15.09,15.21,367226
2022-10-28 17:00:00,15.22,15.27,15.0,15.18,241115
2022-10-28 17:30:00,15.18,15.22,15.1,15.2,253643
2022-10-28 18:00:00,15.2,15.21,15.12,15.15,108572
2022-10-28 18:30:00,15.15,15.21,15.11,15.17,148897
2022-10-28 19:00:00,15.16,15.24,15.11,15.22,105130
2022-10-28 19:30:00,15.22,15.3,15.22,15.26,197589
2022-10-28 20:00:00,15.26,15.31,15.24,15.29,203127
2022-10-28 20:30:00,15.29,15.36,15.29,15.33,168267
2022-10-28 21:00:00,15.33,15.35,15.31,15.35,176625
2022-10-28 21:30:00,15.35,15.41,15.34,15.4,214328
2022-10-28 22:00:00,15.4,15.46,15.4,15.45,267509
2022-10-28 22:30:00,15.44,15.44,15.38,15.42,837398
2022-10-28 23:00:00,15.42,15.42,15.41,15.41,709148
2022-10-31 16:30:00,15.35,15.48,15.25,15.28,331351
2022-10-31 17:00:00,15.28,15.39,15.27,15.32,190665
2022-10-31 17:30:00,15.32,15.34,15.25,15.27,130558
2022-10-31 18:00:00,15.27,15.36,15.26,15.34,187484
2022-10-31 18:30:00,15.34,15.36,15.27,15.31,394283
2022-10-31 19:00:00,15.31,15.41,15.31,15.35,340213
2022-10-31 19:30:00,15.34,15.35,15.26,15.26,166298
2022-10-31 20:00:00,15.26,15.34,15.24,15.34,161428
2022-10-31 20:30:00,15.33,15.35,15.28,15.31,126371
2022-10-31 21:00:00,15.31,15.39,15.3,15.33,205538
2022-10-31 21:30:00,15.33,15.38,15.32,15.36,312049
2022-10-31 22:00:00,15.35,15.35,15.3,15.33,315923
2022-10-31 22:30:00,15.33,15.35,15.28,15.31,907312
2022-10-31 23:00:00,15.32,15.32,15.31,15.32,2971863
2022-11-01 16:30:00,15.59,15.7,15.44,15.65,564559
2022-11-01 17:00:00,15.65,15.66,15.45,15.66,624117
2022-11-01 17:30:00,15.66,15.67,15.41,15.43,374596
2022-11-01 18:00:00,15.42,15.5,15.37,15.38,246196
2022-11-01 18:30:00,15.38,15.48,15.32,15.48,436581
2022-11-01 19:00:00,15.47,15.55,15.46,15.52,262320
2022-11-01 19:30:00,15.52,15.61,15.49,15.6,228586
2022-11-01 20:00:00,15.6,15.67,15.56,15.64,276920
2022-11-01 20:30:00,15.64,15.68,15.61,15.63,346986
2022-11-01 21:00:00,15.63,15.64,15.57,15.6,318716
2022-11-01 21:30:00,15.6,15.6,15.52,15.57,236971
2022-11-01 22:00:00,15.57,15.61,15.55,15.58,545374
2022-11-01 22:30:00,15.58,15.63,15.55,15.56,1256870
2022-11-01 23:00:00,15.57,15.57,15.56,15.56,865416
2022-11-02 16:30:00,15.46,15.7,15.38,15.67,193941
2022-11-02 17:00:00,15.67,15.72,15.49,15.52,148521
2022-11-02 17:30:00,15.52,15.58,15.52,15.54,137861
2022-11-02 18:00:00,15.54,15.59,15.54,15.58,115551
2022-11-02 18:30:00,15.59,15.62,15.53,15.55,171080
2022-11-02 19:00:00,15.55,15.55,15.44,15.46,93415
2022-11-02 19:30:00,15.46,15.48,15.42,15.47,112562
2022-11-02 20:00:00,15.47,15.48,15.42,15.48,140520
2022-11-02 20:30:00,15.48,15.57,15.47,15.56,197088
2022-11-02 21:00:00,15.56,15.93,15.53,15.93,435269
2022-11-02 21:30:00,15.93,15.99,15.45,15.56,752624
2022-11-02 22:00:00,15.56,15.76,15.41,15.46,550958
2022-11-02 22:30:00,15.45,15.52,15.4,15.42,1478952
2022-11-02 23:00:00,15.42,15.43,15.42,15.43,970685
2022-11-03 16:30:00,15.2,15.2,14.83,14.85,325050
2022-11-03 17:00:00,14.85,15.0,14.81,14.99,286255
2022-11-03 17:30:00,14.98,15.09,14.91,15.08,237368
2022-11-03 18:00:00,15.08,15.11,15.02,15.04,262200
2022-11-03 18:30:00,15.05,15.15,15.03,15.1,172377
2022-11-03 19:00:00,15.1,15.2,15.09,15.17,207454
2022-11-03 19:30:00,15.17,15.22,15.11,15.2,96245
2022-11-03 20:00:00,15.2,15.22,15.15,15.17,107884
2022-11-03 20:30:00,15.17,15.23,15.15,15.19,111192
2022-11-03 21:00:00,15.18,15.26,15.16,15.26,115941
2022-11-03 21:30:00,15.26,15.29,15.23,15.29,146453
2022-11-03 22:00:00,15.28,15.31,15.25,15.26,265715
2022-11-03 22:30:00,15.26,15.26,15.05,15.07,901890
2022-11-03 23:00:00,15.06,15.06,15.06,15.06,319138
2022-11-04 16:30:00,15.36,15.56,15.36,15.46,460423
2022-11-04 17:00:00,15.47,15.85,15.47,15.85,286134
2022-11-04 17:30:00,15.85,15.86,15.7,15.72,288735
2022-11-04 18:00:00,15.73,15.76,15.57,15.57,126870
2022-11-04 18:30:00,15.57,15.61,15.44,15.45,185195
2022-11-04 19:00:00,15.47,15.55,15.41,15.53,172225
2022-11-04 19:30:00,15.53,15.53,15.45,15.52,308161
2022-11-04 20:00:00,15.51,15.55,15.46,15.48,176091
2022-11-04 20:30:00,15.48,15.5,15.38,15.38,222644
2022-11-04 21:00:00,15.38,15.46,15.31,15.45,385412
2022-11-04 21:30:00,15.45,15.55,15.43,15.54,286099
2022-11-04 22:00:00,15.54,15.56,15.49,15.55,498657
2022-11-04 22:30:00,15.55,15.74,15.52,15.72,1158184
2022-11-04 23:00:00,15.73,15.73,15.73,15.73,387609
2022-11-07 17:30:00,15.94,16.02,15.65,15.68,222520
2022-11-07 18:00:00,15.68,15.85,15.66,15.81,211642
2022-11-07 18:30:00,15.81,15.85,15.76,15.84,267448
2022-11-07 19:00:00,15.85,15.92,15.83,15.91,216239
2022-11-07 19:30:00,15.91,15.95,15.81,15.84,171407
2022-11-07 20:00:00,15.84,15.95,15.82,15.95,185318
2022-11-07 20:30:00,15.95,15.97,15.92,15.95,154484
2022-11-07 21:00:00,15.95,15.99,15.95,15.96,133837
2022-11-07 21:30:00,15.96,16.01,15.94,16.01,126376
2022-11-07 22:00:00,16.01,16.12,16.01,16.12,398154
2022-11-07 22:30:00,16.12,16.17,16.09,16.1,396722
2022-11-07 23:00:00,16.1,16.18,16.1,16.15,306497
2022-11-07 23:30:00,16.15,16.2,16.11,16.2,954135
2022-11-08 00:00:00,16.2,16.2,16.19,16.19,280193
2022-11-08 17:30:00,16.26,16.27,16.15,16.21,316318
2022-11-08 18:00:00,16.2,16.34,16.19,16.31,248265
2022-11-08 18:30:00,16.31,16.49,16.3,16.49,338382
2022-11-08 19:00:00,16.49,16.57,16.48,16.56,300170
2022-11-08 19:30:00,16.56,16.63,16.55,16.6,235000
2022-11-08 20:00:00,16.6,16.64,16.55,16.62,310748
2022-11-08 20:30:00,16.62,16.63,16.58,16.59,256752
2022-11-08 21:00:00,16.59,16.59,16.43,16.44,320392
2022-11-08 21:30:00,16.44,16.51,16.39,16.44,238169
2022-11-08 22:00:00,16.43,16.47,16.28,16.28,409948
2022-11-08 22:30:00,16.28,16.47,16.25,16.43,377325
2022-11-08 23:00:00,16.43,16.54,16.43,16.54,442503
2022-11-08 23:30:00,16.54,16.57,16.49,16.5,1319729
2022-11-09 00:00:00,16.51,16.51,16.5,16.51,1055600
2022-11-09 17:30:00,16.16,16.18,15.98,16.05,276236
2022-11-09 18:00:00,16.04,16.2,16.02,16.13,242877
2022-11-09 18:30:00,16.13,16.16,16.04,16.08,196358
2022-11-09 19:00:00,16.08,16.17,16.07,16.14,143986
2022-11-09 19:30:00,16.13,16.27,16.12,16.19,211194
2022-11-09 20:00:00,16.19,16.21,16.13,16.14,214942
2022-11-09 20:30:00,16.14,16.18,16.1,16.13,169066
2022-11-09 21:00:00,16.13,16.14,16.04,16.04,123236
2022-11-09 21:30:00,16.04,16.04,15.97,16.0,128873
2022-11-09 22:00:00,16.01,16.04,15.97,16.04,150210
2022-11-09 22:30:00,16.04,16.07,16.0,16.01,434433
2022-11-09 23:00:00,16.01,16.05,15.94,15.95,259376
2022-11-09 23:30:00,15.94,15.95,15.88,15.91,771996
2022-11-10 00:00:00,15.91,15.91,15.91,15.91,332091
2022-11-10 17:30:00,16.66,17.32,16.66,17.31,752285
2022-11-10 18:00:00,17.32,17.77,17.32,17.76,389285
2022-11-10 18:30:00,17.76,17.85,17.66,17.84,268740
2022-11-10 19:00:00,17.85,17.91,17.79,17.89,328657
2022-11-10 19:30:00,17.89,18.17,17.89,18.16,1033223
2022-11-10 20:00:00,18.16,18.19,18.09,18.17,830341
2022-11-10 20:30:00,18.18,18.22,18.1,18.14,566152
2022-11-10 21:00:00,18.14,18.38,18.14,18.34,505166
2022-11-10 21:30:00,18.34,18.46,18.29,18.43,412438
2022-11-10 22:00:00,18.43,18.51,18.34,18.42,801354
2022-11-10 22:30:00,18.42,18.62,18.4,18.54,818463
2022-11-10 23:00:00,18.54,18.72,18.49,18.72,801047
2022-11-10 23:30:00,18.72,18.85,18.67,18.76,2960577
2022-11-11 00:00:00,18.75,18.76,18.75,18.75,1368223
2022-11-11 17:30:00,18.92,19.5,18.85,19.25,956467
2022-11-11 18:00:00,19.25,19.9,19.12,19.76,1472042
2022-11-11 18:30:00,19.76,19.79,19.44,19.5,455410
2022-11-11 19:00:00,19.5,19.61,19.42,19.59,414563
2022-11-11 19:30:00,19.6,19.85,19.55,19.83,290269
2022-11-11 20:00:00,19.83,19.92,19.78,19.88,829048
2022-11-11 20:30:00,19.88,19.89,19.75,19.76,646774
2022-11-11 21:00:00,19.77,19.88,19.74,19.87,431994
2022-11-11 21:30:00,19.87,19.98,19.85,19.98,357721
2022-11-11 22:00:00,19.98,20.01,19.93,19.96,384674
2022-11-11 22:30:00,19.96,19.98,19.9,19.96,302116
2022-11-11 23:00:00,19.96,19.97,19.84,19.93,688309
2022-11-11 23:30:00,19.93,19.94,19.73,19.77,1964882
2022-11-12 00:00:00,19.77,19.77,19.76,19.77,1208998
2022-11-14 17:30:00,19.51,19.73,19.07,19.29,1092170
2022-11-14 18:00:00,19.3,19.59,19.3,19.41,682533
2022-11-14 18:30:00,19.41,19.81,19.39,19.71,654719
2022-11-14 19:00:00,19.71,19.76,19.51,19.63,817211
2022-11-14 19:30:00,19.63,19.75,19.6,19.67,246038
2022-11-14 20:00:00,19.68,19.75,19.51,19.51,329675
2022-11-14 20:30:00,19.51,19.51,19.38,19.51,406916
2022-11-14 21:00:00,19.51,19.6,19.51,19.59,169056
2022-11-14 21:30:00,19.59,19.59,19.51,19.52,164620
2022-11-14 22:00:00,19.52,19.52,19.26,19.27,294544
2022-11-14 22:30:00,19.26,19.29,19.2,19.26,365163
2022-11-14 23:00:00,19.26,19.3,19.16,19.2,437886
2022-11-14 23:30:00,19.2,19.2,19.08,19.11,1089887
2022-11-15 00:00:00,19.1,19.1,19.1,19.1,478
2022-11-15 17:30:00,19.62,19.79,19.44,19.65,254834
2022-11-15 18:00:00,19.64,19.79,19.47,19.61,225639
2022-11-15 18:30:00,19.61,19.72,19.42,19.43,197128
2022-11-15 19:00:00,19.42,19.52,19.4,19.44,149633
2022-11-15 19:30:00,19.45,19.52,19.43,19.52,206612
2022-11-15 20:00:00,19.53,19.62,19.46,19.62,194586
2022-11-15 20:30:00,19.61,19.66,19.4,19.43,154722
2022-11-15 21:00:00,19.43,19.46,19.13,19.15,356555
2022-11-15 21:30:00,19.14,19.19,19.01,19.12,247803
2022-11-15 22:00:00,19.12,19.33,19.05,19.29,367090
2022-11-15 22:30:00,19.3,19.35,19.21,19.33,182888
2022-11-15 23:00:00,19.32,19.38,19.29,19.32,222578
2022-11-15 23:30:00,19.31,19.35,19.24,19.32,699937
2022-11-16 00:00:00,19.33,19.33,19.33,19.33,810590
2022-11-16 17:30:00,19.15,19.24,18.89,18.89,378787
2022-11-16 18:00:00,18.88,18.98,18.78,18.84,268386
2022-11-16 18:30:00,18.83,18.87,18.67,18.68,210020
2022-11-16 19:00:00,18.67,18.82,18.66,18.8,199814
2022-11-16 19:30:00,18.8,18.83,18.73,18.79,129609
2022-11-16 20:00:00,18.78,18.8,18.69,18.71,152826
2022-11-16 20:30:00,18.71,18.8,18.66,18.66,206848
2022-11-16 21:00:00,18.66,18.68,18.6,18.61,261496
2022-11-16 21:30:00,18.61,18.63,18.55,18.62,228623
2022-11-16 22:00:00,18.62,18.73,18.61,18.73,231511
2022-11-16 22:30:00,18.73,18.78,18.68,18.78,196159
2022-11-16 23:00:00,18.77,18.82,18.71,18.77,576507
2022-11-16 23:30:00,18.76,18.93,18.74,18.81,1318703
2022-11-17 00:00:00,18.81,18.81,18.8,18.8,749094
2022-11-17 17:30:00,18.44,18.51,18.17,18.17,352542
2022-11-17 18:00:00,18.17,18.42,18.17,18.4,205516
2022-11-17 18:30:00,18.41,18.49,18.36,18.38,118239
2022-11-17 19:00:00,18.39,18.45,18.33,18.44,106556
2022-11-17 19:30:00,18.44,18.58,18.37,18.58,180720
2022-11-17 20:00:00,18.58,18.61,18.55,18.55,125362
2022-11-17 20:30:00,18.56,18.74,18.54,18.71,208422
2022-11-17 21:00:00,18.71,18.73,18.65,18.7,151965
2022-11-17 21:30:00,18.7,18.77,18.67,18.7,136355
2022-11-17 22:00:00,18.69,18.73,18.65,18.66,182640
2022-11-17 22:30:00,18.66,18.73,18.63,18.72,173968
2022-11-17 23:00:00,18.72,18.73,18.57,18.58,329971
2022-11-17 23:30:00,18.58,18.79,18.55,18.79,1104651
2022-11-18 00:00:00,18.79,18.79,18.78,18.78,734444
2022-11-18 17:30:00,19.14,19.19,18.92,18.93,170289
2022-11-18 18:00:00,18.94,19.15,18.89,19.15,285557
2022-11-18 18:30:00,19.15,19.2,19.08,19.11,202559
2022-11-18 19:00:00,19.12,19.18,19.05,19.11,252087
2022-11-18 19:30:00,19.12,19.13,18.95,19.01,109728
2022-11-18 20:00:00,19.02,19.03,18.94,19.0,305704
2022-11-18 20:30:00,18.99,19.01,18.91,18.98,70190
2022-11-18 21:00:00,18.97,19.06,18.96,19.05,73528
2022-11-18 21:30:00,19.06,19.06,18.92,18.96,156580
2022-11-18 22:00:00,18.96,19.08,18.96,19.06,168438
2022-11-18 22:30:00,19.07,19.08,18.92,18.96,286458
2022-11-18 23:00:00,18.96,19.01,18.94,18.96,171100
2022-11-18 23:30:00,18.96,19.02,18.94,18.95,897130
2022-11-19 00:00:00,18.95,18.95,18.94,18.94,1603922
2022-11-21 17:30:00,18.79,18.95,18.69,18.95,202892
2022-11-21 18:00:00,18.95,19.03,18.89,18.9,223906
2022-11-21 18:30:00,18.89,18.95,18.74,18.83,220289
2022-11-21 19:00:00,18.84,18.94,18.83,18.89,123509
2022-11-21 19:30:00,18.89,19.0,18.88,18.93,189940
2022-11-21 20:00:00,18.92,18.97,18.89,18.9,181538
2022-11-21 20:30:00,18.91,18.98,18.9,18.96,157988
2022-11-21 21:00:00,18.96,19.03,18.95,18.98,140142
2022-11-21 21:30:00,18.98,18.98,18.9,18.9,161063
2022-11-21 22:00:00,18.9,18.93,18.85,18.87,151305
2022-11-21 22:30:00,18.86,18.88,18.83,18.85,128814
2022-11-21 23:00:00,18.84,18.88,18.8,18.84,273581
2022-11-21 23:30:00,18.85,18.98,18.84,18.92,621009
2022-11-22 00:00:00,18.92,18.92,18.91,18.91,401500
2022-11-22 17:30:00,19.09,19.31,19.03,19.31,262510
2022-11-22 18:00:00,19.32,19.39,19.27,19.35,189384
2022-11-22 18:30:00,19.36,19.37,19.26,19.31,197250
2022-11-22 19:00:00,19.31,19.31,19.2,19.21,127302
2022-11-22 19:30:00,19.21,19.21,19.15,19.19,115773
2022-11-22 20:00:00,19.19,19.25,19.18,19.22,176138
2022-11-22 20:30:00,19.21,19.24,19.14,19.15,124921
2022-11-22 21:00:00,19.15,19.2,19.14,19.16,109017
2022-11-22 21:30:00,19.17,19.18,19.11,19.12,104724
2022-11-22 22:00:00,19.12,19.15,19.07,19.09,90522
2022-11-22 22:30:00,19.09,19.13,19.05,19.1,214974
2022-11-22 23:00:00,19.1,19.18,19.1,19.17,222969
2022-11-22 23:30:00,19.17,19.24,19.16,19.2,716017
2022-11-23 00:00:00,19.2,19.2,19.18,19.19,341745
2022-11-23 17:30:00,19.11,19.31,19.04,19.28,191992
2022-11-23 18:00:00,19.28,19.29,19.16,19.22,175988
2022-11-23 18:30:00,19.23,19.29,19.23,19.28,129328
2022-11-23 19:00:00,19.28,19.3,19.21,19.27,134513
2022-11-23 19:30:00,19.27,19.31,19.17,19.2,92189
2022-11-23 20:00:00,19.2,19.24,19.19,19.23,59798
2022-11-23 20:30:00,19.23,19.24,19.12,19.15,85139
2022-11-23 21:00:00,19.15,19.21,19.14,19.21,72676
2022-11-23 21:30:00,19.21,19.24,19.2,19.22,53430
2022-11-23 22:00:00,19.23,19.36,19.17,19.29,149445
2022-11-23 22:30:00,19.29,19.29,19.16,19.17,286896
2022-11-23 23:00:00,19.18,19.31,19.16,19.28,205309
2022-11-23 23:30:00,19.28,19.32,19.24,19.32,378993
2022-11-25 17:30:00,19.21,19.29,19.15,19.22,199062
2022-11-25 18:00:00,19.23,19.32,19.23,19.31,131400
2022-11-25 18:30:00,19.31,19.37,19.29,19.36,117899
2022-11-25 19:00:00,19.36,19.37,19.3,19.31,103399
2022-11-25 19:30:00,19.31,19.36,19.31,19.32,81712
2022-11-25 20:00:00,19.32,19.4,19.29,19.4,125381
2022-11-25 20:30:00,19.4,19.49,19.39,19.44,340112
2022-11-25 21:00:00,19.41,19.41,19.41,19.41,160332
2022-11-28 17:30:00,19.16,19.26,19.04,19.09,255917
2022-11-28 18:00:00,19.08,19.19,19.07,19.15,128334
2022-11-28 18:30:00,19.14,19.18,19.06,19.08,101201
2022-11-28 19:00:00,19.08,19.09,19.01,19.01,68357
2022-11-28 19:30:00,19.02,19.05,18.98,19.04,76520
2022-11-28 20:00:00,19.03,19.07,18.95,18.97,109959
2022-11-28 20:30:00,18.97,19.0,18.86,18.87,123301
2022-11-28 21:00:00,18.87,18.9,18.86,18.89,89143
2022-11-28 21:30:00,18.89,18.89,18.8,18.83,136457
2022-11-28 22:00:00,18.83,18.85,18.8,18.8,108962
2022-11-28 22:30:00,18.79,18.81,18.76,18.79,141493
2022-11-28 23:00:00,18.79,18.79,18.67,18.68,194884
2022-11-28 23:30:00,18.68,18.73,18.66,18.71,610923
2022-11-29 00:00:00,18.71,18.71,18.69,18.69,649416
2022-11-29 17:30:00,18.68,18.92,18.65,18.92,211847
2022-11-29 18:00:00,18.92,18.99,18.89,18.97,103104
2022-11-29 18:30:00,18.97,18.98,18.9,18.9,108703
2022-11-29 19:00:00,18.91,18.92,18.68,18.69,136806
2022-11-29 19:30:00,18.68,18.73,18.66,18.73,337359
2022-11-29 20:00:00,18.72,18.84,18.7,18.82,193382
2022-11-29 20:30:00,18.82,18.92,18.8,18.89,91666
2022-11-29 21:00:00,18.89,18.89,18.77,18.79,109285
2022-11-29 21:30:00,18.79,18.81,18.77,18.8,115555
2022-11-29 22:00:00,18.8,18.83,18.76,18.78,214275
2022-11-29 22:30:00,18.78,18.81,18.72,18.8,214141
2022-11-29 23:00:00,18.81,18.82,18.77,18.8,294978
2022-11-29 23:30:00,18.81,18.89,18.79,18.86,540300
2022-11-30 00:00:00,18.85,18.86,18.84,18.84,436962
2022-11-30 17:30:00,18.87,18.9,18.45,18.5,271945
2022-11-30 18:00:00,18.51,18.58,18.4,18.4,164398
2022-11-30 18:30:00,18.4,18.41,18.3,18.32,325871
2022-11-30 19:00:00,18.32,18.52,18.32,18.5,173737
2022-11-30 19:30:00,18.51,18.52,18.41,18.41,82706
2022-11-30 20:00:00,18.42,18.49,18.37,18.42,200935
2022-11-30 20:30:00,18.42,18.47,18.39,18.47,85718
2022-11-30 21:00:00,18.47,18.5,18.46,18.5,77995
2022-11-30 21:30:00,18.49,18.89,18.47,18.88,208896
2022-11-30 22:00:00,18.89,19.12,18.86,19.04,572160
2022-11-30 22:30:00,19.04,19.05,18.91,18.97,264990
2022-11-30 23:00:00,18.97,19.12,18.96,19.12,408186
2022-11-30 23:30:00,19.12,19.21,19.08,19.14,1001236
2022-12-01 00:00:00,19.14,19.14,19.11,19.11,4669876
2022-12-01 17:30:00,19.1,19.36,19.01,19.08,240905
2022-12-01 18:00:00,19.1,19.18,18.9,18.94,209099
2022-12-01 18:30:00,18.94,19.04,18.9,18.99,228746
2022-12-01 19:00:00,18.99,19.04,18.92,19.03,284510
2022-12-01 19:30:00,19.03,19.26,19.01,19.25,163238
2022-12-01 20:00:00,19.26,19.27,19.13,19.26,140099
2022-12-01 20:30:00,19.26,19.3,19.17,19.21,91151
2022-12-01 21:00:00,19.21,19.29,19.2,19.22,537769
2022-12-01 21:30:00,19.22,19.35,19.22,19.35,266762
2022-12-01 22:00:00,19.35,19.38,19.28,19.36,284030
2022-12-01 22:30:00,19.35,19.45,19.34,19.45,161399
2022-12-01 23:00:00,19.45,19.48,19.41,19.45,239311
2022-12-01 23:30:00,19.45,19.52,19.4,19.44,643863
2022-12-02 00:00:00,19.43,19.43,19.43,19.43,599967
2022-12-02 17:30:00,19.1,19.21,18.84,18.98,489968
2022-12-02 18:00:00,18.98,19.1,18.94,19.01,196947
2022-12-02 18:30:00,19.01,19.18,18.99,19.03,337506
2022-12-02 19:00:00,19.03,19.1,19.02,19.09,107754
2022-12-02 19:30:00,19.09,19.18,19.07,19.14,147394
2022-12-02 20:00:00,19.13,19.19,19.11,19.17,105267
2022-12-02 20:30:00,19.17,19.17,19.08,19.12,117762
2022-12-02 21:00:00,19.11,19.14,19.08,19.09,275472
2022-12-02 21:30:00,19.09,19.09,18.96,19.0,821976
2022-12-02 22:00:00,19.0,19.01,18.95,19.0,208193
2022-12-02 22:30:00,18.99,19.16,18.98,19.15,186083
2022-12-02 23:00:00,19.16,19.22,19.14,19.15,200049
2022-12-02 23:30:00,19.15,19.16,19.03,19.09,1176107
2022-12-03 00:00:00,19.09,19.09,19.09,19.09,853054
2022-12-05 17:30:00,18.97,19.13,18.87,18.87,267467
2022-12-05 18:00:00,18.86,18.88,18.73,18.81,261523
2022-12-05 18:30:00,18.81,18.82,18.66,18.67,174308
2022-12-05 19:00:00,18.68,18.8,18.58,18.62,214342
2022-12-05 19:30:00,18.62,18.67,18.57,18.6,145090
2022-12-05 20:00:00,18.59,18.6,18.5,18.54,198504
2022-12-05 20:30:00,18.54,18.57,18.49,18.56,140827
2022-12-05 21:00:00,18.56,18.6,18.5,18.51,198210
2022-12-05 21:30:00,18.5,18.54,18.44,18.45,124722
2022-12-05 22:00:00,18.45,18.48,18.42,18.44,128168
2022-12-05 22:30:00,18.43,18.57,18.42,18.57,250175
2022-12-05 23:00:00,18.57,18.58,18.47,18.49,256727
2022-12-05 23:30:00,18.48,18.63,18.48,18.59,942907
2022-12-06 00:00:00,18.6,18.6,18.59,18.59,1621633
2022-12-06 17:30:00,18.56,18.69,18.4,18.54,153715
2022-12-06 18:00:00,18.54,18.6,18.45,18.48,197809
2022-12-06 18:30:00,18.48,18.55,18.37,18.54,152491
2022-12-06 19:00:00,18.54,18.63,18.52,18.6,139866
2022-12-06 19:30:00,18.59,18.67,18.54,18.56,131677
2022-12-06 20:00:00,18.56,18.58,18.47,18.51,112539
2022-12-06 20:30:00,18.52,18.58,18.51,18.55,119189
2022-12-06 21:00:00,18.55,18.56,18.45,18.46,89610
2022-12-06 21:30:00,18.46,18.52,18.44,18.45,112689
2022-12-06 22:00:00,18.45,18.46,18.35,18.4,147367
2022-12-06 22:30:00,18.4,18.47,18.38,18.44,160353
2022-12-06 23:00:00,18.44,18.5,18.41,18.41,378035
2022-12-06 23:30:00,18.41,18.54,18.4,18.51,777585
2022-12-07 00:00:00,18.5,18.51,18.49,18.51,2242807
2022-12-07 17:30:00,18.43,18.55,18.27,18.42,170259
2022-12-07 18:00:00,18.41,18.55,18.35,18.54,182994
2022-12-07 18:30:00,18.54,18.61,18.49,18.49,141420
2022-12-07 19:00:00,18.49,18.58,18.41,18.41,124502
2022-12-07 19:30:00,18.41,18.47,18.38,18.46,102033
2022-12-07 20:00:00,18.45,18.49,18.4,18.45,107516
2022-12-07 20:30:00,18.45,18.53,18.44,18.5,113583
2022-12-07 21:00:00,18.5,18.5,18.42,18.42,82401
2022-12-07 21:30:00,18.42,18.42,18.32,18.33,159803
2022-12-07 22:00:00,18.34,18.41,18.32,18.39,90479
2022-12-07 22:30:00,18.39,18.48,18.38,18.44,143666
2022-12-07 23:00:00,18.43,18.46,18.37,18.42,81974
2022-12-07 23:30:00,18.41,18.44,18.33,18.35,633376
2022-12-08 00:00:00,18.35,18.37,18.35,18.36,1086922
2022-12-08 17:30:00,18.48,18.57,18.34,18.53,132590
2022-12-08 18:00:00,18.54,18.56,18.44,18.5,106837
2022-12-08 18:30:00,18.52,18.53,18.44,18.5,163013
2022-12-08 19:00:00,18.5,18.53,18.39,18.43,129501
2022-12-08 19:30:00,18.43,18.48,18.42,18.44,55325
2022-12-08 20:00:00,18.43,18.44,18.37,18.37,73062
2022-12-08 20:30:00,18.36,18.37,18.32,18.34,46464
2022-12-08 21:00:00,18.34,18.38,18.33,18.38,46494
2022-12-08 21:30:00,18.38,18.42,18.37,18.38,92425
2022-12-08 22:00:00,18.38,18.47,18.29,18.42,181345
2022-12-08 22:30:00,18.42,18.49,18.4,18.45,138149
2022-12-08 23:00:00,18.44,18.45,18.39,18.41,213381
2022-12-08 23:30:00,18.42,18.51,18.37,18.51,658588
2022-12-09 00:00:00,18.51,18.52,18.5,18.51,621936
2022-12-09 17:30:00,18.41,18.58,18.33,18.44,277818
2022-12-09 18:00:00,18.45,18.51,18.36,18.38,260788
2022-12-09 18:30:00,18.38,18.45,18.32,18.45,234985
2022-12-09 19:00:00,18.45,18.51,18.39,18.49,214625
2022-12-09 19:30:00,18.49,18.54,18.45,18.49,271638
2022-12-09 20:00:00,18.48,18.49,18.39,18.41,117902
2022-12-09 20:30:00,18.42,18.48,18.41,18.47,119134
2022-12-09 21:00:00,18.45,18.47,18.43,18.45,135287
2022-12-09 21:30:00,18.45,18.5,18.43,18.45,251431
2022-12-09 22:00:00,18.44,18.47,18.42,18.45,204446
2022-12-09 22:30:00,18.45,18.48,18.44,18.45,255535
2022-12-09 23:00:00,18.45,18.47,18.41,18.43,404913
2022-12-09 23:30:00,18.42,18.45,18.34,18.35,656063
2022-12-10 00:00:00,18.35,18.35,18.34,18.35,660025
2022-12-12 17:30:00,18.39,18.42,18.22,18.34,213627
2022-12-12 18:00:00,18.33,18.45,18.3,18.36,135589
2022-12-12 18:30:00,18.36,18.5,18.36,18.5,169370
2022-12-12 19:00:00,18.5,18.69,18.45,18.69,191843
2022-12-12 19:30:00,18.68,18.73,18.65,18.72,193413
2022-12-12 20:00:00,18.72,18.78,18.68,18.74,137893
2022-12-12 20:30:00,18.73,18.8,18.7,18.78,139458
2022-12-12 21:00:00,18.78,18.8,18.7,18.71,136472
2022-12-12 21:30:00,18.71,18.77,18.7,18.72,198805
2022-12-12 22:00:00,18.72,18.76,18.69,18.75,126113
2022-12-12 22:30:00,18.75,18.78,18.7,18.78,165247
2022-12-12 23:00:00,18.78,18.88,18.78,18.86,314838
2022-12-12 23:30:00,18.87,18.92,18.82,18.9,588935
2022-12-13 00:00:00,18.9,18.91,18.89,18.89,903181
2022-12-13 17:30:00,19.77,20.54,19.76,20.34,956268
2022-12-13 18:00:00,20.34,20.35,20.01,20.14,386555
2022-12-13 18:30:00,20.14,20.22,19.85,19.89,347102
2022-12-13 19:00:00,19.89,19.92,19.71,19.77,150117
2022-12-13 19:30:00,19.78,19.79,19.57,19.59,142213
2022-12-13 20:00:00,19.59,19.66,19.46,19.47,140263
2022-12-13 20:30:00,19.46,19.5,19.35,19.43,158204
2022-12-13 21:00:00,19.43,19.72,19.43,19.71,223449
2022-12-13 21:30:00,19.71,19.76,19.55,19.61,285289
2022-12-13 22:00:00,19.61,19.68,19.55,19.58,264819
2022-12-13 22:30:00,19.57,19.69,19.54,19.57,177727
2022-12-13 23:00:00,19.55,19.6,19.45,19.59,133570
2022-12-13 23:30:00,19.59,19.71,19.57,19.62,657527
2022-12-14 00:00:00,19.62,19.62,19.61,19.61,708439
2022-12-14 17:30:00,19.49,19.68,19.39,19.58,277033
2022-12-14 18:00:00,19.58,19.68,19.57,19.64,146464
2022-12-14 18:30:00,19.64,19.79,19.64,19.77,139124
2022-12-14 19:00:00,19.78,19.81,19.66,19.7,193743
2022-12-14 19:30:00,19.7,19.77,19.66,19.73,148851
2022-12-14 20:00:00,19.73,19.75,19.67,19.72,127712
2022-12-14 20:30:00,19.71,19.75,19.66,19.66,158230
2022-12-14 21:00:00,19.66,19.75,19.65,19.75,108573
2022-12-14 21:30:00,19.75,19.82,19.75,19.77,125731
2022-12-14 22:00:00,19.76,19.77,19.35,19.43,319033
2022-12-14 22:30:00,19.43,19.47,19.21,19.32,543347
2022-12-14 23:00:00,19.32,19.64,19.29,19.33,332004
2022-12-14 23:30:00,19.32,19.57,19.25,19.51,1234690
2022-12-15 00:00:00,19.52,19.52,19.52,19.52,1103346
2022-12-15 17:30:00,19.16,19.35,19.08,19.19,461240
2022-12-15 18:00:00,19.19,19.25,19.1,19.24,364443
2022-12-15 18:30:00,19.24,19.33,19.22,19.27,187408
2022-12-15 19:00:00,19.28,19.34,19.12,19.16,187749
2022-12-15 19:30:00,19.16,19.18,19.05,19.05,211802
2022-12-15 20:00:00,19.06,19.1,19.04,19.06,122962
2022-12-15 20:30:00,19.07,19.13,18.99,18.99,219734
2022-12-15 21:00:00,18.99,19.0,18.87,18.95,420228
2022-12-15 21:30:00,18.94,18.99,18.93,18.98,132610
2022-12-15 22:00:00,18.98,19.0,18.95,18.97,178261
2022-12-15 22:30:00,18.96,19.07,18.96,19.07,336748
2022-12-15 23:00:00,19.07,19.19,19.07,19.19,294870
2022-12-15 23:30:00,19.19,19.19,18.96,19.01,825533
2022-12-16 00:00:00,19.01,19.01,19.0,19.0,576557
2022-12-16 17:30:00,18.54,18.79,18.49,18.69,596214
2022-12-16 18:00:00,18.69,18.69,18.37,18.42,262947
2022-12-16 18:30:00,18.41,18.44,18.31,18.38,315222
2022-12-16 19:00:00,18.38,18.59,18.36,18.47,231380
2022-12-16 19:30:00,18.47,18.51,18.36,18.36,202536
2022-12-16 20:00:00,18.36,18.44,18.32,18.37,207474
2022-12-16 20:30:00,18.37,18.4,18.28,18.3,133530
2022-12-16 21:00:00,18.3,18.36,18.29,18.33,122732
2022-12-16 21:30:00,18.33,18.37,18.3,18.32,190166
2022-12-16 22:00:00,18.32,18.38,18.27,18.27,197121
2022-12-16 22:30:00,18.27,18.31,18.23,18.28,245183
2022-12-16 23:00:00,18.29,18.36,18.24,18.34,299845
2022-12-16 23:30:00,18.34,18.41,18.28,18.41,1277926
2022-12-17 00:00:00,18.41,18.41,18.36,18.39,4995880
2022-12-19 17:30:00,18.33,18.49,18.24,18.26,245026
2022-12-19 18:00:00,18.25,18.38,18.23,18.37,132774
2022-12-19 18:30:00,18.37,18.39,18.21,18.22,115388
2022-12-19 19:00:00,18.21,18.26,18.17,18.26,88198
2022-12-19 19:30:00,18.25,18.27,18.11,18.13,139858
2022-12-19 20:00:00,18.13,18.16,18.1,18.15,130881
2022-12-19 20:30:00,18.15,18.21,18.13,18.19,192893
2022-12-19 21:00:00,18.19,18.22,18.15,18.16,148328
2022-12-19 21:30:00,18.16,18.17,18.1,18.11,86626
2022-12-19 22:00:00,18.11,18.12,18.05,18.06,112677
2022-12-19 22:30:00,18.06,18.08,18.0,18.06,284313
2022-12-19 23:00:00,18.05,18.07,18.02,18.06,176902
2022-12-19 23:30:00,18.06,18.12,18.02,18.09,521682
2022-12-20 00:00:00,18.09,18.1,18.09,18.1,414030
2022-12-20 17:30:00,18.09,18.18,17.98,18.18,331102
2022-12-20 18:00:00,18.17,18.24,18.13,18.16,210879
2022-12-20 18:30:00,18.17,18.22,18.13,18.16,99918
2022-12-20 19:00:00,18.16,18.23,18.09,18.1,116249
2022-12-20 19:30:00,18.1,18.17,18.06,18.12,131544
2022-12-20 20:00:00,18.12,18.16,18.09,18.09,73101
2022-12-20 20:30:00,18.09,18.1,18.02,18.1,150690
2022-12-20 21:00:00,18.1,18.13,18.07,18.12,77501
2022-12-20 21:30:00,18.11,18.14,18.09,18.1,105788
2022-12-20 22:00:00,18.1,18.13,18.08,18.11,113129
2022-12-20 22:30:00,18.11,18.11,18.03,18.06,106432
2022-12-20 23:00:00,18.07,18.11,18.04,18.05,237949
2022-12-20 23:30:00,18.06,18.09,18.01,18.01,622794
2022-12-21 00:00:00,18.02,18.02,18.0,18.01,370754
2022-12-21 17:30:00,18.29,18.54,18.29,18.45,185533
2022-12-21 18:00:00,18.45,18.5,18.42,18.49,72277
2022-12-21 18:30:00,18.49,18.62,18.48,18.55,88077
2022-12-21 19:00:00,18.56,18.57,18.47,18.5,82202
2022-12-21 19:30:00,18.5,18.52,18.47,18.5,81426
2022-12-21 20:00:00,18.5,18.5,18.41,18.41,65856
2022-12-21 20:30:00,18.42,18.44,18.38,18.42,62701
2022-12-21 21:00:00,18.42,18.5,18.41,18.43,95752
2022-12-21 21:30:00,18.44,18.51,18.44,18.5,74307
2022-12-21 22:00:00,18.5,18.57,18.5,18.52,176144
2022-12-21 22:30:00,18.52,18.56,18.49,18.51,119482
2022-12-21 23:00:00,18.5,18.53,18.49,18.52,196852
2022-12-21 23:30:00,18.52,18.56,18.5,18.55,723123
2022-12-22 00:00:00,18.55,18.55,18.55,18.55,434178
2022-12-22 17:30:00,18.28,18.35,18.18,18.28,122807
2022-12-22 18:00:00,18.27,18.3,18.21,18.23,108113
2022-12-22 18:30:00,18.23,18.26,18.17,18.18,75196
2022-12-22 19:00:00,18.18,18.2,18.15,18.17,75058
2022-12-22 19:30:00,18.17,18.18,18.07,18.09,108982
2022-12-22 20:00:00,18.09,18.13,18.0,18.0,63359
2022-12-22 20:30:00,18.01,18.02,17.96,18.01,49505
2022-12-22 21:00:00,18.0,18.0,17.92,17.95,55446
2022-12-22 21:30:00,17.95,18.02,17.92,18.01,86878
2022-12-22 22:00:00,18.01,18.05,17.97,18.05,165179
2022-12-22 22:30:00,18.04,18.06,17.98,18.05,142828
2022-12-22 23:00:00,18.06,18.23,18.04,18.22,335206
2022-12-22 23:30:00,18.22,18.28,18.16,18.27,439264
2022-12-23 00:00:00,18.28,18.28,18.27,18.27,239565
2022-12-23 17:30:00,18.26,18.38,18.11,18.11,124886
2022-12-23 18:00:00,18.11,18.29,18.11,18.25,131225
2022-12-23 18:30:00,18.25,18.32,18.19,18.21,105754
2022-12-23 19:00:00,18.19,18.24,18.17,18.22,65734
2022-12-23 19:30:00,18.23,18.3,18.22,18.29,41028
2022-12-23 20:00:00,18.3,18.37,18.3,18.37,55084
2022-12-23 20:30:00,18.37,18.39,18.34,18.36,53163
2022-12-23 21:00:00,18.37,18.4,18.33,18.33,136085
2022-12-23 21:30:00,18.33,18.34,18.27,18.32,232466
2022-12-23 22:00:00,18.32,18.38,18.25,18.3,382053
2022-12-23 22:30:00,18.3,18.37,18.3,18.36,58013
2022-12-23 23:00:00,18.36,18.4,18.35,18.35,191904
2022-12-23 23:30:00,18.36,18.41,18.32,18.38,574401
2022-12-24 00:00:00,18.38,18.38,18.38,18.38,195050
2022-12-27 17:30:00,18.39,18.39,18.22,18.26,136255
2022-12-27 18:00:00,18.26,18.48,18.24,18.45,79873
2022-12-27 18:30:00,18.44,18.49,18.39,18.4,65767
2022-12-27 19:00:00,18.4,18.45,18.39,18.44,79933
2022-12-27 19:30:00,18.43,18.46,18.41,18.44,50241
2022-12-27 20:00:00,18.45,18.48,18.43,18.44,43946
2022-12-27 20:30:00,18.44,18.47,18.4,18.43,53355
2022-12-27 21:00:00,18.44,18.46,18.4,18.43,77832
2022-12-27 21:30:00,18.43,18.43,18.33,18.34,51613
2022-12-27 22:00:00,18.34,18.37,18.26,18.27,46714
2022-12-27 22:30:00,18.26,18.31,18.23,18.29,84975
2022-12-27 23:00:00,18.29,18.34,18.28,18.32,75938
2022-12-27 23:30:00,18.33,18.36,18.32,18.33,276888
2022-12-28 00:00:00,18.34,18.34,18.32,18.32,402063
2022-12-28 17:30:00,18.27,18.38,18.26,18.26,119925
2022-12-28 18:00:00,18.27,18.29,18.08,18.09,148394
2022-12-28 18:30:00,18.1,18.1,18.0,18.01,195880
2022-12-28 19:00:00,18.02,18.02,17.92,17.96,171007
2022-12-28 19:30:00,17.96,17.98,17.9,17.9,139769
2022-12-28 20:00:00,17.9,17.9,17.8,17.82,132444
2022-12-28 20:30:00,17.83,17.96,17.82,17.95,127025
2022-12-28 21:00:00,17.96,17.99,17.92,17.93,99219
2022-12-28 21:30:00,17.93,17.97,17.91,17.97,113292
2022-12-28 22:00:00,17.96,17.98,17.94,17.96,99529
2022-12-28 22:30:00,17.96,18.03,17.95,18.02,99512
2022-12-28 23:00:00,18.01,18.02,17.89,17.91,110673
2022-12-28 23:30:00,17.9,17.92,17.85,17.87,387999
2022-12-29 00:00:00,17.88,17.88,17.87,17.88,641626
2022-12-29 17:30:00,18.02,18.21,18.01,18.19,93958
2022-12-29 18:00:00,18.2,18.3,18.2,18.21,95598
2022-12-29 18:30:00,18.22,18.28,18.21,18.26,116669
2022-12-29 19:00:00,18.27,18.36,18.24,18.33,144991
2022-12-29 19:30:00,18.33,18.49,18.33,18.47,255863
2022-12-29 20:00:00,18.47,18.47,18.39,18.39,124636
2022-12-29 20:30:00,18.39,18.41,18.33,18.4,108735
2022-12-29 21:00:00,18.4,18.44,18.38,18.41,105256
2022-12-29 21:30:00,18.41,18.41,18.28,18.28,165883
2022-12-29 22:00:00,18.29,18.34,18.27,18.28,196191
2022-12-29 22:30:00,18.28,18.31,18.25,18.27,178673
2022-12-29 23:00:00,18.26,18.29,18.21,18.27,176482
2022-12-29 23:30:00,18.27,18.36,18.25,18.3,723291
2022-12-30 00:00:00,18.3,18.3,18.3,18.3,661925
2022-12-30 17:30:00,18.05,18.12,17.9,17.97,236506
2022-12-30 18:00:00,17.97,17.99,17.87,17.93,233234
2022-12-30 18:30:00,17.93,17.99,17.9,17.94,165406
2022-12-30 19:00:00,17.94,17.99,17.91,17.94,116746
2022-12-30 19:30:00,17.93,17.96,17.91,17.93,147808
2022-12-30 20:00:00,17.94,17.95,17.89,17.93,90103
2022-12-30 20:30:00,17.93,17.96,17.9,17.93,105638
2022-12-30 21:00:00,17.93,17.93,17.76,17.81,129724
2022-12-30 21:30:00,17.81,17.83,17.79,17.81,141752
2022-12-30 22:00:00,17.82,17.83,17.73,17.77,153662
2022-12-30 22:30:00,17.76,17.79,17.71,17.74,123697
2022-12-30 23:00:00,17.75,17.86,17.75,17.84,187855
2022-12-30 23:30:00,17.84,18.02,17.83,17.97,859862
2022-12-31 00:00:00,17.96,17.99,17.96,17.99,896250
2023-01-03 17:30:00,18.37,18.49,18.21,18.21,464565
2023-01-03 18:00:00,18.21,18.36,18.16,18.25,165706
2023-01-03 18:30:00,18.25,18.44,18.22,18.44,109922
2023-01-03 19:00:00,18.45,18.46,18.15,18.17,213958
2023-01-03 19:30:00,18.17,18.17,18.06,18.1,174381
2023-01-03 20:00:00,18.1,18.13,18.02,18.06,116337
2023-01-03 20:30:00,18.05,18.12,17.98,18.03,105882
2023-01-03 21:00:00,18.03,18.15,18.02,18.13,68205
2023-01-03 21:30:00,18.13,18.14,18.09,18.12,78131
2023-01-03 22:00:00,18.12,18.13,18.02,18.03,108760
2023-01-03 22:30:00,18.03,18.14,17.97,18.1,222232
2023-01-03 23:00:00,18.1,18.18,18.09,18.14,281184
2023-01-03 23:30:00,18.14,18.23,18.13,18.21,748085
2023-01-04 00:00:00,18.21,18.22,18.21,18.22,1106746
2023-01-04 17:30:00,18.5,18.66,18.42,18.59,287215
2023-01-04 18:00:00,18.59,18.61,18.44,18.59,237578
2023-01-04 18:30:00,18.59,18.8,18.59,18.78,145567
2023-01-04 19:00:00,18.79,18.83,18.75,18.83,131363
2023-01-04 19:30:00,18.83,18.93,18.83,18.93,93780
2023-01-04 20:00:00,18.93,18.98,18.89,18.98,88681
2023-01-04 20:30:00,18.98,19.02,18.94,18.94,131761
2023-01-04 21:00:00,18.93,19.02,18.9,18.99,128009
2023-01-04 21:30:00,19.0,19.02,18.89,18.91,115711
2023-01-04 22:00:00,18.91,18.97,18.69,18.71,288936
2023-01-04 22:30:00,18.71,18.94,18.7,18.94,333122
2023-01-04 23:00:00,18.94,19.01,18.92,18.97,565929
2023-01-04 23:30:00,18.96,19.01,18.85,18.97,615046
2023-01-05 00:00:00,18.97,18.99,18.97,18.98,504062
2023-01-05 17:30:00,18.74,18.82,18.58,18.66,443629
2023-01-05 18:00:00,18.65,18.75,18.62,18.68,266308
2023-01-05 18:30:00,18.68,18.74,18.56,18.6,314286
2023-01-05 19:00:00,18.6,18.63,18.5,18.55,141842
2023-01-05 19:30:00,18.55,18.66,18.54,18.59,78700
2023-01-05 20:00:00,18.59,18.72,18.59,18.72,119343
2023-01-05 20:30:00,18.71,18.75,18.66,18.68,61647
2023-01-05 21:00:00,18.68,18.78,18.66,18.75,89996
2023-01-05 21:30:00,18.75,18.78,18.71,18.71,159986
2023-01-05 22:00:00,18.71,18.75,18.69,18.72,164934
2023-01-05 22:30:00,18.72,18.81,18.69,18.78,487732
2023-01-05 23:00:00,18.78,18.78,18.55,18.58,431089
2023-01-05 23:30:00,18.58,18.69,18.56,18.68,540568
2023-01-06 00:00:00,18.68,18.68,18.67,18.68,1738044
2023-01-06 17:30:00,18.88,18.97,18.62,18.62,303401
2023-01-06 18:00:00,18.62,18.87,18.62,18.8,312418
2023-01-06 18:30:00,18.8,18.93,18.8,18.89,276075
2023-01-06 19:00:00,18.89,18.96,18.87,18.9,197584
2023-01-06 19:30:00,18.9,18.97,18.85,18.95,189363
2023-01-06 20:00:00,18.95,19.03,18.95,18.96,69298
2023-01-06 20:30:00,18.96,19.01,18.93,19.01,76088
2023-01-06 21:00:00,19.01,19.14,19.01,19.14,75011
2023-01-06 21:30:00,19.14,19.2,19.13,19.16,104573
2023-01-06 22:00:00,19.16,19.22,19.15,19.17,120593
2023-01-06 22:30:00,19.17,19.23,19.17,19.22,109940
2023-01-06 23:00:00,19.22,19.27,19.16,19.18,246291
2023-01-06 23:30:00,19.18,19.22,19.14,19.18,684591
2023-01-07 00:00:00,19.17,19.18,19.16,19.17,688841
2023-01-09 17:30:00,19.28,19.38,19.13,19.34,128552
2023-01-09 18:00:00,19.34,19.51,19.34,19.51,203390
2023-01-09 18:30:00,19.51,19.59,19.5,19.54,168493
2023-01-09 19:00:00,19.54,19.68,19.54,19.63,128739
2023-01-09 19:30:00,19.63,19.72,19.62,19.67,192597
2023-01-09 20:00:00,19.67,19.69,19.6,19.67,117567
2023-01-09 20:30:00,19.68,19.69,19.6,19.65,133866
2023-01-09 21:00:00,19.64,19.65,19.57,19.61,72387
2023-01-09 21:30:00,19.61,19.61,19.44,19.51,74905
2023-01-09 22:00:00,19.52,19.58,19.5,19.53,134762
2023-01-09 22:30:00,19.53,19.54,19.41,19.41,159866
2023-01-09 23:00:00,19.41,19.42,19.32,19.34,267037
2023-01-09 23:30:00,19.35,19.35,19.22,19.28,791764
2023-01-10 00:00:00,19.27,19.28,19.26,19.27,1182902
2023-01-10 17:30:00,19.13,19.22,19.04,19.12,176111
2023-01-10 18:00:00,19.13,19.22,19.07,19.09,396486
2023-01-10 18:30:00,19.09,19.15,19.0,19.14,159149
2023-01-10 19:00:00,19.14,19.26,19.14,19.2,118973
2023-01-10 19:30:00,19.21,19.28,19.19,19.26,168905
2023-01-10 20:00:00,19.27,19.35,19.23,19.32,87200
2023-01-10 20:30:00,19.33,19.43,19.33,19.42,112305
2023-01-10 21:00:00,19.42,19.43,19.35,19.38,88701
2023-01-10 21:30:00,19.37,19.41,19.34,19.35,81060
2023-01-10 22:00:00,19.36,19.43,19.36,19.43,103400
2023-01-10 22:30:00,19.42,19.43,19.39,19.41,98905
2023-01-10 23:00:00,19.41,19.44,19.36,19.43,180850
2023-01-10 23:30:00,19.43,19.56,19.43,19.52,561256
2023-01-11 00:00:00,19.52,19.53,19.51,19.52,326813
2023-01-11 17:30:00,19.62,19.71,19.56,19.66,86171
2023-01-11 18:00:00,19.67,19.73,19.62,19.7,144339
2023-01-11 18:30:00,19.7,19.7,19.58,19.58,144750
2023-01-11 19:00:00,19.57,19.71,19.56,19.71,120250
2023-01-11 19:30:00,19.7,19.79,19.7,19.79,111866
2023-01-11 20:00:00,19.79,19.85,19.79,19.79,122985
2023-01-11 20:30:00,19.8,19.81,19.7,19.7,207353
2023-01-11 21:00:00,19.7,19.73,19.6,19.61,252301
2023-01-11 21:30:00,19.61,19.73,19.61,19.68,109383
2023-01-11 22:00:00,19.67,19.73,19.66,19.72,112372
2023-01-11 22:30:00,19.72,19.77,19.72,19.76,98340
2023-01-11 23:00:00,19.75,19.8,19.73,19.8,178354
2023-01-11 23:30:00,19.79,19.8,19.72,19.79,436657
2023-01-12 00:00:00,19.79,19.79,19.76,19.77,748384
2023-01-12 17:30:00,19.93,20.0,19.41,19.47,413491
2023-01-12 18:00:00,19.48,19.63,19.44,19.52,163430
2023-01-12 18:30:00,19.53,19.61,19.41,19.42,236446
2023-01-12 19:00:00,19.42,19.44,19.29,19.41,408594
2023-01-12 19:30:00,19.41,19.51,19.36,19.5,146942
2023-01-12 20:00:00,19.5,19.57,19.48,19.56,148399
2023-01-12 20:30:00,19.56,19.59,19.47,19.57,122183
2023-01-12 21:00:00,19.56,19.6,19.46,19.46,171800
2023-01-12 21:30:00,19.46,19.62,19.42,19.59,189084
2023-01-12 22:00:00,19.59,19.62,19.54,19.6,189212
2023-01-12 22:30:00,19.59,19.64,19.57,19.64,184408
2023-01-12 23:00:00,19.64,19.64,19.49,19.53,235504
2023-01-12 23:30:00,19.54,19.57,19.44,19.57,823886
2023-01-13 00:00:00,19.56,19.57,19.56,19.57,524001
2023-01-13 17:30:00,19.38,19.41,19.16,19.18,354336
2023-01-13 18:00:00,19.17,19.23,19.07,19.2,377278
2023-01-13 18:30:00,19.2,19.26,19.12,19.21,233195
2023-01-13 19:00:00,19.22,19.27,19.18,19.26,135183
2023-01-13 19:30:00,19.26,19.27,19.14,19.14,306463
2023-01-13 20:00:00,19.14,19.2,19.13,19.2,215282
2023-01-13 20:30:00,19.2,19.27,19.2,19.26,108768
2023-01-13 21:00:00,19.26,19.29,19.22,19.25,93066
2023-01-13 21:30:00,19.24,19.29,19.22,19.27,126075
2023-01-13 22:00:00,19.27,19.28,19.22,19.23,147675
2023-01-13 22:30:00,19.23,19.27,19.18,19.24,341458
2023-01-13 23:00:00,19.24,19.31,19.2,19.3,297160
2023-01-13 23:30:00,19.3,19.41,19.29,19.39,690372
2023-01-14 00:00:00,19.39,19.39,19.38,19.39,1084584
2023-01-17 17:30:00,19.35,19.39,19.13,19.14,223784
2023-01-17 18:00:00,19.14,19.34,19.14,19.19,207148
2023-01-17 18:30:00,19.2,19.22,19.01,19.05,361267
2023-01-17 19:00:00,19.06,19.13,19.03,19.12,302646
2023-01-17 19:30:00,19.11,19.19,19.09,19.19,112975
2023-01-17 20:00:00,19.19,19.23,19.13,19.14,163203
2023-01-17 20:30:00,19.13,19.22,19.13,19.15,327363
2023-01-17 21:00:00,19.15,19.19,19.14,19.17,98683
2023-01-17 21:30:00,19.18,19.22,19.15,19.2,100230
2023-01-17 22:00:00,19.19,19.19,19.05,19.07,197287
2023-01-17 22:30:00,19.08,19.15,19.08,19.15,125945
2023-01-17 23:00:00,19.15,19.19,19.15,19.18,194200
2023-01-17 23:30:00,19.17,19.2,19.13,19.15,669715
2023-01-18 00:00:00,19.15,19.15,19.14,19.15,559757
2023-01-18 17:30:00,19.3,19.57,19.15,19.35,264063
2023-01-18 18:00:00,19.35,19.54,19.33,19.53,416800
2023-01-18 18:30:00,19.54,19.55,19.35,19.39,198984
2023-01-18 19:00:00,19.38,19.4,19.21,19.21,117022
2023-01-18 19:30:00,19.21,19.22,19.05,19.11,115022
2023-01-18 20:00:00,19.11,19.13,18.94,18.97,314739
2023-01-18 20:30:00,18.97,19.03,18.95,18.99,305440
2023-01-18 21:00:00,18.99,19.08,18.97,19.08,115542
2023-01-18 21:30:00,19.07,19.16,19.05,19.09,136625
2023-01-18 22:00:00,19.09,19.1,19.04,19.1,116334
2023-01-18 22:30:00,19.1,19.11,19.02,19.03,91748
2023-01-18 23:00:00,19.03,19.1,19.01,19.09,314299
2023-01-18 23:30:00,19.08,19.1,19.02,19.03,590857
2023-01-19 00:00:00,19.04,19.04,19.02,19.03,470079
2023-01-19 17:30:00,18.66,18.69,18.44,18.53,308793
2023-01-19 18:00:00,18.53,18.53,18.35,18.37,210021
2023-01-19 18:30:00,18.38,18.38,18.28,18.35,267000
2023-01-19 19:00:00,18.34,18.5,18.34,18.39,290319
2023-01-19 19:30:00,18.39,18.47,18.33,18.4,188866
2023-01-19 20:00:00,18.4,18.51,18.4,18.49,138878
2023-01-19 20:30:00,18.49,18.54,18.48,18.54,126667
2023-01-19 21:00:00,18.54,18.6,18.5,18.59,287487
2023-01-19 21:30:00,18.6,18.73,18.6,18.63,179330
2023-01-19 22:00:00,18.63,18.7,18.59,18.68,365349
2023-01-19 22:30:00,18.68,18.68,18.62,18.64,235285
2023-01-19 23:00:00,18.64,18.66,18.57,18.62,325281
2023-01-19 23:30:00,18.62,18.66,18.57,18.58,869639
2023-01-20 00:00:00,18.6,18.6,18.58,18.58,893192
2023-01-20 17:30:00,18.71,18.84,18.56,18.82,345617
2023-01-20 18:00:00,18.83,18.93,18.78,18.93,178516
2023-01-20 18:30:00,18.93,18.95,18.82,18.83,97926
2023-01-20 19:00:00,18.83,18.97,18.83,18.97,121122
2023-01-20 19:30:00,18.97,19.01,18.85,18.86,241216
2023-01-20 20:00:00,18.87,18.92,18.85,18.9,100604
2023-01-20 20:30:00,18.9,18.96,18.86,18.88,155254
2023-01-20 21:00:00,18.88,18.89,18.79,18.81,136518
2023-01-20 21:30:00,18.81,18.93,18.81,18.93,127511
2023-01-20 22:00:00,18.93,18.95,18.88,18.91,118030
2023-01-20 22:30:00,18.91,18.94,18.88,18.91,242134
2023-01-20 23:00:00,18.91,19.01,18.91,18.97,386358
2023-01-20 23:30:00,18.97,18.99,18.93,18.97,685718
2023-01-21 00:00:00,18.98,18.98,18.96,18.97,827599
2023-01-23 17:30:00,19.0,19.01,18.76,18.98,832161
2023-01-23 18:00:00,18.98,19.27,18.94,19.16,1239729
2023-01-23 18:30:00,19.16,19.22,19.08,19.09,422852
2023-01-23 19:00:00,19.09,19.14,19.01,19.04,1407183
2023-01-23 19:30:00,19.03,19.1,18.93,19.03,1070566
2023-01-23 20:00:00,19.02,19.13,18.96,19.0,1615882
2023-01-23 20:30:00,19.0,19.06,18.95,19.0,543357
2023-01-23 21:00:00,18.99,19.06,18.92,19.03,1687848
2023-01-23 21:30:00,19.03,19.05,18.98,18.98,746947
2023-01-23 22:00:00,18.98,19.01,18.93,18.95,692517
2023-01-23 22:30:00,18.95,18.97,18.82,18.87,645755
2023-01-23 23:00:00,18.86,18.91,18.83,18.9,684324
2023-01-23 23:30:00,18.9,18.98,18.87,18.9,2319682
2023-01-24 00:00:00,18.89,18.9,18.89,18.9,972319
2023-01-24 17:30:00,18.69,19.56,18.14,18.71,896000
2023-01-24 18:00:00,18.72,18.74,18.43,18.65,399821
2023-01-24 18:30:00,18.66,18.66,18.32,18.57,326966
2023-01-24 19:00:00,18.56,18.85,18.56,18.8,379742
2023-01-24 19:30:00,18.8,18.83,18.63,18.67,305554
2023-01-24 20:00:00,18.67,18.76,18.57,18.72,161662
2023-01-24 20:30:00,18.72,18.73,18.63,18.64,187062
2023-01-24 21:00:00,18.64,18.66,18.52,18.57,141894
2023-01-24 21:30:00,18.57,18.68,18.51,18.59,224684
2023-01-24 22:00:00,18.59,18.63,18.52,18.58,200563
2023-01-24 22:30:00,18.58,18.67,18.56,18.62,214654
2023-01-24 23:00:00,18.62,18.71,18.61,18.62,441688
2023-01-24 23:30:00,18.63,18.63,18.21,18.51,2129680
2023-01-25 00:00:00,18.51,18.53,18.51,18.52,1169003
2023-01-25 17:30:00,18.11,18.14,17.61,17.66,858134
2023-01-25 18:00:00,17.66,17.95,17.66,17.9,358700
2023-01-25 18:30:00,17.9,18.0,17.86,18.0,279040
2023-01-25 19:00:00,17.99,18.04,17.97,18.02,227255
2023-01-25 19:30:00,18.02,18.13,17.98,18.13,285760
2023-01-25 20:00:00,18.13,18.15,18.06,18.06,308782
2023-01-25 20:30:00,18.06,18.19,18.06,18.15,326585
2023-01-25 21:00:00,18.15,18.27,18.14,18.27,327920
2023-01-25 21:30:00,18.27,18.27,18.2,18.21,389517
2023-01-25 22:00:00,18.21,18.24,18.19,18.22,375721
2023-01-25 22:30:00,18.22,18.23,18.17,18.18,414973
2023-01-25 23:00:00,18.18,18.24,18.05,18.08,780439
2023-01-25 23:30:00,18.08,18.14,17.99,18.0,1886503
2023-01-26 00:00:00,18.0,18.0,18.0,18.0,1092113
2023-01-26 17:30:00,18.05,18.06,17.13,17.53,1933060
2023-01-26 18:00:00,17.53,17.97,17.53,17.86,585675
2023-01-26 18:30:00,17.86,17.95,17.8,17.87,420930
2023-01-26 19:00:00,17.88,18.02,17.87,17.95,267126
2023-01-26 19:30:00,17.95,18.08,17.93,18.06,277037
2023-01-26 20:00:00,18.06,18.08,17.98,18.02,196752
2023-01-26 20:30:00,18.02,18.15,17.93,18.11,350629
2023-01-26 21:00:00,18.11,18.27,18.11,18.25,311165
2023-01-26 21:30:00,18.25,18.37,18.19,18.3,510329
2023-01-26 22:00:00,18.3,18.33,18.26,18.3,197669
2023-01-26 22:30:00,18.3,18.32,18.22,18.29,233850
2023-01-26 23:00:00,18.29,18.38,18.26,18.35,399643
2023-01-26 23:30:00,18.35,18.48,18.34,18.48,1271514
2023-01-27 00:00:00,18.48,18.5,18.45,18.47,1784143
2023-01-27 17:30:00,18.43,18.54,18.38,18.45,614757
2023-01-27 18:00:00,18.46,18.57,18.45,18.52,580051
2023-01-27 18:30:00,18.52,18.56,18.24,18.28,516029
2023-01-27 19:00:00,18.28,18.42,18.27,18.39,228088
2023-01-27 19:30:00,18.39,18.4,18.29,18.29,403272
2023-01-27 20:00:00,18.29,18.49,18.27,18.47,621967
2023-01-27 20:30:00,18.46,18.46,18.37,18.4,379846
2023-01-27 21:00:00,18.4,18.41,18.37,18.39,247928
2023-01-27 21:30:00,18.39,18.4,18.32,18.4,240978
2023-01-27 22:00:00,18.4,18.52,18.4,18.48,477762
2023-01-27 22:30:00,18.47,18.51,18.46,18.47,309005
2023-01-27 23:00:00,18.47,18.5,18.44,18.45,375218
2023-01-27 23:30:00,18.44,18.46,18.29,18.3,1523417
2023-01-28 00:00:00,18.29,18.3,18.29,18.3,1119473
2023-01-30 17:30:00,18.0,18.16,17.9,18.0,468541
2023-01-30 18:00:00,18.01,18.22,18.01,18.07,398957
2023-01-30 18:30:00,18.09,18.13,17.99,18.1,372051
2023-01-30 19:00:00,18.1,18.25,18.1,18.21,473396
2023-01-30 19:30:00,18.21,18.23,18.15,18.16,364711
2023-01-30 20:00:00,18.16,18.18,18.11,18.16,231523
2023-01-30 20:30:00,18.16,18.17,18.1,18.13,207878
2023-01-30 21:00:00,18.12,18.23,18.07,18.17,268877
2023-01-30 21:30:00,18.16,18.26,18.14,18.26,300845
2023-01-30 22:00:00,18.26,18.27,18.12,18.13,473006
2023-01-30 22:30:00,18.14,18.24,18.11,18.21,436495
2023-01-30 23:00:00,18.2,18.21,18.11,18.14,435458
2023-01-30 23:30:00,18.14,18.16,18.05,18.08,1413912
2023-01-31 00:00:00,18.08,18.09,18.07,18.08,654517
2023-01-31 17:30:00,18.07,18.23,17.99,18.04,197112
2023-01-31 18:00:00,18.04,18.23,17.99,18.23,150747
2023-01-31 18:30:00,18.24,18.41,18.23,18.39,376369
2023-01-31 19:00:00,18.4,18.43,18.37,18.4,307520
2023-01-31 19:30:00,18.4,18.45,18.36,18.45,101940
2023-01-31 20:00:00,18.44,18.45,18.4,18.43,92124
2023-01-31 20:30:00,18.43,18.51,18.42,18.47,304033
2023-01-31 21:00:00,18.47,18.49,18.43,18.45,100382
2023-01-31 21:30:00,18.46,18.46,18.39,18.46,204152
2023-01-31 22:00:00,18.46,18.48,18.44,18.46,195077
2023-01-31 22:30:00,18.46,18.5,18.44,18.47,230091
2023-01-31 23:00:00,18.48,18.49,18.39,18.4,305200
2023-01-31 23:30:00,18.4,18.53,18.39,18.51,921971
2023-02-01 00:00:00,18.51,18.53,18.51,18.51,1504329
2023-02-01 17:30:00,18.4,18.51,18.28,18.43,1183200
2023-02-01 18:00:00,18.43,18.45,18.29,18.42,333721
2023-02-01 18:30:00,18.42,18.42,18.3,18.31,152936
2023-02-01 19:00:00,18.31,18.43,18.29,18.41,281138
2023-02-01 19:30:00,18.41,18.42,18.32,18.33,323168
2023-02-01 20:00:00,18.33,18.4,18.31,18.4,134242
2023-02-01 20:30:00,18.41,18.52,18.41,18.52,253613
2023-02-01 21:00:00,18.51,18.55,18.47,18.54,207382
2023-02-01 21:30:00,18.55,18.69,18.54,18.63,297300
2023-02-01 22:00:00,18.63,18.65,18.52,18.55,358589
2023-02-01 22:30:00,18.55,18.88,18.49,18.81,614522
2023-02-01 23:00:00,18.81,18.99,18.81,18.98,437363
2023-02-01 23:30:00,18.98,19.18,18.91,18.92,1432085
2023-02-02 00:00:00,18.92,18.92,18.92,18.92,1178823
2023-02-02 17:30:00,19.17,19.5,19.16,19.34,801270
2023-02-02 18:00:00,19.34,19.81,19.34,19.73,827723
2023-02-02 18:30:00,19.73,20.21,19.73,20.21,531413
2023-02-02 19:00:00,20.22,20.32,20.08,20.2,605276
2023-02-02 19:30:00,20.2,20.29,20.15,20.27,553446
2023-02-02 20:00:00,20.27,20.4,20.23,20.38,324804
2023-02-02 20:30:00,20.38,20.51,20.34,20.5,463528
2023-02-02 21:00:00,20.5,20.55,20.43,20.47,326444
2023-02-02 21:30:00,20.46,20.49,20.43,20.47,187824
2023-02-02 22:00:00,20.47,20.56,20.32,20.33,535543
2023-02-02 22:30:00,20.33,20.33,20.14,20.14,286267
2023-02-02 23:00:00,20.14,20.16,20.03,20.07,385704
2023-02-02 23:30:00,20.07,20.24,20.06,20.21,1980515
2023-02-03 00:00:00,20.23,20.23,20.21,20.21,1764644
2023-02-03 17:30:00,19.85,20.14,19.77,19.98,364643
2023-02-03 18:00:00,19.94,20.11,19.85,20.09,268092
2023-02-03 18:30:00,20.09,20.26,20.09,20.26,361031
2023-02-03 19:00:00,20.25,20.38,20.21,20.37,270643
2023-02-03 19:30:00,20.37,20.41,20.3,20.3,223104
2023-02-03 20:00:00,20.3,20.45,20.27,20.43,238880
2023-02-03 20:30:00,20.43,20.48,20.28,20.29,249112
2023-02-03 21:00:00,20.3,20.3,20.04,20.05,220552
2023-02-03 21:30:00,20.04,20.11,19.98,20.08,133685
2023-02-03 22:00:00,20.08,20.08,19.98,20.03,173841
2023-02-03 22:30:00,20.03,20.03,19.84,19.86,217767
2023-02-03 23:00:00,19.85,19.93,19.82,19.92,201018
2023-02-03 23:30:00,19.92,20.05,19.86,20.03,1058815
2023-02-04 00:00:00,20.03,20.04,20.03,20.04,2381979
2023-02-06 17:30:00,19.73,19.77,19.36,19.47,239996
2023-02-06 18:00:00,19.48,19.53,19.29,19.43,302732
2023-02-06 18:30:00,19.43,19.58,19.4,19.57,233522
2023-02-06 19:00:00,19.57,19.57,19.48,19.5,152685
2023-02-06 19:30:00,19.5,19.54,19.38,19.4,99869
2023-02-06 20:00:00,19.41,19.49,19.36,19.48,94358
2023-02-06 20:30:00,19.48,19.52,19.46,19.5,140138
2023-02-06 21:00:00,19.5,19.5,19.39,19.42,127638
2023-02-06 21:30:00,19.42,19.44,19.29,19.35,88965
2023-02-06 22:00:00,19.35,19.41,19.35,19.37,74254
2023-02-06 22:30:00,19.37,19.38,19.33,19.38,75580
2023-02-06 23:00:00,19.38,19.42,19.34,19.39,181628
2023-02-06 23:30:00,19.39,19.46,19.36,19.4,620578
2023-02-07 00:00:00,19.4,19.41,19.4,19.41,966264
2023-02-07 17:30:00,19.32,19.42,19.24,19.36,163825
2023-02-07 18:00:00,19.36,19.39,19.28,19.35,158834
2023-02-07 18:30:00,19.36,19.42,19.3,19.38,157905
2023-02-07 19:00:00,19.38,19.41,19.35,19.35,105012
2023-02-07 19:30:00,19.36,19.42,19.36,19.41,84163
2023-02-07 20:00:00,19.41,19.45,19.35,19.36,89881
2023-02-07 20:30:00,19.36,19.75,19.35,19.74,423803
2023-02-07 21:00:00,19.74,19.78,19.41,19.41,432929
2023-02-07 21:30:00,19.4,19.4,19.25,19.37,146842
2023-02-07 22:00:00,19.37,19.55,19.37,19.5,139919
2023-02-07 22:30:00,19.51,19.59,19.5,19.54,181879
2023-02-07 23:00:00,19.54,19.59,19.5,19.57,134088
2023-02-07 23:30:00,19.58,19.66,19.52,19.61,465927
2023-02-08 00:00:00,19.61,19.61,19.58,19.61,883419
2023-02-08 17:30:00,19.32,19.37,19.08,19.23,588864
2023-02-08 18:00:00,19.21,19.34,19.16,19.18,298088
2023-02-08 18:30:00,19.18,19.24,19.08,19.21,183711
2023-02-08 19:00:00,19.2,19.24,19.11,19.14,123504
2023-02-08 19:30:00,19.13,19.13,19.02,19.09,218126
2023-02-08 20:00:00,19.09,19.18,19.02,19.16,205811
2023-02-08 20:30:00,19.16,19.2,19.05,19.12,233689
2023-02-08 21:00:00,19.12,19.14,19.03,19.04,384463
2023-02-08 21:30:00,19.04,19.04,18.98,19.03,179271
2023-02-08 22:00:00,19.03,19.09,18.98,19.03,184853
2023-02-08 22:30:00,19.03,19.07,18.96,19.0,211069
2023-02-08 23:00:00,19.0,19.04,18.94,19.04,254482
2023-02-08 23:30:00,19.03,19.07,18.95,19.0,744484
2023-02-09 00:00:00,19.0,19.0,18.98,18.99,911069
2023-02-09 17:30:00,19.16,19.31,19.08,19.09,244106
2023-02-09 18:00:00,19.09,19.23,19.03,19.04,252008
2023-02-09 18:30:00,19.04,19.11,19.01,19.05,81176
2023-02-09 19:00:00,19.05,19.05,18.91,18.95,283284
2023-02-09 19:30:00,18.94,18.96,18.87,18.91,163272
2023-02-09 20:00:00,18.91,18.94,18.81,18.81,132769
2023-02-09 20:30:00,18.81,18.83,18.69,18.73,113119
2023-02-09 21:00:00,18.72,18.76,18.69,18.72,89320
2023-02-09 21:30:00,18.72,18.77,18.67,18.7,102801
2023-02-09 22:00:00,18.7,18.74,18.61,18.61,148984
2023-02-09 22:30:00,18.62,18.65,18.58,18.6,120880
2023-02-09 23:00:00,18.61,18.61,18.5,18.52,295026
2023-02-09 23:30:00,18.51,18.57,18.47,18.5,1057303
2023-02-10 00:00:00,18.5,18.5,18.49,18.49,746001
2023-02-10 17:30:00,18.33,18.58,18.31,18.52,219494
2023-02-10 18:00:00,18.5,18.65,18.43,18.63,185786
2023-02-10 18:30:00,18.63,18.68,18.49,18.6,537459
2023-02-10 19:00:00,18.6,18.72,18.6,18.61,245669
2023-02-10 19:30:00,18.62,18.64,18.53,18.57,128579
2023-02-10 20:00:00,18.56,18.56,18.47,18.49,114175
2023-02-10 20:30:00,18.49,18.61,18.48,18.58,153148
2023-02-10 21:00:00,18.58,18.68,18.56,18.66,213039
2023-02-10 21:30:00,18.65,18.66,18.56,18.57,154480
2023-02-10 22:00:00,18.57,18.62,18.53,18.58,145528
2023-02-10 22:30:00,18.58,18.67,18.55,18.67,179968
2023-02-10 23:00:00,18.67,18.78,18.64,18.76,588317
2023-02-10 23:30:00,18.76,18.85,18.72,18.74,1109408
2023-02-11 00:00:00,18.74,18.74,18.74,18.74,1049024
2023-02-13 17:30:00,18.83,19.03,18.75,19.03,192377
2023-02-13 18:00:00,19.03,19.05,18.92,18.98,227456
2023-02-13 18:30:00,18.99,19.15,18.96,19.14,215027
2023-02-13 19:00:00,19.14,19.15,19.08,19.13,173919
2023-02-13 19:30:00,19.13,19.16,19.05,19.09,177984
2023-02-13 20:00:00,19.1,19.15,19.07,19.13,132628
2023-02-13 20:30:00,19.14,19.19,19.13,19.14,258283
2023-02-13 21:00:00,19.14,19.15,19.08,19.14,124626
2023-02-13 21:30:00,19.15,19.21,19.13,19.18,207135
2023-02-13 22:00:00,19.19,19.23,19.17,19.19,222915
2023-02-13 22:30:00,19.18,19.19,19.13,19.18,193755
2023-02-13 23:00:00,19.18,19.26,19.17,19.17,376823
2023-02-13 23:30:00,19.18,19.22,19.15,19.2,925000
2023-02-14 00:00:00,19.2,19.22,19.19,19.21,608148
2023-02-14 17:30:00,19.13,19.21,18.94,19.2,448250
2023-02-14 18:00:00,19.2,19.33,19.17,19.17,152590
2023-02-14 18:30:00,19.18,19.21,18.92,19.0,139934
2023-02-14 19:00:00,19.0,19.1,18.89,18.9,144147
2023-02-14 19:30:00,18.9,18.9,18.81,18.89,119132
2023-02-14 20:00:00,18.88,18.98,18.87,18.96,147952
2023-02-14 20:30:00,18.95,18.99,18.93,18.96,157378
2023-02-14 21:00:00,18.95,19.11,18.94,19.06,202388
2023-02-14 21:30:00,19.06,19.09,19.04,19.05,112032
2023-02-14 22:00:00,19.05,19.15,18.98,19.11,374016
2023-02-14 22:30:00,19.11,19.14,19.08,19.1,133984
2023-02-14 23:00:00,19.1,19.11,19.02,19.03,201188
2023-02-14 23:30:00,19.03,19.07,18.98,19.03,766936
2023-02-15 00:00:00,19.0,19.03,18.98,19.0,927947
2023-02-15 17:30:00,18.7,18.79,18.62,18.65,157956
2023-02-15 18:00:00,18.65,18.74,18.62,18.7,92654
2023-02-15 18:30:00,18.7,18.77,18.67,18.7,144355
2023-02-15 19:00:00,18.7,18.74,18.66,18.71,143335
2023-02-15 19:30:00,18.72,18.79,18.68,18.76,90415
2023-02-15 20:00:00,18.76,18.78,18.68,18.69,141645
2023-02-15 20:30:00,18.69,18.81,18.69,18.75,150105
2023-02-15 21:00:00,18.76,18.8,18.74,18.79,118348
2023-02-15 21:30:00,18.79,18.88,18.78,18.86,161858
2023-02-15 22:00:00,18.86,18.88,18.84,18.87,141515
2023-02-15 22:30:00,18.87,18.87,18.82,18.83,148244
2023-02-15 23:00:00,18.83,18.84,18.8,18.81,201422
2023-02-15 23:30:00,18.81,18.83,18.75,18.77,867269
2023-02-16 00:00:00,18.78,18.78,18.77,18.78,759927
2023-02-16 17:30:00,18.44,18.54,18.34,18.39,186584
2023-02-16 18:00:00,18.38,18.56,18.38,18.54,208169
2023-02-16 18:30:00,18.55,18.58,18.51,18.53,149399
2023-02-16 19:00:00,18.53,18.57,18.49,18.54,163770
2023-02-16 19:30:00,18.53,18.6,18.52,18.54,96069
2023-02-16 20:00:00,18.54,18.59,18.5,18.57,72435
2023-02-16 20:30:00,18.58,18.6,18.56,18.57,113383
2023-02-16 21:00:00,18.56,18.58,18.51,18.52,141942
2023-02-16 21:30:00,18.52,18.57,18.51,18.56,166536
2023-02-16 22:00:00,18.56,18.59,18.54,18.57,174703
2023-02-16 22:30:00,18.57,18.71,18.56,18.67,337020
2023-02-16 23:00:00,18.67,18.67,18.48,18.49,167697
2023-02-16 23:30:00,18.48,18.51,18.43,18.46,597177
2023-02-17 00:00:00,18.46,18.47,18.45,18.46,755022
2023-02-17 17:30:00,18.42,18.44,18.19,18.2,226699
2023-02-17 18:00:00,18.21,18.46,18.21,18.36,178937
2023-02-17 18:30:00,18.35,18.43,18.32,18.32,245346
2023-02-17 19:00:00,18.31,18.39,18.29,18.35,210687
2023-02-17 19:30:00,18.35,18.42,18.32,18.36,115329
2023-02-17 20:00:00,18.35,18.46,18.35,18.42,124536
2023-02-17 20:30:00,18.42,18.42,18.33,18.36,57117
2023-02-17 21:00:00,18.36,18.48,18.34,18.44,87774
2023-02-17 21:30:00,18.43,18.47,18.4,18.43,85288
2023-02-17 22:00:00,18.43,18.54,18.43,18.49,298031
2023-02-17 22:30:00,18.49,18.58,18.48,18.56,282726
2023-02-17 23:00:00,18.56,18.61,18.51,18.58,508779
2023-02-17 23:30:00,18.58,18.74,18.58,18.72,1683996
2023-02-18 00:00:00,18.72,18.72,18.71,18.71,540215
2023-02-21 17:30:00,18.33,18.45,18.16,18.16,289646
2023-02-21 18:00:00,18.16,18.23,17.98,18.0,158691
2023-02-21 18:30:00,18.0,18.01,17.84,17.87,122567
2023-02-21 19:00:00,17.86,18.02,17.86,18.01,214904
2023-02-21 19:30:00,18.01,18.03,17.85,17.85,223110
2023-02-21 20:00:00,17.85,17.89,17.76,17.78,113471
2023-02-21 20:30:00,17.78,17.85,17.77,17.83,108742
2023-02-21 21:00:00,17.83,17.83,17.73,17.74,166176
2023-02-21 21:30:00,17.74,17.75,17.69,17.72,105195
2023-02-21 22:00:00,17.71,17.73,17.65,17.66,141141
2023-02-21 22:30:00,17.66,17.74,17.66,17.67,110927
2023-02-21 23:00:00,17.67,17.7,17.65,17.66,217776
2023-02-21 23:30:00,17.67,17.81,17.67,17.72,983938
2023-02-22 00:00:00,17.73,17.73,17.72,17.72,674642
2023-02-22 17:30:00,17.85,17.9,17.7,17.85,139392
2023-02-22 18:00:00,17.85,17.86,17.71,17.72,131026
2023-02-22 18:30:00,17.71,17.85,17.64,17.83,162176
2023-02-22 19:00:00,17.83,17.87,17.77,17.8,107100
2023-02-22 19:30:00,17.81,17.83,17.77,17.81,85039
2023-02-22 20:00:00,17.81,17.85,17.79,17.82,92906
2023-02-22 20:30:00,17.82,17.82,17.77,17.82,63076
2023-02-22 21:00:00,17.81,17.83,17.77,17.83,73138
2023-02-22 21:30:00,17.83,17.83,17.75,17.77,85084
2023-02-22 22:00:00,17.78,17.83,17.67,17.72,171523
2023-02-22 22:30:00,17.71,17.73,17.56,17.58,159032
2023-02-22 23:00:00,17.57,17.59,17.54,17.56,156783
2023-02-22 23:30:00,17.56,17.61,17.49,17.61,798707
2023-02-23 00:00:00,17.6,17.61,17.6,17.61,506272
2023-02-23 17:30:00,17.85,17.96,17.74,17.83,133616
2023-02-23 18:00:00,17.82,17.85,17.68,17.81,176282
2023-02-23 18:30:00,17.81,17.81,17.57,17.64,254398
2023-02-23 19:00:00,17.64,17.72,17.58,17.6,178816
2023-02-23 19:30:00,17.59,17.64,17.48,17.5,152138
2023-02-23 20:00:00,17.5,17.54,17.47,17.52,140907
2023-02-23 20:30:00,17.51,17.62,17.51,17.61,129455
2023-02-23 21:00:00,17.61,17.69,17.6,17.68,261779
2023-02-23 21:30:00,17.68,17.75,17.66,17.73,217474
2023-02-23 22:00:00,17.73,17.84,17.71,17.79,213707
2023-02-23 22:30:00,17.78,17.82,17.74,17.76,171913
2023-02-23 23:00:00,17.76,17.85,17.76,17.84,169014
2023-02-23 23:30:00,17.84,17.84,17.75,17.76,491094
2023-02-24 00:00:00,17.76,17.76,17.74,17.74,698742
2023-02-24 17:30:00,17.43,17.53,17.3,17.39,244378
2023-02-24 18:00:00,17.38,17.53,17.26,17.38,216820
2023-02-24 18:30:00,17.38,17.43,17.31,17.4,382902
2023-02-24 19:00:00,17.4,17.52,17.36,17.5,277688
2023-02-24 19:30:00,17.5,17.59,17.45,17.53,354614
2023-02-24 20:00:00,17.53,17.55,17.47,17.5,146048
2023-02-24 20:30:00,17.51,17.54,17.44,17.45,104908
2023-02-24 21:00:00,17.45,17.46,17.4,17.4,116171
2023-02-24 21:30:00,17.4,17.47,17.38,17.46,94842
2023-02-24 22:00:00,17.46,17.47,17.41,17.43,139660
2023-02-24 22:30:00,17.43,17.5,17.39,17.48,129725
2023-02-24 23:00:00,17.48,17.52,17.45,17.47,171730
2023-02-24 23:30:00,17.46,17.54,17.41,17.54,1050621
2023-02-25 00:00:00,17.54,17.54,17.52,17.53,988348
2023-02-27 17:30:00,17.66,17.85,17.66,17.83,147482
2023-02-27 18:00:00,17.83,17.89,17.79,17.83,143393
2023-02-27 18:30:00,17.83,17.83,17.68,17.71,118739
2023-02-27 19:00:00,17.72,17.77,17.68,17.69,96003
2023-02-27 19:30:00,17.69,17.7,17.64,17.7,83857
2023-02-27 20:00:00,17.7,17.7,17.52,17.55,166786
2023-02-27 20:30:00,17.55,17.58,17.51,17.54,138260
2023-02-27 21:00:00,17.55,17.58,17.54,17.54,160530
2023-02-27 21:30:00,17.55,17.56,17.49,17.54,234609
2023-02-27 22:00:00,17.54,17.58,17.5,17.53,247861
2023-02-27 22:30:00,17.53,17.56,17.47,17.49,211935
2023-02-27 23:00:00,17.48,17.5,17.43,17.48,200350
2023-02-27 23:30:00,17.47,17.49,17.42,17.47,666077
2023-02-28 00:00:00,17.47,17.47,17.47,17.47,868410
2023-02-28 17:30:00,17.61,17.7,17.46,17.66,189272
2023-02-28 18:00:00,17.66,17.72,17.61,17.62,240091
2023-02-28 18:30:00,17.62,17.65,17.59,17.63,71940
2023-02-28 19:00:00,17.64,17.81,17.64,17.8,148857
2023-02-28 19:30:00,17.8,17.84,17.75,17.77,139282
2023-02-28 20:00:00,17.77,17.77,17.73,17.77,61269
2023-02-28 20:30:00,17.76,17.8,17.72,17.8,80365
2023-02-28 21:00:00,17.8,17.84,17.77,17.84,104164
2023-02-28 21:30:00,17.84,17.85,17.78,17.81,285398
2023-02-28 22:00:00,17.81,17.88,17.8,17.86,349659
2023-02-28 22:30:00,17.86,17.88,17.82,17.84,238012
2023-02-28 23:00:00,17.84,17.85,17.69,17.75,1081424
2023-02-28 23:30:00,17.73,17.76,17.59,17.72,1120394
2023-03-01 00:00:00,17.71,17.72,17.65,17.66,1192508
2023-03-01 17:30:00,17.11,17.7,17.11,17.57,454904
2023-03-01 18:00:00,17.57,17.6,17.29,17.33,451039
2023-03-01 18:30:00,17.32,17.5,17.26,17.47,356299
2023-03-01 19:00:00,17.47,17.47,17.32,17.37,153020
2023-03-01 19:30:00,17.36,17.5,17.35,17.47,176168
2023-03-01 20:00:00,17.47,17.49,17.42,17.44,273803
2023-03-01 20:30:00,17.44,17.51,17.44,17.46,162903
2023-03-01 21:00:00,17.45,17.48,17.42,17.45,118439
2023-03-01 21:30:00,17.44,17.45,17.37,17.4,149389
2023-03-01 22:00:00,17.4,17.41,17.34,17.35,142851
2023-03-01 22:30:00,17.34,17.36,17.31,17.33,186564
2023-03-01 23:00:00,17.34,17.44,17.32,17.43,245821
2023-03-01 23:30:00,17.43,17.56,17.42,17.54,775338
2023-03-02 00:00:00,17.54,17.54,17.51,17.53,696800
2023-03-02 17:30:00,17.28,17.34,17.2,17.24,507325
2023-03-02 18:00:00,17.24,17.41,17.22,17.32,288386
2023-03-02 18:30:00,17.32,17.36,17.29,17.29,129866
2023-03-02 19:00:00,17.29,17.34,17.28,17.3,112618
2023-03-02 19:30:00,17.3,17.32,17.26,17.28,67172
2023-03-02 20:00:00,17.28,17.32,17.26,17.31,355159
2023-03-02 20:30:00,17.3,17.37,17.3,17.32,115012
2023-03-02 21:00:00,17.32,17.36,17.31,17.33,149960
2023-03-02 21:30:00,17.33,17.45,17.33,17.45,224726
2023-03-02 22:00:00,17.45,17.52,17.4,17.46,124036
2023-03-02 22:30:00,17.47,17.48,17.43,17.47,134840
2023-03-02 23:00:00,17.47,17.52,17.45,17.5,202884
2023-03-02 23:30:00,17.51,17.61,17.51,17.54,755334
2023-03-03 00:00:00,17.54,17.55,17.54,17.55,1574966
2023-03-03 17:30:00,17.7,17.71,17.61,17.62,191779
2023-03-03 18:00:00,17.63,17.69,17.51,17.66,206192
2023-03-03 18:30:00,17.66,17.71,17.64,17.64,204994
2023-03-03 19:00:00,17.64,17.71,17.64,17.68,126479
2023-03-03 19:30:00,17.68,17.74,17.64,17.73,167673
2023-03-03 20:00:00,17.74,17.76,17.69,17.7,111111
2023-03-03 20:30:00,17.7,17.76,17.69,17.75,114223
2023-03-03 21:00:00,17.75,17.76,17.68,17.72,126935
2023-03-03 21:30:00,17.71,17.72,17.68,17.69,82770
2023-03-03 22:00:00,17.7,17.78,17.67,17.78,222704
2023-03-03 22:30:00,17.77,17.82,17.76,17.81,178885
2023-03-03 23:00:00,17.82,17.87,17.8,17.87,282641
2023-03-03 23:30:00,17.87,17.91,17.8,17.91,1217684
2023-03-04 00:00:00,17.91,17.91,17.88,17.9,699355
2023-03-06 17:30:00,17.93,17.93,17.71,17.8,301691
2023-03-06 18:00:00,17.8,17.87,17.74,17.82,131396
2023-03-06 18:30:00,17.83,17.83,17.75,17.81,137714
2023-03-06 19:00:00,17.81,17.86,17.76,17.8,212858
2023-03-06 19:30:00,17.8,17.81,17.73,17.78,115873
2023-03-06 20:00:00,17.77,17.81,17.76,17.78,169682
2023-03-06 20:30:00,17.79,17.81,17.68,17.7,197985
2023-03-06 21:00:00,17.71,17.71,17.57,17.58,170017
2023-03-06 21:30:00,17.58,17.67,17.58,17.66,204530
2023-03-06 22:00:00,17.66,17.67,17.57,17.6,128907
2023-03-06 22:30:00,17.6,17.61,17.55,17.59,130660
2023-03-06 23:00:00,17.58,17.59,17.49,17.49,194296
2023-03-06 23:30:00,17.5,17.61,17.45,17.56,943371
2023-03-07 00:00:00,17.56,17.59,17.55,17.57,2620820
2023-03-07 17:30:00,17.55,17.68,17.48,17.68,171313
2023-03-07 18:00:00,17.67,17.67,17.32,17.41,160248
2023-03-07 18:30:00,17.4,17.49,17.23,17.23,100055
2023-03-07 19:00:00,17.23,17.33,17.22,17.25,81844
2023-03-07 19:30:00,17.24,17.35,17.24,17.29,67970
2023-03-07 20:00:00,17.29,17.44,17.29,17.37,96064
2023-03-07 20:30:00,17.36,17.37,17.3,17.3,47589
2023-03-07 21:00:00,17.3,17.3,17.25,17.29,97895
2023-03-07 21:30:00,17.28,17.3,17.15,17.18,76214
2023-03-07 22:00:00,17.17,17.25,17.17,17.22,249182
2023-03-07 22:30:00,17.21,17.24,17.2,17.23,152384
2023-03-07 23:00:00,17.22,17.28,17.22,17.25,197882
2023-03-07 23:30:00,17.25,17.29,17.15,17.21,623733
2023-03-08 00:00:00,17.21,17.22,17.17,17.17,889843
2023-03-08 17:30:00,17.19,17.28,17.08,17.27,95206
2023-03-08 18:00:00,17.28,17.33,17.14,17.28,135345
2023-03-08 18:30:00,17.28,17.38,17.26,17.29,124062
2023-03-08 19:00:00,17.28,17.36,17.28,17.3,101562
2023-03-08 19:30:00,17.3,17.34,17.26,17.28,89850
2023-03-08 20:00:00,17.29,17.3,17.2,17.21,62982
2023-03-08 20:30:00,17.21,17.31,17.19,17.31,122365
2023-03-08 21:00:00,17.31,17.33,17.27,17.28,133908
2023-03-08 21:30:00,17.28,17.32,17.27,17.28,156153
2023-03-08 22:00:00,17.28,17.35,17.2,17.2,169481
2023-03-08 22:30:00,17.21,17.25,17.2,17.23,83430
2023-03-08 23:00:00,17.23,17.27,17.23,17.27,80559
2023-03-08 23:30:00,17.26,17.39,17.26,17.34,447432
2023-03-09 00:00:00,17.34,17.34,17.34,17.34,711033
2023-03-09 17:30:00,17.35,17.5,17.22,17.37,184828
2023-03-09 18:00:00,17.37,17.47,17.35,17.46,262219
2023-03-09 18:30:00,17.46,17.6,17.45,17.45,353172
2023-03-09 19:00:00,17.45,17.47,17.33,17.34,204727
2023-03-09 19:30:00,17.34,17.43,17.34,17.4,228075
2023-03-09 20:00:00,17.39,17.5,17.38,17.49,414897
2023-03-09 20:30:00,17.49,17.5,17.3,17.31,211331
2023-03-09 21:00:00,17.3,17.33,17.23,17.25,166309
2023-03-09 21:30:00,17.24,17.27,17.14,17.18,342165
2023-03-09 22:00:00,17.18,17.34,17.17,17.32,358814
2023-03-09 22:30:00,17.31,17.36,17.21,17.23,826220
2023-03-09 23:00:00,17.23,17.26,17.0,17.05,404159
2023-03-09 23:30:00,17.04,17.13,17.02,17.03,699216
2023-03-10 00:00:00,17.03,17.06,17.02,17.03,1295671
2023-03-10 17:30:00,16.89,16.96,16.34,16.5,459690
2023-03-10 18:00:00,16.51,16.58,16.31,16.42,595036
2023-03-10 18:30:00,16.42,16.57,16.34,16.56,466113
2023-03-10 19:00:00,16.56,16.93,16.52,16.91,492702
2023-03-10 19:30:00,16.9,17.01,16.67,16.67,511443
2023-03-10 20:00:00,16.67,16.7,16.52,16.56,318169
2023-03-10 20:30:00,16.57,16.65,16.42,16.44,254259
2023-03-10 21:00:00,16.44,16.47,16.3,16.32,340718
2023-03-10 21:30:00,16.31,16.35,16.22,16.25,246106
2023-03-10 22:00:00,16.25,16.48,16.25,16.39,269495
2023-03-10 22:30:00,16.39,16.65,16.39,16.58,448335
2023-03-10 23:00:00,16.58,16.61,16.41,16.5,482566
2023-03-10 23:30:00,16.49,16.49,16.35,16.42,1177157
2023-03-11 00:00:00,16.42,16.42,16.41,16.41,1284559
2023-03-13 16:30:00,15.84,15.99,15.63,15.9,524373
2023-03-13 17:00:00,15.9,15.97,15.67,15.68,497910
2023-03-13 17:30:00,15.69,15.94,15.65,15.9,404163
2023-03-13 18:00:00,15.91,16.27,15.84,16.23,410571
2023-03-13 18:30:00,16.22,16.23,15.94,16.07,322102
2023-03-13 19:00:00,16.08,16.21,15.89,15.95,250389
2023-03-13 19:30:00,15.94,15.98,15.8,15.88,281378
2023-03-13 20:00:00,15.88,16.05,15.81,15.99,296252
2023-03-13 20:30:00,15.99,16.11,15.93,16.1,314223
2023-03-13 21:00:00,16.1,16.22,16.07,16.17,310886
2023-03-13 21:30:00,16.17,16.24,16.14,16.19,277777
2023-03-13 22:00:00,16.19,16.24,15.97,16.04,389180
2023-03-13 22:30:00,16.04,16.18,15.99,16.03,1550234
2023-03-13 23:00:00,16.03,16.03,16.03,16.03,958022
2023-03-14 16:30:00,16.71,16.72,16.33,16.43,287599
2023-03-14 17:00:00,16.43,16.48,16.25,16.47,241686
2023-03-14 17:30:00,16.47,16.59,16.47,16.52,177807
2023-03-14 18:00:00,16.52,16.63,16.47,16.61,152525
2023-03-14 18:30:00,16.61,16.63,16.5,16.56,135894
2023-03-14 19:00:00,16.56,16.6,16.46,16.46,144557
2023-03-14 19:30:00,16.46,16.5,16.34,16.34,154679
2023-03-14 20:00:00,16.33,16.35,16.12,16.21,243858
2023-03-14 20:30:00,16.21,16.26,16.17,16.22,149759
2023-03-14 21:00:00,16.21,16.23,16.06,16.17,221700
2023-03-14 21:30:00,16.17,16.21,16.11,16.12,129761
2023-03-14 22:00:00,16.12,16.15,16.03,16.12,222583
2023-03-14 22:30:00,16.12,16.27,16.11,16.26,719103
2023-03-14 23:00:00,16.26,16.28,16.22,16.24,2361468
2023-03-15 16:30:00,15.61,15.79,15.49,15.52,592713
2023-03-15 17:00:00,15.51,15.77,15.49,15.75,473878
2023-03-15 17:30:00,15.75,15.87,15.62,15.86,483712
2023-03-15 18:00:00,15.86,15.95,15.77,15.78,326884
2023-03-15 18:30:00,15.77,15.86,15.72,15.75,277317
2023-03-15 19:00:00,15.75,15.8,15.67,15.72,191063
2023-03-15 19:30:00,15.71,15.75,15.58,15.61,277911
2023-03-15 20:00:00,15.61,15.84,15.57,15.84,446910
2023-03-15 20:30:00,15.84,15.84,15.71,15.81,208876
2023-03-15 21:00:00,15.81,16.05,15.76,15.98,296662
2023-03-15 21:30:00,15.98,16.08,15.89,15.96,299514
2023-03-15 22:00:00,15.96,16.01,15.85,16.0,382153
2023-03-15 22:30:00,15.99,16.03,15.88,16.03,1118707
2023-03-15 23:00:00,16.03,16.03,16.02,16.02,634296
2023-03-16 16:30:00,15.82,15.89,15.67,15.78,224970
2023-03-16 17:00:00,15.77,15.77,15.51,15.56,208228
2023-03-16 17:30:00,15.57,15.94,15.54,15.88,263939
2023-03-16 18:00:00,15.87,16.13,15.82,16.1,400569
2023-03-16 18:30:00,16.11,16.22,16.07,16.19,240319
2023-03-16 19:00:00,16.2,16.2,16.09,16.11,194211
2023-03-16 19:30:00,16.11,16.2,16.05,16.18,301716
2023-03-16 20:00:00,16.19,16.31,16.11,16.17,251956
2023-03-16 20:30:00,16.17,16.18,16.01,16.03,288611
2023-03-16 21:00:00,16.04,16.05,15.98,16.01,250256
2023-03-16 21:30:00,16.01,16.01,15.94,15.98,208525
2023-03-16 22:00:00,15.99,16.09,15.96,16.08,262751
2023-03-16 22:30:00,16.09,16.12,16.02,16.06,888218
2023-03-16 23:00:00,16.06,16.06,16.04,16.05,750408
2023-03-17 16:30:00,15.89,15.89,15.62,15.71,669315
2023-03-17 17:00:00,15.72,15.88,15.59,15.65,199001
2023-03-17 17:30:00,15.65,15.68,15.53,15.57,160810
2023-03-17 18:00:00,15.57,15.62,15.5,15.52,145521
2023-03-17 18:30:00,15.53,15.57,15.44,15.48,142815
2023-03-17 19:00:00,15.48,15.57,15.48,15.57,145944
2023-03-17 19:30:00,15.57,15.63,15.5,15.52,155006
2023-03-17 20:00:00,15.52,15.61,15.51,15.52,166755
2023-03-17 20:30:00,15.53,15.57,15.48,15.52,165744
2023-03-17 21:00:00,15.52,15.54,15.38,15.4,191713
2023-03-17 21:30:00,15.4,15.48,15.4,15.46,201746
2023-03-17 22:00:00,15.47,15.61,15.43,15.61,320422
2023-03-17 22:30:00,15.61,15.63,15.52,15.55,1541841
2023-03-17 23:00:00,15.56,15.56,15.55,15.56,4077084
2023-03-20 16:30:00,15.7,15.74,15.56,15.67,289102
2023-03-20 17:00:00,15.68,15.77,15.61,15.69,369474
2023-03-20 17:30:00,15.7,15.75,15.61,15.7,183216
2023-03-20 18:00:00,15.7,15.76,15.66,15.71,179317
2023-03-20 18:30:00,15.71,15.71,15.61,15.68,209056
2023-03-20 19:00:00,15.67,15.68,15.47,15.5,245070
2023-03-20 19:30:00,15.5,15.68,15.5,15.64,202008
2023-03-20 20:00:00,15.64,15.69,15.59,15.59,97827
2023-03-20 20:30:00,15.59,15.61,15.43,15.45,409323
2023-03-20 21:00:00,15.45,15.45,15.37,15.39,310534
2023-03-20 21:30:00,15.4,15.4,15.28,15.3,347142
2023-03-20 22:00:00,15.3,15.38,15.27,15.37,336347
2023-03-20 22:30:00,15.38,15.49,15.37,15.45,1119426
2023-03-20 23:00:00,15.46,15.46,15.45,15.45,701349
2023-03-21 16:30:00,15.83,15.98,15.79,15.94,373937
2023-03-21 17:00:00,15.94,15.97,15.79,15.84,295622
2023-03-21 17:30:00,15.84,15.98,15.83,15.88,248811
2023-03-21 18:00:00,15.87,16.07,15.87,16.07,239952
2023-03-21 18:30:00,16.06,16.07,15.94,16.0,180562
2023-03-21 19:00:00,16.0,16.06,15.97,16.04,198754
2023-03-21 19:30:00,16.04,16.09,15.98,15.98,167759
2023-03-21 20:00:00,15.98,16.05,15.95,16.05,161528
2023-03-21 20:30:00,16.05,16.09,15.99,16.0,151695
2023-03-21 21:00:00,16.0,16.03,15.97,15.99,459142
2023-03-21 21:30:00,16.0,16.03,15.97,15.97,297696
2023-03-21 22:00:00,15.98,16.03,15.96,16.0,223127
2023-03-21 22:30:00,16.0,16.04,15.98,15.99,808295
2023-03-21 23:00:00,15.99,16.03,15.98,16.02,838140
2023-03-22 16:30:00,15.99,16.07,15.92,15.98,163862
2023-03-22 17:00:00,15.98,16.15,15.97,16.14,182030
2023-03-22 17:30:00,16.14,16.15,16.07,16.07,88314
2023-03-22 18:00:00,16.07,16.07,15.88,15.88,80752
2023-03-22 18:30:00,15.88,15.92,15.85,15.88,96183
2023-03-22 19:00:00,15.88,15.9,15.83,15.88,94698
2023-03-22 19:30:00,15.87,15.88,15.83,15.85,62797
2023-03-22 20:00:00,15.85,15.86,15.79,15.83,70682
2023-03-22 20:30:00,15.83,15.88,15.8,15.85,168662
2023-03-22 21:00:00,15.86,16.04,15.82,15.85,470660
2023-03-22 21:30:00,15.86,16.01,15.73,15.8,639519
2023-03-22 22:00:00,15.79,15.83,15.61,15.79,530217
2023-03-22 22:30:00,15.8,15.8,15.45,15.45,995699
2023-03-22 23:00:00,15.45,15.46,15.45,15.46,528286
2023-03-23 16:30:00,15.52,15.65,15.49,15.6,251470
2023-03-23 17:00:00,15.6,15.62,15.52,15.56,364977
2023-03-23 17:30:00,15.57,15.64,15.52,15.61,339535
2023-03-23 18:00:00,15.61,15.68,15.55,15.55,254466
2023-03-23 18:30:00,15.55,15.58,15.42,15.46,368240
2023-03-23 19:00:00,15.45,15.48,15.37,15.37,393695
2023-03-23 19:30:00,15.38,15.38,15.23,15.26,301977
2023-03-23 20:00:00,15.27,15.29,15.09,15.09,410894
2023-03-23 20:30:00,15.1,15.21,15.08,15.13,261490
2023-03-23 21:00:00,15.14,15.16,15.0,15.01,267922
2023-03-23 21:30:00,15.01,15.05,14.9,14.99,280062
2023-03-23 22:00:00,15.0,15.17,14.9,14.97,467774
2023-03-23 22:30:00,14.96,15.17,14.94,15.03,1181251
2023-03-23 23:00:00,15.04,15.04,15.03,15.04,572581
2023-03-24 16:30:00,14.78,14.79,14.57,14.69,304653
2023-03-24 17:00:00,14.7,14.75,14.58,14.72,652511
2023-03-24 17:30:00,14.72,14.76,14.48,14.54,528641
2023-03-24 18:00:00,14.54,14.7,14.51,14.67,656489
2023-03-24 18:30:00,14.66,14.84,14.64,14.83,278433
2023-03-24 19:00:00,14.83,14.91,14.75,14.77,292726
2023-03-24 19:30:00,14.78,14.85,14.74,14.82,156681
2023-03-24 20:00:00,14.82,14.85,14.73,14.82,269458
2023-03-24 20:30:00,14.82,14.89,14.81,14.85,278414
2023-03-24 21:00:00,14.86,14.98,14.86,14.95,185988
2023-03-24 21:30:00,14.94,15.04,14.94,14.99,263652
2023-03-24 22:00:00,14.99,15.1,14.96,15.1,309180
2023-03-24 22:30:00,15.1,15.16,15.04,15.06,1262315
2023-03-24 23:00:00,15.05,15.05,15.05,15.05,731224
2023-03-27 16:30:00,15.35,15.44,15.19,15.27,276289
2023-03-27 17:00:00,15.28,15.41,15.25,15.29,322323
2023-03-27 17:30:00,15.29,15.32,15.22,15.26,153190
2023-03-27 18:00:00,15.26,15.31,15.24,15.3,90588
2023-03-27 18:30:00,15.3,15.36,15.3,15.34,106129
2023-03-27 19:00:00,15.34,15.47,15.34,15.47,131371
2023-03-27 19:30:00,15.47,15.5,15.45,15.48,161138
2023-03-27 20:00:00,15.48,15.55,15.42,15.46,142385
2023-03-27 20:30:00,15.46,15.52,15.42,15.43,194763
2023-03-27 21:00:00,15.43,15.44,15.35,15.44,112064
2023-03-27 21:30:00,15.44,15.48,15.43,15.48,147419
2023-03-27 22:00:00,15.48,15.49,15.41,15.44,191171
2023-03-27 22:30:00,15.44,15.44,15.32,15.35,1080279
2023-03-27 23:00:00,15.35,15.36,15.34,15.34,481071
2023-03-28 16:30:00,15.28,15.54,15.26,15.46,253902
2023-03-28 17:00:00,15.45,15.52,15.41,15.45,110555
2023-03-28 17:30:00,15.45,15.46,15.35,15.37,93838
2023-03-28 18:00:00,15.37,15.44,15.35,15.44,271436
2023-03-28 18:30:00,15.44,15.56,15.43,15.56,659467
2023-03-28 19:00:00,15.56,15.57,15.51,15.55,234366
2023-03-28 19:30:00,15.54,15.54,15.5,15.52,116995
2023-03-28 20:00:00,15.52,15.53,15.47,15.52,206547
2023-03-28 20:30:00,15.52,15.52,15.45,15.48,149300
2023-03-28 21:00:00,15.47,15.48,15.43,15.47,280482
2023-03-28 21:30:00,15.47,15.56,15.45,15.56,183480
2023-03-28 22:00:00,15.56,15.6,15.5,15.53,185598
2023-03-28 22:30:00,15.53,15.63,15.51,15.62,823669
2023-03-28 23:00:00,15.62,15.62,15.62,15.62,462686
2023-03-29 16:30:00,16.11,16.21,15.84,16.0,714021
2023-03-29 17:00:00,16.0,16.05,15.92,15.99,691484
2023-03-29 17:30:00,15.99,16.04,15.82,15.83,230281
2023-03-29 18:00:00,15.83,15.91,15.82,15.84,223751
2023-03-29 18:30:00,15.84,16.0,15.83,15.98,573325
2023-03-29 19:00:00,15.97,16.01,15.91,15.95,273361
2023-03-29 19:30:00,15.94,15.96,15.88,15.9,142084
2023-03-29 20:00:00,15.9,15.94,15.89,15.94,109619
2023-03-29 20:30:00,15.94,15.94,15.86,15.9,99665
2023-03-29 21:00:00,15.9,15.9,15.86,15.88,98854
2023-03-29 21:30:00,15.88,15.94,15.87,15.94,105557
2023-03-29 22:00:00,15.94,16.0,15.87,15.97,237442
2023-03-29 22:30:00,15.96,16.06,15.94,16.06,838394
2023-03-29 23:00:00,16.06,16.06,16.05,16.06,529747
2023-03-30 16:30:00,16.27,16.37,16.25,16.3,164349
2023-03-30 17:00:00,16.3,16.31,16.17,16.21,118949
2023-03-30 17:30:00,16.22,16.27,16.18,16.19,129366
2023-03-30 18:00:00,16.19,16.22,16.16,16.17,101865
2023-03-30 18:30:00,16.17,16.17,16.03,16.03,88439
2023-03-30 19:00:00,16.04,16.04,15.99,15.99,69617
2023-03-30 19:30:00,15.99,16.01,15.94,15.99,91547
2023-03-30 20:00:00,15.98,16.03,15.97,16.01,84318
2023-03-30 20:30:00,16.0,16.01,15.95,16.0,49320
2023-03-30 21:00:00,15.99,16.06,15.97,16.03,248852
2023-03-30 21:30:00,16.03,16.07,16.02,16.06,115046
2023-03-30 22:00:00,16.06,16.06,16.02,16.05,244692
2023-03-30 22:30:00,16.05,16.15,16.05,16.12,540357
2023-03-30 23:00:00,16.11,16.12,16.11,16.11,284394
2023-03-31 16:30:00,16.24,16.33,16.17,16.18,130864
2023-03-31 17:00:00,16.18,16.38,16.18,16.36,183249
2023-03-31 17:30:00,16.35,16.38,16.29,16.38,129647
2023-03-31 18:00:00,16.37,16.4,16.34,16.39,81071
2023-03-31 18:30:00,16.39,16.39,16.35,16.36,66010
2023-03-31 19:00:00,16.36,16.4,16.36,16.38,132992
2023-03-31 19:30:00,16.38,16.39,16.3,16.34,186702
2023-03-31 20:00:00,16.33,16.34,16.25,16.25,98934
2023-03-31 20:30:00,16.24,16.27,16.2,16.24,133913
2023-03-31 21:00:00,16.24,16.32,16.24,16.3,210053
2023-03-31 21:30:00,16.3,16.3,16.23,16.26,172306
2023-03-31 22:00:00,16.26,16.38,16.24,16.37,225742
2023-03-31 22:30:00,16.37,16.42,16.32,16.41,574252
2023-03-31 23:00:00,16.41,16.41,16.39,16.4,681806
2023-04-03 16:30:00,16.27,16.45,16.25,16.33,214310
2023-04-03 17:00:00,16.33,16.42,16.32,16.4,80675
2023-04-03 17:30:00,16.4,16.4,16.11,16.11,450162
2023-04-03 18:00:00,16.12,16.19,16.07,16.12,176723
2023-04-03 18:30:00,16.12,16.2,16.11,16.19,63151
2023-04-03 19:00:00,16.2,16.23,16.18,16.2,48037
2023-04-03 19:30:00,16.19,16.22,16.18,16.19,42601
2023-04-03 20:00:00,16.18,16.19,16.14,16.14,58810
2023-04-03 20:30:00,16.14,16.2,16.14,16.17,88894
2023-04-03 21:00:00,16.17,16.19,16.15,16.17,63062
2023-04-03 21:30:00,16.18,16.2,16.1,16.11,198389
2023-04-03 22:00:00,16.11,16.15,16.1,16.14,194869
2023-04-03 22:30:00,16.15,16.21,16.13,16.19,922220
2023-04-03 23:00:00,16.2,16.2,16.2,16.2,657560
2023-04-04 16:30:00,16.29,16.31,16.06,16.07,241463
2023-04-04 17:00:00,16.07,16.14,15.97,16.0,297384
2023-04-04 17:30:00,16.0,16.03,15.8,15.8,265264
2023-04-04 18:00:00,15.8,15.85,15.76,15.82,253834
2023-04-04 18:30:00,15.83,15.89,15.81,15.81,144956
2023-04-04 19:00:00,15.82,15.85,15.74,15.78,317042
2023-04-04 19:30:00,15.79,15.8,15.71,15.72,330343
2023-04-04 20:00:00,15.71,15.78,15.7,15.77,234609
2023-04-04 20:30:00,15.78,15.83,15.75,15.8,277434
2023-04-04 21:00:00,15.8,15.82,15.7,15.71,421212
2023-04-04 21:30:00,15.71,15.83,15.68,15.82,208530
2023-04-04 22:00:00,15.81,15.84,15.73,15.74,348363
2023-04-04 22:30:00,15.75,15.81,15.71,15.81,1145025
2023-04-04 23:00:00,15.81,15.81,15.8,15.8,506102
2023-04-05 16:30:00,15.63,15.78,15.51,15.73,328133
2023-04-05 17:00:00,15.73,15.75,15.64,15.65,196507
2023-04-05 17:30:00,15.64,15.75,15.63,15.63,199231
2023-04-05 18:00:00,15.62,15.7,15.59,15.69,113940
2023-04-05 18:30:00,15.69,15.74,15.68,15.71,100957
2023-04-05 19:00:00,15.72,15.72,15.67,15.69,105715
2023-04-05 19:30:00,15.7,15.72,15.66,15.7,64569
2023-04-05 20:00:00,15.69,15.8,15.69,15.76,135884
2023-04-05 20:30:00,15.76,15.77,15.69,15.73,104119
2023-04-05 21:00:00,15.74,15.78,15.73,15.74,151333
2023-04-05 21:30:00,15.73,15.78,15.69,15.72,116014
2023-04-05 22:00:00,15.71,15.72,15.68,15.7,199909
2023-04-05 22:30:00,15.7,15.72,15.67,15.7,894001
2023-04-05 23:00:00,15.71,15.71,15.71,15.71,377131
2023-04-06 16:30:00,15.71,15.75,15.63,15.72,123601
2023-04-06 17:00:00,15.72,15.83,15.72,15.76,172412
2023-04-06 17:30:00,15.76,15.8,15.7,15.75,122057
2023-04-06 18:00:00,15.74,15.81,15.74,15.76,80190
2023-04-06 18:30:00,15.76,15.82,15.74,15.81,74060
2023-04-06 19:00:00,15.81,15.84,15.8,15.83,94308
2023-04-06 19:30:00,15.83,15.92,15.83,15.87,89107
2023-04-06 20:00:00,15.86,15.95,15.86,15.93,83884
2023-04-06 20:30:00,15.92,15.95,15.88,15.89,102609
2023-04-06 21:00:00,15.89,15.89,15.86,15.89,74766
2023-04-06 21:30:00,15.88,15.89,15.83,15.84,114725
2023-04-06 22:00:00,15.84,15.86,15.81,15.84,139147
2023-04-06 22:30:00,15.84,15.85,15.82,15.82,304690
2023-04-06 23:00:00,15.82,15.83,15.82,15.82,317154
2023-04-10 16:30:00,15.73,15.98,15.69,15.91,196829
2023-04-10 17:00:00,15.91,15.99,15.9,15.94,124204
2023-04-10 17:30:00,15.95,16.0,15.88,15.89,141165
2023-04-10 18:00:00,15.9,15.93,15.85,15.86,410405
2023-04-10 18:30:00,15.86,15.87,15.78,15.79,233872
2023-04-10 19:00:00,15.78,15.79,15.75,15.78,114499
2023-04-10 19:30:00,15.78,15.87,15.75,15.87,125385
2023-04-10 20:00:00,15.87,15.92,15.86,15.9,203834
2023-04-10 20:30:00,15.91,15.94,15.9,15.91,150087
2023-04-10 21:00:00,15.91,15.96,15.88,15.94,72033
2023-04-10 21:30:00,15.94,15.97,15.93,15.96,169854
2023-04-10 22:00:00,15.97,15.99,15.94,15.95,147061
2023-04-10 22:30:00,15.95,16.0,15.94,15.99,489920
2023-04-10 23:00:00,15.99,15.99,15.98,15.98,314580
2023-04-11 16:30:00,16.02,16.14,16.0,16.07,156640
2023-04-11 17:00:00,16.07,16.22,16.03,16.19,187521
2023-04-11 17:30:00,16.19,16.2,16.08,16.13,203916
2023-04-11 18:00:00,16.13,16.2,16.13,16.18,119291
2023-04-11 18:30:00,16.18,16.26,16.16,16.26,98224
2023-04-11 19:00:00,16.26,16.31,16.24,16.29,91470
2023-04-11 19:30:00,16.29,16.33,16.27,16.31,236130
2023-04-11 20:00:00,16.31,16.34,16.3,16.32,81038
2023-04-11 20:30:00,16.32,16.34,16.28,16.33,245515
2023-04-11 21:00:00,16.33,16.36,16.3,16.35,93120
2023-04-11 21:30:00,16.35,16.38,16.35,16.37,88073
2023-04-11 22:00:00,16.37,16.41,16.34,16.41,146549
2023-04-11 22:30:00,16.41,16.41,16.29,16.31,651957
2023-04-11 23:00:00,16.32,16.32,16.31,16.32,363696
2023-04-12 16:30:00,16.58,16.59,16.32,16.32,243189
2023-04-12 17:00:00,16.31,16.37,16.22,16.32,199757
2023-04-12 17:30:00,16.32,16.34,16.2,16.23,186506
2023-04-12 18:00:00,16.23,16.26,16.15,16.22,170871
2023-04-12 18:30:00,16.22,16.25,16.17,16.24,133776
2023-04-12 19:00:00,16.24,16.26,16.19,16.23,86992
2023-04-12 19:30:00,16.23,16.27,16.21,16.27,45338
2023-04-12 20:00:00,16.27,16.3,16.23,16.3,84944
2023-04-12 20:30:00,16.3,16.32,16.26,16.28,99760
2023-04-12 21:00:00,16.28,16.34,16.22,16.23,127778
2023-04-12 21:30:00,16.23,16.23,16.16,16.22,118252
2023-04-12 22:00:00,16.22,16.23,16.08,16.09,143389
2023-04-12 22:30:00,16.08,16.14,16.08,16.13,478624
2023-04-12 23:00:00,16.13,16.13,16.12,16.13,520490
2023-04-13 16:30:00,16.17,16.46,16.15,16.41,959275
2023-04-13 17:00:00,16.41,16.6,16.36,16.55,536803
2023-04-13 17:30:00,16.55,16.6,16.5,16.57,283317
2023-04-13 18:00:00,16.57,16.61,16.5,16.57,238353
2023-04-13 18:30:00,16.56,16.59,16.53,16.58,199791
2023-04-13 19:00:00,16.58,16.69,16.58,16.69,244690
2023-04-13 19:30:00,16.69,16.71,16.66,16.7,196997
2023-04-13 20:00:00,16.7,16.77,16.67,16.76,214258
2023-04-13 20:30:00,16.76,16.77,16.66,16.69,298864
2023-04-13 21:00:00,16.69,16.7,16.62,16.63,186906
2023-04-13 21:30:00,16.63,16.64,16.57,16.64,133943
2023-04-13 22:00:00,16.64,16.69,16.63,16.69,207467
2023-04-13 22:30:00,16.69,16.7,16.62,16.62,733489
2023-04-13 23:00:00,16.63,16.64,16.62,16.63,1006810
2023-04-14 16:30:00,16.83,17.04,16.81,17.03,586336
2023-04-14 17:00:00,17.01,17.02,16.81,16.9,298817
2023-04-14 17:30:00,16.9,16.94,16.8,16.86,409158
2023-04-14 18:00:00,16.85,16.86,16.71,16.71,241254
2023-04-14 18:30:00,16.72,16.79,16.72,16.76,101781
2023-04-14 19:00:00,16.76,16.78,16.71,16.73,110676
2023-04-14 19:30:00,16.73,16.75,16.68,16.69,52578
2023-04-14 20:00:00,16.69,16.72,16.64,16.64,87604
2023-04-14 20:30:00,16.63,16.71,16.61,16.7,333796
2023-04-14 21:00:00,16.7,16.77,16.69,16.76,133139
2023-04-14 21:30:00,16.77,16.79,16.75,16.78,349981
2023-04-14 22:00:00,16.79,16.83,16.77,16.82,303043
2023-04-14 22:30:00,16.82,16.94,16.82,16.9,898323
2023-04-14 23:00:00,16.89,16.9,16.89,16.89,2379664
2023-04-17 16:30:00,16.78,17.03,16.75,17.0,297612
2023-04-17 17:00:00,16.99,17.02,16.87,16.97,399893
2023-04-17 17:30:00,16.97,17.03,16.94,16.97,176928
2023-04-17 18:00:00,16.97,17.02,16.93,16.98,313795
2023-04-17 18:30:00,16.98,17.0,16.92,16.97,176947
2023-04-17 19:00:00,16.97,17.04,16.96,17.04,154735
2023-04-17 19:30:00,17.05,17.05,16.97,16.98,208540
2023-04-17 20:00:00,16.98,17.02,16.96,17.02,97877
2023-04-17 20:30:00,17.02,17.04,16.99,17.01,89180
2023-04-17 21:00:00,17.01,17.08,16.98,17.08,287067
2023-04-17 21:30:00,17.08,17.12,17.07,17.11,198456
2023-04-17 22:00:00,17.11,17.17,17.1,17.16,228112
2023-04-17 22:30:00,17.15,17.19,17.07,17.19,624581
2023-04-17 23:00:00,17.19,17.2,17.19,17.19,1210579
2023-04-18 16:30:00,17.36,17.36,17.03,17.05,416124
2023-04-18 17:00:00,17.05,17.17,17.04,17.09,281311
2023-04-18 17:30:00,17.09,17.14,17.04,17.13,182805
2023-04-18 18:00:00,17.12,17.18,17.12,17.17,138219
2023-04-18 18:30:00,17.17,17.22,17.14,17.19,138124
2023-04-18 19:00:00,17.19,17.28,17.18,17.28,131722
2023-04-18 19:30:00,17.28,17.29,17.24,17.25,158709
2023-04-18 20:00:00,17.25,17.28,17.23,17.26,146836
2023-04-18 20:30:00,17.26,17.32,17.25,17.3,162582
2023-04-18 21:00:00,17.3,17.36,17.29,17.35,163907
2023-04-18 21:30:00,17.35,17.36,17.28,17.33,166347
2023-04-18 22:00:00,17.33,17.36,17.32,17.36,128580
2023-04-18 22:30:00,17.36,17.43,17.35,17.42,686001
2023-04-18 23:00:00,17.42,17.42,17.4,17.41,617184
2023-04-19 16:30:00,17.21,17.43,17.2,17.32,235297
2023-04-19 17:00:00,17.33,17.45,17.31,17.37,170223
2023-04-19 17:30:00,17.38,17.43,17.35,17.41,127158
2023-04-19 18:00:00,17.4,17.4,17.32,17.33,107797
2023-04-19 18:30:00,17.33,17.33,17.25,17.32,76560
2023-04-19 19:00:00,17.32,17.39,17.3,17.36,208014
2023-04-19 19:30:00,17.36,17.4,17.34,17.38,96266
2023-04-19 20:00:00,17.37,17.43,17.37,17.39,95817
2023-04-19 20:30:00,17.39,17.42,17.37,17.42,121622
2023-04-19 21:00:00,17.42,17.48,17.41,17.47,90758
2023-04-19 21:30:00,17.48,17.49,17.43,17.46,72309
2023-04-19 22:00:00,17.46,17.53,17.44,17.53,170242
2023-04-19 22:30:00,17.53,17.55,17.45,17.48,575271
2023-04-19 23:00:00,17.47,17.48,17.47,17.47,924238
2023-04-20 16:30:00,17.27,17.41,17.27,17.37,203174
2023-04-20 17:00:00,17.37,17.39,17.3,17.36,393427
2023-04-20 17:30:00,17.36,17.4,17.33,17.36,268038
2023-04-20 18:00:00,17.36,17.36,17.25,17.25,176578
2023-04-20 18:30:00,17.25,17.27,17.21,17.23,89954
2023-04-20 19:00:00,17.23,17.24,17.2,17.22,79213
2023-04-20 19:30:00,17.22,17.25,17.21,17.25,58090
2023-04-20 20:00:00,17.25,17.29,17.24,17.26,54410
2023-04-20 20:30:00,17.27,17.28,17.24,17.26,58560
2023-04-20 21:00:00,17.26,17.29,17.23,17.26,139842
2023-04-20 21:30:00,17.27,17.27,17.2,17.22,101097
2023-04-20 22:00:00,17.22,17.23,17.14,17.16,99163
2023-04-20 22:30:00,17.16,17.26,17.15,17.23,486474
2023-04-20 23:00:00,17.23,17.23,17.2,17.2,1047980
2023-04-21 16:30:00,17.19,17.27,17.05,17.17,202023
2023-04-21 17:00:00,17.16,17.19,17.1,17.16,125969
2023-04-21 17:30:00,17.16,17.2,17.0,17.02,101058
2023-04-21 18:00:00,17.02,17.09,17.0,17.05,87759
2023-04-21 18:30:00,17.05,17.12,17.03,17.09,156272
2023-04-21 19:00:00,17.09,17.11,17.05,17.07,78393
2023-04-21 19:30:00,17.07,17.1,17.05,17.09,71095
2023-04-21 20:00:00,17.09,17.1,17.03,17.05,121281
2023-04-21 20:30:00,17.06,17.08,17.04,17.04,171899
2023-04-21 21:00:00,17.04,17.11,17.03,17.06,153305
2023-04-21 21:30:00,17.05,17.07,17.0,17.06,157058
2023-04-21 22:00:00,17.06,17.07,17.04,17.06,97404
2023-04-21 22:30:00,17.06,17.09,17.01,17.07,792364
2023-04-21 23:00:00,17.06,17.07,17.06,17.07,670241
2023-04-24 16:30:00,17.08,17.15,16.99,16.99,228712
2023-04-24 17:00:00,16.99,17.03,16.92,17.0,406263
2023-04-24 17:30:00,17.0,17.01,16.82,16.83,412967
2023-04-24 18:00:00,16.84,16.85,16.75,16.78,201026
2023-04-24 18:30:00,16.78,16.82,16.74,16.74,147080
2023-04-24 19:00:00,16.74,16.74,16.62,16.68,381041
2023-04-24 19:30:00,16.68,16.72,16.65,16.71,247937
2023-04-24 20:00:00,16.71,16.76,16.69,16.75,193186
2023-04-24 20:30:00,16.75,16.79,16.74,16.77,150183
2023-04-24 21:00:00,16.77,16.78,16.66,16.67,192634
2023-04-24 21:30:00,16.68,16.83,16.66,16.81,419166
2023-04-24 22:00:00,16.81,16.84,16.77,16.81,362582
2023-04-24 22:30:00,16.81,16.85,16.77,16.84,732241
2023-04-24 23:00:00,16.85,16.86,16.84,16.85,533428
2023-04-25 16:30:00,16.66,17.31,16.66,16.9,875996
2023-04-25 17:00:00,16.89,16.98,16.78,16.82,240790
2023-04-25 17:30:00,16.81,16.82,16.49,16.49,360277
2023-04-25 18:00:00,16.49,16.83,16.4,16.83,363001
2023-04-25 18:30:00,16.82,17.02,16.82,16.96,327948
2023-04-25 19:00:00,16.96,16.97,16.84,16.86,238513
2023-04-25 19:30:00,16.86,16.98,16.82,16.97,265727
2023-04-25 20:00:00,16.97,17.07,16.76,16.78,281664
2023-04-25 20:30:00,16.78,16.82,16.76,16.82,98418
2023-04-25 21:00:00,16.81,16.86,16.74,16.85,158178
2023-04-25 21:30:00,16.84,16.88,16.8,16.84,157746
2023-04-25 22:00:00,16.85,16.94,16.84,16.91,206409
2023-04-25 22:30:00,16.9,16.91,16.8,16.8,808936
2023-04-25 23:00:00,16.8,16.81,16.8,16.8,1104858
2023-04-26 16:30:00,16.64,17.05,16.64,16.99,529913
2023-04-26 17:00:00,16.98,17.16,16.93,17.01,428191
2023-04-26 17:30:00,17.01,17.16,16.94,17.15,556851
2023-04-26 18:00:00,17.15,17.27,17.15,17.2,414239
2023-04-26 18:30:00,17.2,17.21,17.13,17.13,235118
2023-04-26 19:00:00,17.14,17.26,17.14,17.14,181502
2023-04-26 19:30:00,17.15,17.22,17.1,17.13,206798
2023-04-26 20:00:00,17.14,17.19,17.08,17.1,193400
2023-04-26 20:30:00,17.1,17.15,16.98,17.01,264885
2023-04-26 21:00:00,17.01,17.02,16.89,17.0,186919
2023-04-26 21:30:00,17.0,17.0,16.87,16.89,389031
2023-04-26 22:00:00,16.89,16.9,16.82,16.86,259709
2023-04-26 22:30:00,16.86,16.95,16.8,16.94,815690
2023-04-26 23:00:00,16.94,16.95,16.93,16.94,1190689
2023-04-27 16:30:00,17.15,17.21,16.98,17.08,249625
2023-04-27 17:00:00,17.08,17.11,16.89,16.94,176621
2023-04-27 17:30:00,16.94,16.95,16.8,16.86,106985
2023-04-27 18:00:00,16.86,16.95,16.79,16.93,125327
2023-04-27 18:30:00,16.94,17.02,16.93,17.02,156787
2023-04-27 19:00:00,17.02,17.07,17.02,17.05,142529
2023-04-27 19:30:00,17.05,17.06,17.01,17.02,96613
2023-04-27 20:00:00,17.03,17.05,17.0,17.05,144716
2023-04-27 20:30:00,17.05,17.17,17.04,17.12,144985
2023-04-27 21:00:00,17.12,17.21,17.07,17.21,199277
2023-04-27 21:30:00,17.21,17.24,17.2,17.22,204081
2023-04-27 22:00:00,17.22,17.23,17.14,17.14,208045
2023-04-27 22:30:00,17.15,17.23,17.13,17.23,671460
2023-04-27 23:00:00,17.23,17.24,17.23,17.23,432347
2023-04-28 16:30:00,17.15,17.16,16.98,16.99,230017
2023-04-28 17:00:00,16.99,17.25,16.99,17.22,220974
2023-04-28 17:30:00,17.21,17.27,17.1,17.14,191266
2023-04-28 18:00:00,17.14,17.26,17.06,17.25,161602
2023-04-28 18:30:00,17.25,17.28,17.23,17.26,122018
2023-04-28 19:00:00,17.26,17.27,17.19,17.22,95859
2023-04-28 19:30:00,17.22,17.24,17.19,17.2,126179
2023-04-28 20:00:00,17.2,17.21,17.16,17.19,114140
2023-04-28 20:30:00,17.19,17.21,17.13,17.15,197782
2023-04-28 21:00:00,17.15,17.18,17.07,17.08,130250
2023-04-28 21:30:00,17.08,17.09,17.02,17.04,103280
2023-04-28 22:00:00,17.05,17.11,17.04,17.1,124402
2023-04-28 22:30:00,17.11,17.15,17.08,17.13,543645
2023-04-28 23:00:00,17.13,17.13,17.12,17.13,694087
2023-05-01 16:30:00,17.23,17.32,17.17,17.19,225554
2023-05-01 17:00:00,17.17,17.2,17.03,17.08,276963
2023-05-01 17:30:00,17.08,17.15,17.04,17.09,292527
2023-05-01 18:00:00,17.09,17.11,16.92,16.95,226070
2023-05-01 18:30:00,16.94,16.99,16.92,16.93,92784
2023-05-01 19:00:00,16.93,17.02,16.93,17.02,115163
2023-05-01 19:30:00,17.02,17.07,16.93,16.93,100253
2023-05-01 20:00:00,16.94,16.95,16.91,16.93,384472
2023-05-01 20:30:00,16.92,16.94,16.86,16.93,300583
2023-05-01 21:00:00,16.92,16.95,16.86,16.88,132063
2023-05-01 21:30:00,16.88,16.88,16.82,16.86,94277
2023-05-01 22:00:00,16.86,16.88,16.76,16.79,202890
2023-05-01 22:30:00,16.79,16.83,16.75,16.78,688939
2023-05-01 23:00:00,16.78,16.79,16.78,16.78,1569451
2023-05-02 16:30:00,16.62,16.71,16.5,16.51,246302
2023-05-02 17:00:00,16.51,16.53,16.14,16.15,205621
2023-05-02 17:30:00,16.15,16.21,16.06,16.09,166674
2023-05-02 18:00:00,16.09,16.15,16.01,16.09,170563
2023-05-02 18:30:00,16.1,16.26,16.03,16.16,224487
2023-05-02 19:00:00,16.17,16.23,16.14,16.22,149872
2023-05-02 19:30:00,16.21,16.27,16.19,16.25,101172
2023-05-02 20:00:00,16.25,16.29,16.23,16.26,108478
2023-05-02 20:30:00,16.26,16.38,16.25,16.32,156785
2023-05-02 21:00:00,16.33,16.33,16.22,16.25,135435
2023-05-02 21:30:00,16.26,16.38,16.24,16.38,134151
2023-05-02 22:00:00,16.38,16.46,16.34,16.46,310418
2023-05-02 22:30:00,16.45,16.52,16.39,16.43,1120783
2023-05-02 23:00:00,16.43,16.43,16.42,16.42,984871
2023-05-03 16:30:00,16.6,16.92,16.5,16.82,274204
2023-05-03 17:00:00,16.84,16.91,16.75,16.83,251336
2023-05-03 17:30:00,16.83,16.87,16.7,16.73,177688
2023-05-03 18:00:00,16.73,16.74,16.67,16.7,121845
2023-05-03 18:30:00,16.7,16.74,16.63,16.66,126144
2023-05-03 19:00:00,16.66,16.74,16.65,16.73,71651
2023-05-03 19:30:00,16.74,16.76,16.7,16.76,65217
2023-05-03 20:00:00,16.76,16.78,16.72,16.77,81875
2023-05-03 20:30:00,16.77,16.78,16.7,16.75,77968
2023-05-03 21:00:00,16.74,16.88,16.67,16.82,200863
2023-05-03 21:30:00,16.83,16.92,16.69,16.8,455102
2023-05-03 22:00:00,16.8,16.82,16.5,16.51,315350
2023-05-03 22:30:00,16.51,16.55,16.41,16.46,567694
2023-05-03 23:00:00,16.46,16.46,16.45,16.46,1386574
2023-05-04 16:30:00,16.3,16.38,16.11,16.27,243901
2023-05-04 17:00:00,16.26,16.28,16.04,16.04,216323
2023-05-04 17:30:00,16.03,16.16,16.0,16.07,199783
2023-05-04 18:00:00,16.05,16.15,15.97,15.97,164710
2023-05-04 18:30:00,15.97,15.99,15.85,15.87,132357
2023-05-04 19:00:00,15.87,16.01,15.83,16.01,201354
2023-05-04 19:30:00,16.01,16.03,15.87,15.91,116962
2023-05-04 20:00:00,15.91,16.0,15.87,15.98,94371
2023-05-04 20:30:00,15.98,16.04,15.96,16.02,205664
2023-05-04 21:00:00,16.03,16.08,16.0,16.0,164993
2023-05-04 21:30:00,16.0,16.02,15.96,16.02,145684
2023-05-04 22:00:00,16.01,16.06,15.96,16.02,149026
2023-05-04 22:30:00,16.01,16.08,16.0,16.04,733534
2023-05-04 23:00:00,16.05,16.05,16.04,16.04,418769
2023-05-05 16:30:00,16.34,16.49,16.3,16.33,192004
2023-05-05 17:00:00,16.33,16.47,16.33,16.41,145641
2023-05-05 17:30:00,16.42,16.46,16.39,16.39,126135
2023-05-05 18:00:00,16.4,16.45,16.38,16.45,81178
2023-05-05 18:30:00,16.45,16.53,16.44,16.52,80083
2023-05-05 19:00:00,16.52,16.55,16.49,16.49,61653
2023-05-05 19:30:00,16.5,16.52,16.41,16.49,88209
2023-05-05 20:00:00,16.48,16.51,16.48,16.51,61160
2023-05-05 20:30:00,16.51,16.57,16.51,16.52,86429
2023-05-05 21:00:00,16.52,16.61,16.52,16.61,101256
2023-05-05 21:30:00,16.6,16.69,16.6,16.65,135061
2023-05-05 22:00:00,16.65,16.69,16.62,16.63,120674
2023-05-05 22:30:00,16.62,16.65,16.56,16.57,628002
2023-05-05 23:00:00,16.57,16.58,16.56,16.57,1039346
2023-05-08 16:30:00,16.47,16.5,16.2,16.2,194891
2023-05-08 17:00:00,16.2,16.24,16.12,16.14,255125
2023-05-08 17:30:00,16.14,16.33,16.14,16.32,119104
2023-05-08 18:00:00,16.32,16.36,16.26,16.27,72230
2023-05-08 18:30:00,16.27,16.31,16.22,16.26,78522
2023-05-08 19:00:00,16.26,16.26,16.22,16.23,105801
2023-05-08 19:30:00,16.24,16.25,16.14,16.17,81391
2023-05-08 20:00:00,16.17,16.18,16.15,16.16,78849
2023-05-08 20:30:00,16.16,16.24,16.16,16.24,73925
2023-05-08 21:00:00,16.24,16.26,16.14,16.24,104524
2023-05-08 21:30:00,16.24,16.27,16.23,16.25,60336
2023-05-08 22:00:00,16.25,16.25,16.21,16.22,113338
2023-05-08 22:30:00,16.22,16.33,16.21,16.29,446190
2023-05-08 23:00:00,16.29,16.29,16.29,16.29,1014018
2023-05-09 16:30:00,16.13,16.15,16.02,16.08,140816
2023-05-09 17:00:00,16.08,16.18,16.05,16.13,207082
2023-05-09 17:30:00,16.14,16.17,16.11,16.14,152031
2023-05-09 18:00:00,16.15,16.2,16.12,16.15,103994
2023-05-09 18:30:00,16.15,16.2,16.14,16.15,115920
2023-05-09 19:00:00,16.15,16.19,16.14,16.15,133128
2023-05-09 19:30:00,16.15,16.19,16.14,16.19,68797
2023-05-09 20:00:00,16.19,16.19,16.14,16.18,108361
2023-05-09 20:30:00,16.18,16.25,16.14,16.25,86931
2023-05-09 21:00:00,16.25,16.27,16.23,16.23,67356
2023-05-09 21:30:00,16.24,16.3,16.24,16.24,85790
2023-05-09 22:00:00,16.25,16.26,16.21,16.25,184630
2023-05-09 22:30:00,16.24,16.27,16.18,16.2,541571
2023-05-09 23:00:00,16.2,16.2,16.19,16.19,859706
2023-05-10 16:30:00,16.47,16.47,15.98,15.99,562919
2023-05-10 17:00:00,15.99,16.09,15.85,15.98,504869
2023-05-10 17:30:00,15.99,16.02,15.88,15.96,138627
2023-05-10 18:00:00,15.96,15.99,15.92,15.93,101061
2023-05-10 18:30:00,15.94,16.0,15.92,15.96,133372
2023-05-10 19:00:00,15.97,15.97,15.8,15.8,275106
2023-05-10 19:30:00,15.81,15.81,15.68,15.71,545366
2023-05-10 20:00:00,15.71,15.71,15.56,15.6,309772
2023-05-10 20:30:00,15.6,15.66,15.57,15.66,85357
2023-05-10 21:00:00,15.66,15.7,15.63,15.69,164713
2023-05-10 21:30:00,15.69,15.77,15.69,15.72,116443
2023-05-10 22:00:00,15.72,15.91,15.72,15.88,358850
2023-05-10 22:30:00,15.88,15.99,15.87,15.93,1328333
2023-05-10 23:00:00,15.93,15.93,15.93,15.93,1888482
2023-05-11 16:30:00,15.78,15.8,15.41,15.43,1007488
2023-05-11 17:00:00,15.44,15.47,15.18,15.2,859419
2023-05-11 17:30:00,15.19,15.21,14.88,14.95,959841
2023-05-11 18:00:00,14.95,15.24,14.89,15.23,723147
2023-05-11 18:30:00,15.23,15.35,15.22,15.34,445686
2023-05-11 19:00:00,15.34,15.35,15.26,15.28,194515
2023-05-11 19:30:00,15.28,15.35,15.25,15.35,166846
2023-05-11 20:00:00,15.35,15.36,15.3,15.32,125880
2023-05-11 20:30:00,15.31,15.35,15.27,15.33,127698
2023-05-11 21:00:00,15.33,15.34,15.25,15.34,188620
2023-05-11 21:30:00,15.34,15.36,15.32,15.35,205918
2023-05-11 22:00:00,15.35,15.36,15.31,15.32,220726
2023-05-11 22:30:00,15.32,15.41,15.28,15.4,1224464
2023-05-11 23:00:00,15.41,15.41,15.4,15.4,1407280
2023-05-12 16:30:00,15.56,15.62,15.39,15.51,275652
2023-05-12 17:00:00,15.49,15.52,15.39,15.48,357798
2023-05-12 17:30:00,15.48,15.48,15.38,15.41,119083
2023-05-12 18:00:00,15.4,15.46,15.38,15.4,91218
2023-05-12 18:30:00,15.39,15.44,15.38,15.43,150105
2023-05-12 19:00:00,15.43,15.43,15.35,15.35,183757
2023-05-12 19:30:00,15.35,15.36,15.23,15.27,266658
2023-05-12 20:00:00,15.26,15.3,15.22,15.28,186981
2023-05-12 20:30:00,15.28,15.31,15.21,15.22,165789
2023-05-12 21:00:00,15.22,15.25,15.14,15.23,423074
2023-05-12 21:30:00,15.23,15.26,15.19,15.23,361402
2023-05-12 22:00:00,15.24,15.29,15.23,15.27,341286
2023-05-12 22:30:00,15.27,15.31,15.2,15.21,1019059
2023-05-12 23:00:00,15.22,15.22,15.21,15.22,530422
2023-05-15 16:30:00,15.35,15.35,15.13,15.25,227582
2023-05-15 17:00:00,15.25,15.25,15.15,15.2,191212
2023-05-15 17:30:00,15.2,15.27,15.16,15.21,321112
2023-05-15 18:00:00,15.22,15.27,15.11,15.12,350965
2023-05-15 18:30:00,15.11,15.17,15.1,15.13,353881
2023-05-15 19:00:00,15.13,15.13,15.05,15.08,372925
2023-05-15 19:30:00,15.08,15.16,15.07,15.16,200710
2023-05-15 20:00:00,15.16,15.27,15.15,15.19,222644
2023-05-15 20:30:00,15.18,15.19,15.08,15.12,225415
2023-05-15 21:00:00,15.13,15.14,15.07,15.08,201051
2023-05-15 21:30:00,15.09,15.2,15.09,15.19,139749
2023-05-15 22:00:00,15.19,15.24,15.19,15.21,332814
2023-05-15 22:30:00,15.2,15.21,15.16,15.2,998034
2023-05-15 23:00:00,15.19,15.21,15.19,15.21,674106
2023-05-16 16:30:00,15.07,15.14,14.97,15.05,174766
2023-05-16 17:00:00,15.06,15.08,14.98,15.02,213943
2023-05-16 17:30:00,15.03,15.09,14.99,15.06,179957
2023-05-16 18:00:00,15.07,15.11,15.01,15.11,205794
2023-05-16 18:30:00,15.1,15.22,15.08,15.21,268365
2023-05-16 19:00:00,15.21,15.21,15.13,15.13,97213
2023-05-16 19:30:00,15.14,15.19,15.13,15.17,79160
2023-05-16 20:00:00,15.17,15.17,15.09,15.1,67657
2023-05-16 20:30:00,15.09,15.13,15.07,15.13,100994
2023-05-16 21:00:00,15.13,15.13,15.03,15.04,73555
2023-05-16 21:30:00,15.04,15.07,15.02,15.04,128239
2023-05-16 22:00:00,15.04,15.06,15.02,15.05,90310
2023-05-16 22:30:00,15.05,15.06,14.96,14.97,359852
2023-05-16 23:00:00,14.98,14.98,14.98,14.98,484542
2023-05-17 16:30:00,15.09,15.16,14.93,14.93,126610
2023-05-17 17:00:00,14.93,15.0,14.92,14.99,241099
2023-05-17 17:30:00,15.0,15.0,14.91,14.92,322653
2023-05-17 18:00:00,14.92,15.06,14.91,15.04,189417
2023-05-17 18:30:00,15.05,15.17,15.04,15.13,86735
2023-05-17 19:00:00,15.13,15.14,15.09,15.12,122119
2023-05-17 19:30:00,15.12,15.26,15.12,15.25,150753
2023-05-17 20:00:00,15.25,15.3,15.21,15.26,101073
2023-05-17 20:30:00,15.26,15.28,15.22,15.23,92688
2023-05-17 21:00:00,15.24,15.24,15.18,15.19,203961
2023-05-17 21:30:00,15.19,15.21,15.15,15.16,101270
2023-05-17 22:00:00,15.16,15.2,15.15,15.16,141001
2023-05-17 22:30:00,15.16,15.24,15.15,15.2,466036
2023-05-17 23:00:00,15.21,15.22,15.2,15.21,1337876
2023-05-18 16:30:00,15.11,15.12,14.99,15.02,151272
2023-05-18 17:00:00,15.03,15.17,15.02,15.17,301581
2023-05-18 17:30:00,15.17,15.25,15.13,15.22,180567
2023-05-18 18:00:00,15.23,15.27,15.19,15.23,107097
2023-05-18 18:30:00,15.23,15.26,15.19,15.2,107453
2023-05-18 19:00:00,15.2,15.21,15.09,15.12,117011
2023-05-18 19:30:00,15.13,15.17,15.13,15.16,87075
2023-05-18 20:00:00,15.16,15.2,15.15,15.15,111324
2023-05-18 20:30:00,15.15,15.17,15.07,15.08,123111
2023-05-18 21:00:00,15.08,15.19,15.07,15.17,84679
2023-05-18 21:30:00,15.17,15.2,15.17,15.19,83701
2023-05-18 22:00:00,15.19,15.24,15.16,15.22,162410
2023-05-18 22:30:00,15.23,15.36,15.22,15.33,519572
2023-05-18 23:00:00,15.34,15.34,15.33,15.33,806506
2023-05-19 16:30:00,15.38,15.42,15.28,15.38,235445
2023-05-19 17:00:00,15.39,15.43,15.36,15.38,131590
2023-05-19 17:30:00,15.39,15.41,15.33,15.38,294805
2023-05-19 18:00:00,15.39,15.41,15.11,15.16,432895
2023-05-19 18:30:00,15.17,15.18,15.02,15.12,408492
2023-05-19 19:00:00,15.12,15.21,15.07,15.19,289170
2023-05-19 19:30:00,15.18,15.22,15.11,15.2,139595
2023-05-19 20:00:00,15.2,15.25,15.2,15.2,131698
2023-05-19 20:30:00,15.21,15.22,15.16,15.17,98565
2023-05-19 21:00:00,15.17,15.23,15.16,15.19,121371
2023-05-19 21:30:00,15.19,15.22,15.17,15.22,127571
2023-05-19 22:00:00,15.22,15.23,15.18,15.2,166462
2023-05-19 22:30:00,15.2,15.28,15.19,15.25,539984
2023-05-19 23:00:00,15.25,15.25,15.24,15.24,1032656
2023-05-22 16:30:00,15.25,15.27,15.07,15.07,158054
2023-05-22 17:00:00,15.07,15.08,14.9,14.98,446785
2023-05-22 17:30:00,14.99,15.01,14.9,15.0,348695
2023-05-22 18:00:00,15.01,15.13,14.99,15.11,192566
2023-05-22 18:30:00,15.1,15.15,15.05,15.15,226541
2023-05-22 19:00:00,15.16,15.2,15.14,15.15,125104
2023-05-22 19:30:00,15.15,15.18,15.14,15.18,117441
2023-05-22 20:00:00,15.18,15.2,15.1,15.15,143110
2023-05-22 20:30:00,15.15,15.17,15.13,15.13,73266
2023-05-22 21:00:00,15.14,15.2,15.12,15.2,142960
2023-05-22 21:30:00,15.2,15.28,15.19,15.25,157602
2023-05-22 22:00:00,15.25,15.27,15.18,15.2,171171
2023-05-22 22:30:00,15.19,15.21,15.15,15.18,456707
2023-05-22 23:00:00,15.18,15.19,15.18,15.19,905858
2023-05-23 16:30:00,15.12,15.27,15.1,15.24,86489
2023-05-23 17:00:00,15.24,15.29,15.2,15.29,89596
2023-05-23 17:30:00,15.3,15.35,15.22,15.25,133901
2023-05-23 18:00:00,15.25,15.34,15.25,15.34,81460
2023-05-23 18:30:00,15.35,15.37,15.33,15.33,105422
2023-05-23 19:00:00,15.33,15.34,15.23,15.23,77348
2023-05-23 19:30:00,15.23,15.23,15.13,15.15,115483
2023-05-23 20:00:00,15.15,15.23,15.13,15.15,90188
2023-05-23 20:30:00,15.14,15.17,15.11,15.17,86486
2023-05-23 21:00:00,15.16,15.2,15.03,15.06,106250
2023-05-23 21:30:00,15.06,15.15,15.05,15.15,218980
2023-05-23 22:00:00,15.15,15.16,15.08,15.13,130666
2023-05-23 22:30:00,15.13,15.13,15.05,15.08,381092
2023-05-23 23:00:00,15.08,15.08,15.06,15.06,409545
2023-05-24 16:30:00,14.93,14.93,14.59,14.64,331951
2023-05-24 17:00:00,14.64,14.66,14.52,14.63,299878
2023-05-24 17:30:00,14.64,14.72,14.63,14.67,179999
2023-05-24 18:00:00,14.67,14.77,14.64,14.72,195069
2023-05-24 18:30:00,14.73,14.77,14.69,14.71,190158
2023-05-24 19:00:00,14.72,14.74,14.62,14.68,155482
2023-05-24 19:30:00,14.68,14.75,14.68,14.69,153480
2023-05-24 20:00:00,14.7,14.71,14.66,14.68,168500
2023-05-24 20:30:00,14.67,14.72,14.67,14.67,133418
2023-05-24 21:00:00,14.68,14.73,14.66,14.67,180600
2023-05-24 21:30:00,14.68,14.73,14.67,14.68,150014
2023-05-24 22:00:00,14.69,14.81,14.67,14.76,272634
2023-05-24 22:30:00,14.77,14.83,14.74,14.78,712107
2023-05-24 23:00:00,14.78,14.79,14.77,14.78,682962
2023-05-25 16:30:00,14.68,14.77,14.63,14.7,317290
2023-05-25 17:00:00,14.7,14.72,14.58,14.66,242206
2023-05-25 17:30:00,14.65,14.66,14.57,14.6,119151
2023-05-25 18:00:00,14.6,14.65,14.5,14.52,232967
2023-05-25 18:30:00,14.51,14.52,14.44,14.5,218087
2023-05-25 19:00:00,14.5,14.58,14.5,14.56,104708
2023-05-25 19:30:00,14.56,14.59,14.52,14.55,123976
2023-05-25 20:00:00,14.55,14.66,14.53,14.65,106655
2023-05-25 20:30:00,14.65,14.67,14.61,14.63,123566
2023-05-25 21:00:00,14.63,14.7,14.62,14.65,139897
2023-05-25 21:30:00,14.65,14.66,14.56,14.61,256970
2023-05-25 22:00:00,14.61,14.73,14.6,14.73,289275
2023-05-25 22:30:00,14.73,14.75,14.66,14.7,1030632
2023-05-25 23:00:00,14.7,14.7,14.69,14.7,807429
2023-05-26 16:30:00,14.79,14.84,14.65,14.67,130995
2023-05-26 17:00:00,14.66,14.88,14.66,14.88,108102
2023-05-26 17:30:00,14.88,14.96,14.84,14.86,201615
2023-05-26 18:00:00,14.86,14.9,14.8,14.83,255223
2023-05-26 18:30:00,14.82,14.86,14.79,14.83,98919
2023-05-26 19:00:00,14.83,14.94,14.82,14.9,97870
2023-05-26 19:30:00,14.9,14.91,14.85,14.86,88952
2023-05-26 20:00:00,14.87,14.9,14.84,14.9,100596
2023-05-26 20:30:00,14.9,14.94,14.88,14.9,144211
2023-05-26 21:00:00,14.9,14.92,14.86,14.92,124575
2023-05-26 21:30:00,14.92,14.95,14.88,14.88,121463
2023-05-26 22:00:00,14.88,14.91,14.85,14.86,155153
2023-05-26 22:30:00,14.85,14.92,14.83,14.88,479579
2023-05-26 23:00:00,14.89,14.89,14.88,14.89,388430
2023-05-30 16:30:00,14.91,14.97,14.77,14.85,161517
2023-05-30 17:00:00,14.86,14.9,14.72,14.75,157266
2023-05-30 17:30:00,14.74,14.8,14.69,14.72,161688
2023-05-30 18:00:00,14.72,14.77,14.6,14.64,134888
2023-05-30 18:30:00,14.63,14.7,14.61,14.66,165700
2023-05-30 19:00:00,14.67,14.73,14.64,14.7,177726
2023-05-30 19:30:00,14.7,14.72,14.65,14.71,145928
2023-05-30 20:00:00,14.72,14.79,14.69,14.76,168606
2023-05-30 20:30:00,14.75,14.77,14.7,14.72,148897
2023-05-30 21:00:00,14.73,14.8,14.71,14.78,155737
2023-05-30 21:30:00,14.78,14.81,14.77,14.77,118472
2023-05-30 22:00:00,14.77,14.87,14.76,14.87,182173
2023-05-30 22:30:00,14.87,14.9,14.81,14.83,598877
2023-05-30 23:00:00,14.82,14.83,14.82,14.82,365911
2023-05-31 16:30:00,14.68,14.74,14.46,14.52,155202
2023-05-31 17:00:00,14.52,14.52,14.24,14.26,541891
2023-05-31 17:30:00,14.26,14.27,14.11,14.17,414208
2023-05-31 18:00:00,14.17,14.23,14.16,14.17,125355
2023-05-31 18:30:00,14.16,14.21,14.15,14.19,150393
2023-05-31 19:00:00,14.2,14.38,14.2,14.37,330293
2023-05-31 19:30:00,14.37,14.49,14.37,14.44,534727
2023-05-31 20:00:00,14.44,14.47,14.42,14.47,248038
2023-05-31 20:30:00,14.47,14.5,14.43,14.5,285114
2023-05-31 21:00:00,14.5,14.51,14.46,14.5,185594
2023-05-31 21:30:00,14.5,14.54,14.44,14.47,254922
2023-05-31 22:00:00,14.47,14.49,14.43,14.44,294213
2023-05-31 22:30:00,14.44,14.48,14.37,14.41,1307914
2023-05-31 23:00:00,14.41,14.41,14.38,14.38,3873823
2023-06-01 16:30:00,14.47,14.65,14.46,14.57,580606
2023-06-01 17:00:00,14.57,14.7,14.54,14.68,913440
2023-06-01 17:30:00,14.69,14.73,14.63,14.69,336616
2023-06-01 18:00:00,14.69,14.72,14.63,14.71,316151
2023-06-01 18:30:00,14.72,14.8,14.7,14.71,264910
2023-06-01 19:00:00,14.7,14.79,14.69,14.78,177753
2023-06-01 19:30:00,14.78,14.79,14.73,14.74,210901
2023-06-01 20:00:00,14.74,14.76,14.7,14.71,276343
2023-06-01 20:30:00,14.71,14.73,14.67,14.73,238692
2023-06-01 21:00:00,14.73,14.8,14.72,14.8,148066
2023-06-01 21:30:00,14.8,14.8,14.72,14.8,244808
2023-06-01 22:00:00,14.8,14.89,14.8,14.82,377194
2023-06-01 22:30:00,14.82,14.86,14.71,14.75,1481975
2023-06-01 23:00:00,14.75,14.76,14.74,14.74,1527834
2023-06-02 16:30:00,15.02,15.28,14.99,15.18,502539
2023-06-02 17:00:00,15.19,15.24,15.12,15.19,483340
2023-06-02 17:30:00,15.19,15.25,15.11,15.24,449323
2023-06-02 18:00:00,15.25,15.37,15.25,15.37,297779
2023-06-02 18:30:00,15.37,15.38,15.25,15.3,380395
2023-06-02 19:00:00,15.3,15.32,15.23,15.25,334728
2023-06-02 19:30:00,15.26,15.35,15.23,15.33,368771
2023-06-02 20:00:00,15.33,15.38,15.31,15.36,187945
2023-06-02 20:30:00,15.37,15.37,15.29,15.31,214534
2023-06-02 21:00:00,15.3,15.31,15.24,15.25,299078
2023-06-02 21:30:00,15.26,15.3,15.23,15.26,241845
2023-06-02 22:00:00,15.26,15.31,15.25,15.28,333221
2023-06-02 22:30:00,15.29,15.34,15.24,15.25,766417
2023-06-02 23:00:00,15.25,15.26,15.25,15.26,841261
2023-06-05 16:30:00,15.35,15.51,15.3,15.36,456001
2023-06-05 17:00:00,15.36,15.46,15.19,15.43,707708
2023-06-05 17:30:00,15.43,15.55,15.41,15.44,468465
2023-06-05 18:00:00,15.44,15.5,15.36,15.37,363571
2023-06-05 18:30:00,15.37,15.41,15.35,15.39,201120
2023-06-05 19:00:00,15.39,15.53,15.38,15.53,211939
2023-06-05 19:30:00,15.53,15.62,15.52,15.6,343425
2023-06-05 20:00:00,15.61,15.62,15.5,15.54,290520
2023-06-05 20:30:00,15.53,15.54,15.43,15.52,282267
2023-06-05 21:00:00,15.52,15.52,15.43,15.44,211659
2023-06-05 21:30:00,15.44,15.44,15.37,15.41,321751
2023-06-05 22:00:00,15.41,15.46,15.36,15.43,488055
2023-06-05 22:30:00,15.43,15.48,15.37,15.39,759844
2023-06-05 23:00:00,15.39,15.39,15.39,15.39,864602
2023-06-06 16:30:00,15.29,15.58,15.27,15.56,285680
2023-06-06 17:00:00,15.56,15.73,15.56,15.65,304291
2023-06-06 17:30:00,15.66,15.79,15.59,15.79,398627
2023-06-06 18:00:00,15.79,15.87,15.75,15.83,332417
2023-06-06 18:30:00,15.83,15.94,15.83,15.88,376631
2023-06-06 19:00:00,15.88,15.9,15.8,15.8,190952
2023-06-06 19:30:00,15.81,15.87,15.78,15.79,256164
2023-06-06 20:00:00,15.79,15.8,15.7,15.74,367453
2023-06-06 20:30:00,15.74,15.77,15.72,15.75,217121
2023-06-06 21:00:00,15.75,15.8,15.71,15.8,256984
2023-06-06 21:30:00,15.8,15.8,15.74,15.77,257417
2023-06-06 22:00:00,15.77,15.87,15.77,15.87,451419
2023-06-06 22:30:00,15.87,15.9,15.78,15.79,1288863
2023-06-06 23:00:00,15.8,15.8,15.79,15.79,456077
2023-06-07 16:30:00,15.9,15.95,15.83,15.87,506049
2023-06-07 17:00:00,15.87,16.03,15.87,15.98,488648
2023-06-07 17:30:00,15.98,16.02,15.84,15.92,640427
2023-06-07 18:00:00,15.92,15.98,15.9,15.97,266498
2023-06-07 18:30:00,15.97,16.01,15.84,15.86,307583
2023-06-07 19:00:00,15.86,15.94,15.86,15.92,166764
2023-06-07 19:30:00,15.91,15.97,15.91,15.95,260174
2023-06-07 20:00:00,15.95,15.95,15.9,15.92,188650
2023-06-07 20:30:00,15.91,15.93,15.86,15.93,195790
2023-06-07 21:00:00,15.93,15.96,15.91,15.93,206530
2023-06-07 21:30:00,15.94,15.96,15.89,15.93,204536
2023-06-07 22:00:00,15.94,15.97,15.93,15.95,319695
2023-06-07 22:30:00,15.95,15.98,15.91,15.95,963239
2023-06-07 23:00:00,15.95,15.95,15.93,15.94,1178853
2023-06-08 16:30:00,15.97,15.97,15.74,15.82,286684
2023-06-08 17:00:00,15.83,15.86,15.71,15.74,376900
2023-06-08 17:30:00,15.74,15.76,15.7,15.73,288905
2023-06-08 18:00:00,15.72,15.81,15.69,15.8,226959
2023-06-08 18:30:00,15.8,15.81,15.76,15.79,143163
2023-06-08 19:00:00,15.79,15.88,15.79,15.88,246041
2023-06-08 19:30:00,15.89,15.92,15.86,15.92,124450
2023-06-08 20:00:00,15.92,15.95,15.88,15.91,238015
2023-06-08 20:30:00,15.9,15.93,15.88,15.9,330724
2023-06-08 21:00:00,15.91,15.97,15.9,15.97,173668
2023-06-08 21:30:00,15.97,16.03,15.96,16.0,371498
2023-06-08 22:00:00,16.0,16.16,16.0,16.14,596051
2023-06-08 22:30:00,16.13,16.13,16.06,16.06,903548
2023-06-08 23:00:00,16.07,16.07,16.06,16.07,1524480
2023-06-09 16:30:00,16.09,16.09,15.92,15.96,231347
2023-06-09 17:00:00,15.96,16.19,15.96,16.19,357383
2023-06-09 17:30:00,16.19,16.27,16.13,16.23,1018158
2023-06-09 18:00:00,16.23,16.26,15.99,16.04,600681
2023-06-09 18:30:00,16.04,16.09,15.99,16.03,307231
2023-06-09 19:00:00,16.03,16.07,15.99,16.07,174513
2023-06-09 19:30:00,16.07,16.12,16.07,16.11,157176
2023-06-09 20:00:00,16.12,16.13,16.08,16.12,129395
2023-06-09 20:30:00,16.12,16.14,16.1,16.14,161206
2023-06-09 21:00:00,16.14,16.2,16.13,16.16,204487
2023-06-09 21:30:00,16.16,16.17,16.13,16.16,135222
2023-06-09 22:00:00,16.16,16.17,16.1,16.14,404458
2023-06-09 22:30:00,16.14,16.18,16.08,16.15,915441
2023-06-09 23:00:00,16.15,16.15,16.14,16.14,944704
2023-06-12 16:30:00,16.09,16.34,16.01,16.33,340036
2023-06-12 17:00:00,16.33,16.33,16.19,16.27,346614
2023-06-12 17:30:00,16.27,16.32,16.21,16.31,277161
2023-06-12 18:00:00,16.32,16.38,16.24,16.25,304586
2023-06-12 18:30:00,16.25,16.25,16.15,16.21,202863
2023-06-12 19:00:00,16.21,16.21,16.11,16.12,398872
2023-06-12 19:30:00,16.11,16.15,16.04,16.1,618422
2023-06-12 20:00:00,16.1,16.11,15.96,15.96,412685
2023-06-12 20:30:00,15.96,16.04,15.89,15.96,389297
2023-06-12 21:00:00,15.97,15.98,15.89,15.93,282282
2023-06-12 21:30:00,15.92,16.0,15.91,15.97,335597
2023-06-12 22:00:00,15.97,16.05,15.97,16.0,330280
2023-06-12 22:30:00,16.0,16.01,15.96,15.97,762483
2023-06-12 23:00:00,15.97,15.97,15.96,15.96,740491
2023-06-13 16:30:00,15.98,16.4,15.9,16.34,615356
2023-06-13 17:00:00,16.34,16.6,16.34,16.6,447131
2023-06-13 17:30:00,16.6,16.61,16.47,16.48,370937
2023-06-13 18:00:00,16.48,16.54,16.4,16.45,329136
2023-06-13 18:30:00,16.45,16.47,16.38,16.41,170834
2023-06-13 19:00:00,16.4,16.44,16.37,16.44,248012
2023-06-13 19:30:00,16.43,16.49,16.43,16.46,128494
2023-06-13 20:00:00,16.46,16.5,16.45,16.5,164183
2023-06-13 20:30:00,16.5,16.51,16.43,16.46,183911
2023-06-13 21:00:00,16.45,16.52,16.45,16.47,185016
2023-06-13 21:30:00,16.47,16.48,16.39,16.41,336509
2023-06-13 22:00:00,16.42,16.5,16.41,16.49,426092
2023-06-13 22:30:00,16.49,16.51,16.46,16.5,742648
2023-06-13 23:00:00,16.5,16.51,16.5,16.5,1295470
2023-06-14 16:30:00,16.59,16.79,16.53,16.69,278321
2023-06-14 17:00:00,16.69,16.79,16.62,16.64,278318
2023-06-14 17:30:00,16.64,16.75,16.63,16.74,117526
2023-06-14 18:00:00,16.75,16.87,16.75,16.8,267089
2023-06-14 18:30:00,16.8,16.85,16.79,16.83,241452
2023-06-14 19:00:00,16.83,16.85,16.76,16.85,190277
2023-06-14 19:30:00,16.85,16.87,16.83,16.87,174164
2023-06-14 20:00:00,16.87,16.88,16.75,16.77,191114
2023-06-14 20:30:00,16.77,16.79,16.65,16.65,305298
2023-06-14 21:00:00,16.65,16.65,16.43,16.47,503290
2023-06-14 21:30:00,16.47,16.62,16.44,16.59,279949
2023-06-14 22:00:00,16.58,16.69,16.58,16.66,401978
2023-06-14 22:30:00,16.66,16.67,16.52,16.56,761735
2023-06-14 23:00:00,16.56,16.57,16.56,16.56,1171894
2023-06-15 16:30:00,16.43,16.7,16.39,16.67,164563
2023-06-15 17:00:00,16.69,16.75,16.63,16.63,344722
2023-06-15 17:30:00,16.63,16.65,16.5,16.59,181604
2023-06-15 18:00:00,16.59,16.69,16.58,16.69,267717
2023-06-15 18:30:00,16.68,16.69,16.62,16.67,92307
2023-06-15 19:00:00,16.67,16.7,16.66,16.69,84256
2023-06-15 19:30:00,16.69,16.71,16.64,16.68,105644
2023-06-15 20:00:00,16.68,16.68,16.65,16.68,114055
2023-06-15 20:30:00,16.68,16.72,16.65,16.71,145144
2023-06-15 21:00:00,16.71,16.8,16.69,16.79,256451
2023-06-15 21:30:00,16.8,16.85,16.77,16.84,146999
2023-06-15 22:00:00,16.83,16.92,16.82,16.88,285477
2023-06-15 22:30:00,16.88,16.96,16.84,16.9,1081658
2023-06-15 23:00:00,16.9,16.92,16.9,16.9,695484
2023-06-16 16:30:00,16.97,17.08,16.86,16.87,764970
2023-06-16 17:00:00,16.87,16.96,16.84,16.96,275862
2023-06-16 17:30:00,16.97,16.99,16.88,16.91,128153
2023-06-16 18:00:00,16.91,16.94,16.85,16.91,205069
2023-06-16 18:30:00,16.91,16.96,16.88,16.96,157992
2023-06-16 19:00:00,16.96,17.0,16.94,17.0,117878
2023-06-16 19:30:00,17.0,17.04,16.99,17.01,128697
2023-06-16 20:00:00,17.01,17.01,16.87,16.87,122640
2023-06-16 20:30:00,16.87,16.9,16.83,16.88,162147
2023-06-16 21:00:00,16.88,16.88,16.83,16.84,153192
2023-06-16 21:30:00,16.84,16.87,16.78,16.78,195551
2023-06-16 22:00:00,16.79,16.85,16.77,16.84,179288
2023-06-16 22:30:00,16.84,16.9,16.78,16.79,979170
2023-06-16 23:00:00,16.8,16.8,16.78,16.78,5772585
2023-06-20 16:30:00,16.68,16.71,16.54,16.64,248735
2023-06-20 17:00:00,16.63,16.65,16.43,16.47,229911
2023-06-20 17:30:00,16.47,16.56,16.43,16.55,226932
2023-06-20 18:00:00,16.55,16.57,16.45,16.45,90357
2023-06-20 18:30:00,16.45,16.56,16.44,16.56,121463
2023-06-20 19:00:00,16.56,16.56,16.45,16.49,139058
2023-06-20 19:30:00,16.49,16.55,16.47,16.51,154108
2023-06-20 20:00:00,16.52,16.55,16.5,16.55,82328
2023-06-20 20:30:00,16.55,16.55,16.5,16.5,78792
2023-06-20 21:00:00,16.5,16.53,16.49,16.51,99364
2023-06-20 21:30:00,16.51,16.52,16.46,16.51,102626
2023-06-20 22:00:00,16.5,16.55,16.5,16.52,167242
2023-06-20 22:30:00,16.52,16.55,16.48,16.53,742198
2023-06-20 23:00:00,16.53,16.54,16.53,16.54,523206
2023-06-21 16:30:00,16.58,16.64,16.47,16.57,258289
2023-06-21 17:00:00,16.59,16.64,16.54,16.57,249719
2023-06-21 17:30:00,16.57,16.62,16.48,16.58,105893
2023-06-21 18:00:00,16.59,16.61,16.51,16.59,155424
2023-06-21 18:30:00,16.59,16.62,16.56,16.57,362120
2023-06-21 19:00:00,16.57,16.6,16.53,16.56,138652
2023-06-21 19:30:00,16.56,16.6,16.48,16.49,117599
2023-06-21 20:00:00,16.48,16.49,16.43,16.47,104247
2023-06-21 20:30:00,16.47,16.54,16.45,16.53,105735
2023-06-21 21:00:00,16.53,16.55,16.48,16.55,129475
2023-06-21 21:30:00,16.54,16.61,16.53,16.6,194568
2023-06-21 22:00:00,16.59,16.6,16.51,16.53,124796
2023-06-21 22:30:00,16.53,16.56,16.49,16.51,522752
2023-06-21 23:00:00,16.51,16.52,16.51,16.51,766623
2023-06-22 16:30:00,16.4,16.46,16.18,16.29,272116
2023-06-22 17:00:00,16.28,16.36,16.21,16.33,245240
2023-06-22 17:30:00,16.33,16.36,16.24,16.25,165081
2023-06-22 18:00:00,16.25,16.28,16.14,16.22,101211
2023-06-22 18:30:00,16.22,16.25,16.18,16.21,82732
2023-06-22 19:00:00,16.21,16.21,16.12,16.14,159724
2023-06-22 19:30:00,16.14,16.21,16.14,16.18,70944
2023-06-22 20:00:00,16.18,16.22,16.15,16.2,66011
2023-06-22 20:30:00,16.21,16.22,16.19,16.22,40889
2023-06-22 21:00:00,16.22,16.24,16.18,16.19,94132
2023-06-22 21:30:00,16.19,16.24,16.18,16.21,123187
2023-06-22 22:00:00,16.22,16.23,16.14,16.14,132833
2023-06-22 22:30:00,16.15,16.19,16.11,16.18,755737
2023-06-22 23:00:00,16.18,16.18,16.17,16.18,329091
2023-06-23 16:30:00,15.95,15.97,15.84,15.89,221257
2023-06-23 17:00:00,15.9,15.96,15.81,15.82,188877
2023-06-23 17:30:00,15.83,15.93,15.79,15.85,187568
2023-06-23 18:00:00,15.85,15.89,15.78,15.82,159232
2023-06-23 18:30:00,15.81,15.88,15.8,15.84,187898
2023-06-23 19:00:00,15.84,15.91,15.83,15.9,120638
2023-06-23 19:30:00,15.9,15.97,15.9,15.96,147091
2023-06-23 20:00:00,15.96,16.0,15.94,16.0,69779
2023-06-23 20:30:00,16.0,16.11,16.0,16.11,415037
2023-06-23 21:00:00,16.11,16.11,16.04,16.06,259565
2023-06-23 21:30:00,16.06,16.06,15.98,15.98,190156
2023-06-23 22:00:00,15.98,15.99,15.94,15.94,177640
2023-06-23 22:30:00,15.95,16.04,15.94,16.01,702260
2023-06-23 23:00:00,16.02,16.02,16.01,16.01,1697084
2023-06-26 16:30:00,16.03,16.16,16.01,16.13,272576
2023-06-26 17:00:00,16.12,16.16,16.06,16.07,239348
2023-06-26 17:30:00,16.08,16.1,16.04,16.1,198213
2023-06-26 18:00:00,16.1,16.13,16.06,16.12,145777
2023-06-26 18:30:00,16.12,16.17,16.1,16.15,123117
2023-06-26 19:00:00,16.15,16.15,16.08,16.11,181014
2023-06-26 19:30:00,16.11,16.14,16.06,16.14,213958
2023-06-26 20:00:00,16.14,16.16,16.09,16.1,113181
2023-06-26 20:30:00,16.1,16.12,16.07,16.08,184791
2023-06-26 21:00:00,16.09,16.09,16.05,16.09,245102
2023-06-26 21:30:00,16.09,16.13,16.08,16.11,99441
2023-06-26 22:00:00,16.11,16.22,16.11,16.2,376957
2023-06-26 22:30:00,16.2,16.23,16.12,16.14,1049170
2023-06-26 23:00:00,16.14,16.14,16.13,16.13,1345386
2023-06-27 16:30:00,16.13,16.14,16.02,16.11,100332
2023-06-27 17:00:00,16.12,16.27,16.11,16.26,97309
2023-06-27 17:30:00,16.26,16.45,16.26,16.45,128892
2023-06-27 18:00:00,16.45,16.47,16.38,16.39,153439
2023-06-27 18:30:00,16.39,16.4,16.34,16.38,72351
2023-06-27 19:00:00,16.38,16.43,16.38,16.42,34221
2023-06-27 19:30:00,16.42,16.47,16.41,16.46,55974
2023-06-27 20:00:00,16.46,16.51,16.41,16.47,149037
2023-06-27 20:30:00,16.46,16.53,16.46,16.52,176675
2023-06-27 21:00:00,16.52,16.52,16.46,16.48,79189
2023-06-27 21:30:00,16.48,16.48,16.42,16.43,117970
2023-06-27 22:00:00,16.43,16.53,16.43,16.53,79972
2023-06-27 22:30:00,16.53,16.55,16.49,16.51,526029
2023-06-27 23:00:00,16.51,16.51,16.5,16.5,664864
2023-06-28 16:30:00,16.52,16.52,16.33,16.48,423609
2023-06-28 17:00:00,16.47,16.49,16.4,16.43,75792
2023-06-28 17:30:00,16.44,16.49,16.4,16.4,160169
2023-06-28 18:00:00,16.4,16.42,16.33,16.38,134765
2023-06-28 18:30:00,16.37,16.41,16.37,16.4,61880
2023-06-28 19:00:00,16.39,16.49,16.39,16.42,94929
2023-06-28 19:30:00,16.43,16.46,16.34,16.39,77132
2023-06-28 20:00:00,16.39,16.42,16.37,16.42,107569
2023-06-28 20:30:00,16.42,16.42,16.35,16.37,94693
2023-06-28 21:00:00,16.38,16.46,16.36,16.45,170974
2023-06-28 21:30:00,16.45,16.49,16.44,16.49,124524
2023-06-28 22:00:00,16.49,16.51,16.44,16.48,158748
2023-06-28 22:30:00,16.48,16.58,16.47,16.57,616862
2023-06-28 23:00:00,16.56,16.57,16.56,16.56,672100
2023-06-29 16:30:00,16.53,16.72,16.53,16.68,151933
2023-06-29 17:00:00,16.67,16.71,16.58,16.61,139210
2023-06-29 17:30:00,16.62,16.65,16.56,16.57,291486
2023-06-29 18:00:00,16.57,16.66,16.54,16.66,249880
2023-06-29 18:30:00,16.66,16.72,16.63,16.69,157186
2023-06-29 19:00:00,16.69,16.78,16.69,16.77,64618
2023-06-29 19:30:00,16.78,16.78,16.72,16.72,48414
2023-06-29 20:00:00,16.71,16.75,16.68,16.74,61491
2023-06-29 20:30:00,16.75,16.81,16.73,16.76,172330
2023-06-29 21:00:00,16.76,16.76,16.67,16.73,85900
2023-06-29 21:30:00,16.73,16.74,16.69,16.72,90155
2023-06-29 22:00:00,16.73,16.75,16.71,16.71,157707
2023-06-29 22:30:00,16.71,16.78,16.68,16.78,566501
2023-06-29 23:00:00,16.78,16.78,16.75,16.75,985696
2023-06-30 16:30:00,16.96,17.0,16.76,16.85,158845
2023-06-30 17:00:00,16.86,16.9,16.8,16.85,68045
2023-06-30 17:30:00,16.86,16.87,16.72,16.75,90217
2023-06-30 18:00:00,16.76,16.79,16.74,16.77,74799
2023-06-30 18:30:00,16.77,16.8,16.74,16.76,58739
2023-06-30 19:00:00,16.76,16.78,16.74,16.78,52543
2023-06-30 19:30:00,16.78,16.79,16.75,16.77,50319
2023-06-30 20:00:00,16.77,16.82,16.76,16.81,60238
2023-06-30 20:30:00,16.81,16.85,16.8,16.83,80250
2023-06-30 21:00:00,16.83,16.84,16.8,16.83,87717
2023-06-30 21:30:00,16.82,16.84,16.79,16.8,89734
2023-06-30 22:00:00,16.8,16.84,16.78,16.84,154502
2023-06-30 22:30:00,16.83,16.85,16.79,16.81,464955
2023-06-30 23:00:00,16.82,16.82,16.8,16.81,1214811
2023-07-03 16:30:00,16.81,17.1,16.81,16.95,167020
2023-07-03 17:00:00,16.95,17.02,16.93,16.98,87376
2023-07-03 17:30:00,16.99,17.01,16.95,16.98,84642
2023-07-03 18:00:00,16.99,17.08,16.99,17.04,81804
2023-07-03 18:30:00,17.04,17.21,17.04,17.21,217662
2023-07-03 19:00:00,17.21,17.24,17.15,17.18,168724
2023-07-03 19:30:00,17.17,17.18,17.11,17.12,318739
2023-07-03 20:00:00,17.12,17.13,17.12,17.13,340601
2023-07-05 16:30:00,16.92,16.94,16.78,16.88,137900
2023-07-05 17:00:00,16.88,16.92,16.85,16.88,113013
2023-07-05 17:30:00,16.88,17.01,16.88,17.01,86622
2023-07-05 18:00:00,17.01,17.08,16.99,17.08,65901
2023-07-05 18:30:00,17.08,17.13,17.03,17.07,86181
2023-07-05 19:00:00,17.07,17.1,17.02,17.07,70860
2023-07-05 19:30:00,17.07,17.08,16.99,17.04,76025
2023-07-05 20:00:00,17.04,17.04,16.99,17.01,63743
2023-07-05 20:30:00,17.01,17.04,16.99,17.03,99477
2023-07-05 21:00:00,17.03,17.04,16.94,16.96,109759
2023-07-05 21:30:00,16.96,16.98,16.95,16.98,61853
2023-07-05 22:00:00,16.98,16.99,16.96,16.98,74372
2023-07-05 22:30:00,16.98,16.98,16.87,16.87,450042
2023-07-05 23:00:00,16.87,16.88,16.87,16.88,791434
2023-07-06 16:30:00,16.64,16.67,16.46,16.51,211248
2023-07-06 17:00:00,16.5,16.51,16.37,16.37,270790
2023-07-06 17:30:00,16.37,16.39,16.33,16.35,139802
2023-07-06 18:00:00,16.36,16.38,16.3,16.35,126888
2023-07-06 18:30:00,16.35,16.44,16.35,16.43,102671
2023-07-06 19:00:00,16.43,16.44,16.35,16.35,113453
2023-07-06 19:30:00,16.35,16.44,16.35,16.43,121208
2023-07-06 20:00:00,16.43,16.46,16.41,16.42,68818
2023-07-06 20:30:00,16.42,16.5,16.42,16.49,103247
2023-07-06 21:00:00,16.49,16.5,16.46,16.49,101473
2023-07-06 21:30:00,16.49,16.57,16.49,16.57,95164
2023-07-06 22:00:00,16.57,16.58,16.5,16.53,216203
2023-07-06 22:30:00,16.54,16.69,16.52,16.63,887851
2023-07-06 23:00:00,16.63,16.64,16.63,16.63,597238
2023-07-07 16:30:00,16.66,16.92,16.66,16.83,130151
2023-07-07 17:00:00,16.84,16.86,16.77,16.85,122548
2023-07-07 17:30:00,16.84,16.85,16.78,16.84,114755
2023-07-07 18:00:00,16.85,16.93,16.85,16.92,194872
2023-07-07 18:30:00,16.92,16.98,16.89,16.92,112581
2023-07-07 19:00:00,16.92,16.95,16.9,16.95,81542
2023-07-07 19:30:00,16.94,17.1,16.94,17.1,136454
2023-07-07 20:00:00,17.1,17.14,17.09,17.14,111335
2023-07-07 20:30:00,17.14,17.14,17.04,17.05,240581
2023-07-07 21:00:00,17.06,17.1,17.03,17.08,256685
2023-07-07 21:30:00,17.07,17.09,17.03,17.05,164894
2023-07-07 22:00:00,17.05,17.07,17.02,17.05,262797
2023-07-07 22:30:00,17.05,17.06,16.89,16.92,711075
2023-07-07 23:00:00,16.92,16.92,16.91,16.92,2081522
2023-07-10 16:30:00,16.85,17.43,16.77,17.42,468673
2023-07-10 17:00:00,17.41,17.55,17.4,17.47,531840
2023-07-10 17:30:00,17.47,17.52,17.39,17.45,245991
2023-07-10 18:00:00,17.45,17.46,17.35,17.37,177570
2023-07-10 18:30:00,17.37,17.4,17.3,17.4,172898
2023-07-10 19:00:00,17.4,17.4,17.32,17.35,163839
2023-07-10 19:30:00,17.35,17.37,17.31,17.36,105962
2023-07-10 20:00:00,17.36,17.43,17.34,17.41,175640
2023-07-10 20:30:00,17.41,17.42,17.39,17.4,113527
2023-07-10 21:00:00,17.41,17.42,17.37,17.41,90444
2023-07-10 21:30:00,17.4,17.41,17.37,17.39,94376
2023-07-10 22:00:00,17.39,17.39,17.34,17.36,167866
2023-07-10 22:30:00,17.36,17.38,17.32,17.38,631324
2023-07-10 23:00:00,17.38,17.38,17.37,17.37,840003
2023-07-11 16:30:00,17.46,17.55,17.34,17.42,218138
2023-07-11 17:00:00,17.42,17.52,17.36,17.48,180391
2023-07-11 17:30:00,17.48,17.49,17.38,17.4,217524
2023-07-11 18:00:00,17.4,17.41,17.35,17.39,199129
2023-07-11 18:30:00,17.39,17.44,17.37,17.4,136200
2023-07-11 19:00:00,17.4,17.52,17.39,17.49,107769
2023-07-11 19:30:00,17.49,17.49,17.43,17.46,123784
2023-07-11 20:00:00,17.46,17.49,17.44,17.48,103389
2023-07-11 20:30:00,17.47,17.5,17.45,17.49,106648
2023-07-11 21:00:00,17.49,17.52,17.45,17.51,132382
2023-07-11 21:30:00,17.52,17.52,17.48,17.51,114286
2023-07-11 22:00:00,17.51,17.52,17.48,17.51,154606
2023-07-11 22:30:00,17.5,17.59,17.47,17.56,617330
2023-07-11 23:00:00,17.56,17.57,17.56,17.56,315462
2023-07-12 16:30:00,17.9,18.2,17.87,18.1,651565
2023-07-12 17:00:00,18.1,18.24,18.07,18.24,348046
2023-07-12 17:30:00,18.25,18.43,18.23,18.43,412519
2023-07-12 18:00:00,18.43,18.44,18.34,18.4,286750
2023-07-12 18:30:00,18.39,18.43,18.28,18.29,281513
2023-07-12 19:00:00,18.29,18.34,18.25,18.26,272107
2023-07-12 19:30:00,18.25,18.31,18.24,18.26,164473
2023-07-12 20:00:00,18.27,18.35,18.26,18.29,227857
2023-07-12 20:30:00,18.3,18.37,18.29,18.37,220314
2023-07-12 21:00:00,18.37,18.43,18.34,18.43,280895
2023-07-12 21:30:00,18.43,18.45,18.4,18.41,213454
2023-07-12 22:00:00,18.4,18.44,18.34,18.35,463395
2023-07-12 22:30:00,18.35,18.48,18.34,18.4,1063066
2023-07-12 23:00:00,18.4,18.41,18.39,18.4,585098
2023-07-13 16:30:00,18.46,18.58,18.33,18.57,416459
2023-07-13 17:00:00,18.58,18.71,18.5,18.71,293062
2023-07-13 17:30:00,18.7,18.71,18.52,18.53,187723
2023-07-13 18:00:00,18.53,18.56,18.47,18.5,185213
2023-07-13 18:30:00,18.49,18.54,18.48,18.51,176222
2023-07-13 19:00:00,18.52,18.52,18.45,18.48,138484
2023-07-13 19:30:00,18.48,18.5,18.39,18.43,271242
2023-07-13 20:00:00,18.43,18.44,18.36,18.36,218581
2023-07-13 20:30:00,18.37,18.39,18.33,18.37,204725
2023-07-13 21:00:00,18.36,18.38,18.29,18.32,278532
2023-07-13 21:30:00,18.32,18.34,18.29,18.33,244874
2023-07-13 22:00:00,18.33,18.37,18.29,18.37,260628
2023-07-13 22:30:00,18.37,18.44,18.36,18.37,874448
2023-07-13 23:00:00,18.36,18.37,18.32,18.33,758856
2023-07-14 16:30:00,18.39,18.39,18.02,18.03,436672
2023-07-14 17:00:00,18.02,18.02,17.9,17.94,571947
2023-07-14 17:30:00,17.93,17.94,17.77,17.79,737481
2023-07-14 18:00:00,17.8,17.83,17.73,17.81,367109
2023-07-14 18:30:00,17.82,17.89,17.8,17.89,290535
2023-07-14 19:00:00,17.89,17.89,17.8,17.83,292170
2023-07-14 19:30:00,17.82,17.84,17.72,17.79,280864
2023-07-14 20:00:00,17.79,17.81,17.74,17.75,232390
2023-07-14 20:30:00,17.76,17.8,17.72,17.76,214948
2023-07-14 21:00:00,17.77,17.85,17.76,17.85,203037
2023-07-14 21:30:00,17.84,17.86,17.78,17.78,162968
2023-07-14 22:00:00,17.78,17.81,17.72,17.74,271879
2023-07-14 22:30:00,17.74,17.79,17.7,17.73,1273891
2023-07-14 23:00:00,17.73,17.74,17.72,17.73,874115
2023-07-17 16:30:00,17.68,17.73,17.59,17.63,328136
2023-07-17 17:00:00,17.64,17.68,17.55,17.58,624895
2023-07-17 17:30:00,17.58,17.71,17.52,17.69,207958
2023-07-17 18:00:00,17.68,17.75,17.68,17.73,102992
2023-07-17 18:30:00,17.72,17.78,17.7,17.74,97063
2023-07-17 19:00:00,17.74,17.76,17.72,17.76,83775
2023-07-17 19:30:00,17.75,17.8,17.74,17.78,64268
2023-07-17 20:00:00,17.78,17.79,17.75,17.79,58392
2023-07-17 20:30:00,17.79,17.82,17.71,17.71,99529
2023-07-17 21:00:00,17.72,17.72,17.64,17.69,252886
2023-07-17 21:30:00,17.68,17.68,17.62,17.65,222201
2023-07-17 22:00:00,17.64,17.68,17.62,17.63,183556
2023-07-17 22:30:00,17.63,17.67,17.59,17.61,750107
2023-07-17 23:00:00,17.61,17.61,17.6,17.6,1006906
2023-07-18 16:30:00,17.71,17.88,17.63,17.87,214396
2023-07-18 17:00:00,17.88,17.92,17.81,17.82,295727
2023-07-18 17:30:00,17.82,17.82,17.76,17.81,131408
2023-07-18 18:00:00,17.81,17.94,17.81,17.94,94004
2023-07-18 18:30:00,17.94,17.94,17.84,17.88,126161
2023-07-18 19:00:00,17.89,17.89,17.81,17.84,107419
2023-07-18 19:30:00,17.84,17.84,17.79,17.81,106062
2023-07-18 20:00:00,17.82,17.84,17.8,17.8,80359
2023-07-18 20:30:00,17.8,17.81,17.77,17.79,164869
2023-07-18 21:00:00,17.8,17.84,17.79,17.83,93100
2023-07-18 21:30:00,17.82,17.85,17.81,17.82,103391
2023-07-18 22:00:00,17.83,17.91,17.82,17.91,155861
2023-07-18 22:30:00,17.91,17.91,17.85,17.88,548525
2023-07-18 23:00:00,17.89,17.9,17.88,17.89,982462
2023-07-19 16:30:00,17.92,17.98,17.78,17.95,227168
2023-07-19 17:00:00,17.96,18.05,17.95,18.0,138359
2023-07-19 17:30:00,18.0,18.02,17.87,17.91,232832
2023-07-19 18:00:00,17.91,17.93,17.84,17.85,130319
2023-07-19 18:30:00,17.86,17.92,17.85,17.9,150020
2023-07-19 19:00:00,17.9,17.95,17.87,17.89,247192
2023-07-19 19:30:00,17.89,17.94,17.85,17.94,99536
2023-07-19 20:00:00,17.94,18.02,17.93,18.0,100686
2023-07-19 20:30:00,18.0,18.01,17.96,18.01,98594
2023-07-19 21:00:00,18.01,18.03,17.96,17.99,208717
2023-07-19 21:30:00,17.99,18.13,17.99,18.11,212405
2023-07-19 22:00:00,18.11,18.15,18.08,18.13,101907
2023-07-19 22:30:00,18.14,18.14,18.03,18.05,395749
2023-07-19 23:00:00,18.06,18.06,18.04,18.04,746043
2023-07-20 16:30:00,17.96,18.0,17.82,17.89,141301
2023-07-20 17:00:00,17.89,17.9,17.72,17.79,253552
2023-07-20 17:30:00,17.8,17.81,17.72,17.76,142938
2023-07-20 18:00:00,17.76,17.82,17.76,17.79,91382
2023-07-20 18:30:00,17.8,17.85,17.75,17.85,145358
2023-07-20 19:00:00,17.85,17.94,17.85,17.92,175442
2023-07-20 19:30:00,17.92,17.92,17.85,17.87,93299
2023-07-20 20:00:00,17.87,17.89,17.85,17.88,61200
2023-07-20 20:30:00,17.88,17.9,17.85,17.86,74601
2023-07-20 21:00:00,17.85,17.89,17.84,17.85,83713
2023-07-20 21:30:00,17.85,17.92,17.84,17.89,83162
2023-07-20 22:00:00,17.9,17.95,17.89,17.9,134415
2023-07-20 22:30:00,17.9,17.95,17.89,17.92,596637
2023-07-20 23:00:00,17.92,17.93,17.91,17.91,897146
2023-07-21 16:30:00,18.02,18.08,17.76,17.81,204544
2023-07-21 17:00:00,17.81,17.93,17.81,17.83,139604
2023-07-21 17:30:00,17.84,17.92,17.82,17.87,144816
2023-07-21 18:00:00,17.87,17.92,17.85,17.9,61095
2023-07-21 18:30:00,17.89,17.95,17.88,17.94,59929
2023-07-21 19:00:00,17.94,17.95,17.9,17.91,60807
2023-07-21 19:30:00,17.91,17.93,17.84,17.87,83539
2023-07-21 20:00:00,17.87,17.91,17.86,17.87,59790
2023-07-21 20:30:00,17.87,17.91,17.86,17.89,97694
2023-07-21 21:00:00,17.89,17.89,17.84,17.87,127826
2023-07-21 21:30:00,17.87,17.89,17.84,17.86,120856
2023-07-21 22:00:00,17.86,17.88,17.82,17.83,242783
2023-07-21 22:30:00,17.83,17.87,17.82,17.84,716469
2023-07-21 23:00:00,17.84,17.84,17.83,17.84,520144
2023-07-24 16:30:00,17.83,17.99,17.77,17.82,241483
2023-07-24 17:00:00,17.82,17.86,17.76,17.79,323243
2023-07-24 17:30:00,17.8,17.85,17.78,17.8,193705
2023-07-24 18:00:00,17.8,17.86,17.78,17.85,184924
2023-07-24 18:30:00,17.85,17.86,17.82,17.84,240637
2023-07-24 19:00:00,17.85,17.92,17.84,17.91,243080
2023-07-24 19:30:00,17.91,17.92,17.85,17.92,328493
2023-07-24 20:00:00,17.92,17.93,17.86,17.87,148131
2023-07-24 20:30:00,17.87,17.88,17.84,17.85,155176
2023-07-24 21:00:00,17.85,17.88,17.83,17.83,191803
2023-07-24 21:30:00,17.83,17.83,17.79,17.81,169422
2023-07-24 22:00:00,17.81,17.84,17.78,17.81,203898
2023-07-24 22:30:00,17.81,17.97,17.8,17.96,1359389
2023-07-24 23:00:00,17.96,17.96,17.95,17.96,469352
2023-07-25 16:30:00,17.38,17.44,16.51,17.0,1438815
2023-07-25 17:00:00,16.99,17.26,16.91,17.22,1190235
2023-07-25 17:30:00,17.22,17.25,17.04,17.09,727084
2023-07-25 18:00:00,17.09,17.09,16.86,17.06,476339
2023-07-25 18:30:00,17.06,17.06,16.95,16.98,331728
2023-07-25 19:00:00,16.98,17.0,16.84,16.89,269124
2023-07-25 19:30:00,16.89,16.92,16.8,16.86,177193
2023-07-25 20:00:00,16.86,16.86,16.7,16.76,232099
2023-07-25 20:30:00,16.76,16.77,16.68,16.7,153278
2023-07-25 21:00:00,16.7,16.73,16.66,16.72,358156
2023-07-25 21:30:00,16.73,16.74,16.61,16.68,363378
2023-07-25 22:00:00,16.68,16.69,16.55,16.55,360425
2023-07-25 22:30:00,16.55,16.7,16.51,16.62,1338903
2023-07-25 23:00:00,16.62,16.64,16.62,16.62,1182612
2023-07-26 16:30:00,16.56,16.69,16.35,16.35,435250
2023-07-26 17:00:00,16.35,16.52,16.34,16.49,324125
2023-07-26 17:30:00,16.5,16.51,16.45,16.45,251876
2023-07-26 18:00:00,16.46,16.47,16.38,16.41,227718
2023-07-26 18:30:00,16.41,16.46,16.38,16.46,136917
2023-07-26 19:00:00,16.46,16.48,16.44,16.46,100926
2023-07-26 19:30:00,16.46,16.46,16.35,16.38,125780
2023-07-26 20:00:00,16.38,16.39,16.36,16.38,118940
2023-07-26 20:30:00,16.37,16.38,16.3,16.31,153321
2023-07-26 21:00:00,16.3,16.43,16.3,16.43,303581
2023-07-26 21:30:00,16.43,16.53,16.43,16.48,332499
2023-07-26 22:00:00,16.48,16.49,16.37,16.38,321199
2023-07-26 22:30:00,16.38,16.42,16.34,16.42,955135
2023-07-26 23:00:00,16.42,16.44,16.42,16.44,3199051
2023-07-27 16:30:00,16.55,16.59,16.28,16.35,323400
2023-07-27 17:00:00,16.35,16.46,16.29,16.41,346891
2023-07-27 17:30:00,16.41,16.54,16.4,16.44,302702
2023-07-27 18:00:00,16.44,16.46,16.39,16.42,179576
2023-07-27 18:30:00,16.42,16.52,16.4,16.5,176626
2023-07-27 19:00:00,16.5,16.57,16.49,16.55,122485
2023-07-27 19:30:00,16.55,16.57,16.52,16.56,128054
2023-07-27 20:00:00,16.56,16.57,16.39,16.39,124105
2023-07-27 20:30:00,16.39,16.39,16.34,16.38,133824
2023-07-27 21:00:00,16.39,16.4,16.28,16.3,133965
2023-07-27 21:30:00,16.3,16.31,16.21,16.21,180728
2023-07-27 22:00:00,16.21,16.22,16.15,16.16,260379
2023-07-27 22:30:00,16.17,16.2,16.12,16.15,885570
2023-07-27 23:00:00,16.15,16.16,16.14,16.15,1336492
2023-07-28 16:30:00,16.56,16.73,16.38,16.73,452228
2023-07-28 17:00:00,16.72,16.82,16.63,16.66,578326
2023-07-28 17:30:00,16.66,16.71,16.64,16.68,266119
2023-07-28 18:00:00,16.68,16.68,16.59,16.6,149802
2023-07-28 18:30:00,16.6,16.65,16.51,16.55,151097
2023-07-28 19:00:00,16.55,16.62,16.51,16.54,94856
2023-07-28 19:30:00,16.54,16.59,16.53,16.58,69327
2023-07-28 20:00:00,16.57,16.57,16.49,16.49,65066
2023-07-28 20:30:00,16.5,16.52,16.42,16.5,194611
2023-07-28 21:00:00,16.5,16.58,16.5,16.57,152509
2023-07-28 21:30:00,16.57,16.59,16.5,16.57,368220
2023-07-28 22:00:00,16.58,16.61,16.56,16.58,146544
2023-07-28 22:30:00,16.57,16.6,16.56,16.6,724530
2023-07-28 23:00:00,16.6,16.6,16.59,16.6,1206848
2023-07-31 16:30:00,16.65,16.69,16.49,16.6,291094
2023-07-31 17:00:00,16.6,16.84,16.56,16.83,273412
2023-07-31 17:30:00,16.83,16.89,16.79,16.82,324030
2023-07-31 18:00:00,16.82,16.84,16.78,16.83,82498
2023-07-31 18:30:00,16.82,16.83,16.75,16.77,92253
2023-07-31 19:00:00,16.77,16.79,16.75,16.76,70793
2023-07-31 19:30:00,16.75,16.77,16.74,16.77,49486
2023-07-31 20:00:00,16.77,16.78,16.74,16.76,67915
2023-07-31 20:30:00,16.76,16.8,16.76,16.8,113651
2023-07-31 21:00:00,16.8,16.83,16.77,16.79,155743
2023-07-31 21:30:00,16.79,16.8,16.75,16.77,125355
2023-07-31 22:00:00,16.77,16.79,16.73,16.79,174173
2023-07-31 22:30:00,16.79,16.81,16.74,16.8,765409
2023-07-31 23:00:00,16.81,16.81,16.8,16.8,1004245
2023-08-01 16:30:00,16.7,16.82,16.62,16.69,172386
2023-08-01 17:00:00,16.68,16.74,16.63,16.63,122472
2023-08-01 17:30:00,16.63,16.74,16.6,16.69,314319
2023-08-01 18:00:00,16.69,16.73,16.67,16.68,262158
2023-08-01 18:30:00,16.67,16.68,16.61,16.65,147741
2023-08-01 19:00:00,16.64,16.64,16.59,16.61,58353
2023-08-01 19:30:00,16.61,16.69,16.59,16.69,445889
2023-08-01 20:00:00,16.68,16.8,16.68,16.8,374153
2023-08-01 20:30:00,16.8,16.82,16.74,16.76,190195
2023-08-01 21:00:00,16.76,16.81,16.75,16.79,119067
2023-08-01 21:30:00,16.8,16.84,16.78,16.82,139966
2023-08-01 22:00:00,16.82,16.86,16.81,16.82,145458
2023-08-01 22:30:00,16.82,16.86,16.78,16.84,425186
2023-08-01 23:00:00,16.82,16.83,16.82,16.83,758749
2023-08-02 16:30:00,16.55,16.56,16.32,16.34,366883
2023-08-02 17:00:00,16.35,16.44,16.31,16.42,251654
2023-08-02 17:30:00,16.43,16.46,16.24,16.24,199874
2023-08-02 18:00:00,16.23,16.32,16.2,16.32,133055
2023-08-02 18:30:00,16.32,16.39,16.3,16.36,125028
2023-08-02 19:00:00,16.36,16.38,16.28,16.36,127221
2023-08-02 19:30:00,16.36,16.45,16.35,16.4,338198
2023-08-02 20:00:00,16.4,16.41,16.38,16.41,55967
2023-08-02 20:30:00,16.41,16.43,16.38,16.38,91084
2023-08-02 21:00:00,16.38,16.39,16.34,16.38,179481
2023-08-02 21:30:00,16.38,16.38,16.33,16.37,139905
2023-08-02 22:00:00,16.37,16.4,16.33,16.34,137500
2023-08-02 22:30:00,16.34,16.39,16.34,16.37,579513
2023-08-02 23:00:00,16.37,16.37,16.36,16.36,804900
2023-08-03 16:30:00,16.31,16.35,16.2,16.27,191738
2023-08-03 17:00:00,16.26,16.33,16.22,16.23,259321
2023-08-03 17:30:00,16.23,16.28,16.21,16.24,258947
2023-08-03 18:00:00,16.24,16.3,16.23,16.3,164228
2023-08-03 18:30:00,16.3,16.38,16.27,16.36,332733
2023-08-03 19:00:00,16.35,16.43,16.34,16.43,293109
2023-08-03 19:30:00,16.43,16.54,16.41,16.5,280011
2023-08-03 20:00:00,16.5,16.62,16.5,16.6,288695
2023-08-03 20:30:00,16.61,16.66,16.58,16.61,320740
2023-08-03 21:00:00,16.62,16.69,16.59,16.67,324534
2023-08-03 21:30:00,16.67,16.7,16.64,16.67,151858
2023-08-03 22:00:00,16.67,16.69,16.63,16.66,233509
2023-08-03 22:30:00,16.66,16.69,16.63,16.65,927669
2023-08-03 23:00:00,16.66,16.66,16.65,16.65,845673
2023-08-04 16:30:00,16.74,16.92,16.67,16.86,154035
2023-08-04 17:00:00,16.86,17.12,16.8,17.09,263123
2023-08-04 17:30:00,17.1,17.14,17.05,17.06,119585
2023-08-04 18:00:00,17.06,17.06,16.92,17.01,317392
2023-08-04 18:30:00,17.02,17.07,17.0,17.05,283439
2023-08-04 19:00:00,17.05,17.06,17.01,17.04,134338
2023-08-04 19:30:00,17.04,17.11,17.01,17.09,112309
2023-08-04 20:00:00,17.09,17.09,17.03,17.03,116396
2023-08-04 20:30:00,17.04,17.06,17.02,17.03,125311
2023-08-04 21:00:00,17.03,17.03,16.85,16.85,243022
2023-08-04 21:30:00,16.84,16.85,16.74,16.76,120901
2023-08-04 22:00:00,16.76,16.77,16.65,16.65,221290
2023-08-04 22:30:00,16.65,16.68,16.6,16.66,914727
2023-08-04 23:00:00,16.66,16.66,16.65,16.65,381579
2023-08-07 16:30:00,16.73,16.97,16.73,16.83,110160
2023-08-07 17:00:00,16.85,17.03,16.82,17.03,110589
2023-08-07 17:30:00,17.03,17.12,17.0,17.01,153121
2023-08-07 18:00:00,17.01,17.05,16.97,16.99,82701
2023-08-07 18:30:00,16.99,16.99,16.92,16.94,42019
2023-08-07 19:00:00,16.94,16.95,16.89,16.92,49485
2023-08-07 19:30:00,16.92,16.97,16.9,16.93,51042
2023-08-07 20:00:00,16.93,16.95,16.91,16.92,50938
2023-08-07 20:30:00,16.92,16.94,16.91,16.93,41138
2023-08-07 21:00:00,16.92,16.95,16.92,16.94,59391
2023-08-07 21:30:00,16.94,16.97,16.94,16.94,51155
2023-08-07 22:00:00,16.95,16.98,16.92,16.93,96454
2023-08-07 22:30:00,16.93,16.98,16.9,16.98,595642
2023-08-07 23:00:00,16.98,16.99,16.98,16.98,651107
2023-08-08 16:30:00,16.64,16.64,16.45,16.61,188436
2023-08-08 17:00:00,16.61,16.66,16.48,16.52,152549
2023-08-08 17:30:00,16.52,16.54,16.46,16.47,122999
2023-08-08 18:00:00,16.46,16.54,16.44,16.54,86576
2023-08-08 18:30:00,16.53,16.61,16.53,16.56,116334
2023-08-08 19:00:00,16.55,16.66,16.55,16.61,148957
2023-08-08 19:30:00,16.62,16.65,16.61,16.64,92943
2023-08-08 20:00:00,16.64,16.68,16.62,16.63,113893
2023-08-08 20:30:00,16.63,16.66,16.61,16.64,65059
2023-08-08 21:00:00,16.64,16.68,16.62,16.66,94343
2023-08-08 21:30:00,16.66,16.7,16.65,16.68,83170
2023-08-08 22:00:00,16.68,16.8,16.67,16.79,104615
2023-08-08 22:30:00,16.79,16.82,16.73,16.76,746034
2023-08-08 23:00:00,16.76,16.76,16.75,16.75,1101671
2023-08-09 16:30:00,16.68,16.76,16.58,16.75,161426
2023-08-09 17:00:00,16.75,16.84,16.71,16.83,158559
2023-08-09 17:30:00,16.83,16.87,16.76,16.77,158466
2023-08-09 18:00:00,16.78,16.79,16.67,16.69,120178
2023-08-09 18:30:00,16.68,16.71,16.59,16.61,107693
2023-08-09 19:00:00,16.61,16.67,16.6,16.63,72811
2023-08-09 19:30:00,16.62,16.65,16.6,16.63,65142
2023-08-09 20:00:00,16.63,16.69,16.63,16.69,47908
2023-08-09 20:30:00,16.69,16.72,16.67,16.68,65486
2023-08-09 21:00:00,16.68,16.74,16.68,16.74,80416
2023-08-09 21:30:00,16.74,16.79,16.74,16.78,103577
2023-08-09 22:00:00,16.78,16.79,16.73,16.76,220368
2023-08-09 22:30:00,16.76,16.77,16.66,16.7,757487
2023-08-09 23:00:00,16.71,16.71,16.7,16.71,932402
2023-08-10 16:30:00,16.76,16.81,16.65,16.73,394514
2023-08-10 17:00:00,16.73,16.74,16.52,16.53,244637
2023-08-10 17:30:00,16.52,16.58,16.34,16.4,550428
2023-08-10 18:00:00,16.4,16.43,16.35,16.41,182034
2023-08-10 18:30:00,16.41,16.42,16.28,16.32,184108
2023-08-10 19:00:00,16.32,16.39,16.3,16.35,217172
2023-08-10 19:30:00,16.35,16.38,16.27,16.28,112857
2023-08-10 20:00:00,16.28,16.32,16.26,16.28,123308
2023-08-10 20:30:00,16.27,16.3,16.23,16.23,119463
2023-08-10 21:00:00,16.23,16.35,16.22,16.3,140586
2023-08-10 21:30:00,16.3,16.36,16.28,16.36,130158
2023-08-10 22:00:00,16.36,16.37,16.23,16.24,187919
2023-08-10 22:30:00,16.24,16.27,16.2,16.24,695852
2023-08-10 23:00:00,16.24,16.24,16.23,16.23,1090351
2023-08-11 16:30:00,16.18,16.24,16.14,16.16,95638
2023-08-11 17:00:00,16.17,16.29,16.16,16.29,258501
2023-08-11 17:30:00,16.28,16.36,16.27,16.31,182561
2023-08-11 18:00:00,16.31,16.34,16.28,16.31,63259
2023-08-11 18:30:00,16.31,16.39,16.28,16.39,107230
2023-08-11 19:00:00,16.4,16.41,16.34,16.35,66772
2023-08-11 19:30:00,16.35,16.38,16.31,16.33,48064
2023-08-11 20:00:00,16.33,16.37,16.31,16.36,57734
2023-08-11 20:30:00,16.37,16.38,16.31,16.35,73678
2023-08-11 21:00:00,16.35,16.37,16.33,16.35,62363
2023-08-11 21:30:00,16.36,16.42,16.33,16.41,100061
2023-08-11 22:00:00,16.42,16.43,16.38,16.4,112051
2023-08-11 22:30:00,16.4,16.41,16.35,16.39,402955
2023-08-11 23:00:00,16.39,16.4,16.39,16.39,566057
2023-08-14 16:30:00,16.24,16.3,16.1,16.19,101274
2023-08-14 17:00:00,16.18,16.2,16.12,16.13,99855
2023-08-14 17:30:00,16.13,16.2,16.12,16.17,92950
2023-08-14 18:00:00,16.17,16.19,16.13,16.17,73021
2023-08-14 18:30:00,16.17,16.21,16.17,16.17,81316
2023-08-14 19:00:00,16.17,16.18,16.13,16.15,76112
2023-08-14 19:30:00,16.16,16.23,16.15,16.21,84051
2023-08-14 20:00:00,16.21,16.23,16.18,16.21,44734
2023-08-14 20:30:00,16.21,16.21,16.15,16.18,63286
2023-08-14 21:00:00,16.18,16.18,16.15,16.17,58814
2023-08-14 21:30:00,16.16,16.17,16.14,16.16,66969
2023-08-14 22:00:00,16.16,16.19,16.13,16.17,96439
2023-08-14 22:30:00,16.17,16.24,16.17,16.23,416424
2023-08-14 23:00:00,16.23,16.23,16.2,16.2,1556018
2023-08-15 16:30:00,15.98,16.0,15.79,15.85,380541
2023-08-15 17:00:00,15.85,15.85,15.67,15.72,300541
2023-08-15 17:30:00,15.72,15.74,15.62,15.67,185356
2023-08-15 18:00:00,15.67,15.75,15.66,15.7,112680
2023-08-15 18:30:00,15.7,15.75,15.64,15.67,400638
2023-08-15 19:00:00,15.67,15.71,15.6,15.61,216135
2023-08-15 19:30:00,15.62,15.62,15.56,15.57,74688
2023-08-15 20:00:00,15.57,15.61,15.56,15.61,57804
2023-08-15 20:30:00,15.6,15.61,15.56,15.6,85399
2023-08-15 21:00:00,15.6,15.6,15.56,15.58,74928
2023-08-15 21:30:00,15.58,15.63,15.58,15.6,102736
2023-08-15 22:00:00,15.6,15.64,15.55,15.56,152593
2023-08-15 22:30:00,15.55,15.63,15.52,15.58,748022
2023-08-15 23:00:00,15.58,15.59,15.57,15.58,915837
2023-08-16 16:30:00,15.48,15.62,15.43,15.54,102145
2023-08-16 17:00:00,15.54,15.55,15.5,15.51,168705
2023-08-16 17:30:00,15.5,15.57,15.5,15.56,102973
2023-08-16 18:00:00,15.56,15.58,15.53,15.54,85260
2023-08-16 18:30:00,15.54,15.58,15.53,15.55,66110
2023-08-16 19:00:00,15.54,15.56,15.48,15.52,95796
2023-08-16 19:30:00,15.51,15.54,15.5,15.5,35493
2023-08-16 20:00:00,15.51,15.52,15.46,15.46,70678
2023-08-16 20:30:00,15.46,15.5,15.44,15.49,97598
2023-08-16 21:00:00,15.49,15.49,15.41,15.47,157565
2023-08-16 21:30:00,15.47,15.49,15.41,15.42,104034
2023-08-16 22:00:00,15.42,15.43,15.35,15.38,90777
2023-08-16 22:30:00,15.38,15.4,15.32,15.35,444479
2023-08-16 23:00:00,15.35,15.35,15.32,15.32,617395
2023-08-17 16:30:00,15.31,15.43,15.25,15.29,191446
2023-08-17 17:00:00,15.29,15.37,15.27,15.34,129686
2023-08-17 17:30:00,15.34,15.4,15.3,15.34,100617
2023-08-17 18:00:00,15.34,15.36,15.32,15.33,88145
2023-08-17 18:30:00,15.33,15.33,15.27,15.29,163242
2023-08-17 19:00:00,15.29,15.38,15.29,15.37,159741
2023-08-17 19:30:00,15.37,15.38,15.34,15.38,126759
2023-08-17 20:00:00,15.39,15.4,15.36,15.36,314062
2023-08-17 20:30:00,15.36,15.43,15.35,15.43,63101
2023-08-17 21:00:00,15.43,15.43,15.36,15.37,83785
2023-08-17 21:30:00,15.37,15.39,15.27,15.28,123318
2023-08-17 22:00:00,15.29,15.34,15.26,15.34,125327
2023-08-17 22:30:00,15.34,15.41,15.33,15.4,515190
2023-08-17 23:00:00,15.39,15.39,15.38,15.39,663192
2023-08-18 16:30:00,15.16,15.41,15.16,15.32,159706
2023-08-18 17:00:00,15.31,15.37,15.27,15.3,142010
2023-08-18 17:30:00,15.29,15.37,15.28,15.34,131000
2023-08-18 18:00:00,15.34,15.38,15.33,15.34,157824
2023-08-18 18:30:00,15.33,15.37,15.32,15.36,73688
2023-08-18 19:00:00,15.36,15.4,15.31,15.31,71324
2023-08-18 19:30:00,15.32,15.33,15.28,15.28,75232
2023-08-18 20:00:00,15.28,15.32,15.24,15.28,75331
2023-08-18 20:30:00,15.28,15.31,15.26,15.3,82734
2023-08-18 21:00:00,15.31,15.31,15.27,15.28,50610
2023-08-18 21:30:00,15.28,15.31,15.26,15.26,63814
2023-08-18 22:00:00,15.26,15.28,15.22,15.23,118076
2023-08-18 22:30:00,15.24,15.31,15.22,15.24,405223
2023-08-18 23:00:00,15.25,15.25,15.24,15.24,834725
2023-08-21 16:30:00,15.29,15.29,15.04,15.11,107047
2023-08-21 17:00:00,15.11,15.11,15.05,15.06,95306
2023-08-21 17:30:00,15.06,15.1,15.03,15.1,83818
2023-08-21 18:00:00,15.1,15.1,14.97,14.98,131009
2023-08-21 18:30:00,14.98,15.0,14.92,14.93,60781
2023-08-21 19:00:00,14.93,14.96,14.9,14.92,91587
2023-08-21 19:30:00,14.92,14.95,14.89,14.91,94548
2023-08-21 20:00:00,14.92,14.94,14.88,14.94,71152
2023-08-21 20:30:00,14.94,14.96,14.9,14.95,112674
2023-08-21 21:00:00,14.95,14.96,14.89,14.9,145880
2023-08-21 21:30:00,14.9,14.94,14.88,14.92,133125
2023-08-21 22:00:00,14.93,14.99,14.92,14.98,124561
2023-08-21 22:30:00,14.99,15.04,14.98,15.0,474051
2023-08-21 23:00:00,14.99,15.0,14.98,14.99,355237
2023-08-22 16:30:00,15.06,15.15,14.88,14.89,121930
2023-08-22 17:00:00,14.89,14.94,14.86,14.89,148889
2023-08-22 17:30:00,14.89,14.95,14.84,14.94,160737
2023-08-22 18:00:00,14.94,14.96,14.89,14.95,149011
2023-08-22 18:30:00,14.95,15.01,14.94,14.98,280185
2023-08-22 19:00:00,14.98,14.98,14.92,14.98,132524
2023-08-22 19:30:00,14.97,15.0,14.95,14.96,95474
2023-08-22 20:00:00,14.96,14.96,14.92,14.95,72535
2023-08-22 20:30:00,14.95,14.97,14.93,14.94,74960
2023-08-22 21:00:00,14.94,14.98,14.92,14.98,67110
2023-08-22 21:30:00,14.98,15.01,14.96,15.0,103762
2023-08-22 22:00:00,15.0,15.04,14.98,14.98,135990
2023-08-22 22:30:00,14.98,14.99,14.94,14.96,500055
2023-08-22 23:00:00,14.96,14.96,14.95,14.95,979996
2023-08-23 16:30:00,14.98,15.04,14.89,15.03,69621
2023-08-23 17:00:00,15.03,15.09,15.02,15.07,98199
2023-08-23 17:30:00,15.08,15.11,15.02,15.11,79995
2023-08-23 18:00:00,15.11,15.17,15.1,15.17,103362
2023-08-23 18:30:00,15.17,15.2,15.16,15.19,83815
2023-08-23 19:00:00,15.19,15.23,15.17,15.23,101031
2023-08-23 19:30:00,15.23,15.24,15.2,15.24,81142
2023-08-23 20:00:00,15.24,15.29,15.23,15.29,95025
2023-08-23 20:30:00,15.29,15.31,15.27,15.31,86168
2023-08-23 21:00:00,15.31,15.34,15.31,15.34,134505
2023-08-23 21:30:00,15.34,15.34,15.3,15.31,133498
2023-08-23 22:00:00,15.31,15.32,15.28,15.31,106542
2023-08-23 22:30:00,15.31,15.34,15.29,15.34,372300
2023-08-23 23:00:00,15.34,15.34,15.33,15.33,832362
2023-08-24 16:30:00,15.32,15.54,15.29,15.53,96178
2023-08-24 17:00:00,15.54,15.55,15.39,15.41,66082
2023-08-24 17:30:00,15.42,15.44,15.32,15.33,155115
2023-08-24 18:00:00,15.32,15.32,15.23,15.24,286383
2023-08-24 18:30:00,15.23,15.23,15.12,15.16,173076
2023-08-24 19:00:00,15.17,15.2,15.14,15.16,107708
2023-08-24 19:30:00,15.16,15.27,15.16,15.24,104043
2023-08-24 20:00:00,15.24,15.24,15.17,15.18,84138
2023-08-24 20:30:00,15.18,15.21,15.17,15.21,79894
2023-08-24 21:00:00,15.22,15.23,15.2,15.23,54547
2023-08-24 21:30:00,15.23,15.27,15.21,15.27,69466
2023-08-24 22:00:00,15.26,15.28,15.24,15.25,58091
2023-08-24 22:30:00,15.25,15.26,15.11,15.13,680357
2023-08-24 23:00:00,15.13,15.14,15.13,15.13,1519009
2023-08-25 16:30:00,15.2,15.29,15.05,15.07,159159
2023-08-25 17:00:00,15.08,15.2,14.98,14.98,159721
2023-08-25 17:30:00,14.98,15.04,14.95,14.95,89200
2023-08-25 18:00:00,14.95,15.13,14.95,15.13,73162
2023-08-25 18:30:00,15.12,15.13,15.02,15.05,113156
2023-08-25 19:00:00,15.05,15.16,15.04,15.14,90090
2023-08-25 19:30:00,15.15,15.16,15.11,15.16,71656
2023-08-25 20:00:00,15.16,15.17,15.07,15.09,75816
2023-08-25 20:30:00,15.09,15.15,15.06,15.15,88073
2023-08-25 21:00:00,15.14,15.21,15.13,15.21,68670
2023-08-25 21:30:00,15.21,15.27,15.21,15.25,96448
2023-08-25 22:00:00,15.25,15.28,15.23,15.27,71015
2023-08-25 22:30:00,15.28,15.28,15.19,15.19,253189
2023-08-25 23:00:00,15.19,15.2,15.18,15.19,761368
2023-08-28 16:30:00,15.35,15.43,15.3,15.41,122310
2023-08-28 17:00:00,15.42,15.45,15.37,15.45,138198
2023-08-28 17:30:00,15.45,15.46,15.38,15.41,69822
2023-08-28 18:00:00,15.41,15.41,15.36,15.38,85601
2023-08-28 18:30:00,15.38,15.41,15.35,15.38,63709
2023-08-28 19:00:00,15.38,15.39,15.33,15.36,81119
2023-08-28 19:30:00,15.36,15.43,15.34,15.43,71856
2023-08-28 20:00:00,15.42,15.46,15.41,15.42,66368
2023-08-28 20:30:00,15.42,15.42,15.34,15.35,48981
2023-08-28 21:00:00,15.36,15.37,15.34,15.36,54356
2023-08-28 21:30:00,15.35,15.39,15.35,15.37,73219
2023-08-28 22:00:00,15.36,15.38,15.32,15.33,93903
2023-08-28 22:30:00,15.33,15.41,15.32,15.4,369047
2023-08-28 23:00:00,15.4,15.4,15.38,15.39,347737
2023-08-29 16:30:00,15.4,15.44,15.32,15.42,115776
2023-08-29 17:00:00,15.43,15.56,15.42,15.55,101775
2023-08-29 17:30:00,15.56,15.62,15.49,15.62,239682
2023-08-29 18:00:00,15.61,15.71,15.59,15.66,175272
2023-08-29 18:30:00,15.66,15.71,15.63,15.64,100148
2023-08-29 19:00:00,15.64,15.74,15.64,15.74,75712
2023-08-29 19:30:00,15.74,15.74,15.69,15.73,167490
2023-08-29 20:00:00,15.73,15.75,15.68,15.71,49797
2023-08-29 20:30:00,15.71,15.71,15.65,15.66,58691
2023-08-29 21:00:00,15.67,15.67,15.61,15.64,59668
2023-08-29 21:30:00,15.64,15.69,15.64,15.69,98839
2023-08-29 22:00:00,15.68,15.73,15.66,15.73,183586
2023-08-29 22:30:00,15.73,15.75,15.68,15.73,685262
2023-08-29 23:00:00,15.73,15.73,15.71,15.72,377005
2023-08-30 16:30:00,15.75,15.91,15.69,15.89,84303
2023-08-30 17:00:00,15.89,15.9,15.7,15.73,85771
2023-08-30 17:30:00,15.73,15.78,15.72,15.73,46907
2023-08-30 18:00:00,15.74,15.78,15.71,15.78,67775
2023-08-30 18:30:00,15.78,15.83,15.77,15.83,115543
2023-08-30 19:00:00,15.83,15.85,15.82,15.85,51888
2023-08-30 19:30:00,15.85,15.86,15.81,15.84,42366
2023-08-30 20:00:00,15.84,15.86,15.83,15.85,51140
2023-08-30 20:30:00,15.85,15.87,15.83,15.85,69296
2023-08-30 21:00:00,15.85,15.86,15.82,15.82,73949
2023-08-30 21:30:00,15.83,15.85,15.82,15.85,88549
2023-08-30 22:00:00,15.85,15.85,15.75,15.75,192071
2023-08-30 22:30:00,15.75,15.76,15.67,15.74,701764
2023-08-30 23:00:00,15.73,15.74,15.72,15.73,949570
2023-08-31 16:30:00,15.8,15.84,15.72,15.84,67622
2023-08-31 17:00:00,15.83,15.83,15.77,15.81,73647
2023-08-31 17:30:00,15.8,15.85,15.79,15.81,155776
2023-08-31 18:00:00,15.81,15.87,15.79,15.87,78583
2023-08-31 18:30:00,15.87,15.87,15.79,15.82,115565
2023-08-31 19:00:00,15.82,15.84,15.79,15.82,72153
2023-08-31 19:30:00,15.82,15.82,15.77,15.79,91422
2023-08-31 20:00:00,15.8,15.86,15.79,15.86,70915
2023-08-31 20:30:00,15.86,15.88,15.83,15.86,120622
2023-08-31 21:00:00,15.86,15.89,15.85,15.88,70621
2023-08-31 21:30:00,15.87,15.88,15.76,15.77,130010
2023-08-31 22:00:00,15.77,15.85,15.77,15.85,105399
2023-08-31 22:30:00,15.85,15.96,15.84,15.94,826073
2023-08-31 23:00:00,15.94,15.94,15.92,15.92,3018640
2023-09-01 16:30:00,16.08,16.12,15.94,16.02,111564
2023-09-01 17:00:00,16.02,16.09,15.97,16.06,116062
2023-09-01 17:30:00,16.07,16.09,16.0,16.0,122615
2023-09-01 18:00:00,16.0,16.05,16.0,16.03,79211
2023-09-01 18:30:00,16.02,16.03,15.96,16.0,83127
2023-09-01 19:00:00,16.0,16.02,15.97,15.99,80618
2023-09-01 19:30:00,15.99,16.0,15.96,15.99,58283
2023-09-01 20:00:00,15.98,16.03,15.98,16.02,64011
2023-09-01 20:30:00,16.01,16.07,16.01,16.04,104880
2023-09-01 21:00:00,16.04,16.06,16.01,16.03,75013
2023-09-01 21:30:00,16.02,16.03,16.0,16.03,62504
2023-09-01 22:00:00,16.03,16.06,16.03,16.05,91744
2023-09-01 22:30:00,16.05,16.08,16.0,16.02,432759
2023-09-01 23:00:00,16.02,16.03,16.02,16.03,883862
2023-09-05 16:30:00,15.97,15.98,15.67,15.7,289473
2023-09-05 17:00:00,15.71,15.81,15.69,15.77,122363
2023-09-05 17:30:00,15.76,15.84,15.75,15.84,139877
2023-09-05 18:00:00,15.84,15.91,15.84,15.87,99895
2023-09-05 18:30:00,15.88,15.88,15.83,15.84,75236
2023-09-05 19:00:00,15.84,15.85,15.79,15.8,49175
2023-09-05 19:30:00,15.8,15.84,15.79,15.82,56742
2023-09-05 20:00:00,15.82,15.83,15.73,15.75,53750
2023-09-05 20:30:00,15.75,15.77,15.74,15.76,44649
2023-09-05 21:00:00,15.76,15.76,15.7,15.75,65574
2023-09-05 21:30:00,15.75,15.77,15.74,15.77,68594
2023-09-05 22:00:00,15.77,15.77,15.72,15.74,75155
2023-09-05 22:30:00,15.74,15.76,15.68,15.69,492987
2023-09-05 23:00:00,15.69,15.69,15.68,15.69,432983
2023-09-06 16:30:00,15.6,15.75,15.54,15.69,86954
2023-09-06 17:00:00,15.68,15.71,15.59,15.6,73649
2023-09-06 17:30:00,15.6,15.63,15.55,15.59,47425
2023-09-06 18:00:00,15.58,15.6,15.5,15.53,90735
2023-09-06 18:30:00,15.52,15.53,15.48,15.5,42207
2023-09-06 19:00:00,15.5,15.52,15.47,15.48,36251
2023-09-06 19:30:00,15.48,15.5,15.44,15.44,35517
2023-09-06 20:00:00,15.43,15.48,15.42,15.44,41494
2023-09-06 20:30:00,15.45,15.52,15.45,15.51,53040
2023-09-06 21:00:00,15.51,15.56,15.5,15.54,74573
2023-09-06 21:30:00,15.54,15.61,15.52,15.6,128245
2023-09-06 22:00:00,15.6,15.65,15.59,15.64,132221
2023-09-06 22:30:00,15.64,15.65,15.55,15.56,442279
2023-09-06 23:00:00,15.55,15.56,15.55,15.55,1043426
2023-09-07 16:30:00,15.4,15.44,15.15,15.17,335984
2023-09-07 17:00:00,15.16,15.19,14.97,14.98,578645
2023-09-07 17:30:00,14.98,15.11,14.98,15.06,385645
2023-09-07 18:00:00,15.07,15.17,15.06,15.17,208125
2023-09-07 18:30:00,15.17,15.19,15.1,15.11,160695
2023-09-07 19:00:00,15.11,15.13,15.07,15.1,151689
2023-09-07 19:30:00,15.11,15.18,15.1,15.18,255673
2023-09-07 20:00:00,15.18,15.3,15.17,15.28,182954
2023-09-07 20:30:00,15.27,15.29,15.24,15.29,178851
2023-09-07 21:00:00,15.29,15.34,15.26,15.27,171918
2023-09-07 21:30:00,15.27,15.32,15.21,15.31,204863
2023-09-07 22:00:00,15.31,15.33,15.26,15.32,150199
2023-09-07 22:30:00,15.32,15.4,15.32,15.34,868715
2023-09-07 23:00:00,15.35,15.35,15.34,15.34,2086001
2023-09-08 16:30:00,15.34,15.44,15.25,15.31,94445
2023-09-08 17:00:00,15.31,15.45,15.3,15.42,108305
2023-09-08 17:30:00,15.42,15.44,15.38,15.41,92798
2023-09-08 18:00:00,15.41,15.48,15.38,15.45,233970
2023-09-08 18:30:00,15.45,15.46,15.41,15.44,91010
2023-09-08 19:00:00,15.44,15.52,15.44,15.49,113133
2023-09-08 19:30:00,15.5,15.52,15.47,15.49,116814
2023-09-08 20:00:00,15.49,15.51,15.46,15.48,115940
2023-09-08 20:30:00,15.47,15.48,15.46,15.47,57639
2023-09-08 21:00:00,15.47,15.48,15.44,15.45,84056
2023-09-08 21:30:00,15.46,15.46,15.4,15.43,140791
2023-09-08 22:00:00,15.43,15.45,15.39,15.4,99019
2023-09-08 22:30:00,15.39,15.46,15.39,15.46,387534
2023-09-08 23:00:00,15.46,15.46,15.45,15.45,793065
2023-09-11 16:30:00,15.68,15.77,15.49,15.5,209462
2023-09-11 17:00:00,15.49,15.59,15.45,15.59,195215
2023-09-11 17:30:00,15.59,15.59,15.48,15.49,83633
2023-09-11 18:00:00,15.49,15.52,15.47,15.47,65644
2023-09-11 18:30:00,15.46,15.47,15.39,15.4,64495
2023-09-11 19:00:00,15.41,15.49,15.4,15.47,63013
2023-09-11 19:30:00,15.47,15.51,15.46,15.49,52277
2023-09-11 20:00:00,15.49,15.52,15.49,15.51,70321
2023-09-11 20:30:00,15.51,15.51,15.46,15.48,58160
2023-09-11 21:00:00,15.48,15.48,15.42,15.45,57963
2023-09-11 21:30:00,15.45,15.45,15.42,15.44,40070
2023-09-11 22:00:00,15.44,15.45,15.4,15.41,95853
2023-09-11 22:30:00,15.41,15.43,15.38,15.4,467094
2023-09-11 23:00:00,15.41,15.42,15.4,15.41,495374
2023-09-12 16:30:00,15.37,15.58,15.32,15.52,141123
2023-09-12 17:00:00,15.52,15.56,15.48,15.51,152559
2023-09-12 17:30:00,15.5,15.57,15.49,15.49,165585
2023-09-12 18:00:00,15.49,15.58,15.49,15.57,118640
2023-09-12 18:30:00,15.57,15.61,15.56,15.61,80651
2023-09-12 19:00:00,15.61,15.69,15.61,15.69,483643
2023-09-12 19:30:00,15.68,15.7,15.63,15.64,248804
2023-09-12 20:00:00,15.64,15.68,15.62,15.65,177769
2023-09-12 20:30:00,15.65,15.67,15.6,15.62,281091
2023-09-12 21:00:00,15.61,15.64,15.59,15.61,119971
2023-09-12 21:30:00,15.6,15.67,15.57,15.64,531284
2023-09-12 22:00:00,15.64,15.68,15.61,15.64,587878
2023-09-12 22:30:00,15.64,15.66,15.55,15.57,3019707
2023-09-12 23:00:00,15.57,15.57,15.56,15.56,972729
2023-09-13 16:30:00,15.66,15.66,15.09,15.29,856317
2023-09-13 17:00:00,15.29,15.39,15.17,15.37,589128
2023-09-13 17:30:00,15.37,15.4,15.33,15.34,221399
2023-09-13 18:00:00,15.33,15.36,15.27,15.3,196838
2023-09-13 18:30:00,15.3,15.3,15.25,15.3,182154
2023-09-13 19:00:00,15.3,15.31,15.24,15.3,140147
2023-09-13 19:30:00,15.3,15.33,15.25,15.3,230929
2023-09-13 20:00:00,15.3,15.31,15.26,15.28,147608
2023-09-13 20:30:00,15.28,15.31,15.27,15.3,136013
2023-09-13 21:00:00,15.3,15.3,15.24,15.25,98035
2023-09-13 21:30:00,15.25,15.27,15.18,15.19,118021
2023-09-13 22:00:00,15.19,15.23,15.14,15.23,219987
2023-09-13 22:30:00,15.24,15.33,15.24,15.31,2016648
2023-09-13 23:00:00,15.31,15.31,15.3,15.31,1690815
2023-09-14 16:30:00,15.4,15.5,15.33,15.5,487031
2023-09-14 17:00:00,15.51,15.52,15.32,15.36,308415
2023-09-14 17:30:00,15.36,15.45,15.35,15.42,177994
2023-09-14 18:00:00,15.43,15.44,15.39,15.41,92610
2023-09-14 18:30:00,15.41,15.43,15.39,15.4,92300
2023-09-14 19:00:00,15.41,15.41,15.37,15.37,97378
2023-09-14 19:30:00,15.37,15.43,15.37,15.43,154050
2023-09-14 20:00:00,15.43,15.43,15.38,15.38,113803
2023-09-14 20:30:00,15.38,15.42,15.38,15.42,165145
2023-09-14 21:00:00,15.42,15.52,15.42,15.52,162871
2023-09-14 21:30:00,15.52,15.58,15.51,15.57,113178
2023-09-14 22:00:00,15.57,15.59,15.53,15.54,128217
2023-09-14 22:30:00,15.53,15.53,15.48,15.51,610334
2023-09-14 23:00:00,15.51,15.51,15.5,15.51,711930
2023-09-15 16:30:00,15.38,15.67,15.37,15.67,507491
2023-09-15 17:00:00,15.67,15.8,15.65,15.7,213468
2023-09-15 17:30:00,15.69,15.75,15.59,15.6,346975
2023-09-15 18:00:00,15.6,15.6,15.55,15.58,538598
2023-09-15 18:30:00,15.59,15.71,15.58,15.71,194093
2023-09-15 19:00:00,15.71,15.76,15.71,15.72,325589
2023-09-15 19:30:00,15.71,15.72,15.62,15.65,120718
2023-09-15 20:00:00,15.65,15.65,15.55,15.56,88820
2023-09-15 20:30:00,15.56,15.66,15.54,15.64,93328
2023-09-15 21:00:00,15.64,15.64,15.56,15.62,181785
2023-09-15 21:30:00,15.62,15.63,15.6,15.61,97542
2023-09-15 22:00:00,15.61,15.62,15.57,15.58,159426
2023-09-15 22:30:00,15.58,15.64,15.56,15.58,694275
2023-09-15 23:00:00,15.59,15.59,15.57,15.57,2523739
2023-09-18 16:30:00,15.55,15.55,15.2,15.28,150733
2023-09-18 17:00:00,15.28,15.35,15.27,15.3,105626
2023-09-18 17:30:00,15.3,15.34,15.28,15.33,75394
2023-09-18 18:00:00,15.33,15.33,15.29,15.32,81848
2023-09-18 18:30:00,15.32,15.37,15.32,15.37,58716
2023-09-18 19:00:00,15.37,15.37,15.35,15.37,46990
2023-09-18 19:30:00,15.37,15.4,15.35,15.38,58267
2023-09-18 20:00:00,15.39,15.4,15.33,15.33,109251
2023-09-18 20:30:00,15.33,15.36,15.28,15.29,112675
2023-09-18 21:00:00,15.29,15.3,15.23,15.23,182661
2023-09-18 21:30:00,15.23,15.24,15.17,15.2,391682
2023-09-18 22:00:00,15.19,15.26,15.19,15.25,208691
2023-09-18 22:30:00,15.25,15.28,15.23,15.24,640274
2023-09-18 23:00:00,15.24,15.24,15.23,15.23,1187873
2023-09-19 16:30:00,15.3,15.46,15.26,15.35,132811
2023-09-19 17:00:00,15.35,15.37,15.3,15.32,90875
2023-09-19 17:30:00,15.31,15.34,15.17,15.21,597402
2023-09-19 18:00:00,15.21,15.25,15.2,15.23,130224
2023-09-19 18:30:00,15.23,15.24,15.2,15.23,78188
2023-09-19 19:00:00,15.23,15.23,15.2,15.2,79073
2023-09-19 19:30:00,15.2,15.22,15.16,15.21,186945
2023-09-19 20:00:00,15.21,15.26,15.21,15.24,100715
2023-09-19 20:30:00,15.24,15.29,15.24,15.28,71840
2023-09-19 21:00:00,15.29,15.29,15.27,15.28,92386
2023-09-19 21:30:00,15.29,15.35,15.29,15.3,108800
2023-09-19 22:00:00,15.3,15.32,15.28,15.31,176668
2023-09-19 22:30:00,15.31,15.34,15.27,15.29,591116
2023-09-19 23:00:00,15.28,15.29,15.28,15.28,606974
2023-09-20 16:30:00,15.33,15.48,15.3,15.45,140478
2023-09-20 17:00:00,15.46,15.52,15.41,15.46,372920
2023-09-20 17:30:00,15.46,15.46,15.4,15.41,86742
2023-09-20 18:00:00,15.41,15.43,15.4,15.41,87545
2023-09-20 18:30:00,15.41,15.41,15.34,15.34,66839
2023-09-20 19:00:00,15.34,15.36,15.32,15.35,64136
2023-09-20 19:30:00,15.35,15.36,15.32,15.32,66291
2023-09-20 20:00:00,15.33,15.33,15.3,15.31,82423
2023-09-20 20:30:00,15.32,15.33,15.29,15.33,67313
2023-09-20 21:00:00,15.32,15.32,15.17,15.17,169957
2023-09-20 21:30:00,15.17,15.23,15.12,15.13,240492
2023-09-20 22:00:00,15.12,15.15,15.02,15.07,293005
2023-09-20 22:30:00,15.07,15.1,15.02,15.05,633027
2023-09-20 23:00:00,15.05,15.06,15.05,15.05,319804
2023-09-21 16:30:00,14.88,14.91,14.64,14.66,265615
2023-09-21 17:00:00,14.66,14.74,14.63,14.7,296426
2023-09-21 17:30:00,14.69,14.7,14.59,14.6,199166
2023-09-21 18:00:00,14.6,14.64,14.57,14.6,222828
2023-09-21 18:30:00,14.6,14.76,14.6,14.74,343714
2023-09-21 19:00:00,14.74,14.74,14.67,14.72,243870
2023-09-21 19:30:00,14.72,14.77,14.68,14.7,587571
2023-09-21 20:00:00,14.69,14.8,14.68,14.8,134122
2023-09-21 20:30:00,14.79,14.8,14.73,14.79,161811
2023-09-21 21:00:00,14.79,14.79,14.74,14.74,117459
2023-09-21 21:30:00,14.73,14.78,14.72,14.77,177109
2023-09-21 22:00:00,14.77,14.8,14.65,14.67,307846
2023-09-21 22:30:00,14.66,14.67,14.61,14.63,888915
2023-09-21 23:00:00,14.64,14.64,14.62,14.63,538808
2023-09-22 16:30:00,14.64,14.67,14.5,14.56,132820
2023-09-22 17:00:00,14.55,14.6,14.51,14.56,141347
2023-09-22 17:30:00,14.56,14.62,14.56,14.59,131048
2023-09-22 18:00:00,14.59,14.59,14.51,14.53,212693
2023-09-22 18:30:00,14.53,14.54,14.49,14.5,123563
2023-09-22 19:00:00,14.49,14.52,14.45,14.48,93912
2023-09-22 19:30:00,14.49,14.52,14.46,14.47,97833
2023-09-22 20:00:00,14.46,14.48,14.44,14.45,124344
2023-09-22 20:30:00,14.44,14.45,14.38,14.43,213848
2023-09-22 21:00:00,14.42,14.45,14.4,14.44,132613
2023-09-22 21:30:00,14.45,14.51,14.44,14.5,183471
2023-09-22 22:00:00,14.5,14.61,14.5,14.58,258391
2023-09-22 22:30:00,14.58,14.6,14.46,14.47,1007750
2023-09-22 23:00:00,14.47,14.5,14.47,14.49,1901685
2023-09-25 16:30:00,14.26,14.54,14.12,14.54,359578
2023-09-25 17:00:00,14.54,14.54,14.35,14.37,441659
2023-09-25 17:30:00,14.37,14.42,14.29,14.3,297052
2023-09-25 18:00:00,14.3,14.41,14.29,14.35,248188
2023-09-25 18:30:00,14.36,14.42,14.35,14.41,147212
2023-09-25 19:00:00,14.41,14.44,14.39,14.43,97787
2023-09-25 19:30:00,14.43,14.44,14.38,14.41,90969
2023-09-25 20:00:00,14.4,14.45,14.34,14.36,126981
2023-09-25 20:30:00,14.35,14.35,14.32,14.35,157442
2023-09-25 21:00:00,14.35,14.35,14.27,14.3,208773
2023-09-25 21:30:00,14.3,14.34,14.29,14.32,151645
2023-09-25 22:00:00,14.32,14.36,14.28,14.3,184592
2023-09-25 22:30:00,14.3,14.37,14.3,14.35,659477
2023-09-25 23:00:00,14.35,14.36,14.35,14.36,833482
2023-09-26 16:30:00,14.18,14.35,14.14,14.28,140301
2023-09-26 17:00:00,14.29,14.29,14.16,14.24,223323
2023-09-26 17:30:00,14.23,14.24,14.18,14.2,132446
2023-09-26 18:00:00,14.2,14.23,14.12,14.12,130229
2023-09-26 18:30:00,14.12,14.17,14.09,14.16,388960
2023-09-26 19:00:00,14.16,14.21,14.15,14.19,166903
2023-09-26 19:30:00,14.19,14.2,14.16,14.18,140168
2023-09-26 20:00:00,14.18,14.19,14.08,14.08,192827
2023-09-26 20:30:00,14.09,14.11,14.05,14.1,180019
2023-09-26 21:00:00,14.1,14.1,14.06,14.06,174942
2023-09-26 21:30:00,14.06,14.13,14.05,14.12,265548
2023-09-26 22:00:00,14.12,14.15,14.08,14.08,280428
2023-09-26 22:30:00,14.09,14.15,14.08,14.11,663188
2023-09-26 23:00:00,14.1,14.1,14.09,14.09,1411248
2023-09-27 16:30:00,14.14,14.25,14.09,14.2,175060
2023-09-27 17:00:00,14.2,14.22,14.14,14.22,186823
2023-09-27 17:30:00,14.22,14.27,14.17,14.19,299181
2023-09-27 18:00:00,14.18,14.22,14.15,14.17,76937
2023-09-27 18:30:00,14.17,14.18,14.12,14.14,114003
2023-09-27 19:00:00,14.14,14.14,14.06,14.12,216925
2023-09-27 19:30:00,14.13,14.15,14.07,14.08,162826
2023-09-27 20:00:00,14.08,14.13,14.0,14.01,286345
2023-09-27 20:30:00,14.01,14.07,13.96,14.07,317763
2023-09-27 21:00:00,14.08,14.08,14.0,14.08,269315
2023-09-27 21:30:00,14.08,14.16,14.08,14.12,163114
2023-09-27 22:00:00,14.11,14.18,14.09,14.1,364786
2023-09-27 22:30:00,14.1,14.12,14.05,14.09,594895
2023-09-27 23:00:00,14.09,14.1,14.09,14.09,521675
2023-09-28 16:30:00,14.06,14.21,14.05,14.19,163497
2023-09-28 17:00:00,14.18,14.2,14.08,14.09,113225
2023-09-28 17:30:00,14.08,14.17,14.05,14.15,126521
2023-09-28 18:00:00,14.15,14.2,14.14,14.2,104258
2023-09-28 18:30:00,14.2,14.28,14.2,14.28,76449
2023-09-28 19:00:00,14.28,14.35,14.26,14.35,142318
2023-09-28 19:30:00,14.35,14.4,14.34,14.39,323208
2023-09-28 20:00:00,14.39,14.47,14.37,14.44,451249
2023-09-28 20:30:00,14.44,14.44,14.36,14.41,368486
2023-09-28 21:00:00,14.41,14.45,14.39,14.44,126115
2023-09-28 21:30:00,14.44,14.44,14.36,14.43,180931
2023-09-28 22:00:00,14.43,14.48,14.43,14.48,129140
2023-09-28 22:30:00,14.48,14.48,14.37,14.47,994909
2023-09-28 23:00:00,14.47,14.47,14.46,14.47,1237094
2023-09-29 16:30:00,14.6,14.74,14.6,14.69,131808
2023-09-29 17:00:00,14.69,14.7,14.59,14.62,113994
2023-09-29 17:30:00,14.62,14.74,14.61,14.71,195724
2023-09-29 18:00:00,14.71,14.83,14.66,14.8,345708
2023-09-29 18:30:00,14.8,14.81,14.68,14.72,380547
2023-09-29 19:00:00,14.73,14.8,14.72,14.77,209586
2023-09-29 19:30:00,14.77,14.77,14.63,14.67,173964
2023-09-29 20:00:00,14.66,14.66,14.52,14.59,120176
2023-09-29 20:30:00,14.58,14.59,14.48,14.49,163425
2023-09-29 21:00:00,14.48,14.53,14.47,14.48,126204
2023-09-29 21:30:00,14.48,14.6,14.46,14.59,141691
2023-09-29 22:00:00,14.6,14.61,14.5,14.52,155388
2023-09-29 22:30:00,14.53,14.57,14.47,14.53,699210
2023-09-29 23:00:00,14.53,14.53,14.52,14.52,1437069
2023-10-02 16:30:00,14.45,14.46,14.23,14.33,168806
2023-10-02 17:00:00,14.32,14.48,14.3,14.42,417308
2023-10-02 17:30:00,14.42,14.44,14.24,14.29,382362
2023-10-02 18:00:00,14.29,14.39,14.28,14.37,163698
2023-10-02 18:30:00,14.38,14.41,14.33,14.39,254296
2023-10-02 19:00:00,14.38,14.41,14.35,14.38,398876
2023-10-02 19:30:00,14.37,14.39,14.31,14.35,256757
2023-10-02 20:00:00,14.36,14.38,14.3,14.36,260421
2023-10-02 20:30:00,14.36,14.37,14.31,14.31,197662
2023-10-02 21:00:00,14.32,14.4,14.27,14.27,160650
2023-10-02 21:30:00,14.28,14.3,14.23,14.24,206404
2023-10-02 22:00:00,14.23,14.24,14.19,14.21,200132
2023-10-02 22:30:00,14.2,14.26,14.2,14.21,597700
2023-10-02 23:00:00,14.22,14.22,14.21,14.21,1082886
2023-10-03 16:30:00,14.05,14.13,13.92,14.01,279174
2023-10-03 17:00:00,14.0,14.0,13.8,13.81,221696
2023-10-03 17:30:00,13.81,13.84,13.73,13.75,214746
2023-10-03 18:00:00,13.75,13.77,13.69,13.71,207657
2023-10-03 18:30:00,13.7,13.74,13.65,13.66,154185
2023-10-03 19:00:00,13.67,13.72,13.6,13.63,311138
2023-10-03 19:30:00,13.63,13.66,13.61,13.65,200866
2023-10-03 20:00:00,13.65,13.68,13.62,13.64,121615
2023-10-03 20:30:00,13.64,13.64,13.57,13.58,107038
2023-10-03 21:00:00,13.57,13.62,13.55,13.57,393307
2023-10-03 21:30:00,13.58,13.66,13.58,13.65,205357
2023-10-03 22:00:00,13.65,13.65,13.59,13.59,178962
2023-10-03 22:30:00,13.6,13.64,13.57,13.6,768030
2023-10-03 23:00:00,13.61,13.61,13.6,13.6,606020
2023-10-04 16:30:00,13.59,13.73,13.55,13.58,128188
2023-10-04 17:00:00,13.57,13.6,13.43,13.43,143681
2023-10-04 17:30:00,13.44,13.51,13.43,13.47,128393
2023-10-04 18:00:00,13.47,13.52,13.46,13.52,131703
2023-10-04 18:30:00,13.52,13.57,13.47,13.57,118810
2023-10-04 19:00:00,13.56,13.65,13.55,13.64,98810
2023-10-04 19:30:00,13.64,13.66,13.6,13.62,121006
2023-10-04 20:00:00,13.61,13.63,13.55,13.56,115949
2023-10-04 20:30:00,13.56,13.58,13.53,13.54,118166
2023-10-04 21:00:00,13.54,13.56,13.5,13.54,104707
2023-10-04 21:30:00,13.54,13.58,13.52,13.58,120615
2023-10-04 22:00:00,13.58,13.64,13.56,13.64,149097
2023-10-04 22:30:00,13.64,13.75,13.64,13.67,787807
2023-10-04 23:00:00,13.67,13.67,13.65,13.66,1522484
2023-10-05 16:30:00,13.55,13.64,13.43,13.59,229692
2023-10-05 17:00:00,13.59,13.6,13.52,13.53,265162
2023-10-05 17:30:00,13.53,13.54,13.43,13.44,183603
2023-10-05 18:00:00,13.44,13.46,13.38,13.44,158300
2023-10-05 18:30:00,13.44,13.48,13.42,13.44,161518
2023-10-05 19:00:00,13.44,13.53,13.43,13.52,168828
2023-10-05 19:30:00,13.52,13.54,13.48,13.51,120085
2023-10-05 20:00:00,13.52,13.54,13.49,13.52,98920
2023-10-05 20:30:00,13.52,13.59,13.49,13.59,128231
2023-10-05 21:00:00,13.59,13.64,13.58,13.64,126342
2023-10-05 21:30:00,13.64,13.67,13.62,13.64,122558
2023-10-05 22:00:00,13.64,13.64,13.6,13.64,158459
2023-10-05 22:30:00,13.64,13.64,13.6,13.63,444855
2023-10-05 23:00:00,13.63,13.65,13.63,13.65,647292
2023-10-06 16:30:00,13.48,13.56,13.39,13.44,212474
2023-10-06 17:00:00,13.44,13.45,13.26,13.38,205435
2023-10-06 17:30:00,13.38,13.46,13.36,13.38,144881
2023-10-06 18:00:00,13.38,13.51,13.37,13.5,167153
2023-10-06 18:30:00,13.5,13.65,13.48,13.65,146312
2023-10-06 19:00:00,13.65,13.68,13.54,13.56,200454
2023-10-06 19:30:00,13.55,13.58,13.51,13.53,152015
2023-10-06 20:00:00,13.53,13.61,13.53,13.59,121466
2023-10-06 20:30:00,13.59,13.61,13.57,13.6,169606
2023-10-06 21:00:00,13.6,13.63,13.59,13.63,203207
2023-10-06 21:30:00,13.63,13.67,13.62,13.63,191650
2023-10-06 22:00:00,13.64,13.64,13.58,13.61,190775
2023-10-06 22:30:00,13.62,13.63,13.54,13.56,542516
2023-10-06 23:00:00,13.56,13.57,13.56,13.56,447181
2023-10-09 16:30:00,13.42,13.59,13.39,13.43,163723
2023-10-09 17:00:00,13.42,13.46,13.36,13.45,167928
2023-10-09 17:30:00,13.45,13.53,13.41,13.49,205093
2023-10-09 18:00:00,13.49,13.57,13.49,13.56,143721
2023-10-09 18:30:00,13.56,13.57,13.5,13.53,197244
2023-10-09 19:00:00,13.54,13.57,13.5,13.5,113700
2023-10-09 19:30:00,13.51,13.56,13.5,13.5,206436
2023-10-09 20:00:00,13.51,13.54,13.48,13.54,91798
2023-10-09 20:30:00,13.54,13.66,13.53,13.65,183907
2023-10-09 21:00:00,13.65,13.69,13.63,13.68,104959
2023-10-09 21:30:00,13.68,13.72,13.64,13.7,162344
2023-10-09 22:00:00,13.71,13.71,13.62,13.64,174962
2023-10-09 22:30:00,13.64,13.64,13.59,13.63,602950
2023-10-09 23:00:00,13.63,13.63,13.62,13.63,735052
2023-10-10 16:30:00,13.7,13.82,13.7,13.79,227761
2023-10-10 17:00:00,13.79,13.94,13.76,13.93,244184
2023-10-10 17:30:00,13.93,13.94,13.86,13.88,153252
2023-10-10 18:00:00,13.88,13.95,13.87,13.9,98487
2023-10-10 18:30:00,13.89,13.91,13.86,13.9,103713
2023-10-10 19:00:00,13.9,13.92,13.88,13.92,88807
2023-10-10 19:30:00,13.92,13.96,13.91,13.94,220252
2023-10-10 20:00:00,13.93,13.94,13.84,13.9,150548
2023-10-10 20:30:00,13.9,13.92,13.87,13.91,79051
2023-10-10 21:00:00,13.91,13.91,13.83,13.84,133302
2023-10-10 21:30:00,13.85,13.92,13.84,13.85,143970
2023-10-10 22:00:00,13.85,13.86,13.81,13.84,134734
2023-10-10 22:30:00,13.84,13.88,13.83,13.88,490278
2023-10-10 23:00:00,13.88,13.88,13.87,13.88,923824
2023-10-11 16:30:00,13.8,14.05,13.8,13.98,428729
2023-10-11 17:00:00,13.99,14.05,13.89,13.92,269483
2023-10-11 17:30:00,13.92,13.93,13.86,13.9,279818
2023-10-11 18:00:00,13.9,13.94,13.79,13.84,206024
2023-10-11 18:30:00,13.84,13.85,13.74,13.76,156554
2023-10-11 19:00:00,13.77,13.78,13.64,13.66,191242
2023-10-11 19:30:00,13.66,13.7,13.62,13.65,156868
2023-10-11 20:00:00,13.65,13.68,13.62,13.67,306918
2023-10-11 20:30:00,13.67,13.68,13.62,13.63,186128
2023-10-11 21:00:00,13.63,13.68,13.62,13.64,259743
2023-10-11 21:30:00,13.64,13.66,13.58,13.65,547391
2023-10-11 22:00:00,13.66,13.79,13.66,13.79,374222
2023-10-11 22:30:00,13.78,13.83,13.77,13.8,648327
2023-10-11 23:00:00,13.8,13.81,13.8,13.81,594024
2023-10-12 16:30:00,13.77,13.78,13.4,13.4,383418
2023-10-12 17:00:00,13.4,13.51,13.38,13.49,374138
2023-10-12 17:30:00,13.49,13.5,13.42,13.47,188033
2023-10-12 18:00:00,13.46,13.53,13.45,13.51,143546
2023-10-12 18:30:00,13.5,13.51,13.44,13.47,79215
2023-10-12 19:00:00,13.47,13.56,13.47,13.53,94527
2023-10-12 19:30:00,13.53,13.55,13.47,13.48,109002
2023-10-12 20:00:00,13.47,13.47,13.34,13.34,237457
2023-10-12 20:30:00,13.34,13.37,13.3,13.3,177268
2023-10-12 21:00:00,13.3,13.32,13.26,13.32,200722
2023-10-12 21:30:00,13.32,13.34,13.3,13.3,152765
2023-10-12 22:00:00,13.31,13.36,13.3,13.31,204682
2023-10-12 22:30:00,13.31,13.35,13.3,13.33,736596
2023-10-12 23:00:00,13.33,13.33,13.32,13.32,543292
2023-10-13 16:30:00,13.34,13.47,13.32,13.33,232904
2023-10-13 17:00:00,13.33,13.36,13.27,13.31,244057
2023-10-13 17:30:00,13.31,13.39,13.3,13.34,206193
2023-10-13 18:00:00,13.34,13.34,13.26,13.31,180363
2023-10-13 18:30:00,13.31,13.32,13.21,13.23,203814
2023-10-13 19:00:00,13.23,13.27,13.21,13.25,134126
2023-10-13 19:30:00,13.25,13.28,13.16,13.21,146384
2023-10-13 20:00:00,13.21,13.23,13.12,13.13,190422
2023-10-13 20:30:00,13.12,13.2,13.1,13.17,243648
2023-10-13 21:00:00,13.18,13.22,13.15,13.17,322010
2023-10-13 21:30:00,13.17,13.19,13.12,13.16,214261
2023-10-13 22:00:00,13.17,13.19,13.14,13.15,286894
2023-10-13 22:30:00,13.15,13.2,13.13,13.17,866589
2023-10-13 23:00:00,13.18,13.18,13.17,13.17,526141
2023-10-16 16:30:00,13.29,13.36,13.2,13.28,254017
2023-10-16 17:00:00,13.28,13.43,13.24,13.42,360279
2023-10-16 17:30:00,13.43,13.53,13.39,13.53,486407
2023-10-16 18:00:00,13.53,13.57,13.49,13.5,231200
2023-10-16 18:30:00,13.5,13.5,13.43,13.47,183776
2023-10-16 19:00:00,13.47,13.47,13.41,13.45,146520
2023-10-16 19:30:00,13.45,13.48,13.39,13.4,183618
2023-10-16 20:00:00,13.4,13.45,13.33,13.39,215806
2023-10-16 20:30:00,13.39,13.45,13.38,13.43,234233
2023-10-16 21:00:00,13.43,13.43,13.35,13.37,195049
2023-10-16 21:30:00,13.36,13.37,13.32,13.35,182068
2023-10-16 22:00:00,13.34,13.38,13.31,13.37,197320
2023-10-16 22:30:00,13.37,13.39,13.33,13.33,711627
2023-10-16 23:00:00,13.34,13.34,13.32,13.34,552147
2023-10-17 16:30:00,13.2,13.43,13.2,13.36,276474
2023-10-17 17:00:00,13.35,13.38,13.26,13.35,235296
2023-10-17 17:30:00,13.35,13.41,13.32,13.41,146597
2023-10-17 18:00:00,13.41,13.48,13.4,13.44,144618
2023-10-17 18:30:00,13.44,13.53,13.43,13.52,173947
2023-10-17 19:00:00,13.53,13.56,13.52,13.55,144522
2023-10-17 19:30:00,13.55,13.55,13.43,13.45,179761
2023-10-17 20:00:00,13.44,13.5,13.44,13.47,154477
2023-10-17 20:30:00,13.47,13.47,13.38,13.39,141084
2023-10-17 21:00:00,13.38,13.4,13.38,13.4,112682
2023-10-17 21:30:00,13.4,13.45,13.36,13.37,180095
2023-10-17 22:00:00,13.37,13.43,13.37,13.42,200444
2023-10-17 22:30:00,13.42,13.44,13.39,13.44,661785
2023-10-17 23:00:00,13.44,13.45,13.44,13.44,465642
2023-10-18 16:30:00,13.25,13.25,13.01,13.06,400289
2023-10-18 17:00:00,13.06,13.21,13.01,13.15,130991
2023-10-18 17:30:00,13.14,13.18,13.1,13.12,99448
2023-10-18 18:00:00,13.11,13.17,13.1,13.15,133424
2023-10-18 18:30:00,13.14,13.14,13.05,13.07,111588
2023-10-18 19:00:00,13.07,13.11,13.01,13.04,118227
2023-10-18 19:30:00,13.04,13.06,13.01,13.01,108562
2023-10-18 20:00:00,13.01,13.16,12.99,13.1,303632
2023-10-18 20:30:00,13.1,13.15,13.07,13.14,197899
2023-10-18 21:00:00,13.15,13.18,13.11,13.13,113913
2023-10-18 21:30:00,13.12,13.15,13.06,13.09,230692
2023-10-18 22:00:00,13.08,13.09,13.03,13.06,260657
2023-10-18 22:30:00,13.06,13.09,13.01,13.05,1429066
2023-10-18 23:00:00,13.05,13.06,13.05,13.05,28258
2023-10-19 16:30:00,12.97,13.03,12.88,13.02,233855
2023-10-19 17:00:00,13.02,13.09,12.94,12.94,381732
2023-10-19 17:30:00,12.94,12.96,12.89,12.92,363032
2023-10-19 18:00:00,12.92,12.98,12.9,12.95,383891
2023-10-19 18:30:00,12.96,13.0,12.92,12.94,305719
2023-10-19 19:00:00,12.93,13.08,12.89,12.96,344887
2023-10-19 19:30:00,12.97,13.02,12.88,12.98,427899
2023-10-19 20:00:00,12.98,13.1,12.98,13.05,292121
2023-10-19 20:30:00,13.05,13.07,12.94,12.97,260203
2023-10-19 21:00:00,12.96,12.99,12.88,12.92,266842
2023-10-19 21:30:00,12.91,12.91,12.81,12.83,310758
2023-10-19 22:00:00,12.83,12.84,12.74,12.77,623921
2023-10-19 22:30:00,12.77,12.81,12.72,12.8,1096120
2023-10-19 23:00:00,12.8,12.8,12.79,12.8,751586
2023-10-20 16:30:00,12.82,12.89,12.75,12.76,379200
2023-10-20 17:00:00,12.75,12.75,12.65,12.72,288035
2023-10-20 17:30:00,12.71,12.75,12.67,12.7,439868
2023-10-20 18:00:00,12.7,12.72,12.67,12.7,228309
2023-10-20 18:30:00,12.69,12.81,12.67,12.79,182762
2023-10-20 19:00:00,12.78,12.81,12.74,12.77,171642
2023-10-20 19:30:00,12.77,12.83,12.76,12.81,163352
2023-10-20 20:00:00,12.82,12.86,12.78,12.81,284277
2023-10-20 20:30:00,12.82,12.82,12.76,12.8,204711
2023-10-20 21:00:00,12.8,12.8,12.74,12.76,190374
2023-10-20 21:30:00,12.75,12.76,12.7,12.71,363658
2023-10-20 22:00:00,12.72,12.75,12.69,12.72,453198
2023-10-20 22:30:00,12.72,12.73,12.68,12.69,1143699
2023-10-20 23:00:00,12.69,12.7,12.69,12.7,774838
2023-10-23 16:30:00,12.57,12.67,12.49,12.66,513802
2023-10-23 17:00:00,12.67,12.7,12.61,12.61,375963
2023-10-23 17:30:00,12.6,12.65,12.56,12.59,365976
2023-10-23 18:00:00,12.59,12.66,12.57,12.63,203315
2023-10-23 18:30:00,12.64,12.67,12.62,12.67,298716
2023-10-23 19:00:00,12.66,12.67,12.56,12.62,183586
2023-10-23 19:30:00,12.62,12.68,12.61,12.67,287278
2023-10-23 20:00:00,12.68,12.69,12.61,12.63,187931
2023-10-23 20:30:00,12.63,12.69,12.6,12.62,326084
2023-10-23 21:00:00,12.62,12.64,12.56,12.6,593127
2023-10-23 21:30:00,12.61,12.66,12.6,12.64,474811
2023-10-23 22:00:00,12.63,12.64,12.54,12.55,792102
2023-10-23 22:30:00,12.55,12.59,12.49,12.52,1952288
2023-10-23 23:00:00,12.52,12.53,12.52,12.52,813549
2023-10-24 16:30:00,12.94,13.23,12.77,12.93,1193813
2023-10-24 17:00:00,12.93,13.27,12.88,13.23,1079064
2023-10-24 17:30:00,13.23,13.26,13.12,13.14,746237
2023-10-24 18:00:00,13.14,13.17,13.06,13.1,373215
2023-10-24 18:30:00,13.1,13.16,13.09,13.15,297101
2023-10-24 19:00:00,13.14,13.19,13.01,13.02,261312
2023-10-24 19:30:00,13.01,13.05,12.98,13.0,269583
2023-10-24 20:00:00,13.0,13.02,12.97,13.01,425593
2023-10-24 20:30:00,13.01,13.02,12.95,12.96,262775
2023-10-24 21:00:00,12.96,13.08,12.95,13.05,374326
2023-10-24 21:30:00,13.05,13.1,13.03,13.06,336251
2023-10-24 22:00:00,13.07,13.12,13.04,13.1,333179
2023-10-24 22:30:00,13.1,13.1,13.04,13.04,1129242
2023-10-24 23:00:00,13.04,13.05,13.02,13.03,901325
2023-10-25 16:30:00,12.88,12.95,12.72,12.75,231901
2023-10-25 17:00:00,12.75,12.75,12.53,12.58,337636
2023-10-25 17:30:00,12.58,12.64,12.52,12.55,354003
2023-10-25 18:00:00,12.55,12.72,12.55,12.71,473007
2023-10-25 18:30:00,12.7,12.77,12.64,12.64,347762
2023-10-25 19:00:00,12.64,12.64,12.57,12.59,358234
2023-10-25 19:30:00,12.59,12.62,12.51,12.52,214664
2023-10-25 20:00:00,12.52,12.57,12.48,12.54,258435
2023-10-25 20:30:00,12.53,12.56,12.48,12.54,216211
2023-10-25 21:00:00,12.53,12.61,12.53,12.59,325567
2023-10-25 21:30:00,12.59,12.61,12.55,12.57,314016
2023-10-25 22:00:00,12.58,12.61,12.56,12.58,419426
2023-10-25 22:30:00,12.58,12.61,12.56,12.59,881834
2023-10-25 23:00:00,12.59,12.59,12.58,12.59,572604
2023-10-26 16:30:00,12.62,12.86,12.61,12.78,303631
2023-10-26 17:00:00,12.77,12.96,12.76,12.93,741353
2023-10-26 17:30:00,12.94,13.08,12.88,13.06,918642
2023-10-26 18:00:00,13.06,13.13,12.94,12.96,737451
2023-10-26 18:30:00,12.96,13.01,12.93,12.97,443362
2023-10-26 19:00:00,12.97,12.97,12.86,12.92,293025
2023-10-26 19:30:00,12.91,12.94,12.86,12.91,301861
2023-10-26 20:00:00,12.91,12.95,12.85,12.87,300747
2023-10-26 20:30:00,12.86,12.9,12.83,12.89,318299
2023-10-26 21:00:00,12.89,12.92,12.87,12.89,290509
2023-10-26 21:30:00,12.89,12.98,12.88,12.98,233593
2023-10-26 22:00:00,12.98,13.01,12.95,12.95,327928
2023-10-26 22:30:00,12.95,12.96,12.89,12.9,1129679
2023-10-26 23:00:00,12.9,12.9,12.89,12.9,575124
2023-10-27 16:30:00,12.98,12.98,12.72,12.8,258281
2023-10-27 17:00:00,12.8,12.9,12.76,12.87,257803
2023-10-27 17:30:00,12.86,12.95,12.85,12.94,297705
2023-10-27 18:00:00,12.94,12.97,12.9,12.95,168982
2023-10-27 18:30:00,12.94,12.95,12.9,12.94,207240
2023-10-27 19:00:00,12.94,12.96,12.89,12.92,358626
2023-10-27 19:30:00,12.92,12.99,12.91,12.93,150653
2023-10-27 20:00:00,12.94,12.94,12.86,12.88,262034
2023-10-27 20:30:00,12.87,12.88,12.82,12.84,204427
2023-10-27 21:00:00,12.84,12.84,12.76,12.78,201482
2023-10-27 21:30:00,12.77,12.86,12.76,12.77,269822
2023-10-27 22:00:00,12.76,12.79,12.74,12.79,315795
2023-10-27 22:30:00,12.79,12.8,12.73,12.77,816497
2023-10-27 23:00:00,12.77,12.77,12.76,12.76,704135
2023-10-30 16:30:00,12.95,13.02,12.8,12.83,162704
2023-10-30 17:00:00,12.83,12.83,12.68,12.7,175010
2023-10-30 17:30:00,12.7,12.76,12.68,12.73,172365
2023-10-30 18:00:00,12.73,12.78,12.68,12.71,145819
2023-10-30 18:30:00,12.71,12.75,12.69,12.74,261670
2023-10-30 19:00:00,12.74,12.77,12.73,12.76,96760
2023-10-30 19:30:00,12.76,12.8,12.74,12.8,178050
2023-10-30 20:00:00,12.8,12.9,12.8,12.9,199225
2023-10-30 20:30:00,12.9,12.93,12.85,12.93,247797
2023-10-30 21:00:00,12.93,12.94,12.88,12.94,211414
2023-10-30 21:30:00,12.94,13.0,12.93,12.99,285188
2023-10-30 22:00:00,12.99,13.08,12.99,13.06,446327
2023-10-30 22:30:00,13.06,13.06,12.94,12.95,775041
2023-10-30 23:00:00,12.95,12.95,12.95,12.95,434902
2023-10-31 16:30:00,13.0,13.03,12.87,12.88,171244
2023-10-31 17:00:00,12.87,12.89,12.77,12.81,181585
2023-10-31 17:30:00,12.82,12.9,12.73,12.9,204967
2023-10-31 18:00:00,12.9,12.94,12.89,12.91,163031
2023-10-31 18:30:00,12.91,12.91,12.86,12.91,120903
2023-10-31 19:00:00,12.91,12.92,12.79,12.82,195573
2023-10-31 19:30:00,12.82,12.87,12.8,12.86,106084
2023-10-31 20:00:00,12.86,12.87,12.82,12.84,101176
2023-10-31 20:30:00,12.84,12.86,12.82,12.84,94050
2023-10-31 21:00:00,12.84,12.9,12.84,12.89,182509
2023-10-31 21:30:00,12.89,12.95,12.88,12.95,156838
2023-10-31 22:00:00,12.95,12.97,12.92,12.94,218516
2023-10-31 22:30:00,12.94,12.99,12.89,12.98,1146684
2023-10-31 23:00:00,12.97,12.97,12.97,12.97,745683
2023-11-01 16:30:00,12.99,13.0,12.8,12.96,170354
2023-11-01 17:00:00,12.97,13.08,12.92,13.08,154635
2023-11-01 17:30:00,13.08,13.17,13.08,13.1,242470
2023-11-01 18:00:00,13.1,13.1,12.98,13.0,146991
2023-11-01 18:30:00,12.99,13.06,12.99,13.03,137196
2023-11-01 19:00:00,13.03,13.04,12.95,12.96,164830
2023-11-01 19:30:00,12.95,12.97,12.92,12.93,148241
2023-11-01 20:00:00,12.92,12.93,12.86,12.89,95839
2023-11-01 20:30:00,12.88,12.92,12.86,12.91,110067
2023-11-01 21:00:00,12.91,12.97,12.89,12.92,225271
2023-11-01 21:30:00,12.92,12.99,12.87,12.99,306102
2023-11-01 22:00:00,12.98,13.11,12.98,13.06,448769
2023-11-01 22:30:00,13.05,13.09,13.03,13.07,791335
2023-11-01 23:00:00,13.07,13.07,13.07,13.07,936316
2023-11-02 16:30:00,13.34,13.41,13.25,13.33,347183
2023-11-02 17:00:00,13.33,13.38,13.24,13.38,437984
2023-11-02 17:30:00,13.38,13.41,13.35,13.37,190772
2023-11-02 18:00:00,13.37,13.46,13.35,13.46,203785
2023-11-02 18:30:00,13.46,13.54,13.45,13.5,275230
2023-11-02 19:00:00,13.49,13.55,13.48,13.51,120566
2023-11-02 19:30:00,13.51,13.55,13.5,13.51,116336
2023-11-02 20:00:00,13.51,13.55,13.51,13.52,108923
2023-11-02 20:30:00,13.52,13.57,13.52,13.57,152416
2023-11-02 21:00:00,13.57,13.58,13.51,13.55,182975
2023-11-02 21:30:00,13.54,13.58,13.52,13.54,115996
2023-11-02 22:00:00,13.54,13.58,13.53,13.55,157584
2023-11-02 22:30:00,13.55,13.59,13.53,13.54,538021
2023-11-02 23:00:00,13.53,13.54,13.53,13.54,447694
2023-11-03 16:30:00,13.91,14.11,13.86,14.09,243745
2023-11-03 17:00:00,14.1,14.13,13.99,13.99,190258
2023-11-03 17:30:00,14.0,14.02,13.87,13.91,196387
2023-11-03 18:00:00,13.91,14.05,13.91,14.03,202781
2023-11-03 18:30:00,14.02,14.09,14.02,14.09,154235
2023-11-03 19:00:00,14.09,14.1,14.01,14.02,146444
2023-11-03 19:30:00,14.02,14.04,13.96,13.99,115457
2023-11-03 20:00:00,13.98,13.99,13.9,13.91,156620
2023-11-03 20:30:00,13.91,13.95,13.89,13.95,178140
2023-11-03 21:00:00,13.95,13.96,13.89,13.92,175314
2023-11-03 21:30:00,13.92,13.96,13.92,13.94,135156
2023-11-03 22:00:00,13.94,13.94,13.87,13.89,198918
2023-11-03 22:30:00,13.88,13.9,13.85,13.88,728720
2023-11-03 23:00:00,13.88,13.88,13.87,13.88,502707
2023-11-06 17:30:00,13.9,13.94,13.64,13.66,218961
2023-11-06 18:00:00,13.65,13.67,13.55,13.58,142519
2023-11-06 18:30:00,13.58,13.64,13.56,13.61,134778
2023-11-06 19:00:00,13.6,13.63,13.57,13.59,98562
2023-11-06 19:30:00,13.59,13.61,13.55,13.57,390320
2023-11-06 20:00:00,13.57,13.59,13.49,13.49,182806
2023-11-06 20:30:00,13.5,13.51,13.46,13.47,112982
2023-11-06 21:00:00,13.47,13.47,13.35,13.4,316487
2023-11-06 21:30:00,13.4,13.42,13.36,13.4,117890
2023-11-06 22:00:00,13.4,13.42,13.37,13.42,133516
2023-11-06 22:30:00,13.41,13.47,13.4,13.47,103944
2023-11-06 23:00:00,13.47,13.47,13.43,13.45,120250
2023-11-06 23:30:00,13.45,13.5,13.42,13.5,497793
2023-11-07 00:00:00,13.5,13.5,13.49,13.5,410740
2023-11-07 17:30:00,13.44,13.47,13.33,13.39,214776
2023-11-07 18:00:00,13.39,13.48,13.36,13.47,173358
2023-11-07 18:30:00,13.47,13.52,13.45,13.5,141097
2023-11-07 19:00:00,13.5,13.5,13.45,13.46,154963
2023-11-07 19:30:00,13.46,13.48,13.41,13.44,85472
2023-11-07 20:00:00,13.43,13.43,13.39,13.4,60436
2023-11-07 20:30:00,13.4,13.41,13.34,13.37,89344
2023-11-07 21:00:00,13.36,13.38,13.35,13.36,68225
2023-11-07 21:30:00,13.36,13.38,13.33,13.36,115984
2023-11-07 22:00:00,13.36,13.41,13.34,13.4,76419
2023-11-07 22:30:00,13.4,13.4,13.35,13.38,63176
2023-11-07 23:00:00,13.38,13.41,13.34,13.35,171733
2023-11-07 23:30:00,13.35,13.37,13.29,13.31,678573
2023-11-08 00:00:00,13.31,13.31,13.3,13.3,415683
2023-11-08 17:30:00,13.29,13.4,13.23,13.38,153706
2023-11-08 18:00:00,13.39,13.43,13.33,13.37,267470
2023-11-08 18:30:00,13.38,13.38,13.32,13.35,141295
2023-11-08 19:00:00,13.35,13.38,13.31,13.33,138939
2023-11-08 19:30:00,13.33,13.38,13.31,13.32,108460
2023-11-08 20:00:00,13.33,13.33,13.26,13.28,138443
2023-11-08 20:30:00,13.28,13.28,13.25,13.27,135509
2023-11-08 21:00:00,13.27,13.32,13.26,13.31,103674
2023-11-08 21:30:00,13.31,13.35,13.3,13.3,118553
2023-11-08 22:00:00,13.3,13.32,13.28,13.29,169626
2023-11-08 22:30:00,13.28,13.29,13.24,13.25,136862
2023-11-08 23:00:00,13.25,13.27,13.22,13.26,231098
2023-11-08 23:30:00,13.27,13.28,13.24,13.27,1242302
2023-11-09 00:00:00,13.28,13.28,13.27,13.28,841727
2023-11-09 17:30:00,13.2,13.29,13.15,13.17,238391
2023-11-09 18:00:00,13.17,13.18,13.09,13.15,153067
2023-11-09 18:30:00,13.15,13.15,13.07,13.15,257348
2023-11-09 19:00:00,13.15,13.16,13.1,13.11,142603
2023-11-09 19:30:00,13.1,13.14,13.07,13.11,84663
2023-11-09 20:00:00,13.11,13.14,13.1,13.1,79223
2023-11-09 20:30:00,13.1,13.17,13.1,13.14,112685
2023-11-09 21:00:00,13.14,13.15,13.02,13.05,265491
2023-11-09 21:30:00,13.06,13.06,12.88,12.89,332998
2023-11-09 22:00:00,12.88,12.9,12.84,12.88,191294
2023-11-09 22:30:00,12.88,12.9,12.82,12.84,169469
2023-11-09 23:00:00,12.84,12.87,12.81,12.82,241006
2023-11-09 23:30:00,12.82,12.83,12.77,12.77,762672
2023-11-10 00:00:00,12.78,12.78,12.77,12.78,910739
2023-11-10 17:30:00,12.92,12.92,12.68,12.88,252137
2023-11-10 18:00:00,12.87,12.89,12.81,12.82,207768
2023-11-10 18:30:00,12.82,12.87,12.8,12.85,150948
2023-11-10 19:00:00,12.85,12.94,12.85,12.91,168911
2023-11-10 19:30:00,12.9,12.96,12.85,12.9,221118
2023-11-10 20:00:00,12.9,12.96,12.9,12.94,158754
2023-11-10 20:30:00,12.94,13.03,12.94,13.0,160254
2023-11-10 21:00:00,13.0,13.05,12.97,13.02,123168
2023-11-10 21:30:00,13.03,13.09,13.03,13.09,259903
2023-11-10 22:00:00,13.09,13.11,13.05,13.09,170741
2023-11-10 22:30:00,13.09,13.13,13.07,13.07,183643
2023-11-10 23:00:00,13.08,13.13,13.07,13.12,280058
2023-11-10 23:30:00,13.12,13.13,13.07,13.09,775401
2023-11-11 00:00:00,13.08,13.09,13.08,13.08,533784
2023-11-13 17:30:00,12.97,13.03,12.83,12.9,169727
2023-11-13 18:00:00,12.89,12.96,12.84,12.92,203946
2023-11-13 18:30:00,12.92,12.95,12.9,12.94,147036
2023-11-13 19:00:00,12.94,12.98,12.91,12.98,108682
2023-11-13 19:30:00,12.98,13.02,12.95,13.0,232623
2023-11-13 20:00:00,13.0,13.04,12.98,13.02,247310
2023-11-13 20:30:00,13.02,13.04,13.0,13.04,132124
2023-11-13 21:00:00,13.04,13.04,12.97,12.99,432646
2023-11-13 21:30:00,12.99,13.01,12.92,12.93,205832
2023-11-13 22:00:00,12.93,12.94,12.89,12.93,109738
2023-11-13 22:30:00,12.93,12.98,12.93,12.94,195348
2023-11-13 23:00:00,12.93,12.96,12.93,12.94,124076
2023-11-13 23:30:00,12.94,12.98,12.93,12.95,445796
2023-11-14 00:00:00,12.95,12.96,12.95,12.96,578245
2023-11-14 17:30:00,13.42,13.63,13.4,13.6,697887
2023-11-14 18:00:00,13.6,13.72,13.6,13.71,183037
2023-11-14 18:30:00,13.7,13.78,13.67,13.76,151394
2023-11-14 19:00:00,13.76,13.85,13.76,13.84,201764
2023-11-14 19:30:00,13.83,13.85,13.79,13.8,209356
2023-11-14 20:00:00,13.8,13.81,13.75,13.79,171726
2023-11-14 20:30:00,13.79,13.84,13.78,13.79,151039
2023-11-14 21:00:00,13.79,13.82,13.76,13.79,206483
2023-11-14 21:30:00,13.79,13.82,13.78,13.79,218761
2023-11-14 22:00:00,13.79,13.79,13.71,13.73,176626
2023-11-14 22:30:00,13.73,13.77,13.72,13.74,149848
2023-11-14 23:00:00,13.74,13.78,13.71,13.74,303102
2023-11-14 23:30:00,13.73,13.76,13.67,13.7,611809
2023-11-15 00:00:00,13.7,13.71,13.69,13.7,713614
2023-11-15 17:30:00,13.63,13.81,13.6,13.78,510107
2023-11-15 18:00:00,13.78,13.85,13.78,13.82,538184
2023-11-15 18:30:00,13.82,13.96,13.82,13.89,437486
2023-11-15 19:00:00,13.89,13.95,13.84,13.87,241441
2023-11-15 19:30:00,13.86,13.87,13.75,13.81,286330
2023-11-15 20:00:00,13.81,13.86,13.75,13.84,186100
2023-11-15 20:30:00,13.84,13.88,13.81,13.82,133567
2023-11-15 21:00:00,13.82,13.83,13.76,13.79,187896
2023-11-15 21:30:00,13.79,13.81,13.77,13.79,117976
2023-11-15 22:00:00,13.79,13.81,13.77,13.79,123715
2023-11-15 22:30:00,13.79,13.81,13.77,13.79,113507
2023-11-15 23:00:00,13.79,13.81,13.74,13.75,329086
2023-11-15 23:30:00,13.75,13.77,13.71,13.73,1085347
2023-11-16 00:00:00,13.74,13.74,13.74,13.74,853387
2023-11-16 17:30:00,13.67,13.83,13.63,13.64,171303
2023-11-16 18:00:00,13.65,13.7,13.62,13.69,154670
2023-11-16 18:30:00,13.69,13.76,13.68,13.73,287129
2023-11-16 19:00:00,13.73,13.79,13.71,13.78,219776
2023-11-16 19:30:00,13.78,13.78,13.68,13.72,159726
2023-11-16 20:00:00,13.72,13.77,13.7,13.72,163994
2023-11-16 20:30:00,13.72,13.76,13.7,13.75,100024
2023-11-16 21:00:00,13.75,13.77,13.71,13.76,130482
2023-11-16 21:30:00,13.76,13.77,13.71,13.75,129001
2023-11-16 22:00:00,13.75,13.77,13.67,13.68,331969
2023-11-16 22:30:00,13.68,13.74,13.68,13.72,176027
2023-11-16 23:00:00,13.72,13.76,13.7,13.72,182747
2023-11-16 23:30:00,13.72,13.72,13.66,13.71,862348
2023-11-17 00:00:00,13.71,13.71,13.71,13.71,594778
2023-11-17 17:30:00,13.88,13.93,13.79,13.82,183105
2023-11-17 18:00:00,13.81,13.87,13.79,13.87,94796
2023-11-17 18:30:00,13.87,13.93,13.84,13.9,147737
2023-11-17 19:00:00,13.91,13.91,13.79,13.79,101501
2023-11-17 19:30:00,13.79,13.82,13.77,13.79,89572
2023-11-17 20:00:00,13.78,13.82,13.78,13.8,83085
2023-11-17 20:30:00,13.8,13.82,13.8,13.81,55440
2023-11-17 21:00:00,13.81,13.84,13.8,13.81,95192
2023-11-17 21:30:00,13.81,13.85,13.8,13.85,77983
2023-11-17 22:00:00,13.85,13.85,13.83,13.84,75631
2023-11-17 22:30:00,13.83,13.84,13.81,13.82,116293
2023-11-17 23:00:00,13.82,13.85,13.8,13.84,173420
2023-11-17 23:30:00,13.84,13.86,13.8,13.84,625167
2023-11-18 00:00:00,13.85,13.85,13.84,13.84,637811
2023-11-20 17:30:00,13.83,13.83,13.63,13.74,100333
2023-11-20 18:00:00,13.74,13.83,13.7,13.82,100041
2023-11-20 18:30:00,13.82,13.86,13.78,13.84,113226
2023-11-20 19:00:00,13.84,13.9,13.8,13.89,175320
2023-11-20 19:30:00,13.89,13.92,13.88,13.9,84530
2023-11-20 20:00:00,13.9,13.9,13.86,13.89,69247
2023-11-20 20:30:00,13.89,13.9,13.85,13.89,78358
2023-11-20 21:00:00,13.89,13.92,13.87,13.88,73699
2023-11-20 21:30:00,13.88,13.93,13.87,13.92,100514
2023-11-20 22:00:00,13.92,13.94,13.89,13.91,79185
2023-11-20 22:30:00,13.91,13.93,13.9,13.92,91603
2023-11-20 23:00:00,13.92,13.98,13.92,13.98,162573
2023-11-20 23:30:00,13.98,13.98,13.92,13.95,773503
2023-11-21 00:00:00,13.95,13.96,13.95,13.96,796288
2023-11-21 17:30:00,13.84,13.91,13.59,13.6,200292
2023-11-21 18:00:00,13.6,13.69,13.6,13.63,188374
2023-11-21 18:30:00,13.63,13.68,13.62,13.66,213373
2023-11-21 19:00:00,13.66,13.69,13.64,13.65,159504
2023-11-21 19:30:00,13.66,13.67,13.6,13.66,163517
2023-11-21 20:00:00,13.66,13.71,13.66,13.71,208038
2023-11-21 20:30:00,13.71,13.74,13.7,13.72,174231
2023-11-21 21:00:00,13.72,13.72,13.69,13.71,242015
2023-11-21 21:30:00,13.71,13.72,13.7,13.7,157140
2023-11-21 22:00:00,13.71,13.72,13.69,13.71,163408
2023-11-21 22:30:00,13.71,13.71,13.66,13.68,161186
2023-11-21 23:00:00,13.67,13.71,13.66,13.67,205093
2023-11-21 23:30:00,13.67,13.76,13.66,13.75,947577
2023-11-22 00:00:00,13.75,13.76,13.75,13.75,548731
2023-11-22 17:30:00,13.88,13.91,13.7,13.86,244987
2023-11-22 18:00:00,13.86,13.89,13.82,13.87,194475
2023-11-22 18:30:00,13.87,13.9,13.82,13.84,122091
2023-11-22 19:00:00,13.84,13.84,13.78,13.79,120569
2023-11-22 19:30:00,13.79,13.82,13.77,13.82,101307
2023-11-22 20:00:00,13.82,13.83,13.79,13.8,119987
2023-11-22 20:30:00,13.8,13.81,13.77,13.81,118992
2023-11-22 21:00:00,13.81,13.85,13.8,13.85,129706
2023-11-22 21:30:00,13.85,13.86,13.84,13.84,132474
2023-11-22 22:00:00,13.84,13.87,13.81,13.83,158555
2023-11-22 22:30:00,13.83,13.84,13.78,13.82,155203
2023-11-22 23:00:00,13.81,13.84,13.79,13.84,172944
2023-11-22 23:30:00,13.84,13.85,13.82,13.85,467032
2023-11-23 00:00:00,13.84,13.85,13.84,13.84,1834
2023-11-24 17:30:00,13.77,13.83,13.68,13.75,169748
2023-11-24 18:00:00,13.74,13.77,13.71,13.75,154840
2023-11-24 18:30:00,13.76,13.78,13.7,13.76,117468
2023-11-24 19:00:00,13.76,13.76,13.69,13.71,117864
2023-11-24 19:30:00,13.71,13.72,13.68,13.68,100117
2023-11-24 20:00:00,13.69,13.71,13.67,13.68,134683
2023-11-24 20:30:00,13.67,13.81,13.67,13.81,379355
2023-11-24 21:00:00,13.81,13.82,13.81,13.81,295291
2023-11-27 17:30:00,13.71,13.71,13.55,13.62,167632
2023-11-27 18:00:00,13.62,13.71,13.62,13.7,122420
2023-11-27 18:30:00,13.7,13.71,13.65,13.67,139608
2023-11-27 19:00:00,13.68,13.68,13.62,13.66,135436
2023-11-27 19:30:00,13.66,13.67,13.61,13.63,207484
2023-11-27 20:00:00,13.63,13.63,13.59,13.6,158153
2023-11-27 20:30:00,13.6,13.62,13.59,13.59,111296
2023-11-27 21:00:00,13.59,13.62,13.57,13.59,208998
2023-11-27 21:30:00,13.59,13.66,13.58,13.66,181664
2023-11-27 22:00:00,13.66,13.69,13.66,13.69,166886
2023-11-27 22:30:00,13.69,13.72,13.68,13.71,435053
2023-11-27 23:00:00,13.71,13.75,13.71,13.75,276029
2023-11-27 23:30:00,13.75,13.77,13.72,13.77,808222
2023-11-28 00:00:00,13.77,13.77,13.77,13.77,539760
2023-11-28 17:30:00,13.73,13.77,13.53,13.66,285835
2023-11-28 18:00:00,13.66,13.69,13.59,13.65,1006973
2023-11-28 18:30:00,13.65,13.73,13.64,13.71,1765418
2023-11-28 19:00:00,13.71,13.72,13.65,13.65,1500483
2023-11-28 19:30:00,13.65,13.72,13.65,13.72,333617
2023-11-28 20:00:00,13.71,13.75,13.68,13.72,597182
2023-11-28 20:30:00,13.72,13.75,13.69,13.75,188708
2023-11-28 21:00:00,13.74,13.75,13.7,13.75,272407
2023-11-28 21:30:00,13.75,13.79,13.73,13.77,328159
2023-11-28 22:00:00,13.76,13.8,13.73,13.74,282756
2023-11-28 22:30:00,13.74,13.79,13.72,13.78,290584
2023-11-28 23:00:00,13.77,13.81,13.77,13.81,494119
2023-11-28 23:30:00,13.81,13.85,13.75,13.77,2919496
2023-11-29 00:00:00,13.77,13.77,13.75,13.77,1132672
2023-11-29 17:30:00,13.85,14.26,13.85,14.26,1112932
2023-11-29 18:00:00,14.26,14.45,14.26,14.4,751589
2023-11-29 18:30:00,14.41,14.44,14.35,14.41,348875
2023-11-29 19:00:00,14.41,14.44,14.26,14.3,435313
2023-11-29 19:30:00,14.3,14.37,14.28,14.35,368993
2023-11-29 20:00:00,14.35,14.38,14.33,14.36,216930
2023-11-29 20:30:00,14.36,14.38,14.33,14.34,134880
2023-11-29 21:00:00,14.34,14.36,14.31,14.35,179433
2023-11-29 21:30:00,14.35,14.38,14.33,14.38,406914
2023-11-29 22:00:00,14.38,14.42,14.37,14.38,264105
2023-11-29 22:30:00,14.37,14.38,14.29,14.31,336287
2023-11-29 23:00:00,14.3,14.32,14.28,14.3,286426
2023-11-29 23:30:00,14.3,14.35,14.27,14.27,1590806
2023-11-30 00:00:00,14.27,14.28,14.27,14.28,1036267
2023-11-30 17:30:00,14.4,14.46,14.26,14.46,663142
2023-11-30 18:00:00,14.46,14.51,14.42,14.45,447931
2023-11-30 18:30:00,14.45,14.46,14.34,14.43,564746
2023-11-30 19:00:00,14.43,14.52,14.41,14.49,699381
2023-11-30 19:30:00,14.5,14.5,14.36,14.4,211056
2023-11-30 20:00:00,14.4,14.45,14.39,14.39,261725
2023-11-30 20:30:00,14.39,14.46,14.37,14.43,315454
2023-11-30 21:00:00,14.43,14.45,14.39,14.42,188076
2023-11-30 21:30:00,14.42,14.44,14.36,14.36,253545
2023-11-30 22:00:00,14.36,14.39,14.33,14.37,260849
2023-11-30 22:30:00,14.38,14.41,14.35,14.39,316007
2023-11-30 23:00:00,14.39,14.4,14.29,14.31,577234
2023-11-30 23:30:00,14.3,14.31,14.23,14.27,4419127
2023-12-01 00:00:00,14.27,14.27,14.26,14.27,34947467
2023-12-01 17:30:00,14.3,14.33,14.14,14.25,370479
2023-12-01 18:00:00,14.26,14.41,14.26,14.35,207463
2023-12-01 18:30:00,14.35,14.42,14.34,14.37,192665
2023-12-01 19:00:00,14.37,14.47,14.29,14.47,155597
2023-12-01 19:30:00,14.47,14.62,14.43,14.61,332408
2023-12-01 20:00:00,14.61,14.7,14.6,14.68,393926
2023-12-01 20:30:00,14.68,14.74,14.68,14.73,285649
2023-12-01 21:00:00,14.73,14.77,14.7,14.77,315418
2023-12-01 21:30:00,14.77,14.8,14.74,14.77,380586
2023-12-01 22:00:00,14.77,14.79,14.73,14.76,300828
2023-12-01 22:30:00,14.76,14.78,14.73,14.76,173458
2023-12-01 23:00:00,14.76,14.78,14.68,14.78,414357
2023-12-01 23:30:00,14.78,14.86,14.76,14.85,1655174
2023-12-02 00:00:00,14.86,14.86,14.85,14.86,645411
2023-12-04 17:30:00,14.73,15.04,14.71,14.88,341296
2023-12-04 18:00:00,14.87,14.94,14.83,14.83,377039
2023-12-04 18:30:00,14.83,14.93,14.81,14.83,189790
2023-12-04 19:00:00,14.83,14.94,14.79,14.93,494140
2023-12-04 19:30:00,14.92,15.02,14.89,15.0,281701
2023-12-04 20:00:00,15.0,15.01,14.9,14.91,192106
2023-12-04 20:30:00,14.91,14.99,14.9,14.98,317510
2023-12-04 21:00:00,14.98,14.98,14.93,14.93,229870
2023-12-04 21:30:00,14.92,15.02,14.91,14.99,460168
2023-12-04 22:00:00,14.99,15.02,14.97,14.99,198114
2023-12-04 22:30:00,15.0,15.04,14.97,15.04,196944
2023-12-04 23:00:00,15.04,15.07,15.0,15.01,345665
2023-12-04 23:30:00,15.01,15.04,14.96,15.04,1021504
2023-12-05 00:00:00,15.04,15.04,15.03,15.03,1380723
2023-12-05 17:30:00,14.93,14.96,14.72,14.73,209511
2023-12-05 18:00:00,14.74,14.82,14.67,14.74,412683
2023-12-05 18:30:00,14.74,14.76,14.68,14.76,201528
2023-12-05 19:00:00,14.76,14.86,14.76,14.85,389368
2023-12-05 19:30:00,14.84,14.94,14.83,14.92,825812
2023-12-05 20:00:00,14.92,14.96,14.9,14.93,245463
2023-12-05 20:30:00,14.93,14.95,14.89,14.94,178108
2023-12-05 21:00:00,14.95,15.03,14.92,15.01,210725
2023-12-05 21:30:00,15.01,15.02,14.97,15.0,142746
2023-12-05 22:00:00,15.0,15.04,14.98,15.04,171495
2023-12-05 22:30:00,15.04,15.07,15.02,15.07,174851
2023-12-05 23:00:00,15.06,15.06,14.99,15.0,211078
2023-12-05 23:30:00,15.01,15.06,14.97,15.01,1112962
2023-12-06 00:00:00,15.0,15.01,15.0,15.0,1411835
2023-12-06 17:30:00,15.1,15.2,15.01,15.18,220506
2023-12-06 18:00:00,15.18,15.24,15.04,15.05,218728
2023-12-06 18:30:00,15.05,15.11,14.98,15.03,202982
2023-12-06 19:00:00,15.03,15.13,15.02,15.11,167382
2023-12-06 19:30:00,15.11,15.12,15.03,15.12,264045
2023-12-06 20:00:00,15.11,15.12,15.03,15.03,147931
2023-12-06 20:30:00,15.03,15.04,14.95,14.95,113935
2023-12-06 21:00:00,14.95,14.99,14.93,14.98,136198
2023-12-06 21:30:00,14.97,15.02,14.96,14.96,242708
2023-12-06 22:00:00,14.97,15.04,14.96,14.99,93062
2023-12-06 22:30:00,14.99,15.04,14.98,15.02,116112
2023-12-06 23:00:00,15.01,15.03,14.94,14.96,198421
2023-12-06 23:30:00,14.95,15.0,14.94,15.0,725608
2023-12-07 00:00:00,15.0,15.0,14.99,15.0,492647
2023-12-07 17:30:00,15.06,15.06,14.82,14.98,329190
2023-12-07 18:00:00,14.98,15.01,14.92,14.98,211915
2023-12-07 18:30:00,14.98,15.02,14.96,14.97,234377
2023-12-07 19:00:00,14.97,14.98,14.82,14.86,368776
2023-12-07 19:30:00,14.86,14.87,14.81,14.87,367160
2023-12-07 20:00:00,14.87,14.97,14.87,14.94,215198
2023-12-07 20:30:00,14.94,15.05,14.94,14.99,156080
2023-12-07 21:00:00,14.99,15.0,14.96,14.97,196903
2023-12-07 21:30:00,14.97,15.05,14.96,15.04,234550
2023-12-07 22:00:00,15.04,15.1,15.03,15.1,355051
2023-12-07 22:30:00,15.1,15.17,15.09,15.11,576176
2023-12-07 23:00:00,15.11,15.13,15.07,15.11,499305
2023-12-07 23:30:00,15.1,15.13,15.09,15.13,1184414
2023-12-08 00:00:00,15.13,15.13,15.12,15.13,1501803
2023-12-08 17:30:00,15.17,15.21,15.08,15.12,335094
2023-12-08 18:00:00,15.13,15.27,15.1,15.19,996335
2023-12-08 18:30:00,15.19,15.22,15.11,15.17,256089
2023-12-08 19:00:00,15.17,15.21,15.12,15.17,200588
2023-12-08 19:30:00,15.17,15.2,15.14,15.15,224049
2023-12-08 20:00:00,15.15,15.17,15.08,15.17,186380
2023-12-08 20:30:00,15.17,15.17,15.14,15.15,146546
2023-12-08 21:00:00,15.16,15.19,15.14,15.17,126725
2023-12-08 21:30:00,15.18,15.18,15.09,15.13,255603
2023-12-08 22:00:00,15.13,15.15,15.08,15.1,252332
2023-12-08 22:30:00,15.1,15.16,15.06,15.12,411019
2023-12-08 23:00:00,15.12,15.15,15.08,15.15,431836
2023-12-08 23:30:00,15.15,15.22,15.14,15.22,1537842
2023-12-09 00:00:00,15.22,15.22,15.2,15.21,1042039
2023-12-11 17:30:00,15.13,15.29,15.1,15.21,200136
2023-12-11 18:00:00,15.21,15.23,15.13,15.14,218913
2023-12-11 18:30:00,15.15,15.23,15.14,15.22,292538
2023-12-11 19:00:00,15.22,15.25,15.17,15.25,270156
2023-12-11 19:30:00,15.24,15.25,15.22,15.25,419786
2023-12-11 20:00:00,15.25,15.25,15.21,15.25,99151
2023-12-11 20:30:00,15.25,15.29,15.24,15.28,239993
2023-12-11 21:00:00,15.28,15.32,15.27,15.31,197647
2023-12-11 21:30:00,15.31,15.31,15.26,15.27,152490
2023-12-11 22:00:00,15.26,15.28,15.25,15.27,126078
2023-12-11 22:30:00,15.27,15.27,15.22,15.22,126867
2023-12-11 23:00:00,15.22,15.22,15.17,15.2,243743
2023-12-11 23:30:00,15.2,15.25,15.19,15.24,1146831
2023-12-12 00:00:00,15.24,15.24,15.24,15.24,693732
2023-12-12 17:30:00,15.27,15.43,15.22,15.33,425408
2023-12-12 18:00:00,15.33,15.41,15.29,15.38,614996
2023-12-12 18:30:00,15.38,15.46,15.36,15.46,409692
2023-12-12 19:00:00,15.46,15.46,15.38,15.39,173869
2023-12-12 19:30:00,15.4,15.43,15.38,15.42,160058
2023-12-12 20:00:00,15.41,15.42,15.38,15.42,209644
2023-12-12 20:30:00,15.42,15.43,15.39,15.4,123747
2023-12-12 21:00:00,15.4,15.45,15.39,15.45,98123
2023-12-12 21:30:00,15.45,15.48,15.44,15.48,181659
2023-12-12 22:00:00,15.47,15.47,15.44,15.46,158557
2023-12-12 22:30:00,15.46,15.47,15.44,15.45,167140
2023-12-12 23:00:00,15.45,15.5,15.44,15.48,341515
2023-12-12 23:30:00,15.48,15.54,15.42,15.54,1990817
2023-12-13 00:00:00,15.54,15.54,15.52,15.52,869441
2023-12-13 17:30:00,15.52,15.59,15.49,15.51,145182
2023-12-13 18:00:00,15.51,15.56,15.49,15.56,129541
2023-12-13 18:30:00,15.56,15.57,15.51,15.53,146933
2023-12-13 19:00:00,15.54,15.55,15.52,15.53,72386
2023-12-13 19:30:00,15.53,15.57,15.51,15.55,112349
2023-12-13 20:00:00,15.55,15.55,15.5,15.51,54557
2023-12-13 20:30:00,15.51,15.52,15.45,15.46,248172
2023-12-13 21:00:00,15.46,15.51,15.42,15.51,192507
2023-12-13 21:30:00,15.51,15.6,15.48,15.58,601439
2023-12-13 22:00:00,15.59,15.94,15.59,15.93,784275
2023-12-13 22:30:00,15.93,16.21,15.91,16.18,700914
2023-12-13 23:00:00,16.18,16.34,16.18,16.29,881781
2023-12-13 23:30:00,16.29,16.38,16.27,16.35,1637648
2023-12-14 00:00:00,16.35,16.35,16.34,16.34,900163
2023-12-14 17:30:00,16.8,17.45,16.78,17.37,1247977
2023-12-14 18:00:00,17.37,17.46,17.24,17.43,1029309
2023-12-14 18:30:00,17.43,17.58,17.4,17.58,790194
2023-12-14 19:00:00,17.58,17.61,17.47,17.57,501391
2023-12-14 19:30:00,17.57,17.62,17.48,17.56,377966
2023-12-14 20:00:00,17.56,17.63,17.52,17.62,386733
2023-12-14 20:30:00,17.62,17.7,17.56,17.58,435806
2023-12-14 21:00:00,17.58,17.69,17.53,17.53,413379
2023-12-14 21:30:00,17.54,17.56,17.43,17.45,525618
2023-12-14 22:00:00,17.45,17.62,17.45,17.6,266499
2023-12-14 22:30:00,17.6,17.65,17.58,17.64,260137
2023-12-14 23:00:00,17.64,17.71,17.57,17.7,410814
2023-12-14 23:30:00,17.7,17.71,17.51,17.58,1909456
2023-12-15 00:00:00,17.58,17.59,17.57,17.58,1428965
2023-12-15 17:30:00,17.51,17.66,17.3,17.34,1209316
2023-12-15 18:00:00,17.35,17.69,17.35,17.67,460502
2023-12-15 18:30:00,17.66,17.66,17.53,17.65,567774
2023-12-15 19:00:00,17.65,17.69,17.6,17.65,196937
2023-12-15 19:30:00,17.65,17.67,17.61,17.63,239883
2023-12-15 20:00:00,17.63,17.64,17.55,17.61,175823
2023-12-15 20:30:00,17.61,17.62,17.55,17.58,187226
2023-12-15 21:00:00,17.58,17.62,17.56,17.62,131090
2023-12-15 21:30:00,17.62,17.64,17.53,17.56,327600
2023-12-15 22:00:00,17.55,17.57,17.49,17.51,246700
2023-12-15 22:30:00,17.51,17.55,17.45,17.51,431365
2023-12-15 23:00:00,17.51,17.53,17.43,17.49,291710
2023-12-15 23:30:00,17.49,17.58,17.43,17.54,1236083
2023-12-16 00:00:00,17.54,17.54,17.53,17.54,2895034
2023-12-18 17:30:00,17.6,17.68,17.52,17.58,400527
2023-12-18 18:00:00,17.58,17.65,17.43,17.44,193371
2023-12-18 18:30:00,17.45,17.5,17.33,17.35,229037
2023-12-18 19:00:00,17.34,17.41,17.31,17.38,198366
2023-12-18 19:30:00,17.37,17.42,17.35,17.41,93768
2023-12-18 20:00:00,17.41,17.48,17.41,17.47,126757
2023-12-18 20:30:00,17.48,17.5,17.44,17.47,74030
2023-12-18 21:00:00,17.47,17.47,17.42,17.44,72772
2023-12-18 21:30:00,17.43,17.46,17.41,17.44,69565
2023-12-18 22:00:00,17.43,17.44,17.37,17.39,96422
2023-12-18 22:30:00,17.39,17.41,17.37,17.4,99018
2023-12-18 23:00:00,17.4,17.42,17.37,17.37,112175
2023-12-18 23:30:00,17.37,17.4,17.34,17.35,559275
2023-12-19 00:00:00,17.35,17.35,17.34,17.34,745362
2023-12-19 17:30:00,17.42,17.63,17.34,17.62,292768
2023-12-19 18:00:00,17.62,17.76,17.62,17.75,297002
2023-12-19 18:30:00,17.74,17.77,17.67,17.67,148459
2023-12-19 19:00:00,17.67,17.72,17.64,17.64,103918
2023-12-19 19:30:00,17.64,17.68,17.56,17.63,119700
2023-12-19 20:00:00,17.62,17.64,17.57,17.6,75507
2023-12-19 20:30:00,17.6,17.63,17.58,17.6,55008
2023-12-19 21:00:00,17.61,17.64,17.56,17.56,138142
2023-12-19 21:30:00,17.57,17.61,17.56,17.58,118759
2023-12-19 22:00:00,17.58,17.59,17.54,17.56,77554
2023-12-19 22:30:00,17.56,17.66,17.53,17.65,194162
2023-12-19 23:00:00,17.66,17.71,17.64,17.71,196835
2023-12-19 23:30:00,17.71,17.71,17.61,17.63,735673
2023-12-20 00:00:00,17.62,17.63,17.6,17.6,931147
2023-12-20 17:30:00,17.49,17.6,17.42,17.52,153317
2023-12-20 18:00:00,17.52,17.59,17.47,17.51,118738
2023-12-20 18:30:00,17.51,17.61,17.51,17.54,114502
2023-12-20 19:00:00,17.53,17.56,17.5,17.54,173167
2023-12-20 19:30:00,17.54,17.55,17.49,17.51,139989
2023-12-20 20:00:00,17.51,17.54,17.48,17.53,165063
2023-12-20 20:30:00,17.53,17.57,17.52,17.55,145131
2023-12-20 21:00:00,17.55,17.55,17.51,17.54,129869
2023-12-20 21:30:00,17.54,17.55,17.5,17.5,127760
2023-12-20 22:00:00,17.5,17.53,17.46,17.48,189758
2023-12-20 22:30:00,17.47,17.47,17.24,17.28,256822
2023-12-20 23:00:00,17.28,17.37,17.15,17.24,172670
2023-12-20 23:30:00,17.24,17.28,17.09,17.09,1013272
2023-12-21 00:00:00,17.09,17.1,17.08,17.08,1013709
2023-12-21 17:30:00,17.2,17.44,17.19,17.41,248669
2023-12-21 18:00:00,17.41,17.46,17.26,17.37,223544
2023-12-21 18:30:00,17.38,17.42,17.36,17.39,90202
2023-12-21 19:00:00,17.4,17.43,17.39,17.39,82215
2023-12-21 19:30:00,17.39,17.4,17.31,17.34,78949
2023-12-21 20:00:00,17.33,17.36,17.26,17.3,101593
2023-12-21 20:30:00,17.3,17.34,17.23,17.25,255809
2023-12-21 21:00:00,17.25,17.26,17.14,17.23,147292
2023-12-21 21:30:00,17.23,17.26,17.2,17.25,98620
2023-12-21 22:00:00,17.26,17.26,17.19,17.2,106800
2023-12-21 22:30:00,17.2,17.26,17.19,17.23,136537
2023-12-21 23:00:00,17.23,17.35,17.22,17.34,205037
2023-12-21 23:30:00,17.34,17.49,17.32,17.48,1023257
2023-12-22 00:00:00,17.48,17.48,17.46,17.48,449476
2023-12-22 17:30:00,17.6,17.82,17.52,17.7,258525
2023-12-22 18:00:00,17.7,17.8,17.67,17.75,328979
2023-12-22 18:30:00,17.75,17.77,17.63,17.64,235992
2023-12-22 19:00:00,17.64,17.72,17.59,17.72,163236
2023-12-22 19:30:00,17.72,17.73,17.66,17.69,174449
2023-12-22 20:00:00,17.68,17.73,17.68,17.72,97009
2023-12-22 20:30:00,17.72,17.74,17.7,17.72,54482
2023-12-22 21:00:00,17.73,17.74,17.71,17.72,75732
2023-12-22 21:30:00,17.72,17.73,17.7,17.73,79016
2023-12-22 22:00:00,17.73,17.73,17.59,17.59,122186
2023-12-22 22:30:00,17.59,17.71,17.57,17.7,132717
2023-12-22 23:00:00,17.7,17.72,17.66,17.7,150658
2023-12-22 23:30:00,17.7,17.72,17.65,17.7,687863
2023-12-23 00:00:00,17.71,17.71,17.7,17.7,274924
2023-12-26 17:30:00,17.72,17.82,17.66,17.8,175480
2023-12-26 18:00:00,17.8,17.9,17.79,17.82,204706
2023-12-26 18:30:00,17.82,17.84,17.79,17.84,101506
2023-12-26 19:00:00,17.84,17.87,17.81,17.84,156700
2023-12-26 19:30:00,17.84,17.9,17.83,17.9,65752
2023-12-26 20:00:00,17.89,17.91,17.88,17.9,64954
2023-12-26 20:30:00,17.91,17.93,17.87,17.91,57134
2023-12-26 21:00:00,17.9,17.94,17.9,17.92,59839
2023-12-26 21:30:00,17.92,17.93,17.88,17.9,84812
2023-12-26 22:00:00,17.91,17.95,17.89,17.94,117368
2023-12-26 22:30:00,17.94,17.95,17.93,17.95,49557
2023-12-26 23:00:00,17.95,18.01,17.94,17.99,128318
2023-12-26 23:30:00,17.99,18.01,17.95,17.97,619362
2023-12-27 00:00:00,17.97,17.97,17.96,17.96,375256
2023-12-27 17:30:00,18.01,18.03,17.9,17.92,183844
2023-12-27 18:00:00,17.92,18.02,17.91,17.99,207207
2023-12-27 18:30:00,17.99,18.0,17.96,17.96,129407
2023-12-27 19:00:00,17.95,18.0,17.93,17.98,75788
2023-12-27 19:30:00,17.97,18.04,17.97,18.01,77611
2023-12-27 20:00:00,18.02,18.05,18.0,18.04,63905
2023-12-27 20:30:00,18.04,18.06,18.0,18.03,87188
2023-12-27 21:00:00,18.03,18.1,18.03,18.07,137515
2023-12-27 21:30:00,18.07,18.1,18.05,18.05,86610
2023-12-27 22:00:00,18.05,18.06,17.98,18.05,140669
2023-12-27 22:30:00,18.04,18.07,18.03,18.04,134451
2023-12-27 23:00:00,18.05,18.05,18.01,18.04,143886
2023-12-27 23:30:00,18.04,18.07,17.99,18.05,551298
2023-12-28 00:00:00,18.05,18.06,18.04,18.06,369454
2023-12-28 17:30:00,17.95,18.11,17.91,18.1,96957
2023-12-28 18:00:00,18.09,18.15,18.08,18.15,78710
2023-12-28 18:30:00,18.15,18.17,18.06,18.08,102065
2023-12-28 19:00:00,18.08,18.11,18.05,18.07,158277
2023-12-28 19:30:00,18.08,18.12,18.06,18.09,63224
2023-12-28 20:00:00,18.09,18.11,18.07,18.09,82257
2023-12-28 20:30:00,18.08,18.12,18.08,18.1,39599
2023-12-28 21:00:00,18.1,18.11,18.06,18.09,47172
2023-12-28 21:30:00,18.09,18.12,18.07,18.08,63476
2023-12-28 22:00:00,18.09,18.11,18.08,18.09,61760
2023-12-28 22:30:00,18.09,18.12,18.06,18.08,72275
2023-12-28 23:00:00,18.08,18.09,18.04,18.07,130648
2023-12-28 23:30:00,18.07,18.11,18.04,18.08,476278
2023-12-29 00:00:00,18.08,18.08,18.07,18.07,344527
2023-12-29 17:30:00,17.94,18.09,17.9,18.02,92718
2023-12-29 18:00:00,18.03,18.04,17.94,17.94,69539
2023-12-29 18:30:00,17.94,17.94,17.84,17.87,75452
2023-12-29 19:00:00,17.86,17.9,17.8,17.83,56047
2023-12-29 19:30:00,17.83,17.9,17.83,17.88,55574
2023-12-29 20:00:00,17.88,17.91,17.82,17.83,89442
2023-12-29 20:30:00,17.83,17.92,17.83,17.91,87521
2023-12-29 21:00:00,17.91,17.93,17.88,17.88,72294
2023-12-29 21:30:00,17.89,17.93,17.88,17.89,54684
2023-12-29 22:00:00,17.9,17.91,17.86,17.87,67884
2023-12-29 22:30:00,17.88,17.9,17.87,17.89,66948
2023-12-29 23:00:00,17.89,17.9,17.86,17.87,89411
2023-12-29 23:30:00,17.87,17.89,17.79,17.83,581879
2023-12-30 00:00:00,17.84,17.84,17.84,17.84,441293
2024-01-02 17:30:00,17.71,17.76,17.59,17.75,315535
2024-01-02 18:00:00,17.75,17.78,17.64,17.66,192877
2024-01-02 18:30:00,17.65,17.66,17.52,17.59,350620
2024-01-02 19:00:00,17.59,17.68,17.58,17.63,171251
2024-01-02 19:30:00,17.62,17.8,17.61,17.8,126029
2024-01-02 20:00:00,17.8,17.82,17.74,17.81,108451
2024-01-02 20:30:00,17.81,17.86,17.8,17.83,71183
2024-01-02 21:00:00,17.83,17.84,17.79,17.81,87398
2024-01-02 21:30:00,17.81,17.85,17.79,17.79,107833
2024-01-02 22:00:00,17.79,17.79,17.72,17.74,102816
2024-01-02 22:30:00,17.73,17.74,17.65,17.66,77341
2024-01-02 23:00:00,17.65,17.68,17.62,17.64,124950
2024-01-02 23:30:00,17.64,17.78,17.63,17.74,753711
2024-01-03 00:00:00,17.74,17.75,17.73,17.75,880790
2024-01-03 17:30:00,17.5,17.52,17.29,17.29,233375
2024-01-03 18:00:00,17.29,17.36,17.26,17.26,147977
2024-01-03 18:30:00,17.26,17.27,17.14,17.24,363613
2024-01-03 19:00:00,17.25,17.36,17.24,17.32,167054
2024-01-03 19:30:00,17.33,17.38,17.32,17.36,74589
2024-01-03 20:00:00,17.36,17.36,17.31,17.32,121324
2024-01-03 20:30:00,17.32,17.38,17.32,17.37,81685
2024-01-03 21:00:00,17.37,17.42,17.37,17.41,136350
2024-01-03 21:30:00,17.41,17.45,17.37,17.43,110237
2024-01-03 22:00:00,17.42,17.46,17.36,17.46,125796
2024-01-03 22:30:00,17.46,17.48,17.41,17.42,102311
2024-01-03 23:00:00,17.42,17.42,17.29,17.32,144211
2024-01-03 23:30:00,17.33,17.37,17.26,17.27,900798
2024-01-04 00:00:00,17.28,17.28,17.27,17.27,822849
2024-01-04 17:30:00,17.36,17.54,17.25,17.46,478056
2024-01-04 18:00:00,17.46,17.59,17.44,17.53,248412
2024-01-04 18:30:00,17.53,17.57,17.52,17.53,151576
2024-01-04 19:00:00,17.53,17.57,17.5,17.5,270422
2024-01-04 19:30:00,17.5,17.52,17.42,17.45,175876
2024-01-04 20:00:00,17.46,17.46,17.39,17.45,103726
2024-01-04 20:30:00,17.45,17.47,17.42,17.43,202840
2024-01-04 21:00:00,17.43,17.47,17.42,17.45,160183
2024-01-04 21:30:00,17.45,17.49,17.43,17.46,125849
2024-01-04 22:00:00,17.46,17.53,17.45,17.49,370147
2024-01-04 22:30:00,17.49,17.58,17.49,17.56,134508
2024-01-04 23:00:00,17.56,17.63,17.54,17.61,175278
2024-01-04 23:30:00,17.61,17.62,17.48,17.5,606032
