datetime,open,high,low,close,volume
2011-12-14 08:00:00,63.0,63.0,60.0,63.0,70
2011-12-14 12:00:00,60.0,63.0,60.0,63.0,60
2011-12-14 16:00:00,60.0,60.0,60.0,60.0,70
2011-12-15 16:00:00,62.0,62.0,62.0,62.0,10
2011-12-16 08:00:00,62.0,63.0,62.0,63.0,210
2011-12-16 12:00:00,62.0,62.0,62.0,62.0,80
2011-12-16 16:00:00,62.0,62.0,62.0,62.0,70
2011-12-20 12:00:00,62.0,69.0,62.0,62.0,23450
2011-12-21 08:00:00,62.0,62.0,60.0,60.0,300
2011-12-21 12:00:00,61.8,62.8,61.8,62.8,900
2011-12-21 16:00:00,60.8,60.8,59.0,59.0,500
2011-12-22 08:00:00,61.4,62.0,60.0,62.0,60
2011-12-26 12:00:00,61.0,73.0,61.0,73.0,570
2011-12-27 16:00:00,64.0,64.0,64.0,64.0,20
2011-12-28 08:00:00,64.0,64.0,64.0,64.0,120
2011-12-30 12:00:00,63.0,64.0,63.0,64.0,200
2012-01-06 12:00:00,61.0,64.0,61.0,64.0,20
2012-01-06 16:00:00,64.0,64.0,64.0,64.0,50
2012-01-10 12:00:00,64.0,64.0,64.0,64.0,50
2012-01-11 12:00:00,64.0,64.0,64.0,64.0,10
2012-01-12 08:00:00,64.0,66.0,64.0,66.0,70
2012-01-13 08:00:00,66.0,66.0,66.0,66.0,100
2012-01-13 16:00:00,67.0,67.0,67.0,67.0,10
2012-01-16 08:00:00,66.6,66.6,65.1,65.1,40
2012-01-16 16:00:00,65.9,65.9,65.9,65.9,10
2012-01-17 08:00:00,66.0,66.0,66.0,66.0,10
2012-01-17 16:00:00,66.0,66.0,66.0,66.0,20
2012-01-18 12:00:00,67.0,67.0,67.0,67.0,10
2012-01-19 12:00:00,61.0,63.8,61.0,63.8,580
2012-01-20 12:00:00,60.0,63.0,60.0,63.0,20
2012-01-20 16:00:00,63.0,63.0,63.0,63.0,10
2012-01-23 12:00:00,63.0,63.0,63.0,63.0,10
2012-01-23 16:00:00,60.0,62.8,60.0,62.8,110
2012-01-24 12:00:00,63.0,63.0,63.0,63.0,10
2012-01-25 08:00:00,62.9,62.9,62.9,62.9,20
2012-01-25 16:00:00,62.9,62.9,62.9,62.9,40
2012-01-26 12:00:00,63.0,66.0,63.0,64.4,110
2012-01-26 16:00:00,63.0,63.0,63.0,63.0,20
2012-01-27 12:00:00,63.0,63.0,63.0,63.0,10
2012-01-30 16:00:00,64.0,64.0,64.0,64.0,240
2012-01-31 08:00:00,64.0,64.0,64.0,64.0,10
2012-01-31 12:00:00,62.2,63.6,62.2,63.6,210
2012-01-31 16:00:00,62.0,62.8,62.0,62.8,780
2012-02-01 08:00:00,63.0,63.0,63.0,63.0,10
2012-02-01 12:00:00,63.0,64.0,63.0,64.0,3240
2012-02-01 16:00:00,64.0,65.0,64.0,64.8,3280
2012-02-02 08:00:00,65.6,65.6,65.2,65.2,860
2012-02-02 12:00:00,65.2,65.6,65.2,65.2,360
2012-02-02 16:00:00,65.2,65.2,65.2,65.2,100
2012-02-03 08:00:00,64.2,64.2,64.2,64.2,100
2012-02-03 12:00:00,65.8,65.8,65.8,65.8,150
2012-02-03 16:00:00,66.6,66.6,66.6,66.6,10
2012-02-06 12:00:00,66.0,69.0,66.0,69.0,2880
2012-02-06 16:00:00,67.0,68.0,67.0,68.0,170
2012-02-07 12:00:00,68.0,69.8,68.0,69.6,660
2012-02-07 16:00:00,68.0,69.4,68.0,68.0,390
2012-02-08 12:00:00,68.0,70.0,68.0,69.0,1090
2012-02-09 12:00:00,69.0,70.0,69.0,70.0,450
2012-02-09 16:00:00,69.0,70.0,69.0,69.0,340
2012-02-10 12:00:00,69.0,71.0,69.0,71.0,780
2012-02-10 16:00:00,69.0,69.0,69.0,69.0,50
2012-02-13 08:00:00,70.0,71.0,70.0,71.0,50
2012-02-13 12:00:00,71.0,72.6,68.0,71.4,1630
2012-02-13 16:00:00,71.4,72.4,71.4,72.4,940
2012-02-14 08:00:00,71.0,72.4,71.0,72.4,340
2012-02-14 12:00:00,72.4,72.4,72.4,72.4,10
2012-02-15 08:00:00,72.8,74.0,72.8,74.0,410
2012-02-16 08:00:00,74.8,76.4,74.8,76.4,400
2012-02-16 12:00:00,75.4,76.6,75.4,76.4,1080
2012-02-16 16:00:00,75.6,75.6,72.2,72.2,90
2012-02-17 08:00:00,76.5,76.9,72.9,72.9,1050
2012-02-17 16:00:00,70.7,70.7,70.7,70.7,10
2012-02-20 08:00:00,75.7,77.3,71.9,71.9,930
2012-02-20 12:00:00,72.1,74.9,72.1,74.9,310
2012-02-21 08:00:00,75.0,76.0,72.0,74.0,330
2012-02-21 12:00:00,74.0,76.0,72.2,76.0,3510
2012-02-21 16:00:00,74.0,74.8,74.0,74.0,1330
2012-02-22 08:00:00,75.0,75.0,75.0,75.0,1000
2012-02-22 12:00:00,75.0,75.4,74.0,75.4,4610
2012-02-22 16:00:00,74.6,74.8,74.6,74.6,9680
2012-02-24 08:00:00,68.1,75.3,68.1,75.3,2080
2012-02-24 12:00:00,75.3,75.7,74.9,75.7,5810
2012-02-24 16:00:00,75.7,76.9,75.7,75.9,2560
2012-02-27 08:00:00,76.5,76.9,76.5,76.5,500
2012-02-27 12:00:00,75.1,76.1,75.1,75.1,1440
2012-02-27 16:00:00,75.1,75.1,75.1,75.1,4850
2012-02-28 08:00:00,74.0,74.0,74.0,74.0,10
2012-02-28 12:00:00,75.0,75.4,75.0,75.4,7140
2012-02-28 16:00:00,75.8,77.6,75.8,77.6,3200
2012-02-29 08:00:00,77.0,80.4,77.0,80.4,12960
2012-02-29 12:00:00,77.4,79.8,77.4,79.8,710
2012-02-29 16:00:00,79.0,79.0,78.0,78.0,670
2012-03-01 12:00:00,80.0,80.0,77.8,78.0,1250
2012-03-01 16:00:00,77.6,80.0,77.6,79.2,4200
2012-03-02 08:00:00,79.3,79.4,78.8,78.8,600
2012-03-02 12:00:00,78.8,78.8,78.8,78.8,700
2012-03-02 16:00:00,78.8,79.6,77.6,78.6,1170
2012-03-05 08:00:00,82.0,82.0,82.0,82.0,20
2012-03-05 12:00:00,80.0,80.4,80.0,80.4,790
2012-03-06 16:00:00,79.5,79.5,79.5,79.5,10
2012-03-07 08:00:00,77.3,77.3,77.3,77.3,160
2012-03-07 12:00:00,77.3,78.5,77.1,78.5,320
2012-03-07 16:00:00,78.1,78.1,78.1,78.1,230
2012-03-11 08:00:00,79.5,79.5,78.7,79.1,1150
2012-03-11 16:00:00,78.1,78.1,78.1,78.1,30
2012-03-12 08:00:00,78.5,78.5,77.5,77.5,70
2012-03-12 16:00:00,77.1,77.1,76.1,76.1,60
2012-03-13 08:00:00,77.1,77.1,77.1,77.1,10
2012-03-13 12:00:00,77.1,77.1,76.1,76.1,160
2012-03-13 16:00:00,76.1,76.1,76.1,76.1,380
2012-03-14 12:00:00,77.0,77.0,77.0,77.0,3710
2012-03-14 16:00:00,77.0,77.0,77.0,77.0,2710
2012-03-15 16:00:00,77.2,77.2,77.2,77.2,10
2012-03-16 08:00:00,77.2,77.2,77.2,77.2,10
2012-03-19 12:00:00,75.0,77.2,75.0,77.0,3760
2012-03-19 16:00:00,75.0,75.0,75.0,75.0,30
2012-03-20 12:00:00,75.0,76.4,75.0,75.0,560
2012-03-20 16:00:00,75.0,77.2,74.4,74.6,1090
2012-03-21 16:00:00,76.5,76.5,75.1,75.1,310
2012-03-22 08:00:00,75.8,75.8,75.8,75.8,1000
2012-03-22 12:00:00,75.8,75.8,75.8,75.8,3560
2012-03-22 16:00:00,76.8,76.8,75.8,75.8,680
2012-03-26 12:00:00,77.0,77.0,77.0,77.0,500
2012-03-26 16:00:00,77.0,77.8,77.0,77.8,1500
2012-03-29 12:00:00,77.8,77.9,77.8,77.9,820
2012-03-29 16:00:00,77.9,77.9,77.9,77.9,2500
2012-03-30 08:00:00,78.0,78.4,78.0,78.4,6610
2012-03-30 12:00:00,78.0,78.4,77.0,78.4,3570
2012-03-30 16:00:00,78.0,78.4,78.0,78.4,110
2012-04-02 08:00:00,77.0,77.0,77.0,77.0,230
2012-04-02 12:00:00,77.8,79.6,77.8,79.6,540
2012-04-02 16:00:00,78.4,78.4,78.4,78.4,70
2012-04-03 08:00:00,79.3,79.3,79.3,79.3,90
2012-04-03 16:00:00,78.5,78.5,78.5,78.5,650
2012-04-04 12:00:00,78.7,78.7,78.5,78.5,3630
2012-04-04 16:00:00,78.5,78.5,78.1,78.1,2600
2012-04-05 12:00:00,77.5,77.5,77.5,77.5,10
2012-04-06 08:00:00,79.5,79.7,79.5,79.5,260
2012-04-06 12:00:00,79.5,79.5,79.1,79.5,10080
2012-04-06 16:00:00,78.3,79.5,78.3,79.5,360
2012-04-09 08:00:00,79.0,79.9,77.7,77.7,7910
2012-04-09 12:00:00,77.3,77.3,77.3,77.3,40
2012-04-10 12:00:00,78.6,79.0,78.6,79.0,10760
2012-04-11 08:00:00,78.5,78.9,78.5,78.9,80
2012-04-11 12:00:00,78.5,78.5,78.5,78.5,2000
2012-04-11 16:00:00,80.1,80.1,80.1,80.1,20
2012-04-12 08:00:00,84.0,84.0,80.6,81.6,740
2012-04-12 12:00:00,83.0,86.2,83.0,86.2,330
2012-04-12 16:00:00,86.2,86.2,86.2,86.2,10
2012-04-13 12:00:00,88.0,89.3,88.0,89.3,500
2012-04-13 16:00:00,86.3,86.3,86.3,86.3,40
2012-04-16 08:00:00,92.0,92.0,84.2,87.2,90
2012-04-16 12:00:00,87.2,87.2,84.2,85.2,200
2012-04-16 16:00:00,88.2,88.2,88.2,88.2,60
2012-04-17 08:00:00,84.0,87.0,78.5,87.0,9170
2012-04-17 12:00:00,86.6,93.8,86.6,89.0,850
2012-04-17 16:00:00,84.2,89.0,84.2,89.0,20
2012-04-18 08:00:00,85.0,86.0,85.0,86.0,250
2012-04-18 12:00:00,84.4,86.8,84.0,86.8,3350
2012-04-19 08:00:00,88.0,88.0,88.0,88.0,2500
2012-04-19 16:00:00,85.0,85.0,85.0,85.0,100
2012-04-20 08:00:00,88.0,89.0,88.0,89.0,40
2012-04-20 16:00:00,88.6,88.8,84.0,84.0,290
2012-04-23 12:00:00,88.8,90.0,88.8,89.0,200
2012-04-24 08:00:00,89.8,90.0,89.8,90.0,50
2012-04-24 16:00:00,88.0,88.0,88.0,88.0,20
2012-04-25 16:00:00,86.0,86.0,86.0,86.0,540
2012-04-26 12:00:00,86.0,86.0,86.0,86.0,100
2012-04-27 08:00:00,87.0,89.9,87.0,89.9,640
2012-04-27 12:00:00,88.1,89.7,88.1,88.5,350
2012-04-27 16:00:00,86.1,86.1,86.1,86.1,10
2012-04-28 12:00:00,88.5,88.9,85.5,85.5,1370
2012-04-28 16:00:00,85.1,85.1,85.1,85.1,20
2012-05-02 08:00:00,88.5,89.5,88.5,89.5,90
2012-05-02 12:00:00,89.7,89.7,89.7,89.7,1320
2012-05-02 16:00:00,89.5,89.5,89.5,89.5,30
2012-05-03 12:00:00,88.5,89.3,86.5,86.5,1900
2012-05-03 16:00:00,86.5,86.5,86.5,86.5,20
2012-05-04 08:00:00,86.0,88.2,86.0,88.2,300
2012-05-04 12:00:00,88.4,88.4,88.2,88.2,40
2012-05-04 16:00:00,84.0,84.0,84.0,84.0,40
2012-05-05 08:00:00,84.0,84.0,84.0,84.0,40
2012-05-05 16:00:00,87.8,89.2,84.8,84.8,2820
2012-05-07 12:00:00,89.3,89.3,89.3,89.3,10
2012-05-08 12:00:00,86.9,86.9,86.9,86.9,1320
2012-05-10 08:00:00,87.0,87.0,87.0,87.0,10
2012-05-11 08:00:00,84.8,84.8,84.8,84.8,10
2012-05-12 16:00:00,82.6,82.6,82.6,82.6,10
2012-05-14 12:00:00,81.1,81.1,80.1,80.1,1330
2012-05-15 12:00:00,73.5,73.5,73.5,73.5,10
2012-05-16 12:00:00,85.0,85.0,85.0,85.0,280
2012-05-23 08:00:00,84.0,84.0,84.0,84.0,10
2012-06-01 08:00:00,61.2,83.0,61.2,83.0,20
2012-06-01 12:00:00,80.0,83.8,80.0,83.8,70
2012-06-15 12:00:00,83.1,83.1,70.0,70.0,20
2012-06-15 16:00:00,83.4,83.4,71.2,72.2,80
2012-06-18 08:00:00,83.6,83.6,83.6,83.6,10
2012-06-18 12:00:00,81.0,81.0,78.6,78.6,20
2012-06-18 16:00:00,81.0,81.0,81.0,81.0,10
2012-06-26 16:00:00,81.0,83.9,81.0,83.9,600
2012-06-27 08:00:00,79.3,79.3,79.3,79.3,40
2012-06-27 12:00:00,66.1,66.1,66.1,66.1,10
2012-06-27 16:00:00,79.3,79.3,79.3,79.3,40
2012-06-29 16:00:00,79.2,79.2,79.2,79.2,30
2012-07-03 12:00:00,79.7,79.7,79.7,79.7,20
2012-07-03 16:00:00,79.5,79.5,79.5,79.5,20
2012-07-05 12:00:00,79.5,79.5,79.5,79.5,70
2012-07-05 16:00:00,79.5,79.5,79.5,79.5,40
2012-07-13 16:00:00,79.5,79.5,79.5,79.5,30
2012-07-16 12:00:00,79.5,79.5,79.5,79.5,10
2012-07-17 12:00:00,79.5,79.5,79.5,79.5,20
2012-07-18 12:00:00,79.5,79.5,79.5,79.5,10
2012-07-25 08:00:00,75.5,75.5,75.1,75.1,760
2012-07-25 16:00:00,75.1,75.1,75.1,75.1,200
2012-07-30 16:00:00,75.0,75.0,75.0,75.0,10
2012-07-31 12:00:00,80.5,80.5,80.5,80.5,10
2012-07-31 16:00:00,75.5,75.5,75.5,75.5,650
2012-08-06 16:00:00,79.8,83.2,75.2,75.2,240
2012-08-07 16:00:00,75.5,75.5,75.5,75.5,650
2012-08-08 16:00:00,79.5,79.5,79.5,79.5,10
2012-08-09 12:00:00,75.5,75.5,75.5,75.5,650
2012-08-09 16:00:00,75.1,75.1,75.1,75.1,600
2012-08-13 16:00:00,75.0,75.0,75.0,75.0,10
2012-08-20 12:00:00,75.0,75.0,75.0,75.0,100
2012-08-21 16:00:00,78.0,78.0,78.0,78.0,20
2012-08-22 12:00:00,75.0,75.0,75.0,75.0,150
2012-08-23 08:00:00,75.0,75.0,75.0,75.0,20
2012-09-10 12:00:00,75.0,75.0,75.0,75.0,30
2012-09-10 16:00:00,80.0,80.0,80.0,80.0,30
2012-09-19 16:00:00,79.5,81.6,79.5,81.0,110
2012-09-20 08:00:00,81.8,81.8,81.8,81.8,10
2012-09-20 16:00:00,82.0,82.0,82.0,82.0,10
2012-09-21 16:00:00,78.0,78.0,78.0,78.0,10
2012-09-28 12:00:00,78.5,79.0,78.5,79.0,1000
2012-09-28 16:00:00,78.6,78.6,78.6,78.6,10
2012-10-01 12:00:00,78.5,78.5,78.5,78.5,10
2012-10-09 12:00:00,78.5,78.5,78.5,78.5,10
2012-10-11 12:00:00,78.0,78.0,78.0,78.0,770
2012-10-15 12:00:00,79.0,79.0,79.0,79.0,500
2012-10-16 16:00:00,80.0,80.0,80.0,80.0,10
2012-10-17 08:00:00,80.0,80.0,80.0,80.0,30
2012-10-17 12:00:00,82.0,82.2,81.0,81.0,210
2012-10-18 08:00:00,80.0,80.0,80.0,80.0,10
2012-10-19 16:00:00,82.0,82.0,80.0,80.0,40
2012-10-22 16:00:00,80.0,80.0,80.0,80.0,30
2012-10-23 12:00:00,80.0,80.0,80.0,80.0,50
2012-10-23 16:00:00,80.0,80.0,80.0,80.0,120
2012-10-24 08:00:00,79.5,79.5,79.0,79.0,90
2012-10-25 08:00:00,79.5,79.5,79.5,79.5,10
2012-10-30 16:00:00,79.5,79.5,79.5,79.5,10
2012-10-31 08:00:00,79.5,79.9,79.5,79.9,1000
2012-11-01 12:00:00,79.0,79.0,79.0,79.0,100
2012-11-02 12:00:00,80.5,80.5,79.1,79.1,4660
2012-11-02 16:00:00,79.1,79.1,79.1,79.1,50
2012-11-06 12:00:00,80.0,80.0,80.0,80.0,540
2012-11-07 12:00:00,81.0,81.0,81.0,81.0,10
2012-11-08 12:00:00,79.0,79.0,79.0,79.0,250
2012-11-08 16:00:00,79.0,80.0,79.0,80.0,1140
2012-11-09 08:00:00,80.0,80.0,80.0,80.0,10
2012-11-09 12:00:00,80.0,80.0,80.0,80.0,50
2012-11-12 08:00:00,80.0,80.0,80.0,80.0,100
2012-11-12 12:00:00,80.0,80.0,80.0,80.0,60
2012-11-20 08:00:00,80.0,80.0,80.0,80.0,570
2012-11-28 16:00:00,80.0,84.6,80.0,84.6,70
2012-11-29 12:00:00,81.5,81.5,81.5,81.5,1000
2012-12-03 16:00:00,83.0,83.0,80.0,80.0,60
2012-12-04 12:00:00,84.0,84.0,84.0,84.0,10
2012-12-05 16:00:00,82.5,82.7,82.5,82.7,620
2012-12-07 08:00:00,83.0,83.0,83.0,83.0,50
2012-12-10 08:00:00,83.0,83.0,83.0,83.0,100
2012-12-11 08:00:00,83.0,83.0,83.0,83.0,50
2012-12-13 16:00:00,83.0,83.0,83.0,83.0,110
2012-12-14 16:00:00,83.0,83.0,83.0,83.0,150
2012-12-18 12:00:00,83.0,83.0,83.0,83.0,10
2012-12-19 12:00:00,83.0,83.0,83.0,83.0,1550
2012-12-20 08:00:00,83.0,83.0,83.0,83.0,20
2012-12-20 12:00:00,83.8,83.8,83.8,83.8,10
2012-12-21 08:00:00,83.0,83.0,83.0,83.0,50
2012-12-21 16:00:00,83.0,83.0,83.0,83.0,50
2012-12-24 08:00:00,83.0,83.0,83.0,83.0,100
2012-12-25 12:00:00,83.3,89.9,83.3,89.9,4370
2012-12-25 16:00:00,88.9,88.9,88.9,88.9,10
2012-12-26 12:00:00,83.0,91.4,83.0,90.0,4410
2012-12-26 16:00:00,90.0,90.0,90.0,90.0,4920
2012-12-27 12:00:00,90.0,90.0,90.0,90.0,1000
2012-12-27 16:00:00,90.0,91.0,89.0,91.0,1030
2012-12-28 08:00:00,91.0,91.8,91.0,91.8,110
2012-12-28 16:00:00,91.8,92.4,91.8,92.4,110
2013-01-09 16:00:00,80.0,95.0,80.0,90.0,31050
2013-01-10 08:00:00,90.0,90.0,90.0,90.0,20
2013-01-10 12:00:00,92.0,97.4,92.0,97.4,1420
2013-01-10 16:00:00,95.0,95.0,95.0,95.0,210
2013-01-11 08:00:00,110.0,110.0,90.0,90.0,20
2013-01-14 16:00:00,98.0,120.0,98.0,120.0,3380
2013-01-15 08:00:00,120.0,149.0,120.0,149.0,4120
2013-01-16 16:00:00,116.5,116.5,116.5,116.5,10
2013-01-17 16:00:00,120.0,138.0,120.0,138.0,20
2013-01-18 08:00:00,116.5,120.5,116.5,120.5,30
2013-01-22 12:00:00,105.1,105.1,105.0,105.0,30
2013-01-23 08:00:00,110.0,110.0,110.0,110.0,10
2013-01-23 12:00:00,110.0,115.0,110.0,110.0,890
2013-01-28 12:00:00,110.0,110.0,107.0,107.0,30
2013-01-28 16:00:00,110.0,110.0,110.0,110.0,10
2013-01-29 12:00:00,100.0,100.0,100.0,100.0,1960
2013-02-08 16:00:00,100.0,100.0,100.0,100.0,50
2013-02-12 12:00:00,100.0,100.0,94.0,94.0,20
2013-02-13 08:00:00,100.0,100.0,100.0,100.0,1850
2013-02-13 12:00:00,102.8,102.8,102.8,102.8,10
2013-02-13 16:00:00,100.0,100.0,100.0,100.0,10
2013-02-14 12:00:00,100.0,100.0,100.0,100.0,2500
2013-02-14 16:00:00,119.0,119.0,119.0,119.0,110
2013-02-18 12:00:00,106.0,106.0,106.0,106.0,20
2013-02-21 16:00:00,110.0,110.0,110.0,110.0,20
2013-02-27 16:00:00,110.0,110.0,110.0,110.0,10
2013-02-28 12:00:00,101.0,101.0,100.0,100.0,5940
2013-03-05 08:00:00,109.9,109.9,109.9,109.9,20
2013-03-05 16:00:00,100.1,100.1,100.1,100.1,110
2013-03-06 08:00:00,100.0,100.0,100.0,100.0,460
2013-03-07 08:00:00,99.0,99.0,99.0,99.0,30
2013-03-07 12:00:00,102.8,102.8,102.8,102.8,60
2013-03-11 16:00:00,100.0,100.0,100.0,100.0,200
2013-03-12 08:00:00,94.1,96.9,90.9,90.9,270
2013-03-12 12:00:00,91.9,96.7,91.9,96.7,160
2013-03-13 08:00:00,97.0,97.0,97.0,97.0,40
2013-03-13 12:00:00,97.4,99.8,97.4,98.8,550
2013-03-14 08:00:00,95.1,99.9,95.1,99.9,80
2013-03-14 12:00:00,95.1,95.1,95.1,95.1,50
2013-03-14 16:00:00,95.9,96.3,95.3,95.3,100
2013-03-15 08:00:00,96.2,96.2,96.2,96.2,10
2013-03-15 12:00:00,94.2,96.0,94.2,96.0,900
2013-03-15 16:00:00,96.0,96.0,96.0,96.0,140
2013-03-18 08:00:00,87.1,91.8,87.0,91.8,130
2013-03-18 12:00:00,91.8,94.8,91.8,94.8,40
2013-03-19 16:00:00,92.0,94.0,92.0,92.0,330
2013-03-21 12:00:00,92.0,96.0,92.0,96.0,400
2013-03-25 08:00:00,95.0,95.0,95.0,95.0,240
2013-03-25 12:00:00,93.0,93.0,93.0,93.0,10
2013-03-27 08:00:00,90.0,90.0,90.0,90.0,60
2013-03-27 16:00:00,87.0,90.0,87.0,90.0,60
2013-03-29 12:00:00,93.0,93.0,93.0,93.0,80
2013-03-29 16:00:00,89.4,89.4,89.4,89.4,150
2013-04-01 16:00:00,90.0,90.0,90.0,90.0,100
2013-04-02 16:00:00,92.0,93.9,92.0,93.9,190
2013-04-05 12:00:00,90.0,91.5,90.0,91.5,150
2013-04-05 16:00:00,90.1,90.1,90.1,90.1,120
2013-04-08 12:00:00,87.0,87.0,87.0,87.0,10
2013-04-08 16:00:00,86.0,86.0,85.0,85.0,140
2013-04-10 08:00:00,83.5,84.5,83.5,84.5,50
2013-04-10 12:00:00,83.7,89.9,83.7,89.9,590
2013-04-11 12:00:00,88.0,88.0,88.0,88.0,600
2013-04-12 12:00:00,81.5,81.5,81.5,81.5,1000
2013-04-19 16:00:00,90.0,90.0,90.0,90.0,50
2013-04-24 16:00:00,82.0,82.0,82.0,82.0,320
2013-04-26 16:00:00,86.0,86.0,86.0,86.0,10
2013-04-30 12:00:00,86.0,86.0,86.0,86.0,20
2013-04-30 16:00:00,89.0,90.0,89.0,90.0,570
2013-05-06 12:00:00,93.0,93.0,77.1,77.1,40
2013-05-16 12:00:00,97.0,100.0,97.0,100.0,20
2013-05-31 08:00:00,95.0,135.0,95.0,96.0,540
2013-05-31 16:00:00,92.2,92.4,92.2,92.2,50
2013-06-06 08:00:00,96.0,96.0,96.0,96.0,10
2013-06-18 12:00:00,85.0,85.0,85.0,85.0,16000
2013-06-19 12:00:00,90.0,90.0,90.0,90.0,600
2013-06-19 16:00:00,90.0,90.0,90.0,90.0,910
2013-06-20 16:00:00,78.0,78.0,78.0,78.0,15000
2013-06-21 12:00:00,87.0,87.0,87.0,87.0,40
2013-06-25 12:00:00,85.0,85.0,85.0,85.0,20
2013-06-27 08:00:00,88.0,99.8,88.0,99.8,590
2013-06-28 12:00:00,99.9,100.9,99.9,100.1,8050
2013-06-28 16:00:00,100.1,100.1,100.1,100.1,10
2013-07-09 12:00:00,85.1,91.9,85.1,91.9,30
2013-07-09 16:00:00,85.5,86.1,85.1,86.1,660
2013-07-10 08:00:00,86.0,86.0,86.0,86.0,20
2013-07-10 16:00:00,86.0,86.0,86.0,86.0,110
2013-07-11 12:00:00,87.0,87.0,87.0,87.0,100
2013-07-15 08:00:00,90.0,90.0,90.0,90.0,800
2013-07-15 16:00:00,87.6,90.0,87.6,90.0,1360
2013-07-16 16:00:00,91.0,91.0,91.0,91.0,1280
2013-07-19 08:00:00,87.0,87.0,87.0,87.0,600
2013-07-22 08:00:00,86.0,86.0,86.0,86.0,270
2013-07-25 16:00:00,84.6,84.6,84.6,84.6,10
2013-07-26 08:00:00,78.2,78.2,78.2,78.2,10
2013-07-26 12:00:00,89.6,89.6,89.6,89.6,10
2013-07-26 16:00:00,89.8,89.8,89.8,89.8,10
2013-07-29 12:00:00,92.0,98.8,87.6,90.0,90850
2013-07-30 16:00:00,85.5,85.5,85.5,85.5,10
2013-07-31 12:00:00,86.6,86.6,86.6,86.6,10
2013-08-08 16:00:00,99.0,99.0,99.0,99.0,10
2013-08-12 12:00:00,82.0,99.0,82.0,99.0,60
2013-08-30 16:00:00,98.9,98.9,98.9,98.9,28560
2013-09-02 12:00:00,80.5,80.5,80.5,80.5,28450
2013-09-05 16:00:00,83.0,83.0,81.0,81.0,610
2013-09-06 12:00:00,81.0,81.0,80.0,80.0,1100
2013-09-12 12:00:00,94.0,94.0,94.0,94.0,1960
2013-09-13 12:00:00,85.0,86.0,85.0,86.0,200
2013-09-16 16:00:00,85.0,85.0,85.0,85.0,190
2013-09-17 12:00:00,87.0,90.0,87.0,90.0,1430
2013-09-19 08:00:00,86.0,86.0,85.0,85.0,1030
2013-09-19 12:00:00,85.0,85.0,82.2,83.2,2520
2013-09-19 16:00:00,83.2,83.2,82.4,82.4,90
2013-09-20 08:00:00,85.0,86.9,85.0,86.9,1230
2013-09-20 16:00:00,84.1,84.1,81.1,81.3,17630
2013-09-23 08:00:00,83.0,83.0,83.0,83.0,80
2013-09-24 08:00:00,82.4,82.9,82.4,82.9,300
2013-09-24 12:00:00,82.5,82.5,82.5,82.5,100
2013-09-24 16:00:00,82.5,83.3,82.5,83.3,500
2013-09-25 12:00:00,82.4,82.4,82.4,82.4,370
2013-09-26 16:00:00,82.0,82.0,82.0,82.0,20
2013-09-27 08:00:00,82.0,82.6,82.0,82.6,650
2013-09-27 12:00:00,82.6,84.8,82.6,83.8,3230
2013-09-27 16:00:00,83.8,83.8,83.8,83.8,80
2013-09-30 16:00:00,83.5,85.0,83.5,85.0,1630
2013-10-01 16:00:00,83.0,83.0,83.0,83.0,30
2013-10-02 12:00:00,85.1,85.1,83.1,83.1,20
2013-10-02 16:00:00,83.1,83.1,83.1,83.1,20
2013-10-04 08:00:00,83.0,83.0,83.0,83.0,30
2013-10-04 16:00:00,85.0,85.0,85.0,85.0,20
2013-10-09 12:00:00,85.1,85.5,85.1,85.5,520
2013-10-10 16:00:00,85.5,85.5,85.5,85.5,500
2013-10-11 12:00:00,85.0,85.8,85.0,85.8,1460
2013-10-15 12:00:00,85.0,85.0,85.0,85.0,5290
2013-10-15 16:00:00,83.0,83.0,83.0,83.0,30
2013-10-16 08:00:00,85.0,85.0,85.0,85.0,10
2013-10-16 16:00:00,86.0,87.8,86.0,87.8,7060
2013-10-17 08:00:00,88.1,99.0,88.1,90.0,6160
2013-10-17 16:00:00,94.8,97.8,94.8,97.8,60
2013-10-23 16:00:00,85.0,85.0,85.0,85.0,10
2013-10-24 12:00:00,91.0,95.0,91.0,95.0,1200
2013-10-24 16:00:00,94.0,94.0,94.0,94.0,30
2013-10-28 12:00:00,92.8,95.0,92.8,95.0,200
2013-10-28 16:00:00,90.0,90.0,90.0,90.0,50
2013-10-29 12:00:00,94.0,94.0,94.0,94.0,10
2013-10-31 08:00:00,95.0,95.0,95.0,95.0,460
2013-10-31 16:00:00,95.0,95.0,95.0,95.0,10
2013-11-01 12:00:00,85.0,85.0,85.0,85.0,70
2013-11-01 16:00:00,91.0,95.4,91.0,95.4,90
2013-11-05 12:00:00,94.0,95.0,94.0,95.0,270
2013-11-07 12:00:00,94.0,94.0,94.0,94.0,30
2013-11-07 16:00:00,94.0,94.0,94.0,94.0,20
2013-11-12 12:00:00,93.5,93.5,93.5,93.5,100
2013-11-14 12:00:00,92.0,92.0,92.0,92.0,150
2013-11-14 16:00:00,93.0,98.8,93.0,94.6,330
2013-11-15 12:00:00,93.0,93.0,93.0,93.0,100
2013-11-15 16:00:00,94.0,98.8,94.0,98.8,340
2013-11-19 12:00:00,90.8,90.8,90.8,90.8,40
2013-11-21 12:00:00,90.0,90.0,90.0,90.0,10
2013-11-22 16:00:00,90.0,90.0,90.0,90.0,280
2013-11-27 12:00:00,119.8,119.8,119.8,119.8,40
2013-11-27 16:00:00,90.0,90.0,90.0,90.0,60
2013-11-28 08:00:00,110.0,110.0,110.0,110.0,90
2013-12-05 12:00:00,100.0,100.0,60.0,85.0,1600
2013-12-05 16:00:00,85.0,85.0,80.0,85.0,340
2013-12-06 12:00:00,90.0,90.0,90.0,90.0,450
2013-12-10 12:00:00,83.1,83.1,83.1,83.1,10
2013-12-17 16:00:00,93.0,94.9,83.3,83.3,250
2013-12-18 12:00:00,83.5,83.5,83.2,83.2,20
2013-12-18 16:00:00,76.2,83.2,76.2,83.2,30
2013-12-19 12:00:00,92.0,94.9,92.0,94.9,30
2013-12-30 12:00:00,91.9,91.9,91.9,91.9,840
2013-12-30 16:00:00,92.1,92.1,92.1,92.1,930
2014-01-29 08:00:00,83.5,83.5,82.0,82.0,30
2014-01-30 08:00:00,92.0,109.0,92.0,109.0,20
2014-02-11 08:00:00,110.0,110.0,110.0,110.0,10
2014-02-11 12:00:00,89.0,89.0,89.0,89.0,100
2014-02-11 16:00:00,86.2,86.2,86.2,86.2,10
2014-02-12 08:00:00,114.8,114.8,114.8,114.8,10
2014-02-12 16:00:00,100.0,100.0,100.0,100.0,10
2014-02-17 12:00:00,88.1,88.1,88.1,88.1,10
2014-02-18 12:00:00,90.0,90.0,90.0,90.0,2650
2014-02-20 16:00:00,90.0,110.0,90.0,110.0,110
2014-02-24 12:00:00,92.0,92.0,92.0,92.0,100
2014-02-24 16:00:00,92.0,92.0,92.0,92.0,50
2014-02-27 16:00:00,90.0,90.0,90.0,90.0,30
2014-02-28 08:00:00,90.0,90.0,90.0,90.0,500
2014-02-28 12:00:00,89.6,89.6,89.6,89.6,420
2014-03-03 08:00:00,77.0,77.0,77.0,77.0,10
2014-03-03 12:00:00,80.0,90.0,80.0,90.0,410
2014-03-07 08:00:00,76.1,89.9,76.1,89.9,20
2014-03-07 12:00:00,88.9,88.9,88.9,88.9,10
2014-03-19 16:00:00,88.0,88.0,88.0,88.0,20
2014-03-28 12:00:00,89.0,89.0,89.0,89.0,10
2014-04-04 16:00:00,82.5,82.5,82.5,82.5,10
2014-04-10 12:00:00,100.0,100.1,100.0,100.1,240
2014-04-11 12:00:00,100.0,100.0,90.0,90.0,1910
2014-04-11 16:00:00,100.0,100.0,75.8,100.0,30
2014-04-14 12:00:00,81.3,89.9,81.3,87.9,56530
2014-04-14 16:00:00,87.9,87.9,87.9,87.9,10
2014-04-18 16:00:00,82.4,96.0,82.4,96.0,20
2014-04-21 12:00:00,83.0,93.0,81.0,93.0,78480
2014-04-22 08:00:00,90.0,90.0,90.0,90.0,2910
2014-04-22 16:00:00,92.0,92.8,91.8,91.8,12210
2014-04-28 12:00:00,91.0,91.0,91.0,91.0,680
2014-04-29 12:00:00,92.0,100.0,92.0,100.0,140
2014-05-06 08:00:00,100.0,100.0,100.0,100.0,10
2014-05-14 16:00:00,89.5,89.5,89.5,89.5,10
2014-05-22 12:00:00,100.0,100.0,100.0,100.0,10
2014-05-26 12:00:00,88.0,88.0,88.0,88.0,10
2014-06-02 16:00:00,100.0,100.0,100.0,100.0,10
2014-06-18 12:00:00,86.0,86.0,86.0,86.0,20
2014-06-18 16:00:00,86.0,86.0,86.0,86.0,60
2014-06-19 12:00:00,88.9,93.3,88.9,93.3,250
2014-06-20 16:00:00,90.0,90.0,83.0,90.0,210
2014-06-23 08:00:00,90.0,90.0,90.0,90.0,100
2014-06-23 12:00:00,83.0,83.0,83.0,83.0,10
2014-06-23 16:00:00,98.2,98.2,98.2,98.2,10
2014-06-24 16:00:00,85.0,85.0,85.0,85.0,10
2014-06-26 16:00:00,92.0,92.0,92.0,92.0,10
2014-07-03 16:00:00,86.1,86.1,86.1,86.1,10
2014-07-04 12:00:00,86.9,86.9,86.3,86.3,20
2014-07-09 12:00:00,86.0,86.0,85.0,85.0,20
2014-07-09 16:00:00,86.0,86.0,86.0,86.0,10
2014-07-11 16:00:00,82.2,91.0,82.2,85.0,160
2014-07-14 16:00:00,85.2,87.6,85.2,87.6,160
2014-07-16 12:00:00,91.8,96.0,91.8,96.0,500
2014-07-18 16:00:00,99.9,99.9,99.9,99.9,10
2014-07-21 16:00:00,86.1,88.9,86.1,88.9,180
2014-07-28 12:00:00,99.0,99.0,99.0,99.0,10
2014-08-04 16:00:00,86.0,89.2,86.0,89.2,180
2014-08-08 16:00:00,81.1,83.9,81.1,83.9,180
2014-08-14 12:00:00,82.0,82.0,82.0,82.0,10
2014-08-21 16:00:00,85.0,89.2,85.0,89.2,140
2014-08-28 08:00:00,84.0,84.0,83.0,83.0,20
2014-08-28 16:00:00,83.0,87.2,83.0,87.2,180
2014-09-02 08:00:00,87.0,92.5,87.0,92.5,2000
2014-09-03 08:00:00,87.0,87.0,87.0,87.0,140
2014-10-01 12:00:00,99.3,99.3,99.3,99.3,10
2014-10-01 16:00:00,85.1,85.1,85.1,85.1,10
2014-10-06 08:00:00,85.0,85.0,85.0,85.0,10
2014-10-08 12:00:00,90.0,90.0,90.0,90.0,10
2014-10-08 16:00:00,82.0,82.0,82.0,82.0,10
2014-10-14 12:00:00,91.9,91.9,91.9,91.9,10
2014-10-23 08:00:00,92.0,95.0,92.0,95.0,200
2014-10-24 08:00:00,78.2,78.2,73.0,73.0,160
2014-10-24 12:00:00,89.0,90.0,89.0,90.0,300
2014-10-27 08:00:00,89.9,89.9,89.9,89.9,300
2014-10-28 08:00:00,94.9,95.0,90.0,90.0,200
2014-11-05 08:00:00,92.0,94.0,90.0,90.0,100
2014-11-05 16:00:00,90.0,90.0,90.0,90.0,10
2014-11-06 12:00:00,85.0,85.0,84.0,84.0,190
2014-11-07 12:00:00,88.0,93.8,88.0,93.8,100
2014-11-10 12:00:00,87.1,87.1,87.1,87.1,10
2014-11-20 08:00:00,91.0,91.0,91.0,91.0,50
2014-11-20 12:00:00,91.4,94.0,91.0,94.0,13840
2014-11-27 12:00:00,88.2,88.2,88.2,88.2,1960
2014-12-01 16:00:00,90.0,90.0,90.0,90.0,50
2014-12-02 08:00:00,87.0,90.0,86.0,90.0,640
2014-12-02 12:00:00,86.2,86.2,86.2,86.2,80
2014-12-03 08:00:00,88.8,88.8,88.8,88.8,10
2014-12-04 12:00:00,90.0,90.0,90.0,90.0,50
2014-12-05 12:00:00,90.0,90.0,90.0,90.0,100
2014-12-10 12:00:00,90.0,90.0,90.0,90.0,10
2014-12-15 16:00:00,87.0,87.0,87.0,87.0,500
2014-12-17 08:00:00,87.0,87.0,87.0,87.0,11500
2014-12-17 16:00:00,85.0,89.8,74.2,89.8,4140
2014-12-22 12:00:00,87.0,90.0,87.0,90.0,20
2014-12-25 08:00:00,86.0,87.0,86.0,87.0,1980
2014-12-25 12:00:00,87.0,87.0,84.2,84.2,2720
2014-12-25 16:00:00,84.2,84.2,84.2,84.2,310
2014-12-26 16:00:00,85.9,86.9,85.9,86.9,1000
2014-12-29 08:00:00,79.6,85.0,78.0,85.0,30
2014-12-30 08:00:00,85.9,85.9,85.9,85.9,20
2015-01-05 16:00:00,85.9,85.9,85.9,85.9,10
2015-01-06 12:00:00,85.9,85.9,85.9,85.9,30
2015-01-06 16:00:00,85.9,85.9,85.9,85.9,10
2015-01-16 16:00:00,84.9,84.9,84.9,84.9,120
2015-01-19 16:00:00,80.0,80.0,80.0,80.0,10
2015-01-23 16:00:00,83.9,98.9,82.9,84.7,1050
2015-01-26 08:00:00,83.9,83.9,83.9,83.9,60
2015-01-26 12:00:00,83.9,83.9,83.9,83.9,120
2015-01-26 16:00:00,83.9,83.9,82.9,82.9,300
2015-01-27 08:00:00,83.9,83.9,83.9,83.9,40
2015-01-27 12:00:00,81.9,82.9,81.9,82.9,100
2015-01-27 16:00:00,81.9,81.9,81.9,81.9,20
2015-01-28 12:00:00,83.0,83.8,83.0,83.8,260
2015-01-28 16:00:00,83.8,85.4,80.0,82.4,5080
2015-01-30 08:00:00,82.5,82.5,82.5,82.5,10
2015-01-30 12:00:00,82.5,82.5,82.5,82.5,40
2015-01-30 16:00:00,82.5,82.5,82.5,82.5,10
2015-02-03 08:00:00,82.6,82.7,82.6,82.7,200
2015-02-03 12:00:00,82.7,83.7,81.9,81.9,1260
2015-02-04 12:00:00,83.9,83.9,83.9,83.9,10
2015-02-04 16:00:00,82.9,82.9,82.9,82.9,10
2015-02-05 12:00:00,83.5,83.5,80.1,80.1,1500
2015-02-05 16:00:00,83.5,83.5,83.5,83.5,10
2015-02-06 08:00:00,80.0,80.0,80.0,80.0,10
2015-02-06 12:00:00,83.8,83.8,83.8,83.8,10
2015-02-06 16:00:00,82.8,84.6,81.4,84.6,11510
2015-02-10 12:00:00,82.9,82.9,82.9,82.9,40
2015-02-10 16:00:00,82.5,82.5,82.5,82.5,30
2015-02-11 16:00:00,83.8,83.8,83.8,83.8,10
2015-02-13 08:00:00,83.8,83.9,83.8,83.9,80
2015-02-13 12:00:00,83.9,83.9,83.9,83.9,60
2015-02-16 16:00:00,82.0,82.0,82.0,82.0,10
2015-02-17 08:00:00,83.0,83.4,83.0,83.4,70
2015-02-18 12:00:00,82.9,82.9,82.9,82.9,30
2015-02-18 16:00:00,82.9,82.9,82.9,82.9,30
2015-02-19 08:00:00,82.9,82.9,82.9,82.9,10
2015-02-19 12:00:00,82.1,82.1,82.1,82.1,10
2015-02-20 16:00:00,81.0,81.2,71.0,81.2,9230
2015-02-27 12:00:00,81.5,81.5,81.5,81.5,2350
2015-03-02 12:00:00,81.5,82.0,81.5,82.0,200
2015-03-03 12:00:00,81.5,81.5,81.5,81.5,40
2015-03-03 16:00:00,81.5,81.5,81.5,81.5,10
2015-03-04 12:00:00,81.5,81.5,81.5,81.5,10
2015-03-04 16:00:00,81.5,82.9,81.5,82.9,390
2015-03-05 08:00:00,82.0,82.4,82.0,82.4,130
2015-03-06 12:00:00,82.0,82.8,82.0,82.8,6300
2015-03-06 16:00:00,82.4,82.4,82.4,82.4,40
2015-03-10 16:00:00,81.5,81.5,80.1,80.1,20
2015-03-12 08:00:00,81.0,81.0,81.0,81.0,20
2015-03-13 12:00:00,80.0,80.0,78.2,78.2,460
2015-03-13 16:00:00,78.2,78.2,74.6,75.4,420
2015-03-16 08:00:00,76.0,78.2,76.0,78.2,160
2015-03-16 12:00:00,77.8,77.8,76.8,76.8,120
2015-03-16 16:00:00,76.8,78.4,76.4,78.4,1650
2015-03-17 12:00:00,78.0,78.0,78.0,78.0,20
2015-03-18 12:00:00,78.0,78.0,78.0,78.0,3800
2015-03-19 16:00:00,77.5,77.5,77.5,77.5,10
2015-03-20 12:00:00,79.0,79.5,79.0,79.1,1100
2015-03-23 08:00:00,79.0,79.0,79.0,79.0,10
2015-03-23 16:00:00,76.0,78.8,75.0,78.8,320
2015-03-24 12:00:00,79.0,80.5,79.0,80.5,400
2015-03-25 08:00:00,79.0,84.9,79.0,84.9,1590
2015-03-25 12:00:00,81.9,86.7,81.9,84.9,1140
2015-03-25 16:00:00,84.9,84.9,84.5,84.5,3040
2015-03-26 08:00:00,84.8,84.8,84.8,84.8,10
2015-03-26 12:00:00,84.8,84.8,84.8,84.8,30
2015-03-26 16:00:00,77.0,77.0,70.2,70.2,120
2015-03-27 12:00:00,79.9,79.9,79.9,79.9,10
2015-03-30 12:00:00,79.0,82.0,79.0,82.0,20
2015-04-06 16:00:00,78.0,81.0,77.0,81.0,40
2015-04-15 08:00:00,74.1,74.1,74.1,74.1,10
2015-04-15 12:00:00,80.9,80.9,80.9,80.9,10
2015-04-30 12:00:00,75.1,75.1,75.1,75.1,10
2015-04-30 16:00:00,80.7,80.7,80.7,80.7,30
2015-05-05 08:00:00,81.0,81.0,81.0,81.0,10
2015-05-05 12:00:00,81.0,81.0,81.0,81.0,10
2015-05-05 16:00:00,81.0,81.0,72.6,80.2,450
2015-05-06 08:00:00,79.0,79.0,77.0,77.0,30
2015-05-06 12:00:00,77.0,77.0,77.0,77.0,10
2015-05-06 16:00:00,76.2,79.6,76.2,79.6,50
2015-05-19 08:00:00,78.0,78.0,77.4,77.4,3990
2015-05-22 08:00:00,77.4,77.4,77.4,77.4,10
2015-05-26 12:00:00,79.8,79.8,79.8,79.8,10
2015-06-04 08:00:00,73.0,73.0,73.0,73.0,20
2015-06-04 16:00:00,79.8,79.8,79.8,79.8,10
2015-06-05 12:00:00,79.5,79.8,79.5,79.8,50
2015-06-08 08:00:00,79.9,79.9,79.1,79.1,190
2015-06-08 12:00:00,79.1,79.1,79.1,79.1,2870
2015-06-08 16:00:00,79.1,79.1,79.1,79.1,60
2015-06-10 08:00:00,78.9,78.9,78.9,78.9,40
2015-06-10 12:00:00,78.9,78.9,78.9,78.9,70
2015-06-16 16:00:00,77.9,77.9,77.9,77.9,10
2015-06-19 16:00:00,77.9,78.0,77.9,78.0,1010
2015-06-22 12:00:00,81.9,81.9,81.9,81.9,10
2015-06-30 16:00:00,78.0,78.0,78.0,78.0,150
2015-07-03 16:00:00,79.9,80.4,79.4,79.8,140
2015-07-06 08:00:00,79.9,79.9,79.9,79.9,70
2015-07-16 12:00:00,78.9,78.9,78.9,78.9,30
2015-07-23 12:00:00,78.8,78.9,78.8,78.9,100
2015-07-24 12:00:00,77.9,77.9,77.9,77.9,50
2015-07-24 16:00:00,77.5,77.5,77.5,77.5,10
2015-07-28 08:00:00,73.4,75.9,59.9,75.9,470
2015-07-28 12:00:00,72.3,78.7,72.3,78.7,370
2015-07-28 16:00:00,76.7,76.7,76.7,76.7,90
2015-07-29 08:00:00,75.5,75.5,75.5,75.5,10
2015-07-29 12:00:00,75.5,75.5,75.5,75.5,10
2015-07-29 16:00:00,75.5,75.5,75.5,75.5,10
2015-08-04 08:00:00,77.0,77.0,77.0,77.0,150
2015-08-04 12:00:00,77.0,77.0,77.0,77.0,330
2015-08-10 08:00:00,81.0,81.0,80.0,80.0,190
2015-08-10 12:00:00,78.0,78.0,78.0,78.0,10
2015-08-10 16:00:00,80.0,80.0,80.0,80.0,20
2015-08-11 12:00:00,80.0,80.0,80.0,80.0,700
2015-08-14 12:00:00,80.9,80.9,80.9,80.9,10
2015-08-19 08:00:00,76.9,77.9,76.9,77.9,60
2015-08-19 12:00:00,77.7,77.7,77.7,77.7,10
2015-08-20 08:00:00,73.2,73.2,73.2,73.2,10
2015-08-20 12:00:00,78.8,78.8,78.8,78.8,10
2015-08-20 16:00:00,78.0,78.0,78.0,78.0,50
2015-08-24 08:00:00,78.9,78.9,78.1,78.1,20
2015-08-26 12:00:00,77.9,79.8,77.9,79.8,250
2015-08-26 16:00:00,79.2,79.2,79.2,79.2,30
2015-08-27 08:00:00,78.9,81.3,78.9,81.3,60
2015-08-31 12:00:00,83.0,83.0,83.0,83.0,70
2015-08-31 16:00:00,83.0,83.0,83.0,83.0,10
2015-09-04 08:00:00,84.0,84.0,84.0,84.0,10
2015-09-09 12:00:00,75.1,75.1,75.1,75.1,30
2015-09-09 16:00:00,82.9,82.9,78.1,78.1,30
2015-09-10 08:00:00,76.1,76.1,76.1,76.1,10
2015-09-11 08:00:00,78.5,78.5,78.5,78.5,50
2015-09-11 16:00:00,81.3,81.3,78.1,78.1,60
2015-09-14 08:00:00,80.0,80.0,80.0,80.0,10
2015-09-14 12:00:00,80.0,81.4,80.0,81.4,60
2015-09-15 08:00:00,78.5,81.9,78.5,81.9,70
2015-09-15 12:00:00,79.9,79.9,79.9,79.9,50
2015-09-15 16:00:00,81.9,83.7,78.3,80.9,350
2015-09-16 08:00:00,78.8,83.8,78.8,83.8,310
2015-09-17 08:00:00,84.0,84.0,84.0,84.0,20
2015-09-21 08:00:00,80.5,80.5,80.5,80.5,670
2015-09-21 12:00:00,80.5,80.5,80.5,80.5,10
2015-09-22 08:00:00,83.7,88.0,83.7,88.0,80
2015-09-28 12:00:00,79.9,83.0,79.8,83.0,420
2015-09-28 16:00:00,83.0,83.0,79.8,80.0,620
2015-09-29 08:00:00,79.4,79.4,79.4,79.4,10
2015-10-02 12:00:00,81.0,82.8,81.0,82.8,40
2015-10-05 08:00:00,78.5,78.5,78.5,78.5,10
2015-10-05 12:00:00,82.9,82.9,82.9,82.9,10
2015-10-05 16:00:00,82.9,82.9,79.1,79.1,40
2015-10-07 12:00:00,77.1,77.1,77.1,77.1,10
2015-10-12 12:00:00,83.0,86.0,83.0,86.0,40
2015-10-12 16:00:00,78.4,78.4,78.4,78.4,10
2015-10-13 12:00:00,83.0,83.0,83.0,83.0,10
2015-10-21 12:00:00,80.0,80.0,79.0,79.0,110
2015-10-22 12:00:00,79.9,79.9,79.9,79.9,10
2015-10-22 16:00:00,79.9,79.9,79.9,79.9,20
2015-10-23 12:00:00,80.8,80.8,80.2,80.2,980
2015-10-23 16:00:00,80.2,80.2,78.4,78.4,170
2015-10-26 08:00:00,80.0,80.0,80.0,80.0,10
2015-10-27 12:00:00,82.0,82.0,80.0,80.2,650
2015-10-27 16:00:00,80.2,80.2,80.0,80.0,850
2015-10-28 08:00:00,82.0,82.0,82.0,82.0,30
2015-10-28 16:00:00,80.2,82.0,80.2,82.0,170
2015-10-29 12:00:00,78.9,78.9,78.9,78.9,30
2015-10-30 12:00:00,79.3,79.3,79.0,79.0,210
2015-11-02 12:00:00,78.0,78.0,78.0,78.0,1070
2015-11-02 16:00:00,82.8,82.8,82.8,82.8,140
2015-11-03 16:00:00,82.7,82.7,82.1,82.1,40
2015-11-06 08:00:00,88.0,88.0,88.0,88.0,20
2015-11-10 12:00:00,80.1,80.1,80.1,80.1,10
2015-11-10 16:00:00,80.5,80.5,80.3,80.3,70
2015-11-12 12:00:00,87.3,87.3,87.3,87.3,10
2015-11-12 16:00:00,87.9,87.9,87.9,87.9,10
2015-11-16 16:00:00,84.8,84.8,84.8,84.8,240
2015-11-19 08:00:00,83.9,84.0,83.9,84.0,200
2015-11-19 16:00:00,81.2,81.2,81.2,81.2,80
2015-11-20 08:00:00,81.2,81.2,81.1,81.1,60
2015-11-20 12:00:00,81.1,81.1,81.1,81.1,620
2015-11-24 12:00:00,81.0,81.0,80.9,80.9,70
2015-11-30 16:00:00,80.4,80.4,80.3,80.3,60
2015-12-01 12:00:00,82.1,82.1,82.1,82.1,10
2015-12-02 12:00:00,80.6,80.6,80.5,80.5,50
2015-12-03 12:00:00,82.3,82.3,82.3,82.3,10
2015-12-03 16:00:00,88.9,88.9,88.9,88.9,10
2015-12-04 16:00:00,84.6,84.6,84.5,84.5,20
2015-12-07 16:00:00,81.0,81.0,81.0,81.0,60
2015-12-10 12:00:00,84.2,84.3,84.2,84.3,150
2015-12-14 12:00:00,80.9,82.1,79.9,80.1,880
2015-12-14 16:00:00,80.1,80.1,80.1,80.1,300
2015-12-15 08:00:00,82.3,82.3,82.3,82.3,50
2015-12-18 08:00:00,86.8,96.0,85.2,85.2,30
2015-12-18 12:00:00,85.2,85.2,85.2,85.2,10
2015-12-24 12:00:00,80.6,80.6,80.6,80.6,50
2015-12-30 16:00:00,85.9,86.3,85.9,86.3,50
2016-01-06 12:00:00,84.9,84.9,84.9,84.9,20
2016-01-11 08:00:00,81.0,81.0,81.0,81.0,10
2016-01-11 16:00:00,80.6,80.6,80.6,80.6,10
2016-01-12 08:00:00,85.7,85.7,85.1,85.1,40
2016-01-14 12:00:00,84.0,85.8,84.0,85.0,160
2016-01-14 16:00:00,85.2,85.2,85.2,85.2,10
2016-01-15 12:00:00,82.2,82.2,80.0,80.0,370
2016-01-18 08:00:00,73.1,79.3,50.0,79.3,510
2016-01-18 12:00:00,79.9,79.9,79.9,79.9,10
2016-01-19 12:00:00,80.0,80.0,80.0,80.0,20
2016-01-19 16:00:00,80.4,82.2,80.4,82.2,200
2016-01-20 08:00:00,84.9,84.9,82.3,82.3,110
2016-01-21 08:00:00,82.3,82.3,82.3,82.3,10
2016-01-21 16:00:00,80.9,84.9,80.9,82.9,4100
2016-01-22 16:00:00,83.1,83.1,83.1,83.1,10
2016-01-26 12:00:00,82.0,82.0,82.0,82.0,180
2016-01-27 16:00:00,84.0,84.0,82.6,82.6,220
2016-02-01 16:00:00,83.0,83.0,82.6,82.6,130
2016-02-02 12:00:00,82.6,83.0,82.6,83.0,260
2016-02-02 16:00:00,83.0,83.0,83.0,83.0,100
2016-02-04 16:00:00,84.1,84.1,84.0,84.0,80
2016-02-05 12:00:00,83.5,83.5,82.1,83.1,710
2016-02-05 16:00:00,84.9,84.9,82.1,82.1,120
2016-02-08 08:00:00,83.8,83.8,83.8,83.8,10
2016-02-09 16:00:00,85.8,85.8,85.8,85.8,50
2016-02-10 08:00:00,85.9,85.9,85.9,85.9,10
2016-02-11 08:00:00,85.9,85.9,85.9,85.9,50
2016-02-12 16:00:00,85.3,85.3,85.3,85.3,520
2016-02-17 08:00:00,83.0,83.0,83.0,83.0,10
2016-02-19 16:00:00,85.7,85.7,85.7,85.7,100
2016-02-22 08:00:00,86.0,86.0,86.0,86.0,10
2016-02-24 08:00:00,85.5,85.5,85.5,85.5,10
2016-02-25 12:00:00,80.4,83.6,79.8,83.6,270
2016-02-25 16:00:00,80.2,83.6,80.2,83.6,50
2016-02-26 16:00:00,80.4,80.4,80.4,80.4,20
2016-02-29 12:00:00,80.3,80.3,80.0,80.0,140
2016-02-29 16:00:00,80.0,81.2,80.0,81.2,510
2016-03-03 12:00:00,80.7,81.3,80.7,81.3,80
2016-03-07 16:00:00,80.9,80.9,80.9,80.9,320
2016-03-09 12:00:00,83.8,83.8,83.8,83.8,10
2016-03-09 16:00:00,81.2,81.4,80.2,81.4,1920
2016-03-10 08:00:00,81.0,81.0,81.0,81.0,10
2016-03-11 08:00:00,81.0,81.0,81.0,81.0,10
2016-03-11 12:00:00,84.2,84.2,84.2,84.2,40
2016-03-11 16:00:00,81.0,81.0,81.0,81.0,10
2016-03-14 16:00:00,81.1,81.1,81.0,81.0,100
2016-03-15 08:00:00,81.0,81.0,81.0,81.0,10
2016-03-17 16:00:00,83.4,83.4,83.4,83.4,10
2016-03-18 12:00:00,81.7,81.7,81.0,81.0,20
2016-03-23 08:00:00,82.0,82.0,81.8,81.8,100
2016-03-23 12:00:00,82.0,83.2,81.8,81.8,320
2016-03-24 12:00:00,83.4,83.4,83.4,83.4,10
2016-03-24 16:00:00,84.8,85.0,84.8,85.0,120
2016-03-25 08:00:00,82.6,84.8,82.6,82.6,330
2016-03-25 16:00:00,83.0,83.4,83.0,83.4,20
2016-03-28 08:00:00,82.5,82.5,82.0,82.0,70
2016-03-28 16:00:00,83.6,83.6,83.6,83.6,20
2016-03-29 12:00:00,82.6,82.6,82.2,82.2,80
2016-03-29 16:00:00,83.0,83.4,83.0,83.4,220
2016-03-31 16:00:00,80.9,81.8,80.0,81.8,1380
2016-04-01 12:00:00,82.0,82.0,82.0,82.0,110
2016-04-01 16:00:00,82.0,82.0,82.0,82.0,160
2016-04-04 12:00:00,82.5,82.5,82.5,82.5,110
2016-04-04 16:00:00,82.5,82.5,82.5,82.5,110
2016-04-05 16:00:00,82.5,82.5,82.5,82.5,100
2016-04-08 08:00:00,83.4,83.4,83.4,83.4,20
2016-04-11 08:00:00,83.4,83.4,83.4,83.4,20
2016-04-12 12:00:00,83.2,83.2,83.2,83.2,10
2016-04-13 12:00:00,83.4,83.4,83.4,83.4,10
2016-04-14 08:00:00,83.4,83.4,83.4,83.4,20
2016-04-14 16:00:00,83.0,83.2,83.0,83.2,180
2016-04-18 16:00:00,83.0,83.0,83.0,83.0,100
2016-04-19 08:00:00,83.1,83.1,83.1,83.1,270
2016-04-19 12:00:00,83.1,83.5,83.1,83.5,500
2016-04-19 16:00:00,83.7,83.9,83.7,83.9,40
2016-04-20 12:00:00,83.5,83.5,83.5,83.5,590
2016-04-21 12:00:00,83.5,83.5,83.5,83.5,560
2016-04-22 08:00:00,83.5,83.5,83.5,83.5,10
2016-04-22 12:00:00,83.5,83.5,83.1,83.1,240
2016-04-22 16:00:00,83.5,83.5,83.5,83.5,200
2016-04-25 12:00:00,83.0,83.0,83.0,83.0,10
2016-04-25 16:00:00,83.0,83.0,83.0,83.0,50
2016-04-26 08:00:00,80.8,80.8,80.7,80.7,20
2016-04-26 16:00:00,80.9,80.9,80.9,80.9,30
2016-04-27 16:00:00,82.0,82.0,82.0,82.0,10
2016-04-29 08:00:00,81.0,81.0,81.0,81.0,50
2016-04-29 12:00:00,81.0,82.4,81.0,82.4,310
2016-05-04 12:00:00,82.4,82.5,82.4,82.5,300
2016-05-04 16:00:00,82.5,82.9,82.5,82.5,1410
2016-05-05 08:00:00,85.4,85.4,84.2,84.2,20
2016-05-05 12:00:00,84.2,84.2,84.2,84.2,90
2016-05-05 16:00:00,85.0,85.0,85.0,85.0,200
2016-05-06 12:00:00,84.0,84.8,84.0,84.8,130
2016-05-10 08:00:00,81.1,81.1,81.1,81.1,10
2016-05-10 12:00:00,83.3,83.3,83.3,83.3,20
2016-05-11 12:00:00,83.5,83.5,82.5,82.5,50
2016-05-11 16:00:00,83.5,84.9,82.5,82.5,530
2016-05-12 12:00:00,81.5,81.5,81.0,81.0,50
2016-05-13 08:00:00,82.4,82.4,82.4,82.4,10
2016-05-13 12:00:00,82.8,83.4,82.8,83.4,40
2016-05-17 08:00:00,81.9,81.9,81.7,81.7,40
2016-05-17 16:00:00,81.5,81.5,81.3,81.3,140
2016-05-18 08:00:00,81.0,81.0,81.0,81.0,120
2016-05-18 12:00:00,82.0,82.4,82.0,82.4,20
2016-05-18 16:00:00,82.8,83.0,82.8,83.0,210
2016-05-19 16:00:00,83.0,83.0,83.0,83.0,10
2016-05-20 16:00:00,83.0,84.8,83.0,84.8,70
2016-05-23 12:00:00,83.0,83.0,83.0,83.0,50
2016-05-24 12:00:00,81.2,81.2,81.2,81.2,20
2016-05-24 16:00:00,83.0,83.0,83.0,83.0,50
2016-05-25 12:00:00,82.0,82.4,81.2,82.4,1010
2016-05-25 16:00:00,82.0,82.4,81.4,81.4,30
2016-05-26 08:00:00,81.1,81.1,81.1,81.1,10
2016-05-26 12:00:00,82.3,82.3,82.3,82.3,80
2016-05-26 16:00:00,81.9,81.9,81.9,81.9,200
2016-05-27 12:00:00,84.8,84.9,82.3,82.3,80
2016-05-30 08:00:00,84.9,84.9,84.9,84.9,120
2016-06-02 08:00:00,84.4,84.4,84.4,84.4,10
2016-06-03 12:00:00,83.1,83.1,83.0,83.0,20
2016-06-03 16:00:00,82.4,82.4,82.2,82.2,50
2016-06-06 08:00:00,84.3,84.3,84.3,84.3,10
2016-06-07 08:00:00,81.6,81.6,81.6,81.6,40
2016-06-07 12:00:00,82.6,82.6,82.6,82.6,20
2016-06-07 16:00:00,81.8,81.8,81.8,81.8,20
2016-06-08 08:00:00,81.5,81.5,81.5,81.5,60
2016-06-09 08:00:00,81.1,81.1,81.0,81.0,870
2016-06-09 12:00:00,81.0,81.0,80.6,80.6,140
2016-06-10 12:00:00,82.7,82.7,82.7,82.7,10
2016-06-14 08:00:00,82.8,82.8,82.8,82.8,10
2016-06-14 12:00:00,83.0,83.0,83.0,83.0,50
2016-06-14 16:00:00,82.6,83.6,80.2,83.6,1080
2016-06-15 08:00:00,83.3,83.3,83.3,83.3,20
2016-06-15 16:00:00,83.3,83.3,82.3,82.3,50
2016-06-16 12:00:00,81.2,81.2,81.2,81.2,50
2016-06-16 16:00:00,81.2,81.2,81.0,81.0,1110
2016-06-17 12:00:00,82.8,83.0,82.8,83.0,240
2016-06-20 08:00:00,84.0,84.5,82.5,84.5,1540
2016-06-20 12:00:00,82.5,84.3,82.5,84.3,40
2016-06-20 16:00:00,84.3,84.3,84.1,84.1,200
2016-06-21 08:00:00,84.7,85.9,84.7,85.9,100
2016-06-21 16:00:00,84.5,84.5,84.5,84.5,60
2016-06-22 12:00:00,84.5,84.5,84.1,84.1,50
2016-06-22 16:00:00,84.5,85.5,83.9,83.9,100
2016-06-23 12:00:00,84.2,84.5,84.2,84.5,30
2016-06-24 08:00:00,84.5,84.5,84.5,84.5,10
2016-06-24 12:00:00,85.3,85.3,85.3,85.3,10
2016-06-27 12:00:00,85.2,85.2,84.6,84.6,90
2016-06-28 12:00:00,84.6,85.0,84.6,85.0,150
2016-06-29 16:00:00,85.1,85.1,83.2,83.2,480
2016-06-30 08:00:00,83.2,84.0,83.2,84.0,320
2016-06-30 12:00:00,84.2,84.2,84.2,84.2,10
2016-07-05 08:00:00,84.5,84.5,84.5,84.5,50
2016-07-05 12:00:00,85.1,85.7,85.1,85.7,80
2016-07-06 08:00:00,86.0,86.0,86.0,86.0,110
2016-07-06 12:00:00,85.8,88.0,85.2,88.0,90
2016-07-06 16:00:00,85.2,85.2,85.2,85.2,10
2016-07-07 08:00:00,86.0,86.9,85.1,85.1,80
2016-07-08 12:00:00,87.4,88.4,87.4,88.4,180
2016-07-08 16:00:00,86.0,86.0,86.0,86.0,10
2016-07-11 12:00:00,86.0,86.0,86.0,86.0,40
2016-07-11 16:00:00,87.8,87.8,87.8,87.8,10
2016-07-12 08:00:00,87.7,87.7,87.7,87.7,10
2016-07-12 12:00:00,87.9,87.9,87.9,87.9,10
2016-07-13 08:00:00,87.9,87.9,87.8,87.8,70
2016-07-13 12:00:00,88.6,88.6,87.8,87.8,60
2016-07-14 08:00:00,87.8,87.8,87.8,87.8,30
2016-07-14 12:00:00,87.8,87.8,87.4,87.4,20
2016-07-15 08:00:00,87.9,87.9,87.9,87.9,60
2016-07-15 12:00:00,87.7,87.7,87.7,87.7,30
2016-07-15 16:00:00,87.7,87.7,87.7,87.7,30
2016-07-18 08:00:00,87.6,89.9,87.6,89.9,50
2016-07-18 12:00:00,87.9,87.9,87.1,87.1,150
2016-07-19 08:00:00,88.4,88.5,88.4,88.5,20
2016-07-19 12:00:00,88.7,89.9,86.1,86.1,170
2016-07-20 08:00:00,86.4,86.8,86.4,86.8,20
2016-07-20 12:00:00,86.2,86.2,86.2,86.2,80
2016-07-21 08:00:00,86.2,86.2,86.2,86.2,10
2016-07-22 12:00:00,86.6,86.6,86.5,86.5,50
2016-07-22 16:00:00,86.5,86.5,86.3,86.5,100
2016-07-25 08:00:00,86.5,89.7,86.1,89.7,410
2016-07-25 16:00:00,86.9,86.9,86.9,86.9,50
2016-07-26 08:00:00,87.0,87.0,87.0,87.0,20
2016-07-26 16:00:00,87.0,87.8,87.0,87.8,60
2016-07-27 12:00:00,88.1,88.1,87.7,87.7,40
2016-07-27 16:00:00,86.7,87.1,86.7,87.1,510
2016-07-28 12:00:00,87.0,87.0,87.0,87.0,20
2016-07-29 08:00:00,87.0,87.0,87.0,87.0,20
2016-07-29 16:00:00,87.0,87.0,87.0,87.0,20
2016-08-01 08:00:00,86.9,86.9,86.9,86.9,50
2016-08-01 12:00:00,86.9,86.9,86.9,86.9,10
2016-08-01 16:00:00,86.9,86.9,86.9,86.9,10
2016-08-02 16:00:00,86.9,86.9,86.9,86.9,40
2016-08-03 08:00:00,86.9,86.9,86.9,86.9,100
2016-08-03 12:00:00,85.5,86.3,85.5,86.3,200
2016-08-03 16:00:00,85.9,85.9,85.9,85.9,100
2016-08-04 12:00:00,86.2,86.2,86.2,86.2,300
2016-08-04 16:00:00,86.2,86.2,86.2,86.2,260
2016-08-05 08:00:00,86.5,86.5,86.5,86.5,40
2016-08-05 12:00:00,86.5,86.5,86.3,86.3,420
2016-08-05 16:00:00,86.5,87.5,86.5,87.5,220
2016-08-08 08:00:00,86.6,86.6,86.6,86.6,20
2016-08-08 12:00:00,87.6,88.6,87.6,88.6,130
2016-08-08 16:00:00,86.8,86.8,86.0,86.0,100
2016-08-09 08:00:00,88.8,88.8,88.8,88.8,50
2016-08-12 16:00:00,87.9,88.0,87.9,88.0,120
2016-08-16 12:00:00,86.1,86.1,86.0,86.0,1000
2016-08-16 16:00:00,85.6,85.6,85.6,85.6,530
2016-08-17 08:00:00,85.0,85.0,85.0,85.0,20
2016-08-17 12:00:00,85.0,85.0,85.0,85.0,100
2016-08-17 16:00:00,84.2,84.2,84.0,84.0,2130
2016-08-18 08:00:00,84.4,84.8,84.4,84.8,70
2016-08-18 16:00:00,84.4,85.0,84.0,85.0,210
2016-08-19 12:00:00,84.9,84.9,84.9,84.9,10
2016-08-22 08:00:00,84.9,85.5,84.9,85.5,30
2016-08-23 12:00:00,84.6,85.4,84.4,84.4,380
2016-08-23 16:00:00,84.4,84.4,84.0,84.0,130
2016-08-24 12:00:00,84.7,84.7,83.9,83.9,280
2016-08-25 12:00:00,84.0,84.0,84.0,84.0,10
2016-08-29 16:00:00,84.1,84.1,84.1,84.1,10
2016-08-30 08:00:00,85.0,85.0,85.0,85.0,10
2016-08-30 12:00:00,85.0,86.6,85.0,86.6,630
2016-08-31 16:00:00,86.5,86.5,86.5,86.5,70
2016-09-01 08:00:00,86.7,86.7,86.7,86.7,10
2016-09-01 12:00:00,85.1,85.1,85.1,85.1,10
2016-09-02 12:00:00,85.0,85.0,85.0,85.0,10
2016-09-02 16:00:00,86.6,86.6,86.6,86.6,20
2016-09-05 12:00:00,84.0,84.0,84.0,84.0,10
2016-09-05 16:00:00,85.0,86.4,85.0,86.4,360
2016-09-06 16:00:00,86.8,86.8,86.8,86.8,10
2016-09-07 12:00:00,86.9,86.9,86.9,86.9,50
2016-09-07 16:00:00,86.9,86.9,86.9,86.9,50
2016-09-08 16:00:00,85.6,86.7,83.7,86.7,720
2016-09-09 16:00:00,86.0,86.0,86.0,86.0,50
2016-09-12 08:00:00,84.2,85.4,83.6,85.4,30
2016-09-12 12:00:00,86.0,86.0,86.0,86.0,10
2016-09-13 08:00:00,86.0,89.2,86.0,87.8,120
2016-09-13 12:00:00,85.8,85.8,85.8,85.8,60
2016-09-13 16:00:00,84.4,84.8,84.4,84.8,240
2016-09-14 12:00:00,85.0,86.8,84.8,86.8,310
2016-09-14 16:00:00,84.8,84.8,84.8,84.8,800
2016-09-16 12:00:00,87.8,87.8,85.6,85.6,380
2016-09-16 16:00:00,85.6,85.6,85.6,85.6,650
2016-09-19 08:00:00,87.9,89.0,87.9,89.0,1600
2016-09-19 12:00:00,86.0,88.8,86.0,88.2,790
2016-09-19 16:00:00,86.2,86.2,86.0,86.0,260
2016-09-20 12:00:00,87.9,87.9,87.9,87.9,10
2016-09-20 16:00:00,86.3,86.3,85.3,86.3,530
2016-09-21 08:00:00,85.1,85.1,85.1,85.1,10
2016-09-22 08:00:00,87.9,87.9,87.7,87.7,30
2016-09-22 16:00:00,87.7,87.7,87.7,87.7,30
2016-09-23 08:00:00,87.9,87.9,87.9,87.9,20
2016-09-23 12:00:00,87.1,87.1,87.1,87.1,80
2016-09-23 16:00:00,86.7,86.7,86.3,86.3,1400
2016-09-26 08:00:00,85.6,85.6,85.6,85.6,10
2016-09-28 12:00:00,87.0,87.9,87.0,87.9,30
2016-09-29 12:00:00,85.0,86.0,85.0,86.0,110
2016-09-30 16:00:00,87.0,87.0,87.0,87.0,50
2016-10-03 12:00:00,85.1,85.1,85.0,85.0,20
2016-10-05 08:00:00,86.6,87.8,86.6,87.8,30
2016-10-05 12:00:00,86.6,86.6,86.6,86.6,20
2016-10-05 16:00:00,86.6,86.6,86.6,86.6,40
2016-10-06 08:00:00,86.0,87.6,86.0,87.6,440
2016-10-06 12:00:00,86.4,86.4,86.4,86.4,100
2016-10-06 16:00:00,86.4,86.4,86.4,86.4,550
2016-10-07 16:00:00,87.8,89.0,87.8,89.0,200
2016-10-10 12:00:00,87.0,87.0,87.0,87.0,10
2016-10-11 08:00:00,88.7,88.7,88.7,88.7,10
2016-10-11 12:00:00,88.7,88.7,88.7,88.7,40
2016-10-12 08:00:00,88.7,88.7,88.7,88.7,20
2016-10-12 12:00:00,88.7,89.1,88.7,89.1,170
2016-10-13 16:00:00,88.0,88.0,88.0,88.0,10
2016-10-14 12:00:00,87.3,87.3,87.3,87.3,10
2016-10-14 16:00:00,87.9,87.9,87.9,87.9,10
2016-10-18 16:00:00,88.0,88.0,86.2,86.2,70
2016-10-19 12:00:00,88.0,88.0,88.0,88.0,10
2016-10-19 16:00:00,86.2,86.2,86.2,86.2,110
2016-10-20 08:00:00,87.9,88.9,86.1,88.9,120
2016-10-21 16:00:00,88.9,88.9,88.9,88.9,10
2016-10-24 08:00:00,89.1,89.1,89.1,89.1,40
2016-10-24 12:00:00,87.1,87.1,86.7,86.7,1000
2016-10-27 08:00:00,85.5,86.1,85.5,86.1,40
2016-10-31 12:00:00,86.9,86.9,86.9,86.9,10
2016-11-01 12:00:00,86.1,86.1,86.1,86.1,20
2016-11-03 08:00:00,88.2,88.2,88.0,88.2,30
2016-11-07 08:00:00,85.6,85.6,84.0,84.0,20
2016-11-07 12:00:00,86.8,86.8,86.8,86.8,10
2016-11-07 16:00:00,86.2,86.2,86.2,86.2,10
2016-11-09 12:00:00,85.7,85.7,85.7,85.7,10
2016-11-09 16:00:00,86.9,86.9,86.9,86.9,10
2016-11-14 16:00:00,87.0,87.0,87.0,87.0,20
2016-11-15 16:00:00,88.3,88.8,87.0,87.0,560
2016-11-16 16:00:00,86.2,86.2,86.0,86.0,140
2016-11-21 08:00:00,86.0,86.9,86.0,86.9,20
2016-11-21 12:00:00,86.1,86.1,86.1,86.1,210
2016-11-21 16:00:00,86.1,86.1,85.3,85.3,140
2016-11-22 08:00:00,86.4,86.4,86.4,86.4,30
2016-11-22 16:00:00,85.8,85.8,85.8,85.8,10
2016-11-23 08:00:00,86.8,87.8,86.8,87.6,80
2016-11-24 12:00:00,88.8,88.8,88.0,88.0,30
2016-11-25 12:00:00,88.9,88.9,86.3,86.3,270
2016-11-25 16:00:00,87.9,87.9,87.9,87.9,10
2016-11-28 12:00:00,87.7,87.7,87.7,87.7,60
2016-11-29 12:00:00,86.8,87.2,86.2,87.2,130
2016-11-29 16:00:00,86.2,87.0,86.2,87.0,150
2016-11-30 12:00:00,86.1,86.1,86.1,86.1,110
2016-11-30 16:00:00,86.9,87.1,86.1,87.1,1580
2016-12-01 12:00:00,86.1,86.9,86.1,86.9,130
2016-12-02 08:00:00,87.9,88.0,87.9,88.0,90
2016-12-02 16:00:00,88.0,88.0,88.0,88.0,10
2016-12-05 08:00:00,85.3,85.3,85.3,85.3,10
2016-12-05 16:00:00,86.3,86.3,86.3,86.3,10
2016-12-06 08:00:00,88.6,88.6,88.6,88.6,10
2016-12-06 12:00:00,88.6,89.0,88.6,89.0,150
2016-12-07 08:00:00,87.2,87.2,85.8,87.0,30
2016-12-08 08:00:00,85.0,86.0,85.0,86.0,80
2016-12-08 16:00:00,87.0,87.0,87.0,87.0,10
2016-12-13 08:00:00,89.7,89.7,87.1,87.1,30
2016-12-13 16:00:00,89.3,89.3,89.3,89.3,30
2016-12-14 12:00:00,89.3,90.3,89.3,89.5,210
2016-12-15 16:00:00,86.8,87.9,86.7,87.9,30
2016-12-16 12:00:00,89.7,93.0,89.4,89.4,90
2016-12-19 16:00:00,87.2,87.2,86.0,86.0,440
2016-12-20 16:00:00,87.4,88.4,87.4,88.4,20
2016-12-21 16:00:00,88.6,88.6,88.0,88.0,20
2016-12-23 08:00:00,87.9,87.9,86.1,86.1,170
2016-12-23 12:00:00,86.1,86.1,86.1,86.1,230
2016-12-23 16:00:00,87.5,87.5,87.5,87.5,10
2016-12-26 16:00:00,87.9,87.9,87.9,87.9,10
2016-12-27 12:00:00,87.0,87.0,87.0,87.0,730
2016-12-27 16:00:00,86.0,86.0,86.0,86.0,30
2016-12-28 08:00:00,86.1,86.1,86.1,86.1,20
2016-12-28 12:00:00,87.3,88.9,87.3,88.5,50
2016-12-28 16:00:00,88.5,88.5,88.5,88.5,20
2016-12-29 12:00:00,88.5,88.6,88.5,88.6,50
2016-12-30 16:00:00,89.2,89.3,89.2,89.3,20
2017-01-03 12:00:00,89.3,89.3,89.3,89.3,10
2017-01-04 12:00:00,89.1,89.1,89.1,89.1,30
2017-01-04 16:00:00,87.1,88.9,87.1,88.9,20
2017-01-10 12:00:00,88.9,88.9,88.9,88.9,40
2017-01-10 16:00:00,89.1,89.1,89.1,89.1,10
2017-01-11 12:00:00,86.7,86.7,86.0,86.0,300
2017-01-11 16:00:00,88.4,88.4,88.4,88.4,20
2017-01-12 12:00:00,88.6,88.6,88.6,88.6,50
2017-01-16 08:00:00,88.4,88.4,88.4,88.4,30
2017-01-17 08:00:00,88.2,88.2,88.2,88.2,10
2017-01-18 08:00:00,88.0,88.9,88.0,88.9,50
2017-01-19 08:00:00,89.0,89.0,89.0,89.0,110
2017-01-19 12:00:00,89.0,89.0,89.0,89.0,20
2017-01-20 08:00:00,89.0,89.0,89.0,89.0,70
2017-01-23 12:00:00,88.9,88.9,88.9,88.9,60
2017-01-26 08:00:00,87.4,87.4,87.4,87.4,10
2017-01-26 12:00:00,89.4,89.4,89.4,89.4,20
2017-01-27 12:00:00,87.3,87.3,87.0,87.0,40
2017-01-30 12:00:00,89.0,89.4,89.0,89.4,90
2017-01-30 16:00:00,89.8,89.8,89.0,89.0,20
2017-01-31 16:00:00,90.0,90.0,90.0,90.0,70
2017-02-03 16:00:00,89.8,89.8,89.8,89.8,20
2017-02-06 08:00:00,89.9,89.9,89.9,89.9,10
2017-02-07 12:00:00,90.0,90.0,90.0,90.0,20
2017-02-07 16:00:00,90.0,90.0,90.0,90.0,10
2017-02-08 08:00:00,87.5,87.5,87.4,87.4,30
2017-02-09 12:00:00,89.0,89.0,89.0,89.0,170
2017-02-09 16:00:00,89.4,89.4,89.4,89.4,10
2017-02-10 08:00:00,90.4,91.0,90.4,91.0,110
2017-02-10 12:00:00,91.0,91.0,91.0,91.0,10
2017-02-13 08:00:00,89.7,89.8,83.6,89.8,880
2017-02-13 16:00:00,89.4,90.2,89.4,90.2,50
2017-02-16 12:00:00,89.5,89.5,89.1,89.1,30
2017-02-20 12:00:00,89.9,89.9,89.9,89.9,20
2017-02-20 16:00:00,88.7,88.7,88.7,88.7,10
2017-02-21 08:00:00,89.4,90.8,89.4,90.8,100
2017-02-22 12:00:00,89.4,89.4,88.0,88.0,480
2017-02-22 16:00:00,88.0,88.0,88.0,88.0,20
2017-02-24 08:00:00,87.2,87.2,87.0,87.0,340
2017-02-24 12:00:00,88.6,88.6,88.6,88.6,90
2017-02-27 12:00:00,89.4,90.3,88.9,88.9,70
2017-02-28 08:00:00,88.7,88.7,88.7,88.7,10
2017-02-28 12:00:00,87.7,87.7,85.1,85.1,350
2017-02-28 16:00:00,86.9,87.7,86.9,87.7,20
2017-03-02 08:00:00,88.7,88.7,88.7,88.7,30
2017-03-02 16:00:00,87.1,88.7,87.1,88.7,60
2017-03-06 12:00:00,87.2,87.2,87.0,87.0,300
2017-03-06 16:00:00,87.2,87.2,87.2,87.2,20
2017-03-07 08:00:00,87.1,87.1,87.1,87.1,30
2017-03-07 12:00:00,88.7,89.5,88.7,89.5,30
2017-03-09 12:00:00,87.7,87.7,87.7,87.7,10
2017-03-09 16:00:00,85.5,85.5,85.1,85.1,360
2017-03-10 12:00:00,87.6,87.6,87.6,87.6,10
2017-03-13 08:00:00,86.3,86.3,84.1,86.1,180
2017-03-13 12:00:00,86.1,86.7,86.1,86.7,310
2017-03-17 08:00:00,88.0,88.9,88.0,88.9,70
2017-03-20 08:00:00,88.9,88.9,87.9,87.9,40
2017-03-20 16:00:00,87.9,87.9,87.9,87.9,10
2017-03-22 12:00:00,88.9,90.0,88.4,88.4,120
2017-03-24 16:00:00,89.4,89.5,89.4,89.5,40
2017-03-27 12:00:00,89.7,89.7,89.7,89.7,10
2017-04-05 12:00:00,87.7,87.7,87.3,87.3,20
2017-04-07 12:00:00,88.7,88.9,88.7,88.9,30
2017-04-07 16:00:00,87.7,87.7,82.9,85.7,1070
2017-04-10 08:00:00,84.3,84.3,83.0,83.0,100
2017-04-10 12:00:00,83.6,84.6,83.6,84.6,20
2017-04-11 08:00:00,84.0,84.0,84.0,84.0,200
2017-04-11 12:00:00,85.4,85.8,85.4,85.8,20
2017-04-12 08:00:00,84.7,84.7,84.7,84.7,10
2017-04-13 08:00:00,84.0,86.0,83.0,84.8,90
2017-04-13 12:00:00,84.6,84.6,83.0,83.0,60
2017-04-13 16:00:00,83.0,84.0,82.2,84.0,810
2017-04-14 12:00:00,84.7,85.9,84.3,84.3,120
2017-04-18 08:00:00,85.9,87.2,85.8,85.8,180
2017-04-18 12:00:00,85.2,85.4,85.2,85.4,1970
2017-04-21 08:00:00,85.9,85.9,85.9,85.9,30
2017-04-21 12:00:00,84.5,84.5,82.1,84.1,80
2017-04-24 12:00:00,82.6,83.5,81.1,83.5,240
2017-04-25 08:00:00,85.7,85.8,83.8,83.8,30
2017-04-25 12:00:00,81.4,81.4,81.4,81.4,50
2017-04-25 16:00:00,83.8,83.8,83.8,83.8,10
2017-04-26 16:00:00,81.5,82.7,81.3,82.7,70
2017-04-27 12:00:00,81.5,81.5,80.3,80.3,280
2017-04-28 12:00:00,82.8,84.6,81.2,81.2,70
2017-04-28 16:00:00,81.2,84.0,80.8,84.0,160
2017-05-02 08:00:00,84.9,85.3,84.1,84.1,40
2017-05-02 16:00:00,82.3,82.3,82.3,82.3,20
2017-05-03 16:00:00,82.7,82.7,81.1,81.1,50
2017-05-04 08:00:00,80.6,83.2,80.6,83.2,40
2017-05-04 16:00:00,82.0,82.0,82.0,82.0,10
2017-05-05 08:00:00,84.0,84.0,84.0,84.0,40
2017-05-05 12:00:00,83.8,83.8,80.4,82.0,100
2017-05-10 16:00:00,80.8,80.8,80.8,80.8,10
2017-05-11 16:00:00,81.1,81.1,81.1,81.1,10
2017-05-12 08:00:00,80.4,80.4,80.4,80.4,10
2017-05-12 12:00:00,80.4,80.4,80.4,80.4,10
2017-05-15 08:00:00,82.0,82.0,82.0,82.0,20
2017-05-15 12:00:00,83.6,84.6,83.6,84.6,110
2017-05-16 08:00:00,86.3,86.3,85.9,85.9,20
2017-05-16 12:00:00,85.7,86.3,81.3,81.3,620
2017-05-17 12:00:00,82.6,82.6,80.8,80.8,60
2017-05-17 16:00:00,81.0,84.4,80.8,81.0,670
2017-05-18 12:00:00,81.1,81.1,80.9,81.1,280
2017-05-18 16:00:00,80.9,80.9,80.9,80.9,30
2017-05-22 08:00:00,81.8,82.8,81.8,82.8,20
2017-05-22 12:00:00,82.8,82.8,78.2,78.2,20
2017-05-22 16:00:00,82.0,82.0,80.2,80.2,20
2017-05-23 12:00:00,83.6,83.6,83.2,83.2,60
2017-05-24 08:00:00,82.9,82.9,82.9,82.9,30
2017-05-24 12:00:00,82.3,82.3,82.3,82.3,40
2017-05-24 16:00:00,80.3,80.3,80.1,80.1,100
2017-05-25 12:00:00,79.2,79.2,79.1,79.1,20
2017-05-25 16:00:00,81.9,81.9,81.9,81.9,10
2017-05-26 08:00:00,82.9,82.9,82.9,82.9,20
2017-05-26 12:00:00,81.9,81.9,81.9,81.9,10
2017-05-26 16:00:00,79.1,79.1,79.1,79.1,10
2017-05-29 08:00:00,79.2,79.2,79.2,79.2,20
2017-05-29 16:00:00,81.8,82.0,81.8,82.0,80
2017-05-31 12:00:00,83.0,83.0,83.0,83.0,50
2017-06-01 08:00:00,82.5,82.5,82.5,82.5,10
2017-06-01 12:00:00,81.9,81.9,81.9,81.9,40
2017-06-05 12:00:00,82.9,83.7,79.9,79.9,230
2017-06-06 16:00:00,80.1,80.1,80.0,80.0,120
2017-06-07 12:00:00,81.4,81.4,80.0,80.2,40
2017-06-07 16:00:00,80.2,80.2,80.2,80.2,50
2017-06-08 16:00:00,81.0,81.0,81.0,81.0,450
2017-06-13 08:00:00,79.3,79.3,79.3,79.3,30
2017-06-13 12:00:00,79.9,79.9,79.9,79.9,90
2017-06-13 16:00:00,79.9,80.7,79.9,80.7,250
2017-06-14 12:00:00,79.5,79.5,79.5,79.5,20
2017-06-14 16:00:00,79.9,79.9,79.9,79.9,120
2017-06-15 08:00:00,79.6,79.6,79.2,79.2,60
2017-06-15 12:00:00,79.0,79.0,78.6,78.6,70
2017-06-15 16:00:00,78.0,78.0,78.0,78.0,30
2017-06-16 08:00:00,80.0,80.0,80.0,80.0,10
2017-06-19 16:00:00,80.0,80.0,80.0,80.0,10
2017-06-20 12:00:00,77.9,77.9,77.9,77.9,10
2017-06-20 16:00:00,79.9,79.9,79.9,79.9,10
2017-06-21 16:00:00,80.8,81.7,80.8,81.7,20
2017-06-23 16:00:00,81.5,81.7,80.0,81.7,150
2017-06-28 16:00:00,81.9,82.0,81.9,82.0,40
2017-06-29 16:00:00,82.3,82.3,82.0,82.0,20
2017-06-30 16:00:00,81.0,82.0,81.0,82.0,160
2017-07-04 12:00:00,82.1,82.1,82.1,82.1,20
2017-07-05 08:00:00,82.4,82.4,82.4,82.4,20
2017-07-05 12:00:00,80.4,80.4,80.4,80.4,80
2017-07-06 12:00:00,81.9,89.5,81.9,85.9,130
2017-07-06 16:00:00,84.3,88.3,81.5,88.3,1040
2017-07-07 08:00:00,86.5,89.0,80.0,87.8,3250
2017-07-07 16:00:00,85.4,85.4,85.2,85.2,30
2017-07-10 08:00:00,87.8,87.8,87.8,87.8,10
2017-07-13 08:00:00,88.3,88.3,88.3,88.3,100
2017-07-13 12:00:00,88.1,88.1,88.1,88.1,10
2017-07-14 12:00:00,87.9,87.9,87.9,87.9,50
2017-07-17 08:00:00,87.5,87.5,87.5,87.5,30
2017-07-17 16:00:00,87.5,87.5,87.5,87.5,20
2017-07-18 08:00:00,87.9,87.9,87.9,87.9,40
2017-07-18 12:00:00,87.1,87.1,87.1,87.1,10
2017-07-19 12:00:00,87.4,87.4,84.4,84.4,180
2017-07-21 08:00:00,85.8,88.3,85.8,87.9,230
2017-07-24 08:00:00,85.0,85.0,85.0,85.0,10
2017-07-24 12:00:00,85.0,85.0,85.0,85.0,30
2017-07-25 12:00:00,84.1,85.1,82.1,83.3,360
2017-07-26 08:00:00,82.2,82.2,82.2,82.2,10
2017-07-26 12:00:00,83.4,83.4,83.4,83.4,30
2017-07-28 08:00:00,83.9,84.9,83.9,84.9,80
2017-07-28 12:00:00,84.1,84.1,84.1,84.1,10
2017-08-02 12:00:00,85.8,85.8,84.0,84.0,40
2017-08-03 16:00:00,83.2,83.2,82.4,82.4,70
2017-08-04 12:00:00,84.7,84.7,84.1,84.1,350
2017-08-07 12:00:00,84.8,84.8,84.8,84.8,10
2017-08-08 12:00:00,85.8,85.8,83.8,83.8,50
2017-08-09 12:00:00,84.0,84.0,83.1,83.1,20
2017-08-09 16:00:00,83.5,84.3,83.5,84.3,40
2017-08-10 12:00:00,84.5,84.5,82.6,83.2,50
2017-08-11 08:00:00,85.4,85.4,85.4,85.4,20
2017-08-11 16:00:00,85.8,85.8,85.8,85.8,40
2017-08-14 12:00:00,86.0,86.8,86.0,86.0,90
2017-08-16 12:00:00,85.0,85.0,82.6,82.6,30
2017-08-18 16:00:00,85.8,88.0,85.8,88.0,100
2017-08-22 08:00:00,86.0,89.9,86.0,88.0,120
2017-08-23 08:00:00,86.7,86.7,83.7,85.9,30
2017-08-23 12:00:00,87.7,87.7,87.7,87.7,10
2017-08-25 08:00:00,86.0,86.0,86.0,86.0,10
2017-08-25 16:00:00,86.0,88.0,86.0,88.0,100
2017-08-28 08:00:00,89.8,89.9,88.1,89.9,990
2017-08-28 12:00:00,86.5,86.5,86.3,86.3,20
2017-08-29 12:00:00,86.0,86.0,86.0,86.0,10
2017-08-29 16:00:00,87.8,89.8,87.8,89.8,620
2017-08-30 08:00:00,86.2,89.8,86.2,89.8,20
2017-08-31 12:00:00,87.0,87.0,84.2,84.2,70
2017-09-04 12:00:00,89.3,92.8,89.3,91.6,60
2017-09-04 16:00:00,88.2,88.2,86.6,88.0,30
2017-09-05 08:00:00,86.0,86.0,85.0,85.0,80
2017-09-05 12:00:00,88.2,88.6,87.6,87.6,40
2017-09-06 08:00:00,89.3,89.3,89.3,89.3,10
2017-09-06 12:00:00,89.3,89.3,89.3,89.3,10
2017-09-06 16:00:00,88.1,88.1,88.1,88.1,10
2017-09-08 12:00:00,90.8,90.8,89.8,89.8,20
2017-09-08 16:00:00,88.2,88.2,88.2,88.2,10
2017-09-11 12:00:00,87.5,89.9,87.5,88.7,30
2017-09-11 16:00:00,90.3,90.3,89.9,89.9,20
2017-09-12 08:00:00,89.3,89.3,85.1,85.1,20
2017-09-12 16:00:00,90.7,90.7,90.7,90.7,10
2017-09-13 12:00:00,88.1,88.1,88.1,88.1,10
2017-09-14 12:00:00,89.8,91.4,89.8,91.4,50
2017-09-14 16:00:00,90.2,90.2,90.2,90.2,10
2017-09-18 08:00:00,88.0,89.6,85.0,88.2,650
2017-09-18 16:00:00,89.4,89.4,89.4,89.4,30
2017-09-19 12:00:00,87.0,89.7,86.9,89.7,60
2017-09-20 08:00:00,87.5,87.5,87.5,87.5,10
2017-09-21 08:00:00,86.7,86.7,86.7,86.7,10
2017-09-21 12:00:00,86.3,86.3,86.3,86.3,20
2017-09-21 16:00:00,88.1,88.1,87.7,87.7,40
2017-09-22 08:00:00,88.4,88.8,88.4,88.8,20
2017-09-22 12:00:00,89.0,89.4,87.8,89.4,90
2017-09-22 16:00:00,90.4,90.4,87.0,87.0,40
2017-09-27 16:00:00,88.5,88.5,88.5,88.5,20
2017-09-28 12:00:00,87.7,90.6,87.1,88.6,140
2017-09-28 16:00:00,90.6,90.6,89.6,89.6,20
2017-09-29 16:00:00,90.8,90.8,90.8,90.8,10
2017-10-02 12:00:00,89.5,91.3,88.7,91.3,100
2017-10-02 16:00:00,90.1,90.1,90.1,90.1,10
2017-10-03 12:00:00,88.2,88.2,87.4,88.0,30
2017-10-03 16:00:00,87.4,87.4,87.4,87.4,10
2017-10-04 12:00:00,87.2,89.4,87.2,89.4,40
2017-10-04 16:00:00,88.2,88.2,88.2,88.2,20
2017-10-06 08:00:00,89.8,89.8,89.8,89.8,20
2017-10-06 12:00:00,88.8,88.8,88.8,88.8,20
2017-10-06 16:00:00,88.8,88.8,88.8,88.8,10
2017-10-09 12:00:00,88.0,88.0,88.0,88.0,10
2017-10-10 08:00:00,88.1,89.7,88.1,89.7,30
2017-10-10 12:00:00,90.7,90.7,90.7,90.7,30
2017-10-11 08:00:00,88.6,88.6,88.0,88.0,20
2017-10-12 16:00:00,89.9,89.9,89.9,89.9,20
2017-10-13 08:00:00,88.6,88.6,88.6,88.6,10
2017-10-13 12:00:00,89.8,90.0,88.6,88.6,40
2017-10-17 12:00:00,88.0,88.0,88.0,88.0,10
2017-10-19 08:00:00,90.0,90.0,88.0,88.0,20
2017-10-19 16:00:00,90.0,90.4,88.2,88.2,70
2017-10-20 08:00:00,86.5,86.5,85.6,85.6,20
2017-10-20 12:00:00,86.8,89.6,86.8,89.6,220
2017-10-20 16:00:00,87.8,87.8,87.8,87.8,10
2017-10-23 08:00:00,88.0,88.0,88.0,88.0,550
2017-10-23 12:00:00,88.0,88.0,88.0,88.0,10
2017-10-23 16:00:00,88.0,88.0,88.0,88.0,20
2017-10-24 08:00:00,88.0,88.0,88.0,88.0,60
2017-10-24 16:00:00,88.0,89.8,88.0,89.8,30
2017-10-26 12:00:00,88.1,88.1,88.1,88.1,30
2017-10-27 08:00:00,88.0,88.0,88.0,88.0,10
2017-10-27 12:00:00,89.4,89.8,89.4,89.8,60
2017-10-27 16:00:00,89.8,89.8,89.8,89.8,10
2017-10-30 12:00:00,90.0,90.0,90.0,90.0,1750
2017-10-31 08:00:00,90.0,90.0,90.0,90.0,10
2017-10-31 12:00:00,90.0,90.0,90.0,90.0,50
2017-11-02 16:00:00,90.0,90.0,90.0,90.0,240
2017-11-03 12:00:00,90.8,91.2,90.0,90.0,150
2017-11-09 08:00:00,88.7,88.8,88.0,88.0,670
2017-11-09 12:00:00,88.0,89.0,88.0,88.0,2960
2017-11-09 16:00:00,88.0,88.0,88.0,88.0,10
2017-11-10 16:00:00,89.8,89.8,89.8,89.8,10
2017-11-13 16:00:00,91.5,91.5,91.5,91.5,20
2017-11-14 12:00:00,91.5,91.5,91.5,91.5,10
2017-11-15 16:00:00,91.6,91.6,90.0,90.0,650
2017-11-21 08:00:00,88.5,88.5,88.5,88.5,10
2017-11-21 12:00:00,89.7,89.9,89.7,89.9,510
2017-11-21 16:00:00,89.9,89.9,89.9,89.9,500
2017-11-22 12:00:00,91.7,91.7,91.7,91.7,10
2017-11-24 12:00:00,89.1,90.1,89.1,90.1,450
2017-11-24 16:00:00,89.9,90.1,89.9,90.1,120
2017-11-27 12:00:00,91.6,91.6,91.6,91.6,10
2017-11-29 16:00:00,91.0,91.0,88.4,88.4,130
2017-11-30 08:00:00,90.3,90.4,90.3,90.4,60
2017-11-30 12:00:00,91.0,91.4,88.4,88.4,180
2017-12-01 12:00:00,90.9,90.9,90.9,90.9,210
2017-12-04 16:00:00,90.0,90.0,90.0,90.0,530
2017-12-05 12:00:00,91.0,91.0,91.0,91.0,10
2017-12-06 12:00:00,90.0,90.0,90.0,90.0,100
2017-12-08 12:00:00,92.2,92.2,92.2,92.2,10
2017-12-11 12:00:00,89.0,90.4,89.0,90.4,20
2017-12-14 12:00:00,89.3,89.3,88.3,88.3,50
2017-12-14 16:00:00,87.5,87.5,85.9,87.1,80
2017-12-18 08:00:00,88.2,91.8,88.2,91.8,110
2017-12-18 16:00:00,88.8,88.8,88.0,88.0,20
2017-12-20 12:00:00,90.7,90.7,90.5,90.5,160
2017-12-20 16:00:00,90.5,90.5,90.5,90.5,10
2017-12-22 08:00:00,90.7,92.7,90.7,91.9,60
2017-12-22 12:00:00,90.1,90.1,89.9,89.9,20
2017-12-22 16:00:00,88.7,88.7,86.9,86.9,50
2017-12-25 08:00:00,86.3,86.3,86.3,86.3,10
2017-12-25 16:00:00,86.9,86.9,86.9,86.9,10
2017-12-27 12:00:00,85.3,85.3,85.3,85.3,140
2017-12-28 16:00:00,86.4,86.4,86.4,86.4,10
2017-12-29 16:00:00,87.8,89.6,87.8,89.6,60
2018-01-03 08:00:00,90.4,90.4,90.4,90.4,50
2018-01-03 12:00:00,89.2,89.2,89.2,89.2,110
2018-01-03 16:00:00,86.6,87.8,86.6,87.8,100
2018-01-05 16:00:00,88.8,88.8,88.8,88.8,140
2018-01-09 08:00:00,87.6,89.4,87.6,89.4,20
2018-01-09 12:00:00,91.2,91.2,90.0,90.0,20
2018-01-10 12:00:00,90.0,90.8,90.0,90.8,20
2018-01-11 12:00:00,89.7,89.7,89.7,89.7,10
2018-01-11 16:00:00,89.7,89.7,89.1,89.1,80
2018-01-12 16:00:00,92.0,92.3,92.0,92.1,30
2018-01-15 08:00:00,91.9,91.9,90.7,90.7,20
2018-01-15 12:00:00,90.3,91.9,90.1,91.9,40
2018-01-15 16:00:00,91.1,91.1,91.1,91.1,180
2018-01-16 12:00:00,91.2,91.3,91.2,91.3,290
2018-01-16 16:00:00,89.5,89.5,89.5,89.5,10
2018-01-17 08:00:00,88.4,88.4,88.4,88.4,10
2018-01-17 12:00:00,91.2,91.2,91.2,91.2,10
2018-01-17 16:00:00,91.2,91.2,91.2,91.2,110
2018-01-18 12:00:00,90.8,91.2,90.8,91.2,320
2018-01-18 16:00:00,90.2,90.2,90.2,90.2,100
2018-01-19 12:00:00,90.9,91.8,90.8,91.0,2190
2018-01-19 16:00:00,90.0,90.0,90.0,90.0,10
2018-01-22 12:00:00,89.5,89.5,89.5,89.5,10
2018-01-23 08:00:00,88.7,88.7,88.3,88.3,20
2018-01-23 12:00:00,89.9,90.9,89.9,90.9,30
2018-01-23 16:00:00,89.9,89.9,89.9,89.9,10
2018-01-24 16:00:00,90.0,90.0,87.8,87.8,70
2018-01-25 16:00:00,89.2,89.2,89.2,89.2,60
2018-01-29 08:00:00,86.7,88.0,86.2,86.2,1800
2018-01-29 12:00:00,87.4,87.4,86.4,86.4,40
2018-01-30 08:00:00,87.6,87.6,87.6,87.6,10
2018-01-30 12:00:00,87.8,89.2,87.8,89.2,40
2018-01-31 12:00:00,89.4,89.4,89.4,89.4,20
2018-01-31 16:00:00,88.4,88.4,88.4,88.4,10
2018-02-01 12:00:00,89.4,89.4,89.4,89.4,10
2018-02-02 08:00:00,88.3,88.3,88.3,88.3,10
2018-02-06 16:00:00,87.0,87.0,86.6,86.6,20
2018-02-07 16:00:00,86.0,86.0,86.0,86.0,10
2018-02-08 12:00:00,85.4,85.4,85.4,85.4,10
2018-02-08 16:00:00,86.0,87.0,85.0,87.0,130
2018-02-12 12:00:00,85.4,85.4,85.4,85.4,20
2018-02-13 08:00:00,85.3,85.3,85.0,85.0,50
2018-02-14 08:00:00,86.2,86.2,86.2,86.2,10
2018-02-14 12:00:00,86.2,86.2,86.2,86.2,10
2018-02-15 08:00:00,86.3,86.3,86.3,86.3,10
2018-02-16 12:00:00,85.1,85.1,85.0,85.0,20
2018-02-19 12:00:00,86.7,89.8,84.2,85.4,120
2018-02-20 08:00:00,84.4,84.4,84.3,84.3,20
2018-02-20 12:00:00,85.3,87.9,85.3,85.5,100
2018-02-21 08:00:00,85.6,85.6,85.6,85.6,10
2018-02-21 16:00:00,85.0,85.0,84.6,84.6,30
2018-02-26 12:00:00,86.7,86.7,86.7,86.7,10
2018-02-27 12:00:00,84.6,84.6,84.2,84.2,50
2018-02-28 16:00:00,86.5,86.5,86.5,86.5,10
2018-03-01 12:00:00,86.5,88.0,86.5,88.0,50
2018-03-05 12:00:00,88.6,88.6,88.6,88.6,20
2018-03-07 08:00:00,86.1,86.1,86.1,86.1,20
2018-03-07 12:00:00,86.1,86.1,86.1,86.1,10
2018-03-12 12:00:00,87.1,87.1,87.1,87.1,20
2018-03-12 16:00:00,84.9,84.9,84.9,84.9,20
2018-03-14 12:00:00,84.9,86.0,84.9,86.0,20
2018-03-15 08:00:00,87.2,87.3,84.9,84.9,170
2018-03-16 12:00:00,84.5,86.7,84.3,86.7,150
2018-03-19 16:00:00,84.3,84.3,84.0,84.0,500
2018-03-20 16:00:00,85.8,85.8,84.8,84.8,20
2018-03-21 12:00:00,85.9,85.9,85.9,85.9,10
2018-03-22 08:00:00,86.8,86.8,86.0,86.0,20
2018-03-22 12:00:00,86.0,86.0,86.0,86.0,80
2018-03-22 16:00:00,86.0,86.0,86.0,86.0,10
2018-03-23 12:00:00,87.4,87.4,87.4,87.4,10
2018-03-26 16:00:00,86.3,86.3,86.3,86.3,10
2018-03-27 12:00:00,86.3,86.3,86.3,86.3,10
2018-03-27 16:00:00,85.1,85.1,85.1,85.1,30
2018-03-28 08:00:00,87.4,87.4,86.2,86.2,20
2018-03-28 12:00:00,85.2,85.2,84.8,84.8,60
2018-03-30 16:00:00,87.2,87.2,87.2,87.2,10
2018-04-02 08:00:00,87.4,88.3,86.3,86.3,30
2018-04-02 12:00:00,86.3,86.3,86.3,86.3,10
2018-04-02 16:00:00,86.1,86.1,86.1,86.1,100
2018-04-04 12:00:00,85.0,85.0,85.0,85.0,700
2018-04-06 12:00:00,87.0,87.0,87.0,87.0,10
2018-04-09 08:00:00,85.1,85.1,85.1,85.1,10
2018-04-09 12:00:00,84.5,84.5,84.1,84.1,120
2018-04-09 16:00:00,84.1,84.1,84.1,84.1,40
2018-04-10 12:00:00,84.0,84.0,80.0,81.8,120
2018-04-10 16:00:00,83.8,83.8,83.8,83.8,20
2018-04-11 12:00:00,84.0,84.0,84.0,84.0,40
2018-04-12 12:00:00,84.0,84.0,84.0,84.0,20
2018-04-12 16:00:00,84.0,84.0,84.0,84.0,60
2018-04-13 12:00:00,84.0,84.0,84.0,84.0,60
2018-04-13 16:00:00,84.0,84.0,84.0,84.0,80
2018-04-16 16:00:00,84.0,84.0,84.0,84.0,20
2018-04-17 12:00:00,84.0,85.0,84.0,85.0,80
2018-04-17 16:00:00,84.0,85.0,84.0,85.0,200
2018-04-18 12:00:00,85.7,85.7,84.1,84.1,120
2018-04-18 16:00:00,84.1,84.1,84.1,84.1,40
2018-04-19 08:00:00,84.0,85.8,84.0,85.8,20
2018-04-20 12:00:00,86.9,86.9,85.1,85.1,50
2018-04-20 16:00:00,85.1,85.1,85.1,85.1,50
2018-04-23 08:00:00,88.0,88.0,86.0,88.0,70
2018-04-23 12:00:00,87.0,87.0,87.0,87.0,10
2018-04-23 16:00:00,84.2,84.2,84.2,84.2,50
2018-04-24 12:00:00,84.0,84.0,82.2,82.2,170
2018-04-24 16:00:00,83.4,83.4,83.4,83.4,30
2018-04-25 16:00:00,85.4,85.4,85.4,85.4,10
2018-04-26 12:00:00,87.5,87.5,87.5,87.5,10
2018-04-27 08:00:00,84.2,84.2,84.0,84.0,40
2018-04-27 12:00:00,85.4,97.4,84.6,89.6,830
2018-04-27 16:00:00,84.8,85.8,84.8,85.8,20
2018-04-28 16:00:00,88.0,88.0,88.0,88.0,1
2018-04-30 08:00:00,90.0,90.0,88.0,88.0,20
2018-04-30 12:00:00,88.0,88.0,88.0,88.0,60
2018-04-30 16:00:00,89.0,89.0,89.0,89.0,10
2018-05-03 08:00:00,88.1,88.1,88.1,88.1,20
2018-05-03 12:00:00,86.3,89.9,84.1,84.3,550
2018-05-03 16:00:00,87.3,87.3,87.3,87.3,10
2018-05-04 08:00:00,85.2,85.2,85.2,85.2,20
2018-05-04 12:00:00,85.4,85.4,85.4,85.4,10
2018-05-04 16:00:00,85.4,85.4,85.0,85.0,120
2018-05-07 08:00:00,87.3,87.9,86.5,87.9,120
2018-05-07 12:00:00,87.9,87.9,87.7,87.7,120
2018-05-07 16:00:00,88.1,88.3,86.5,86.5,140
2018-05-08 08:00:00,88.0,88.1,88.0,88.1,380
2018-05-08 12:00:00,88.3,88.3,88.3,88.3,150
2018-05-08 16:00:00,86.5,86.5,86.5,86.5,50
2018-05-11 12:00:00,87.8,87.8,87.8,87.8,10
2018-05-15 12:00:00,88.9,88.9,88.9,88.9,10
2018-05-16 08:00:00,89.0,96.6,86.2,86.2,30
2018-05-16 12:00:00,89.8,89.8,89.8,89.8,140
2018-05-18 16:00:00,87.0,88.0,86.5,88.0,30
2018-05-23 12:00:00,88.2,88.2,88.2,88.2,10
2018-05-23 16:00:00,88.2,88.2,88.2,88.2,120
2018-05-25 08:00:00,89.4,89.4,89.4,89.4,10
2018-05-28 16:00:00,87.5,87.5,87.5,87.5,10
2018-05-30 12:00:00,88.8,90.0,88.8,90.0,160
2018-06-04 12:00:00,94.0,94.0,92.0,92.0,20
2018-06-05 16:00:00,94.0,94.0,94.0,94.0,20
2018-06-06 12:00:00,93.0,93.0,93.0,93.0,250
2018-06-07 12:00:00,90.0,90.0,90.0,90.0,10
2018-06-07 16:00:00,91.4,91.4,91.4,91.4,10
2018-06-13 16:00:00,91.0,91.0,88.2,88.2,40
2018-06-15 16:00:00,88.2,88.2,88.2,88.2,10
2018-06-18 16:00:00,91.5,91.5,91.5,91.5,10
2018-06-20 12:00:00,88.5,88.5,88.5,88.5,90
2018-06-20 16:00:00,88.3,88.3,88.3,88.3,30
2018-06-21 08:00:00,88.9,88.9,88.9,88.9,10
2018-06-21 12:00:00,87.9,87.9,87.9,87.9,10
2018-06-21 16:00:00,87.5,87.5,87.3,87.3,40
2018-06-22 08:00:00,87.0,87.0,87.0,87.0,60
2018-06-26 12:00:00,88.8,88.8,88.8,88.8,10
2018-06-26 16:00:00,88.0,88.0,88.0,88.0,10
2018-06-27 12:00:00,89.5,89.5,89.5,89.5,20
2018-06-27 16:00:00,89.5,89.5,89.5,89.5,10
2018-06-29 12:00:00,89.5,89.5,89.5,89.5,10
2018-07-02 08:00:00,90.0,90.0,90.0,90.0,20
2018-07-02 12:00:00,90.0,90.0,90.0,90.0,20
2018-07-03 12:00:00,90.0,90.0,90.0,90.0,10
2018-07-04 12:00:00,89.8,89.8,89.8,89.8,20
2018-07-05 12:00:00,87.6,87.6,87.1,87.1,50
2018-07-06 08:00:00,87.7,87.7,87.7,87.7,10
2018-07-06 12:00:00,87.1,87.1,87.1,87.1,30
2018-07-09 16:00:00,88.5,88.6,88.5,88.6,20
2018-07-12 12:00:00,88.5,88.5,88.5,88.5,10
2018-07-13 12:00:00,88.5,88.5,88.5,88.5,30
2018-07-13 16:00:00,86.7,88.7,86.7,88.7,70
2018-07-16 12:00:00,88.9,88.9,88.9,88.9,20
2018-07-17 08:00:00,89.5,90.0,89.5,90.0,100
2018-07-18 16:00:00,90.0,90.0,90.0,90.0,30
2018-07-24 12:00:00,88.5,88.5,88.5,88.5,10
2018-07-27 12:00:00,90.0,90.8,89.8,90.8,1720
2018-07-30 12:00:00,90.3,90.3,90.2,90.2,20
2018-07-30 16:00:00,89.4,89.4,88.2,88.2,280
2018-07-31 12:00:00,89.4,90.0,89.4,90.0,240
2018-07-31 16:00:00,90.0,90.0,90.0,90.0,200
2018-08-01 12:00:00,90.0,90.0,90.0,90.0,100
2018-08-02 08:00:00,90.0,90.0,90.0,90.0,100
2018-08-02 16:00:00,90.0,90.0,90.0,90.0,100
2018-08-03 12:00:00,90.0,90.0,90.0,90.0,200
2018-08-06 08:00:00,90.6,90.6,90.6,90.6,10
2018-08-13 16:00:00,91.6,91.6,91.6,91.6,10
2018-08-14 08:00:00,90.4,90.4,90.4,90.4,10
2018-08-22 08:00:00,91.8,93.6,91.8,93.6,30
2018-08-22 12:00:00,92.4,92.4,92.2,92.2,50
2018-08-28 16:00:00,94.4,94.4,94.4,94.4,10
2018-08-30 12:00:00,94.8,94.8,94.8,94.8,10
2018-09-04 12:00:00,93.4,93.4,93.4,93.4,10
2018-09-05 16:00:00,91.2,91.2,91.2,91.2,10
2018-09-06 16:00:00,91.0,91.0,91.0,91.0,10
2018-09-12 08:00:00,89.2,90.0,89.2,90.0,20
2018-09-19 12:00:00,91.6,93.4,91.6,91.8,40
2018-09-20 08:00:00,93.6,93.6,92.0,92.0,20
2018-09-20 12:00:00,91.4,91.4,90.0,90.0,40
2018-09-20 16:00:00,90.0,90.0,90.0,90.0,580
2018-09-24 16:00:00,89.4,89.4,89.4,89.4,10
2018-09-26 12:00:00,89.4,89.4,89.4,89.4,70
2018-09-28 08:00:00,90.8,90.8,90.8,90.8,10
2018-10-05 08:00:00,92.8,94.8,92.8,93.4,60
2018-10-05 16:00:00,90.8,95.6,90.8,95.6,220
2018-10-08 12:00:00,94.2,94.2,94.2,94.2,10
2018-10-09 12:00:00,94.0,94.0,94.0,94.0,10
2018-10-09 16:00:00,92.6,92.6,92.6,92.6,10
2018-10-11 08:00:00,91.4,91.4,91.4,91.4,10
2018-10-11 16:00:00,92.8,93.8,92.8,93.8,20
2018-10-12 16:00:00,94.4,95.6,94.4,95.6,20
2018-10-16 16:00:00,95.0,95.0,95.0,95.0,10
2018-10-17 12:00:00,95.6,97.0,95.6,96.0,40
2018-10-17 16:00:00,97.0,97.0,97.0,97.0,10
2018-10-18 12:00:00,100.0,100.0,98.0,98.0,30
2018-10-22 12:00:00,97.0,97.0,97.0,97.0,10
2018-10-22 16:00:00,97.0,97.0,95.0,95.0,30
2018-10-23 12:00:00,95.2,95.2,94.8,95.0,800
2018-10-23 16:00:00,95.0,97.2,95.0,97.2,20
2018-10-24 08:00:00,95.2,95.2,95.2,95.2,10
2018-10-24 16:00:00,97.6,97.6,97.6,97.6,10
2018-10-25 16:00:00,99.6,99.6,99.6,99.6,10
2018-10-26 08:00:00,96.2,96.2,94.8,94.8,220
2018-10-26 12:00:00,95.0,95.0,95.0,95.0,80
2018-10-26 16:00:00,97.4,97.6,97.4,97.6,11
2018-11-06 08:00:00,100.8,100.8,100.8,100.8,1
2018-11-06 12:00:00,100.0,100.0,100.0,100.0,10
2018-11-06 16:00:00,99.0,101.8,98.4,101.8,72
2018-11-07 08:00:00,103.6,115.8,103.6,111.4,150
2018-11-07 12:00:00,111.0,112.8,111.0,112.8,30
2018-11-07 16:00:00,112.8,116.8,111.6,116.8,78
2018-11-08 08:00:00,114.0,114.0,108.0,108.0,36
2018-11-08 12:00:00,109.4,109.6,109.4,109.6,5
2018-11-08 16:00:00,108.2,108.2,106.6,106.8,32
2018-11-09 12:00:00,106.0,106.0,105.0,105.0,5
2018-11-09 16:00:00,106.8,107.6,105.0,105.0,3
2018-11-12 08:00:00,128.0,128.0,104.2,104.2,5
2018-11-12 12:00:00,105.6,106.8,105.6,106.8,2
2018-11-12 16:00:00,108.6,108.6,108.6,108.6,11
2018-11-13 08:00:00,104.2,105.6,104.2,105.6,3
2018-11-14 08:00:00,108.8,108.8,108.8,108.8,1
2018-11-14 16:00:00,106.2,106.2,105.2,105.2,3
2018-11-15 08:00:00,104.6,107.6,101.0,104.0,35
2018-11-15 12:00:00,105.0,105.0,105.0,105.0,3
2018-11-15 16:00:00,103.4,103.4,103.4,103.4,1
2018-11-16 08:00:00,104.8,104.8,103.2,103.2,3
2018-11-16 12:00:00,103.2,104.0,101.0,104.0,51
2018-11-16 16:00:00,102.0,103.0,101.0,103.0,28
2018-11-19 12:00:00,103.6,103.6,103.6,103.6,4
2018-11-19 16:00:00,103.6,103.6,101.2,101.2,13
2018-11-20 08:00:00,102.8,102.8,102.8,102.8,1
2018-11-20 12:00:00,102.8,103.8,102.8,103.8,6
2018-11-20 16:00:00,103.8,103.8,103.8,103.8,1
2018-11-21 16:00:00,103.8,103.8,103.8,103.8,1
2018-11-22 12:00:00,102.2,102.2,101.0,101.0,5
2018-11-23 16:00:00,103.6,103.6,102.4,102.4,2
2018-11-26 08:00:00,104.8,112.6,104.8,109.6,29
2018-11-26 12:00:00,109.0,109.0,102.2,102.2,6
2018-11-26 16:00:00,103.6,103.6,103.6,103.6,1
2018-11-27 08:00:00,101.2,101.2,101.2,101.2,1
2018-11-28 08:00:00,102.2,104.0,102.2,104.0,3
2018-11-28 12:00:00,103.2,107.0,103.2,103.2,10
2018-11-29 08:00:00,104.2,104.2,101.2,101.2,8
2018-11-30 08:00:00,105.8,107.6,105.8,107.0,3
2018-11-30 12:00:00,106.0,106.0,106.0,106.0,1
2018-11-30 16:00:00,107.0,107.0,107.0,107.0,1
2018-12-03 12:00:00,107.8,107.8,107.8,107.8,11
2018-12-03 16:00:00,108.0,108.0,107.0,107.0,2
2018-12-04 16:00:00,108.8,108.8,108.8,108.8,1
2018-12-05 08:00:00,110.8,113.4,109.0,109.0,42
2018-12-05 12:00:00,113.6,113.8,113.6,113.8,2
2018-12-05 16:00:00,114.8,115.6,114.8,115.6,2
2018-12-06 08:00:00,116.8,161.6,116.8,161.6,1040
2018-12-06 12:00:00,161.6,161.6,143.4,152.0,529
2018-12-06 16:00:00,155.0,161.6,155.0,161.6,2822
2018-12-07 08:00:00,158.0,159.8,123.2,156.8,593
2018-12-07 12:00:00,156.6,158.4,124.6,134.8,1194
2018-12-07 16:00:00,136.6,142.0,130.0,130.0,213
2018-12-10 08:00:00,133.4,148.0,125.0,130.8,324
2018-12-10 12:00:00,127.4,133.6,120.8,124.8,308
2018-12-10 16:00:00,126.2,137.0,126.0,129.8,83
2018-12-11 08:00:00,126.6,160.0,117.2,137.6,793
2018-12-11 12:00:00,133.0,137.2,125.0,126.8,603
2018-12-11 16:00:00,128.0,129.6,124.6,128.0,70
2018-12-12 08:00:00,128.6,137.0,120.0,122.2,376
2018-12-12 12:00:00,120.0,125.8,117.8,121.0,227
2018-12-12 16:00:00,123.4,123.6,117.8,121.6,179
2018-12-13 08:00:00,121.6,130.0,112.2,113.4,170
2018-12-13 12:00:00,113.0,122.8,110.8,118.6,513
2018-12-13 16:00:00,118.0,123.0,116.0,123.0,37
2018-12-14 08:00:00,118.8,122.4,118.6,122.4,26
2018-12-14 12:00:00,120.0,122.0,119.6,121.0,52
2018-12-14 16:00:00,121.0,122.6,121.0,122.6,44
2018-12-17 08:00:00,118.8,118.8,115.6,115.6,9
2018-12-17 16:00:00,116.2,120.0,116.0,120.0,13
2018-12-18 08:00:00,122.4,159.0,114.0,115.0,50
2018-12-18 12:00:00,116.8,124.4,98.0,106.0,2633
2018-12-18 16:00:00,105.4,107.6,103.4,106.0,1089
2018-12-19 08:00:00,106.8,108.0,102.8,104.2,135
2018-12-19 12:00:00,104.0,105.4,102.0,105.4,753
2018-12-19 16:00:00,105.0,105.0,103.6,103.6,207
2018-12-20 08:00:00,101.4,112.4,100.0,102.8,405
2018-12-20 12:00:00,101.4,104.8,100.8,103.2,225
2018-12-20 16:00:00,104.8,107.2,104.8,107.2,60
2018-12-21 08:00:00,105.4,107.4,105.4,105.4,11
2018-12-21 12:00:00,105.4,107.4,105.2,107.4,32
2018-12-21 16:00:00,106.0,106.0,106.0,106.0,1
2018-12-24 08:00:00,105.2,124.4,105.2,112.6,334
2018-12-24 12:00:00,112.6,113.0,107.2,108.2,63
2018-12-24 16:00:00,108.0,109.0,106.2,109.0,38
2018-12-25 08:00:00,107.2,107.2,106.0,106.0,6
2018-12-25 12:00:00,106.0,107.6,106.0,106.0,64
2018-12-26 08:00:00,105.4,105.4,101.2,104.8,55
2018-12-26 12:00:00,104.2,106.6,104.0,106.6,28
2018-12-26 16:00:00,104.2,104.2,103.2,103.2,10
2018-12-27 08:00:00,105.4,105.4,102.8,103.2,16
2018-12-27 12:00:00,105.4,106.8,105.4,105.6,17
2018-12-27 16:00:00,105.6,105.6,105.4,105.4,3
2018-12-28 08:00:00,106.6,106.6,104.6,104.6,3
2018-12-28 12:00:00,103.4,105.8,102.6,105.8,13
2018-12-28 16:00:00,106.8,107.0,105.2,105.2,7
2018-12-29 08:00:00,105.6,110.4,105.6,110.4,15
2018-12-29 12:00:00,108.0,110.0,108.0,110.0,11
2018-12-29 16:00:00,110.2,114.8,110.0,113.6,268
2019-01-03 12:00:00,114.6,114.6,114.6,114.6,1
2019-01-04 12:00:00,113.8,114.0,103.6,112.4,6
2019-01-04 16:00:00,112.2,112.2,105.0,105.0,4
2019-01-08 08:00:00,112.2,114.6,112.0,114.2,8
2019-01-08 12:00:00,114.2,114.2,113.0,113.0,4
2019-01-08 16:00:00,114.2,114.6,114.2,114.6,2
2019-01-09 08:00:00,113.6,115.6,113.6,114.0,49
2019-01-09 12:00:00,114.0,115.8,114.0,115.8,31
2019-01-09 16:00:00,116.8,117.6,116.8,117.6,5
2019-01-10 08:00:00,117.6,117.6,117.4,117.4,4
2019-01-10 12:00:00,118.4,118.4,116.6,116.6,4
2019-01-10 16:00:00,116.6,116.6,116.6,116.6,10
2019-01-11 08:00:00,117.6,117.6,117.4,117.4,6
2019-01-11 12:00:00,117.4,117.6,117.4,117.6,32
2019-01-11 16:00:00,117.6,118.8,117.0,117.0,6
2019-01-14 08:00:00,118.8,122.4,118.0,122.4,60
2019-01-14 12:00:00,122.4,123.0,120.0,120.0,74
2019-01-14 16:00:00,120.8,120.8,120.8,120.8,3
2019-01-15 08:00:00,120.6,125.0,120.4,123.0,75
2019-01-15 12:00:00,124.6,125.0,122.0,122.0,40
2019-01-15 16:00:00,123.6,124.4,120.0,122.8,20
2019-01-16 08:00:00,124.8,124.8,122.0,122.0,39
2019-01-16 12:00:00,122.0,123.0,121.0,121.0,36
2019-01-16 16:00:00,121.0,121.0,121.0,121.0,32
2019-01-17 08:00:00,120.8,120.8,120.8,120.8,2
2019-01-17 12:00:00,120.8,120.8,120.0,120.0,64
2019-01-17 16:00:00,120.6,122.4,120.0,122.4,5
2019-01-18 08:00:00,120.0,121.6,115.8,121.6,7
2019-01-18 16:00:00,121.6,122.8,121.6,122.8,8
2019-01-21 08:00:00,122.8,129.2,120.0,120.0,77
2019-01-21 12:00:00,120.0,121.4,118.6,120.0,54
2019-01-21 16:00:00,120.0,120.0,118.0,118.0,57
2019-01-22 08:00:00,117.8,119.4,117.8,119.4,6
2019-01-22 12:00:00,119.6,124.8,117.4,117.6,146
2019-01-22 16:00:00,117.6,118.4,117.0,118.4,33
2019-01-23 08:00:00,118.4,119.0,118.4,119.0,36
2019-01-23 12:00:00,119.0,119.8,114.8,117.2,113
2019-01-23 16:00:00,117.2,117.2,116.8,117.0,10
2019-01-24 08:00:00,115.2,116.8,115.2,116.8,13
2019-01-24 12:00:00,117.2,118.0,117.2,117.2,26
2019-01-24 16:00:00,117.2,118.8,116.0,118.8,10
2019-01-25 08:00:00,115.6,118.8,115.6,118.6,12
2019-01-25 12:00:00,117.0,117.0,115.8,117.0,10
2019-01-25 16:00:00,116.0,116.0,115.0,115.0,30
2019-01-28 12:00:00,117.4,117.4,114.8,114.8,23
2019-01-28 16:00:00,115.2,115.2,114.6,115.0,46
2019-01-29 08:00:00,115.0,115.0,115.0,115.0,12
2019-01-29 12:00:00,115.0,116.6,115.0,115.0,93
2019-01-29 16:00:00,115.0,117.0,114.6,117.0,64
2019-01-30 08:00:00,117.4,120.8,115.0,115.0,93
2019-01-30 12:00:00,116.0,116.4,115.0,115.4,287
2019-01-30 16:00:00,114.8,116.0,111.0,116.0,636
2019-01-31 12:00:00,115.6,115.8,115.6,115.8,4
2019-01-31 16:00:00,115.8,115.8,115.8,115.8,1
2019-02-01 08:00:00,114.0,114.0,114.0,114.0,3
2019-02-01 12:00:00,115.8,115.8,115.8,115.8,2
2019-02-01 16:00:00,115.8,115.8,114.0,114.0,5
2019-02-04 08:00:00,116.6,116.6,115.8,115.8,2
2019-02-04 12:00:00,115.2,115.8,114.6,115.8,41
2019-02-04 16:00:00,114.8,115.8,114.0,115.6,75
2019-02-05 08:00:00,114.2,114.2,114.0,114.0,13
2019-02-05 12:00:00,114.2,114.2,114.2,114.2,100
2019-02-05 16:00:00,114.6,115.8,113.0,115.8,159
2019-02-06 08:00:00,117.4,117.6,115.8,115.8,9
2019-02-06 12:00:00,115.8,116.8,113.2,115.0,314
2019-02-06 16:00:00,114.8,114.8,114.8,114.8,2
2019-02-07 08:00:00,115.8,115.8,115.8,115.8,1
2019-02-07 12:00:00,115.4,115.4,113.6,113.6,12
2019-02-07 16:00:00,114.2,115.2,113.0,115.2,19
2019-02-08 08:00:00,113.6,114.6,112.0,112.0,92
2019-02-08 12:00:00,112.6,112.6,105.0,109.2,541
2019-02-08 16:00:00,109.2,109.4,108.4,108.4,247
2019-02-11 08:00:00,109.0,109.6,109.0,109.0,72
2019-02-11 12:00:00,108.8,109.6,108.2,109.6,544
2019-02-11 16:00:00,109.8,110.4,109.8,110.4,525
2019-02-12 08:00:00,110.8,113.8,110.8,113.0,52
2019-02-12 12:00:00,112.0,112.0,110.0,111.6,133
2019-02-12 16:00:00,111.0,111.0,109.0,110.0,112
2019-02-13 08:00:00,111.2,111.4,110.8,110.8,52
2019-02-13 12:00:00,110.8,110.8,107.4,108.2,109
2019-02-13 16:00:00,109.0,110.0,108.4,110.0,140
2019-02-14 08:00:00,108.2,111.0,107.0,110.2,880
2019-02-14 12:00:00,110.2,110.2,109.8,109.8,88
2019-02-14 16:00:00,109.8,109.8,108.2,108.2,58
2019-02-15 08:00:00,109.8,110.8,109.8,110.8,181
2019-02-15 12:00:00,110.8,110.8,109.0,109.6,185
2019-02-15 16:00:00,109.4,109.4,109.0,109.0,6
2019-02-18 08:00:00,111.2,115.0,108.2,111.0,375
2019-02-18 12:00:00,111.0,112.8,111.0,112.8,138
2019-02-18 16:00:00,112.8,113.0,111.0,113.0,49
2019-02-19 08:00:00,113.4,115.0,113.4,115.0,258
2019-02-19 12:00:00,115.0,115.0,112.0,114.8,342
2019-02-19 16:00:00,112.4,112.4,112.2,112.2,2
2019-02-20 08:00:00,115.0,115.0,115.0,115.0,3
2019-02-20 12:00:00,114.4,114.8,112.0,114.8,271
2019-02-20 16:00:00,114.8,114.8,112.6,114.0,149
2019-02-21 08:00:00,112.6,112.6,112.6,112.6,5
2019-02-21 12:00:00,114.6,114.8,112.4,112.4,66
2019-02-22 08:00:00,114.8,114.8,114.4,114.4,118
2019-02-22 12:00:00,114.0,114.0,114.0,114.0,1
2019-02-22 16:00:00,113.0,114.6,113.0,114.6,13
2019-02-25 08:00:00,114.0,114.6,114.0,114.6,4
2019-02-25 12:00:00,114.2,114.6,111.8,114.2,106
2019-02-25 16:00:00,112.0,114.4,112.0,114.4,11
2019-02-26 12:00:00,113.0,113.0,113.0,113.0,45
2019-02-27 08:00:00,113.0,113.4,113.0,113.0,104
2019-02-27 12:00:00,113.0,113.0,113.0,113.0,12
2019-02-27 16:00:00,112.8,112.8,112.8,112.8,3
2019-02-28 12:00:00,113.4,113.8,112.2,112.2,13
2019-03-01 08:00:00,114.8,115.0,112.6,113.2,590
2019-03-01 12:00:00,113.2,113.2,112.0,112.0,49
2019-03-04 08:00:00,113.6,113.6,113.6,113.6,1
2019-03-04 12:00:00,112.0,112.8,112.0,112.8,33
2019-03-04 16:00:00,112.6,112.8,112.6,112.8,3
2019-03-05 08:00:00,111.6,111.6,111.6,111.6,7
2019-03-05 12:00:00,112.8,114.0,110.0,110.0,27
2019-03-05 16:00:00,110.6,111.8,110.6,111.8,2
2019-03-06 08:00:00,110.2,111.2,110.2,111.0,13
2019-03-06 12:00:00,110.0,111.8,107.0,111.8,114
2019-03-06 16:00:00,111.0,111.0,111.0,111.0,1
2019-03-07 12:00:00,112.0,112.0,110.6,110.6,38
2019-03-07 16:00:00,110.6,110.6,110.6,110.6,2
2019-03-11 08:00:00,110.4,110.4,109.4,109.4,142
2019-03-11 12:00:00,109.2,110.4,107.4,110.0,86
2019-03-11 16:00:00,110.4,110.8,110.4,110.8,57
2019-03-12 08:00:00,110.8,115.0,110.8,114.0,276
2019-03-12 12:00:00,114.0,114.6,113.2,113.2,19
2019-03-12 16:00:00,114.6,114.6,114.6,114.6,3
2019-03-13 08:00:00,114.0,115.0,114.0,115.0,107
2019-03-13 12:00:00,115.0,115.4,115.0,115.2,109
2019-03-13 16:00:00,115.0,115.4,115.0,115.2,207
2019-03-14 08:00:00,115.2,115.2,115.2,115.2,1
2019-03-14 12:00:00,115.2,115.2,115.0,115.0,216
2019-03-14 16:00:00,115.0,115.0,114.2,114.2,2
2019-03-15 12:00:00,116.0,116.4,116.0,116.4,51
2019-03-15 16:00:00,115.2,115.2,115.0,115.0,62
2019-03-18 08:00:00,116.8,116.8,116.8,116.8,4
2019-03-18 12:00:00,117.6,119.6,116.8,116.8,55
2019-03-18 16:00:00,116.8,116.8,116.4,116.8,9
2019-03-19 08:00:00,118.8,119.0,116.8,116.8,144
2019-03-19 12:00:00,117.2,117.6,110.2,115.2,121
2019-03-20 08:00:00,117.6,117.6,117.0,117.2,27
2019-03-20 12:00:00,116.2,116.2,115.4,115.4,19
2019-03-20 16:00:00,115.6,115.8,115.6,115.8,20
2019-03-21 08:00:00,115.6,117.2,114.0,114.0,63
2019-03-21 12:00:00,115.2,116.4,114.0,116.4,118
2019-03-21 16:00:00,116.4,116.4,114.8,114.8,46
2019-03-22 08:00:00,115.8,116.4,115.8,116.4,93
2019-03-22 12:00:00,116.4,116.4,116.0,116.0,14
2019-03-22 16:00:00,115.0,116.4,114.2,116.4,16
2019-03-25 08:00:00,115.6,116.0,115.0,115.4,26
2019-03-25 12:00:00,116.8,119.0,116.8,118.2,52
2019-03-25 16:00:00,118.2,119.6,116.2,116.2,128
2019-03-26 08:00:00,118.4,118.4,115.0,116.0,218
2019-03-26 12:00:00,114.4,116.0,109.0,115.2,588
2019-03-26 16:00:00,114.0,114.0,109.0,112.0,563
2019-03-27 08:00:00,111.8,113.8,110.2,113.0,60
2019-03-27 12:00:00,113.2,113.2,112.0,112.0,90
2019-03-27 16:00:00,113.4,114.8,113.4,114.8,226
2019-03-28 08:00:00,114.8,115.0,112.6,112.6,77
2019-03-28 12:00:00,114.6,114.6,114.6,114.6,70
2019-03-28 16:00:00,114.4,114.4,113.6,113.6,29
2019-03-29 08:00:00,115.0,118.8,115.0,116.2,58
2019-03-29 12:00:00,116.8,118.2,116.0,116.0,103
2019-03-29 16:00:00,116.0,116.8,115.4,116.8,47
2019-04-01 08:00:00,119.8,119.8,119.8,119.8,1
2019-04-01 12:00:00,119.8,119.8,118.0,118.2,68
2019-04-01 16:00:00,119.4,119.4,118.2,119.2,3
2019-04-02 08:00:00,119.8,129.2,116.4,121.8,182
2019-04-02 12:00:00,121.8,122.4,119.4,119.4,49
2019-04-02 16:00:00,120.4,120.8,118.8,118.8,24
2019-04-03 08:00:00,121.2,121.2,118.8,118.8,18
2019-04-03 12:00:00,119.2,119.2,118.2,118.2,4
2019-04-03 16:00:00,118.0,120.6,118.0,120.6,24
2019-04-04 08:00:00,120.8,125.2,120.8,122.2,33
2019-04-04 12:00:00,125.4,134.8,120.0,120.0,276
2019-04-04 16:00:00,121.4,121.8,119.4,121.8,8
2019-04-05 12:00:00,122.0,122.4,120.6,122.4,72
2019-04-05 16:00:00,122.4,122.4,122.4,122.4,1
2019-04-08 08:00:00,122.8,155.4,122.8,141.0,2219
2019-04-08 12:00:00,139.4,146.6,131.6,136.8,1020
2019-04-08 16:00:00,136.2,142.2,132.0,135.2,385
2019-04-09 08:00:00,132.6,135.8,127.6,135.4,372
2019-04-09 12:00:00,135.0,139.4,127.0,130.2,346
2019-04-09 16:00:00,130.2,131.0,129.2,130.2,80
2019-04-10 08:00:00,131.6,136.0,129.0,132.8,204
2019-04-10 12:00:00,130.2,130.6,126.8,130.0,162
2019-04-10 16:00:00,130.4,130.6,130.0,130.0,10
2019-04-11 08:00:00,130.0,135.0,127.8,132.0,59
2019-04-11 12:00:00,134.8,150.0,126.0,130.0,3520
2019-04-11 16:00:00,128.8,134.2,128.8,133.6,110
2019-04-12 08:00:00,135.6,144.0,135.6,135.6,506
2019-04-12 12:00:00,137.8,138.0,135.0,135.2,39
2019-04-12 16:00:00,135.2,137.8,135.2,137.8,77
2019-04-15 08:00:00,139.8,140.0,139.6,139.6,171
2019-04-15 12:00:00,139.8,142.0,137.8,142.0,294
2019-04-15 16:00:00,142.0,143.8,139.4,143.8,139
2019-04-16 08:00:00,144.0,145.0,144.0,144.8,130
2019-04-16 12:00:00,143.4,144.6,141.8,141.8,132
2019-04-16 16:00:00,140.2,140.4,130.2,135.6,335
2019-04-17 08:00:00,137.4,139.4,136.0,136.0,16
2019-04-17 12:00:00,136.0,140.0,134.8,140.0,244
2019-04-17 16:00:00,139.4,139.6,137.0,138.0,33
2019-04-18 08:00:00,139.6,139.6,139.6,139.6,6
2019-04-18 12:00:00,139.0,139.4,138.2,139.4,38
2019-04-18 16:00:00,139.4,139.4,134.8,134.8,164
2019-04-19 08:00:00,135.0,136.0,133.8,135.8,45
2019-04-19 12:00:00,134.4,134.4,131.0,131.6,229
2019-04-19 16:00:00,131.4,132.8,131.4,131.6,16
2019-04-22 08:00:00,134.6,134.6,131.0,132.0,76
2019-04-22 12:00:00,131.8,135.8,131.8,135.6,92
2019-04-22 16:00:00,135.4,135.4,135.0,135.0,2
2019-04-23 08:00:00,133.4,135.8,133.4,135.8,18
2019-04-23 12:00:00,134.2,137.0,134.0,137.0,30
2019-04-23 16:00:00,135.6,135.6,134.0,134.0,28
2019-04-24 08:00:00,134.0,134.0,132.4,132.6,12
2019-04-24 12:00:00,133.8,134.2,133.8,134.2,7
2019-04-24 16:00:00,134.0,134.2,134.0,134.2,6
2019-04-25 12:00:00,134.0,137.6,134.0,137.6,61
2019-04-25 16:00:00,136.4,137.0,130.2,133.6,209
2019-04-26 08:00:00,131.8,134.0,131.8,134.0,41
2019-04-26 12:00:00,133.8,134.8,133.4,133.4,66
2019-04-26 16:00:00,133.2,133.8,132.4,133.8,18
2019-04-29 08:00:00,133.8,134.0,133.8,133.8,177
2019-04-29 12:00:00,133.8,134.0,133.0,133.4,12
2019-04-29 16:00:00,133.4,134.0,133.0,134.0,67
2019-04-30 12:00:00,132.4,134.0,132.4,134.0,81
2019-04-30 16:00:00,133.8,133.8,133.4,133.6,18
2019-05-02 08:00:00,133.8,133.8,133.6,133.8,38
2019-05-02 12:00:00,132.6,133.8,132.0,133.6,6
2019-05-02 16:00:00,133.4,133.8,133.4,133.8,41
2019-05-03 08:00:00,136.0,139.0,134.6,136.0,148
2019-05-03 12:00:00,137.2,141.8,135.6,135.6,227
2019-05-03 16:00:00,136.8,136.8,136.6,136.6,97
2019-05-06 08:00:00,130.4,134.0,128.4,131.8,191
2019-05-06 12:00:00,132.8,136.0,132.8,134.0,148
2019-05-06 16:00:00,134.2,134.2,134.0,134.0,21
2019-05-07 08:00:00,133.2,135.2,133.0,135.2,8
2019-05-07 12:00:00,133.6,134.8,133.6,134.0,9
2019-05-07 16:00:00,134.4,135.2,134.4,134.8,114
2019-05-08 08:00:00,134.6,134.6,134.6,134.6,11
2019-05-08 12:00:00,134.0,134.0,133.6,133.6,31
2019-05-08 16:00:00,134.8,135.4,134.8,135.4,37
2019-05-10 12:00:00,134.4,134.4,134.2,134.2,17
2019-05-10 16:00:00,135.4,135.6,134.2,134.2,33
2019-05-13 08:00:00,133.6,133.6,132.2,132.2,2
2019-05-13 12:00:00,135.6,136.0,134.2,135.8,107
2019-05-13 16:00:00,135.8,135.8,134.0,134.0,59
2019-05-14 08:00:00,131.8,136.0,131.8,134.0,95
2019-05-14 12:00:00,133.8,133.8,133.2,133.8,16
2019-05-14 16:00:00,133.2,133.2,131.6,131.6,67
2019-05-15 08:00:00,130.2,132.6,130.0,131.8,24
2019-05-15 12:00:00,133.2,133.8,132.0,132.0,12
2019-05-15 16:00:00,132.0,132.4,131.0,132.4,38
2019-05-16 08:00:00,132.6,133.4,132.6,133.4,36
2019-05-16 12:00:00,132.4,133.4,132.0,132.0,20
2019-05-16 16:00:00,132.4,132.4,131.0,131.0,70
2019-05-17 08:00:00,132.4,132.4,131.2,131.2,17
2019-05-17 12:00:00,131.2,131.2,125.6,127.6,355
2019-05-17 16:00:00,127.4,128.0,127.4,128.0,44
2019-05-20 08:00:00,126.6,128.0,126.6,128.0,24
2019-05-20 12:00:00,128.0,128.0,127.2,128.0,23
2019-05-20 16:00:00,128.0,128.0,127.6,127.6,14
2019-05-21 08:00:00,128.0,128.0,128.0,128.0,185
2019-05-21 12:00:00,127.2,128.0,124.0,124.6,177
2019-05-21 16:00:00,126.0,127.4,124.8,126.8,18
2019-05-22 08:00:00,126.4,126.4,125.2,126.0,16
2019-05-22 12:00:00,126.0,128.0,126.0,128.0,59
2019-05-22 16:00:00,128.0,128.0,128.0,128.0,7
2019-05-23 08:00:00,126.0,127.8,113.2,125.0,194
2019-05-23 12:00:00,125.0,125.0,124.0,124.8,40
2019-05-23 16:00:00,124.8,125.0,124.8,125.0,9
2019-05-24 08:00:00,126.2,126.2,120.0,120.0,110
2019-05-24 12:00:00,121.2,123.4,121.0,123.4,18
2019-05-24 16:00:00,123.6,125.8,123.6,125.8,30
2019-05-27 08:00:00,125.8,126.4,125.6,126.4,115
2019-05-27 12:00:00,126.6,126.6,126.6,126.6,47
2019-05-27 16:00:00,126.6,126.6,126.2,126.2,10
2019-05-28 08:00:00,125.8,126.2,125.8,126.2,4
2019-05-28 12:00:00,126.2,126.2,126.0,126.2,151
2019-05-28 16:00:00,126.0,126.2,126.0,126.0,7
2019-05-29 08:00:00,124.4,124.4,124.4,124.4,1
2019-05-29 12:00:00,126.0,126.2,126.0,126.0,4
2019-05-29 16:00:00,126.0,126.0,125.0,125.0,2
2019-05-30 12:00:00,124.0,125.8,124.0,125.8,3
2019-05-30 16:00:00,126.0,126.2,126.0,126.2,3
2019-05-31 08:00:00,126.4,160.6,126.4,133.6,2229
2019-05-31 12:00:00,133.8,135.0,132.4,134.0,362
2019-05-31 16:00:00,133.6,134.6,129.0,134.4,11
2019-06-03 08:00:00,142.2,143.0,129.2,132.8,43
2019-06-03 12:00:00,133.0,134.6,132.0,132.0,49
2019-06-03 16:00:00,131.4,134.6,131.4,133.8,14
2019-06-04 08:00:00,133.2,133.2,120.4,127.4,443
2019-06-04 12:00:00,127.4,129.8,126.8,129.2,107
2019-06-04 16:00:00,129.2,129.6,129.2,129.4,14
2019-06-05 08:00:00,127.6,129.6,127.4,129.6,20
2019-06-05 12:00:00,129.0,130.8,128.8,130.8,29
2019-06-05 16:00:00,129.2,129.2,127.6,128.4,11
2019-06-06 12:00:00,131.0,131.0,129.8,130.0,7
2019-06-06 16:00:00,130.0,131.6,129.4,129.4,41
2019-06-07 08:00:00,130.6,130.6,129.2,129.2,6
2019-06-07 12:00:00,130.6,132.8,130.6,132.8,23
2019-06-07 16:00:00,133.6,133.8,133.0,133.6,69
2019-06-10 08:00:00,132.4,133.2,131.6,133.2,9
2019-06-10 12:00:00,131.8,133.2,130.0,130.0,68
2019-06-10 16:00:00,132.8,132.8,132.8,132.8,1
2019-06-11 08:00:00,131.0,132.8,127.4,131.6,18
2019-06-11 12:00:00,133.0,133.6,131.6,133.2,13
2019-06-11 16:00:00,133.2,136.0,133.2,133.4,49
2019-06-13 08:00:00,135.6,135.6,135.6,135.6,2
2019-06-13 12:00:00,135.0,135.4,131.4,135.4,75
2019-06-13 16:00:00,131.8,135.4,131.2,135.2,20
2019-06-14 08:00:00,137.8,137.8,133.6,133.6,5
2019-06-14 12:00:00,135.6,139.6,135.6,136.0,56
2019-06-14 16:00:00,135.8,135.8,135.8,135.8,2
2019-06-17 08:00:00,137.2,137.2,135.8,136.2,30
2019-06-17 12:00:00,136.0,138.0,135.6,137.4,92
2019-06-17 16:00:00,137.0,137.0,136.8,136.8,16
2019-06-18 08:00:00,138.6,138.6,136.8,136.8,11
2019-06-18 12:00:00,138.0,139.0,137.8,138.0,35
2019-06-18 16:00:00,138.0,138.0,138.0,138.0,8
2019-06-19 08:00:00,139.8,139.8,137.8,137.8,2
2019-06-19 12:00:00,138.0,139.2,138.0,139.2,7
2019-06-19 16:00:00,138.0,138.0,136.4,136.4,51
2019-06-20 08:00:00,138.2,138.2,137.0,137.0,11
2019-06-20 12:00:00,138.2,138.4,137.0,137.0,8
2019-06-20 16:00:00,138.4,138.8,138.0,138.8,11
2019-06-21 08:00:00,139.2,139.2,137.0,139.0,4
2019-06-21 12:00:00,139.0,139.0,138.0,138.0,5
2019-06-21 16:00:00,139.0,140.0,138.4,138.4,15
2019-06-24 08:00:00,140.6,141.4,140.0,141.4,20
2019-06-24 12:00:00,139.8,140.6,138.0,139.2,20
2019-06-24 16:00:00,139.2,139.2,139.2,139.2,6
2019-06-25 08:00:00,142.4,142.4,137.0,137.8,47
2019-06-25 12:00:00,138.8,141.6,138.8,140.0,134
2019-06-25 16:00:00,140.0,140.6,139.0,139.0,166
2019-06-26 08:00:00,140.2,140.2,140.2,140.2,8
2019-06-26 12:00:00,140.4,142.2,139.2,142.2,14
2019-06-26 16:00:00,141.4,142.6,138.0,139.0,150
2019-06-27 12:00:00,138.6,142.8,138.6,142.8,399
2019-06-27 16:00:00,142.8,143.0,142.6,142.6,60
2019-06-28 12:00:00,142.6,143.0,140.0,140.0,17
2019-06-28 16:00:00,142.0,143.4,140.0,143.4,50
2019-07-01 08:00:00,145.4,148.4,141.4,148.4,40
2019-07-01 12:00:00,145.4,145.4,145.0,145.2,247
2019-07-01 16:00:00,145.0,145.0,143.2,143.2,35
2019-07-02 08:00:00,144.0,144.0,142.2,143.0,29
2019-07-02 12:00:00,143.0,143.0,142.8,143.0,196
2019-07-02 16:00:00,142.6,143.0,142.6,142.6,37
2019-07-03 08:00:00,142.2,142.4,140.0,142.4,28
2019-07-03 12:00:00,142.4,142.4,142.0,142.2,41
2019-07-03 16:00:00,142.2,142.2,141.6,141.8,24
2019-07-04 08:00:00,143.0,143.0,140.8,142.4,25
2019-07-04 12:00:00,142.4,143.0,141.6,142.0,296
2019-07-04 16:00:00,141.8,142.0,141.8,141.8,117
2019-07-05 08:00:00,141.2,141.2,140.6,140.6,14
2019-07-05 12:00:00,140.6,140.8,140.0,140.8,317
2019-07-05 16:00:00,140.8,140.8,139.2,140.8,47
2019-07-08 12:00:00,140.6,140.8,140.6,140.8,12
2019-07-09 08:00:00,142.0,142.0,141.4,141.6,66
2019-07-09 12:00:00,141.6,141.6,141.6,141.6,4
2019-07-09 16:00:00,141.6,141.6,141.4,141.4,8
2019-07-10 08:00:00,139.4,142.0,138.4,138.6,179
2019-07-10 12:00:00,139.6,140.4,139.6,140.0,225
2019-07-10 16:00:00,139.8,140.0,138.0,139.8,764
2019-07-11 08:00:00,139.6,142.8,139.4,142.8,29
2019-07-11 12:00:00,142.6,142.6,140.2,142.2,57
2019-07-11 16:00:00,142.6,142.6,140.2,140.2,21
2019-07-12 08:00:00,142.2,142.2,138.0,138.2,66
2019-07-12 12:00:00,139.4,139.8,138.6,139.2,7
2019-07-12 16:00:00,140.6,140.6,140.4,140.6,87
2019-07-15 08:00:00,140.8,143.6,140.8,141.6,4
2019-07-15 12:00:00,142.8,143.4,142.4,143.2,77
2019-07-15 16:00:00,143.2,143.4,143.0,143.0,52
2019-07-16 08:00:00,143.0,144.8,142.0,144.8,83
2019-07-16 12:00:00,144.8,146.2,143.0,143.2,142
2019-07-16 16:00:00,143.8,143.8,143.8,143.8,1
2019-07-17 08:00:00,144.8,144.8,142.6,142.6,10
2019-07-17 16:00:00,144.6,144.6,144.6,144.6,12
2019-07-18 08:00:00,143.2,146.2,142.8,146.2,7
2019-07-18 12:00:00,143.6,148.2,143.6,148.0,45
2019-07-18 16:00:00,146.6,146.6,145.4,146.4,54
2019-07-19 08:00:00,147.8,147.8,145.4,146.8,5
2019-07-19 12:00:00,147.0,147.0,147.0,147.0,87
2019-07-19 16:00:00,147.8,147.8,147.4,147.4,7
2019-07-22 08:00:00,147.6,148.0,143.2,148.0,18
2019-07-22 12:00:00,148.0,148.0,145.4,145.4,24
2019-07-22 16:00:00,146.2,146.8,145.0,145.2,35
2019-07-23 08:00:00,146.8,147.0,146.8,147.0,5
2019-07-23 12:00:00,147.0,149.0,147.0,148.8,18
2019-07-23 16:00:00,148.8,149.0,148.0,149.0,93
2019-07-24 08:00:00,149.4,153.2,147.8,149.2,133
2019-07-24 12:00:00,149.6,149.8,149.0,149.0,8
2019-07-24 16:00:00,149.0,149.0,147.8,147.8,56
2019-07-25 08:00:00,150.4,150.6,147.6,147.8,21
2019-07-25 12:00:00,149.4,149.4,148.8,149.0,7
2019-07-25 16:00:00,149.6,150.0,148.0,150.0,17
2019-07-26 08:00:00,150.6,152.0,150.6,152.0,3
2019-07-26 12:00:00,152.8,152.8,151.0,152.8,35
2019-07-26 16:00:00,152.8,152.8,150.2,150.2,7
2019-07-29 08:00:00,149.0,150.0,149.0,150.0,3
2019-07-29 12:00:00,150.0,150.0,149.4,150.0,68
2019-07-29 16:00:00,150.0,150.0,148.8,150.0,20
2019-07-30 08:00:00,150.0,153.6,150.0,152.0,25
2019-07-30 12:00:00,152.0,152.0,150.6,152.0,223
2019-07-30 16:00:00,151.0,154.8,150.8,154.8,118
2019-07-31 08:00:00,157.4,159.0,155.0,158.4,117
2019-07-31 12:00:00,158.4,158.4,155.2,155.4,43
2019-07-31 16:00:00,155.4,162.0,155.4,162.0,854
2019-08-01 08:00:00,162.8,219.0,159.0,174.0,3760
2019-08-01 12:00:00,174.0,181.8,166.8,178.8,1390
2019-08-01 16:00:00,178.8,182.6,168.4,171.4,756
2019-08-02 08:00:00,168.6,183.8,166.0,166.8,968
2019-08-02 12:00:00,166.6,173.0,162.0,168.4,400
2019-08-02 16:00:00,169.4,170.0,161.6,161.8,390
2019-08-05 08:00:00,167.8,168.8,161.8,166.0,221
2019-08-05 12:00:00,166.0,166.6,161.0,161.0,267
2019-08-05 16:00:00,161.0,161.6,158.0,159.6,295
2019-08-06 08:00:00,160.6,164.2,158.4,159.6,109
2019-08-06 12:00:00,160.0,167.0,156.0,158.4,440
2019-08-06 16:00:00,158.4,171.4,157.6,159.0,555
2019-08-07 08:00:00,159.0,163.6,156.0,156.0,524
2019-08-07 12:00:00,156.2,158.6,155.2,156.8,223
2019-08-07 16:00:00,157.6,159.4,156.0,157.6,155
2019-08-08 08:00:00,159.4,160.0,156.2,156.2,66
2019-08-08 12:00:00,157.0,159.4,156.0,156.4,161
2019-08-08 16:00:00,157.6,158.2,154.8,157.8,87
2019-08-09 08:00:00,159.2,159.4,153.0,155.4,95
2019-08-09 12:00:00,156.6,157.0,156.0,156.0,16
2019-08-09 16:00:00,156.0,156.0,155.0,156.0,18
2019-08-12 08:00:00,154.2,158.0,154.0,156.4,78
2019-08-12 12:00:00,155.4,159.0,153.0,158.8,167
2019-08-12 16:00:00,158.6,159.0,155.8,155.8,117
2019-08-13 08:00:00,159.4,185.0,158.4,161.0,1681
2019-08-13 12:00:00,161.0,168.4,161.0,167.2,560
2019-08-13 16:00:00,166.0,166.8,161.8,166.8,110
2019-08-14 08:00:00,167.2,167.2,162.0,162.2,22
2019-08-14 12:00:00,162.2,164.8,160.6,160.8,250
2019-08-14 16:00:00,159.4,159.6,158.4,159.6,19
2019-08-15 08:00:00,160.0,160.0,150.0,156.8,191
2019-08-15 12:00:00,156.6,156.8,150.0,155.0,219
2019-08-15 16:00:00,153.0,155.0,150.0,154.0,339
2019-08-16 08:00:00,149.8,155.0,149.8,155.0,39
2019-08-16 12:00:00,155.0,155.0,150.2,154.6,81
2019-08-16 16:00:00,154.8,155.0,154.8,155.0,11
2019-08-19 08:00:00,152.0,157.0,150.4,157.0,129
2019-08-19 12:00:00,156.8,157.0,150.0,150.0,152
2019-08-19 16:00:00,154.8,155.6,154.8,155.6,6
2019-08-20 08:00:00,156.0,157.0,150.0,154.8,106
2019-08-20 12:00:00,155.0,156.0,155.0,155.0,46
2019-08-20 16:00:00,155.0,155.0,151.6,154.8,34
2019-08-21 08:00:00,153.2,154.6,153.0,154.6,53
2019-08-21 12:00:00,153.2,154.6,153.0,154.4,84
2019-08-21 16:00:00,154.8,154.8,152.4,152.4,195
2019-08-22 08:00:00,154.4,154.4,153.0,153.0,94
2019-08-22 12:00:00,152.8,152.8,152.4,152.4,40
2019-08-22 16:00:00,152.4,152.4,152.0,152.4,155
2019-08-23 08:00:00,150.2,153.2,149.4,152.8,160
2019-08-23 12:00:00,152.2,153.0,150.0,152.8,140
2019-08-23 16:00:00,151.4,152.2,148.8,148.8,121
2019-08-26 08:00:00,149.0,150.0,145.2,149.2,154
2019-08-26 12:00:00,148.8,148.8,148.8,148.8,7
2019-08-26 16:00:00,148.4,148.4,147.4,147.4,66
2019-08-27 08:00:00,145.6,152.8,145.6,150.8,520
2019-08-27 12:00:00,150.8,153.0,145.2,149.4,331
2019-08-27 16:00:00,147.4,148.8,146.0,146.2,77
2019-08-28 08:00:00,145.2,148.8,145.2,148.8,35
2019-08-28 12:00:00,147.2,148.8,146.4,148.8,74
2019-08-28 16:00:00,148.6,148.8,146.8,148.4,23
2019-08-29 08:00:00,149.4,151.6,147.0,151.6,154
2019-08-29 12:00:00,151.8,153.2,149.2,149.2,94
2019-08-29 16:00:00,150.0,150.2,150.0,150.0,6
2019-08-30 08:00:00,151.8,152.6,150.0,150.0,34
2019-08-30 12:00:00,149.4,152.2,149.0,149.0,117
2019-08-30 16:00:00,149.2,149.2,149.2,149.2,3
2019-09-02 08:00:00,150.8,152.0,149.0,151.6,55
2019-09-02 12:00:00,149.2,154.2,149.2,151.2,179
2019-09-02 16:00:00,152.8,155.0,150.0,155.0,101
2019-09-03 08:00:00,154.4,154.4,151.6,151.6,21
2019-09-03 12:00:00,153.2,153.4,153.2,153.2,135
2019-09-03 16:00:00,151.2,153.4,150.4,153.4,21
2019-09-04 08:00:00,153.4,154.0,152.2,153.8,169
2019-09-04 12:00:00,152.6,154.2,150.2,153.8,99
2019-09-05 08:00:00,153.8,154.8,153.0,153.6,21
2019-09-05 12:00:00,153.6,153.6,152.0,152.0,29
2019-09-05 16:00:00,153.6,153.8,153.0,153.6,106
2019-09-06 08:00:00,153.6,153.6,150.2,150.2,129
2019-09-06 12:00:00,153.2,153.4,149.8,149.8,64
2019-09-06 16:00:00,150.4,152.6,149.8,152.0,186
2019-09-09 08:00:00,150.2,152.0,149.8,152.0,132
2019-09-09 12:00:00,152.0,154.4,152.0,154.2,185
2019-09-09 16:00:00,153.8,155.2,151.6,152.0,185
2019-09-10 08:00:00,154.6,154.8,152.0,152.0,270
2019-09-10 12:00:00,152.2,154.0,150.4,153.4,103
2019-09-10 16:00:00,153.0,153.0,152.0,152.0,2
2019-09-11 08:00:00,152.0,153.4,152.0,153.4,20
2019-09-11 12:00:00,153.4,153.6,152.0,153.6,42
2019-09-11 16:00:00,153.4,153.4,153.4,153.4,11
2019-09-12 08:00:00,153.4,153.4,151.0,151.0,23
2019-09-12 12:00:00,153.2,153.4,151.2,153.2,27
2019-09-12 16:00:00,153.2,153.2,151.4,153.0,9
2019-09-13 08:00:00,152.8,153.0,150.6,151.0,69
2019-09-13 12:00:00,150.6,153.0,150.6,152.8,90
2019-09-13 16:00:00,152.4,152.4,152.4,152.4,65
2019-09-16 08:00:00,152.6,152.6,149.8,151.8,215
2019-09-16 12:00:00,151.8,152.0,150.4,152.0,105
2019-09-16 16:00:00,151.4,152.6,151.4,152.6,233
2019-09-17 08:00:00,152.2,152.8,150.0,152.0,88
2019-09-17 12:00:00,152.8,155.4,150.8,155.4,1027
2019-09-17 16:00:00,154.6,155.4,153.4,154.6,265
2019-09-18 08:00:00,154.4,154.6,152.4,154.2,163
2019-09-18 12:00:00,154.2,155.0,152.8,155.0,147
2019-09-18 16:00:00,155.4,155.8,154.6,154.6,126
2019-09-19 08:00:00,154.0,154.0,153.8,153.8,130
2019-09-19 12:00:00,153.8,155.2,153.0,154.8,436
2019-09-19 16:00:00,154.8,155.8,153.6,155.0,99
2019-09-20 08:00:00,153.8,155.6,153.4,153.6,176
2019-09-20 12:00:00,153.6,154.8,153.6,154.8,5
2019-09-20 16:00:00,155.0,155.0,155.0,155.0,1
2019-09-23 08:00:00,155.2,155.6,155.2,155.4,8
2019-09-23 12:00:00,155.0,155.6,155.0,155.6,223
2019-09-23 16:00:00,155.6,155.6,155.4,155.4,36
2019-09-24 08:00:00,154.0,155.0,154.0,155.0,14
2019-09-24 12:00:00,155.0,155.6,154.2,154.2,24
2019-09-24 16:00:00,155.6,155.8,154.2,154.2,103
2019-09-25 08:00:00,155.6,155.6,153.0,153.0,6
2019-09-25 12:00:00,153.0,153.0,152.8,152.8,8
2019-09-25 16:00:00,152.8,155.6,152.8,155.4,64
2019-09-26 08:00:00,152.6,154.2,152.6,154.2,20
2019-09-26 12:00:00,155.2,155.2,154.8,154.8,69
2019-09-26 16:00:00,154.8,154.8,154.8,154.8,19
2019-09-27 08:00:00,154.2,154.2,154.0,154.0,10
2019-09-27 12:00:00,152.8,154.6,152.4,154.6,109
2019-09-27 16:00:00,154.6,154.6,153.2,153.2,24
2019-09-30 08:00:00,154.6,154.8,154.6,154.8,16
2019-09-30 12:00:00,153.2,153.4,152.0,153.0,119
2019-10-01 08:00:00,152.8,153.2,152.0,153.2,457
2019-10-01 12:00:00,153.2,153.2,153.0,153.2,41
2019-10-01 16:00:00,153.6,157.2,153.6,157.2,9
2019-10-02 08:00:00,153.4,158.8,153.0,153.0,30
2019-10-02 12:00:00,155.6,155.6,155.0,155.0,4
2019-10-02 16:00:00,154.8,154.8,152.6,152.6,252
2019-10-03 08:00:00,153.8,153.8,152.2,153.8,37
2019-10-03 12:00:00,153.8,153.8,151.0,151.6,75
2019-10-03 16:00:00,151.8,151.8,151.6,151.6,15
2019-10-04 08:00:00,154.6,154.6,152.0,152.0,45
2019-10-04 12:00:00,152.4,152.4,151.0,151.0,157
2019-10-04 16:00:00,151.2,152.6,151.0,152.6,31
2019-10-07 08:00:00,151.2,151.2,151.2,151.2,17
2019-10-07 12:00:00,151.2,153.6,151.2,153.6,5
2019-10-07 16:00:00,153.6,153.6,153.6,153.6,20
2019-10-08 08:00:00,153.4,153.4,150.0,150.0,83
2019-10-08 12:00:00,150.0,152.4,149.8,150.4,514
2019-10-08 16:00:00,150.6,152.2,150.6,152.2,14
2019-10-09 08:00:00,153.2,153.2,153.2,153.2,10
2019-10-09 12:00:00,152.8,152.8,152.8,152.8,1
2019-10-09 16:00:00,152.8,152.8,152.8,152.8,1
2019-10-10 08:00:00,150.2,152.4,150.2,152.2,22
2019-10-10 12:00:00,152.0,152.0,147.2,151.6,274
2019-10-10 16:00:00,150.6,150.6,149.8,150.0,1020
2019-10-11 08:00:00,150.0,150.0,150.0,150.0,427
2019-10-11 12:00:00,150.0,150.0,112.2,147.4,805
2019-10-11 16:00:00,148.6,148.8,146.6,148.8,96
2019-10-14 08:00:00,149.0,150.6,147.6,149.8,175
2019-10-14 12:00:00,149.8,150.0,149.8,150.0,11
2019-10-14 16:00:00,150.0,150.0,149.8,149.8,4
2019-10-15 08:00:00,147.6,149.8,147.6,149.8,6
2019-10-15 12:00:00,149.2,149.8,147.0,149.8,44
2019-10-15 16:00:00,149.6,149.8,149.6,149.6,72
2019-10-16 08:00:00,149.8,152.4,147.2,148.8,780
2019-10-16 12:00:00,148.6,148.6,148.2,148.2,3
2019-10-16 16:00:00,148.4,149.8,148.0,149.8,28
2019-10-17 08:00:00,150.0,150.0,149.8,149.8,36
2019-10-17 12:00:00,149.8,149.8,149.8,149.8,6
2019-10-17 16:00:00,149.8,149.8,149.8,149.8,2
2019-10-18 08:00:00,149.8,149.8,149.8,149.8,2
2019-10-18 12:00:00,149.8,150.0,149.8,149.8,8
2019-10-18 16:00:00,149.8,150.0,149.8,150.0,5
2019-10-21 08:00:00,150.0,150.0,145.0,150.0,191
2019-10-21 12:00:00,149.4,149.8,147.0,147.8,331
2019-10-21 16:00:00,147.8,147.8,147.6,147.6,39
2019-10-22 08:00:00,147.6,147.6,146.2,147.2,5
2019-10-22 12:00:00,147.4,147.8,138.2,144.0,3456
2019-10-22 16:00:00,144.0,145.0,143.8,144.8,274
2019-10-23 08:00:00,145.0,145.2,144.8,144.8,105
2019-10-23 12:00:00,144.6,147.0,138.0,141.2,1751
2019-10-23 16:00:00,142.6,143.8,142.2,143.0,600
2019-10-24 08:00:00,143.0,143.8,143.0,143.8,55
2019-10-24 12:00:00,143.8,144.0,143.4,144.0,387
2019-10-24 16:00:00,144.0,144.0,143.4,144.0,45
2019-10-25 08:00:00,144.0,144.0,135.2,141.0,671
2019-10-25 12:00:00,140.8,143.2,138.4,141.0,170
2019-10-25 16:00:00,141.8,142.8,141.0,141.0,33
2019-10-28 08:00:00,143.8,143.8,139.4,140.4,79
2019-10-28 12:00:00,142.8,143.0,141.0,141.0,101
2019-10-28 16:00:00,141.8,142.0,140.6,141.8,51
2019-10-29 08:00:00,142.8,142.8,138.2,142.0,559
2019-10-29 12:00:00,140.8,142.0,138.0,139.8,536
2019-10-29 16:00:00,139.8,141.2,138.0,141.2,1021
2019-10-30 08:00:00,142.0,142.0,141.8,142.0,9
2019-10-30 12:00:00,141.8,141.8,138.4,140.6,289
2019-10-30 16:00:00,139.4,139.4,139.0,139.0,22
2019-10-31 08:00:00,138.2,142.4,136.0,138.2,284
2019-10-31 12:00:00,138.4,138.4,138.0,138.2,166
2019-10-31 16:00:00,138.2,142.0,138.2,142.0,133
2019-11-01 08:00:00,141.0,141.0,141.0,141.0,2
2019-11-01 12:00:00,139.4,140.2,139.4,140.0,73
2019-11-01 16:00:00,140.0,140.0,139.0,140.0,70
2019-11-05 08:00:00,143.8,147.8,142.0,145.0,208
2019-11-05 12:00:00,145.0,145.0,143.0,144.8,67
2019-11-05 16:00:00,144.0,144.0,142.2,144.0,60
2019-11-06 08:00:00,144.0,147.0,144.0,145.0,407
2019-11-06 12:00:00,144.8,147.0,144.8,147.0,131
2019-11-06 16:00:00,147.0,147.0,144.6,144.8,162
2019-11-07 08:00:00,145.0,147.0,145.0,147.0,28
2019-11-07 12:00:00,147.0,147.0,146.8,147.0,56
2019-11-07 16:00:00,146.0,146.0,143.0,145.0,218
2019-11-08 08:00:00,145.0,147.0,143.0,147.0,156
2019-11-08 12:00:00,145.2,147.0,143.4,143.4,311
2019-11-08 16:00:00,145.8,146.2,144.0,146.2,15
2019-11-11 08:00:00,146.0,146.0,138.6,144.4,419
2019-11-11 12:00:00,144.4,145.0,144.4,144.8,103
2019-11-11 16:00:00,144.8,144.8,143.2,143.2,134
2019-11-12 08:00:00,141.0,143.2,138.6,140.4,243
2019-11-12 12:00:00,141.6,142.8,140.4,142.0,65
2019-11-12 16:00:00,142.6,142.6,140.0,140.2,57
2019-11-13 08:00:00,143.0,143.2,142.8,143.2,56
2019-11-13 12:00:00,142.2,144.6,142.2,142.4,90
2019-11-13 16:00:00,142.0,142.4,142.0,142.4,16
2019-11-14 08:00:00,142.2,142.2,142.0,142.0,8
2019-11-14 12:00:00,140.6,143.2,140.6,142.0,146
2019-11-14 16:00:00,143.0,143.0,143.0,143.0,35
2019-11-15 08:00:00,144.4,145.8,141.2,141.6,22
2019-11-15 12:00:00,143.0,143.0,143.0,143.0,11
2019-11-18 08:00:00,141.4,141.4,138.0,140.8,86
2019-11-18 12:00:00,140.8,140.8,140.0,140.8,45
2019-11-18 16:00:00,140.8,140.8,140.8,140.8,27
2019-11-19 08:00:00,141.8,142.4,140.2,140.2,41
2019-11-19 12:00:00,142.2,142.2,140.0,140.0,166
2019-11-19 16:00:00,140.0,141.4,140.0,141.4,37
2019-11-20 08:00:00,140.8,141.2,140.8,141.2,32
2019-11-20 12:00:00,141.2,142.0,141.2,142.0,79
2019-11-20 16:00:00,141.6,142.0,140.8,142.0,502
2019-11-21 08:00:00,141.8,142.0,141.8,142.0,38
2019-11-21 12:00:00,142.0,142.0,141.8,142.0,49
2019-11-21 16:00:00,142.0,142.8,142.0,142.6,15
2019-11-22 08:00:00,140.2,142.6,140.2,142.6,3
2019-11-22 12:00:00,142.8,142.8,142.8,142.8,14
2019-11-22 16:00:00,143.0,143.0,142.0,143.0,33
2019-11-25 08:00:00,143.2,143.4,143.2,143.4,11
2019-11-25 12:00:00,142.2,142.2,141.8,142.2,36
2019-11-25 16:00:00,143.4,143.4,143.4,143.4,1
2019-11-26 08:00:00,143.4,145.4,141.6,143.2,15
2019-11-26 12:00:00,144.8,145.8,143.2,145.8,103
2019-11-26 16:00:00,145.8,146.0,143.0,145.0,72
2019-11-27 12:00:00,146.8,146.8,146.0,146.0,155
2019-11-27 16:00:00,145.2,145.4,144.0,144.0,35
2019-11-28 08:00:00,146.6,146.6,146.4,146.4,6
2019-11-28 12:00:00,143.0,143.0,143.0,143.0,40
2019-11-28 16:00:00,143.0,144.8,143.0,144.8,19
2019-11-29 08:00:00,144.6,144.6,144.6,144.6,2
2019-11-29 12:00:00,143.0,143.8,142.0,142.0,12
2019-11-29 16:00:00,142.4,147.0,142.0,142.0,108
2019-12-02 08:00:00,145.6,145.6,144.8,144.8,23
2019-12-02 12:00:00,144.8,144.8,141.8,141.8,171
2019-12-02 16:00:00,142.6,143.0,142.6,143.0,15
2019-12-03 08:00:00,142.2,143.8,142.0,143.8,27
2019-12-03 12:00:00,143.6,143.6,142.0,143.6,29
2019-12-03 16:00:00,143.6,144.8,141.2,141.8,49
2019-12-04 08:00:00,141.8,144.6,141.8,144.6,2
2019-12-04 12:00:00,144.0,144.4,143.8,144.4,251
2019-12-04 16:00:00,144.6,144.6,142.8,142.8,4
2019-12-05 08:00:00,142.0,145.6,141.8,145.4,55
2019-12-05 12:00:00,142.6,142.6,139.6,140.0,488
2019-12-05 16:00:00,140.2,141.8,140.0,141.8,65
2019-12-06 08:00:00,141.6,141.6,140.0,140.0,108
2019-12-06 12:00:00,140.0,140.6,139.6,139.6,309
2019-12-06 16:00:00,140.0,140.0,140.0,140.0,38
2019-12-09 08:00:00,139.8,139.8,139.4,139.8,54
2019-12-09 12:00:00,139.8,140.0,139.6,140.0,70
2019-12-09 16:00:00,140.0,140.0,139.6,139.6,44
2019-12-10 08:00:00,140.0,140.0,139.6,139.6,5714
2019-12-10 12:00:00,139.8,140.0,139.8,140.0,96
2019-12-10 16:00:00,140.0,140.0,139.6,140.0,478
2019-12-11 08:00:00,140.0,140.0,139.8,139.8,580
2019-12-11 12:00:00,139.8,140.0,139.6,140.0,53
2019-12-11 16:00:00,140.0,140.0,139.6,140.0,23
2019-12-12 08:00:00,140.0,140.0,139.6,140.0,40
2019-12-12 12:00:00,140.0,141.2,139.8,141.2,62
2019-12-12 16:00:00,141.8,142.0,140.0,140.0,181
2019-12-13 08:00:00,141.8,141.8,140.0,141.8,1025
2019-12-13 12:00:00,141.8,145.0,141.0,145.0,481
2019-12-13 16:00:00,142.2,148.0,141.0,146.8,597
2019-12-16 08:00:00,145.2,147.0,143.6,143.6,216
2019-12-16 12:00:00,144.8,154.0,144.8,147.0,1016
2019-12-16 16:00:00,147.0,150.0,145.0,150.0,406
2019-12-17 08:00:00,149.8,150.6,148.6,150.2,41
2019-12-17 12:00:00,150.8,150.8,146.4,146.4,358
2019-12-17 16:00:00,146.6,148.8,146.6,148.6,21
2019-12-18 08:00:00,148.8,149.4,146.2,146.2,150
2019-12-18 12:00:00,148.0,148.0,146.8,147.0,34
2019-12-18 16:00:00,147.0,149.2,147.0,149.2,141
2019-12-19 08:00:00,149.0,151.0,149.0,149.0,161
2019-12-19 12:00:00,150.4,150.4,148.2,149.6,316
2019-12-19 16:00:00,149.6,149.6,148.8,149.6,13
2019-12-20 08:00:00,147.2,151.0,147.2,149.0,484
2019-12-20 12:00:00,147.6,150.6,147.6,149.8,329
2019-12-20 16:00:00,149.8,149.8,149.0,149.6,45
2019-12-23 08:00:00,147.4,149.8,147.0,149.6,157
2019-12-23 12:00:00,148.2,149.6,148.2,149.6,17
2019-12-23 16:00:00,148.2,149.8,148.2,149.8,39
2019-12-24 08:00:00,150.0,150.6,148.2,148.2,25
2019-12-24 12:00:00,149.4,149.8,148.4,149.8,10
2019-12-24 16:00:00,149.8,149.8,149.0,149.0,29
2019-12-25 08:00:00,147.0,150.0,147.0,147.4,180
2019-12-25 12:00:00,147.4,149.0,147.4,149.0,45
2019-12-25 16:00:00,148.8,149.4,148.2,149.4,107
2019-12-26 08:00:00,146.6,148.2,146.6,147.6,45
2019-12-26 12:00:00,147.6,147.6,147.0,147.2,71
2019-12-26 16:00:00,147.2,147.6,146.8,146.8,144
2019-12-27 08:00:00,149.8,149.8,147.0,149.0,3
2019-12-27 12:00:00,147.2,148.4,146.2,147.4,141
2019-12-27 16:00:00,147.0,147.0,146.8,147.0,200
2019-12-30 08:00:00,146.6,148.0,142.0,147.8,165
2019-12-30 12:00:00,147.8,147.8,147.0,147.0,116
2019-12-30 16:00:00,147.2,148.0,147.2,148.0,54
2020-01-03 08:00:00,148.2,150.8,144.6,149.8,35
2020-01-03 12:00:00,148.8,149.0,146.2,146.2,127
2020-01-03 16:00:00,148.8,148.8,147.0,148.8,46
2020-01-06 08:00:00,149.6,149.6,147.8,148.0,21
2020-01-06 12:00:00,148.0,149.0,148.0,149.0,170
2020-01-06 16:00:00,149.0,151.0,148.4,149.2,373
2020-01-08 08:00:00,150.0,151.2,150.0,151.0,6
2020-01-08 12:00:00,149.2,152.6,149.2,152.0,353
2020-01-08 16:00:00,152.6,153.6,151.2,151.2,1077
2020-01-09 08:00:00,154.0,154.0,151.2,153.0,75
2020-01-09 12:00:00,152.8,156.0,151.6,154.6,2146
2020-01-09 16:00:00,155.0,158.0,153.8,156.0,111
2020-01-10 08:00:00,157.6,158.0,155.0,156.4,35
2020-01-10 12:00:00,157.6,160.0,157.0,158.8,498
2020-01-10 16:00:00,158.8,159.8,158.2,159.6,59
2020-01-13 08:00:00,158.2,180.0,158.2,166.0,394
2020-01-13 12:00:00,166.0,169.0,164.6,168.0,142
2020-01-13 16:00:00,168.0,169.2,168.0,169.0,120
2020-01-14 08:00:00,170.0,176.0,166.8,175.0,234
2020-01-14 12:00:00,175.2,176.0,171.4,174.6,210
2020-01-14 16:00:00,174.0,174.8,174.0,174.0,70
2020-01-15 08:00:00,177.6,177.6,167.6,169.6,96
2020-01-15 12:00:00,169.2,170.4,163.0,169.8,435
2020-01-15 16:00:00,168.4,170.0,167.0,170.0,84
2020-01-16 08:00:00,170.0,171.8,169.8,171.8,6
2020-01-16 12:00:00,170.6,170.6,164.2,167.4,181
2020-01-16 16:00:00,167.2,170.4,167.2,170.0,33
2020-01-17 08:00:00,173.4,173.6,167.2,168.2,20
2020-01-17 12:00:00,169.0,170.4,168.4,169.8,27
2020-01-17 16:00:00,169.8,172.0,168.8,168.8,96
2020-01-20 08:00:00,169.2,171.6,168.4,171.6,75
2020-01-20 12:00:00,173.4,173.4,169.8,169.8,127
2020-01-20 16:00:00,172.6,172.6,170.4,172.0,30
2020-01-21 08:00:00,170.0,174.4,167.4,168.2,226
2020-01-21 12:00:00,168.2,168.2,167.4,168.0,83
2020-01-21 16:00:00,168.0,169.8,167.2,167.4,175
2020-01-22 08:00:00,172.4,172.4,166.2,169.8,110
2020-01-22 12:00:00,169.6,170.4,169.4,169.4,31
2020-01-22 16:00:00,169.4,170.0,169.4,169.8,124
2020-01-23 08:00:00,172.6,178.2,160.4,166.8,106
2020-01-23 12:00:00,168.0,169.8,166.8,169.8,33
2020-01-23 16:00:00,169.8,169.8,166.8,169.6,113
2020-01-24 08:00:00,178.2,178.8,167.0,169.2,88
2020-01-24 12:00:00,169.8,173.4,166.2,169.8,318
2020-01-24 16:00:00,169.8,170.0,168.6,168.6,30
2020-01-27 08:00:00,165.0,172.8,165.0,172.8,99
2020-01-27 12:00:00,168.6,170.0,166.2,167.0,58
2020-01-27 16:00:00,167.0,168.4,166.4,168.4,29
2020-01-28 08:00:00,168.8,171.6,168.8,171.6,103
2020-01-28 12:00:00,168.4,170.4,166.0,166.0,232
2020-01-28 16:00:00,167.2,167.6,167.2,167.6,4
2020-01-29 08:00:00,166.6,169.0,164.8,166.8,270
2020-01-29 12:00:00,166.4,167.4,166.4,167.4,19
2020-01-29 16:00:00,167.6,169.0,167.0,169.0,427
2020-01-30 08:00:00,165.2,168.2,165.2,167.6,205
2020-01-30 12:00:00,167.8,169.0,165.8,169.0,174
2020-01-30 16:00:00,168.4,169.0,168.0,168.0,225
2020-01-31 08:00:00,169.0,170.0,166.6,166.6,167
2020-01-31 12:00:00,166.6,169.2,166.0,166.0,51
2020-01-31 16:00:00,166.2,168.4,165.4,165.4,15
2020-02-03 08:00:00,164.0,191.0,159.0,168.0,734
2020-02-03 12:00:00,167.0,175.8,167.0,170.2,230
2020-02-03 16:00:00,170.0,174.0,169.4,172.0,243
2020-02-04 08:00:00,171.8,173.0,169.6,169.6,23
2020-02-04 12:00:00,169.6,170.6,169.4,170.4,6
2020-02-04 16:00:00,171.8,173.0,171.0,171.0,128
2020-02-05 08:00:00,172.0,174.0,172.0,173.4,49
2020-02-05 12:00:00,173.4,176.2,173.4,174.6,156
2020-02-05 16:00:00,174.6,174.6,174.4,174.4,85
2020-02-06 08:00:00,174.4,176.0,174.4,175.6,6
2020-02-06 12:00:00,174.6,175.0,174.6,174.8,22
2020-02-06 16:00:00,175.0,175.0,172.0,175.0,147
2020-02-07 08:00:00,178.0,178.0,170.0,176.8,52
2020-02-07 12:00:00,174.6,174.6,174.0,174.4,46
2020-02-07 16:00:00,174.6,174.6,174.2,174.2,29
2020-02-10 08:00:00,170.8,174.6,170.8,174.4,5
2020-02-10 12:00:00,171.6,174.6,170.0,170.2,126
2020-02-10 16:00:00,170.0,172.8,165.2,170.0,203
2020-02-11 08:00:00,170.0,173.8,166.0,170.0,119
2020-02-11 12:00:00,170.0,170.0,168.0,170.0,144
2020-02-11 16:00:00,169.0,170.0,169.0,170.0,43
2020-02-12 08:00:00,169.8,170.0,169.8,170.0,6
2020-02-12 12:00:00,170.0,170.0,168.0,169.6,182
2020-02-12 16:00:00,169.6,169.6,168.0,168.6,108
2020-02-13 08:00:00,171.0,173.0,166.0,170.0,175
2020-02-13 12:00:00,170.0,170.0,168.2,168.2,50
2020-02-13 16:00:00,168.2,170.0,168.2,169.0,162
2020-02-14 08:00:00,172.6,173.0,172.0,172.0,40
2020-02-14 12:00:00,171.6,171.6,168.0,169.8,46
2020-02-14 16:00:00,168.2,170.0,168.2,170.0,27
2020-02-17 08:00:00,169.8,170.0,167.8,169.6,71
2020-02-17 12:00:00,168.6,169.6,167.8,168.8,120
2020-02-17 16:00:00,168.6,169.6,168.0,169.6,132
2020-02-18 08:00:00,169.8,170.0,169.8,170.0,21
2020-02-18 12:00:00,169.8,170.0,167.0,169.0,122
2020-02-18 16:00:00,168.0,170.8,167.0,170.8,125
2020-02-19 08:00:00,168.2,168.4,167.0,168.0,465
2020-02-19 12:00:00,168.0,168.2,168.0,168.2,153
2020-02-19 16:00:00,168.2,169.4,167.6,169.4,171
2020-02-20 08:00:00,168.2,168.6,166.6,168.0,170
2020-02-20 12:00:00,167.0,168.6,166.6,167.6,144
2020-02-20 16:00:00,168.0,168.0,166.4,168.0,21
2020-02-21 08:00:00,168.0,168.0,166.0,167.8,19
2020-02-21 12:00:00,167.6,167.6,164.4,167.4,297
2020-02-21 16:00:00,167.4,167.4,166.2,167.0,135
2020-02-25 08:00:00,164.2,166.0,164.0,165.6,28
2020-02-25 12:00:00,165.6,167.0,164.8,166.6,187
2020-02-25 16:00:00,166.6,166.8,163.4,166.6,60
2020-02-26 08:00:00,163.4,163.4,157.2,163.0,143
2020-02-26 12:00:00,163.0,165.6,163.0,165.6,102
2020-02-26 16:00:00,165.2,165.6,163.0,165.6,90
2020-02-27 08:00:00,165.2,165.8,162.2,165.0,30
2020-02-27 12:00:00,165.0,165.0,163.2,164.8,89
2020-02-27 16:00:00,163.2,163.2,156.0,163.2,200
2020-02-28 08:00:00,160.0,160.0,150.2,152.2,367
2020-02-28 12:00:00,152.0,157.0,150.2,157.0,354
2020-02-28 16:00:00,155.2,157.0,150.6,153.4,278
2020-03-02 08:00:00,157.0,159.8,149.8,158.6,269
2020-03-02 12:00:00,158.0,159.0,147.8,149.8,326
2020-03-02 16:00:00,149.8,151.8,149.8,151.8,151
2020-03-03 08:00:00,151.0,162.2,151.0,158.8,65
2020-03-03 12:00:00,157.0,159.0,154.8,156.8,202
2020-03-03 16:00:00,155.2,155.6,152.0,155.6,158
2020-03-04 08:00:00,155.6,159.6,152.2,159.6,44
2020-03-04 12:00:00,157.2,168.4,151.0,167.8,148
2020-03-04 16:00:00,162.2,166.4,162.0,166.0,44
2020-03-05 08:00:00,160.4,166.8,160.4,164.0,39
2020-03-05 12:00:00,162.6,164.0,160.0,162.8,88
2020-03-05 16:00:00,161.0,161.0,160.6,160.8,106
2020-03-06 08:00:00,162.0,162.0,153.0,153.0,94
2020-03-06 12:00:00,153.0,155.8,151.0,152.8,153
2020-03-06 16:00:00,151.4,166.0,148.0,162.6,411
2020-03-10 08:00:00,148.0,153.0,141.0,152.4,194
2020-03-10 12:00:00,152.4,162.6,152.0,158.8,162
2020-03-10 16:00:00,158.8,162.4,153.4,161.8,528
2020-03-11 08:00:00,162.0,162.6,156.0,161.0,74
2020-03-11 12:00:00,160.0,163.0,156.6,163.0,186
2020-03-11 16:00:00,157.2,162.8,157.2,158.2,89
2020-03-12 08:00:00,153.6,158.8,150.6,154.0,55
2020-03-12 12:00:00,150.6,150.6,145.0,148.2,495
2020-03-12 16:00:00,147.2,150.0,142.2,149.6,95
2020-03-13 08:00:00,149.4,166.0,136.0,141.2,1594
2020-03-13 12:00:00,139.0,149.4,135.6,148.8,839
2020-03-13 16:00:00,145.2,148.8,143.2,143.2,93
2020-03-16 08:00:00,137.4,143.0,130.2,141.0,91
2020-03-16 12:00:00,140.6,142.2,135.0,135.4,217
2020-03-16 16:00:00,135.4,135.4,126.0,134.6,1148
2020-03-17 08:00:00,134.4,135.0,132.6,134.6,84
2020-03-17 12:00:00,132.0,136.0,130.0,132.2,167
2020-03-17 16:00:00,132.2,134.4,130.8,133.2,21
2020-03-18 08:00:00,126.8,137.0,126.8,137.0,11
2020-03-18 12:00:00,130.0,132.8,128.4,131.0,10
2020-03-18 16:00:00,128.4,131.4,126.0,129.8,57
2020-03-19 08:00:00,128.2,130.8,126.4,130.0,244
2020-03-19 12:00:00,130.0,130.4,126.4,129.0,170
2020-03-19 16:00:00,127.6,130.4,126.0,129.2,502
2020-03-20 08:00:00,129.2,137.6,125.6,137.6,227
2020-03-20 12:00:00,137.6,140.0,133.6,139.2,921
2020-03-20 16:00:00,138.2,138.8,136.0,136.0,14
2020-03-23 08:00:00,141.0,142.2,131.8,135.0,1103
2020-03-23 12:00:00,134.6,135.0,134.6,135.0,15
2020-03-23 16:00:00,135.0,136.0,135.0,136.0,972
2020-03-24 08:00:00,145.8,149.6,136.6,144.0,337
2020-03-24 12:00:00,143.8,148.0,143.6,147.8,211
2020-03-24 16:00:00,146.2,146.2,137.8,143.6,148
2020-03-25 08:00:00,151.0,151.0,141.4,148.2,21
2020-03-25 12:00:00,146.8,146.8,136.4,140.6,175
2020-03-25 16:00:00,140.6,143.2,136.8,143.2,54
2020-03-26 08:00:00,142.6,148.8,142.6,148.4,45
2020-03-26 12:00:00,148.2,148.2,145.2,146.8,8
2020-03-26 16:00:00,145.8,146.6,140.8,142.8,55
2020-03-27 08:00:00,146.4,146.4,146.0,146.4,104
2020-03-27 12:00:00,145.6,146.4,141.6,145.6,74
2020-03-27 16:00:00,145.8,150.0,143.2,149.0,124
2020-03-30 08:00:00,149.0,149.2,138.8,147.4,36
2020-03-30 12:00:00,139.0,147.4,138.2,142.2,232
2020-03-30 16:00:00,142.8,145.0,142.8,145.0,35
2020-03-31 08:00:00,144.2,147.6,144.0,144.8,95
2020-03-31 12:00:00,144.6,147.4,142.6,146.6,103
2020-03-31 16:00:00,145.8,148.0,145.8,147.8,215
2020-04-01 08:00:00,150.0,150.0,147.6,147.6,15
2020-04-01 12:00:00,147.6,151.0,147.4,150.6,26
2020-04-01 16:00:00,150.6,150.8,148.0,148.2,49
2020-04-02 08:00:00,149.0,149.8,147.0,147.2,11
2020-04-02 12:00:00,147.2,147.2,146.0,146.0,50
2020-04-02 16:00:00,145.0,145.8,143.2,145.8,40
2020-04-03 08:00:00,150.4,150.4,146.6,148.6,54
2020-04-03 12:00:00,148.2,149.0,146.2,148.2,17
2020-04-03 16:00:00,148.2,148.2,147.2,148.2,19
2020-04-06 08:00:00,148.6,150.6,147.2,148.2,36
2020-04-06 12:00:00,148.6,150.0,148.6,149.0,51
2020-04-06 16:00:00,149.8,149.8,148.0,149.0,112
2020-04-07 08:00:00,151.0,151.0,149.8,150.0,133
2020-04-07 12:00:00,150.0,151.6,149.8,151.2,107
2020-04-07 16:00:00,150.0,151.2,149.8,151.2,62
2020-04-08 08:00:00,151.2,151.2,144.0,149.8,26
2020-04-08 12:00:00,146.8,150.0,146.8,150.0,20
2020-04-08 16:00:00,150.0,150.0,150.0,150.0,2
2020-04-09 08:00:00,144.2,154.2,139.0,149.4,483
2020-04-09 12:00:00,148.6,149.4,147.0,148.6,158
2020-04-09 16:00:00,148.0,148.6,147.8,148.4,64
2020-04-10 08:00:00,148.4,149.6,147.2,149.4,27
2020-04-10 12:00:00,149.6,149.6,147.4,149.0,14
2020-04-10 16:00:00,148.0,148.8,147.0,148.6,78
2020-04-13 08:00:00,148.6,148.6,145.6,145.6,101
2020-04-13 12:00:00,146.0,149.0,146.0,148.6,19
2020-04-13 16:00:00,148.6,148.6,146.8,148.0,30
2020-04-14 08:00:00,151.0,151.0,148.0,148.6,45
2020-04-14 12:00:00,148.2,148.2,146.0,147.2,24
2020-04-14 16:00:00,147.2,147.2,147.0,147.0,28
2020-04-15 08:00:00,146.8,146.8,140.0,146.0,124
2020-04-15 12:00:00,141.6,144.8,141.0,143.4,42
2020-04-15 16:00:00,143.0,149.4,143.0,149.0,40
2020-04-16 08:00:00,144.0,147.8,144.0,147.8,94
2020-04-16 12:00:00,147.8,148.0,147.6,148.0,9
2020-04-16 16:00:00,145.6,148.0,145.6,147.0,29
2020-04-17 08:00:00,147.8,147.8,145.2,147.8,5
2020-04-17 12:00:00,145.4,147.0,145.4,146.8,3
2020-04-17 16:00:00,146.0,146.8,145.4,146.8,36
2020-04-20 08:00:00,145.0,148.0,143.2,145.0,72
2020-04-20 12:00:00,143.2,145.4,138.0,138.2,1270
2020-04-20 16:00:00,139.2,141.4,137.0,140.8,663
2020-04-21 08:00:00,139.2,140.2,138.8,138.8,71
2020-04-21 12:00:00,138.6,139.4,136.0,138.4,171
2020-04-21 16:00:00,137.2,138.4,136.0,138.2,70
2020-04-22 08:00:00,138.8,141.2,138.4,141.0,218
2020-04-22 12:00:00,141.0,141.0,140.0,140.8,65
2020-04-22 16:00:00,140.8,141.2,140.2,141.2,41
2020-04-23 08:00:00,141.8,144.8,134.4,141.0,127
2020-04-23 12:00:00,141.0,143.8,140.4,143.4,121
2020-04-23 16:00:00,143.0,143.0,142.2,142.2,4
2020-04-24 08:00:00,143.6,143.6,143.2,143.6,5
2020-04-24 12:00:00,142.8,143.0,140.0,140.0,25
2020-04-24 16:00:00,139.8,139.8,137.0,139.2,243
2020-04-27 08:00:00,138.2,142.0,131.0,140.0,120
2020-04-27 12:00:00,139.8,139.8,133.2,136.0,967
2020-04-27 16:00:00,136.0,137.8,135.0,137.8,339
2020-04-28 08:00:00,136.0,137.6,134.6,136.4,458
2020-04-28 12:00:00,136.4,139.0,134.2,136.2,899
2020-04-28 16:00:00,136.2,137.8,134.6,136.8,759
2020-04-29 08:00:00,139.0,139.6,136.4,139.0,720
2020-04-29 12:00:00,139.0,139.2,137.8,139.2,33
2020-04-29 16:00:00,138.6,139.2,137.0,139.2,141
2020-04-30 08:00:00,140.0,141.0,138.0,139.4,86
2020-04-30 12:00:00,139.4,141.0,139.4,141.0,358
2020-04-30 16:00:00,141.0,141.0,139.8,140.8,59
2020-05-04 08:00:00,138.2,140.8,138.2,140.0,141
2020-05-04 12:00:00,140.0,140.0,138.8,139.6,50
2020-05-04 16:00:00,139.2,139.6,139.2,139.4,97
2020-05-05 08:00:00,142.8,142.8,138.0,139.6,221
2020-05-05 12:00:00,139.4,139.6,137.0,139.0,264
2020-05-05 16:00:00,138.0,139.6,138.0,139.4,62
2020-05-06 08:00:00,141.0,141.0,139.0,139.8,7
2020-05-06 12:00:00,139.0,139.6,138.0,138.0,61
2020-05-06 16:00:00,138.0,138.8,137.6,138.8,106
2020-05-07 08:00:00,138.8,140.0,136.6,139.0,74
2020-05-07 12:00:00,138.0,139.2,138.0,139.0,250
2020-05-07 16:00:00,139.0,139.2,138.8,138.8,60
2020-05-08 08:00:00,137.2,139.0,137.2,138.6,71
2020-05-08 12:00:00,138.6,139.2,138.0,138.0,219
2020-05-08 16:00:00,138.8,138.8,138.2,138.6,70
2020-05-12 08:00:00,140.0,140.0,139.0,139.4,8
2020-05-12 12:00:00,139.4,139.4,138.0,139.0,40
2020-05-12 16:00:00,139.4,139.4,138.0,139.4,29
2020-05-13 08:00:00,138.2,138.8,138.2,138.8,19
2020-05-13 12:00:00,138.0,138.2,137.6,138.0,71
2020-05-13 16:00:00,137.8,138.0,135.4,137.0,183
2020-05-14 08:00:00,137.2,138.4,135.2,137.8,102
2020-05-14 12:00:00,137.0,137.8,136.4,137.6,75
2020-05-14 16:00:00,137.2,138.0,136.0,137.0,80
2020-05-15 08:00:00,135.6,137.6,135.0,137.0,57
2020-05-15 12:00:00,137.6,137.6,134.8,137.2,66
2020-05-15 16:00:00,137.2,137.2,133.8,136.4,78
2020-05-18 08:00:00,137.8,139.0,134.8,138.0,95
2020-05-18 12:00:00,138.0,138.0,135.6,137.0,106
2020-05-18 16:00:00,136.0,138.6,135.2,138.6,58
2020-05-19 08:00:00,138.6,138.6,136.4,138.6,100
2020-05-19 12:00:00,137.2,138.0,137.2,137.4,24
2020-05-19 16:00:00,137.6,138.6,137.2,138.6,37
2020-05-20 08:00:00,136.4,138.6,136.4,138.6,32
2020-05-20 12:00:00,138.2,138.6,137.0,138.4,108
2020-05-20 16:00:00,138.4,138.6,138.0,138.6,37
2020-05-21 08:00:00,139.0,140.0,137.0,138.8,152
2020-05-21 12:00:00,138.0,138.8,136.2,138.4,148
2020-05-21 16:00:00,137.4,138.4,136.8,138.0,77
2020-05-22 08:00:00,137.2,138.6,136.0,137.0,308
2020-05-22 12:00:00,137.0,138.0,137.0,137.8,39
2020-05-22 16:00:00,137.0,137.8,136.6,137.6,62
2020-05-25 08:00:00,139.0,139.0,135.6,135.8,223
2020-05-25 12:00:00,135.8,137.8,135.6,137.0,309
2020-05-25 16:00:00,137.2,137.2,137.0,137.2,227
2020-05-26 08:00:00,137.2,138.2,135.8,138.2,111
2020-05-26 12:00:00,138.2,138.2,137.2,138.0,28
2020-05-26 16:00:00,137.6,137.6,136.0,137.4,100
2020-05-27 08:00:00,137.6,138.0,137.0,137.8,9
2020-05-27 12:00:00,138.0,138.2,137.0,138.2,181
2020-05-27 16:00:00,138.2,138.4,137.0,138.0,44
2020-05-28 08:00:00,138.6,138.6,136.6,138.2,51
2020-05-28 12:00:00,138.4,138.4,137.0,138.0,44
2020-05-28 16:00:00,137.6,138.0,137.6,138.0,9
2020-05-29 08:00:00,137.0,138.4,137.0,137.8,136
2020-05-29 12:00:00,137.8,138.2,137.0,138.2,234
2020-05-29 16:00:00,138.0,138.2,137.0,138.0,36
2020-06-01 08:00:00,137.0,138.6,136.6,138.4,95
2020-06-01 12:00:00,137.6,140.8,137.0,138.2,344
2020-06-01 16:00:00,139.8,141.6,138.0,141.6,973
2020-06-02 08:00:00,142.0,145.0,140.4,142.0,245
2020-06-02 12:00:00,141.0,142.0,140.2,142.0,169
2020-06-02 16:00:00,140.6,142.0,140.6,142.0,29
2020-06-03 08:00:00,142.0,143.0,139.8,140.6,150
2020-06-03 12:00:00,140.6,143.0,140.6,143.0,66
2020-06-03 16:00:00,142.8,143.4,142.0,143.0,137
2020-06-04 08:00:00,143.0,143.4,142.0,142.8,23
2020-06-04 12:00:00,142.6,143.4,141.6,143.0,159
2020-06-04 16:00:00,142.0,143.0,141.0,142.8,59
2020-06-05 08:00:00,142.2,145.0,142.2,145.0,273
2020-06-05 12:00:00,144.6,144.8,143.0,144.8,80
2020-06-05 16:00:00,144.6,144.6,142.4,144.0,14
2020-06-08 08:00:00,144.4,147.6,141.0,143.2,56
2020-06-08 12:00:00,144.0,144.0,143.0,143.6,74
2020-06-08 16:00:00,143.6,143.8,141.6,143.8,63
2020-06-09 08:00:00,144.6,146.8,141.0,144.2,115
2020-06-09 12:00:00,143.8,145.0,139.0,145.0,319
2020-06-09 16:00:00,145.0,145.8,142.4,145.2,46
2020-06-10 08:00:00,144.6,145.6,144.6,145.6,17
2020-06-10 12:00:00,145.4,145.6,141.0,143.8,147
2020-06-10 16:00:00,143.6,144.6,141.2,144.6,170
2020-06-11 08:00:00,142.0,143.8,140.8,141.6,156
2020-06-11 12:00:00,143.4,143.8,141.8,143.2,33
2020-06-11 16:00:00,142.0,143.4,140.0,140.0,685
2020-06-15 08:00:00,139.8,141.4,139.2,140.0,67
2020-06-15 12:00:00,141.2,142.4,138.8,140.6,110
2020-06-15 16:00:00,139.0,140.4,138.4,140.4,21
2020-06-16 08:00:00,140.2,140.4,140.2,140.2,26
2020-06-16 12:00:00,140.4,141.6,140.0,141.6,22
2020-06-16 16:00:00,141.4,141.8,136.8,141.6,174
2020-06-17 08:00:00,141.4,141.4,140.2,141.2,47
2020-06-17 12:00:00,140.2,141.4,140.0,141.2,36
2020-06-17 16:00:00,140.4,140.6,139.8,140.6,26
2020-06-18 08:00:00,141.4,141.6,140.0,140.0,42
2020-06-18 12:00:00,141.2,141.2,139.4,140.0,20
2020-06-18 16:00:00,139.8,140.4,138.8,140.4,182
2020-06-19 08:00:00,140.4,142.0,140.4,142.0,61
2020-06-19 12:00:00,141.4,141.8,140.2,141.2,77
2020-06-19 16:00:00,140.0,141.8,139.6,141.8,297
2020-06-22 08:00:00,141.8,142.0,140.6,140.6,33
2020-06-22 12:00:00,141.6,142.0,140.6,141.2,104
2020-06-22 16:00:00,141.8,142.0,141.0,142.0,89
2020-06-23 08:00:00,141.6,141.6,140.6,141.2,22
2020-06-23 12:00:00,141.2,141.6,140.0,141.2,161
2020-06-23 16:00:00,140.4,141.8,139.8,141.8,1240
2020-06-25 08:00:00,140.2,140.8,139.0,140.0,197
2020-06-25 12:00:00,140.0,140.0,138.6,139.8,214
2020-06-25 16:00:00,139.2,139.6,138.4,139.6,143
2020-06-26 08:00:00,138.6,140.0,138.6,138.6,66
2020-06-26 12:00:00,139.4,140.4,138.6,140.4,1196
2020-06-26 16:00:00,139.2,139.8,139.0,139.4,36
2020-06-29 08:00:00,140.4,140.4,138.0,138.0,141
2020-06-29 12:00:00,138.0,145.8,138.0,141.6,548
2020-06-29 16:00:00,141.4,141.6,139.8,141.0,112
2020-06-30 08:00:00,139.8,142.0,136.8,138.8,770
2020-06-30 12:00:00,138.8,140.0,138.2,140.0,300
2020-06-30 16:00:00,140.0,141.4,139.8,141.0,398
2020-07-02 08:00:00,141.4,141.8,138.4,140.2,137
2020-07-02 12:00:00,139.0,143.4,139.0,143.4,682
2020-07-02 16:00:00,141.0,143.4,140.0,143.2,105
2020-07-03 08:00:00,144.6,144.6,142.2,143.0,35
2020-07-03 12:00:00,143.2,143.4,142.2,143.4,449
2020-07-03 16:00:00,143.2,144.6,143.2,143.2,1043
2020-07-06 08:00:00,144.6,144.8,144.6,144.6,37
2020-07-06 12:00:00,144.6,144.6,141.4,143.8,23
2020-07-06 16:00:00,141.6,143.8,141.6,141.6,73
2020-07-07 08:00:00,141.6,148.2,141.0,147.6,557
2020-07-07 12:00:00,147.0,156.0,145.6,149.6,2036
2020-07-07 16:00:00,147.8,151.8,146.0,150.4,812
2020-07-08 08:00:00,150.8,162.8,150.8,156.8,1337
2020-07-08 12:00:00,156.2,156.4,147.0,147.6,292
2020-07-08 16:00:00,147.2,148.4,147.0,148.4,83
2020-07-09 08:00:00,146.4,148.8,145.0,147.6,69
2020-07-09 12:00:00,147.4,147.4,147.4,147.4,1
2020-07-09 16:00:00,147.4,153.0,147.4,148.6,81
2020-07-10 08:00:00,152.6,154.0,142.4,152.2,657
2020-07-10 12:00:00,149.8,151.6,146.8,150.8,192
2020-07-10 16:00:00,150.4,155.0,146.6,151.8,278
2020-07-13 08:00:00,147.6,153.2,147.6,151.6,50
2020-07-13 12:00:00,148.8,152.6,148.8,150.6,38
2020-07-13 16:00:00,150.8,150.8,150.6,150.8,13
2020-07-14 08:00:00,149.0,151.6,148.8,151.4,14
2020-07-14 12:00:00,150.8,150.8,148.6,148.6,37
2020-07-14 16:00:00,148.6,150.0,148.6,150.0,10
2020-07-15 08:00:00,149.0,149.0,149.0,149.0,1
2020-07-15 12:00:00,149.8,150.2,148.6,150.2,117
2020-07-15 16:00:00,149.0,149.6,149.0,149.6,19
2020-07-16 08:00:00,148.6,148.6,148.6,148.6,4
2020-07-16 12:00:00,150.4,150.4,149.0,149.0,5
2020-07-16 16:00:00,149.8,149.8,149.0,149.0,10
2020-07-17 08:00:00,151.6,151.8,149.2,150.4,18
2020-07-17 12:00:00,149.0,151.0,148.0,151.0,219
2020-07-17 16:00:00,149.6,150.4,148.6,150.4,11
2020-07-20 08:00:00,148.2,148.2,148.0,148.0,44
2020-07-20 12:00:00,148.2,148.2,148.0,148.0,12
2020-07-20 16:00:00,148.0,148.0,147.4,147.8,12
2020-07-21 08:00:00,147.6,150.0,147.4,148.4,3051
2020-07-21 12:00:00,148.4,149.0,148.0,148.8,268
2020-07-21 16:00:00,148.8,149.0,148.8,148.8,10
2020-07-22 08:00:00,148.8,148.8,148.0,148.0,17
2020-07-22 12:00:00,148.0,149.0,147.6,148.2,171
2020-07-22 16:00:00,148.6,148.8,148.0,148.0,18
2020-07-23 08:00:00,148.0,152.0,148.0,149.8,826
2020-07-23 12:00:00,150.0,150.0,149.8,150.0,475
2020-07-23 16:00:00,150.4,152.0,150.4,150.6,24
2020-07-24 08:00:00,148.2,151.0,148.2,149.8,58
2020-07-24 12:00:00,148.8,150.2,148.8,149.8,13
2020-07-24 16:00:00,149.4,149.8,131.0,147.2,491
2020-07-27 08:00:00,147.2,147.8,146.4,147.6,12
2020-07-27 12:00:00,146.6,146.6,144.0,144.2,291
2020-07-27 16:00:00,144.4,146.0,139.0,144.8,239
2020-07-28 08:00:00,143.0,146.2,143.0,146.0,81
2020-07-28 12:00:00,145.8,145.8,143.0,143.6,105
2020-07-28 16:00:00,143.8,145.4,142.6,145.4,74
2020-07-29 08:00:00,145.4,145.6,143.4,144.6,20
2020-07-29 12:00:00,144.4,145.6,144.0,145.4,220
2020-07-29 16:00:00,145.6,145.8,145.6,145.8,38
2020-07-30 08:00:00,144.4,147.2,144.2,145.2,18
2020-07-30 12:00:00,145.0,147.0,144.4,147.0,58
2020-07-30 16:00:00,147.0,147.0,141.2,147.0,96
2020-07-31 08:00:00,146.2,147.2,146.0,147.0,27
2020-07-31 12:00:00,146.6,147.2,146.0,147.0,34
2020-07-31 16:00:00,147.2,147.2,147.2,147.2,2
2020-08-03 08:00:00,147.6,148.8,147.2,148.8,56
2020-08-03 12:00:00,148.0,149.8,148.0,149.6,99
2020-08-03 16:00:00,149.8,150.0,148.4,149.4,97
2020-08-04 08:00:00,150.0,150.0,147.8,149.6,245
2020-08-04 12:00:00,149.4,149.4,149.0,149.0,35
2020-08-04 16:00:00,148.4,148.8,148.2,148.8,3
2020-08-05 08:00:00,149.6,150.0,148.0,148.0,75
2020-08-05 12:00:00,149.0,149.2,147.8,147.8,23
2020-08-05 16:00:00,147.0,148.4,146.0,148.4,78
2020-08-06 08:00:00,149.6,150.0,149.6,149.8,23
2020-08-06 12:00:00,149.8,150.0,148.0,149.8,33
2020-08-06 16:00:00,149.8,149.8,148.0,148.0,98
2020-08-07 08:00:00,147.6,147.6,145.4,146.8,155
2020-08-07 12:00:00,145.8,148.0,145.6,148.0,43
2020-08-07 16:00:00,148.8,149.0,148.6,148.6,3
2020-08-10 08:00:00,149.0,150.0,147.6,148.0,266
2020-08-10 12:00:00,149.8,150.0,147.6,147.8,50
2020-08-10 16:00:00,148.0,148.0,147.4,147.8,28
2020-08-11 08:00:00,149.2,149.2,148.0,148.0,41
2020-08-11 12:00:00,147.2,148.0,147.2,148.0,23
2020-08-11 16:00:00,147.2,147.8,147.2,147.8,15
2020-08-12 08:00:00,148.8,148.8,147.8,147.8,28
2020-08-12 12:00:00,148.0,148.0,146.8,148.0,79
2020-08-12 16:00:00,148.0,149.0,147.4,149.0,706
2020-08-13 08:00:00,147.2,147.2,147.2,147.2,4
2020-08-13 12:00:00,147.8,148.4,146.4,148.0,103
2020-08-13 16:00:00,148.4,148.4,147.2,147.2,2
2020-08-14 08:00:00,147.0,147.0,146.8,146.8,8
2020-08-14 12:00:00,147.6,148.0,147.0,147.2,372
2020-08-14 16:00:00,146.8,147.8,146.6,147.8,33
2020-08-17 08:00:00,147.8,170.2,147.8,156.0,2771
2020-08-17 12:00:00,156.0,157.8,150.2,152.4,405
2020-08-17 16:00:00,152.4,152.4,150.6,151.4,214
2020-08-18 08:00:00,151.6,154.0,151.0,152.0,124
2020-08-18 12:00:00,152.4,153.4,151.2,151.2,49
2020-08-18 16:00:00,151.4,153.6,151.4,151.8,20
2020-08-19 08:00:00,152.8,153.0,149.6,149.6,109
2020-08-19 12:00:00,150.2,150.6,147.2,150.6,185
2020-08-19 16:00:00,150.0,150.4,149.8,150.0,94
2020-08-20 08:00:00,151.4,151.4,150.0,150.0,66
2020-08-20 12:00:00,150.2,150.4,149.2,150.0,59
2020-08-20 16:00:00,150.0,150.0,149.2,149.2,9
2020-08-21 08:00:00,147.8,150.8,147.8,150.8,32
2020-08-21 12:00:00,149.8,150.4,147.8,149.6,112
2020-08-21 16:00:00,148.6,148.6,148.4,148.4,47
2020-08-24 08:00:00,147.8,149.8,147.8,149.8,14
2020-08-24 12:00:00,149.6,149.6,148.6,148.6,59
2020-08-24 16:00:00,150.0,151.6,148.0,148.0,81
2020-08-25 08:00:00,148.6,151.6,148.6,151.0,94
2020-08-25 12:00:00,151.0,151.6,151.0,151.0,187
2020-08-25 16:00:00,151.2,152.4,151.2,151.6,24
2020-08-26 08:00:00,150.4,152.6,150.4,152.2,227
2020-08-26 12:00:00,151.4,152.4,150.0,151.2,735
2020-08-26 16:00:00,152.0,153.0,150.8,152.8,52
2020-08-27 08:00:00,153.8,153.8,153.6,153.6,3
2020-08-27 16:00:00,151.2,153.8,151.2,153.8,47
2020-08-28 12:00:00,151.0,152.6,148.4,151.2,4397
2020-08-28 16:00:00,152.8,153.0,150.8,152.6,13
2020-08-31 08:00:00,152.6,152.6,149.6,151.2,47
2020-08-31 12:00:00,150.8,151.0,150.2,151.0,166
2020-08-31 16:00:00,151.2,152.4,151.2,152.4,30
2020-09-01 08:00:00,150.8,150.8,149.6,150.2,84
2020-09-01 12:00:00,150.6,153.8,150.2,151.8,85
2020-09-01 16:00:00,150.4,151.6,150.4,151.6,22
2020-09-02 08:00:00,150.0,158.8,150.0,155.0,134
2020-09-02 12:00:00,153.2,154.8,151.2,152.0,115
2020-09-02 16:00:00,152.2,152.2,150.6,150.8,45
2020-09-03 08:00:00,150.4,154.4,150.4,151.4,44
2020-09-03 12:00:00,151.4,154.2,150.4,154.2,195
2020-09-03 16:00:00,151.6,151.6,151.6,151.6,4
2020-09-04 08:00:00,152.8,152.8,152.8,152.8,1
2020-09-04 12:00:00,151.8,153.0,151.8,152.8,36
2020-09-04 16:00:00,152.6,152.6,150.6,150.6,31
2020-09-07 08:00:00,152.8,152.8,150.4,150.4,6
2020-09-07 12:00:00,150.6,153.0,150.6,153.0,85
2020-09-07 16:00:00,152.8,152.8,150.6,151.6,30
2020-09-08 08:00:00,153.2,154.0,151.4,151.4,11
2020-09-08 12:00:00,152.0,152.2,152.0,152.2,20
2020-09-08 16:00:00,152.4,153.0,151.4,152.6,27
2020-09-09 08:00:00,152.8,154.8,152.8,152.8,8
2020-09-09 12:00:00,152.8,153.8,152.8,153.4,28
2020-09-09 16:00:00,153.2,153.4,152.0,153.4,50
2020-09-10 08:00:00,151.4,152.2,151.4,152.2,2
2020-09-10 12:00:00,153.4,154.8,153.4,154.8,11
2020-09-10 16:00:00,154.6,154.8,150.4,150.4,26
2020-09-11 08:00:00,151.6,153.6,151.2,153.6,195
2020-09-11 12:00:00,153.8,155.0,153.0,153.0,171
2020-09-11 16:00:00,153.0,153.4,151.0,153.4,24
2020-09-14 08:00:00,154.4,156.8,153.6,153.8,62
2020-09-14 12:00:00,154.0,154.8,153.4,153.8,178
2020-09-14 16:00:00,153.8,155.2,153.8,154.0,68
2020-09-15 08:00:00,155.0,155.2,155.0,155.2,41
2020-09-15 12:00:00,155.2,157.0,155.2,157.0,24
2020-09-15 16:00:00,155.8,159.8,155.8,156.8,146
2020-09-16 08:00:00,160.0,161.2,159.8,160.0,92
2020-09-16 12:00:00,160.2,160.2,151.0,156.0,228
2020-09-16 16:00:00,156.8,157.8,156.6,156.6,31
2020-09-17 08:00:00,157.8,163.2,157.8,160.2,120
2020-09-17 12:00:00,160.2,164.0,156.0,156.8,291
2020-09-17 16:00:00,158.8,159.8,156.8,158.4,44
2020-09-18 08:00:00,160.8,162.6,156.4,160.0,22
2020-09-18 12:00:00,159.8,160.0,158.8,159.6,5
2020-09-18 16:00:00,159.6,159.6,159.2,159.2,15
2020-09-21 08:00:00,159.2,162.6,159.2,160.0,40
2020-09-21 12:00:00,160.0,160.6,159.2,159.2,36
2020-09-21 16:00:00,159.4,159.6,159.0,159.0,107
2020-09-22 08:00:00,157.6,159.8,157.6,157.6,25
2020-09-22 12:00:00,157.6,157.6,156.6,156.6,18
2020-09-22 16:00:00,157.8,158.2,157.8,158.2,44
2020-09-23 08:00:00,159.2,219.8,156.8,160.8,893
2020-09-23 12:00:00,161.0,163.4,159.6,159.8,281
2020-09-23 16:00:00,159.8,160.4,159.0,159.8,264
2020-09-24 08:00:00,159.2,170.0,158.8,160.4,590
2020-09-24 12:00:00,160.4,160.8,160.0,160.8,43
2020-09-24 16:00:00,160.6,160.8,159.8,159.8,19
2020-09-25 08:00:00,159.8,160.2,159.2,159.6,77
2020-09-25 12:00:00,160.2,160.6,159.6,159.8,1703
2020-09-25 16:00:00,160.0,160.0,158.8,159.8,67
2020-09-28 08:00:00,159.8,198.0,159.8,165.0,119
2020-09-28 12:00:00,164.2,164.2,163.4,164.0,62
2020-09-28 16:00:00,163.6,163.6,160.6,160.6,110
2020-09-29 08:00:00,163.0,163.6,161.8,162.2,218
2020-09-29 12:00:00,161.8,162.2,157.6,158.0,368
2020-09-29 16:00:00,158.0,159.0,156.0,156.0,1194
2020-09-30 08:00:00,157.8,162.0,157.6,161.0,128
2020-09-30 12:00:00,162.0,164.0,157.8,159.4,146
2020-09-30 16:00:00,158.2,158.2,157.6,158.2,12
2020-10-01 08:00:00,159.0,159.0,157.6,158.2,7
2020-10-01 12:00:00,158.2,159.2,157.4,157.8,70
2020-10-01 16:00:00,157.6,158.2,156.4,156.4,64
2020-10-02 08:00:00,156.4,156.4,155.2,155.2,36
2020-10-02 12:00:00,155.0,155.2,153.0,153.0,43
2020-10-02 16:00:00,154.6,155.6,154.6,155.6,15
2020-10-05 08:00:00,154.8,155.6,152.8,154.0,57
2020-10-05 12:00:00,152.8,154.0,152.8,154.0,133
2020-10-05 16:00:00,154.0,154.0,154.0,154.0,45
2020-10-06 08:00:00,154.0,154.0,154.0,154.0,29
2020-10-06 12:00:00,154.0,154.0,154.0,154.0,90
2020-10-06 16:00:00,154.0,154.0,152.8,154.0,117
2020-10-07 08:00:00,154.4,154.6,154.4,154.6,12
2020-10-07 12:00:00,154.6,154.6,153.0,153.0,348
2020-10-07 16:00:00,153.2,154.2,153.0,154.2,22
2020-10-08 08:00:00,153.4,154.6,153.2,154.6,190
2020-10-08 12:00:00,153.2,153.4,151.2,152.2,388
2020-10-08 16:00:00,152.6,152.8,151.4,152.6,80
2020-10-09 08:00:00,152.4,154.0,152.4,154.0,92
2020-10-09 12:00:00,153.0,153.0,151.6,151.6,16
2020-10-09 16:00:00,152.8,152.8,152.8,152.8,2
2020-10-12 08:00:00,152.6,153.8,152.6,153.8,16
2020-10-12 12:00:00,154.0,154.0,151.0,152.2,270
2020-10-12 16:00:00,152.4,153.4,152.4,153.0,38
2020-10-13 08:00:00,152.0,152.0,152.0,152.0,25
2020-10-13 12:00:00,152.0,152.0,151.8,151.8,46
2020-10-13 16:00:00,151.6,151.6,151.0,151.0,37
2020-10-14 08:00:00,150.8,151.0,150.0,151.0,30
2020-10-14 12:00:00,151.0,151.0,149.8,149.8,57
2020-10-14 16:00:00,149.8,150.6,149.0,150.6,170
2020-10-15 08:00:00,150.6,150.6,149.2,149.2,33
2020-10-15 12:00:00,149.0,150.0,149.0,150.0,63
2020-10-15 16:00:00,150.0,150.0,149.0,149.2,16
2020-10-16 08:00:00,148.4,149.8,148.4,148.4,27
2020-10-16 12:00:00,148.4,150.0,148.0,150.0,380
2020-10-16 16:00:00,150.0,150.2,150.0,150.2,53
2020-10-19 08:00:00,150.0,150.0,150.0,150.0,2
2020-10-19 12:00:00,150.0,150.0,148.0,149.4,29
2020-10-19 16:00:00,149.4,149.4,146.8,146.8,51
2020-10-20 08:00:00,146.6,147.0,146.4,146.6,96
2020-10-20 12:00:00,146.6,147.0,146.0,147.0,223
2020-10-20 16:00:00,147.0,147.0,147.0,147.0,31
2020-10-21 08:00:00,148.2,149.4,146.0,146.0,43
2020-10-21 12:00:00,147.8,147.8,147.6,147.6,10
2020-10-21 16:00:00,147.0,147.2,146.0,147.2,34
2020-10-22 08:00:00,146.2,147.2,146.2,147.2,72
2020-10-22 12:00:00,147.0,147.0,146.0,146.0,30
2020-10-22 16:00:00,147.0,147.0,147.0,147.0,19
2020-10-23 08:00:00,147.4,147.4,146.4,147.4,154
2020-10-23 12:00:00,147.4,147.8,145.6,145.8,111
2020-10-23 16:00:00,147.6,148.0,147.6,148.0,5
2020-10-26 08:00:00,147.8,148.0,147.8,147.8,79
2020-10-26 12:00:00,147.8,148.0,146.0,146.0,179
2020-10-26 16:00:00,146.6,146.6,146.6,146.6,2
2020-10-27 08:00:00,145.6,147.2,143.0,143.0,108
2020-10-27 12:00:00,143.4,144.8,142.0,144.8,74
2020-10-27 16:00:00,145.0,145.0,145.0,145.0,7
2020-10-28 08:00:00,145.2,145.2,141.2,141.2,199
2020-10-28 12:00:00,141.6,142.6,141.0,141.0,44
2020-10-28 16:00:00,141.2,142.8,139.0,140.4,166
2020-10-29 08:00:00,140.0,140.8,140.0,140.8,12
2020-10-29 12:00:00,140.8,141.0,140.8,141.0,16
2020-10-29 16:00:00,141.2,142.2,141.2,142.2,25
2020-10-30 08:00:00,142.0,143.2,140.2,143.2,37
2020-10-30 12:00:00,143.0,143.4,143.0,143.4,5
2020-10-30 16:00:00,143.6,143.6,143.6,143.6,3
2020-11-02 08:00:00,143.8,144.6,141.8,142.2,46
2020-11-02 12:00:00,144.4,145.8,144.4,145.8,32
2020-11-02 16:00:00,145.2,145.8,145.0,145.8,54
2020-11-03 08:00:00,146.8,146.8,145.0,145.2,19
2020-11-03 12:00:00,145.2,147.4,145.2,147.0,226
2020-11-03 16:00:00,147.4,148.0,147.0,147.0,290
2020-11-05 08:00:00,147.4,148.8,145.0,145.0,226
2020-11-05 12:00:00,147.4,148.8,142.0,147.0,441
2020-11-05 16:00:00,147.2,148.8,145.8,146.8,74
2020-11-06 08:00:00,146.8,149.4,138.0,145.0,26
2020-11-06 12:00:00,147.8,147.8,145.0,145.0,47
2020-11-06 16:00:00,145.0,148.0,145.0,148.0,77
2020-11-09 08:00:00,154.6,154.6,143.0,149.0,76
2020-11-09 12:00:00,148.8,150.4,148.6,148.6,113
2020-11-09 16:00:00,148.6,149.6,147.0,147.2,18
2020-11-10 08:00:00,149.2,149.2,147.8,148.0,19
2020-11-10 12:00:00,147.8,149.8,145.2,146.8,259
2020-11-10 16:00:00,146.8,148.8,146.8,148.8,4
2020-11-11 08:00:00,147.0,149.0,145.0,147.8,48
2020-11-11 12:00:00,147.6,148.6,145.0,147.2,176
2020-11-11 16:00:00,148.8,150.8,148.8,150.0,171
2020-11-12 08:00:00,151.0,151.0,146.4,148.2,27
2020-11-12 12:00:00,148.4,148.4,146.4,147.8,16
2020-11-12 16:00:00,148.0,150.0,147.0,147.8,222
2020-11-13 08:00:00,149.4,149.4,149.4,149.4,5
2020-11-13 12:00:00,149.4,150.0,147.4,150.0,152
2020-11-13 16:00:00,148.4,150.0,147.2,150.0,127
2020-11-16 08:00:00,151.0,155.6,150.8,153.6,102
2020-11-16 12:00:00,153.6,154.0,152.0,152.2,375
2020-11-16 16:00:00,153.6,154.0,152.6,152.6,106
2020-11-17 08:00:00,152.6,154.0,152.6,153.4,151
2020-11-17 12:00:00,153.0,153.8,152.6,153.4,124
2020-11-17 16:00:00,152.8,152.8,151.6,152.0,83
2020-11-18 08:00:00,151.6,153.4,151.6,153.4,7
2020-11-18 12:00:00,153.4,153.4,151.0,151.0,97
2020-11-18 16:00:00,152.0,152.0,152.0,152.0,23
2020-11-19 08:00:00,153.6,153.6,153.0,153.0,43
2020-11-19 12:00:00,153.0,153.8,151.0,153.4,204
2020-11-19 16:00:00,153.0,153.0,153.0,153.0,11
2020-11-20 08:00:00,151.8,151.8,151.8,151.8,23
2020-11-20 12:00:00,153.0,154.4,151.8,151.8,149
2020-11-20 16:00:00,153.4,153.6,153.4,153.6,6
2020-11-23 08:00:00,151.0,159.8,151.0,159.6,553
2020-11-23 12:00:00,159.2,160.0,157.0,157.2,203
2020-11-23 16:00:00,157.4,157.4,157.0,157.4,18
2020-11-24 08:00:00,160.0,160.4,156.6,158.0,120
2020-11-24 12:00:00,158.0,158.0,156.8,157.0,15
2020-11-24 16:00:00,157.0,157.0,157.0,157.0,11
2020-11-25 08:00:00,157.4,157.4,156.6,156.6,5
2020-11-25 12:00:00,155.4,157.0,154.6,157.0,41
2020-11-25 16:00:00,156.8,156.8,154.8,156.2,47
2020-11-26 08:00:00,158.0,158.2,157.8,158.0,15
2020-11-26 12:00:00,158.0,158.0,155.8,155.8,179
2020-11-26 16:00:00,155.8,155.8,155.6,155.6,2
2020-11-27 08:00:00,157.4,157.8,157.4,157.4,75
2020-11-27 12:00:00,157.8,159.0,157.8,158.8,29
2020-11-27 16:00:00,159.8,160.0,157.0,157.0,13
2020-11-30 08:00:00,156.8,160.2,156.8,158.0,86
2020-11-30 12:00:00,156.6,156.6,152.0,152.8,956
2020-11-30 16:00:00,152.8,152.8,152.2,152.8,67
2020-12-01 08:00:00,152.6,152.8,151.4,152.8,103
2020-12-01 12:00:00,152.8,152.8,152.8,152.8,302
2020-12-01 16:00:00,152.8,155.0,152.6,153.0,125
2020-12-02 08:00:00,153.0,155.8,153.0,155.6,16
2020-12-02 12:00:00,154.8,158.0,153.2,156.4,173
2020-12-02 16:00:00,156.2,157.6,156.0,156.8,55
2020-12-03 08:00:00,155.4,157.0,151.2,156.6,30
2020-12-03 12:00:00,156.4,156.8,154.0,156.6,64
2020-12-03 16:00:00,155.8,155.8,149.8,153.8,245
2020-12-04 08:00:00,154.0,154.0,150.0,150.0,564
2020-12-04 12:00:00,151.4,153.2,149.4,150.8,1541
2020-12-04 16:00:00,150.0,151.8,150.0,151.8,189
2020-12-07 08:00:00,153.6,153.6,152.0,152.2,23
2020-12-07 12:00:00,152.2,152.8,150.6,150.6,125
2020-12-07 16:00:00,150.6,152.0,150.6,151.8,30
2020-12-08 08:00:00,151.6,151.8,151.6,151.8,50
2020-12-08 12:00:00,151.6,151.8,150.0,151.6,132
2020-12-08 16:00:00,151.8,151.8,150.0,151.2,64
2020-12-09 08:00:00,152.4,152.4,149.2,150.4,123
2020-12-09 12:00:00,150.0,154.0,147.2,152.0,409
2020-12-09 16:00:00,152.4,153.0,150.0,153.0,234
2020-12-10 08:00:00,151.0,153.0,151.0,153.0,12
2020-12-10 12:00:00,151.6,152.8,150.0,152.4,78
2020-12-10 16:00:00,152.0,153.8,150.4,153.0,248
2020-12-11 08:00:00,154.0,154.0,151.0,151.0,50
2020-12-11 12:00:00,153.4,153.4,151.0,153.0,29
2020-12-11 16:00:00,151.2,153.0,150.0,152.4,133
2020-12-14 08:00:00,150.0,152.6,148.6,152.0,104
2020-12-14 12:00:00,151.0,152.2,150.0,152.2,191
2020-12-14 16:00:00,151.0,152.0,149.4,150.0,219
2020-12-15 08:00:00,150.0,152.4,149.0,150.0,165
2020-12-15 12:00:00,150.0,151.0,148.6,148.6,195
2020-12-15 16:00:00,148.6,149.6,148.2,149.6,44
2020-12-16 08:00:00,148.2,150.0,148.2,150.0,59
2020-12-16 12:00:00,149.0,150.2,149.0,150.2,31
2020-12-16 16:00:00,150.2,150.4,149.8,150.0,30
2020-12-17 08:00:00,149.0,150.2,148.6,150.0,114
2020-12-17 12:00:00,150.0,151.8,149.0,150.0,153
2020-12-17 16:00:00,150.0,150.4,149.6,150.4,84
2020-12-18 08:00:00,149.0,150.6,149.0,150.6,18
2020-12-18 12:00:00,149.6,150.6,149.0,150.0,91
2020-12-18 16:00:00,150.0,150.4,148.6,150.0,72
2020-12-21 08:00:00,150.0,151.8,149.2,149.2,82
2020-12-21 12:00:00,149.0,149.2,148.4,148.6,113
2020-12-21 16:00:00,149.0,150.0,148.6,149.6,28
2020-12-22 08:00:00,150.0,150.2,148.6,150.2,10
2020-12-22 12:00:00,150.0,150.2,149.6,149.6,20
2020-12-22 16:00:00,149.6,150.2,149.6,150.2,36
2020-12-23 08:00:00,148.8,151.0,148.8,151.0,10
2020-12-23 12:00:00,150.4,150.6,149.6,150.4,71
2020-12-23 16:00:00,150.0,150.4,149.6,150.4,9
2020-12-24 08:00:00,150.8,151.0,149.4,150.8,93
2020-12-24 12:00:00,149.8,150.8,148.4,149.6,249
2020-12-24 16:00:00,149.0,149.6,149.0,149.6,4
2020-12-25 08:00:00,149.4,156.0,149.0,153.6,816
2020-12-25 12:00:00,155.4,159.8,151.4,158.8,617
2020-12-25 16:00:00,158.6,159.0,156.6,158.8,76
2020-12-28 08:00:00,151.2,159.0,151.2,157.6,173
2020-12-28 12:00:00,156.2,157.4,154.0,155.0,272
2020-12-28 16:00:00,155.0,155.0,153.6,155.0,46
2020-12-29 08:00:00,156.2,158.8,156.0,156.6,57
2020-12-29 12:00:00,156.6,157.6,156.4,156.6,187
2020-12-29 16:00:00,156.2,156.6,153.0,153.0,491
2020-12-30 08:00:00,158.8,158.8,155.0,156.8,74
2020-12-30 12:00:00,156.6,156.8,153.8,153.8,185
2020-12-30 16:00:00,153.6,156.4,153.4,156.0,66
2021-01-04 08:00:00,157.0,159.2,157.0,158.0,656
2021-01-04 12:00:00,158.0,159.2,157.6,158.8,996
2021-01-04 16:00:00,159.0,159.2,157.8,157.8,71
2021-01-05 08:00:00,156.8,156.8,155.0,155.8,91
2021-01-05 12:00:00,155.8,156.4,155.4,156.4,151
2021-01-05 16:00:00,157.4,157.4,156.6,156.6,236
2021-01-06 08:00:00,157.8,159.0,157.4,157.4,107
2021-01-06 12:00:00,159.0,159.0,156.8,156.8,133
2021-01-06 16:00:00,156.6,156.8,153.4,156.0,85
2021-01-08 08:00:00,154.8,159.2,154.4,157.0,181
2021-01-08 12:00:00,159.0,159.0,156.8,159.0,88
2021-01-08 16:00:00,159.0,159.0,157.4,157.4,74
2021-01-11 08:00:00,159.0,159.0,157.8,158.6,137
2021-01-11 12:00:00,157.8,158.2,154.0,156.2,306
2021-01-11 16:00:00,158.0,158.6,156.6,158.6,35
2021-01-12 08:00:00,158.8,159.2,157.0,157.0,308
2021-01-12 12:00:00,157.0,159.2,157.0,159.0,607
2021-01-12 16:00:00,159.0,159.0,157.4,159.0,518
2021-01-13 08:00:00,159.2,165.6,159.2,162.4,675
2021-01-13 12:00:00,162.4,176.8,162.0,168.6,6252
2021-01-13 16:00:00,169.4,172.4,168.4,171.8,254
2021-01-14 08:00:00,170.0,187.8,170.0,185.8,2770
2021-01-14 12:00:00,185.8,197.0,176.0,191.0,24808
2021-01-14 16:00:00,191.0,192.2,183.8,186.4,3989
2021-01-15 08:00:00,188.8,192.0,173.6,177.8,2364
2021-01-15 12:00:00,177.8,180.2,174.0,175.0,1096
2021-01-15 16:00:00,175.8,177.4,173.0,174.2,514
2021-01-18 08:00:00,174.2,174.2,169.8,174.2,994
2021-01-18 12:00:00,174.0,176.0,172.6,174.0,390
2021-01-18 16:00:00,174.0,178.0,174.0,176.2,92
2021-01-19 08:00:00,175.8,184.0,175.8,183.8,1177
2021-01-19 12:00:00,184.0,184.0,178.0,179.6,531
2021-01-19 16:00:00,179.8,179.8,177.8,177.8,76
2021-01-20 08:00:00,177.2,178.0,171.4,176.0,185
2021-01-20 12:00:00,174.2,189.0,173.8,178.0,2891
2021-01-20 16:00:00,178.0,178.0,176.2,177.8,559
2021-01-21 08:00:00,175.4,178.8,172.0,175.0,515
2021-01-21 12:00:00,172.2,173.6,164.8,172.2,935
2021-01-21 16:00:00,172.0,174.0,169.6,170.0,186
2021-01-22 08:00:00,165.4,180.0,165.4,170.0,366
2021-01-22 12:00:00,169.6,169.8,165.0,165.6,308
2021-01-22 16:00:00,167.0,167.0,164.0,165.4,440
2021-01-25 08:00:00,163.8,167.0,161.4,162.2,648
2021-01-25 12:00:00,162.4,168.0,162.0,165.8,650
2021-01-25 16:00:00,165.8,166.4,165.0,166.4,128
2021-01-26 08:00:00,166.8,167.4,165.0,165.0,171
2021-01-26 12:00:00,165.0,168.0,165.0,166.8,438
2021-01-26 16:00:00,166.6,167.8,166.6,167.6,27
2021-01-27 08:00:00,169.0,172.0,165.0,166.8,251
2021-01-27 12:00:00,166.0,166.8,162.2,165.4,411
2021-01-27 16:00:00,165.4,165.8,164.4,165.8,88
2021-01-28 08:00:00,166.0,166.0,164.0,165.8,206
2021-01-28 12:00:00,165.8,166.0,164.0,164.0,239
2021-01-28 16:00:00,163.8,166.0,163.8,165.8,98
2021-01-29 08:00:00,166.0,166.0,159.8,161.6,809
2021-01-29 12:00:00,161.0,162.0,160.0,161.6,2111
2021-01-29 16:00:00,161.2,162.0,160.8,161.8,11
2021-02-01 08:00:00,162.0,162.2,161.0,161.2,100
2021-02-01 12:00:00,162.0,164.4,162.0,164.4,153
2021-02-01 16:00:00,164.4,169.0,163.0,163.0,56
2021-02-02 08:00:00,162.6,166.4,155.4,163.6,95
2021-02-02 12:00:00,163.8,163.8,161.6,161.6,139
2021-02-02 16:00:00,161.6,163.0,161.6,163.0,9
2021-02-03 08:00:00,162.2,163.6,158.0,162.4,929
2021-02-03 12:00:00,162.4,163.2,160.0,160.0,191
2021-02-03 16:00:00,160.4,161.8,160.2,160.8,71
2021-02-04 08:00:00,163.4,163.4,160.2,161.0,278
2021-02-04 12:00:00,160.4,173.8,158.4,169.6,2479
2021-02-04 16:00:00,169.6,177.8,169.6,175.0,2396
2021-02-05 08:00:00,173.0,179.0,170.0,172.4,213
2021-02-05 12:00:00,172.4,181.2,171.0,179.8,2247
2021-02-05 16:00:00,177.8,182.4,177.0,177.6,1310
2021-02-08 08:00:00,180.2,182.8,180.2,182.2,757
2021-02-08 12:00:00,182.2,183.2,180.4,182.8,1742
2021-02-08 16:00:00,180.8,183.0,180.2,181.6,229
2021-02-09 08:00:00,176.6,181.0,170.2,180.0,257
2021-02-09 12:00:00,179.0,179.0,173.0,174.2,1020
2021-02-09 16:00:00,174.2,176.2,174.2,175.4,119
2021-02-10 08:00:00,172.6,176.4,170.0,172.2,587
2021-02-10 12:00:00,172.2,175.8,169.6,173.4,322
2021-02-10 16:00:00,175.6,182.0,171.8,180.8,1955
2021-02-11 08:00:00,175.4,179.0,174.8,178.8,30
2021-02-11 12:00:00,178.6,180.8,175.4,176.8,94
2021-02-11 16:00:00,177.8,177.8,173.6,173.8,285
2021-02-12 08:00:00,174.0,180.0,173.0,176.0,249
2021-02-12 12:00:00,178.4,178.4,174.8,175.4,97
2021-02-12 16:00:00,175.8,177.8,175.8,177.8,9
2021-02-15 08:00:00,177.6,178.0,177.6,177.6,81
2021-02-15 12:00:00,178.0,181.0,177.6,177.6,236
2021-02-15 16:00:00,177.8,179.4,174.8,174.8,125
2021-02-16 08:00:00,176.4,178.6,168.0,172.6,521
2021-02-16 12:00:00,173.0,176.0,173.0,174.8,108
2021-02-16 16:00:00,174.8,174.8,174.8,174.8,2
2021-02-17 08:00:00,172.8,175.8,170.0,170.0,1053
2021-02-17 12:00:00,174.0,174.0,169.2,171.0,490
2021-02-17 16:00:00,171.4,173.0,170.2,171.0,235
2021-02-18 08:00:00,173.2,174.2,173.2,173.2,103
2021-02-18 12:00:00,173.0,173.0,172.0,172.4,84
2021-02-18 16:00:00,173.0,173.0,172.4,172.6,50
2021-02-19 08:00:00,174.0,175.6,169.4,170.4,338
2021-02-19 12:00:00,170.4,176.0,170.0,175.8,996
2021-02-19 16:00:00,175.6,176.0,173.2,175.0,91
2021-02-20 08:00:00,174.8,174.8,170.2,174.6,132
2021-02-20 12:00:00,174.6,174.6,173.2,173.2,14
2021-02-20 16:00:00,174.4,174.6,171.4,173.6,192
2021-02-22 08:00:00,174.6,174.6,169.2,171.8,636
2021-02-22 12:00:00,171.6,174.4,171.0,173.2,185
2021-02-22 16:00:00,173.6,173.8,173.0,173.4,27
2021-02-24 08:00:00,176.0,176.0,171.2,171.8,82
2021-02-24 12:00:00,171.8,175.0,171.8,174.0,184
2021-02-24 16:00:00,172.0,174.0,171.0,172.4,81
2021-02-25 08:00:00,172.2,174.8,172.0,173.2,401
2021-02-25 12:00:00,173.4,174.8,173.0,173.8,209
2021-02-25 16:00:00,173.0,173.8,173.0,173.6,135
2021-02-26 08:00:00,174.6,174.6,172.2,172.2,66
2021-02-26 12:00:00,172.2,174.2,171.0,173.0,622
2021-02-26 16:00:00,173.2,174.0,170.0,174.0,401
2021-03-01 08:00:00,174.8,175.0,173.0,173.8,13
2021-03-01 12:00:00,173.0,174.0,173.0,174.0,25
2021-03-01 16:00:00,174.0,174.0,168.0,173.4,295
2021-03-02 08:00:00,173.6,174.0,170.8,173.0,57
2021-03-02 12:00:00,173.0,173.0,172.0,172.6,25
2021-03-02 16:00:00,172.6,172.6,172.0,172.6,20
2021-03-03 08:00:00,173.6,180.0,171.0,172.0,325
2021-03-03 12:00:00,171.2,175.0,170.2,172.0,1068
2021-03-03 16:00:00,172.0,177.8,171.2,173.2,1789
2021-03-04 08:00:00,174.4,174.8,171.0,174.6,354
2021-03-04 12:00:00,173.8,174.8,172.4,174.2,407
2021-03-04 16:00:00,174.6,174.6,173.4,174.4,44
2021-03-05 08:00:00,178.4,178.4,172.2,174.4,337
2021-03-05 12:00:00,174.2,176.0,172.2,176.0,437
2021-03-05 16:00:00,176.0,176.8,172.0,175.0,1299
2021-03-09 08:00:00,177.6,177.6,170.6,174.4,119
2021-03-09 12:00:00,174.0,176.0,173.6,175.0,15245
2021-03-09 16:00:00,174.0,176.0,173.6,176.0,37
2021-03-10 08:00:00,176.0,176.0,174.0,176.0,97
2021-03-10 12:00:00,174.0,175.8,174.0,175.8,403
2021-03-10 16:00:00,175.8,176.6,174.0,175.4,553
2021-03-11 08:00:00,176.4,176.6,174.0,174.0,362
2021-03-11 12:00:00,174.0,176.4,172.0,174.0,440
2021-03-11 16:00:00,174.4,175.0,172.0,174.4,1222
2021-03-12 08:00:00,174.4,174.4,168.8,171.6,529
2021-03-12 12:00:00,170.8,173.6,170.6,173.2,178
2021-03-12 16:00:00,172.0,173.2,170.6,173.0,104
2021-03-15 08:00:00,174.0,174.8,170.8,174.8,314
2021-03-15 12:00:00,174.6,174.6,172.4,173.8,240
2021-03-15 16:00:00,173.8,174.0,171.4,173.0,153
2021-03-16 08:00:00,174.4,174.6,170.8,172.4,69
2021-03-16 12:00:00,172.2,172.4,171.0,172.2,128
2021-03-16 16:00:00,171.2,172.6,170.6,172.6,217
2021-03-17 08:00:00,172.0,174.6,170.6,173.0,205
2021-03-17 12:00:00,171.8,173.0,171.2,172.8,19
2021-03-17 16:00:00,171.2,172.4,170.0,172.4,263
2021-03-18 08:00:00,173.4,173.4,170.4,173.2,216
2021-03-18 12:00:00,171.4,180.0,171.4,177.0,3763
2021-03-18 16:00:00,177.0,182.0,177.0,178.2,980
2021-03-19 08:00:00,180.0,180.0,175.2,177.8,212
2021-03-19 12:00:00,179.2,182.8,177.8,180.8,2872
2021-03-19 16:00:00,181.0,181.0,180.2,181.0,748
2021-03-22 08:00:00,182.8,186.0,180.0,180.0,867
2021-03-22 12:00:00,182.4,188.6,180.0,183.2,806
2021-03-22 16:00:00,184.2,184.2,181.0,181.2,612
2021-03-23 08:00:00,176.2,187.0,176.2,182.8,1336
2021-03-23 12:00:00,185.0,187.0,182.8,187.0,665
2021-03-23 16:00:00,186.8,186.8,182.2,184.4,249
2021-03-24 08:00:00,180.8,186.8,180.8,183.0,558
2021-03-24 12:00:00,183.6,190.0,183.6,186.0,749
2021-03-24 16:00:00,186.8,190.8,186.2,186.2,631
2021-03-25 08:00:00,191.8,197.0,185.4,195.0,1067
2021-03-25 12:00:00,195.0,198.0,192.2,197.0,1918
2021-03-25 16:00:00,196.8,206.8,195.0,202.0,1281
2021-03-26 08:00:00,209.2,211.8,200.0,210.2,2654
2021-03-26 12:00:00,210.4,212.0,202.2,206.0,6554
2021-03-26 16:00:00,206.4,206.4,190.0,194.4,1663
2021-03-29 08:00:00,199.0,208.4,193.2,199.2,695
2021-03-29 12:00:00,199.4,199.4,194.2,196.4,1814
2021-03-29 16:00:00,196.4,197.6,196.0,197.4,1876
2021-03-30 08:00:00,202.8,203.0,195.0,197.0,1062
2021-03-30 12:00:00,195.0,197.4,195.0,196.8,2421
2021-03-30 16:00:00,196.8,196.8,194.8,195.2,1078
2021-03-31 08:00:00,203.8,203.8,192.2,194.0,780
2021-03-31 12:00:00,194.0,194.0,189.6,190.8,3339
2021-03-31 16:00:00,190.8,190.8,187.2,190.2,1154
2021-04-01 08:00:00,194.0,197.4,190.4,193.8,4768
2021-04-01 12:00:00,195.0,199.0,193.2,196.8,1202
2021-04-01 16:00:00,196.8,197.6,195.0,195.0,1107
2021-04-02 08:00:00,197.2,202.8,196.0,199.6,1164
2021-04-02 12:00:00,199.6,203.8,193.2,200.0,5766
2021-04-02 16:00:00,201.0,203.0,200.0,200.4,641
2021-04-05 08:00:00,204.8,205.0,201.2,202.6,848
2021-04-05 12:00:00,202.6,205.0,202.6,203.8,875
2021-04-05 16:00:00,203.8,203.8,202.6,202.6,460
2021-04-06 08:00:00,204.4,216.0,204.0,215.0,3402
2021-04-06 12:00:00,215.0,215.0,205.0,206.4,3112
2021-04-06 16:00:00,205.4,208.0,205.0,206.8,480
2021-04-07 08:00:00,206.6,208.8,205.2,207.8,668
2021-04-07 12:00:00,208.0,212.2,206.2,211.0,1773
2021-04-07 16:00:00,211.0,211.6,208.0,211.0,819
2021-04-08 04:00:00,211.6,211.6,211.6,211.6,1
2021-04-08 08:00:00,211.6,215.0,207.6,210.0,2244
2021-04-08 12:00:00,209.8,211.2,208.0,211.2,1079
2021-04-08 16:00:00,211.0,211.6,208.0,211.2,452
2021-04-09 08:00:00,213.8,215.0,208.8,214.8,3087
2021-04-09 12:00:00,215.0,215.0,212.0,213.6,1778
2021-04-09 16:00:00,212.8,214.4,212.0,212.2,1156
2021-04-12 04:00:00,212.0,212.0,212.0,212.0,2
2021-04-12 08:00:00,210.2,215.0,207.8,213.6,2341
2021-04-12 12:00:00,213.6,214.0,208.8,208.8,1251
2021-04-12 16:00:00,208.8,210.2,208.2,209.4,558
2021-04-13 08:00:00,209.8,211.6,206.0,206.6,2124
2021-04-13 12:00:00,206.6,209.2,205.2,206.6,855
2021-04-13 16:00:00,205.4,207.2,205.0,205.0,1023
2021-04-14 08:00:00,205.4,211.0,205.4,206.8,1141
2021-04-14 12:00:00,206.6,209.6,206.2,209.2,1463
2021-04-14 16:00:00,207.0,209.2,206.4,206.6,95
2021-04-15 08:00:00,206.6,209.0,205.8,206.0,1065
2021-04-15 12:00:00,207.4,207.4,205.8,207.0,136
2021-04-15 16:00:00,206.6,207.2,206.0,207.0,39
2021-04-16 08:00:00,207.2,211.0,206.2,206.2,1119
2021-04-16 12:00:00,207.8,207.8,205.2,205.2,838
2021-04-16 16:00:00,206.4,206.4,205.0,206.0,1106
2021-04-19 04:00:00,205.2,205.2,205.2,205.2,1
2021-04-19 08:00:00,206.2,210.0,190.0,210.0,7989
2021-04-19 12:00:00,210.0,215.0,205.2,214.8,18328
2021-04-19 16:00:00,214.8,215.0,212.2,212.2,570
2021-04-20 08:00:00,215.0,215.0,207.2,210.6,1638
2021-04-20 12:00:00,209.0,214.6,207.0,208.0,1348
2021-04-20 16:00:00,208.0,210.2,207.0,207.2,710
2021-04-21 08:00:00,210.6,210.6,202.4,205.8,1417
2021-04-21 12:00:00,207.4,207.8,201.6,203.8,1606
2021-04-21 16:00:00,203.8,204.2,200.2,204.2,650
2021-04-22 08:00:00,203.0,207.8,203.0,206.0,801
2021-04-22 12:00:00,207.2,207.8,203.6,204.2,637
2021-04-22 16:00:00,205.4,206.2,204.0,206.2,302
2021-04-23 08:00:00,210.6,210.6,204.6,205.0,2581
2021-04-23 12:00:00,205.0,207.8,202.2,204.8,1657
2021-04-23 16:00:00,205.0,206.0,201.4,204.2,622
2021-04-26 08:00:00,204.2,206.6,202.8,205.8,1339
2021-04-26 12:00:00,204.4,206.6,204.4,205.8,998
2021-04-26 16:00:00,205.8,206.6,204.4,204.8,274
2021-04-27 08:00:00,207.6,208.4,200.0,202.8,2367
2021-04-27 12:00:00,202.8,204.6,200.0,202.6,992
2021-04-27 16:00:00,202.6,202.6,200.6,200.6,269
2021-04-28 08:00:00,200.2,209.0,200.2,206.0,4042
2021-04-28 12:00:00,205.4,207.0,205.0,205.4,1330
2021-04-28 16:00:00,206.2,207.4,205.4,207.2,169
2021-04-29 08:00:00,207.2,209.6,207.2,209.6,930
2021-04-29 12:00:00,208.0,212.0,207.2,211.6,2505
2021-04-29 16:00:00,211.6,212.4,208.8,209.8,490
2021-04-30 08:00:00,211.6,267.8,211.6,237.0,28760
2021-04-30 12:00:00,236.8,270.0,225.0,231.0,43135
2021-04-30 16:00:00,230.8,247.0,227.0,238.8,5640
2021-05-04 08:00:00,238.0,238.0,213.0,220.2,18184
2021-05-04 12:00:00,222.4,225.0,217.4,221.2,3258
2021-05-04 16:00:00,222.0,224.0,219.2,221.6,1405
2021-05-05 08:00:00,223.0,225.2,217.6,220.2,5088
2021-05-05 12:00:00,220.2,221.8,220.2,221.2,2290
2021-05-05 16:00:00,220.8,221.6,220.0,220.0,1082
2021-05-06 08:00:00,222.0,226.0,219.6,223.0,3032
2021-05-06 12:00:00,223.0,224.4,220.4,223.8,1651
2021-05-06 16:00:00,223.8,231.4,222.6,226.0,1831
2021-05-07 08:00:00,228.8,228.8,221.2,223.2,2848
2021-05-07 12:00:00,223.4,229.2,223.2,226.0,1608
2021-05-07 16:00:00,228.8,229.8,226.0,228.0,721
2021-05-10 08:00:00,219.8,225.2,218.4,223.6,1540
2021-05-10 12:00:00,223.6,225.2,223.2,225.0,730
2021-05-10 16:00:00,224.6,226.0,223.2,225.8,277
2021-05-11 08:00:00,223.2,225.6,220.0,223.6,1510
2021-05-11 12:00:00,224.8,225.0,220.0,225.0,1334
2021-05-11 16:00:00,224.6,225.4,223.8,224.2,169
2021-05-12 08:00:00,221.8,225.4,220.8,223.0,344
2021-05-12 12:00:00,222.2,223.8,221.4,221.6,402
2021-05-12 16:00:00,222.0,222.2,220.8,221.0,272
2021-05-13 08:00:00,220.4,223.6,211.2,215.0,915
2021-05-13 12:00:00,212.2,214.6,211.4,214.2,848
2021-05-13 16:00:00,214.8,215.0,213.2,213.6,311
2021-05-14 08:00:00,218.2,218.2,213.8,216.4,418
2021-05-14 12:00:00,217.8,218.0,215.4,217.8,93
2021-05-14 16:00:00,217.8,218.0,214.8,215.6,118
2021-05-17 08:00:00,217.2,220.0,214.0,215.6,189
2021-05-17 12:00:00,215.8,216.8,213.4,214.6,283
2021-05-17 16:00:00,214.6,214.6,213.0,213.6,165
2021-05-18 08:00:00,212.2,217.6,212.0,217.4,278
2021-05-18 12:00:00,217.2,217.4,214.2,216.8,486
2021-05-18 16:00:00,217.0,217.0,214.8,216.4,24
2021-05-19 08:00:00,216.6,229.0,216.6,219.2,328
2021-05-19 12:00:00,219.0,222.2,219.0,220.0,320
2021-05-19 16:00:00,219.0,219.0,207.0,214.0,984
2021-05-20 08:00:00,213.2,217.4,211.4,213.4,136
2021-05-20 12:00:00,212.2,215.2,212.0,213.4,138
2021-05-20 16:00:00,214.6,215.8,212.2,215.4,141
2021-05-21 08:00:00,214.0,217.8,212.4,215.4,117
2021-05-21 12:00:00,214.2,215.6,212.0,214.0,245
2021-05-21 16:00:00,214.0,214.0,212.2,213.6,97
2021-05-24 08:00:00,211.4,213.2,211.0,212.6,63
2021-05-24 12:00:00,212.6,212.6,210.2,212.0,166
2021-05-24 16:00:00,211.8,212.0,211.6,212.0,51
2021-05-25 08:00:00,211.8,218.4,211.6,215.2,457
2021-05-25 12:00:00,215.6,216.6,212.4,213.6,674
2021-05-25 16:00:00,213.6,216.2,211.8,216.0,511
2021-05-26 08:00:00,216.0,218.8,212.8,217.2,508
2021-05-26 12:00:00,216.2,217.0,214.4,215.0,72
2021-05-26 16:00:00,214.8,216.6,214.8,215.0,210
2021-05-27 08:00:00,216.0,216.0,210.8,213.0,435
2021-05-27 12:00:00,213.0,215.0,212.0,214.6,708
2021-05-27 16:00:00,214.2,214.6,213.6,214.4,49
2021-05-28 08:00:00,215.6,215.6,214.0,215.4,115
2021-05-28 12:00:00,215.6,216.4,214.2,214.8,255
2021-05-28 16:00:00,214.8,214.8,214.4,214.8,72
2021-05-31 08:00:00,215.0,216.8,214.6,216.8,87
2021-05-31 12:00:00,216.8,222.2,215.6,217.8,1399
2021-05-31 16:00:00,218.0,218.0,216.0,216.2,202
2021-06-01 08:00:00,216.4,218.2,213.0,217.0,148
2021-06-01 12:00:00,217.2,220.0,216.6,220.0,455
2021-06-01 16:00:00,220.0,220.6,218.2,220.0,69
2021-06-02 08:00:00,220.0,220.2,217.6,220.0,70
2021-06-02 12:00:00,220.0,220.0,218.0,218.0,142
2021-06-02 16:00:00,218.0,218.0,217.8,218.0,38
2021-06-03 08:00:00,220.0,228.2,217.6,223.4,1117
2021-06-03 12:00:00,224.0,229.0,223.2,226.2,862
2021-06-03 16:00:00,226.0,227.0,224.6,226.6,1059
2021-06-04 08:00:00,228.8,228.8,224.0,225.0,951
2021-06-04 12:00:00,226.2,235.0,225.0,229.8,893
2021-06-04 16:00:00,229.8,230.0,227.6,230.0,664
2021-06-07 08:00:00,230.2,234.0,230.0,233.6,279
2021-06-07 12:00:00,233.8,234.8,231.2,233.6,191
2021-06-07 16:00:00,233.6,235.0,231.2,232.0,1308
2021-06-08 08:00:00,235.2,235.2,226.0,232.0,105
2021-06-08 12:00:00,229.8,232.0,229.8,231.4,151
2021-06-08 16:00:00,232.0,235.0,232.0,234.0,261
2021-06-09 08:00:00,234.8,235.0,228.6,232.0,179
2021-06-09 12:00:00,232.0,232.4,226.4,232.4,296
2021-06-09 16:00:00,231.4,234.2,231.4,232.0,115
2021-06-10 08:00:00,230.2,232.2,226.2,229.4,156
2021-06-10 12:00:00,229.6,230.4,229.6,230.0,230
2021-06-10 16:00:00,230.4,230.6,227.6,230.6,279
2021-06-11 08:00:00,232.0,232.0,227.6,228.0,120
2021-06-11 12:00:00,228.0,229.6,228.0,229.0,67
2021-06-11 16:00:00,229.0,229.2,227.6,229.2,143
2021-06-14 08:00:00,230.2,239.0,230.2,235.0,591
2021-06-14 12:00:00,235.0,237.8,233.0,233.8,150
2021-06-14 16:00:00,233.2,236.4,233.2,234.0,296
2021-06-15 08:00:00,237.2,258.6,236.8,250.8,4212
2021-06-15 12:00:00,250.6,265.0,248.2,258.2,12167
2021-06-15 16:00:00,258.2,262.0,256.8,260.8,1660
2021-06-16 08:00:00,265.0,285.0,261.0,268.0,5304
2021-06-16 12:00:00,267.8,269.0,248.0,254.0,3991
2021-06-16 16:00:00,254.6,262.8,254.0,261.0,965
2021-06-17 08:00:00,268.6,281.0,262.4,275.8,3075
2021-06-17 12:00:00,273.6,277.8,269.8,271.8,1100
2021-06-17 16:00:00,272.0,280.0,272.0,280.0,917
2021-06-18 08:00:00,280.0,334.0,268.4,307.2,7652
2021-06-18 12:00:00,307.8,312.8,295.0,302.8,3058
2021-06-18 16:00:00,302.0,304.0,295.2,299.0,1253
2021-06-21 08:00:00,300.2,319.0,299.0,309.0,2048
2021-06-21 12:00:00,309.0,315.8,308.2,311.8,1298
2021-06-21 16:00:00,311.8,316.8,308.6,315.2,791
2021-06-22 08:00:00,320.0,330.4,308.2,315.0,2805
2021-06-22 12:00:00,314.6,314.6,300.0,308.6,2641
2021-06-22 16:00:00,308.6,310.0,302.0,308.4,1940
2021-06-23 08:00:00,308.6,308.6,287.2,287.2,1612
2021-06-23 12:00:00,287.2,305.4,285.4,297.2,2456
2021-06-23 16:00:00,297.2,297.6,289.0,289.0,405
2021-06-24 08:00:00,288.8,300.0,271.6,295.6,969
2021-06-24 12:00:00,295.6,296.0,291.0,291.0,337
2021-06-24 16:00:00,291.4,291.4,283.6,286.0,469
2021-06-25 08:00:00,285.8,290.0,282.6,283.0,1217
2021-06-25 12:00:00,282.0,282.0,261.0,267.0,3963
2021-06-25 16:00:00,268.8,280.0,266.0,276.0,725
2021-06-28 08:00:00,279.6,280.8,261.6,266.2,1097
2021-06-28 12:00:00,266.0,266.2,262.4,264.8,596
2021-06-28 16:00:00,265.0,272.4,263.4,263.4,903
2021-06-29 08:00:00,263.6,298.0,263.6,276.2,3296
2021-06-29 12:00:00,276.2,282.4,268.0,276.0,2132
2021-06-29 16:00:00,272.6,276.2,270.6,271.8,801
2021-06-30 08:00:00,275.0,280.0,270.6,272.8,645
2021-06-30 12:00:00,273.2,273.2,266.0,270.6,355
2021-06-30 16:00:00,270.4,273.4,270.0,272.8,175
2021-07-01 08:00:00,276.8,280.0,272.6,274.4,534
2021-07-01 12:00:00,274.4,279.6,273.4,278.4,702
2021-07-01 16:00:00,278.4,280.0,277.8,277.8,374
2021-07-02 08:00:00,280.0,288.4,273.4,276.0,570
2021-07-02 12:00:00,276.0,282.2,275.0,277.8,1421
2021-07-02 16:00:00,278.0,279.8,277.4,279.2,368
2021-07-05 08:00:00,279.0,291.2,277.0,289.0,731
2021-07-05 12:00:00,287.0,287.0,278.0,280.8,645
2021-07-05 16:00:00,280.4,280.4,277.0,277.6,487
2021-07-06 08:00:00,278.0,281.8,275.0,277.8,697
2021-07-06 12:00:00,276.2,277.8,275.6,276.8,239
2021-07-06 16:00:00,276.8,278.2,275.6,275.6,355
2021-07-07 08:00:00,278.4,279.4,276.0,276.2,213
2021-07-07 12:00:00,276.6,282.0,270.0,273.0,3661
2021-07-07 16:00:00,273.2,275.6,270.4,271.0,728
2021-07-08 08:00:00,270.2,275.0,261.4,271.8,1120
2021-07-08 12:00:00,271.8,271.8,256.0,264.8,2489
2021-07-08 16:00:00,264.4,266.0,261.8,264.6,624
2021-07-09 08:00:00,266.4,268.0,262.6,267.0,188
2021-07-09 12:00:00,267.2,268.8,265.4,266.0,639
2021-07-09 16:00:00,266.0,269.6,265.4,268.8,708
2021-07-12 08:00:00,263.2,268.8,263.2,265.0,57
2021-07-12 12:00:00,265.4,267.8,264.6,267.0,630
2021-07-12 16:00:00,267.4,268.6,264.6,267.8,426
2021-07-13 08:00:00,269.8,275.8,266.0,268.0,348
2021-07-13 12:00:00,267.2,271.8,267.2,268.4,699
2021-07-13 16:00:00,269.2,270.4,267.2,270.4,104
2021-07-14 08:00:00,270.4,272.0,269.4,270.8,421
2021-07-14 12:00:00,271.8,271.8,267.8,269.8,173
2021-07-14 16:00:00,268.4,270.0,267.4,269.0,343
2021-07-15 08:00:00,267.4,268.6,265.8,266.6,373
2021-07-15 12:00:00,266.6,266.6,263.2,265.0,108
2021-07-15 16:00:00,264.6,265.0,262.6,263.0,392
2021-07-16 08:00:00,266.4,266.4,258.8,260.0,333
2021-07-16 12:00:00,259.8,261.6,255.0,258.4,1121
2021-07-16 16:00:00,260.0,261.2,256.4,256.4,273
2021-07-19 08:00:00,257.0,267.8,257.0,261.0,403
2021-07-19 12:00:00,261.0,261.0,252.4,252.4,656
2021-07-19 16:00:00,252.4,263.0,250.0,254.0,1431
2021-07-20 08:00:00,263.6,269.0,254.6,267.0,438
2021-07-20 12:00:00,265.0,278.6,263.0,265.0,1403
2021-07-20 16:00:00,265.0,269.0,265.0,268.8,277
2021-07-21 08:00:00,262.0,272.0,262.0,269.0,217
2021-07-21 12:00:00,268.2,268.2,263.0,266.0,404
2021-07-21 16:00:00,264.0,266.4,264.0,266.2,72
2021-07-22 08:00:00,263.0,285.0,263.0,274.0,1340
2021-07-22 12:00:00,274.0,276.2,266.8,274.2,534
2021-07-22 16:00:00,275.2,275.6,272.8,274.6,124
2021-07-23 08:00:00,276.0,279.8,270.6,274.2,525
2021-07-23 12:00:00,274.2,274.2,270.0,270.0,685
2021-07-23 16:00:00,272.6,273.6,270.0,272.0,143
2021-07-26 08:00:00,263.0,274.0,262.8,268.2,484
2021-07-26 12:00:00,268.2,271.8,268.2,271.0,315
2021-07-26 16:00:00,270.2,274.0,269.6,273.0,403
2021-07-27 08:00:00,276.6,284.0,272.0,274.6,1864
2021-07-27 12:00:00,274.6,274.6,272.8,274.0,358
2021-07-27 16:00:00,273.8,273.8,271.0,273.4,721
2021-07-28 08:00:00,279.0,296.8,277.0,291.0,6350
2021-07-28 12:00:00,291.0,296.4,283.4,296.4,3316
2021-07-28 16:00:00,296.0,296.4,286.6,286.8,1501
2021-07-29 08:00:00,291.4,298.2,287.0,291.6,1152
2021-07-29 12:00:00,290.0,295.8,286.0,288.2,1051
2021-07-29 16:00:00,290.0,290.0,285.2,285.2,417
2021-07-30 08:00:00,288.6,288.6,283.6,284.0,315
2021-07-30 12:00:00,284.4,288.6,278.8,286.2,734
2021-07-30 16:00:00,286.4,288.6,285.0,285.0,442
2021-08-02 08:00:00,287.0,290.6,282.4,283.0,114
2021-08-02 12:00:00,284.0,288.6,282.6,283.0,290
2021-08-02 16:00:00,283.0,284.6,282.2,284.6,195
2021-08-03 08:00:00,281.0,284.6,277.2,282.2,364
2021-08-03 12:00:00,280.0,284.2,279.0,282.4,225
2021-08-03 16:00:00,281.0,285.0,278.8,282.6,190
2021-08-04 08:00:00,279.2,283.2,279.0,281.6,110
2021-08-04 12:00:00,281.2,284.6,280.0,282.0,743
2021-08-04 16:00:00,281.4,282.2,269.0,276.8,2560
2021-08-05 08:00:00,288.2,298.8,280.0,288.6,1581
2021-08-05 12:00:00,286.8,292.8,282.6,291.6,668
2021-08-05 16:00:00,291.4,291.6,284.0,287.8,376
2021-08-06 08:00:00,292.8,294.8,284.0,284.6,390
2021-08-06 12:00:00,286.0,287.6,284.4,286.6,524
2021-08-06 16:00:00,286.0,287.0,285.0,285.0,462
2021-08-09 08:00:00,286.6,286.6,280.0,282.2,443
2021-08-09 12:00:00,282.2,282.2,276.0,279.6,829
2021-08-09 16:00:00,279.4,280.6,278.0,280.4,234
2021-08-10 08:00:00,280.6,285.0,280.6,283.0,388
2021-08-10 12:00:00,283.4,285.8,281.4,282.4,377
2021-08-10 16:00:00,283.2,284.2,282.8,282.8,147
2021-08-11 08:00:00,280.2,284.2,280.0,284.2,295
2021-08-11 12:00:00,284.2,284.2,280.0,282.8,373
2021-08-11 16:00:00,282.8,283.0,280.0,280.8,329
2021-08-12 08:00:00,280.2,282.8,280.2,280.6,332
2021-08-12 12:00:00,280.6,281.0,280.4,280.4,227
2021-08-12 16:00:00,281.4,281.4,280.6,281.0,135
2021-08-13 08:00:00,281.0,282.8,280.0,280.0,361
2021-08-13 12:00:00,280.0,282.6,278.2,279.2,434
2021-08-13 16:00:00,279.4,281.0,279.4,279.4,79
2021-08-16 08:00:00,284.0,284.0,278.0,279.8,291
2021-08-16 12:00:00,279.8,279.8,277.8,278.0,233
2021-08-16 16:00:00,278.0,278.0,277.0,277.2,119
2021-08-17 08:00:00,275.2,278.8,275.2,277.0,194
2021-08-17 12:00:00,277.4,278.2,275.2,277.4,269
2021-08-17 16:00:00,275.4,278.0,275.2,277.4,124
2021-08-18 08:00:00,278.0,278.0,276.0,276.6,154
2021-08-18 12:00:00,277.6,278.0,276.0,276.2,318
2021-08-18 16:00:00,276.2,276.2,275.8,275.8,141
2021-08-19 08:00:00,277.0,277.0,272.0,273.0,664
2021-08-19 12:00:00,272.0,273.0,270.6,272.8,221
2021-08-19 16:00:00,272.8,272.8,271.0,271.6,143
2021-08-20 08:00:00,271.6,273.0,267.2,269.8,201
2021-08-20 12:00:00,272.0,278.0,270.0,273.2,118
2021-08-20 16:00:00,273.4,275.0,273.4,273.4,26
2021-08-23 08:00:00,275.0,280.2,273.6,279.8,1612
2021-08-23 12:00:00,279.8,282.0,279.8,280.6,829
2021-08-23 16:00:00,280.6,280.6,278.0,279.6,188
2021-08-24 08:00:00,278.6,291.0,276.8,281.2,441
2021-08-24 12:00:00,283.4,283.4,279.4,279.4,780
2021-08-24 16:00:00,279.4,281.0,279.4,279.6,40
2021-08-25 08:00:00,277.4,283.0,277.2,279.4,575
2021-08-25 12:00:00,277.8,282.0,277.8,280.0,143
2021-08-25 16:00:00,280.4,280.4,277.6,280.0,355
2021-08-26 08:00:00,279.0,282.0,279.0,279.4,131
2021-08-26 12:00:00,279.4,279.6,276.8,277.4,589
2021-08-26 16:00:00,276.8,277.8,273.6,275.4,409
2021-08-27 08:00:00,276.8,278.4,275.0,275.0,178
2021-08-27 12:00:00,276.8,280.0,274.2,274.2,626
2021-08-27 16:00:00,274.2,276.2,273.2,275.0,241
2021-08-30 08:00:00,275.6,285.2,275.6,280.0,1426
2021-08-30 12:00:00,280.0,281.4,278.2,278.4,594
2021-08-30 16:00:00,279.0,280.6,278.0,278.8,1190
2021-08-31 08:00:00,281.8,289.0,280.8,287.4,1269
2021-08-31 12:00:00,288.8,296.4,287.0,294.2,2113
2021-08-31 16:00:00,294.2,296.6,292.4,296.6,1151
2021-09-01 08:00:00,297.0,300.0,286.2,299.8,1193
2021-09-01 12:00:00,299.8,357.6,292.4,330.6,13443
2021-09-01 16:00:00,331.0,349.4,312.8,331.0,7015
2021-09-02 08:00:00,346.0,384.0,332.0,343.2,9877
2021-09-02 12:00:00,341.0,346.2,326.0,341.2,2440
2021-09-02 16:00:00,341.6,363.6,340.0,354.2,6452
2021-09-03 08:00:00,360.0,378.8,336.8,360.0,2998
2021-09-03 12:00:00,360.0,378.8,360.0,376.8,5816
2021-09-03 16:00:00,376.0,390.0,373.8,386.8,4722
2021-09-06 08:00:00,402.8,428.0,395.2,421.8,8557
2021-09-06 12:00:00,421.8,424.0,410.0,416.0,5220
2021-09-06 16:00:00,416.0,419.8,409.0,413.0,1792
2021-09-07 08:00:00,430.0,430.0,385.6,409.6,9104
2021-09-07 12:00:00,409.6,423.0,400.2,414.0,7318
2021-09-07 16:00:00,414.0,414.8,401.0,402.6,2008
2021-09-08 08:00:00,407.2,424.0,400.0,404.4,2964
2021-09-08 12:00:00,405.4,405.4,380.6,384.8,2915
2021-09-08 16:00:00,386.4,386.4,375.0,380.2,3032
2021-09-09 08:00:00,380.0,380.0,352.6,362.0,3114
2021-09-09 12:00:00,363.4,375.4,361.0,372.2,1930
2021-09-09 16:00:00,374.0,374.6,363.2,374.0,1315
2021-09-10 08:00:00,384.0,410.0,375.0,386.6,3270
2021-09-10 12:00:00,387.4,404.0,387.4,399.0,1275
2021-09-10 16:00:00,399.6,408.6,396.6,404.6,1705
2021-09-13 08:00:00,404.4,404.8,372.2,396.8,1357
2021-09-13 12:00:00,396.8,398.4,390.4,390.8,774
2021-09-13 16:00:00,392.6,392.8,387.2,391.2,754
2021-09-14 08:00:00,391.4,400.0,381.2,383.0,516
2021-09-14 12:00:00,384.0,392.6,384.0,385.6,668
2021-09-14 16:00:00,385.6,387.8,384.0,385.0,343
2021-09-15 08:00:00,380.6,392.6,375.4,382.4,1579
2021-09-15 12:00:00,382.6,386.6,381.0,383.0,1266
2021-09-15 16:00:00,382.0,384.0,379.6,381.2,732
2021-09-16 08:00:00,381.0,386.2,373.0,376.8,857
2021-09-16 12:00:00,377.0,381.0,374.2,381.0,305
2021-09-16 16:00:00,381.0,383.4,373.0,373.0,561
2021-09-17 08:00:00,378.0,389.8,371.4,384.2,1705
2021-09-17 12:00:00,384.2,399.6,383.0,386.6,3629
2021-09-17 16:00:00,386.6,386.6,380.2,382.0,389
2021-09-20 08:00:00,382.2,387.0,371.0,383.0,1022
2021-09-20 12:00:00,383.0,383.0,364.0,368.0,1475
2021-09-20 16:00:00,365.2,370.0,364.4,365.0,589
2021-09-21 08:00:00,366.2,388.0,363.6,382.0,1499
2021-09-21 12:00:00,382.4,410.0,379.0,400.8,10139
2021-09-21 16:00:00,400.8,408.2,395.0,408.2,3929
2021-09-22 08:00:00,409.6,441.2,395.6,419.8,6248
2021-09-22 12:00:00,419.8,427.8,412.0,425.6,2437
2021-09-22 16:00:00,425.2,426.4,412.0,413.2,2931
2021-09-23 08:00:00,411.0,435.0,400.2,428.0,1998
2021-09-23 12:00:00,428.0,430.0,410.0,427.0,2537
2021-09-23 16:00:00,427.2,434.2,426.2,428.0,2446
2021-09-24 08:00:00,420.6,432.8,402.2,414.8,1317
2021-09-24 12:00:00,414.6,430.0,412.8,412.8,2878
2021-09-24 16:00:00,412.8,417.4,408.0,414.2,2373
2021-09-27 08:00:00,420.8,429.4,416.0,419.6,3260
2021-09-27 12:00:00,420.0,423.4,386.0,411.4,3423
2021-09-27 16:00:00,411.6,412.0,408.0,409.8,886
2021-09-28 08:00:00,417.8,417.8,405.0,412.2,992
2021-09-28 12:00:00,413.2,417.0,406.8,413.0,1416
2021-09-28 16:00:00,411.4,419.0,392.6,396.0,4610
2021-09-29 08:00:00,396.2,408.4,396.2,400.0,1354
2021-09-29 12:00:00,399.2,403.6,399.2,401.0,1514
2021-09-29 16:00:00,401.4,401.8,399.0,399.2,797
2021-09-30 08:00:00,400.8,405.0,392.4,398.2,778
2021-09-30 12:00:00,397.8,399.0,388.4,392.0,1659
2021-09-30 16:00:00,392.0,398.4,388.0,397.2,211
2021-10-01 08:00:00,387.6,399.8,371.2,397.6,847
2021-10-01 12:00:00,397.8,400.0,392.0,393.4,741
2021-10-01 16:00:00,392.6,395.0,391.2,393.8,563
2021-10-04 08:00:00,394.2,408.0,394.2,399.0,1636
2021-10-04 12:00:00,400.0,401.6,396.0,399.4,742
2021-10-04 16:00:00,399.4,402.0,397.8,399.8,464
2021-10-05 08:00:00,405.0,405.0,387.0,389.6,1530
2021-10-05 12:00:00,390.0,392.0,387.0,388.4,1193
2021-10-05 16:00:00,387.6,393.8,380.0,389.0,1987
2021-10-06 08:00:00,384.6,424.2,381.0,407.6,8361
2021-10-06 12:00:00,409.0,417.2,405.4,409.4,5374
2021-10-06 16:00:00,409.0,410.0,399.8,400.0,3569
2021-10-07 08:00:00,407.8,421.0,401.0,404.8,2539
2021-10-07 12:00:00,404.4,410.0,401.2,404.8,4351
2021-10-07 16:00:00,404.8,409.0,400.2,404.0,540
2021-10-08 08:00:00,409.8,410.0,400.0,407.8,2408
2021-10-08 12:00:00,407.4,410.0,404.6,409.0,5850
2021-10-08 16:00:00,409.0,409.4,405.4,407.0,626
2021-10-11 08:00:00,408.8,420.0,400.2,405.4,2721
2021-10-11 12:00:00,405.4,408.2,396.4,400.0,4131
2021-10-11 16:00:00,400.2,403.6,400.0,401.2,801
2021-10-12 08:00:00,404.6,407.6,400.2,405.0,1946
2021-10-12 12:00:00,405.4,405.4,403.4,404.8,897
2021-10-12 16:00:00,404.0,409.0,403.8,409.0,1289
2021-10-13 08:00:00,411.4,415.0,402.4,404.0,591
2021-10-13 12:00:00,404.0,404.4,390.4,398.2,2269
2021-10-13 16:00:00,398.0,400.0,396.0,398.6,832
2021-10-14 08:00:00,402.4,402.4,395.8,398.0,1484
2021-10-14 12:00:00,397.0,399.6,395.0,398.2,1758
2021-10-14 16:00:00,398.2,398.2,395.2,396.4,1525
2021-10-15 08:00:00,396.0,396.8,385.0,392.2,2718
2021-10-15 12:00:00,390.0,390.0,376.0,389.6,3374
2021-10-15 16:00:00,389.6,390.0,373.0,377.6,2632
2021-10-18 08:00:00,384.0,404.0,380.2,395.6,2730
2021-10-18 12:00:00,395.0,400.0,390.2,396.4,1322
2021-10-18 16:00:00,396.4,400.0,390.4,398.6,939
2021-10-19 08:00:00,404.0,418.0,402.2,402.4,3011
2021-10-19 12:00:00,402.2,404.6,402.0,402.0,1205
2021-10-19 16:00:00,402.2,402.2,400.8,400.8,350
2021-10-20 08:00:00,404.6,404.6,391.2,396.8,949
2021-10-20 12:00:00,395.8,400.0,386.6,394.8,2707
2021-10-20 16:00:00,394.0,397.4,392.0,397.0,586
2021-10-21 08:00:00,397.0,397.4,390.0,395.2,1439
2021-10-21 12:00:00,393.2,395.0,391.0,393.8,969
2021-10-21 16:00:00,394.0,402.0,392.0,400.4,3735
2021-10-22 08:00:00,410.0,414.6,401.8,408.6,2821
2021-10-22 12:00:00,408.4,408.6,403.2,405.8,10145
2021-10-22 16:00:00,405.8,408.6,400.0,400.0,2943
2021-10-25 08:00:00,402.4,414.0,402.2,407.6,1914
2021-10-25 12:00:00,407.6,409.4,407.4,408.2,2788
2021-10-25 16:00:00,408.2,409.4,405.6,406.0,1932
2021-10-26 08:00:00,409.6,410.0,406.0,408.8,1223
2021-10-26 12:00:00,409.2,409.2,406.4,407.8,854
2021-10-26 16:00:00,406.6,410.0,406.6,410.0,1878
2021-10-27 08:00:00,406.4,406.8,401.2,401.6,906
2021-10-27 12:00:00,401.6,413.0,400.6,409.8,1114
2021-10-27 16:00:00,406.0,429.0,404.8,414.0,5690
2021-10-28 08:00:00,414.0,414.6,398.8,398.8,4509
2021-10-28 12:00:00,398.4,408.0,393.0,404.0,5551
2021-10-28 16:00:00,404.0,408.8,403.0,408.4,2287
2021-10-29 08:00:00,406.6,406.6,398.0,400.6,2591
2021-10-29 12:00:00,401.0,403.2,396.8,400.4,1467
2021-10-29 16:00:00,401.6,405.8,397.2,400.0,1779
2021-11-01 08:00:00,400.0,406.4,397.4,401.6,3784
2021-11-01 12:00:00,401.4,401.6,397.2,398.4,1766
2021-11-01 16:00:00,398.4,400.0,397.2,398.6,1069
2021-11-02 08:00:00,399.0,402.0,397.6,397.8,921
2021-11-02 12:00:00,397.8,399.0,393.0,394.4,2485
2021-11-02 16:00:00,395.2,395.2,391.0,391.2,1102
2021-11-03 08:00:00,391.2,396.6,389.6,392.4,522
2021-11-03 12:00:00,391.6,396.0,388.0,388.0,1349
2021-11-03 16:00:00,388.0,391.4,380.0,389.0,3021
2021-11-05 08:00:00,387.0,388.0,380.0,380.2,1165
2021-11-05 12:00:00,381.4,388.8,380.8,384.4,794
2021-11-05 16:00:00,384.2,397.0,382.6,395.0,1018
2021-11-08 08:00:00,403.4,403.6,388.8,393.0,1451
2021-11-08 12:00:00,393.4,400.0,392.0,394.6,3588
2021-11-08 16:00:00,394.0,394.6,390.4,391.0,1086
2021-11-09 08:00:00,393.2,398.6,387.4,388.4,860
2021-11-09 12:00:00,388.4,393.4,384.8,389.0,2312
2021-11-09 16:00:00,389.0,391.6,386.6,389.2,578
2021-11-10 08:00:00,389.8,392.0,387.2,389.4,1125
2021-11-10 12:00:00,389.6,391.2,382.0,386.0,1308
2021-11-10 16:00:00,385.6,388.8,383.0,385.8,643
2021-11-11 08:00:00,389.8,389.8,377.2,379.2,1654
2021-11-11 12:00:00,379.2,394.0,378.2,387.0,2599
2021-11-11 16:00:00,387.0,388.0,377.8,384.0,2232
2021-11-12 08:00:00,379.6,389.0,379.2,386.0,580
2021-11-12 12:00:00,386.0,386.6,363.4,372.8,3300
2021-11-12 16:00:00,372.6,377.8,368.2,373.2,1111
2021-11-15 08:00:00,376.0,376.0,368.2,372.4,706
2021-11-15 12:00:00,372.4,380.0,371.0,379.4,2141
2021-11-15 16:00:00,378.8,380.0,374.0,380.0,1279
2021-11-16 08:00:00,373.4,383.4,373.4,375.4,1150
2021-11-16 12:00:00,375.8,380.0,372.0,375.8,1606
2021-11-16 16:00:00,375.4,380.0,375.0,378.0,737
2021-11-17 08:00:00,379.0,379.0,370.2,374.6,853
2021-11-17 12:00:00,372.4,375.8,370.4,372.0,686
2021-11-17 16:00:00,373.6,378.2,368.2,373.0,1433
2021-11-18 08:00:00,370.0,379.8,366.6,366.8,805
2021-11-18 12:00:00,366.8,371.4,366.2,368.8,1203
2021-11-18 16:00:00,368.8,369.2,365.2,365.2,744
2021-11-19 08:00:00,368.8,370.0,363.4,364.8,547
2021-11-19 12:00:00,365.0,365.0,340.0,352.8,2737
2021-11-19 16:00:00,353.0,359.4,342.2,344.8,5042
2021-11-22 08:00:00,344.6,344.6,335.0,335.0,2834
2021-11-22 12:00:00,335.0,338.6,313.0,338.0,5128
2021-11-22 16:00:00,337.0,338.4,333.0,335.0,1431
2021-11-23 08:00:00,335.0,344.8,324.6,339.4,1317
2021-11-23 12:00:00,339.2,364.6,330.0,356.8,2759
2021-11-23 16:00:00,356.8,360.0,345.0,358.0,700
2021-11-24 08:00:00,352.8,375.0,345.0,366.2,3230
2021-11-24 12:00:00,366.2,372.8,358.0,371.0,1724
2021-11-24 16:00:00,370.6,373.4,370.0,370.0,3727
2021-11-25 08:00:00,374.4,394.6,374.0,387.0,3987
2021-11-25 12:00:00,388.6,392.0,384.0,388.4,3346
2021-11-25 16:00:00,389.2,393.0,387.0,392.8,1417
2021-11-26 08:00:00,383.0,394.8,370.0,390.4,3676
2021-11-26 12:00:00,392.6,404.4,381.8,387.0,11067
2021-11-26 16:00:00,386.2,390.6,382.6,383.4,1704
2021-11-29 08:00:00,386.0,392.4,380.4,385.0,1186
2021-11-29 12:00:00,385.2,394.6,383.2,389.8,1946
2021-11-29 16:00:00,390.0,390.4,386.0,386.4,670
2021-11-30 08:00:00,385.0,386.6,381.2,384.8,702
2021-11-30 12:00:00,383.0,384.8,370.4,371.0,1705
2021-11-30 16:00:00,372.6,380.2,371.0,378.2,1855
2021-12-01 08:00:00,376.2,390.0,374.2,378.0,470
2021-12-01 12:00:00,380.0,382.0,377.0,381.0,408
2021-12-01 16:00:00,380.4,381.8,377.0,377.6,603
2021-12-02 08:00:00,382.0,382.0,370.0,377.0,699
2021-12-02 12:00:00,376.8,379.0,372.0,373.4,296
2021-12-02 16:00:00,372.2,373.0,369.6,372.8,548
2021-12-03 08:00:00,373.2,375.4,352.0,361.4,4217
2021-12-03 12:00:00,362.0,367.8,358.8,365.0,1725
2021-12-03 16:00:00,365.0,365.8,361.2,362.0,693
2021-12-06 08:00:00,369.0,372.2,358.0,364.0,698
2021-12-06 12:00:00,364.6,371.6,351.0,364.8,1443
2021-12-06 16:00:00,364.0,367.0,355.0,355.0,710
2021-12-07 08:00:00,355.0,365.0,353.0,356.8,636
2021-12-07 12:00:00,356.6,357.4,351.6,354.4,1024
2021-12-07 16:00:00,353.8,356.4,350.0,356.0,616
2021-12-08 08:00:00,360.0,369.0,352.0,366.4,1133
2021-12-08 12:00:00,366.2,366.2,352.0,357.0,2157
2021-12-08 16:00:00,356.0,357.2,349.6,350.0,1312
2021-12-09 08:00:00,344.8,360.0,341.6,356.8,2015
2021-12-09 12:00:00,355.2,357.4,353.4,353.6,400
2021-12-09 16:00:00,353.6,376.0,353.6,368.8,2728
2021-12-10 08:00:00,374.8,374.8,360.2,370.2,762
2021-12-10 12:00:00,370.2,370.2,361.0,365.0,383
2021-12-10 16:00:00,365.0,365.0,355.4,359.6,441
2021-12-13 08:00:00,365.0,369.0,355.2,355.2,324
2021-12-13 12:00:00,355.0,357.0,352.0,352.2,505
2021-12-13 16:00:00,352.4,354.4,348.0,348.0,615
2021-12-14 08:00:00,345.0,354.4,338.4,350.8,998
2021-12-14 12:00:00,351.6,355.0,344.0,346.4,1092
2021-12-14 16:00:00,346.2,349.0,345.0,345.0,627
2021-12-15 08:00:00,349.4,349.4,340.0,346.2,872
2021-12-15 12:00:00,346.2,350.0,346.2,349.2,396
2021-12-15 16:00:00,347.2,349.2,345.8,345.8,336
2021-12-16 08:00:00,349.8,357.8,348.0,352.0,471
2021-12-16 12:00:00,352.2,365.0,351.2,365.0,1007
2021-12-16 16:00:00,365.0,366.6,360.2,364.6,197
2021-12-17 08:00:00,365.0,371.8,358.8,371.4,1151
2021-12-17 12:00:00,371.4,371.6,358.8,365.6,1089
2021-12-17 16:00:00,366.2,378.8,363.6,378.8,2105
2021-12-20 08:00:00,375.0,378.8,365.0,368.0,446
2021-12-20 12:00:00,368.0,369.6,367.0,369.0,752
2021-12-20 16:00:00,369.0,377.8,369.0,376.6,2168
2021-12-21 08:00:00,367.2,375.0,361.8,365.2,2761
2021-12-21 12:00:00,365.2,367.2,365.0,366.4,1792
2021-12-21 16:00:00,366.4,370.0,365.0,370.0,928
2021-12-22 08:00:00,365.2,372.2,361.6,369.0,214
2021-12-22 12:00:00,369.8,372.8,369.0,372.2,592
2021-12-22 16:00:00,372.6,380.0,370.8,371.8,717
2021-12-23 08:00:00,371.8,377.4,366.2,375.6,2602
2021-12-23 12:00:00,375.6,376.0,373.0,373.0,780
2021-12-23 16:00:00,373.2,373.8,373.0,373.4,365
2021-12-24 08:00:00,377.8,377.8,370.0,370.0,281
2021-12-24 12:00:00,370.0,373.0,366.2,369.0,1031
2021-12-24 16:00:00,369.0,372.0,369.0,371.0,265
2021-12-27 08:00:00,377.0,378.2,370.6,374.0,1075
2021-12-27 12:00:00,374.0,378.2,374.0,375.2,1489
2021-12-27 16:00:00,374.4,375.8,372.0,372.4,397
2021-12-28 08:00:00,372.2,379.8,367.6,368.8,1382
2021-12-28 12:00:00,368.8,390.0,368.2,385.4,3057
2021-12-28 16:00:00,385.0,390.0,374.2,385.0,1145
2021-12-29 08:00:00,389.8,393.0,385.2,389.4,218
2021-12-29 12:00:00,385.8,392.6,383.0,389.0,930
2021-12-29 16:00:00,389.6,394.8,389.0,393.0,861
2021-12-30 08:00:00,398.0,398.0,377.0,388.8,760
2021-12-30 12:00:00,389.0,389.2,385.6,386.4,306
2021-12-30 16:00:00,386.4,389.0,385.4,389.0,254
2022-01-03 08:00:00,380.2,397.4,379.8,394.0,661
2022-01-03 12:00:00,394.4,398.4,392.4,393.4,377
2022-01-03 16:00:00,393.0,395.4,392.4,393.0,95
2022-01-04 08:00:00,388.8,392.0,385.2,392.0,162
2022-01-04 12:00:00,391.8,395.0,390.0,392.2,382
2022-01-04 16:00:00,391.4,392.2,389.0,392.0,111
2022-01-05 08:00:00,392.0,395.0,385.8,389.0,316
2022-01-05 12:00:00,389.0,393.6,388.0,392.0,296
2022-01-05 16:00:00,392.0,392.0,385.0,388.0,343
2022-01-06 08:00:00,383.2,392.0,381.4,382.0,369
2022-01-06 12:00:00,383.2,388.0,380.0,387.2,621
2022-01-06 16:00:00,387.8,388.4,382.0,382.0,117
2022-01-10 08:00:00,379.2,388.0,379.2,386.6,256
2022-01-10 12:00:00,387.8,394.0,382.2,385.0,560
2022-01-10 16:00:00,383.0,386.6,380.0,382.4,361
2022-01-11 08:00:00,380.2,391.6,380.2,385.4,654
2022-01-11 12:00:00,388.6,389.2,383.6,386.6,341
2022-01-11 16:00:00,386.8,386.8,383.0,386.2,240
2022-01-12 08:00:00,389.8,390.0,384.0,386.6,83
2022-01-12 12:00:00,386.6,389.6,385.4,389.0,273
2022-01-12 16:00:00,389.0,389.0,386.0,386.0,259
2022-01-13 08:00:00,387.8,396.8,386.0,390.0,905
2022-01-13 12:00:00,390.0,396.2,380.0,381.8,1925
2022-01-13 16:00:00,381.8,381.8,377.0,381.6,668
2022-01-14 08:00:00,384.0,397.0,378.0,381.0,837
2022-01-14 12:00:00,386.0,386.0,363.2,369.6,1186
2022-01-14 16:00:00,369.6,379.8,364.0,371.6,1136
2022-01-17 08:00:00,371.6,383.0,361.6,370.6,295
2022-01-17 12:00:00,370.4,370.4,348.4,350.0,1732
2022-01-17 16:00:00,350.0,359.8,345.8,359.8,656
2022-01-18 08:00:00,359.8,359.8,347.6,355.0,846
2022-01-18 12:00:00,351.8,355.0,340.0,344.8,2397
2022-01-18 16:00:00,345.2,346.4,340.4,342.8,870
2022-01-19 08:00:00,347.4,350.0,335.8,348.6,1033
2022-01-19 12:00:00,347.6,350.0,345.2,349.0,1029
2022-01-19 16:00:00,348.8,352.4,347.4,350.2,321
2022-01-20 08:00:00,352.4,355.0,344.8,346.0,807
2022-01-20 12:00:00,349.0,349.4,341.2,342.0,1116
2022-01-20 16:00:00,342.0,349.2,338.0,349.0,559
2022-01-21 08:00:00,341.2,348.4,339.4,342.2,332
2022-01-21 12:00:00,342.4,343.0,341.4,342.8,349
2022-01-21 16:00:00,342.8,348.0,341.2,346.2,385
2022-01-24 08:00:00,341.4,347.0,333.6,336.8,1103
2022-01-24 12:00:00,336.6,338.6,314.2,324.2,1920
2022-01-24 16:00:00,323.6,328.8,320.4,325.4,525
2022-01-25 08:00:00,338.8,338.8,320.0,328.8,633
2022-01-25 12:00:00,328.6,330.6,325.6,327.4,314
2022-01-25 16:00:00,327.0,330.0,322.0,324.8,280
2022-01-26 08:00:00,336.4,336.6,325.0,329.8,203
2022-01-26 12:00:00,329.8,334.8,326.8,334.8,771
2022-01-26 16:00:00,333.0,346.8,332.6,339.0,499
2022-01-27 08:00:00,338.0,349.8,335.6,345.6,450
2022-01-27 12:00:00,346.8,355.0,346.0,354.0,521
2022-01-27 16:00:00,354.0,354.6,346.8,351.2,304
2022-01-28 08:00:00,355.8,367.6,349.6,361.0,494
2022-01-28 12:00:00,360.0,361.0,357.0,359.8,389
2022-01-28 16:00:00,358.8,361.0,357.0,359.0,167
2022-01-31 08:00:00,361.4,371.8,361.4,368.6,632
2022-01-31 12:00:00,368.4,382.2,361.2,369.2,718
2022-01-31 16:00:00,369.6,375.8,365.0,369.8,324
2022-02-01 08:00:00,377.0,380.0,362.6,366.2,738
2022-02-01 12:00:00,367.4,372.0,364.0,366.0,277
2022-02-01 16:00:00,365.2,368.0,364.2,366.8,138
2022-02-02 08:00:00,368.8,380.0,358.6,364.8,630
2022-02-02 12:00:00,362.0,380.0,362.0,375.4,1320
2022-02-02 16:00:00,375.6,382.8,375.4,382.6,1766
2022-02-03 08:00:00,374.4,375.4,363.0,370.0,601
2022-02-03 12:00:00,369.8,375.2,368.0,369.6,232
2022-02-03 16:00:00,368.4,371.4,363.2,363.2,311
2022-02-04 08:00:00,373.2,376.6,367.2,370.6,117
2022-02-04 12:00:00,370.8,372.0,368.6,369.8,219
2022-02-04 16:00:00,369.0,370.8,364.0,368.0,549
2022-02-07 08:00:00,367.8,373.0,364.0,370.6,147
2022-02-07 12:00:00,371.6,380.0,364.4,372.2,682
2022-02-07 16:00:00,373.2,376.4,370.0,375.2,237
2022-02-08 08:00:00,377.4,380.0,373.0,376.0,199
2022-02-08 12:00:00,376.0,382.0,371.8,375.8,552
2022-02-08 16:00:00,380.0,381.8,377.2,381.0,90
2022-02-09 08:00:00,380.8,385.6,380.0,385.6,975
2022-02-09 12:00:00,382.0,386.0,380.2,386.0,458
2022-02-09 16:00:00,385.4,390.8,377.8,386.4,2633
2022-02-10 08:00:00,392.8,392.8,379.6,382.0,454
2022-02-10 12:00:00,382.6,386.4,381.8,383.4,135
2022-02-10 16:00:00,384.8,385.0,381.2,382.2,161
2022-02-11 08:00:00,375.0,381.6,375.0,376.6,308
2022-02-11 12:00:00,377.0,389.0,376.4,383.0,1136
2022-02-11 16:00:00,382.8,387.8,382.8,383.0,403
2022-02-14 08:00:00,379.8,380.0,364.0,372.8,686
2022-02-14 12:00:00,373.8,375.2,370.0,372.2,821
2022-02-14 16:00:00,374.4,378.4,372.0,373.0,222
2022-02-15 08:00:00,378.6,387.0,374.6,380.0,227
2022-02-15 12:00:00,378.4,385.4,378.4,381.2,178
2022-02-15 16:00:00,382.6,382.8,377.6,380.6,112
2022-02-16 08:00:00,382.8,399.0,380.6,385.0,541
2022-02-16 12:00:00,386.0,386.4,381.6,383.0,154
2022-02-16 16:00:00,383.0,389.2,381.8,388.0,136
2022-02-17 08:00:00,380.0,383.2,367.2,378.0,233
2022-02-17 12:00:00,377.2,379.0,370.2,378.8,653
2022-02-17 16:00:00,378.0,378.0,370.2,375.0,427
2022-02-18 08:00:00,371.6,379.0,370.0,375.8,131
2022-02-18 12:00:00,375.0,375.0,370.2,372.8,212
2022-02-18 16:00:00,374.4,374.4,365.2,368.0,1309
2022-02-21 08:00:00,374.0,374.0,354.6,360.2,1114
2022-02-21 12:00:00,360.8,360.8,347.8,350.0,3197
2022-02-21 16:00:00,350.0,350.0,320.0,330.2,2346
2022-02-22 08:00:00,330.0,339.8,311.6,325.6,2647
2022-02-22 12:00:00,325.0,350.0,320.2,339.2,1789
2022-02-22 16:00:00,339.0,358.4,337.0,350.0,908
2022-02-24 08:00:00,313.0,319.8,210.0,210.0,7069
2022-02-24 12:00:00,220.0,300.0,210.0,247.8,7189
2022-02-24 16:00:00,249.8,250.0,228.2,243.6,1476
2022-02-25 08:00:00,243.6,300.0,243.6,289.0,1494
2022-02-25 12:00:00,286.0,289.6,267.6,288.8,1038
2022-02-25 16:00:00,288.8,290.0,275.2,290.0,547
2022-03-28 08:00:00,330.0,405.4,320.2,405.4,13325
2022-03-28 12:00:00,405.4,405.4,397.2,405.4,2865
2022-03-29 08:00:00,458.0,566.8,445.8,530.0,22693
2022-03-29 12:00:00,529.8,564.4,524.6,562.4,8764
2022-03-30 08:00:00,609.0,615.0,480.0,480.6,13067
2022-03-30 12:00:00,480.4,481.6,451.4,459.6,6293
2022-03-31 08:00:00,507.0,540.0,470.0,475.0,8417
2022-03-31 12:00:00,475.2,495.2,475.0,484.6,3042
2022-03-31 16:00:00,484.0,485.0,465.0,478.0,1903
2022-04-01 08:00:00,492.0,494.8,435.0,450.0,6029
2022-04-01 12:00:00,449.0,458.2,440.0,449.4,2644
2022-04-01 16:00:00,449.4,463.0,444.2,452.0,1295
2022-04-04 08:00:00,473.8,473.8,450.0,463.6,2861
2022-04-04 12:00:00,463.6,466.8,450.0,457.6,2215
2022-04-04 16:00:00,457.6,457.6,440.0,454.0,1637
2022-04-05 08:00:00,463.0,469.8,425.0,427.2,3262
2022-04-05 12:00:00,427.0,433.4,406.0,427.2,3793
2022-04-05 16:00:00,425.6,428.0,414.0,419.0,1944
2022-04-06 08:00:00,419.2,502.0,419.2,449.6,7831
2022-04-06 12:00:00,449.6,457.0,447.0,450.2,1715
2022-04-06 16:00:00,452.2,472.0,450.0,468.0,3059
2022-04-07 08:00:00,472.0,475.0,456.0,460.2,3259
2022-04-07 12:00:00,460.0,465.0,450.0,453.0,1239
2022-04-07 16:00:00,453.0,460.4,429.8,458.0,1699
2022-04-08 08:00:00,457.8,458.6,435.6,446.4,1629
2022-04-08 12:00:00,448.6,451.0,430.0,443.0,1720
2022-04-08 16:00:00,443.0,450.8,438.8,448.0,538
2022-04-11 08:00:00,448.2,455.0,443.2,446.2,1075
2022-04-11 12:00:00,446.8,450.0,440.0,440.6,1655
2022-04-11 16:00:00,444.6,447.4,436.0,447.4,1300
2022-04-12 08:00:00,447.4,447.8,422.0,430.0,1205
2022-04-12 12:00:00,431.0,434.4,430.0,430.8,246
2022-04-12 16:00:00,430.8,440.0,430.8,435.4,289
2022-04-13 08:00:00,435.0,451.0,425.4,438.6,1732
2022-04-13 12:00:00,439.2,455.0,438.0,441.8,1221
2022-04-13 16:00:00,443.2,446.0,440.8,442.0,700
2022-04-14 08:00:00,440.0,440.0,423.0,432.4,987
2022-04-14 12:00:00,432.4,435.0,425.0,428.6,1179
2022-04-14 16:00:00,428.4,428.6,418.0,420.0,1251
2022-04-15 08:00:00,418.0,420.0,406.0,415.0,2017
2022-04-15 12:00:00,416.0,424.4,412.0,419.0,1547
2022-04-15 16:00:00,419.8,424.0,417.0,422.0,1215
2022-04-18 08:00:00,427.6,440.0,427.6,437.0,2489
2022-04-18 12:00:00,437.0,439.2,430.0,433.0,1235
2022-04-18 16:00:00,433.0,433.0,420.0,427.8,657
2022-04-19 08:00:00,435.0,439.0,415.4,424.2,978
2022-04-19 12:00:00,425.4,434.0,416.0,424.8,1449
2022-04-19 16:00:00,425.0,432.8,416.0,429.0,821
2022-04-20 08:00:00,433.0,433.0,423.0,426.2,752
2022-04-20 12:00:00,428.0,429.4,423.8,427.6,671
2022-04-20 16:00:00,424.8,427.6,423.0,423.4,351
2022-04-21 08:00:00,423.4,428.6,423.0,423.8,514
2022-04-21 12:00:00,423.6,424.0,418.0,422.8,1386
2022-04-21 16:00:00,422.8,422.8,418.4,418.6,563
2022-04-22 08:00:00,421.4,421.4,407.0,416.0,1302
2022-04-22 12:00:00,417.8,419.4,410.2,416.8,1680
2022-04-22 16:00:00,414.6,417.4,413.0,414.8,300
2022-04-25 08:00:00,410.0,424.0,401.0,401.6,1687
2022-04-25 12:00:00,401.6,406.0,400.0,402.0,1693
2022-04-25 16:00:00,401.0,405.6,400.0,402.6,901
2022-04-26 08:00:00,402.6,411.6,402.2,403.0,1585
2022-04-26 12:00:00,408.2,411.0,403.6,410.4,557
2022-04-26 16:00:00,410.0,411.6,402.0,405.2,787
2022-04-27 08:00:00,404.2,419.8,403.8,408.0,1595
2022-04-27 12:00:00,408.0,412.6,408.0,411.2,428
2022-04-27 16:00:00,411.2,414.6,408.2,411.4,484
2022-04-28 08:00:00,415.8,419.0,412.6,416.0,485
2022-04-28 12:00:00,416.0,418.4,410.0,412.2,1834
2022-04-28 16:00:00,410.6,417.6,410.2,411.8,470
2022-04-29 08:00:00,413.0,417.8,410.0,414.2,435
2022-04-29 12:00:00,414.2,417.2,411.2,414.6,764
2022-04-29 16:00:00,415.6,416.4,414.0,415.2,522
2022-05-04 08:00:00,419.4,426.0,415.0,420.6,1300
2022-05-04 12:00:00,420.4,421.0,411.4,416.8,1165
2022-05-04 16:00:00,417.2,417.8,416.0,416.0,311
2022-05-05 08:00:00,415.2,425.6,414.4,421.6,461
2022-05-05 12:00:00,422.0,422.0,417.0,417.8,1043
2022-05-05 16:00:00,417.6,419.8,417.4,417.4,231
2022-05-06 08:00:00,420.0,433.8,420.0,426.0,1570
2022-05-06 12:00:00,426.2,434.0,421.0,432.4,2403
2022-05-06 16:00:00,432.4,435.0,432.0,433.4,853
2022-05-11 08:00:00,434.0,445.0,429.0,444.0,2123
2022-05-11 12:00:00,444.4,448.2,438.0,447.4,2363
2022-05-11 16:00:00,447.2,452.8,447.0,449.0,1057
2022-05-12 08:00:00,454.2,462.0,439.0,457.4,2367
2022-05-12 12:00:00,457.0,457.2,440.0,447.2,1881
2022-05-12 16:00:00,447.2,447.2,438.6,444.4,1647
2022-05-13 08:00:00,451.2,454.0,435.2,444.2,625
2022-05-13 12:00:00,445.6,447.0,437.0,443.6,1123
2022-05-13 16:00:00,441.8,442.6,437.8,440.4,893
2022-05-16 08:00:00,442.4,445.8,433.6,442.4,2021
2022-05-16 12:00:00,442.4,443.2,439.0,442.0,1972
2022-05-16 16:00:00,441.8,444.8,441.2,444.0,832
2022-05-17 08:00:00,445.6,455.0,442.6,451.0,2259
2022-05-17 12:00:00,451.6,453.0,447.0,448.6,1361
2022-05-17 16:00:00,448.6,455.0,448.4,455.0,1242
2022-05-18 08:00:00,458.2,467.6,451.0,454.0,2910
2022-05-18 12:00:00,454.2,456.2,449.0,454.6,1387
2022-05-18 16:00:00,454.2,454.8,449.0,451.0,905
2022-05-19 08:00:00,455.8,460.0,450.0,450.6,1899
2022-05-19 12:00:00,450.6,464.8,450.0,452.6,2937
2022-05-19 16:00:00,453.6,459.2,451.4,453.2,1603
2022-05-20 08:00:00,434.8,448.0,431.2,443.0,2781
2022-05-20 12:00:00,443.0,443.0,430.0,433.2,1499
2022-05-20 16:00:00,433.2,442.6,431.2,440.4,309
2022-05-23 08:00:00,438.6,448.8,414.0,431.0,1132
2022-05-23 12:00:00,432.4,435.0,430.0,430.4,1345
2022-05-23 16:00:00,430.2,431.0,425.2,427.0,272
2022-05-24 08:00:00,433.0,433.0,422.2,423.0,744
2022-05-24 12:00:00,423.0,425.0,420.0,425.0,613
2022-05-24 16:00:00,426.0,427.2,420.4,421.2,550
2022-05-25 08:00:00,420.8,422.0,415.0,417.0,839
2022-05-25 12:00:00,417.0,417.8,415.2,415.8,257
2022-05-25 16:00:00,416.0,423.0,416.0,419.0,488
2022-05-26 08:00:00,419.0,423.4,413.6,417.2,516
2022-05-26 12:00:00,416.6,418.8,414.0,414.2,730
2022-05-26 16:00:00,414.2,415.8,410.0,412.0,627
2022-05-27 08:00:00,407.8,421.0,407.2,412.0,790
2022-05-27 12:00:00,411.8,416.2,410.4,414.0,488
2022-05-27 16:00:00,414.0,415.0,411.0,414.8,232
2022-05-30 08:00:00,421.0,421.0,409.0,414.4,541
2022-05-30 12:00:00,414.2,414.6,411.2,413.0,374
2022-05-30 16:00:00,413.4,414.6,411.2,413.8,303
2022-05-31 08:00:00,415.8,419.6,411.2,413.0,114
2022-05-31 12:00:00,412.4,413.0,401.0,406.0,912
2022-05-31 16:00:00,406.8,411.0,405.4,405.8,600
2022-06-01 08:00:00,407.0,409.8,401.0,406.0,494
2022-06-01 12:00:00,406.0,408.8,400.6,404.6,740
2022-06-01 16:00:00,404.8,405.6,401.6,404.0,307
2022-06-02 08:00:00,403.6,404.0,401.8,401.8,221
2022-06-02 12:00:00,402.2,405.0,401.2,404.8,525
2022-06-02 16:00:00,404.8,405.8,402.4,402.4,290
2022-06-03 08:00:00,402.4,405.6,400.0,401.2,354
2022-06-03 12:00:00,401.4,402.2,395.0,400.0,1786
2022-06-03 16:00:00,399.8,400.0,397.2,397.2,325
2022-06-06 08:00:00,397.0,399.0,390.0,394.6,380
2022-06-06 12:00:00,394.6,396.8,393.2,396.2,276
2022-06-06 16:00:00,395.4,397.2,393.0,394.8,134
2022-06-07 08:00:00,396.4,396.4,388.8,389.0,332
2022-06-07 12:00:00,389.0,395.4,388.4,395.4,220
2022-06-07 16:00:00,394.4,397.8,393.4,396.4,270
2022-06-08 08:00:00,396.4,405.4,396.4,404.6,795
2022-06-08 12:00:00,403.8,405.0,396.8,397.0,731
2022-06-08 16:00:00,397.2,405.2,387.2,399.2,1998
2022-06-09 08:00:00,400.2,403.8,395.6,395.8,272
2022-06-09 12:00:00,396.4,397.0,391.2,394.2,225
2022-06-09 16:00:00,395.0,396.4,394.4,395.2,783
2022-06-10 08:00:00,398.8,399.4,395.8,399.2,135
2022-06-10 12:00:00,399.0,405.2,399.0,405.2,581
2022-06-10 16:00:00,405.4,406.0,400.6,400.8,161
2022-06-14 08:00:00,400.8,410.2,394.8,401.0,823
2022-06-14 12:00:00,402.0,405.6,401.0,401.2,238
2022-06-14 16:00:00,401.2,403.0,399.0,401.8,103
2022-06-15 08:00:00,404.8,409.4,400.2,401.2,285
2022-06-15 12:00:00,402.2,406.8,400.8,406.6,342
2022-06-15 16:00:00,406.6,406.6,403.8,403.8,89
2022-06-16 08:00:00,404.0,408.6,402.8,407.8,325
2022-06-16 12:00:00,407.8,416.8,405.2,416.4,1346
2022-06-16 16:00:00,416.4,416.8,413.8,414.2,321
2022-06-17 08:00:00,416.0,423.0,413.8,415.8,1009
2022-06-17 12:00:00,417.0,418.0,410.0,417.6,1231
2022-06-17 16:00:00,416.2,418.0,415.2,417.8,664
2022-06-20 08:00:00,418.0,423.0,418.0,421.2,480
2022-06-20 12:00:00,421.0,428.4,418.0,428.0,1323
2022-06-20 16:00:00,428.0,440.0,424.4,425.4,1399
2022-06-21 08:00:00,426.4,434.8,415.0,422.0,869
2022-06-21 12:00:00,423.0,430.0,411.0,416.2,1378
2022-06-21 16:00:00,416.4,419.4,413.6,416.0,562
2022-06-22 08:00:00,415.2,429.8,414.0,421.4,758
2022-06-22 12:00:00,421.4,423.0,420.0,421.6,452
2022-06-22 16:00:00,422.4,422.6,420.0,420.0,272
2022-06-23 08:00:00,420.2,423.0,416.0,418.0,423
2022-06-23 12:00:00,417.6,418.8,416.4,417.8,489
2022-06-23 16:00:00,417.8,417.8,416.2,417.0,166
2022-06-24 08:00:00,413.8,413.8,404.0,410.2,614
2022-06-24 12:00:00,410.4,415.2,405.0,409.2,739
2022-06-24 16:00:00,409.2,410.8,406.0,407.8,287
2022-06-27 08:00:00,407.0,413.0,399.2,399.4,1795
2022-06-27 12:00:00,400.6,406.0,399.2,402.8,1196
2022-06-27 16:00:00,402.4,403.8,400.0,402.0,307
2022-06-28 08:00:00,402.0,405.8,400.4,402.4,403
2022-06-28 12:00:00,402.4,402.8,401.0,402.0,248
2022-06-28 16:00:00,401.0,402.4,400.0,402.0,238
2022-06-29 08:00:00,403.8,409.0,400.0,404.8,493
2022-06-29 12:00:00,405.4,412.0,405.0,410.8,849
2022-06-29 16:00:00,410.6,413.8,409.8,410.8,1023
2022-06-30 08:00:00,408.8,412.4,400.0,400.8,1218
2022-06-30 12:00:00,400.2,405.0,399.0,400.4,1733
2022-06-30 16:00:00,400.2,402.8,399.0,401.0,746
2022-07-01 08:00:00,400.0,401.4,397.0,397.2,398
2022-07-01 12:00:00,398.0,400.2,397.2,399.4,677
2022-07-01 16:00:00,398.8,401.0,398.0,400.6,251
2022-07-04 08:00:00,401.8,409.0,397.2,397.2,510
2022-07-04 12:00:00,400.2,401.0,397.0,399.0,607
2022-07-04 16:00:00,398.8,399.0,395.0,396.6,455
2022-07-05 08:00:00,401.8,401.8,396.0,397.4,232
2022-07-05 12:00:00,397.6,400.4,390.2,399.2,602
2022-07-05 16:00:00,399.2,400.8,397.0,397.0,939
2022-07-06 08:00:00,402.0,404.8,393.6,398.4,490
2022-07-06 12:00:00,398.2,400.8,397.2,399.0,349
2022-07-06 16:00:00,399.0,403.6,398.2,400.0,1701
2022-07-07 08:00:00,403.4,409.8,399.0,402.2,419
2022-07-07 12:00:00,400.8,403.4,400.2,402.0,343
2022-07-07 16:00:00,402.2,403.0,400.4,400.6,431
2022-07-08 08:00:00,403.6,405.8,400.2,403.0,496
2022-07-08 12:00:00,402.4,402.4,399.2,400.0,995
2022-07-08 16:00:00,401.0,401.0,399.2,400.6,120
2022-07-11 08:00:00,399.0,401.0,396.6,398.0,378
2022-07-11 12:00:00,398.2,399.8,396.6,397.2,1162
2022-07-11 16:00:00,397.6,399.4,394.8,395.6,498
2022-07-12 08:00:00,399.4,399.4,392.2,394.0,368
2022-07-12 12:00:00,394.0,396.0,392.0,395.0,323
2022-07-12 16:00:00,393.8,394.4,390.4,390.8,354
2022-07-13 08:00:00,385.0,393.8,380.0,381.6,2739
2022-07-13 12:00:00,382.6,385.0,381.0,382.6,510
2022-07-13 16:00:00,382.6,383.2,380.2,381.6,523
2022-07-14 08:00:00,381.0,381.4,361.0,371.8,2285
2022-07-14 12:00:00,371.0,376.0,363.0,366.4,1214
2022-07-14 16:00:00,366.2,368.4,365.2,367.0,225
2022-07-15 08:00:00,369.0,390.0,368.2,377.0,1706
2022-07-15 12:00:00,377.0,386.6,373.2,380.8,611
2022-07-15 16:00:00,381.6,381.6,377.0,379.2,238
2022-07-18 08:00:00,379.0,390.6,378.8,381.4,387
2022-07-18 12:00:00,381.4,384.0,381.4,382.4,881
2022-07-18 16:00:00,383.2,384.8,381.6,383.6,197
2022-07-19 08:00:00,384.6,384.6,377.4,378.0,152
2022-07-19 12:00:00,379.0,379.2,368.0,377.4,555
2022-07-19 16:00:00,375.4,377.4,371.4,371.4,146
2022-07-20 08:00:00,371.2,393.4,371.2,378.8,605
2022-07-20 12:00:00,378.6,387.8,378.6,381.8,190
2022-07-20 16:00:00,380.8,382.4,380.0,381.4,126
2022-07-21 08:00:00,377.2,383.4,374.2,379.0,509
2022-07-21 12:00:00,378.4,378.8,375.2,375.8,550
2022-07-21 16:00:00,377.0,377.6,373.6,373.6,706
2022-07-22 08:00:00,379.2,380.4,373.4,378.6,525
2022-07-22 12:00:00,377.2,378.2,373.6,377.2,491
2022-07-22 16:00:00,377.2,378.8,374.0,375.2,328
2022-07-25 08:00:00,379.4,380.0,373.8,379.4,340
2022-07-25 12:00:00,379.6,379.8,375.0,375.4,682
2022-07-25 16:00:00,375.4,382.6,375.0,379.6,239
2022-07-26 08:00:00,383.0,383.0,376.4,379.8,1404
2022-07-26 12:00:00,379.4,381.0,378.2,380.6,279
2022-07-26 16:00:00,380.6,381.0,378.0,378.0,278
2022-07-27 08:00:00,377.4,384.4,377.0,381.0,840
2022-07-27 12:00:00,381.0,383.6,380.0,381.0,881
2022-07-27 16:00:00,381.0,382.6,378.4,379.2,1109
2022-07-28 08:00:00,379.2,383.0,377.6,379.0,1067
2022-07-28 12:00:00,379.0,381.0,377.0,379.8,1151
2022-07-28 16:00:00,380.0,381.4,379.8,381.4,148
2022-07-29 08:00:00,379.8,382.2,375.0,376.6,1366
2022-07-29 12:00:00,376.6,379.0,376.6,377.8,5753
2022-07-29 16:00:00,378.6,380.0,378.0,378.0,3251
2022-08-01 08:00:00,383.0,385.8,373.0,378.2,577
2022-08-01 12:00:00,378.0,382.0,375.0,376.8,465
2022-08-01 16:00:00,375.6,375.6,373.0,374.0,504
2022-08-02 08:00:00,373.6,377.4,367.4,368.0,823
2022-08-02 12:00:00,367.6,370.0,361.6,364.4,1152
2022-08-02 16:00:00,365.4,367.0,364.0,366.8,253
2022-08-03 08:00:00,365.2,373.0,365.2,371.4,498
2022-08-03 12:00:00,371.4,376.0,366.4,366.4,435
2022-08-03 16:00:00,366.8,373.0,366.0,368.8,302
2022-08-04 08:00:00,367.2,370.8,361.2,369.6,222
2022-08-04 12:00:00,369.2,371.6,369.0,371.4,480
2022-08-04 16:00:00,371.2,371.8,369.0,370.8,234
2022-08-05 08:00:00,370.8,374.0,357.4,357.4,1497
2022-08-05 12:00:00,357.8,384.0,356.2,370.8,2747
2022-08-05 16:00:00,371.6,376.0,368.6,374.8,1188
2022-08-08 08:00:00,381.8,383.0,374.8,378.8,915
2022-08-08 12:00:00,378.6,390.8,377.2,390.0,1912
2022-08-08 16:00:00,390.0,398.0,385.0,398.0,1396
2022-08-09 08:00:00,398.2,401.0,390.0,396.0,975
2022-08-09 12:00:00,394.2,399.0,390.0,394.6,1132
2022-08-09 16:00:00,394.6,395.0,392.2,393.6,333
2022-08-10 08:00:00,393.8,397.8,393.4,395.4,245
2022-08-10 12:00:00,395.4,396.4,393.4,395.4,330
2022-08-10 16:00:00,395.4,398.0,395.4,395.4,413
2022-08-11 08:00:00,395.0,397.6,394.4,395.6,335
2022-08-11 12:00:00,395.4,397.2,394.0,396.2,564
2022-08-11 16:00:00,395.2,396.6,394.2,394.6,176
2022-08-12 08:00:00,396.0,396.0,391.6,394.4,215
2022-08-12 12:00:00,394.6,394.8,393.4,394.2,200
2022-08-12 16:00:00,394.0,394.8,393.0,393.8,344
2022-08-15 08:00:00,394.2,408.6,390.8,401.2,1588
2022-08-15 12:00:00,401.2,401.2,394.6,398.0,780
2022-08-15 16:00:00,398.0,399.6,397.0,399.0,469
2022-08-16 08:00:00,400.8,413.0,397.6,404.2,1345
2022-08-16 12:00:00,404.2,408.0,403.4,406.8,554
2022-08-16 16:00:00,406.4,407.4,400.0,403.8,807
2022-08-17 08:00:00,407.4,414.0,402.2,406.0,1236
2022-08-17 12:00:00,405.0,410.0,404.0,406.4,451
2022-08-17 16:00:00,407.2,409.0,393.6,399.8,1160
2022-08-18 08:00:00,399.6,407.4,398.0,405.0,382
2022-08-18 12:00:00,405.0,407.0,399.6,400.0,912
2022-08-18 16:00:00,400.0,403.4,400.0,401.6,181
2022-08-19 08:00:00,401.6,407.0,401.4,404.4,700
2022-08-19 12:00:00,404.4,406.6,400.4,403.4,513
2022-08-19 16:00:00,403.4,404.4,398.2,402.0,383
2022-08-22 08:00:00,406.8,421.6,402.6,418.4,2914
2022-08-22 12:00:00,420.6,424.0,415.2,421.0,1732
2022-08-22 16:00:00,420.2,423.2,416.2,423.0,913
2022-08-23 08:00:00,429.0,429.0,416.0,420.0,801
2022-08-23 12:00:00,421.6,425.0,420.2,421.0,999
2022-08-23 16:00:00,421.0,422.0,420.0,420.0,616
2022-08-24 08:00:00,424.8,426.0,420.0,421.4,484
2022-08-24 12:00:00,421.4,427.0,420.6,424.0,1294
2022-08-24 16:00:00,423.2,427.8,423.0,426.2,676
2022-08-25 08:00:00,427.6,437.0,426.2,432.8,1476
2022-08-25 12:00:00,433.0,435.0,425.0,428.8,1435
2022-08-25 16:00:00,429.2,430.8,429.2,430.0,473
2022-08-26 08:00:00,432.0,438.2,432.0,435.0,1300
2022-08-26 12:00:00,435.2,439.2,435.0,436.0,1229
2022-08-26 16:00:00,435.6,439.0,434.6,437.8,875
2022-08-29 08:00:00,440.0,451.0,437.6,445.6,3216
2022-08-29 12:00:00,445.8,450.0,439.2,445.2,3233
2022-08-29 16:00:00,445.4,449.0,445.0,448.0,1021
2022-08-30 08:00:00,448.6,452.0,444.0,444.2,1083
2022-08-30 12:00:00,444.0,445.8,434.6,438.0,1495
2022-08-30 16:00:00,436.8,438.0,426.4,432.0,1731
2022-08-31 08:00:00,431.2,437.8,421.2,426.2,1652
2022-08-31 12:00:00,428.4,432.0,424.8,431.6,1038
2022-08-31 16:00:00,431.6,432.0,429.0,430.8,535
2022-09-01 08:00:00,432.0,436.6,428.8,434.8,750
2022-09-01 12:00:00,434.8,438.6,434.0,437.6,478
2022-09-01 16:00:00,437.4,437.4,434.2,437.0,192
2022-09-02 08:00:00,436.8,440.0,430.2,434.6,647
2022-09-02 12:00:00,434.8,438.6,432.2,435.4,552
2022-09-02 16:00:00,435.2,436.8,433.4,435.4,569
2022-09-05 08:00:00,435.2,435.4,431.4,433.4,802
2022-09-05 12:00:00,433.4,435.0,432.0,434.0,708
2022-09-05 16:00:00,433.4,440.0,433.4,435.2,1527
2022-09-06 08:00:00,439.2,439.4,433.4,434.4,722
2022-09-06 12:00:00,434.2,434.4,430.0,430.4,2343
2022-09-06 16:00:00,431.0,433.0,430.2,430.2,445
2022-09-07 08:00:00,430.2,430.2,420.0,428.8,749
2022-09-07 12:00:00,429.0,438.8,428.4,429.0,1196
2022-09-07 16:00:00,430.0,431.0,425.0,428.0,572
2022-09-08 08:00:00,431.4,437.4,428.0,431.0,864
2022-09-08 12:00:00,430.8,433.0,428.0,429.6,391
2022-09-08 16:00:00,429.2,429.8,428.0,428.2,88
2022-09-09 08:00:00,430.0,434.2,430.0,431.6,248
2022-09-09 12:00:00,431.6,433.0,430.0,431.0,171
2022-09-09 16:00:00,431.0,433.8,431.0,432.8,423
2022-09-12 08:00:00,436.6,439.2,431.8,434.8,837
2022-09-12 12:00:00,435.0,435.8,431.2,433.4,594
2022-09-12 16:00:00,433.4,434.8,432.2,433.8,290
2022-09-13 08:00:00,437.0,437.6,432.8,434.4,257
2022-09-13 12:00:00,434.6,435.0,432.6,433.0,373
2022-09-13 16:00:00,433.0,433.0,431.0,432.2,381
2022-09-14 08:00:00,426.0,429.8,415.0,421.8,1461
2022-09-14 12:00:00,421.8,422.4,421.0,421.6,1008
2022-09-14 16:00:00,421.8,424.0,421.0,424.0,782
2022-09-15 08:00:00,427.4,427.4,411.0,419.6,1658
2022-09-15 12:00:00,419.8,420.6,418.0,419.8,1405
2022-09-15 16:00:00,419.8,422.6,419.2,421.0,254
2022-09-16 08:00:00,420.4,424.0,420.4,424.0,295
2022-09-16 12:00:00,424.0,426.0,423.4,424.0,526
2022-09-16 16:00:00,424.8,425.0,423.0,425.0,278
2022-09-19 08:00:00,427.6,439.0,415.0,424.4,2130
2022-09-19 12:00:00,424.2,427.2,422.2,425.0,434
2022-09-19 16:00:00,425.4,427.8,425.4,427.0,266
2022-09-20 08:00:00,426.6,426.8,415.0,421.0,566
2022-09-20 12:00:00,420.8,423.0,400.0,407.0,3346
2022-09-20 16:00:00,408.0,410.2,400.0,401.0,1327
2022-09-21 08:00:00,383.0,407.0,356.4,405.0,3411
2022-09-21 12:00:00,403.4,404.4,393.0,402.2,2700
2022-09-21 16:00:00,402.8,415.8,402.8,403.6,879
2022-09-22 08:00:00,403.8,421.2,403.8,420.0,1165
2022-09-22 12:00:00,420.4,421.4,405.2,406.0,956
2022-09-22 16:00:00,406.6,406.6,404.0,405.8,624
2022-09-23 08:00:00,409.0,428.6,392.4,409.0,6182
2022-09-23 12:00:00,411.6,414.8,395.0,396.6,2403
2022-09-23 16:00:00,396.4,407.0,390.2,400.2,797
2022-09-26 08:00:00,395.0,398.8,365.0,378.0,3999
2022-09-26 12:00:00,378.2,381.8,365.2,375.0,3154
2022-09-26 16:00:00,375.0,380.6,374.0,377.4,704
2022-09-27 08:00:00,377.4,386.2,365.8,385.4,555
2022-09-27 12:00:00,385.2,386.0,381.0,382.6,738
2022-09-27 16:00:00,382.4,383.6,382.0,382.0,485
2022-09-28 08:00:00,388.2,403.0,385.0,402.6,1087
2022-09-28 12:00:00,402.4,403.0,398.4,400.0,628
2022-09-28 16:00:00,400.2,401.8,400.0,400.2,828
2022-09-29 08:00:00,395.8,410.0,382.4,400.4,1755
2022-09-29 12:00:00,401.0,401.4,390.2,392.4,3383
2022-09-29 16:00:00,391.0,391.0,380.0,380.0,728
2022-09-30 08:00:00,370.0,381.0,365.2,375.0,1371
2022-09-30 12:00:00,377.2,379.6,372.0,372.0,795
2022-09-30 16:00:00,372.8,396.4,372.8,380.6,3914
2022-10-03 08:00:00,393.0,395.6,380.6,392.2,418
2022-10-03 12:00:00,391.0,395.8,387.2,395.6,619
2022-10-03 16:00:00,395.6,395.6,395.0,395.0,313
2022-10-04 08:00:00,398.0,398.8,395.0,395.2,613
2022-10-04 12:00:00,395.8,397.4,395.0,396.2,597
2022-10-04 16:00:00,395.8,397.4,395.2,396.4,126
2022-10-05 08:00:00,396.6,398.8,396.4,397.0,1189
2022-10-05 12:00:00,397.0,398.0,390.0,395.4,995
2022-10-05 16:00:00,394.2,397.4,394.0,397.0,260
2022-10-06 08:00:00,399.4,399.6,384.0,394.8,356
2022-10-06 12:00:00,394.8,396.2,394.0,394.4,220
2022-10-06 16:00:00,395.4,395.6,394.0,394.6,61
2022-10-07 08:00:00,398.6,398.6,385.6,391.2,1352
2022-10-07 12:00:00,390.4,391.0,387.0,388.0,265
2022-10-07 16:00:00,388.0,389.8,388.0,388.0,1144
2022-10-10 08:00:00,370.0,388.0,366.4,380.0,671
2022-10-10 12:00:00,380.8,390.0,377.4,387.4,383
2022-10-10 16:00:00,389.6,389.6,379.0,381.2,251
2022-10-11 08:00:00,384.0,387.4,379.8,387.0,251
2022-10-11 12:00:00,387.0,392.8,385.4,388.2,287
2022-10-11 16:00:00,389.6,390.0,388.2,389.0,131
2022-10-12 08:00:00,396.6,398.8,385.6,396.6,194
2022-10-12 12:00:00,396.6,400.0,394.4,397.0,2523
2022-10-12 16:00:00,397.4,398.6,395.0,395.0,302
2022-10-13 08:00:00,395.0,406.8,395.0,400.0,163
2022-10-13 12:00:00,400.0,401.4,395.4,397.4,377
2022-10-13 16:00:00,397.2,401.0,397.2,400.0,459
2022-10-14 08:00:00,401.4,407.6,396.2,403.6,423
2022-10-14 12:00:00,404.4,405.0,402.0,403.2,238
2022-10-14 16:00:00,403.2,403.6,402.0,402.0,463
2022-10-17 08:00:00,402.0,403.0,400.0,400.6,136
2022-10-17 12:00:00,401.2,407.6,399.2,403.2,662
2022-10-17 16:00:00,403.6,406.0,401.0,402.6,1751
2022-10-18 08:00:00,402.6,413.8,401.6,407.8,1782
2022-10-18 12:00:00,407.2,408.6,405.0,405.0,626
2022-10-18 16:00:00,405.0,405.0,394.8,401.2,549
2022-10-19 08:00:00,400.4,401.2,383.0,393.6,702
2022-10-19 12:00:00,393.4,393.8,390.4,393.6,694
2022-10-19 16:00:00,393.0,393.6,391.4,393.2,209
2022-10-20 08:00:00,390.2,398.6,390.2,395.4,140
2022-10-20 12:00:00,395.4,395.6,395.0,395.2,210
2022-10-20 16:00:00,395.6,397.6,394.8,396.4,288
2022-10-21 08:00:00,396.0,403.0,391.2,397.0,356
2022-10-21 12:00:00,397.2,405.6,397.0,401.8,337
2022-10-21 16:00:00,401.8,404.4,399.2,400.8,435
2022-10-24 08:00:00,407.0,410.4,401.2,402.6,1047
2022-10-24 12:00:00,402.0,402.2,399.6,401.6,216
2022-10-24 16:00:00,402.4,402.8,402.2,402.2,90
2022-10-25 08:00:00,403.2,407.6,399.0,401.6,428
2022-10-25 12:00:00,401.8,406.2,401.0,406.2,1010
2022-10-25 16:00:00,406.0,420.0,404.2,414.4,2405
2022-10-26 08:00:00,414.8,414.8,408.2,412.8,665
2022-10-26 12:00:00,412.0,412.0,401.2,405.0,1059
2022-10-26 16:00:00,405.0,406.0,404.6,404.6,376
2022-10-27 08:00:00,404.6,419.4,404.6,412.4,1522
2022-10-27 12:00:00,412.4,413.4,407.0,409.0,1171
2022-10-27 16:00:00,408.4,408.4,406.2,407.2,374
2022-10-28 08:00:00,411.0,414.0,407.4,408.2,1027
2022-10-28 12:00:00,408.0,411.2,380.0,409.2,2901
2022-10-28 16:00:00,409.4,409.8,405.0,407.6,163
2022-10-31 08:00:00,406.2,409.0,403.4,408.0,504
2022-10-31 12:00:00,408.0,408.0,405.6,407.8,185
2022-10-31 16:00:00,407.8,408.2,406.2,407.8,169
2022-11-01 08:00:00,407.8,409.6,405.0,405.4,394
2022-11-01 12:00:00,406.6,407.0,405.4,406.8,284
2022-11-01 16:00:00,406.6,406.6,405.0,406.4,142
2022-11-02 08:00:00,406.4,414.8,406.4,412.0,2015
2022-11-02 12:00:00,412.0,414.8,411.0,412.0,1549
2022-11-02 16:00:00,411.0,412.4,411.0,411.6,251
2022-11-03 08:00:00,411.6,412.0,395.4,406.4,1082
2022-11-03 12:00:00,406.2,409.6,405.0,409.0,211
2022-11-03 16:00:00,409.0,409.4,405.2,405.2,302
2022-11-07 08:00:00,408.8,415.2,405.6,415.2,1648
2022-11-07 12:00:00,414.8,420.0,414.6,415.8,1893
2022-11-07 16:00:00,415.8,415.8,414.6,414.6,617
2022-11-08 08:00:00,415.0,418.2,412.6,416.0,514
2022-11-08 12:00:00,415.4,416.0,415.0,415.0,391
2022-11-08 16:00:00,415.0,415.2,415.0,415.2,503
2022-11-09 08:00:00,417.6,425.0,415.0,419.0,2190
2022-11-09 12:00:00,419.2,420.0,419.0,419.8,1995
2022-11-09 16:00:00,419.8,420.0,419.0,419.0,853
2022-11-10 08:00:00,419.4,423.8,418.2,422.0,984
2022-11-10 12:00:00,422.2,425.6,421.8,425.2,813
2022-11-10 16:00:00,425.2,425.4,420.6,423.6,480
2022-11-11 08:00:00,425.2,426.0,421.2,423.4,284
2022-11-11 12:00:00,423.4,425.6,423.2,423.4,415
2022-11-11 16:00:00,423.4,424.8,423.0,423.0,375
2022-11-14 08:00:00,426.0,426.2,421.0,424.4,298
2022-11-14 12:00:00,424.2,425.6,424.0,424.4,212
2022-11-14 16:00:00,424.0,425.0,424.0,424.0,193
2022-11-15 08:00:00,418.4,423.6,417.2,421.6,278
2022-11-15 12:00:00,421.6,422.2,421.0,421.2,256
2022-11-15 16:00:00,421.2,424.0,421.0,422.4,283
2022-11-16 08:00:00,418.0,426.0,400.4,424.0,1002
2022-11-16 12:00:00,424.2,425.0,424.0,424.2,307
2022-11-16 16:00:00,424.6,424.8,424.0,424.2,472
2022-11-17 08:00:00,424.2,429.4,424.2,427.4,219
2022-11-17 12:00:00,427.8,427.8,425.2,426.0,322
2022-11-17 16:00:00,425.4,427.2,425.2,425.8,147
2022-11-18 08:00:00,424.0,430.0,420.4,427.0,250
2022-11-18 12:00:00,427.0,429.8,427.0,428.4,964
2022-11-18 16:00:00,427.4,429.0,424.6,424.6,2245
2022-11-21 08:00:00,424.8,426.0,420.2,423.2,166
2022-11-21 12:00:00,422.8,423.2,419.2,421.4,6233
2022-11-21 16:00:00,421.4,422.0,421.0,421.2,96
2022-11-22 08:00:00,419.2,425.0,419.0,423.2,233
2022-11-22 12:00:00,421.6,426.2,421.0,422.6,111
2022-11-22 16:00:00,421.8,422.8,421.0,421.0,160
2022-11-23 08:00:00,420.2,425.8,419.0,424.8,193
2022-11-23 12:00:00,423.6,424.8,422.4,423.6,172
2022-11-23 16:00:00,424.6,426.8,422.2,425.4,163
2022-11-24 08:00:00,426.0,432.4,424.4,430.0,369
2022-11-24 12:00:00,429.8,430.0,426.4,427.8,359
2022-11-24 16:00:00,426.8,429.0,426.6,427.2,190
2022-11-25 08:00:00,425.6,429.0,425.0,426.8,103
2022-11-25 12:00:00,426.2,426.8,425.4,425.6,121
2022-11-25 16:00:00,425.6,426.8,425.0,426.8,133
2022-11-28 08:00:00,426.0,429.2,421.2,429.2,445
2022-11-28 12:00:00,428.4,434.8,428.0,431.0,1532
2022-11-28 16:00:00,430.0,431.0,428.0,428.2,264
2022-11-29 08:00:00,428.2,433.2,428.2,431.8,514
2022-11-29 12:00:00,430.6,432.8,430.0,430.2,204
2022-11-29 16:00:00,431.8,432.0,430.2,431.4,106
2022-11-30 08:00:00,431.6,431.6,425.2,429.2,124
2022-11-30 12:00:00,428.8,431.6,428.0,431.6,676
2022-11-30 16:00:00,429.0,429.6,428.2,428.2,64
2022-12-01 08:00:00,427.0,430.0,425.0,428.8,219
2022-12-01 12:00:00,429.0,430.0,428.0,428.2,612
2022-12-01 16:00:00,428.2,429.8,428.0,428.0,413
2022-12-02 08:00:00,425.2,433.0,425.2,428.2,335
2022-12-02 12:00:00,429.4,432.0,428.0,428.0,1082
2022-12-02 16:00:00,428.0,428.4,422.2,427.6,3063
2022-12-05 08:00:00,429.6,430.2,426.6,428.0,222
2022-12-05 12:00:00,428.2,428.8,428.0,428.2,478
2022-12-05 16:00:00,428.2,428.8,428.0,428.0,196
2022-12-06 08:00:00,428.0,428.0,425.2,425.2,195
2022-12-06 12:00:00,425.6,426.0,421.4,425.6,647
2022-12-06 16:00:00,425.0,426.6,424.0,426.4,1192
2022-12-07 08:00:00,424.4,426.6,424.4,425.8,59
2022-12-07 12:00:00,426.2,427.0,425.4,426.2,392
2022-12-07 16:00:00,426.8,429.6,426.0,429.0,584
2022-12-08 08:00:00,431.0,438.0,430.0,432.6,1382
2022-12-08 12:00:00,433.6,436.0,432.6,434.0,503
2022-12-08 16:00:00,432.8,433.8,430.0,430.2,1245
2022-12-09 08:00:00,431.8,435.2,429.0,432.8,314
2022-12-09 12:00:00,432.8,434.4,430.0,431.0,552
2022-12-09 16:00:00,430.4,431.2,430.0,430.8,474
2022-12-12 08:00:00,429.8,432.0,428.4,432.0,348
2022-12-12 12:00:00,431.6,432.0,430.0,430.8,643
2022-12-12 16:00:00,430.2,431.6,430.2,431.0,165
2022-12-13 08:00:00,431.0,433.8,428.8,432.8,944
2022-12-13 12:00:00,432.8,432.8,429.0,430.2,2461
2022-12-13 16:00:00,429.4,430.8,429.2,430.4,170
2022-12-14 08:00:00,431.4,431.8,429.0,431.0,158
2022-12-14 12:00:00,431.2,431.8,430.4,430.4,228
2022-12-14 16:00:00,430.4,431.0,430.0,430.2,316
2022-12-15 08:00:00,430.4,435.2,430.4,431.6,1148
2022-12-15 12:00:00,431.8,433.0,429.6,430.4,714
2022-12-15 16:00:00,430.4,431.4,430.0,430.0,525
2022-12-16 08:00:00,430.2,431.4,430.0,430.6,631
2022-12-16 12:00:00,430.4,432.0,430.4,431.2,425
2022-12-16 16:00:00,430.6,431.8,430.6,430.6,414
2022-12-19 08:00:00,432.0,432.6,429.6,432.0,228
2022-12-19 12:00:00,432.0,433.2,430.2,430.2,818
2022-12-19 16:00:00,431.2,431.2,430.2,430.4,263
2022-12-20 08:00:00,430.0,431.0,420.0,430.4,969
2022-12-20 12:00:00,430.0,432.8,429.4,429.8,1476
2022-12-20 16:00:00,430.0,431.0,428.6,430.2,216
2022-12-21 08:00:00,434.2,439.0,427.0,433.2,957
2022-12-21 12:00:00,433.0,439.0,432.2,436.8,1626
2022-12-21 16:00:00,437.0,439.0,435.4,436.4,978
2022-12-22 08:00:00,436.6,449.4,436.4,448.8,2152
2022-12-22 12:00:00,449.0,461.4,448.6,459.4,3178
2022-12-22 16:00:00,459.0,459.4,450.0,450.2,432
2022-12-23 08:00:00,457.6,461.0,443.6,456.0,1279
2022-12-23 12:00:00,454.8,456.0,451.0,455.8,1151
2022-12-23 16:00:00,455.6,456.0,451.0,454.0,732
2022-12-26 08:00:00,450.0,464.0,447.4,458.0,488
2022-12-26 12:00:00,457.2,470.0,456.6,467.2,1146
2022-12-26 16:00:00,467.0,473.4,463.4,467.8,1267
2022-12-27 08:00:00,470.4,470.8,456.4,460.2,1047
2022-12-27 12:00:00,460.2,462.2,459.8,461.2,664
2022-12-27 16:00:00,461.4,461.4,459.2,459.2,267
2022-12-28 08:00:00,460.6,462.8,456.4,459.0,710
2022-12-28 12:00:00,459.2,467.0,459.0,461.0,397
2022-12-28 16:00:00,460.8,461.0,457.2,457.4,416
2022-12-29 08:00:00,463.6,463.6,455.0,456.2,262
2022-12-29 12:00:00,456.0,457.0,455.6,455.6,312
2022-12-29 16:00:00,455.8,456.0,450.6,453.6,320
2022-12-30 08:00:00,450.6,455.4,446.6,451.8,371
2022-12-30 12:00:00,452.0,453.8,449.0,453.4,340
2022-12-30 16:00:00,454.0,454.8,451.0,451.0,208
2023-01-03 08:00:00,454.0,460.0,450.0,452.8,573
2023-01-03 12:00:00,452.6,457.4,452.6,455.2,181
2023-01-03 16:00:00,455.2,460.0,454.6,458.2,293
2023-01-04 08:00:00,457.0,462.0,457.0,459.6,230
2023-01-04 12:00:00,459.6,462.0,457.8,461.6,502
2023-01-04 16:00:00,461.8,465.0,460.6,462.2,296
2023-01-05 08:00:00,465.0,467.0,457.0,459.6,305
2023-01-05 12:00:00,460.0,461.0,458.2,458.2,227
2023-01-05 16:00:00,459.2,459.4,450.8,457.4,356
2023-01-06 08:00:00,457.4,457.4,450.0,450.0,417
2023-01-06 12:00:00,450.4,454.8,450.0,453.0,343
2023-01-06 16:00:00,453.0,454.6,450.0,450.0,178
2023-01-09 08:00:00,470.0,474.8,460.0,464.4,1674
2023-01-09 12:00:00,464.4,466.8,461.4,463.6,565
2023-01-09 16:00:00,463.6,463.8,462.6,463.8,383
2023-01-10 08:00:00,464.4,468.6,463.4,465.4,565
2023-01-10 12:00:00,465.4,466.8,464.0,466.8,290
2023-01-10 16:00:00,466.0,467.0,463.0,464.0,223
2023-01-11 08:00:00,464.0,464.0,454.0,460.0,376
2023-01-11 12:00:00,460.0,460.0,456.2,459.2,511
2023-01-11 16:00:00,459.8,460.0,458.0,459.0,239
2023-01-12 08:00:00,458.6,465.8,457.2,463.2,278
2023-01-12 12:00:00,463.2,468.8,461.0,466.8,426
2023-01-12 16:00:00,467.0,467.0,463.4,463.4,914
2023-01-13 08:00:00,465.6,471.0,465.6,469.6,453
2023-01-13 12:00:00,469.4,473.0,459.0,471.0,2279
2023-01-13 16:00:00,470.6,472.0,470.0,470.0,475
2023-01-16 08:00:00,471.8,490.4,471.8,482.6,3020
2023-01-16 12:00:00,482.6,487.0,481.2,482.8,1314
2023-01-16 16:00:00,482.6,487.2,482.2,487.0,713
2023-01-17 08:00:00,485.8,512.0,468.8,478.2,5610
2023-01-17 12:00:00,478.0,494.0,477.4,487.8,1063
2023-01-17 16:00:00,488.2,488.6,485.0,485.0,734
2023-01-18 08:00:00,481.0,490.0,481.0,488.2,940
2023-01-18 12:00:00,488.0,489.0,485.0,485.8,2432
2023-01-18 16:00:00,485.2,491.0,485.2,490.0,355
2023-01-19 08:00:00,493.6,493.8,475.0,480.2,864
2023-01-19 12:00:00,480.2,483.8,477.0,480.0,394
2023-01-19 16:00:00,480.0,482.8,480.0,480.0,1571
2023-01-20 08:00:00,482.0,490.0,482.0,487.0,570
2023-01-20 12:00:00,486.0,490.0,483.4,487.0,591
2023-01-20 16:00:00,487.4,488.2,483.6,484.8,341
2023-01-23 08:00:00,485.2,487.8,480.0,487.0,658
2023-01-23 12:00:00,487.0,488.8,486.4,488.4,589
2023-01-23 16:00:00,488.6,488.8,486.0,487.4,596
2023-01-24 08:00:00,487.4,489.0,484.2,488.2,535
2023-01-24 12:00:00,488.2,488.4,486.2,486.4,505
2023-01-24 16:00:00,486.4,487.8,486.0,487.8,384
2023-01-25 08:00:00,487.4,488.6,482.8,487.0,491
2023-01-25 12:00:00,487.0,491.6,484.8,489.6,940
2023-01-25 16:00:00,489.6,490.0,487.4,487.4,487
2023-01-26 08:00:00,487.6,500.0,485.4,495.8,1149
2023-01-26 12:00:00,496.6,497.4,490.0,492.0,1042
2023-01-26 16:00:00,491.8,494.6,490.4,494.2,469
2023-01-27 08:00:00,497.2,497.4,491.0,491.2,213
2023-01-27 12:00:00,491.2,492.8,489.2,490.2,1328
2023-01-27 16:00:00,490.6,493.4,490.4,491.0,290
2023-01-30 08:00:00,492.8,492.8,486.4,487.6,165
2023-01-30 12:00:00,487.6,492.2,487.0,490.0,347
2023-01-30 16:00:00,490.2,490.8,489.2,489.8,193
2023-01-31 08:00:00,489.8,496.4,489.8,495.6,448
2023-01-31 12:00:00,494.8,496.0,493.2,495.0,340
2023-01-31 16:00:00,495.6,498.6,493.0,497.6,924
2023-02-01 08:00:00,497.6,502.0,493.4,494.8,1302
2023-02-01 12:00:00,495.2,517.6,495.0,503.6,3856
2023-02-01 16:00:00,503.8,506.0,502.2,502.2,503
2023-02-02 08:00:00,499.8,509.6,489.0,505.8,1311
2023-02-02 12:00:00,506.0,509.6,505.0,507.8,809
2023-02-02 16:00:00,508.6,509.4,507.4,508.4,458
2023-02-03 08:00:00,508.4,509.6,502.0,506.2,570
2023-02-03 12:00:00,505.8,508.0,505.0,507.8,1230
2023-02-03 16:00:00,507.8,507.8,505.2,505.6,305
2023-02-06 08:00:00,507.2,515.4,501.8,515.0,1027
2023-02-06 12:00:00,515.4,530.0,514.0,522.2,1726
2023-02-06 16:00:00,523.0,523.2,514.0,517.2,617
2023-02-07 08:00:00,521.0,527.4,518.2,519.4,1495
2023-02-07 12:00:00,519.2,543.6,519.2,532.2,4152
2023-02-07 16:00:00,532.4,548.0,525.0,548.0,3413
2023-02-08 08:00:00,551.6,561.4,538.8,546.2,2648
2023-02-08 12:00:00,546.6,555.4,525.2,539.0,3330
2023-02-08 16:00:00,538.8,540.0,537.0,537.8,501
2023-02-09 08:00:00,537.8,541.0,519.6,524.0,1353
2023-02-09 12:00:00,524.4,537.2,524.4,534.8,1013
2023-02-09 16:00:00,535.2,535.8,534.0,534.8,223
2023-02-10 08:00:00,537.4,542.0,528.2,528.6,434
2023-02-10 12:00:00,528.8,530.8,525.4,528.2,586
2023-02-10 16:00:00,528.2,532.6,519.6,519.6,1510
2023-02-13 08:00:00,524.2,536.0,511.0,529.6,893
2023-02-13 12:00:00,528.4,529.8,518.8,523.0,1109
2023-02-13 16:00:00,522.8,524.8,520.2,524.4,242
2023-02-14 08:00:00,526.0,528.6,512.2,513.4,679
2023-02-14 12:00:00,513.6,520.8,512.2,515.8,795
2023-02-14 16:00:00,515.8,517.4,514.4,514.4,293
2023-02-15 08:00:00,512.8,514.4,487.0,494.4,1799
2023-02-15 12:00:00,494.4,500.0,487.0,495.6,1530
2023-02-15 16:00:00,494.4,495.4,459.8,477.8,1759
2023-02-16 08:00:00,462.2,594.8,462.0,557.4,37210
2023-02-16 12:00:00,557.4,564.2,505.2,507.0,12973
2023-02-16 16:00:00,507.0,515.4,500.0,508.0,3083
2023-02-17 08:00:00,517.8,527.0,491.4,514.2,4258
2023-02-17 12:00:00,514.4,520.4,505.0,509.2,1547
2023-02-17 16:00:00,508.8,509.6,505.0,508.6,375
2023-02-20 08:00:00,508.8,508.8,500.0,501.6,937
2023-02-20 12:00:00,501.6,502.8,500.0,501.4,814
2023-02-20 16:00:00,502.2,512.0,501.2,509.4,642
2023-02-21 08:00:00,503.0,513.2,501.0,504.4,708
2023-02-21 12:00:00,504.4,512.2,504.2,509.4,1108
2023-02-21 16:00:00,510.2,512.0,506.8,508.4,595
2023-02-22 08:00:00,513.6,513.6,504.4,511.2,471
2023-02-22 12:00:00,511.0,520.0,511.0,515.4,1138
2023-02-22 16:00:00,515.6,516.0,511.4,512.0,276
2023-02-24 08:00:00,513.2,537.0,513.2,523.8,4204
2023-02-24 12:00:00,523.0,525.4,520.8,523.4,848
2023-02-24 16:00:00,522.2,523.6,519.2,521.0,544
2023-02-27 08:00:00,521.4,532.8,521.4,527.6,1305
2023-02-27 12:00:00,526.2,533.0,525.2,532.6,564
2023-02-27 16:00:00,532.6,534.0,531.6,533.8,438
2023-02-28 08:00:00,534.8,542.6,534.0,536.0,1334
2023-02-28 12:00:00,536.4,538.4,533.0,537.0,508
2023-02-28 16:00:00,537.0,537.8,533.0,534.6,418
2023-03-01 08:00:00,536.6,538.6,534.8,535.6,328
2023-03-01 12:00:00,536.8,537.4,535.6,536.0,269
2023-03-01 16:00:00,536.0,536.4,532.0,534.0,343
2023-03-02 08:00:00,534.0,541.0,533.0,537.0,733
2023-03-02 12:00:00,537.0,537.2,518.8,528.0,1503
2023-03-02 16:00:00,527.0,528.2,523.0,523.0,276
2023-03-03 08:00:00,523.6,532.0,520.0,530.0,685
2023-03-03 12:00:00,530.0,557.0,530.0,531.2,5009
2023-03-03 16:00:00,531.2,547.6,530.2,537.0,965
2023-03-06 08:00:00,545.2,545.2,538.8,542.8,570
2023-03-06 12:00:00,543.0,569.2,536.0,543.2,3852
2023-03-06 16:00:00,544.0,547.8,543.0,544.0,510
2023-03-07 08:00:00,544.2,547.0,541.0,543.0,506
2023-03-07 12:00:00,543.0,550.0,540.0,545.2,939
2023-03-07 16:00:00,545.2,547.0,544.0,545.8,253
2023-03-09 08:00:00,546.8,564.0,546.8,558.2,1494
2023-03-09 12:00:00,556.6,562.2,550.6,553.6,2072
2023-03-09 16:00:00,554.4,554.8,553.2,554.4,448
2023-03-10 08:00:00,559.4,559.4,549.4,555.4,1577
2023-03-10 12:00:00,555.4,558.4,555.0,555.8,562
2023-03-10 16:00:00,556.0,559.2,551.4,556.8,528
2023-03-13 08:00:00,554.0,561.8,549.2,555.0,574
2023-03-13 12:00:00,554.8,558.0,546.2,546.6,985
2023-03-13 16:00:00,546.2,550.8,543.2,549.2,480
2023-03-14 08:00:00,551.0,562.0,533.2,544.2,1912
2023-03-14 12:00:00,544.2,545.8,540.2,541.8,324
2023-03-14 16:00:00,543.2,547.0,542.0,546.6,466
2023-03-15 08:00:00,550.6,557.4,547.6,548.6,465
2023-03-15 12:00:00,549.8,550.0,542.6,544.8,408
2023-03-15 16:00:00,544.6,549.8,543.0,546.6,199
2023-03-16 08:00:00,548.4,552.6,544.4,550.0,278
2023-03-16 12:00:00,550.0,552.8,543.0,543.8,476
2023-03-16 16:00:00,543.8,546.8,540.0,546.0,484
2023-03-17 08:00:00,548.0,550.0,547.0,549.6,206
2023-03-17 12:00:00,548.2,549.0,543.4,547.2,294
2023-03-17 16:00:00,546.0,548.4,540.0,546.2,823
2023-03-20 08:00:00,548.2,548.8,542.0,542.8,551
2023-03-20 12:00:00,542.8,550.0,542.6,546.8,1226
2023-03-20 16:00:00,545.8,547.6,545.4,545.6,219
2023-03-21 08:00:00,547.6,550.2,544.2,544.8,304
2023-03-21 12:00:00,544.8,546.8,544.4,544.8,370
2023-03-21 16:00:00,544.6,544.6,540.0,541.4,915
2023-03-22 08:00:00,547.0,547.0,538.0,544.2,527
2023-03-22 12:00:00,544.0,545.0,543.0,545.0,976
2023-03-22 16:00:00,544.8,544.8,542.2,543.6,419
2023-03-23 08:00:00,545.0,610.0,544.2,578.4,18032
2023-03-23 12:00:00,579.8,594.0,570.6,594.0,7926
2023-03-23 16:00:00,593.8,595.6,570.0,583.8,3516
2023-03-24 08:00:00,585.4,598.0,584.4,585.8,3050
2023-03-24 12:00:00,587.4,594.0,585.0,588.6,890
2023-03-24 16:00:00,588.4,590.0,578.8,582.6,1041
2023-03-27 08:00:00,585.0,647.8,584.6,603.4,18953
2023-03-27 12:00:00,603.8,611.8,600.0,600.0,4374
2023-03-27 16:00:00,600.0,602.8,596.0,598.0,1364
2023-03-28 08:00:00,606.0,606.0,590.2,593.6,1071
2023-03-28 12:00:00,593.4,598.0,592.8,597.4,942
2023-03-28 16:00:00,596.8,601.8,596.8,601.6,673
2023-03-29 08:00:00,603.8,603.8,595.2,597.0,545
2023-03-29 12:00:00,597.6,598.0,578.6,591.8,3391
2023-03-29 16:00:00,592.4,597.4,592.0,595.0,661
2023-03-30 08:00:00,599.0,619.0,592.0,604.8,8092
2023-03-30 12:00:00,604.2,606.8,600.2,603.4,2408
2023-03-30 16:00:00,603.8,604.4,600.0,601.4,840
2023-03-31 08:00:00,604.6,612.0,594.8,606.6,1661
2023-03-31 12:00:00,605.4,606.8,598.0,599.6,1178
2023-03-31 16:00:00,599.2,599.8,597.0,599.0,352
2023-04-03 08:00:00,610.4,625.0,610.0,619.0,6377
2023-04-03 12:00:00,617.8,640.0,615.0,633.8,5794
2023-04-03 16:00:00,633.8,640.0,626.2,640.0,1655
2023-04-04 08:00:00,640.0,647.4,628.6,638.2,2925
2023-04-04 12:00:00,638.2,654.0,636.0,643.0,3220
2023-04-04 16:00:00,643.0,646.0,642.4,646.0,705
2023-04-05 08:00:00,646.6,648.0,630.0,640.0,2118
2023-04-05 12:00:00,640.8,649.6,637.0,647.2,1023
2023-04-05 16:00:00,647.4,649.8,644.2,649.4,912
2023-04-06 08:00:00,650.8,690.0,650.8,687.6,16911
2023-04-06 12:00:00,687.6,689.0,673.0,683.0,3784
2023-04-06 16:00:00,683.0,690.0,670.0,670.0,6470
2023-04-07 08:00:00,675.6,689.8,672.6,684.8,2764
2023-04-07 12:00:00,684.8,684.8,672.0,676.4,1819
2023-04-07 16:00:00,676.4,680.0,674.8,675.8,2378
2023-04-10 08:00:00,684.4,685.0,679.2,684.0,1632
2023-04-10 12:00:00,684.6,688.4,674.4,681.2,2690
2023-04-10 16:00:00,681.2,684.6,670.8,677.2,1381
2023-04-11 08:00:00,678.0,684.0,676.2,677.0,726
2023-04-11 12:00:00,677.8,681.2,661.4,668.8,3273
2023-04-11 16:00:00,669.4,669.4,631.0,663.8,2949
2023-04-12 08:00:00,663.8,672.4,649.2,662.4,1952
2023-04-12 12:00:00,662.8,664.0,658.6,663.6,1203
2023-04-12 16:00:00,663.4,664.0,659.4,663.6,487
2023-04-13 08:00:00,663.6,669.6,663.0,663.0,636
2023-04-13 12:00:00,663.4,673.2,662.8,668.6,1178
2023-04-13 16:00:00,668.4,669.8,663.0,664.4,382
2023-04-14 08:00:00,671.4,672.4,663.0,664.0,922
2023-04-14 12:00:00,663.8,668.0,663.4,666.4,547
2023-04-14 16:00:00,666.4,667.8,666.2,667.4,367
2023-04-17 08:00:00,674.6,674.6,669.0,672.2,590
2023-04-17 12:00:00,672.2,674.0,668.4,672.2,461
2023-04-17 16:00:00,673.6,674.2,672.0,673.2,557
2023-04-18 08:00:00,676.0,678.0,663.0,675.0,1313
2023-04-18 12:00:00,674.8,676.0,664.0,671.2,933
2023-04-18 16:00:00,670.4,674.6,670.4,673.0,311
2023-04-19 08:00:00,673.0,674.6,670.0,670.0,526
2023-04-19 12:00:00,670.2,670.2,665.4,665.6,1117
2023-04-19 16:00:00,666.6,669.4,665.6,667.4,313
2023-04-20 08:00:00,668.2,676.4,664.8,664.8,1322
2023-04-20 12:00:00,664.8,673.8,655.2,672.4,1028
2023-04-20 16:00:00,672.0,674.0,670.0,670.4,620
2023-04-21 08:00:00,674.2,674.2,670.0,673.0,446
2023-04-21 12:00:00,673.0,674.0,667.2,668.8,611
2023-04-21 16:00:00,669.0,671.0,665.2,671.0,566
2023-04-24 08:00:00,672.8,675.0,666.6,670.6,571
2023-04-24 12:00:00,671.0,672.0,668.0,669.6,513
2023-04-24 16:00:00,670.4,670.6,668.0,670.6,206
2023-04-25 08:00:00,668.0,675.0,667.4,673.8,628
2023-04-25 12:00:00,673.2,674.2,666.8,668.0,735
2023-04-25 16:00:00,668.0,668.8,667.0,667.6,396
2023-04-26 08:00:00,667.8,668.0,666.0,667.2,809
2023-04-26 12:00:00,667.2,667.2,665.6,667.0,892
2023-04-26 16:00:00,666.2,667.2,664.8,665.4,490
2023-04-27 08:00:00,666.0,677.4,665.6,671.8,995
2023-04-27 12:00:00,671.8,672.0,667.0,667.0,393
2023-04-27 16:00:00,667.2,668.8,666.4,667.4,288
2023-04-28 08:00:00,670.6,672.4,666.8,668.4,725
2023-04-28 12:00:00,669.2,671.2,666.2,667.8,641
2023-04-28 16:00:00,668.4,671.4,666.0,669.0,859
2023-05-02 08:00:00,676.6,677.0,671.8,676.0,1274
2023-05-02 12:00:00,675.4,676.0,668.0,669.0,1189
2023-05-02 16:00:00,669.0,669.0,661.6,662.6,1637
2023-05-03 08:00:00,662.6,672.4,631.8,656.6,1763
2023-05-03 12:00:00,658.0,672.8,650.0,655.4,1435
2023-05-03 16:00:00,656.4,658.4,644.2,647.6,554
2023-05-04 08:00:00,642.0,664.2,632.0,654.8,683
2023-05-04 12:00:00,654.8,655.0,647.0,649.4,376
2023-05-04 16:00:00,649.4,653.0,633.4,640.6,526
2023-05-05 08:00:00,640.4,655.0,639.2,654.6,454
2023-05-05 12:00:00,654.6,655.0,644.0,647.2,1039
2023-05-05 16:00:00,649.4,649.4,642.2,642.8,365
2023-05-08 08:00:00,648.2,670.6,645.8,665.0,1121
2023-05-08 12:00:00,664.8,665.6,647.2,651.4,908
2023-05-08 16:00:00,651.4,661.6,650.2,661.0,486
2023-05-10 08:00:00,661.0,692.0,646.4,680.0,3748
2023-05-10 12:00:00,680.0,684.0,674.2,679.4,1505
2023-05-10 16:00:00,679.8,682.6,674.2,682.0,946
2023-05-11 08:00:00,698.0,705.0,686.0,701.4,4016
2023-05-11 12:00:00,702.6,702.8,697.8,700.2,2139
2023-05-11 16:00:00,700.2,709.6,700.0,708.6,1293
2023-05-12 08:00:00,708.6,744.0,687.4,721.0,12767
2023-05-12 12:00:00,721.0,726.8,714.4,725.8,2853
2023-05-12 16:00:00,724.6,727.0,718.0,719.0,1699
2023-05-15 08:00:00,739.8,739.8,710.0,730.2,2386
2023-05-15 12:00:00,730.4,732.0,726.8,731.0,1204
2023-05-15 16:00:00,731.0,731.0,718.0,726.2,1728
2023-05-16 08:00:00,729.8,739.2,710.2,723.8,4033
2023-05-16 12:00:00,721.8,729.8,719.4,724.2,1291
2023-05-16 16:00:00,725.0,727.2,720.0,724.2,771
2023-05-17 08:00:00,725.6,731.8,711.0,719.8,1795
2023-05-17 12:00:00,719.2,724.0,716.8,722.8,1253
2023-05-17 16:00:00,722.0,722.8,718.0,722.4,1274
2023-05-18 08:00:00,715.6,725.0,715.6,718.8,1818
2023-05-18 12:00:00,718.8,720.0,715.8,719.4,2021
2023-05-18 16:00:00,719.4,723.0,717.0,722.2,2814
2023-05-19 08:00:00,689.0,692.0,677.2,682.6,6442
2023-05-19 12:00:00,682.8,688.4,681.0,683.2,3172
2023-05-19 16:00:00,683.2,686.0,681.6,682.6,1163
2023-05-22 08:00:00,687.4,700.2,685.0,698.8,2519
2023-05-22 12:00:00,698.8,704.8,685.0,689.4,2734
2023-05-22 16:00:00,689.8,697.6,686.2,686.2,566
2023-05-23 08:00:00,692.0,692.0,665.8,680.6,1162
2023-05-23 12:00:00,680.6,681.6,676.4,676.4,985
2023-05-23 16:00:00,677.6,680.0,675.0,679.8,792
2023-05-24 08:00:00,682.2,682.2,669.0,671.8,1541
2023-05-24 12:00:00,670.8,675.0,670.0,672.8,727
2023-05-24 16:00:00,673.4,675.0,670.2,670.4,424
2023-05-25 08:00:00,670.4,682.2,670.0,678.0,858
2023-05-25 12:00:00,678.2,679.8,674.8,676.2,481
2023-05-25 16:00:00,676.8,677.0,675.4,676.2,289
2023-05-26 08:00:00,677.0,689.8,677.0,689.8,1203
2023-05-26 12:00:00,689.8,689.8,686.4,689.2,1674
2023-05-26 16:00:00,689.2,689.6,686.4,686.4,628
2023-05-29 08:00:00,689.0,702.0,686.8,697.4,1532
2023-05-29 12:00:00,697.4,698.0,689.4,693.2,864
2023-05-29 16:00:00,693.4,694.8,689.0,691.0,713
2023-05-30 08:00:00,688.2,688.2,668.4,684.6,1439
2023-05-30 12:00:00,685.0,685.0,680.2,682.8,758
2023-05-30 16:00:00,683.0,683.0,663.8,675.6,1614
2023-05-31 08:00:00,674.4,681.0,665.4,680.0,1022
2023-05-31 12:00:00,680.0,684.6,668.2,670.0,1035
2023-05-31 16:00:00,670.0,670.0,669.4,669.6,837
2023-06-01 08:00:00,672.2,709.8,669.0,686.2,5094
2023-06-01 12:00:00,685.8,689.0,677.2,680.0,1736
2023-06-01 16:00:00,679.2,679.4,632.0,662.0,3186
2023-06-02 08:00:00,662.0,669.8,645.4,659.4,1447
2023-06-02 12:00:00,660.2,665.4,659.0,662.0,784
2023-06-02 16:00:00,662.6,667.4,662.0,666.8,539
2023-06-05 08:00:00,666.8,674.0,661.2,669.2,1225
2023-06-05 12:00:00,669.4,671.0,661.0,661.0,1074
2023-06-05 16:00:00,661.6,664.8,655.2,659.2,824
2023-06-06 08:00:00,656.0,656.0,643.4,649.0,1165
2023-06-06 12:00:00,649.4,650.0,647.2,649.8,616
2023-06-06 16:00:00,649.8,650.0,649.0,649.6,463
2023-06-07 08:00:00,649.8,673.0,646.8,664.0,1075
2023-06-07 12:00:00,664.0,665.8,656.4,657.6,886
2023-06-07 16:00:00,657.0,657.0,649.0,653.6,546
2023-06-08 08:00:00,656.4,665.0,649.2,657.2,1246
2023-06-08 12:00:00,657.6,664.0,655.8,662.0,1362
2023-06-08 16:00:00,662.0,662.0,660.0,660.2,343
2023-06-09 08:00:00,660.6,663.0,659.2,661.0,347
2023-06-09 12:00:00,661.2,661.2,658.0,658.8,358
2023-06-09 16:00:00,658.4,659.0,657.0,657.2,407
2023-06-13 08:00:00,660.0,665.0,657.2,664.2,507
2023-06-13 12:00:00,664.2,664.6,657.0,658.0,939
2023-06-13 16:00:00,657.2,659.8,655.0,659.8,268
2023-06-14 08:00:00,659.6,661.0,641.4,656.8,1466
2023-06-14 12:00:00,656.8,658.4,650.0,653.0,1373
2023-06-14 16:00:00,653.2,655.0,651.0,654.4,504
2023-06-15 08:00:00,655.8,655.8,650.0,651.0,523
2023-06-15 12:00:00,651.2,655.0,648.0,651.0,1592
2023-06-15 16:00:00,650.2,651.0,648.8,649.8,458
2023-06-16 08:00:00,649.4,652.4,648.4,649.4,605
2023-06-16 12:00:00,649.4,651.8,648.6,650.4,558
2023-06-16 16:00:00,650.8,652.8,650.0,651.4,545
2023-06-19 08:00:00,651.8,655.6,648.0,650.0,588
2023-06-19 12:00:00,650.0,650.0,647.8,649.0,772
2023-06-19 16:00:00,649.6,650.0,648.0,649.6,350
2023-06-20 08:00:00,650.0,653.8,645.6,646.2,563
2023-06-20 12:00:00,646.2,647.0,646.0,646.6,443
2023-06-20 16:00:00,647.0,647.0,633.0,637.0,2315
2023-06-21 08:00:00,638.2,640.8,634.0,638.0,1462
2023-06-21 12:00:00,638.2,644.8,638.0,643.8,1153
2023-06-21 16:00:00,643.4,643.4,625.6,632.0,2576
2023-06-22 08:00:00,634.0,636.8,629.0,632.8,1271
2023-06-22 12:00:00,632.8,634.0,632.2,633.4,614
2023-06-22 16:00:00,633.6,635.0,632.8,635.0,552
2023-06-23 08:00:00,632.2,639.0,632.0,638.0,1074
2023-06-23 12:00:00,638.0,639.0,636.6,639.0,547
2023-06-23 16:00:00,639.0,639.2,634.4,637.0,492
2023-06-26 08:00:00,637.2,639.0,614.0,628.6,2301
2023-06-26 12:00:00,629.6,630.0,625.0,626.6,1407
2023-06-26 16:00:00,627.4,630.0,624.6,627.8,401
2023-06-27 08:00:00,632.0,632.0,623.4,625.6,495
2023-06-27 12:00:00,625.8,627.0,625.0,625.2,890
2023-06-27 16:00:00,626.2,627.0,625.0,626.0,632
2023-06-28 08:00:00,625.8,625.8,619.8,620.2,1046
2023-06-28 12:00:00,620.4,624.6,620.2,622.0,552
2023-06-28 16:00:00,622.0,622.0,618.6,618.6,748
2023-06-29 08:00:00,618.6,626.0,616.0,626.0,1367
2023-06-29 12:00:00,626.0,626.0,622.0,622.0,681
2023-06-29 16:00:00,622.0,625.0,620.6,624.6,518
2023-06-30 08:00:00,625.0,647.4,624.8,639.0,3498
2023-06-30 12:00:00,639.0,641.4,632.4,636.8,1139
2023-06-30 16:00:00,636.8,645.0,631.2,644.0,1344
2023-07-03 08:00:00,644.0,656.6,640.2,654.8,3166
2023-07-03 12:00:00,654.8,655.0,646.4,648.8,1946
2023-07-03 16:00:00,648.8,652.0,648.0,649.8,1302
2023-07-04 08:00:00,652.0,655.0,639.2,641.2,985
2023-07-04 12:00:00,641.8,642.4,639.2,642.0,722
2023-07-04 16:00:00,641.8,641.8,640.2,640.2,246
2023-07-05 08:00:00,642.0,657.4,639.4,654.8,3603
2023-07-05 12:00:00,655.0,657.4,650.4,652.0,2211
2023-07-05 16:00:00,651.8,654.0,651.6,651.6,912
2023-07-06 08:00:00,651.8,656.2,648.0,649.6,910
2023-07-06 12:00:00,649.8,650.0,643.6,644.2,921
2023-07-06 16:00:00,644.2,647.8,644.0,645.0,294
2023-07-07 08:00:00,648.0,650.0,645.0,648.0,444
2023-07-07 12:00:00,648.0,649.4,631.2,637.8,1529
2023-07-07 16:00:00,638.0,639.2,634.0,635.0,800
2023-07-10 08:00:00,636.0,645.0,618.6,638.8,1939
2023-07-10 12:00:00,638.6,642.0,633.2,640.0,2477
2023-07-10 16:00:00,640.0,647.4,640.0,644.2,1307
2023-07-11 08:00:00,644.2,648.0,640.0,644.8,1218
2023-07-11 12:00:00,645.4,645.6,639.2,644.2,1030
2023-07-11 16:00:00,644.2,644.8,643.2,644.4,120
2023-07-12 08:00:00,645.2,647.6,642.0,643.8,481
2023-07-12 12:00:00,644.0,645.2,641.2,644.8,398
2023-07-12 16:00:00,644.8,648.0,639.8,644.0,1256
2023-07-13 08:00:00,647.4,648.0,641.8,647.0,858
2023-07-13 12:00:00,647.0,647.6,642.0,642.4,647
2023-07-13 16:00:00,642.4,643.0,642.0,643.0,125
2023-07-14 08:00:00,645.4,645.8,640.0,643.8,381
2023-07-14 12:00:00,644.0,647.8,640.0,646.2,617
2023-07-14 16:00:00,646.4,649.8,645.6,645.8,650
2023-07-17 08:00:00,644.6,657.8,641.0,649.8,2478
2023-07-17 12:00:00,650.0,650.0,642.0,646.8,1492
2023-07-17 16:00:00,646.8,647.8,645.0,645.2,640
2023-07-18 08:00:00,645.8,657.0,644.0,653.0,6162
2023-07-18 12:00:00,653.0,662.2,653.0,656.4,4187
2023-07-18 16:00:00,656.4,658.4,648.6,656.0,3365
2023-07-19 08:00:00,659.2,660.0,650.2,654.4,1941
2023-07-19 12:00:00,654.4,657.4,653.2,657.0,1763
2023-07-19 16:00:00,657.0,657.4,654.2,655.8,848
2023-07-20 08:00:00,657.6,685.0,657.0,662.8,11020
2023-07-20 12:00:00,661.8,662.8,645.0,658.2,5268
2023-07-20 16:00:00,658.2,662.8,654.0,654.0,1764
2023-07-21 08:00:00,653.8,654.8,647.2,651.6,1142
2023-07-21 12:00:00,650.6,660.2,649.0,656.2,1384
2023-07-21 16:00:00,657.4,661.2,656.4,659.2,699
2023-07-24 08:00:00,659.2,679.0,652.0,670.2,4485
2023-07-24 12:00:00,670.2,672.0,666.6,667.0,2007
2023-07-24 16:00:00,667.0,670.0,666.8,670.0,682
2023-07-25 08:00:00,672.0,676.6,670.2,671.0,947
2023-07-25 12:00:00,671.0,672.4,666.4,669.2,921
2023-07-25 16:00:00,669.2,670.4,666.2,667.2,892
2023-07-26 08:00:00,671.2,683.8,668.2,676.2,3382
2023-07-26 12:00:00,676.2,686.8,676.2,684.4,3434
2023-07-26 16:00:00,684.4,687.0,678.4,679.0,2369
2023-07-27 08:00:00,681.0,685.0,678.8,685.0,1839
2023-07-27 12:00:00,685.0,689.8,683.0,687.8,3856
2023-07-27 16:00:00,687.8,688.0,680.2,683.6,1499
2023-07-28 08:00:00,684.2,690.0,663.0,672.0,7126
2023-07-28 12:00:00,672.0,679.8,672.0,679.4,1648
2023-07-28 16:00:00,679.2,679.6,672.2,672.2,1407
2023-07-31 08:00:00,676.6,681.8,673.6,677.6,1864
2023-07-31 12:00:00,678.0,679.8,677.2,678.8,1470
2023-07-31 16:00:00,678.8,679.8,674.0,677.0,1569
2023-08-01 08:00:00,678.0,679.8,670.4,675.4,1496
2023-08-01 12:00:00,675.4,679.4,672.8,679.4,1542
2023-08-01 16:00:00,679.4,679.4,676.8,676.8,1175
2023-08-02 08:00:00,680.0,692.8,668.0,675.8,4468
2023-08-02 12:00:00,675.8,682.2,670.8,673.8,3814
2023-08-02 16:00:00,673.6,676.4,670.0,673.8,1667
2023-08-03 08:00:00,673.8,677.4,668.0,673.2,1960
2023-08-03 12:00:00,673.0,682.0,672.0,679.0,2466
2023-08-03 16:00:00,679.0,679.0,672.6,678.6,1266
2023-08-04 08:00:00,678.4,694.0,672.0,677.4,4870
2023-08-04 12:00:00,677.4,686.6,633.0,662.0,6689
2023-08-04 16:00:00,661.2,666.8,640.0,643.0,3112
2023-08-07 08:00:00,643.0,674.8,643.0,662.0,3071
2023-08-07 12:00:00,662.0,663.6,644.0,654.0,2968
2023-08-07 16:00:00,654.0,658.0,650.0,651.4,1167
2023-08-08 08:00:00,654.0,654.0,634.0,637.0,1713
2023-08-08 12:00:00,637.2,647.4,637.0,646.8,667
2023-08-08 16:00:00,647.0,647.0,642.2,644.8,549
2023-08-09 08:00:00,650.0,660.0,646.0,659.6,1260
2023-08-09 12:00:00,659.4,659.4,650.2,650.4,995
2023-08-09 16:00:00,650.2,655.2,646.0,653.8,776
2023-08-10 08:00:00,653.8,672.8,645.0,661.8,3856
2023-08-10 12:00:00,661.8,668.8,655.0,660.4,3911
2023-08-10 16:00:00,661.4,665.0,656.0,662.8,808
2023-08-11 08:00:00,662.8,666.0,657.0,661.4,1168
2023-08-11 12:00:00,661.8,665.0,647.8,658.6,2657
2023-08-11 16:00:00,657.8,662.0,657.2,661.2,1014
2023-08-14 08:00:00,664.8,664.8,661.2,662.0,1261
2023-08-14 12:00:00,661.4,664.6,658.2,661.0,3292
2023-08-14 16:00:00,662.0,662.6,634.0,646.2,2638
2023-08-15 08:00:00,646.2,657.4,636.2,649.2,1715
2023-08-15 12:00:00,649.2,660.0,649.2,653.0,1261
2023-08-15 16:00:00,653.0,654.6,650.2,651.0,493
2023-08-16 08:00:00,661.2,664.8,648.0,648.0,2433
2023-08-16 12:00:00,648.0,649.8,636.6,637.2,1692
2023-08-16 16:00:00,638.4,657.0,637.4,643.4,1636
2023-08-17 08:00:00,653.8,670.0,651.6,661.0,2989
2023-08-17 12:00:00,660.2,661.2,652.2,658.2,1631
2023-08-17 16:00:00,659.2,661.4,658.0,658.8,676
2023-08-18 08:00:00,660.0,661.0,654.0,659.0,722
2023-08-18 12:00:00,657.2,659.0,655.2,655.4,834
2023-08-18 16:00:00,656.0,657.8,654.4,655.0,264
2023-08-21 08:00:00,656.4,682.0,653.0,670.0,6619
2023-08-21 12:00:00,670.0,674.8,667.0,671.2,1259
2023-08-21 16:00:00,672.0,672.4,665.2,669.0,622
2023-08-22 08:00:00,679.4,683.6,672.0,672.6,1704
2023-08-22 12:00:00,674.0,675.4,670.0,671.0,918
2023-08-22 16:00:00,672.4,673.6,670.8,671.4,450
2023-08-23 08:00:00,672.2,675.4,659.0,662.0,1602
2023-08-23 12:00:00,661.6,666.0,655.0,656.0,1442
2023-08-23 16:00:00,657.0,661.8,653.0,660.0,865
2023-08-24 08:00:00,659.2,662.0,645.0,653.0,2023
2023-08-24 12:00:00,653.4,656.0,649.8,654.4,1239
2023-08-24 16:00:00,652.4,654.4,650.8,654.0,386
2023-08-25 08:00:00,656.0,657.8,654.0,655.6,376
2023-08-25 12:00:00,655.8,657.6,653.4,654.4,644
2023-08-25 16:00:00,655.6,656.0,654.0,655.2,306
2023-08-28 08:00:00,660.0,683.8,659.0,676.0,7760
2023-08-28 12:00:00,676.0,685.0,672.8,684.8,5449
2023-08-28 16:00:00,684.2,689.0,678.4,682.4,5141
2023-08-29 08:00:00,667.6,675.0,660.2,669.0,5712
2023-08-29 12:00:00,669.8,670.0,661.4,663.8,2807
2023-08-29 16:00:00,663.2,665.4,660.0,665.0,2128
2023-08-30 08:00:00,665.2,667.4,659.0,659.2,1304
2023-08-30 12:00:00,659.4,661.6,650.4,656.2,2303
2023-08-30 16:00:00,656.6,658.8,655.0,657.6,865
2023-08-31 08:00:00,658.0,667.0,657.2,659.4,1200
2023-08-31 12:00:00,659.0,664.6,657.2,664.0,750
2023-08-31 16:00:00,664.2,666.0,662.2,665.6,724
2023-09-01 08:00:00,666.2,666.4,658.0,661.2,1477
2023-09-01 12:00:00,661.4,663.4,657.0,660.0,1244
2023-09-01 16:00:00,660.0,661.4,648.6,655.4,1758
2023-09-04 08:00:00,656.0,662.0,654.4,658.0,1444
2023-09-04 12:00:00,658.0,661.6,656.0,659.2,1895
2023-09-04 16:00:00,660.2,660.2,656.0,657.6,954
2023-09-05 08:00:00,660.6,673.4,658.6,670.6,5453
2023-09-05 12:00:00,670.6,674.0,662.2,669.2,4359
2023-09-05 16:00:00,668.8,675.2,668.2,675.2,1608
2023-09-06 08:00:00,685.8,848.8,678.0,848.8,130106
2023-09-06 12:00:00,861.0,885.2,763.0,818.0,120143
2023-09-06 16:00:00,816.4,944.0,816.0,944.0,110809
2023-09-07 08:00:00,940.8,949.0,836.6,863.4,43653
2023-09-07 12:00:00,866.6,880.0,805.0,831.0,21892
2023-09-07 16:00:00,830.2,850.0,790.0,818.2,12847
2023-09-08 08:00:00,817.0,844.0,763.4,834.6,15836
2023-09-08 12:00:00,833.2,855.0,801.0,815.0,12039
2023-09-08 16:00:00,815.0,838.0,807.0,808.0,3013
2023-09-11 08:00:00,815.0,880.0,812.2,859.4,20049
2023-09-11 12:00:00,859.0,885.6,843.0,875.4,17748
2023-09-11 16:00:00,875.2,876.4,817.4,823.8,9931
2023-09-12 08:00:00,832.0,864.4,822.0,843.8,8438
2023-09-12 12:00:00,845.4,855.8,830.0,832.8,2555
2023-09-12 16:00:00,832.8,839.0,828.0,839.0,1412
2023-09-13 08:00:00,853.0,893.0,821.2,838.0,15679
2023-09-13 12:00:00,836.8,844.8,806.0,821.8,6242
2023-09-13 16:00:00,820.2,839.6,815.0,829.4,2164
2023-09-14 08:00:00,835.0,839.0,750.0,765.6,10799
2023-09-14 12:00:00,770.2,787.8,681.0,752.0,9562
2023-09-14 16:00:00,752.0,779.0,750.0,750.8,1967
2023-09-15 08:00:00,748.0,797.2,748.0,781.8,4945
2023-09-15 12:00:00,782.8,820.0,764.8,799.6,6980
2023-09-15 16:00:00,800.4,820.0,798.4,809.2,2867
2023-09-18 08:00:00,824.8,824.8,792.4,801.6,3636
2023-09-18 12:00:00,801.6,807.2,770.0,777.0,3731
2023-09-18 16:00:00,777.2,797.2,771.6,794.8,2407
2023-09-19 08:00:00,795.0,795.0,750.0,759.8,4121
2023-09-19 12:00:00,759.4,767.0,745.6,748.8,2992
2023-09-19 16:00:00,747.4,750.0,719.0,741.2,4769
2023-09-20 08:00:00,733.8,737.8,648.0,688.4,14877
2023-09-20 12:00:00,692.6,724.2,684.4,713.2,6341
2023-09-20 16:00:00,713.0,717.0,696.8,697.8,2147
2023-09-21 08:00:00,690.0,703.2,664.8,679.6,4023
2023-09-21 12:00:00,678.0,725.8,672.4,692.0,8709
2023-09-21 16:00:00,690.4,767.4,690.2,718.0,21825
2023-09-22 08:00:00,718.4,740.6,695.0,720.2,5844
2023-09-22 12:00:00,718.6,732.0,712.2,730.6,2666
2023-09-22 16:00:00,730.4,732.4,721.0,724.0,1648
2023-09-25 08:00:00,732.0,753.0,711.0,750.6,4638
2023-09-25 12:00:00,752.0,796.0,750.6,783.8,17581
2023-09-25 16:00:00,783.4,783.4,760.0,774.0,4078
2023-09-26 08:00:00,775.0,797.2,754.0,755.4,4385
2023-09-26 12:00:00,755.6,761.8,735.2,748.4,2359
2023-09-26 16:00:00,749.0,765.0,748.4,764.2,1347
2023-09-27 08:00:00,768.8,782.0,754.2,772.2,4500
2023-09-27 12:00:00,772.6,773.2,764.0,765.6,1487
2023-09-27 16:00:00,765.4,769.0,750.0,755.0,1457
2023-09-28 08:00:00,756.2,769.0,755.2,760.4,1327
2023-09-28 12:00:00,760.4,763.0,738.0,747.2,2287
2023-09-28 16:00:00,749.4,753.0,744.6,751.2,576
2023-09-29 08:00:00,756.0,788.8,755.4,771.0,10182
2023-09-29 12:00:00,772.2,773.0,750.2,754.2,2896
2023-09-29 16:00:00,754.2,757.8,741.0,753.0,2221
2023-10-02 08:00:00,755.0,775.0,755.0,771.6,4552
2023-10-02 12:00:00,771.6,771.6,761.0,765.2,1566
2023-10-02 16:00:00,764.0,764.8,760.0,760.2,702
2023-10-03 08:00:00,761.4,763.0,725.0,756.4,4659
2023-10-03 12:00:00,756.4,758.8,748.0,750.8,1356
2023-10-03 16:00:00,750.2,754.2,747.8,753.8,585
2023-10-04 08:00:00,747.8,758.0,747.8,757.4,952
2023-10-04 12:00:00,757.2,760.0,749.4,754.6,1220
2023-10-04 16:00:00,754.8,755.0,749.2,752.6,480
2023-10-05 08:00:00,752.8,761.0,735.2,745.0,1158
2023-10-05 12:00:00,744.6,747.2,730.0,737.6,852
2023-10-05 16:00:00,737.4,744.6,730.2,738.4,668
2023-10-06 08:00:00,742.0,745.0,727.4,727.6,795
2023-10-06 12:00:00,727.6,729.8,718.2,721.0,1473
2023-10-06 16:00:00,721.2,740.2,721.2,732.2,988
2023-10-09 08:00:00,732.6,760.8,732.6,746.6,3023
2023-10-09 12:00:00,746.6,747.0,740.0,740.0,1602
2023-10-09 16:00:00,740.0,742.0,735.2,738.0,770
2023-10-10 08:00:00,736.4,743.6,735.4,740.6,468
2023-10-10 12:00:00,740.6,745.0,738.0,738.6,527
2023-10-10 16:00:00,741.0,742.6,729.4,741.0,535
2023-10-11 08:00:00,743.0,745.4,732.0,735.2,709
2023-10-11 12:00:00,736.6,739.4,734.4,736.0,580
2023-10-11 16:00:00,736.0,738.0,734.0,737.8,383
2023-10-12 08:00:00,730.4,733.6,711.0,719.6,1790
2023-10-12 12:00:00,719.0,729.8,717.8,727.8,1054
2023-10-12 16:00:00,727.4,732.0,724.4,726.0,565
2023-10-13 08:00:00,729.0,735.8,726.0,734.0,372
2023-10-13 12:00:00,735.6,736.0,727.0,729.4,490
2023-10-13 16:00:00,729.4,732.0,725.4,727.4,420
2023-10-16 08:00:00,727.4,734.4,716.8,725.2,942
2023-10-16 12:00:00,725.8,726.8,720.0,721.6,1459
2023-10-16 16:00:00,722.0,723.0,720.4,721.0,706
2023-10-17 08:00:00,723.0,728.8,720.0,724.2,1327
2023-10-17 12:00:00,724.0,725.2,720.0,722.8,1453
2023-10-17 16:00:00,722.8,724.2,720.6,723.4,504
2023-10-18 08:00:00,723.4,735.8,721.2,726.6,1317
2023-10-18 12:00:00,726.6,731.0,721.4,723.2,840
2023-10-18 16:00:00,722.6,723.8,721.6,722.0,693
2023-10-19 08:00:00,727.8,727.8,722.0,724.2,586
2023-10-19 12:00:00,724.0,737.4,721.6,730.6,1589
2023-10-19 16:00:00,730.2,732.0,727.6,730.2,581
2023-10-20 08:00:00,736.6,736.6,712.6,721.8,1359
2023-10-20 12:00:00,723.2,724.4,720.8,721.0,327
2023-10-20 16:00:00,721.0,722.0,720.2,720.2,281
2023-10-23 08:00:00,720.0,733.0,716.8,719.0,1943
2023-10-23 12:00:00,720.0,723.8,719.0,721.2,579
2023-10-23 16:00:00,721.2,722.0,720.0,721.4,262
2023-10-24 08:00:00,720.2,724.8,719.0,719.6,515
2023-10-24 12:00:00,719.6,721.2,719.0,719.4,591
2023-10-24 16:00:00,720.6,723.0,719.4,721.2,325
2023-10-25 08:00:00,724.6,726.8,718.6,722.4,696
2023-10-25 12:00:00,723.6,724.6,720.0,722.4,535
2023-10-25 16:00:00,722.4,724.0,718.8,721.8,735
2023-10-26 08:00:00,723.0,731.8,721.8,725.4,1290
2023-10-26 12:00:00,726.2,744.4,720.0,722.0,4455
2023-10-26 16:00:00,722.8,728.8,721.0,722.0,542
2023-10-27 08:00:00,720.8,722.0,693.4,710.6,2943
2023-10-27 12:00:00,710.4,713.6,699.6,702.4,2940
2023-10-27 16:00:00,703.2,703.8,701.0,701.2,814
2023-10-30 08:00:00,714.0,714.0,702.0,708.6,1263
2023-10-30 12:00:00,709.0,740.0,707.8,734.0,4725
2023-10-30 16:00:00,735.0,737.2,717.0,719.2,2199
2023-10-31 08:00:00,722.8,723.4,702.0,702.6,1683
2023-10-31 12:00:00,702.6,703.0,681.0,700.0,2714
2023-10-31 16:00:00,700.0,707.6,699.2,702.0,611
2023-11-01 08:00:00,702.0,716.4,699.4,701.8,1113
2023-11-01 12:00:00,702.6,715.6,701.6,713.2,1248
2023-11-01 16:00:00,713.2,713.2,705.0,705.0,399
2023-11-02 08:00:00,712.0,717.4,708.6,713.6,552
2023-11-02 12:00:00,713.8,720.0,712.6,717.0,621
2023-11-02 16:00:00,714.6,714.6,709.0,709.2,629
2023-11-03 08:00:00,713.8,714.0,701.6,704.2,570
2023-11-03 12:00:00,704.4,705.6,701.8,702.4,344
2023-11-03 16:00:00,702.4,705.8,701.6,702.4,191
2023-11-06 08:00:00,702.6,707.4,702.4,705.2,322
2023-11-06 12:00:00,705.2,705.8,700.0,703.6,653
2023-11-06 16:00:00,703.4,704.6,701.8,704.4,191
2023-11-07 08:00:00,703.0,708.8,702.0,708.0,428
2023-11-07 12:00:00,708.2,709.0,705.0,706.0,336
2023-11-07 16:00:00,706.0,709.4,705.8,706.8,228
2023-11-08 08:00:00,706.8,709.8,704.8,705.8,405
2023-11-08 12:00:00,706.6,708.0,704.4,705.8,344
2023-11-08 16:00:00,705.8,707.6,702.0,707.4,662
2023-11-09 08:00:00,707.6,710.0,703.0,704.2,763
2023-11-09 12:00:00,704.2,704.6,700.4,702.4,522
2023-11-09 16:00:00,702.4,703.4,700.8,703.0,252
2023-11-10 08:00:00,704.0,710.0,700.2,700.2,582
2023-11-10 12:00:00,700.8,701.0,692.0,694.4,1129
2023-11-10 16:00:00,695.6,695.8,685.0,688.0,1068
2023-11-13 08:00:00,689.0,707.0,688.0,699.0,1780
2023-11-13 12:00:00,698.6,700.0,689.0,692.8,691
2023-11-13 16:00:00,693.0,696.0,689.0,693.0,537
2023-11-14 08:00:00,692.8,692.8,677.0,683.0,1301
2023-11-14 12:00:00,683.2,685.6,675.0,677.0,1894
2023-11-14 16:00:00,677.6,679.2,676.8,678.0,361
2023-11-15 08:00:00,680.0,680.0,670.0,679.0,1072
2023-11-15 12:00:00,679.0,686.4,676.8,683.8,842
2023-11-15 16:00:00,683.8,693.0,682.8,684.8,640
2023-11-16 08:00:00,685.6,685.6,680.0,680.4,431
2023-11-16 12:00:00,680.4,681.6,678.0,679.6,889
2023-11-16 16:00:00,679.8,682.6,676.4,678.2,661
2023-11-17 08:00:00,680.8,682.0,676.2,676.6,629
2023-11-17 12:00:00,676.8,681.8,672.0,678.0,924
2023-11-17 16:00:00,677.8,679.2,672.2,677.2,849
2023-11-20 08:00:00,677.2,685.0,674.0,680.4,1064
2023-11-20 12:00:00,680.4,680.4,671.0,674.4,1930
2023-11-20 16:00:00,674.4,678.0,673.2,674.0,295
2023-11-21 08:00:00,675.6,676.4,670.2,672.4,572
2023-11-21 12:00:00,674.2,678.8,669.2,673.2,1311
2023-11-21 16:00:00,673.2,673.4,672.0,672.6,287
2023-11-22 08:00:00,674.0,678.2,672.2,672.4,588
2023-11-22 12:00:00,673.6,677.4,673.6,675.0,546
2023-11-22 16:00:00,675.0,677.4,673.0,677.4,667
2023-11-23 08:00:00,677.8,723.0,677.8,697.6,8673
2023-11-23 12:00:00,697.6,709.6,688.6,695.2,3304
2023-11-23 16:00:00,695.6,708.0,687.2,688.8,1271
2023-11-24 08:00:00,692.2,699.2,687.0,688.6,655
2023-11-24 12:00:00,690.0,693.6,688.8,691.6,562
2023-11-24 16:00:00,691.6,695.0,691.2,693.6,533
2023-11-27 08:00:00,695.0,716.8,695.0,711.4,2979
2023-11-27 12:00:00,713.8,723.0,710.8,718.0,7756
2023-11-27 16:00:00,718.0,720.8,698.0,710.8,2927
2023-11-28 08:00:00,713.4,720.0,663.0,683.4,5282
2023-11-28 12:00:00,680.2,692.6,680.2,687.6,1274
2023-11-28 16:00:00,687.6,697.6,686.0,697.6,1600
2023-11-29 08:00:00,697.6,698.0,681.6,685.0,724
2023-11-29 12:00:00,685.8,693.8,672.0,689.0,3364
2023-11-29 16:00:00,689.0,690.0,686.0,686.2,421
2023-11-30 08:00:00,690.0,697.4,685.0,688.0,1109
2023-11-30 12:00:00,688.0,690.4,685.2,687.4,599
2023-11-30 16:00:00,685.8,689.6,680.0,689.6,1033
2023-12-01 08:00:00,689.6,696.4,680.0,685.8,861
2023-12-01 12:00:00,685.8,685.8,681.0,681.0,694
2023-12-01 16:00:00,681.0,682.6,680.0,680.2,444
2023-12-04 08:00:00,680.4,689.6,657.4,662.2,1409
2023-12-04 12:00:00,662.8,666.0,661.6,663.8,781
2023-12-04 16:00:00,663.0,686.0,661.2,677.6,1954
2023-12-05 08:00:00,678.2,689.4,660.8,660.8,865
2023-12-05 12:00:00,662.2,680.0,660.0,674.0,1150
2023-12-05 16:00:00,673.0,677.0,666.2,677.0,477
2023-12-06 08:00:00,673.0,686.8,668.4,678.0,3792
2023-12-06 12:00:00,678.8,687.0,670.0,675.0,560
2023-12-06 16:00:00,675.0,692.0,672.8,682.0,1840
2023-12-07 08:00:00,682.0,689.6,660.2,661.2,711
2023-12-07 12:00:00,663.8,687.6,662.0,680.2,863
2023-12-07 16:00:00,684.0,692.0,678.8,692.0,1570
2023-12-08 08:00:00,692.0,698.4,681.0,683.2,1215
2023-12-08 12:00:00,683.4,693.2,678.0,685.0,890
2023-12-08 16:00:00,684.6,695.0,679.4,693.8,890
2023-12-11 08:00:00,694.8,710.0,687.6,692.8,1883
2023-12-11 12:00:00,692.0,697.6,684.2,690.0,1351
2023-12-11 16:00:00,689.2,695.0,660.0,676.8,1754
2023-12-12 08:00:00,659.0,663.8,650.0,651.6,1940
2023-12-12 12:00:00,651.4,660.0,650.4,655.2,954
2023-12-12 16:00:00,657.8,660.0,652.0,658.0,900
2023-12-13 08:00:00,655.0,661.0,652.0,660.6,307
2023-12-13 12:00:00,660.6,661.2,656.4,660.2,336
2023-12-13 16:00:00,660.0,660.4,654.4,658.0,540
2023-12-14 08:00:00,657.4,665.8,654.4,654.4,359
2023-12-14 12:00:00,655.8,656.8,633.0,647.2,1763
2023-12-14 16:00:00,647.2,648.0,645.0,645.0,515
2023-12-15 08:00:00,645.0,645.0,626.0,636.0,996
2023-12-15 12:00:00,633.2,641.8,632.0,641.0,458
2023-12-15 16:00:00,641.4,674.4,639.6,660.0,866
2023-12-18 08:00:00,660.6,668.4,652.6,658.0,626
2023-12-18 12:00:00,657.8,659.6,654.0,655.8,1783
2023-12-18 16:00:00,655.8,657.8,654.4,655.0,561
2023-12-19 08:00:00,655.2,660.0,626.0,646.6,1562
2023-12-19 12:00:00,646.6,649.6,642.0,643.8,1373
2023-12-19 16:00:00,643.8,644.0,637.0,640.8,1066
2023-12-20 08:00:00,641.0,648.8,640.0,645.6,791
2023-12-20 12:00:00,645.6,649.0,643.8,645.4,528
2023-12-20 16:00:00,645.2,645.2,640.0,641.0,916
2023-12-21 08:00:00,661.8,661.8,640.0,642.0,910
2023-12-21 12:00:00,642.0,644.2,632.4,632.4,1352
2023-12-21 16:00:00,632.8,636.4,632.6,635.6,363
2023-12-22 08:00:00,635.8,649.0,635.8,647.0,1766
2023-12-22 12:00:00,647.0,648.0,642.0,644.2,1074
2023-12-22 16:00:00,643.4,645.0,641.4,641.4,359
2023-12-25 08:00:00,648.0,654.8,640.0,642.0,991
2023-12-25 12:00:00,642.0,645.0,640.4,642.8,1066
2023-12-25 16:00:00,642.8,647.6,642.0,645.0,451
2023-12-26 08:00:00,644.0,645.0,636.6,641.4,875
2023-12-26 12:00:00,640.4,641.4,635.0,639.2,679
2023-12-26 16:00:00,639.0,639.4,635.0,636.2,586
2023-12-27 08:00:00,635.2,640.0,630.8,639.4,1603
2023-12-27 12:00:00,639.4,663.4,638.4,644.2,4393
2023-12-27 16:00:00,644.2,648.0,638.0,640.8,826
2023-12-28 08:00:00,640.0,644.8,631.0,633.4,1127
2023-12-28 12:00:00,633.4,634.0,631.6,633.4,683
2023-12-28 16:00:00,632.8,634.8,630.0,630.0,720
2023-12-29 08:00:00,634.8,639.4,615.0,631.2,2151
2023-12-29 12:00:00,631.4,635.0,628.2,635.0,1616
2023-12-29 16:00:00,634.8,645.0,629.0,630.2,746
2024-01-03 08:00:00,630.2,643.4,630.2,638.8,423
2024-01-03 12:00:00,638.8,639.6,637.2,639.4,381
2024-01-03 16:00:00,639.0,640.0,637.2,639.6,210
2024-01-04 08:00:00,641.0,656.6,640.2,655.4,1419
2024-01-04 12:00:00,655.0,658.4,653.0,654.2,899
2024-01-04 16:00:00,654.6,654.8,650.2,654.4,278
